frame,time_s,delta_ms,cpu_ms,main_ms,present_wait_ms,render_ms,gpu_ms,main_rec_ns,render_rec_ns,wait_rec_ns,gc_bytes
1,4.0143,3964.010,0.000,0.000,0.000,0.000,0.000,0,0,0,0
2,4.1427,175.981,0.000,0.000,0.000,0.000,0.000,0,0,0,41632335
3,4.1445,3.659,0.000,0.000,0.000,0.000,0.000,3647358,0,0,180354
4,4.1459,1.466,0.000,0.000,0.000,0.000,0.000,1448627,0,0,171250
5,4.1473,1.427,175.976,175.963,0.000,0.242,0.000,1419716,0,0,170798
6,4.1499,2.247,3.664,3.645,0.000,0.258,0.000,2239982,0,0,178158
7,4.1762,1.688,1.456,1.447,0.000,0.169,0.000,1681069,0,0,171030
8,4.1798,27.047,1.427,1.419,0.000,0.238,0.000,27036261,0,0,182162
9,4.1822,3.357,2.247,2.239,0.000,0.205,0.000,3347862,0,0,180524
10,4.1842,2.243,1.693,1.680,0.000,2.318,0.000,2234453,0,0,171486
11,4.1863,2.077,27.044,27.034,0.000,0.758,0.000,2069497,0,0,171256
12,4.1887,2.443,3.356,3.347,0.000,0.439,0.000,2434790,0,0,171256
13,4.1929,4.105,2.242,2.233,0.000,0.411,0.000,4097621,0,0,171256
14,4.1971,2.821,2.078,2.068,0.000,0.387,0.000,2812982,0,0,171832
15,4.1992,3.505,2.442,2.433,0.000,0.374,0.000,3496172,0,0,172060
16,4.2013,2.113,4.105,4.096,0.000,0.595,0.000,2104227,0,0,171256
17,4.2032,1.974,2.822,2.812,0.000,0.428,0.000,1965562,0,0,173540
18,4.2048,1.755,3.505,3.495,0.000,0.365,0.000,1747218,0,0,171256
19,4.2065,1.627,2.112,2.103,0.000,0.324,0.000,1620121,0,0,171256
20,4.2084,1.902,1.973,1.964,0.000,0.316,0.000,1895934,0,0,171256
21,4.2104,1.905,1.754,1.746,0.000,0.369,0.000,1898497,0,0,171256
22,4.2124,2.039,1.627,1.619,0.000,0.364,0.000,2031549,0,0,171800
23,4.2158,3.391,1.903,1.895,0.000,0.416,0.000,3383648,0,0,171256
24,4.2175,1.744,1.906,1.897,0.000,0.303,0.000,1736572,0,0,171256
25,4.2191,1.661,2.039,2.030,0.000,0.307,0.000,1653981,0,0,171256
26,4.2207,1.651,3.391,3.383,0.000,0.276,0.000,1644500,0,0,171256
27,4.2225,1.629,1.743,1.735,0.000,0.272,0.000,1622279,0,0,171256
28,4.2251,1.793,1.661,1.653,0.000,0.262,0.000,1786700,0,0,171256
29,4.2269,2.662,1.651,1.644,0.000,0.292,0.000,2654431,0,0,171256
30,4.2287,1.792,1.628,1.621,0.000,0.666,0.000,1785351,0,0,172344
31,4.2304,1.672,1.794,1.786,0.000,0.759,0.000,1665700,0,0,171256
32,4.2332,2.934,2.662,2.653,0.000,0.341,0.000,2926573,0,0,171528
33,4.2350,1.721,1.792,1.784,0.000,0.304,0.000,1714058,0,0,171256
34,4.2383,3.353,1.672,1.665,0.000,0.294,0.000,3346838,0,0,171256
35,4.2405,2.223,2.933,2.925,0.000,0.270,0.000,2216506,0,0,173100
36,4.2424,1.748,1.720,1.713,0.000,0.277,0.000,1741189,0,0,171256
37,4.2442,1.838,3.353,3.346,0.000,0.327,0.000,1831322,0,0,176660
38,4.2468,2.135,2.223,2.215,0.000,0.270,0.000,2127983,0,0,171256
39,4.2499,3.264,1.748,1.740,0.000,0.321,0.000,3253619,0,0,171256
40,4.2517,2.179,1.838,1.830,0.000,0.314,0.000,2169255,0,0,171256
41,4.2532,1.575,2.138,2.127,0.000,0.291,0.000,1568992,0,0,171256
42,4.2557,1.559,3.263,3.252,0.000,0.261,0.000,1553508,0,0,171256
43,4.2574,2.551,2.175,2.168,0.000,0.290,0.000,2544759,0,0,171256
44,4.2590,1.665,1.575,1.568,0.000,0.248,0.000,1658071,0,0,171256
45,4.2609,1.734,1.560,1.552,0.000,0.308,0.000,1727630,0,0,171256
46,4.2629,1.920,2.552,2.544,0.000,0.277,0.000,1911066,0,0,171256
47,4.2647,1.947,1.665,1.657,0.000,0.471,0.000,1937060,0,0,171256
48,4.2677,2.519,1.737,1.726,0.000,0.452,0.000,2511444,0,0,171256
49,4.2699,2.519,1.921,1.910,0.000,0.686,0.000,2508430,0,0,171256
50,4.2725,2.282,1.945,1.936,0.000,0.346,0.000,2275717,0,0,171256
51,4.2743,2.289,2.522,2.510,0.000,0.570,0.000,2279620,0,0,171256
52,4.2761,1.715,2.515,2.507,0.000,0.323,0.000,1707326,0,0,171256
53,4.2779,1.834,2.285,2.275,0.000,0.352,0.000,1826624,0,0,171256
54,4.2797,1.831,2.286,2.278,0.000,0.335,0.000,1823998,0,0,171256
55,4.2815,1.708,1.714,1.706,0.000,0.353,0.000,1699955,0,0,171256
56,4.2860,3.710,1.834,1.826,0.000,0.358,0.000,3702835,0,0,171256
57,4.2878,2.666,1.832,1.823,0.000,0.285,0.000,2659072,0,0,171256
58,4.2895,1.717,1.707,1.699,0.000,0.298,0.000,1710046,0,0,171256
59,4.2911,1.679,3.710,3.702,0.000,0.283,0.000,1672350,0,0,171256
60,4.2937,1.973,2.666,2.658,0.000,0.310,0.000,1966227,0,0,171256
61,4.2958,2.602,1.717,1.709,0.000,0.350,0.000,2592281,0,0,171256
62,4.2974,1.753,1.679,1.671,0.000,0.375,0.000,1746016,0,0,173464
63,4.2994,1.936,1.976,1.965,0.000,0.330,0.000,1928861,0,0,171256
64,4.3011,1.653,2.599,2.591,0.000,0.334,0.000,1646081,0,0,171256
65,4.3035,2.011,1.753,1.745,0.000,0.285,0.000,2004664,0,0,171256
66,4.3060,2.479,1.936,1.928,0.000,0.310,0.000,2469492,0,0,171256
67,4.3085,2.461,1.653,1.645,0.000,0.262,0.000,2452111,0,0,171256
68,4.3116,2.880,2.015,2.004,0.000,0.299,0.000,2869482,0,0,171256
69,4.3142,2.847,2.479,2.468,0.000,0.280,0.000,2832851,0,0,171256
70,4.3169,2.282,2.464,2.451,0.000,0.385,0.000,2271372,0,0,171256
71,4.3186,2.557,2.883,2.867,0.000,0.319,0.000,2549379,0,0,171256
72,4.3202,1.604,2.843,2.831,0.000,0.355,0.000,1596805,0,0,171256
73,4.3220,1.653,2.279,2.270,0.000,0.317,0.000,1645765,0,0,171256
74,4.3236,1.775,2.556,2.548,0.000,0.308,0.000,1768257,0,0,171256
75,4.3252,1.605,1.604,1.596,0.000,0.310,0.000,1596686,0,0,171256
76,4.3280,2.719,1.652,1.645,0.000,0.666,0.000,2705249,0,0,171256
77,4.3299,1.994,1.776,1.767,0.000,0.313,0.000,1987229,0,0,171256
78,4.3330,3.033,1.610,1.595,0.000,0.273,0.000,3026211,0,0,171256
79,4.3346,1.715,2.712,2.704,0.000,0.278,0.000,1708404,0,0,171256
80,4.3362,1.555,1.994,1.986,0.000,0.285,0.000,1548893,0,0,171256
81,4.3378,1.628,3.033,3.025,0.000,0.324,0.000,1621504,0,0,171256
82,4.3402,1.947,1.714,1.707,0.000,0.265,0.000,1940602,0,0,171256
83,4.3429,2.495,1.555,1.548,0.000,0.376,0.000,2486441,0,0,171256
84,4.3456,2.401,1.628,1.620,0.000,0.266,0.000,2392141,0,0,171256
85,4.3474,2.644,1.950,1.939,0.000,0.291,0.000,2635645,0,0,171256
86,4.3496,1.809,2.497,2.485,0.000,0.360,0.000,1802274,0,0,171256
87,4.3520,2.453,2.399,2.389,0.000,0.314,0.000,2442794,0,0,175260
88,4.3537,2.134,2.643,2.634,0.000,0.277,0.000,2124757,0,0,171256
89,4.3559,1.682,1.813,1.801,0.000,0.262,0.000,1674900,0,0,183140
90,4.3580,2.420,2.453,2.441,0.000,0.345,0.000,2410688,0,0,171256
91,4.3599,1.959,2.130,2.122,0.000,0.288,0.000,1948248,0,0,171256
92,4.3616,1.801,1.684,1.674,0.000,0.274,0.000,1791781,0,0,171352
93,4.3632,1.660,2.421,2.409,0.000,0.388,0.000,1653611,0,0,171256
94,4.3647,1.515,1.958,1.947,0.000,0.309,0.000,1508684,0,0,171256
95,4.3664,1.711,1.798,1.790,0.000,0.267,0.000,1704488,0,0,171256
96,4.3684,1.957,1.660,1.653,0.000,0.314,0.000,1951534,0,0,171256
97,4.3707,2.303,1.515,1.508,0.000,0.360,0.000,2294675,0,0,171256
98,4.3733,1.682,1.711,1.704,0.000,0.315,0.000,1674977,0,0,171256
99,4.3750,2.561,1.960,1.950,0.000,0.671,0.000,2554743,0,0,171256
100,4.3767,1.714,2.301,2.293,0.000,0.601,0.000,1707342,0,0,171256
101,4.3783,1.626,1.681,1.674,0.000,0.636,0.000,1618367,0,0,171258
102,4.3799,1.604,2.562,2.554,0.000,0.608,0.000,1597555,0,0,171258
103,4.3816,1.592,1.715,1.706,0.000,0.448,0.000,1585581,0,0,171258
104,4.3833,1.746,1.625,1.617,0.000,0.267,0.000,1738869,0,0,171258
105,4.3849,1.660,1.604,1.597,0.000,0.324,0.000,1652731,0,0,171258
106,4.3866,1.659,1.592,1.582,0.000,0.716,0.000,1652306,0,0,171258
107,4.3882,1.654,1.746,1.738,0.000,0.643,0.000,1647122,0,0,171258
108,4.3899,1.697,1.660,1.652,0.000,0.624,0.000,1689970,0,0,171258
109,4.3916,1.652,1.659,1.651,0.000,0.707,0.000,1645565,0,0,171258
110,4.3933,1.684,1.654,1.646,0.000,0.631,0.000,1676126,0,0,171258
111,4.3950,1.687,1.697,1.689,0.000,0.637,0.000,1679457,0,0,171818
112,4.3966,1.672,1.654,1.644,0.000,0.485,0.000,1664816,0,0,171314
113,4.3994,2.647,1.683,1.675,0.000,0.321,0.000,2639895,0,0,171258
114,4.4012,1.775,1.687,1.678,0.000,0.340,0.000,1767658,0,0,171258
115,4.4028,1.782,1.672,1.664,0.000,0.326,0.000,1774499,0,0,171258
116,4.4045,1.663,2.647,2.639,0.000,0.644,0.000,1656307,0,0,171258
117,4.4061,1.644,1.775,1.767,0.000,0.632,0.000,1636828,0,0,171258
118,4.4077,1.600,1.782,1.773,0.000,0.636,0.000,1592911,0,0,171258
119,4.4093,1.593,1.664,1.655,0.000,0.608,0.000,1586377,0,0,171258
120,4.4109,1.593,1.644,1.636,0.000,0.330,0.000,1586182,0,0,171258
121,4.4126,1.691,1.600,1.592,0.000,0.247,0.000,1684159,0,0,190229
122,4.4142,1.628,1.593,1.585,0.000,0.630,0.000,1621190,0,0,171354
123,4.4163,2.140,1.593,1.585,0.000,0.610,0.000,2133045,0,0,171258
124,4.4179,1.538,1.691,1.683,0.000,0.304,0.000,1532120,0,0,171258
125,4.4194,1.550,1.628,1.620,0.000,0.256,0.000,1543002,0,0,175418
126,4.4211,1.553,2.139,2.132,0.000,0.619,0.000,1545643,0,0,171258
127,4.4238,2.736,1.539,1.531,0.000,0.335,0.000,2730018,0,0,171258
128,4.4255,1.751,1.550,1.542,0.000,0.331,0.000,1743630,0,0,171258
129,4.4272,1.647,1.552,1.545,0.000,0.666,0.000,1640316,0,0,171258
130,4.4287,1.605,2.738,2.729,0.000,0.647,0.000,1598379,0,0,171258
131,4.4303,1.563,1.750,1.742,0.000,0.627,0.000,1556377,0,0,171258
132,4.4318,1.528,1.647,1.639,0.000,0.298,0.000,1521282,0,0,171258
133,4.4333,1.525,1.605,1.597,0.000,0.250,0.000,1516353,0,0,171258
134,4.4350,1.607,1.563,1.555,0.000,0.227,0.000,1600098,0,0,171258
135,4.4365,1.597,1.530,1.520,0.000,0.258,0.000,1590262,0,0,171258
136,4.4381,1.541,1.523,1.515,0.000,0.696,0.000,1534946,0,0,171258
137,4.4397,1.542,1.607,1.599,0.000,0.611,0.000,1535614,0,0,171258
138,4.4416,1.615,1.599,1.589,0.000,0.498,0.000,1608424,0,0,171258
139,4.4432,1.978,1.539,1.532,0.000,0.346,0.000,1971294,0,0,171258
140,4.4447,1.535,1.542,1.535,0.000,0.489,0.000,1528486,0,0,171258
141,4.4472,1.515,1.615,1.607,0.000,0.265,0.000,1508090,0,0,171258
142,4.4491,2.716,1.978,1.970,0.000,0.584,0.000,2709563,0,0,171258
143,4.4508,1.766,1.535,1.527,0.000,0.327,0.000,1757612,0,0,171258
144,4.4526,1.748,1.514,1.507,0.000,0.691,0.000,1741070,0,0,171258
145,4.4542,1.683,2.718,2.708,0.000,0.531,0.000,1675384,0,0,171258
146,4.4559,1.662,1.765,1.757,0.000,0.643,0.000,1655497,0,0,171258
147,4.4575,1.649,1.748,1.740,0.000,0.622,0.000,1642010,0,0,171258
148,4.4592,1.640,1.682,1.674,0.000,0.604,0.000,1632952,0,0,171258
149,4.4616,1.790,1.662,1.654,0.000,0.342,0.000,1782895,0,0,171258
150,4.4641,2.681,1.649,1.641,0.000,0.651,0.000,2671260,0,0,171258
151,4.4667,2.533,1.640,1.632,0.000,0.626,0.000,2522362,0,0,171258
152,4.4683,2.133,1.793,1.782,0.000,0.341,0.000,2123154,0,0,171354
153,4.4699,1.624,2.682,2.670,0.000,0.328,0.000,1617140,0,0,171258
154,4.4715,1.583,2.532,2.521,0.000,0.595,0.000,1576159,0,0,171258
155,4.4738,1.509,2.130,2.122,0.000,0.609,0.000,1502997,0,0,171258
156,4.4755,2.469,1.624,1.616,0.000,0.571,0.000,2463401,0,0,171258
157,4.4771,1.616,1.582,1.575,0.000,0.595,0.000,1608766,0,0,171258
158,4.4788,1.695,1.509,1.502,0.000,0.360,0.000,1688765,0,0,171258
159,4.4805,1.665,2.470,2.462,0.000,0.331,0.000,1658483,0,0,171258
160,4.4823,1.682,1.615,1.608,0.000,0.346,0.000,1674855,0,0,171258
161,4.4839,1.729,1.696,1.688,0.000,0.360,0.000,1721895,0,0,171258
162,4.4863,1.949,1.665,1.657,0.000,0.318,0.000,1942568,0,0,171258
163,4.4884,2.579,1.682,1.674,0.000,0.300,0.000,2568589,0,0,171258
164,4.4908,1.934,1.729,1.721,0.000,0.504,0.000,1924301,0,0,171258
165,4.4929,2.407,1.953,1.941,0.000,0.476,0.000,2398037,0,0,171258
166,4.4945,1.800,2.578,2.567,0.000,0.447,0.000,1791104,0,0,171258
167,4.4961,1.599,1.933,1.923,0.000,0.443,0.000,1591662,0,0,171258
168,4.4977,1.576,2.407,2.397,0.000,0.311,0.000,1568342,0,0,171258
169,4.5002,1.536,1.798,1.790,0.000,0.482,0.000,1529255,0,0,171258
170,4.5019,2.549,1.599,1.590,0.000,0.266,0.000,2542821,0,0,171258
171,4.5036,1.795,1.577,1.567,0.000,0.644,0.000,1787991,0,0,171258
172,4.5052,1.586,1.533,1.526,0.000,0.510,0.000,1578369,0,0,171258
173,4.5068,1.642,2.550,2.542,0.000,0.342,0.000,1635155,0,0,171258
174,4.5085,1.637,1.795,1.787,0.000,0.320,0.000,1630121,0,0,171258
175,4.5107,1.972,1.585,1.577,0.000,0.652,0.000,1965486,0,0,171258
176,4.5123,1.942,1.642,1.634,0.000,0.625,0.000,1931205,0,0,171258
177,4.5139,1.578,1.636,1.629,0.000,0.616,0.000,1571747,0,0,171258
178,4.5155,1.589,1.976,1.964,0.000,0.591,0.000,1582271,0,0,171258
179,4.5171,1.541,1.937,1.930,0.000,0.352,0.000,1534762,0,0,171258
180,4.5187,1.628,1.579,1.571,0.000,0.270,0.000,1622126,0,0,171818
181,4.5202,1.544,1.589,1.581,0.000,0.269,0.000,1537341,0,0,171314
182,4.5220,1.561,1.541,1.534,0.000,0.486,0.000,1555123,0,0,171354
183,4.5246,1.821,1.629,1.621,0.000,0.436,0.000,1815046,0,0,171258
184,4.5265,2.738,1.543,1.536,0.000,0.261,0.000,2728457,0,0,171258
185,4.5287,1.804,1.561,1.554,0.000,0.447,0.000,1794573,0,0,171258
186,4.5313,2.630,1.825,1.814,0.000,0.464,0.000,2621912,0,0,171258
187,4.5334,2.596,2.738,2.727,0.000,0.413,0.000,2585641,0,0,171258
188,4.5351,1.675,1.803,1.793,0.000,0.314,0.000,1668092,0,0,171258
189,4.5368,1.672,2.632,2.621,0.000,0.331,0.000,1664346,0,0,171258
190,4.5385,1.744,2.593,2.584,0.000,0.326,0.000,1736762,0,0,171258
191,4.5403,1.748,1.676,1.667,0.000,0.322,0.000,1740672,0,0,171258
192,4.5422,1.766,1.671,1.663,0.000,0.376,0.000,1758803,0,0,171258
193,4.5441,1.954,1.744,1.736,0.000,0.392,0.000,1946688,0,0,179942
194,4.5459,1.842,1.748,1.740,0.000,0.643,0.000,1834232,0,0,171258
195,4.5476,1.724,1.766,1.758,0.000,0.349,0.000,1716709,0,0,171258
196,4.5492,1.656,1.954,1.945,0.000,0.680,0.000,1649236,0,0,171258
197,4.5518,1.665,1.842,1.833,0.000,0.616,0.000,1658689,0,0,197182
198,4.5535,2.651,1.723,1.716,0.000,0.669,0.000,2644535,0,0,171258
199,4.5552,1.661,1.656,1.648,0.000,0.669,0.000,1653811,0,0,171258
200,4.5569,1.691,1.665,1.658,0.000,0.661,0.000,1684699,0,0,171258
201,4.5586,1.709,2.651,2.643,0.000,0.647,0.000,1702107,0,0,171258
202,4.5602,1.668,1.661,1.653,0.000,0.638,0.000,1661194,0,0,171258
203,4.5620,1.631,1.691,1.684,0.000,0.638,0.000,1623727,0,0,171258
204,4.5636,1.720,1.709,1.701,0.000,0.477,0.000,1713186,0,0,171258
205,4.5652,1.606,1.668,1.660,0.000,0.277,0.000,1598480,0,0,171258
206,4.5676,1.824,1.630,1.623,0.000,0.327,0.000,1817550,0,0,171258
207,4.5695,2.351,1.720,1.712,0.000,0.315,0.000,2340535,0,0,171258
208,4.5712,1.789,1.605,1.597,0.000,0.330,0.000,1781854,0,0,171258
209,4.5728,1.661,1.830,1.816,0.000,0.331,0.000,1654406,0,0,171258
210,4.5745,1.708,2.346,2.337,0.000,0.267,0.000,1700664,0,0,171258
211,4.5762,1.642,1.789,1.781,0.000,0.260,0.000,1634782,0,0,171258
212,4.5789,1.723,1.661,1.653,0.000,0.263,0.000,1715696,0,0,171354
213,4.5806,2.704,1.708,1.700,0.000,0.259,0.000,2696004,0,0,171258
214,4.5824,1.700,1.642,1.634,0.000,0.327,0.000,1691254,0,0,171258
215,4.5842,1.797,1.723,1.715,0.000,0.285,0.000,1788434,0,0,171258
216,4.5858,1.774,2.705,2.695,0.000,0.275,0.000,1766418,0,0,171258
217,4.5874,1.590,1.700,1.690,0.000,0.281,0.000,1583351,0,0,171258
218,4.5890,1.593,1.796,1.787,0.000,0.252,0.000,1586981,0,0,171258
219,4.5905,1.555,1.773,1.765,0.000,0.248,0.000,1547967,0,0,171258
220,4.5921,1.536,1.590,1.582,0.000,0.236,0.000,1529504,0,0,171258
221,4.5937,1.584,1.593,1.586,0.000,0.230,0.000,1577587,0,0,171258
222,4.5959,1.906,1.554,1.547,0.000,0.232,0.000,1899733,0,0,171258
223,4.5975,1.874,1.536,1.528,0.000,0.260,0.000,1862502,0,0,171258
224,4.5991,1.607,1.584,1.577,0.000,0.697,0.000,1599951,0,0,171258
225,4.6007,1.603,1.911,1.899,0.000,0.332,0.000,1596145,0,0,171258
226,4.6033,1.618,1.869,1.861,0.000,0.275,0.000,1611301,0,0,171258
227,4.6050,2.659,1.606,1.599,0.000,0.256,0.000,2653330,0,0,171258
228,4.6066,1.601,1.603,1.595,0.000,0.265,0.000,1593512,0,0,171258
229,4.6081,1.546,1.617,1.610,0.000,0.677,0.000,1540148,0,0,171258
230,4.6096,1.534,2.661,2.652,0.000,0.344,0.000,1527666,0,0,171258
231,4.6112,1.529,1.600,1.592,0.000,0.308,0.000,1522621,0,0,171258
232,4.6127,1.566,1.546,1.539,0.000,0.610,0.000,1559709,0,0,171258
233,4.6143,1.567,1.534,1.527,0.000,0.601,0.000,1560872,0,0,171258
234,4.6159,1.576,1.529,1.522,0.000,0.640,0.000,1569742,0,0,171258
235,4.6174,1.548,1.566,1.559,0.000,0.399,0.000,1541625,0,0,171258
236,4.6190,1.585,1.567,1.560,0.000,0.277,0.000,1578149,0,0,171258
237,4.6206,1.581,1.576,1.569,0.000,0.404,0.000,1574412,0,0,171258
238,4.6223,1.602,1.548,1.541,0.000,0.349,0.000,1595857,0,0,171258
239,4.6240,1.708,1.585,1.577,0.000,0.269,0.000,1700494,0,0,171258
240,4.6266,1.691,1.581,1.573,0.000,0.333,0.000,1684644,0,0,171258
241,4.6285,2.794,1.603,1.595,0.000,0.275,0.000,2787429,0,0,189869
242,4.6301,1.734,1.707,1.699,0.000,0.322,0.000,1726231,0,0,171354
243,4.6317,1.618,1.691,1.683,0.000,0.413,0.000,1611724,0,0,171258
244,4.6333,1.588,2.795,2.786,0.000,0.274,0.000,1581008,0,0,171258
245,4.6349,1.593,1.732,1.725,0.000,0.267,0.000,1586299,0,0,171258
246,4.6366,1.613,1.619,1.611,0.000,0.316,0.000,1606639,0,0,171258
247,4.6382,1.622,1.587,1.580,0.000,0.269,0.000,1615175,0,0,171258
248,4.6398,1.626,1.593,1.585,0.000,0.266,0.000,1619362,0,0,171258
249,4.6415,1.610,1.613,1.606,0.000,0.264,0.000,1602858,0,0,171258
250,4.6431,1.709,1.622,1.614,0.000,0.257,0.000,1701896,0,0,171258
251,4.6448,1.683,1.626,1.618,0.000,0.246,0.000,1675838,0,0,171258
252,4.6465,1.675,1.610,1.602,0.000,0.356,0.000,1667909,0,0,179514
253,4.6482,1.693,1.709,1.701,0.000,0.304,0.000,1685649,0,0,171258
254,4.6498,1.654,1.683,1.675,0.000,0.359,0.000,1646921,0,0,171258
255,4.6525,2.592,1.675,1.667,0.000,0.306,0.000,2585585,0,0,171258
256,4.6541,1.684,1.693,1.685,0.000,0.302,0.000,1676012,0,0,171478
257,4.6557,1.608,1.653,1.646,0.000,0.287,0.000,1601326,0,0,171258
258,4.6575,1.695,2.593,2.584,0.000,0.693,0.000,1689094,0,0,171258
259,4.6591,1.698,1.683,1.675,0.000,0.631,0.000,1691232,0,0,171686
260,4.6607,1.601,1.608,1.600,0.000,0.374,0.000,1594260,0,0,171258
261,4.6625,1.673,1.696,1.688,0.000,0.279,0.000,1666391,0,0,171258
262,4.6642,1.807,1.698,1.690,0.000,0.326,0.000,1799511,0,0,171258
263,4.6659,1.687,1.601,1.593,0.000,0.308,0.000,1679113,0,0,172206
264,4.6676,1.690,1.673,1.665,0.000,0.297,0.000,1683208,0,0,171258
265,4.6693,1.672,1.807,1.798,0.000,0.261,0.000,1664224,0,0,171258
266,4.6709,1.684,1.686,1.678,0.000,0.300,0.000,1677478,0,0,171258
267,4.6726,1.688,1.691,1.682,0.000,0.305,0.000,1681195,0,0,171258
268,4.6743,1.654,1.671,1.663,0.000,0.296,0.000,1647286,0,0,171258
269,4.6772,1.652,1.685,1.676,0.000,0.289,0.000,1645617,0,0,171258
270,4.6791,3.049,1.688,1.680,0.000,0.276,0.000,3041445,0,0,171258
271,4.6808,1.778,1.654,1.646,0.000,0.641,0.000,1770066,0,0,171258
272,4.6826,1.725,1.653,1.644,0.000,0.291,0.000,1717376,0,0,171354
273,4.6843,1.766,3.049,3.040,0.000,0.275,0.000,1758881,0,0,173246
274,4.6859,1.675,1.777,1.769,0.000,0.683,0.000,1668299,0,0,171258
275,4.6876,1.647,1.725,1.716,0.000,0.416,0.000,1640003,0,0,171258
276,4.6892,1.630,1.766,1.758,0.000,0.639,0.000,1623514,0,0,171258
277,4.6909,1.662,1.675,1.667,0.000,0.347,0.000,1654664,0,0,171258
278,4.6925,1.622,1.646,1.639,0.000,0.340,0.000,1615665,0,0,171258
279,4.6942,1.669,1.631,1.622,0.000,0.282,0.000,1661882,0,0,171258
280,4.6958,1.662,1.661,1.653,0.000,0.678,0.000,1654602,0,0,171258
281,4.6975,1.637,1.623,1.615,0.000,0.366,0.000,1630179,0,0,171258
282,4.6991,1.677,1.669,1.661,0.000,0.305,0.000,1669824,0,0,171258
283,4.7038,1.624,1.662,1.653,0.000,0.280,0.000,1617259,0,0,171258
284,4.7061,5.011,1.637,1.629,0.000,0.297,0.000,5004115,0,0,171258
285,4.7087,2.828,1.677,1.669,0.000,0.380,0.000,2819365,0,0,171258
286,4.7104,1.800,1.624,1.616,0.000,0.364,0.000,1790278,0,0,171306
287,4.7120,1.655,5.013,5.003,0.000,0.300,0.000,1647932,0,0,171258
288,4.7135,1.561,2.828,2.818,0.000,0.333,0.000,1554348,0,0,171258
289,4.7151,1.514,1.797,1.788,0.000,0.286,0.000,1507827,0,0,171258
290,4.7167,1.588,1.655,1.647,0.000,0.262,0.000,1581688,0,0,171258
291,4.7182,1.543,1.561,1.553,0.000,0.243,0.000,1535937,0,0,171258
292,4.7198,1.565,1.514,1.507,0.000,0.666,0.000,1558670,0,0,171258
293,4.7215,1.568,1.589,1.581,0.000,0.343,0.000,1560327,0,0,175950
294,4.7230,1.677,1.543,1.535,0.000,0.284,0.000,1670313,0,0,171258
295,4.7249,1.841,1.566,1.557,0.000,0.287,0.000,1834278,0,0,171258
296,4.7265,1.612,1.567,1.559,0.000,0.561,0.000,1605365,0,0,171258
297,4.7281,1.599,1.677,1.669,0.000,0.653,0.000,1592912,0,0,171258
298,4.7307,1.649,1.841,1.833,0.000,0.322,0.000,1643156,0,0,171258
299,4.7324,2.608,1.611,1.604,0.000,0.343,0.000,2598115,0,0,171258
300,4.7340,1.610,1.599,1.592,0.000,0.283,0.000,1603453,0,0,171258
301,4.7356,1.600,1.653,1.642,0.000,0.621,0.000,1594131,0,0,171258
302,4.7373,1.711,2.605,2.597,0.000,0.345,0.000,1703499,0,0,171354
303,4.7389,1.654,1.610,1.602,0.000,0.395,0.000,1646541,0,0,171258
304,4.7405,1.625,1.601,1.593,0.000,0.590,0.000,1618084,0,0,171258
305,4.7422,1.556,1.710,1.702,0.000,0.315,0.000,1548949,0,0,171258
306,4.7438,1.729,1.653,1.645,0.000,0.378,0.000,1723275,0,0,171258
307,4.7454,1.598,1.625,1.617,0.000,0.617,0.000,1590851,0,0,171258
308,4.7470,1.587,1.555,1.548,0.000,0.348,0.000,1580448,0,0,171258
309,4.7486,1.572,1.731,1.722,0.000,0.291,0.000,1565500,0,0,171258
310,4.7502,1.596,1.597,1.590,0.000,0.300,0.000,1589252,0,0,171258
311,4.7518,1.650,1.587,1.579,0.000,0.307,0.000,1643475,0,0,171258
312,4.7545,2.584,1.572,1.564,0.000,0.606,0.000,2577673,0,0,171258
313,4.7561,1.672,1.596,1.588,0.000,0.341,0.000,1665789,0,0,171258
314,4.7577,1.635,1.650,1.642,0.000,0.342,0.000,1627315,0,0,171258
315,4.7593,1.605,2.585,2.576,0.000,0.512,0.000,1597777,0,0,171258
316,4.7610,1.598,1.673,1.665,0.000,0.271,0.000,1591481,0,0,171258
317,4.7627,1.731,1.634,1.626,0.000,0.352,0.000,1724262,0,0,171258
318,4.7642,1.597,1.604,1.597,0.000,0.329,0.000,1590289,0,0,171258
319,4.7658,1.529,1.598,1.590,0.000,0.279,0.000,1522865,0,0,171258
320,4.7673,1.528,1.731,1.723,0.000,0.276,0.000,1521006,0,0,171258
321,4.7688,1.522,1.597,1.589,0.000,0.308,0.000,1515707,0,0,171258
322,4.7703,1.538,1.530,1.522,0.000,0.270,0.000,1531346,0,0,171258
323,4.7719,1.519,1.527,1.520,0.000,0.282,0.000,1512781,0,0,171258
324,4.7734,1.569,1.522,1.514,0.000,0.261,0.000,1562729,0,0,171258
325,4.7763,1.563,1.538,1.530,0.000,0.242,0.000,1556536,0,0,171258
326,4.7780,2.905,1.519,1.512,0.000,0.291,0.000,2898664,0,0,171258
327,4.7796,1.668,1.569,1.562,0.000,0.652,0.000,1661079,0,0,171258
328,4.7813,1.616,1.563,1.556,0.000,0.636,0.000,1610244,0,0,171258
329,4.7830,1.727,2.905,2.898,0.000,0.588,0.000,1720944,0,0,171258
330,4.7845,1.607,1.667,1.660,0.000,0.465,0.000,1599893,0,0,171258
331,4.7861,1.555,1.617,1.609,0.000,0.278,0.000,1547964,0,0,171258
332,4.7877,1.594,1.728,1.720,0.000,0.308,0.000,1587435,0,0,171354
333,4.7893,1.560,1.606,1.599,0.000,0.614,0.000,1553883,0,0,171258
334,4.7910,1.633,1.554,1.547,0.000,0.543,0.000,1626889,0,0,171258
335,4.7927,1.753,1.594,1.586,0.000,0.654,0.000,1746393,0,0,171258
336,4.7943,1.677,1.560,1.553,0.000,0.659,0.000,1670650,0,0,171258
337,4.7960,1.607,1.633,1.626,0.000,0.582,0.000,1600449,0,0,171258
338,4.7976,1.647,1.753,1.745,0.000,0.368,0.000,1640614,0,0,171258
339,4.8003,2.591,1.677,1.669,0.000,0.280,0.000,2583934,0,0,171258
340,4.8021,1.782,1.607,1.599,0.000,0.261,0.000,1774850,0,0,171258
341,4.8038,1.788,1.647,1.640,0.000,0.303,0.000,1780473,0,0,171258
342,4.8060,1.663,2.591,2.583,0.000,0.342,0.000,1656340,0,0,171258
343,4.8081,2.578,1.782,1.774,0.000,0.650,0.000,2571547,0,0,171258
344,4.8101,1.922,1.787,1.779,0.000,0.541,0.000,1914871,0,0,171258
345,4.8120,1.956,1.663,1.655,0.000,0.335,0.000,1947774,0,0,181566
346,4.8138,1.867,2.579,2.570,0.000,0.715,0.000,1858773,0,0,171258
347,4.8157,1.865,1.922,1.914,0.000,0.363,0.000,1857442,0,0,171258
348,4.8174,1.741,1.956,1.947,0.000,0.333,0.000,1733703,0,0,171258
349,4.8190,1.654,1.866,1.858,0.000,0.292,0.000,1646734,0,0,171258
350,4.8207,1.648,1.865,1.856,0.000,0.305,0.000,1641692,0,0,171258
351,4.8225,1.682,1.741,1.733,0.000,0.269,0.000,1674493,0,0,171258
352,4.8254,1.984,1.654,1.646,0.000,0.255,0.000,1977214,0,0,171818
353,4.8272,2.816,1.649,1.641,0.000,0.686,0.000,2807891,0,0,171314
354,4.8289,1.744,1.682,1.673,0.000,0.441,0.000,1736144,0,0,171258
355,4.8305,1.665,1.985,1.976,0.000,0.675,0.000,1658204,0,0,171258
356,4.8323,1.678,2.815,2.806,0.000,0.346,0.000,1670318,0,0,171258
357,4.8340,1.740,1.743,1.735,0.000,0.502,0.000,1726716,0,0,171258
358,4.8357,1.717,1.665,1.657,0.000,0.724,0.000,1710047,0,0,171258
359,4.8373,1.651,1.684,1.669,0.000,0.352,0.000,1644503,0,0,171258
360,4.8389,1.604,1.734,1.726,0.000,0.279,0.000,1597590,0,0,171258
361,4.8406,1.656,1.717,1.709,0.000,0.361,0.000,1649775,0,0,190413
362,4.8423,1.662,1.651,1.643,0.000,0.306,0.000,1654993,0,0,171354
363,4.8439,1.711,1.604,1.596,0.000,0.311,0.000,1704579,0,0,171258
364,4.8455,1.577,1.657,1.649,0.000,0.335,0.000,1569568,0,0,171258
365,4.8471,1.591,1.662,1.654,0.000,0.610,0.000,1584709,0,0,171258
366,4.8498,2.585,1.712,1.703,0.000,0.268,0.000,2578420,0,0,171258
367,4.8514,1.706,1.576,1.569,0.000,0.261,0.000,1698821,0,0,171258
368,4.8529,1.584,1.592,1.584,0.000,0.273,0.000,1577544,0,0,171258
369,4.8545,1.532,2.585,2.577,0.000,0.486,0.000,1526075,0,0,171258
370,4.8563,1.725,1.705,1.698,0.000,0.650,0.000,1717616,0,0,171258
371,4.8582,1.824,1.584,1.576,0.000,0.576,0.000,1818025,0,0,171258
372,4.8600,1.849,1.534,1.525,0.000,0.465,0.000,1840642,0,0,171258
373,4.8619,1.789,1.724,1.716,0.000,0.667,0.000,1781906,0,0,171258
374,4.8635,1.818,1.826,1.817,0.000,0.662,0.000,1811450,0,0,171258
375,4.8651,1.592,1.848,1.839,0.000,0.394,0.000,1584726,0,0,171258
376,4.8667,1.587,1.789,1.781,0.000,0.290,0.000,1580366,0,0,171258
377,4.8686,1.769,1.818,1.810,0.000,0.265,0.000,1762659,0,0,171258
378,4.8704,1.871,1.591,1.584,0.000,0.286,0.000,1862655,0,0,171258
379,4.8732,1.764,1.587,1.579,0.000,0.697,0.000,1757348,0,0,171258
380,4.8750,2.817,1.771,1.761,0.000,0.383,0.000,2810673,0,0,171258
381,4.8767,1.710,1.869,1.861,0.000,0.290,0.000,1702120,0,0,171258
382,4.8785,1.779,1.764,1.756,0.000,0.341,0.000,1772191,0,0,171258
383,4.8803,1.837,2.818,2.809,0.000,0.328,0.000,1829949,0,0,171258
384,4.8822,1.743,1.709,1.701,0.000,0.403,0.000,1735798,0,0,171258
385,4.8840,1.875,1.780,1.771,0.000,0.367,0.000,1868266,0,0,171258
386,4.8859,1.878,1.837,1.829,0.000,0.333,0.000,1870560,0,0,171258
387,4.8878,1.961,1.743,1.735,0.000,0.309,0.000,1952683,0,0,171258
388,4.8897,1.891,1.876,1.867,0.000,0.307,0.000,1882993,0,0,171258
389,4.8915,1.807,1.878,1.869,0.000,0.737,0.000,1799765,0,0,171258
390,4.8932,1.709,1.961,1.951,0.000,0.706,0.000,1702356,0,0,171258
391,4.8949,1.694,1.890,1.882,0.000,0.635,0.000,1686965,0,0,171258
392,4.8966,1.719,1.806,1.798,0.000,0.631,0.000,1711789,0,0,171354
393,4.8993,1.675,1.709,1.701,0.000,0.600,0.000,1667568,0,0,171258
394,4.9013,2.911,1.694,1.686,0.000,0.675,0.000,2897924,0,0,171258
395,4.9031,1.894,1.719,1.711,0.000,0.369,0.000,1885822,0,0,171258
396,4.9050,1.786,1.681,1.667,0.000,0.372,0.000,1777945,0,0,171258
397,4.9071,2.102,2.906,2.897,0.000,0.345,0.000,2093398,0,0,171258
398,4.9091,2.066,1.894,1.884,0.000,0.472,0.000,2056947,0,0,171258
399,4.9111,2.010,1.787,1.777,0.000,0.363,0.000,2001044,0,0,171258
400,4.9137,2.648,2.103,2.092,0.000,0.374,0.000,2639639,0,0,171258
401,4.9156,1.855,2.065,2.055,0.000,0.632,0.000,1848164,0,0,171258
402,4.9173,1.822,2.009,2.000,0.000,0.298,0.000,1814760,0,0,171258
403,4.9190,1.649,2.647,2.638,0.000,0.295,0.000,1642291,0,0,171258
404,4.9206,1.664,1.855,1.847,0.000,0.283,0.000,1657656,0,0,171258
405,4.9223,1.586,1.822,1.813,0.000,0.376,0.000,1578555,0,0,171258
406,4.9249,1.727,1.649,1.641,0.000,0.267,0.000,1720199,0,0,171258
407,4.9267,2.643,1.665,1.657,0.000,0.281,0.000,2636371,0,0,171258
408,4.9283,1.733,1.585,1.577,0.000,0.674,0.000,1726029,0,0,171818
409,4.9300,1.649,1.727,1.719,0.000,0.333,0.000,1642344,0,0,171314
410,4.9316,1.614,2.643,2.635,0.000,0.661,0.000,1607501,0,0,171258
411,4.9332,1.611,1.733,1.725,0.000,0.628,0.000,1604470,0,0,171258
412,4.9348,1.611,1.648,1.641,0.000,0.328,0.000,1604320,0,0,171258
413,4.9363,1.573,1.614,1.607,0.000,0.283,0.000,1566410,0,0,171258
414,4.9379,1.563,1.611,1.603,0.000,0.249,0.000,1557173,0,0,171258
415,4.9396,1.602,1.611,1.603,0.000,0.278,0.000,1595732,0,0,171258
416,4.9413,1.637,1.573,1.565,0.000,0.263,0.000,1630603,0,0,171258
417,4.9430,1.798,1.563,1.556,0.000,0.271,0.000,1791332,0,0,171258
418,4.9448,1.746,1.602,1.595,0.000,0.639,0.000,1738748,0,0,171258
419,4.9464,1.680,1.637,1.630,0.000,0.357,0.000,1673071,0,0,171258
420,4.9491,1.662,1.799,1.790,0.000,0.280,0.000,1655589,0,0,171258
421,4.9510,2.827,1.746,1.738,0.000,0.281,0.000,2819516,0,0,171258
422,4.9529,1.875,1.680,1.672,0.000,0.257,0.000,1867213,0,0,171354
423,4.9546,1.783,1.663,1.654,0.000,0.354,0.000,1775644,0,0,171258
424,4.9563,1.734,2.827,2.818,0.000,0.681,0.000,1727127,0,0,171258
425,4.9581,1.753,1.875,1.866,0.000,0.337,0.000,1745847,0,0,189702
426,4.9599,1.773,1.783,1.774,0.000,0.659,0.000,1765376,0,0,171258
427,4.9617,1.789,1.734,1.726,0.000,0.694,0.000,1781798,0,0,171258
428,4.9634,1.796,1.753,1.745,0.000,0.536,0.000,1789057,0,0,171258
429,4.9652,1.688,1.772,1.764,0.000,0.280,0.000,1679951,0,0,171258
430,4.9668,1.698,1.789,1.781,0.000,0.334,0.000,1691568,0,0,171258
431,4.9684,1.615,1.797,1.788,0.000,0.279,0.000,1608122,0,0,171258
432,4.9699,1.564,1.687,1.679,0.000,0.635,0.000,1557774,0,0,171258
433,4.9725,1.584,1.699,1.690,0.000,0.355,0.000,1577201,0,0,171258
434,4.9743,2.744,1.615,1.607,0.000,0.307,0.000,2737409,0,0,171258
435,4.9760,1.720,1.564,1.557,0.000,0.632,0.000,1711887,0,0,171258
436,4.9775,1.565,1.584,1.576,0.000,0.344,0.000,1557670,0,0,171258
437,4.9790,1.513,2.745,2.736,0.000,0.252,0.000,1506009,0,0,171258
438,4.9806,1.542,1.719,1.711,0.000,0.248,0.000,1535547,0,0,171258
439,4.9823,1.577,1.564,1.557,0.000,0.240,0.000,1570578,0,0,171258
440,4.9839,1.715,1.513,1.505,0.000,0.497,0.000,1708120,0,0,171258
441,4.9857,1.698,1.542,1.534,0.000,0.458,0.000,1690703,0,0,171258
442,4.9874,1.714,1.577,1.569,0.000,0.441,0.000,1706253,0,0,171258
443,4.9890,1.709,1.715,1.707,0.000,0.463,0.000,1702344,0,0,171258
444,4.9907,1.661,1.699,1.690,0.000,0.447,0.000,1653815,0,0,171258
445,4.9924,1.669,1.713,1.705,0.000,0.311,0.000,1662635,0,0,171258
446,4.9942,1.771,1.709,1.701,0.000,0.260,0.000,1763595,0,0,171258
447,4.9970,1.803,1.660,1.653,0.000,0.379,0.000,1795173,0,0,171258
448,4.9989,2.791,1.670,1.661,0.000,0.361,0.000,2784610,0,0,171258
449,5.0008,1.910,1.771,1.762,0.000,0.277,0.000,1901905,0,0,171258
450,5.0027,1.892,1.802,1.794,0.000,0.333,0.000,1884393,0,0,171258
451,5.0046,1.965,2.793,2.783,0.000,0.348,0.000,1957491,0,0,171258
452,5.0065,1.905,1.910,1.901,0.000,0.342,0.000,1896846,0,0,171354
453,5.0083,1.818,1.892,1.883,0.000,0.364,0.000,1816142,0,0,193734
454,5.0100,1.757,1.966,1.956,0.000,0.357,0.000,1741923,0,0,171258
455,5.0118,1.738,1.905,1.896,0.000,0.741,0.000,1731281,0,0,171258
456,5.0134,1.683,1.826,1.815,0.000,0.730,0.000,1675810,0,0,171258
457,5.0151,1.684,1.749,1.741,0.000,0.357,0.000,1676233,0,0,171258
458,5.0169,1.732,1.738,1.730,0.000,0.294,0.000,1724841,0,0,171258
459,5.0186,1.708,1.684,1.675,0.000,0.259,0.000,1700819,0,0,171258
460,5.0203,1.756,1.683,1.675,0.000,0.342,0.000,1748399,0,0,171258
461,5.0234,2.816,1.732,1.724,0.000,0.695,0.000,2809453,0,0,171258
462,5.0253,2.138,1.709,1.700,0.000,0.645,0.000,2129982,0,0,171258
463,5.0271,1.827,1.755,1.747,0.000,0.358,0.000,1815686,0,0,171258
464,5.0289,1.770,2.818,2.808,0.000,0.362,0.000,1762639,0,0,171258
465,5.0306,1.729,2.141,2.129,0.000,0.649,0.000,1721339,0,0,171258
466,5.0323,1.730,1.823,1.814,0.000,0.659,0.000,1723065,0,0,171258
467,5.0341,1.778,1.770,1.761,0.000,0.654,0.000,1770951,0,0,171258
468,5.0359,1.778,1.728,1.720,0.000,0.355,0.000,1771021,0,0,171258
469,5.0376,1.729,1.730,1.722,0.000,0.659,0.000,1721492,0,0,171258
470,5.0393,1.691,1.778,1.770,0.000,0.364,0.000,1683223,0,0,171258
471,5.0411,1.709,1.779,1.770,0.000,0.298,0.000,1701517,0,0,171258
472,5.0430,1.831,1.729,1.720,0.000,0.644,0.000,1823810,0,0,171258
473,5.0447,1.840,1.691,1.682,0.000,0.353,0.000,1832186,0,0,171258
474,5.0476,1.725,1.709,1.700,0.000,0.312,0.000,1718116,0,0,171258
475,5.0495,2.975,1.832,1.823,0.000,0.650,0.000,2968167,0,0,171258
476,5.0513,1.871,1.839,1.831,0.000,0.657,0.000,1863348,0,0,171258
477,5.0531,1.847,1.725,1.717,0.000,0.378,0.000,1832264,0,0,171258
478,5.0549,1.777,2.976,2.967,0.000,0.684,0.000,1770340,0,0,171258
479,5.0569,1.888,1.878,1.862,0.000,0.354,0.000,1881542,0,0,171258
480,5.0587,1.891,1.839,1.831,0.000,0.288,0.000,1881396,0,0,171258
481,5.0606,1.875,1.777,1.769,0.000,0.399,0.000,1867935,0,0,189869
482,5.0625,1.845,1.891,1.880,0.000,0.332,0.000,1836528,0,0,171354
483,5.0645,2.014,1.889,1.880,0.000,0.700,0.000,2006604,0,0,171258
484,5.0664,1.921,1.876,1.867,0.000,0.444,0.000,1913154,0,0,171258
485,5.0684,1.931,1.844,1.835,0.000,0.381,0.000,1924335,0,0,171258
486,5.0705,2.085,2.015,2.005,0.000,0.354,0.000,2076652,0,0,171258
487,5.0725,2.026,1.920,1.912,0.000,0.385,0.000,2017524,0,0,171258
488,5.0788,2.044,1.932,1.923,0.000,0.723,0.000,2035461,0,0,171258
489,5.0815,6.635,2.085,2.075,0.000,0.550,0.000,6627263,0,0,171258
490,5.0836,2.381,2.025,2.016,0.000,0.385,0.000,2370272,0,0,171258
491,5.0856,2.077,2.043,2.034,0.000,0.887,0.000,2066069,0,0,171258
492,5.0876,1.981,6.638,6.626,0.000,0.525,0.000,1970067,0,0,171258
493,5.0895,1.925,2.381,2.369,0.000,0.478,0.000,1915527,0,0,171258
494,5.0914,1.877,2.077,2.065,0.000,0.486,0.000,1867362,0,0,171258
495,5.0932,1.830,1.980,1.969,0.000,0.476,0.000,1820735,0,0,171258
496,5.0948,1.736,1.925,1.914,0.000,0.460,0.000,1726962,0,0,171258
497,5.0965,1.626,1.877,1.866,0.000,0.449,0.000,1619323,0,0,171258
498,5.0980,1.628,1.829,1.819,0.000,0.337,0.000,1620748,0,0,171258
499,5.0997,1.631,1.734,1.726,0.000,0.273,0.000,1624247,0,0,171258
500,5.1014,1.590,1.626,1.618,0.000,0.265,0.000,1583174,0,0,171258
501,5.1029,1.698,1.628,1.620,0.000,0.267,0.000,1690532,0,0,171258
502,5.1055,2.524,1.631,1.623,0.000,0.253,0.000,2516736,0,0,171258
503,5.1072,1.702,1.590,1.582,0.000,0.242,0.000,1693046,0,0,171258
504,5.1087,1.575,1.698,1.689,0.000,0.245,0.000,1568169,0,0,171258
505,5.1103,1.582,2.525,2.516,0.000,0.262,0.000,1575058,0,0,171258
506,5.1119,1.574,1.699,1.691,0.000,0.250,0.000,1567563,0,0,187706
507,5.1136,1.640,1.575,1.567,0.000,0.700,0.000,1633976,0,0,171258
508,5.1152,1.624,1.582,1.574,0.000,0.370,0.000,1616493,0,0,171258
509,5.1169,1.633,1.574,1.567,0.000,0.345,0.000,1626147,0,0,171258
510,5.1186,1.728,1.641,1.633,0.000,0.688,0.000,1721411,0,0,171258
511,5.1205,1.757,1.624,1.615,0.000,0.349,0.000,1749573,0,0,171258
512,5.1222,1.807,1.633,1.625,0.000,0.345,0.000,1799210,0,0,171354
513,5.1239,1.762,1.729,1.720,0.000,0.734,0.000,1754596,0,0,171258
514,5.1255,1.678,1.757,1.748,0.000,0.502,0.000,1671259,0,0,171258
515,5.1281,1.585,1.806,1.798,0.000,0.331,0.000,1577634,0,0,171258
516,5.1298,2.607,1.762,1.753,0.000,0.627,0.000,2600428,0,0,171258
517,5.1314,1.671,1.679,1.670,0.000,0.664,0.000,1664051,0,0,171258
518,5.1330,1.575,1.584,1.576,0.000,0.639,0.000,1568531,0,0,171258
519,5.1346,1.595,2.607,2.599,0.000,0.598,0.000,1588391,0,0,171258
520,5.1361,1.591,1.671,1.663,0.000,0.565,0.000,1583873,0,0,171258
521,5.1377,1.535,1.575,1.568,0.000,0.296,0.000,1528568,0,0,171258
522,5.1393,1.662,1.595,1.587,0.000,0.263,0.000,1655620,0,0,171258
523,5.1411,1.559,1.590,1.583,0.000,0.246,0.000,1552620,0,0,171258
524,5.1426,1.738,1.535,1.528,0.000,0.261,0.000,1731435,0,0,171818
525,5.1442,1.590,1.662,1.655,0.000,0.259,0.000,1583269,0,0,171314
526,5.1458,1.591,1.559,1.552,0.000,0.272,0.000,1584501,0,0,171258
527,5.1474,1.580,1.738,1.730,0.000,0.263,0.000,1573368,0,0,171258
528,5.1489,1.517,1.590,1.582,0.000,0.274,0.000,1510470,0,0,171258
529,5.1514,1.492,1.591,1.583,0.000,0.238,0.000,1485834,0,0,171258
530,5.1531,2.614,1.580,1.572,0.000,0.232,0.000,2608066,0,0,171258
531,5.1547,1.617,1.517,1.509,0.000,0.245,0.000,1610310,0,0,171258
532,5.1562,1.612,1.492,1.485,0.000,0.684,0.000,1605597,0,0,171258
533,5.1578,1.548,2.615,2.607,0.000,0.340,0.000,1541017,0,0,171258
534,5.1594,1.590,1.617,1.609,0.000,0.670,0.000,1583268,0,0,171258
535,5.1614,1.754,1.612,1.605,0.000,0.667,0.000,1746960,0,0,171258
536,5.1631,1.881,1.547,1.540,0.000,0.323,0.000,1873269,0,0,171258
537,5.1649,1.789,1.590,1.582,0.000,0.442,0.000,1781844,0,0,171258
538,5.1665,1.669,1.754,1.746,0.000,0.307,0.000,1662257,0,0,171258
539,5.1681,1.579,1.881,1.872,0.000,0.377,0.000,1571086,0,0,171258
540,5.1698,1.638,1.789,1.781,0.000,0.319,0.000,1631657,0,0,171258
541,5.1714,1.646,1.670,1.661,0.000,0.657,0.000,1639229,0,0,171258
542,5.1731,1.651,1.578,1.570,0.000,0.351,0.000,1643821,0,0,171354
543,5.1756,1.644,1.638,1.631,0.000,0.276,0.000,1637494,0,0,171258
544,5.1773,2.598,1.646,1.638,0.000,0.267,0.000,2590700,0,0,171258
545,5.1789,1.604,1.651,1.643,0.000,0.330,0.000,1596998,0,0,171258
546,5.1804,1.557,1.644,1.636,0.000,0.648,0.000,1550865,0,0,171258
547,5.1822,1.550,2.598,2.590,0.000,0.553,0.000,1543858,0,0,171258
548,5.1840,1.853,1.603,1.596,0.000,0.331,0.000,1846652,0,0,171258
549,5.1858,1.901,1.557,1.550,0.000,0.291,0.000,1895003,0,0,171258
550,5.1877,1.803,1.550,1.543,0.000,0.349,0.000,1796469,0,0,171258
551,5.1896,1.881,1.853,1.846,0.000,0.325,0.000,1872691,0,0,171258
552,5.1914,1.905,1.901,1.894,0.000,0.305,0.000,1897668,0,0,171258
553,5.1933,1.814,1.805,1.795,0.000,0.377,0.000,1806693,0,0,171258
554,5.1954,2.015,1.880,1.871,0.000,0.757,0.000,2008205,0,0,171258
555,5.1972,2.000,1.905,1.896,0.000,0.376,0.000,1992984,0,0,171258
556,5.1990,1.786,1.814,1.806,0.000,0.345,0.000,1779155,0,0,171258
557,5.2048,5.153,2.015,2.007,0.000,0.366,0.000,5145663,0,0,171258
558,5.2075,3.218,2.000,1.992,0.000,0.637,0.000,3209101,0,0,171258
559,5.2092,1.884,1.787,1.778,0.000,0.370,0.000,1874600,0,0,171306
560,5.2109,1.730,5.156,5.145,0.000,0.331,0.000,1722008,0,0,171258
561,5.2128,1.694,3.219,3.208,0.000,0.691,0.000,1686672,0,0,171258
562,5.2145,1.799,1.882,1.872,0.000,0.330,0.000,1792672,0,0,171258
563,5.2162,1.729,1.729,1.721,0.000,0.287,0.000,1721464,0,0,171258
564,5.2178,1.665,1.693,1.685,0.000,0.315,0.000,1657654,0,0,171258
565,5.2195,1.649,1.800,1.792,0.000,0.282,0.000,1642062,0,0,171258
566,5.2213,1.657,1.728,1.720,0.000,0.266,0.000,1649670,0,0,171258
567,5.2231,1.908,1.665,1.656,0.000,0.274,0.000,1901343,0,0,171258
568,5.2249,1.790,1.649,1.641,0.000,0.391,0.000,1782411,0,0,171258
569,5.2269,1.825,1.657,1.649,0.000,0.324,0.000,1817647,0,0,171258
570,5.2289,1.920,1.909,1.900,0.000,0.304,0.000,1906993,0,0,171258
571,5.2318,2.029,1.790,1.781,0.000,0.288,0.000,2021768,0,0,171258
572,5.2339,3.121,1.830,1.816,0.000,0.343,0.000,3114894,0,0,171354
573,5.2359,2.017,1.914,1.906,0.000,0.350,0.000,2008232,0,0,171258
574,5.2380,1.971,2.028,2.020,0.000,0.761,0.000,1964278,0,0,171258
575,5.2400,2.064,3.124,3.114,0.000,0.388,0.000,2054254,0,0,171258
576,5.2421,2.073,2.015,2.007,0.000,0.494,0.000,2065029,0,0,171258
577,5.2441,2.074,1.974,1.963,0.000,0.413,0.000,2064471,0,0,171258
578,5.2460,1.944,2.062,2.053,0.000,0.408,0.000,1935459,0,0,171258
579,5.2478,1.834,2.075,2.064,0.000,0.327,0.000,1826368,0,0,171258
580,5.2496,1.810,2.073,2.063,0.000,0.385,0.000,1802621,0,0,171258
581,5.2513,1.740,1.943,1.934,0.000,0.306,0.000,1732529,0,0,171258
582,5.2530,1.740,1.834,1.825,0.000,0.304,0.000,1732934,0,0,171258
583,5.2547,1.697,1.810,1.801,0.000,0.366,0.000,1690262,0,0,171258
584,5.2566,1.833,1.740,1.731,0.000,0.334,0.000,1825395,0,0,171258
585,5.2595,1.833,1.740,1.732,0.000,0.357,0.000,1825022,0,0,171258
586,5.2615,2.889,1.698,1.689,0.000,0.339,0.000,2881372,0,0,171258
587,5.2633,2.010,1.833,1.824,0.000,0.340,0.000,2001919,0,0,171258
588,5.2650,1.756,1.832,1.824,0.000,0.325,0.000,1747502,0,0,171258
589,5.2668,1.719,2.889,2.880,0.000,0.306,0.000,1710826,0,0,171258
590,5.2685,1.709,2.010,2.001,0.000,0.292,0.000,1701537,0,0,171258
591,5.2703,1.730,1.755,1.746,0.000,0.713,0.000,1722944,0,0,171258
592,5.2726,2.286,1.718,1.710,0.000,0.660,0.000,2279239,0,0,171258
593,5.2748,2.111,1.708,1.700,0.000,0.441,0.000,2103097,0,0,171258
594,5.2769,2.121,1.730,1.722,0.000,0.409,0.000,2113301,0,0,171258
595,5.2790,2.053,2.287,2.278,0.000,0.378,0.000,2043511,0,0,171258
596,5.2810,2.095,2.111,2.102,0.000,0.762,0.000,2087394,0,0,171258
597,5.2835,1.956,2.122,2.112,0.000,0.706,0.000,1947530,0,0,171258
598,5.2867,2.596,2.051,2.042,0.000,0.687,0.000,2588196,0,0,171258
599,5.2888,3.145,2.096,2.086,0.000,0.603,0.000,3137039,0,0,171258
600,5.2910,2.095,1.955,1.946,0.000,0.791,0.000,2086383,0,0,171258
601,5.2933,2.365,2.596,2.587,0.000,0.405,0.000,2356017,0,0,190413
602,5.2955,2.271,3.146,3.136,0.000,0.449,0.000,2261632,0,0,171354
603,5.2978,2.317,2.095,2.085,0.000,0.425,0.000,2308205,0,0,171258
604,5.2998,2.068,2.365,2.354,0.000,0.428,0.000,2058505,0,0,171258
605,5.3020,1.954,2.271,2.260,0.000,0.427,0.000,1945360,0,0,171258
606,5.3041,2.249,2.317,2.307,0.000,0.349,0.000,2240797,0,0,171258
607,5.3063,2.242,2.067,2.057,0.000,0.403,0.000,2232191,0,0,171258
608,5.3084,2.085,1.953,1.944,0.000,0.537,0.000,2073976,0,0,171258
609,5.3106,2.140,2.251,2.240,0.000,0.540,0.000,2129885,0,0,171258
610,5.3128,2.190,2.243,2.231,0.000,0.514,0.000,2178857,0,0,171258
611,5.3148,2.104,2.084,2.072,0.000,0.527,0.000,2093926,0,0,171258
612,5.3178,1.932,2.141,2.128,0.000,0.497,0.000,1923556,0,0,171258
613,5.3198,3.113,2.189,2.177,0.000,0.381,0.000,3105701,0,0,171258
614,5.3220,2.019,2.102,2.092,0.000,0.385,0.000,2009736,0,0,171258
615,5.3238,2.023,1.931,1.922,0.000,0.338,0.000,2014369,0,0,171258
616,5.3257,1.923,3.115,3.104,0.000,0.351,0.000,1914946,0,0,171258
617,5.3277,1.923,2.019,2.008,0.000,0.713,0.000,1915498,0,0,171258
618,5.3300,2.203,2.022,2.011,0.000,0.641,0.000,2195668,0,0,171258
619,5.3318,2.031,1.922,1.914,0.000,0.369,0.000,2021303,0,0,171258
620,5.3339,1.937,1.923,1.914,0.000,0.769,0.000,1929541,0,0,171258
621,5.3358,1.955,2.205,2.194,0.000,0.749,0.000,1945284,0,0,171258
622,5.3378,1.911,2.029,2.020,0.000,0.501,0.000,1903814,0,0,171258
623,5.3399,1.999,1.939,1.928,0.000,0.362,0.000,1990811,0,0,171258
624,5.3423,2.261,1.953,1.944,0.000,0.370,0.000,2251663,0,0,171258
625,5.3458,2.341,1.912,1.903,0.000,0.350,0.000,2331834,0,0,171258
626,5.3480,3.516,2.000,1.989,0.000,0.375,0.000,3507495,0,0,171258
627,5.3502,2.272,2.261,2.250,0.000,0.347,0.000,2263082,0,0,171258
628,5.3524,2.098,2.341,2.330,0.000,0.895,0.000,2089768,0,0,171258
629,5.3545,2.179,3.517,3.506,0.000,0.384,0.000,2170686,0,0,171258
630,5.3565,2.071,2.271,2.262,0.000,0.378,0.000,2061623,0,0,171258
631,5.3585,1.997,2.098,2.088,0.000,0.412,0.000,1988441,0,0,171258
632,5.3605,2.021,2.180,2.169,0.000,0.392,0.000,2013646,0,0,171354
633,5.3629,1.925,2.070,2.060,0.000,0.344,0.000,1916676,0,0,171258
634,5.3647,2.342,1.996,1.987,0.000,0.364,0.000,2334183,0,0,171258
635,5.3666,1.875,2.022,2.012,0.000,0.323,0.000,1867375,0,0,171258
636,5.3686,2.010,1.925,1.915,0.000,0.373,0.000,2003028,0,0,171258
637,5.3704,1.885,2.342,2.333,0.000,0.325,0.000,1875327,0,0,171258
638,5.3722,1.802,1.875,1.866,0.000,0.377,0.000,1794112,0,0,171258
639,5.3749,1.702,2.013,2.002,0.000,0.390,0.000,1695053,0,0,171258
640,5.3768,2.803,1.883,1.874,0.000,0.736,0.000,2794744,0,0,171258
641,5.3786,1.782,1.801,1.793,0.000,0.687,0.000,1774581,0,0,171258
642,5.3807,2.198,1.703,1.694,0.000,0.782,0.000,2191152,0,0,171258
643,5.3825,1.738,2.802,2.793,0.000,0.659,0.000,1728049,0,0,171258
644,5.3841,1.739,1.782,1.773,0.000,0.340,0.000,1731904,0,0,171258
645,5.3858,1.625,2.201,2.190,0.000,0.326,0.000,1617822,0,0,171258
646,5.3875,1.681,1.734,1.726,0.000,0.285,0.000,1674618,0,0,171258
647,5.3892,1.729,1.739,1.731,0.000,0.340,0.000,1721960,0,0,171258
648,5.3908,1.678,1.624,1.617,0.000,0.297,0.000,1671758,0,0,171258
649,5.3925,1.629,1.681,1.673,0.000,0.270,0.000,1622168,0,0,171258
650,5.3941,1.626,1.731,1.721,0.000,0.277,0.000,1619028,0,0,171258
651,5.3957,1.637,1.676,1.668,0.000,0.255,0.000,1630130,0,0,171258
652,5.3974,1.593,1.629,1.621,0.000,0.247,0.000,1586609,0,0,171258
653,5.4003,2.854,1.626,1.618,0.000,0.261,0.000,2846830,0,0,171258
654,5.4021,1.750,1.637,1.629,0.000,0.329,0.000,1742796,0,0,171258
655,5.4039,1.895,1.594,1.586,0.000,0.313,0.000,1888762,0,0,171258
656,5.4055,1.677,2.854,2.846,0.000,0.304,0.000,1669627,0,0,171258
657,5.4071,1.617,1.749,1.741,0.000,0.279,0.000,1610288,0,0,171258
658,5.4087,1.639,1.896,1.888,0.000,0.258,0.000,1632039,0,0,171258
659,5.4103,1.597,1.676,1.669,0.000,0.264,0.000,1590761,0,0,171258
660,5.4119,1.559,1.618,1.609,0.000,0.327,0.000,1552602,0,0,171258
661,5.4135,1.570,1.638,1.631,0.000,0.270,0.000,1562629,0,0,171258
662,5.4150,1.577,1.598,1.590,0.000,0.416,0.000,1570646,0,0,171354
663,5.4166,1.550,1.560,1.552,0.000,0.450,0.000,1543457,0,0,171258
664,5.4181,1.547,1.569,1.562,0.000,0.415,0.000,1540688,0,0,171258
665,5.4198,1.596,1.577,1.570,0.000,0.446,0.000,1589478,0,0,171258
666,5.4224,1.638,1.550,1.542,0.000,0.310,0.000,1631581,0,0,171258
667,5.4241,2.721,1.547,1.540,0.000,0.290,0.000,2714773,0,0,171258
668,5.4258,1.677,1.596,1.588,0.000,0.669,0.000,1669616,0,0,171258
669,5.4275,1.673,1.638,1.630,0.000,0.352,0.000,1666290,0,0,171258
670,5.4290,1.592,2.722,2.714,0.000,0.266,0.000,1585293,0,0,171258
671,5.4305,1.547,1.677,1.668,0.000,0.592,0.000,1540173,0,0,171258
672,5.4321,1.519,1.673,1.665,0.000,0.627,0.000,1512154,0,0,171258
673,5.4338,1.575,1.591,1.584,0.000,0.308,0.000,1568788,0,0,171258
674,5.4355,1.750,1.547,1.539,0.000,0.266,0.000,1742785,0,0,171258
675,5.4371,1.641,1.518,1.511,0.000,0.642,0.000,1634143,0,0,171258
676,5.4388,1.636,1.576,1.568,0.000,0.619,0.000,1629561,0,0,171258
677,5.4404,1.664,1.750,1.742,0.000,0.410,0.000,1656798,0,0,171258
678,5.4422,1.625,1.641,1.633,0.000,0.636,0.000,1618518,0,0,171258
679,5.4439,1.835,1.636,1.629,0.000,0.624,0.000,1827681,0,0,171258
680,5.4466,1.677,1.663,1.656,0.000,0.376,0.000,1669470,0,0,171258
681,5.4485,2.841,1.626,1.617,0.000,0.319,0.000,2834387,0,0,171258
682,5.4504,1.934,1.835,1.826,0.000,0.332,0.000,1924769,0,0,171258
683,5.4520,1.713,1.678,1.668,0.000,0.485,0.000,1704887,0,0,171258
684,5.4537,1.661,2.841,2.831,0.000,0.299,0.000,1653574,0,0,171258
685,5.4553,1.607,1.932,1.924,0.000,0.646,0.000,1600430,0,0,171258
686,5.4569,1.612,1.712,1.704,0.000,0.318,0.000,1605370,0,0,171258
687,5.4586,1.698,1.660,1.652,0.000,0.310,0.000,1691266,0,0,219110
688,5.4603,1.680,1.607,1.599,0.000,0.316,0.000,1672913,0,0,171258
689,5.4620,1.613,1.612,1.604,0.000,0.265,0.000,1606314,0,0,171258
690,5.4636,1.750,1.698,1.690,0.000,0.321,0.000,1742867,0,0,171258
691,5.4652,1.592,1.680,1.672,0.000,0.272,0.000,1585406,0,0,171258
692,5.4669,1.656,1.613,1.605,0.000,0.256,0.000,1644104,0,0,171354
693,5.4695,1.619,1.750,1.742,0.000,0.298,0.000,1612863,0,0,171258
694,5.4711,2.633,1.598,1.584,0.000,0.297,0.000,2626189,0,0,171258
695,5.4727,1.608,1.651,1.643,0.000,0.598,0.000,1601090,0,0,171258
696,5.4743,1.552,1.620,1.612,0.000,0.664,0.000,1545281,0,0,171818
697,5.4761,1.583,2.633,2.625,0.000,0.593,0.000,1576286,0,0,171314
698,5.4780,2.040,1.607,1.600,0.000,0.370,0.000,2033423,0,0,171258
699,5.4797,1.768,1.552,1.544,0.000,0.624,0.000,1759303,0,0,171258
700,5.4814,1.630,1.583,1.575,0.000,0.435,0.000,1623555,0,0,171258
701,5.4830,1.707,2.042,2.032,0.000,0.253,0.000,1699103,0,0,171258
702,5.4846,1.605,1.766,1.758,0.000,0.402,0.000,1598499,0,0,171258
703,5.4862,1.628,1.631,1.622,0.000,0.449,0.000,1621179,0,0,171258
704,5.4879,1.660,1.706,1.698,0.000,0.271,0.000,1653255,0,0,171258
705,5.4895,1.611,1.605,1.597,0.000,0.652,0.000,1604670,0,0,171818
706,5.4912,1.664,1.628,1.620,0.000,0.646,0.000,1657891,0,0,171314
707,5.4941,1.750,1.659,1.652,0.000,0.650,0.000,1743414,0,0,171258
708,5.4960,2.902,1.611,1.604,0.000,0.628,0.000,2895488,0,0,171258
709,5.4978,1.862,1.664,1.657,0.000,0.479,0.000,1854641,0,0,171258
710,5.4994,1.688,1.750,1.742,0.000,0.484,0.000,1680918,0,0,171258
711,5.5013,1.737,2.903,2.894,0.000,0.307,0.000,1730372,0,0,171258
712,5.5031,1.993,1.862,1.853,0.000,0.271,0.000,1985416,0,0,171258
713,5.5049,1.748,1.687,1.680,0.000,0.270,0.000,1740526,0,0,171258
714,5.5067,1.802,1.737,1.729,0.000,0.273,0.000,1794605,0,0,171258
715,5.5085,1.794,1.993,1.984,0.000,0.521,0.000,1786872,0,0,171258
716,5.5103,1.824,1.748,1.739,0.000,0.624,0.000,1816727,0,0,171258
717,5.5122,1.769,1.801,1.793,0.000,0.641,0.000,1761142,0,0,171258
718,5.5141,1.913,1.794,1.786,0.000,0.361,0.000,1905953,0,0,171258
719,5.5160,1.920,1.825,1.816,0.000,0.277,0.000,1912017,0,0,171258
720,5.5179,1.893,1.768,1.760,0.000,0.303,0.000,1885390,0,0,171258
721,5.5214,3.216,1.914,1.905,0.000,0.656,0.000,3208748,0,0,189869
722,5.5233,2.231,1.920,1.911,0.000,0.273,0.000,2221784,0,0,171354
723,5.5250,1.766,1.893,1.884,0.000,0.404,0.000,1749779,0,0,171258
724,5.5267,1.680,3.219,3.208,0.000,0.343,0.000,1672150,0,0,171258
725,5.5283,1.661,2.238,2.220,0.000,0.347,0.000,1654199,0,0,171258
726,5.5300,1.626,1.757,1.748,0.000,0.645,0.000,1619450,0,0,171258
727,5.5316,1.610,1.679,1.671,0.000,0.624,0.000,1603438,0,0,171258
728,5.5331,1.575,1.661,1.653,0.000,0.530,0.000,1569315,0,0,171258
729,5.5347,1.582,1.627,1.618,0.000,0.453,0.000,1575206,0,0,171258
730,5.5363,1.584,1.610,1.602,0.000,0.438,0.000,1577798,0,0,171258
731,5.5379,1.606,1.576,1.568,0.000,0.323,0.000,1600017,0,0,171258
732,5.5395,1.639,1.582,1.574,0.000,0.321,0.000,1631996,0,0,171258
733,5.5412,1.547,1.584,1.577,0.000,0.295,0.000,1539333,0,0,171258
734,5.5437,1.642,1.607,1.599,0.000,0.317,0.000,1635300,0,0,171258
735,5.5453,2.571,1.640,1.631,0.000,0.263,0.000,2562735,0,0,171258
736,5.5469,1.609,1.546,1.538,0.000,0.595,0.000,1603067,0,0,171258
737,5.5485,1.557,1.643,1.634,0.000,0.336,0.000,1550625,0,0,171258
738,5.5501,1.595,2.569,2.562,0.000,0.263,0.000,1588479,0,0,171258
739,5.5516,1.580,1.610,1.602,0.000,0.256,0.000,1573322,0,0,171258
740,5.5532,1.543,1.557,1.550,0.000,0.322,0.000,1536547,0,0,171258
741,5.5548,1.583,1.595,1.587,0.000,0.273,0.000,1576761,0,0,171258
742,5.5564,1.630,1.580,1.572,0.000,0.597,0.000,1623643,0,0,171258
743,5.5581,1.632,1.543,1.535,0.000,0.681,0.000,1625319,0,0,171258
744,5.5597,1.644,1.583,1.576,0.000,0.362,0.000,1636788,0,0,171258
745,5.5614,1.639,1.630,1.623,0.000,0.552,0.000,1632828,0,0,171258
746,5.5631,1.774,1.633,1.624,0.000,0.274,0.000,1767799,0,0,171258
747,5.5647,1.605,1.643,1.636,0.000,0.258,0.000,1598395,0,0,171258
748,5.5674,1.638,1.639,1.632,0.000,0.299,0.000,1632177,0,0,171258
749,5.5692,2.757,1.775,1.767,0.000,0.320,0.000,2749968,0,0,171258
750,5.5708,1.723,1.605,1.597,0.000,0.309,0.000,1715907,0,0,171258
751,5.5726,1.696,1.639,1.631,0.000,0.316,0.000,1689432,0,0,171258
752,5.5742,1.658,2.757,2.749,0.000,0.646,0.000,1651608,0,0,171354
753,5.5758,1.614,1.723,1.715,0.000,0.327,0.000,1607536,0,0,171258
754,5.5775,1.656,1.696,1.688,0.000,0.272,0.000,1649335,0,0,171258
755,5.5792,1.606,1.658,1.650,0.000,0.256,0.000,1599443,0,0,171258
756,5.5808,1.712,1.615,1.606,0.000,0.255,0.000,1705739,0,0,171258
757,5.5826,1.638,1.656,1.648,0.000,0.322,0.000,1631815,0,0,171258
758,5.5843,1.853,1.606,1.598,0.000,1.052,0.000,1846776,0,0,171258
759,5.5859,1.621,1.712,1.705,0.000,0.311,0.000,1613991,0,0,171258
760,5.5874,1.552,1.638,1.631,0.000,0.281,0.000,1545533,0,0,171258
761,5.5891,1.657,1.854,1.846,0.000,0.246,0.000,1651265,0,0,171258
762,5.5920,1.714,1.621,1.613,0.000,0.265,0.000,1707873,0,0,171258
763,5.5939,2.955,1.552,1.544,0.000,0.264,0.000,2948531,0,0,171258
764,5.5959,1.916,1.658,1.650,0.000,0.297,0.000,1908779,0,0,171258
765,5.5976,1.860,1.714,1.707,0.000,0.342,0.000,1852301,0,0,171258
766,5.5992,1.671,2.956,2.947,0.000,0.314,0.000,1663120,0,0,171258
767,5.6009,1.702,1.917,1.908,0.000,0.435,0.000,1694892,0,0,171258
768,5.6027,1.661,1.860,1.851,0.000,0.625,0.000,1653947,0,0,171258
769,5.6044,1.786,1.670,1.662,0.000,0.364,0.000,1779263,0,0,171258
770,5.6061,1.705,1.702,1.694,0.000,0.274,0.000,1696934,0,0,171258
771,5.6077,1.662,1.661,1.653,0.000,0.312,0.000,1655568,0,0,171258
772,5.6095,1.723,1.787,1.778,0.000,0.480,0.000,1716465,0,0,171258
773,5.6113,1.793,1.703,1.696,0.000,0.268,0.000,1786367,0,0,171258
774,5.6133,1.892,1.662,1.654,0.000,0.353,0.000,1885360,0,0,171258
775,5.6162,1.897,1.723,1.715,0.000,0.680,0.000,1889852,0,0,171258
776,5.6182,3.020,1.793,1.785,0.000,0.413,0.000,3012702,0,0,171258
777,5.6202,1.983,1.892,1.884,0.000,0.330,0.000,1974933,0,0,171258
778,5.6221,1.867,1.897,1.889,0.000,0.370,0.000,1857758,0,0,171258
779,5.6239,1.913,3.021,3.012,0.000,0.356,0.000,1905181,0,0,171258
780,5.6256,1.752,1.983,1.974,0.000,0.342,0.000,1743748,0,0,171258
781,5.6273,1.704,1.865,1.857,0.000,0.285,0.000,1696386,0,0,171258
782,5.6290,1.703,1.913,1.904,0.000,0.541,0.000,1694452,0,0,171354
783,5.6306,1.674,1.751,1.742,0.000,0.459,0.000,1667169,0,0,171258
784,5.6323,1.622,1.705,1.695,0.000,0.283,0.000,1614995,0,0,171258
785,5.6339,1.601,1.701,1.693,0.000,0.245,0.000,1593909,0,0,171258
786,5.6355,1.604,1.674,1.666,0.000,0.262,0.000,1597748,0,0,171258
787,5.6370,1.571,1.622,1.614,0.000,0.287,0.000,1564124,0,0,171258
788,5.6386,1.584,1.600,1.593,0.000,0.241,0.000,1577228,0,0,171258
789,5.6412,1.576,1.604,1.597,0.000,0.230,0.000,1568710,0,0,171258
790,5.6431,2.667,1.571,1.563,0.000,0.644,0.000,2660751,0,0,171258
791,5.6450,1.984,1.584,1.576,0.000,0.655,0.000,1977018,0,0,171258
792,5.6468,1.859,1.575,1.568,0.000,0.419,0.000,1851440,0,0,171258
793,5.6485,1.740,2.668,2.660,0.000,0.345,0.000,1732672,0,0,171258
794,5.6502,1.714,1.984,1.976,0.000,0.343,0.000,1706566,0,0,171258
795,5.6519,1.614,1.858,1.850,0.000,0.325,0.000,1606582,0,0,171258
796,5.6535,1.747,1.740,1.732,0.000,0.466,0.000,1740722,0,0,171258
797,5.6552,1.616,1.714,1.705,0.000,0.268,0.000,1609106,0,0,171258
798,5.6569,1.665,1.613,1.606,0.000,0.469,0.000,1658330,0,0,171258
799,5.6586,1.694,1.748,1.740,0.000,0.451,0.000,1686939,0,0,171258
800,5.6603,1.771,1.615,1.608,0.000,0.442,0.000,1763622,0,0,171258
801,5.6627,1.698,1.665,1.657,0.000,0.458,0.000,1690850,0,0,171258
802,5.6645,2.457,1.694,1.686,0.000,0.451,0.000,2450753,0,0,171258
803,5.6674,1.870,1.771,1.762,0.000,0.531,0.000,1861129,0,0,171258
804,5.6691,2.803,1.698,1.690,0.000,0.539,0.000,2793721,0,0,171258
805,5.6707,1.649,2.459,2.449,0.000,0.450,0.000,1641487,0,0,171258
806,5.6723,1.585,1.870,1.860,0.000,0.458,0.000,1578563,0,0,171258
807,5.6739,1.595,2.801,2.792,0.000,0.345,0.000,1588855,0,0,171258
808,5.6756,1.609,1.648,1.640,0.000,0.284,0.000,1602093,0,0,171258
809,5.6772,1.632,1.585,1.577,0.000,0.266,0.000,1625664,0,0,171258
810,5.6788,1.590,1.596,1.588,0.000,0.269,0.000,1583644,0,0,171258
811,5.6806,1.733,1.609,1.601,0.000,0.245,0.000,1726539,0,0,171258
812,5.6825,1.752,1.632,1.625,0.000,0.227,0.000,1745120,0,0,171354
813,5.6842,1.914,1.590,1.583,0.000,0.241,0.000,1907520,0,0,171258
814,5.6858,1.670,1.734,1.725,0.000,0.633,0.000,1662962,0,0,171258
815,5.6876,1.712,1.752,1.744,0.000,0.680,0.000,1705905,0,0,171258
816,5.6893,1.689,1.914,1.906,0.000,0.324,0.000,1682587,0,0,171258
817,5.6920,1.701,1.669,1.662,0.000,0.270,0.000,1688274,0,0,171258
818,5.6938,2.825,1.712,1.705,0.000,0.351,0.000,2818733,0,0,171258
819,5.6955,1.722,1.695,1.681,0.000,0.347,0.000,1713942,0,0,171258
820,5.6971,1.631,1.695,1.687,0.000,0.348,0.000,1624745,0,0,171258
821,5.6987,1.620,2.826,2.818,0.000,0.316,0.000,1612572,0,0,171258
822,5.7003,1.603,1.721,1.713,0.000,0.318,0.000,1597231,0,0,171258
823,5.7021,1.620,1.632,1.624,0.000,0.258,0.000,1613332,0,0,171258
824,5.7037,1.724,1.619,1.612,0.000,0.260,0.000,1717143,0,0,171258
825,5.7053,1.625,1.604,1.596,0.000,0.260,0.000,1617966,0,0,171258
826,5.7071,1.708,1.620,1.612,0.000,0.256,0.000,1700405,0,0,171258
827,5.7087,1.699,1.724,1.716,0.000,0.338,0.000,1692779,0,0,171258
828,5.7104,1.695,1.625,1.617,0.000,0.289,0.000,1688092,0,0,171258
829,5.7121,1.667,1.707,1.699,0.000,0.247,0.000,1660586,0,0,171258
830,5.7137,1.665,1.700,1.692,0.000,0.384,0.000,1658068,0,0,171258
831,5.7185,1.657,1.695,1.687,0.000,0.294,0.000,1650733,0,0,171258
832,5.7210,5.185,1.667,1.660,0.000,0.325,0.000,5179351,0,0,171258
833,5.7238,2.958,1.665,1.657,0.000,0.285,0.000,2947907,0,0,171258
834,5.7255,1.963,1.657,1.650,0.000,0.334,0.000,1953485,0,0,171258
835,5.7272,1.701,5.190,5.178,0.000,0.299,0.000,1693121,0,0,171258
836,5.7289,1.670,2.956,2.946,0.000,0.371,0.000,1663007,0,0,171258
837,5.7305,1.620,1.960,1.951,0.000,0.319,0.000,1613116,0,0,171258
838,5.7321,1.622,1.700,1.692,0.000,0.313,0.000,1614739,0,0,171258
839,5.7338,1.648,1.670,1.662,0.000,0.273,0.000,1640441,0,0,171258
840,5.7354,1.651,1.620,1.612,0.000,0.266,0.000,1643497,0,0,171258
841,5.7372,1.730,1.622,1.614,0.000,0.267,0.000,1723394,0,0,189869
842,5.7389,1.722,1.648,1.639,0.000,0.267,0.000,1715145,0,0,171354
843,5.7408,1.780,1.650,1.642,0.000,0.253,0.000,1773400,0,0,171258
844,5.7426,1.794,1.731,1.722,0.000,0.288,0.000,1784714,0,0,171258
845,5.7443,1.794,1.722,1.714,0.000,0.439,0.000,1786980,0,0,171258
846,5.7471,1.764,1.782,1.772,0.000,0.370,0.000,1742295,0,0,171258
847,5.7491,2.868,1.792,1.783,0.000,0.302,0.000,2861193,0,0,171258
848,5.7508,1.908,1.809,1.786,0.000,0.482,0.000,1900868,0,0,171258
849,5.7526,1.748,1.749,1.741,0.000,0.367,0.000,1740534,0,0,171258
850,5.7542,1.694,2.869,2.860,0.000,0.326,0.000,1687163,0,0,171258
851,5.7560,1.687,1.908,1.900,0.000,0.293,0.000,1680602,0,0,171258
852,5.7577,1.736,1.747,1.739,0.000,0.303,0.000,1729111,0,0,171258
853,5.7594,1.714,1.694,1.686,0.000,0.451,0.000,1706787,0,0,171258
854,5.7612,1.706,1.688,1.680,0.000,0.711,0.000,1699198,0,0,171258
855,5.7630,1.878,1.736,1.728,0.000,0.351,0.000,1871300,0,0,171258
856,5.7647,1.756,1.714,1.706,0.000,0.328,0.000,1748433,0,0,171258
857,5.7665,1.739,1.706,1.698,0.000,0.397,0.000,1731704,0,0,171258
858,5.7682,1.728,1.879,1.870,0.000,0.327,0.000,1720750,0,0,171258
859,5.7700,1.730,1.755,1.747,0.000,0.431,0.000,1723457,0,0,171258
860,5.7729,1.778,1.739,1.731,0.000,0.695,0.000,1770560,0,0,171258
861,5.7748,3.050,1.728,1.720,0.000,0.446,0.000,3042479,0,0,171258
862,5.7766,1.814,1.731,1.722,0.000,0.351,0.000,1806152,0,0,171258
863,5.7783,1.731,1.778,1.769,0.000,0.342,0.000,1723882,0,0,171258
864,5.7802,1.816,3.050,3.041,0.000,0.306,0.000,1808782,0,0,171258
865,5.7825,2.045,1.813,1.805,0.000,0.302,0.000,2038040,0,0,171258
866,5.7845,2.231,1.732,1.723,0.000,0.434,0.000,2222545,0,0,171258
867,5.7866,1.997,1.816,1.807,0.000,0.425,0.000,1988837,0,0,171258
868,5.7886,2.016,2.046,2.037,0.000,0.388,0.000,2008179,0,0,171818
869,5.7907,2.053,2.231,2.221,0.000,0.360,0.000,2045197,0,0,171314
870,5.7928,2.154,1.997,1.988,0.000,0.403,0.000,2145542,0,0,171258
871,5.7950,2.169,2.016,2.007,0.000,0.444,0.000,2160155,0,0,171258
872,5.7972,2.193,2.054,2.044,0.000,0.613,0.000,2183926,0,0,171354
873,5.8003,2.044,2.154,2.144,0.000,0.446,0.000,2035551,0,0,171258
874,5.8028,3.310,2.169,2.159,0.000,0.367,0.000,3301975,0,0,171258
875,5.8049,2.355,2.193,2.183,0.000,0.718,0.000,2345019,0,0,171258
876,5.8069,2.063,2.044,2.034,0.000,0.488,0.000,2052978,0,0,171258
877,5.8088,1.931,3.312,3.301,0.000,0.439,0.000,1923167,0,0,171258
878,5.8107,1.891,2.354,2.343,0.000,0.703,0.000,1882017,0,0,171258
879,5.8126,1.910,2.061,2.052,0.000,0.540,0.000,1901744,0,0,171258
880,5.8144,1.854,1.933,1.922,0.000,0.676,0.000,1845573,0,0,171258
881,5.8163,1.846,1.890,1.881,0.000,0.517,0.000,1837896,0,0,171258
882,5.8182,1.894,1.910,1.901,0.000,0.397,0.000,1886390,0,0,171258
883,5.8202,1.996,1.853,1.844,0.000,0.344,0.000,1988633,0,0,171258
884,5.8223,2.021,1.846,1.837,0.000,0.398,0.000,2013067,0,0,171258
885,5.8242,2.003,1.894,1.885,0.000,0.407,0.000,1994670,0,0,171258
886,5.8260,1.818,1.997,1.987,0.000,0.509,0.000,1809729,0,0,171258
887,5.8288,1.787,2.021,2.012,0.000,0.792,0.000,1779422,0,0,171258
888,5.8307,2.931,2.003,1.993,0.000,0.749,0.000,2923224,0,0,171258
889,5.8326,1.866,1.817,1.808,0.000,0.709,0.000,1858303,0,0,171258
890,5.8344,1.872,1.787,1.778,0.000,0.696,0.000,1863980,0,0,171258
891,5.8362,1.738,2.931,2.922,0.000,0.467,0.000,1731086,0,0,171258
892,5.8380,1.842,1.866,1.857,0.000,0.671,0.000,1833742,0,0,171258
893,5.8397,1.760,1.871,1.863,0.000,0.570,0.000,1752521,0,0,171258
894,5.8416,1.730,1.740,1.730,0.000,0.444,0.000,1722713,0,0,171258
895,5.8435,1.935,1.841,1.832,0.000,0.686,0.000,1927459,0,0,171258
896,5.8454,1.879,1.760,1.751,0.000,0.716,0.000,1871210,0,0,171258
897,5.8474,1.992,1.730,1.722,0.000,0.396,0.000,1984126,0,0,171258
898,5.8493,1.965,1.935,1.926,0.000,0.408,0.000,1957448,0,0,171258
899,5.8512,1.909,1.879,1.870,0.000,0.394,0.000,1900503,0,0,171258
900,5.8531,1.893,1.992,1.983,0.000,0.411,0.000,1885517,0,0,171258
901,5.8560,1.810,1.965,1.956,0.000,0.749,0.000,1802079,0,0,171258
902,5.8581,2.979,1.909,1.899,0.000,0.519,0.000,2971905,0,0,171354
903,5.8600,2.157,1.893,1.884,0.000,0.371,0.000,2148952,0,0,171258
904,5.8620,1.860,1.810,1.801,0.000,0.408,0.000,1851493,0,0,171258
905,5.8638,1.909,2.980,2.971,0.000,0.376,0.000,1900860,0,0,171258
906,5.8655,1.760,2.157,2.147,0.000,0.747,0.000,1751817,0,0,171258
907,5.8672,1.694,1.859,1.850,0.000,0.394,0.000,1686267,0,0,171258
908,5.8690,1.749,1.909,1.900,0.000,0.293,0.000,1742349,0,0,171258
909,5.8708,1.788,1.760,1.751,0.000,0.369,0.000,1780285,0,0,209942
910,5.8725,1.780,1.693,1.685,0.000,0.354,0.000,1773255,0,0,171258
911,5.8743,1.749,1.750,1.741,0.000,0.357,0.000,1741643,0,0,171258
912,5.8761,1.784,1.788,1.779,0.000,0.309,0.000,1777178,0,0,171258
913,5.8779,1.810,1.781,1.772,0.000,0.690,0.000,1803035,0,0,171258
914,5.8810,1.905,1.748,1.740,0.000,0.403,0.000,1897666,0,0,171258
915,5.8835,3.352,1.784,1.776,0.000,0.372,0.000,3343882,0,0,171258
916,5.8858,2.463,1.810,1.802,0.000,0.492,0.000,2452823,0,0,171258
917,5.8878,2.104,1.906,1.896,0.000,0.478,0.000,2095024,0,0,171258
918,5.8899,2.060,3.354,3.343,0.000,0.452,0.000,2051408,0,0,171258
919,5.8918,1.985,2.462,2.451,0.000,0.411,0.000,1976192,0,0,171258
920,5.8940,2.076,2.103,2.094,0.000,0.353,0.000,2068580,0,0,171258
921,5.8961,2.140,2.060,2.050,0.000,0.406,0.000,2130485,0,0,171258
922,5.8980,2.016,1.984,1.975,0.000,0.516,0.000,2007379,0,0,171258
923,5.8999,1.918,2.078,2.067,0.000,0.390,0.000,1909595,0,0,171258
924,5.9020,1.903,2.139,2.129,0.000,0.740,0.000,1895907,0,0,171258
925,5.9041,2.193,2.015,2.006,0.000,0.487,0.000,2186365,0,0,171258
926,5.9061,2.037,1.917,1.908,0.000,0.399,0.000,2027546,0,0,171258
927,5.9081,1.921,1.903,1.895,0.000,0.378,0.000,1913617,0,0,171258
928,5.9113,1.980,2.196,2.185,0.000,0.737,0.000,1972443,0,0,171258
929,5.9136,3.434,2.035,2.026,0.000,0.375,0.000,3425472,0,0,171258
930,5.9157,2.203,1.921,1.912,0.000,0.402,0.000,2193272,0,0,171258
931,5.9177,2.016,1.981,1.971,0.000,0.440,0.000,2007031,0,0,171258
932,5.9199,2.032,3.435,3.424,0.000,0.357,0.000,2024179,0,0,171354
933,5.9223,2.395,2.202,2.192,0.000,0.362,0.000,2387694,0,0,171258
934,5.9242,2.174,2.015,2.006,0.000,0.316,0.000,2163358,0,0,171258
935,5.9262,1.896,2.032,2.023,0.000,0.543,0.000,1887382,0,0,171258
936,5.9281,1.927,2.399,2.386,0.000,0.400,0.000,1918525,0,0,171258
937,5.9300,1.889,2.172,2.162,0.000,0.345,0.000,1880311,0,0,171258
938,5.9318,1.892,1.896,1.886,0.000,0.383,0.000,1884113,0,0,171258
939,5.9337,1.867,1.927,1.917,0.000,0.387,0.000,1859280,0,0,171258
940,5.9355,1.794,1.888,1.879,0.000,0.393,0.000,1786953,0,0,171258
941,5.9373,1.816,1.891,1.883,0.000,0.361,0.000,1808705,0,0,171258
942,5.9403,1.861,1.867,1.858,0.000,0.382,0.000,1853854,0,0,171258
943,5.9424,3.030,1.794,1.786,0.000,0.354,0.000,3021545,0,0,171258
944,5.9443,2.032,1.816,1.808,0.000,0.329,0.000,2023846,0,0,171258
945,5.9462,1.922,1.863,1.853,0.000,0.801,0.000,1913330,0,0,171258
946,5.9480,1.874,3.030,3.020,0.000,0.784,0.000,1867096,0,0,171258
947,5.9497,1.759,2.033,2.023,0.000,0.378,0.000,1752314,0,0,171258
948,5.9515,1.752,1.920,1.912,0.000,0.633,0.000,1744260,0,0,171258
949,5.9533,1.771,1.874,1.866,0.000,0.403,0.000,1763980,0,0,171258
950,5.9551,1.821,1.759,1.751,0.000,0.443,0.000,1812841,0,0,171258
951,5.9569,1.788,1.751,1.743,0.000,0.699,0.000,1781015,0,0,171258
952,5.9586,1.773,1.772,1.763,0.000,0.732,0.000,1766186,0,0,171258
953,5.9604,1.762,1.820,1.812,0.000,0.647,0.000,1754704,0,0,171258
954,5.9623,1.770,1.788,1.780,0.000,0.384,0.000,1762406,0,0,171258
955,5.9642,1.881,1.773,1.765,0.000,0.419,0.000,1873865,0,0,171258
956,5.9672,2.979,1.762,1.753,0.000,0.356,0.000,2972083,0,0,171258
957,5.9690,1.973,1.769,1.761,0.000,0.342,0.000,1965422,0,0,171258
958,5.9708,1.813,1.881,1.873,0.000,0.777,0.000,1806158,0,0,171258
959,5.9726,1.768,2.980,2.971,0.000,0.386,0.000,1760592,0,0,171258
960,5.9743,1.735,1.972,1.964,0.000,0.299,0.000,1727613,0,0,171258
961,5.9762,1.853,1.813,1.805,0.000,0.351,0.000,1845165,0,0,189869
962,5.9779,1.788,1.767,1.759,0.000,0.426,0.000,1781059,0,0,171354
963,5.9796,1.708,1.735,1.726,0.000,0.353,0.000,1700909,0,0,171258
964,5.9815,1.713,1.852,1.844,0.000,0.297,0.000,1705805,0,0,171258
965,5.9832,1.811,1.788,1.780,0.000,0.376,0.000,1803743,0,0,171258
966,5.9850,1.783,1.708,1.700,0.000,0.324,0.000,1774374,0,0,171258
967,5.9867,1.760,1.713,1.705,0.000,0.324,0.000,1752483,0,0,171258
968,5.9884,1.676,1.812,1.803,0.000,0.353,0.000,1668783,0,0,171258
969,5.9911,1.659,1.782,1.773,0.000,0.354,0.000,1652439,0,0,171258
970,5.9929,2.851,1.759,1.751,0.000,0.321,0.000,2843869,0,0,171258
971,5.9947,1.790,1.676,1.668,0.000,0.340,0.000,1781934,0,0,171258
972,5.9963,1.661,1.660,1.651,0.000,0.335,0.000,1653919,0,0,171258
973,5.9980,1.649,2.852,2.843,0.000,0.280,0.000,1642356,0,0,171258
974,5.9996,1.679,1.789,1.781,0.000,0.267,0.000,1672292,0,0,171258
975,6.0014,1.632,1.661,1.653,0.000,0.273,0.000,1624953,0,0,171258
976,6.0030,1.720,1.649,1.641,0.000,0.679,0.000,1713609,0,0,171258
977,6.0047,1.633,1.679,1.671,0.000,0.350,0.000,1626273,0,0,171258
978,6.0064,1.689,1.631,1.624,0.000,0.276,0.000,1682264,0,0,171258
979,6.0082,1.799,1.721,1.712,0.000,0.269,0.000,1791753,0,0,171258
980,6.0099,1.712,1.633,1.625,0.000,0.758,0.000,1704639,0,0,171258
981,6.0117,1.768,1.689,1.681,0.000,0.348,0.000,1761497,0,0,171258
982,6.0134,1.770,1.799,1.791,0.000,0.363,0.000,1762720,0,0,171258
983,6.0162,1.701,1.711,1.703,0.000,0.537,0.000,1693651,0,0,171258
984,6.0182,2.978,1.769,1.760,0.000,0.359,0.000,2970945,0,0,171258
985,6.0200,1.865,1.770,1.761,0.000,0.333,0.000,1856778,0,0,171258
986,6.0219,1.831,1.701,1.693,0.000,0.363,0.000,1823771,0,0,171258
987,6.0237,1.898,2.979,2.970,0.000,0.744,0.000,1891710,0,0,171258
988,6.0254,1.718,1.864,1.855,0.000,0.375,0.000,1710507,0,0,171258
989,6.0271,1.717,1.830,1.823,0.000,0.540,0.000,1710026,0,0,171258
990,6.0289,1.734,1.899,1.891,0.000,0.431,0.000,1727360,0,0,171258
991,6.0308,1.832,1.718,1.709,0.000,0.290,0.000,1824198,0,0,171258
992,6.0328,1.983,1.717,1.709,0.000,0.371,0.000,1974453,0,0,171354
993,6.0348,1.933,1.735,1.726,0.000,0.532,0.000,1925073,0,0,171258
994,6.0368,2.091,1.832,1.823,0.000,0.758,0.000,2082946,0,0,171258
995,6.0389,2.031,1.983,1.973,0.000,0.724,0.000,2023437,0,0,171258
996,6.0409,2.078,1.933,1.924,0.000,0.721,0.000,2070640,0,0,171258
997,6.0443,2.001,2.091,2.082,0.000,0.464,0.000,1992399,0,0,171258
998,6.0465,3.514,2.031,2.022,0.000,0.438,0.000,3506242,0,0,171258
999,6.0494,2.422,2.080,2.069,0.000,0.415,0.000,2412602,0,0,171258
1000,6.0517,2.829,2.000,1.991,0.000,0.420,0.000,2817333,0,0,171258
1001,6.0538,2.046,3.516,3.505,0.000,0.357,0.000,2037307,0,0,171260
1002,6.0557,1.981,2.424,2.411,0.000,0.375,0.000,1973268,0,0,171820
1003,6.0576,1.880,2.825,2.815,0.000,0.768,0.000,1872706,0,0,171316
1004,6.0594,1.871,2.045,2.036,0.000,0.369,0.000,1863323,0,0,171260
1005,6.0615,1.871,1.981,1.972,0.000,0.322,0.000,1860462,0,0,171260
1006,6.0635,2.174,1.880,1.871,0.000,0.360,0.000,2166328,0,0,171260
1007,6.0654,1.963,1.874,1.862,0.000,0.314,0.000,1954151,0,0,171260
1008,6.0673,1.881,1.868,1.859,0.000,0.333,0.000,1872214,0,0,171260
1009,6.0700,1.944,2.175,2.165,0.000,0.327,0.000,1935679,0,0,171260
1010,6.0723,2.964,1.963,1.953,0.000,0.392,0.000,2955232,0,0,171260
1011,6.0756,2.093,1.881,1.871,0.000,0.369,0.000,2084047,0,0,171260
1012,6.0778,3.326,1.945,1.934,0.000,0.774,0.000,3318487,0,0,171260
1013,6.0798,2.113,2.964,2.954,0.000,0.372,0.000,2104146,0,0,187676
1014,6.0819,1.999,2.092,2.083,0.000,0.385,0.000,1990392,0,0,171260
1015,6.0839,2.141,3.327,3.317,0.000,0.375,0.000,2132326,0,0,171260
1016,6.0858,1.843,2.113,2.103,0.000,0.458,0.000,1834663,0,0,171260
1017,6.0877,1.905,1.999,1.989,0.000,0.323,0.000,1896842,0,0,171260
1018,6.0895,1.891,2.141,2.131,0.000,0.315,0.000,1883693,0,0,171260
1019,6.0912,1.780,1.842,1.833,0.000,0.398,0.000,1772039,0,0,171260
1020,6.0930,1.741,1.905,1.896,0.000,0.319,0.000,1733964,0,0,171260
1021,6.0949,1.836,1.891,1.882,0.000,0.300,0.000,1828188,0,0,171260
1022,6.0966,1.841,1.779,1.771,0.000,0.751,0.000,1833419,0,0,171356
1023,6.0984,1.731,1.741,1.733,0.000,0.366,0.000,1723026,0,0,171260
1024,6.1012,1.765,1.836,1.827,0.000,0.718,0.000,1756901,0,0,171260
1025,6.1033,2.853,1.841,1.832,0.000,0.467,0.000,2845547,0,0,171260
1026,6.1053,2.129,1.731,1.722,0.000,0.311,0.000,2121100,0,0,171260
1027,6.1073,2.064,1.764,1.756,0.000,0.319,0.000,2055260,0,0,171260
1028,6.1092,1.958,2.854,2.844,0.000,0.324,0.000,1950771,0,0,171260
1029,6.1112,1.951,2.129,2.120,0.000,0.318,0.000,1942301,0,0,171260
1030,6.1131,1.938,2.063,2.054,0.000,0.742,0.000,1929950,0,0,171260
1031,6.1150,1.846,1.959,1.950,0.000,0.344,0.000,1837861,0,0,171260
1032,6.1169,1.943,1.950,1.941,0.000,0.320,0.000,1935212,0,0,171260
1033,6.1188,1.850,1.938,1.929,0.000,0.296,0.000,1842107,0,0,171260
1034,6.1206,1.860,1.845,1.837,0.000,0.363,0.000,1852186,0,0,171260
1035,6.1225,1.814,1.943,1.934,0.000,0.757,0.000,1806842,0,0,171260
1036,6.1244,1.976,1.850,1.841,0.000,0.679,0.000,1968623,0,0,171260
1037,6.1264,1.929,1.859,1.851,0.000,0.726,0.000,1921782,0,0,171260
1038,6.1293,1.926,1.814,1.806,0.000,0.714,0.000,1917109,0,0,171260
1039,6.1313,3.042,1.976,1.967,0.000,0.696,0.000,3034357,0,0,171260
1040,6.1332,1.955,1.930,1.921,0.000,0.672,0.000,1947345,0,0,171820
1041,6.1352,1.860,1.924,1.916,0.000,0.702,0.000,1851886,0,0,171316
1042,6.1380,2.374,3.042,3.033,0.000,0.391,0.000,2367602,0,0,171260
1043,6.1410,2.877,1.955,1.946,0.000,0.318,0.000,2865548,0,0,171260
1044,6.1434,2.780,1.859,1.851,0.000,0.388,0.000,2758609,0,0,171260
1045,6.1454,2.140,2.379,2.366,0.000,0.473,0.000,2131615,0,0,171260
1046,6.1475,2.201,2.887,2.864,0.000,0.396,0.000,2192841,0,0,171260
1047,6.1495,1.949,2.766,2.757,0.000,0.643,0.000,1941044,0,0,171260
1048,6.1514,1.986,2.140,2.130,0.000,0.365,0.000,1978900,0,0,171260
1049,6.1533,1.880,2.200,2.192,0.000,0.338,0.000,1872744,0,0,171260
1050,6.1553,1.952,1.948,1.940,0.000,0.732,0.000,1945315,0,0,171260
1051,6.1572,1.930,1.986,1.978,0.000,0.709,0.000,1922559,0,0,171260
1052,6.1602,1.950,1.879,1.872,0.000,0.364,0.000,1942682,0,0,171356
1053,6.1625,2.968,1.953,1.944,0.000,0.353,0.000,2960181,0,0,171260
1054,6.1644,2.266,1.930,1.921,0.000,0.316,0.000,2257702,0,0,171260
1055,6.1663,1.890,1.950,1.941,0.000,0.321,0.000,1875047,0,0,171260
1056,6.1680,1.832,2.968,2.959,0.000,0.389,0.000,1824593,0,0,171260
1057,6.1699,1.783,2.273,2.257,0.000,0.342,0.000,1775384,0,0,171260
1058,6.1717,1.849,1.882,1.873,0.000,0.337,0.000,1842265,0,0,171260
1059,6.1735,1.776,1.832,1.823,0.000,0.280,0.000,1769171,0,0,171260
1060,6.1752,1.755,1.782,1.774,0.000,0.330,0.000,1747250,0,0,171260
1061,6.1770,1.788,1.850,1.841,0.000,0.296,0.000,1780564,0,0,171260
1062,6.1789,1.837,1.776,1.768,0.000,0.269,0.000,1829297,0,0,171260
1063,6.1806,1.819,1.755,1.746,0.000,0.369,0.000,1811906,0,0,171260
1064,6.1826,1.740,1.788,1.780,0.000,0.301,0.000,1732494,0,0,171260
1065,6.1845,2.006,1.836,1.828,0.000,0.291,0.000,1999148,0,0,171260
1066,6.1877,1.996,1.819,1.811,0.000,0.292,0.000,1988778,0,0,171260
1067,6.1899,3.339,1.739,1.731,0.000,0.360,0.000,3330798,0,0,171260
1068,6.1924,2.517,2.007,1.998,0.000,0.427,0.000,2506337,0,0,171260
1069,6.1950,2.540,1.997,1.987,0.000,0.919,0.000,2531906,0,0,171260
1070,6.1971,2.179,3.341,3.330,0.000,0.418,0.000,2169825,0,0,171260
1071,6.1992,2.078,2.515,2.505,0.000,0.797,0.000,2069396,0,0,171260
1072,6.2015,2.129,2.541,2.531,0.000,0.774,0.000,2119721,0,0,171260
1073,6.2042,2.309,2.178,2.168,0.000,0.409,0.000,2300643,0,0,171260
1074,6.2064,2.873,2.078,2.068,0.000,0.366,0.000,2859333,0,0,171260
1075,6.2089,2.044,2.128,2.118,0.000,0.415,0.000,2036332,0,0,171260
1076,6.2113,2.722,2.315,2.299,0.000,0.355,0.000,2713514,0,0,171260
1077,6.2134,2.139,2.867,2.857,0.000,0.823,0.000,2128533,0,0,171260
1078,6.2154,2.040,2.046,2.035,0.000,0.382,0.000,2031989,0,0,171260
1079,6.2173,1.961,2.724,2.712,0.000,0.421,0.000,1952415,0,0,171260
1080,6.2203,1.924,2.136,2.127,0.000,0.410,0.000,1916385,0,0,171260
1081,6.2226,3.119,2.040,2.031,0.000,0.335,0.000,3107178,0,0,190033
1082,6.2245,2.180,1.960,1.951,0.000,0.766,0.000,2171319,0,0,171356
1083,6.2264,1.897,1.928,1.915,0.000,0.844,0.000,1888577,0,0,171260
1084,6.2283,1.890,3.116,3.106,0.000,0.699,0.000,1882388,0,0,171260
1085,6.2302,1.915,2.179,2.170,0.000,0.434,0.000,1907851,0,0,171260
1086,6.2322,1.908,1.896,1.887,0.000,0.379,0.000,1899970,0,0,171260
1087,6.2341,1.939,1.890,1.881,0.000,0.371,0.000,1930722,0,0,171260
1088,6.2360,1.927,1.915,1.906,0.000,0.773,0.000,1919505,0,0,171260
1089,6.2380,1.937,1.908,1.899,0.000,0.709,0.000,1928292,0,0,171260
1090,6.2399,1.945,1.938,1.929,0.000,0.367,0.000,1937323,0,0,171260
1091,6.2421,1.990,1.928,1.918,0.000,0.340,0.000,1981529,0,0,171260
1092,6.2440,2.104,1.936,1.927,0.000,0.762,0.000,2095781,0,0,171260
1093,6.2458,1.850,1.945,1.936,0.000,0.701,0.000,1842192,0,0,171260
1094,6.2489,1.921,1.990,1.980,0.000,0.704,0.000,1913401,0,0,171260
1095,6.2511,3.218,2.104,2.094,0.000,0.699,0.000,3210891,0,0,171260
1096,6.2531,2.079,1.849,1.841,0.000,0.376,0.000,2070691,0,0,171260
1097,6.2551,2.011,1.921,1.912,0.000,0.845,0.000,2002547,0,0,171260
1098,6.2570,1.970,3.220,3.210,0.000,0.718,0.000,1961883,0,0,171260
1099,6.2589,1.908,2.079,2.069,0.000,0.706,0.000,1900501,0,0,171260
1100,6.2609,1.902,2.010,2.001,0.000,0.327,0.000,1894277,0,0,171260
1101,6.2630,1.968,1.970,1.961,0.000,0.727,0.000,1960552,0,0,171260
1102,6.2651,2.192,1.908,1.899,0.000,0.709,0.000,2183182,0,0,171260
1103,6.2670,2.005,1.902,1.893,0.000,0.728,0.000,1996485,0,0,171260
1104,6.2691,2.000,1.969,1.959,0.000,0.605,0.000,1992540,0,0,171260
1105,6.2713,2.086,2.192,2.182,0.000,0.517,0.000,2077780,0,0,171260
1106,6.2734,2.215,2.004,1.995,0.000,0.755,0.000,2205684,0,0,171260
1107,6.2754,2.047,2.001,1.991,0.000,0.768,0.000,2038215,0,0,171260
1108,6.2804,1.954,2.087,2.076,0.000,0.794,0.000,1943339,0,0,171260
1109,6.2834,5.490,2.214,2.204,0.000,0.581,0.000,5482703,0,0,171260
1110,6.2863,3.396,2.049,2.037,0.000,0.344,0.000,3387686,0,0,171260
1111,6.2883,2.059,1.951,1.942,0.000,0.777,0.000,2048752,0,0,171260
1112,6.2901,1.936,5.492,5.481,0.000,0.383,0.000,1928445,0,0,171356
1113,6.2919,1.762,3.397,3.386,0.000,0.769,0.000,1755402,0,0,171260
1114,6.2936,1.719,2.055,2.046,0.000,0.676,0.000,1711449,0,0,171260
1115,6.2954,1.722,1.935,1.927,0.000,0.647,0.000,1715395,0,0,171260
1116,6.2971,1.784,1.762,1.754,0.000,0.379,0.000,1776915,0,0,171260
1117,6.2989,1.799,1.718,1.710,0.000,0.340,0.000,1791592,0,0,171260
1118,6.3006,1.701,1.722,1.714,0.000,0.270,0.000,1694458,0,0,171260
1119,6.3024,1.691,1.784,1.776,0.000,0.282,0.000,1683952,0,0,171260
1120,6.3041,1.830,1.799,1.790,0.000,0.259,0.000,1823308,0,0,171260
1121,6.3058,1.712,1.702,1.693,0.000,0.260,0.000,1704499,0,0,171260
1122,6.3076,1.719,1.691,1.683,0.000,0.680,0.000,1712097,0,0,171260
1123,6.3103,1.723,1.831,1.822,0.000,0.674,0.000,1716411,0,0,171260
1124,6.3122,2.801,1.711,1.703,0.000,0.638,0.000,2794315,0,0,171260
1125,6.3139,1.849,1.719,1.711,0.000,0.677,0.000,1842274,0,0,171260
1126,6.3157,1.725,1.723,1.715,0.000,0.646,0.000,1718633,0,0,171260
1127,6.3174,1.751,2.802,2.793,0.000,0.641,0.000,1743926,0,0,171260
1128,6.3191,1.677,1.849,1.841,0.000,0.638,0.000,1670034,0,0,171260
1129,6.3209,1.793,1.726,1.718,0.000,0.621,0.000,1786564,0,0,171260
1130,6.3230,1.864,1.751,1.741,0.000,0.638,0.000,1857327,0,0,171260
1131,6.3249,2.100,1.677,1.669,0.000,0.709,0.000,2093103,0,0,171260
1132,6.3267,1.848,1.794,1.785,0.000,0.366,0.000,1839655,0,0,171260
1133,6.3285,1.754,1.865,1.856,0.000,0.325,0.000,1746885,0,0,171260
1134,6.3302,1.756,2.102,2.092,0.000,0.472,0.000,1748955,0,0,171260
1135,6.3319,1.668,1.847,1.838,0.000,0.300,0.000,1660851,0,0,171260
1136,6.3335,1.705,1.754,1.746,0.000,0.307,0.000,1698365,0,0,171260
1137,6.3363,1.654,1.756,1.748,0.000,0.273,0.000,1647723,0,0,171260
1138,6.3382,2.924,1.668,1.660,0.000,0.256,0.000,2917154,0,0,171260
1139,6.3401,1.893,1.705,1.697,0.000,0.362,0.000,1885432,0,0,171260
1140,6.3421,1.865,1.655,1.647,0.000,0.333,0.000,1858075,0,0,171260
1141,6.3440,2.008,2.925,2.916,0.000,0.297,0.000,2000784,0,0,171260
1142,6.3459,1.881,1.893,1.884,0.000,0.304,0.000,1872904,0,0,171356
1143,6.3480,2.070,1.866,1.857,0.000,0.289,0.000,2062368,0,0,171260
1144,6.3504,2.146,2.009,2.000,0.000,0.304,0.000,2137556,0,0,171260
1145,6.3527,2.357,1.880,1.872,0.000,0.771,0.000,2348957,0,0,171260
1146,6.3554,2.500,2.071,2.061,0.000,0.839,0.000,2491648,0,0,171260
1147,6.3579,2.702,2.146,2.136,0.000,0.447,0.000,2689118,0,0,171260
1148,6.3604,2.480,2.358,2.347,0.000,0.577,0.000,2469301,0,0,171260
1149,6.3629,2.364,2.505,2.490,0.000,0.475,0.000,2354101,0,0,171260
1150,6.3659,2.629,2.700,2.687,0.000,0.463,0.000,2619389,0,0,171260
1151,6.3754,3.413,2.479,2.468,0.000,0.498,0.000,3403090,0,0,171260
1152,6.3809,10.401,2.364,2.353,0.000,0.443,0.000,10385408,0,0,171260
1153,6.3872,5.683,2.630,2.618,0.000,0.685,0.000,5665354,0,0,171262
1154,6.3912,5.746,3.420,3.402,0.000,1.370,0.000,5729575,0,0,171260
1155,6.3944,3.403,10.403,10.383,0.000,0.843,0.000,3376865,0,0,171260
1156,6.3974,3.119,5.681,5.663,0.000,0.695,0.000,3107003,0,0,171260
1157,6.4001,2.770,5.755,5.727,0.000,0.580,0.000,2758855,0,0,171260
1158,6.4028,2.653,3.389,3.374,0.000,0.987,0.000,2643658,0,0,171260
1159,6.4051,2.551,3.118,3.105,0.000,0.949,0.000,2541067,0,0,171260
1160,6.4074,2.302,2.769,2.757,0.000,0.889,0.000,2292499,0,0,171260
1161,6.4098,2.332,2.653,2.642,0.000,0.436,0.000,2322519,0,0,171260
1162,6.4122,2.375,2.552,2.539,0.000,0.429,0.000,2365424,0,0,171260
1163,6.4152,3.017,2.300,2.289,0.000,0.595,0.000,3007787,0,0,171260
1164,6.4178,2.576,2.332,2.321,0.000,0.426,0.000,2566231,0,0,171260
1165,6.4218,3.699,2.375,2.364,0.000,0.663,0.000,3688637,0,0,171260
1166,6.4242,2.741,3.018,3.006,0.000,0.496,0.000,2730148,0,0,171260
1167,6.4265,2.388,2.577,2.564,0.000,0.461,0.000,2377744,0,0,171260
1168,6.4292,2.457,3.699,3.687,0.000,0.451,0.000,2447634,0,0,171260
1169,6.4317,2.547,2.740,2.728,0.000,0.943,0.000,2537854,0,0,171260
1170,6.4353,3.365,2.387,2.376,0.000,0.448,0.000,3355772,0,0,171260
1171,6.4379,2.903,2.456,2.446,0.000,0.514,0.000,2885852,0,0,171260
1172,6.4404,2.583,2.548,2.536,0.000,0.520,0.000,2571458,0,0,171356
1173,6.4437,2.485,3.376,3.354,0.000,0.514,0.000,2475490,0,0,171260
1174,6.4472,3.817,2.894,2.881,0.000,0.376,0.000,3806177,0,0,171260
1175,6.4500,3.220,2.582,2.570,0.000,0.951,0.000,3205808,0,0,271736
1176,6.4521,2.281,2.485,2.473,0.000,0.507,0.000,2269501,0,0,171260
1177,6.4544,2.197,3.821,3.805,0.000,0.382,0.000,2187976,0,0,171260
1178,6.4581,2.500,3.217,3.204,0.000,0.394,0.000,2491133,0,0,171260
1179,6.4607,3.681,2.278,2.268,0.000,0.416,0.000,3671752,0,0,171260
1180,6.4632,2.525,2.197,2.187,0.000,0.796,0.000,2513253,0,0,171260
1181,6.4660,2.515,2.500,2.490,0.000,0.498,0.000,2506044,0,0,171260
1182,6.4696,3.402,3.683,3.670,0.000,0.411,0.000,3393060,0,0,171260
1183,6.4718,2.912,2.523,2.512,0.000,0.512,0.000,2898269,0,0,171260
1184,6.4739,2.174,2.515,2.504,0.000,0.495,0.000,2165085,0,0,171260
1185,6.4763,2.182,3.407,3.392,0.000,0.447,0.000,2174128,0,0,171260
1186,6.4784,2.226,2.907,2.896,0.000,0.427,0.000,2214563,0,0,171260
1187,6.4804,2.039,2.173,2.164,0.000,0.564,0.000,2030976,0,0,171260
1188,6.4827,2.094,2.186,2.173,0.000,0.436,0.000,2086542,0,0,171260
1189,6.4847,2.251,2.223,2.213,0.000,0.377,0.000,2241020,0,0,171260
1190,6.4867,2.038,2.039,2.030,0.000,0.416,0.000,2028729,0,0,171260
1191,6.4886,1.896,2.096,2.085,0.000,0.424,0.000,1888447,0,0,171260
1192,6.4917,1.829,2.250,2.240,0.000,0.324,0.000,1820348,0,0,171260
1193,6.4938,3.291,2.037,2.027,0.000,0.354,0.000,3283229,0,0,171260
1194,6.4959,2.197,1.897,1.887,0.000,0.795,0.000,2188987,0,0,171260
1195,6.4979,1.988,1.830,1.819,0.000,0.848,0.000,1980694,0,0,171260
1196,6.4997,1.826,3.290,3.280,0.000,0.725,0.000,1819291,0,0,171260
1197,6.5016,1.792,2.196,2.188,0.000,0.522,0.000,1785011,0,0,171260
1198,6.5034,1.921,1.988,1.979,0.000,0.737,0.000,1914065,0,0,171260
1199,6.5051,1.775,1.826,1.818,0.000,0.684,0.000,1766758,0,0,171260
1200,6.5068,1.703,1.792,1.784,0.000,0.751,0.000,1695937,0,0,171260
1201,6.5087,1.825,1.922,1.913,0.000,0.710,0.000,1818126,0,0,190113
1202,6.5105,1.840,1.774,1.766,0.000,0.689,0.000,1832574,0,0,171356
1203,6.5124,1.840,1.703,1.695,0.000,0.712,0.000,1832639,0,0,171260
1204,6.5142,1.821,1.825,1.817,0.000,0.394,0.000,1813812,0,0,171260
1205,6.5182,1.761,1.840,1.831,0.000,0.406,0.000,1753601,0,0,171260
1206,6.5211,4.633,1.840,1.831,0.000,0.354,0.000,4625840,0,0,171260
1207,6.5240,2.804,1.821,1.813,0.000,0.300,0.000,2792615,0,0,171260
1208,6.5266,2.758,1.761,1.752,0.000,0.343,0.000,2746897,0,0,171260
1209,6.5287,2.507,4.639,4.625,0.000,0.387,0.000,2496389,0,0,171260
1210,6.5305,1.860,2.802,2.790,0.000,0.339,0.000,1852635,0,0,171260
1211,6.5323,1.805,2.758,2.745,0.000,0.362,0.000,1797238,0,0,171260
1212,6.5343,2.053,2.503,2.495,0.000,0.687,0.000,2046582,0,0,171820
1213,6.5360,1.665,1.860,1.851,0.000,0.662,0.000,1657294,0,0,171316
1214,6.5387,2.174,1.804,1.796,0.000,0.388,0.000,2167364,0,0,171260
1215,6.5412,2.585,2.054,2.045,0.000,0.318,0.000,2574108,0,0,171260
1216,6.5432,2.346,1.663,1.656,0.000,0.760,0.000,2335683,0,0,171260
1217,6.5448,1.748,2.178,2.166,0.000,0.671,0.000,1741353,0,0,171260
1218,6.5464,1.640,2.584,2.573,0.000,0.698,0.000,1633627,0,0,171260
1219,6.5491,1.589,2.342,2.334,0.000,0.642,0.000,1582721,0,0,171260
1220,6.5508,2.741,1.748,1.740,0.000,0.622,0.000,2734709,0,0,171260
1221,6.5525,1.728,1.640,1.633,0.000,0.362,0.000,1721199,0,0,171260
1222,6.5543,1.744,1.589,1.582,0.000,0.352,0.000,1737370,0,0,171260
1223,6.5560,1.700,2.742,2.734,0.000,0.332,0.000,1693137,0,0,171260
1224,6.5576,1.656,1.728,1.720,0.000,0.309,0.000,1648646,0,0,171260
1225,6.5594,1.715,1.744,1.736,0.000,0.290,0.000,1708659,0,0,171260
1226,6.5619,1.866,1.700,1.692,0.000,0.329,0.000,1859126,0,0,171260
1227,6.5639,2.612,1.655,1.648,0.000,0.285,0.000,2601024,0,0,171260
1228,6.5656,1.755,1.715,1.708,0.000,0.347,0.000,1747822,0,0,171260
1229,6.5674,1.793,1.870,1.858,0.000,0.353,0.000,1784912,0,0,171260
1230,6.5690,1.689,2.608,2.600,0.000,0.730,0.000,1681471,0,0,171260
1231,6.5707,1.639,1.756,1.747,0.000,0.717,0.000,1632397,0,0,171260
1232,6.5726,1.836,1.792,1.784,0.000,0.652,0.000,1829212,0,0,171356
1233,6.5755,1.832,1.688,1.680,0.000,0.333,0.000,1824269,0,0,171260
1234,6.5775,3.003,1.639,1.631,0.000,0.387,0.000,2995678,0,0,171260
1235,6.5792,1.826,1.836,1.828,0.000,0.351,0.000,1817180,0,0,171260
1236,6.5809,1.699,1.832,1.823,0.000,0.339,0.000,1691365,0,0,171260
1237,6.5828,1.760,3.004,2.994,0.000,0.278,0.000,1753105,0,0,171260
1238,6.5845,1.847,1.824,1.816,0.000,0.677,0.000,1839635,0,0,171260
1239,6.5862,1.700,1.698,1.690,0.000,0.396,0.000,1692726,0,0,171260
1240,6.5879,1.671,1.760,1.752,0.000,0.702,0.000,1664349,0,0,171260
1241,6.5897,1.768,1.847,1.838,0.000,0.661,0.000,1760800,0,0,171260
1242,6.5914,1.733,1.700,1.692,0.000,0.627,0.000,1726246,0,0,171260
1243,6.5932,1.824,1.671,1.663,0.000,0.362,0.000,1817486,0,0,171260
1244,6.5950,1.753,1.768,1.760,0.000,0.450,0.000,1745213,0,0,171260
1245,6.5967,1.711,1.733,1.725,0.000,0.323,0.000,1703986,0,0,171260
1246,6.5984,1.726,1.825,1.816,0.000,0.295,0.000,1718782,0,0,171260
1247,6.6012,1.731,1.752,1.744,0.000,0.384,0.000,1723901,0,0,171260
1248,6.6033,2.910,1.711,1.703,0.000,0.345,0.000,2902936,0,0,171260
1249,6.6051,2.022,1.726,1.718,0.000,0.318,0.000,2014492,0,0,171260
1250,6.6069,1.832,1.731,1.723,0.000,0.382,0.000,1825294,0,0,171260
1251,6.6087,1.770,2.911,2.902,0.000,0.320,0.000,1763217,0,0,171260
1252,6.6104,1.756,2.022,2.013,0.000,0.636,0.000,1749609,0,0,171260
1253,6.6122,1.736,1.832,1.824,0.000,0.360,0.000,1729330,0,0,171260
1254,6.6141,1.873,1.770,1.762,0.000,0.308,0.000,1866326,0,0,171260
1255,6.6158,1.773,1.756,1.748,0.000,0.287,0.000,1764188,0,0,171260
1256,6.6175,1.685,1.736,1.728,0.000,0.707,0.000,1678127,0,0,171260
1257,6.6192,1.699,1.876,1.865,0.000,0.397,0.000,1692580,0,0,171260
1258,6.6210,1.747,1.771,1.763,0.000,0.371,0.000,1739254,0,0,171260
1259,6.6232,1.986,1.685,1.677,0.000,0.469,0.000,1978839,0,0,171260
1260,6.6250,2.063,1.700,1.691,0.000,0.318,0.000,2054640,0,0,171260
1261,6.6281,1.853,1.746,1.738,0.000,0.774,0.000,1845117,0,0,171260
1262,6.6303,3.292,1.988,1.978,0.000,0.735,0.000,3285012,0,0,171356
1263,6.6326,2.226,2.062,2.053,0.000,0.741,0.000,2216494,0,0,171260
1264,6.6348,2.153,1.853,1.844,0.000,0.915,0.000,2144304,0,0,171260
1265,6.6370,2.241,3.295,3.284,0.000,0.447,0.000,2232533,0,0,171260
1266,6.6391,2.166,2.225,2.215,0.000,0.642,0.000,2157722,0,0,171260
1267,6.6414,2.162,2.153,2.143,0.000,0.432,0.000,2153778,0,0,171260
1268,6.6436,2.312,2.241,2.231,0.000,0.466,0.000,2302104,0,0,171260
1269,6.6461,2.380,2.166,2.156,0.000,0.554,0.000,2370993,0,0,171260
1270,6.6484,2.367,2.164,2.152,0.000,0.440,0.000,2354002,0,0,171260
1271,6.6507,2.345,2.311,2.301,0.000,0.601,0.000,2334764,0,0,171260
1272,6.6527,2.121,2.383,2.370,0.000,0.859,0.000,2112134,0,0,171260
1273,6.6547,1.996,2.364,2.353,0.000,0.438,0.000,1986858,0,0,171260
1274,6.6569,2.075,2.343,2.333,0.000,0.386,0.000,2067376,0,0,171260
1275,6.6601,2.067,2.121,2.111,0.000,0.795,0.000,2057384,0,0,171260
1276,6.6626,3.303,1.995,1.986,0.000,0.418,0.000,3295286,0,0,171260
1277,6.6648,2.580,2.078,2.066,0.000,0.780,0.000,2570676,0,0,171260
1278,6.6667,1.964,2.065,2.056,0.000,0.789,0.000,1956073,0,0,171260
1279,6.6685,1.856,3.304,3.294,0.000,0.370,0.000,1847963,0,0,171260
1280,6.6703,1.769,2.579,2.569,0.000,0.302,0.000,1760970,0,0,171260
1281,6.6722,1.842,1.964,1.955,0.000,0.292,0.000,1833970,0,0,171260
1282,6.6740,1.913,1.855,1.847,0.000,0.284,0.000,1904804,0,0,171260
1283,6.6759,1.830,1.769,1.760,0.000,0.325,0.000,1822945,0,0,171260
1284,6.6780,2.026,1.842,1.833,0.000,0.353,0.000,2019183,0,0,171260
1285,6.6799,1.981,1.912,1.904,0.000,0.317,0.000,1972103,0,0,171260
1286,6.6821,1.970,1.830,1.822,0.000,0.812,0.000,1963102,0,0,171260
1287,6.6843,2.264,2.028,2.018,0.000,0.485,0.000,2255595,0,0,171260
1288,6.6864,2.159,1.979,1.971,0.000,0.722,0.000,2149917,0,0,171260
1289,6.6896,2.040,1.971,1.962,0.000,0.450,0.000,2031443,0,0,171260
1290,6.6917,3.272,2.265,2.254,0.000,0.429,0.000,3263097,0,0,171260
1291,6.6938,2.098,2.158,2.149,0.000,0.392,0.000,2089110,0,0,171260
1292,6.6958,2.071,2.040,2.030,0.000,0.448,0.000,2062854,0,0,171356
1293,6.6979,2.097,3.272,3.262,0.000,0.491,0.000,2088610,0,0,171260
1294,6.6999,2.015,2.097,2.088,0.000,0.362,0.000,2006388,0,0,171260
1295,6.7020,2.015,2.071,2.061,0.000,0.387,0.000,2007066,0,0,171260
1296,6.7040,2.087,2.097,2.087,0.000,0.349,0.000,2079126,0,0,171260
1297,6.7060,2.006,2.014,2.005,0.000,0.789,0.000,1998290,0,0,171260
1298,6.7080,2.005,2.015,2.006,0.000,0.387,0.000,1997023,0,0,171260
1299,6.7099,1.893,2.087,2.078,0.000,0.370,0.000,1885278,0,0,171820
1300,6.7117,1.897,2.006,1.997,0.000,0.356,0.000,1888607,0,0,171316
1301,6.7137,1.838,2.004,1.995,0.000,0.350,0.000,1830619,0,0,171260
1302,6.7156,2.017,1.894,1.884,0.000,0.351,0.000,2009869,0,0,171260
1303,6.7187,1.841,1.895,1.887,0.000,0.385,0.000,1832360,0,0,171260
1304,6.7207,3.199,1.838,1.829,0.000,0.356,0.000,3191561,0,0,171260
1305,6.7228,1.935,2.018,2.009,0.000,0.399,0.000,1926408,0,0,171260
1306,6.7248,2.146,1.840,1.831,0.000,0.369,0.000,2138635,0,0,171260
1307,6.7268,2.001,3.201,3.190,0.000,0.398,0.000,1992387,0,0,171260
1308,6.7287,1.955,1.934,1.925,0.000,0.327,0.000,1946554,0,0,171260
1309,6.7306,1.888,2.147,2.137,0.000,0.317,0.000,1879816,0,0,171260
1310,6.7324,1.831,2.001,1.991,0.000,0.755,0.000,1823626,0,0,171260
1311,6.7343,1.851,1.954,1.945,0.000,0.387,0.000,1843600,0,0,171260
1312,6.7361,1.871,1.888,1.879,0.000,0.715,0.000,1863096,0,0,171260
1313,6.7381,1.893,1.831,1.822,0.000,0.748,0.000,1885159,0,0,171260
1314,6.7401,1.976,1.851,1.842,0.000,0.373,0.000,1968223,0,0,171260
1315,6.7422,2.001,1.871,1.862,0.000,0.327,0.000,1993085,0,0,171260
1316,6.7443,2.242,1.893,1.884,0.000,0.756,0.000,2233336,0,0,171260
1317,6.7475,2.014,1.976,1.967,0.000,0.408,0.000,2005866,0,0,171260
1318,6.7496,3.262,2.002,1.992,0.000,0.387,0.000,3253639,0,0,171260
1319,6.7516,1.984,2.242,2.232,0.000,0.411,0.000,1974667,0,0,171260
1320,6.7536,2.022,2.014,2.004,0.000,0.414,0.000,2012705,0,0,171260
1321,6.7558,2.116,3.262,3.252,0.000,0.359,0.000,2108200,0,0,190111
1322,6.7578,2.087,1.984,1.973,0.000,0.373,0.000,2076958,0,0,171356
1323,6.7598,1.998,2.021,2.011,0.000,0.732,0.000,1990403,0,0,171260
1324,6.7619,1.993,2.118,2.107,0.000,0.807,0.000,1985532,0,0,171260
1325,6.7638,2.089,2.085,2.076,0.000,0.719,0.000,2081130,0,0,171260
1326,6.7657,1.904,1.998,1.989,0.000,0.376,0.000,1895375,0,0,171260
1327,6.7675,1.828,1.993,1.984,0.000,0.327,0.000,1820148,0,0,171260
1328,6.7693,1.825,2.090,2.080,0.000,0.298,0.000,1817341,0,0,171260
1329,6.7712,1.797,1.903,1.894,0.000,0.393,0.000,1784769,0,0,171260
1330,6.7729,1.810,1.828,1.819,0.000,0.370,0.000,1803030,0,0,171260
1331,6.7759,2.929,1.830,1.816,0.000,0.542,0.000,2921754,0,0,171260
1332,6.7777,1.863,1.792,1.783,0.000,0.331,0.000,1854645,0,0,171260
1333,6.7794,1.737,1.811,1.802,0.000,0.409,0.000,1730171,0,0,171260
1334,6.7814,1.774,2.930,2.920,0.000,0.302,0.000,1766658,0,0,171260
1335,6.7831,1.919,1.862,1.853,0.000,0.392,0.000,1910882,0,0,171260
1336,6.7848,1.744,1.737,1.729,0.000,0.280,0.000,1736154,0,0,171260
1337,6.7866,1.688,1.775,1.765,0.000,0.341,0.000,1681534,0,0,171260
1338,6.7885,1.777,1.918,1.910,0.000,0.689,0.000,1769917,0,0,171260
1339,6.7903,1.904,1.743,1.735,0.000,0.493,0.000,1896677,0,0,171260
1340,6.7922,1.843,1.688,1.680,0.000,0.351,0.000,1835123,0,0,171260
1341,6.7940,1.853,1.777,1.769,0.000,0.355,0.000,1846146,0,0,171260
1342,6.7959,1.853,1.904,1.895,0.000,0.347,0.000,1845315,0,0,171260
1343,6.7977,1.842,1.842,1.834,0.000,0.502,0.000,1834806,0,0,171260
1344,6.7994,1.733,1.854,1.845,0.000,0.713,0.000,1726313,0,0,171260
1345,6.8025,2.845,1.852,1.844,0.000,0.311,0.000,2838122,0,0,171260
1346,6.8045,2.102,1.842,1.834,0.000,0.338,0.000,2094964,0,0,171260
1347,6.8066,2.124,1.733,1.725,0.000,0.310,0.000,2115126,0,0,171260
1348,6.8084,1.878,2.846,2.837,0.000,0.394,0.000,1870478,0,0,171260
1349,6.8102,1.819,2.103,2.093,0.000,0.386,0.000,1810037,0,0,171260
1350,6.8123,2.058,2.123,2.114,0.000,0.298,0.000,2051024,0,0,171260
1351,6.8142,1.907,1.879,1.869,0.000,0.278,0.000,1900045,0,0,171260
1352,6.8161,1.969,1.817,1.809,0.000,0.350,0.000,1961302,0,0,171356
1353,6.8181,1.931,2.058,2.050,0.000,0.327,0.000,1923904,0,0,171260
1354,6.8201,1.985,1.907,1.899,0.000,0.728,0.000,1977429,0,0,171260
1355,6.8222,1.956,1.969,1.960,0.000,0.338,0.000,1948535,0,0,171260
1356,6.8243,2.140,1.931,1.923,0.000,0.383,0.000,2131996,0,0,171260
1357,6.8262,2.013,1.985,1.976,0.000,0.393,0.000,2004214,0,0,171260
1358,6.8283,2.033,1.957,1.947,0.000,0.449,0.000,2024390,0,0,171260
1359,6.8317,3.306,2.141,2.130,0.000,0.385,0.000,3297928,0,0,171260
1360,6.8337,2.122,2.012,2.003,0.000,0.356,0.000,2113255,0,0,171260
1361,6.8355,1.876,2.033,2.023,0.000,0.394,0.000,1868553,0,0,171260
1362,6.8374,1.866,3.306,3.297,0.000,0.369,0.000,1857849,0,0,171260
1363,6.8391,1.795,2.121,2.112,0.000,0.303,0.000,1787519,0,0,171260
1364,6.8408,1.750,1.876,1.867,0.000,0.381,0.000,1742636,0,0,171260
1365,6.8428,1.809,1.866,1.857,0.000,0.491,0.000,1802257,0,0,171260
1366,6.8446,1.943,1.795,1.786,0.000,0.681,0.000,1936059,0,0,171260
1367,6.8466,1.946,1.750,1.741,0.000,0.681,0.000,1938204,0,0,171260
1368,6.8485,1.817,1.809,1.801,0.000,0.746,0.000,1809485,0,0,171260
1369,6.8504,1.982,1.944,1.935,0.000,0.420,0.000,1975356,0,0,171260
1370,6.8524,1.996,1.946,1.937,0.000,0.411,0.000,1987869,0,0,171260
1371,6.8542,1.783,1.817,1.808,0.000,0.780,0.000,1775338,0,0,171260
1372,6.8559,1.780,1.984,1.974,0.000,0.390,0.000,1772285,0,0,171260
1373,6.8589,2.906,1.995,1.987,0.000,0.343,0.000,2899007,0,0,171260
1374,6.8607,1.889,1.782,1.774,0.000,0.720,0.000,1881195,0,0,171260
1375,6.8628,1.780,1.780,1.771,0.000,0.383,0.000,1772714,0,0,171260
1376,6.8645,2.068,2.907,2.898,0.000,0.670,0.000,2060646,0,0,171260
1377,6.8663,1.732,1.888,1.880,0.000,0.657,0.000,1724817,0,0,171260
1378,6.8680,1.788,1.780,1.772,0.000,0.312,0.000,1780097,0,0,171260
1379,6.8699,1.743,2.068,2.059,0.000,0.499,0.000,1735894,0,0,171260
1380,6.8716,1.795,1.732,1.724,0.000,0.672,0.000,1788500,0,0,171260
1381,6.8733,1.670,1.787,1.779,0.000,0.369,0.000,1663439,0,0,171260
1382,6.8751,1.743,1.743,1.735,0.000,0.661,0.000,1735905,0,0,171356
1383,6.8769,1.836,1.796,1.787,0.000,0.413,0.000,1829375,0,0,171260
1384,6.8786,1.718,1.670,1.662,0.000,0.405,0.000,1710342,0,0,171820
1385,6.8803,1.710,1.743,1.735,0.000,0.332,0.000,1702889,0,0,171316
1386,6.8821,1.661,1.836,1.828,0.000,0.319,0.000,1653843,0,0,171260
1387,6.8877,5.190,1.717,1.709,0.000,0.356,0.000,5184549,0,0,171260
1388,6.8908,3.460,1.710,1.702,0.000,0.681,0.000,3447507,0,0,171260
1389,6.8928,2.116,1.661,1.653,0.000,0.642,0.000,2104849,0,0,171260
1390,6.8946,1.874,5.199,5.183,0.000,0.446,0.000,1866029,0,0,171260
1391,6.8970,1.807,3.457,3.444,0.000,0.353,0.000,1800257,0,0,171260
1392,6.8993,2.704,2.112,2.102,0.000,0.384,0.000,2696140,0,0,171260
1393,6.9015,2.104,1.873,1.865,0.000,0.731,0.000,2096067,0,0,171260
1394,6.9033,2.100,1.808,1.799,0.000,0.754,0.000,2092803,0,0,171260
1395,6.9051,1.809,2.704,2.695,0.000,0.760,0.000,1801533,0,0,171260
1396,6.9069,1.761,2.104,2.095,0.000,0.665,0.000,1754200,0,0,171260
1397,6.9087,1.752,2.100,2.091,0.000,0.415,0.000,1745160,0,0,171260
1398,6.9107,1.901,1.809,1.800,0.000,0.372,0.000,1893831,0,0,171260
1399,6.9127,2.025,1.761,1.753,0.000,0.344,0.000,2016926,0,0,171260
1400,6.9146,1.972,1.752,1.744,0.000,0.438,0.000,1963259,0,0,171260
1401,6.9176,1.868,1.902,1.893,0.000,0.471,0.000,1859502,0,0,171260
1402,6.9199,3.215,2.025,2.016,0.000,0.314,0.000,3207475,0,0,171260
1403,6.9223,2.355,1.971,1.962,0.000,0.790,0.000,2345368,0,0,171260
1404,6.9244,2.266,1.867,1.858,0.000,0.535,0.000,2256970,0,0,171260
1405,6.9264,2.008,3.217,3.206,0.000,0.600,0.000,1999110,0,0,171260
1406,6.9285,2.085,2.354,2.344,0.000,0.396,0.000,2075507,0,0,171260
1407,6.9305,2.064,2.266,2.256,0.000,0.415,0.000,2047988,0,0,171260
1408,6.9324,1.911,2.008,1.998,0.000,0.428,0.000,1903605,0,0,171260
1409,6.9345,1.988,2.091,2.074,0.000,0.330,0.000,1980128,0,0,171260
1410,6.9364,2.053,2.056,2.046,0.000,0.321,0.000,2043391,0,0,171260
1411,6.9385,1.951,1.911,1.902,0.000,0.368,0.000,1942811,0,0,171260
1412,6.9405,2.078,1.990,1.979,0.000,0.317,0.000,2069863,0,0,171356
1413,6.9427,2.050,2.052,2.042,0.000,0.800,0.000,2041607,0,0,171260
1414,6.9448,2.203,1.951,1.941,0.000,0.754,0.000,2194872,0,0,171260
1415,6.9482,2.187,2.078,2.069,0.000,0.318,0.000,2177341,0,0,171260
1416,6.9506,3.532,2.050,2.040,0.000,0.357,0.000,3522768,0,0,171260
1417,6.9527,2.230,2.204,2.194,0.000,0.414,0.000,2219182,0,0,171260
1418,6.9549,2.079,2.187,2.176,0.000,0.873,0.000,2070795,0,0,171260
1419,6.9570,2.199,3.533,3.521,0.000,0.361,0.000,2190650,0,0,171260
1420,6.9593,2.174,2.228,2.217,0.000,0.697,0.000,2166136,0,0,171260
1421,6.9617,2.254,2.079,2.070,0.000,0.734,0.000,2244571,0,0,171260
1422,6.9638,2.371,2.199,2.189,0.000,0.412,0.000,2361833,0,0,171260
1423,6.9660,2.167,2.175,2.165,0.000,0.432,0.000,2157988,0,0,171260
1424,6.9682,2.176,2.254,2.243,0.000,0.416,0.000,2167317,0,0,171260
1425,6.9704,2.168,2.371,2.361,0.000,0.450,0.000,2158584,0,0,171260
1426,6.9733,2.335,2.166,2.157,0.000,0.552,0.000,2326907,0,0,171260
1427,6.9759,3.049,2.176,2.166,0.000,0.792,0.000,3038788,0,0,171260
1428,6.9779,2.301,2.167,2.157,0.000,0.424,0.000,2289321,0,0,171260
1429,6.9810,1.978,2.337,2.326,0.000,0.729,0.000,1969629,0,0,171260
1430,6.9833,3.132,3.050,3.037,0.000,0.362,0.000,3124217,0,0,171260
1431,6.9855,2.333,2.297,2.288,0.000,0.369,0.000,2324296,0,0,171260
1432,6.9879,2.189,1.978,1.968,0.000,0.358,0.000,2179659,0,0,171260
1433,6.9900,2.367,3.133,3.123,0.000,0.363,0.000,2356626,0,0,171260
1434,6.9920,2.025,2.333,2.323,0.000,0.924,0.000,2017005,0,0,171260
1435,6.9940,2.038,2.190,2.178,0.000,0.715,0.000,2031202,0,0,171260
1436,6.9960,1.979,2.364,2.355,0.000,0.379,0.000,1971098,0,0,171260
1437,6.9982,1.914,2.025,2.016,0.000,0.333,0.000,1905964,0,0,171260
1438,7.0006,2.260,2.039,2.030,0.000,0.341,0.000,2252828,0,0,185708
1439,7.0033,2.749,1.979,1.970,0.000,0.365,0.000,2740890,0,0,182425
1440,7.0054,2.466,1.913,1.905,0.000,0.776,0.000,2457505,0,0,171316
1441,7.0077,2.188,2.261,2.252,0.000,0.614,0.000,2179226,0,0,190111
1442,7.0114,2.423,2.749,2.740,0.000,0.749,0.000,2414255,0,0,171356
1443,7.0138,3.546,2.466,2.456,0.000,0.762,0.000,3537235,0,0,171260
1444,7.0158,2.293,2.188,2.178,0.000,0.425,0.000,2283829,0,0,171260
1445,7.0179,2.055,2.423,2.413,0.000,0.341,0.000,2044309,0,0,171260
1446,7.0199,2.059,3.546,3.536,0.000,0.745,0.000,2050443,0,0,171260
1447,7.0221,1.945,2.295,2.282,0.000,0.715,0.000,1936972,0,0,171260
1448,7.0241,2.241,2.053,2.043,0.000,0.718,0.000,2233505,0,0,171260
1449,7.0261,1.983,2.058,2.049,0.000,0.411,0.000,1973610,0,0,171260
1450,7.0281,1.929,1.944,1.936,0.000,0.392,0.000,1921358,0,0,171260
1451,7.0301,2.064,2.243,2.232,0.000,0.325,0.000,2056545,0,0,171260
1452,7.0323,2.083,1.981,1.972,0.000,0.364,0.000,2075672,0,0,171260
1453,7.0343,2.112,1.929,1.920,0.000,0.353,0.000,2102497,0,0,171260
1454,7.0363,1.985,2.065,2.055,0.000,0.377,0.000,1975879,0,0,171260
1455,7.0382,1.925,2.085,2.074,0.000,0.370,0.000,1917232,0,0,171260
1456,7.0413,1.917,2.111,2.101,0.000,0.783,0.000,1909001,0,0,171260
1457,7.0439,3.380,1.984,1.974,0.000,0.762,0.000,3372565,0,0,171260
1458,7.0459,2.380,1.925,1.916,0.000,0.391,0.000,2370486,0,0,171260
1459,7.0479,2.037,1.916,1.908,0.000,0.445,0.000,2028348,0,0,171260
1460,7.0498,1.909,3.382,3.371,0.000,0.732,0.000,1901728,0,0,171260
1461,7.0516,1.865,2.379,2.369,0.000,0.367,0.000,1857264,0,0,171260
1462,7.0543,2.034,2.036,2.027,0.000,0.359,0.000,2027467,0,0,171260
1463,7.0575,3.065,1.909,1.900,0.000,0.353,0.000,3052250,0,0,171260
1464,7.0606,3.273,1.865,1.856,0.000,0.774,0.000,3261124,0,0,171260
1465,7.0630,2.796,2.040,2.026,0.000,0.570,0.000,2784550,0,0,171260
1466,7.0650,2.212,3.065,3.051,0.000,0.402,0.000,2203538,0,0,171260
1467,7.0668,1.823,3.272,3.259,0.000,0.456,0.000,1815505,0,0,171260
1468,7.0695,2.156,2.792,2.783,0.000,0.303,0.000,2149894,0,0,171260
1469,7.0722,2.754,2.211,2.202,0.000,0.355,0.000,2743289,0,0,171260
1470,7.0787,2.763,1.822,1.814,0.000,0.328,0.000,2752661,0,0,171260
1471,7.0812,6.457,2.161,2.149,0.000,0.292,0.000,6449416,0,0,171260
1472,7.0834,2.115,2.755,2.742,0.000,0.372,0.000,2104738,0,0,171356
1473,7.0854,2.187,2.759,2.750,0.000,0.420,0.000,2180068,0,0,171260
1474,7.0873,2.017,6.459,6.448,0.000,0.802,0.000,2009814,0,0,171260
1475,7.0891,1.871,2.112,2.103,0.000,0.381,0.000,1863143,0,0,171260
1476,7.0911,1.919,2.187,2.179,0.000,0.578,0.000,1911341,0,0,171260
1477,7.0929,1.835,2.017,2.009,0.000,0.645,0.000,1826457,0,0,171260
1478,7.0949,1.810,1.870,1.862,0.000,0.388,0.000,1803122,0,0,171260
1479,7.0968,2.086,1.920,1.910,0.000,0.626,0.000,2078777,0,0,171260
1480,7.0985,1.745,1.833,1.825,0.000,0.685,0.000,1738865,0,0,171260
1481,7.1003,1.775,1.810,1.802,0.000,0.648,0.000,1768066,0,0,171260
1482,7.1022,1.806,2.085,2.078,0.000,0.368,0.000,1798804,0,0,171260
1483,7.1040,1.910,1.746,1.738,0.000,0.667,0.000,1903467,0,0,171260
1484,7.1071,1.842,1.776,1.767,0.000,0.632,0.000,1834410,0,0,171260
1485,7.1092,3.168,1.805,1.798,0.000,0.672,0.000,3160761,0,0,171260
1486,7.1114,2.167,1.911,1.902,0.000,0.688,0.000,2158692,0,0,171260
1487,7.1134,2.128,1.842,1.833,0.000,0.382,0.000,2119598,0,0,171260
1488,7.1153,1.856,3.169,3.160,0.000,0.332,0.000,1848577,0,0,171260
1489,7.1172,1.953,2.167,2.157,0.000,0.315,0.000,1945661,0,0,171260
1490,7.1190,1.818,2.127,2.118,0.000,0.274,0.000,1810583,0,0,171260
1491,7.1209,1.874,1.856,1.847,0.000,0.278,0.000,1866610,0,0,171260
1492,7.1229,1.868,1.953,1.945,0.000,0.346,0.000,1860087,0,0,171260
1493,7.1252,2.257,1.818,1.809,0.000,0.296,0.000,2249376,0,0,171260
1494,7.1273,2.265,1.874,1.865,0.000,0.418,0.000,2254126,0,0,171260
1495,7.1299,1.986,1.868,1.859,0.000,0.398,0.000,1978653,0,0,171260
1496,7.1318,2.578,2.261,2.248,0.000,0.435,0.000,2570121,0,0,171260
1497,7.1338,1.940,2.262,2.253,0.000,0.374,0.000,1932522,0,0,171260
1498,7.1369,1.929,1.987,1.977,0.000,0.346,0.000,1921209,0,0,171260
1499,7.1388,3.155,2.578,2.569,0.000,0.703,0.000,3147465,0,0,171260
1500,7.1407,1.868,1.940,1.931,0.000,0.380,0.000,1859860,0,0,171260
1501,7.1426,1.760,1.929,1.920,0.000,0.737,0.000,1752439,0,0,171260
1502,7.1445,2.076,3.156,3.146,0.000,0.697,0.000,2069144,0,0,171356
1503,7.1468,2.191,1.867,1.858,0.000,0.361,0.000,2182459,0,0,171260
1504,7.1489,2.056,1.759,1.751,0.000,0.371,0.000,2047910,0,0,171260
1505,7.1508,2.034,2.078,2.068,0.000,0.351,0.000,2024181,0,0,171260
1506,7.1527,1.888,2.191,2.181,0.000,0.519,0.000,1878309,0,0,171260
1507,7.1547,1.920,2.058,2.046,0.000,0.640,0.000,1911326,0,0,171260
1508,7.1565,1.911,2.033,2.023,0.000,0.384,0.000,1900541,0,0,171260
1509,7.1582,1.726,1.887,1.877,0.000,0.503,0.000,1718573,0,0,171260
1510,7.1598,1.661,1.922,1.910,0.000,0.628,0.000,1653800,0,0,171260
1511,7.1616,1.646,1.908,1.899,0.000,0.346,0.000,1638819,0,0,171260
1512,7.1648,3.207,1.726,1.717,0.000,0.293,0.000,3201496,0,0,171260
1513,7.1666,1.848,1.661,1.653,0.000,0.278,0.000,1838610,0,0,171260
1514,7.1682,1.713,1.646,1.638,0.000,0.316,0.000,1705287,0,0,171260
1515,7.1700,1.690,3.211,3.200,0.000,0.308,0.000,1683648,0,0,171260
1516,7.1717,1.727,1.845,1.836,0.000,0.279,0.000,1720468,0,0,171260
1517,7.1743,2.077,1.712,1.704,0.000,0.282,0.000,2069842,0,0,171260
1518,7.1763,2.419,1.692,1.683,0.000,0.654,0.000,2408966,0,0,171260
1519,7.1781,1.871,1.727,1.718,0.000,0.353,0.000,1862812,0,0,171260
1520,7.1800,1.855,2.080,2.069,0.000,0.395,0.000,1847421,0,0,171260
1521,7.1821,1.815,2.417,2.407,0.000,0.332,0.000,1807860,0,0,171260
1522,7.1841,2.187,1.870,1.861,0.000,0.346,0.000,2180254,0,0,171260
1523,7.1860,1.963,1.855,1.846,0.000,0.315,0.000,1954806,0,0,171260
1524,7.1880,1.954,1.815,1.806,0.000,0.338,0.000,1946223,0,0,171260
1525,7.1911,2.003,2.188,2.179,0.000,0.376,0.000,1995336,0,0,171260
1526,7.1933,3.193,1.963,1.954,0.000,0.744,0.000,3185654,0,0,171260
1527,7.1955,2.241,1.954,1.945,0.000,0.374,0.000,2232673,0,0,171260
1528,7.1974,2.073,2.003,1.994,0.000,0.417,0.000,2064493,0,0,171260
1529,7.1993,1.878,3.195,3.184,0.000,0.808,0.000,1870878,0,0,171260
1530,7.2014,1.917,2.241,2.231,0.000,0.757,0.000,1909846,0,0,171260
1531,7.2034,2.142,2.072,2.063,0.000,0.760,0.000,2134841,0,0,171260
1532,7.2053,1.966,1.878,1.870,0.000,0.735,0.000,1958000,0,0,171356
1533,7.2072,1.850,1.917,1.909,0.000,0.393,0.000,1841944,0,0,171260
1534,7.2091,1.870,2.143,2.134,0.000,0.327,0.000,1862148,0,0,171260
1535,7.2110,1.906,1.965,1.957,0.000,0.705,0.000,1898321,0,0,171260
1536,7.2129,1.975,1.850,1.841,0.000,0.407,0.000,1967439,0,0,171260
1537,7.2148,1.855,1.870,1.861,0.000,0.395,0.000,1845526,0,0,171260
1538,7.2166,1.823,1.906,1.897,0.000,0.363,0.000,1814586,0,0,171260
1539,7.2195,1.826,1.976,1.966,0.000,0.334,0.000,1818219,0,0,171260
1540,7.2217,2.988,1.854,1.844,0.000,0.704,0.000,2981332,0,0,171260
1541,7.2239,2.305,1.822,1.814,0.000,0.727,0.000,2296682,0,0,171260
1542,7.2259,2.106,1.825,1.817,0.000,0.411,0.000,2096367,0,0,171260
1543,7.2279,2.050,2.990,2.980,0.000,0.419,0.000,2041505,0,0,171260
1544,7.2299,1.948,2.306,2.295,0.000,0.363,0.000,1939625,0,0,171260
1545,7.2319,2.029,2.105,2.095,0.000,0.724,0.000,2021120,0,0,171260
1546,7.2339,1.982,2.050,2.040,0.000,0.759,0.000,1973788,0,0,171260
1547,7.2359,1.994,1.947,1.939,0.000,0.463,0.000,1986741,0,0,171260
1548,7.2378,1.978,2.029,2.020,0.000,0.452,0.000,1970153,0,0,171260
1549,7.2400,1.918,1.981,1.973,0.000,0.395,0.000,1909836,0,0,171260
1550,7.2423,2.312,1.995,1.986,0.000,0.727,0.000,2305058,0,0,171260
1551,7.2442,2.178,1.978,1.969,0.000,0.725,0.000,2169962,0,0,171260
1552,7.2461,1.852,1.917,1.908,0.000,0.767,0.000,1844092,0,0,171260
1553,7.2491,1.933,2.313,2.304,0.000,0.628,0.000,1925904,0,0,171260
1554,7.2510,3.012,2.178,2.168,0.000,0.364,0.000,3004023,0,0,171260
1555,7.2528,1.846,1.852,1.843,0.000,0.329,0.000,1837826,0,0,171260
1556,7.2546,1.804,1.934,1.925,0.000,0.698,0.000,1796467,0,0,171820
1557,7.2563,1.725,3.012,3.003,0.000,0.689,0.000,1718025,0,0,171316
1558,7.2581,1.779,1.845,1.837,0.000,0.663,0.000,1766499,0,0,171260
1559,7.2600,1.800,1.803,1.795,0.000,0.505,0.000,1793827,0,0,171260
1560,7.2620,1.924,1.731,1.717,0.000,0.675,0.000,1915138,0,0,171260
1561,7.2639,2.062,1.773,1.765,0.000,0.503,0.000,2052413,0,0,190111
1562,7.2656,1.784,1.803,1.793,0.000,0.462,0.000,1776458,0,0,171356
1563,7.2674,1.717,1.924,1.914,0.000,0.358,0.000,1710067,0,0,171260
1564,7.2691,1.730,2.060,2.051,0.000,0.298,0.000,1722811,0,0,171260
1565,7.2708,1.690,1.783,1.775,0.000,0.355,0.000,1682479,0,0,171260
1566,7.2726,1.753,1.718,1.709,0.000,0.298,0.000,1745598,0,0,171260
1567,7.2754,1.733,1.730,1.722,0.000,0.313,0.000,1725734,0,0,171260
1568,7.2774,3.026,1.690,1.681,0.000,0.470,0.000,3019737,0,0,171260
1569,7.2793,1.865,1.753,1.745,0.000,0.702,0.000,1852928,0,0,171260
1570,7.2812,1.901,1.732,1.725,0.000,0.741,0.000,1893356,0,0,171260
1571,7.2831,1.949,3.032,3.019,0.000,0.360,0.000,1935660,0,0,171260
1572,7.2848,1.805,1.860,1.852,0.000,0.696,0.000,1797545,0,0,171260
1573,7.2865,1.740,1.907,1.892,0.000,0.694,0.000,1732933,0,0,171260
1574,7.2883,1.708,1.944,1.935,0.000,0.654,0.000,1701122,0,0,171260
1575,7.2907,2.128,1.805,1.796,0.000,0.649,0.000,2121053,0,0,171260
1576,7.2924,2.006,1.740,1.732,0.000,0.661,0.000,1994750,0,0,171260
1577,7.2941,1.655,1.708,1.700,0.000,0.556,0.000,1647682,0,0,171260
1578,7.2957,1.691,2.132,2.120,0.000,0.437,0.000,1683731,0,0,171260
1579,7.2976,1.731,2.002,1.993,0.000,0.470,0.000,1724009,0,0,171260
1580,7.2996,2.023,1.655,1.646,0.000,0.419,0.000,2015890,0,0,171260
1581,7.3025,1.829,1.690,1.683,0.000,0.316,0.000,1821376,0,0,171260
1582,7.3046,3.099,1.731,1.723,0.000,0.378,0.000,3091255,0,0,171260
1583,7.3065,2.005,2.024,2.015,0.000,0.331,0.000,1995286,0,0,171260
1584,7.3084,1.891,1.829,1.820,0.000,0.431,0.000,1883978,0,0,171260
1585,7.3101,1.761,3.101,3.090,0.000,0.749,0.000,1753477,0,0,171260
1586,7.3127,1.867,2.003,1.994,0.000,0.682,0.000,1860413,0,0,171260
1587,7.3153,3.049,1.891,1.883,0.000,0.631,0.000,3039617,0,0,171260
1588,7.3175,2.289,1.761,1.752,0.000,0.339,0.000,2278527,0,0,171260
1589,7.3194,2.055,1.870,1.859,0.000,0.462,0.000,2046272,0,0,171260
1590,7.3214,1.901,3.051,3.038,0.000,0.782,0.000,1893036,0,0,171260
1591,7.3237,2.345,2.287,2.277,0.000,0.695,0.000,2336115,0,0,171260
1592,7.3256,1.926,2.054,2.045,0.000,0.328,0.000,1913694,0,0,171356
1593,7.3275,1.864,1.902,1.892,0.000,0.317,0.000,1857142,0,0,171260
1594,7.3293,1.860,2.350,2.335,0.000,0.358,0.000,1852343,0,0,171260
1595,7.3325,1.942,1.919,1.911,0.000,0.425,0.000,1934390,0,0,171260
1596,7.3346,3.199,1.865,1.856,0.000,0.336,0.000,3191254,0,0,171820
1597,7.3368,2.071,1.860,1.851,0.000,0.367,0.000,2063159,0,0,171316
1598,7.3391,2.401,1.943,1.933,0.000,0.366,0.000,2392600,0,0,171260
1599,7.3414,2.207,3.200,3.190,0.000,0.646,0.000,2197385,0,0,171260
1600,7.3436,2.365,2.071,2.062,0.000,0.434,0.000,2355578,0,0,171260
1601,7.3458,2.147,2.402,2.391,0.000,0.378,0.000,2135260,0,0,171260
1602,7.3479,2.141,2.206,2.196,0.000,0.873,0.000,2133287,0,0,171260
1603,7.3500,2.104,2.367,2.354,0.000,0.781,0.000,2095510,0,0,171260
1604,7.3521,2.095,2.143,2.134,0.000,0.774,0.000,2086665,0,0,171260
1605,7.3542,2.109,2.141,2.132,0.000,0.732,0.000,2100274,0,0,171260
1606,7.3562,2.043,2.104,2.094,0.000,0.386,0.000,2034252,0,0,171260
1607,7.3582,1.991,2.095,2.085,0.000,0.395,0.000,1983195,0,0,171260
1608,7.3602,1.961,2.109,2.099,0.000,0.388,0.000,1953502,0,0,171260
1609,7.3650,2.258,2.042,2.033,0.000,0.800,0.000,2249206,0,0,171260
1610,7.3676,5.057,1.991,1.982,0.000,0.715,0.000,5047139,0,0,171260
1611,7.3705,2.522,1.962,1.952,0.000,0.409,0.000,2511769,0,0,171260
1612,7.3736,2.938,2.259,2.248,0.000,0.485,0.000,2925276,0,0,171260
1613,7.3760,2.939,5.058,5.046,0.000,0.405,0.000,2927489,0,0,171260
1614,7.3780,2.124,2.524,2.510,0.000,0.355,0.000,2113355,0,0,171260
1615,7.3799,1.975,2.937,2.924,0.000,0.423,0.000,1966204,0,0,171260
1616,7.3820,1.881,2.937,2.926,0.000,0.400,0.000,1872714,0,0,171260
1617,7.3838,2.008,2.122,2.112,0.000,0.723,0.000,1999609,0,0,171260
1618,7.3856,1.844,1.974,1.965,0.000,0.674,0.000,1836300,0,0,171260
1619,7.3873,1.732,1.881,1.872,0.000,0.751,0.000,1724493,0,0,171260
1620,7.3891,1.756,2.007,1.998,0.000,0.716,0.000,1749029,0,0,171260
1621,7.3910,1.850,1.844,1.835,0.000,0.686,0.000,1843490,0,0,171260
1622,7.3926,1.762,1.732,1.723,0.000,0.658,0.000,1754542,0,0,171356
1623,7.3955,1.670,1.756,1.748,0.000,0.383,0.000,1663355,0,0,171260
1624,7.3972,2.852,1.851,1.842,0.000,0.281,0.000,2845083,0,0,171260
1625,7.3989,1.723,1.762,1.753,0.000,0.364,0.000,1715735,0,0,171260
1626,7.4007,1.781,1.670,1.662,0.000,0.298,0.000,1774533,0,0,171260
1627,7.4026,1.760,2.852,2.844,0.000,0.323,0.000,1752885,0,0,171260
1628,7.4045,1.919,1.723,1.715,0.000,0.404,0.000,1912069,0,0,171260
1629,7.4063,1.875,1.781,1.773,0.000,0.324,0.000,1868184,0,0,171260
1630,7.4081,1.840,1.760,1.752,0.000,0.359,0.000,1832313,0,0,171260
1631,7.4099,1.805,1.919,1.911,0.000,0.510,0.000,1798204,0,0,171260
1632,7.4117,1.785,1.876,1.867,0.000,0.632,0.000,1777779,0,0,171260
1633,7.4135,1.774,1.839,1.831,0.000,0.686,0.000,1766634,0,0,171260
1634,7.4152,1.725,1.805,1.797,0.000,0.549,0.000,1717520,0,0,171260
1635,7.4169,1.692,1.785,1.777,0.000,0.310,0.000,1685238,0,0,171260
1636,7.4187,1.833,1.774,1.765,0.000,0.319,0.000,1825753,0,0,171260
1637,7.4215,1.745,1.724,1.716,0.000,0.349,0.000,1737123,0,0,171260
1638,7.4235,2.877,1.692,1.684,0.000,0.327,0.000,2869666,0,0,171260
1639,7.4253,1.973,1.833,1.825,0.000,0.384,0.000,1965542,0,0,171260
1640,7.4270,1.704,1.745,1.736,0.000,0.344,0.000,1696716,0,0,171260
1641,7.4287,1.671,2.877,2.868,0.000,0.319,0.000,1664372,0,0,171260
1642,7.4303,1.684,1.973,1.964,0.000,0.686,0.000,1676720,0,0,171260
1643,7.4319,1.592,1.704,1.696,0.000,0.330,0.000,1585453,0,0,171260
1644,7.4336,1.651,1.672,1.663,0.000,0.382,0.000,1644380,0,0,171260
1645,7.4352,1.647,1.683,1.675,0.000,0.315,0.000,1640914,0,0,171260
1646,7.4369,1.695,1.592,1.584,0.000,0.412,0.000,1688276,0,0,171260
1647,7.4385,1.659,1.651,1.643,0.000,0.358,0.000,1652636,0,0,171260
1648,7.4401,1.596,1.647,1.640,0.000,0.349,0.000,1589300,0,0,171260
1649,7.4419,1.603,1.695,1.687,0.000,0.291,0.000,1596630,0,0,171260
1650,7.4437,1.882,1.659,1.652,0.000,0.280,0.000,1875148,0,0,171260
1651,7.4465,1.767,1.596,1.588,0.000,0.268,0.000,1760011,0,0,171260
1652,7.4484,2.883,1.603,1.596,0.000,0.664,0.000,2875902,0,0,171356
1653,7.4501,1.753,1.883,1.874,0.000,0.427,0.000,1746160,0,0,171260
1654,7.4519,1.772,1.767,1.759,0.000,0.320,0.000,1765742,0,0,171260
1655,7.4535,1.709,2.883,2.875,0.000,0.275,0.000,1702303,0,0,171260
1656,7.4552,1.691,1.753,1.745,0.000,0.320,0.000,1684819,0,0,171260
1657,7.4569,1.675,1.772,1.764,0.000,0.308,0.000,1667972,0,0,171260
1658,7.4586,1.715,1.709,1.701,0.000,0.353,0.000,1708378,0,0,171260
1659,7.4603,1.665,1.692,1.684,0.000,0.657,0.000,1658445,0,0,171260
1660,7.4624,1.702,1.674,1.667,0.000,0.373,0.000,1688991,0,0,171260
1661,7.4642,2.122,1.715,1.707,0.000,0.327,0.000,2115035,0,0,171260
1662,7.4659,1.780,1.672,1.657,0.000,0.526,0.000,1772575,0,0,171260
1663,7.4677,1.765,1.696,1.688,0.000,0.354,0.000,1758283,0,0,171260
1664,7.4694,1.779,2.122,2.114,0.000,0.354,0.000,1771156,0,0,171260
1665,7.4742,1.691,1.779,1.771,0.000,0.671,0.000,1684280,0,0,171260
1666,7.4767,5.100,1.766,1.757,0.000,0.327,0.000,5092917,0,0,171260
1667,7.4795,3.123,1.778,1.770,0.000,0.271,0.000,3113990,0,0,171260
1668,7.4813,1.827,1.691,1.683,0.000,0.663,0.000,1816576,0,0,171260
1669,7.4830,1.852,5.103,5.092,0.000,0.318,0.000,1844252,0,0,171260
1670,7.4846,1.616,3.124,3.112,0.000,0.315,0.000,1608718,0,0,171260
1671,7.4863,1.618,1.823,1.814,0.000,0.298,0.000,1610714,0,0,171260
1672,7.4881,1.723,1.852,1.843,0.000,0.313,0.000,1716345,0,0,171260
1673,7.4899,1.822,1.616,1.607,0.000,0.663,0.000,1815536,0,0,171260
1674,7.4916,1.738,1.618,1.610,0.000,0.361,0.000,1730683,0,0,171260
1675,7.4933,1.687,1.723,1.715,0.000,0.302,0.000,1679127,0,0,171260
1676,7.4950,1.735,1.823,1.814,0.000,0.476,0.000,1727642,0,0,171260
1677,7.4976,2.018,1.738,1.730,0.000,0.661,0.000,2011234,0,0,171260
1678,7.4997,2.567,1.686,1.678,0.000,0.373,0.000,2556907,0,0,171260
1679,7.5018,2.001,1.735,1.726,0.000,0.375,0.000,1992900,0,0,171260
1680,7.5048,2.057,2.021,2.010,0.000,0.392,0.000,2048474,0,0,171260
1681,7.5070,3.159,2.565,2.555,0.000,0.715,0.000,3150574,0,0,190111
1682,7.5090,2.069,2.001,1.991,0.000,0.729,0.000,2061519,0,0,171356
1683,7.5110,2.024,2.057,2.047,0.000,0.747,0.000,2016448,0,0,171260
1684,7.5131,2.012,3.158,3.149,0.000,0.693,0.000,2005135,0,0,171260
1685,7.5151,2.112,2.069,2.060,0.000,0.374,0.000,2103903,0,0,171260
1686,7.5171,2.011,2.024,2.015,0.000,0.405,0.000,2003047,0,0,171260
1687,7.5190,1.945,2.013,2.004,0.000,0.711,0.000,1937141,0,0,171260
1688,7.5209,1.860,2.112,2.103,0.000,0.740,0.000,1853519,0,0,171260
1689,7.5229,1.812,2.011,2.002,0.000,0.719,0.000,1805032,0,0,171260
1690,7.5247,2.049,1.944,1.936,0.000,0.617,0.000,2041686,0,0,171260
1691,7.5265,1.802,1.861,1.852,0.000,0.745,0.000,1794148,0,0,171260
1692,7.5283,1.767,1.812,1.804,0.000,0.694,0.000,1759359,0,0,171260
1693,7.5300,1.770,2.050,2.040,0.000,0.435,0.000,1762397,0,0,171260
1694,7.5330,1.782,1.801,1.793,0.000,0.360,0.000,1774727,0,0,171260
1695,7.5350,3.016,1.767,1.758,0.000,0.677,0.000,3006832,0,0,171260
1696,7.5368,1.939,1.770,1.761,0.000,0.488,0.000,1929613,0,0,171260
1697,7.5387,1.837,1.784,1.773,0.000,0.489,0.000,1828022,0,0,171260
1698,7.5403,1.787,3.016,3.005,0.000,0.453,0.000,1777329,0,0,171260
1699,7.5423,1.832,1.938,1.928,0.000,0.445,0.000,1825154,0,0,171260
1700,7.5440,1.800,1.837,1.827,0.000,0.433,0.000,1793052,0,0,171260
1701,7.5457,1.674,1.784,1.776,0.000,0.287,0.000,1667289,0,0,171260
1702,7.5474,1.679,1.832,1.824,0.000,0.334,0.000,1672506,0,0,171260
1703,7.5490,1.662,1.800,1.792,0.000,0.379,0.000,1654375,0,0,171260
1704,7.5507,1.674,1.674,1.666,0.000,0.309,0.000,1667383,0,0,171260
1705,7.5525,1.636,1.680,1.671,0.000,0.647,0.000,1629868,0,0,171260
1706,7.5542,1.832,1.661,1.653,0.000,0.638,0.000,1826049,0,0,171260
1707,7.5558,1.677,1.674,1.666,0.000,0.341,0.000,1669894,0,0,171260
1708,7.5586,1.719,1.636,1.629,0.000,0.340,0.000,1711817,0,0,171260
1709,7.5606,2.919,1.833,1.825,0.000,0.313,0.000,2911900,0,0,171260
1710,7.5625,1.881,1.677,1.669,0.000,0.337,0.000,1872563,0,0,171260
1711,7.5644,1.898,1.719,1.710,0.000,0.379,0.000,1890285,0,0,171260
1712,7.5661,1.834,2.920,2.911,0.000,0.453,0.000,1825696,0,0,171356
1713,7.5678,1.711,1.881,1.871,0.000,0.296,0.000,1703970,0,0,171260
1714,7.5697,1.854,1.898,1.889,0.000,0.563,0.000,1846731,0,0,171260
1715,7.5715,1.828,1.833,1.825,0.000,0.688,0.000,1821306,0,0,171260
1716,7.5734,1.739,1.711,1.703,0.000,0.690,0.000,1729685,0,0,171260
1717,7.5752,1.938,1.854,1.846,0.000,0.366,0.000,1931310,0,0,171260
1718,7.5769,1.741,1.831,1.820,0.000,0.331,0.000,1734301,0,0,171260
1719,7.5786,1.724,1.737,1.728,0.000,0.313,0.000,1716937,0,0,171260
1720,7.5803,1.662,1.938,1.930,0.000,0.648,0.000,1655681,0,0,171260
1721,7.5821,1.652,1.741,1.733,0.000,0.626,0.000,1645376,0,0,171260
1722,7.5848,2.861,1.724,1.716,0.000,0.608,0.000,2854378,0,0,171260
1723,7.5865,1.716,1.663,1.655,0.000,0.646,0.000,1708788,0,0,171260
1724,7.5882,1.646,1.652,1.644,0.000,0.339,0.000,1638909,0,0,171260
1725,7.5898,1.660,2.862,2.853,0.000,0.608,0.000,1653604,0,0,171260
1726,7.5914,1.654,1.716,1.708,0.000,0.364,0.000,1647602,0,0,171260
1727,7.5932,1.688,1.646,1.638,0.000,0.295,0.000,1681460,0,0,171260
1728,7.5950,1.763,1.660,1.652,0.000,0.287,0.000,1756111,0,0,171820
1729,7.5969,1.828,1.654,1.646,0.000,0.284,0.000,1820459,0,0,171316
1730,7.5987,1.878,1.689,1.680,0.000,0.347,0.000,1871301,0,0,171260
1731,7.6004,1.745,1.763,1.755,0.000,0.342,0.000,1737647,0,0,171260
1732,7.6022,1.698,1.827,1.819,0.000,0.357,0.000,1690590,0,0,171260
1733,7.6039,1.830,1.879,1.870,0.000,0.296,0.000,1823552,0,0,171260
1734,7.6056,1.709,1.745,1.736,0.000,0.541,0.000,1701911,0,0,171260
1735,7.6084,1.725,1.697,1.689,0.000,0.332,0.000,1717493,0,0,171260
1736,7.6103,2.866,1.831,1.822,0.000,0.672,0.000,2859251,0,0,171260
1737,7.6121,1.821,1.709,1.701,0.000,0.690,0.000,1813873,0,0,171260
1738,7.6137,1.700,1.724,1.716,0.000,0.662,0.000,1692942,0,0,171260
1739,7.6154,1.701,2.867,2.858,0.000,0.297,0.000,1694198,0,0,171260
1740,7.6171,1.672,1.821,1.813,0.000,0.661,0.000,1664951,0,0,171260
1741,7.6188,1.635,1.700,1.692,0.000,0.662,0.000,1628243,0,0,171260
1742,7.6205,1.723,1.701,1.693,0.000,0.668,0.000,1716520,0,0,171356
1743,7.6223,1.697,1.672,1.664,0.000,0.621,0.000,1690696,0,0,171260
1744,7.6240,1.828,1.635,1.627,0.000,0.628,0.000,1821585,0,0,171260
1745,7.6257,1.714,1.723,1.715,0.000,0.522,0.000,1706492,0,0,171260
1746,7.6273,1.668,1.697,1.690,0.000,0.289,0.000,1661306,0,0,171260
1747,7.6290,1.671,1.829,1.820,0.000,0.298,0.000,1663991,0,0,171260
1748,7.6307,1.687,1.713,1.705,0.000,0.657,0.000,1679354,0,0,171260
1749,7.6334,1.661,1.668,1.660,0.000,0.361,0.000,1654282,0,0,171260
1750,7.6351,2.728,1.671,1.663,0.000,0.626,0.000,2720471,0,0,171260
1751,7.6369,1.719,1.686,1.678,0.000,0.352,0.000,1711161,0,0,171260
1752,7.6386,1.775,1.662,1.653,0.000,0.307,0.000,1767572,0,0,171260
1753,7.6404,1.758,2.728,2.719,0.000,0.318,0.000,1750730,0,0,171260
1754,7.6425,1.708,1.718,1.710,0.000,0.668,0.000,1700777,0,0,171260
1755,7.6443,2.203,1.775,1.766,0.000,0.630,0.000,2196174,0,0,171260
1756,7.6462,1.804,1.758,1.750,0.000,0.533,0.000,1796113,0,0,171260
1757,7.6480,1.867,1.707,1.700,0.000,0.325,0.000,1859027,0,0,171260
1758,7.6497,1.741,2.204,2.195,0.000,0.354,0.000,1734514,0,0,171260
1759,7.6514,1.705,1.804,1.795,0.000,0.333,0.000,1697874,0,0,171260
1760,7.6535,1.960,1.866,1.858,0.000,0.453,0.000,1951961,0,0,171260
1761,7.6552,1.858,1.742,1.733,0.000,0.442,0.000,1847956,0,0,171260
1762,7.6570,1.750,1.706,1.697,0.000,0.499,0.000,1742586,0,0,171260
1763,7.6599,1.765,1.962,1.951,0.000,0.360,0.000,1757920,0,0,171260
1764,7.6621,3.071,1.855,1.847,0.000,0.343,0.000,3063524,0,0,171260
1765,7.6640,2.119,1.750,1.741,0.000,0.347,0.000,2109194,0,0,171260
1766,7.6657,1.778,1.766,1.757,0.000,0.548,0.000,1769230,0,0,171260
1767,7.6675,1.759,3.073,3.063,0.000,0.354,0.000,1750455,0,0,171260
1768,7.6692,1.770,2.118,2.108,0.000,0.288,0.000,1762484,0,0,171260
1769,7.6710,1.717,1.777,1.768,0.000,0.733,0.000,1709995,0,0,171260
1770,7.6727,1.741,1.758,1.749,0.000,0.436,0.000,1734165,0,0,171260
1771,7.6744,1.692,1.770,1.761,0.000,0.486,0.000,1684450,0,0,171260
1772,7.6761,1.697,1.717,1.709,0.000,0.361,0.000,1690718,0,0,171356
1773,7.6777,1.677,1.742,1.733,0.000,0.354,0.000,1670258,0,0,171260
1774,7.6794,1.646,1.691,1.683,0.000,0.310,0.000,1639310,0,0,171260
1775,7.6811,1.613,1.698,1.690,0.000,0.308,0.000,1606463,0,0,171260
1776,7.6828,1.777,1.677,1.669,0.000,0.304,0.000,1770311,0,0,171260
1777,7.6857,1.758,1.646,1.638,0.000,0.340,0.000,1750634,0,0,171260
1778,7.6876,2.950,1.613,1.605,0.000,0.293,0.000,2942835,0,0,171260
1779,7.6894,1.867,1.778,1.769,0.000,0.695,0.000,1859606,0,0,171260
1780,7.6911,1.743,1.758,1.749,0.000,0.745,0.000,1735621,0,0,171260
1781,7.6928,1.727,2.950,2.942,0.000,0.418,0.000,1720277,0,0,171260
1782,7.6945,1.687,1.867,1.858,0.000,0.336,0.000,1679613,0,0,171260
1783,7.6962,1.660,1.743,1.734,0.000,0.278,0.000,1653407,0,0,171260
1784,7.6979,1.717,1.728,1.719,0.000,0.302,0.000,1709798,0,0,171260
1785,7.6996,1.716,1.686,1.678,0.000,0.355,0.000,1709247,0,0,171260
1786,7.7014,1.688,1.660,1.652,0.000,0.423,0.000,1679435,0,0,171260
1787,7.7031,1.810,1.717,1.709,0.000,0.420,0.000,1802552,0,0,171260
1788,7.7051,1.847,1.717,1.708,0.000,0.337,0.000,1839856,0,0,171260
1789,7.7070,1.885,1.687,1.678,0.000,0.294,0.000,1877336,0,0,171260
1790,7.7090,1.899,1.810,1.801,0.000,0.278,0.000,1891850,0,0,171260
1791,7.7119,2.013,1.847,1.839,0.000,0.296,0.000,2004809,0,0,171260
1792,7.7137,2.921,1.885,1.876,0.000,0.384,0.000,2914230,0,0,171260
1793,7.7155,1.770,1.900,1.890,0.000,0.312,0.000,1762095,0,0,171260
1794,7.7172,1.738,2.011,2.003,0.000,0.309,0.000,1730659,0,0,171260
1795,7.7189,1.731,2.922,2.913,0.000,0.311,0.000,1723968,0,0,171260
1796,7.7205,1.641,1.769,1.761,0.000,0.668,0.000,1634584,0,0,171260
1797,7.7224,1.682,1.738,1.730,0.000,0.624,0.000,1676146,0,0,171260
1798,7.7242,1.973,1.731,1.723,0.000,0.610,0.000,1966428,0,0,171260
1799,7.7260,1.766,1.641,1.633,0.000,0.602,0.000,1758824,0,0,171260
1800,7.7278,1.748,1.683,1.675,0.000,0.461,0.000,1741532,0,0,171260
1801,7.7298,1.836,1.974,1.965,0.000,0.324,0.000,1831333,0,0,190111
1802,7.7319,2.075,1.765,1.758,0.000,0.348,0.000,2059860,0,0,171356
1803,7.7337,2.000,1.749,1.740,0.000,0.312,0.000,1990761,0,0,171260
1804,7.7354,1.775,1.845,1.830,0.000,0.428,0.000,1767675,0,0,171260
1805,7.7384,2.865,2.068,2.058,0.000,0.302,0.000,2857583,0,0,171260
1806,7.7402,1.849,1.998,1.989,0.000,0.284,0.000,1841582,0,0,171260
1807,7.7420,1.773,1.775,1.766,0.000,0.648,0.000,1765717,0,0,171260
1808,7.7436,1.774,2.865,2.856,0.000,0.651,0.000,1767543,0,0,171260
1809,7.7454,1.660,1.849,1.840,0.000,0.611,0.000,1652736,0,0,171260
1810,7.7470,1.703,1.772,1.764,0.000,0.661,0.000,1696286,0,0,171260
1811,7.7487,1.677,1.775,1.766,0.000,0.408,0.000,1669753,0,0,171260
1812,7.7504,1.674,1.659,1.652,0.000,0.288,0.000,1667327,0,0,171260
1813,7.7521,1.642,1.703,1.695,0.000,0.303,0.000,1635691,0,0,171260
1814,7.7538,1.751,1.677,1.669,0.000,0.280,0.000,1744387,0,0,171260
1815,7.7554,1.676,1.674,1.666,0.000,0.600,0.000,1668698,0,0,171260
1816,7.7571,1.650,1.643,1.635,0.000,0.609,0.000,1643482,0,0,171260
1817,7.7588,1.687,1.751,1.743,0.000,0.452,0.000,1681091,0,0,171260
1818,7.7605,1.713,1.675,1.668,0.000,0.272,0.000,1706159,0,0,171260
1819,7.7635,2.748,1.650,1.642,0.000,0.645,0.000,2741365,0,0,171260
1820,7.7654,2.076,1.688,1.680,0.000,0.384,0.000,2069105,0,0,171260
1821,7.7674,1.877,1.713,1.705,0.000,0.354,0.000,1869795,0,0,171260
1822,7.7693,2.046,2.748,2.740,0.000,0.339,0.000,2038880,0,0,171260
1823,7.7712,1.791,2.077,2.068,0.000,0.344,0.000,1783757,0,0,171260
1824,7.7730,1.829,1.877,1.869,0.000,0.332,0.000,1821757,0,0,171260
1825,7.7749,1.872,2.046,2.037,0.000,0.348,0.000,1865036,0,0,171260
1826,7.7770,2.013,1.791,1.783,0.000,0.340,0.000,2005649,0,0,171260
1827,7.7791,2.154,1.829,1.820,0.000,0.375,0.000,2143663,0,0,171260
1828,7.7814,2.125,1.872,1.864,0.000,0.516,0.000,2116436,0,0,171260
1829,7.7833,2.171,2.016,2.004,0.000,0.367,0.000,2161270,0,0,171260
1830,7.7853,1.941,2.152,2.142,0.000,0.505,0.000,1932847,0,0,171260
1831,7.7873,1.933,2.126,2.115,0.000,0.381,0.000,1925273,0,0,171260
1832,7.7909,2.250,2.169,2.160,0.000,0.350,0.000,2242476,0,0,171356
1833,7.7933,3.662,1.941,1.932,0.000,0.351,0.000,3652586,0,0,171260
1834,7.7953,2.113,1.933,1.924,0.000,0.440,0.000,2102457,0,0,171260
1835,7.7972,1.968,2.252,2.241,0.000,0.432,0.000,1959921,0,0,171260
1836,7.7991,1.902,3.663,3.651,0.000,0.415,0.000,1893880,0,0,171260
1837,7.8010,1.949,2.110,2.101,0.000,0.419,0.000,1939028,0,0,171260
1838,7.8034,1.905,1.968,1.959,0.000,0.397,0.000,1897752,0,0,171260
1839,7.8054,2.431,1.903,1.893,0.000,0.376,0.000,2422941,0,0,171260
1840,7.8074,1.979,1.947,1.938,0.000,0.580,0.000,1970250,0,0,171260
1841,7.8095,2.073,1.906,1.896,0.000,0.383,0.000,2070507,0,0,171260
1842,7.8115,2.058,2.431,2.422,0.000,0.576,0.000,2044423,0,0,171260
1843,7.8135,1.978,1.979,1.969,0.000,0.510,0.000,1969900,0,0,171260
1844,7.8156,1.994,2.079,2.069,0.000,0.509,0.000,1986277,0,0,171260
1845,7.8177,2.165,2.053,2.043,0.000,0.391,0.000,2157679,0,0,171260
1846,7.8209,2.074,1.978,1.969,0.000,0.353,0.000,2065735,0,0,171260
1847,7.8232,3.293,1.994,1.985,0.000,0.805,0.000,3284437,0,0,171260
1848,7.8251,2.135,2.166,2.156,0.000,0.756,0.000,2126230,0,0,171260
1849,7.8271,1.960,2.074,2.064,0.000,0.767,0.000,1951594,0,0,171260
1850,7.8292,2.035,3.292,3.283,0.000,0.722,0.000,2026667,0,0,171260
1851,7.8312,2.049,2.134,2.125,0.000,0.364,0.000,2041016,0,0,171260
1852,7.8331,1.928,1.960,1.950,0.000,0.377,0.000,1920056,0,0,171260
1853,7.8353,2.174,2.035,2.025,0.000,0.490,0.000,2166181,0,0,171260
1854,7.8371,1.890,2.049,2.040,0.000,0.379,0.000,1882130,0,0,171260
1855,7.8389,1.823,1.928,1.919,0.000,0.343,0.000,1815525,0,0,171260
1856,7.8407,1.776,2.174,2.165,0.000,0.344,0.000,1768916,0,0,171260
1857,7.8427,1.776,1.890,1.881,0.000,0.325,0.000,1767892,0,0,171260
1858,7.8447,2.109,1.823,1.814,0.000,0.444,0.000,2102079,0,0,171260
1859,7.8465,1.917,1.777,1.768,0.000,0.299,0.000,1908623,0,0,171260
1860,7.8494,1.766,1.775,1.767,0.000,0.303,0.000,1758875,0,0,171260
1861,7.8513,2.974,2.110,2.101,0.000,0.783,0.000,2966670,0,0,171260
1862,7.8531,1.884,1.916,1.907,0.000,0.546,0.000,1876322,0,0,171356
1863,7.8548,1.695,1.766,1.758,0.000,0.337,0.000,1687918,0,0,171260
1864,7.8565,1.710,2.975,2.966,0.000,0.350,0.000,1703547,0,0,171260
1865,7.8582,1.689,1.883,1.875,0.000,0.312,0.000,1682212,0,0,171260
1866,7.8599,1.741,1.694,1.687,0.000,0.305,0.000,1733368,0,0,171260
1867,7.8616,1.645,1.710,1.702,0.000,0.319,0.000,1638332,0,0,171260
1868,7.8633,1.748,1.689,1.681,0.000,0.280,0.000,1741126,0,0,171260
1869,7.8650,1.694,1.740,1.732,0.000,0.274,0.000,1687362,0,0,171260
1870,7.8667,1.668,1.645,1.637,0.000,0.344,0.000,1660389,0,0,171260
1871,7.8684,1.687,1.748,1.740,0.000,0.284,0.000,1679646,0,0,171260
1872,7.8702,1.779,1.695,1.686,0.000,0.320,0.000,1772146,0,0,171260
1873,7.8719,1.748,1.668,1.659,0.000,0.302,0.000,1740988,0,0,171260
1874,7.8748,1.794,1.687,1.678,0.000,0.335,0.000,1787266,0,0,171260
1875,7.8766,2.872,1.779,1.771,0.000,0.338,0.000,2864966,0,0,171260
1876,7.8784,1.800,1.748,1.740,0.000,0.295,0.000,1791660,0,0,171260
1877,7.8801,1.743,1.794,1.786,0.000,0.346,0.000,1735903,0,0,171260
1878,7.8820,1.789,2.873,2.864,0.000,0.719,0.000,1782908,0,0,171260
1879,7.8837,1.871,1.798,1.790,0.000,0.414,0.000,1863643,0,0,171260
1880,7.8856,1.739,1.742,1.735,0.000,0.487,0.000,1731155,0,0,171260
1881,7.8875,1.888,1.790,1.782,0.000,0.303,0.000,1880122,0,0,171260
1882,7.8892,1.775,1.871,1.862,0.000,0.432,0.000,1767879,0,0,171260
1883,7.8909,1.770,1.739,1.730,0.000,0.333,0.000,1763229,0,0,171260
1884,7.8927,1.671,1.887,1.879,0.000,0.264,0.000,1664341,0,0,171260
1885,7.8946,1.896,1.775,1.767,0.000,0.671,0.000,1889911,0,0,171260
1886,7.8966,1.985,1.770,1.762,0.000,0.638,0.000,1978170,0,0,171260
1887,7.8983,1.811,1.671,1.663,0.000,0.646,0.000,1803159,0,0,171260
1888,7.9014,1.754,1.897,1.889,0.000,0.483,0.000,1746698,0,0,171260
1889,7.9036,3.247,1.986,1.977,0.000,0.673,0.000,3240778,0,0,171260
1890,7.9054,2.078,1.810,1.802,0.000,0.723,0.000,2069781,0,0,171260
1891,7.9072,1.834,1.754,1.746,0.000,0.371,0.000,1825851,0,0,171260
1892,7.9089,1.717,3.249,3.240,0.000,0.615,0.000,1710489,0,0,171356
1893,7.9106,1.667,2.078,2.068,0.000,0.554,0.000,1661051,0,0,171820
1894,7.9122,1.650,1.833,1.825,0.000,0.402,0.000,1643289,0,0,171316
1895,7.9139,1.673,1.717,1.709,0.000,0.345,0.000,1666518,0,0,171260
1896,7.9156,1.692,1.667,1.660,0.000,0.297,0.000,1684876,0,0,171260
1897,7.9177,1.792,1.650,1.642,0.000,0.282,0.000,1784715,0,0,171260
1898,7.9197,2.133,1.674,1.665,0.000,0.447,0.000,2125343,0,0,171260
1899,7.9217,1.998,1.692,1.684,0.000,0.339,0.000,1990715,0,0,171260
1900,7.9235,1.956,1.792,1.784,0.000,0.438,0.000,1948102,0,0,171820
1901,7.9252,1.738,2.132,2.124,0.000,0.391,0.000,1730724,0,0,171316
1902,7.9281,1.753,1.998,1.990,0.000,0.338,0.000,1745507,0,0,171260
1903,7.9301,2.942,1.955,1.947,0.000,0.479,0.000,2935680,0,0,171260
1904,7.9321,2.044,1.738,1.730,0.000,0.319,0.000,2031232,0,0,171260
1905,7.9340,1.975,1.752,1.744,0.000,0.452,0.000,1966668,0,0,171260
1906,7.9359,1.927,2.948,2.934,0.000,0.590,0.000,1919226,0,0,171260
1907,7.9379,1.931,2.040,2.030,0.000,0.510,0.000,1923387,0,0,171260
1908,7.9398,1.879,1.974,1.965,0.000,0.388,0.000,1870454,0,0,171260
1909,7.9418,1.907,1.927,1.918,0.000,0.369,0.000,1899481,0,0,171260
1910,7.9437,2.000,1.932,1.922,0.000,0.321,0.000,1992526,0,0,171260
1911,7.9455,1.863,1.878,1.869,0.000,0.358,0.000,1854708,0,0,171260
1912,7.9474,1.876,1.907,1.898,0.000,0.297,0.000,1868616,0,0,171260
1913,7.9493,1.853,2.001,1.991,0.000,0.670,0.000,1845815,0,0,171260
1914,7.9510,1.820,1.862,1.853,0.000,0.387,0.000,1812803,0,0,171260
1915,7.9529,1.831,1.876,1.867,0.000,0.543,0.000,1823567,0,0,171260
1916,7.9559,1.851,1.853,1.845,0.000,0.341,0.000,1842950,0,0,171260
1917,7.9584,3.396,1.820,1.812,0.000,0.706,0.000,3388444,0,0,171260
1918,7.9609,2.380,1.831,1.822,0.000,0.453,0.000,2368602,0,0,171260
1919,7.9634,2.532,1.850,1.842,0.000,0.571,0.000,2521870,0,0,171260
1920,7.9656,2.408,3.400,3.387,0.000,0.607,0.000,2398299,0,0,171260
1921,7.9678,2.187,2.378,2.367,0.000,0.755,0.000,2178170,0,0,190111
1922,7.9698,2.086,2.532,2.520,0.000,0.428,0.000,2076732,0,0,171356
1923,7.9722,2.152,2.408,2.397,0.000,0.371,0.000,2144239,0,0,171260
1924,7.9747,2.483,2.187,2.177,0.000,0.607,0.000,2473531,0,0,171260
1925,7.9771,2.489,2.085,2.075,0.000,0.529,0.000,2479212,0,0,171260
1926,7.9795,2.439,2.153,2.143,0.000,0.662,0.000,2429322,0,0,171260
1927,7.9818,2.188,2.483,2.472,0.000,0.750,0.000,2178211,0,0,171260
1928,7.9841,2.437,2.489,2.478,0.000,0.533,0.000,2428375,0,0,171260
1929,7.9875,2.685,2.439,2.428,0.000,0.360,0.000,2675248,0,0,171260
1930,7.9916,3.412,2.187,2.177,0.000,0.495,0.000,3398284,0,0,171260
1931,7.9942,3.902,2.438,2.427,0.000,0.380,0.000,3884702,0,0,171260
1932,7.9965,2.380,2.690,2.674,0.000,0.727,0.000,2370059,0,0,171260
1933,7.9987,2.297,3.414,3.395,0.000,0.482,0.000,2283493,0,0,171260
1934,8.0008,2.138,3.895,3.883,0.000,0.748,0.000,2129475,0,0,171260
1935,8.0030,2.068,2.383,2.368,0.000,0.400,0.000,2059942,0,0,171260
1936,8.0050,2.152,2.291,2.282,0.000,0.611,0.000,2144092,0,0,171260
1937,8.0070,1.977,2.138,2.128,0.000,0.387,0.000,1967982,0,0,171260
1938,8.0090,2.015,2.068,2.059,0.000,0.418,0.000,2006998,0,0,171260
1939,8.0113,2.169,2.153,2.143,0.000,0.432,0.000,2161717,0,0,171260
1940,8.0135,2.243,1.976,1.967,0.000,0.455,0.000,2234407,0,0,171260
1941,8.0156,2.105,2.015,2.006,0.000,0.445,0.000,2095753,0,0,171260
1942,8.0177,2.143,2.171,2.160,0.000,0.451,0.000,2134647,0,0,171260
1943,8.0197,2.048,2.244,2.233,0.000,0.803,0.000,2039333,0,0,171260
1944,8.0251,1.893,2.104,2.094,0.000,0.790,0.000,1885108,0,0,171260
1945,8.0281,5.864,2.143,2.133,0.000,0.725,0.000,5857443,0,0,171260
1946,8.0312,3.695,2.047,2.038,0.000,0.573,0.000,3683813,0,0,171260
1947,8.0333,2.135,1.893,1.884,0.000,0.455,0.000,2124372,0,0,171260
1948,8.0352,1.925,5.870,5.856,0.000,0.417,0.000,1917373,0,0,171260
1949,8.0370,1.815,3.694,3.682,0.000,0.390,0.000,1807358,0,0,171260
1950,8.0389,1.900,2.131,2.122,0.000,0.613,0.000,1892213,0,0,171260
1951,8.0409,1.953,1.925,1.916,0.000,0.726,0.000,1944813,0,0,171260
1952,8.0428,1.875,1.815,1.806,0.000,0.685,0.000,1867034,0,0,171356
1953,8.0446,1.875,1.900,1.891,0.000,0.391,0.000,1867805,0,0,171260
1954,8.0464,1.814,1.952,1.943,0.000,0.708,0.000,1806314,0,0,171260
1955,8.0483,1.937,1.874,1.866,0.000,0.357,0.000,1923693,0,0,171260
1956,8.0504,1.979,1.876,1.867,0.000,0.325,0.000,1972257,0,0,171260
1957,8.0527,2.033,1.820,1.805,0.000,0.748,0.000,2024458,0,0,171260
1958,8.0546,2.203,1.931,1.922,0.000,0.761,0.000,2193401,0,0,171260
1959,8.0574,1.837,1.981,1.971,0.000,0.366,0.000,1829482,0,0,171260
1960,8.0595,2.969,2.033,2.023,0.000,0.729,0.000,2961851,0,0,171260
1961,8.0617,2.081,2.201,2.192,0.000,0.350,0.000,2073244,0,0,171260
1962,8.0639,2.255,1.836,1.828,0.000,0.582,0.000,2248017,0,0,171260
1963,8.0659,2.148,2.970,2.961,0.000,0.556,0.000,2137457,0,0,171260
1964,8.0678,1.957,2.081,2.072,0.000,0.494,0.000,1949054,0,0,171260
1965,8.0698,1.909,2.259,2.247,0.000,0.396,0.000,1901113,0,0,171260
1966,8.0718,2.073,2.146,2.136,0.000,0.510,0.000,2063197,0,0,171260
1967,8.0738,2.013,1.957,1.948,0.000,0.410,0.000,2005030,0,0,171260
1968,8.0758,1.965,1.911,1.900,0.000,0.485,0.000,1957501,0,0,171260
1969,8.0778,2.002,2.071,2.062,0.000,0.357,0.000,1993808,0,0,171260
1970,8.0798,1.976,2.013,2.004,0.000,0.803,0.000,1968129,0,0,171260
1971,8.0817,1.871,1.965,1.956,0.000,0.395,0.000,1863205,0,0,171260
1972,8.0836,1.996,2.001,1.992,0.000,0.403,0.000,1988371,0,0,171260
1973,8.0868,1.927,1.976,1.967,0.000,0.510,0.000,1918614,0,0,171260
1974,8.0889,3.230,1.871,1.862,0.000,0.727,0.000,3222219,0,0,171260
1975,8.0910,2.059,1.997,1.987,0.000,0.420,0.000,2050165,0,0,171260
1976,8.0928,2.024,1.926,1.917,0.000,0.794,0.000,2013447,0,0,171260
1977,8.0950,1.916,3.231,3.221,0.000,0.552,0.000,1909205,0,0,171260
1978,8.0969,2.116,2.061,2.049,0.000,0.781,0.000,2104879,0,0,171260
1979,8.0987,1.828,2.021,2.012,0.000,0.501,0.000,1820286,0,0,171260
1980,8.1005,1.791,1.920,1.908,0.000,0.365,0.000,1783112,0,0,171260
1981,8.1024,1.762,2.113,2.104,0.000,0.631,0.000,1754341,0,0,171260
1982,8.1041,1.897,1.828,1.819,0.000,0.697,0.000,1890166,0,0,171356
1983,8.1058,1.698,1.790,1.782,0.000,0.441,0.000,1690410,0,0,171260
1984,8.1077,1.849,1.761,1.753,0.000,0.315,0.000,1841966,0,0,171260
1985,8.1095,1.873,1.897,1.889,0.000,0.360,0.000,1865131,0,0,171260
1986,8.1113,1.800,1.698,1.689,0.000,0.357,0.000,1792846,0,0,171260
1987,8.1141,1.801,1.850,1.841,0.000,0.473,0.000,1794539,0,0,171260
1988,8.1160,2.866,1.873,1.864,0.000,0.389,0.000,2859225,0,0,171260
1989,8.1179,1.849,1.800,1.792,0.000,0.317,0.000,1841905,0,0,171260
1990,8.1197,1.874,1.802,1.793,0.000,0.744,0.000,1867081,0,0,171260
1991,8.1216,1.766,2.867,2.858,0.000,0.376,0.000,1759061,0,0,171260
1992,8.1233,1.825,1.849,1.841,0.000,0.356,0.000,1817695,0,0,171260
1993,8.1251,1.744,1.874,1.866,0.000,0.372,0.000,1736919,0,0,171260
1994,8.1269,1.792,1.766,1.758,0.000,0.474,0.000,1784876,0,0,171260
1995,8.1286,1.756,1.825,1.817,0.000,0.386,0.000,1747753,0,0,171260
1996,8.1302,1.676,1.744,1.736,0.000,0.462,0.000,1669079,0,0,171260
1997,8.1319,1.721,1.793,1.784,0.000,0.426,0.000,1714821,0,0,171260
1998,8.1336,1.659,1.755,1.747,0.000,0.712,0.000,1652710,0,0,171260
1999,8.1353,1.671,1.676,1.668,0.000,0.688,0.000,1664179,0,0,171260
2000,8.1369,1.698,1.721,1.714,0.000,0.375,0.000,1690981,0,0,171260
2001,8.1397,1.642,1.660,1.652,0.000,0.322,0.000,1635502,0,0,171260
2002,8.1416,2.844,1.671,1.663,0.000,0.359,0.000,2838107,0,0,171260
2003,8.1433,1.863,1.698,1.690,0.000,0.305,0.000,1854800,0,0,171260
2004,8.1450,1.636,1.642,1.634,0.000,0.365,0.000,1628661,0,0,171260
2005,8.1466,1.666,2.846,2.837,0.000,0.289,0.000,1659419,0,0,171260
2006,8.1482,1.609,1.862,1.854,0.000,0.310,0.000,1602096,0,0,171260
2007,8.1498,1.606,1.636,1.627,0.000,0.257,0.000,1599570,0,0,171260
2008,8.1515,1.683,1.667,1.658,0.000,0.258,0.000,1675722,0,0,171260
2009,8.1534,1.809,1.609,1.601,0.000,0.350,0.000,1801990,0,0,171260
2010,8.1551,1.774,1.607,1.598,0.000,0.300,0.000,1763260,0,0,171260
2011,8.1568,1.698,1.683,1.675,0.000,0.302,0.000,1691592,0,0,171260
2012,8.1586,1.765,1.813,1.801,0.000,0.380,0.000,1758466,0,0,171356
2013,8.1604,1.749,1.769,1.761,0.000,0.303,0.000,1741834,0,0,171260
2014,8.1624,1.869,1.698,1.690,0.000,0.676,0.000,1862580,0,0,171260
2015,8.1654,3.043,1.766,1.757,0.000,0.678,0.000,3035517,0,0,171260
2016,8.1671,1.863,1.749,1.741,0.000,0.584,0.000,1854629,0,0,171260
2017,8.1690,1.806,1.870,1.861,0.000,0.476,0.000,1799094,0,0,171260
2018,8.1708,1.828,3.044,3.034,0.000,0.346,0.000,1820291,0,0,171260
2019,8.1726,1.817,1.862,1.853,0.000,0.436,0.000,1810496,0,0,171260
2020,8.1750,2.163,1.806,1.798,0.000,0.709,0.000,2156217,0,0,171260
2021,8.1769,2.111,1.827,1.819,0.000,0.331,0.000,2099181,0,0,171260
2022,8.1787,1.824,1.817,1.809,0.000,0.373,0.000,1816888,0,0,171260
2023,8.1805,1.781,2.169,2.155,0.000,0.627,0.000,1774284,0,0,171260
2024,8.1824,1.770,2.106,2.098,0.000,0.355,0.000,1762362,0,0,171260
2025,8.1844,1.926,1.824,1.816,0.000,0.715,0.000,1919036,0,0,171260
2026,8.1863,2.084,1.782,1.773,0.000,0.674,0.000,2076635,0,0,171260
2027,8.1883,1.907,1.769,1.761,0.000,0.677,0.000,1899629,0,0,171260
2028,8.1913,2.025,1.926,1.918,0.000,0.478,0.000,2017579,0,0,171260
2029,8.1934,3.076,2.084,2.076,0.000,0.733,0.000,3069087,0,0,171260
2030,8.1954,2.040,1.907,1.898,0.000,0.601,0.000,2031830,0,0,171260
2031,8.1975,2.038,2.025,2.016,0.000,0.428,0.000,2029229,0,0,171260
2032,8.1995,2.007,3.077,3.068,0.000,0.483,0.000,1998332,0,0,171260
2033,8.2015,1.955,2.040,2.030,0.000,0.427,0.000,1946750,0,0,171260
2034,8.2034,2.054,2.038,2.028,0.000,0.405,0.000,2045357,0,0,171260
2035,8.2052,1.849,2.013,1.997,0.000,0.712,0.000,1835575,0,0,171260
2036,8.2070,1.774,1.949,1.940,0.000,0.661,0.000,1767267,0,0,171260
2037,8.2087,1.749,2.059,2.044,0.000,0.700,0.000,1742093,0,0,171260
2038,8.2105,1.755,1.842,1.834,0.000,0.679,0.000,1747456,0,0,171260
2039,8.2122,1.708,1.775,1.766,0.000,0.372,0.000,1701735,0,0,171260
2040,8.2140,1.753,1.749,1.741,0.000,0.375,0.000,1746396,0,0,171260
2041,8.2159,1.911,1.754,1.746,0.000,0.710,0.000,1903997,0,0,190111
2042,8.2188,1.789,1.709,1.701,0.000,0.352,0.000,1781778,0,0,171356
2043,8.2208,3.059,1.753,1.745,0.000,0.437,0.000,3052587,0,0,171260
2044,8.2231,1.894,1.911,1.903,0.000,0.362,0.000,1885286,0,0,171260
2045,8.2250,2.350,1.789,1.781,0.000,0.441,0.000,2341583,0,0,171260
2046,8.2281,3.092,3.062,3.052,0.000,0.564,0.000,3083579,0,0,171260
2047,8.2299,1.866,1.893,1.884,0.000,0.367,0.000,1857684,0,0,171260
2048,8.2316,1.756,2.350,2.340,0.000,0.558,0.000,1748484,0,0,171260
2049,8.2339,2.240,3.092,3.082,0.000,0.445,0.000,2232999,0,0,171260
2050,8.2358,1.839,1.865,1.856,0.000,0.285,0.000,1830903,0,0,171260
2051,8.2375,1.822,1.755,1.747,0.000,0.538,0.000,1814570,0,0,171260
2052,8.2392,1.706,2.242,2.232,0.000,0.413,0.000,1699311,0,0,171260
2053,8.2410,1.713,1.837,1.829,0.000,0.282,0.000,1706258,0,0,171260
2054,8.2429,1.769,1.821,1.813,0.000,0.684,0.000,1762804,0,0,171260
2055,8.2446,1.899,1.706,1.698,0.000,0.687,0.000,1892305,0,0,171260
2056,8.2476,1.770,1.713,1.705,0.000,0.355,0.000,1762565,0,0,171260
2057,8.2495,3.009,1.769,1.762,0.000,0.338,0.000,3002008,0,0,171260
2058,8.2513,1.852,1.900,1.891,0.000,0.347,0.000,1844835,0,0,171260
2059,8.2530,1.739,1.770,1.761,0.000,0.341,0.000,1731292,0,0,171260
2060,8.2547,1.731,3.010,3.001,0.000,0.269,0.000,1723393,0,0,171260
2061,8.2568,1.721,1.852,1.843,0.000,0.683,0.000,1714081,0,0,171260
2062,8.2587,2.246,1.739,1.730,0.000,0.646,0.000,2238976,0,0,171260
2063,8.2604,1.753,1.730,1.722,0.000,0.438,0.000,1745735,0,0,171260
2064,8.2623,1.693,1.721,1.713,0.000,0.405,0.000,1686366,0,0,171260
2065,8.2641,1.888,2.246,2.238,0.000,0.314,0.000,1880903,0,0,171260
2066,8.2660,1.886,1.753,1.745,0.000,0.311,0.000,1878284,0,0,171260
2067,8.2678,1.800,1.693,1.685,0.000,0.663,0.000,1793134,0,0,171260
2068,8.2695,1.792,1.889,1.880,0.000,0.353,0.000,1785334,0,0,171260
2069,8.2713,1.720,1.885,1.877,0.000,0.668,0.000,1712549,0,0,171260
2070,8.2740,1.729,1.800,1.792,0.000,0.339,0.000,1722041,0,0,171260
2071,8.2759,2.814,1.793,1.784,0.000,0.356,0.000,2807578,0,0,171260
2072,8.2778,1.898,1.720,1.711,0.000,0.289,0.000,1890718,0,0,171916
2073,8.2797,1.927,1.729,1.721,0.000,0.691,0.000,1919603,0,0,171316
2074,8.2816,1.892,2.815,2.806,0.000,0.410,0.000,1884359,0,0,171260
2075,8.2834,1.912,1.898,1.890,0.000,0.500,0.000,1903530,0,0,171260
2076,8.2852,1.764,1.927,1.918,0.000,0.412,0.000,1756542,0,0,171260
2077,8.2869,1.713,1.892,1.883,0.000,0.356,0.000,1705282,0,0,171260
2078,8.2885,1.686,1.911,1.902,0.000,0.343,0.000,1678421,0,0,171260
2079,8.2901,1.617,1.764,1.755,0.000,0.294,0.000,1610653,0,0,171260
2080,8.2918,1.608,1.713,1.704,0.000,0.321,0.000,1601733,0,0,171260
2081,8.2934,1.656,1.685,1.677,0.000,0.313,0.000,1650037,0,0,171260
2082,8.2951,1.675,1.617,1.609,0.000,0.276,0.000,1668334,0,0,171260
2083,8.2967,1.627,1.608,1.601,0.000,0.660,0.000,1620127,0,0,171260
2084,8.2996,1.700,1.657,1.649,0.000,0.689,0.000,1693466,0,0,171260
2085,8.3015,2.950,1.675,1.667,0.000,0.396,0.000,2942507,0,0,171260
2086,8.3033,1.868,1.627,1.619,0.000,0.335,0.000,1859488,0,0,171260
2087,8.3050,1.739,1.701,1.692,0.000,0.362,0.000,1730758,0,0,171260
2088,8.3067,1.720,2.951,2.941,0.000,0.298,0.000,1712433,0,0,171260
2089,8.3084,1.675,1.868,1.858,0.000,0.373,0.000,1667583,0,0,171260
2090,8.3100,1.676,1.738,1.729,0.000,0.293,0.000,1668877,0,0,171260
2091,8.3118,1.676,1.720,1.711,0.000,0.399,0.000,1669928,0,0,171260
2092,8.3135,1.741,1.674,1.666,0.000,0.289,0.000,1733889,0,0,171260
2093,8.3152,1.718,1.675,1.668,0.000,0.284,0.000,1710226,0,0,171260
2094,8.3170,1.745,1.677,1.669,0.000,0.289,0.000,1737994,0,0,171260
2095,8.3189,1.882,1.741,1.733,0.000,0.283,0.000,1873273,0,0,171260
2096,8.3209,1.964,1.717,1.709,0.000,0.474,0.000,1956952,0,0,171260
2097,8.3235,1.977,1.746,1.737,0.000,0.449,0.000,1968927,0,0,171260
2098,8.3268,2.616,1.881,1.872,0.000,0.365,0.000,2608110,0,0,171260
2099,8.3289,3.368,1.965,1.956,0.000,0.559,0.000,3359815,0,0,171260
2100,8.3310,2.072,1.977,1.968,0.000,0.401,0.000,2062827,0,0,171260
2101,8.3331,2.049,2.617,2.607,0.000,0.493,0.000,2040566,0,0,171260
2102,8.3351,2.093,3.369,3.358,0.000,0.454,0.000,2085398,0,0,171356
2103,8.3371,2.044,2.072,2.061,0.000,0.794,0.000,2036297,0,0,171260
2104,8.3391,1.943,2.048,2.039,0.000,0.784,0.000,1935040,0,0,171260
2105,8.3410,1.906,2.093,2.084,0.000,0.758,0.000,1898062,0,0,171260
2106,8.3429,1.874,2.044,2.035,0.000,0.684,0.000,1866517,0,0,171260
2107,8.3448,2.008,1.943,1.934,0.000,0.677,0.000,2000020,0,0,171260
2108,8.3467,1.856,1.906,1.897,0.000,0.369,0.000,1848118,0,0,171260
2109,8.3486,1.901,1.874,1.865,0.000,0.523,0.000,1893813,0,0,171260
2110,8.3505,1.905,2.008,1.999,0.000,0.365,0.000,1896618,0,0,171260
2111,8.3529,1.966,1.856,1.847,0.000,0.405,0.000,1957829,0,0,171260
2112,8.3563,3.612,1.902,1.893,0.000,0.346,0.000,3604313,0,0,171260
2113,8.3584,2.157,1.905,1.895,0.000,0.335,0.000,2148096,0,0,171260
2114,8.3604,2.098,1.965,1.957,0.000,0.538,0.000,2089690,0,0,171260
2115,8.3625,1.927,3.613,3.603,0.000,0.635,0.000,1919601,0,0,171260
2116,8.3645,2.200,2.157,2.147,0.000,0.394,0.000,2192393,0,0,171260
2117,8.3666,2.068,2.097,2.088,0.000,0.335,0.000,2058879,0,0,171260
2118,8.3686,2.009,1.927,1.918,0.000,0.382,0.000,1999753,0,0,171260
2119,8.3706,1.948,2.201,2.191,0.000,0.415,0.000,1939903,0,0,171260
2120,8.3725,1.975,2.068,2.058,0.000,0.400,0.000,1966882,0,0,171260
2121,8.3744,1.904,2.008,1.998,0.000,0.391,0.000,1896440,0,0,171260
2122,8.3763,1.920,1.948,1.939,0.000,0.368,0.000,1912330,0,0,171260
2123,8.3782,1.877,1.974,1.966,0.000,0.670,0.000,1869395,0,0,171260
2124,8.3801,1.975,1.904,1.895,0.000,0.308,0.000,1967136,0,0,171260
2125,8.3832,1.806,1.920,1.911,0.000,0.745,0.000,1798930,0,0,171260
2126,8.3852,3.170,1.878,1.868,0.000,0.404,0.000,3162935,0,0,171260
2127,8.3870,1.874,1.974,1.966,0.000,0.297,0.000,1865909,0,0,171260
2128,8.3889,1.990,1.806,1.798,0.000,0.318,0.000,1982218,0,0,171260
2129,8.3907,1.787,3.171,3.162,0.000,0.605,0.000,1779951,0,0,171260
2130,8.3925,1.780,1.873,1.865,0.000,0.637,0.000,1773495,0,0,171260
2131,8.3943,1.770,1.990,1.981,0.000,0.372,0.000,1763220,0,0,171260
2132,8.3961,1.805,1.787,1.779,0.000,0.537,0.000,1798252,0,0,171356
2133,8.3980,1.917,1.780,1.772,0.000,0.293,0.000,1910296,0,0,171260
2134,8.3997,1.782,1.770,1.762,0.000,0.286,0.000,1774944,0,0,171260
2135,8.4017,1.788,1.805,1.797,0.000,0.287,0.000,1780964,0,0,171260
2136,8.4034,1.852,1.918,1.909,0.000,0.694,0.000,1844115,0,0,171260
2137,8.4051,1.708,1.782,1.774,0.000,0.370,0.000,1701384,0,0,171260
2138,8.4069,1.783,1.789,1.780,0.000,0.296,0.000,1775678,0,0,171260
2139,8.4098,1.789,1.851,1.843,0.000,0.275,0.000,1781657,0,0,171260
2140,8.4117,2.926,1.708,1.700,0.000,0.347,0.000,2918104,0,0,171260
2141,8.4135,1.875,1.783,1.774,0.000,0.347,0.000,1867617,0,0,171260
2142,8.4152,1.712,1.789,1.780,0.000,0.320,0.000,1705042,0,0,171260
2143,8.4169,1.712,2.926,2.917,0.000,0.321,0.000,1704233,0,0,171260
2144,8.4186,1.722,1.875,1.866,0.000,0.290,0.000,1715283,0,0,171260
2145,8.4203,1.675,1.712,1.704,0.000,0.301,0.000,1667996,0,0,171260
2146,8.4221,1.701,1.711,1.703,0.000,0.320,0.000,1693327,0,0,171260
2147,8.4238,1.814,1.722,1.714,0.000,0.299,0.000,1807239,0,0,171260
2148,8.4256,1.784,1.675,1.667,0.000,0.339,0.000,1776928,0,0,171260
2149,8.4273,1.699,1.700,1.692,0.000,0.342,0.000,1691565,0,0,171260
2150,8.4290,1.722,1.814,1.806,0.000,0.299,0.000,1715150,0,0,171260
2151,8.4308,1.787,1.784,1.776,0.000,0.373,0.000,1780513,0,0,171260
2152,8.4329,1.977,1.699,1.690,0.000,0.337,0.000,1969727,0,0,171260
2153,8.4359,1.940,1.722,1.714,0.000,0.322,0.000,1932149,0,0,171260
2154,8.4378,3.020,1.788,1.779,0.000,0.362,0.000,3012420,0,0,171260
2155,8.4398,1.967,1.978,1.969,0.000,0.348,0.000,1959477,0,0,171260
2156,8.4419,2.001,1.940,1.931,0.000,0.400,0.000,1991133,0,0,171260
2157,8.4438,2.035,3.020,3.011,0.000,0.498,0.000,2025005,0,0,171260
2158,8.4456,1.820,1.969,1.958,0.000,0.478,0.000,1810593,0,0,171260
2159,8.4473,1.773,2.002,1.990,0.000,0.473,0.000,1766430,0,0,171260
2160,8.4491,1.776,2.034,2.024,0.000,0.675,0.000,1767521,0,0,171260
2161,8.4509,1.781,1.818,1.809,0.000,0.463,0.000,1773781,0,0,190111
2162,8.4527,1.778,1.775,1.765,0.000,0.580,0.000,1770657,0,0,171356
2163,8.4545,1.768,1.774,1.766,0.000,0.690,0.000,1761301,0,0,171260
2164,8.4563,1.850,1.781,1.773,0.000,0.666,0.000,1840376,0,0,171260
2165,8.4586,1.822,1.777,1.769,0.000,0.516,0.000,1815602,0,0,171260
2166,8.4603,2.260,1.770,1.760,0.000,0.522,0.000,2253315,0,0,171260
2167,8.4633,1.720,1.847,1.839,0.000,0.320,0.000,1712860,0,0,171260
2168,8.4651,3.026,1.822,1.814,0.000,0.310,0.000,3018624,0,0,171260
2169,8.4669,1.760,2.261,2.252,0.000,0.348,0.000,1751805,0,0,171260
2170,8.4686,1.753,1.720,1.711,0.000,0.314,0.000,1745484,0,0,171260
2171,8.4704,1.765,3.027,3.017,0.000,0.659,0.000,1757605,0,0,171260
2172,8.4721,1.739,1.759,1.750,0.000,0.525,0.000,1732195,0,0,171260
2173,8.4737,1.657,1.753,1.744,0.000,0.637,0.000,1650426,0,0,171260
2174,8.4754,1.645,1.764,1.756,0.000,0.658,0.000,1638220,0,0,171260
2175,8.4770,1.654,1.739,1.731,0.000,0.630,0.000,1647547,0,0,171260
2176,8.4795,1.695,1.657,1.649,0.000,0.677,0.000,1688209,0,0,171260
2177,8.4819,2.891,1.645,1.637,0.000,0.377,0.000,2883560,0,0,171260
2178,8.4838,2.107,1.654,1.646,0.000,0.418,0.000,2098103,0,0,171260
2179,8.4857,1.870,1.696,1.687,0.000,0.451,0.000,1861726,0,0,171260
2180,8.4876,1.874,2.892,2.882,0.000,0.704,0.000,1866264,0,0,171260
2181,8.4904,1.848,2.106,2.097,0.000,0.708,0.000,1839921,0,0,171260
2182,8.4924,2.904,1.869,1.860,0.000,0.374,0.000,2896655,0,0,171260
2183,8.4942,1.909,1.874,1.865,0.000,0.292,0.000,1899220,0,0,171260
2184,8.4961,1.845,1.848,1.839,0.000,0.729,0.000,1838299,0,0,171260
2185,8.4980,1.778,2.906,2.895,0.000,0.425,0.000,1771053,0,0,171260
2186,8.4998,1.935,1.906,1.898,0.000,0.362,0.000,1927436,0,0,381872
2187,8.5017,1.808,1.845,1.837,0.000,0.325,0.000,1800460,0,0,171260
2188,8.5036,1.963,1.778,1.770,0.000,0.294,0.000,1956052,0,0,171260
2189,8.5056,1.965,1.935,1.926,0.000,0.693,0.000,1956299,0,0,171260
2190,8.5075,1.981,1.808,1.799,0.000,0.687,0.000,1972230,0,0,171820
2191,8.5094,1.882,1.964,1.955,0.000,0.413,0.000,1873999,0,0,171316
2192,8.5113,1.911,1.965,1.955,0.000,0.465,0.000,1902433,0,0,171356
2193,8.5133,1.888,1.980,1.971,0.000,0.440,0.000,1878989,0,0,171260
2194,8.5164,1.961,1.882,1.873,0.000,0.322,0.000,1953935,0,0,171260
2195,8.5185,3.283,1.911,1.901,0.000,0.728,0.000,3275833,0,0,171260
2196,8.5207,2.115,1.887,1.878,0.000,0.501,0.000,2106391,0,0,171260
2197,8.5228,2.065,1.961,1.952,0.000,0.425,0.000,2056117,0,0,171260
2198,8.5248,2.153,3.285,3.275,0.000,0.699,0.000,2145833,0,0,171260
2199,8.5266,1.898,2.115,2.105,0.000,0.703,0.000,1889770,0,0,171260
2200,8.5285,1.842,2.064,2.055,0.000,0.675,0.000,1834271,0,0,171260
2201,8.5304,1.857,2.155,2.145,0.000,0.382,0.000,1848874,0,0,171260
2202,8.5323,1.929,1.897,1.888,0.000,0.674,0.000,1921186,0,0,171260
2203,8.5343,1.921,1.843,1.833,0.000,0.376,0.000,1912993,0,0,171260
2204,8.5363,1.993,1.856,1.848,0.000,0.542,0.000,1985533,0,0,171260
2205,8.5383,2.005,1.929,1.920,0.000,0.427,0.000,1997105,0,0,171260
2206,8.5406,2.122,1.921,1.912,0.000,0.380,0.000,2113518,0,0,171260
2207,8.5428,2.259,1.993,1.984,0.000,0.381,0.000,2250903,0,0,171260
2208,8.5463,2.379,2.006,1.996,0.000,0.412,0.000,2370636,0,0,171260
2209,8.5487,3.490,2.122,2.112,0.000,0.440,0.000,3480972,0,0,171260
2210,8.5510,2.302,2.259,2.250,0.000,0.373,0.000,2290863,0,0,171260
2211,8.5533,2.324,2.380,2.369,0.000,0.404,0.000,2314037,0,0,171260
2212,8.5553,2.118,3.492,3.480,0.000,0.454,0.000,2109641,0,0,171260
2213,8.5574,2.085,2.301,2.289,0.000,0.808,0.000,2076235,0,0,171260
2214,8.5593,1.984,2.323,2.313,0.000,0.823,0.000,1975196,0,0,171260
2215,8.5614,1.955,2.118,2.108,0.000,0.769,0.000,1947671,0,0,171260
2216,8.5635,2.133,2.085,2.075,0.000,0.602,0.000,2125527,0,0,171260
2217,8.5654,2.002,1.983,1.974,0.000,0.821,0.000,1993501,0,0,171260
2218,8.5675,2.062,1.955,1.946,0.000,0.558,0.000,2054381,0,0,171260
2219,8.5693,1.882,2.134,2.124,0.000,0.721,0.000,1874422,0,0,171260
2220,8.5712,1.820,2.001,1.992,0.000,0.406,0.000,1812724,0,0,171260
2221,8.5730,1.876,2.062,2.053,0.000,0.338,0.000,1868151,0,0,171260
2222,8.5777,1.789,1.881,1.873,0.000,0.316,0.000,1781727,0,0,171356
2223,8.5802,5.047,1.820,1.811,0.000,0.374,0.000,5040671,0,0,171260
2224,8.5830,3.059,1.876,1.867,0.000,0.286,0.000,3049149,0,0,171260
2225,8.5850,1.974,1.789,1.781,0.000,0.325,0.000,1963974,0,0,171260
2226,8.5868,1.965,5.051,5.039,0.000,0.317,0.000,1956707,0,0,171260
2227,8.5885,1.757,3.059,3.047,0.000,0.356,0.000,1750333,0,0,171260
2228,8.5903,1.769,1.971,1.962,0.000,0.344,0.000,1761798,0,0,171260
2229,8.5922,1.785,1.964,1.956,0.000,0.345,0.000,1777461,0,0,171260
2230,8.5940,1.896,1.758,1.749,0.000,0.334,0.000,1888309,0,0,171260
2231,8.5958,1.812,1.769,1.761,0.000,0.318,0.000,1804167,0,0,171260
2232,8.5978,1.898,1.785,1.776,0.000,0.340,0.000,1890950,0,0,171260
2233,8.6000,1.984,1.896,1.887,0.000,0.734,0.000,1976631,0,0,171260
2234,8.6023,2.238,1.812,1.803,0.000,0.701,0.000,2230780,0,0,171260
2235,8.6042,2.250,1.898,1.890,0.000,0.712,0.000,2241754,0,0,171260
2236,8.6061,1.869,1.984,1.975,0.000,0.833,0.000,1861314,0,0,171260
2237,8.6090,1.808,2.239,2.229,0.000,0.390,0.000,1800536,0,0,171260
2238,8.6109,2.952,2.249,2.241,0.000,0.302,0.000,2945209,0,0,171260
2239,8.6126,1.852,1.868,1.860,0.000,0.295,0.000,1843800,0,0,171260
2240,8.6143,1.681,1.808,1.799,0.000,0.406,0.000,1673781,0,0,171260
2241,8.6161,1.684,2.953,2.944,0.000,0.327,0.000,1677011,0,0,171260
2242,8.6177,1.764,1.851,1.843,0.000,0.358,0.000,1756855,0,0,171260
2243,8.6194,1.676,1.681,1.673,0.000,0.388,0.000,1669052,0,0,171260
2244,8.6212,1.703,1.684,1.676,0.000,0.639,0.000,1696424,0,0,171820
2245,8.6230,1.838,1.764,1.756,0.000,0.385,0.000,1831194,0,0,171316
2246,8.6246,1.672,1.676,1.668,0.000,0.333,0.000,1665080,0,0,171260
2247,8.6263,1.671,1.703,1.695,0.000,0.529,0.000,1663678,0,0,171260
2248,8.6281,1.746,1.838,1.830,0.000,0.292,0.000,1739144,0,0,171260
2249,8.6298,1.715,1.672,1.664,0.000,0.329,0.000,1707868,0,0,171260
2250,8.6316,1.759,1.671,1.663,0.000,0.759,0.000,1751336,0,0,171260
2251,8.6343,1.715,1.746,1.738,0.000,0.726,0.000,1707909,0,0,171260
2252,8.6363,2.920,1.715,1.707,0.000,0.442,0.000,2913157,0,0,171356
2253,8.6381,1.871,1.758,1.750,0.000,0.375,0.000,1862678,0,0,171260
2254,8.6399,1.795,1.715,1.707,0.000,0.497,0.000,1787747,0,0,171260
2255,8.6418,1.783,2.921,2.912,0.000,0.464,0.000,1775688,0,0,171260
2256,8.6438,2.018,1.870,1.862,0.000,0.660,0.000,2010309,0,0,171260
2257,8.6460,2.120,1.795,1.787,0.000,0.334,0.000,2112003,0,0,171260
2258,8.6480,2.064,1.783,1.775,0.000,0.740,0.000,2055427,0,0,171260
2259,8.6500,2.030,2.018,2.009,0.000,0.782,0.000,2021848,0,0,171260
2260,8.6518,1.925,2.121,2.111,0.000,0.751,0.000,1916881,0,0,171260
2261,8.6537,1.850,2.064,2.054,0.000,0.598,0.000,1841664,0,0,171260
2262,8.6555,1.789,2.029,2.020,0.000,0.321,0.000,1781583,0,0,171260
2263,8.6573,1.798,1.925,1.916,0.000,0.302,0.000,1790531,0,0,171260
2264,8.6591,1.849,1.849,1.840,0.000,0.727,0.000,1841847,0,0,171260
2265,8.6620,1.776,1.789,1.780,0.000,0.708,0.000,1768443,0,0,171260
2266,8.6640,2.960,1.798,1.789,0.000,0.690,0.000,2952474,0,0,171260
2267,8.6658,1.980,1.850,1.841,0.000,0.368,0.000,1971571,0,0,171260
2268,8.6675,1.737,1.776,1.767,0.000,0.381,0.000,1728625,0,0,171260
2269,8.6692,1.685,2.961,2.951,0.000,0.362,0.000,1677687,0,0,171260
2270,8.6709,1.686,1.979,1.970,0.000,0.311,0.000,1679248,0,0,171260
2271,8.6728,1.823,1.736,1.727,0.000,0.272,0.000,1816397,0,0,171260
2272,8.6745,1.815,1.684,1.677,0.000,0.275,0.000,1806214,0,0,171260
2273,8.6762,1.698,1.686,1.678,0.000,0.351,0.000,1689730,0,0,171260
2274,8.6779,1.669,1.825,1.815,0.000,0.318,0.000,1661266,0,0,171260
2275,8.6795,1.658,1.814,1.805,0.000,0.329,0.000,1651403,0,0,171260
2276,8.6815,1.763,1.697,1.689,0.000,0.290,0.000,1756263,0,0,171260
2277,8.6832,1.902,1.668,1.660,0.000,0.302,0.000,1894265,0,0,171260
2278,8.6850,1.758,1.659,1.650,0.000,0.318,0.000,1750346,0,0,171260
2279,8.6880,1.805,1.764,1.755,0.000,0.378,0.000,1798155,0,0,171260
2280,8.6900,3.097,1.902,1.893,0.000,0.396,0.000,3087253,0,0,171260
2281,8.6920,2.002,1.757,1.749,0.000,0.329,0.000,1993638,0,0,190111
2282,8.6939,1.942,1.808,1.797,0.000,0.416,0.000,1933867,0,0,171356
2283,8.6957,1.811,3.095,3.086,0.000,0.374,0.000,1802721,0,0,171260
2284,8.6974,1.757,2.002,1.992,0.000,0.383,0.000,1749840,0,0,171260
2285,8.6992,1.744,1.942,1.933,0.000,0.351,0.000,1736954,0,0,171260
2286,8.7010,1.824,1.810,1.801,0.000,0.758,0.000,1817084,0,0,171260
2287,8.7028,1.700,1.757,1.749,0.000,0.345,0.000,1692628,0,0,171260
2288,8.7049,1.883,1.744,1.736,0.000,0.379,0.000,1875911,0,0,171260
2289,8.7068,2.220,1.824,1.816,0.000,0.304,0.000,2212333,0,0,171260
2290,8.7085,1.752,1.699,1.691,0.000,0.765,0.000,1744587,0,0,171260
2291,8.7102,1.703,1.884,1.875,0.000,0.688,0.000,1696080,0,0,171260
2292,8.7120,1.725,2.219,2.211,0.000,0.685,0.000,1717673,0,0,171260
2293,8.7150,2.949,1.751,1.743,0.000,0.717,0.000,2942472,0,0,171260
2294,8.7168,1.840,1.703,1.695,0.000,0.729,0.000,1833129,0,0,171260
2295,8.7184,1.714,1.725,1.717,0.000,0.342,0.000,1704727,0,0,171260
2296,8.7200,1.631,2.950,2.941,0.000,0.497,0.000,1624673,0,0,171260
2297,8.7219,1.706,1.842,1.832,0.000,0.344,0.000,1699076,0,0,171260
2298,8.7238,1.898,1.711,1.703,0.000,0.589,0.000,1891064,0,0,171260
2299,8.7260,2.061,1.631,1.624,0.000,0.280,0.000,2053059,0,0,171260
2300,8.7284,2.352,1.706,1.698,0.000,0.323,0.000,2342456,0,0,171260
2301,8.7306,2.274,1.899,1.890,0.000,0.613,0.000,2264078,0,0,171260
2302,8.7329,2.251,2.063,2.052,0.000,0.440,0.000,2241474,0,0,171260
2303,8.7349,2.153,2.352,2.341,0.000,0.403,0.000,2143077,0,0,171260
2304,8.7368,1.977,2.273,2.263,0.000,0.443,0.000,1967974,0,0,171260
2305,8.7388,1.906,2.251,2.240,0.000,0.396,0.000,1898017,0,0,171260
2306,8.7418,1.963,2.152,2.142,0.000,0.350,0.000,1954566,0,0,171260
2307,8.7441,3.127,1.976,1.967,0.000,0.390,0.000,3118835,0,0,171260
2308,8.7460,2.165,1.906,1.897,0.000,0.786,0.000,2156698,0,0,171260
2309,8.7480,1.933,1.963,1.953,0.000,0.832,0.000,1925425,0,0,171260
2310,8.7499,1.953,3.127,3.117,0.000,0.354,0.000,1945166,0,0,171260
2311,8.7519,1.910,2.165,2.155,0.000,0.345,0.000,1901566,0,0,171260
2312,8.7538,1.968,1.933,1.924,0.000,0.379,0.000,1960122,0,0,171356
2313,8.7556,1.865,1.953,1.944,0.000,0.382,0.000,1857506,0,0,171260
2314,8.7574,1.824,1.909,1.900,0.000,0.448,0.000,1815617,0,0,171260
2315,8.7593,1.840,1.968,1.959,0.000,0.331,0.000,1832490,0,0,171260
2316,8.7614,1.890,1.865,1.856,0.000,0.554,0.000,1882540,0,0,171260
2317,8.7634,2.147,1.824,1.815,0.000,0.333,0.000,2138975,0,0,171260
2318,8.7653,1.981,1.840,1.831,0.000,0.410,0.000,1972432,0,0,171260
2319,8.7672,1.908,1.891,1.881,0.000,0.489,0.000,1898674,0,0,171260
2320,8.7701,1.813,2.148,2.138,0.000,0.348,0.000,1806220,0,0,171260
2321,8.7721,2.989,1.982,1.971,0.000,0.355,0.000,2982262,0,0,171260
2322,8.7738,1.841,1.906,1.897,0.000,0.342,0.000,1832982,0,0,171260
2323,8.7756,1.779,1.813,1.805,0.000,0.337,0.000,1771212,0,0,171260
2324,8.7774,1.777,2.990,2.981,0.000,0.746,0.000,1769538,0,0,171260
2325,8.7791,1.777,1.840,1.832,0.000,0.445,0.000,1769854,0,0,171260
2326,8.7808,1.728,1.778,1.770,0.000,0.376,0.000,1720894,0,0,171260
2327,8.7827,1.719,1.783,1.768,0.000,0.313,0.000,1711710,0,0,171260
2328,8.7844,1.856,1.771,1.762,0.000,0.287,0.000,1848856,0,0,171260
2329,8.7862,1.705,1.728,1.720,0.000,0.758,0.000,1697866,0,0,171260
2330,8.7879,1.779,1.719,1.710,0.000,0.419,0.000,1771532,0,0,171260
2331,8.7897,1.749,1.856,1.848,0.000,0.297,0.000,1742122,0,0,171260
2332,8.7914,1.782,1.705,1.697,0.000,0.344,0.000,1774220,0,0,171260
2333,8.7932,1.741,1.779,1.770,0.000,0.317,0.000,1733312,0,0,171260
2334,8.7960,1.726,1.750,1.741,0.000,0.316,0.000,1717998,0,0,171260
2335,8.7978,2.878,1.782,1.773,0.000,0.289,0.000,2871074,0,0,171260
2336,8.7995,1.750,1.742,1.732,0.000,0.282,0.000,1742851,0,0,171260
2337,8.8013,1.679,1.725,1.717,0.000,0.325,0.000,1672448,0,0,171260
2338,8.8029,1.774,2.878,2.870,0.000,0.355,0.000,1767761,0,0,171260
2339,8.8047,1.690,1.750,1.742,0.000,0.353,0.000,1683661,0,0,171260
2340,8.8066,1.967,1.679,1.671,0.000,0.302,0.000,1960475,0,0,171260
2341,8.8083,1.667,1.774,1.767,0.000,0.344,0.000,1661149,0,0,171260
2342,8.8099,1.666,1.690,1.683,0.000,0.333,0.000,1660442,0,0,171356
2343,8.8115,1.609,1.967,1.959,0.000,0.283,0.000,1602856,0,0,171260
2344,8.8133,1.652,1.667,1.660,0.000,0.280,0.000,1646185,0,0,171260
2345,8.8152,1.913,1.666,1.659,0.000,0.340,0.000,1906569,0,0,171260
2346,8.8169,1.767,1.609,1.602,0.000,0.364,0.000,1760667,0,0,171260
2347,8.8186,1.690,1.652,1.645,0.000,0.322,0.000,1683927,0,0,171260
2348,8.8214,1.663,1.913,1.905,0.000,0.302,0.000,1656950,0,0,171260
2349,8.8234,2.899,1.767,1.759,0.000,0.268,0.000,2892505,0,0,171260
2350,8.8252,1.986,1.690,1.683,0.000,0.363,0.000,1979884,0,0,171260
2351,8.8270,1.780,1.664,1.656,0.000,0.302,0.000,1773151,0,0,171260
2352,8.8287,1.789,2.899,2.891,0.000,0.371,0.000,1782340,0,0,171260
2353,8.8305,1.716,1.987,1.979,0.000,0.316,0.000,1710275,0,0,171260
2354,8.8322,1.726,1.779,1.772,0.000,0.284,0.000,1719727,0,0,171260
2355,8.8339,1.736,1.788,1.781,0.000,0.274,0.000,1729474,0,0,171260
2356,8.8356,1.726,1.716,1.709,0.000,0.345,0.000,1719662,0,0,171260
2357,8.8374,1.760,1.726,1.719,0.000,0.320,0.000,1753690,0,0,171260
2358,8.8392,1.797,1.736,1.728,0.000,0.280,0.000,1790698,0,0,171260
2359,8.8412,1.825,1.726,1.719,0.000,0.317,0.000,1818686,0,0,171260
2360,8.8430,2.007,1.760,1.753,0.000,0.368,0.000,2001123,0,0,171260
2361,8.8449,1.789,1.797,1.790,0.000,0.563,0.000,1782338,0,0,171260
2362,8.8478,1.924,1.825,1.818,0.000,0.378,0.000,1916781,0,0,171260
2363,8.8497,2.903,2.008,2.000,0.000,0.313,0.000,2897116,0,0,171260
2364,8.8515,1.793,1.789,1.781,0.000,0.553,0.000,1786396,0,0,171260
2365,8.8532,1.782,1.923,1.916,0.000,0.610,0.000,1775411,0,0,171260
2366,8.8550,1.733,2.904,2.896,0.000,0.314,0.000,1727238,0,0,171260
2367,8.8567,1.761,1.793,1.785,0.000,0.546,0.000,1755016,0,0,171260
2368,8.8585,1.794,1.781,1.774,0.000,0.331,0.000,1787384,0,0,171260
2369,8.8603,1.777,1.733,1.726,0.000,0.498,0.000,1771932,0,0,171260
2370,8.8622,1.800,1.762,1.754,0.000,0.326,0.000,1791880,0,0,171260
2371,8.8642,2.023,1.794,1.786,0.000,0.349,0.000,2016945,0,0,171260
2372,8.8661,1.955,1.778,1.771,0.000,0.328,0.000,1948485,0,0,171356
2373,8.8679,1.821,1.798,1.791,0.000,0.423,0.000,1814786,0,0,171260
2374,8.8698,1.840,2.024,2.016,0.000,0.356,0.000,1830309,0,0,171260
2375,8.8717,1.912,1.955,1.947,0.000,0.329,0.000,1905238,0,0,171260
2376,8.8746,1.800,1.825,1.814,0.000,0.406,0.000,1794011,0,0,171260
2377,8.8765,2.990,1.837,1.829,0.000,0.349,0.000,2982916,0,0,171260
2378,8.8783,1.873,1.912,1.904,0.000,0.303,0.000,1865979,0,0,171260
2379,8.8801,1.770,1.801,1.793,0.000,0.733,0.000,1763954,0,0,171260
2380,8.8820,1.754,2.990,2.982,0.000,0.389,0.000,1747361,0,0,171260
2381,8.8838,1.964,1.872,1.865,0.000,0.342,0.000,1957663,0,0,171260
2382,8.8856,1.789,1.770,1.763,0.000,0.330,0.000,1783188,0,0,171260
2383,8.8874,1.769,1.753,1.746,0.000,0.357,0.000,1762635,0,0,171260
2384,8.8891,1.775,1.964,1.957,0.000,0.342,0.000,1768110,0,0,171260
2385,8.8908,1.730,1.790,1.782,0.000,0.511,0.000,1723831,0,0,171260
2386,8.8925,1.725,1.769,1.762,0.000,0.303,0.000,1718997,0,0,171260
2387,8.8942,1.652,1.774,1.767,0.000,0.308,0.000,1645435,0,0,171260
2388,8.8958,1.658,1.730,1.723,0.000,0.281,0.000,1650799,0,0,171260
2389,8.8975,1.682,1.725,1.718,0.000,0.378,0.000,1676553,0,0,171260
2390,8.9003,1.676,1.653,1.644,0.000,0.307,0.000,1669233,0,0,171260
2391,8.9022,2.840,1.656,1.650,0.000,0.287,0.000,2834190,0,0,171260
2392,8.9039,1.839,1.683,1.675,0.000,0.267,0.000,1832042,0,0,171260
2393,8.9056,1.693,1.675,1.668,0.000,0.722,0.000,1686570,0,0,171260
2394,8.9073,1.725,2.841,2.833,0.000,0.355,0.000,1718903,0,0,171260
2395,8.9094,2.081,1.838,1.831,0.000,0.326,0.000,2075458,0,0,171260
2396,8.9112,1.762,1.693,1.685,0.000,0.555,0.000,1755924,0,0,171260
2397,8.9131,1.852,1.725,1.718,0.000,0.307,0.000,1845264,0,0,171260
2398,8.9150,1.878,2.082,2.074,0.000,0.464,0.000,1871132,0,0,171260
2399,8.9170,1.990,1.762,1.755,0.000,0.382,0.000,1975693,0,0,171260
2400,8.9191,1.973,1.852,1.844,0.000,0.313,0.000,1956725,0,0,171260
2401,9.1926,272.230,1.889,1.870,0.000,0.336,0.000,272216186,0,0,190111
2402,9.1959,3.978,1.992,1.971,0.000,0.318,0.000,3968404,0,0,171360
2403,9.1987,3.227,1.970,1.952,0.000,0.649,0.000,3206699,0,0,171260
2404,9.2024,2.572,272.223,272.212,0.000,0.528,0.000,2562490,0,0,171260
2405,9.2047,3.596,3.988,3.967,0.000,0.544,0.000,3583250,0,0,171260
2406,9.2069,2.151,3.216,3.205,0.000,0.967,0.000,2141963,0,0,171260
2407,9.2090,2.218,2.575,2.561,0.000,0.433,0.000,2207277,0,0,171260
2408,9.2110,2.023,3.592,3.582,0.000,0.446,0.000,2013737,0,0,171260
2409,9.2131,2.029,2.153,2.141,0.000,0.404,0.000,2019121,0,0,171260
2410,9.2150,2.058,2.217,2.206,0.000,0.848,0.000,2050133,0,0,171260
2411,9.2170,1.944,2.023,2.012,0.000,0.338,0.000,1936393,0,0,171260
2412,9.2190,1.983,2.027,2.017,0.000,0.507,0.000,1973727,0,0,171260
2413,9.2209,1.948,2.058,2.049,0.000,0.615,0.000,1939291,0,0,171260
2414,9.2231,1.964,1.946,1.935,0.000,0.440,0.000,1956042,0,0,171260
2415,9.2252,2.143,1.982,1.972,0.000,0.366,0.000,2135336,0,0,171260
2416,9.2282,2.613,1.948,1.938,0.000,0.381,0.000,2603754,0,0,171820
2417,9.2312,2.971,1.964,1.954,0.000,0.348,0.000,2959725,0,0,171316
2418,9.2345,3.707,2.145,2.134,0.000,0.407,0.000,3694722,0,0,171260
2419,9.2366,2.207,2.616,2.602,0.000,0.389,0.000,2195879,0,0,171260
2420,9.2387,2.057,2.972,2.957,0.000,0.397,0.000,2048494,0,0,171260
2421,9.2406,2.050,3.706,3.693,0.000,0.407,0.000,2039785,0,0,171260
2422,9.2427,1.941,2.203,2.193,0.000,0.541,0.000,1932922,0,0,171260
2423,9.2447,2.130,2.058,2.047,0.000,0.398,0.000,2121494,0,0,171260
2424,9.2467,2.023,2.048,2.038,0.000,0.332,0.000,2014577,0,0,171260
2425,9.2487,1.963,1.941,1.931,0.000,0.326,0.000,1954139,0,0,171260
2426,9.2506,1.954,2.130,2.120,0.000,0.404,0.000,1945778,0,0,171260
2427,9.2526,1.902,2.023,2.013,0.000,0.363,0.000,1894194,0,0,171260
2428,9.2546,2.002,1.962,1.953,0.000,0.308,0.000,1993669,0,0,171260
2429,9.2565,1.950,1.954,1.944,0.000,0.511,0.000,1942731,0,0,171260
2430,9.2584,1.881,1.902,1.893,0.000,0.332,0.000,1873154,0,0,171260
2431,9.2606,2.054,2.001,1.992,0.000,0.340,0.000,2046815,0,0,171260
2432,9.2644,3.661,1.950,1.941,0.000,0.303,0.000,3652501,0,0,171356
2433,9.2669,2.473,1.881,1.872,0.000,0.418,0.000,2463798,0,0,171260
2434,9.2689,2.302,2.056,2.046,0.000,0.447,0.000,2289665,0,0,171260
2435,9.2709,1.873,3.661,3.651,0.000,0.362,0.000,1863942,0,0,171260
2436,9.2732,2.407,2.478,2.462,0.000,0.506,0.000,2399911,0,0,171260
2437,9.2750,1.921,2.297,2.286,0.000,0.345,0.000,1910817,0,0,171260
2438,9.2767,1.715,1.871,1.863,0.000,0.290,0.000,1707387,0,0,171260
2439,9.2785,1.754,2.410,2.399,0.000,0.280,0.000,1747212,0,0,171260
2440,9.2801,1.716,1.918,1.909,0.000,0.270,0.000,1707970,0,0,171260
2441,9.2820,1.693,1.714,1.706,0.000,0.281,0.000,1686609,0,0,171260
2442,9.2837,1.879,1.755,1.746,0.000,0.734,0.000,1872317,0,0,171260
2443,9.2854,1.702,1.715,1.707,0.000,0.665,0.000,1694600,0,0,171260
2444,9.2870,1.652,1.693,1.685,0.000,0.561,0.000,1645001,0,0,171260
2445,9.2887,1.657,1.880,1.871,0.000,0.294,0.000,1649622,0,0,171260
2446,9.2918,2.862,1.701,1.693,0.000,0.633,0.000,2855110,0,0,171260
2447,9.2937,2.052,1.652,1.644,0.000,0.315,0.000,2043464,0,0,171260
2448,9.2954,1.765,1.656,1.648,0.000,0.574,0.000,1757576,0,0,171260
2449,9.2971,1.658,2.864,2.854,0.000,0.342,0.000,1650735,0,0,171260
2450,9.2994,2.027,2.051,2.042,0.000,0.294,0.000,2020057,0,0,171260
2451,9.3022,2.325,1.765,1.756,0.000,0.272,0.000,2313785,0,0,171260
2452,9.3044,2.953,1.658,1.650,0.000,0.344,0.000,2945259,0,0,171260
2453,9.3062,1.822,2.031,2.019,0.000,0.495,0.000,1813031,0,0,171260
2454,9.3080,1.820,2.322,2.312,0.000,0.376,0.000,1812728,0,0,171260
2455,9.3097,1.741,2.954,2.944,0.000,0.337,0.000,1733310,0,0,171260
2456,9.3115,1.717,1.820,1.811,0.000,0.312,0.000,1710938,0,0,171260
2457,9.3134,1.791,1.820,1.812,0.000,0.288,0.000,1783857,0,0,171260
2458,9.3150,1.776,1.740,1.732,0.000,0.297,0.000,1768583,0,0,171260
2459,9.3167,1.690,1.718,1.710,0.000,0.347,0.000,1683039,0,0,171260
2460,9.3197,2.869,1.791,1.783,0.000,0.290,0.000,2861733,0,0,171260
2461,9.3216,1.827,1.775,1.767,0.000,0.349,0.000,1819196,0,0,171260
2462,9.3233,1.902,1.690,1.682,0.000,0.348,0.000,1894531,0,0,171356
2463,9.3259,2.024,2.870,2.861,0.000,0.274,0.000,2016914,0,0,171260
2464,9.3285,2.625,1.827,1.818,0.000,0.284,0.000,2604887,0,0,171260
2465,9.3305,2.523,1.902,1.893,0.000,0.712,0.000,2512888,0,0,171260
2466,9.3322,1.710,2.037,2.016,0.000,0.358,0.000,1701727,0,0,171260
2467,9.3338,1.612,2.615,2.603,0.000,0.319,0.000,1605152,0,0,171260
2468,9.3355,1.654,2.520,2.511,0.000,0.268,0.000,1646579,0,0,171260
2469,9.3372,1.682,1.708,1.700,0.000,0.271,0.000,1675396,0,0,171260
2470,9.3391,1.835,1.612,1.604,0.000,0.251,0.000,1827858,0,0,171260
2471,9.3409,1.878,1.653,1.645,0.000,0.310,0.000,1870804,0,0,171260
2472,9.3429,1.825,1.682,1.674,0.000,0.322,0.000,1817623,0,0,171260
2473,9.3448,1.962,1.835,1.827,0.000,0.352,0.000,1954629,0,0,171260
2474,9.3478,3.020,1.878,1.870,0.000,0.334,0.000,3009866,0,0,171260
2475,9.3496,1.872,1.825,1.816,0.000,0.632,0.000,1863814,0,0,171260
2476,9.3513,1.722,1.965,1.953,0.000,0.700,0.000,1714356,0,0,171260
2477,9.3530,1.733,3.018,3.009,0.000,0.626,0.000,1726041,0,0,171260
2478,9.3548,1.738,1.871,1.862,0.000,0.542,0.000,1730692,0,0,171260
2479,9.3565,1.745,1.721,1.713,0.000,0.335,0.000,1738223,0,0,171260
2480,9.3582,1.705,1.733,1.725,0.000,0.294,0.000,1697725,0,0,171260
2481,9.3599,1.718,1.738,1.729,0.000,0.391,0.000,1711321,0,0,171260
2482,9.3618,1.727,1.745,1.737,0.000,0.268,0.000,1720076,0,0,171260
2483,9.3635,1.853,1.705,1.696,0.000,0.276,0.000,1846365,0,0,171260
2484,9.3654,1.793,1.718,1.710,0.000,0.322,0.000,1784518,0,0,171260
2485,9.3675,2.002,1.727,1.719,0.000,0.309,0.000,1995406,0,0,171260
2486,9.3695,2.090,1.855,1.845,0.000,0.293,0.000,2081389,0,0,171260
2487,9.3716,2.088,1.792,1.783,0.000,0.390,0.000,2078848,0,0,171820
2488,9.3749,2.094,2.004,1.994,0.000,0.388,0.000,2084860,0,0,171316
2489,9.3770,3.293,2.090,2.079,0.000,0.379,0.000,3284290,0,0,171260
2490,9.3788,1.930,2.088,2.077,0.000,0.780,0.000,1921389,0,0,171260
2491,9.3806,1.766,2.094,2.083,0.000,0.744,0.000,1758180,0,0,171260
2492,9.3825,1.786,3.293,3.283,0.000,0.627,0.000,1778829,0,0,171356
2493,9.3842,1.884,1.929,1.920,0.000,0.650,0.000,1876297,0,0,171260
2494,9.3860,1.767,1.766,1.757,0.000,0.526,0.000,1759313,0,0,171260
2495,9.3878,1.778,1.786,1.778,0.000,0.298,0.000,1770131,0,0,171260
2496,9.3897,1.814,1.884,1.875,0.000,0.671,0.000,1806738,0,0,171260
2497,9.3916,1.965,1.767,1.758,0.000,0.419,0.000,1957268,0,0,171260
2498,9.3936,1.875,1.777,1.769,0.000,0.343,0.000,1867310,0,0,171260
2499,9.3956,2.034,1.815,1.806,0.000,0.748,0.000,2026188,0,0,171260
2500,9.3975,1.988,1.965,1.956,0.000,0.368,0.000,1977504,0,0,171260
2501,9.3994,1.912,1.875,1.866,0.000,0.500,0.000,1903842,0,0,171260
2502,9.4046,1.868,2.036,2.025,0.000,0.391,0.000,1860159,0,0,171260
2503,9.4074,5.495,1.985,1.976,0.000,0.345,0.000,5487141,0,0,171260
2504,9.4105,3.620,1.912,1.902,0.000,0.473,0.000,3609839,0,0,171260
2505,9.4125,2.061,1.868,1.859,0.000,0.432,0.000,2049516,0,0,171260
2506,9.4143,1.874,5.498,5.486,0.000,0.437,0.000,1865916,0,0,171260
2507,9.4161,1.814,3.621,3.608,0.000,0.404,0.000,1806759,0,0,171260
2508,9.4180,1.837,2.057,2.047,0.000,0.740,0.000,1830264,0,0,171260
2509,9.4198,1.820,1.873,1.865,0.000,0.740,0.000,1812755,0,0,171260
2510,9.4218,1.846,1.814,1.806,0.000,0.670,0.000,1838261,0,0,171260
2511,9.4237,2.023,1.838,1.829,0.000,0.351,0.000,2015528,0,0,171260
2512,9.4255,1.816,1.820,1.811,0.000,0.324,0.000,1806972,0,0,171260
2513,9.4273,1.794,1.846,1.837,0.000,0.342,0.000,1786146,0,0,171260
2514,9.4291,1.831,2.024,2.014,0.000,0.347,0.000,1824045,0,0,171260
2515,9.4310,1.858,1.815,1.806,0.000,0.293,0.000,1850840,0,0,171260
2516,9.4330,1.933,1.794,1.785,0.000,0.293,0.000,1925434,0,0,171260
2517,9.4361,2.065,1.832,1.823,0.000,0.378,0.000,2054432,0,0,171260
2518,9.4382,3.127,1.859,1.850,0.000,0.525,0.000,3119372,0,0,171260
2519,9.4401,1.935,1.936,1.924,0.000,0.373,0.000,1925084,0,0,171260
2520,9.4421,1.883,2.063,2.053,0.000,0.399,0.000,1875758,0,0,171260
2521,9.4440,2.082,3.129,3.118,0.000,0.321,0.000,2074611,0,0,190115
2522,9.4458,1.829,1.932,1.924,0.000,0.380,0.000,1821837,0,0,171356
2523,9.4476,1.740,1.883,1.874,0.000,0.302,0.000,1732326,0,0,171260
2524,9.4500,1.963,2.082,2.073,0.000,0.467,0.000,1955767,0,0,171260
2525,9.4523,2.789,1.829,1.821,0.000,0.360,0.000,2777884,0,0,171260
2526,9.4540,1.787,1.740,1.731,0.000,0.351,0.000,1779383,0,0,171260
2527,9.4557,1.699,1.967,1.955,0.000,0.406,0.000,1691571,0,0,171260
2528,9.4576,1.786,2.785,2.776,0.000,0.744,0.000,1779107,0,0,171260
2529,9.4597,1.930,1.786,1.778,0.000,0.337,0.000,1923468,0,0,171260
2530,9.4618,2.079,1.698,1.690,0.000,0.724,0.000,2072050,0,0,171260
2531,9.4650,2.258,1.786,1.778,0.000,0.729,0.000,2248821,0,0,171260
2532,9.4670,3.064,1.931,1.922,0.000,0.484,0.000,3053865,0,0,171260
2533,9.4689,1.958,2.081,2.071,0.000,0.463,0.000,1949959,0,0,171260
2534,9.4707,1.821,2.259,2.247,0.000,0.367,0.000,1812639,0,0,171260
2535,9.4725,1.813,3.062,3.052,0.000,0.356,0.000,1805181,0,0,171260
2536,9.4744,1.866,1.958,1.949,0.000,0.675,0.000,1859106,0,0,171260
2537,9.4766,1.880,1.820,1.812,0.000,0.722,0.000,1873339,0,0,171260
2538,9.4785,2.223,1.812,1.804,0.000,0.702,0.000,2214625,0,0,171260
2539,9.4806,2.084,1.866,1.858,0.000,0.638,0.000,2075665,0,0,171260
2540,9.4826,1.939,1.882,1.872,0.000,0.692,0.000,1931577,0,0,171260
2541,9.4845,1.961,2.222,2.213,0.000,0.397,0.000,1952775,0,0,171260
2542,9.4865,1.988,2.083,2.074,0.000,0.448,0.000,1981368,0,0,171260
2543,9.4884,1.902,1.939,1.930,0.000,0.319,0.000,1892540,0,0,171260
2544,9.4902,1.857,1.960,1.952,0.000,0.361,0.000,1848971,0,0,171260
2545,9.4932,1.834,1.990,1.980,0.000,0.342,0.000,1827130,0,0,171260
2546,9.4952,3.131,1.900,1.891,0.000,0.292,0.000,3124184,0,0,171260
2547,9.4970,1.888,1.856,1.848,0.000,0.292,0.000,1879369,0,0,171260
2548,9.4988,1.796,1.834,1.826,0.000,0.723,0.000,1788673,0,0,171260
2549,9.5005,1.747,3.133,3.123,0.000,0.320,0.000,1739930,0,0,171260
2550,9.5024,1.696,1.886,1.878,0.000,0.463,0.000,1689668,0,0,171260
2551,9.5042,1.894,1.796,1.788,0.000,0.679,0.000,1886570,0,0,171260
2552,9.5059,1.756,1.747,1.739,0.000,0.544,0.000,1747978,0,0,171356
2553,9.5077,1.796,1.697,1.688,0.000,0.333,0.000,1788796,0,0,171260
2554,9.5095,1.793,1.894,1.885,0.000,0.308,0.000,1785838,0,0,171260
2555,9.5112,1.721,1.755,1.747,0.000,0.304,0.000,1714004,0,0,171260
2556,9.5130,1.787,1.796,1.788,0.000,0.374,0.000,1778939,0,0,171260
2557,9.5148,1.799,1.793,1.785,0.000,0.674,0.000,1791215,0,0,171260
2558,9.5166,1.756,1.722,1.713,0.000,0.337,0.000,1748773,0,0,171260
2559,9.5194,1.725,1.787,1.778,0.000,0.291,0.000,1717797,0,0,171260
2560,9.5213,2.868,1.798,1.790,0.000,0.345,0.000,2860768,0,0,171260
2561,9.5232,1.951,1.756,1.748,0.000,0.293,0.000,1942503,0,0,171260
2562,9.5250,1.826,1.725,1.716,0.000,0.352,0.000,1818488,0,0,171260
2563,9.5268,1.818,2.869,2.859,0.000,0.689,0.000,1809890,0,0,171260
2564,9.5286,1.816,1.950,1.941,0.000,0.388,0.000,1808978,0,0,171260
2565,9.5304,1.768,1.826,1.817,0.000,0.335,0.000,1760745,0,0,171260
2566,9.5321,1.797,1.817,1.809,0.000,0.333,0.000,1789408,0,0,171260
2567,9.5339,1.748,1.816,1.808,0.000,0.353,0.000,1739761,0,0,171260
2568,9.5355,1.728,1.768,1.759,0.000,0.296,0.000,1721176,0,0,171260
2569,9.5372,1.639,1.797,1.788,0.000,0.296,0.000,1632129,0,0,171260
2570,9.5389,1.671,1.747,1.738,0.000,0.342,0.000,1664371,0,0,171260
2571,9.5405,1.663,1.728,1.720,0.000,0.407,0.000,1655954,0,0,171260
2572,9.5424,1.706,1.639,1.631,0.000,0.663,0.000,1698827,0,0,171260
2573,9.5452,2.906,1.671,1.663,0.000,0.602,0.000,2899939,0,0,171260
2574,9.5469,1.765,1.663,1.655,0.000,0.355,0.000,1756945,0,0,171260
2575,9.5488,1.761,1.705,1.698,0.000,0.302,0.000,1754388,0,0,171260
2576,9.5505,1.830,2.908,2.899,0.000,0.333,0.000,1822253,0,0,171260
2577,9.5522,1.678,1.764,1.756,0.000,0.334,0.000,1670813,0,0,171260
2578,9.5540,1.745,1.763,1.753,0.000,0.388,0.000,1737887,0,0,171260
2579,9.5558,1.817,1.829,1.821,0.000,0.280,0.000,1808331,0,0,171260
2580,9.5575,1.791,1.678,1.670,0.000,0.466,0.000,1782369,0,0,171260
2581,9.5593,1.718,1.747,1.737,0.000,0.466,0.000,1710624,0,0,171260
2582,9.5611,1.732,1.817,1.807,0.000,0.661,0.000,1724763,0,0,171356
2583,9.5628,1.841,1.789,1.781,0.000,0.374,0.000,1833534,0,0,171260
2584,9.5644,1.633,1.717,1.709,0.000,0.287,0.000,1625351,0,0,171260
2585,9.5661,1.656,1.732,1.723,0.000,0.316,0.000,1650055,0,0,171260
2586,9.5688,1.666,1.841,1.832,0.000,0.715,0.000,1658977,0,0,171260
2587,9.5706,2.745,1.632,1.624,0.000,0.663,0.000,2738594,0,0,171260
2588,9.5723,1.783,1.657,1.649,0.000,0.660,0.000,1775318,0,0,171820
2589,9.5740,1.737,1.666,1.658,0.000,0.419,0.000,1729735,0,0,171316
2590,9.5757,1.705,2.746,2.738,0.000,0.652,0.000,1697372,0,0,171260
2591,9.5774,1.673,1.783,1.774,0.000,0.383,0.000,1666149,0,0,171260
2592,9.5790,1.638,1.737,1.729,0.000,0.657,0.000,1631626,0,0,171260
2593,9.5808,1.665,1.704,1.696,0.000,0.649,0.000,1658503,0,0,171260
2594,9.5825,1.721,1.673,1.665,0.000,0.666,0.000,1713027,0,0,171260
2595,9.5842,1.735,1.638,1.631,0.000,0.544,0.000,1728647,0,0,171260
2596,9.5859,1.696,1.667,1.657,0.000,0.329,0.000,1688993,0,0,171260
2597,9.5875,1.668,1.719,1.711,0.000,0.339,0.000,1660560,0,0,171260
2598,9.5892,1.637,1.736,1.727,0.000,0.310,0.000,1630549,0,0,171260
2599,9.5908,1.639,1.696,1.688,0.000,0.324,0.000,1631990,0,0,171260
2600,9.5935,1.615,1.667,1.659,0.000,0.288,0.000,1608645,0,0,171260
2601,9.5953,2.793,1.638,1.629,0.000,0.268,0.000,2786124,0,0,171260
2602,9.5969,1.743,1.639,1.631,0.000,0.260,0.000,1734914,0,0,171260
2603,9.5986,1.624,1.615,1.608,0.000,0.272,0.000,1616750,0,0,171260
2604,9.6003,1.660,2.794,2.785,0.000,0.272,0.000,1652910,0,0,171260
2605,9.6020,1.674,1.742,1.734,0.000,0.255,0.000,1667419,0,0,171260
2606,9.6038,1.827,1.623,1.616,0.000,0.530,0.000,1820086,0,0,171260
2607,9.6055,1.748,1.660,1.652,0.000,0.299,0.000,1740174,0,0,171260
2608,9.6071,1.633,1.674,1.666,0.000,0.353,0.000,1626128,0,0,171260
2609,9.6088,1.674,1.828,1.819,0.000,0.304,0.000,1667670,0,0,171260
2610,9.6105,1.734,1.747,1.739,0.000,0.275,0.000,1727132,0,0,171260
2611,9.6123,1.669,1.633,1.625,0.000,0.287,0.000,1661724,0,0,171260
2612,9.6140,1.781,1.675,1.667,0.000,0.293,0.000,1773784,0,0,171356
2613,9.6158,1.752,1.734,1.726,0.000,0.345,0.000,1744368,0,0,171260
2614,9.6186,1.764,1.669,1.661,0.000,0.316,0.000,1756496,0,0,171260
2615,9.6204,2.859,1.781,1.773,0.000,0.283,0.000,2852261,0,0,171260
2616,9.6223,1.753,1.752,1.743,0.000,0.297,0.000,1745924,0,0,171260
2617,9.6240,1.838,1.764,1.755,0.000,0.306,0.000,1830546,0,0,171260
2618,9.6256,1.678,2.860,2.851,0.000,0.301,0.000,1670802,0,0,171260
2619,9.6273,1.662,1.753,1.745,0.000,0.269,0.000,1654113,0,0,171260
2620,9.6290,1.631,1.838,1.829,0.000,0.670,0.000,1624523,0,0,171260
2621,9.6307,1.692,1.678,1.670,0.000,0.617,0.000,1685562,0,0,171260
2622,9.6324,1.731,1.661,1.653,0.000,0.325,0.000,1723811,0,0,171260
2623,9.6340,1.688,1.631,1.624,0.000,0.292,0.000,1680797,0,0,171260
2624,9.6357,1.641,1.692,1.684,0.000,0.332,0.000,1634316,0,0,171260
2625,9.6373,1.622,1.731,1.723,0.000,0.279,0.000,1615402,0,0,171260
2626,9.6389,1.635,1.688,1.680,0.000,0.288,0.000,1628204,0,0,171260
2627,9.6406,1.626,1.641,1.633,0.000,0.292,0.000,1619394,0,0,171260
2628,9.6436,1.666,1.622,1.614,0.000,0.407,0.000,1659599,0,0,171260
2629,9.6456,3.192,1.635,1.627,0.000,0.555,0.000,3185721,0,0,171260
2630,9.6473,1.889,1.626,1.618,0.000,0.330,0.000,1880123,0,0,171260
2631,9.6490,1.730,1.667,1.658,0.000,0.410,0.000,1721790,0,0,171260
2632,9.6507,1.652,3.195,3.185,0.000,0.698,0.000,1645193,0,0,171260
2633,9.6524,1.684,1.888,1.879,0.000,0.677,0.000,1677507,0,0,171260
2634,9.6540,1.638,1.729,1.721,0.000,0.387,0.000,1631541,0,0,171260
2635,9.6556,1.612,1.652,1.644,0.000,0.291,0.000,1604298,0,0,171260
2636,9.6572,1.633,1.684,1.676,0.000,0.651,0.000,1626198,0,0,171260
2637,9.6589,1.651,1.639,1.630,0.000,0.625,0.000,1644483,0,0,171260
2638,9.6607,1.752,1.611,1.603,0.000,0.595,0.000,1745196,0,0,171260
2639,9.6627,1.803,1.633,1.625,0.000,0.341,0.000,1796391,0,0,171260
2640,9.6645,1.993,1.652,1.643,0.000,0.334,0.000,1985496,0,0,171260
2641,9.6665,1.893,1.752,1.744,0.000,0.360,0.000,1885573,0,0,190111
2642,9.6698,1.858,1.804,1.795,0.000,0.324,0.000,1850331,0,0,171356
2643,9.6718,3.458,1.993,1.984,0.000,0.356,0.000,3451012,0,0,171260
2644,9.6736,1.903,1.893,1.884,0.000,0.359,0.000,1894540,0,0,171260
2645,9.6754,1.777,1.858,1.849,0.000,0.397,0.000,1770048,0,0,171260
2646,9.6771,1.733,3.460,3.450,0.000,0.606,0.000,1726530,0,0,171260
2647,9.6788,1.740,1.902,1.893,0.000,0.323,0.000,1732534,0,0,171260
2648,9.6804,1.651,1.777,1.769,0.000,0.333,0.000,1643726,0,0,171260
2649,9.6822,1.625,1.734,1.725,0.000,0.291,0.000,1617743,0,0,171260
2650,9.6839,1.815,1.740,1.731,0.000,0.275,0.000,1807267,0,0,171260
2651,9.6856,1.654,1.651,1.642,0.000,0.608,0.000,1646002,0,0,171260
2652,9.6872,1.651,1.626,1.617,0.000,0.299,0.000,1643512,0,0,171260
2653,9.6889,1.695,1.815,1.806,0.000,0.674,0.000,1688002,0,0,171260
2654,9.6905,1.628,1.653,1.645,0.000,0.666,0.000,1620927,0,0,171260
2655,9.6921,1.623,1.650,1.642,0.000,0.656,0.000,1616700,0,0,171260
2656,9.6949,1.610,1.695,1.687,0.000,0.642,0.000,1603141,0,0,171260
2657,9.6968,2.949,1.627,1.620,0.000,0.648,0.000,2942681,0,0,171260
2658,9.6986,1.823,1.623,1.616,0.000,0.673,0.000,1814636,0,0,171260
2659,9.7002,1.690,1.610,1.602,0.000,0.385,0.000,1682547,0,0,171260
2660,9.7020,1.661,2.951,2.942,0.000,0.311,0.000,1653957,0,0,171260
2661,9.7037,1.788,1.822,1.813,0.000,0.546,0.000,1780794,0,0,171260
2662,9.7053,1.631,1.689,1.681,0.000,0.332,0.000,1624148,0,0,171260
2663,9.7069,1.624,1.661,1.653,0.000,0.511,0.000,1617201,0,0,171260
2664,9.7086,1.661,1.788,1.780,0.000,0.295,0.000,1654029,0,0,171260
2665,9.7103,1.670,1.631,1.623,0.000,0.649,0.000,1663010,0,0,171260
2666,9.7120,1.710,1.624,1.616,0.000,0.338,0.000,1702686,0,0,171260
2667,9.7138,1.732,1.661,1.653,0.000,0.287,0.000,1724735,0,0,171260
2668,9.7155,1.766,1.670,1.662,0.000,0.533,0.000,1758660,0,0,171260
2669,9.7173,1.775,1.710,1.702,0.000,0.367,0.000,1767674,0,0,171260
2670,9.7201,1.720,1.732,1.724,0.000,0.346,0.000,1712682,0,0,171260
2671,9.7220,2.858,1.766,1.758,0.000,0.704,0.000,2850986,0,0,171260
2672,9.7237,1.874,1.775,1.767,0.000,0.536,0.000,1867191,0,0,171356
2673,9.7256,1.774,1.720,1.711,0.000,0.555,0.000,1767549,0,0,171260
2674,9.7273,1.786,2.858,2.850,0.000,0.362,0.000,1778241,0,0,171260
2675,9.7290,1.705,1.874,1.866,0.000,0.368,0.000,1697547,0,0,171260
2676,9.7306,1.651,1.775,1.766,0.000,0.337,0.000,1643508,0,0,171260
2677,9.7322,1.611,1.785,1.777,0.000,0.316,0.000,1603723,0,0,171260
2678,9.7338,1.600,1.705,1.696,0.000,0.305,0.000,1593197,0,0,171260
2679,9.7355,1.672,1.650,1.642,0.000,0.621,0.000,1664937,0,0,171260
2680,9.7372,1.654,1.610,1.603,0.000,0.647,0.000,1647491,0,0,171260
2681,9.7389,1.670,1.600,1.592,0.000,0.359,0.000,1663095,0,0,171260
2682,9.7405,1.687,1.672,1.664,0.000,0.286,0.000,1680656,0,0,171260
2683,9.7423,1.641,1.654,1.646,0.000,0.371,0.000,1634162,0,0,171260
2684,9.7450,1.802,1.670,1.662,0.000,0.336,0.000,1795627,0,0,171260
2685,9.7468,2.842,1.687,1.679,0.000,0.354,0.000,2835202,0,0,171260
2686,9.7486,1.751,1.641,1.633,0.000,0.331,0.000,1743715,0,0,171260
2687,9.7503,1.710,1.803,1.794,0.000,0.378,0.000,1702385,0,0,171260
2688,9.7520,1.692,2.843,2.834,0.000,0.331,0.000,1684962,0,0,171260
2689,9.7537,1.724,1.751,1.743,0.000,0.341,0.000,1717663,0,0,171260
2690,9.7555,1.769,1.710,1.701,0.000,0.347,0.000,1762381,0,0,171260
2691,9.7573,1.762,1.691,1.684,0.000,0.305,0.000,1754716,0,0,171260
2692,9.7591,1.808,1.725,1.717,0.000,0.349,0.000,1800800,0,0,171260
2693,9.7609,1.817,1.770,1.761,0.000,0.314,0.000,1810102,0,0,171260
2694,9.7629,1.822,1.762,1.753,0.000,0.700,0.000,1814549,0,0,171260
2695,9.7647,1.950,1.808,1.800,0.000,0.388,0.000,1943161,0,0,171260
2696,9.7665,1.803,1.817,1.809,0.000,0.373,0.000,1794679,0,0,171260
2697,9.7683,1.748,1.822,1.813,0.000,0.373,0.000,1740262,0,0,171260
2698,9.7713,1.890,1.951,1.942,0.000,0.756,0.000,1883551,0,0,171260
2699,9.7733,3.076,1.802,1.793,0.000,0.374,0.000,3068301,0,0,171260
2700,9.7751,1.910,1.747,1.739,0.000,0.348,0.000,1901399,0,0,171260
2701,9.7770,1.895,1.891,1.882,0.000,0.381,0.000,1887107,0,0,171260
2702,9.7794,1.877,3.077,3.067,0.000,0.721,0.000,1869986,0,0,171356
2703,9.7814,2.352,1.909,1.900,0.000,0.337,0.000,2344251,0,0,171260
2704,9.7832,1.971,1.895,1.886,0.000,0.314,0.000,1963029,0,0,171260
2705,9.7851,1.825,1.878,1.869,0.000,0.370,0.000,1816914,0,0,171260
2706,9.7870,1.894,2.352,2.343,0.000,0.326,0.000,1887545,0,0,171260
2707,9.7890,1.970,1.971,1.962,0.000,0.319,0.000,1959928,0,0,171260
2708,9.7909,1.960,1.824,1.816,0.000,0.506,0.000,1950615,0,0,171260
2709,9.7928,1.949,1.898,1.886,0.000,0.495,0.000,1938872,0,0,171260
2710,9.7946,1.864,1.969,1.958,0.000,0.502,0.000,1853497,0,0,171260
2711,9.7964,1.760,1.961,1.949,0.000,0.481,0.000,1753044,0,0,171260
2712,9.7992,1.744,1.949,1.938,0.000,0.624,0.000,1734417,0,0,171260
2713,9.8010,2.839,1.861,1.852,0.000,0.337,0.000,2831486,0,0,171260
2714,9.8029,1.800,1.762,1.752,0.000,0.278,0.000,1792619,0,0,171260
2715,9.8047,1.878,1.741,1.733,0.000,0.304,0.000,1870979,0,0,171260
2716,9.8064,1.777,2.839,2.830,0.000,0.525,0.000,1769210,0,0,171260
2717,9.8081,1.717,1.800,1.791,0.000,0.301,0.000,1709130,0,0,171260
2718,9.8098,1.700,1.879,1.870,0.000,0.289,0.000,1692705,0,0,171260
2719,9.8116,1.743,1.777,1.768,0.000,0.292,0.000,1736434,0,0,171260
2720,9.8134,1.765,1.716,1.708,0.000,0.279,0.000,1757377,0,0,171260
2721,9.8152,1.783,1.700,1.691,0.000,0.360,0.000,1775227,0,0,171260
2722,9.8169,1.800,1.744,1.735,0.000,0.300,0.000,1792803,0,0,171260
2723,9.8187,1.727,1.765,1.756,0.000,0.280,0.000,1719412,0,0,171260
2724,9.8204,1.753,1.783,1.774,0.000,0.615,0.000,1746561,0,0,171260
2725,9.8223,1.757,1.800,1.792,0.000,0.274,0.000,1750058,0,0,171260
2726,9.8252,1.896,1.726,1.718,0.000,0.349,0.000,1888580,0,0,171260
2727,9.8269,2.858,1.754,1.745,0.000,0.307,0.000,2850637,0,0,171260
2728,9.8286,1.704,1.758,1.749,0.000,0.743,0.000,1697068,0,0,171260
2729,9.8309,1.812,1.896,1.887,0.000,0.432,0.000,1805134,0,0,171260
2730,9.8327,2.264,2.858,2.850,0.000,0.275,0.000,2253660,0,0,171260
2731,9.8345,1.761,1.704,1.696,0.000,0.269,0.000,1753747,0,0,171260
2732,9.8362,1.776,1.817,1.804,0.000,0.360,0.000,1769368,0,0,171356
2733,9.8380,1.740,2.260,2.251,0.000,0.322,0.000,1733136,0,0,171260
2734,9.8398,1.800,1.760,1.753,0.000,0.528,0.000,1792939,0,0,171260
2735,9.8418,1.814,1.777,1.768,0.000,0.648,0.000,1807519,0,0,171260
2736,9.8436,1.949,1.740,1.732,0.000,0.343,0.000,1942251,0,0,171260
2737,9.8458,1.903,1.799,1.792,0.000,0.304,0.000,1894730,0,0,171260
2738,9.8477,2.159,1.814,1.806,0.000,0.684,0.000,2151591,0,0,171260
2739,9.8495,1.818,1.950,1.941,0.000,0.494,0.000,1811121,0,0,171260
2740,9.8523,1.816,1.902,1.894,0.000,0.304,0.000,1809494,0,0,171260
2741,9.8543,2.964,2.159,2.150,0.000,0.286,0.000,2957244,0,0,171260
2742,9.8562,1.901,1.818,1.810,0.000,0.325,0.000,1892481,0,0,171260
2743,9.8585,1.930,1.816,1.808,0.000,0.319,0.000,1922404,0,0,171260
2744,9.8602,2.218,2.965,2.956,0.000,0.354,0.000,2210177,0,0,171260
2745,9.8621,1.730,1.900,1.891,0.000,0.710,0.000,1723060,0,0,171260
2746,9.8638,1.826,1.930,1.921,0.000,0.354,0.000,1819644,0,0,171260
2747,9.8655,1.691,2.217,2.209,0.000,0.330,0.000,1683867,0,0,171260
2748,9.8672,1.684,1.730,1.722,0.000,0.276,0.000,1676677,0,0,171260
2749,9.8689,1.717,1.827,1.818,0.000,0.350,0.000,1710269,0,0,171260
2750,9.8705,1.658,1.691,1.683,0.000,0.308,0.000,1650418,0,0,171260
2751,9.8722,1.651,1.684,1.676,0.000,0.295,0.000,1643931,0,0,171260
2752,9.8738,1.661,1.717,1.709,0.000,0.364,0.000,1654340,0,0,171260
2753,9.8755,1.633,1.657,1.649,0.000,0.326,0.000,1625815,0,0,171260
2754,9.8784,1.752,1.651,1.643,0.000,0.325,0.000,1745217,0,0,171260
2755,9.8804,3.020,1.662,1.653,0.000,0.289,0.000,3013122,0,0,171260
2756,9.8822,1.837,1.633,1.625,0.000,0.319,0.000,1828655,0,0,171260
2757,9.8839,1.820,1.752,1.744,0.000,0.817,0.000,1812816,0,0,171260
2758,9.8856,1.729,3.022,3.012,0.000,0.693,0.000,1721802,0,0,171260
2759,9.8874,1.707,1.835,1.827,0.000,0.647,0.000,1700098,0,0,171260
2760,9.8891,1.718,1.820,1.812,0.000,0.528,0.000,1704336,0,0,171820
2761,9.8909,1.804,1.729,1.721,0.000,0.341,0.000,1796552,0,0,190167
2762,9.8926,1.748,1.713,1.699,0.000,0.569,0.000,1740781,0,0,171356
2763,9.8942,1.637,1.711,1.703,0.000,0.608,0.000,1630091,0,0,171260
2764,9.8959,1.652,1.804,1.795,0.000,0.328,0.000,1645555,0,0,171260
2765,9.8976,1.703,1.748,1.740,0.000,0.288,0.000,1696161,0,0,171260
2766,9.8994,1.798,1.637,1.629,0.000,0.294,0.000,1791071,0,0,171260
2767,9.9012,1.687,1.652,1.644,0.000,0.351,0.000,1677205,0,0,171260
2768,9.9040,1.818,1.704,1.695,0.000,0.309,0.000,1810316,0,0,171260
2769,9.9058,2.857,1.800,1.790,0.000,0.281,0.000,2849911,0,0,171260
2770,9.9076,1.786,1.685,1.676,0.000,0.351,0.000,1778002,0,0,171260
2771,9.9092,1.680,1.817,1.809,0.000,0.380,0.000,1672557,0,0,171260
2772,9.9109,1.686,2.858,2.849,0.000,0.318,0.000,1679293,0,0,171260
2773,9.9126,1.696,1.785,1.777,0.000,0.443,0.000,1689463,0,0,171260
2774,9.9144,1.783,1.679,1.671,0.000,0.307,0.000,1776072,0,0,171260
2775,9.9161,1.628,1.686,1.678,0.000,0.338,0.000,1620727,0,0,171260
2776,9.9178,1.783,1.697,1.688,0.000,0.306,0.000,1775967,0,0,171260
2777,9.9195,1.659,1.783,1.775,0.000,0.257,0.000,1651597,0,0,171260
2778,9.9212,1.683,1.627,1.620,0.000,0.378,0.000,1675830,0,0,171260
2779,9.9229,1.776,1.783,1.775,0.000,0.311,0.000,1769688,0,0,171260
2780,9.9246,1.667,1.658,1.650,0.000,0.646,0.000,1660295,0,0,171260
2781,9.9264,1.734,1.682,1.675,0.000,0.331,0.000,1727039,0,0,171260
2782,9.9313,1.775,1.777,1.769,0.000,0.662,0.000,1768025,0,0,171260
2783,9.9340,5.306,1.668,1.659,0.000,0.373,0.000,5298587,0,0,171260
2784,9.9371,3.422,1.734,1.726,0.000,0.361,0.000,3412878,0,0,171820
2785,9.9391,2.146,1.775,1.767,0.000,0.412,0.000,2133183,0,0,171316
2786,9.9409,1.888,5.309,5.297,0.000,0.382,0.000,1879989,0,0,171260
2787,9.9429,1.726,3.425,3.412,0.000,0.401,0.000,1719152,0,0,171260
2788,9.9448,2.121,2.141,2.131,0.000,0.300,0.000,2114074,0,0,171260
2789,9.9465,1.770,1.887,1.879,0.000,0.305,0.000,1761585,0,0,171260
2790,9.9485,1.735,1.726,1.718,0.000,0.347,0.000,1727346,0,0,171260
2791,9.9503,1.976,2.122,2.113,0.000,0.303,0.000,1968626,0,0,171260
2792,9.9520,1.795,1.769,1.760,0.000,0.721,0.000,1787926,0,0,171356
2793,9.9536,1.678,1.735,1.726,0.000,0.708,0.000,1670925,0,0,171260
2794,9.9552,1.634,1.976,1.968,0.000,0.359,0.000,1627264,0,0,171260
2795,9.9569,1.616,1.795,1.787,0.000,0.279,0.000,1609378,0,0,171260
2796,9.9586,1.737,1.678,1.670,0.000,0.269,0.000,1729436,0,0,171260
2797,9.9614,1.738,1.634,1.626,0.000,0.727,0.000,1730468,0,0,171260
2798,9.9633,2.755,1.617,1.608,0.000,0.378,0.000,2748204,0,0,171260
2799,9.9651,1.909,1.736,1.728,0.000,0.278,0.000,1900968,0,0,171260
2800,9.9667,1.695,1.737,1.729,0.000,0.303,0.000,1687528,0,0,171260
2801,9.9685,1.727,2.756,2.747,0.000,0.331,0.000,1720649,0,0,171260
2802,9.9703,1.770,1.908,1.900,0.000,0.663,0.000,1763547,0,0,171260
2803,9.9721,1.830,1.694,1.686,0.000,0.696,0.000,1822438,0,0,171260
2804,9.9739,1.755,1.727,1.720,0.000,0.391,0.000,1747451,0,0,171260
2805,9.9756,1.740,1.771,1.762,0.000,0.729,0.000,1732710,0,0,171260
2806,9.9772,1.666,1.830,1.821,0.000,0.411,0.000,1659156,0,0,171260
2807,9.9790,1.724,1.754,1.746,0.000,0.304,0.000,1717297,0,0,171260
2808,9.9807,1.720,1.740,1.732,0.000,0.417,0.000,1712953,0,0,171260
2809,9.9825,1.661,1.666,1.658,0.000,0.296,0.000,1653695,0,0,171260
2810,9.9841,1.814,1.724,1.716,0.000,0.711,0.000,1806992,0,0,171260
2811,9.9868,1.660,1.720,1.712,0.000,0.384,0.000,1652738,0,0,171260
2812,9.9887,2.783,1.660,1.653,0.000,0.287,0.000,2775943,0,0,171260
2813,9.9904,1.808,1.814,1.806,0.000,0.651,0.000,1800458,0,0,171260
2814,9.9921,1.683,1.660,1.652,0.000,0.680,0.000,1675773,0,0,171260
2815,9.9938,1.715,2.784,2.775,0.000,0.652,0.000,1708240,0,0,171260
2816,9.9955,1.682,1.807,1.799,0.000,0.676,0.000,1675983,0,0,171260
2817,9.9971,1.637,1.683,1.675,0.000,0.412,0.000,1630094,0,0,171260
2818,9.9989,1.704,1.715,1.707,0.000,0.288,0.000,1697083,0,0,171260
2819,10.0006,1.795,1.683,1.675,0.000,0.674,0.000,1788555,0,0,174682
2820,10.0024,1.647,1.637,1.629,0.000,0.626,0.000,1640251,0,0,171460
2821,10.0041,1.825,1.704,1.696,0.000,0.635,0.000,1817929,0,0,171460
2822,10.0058,1.696,1.795,1.787,0.000,0.548,0.000,1688731,0,0,171556
2823,10.0076,1.725,1.647,1.639,0.000,0.492,0.000,1718408,0,0,171460
2824,10.0095,1.870,1.825,1.817,0.000,0.745,0.000,1862216,0,0,171460
2825,10.0133,2.324,1.696,1.688,0.000,0.371,0.000,2316826,0,0,171460
2826,10.0156,3.656,1.726,1.717,0.000,0.342,0.000,3645562,0,0,171460
2827,10.0176,2.129,1.870,1.861,0.000,0.615,0.000,2118555,0,0,171460
2828,10.0196,1.928,2.327,2.316,0.000,0.851,0.000,1920152,0,0,171460
2829,10.0216,1.952,3.655,3.644,0.000,0.385,0.000,1944045,0,0,171460
2830,10.0235,1.995,2.126,2.117,0.000,0.412,0.000,1986569,0,0,171460
2831,10.0253,1.823,1.928,1.919,0.000,0.386,0.000,1814978,0,0,171460
2832,10.0271,1.797,1.952,1.943,0.000,0.528,0.000,1789573,0,0,171460
2833,10.0290,1.903,1.994,1.985,0.000,0.728,0.000,1895340,0,0,171460
2834,10.0310,1.928,1.822,1.814,0.000,0.754,0.000,1920258,0,0,171460
2835,10.0330,2.003,1.797,1.788,0.000,0.771,0.000,1993399,0,0,171460
2836,10.0353,2.132,1.903,1.894,0.000,0.486,0.000,2123530,0,0,171460
2837,10.0376,2.412,1.930,1.919,0.000,0.791,0.000,2402962,0,0,171460
2838,10.0397,2.114,2.002,1.992,0.000,0.482,0.000,2104777,0,0,171460
2839,10.0430,2.057,2.133,2.122,0.000,0.564,0.000,2047605,0,0,171460
2840,10.0451,3.388,2.412,2.401,0.000,0.389,0.000,3380195,0,0,171460
2841,10.0473,2.148,2.114,2.103,0.000,0.415,0.000,2138744,0,0,171460
2842,10.0495,2.241,2.056,2.046,0.000,0.398,0.000,2232411,0,0,171460
2843,10.0517,2.092,3.390,3.379,0.000,0.840,0.000,2084268,0,0,171460
2844,10.0538,2.186,2.148,2.137,0.000,0.622,0.000,2177362,0,0,171460
2845,10.0559,2.077,2.240,2.231,0.000,0.398,0.000,2068336,0,0,171460
2846,10.0580,2.160,2.093,2.083,0.000,0.395,0.000,2152026,0,0,171460
2847,10.0601,2.061,2.186,2.176,0.000,0.361,0.000,2051842,0,0,171460
2848,10.0624,2.078,2.076,2.067,0.000,0.396,0.000,2069536,0,0,171460
2849,10.0646,2.369,2.161,2.151,0.000,0.756,0.000,2361171,0,0,171460
2850,10.0666,2.103,2.060,2.050,0.000,0.828,0.000,2094236,0,0,171460
2851,10.0689,2.025,2.077,2.068,0.000,0.415,0.000,2016789,0,0,171460
2852,10.0712,2.462,2.371,2.360,0.000,0.739,0.000,2454214,0,0,171556
2853,10.0746,3.392,2.102,2.093,0.000,0.423,0.000,3382316,0,0,171460
2854,10.0767,2.229,2.025,2.015,0.000,0.479,0.000,2218004,0,0,171460
2855,10.0787,1.960,2.464,2.453,0.000,0.458,0.000,1951606,0,0,171460
2856,10.0806,1.966,3.393,3.381,0.000,0.406,0.000,1957738,0,0,171460
2857,10.0826,1.870,2.226,2.216,0.000,0.774,0.000,1861620,0,0,171460
2858,10.0845,1.983,1.960,1.950,0.000,0.727,0.000,1975342,0,0,171460
2859,10.0866,2.094,1.965,1.956,0.000,0.515,0.000,2086659,0,0,171460
2860,10.0885,1.988,1.869,1.860,0.000,0.375,0.000,1978036,0,0,171460
2861,10.0903,1.861,1.983,1.974,0.000,0.446,0.000,1852674,0,0,171460
2862,10.0921,1.837,2.097,2.086,0.000,0.326,0.000,1829367,0,0,171460
2863,10.0939,1.717,1.986,1.976,0.000,0.733,0.000,1710009,0,0,171460
2864,10.0956,1.716,1.861,1.851,0.000,0.755,0.000,1708908,0,0,171460
2865,10.0973,1.706,1.836,1.828,0.000,0.677,0.000,1698112,0,0,171460
2866,10.1000,1.707,1.717,1.709,0.000,0.672,0.000,1699333,0,0,171460
2867,10.1021,2.862,1.717,1.708,0.000,0.628,0.000,2854367,0,0,171460
2868,10.1040,2.059,1.705,1.697,0.000,0.605,0.000,2051128,0,0,171460
2869,10.1058,1.847,1.707,1.698,0.000,0.705,0.000,1838819,0,0,171460
2870,10.1075,1.791,2.863,2.853,0.000,0.536,0.000,1784479,0,0,171460
2871,10.1102,2.078,2.059,2.050,0.000,0.632,0.000,2070324,0,0,171460
2872,10.1123,2.677,1.846,1.837,0.000,0.636,0.000,2667186,0,0,171460
2873,10.1141,1.810,1.792,1.783,0.000,0.739,0.000,1803598,0,0,171460
2874,10.1161,1.881,2.080,2.069,0.000,0.721,0.000,1874511,0,0,171460
2875,10.1179,1.868,2.674,2.666,0.000,0.649,0.000,1860027,0,0,171460
2876,10.1196,1.747,1.811,1.802,0.000,0.346,0.000,1739689,0,0,171460
2877,10.1214,1.708,1.882,1.873,0.000,0.298,0.000,1700302,0,0,171460
2878,10.1231,1.795,1.867,1.859,0.000,0.282,0.000,1788375,0,0,171460
2879,10.1247,1.687,1.747,1.738,0.000,0.357,0.000,1679787,0,0,171460
2880,10.1275,1.630,1.707,1.699,0.000,0.305,0.000,1623566,0,0,171460
2881,10.1296,3.030,1.795,1.787,0.000,0.721,0.000,3023758,0,0,190435
2882,10.1312,1.815,1.686,1.679,0.000,0.625,0.000,1806990,0,0,171556
2883,10.1329,1.667,1.630,1.622,0.000,0.728,0.000,1660160,0,0,171460
2884,10.1347,1.734,3.032,3.023,0.000,0.367,0.000,1726880,0,0,171460
2885,10.1364,1.710,1.814,1.806,0.000,0.631,0.000,1702780,0,0,171460
2886,10.1382,1.776,1.667,1.659,0.000,0.624,0.000,1763415,0,0,171460
2887,10.1399,1.751,1.734,1.726,0.000,0.665,0.000,1743499,0,0,171460
2888,10.1417,1.714,1.715,1.701,0.000,0.648,0.000,1706514,0,0,171460
2889,10.1435,1.868,1.771,1.762,0.000,0.614,0.000,1861169,0,0,171460
2890,10.1454,1.825,1.751,1.742,0.000,0.616,0.000,1817466,0,0,171460
2891,10.1473,1.968,1.714,1.705,0.000,0.357,0.000,1958632,0,0,171460
2892,10.1491,1.793,1.869,1.860,0.000,0.480,0.000,1770198,0,0,171460
2893,10.1508,1.708,1.826,1.816,0.000,0.701,0.000,1700430,0,0,171460
2894,10.1536,1.713,1.982,1.957,0.000,0.673,0.000,1707021,0,0,171460
2895,10.1554,2.859,1.777,1.768,0.000,0.634,0.000,2851939,0,0,171460
2896,10.1571,1.780,1.707,1.699,0.000,0.636,0.000,1772989,0,0,171460
2897,10.1589,1.705,1.714,1.706,0.000,0.365,0.000,1698171,0,0,171460
2898,10.1607,1.794,2.859,2.851,0.000,0.273,0.000,1786708,0,0,171460
2899,10.1627,1.849,1.780,1.772,0.000,0.270,0.000,1841647,0,0,171460
2900,10.1645,1.961,1.706,1.697,0.000,0.303,0.000,1953715,0,0,171460
2901,10.1662,1.780,1.794,1.785,0.000,0.318,0.000,1771531,0,0,171460
2902,10.1679,1.712,1.849,1.840,0.000,0.365,0.000,1704324,0,0,171460
2903,10.1700,1.763,1.962,1.953,0.000,0.281,0.000,1755443,0,0,171460
2904,10.1718,2.081,1.779,1.770,0.000,0.291,0.000,2072081,0,0,171460
2905,10.1737,1.840,1.712,1.703,0.000,0.360,0.000,1832991,0,0,171460
2906,10.1754,1.795,1.764,1.754,0.000,0.370,0.000,1786833,0,0,171460
2907,10.1771,1.700,2.079,2.071,0.000,0.292,0.000,1692925,0,0,171460
2908,10.1799,1.722,1.841,1.832,0.000,0.294,0.000,1715523,0,0,171460
2909,10.1820,2.893,1.793,1.786,0.000,0.279,0.000,2885618,0,0,171460
2910,10.1839,2.074,1.700,1.692,0.000,0.711,0.000,2065955,0,0,171460
2911,10.1860,2.057,1.723,1.714,0.000,0.700,0.000,2048514,0,0,171460
2912,10.1882,2.001,2.893,2.885,0.000,0.371,0.000,1993119,0,0,171556
2913,10.1903,2.237,2.074,2.065,0.000,0.380,0.000,2226801,0,0,171460
2914,10.1925,2.199,2.057,2.047,0.000,0.646,0.000,2191201,0,0,171460
2915,10.1946,2.131,2.003,1.992,0.000,0.419,0.000,2123289,0,0,171460
2916,10.1970,2.122,2.235,2.225,0.000,0.467,0.000,2114182,0,0,171460
2917,10.1990,2.292,2.199,2.190,0.000,0.496,0.000,2284357,0,0,171602
2918,10.2009,2.021,2.131,2.122,0.000,0.854,0.000,2012403,0,0,171460
2919,10.2031,1.925,2.122,2.113,0.000,0.839,0.000,1916945,0,0,171460
2920,10.2051,2.133,2.293,2.283,0.000,0.411,0.000,2125192,0,0,171460
2921,10.2070,1.945,2.020,2.011,0.000,0.395,0.000,1937089,0,0,171460
2922,10.2102,2.046,1.925,1.916,0.000,0.387,0.000,2038509,0,0,171460
2923,10.2121,3.125,2.133,2.124,0.000,0.369,0.000,3117527,0,0,171460
2924,10.2144,2.260,1.945,1.936,0.000,0.402,0.000,2252030,0,0,171460
2925,10.2162,1.884,2.046,2.037,0.000,0.780,0.000,1875713,0,0,171460
2926,10.2180,1.813,3.126,3.116,0.000,0.731,0.000,1805255,0,0,171460
2927,10.2199,1.912,2.260,2.251,0.000,0.622,0.000,1905314,0,0,171460
2928,10.2218,1.773,1.883,1.874,0.000,0.313,0.000,1765562,0,0,171460
2929,10.2235,1.838,1.812,1.804,0.000,0.724,0.000,1830772,0,0,171460
2930,10.2253,1.732,1.912,1.904,0.000,0.678,0.000,1724844,0,0,171460
2931,10.2271,1.804,1.773,1.764,0.000,0.690,0.000,1796859,0,0,171460
2932,10.2290,1.879,1.838,1.829,0.000,0.424,0.000,1871809,0,0,172020
2933,10.2309,1.909,1.732,1.724,0.000,0.451,0.000,1900657,0,0,171516
2934,10.2327,1.864,1.804,1.796,0.000,0.734,0.000,1856393,0,0,171460
2935,10.2345,1.762,1.880,1.871,0.000,0.599,0.000,1755024,0,0,171460
2936,10.2373,1.733,1.908,1.899,0.000,0.324,0.000,1725512,0,0,171460
2937,10.2394,3.097,1.864,1.855,0.000,0.314,0.000,3089778,0,0,171460
2938,10.2416,2.063,1.762,1.754,0.000,0.770,0.000,2055068,0,0,171460
2939,10.2443,2.357,1.733,1.724,0.000,0.789,0.000,2349750,0,0,171460
2940,10.2468,2.617,3.097,3.089,0.000,0.618,0.000,2606748,0,0,171460
2941,10.2488,2.411,2.063,2.054,0.000,0.333,0.000,2400831,0,0,171460
2942,10.2505,1.727,2.361,2.348,0.000,0.299,0.000,1719536,0,0,171556
2943,10.2521,1.684,2.617,2.605,0.000,0.363,0.000,1677373,0,0,171460
2944,10.2545,1.866,2.408,2.399,0.000,0.311,0.000,1859273,0,0,171460
2945,10.2563,2.278,1.726,1.718,0.000,0.280,0.000,2267369,0,0,171460
2946,10.2579,1.710,1.684,1.676,0.000,0.282,0.000,1702865,0,0,171460
2947,10.2601,1.633,1.871,1.858,0.000,0.297,0.000,1626156,0,0,171460
2948,10.2621,2.241,2.273,2.264,0.000,0.726,0.000,2234775,0,0,171460
2949,10.2644,2.125,1.710,1.702,0.000,0.621,0.000,2118710,0,0,171460
2950,10.2673,2.166,1.633,1.625,0.000,0.341,0.000,2153539,0,0,171460
2951,10.2692,2.944,2.242,2.234,0.000,0.500,0.000,2937253,0,0,171460
2952,10.2710,1.826,2.131,2.117,0.000,0.365,0.000,1818771,0,0,171460
2953,10.2728,1.828,2.161,2.152,0.000,0.385,0.000,1820529,0,0,171460
2954,10.2746,1.826,2.945,2.936,0.000,0.711,0.000,1818795,0,0,171460
2955,10.2764,1.787,1.826,1.817,0.000,0.605,0.000,1786937,0,0,171460
2956,10.2782,1.761,1.828,1.819,0.000,0.316,0.000,1746928,0,0,171460
2957,10.2800,1.805,1.826,1.818,0.000,0.303,0.000,1798211,0,0,171460
2958,10.2819,1.761,1.794,1.786,0.000,0.279,0.000,1754051,0,0,171460
2959,10.2837,1.916,1.754,1.746,0.000,0.293,0.000,1909503,0,0,171460
2960,10.2854,1.741,1.805,1.797,0.000,0.343,0.000,1733552,0,0,171460
2961,10.2871,1.727,1.761,1.753,0.000,0.307,0.000,1720313,0,0,171460
2962,10.2889,1.751,1.917,1.908,0.000,0.364,0.000,1743737,0,0,171460
2963,10.2907,1.816,1.740,1.732,0.000,0.324,0.000,1809209,0,0,171460
2964,10.2938,2.865,1.728,1.719,0.000,0.315,0.000,2858837,0,0,171460
2965,10.2957,2.049,1.750,1.743,0.000,0.397,0.000,2040273,0,0,171460
2966,10.2974,1.823,1.816,1.808,0.000,0.392,0.000,1816251,0,0,171460
2967,10.2992,1.742,2.867,2.858,0.000,0.305,0.000,1734759,0,0,171460
2968,10.3009,1.768,2.047,2.039,0.000,0.288,0.000,1761200,0,0,171460
2969,10.3028,1.711,1.823,1.815,0.000,0.261,0.000,1704954,0,0,171460
2970,10.3046,1.943,1.742,1.734,0.000,0.306,0.000,1936209,0,0,171460
2971,10.3063,1.740,1.768,1.760,0.000,0.709,0.000,1731765,0,0,171460
2972,10.3080,1.746,1.712,1.704,0.000,0.390,0.000,1738721,0,0,171556
2973,10.3097,1.674,1.944,1.935,0.000,0.706,0.000,1667045,0,0,171460
2974,10.3114,1.681,1.739,1.730,0.000,0.375,0.000,1674199,0,0,171460
2975,10.3133,1.762,1.745,1.737,0.000,0.309,0.000,1754807,0,0,171460
2976,10.3151,1.871,1.674,1.666,0.000,0.686,0.000,1863924,0,0,171460
2977,10.3169,1.799,1.682,1.673,0.000,0.690,0.000,1791334,0,0,171460
2978,10.3199,2.915,1.762,1.754,0.000,0.730,0.000,2908397,0,0,171460
2979,10.3226,1.956,1.871,1.863,0.000,0.659,0.000,1947439,0,0,171460
2980,10.3257,3.273,1.799,1.790,0.000,0.762,0.000,3266014,0,0,171460
2981,10.3281,2.907,2.916,2.907,0.000,0.421,0.000,2892991,0,0,171460
2982,10.3302,2.161,1.955,1.946,0.000,0.384,0.000,2152573,0,0,171460
2983,10.3322,2.005,3.280,3.265,0.000,0.387,0.000,1996687,0,0,171460
2984,10.3341,1.926,2.901,2.891,0.000,0.629,0.000,1918239,0,0,171460
2985,10.3361,1.924,2.160,2.151,0.000,0.331,0.000,1916870,0,0,171460
2986,10.3384,2.319,2.004,1.995,0.000,0.294,0.000,2310895,0,0,171460
2987,10.3403,1.959,1.925,1.917,0.000,0.313,0.000,1947577,0,0,171460
2988,10.3423,1.879,1.925,1.916,0.000,0.311,0.000,1872396,0,0,171460
2989,10.3441,2.024,2.323,2.310,0.000,0.283,0.000,2016958,0,0,171460
2990,10.3460,1.859,1.953,1.945,0.000,0.308,0.000,1851558,0,0,171460
2991,10.3491,1.905,1.879,1.871,0.000,0.405,0.000,1896498,0,0,171460
2992,10.3512,3.134,2.024,2.016,0.000,0.383,0.000,3126676,0,0,171460
2993,10.3533,2.115,1.860,1.850,0.000,0.384,0.000,2106560,0,0,171460
2994,10.3553,2.170,1.904,1.895,0.000,0.418,0.000,2162175,0,0,171460
2995,10.3571,1.802,3.135,3.125,0.000,0.338,0.000,1794775,0,0,171460
2996,10.3588,1.761,2.115,2.105,0.000,0.603,0.000,1754148,0,0,171460
2997,10.3606,1.746,2.169,2.161,0.000,0.401,0.000,1738697,0,0,171460
2998,10.3625,1.744,1.802,1.794,0.000,0.347,0.000,1737106,0,0,171460
2999,10.3642,1.886,1.762,1.753,0.000,0.379,0.000,1878846,0,0,171460
3000,10.3660,1.796,1.746,1.738,0.000,0.626,0.000,1788931,0,0,171460
3001,10.3680,1.854,1.744,1.736,0.000,0.415,0.000,1847206,0,0,190551
3002,10.3699,2.003,1.886,1.878,0.000,0.329,0.000,1995759,0,0,172120
3003,10.3718,1.856,1.796,1.788,0.000,0.731,0.000,1848161,0,0,171524
3004,10.3737,1.782,1.855,1.846,0.000,0.442,0.000,1771337,0,0,171468
3005,10.3765,1.961,2.003,1.995,0.000,0.359,0.000,1954031,0,0,171468
3006,10.3784,2.862,1.858,1.847,0.000,0.302,0.000,2855166,0,0,171468
3007,10.3802,1.847,1.779,1.770,0.000,0.309,0.000,1838937,0,0,171468
3008,10.3828,1.902,1.961,1.953,0.000,0.761,0.000,1895546,0,0,171468
3009,10.3851,2.949,2.863,2.854,0.000,0.540,0.000,2938562,0,0,171468
3010,10.3868,1.804,1.846,1.838,0.000,0.366,0.000,1793074,0,0,171468
3011,10.3885,1.659,1.906,1.894,0.000,0.363,0.000,1652481,0,0,171468
3012,10.3901,1.685,2.950,2.937,0.000,0.654,0.000,1677879,0,0,171468
3013,10.3918,1.681,1.800,1.791,0.000,0.363,0.000,1674191,0,0,171468
3014,10.3940,1.705,1.659,1.651,0.000,0.315,0.000,1698804,0,0,171468
3015,10.3958,2.225,1.684,1.677,0.000,0.346,0.000,2218635,0,0,171468
3016,10.3974,1.686,1.681,1.673,0.000,0.354,0.000,1679130,0,0,171468
3017,10.3992,1.682,1.706,1.698,0.000,0.338,0.000,1675312,0,0,171468
3018,10.4011,1.787,2.226,2.217,0.000,0.320,0.000,1779872,0,0,171468
3019,10.4040,1.874,1.686,1.678,0.000,0.347,0.000,1866984,0,0,171468
3020,10.4059,3.051,1.682,1.674,0.000,0.290,0.000,3043468,0,0,171468
3021,10.4076,1.763,1.787,1.779,0.000,0.328,0.000,1756042,0,0,171468
3022,10.4092,1.661,1.874,1.866,0.000,0.334,0.000,1653891,0,0,171468
3023,10.4109,1.667,3.051,3.042,0.000,0.313,0.000,1660106,0,0,171468
3024,10.4128,1.724,1.763,1.755,0.000,0.313,0.000,1716654,0,0,171468
3025,10.4156,2.244,1.661,1.653,0.000,0.278,0.000,2236979,0,0,171468
3026,10.4178,2.821,1.667,1.659,0.000,0.691,0.000,2809652,0,0,171468
3027,10.4195,1.821,1.724,1.716,0.000,0.719,0.000,1813217,0,0,171468
3028,10.4214,1.728,2.248,2.236,0.000,0.714,0.000,1720846,0,0,171468
3029,10.4232,1.902,2.817,2.808,0.000,0.651,0.000,1895451,0,0,171468
3030,10.4249,1.756,1.820,1.812,0.000,0.695,0.000,1748927,0,0,171468
3031,10.4267,1.757,1.728,1.720,0.000,0.723,0.000,1749930,0,0,171468
3032,10.4285,1.807,1.903,1.894,0.000,0.635,0.000,1799754,0,0,171564
3033,10.4313,1.730,1.756,1.748,0.000,0.534,0.000,1723317,0,0,171468
3034,10.4333,2.951,1.757,1.749,0.000,0.396,0.000,2944303,0,0,171468
3035,10.4350,1.795,1.806,1.799,0.000,0.714,0.000,1786594,0,0,171468
3036,10.4369,1.825,1.730,1.722,0.000,0.372,0.000,1817892,0,0,171468
3037,10.4386,1.813,2.952,2.943,0.000,0.369,0.000,1805441,0,0,171468
3038,10.4404,1.753,1.794,1.785,0.000,0.360,0.000,1745879,0,0,171468
3039,10.4428,1.700,1.825,1.817,0.000,0.283,0.000,1692340,0,0,171468
3040,10.4450,2.550,1.812,1.804,0.000,0.284,0.000,2543152,0,0,171468
3041,10.4474,2.501,1.754,1.745,0.000,0.272,0.000,2491876,0,0,171468
3042,10.4497,2.306,1.699,1.691,0.000,0.423,0.000,2296507,0,0,171468
3043,10.4523,2.284,2.553,2.542,0.000,0.408,0.000,2274151,0,0,171468
3044,10.4550,2.814,2.501,2.490,0.000,0.389,0.000,2804785,0,0,171468
3045,10.4572,2.489,2.306,2.295,0.000,0.777,0.000,2475446,0,0,171468
3046,10.4594,2.194,2.284,2.273,0.000,0.405,0.000,2185387,0,0,171468
3047,10.4635,2.227,2.818,2.803,0.000,0.727,0.000,2218063,0,0,171468
3048,10.4662,4.292,2.484,2.473,0.000,0.658,0.000,4284733,0,0,171468
3049,10.4684,2.497,2.195,2.184,0.000,0.398,0.000,2481549,0,0,171468
3050,10.4705,2.095,2.226,2.216,0.000,0.459,0.000,2087666,0,0,171468
3051,10.4723,1.935,4.300,4.283,0.000,0.454,0.000,1927160,0,0,171468
3052,10.4742,1.907,2.489,2.479,0.000,0.755,0.000,1899599,0,0,171468
3053,10.4761,1.855,2.096,2.086,0.000,0.563,0.000,1847729,0,0,171468
3054,10.4779,1.872,1.935,1.926,0.000,0.340,0.000,1864466,0,0,171468
3055,10.4796,1.750,1.907,1.898,0.000,0.364,0.000,1742303,0,0,171468
3056,10.4815,1.714,1.855,1.846,0.000,0.715,0.000,1707637,0,0,171468
3057,10.4839,2.199,1.872,1.863,0.000,0.643,0.000,2193284,0,0,171468
3058,10.4857,2.103,1.749,1.741,0.000,0.662,0.000,2091966,0,0,171468
3059,10.4875,1.806,1.714,1.706,0.000,0.669,0.000,1798471,0,0,171468
3060,10.4892,1.741,2.205,2.192,0.000,0.707,0.000,1734917,0,0,171468
3061,10.4939,1.682,2.099,2.090,0.000,0.386,0.000,1675728,0,0,171468
3062,10.4964,5.074,1.805,1.797,0.000,0.324,0.000,5068153,0,0,171564
3063,10.4991,3.037,1.742,1.734,0.000,0.254,0.000,3028177,0,0,171468
3064,10.5008,1.863,1.682,1.674,0.000,0.382,0.000,1853040,0,0,171610
3065,10.5026,1.652,5.078,5.067,0.000,0.326,0.000,1644028,0,0,171468
3066,10.5042,1.756,3.038,3.027,0.000,0.652,0.000,1750203,0,0,171468
3067,10.5058,1.602,1.859,1.851,0.000,0.611,0.000,1594699,0,0,171468
3068,10.5075,1.657,1.651,1.643,0.000,0.302,0.000,1650662,0,0,171468
3069,10.5091,1.619,1.757,1.749,0.000,0.277,0.000,1611985,0,0,171468
3070,10.5107,1.610,1.601,1.594,0.000,0.345,0.000,1604017,0,0,171468
3071,10.5123,1.597,1.658,1.650,0.000,0.315,0.000,1590260,0,0,171468
3072,10.5139,1.601,1.618,1.611,0.000,0.636,0.000,1594338,0,0,171468
3073,10.5157,1.689,1.611,1.603,0.000,0.563,0.000,1681871,0,0,171468
3074,10.5174,1.775,1.597,1.589,0.000,0.643,0.000,1767941,0,0,171468
3075,10.5191,1.718,1.601,1.593,0.000,0.374,0.000,1710870,0,0,171468
3076,10.5217,1.626,1.689,1.681,0.000,0.637,0.000,1619505,0,0,171468
3077,10.5236,2.677,1.775,1.767,0.000,0.352,0.000,2670336,0,0,171468
3078,10.5252,1.830,1.717,1.710,0.000,0.290,0.000,1822719,0,0,171468
3079,10.5268,1.623,1.626,1.618,0.000,0.368,0.000,1616084,0,0,171468
3080,10.5284,1.574,2.678,2.669,0.000,0.327,0.000,1567534,0,0,171468
3081,10.5300,1.595,1.830,1.821,0.000,0.272,0.000,1588495,0,0,172028
3082,10.5317,1.651,1.622,1.615,0.000,0.279,0.000,1644919,0,0,171524
3083,10.5333,1.621,1.574,1.566,0.000,0.288,0.000,1614274,0,0,171468
3084,10.5349,1.607,1.595,1.587,0.000,0.331,0.000,1599946,0,0,171468
3085,10.5365,1.575,1.652,1.644,0.000,0.299,0.000,1568250,0,0,171468
3086,10.5380,1.575,1.621,1.613,0.000,0.264,0.000,1568670,0,0,171468
3087,10.5396,1.596,1.607,1.599,0.000,0.343,0.000,1589134,0,0,171468
3088,10.5413,1.561,1.575,1.567,0.000,0.279,0.000,1553815,0,0,171468
3089,10.5429,1.705,1.575,1.567,0.000,0.341,0.000,1698305,0,0,171468
3090,10.5455,1.601,1.596,1.588,0.000,0.621,0.000,1594869,0,0,171468
3091,10.5472,2.627,1.560,1.553,0.000,0.311,0.000,2620095,0,0,171468
3092,10.5488,1.709,1.705,1.697,0.000,0.241,0.000,1702096,0,0,171564
3093,10.5504,1.594,1.601,1.594,0.000,0.676,0.000,1586513,0,0,171468
3094,10.5520,1.571,2.627,2.619,0.000,0.336,0.000,1564460,0,0,171468
3095,10.5535,1.541,1.709,1.701,0.000,0.268,0.000,1535158,0,0,171468
3096,10.5550,1.532,1.593,1.585,0.000,0.254,0.000,1525753,0,0,171468
3097,10.5566,1.550,1.571,1.563,0.000,0.614,0.000,1544074,0,0,171468
3098,10.5582,1.605,1.542,1.534,0.000,0.608,0.000,1598914,0,0,171468
3099,10.5598,1.582,1.532,1.525,0.000,0.584,0.000,1574166,0,0,171468
3100,10.5615,1.588,1.550,1.543,0.000,0.356,0.000,1580929,0,0,171468
3101,10.5630,1.672,1.607,1.598,0.000,0.254,0.000,1664825,0,0,171468
3102,10.5647,1.587,1.581,1.573,0.000,0.634,0.000,1579880,0,0,171468
3103,10.5663,1.661,1.588,1.580,0.000,0.599,0.000,1653779,0,0,171468
3104,10.5690,1.651,1.672,1.664,0.000,0.656,0.000,1644704,0,0,171468
3105,10.5708,2.746,1.587,1.579,0.000,0.347,0.000,2739215,0,0,171468
3106,10.5724,1.677,1.660,1.653,0.000,0.320,0.000,1669684,0,0,171468
3107,10.5739,1.548,1.651,1.644,0.000,0.314,0.000,1541174,0,0,171468
3108,10.5754,1.534,2.747,2.738,0.000,0.262,0.000,1527539,0,0,171468
3109,10.5770,1.566,1.676,1.668,0.000,0.240,0.000,1559153,0,0,171468
3110,10.5786,1.562,1.548,1.540,0.000,0.609,0.000,1556145,0,0,171468
3111,10.5802,1.568,1.534,1.526,0.000,0.619,0.000,1561853,0,0,171468
3112,10.5819,1.600,1.565,1.558,0.000,0.315,0.000,1593885,0,0,171468
3113,10.5836,1.757,1.563,1.555,0.000,0.569,0.000,1750506,0,0,171468
3114,10.5851,1.622,1.568,1.561,0.000,0.284,0.000,1614762,0,0,171468
3115,10.5867,1.584,1.601,1.593,0.000,0.282,0.000,1577983,0,0,171468
3116,10.5883,1.631,1.758,1.749,0.000,0.346,0.000,1624989,0,0,171468
3117,10.5900,1.568,1.621,1.614,0.000,0.293,0.000,1561502,0,0,171468
3118,10.5927,1.812,1.584,1.577,0.000,0.596,0.000,1805263,0,0,171468
3119,10.5944,2.574,1.631,1.624,0.000,0.586,0.000,2567281,0,0,171468
3120,10.5961,1.712,1.568,1.561,0.000,0.606,0.000,1705567,0,0,171468
3121,10.5988,2.087,1.812,1.804,0.000,0.606,0.000,2079782,0,0,190559
3122,10.6007,2.484,2.574,2.566,0.000,0.319,0.000,2472608,0,0,171564
3123,10.6025,1.722,1.713,1.705,0.000,0.285,0.000,1714952,0,0,171468
3124,10.6043,1.917,2.091,2.079,0.000,0.644,0.000,1903793,0,0,171468
3125,10.6061,1.785,2.480,2.471,0.000,0.625,0.000,1778248,0,0,171468
3126,10.6080,1.820,1.728,1.714,0.000,0.341,0.000,1812911,0,0,171468
3127,10.6097,1.810,1.911,1.902,0.000,0.609,0.000,1802838,0,0,171468
3128,10.6116,1.832,1.785,1.777,0.000,0.289,0.000,1825311,0,0,171468
3129,10.6134,1.801,1.820,1.812,0.000,0.273,0.000,1793377,0,0,171468
3130,10.6151,1.763,1.810,1.802,0.000,0.377,0.000,1755916,0,0,171468
3131,10.6179,1.757,1.833,1.824,0.000,0.326,0.000,1750645,0,0,171468
3132,10.6197,2.819,1.801,1.792,0.000,0.282,0.000,2811846,0,0,171468
3133,10.6217,1.815,1.763,1.755,0.000,0.344,0.000,1807949,0,0,171468
3134,10.6234,1.896,1.758,1.749,0.000,0.589,0.000,1888465,0,0,171468
3135,10.6252,1.721,2.819,2.811,0.000,0.440,0.000,1712126,0,0,171468
3136,10.6270,1.817,1.815,1.807,0.000,0.344,0.000,1808753,0,0,171468
3137,10.6287,1.751,1.898,1.887,0.000,0.671,0.000,1743043,0,0,171468
3138,10.6305,1.783,1.720,1.711,0.000,0.354,0.000,1776300,0,0,171468
3139,10.6322,1.719,1.816,1.808,0.000,0.287,0.000,1712058,0,0,171468
3140,10.6339,1.702,1.750,1.742,0.000,0.413,0.000,1695854,0,0,171468
3141,10.6355,1.685,1.783,1.775,0.000,0.302,0.000,1677933,0,0,171468
3142,10.6373,1.730,1.719,1.711,0.000,0.289,0.000,1722454,0,0,171468
3143,10.6390,1.756,1.703,1.695,0.000,0.613,0.000,1749255,0,0,171468
3144,10.6407,1.693,1.685,1.677,0.000,0.622,0.000,1685601,0,0,171468
3145,10.6436,1.632,1.729,1.721,0.000,0.641,0.000,1625724,0,0,171468
3146,10.6456,3.112,1.756,1.748,0.000,0.629,0.000,3091164,0,0,171468
3147,10.6474,1.872,1.692,1.684,0.000,0.612,0.000,1863227,0,0,171468
3148,10.6491,1.722,1.647,1.625,0.000,0.388,0.000,1714046,0,0,171468
3149,10.6507,1.662,3.100,3.090,0.000,0.654,0.000,1654644,0,0,171468
3150,10.6524,1.661,1.871,1.862,0.000,0.607,0.000,1653310,0,0,171468
3151,10.6540,1.646,1.721,1.713,0.000,0.621,0.000,1639193,0,0,171468
3152,10.6558,1.679,1.662,1.654,0.000,0.480,0.000,1673095,0,0,171564
3153,10.6578,1.874,1.660,1.652,0.000,0.295,0.000,1866344,0,0,171468
3154,10.6596,1.978,1.646,1.638,0.000,0.432,0.000,1968818,0,0,171468
3155,10.6615,1.788,1.681,1.672,0.000,0.328,0.000,1778644,0,0,171468
3156,10.6633,1.892,1.876,1.865,0.000,0.445,0.000,1872272,0,0,171468
3157,10.6649,1.683,1.978,1.967,0.000,0.426,0.000,1673184,0,0,171468
3158,10.6665,1.578,1.798,1.777,0.000,0.322,0.000,1571891,0,0,171468
3159,10.6690,1.579,1.882,1.871,0.000,0.273,0.000,1572146,0,0,171468
3160,10.6707,2.616,1.679,1.672,0.000,0.317,0.000,2610162,0,0,171468
3161,10.6723,1.604,1.579,1.571,0.000,0.261,0.000,1597454,0,0,171468
3162,10.6739,1.605,1.578,1.571,0.000,0.631,0.000,1598629,0,0,171468
3163,10.6755,1.606,2.617,2.609,0.000,0.495,0.000,1599930,0,0,171468
3164,10.6772,1.664,1.603,1.596,0.000,0.304,0.000,1657244,0,0,171468
3165,10.6788,1.656,1.605,1.598,0.000,0.310,0.000,1649521,0,0,171468
3166,10.6804,1.631,1.607,1.599,0.000,0.269,0.000,1624122,0,0,171468
3167,10.6821,1.580,1.664,1.656,0.000,0.272,0.000,1572479,0,0,171468
3168,10.6837,1.726,1.657,1.648,0.000,0.256,0.000,1720021,0,0,171468
3169,10.6854,1.565,1.632,1.623,0.000,0.250,0.000,1558049,0,0,171468
3170,10.6871,1.748,1.579,1.571,0.000,0.253,0.000,1741192,0,0,171468
3171,10.6887,1.654,1.727,1.719,0.000,0.273,0.000,1647801,0,0,171468
3172,10.6904,1.668,1.565,1.557,0.000,0.253,0.000,1661529,0,0,171468
3173,10.6931,1.637,1.748,1.740,0.000,0.289,0.000,1629830,0,0,171468
3174,10.6949,2.748,1.655,1.647,0.000,0.265,0.000,2741259,0,0,171468
3175,10.6971,1.792,1.668,1.660,0.000,0.246,0.000,1784683,0,0,171468
3176,10.6990,2.357,1.637,1.629,0.000,0.347,0.000,2343941,0,0,171468
3177,10.7007,1.718,2.749,2.740,0.000,0.717,0.000,1711014,0,0,171468
3178,10.7025,1.692,1.797,1.783,0.000,0.311,0.000,1684977,0,0,171468
3179,10.7044,2.057,2.350,2.342,0.000,0.600,0.000,2050060,0,0,171468
3180,10.7060,1.632,1.718,1.710,0.000,0.342,0.000,1625514,0,0,171468
3181,10.7081,1.650,1.692,1.684,0.000,0.269,0.000,1643052,0,0,171468
3182,10.7099,2.242,2.056,2.049,0.000,0.326,0.000,2235525,0,0,171564
3183,10.7115,1.634,1.632,1.624,0.000,0.536,0.000,1625683,0,0,171468
3184,10.7131,1.579,1.649,1.642,0.000,0.575,0.000,1572649,0,0,171468
3185,10.7147,1.569,2.244,2.234,0.000,0.311,0.000,1562710,0,0,171468
3186,10.7163,1.588,1.632,1.624,0.000,0.633,0.000,1581838,0,0,171468
3187,10.7189,1.634,1.579,1.572,0.000,0.333,0.000,1627370,0,0,171468
3188,10.7206,2.649,1.569,1.562,0.000,0.311,0.000,2641896,0,0,171468
3189,10.7223,1.665,1.589,1.581,0.000,0.671,0.000,1658417,0,0,171468
3190,10.7239,1.730,1.634,1.626,0.000,0.398,0.000,1723037,0,0,171468
3191,10.7255,1.559,2.648,2.641,0.000,0.607,0.000,1552607,0,0,171468
3192,10.7273,1.679,1.665,1.657,0.000,0.611,0.000,1672535,0,0,172580
3193,10.7291,1.843,1.730,1.722,0.000,0.332,0.000,1836186,0,0,171564
3194,10.7310,1.868,1.559,1.552,0.000,0.437,0.000,1861464,0,0,171452
3195,10.7329,1.809,1.680,1.672,0.000,0.331,0.000,1801525,0,0,171452
3196,10.7346,1.848,1.843,1.835,0.000,0.322,0.000,1840595,0,0,171452
3197,10.7365,1.821,1.869,1.860,0.000,0.286,0.000,1813855,0,0,171452
3198,10.7382,1.783,1.809,1.800,0.000,0.283,0.000,1774030,0,0,171452
3199,10.7400,1.747,1.848,1.839,0.000,0.346,0.000,1740210,0,0,171452
3200,10.7419,1.794,1.823,1.813,0.000,0.334,0.000,1786637,0,0,171452
3201,10.7449,1.918,1.781,1.773,0.000,0.295,0.000,1911518,0,0,171452
3202,10.7468,3.059,1.748,1.739,0.000,0.304,0.000,3050119,0,0,171452
3203,10.7486,1.834,1.793,1.786,0.000,0.644,0.000,1824714,0,0,171452
3204,10.7502,1.674,1.920,1.910,0.000,0.345,0.000,1666966,0,0,171452
3205,10.7518,1.609,3.059,3.049,0.000,0.387,0.000,1601636,0,0,171452
3206,10.7534,1.615,1.832,1.823,0.000,0.268,0.000,1608003,0,0,171452
3207,10.7550,1.572,1.674,1.666,0.000,0.255,0.000,1565036,0,0,171452
3208,10.7566,1.603,1.608,1.601,0.000,0.254,0.000,1596001,0,0,171452
3209,10.7582,1.636,1.615,1.607,0.000,0.247,0.000,1629544,0,0,171452
3210,10.7599,1.659,1.572,1.564,0.000,0.238,0.000,1652529,0,0,171452
3211,10.7616,1.563,1.603,1.595,0.000,0.264,0.000,1555808,0,0,171452
3212,10.7636,1.722,1.636,1.629,0.000,0.247,0.000,1715354,0,0,171548
3213,10.7654,2.144,1.659,1.651,0.000,0.239,0.000,2137143,0,0,171452
3214,10.7671,1.745,1.562,1.555,0.000,0.552,0.000,1737981,0,0,171452
3215,10.7698,1.688,1.722,1.714,0.000,0.302,0.000,1681259,0,0,171452
3216,10.7716,2.818,2.144,2.136,0.000,0.325,0.000,2811086,0,0,171452
3217,10.7733,1.726,1.745,1.737,0.000,0.348,0.000,1717929,0,0,171452
3218,10.7751,1.759,1.688,1.680,0.000,0.645,0.000,1751627,0,0,171452
3219,10.7768,1.700,2.819,2.810,0.000,0.374,0.000,1692997,0,0,171452
3220,10.7784,1.685,1.725,1.717,0.000,0.279,0.000,1677747,0,0,171452
3221,10.7800,1.580,1.759,1.751,0.000,0.275,0.000,1573647,0,0,171452
3222,10.7817,1.599,1.700,1.692,0.000,0.267,0.000,1592602,0,0,171452
3223,10.7833,1.708,1.684,1.677,0.000,0.271,0.000,1701741,0,0,171452
3224,10.7849,1.592,1.580,1.572,0.000,0.245,0.000,1584520,0,0,171452
3225,10.7865,1.582,1.599,1.591,0.000,0.276,0.000,1575038,0,0,171452
3226,10.7881,1.593,1.709,1.701,0.000,0.241,0.000,1585885,0,0,171452
3227,10.7898,1.651,1.591,1.583,0.000,0.255,0.000,1644207,0,0,171452
3228,10.7917,1.919,1.582,1.574,0.000,0.237,0.000,1912358,0,0,171452
3229,10.7944,2.705,1.593,1.585,0.000,0.333,0.000,2698263,0,0,171452
3230,10.7960,1.659,1.651,1.643,0.000,0.281,0.000,1652581,0,0,171452
3231,10.7976,1.630,1.919,1.911,0.000,0.295,0.000,1623298,0,0,171594
3232,10.7992,1.594,2.705,2.697,0.000,0.250,0.000,1587874,0,0,171452
3233,10.8008,1.601,1.659,1.651,0.000,0.391,0.000,1595103,0,0,171452
3234,10.8026,1.612,1.630,1.622,0.000,0.272,0.000,1605625,0,0,171452
3235,10.8041,1.696,1.594,1.587,0.000,0.270,0.000,1688944,0,0,171452
3236,10.8057,1.557,1.602,1.594,0.000,0.636,0.000,1549743,0,0,171452
3237,10.8073,1.575,1.613,1.605,0.000,0.644,0.000,1568300,0,0,171452
3238,10.8089,1.652,1.696,1.688,0.000,0.592,0.000,1646411,0,0,171452
3239,10.8106,1.635,1.556,1.549,0.000,0.624,0.000,1628628,0,0,171452
3240,10.8122,1.661,1.574,1.567,0.000,0.680,0.000,1654132,0,0,171452
3241,10.8139,1.668,1.653,1.645,0.000,0.366,0.000,1661215,0,0,190543
3242,10.8165,1.626,1.635,1.628,0.000,0.298,0.000,1619160,0,0,171548
3243,10.8182,2.662,1.661,1.653,0.000,0.278,0.000,2656065,0,0,171452
3244,10.8199,1.728,1.668,1.660,0.000,0.270,0.000,1721071,0,0,171452
3245,10.8217,1.687,1.625,1.618,0.000,0.355,0.000,1680708,0,0,171452
3246,10.8233,1.743,2.663,2.655,0.000,0.598,0.000,1736706,0,0,171452
3247,10.8250,1.622,1.727,1.720,0.000,0.637,0.000,1614182,0,0,171452
3248,10.8266,1.622,1.688,1.680,0.000,0.467,0.000,1615518,0,0,171452
3249,10.8282,1.571,1.745,1.736,0.000,0.312,0.000,1564235,0,0,171452
3250,10.8297,1.609,1.621,1.613,0.000,0.271,0.000,1602491,0,0,171452
3251,10.8313,1.584,1.622,1.614,0.000,0.260,0.000,1577167,0,0,171452
3252,10.8328,1.524,1.571,1.563,0.000,0.243,0.000,1517463,0,0,171452
3253,10.8344,1.561,1.609,1.601,0.000,0.247,0.000,1553657,0,0,171452
3254,10.8360,1.592,1.584,1.576,0.000,0.237,0.000,1584903,0,0,171452
3255,10.8376,1.599,1.525,1.516,0.000,0.266,0.000,1592693,0,0,171452
3256,10.8404,1.660,1.560,1.553,0.000,0.244,0.000,1653144,0,0,171452
3257,10.8422,2.756,1.591,1.584,0.000,0.257,0.000,2749136,0,0,171452
3258,10.8438,1.785,1.599,1.592,0.000,0.344,0.000,1778016,0,0,171452
3259,10.8455,1.661,1.660,1.652,0.000,0.634,0.000,1654352,0,0,171452
3260,10.8470,1.562,2.756,2.748,0.000,0.619,0.000,1555248,0,0,171452
3261,10.8486,1.545,1.784,1.777,0.000,0.609,0.000,1537383,0,0,171452
3262,10.8511,1.843,1.661,1.653,0.000,0.346,0.000,1837074,0,0,171452
3263,10.8534,2.837,1.562,1.554,0.000,0.282,0.000,2827685,0,0,171452
3264,10.8551,1.825,1.543,1.536,0.000,0.370,0.000,1813540,0,0,171452
3265,10.8568,1.654,1.847,1.836,0.000,0.379,0.000,1647728,0,0,171452
3266,10.8584,1.623,2.839,2.826,0.000,0.314,0.000,1616499,0,0,171452
3267,10.8599,1.577,1.820,1.812,0.000,0.264,0.000,1570818,0,0,171452
3268,10.8617,1.625,1.654,1.647,0.000,0.350,0.000,1618596,0,0,171452
3269,10.8636,1.895,1.623,1.615,0.000,0.318,0.000,1888340,0,0,171452
3270,10.8664,1.894,1.577,1.570,0.000,0.274,0.000,1887609,0,0,171452
3271,10.8683,2.805,1.625,1.617,0.000,0.275,0.000,2798396,0,0,171452
3272,10.8700,1.777,1.895,1.887,0.000,0.270,0.000,1769408,0,0,171548
3273,10.8716,1.665,1.894,1.886,0.000,0.367,0.000,1657865,0,0,171452
3274,10.8732,1.611,2.806,2.797,0.000,0.303,0.000,1604208,0,0,171452
3275,10.8748,1.579,1.777,1.768,0.000,0.302,0.000,1572204,0,0,171452
3276,10.8770,1.917,1.665,1.657,0.000,0.281,0.000,1910184,0,0,171452
3277,10.8787,1.916,1.611,1.603,0.000,0.289,0.000,1904848,0,0,171452
3278,10.8803,1.647,1.579,1.571,0.000,0.664,0.000,1640523,0,0,171452
3279,10.8821,1.658,1.921,1.909,0.000,0.583,0.000,1651349,0,0,171452
3280,10.8839,1.867,1.911,1.903,0.000,0.680,0.000,1860922,0,0,171452
3281,10.8856,1.747,1.647,1.639,0.000,0.602,0.000,1740042,0,0,171452
3282,10.8873,1.732,1.658,1.650,0.000,0.593,0.000,1725940,0,0,171452
3283,10.8892,1.770,1.868,1.860,0.000,0.614,0.000,1763654,0,0,171452
3284,10.8920,1.806,1.747,1.739,0.000,0.637,0.000,1799392,0,0,171452
3285,10.8940,2.953,1.733,1.725,0.000,0.410,0.000,2946194,0,0,171452
3286,10.8958,1.913,1.771,1.763,0.000,0.692,0.000,1904618,0,0,171452
3287,10.8977,1.843,1.806,1.798,0.000,0.687,0.000,1835796,0,0,171452
3288,10.8997,1.939,2.954,2.945,0.000,0.363,0.000,1931367,0,0,171452
3289,10.9019,1.954,1.912,1.903,0.000,0.357,0.000,1945610,0,0,171452
3290,10.9038,2.204,1.844,1.835,0.000,0.673,0.000,2195871,0,0,171452
3291,10.9057,1.863,1.939,1.930,0.000,0.418,0.000,1854637,0,0,171452
3292,10.9074,1.813,1.954,1.944,0.000,0.708,0.000,1804925,0,0,171452
3293,10.9092,1.779,2.204,2.194,0.000,0.651,0.000,1770689,0,0,171452
3294,10.9109,1.721,1.862,1.853,0.000,0.345,0.000,1714049,0,0,171452
3295,10.9126,1.708,1.813,1.803,0.000,0.288,0.000,1701322,0,0,171452
3296,10.9142,1.633,1.777,1.769,0.000,0.658,0.000,1627123,0,0,171452
3297,10.9158,1.613,1.721,1.713,0.000,0.358,0.000,1606617,0,0,171452
3298,10.9185,1.647,1.708,1.700,0.000,0.273,0.000,1640769,0,0,171452
3299,10.9202,2.683,1.634,1.626,0.000,0.352,0.000,2675642,0,0,171452
3300,10.9219,1.673,1.613,1.605,0.000,0.261,0.000,1665486,0,0,171452
3301,10.9235,1.711,1.648,1.640,0.000,0.325,0.000,1703523,0,0,171452
3302,10.9251,1.586,2.683,2.675,0.000,0.333,0.000,1580016,0,0,171548
3303,10.9267,1.591,1.672,1.664,0.000,0.335,0.000,1584205,0,0,171452
3304,10.9282,1.532,1.710,1.702,0.000,0.287,0.000,1525839,0,0,171452
3305,10.9298,1.575,1.586,1.579,0.000,0.618,0.000,1568831,0,0,171452
3306,10.9314,1.596,1.591,1.583,0.000,0.600,0.000,1589534,0,0,171452
3307,10.9330,1.601,1.532,1.525,0.000,0.333,0.000,1594615,0,0,171452
3308,10.9346,1.563,1.575,1.568,0.000,0.280,0.000,1556313,0,0,171452
3309,10.9365,1.605,1.596,1.588,0.000,0.265,0.000,1598706,0,0,171452
3310,10.9381,1.942,1.601,1.594,0.000,0.254,0.000,1935140,0,0,171452
3311,10.9397,1.612,1.563,1.555,0.000,0.322,0.000,1605528,0,0,171452
3312,10.9425,1.567,1.605,1.598,0.000,0.678,0.000,1560703,0,0,171452
3313,10.9445,3.083,1.942,1.934,0.000,0.368,0.000,3076953,0,0,171452
3314,10.9464,1.889,1.612,1.604,0.000,0.278,0.000,1879753,0,0,171452
3315,10.9481,1.827,1.567,1.559,0.000,0.408,0.000,1819738,0,0,171452
3316,10.9498,1.680,3.087,3.076,0.000,0.430,0.000,1673290,0,0,171452
3317,10.9515,1.687,1.887,1.878,0.000,0.320,0.000,1678247,0,0,171452
3318,10.9532,1.681,1.827,1.818,0.000,0.352,0.000,1673835,0,0,171452
3319,10.9549,1.699,1.681,1.672,0.000,0.607,0.000,1692996,0,0,171452
3320,10.9567,1.749,1.686,1.677,0.000,0.627,0.000,1741996,0,0,171452
3321,10.9584,1.762,1.680,1.673,0.000,0.625,0.000,1754920,0,0,171452
3322,10.9601,1.743,1.700,1.692,0.000,0.373,0.000,1736309,0,0,171452
3323,10.9619,1.651,1.749,1.741,0.000,0.337,0.000,1644527,0,0,171452
3324,10.9635,1.753,1.762,1.754,0.000,0.280,0.000,1746221,0,0,171452
3325,10.9651,1.620,1.743,1.735,0.000,0.485,0.000,1614056,0,0,171452
3326,10.9677,1.661,1.651,1.643,0.000,0.289,0.000,1654872,0,0,171452
3327,10.9694,2.571,1.753,1.745,0.000,0.322,0.000,2564323,0,0,171452
3328,10.9710,1.648,1.620,1.613,0.000,0.330,0.000,1640870,0,0,171452
3329,10.9727,1.657,1.661,1.654,0.000,0.290,0.000,1649349,0,0,171452
3330,10.9743,1.625,2.571,2.563,0.000,0.307,0.000,1618278,0,0,171452
3331,10.9759,1.596,1.648,1.639,0.000,0.263,0.000,1588942,0,0,171452
3332,10.9775,1.635,1.656,1.648,0.000,0.260,0.000,1627759,0,0,171548
3333,10.9791,1.550,1.625,1.617,0.000,0.252,0.000,1543881,0,0,171452
3334,10.9807,1.642,1.596,1.588,0.000,0.241,0.000,1635635,0,0,171452
3335,10.9824,1.600,1.634,1.627,0.000,0.257,0.000,1592936,0,0,171452
3336,10.9840,1.712,1.550,1.543,0.000,0.324,0.000,1705376,0,0,171452
3337,10.9857,1.625,1.642,1.634,0.000,0.314,0.000,1618177,0,0,171452
3338,10.9878,1.671,1.599,1.592,0.000,0.258,0.000,1663776,0,0,171452
3339,10.9896,2.285,1.712,1.704,0.000,0.633,0.000,2278464,0,0,171452
3340,10.9945,1.781,1.625,1.617,0.000,0.471,0.000,1773809,0,0,171452
3341,10.9971,5.309,1.670,1.663,0.000,0.364,0.000,5302941,0,0,171452
3342,11.0000,2.991,2.285,2.277,0.000,0.354,0.000,2982059,0,0,171452
3343,11.0025,2.114,1.780,1.773,0.000,0.355,0.000,2102907,0,0,171452
3344,11.0044,2.479,5.313,5.302,0.000,0.783,0.000,2469647,0,0,171452
3345,11.0062,1.872,2.993,2.980,0.000,0.693,0.000,1863703,0,0,171452
3346,11.0080,1.796,2.111,2.100,0.000,0.437,0.000,1788307,0,0,171452
3347,11.0099,1.812,2.478,2.468,0.000,0.343,0.000,1805193,0,0,171452
3348,11.0117,1.860,1.871,1.862,0.000,0.329,0.000,1852762,0,0,171452
3349,11.0135,1.771,1.796,1.787,0.000,0.378,0.000,1763307,0,0,171452
3350,11.0151,1.718,1.813,1.804,0.000,0.654,0.000,1711161,0,0,171452
3351,11.0168,1.671,1.861,1.852,0.000,0.625,0.000,1663561,0,0,171452
3352,11.0186,1.724,1.770,1.762,0.000,0.701,0.000,1717438,0,0,171452
3353,11.0203,1.735,1.719,1.710,0.000,0.355,0.000,1728395,0,0,171452
3354,11.0222,1.776,1.671,1.662,0.000,0.354,0.000,1769135,0,0,171452
3355,11.0250,1.945,1.724,1.716,0.000,0.434,0.000,1935500,0,0,171452
3356,11.0268,2.768,1.736,1.727,0.000,0.451,0.000,2758385,0,0,171452
3357,11.0287,1.807,1.778,1.768,0.000,0.447,0.000,1797332,0,0,171452
3358,11.0303,1.809,1.945,1.934,0.000,0.476,0.000,1799590,0,0,171452
3359,11.0320,1.660,2.768,2.757,0.000,0.461,0.000,1647248,0,0,171452
3360,11.0336,1.641,1.806,1.796,0.000,0.421,0.000,1634940,0,0,171452
3361,11.0357,1.805,1.812,1.798,0.000,0.275,0.000,1798493,0,0,190543
3362,11.0375,2.006,1.654,1.646,0.000,0.322,0.000,1995948,0,0,171548
3363,11.0392,1.788,1.642,1.634,0.000,0.474,0.000,1779289,0,0,171452
3364,11.0415,1.979,1.808,1.797,0.000,0.468,0.000,1972473,0,0,171452
3365,11.0432,1.933,2.004,1.995,0.000,0.301,0.000,1923612,0,0,171452
3366,11.0456,2.012,1.786,1.778,0.000,0.280,0.000,2005116,0,0,171452
3367,11.0473,2.127,1.983,1.971,0.000,0.357,0.000,2118330,0,0,171452
3368,11.0489,1.646,1.930,1.922,0.000,0.289,0.000,1638399,0,0,171452
3369,11.0515,1.581,2.014,2.004,0.000,0.290,0.000,1573755,0,0,171452
3370,11.0532,2.675,2.125,2.117,0.000,0.675,0.000,2668541,0,0,171452
3371,11.0549,1.695,1.645,1.637,0.000,0.312,0.000,1687770,0,0,171452
3372,11.0564,1.572,1.580,1.573,0.000,0.676,0.000,1565765,0,0,171452
3373,11.0582,1.687,2.676,2.668,0.000,0.622,0.000,1680622,0,0,171452
3374,11.0601,1.870,1.694,1.687,0.000,0.434,0.000,1862321,0,0,171452
3375,11.0620,1.822,1.572,1.565,0.000,0.590,0.000,1814571,0,0,171452
3376,11.0638,1.887,1.688,1.680,0.000,0.392,0.000,1880055,0,0,171452
3377,11.0654,1.669,1.870,1.861,0.000,0.299,0.000,1661534,0,0,171452
3378,11.0671,1.677,1.822,1.813,0.000,0.280,0.000,1670653,0,0,172012
3379,11.0689,1.708,1.887,1.879,0.000,0.265,0.000,1701503,0,0,171508
3380,11.0708,1.937,1.668,1.660,0.000,0.265,0.000,1929425,0,0,171452
3381,11.0726,1.831,1.677,1.670,0.000,0.362,0.000,1822510,0,0,171452
3382,11.0744,1.738,1.709,1.700,0.000,0.369,0.000,1730974,0,0,171452
3383,11.0834,1.759,1.938,1.928,0.000,0.683,0.000,1751620,0,0,171452
3384,11.0857,9.302,1.830,1.821,0.000,0.363,0.000,9295156,0,0,171452
3385,11.0875,2.072,1.738,1.730,0.000,0.350,0.000,2049378,0,0,171452
3386,11.0893,1.767,1.759,1.751,0.000,0.443,0.000,1759568,0,0,171452
3387,11.0910,1.791,9.317,9.294,0.000,0.298,0.000,1783538,0,0,171452
3388,11.0934,1.840,2.057,2.048,0.000,0.527,0.000,1831575,0,0,171452
3389,11.0958,2.639,1.767,1.758,0.000,0.758,0.000,2631141,0,0,171594
3390,11.0978,2.206,1.792,1.782,0.000,0.359,0.000,2197985,0,0,171452
3391,11.0997,1.945,1.839,1.830,0.000,0.706,0.000,1936532,0,0,171452
3392,11.1015,1.793,2.639,2.630,0.000,0.377,0.000,1784561,0,0,171548
3393,11.1032,1.760,2.206,2.197,0.000,0.354,0.000,1753129,0,0,171452
3394,11.1048,1.633,1.944,1.935,0.000,0.296,0.000,1625831,0,0,171452
3395,11.1064,1.639,1.792,1.783,0.000,0.258,0.000,1632225,0,0,171452
3396,11.1081,1.640,1.760,1.752,0.000,0.266,0.000,1632616,0,0,171452
3397,11.1108,2.681,1.633,1.625,0.000,0.302,0.000,2673936,0,0,171452
3398,11.1124,1.673,1.639,1.631,0.000,0.289,0.000,1664540,0,0,171452
3399,11.1140,1.592,1.639,1.631,0.000,0.697,0.000,1585565,0,0,171452
3400,11.1156,1.621,2.682,2.673,0.000,0.608,0.000,1614531,0,0,171452
3401,11.1173,1.636,1.671,1.663,0.000,0.632,0.000,1629690,0,0,171452
3402,11.1188,1.609,1.592,1.585,0.000,0.306,0.000,1602036,0,0,171452
3403,11.1204,1.545,1.621,1.614,0.000,0.291,0.000,1538749,0,0,171452
3404,11.1222,1.605,1.636,1.628,0.000,0.312,0.000,1598478,0,0,171452
3405,11.1238,1.763,1.608,1.601,0.000,0.291,0.000,1756373,0,0,171452
3406,11.1255,1.679,1.545,1.538,0.000,0.326,0.000,1672138,0,0,171452
3407,11.1272,1.703,1.605,1.597,0.000,0.288,0.000,1696597,0,0,171452
3408,11.1288,1.642,1.763,1.755,0.000,0.269,0.000,1635519,0,0,171452
3409,11.1303,1.551,1.679,1.671,0.000,0.360,0.000,1545247,0,0,171452
3410,11.1329,1.570,1.703,1.695,0.000,0.307,0.000,1563848,0,0,171452
3411,11.1346,2.619,1.642,1.634,0.000,0.289,0.000,2612602,0,0,171452
3412,11.1362,1.671,1.551,1.544,0.000,0.275,0.000,1663595,0,0,171452
3413,11.1379,1.640,1.570,1.563,0.000,0.290,0.000,1633559,0,0,171452
3414,11.1395,1.614,2.620,2.612,0.000,0.261,0.000,1607328,0,0,171452
3415,11.1415,1.882,1.670,1.662,0.000,0.291,0.000,1873931,0,0,171452
3416,11.1432,1.772,1.640,1.632,0.000,0.273,0.000,1764975,0,0,171452
3417,11.1449,1.683,1.616,1.606,0.000,0.344,0.000,1675833,0,0,171452
3418,11.1466,1.739,1.881,1.873,0.000,0.289,0.000,1731217,0,0,171452
3419,11.1481,1.611,1.772,1.764,0.000,0.301,0.000,1603999,0,0,171452
3420,11.1499,1.629,1.683,1.675,0.000,0.341,0.000,1622944,0,0,171452
3421,11.1516,1.763,1.738,1.730,0.000,0.280,0.000,1753846,0,0,171452
3422,11.1532,1.620,1.610,1.603,0.000,0.477,0.000,1611375,0,0,171548
3423,11.1547,1.563,1.632,1.622,0.000,0.411,0.000,1556496,0,0,171452
3424,11.1573,1.552,1.763,1.753,0.000,0.277,0.000,1545674,0,0,171452
3425,11.1591,2.670,1.618,1.610,0.000,0.255,0.000,2663697,0,0,171452
3426,11.1608,1.776,1.562,1.555,0.000,0.257,0.000,1768485,0,0,171452
3427,11.1626,1.710,1.552,1.545,0.000,0.323,0.000,1703216,0,0,171452
3428,11.1643,1.796,2.671,2.663,0.000,0.605,0.000,1789379,0,0,171452
3429,11.1660,1.661,1.775,1.767,0.000,0.668,0.000,1654207,0,0,171452
3430,11.1678,1.858,1.710,1.702,0.000,0.665,0.000,1851400,0,0,171452
3431,11.1696,1.750,1.797,1.788,0.000,0.683,0.000,1743452,0,0,171452
3432,11.1713,1.751,1.661,1.653,0.000,0.334,0.000,1743912,0,0,171452
3433,11.1731,1.777,1.858,1.850,0.000,0.282,0.000,1770283,0,0,171452
3434,11.1749,1.769,1.750,1.742,0.000,0.283,0.000,1761150,0,0,171452
3435,11.1767,1.762,1.751,1.743,0.000,0.343,0.000,1754961,0,0,171452
3436,11.1785,1.805,1.778,1.769,0.000,0.296,0.000,1797453,0,0,171452
3437,11.1804,1.870,1.768,1.760,0.000,0.347,0.000,1862208,0,0,171452
3438,11.1836,1.943,1.762,1.754,0.000,0.318,0.000,1935667,0,0,171452
3439,11.1858,3.339,1.805,1.796,0.000,0.703,0.000,3330065,0,0,171452
3440,11.1879,2.149,1.870,1.861,0.000,0.502,0.000,2138624,0,0,171452
3441,11.1900,2.061,1.944,1.934,0.000,0.858,0.000,2053336,0,0,171452
3442,11.1922,2.247,3.340,3.329,0.000,0.412,0.000,2238801,0,0,171452
3443,11.1943,1.964,2.147,2.137,0.000,0.412,0.000,1956024,0,0,171452
3444,11.1962,2.095,2.061,2.052,0.000,0.421,0.000,2086316,0,0,171452
3445,11.1981,1.939,2.247,2.238,0.000,0.323,0.000,1930716,0,0,171452
3446,11.2000,1.879,1.965,1.955,0.000,0.398,0.000,1871479,0,0,171452
3447,11.2019,1.864,2.094,2.085,0.000,0.383,0.000,1856340,0,0,171452
3448,11.2036,1.872,1.939,1.930,0.000,0.315,0.000,1864641,0,0,171452
3449,11.2053,1.677,1.879,1.870,0.000,0.291,0.000,1669022,0,0,171452
3450,11.2070,1.730,1.863,1.855,0.000,0.263,0.000,1722881,0,0,171452
3451,11.2088,1.760,1.872,1.864,0.000,0.267,0.000,1753137,0,0,171452
3452,11.2114,1.657,1.676,1.668,0.000,0.350,0.000,1650312,0,0,171548
3453,11.2131,2.657,1.730,1.722,0.000,0.288,0.000,2650119,0,0,171452
3454,11.2148,1.701,1.760,1.752,0.000,0.645,0.000,1694138,0,0,171452
3455,11.2164,1.640,1.657,1.649,0.000,0.332,0.000,1633274,0,0,171452
3456,11.2180,1.584,2.657,2.649,0.000,0.631,0.000,1577360,0,0,171452
3457,11.2197,1.686,1.701,1.693,0.000,0.705,0.000,1679552,0,0,171452
3458,11.2215,1.673,1.639,1.632,0.000,0.515,0.000,1666569,0,0,171452
3459,11.2231,1.762,1.584,1.576,0.000,0.265,0.000,1755215,0,0,171452
3460,11.2248,1.641,1.686,1.679,0.000,0.338,0.000,1634296,0,0,171452
3461,11.2264,1.639,1.673,1.666,0.000,0.617,0.000,1633176,0,0,171452
3462,11.2280,1.612,1.762,1.754,0.000,0.638,0.000,1604946,0,0,171452
3463,11.2297,1.700,1.640,1.633,0.000,0.455,0.000,1693168,0,0,171452
3464,11.2314,1.647,1.641,1.632,0.000,0.492,0.000,1641320,0,0,171452
3465,11.2330,1.637,1.611,1.604,0.000,0.299,0.000,1630154,0,0,171452
3466,11.2357,1.691,1.699,1.692,0.000,0.315,0.000,1684822,0,0,171452
3467,11.2375,2.758,1.648,1.640,0.000,0.300,0.000,2751679,0,0,171452
3468,11.2391,1.680,1.637,1.629,0.000,0.290,0.000,1672489,0,0,171452
3469,11.2408,1.634,1.691,1.684,0.000,0.322,0.000,1627522,0,0,171452
3470,11.2427,1.710,2.759,2.750,0.000,0.584,0.000,1703148,0,0,171452
3471,11.2443,1.817,1.679,1.671,0.000,0.342,0.000,1809655,0,0,171452
3472,11.2461,1.654,1.634,1.626,0.000,0.287,0.000,1647350,0,0,171452
3473,11.2480,1.800,1.710,1.702,0.000,0.269,0.000,1793564,0,0,171452
3474,11.2496,1.835,1.817,1.809,0.000,0.634,0.000,1828293,0,0,171452
3475,11.2512,1.600,1.654,1.646,0.000,0.393,0.000,1593306,0,0,171452
3476,11.2530,1.588,1.800,1.793,0.000,0.597,0.000,1582171,0,0,171452
3477,11.2548,1.978,1.835,1.827,0.000,0.301,0.000,1971451,0,0,171452
3478,11.2567,1.800,1.599,1.592,0.000,0.323,0.000,1793729,0,0,171452
3479,11.2587,1.840,1.589,1.581,0.000,0.314,0.000,1832252,0,0,171452
3480,11.2616,2.052,1.978,1.970,0.000,0.659,0.000,2045827,0,0,171452
3481,11.2638,3.081,1.801,1.793,0.000,0.634,0.000,3071413,0,0,190543
3482,11.2660,2.131,1.839,1.831,0.000,0.463,0.000,2120457,0,0,171548
3483,11.2679,2.096,2.055,2.044,0.000,0.383,0.000,2086666,0,0,171452
3484,11.2703,1.900,3.082,3.070,0.000,0.367,0.000,1892143,0,0,171452
3485,11.2728,2.846,2.129,2.119,0.000,0.718,0.000,2839915,0,0,171452
3486,11.2747,2.078,2.095,2.085,0.000,0.328,0.000,2067016,0,0,171452
3487,11.2764,1.761,1.899,1.891,0.000,0.371,0.000,1753678,0,0,171452
3488,11.2780,1.690,2.851,2.839,0.000,0.724,0.000,1683125,0,0,171452
3489,11.2797,1.635,2.074,2.065,0.000,0.653,0.000,1628090,0,0,171452
3490,11.2817,1.627,1.760,1.753,0.000,0.636,0.000,1620430,0,0,171452
3491,11.2834,2.127,1.690,1.682,0.000,0.675,0.000,2120892,0,0,171452
3492,11.2853,1.765,1.635,1.627,0.000,0.522,0.000,1757816,0,0,171452
3493,11.2871,1.863,1.627,1.619,0.000,0.325,0.000,1851634,0,0,171452
3494,11.2898,2.736,2.128,2.120,0.000,0.487,0.000,2729058,0,0,171452
3495,11.2916,1.739,1.769,1.757,0.000,0.299,0.000,1732307,0,0,171452
3496,11.2933,1.719,1.859,1.850,0.000,0.312,0.000,1709995,0,0,171452
3497,11.2950,1.712,2.736,2.727,0.000,0.425,0.000,1703939,0,0,171452
3498,11.2968,1.854,1.742,1.731,0.000,0.419,0.000,1847647,0,0,171452
3499,11.2985,1.703,1.717,1.709,0.000,0.301,0.000,1696594,0,0,171452
3500,11.3000,1.565,1.710,1.703,0.000,0.621,0.000,1558468,0,0,171452
3501,11.3018,1.604,1.854,1.847,0.000,0.394,0.000,1597865,0,0,171452
3502,11.3034,1.741,1.703,1.695,0.000,0.642,0.000,1734124,0,0,171452
3503,11.3050,1.624,1.565,1.557,0.000,0.473,0.000,1617679,0,0,171452
3504,11.3066,1.588,1.604,1.597,0.000,0.287,0.000,1580976,0,0,171452
3505,11.3082,1.590,1.741,1.733,0.000,0.626,0.000,1583849,0,0,171452
3506,11.3098,1.626,1.624,1.617,0.000,0.564,0.000,1619753,0,0,171452
3507,11.3123,1.535,1.587,1.580,0.000,0.461,0.000,1528255,0,0,171452
3508,11.3140,2.542,1.590,1.583,0.000,0.274,0.000,2535428,0,0,171452
3509,11.3156,1.660,1.626,1.619,0.000,0.309,0.000,1652827,0,0,171452
3510,11.3172,1.613,1.535,1.527,0.000,0.608,0.000,1606296,0,0,171452
3511,11.3188,1.569,2.542,2.534,0.000,0.624,0.000,1562274,0,0,171452
3512,11.3205,1.727,1.660,1.652,0.000,0.619,0.000,1720939,0,0,171548
3513,11.3226,1.889,1.613,1.605,0.000,0.349,0.000,1882643,0,0,171452
3514,11.3243,1.865,1.568,1.561,0.000,0.330,0.000,1858248,0,0,171452
3515,11.3259,1.658,1.727,1.720,0.000,0.362,0.000,1650851,0,0,171452
3516,11.3276,1.632,1.890,1.882,0.000,0.623,0.000,1625345,0,0,171452
3517,11.3291,1.629,1.866,1.857,0.000,0.582,0.000,1622543,0,0,171452
3518,11.3308,1.608,1.658,1.650,0.000,0.313,0.000,1601342,0,0,171452
3519,11.3323,1.585,1.632,1.624,0.000,0.301,0.000,1578904,0,0,171452
3520,11.3339,1.566,1.629,1.621,0.000,0.634,0.000,1559511,0,0,171452
3521,11.3366,1.620,1.608,1.600,0.000,0.475,0.000,1614115,0,0,171452
3522,11.3383,2.691,1.585,1.578,0.000,0.367,0.000,2683874,0,0,171452
3523,11.3399,1.654,1.566,1.558,0.000,0.320,0.000,1647617,0,0,171452
3524,11.3417,1.686,1.621,1.613,0.000,0.290,0.000,1677769,0,0,171452
3525,11.3434,1.800,2.690,2.683,0.000,0.291,0.000,1793643,0,0,171452
3526,11.3450,1.606,1.656,1.646,0.000,0.314,0.000,1598786,0,0,171452
3527,11.3466,1.597,1.684,1.677,0.000,0.291,0.000,1590168,0,0,171452
3528,11.3482,1.634,1.801,1.792,0.000,0.248,0.000,1627517,0,0,171452
3529,11.3499,1.664,1.605,1.597,0.000,0.237,0.000,1656851,0,0,171452
3530,11.3515,1.620,1.597,1.589,0.000,0.329,0.000,1613473,0,0,171452
3531,11.3531,1.629,1.635,1.626,0.000,0.329,0.000,1622338,0,0,171452
3532,11.3548,1.676,1.663,1.656,0.000,0.284,0.000,1669344,0,0,171452
3533,11.3565,1.664,1.620,1.612,0.000,0.643,0.000,1656919,0,0,171452
3534,11.3580,1.604,1.629,1.621,0.000,0.619,0.000,1597394,0,0,171452
3535,11.3606,1.606,1.676,1.668,0.000,0.375,0.000,1600040,0,0,171452
3536,11.3627,2.717,1.663,1.656,0.000,0.288,0.000,2710723,0,0,171452
3537,11.3645,2.017,1.604,1.596,0.000,0.291,0.000,2009534,0,0,171452
3538,11.3661,1.708,1.606,1.599,0.000,0.319,0.000,1701139,0,0,171452
3539,11.3678,1.651,2.718,2.710,0.000,0.620,0.000,1645429,0,0,171452
3540,11.3694,1.638,2.016,2.008,0.000,0.613,0.000,1631166,0,0,171452
3541,11.3711,1.633,1.707,1.700,0.000,0.614,0.000,1626216,0,0,171452
3542,11.3730,1.912,1.652,1.644,0.000,0.446,0.000,1905389,0,0,171548
3543,11.3747,1.722,1.638,1.630,0.000,0.309,0.000,1714655,0,0,171452
3544,11.3764,1.669,1.633,1.625,0.000,0.294,0.000,1661697,0,0,171452
3545,11.3787,1.753,1.913,1.904,0.000,0.275,0.000,1746461,0,0,171452
3546,11.3807,2.568,1.722,1.713,0.000,0.267,0.000,2557151,0,0,171452
3547,11.3825,1.716,1.668,1.660,0.000,0.548,0.000,1709793,0,0,171452
3548,11.3842,1.788,1.757,1.745,0.000,0.339,0.000,1780605,0,0,171452
3549,11.3867,1.589,2.564,2.556,0.000,0.356,0.000,1581787,0,0,171452
3550,11.3884,2.624,1.717,1.709,0.000,0.283,0.000,2618316,0,0,171452
3551,11.3900,1.654,1.788,1.779,0.000,0.318,0.000,1646454,0,0,171452
3552,11.3917,1.611,1.588,1.580,0.000,0.275,0.000,1604321,0,0,171452
3553,11.3933,1.630,2.625,2.617,0.000,0.314,0.000,1623642,0,0,171594
3554,11.3949,1.637,1.653,1.645,0.000,0.331,0.000,1629935,0,0,171452
3555,11.3969,1.579,1.611,1.603,0.000,0.285,0.000,1571971,0,0,171452
3556,11.3994,2.458,1.631,1.623,0.000,0.293,0.000,2450957,0,0,171452
3557,11.4012,2.224,1.637,1.629,0.000,0.266,0.000,2214273,0,0,171452
3558,11.4028,1.669,1.579,1.571,0.000,0.265,0.000,1662290,0,0,171452
3559,11.4043,1.539,2.462,2.450,0.000,0.250,0.000,1532454,0,0,171452
3560,11.4061,1.672,2.219,2.212,0.000,0.246,0.000,1665476,0,0,171452
3561,11.4078,1.689,1.669,1.661,0.000,0.249,0.000,1682190,0,0,171452
3562,11.4094,1.667,1.539,1.531,0.000,0.328,0.000,1659919,0,0,171452
3563,11.4120,1.576,1.673,1.664,0.000,0.635,0.000,1569636,0,0,171452
3564,11.4138,2.709,1.689,1.681,0.000,0.418,0.000,2702624,0,0,171452
3565,11.4154,1.772,1.666,1.659,0.000,0.256,0.000,1765108,0,0,171452
3566,11.4170,1.558,1.576,1.568,0.000,0.283,0.000,1550449,0,0,171452
3567,11.4185,1.545,2.710,2.702,0.000,0.287,0.000,1537662,0,0,171452
3568,11.4201,1.557,1.773,1.764,0.000,0.237,0.000,1549848,0,0,171452
3569,11.4218,1.545,1.558,1.549,0.000,0.333,0.000,1537868,0,0,171452
3570,11.4233,1.713,1.545,1.537,0.000,0.269,0.000,1706695,0,0,171452
3571,11.4249,1.529,1.557,1.549,0.000,0.312,0.000,1522778,0,0,171452
3572,11.4265,1.591,1.544,1.537,0.000,0.291,0.000,1584537,0,0,171548
3573,11.4282,1.582,1.713,1.706,0.000,0.349,0.000,1575857,0,0,171452
3574,11.4297,1.691,1.529,1.522,0.000,0.270,0.000,1681822,0,0,171452
3575,11.4312,1.519,1.591,1.583,0.000,0.448,0.000,1512012,0,0,171452
3576,11.4328,1.546,1.585,1.575,0.000,0.606,0.000,1539209,0,0,171452
3577,11.4353,1.500,1.688,1.681,0.000,0.332,0.000,1493775,0,0,171452
3578,11.4372,2.738,1.519,1.511,0.000,0.451,0.000,2732461,0,0,171452
3579,11.4392,1.944,1.545,1.538,0.000,0.266,0.000,1936321,0,0,171452
3580,11.4412,1.940,1.500,1.493,0.000,0.317,0.000,1930494,0,0,171452
3581,11.4430,1.968,2.740,2.731,0.000,0.372,0.000,1959397,0,0,171452
3582,11.4449,1.816,1.946,1.935,0.000,0.718,0.000,1808392,0,0,171452
3583,11.4469,1.959,1.938,1.929,0.000,0.547,0.000,1951713,0,0,171452
3584,11.4488,1.920,1.968,1.958,0.000,0.319,0.000,1911678,0,0,171452
3585,11.4507,1.946,1.816,1.807,0.000,0.708,0.000,1938339,0,0,171452
3586,11.4526,1.870,1.960,1.951,0.000,0.349,0.000,1861512,0,0,171452
3587,11.4544,1.865,1.919,1.910,0.000,0.431,0.000,1858491,0,0,171452
3588,11.4563,1.836,1.947,1.937,0.000,0.340,0.000,1828748,0,0,171452
3589,11.4583,1.975,1.868,1.860,0.000,0.534,0.000,1968379,0,0,171452
3590,11.4603,2.034,1.866,1.857,0.000,0.311,0.000,2026289,0,0,171452
3591,11.4638,1.974,1.836,1.828,0.000,0.371,0.000,1965475,0,0,171452
3592,11.4660,3.571,1.976,1.967,0.000,0.501,0.000,3563404,0,0,171452
3593,11.4682,2.224,2.035,2.025,0.000,0.741,0.000,2214145,0,0,171452
3594,11.4702,2.131,1.973,1.964,0.000,0.714,0.000,2120038,0,0,171452
3595,11.4731,2.337,3.574,3.562,0.000,0.559,0.000,2329209,0,0,171452
3596,11.4755,2.655,2.224,2.213,0.000,0.382,0.000,2641720,0,0,171452
3597,11.4779,2.466,2.128,2.119,0.000,0.574,0.000,2456753,0,0,171452
3598,11.4803,2.586,2.342,2.328,0.000,0.898,0.000,2577053,0,0,171452
3599,11.4826,2.119,2.651,2.640,0.000,0.439,0.000,2109602,0,0,171452
3600,11.4846,2.192,2.465,2.455,0.000,0.789,0.000,2183273,0,0,171452
3601,11.4868,2.117,2.586,2.576,0.000,0.383,0.000,2108185,0,0,190543
3602,11.4886,1.992,2.119,2.108,0.000,0.385,0.000,1983534,0,0,171548
3603,11.4905,1.879,2.192,2.182,0.000,0.695,0.000,1871871,0,0,171452
3604,11.4923,1.838,2.117,2.107,0.000,0.731,0.000,1830079,0,0,171452
3605,11.4954,1.838,1.991,1.982,0.000,0.723,0.000,1831201,0,0,171452
3606,11.4976,3.304,1.879,1.871,0.000,0.703,0.000,3296213,0,0,171452
3607,11.5000,2.154,1.837,1.829,0.000,0.404,0.000,2144457,0,0,171452
3608,11.5023,2.420,1.839,1.830,0.000,0.426,0.000,2411325,0,0,171452
3609,11.5044,2.241,3.306,3.295,0.000,0.436,0.000,2232146,0,0,171452
3610,11.5063,1.944,2.153,2.143,0.000,0.467,0.000,1934832,0,0,171452
3611,11.5082,1.939,2.421,2.410,0.000,0.331,0.000,1929823,0,0,171452
3612,11.5100,1.854,2.241,2.230,0.000,0.315,0.000,1846142,0,0,171452
3613,11.5119,1.840,1.944,1.934,0.000,0.311,0.000,1832664,0,0,171452
3614,11.5136,1.786,1.937,1.928,0.000,0.308,0.000,1778407,0,0,171452
3615,11.5154,1.764,1.854,1.845,0.000,0.292,0.000,1756779,0,0,171452
3616,11.5171,1.754,1.840,1.831,0.000,0.353,0.000,1746286,0,0,171452
3617,11.5188,1.709,1.786,1.777,0.000,0.334,0.000,1700929,0,0,171452
3618,11.5206,1.741,1.764,1.755,0.000,0.325,0.000,1734340,0,0,171452
3619,11.5254,1.684,1.754,1.745,0.000,0.278,0.000,1676878,0,0,171452
3620,11.5278,5.167,1.708,1.700,0.000,0.313,0.000,5160442,0,0,171452
3621,11.5307,3.123,1.741,1.733,0.000,0.320,0.000,3114482,0,0,171452
3622,11.5325,1.929,1.684,1.676,0.000,0.343,0.000,1919388,0,0,171452
3623,11.5342,1.764,5.169,5.159,0.000,0.353,0.000,1756736,0,0,171452
3624,11.5360,1.787,3.124,3.113,0.000,0.411,0.000,1779470,0,0,171452
3625,11.5378,1.746,1.926,1.917,0.000,0.369,0.000,1738597,0,0,171452
3626,11.5395,1.760,1.764,1.755,0.000,0.357,0.000,1752796,0,0,171452
3627,11.5414,1.725,1.787,1.778,0.000,0.333,0.000,1716915,0,0,171452
3628,11.5432,1.918,1.746,1.738,0.000,0.364,0.000,1910803,0,0,171452
3629,11.5449,1.786,1.760,1.752,0.000,0.677,0.000,1777629,0,0,171452
3630,11.5466,1.712,1.724,1.716,0.000,0.654,0.000,1704858,0,0,171452
3631,11.5483,1.653,1.919,1.910,0.000,0.358,0.000,1645462,0,0,171452
3632,11.5500,1.688,1.784,1.776,0.000,0.273,0.000,1681294,0,0,171548
3633,11.5516,1.617,1.712,1.704,0.000,0.270,0.000,1610767,0,0,171452
3634,11.5541,1.612,1.652,1.644,0.000,0.257,0.000,1604886,0,0,171452
3635,11.5559,2.613,1.688,1.680,0.000,0.265,0.000,2606577,0,0,171452
3636,11.5575,1.727,1.617,1.610,0.000,0.246,0.000,1719952,0,0,171452
3637,11.5592,1.654,1.611,1.604,0.000,0.345,0.000,1646814,0,0,171452
3638,11.5608,1.645,2.614,2.605,0.000,0.377,0.000,1638086,0,0,171452
3639,11.5626,1.612,1.727,1.719,0.000,0.326,0.000,1604548,0,0,171452
3640,11.5643,1.806,1.654,1.646,0.000,0.508,0.000,1799803,0,0,171452
3641,11.5659,1.631,1.645,1.637,0.000,0.253,0.000,1623435,0,0,171452
3642,11.5675,1.643,1.611,1.603,0.000,0.306,0.000,1637026,0,0,171452
3643,11.5691,1.583,1.808,1.799,0.000,0.259,0.000,1576180,0,0,171452
3644,11.5706,1.567,1.630,1.622,0.000,0.346,0.000,1560078,0,0,171452
3645,11.5721,1.507,1.644,1.636,0.000,0.255,0.000,1501100,0,0,171452
3646,11.5737,1.563,1.583,1.575,0.000,0.242,0.000,1556699,0,0,171452
3647,11.5754,1.631,1.566,1.559,0.000,0.225,0.000,1624575,0,0,171452
3648,11.5782,1.715,1.507,1.500,0.000,0.255,0.000,1708049,0,0,171452
3649,11.5801,2.897,1.563,1.556,0.000,0.278,0.000,2889458,0,0,171452
3650,11.5825,1.965,1.632,1.623,0.000,0.357,0.000,1957035,0,0,171452
3651,11.5857,2.890,1.716,1.707,0.000,0.372,0.000,2881405,0,0,171452
3652,11.5883,3.130,2.897,2.888,0.000,0.784,0.000,3119306,0,0,171452
3653,11.5907,2.405,1.966,1.956,0.000,0.658,0.000,2394202,0,0,171452
3654,11.5927,2.176,2.893,2.880,0.000,0.423,0.000,2164433,0,0,171452
3655,11.5948,2.037,3.130,3.118,0.000,0.468,0.000,2028235,0,0,171452
3656,11.5970,2.147,2.406,2.393,0.000,0.803,0.000,2138575,0,0,171452
3657,11.5999,2.568,2.173,2.163,0.000,0.597,0.000,2560636,0,0,171452
3658,11.6024,2.656,2.036,2.027,0.000,0.360,0.000,2644087,0,0,171452
3659,11.6046,2.421,2.147,2.137,0.000,0.470,0.000,2408001,0,0,171452
3660,11.6068,2.130,2.573,2.559,0.000,0.415,0.000,2119448,0,0,171452
3661,11.6098,2.481,2.658,2.642,0.000,0.356,0.000,2470852,0,0,171452
3662,11.6143,3.011,2.418,2.406,0.000,0.324,0.000,2997658,0,0,171548
3663,11.6172,4.668,2.130,2.118,0.000,0.821,0.000,4657632,0,0,171452
3664,11.6195,2.503,2.484,2.469,0.000,0.349,0.000,2488777,0,0,171452
3665,11.6218,2.069,3.008,2.996,0.000,0.501,0.000,2058304,0,0,171452
3666,11.6238,2.447,4.671,4.656,0.000,0.430,0.000,2437559,0,0,171452
3667,11.6258,2.029,2.499,2.487,0.000,0.445,0.000,2019869,0,0,171452
3668,11.6277,1.885,2.068,2.057,0.000,0.348,0.000,1876561,0,0,171452
3669,11.6298,1.837,2.446,2.436,0.000,0.655,0.000,1829699,0,0,171452
3670,11.6319,2.134,2.028,2.018,0.000,0.339,0.000,2126411,0,0,171452
3671,11.6344,2.367,1.884,1.875,0.000,0.325,0.000,2357232,0,0,171452
3672,11.6375,2.734,1.837,1.829,0.000,0.330,0.000,2721340,0,0,171452
3673,11.6397,2.730,2.136,2.125,0.000,0.446,0.000,2718688,0,0,171452
3674,11.6422,2.172,2.370,2.356,0.000,0.506,0.000,2163181,0,0,171452
3675,11.6445,2.589,2.733,2.720,0.000,0.350,0.000,2580148,0,0,172012
3676,11.6480,2.469,2.727,2.717,0.000,0.342,0.000,2458538,0,0,171508
3677,11.6502,3.306,2.172,2.162,0.000,0.435,0.000,3297513,0,0,171452
3678,11.6524,2.210,2.590,2.578,0.000,0.329,0.000,2200101,0,0,171452
3679,11.6547,2.286,2.467,2.457,0.000,0.395,0.000,2276321,0,0,171452
3680,11.6571,2.331,3.307,3.296,0.000,0.381,0.000,2321258,0,0,171452
3681,11.6592,2.207,2.211,2.199,0.000,0.558,0.000,2197981,0,0,171452
3682,11.6617,2.095,2.286,2.274,0.000,0.560,0.000,2085469,0,0,171452
3683,11.6641,2.675,2.331,2.320,0.000,0.403,0.000,2665924,0,0,171452
3684,11.6663,2.190,2.207,2.196,0.000,0.857,0.000,2180334,0,0,171452
3685,11.6684,2.295,2.095,2.084,0.000,0.486,0.000,2286278,0,0,171452
3686,11.6704,1.994,2.676,2.665,0.000,0.388,0.000,1985043,0,0,171452
3687,11.6724,1.961,2.189,2.179,0.000,0.409,0.000,1952974,0,0,171452
3688,11.6743,1.973,2.295,2.285,0.000,0.318,0.000,1964939,0,0,171452
3689,11.6762,1.913,1.993,1.984,0.000,0.824,0.000,1905592,0,0,171452
3690,11.6795,3.159,1.961,1.952,0.000,0.647,0.000,3152146,0,0,171452
3691,11.6816,2.061,1.973,1.964,0.000,0.657,0.000,2051658,0,0,171452
3692,11.6838,2.233,1.913,1.904,0.000,0.740,0.000,2225182,0,0,171548
3693,11.6866,2.236,3.162,3.151,0.000,0.719,0.000,2228948,0,0,171452
3694,11.6916,4.015,2.059,2.050,0.000,0.508,0.000,4009163,0,0,171452
3695,11.6971,5.402,2.232,2.224,0.000,0.459,0.000,5385529,0,0,171594
3696,11.7022,5.637,2.236,2.228,0.000,0.781,0.000,5620872,0,0,171452
3697,11.7062,3.845,4.026,4.008,0.000,0.735,0.000,3828313,0,0,171452
3698,11.7096,4.304,5.402,5.383,0.000,0.742,0.000,4290516,0,0,171452
3699,11.7120,2.623,5.637,5.618,0.000,0.631,0.000,2605399,0,0,171452
3700,11.7142,2.297,3.842,3.825,0.000,0.493,0.000,2286333,0,0,171452
3701,11.7164,2.221,4.309,4.289,0.000,0.919,0.000,2212211,0,0,171452
3702,11.7186,2.113,2.615,2.603,0.000,0.784,0.000,2104678,0,0,171452
3703,11.7219,2.236,2.295,2.285,0.000,0.692,0.000,2227942,0,0,171452
3704,11.7242,3.314,2.220,2.210,0.000,0.752,0.000,3305872,0,0,171452
3705,11.7263,2.291,2.113,2.103,0.000,0.614,0.000,2281992,0,0,171452
3706,11.7283,2.063,2.236,2.227,0.000,0.387,0.000,2054258,0,0,171452
3707,11.7313,2.349,3.315,3.304,0.000,0.746,0.000,2341216,0,0,171452
3708,11.7338,3.143,2.290,2.280,0.000,0.702,0.000,3131239,0,0,171452
3709,11.7363,2.344,2.062,2.053,0.000,0.380,0.000,2335353,0,0,171452
3710,11.7382,2.104,2.353,2.340,0.000,0.404,0.000,2092557,0,0,171452
3711,11.7400,1.826,3.139,3.129,0.000,0.401,0.000,1818415,0,0,171452
3712,11.7419,1.802,2.347,2.334,0.000,0.346,0.000,1794187,0,0,171452
3713,11.7437,1.900,2.100,2.091,0.000,0.319,0.000,1892099,0,0,171452
3714,11.7455,1.835,1.826,1.817,0.000,0.719,0.000,1827762,0,0,171452
3715,11.7472,1.741,1.802,1.793,0.000,0.391,0.000,1734026,0,0,171452
3716,11.7489,1.720,1.900,1.891,0.000,0.328,0.000,1712518,0,0,171452
3717,11.7517,1.681,1.835,1.827,0.000,0.582,0.000,1674761,0,0,171452
3718,11.7535,2.870,1.741,1.733,0.000,0.291,0.000,2863345,0,0,171452
3719,11.7551,1.693,1.719,1.711,0.000,0.322,0.000,1684845,0,0,171452
3720,11.7568,1.639,1.682,1.674,0.000,0.309,0.000,1632141,0,0,171452
3721,11.7585,1.685,2.871,2.862,0.000,0.251,0.000,1677930,0,0,190543
3722,11.7600,1.604,1.692,1.684,0.000,0.256,0.000,1597311,0,0,171548
3723,11.7617,1.596,1.639,1.631,0.000,0.235,0.000,1588711,0,0,171452
3724,11.7637,1.665,1.685,1.677,0.000,0.243,0.000,1658290,0,0,171452
3725,11.7656,2.248,1.604,1.596,0.000,0.319,0.000,2242059,0,0,171452
3726,11.7674,1.780,1.595,1.588,0.000,0.270,0.000,1772700,0,0,171452
3727,11.7691,1.715,1.665,1.657,0.000,0.678,0.000,1708415,0,0,171452
3728,11.7707,1.679,2.249,2.241,0.000,0.281,0.000,1672317,0,0,171452
3729,11.7724,1.638,1.780,1.772,0.000,0.495,0.000,1630702,0,0,171452
3730,11.7739,1.564,1.716,1.707,0.000,0.316,0.000,1557172,0,0,171452
3731,11.7765,1.566,1.680,1.671,0.000,0.264,0.000,1559354,0,0,171452
3732,11.7783,2.711,1.637,1.630,0.000,0.238,0.000,2704616,0,0,171452
3733,11.7799,1.684,1.564,1.556,0.000,0.658,0.000,1676910,0,0,171452
3734,11.7816,1.607,1.566,1.558,0.000,0.667,0.000,1600218,0,0,171452
3735,11.7833,1.751,2.711,2.703,0.000,0.629,0.000,1744337,0,0,171452
3736,11.7851,1.795,1.683,1.676,0.000,0.606,0.000,1787939,0,0,171452
3737,11.7869,1.741,1.607,1.599,0.000,0.369,0.000,1733374,0,0,171452
3738,11.7886,1.772,1.751,1.743,0.000,0.335,0.000,1765147,0,0,171452
3739,11.7904,1.730,1.795,1.787,0.000,0.317,0.000,1722758,0,0,171452
3740,11.7922,1.765,1.741,1.732,0.000,0.332,0.000,1757208,0,0,171452
3741,11.7939,1.805,1.772,1.764,0.000,0.359,0.000,1797344,0,0,171452
3742,11.7956,1.708,1.730,1.722,0.000,0.438,0.000,1700462,0,0,171452
3743,11.7975,1.794,1.765,1.756,0.000,0.331,0.000,1785422,0,0,171452
3744,11.7993,1.855,1.805,1.796,0.000,0.352,0.000,1846674,0,0,171452
3745,11.8036,2.199,1.709,1.699,0.000,0.641,0.000,2191398,0,0,171452
3746,11.8056,4.075,1.794,1.784,0.000,0.367,0.000,4064220,0,0,171452
3747,11.8074,1.845,1.854,1.845,0.000,0.354,0.000,1836220,0,0,171452
3748,11.8091,1.717,2.202,2.190,0.000,0.389,0.000,1708836,0,0,171452
3749,11.8108,1.733,4.073,4.063,0.000,0.293,0.000,1725591,0,0,171452
3750,11.8125,1.723,1.844,1.835,0.000,0.251,0.000,1716591,0,0,171452
3751,11.8142,1.651,1.716,1.708,0.000,0.644,0.000,1644382,0,0,171452
3752,11.8158,1.663,1.732,1.724,0.000,0.627,0.000,1656748,0,0,171548
3753,11.8175,1.632,1.723,1.715,0.000,0.332,0.000,1625272,0,0,171452
3754,11.8191,1.634,1.651,1.643,0.000,0.637,0.000,1627980,0,0,171452
3755,11.8207,1.610,1.663,1.655,0.000,0.454,0.000,1602864,0,0,171452
3756,11.8224,1.588,1.632,1.624,0.000,0.284,0.000,1581129,0,0,171452
3757,11.8240,1.735,1.635,1.627,0.000,0.295,0.000,1728597,0,0,171452
3758,11.8256,1.612,1.610,1.602,0.000,0.273,0.000,1604711,0,0,171452
3759,11.8282,1.566,1.588,1.580,0.000,0.313,0.000,1559405,0,0,171452
3760,11.8299,2.678,1.736,1.728,0.000,0.254,0.000,2672356,0,0,171452
3761,11.8315,1.664,1.611,1.604,0.000,0.268,0.000,1657135,0,0,171452
3762,11.8331,1.583,1.566,1.558,0.000,0.290,0.000,1576131,0,0,171452
3763,11.8347,1.626,2.679,2.671,0.000,0.269,0.000,1618530,0,0,171452
3764,11.8363,1.549,1.664,1.656,0.000,0.287,0.000,1542746,0,0,171452
3765,11.8378,1.562,1.583,1.575,0.000,0.602,0.000,1555389,0,0,171452
3766,11.8394,1.585,1.625,1.617,0.000,0.605,0.000,1577960,0,0,171452
3767,11.8412,1.603,1.549,1.542,0.000,0.578,0.000,1596613,0,0,171452
3768,11.8429,1.797,1.562,1.554,0.000,0.338,0.000,1790616,0,0,171452
3769,11.8446,1.728,1.585,1.577,0.000,0.270,0.000,1718860,0,0,171452
3770,11.8463,1.693,1.603,1.595,0.000,0.338,0.000,1685652,0,0,171452
3771,11.8479,1.629,1.799,1.790,0.000,0.405,0.000,1622568,0,0,171452
3772,11.8495,1.634,1.726,1.718,0.000,0.276,0.000,1627642,0,0,171452
3773,11.8522,1.624,1.692,1.685,0.000,0.330,0.000,1617063,0,0,171452
3774,11.8539,2.737,1.629,1.621,0.000,0.287,0.000,2730614,0,0,171452
3775,11.8558,1.670,1.634,1.627,0.000,0.573,0.000,1663104,0,0,171452
3776,11.8576,2.005,1.624,1.616,0.000,0.302,0.000,1998064,0,0,171452
3777,11.8594,1.728,2.738,2.729,0.000,0.570,0.000,1720150,0,0,171452
3778,11.8612,1.749,1.669,1.662,0.000,0.668,0.000,1742592,0,0,171452
3779,11.8628,1.738,2.006,1.997,0.000,0.384,0.000,1731190,0,0,171452
3780,11.8645,1.669,1.726,1.719,0.000,0.283,0.000,1662121,0,0,171452
3781,11.8661,1.622,1.750,1.741,0.000,0.345,0.000,1615238,0,0,171452
3782,11.8677,1.656,1.738,1.730,0.000,0.316,0.000,1648652,0,0,171548
3783,11.8693,1.616,1.669,1.661,0.000,0.320,0.000,1609641,0,0,171452
3784,11.8709,1.605,1.622,1.614,0.000,0.263,0.000,1597773,0,0,171452
3785,11.8726,1.605,1.655,1.648,0.000,0.315,0.000,1598821,0,0,171452
3786,11.8742,1.629,1.617,1.609,0.000,0.265,0.000,1622015,0,0,171452
3787,11.8768,1.568,1.604,1.597,0.000,0.301,0.000,1561039,0,0,171452
3788,11.8791,3.082,1.605,1.598,0.000,0.257,0.000,3076104,0,0,171452
3789,11.8807,1.871,1.629,1.621,0.000,0.237,0.000,1859636,0,0,171452
3790,11.8823,1.551,1.567,1.560,0.000,0.278,0.000,1543691,0,0,171452
3791,11.8839,1.663,3.088,3.075,0.000,0.248,0.000,1657160,0,0,171452
3792,11.8857,1.684,1.865,1.857,0.000,0.253,0.000,1676754,0,0,171452
3793,11.8874,1.691,1.550,1.543,0.000,0.655,0.000,1684892,0,0,171452
3794,11.8890,1.659,1.665,1.656,0.000,0.577,0.000,1652194,0,0,171452
3795,11.8906,1.666,1.683,1.676,0.000,0.573,0.000,1658842,0,0,171452
3796,11.8922,1.590,1.692,1.684,0.000,0.582,0.000,1583372,0,0,171452
3797,11.8946,1.863,1.659,1.651,0.000,0.330,0.000,1857563,0,0,171452
3798,11.8969,2.508,1.665,1.658,0.000,0.251,0.000,2498198,0,0,171452
3799,11.8985,1.932,1.589,1.582,0.000,0.254,0.000,1921151,0,0,171452
3800,11.9002,1.627,1.868,1.856,0.000,0.261,0.000,1619449,0,0,171452
3801,11.9032,1.728,2.509,2.495,0.000,0.676,0.000,1721103,0,0,171452
3802,11.9051,3.101,1.927,1.918,0.000,0.611,0.000,3094126,0,0,171452
3803,11.9072,1.932,1.626,1.618,0.000,0.564,0.000,1924006,0,0,171452
3804,11.9091,2.116,1.728,1.720,0.000,0.593,0.000,2107787,0,0,171452
3805,11.9116,1.938,3.102,3.093,0.000,0.338,0.000,1930182,0,0,171452
3806,11.9136,2.525,1.932,1.923,0.000,0.359,0.000,2515139,0,0,171452
3807,11.9155,1.863,2.116,2.107,0.000,0.282,0.000,1855827,0,0,171452
3808,11.9173,1.861,1.941,1.929,0.000,0.305,0.000,1852618,0,0,171452
3809,11.9191,1.823,2.521,2.512,0.000,0.367,0.000,1815777,0,0,171452
3810,11.9208,1.762,1.863,1.855,0.000,0.350,0.000,1754683,0,0,171452
3811,11.9226,1.681,1.860,1.851,0.000,0.670,0.000,1673321,0,0,171452
3812,11.9242,1.788,1.823,1.815,0.000,0.290,0.000,1781249,0,0,171548
3813,11.9258,1.577,1.762,1.754,0.000,0.274,0.000,1570149,0,0,171452
3814,11.9274,1.592,1.680,1.672,0.000,0.251,0.000,1585444,0,0,171452
3815,11.9301,1.592,1.788,1.780,0.000,0.321,0.000,1585421,0,0,171452
3816,11.9318,2.793,1.577,1.569,0.000,0.256,0.000,2786593,0,0,171452
3817,11.9335,1.651,1.592,1.584,0.000,0.232,0.000,1642606,0,0,171452
3818,11.9351,1.628,1.592,1.584,0.000,0.267,0.000,1620307,0,0,171452
3819,11.9366,1.552,2.794,2.785,0.000,0.406,0.000,1545784,0,0,171452
3820,11.9381,1.539,1.650,1.641,0.000,0.286,0.000,1532995,0,0,171452
3821,11.9405,1.843,1.627,1.619,0.000,0.255,0.000,1836380,0,0,171452
3822,11.9424,2.303,1.552,1.545,0.000,0.251,0.000,2293332,0,0,171452
3823,11.9440,1.728,1.539,1.532,0.000,0.255,0.000,1721741,0,0,171452
3824,11.9456,1.610,1.847,1.835,0.000,0.606,0.000,1602886,0,0,171452
3825,11.9473,1.579,2.299,2.291,0.000,0.610,0.000,1572262,0,0,171452
3826,11.9488,1.617,1.728,1.721,0.000,0.594,0.000,1609745,0,0,171452
3827,11.9504,1.548,1.610,1.602,0.000,0.480,0.000,1541314,0,0,171452
3828,11.9519,1.548,1.579,1.571,0.000,0.591,0.000,1542197,0,0,171452
3829,11.9546,1.650,1.616,1.609,0.000,0.606,0.000,1644303,0,0,171452
3830,11.9563,2.674,1.547,1.540,0.000,0.575,0.000,2667767,0,0,171452
3831,11.9579,1.619,1.548,1.541,0.000,0.536,0.000,1612445,0,0,171452
3832,11.9595,1.603,1.651,1.643,0.000,0.448,0.000,1596937,0,0,171452
3833,11.9612,1.548,2.674,2.667,0.000,0.256,0.000,1541707,0,0,171452
3834,11.9629,1.804,1.619,1.611,0.000,0.254,0.000,1797720,0,0,171452
3835,11.9645,1.625,1.603,1.596,0.000,0.262,0.000,1618406,0,0,171452
3836,11.9660,1.570,1.548,1.540,0.000,0.298,0.000,1563323,0,0,171452
3837,11.9677,1.634,1.805,1.797,0.000,0.249,0.000,1627975,0,0,171452
3838,11.9695,1.726,1.625,1.617,0.000,0.238,0.000,1719529,0,0,171452
3839,11.9712,1.726,1.570,1.562,0.000,0.296,0.000,1717732,0,0,171452
3840,11.9730,1.749,1.635,1.627,0.000,0.351,0.000,1742544,0,0,171452
3841,11.9750,1.894,1.727,1.718,0.000,0.272,0.000,1887616,0,0,190543
3842,11.9768,1.950,1.725,1.717,0.000,0.288,0.000,1940799,0,0,171548
3843,11.9797,2.851,1.750,1.741,0.000,0.346,0.000,2843393,0,0,171452
3844,11.9816,1.809,1.897,1.886,0.000,0.295,0.000,1801624,0,0,171452
3845,11.9832,1.812,1.948,1.940,0.000,0.298,0.000,1805153,0,0,171452
3846,11.9849,1.649,2.851,2.842,0.000,0.656,0.000,1642805,0,0,171452
3847,11.9866,1.726,1.808,1.800,0.000,0.604,0.000,1720175,0,0,171594
3848,11.9882,1.642,1.812,1.804,0.000,0.583,0.000,1635657,0,0,171452
3849,11.9899,1.611,1.649,1.642,0.000,0.320,0.000,1603620,0,0,171452
3850,11.9916,1.715,1.727,1.719,0.000,0.293,0.000,1707495,0,0,171452
3851,11.9933,1.649,1.643,1.635,0.000,0.310,0.000,1640871,0,0,171452
3852,11.9960,2.157,1.611,1.602,0.000,0.391,0.000,2150079,0,0,171452
3853,11.9984,2.833,1.716,1.706,0.000,0.261,0.000,2804433,0,0,171452
3854,12.0004,1.954,1.648,1.639,0.000,0.370,0.000,1946073,0,0,171452
3855,12.0024,2.020,2.179,2.149,0.000,0.483,0.000,2012347,0,0,171452
3856,12.0042,1.951,2.812,2.802,0.000,0.435,0.000,1943848,0,0,171452
3857,12.0074,2.959,1.954,1.945,0.000,0.372,0.000,2950890,0,0,171452
3858,12.0094,2.103,2.019,2.011,0.000,0.338,0.000,2094099,0,0,171452
3859,12.0115,2.012,1.952,1.943,0.000,0.569,0.000,2003460,0,0,171452
3860,12.0135,2.118,2.960,2.950,0.000,0.292,0.000,2109526,0,0,171452
3861,12.0155,1.979,2.102,2.093,0.000,0.712,0.000,1970906,0,0,171452
3862,12.0175,2.043,2.012,2.002,0.000,0.560,0.000,2034499,0,0,171452
3863,12.0196,2.109,2.118,2.108,0.000,0.471,0.000,2100249,0,0,171452
3864,12.0222,2.320,1.979,1.969,0.000,0.395,0.000,2312189,0,0,171452
3865,12.0246,2.449,2.044,2.033,0.000,0.701,0.000,2440628,0,0,171452
3866,12.0269,2.452,2.108,2.098,0.000,0.536,0.000,2441784,0,0,171452
3867,12.0290,2.126,2.320,2.311,0.000,0.444,0.000,2116578,0,0,171452
3868,12.0310,2.017,2.451,2.439,0.000,0.426,0.000,2007558,0,0,171452
3869,12.0328,1.936,2.452,2.440,0.000,0.729,0.000,1927938,0,0,171452
3870,12.0347,1.822,2.125,2.115,0.000,0.673,0.000,1813021,0,0,171452
3871,12.0378,2.997,2.016,2.006,0.000,0.366,0.000,2989539,0,0,171452
3872,12.0397,1.997,1.937,1.927,0.000,0.295,0.000,1988538,0,0,171548
3873,12.0418,1.921,1.821,1.811,0.000,0.305,0.000,1912857,0,0,171452
3874,12.0444,2.214,2.998,2.988,0.000,0.306,0.000,2206385,0,0,171452
3875,12.0463,2.563,1.997,1.987,0.000,0.382,0.000,2551401,0,0,171452
3876,12.0489,2.210,1.920,1.911,0.000,0.309,0.000,2202401,0,0,171452
3877,12.0506,2.144,2.220,2.205,0.000,0.320,0.000,2132588,0,0,171452
3878,12.0523,1.684,2.558,2.548,0.000,0.316,0.000,1676690,0,0,171452
3879,12.0542,1.671,2.214,2.201,0.000,0.685,0.000,1664616,0,0,171452
3880,12.0560,1.958,2.139,2.131,0.000,0.396,0.000,1949843,0,0,171452
3881,12.0583,2.155,1.683,1.676,0.000,0.305,0.000,2147187,0,0,171452
3882,12.0604,2.138,1.673,1.663,0.000,0.725,0.000,2126666,0,0,171452
3883,12.0625,1.963,1.958,1.948,0.000,0.732,0.000,1954821,0,0,171452
3884,12.0642,1.999,2.158,2.146,0.000,0.445,0.000,1991207,0,0,171452
3885,12.0673,2.903,2.134,2.125,0.000,0.358,0.000,2895171,0,0,171452
3886,12.0692,1.957,1.963,1.954,0.000,0.360,0.000,1949406,0,0,171452
3887,12.0712,2.002,1.999,1.990,0.000,0.338,0.000,1994757,0,0,171452
3888,12.0731,1.943,2.903,2.894,0.000,0.322,0.000,1934732,0,0,171452
3889,12.0749,1.796,1.957,1.948,0.000,0.690,0.000,1787981,0,0,171452
3890,12.0767,1.846,2.003,1.994,0.000,0.766,0.000,1839095,0,0,171452
3891,12.0789,1.997,1.942,1.934,0.000,0.614,0.000,1989584,0,0,171452
3892,12.0807,1.967,1.795,1.787,0.000,0.337,0.000,1956734,0,0,171452
3893,12.0829,1.863,1.846,1.838,0.000,0.292,0.000,1855344,0,0,171452
3894,12.0852,2.444,2.000,1.988,0.000,0.293,0.000,2436255,0,0,171452
3895,12.0877,2.431,1.964,1.955,0.000,0.522,0.000,2422344,0,0,171452
3896,12.0899,2.325,1.864,1.854,0.000,0.402,0.000,2314687,0,0,171452
3897,12.0919,2.021,2.445,2.435,0.000,0.572,0.000,2011559,0,0,171452
3898,12.0938,1.970,2.432,2.421,0.000,0.348,0.000,1960688,0,0,171452
3899,12.0996,5.322,2.324,2.313,0.000,0.736,0.000,5313919,0,0,171452
3900,12.1030,3.454,2.020,2.010,0.000,0.295,0.000,3444214,0,0,171452
3901,12.1054,2.669,1.969,1.960,0.000,0.396,0.000,2657390,0,0,171452
3902,12.1074,2.136,5.326,5.313,0.000,0.345,0.000,2125632,0,0,171548
3903,12.1093,1.964,3.456,3.442,0.000,0.443,0.000,1955119,0,0,171452
3904,12.1112,1.863,2.667,2.654,0.000,0.327,0.000,1854184,0,0,171452
3905,12.1133,2.021,2.134,2.124,0.000,0.321,0.000,2011947,0,0,171452
3906,12.1152,1.967,1.964,1.954,0.000,0.315,0.000,1958229,0,0,171452
3907,12.1173,2.051,1.863,1.853,0.000,0.339,0.000,2042675,0,0,171452
3908,12.1194,2.116,2.021,2.010,0.000,0.371,0.000,2106365,0,0,171452
3909,12.1217,2.136,1.967,1.957,0.000,0.393,0.000,2126942,0,0,171452
3910,12.1238,2.249,2.053,2.041,0.000,0.743,0.000,2240386,0,0,171452
3911,12.1256,1.972,2.115,2.105,0.000,0.595,0.000,1962995,0,0,171452
3912,12.1275,1.829,2.135,2.126,0.000,0.357,0.000,1821410,0,0,171452
3913,12.1314,1.928,2.249,2.239,0.000,0.322,0.000,1920262,0,0,171452
3914,12.1340,4.401,1.971,1.962,0.000,0.287,0.000,4392795,0,0,171452
3915,12.1361,2.197,1.829,1.820,0.000,0.338,0.000,2186437,0,0,171452
3916,12.1380,1.969,1.929,1.919,0.000,0.444,0.000,1960423,0,0,171452
3917,12.1400,1.956,4.403,4.391,0.000,0.377,0.000,1947136,0,0,171452
3918,12.1419,1.829,2.195,2.185,0.000,0.403,0.000,1820413,0,0,171452
3919,12.1438,1.999,1.969,1.959,0.000,0.332,0.000,1992115,0,0,171452
3920,12.1455,1.834,1.956,1.946,0.000,0.321,0.000,1824226,0,0,171452
3921,12.1472,1.671,1.828,1.819,0.000,0.538,0.000,1663686,0,0,171452
3922,12.1489,1.666,2.002,1.991,0.000,0.296,0.000,1658297,0,0,171452
3923,12.1507,1.667,1.831,1.823,0.000,0.263,0.000,1660061,0,0,171452
3924,12.1524,1.859,1.671,1.663,0.000,0.250,0.000,1852030,0,0,180254
3925,12.1540,1.638,1.665,1.657,0.000,0.280,0.000,1624116,0,0,171254
3926,12.1557,1.645,1.667,1.659,0.000,0.350,0.000,1638121,0,0,171254
3927,12.1584,1.765,1.866,1.851,0.000,0.276,0.000,1758654,0,0,171254
3928,12.1602,2.744,1.631,1.623,0.000,0.251,0.000,2736204,0,0,171254
3929,12.1620,1.711,1.645,1.637,0.000,0.523,0.000,1703998,0,0,171254
3930,12.1636,1.813,1.766,1.758,0.000,0.268,0.000,1806434,0,0,171254
3931,12.1652,1.571,2.743,2.735,0.000,0.253,0.000,1564425,0,0,171254
3932,12.1668,1.616,1.711,1.703,0.000,0.293,0.000,1609020,0,0,171350
3933,12.1684,1.560,1.813,1.805,0.000,0.248,0.000,1553640,0,0,171254
3934,12.1699,1.533,1.571,1.563,0.000,0.338,0.000,1526095,0,0,171254
3935,12.1714,1.529,1.616,1.608,0.000,0.288,0.000,1522561,0,0,171254
3936,12.1730,1.529,1.560,1.553,0.000,0.266,0.000,1522619,0,0,171254
3937,12.1746,1.552,1.533,1.525,0.000,0.265,0.000,1545935,0,0,171254
3938,12.1761,1.560,1.529,1.522,0.000,0.256,0.000,1553469,0,0,171254
3939,12.1776,1.508,1.529,1.522,0.000,0.261,0.000,1501245,0,0,171254
3940,12.1791,1.532,1.552,1.545,0.000,0.250,0.000,1525137,0,0,171254
3941,12.1818,1.546,1.560,1.552,0.000,0.258,0.000,1538922,0,0,171254
3942,12.1839,2.869,1.508,1.500,0.000,0.244,0.000,2863154,0,0,171254
3943,12.1856,2.038,1.532,1.524,0.000,0.243,0.000,2030128,0,0,171254
3944,12.1874,1.699,1.546,1.538,0.000,0.395,0.000,1691263,0,0,171254
3945,12.1892,1.782,2.871,2.862,0.000,0.381,0.000,1774113,0,0,171254
3946,12.1910,1.853,2.038,2.029,0.000,0.384,0.000,1846182,0,0,171254
3947,12.1931,1.887,1.699,1.690,0.000,0.701,0.000,1878594,0,0,171254
3948,12.1950,2.030,1.781,1.773,0.000,0.712,0.000,2022315,0,0,171254
3949,12.1968,1.880,1.854,1.845,0.000,0.612,0.000,1872422,0,0,171254
3950,12.1986,1.769,1.886,1.877,0.000,0.490,0.000,1761657,0,0,171254
3951,12.2002,1.690,2.030,2.021,0.000,0.301,0.000,1682981,0,0,171254
3952,12.2022,1.756,1.880,1.871,0.000,0.297,0.000,1748829,0,0,171254
3953,12.2040,1.920,1.769,1.760,0.000,0.262,0.000,1912506,0,0,171254
3954,12.2059,1.935,1.690,1.682,0.000,0.393,0.000,1926603,0,0,171254
3955,12.2088,1.795,1.756,1.748,0.000,0.290,0.000,1786408,0,0,171254
3956,12.2106,2.955,1.921,1.911,0.000,0.350,0.000,2947635,0,0,171254
3957,12.2131,1.939,1.935,1.925,0.000,0.677,0.000,1931590,0,0,171254
3958,12.2150,2.485,1.794,1.785,0.000,0.754,0.000,2475235,0,0,171254
3959,12.2167,1.710,2.956,2.947,0.000,0.511,0.000,1703331,0,0,171254
3960,12.2183,1.603,1.942,1.930,0.000,0.318,0.000,1596001,0,0,171254
3961,12.2200,1.661,2.482,2.474,0.000,0.646,0.000,1654387,0,0,190373
3962,12.2222,1.648,1.710,1.702,0.000,0.324,0.000,1641147,0,0,171350
3963,12.2240,2.398,1.603,1.595,0.000,0.624,0.000,2391522,0,0,171254
3964,12.2257,1.691,1.661,1.653,0.000,0.415,0.000,1684068,0,0,171254
3965,12.2273,1.602,1.647,1.640,0.000,0.622,0.000,1594827,0,0,171254
3966,12.2290,1.633,2.399,2.390,0.000,0.595,0.000,1626875,0,0,171254
3967,12.2306,1.683,1.691,1.683,0.000,0.321,0.000,1675789,0,0,171254
3968,12.2332,1.614,1.601,1.594,0.000,0.640,0.000,1607497,0,0,171254
3969,12.2350,2.680,1.634,1.626,0.000,0.632,0.000,2674261,0,0,171254
3970,12.2366,1.706,1.682,1.675,0.000,0.412,0.000,1699136,0,0,171254
3971,12.2382,1.595,1.614,1.607,0.000,0.265,0.000,1587584,0,0,171254
3972,12.2399,1.643,2.681,2.673,0.000,0.607,0.000,1636607,0,0,171814
3973,12.2416,1.657,1.707,1.698,0.000,0.336,0.000,1649971,0,0,171310
3974,12.2432,1.718,1.594,1.586,0.000,0.645,0.000,1711390,0,0,171254
3975,12.2449,1.693,1.644,1.636,0.000,0.620,0.000,1685996,0,0,171254
3976,12.2468,1.801,1.657,1.649,0.000,0.629,0.000,1793831,0,0,171254
3977,12.2484,1.687,1.718,1.710,0.000,0.718,0.000,1680311,0,0,171254
3978,12.2502,1.715,1.693,1.685,0.000,0.391,0.000,1708231,0,0,171254
3979,12.2519,1.733,1.801,1.793,0.000,0.311,0.000,1726170,0,0,171254
3980,12.2535,1.657,1.687,1.679,0.000,0.328,0.000,1650295,0,0,171254
3981,12.2552,1.682,1.715,1.707,0.000,0.295,0.000,1674729,0,0,171254
3982,12.2580,1.719,1.733,1.725,0.000,0.493,0.000,1711830,0,0,171254
3983,12.2600,2.926,1.657,1.649,0.000,0.293,0.000,2918845,0,0,171254
3984,12.2620,1.930,1.682,1.674,0.000,0.289,0.000,1919075,0,0,171254
3985,12.2637,1.884,1.719,1.711,0.000,0.490,0.000,1876108,0,0,171254
3986,12.2655,1.762,2.930,2.918,0.000,0.320,0.000,1753752,0,0,171254
3987,12.2672,1.718,1.926,1.917,0.000,0.446,0.000,1711151,0,0,171254
3988,12.2689,1.730,1.884,1.875,0.000,0.284,0.000,1723765,0,0,171254
3989,12.2707,1.739,1.761,1.753,0.000,0.281,0.000,1731265,0,0,171254
3990,12.2725,1.784,1.718,1.710,0.000,0.265,0.000,1776869,0,0,171254
3991,12.2746,1.864,1.731,1.723,0.000,0.276,0.000,1856633,0,0,171254
3992,12.2763,2.010,1.739,1.730,0.000,0.396,0.000,2002847,0,0,171350
3993,12.2780,1.670,1.784,1.776,0.000,0.427,0.000,1662898,0,0,171254
3994,12.2801,2.028,1.864,1.855,0.000,0.431,0.000,2021528,0,0,171254
3995,12.2827,2.040,2.009,2.002,0.000,0.319,0.000,2012162,0,0,171254
3996,12.2858,2.570,1.670,1.662,0.000,0.288,0.000,2561573,0,0,171254
3997,12.2879,3.114,2.051,2.020,0.000,0.631,0.000,3105637,0,0,171254
3998,12.2898,1.995,2.020,2.010,0.000,0.348,0.000,1986178,0,0,171254
3999,12.2918,1.914,2.570,2.560,0.000,0.524,0.000,1905938,0,0,171254
4000,12.2936,1.952,3.114,3.104,0.000,0.369,0.000,1943862,0,0,171254
4001,12.2955,1.831,1.995,1.985,0.000,0.663,0.000,1822902,0,0,171254
4002,12.2975,1.856,1.914,1.905,0.000,0.701,0.000,1848880,0,0,171254
4003,12.2994,1.993,1.952,1.943,0.000,0.658,0.000,1984963,0,0,171254
4004,12.3014,1.927,1.830,1.822,0.000,0.365,0.000,1919354,0,0,171254
4005,12.3033,2.037,1.857,1.848,0.000,0.341,0.000,2028849,0,0,171254
4006,12.3058,1.933,1.993,1.984,0.000,0.337,0.000,1924547,0,0,171254
4007,12.3079,2.636,1.927,1.918,0.000,0.308,0.000,2626471,0,0,171254
4008,12.3099,1.943,2.037,2.027,0.000,0.314,0.000,1934728,0,0,171254
4009,12.3117,1.881,1.934,1.923,0.000,0.360,0.000,1873477,0,0,171254
4010,12.3145,1.835,2.635,2.625,0.000,0.401,0.000,1826972,0,0,171254
4011,12.3163,2.809,1.942,1.933,0.000,0.326,0.000,2801954,0,0,171254
4012,12.3181,1.787,1.881,1.872,0.000,0.347,0.000,1779310,0,0,171254
4013,12.3198,1.751,1.834,1.826,0.000,0.295,0.000,1743470,0,0,171254
4014,12.3217,1.729,2.809,2.801,0.000,0.280,0.000,1722312,0,0,171254
4015,12.3233,1.825,1.786,1.778,0.000,0.359,0.000,1817100,0,0,171254
4016,12.3250,1.632,1.750,1.742,0.000,0.318,0.000,1623547,0,0,171254
4017,12.3267,1.659,1.730,1.721,0.000,0.653,0.000,1651294,0,0,171254
4018,12.3284,1.772,1.825,1.816,0.000,0.338,0.000,1764996,0,0,171254
4019,12.3302,1.711,1.631,1.622,0.000,0.644,0.000,1703633,0,0,171254
4020,12.3319,1.774,1.658,1.650,0.000,0.320,0.000,1766936,0,0,171254
4021,12.3338,1.787,1.773,1.764,0.000,0.320,0.000,1779169,0,0,171254
4022,12.3356,1.901,1.711,1.703,0.000,0.326,0.000,1890803,0,0,171350
4023,12.3375,1.783,1.775,1.766,0.000,0.452,0.000,1775564,0,0,171254
4024,12.3405,1.900,1.789,1.778,0.000,0.342,0.000,1890282,0,0,171254
4025,12.3425,3.024,1.898,1.889,0.000,0.473,0.000,3014361,0,0,171254
4026,12.3442,1.920,1.785,1.774,0.000,0.478,0.000,1910042,0,0,171254
4027,12.3459,1.693,1.900,1.889,0.000,0.457,0.000,1685465,0,0,171254
4028,12.3476,1.672,3.024,3.013,0.000,0.346,0.000,1664519,0,0,171254
4029,12.3492,1.678,1.918,1.909,0.000,0.290,0.000,1670659,0,0,171254
4030,12.3512,1.788,1.692,1.684,0.000,0.281,0.000,1781909,0,0,171254
4031,12.3528,1.799,1.672,1.663,0.000,0.286,0.000,1788099,0,0,171254
4032,12.3543,1.564,1.677,1.670,0.000,0.289,0.000,1556873,0,0,171254
4033,12.3559,1.525,1.792,1.781,0.000,0.258,0.000,1518546,0,0,171254
4034,12.3575,1.638,1.795,1.787,0.000,0.249,0.000,1630792,0,0,171254
4035,12.3592,1.627,1.564,1.556,0.000,0.238,0.000,1620190,0,0,171254
4036,12.3608,1.634,1.525,1.517,0.000,0.249,0.000,1627314,0,0,171254
4037,12.3626,1.652,1.638,1.630,0.000,0.325,0.000,1645594,0,0,171254
4038,12.3651,1.725,1.627,1.619,0.000,0.357,0.000,1718130,0,0,171254
4039,12.3668,2.599,1.634,1.626,0.000,0.669,0.000,2591918,0,0,171254
4040,12.3683,1.582,1.652,1.644,0.000,0.601,0.000,1575193,0,0,171254
4041,12.3699,1.541,1.725,1.717,0.000,0.511,0.000,1529200,0,0,171254
4042,12.3714,1.538,2.598,2.591,0.000,0.318,0.000,1531636,0,0,171254
4043,12.3730,1.579,1.587,1.574,0.000,0.601,0.000,1572118,0,0,171254
4044,12.3746,1.608,1.536,1.528,0.000,0.381,0.000,1601157,0,0,171254
4045,12.3762,1.596,1.538,1.531,0.000,0.613,0.000,1589621,0,0,171254
4046,12.3777,1.577,1.579,1.571,0.000,0.613,0.000,1570174,0,0,171254
4047,12.3793,1.534,1.607,1.600,0.000,0.341,0.000,1527356,0,0,171254
4048,12.3809,1.575,1.596,1.588,0.000,0.627,0.000,1569305,0,0,171254
4049,12.3826,1.593,1.577,1.569,0.000,0.470,0.000,1586768,0,0,171254
4050,12.3842,1.726,1.533,1.526,0.000,0.325,0.000,1719084,0,0,171254
4051,12.3858,1.593,1.576,1.568,0.000,0.302,0.000,1586394,0,0,171254
4052,12.3884,1.596,1.593,1.586,0.000,0.277,0.000,1589095,0,0,171350
4053,12.3900,2.596,1.726,1.718,0.000,0.623,0.000,2589545,0,0,171254
4054,12.3916,1.588,1.593,1.585,0.000,0.587,0.000,1581094,0,0,171254
4055,12.3931,1.555,1.596,1.588,0.000,0.599,0.000,1549104,0,0,171254
4056,12.3948,1.626,2.596,2.589,0.000,0.569,0.000,1618828,0,0,171254
4057,12.3964,1.629,1.588,1.580,0.000,0.335,0.000,1621829,0,0,171254
4058,12.3980,1.610,1.556,1.548,0.000,0.280,0.000,1603731,0,0,171254
4059,12.3996,1.589,1.626,1.618,0.000,0.572,0.000,1582211,0,0,171254
4060,12.4012,1.550,1.628,1.621,0.000,0.324,0.000,1543991,0,0,171254
4061,12.4029,1.721,1.610,1.603,0.000,0.251,0.000,1714315,0,0,171254
4062,12.4044,1.595,1.589,1.581,0.000,0.629,0.000,1587342,0,0,171254
4063,12.4059,1.527,1.550,1.543,0.000,0.573,0.000,1521417,0,0,171254
4064,12.4074,1.513,1.721,1.713,0.000,0.575,0.000,1506782,0,0,171254
4065,12.4090,1.527,1.593,1.586,0.000,0.494,0.000,1520713,0,0,171254
4066,12.4118,1.823,1.528,1.520,0.000,0.433,0.000,1816535,0,0,171254
4067,12.4135,2.615,1.513,1.506,0.000,0.398,0.000,2608239,0,0,171254
4068,12.4153,1.820,1.527,1.520,0.000,0.260,0.000,1813437,0,0,171254
4069,12.4169,1.617,1.823,1.816,0.000,0.471,0.000,1609674,0,0,171254
4070,12.4185,1.603,2.615,2.607,0.000,0.257,0.000,1596298,0,0,171254
4071,12.4202,1.688,1.820,1.812,0.000,0.574,0.000,1682160,0,0,171254
4072,12.4219,1.622,1.616,1.609,0.000,0.312,0.000,1615488,0,0,171254
4073,12.4235,1.685,1.602,1.595,0.000,0.326,0.000,1678602,0,0,171254
4074,12.4250,1.538,1.688,1.681,0.000,0.272,0.000,1531682,0,0,171254
4075,12.4266,1.600,1.622,1.614,0.000,0.267,0.000,1593912,0,0,171254
4076,12.4282,1.558,1.685,1.678,0.000,0.240,0.000,1551590,0,0,171254
4077,12.4297,1.562,1.538,1.531,0.000,0.240,0.000,1555299,0,0,171254
4078,12.4312,1.531,1.601,1.593,0.000,0.357,0.000,1525224,0,0,171254
4079,12.4328,1.524,1.558,1.551,0.000,0.255,0.000,1517563,0,0,171254
4080,12.4355,1.603,1.561,1.554,0.000,0.245,0.000,1596522,0,0,171254
4081,12.4373,2.804,1.532,1.524,0.000,0.235,0.000,2796997,0,0,190345
4082,12.4397,1.896,1.524,1.516,0.000,0.603,0.000,1889293,0,0,171350
4083,12.4419,2.495,1.603,1.595,0.000,0.652,0.000,2484790,0,0,171254
4084,12.4436,1.936,2.804,2.796,0.000,0.346,0.000,1928030,0,0,171254
4085,12.4455,1.678,1.899,1.888,0.000,0.308,0.000,1670712,0,0,171254
4086,12.4471,1.874,2.492,2.483,0.000,0.277,0.000,1867387,0,0,171254
4087,12.4488,1.647,1.935,1.927,0.000,0.241,0.000,1641052,0,0,171254
4088,12.4503,1.607,1.677,1.670,0.000,0.248,0.000,1600126,0,0,171254
4089,12.4520,1.588,1.874,1.866,0.000,0.236,0.000,1576272,0,0,171254
4090,12.4537,1.754,1.648,1.640,0.000,0.240,0.000,1747947,0,0,171254
4091,12.4552,1.579,1.611,1.599,0.000,0.229,0.000,1571486,0,0,171254
4092,12.4568,1.573,1.583,1.575,0.000,0.314,0.000,1565954,0,0,171254
4093,12.4584,1.569,1.755,1.747,0.000,0.247,0.000,1562609,0,0,171254
4094,12.4612,2.601,1.578,1.570,0.000,0.243,0.000,2594660,0,0,171254
4095,12.4628,1.784,1.573,1.565,0.000,0.251,0.000,1776659,0,0,171254
4096,12.4643,1.552,1.569,1.562,0.000,0.463,0.000,1544655,0,0,171254
4097,12.4659,1.544,2.602,2.594,0.000,0.296,0.000,1530843,0,0,171254
4098,12.4675,1.580,1.784,1.775,0.000,0.253,0.000,1573892,0,0,171254
4099,12.4695,1.604,1.558,1.543,0.000,0.230,0.000,1597582,0,0,171254
4100,12.4713,2.076,1.537,1.529,0.000,0.546,0.000,2069248,0,0,171254
4101,12.4730,1.844,1.581,1.573,0.000,0.622,0.000,1837286,0,0,171254
4102,12.4746,1.662,1.604,1.597,0.000,0.617,0.000,1656082,0,0,171254
4103,12.4762,1.606,2.076,2.068,0.000,0.623,0.000,1598396,0,0,171254
4104,12.4778,1.582,1.843,1.836,0.000,0.546,0.000,1575209,0,0,171254
4105,12.4794,1.571,1.664,1.655,0.000,0.267,0.000,1564715,0,0,171254
4106,12.4812,1.629,1.605,1.597,0.000,0.243,0.000,1622270,0,0,171254
4107,12.4829,1.813,1.582,1.574,0.000,0.241,0.000,1805581,0,0,171254
4108,12.4856,2.702,1.571,1.564,0.000,0.337,0.000,2695358,0,0,171254
4109,12.4872,1.636,1.629,1.621,0.000,0.269,0.000,1628639,0,0,171254
4110,12.4888,1.594,1.812,1.804,0.000,0.646,0.000,1587215,0,0,171254
4111,12.4904,1.604,2.703,2.694,0.000,0.585,0.000,1597165,0,0,171254
4112,12.4920,1.653,1.635,1.628,0.000,0.644,0.000,1646283,0,0,171350
4113,12.4936,1.567,1.594,1.586,0.000,0.427,0.000,1560166,0,0,171254
4114,12.4952,1.530,1.604,1.596,0.000,0.309,0.000,1523604,0,0,171254
4115,12.4968,1.631,1.653,1.645,0.000,0.298,0.000,1624714,0,0,171254
4116,12.4983,1.559,1.567,1.559,0.000,0.252,0.000,1552013,0,0,171254
4117,12.5000,1.581,1.530,1.523,0.000,0.574,0.000,1574338,0,0,171254
4118,12.5019,1.696,1.632,1.624,0.000,0.570,0.000,1689678,0,0,171254
4119,12.5038,2.092,1.558,1.551,0.000,0.567,0.000,2084859,0,0,171254
4120,12.5055,1.740,1.581,1.573,0.000,0.363,0.000,1732130,0,0,171254
4121,12.5072,1.670,1.696,1.689,0.000,0.330,0.000,1662437,0,0,171254
4122,12.5100,2.760,2.093,2.084,0.000,0.273,0.000,2753661,0,0,171254
4123,12.5117,1.784,1.740,1.731,0.000,0.335,0.000,1774917,0,0,171254
4124,12.5133,1.643,1.670,1.661,0.000,0.298,0.000,1636025,0,0,171254
4125,12.5149,1.606,2.763,2.752,0.000,0.306,0.000,1599854,0,0,171254
4126,12.5165,1.601,1.781,1.773,0.000,0.275,0.000,1594975,0,0,171254
4127,12.5181,1.559,1.642,1.635,0.000,0.605,0.000,1552457,0,0,171254
4128,12.5199,1.694,1.606,1.599,0.000,0.313,0.000,1686970,0,0,171254
4129,12.5219,1.864,1.602,1.594,0.000,0.301,0.000,1857127,0,0,171254
4130,12.5238,2.087,1.559,1.551,0.000,0.349,0.000,2079026,0,0,171254
4131,12.5256,1.838,1.694,1.686,0.000,0.299,0.000,1829143,0,0,171254
4132,12.5274,1.769,1.865,1.856,0.000,0.371,0.000,1760809,0,0,171254
4133,12.5291,1.784,2.087,2.078,0.000,0.338,0.000,1776547,0,0,171254
4134,12.5309,1.723,1.837,1.828,0.000,0.319,0.000,1715578,0,0,171254
4135,12.5327,1.743,1.769,1.760,0.000,0.278,0.000,1735096,0,0,171254
4136,12.5358,3.025,1.784,1.775,0.000,0.697,0.000,3018163,0,0,171254
4137,12.5378,1.989,1.723,1.714,0.000,0.627,0.000,1978720,0,0,171254
4138,12.5397,1.951,1.742,1.734,0.000,0.618,0.000,1941601,0,0,171254
4139,12.5417,1.909,3.029,3.017,0.000,0.723,0.000,1900360,0,0,171254
4140,12.5436,2.069,1.987,1.977,0.000,0.377,0.000,2060876,0,0,171254
4141,12.5456,1.851,1.950,1.940,0.000,0.591,0.000,1842151,0,0,171254
4142,12.5475,1.954,1.908,1.899,0.000,0.321,0.000,1943947,0,0,171350
4143,12.5492,1.863,2.069,2.060,0.000,0.472,0.000,1855278,0,0,171254
4144,12.5509,1.692,1.852,1.841,0.000,0.351,0.000,1685194,0,0,171254
4145,12.5525,1.647,1.952,1.942,0.000,0.350,0.000,1640205,0,0,171254
4146,12.5542,1.652,1.862,1.854,0.000,0.313,0.000,1645276,0,0,171254
4147,12.5559,1.652,1.692,1.684,0.000,0.269,0.000,1645065,0,0,171254
4148,12.5576,1.697,1.647,1.639,0.000,0.337,0.000,1690595,0,0,171254
4149,12.5594,1.684,1.652,1.644,0.000,0.318,0.000,1676540,0,0,171254
4150,12.5630,2.207,1.652,1.644,0.000,0.361,0.000,2201010,0,0,171254
4151,12.5651,3.506,1.698,1.689,0.000,0.677,0.000,3495179,0,0,171254
4152,12.5669,1.933,1.683,1.675,0.000,0.381,0.000,1923597,0,0,171254
4153,12.5687,1.738,2.212,2.200,0.000,0.392,0.000,1730159,0,0,171254
4154,12.5705,1.781,3.504,3.494,0.000,0.295,0.000,1773556,0,0,171254
4155,12.5723,1.789,1.931,1.922,0.000,0.291,0.000,1779805,0,0,171254
4156,12.5741,1.813,1.737,1.729,0.000,0.282,0.000,1804744,0,0,171254
4157,12.5758,1.754,1.783,1.772,0.000,0.310,0.000,1745482,0,0,171254
4158,12.5775,1.734,1.788,1.778,0.000,0.462,0.000,1727287,0,0,171254
4159,12.5793,1.700,1.813,1.804,0.000,0.558,0.000,1693108,0,0,171254
4160,12.5811,1.785,1.753,1.744,0.000,0.308,0.000,1778516,0,0,171254
4161,12.5829,1.861,1.734,1.726,0.000,0.287,0.000,1853716,0,0,171254
4162,12.5846,1.768,1.700,1.692,0.000,0.266,0.000,1760775,0,0,171254
4163,12.5863,1.666,1.786,1.777,0.000,0.453,0.000,1659206,0,0,171254
4164,12.5891,1.680,1.861,1.853,0.000,0.391,0.000,1673277,0,0,171254
4165,12.5909,2.918,1.768,1.760,0.000,0.638,0.000,2910727,0,0,171254
4166,12.5927,1.757,1.666,1.658,0.000,0.629,0.000,1750214,0,0,171254
4167,12.5944,1.786,1.680,1.672,0.000,0.674,0.000,1779311,0,0,171254
4168,12.5962,1.755,2.918,2.909,0.000,0.610,0.000,1747508,0,0,171254
4169,12.5980,1.725,1.757,1.749,0.000,0.496,0.000,1718166,0,0,171254
4170,12.5998,1.843,1.787,1.778,0.000,0.626,0.000,1835954,0,0,171254
4171,12.6018,1.782,1.754,1.746,0.000,0.331,0.000,1774782,0,0,171254
4172,12.6037,2.103,1.725,1.717,0.000,0.640,0.000,2095857,0,0,171350
4173,12.6055,1.828,1.843,1.835,0.000,0.633,0.000,1819716,0,0,171254
4174,12.6072,1.747,1.781,1.774,0.000,0.677,0.000,1739786,0,0,171254
4175,12.6089,1.709,2.104,2.095,0.000,0.347,0.000,1701413,0,0,171254
4176,12.6106,1.666,1.827,1.819,0.000,0.536,0.000,1659012,0,0,171254
4177,12.6123,1.627,1.747,1.739,0.000,0.545,0.000,1619756,0,0,171254
4178,12.6170,1.679,1.709,1.700,0.000,0.356,0.000,1671895,0,0,171254
4179,12.6192,5.022,1.666,1.658,0.000,0.250,0.000,5014610,0,0,171254
4180,12.6220,2.888,1.627,1.619,0.000,0.238,0.000,2879868,0,0,171254
4181,12.6236,1.869,1.679,1.671,0.000,0.290,0.000,1859233,0,0,171254
4182,12.6253,1.627,5.024,5.013,0.000,0.249,0.000,1619438,0,0,171254
4183,12.6268,1.602,2.889,2.879,0.000,0.332,0.000,1595031,0,0,171254
4184,12.6283,1.525,1.866,1.857,0.000,0.256,0.000,1517864,0,0,171254
4185,12.6299,1.537,1.626,1.618,0.000,0.244,0.000,1530951,0,0,171254
4186,12.6314,1.559,1.602,1.594,0.000,0.240,0.000,1552246,0,0,171254
4187,12.6329,1.504,1.524,1.517,0.000,0.237,0.000,1497253,0,0,171254
4188,12.6345,1.557,1.538,1.530,0.000,0.222,0.000,1550742,0,0,171254
4189,12.6360,1.519,1.559,1.551,0.000,0.216,0.000,1512083,0,0,171254
4190,12.6375,1.503,1.504,1.496,0.000,0.258,0.000,1496857,0,0,171254
4191,12.6390,1.527,1.558,1.550,0.000,0.225,0.000,1520360,0,0,171254
4192,12.6406,1.510,1.519,1.511,0.000,0.213,0.000,1502632,0,0,171254
4193,12.6434,1.675,1.503,1.496,0.000,0.455,0.000,1668872,0,0,171254
4194,12.6453,2.912,1.527,1.519,0.000,0.393,0.000,2902804,0,0,171254
4195,12.6470,1.779,1.509,1.501,0.000,0.414,0.000,1770922,0,0,171254
4196,12.6487,1.771,1.679,1.668,0.000,0.321,0.000,1763711,0,0,171254
4197,12.6504,1.615,2.911,2.901,0.000,0.261,0.000,1608721,0,0,171254
4198,12.6521,1.719,1.778,1.770,0.000,0.239,0.000,1711701,0,0,171254
4199,12.6537,1.657,1.770,1.763,0.000,0.339,0.000,1649631,0,0,171254
4200,12.6553,1.620,1.616,1.608,0.000,0.249,0.000,1613747,0,0,171254
4201,12.6571,1.697,1.719,1.711,0.000,0.235,0.000,1690074,0,0,190345
4202,12.6589,1.648,1.656,1.648,0.000,0.253,0.000,1641246,0,0,171350
4203,12.6611,1.929,1.620,1.613,0.000,0.236,0.000,1922808,0,0,171254
4204,12.6633,2.489,1.697,1.689,0.000,0.224,0.000,2478408,0,0,171254
4205,12.6649,1.787,1.648,1.640,0.000,0.606,0.000,1777687,0,0,171254
4206,12.6664,1.579,1.934,1.922,0.000,0.280,0.000,1572281,0,0,171254
4207,12.6689,1.504,2.488,2.477,0.000,0.265,0.000,1497420,0,0,171254
4208,12.6705,2.541,1.784,1.776,0.000,0.246,0.000,2534442,0,0,171254
4209,12.6721,1.554,1.579,1.571,0.000,0.224,0.000,1546735,0,0,171254
4210,12.6737,1.629,1.504,1.496,0.000,0.240,0.000,1622501,0,0,171254
4211,12.6752,1.555,2.541,2.533,0.000,0.258,0.000,1548813,0,0,171254
4212,12.6768,1.561,1.553,1.546,0.000,0.243,0.000,1553947,0,0,171254
4213,12.6783,1.523,1.629,1.621,0.000,0.340,0.000,1516504,0,0,171254
4214,12.6799,1.579,1.556,1.548,0.000,0.286,0.000,1572448,0,0,171254
4215,12.6815,1.545,1.560,1.553,0.000,0.250,0.000,1538671,0,0,171254
4216,12.6831,1.691,1.523,1.515,0.000,0.264,0.000,1684562,0,0,171254
4217,12.6847,1.581,1.579,1.571,0.000,0.316,0.000,1574193,0,0,171254
4218,12.6862,1.546,1.545,1.538,0.000,0.376,0.000,1539832,0,0,171254
4219,12.6878,1.581,1.692,1.684,0.000,0.305,0.000,1574364,0,0,171254
4220,12.6894,1.567,1.581,1.573,0.000,0.463,0.000,1560604,0,0,171254
4221,12.6920,1.553,1.546,1.539,0.000,0.585,0.000,1546136,0,0,171254
4222,12.6937,2.697,1.581,1.573,0.000,0.327,0.000,2690471,0,0,171254
4223,12.6954,1.680,1.567,1.559,0.000,0.305,0.000,1683353,0,0,171254
4224,12.6969,1.613,1.553,1.545,0.000,0.609,0.000,1595498,0,0,171254
4225,12.6985,1.536,2.698,2.689,0.000,0.440,0.000,1529351,0,0,171254
4226,12.7000,1.562,1.690,1.682,0.000,0.262,0.000,1555799,0,0,171254
4227,12.7017,1.549,1.602,1.594,0.000,0.242,0.000,1542519,0,0,171254
4228,12.7032,1.632,1.536,1.528,0.000,0.243,0.000,1624877,0,0,171254
4229,12.7047,1.504,1.563,1.555,0.000,0.312,0.000,1497895,0,0,171254
4230,12.7063,1.562,1.550,1.541,0.000,0.253,0.000,1555172,0,0,171254
4231,12.7080,1.650,1.631,1.624,0.000,0.278,0.000,1642093,0,0,171254
4232,12.7096,1.637,1.504,1.497,0.000,0.248,0.000,1630120,0,0,171350
4233,12.7111,1.543,1.563,1.554,0.000,0.263,0.000,1536712,0,0,171254
4234,12.7127,1.605,1.648,1.641,0.000,0.619,0.000,1598474,0,0,171254
4235,12.7152,1.504,1.637,1.629,0.000,0.575,0.000,1497839,0,0,171254
4236,12.7169,2.668,1.543,1.536,0.000,0.256,0.000,2661881,0,0,171254
4237,12.7185,1.619,1.605,1.597,0.000,0.233,0.000,1611603,0,0,171254
4238,12.7200,1.515,1.504,1.496,0.000,0.336,0.000,1508091,0,0,171254
4239,12.7216,1.504,2.669,2.661,0.000,0.258,0.000,1498444,0,0,171254
4240,12.7232,1.657,1.618,1.610,0.000,0.246,0.000,1650876,0,0,171254
4241,12.7247,1.515,1.514,1.507,0.000,0.234,0.000,1508698,0,0,171254
4242,12.7262,1.528,1.505,1.497,0.000,0.232,0.000,1521519,0,0,171254
4243,12.7278,1.490,1.658,1.650,0.000,0.222,0.000,1483619,0,0,171254
4244,12.7292,1.544,1.515,1.507,0.000,0.218,0.000,1537845,0,0,171254
4245,12.7307,1.459,1.528,1.520,0.000,0.271,0.000,1452677,0,0,171254
4246,12.7322,1.482,1.490,1.483,0.000,0.225,0.000,1475606,0,0,171254
4247,12.7337,1.498,1.544,1.537,0.000,0.227,0.000,1491184,0,0,171254
4248,12.7352,1.479,1.459,1.452,0.000,0.210,0.000,1472942,0,0,171254
4249,12.7377,2.492,1.482,1.475,0.000,0.300,0.000,2486253,0,0,171254
4250,12.7393,1.636,1.497,1.490,0.000,0.269,0.000,1629025,0,0,171254
4251,12.7413,1.751,1.479,1.472,0.000,0.294,0.000,1743765,0,0,171254
4252,12.7430,1.836,2.493,2.485,0.000,0.256,0.000,1826890,0,0,171254
4253,12.7446,1.711,1.636,1.628,0.000,0.253,0.000,1703721,0,0,171254
4254,12.7462,1.567,1.754,1.743,0.000,0.313,0.000,1560371,0,0,171254
4255,12.7478,1.574,1.833,1.824,0.000,0.310,0.000,1567893,0,0,171254
4256,12.7493,1.558,1.711,1.703,0.000,0.319,0.000,1552068,0,0,171254
4257,12.7509,1.543,1.567,1.559,0.000,0.247,0.000,1536839,0,0,171254
4258,12.7525,1.626,1.574,1.567,0.000,0.264,0.000,1619851,0,0,171254
4259,12.7541,1.586,1.558,1.551,0.000,0.249,0.000,1578366,0,0,171254
4260,12.7557,1.644,1.543,1.536,0.000,0.574,0.000,1637884,0,0,171254
4261,12.7574,1.586,1.627,1.619,0.000,0.476,0.000,1579789,0,0,171254
4262,12.7600,1.670,1.585,1.577,0.000,0.303,0.000,1663176,0,0,171350
4263,12.7620,2.715,1.644,1.637,0.000,0.264,0.000,2708484,0,0,171254
4264,12.7637,1.929,1.586,1.579,0.000,0.273,0.000,1921342,0,0,171254
4265,12.7654,1.664,1.670,1.662,0.000,0.266,0.000,1657544,0,0,171254
4266,12.7672,1.794,2.716,2.707,0.000,0.272,0.000,1787243,0,0,171254
4267,12.7690,1.834,1.928,1.920,0.000,0.235,0.000,1825159,0,0,171254
4268,12.7707,1.753,1.664,1.656,0.000,0.268,0.000,1745899,0,0,171254
4269,12.7723,1.655,1.796,1.786,0.000,0.606,0.000,1647909,0,0,171814
4270,12.7739,1.600,1.832,1.824,0.000,0.576,0.000,1593192,0,0,171310
4271,12.7755,1.595,1.753,1.745,0.000,0.621,0.000,1589009,0,0,171254
4272,12.7771,1.592,1.654,1.647,0.000,0.554,0.000,1585687,0,0,171254
4273,12.7788,1.603,1.600,1.592,0.000,0.336,0.000,1596110,0,0,171254
4274,12.7803,1.619,1.595,1.588,0.000,0.412,0.000,1612385,0,0,171254
4275,12.7821,1.614,1.593,1.585,0.000,0.267,0.000,1606868,0,0,171254
4276,12.7848,1.728,1.603,1.595,0.000,0.288,0.000,1721591,0,0,171254
4277,12.7865,2.763,1.619,1.611,0.000,0.239,0.000,2755624,0,0,171254
4278,12.7883,1.724,1.613,1.606,0.000,0.330,0.000,1717228,0,0,171254
4279,12.7900,1.773,1.729,1.720,0.000,0.288,0.000,1765537,0,0,171254
4280,12.7919,1.880,2.762,2.754,0.000,0.252,0.000,1872877,0,0,171254
4281,12.7937,1.743,1.724,1.716,0.000,0.260,0.000,1732949,0,0,171254
4282,12.7954,1.732,1.773,1.764,0.000,0.284,0.000,1725796,0,0,171254
4283,12.7972,1.771,1.884,1.872,0.000,0.333,0.000,1764513,0,0,171254
4284,12.7988,1.740,1.738,1.731,0.000,0.431,0.000,1733256,0,0,171254
4285,12.8005,1.638,1.733,1.725,0.000,0.693,0.000,1630779,0,0,171254
4286,12.8023,1.691,1.771,1.763,0.000,0.366,0.000,1684270,0,0,171254
4287,12.8039,1.747,1.740,1.732,0.000,0.608,0.000,1740157,0,0,171254
4288,12.8055,1.614,1.638,1.630,0.000,0.268,0.000,1607193,0,0,171254
4289,12.8071,1.557,1.691,1.683,0.000,0.259,0.000,1550505,0,0,171254
4290,12.8097,1.647,1.747,1.739,0.000,0.265,0.000,1640502,0,0,171254
4291,12.8115,2.718,1.614,1.606,0.000,0.229,0.000,2710559,0,0,171254
4292,12.8131,1.680,1.557,1.549,0.000,0.413,0.000,1672338,0,0,171350
4293,12.8148,1.638,1.647,1.639,0.000,0.336,0.000,1631178,0,0,171254
4294,12.8163,1.626,2.718,2.709,0.000,0.252,0.000,1618912,0,0,171254
4295,12.8179,1.532,1.679,1.671,0.000,0.312,0.000,1525312,0,0,171254
4296,12.8194,1.552,1.638,1.630,0.000,0.310,0.000,1545156,0,0,171254
4297,12.8211,1.518,1.626,1.618,0.000,0.252,0.000,1510911,0,0,171254
4298,12.8226,1.677,1.532,1.524,0.000,0.286,0.000,1670232,0,0,171254
4299,12.8241,1.524,1.552,1.544,0.000,0.289,0.000,1517335,0,0,171254
4300,12.8257,1.531,1.517,1.510,0.000,0.323,0.000,1524598,0,0,171254
4301,12.8272,1.562,1.677,1.669,0.000,0.265,0.000,1555694,0,0,171254
4302,12.8288,1.550,1.524,1.516,0.000,0.254,0.000,1543107,0,0,171254
4303,12.8320,1.652,1.531,1.523,0.000,0.237,0.000,1644976,0,0,171254
4304,12.8337,3.232,1.562,1.555,0.000,0.617,0.000,3225491,0,0,609106
4305,12.8354,1.639,1.550,1.542,0.000,0.580,0.000,1631179,0,0,171254
4306,12.8370,1.635,1.651,1.644,0.000,0.597,0.000,1629129,0,0,171254
4307,12.8385,1.583,3.233,3.224,0.000,0.448,0.000,1577022,0,0,171254
4308,12.8402,1.623,1.638,1.630,0.000,0.258,0.000,1616513,0,0,171254
4309,12.8420,1.674,1.635,1.628,0.000,0.262,0.000,1666606,0,0,171254
4310,12.8438,1.825,1.584,1.576,0.000,0.246,0.000,1817710,0,0,171254
4311,12.8455,1.815,1.624,1.615,0.000,0.261,0.000,1807633,0,0,171254
4312,12.8473,1.718,1.673,1.665,0.000,0.299,0.000,1711411,0,0,171254
4313,12.8490,1.738,1.826,1.817,0.000,0.342,0.000,1731045,0,0,171254
4314,12.8508,1.761,1.815,1.806,0.000,0.261,0.000,1753676,0,0,171254
4315,12.8529,1.679,1.719,1.710,0.000,0.636,0.000,1672220,0,0,171254
4316,12.8552,2.582,1.739,1.730,0.000,0.333,0.000,2573682,0,0,171254
4317,12.8590,3.301,1.761,1.752,0.000,0.259,0.000,3289717,0,0,171254
4318,12.8622,3.016,1.681,1.671,0.000,0.336,0.000,3004742,0,0,171254
4319,12.8649,3.140,2.585,2.572,0.000,0.355,0.000,3124997,0,0,171254
4320,12.8669,2.323,3.301,3.288,0.000,0.731,0.000,2309924,0,0,171254
4321,12.8688,1.943,3.020,3.003,0.000,0.715,0.000,1935033,0,0,190345
4322,12.8707,1.839,3.137,3.123,0.000,0.685,0.000,1830790,0,0,171350
4323,12.8725,1.866,2.317,2.308,0.000,0.367,0.000,1859080,0,0,171254
4324,12.8743,1.816,1.943,1.934,0.000,0.335,0.000,1808329,0,0,171254
4325,12.8768,2.122,1.838,1.829,0.000,0.739,0.000,2114684,0,0,171254
4326,12.8786,2.217,1.866,1.858,0.000,0.711,0.000,2206697,0,0,171254
4327,12.8803,1.730,1.816,1.807,0.000,0.327,0.000,1722824,0,0,171254
4328,12.8826,1.653,2.125,2.114,0.000,0.534,0.000,1646416,0,0,171254
4329,12.8844,2.372,2.213,2.205,0.000,0.313,0.000,2365916,0,0,171254
4330,12.8860,1.700,1.730,1.722,0.000,0.295,0.000,1692559,0,0,171254
4331,12.8888,2.763,1.653,1.645,0.000,0.324,0.000,2756187,0,0,171254
4332,12.8905,1.716,2.374,2.365,0.000,0.270,0.000,1708693,0,0,171254
4333,12.8921,1.608,1.700,1.691,0.000,0.642,0.000,1601275,0,0,171254
4334,12.8936,1.557,2.764,2.755,0.000,0.358,0.000,1550879,0,0,171254
4335,12.8952,1.569,1.715,1.708,0.000,0.273,0.000,1563008,0,0,171254
4336,12.8967,1.546,1.608,1.600,0.000,0.556,0.000,1538924,0,0,171254
4337,12.8982,1.507,1.557,1.550,0.000,0.520,0.000,1501042,0,0,171254
4338,12.8998,1.524,1.570,1.562,0.000,0.268,0.000,1518020,0,0,171254
4339,12.9015,1.589,1.545,1.538,0.000,0.553,0.000,1583256,0,0,171254
4340,12.9031,1.700,1.507,1.500,0.000,0.543,0.000,1693748,0,0,171254
4341,12.9046,1.539,1.524,1.517,0.000,0.314,0.000,1532156,0,0,171254
4342,12.9061,1.531,1.590,1.582,0.000,0.265,0.000,1524084,0,0,171254
4343,12.9077,1.540,1.701,1.693,0.000,0.253,0.000,1534372,0,0,171254
4344,12.9093,1.565,1.539,1.531,0.000,0.229,0.000,1558689,0,0,171254
4345,12.9120,2.641,1.530,1.523,0.000,0.304,0.000,2634390,0,0,171254
4346,12.9136,1.701,1.541,1.533,0.000,0.234,0.000,1693545,0,0,171254
4347,12.9152,1.560,1.565,1.558,0.000,0.252,0.000,1552882,0,0,171254
4348,12.9168,1.626,2.642,2.633,0.000,0.225,0.000,1619506,0,0,171254
4349,12.9184,1.627,1.700,1.692,0.000,0.521,0.000,1620938,0,0,171254
4350,12.9200,1.567,1.559,1.552,0.000,0.253,0.000,1560558,0,0,171254
4351,12.9217,1.572,1.626,1.618,0.000,0.254,0.000,1565065,0,0,171254
4352,12.9233,1.764,1.628,1.620,0.000,0.229,0.000,1756711,0,0,171350
4353,12.9249,1.590,1.567,1.559,0.000,0.585,0.000,1583286,0,0,171254
4354,12.9265,1.595,1.572,1.564,0.000,0.342,0.000,1587604,0,0,171254
4355,12.9280,1.546,1.763,1.756,0.000,0.257,0.000,1539262,0,0,171254
4356,12.9296,1.567,1.590,1.582,0.000,0.360,0.000,1560250,0,0,171254
4357,12.9312,1.595,1.594,1.587,0.000,0.252,0.000,1587337,0,0,171254
4358,12.9327,1.553,1.546,1.538,0.000,0.322,0.000,1546614,0,0,171254
4359,12.9353,2.462,1.567,1.559,0.000,0.507,0.000,2456400,0,0,171254
4360,12.9370,1.722,1.594,1.586,0.000,0.285,0.000,1713575,0,0,171254
4361,12.9387,1.676,1.553,1.546,0.000,0.242,0.000,1669432,0,0,171254
4362,12.9402,1.631,2.465,2.455,0.000,0.302,0.000,1624068,0,0,171254
4363,12.9419,1.529,1.719,1.712,0.000,0.264,0.000,1522404,0,0,171254
4364,12.9435,1.696,1.676,1.668,0.000,0.242,0.000,1690053,0,0,171254
4365,12.9450,1.555,1.631,1.623,0.000,0.234,0.000,1547496,0,0,171254
4366,12.9466,1.599,1.528,1.521,0.000,0.236,0.000,1591711,0,0,171254
4367,12.9482,1.575,1.697,1.689,0.000,0.229,0.000,1567881,0,0,171254
4368,12.9497,1.517,1.555,1.546,0.000,0.292,0.000,1510035,0,0,171254
4369,12.9512,1.504,1.599,1.591,0.000,0.238,0.000,1497841,0,0,171254
4370,12.9528,1.610,1.574,1.567,0.000,0.236,0.000,1604086,0,0,171254
4371,12.9543,1.554,1.517,1.509,0.000,0.227,0.000,1547361,0,0,171254
4372,12.9559,1.512,1.504,1.497,0.000,0.246,0.000,1505878,0,0,171254
4373,12.9585,1.553,1.611,1.603,0.000,0.296,0.000,1546430,0,0,171254
4374,12.9601,2.628,1.554,1.546,0.000,0.260,0.000,2621206,0,0,171254
4375,12.9618,1.579,1.512,1.505,0.000,0.369,0.000,1572130,0,0,171254
4376,12.9633,1.671,1.553,1.545,0.000,0.447,0.000,1664060,0,0,171254
4377,12.9649,1.531,2.628,2.620,0.000,0.577,0.000,1523654,0,0,171254
4378,12.9664,1.587,1.579,1.571,0.000,0.284,0.000,1580702,0,0,171254
4379,12.9679,1.523,1.671,1.663,0.000,0.239,0.000,1516018,0,0,171254
4380,12.9694,1.497,1.530,1.523,0.000,0.249,0.000,1490877,0,0,171254
4381,12.9710,1.495,1.587,1.580,0.000,0.223,0.000,1487884,0,0,171254
4382,12.9725,1.562,1.522,1.515,0.000,0.594,0.000,1556032,0,0,171350
4383,12.9740,1.539,1.498,1.490,0.000,0.564,0.000,1533051,0,0,171254
4384,12.9756,1.539,1.494,1.487,0.000,0.571,0.000,1532312,0,0,171254
4385,12.9771,1.541,1.563,1.555,0.000,0.637,0.000,1534171,0,0,171254
4386,12.9787,1.549,1.539,1.532,0.000,0.574,0.000,1543147,0,0,171254
4387,12.9812,1.544,1.539,1.531,0.000,0.561,0.000,1536773,0,0,171254
4388,12.9830,2.627,1.540,1.533,0.000,0.565,0.000,2620981,0,0,171254
4389,12.9845,1.667,1.550,1.542,0.000,0.544,0.000,1660306,0,0,171254
4390,12.9859,1.485,1.543,1.536,0.000,0.564,0.000,1478457,0,0,171254
4391,12.9875,1.517,2.628,2.620,0.000,0.532,0.000,1510472,0,0,171254
4392,12.9891,1.579,1.667,1.659,0.000,0.554,0.000,1572001,0,0,171254
4393,12.9907,1.565,1.485,1.477,0.000,0.545,0.000,1558521,0,0,171254
4394,12.9926,1.554,1.517,1.509,0.000,0.559,0.000,1548040,0,0,171254
4395,12.9942,1.914,1.578,1.571,0.000,0.564,0.000,1907352,0,0,171254
4396,12.9958,1.570,1.565,1.557,0.000,0.364,0.000,1563051,0,0,171254
4397,12.9974,1.665,1.555,1.547,0.000,0.239,0.000,1658789,0,0,171254
4398,12.9990,1.587,1.914,1.906,0.000,0.231,0.000,1580360,0,0,171254
4399,13.0006,1.622,1.569,1.562,0.000,0.257,0.000,1615774,0,0,171254
4400,13.0022,1.561,1.665,1.658,0.000,0.213,0.000,1553979,0,0,171254
4401,13.0048,1.629,1.587,1.579,0.000,0.551,0.000,1623041,0,0,171254
4402,13.0066,2.772,1.622,1.615,0.000,0.545,0.000,2765770,0,0,171254
4403,13.0082,1.660,1.560,1.553,0.000,0.550,0.000,1652434,0,0,171254
4404,13.0098,1.599,1.629,1.622,0.000,0.626,0.000,1591974,0,0,171254
4405,13.0113,1.566,2.773,2.765,0.000,0.330,0.000,1559729,0,0,171254
4406,13.0129,1.532,1.659,1.651,0.000,0.586,0.000,1525496,0,0,171254
4407,13.0144,1.529,1.599,1.591,0.000,0.522,0.000,1522388,0,0,171254
4408,13.0159,1.517,1.566,1.559,0.000,0.542,0.000,1510328,0,0,171254
4409,13.0175,1.541,1.532,1.524,0.000,0.495,0.000,1534542,0,0,171254
4410,13.0190,1.562,1.529,1.521,0.000,0.273,0.000,1555561,0,0,171254
4411,13.0206,1.534,1.517,1.509,0.000,0.507,0.000,1527665,0,0,171254
4412,13.0222,1.561,1.541,1.533,0.000,0.332,0.000,1554813,0,0,171350
4413,13.0237,1.618,1.562,1.554,0.000,0.563,0.000,1611845,0,0,171254
4414,13.0253,1.550,1.534,1.527,0.000,0.562,0.000,1543863,0,0,171254
4415,13.0280,1.602,1.561,1.554,0.000,0.349,0.000,1595607,0,0,171254
4416,13.0297,2.769,1.618,1.611,0.000,0.581,0.000,2762118,0,0,171254
4417,13.0315,1.794,1.551,1.543,0.000,0.312,0.000,1785747,0,0,171254
4418,13.0331,1.645,1.602,1.594,0.000,0.297,0.000,1638093,0,0,171254
4419,13.0346,1.541,2.770,2.761,0.000,0.313,0.000,1534149,0,0,171254
4420,13.0362,1.510,1.793,1.785,0.000,0.260,0.000,1502838,0,0,171254
4421,13.0377,1.547,1.645,1.637,0.000,0.239,0.000,1540089,0,0,171254
4422,13.0392,1.500,1.541,1.533,0.000,0.258,0.000,1493455,0,0,171254
4423,13.0407,1.501,1.509,1.502,0.000,0.317,0.000,1494894,0,0,171254
4424,13.0423,1.527,1.547,1.539,0.000,0.257,0.000,1520325,0,0,171254
4425,13.0441,1.871,1.500,1.492,0.000,0.275,0.000,1865032,0,0,171254
4426,13.0460,1.783,1.502,1.494,0.000,0.283,0.000,1776460,0,0,171254
4427,13.0476,1.709,1.526,1.519,0.000,0.261,0.000,1702920,0,0,171254
4428,13.0492,1.574,1.872,1.864,0.000,0.233,0.000,1567932,0,0,171254
4429,13.0519,1.632,1.783,1.775,0.000,0.244,0.000,1625682,0,0,171254
4430,13.0538,2.786,1.709,1.702,0.000,0.253,0.000,2778909,0,0,171254
4431,13.0555,1.805,1.574,1.567,0.000,0.591,0.000,1798040,0,0,171254
4432,13.0571,1.661,1.633,1.625,0.000,0.622,0.000,1654341,0,0,171254
4433,13.0587,1.598,2.786,2.778,0.000,0.328,0.000,1591223,0,0,171254
4434,13.0603,1.606,1.804,1.797,0.000,0.300,0.000,1599851,0,0,171254
4435,13.0620,1.569,1.661,1.653,0.000,0.260,0.000,1562992,0,0,171254
4436,13.0636,1.774,1.598,1.590,0.000,0.238,0.000,1767463,0,0,171254
4437,13.0652,1.570,1.606,1.599,0.000,0.465,0.000,1563916,0,0,171254
4438,13.0667,1.562,1.569,1.562,0.000,0.586,0.000,1554851,0,0,171254
4439,13.0684,1.593,1.774,1.766,0.000,0.322,0.000,1586286,0,0,171254
4440,13.0700,1.628,1.571,1.563,0.000,0.265,0.000,1616077,0,0,171254
4441,13.0717,1.686,1.561,1.554,0.000,0.265,0.000,1679474,0,0,190345
4442,13.0733,1.609,1.599,1.585,0.000,0.329,0.000,1601874,0,0,171350
4443,13.0789,1.554,1.623,1.615,0.000,0.294,0.000,1547935,0,0,171254
4444,13.0809,5.912,1.686,1.678,0.000,0.273,0.000,5905909,0,0,171254
4445,13.0827,1.801,1.608,1.601,0.000,0.572,0.000,1792435,0,0,171254
4446,13.0845,1.928,1.554,1.547,0.000,0.367,0.000,1920730,0,0,171254
4447,13.0861,1.663,5.914,5.905,0.000,0.320,0.000,1655502,0,0,171254
4448,13.0877,1.617,1.800,1.791,0.000,0.632,0.000,1610183,0,0,171254
4449,13.0893,1.555,1.929,1.920,0.000,0.575,0.000,1548279,0,0,171254
4450,13.0908,1.559,1.662,1.654,0.000,0.564,0.000,1552305,0,0,171254
4451,13.0924,1.556,1.617,1.609,0.000,0.549,0.000,1549131,0,0,171254
4452,13.0940,1.552,1.555,1.547,0.000,0.536,0.000,1545141,0,0,171254
4453,13.0955,1.560,1.559,1.551,0.000,0.269,0.000,1553311,0,0,171254
4454,13.0971,1.563,1.556,1.548,0.000,0.249,0.000,1557136,0,0,171254
4455,13.0986,1.578,1.552,1.544,0.000,0.243,0.000,1570710,0,0,171254
4456,13.1002,1.540,1.560,1.552,0.000,0.235,0.000,1533256,0,0,171254
4457,13.1049,1.573,1.564,1.556,0.000,0.230,0.000,1566218,0,0,171254
4458,13.1073,5.077,1.577,1.570,0.000,0.231,0.000,5071521,0,0,171254
4459,13.1101,3.055,1.540,1.532,0.000,0.211,0.000,3046021,0,0,171254
4460,13.1120,2.002,1.572,1.565,0.000,0.525,0.000,1989924,0,0,171254
4461,13.1136,1.714,5.082,5.070,0.000,0.700,0.000,1706997,0,0,171254
4462,13.1155,1.853,3.057,3.045,0.000,0.626,0.000,1845911,0,0,171254
4463,13.1172,1.633,1.996,1.988,0.000,0.333,0.000,1626357,0,0,171254
4464,13.1189,1.708,1.714,1.706,0.000,0.255,0.000,1700852,0,0,171254
4465,13.1206,1.704,1.853,1.845,0.000,0.289,0.000,1696559,0,0,171254
4466,13.1224,1.715,1.633,1.625,0.000,0.631,0.000,1707942,0,0,171254
4467,13.1241,1.785,1.708,1.700,0.000,0.350,0.000,1777276,0,0,171254
4468,13.1258,1.715,1.704,1.695,0.000,0.493,0.000,1708025,0,0,171254
4469,13.1276,1.724,1.715,1.707,0.000,0.274,0.000,1716406,0,0,171254
4470,13.1294,1.820,1.785,1.776,0.000,0.295,0.000,1812319,0,0,171254
4471,13.1314,1.942,1.716,1.707,0.000,0.647,0.000,1934580,0,0,171254
4472,13.1343,1.944,1.723,1.715,0.000,0.368,0.000,1935574,0,0,171350
4473,13.1366,3.117,1.820,1.811,0.000,0.707,0.000,3109944,0,0,171254
4474,13.1388,2.200,1.942,1.933,0.000,0.659,0.000,2191218,0,0,171254
4475,13.1408,2.122,1.943,1.934,0.000,0.773,0.000,2114207,0,0,171254
4476,13.1430,2.070,3.119,3.109,0.000,0.389,0.000,2061930,0,0,171254
4477,13.1450,2.146,2.199,2.190,0.000,0.354,0.000,2138341,0,0,171254
4478,13.1468,1.881,2.123,2.113,0.000,0.373,0.000,1872448,0,0,171254
4479,13.1487,1.819,2.070,2.061,0.000,0.377,0.000,1810993,0,0,171254
4480,13.1506,1.865,2.147,2.137,0.000,0.685,0.000,1857464,0,0,171254
4481,13.1526,1.953,1.880,1.871,0.000,0.708,0.000,1945798,0,0,171254
4482,13.1547,2.084,1.819,1.810,0.000,0.661,0.000,2069319,0,0,171254
4483,13.1569,2.221,1.865,1.856,0.000,0.474,0.000,2212380,0,0,171254
4484,13.1591,2.236,1.961,1.945,0.000,0.876,0.000,2226808,0,0,171254
4485,13.1610,1.998,2.077,2.068,0.000,0.789,0.000,1989347,0,0,171254
4486,13.1640,1.859,2.221,2.211,0.000,0.671,0.000,1850941,0,0,171254
4487,13.1659,3.000,2.236,2.226,0.000,0.591,0.000,2992421,0,0,171254
4488,13.1679,1.769,1.997,1.988,0.000,0.619,0.000,1760361,0,0,171254
4489,13.1697,2.119,1.859,1.850,0.000,0.686,0.000,2111546,0,0,171254
4490,13.1714,1.735,3.001,2.991,0.000,0.704,0.000,1727619,0,0,171254
4491,13.1730,1.628,1.767,1.759,0.000,0.611,0.000,1621393,0,0,171254
4492,13.1747,1.632,2.118,2.110,0.000,0.613,0.000,1625785,0,0,171254
4493,13.1763,1.673,1.735,1.726,0.000,0.321,0.000,1666596,0,0,171254
4494,13.1779,1.604,1.628,1.620,0.000,0.281,0.000,1598007,0,0,171254
4495,13.1798,1.771,1.633,1.625,0.000,0.304,0.000,1764576,0,0,171254
4496,13.1816,1.697,1.673,1.666,0.000,0.309,0.000,1689761,0,0,171254
4497,13.1835,2.019,1.605,1.597,0.000,0.293,0.000,2012480,0,0,171254
4498,13.1855,1.957,1.772,1.764,0.000,0.270,0.000,1949154,0,0,171254
4499,13.1875,2.074,1.696,1.689,0.000,0.336,0.000,2040929,0,0,171254
4500,13.1904,1.804,2.020,2.011,0.000,0.692,0.000,1797178,0,0,171254
4501,13.1925,3.065,1.983,1.948,0.000,0.678,0.000,3057271,0,0,171254
4502,13.1945,1.984,2.047,2.039,0.000,0.357,0.000,1975352,0,0,171350
4503,13.1966,2.076,1.805,1.796,0.000,0.464,0.000,2068097,0,0,171254
4504,13.1984,1.949,3.066,3.056,0.000,0.715,0.000,1936271,0,0,171254
4505,13.2002,1.768,1.983,1.974,0.000,0.721,0.000,1760390,0,0,171254
4506,13.2019,1.713,2.081,2.067,0.000,0.524,0.000,1705334,0,0,171254
4507,13.2036,1.793,1.943,1.935,0.000,0.627,0.000,1786280,0,0,171254
4508,13.2053,1.635,1.768,1.759,0.000,0.294,0.000,1627470,0,0,171254
4509,13.2069,1.687,1.712,1.704,0.000,0.331,0.000,1680013,0,0,171254
4510,13.2093,1.929,1.794,1.785,0.000,0.266,0.000,1922156,0,0,171254
4511,13.2112,2.414,1.634,1.626,0.000,0.256,0.000,2401779,0,0,171254
4512,13.2128,1.590,1.687,1.679,0.000,0.256,0.000,1582437,0,0,171254
4513,13.2143,1.544,1.935,1.921,0.000,0.256,0.000,1537086,0,0,171254
4514,13.2175,1.779,2.407,2.399,0.000,0.233,0.000,1772986,0,0,171254
4515,13.2193,3.056,1.589,1.581,0.000,0.238,0.000,3046478,0,0,171254
4516,13.2214,1.974,1.544,1.536,0.000,0.230,0.000,1965728,0,0,171254
4517,13.2231,1.831,1.784,1.772,0.000,0.314,0.000,1820491,0,0,171254
4518,13.2251,1.901,3.054,3.044,0.000,0.534,0.000,1892360,0,0,171254
4519,13.2266,1.688,1.976,1.964,0.000,0.441,0.000,1677519,0,0,171254
4520,13.2281,1.490,1.829,1.819,0.000,0.643,0.000,1484209,0,0,171254
4521,13.2297,1.591,1.903,1.891,0.000,0.582,0.000,1584962,0,0,171254
4522,13.2313,1.627,1.683,1.676,0.000,0.584,0.000,1619778,0,0,171254
4523,13.2336,1.792,1.490,1.483,0.000,0.316,0.000,1785784,0,0,171254
4524,13.2353,2.209,1.592,1.584,0.000,0.315,0.000,2200590,0,0,171254
4525,13.2370,1.641,1.626,1.619,0.000,0.271,0.000,1633704,0,0,171254
4526,13.2389,1.800,1.795,1.785,0.000,0.269,0.000,1792511,0,0,171254
4527,13.2406,1.811,2.208,2.199,0.000,0.686,0.000,1803514,0,0,171254
4528,13.2434,1.641,1.641,1.632,0.000,0.734,0.000,1634695,0,0,171254
4529,13.2453,2.911,1.800,1.791,0.000,0.303,0.000,2904290,0,0,171254
4530,13.2470,1.801,1.810,1.802,0.000,0.259,0.000,1792283,0,0,171254
4531,13.2488,1.746,1.642,1.634,0.000,0.287,0.000,1739092,0,0,171254
4532,13.2504,1.711,2.913,2.903,0.000,0.685,0.000,1704353,0,0,171350
4533,13.2521,1.664,1.800,1.791,0.000,0.345,0.000,1655630,0,0,171254
4534,13.2538,1.688,1.746,1.738,0.000,0.366,0.000,1681012,0,0,171254
4535,13.2554,1.651,1.712,1.703,0.000,0.609,0.000,1644661,0,0,171254
4536,13.2571,1.653,1.663,1.654,0.000,0.621,0.000,1645445,0,0,171254
4537,13.2595,1.923,1.688,1.680,0.000,0.596,0.000,1916516,0,0,171254
4538,13.2612,2.130,1.652,1.643,0.000,0.600,0.000,2119634,0,0,171254
4539,13.2628,1.733,1.652,1.644,0.000,0.624,0.000,1726090,0,0,171254
4540,13.2644,1.589,1.926,1.915,0.000,0.588,0.000,1581988,0,0,171254
4541,13.2659,1.544,2.126,2.118,0.000,0.594,0.000,1537461,0,0,171254
4542,13.2684,1.534,1.733,1.725,0.000,0.404,0.000,1527515,0,0,171254
4543,13.2700,2.552,1.588,1.581,0.000,0.257,0.000,2545473,0,0,171254
4544,13.2716,1.579,1.544,1.536,0.000,0.302,0.000,1572193,0,0,171254
4545,13.2731,1.541,1.534,1.526,0.000,0.325,0.000,1534617,0,0,171254
4546,13.2747,1.575,2.552,2.544,0.000,0.268,0.000,1569056,0,0,171254
4547,13.2771,1.889,1.579,1.571,0.000,0.667,0.000,1882626,0,0,171254
4548,13.2791,2.447,1.541,1.534,0.000,0.627,0.000,2436855,0,0,171254
4549,13.2807,1.643,1.575,1.568,0.000,0.634,0.000,1636684,0,0,171254
4550,13.2825,1.612,1.893,1.882,0.000,0.302,0.000,1605333,0,0,171254
4551,13.2843,1.829,2.443,2.435,0.000,0.618,0.000,1821987,0,0,171254
4552,13.2861,2.005,1.644,1.635,0.000,0.619,0.000,1997423,0,0,171254
4553,13.2877,1.568,1.612,1.604,0.000,0.316,0.000,1561106,0,0,171254
4554,13.2895,1.791,1.830,1.821,0.000,0.626,0.000,1784527,0,0,171254
4555,13.2911,1.525,2.004,1.996,0.000,0.542,0.000,1519345,0,0,171254
4556,13.2937,1.621,1.567,1.560,0.000,0.637,0.000,1615113,0,0,171254
4557,13.2955,2.785,1.790,1.784,0.000,0.611,0.000,2779138,0,0,171254
4558,13.2970,1.628,1.525,1.518,0.000,0.612,0.000,1621099,0,0,171254
4559,13.2985,1.526,1.622,1.614,0.000,0.591,0.000,1519998,0,0,171254
4560,13.3009,1.801,2.786,2.778,0.000,0.577,0.000,1795539,0,0,171254
4561,13.3032,2.581,1.627,1.620,0.000,0.556,0.000,2572183,0,0,190345
4562,13.3048,1.818,1.526,1.519,0.000,0.336,0.000,1806893,0,0,171350
4563,13.3063,1.541,1.805,1.794,0.000,0.271,0.000,1534025,0,0,171254
4564,13.3081,1.697,2.583,2.571,0.000,0.585,0.000,1691338,0,0,171254
4565,13.3099,1.787,1.814,1.805,0.000,0.593,0.000,1778968,0,0,171254
4566,13.3116,1.766,1.540,1.533,0.000,0.322,0.000,1759166,0,0,171814
4567,13.3132,1.593,1.699,1.690,0.000,0.613,0.000,1586115,0,0,171310
4568,13.3147,1.569,1.786,1.778,0.000,0.600,0.000,1562203,0,0,171254
4569,13.3163,1.539,1.766,1.758,0.000,0.542,0.000,1532071,0,0,171254
4570,13.3190,2.678,1.593,1.585,0.000,0.554,0.000,2671283,0,0,171254
4571,13.3206,1.652,1.569,1.561,0.000,0.573,0.000,1645009,0,0,171254
4572,13.3231,1.862,1.539,1.531,0.000,0.582,0.000,1856151,0,0,171254
4573,13.3252,2.580,2.678,2.670,0.000,0.644,0.000,2571296,0,0,171254
4574,13.3276,2.026,1.651,1.644,0.000,0.268,0.000,2014147,0,0,171254
4575,13.3298,2.442,1.865,1.855,0.000,0.287,0.000,2431311,0,0,171254
4576,13.3314,1.874,2.583,2.570,0.000,0.312,0.000,1861668,0,0,171254
4577,13.3330,1.560,2.025,2.013,0.000,0.286,0.000,1554161,0,0,171254
4578,13.3345,1.547,2.443,2.430,0.000,0.432,0.000,1540692,0,0,171254
4579,13.3369,1.835,1.868,1.860,0.000,0.299,0.000,1829619,0,0,171254
4580,13.3387,2.297,1.560,1.553,0.000,0.296,0.000,2275057,0,0,171254
4581,13.3403,1.612,1.547,1.540,0.000,0.255,0.000,1605136,0,0,171254
4582,13.3420,1.608,1.853,1.828,0.000,0.280,0.000,1600793,0,0,171254
4583,13.3436,1.715,2.281,2.272,0.000,0.333,0.000,1707933,0,0,171254
4584,13.3468,2.626,1.612,1.604,0.000,0.287,0.000,2619005,0,0,171254
4585,13.3494,2.643,1.608,1.600,0.000,0.270,0.000,2635904,0,0,171254
4586,13.3512,2.248,1.715,1.707,0.000,0.291,0.000,2238047,0,0,171254
4587,13.3528,1.710,2.627,2.618,0.000,0.291,0.000,1702227,0,0,171254
4588,13.3545,1.652,2.646,2.635,0.000,0.323,0.000,1644466,0,0,171254
4589,13.3561,1.602,2.245,2.236,0.000,0.622,0.000,1595861,0,0,171254
4590,13.3584,1.901,1.710,1.701,0.000,0.588,0.000,1894086,0,0,171254
4591,13.3604,2.412,1.651,1.643,0.000,0.643,0.000,2402834,0,0,171254
4592,13.3620,1.564,1.603,1.595,0.000,0.609,0.000,1556672,0,0,171350
4593,13.3645,1.951,1.903,1.893,0.000,0.596,0.000,1944758,0,0,171254
4594,13.3668,2.818,2.410,2.401,0.000,0.526,0.000,2807815,0,0,171254
4595,13.3685,1.767,1.563,1.555,0.000,0.319,0.000,1758554,0,0,171254
4596,13.3701,1.628,1.955,1.944,0.000,0.710,0.000,1620663,0,0,171254
4597,13.3727,1.570,2.816,2.806,0.000,0.628,0.000,1563704,0,0,171254
4598,13.3745,2.689,1.765,1.757,0.000,0.602,0.000,2692866,0,0,171254
4599,13.3761,1.748,1.627,1.619,0.000,0.588,0.000,1729969,0,0,171254
4600,13.3777,1.619,1.570,1.563,0.000,0.658,0.000,1612990,0,0,171254
4601,13.3793,1.561,2.701,2.692,0.000,0.609,0.000,1554398,0,0,171254
4602,13.3808,1.563,1.736,1.729,0.000,0.322,0.000,1556602,0,0,171254
4603,13.3826,1.589,1.620,1.612,0.000,0.570,0.000,1581814,0,0,171254
4604,13.3841,1.695,1.561,1.553,0.000,0.662,0.000,1688654,0,0,171254
4605,13.3857,1.568,1.563,1.556,0.000,0.333,0.000,1560951,0,0,171254
4606,13.3873,1.619,1.589,1.581,0.000,0.604,0.000,1612618,0,0,171254
4607,13.3888,1.535,1.696,1.687,0.000,0.310,0.000,1528660,0,0,171254
4608,13.3904,1.536,1.567,1.560,0.000,0.249,0.000,1529354,0,0,171254
4609,13.3920,1.609,1.619,1.611,0.000,0.243,0.000,1602404,0,0,171254
4610,13.3942,1.734,1.535,1.528,0.000,0.330,0.000,1727302,0,0,171254
4611,13.3981,2.441,1.536,1.528,0.000,0.279,0.000,2431153,0,0,171254
4612,13.4009,4.048,1.609,1.601,0.000,0.280,0.000,4038220,0,0,171254
4613,13.4033,2.841,1.738,1.726,0.000,0.357,0.000,2829061,0,0,171254
4614,13.4050,1.922,2.440,2.428,0.000,0.312,0.000,1911149,0,0,171254
4615,13.4066,1.570,4.051,4.037,0.000,0.348,0.000,1563603,0,0,171254
4616,13.4090,1.914,2.839,2.827,0.000,0.290,0.000,1908328,0,0,171254
4617,13.4113,2.603,1.917,1.910,0.000,0.246,0.000,2592755,0,0,171254
4618,13.4137,2.125,1.570,1.563,0.000,0.275,0.000,2115284,0,0,171254
4619,13.4156,2.249,1.920,1.907,0.000,0.359,0.000,2238457,0,0,171254
4620,13.4176,1.961,2.602,2.590,0.000,0.371,0.000,1954024,0,0,171254
4621,13.4195,1.972,2.126,2.114,0.000,0.425,0.000,1965429,0,0,171254
4622,13.4214,1.780,2.245,2.237,0.000,0.728,0.000,1772947,0,0,171350
4623,13.4233,1.989,1.961,1.953,0.000,0.726,0.000,1982059,0,0,171254
4624,13.4251,1.799,1.973,1.964,0.000,0.723,0.000,1791434,0,0,171254
4625,13.4280,1.872,1.780,1.772,0.000,0.739,0.000,1865218,0,0,171254
4626,13.4302,3.204,1.990,1.981,0.000,0.351,0.000,3196251,0,0,171254
4627,13.4320,1.873,1.799,1.790,0.000,0.346,0.000,1865050,0,0,171254
4628,13.4337,1.738,1.874,1.864,0.000,0.357,0.000,1730101,0,0,171254
4629,13.4353,1.655,3.204,3.195,0.000,0.343,0.000,1647551,0,0,171254
4630,13.4379,2.043,1.873,1.864,0.000,0.278,0.000,2035466,0,0,171254
4631,13.4397,2.214,1.738,1.729,0.000,0.265,0.000,2200803,0,0,171254
4632,13.4416,1.770,1.655,1.646,0.000,0.300,0.000,1762857,0,0,171254
4633,13.4434,1.947,2.048,2.034,0.000,0.292,0.000,1939977,0,0,171254
4634,13.4451,1.806,2.208,2.199,0.000,0.287,0.000,1798644,0,0,171254
4635,13.4470,1.811,1.770,1.762,0.000,0.256,0.000,1804167,0,0,171254
4636,13.4487,1.720,1.948,1.939,0.000,0.653,0.000,1713221,0,0,171254
4637,13.4504,1.800,1.806,1.797,0.000,0.306,0.000,1793529,0,0,171254
4638,13.4521,1.642,1.811,1.803,0.000,0.270,0.000,1634851,0,0,171254
4639,13.4546,1.607,1.720,1.712,0.000,0.647,0.000,1600269,0,0,171254
4640,13.4562,2.577,1.800,1.792,0.000,0.626,0.000,2570286,0,0,171254
4641,13.4578,1.574,1.641,1.634,0.000,0.462,0.000,1567669,0,0,171254
4642,13.4595,1.656,1.607,1.599,0.000,0.279,0.000,1649790,0,0,171254
4643,13.4612,1.586,2.577,2.569,0.000,0.251,0.000,1579633,0,0,171254
4644,13.4627,1.694,1.574,1.567,0.000,0.329,0.000,1687183,0,0,171254
4645,13.4643,1.587,1.656,1.649,0.000,0.598,0.000,1580813,0,0,171254
4646,13.4658,1.549,1.586,1.579,0.000,0.594,0.000,1543130,0,0,171254
4647,13.4676,1.706,1.694,1.686,0.000,0.460,0.000,1699893,0,0,171254
4648,13.4691,1.545,1.587,1.580,0.000,0.543,0.000,1539651,0,0,171254
4649,13.4708,1.594,1.549,1.542,0.000,0.597,0.000,1587303,0,0,171254
4650,13.4724,1.671,1.706,1.699,0.000,0.582,0.000,1664214,0,0,171254
4651,13.4749,1.920,1.546,1.539,0.000,0.577,0.000,1913287,0,0,171254
4652,13.4765,2.176,1.594,1.586,0.000,0.288,0.000,2165831,0,0,171350
4653,13.4797,1.845,1.671,1.663,0.000,0.316,0.000,1838339,0,0,171254
4654,13.4823,3.299,1.924,1.912,0.000,0.385,0.000,3289613,0,0,171254
4655,13.4843,2.690,2.173,2.164,0.000,0.273,0.000,2678310,0,0,171254
4656,13.4862,1.822,1.848,1.837,0.000,0.339,0.000,1812430,0,0,171254
4657,13.4878,1.652,3.301,3.288,0.000,0.287,0.000,1641682,0,0,171254
4658,13.4893,1.545,2.688,2.677,0.000,0.321,0.000,1538004,0,0,171254
4659,13.4909,1.520,1.823,1.811,0.000,0.329,0.000,1513796,0,0,171254
4660,13.4924,1.588,1.649,1.640,0.000,0.272,0.000,1581976,0,0,171254
4661,13.4942,1.765,1.544,1.537,0.000,0.252,0.000,1759369,0,0,171254
4662,13.4958,1.579,1.520,1.513,0.000,0.669,0.000,1572484,0,0,171254
4663,13.4974,1.623,1.588,1.581,0.000,0.618,0.000,1616701,0,0,171254
4664,13.4997,1.851,1.766,1.758,0.000,0.630,0.000,1844094,0,0,171254
4665,13.5014,1.976,1.578,1.571,0.000,0.586,0.000,1966800,0,0,171254
4666,13.5032,1.806,1.624,1.616,0.000,0.334,0.000,1799309,0,0,171254
4667,13.5068,2.155,1.853,1.843,0.000,0.280,0.000,2147666,0,0,171254
4668,13.5087,3.385,1.973,1.965,0.000,0.689,0.000,3374223,0,0,171254
4669,13.5104,1.801,1.807,1.798,0.000,0.364,0.000,1792787,0,0,171254
4670,13.5123,1.798,2.158,2.146,0.000,0.713,0.000,1791127,0,0,171254
4671,13.5141,1.784,3.382,3.372,0.000,0.435,0.000,1776760,0,0,171254
4672,13.5158,1.806,1.800,1.791,0.000,0.313,0.000,1798405,0,0,171254
4673,13.5175,1.690,1.798,1.790,0.000,0.344,0.000,1682583,0,0,171254
4674,13.5192,1.674,1.784,1.775,0.000,0.288,0.000,1666698,0,0,171254
4675,13.5207,1.597,1.806,1.797,0.000,0.270,0.000,1590242,0,0,171254
4676,13.5224,1.562,1.690,1.681,0.000,0.264,0.000,1555344,0,0,171254
4677,13.5240,1.702,1.674,1.665,0.000,0.244,0.000,1695980,0,0,171254
4678,13.5256,1.575,1.597,1.589,0.000,0.266,0.000,1568788,0,0,171254
4679,13.5272,1.657,1.562,1.554,0.000,0.261,0.000,1650175,0,0,171254
4680,13.5288,1.608,1.703,1.695,0.000,0.317,0.000,1601308,0,0,171254
4681,13.5317,1.649,1.575,1.568,0.000,0.282,0.000,1642092,0,0,190345
4682,13.5334,2.863,1.657,1.649,0.000,0.321,0.000,2856096,0,0,171350
4683,13.5351,1.678,1.608,1.600,0.000,0.267,0.000,1664249,0,0,171254
4684,13.5371,1.608,1.649,1.641,0.000,0.664,0.000,1601169,0,0,171254
4685,13.5389,2.254,2.870,2.855,0.000,0.657,0.000,2248279,0,0,171254
4686,13.5413,1.675,1.671,1.663,0.000,0.596,0.000,1668439,0,0,171254
4687,13.5433,2.521,1.607,1.600,0.000,0.699,0.000,2514852,0,0,171254
4688,13.5451,1.925,2.255,2.247,0.000,0.636,0.000,1916344,0,0,171254
4689,13.5468,1.731,1.675,1.667,0.000,0.700,0.000,1723870,0,0,171254
4690,13.5486,1.779,2.524,2.514,0.000,0.659,0.000,1771555,0,0,171254
4691,13.5503,1.735,1.923,1.915,0.000,0.325,0.000,1727952,0,0,171254
4692,13.5521,1.742,1.731,1.723,0.000,0.297,0.000,1734736,0,0,171254
4693,13.5538,1.734,1.779,1.770,0.000,0.283,0.000,1727273,0,0,171254
4694,13.5555,1.718,1.735,1.727,0.000,0.284,0.000,1710502,0,0,171254
4695,13.5571,1.620,1.742,1.734,0.000,0.262,0.000,1613693,0,0,171254
4696,13.5599,2.696,1.734,1.726,0.000,0.322,0.000,2689648,0,0,171254
4697,13.5619,1.813,1.717,1.709,0.000,0.261,0.000,1805626,0,0,171254
4698,13.5638,2.047,1.620,1.613,0.000,0.286,0.000,2039485,0,0,171254
4699,13.5657,1.904,2.697,2.688,0.000,0.708,0.000,1895859,0,0,171254
4700,13.5676,1.879,1.813,1.804,0.000,0.687,0.000,1871372,0,0,171254
4701,13.5694,1.890,2.047,2.038,0.000,0.386,0.000,1881723,0,0,171254
4702,13.5711,1.757,1.903,1.895,0.000,0.396,0.000,1749904,0,0,171254
4703,13.5728,1.686,1.880,1.870,0.000,0.680,0.000,1678317,0,0,171254
4704,13.5744,1.623,1.889,1.880,0.000,0.342,0.000,1616560,0,0,171254
4705,13.5760,1.575,1.757,1.749,0.000,0.276,0.000,1567921,0,0,171254
4706,13.5776,1.618,1.685,1.677,0.000,0.279,0.000,1611411,0,0,171254
4707,13.5791,1.586,1.624,1.615,0.000,0.238,0.000,1578920,0,0,171254
4708,13.5807,1.556,1.575,1.567,0.000,0.611,0.000,1549518,0,0,171254
4709,13.5824,1.578,1.618,1.610,0.000,0.598,0.000,1570895,0,0,171254
4710,13.5850,2.668,1.585,1.578,0.000,0.331,0.000,2661293,0,0,171254
4711,13.5866,1.612,1.556,1.548,0.000,0.251,0.000,1604694,0,0,171254
4712,13.5881,1.568,1.578,1.570,0.000,0.268,0.000,1561185,0,0,171350
4713,13.5897,1.600,2.669,2.660,0.000,0.243,0.000,1593668,0,0,171254
4714,13.5921,1.863,1.611,1.604,0.000,0.232,0.000,1857235,0,0,171254
4715,13.5946,2.477,1.568,1.560,0.000,0.233,0.000,2467169,0,0,171254
4716,13.5966,2.462,1.600,1.592,0.000,0.247,0.000,2451197,0,0,171254
4717,13.5982,1.679,1.868,1.856,0.000,0.263,0.000,1668627,0,0,171254
4718,13.5997,1.555,2.478,2.465,0.000,0.253,0.000,1547908,0,0,171254
4719,13.6014,1.511,2.461,2.449,0.000,0.326,0.000,1504681,0,0,171254
4720,13.6029,1.650,1.674,1.666,0.000,0.333,0.000,1643528,0,0,171254
4721,13.6045,1.534,1.554,1.547,0.000,0.280,0.000,1528215,0,0,171254
4722,13.6061,1.612,1.511,1.504,0.000,0.254,0.000,1605844,0,0,171254
4723,13.6077,1.627,1.650,1.642,0.000,0.634,0.000,1620245,0,0,171254
4724,13.6103,1.555,1.535,1.527,0.000,0.619,0.000,1548678,0,0,171254
4725,13.6120,2.710,1.612,1.605,0.000,0.645,0.000,2703782,0,0,171254
4726,13.6135,1.591,1.626,1.619,0.000,0.375,0.000,1584283,0,0,171254
4727,13.6151,1.544,1.555,1.548,0.000,0.304,0.000,1537306,0,0,171254
4728,13.6168,1.634,2.711,2.703,0.000,0.261,0.000,1627137,0,0,171254
4729,13.6184,1.615,1.591,1.583,0.000,0.249,0.000,1608547,0,0,171254
4730,13.6200,1.641,1.544,1.536,0.000,0.317,0.000,1635147,0,0,171254
4731,13.6218,1.617,1.634,1.626,0.000,0.263,0.000,1610424,0,0,171254
4732,13.6234,1.739,1.615,1.607,0.000,0.328,0.000,1732646,0,0,171254
4733,13.6250,1.591,1.642,1.634,0.000,0.301,0.000,1584309,0,0,171254
4734,13.6265,1.589,1.617,1.609,0.000,0.281,0.000,1582827,0,0,171254
4735,13.6280,1.543,1.739,1.732,0.000,0.311,0.000,1536549,0,0,171254
4736,13.6297,1.576,1.591,1.583,0.000,0.304,0.000,1570206,0,0,171254
4737,13.6313,1.630,1.589,1.582,0.000,0.300,0.000,1624096,0,0,171254
4738,13.6361,1.649,1.543,1.535,0.000,0.259,0.000,1642369,0,0,171254
4739,13.6382,5.004,1.576,1.569,0.000,0.641,0.000,4997782,0,0,171254
4740,13.6406,2.659,1.631,1.623,0.000,0.277,0.000,2651681,0,0,171254
4741,13.6430,1.673,1.649,1.641,0.000,0.310,0.000,1663321,0,0,171254
4742,13.6449,2.586,5.006,4.997,0.000,0.327,0.000,2579001,0,0,171350
4743,13.6467,1.772,2.661,2.650,0.000,0.280,0.000,1764297,0,0,171254
4744,13.6485,1.803,1.669,1.661,0.000,0.753,0.000,1796376,0,0,171254
4745,13.6505,1.950,2.587,2.578,0.000,0.315,0.000,1942720,0,0,171254
4746,13.6521,1.729,1.771,1.763,0.000,0.450,0.000,1722595,0,0,171254
4747,13.6539,1.629,1.804,1.795,0.000,0.281,0.000,1621550,0,0,171254
4748,13.6557,1.842,1.950,1.942,0.000,0.261,0.000,1834735,0,0,171254
4749,13.6573,1.687,1.730,1.721,0.000,0.315,0.000,1680114,0,0,171254
4750,13.6589,1.638,1.629,1.620,0.000,0.291,0.000,1631297,0,0,171254
4751,13.6606,1.644,1.842,1.834,0.000,0.273,0.000,1637088,0,0,171254
4752,13.6624,1.603,1.687,1.679,0.000,0.600,0.000,1596365,0,0,171254
4753,13.6650,1.804,1.638,1.630,0.000,0.622,0.000,1797394,0,0,171254
4754,13.6668,2.719,1.644,1.636,0.000,0.590,0.000,2712047,0,0,171254
4755,13.6684,1.712,1.603,1.595,0.000,0.565,0.000,1704821,0,0,171254
4756,13.6700,1.631,1.805,1.796,0.000,0.600,0.000,1624657,0,0,171254
4757,13.6715,1.546,2.719,2.711,0.000,0.342,0.000,1539784,0,0,171254
4758,13.6730,1.463,1.711,1.704,0.000,0.250,0.000,1456491,0,0,171254
4759,13.6747,1.644,1.631,1.624,0.000,0.222,0.000,1637590,0,0,171254
4760,13.6764,1.655,1.546,1.539,0.000,0.602,0.000,1648991,0,0,171254
4761,13.6781,1.691,1.463,1.455,0.000,0.753,0.000,1684434,0,0,171254
4762,13.6798,1.736,1.644,1.637,0.000,0.285,0.000,1728370,0,0,171254
4763,13.6817,1.706,1.656,1.648,0.000,0.275,0.000,1698684,0,0,171254
4764,13.6836,1.880,1.692,1.683,0.000,0.318,0.000,1871342,0,0,171254
4765,13.6854,1.950,1.736,1.727,0.000,0.286,0.000,1940258,0,0,171254
4766,13.6872,1.833,1.708,1.697,0.000,0.396,0.000,1825760,0,0,171254
4767,13.6900,1.766,1.881,1.870,0.000,0.327,0.000,1758578,0,0,171254
4768,13.6919,2.889,1.948,1.939,0.000,0.299,0.000,2881473,0,0,171254
4769,13.6938,1.844,1.833,1.825,0.000,0.668,0.000,1836902,0,0,171254
4770,13.6957,1.927,1.766,1.757,0.000,0.327,0.000,1919123,0,0,171254
4771,13.6975,1.852,2.889,2.880,0.000,0.646,0.000,1843984,0,0,171254
4772,13.6993,1.777,1.844,1.836,0.000,0.700,0.000,1770371,0,0,171350
4773,13.7014,1.886,1.927,1.918,0.000,0.645,0.000,1879284,0,0,171254
4774,13.7035,2.171,1.851,1.843,0.000,0.335,0.000,2162783,0,0,171254
4775,13.7055,2.113,1.777,1.769,0.000,0.358,0.000,2103741,0,0,171254
4776,13.7080,2.044,1.888,1.878,0.000,0.408,0.000,2035585,0,0,171254
4777,13.7099,2.417,2.172,2.161,0.000,0.354,0.000,2406477,0,0,171254
4778,13.7117,1.769,2.112,2.103,0.000,0.299,0.000,1761437,0,0,171254
4779,13.7140,1.851,2.047,2.034,0.000,0.339,0.000,1844477,0,0,171254
4780,13.7163,2.643,2.412,2.404,0.000,0.671,0.000,2635896,0,0,171254
4781,13.7192,1.958,1.768,1.760,0.000,0.632,0.000,1947774,0,0,171254
4782,13.7214,2.996,1.852,1.843,0.000,0.296,0.000,2988301,0,0,171254
4783,13.7233,2.124,2.646,2.635,0.000,0.325,0.000,2115907,0,0,171254
4784,13.7251,1.869,1.955,1.946,0.000,0.307,0.000,1860742,0,0,171254
4785,13.7275,1.843,2.996,2.987,0.000,0.351,0.000,1835543,0,0,171254
4786,13.7295,2.419,2.124,2.114,0.000,0.344,0.000,2410964,0,0,171254
4787,13.7315,2.026,1.868,1.859,0.000,0.342,0.000,2018558,0,0,171254
4788,13.7334,1.925,1.843,1.834,0.000,0.403,0.000,1917539,0,0,171254
4789,13.7353,1.903,2.419,2.410,0.000,0.345,0.000,1895068,0,0,171254
4790,13.7371,1.873,2.026,2.017,0.000,0.352,0.000,1865182,0,0,171254
4791,13.7390,1.815,1.925,1.916,0.000,0.330,0.000,1806563,0,0,171254
4792,13.7409,1.899,1.903,1.894,0.000,0.698,0.000,1891942,0,0,171254
4793,13.7428,1.839,1.873,1.864,0.000,0.518,0.000,1831556,0,0,171254
4794,13.7445,1.903,1.814,1.805,0.000,0.303,0.000,1895718,0,0,171254
4795,13.7473,1.704,1.899,1.891,0.000,0.369,0.000,1696628,0,0,171254
4796,13.7491,2.825,1.838,1.830,0.000,0.286,0.000,2817759,0,0,171254
4797,13.7508,1.747,1.903,1.895,0.000,0.254,0.000,1738525,0,0,171254
4798,13.7523,1.632,1.704,1.695,0.000,0.287,0.000,1625111,0,0,171254
4799,13.7539,1.538,2.826,2.817,0.000,0.346,0.000,1531800,0,0,171254
4800,13.7558,1.851,1.745,1.737,0.000,0.276,0.000,1843818,0,0,171254
4801,13.7575,1.670,1.632,1.624,0.000,0.238,0.000,1659538,0,0,190345
4802,13.7598,1.919,1.539,1.531,0.000,0.312,0.000,1912753,0,0,171350
4803,13.7615,2.012,1.854,1.843,0.000,0.579,0.000,2001773,0,0,171254
4804,13.7630,1.694,1.666,1.658,0.000,0.620,0.000,1677802,0,0,171254
4805,13.7646,1.559,1.922,1.912,0.000,0.585,0.000,1551992,0,0,171254
4806,13.7663,1.712,2.018,2.000,0.000,0.584,0.000,1706128,0,0,171254
4807,13.7679,1.552,1.684,1.677,0.000,0.546,0.000,1546455,0,0,171254
4808,13.7695,1.589,1.558,1.551,0.000,0.592,0.000,1582784,0,0,171254
4809,13.7723,1.692,1.712,1.705,0.000,0.548,0.000,1685144,0,0,171254
4810,13.7741,2.872,1.552,1.545,0.000,0.581,0.000,2864623,0,0,171254
4811,13.7758,1.731,1.590,1.582,0.000,0.623,0.000,1723209,0,0,171254
4812,13.7774,1.625,1.692,1.684,0.000,0.299,0.000,1617455,0,0,171254
4813,13.7789,1.541,2.872,2.863,0.000,0.254,0.000,1534202,0,0,171254
4814,13.7804,1.508,1.731,1.722,0.000,0.255,0.000,1501669,0,0,171254
4815,13.7829,1.834,1.624,1.616,0.000,0.241,0.000,1827576,0,0,171254
4816,13.7854,2.646,1.540,1.533,0.000,0.235,0.000,2636120,0,0,171254
4817,13.7875,2.461,1.508,1.501,0.000,0.253,0.000,2449660,0,0,171254
4818,13.7891,1.742,1.839,1.827,0.000,0.324,0.000,1735196,0,0,171254
4819,13.7907,1.589,2.646,2.633,0.000,0.294,0.000,1581421,0,0,171254
4820,13.7923,1.629,2.456,2.448,0.000,0.294,0.000,1622546,0,0,171254
4821,13.7940,1.620,1.742,1.734,0.000,0.309,0.000,1612507,0,0,171254
4822,13.7956,1.634,1.588,1.580,0.000,0.305,0.000,1628126,0,0,171254
4823,13.7983,1.685,1.630,1.621,0.000,0.252,0.000,1678365,0,0,171254
4824,13.8000,2.667,1.619,1.611,0.000,0.272,0.000,2660392,0,0,171254
4825,13.8017,1.613,1.635,1.627,0.000,0.275,0.000,1605161,0,0,171254
4826,13.8033,1.741,1.685,1.677,0.000,0.259,0.000,1734628,0,0,171254
4827,13.8048,1.539,2.668,2.659,0.000,0.255,0.000,1532554,0,0,171254
4828,13.8064,1.561,1.612,1.604,0.000,0.286,0.000,1554305,0,0,171254
4829,13.8079,1.492,1.741,1.734,0.000,0.619,0.000,1485598,0,0,171254
4830,13.8094,1.523,1.539,1.532,0.000,0.639,0.000,1517305,0,0,171254
4831,13.8110,1.535,1.561,1.553,0.000,0.575,0.000,1528875,0,0,171254
4832,13.8125,1.599,1.492,1.485,0.000,0.587,0.000,1592315,0,0,171350
4833,13.8140,1.489,1.523,1.516,0.000,0.652,0.000,1482770,0,0,171254
4834,13.8156,1.555,1.536,1.528,0.000,0.340,0.000,1547496,0,0,171254
4835,13.8171,1.568,1.598,1.591,0.000,0.253,0.000,1561539,0,0,171254
4836,13.8187,1.519,1.490,1.482,0.000,0.261,0.000,1512613,0,0,171254
4837,13.8214,1.583,1.554,1.546,0.000,0.234,0.000,1573170,0,0,171254
4838,13.8233,2.847,1.568,1.560,0.000,0.540,0.000,2840076,0,0,171254
4839,13.8249,1.798,1.523,1.511,0.000,0.624,0.000,1791513,0,0,171254
4840,13.8264,1.567,1.580,1.572,0.000,0.642,0.000,1560444,0,0,171254
4841,13.8280,1.538,2.847,2.839,0.000,0.594,0.000,1531771,0,0,171254
4842,13.8296,1.564,1.798,1.790,0.000,0.576,0.000,1557422,0,0,171254
4843,13.8312,1.584,1.567,1.559,0.000,0.544,0.000,1577282,0,0,171254
4844,13.8327,1.600,1.538,1.531,0.000,0.550,0.000,1593740,0,0,171254
4845,13.8343,1.543,1.564,1.556,0.000,0.557,0.000,1536761,0,0,171254
4846,13.8358,1.540,1.584,1.576,0.000,0.546,0.000,1533242,0,0,171254
4847,13.8373,1.536,1.600,1.593,0.000,0.575,0.000,1530547,0,0,171254
4848,13.8390,1.582,1.543,1.536,0.000,0.540,0.000,1575298,0,0,171254
4849,13.8407,1.720,1.539,1.532,0.000,0.551,0.000,1714104,0,0,171254
4850,13.8425,1.650,1.537,1.529,0.000,0.599,0.000,1642752,0,0,171254
4851,13.8452,1.781,1.581,1.574,0.000,0.573,0.000,1774633,0,0,171254
4852,13.8470,2.825,1.721,1.713,0.000,0.599,0.000,2816778,0,0,171254
4853,13.8487,1.681,1.650,1.642,0.000,0.584,0.000,1674212,0,0,171254
4854,13.8503,1.628,1.783,1.773,0.000,0.286,0.000,1620418,0,0,171254
4855,13.8519,1.615,2.824,2.815,0.000,0.266,0.000,1607515,0,0,171254
4856,13.8535,1.583,1.682,1.673,0.000,0.597,0.000,1576771,0,0,171254
4857,13.8551,1.606,1.627,1.619,0.000,0.332,0.000,1599812,0,0,171254
4858,13.8567,1.658,1.614,1.606,0.000,0.238,0.000,1651107,0,0,171254
4859,13.8582,1.563,1.583,1.576,0.000,0.238,0.000,1557046,0,0,171254
4860,13.8600,1.677,1.606,1.595,0.000,0.285,0.000,1670692,0,0,171254
4861,13.8624,1.889,1.657,1.650,0.000,0.248,0.000,1879689,0,0,171254
4862,13.8640,2.244,1.564,1.556,0.000,0.229,0.000,2234001,0,0,171350
4863,13.8655,1.508,1.681,1.670,0.000,0.222,0.000,1501855,0,0,171814
4864,13.8671,1.511,1.889,1.877,0.000,0.235,0.000,1505336,0,0,171310
4865,13.8698,2.606,2.239,2.231,0.000,0.215,0.000,2599358,0,0,171254
4866,13.8715,1.765,1.508,1.501,0.000,0.317,0.000,1757228,0,0,171254
4867,13.8731,1.657,1.512,1.504,0.000,0.274,0.000,1650105,0,0,171254
4868,13.8747,1.581,2.607,2.598,0.000,0.301,0.000,1574408,0,0,171254
4869,13.8762,1.528,1.764,1.756,0.000,0.242,0.000,1521855,0,0,171254
4870,13.8778,1.580,1.657,1.649,0.000,0.247,0.000,1573963,0,0,171254
4871,13.8801,1.821,1.581,1.573,0.000,0.217,0.000,1814812,0,0,171254
4872,13.8826,2.317,1.528,1.521,0.000,0.261,0.000,2307320,0,0,171254
4873,13.8842,2.239,1.580,1.573,0.000,0.239,0.000,2229148,0,0,171254
4874,13.8857,1.596,1.826,1.814,0.000,0.319,0.000,1588422,0,0,171254
4875,13.8872,1.493,2.316,2.305,0.000,0.545,0.000,1486275,0,0,171254
4876,13.8888,1.539,2.237,2.228,0.000,0.252,0.000,1533513,0,0,171254
4877,13.8903,1.523,1.595,1.587,0.000,0.245,0.000,1515685,0,0,171254
4878,13.8919,1.537,1.492,1.485,0.000,0.569,0.000,1530581,0,0,171254
4879,13.8947,2.738,1.540,1.532,0.000,0.291,0.000,2731971,0,0,171254
4880,13.8963,1.650,1.522,1.515,0.000,0.276,0.000,1642322,0,0,171254
4881,13.8979,1.641,1.537,1.530,0.000,0.273,0.000,1633468,0,0,171254
4882,13.8995,1.602,2.740,2.731,0.000,0.479,0.000,1595089,0,0,171254
4883,13.9011,1.500,1.650,1.641,0.000,0.294,0.000,1493868,0,0,171254
4884,13.9026,1.636,1.640,1.632,0.000,0.253,0.000,1630136,0,0,171254
4885,13.9043,1.667,1.602,1.594,0.000,0.252,0.000,1659649,0,0,171254
4886,13.9061,1.802,1.500,1.493,0.000,0.629,0.000,1793416,0,0,171254
4887,13.9078,1.656,1.637,1.629,0.000,0.319,0.000,1649495,0,0,171254
4888,13.9094,1.621,1.669,1.658,0.000,0.309,0.000,1613519,0,0,171254
4889,13.9109,1.542,1.800,1.792,0.000,0.326,0.000,1535359,0,0,171254
4890,13.9124,1.535,1.657,1.648,0.000,0.264,0.000,1528458,0,0,171254
4891,13.9148,1.759,1.620,1.612,0.000,0.239,0.000,1752669,0,0,171254
4892,13.9165,2.273,1.542,1.534,0.000,0.233,0.000,2263797,0,0,171350
4893,13.9190,2.492,1.535,1.527,0.000,0.231,0.000,2484963,0,0,171254
4894,13.9212,1.725,1.763,1.752,0.000,0.236,0.000,1717686,0,0,171254
4895,13.9230,2.209,2.269,2.261,0.000,0.231,0.000,2199794,0,0,171254
4896,13.9246,1.669,2.492,2.484,0.000,0.231,0.000,1662505,0,0,171254
4897,13.9261,1.507,1.728,1.717,0.000,0.210,0.000,1500330,0,0,171254
4898,13.9277,1.588,2.205,2.197,0.000,0.219,0.000,1582075,0,0,171254
4899,13.9293,1.555,1.669,1.661,0.000,0.231,0.000,1547872,0,0,171254
4900,13.9308,1.608,1.506,1.499,0.000,0.596,0.000,1601429,0,0,171254
4901,13.9324,1.590,1.589,1.581,0.000,0.577,0.000,1583989,0,0,171254
4902,13.9340,1.572,1.554,1.547,0.000,0.580,0.000,1565914,0,0,171254
4903,13.9356,1.550,1.607,1.600,0.000,0.598,0.000,1543906,0,0,171254
4904,13.9371,1.578,1.590,1.583,0.000,0.539,0.000,1571769,0,0,171254
4905,13.9387,1.619,1.572,1.565,0.000,0.464,0.000,1612942,0,0,171254
4906,13.9412,1.537,1.550,1.543,0.000,0.285,0.000,1531287,0,0,171254
4907,13.9430,2.585,1.578,1.571,0.000,0.580,0.000,2578497,0,0,171254
4908,13.9446,1.732,1.619,1.612,0.000,0.566,0.000,1724569,0,0,171254
4909,13.9461,1.504,1.538,1.530,0.000,0.588,0.000,1497529,0,0,171254
4910,13.9476,1.522,2.586,2.577,0.000,0.545,0.000,1515545,0,0,171254
4911,13.9491,1.503,1.731,1.723,0.000,0.544,0.000,1497323,0,0,171254
4912,13.9507,1.562,1.504,1.496,0.000,0.544,0.000,1555553,0,0,171254
4913,13.9525,1.669,1.522,1.514,0.000,0.639,0.000,1662333,0,0,171254
4914,13.9544,1.848,1.503,1.496,0.000,0.642,0.000,1840479,0,0,171254
4915,13.9561,1.818,1.562,1.554,0.000,0.613,0.000,1811413,0,0,171254
4916,13.9577,1.629,1.670,1.661,0.000,0.330,0.000,1622841,0,0,171254
4917,13.9594,1.662,1.848,1.839,0.000,0.283,0.000,1655902,0,0,171254
4918,13.9617,1.727,1.817,1.810,0.000,0.278,0.000,1720234,0,0,171254
4919,13.9634,2.260,1.629,1.622,0.000,0.327,0.000,2255042,0,0,171254
4920,13.9661,1.757,1.662,1.655,0.000,0.670,0.000,1748632,0,0,171254
4921,13.9681,2.816,1.727,1.719,0.000,0.503,0.000,2810282,0,0,190345
4922,13.9697,1.815,2.261,2.254,0.000,0.262,0.000,1807233,0,0,171350
4923,13.9713,1.602,1.754,1.747,0.000,0.291,0.000,1595152,0,0,171254
4924,13.9729,1.568,2.818,2.809,0.000,0.272,0.000,1561469,0,0,171254
4925,13.9749,1.602,1.814,1.806,0.000,0.247,0.000,1595789,0,0,171254
4926,13.9774,2.408,1.602,1.594,0.000,0.232,0.000,2401544,0,0,171254
4927,13.9791,2.149,1.568,1.560,0.000,0.234,0.000,2139061,0,0,171254
4928,13.9807,1.621,1.602,1.595,0.000,0.233,0.000,1614767,0,0,171254
4929,13.9824,1.630,2.413,2.400,0.000,0.229,0.000,1623667,0,0,171254
4930,13.9841,1.798,2.144,2.137,0.000,0.232,0.000,1790728,0,0,171254
4931,13.9857,1.613,1.622,1.614,0.000,0.222,0.000,1606526,0,0,171254
4932,13.9873,1.592,1.631,1.623,0.000,0.607,0.000,1585036,0,0,171254
4933,13.9889,1.616,1.797,1.789,0.000,0.237,0.000,1608626,0,0,171254
4934,13.9917,1.652,1.613,1.605,0.000,0.631,0.000,1645022,0,0,171254
4935,13.9935,2.880,1.593,1.584,0.000,0.587,0.000,2873444,0,0,171254
4936,13.9952,1.736,1.615,1.607,0.000,0.617,0.000,1728296,0,0,171254
4937,13.9969,1.683,1.652,1.644,0.000,0.625,0.000,1675923,0,0,171254
4938,13.9986,1.711,2.881,2.872,0.000,0.381,0.000,1704359,0,0,171254
4939,14.0003,1.684,1.735,1.727,0.000,0.255,0.000,1677212,0,0,171254
4940,14.0022,1.757,1.682,1.675,0.000,0.262,0.000,1750359,0,0,171254
4941,14.0039,1.849,1.711,1.703,0.000,0.320,0.000,1842310,0,0,171254
4942,14.0056,1.685,1.684,1.676,0.000,0.268,0.000,1677283,0,0,171254
4943,14.0073,1.716,1.757,1.749,0.000,0.278,0.000,1708707,0,0,171254
4944,14.0090,1.682,1.850,1.841,0.000,0.255,0.000,1674815,0,0,171254
4945,14.0107,1.696,1.684,1.676,0.000,0.618,0.000,1688379,0,0,171254
4946,14.0124,1.690,1.716,1.708,0.000,0.592,0.000,1683326,0,0,171254
4947,14.0140,1.666,1.682,1.674,0.000,0.281,0.000,1659305,0,0,171254
4948,14.0166,1.625,1.695,1.687,0.000,0.262,0.000,1618610,0,0,171254
4949,14.0184,2.700,1.690,1.682,0.000,0.310,0.000,2693875,0,0,171254
4950,14.0200,1.680,1.666,1.658,0.000,0.265,0.000,1672199,0,0,171254
4951,14.0218,1.573,1.625,1.617,0.000,0.303,0.000,1566278,0,0,171254
4952,14.0233,1.772,2.702,2.693,0.000,0.270,0.000,1765561,0,0,171350
4953,14.0249,1.537,1.679,1.671,0.000,0.270,0.000,1530504,0,0,171254
4954,14.0267,1.788,1.573,1.565,0.000,0.283,0.000,1781817,0,0,171254
4955,14.0282,1.536,1.772,1.765,0.000,0.323,0.000,1529860,0,0,171254
4956,14.0306,1.894,1.537,1.529,0.000,0.263,0.000,1887757,0,0,171254
4957,14.0332,2.538,1.788,1.781,0.000,0.270,0.000,2527902,0,0,171254
4958,14.0357,2.535,1.536,1.529,0.000,0.306,0.000,2524381,0,0,171254
4959,14.0374,2.240,1.898,1.887,0.000,0.413,0.000,2230669,0,0,171254
4960,14.0390,1.623,2.538,2.526,0.000,0.305,0.000,1616508,0,0,171254
4961,14.0406,1.557,2.533,2.523,0.000,0.329,0.000,1550076,0,0,171254
4962,14.0432,1.568,2.237,2.229,0.000,0.292,0.000,1561552,0,0,171254
4963,14.0450,2.763,1.623,1.615,0.000,0.328,0.000,2755947,0,0,171254
4964,14.0466,1.663,1.557,1.549,0.000,0.256,0.000,1653957,0,0,171254
4965,14.0482,1.577,1.568,1.560,0.000,0.275,0.000,1570827,0,0,171254
4966,14.0498,1.611,2.765,2.755,0.000,0.245,0.000,1603326,0,0,171254
4967,14.0514,1.627,1.660,1.653,0.000,0.233,0.000,1619888,0,0,171254
4968,14.0529,1.551,1.578,1.570,0.000,0.291,0.000,1544003,0,0,171254
4969,14.0546,1.594,1.610,1.602,0.000,0.279,0.000,1587234,0,0,171254
4970,14.0562,1.623,1.627,1.619,0.000,0.263,0.000,1617006,0,0,171254
4971,14.0577,1.568,1.551,1.543,0.000,0.252,0.000,1561450,0,0,171254
4972,14.0593,1.585,1.594,1.586,0.000,0.251,0.000,1578921,0,0,171254
4973,14.0609,1.582,1.623,1.616,0.000,0.634,0.000,1576175,0,0,171254
4974,14.0626,1.590,1.568,1.560,0.000,0.460,0.000,1583414,0,0,171254
4975,14.0642,1.722,1.585,1.578,0.000,0.584,0.000,1716050,0,0,171254
4976,14.0658,1.602,1.582,1.575,0.000,0.379,0.000,1595289,0,0,171254
4977,14.0686,2.615,1.590,1.582,0.000,0.450,0.000,2608726,0,0,171254
4978,14.0703,1.786,1.723,1.715,0.000,0.280,0.000,1779100,0,0,171254
4979,14.0719,1.695,1.602,1.594,0.000,0.276,0.000,1687841,0,0,171254
4980,14.0734,1.553,2.616,2.608,0.000,0.336,0.000,1546744,0,0,171254
4981,14.0750,1.517,1.786,1.778,0.000,0.588,0.000,1510254,0,0,171254
4982,14.0766,1.576,1.694,1.687,0.000,0.367,0.000,1569307,0,0,171350
4983,14.0786,1.881,1.553,1.546,0.000,0.589,0.000,1875088,0,0,171254
4984,14.0812,2.198,1.516,1.509,0.000,0.309,0.000,2191050,0,0,171254
4985,14.0831,2.319,1.576,1.568,0.000,0.610,0.000,2308141,0,0,171254
4986,14.0847,1.730,1.882,1.874,0.000,0.403,0.000,1723219,0,0,171254
4987,14.0864,1.675,2.202,2.190,0.000,0.692,0.000,1667914,0,0,171254
4988,14.0880,1.625,2.315,2.306,0.000,0.533,0.000,1618175,0,0,171254
4989,14.0895,1.546,1.730,1.722,0.000,0.553,0.000,1539382,0,0,171254
4990,14.0911,1.520,1.674,1.667,0.000,0.550,0.000,1513708,0,0,171254
4991,14.0938,2.647,1.625,1.617,0.000,0.554,0.000,2640948,0,0,171254
4992,14.0954,1.723,1.546,1.538,0.000,0.357,0.000,1715608,0,0,171254
4993,14.0970,1.600,1.520,1.513,0.000,0.342,0.000,1593652,0,0,171254
4994,14.0986,1.560,2.648,2.640,0.000,0.312,0.000,1553254,0,0,171254
4995,14.1002,1.594,1.722,1.714,0.000,0.256,0.000,1587219,0,0,171254
4996,14.1019,1.563,1.600,1.592,0.000,0.246,0.000,1556675,0,0,171254
4997,14.1034,1.691,1.560,1.552,0.000,0.252,0.000,1684145,0,0,171254
4998,14.1050,1.622,1.594,1.586,0.000,0.236,0.000,1615017,0,0,171254
4999,14.1067,1.593,1.563,1.556,0.000,0.598,0.000,1586257,0,0,171254
5000,14.1084,1.681,1.691,1.683,0.000,0.333,0.000,1674457,0,0,171254
5001,14.1102,1.761,1.622,1.614,0.000,0.307,0.000,1753275,0,0,171254
5002,14.1119,1.756,1.593,1.585,0.000,0.341,0.000,1748371,0,0,171254
5003,14.1135,1.631,1.682,1.673,0.000,0.357,0.000,1623764,0,0,171254
5004,14.1150,1.557,1.761,1.752,0.000,0.310,0.000,1549860,0,0,171254
5005,14.1177,1.609,1.755,1.747,0.000,0.620,0.000,1602332,0,0,171254
5006,14.1195,2.788,1.631,1.623,0.000,0.568,0.000,2780639,0,0,171254
5007,14.1214,1.639,1.556,1.549,0.000,0.454,0.000,1629989,0,0,171254
5008,14.1231,1.984,1.610,1.601,0.000,0.460,0.000,1976695,0,0,171254
5009,14.1248,1.669,2.789,2.779,0.000,0.444,0.000,1661802,0,0,171254
5010,14.1266,1.796,1.637,1.629,0.000,0.290,0.000,1788568,0,0,171254
5011,14.1285,1.868,1.984,1.976,0.000,0.266,0.000,1859949,0,0,171254
5012,14.1303,1.800,1.669,1.661,0.000,0.463,0.000,1792283,0,0,171350
5013,14.1320,1.750,1.796,1.787,0.000,0.308,0.000,1743040,0,0,171254
5014,14.1338,1.782,1.867,1.859,0.000,0.314,0.000,1774960,0,0,171254
5015,14.1354,1.674,1.799,1.791,0.000,0.276,0.000,1666953,0,0,171254
5016,14.1371,1.630,1.750,1.742,0.000,0.298,0.000,1623168,0,0,171254
5017,14.1386,1.614,1.782,1.774,0.000,0.258,0.000,1606844,0,0,171254
5018,14.1402,1.592,1.674,1.666,0.000,0.258,0.000,1585171,0,0,171254
5019,14.1450,1.577,1.630,1.622,0.000,0.244,0.000,1570115,0,0,171254
5020,14.1475,5.267,1.614,1.606,0.000,0.473,0.000,5261563,0,0,171254
5021,14.1501,2.899,1.592,1.584,0.000,0.618,0.000,2888266,0,0,171254
5022,14.1518,1.766,1.577,1.569,0.000,0.666,0.000,1756924,0,0,171254
5023,14.1535,1.682,5.273,5.260,0.000,0.421,0.000,1674459,0,0,171254
5024,14.1553,1.740,2.897,2.886,0.000,0.294,0.000,1732890,0,0,171254
5025,14.1571,1.865,1.763,1.754,0.000,0.255,0.000,1856621,0,0,171254
5026,14.1588,1.767,1.681,1.673,0.000,0.329,0.000,1757849,0,0,171254
5027,14.1605,1.671,1.741,1.732,0.000,0.347,0.000,1663968,0,0,171254
5028,14.1624,1.755,1.865,1.855,0.000,0.604,0.000,1748018,0,0,171254
5029,14.1641,1.833,1.765,1.757,0.000,0.337,0.000,1825457,0,0,171254
5030,14.1660,1.745,1.671,1.663,0.000,0.525,0.000,1738174,0,0,171254
5031,14.1679,1.999,1.756,1.747,0.000,0.265,0.000,1991196,0,0,171254
5032,14.1697,1.864,1.833,1.824,0.000,0.645,0.000,1856463,0,0,171254
5033,14.1714,1.673,1.746,1.737,0.000,0.672,0.000,1665596,0,0,171254
5034,14.1740,1.707,1.999,1.990,0.000,0.408,0.000,1699673,0,0,171254
5035,14.1759,2.687,1.863,1.855,0.000,0.311,0.000,2680234,0,0,171254
5036,14.1778,1.949,1.673,1.664,0.000,0.307,0.000,1941387,0,0,171254
5037,14.1798,1.943,1.707,1.699,0.000,0.317,0.000,1935120,0,0,171254
5038,14.1820,1.875,2.688,2.679,0.000,0.356,0.000,1866996,0,0,171254
5039,14.1842,2.481,1.950,1.940,0.000,0.338,0.000,2472947,0,0,171254
5040,14.1862,2.062,1.943,1.934,0.000,0.372,0.000,2052950,0,0,171254
5041,14.1885,2.115,1.875,1.866,0.000,0.732,0.000,2108140,0,0,190345
5042,14.1906,2.177,2.482,2.472,0.000,0.711,0.000,2168432,0,0,171350
5043,14.1925,1.985,2.060,2.052,0.000,0.629,0.000,1977000,0,0,171254
5044,14.1945,1.960,2.117,2.107,0.000,0.404,0.000,1952884,0,0,171254
5045,14.1964,1.985,2.176,2.167,0.000,0.362,0.000,1977041,0,0,171254
5046,14.1984,1.950,1.985,1.976,0.000,0.351,0.000,1942425,0,0,171254
5047,14.2007,1.926,1.961,1.951,0.000,0.389,0.000,1917917,0,0,171254
5048,14.2038,2.388,1.985,1.976,0.000,0.306,0.000,2379463,0,0,171254
5049,14.2058,3.069,1.950,1.941,0.000,0.350,0.000,3061253,0,0,171254
5050,14.2075,1.874,1.926,1.917,0.000,0.652,0.000,1866149,0,0,171254
5051,14.2103,2.644,2.388,2.378,0.000,0.372,0.000,2636698,0,0,171254
5052,14.2120,1.849,3.069,3.060,0.000,0.268,0.000,1839429,0,0,171254
5053,14.2137,1.685,1.873,1.865,0.000,0.316,0.000,1677956,0,0,171254
5054,14.2153,1.618,2.646,2.636,0.000,0.308,0.000,1610990,0,0,171254
5055,14.2171,1.661,1.846,1.838,0.000,0.257,0.000,1653764,0,0,171254
5056,14.2189,1.822,1.685,1.677,0.000,0.315,0.000,1814620,0,0,171254
5057,14.2207,1.793,1.618,1.610,0.000,0.360,0.000,1786059,0,0,171254
5058,14.2229,1.964,1.661,1.652,0.000,0.288,0.000,1957221,0,0,171254
5059,14.2249,2.168,1.822,1.813,0.000,0.402,0.000,2159087,0,0,171254
5060,14.2269,1.969,1.793,1.785,0.000,0.563,0.000,1961175,0,0,171254
5061,14.2290,2.152,1.966,1.956,0.000,0.647,0.000,2144338,0,0,171254
5062,14.2324,1.968,2.166,2.158,0.000,0.401,0.000,1959233,0,0,171254
5063,14.2345,3.602,1.969,1.960,0.000,0.692,0.000,3594644,0,0,171254
5064,14.2363,1.900,2.153,2.143,0.000,0.418,0.000,1891955,0,0,171254
5065,14.2380,1.700,1.967,1.958,0.000,0.464,0.000,1691749,0,0,171254
5066,14.2397,1.674,3.603,3.593,0.000,0.665,0.000,1667850,0,0,171254
5067,14.2415,1.673,1.899,1.890,0.000,0.653,0.000,1666562,0,0,171254
5068,14.2432,1.832,1.698,1.691,0.000,0.599,0.000,1822766,0,0,171254
5069,14.2450,1.797,1.675,1.667,0.000,0.471,0.000,1789598,0,0,171254
5070,14.2467,1.728,1.676,1.665,0.000,0.274,0.000,1719573,0,0,171254
5071,14.2483,1.613,1.830,1.821,0.000,0.627,0.000,1605782,0,0,171254
5072,14.2499,1.623,1.798,1.788,0.000,0.572,0.000,1616495,0,0,171350
5073,14.2515,1.596,1.726,1.718,0.000,0.598,0.000,1589666,0,0,171254
5074,14.2531,1.579,1.612,1.605,0.000,0.318,0.000,1572071,0,0,171254
5075,14.2546,1.573,1.623,1.615,0.000,0.369,0.000,1566701,0,0,171254
5076,14.2571,1.529,1.597,1.589,0.000,0.289,0.000,1522278,0,0,171254
5077,14.2588,2.567,1.579,1.571,0.000,0.250,0.000,2561536,0,0,171254
5078,14.2606,1.731,1.573,1.566,0.000,0.245,0.000,1724072,0,0,171254
5079,14.2624,1.738,1.528,1.521,0.000,0.247,0.000,1730855,0,0,171254
5080,14.2641,1.804,2.568,2.560,0.000,0.319,0.000,1797762,0,0,171254
5081,14.2658,1.709,1.731,1.723,0.000,0.264,0.000,1701591,0,0,171254
5082,14.2674,1.701,1.738,1.730,0.000,0.301,0.000,1694243,0,0,171254
5083,14.2691,1.615,1.805,1.797,0.000,0.259,0.000,1607725,0,0,171254
5084,14.2708,1.661,1.709,1.701,0.000,0.254,0.000,1654078,0,0,171254
5085,14.2724,1.688,1.701,1.693,0.000,0.325,0.000,1680779,0,0,171254
5086,14.2741,1.655,1.615,1.607,0.000,0.270,0.000,1647897,0,0,171254
5087,14.2758,1.651,1.661,1.653,0.000,0.281,0.000,1643721,0,0,171254
5088,14.2776,1.839,1.688,1.680,0.000,0.598,0.000,1832662,0,0,171254
5089,14.2795,1.791,1.655,1.647,0.000,0.549,0.000,1783013,0,0,171254
5090,14.2825,1.846,1.651,1.643,0.000,0.381,0.000,1839097,0,0,171254
5091,14.2844,3.160,1.840,1.832,0.000,0.309,0.000,3151818,0,0,171254
5092,14.2862,1.786,1.790,1.782,0.000,0.308,0.000,1777245,0,0,171254
5093,14.2879,1.713,1.847,1.838,0.000,0.349,0.000,1705623,0,0,171254
5094,14.2897,1.750,3.160,3.151,0.000,0.303,0.000,1743420,0,0,171254
5095,14.2914,1.733,1.784,1.776,0.000,0.255,0.000,1725723,0,0,171254
5096,14.2931,1.707,1.712,1.705,0.000,0.744,0.000,1700447,0,0,171254
5097,14.2949,1.791,1.751,1.742,0.000,0.666,0.000,1784179,0,0,171254
5098,14.2966,1.765,1.733,1.725,0.000,0.634,0.000,1757763,0,0,171254
5099,14.2982,1.644,1.707,1.699,0.000,0.682,0.000,1637030,0,0,171254
5100,14.2998,1.587,1.792,1.783,0.000,0.498,0.000,1579622,0,0,171254
5101,14.3015,1.579,1.764,1.757,0.000,0.450,0.000,1571562,0,0,171254
5102,14.3031,1.732,1.644,1.636,0.000,0.469,0.000,1724853,0,0,171350
5103,14.3047,1.585,1.587,1.579,0.000,0.306,0.000,1577901,0,0,171254
5104,14.3073,1.593,1.578,1.570,0.000,0.287,0.000,1587260,0,0,171254
5105,14.3091,2.709,1.732,1.724,0.000,0.270,0.000,2702420,0,0,171254
5106,14.3108,1.756,1.584,1.577,0.000,0.322,0.000,1748889,0,0,171254
5107,14.3126,1.816,1.594,1.586,0.000,0.335,0.000,1808450,0,0,171254
5108,14.3142,1.652,2.710,2.701,0.000,0.317,0.000,1644797,0,0,171254
5109,14.3158,1.602,1.757,1.748,0.000,0.607,0.000,1595121,0,0,171254
5110,14.3173,1.554,1.815,1.807,0.000,0.608,0.000,1547839,0,0,171254
5111,14.3189,1.521,1.651,1.644,0.000,0.617,0.000,1513273,0,0,171254
5112,14.3204,1.527,1.602,1.594,0.000,0.576,0.000,1520698,0,0,171254
5113,14.3222,1.576,1.555,1.547,0.000,0.314,0.000,1569546,0,0,171254
5114,14.3238,1.791,1.520,1.512,0.000,0.498,0.000,1783795,0,0,171254
5115,14.3254,1.590,1.527,1.520,0.000,0.404,0.000,1583098,0,0,171254
5116,14.3271,1.656,1.576,1.568,0.000,0.274,0.000,1649846,0,0,171254
5117,14.3287,1.629,1.790,1.783,0.000,0.255,0.000,1622039,0,0,171254
5118,14.3314,2.656,1.590,1.582,0.000,0.280,0.000,2649527,0,0,171254
5119,14.3332,1.765,1.657,1.649,0.000,0.316,0.000,1757926,0,0,171254
5120,14.3352,1.948,1.628,1.621,0.000,0.625,0.000,1941698,0,0,171254
5121,14.3370,1.796,2.657,2.648,0.000,0.336,0.000,1787316,0,0,171254
5122,14.3387,1.766,1.765,1.757,0.000,0.356,0.000,1758622,0,0,171254
5123,14.3403,1.663,1.950,1.941,0.000,0.319,0.000,1655465,0,0,171254
5124,14.3420,1.582,1.795,1.786,0.000,0.609,0.000,1575086,0,0,171254
5125,14.3437,1.775,1.766,1.757,0.000,0.667,0.000,1768412,0,0,171254
5126,14.3453,1.642,1.663,1.654,0.000,0.323,0.000,1633955,0,0,171254
5127,14.3469,1.633,1.581,1.574,0.000,0.291,0.000,1626278,0,0,171254
5128,14.3484,1.538,1.776,1.767,0.000,0.261,0.000,1531253,0,0,171254
5129,14.3500,1.518,1.641,1.633,0.000,0.249,0.000,1511527,0,0,171254
5130,14.3515,1.599,1.633,1.625,0.000,0.250,0.000,1592647,0,0,171254
5131,14.3541,1.530,1.538,1.530,0.000,0.240,0.000,1523553,0,0,171254
5132,14.3558,2.661,1.518,1.510,0.000,0.250,0.000,2654353,0,0,171350
5133,14.3573,1.609,1.599,1.592,0.000,0.320,0.000,1602070,0,0,171254
5134,14.3590,1.607,1.530,1.522,0.000,0.639,0.000,1601013,0,0,171254
5135,14.3606,1.651,2.661,2.653,0.000,0.470,0.000,1644592,0,0,171254
5136,14.3625,1.554,1.608,1.601,0.000,0.302,0.000,1547023,0,0,171254
5137,14.3641,1.904,1.608,1.600,0.000,0.588,0.000,1897153,0,0,171254
5138,14.3657,1.592,1.651,1.643,0.000,0.448,0.000,1585171,0,0,171254
5139,14.3673,1.656,1.553,1.546,0.000,0.266,0.000,1649480,0,0,171254
5140,14.3691,1.712,1.904,1.896,0.000,0.252,0.000,1703771,0,0,171254
5141,14.3708,1.714,1.592,1.584,0.000,0.598,0.000,1705298,0,0,171254
5142,14.3724,1.622,1.657,1.648,0.000,0.428,0.000,1615003,0,0,171254
5143,14.3739,1.585,1.712,1.703,0.000,0.307,0.000,1578632,0,0,171254
5144,14.3756,1.583,1.712,1.704,0.000,0.326,0.000,1577271,0,0,171254
5145,14.3782,1.592,1.622,1.614,0.000,0.262,0.000,1584841,0,0,171254
5146,14.3802,2.912,1.585,1.578,0.000,0.328,0.000,2905083,0,0,171254
5147,14.3819,1.736,1.584,1.576,0.000,0.258,0.000,1727727,0,0,171254
5148,14.3836,1.779,1.592,1.584,0.000,0.329,0.000,1771985,0,0,171254
5149,14.3852,1.693,2.913,2.904,0.000,0.258,0.000,1686400,0,0,171254
5150,14.3869,1.639,1.735,1.727,0.000,0.327,0.000,1632115,0,0,171254
5151,14.3885,1.625,1.779,1.771,0.000,0.248,0.000,1618171,0,0,171254
5152,14.3901,1.604,1.693,1.685,0.000,0.316,0.000,1597457,0,0,171254
5153,14.3917,1.579,1.639,1.631,0.000,0.385,0.000,1572920,0,0,171254
5154,14.3936,1.802,1.625,1.617,0.000,0.592,0.000,1796011,0,0,171254
5155,14.3952,1.683,1.604,1.596,0.000,0.600,0.000,1675584,0,0,171254
5156,14.3968,1.598,1.579,1.572,0.000,0.416,0.000,1590894,0,0,171254
5157,14.3984,1.598,1.804,1.795,0.000,0.287,0.000,1591443,0,0,171254
5158,14.3999,1.556,1.683,1.674,0.000,0.258,0.000,1544069,0,0,171254
5159,14.4027,1.544,1.598,1.590,0.000,0.260,0.000,1537655,0,0,171254
5160,14.4044,2.891,1.604,1.590,0.000,0.231,0.000,2882622,0,0,171814
5161,14.4061,1.721,1.550,1.543,0.000,0.260,0.000,1713027,0,0,190401
5162,14.4076,1.608,1.546,1.536,0.000,0.341,0.000,1601729,0,0,171350
5163,14.4092,1.539,2.890,2.881,0.000,0.614,0.000,1532870,0,0,171254
5164,14.4108,1.610,1.720,1.712,0.000,0.561,0.000,1604149,0,0,171254
5165,14.4124,1.557,1.608,1.601,0.000,0.530,0.000,1550691,0,0,171254
5166,14.4139,1.526,1.539,1.532,0.000,0.268,0.000,1519530,0,0,171254
5167,14.4155,1.576,1.610,1.603,0.000,0.256,0.000,1569897,0,0,171254
5168,14.4171,1.587,1.557,1.550,0.000,0.242,0.000,1580201,0,0,171254
5169,14.4187,1.593,1.526,1.518,0.000,0.269,0.000,1586805,0,0,171254
5170,14.4202,1.546,1.576,1.569,0.000,0.366,0.000,1539642,0,0,171254
5171,14.4219,1.531,1.586,1.579,0.000,0.258,0.000,1524860,0,0,171254
5172,14.4236,1.783,1.593,1.586,0.000,0.247,0.000,1776828,0,0,171254
5173,14.4262,1.606,1.546,1.538,0.000,0.489,0.000,1598823,0,0,171254
5174,14.4279,2.690,1.531,1.524,0.000,0.304,0.000,2684030,0,0,171254
5175,14.4294,1.630,1.784,1.776,0.000,0.249,0.000,1622909,0,0,171254
5176,14.4310,1.535,1.605,1.597,0.000,0.269,0.000,1527879,0,0,171254
5177,14.4326,1.552,2.691,2.683,0.000,0.346,0.000,1545015,0,0,171254
5178,14.4342,1.684,1.630,1.622,0.000,0.308,0.000,1677993,0,0,171254
5179,14.4357,1.530,1.534,1.527,0.000,0.308,0.000,1523281,0,0,171254
5180,14.4372,1.490,1.551,1.544,0.000,0.253,0.000,1483111,0,0,171254
5181,14.4388,1.536,1.685,1.677,0.000,0.236,0.000,1529692,0,0,171254
5182,14.4403,1.502,1.530,1.522,0.000,0.232,0.000,1495421,0,0,171254
5183,14.4419,1.504,1.489,1.482,0.000,0.254,0.000,1497698,0,0,171254
5184,14.4434,1.635,1.536,1.529,0.000,0.235,0.000,1628443,0,0,171254
5185,14.4450,1.543,1.502,1.494,0.000,0.307,0.000,1536076,0,0,171254
5186,14.4465,1.533,1.504,1.497,0.000,0.267,0.000,1526648,0,0,171254
5187,14.4490,1.531,1.636,1.627,0.000,0.606,0.000,1524420,0,0,171254
5188,14.4506,2.531,1.542,1.535,0.000,0.278,0.000,2524778,0,0,171254
5189,14.4521,1.571,1.533,1.526,0.000,0.589,0.000,1564206,0,0,171254
5190,14.4536,1.520,1.531,1.523,0.000,0.332,0.000,1513252,0,0,171254
5191,14.4552,1.541,2.531,2.524,0.000,0.478,0.000,1534952,0,0,171254
5192,14.4568,1.589,1.571,1.563,0.000,0.427,0.000,1582611,0,0,171350
5193,14.4583,1.544,1.519,1.512,0.000,0.420,0.000,1537802,0,0,171254
5194,14.4599,1.567,1.541,1.534,0.000,0.355,0.000,1560665,0,0,171254
5195,14.4615,1.556,1.589,1.582,0.000,0.266,0.000,1549925,0,0,171254
5196,14.4631,1.616,1.544,1.537,0.000,0.587,0.000,1609720,0,0,171254
5197,14.4646,1.559,1.567,1.560,0.000,0.435,0.000,1552299,0,0,171254
5198,14.4662,1.555,1.556,1.549,0.000,0.273,0.000,1547712,0,0,171254
5199,14.4678,1.635,1.616,1.609,0.000,0.577,0.000,1628496,0,0,171254
5200,14.4694,1.606,1.559,1.551,0.000,0.615,0.000,1599949,0,0,171254
5201,14.4721,1.612,1.554,1.547,0.000,0.609,0.000,1605073,0,0,171254
5202,14.4738,2.706,1.635,1.627,0.000,0.342,0.000,2699836,0,0,171254
5203,14.4761,1.850,1.607,1.599,0.000,0.307,0.000,1842427,0,0,171254
5204,14.4779,2.327,1.611,1.604,0.000,0.598,0.000,2316759,0,0,171254
5205,14.4797,1.644,2.707,2.699,0.000,0.362,0.000,1637000,0,0,171254
5206,14.4815,1.742,1.853,1.841,0.000,0.584,0.000,1733860,0,0,171254
5207,14.4831,1.798,2.323,2.315,0.000,0.543,0.000,1789630,0,0,171254
5208,14.4849,1.686,1.645,1.636,0.000,0.418,0.000,1678461,0,0,171254
5209,14.4867,1.761,1.742,1.733,0.000,0.598,0.000,1754791,0,0,171254
5210,14.4884,1.766,1.797,1.788,0.000,0.311,0.000,1758430,0,0,171254
5211,14.4901,1.753,1.685,1.677,0.000,0.302,0.000,1746494,0,0,171254
5212,14.4920,1.766,1.762,1.754,0.000,0.281,0.000,1759578,0,0,171254
5213,14.4938,1.787,1.765,1.757,0.000,0.265,0.000,1778396,0,0,171254
5214,14.4955,1.802,1.753,1.745,0.000,0.605,0.000,1795463,0,0,171254
5215,14.4983,1.746,1.768,1.758,0.000,0.469,0.000,1738758,0,0,171254
5216,14.5002,2.877,1.785,1.777,0.000,0.277,0.000,2869764,0,0,171254
5217,14.5020,1.777,1.802,1.794,0.000,0.339,0.000,1769287,0,0,171254
5218,14.5036,1.801,1.746,1.738,0.000,0.350,0.000,1794208,0,0,171254
5219,14.5052,1.584,2.877,2.869,0.000,0.253,0.000,1577005,0,0,171254
5220,14.5068,1.595,1.776,1.768,0.000,0.244,0.000,1588508,0,0,171254
5221,14.5084,1.530,1.801,1.793,0.000,0.236,0.000,1523297,0,0,171254
5222,14.5099,1.590,1.583,1.576,0.000,0.409,0.000,1583924,0,0,171350
5223,14.5115,1.566,1.595,1.587,0.000,0.344,0.000,1559329,0,0,171254
5224,14.5130,1.537,1.530,1.522,0.000,0.224,0.000,1530485,0,0,171254
5225,14.5146,1.569,1.590,1.583,0.000,0.232,0.000,1562353,0,0,171254
5226,14.5162,1.579,1.566,1.558,0.000,0.634,0.000,1572871,0,0,171254
5227,14.5177,1.558,1.537,1.529,0.000,0.343,0.000,1551837,0,0,171254
5228,14.5192,1.531,1.569,1.561,0.000,0.622,0.000,1525124,0,0,171254
5229,14.5218,1.549,1.579,1.572,0.000,0.353,0.000,1542986,0,0,171254
5230,14.5235,2.539,1.558,1.551,0.000,0.249,0.000,2531894,0,0,171254
5231,14.5250,1.679,1.531,1.524,0.000,0.259,0.000,1673063,0,0,171254
5232,14.5266,1.575,1.550,1.542,0.000,0.268,0.000,1568235,0,0,171254
5233,14.5281,1.546,2.538,2.531,0.000,0.622,0.000,1539506,0,0,171254
5234,14.5297,1.563,1.680,1.672,0.000,0.552,0.000,1556893,0,0,171254
5235,14.5312,1.508,1.575,1.567,0.000,0.315,0.000,1501684,0,0,171254
5236,14.5329,1.564,1.546,1.538,0.000,0.580,0.000,1557421,0,0,171254
5237,14.5345,1.689,1.563,1.556,0.000,0.263,0.000,1680608,0,0,171254
5238,14.5362,1.676,1.508,1.500,0.000,0.434,0.000,1667725,0,0,171254
5239,14.5379,1.664,1.566,1.556,0.000,0.406,0.000,1656068,0,0,171254
5240,14.5395,1.659,1.689,1.679,0.000,0.418,0.000,1650606,0,0,171254
5241,14.5413,1.677,1.676,1.666,0.000,0.409,0.000,1669338,0,0,171254
5242,14.5431,1.867,1.664,1.655,0.000,0.408,0.000,1858141,0,0,171254
5243,14.5448,1.723,1.658,1.649,0.000,0.394,0.000,1713002,0,0,171254
5244,14.5477,2.803,1.678,1.668,0.000,0.416,0.000,2796342,0,0,171254
5245,14.5494,1.779,1.868,1.857,0.000,0.619,0.000,1770854,0,0,171254
5246,14.5511,1.719,1.720,1.712,0.000,0.400,0.000,1711623,0,0,171254
5247,14.5527,1.667,2.804,2.795,0.000,0.623,0.000,1659634,0,0,171254
5248,14.5544,1.648,1.778,1.770,0.000,0.341,0.000,1641296,0,0,171254
5249,14.5562,1.706,1.719,1.711,0.000,0.326,0.000,1698706,0,0,171254
5250,14.5578,1.740,1.666,1.659,0.000,0.604,0.000,1732480,0,0,171254
5251,14.5596,1.718,1.648,1.640,0.000,0.299,0.000,1711046,0,0,171254
5252,14.5617,1.919,1.706,1.698,0.000,0.622,0.000,1912037,0,0,171350
5253,14.5635,1.988,1.740,1.731,0.000,0.347,0.000,1977244,0,0,171254
5254,14.5653,1.779,1.718,1.710,0.000,0.286,0.000,1771911,0,0,171254
5255,14.5670,1.737,1.924,1.911,0.000,0.474,0.000,1729935,0,0,171254
5256,14.5686,1.656,1.983,1.974,0.000,0.283,0.000,1649311,0,0,171254
5257,14.5703,1.610,1.779,1.771,0.000,0.264,0.000,1602857,0,0,171254
5258,14.5730,2.759,1.737,1.729,0.000,0.629,0.000,2752907,0,0,171254
5259,14.5747,1.693,1.656,1.648,0.000,0.546,0.000,1685406,0,0,171254
5260,14.5762,1.590,1.609,1.602,0.000,0.302,0.000,1582439,0,0,171254
5261,14.5778,1.580,2.760,2.752,0.000,0.250,0.000,1572868,0,0,171254
5262,14.5794,1.565,1.692,1.684,0.000,0.344,0.000,1558628,0,0,171254
5263,14.5809,1.503,1.590,1.581,0.000,0.263,0.000,1496399,0,0,171254
5264,14.5825,1.507,1.579,1.572,0.000,0.272,0.000,1500540,0,0,171254
5265,14.5840,1.607,1.565,1.558,0.000,0.229,0.000,1600849,0,0,171254
5266,14.5855,1.514,1.502,1.495,0.000,0.242,0.000,1507694,0,0,171254
5267,14.5870,1.531,1.507,1.500,0.000,0.224,0.000,1524478,0,0,171254
5268,14.5890,1.633,1.607,1.600,0.000,0.242,0.000,1626654,0,0,171254
5269,14.5907,2.007,1.514,1.507,0.000,0.235,0.000,1998679,0,0,171254
5270,14.5924,1.678,1.531,1.523,0.000,0.321,0.000,1671019,0,0,171254
5271,14.5940,1.647,1.634,1.626,0.000,0.263,0.000,1634331,0,0,171254
5272,14.5967,1.612,2.005,1.998,0.000,0.264,0.000,1605725,0,0,171254
5273,14.5984,2.700,1.684,1.670,0.000,0.646,0.000,2693394,0,0,171254
5274,14.6000,1.652,1.641,1.633,0.000,0.564,0.000,1644640,0,0,171254
5275,14.6017,1.609,1.612,1.605,0.000,0.318,0.000,1601261,0,0,171254
5276,14.6032,1.661,2.701,2.692,0.000,0.610,0.000,1654478,0,0,171254
5277,14.6048,1.586,1.652,1.643,0.000,0.583,0.000,1579639,0,0,171254
5278,14.6064,1.567,1.608,1.600,0.000,0.350,0.000,1561013,0,0,171254
5279,14.6079,1.553,1.661,1.653,0.000,0.267,0.000,1545753,0,0,171254
5280,14.6095,1.545,1.586,1.579,0.000,0.285,0.000,1538171,0,0,171254
5281,14.6111,1.610,1.568,1.560,0.000,0.239,0.000,1603345,0,0,190345
5282,14.6127,1.587,1.552,1.545,0.000,0.254,0.000,1580509,0,0,171350
5283,14.6142,1.509,1.545,1.537,0.000,0.311,0.000,1501644,0,0,171254
5284,14.6157,1.541,1.610,1.602,0.000,0.258,0.000,1534298,0,0,171254
5285,14.6173,1.553,1.587,1.579,0.000,0.233,0.000,1546407,0,0,171254
5286,14.6200,2.590,1.508,1.501,0.000,0.315,0.000,2583110,0,0,171254
5287,14.6216,1.625,1.541,1.533,0.000,0.582,0.000,1617610,0,0,171254
5288,14.6231,1.633,1.553,1.545,0.000,0.324,0.000,1627204,0,0,171254
5289,14.6247,1.554,2.591,2.582,0.000,0.253,0.000,1546463,0,0,171254
5290,14.6263,1.554,1.624,1.617,0.000,0.241,0.000,1547840,0,0,171254
5291,14.6279,1.595,1.634,1.626,0.000,0.246,0.000,1588482,0,0,171254
5292,14.6294,1.586,1.553,1.545,0.000,0.254,0.000,1579646,0,0,171254
5293,14.6309,1.522,1.554,1.547,0.000,0.317,0.000,1514944,0,0,171254
5294,14.6325,1.514,1.595,1.587,0.000,0.399,0.000,1507566,0,0,171254
5295,14.6340,1.547,1.586,1.579,0.000,0.255,0.000,1540170,0,0,171254
5296,14.6356,1.572,1.521,1.514,0.000,0.631,0.000,1565169,0,0,171254
5297,14.6372,1.582,1.514,1.506,0.000,0.320,0.000,1576211,0,0,171254
5298,14.6387,1.559,1.547,1.539,0.000,0.250,0.000,1552601,0,0,171254
5299,14.6402,1.497,1.571,1.564,0.000,0.241,0.000,1490648,0,0,171254
5300,14.6450,1.491,1.583,1.575,0.000,0.237,0.000,1484900,0,0,171254
5301,14.6473,5.297,1.559,1.552,0.000,0.218,0.000,5290505,0,0,171254
5302,14.6499,2.804,1.497,1.490,0.000,0.236,0.000,2794908,0,0,171254
5303,14.6516,1.759,1.492,1.484,0.000,0.677,0.000,1750252,0,0,171254
5304,14.6532,1.592,5.301,5.289,0.000,0.536,0.000,1585173,0,0,171254
5305,14.6549,1.649,2.804,2.793,0.000,0.624,0.000,1642632,0,0,171254
5306,14.6566,1.739,1.756,1.748,0.000,0.345,0.000,1732136,0,0,171254
5307,14.6582,1.609,1.592,1.584,0.000,0.616,0.000,1602009,0,0,171254
5308,14.6599,1.645,1.649,1.641,0.000,0.321,0.000,1638686,0,0,171254
5309,14.6617,1.707,1.739,1.731,0.000,0.259,0.000,1699969,0,0,171254
5310,14.6633,1.745,1.609,1.601,0.000,0.606,0.000,1737850,0,0,171254
5311,14.6649,1.603,1.646,1.638,0.000,0.620,0.000,1595543,0,0,171254
5312,14.6665,1.645,1.707,1.699,0.000,0.473,0.000,1637530,0,0,171350
5313,14.6681,1.536,1.745,1.737,0.000,0.320,0.000,1529101,0,0,171254
5314,14.6696,1.600,1.602,1.594,0.000,0.250,0.000,1593512,0,0,171254
5315,14.6721,1.534,1.645,1.636,0.000,0.451,0.000,1527912,0,0,171254
5316,14.6737,2.469,1.535,1.528,0.000,0.264,0.000,2462766,0,0,171254
5317,14.6753,1.597,1.600,1.593,0.000,0.249,0.000,1589487,0,0,171254
5318,14.6769,1.615,1.534,1.527,0.000,0.598,0.000,1608505,0,0,171254
5319,14.6784,1.583,2.470,2.462,0.000,0.488,0.000,1576284,0,0,171254
5320,14.6800,1.517,1.596,1.588,0.000,0.304,0.000,1510604,0,0,171254
5321,14.6817,1.595,1.615,1.607,0.000,0.284,0.000,1588078,0,0,171254
5322,14.6833,1.710,1.583,1.575,0.000,0.235,0.000,1702971,0,0,171254
5323,14.6849,1.571,1.517,1.510,0.000,0.606,0.000,1564922,0,0,171254
5324,14.6864,1.561,1.595,1.587,0.000,0.479,0.000,1553662,0,0,171254
5325,14.6879,1.543,1.709,1.702,0.000,0.303,0.000,1536923,0,0,171254
5326,14.6895,1.546,1.572,1.564,0.000,0.264,0.000,1539499,0,0,171254
5327,14.6911,1.593,1.560,1.553,0.000,0.250,0.000,1586735,0,0,171254
5328,14.6926,1.573,1.543,1.536,0.000,0.249,0.000,1566230,0,0,171254
5329,14.6952,1.548,1.546,1.538,0.000,0.306,0.000,1541441,0,0,171254
5330,14.6969,2.662,1.593,1.586,0.000,0.267,0.000,2655064,0,0,171254
5331,14.6986,1.678,1.573,1.565,0.000,0.531,0.000,1670233,0,0,171254
5332,14.7002,1.629,1.548,1.540,0.000,0.614,0.000,1623368,0,0,171254
5333,14.7019,1.642,2.662,2.654,0.000,0.590,0.000,1635832,0,0,171254
5334,14.7035,1.710,1.677,1.669,0.000,0.314,0.000,1703591,0,0,171254
5335,14.7051,1.619,1.630,1.622,0.000,0.243,0.000,1611837,0,0,171254
5336,14.7067,1.545,1.642,1.635,0.000,0.251,0.000,1538903,0,0,171254
5337,14.7084,1.680,1.711,1.702,0.000,0.237,0.000,1671586,0,0,171254
5338,14.7101,1.665,1.618,1.611,0.000,0.235,0.000,1650748,0,0,171254
5339,14.7117,1.596,1.547,1.538,0.000,0.263,0.000,1588995,0,0,171254
5340,14.7132,1.600,1.685,1.670,0.000,0.323,0.000,1593294,0,0,171254
5341,14.7149,1.593,1.658,1.649,0.000,0.605,0.000,1586581,0,0,171254
5342,14.7166,1.696,1.596,1.588,0.000,0.591,0.000,1688401,0,0,171350
5343,14.7192,1.600,1.600,1.592,0.000,0.316,0.000,1593063,0,0,171254
5344,14.7211,2.782,1.594,1.585,0.000,0.337,0.000,2775522,0,0,171254
5345,14.7228,1.883,1.695,1.687,0.000,0.255,0.000,1874928,0,0,171254
5346,14.7244,1.653,1.599,1.592,0.000,0.302,0.000,1646279,0,0,171254
5347,14.7260,1.553,2.784,2.774,0.000,0.254,0.000,1546015,0,0,171254
5348,14.7275,1.543,1.882,1.874,0.000,0.324,0.000,1535635,0,0,171254
5349,14.7290,1.545,1.653,1.645,0.000,0.293,0.000,1538743,0,0,171254
5350,14.7305,1.497,1.553,1.545,0.000,0.266,0.000,1490538,0,0,171254
5351,14.7322,1.607,1.542,1.535,0.000,0.261,0.000,1600531,0,0,171254
5352,14.7339,1.669,1.545,1.538,0.000,0.257,0.000,1662550,0,0,171254
5353,14.7356,1.641,1.497,1.489,0.000,0.322,0.000,1634330,0,0,171254
5354,14.7373,1.739,1.607,1.599,0.000,0.306,0.000,1730848,0,0,171254
5355,14.7388,1.607,1.669,1.661,0.000,0.434,0.000,1599113,0,0,171254
5356,14.7404,1.551,1.643,1.633,0.000,0.436,0.000,1544363,0,0,171254
5357,14.7430,1.538,1.739,1.730,0.000,0.265,0.000,1531557,0,0,171254
5358,14.7447,2.702,1.606,1.598,0.000,0.587,0.000,2695162,0,0,171254
5359,14.7462,1.592,1.551,1.543,0.000,0.586,0.000,1584096,0,0,171254
5360,14.7478,1.580,1.538,1.530,0.000,0.287,0.000,1573989,0,0,171254
5361,14.7494,1.562,2.703,2.694,0.000,0.260,0.000,1555225,0,0,171254
5362,14.7509,1.567,1.590,1.583,0.000,0.306,0.000,1560673,0,0,171254
5363,14.7525,1.584,1.581,1.573,0.000,0.312,0.000,1578335,0,0,171254
5364,14.7541,1.573,1.561,1.554,0.000,0.251,0.000,1566674,0,0,171254
5365,14.7558,1.602,1.567,1.560,0.000,0.624,0.000,1595803,0,0,171254
5366,14.7575,1.706,1.585,1.577,0.000,0.582,0.000,1699557,0,0,171254
5367,14.7592,1.719,1.573,1.566,0.000,0.326,0.000,1711780,0,0,171254
5368,14.7608,1.663,1.602,1.595,0.000,0.307,0.000,1655896,0,0,171254
5369,14.7626,1.592,1.707,1.698,0.000,0.618,0.000,1584022,0,0,171254
5370,14.7643,1.912,1.719,1.711,0.000,0.284,0.000,1899641,0,0,171254
5371,14.7671,1.665,1.663,1.655,0.000,0.285,0.000,1657132,0,0,171254
5372,14.7688,2.807,1.596,1.583,0.000,0.267,0.000,2800632,0,0,171350
5373,14.7704,1.681,1.907,1.898,0.000,0.250,0.000,1673744,0,0,171254
5374,14.7720,1.561,1.664,1.656,0.000,0.299,0.000,1553698,0,0,171254
5375,14.7735,1.539,2.808,2.799,0.000,0.262,0.000,1532327,0,0,171254
5376,14.7751,1.516,1.681,1.673,0.000,0.232,0.000,1509856,0,0,171254
5377,14.7767,1.606,1.561,1.553,0.000,0.244,0.000,1599483,0,0,171254
5378,14.7783,1.601,1.539,1.531,0.000,0.214,0.000,1594859,0,0,171254
5379,14.7799,1.601,1.516,1.509,0.000,0.230,0.000,1594930,0,0,171254
5380,14.7816,1.572,1.606,1.598,0.000,0.309,0.000,1565287,0,0,171254
5381,14.7831,1.699,1.601,1.594,0.000,0.247,0.000,1691365,0,0,171254
5382,14.7847,1.614,1.602,1.594,0.000,0.270,0.000,1606700,0,0,171254
5383,14.7863,1.574,1.572,1.564,0.000,0.230,0.000,1567276,0,0,171254
5384,14.7880,1.610,1.699,1.690,0.000,0.233,0.000,1603430,0,0,171254
5385,14.7908,1.794,1.613,1.605,0.000,0.226,0.000,1786974,0,0,171254
5386,14.7926,2.833,1.574,1.566,0.000,0.331,0.000,2825953,0,0,171254
5387,14.7942,1.652,1.610,1.602,0.000,0.306,0.000,1644251,0,0,171254
5388,14.7959,1.609,1.794,1.786,0.000,0.344,0.000,1601558,0,0,171254
5389,14.7974,1.595,2.834,2.825,0.000,0.249,0.000,1588349,0,0,171254
5390,14.7990,1.563,1.651,1.643,0.000,0.244,0.000,1556766,0,0,171254
5391,14.8005,1.551,1.609,1.600,0.000,0.238,0.000,1545011,0,0,171254
5392,14.8021,1.509,1.595,1.587,0.000,0.230,0.000,1502937,0,0,171254
5393,14.8038,1.680,1.563,1.556,0.000,0.243,0.000,1673598,0,0,171254
5394,14.8053,1.585,1.551,1.544,0.000,0.227,0.000,1577438,0,0,171254
5395,14.8069,1.572,1.509,1.502,0.000,0.248,0.000,1565097,0,0,171254
5396,14.8085,1.579,1.681,1.672,0.000,0.299,0.000,1572770,0,0,171254
5397,14.8101,1.611,1.584,1.576,0.000,0.249,0.000,1604776,0,0,171254
5398,14.8117,1.633,1.572,1.564,0.000,0.264,0.000,1626150,0,0,171254
5399,14.8144,1.601,1.579,1.571,0.000,0.605,0.000,1594858,0,0,171254
5400,14.8160,2.672,1.611,1.604,0.000,0.258,0.000,2666253,0,0,171254
5401,14.8178,1.698,1.633,1.625,0.000,0.254,0.000,1691443,0,0,190345
5402,14.8194,1.690,1.601,1.594,0.000,0.594,0.000,1683407,0,0,171350
5403,14.8212,1.726,2.673,2.665,0.000,0.310,0.000,1719532,0,0,171254
5404,14.8229,1.795,1.698,1.690,0.000,0.287,0.000,1787735,0,0,171254
5405,14.8246,1.684,1.690,1.682,0.000,0.268,0.000,1676231,0,0,171254
5406,14.8263,1.659,1.726,1.718,0.000,0.256,0.000,1651921,0,0,171254
5407,14.8281,1.800,1.795,1.787,0.000,0.270,0.000,1793327,0,0,171254
5408,14.8298,1.711,1.684,1.675,0.000,0.265,0.000,1704274,0,0,171254
5409,14.8315,1.693,1.659,1.651,0.000,0.251,0.000,1685531,0,0,171254
5410,14.8331,1.681,1.800,1.792,0.000,0.271,0.000,1674189,0,0,171254
5411,14.8348,1.632,1.711,1.703,0.000,0.251,0.000,1624627,0,0,171254
5412,14.8365,1.670,1.693,1.684,0.000,0.235,0.000,1663551,0,0,171254
5413,14.8393,2.766,1.681,1.673,0.000,0.242,0.000,2758469,0,0,171254
5414,14.8412,1.816,1.631,1.623,0.000,0.386,0.000,1808074,0,0,171254
5415,14.8428,1.813,1.671,1.662,0.000,0.274,0.000,1804853,0,0,171254
5416,14.8445,1.669,2.766,2.757,0.000,0.248,0.000,1662327,0,0,171254
5417,14.8463,1.696,1.816,1.807,0.000,0.240,0.000,1688716,0,0,171254
5418,14.8481,1.773,1.812,1.804,0.000,0.356,0.000,1766222,0,0,171254
5419,14.8499,1.835,1.669,1.661,0.000,0.301,0.000,1827918,0,0,171254
5420,14.8516,1.772,1.695,1.688,0.000,0.357,0.000,1764475,0,0,171254
5421,14.8533,1.676,1.773,1.765,0.000,0.316,0.000,1668652,0,0,171254
5422,14.8549,1.648,1.835,1.827,0.000,0.332,0.000,1641026,0,0,171254
5423,14.8565,1.632,1.772,1.763,0.000,0.273,0.000,1624900,0,0,171254
5424,14.8582,1.667,1.676,1.668,0.000,0.267,0.000,1660506,0,0,171254
5425,14.8598,1.615,1.648,1.640,0.000,0.377,0.000,1608081,0,0,171254
5426,14.8615,1.580,1.632,1.624,0.000,0.299,0.000,1573340,0,0,171254
5427,14.8642,2.710,1.667,1.659,0.000,0.268,0.000,2703705,0,0,171254
5428,14.8663,1.740,1.615,1.607,0.000,0.251,0.000,1732870,0,0,171254
5429,14.8691,2.626,1.580,1.572,0.000,0.259,0.000,2618535,0,0,171254
5430,14.8719,2.817,2.711,2.703,0.000,0.254,0.000,2806337,0,0,171254
5431,14.8746,2.761,1.741,1.732,0.000,0.326,0.000,2750299,0,0,171254
5432,14.8764,2.349,2.630,2.617,0.000,0.328,0.000,2337085,0,0,171350
5433,14.8782,1.709,2.817,2.805,0.000,0.271,0.000,1701652,0,0,171254
5434,14.8798,1.697,2.763,2.749,0.000,0.496,0.000,1690273,0,0,171254
5435,14.8817,1.683,2.349,2.334,0.000,0.267,0.000,1675398,0,0,171254
5436,14.8834,1.851,1.703,1.695,0.000,0.256,0.000,1843372,0,0,171254
5437,14.8851,1.700,1.697,1.689,0.000,0.294,0.000,1693041,0,0,171254
5438,14.8867,1.656,1.683,1.674,0.000,0.320,0.000,1648820,0,0,171254
5439,14.8883,1.613,1.850,1.842,0.000,0.314,0.000,1606526,0,0,171254
5440,14.8910,1.655,1.700,1.692,0.000,0.251,0.000,1648521,0,0,171254
5441,14.8930,2.797,1.655,1.648,0.000,0.247,0.000,2790287,0,0,171254
5442,14.8947,1.878,1.613,1.605,0.000,0.234,0.000,1870631,0,0,171254
5443,14.8963,1.691,1.655,1.647,0.000,0.318,0.000,1684694,0,0,171254
5444,14.8980,1.644,2.798,2.789,0.000,0.263,0.000,1636648,0,0,171254
5445,14.8996,1.635,1.877,1.870,0.000,0.620,0.000,1628534,0,0,171254
5446,14.9014,1.620,1.692,1.683,0.000,0.326,0.000,1613290,0,0,171254
5447,14.9030,1.757,1.643,1.636,0.000,0.306,0.000,1750733,0,0,171254
5448,14.9045,1.596,1.635,1.627,0.000,0.321,0.000,1589677,0,0,171254
5449,14.9062,1.576,1.620,1.612,0.000,0.614,0.000,1569831,0,0,171254
5450,14.9077,1.610,1.757,1.750,0.000,0.607,0.000,1603532,0,0,171254
5451,14.9093,1.545,1.596,1.589,0.000,0.591,0.000,1538148,0,0,171254
5452,14.9108,1.563,1.576,1.569,0.000,0.553,0.000,1556208,0,0,171254
5453,14.9125,1.567,1.610,1.602,0.000,0.646,0.000,1561146,0,0,171254
5454,14.9150,1.604,1.545,1.537,0.000,0.579,0.000,1597819,0,0,171254
5455,14.9167,2.617,1.562,1.555,0.000,0.386,0.000,2610776,0,0,171254
5456,14.9183,1.653,1.568,1.560,0.000,0.241,0.000,1645763,0,0,171254
5457,14.9200,1.628,1.604,1.597,0.000,0.606,0.000,1621204,0,0,171814
5458,14.9216,1.606,2.618,2.610,0.000,0.388,0.000,1599944,0,0,171310
5459,14.9232,1.682,1.652,1.645,0.000,0.277,0.000,1675269,0,0,171254
5460,14.9247,1.521,1.628,1.620,0.000,0.560,0.000,1514093,0,0,171254
5461,14.9263,1.536,1.606,1.599,0.000,0.616,0.000,1529313,0,0,171254
5462,14.9278,1.562,1.682,1.674,0.000,0.576,0.000,1556209,0,0,171350
5463,14.9293,1.519,1.520,1.513,0.000,0.569,0.000,1513203,0,0,171254
5464,14.9309,1.554,1.536,1.528,0.000,0.539,0.000,1548128,0,0,171254
5465,14.9325,1.586,1.562,1.555,0.000,0.519,0.000,1579967,0,0,171254
5466,14.9340,1.584,1.519,1.512,0.000,0.312,0.000,1577040,0,0,171254
5467,14.9356,1.557,1.554,1.547,0.000,0.576,0.000,1551006,0,0,171254
5468,14.9382,1.560,1.587,1.579,0.000,0.563,0.000,1554363,0,0,171254
5469,14.9398,2.577,1.583,1.576,0.000,0.317,0.000,2571184,0,0,171254
5470,14.9414,1.590,1.557,1.550,0.000,0.580,0.000,1583682,0,0,171254
5471,14.9429,1.593,1.560,1.553,0.000,0.564,0.000,1586971,0,0,171254
5472,14.9444,1.522,2.578,2.570,0.000,0.570,0.000,1515542,0,0,171254
5473,14.9460,1.519,1.589,1.583,0.000,0.546,0.000,1513667,0,0,171254
5474,14.9476,1.578,1.594,1.586,0.000,0.561,0.000,1572038,0,0,171254
5475,14.9492,1.603,1.521,1.514,0.000,0.337,0.000,1596582,0,0,171254
5476,14.9507,1.555,1.520,1.513,0.000,0.451,0.000,1547500,0,0,171254
5477,14.9522,1.513,1.578,1.571,0.000,0.287,0.000,1506843,0,0,171254
5478,14.9538,1.538,1.604,1.595,0.000,0.549,0.000,1531324,0,0,171254
5479,14.9554,1.590,1.554,1.546,0.000,0.363,0.000,1583916,0,0,171254
5480,14.9570,1.592,1.513,1.506,0.000,0.524,0.000,1585807,0,0,171254
5481,14.9586,1.603,1.538,1.530,0.000,0.348,0.000,1597074,0,0,171254
5482,14.9611,1.594,1.590,1.583,0.000,0.245,0.000,1587124,0,0,171254
5483,14.9630,2.645,1.592,1.585,0.000,0.319,0.000,2639188,0,0,171254
5484,14.9647,1.849,1.604,1.596,0.000,0.236,0.000,1840792,0,0,171254
5485,14.9662,1.580,1.594,1.586,0.000,0.354,0.000,1572627,0,0,171254
5486,14.9677,1.527,2.647,2.638,0.000,0.605,0.000,1520796,0,0,171254
5487,14.9693,1.563,1.848,1.840,0.000,0.574,0.000,1556795,0,0,171254
5488,14.9709,1.571,1.579,1.571,0.000,0.551,0.000,1564697,0,0,171254
5489,14.9724,1.536,1.527,1.520,0.000,0.591,0.000,1528981,0,0,171254
5490,14.9740,1.569,1.563,1.556,0.000,0.551,0.000,1562392,0,0,171254
5491,14.9755,1.501,1.571,1.564,0.000,0.413,0.000,1494526,0,0,171254
5492,14.9770,1.509,1.536,1.528,0.000,0.246,0.000,1502484,0,0,171350
5493,14.9785,1.495,1.569,1.561,0.000,0.539,0.000,1489134,0,0,171254
5494,14.9800,1.534,1.501,1.494,0.000,0.553,0.000,1528006,0,0,171254
5495,14.9817,1.523,1.508,1.501,0.000,0.367,0.000,1517031,0,0,171254
5496,14.9842,1.632,1.496,1.488,0.000,0.288,0.000,1625816,0,0,171254
5497,14.9859,2.646,1.534,1.527,0.000,0.314,0.000,2639212,0,0,171254
5498,14.9875,1.632,1.524,1.516,0.000,0.276,0.000,1625500,0,0,171254
5499,14.9890,1.541,1.633,1.625,0.000,0.330,0.000,1534647,0,0,171254
5500,14.9905,1.530,2.646,2.638,0.000,0.274,0.000,1523206,0,0,171254
5501,14.9920,1.518,1.632,1.624,0.000,0.235,0.000,1511430,0,0,171254
5502,14.9935,1.514,1.541,1.534,0.000,0.320,0.000,1507893,0,0,171254
5503,14.9950,1.471,1.530,1.522,0.000,0.259,0.000,1465007,0,0,171254
5504,14.9967,1.664,1.518,1.510,0.000,0.230,0.000,1658532,0,0,171254
5505,14.9984,1.630,1.514,1.507,0.000,0.232,0.000,1620216,0,0,171254
5506,14.9999,1.606,1.471,1.464,0.000,0.283,0.000,1599349,0,0,171254
5507,15.0016,1.567,1.669,1.657,0.000,0.320,0.000,1560549,0,0,171254
5508,15.0032,1.672,1.626,1.618,0.000,0.251,0.000,1666310,0,0,171254
5509,15.0047,1.538,1.606,1.598,0.000,0.258,0.000,1530917,0,0,171254
5510,15.0062,1.505,1.567,1.559,0.000,0.232,0.000,1498086,0,0,171254
5511,15.0089,2.614,1.673,1.665,0.000,0.230,0.000,2608059,0,0,171254
5512,15.0104,1.638,1.537,1.530,0.000,0.227,0.000,1628570,0,0,171254
5513,15.0120,1.521,1.504,1.497,0.000,0.246,0.000,1514711,0,0,171254
5514,15.0136,1.574,2.617,2.607,0.000,0.231,0.000,1568024,0,0,171254
5515,15.0153,1.623,1.635,1.627,0.000,0.589,0.000,1616826,0,0,171254
5516,15.0171,1.797,1.521,1.514,0.000,0.585,0.000,1788721,0,0,171254
5517,15.0189,1.769,1.575,1.567,0.000,0.457,0.000,1760923,0,0,171254
5518,15.0206,1.802,1.625,1.616,0.000,0.590,0.000,1795624,0,0,171254
5519,15.0227,1.799,1.796,1.787,0.000,0.589,0.000,1790733,0,0,171254
5520,15.0244,1.983,1.767,1.760,0.000,0.585,0.000,1975204,0,0,171254
5521,15.0262,1.797,1.803,1.795,0.000,0.623,0.000,1790511,0,0,190345
5522,15.0279,1.740,1.799,1.789,0.000,0.356,0.000,1733304,0,0,171350
5523,15.0296,1.656,1.982,1.974,0.000,0.306,0.000,1649424,0,0,171254
5524,15.0324,1.763,1.798,1.789,0.000,0.623,0.000,1756492,0,0,171254
5525,15.0342,2.825,1.740,1.732,0.000,0.383,0.000,2817850,0,0,171254
5526,15.0359,1.740,1.656,1.648,0.000,0.356,0.000,1732115,0,0,171254
5527,15.0374,1.596,1.764,1.755,0.000,0.293,0.000,1588941,0,0,171254
5528,15.0389,1.508,2.825,2.817,0.000,0.279,0.000,1501499,0,0,171254
5529,15.0405,1.514,1.739,1.731,0.000,0.252,0.000,1507973,0,0,171254
5530,15.0421,1.556,1.595,1.588,0.000,0.231,0.000,1549149,0,0,171254
5531,15.0437,1.643,1.508,1.501,0.000,0.255,0.000,1636109,0,0,171254
5532,15.0452,1.558,1.515,1.507,0.000,0.242,0.000,1551281,0,0,171254
5533,15.0468,1.546,1.556,1.548,0.000,0.459,0.000,1539814,0,0,171254
5534,15.0483,1.514,1.643,1.635,0.000,0.426,0.000,1507534,0,0,171254
5535,15.0498,1.506,1.558,1.550,0.000,0.622,0.000,1500376,0,0,171254
5536,15.0513,1.499,1.546,1.539,0.000,0.570,0.000,1492214,0,0,171254
5537,15.0528,1.503,1.514,1.506,0.000,0.565,0.000,1496689,0,0,171254
5538,15.0543,1.531,1.507,1.499,0.000,0.436,0.000,1525086,0,0,171254
5539,15.0569,2.500,1.498,1.491,0.000,0.247,0.000,2493865,0,0,171254
5540,15.0585,1.627,1.503,1.496,0.000,0.240,0.000,1619956,0,0,171254
5541,15.0602,1.617,1.531,1.524,0.000,0.235,0.000,1610774,0,0,171254
5542,15.0619,1.692,2.501,2.493,0.000,0.320,0.000,1683819,0,0,171254
5543,15.0636,1.785,1.627,1.619,0.000,0.412,0.000,1776227,0,0,171254
5544,15.0653,1.658,1.619,1.610,0.000,0.385,0.000,1649255,0,0,171254
5545,15.0670,1.654,1.692,1.682,0.000,0.401,0.000,1645133,0,0,171254
5546,15.0686,1.718,1.785,1.775,0.000,0.413,0.000,1710232,0,0,171254
5547,15.0703,1.681,1.658,1.648,0.000,0.397,0.000,1672481,0,0,171254
5548,15.0719,1.629,1.653,1.644,0.000,0.397,0.000,1620712,0,0,171254
5549,15.0734,1.511,1.718,1.709,0.000,0.406,0.000,1504750,0,0,171254
5550,15.0749,1.493,1.680,1.671,0.000,0.567,0.000,1487361,0,0,171254
5551,15.0764,1.523,1.627,1.619,0.000,0.578,0.000,1516680,0,0,171254
5552,15.0780,1.611,1.511,1.504,0.000,0.561,0.000,1605418,0,0,171350
5553,15.0873,8.960,1.494,1.486,0.000,0.572,0.000,8953763,0,0,171254
5554,15.0890,1.987,1.523,1.516,0.000,0.588,0.000,1977256,0,0,171254
5555,15.0906,1.622,1.612,1.604,0.000,0.622,0.000,1614945,0,0,171254
5556,15.0921,1.511,8.963,8.953,0.000,0.475,0.000,1502979,0,0,171254
5557,15.0937,1.510,1.984,1.976,0.000,0.550,0.000,1504014,0,0,171254
5558,15.0953,1.649,1.623,1.614,0.000,0.561,0.000,1642393,0,0,171254
5559,15.0968,1.575,1.509,1.502,0.000,0.555,0.000,1569028,0,0,171254
5560,15.0983,1.537,1.511,1.503,0.000,0.342,0.000,1530920,0,0,171254
5561,15.0999,1.496,1.649,1.641,0.000,0.241,0.000,1489309,0,0,171254
5562,15.1017,1.634,1.576,1.568,0.000,0.237,0.000,1627309,0,0,171254
5563,15.1034,1.790,1.538,1.530,0.000,0.236,0.000,1782518,0,0,171254
5564,15.1051,1.687,1.496,1.488,0.000,0.269,0.000,1679616,0,0,171254
5565,15.1068,1.758,1.634,1.626,0.000,0.245,0.000,1751239,0,0,171254
5566,15.1085,1.686,1.790,1.781,0.000,0.262,0.000,1678291,0,0,171254
5567,15.1115,1.726,1.687,1.678,0.000,0.255,0.000,1719544,0,0,171254
5568,15.1134,3.102,1.759,1.750,0.000,0.286,0.000,3094408,0,0,171254
5569,15.1153,1.865,1.685,1.677,0.000,0.655,0.000,1857471,0,0,171254
5570,15.1171,1.821,1.727,1.718,0.000,0.648,0.000,1813495,0,0,171254
5571,15.1194,1.855,3.102,3.093,0.000,0.682,0.000,1846944,0,0,171254
5572,15.1219,2.794,1.865,1.856,0.000,0.641,0.000,2786866,0,0,171254
5573,15.1239,2.114,1.821,1.812,0.000,0.627,0.000,2105932,0,0,171254
5574,15.1259,1.945,1.854,1.846,0.000,0.394,0.000,1935989,0,0,171254
5575,15.1278,1.925,2.795,2.786,0.000,0.355,0.000,1916812,0,0,171254
5576,15.1299,1.997,2.115,2.105,0.000,0.293,0.000,1988386,0,0,171254
5577,15.1319,2.009,1.944,1.935,0.000,0.675,0.000,2001154,0,0,171254
5578,15.1338,2.004,1.926,1.915,0.000,0.696,0.000,1996198,0,0,171254
5579,15.1357,1.919,1.995,1.987,0.000,0.651,0.000,1910583,0,0,171254
5580,15.1376,1.862,2.009,2.000,0.000,0.663,0.000,1853925,0,0,171254
5581,15.1426,1.907,2.004,1.995,0.000,0.621,0.000,1890680,0,0,171254
5582,15.1455,5.364,1.919,1.909,0.000,0.627,0.000,5356897,0,0,171350
5583,15.1485,3.571,1.870,1.852,0.000,0.614,0.000,3561556,0,0,171254
5584,15.1504,2.001,1.898,1.889,0.000,0.686,0.000,1990255,0,0,171254
5585,15.1522,1.823,5.367,5.355,0.000,0.362,0.000,1815396,0,0,171254
5586,15.1540,1.812,3.572,3.560,0.000,0.304,0.000,1804868,0,0,171254
5587,15.1558,1.823,1.997,1.988,0.000,0.279,0.000,1814267,0,0,171254
5588,15.1579,1.892,1.823,1.814,0.000,0.476,0.000,1884917,0,0,171254
5589,15.1600,2.189,1.814,1.804,0.000,0.286,0.000,2180722,0,0,171254
5590,15.1620,1.942,1.822,1.813,0.000,0.677,0.000,1933839,0,0,171254
5591,15.1640,2.086,1.893,1.884,0.000,0.355,0.000,2078012,0,0,171254
5592,15.1659,1.945,2.188,2.179,0.000,0.319,0.000,1936076,0,0,171254
5593,15.1678,1.858,1.942,1.933,0.000,0.308,0.000,1849992,0,0,171254
5594,15.1696,1.866,2.087,2.077,0.000,0.273,0.000,1859075,0,0,171254
5595,15.1713,1.762,1.944,1.934,0.000,0.272,0.000,1754876,0,0,171254
5596,15.1741,1.723,1.857,1.849,0.000,0.267,0.000,1715909,0,0,171254
5597,15.1759,2.823,1.866,1.858,0.000,0.291,0.000,2816360,0,0,171254
5598,15.1777,1.791,1.762,1.753,0.000,0.683,0.000,1784196,0,0,171254
5599,15.1798,1.893,1.723,1.715,0.000,0.668,0.000,1885311,0,0,171254
5600,15.1820,2.038,2.823,2.815,0.000,0.481,0.000,2029713,0,0,171254
5601,15.1843,2.464,1.792,1.783,0.000,0.550,0.000,2455993,0,0,171254
5602,15.1871,2.449,1.894,1.884,0.000,0.695,0.000,2440483,0,0,171254
5603,15.1894,2.785,2.038,2.028,0.000,0.368,0.000,2774064,0,0,171254
5604,15.1912,1.945,2.465,2.455,0.000,0.316,0.000,1937287,0,0,171254
5605,15.1931,1.825,2.452,2.439,0.000,0.628,0.000,1817727,0,0,171254
5606,15.1952,2.009,2.782,2.772,0.000,0.315,0.000,2001636,0,0,171254
5607,15.1971,2.010,1.945,1.936,0.000,0.335,0.000,2001660,0,0,171254
5608,15.1990,1.826,1.825,1.816,0.000,0.371,0.000,1817404,0,0,171254
5609,15.2007,1.789,2.010,2.000,0.000,0.315,0.000,1781117,0,0,171254
5610,15.2040,1.728,2.010,2.000,0.000,0.379,0.000,1720610,0,0,171254
5611,15.2060,3.524,1.826,1.816,0.000,0.370,0.000,3517359,0,0,171254
5612,15.2077,1.849,1.789,1.780,0.000,0.268,0.000,1839662,0,0,171350
5613,15.2095,1.694,1.728,1.719,0.000,0.685,0.000,1693320,0,0,171254
5614,15.2113,1.804,3.526,3.516,0.000,0.300,0.000,1790371,0,0,171254
5615,15.2131,1.771,1.847,1.838,0.000,0.323,0.000,1763823,0,0,171254
5616,15.2148,1.746,1.701,1.692,0.000,0.297,0.000,1738482,0,0,171254
5617,15.2165,1.692,1.798,1.789,0.000,0.328,0.000,1685231,0,0,171254
5618,15.2181,1.708,1.771,1.763,0.000,0.277,0.000,1699705,0,0,171254
5619,15.2198,1.644,1.746,1.737,0.000,0.452,0.000,1637235,0,0,171254
5620,15.2215,1.591,1.693,1.684,0.000,0.280,0.000,1584275,0,0,171254
5621,15.2231,1.697,1.707,1.699,0.000,0.263,0.000,1689874,0,0,171254
5622,15.2248,1.709,1.644,1.636,0.000,0.462,0.000,1701645,0,0,171254
5623,15.2266,1.738,1.591,1.583,0.000,0.653,0.000,1730391,0,0,171254
5624,15.2294,1.779,1.697,1.689,0.000,0.641,0.000,1772573,0,0,171254
5625,15.2314,2.942,1.709,1.701,0.000,0.430,0.000,2934958,0,0,171254
5626,15.2332,1.935,1.737,1.729,0.000,0.660,0.000,1927683,0,0,171254
5627,15.2349,1.721,1.780,1.772,0.000,0.630,0.000,1713191,0,0,171254
5628,15.2365,1.625,2.942,2.934,0.000,0.309,0.000,1618439,0,0,171254
5629,15.2381,1.611,1.935,1.926,0.000,0.263,0.000,1604065,0,0,171254
5630,15.2397,1.612,1.720,1.712,0.000,0.253,0.000,1605497,0,0,171254
5631,15.2415,1.610,1.625,1.617,0.000,0.316,0.000,1603376,0,0,171254
5632,15.2431,1.792,1.611,1.603,0.000,0.272,0.000,1785136,0,0,171254
5633,15.2448,1.612,1.612,1.604,0.000,0.325,0.000,1605135,0,0,171254
5634,15.2463,1.587,1.611,1.602,0.000,0.266,0.000,1580682,0,0,171254
5635,15.2479,1.578,1.792,1.784,0.000,0.270,0.000,1571012,0,0,171254
5636,15.2494,1.530,1.612,1.604,0.000,0.303,0.000,1523979,0,0,171254
5637,15.2509,1.524,1.588,1.580,0.000,0.262,0.000,1517725,0,0,171254
5638,15.2534,1.505,1.578,1.570,0.000,0.351,0.000,1498655,0,0,171254
5639,15.2551,2.575,1.530,1.523,0.000,0.320,0.000,2569039,0,0,171254
5640,15.2566,1.616,1.524,1.517,0.000,0.263,0.000,1609321,0,0,171254
5641,15.2583,1.637,1.505,1.498,0.000,0.303,0.000,1630909,0,0,190345
5642,15.2599,1.620,2.576,2.568,0.000,0.289,0.000,1613703,0,0,171350
5643,15.2615,1.538,1.616,1.608,0.000,0.245,0.000,1531745,0,0,171254
5644,15.2631,1.647,1.638,1.630,0.000,0.240,0.000,1640768,0,0,171254
5645,15.2647,1.588,1.620,1.613,0.000,0.238,0.000,1581612,0,0,171254
5646,15.2662,1.542,1.538,1.531,0.000,0.379,0.000,1535289,0,0,171254
5647,15.2677,1.516,1.648,1.640,0.000,0.298,0.000,1509830,0,0,171254
5648,15.2692,1.517,1.588,1.581,0.000,0.591,0.000,1510387,0,0,171254
5649,15.2708,1.581,1.542,1.534,0.000,0.610,0.000,1574862,0,0,171254
5650,15.2724,1.581,1.516,1.509,0.000,0.503,0.000,1573664,0,0,171254
5651,15.2739,1.514,1.517,1.509,0.000,0.307,0.000,1507353,0,0,171254
5652,15.2764,1.522,1.582,1.574,0.000,0.261,0.000,1515642,0,0,171254
5653,15.2781,2.602,1.580,1.573,0.000,0.235,0.000,2595449,0,0,171254
5654,15.2796,1.592,1.513,1.506,0.000,0.248,0.000,1584729,0,0,171254
5655,15.2813,1.582,1.522,1.515,0.000,0.248,0.000,1575178,0,0,171254
5656,15.2829,1.680,2.603,2.594,0.000,0.584,0.000,1673983,0,0,171254
5657,15.2846,1.640,1.592,1.584,0.000,0.524,0.000,1632888,0,0,171254
5658,15.2863,1.687,1.581,1.574,0.000,0.274,0.000,1679769,0,0,171254
5659,15.2879,1.628,1.681,1.673,0.000,0.327,0.000,1621635,0,0,171254
5660,15.2896,1.665,1.640,1.632,0.000,0.595,0.000,1658511,0,0,171254
5661,15.2912,1.651,1.686,1.679,0.000,0.639,0.000,1644613,0,0,171254
5662,15.2929,1.662,1.628,1.621,0.000,0.320,0.000,1654692,0,0,171254
5663,15.2946,1.695,1.665,1.657,0.000,0.333,0.000,1688294,0,0,171254
5664,15.2962,1.640,1.651,1.644,0.000,0.547,0.000,1633147,0,0,171254
5665,15.2979,1.645,1.662,1.654,0.000,0.595,0.000,1638049,0,0,171254
5666,15.3006,1.653,1.695,1.687,0.000,0.569,0.000,1646371,0,0,171254
5667,15.3030,3.135,1.640,1.632,0.000,0.564,0.000,3129124,0,0,171254
5668,15.3052,2.356,1.645,1.637,0.000,0.381,0.000,2344853,0,0,171254
5669,15.3071,2.030,1.653,1.645,0.000,0.459,0.000,2021487,0,0,171254
5670,15.3090,1.866,3.140,3.128,0.000,0.348,0.000,1857507,0,0,171254
5671,15.3107,1.774,2.354,2.344,0.000,0.370,0.000,1766676,0,0,171254
5672,15.3124,1.738,2.030,2.020,0.000,0.288,0.000,1731489,0,0,171350
5673,15.3140,1.609,1.865,1.856,0.000,0.618,0.000,1602045,0,0,171254
5674,15.3157,1.665,1.774,1.765,0.000,0.618,0.000,1657702,0,0,171254
5675,15.3173,1.644,1.739,1.730,0.000,0.564,0.000,1636580,0,0,171254
5676,15.3190,1.673,1.609,1.601,0.000,0.656,0.000,1665317,0,0,171254
5677,15.3206,1.640,1.665,1.657,0.000,0.611,0.000,1633351,0,0,171254
5678,15.3223,1.620,1.644,1.635,0.000,0.509,0.000,1612655,0,0,171254
5679,15.3239,1.704,1.672,1.664,0.000,0.334,0.000,1697438,0,0,171254
5680,15.3265,2.556,1.640,1.632,0.000,0.277,0.000,2549813,0,0,171254
5681,15.3282,1.691,1.619,1.612,0.000,0.256,0.000,1681969,0,0,171254
5682,15.3297,1.581,1.705,1.696,0.000,0.254,0.000,1573941,0,0,171254
5683,15.3312,1.497,2.559,2.549,0.000,0.261,0.000,1490071,0,0,171254
5684,15.3328,1.550,1.688,1.680,0.000,0.224,0.000,1543875,0,0,171254
5685,15.3343,1.538,1.580,1.573,0.000,0.217,0.000,1530775,0,0,171254
5686,15.3358,1.524,1.497,1.489,0.000,0.228,0.000,1517684,0,0,171254
5687,15.3374,1.595,1.551,1.543,0.000,0.229,0.000,1588629,0,0,171254
5688,15.3391,1.591,1.537,1.530,0.000,0.224,0.000,1583877,0,0,171254
5689,15.3407,1.598,1.524,1.517,0.000,0.649,0.000,1591286,0,0,171254
5690,15.3423,1.602,1.596,1.588,0.000,0.611,0.000,1595137,0,0,171254
5691,15.3439,1.675,1.590,1.583,0.000,0.592,0.000,1668300,0,0,171254
5692,15.3457,1.779,1.598,1.590,0.000,0.321,0.000,1772319,0,0,171254
5693,15.3472,1.555,1.602,1.594,0.000,0.247,0.000,1548818,0,0,171254
5694,15.3499,2.579,1.675,1.667,0.000,0.302,0.000,2572975,0,0,171254
5695,15.3516,1.721,1.779,1.771,0.000,0.249,0.000,1714338,0,0,171254
5696,15.3532,1.608,1.555,1.548,0.000,0.391,0.000,1601302,0,0,171254
5697,15.3547,1.555,2.580,2.572,0.000,0.279,0.000,1548427,0,0,171254
5698,15.3563,1.582,1.721,1.713,0.000,0.255,0.000,1575412,0,0,171254
5699,15.3578,1.547,1.608,1.600,0.000,0.326,0.000,1540222,0,0,171254
5700,15.3594,1.521,1.555,1.547,0.000,0.607,0.000,1513848,0,0,171254
5701,15.3612,1.645,1.582,1.574,0.000,0.576,0.000,1638437,0,0,171254
5702,15.3635,2.250,1.547,1.539,0.000,0.349,0.000,2242841,0,0,171350
5703,15.3653,1.926,1.521,1.513,0.000,0.322,0.000,1914122,0,0,171254
5704,15.3669,1.714,1.646,1.637,0.000,0.658,0.000,1707322,0,0,171254
5705,15.3685,1.588,2.255,2.242,0.000,0.375,0.000,1580986,0,0,171254
5706,15.3702,1.648,1.924,1.912,0.000,0.270,0.000,1641893,0,0,171254
5707,15.3718,1.705,1.711,1.703,0.000,0.326,0.000,1696745,0,0,171254
5708,15.3745,2.598,1.588,1.580,0.000,0.439,0.000,2591625,0,0,171254
5709,15.3763,1.754,1.650,1.641,0.000,0.311,0.000,1746754,0,0,171254
5710,15.3780,1.758,1.703,1.695,0.000,0.619,0.000,1750530,0,0,171254
5711,15.3797,1.663,2.599,2.591,0.000,0.340,0.000,1655776,0,0,171254
5712,15.3814,1.642,1.754,1.746,0.000,0.378,0.000,1635395,0,0,171254
5713,15.3831,1.764,1.758,1.749,0.000,0.301,0.000,1756772,0,0,171254
5714,15.3848,1.700,1.662,1.655,0.000,0.283,0.000,1692462,0,0,171254
5715,15.3866,1.742,1.643,1.634,0.000,0.309,0.000,1734555,0,0,171254
5716,15.3883,1.767,1.764,1.755,0.000,0.273,0.000,1758149,0,0,171254
5717,15.3900,1.709,1.700,1.691,0.000,0.575,0.000,1701740,0,0,171254
5718,15.3917,1.676,1.743,1.733,0.000,0.553,0.000,1668932,0,0,171254
5719,15.3933,1.678,1.765,1.757,0.000,0.294,0.000,1670873,0,0,171254
5720,15.3951,1.702,1.709,1.701,0.000,0.632,0.000,1695638,0,0,171254
5721,15.3979,1.739,1.676,1.668,0.000,0.529,0.000,1732129,0,0,171254
5722,15.3999,2.981,1.678,1.670,0.000,0.631,0.000,2974634,0,0,171254
5723,15.4018,1.858,1.703,1.694,0.000,0.601,0.000,1849505,0,0,171254
5724,15.4036,1.934,1.739,1.731,0.000,0.689,0.000,1926543,0,0,171254
5725,15.4053,1.736,2.983,2.973,0.000,0.402,0.000,1728145,0,0,171254
5726,15.4072,1.809,1.857,1.848,0.000,0.326,0.000,1801255,0,0,171254
5727,15.4090,1.841,1.934,1.925,0.000,0.438,0.000,1832793,0,0,171254
5728,15.4107,1.737,1.736,1.727,0.000,0.349,0.000,1729707,0,0,171254
5729,15.4124,1.697,1.810,1.800,0.000,0.346,0.000,1689827,0,0,171254
5730,15.4140,1.681,1.840,1.832,0.000,0.274,0.000,1674295,0,0,171254
5731,15.4157,1.619,1.737,1.729,0.000,0.264,0.000,1612357,0,0,171254
5732,15.4173,1.650,1.697,1.689,0.000,0.625,0.000,1643395,0,0,171350
5733,15.4189,1.583,1.681,1.673,0.000,0.303,0.000,1575877,0,0,171254
5734,15.4205,1.639,1.619,1.611,0.000,0.648,0.000,1631977,0,0,171254
5735,15.4232,1.616,1.650,1.642,0.000,0.599,0.000,1609906,0,0,171254
5736,15.4250,2.781,1.583,1.575,0.000,0.484,0.000,2774155,0,0,171254
5737,15.4266,1.684,1.638,1.631,0.000,0.319,0.000,1677311,0,0,171254
5738,15.4281,1.554,1.617,1.609,0.000,0.315,0.000,1547898,0,0,171254
5739,15.4297,1.549,2.781,2.773,0.000,0.290,0.000,1542922,0,0,171254
5740,15.4312,1.533,1.684,1.676,0.000,0.549,0.000,1526588,0,0,171254
5741,15.4327,1.542,1.554,1.547,0.000,0.265,0.000,1535980,0,0,171254
5742,15.4343,1.534,1.549,1.542,0.000,0.300,0.000,1527861,0,0,171254
5743,15.4358,1.520,1.533,1.526,0.000,0.244,0.000,1513585,0,0,171254
5744,15.4373,1.511,1.542,1.535,0.000,0.251,0.000,1504889,0,0,171254
5745,15.4388,1.506,1.534,1.527,0.000,0.239,0.000,1499995,0,0,171254
5746,15.4403,1.543,1.520,1.513,0.000,0.229,0.000,1536341,0,0,171254
5747,15.4420,1.509,1.511,1.504,0.000,0.237,0.000,1502823,0,0,171254
5748,15.4436,1.698,1.506,1.499,0.000,0.229,0.000,1692115,0,0,171254
5749,15.4463,1.670,1.543,1.535,0.000,0.230,0.000,1662901,0,0,171254
5750,15.4481,2.793,1.509,1.502,0.000,0.264,0.000,2786447,0,0,171254
5751,15.4498,1.749,1.699,1.691,0.000,0.324,0.000,1740803,0,0,171254
5752,15.4514,1.638,1.670,1.662,0.000,0.332,0.000,1631381,0,0,171254
5753,15.4530,1.588,2.794,2.785,0.000,0.295,0.000,1581305,0,0,171254
5754,15.4546,1.565,1.748,1.740,0.000,0.267,0.000,1558719,0,0,171814
5755,15.4561,1.542,1.638,1.630,0.000,0.237,0.000,1535211,0,0,171310
5756,15.4576,1.540,1.588,1.580,0.000,0.254,0.000,1533302,0,0,171254
5757,15.4592,1.524,1.565,1.558,0.000,0.249,0.000,1517508,0,0,171254
5758,15.4608,1.548,1.542,1.534,0.000,0.358,0.000,1542027,0,0,171254
5759,15.4624,1.560,1.540,1.532,0.000,0.252,0.000,1553145,0,0,171254
5760,15.4639,1.613,1.524,1.516,0.000,0.263,0.000,1606732,0,0,171254
5761,15.4656,1.585,1.549,1.541,0.000,0.240,0.000,1578187,0,0,190345
5762,15.4672,1.628,1.559,1.552,0.000,0.263,0.000,1621259,0,0,171350
5763,15.4697,1.587,1.613,1.606,0.000,0.265,0.000,1580875,0,0,171254
5764,15.4714,2.589,1.585,1.577,0.000,0.232,0.000,2583186,0,0,171254
5765,15.4729,1.631,1.628,1.620,0.000,0.237,0.000,1624450,0,0,171254
5766,15.4745,1.567,1.587,1.580,0.000,0.328,0.000,1560486,0,0,171254
5767,15.4760,1.553,2.590,2.582,0.000,0.253,0.000,1546279,0,0,171254
5768,15.4775,1.527,1.631,1.623,0.000,0.429,0.000,1520701,0,0,171254
5769,15.4792,1.534,1.567,1.559,0.000,0.267,0.000,1528203,0,0,171254
5770,15.4808,1.660,1.553,1.545,0.000,0.242,0.000,1653002,0,0,171254
5771,15.4824,1.568,1.527,1.520,0.000,0.588,0.000,1561351,0,0,171254
5772,15.4840,1.700,1.535,1.527,0.000,0.609,0.000,1693814,0,0,171254
5773,15.4856,1.560,1.660,1.652,0.000,0.612,0.000,1553391,0,0,171254
5774,15.4871,1.513,1.567,1.560,0.000,0.560,0.000,1506344,0,0,171254
5775,15.4886,1.553,1.701,1.693,0.000,0.264,0.000,1546737,0,0,171254
5776,15.4902,1.530,1.560,1.552,0.000,0.318,0.000,1522251,0,0,171254
5777,15.4928,1.565,1.513,1.505,0.000,0.308,0.000,1559028,0,0,171254
5778,15.4946,2.741,1.554,1.546,0.000,0.248,0.000,2733442,0,0,171254
5779,15.4962,1.667,1.529,1.521,0.000,0.424,0.000,1660179,0,0,171254
5780,15.4978,1.625,1.567,1.558,0.000,0.597,0.000,1617911,0,0,171254
5781,15.4994,1.593,2.740,2.732,0.000,0.371,0.000,1586562,0,0,171254
5782,15.5010,1.579,1.667,1.659,0.000,0.453,0.000,1564628,0,0,171254
5783,15.5026,1.628,1.624,1.617,0.000,0.519,0.000,1621012,0,0,171254
5784,15.5041,1.530,1.601,1.586,0.000,0.375,0.000,1523499,0,0,171254
5785,15.5057,1.578,1.571,1.564,0.000,0.288,0.000,1571379,0,0,171254
5786,15.5072,1.558,1.628,1.620,0.000,0.293,0.000,1551155,0,0,171254
5787,15.5087,1.525,1.530,1.522,0.000,0.274,0.000,1518575,0,0,171254
5788,15.5103,1.564,1.578,1.570,0.000,0.281,0.000,1558211,0,0,171254
5789,15.5120,1.599,1.557,1.550,0.000,0.584,0.000,1593049,0,0,171254
5790,15.5135,1.589,1.525,1.517,0.000,0.296,0.000,1582374,0,0,171254
5791,15.5160,1.514,1.565,1.557,0.000,0.304,0.000,1507778,0,0,171254
5792,15.5177,2.590,1.600,1.592,0.000,0.256,0.000,2583326,0,0,171350
5793,15.5192,1.558,1.589,1.581,0.000,0.236,0.000,1551217,0,0,171254
5794,15.5207,1.551,1.514,1.507,0.000,0.247,0.000,1544413,0,0,171254
5795,15.5223,1.497,2.590,2.582,0.000,0.220,0.000,1490586,0,0,171254
5796,15.5238,1.620,1.558,1.550,0.000,0.227,0.000,1613319,0,0,171254
5797,15.5253,1.489,1.551,1.543,0.000,0.269,0.000,1481916,0,0,171254
5798,15.5269,1.547,1.498,1.490,0.000,0.586,0.000,1540906,0,0,171254
5799,15.5284,1.550,1.620,1.612,0.000,0.636,0.000,1543289,0,0,171254
5800,15.5299,1.515,1.488,1.481,0.000,0.592,0.000,1508741,0,0,171254
5801,15.5315,1.535,1.548,1.540,0.000,0.377,0.000,1528512,0,0,171254
5802,15.5331,1.610,1.550,1.542,0.000,0.256,0.000,1603308,0,0,171254
5803,15.5347,1.620,1.515,1.508,0.000,0.269,0.000,1613272,0,0,171254
5804,15.5363,1.525,1.535,1.527,0.000,0.318,0.000,1518609,0,0,171254
5805,15.5378,1.577,1.610,1.602,0.000,0.243,0.000,1570784,0,0,171254
5806,15.5405,2.585,1.620,1.612,0.000,0.230,0.000,2578771,0,0,171254
5807,15.5422,1.659,1.525,1.518,0.000,0.242,0.000,1651972,0,0,171254
5808,15.5437,1.656,1.578,1.570,0.000,0.267,0.000,1649210,0,0,171254
5809,15.5453,1.551,2.586,2.578,0.000,0.516,0.000,1544562,0,0,171254
5810,15.5469,1.597,1.659,1.651,0.000,0.436,0.000,1591452,0,0,171254
5811,15.5487,1.668,1.656,1.648,0.000,0.619,0.000,1662295,0,0,171254
5812,15.5503,1.764,1.551,1.544,0.000,0.335,0.000,1754747,0,0,171254
5813,15.5520,1.632,1.598,1.590,0.000,0.442,0.000,1625301,0,0,171254
5814,15.5537,1.651,1.671,1.661,0.000,0.334,0.000,1644906,0,0,171254
5815,15.5553,1.685,1.761,1.753,0.000,0.296,0.000,1678723,0,0,171254
5816,15.5570,1.652,1.631,1.624,0.000,0.324,0.000,1644367,0,0,171254
5817,15.5587,1.657,1.652,1.644,0.000,0.362,0.000,1650338,0,0,171254
5818,15.5604,1.732,1.686,1.678,0.000,0.639,0.000,1725046,0,0,171254
5819,15.5621,1.634,1.651,1.643,0.000,0.341,0.000,1627188,0,0,171254
5820,15.5648,2.718,1.657,1.649,0.000,0.330,0.000,2711421,0,0,171254
5821,15.5665,1.722,1.732,1.724,0.000,0.316,0.000,1713718,0,0,171254
5822,15.5680,1.635,1.634,1.626,0.000,0.279,0.000,1627784,0,0,171350
5823,15.5697,1.621,2.720,2.710,0.000,0.278,0.000,1614650,0,0,171254
5824,15.5714,1.665,1.720,1.713,0.000,0.670,0.000,1658118,0,0,171254
5825,15.5731,1.748,1.634,1.627,0.000,0.309,0.000,1741137,0,0,171254
5826,15.5748,1.707,1.621,1.614,0.000,0.289,0.000,1699942,0,0,171254
5827,15.5766,1.719,1.665,1.657,0.000,0.311,0.000,1711691,0,0,171254
5828,15.5783,1.748,1.748,1.740,0.000,0.353,0.000,1740577,0,0,171254
5829,15.5800,1.689,1.707,1.699,0.000,0.323,0.000,1681354,0,0,171254
5830,15.5817,1.641,1.719,1.710,0.000,0.626,0.000,1633643,0,0,171254
5831,15.5833,1.721,1.748,1.739,0.000,0.289,0.000,1713697,0,0,171254
5832,15.5849,1.624,1.689,1.680,0.000,0.333,0.000,1616217,0,0,171254
5833,15.5865,1.603,1.641,1.633,0.000,0.271,0.000,1596095,0,0,171254
5834,15.5893,1.674,1.721,1.713,0.000,0.289,0.000,1666875,0,0,171254
5835,15.5911,2.814,1.623,1.615,0.000,0.295,0.000,2806685,0,0,171254
5836,15.5927,1.704,1.603,1.595,0.000,0.327,0.000,1696249,0,0,171254
5837,15.5944,1.632,1.675,1.666,0.000,0.633,0.000,1625672,0,0,171254
5838,15.5960,1.599,2.814,2.805,0.000,0.512,0.000,1591868,0,0,171254
5839,15.5976,1.608,1.703,1.695,0.000,0.311,0.000,1601224,0,0,171254
5840,15.5992,1.605,1.632,1.625,0.000,0.369,0.000,1598567,0,0,171254
5841,15.6008,1.634,1.599,1.591,0.000,0.392,0.000,1626453,0,0,171254
5842,15.6025,1.631,1.608,1.600,0.000,0.358,0.000,1624013,0,0,171254
5843,15.6041,1.696,1.606,1.597,0.000,0.633,0.000,1689665,0,0,171254
5844,15.6058,1.603,1.633,1.625,0.000,0.292,0.000,1596174,0,0,171254
5845,15.6077,1.666,1.631,1.623,0.000,0.612,0.000,1659542,0,0,171254
5846,15.6097,2.121,1.697,1.689,0.000,0.294,0.000,2113964,0,0,171254
5847,15.6114,1.848,1.603,1.595,0.000,0.372,0.000,1840094,0,0,171254
5848,15.6143,1.811,1.666,1.658,0.000,0.439,0.000,1803712,0,0,171254
5849,15.6162,2.914,2.122,2.113,0.000,0.495,0.000,2907267,0,0,171254
5850,15.6182,1.946,1.847,1.839,0.000,0.280,0.000,1938607,0,0,171254
5851,15.6201,1.908,1.811,1.803,0.000,0.344,0.000,1899884,0,0,171254
5852,15.6220,1.859,2.915,2.906,0.000,0.323,0.000,1851252,0,0,171350
5853,15.6238,1.903,1.947,1.937,0.000,0.413,0.000,1895015,0,0,171254
5854,15.6255,1.723,1.908,1.899,0.000,0.294,0.000,1714927,0,0,171254
5855,15.6277,2.114,1.859,1.850,0.000,0.663,0.000,2106885,0,0,171254
5856,15.6299,2.180,1.903,1.894,0.000,0.347,0.000,2167552,0,0,171254
5857,15.6318,1.913,1.722,1.714,0.000,0.543,0.000,1906032,0,0,171254
5858,15.6337,1.952,2.119,2.106,0.000,0.313,0.000,1944307,0,0,171254
5859,15.6356,1.868,2.175,2.166,0.000,0.436,0.000,1860932,0,0,171254
5860,15.6373,1.761,1.913,1.905,0.000,0.336,0.000,1753930,0,0,171254
5861,15.6390,1.740,1.951,1.943,0.000,0.366,0.000,1732617,0,0,171254
5862,15.6439,1.748,1.868,1.860,0.000,0.278,0.000,1740781,0,0,171254
5863,15.6465,5.102,1.762,1.753,0.000,0.330,0.000,5095546,0,0,171254
5864,15.6492,3.337,1.740,1.731,0.000,0.335,0.000,3327673,0,0,171254
5865,15.6510,1.819,1.748,1.740,0.000,0.385,0.000,1810099,0,0,171254
5866,15.6526,1.701,5.105,5.094,0.000,0.281,0.000,1694439,0,0,171254
5867,15.6542,1.548,3.337,3.326,0.000,0.310,0.000,1541617,0,0,171254
5868,15.6558,1.600,1.816,1.808,0.000,0.262,0.000,1593521,0,0,171254
5869,15.6574,1.588,1.701,1.693,0.000,0.230,0.000,1581520,0,0,171254
5870,15.6589,1.552,1.548,1.541,0.000,0.406,0.000,1541319,0,0,171254
5871,15.6605,1.578,1.600,1.592,0.000,0.641,0.000,1572240,0,0,171254
5872,15.6623,1.605,1.593,1.580,0.000,0.589,0.000,1598160,0,0,171254
5873,15.6640,1.788,1.547,1.540,0.000,0.335,0.000,1780825,0,0,171254
5874,15.6656,1.696,1.579,1.571,0.000,0.635,0.000,1688881,0,0,171254
5875,15.6672,1.617,1.605,1.597,0.000,0.621,0.000,1609677,0,0,171254
5876,15.6689,1.639,1.788,1.780,0.000,0.609,0.000,1632126,0,0,171254
5877,15.6715,1.662,1.696,1.688,0.000,0.595,0.000,1656190,0,0,171254
5878,15.6734,2.728,1.616,1.609,0.000,0.532,0.000,2722147,0,0,171254
5879,15.6751,1.779,1.638,1.631,0.000,0.518,0.000,1771129,0,0,171254
5880,15.6768,1.696,1.663,1.655,0.000,0.485,0.000,1688055,0,0,171254
5881,15.6786,1.773,2.730,2.721,0.000,0.454,0.000,1765511,0,0,190345
5882,15.6804,1.823,1.779,1.770,0.000,0.453,0.000,1815407,0,0,171350
5883,15.6823,1.770,1.696,1.687,0.000,0.318,0.000,1762473,0,0,171254
5884,15.6841,1.893,1.773,1.764,0.000,0.347,0.000,1885398,0,0,171254
5885,15.6859,1.779,1.823,1.814,0.000,0.324,0.000,1772319,0,0,171254
5886,15.6877,1.769,1.770,1.761,0.000,0.298,0.000,1762315,0,0,171254
5887,15.6894,1.818,1.892,1.884,0.000,0.636,0.000,1810615,0,0,171254
5888,15.6912,1.723,1.779,1.771,0.000,0.391,0.000,1716558,0,0,171254
5889,15.6929,1.745,1.769,1.761,0.000,0.347,0.000,1737964,0,0,171254
5890,15.6946,1.699,1.818,1.809,0.000,0.284,0.000,1691462,0,0,171254
5891,15.6973,1.639,1.723,1.715,0.000,0.313,0.000,1632688,0,0,171254
5892,15.6991,2.804,1.745,1.737,0.000,0.290,0.000,2797571,0,0,171254
5893,15.7008,1.790,1.698,1.690,0.000,0.268,0.000,1783078,0,0,171254
5894,15.7027,1.712,1.639,1.632,0.000,0.628,0.000,1705092,0,0,171254
5895,15.7044,1.850,2.805,2.796,0.000,0.673,0.000,1843375,0,0,171254
5896,15.7060,1.667,1.790,1.782,0.000,0.365,0.000,1659484,0,0,171254
5897,15.7079,1.755,1.712,1.704,0.000,0.630,0.000,1747285,0,0,171254
5898,15.7096,1.826,1.850,1.842,0.000,0.465,0.000,1818838,0,0,171254
5899,15.7113,1.696,1.667,1.658,0.000,0.335,0.000,1688234,0,0,171254
5900,15.7129,1.640,1.754,1.746,0.000,0.536,0.000,1633556,0,0,171254
5901,15.7146,1.628,1.826,1.818,0.000,0.475,0.000,1621128,0,0,171254
5902,15.7163,1.687,1.695,1.687,0.000,0.443,0.000,1679366,0,0,171254
5903,15.7179,1.647,1.640,1.632,0.000,0.351,0.000,1640686,0,0,171254
5904,15.7196,1.645,1.628,1.620,0.000,0.650,0.000,1638517,0,0,171254
5905,15.7225,1.745,1.686,1.678,0.000,0.542,0.000,1738445,0,0,171254
5906,15.7244,3.051,1.647,1.640,0.000,0.388,0.000,3043933,0,0,171254
5907,15.7261,1.771,1.645,1.637,0.000,0.306,0.000,1762536,0,0,171254
5908,15.7279,1.730,1.746,1.737,0.000,0.708,0.000,1722271,0,0,171254
5909,15.7295,1.686,3.052,3.043,0.000,0.368,0.000,1678406,0,0,171254
5910,15.7311,1.626,1.769,1.761,0.000,0.319,0.000,1619354,0,0,171254
5911,15.7328,1.643,1.729,1.721,0.000,0.262,0.000,1636486,0,0,171254
5912,15.7344,1.677,1.685,1.677,0.000,0.649,0.000,1670948,0,0,171350
5913,15.7361,1.621,1.626,1.618,0.000,0.345,0.000,1613861,0,0,171254
5914,15.7377,1.663,1.643,1.635,0.000,0.269,0.000,1655981,0,0,171254
5915,15.7397,1.886,1.678,1.670,0.000,0.262,0.000,1878459,0,0,171254
5916,15.7420,1.720,1.621,1.613,0.000,0.261,0.000,1712624,0,0,171254
5917,15.7438,2.360,1.663,1.655,0.000,0.278,0.000,2352391,0,0,171254
5918,15.7456,1.708,1.886,1.877,0.000,0.280,0.000,1700783,0,0,171254
5919,15.7484,1.812,1.720,1.711,0.000,0.317,0.000,1797197,0,0,171254
5920,15.7502,2.850,2.360,2.351,0.000,0.289,0.000,2843310,0,0,171254
5921,15.7520,1.842,1.715,1.700,0.000,0.656,0.000,1835119,0,0,171254
5922,15.7537,1.740,1.804,1.796,0.000,0.647,0.000,1733347,0,0,171254
5923,15.7553,1.659,2.850,2.842,0.000,0.364,0.000,1652672,0,0,171254
5924,15.7570,1.643,1.842,1.834,0.000,0.643,0.000,1635884,0,0,171254
5925,15.7587,1.731,1.740,1.732,0.000,0.345,0.000,1723834,0,0,171254
5926,15.7604,1.700,1.659,1.651,0.000,0.262,0.000,1692630,0,0,171254
5927,15.7621,1.631,1.643,1.635,0.000,0.344,0.000,1623879,0,0,171254
5928,15.7638,1.758,1.731,1.723,0.000,0.275,0.000,1751344,0,0,171254
5929,15.7654,1.619,1.700,1.691,0.000,0.267,0.000,1612290,0,0,171254
5930,15.7671,1.676,1.631,1.623,0.000,0.331,0.000,1669208,0,0,171254
5931,15.7688,1.675,1.758,1.750,0.000,0.324,0.000,1668166,0,0,171254
5932,15.7704,1.621,1.619,1.611,0.000,0.278,0.000,1613897,0,0,171254
5933,15.7731,1.669,1.676,1.668,0.000,0.313,0.000,1662361,0,0,171254
5934,15.7749,2.790,1.675,1.667,0.000,0.647,0.000,2783059,0,0,171254
5935,15.7766,1.751,1.621,1.613,0.000,0.345,0.000,1742995,0,0,171254
5936,15.7782,1.631,1.669,1.661,0.000,0.329,0.000,1623419,0,0,171254
5937,15.7799,1.632,2.791,2.782,0.000,0.343,0.000,1625659,0,0,171254
5938,15.7816,1.639,1.750,1.742,0.000,0.288,0.000,1632484,0,0,171254
5939,15.7833,1.801,1.630,1.622,0.000,0.502,0.000,1794278,0,0,171254
5940,15.7850,1.680,1.632,1.624,0.000,0.483,0.000,1673779,0,0,171254
5941,15.7866,1.628,1.639,1.631,0.000,0.305,0.000,1621102,0,0,171254
5942,15.7882,1.647,1.801,1.793,0.000,0.313,0.000,1639819,0,0,171350
5943,15.7898,1.615,1.681,1.673,0.000,0.315,0.000,1608004,0,0,171254
5944,15.7915,1.619,1.628,1.620,0.000,0.577,0.000,1612476,0,0,171254
5945,15.7931,1.603,1.647,1.638,0.000,0.570,0.000,1596085,0,0,171254
5946,15.7947,1.658,1.615,1.607,0.000,0.586,0.000,1651185,0,0,171254
5947,15.7974,1.590,1.619,1.611,0.000,0.347,0.000,1583294,0,0,171254
5948,15.7992,2.771,1.603,1.595,0.000,0.558,0.000,2764454,0,0,171254
5949,15.8009,1.749,1.658,1.650,0.000,0.611,0.000,1741745,0,0,171254
5950,15.8027,1.717,1.590,1.582,0.000,0.641,0.000,1710445,0,0,171254
5951,15.8044,1.795,2.772,2.763,0.000,0.366,0.000,1787504,0,0,171254
5952,15.8060,1.629,1.749,1.740,0.000,0.329,0.000,1621227,0,0,171254
5953,15.8077,1.667,1.718,1.709,0.000,0.591,0.000,1659543,0,0,171254
5954,15.8094,1.687,1.795,1.786,0.000,0.331,0.000,1680259,0,0,171254
5955,15.8111,1.685,1.628,1.620,0.000,0.311,0.000,1678238,0,0,171254
5956,15.8128,1.704,1.666,1.658,0.000,0.445,0.000,1697248,0,0,171254
5957,15.8146,1.798,1.687,1.679,0.000,0.320,0.000,1791023,0,0,171254
5958,15.8164,1.748,1.685,1.677,0.000,0.651,0.000,1740527,0,0,171254
5959,15.8183,1.893,1.704,1.696,0.000,0.637,0.000,1886650,0,0,171254
5960,15.8201,1.822,1.798,1.790,0.000,0.383,0.000,1815319,0,0,171254
5961,15.8232,1.809,1.748,1.739,0.000,0.530,0.000,1801977,0,0,171254
5962,15.8251,3.178,1.894,1.885,0.000,0.331,0.000,3170398,0,0,171254
5963,15.8269,1.837,1.823,1.814,0.000,0.319,0.000,1829031,0,0,171254
5964,15.8286,1.775,1.810,1.801,0.000,0.353,0.000,1767649,0,0,171254
5965,15.8303,1.700,3.179,3.169,0.000,0.322,0.000,1693133,0,0,171254
5966,15.8320,1.699,1.836,1.828,0.000,0.278,0.000,1691301,0,0,171254
5967,15.8337,1.669,1.775,1.766,0.000,0.253,0.000,1662430,0,0,171254
5968,15.8353,1.616,1.701,1.692,0.000,0.252,0.000,1609042,0,0,171254
5969,15.8369,1.596,1.698,1.690,0.000,0.508,0.000,1589887,0,0,171254
5970,15.8385,1.625,1.669,1.661,0.000,0.433,0.000,1618393,0,0,171254
5971,15.8401,1.610,1.615,1.608,0.000,0.362,0.000,1603848,0,0,171254
5972,15.8419,1.664,1.596,1.589,0.000,0.486,0.000,1656299,0,0,171350
5973,15.8435,1.749,1.625,1.617,0.000,0.313,0.000,1742760,0,0,171254
5974,15.8452,1.645,1.612,1.603,0.000,0.432,0.000,1638653,0,0,171254
5975,15.8480,2.728,1.663,1.655,0.000,0.630,0.000,2720765,0,0,171254
5976,15.8497,1.768,1.749,1.742,0.000,0.663,0.000,1761050,0,0,171254
5977,15.8516,1.735,1.646,1.638,0.000,0.663,0.000,1727507,0,0,171254
5978,15.8533,1.806,2.728,2.720,0.000,0.635,0.000,1798413,0,0,171254
5979,15.8550,1.737,1.768,1.760,0.000,0.374,0.000,1730288,0,0,171254
5980,15.8568,1.772,1.735,1.726,0.000,0.603,0.000,1765430,0,0,171254
5981,15.8586,1.785,1.806,1.797,0.000,0.594,0.000,1777204,0,0,171254
5982,15.8604,1.773,1.737,1.729,0.000,0.661,0.000,1765403,0,0,171254
5983,15.8623,1.766,1.773,1.764,0.000,0.339,0.000,1758493,0,0,171254
5984,15.8641,1.986,1.785,1.776,0.000,0.298,0.000,1979004,0,0,171254
5985,15.8659,1.770,1.773,1.764,0.000,0.254,0.000,1761760,0,0,171254
5986,15.8677,1.763,1.766,1.757,0.000,0.331,0.000,1756320,0,0,171254
5987,15.8694,1.751,1.987,1.978,0.000,0.254,0.000,1743484,0,0,171254
5988,15.8711,1.724,1.769,1.760,0.000,0.646,0.000,1716806,0,0,171254
5989,15.8742,2.928,1.764,1.755,0.000,0.604,0.000,2921695,0,0,171254
5990,15.8762,1.986,1.750,1.742,0.000,0.595,0.000,1977834,0,0,171254
5991,15.8780,1.964,1.724,1.716,0.000,0.649,0.000,1955997,0,0,171254
5992,15.8800,1.929,2.930,2.920,0.000,0.443,0.000,1921948,0,0,171254
5993,15.8820,1.822,1.985,1.976,0.000,0.395,0.000,1814140,0,0,171254
5994,15.8839,2.138,1.963,1.955,0.000,0.311,0.000,2130972,0,0,171254
5995,15.8855,1.719,1.929,1.921,0.000,0.336,0.000,1710796,0,0,171254
5996,15.8871,1.609,1.821,1.813,0.000,0.283,0.000,1602739,0,0,171254
5997,15.8890,1.622,2.139,2.130,0.000,0.282,0.000,1615110,0,0,171254
5998,15.8911,2.244,1.717,1.710,0.000,0.288,0.000,2237232,0,0,171254
5999,15.8929,1.838,1.610,1.602,0.000,0.355,0.000,1829771,0,0,171254
6000,15.8946,1.737,1.622,1.614,0.000,0.376,0.000,1729794,0,0,171254
6001,15.8964,1.737,2.245,2.236,0.000,0.649,0.000,1729684,0,0,190345
6002,15.8993,1.802,1.837,1.829,0.000,0.630,0.000,1796113,0,0,171914
6003,15.9013,2.929,1.737,1.729,0.000,0.599,0.000,2920414,0,0,171318
6004,15.9032,2.112,1.736,1.728,0.000,0.473,0.000,2102319,0,0,171262
6005,15.9049,1.757,1.805,1.795,0.000,0.450,0.000,1749516,0,0,171262
6006,15.9066,1.667,2.930,2.919,0.000,0.367,0.000,1659500,0,0,171262
6007,15.9083,1.675,2.110,2.101,0.000,0.296,0.000,1668020,0,0,171262
6008,15.9102,1.828,1.757,1.748,0.000,0.373,0.000,1819000,0,0,171262
6009,15.9120,1.827,1.667,1.658,0.000,0.437,0.000,1818416,0,0,171262
6010,15.9137,1.819,1.677,1.667,0.000,0.409,0.000,1809559,0,0,171262
6011,15.9155,1.727,1.828,1.818,0.000,0.444,0.000,1719693,0,0,171262
6012,15.9171,1.653,1.827,1.817,0.000,0.340,0.000,1646233,0,0,171262
6013,15.9188,1.666,1.817,1.808,0.000,0.385,0.000,1659493,0,0,171262
6014,15.9206,1.759,1.727,1.719,0.000,0.286,0.000,1751873,0,0,171262
6015,15.9224,1.726,1.653,1.645,0.000,0.627,0.000,1719042,0,0,171262
6016,15.9251,1.819,1.667,1.658,0.000,0.334,0.000,1812598,0,0,171262
6017,15.9269,2.759,1.758,1.751,0.000,0.256,0.000,2751671,0,0,171262
6018,15.9287,1.871,1.726,1.718,0.000,0.313,0.000,1864192,0,0,171262
6019,15.9304,1.657,1.820,1.812,0.000,0.281,0.000,1649968,0,0,171262
6020,15.9320,1.634,2.759,2.751,0.000,0.268,0.000,1627692,0,0,171262
6021,15.9337,1.639,1.871,1.863,0.000,0.270,0.000,1632264,0,0,171262
6022,15.9354,1.700,1.656,1.649,0.000,0.606,0.000,1693212,0,0,171262
6023,15.9371,1.752,1.634,1.626,0.000,0.627,0.000,1744694,0,0,171262
6024,15.9389,1.706,1.639,1.631,0.000,0.623,0.000,1699059,0,0,171262
6025,15.9407,1.773,1.700,1.692,0.000,0.394,0.000,1765872,0,0,171262
6026,15.9425,1.781,1.752,1.744,0.000,0.588,0.000,1773867,0,0,171262
6027,15.9443,1.856,1.706,1.698,0.000,0.354,0.000,1849055,0,0,171262
6028,15.9462,1.804,1.773,1.765,0.000,0.272,0.000,1796114,0,0,171262
6029,15.9481,1.916,1.781,1.773,0.000,0.259,0.000,1909455,0,0,171262
6030,15.9511,1.998,1.857,1.848,0.000,0.728,0.000,1991085,0,0,171262
6031,15.9531,2.977,1.803,1.795,0.000,0.591,0.000,2969195,0,0,171262
6032,15.9549,1.890,1.916,1.908,0.000,0.361,0.000,1881759,0,0,171358
6033,15.9566,1.772,1.999,1.990,0.000,0.303,0.000,1763598,0,0,171262
6034,15.9585,1.811,2.977,2.968,0.000,0.622,0.000,1803513,0,0,171262
6035,15.9603,1.848,1.890,1.880,0.000,0.652,0.000,1840411,0,0,171262
6036,15.9623,1.856,1.771,1.763,0.000,0.395,0.000,1849020,0,0,171262
6037,15.9641,1.965,1.811,1.802,0.000,0.651,0.000,1957950,0,0,171262
6038,15.9659,1.794,1.848,1.839,0.000,0.734,0.000,1786844,0,0,171262
6039,15.9677,1.825,1.856,1.848,0.000,0.358,0.000,1817974,0,0,171262
6040,15.9695,1.766,1.965,1.957,0.000,0.367,0.000,1758718,0,0,171262
6041,15.9713,1.759,1.794,1.786,0.000,0.352,0.000,1751261,0,0,171262
6042,15.9729,1.752,1.825,1.817,0.000,0.336,0.000,1744784,0,0,171262
6043,15.9746,1.652,1.766,1.758,0.000,0.363,0.000,1644876,0,0,171262
6044,15.9773,1.616,1.758,1.750,0.000,0.282,0.000,1609640,0,0,171262
6045,15.9790,2.754,1.752,1.744,0.000,0.263,0.000,2747164,0,0,171262
6046,15.9807,1.716,1.651,1.644,0.000,0.348,0.000,1708932,0,0,171262
6047,15.9825,1.688,1.616,1.609,0.000,0.379,0.000,1682158,0,0,171262
6048,15.9844,1.838,2.754,2.746,0.000,0.324,0.000,1831980,0,0,171262
6049,15.9862,1.877,1.715,1.708,0.000,0.305,0.000,1870496,0,0,171262
6050,15.9879,1.749,1.689,1.681,0.000,0.287,0.000,1741733,0,0,171262
6051,15.9896,1.752,1.839,1.831,0.000,0.367,0.000,1744352,0,0,171822
6052,15.9913,1.743,1.878,1.869,0.000,0.492,0.000,1736072,0,0,171318
6053,15.9930,1.686,1.749,1.741,0.000,0.324,0.000,1679628,0,0,171262
6054,15.9947,1.712,1.751,1.743,0.000,0.630,0.000,1704617,0,0,171262
6055,15.9964,1.698,1.743,1.735,0.000,0.342,0.000,1691107,0,0,171262
6056,15.9981,1.683,1.686,1.678,0.000,0.636,0.000,1675967,0,0,171262
6057,15.9998,1.625,1.712,1.703,0.000,0.344,0.000,1617971,0,0,171262
6058,16.0026,1.665,1.698,1.690,0.000,0.266,0.000,1658468,0,0,171262
6059,16.0044,2.923,1.683,1.675,0.000,0.607,0.000,2916725,0,0,171262
6060,16.0061,1.756,1.625,1.617,0.000,0.668,0.000,1747651,0,0,171262
6061,16.0078,1.699,1.665,1.657,0.000,0.384,0.000,1691856,0,0,171262
6062,16.0095,1.720,2.925,2.916,0.000,0.619,0.000,1713198,0,0,171358
6063,16.0112,1.673,1.754,1.746,0.000,0.342,0.000,1666251,0,0,171262
6064,16.0128,1.633,1.699,1.691,0.000,0.664,0.000,1626212,0,0,171262
6065,16.0144,1.615,1.720,1.712,0.000,0.623,0.000,1608568,0,0,171262
6066,16.0162,1.781,1.673,1.665,0.000,0.385,0.000,1774347,0,0,171262
6067,16.0180,1.690,1.633,1.625,0.000,0.306,0.000,1682864,0,0,171262
6068,16.0197,1.801,1.615,1.607,0.000,0.279,0.000,1794924,0,0,171262
6069,16.0216,1.701,1.781,1.773,0.000,0.273,0.000,1694411,0,0,171262
6070,16.0233,1.914,1.689,1.682,0.000,0.287,0.000,1906759,0,0,171262
6071,16.0251,1.754,1.801,1.794,0.000,0.637,0.000,1745884,0,0,171262
6072,16.0280,1.782,1.702,1.693,0.000,0.673,0.000,1774775,0,0,171262
6073,16.0299,2.911,1.915,1.905,0.000,0.315,0.000,2904382,0,0,171262
6074,16.0317,1.873,1.753,1.744,0.000,0.632,0.000,1864851,0,0,171262
6075,16.0338,1.773,1.782,1.774,0.000,0.364,0.000,1765371,0,0,171262
6076,16.0356,2.161,2.912,2.903,0.000,0.632,0.000,2154366,0,0,171262
6077,16.0373,1.748,1.872,1.864,0.000,0.696,0.000,1741253,0,0,171262
6078,16.0390,1.711,1.772,1.764,0.000,0.358,0.000,1703764,0,0,171262
6079,16.0411,1.858,2.161,2.153,0.000,0.267,0.000,1851199,0,0,171262
6080,16.0432,2.069,1.748,1.740,0.000,0.348,0.000,2061026,0,0,171262
6081,16.0450,1.986,1.711,1.703,0.000,0.338,0.000,1977827,0,0,171262
6082,16.0467,1.751,1.859,1.850,0.000,0.670,0.000,1744058,0,0,171262
6083,16.0483,1.636,2.069,2.060,0.000,0.466,0.000,1628479,0,0,171262
6084,16.0500,1.654,1.985,1.977,0.000,0.288,0.000,1647663,0,0,171262
6085,16.0517,1.752,1.752,1.743,0.000,0.637,0.000,1744847,0,0,171262
6086,16.0544,1.649,1.635,1.627,0.000,0.648,0.000,1642328,0,0,171262
6087,16.0562,2.796,1.655,1.647,0.000,0.324,0.000,2789479,0,0,171262
6088,16.0581,1.836,1.752,1.744,0.000,0.346,0.000,1828196,0,0,171262
6089,16.0599,1.825,1.649,1.641,0.000,0.334,0.000,1818537,0,0,171262
6090,16.0619,1.688,2.797,2.788,0.000,0.491,0.000,1681270,0,0,171262
6091,16.0637,2.054,1.835,1.827,0.000,0.595,0.000,2047530,0,0,171262
6092,16.0654,1.750,1.826,1.817,0.000,0.495,0.000,1742173,0,0,171358
6093,16.0671,1.718,1.688,1.680,0.000,0.591,0.000,1711240,0,0,171262
6094,16.0688,1.697,2.055,2.046,0.000,0.365,0.000,1690006,0,0,171262
6095,16.0706,1.774,1.749,1.741,0.000,0.310,0.000,1767440,0,0,171262
6096,16.0723,1.711,1.718,1.710,0.000,0.337,0.000,1703715,0,0,171262
6097,16.0741,1.825,1.697,1.689,0.000,0.340,0.000,1817873,0,0,171262
6098,16.0759,1.793,1.775,1.766,0.000,0.293,0.000,1785894,0,0,171262
6099,16.0776,1.731,1.711,1.702,0.000,0.480,0.000,1723472,0,0,171262
6100,16.0793,1.714,1.826,1.817,0.000,0.397,0.000,1706952,0,0,171262
6101,16.0891,9.313,1.793,1.785,0.000,0.359,0.000,9306312,0,0,171262
6102,16.0912,2.373,1.731,1.722,0.000,0.643,0.000,2362423,0,0,171262
6103,16.0930,1.977,1.714,1.706,0.000,0.459,0.000,1968387,0,0,171262
6104,16.0948,1.792,9.317,9.305,0.000,0.420,0.000,1784528,0,0,171262
6105,16.0965,1.711,2.371,2.361,0.000,0.338,0.000,1703367,0,0,171262
6106,16.0982,1.706,1.976,1.967,0.000,0.677,0.000,1698939,0,0,171262
6107,16.0998,1.675,1.792,1.783,0.000,0.654,0.000,1668028,0,0,171262
6108,16.1016,1.667,1.710,1.702,0.000,0.632,0.000,1660713,0,0,171262
6109,16.1035,1.860,1.706,1.698,0.000,0.360,0.000,1853848,0,0,171262
6110,16.1053,1.835,1.675,1.667,0.000,0.661,0.000,1825764,0,0,171262
6111,16.1070,1.757,1.668,1.660,0.000,0.482,0.000,1748154,0,0,171262
6112,16.1087,1.720,1.863,1.853,0.000,0.455,0.000,1712627,0,0,171262
6113,16.1103,1.634,1.835,1.824,0.000,0.300,0.000,1626764,0,0,171262
6114,16.1120,1.718,1.755,1.747,0.000,0.299,0.000,1711075,0,0,171262
6115,16.1150,2.807,1.720,1.711,0.000,0.317,0.000,2799766,0,0,171262
6116,16.1167,1.825,1.634,1.626,0.000,0.659,0.000,1817427,0,0,171262
6117,16.1184,1.688,1.719,1.710,0.000,0.354,0.000,1680371,0,0,171262
6118,16.1200,1.670,2.807,2.798,0.000,0.304,0.000,1663025,0,0,171262
6119,16.1217,1.628,1.825,1.816,0.000,0.285,0.000,1621482,0,0,171262
6120,16.1234,1.728,1.688,1.679,0.000,0.653,0.000,1720374,0,0,171262
6121,16.1252,1.750,1.670,1.662,0.000,0.428,0.000,1742609,0,0,190353
6122,16.1269,1.716,1.629,1.620,0.000,0.277,0.000,1708231,0,0,171358
6123,16.1286,1.741,1.728,1.719,0.000,0.613,0.000,1734812,0,0,171262
6124,16.1304,1.735,1.750,1.742,0.000,0.606,0.000,1728132,0,0,171262
6125,16.1323,1.902,1.715,1.707,0.000,0.669,0.000,1894782,0,0,171262
6126,16.1342,1.899,1.742,1.734,0.000,0.460,0.000,1891749,0,0,171262
6127,16.1359,1.748,1.735,1.727,0.000,0.354,0.000,1740449,0,0,171262
6128,16.1376,1.677,1.903,1.894,0.000,0.412,0.000,1669623,0,0,171262
6129,16.1405,2.766,1.899,1.890,0.000,0.318,0.000,2759568,0,0,171262
6130,16.1424,1.914,1.747,1.739,0.000,0.462,0.000,1903766,0,0,171262
6131,16.1441,1.833,1.677,1.669,0.000,0.331,0.000,1824653,0,0,171262
6132,16.1458,1.682,2.770,2.758,0.000,0.315,0.000,1674685,0,0,171262
6133,16.1475,1.696,1.911,1.902,0.000,0.253,0.000,1689060,0,0,171262
6134,16.1491,1.692,1.832,1.824,0.000,0.249,0.000,1684750,0,0,171262
6135,16.1508,1.683,1.682,1.673,0.000,0.664,0.000,1676347,0,0,171262
6136,16.1525,1.683,1.696,1.688,0.000,0.632,0.000,1676898,0,0,171262
6137,16.1543,1.740,1.691,1.684,0.000,0.655,0.000,1732965,0,0,171262
6138,16.1561,1.800,1.683,1.675,0.000,0.465,0.000,1792852,0,0,171262
6139,16.1578,1.754,1.684,1.676,0.000,0.419,0.000,1746204,0,0,171262
6140,16.1596,1.757,1.740,1.732,0.000,0.346,0.000,1749842,0,0,171262
6141,16.1614,1.735,1.800,1.792,0.000,0.320,0.000,1727966,0,0,171262
6142,16.1633,1.893,1.753,1.745,0.000,0.343,0.000,1886223,0,0,171262
6143,16.1682,1.816,1.757,1.749,0.000,0.283,0.000,1807807,0,0,171262
6144,16.1708,5.284,1.735,1.727,0.000,0.292,0.000,5277061,0,0,171262
6145,16.1736,3.180,1.894,1.885,0.000,0.374,0.000,3181084,0,0,171262
6146,16.1753,1.872,1.815,1.807,0.000,0.348,0.000,1852873,0,0,171262
6147,16.1770,1.707,5.286,5.276,0.000,0.340,0.000,1699558,0,0,171262
6148,16.1787,1.701,3.191,3.180,0.000,0.283,0.000,1693509,0,0,171262
6149,16.1804,1.666,1.859,1.851,0.000,0.291,0.000,1658878,0,0,171262
6150,16.1822,1.662,1.707,1.698,0.000,0.266,0.000,1654634,0,0,171262
6151,16.1844,1.981,1.701,1.692,0.000,0.359,0.000,1974508,0,0,171262
6152,16.1865,2.288,1.666,1.658,0.000,0.283,0.000,2279526,0,0,171358
6153,16.1885,2.006,1.661,1.653,0.000,0.409,0.000,1997972,0,0,171262
6154,16.1905,1.987,1.983,1.973,0.000,0.437,0.000,1978309,0,0,171262
6155,16.1925,2.010,2.288,2.278,0.000,0.385,0.000,2002542,0,0,171262
6156,16.1945,2.001,2.006,1.997,0.000,0.471,0.000,1992916,0,0,171262
6157,16.1965,2.024,1.986,1.977,0.000,0.377,0.000,2015796,0,0,171262
6158,16.1996,1.951,2.011,2.001,0.000,0.395,0.000,1942876,0,0,171262
6159,16.2018,3.110,2.001,1.992,0.000,0.326,0.000,3102101,0,0,171262
6160,16.2037,2.114,2.023,2.014,0.000,0.406,0.000,2105988,0,0,171262
6161,16.2056,1.950,1.951,1.942,0.000,0.558,0.000,1942043,0,0,171262
6162,16.2076,1.900,3.110,3.101,0.000,0.409,0.000,1891292,0,0,171262
6163,16.2095,1.957,2.114,2.105,0.000,0.339,0.000,1950253,0,0,171262
6164,16.2123,2.478,1.950,1.941,0.000,0.303,0.000,2471311,0,0,171262
6165,16.2146,2.509,1.898,1.890,0.000,0.804,0.000,2499109,0,0,171262
6166,16.2167,2.149,1.957,1.949,0.000,0.440,0.000,2140698,0,0,171262
6167,16.2187,2.000,2.482,2.470,0.000,0.457,0.000,1991785,0,0,171262
6168,16.2209,2.003,2.507,2.497,0.000,0.321,0.000,1995505,0,0,171262
6169,16.2233,2.331,2.149,2.139,0.000,0.421,0.000,2321401,0,0,171262
6170,16.2257,2.556,2.000,1.990,0.000,0.373,0.000,2548022,0,0,171262
6171,16.2280,2.319,2.005,1.994,0.000,0.841,0.000,2309143,0,0,171262
6172,16.2325,3.201,2.330,2.320,0.000,0.512,0.000,3192232,0,0,171262
6173,16.2351,3.782,2.558,2.547,0.000,0.377,0.000,3772079,0,0,171262
6174,16.2375,2.482,2.318,2.308,0.000,0.431,0.000,2470912,0,0,171262
6175,16.2400,2.454,3.203,3.191,0.000,0.480,0.000,2443486,0,0,171262
6176,16.2425,2.433,3.783,3.770,0.000,0.457,0.000,2422694,0,0,171262
6177,16.2449,2.515,2.481,2.469,0.000,0.878,0.000,2505974,0,0,171262
6178,16.2471,2.308,2.453,2.442,0.000,0.456,0.000,2297264,0,0,171262
6179,16.2495,2.299,2.432,2.421,0.000,0.385,0.000,2289636,0,0,171262
6180,16.2518,2.292,2.517,2.504,0.000,0.879,0.000,2282715,0,0,171262
6181,16.2541,2.310,2.307,2.296,0.000,0.434,0.000,2293543,0,0,171262
6182,16.2562,2.225,2.299,2.288,0.000,0.911,0.000,2211284,0,0,171358
6183,16.2584,2.195,2.299,2.281,0.000,0.401,0.000,2185883,0,0,171262
6184,16.2605,2.111,2.307,2.292,0.000,0.354,0.000,2101223,0,0,171262
6185,16.2629,2.174,2.220,2.210,0.000,0.359,0.000,2165174,0,0,171262
6186,16.2663,2.373,2.196,2.185,0.000,0.512,0.000,2363351,0,0,171262
6187,16.2687,3.504,2.110,2.100,0.000,0.394,0.000,3495228,0,0,171262
6188,16.2708,2.241,2.175,2.164,0.000,0.426,0.000,2231566,0,0,171262
6189,16.2729,2.099,2.372,2.362,0.000,0.431,0.000,2089574,0,0,171262
6190,16.2748,1.987,3.505,3.494,0.000,0.427,0.000,1978134,0,0,171262
6191,16.2767,1.957,2.240,2.230,0.000,0.380,0.000,1948625,0,0,171262
6192,16.2786,1.873,2.099,2.088,0.000,0.352,0.000,1865334,0,0,171822
6193,16.2804,1.820,1.987,1.977,0.000,0.372,0.000,1811517,0,0,171318
6194,16.2824,1.840,1.957,1.947,0.000,0.457,0.000,1832383,0,0,171262
6195,16.2842,1.938,1.873,1.864,0.000,0.349,0.000,1930533,0,0,171262
6196,16.2860,1.813,1.819,1.810,0.000,0.339,0.000,1804940,0,0,171262
6197,16.2878,1.828,1.840,1.831,0.000,0.736,0.000,1820584,0,0,171262
6198,16.2895,1.734,1.939,1.929,0.000,0.734,0.000,1727383,0,0,171262
6199,16.2912,1.722,1.812,1.804,0.000,0.404,0.000,1714642,0,0,171262
6200,16.2939,1.691,1.827,1.819,0.000,0.291,0.000,1683373,0,0,171262
6201,16.2957,2.720,1.734,1.726,0.000,0.333,0.000,2713684,0,0,171262
6202,16.2974,1.773,1.722,1.713,0.000,0.257,0.000,1765755,0,0,171262
6203,16.2993,1.781,1.690,1.682,0.000,0.323,0.000,1774294,0,0,171262
6204,16.3011,1.821,2.721,2.713,0.000,0.455,0.000,1813808,0,0,171262
6205,16.3029,1.832,1.773,1.765,0.000,0.294,0.000,1824509,0,0,171262
6206,16.3045,1.687,1.782,1.773,0.000,0.280,0.000,1679807,0,0,171262
6207,16.3062,1.748,1.821,1.812,0.000,0.276,0.000,1740881,0,0,171262
6208,16.3081,1.783,1.832,1.823,0.000,0.255,0.000,1776706,0,0,171262
6209,16.3098,1.720,1.687,1.679,0.000,0.499,0.000,1713792,0,0,171262
6210,16.3116,1.783,1.747,1.740,0.000,0.339,0.000,1776116,0,0,171262
6211,16.3134,1.782,1.783,1.776,0.000,0.707,0.000,1775444,0,0,171262
6212,16.3153,1.916,1.721,1.713,0.000,0.332,0.000,1909446,0,0,171358
6213,16.3171,1.843,1.783,1.775,0.000,0.277,0.000,1835307,0,0,171262
6214,16.3200,1.772,1.782,1.774,0.000,0.587,0.000,1764476,0,0,171262
6215,16.3220,2.928,1.917,1.908,0.000,0.685,0.000,2920683,0,0,171262
6216,16.3238,1.987,1.843,1.834,0.000,0.700,0.000,1978690,0,0,171262
6217,16.3257,1.842,1.771,1.763,0.000,0.739,0.000,1834922,0,0,171262
6218,16.3274,1.826,2.929,2.920,0.000,0.682,0.000,1818065,0,0,171262
6219,16.3295,1.787,1.986,1.978,0.000,0.613,0.000,1779817,0,0,171262
6220,16.3313,2.019,1.842,1.834,0.000,0.321,0.000,2012059,0,0,171262
6221,16.3331,1.776,1.825,1.817,0.000,0.678,0.000,1768648,0,0,171262
6222,16.3348,1.736,1.787,1.779,0.000,0.343,0.000,1729374,0,0,171262
6223,16.3365,1.686,2.019,2.011,0.000,0.271,0.000,1678984,0,0,171262
6224,16.3382,1.730,1.776,1.768,0.000,0.266,0.000,1723289,0,0,171262
6225,16.3400,1.756,1.736,1.728,0.000,0.267,0.000,1747828,0,0,171262
6226,16.3419,1.801,1.686,1.678,0.000,0.271,0.000,1793243,0,0,171262
6227,16.3443,1.951,1.731,1.722,0.000,0.264,0.000,1944023,0,0,171262
6228,16.3476,2.555,1.755,1.747,0.000,0.651,0.000,2545434,0,0,171262
6229,16.3495,3.205,1.800,1.792,0.000,0.688,0.000,3110982,0,0,171262
6230,16.3514,1.922,1.953,1.943,0.000,0.678,0.000,1913565,0,0,171262
6231,16.3533,1.867,2.639,2.544,0.000,0.730,0.000,1859601,0,0,171262
6232,16.3555,2.115,3.119,3.110,0.000,0.361,0.000,2107637,0,0,171262
6233,16.3574,1.959,1.920,1.912,0.000,0.671,0.000,1951607,0,0,171262
6234,16.3592,1.863,1.867,1.858,0.000,0.342,0.000,1855118,0,0,171262
6235,16.3610,1.790,2.115,2.106,0.000,0.390,0.000,1782892,0,0,171262
6236,16.3629,1.760,1.959,1.950,0.000,0.345,0.000,1752537,0,0,171262
6237,16.3646,1.833,1.862,1.854,0.000,0.625,0.000,1826270,0,0,171262
6238,16.3663,1.727,1.790,1.782,0.000,0.329,0.000,1719487,0,0,171262
6239,16.3680,1.701,1.759,1.751,0.000,0.637,0.000,1693703,0,0,171262
6240,16.3696,1.679,1.834,1.825,0.000,0.360,0.000,1672348,0,0,171262
6241,16.3718,1.713,1.726,1.718,0.000,0.471,0.000,1706093,0,0,190353
6242,16.3746,3.165,1.701,1.692,0.000,0.638,0.000,3159106,0,0,171358
6243,16.3765,1.912,1.679,1.671,0.000,0.313,0.000,1902901,0,0,171262
6244,16.3784,1.883,1.713,1.705,0.000,0.345,0.000,1875707,0,0,171262
6245,16.3802,1.815,3.169,3.158,0.000,0.376,0.000,1806020,0,0,171262
6246,16.3821,1.789,1.909,1.901,0.000,0.542,0.000,1782488,0,0,171262
6247,16.3839,1.936,1.885,1.874,0.000,0.485,0.000,1929549,0,0,171262
6248,16.3858,1.867,1.813,1.805,0.000,0.309,0.000,1859282,0,0,171262
6249,16.3876,1.787,1.789,1.781,0.000,0.286,0.000,1779255,0,0,171262
6250,16.3896,1.933,1.937,1.928,0.000,0.370,0.000,1925376,0,0,171262
6251,16.3914,1.950,1.867,1.858,0.000,0.345,0.000,1943203,0,0,171262
6252,16.3931,1.732,1.786,1.778,0.000,0.359,0.000,1724605,0,0,171262
6253,16.3949,1.730,1.933,1.924,0.000,0.365,0.000,1723393,0,0,171262
6254,16.3967,1.799,1.950,1.942,0.000,0.690,0.000,1791784,0,0,171262
6255,16.3983,1.656,1.732,1.723,0.000,0.688,0.000,1648271,0,0,171262
6256,16.4011,2.666,1.731,1.722,0.000,0.682,0.000,2659859,0,0,171262
6257,16.4028,1.825,1.799,1.790,0.000,0.653,0.000,1818167,0,0,171262
6258,16.4045,1.695,1.655,1.647,0.000,0.622,0.000,1688259,0,0,171262
6259,16.4062,1.671,2.667,2.659,0.000,0.651,0.000,1664171,0,0,171262
6260,16.4078,1.675,1.825,1.817,0.000,0.356,0.000,1668264,0,0,171262
6261,16.4095,1.648,1.695,1.687,0.000,0.338,0.000,1641205,0,0,171262
6262,16.4113,1.726,1.671,1.663,0.000,0.323,0.000,1719162,0,0,171262
6263,16.4133,1.941,1.675,1.667,0.000,0.295,0.000,1932825,0,0,171262
6264,16.4150,1.842,1.648,1.640,0.000,0.317,0.000,1835035,0,0,171262
6265,16.4169,1.767,1.727,1.718,0.000,0.297,0.000,1759513,0,0,171262
6266,16.4187,1.804,1.941,1.931,0.000,0.715,0.000,1796536,0,0,171262
6267,16.4204,1.776,1.842,1.833,0.000,0.352,0.000,1767916,0,0,171262
6268,16.4224,1.844,1.767,1.758,0.000,0.391,0.000,1836742,0,0,171262
6269,16.4254,2.027,1.804,1.795,0.000,0.665,0.000,2018927,0,0,171262
6270,16.4273,2.949,1.775,1.767,0.000,0.665,0.000,2941851,0,0,171262
6271,16.4294,1.958,1.844,1.835,0.000,0.665,0.000,1949799,0,0,171262
6272,16.4313,2.034,2.026,2.018,0.000,0.657,0.000,2027068,0,0,171358
6273,16.4331,1.816,2.950,2.941,0.000,0.628,0.000,1805312,0,0,171262
6274,16.4348,1.790,1.957,1.948,0.000,0.356,0.000,1782289,0,0,171262
6275,16.4366,1.768,2.038,2.026,0.000,0.268,0.000,1760863,0,0,171262
6276,16.4383,1.812,1.813,1.804,0.000,0.323,0.000,1805186,0,0,171262
6277,16.4400,1.676,1.790,1.781,0.000,0.342,0.000,1668551,0,0,171262
6278,16.4418,1.653,1.768,1.759,0.000,0.458,0.000,1646507,0,0,171262
6279,16.4434,1.727,1.813,1.804,0.000,0.340,0.000,1720398,0,0,171262
6280,16.4452,1.640,1.675,1.667,0.000,0.638,0.000,1633233,0,0,171262
6281,16.4469,1.847,1.653,1.645,0.000,0.470,0.000,1840726,0,0,171262
6282,16.4486,1.712,1.727,1.719,0.000,0.268,0.000,1704219,0,0,171262
6283,16.4513,1.650,1.640,1.632,0.000,0.639,0.000,1643902,0,0,171262
6284,16.4530,2.724,1.848,1.839,0.000,0.592,0.000,2717882,0,0,171262
6285,16.4549,1.798,1.711,1.703,0.000,0.429,0.000,1790989,0,0,171262
6286,16.4566,1.830,1.650,1.643,0.000,0.617,0.000,1821007,0,0,171262
6287,16.4583,1.695,2.725,2.717,0.000,0.480,0.000,1687107,0,0,171262
6288,16.4600,1.690,1.800,1.790,0.000,0.377,0.000,1682819,0,0,171262
6289,16.4618,1.699,1.829,1.820,0.000,0.542,0.000,1692469,0,0,171262
6290,16.4634,1.782,1.694,1.686,0.000,0.391,0.000,1775270,0,0,171262
6291,16.4650,1.581,1.690,1.682,0.000,0.289,0.000,1574564,0,0,171262
6292,16.4666,1.605,1.699,1.691,0.000,0.283,0.000,1598605,0,0,171262
6293,16.4683,1.657,1.782,1.774,0.000,0.266,0.000,1650688,0,0,171262
6294,16.4700,1.724,1.581,1.573,0.000,0.261,0.000,1716340,0,0,171262
6295,16.4717,1.683,1.606,1.598,0.000,0.370,0.000,1674641,0,0,171262
6296,16.4734,1.660,1.658,1.650,0.000,0.309,0.000,1652829,0,0,171262
6297,16.4761,1.712,1.725,1.715,0.000,0.294,0.000,1705001,0,0,171262
6298,16.4780,2.841,1.681,1.673,0.000,0.688,0.000,2834202,0,0,171262
6299,16.4799,1.849,1.660,1.652,0.000,0.489,0.000,1840974,0,0,171262
6300,16.4819,1.875,1.712,1.704,0.000,0.478,0.000,1867560,0,0,171262
6301,16.4838,2.032,2.842,2.833,0.000,0.685,0.000,2024159,0,0,171262
6302,16.4856,1.854,1.848,1.840,0.000,0.382,0.000,1845629,0,0,171358
6303,16.4874,1.811,1.876,1.866,0.000,0.311,0.000,1803487,0,0,171262
6304,16.4893,1.830,2.032,2.023,0.000,0.370,0.000,1822706,0,0,171262
6305,16.4912,1.904,1.853,1.844,0.000,0.737,0.000,1897279,0,0,171262
6306,16.4930,1.829,1.811,1.802,0.000,0.674,0.000,1822256,0,0,171262
6307,16.4947,1.760,1.830,1.822,0.000,0.708,0.000,1752485,0,0,171262
6308,16.4964,1.744,1.904,1.896,0.000,0.533,0.000,1736937,0,0,171262
6309,16.4982,1.729,1.829,1.821,0.000,0.295,0.000,1721291,0,0,171262
6310,16.4999,1.721,1.760,1.751,0.000,0.350,0.000,1714086,0,0,171262
6311,16.5030,1.779,1.744,1.736,0.000,0.676,0.000,1771672,0,0,171262
6312,16.5054,3.261,1.728,1.720,0.000,0.506,0.000,3254059,0,0,171262
6313,16.5076,2.463,1.721,1.713,0.000,0.677,0.000,2453304,0,0,171262
6314,16.5096,2.097,1.779,1.770,0.000,0.854,0.000,2085638,0,0,171262
6315,16.5116,1.955,3.263,3.253,0.000,0.479,0.000,1946836,0,0,171262
6316,16.5135,1.944,2.465,2.452,0.000,0.378,0.000,1936721,0,0,171262
6317,16.5155,1.978,2.093,2.084,0.000,0.516,0.000,1969680,0,0,171262
6318,16.5175,2.018,1.954,1.946,0.000,0.363,0.000,2009586,0,0,171262
6319,16.5195,2.005,1.945,1.935,0.000,0.472,0.000,1996160,0,0,171262
6320,16.5218,2.039,1.978,1.969,0.000,0.382,0.000,2030920,0,0,171262
6321,16.5239,2.279,2.018,2.008,0.000,0.378,0.000,2271059,0,0,171262
6322,16.5260,2.131,2.005,1.995,0.000,0.380,0.000,2121897,0,0,171262
6323,16.5280,2.012,2.040,2.030,0.000,0.466,0.000,2002567,0,0,171262
6324,16.5299,1.931,2.280,2.270,0.000,0.431,0.000,1921964,0,0,171262
6325,16.5330,1.898,2.132,2.121,0.000,0.756,0.000,1889998,0,0,171262
6326,16.5352,3.292,2.011,2.001,0.000,0.749,0.000,3285012,0,0,171262
6327,16.5374,2.237,1.929,1.921,0.000,0.700,0.000,2226748,0,0,171262
6328,16.5394,2.007,1.898,1.889,0.000,0.845,0.000,1998624,0,0,171262
6329,16.5415,2.011,3.295,3.284,0.000,0.713,0.000,2002219,0,0,171262
6330,16.5440,2.606,2.235,2.225,0.000,0.393,0.000,2597971,0,0,171262
6331,16.5460,2.044,2.007,1.997,0.000,0.560,0.000,2035401,0,0,171262
6332,16.5480,1.994,2.011,2.001,0.000,0.408,0.000,1986192,0,0,171358
6333,16.5499,1.923,2.607,2.597,0.000,0.563,0.000,1914336,0,0,171262
6334,16.5519,1.945,2.043,2.034,0.000,0.545,0.000,1936864,0,0,171262
6335,16.5538,1.954,1.994,1.985,0.000,0.392,0.000,1945700,0,0,171262
6336,16.5558,1.993,1.922,1.913,0.000,0.798,0.000,1985265,0,0,171262
6337,16.5578,1.990,1.945,1.936,0.000,0.733,0.000,1981764,0,0,171262
6338,16.5597,1.924,1.954,1.944,0.000,0.381,0.000,1916417,0,0,171262
6339,16.5638,2.073,1.994,1.984,0.000,0.339,0.000,2065410,0,0,171262
6340,16.5658,4.019,1.990,1.981,0.000,0.387,0.000,4011168,0,0,171262
6341,16.5677,1.979,1.924,1.915,0.000,0.487,0.000,1969582,0,0,171262
6342,16.5695,1.781,2.073,2.064,0.000,0.800,0.000,1773399,0,0,171262
6343,16.5712,1.740,4.020,4.010,0.000,0.734,0.000,1733010,0,0,171262
6344,16.5730,1.735,1.977,1.968,0.000,0.390,0.000,1727893,0,0,171262
6345,16.5747,1.757,1.781,1.772,0.000,0.347,0.000,1749696,0,0,171262
6346,16.5764,1.703,1.740,1.732,0.000,0.322,0.000,1695442,0,0,171262
6347,16.5781,1.749,1.735,1.727,0.000,0.327,0.000,1741560,0,0,171262
6348,16.5798,1.715,1.757,1.749,0.000,0.329,0.000,1707435,0,0,171822
6349,16.5816,1.659,1.703,1.694,0.000,0.298,0.000,1651944,0,0,171318
6350,16.5832,1.758,1.749,1.740,0.000,0.286,0.000,1750811,0,0,171262
6351,16.5849,1.620,1.715,1.706,0.000,0.272,0.000,1612148,0,0,171262
6352,16.5866,1.665,1.659,1.651,0.000,0.394,0.000,1658084,0,0,171262
6353,16.5892,1.694,1.759,1.750,0.000,0.362,0.000,1686328,0,0,171262
6354,16.5910,2.724,1.619,1.611,0.000,0.655,0.000,2717317,0,0,171262
6355,16.5927,1.752,1.665,1.657,0.000,0.647,0.000,1744261,0,0,171262
6356,16.5944,1.687,1.693,1.685,0.000,0.341,0.000,1680146,0,0,171262
6357,16.5963,1.705,2.725,2.716,0.000,0.313,0.000,1698536,0,0,171262
6358,16.5982,1.958,1.751,1.743,0.000,0.322,0.000,1951021,0,0,171262
6359,16.6002,1.961,1.687,1.679,0.000,0.284,0.000,1953058,0,0,171262
6360,16.6022,1.942,1.705,1.697,0.000,0.395,0.000,1933849,0,0,171262
6361,16.6044,2.172,1.959,1.950,0.000,0.485,0.000,2165031,0,0,190353
6362,16.6063,2.019,1.961,1.952,0.000,0.326,0.000,2010295,0,0,171358
6363,16.6082,1.918,1.941,1.933,0.000,0.389,0.000,1909562,0,0,171262
6364,16.6103,2.003,2.174,2.164,0.000,0.335,0.000,1995172,0,0,171822
6365,16.6125,2.067,2.018,2.009,0.000,0.369,0.000,2059242,0,0,171318
6366,16.6147,2.291,1.917,1.908,0.000,0.377,0.000,2282261,0,0,171262
6367,16.6180,2.153,2.003,1.994,0.000,0.450,0.000,2144433,0,0,171262
6368,16.6201,3.316,2.068,2.058,0.000,0.420,0.000,3307827,0,0,171262
6369,16.6223,2.074,2.291,2.281,0.000,0.413,0.000,2065396,0,0,171262
6370,16.6241,2.103,2.153,2.143,0.000,0.412,0.000,2094801,0,0,171262
6371,16.6261,1.928,3.317,3.307,0.000,0.389,0.000,1920466,0,0,171262
6372,16.6279,1.793,2.073,2.064,0.000,0.352,0.000,1784943,0,0,171262
6373,16.6296,1.803,2.103,2.094,0.000,0.398,0.000,1794726,0,0,171262
6374,16.6313,1.723,1.928,1.919,0.000,0.353,0.000,1715353,0,0,171262
6375,16.6331,1.695,1.793,1.784,0.000,0.312,0.000,1687892,0,0,171262
6376,16.6348,1.746,1.802,1.794,0.000,0.350,0.000,1739112,0,0,171262
6377,16.6365,1.677,1.723,1.714,0.000,0.731,0.000,1670549,0,0,171262
6378,16.6381,1.685,1.695,1.687,0.000,0.652,0.000,1678442,0,0,171262
6379,16.6397,1.633,1.746,1.738,0.000,0.516,0.000,1626231,0,0,171262
6380,16.6415,1.616,1.677,1.669,0.000,0.346,0.000,1609326,0,0,171262
6381,16.6444,1.866,1.685,1.677,0.000,0.654,0.000,1859359,0,0,171262
6382,16.6469,3.272,1.633,1.625,0.000,0.424,0.000,3264926,0,0,171262
6383,16.6489,2.283,1.616,1.608,0.000,0.353,0.000,2273112,0,0,171262
6384,16.6508,1.898,1.867,1.858,0.000,0.497,0.000,1889734,0,0,171262
6385,16.6528,1.972,3.275,3.264,0.000,0.379,0.000,1964385,0,0,171262
6386,16.6546,1.895,2.282,2.272,0.000,0.367,0.000,1887068,0,0,171262
6387,16.6565,1.850,1.897,1.889,0.000,0.756,0.000,1841683,0,0,171262
6388,16.6589,2.247,1.973,1.963,0.000,0.364,0.000,2238158,0,0,171262
6389,16.6610,2.137,1.895,1.886,0.000,0.323,0.000,2128800,0,0,171262
6390,16.6634,2.091,1.850,1.841,0.000,0.512,0.000,2083252,0,0,171262
6391,16.6655,2.447,2.246,2.237,0.000,0.416,0.000,2438866,0,0,171262
6392,16.6676,2.075,2.137,2.127,0.000,0.398,0.000,2065795,0,0,171358
6393,16.6696,1.995,2.092,2.082,0.000,0.846,0.000,1986138,0,0,171262
6394,16.6715,1.985,2.448,2.437,0.000,0.626,0.000,1977150,0,0,171262
6395,16.6735,1.943,2.074,2.064,0.000,0.739,0.000,1934842,0,0,171262
6396,16.6770,3.289,1.994,1.985,0.000,0.760,0.000,3282459,0,0,171262
6397,16.6793,2.376,1.985,1.976,0.000,0.423,0.000,2365275,0,0,171262
6398,16.6825,2.755,1.942,1.933,0.000,0.812,0.000,2746807,0,0,171262
6399,16.6851,3.033,3.293,3.281,0.000,0.884,0.000,3023454,0,0,171262
6400,16.6871,2.195,2.374,2.364,0.000,1.216,0.000,2183887,0,0,171262
6401,16.6900,2.303,2.757,2.745,0.000,0.499,0.000,2295511,0,0,171262
6402,16.6930,3.010,3.034,3.022,0.000,0.374,0.000,2997259,0,0,171262
6403,16.6959,2.970,2.192,2.183,0.000,0.715,0.000,2959087,0,0,171262
6404,16.6978,2.491,2.308,2.294,0.000,0.330,0.000,2479323,0,0,171262
6405,16.6996,1.836,3.008,2.996,0.000,0.393,0.000,1828503,0,0,171262
6406,16.7014,1.685,2.971,2.957,0.000,0.335,0.000,1678411,0,0,171262
6407,16.7033,1.911,2.486,2.477,0.000,0.402,0.000,1903757,0,0,171262
6408,16.7056,2.156,1.835,1.827,0.000,0.286,0.000,2148266,0,0,171262
6409,16.7077,2.172,1.686,1.677,0.000,0.407,0.000,2162088,0,0,171262
6410,16.7110,2.129,1.912,1.903,0.000,0.449,0.000,2120224,0,0,171262
6411,16.7137,3.410,2.159,2.147,0.000,0.500,0.000,3401990,0,0,171262
6412,16.7164,2.902,2.171,2.160,0.000,0.349,0.000,2891486,0,0,171262
6413,16.7188,2.557,2.128,2.119,0.000,0.960,0.000,2545438,0,0,171262
6414,16.7210,2.257,3.413,3.401,0.000,0.460,0.000,2246046,0,0,171262
6415,16.7236,2.254,2.903,2.890,0.000,0.449,0.000,2244619,0,0,171262
6416,16.7259,2.561,2.556,2.544,0.000,0.426,0.000,2548985,0,0,171262
6417,16.7284,2.394,2.255,2.243,0.000,0.451,0.000,2383990,0,0,171262
6418,16.7310,2.546,2.256,2.243,0.000,0.804,0.000,2536144,0,0,171262
6419,16.7335,2.586,2.559,2.547,0.000,0.823,0.000,2574287,0,0,171262
6420,16.7360,2.485,2.393,2.382,0.000,0.496,0.000,2475165,0,0,171262
6421,16.7395,2.851,2.547,2.535,0.000,0.413,0.000,2840772,0,0,171262
6422,16.7422,3.184,2.585,2.573,0.000,0.410,0.000,3170476,0,0,171358
6423,16.7446,2.656,2.485,2.473,0.000,0.436,0.000,2644316,0,0,171262
6424,16.7501,2.338,2.855,2.839,0.000,0.608,0.000,2328126,0,0,171262
6425,16.7537,5.940,3.182,3.168,0.000,0.455,0.000,5929667,0,0,171262
6426,16.7573,4.373,2.655,2.643,0.000,0.642,0.000,4361042,0,0,171262
6427,16.7597,2.473,2.339,2.327,0.000,0.524,0.000,2460467,0,0,171262
6428,16.7620,2.222,5.943,5.928,0.000,0.456,0.000,2212935,0,0,171262
6429,16.7642,2.331,4.373,4.359,0.000,0.438,0.000,2322005,0,0,171262
6430,16.7664,2.166,2.468,2.458,0.000,0.438,0.000,2155335,0,0,171262
6431,16.7687,2.223,2.222,2.211,0.000,0.395,0.000,2215176,0,0,171262
6432,16.7710,2.385,2.333,2.321,0.000,0.480,0.000,2376625,0,0,171262
6433,16.7733,2.245,2.163,2.154,0.000,0.572,0.000,2235408,0,0,171262
6434,16.7755,2.205,2.224,2.214,0.000,0.444,0.000,2196062,0,0,171262
6435,16.7779,2.370,2.386,2.375,0.000,0.537,0.000,2359932,0,0,171262
6436,16.7802,2.355,2.244,2.234,0.000,0.472,0.000,2345385,0,0,171262
6437,16.7824,2.142,2.206,2.195,0.000,0.540,0.000,2132241,0,0,171262
6438,16.7844,2.158,2.369,2.358,0.000,0.522,0.000,2148660,0,0,171262
6439,16.7877,2.020,2.355,2.344,0.000,0.399,0.000,2012026,0,0,171262
6440,16.7902,3.550,2.141,2.131,0.000,0.338,0.000,3542370,0,0,171262
6441,16.7928,2.587,2.157,2.147,0.000,0.345,0.000,2573287,0,0,171262
6442,16.7956,2.661,2.020,2.011,0.000,0.529,0.000,2651867,0,0,171262
6443,16.7992,3.195,3.556,3.541,0.000,0.513,0.000,3181440,0,0,171262
6444,16.8028,3.434,2.583,2.571,0.000,0.660,0.000,3419393,0,0,171262
6445,16.8052,3.261,2.665,2.650,0.000,0.486,0.000,2843496,0,0,171262
6446,16.8075,2.275,3.196,3.180,0.000,0.497,0.000,2264266,0,0,171262
6447,16.8096,2.183,3.838,3.417,0.000,0.508,0.000,2174736,0,0,171262
6448,16.8118,2.166,2.852,2.840,0.000,0.449,0.000,2156845,0,0,171262
6449,16.8141,2.198,2.273,2.263,0.000,0.452,0.000,2188355,0,0,171262
6450,16.8167,2.389,2.184,2.173,0.000,0.895,0.000,2380952,0,0,171262
6451,16.8199,2.865,2.167,2.156,0.000,0.816,0.000,2856051,0,0,171262
6452,16.8229,3.451,2.197,2.187,0.000,0.538,0.000,3440217,0,0,171358
6453,16.8265,2.444,2.390,2.379,0.000,0.525,0.000,2434586,0,0,171262
6454,16.8288,3.599,2.867,2.855,0.000,0.448,0.000,3589065,0,0,171262
6455,16.8310,2.215,3.450,3.439,0.000,0.388,0.000,2205156,0,0,171262
6456,16.8331,2.175,2.444,2.433,0.000,0.610,0.000,2166073,0,0,171262
6457,16.8352,2.135,3.599,3.587,0.000,0.430,0.000,2126502,0,0,171262
6458,16.8372,2.067,2.214,2.204,0.000,0.370,0.000,2059149,0,0,171262
6459,16.8391,1.870,2.174,2.165,0.000,0.630,0.000,1861525,0,0,171262
6460,16.8409,1.834,2.135,2.125,0.000,0.413,0.000,1826772,0,0,171262
6461,16.8428,1.819,2.068,2.058,0.000,0.825,0.000,1810848,0,0,171262
6462,16.8446,1.949,1.869,1.860,0.000,0.752,0.000,1942216,0,0,171262
6463,16.8464,1.810,1.835,1.826,0.000,0.469,0.000,1802151,0,0,171262
6464,16.8481,1.740,1.818,1.810,0.000,0.327,0.000,1732823,0,0,171262
6465,16.8499,1.756,1.950,1.941,0.000,0.360,0.000,1748769,0,0,171262
6466,16.8517,1.862,1.809,1.801,0.000,0.299,0.000,1853975,0,0,171262
6467,16.8546,1.722,1.740,1.732,0.000,0.695,0.000,1714546,0,0,171262
6468,16.8565,2.967,1.756,1.748,0.000,0.733,0.000,2960193,0,0,171262
6469,16.8583,1.869,1.861,1.853,0.000,0.434,0.000,1862320,0,0,171262
6470,16.8600,1.729,1.721,1.713,0.000,0.377,0.000,1721474,0,0,171262
6471,16.8618,1.683,2.967,2.959,0.000,0.773,0.000,1675441,0,0,171262
6472,16.8637,1.914,1.869,1.861,0.000,0.340,0.000,1905502,0,0,171262
6473,16.8654,1.724,1.729,1.720,0.000,0.707,0.000,1715874,0,0,171262
6474,16.8671,1.740,1.684,1.674,0.000,0.396,0.000,1732540,0,0,171262
6475,16.8687,1.688,1.913,1.904,0.000,0.473,0.000,1680542,0,0,171262
6476,16.8704,1.661,1.723,1.715,0.000,0.341,0.000,1654189,0,0,171262
6477,16.8720,1.612,1.740,1.731,0.000,0.344,0.000,1605180,0,0,171262
6478,16.8737,1.696,1.687,1.679,0.000,0.294,0.000,1689004,0,0,171262
6479,16.8753,1.616,1.661,1.653,0.000,0.327,0.000,1609474,0,0,171262
6480,16.8770,1.630,1.612,1.604,0.000,0.279,0.000,1622129,0,0,171262
6481,16.8799,1.799,1.696,1.688,0.000,0.268,0.000,1792220,0,0,190353
6482,16.8820,2.985,1.617,1.608,0.000,0.537,0.000,2977938,0,0,171358
6483,16.8839,2.017,1.629,1.621,0.000,0.705,0.000,2009107,0,0,171262
6484,16.8856,1.804,1.800,1.791,0.000,0.441,0.000,1796449,0,0,171262
6485,16.8874,1.773,2.986,2.977,0.000,0.351,0.000,1765293,0,0,171262
6486,16.8893,1.874,2.017,2.008,0.000,0.363,0.000,1867391,0,0,171262
6487,16.8912,1.857,1.804,1.795,0.000,0.727,0.000,1849282,0,0,171262
6488,16.8931,1.901,1.772,1.764,0.000,0.681,0.000,1893955,0,0,171262
6489,16.8950,1.898,1.875,1.866,0.000,0.727,0.000,1891241,0,0,171262
6490,16.8971,1.889,1.856,1.848,0.000,0.384,0.000,1881209,0,0,171262
6491,16.8989,2.047,1.901,1.893,0.000,0.355,0.000,2038949,0,0,171262
6492,16.9006,1.765,1.899,1.890,0.000,0.702,0.000,1757980,0,0,171262
6493,16.9026,1.800,1.890,1.880,0.000,0.728,0.000,1793258,0,0,171262
6494,16.9044,1.977,2.046,2.037,0.000,0.503,0.000,1969500,0,0,171262
6495,16.9074,1.835,1.765,1.757,0.000,0.455,0.000,1827287,0,0,171262
6496,16.9093,2.987,1.801,1.792,0.000,0.344,0.000,2979981,0,0,171262
6497,16.9111,1.847,1.977,1.968,0.000,0.422,0.000,1838671,0,0,171262
6498,16.9128,1.752,1.835,1.826,0.000,0.326,0.000,1744830,0,0,171262
6499,16.9147,1.815,2.988,2.979,0.000,0.295,0.000,1808163,0,0,171262
6500,16.9165,1.836,1.846,1.837,0.000,0.267,0.000,1827625,0,0,171262
6501,16.9182,1.736,1.752,1.744,0.000,0.389,0.000,1728608,0,0,171262
6502,16.9199,1.717,1.816,1.807,0.000,0.298,0.000,1708968,0,0,171262
6503,16.9217,1.713,1.835,1.826,0.000,0.360,0.000,1706285,0,0,171262
6504,16.9234,1.775,1.736,1.727,0.000,0.299,0.000,1767916,0,0,171262
6505,16.9251,1.699,1.716,1.708,0.000,0.358,0.000,1692081,0,0,171262
6506,16.9268,1.748,1.713,1.705,0.000,0.360,0.000,1740842,0,0,171262
6507,16.9284,1.619,1.775,1.767,0.000,0.750,0.000,1611940,0,0,171262
6508,16.9300,1.602,1.699,1.691,0.000,0.606,0.000,1594929,0,0,171262
6509,16.9338,1.637,1.748,1.740,0.000,0.682,0.000,1630687,0,0,171262
6510,16.9359,4.091,1.619,1.611,0.000,0.664,0.000,4084384,0,0,171262
6511,16.9377,1.828,1.602,1.594,0.000,0.338,0.000,1820604,0,0,171262
6512,16.9394,1.731,1.637,1.630,0.000,0.357,0.000,1723738,0,0,171358
6513,16.9412,1.717,4.092,4.083,0.000,0.306,0.000,1709214,0,0,171262
6514,16.9428,1.799,1.828,1.819,0.000,0.272,0.000,1791919,0,0,171262
6515,16.9445,1.647,1.731,1.723,0.000,0.325,0.000,1640008,0,0,171262
6516,16.9461,1.625,1.716,1.708,0.000,0.278,0.000,1617776,0,0,171262
6517,16.9477,1.630,1.799,1.791,0.000,0.675,0.000,1622875,0,0,171262
6518,16.9495,1.757,1.647,1.639,0.000,0.648,0.000,1750337,0,0,171262
6519,16.9512,1.707,1.624,1.617,0.000,0.676,0.000,1700054,0,0,171262
6520,16.9528,1.668,1.630,1.622,0.000,0.655,0.000,1661258,0,0,171262
6521,16.9545,1.590,1.757,1.749,0.000,0.379,0.000,1583575,0,0,171262
6522,16.9562,1.730,1.707,1.699,0.000,0.282,0.000,1717064,0,0,171262
6523,16.9603,3.010,1.667,1.660,0.000,0.461,0.000,3003849,0,0,171262
6524,16.9634,3.473,1.597,1.582,0.000,0.382,0.000,3457314,0,0,171262
6525,16.9654,2.614,1.724,1.716,0.000,0.581,0.000,2600801,0,0,171262
6526,16.9674,1.977,3.021,3.003,0.000,1.082,0.000,1969778,0,0,171262
6527,16.9694,1.983,3.470,3.455,0.000,0.737,0.000,1974801,0,0,171262
6528,16.9712,1.881,2.608,2.599,0.000,0.367,0.000,1873728,0,0,171262
6529,16.9733,1.819,1.978,1.969,0.000,0.325,0.000,1811501,0,0,171262
6530,16.9751,2.098,1.982,1.974,0.000,0.287,0.000,2091207,0,0,171262
6531,16.9770,1.857,1.881,1.873,0.000,0.305,0.000,1848046,0,0,171262
6532,16.9790,1.854,1.819,1.810,0.000,0.690,0.000,1847222,0,0,171262
6533,16.9808,1.945,2.100,2.090,0.000,0.637,0.000,1937164,0,0,171262
6534,16.9827,1.837,1.855,1.847,0.000,0.363,0.000,1829362,0,0,171262
6535,16.9845,1.898,1.855,1.846,0.000,0.275,0.000,1890939,0,0,171262
6536,16.9864,1.820,1.944,1.936,0.000,0.702,0.000,1812539,0,0,171822
6537,16.9896,3.071,1.837,1.828,0.000,0.652,0.000,3064545,0,0,171318
6538,16.9916,2.086,1.899,1.890,0.000,0.364,0.000,2075749,0,0,171262
6539,16.9934,1.887,1.820,1.811,0.000,0.403,0.000,1878711,0,0,171262
6540,16.9953,1.837,3.074,3.063,0.000,0.344,0.000,1828967,0,0,171262
6541,16.9972,1.965,2.084,2.074,0.000,0.554,0.000,1957509,0,0,171262
6542,16.9992,1.914,1.886,1.878,0.000,0.307,0.000,1905763,0,0,171358
6543,17.0010,1.901,1.836,1.828,0.000,0.561,0.000,1894159,0,0,171262
6544,17.0030,1.842,1.965,1.956,0.000,0.342,0.000,1834849,0,0,171262
6545,17.0049,1.982,1.912,1.904,0.000,0.547,0.000,1975395,0,0,171262
6546,17.0069,1.985,1.901,1.893,0.000,0.297,0.000,1977067,0,0,171262
6547,17.0087,1.911,1.842,1.834,0.000,0.405,0.000,1903376,0,0,171262
6548,17.0106,1.846,1.984,1.974,0.000,0.337,0.000,1837617,0,0,171262
6549,17.0124,1.818,1.985,1.976,0.000,0.407,0.000,1810247,0,0,171262
6550,17.0154,1.818,1.911,1.902,0.000,0.415,0.000,1811083,0,0,171262
6551,17.0177,3.316,1.845,1.836,0.000,0.355,0.000,3308645,0,0,171262
6552,17.0198,2.145,1.818,1.809,0.000,0.329,0.000,2136112,0,0,171262
6553,17.0220,2.066,1.818,1.810,0.000,0.481,0.000,2056945,0,0,171262
6554,17.0240,2.153,3.318,3.307,0.000,0.356,0.000,2145251,0,0,171262
6555,17.0259,1.950,2.145,2.135,0.000,0.352,0.000,1941210,0,0,171262
6556,17.0278,1.892,2.065,2.055,0.000,0.335,0.000,1884325,0,0,171262
6557,17.0298,2.024,2.154,2.144,0.000,0.751,0.000,2016602,0,0,171262
6558,17.0317,1.878,1.949,1.940,0.000,0.693,0.000,1871019,0,0,171262
6559,17.0335,1.880,1.892,1.883,0.000,0.427,0.000,1872361,0,0,171262
6560,17.0355,1.893,2.024,2.015,0.000,0.292,0.000,1885195,0,0,171262
6561,17.0375,2.018,1.878,1.870,0.000,0.288,0.000,2009332,0,0,171262
6562,17.0397,2.096,1.880,1.871,0.000,0.333,0.000,2087735,0,0,171262
6563,17.0417,2.028,1.894,1.884,0.000,0.316,0.000,2017510,0,0,171262
6564,17.0448,2.085,2.017,2.008,0.000,0.399,0.000,2070347,0,0,171262
6565,17.0470,3.175,2.098,2.086,0.000,0.521,0.000,3166904,0,0,171262
6566,17.0489,2.045,2.032,2.016,0.000,0.789,0.000,2036077,0,0,171262
6567,17.0507,1.829,2.079,2.069,0.000,0.414,0.000,1820637,0,0,171262
6568,17.0524,1.770,3.176,3.166,0.000,0.370,0.000,1762259,0,0,171262
6569,17.0543,1.828,2.044,2.035,0.000,0.713,0.000,1820468,0,0,171262
6570,17.0562,1.899,1.828,1.819,0.000,0.680,0.000,1891426,0,0,171262
6571,17.0584,1.894,1.770,1.761,0.000,0.740,0.000,1886538,0,0,171262
6572,17.0602,2.122,1.828,1.819,0.000,0.557,0.000,2114845,0,0,171358
6573,17.0620,1.748,1.899,1.890,0.000,0.307,0.000,1740377,0,0,171262
6574,17.0637,1.830,1.894,1.885,0.000,0.352,0.000,1822276,0,0,171262
6575,17.0656,1.804,2.123,2.114,0.000,0.324,0.000,1795950,0,0,171262
6576,17.0673,1.770,1.748,1.739,0.000,0.655,0.000,1762860,0,0,171262
6577,17.0691,1.752,1.830,1.821,0.000,0.401,0.000,1745497,0,0,171262
6578,17.0719,1.775,1.803,1.795,0.000,0.276,0.000,1768321,0,0,171262
6579,17.0746,3.063,1.770,1.762,0.000,0.282,0.000,3056717,0,0,171262
6580,17.0764,2.474,1.753,1.744,0.000,0.305,0.000,2461772,0,0,171262
6581,17.0782,1.845,1.775,1.767,0.000,0.731,0.000,1837572,0,0,171262
6582,17.0801,1.816,3.069,3.056,0.000,0.767,0.000,1809562,0,0,171262
6583,17.0820,1.809,2.469,2.460,0.000,0.552,0.000,1801255,0,0,171262
6584,17.0839,1.981,1.844,1.836,0.000,0.335,0.000,1974105,0,0,171262
6585,17.0861,1.946,1.817,1.808,0.000,0.337,0.000,1938222,0,0,171262
6586,17.0885,2.419,1.808,1.800,0.000,0.308,0.000,2408086,0,0,171262
6587,17.0905,2.138,1.982,1.973,0.000,0.738,0.000,2127083,0,0,171262
6588,17.0925,2.009,1.950,1.937,0.000,0.560,0.000,2000618,0,0,171262
6589,17.0944,1.986,2.418,2.406,0.000,0.387,0.000,1978230,0,0,171262
6590,17.0964,1.869,2.136,2.126,0.000,0.342,0.000,1861569,0,0,171262
6591,17.0982,2.007,2.008,1.999,0.000,0.393,0.000,1998792,0,0,171262
6592,17.1012,1.878,1.985,1.977,0.000,0.745,0.000,1870860,0,0,171262
6593,17.1035,3.087,1.870,1.860,0.000,0.703,0.000,3080052,0,0,171262
6594,17.1053,2.105,2.006,1.997,0.000,0.693,0.000,2096657,0,0,171262
6595,17.1072,1.852,1.878,1.870,0.000,0.597,0.000,1843971,0,0,171262
6596,17.1090,1.808,3.089,3.079,0.000,0.319,0.000,1800620,0,0,171262
6597,17.1108,1.795,2.105,2.095,0.000,0.284,0.000,1787302,0,0,171262
6598,17.1126,1.758,1.851,1.843,0.000,0.283,0.000,1749905,0,0,171262
6599,17.1142,1.788,1.808,1.799,0.000,0.346,0.000,1781612,0,0,171262
6600,17.1161,1.761,1.795,1.786,0.000,0.288,0.000,1753784,0,0,171262
6601,17.1186,1.988,1.757,1.749,0.000,0.270,0.000,1980189,0,0,190353
6602,17.1203,2.314,1.789,1.781,0.000,0.467,0.000,2303228,0,0,171358
6603,17.1221,1.681,1.762,1.752,0.000,0.342,0.000,1673546,0,0,171262
6604,17.1238,1.817,1.991,1.979,0.000,0.528,0.000,1810433,0,0,171262
6605,17.1257,1.854,2.311,2.302,0.000,0.446,0.000,1846410,0,0,171262
6606,17.1286,1.821,1.680,1.672,0.000,0.308,0.000,1812395,0,0,171262
6607,17.1304,2.891,1.818,1.809,0.000,0.388,0.000,2883768,0,0,171262
6608,17.1322,1.798,1.855,1.845,0.000,0.343,0.000,1790849,0,0,171262
6609,17.1339,1.750,1.819,1.811,0.000,0.336,0.000,1743400,0,0,171262
6610,17.1356,1.731,2.891,2.883,0.000,0.294,0.000,1724199,0,0,171262
6611,17.1373,1.659,1.798,1.790,0.000,0.322,0.000,1651549,0,0,171262
6612,17.1389,1.677,1.751,1.742,0.000,0.358,0.000,1670738,0,0,171262
6613,17.1406,1.640,1.731,1.723,0.000,0.279,0.000,1632563,0,0,171262
6614,17.1425,1.712,1.658,1.650,0.000,0.273,0.000,1705373,0,0,171262
6615,17.1442,1.895,1.678,1.670,0.000,0.276,0.000,1887319,0,0,171262
6616,17.1463,1.826,1.640,1.632,0.000,0.338,0.000,1818952,0,0,171262
6617,17.1484,2.153,1.713,1.704,0.000,0.363,0.000,2144044,0,0,171262
6618,17.1506,2.138,1.895,1.886,0.000,0.353,0.000,2129049,0,0,171262
6619,17.1527,2.165,1.828,1.818,0.000,0.477,0.000,2156444,0,0,171262
6620,17.1558,2.107,2.153,2.143,0.000,0.451,0.000,2097975,0,0,171262
6621,17.1580,3.073,2.138,2.128,0.000,0.539,0.000,3064918,0,0,171262
6622,17.1600,2.155,2.165,2.155,0.000,0.371,0.000,2146345,0,0,171262
6623,17.1622,2.087,2.106,2.097,0.000,0.785,0.000,2079303,0,0,171262
6624,17.1642,2.106,3.074,3.064,0.000,0.735,0.000,2097366,0,0,171262
6625,17.1662,1.965,2.154,2.145,0.000,0.369,0.000,1956114,0,0,171262
6626,17.1681,2.000,2.088,2.078,0.000,0.306,0.000,1992246,0,0,171262
6627,17.1699,1.821,2.106,2.096,0.000,0.358,0.000,1813255,0,0,171262
6628,17.1717,1.788,1.964,1.955,0.000,0.364,0.000,1779691,0,0,171262
6629,17.1736,1.887,2.000,1.991,0.000,0.711,0.000,1878957,0,0,171262
6630,17.1753,1.798,1.821,1.812,0.000,0.688,0.000,1790046,0,0,171262
6631,17.1772,1.816,1.787,1.779,0.000,0.344,0.000,1808071,0,0,171262
6632,17.1794,1.928,1.887,1.878,0.000,0.714,0.000,1920844,0,0,171358
6633,17.1821,2.176,1.798,1.789,0.000,0.662,0.000,2168866,0,0,171262
6634,17.1871,3.386,1.815,1.807,0.000,0.694,0.000,3377649,0,0,171262
6635,17.1897,4.746,1.928,1.920,0.000,0.707,0.000,4731812,0,0,171262
6636,17.1916,2.150,2.178,2.168,0.000,0.389,0.000,2139739,0,0,171262
6637,17.1935,1.951,3.392,3.376,0.000,0.443,0.000,1942108,0,0,171262
6638,17.1957,1.954,4.742,4.730,0.000,0.785,0.000,1946304,0,0,171262
6639,17.1978,2.127,2.148,2.138,0.000,0.721,0.000,2118336,0,0,171262
6640,17.1999,2.232,1.949,1.941,0.000,0.378,0.000,2223928,0,0,171262
6641,17.2023,2.094,1.955,1.945,0.000,0.433,0.000,2085279,0,0,171262
6642,17.2041,2.191,2.126,2.117,0.000,0.786,0.000,2183184,0,0,171262
6643,17.2060,1.863,2.233,2.223,0.000,0.645,0.000,1855824,0,0,171262
6644,17.2078,1.802,2.093,2.084,0.000,0.647,0.000,1794652,0,0,171262
6645,17.2096,1.781,2.191,2.182,0.000,0.360,0.000,1774387,0,0,171822
6646,17.2114,1.873,1.863,1.855,0.000,0.282,0.000,1863642,0,0,171318
6647,17.2132,1.838,1.802,1.793,0.000,0.278,0.000,1830208,0,0,171262
6648,17.2164,2.136,1.783,1.773,0.000,0.273,0.000,2128462,0,0,171262
6649,17.2183,2.893,1.872,1.862,0.000,0.357,0.000,2882062,0,0,171262
6650,17.2202,1.880,1.837,1.829,0.000,0.297,0.000,1872227,0,0,171262
6651,17.2220,1.772,2.140,2.127,0.000,0.355,0.000,1764710,0,0,171262
6652,17.2237,1.798,2.889,2.880,0.000,0.334,0.000,1790985,0,0,171262
6653,17.2253,1.669,1.880,1.871,0.000,0.342,0.000,1661942,0,0,171262
6654,17.2270,1.641,1.772,1.764,0.000,0.355,0.000,1634431,0,0,171262
6655,17.2287,1.730,1.798,1.790,0.000,0.274,0.000,1723858,0,0,171262
6656,17.2307,1.817,1.668,1.661,0.000,0.265,0.000,1809818,0,0,171262
6657,17.2327,2.003,1.641,1.633,0.000,0.328,0.000,1995994,0,0,171262
6658,17.2346,1.986,1.731,1.723,0.000,0.349,0.000,1977813,0,0,171262
6659,17.2364,1.802,1.817,1.809,0.000,0.429,0.000,1793636,0,0,171262
6660,17.2381,1.742,2.005,1.995,0.000,0.342,0.000,1734374,0,0,171262
6661,17.2398,1.695,1.986,1.977,0.000,0.341,0.000,1688288,0,0,171262
6662,17.2417,1.733,1.801,1.792,0.000,0.452,0.000,1726134,0,0,171358
6663,17.2458,3.531,1.741,1.733,0.000,0.281,0.000,3523858,0,0,171262
6664,17.2484,3.033,1.695,1.687,0.000,0.746,0.000,3019932,0,0,171262
6665,17.2506,2.285,1.734,1.725,0.000,0.859,0.000,2275428,0,0,171262
6666,17.2527,2.222,3.537,3.522,0.000,0.911,0.000,2213989,0,0,171262
6667,17.2547,2.009,3.029,3.018,0.000,0.841,0.000,2000478,0,0,171262
6668,17.2564,1.809,2.283,2.274,0.000,0.805,0.000,1801186,0,0,171262
6669,17.2583,1.786,2.223,2.213,0.000,0.698,0.000,1778522,0,0,171262
6670,17.2604,2.033,2.008,1.999,0.000,0.669,0.000,2025326,0,0,171262
6671,17.2623,1.946,1.809,1.800,0.000,0.425,0.000,1934173,0,0,171262
6672,17.2641,1.930,1.786,1.777,0.000,0.309,0.000,1922407,0,0,171262
6673,17.2660,1.809,2.038,2.024,0.000,0.356,0.000,1801530,0,0,171262
6674,17.2679,1.900,1.940,1.931,0.000,0.681,0.000,1892972,0,0,171262
6675,17.2697,1.870,1.930,1.921,0.000,0.744,0.000,1862071,0,0,171262
6676,17.2714,1.749,1.809,1.800,0.000,0.645,0.000,1741185,0,0,171262
6677,17.2743,1.722,1.901,1.892,0.000,0.360,0.000,1714771,0,0,171262
6678,17.2761,2.920,1.870,1.861,0.000,0.287,0.000,2912495,0,0,171262
6679,17.2779,1.791,1.748,1.740,0.000,0.678,0.000,1782951,0,0,171262
6680,17.2797,1.775,1.722,1.714,0.000,0.698,0.000,1768176,0,0,171262
6681,17.2818,1.898,2.921,2.911,0.000,0.638,0.000,1891022,0,0,171262
6682,17.2837,2.088,1.790,1.782,0.000,0.661,0.000,2080277,0,0,171262
6683,17.2855,1.848,1.775,1.767,0.000,0.722,0.000,1840616,0,0,171262
6684,17.2877,1.742,1.899,1.890,0.000,0.469,0.000,1734941,0,0,171262
6685,17.2905,2.675,2.088,2.079,0.000,0.286,0.000,2667863,0,0,171262
6686,17.2923,2.407,1.848,1.839,0.000,0.687,0.000,2395155,0,0,171262
6687,17.2940,1.745,1.743,1.734,0.000,0.717,0.000,1737674,0,0,171262
6688,17.2962,2.025,2.680,2.667,0.000,0.343,0.000,2018031,0,0,171262
6689,17.2979,1.844,2.402,2.393,0.000,0.285,0.000,1835943,0,0,171262
6690,17.2997,1.835,1.745,1.737,0.000,0.276,0.000,1827325,0,0,171262
6691,17.3026,1.720,2.027,2.017,0.000,0.665,0.000,1713181,0,0,171262
6692,17.3045,2.980,1.843,1.834,0.000,0.678,0.000,2974408,0,0,171358
6693,17.3063,1.887,1.834,1.826,0.000,0.295,0.000,1878795,0,0,171262
6694,17.3080,1.701,1.719,1.712,0.000,0.701,0.000,1693567,0,0,171262
6695,17.3097,1.682,2.983,2.973,0.000,0.675,0.000,1674869,0,0,171262
6696,17.3113,1.636,1.886,1.877,0.000,0.370,0.000,1629410,0,0,171262
6697,17.3130,1.652,1.700,1.692,0.000,0.296,0.000,1645626,0,0,171262
6698,17.3147,1.685,1.682,1.674,0.000,0.645,0.000,1678326,0,0,171262
6699,17.3163,1.643,1.636,1.628,0.000,0.347,0.000,1635702,0,0,171262
6700,17.3180,1.700,1.652,1.645,0.000,0.304,0.000,1692884,0,0,171262
6701,17.3197,1.708,1.685,1.677,0.000,0.656,0.000,1700559,0,0,171262
6702,17.3215,1.670,1.643,1.635,0.000,0.368,0.000,1663400,0,0,171262
6703,17.3232,1.806,1.700,1.692,0.000,0.278,0.000,1798548,0,0,171262
6704,17.3248,1.644,1.708,1.699,0.000,0.345,0.000,1637192,0,0,171262
6705,17.3297,1.678,1.670,1.662,0.000,0.277,0.000,1671171,0,0,171262
6706,17.3320,5.132,1.806,1.797,0.000,0.277,0.000,5125516,0,0,171262
6707,17.3347,2.959,1.644,1.636,0.000,0.661,0.000,2950515,0,0,171262
6708,17.3366,1.888,1.678,1.670,0.000,0.388,0.000,1878263,0,0,171822
6709,17.3384,1.865,5.134,5.124,0.000,0.637,0.000,1857673,0,0,171318
6710,17.3404,1.885,2.960,2.949,0.000,0.709,0.000,1877431,0,0,171262
6711,17.3425,1.947,1.885,1.876,0.000,0.710,0.000,1939801,0,0,171262
6712,17.3445,2.162,1.865,1.856,0.000,0.345,0.000,2153162,0,0,171262
6713,17.3465,2.035,1.885,1.876,0.000,0.359,0.000,2027144,0,0,171262
6714,17.3483,1.870,1.948,1.939,0.000,0.367,0.000,1862312,0,0,171262
6715,17.3502,1.801,2.161,2.152,0.000,0.698,0.000,1794361,0,0,171262
6716,17.3521,1.898,2.035,2.026,0.000,0.665,0.000,1891509,0,0,171262
6717,17.3539,1.867,1.869,1.861,0.000,0.523,0.000,1858726,0,0,171262
6718,17.3558,1.850,1.801,1.793,0.000,0.340,0.000,1842681,0,0,171262
6719,17.3577,1.886,1.900,1.890,0.000,0.636,0.000,1878283,0,0,171262
6720,17.3608,1.879,1.866,1.858,0.000,0.348,0.000,1870746,0,0,171262
6721,17.3636,3.453,1.850,1.842,0.000,0.321,0.000,3445679,0,0,190353
6722,17.3660,2.811,1.887,1.877,0.000,0.372,0.000,2801463,0,0,171358
6723,17.3681,2.212,1.879,1.869,0.000,0.439,0.000,2202221,0,0,171262
6724,17.3702,2.089,3.455,3.444,0.000,0.449,0.000,2080134,0,0,171262
6725,17.3723,2.080,2.811,2.800,0.000,0.375,0.000,2071337,0,0,171262
6726,17.3743,2.041,2.211,2.201,0.000,0.356,0.000,2033279,0,0,171262
6727,17.3765,2.143,2.088,2.078,0.000,0.356,0.000,2134678,0,0,171262
6728,17.3785,2.074,2.079,2.070,0.000,0.352,0.000,2064710,0,0,171262
6729,17.3808,2.190,2.042,2.032,0.000,0.353,0.000,2181437,0,0,171262
6730,17.3830,2.122,2.144,2.133,0.000,0.338,0.000,2113159,0,0,171262
6731,17.3851,2.254,2.074,2.063,0.000,0.389,0.000,2245353,0,0,171262
6732,17.3872,2.107,2.190,2.180,0.000,0.370,0.000,2097086,0,0,171262
6733,17.3892,2.011,2.121,2.112,0.000,0.371,0.000,2002072,0,0,171262
6734,17.3922,1.940,2.255,2.244,0.000,0.411,0.000,1932227,0,0,171262
6735,17.3943,3.112,2.106,2.096,0.000,0.429,0.000,3104452,0,0,171262
6736,17.3963,2.063,2.010,2.001,0.000,0.717,0.000,2054757,0,0,171262
6737,17.3982,1.941,1.940,1.931,0.000,0.386,0.000,1932878,0,0,171262
6738,17.4000,1.834,3.113,3.103,0.000,0.673,0.000,1826767,0,0,171262
6739,17.4019,1.779,2.063,2.053,0.000,0.320,0.000,1771224,0,0,171262
6740,17.4037,1.955,1.940,1.932,0.000,0.340,0.000,1947555,0,0,171262
6741,17.4054,1.774,1.834,1.826,0.000,0.306,0.000,1765875,0,0,171262
6742,17.4072,1.741,1.778,1.770,0.000,0.286,0.000,1733930,0,0,171262
6743,17.4090,1.802,1.956,1.946,0.000,0.282,0.000,1793791,0,0,171262
6744,17.4108,1.746,1.773,1.765,0.000,0.275,0.000,1738052,0,0,171262
6745,17.4126,1.754,1.742,1.733,0.000,0.300,0.000,1746533,0,0,171262
6746,17.4148,2.246,1.801,1.793,0.000,0.380,0.000,2238650,0,0,171262
6747,17.4167,1.855,1.746,1.737,0.000,0.310,0.000,1847581,0,0,171262
6748,17.4199,2.114,1.754,1.745,0.000,0.426,0.000,2106615,0,0,171262
6749,17.4222,3.230,2.246,2.237,0.000,0.526,0.000,3222284,0,0,171262
6750,17.4242,2.220,1.854,1.846,0.000,0.695,0.000,2211413,0,0,171262
6751,17.4262,1.890,2.115,2.105,0.000,0.416,0.000,1880865,0,0,171262
6752,17.4281,1.946,3.231,3.221,0.000,0.347,0.000,1937911,0,0,171358
6753,17.4300,1.869,2.220,2.210,0.000,0.712,0.000,1861125,0,0,171262
6754,17.4320,1.994,1.888,1.880,0.000,0.371,0.000,1986705,0,0,171262
6755,17.4339,2.004,1.946,1.937,0.000,0.714,0.000,1996362,0,0,171262
6756,17.4358,1.908,1.869,1.860,0.000,0.776,0.000,1899252,0,0,171262
6757,17.4375,1.778,1.995,1.986,0.000,0.396,0.000,1770920,0,0,171262
6758,17.4393,1.772,2.005,1.995,0.000,0.290,0.000,1764481,0,0,171262
6759,17.4413,1.819,1.906,1.898,0.000,0.306,0.000,1811680,0,0,171262
6760,17.4431,1.905,1.778,1.770,0.000,0.318,0.000,1898072,0,0,171262
6761,17.4451,1.950,1.772,1.763,0.000,0.335,0.000,1942251,0,0,171262
6762,17.4479,1.819,1.819,1.810,0.000,0.349,0.000,1811339,0,0,171262
6763,17.4497,2.875,1.906,1.897,0.000,0.340,0.000,2867545,0,0,171262
6764,17.4515,1.785,1.950,1.941,0.000,0.268,0.000,1778167,0,0,171262
6765,17.4532,1.727,1.818,1.810,0.000,0.298,0.000,1719312,0,0,171262
6766,17.4549,1.694,2.875,2.866,0.000,0.366,0.000,1686691,0,0,171262
6767,17.4566,1.718,1.785,1.777,0.000,0.276,0.000,1711308,0,0,171262
6768,17.4584,1.737,1.726,1.718,0.000,0.275,0.000,1730026,0,0,171262
6769,17.4602,1.797,1.694,1.686,0.000,0.280,0.000,1789918,0,0,171262
6770,17.4621,1.767,1.719,1.710,0.000,0.283,0.000,1759901,0,0,171262
6771,17.4638,1.883,1.737,1.729,0.000,0.273,0.000,1876037,0,0,171262
6772,17.4654,1.667,1.797,1.789,0.000,0.353,0.000,1659187,0,0,171262
6773,17.4671,1.700,1.767,1.759,0.000,0.348,0.000,1692962,0,0,171262
6774,17.4688,1.672,1.883,1.875,0.000,0.355,0.000,1664542,0,0,171262
6775,17.4704,1.643,1.666,1.658,0.000,0.265,0.000,1636287,0,0,171262
6776,17.4734,1.697,1.700,1.692,0.000,0.244,0.000,1689706,0,0,171262
6777,17.4753,3.030,1.672,1.663,0.000,0.258,0.000,3022605,0,0,171262
6778,17.4771,1.879,1.643,1.635,0.000,0.268,0.000,1871244,0,0,171262
6779,17.4790,1.832,1.697,1.689,0.000,0.730,0.000,1825355,0,0,171262
6780,17.4809,1.939,3.031,3.021,0.000,0.648,0.000,1931224,0,0,171262
6781,17.4832,1.921,1.878,1.870,0.000,0.407,0.000,1911831,0,0,171262
6782,17.4851,2.272,1.833,1.824,0.000,0.414,0.000,2263285,0,0,171358
6783,17.4870,1.898,1.940,1.930,0.000,0.297,0.000,1889679,0,0,171262
6784,17.4889,1.909,1.920,1.911,0.000,0.678,0.000,1901891,0,0,171262
6785,17.4908,1.836,2.271,2.262,0.000,0.338,0.000,1827749,0,0,171262
6786,17.4926,1.889,1.897,1.889,0.000,0.341,0.000,1880878,0,0,171262
6787,17.4944,1.783,1.910,1.901,0.000,0.290,0.000,1775371,0,0,171262
6788,17.4961,1.753,1.836,1.827,0.000,0.361,0.000,1745944,0,0,171262
6789,17.4980,1.779,1.888,1.880,0.000,0.290,0.000,1771726,0,0,171262
6790,17.5010,1.870,1.783,1.774,0.000,0.262,0.000,1861589,0,0,171262
6791,17.5031,3.132,1.753,1.744,0.000,0.272,0.000,3123785,0,0,171262
6792,17.5049,1.970,1.780,1.770,0.000,0.290,0.000,1962327,0,0,171262
6793,17.5067,1.780,1.870,1.860,0.000,0.343,0.000,1771987,0,0,171262
6794,17.5085,1.867,3.131,3.122,0.000,0.295,0.000,1859613,0,0,171262
6795,17.5102,1.707,1.970,1.961,0.000,0.416,0.000,1694677,0,0,171262
6796,17.5120,1.753,1.779,1.771,0.000,0.302,0.000,1745852,0,0,171262
6797,17.5139,1.861,1.872,1.859,0.000,0.507,0.000,1853889,0,0,171262
6798,17.5158,1.845,1.702,1.694,0.000,0.289,0.000,1837128,0,0,171262
6799,17.5176,1.893,1.753,1.745,0.000,0.321,0.000,1884606,0,0,171262
6800,17.5194,1.819,1.861,1.853,0.000,0.329,0.000,1811933,0,0,171262
6801,17.5214,1.795,1.845,1.836,0.000,0.308,0.000,1787956,0,0,171262
6802,17.5232,1.962,1.892,1.883,0.000,0.367,0.000,1954792,0,0,171262
6803,17.5249,1.779,1.819,1.811,0.000,0.296,0.000,1770081,0,0,171262
6804,17.5300,4.804,1.795,1.787,0.000,0.351,0.000,4795512,0,0,171262
6805,17.5319,2.098,1.964,1.954,0.000,0.305,0.000,2087867,0,0,171262
6806,17.5339,1.937,1.779,1.769,0.000,0.392,0.000,1927578,0,0,171262
6807,17.5358,1.981,4.806,4.794,0.000,0.396,0.000,1973230,0,0,171262
6808,17.5377,1.896,2.097,2.086,0.000,0.332,0.000,1886922,0,0,171262
6809,17.5395,1.827,1.936,1.926,0.000,0.408,0.000,1818806,0,0,171262
6810,17.5414,1.813,1.982,1.972,0.000,0.363,0.000,1805859,0,0,171262
6811,17.5432,1.938,1.895,1.886,0.000,0.309,0.000,1929729,0,0,171262
6812,17.5449,1.732,1.826,1.818,0.000,0.633,0.000,1723943,0,0,171358
6813,17.5467,1.784,1.814,1.805,0.000,0.663,0.000,1776347,0,0,171262
6814,17.5484,1.739,1.938,1.928,0.000,0.622,0.000,1732280,0,0,171262
6815,17.5503,1.724,1.731,1.723,0.000,0.694,0.000,1716627,0,0,171262
6816,17.5520,1.800,1.784,1.775,0.000,0.669,0.000,1793183,0,0,171262
6817,17.5547,1.679,1.739,1.731,0.000,0.598,0.000,1672205,0,0,171262
6818,17.5564,2.741,1.724,1.715,0.000,0.608,0.000,2734415,0,0,171262
6819,17.5581,1.748,1.800,1.792,0.000,0.616,0.000,1740329,0,0,171262
6820,17.5598,1.656,1.679,1.671,0.000,0.616,0.000,1649080,0,0,171262
6821,17.5616,1.671,2.742,2.733,0.000,0.322,0.000,1664916,0,0,171262
6822,17.5634,1.967,1.747,1.739,0.000,0.497,0.000,1960251,0,0,171262
6823,17.5651,1.662,1.655,1.648,0.000,0.312,0.000,1654878,0,0,171262
6824,17.5669,1.767,1.671,1.664,0.000,0.293,0.000,1760453,0,0,171262
6825,17.5687,1.787,1.968,1.959,0.000,0.594,0.000,1779905,0,0,171262
6826,17.5704,1.751,1.662,1.654,0.000,0.352,0.000,1744340,0,0,171262
6827,17.5721,1.690,1.767,1.759,0.000,0.362,0.000,1682965,0,0,171262
6828,17.5743,2.038,1.787,1.779,0.000,0.307,0.000,2031225,0,0,171262
6829,17.5759,1.852,1.751,1.743,0.000,0.335,0.000,1841241,0,0,171262
6830,17.5776,1.638,1.690,1.682,0.000,0.285,0.000,1631047,0,0,171262
6831,17.5803,1.642,2.042,2.030,0.000,0.319,0.000,1635095,0,0,171262
6832,17.5822,2.805,1.848,1.840,0.000,0.281,0.000,2798643,0,0,171262
6833,17.5840,1.911,1.638,1.630,0.000,0.328,0.000,1904004,0,0,171262
6834,17.5857,1.708,1.642,1.634,0.000,0.351,0.000,1700806,0,0,171262
6835,17.5873,1.657,2.806,2.798,0.000,0.311,0.000,1650009,0,0,171262
6836,17.5890,1.671,1.911,1.903,0.000,0.319,0.000,1663866,0,0,171262
6837,17.5906,1.613,1.707,1.700,0.000,0.354,0.000,1606765,0,0,171262
6838,17.5922,1.611,1.657,1.649,0.000,0.332,0.000,1604204,0,0,171262
6839,17.5939,1.675,1.670,1.663,0.000,0.650,0.000,1669043,0,0,171262
6840,17.5957,1.720,1.613,1.606,0.000,0.629,0.000,1713118,0,0,171262
6841,17.5976,1.872,1.611,1.603,0.000,0.348,0.000,1864562,0,0,190353
6842,17.5992,1.721,1.676,1.668,0.000,0.313,0.000,1713885,0,0,171358
6843,17.6009,1.679,1.720,1.712,0.000,0.283,0.000,1672309,0,0,171262
6844,17.6026,1.650,1.871,1.863,0.000,0.254,0.000,1642523,0,0,171262
6845,17.6053,1.769,1.720,1.713,0.000,0.357,0.000,1762529,0,0,171262
6846,17.6071,2.759,1.680,1.671,0.000,0.285,0.000,2751888,0,0,171262
6847,17.6089,1.772,1.649,1.641,0.000,0.256,0.000,1764300,0,0,171262
6848,17.6106,1.744,1.769,1.761,0.000,0.340,0.000,1736863,0,0,171262
6849,17.6123,1.694,2.759,2.751,0.000,0.329,0.000,1687143,0,0,171262
6850,17.6139,1.683,1.771,1.763,0.000,0.367,0.000,1676364,0,0,171262
6851,17.6156,1.685,1.744,1.736,0.000,0.321,0.000,1678245,0,0,171262
6852,17.6172,1.615,1.694,1.686,0.000,0.279,0.000,1608265,0,0,171262
6853,17.6189,1.597,1.683,1.675,0.000,0.289,0.000,1590741,0,0,171262
6854,17.6205,1.657,1.685,1.677,0.000,0.432,0.000,1650069,0,0,171262
6855,17.6223,1.645,1.615,1.607,0.000,0.431,0.000,1638338,0,0,171262
6856,17.6240,1.802,1.597,1.590,0.000,0.652,0.000,1795831,0,0,171262
6857,17.6257,1.710,1.657,1.649,0.000,0.259,0.000,1702055,0,0,171262
6858,17.6274,1.700,1.645,1.637,0.000,0.389,0.000,1692769,0,0,171262
6859,17.6304,1.813,1.804,1.795,0.000,0.296,0.000,1805978,0,0,171262
6860,17.6322,2.948,1.709,1.701,0.000,0.270,0.000,2939493,0,0,171262
6861,17.6339,1.750,1.700,1.692,0.000,0.255,0.000,1742523,0,0,171262
6862,17.6357,1.703,1.814,1.805,0.000,0.267,0.000,1696606,0,0,171262
6863,17.6374,1.795,2.947,2.938,0.000,0.259,0.000,1786819,0,0,171262
6864,17.6393,1.857,1.750,1.741,0.000,0.761,0.000,1849633,0,0,171262
6865,17.6413,1.849,1.705,1.695,0.000,0.722,0.000,1841205,0,0,171262
6866,17.6433,2.048,1.794,1.785,0.000,0.656,0.000,2040509,0,0,171262
6867,17.6455,2.182,1.858,1.849,0.000,0.657,0.000,2174115,0,0,171262
6868,17.6475,2.003,1.849,1.840,0.000,0.389,0.000,1993350,0,0,171262
6869,17.6494,1.974,2.048,2.039,0.000,0.410,0.000,1966191,0,0,171262
6870,17.6513,1.903,2.184,2.173,0.000,0.376,0.000,1895183,0,0,171262
6871,17.6532,1.880,2.001,1.992,0.000,0.377,0.000,1871868,0,0,171262
6872,17.6555,1.997,1.974,1.965,0.000,0.706,0.000,1989655,0,0,171358
6873,17.6586,2.252,1.903,1.894,0.000,0.764,0.000,2243215,0,0,171262
6874,17.6607,3.221,1.880,1.871,0.000,0.351,0.000,3212782,0,0,171262
6875,17.6628,2.022,1.998,1.988,0.000,0.362,0.000,2013021,0,0,171262
6876,17.6646,1.982,2.252,2.242,0.000,0.413,0.000,1974021,0,0,171262
6877,17.6665,1.863,3.222,3.211,0.000,0.334,0.000,1855220,0,0,171262
6878,17.6683,1.783,2.021,2.012,0.000,0.397,0.000,1775655,0,0,171262
6879,17.6701,1.772,1.982,1.973,0.000,0.762,0.000,1764590,0,0,171262
6880,17.6720,1.941,1.863,1.854,0.000,0.381,0.000,1933375,0,0,171822
6881,17.6742,2.009,1.783,1.775,0.000,0.359,0.000,2000660,0,0,171318
6882,17.6763,2.222,1.772,1.763,0.000,0.456,0.000,2211519,0,0,171262
6883,17.6782,1.935,1.942,1.932,0.000,0.429,0.000,1926817,0,0,171262
6884,17.6801,1.887,2.011,1.999,0.000,0.813,0.000,1879527,0,0,171262
6885,17.6820,1.864,2.220,2.210,0.000,0.737,0.000,1856621,0,0,171262
6886,17.6838,1.934,1.934,1.925,0.000,0.727,0.000,1926019,0,0,171262
6887,17.6868,1.827,1.887,1.878,0.000,0.665,0.000,1818228,0,0,171262
6888,17.6889,3.129,1.865,1.855,0.000,0.674,0.000,3121619,0,0,171262
6889,17.6909,2.011,1.934,1.925,0.000,0.697,0.000,2002782,0,0,171262
6890,17.6929,1.999,1.826,1.817,0.000,0.696,0.000,1991587,0,0,171262
6891,17.6949,1.949,3.130,3.120,0.000,0.386,0.000,1940815,0,0,171262
6892,17.6969,2.065,2.010,2.001,0.000,0.350,0.000,2055927,0,0,171262
6893,17.6990,2.049,2.000,1.990,0.000,0.399,0.000,2040698,0,0,171262
6894,17.7014,2.181,1.951,1.940,0.000,0.540,0.000,2173010,0,0,171262
6895,17.7036,2.387,2.064,2.054,0.000,0.378,0.000,2376273,0,0,171262
6896,17.7056,2.049,2.049,2.039,0.000,0.556,0.000,2039667,0,0,171262
6897,17.7075,1.958,2.184,2.172,0.000,0.476,0.000,1949584,0,0,171262
6898,17.7093,1.866,2.385,2.375,0.000,0.790,0.000,1857723,0,0,171262
6899,17.7111,1.823,2.048,2.038,0.000,0.752,0.000,1815304,0,0,171262
6900,17.7129,1.784,1.958,1.948,0.000,0.686,0.000,1775767,0,0,171262
6901,17.7158,1.737,1.865,1.857,0.000,0.479,0.000,1729499,0,0,171262
6902,17.7176,2.959,1.823,1.814,0.000,0.374,0.000,2951812,0,0,171358
6903,17.7194,1.797,1.783,1.775,0.000,0.319,0.000,1788969,0,0,171262
6904,17.7213,1.792,1.737,1.728,0.000,0.722,0.000,1785237,0,0,171262
6905,17.7231,1.885,2.960,2.951,0.000,0.568,0.000,1878354,0,0,171262
6906,17.7248,1.773,1.796,1.788,0.000,0.680,0.000,1765474,0,0,171262
6907,17.7266,1.765,1.792,1.784,0.000,0.705,0.000,1758315,0,0,171262
6908,17.7283,1.717,1.886,1.877,0.000,0.394,0.000,1708705,0,0,171262
6909,17.7301,1.823,1.772,1.764,0.000,0.330,0.000,1815784,0,0,171262
6910,17.7318,1.732,1.767,1.757,0.000,0.339,0.000,1725007,0,0,171262
6911,17.7335,1.665,1.716,1.707,0.000,0.335,0.000,1658103,0,0,171262
6912,17.7352,1.675,1.823,1.815,0.000,0.288,0.000,1668198,0,0,171262
6913,17.7370,1.788,1.732,1.724,0.000,0.322,0.000,1780452,0,0,171262
6914,17.7387,1.724,1.665,1.657,0.000,0.294,0.000,1716882,0,0,171262
6915,17.7414,1.676,1.676,1.667,0.000,0.264,0.000,1668861,0,0,171262
6916,17.7432,2.718,1.787,1.779,0.000,0.712,0.000,2710940,0,0,171262
6917,17.7450,1.853,1.724,1.716,0.000,0.683,0.000,1845816,0,0,171262
6918,17.7466,1.694,1.676,1.668,0.000,0.440,0.000,1686192,0,0,171262
6919,17.7482,1.625,2.718,2.710,0.000,0.429,0.000,1618655,0,0,171262
6920,17.7499,1.634,1.854,1.845,0.000,0.481,0.000,1627189,0,0,171262
6921,17.7516,1.674,1.693,1.685,0.000,0.326,0.000,1666642,0,0,171262
6922,17.7532,1.670,1.626,1.618,0.000,0.468,0.000,1663319,0,0,171262
6923,17.7549,1.678,1.634,1.626,0.000,0.333,0.000,1672145,0,0,171262
6924,17.7565,1.658,1.674,1.666,0.000,0.359,0.000,1650476,0,0,171262
6925,17.7582,1.634,1.670,1.662,0.000,0.492,0.000,1627438,0,0,171262
6926,17.7598,1.658,1.680,1.671,0.000,0.309,0.000,1651022,0,0,171262
6927,17.7616,1.624,1.657,1.649,0.000,0.279,0.000,1616422,0,0,171262
6928,17.7632,1.713,1.635,1.626,0.000,0.490,0.000,1706085,0,0,171262
6929,17.7660,1.723,1.658,1.650,0.000,0.693,0.000,1716378,0,0,171262
6930,17.7679,2.903,1.623,1.615,0.000,0.336,0.000,2895555,0,0,171262
6931,17.7697,1.785,1.713,1.699,0.000,0.318,0.000,1776819,0,0,171262
6932,17.7713,1.730,1.724,1.715,0.000,0.315,0.000,1722761,0,0,171358
6933,17.7730,1.684,2.903,2.894,0.000,0.290,0.000,1676904,0,0,171262
6934,17.7747,1.672,1.784,1.776,0.000,0.345,0.000,1664774,0,0,171262
6935,17.7762,1.616,1.730,1.722,0.000,0.392,0.000,1609251,0,0,171262
6936,17.7779,1.579,1.684,1.676,0.000,0.323,0.000,1571906,0,0,171262
6937,17.7795,1.611,1.672,1.664,0.000,0.275,0.000,1603893,0,0,171262
6938,17.7812,1.612,1.616,1.608,0.000,0.491,0.000,1605834,0,0,171262
6939,17.7828,1.742,1.579,1.571,0.000,0.384,0.000,1735353,0,0,171262
6940,17.7844,1.591,1.610,1.603,0.000,0.282,0.000,1583788,0,0,171262
6941,17.7860,1.589,1.613,1.605,0.000,0.685,0.000,1582185,0,0,171262
6942,17.7876,1.617,1.742,1.734,0.000,0.619,0.000,1610717,0,0,171822
6943,17.7892,1.567,1.591,1.583,0.000,0.639,0.000,1560036,0,0,171318
6944,17.7920,2.703,1.589,1.581,0.000,0.603,0.000,2696822,0,0,171262
6945,17.7939,1.888,1.617,1.610,0.000,0.501,0.000,1879652,0,0,171262
6946,17.7956,1.793,1.567,1.559,0.000,0.454,0.000,1783914,0,0,171262
6947,17.7973,1.719,2.705,2.696,0.000,0.452,0.000,1712092,0,0,171262
6948,17.7990,1.672,1.889,1.878,0.000,0.401,0.000,1665202,0,0,171262
6949,17.8007,1.659,1.791,1.783,0.000,0.302,0.000,1651137,0,0,171262
6950,17.8027,1.863,1.719,1.711,0.000,0.337,0.000,1856469,0,0,171262
6951,17.8043,1.839,1.673,1.664,0.000,0.295,0.000,1831466,0,0,171262
6952,17.8060,1.660,1.658,1.650,0.000,0.362,0.000,1652594,0,0,171262
6953,17.8077,1.646,1.863,1.855,0.000,0.281,0.000,1638623,0,0,171262
6954,17.8095,1.794,1.839,1.830,0.000,0.293,0.000,1787155,0,0,171262
6955,17.8113,1.822,1.659,1.651,0.000,0.288,0.000,1814845,0,0,171262
6956,17.8130,1.703,1.645,1.638,0.000,0.313,0.000,1696222,0,0,171262
6957,17.8146,1.648,1.795,1.786,0.000,0.348,0.000,1641011,0,0,171262
6958,17.8174,2.714,1.822,1.814,0.000,0.266,0.000,2706682,0,0,171262
6959,17.8191,1.812,1.703,1.695,0.000,0.675,0.000,1804988,0,0,171262
6960,17.8208,1.677,1.648,1.640,0.000,0.661,0.000,1670125,0,0,171262
6961,17.8227,1.704,2.714,2.706,0.000,0.686,0.000,1697100,0,0,190353
6962,17.8243,1.821,1.812,1.804,0.000,0.599,0.000,1813803,0,0,171358
6963,17.8260,1.642,1.677,1.669,0.000,0.677,0.000,1635102,0,0,171262
6964,17.8277,1.641,1.704,1.696,0.000,0.335,0.000,1634650,0,0,171262
6965,17.8294,1.720,1.821,1.813,0.000,0.269,0.000,1713338,0,0,171262
6966,17.8311,1.680,1.642,1.634,0.000,0.328,0.000,1673604,0,0,171262
6967,17.8327,1.694,1.642,1.634,0.000,0.267,0.000,1687786,0,0,171262
6968,17.8344,1.646,1.720,1.712,0.000,0.258,0.000,1638694,0,0,171262
6969,17.8361,1.682,1.680,1.672,0.000,0.252,0.000,1675601,0,0,171262
6970,17.8377,1.696,1.695,1.687,0.000,0.247,0.000,1688813,0,0,171262
6971,17.8394,1.628,1.645,1.638,0.000,0.279,0.000,1620791,0,0,171262
6972,17.8430,2.916,1.683,1.674,0.000,0.281,0.000,2910022,0,0,171262
6973,17.8448,2.460,1.696,1.688,0.000,0.261,0.000,2449030,0,0,171262
6974,17.8465,1.758,1.627,1.620,0.000,0.315,0.000,1750885,0,0,171262
6975,17.8482,1.662,2.921,2.909,0.000,0.336,0.000,1654649,0,0,171262
6976,17.8498,1.643,2.456,2.448,0.000,0.296,0.000,1635773,0,0,171262
6977,17.8514,1.587,1.758,1.750,0.000,0.356,0.000,1580099,0,0,171262
6978,17.8530,1.615,1.661,1.653,0.000,0.289,0.000,1608641,0,0,171262
6979,17.8547,1.652,1.642,1.635,0.000,0.257,0.000,1645449,0,0,171262
6980,17.8563,1.658,1.587,1.579,0.000,0.318,0.000,1651006,0,0,171262
6981,17.8579,1.629,1.616,1.607,0.000,0.294,0.000,1622674,0,0,171262
6982,17.8596,1.659,1.652,1.644,0.000,0.272,0.000,1652602,0,0,171262
6983,17.8618,1.740,1.658,1.650,0.000,0.338,0.000,1733885,0,0,171262
6984,17.8635,2.127,1.629,1.622,0.000,0.290,0.000,2116993,0,0,171262
6985,17.8651,1.662,1.659,1.651,0.000,0.690,0.000,1650332,0,0,171262
6986,17.8701,1.759,1.744,1.733,0.000,0.640,0.000,1752298,0,0,171262
6987,17.8726,5.158,2.129,2.116,0.000,0.595,0.000,5151856,0,0,171262
6988,17.8754,3.216,1.657,1.649,0.000,0.290,0.000,3207418,0,0,171262
6989,17.8771,1.801,1.759,1.751,0.000,0.331,0.000,1791960,0,0,171262
6990,17.8788,1.697,5.161,5.151,0.000,0.292,0.000,1690384,0,0,171262
6991,17.8804,1.648,3.216,3.206,0.000,0.282,0.000,1640773,0,0,171262
6992,17.8822,1.666,1.798,1.790,0.000,0.265,0.000,1659422,0,0,171358
6993,17.8843,1.775,1.697,1.689,0.000,0.426,0.000,1768489,0,0,171262
6994,17.8861,2.213,1.648,1.640,0.000,0.259,0.000,2205088,0,0,171262
6995,17.8878,1.741,1.666,1.658,0.000,0.327,0.000,1734007,0,0,171262
6996,17.8896,1.750,1.776,1.767,0.000,0.650,0.000,1742767,0,0,171262
6997,17.8913,1.773,2.212,2.204,0.000,0.595,0.000,1766532,0,0,171262
6998,17.8931,1.728,1.741,1.733,0.000,0.342,0.000,1721548,0,0,171262
6999,17.8948,1.739,1.750,1.742,0.000,0.672,0.000,1732380,0,0,171262
7000,17.8966,1.798,1.773,1.765,0.000,0.656,0.000,1791213,0,0,171262
7001,17.8995,1.716,1.728,1.720,0.000,0.612,0.000,1709708,0,0,171262
7002,17.9015,2.962,1.739,1.731,0.000,0.578,0.000,2954864,0,0,171262
7003,17.9032,1.933,1.798,1.790,0.000,0.571,0.000,1925037,0,0,171262
7004,17.9050,1.769,1.717,1.709,0.000,0.355,0.000,1761377,0,0,171262
7005,17.9067,1.702,2.963,2.954,0.000,0.634,0.000,1694966,0,0,171262
7006,17.9084,1.714,1.933,1.924,0.000,0.348,0.000,1707027,0,0,171262
7007,17.9101,1.652,1.768,1.760,0.000,0.276,0.000,1644775,0,0,171262
7008,17.9117,1.628,1.702,1.694,0.000,0.267,0.000,1621183,0,0,171262
7009,17.9135,1.746,1.714,1.706,0.000,0.247,0.000,1738586,0,0,171262
7010,17.9151,1.684,1.652,1.644,0.000,0.241,0.000,1677455,0,0,171262
7011,17.9168,1.628,1.628,1.620,0.000,0.273,0.000,1621509,0,0,171262
7012,17.9185,1.709,1.745,1.738,0.000,0.236,0.000,1702720,0,0,171262
7013,17.9202,1.729,1.684,1.676,0.000,0.272,0.000,1722290,0,0,171262
7014,17.9222,1.734,1.628,1.620,0.000,0.254,0.000,1726668,0,0,171262
7015,17.9251,2.099,1.710,1.702,0.000,0.351,0.000,2092415,0,0,171262
7016,17.9271,2.944,1.729,1.721,0.000,0.292,0.000,2937025,0,0,171262
7017,17.9291,1.985,1.734,1.726,0.000,0.281,0.000,1976767,0,0,171262
7018,17.9312,2.034,2.099,2.091,0.000,0.773,0.000,2026325,0,0,171262
7019,17.9334,2.178,2.945,2.936,0.000,0.738,0.000,2169213,0,0,171262
7020,17.9358,2.196,1.984,1.975,0.000,0.393,0.000,2187635,0,0,171262
7021,17.9382,2.455,2.035,2.025,0.000,0.420,0.000,2443863,0,0,171262
7022,17.9404,2.308,2.178,2.168,0.000,0.565,0.000,2295439,0,0,171358
7023,17.9427,2.222,2.199,2.186,0.000,0.574,0.000,2210589,0,0,171262
7024,17.9447,2.225,2.456,2.442,0.000,0.525,0.000,2215627,0,0,171262
7025,17.9467,1.988,2.307,2.294,0.000,0.417,0.000,1980281,0,0,171262
7026,17.9487,2.057,2.220,2.209,0.000,0.425,0.000,2049406,0,0,171262
7027,17.9506,1.916,2.224,2.214,0.000,0.411,0.000,1907919,0,0,171262
7028,17.9525,1.928,1.988,1.979,0.000,0.352,0.000,1920495,0,0,171262
7029,17.9556,1.885,2.058,2.048,0.000,0.418,0.000,1877651,0,0,171262
7030,17.9578,3.127,1.916,1.907,0.000,0.362,0.000,3119119,0,0,171262
7031,17.9600,2.327,1.928,1.919,0.000,0.373,0.000,2318678,0,0,171262
7032,17.9625,2.206,1.886,1.876,0.000,0.559,0.000,2196843,0,0,171262
7033,17.9646,2.348,3.128,3.118,0.000,0.412,0.000,2337900,0,0,171262
7034,17.9667,2.097,2.328,2.317,0.000,0.517,0.000,2088466,0,0,171262
7035,17.9687,2.025,2.207,2.195,0.000,0.633,0.000,2017465,0,0,171262
7036,17.9708,2.169,2.347,2.336,0.000,0.387,0.000,2161389,0,0,171262
7037,17.9728,2.028,2.096,2.087,0.000,0.367,0.000,2019267,0,0,171262
7038,17.9749,1.992,2.025,2.016,0.000,0.647,0.000,1982715,0,0,171262
7039,17.9769,2.079,2.170,2.160,0.000,0.385,0.000,2070474,0,0,171262
7040,17.9789,1.989,2.028,2.018,0.000,0.578,0.000,1980061,0,0,171262
7041,17.9808,1.965,1.991,1.981,0.000,0.390,0.000,1955111,0,0,171262
7042,17.9829,1.926,2.079,2.069,0.000,0.346,0.000,1917882,0,0,171262
7043,17.9865,2.134,1.990,1.979,0.000,0.334,0.000,2126005,0,0,171262
7044,17.9888,3.768,1.963,1.954,0.000,0.381,0.000,3759784,0,0,171262
7045,17.9909,2.171,1.926,1.917,0.000,0.419,0.000,2161299,0,0,171262
7046,17.9929,2.072,2.135,2.125,0.000,0.839,0.000,2063630,0,0,171262
7047,17.9951,2.101,3.769,3.759,0.000,0.772,0.000,2094023,0,0,171262
7048,17.9971,2.052,2.169,2.160,0.000,0.716,0.000,2043110,0,0,171262
7049,17.9991,2.046,2.071,2.062,0.000,0.731,0.000,2037778,0,0,171262
7050,18.0013,2.026,2.103,2.093,0.000,0.736,0.000,2018445,0,0,171262
7051,18.0033,2.105,2.051,2.042,0.000,0.392,0.000,2097485,0,0,171262
7052,18.0052,1.961,2.046,2.037,0.000,0.387,0.000,1952886,0,0,171918
7053,18.0071,1.896,2.026,2.017,0.000,0.327,0.000,1887732,0,0,171318
7054,18.0090,1.885,2.106,2.096,0.000,0.747,0.000,1877590,0,0,171262
7055,18.0108,1.922,1.960,1.951,0.000,0.328,0.000,1914215,0,0,171262
7056,18.0127,1.823,1.895,1.886,0.000,0.469,0.000,1815219,0,0,171262
7057,18.0157,1.821,1.885,1.876,0.000,0.438,0.000,1813997,0,0,171262
7058,18.0177,3.132,1.922,1.913,0.000,0.429,0.000,3124718,0,0,171262
7059,18.0195,1.890,1.822,1.814,0.000,0.428,0.000,1881483,0,0,171262
7060,18.0214,1.789,1.821,1.813,0.000,0.738,0.000,1781542,0,0,171262
7061,18.0231,1.848,3.133,3.123,0.000,0.456,0.000,1841271,0,0,171262
7062,18.0248,1.695,1.889,1.880,0.000,0.312,0.000,1687774,0,0,171262
7063,18.0265,1.688,1.789,1.780,0.000,0.295,0.000,1681444,0,0,171262
7064,18.0282,1.716,1.849,1.840,0.000,0.268,0.000,1709611,0,0,171262
7065,18.0300,1.771,1.694,1.687,0.000,0.296,0.000,1764073,0,0,171262
7066,18.0317,1.771,1.688,1.680,0.000,0.358,0.000,1764103,0,0,171262
7067,18.0334,1.725,1.717,1.708,0.000,0.319,0.000,1717416,0,0,171262
7068,18.0352,1.737,1.771,1.763,0.000,0.608,0.000,1730493,0,0,171262
7069,18.0369,1.702,1.772,1.763,0.000,0.640,0.000,1694974,0,0,171262
7070,18.0386,1.753,1.725,1.716,0.000,0.414,0.000,1746325,0,0,171262
7071,18.0415,1.719,1.738,1.729,0.000,0.719,0.000,1711871,0,0,171262
7072,18.0436,3.035,1.702,1.694,0.000,0.683,0.000,3028280,0,0,171262
7073,18.0454,1.993,1.753,1.745,0.000,0.357,0.000,1984298,0,0,171262
7074,18.0472,1.796,1.719,1.711,0.000,0.430,0.000,1788716,0,0,171262
7075,18.0489,1.747,3.037,3.027,0.000,0.367,0.000,1739322,0,0,171262
7076,18.0507,1.740,1.992,1.983,0.000,0.294,0.000,1732788,0,0,171262
7077,18.0524,1.762,1.796,1.787,0.000,0.327,0.000,1755282,0,0,171262
7078,18.0540,1.649,1.746,1.738,0.000,0.749,0.000,1642116,0,0,171262
7079,18.0557,1.631,1.740,1.732,0.000,0.667,0.000,1624251,0,0,171262
7080,18.0573,1.635,1.762,1.754,0.000,0.649,0.000,1628319,0,0,171262
7081,18.0591,1.751,1.649,1.641,0.000,0.697,0.000,1744378,0,0,190353
7082,18.0608,1.733,1.631,1.623,0.000,0.585,0.000,1725758,0,0,171358
7083,18.0625,1.653,1.635,1.627,0.000,0.324,0.000,1645845,0,0,171262
7084,18.0643,1.784,1.751,1.743,0.000,0.335,0.000,1777836,0,0,171262
7085,18.0675,2.884,1.733,1.725,0.000,0.274,0.000,2874345,0,0,171262
7086,18.0697,2.274,1.653,1.645,0.000,0.461,0.000,2266573,0,0,171262
7087,18.0715,2.039,1.788,1.777,0.000,0.670,0.000,2031180,0,0,171262
7088,18.0732,1.742,2.881,2.873,0.000,0.328,0.000,1735458,0,0,171262
7089,18.0749,1.661,2.274,2.265,0.000,0.298,0.000,1654037,0,0,171262
7090,18.0765,1.696,2.038,2.030,0.000,0.282,0.000,1689160,0,0,171262
7091,18.0782,1.657,1.742,1.734,0.000,0.663,0.000,1650349,0,0,171262
7092,18.0798,1.654,1.661,1.653,0.000,0.354,0.000,1646927,0,0,171262
7093,18.0816,1.627,1.696,1.688,0.000,0.277,0.000,1620437,0,0,171262
7094,18.0833,1.810,1.657,1.649,0.000,0.316,0.000,1802905,0,0,171262
7095,18.0850,1.680,1.653,1.646,0.000,0.670,0.000,1672999,0,0,171262
7096,18.0867,1.725,1.627,1.619,0.000,0.683,0.000,1718296,0,0,171262
7097,18.0885,1.766,1.810,1.802,0.000,0.346,0.000,1758800,0,0,171262
7098,18.0903,1.833,1.680,1.672,0.000,0.355,0.000,1826529,0,0,171262
7099,18.0932,2.831,1.725,1.717,0.000,0.705,0.000,2823683,0,0,171262
7100,18.0949,1.803,1.765,1.758,0.000,0.674,0.000,1796160,0,0,171262
7101,18.0967,1.746,1.834,1.825,0.000,0.357,0.000,1738524,0,0,171262
7102,18.0985,1.770,2.831,2.823,0.000,0.671,0.000,1763510,0,0,171262
7103,18.1002,1.759,1.804,1.795,0.000,0.345,0.000,1751230,0,0,171262
7104,18.1023,1.704,1.745,1.737,0.000,0.318,0.000,1696340,0,0,171262
7105,18.1041,2.148,1.771,1.762,0.000,0.284,0.000,2141277,0,0,171262
7106,18.1058,1.755,1.759,1.750,0.000,0.477,0.000,1747540,0,0,171262
7107,18.1075,1.643,1.703,1.695,0.000,0.364,0.000,1635356,0,0,171262
7108,18.1092,1.711,2.149,2.140,0.000,0.324,0.000,1704290,0,0,171262
7109,18.1110,1.782,1.755,1.746,0.000,0.456,0.000,1772990,0,0,171262
7110,18.1129,1.799,1.643,1.634,0.000,0.458,0.000,1790645,0,0,171262
7111,18.1148,1.955,1.713,1.703,0.000,0.459,0.000,1946107,0,0,171262
7112,18.1176,1.856,1.781,1.772,0.000,0.602,0.000,1846657,0,0,171358
7113,18.1195,2.791,1.799,1.789,0.000,0.469,0.000,2784475,0,0,171262
7114,18.1216,1.823,1.955,1.945,0.000,0.367,0.000,1815242,0,0,171262
7115,18.1234,2.197,1.853,1.845,0.000,0.333,0.000,2189654,0,0,171262
7116,18.1251,1.747,2.793,2.783,0.000,0.511,0.000,1737506,0,0,171262
7117,18.1268,1.703,1.823,1.814,0.000,0.455,0.000,1695850,0,0,171262
7118,18.1285,1.699,2.199,2.188,0.000,0.276,0.000,1691542,0,0,171262
7119,18.1301,1.616,1.744,1.736,0.000,0.659,0.000,1609263,0,0,171262
7120,18.1317,1.634,1.703,1.695,0.000,0.630,0.000,1627499,0,0,171262
7121,18.1335,1.691,1.698,1.690,0.000,0.645,0.000,1683937,0,0,171262
7122,18.1353,1.790,1.616,1.608,0.000,0.605,0.000,1782550,0,0,171262
7123,18.1370,1.721,1.634,1.626,0.000,0.651,0.000,1713650,0,0,171262
7124,18.1386,1.657,1.691,1.683,0.000,0.410,0.000,1650148,0,0,171262
7125,18.1402,1.596,1.789,1.781,0.000,0.619,0.000,1589574,0,0,171262
7126,18.1430,1.644,1.721,1.712,0.000,0.614,0.000,1637775,0,0,171262
7127,18.1448,2.914,1.657,1.649,0.000,0.621,0.000,2906972,0,0,171262
7128,18.1465,1.730,1.596,1.589,0.000,0.598,0.000,1722291,0,0,171262
7129,18.1482,1.652,1.645,1.637,0.000,0.676,0.000,1645382,0,0,171262
7130,18.1498,1.678,2.914,2.906,0.000,0.487,0.000,1671401,0,0,171262
7131,18.1514,1.634,1.729,1.721,0.000,0.603,0.000,1626961,0,0,171262
7132,18.1530,1.594,1.652,1.644,0.000,0.346,0.000,1587149,0,0,171262
7133,18.1546,1.593,1.678,1.670,0.000,0.456,0.000,1586268,0,0,171262
7134,18.1563,1.634,1.633,1.626,0.000,0.274,0.000,1628008,0,0,171262
7135,18.1579,1.621,1.593,1.586,0.000,0.346,0.000,1614071,0,0,171262
7136,18.1597,1.753,1.593,1.585,0.000,0.248,0.000,1745961,0,0,171262
7137,18.1614,1.670,1.635,1.627,0.000,0.423,0.000,1658430,0,0,171262
7138,18.1633,2.009,1.621,1.613,0.000,0.599,0.000,2002748,0,0,171262
7139,18.1650,1.680,1.759,1.745,0.000,0.629,0.000,1672707,0,0,171262
7140,18.1677,1.690,1.663,1.656,0.000,0.651,0.000,1683279,0,0,171262
7141,18.1695,2.696,2.010,2.002,0.000,0.341,0.000,2689072,0,0,171262
7142,18.1712,1.799,1.679,1.672,0.000,0.347,0.000,1791663,0,0,171358
7143,18.1729,1.712,1.690,1.682,0.000,0.291,0.000,1704720,0,0,171262
7144,18.1745,1.635,2.696,2.688,0.000,0.631,0.000,1627967,0,0,171262
7145,18.1761,1.586,1.798,1.790,0.000,0.284,0.000,1579200,0,0,171262
7146,18.1777,1.625,1.711,1.704,0.000,0.614,0.000,1618300,0,0,171262
7147,18.1794,1.618,1.635,1.627,0.000,0.338,0.000,1611974,0,0,171262
7148,18.1812,1.683,1.586,1.578,0.000,0.288,0.000,1676320,0,0,171262
7149,18.1830,1.833,1.625,1.617,0.000,0.357,0.000,1825767,0,0,171262
7150,18.1849,1.839,1.619,1.611,0.000,0.287,0.000,1831880,0,0,171262
7151,18.1868,1.920,1.683,1.675,0.000,0.279,0.000,1913157,0,0,171262
7152,18.1888,1.954,1.833,1.824,0.000,0.335,0.000,1946399,0,0,171262
7153,18.1908,1.967,1.839,1.831,0.000,0.332,0.000,1959630,0,0,171262
7154,18.1938,1.984,1.921,1.912,0.000,0.423,0.000,1976127,0,0,171262
7155,18.1958,3.042,1.954,1.945,0.000,0.371,0.000,3034017,0,0,171262
7156,18.1976,1.958,1.967,1.958,0.000,0.336,0.000,1949487,0,0,171262
7157,18.1994,1.773,1.984,1.975,0.000,0.665,0.000,1765898,0,0,171262
7158,18.2013,1.790,3.042,3.032,0.000,0.648,0.000,1783257,0,0,171262
7159,18.2032,1.914,1.957,1.948,0.000,0.364,0.000,1906886,0,0,171262
7160,18.2052,1.961,1.773,1.764,0.000,0.324,0.000,1952122,0,0,171262
7161,18.2072,2.065,1.791,1.782,0.000,0.718,0.000,2057789,0,0,171262
7162,18.2091,1.941,1.915,1.905,0.000,0.358,0.000,1932478,0,0,171262
7163,18.2109,1.803,1.959,1.951,0.000,0.689,0.000,1795642,0,0,171262
7164,18.2127,1.767,2.066,2.056,0.000,0.333,0.000,1759599,0,0,171262
7165,18.2145,1.905,1.939,1.931,0.000,0.307,0.000,1898371,0,0,171262
7166,18.2163,1.775,1.803,1.794,0.000,0.363,0.000,1767884,0,0,171262
7167,18.2181,1.804,1.767,1.758,0.000,0.556,0.000,1796701,0,0,171262
7168,18.2211,1.853,1.905,1.897,0.000,0.675,0.000,1845365,0,0,171262
7169,18.2235,2.977,1.775,1.767,0.000,0.623,0.000,2970027,0,0,171262
7170,18.2254,2.405,1.804,1.796,0.000,0.307,0.000,2397577,0,0,171262
7171,18.2274,1.903,1.853,1.844,0.000,0.316,0.000,1894341,0,0,171262
7172,18.2294,2.036,2.978,2.969,0.000,0.556,0.000,2028287,0,0,171358
7173,18.2317,2.002,2.406,2.396,0.000,0.318,0.000,1994123,0,0,171262
7174,18.2338,2.400,1.902,1.893,0.000,0.693,0.000,2390109,0,0,171262
7175,18.2359,2.086,2.036,2.027,0.000,0.323,0.000,2077539,0,0,171262
7176,18.2379,2.021,2.004,1.993,0.000,0.463,0.000,2011877,0,0,171262
7177,18.2398,1.939,2.399,2.389,0.000,0.538,0.000,1931425,0,0,171262
7178,18.2419,1.939,2.086,2.076,0.000,0.463,0.000,1930880,0,0,171262
7179,18.2439,2.183,2.020,2.011,0.000,0.392,0.000,2175467,0,0,171262
7180,18.2469,2.101,1.939,1.930,0.000,0.334,0.000,2091890,0,0,171262
7181,18.2489,2.858,1.939,1.930,0.000,0.390,0.000,2850153,0,0,171262
7182,18.2519,1.927,2.184,2.174,0.000,0.774,0.000,1919480,0,0,171262
7183,18.2538,2.958,2.100,2.091,0.000,0.688,0.000,2951208,0,0,171262
7184,18.2557,1.888,2.857,2.849,0.000,0.657,0.000,1879718,0,0,171262
7185,18.2578,2.086,1.927,1.918,0.000,0.713,0.000,2078627,0,0,171262
7186,18.2597,2.000,2.959,2.950,0.000,0.403,0.000,1991790,0,0,171262
7187,18.2617,1.858,1.887,1.879,0.000,0.406,0.000,1849943,0,0,171262
7188,18.2636,2.041,2.087,2.077,0.000,0.324,0.000,2033211,0,0,171262
7189,18.2653,1.786,2.000,1.990,0.000,0.424,0.000,1778652,0,0,171262
7190,18.2672,1.769,1.857,1.849,0.000,0.332,0.000,1762303,0,0,171262
7191,18.2691,1.973,2.041,2.032,0.000,0.290,0.000,1964950,0,0,171262
7192,18.2709,1.845,1.785,1.777,0.000,0.789,0.000,1836968,0,0,171262
7193,18.2727,1.753,1.770,1.761,0.000,0.369,0.000,1746100,0,0,171262
7194,18.2745,1.833,1.972,1.964,0.000,0.421,0.000,1825454,0,0,171262
7195,18.2764,1.799,1.844,1.836,0.000,0.348,0.000,1791730,0,0,171262
7196,18.2783,1.910,1.753,1.745,0.000,0.661,0.000,1902425,0,0,171262
7197,18.2814,2.960,1.833,1.824,0.000,0.741,0.000,2952702,0,0,171262
7198,18.2833,2.011,1.799,1.791,0.000,0.390,0.000,2002978,0,0,171262
7199,18.2855,2.029,1.910,1.901,0.000,0.725,0.000,2021564,0,0,171262
7200,18.2877,2.265,2.961,2.951,0.000,0.405,0.000,2257001,0,0,171262
7201,18.2899,2.146,2.010,2.002,0.000,0.402,0.000,2137053,0,0,190353
7202,18.2920,2.194,2.030,2.020,0.000,0.354,0.000,2184933,0,0,171358
7203,18.2941,2.067,2.266,2.255,0.000,0.378,0.000,2058581,0,0,171262
7204,18.2961,2.057,2.145,2.135,0.000,0.718,0.000,2048795,0,0,171262
7205,18.2980,1.931,2.194,2.184,0.000,0.375,0.000,1922985,0,0,171262
7206,18.2998,1.857,2.067,2.057,0.000,0.739,0.000,1849084,0,0,171262
7207,18.3017,1.789,2.057,2.047,0.000,0.315,0.000,1782046,0,0,171262
7208,18.3035,1.920,1.931,1.921,0.000,0.286,0.000,1905968,0,0,171262
7209,18.3053,1.761,1.856,1.848,0.000,0.293,0.000,1753508,0,0,171262
7210,18.3082,1.847,1.796,1.781,0.000,0.348,0.000,1839736,0,0,171262
7211,18.3101,2.994,1.914,1.904,0.000,0.362,0.000,2986532,0,0,171262
7212,18.3119,1.842,1.761,1.752,0.000,0.674,0.000,1832981,0,0,171262
7213,18.3137,1.809,1.847,1.838,0.000,0.682,0.000,1802188,0,0,171262
7214,18.3154,1.705,2.995,2.985,0.000,0.467,0.000,1697677,0,0,171262
7215,18.3170,1.649,1.840,1.831,0.000,0.295,0.000,1642572,0,0,171262
7216,18.3186,1.622,1.809,1.801,0.000,0.364,0.000,1615670,0,0,171262
7217,18.3203,1.630,1.704,1.697,0.000,0.307,0.000,1623189,0,0,171262
7218,18.3221,1.684,1.649,1.641,0.000,0.310,0.000,1677073,0,0,171262
7219,18.3240,1.977,1.622,1.615,0.000,0.346,0.000,1969167,0,0,171262
7220,18.3257,1.744,1.630,1.622,0.000,0.673,0.000,1735784,0,0,171262
7221,18.3274,1.689,1.685,1.676,0.000,0.345,0.000,1682254,0,0,171262
7222,18.3290,1.677,1.977,1.968,0.000,0.274,0.000,1670092,0,0,171262
7223,18.3307,1.662,1.743,1.735,0.000,0.455,0.000,1655596,0,0,171262
7224,18.3324,1.653,1.690,1.681,0.000,0.628,0.000,1647082,0,0,171822
7225,18.3352,2.790,1.677,1.669,0.000,0.341,0.000,2782074,0,0,171318
7226,18.3369,1.746,1.662,1.654,0.000,0.683,0.000,1739170,0,0,171262
7227,18.3387,1.733,1.655,1.646,0.000,0.668,0.000,1725635,0,0,171262
7228,18.3404,1.768,2.789,2.781,0.000,0.294,0.000,1761566,0,0,171262
7229,18.3423,1.771,1.747,1.738,0.000,0.354,0.000,1763137,0,0,171262
7230,18.3441,1.915,1.733,1.724,0.000,0.378,0.000,1908008,0,0,171262
7231,18.3459,1.777,1.769,1.760,0.000,0.336,0.000,1769228,0,0,171262
7232,18.3477,1.813,1.770,1.762,0.000,0.328,0.000,1805496,0,0,171358
7233,18.3495,1.748,1.916,1.907,0.000,0.652,0.000,1740485,0,0,171262
7234,18.3512,1.738,1.776,1.768,0.000,0.393,0.000,1730318,0,0,171262
7235,18.3529,1.720,1.813,1.804,0.000,0.636,0.000,1713334,0,0,171262
7236,18.3546,1.706,1.748,1.739,0.000,0.670,0.000,1699365,0,0,171262
7237,18.3562,1.636,1.737,1.729,0.000,0.345,0.000,1629435,0,0,171262
7238,18.3579,1.702,1.720,1.712,0.000,0.321,0.000,1694754,0,0,171262
7239,18.3608,2.827,1.706,1.698,0.000,0.288,0.000,2819826,0,0,171822
7240,18.3627,1.794,1.637,1.628,0.000,0.336,0.000,1786446,0,0,171318
7241,18.3644,1.850,1.702,1.694,0.000,0.306,0.000,1843107,0,0,171262
7242,18.3661,1.688,2.828,2.819,0.000,0.353,0.000,1681063,0,0,171262
7243,18.3677,1.662,1.794,1.785,0.000,0.266,0.000,1655589,0,0,171262
7244,18.3694,1.657,1.850,1.842,0.000,0.259,0.000,1649847,0,0,171262
7245,18.3711,1.711,1.688,1.680,0.000,0.250,0.000,1703901,0,0,171262
7246,18.3729,1.672,1.663,1.654,0.000,0.263,0.000,1664575,0,0,171262
7247,18.3746,1.812,1.657,1.649,0.000,0.276,0.000,1805144,0,0,171262
7248,18.3762,1.624,1.711,1.703,0.000,0.253,0.000,1616867,0,0,171262
7249,18.3779,1.631,1.671,1.663,0.000,0.259,0.000,1624269,0,0,171262
7250,18.3796,1.726,1.812,1.804,0.000,0.354,0.000,1718462,0,0,171262
7251,18.3813,1.630,1.624,1.616,0.000,0.283,0.000,1623519,0,0,171262
7252,18.3830,1.747,1.632,1.623,0.000,0.282,0.000,1739776,0,0,171262
7253,18.3858,1.694,1.726,1.717,0.000,0.252,0.000,1686574,0,0,171262
7254,18.3875,2.823,1.630,1.622,0.000,0.249,0.000,2816350,0,0,171262
7255,18.3891,1.703,1.747,1.739,0.000,0.257,0.000,1695133,0,0,171262
7256,18.3908,1.620,1.694,1.685,0.000,0.266,0.000,1613568,0,0,171262
7257,18.3924,1.619,2.824,2.815,0.000,0.269,0.000,1611562,0,0,171262
7258,18.3942,1.745,1.702,1.694,0.000,0.236,0.000,1737695,0,0,171262
7259,18.3960,1.828,1.621,1.612,0.000,0.257,0.000,1821327,0,0,171262
7260,18.3978,1.757,1.619,1.610,0.000,0.338,0.000,1749833,0,0,171262
7261,18.3996,1.774,1.745,1.737,0.000,0.373,0.000,1766855,0,0,171262
7262,18.4014,1.789,1.829,1.820,0.000,0.391,0.000,1781868,0,0,171358
7263,18.4035,2.057,1.757,1.749,0.000,0.678,0.000,2050846,0,0,171262
7264,18.4053,1.863,1.774,1.766,0.000,0.588,0.000,1853681,0,0,171262
7265,18.4071,1.748,1.789,1.781,0.000,0.690,0.000,1741528,0,0,171262
7266,18.4088,1.837,2.060,2.050,0.000,0.652,0.000,1830047,0,0,171262
7267,18.4136,1.725,1.860,1.852,0.000,0.339,0.000,1718141,0,0,171262
7268,18.4162,5.192,1.749,1.740,0.000,0.643,0.000,5185622,0,0,171262
7269,18.4190,3.197,1.837,1.829,0.000,0.335,0.000,3187228,0,0,171262
7270,18.4209,1.914,1.725,1.717,0.000,0.577,0.000,1904392,0,0,171262
7271,18.4227,1.728,5.196,5.184,0.000,0.650,0.000,1720010,0,0,171262
7272,18.4243,1.782,3.197,3.185,0.000,0.560,0.000,1775265,0,0,171262
7273,18.4260,1.645,1.910,1.902,0.000,0.468,0.000,1638129,0,0,171262
7274,18.4276,1.625,1.727,1.719,0.000,0.449,0.000,1618289,0,0,171262
7275,18.4292,1.611,1.782,1.774,0.000,0.329,0.000,1603914,0,0,171262
7276,18.4308,1.606,1.645,1.637,0.000,0.370,0.000,1598652,0,0,171262
7277,18.4324,1.586,1.625,1.617,0.000,0.284,0.000,1579980,0,0,171262
7278,18.4340,1.662,1.611,1.603,0.000,0.263,0.000,1653951,0,0,171262
7279,18.4357,1.597,1.605,1.598,0.000,0.584,0.000,1588942,0,0,171262
7280,18.4373,1.673,1.588,1.579,0.000,0.294,0.000,1666227,0,0,171262
7281,18.4391,1.671,1.662,1.653,0.000,0.288,0.000,1664213,0,0,171262
7282,18.4417,1.718,1.595,1.587,0.000,0.314,0.000,1710856,0,0,171262
7283,18.4438,2.818,1.673,1.665,0.000,0.608,0.000,2810975,0,0,171262
7284,18.4457,2.019,1.671,1.663,0.000,0.339,0.000,2011374,0,0,171262
7285,18.4475,1.844,1.718,1.710,0.000,0.373,0.000,1836106,0,0,171262
7286,18.4493,1.800,2.819,2.810,0.000,0.346,0.000,1791767,0,0,171262
7287,18.4510,1.761,2.020,2.010,0.000,0.427,0.000,1754779,0,0,171262
7288,18.4527,1.742,1.844,1.835,0.000,0.282,0.000,1735117,0,0,171262
7289,18.4544,1.690,1.798,1.791,0.000,0.663,0.000,1683831,0,0,171262
7290,18.4562,1.726,1.762,1.754,0.000,0.324,0.000,1719225,0,0,171262
7291,18.4579,1.692,1.742,1.734,0.000,0.668,0.000,1685105,0,0,171262
7292,18.4596,1.758,1.691,1.683,0.000,0.648,0.000,1751439,0,0,171358
7293,18.4614,1.680,1.726,1.718,0.000,0.626,0.000,1673513,0,0,171262
7294,18.4631,1.789,1.692,1.684,0.000,0.633,0.000,1782419,0,0,171262
7295,18.4648,1.716,1.758,1.750,0.000,0.627,0.000,1708684,0,0,171262
7296,18.4674,1.655,1.680,1.672,0.000,0.594,0.000,1647892,0,0,171262
7297,18.4693,2.788,1.790,1.781,0.000,0.537,0.000,2781253,0,0,171262
7298,18.4710,1.801,1.716,1.708,0.000,0.624,0.000,1793931,0,0,171262
7299,18.4728,1.672,1.655,1.647,0.000,0.666,0.000,1665266,0,0,171262
7300,18.4746,1.889,2.788,2.780,0.000,0.582,0.000,1882163,0,0,171262
7301,18.4764,1.777,1.801,1.793,0.000,0.288,0.000,1769368,0,0,171262
7302,18.4783,1.827,1.672,1.664,0.000,0.437,0.000,1818239,0,0,171262
7303,18.4803,1.902,1.890,1.881,0.000,0.464,0.000,1892659,0,0,171262
7304,18.4822,1.988,1.778,1.768,0.000,0.455,0.000,1978127,0,0,171262
7305,18.4842,1.964,1.827,1.817,0.000,0.466,0.000,1957065,0,0,171262
7306,18.4861,1.945,1.903,1.891,0.000,0.611,0.000,1936856,0,0,171262
7307,18.4880,1.890,1.985,1.977,0.000,0.661,0.000,1882212,0,0,171262
7308,18.4899,1.899,1.965,1.956,0.000,0.372,0.000,1891488,0,0,171262
7309,18.4918,1.929,1.944,1.936,0.000,0.669,0.000,1920945,0,0,171262
7310,18.4949,1.942,1.890,1.881,0.000,0.360,0.000,1933796,0,0,171262
7311,18.4970,3.166,1.899,1.890,0.000,0.514,0.000,3158386,0,0,171262
7312,18.4990,2.050,1.929,1.920,0.000,0.368,0.000,2040715,0,0,171262
7313,18.5011,2.024,1.941,1.933,0.000,0.387,0.000,2016280,0,0,171262
7314,18.5033,2.105,3.168,3.157,0.000,0.736,0.000,2096706,0,0,171262
7315,18.5056,2.295,2.049,2.039,0.000,0.728,0.000,2287310,0,0,171262
7316,18.5079,2.301,2.024,2.015,0.000,0.385,0.000,2293031,0,0,171262
7317,18.5101,2.293,2.104,2.096,0.000,0.478,0.000,2283090,0,0,171262
7318,18.5129,2.210,2.296,2.286,0.000,0.477,0.000,2201064,0,0,171262
7319,18.5154,3.092,2.303,2.292,0.000,0.386,0.000,3082174,0,0,171262
7320,18.5176,2.212,2.292,2.282,0.000,0.390,0.000,2200719,0,0,171262
7321,18.5198,2.164,2.211,2.200,0.000,0.503,0.000,2154957,0,0,190353
7322,18.5220,2.155,3.093,3.081,0.000,0.446,0.000,2144341,0,0,171358
7323,18.5241,2.210,2.209,2.199,0.000,0.396,0.000,2202360,0,0,171262
7324,18.5274,2.098,2.165,2.154,0.000,0.421,0.000,2089388,0,0,171262
7325,18.5296,3.329,2.152,2.143,0.000,0.480,0.000,3320042,0,0,171262
7326,18.5315,2.021,2.212,2.201,0.000,0.764,0.000,2012130,0,0,171262
7327,18.5334,1.901,2.098,2.088,0.000,0.795,0.000,1892575,0,0,171262
7328,18.5355,2.029,3.329,3.319,0.000,0.332,0.000,2021673,0,0,171262
7329,18.5374,1.969,2.020,2.011,0.000,0.351,0.000,1961272,0,0,171262
7330,18.5395,2.021,1.900,1.891,0.000,0.386,0.000,2013243,0,0,171262
7331,18.5422,2.024,2.030,2.020,0.000,0.400,0.000,2016772,0,0,171262
7332,18.5445,3.055,1.969,1.960,0.000,0.409,0.000,3046866,0,0,171262
7333,18.5467,2.083,2.021,2.012,0.000,0.396,0.000,2074266,0,0,171262
7334,18.5487,2.117,2.025,2.015,0.000,0.381,0.000,2107168,0,0,171262
7335,18.5506,1.906,3.056,3.046,0.000,0.559,0.000,1897576,0,0,171262
7336,18.5524,1.869,2.084,2.073,0.000,0.799,0.000,1860258,0,0,171262
7337,18.5544,1.885,2.116,2.105,0.000,0.375,0.000,1877279,0,0,171262
7338,18.5575,1.946,1.906,1.896,0.000,0.775,0.000,1937889,0,0,171262
7339,18.5597,3.300,1.868,1.859,0.000,0.380,0.000,3292530,0,0,171262
7340,18.5618,2.116,1.885,1.876,0.000,0.747,0.000,2106421,0,0,171262
7341,18.5637,1.989,1.946,1.937,0.000,0.679,0.000,1981061,0,0,171262
7342,18.5658,1.992,3.303,3.291,0.000,0.388,0.000,1983372,0,0,171262
7343,18.5679,2.225,2.114,2.105,0.000,0.374,0.000,2217450,0,0,171262
7344,18.5698,1.917,1.989,1.980,0.000,0.745,0.000,1909817,0,0,171262
7345,18.5717,1.890,1.991,1.982,0.000,0.761,0.000,1882334,0,0,171262
7346,18.5735,1.806,2.225,2.216,0.000,0.434,0.000,1798693,0,0,171262
7347,18.5753,1.835,1.918,1.908,0.000,0.285,0.000,1827391,0,0,171262
7348,18.5770,1.762,1.890,1.881,0.000,0.693,0.000,1754972,0,0,171262
7349,18.5788,1.708,1.807,1.797,0.000,0.383,0.000,1700415,0,0,171262
7350,18.5805,1.749,1.835,1.826,0.000,0.360,0.000,1742533,0,0,171262
7351,18.5825,1.798,1.762,1.754,0.000,0.676,0.000,1791480,0,0,171262
7352,18.5853,1.929,1.707,1.699,0.000,0.668,0.000,1922099,0,0,171358
7353,18.5872,2.901,1.749,1.741,0.000,0.679,0.000,2893567,0,0,171262
7354,18.5890,1.819,1.798,1.790,0.000,0.689,0.000,1811782,0,0,171262
7355,18.5907,1.761,1.930,1.921,0.000,0.719,0.000,1754381,0,0,171262
7356,18.5924,1.681,2.901,2.892,0.000,0.318,0.000,1674508,0,0,171262
7357,18.5941,1.693,1.819,1.811,0.000,0.273,0.000,1686088,0,0,171262
7358,18.5958,1.743,1.762,1.753,0.000,0.263,0.000,1735941,0,0,171262
7359,18.5975,1.737,1.682,1.673,0.000,0.258,0.000,1729294,0,0,171262
7360,18.5992,1.640,1.693,1.685,0.000,0.616,0.000,1633459,0,0,171262
7361,18.6009,1.698,1.744,1.735,0.000,0.397,0.000,1690931,0,0,171262
7362,18.6027,1.724,1.736,1.728,0.000,0.338,0.000,1716971,0,0,171262
7363,18.6045,1.871,1.641,1.632,0.000,0.298,0.000,1863405,0,0,171262
7364,18.6062,1.708,1.698,1.690,0.000,0.626,0.000,1700959,0,0,171262
7365,18.6079,1.698,1.724,1.716,0.000,0.358,0.000,1691085,0,0,171262
7366,18.6111,2.789,1.871,1.862,0.000,0.639,0.000,2782726,0,0,171262
7367,18.6129,2.279,1.708,1.700,0.000,0.609,0.000,2271867,0,0,171262
7368,18.6146,1.681,1.697,1.690,0.000,0.358,0.000,1673655,0,0,171262
7369,18.6163,1.632,2.790,2.782,0.000,0.304,0.000,1625304,0,0,171262
7370,18.6180,1.735,2.279,2.271,0.000,0.301,0.000,1727397,0,0,171262
7371,18.6197,1.664,1.680,1.672,0.000,0.287,0.000,1656461,0,0,171262
7372,18.6214,1.654,1.632,1.624,0.000,0.321,0.000,1647578,0,0,171262
7373,18.6230,1.729,1.735,1.726,0.000,0.265,0.000,1722285,0,0,171262
7374,18.6247,1.676,1.663,1.655,0.000,0.265,0.000,1670166,0,0,171262
7375,18.6264,1.694,1.655,1.646,0.000,0.251,0.000,1686497,0,0,171262
7376,18.6282,1.655,1.729,1.721,0.000,0.640,0.000,1648091,0,0,171262
7377,18.6299,1.854,1.677,1.669,0.000,0.617,0.000,1846587,0,0,171262
7378,18.6316,1.709,1.694,1.685,0.000,0.341,0.000,1702229,0,0,171262
7379,18.6334,1.733,1.655,1.646,0.000,0.281,0.000,1725986,0,0,171262
7380,18.6364,2.881,1.853,1.845,0.000,0.258,0.000,2874701,0,0,171262
7381,18.6381,1.831,1.709,1.701,0.000,0.276,0.000,1823138,0,0,171262
7382,18.6398,1.733,1.733,1.725,0.000,0.385,0.000,1726091,0,0,171358
7383,18.6425,1.618,2.883,2.873,0.000,0.327,0.000,1611521,0,0,171262
7384,18.6443,2.800,1.830,1.822,0.000,0.305,0.000,2793376,0,0,171262
7385,18.6462,1.873,1.733,1.725,0.000,0.281,0.000,1864862,0,0,171262
7386,18.6480,1.905,1.618,1.610,0.000,0.304,0.000,1896696,0,0,171262
7387,18.6497,1.738,2.801,2.792,0.000,0.359,0.000,1730445,0,0,171262
7388,18.6514,1.670,1.873,1.864,0.000,0.328,0.000,1662883,0,0,171262
7389,18.6531,1.710,1.904,1.896,0.000,0.280,0.000,1703305,0,0,171262
7390,18.6548,1.680,1.738,1.729,0.000,0.264,0.000,1673045,0,0,171262
7391,18.6565,1.695,1.670,1.662,0.000,0.678,0.000,1688240,0,0,171262
7392,18.6581,1.648,1.710,1.702,0.000,0.612,0.000,1641839,0,0,171262
7393,18.6608,1.671,1.680,1.672,0.000,0.482,0.000,1663908,0,0,171262
7394,18.6628,2.838,1.695,1.687,0.000,0.310,0.000,2831615,0,0,171262
7395,18.6645,1.893,1.648,1.641,0.000,0.288,0.000,1885206,0,0,171262
7396,18.6662,1.650,1.671,1.663,0.000,0.366,0.000,1642415,0,0,171822
7397,18.6678,1.627,2.839,2.831,0.000,0.291,0.000,1620514,0,0,171318
7398,18.6695,1.706,1.893,1.884,0.000,0.265,0.000,1699076,0,0,171262
7399,18.6712,1.654,1.649,1.641,0.000,0.256,0.000,1646971,0,0,171262
7400,18.6728,1.637,1.628,1.619,0.000,0.650,0.000,1630357,0,0,171262
7401,18.6745,1.615,1.706,1.698,0.000,0.468,0.000,1608416,0,0,171262
7402,18.6764,1.934,1.654,1.646,0.000,0.326,0.000,1927162,0,0,171262
7403,18.6781,1.723,1.637,1.629,0.000,0.410,0.000,1715861,0,0,171262
7404,18.6797,1.664,1.615,1.607,0.000,0.304,0.000,1657190,0,0,171262
7405,18.6819,1.949,1.934,1.926,0.000,0.695,0.000,1942681,0,0,171262
7406,18.6837,1.944,1.722,1.715,0.000,0.396,0.000,1936692,0,0,171262
7407,18.6866,1.765,1.664,1.656,0.000,0.408,0.000,1757136,0,0,171262
7408,18.6884,2.905,1.950,1.942,0.000,0.348,0.000,2897988,0,0,171262
7409,18.6901,1.722,1.945,1.936,0.000,0.281,0.000,1714802,0,0,171262
7410,18.6918,1.748,1.764,1.756,0.000,0.288,0.000,1740473,0,0,171262
7411,18.6937,1.820,2.905,2.897,0.000,0.648,0.000,1812448,0,0,171262
7412,18.6954,1.783,1.722,1.714,0.000,0.662,0.000,1775976,0,0,171358
7413,18.6971,1.739,1.748,1.739,0.000,0.358,0.000,1731580,0,0,171262
7414,18.6988,1.674,1.820,1.811,0.000,0.294,0.000,1667376,0,0,171262
7415,18.7005,1.686,1.784,1.775,0.000,0.302,0.000,1679341,0,0,171262
7416,18.7025,1.779,1.738,1.730,0.000,0.268,0.000,1772188,0,0,171262
7417,18.7045,2.122,1.674,1.666,0.000,0.575,0.000,2115036,0,0,171262
7418,18.7062,1.803,1.686,1.678,0.000,0.441,0.000,1795415,0,0,171262
7419,18.7079,1.731,1.779,1.771,0.000,0.680,0.000,1724338,0,0,171262
7420,18.7096,1.684,2.122,2.114,0.000,0.642,0.000,1677191,0,0,171262
7421,18.7124,1.700,1.802,1.794,0.000,0.642,0.000,1693152,0,0,171262
7422,18.7142,2.836,1.731,1.723,0.000,0.638,0.000,2828242,0,0,171262
7423,18.7160,1.745,1.684,1.676,0.000,0.358,0.000,1737871,0,0,171262
7424,18.7179,1.912,1.700,1.692,0.000,0.634,0.000,1906037,0,0,171262
7425,18.7197,1.887,2.835,2.827,0.000,0.633,0.000,1877560,0,0,171262
7426,18.7215,1.703,1.745,1.737,0.000,0.567,0.000,1695310,0,0,171262
7427,18.7232,1.778,1.915,1.905,0.000,0.609,0.000,1771098,0,0,171262
7428,18.7255,1.908,1.885,1.876,0.000,0.349,0.000,1900564,0,0,171262
7429,18.7285,2.710,1.702,1.694,0.000,0.273,0.000,2701800,0,0,171262
7430,18.7311,2.943,1.778,1.770,0.000,0.320,0.000,2932894,0,0,171262
7431,18.7333,2.374,1.909,1.899,0.000,0.674,0.000,2361537,0,0,171262
7432,18.7353,2.082,2.712,2.700,0.000,0.848,0.000,2073809,0,0,171262
7433,18.7374,2.002,2.945,2.931,0.000,0.808,0.000,1993258,0,0,171262
7434,18.7395,2.133,2.370,2.360,0.000,0.394,0.000,2124798,0,0,171262
7435,18.7428,2.097,2.082,2.072,0.000,0.435,0.000,2088358,0,0,171262
7436,18.7448,3.238,2.001,1.992,0.000,0.386,0.000,3229867,0,0,171262
7437,18.7467,2.016,2.133,2.123,0.000,0.318,0.000,2007155,0,0,171262
7438,18.7485,1.810,2.096,2.087,0.000,0.777,0.000,1802858,0,0,171262
7439,18.7504,1.847,3.239,3.229,0.000,0.701,0.000,1840163,0,0,171262
7440,18.7523,1.864,2.015,2.006,0.000,0.683,0.000,1856429,0,0,171262
7441,18.7544,2.016,1.810,1.802,0.000,0.398,0.000,2008517,0,0,190353
7442,18.7562,1.969,1.848,1.839,0.000,0.346,0.000,1960627,0,0,171358
7443,18.7581,1.868,1.864,1.855,0.000,0.741,0.000,1859740,0,0,171262
7444,18.7599,1.838,2.017,2.007,0.000,0.708,0.000,1830887,0,0,171262
7445,18.7619,1.800,1.968,1.959,0.000,0.420,0.000,1792650,0,0,171262
7446,18.7638,1.993,1.867,1.858,0.000,0.297,0.000,1985726,0,0,171262
7447,18.7657,1.886,1.838,1.830,0.000,0.365,0.000,1879191,0,0,171262
7448,18.7675,1.870,1.800,1.791,0.000,0.326,0.000,1859990,0,0,171262
7449,18.7705,1.826,1.994,1.985,0.000,0.321,0.000,1818251,0,0,171262
7450,18.7725,3.077,1.888,1.878,0.000,0.316,0.000,3069594,0,0,171262
7451,18.7744,1.945,1.868,1.858,0.000,0.763,0.000,1937166,0,0,171262
7452,18.7763,1.916,1.826,1.817,0.000,0.597,0.000,1908698,0,0,171262
7453,18.7782,1.894,3.078,3.068,0.000,0.537,0.000,1886666,0,0,171262
7454,18.7802,1.945,1.944,1.936,0.000,0.303,0.000,1937287,0,0,171262
7455,18.7823,1.972,1.916,1.907,0.000,0.375,0.000,1963861,0,0,171262
7456,18.7842,2.093,1.894,1.885,0.000,0.327,0.000,2084742,0,0,171262
7457,18.7862,1.957,1.945,1.936,0.000,0.709,0.000,1948169,0,0,171262
7458,18.7884,2.018,1.972,1.963,0.000,0.710,0.000,2010183,0,0,171262
7459,18.7906,2.258,2.093,2.083,0.000,0.728,0.000,2250139,0,0,171262
7460,18.7927,2.093,1.956,1.947,0.000,0.399,0.000,2084982,0,0,171262
7461,18.7949,2.192,2.018,2.009,0.000,0.466,0.000,2184089,0,0,171262
7462,18.7970,2.119,2.258,2.249,0.000,0.398,0.000,2111016,0,0,171262
7463,18.8003,2.128,2.094,2.084,0.000,0.358,0.000,2119141,0,0,171262
7464,18.8028,3.459,2.192,2.182,0.000,0.414,0.000,3451110,0,0,171262
7465,18.8049,2.358,2.120,2.110,0.000,0.341,0.000,2348933,0,0,171262
7466,18.8070,2.160,2.127,2.117,0.000,0.577,0.000,2151479,0,0,171262
7467,18.8089,1.996,3.460,3.450,0.000,0.428,0.000,1987311,0,0,171262
7468,18.8108,1.901,2.358,2.348,0.000,0.387,0.000,1893934,0,0,171262
7469,18.8127,1.848,2.160,2.150,0.000,0.330,0.000,1841290,0,0,171262
7470,18.8145,1.823,1.995,1.986,0.000,0.359,0.000,1815866,0,0,171262
7471,18.8164,1.842,1.901,1.893,0.000,0.319,0.000,1834979,0,0,171262
7472,18.8182,1.903,1.849,1.840,0.000,0.360,0.000,1895052,0,0,171358
7473,18.8200,1.788,1.823,1.815,0.000,0.362,0.000,1780257,0,0,171262
7474,18.8221,1.819,1.842,1.834,0.000,0.748,0.000,1810800,0,0,171262
7475,18.8239,2.087,1.903,1.894,0.000,0.712,0.000,2079904,0,0,171262
7476,18.8258,1.843,1.788,1.779,0.000,0.342,0.000,1835546,0,0,171262
7477,18.8287,1.809,1.818,1.810,0.000,0.295,0.000,1801015,0,0,171262
7478,18.8306,2.999,2.087,2.078,0.000,0.340,0.000,2991887,0,0,171262
7479,18.8324,1.787,1.843,1.834,0.000,0.332,0.000,1779560,0,0,171262
7480,18.8342,1.817,1.808,1.800,0.000,0.334,0.000,1810013,0,0,171262
7481,18.8360,1.811,3.000,2.991,0.000,0.347,0.000,1803148,0,0,171262
7482,18.8378,1.811,1.787,1.778,0.000,0.331,0.000,1803188,0,0,171262
7483,18.8396,1.796,1.818,1.809,0.000,0.285,0.000,1788572,0,0,171262
7484,18.8415,1.781,1.811,1.802,0.000,0.297,0.000,1773146,0,0,171262
7485,18.8434,2.035,1.810,1.802,0.000,0.400,0.000,2027898,0,0,171262
7486,18.8451,1.802,1.796,1.787,0.000,0.336,0.000,1794207,0,0,171262
7487,18.8469,1.733,1.781,1.772,0.000,0.350,0.000,1726286,0,0,171262
7488,18.8485,1.675,2.035,2.027,0.000,0.283,0.000,1668471,0,0,171262
7489,18.8503,1.687,1.801,1.793,0.000,0.309,0.000,1679827,0,0,171262
7490,18.8519,1.718,1.733,1.725,0.000,0.292,0.000,1710493,0,0,171262
7491,18.8546,1.641,1.675,1.667,0.000,0.344,0.000,1634274,0,0,171262
7492,18.8564,2.731,1.687,1.679,0.000,0.289,0.000,2723975,0,0,171262
7493,18.8582,1.816,1.717,1.709,0.000,0.309,0.000,1808864,0,0,171262
7494,18.8599,1.758,1.641,1.633,0.000,0.282,0.000,1750213,0,0,171262
7495,18.8618,1.713,2.731,2.723,0.000,0.293,0.000,1705821,0,0,171262
7496,18.8635,1.821,1.817,1.808,0.000,0.335,0.000,1814562,0,0,171262
7497,18.8653,1.774,1.757,1.749,0.000,0.346,0.000,1766481,0,0,171262
7498,18.8670,1.795,1.713,1.704,0.000,0.333,0.000,1786921,0,0,171262
7499,18.8688,1.763,1.822,1.813,0.000,0.304,0.000,1753687,0,0,171262
7500,18.8706,1.815,1.774,1.765,0.000,0.318,0.000,1807748,0,0,171262
7501,18.8724,1.770,1.796,1.786,0.000,0.537,0.000,1763494,0,0,171262
7502,18.8741,1.769,1.761,1.752,0.000,0.326,0.000,1761118,0,0,171358
7503,18.8759,1.745,1.815,1.806,0.000,0.384,0.000,1738019,0,0,171262
7504,18.8776,1.749,1.771,1.762,0.000,0.335,0.000,1742277,0,0,171262
7505,18.8794,1.713,1.768,1.760,0.000,0.288,0.000,1705889,0,0,171262
7506,18.8825,2.948,1.745,1.737,0.000,0.277,0.000,2940111,0,0,171262
7507,18.8842,1.948,1.749,1.741,0.000,0.581,0.000,1939880,0,0,171262
7508,18.8859,1.723,1.713,1.705,0.000,0.699,0.000,1715323,0,0,171262
7509,18.8876,1.670,2.948,2.939,0.000,0.707,0.000,1662943,0,0,171262
7510,18.8893,1.696,1.947,1.939,0.000,0.330,0.000,1689256,0,0,171262
7511,18.8910,1.726,1.722,1.714,0.000,0.268,0.000,1718499,0,0,171262
7512,18.8926,1.633,1.670,1.662,0.000,0.621,0.000,1624218,0,0,171262
7513,18.8943,1.619,1.696,1.688,0.000,0.604,0.000,1612487,0,0,171262
7514,18.8960,1.705,1.727,1.717,0.000,0.653,0.000,1697872,0,0,171262
7515,18.8976,1.628,1.631,1.623,0.000,0.370,0.000,1621304,0,0,171262
7516,18.8993,1.676,1.619,1.611,0.000,0.303,0.000,1669189,0,0,171262
7517,18.9012,1.728,1.705,1.697,0.000,0.636,0.000,1721456,0,0,171262
7518,18.9029,1.879,1.628,1.620,0.000,0.632,0.000,1871208,0,0,171262
7519,18.9046,1.694,1.676,1.668,0.000,0.357,0.000,1686384,0,0,171262
7520,18.9073,2.677,1.729,1.720,0.000,0.319,0.000,2670975,0,0,171262
7521,18.9091,1.810,1.879,1.870,0.000,0.287,0.000,1801241,0,0,171262
7522,18.9108,1.752,1.693,1.685,0.000,0.380,0.000,1744684,0,0,171262
7523,18.9125,1.717,2.680,2.670,0.000,0.291,0.000,1710661,0,0,171262
7524,18.9142,1.644,1.808,1.799,0.000,0.269,0.000,1637024,0,0,171262
7525,18.9158,1.664,1.751,1.743,0.000,0.284,0.000,1656775,0,0,171262
7526,18.9176,1.698,1.718,1.709,0.000,0.662,0.000,1690453,0,0,171262
7527,18.9192,1.667,1.644,1.636,0.000,0.659,0.000,1660699,0,0,171262
7528,18.9209,1.705,1.665,1.656,0.000,0.426,0.000,1697869,0,0,171262
7529,18.9227,1.612,1.697,1.689,0.000,0.663,0.000,1605661,0,0,171262
7530,18.9244,1.837,1.667,1.660,0.000,0.634,0.000,1830391,0,0,171262
7531,18.9261,1.705,1.705,1.697,0.000,0.465,0.000,1698164,0,0,171262
7532,18.9278,1.722,1.613,1.605,0.000,0.659,0.000,1714535,0,0,171358
7533,18.9294,1.659,1.838,1.829,0.000,0.350,0.000,1652442,0,0,171262
7534,18.9321,1.635,1.705,1.697,0.000,0.637,0.000,1628324,0,0,171262
7535,18.9340,2.885,1.721,1.713,0.000,0.379,0.000,2878580,0,0,171262
7536,18.9357,1.731,1.659,1.651,0.000,0.316,0.000,1723060,0,0,171822
7537,18.9374,1.699,1.635,1.627,0.000,0.672,0.000,1692026,0,0,171318
7538,18.9392,1.742,2.886,2.878,0.000,0.347,0.000,1734502,0,0,171262
7539,18.9408,1.698,1.730,1.722,0.000,0.351,0.000,1690442,0,0,171262
7540,18.9426,1.628,1.699,1.691,0.000,0.328,0.000,1620897,0,0,171262
7541,18.9449,1.926,1.742,1.733,0.000,0.278,0.000,1919515,0,0,171262
7542,18.9467,2.361,1.697,1.689,0.000,0.676,0.000,2350370,0,0,171262
7543,18.9483,1.595,1.628,1.620,0.000,0.347,0.000,1588213,0,0,171262
7544,18.9499,1.598,1.931,1.918,0.000,0.662,0.000,1591133,0,0,171262
7545,18.9515,1.580,2.357,2.349,0.000,0.619,0.000,1573885,0,0,171262
7546,18.9531,1.577,1.595,1.587,0.000,0.337,0.000,1570808,0,0,171262
7547,18.9547,1.621,1.598,1.590,0.000,0.307,0.000,1614711,0,0,171262
7548,18.9602,1.639,1.580,1.573,0.000,0.259,0.000,1632840,0,0,171262
7549,18.9626,5.874,1.577,1.570,0.000,0.262,0.000,5867969,0,0,171262
7550,18.9661,3.595,1.621,1.614,0.000,0.268,0.000,3586569,0,0,171262
7551,18.9681,2.219,1.640,1.632,0.000,0.762,0.000,2206947,0,0,171262
7552,18.9699,1.853,5.878,5.867,0.000,0.709,0.000,1844592,0,0,171262
7553,18.9717,1.737,3.599,3.585,0.000,0.704,0.000,1729503,0,0,171262
7554,18.9734,1.732,2.214,2.204,0.000,0.509,0.000,1725299,0,0,171262
7555,18.9750,1.661,1.852,1.843,0.000,0.436,0.000,1653685,0,0,171262
7556,18.9767,1.634,1.737,1.728,0.000,0.294,0.000,1626775,0,0,171262
7557,18.9783,1.664,1.733,1.724,0.000,0.602,0.000,1657476,0,0,171262
7558,18.9801,1.714,1.661,1.653,0.000,0.443,0.000,1706579,0,0,171262
7559,18.9819,1.695,1.634,1.626,0.000,0.674,0.000,1687439,0,0,171262
7560,18.9844,2.093,1.665,1.656,0.000,0.381,0.000,2086124,0,0,171262
7561,18.9872,2.766,1.714,1.705,0.000,0.625,0.000,2755128,0,0,190353
7562,18.9892,2.574,1.695,1.686,0.000,0.335,0.000,2561645,0,0,171358
7563,18.9920,1.756,2.097,2.085,0.000,0.301,0.000,1748697,0,0,171262
7564,18.9939,2.944,2.767,2.754,0.000,0.294,0.000,2936322,0,0,171262
7565,18.9956,1.703,2.569,2.560,0.000,0.514,0.000,1696731,0,0,171262
7566,18.9972,1.607,1.757,1.747,0.000,0.574,0.000,1600123,0,0,171262
7567,18.9987,1.593,2.943,2.935,0.000,0.584,0.000,1585726,0,0,171262
7568,19.0003,1.571,1.703,1.695,0.000,0.328,0.000,1564502,0,0,171822
7569,19.0021,1.624,1.607,1.599,0.000,0.266,0.000,1617100,0,0,171318
7570,19.0038,1.772,1.592,1.585,0.000,0.311,0.000,1765645,0,0,171262
7571,19.0055,1.713,1.571,1.563,0.000,0.277,0.000,1706200,0,0,171262
7572,19.0071,1.696,1.624,1.616,0.000,0.293,0.000,1688500,0,0,171262
7573,19.0088,1.609,1.772,1.764,0.000,0.358,0.000,1602516,0,0,171262
7574,19.0105,1.674,1.713,1.705,0.000,0.277,0.000,1667592,0,0,171262
7575,19.0121,1.679,1.695,1.687,0.000,0.466,0.000,1672464,0,0,171262
7576,19.0138,1.674,1.609,1.601,0.000,0.521,0.000,1666549,0,0,171262
7577,19.0165,1.667,1.674,1.666,0.000,0.264,0.000,1660181,0,0,171262
7578,19.0183,2.789,1.679,1.671,0.000,0.338,0.000,2782087,0,0,171262
7579,19.0200,1.762,1.673,1.665,0.000,0.647,0.000,1754844,0,0,171262
7580,19.0217,1.649,1.667,1.659,0.000,0.385,0.000,1642267,0,0,171262
7581,19.0234,1.708,2.789,2.781,0.000,0.315,0.000,1700831,0,0,171262
7582,19.0250,1.628,1.761,1.754,0.000,0.336,0.000,1621195,0,0,171262
7583,19.0266,1.620,1.649,1.641,0.000,0.272,0.000,1612546,0,0,171262
7584,19.0282,1.614,1.708,1.700,0.000,0.274,0.000,1606840,0,0,171262
7585,19.0298,1.585,1.628,1.620,0.000,0.335,0.000,1578535,0,0,171262
7586,19.0315,1.664,1.620,1.611,0.000,0.328,0.000,1656325,0,0,171262
7587,19.0331,1.613,1.614,1.606,0.000,0.321,0.000,1606193,0,0,171262
7588,19.0347,1.604,1.586,1.577,0.000,0.311,0.000,1597480,0,0,171262
7589,19.0363,1.581,1.663,1.655,0.000,0.287,0.000,1574137,0,0,171262
7590,19.0379,1.609,1.613,1.605,0.000,0.266,0.000,1602347,0,0,171262
7591,19.0407,1.744,1.604,1.596,0.000,0.267,0.000,1737263,0,0,171262
7592,19.0427,2.871,1.581,1.573,0.000,0.267,0.000,2863379,0,0,171358
7593,19.0444,1.887,1.609,1.601,0.000,0.294,0.000,1873135,0,0,171262
7594,19.0462,1.775,1.744,1.736,0.000,0.369,0.000,1767718,0,0,171262
7595,19.0480,1.820,2.878,2.862,0.000,0.526,0.000,1813175,0,0,171262
7596,19.0497,1.694,1.881,1.872,0.000,0.351,0.000,1686908,0,0,171262
7597,19.0514,1.698,1.775,1.767,0.000,0.297,0.000,1691334,0,0,171262
7598,19.0531,1.697,1.820,1.812,0.000,0.277,0.000,1689491,0,0,171262
7599,19.0548,1.694,1.694,1.686,0.000,0.387,0.000,1686789,0,0,171262
7600,19.0564,1.643,1.698,1.690,0.000,0.282,0.000,1635554,0,0,171262
7601,19.0581,1.643,1.697,1.688,0.000,0.321,0.000,1636527,0,0,171262
7602,19.0599,1.775,1.694,1.686,0.000,0.644,0.000,1768515,0,0,171262
7603,19.0619,1.856,1.642,1.634,0.000,0.691,0.000,1848145,0,0,171262
7604,19.0638,2.001,1.643,1.635,0.000,0.565,0.000,1993864,0,0,171262
7605,19.0667,1.843,1.776,1.767,0.000,0.507,0.000,1835515,0,0,171262
7606,19.0688,3.099,1.855,1.847,0.000,0.332,0.000,3090617,0,0,171262
7607,19.0707,2.004,2.001,1.993,0.000,0.750,0.000,1995867,0,0,171262
7608,19.0726,1.866,1.844,1.834,0.000,0.668,0.000,1858705,0,0,171262
7609,19.0745,1.868,3.099,3.089,0.000,0.367,0.000,1860108,0,0,171262
7610,19.0764,1.934,2.004,1.995,0.000,0.376,0.000,1927052,0,0,171262
7611,19.0782,1.866,1.873,1.857,0.000,0.543,0.000,1857252,0,0,171262
7612,19.0801,1.873,1.861,1.852,0.000,0.427,0.000,1865295,0,0,171262
7613,19.0821,1.869,1.936,1.926,0.000,0.327,0.000,1861043,0,0,171262
7614,19.0843,2.096,1.865,1.856,0.000,0.449,0.000,2088987,0,0,171262
7615,19.0862,2.064,1.873,1.864,0.000,0.392,0.000,2051767,0,0,171262
7616,19.0880,1.900,1.868,1.860,0.000,0.327,0.000,1891659,0,0,171262
7617,19.0904,2.181,2.101,2.088,0.000,0.612,0.000,2174060,0,0,171262
7618,19.0924,2.049,2.060,2.050,0.000,0.358,0.000,2040333,0,0,171262
7619,19.0955,1.999,1.899,1.890,0.000,0.499,0.000,1991149,0,0,171262
7620,19.0976,3.240,2.183,2.173,0.000,0.751,0.000,3231893,0,0,171262
7621,19.0996,2.027,2.048,2.039,0.000,0.420,0.000,2018102,0,0,171262
7622,19.1017,1.964,1.999,1.990,0.000,0.764,0.000,1956248,0,0,171358
7623,19.1034,1.938,3.241,3.231,0.000,0.450,0.000,1930962,0,0,171262
7624,19.1052,1.746,2.025,2.017,0.000,0.375,0.000,1738958,0,0,171262
7625,19.1070,1.810,1.963,1.955,0.000,0.375,0.000,1803765,0,0,171262
7626,19.1088,1.878,1.938,1.930,0.000,0.316,0.000,1870096,0,0,171262
7627,19.1106,1.742,1.745,1.738,0.000,0.327,0.000,1734853,0,0,171262
7628,19.1123,1.709,1.811,1.803,0.000,0.728,0.000,1701888,0,0,171262
7629,19.1139,1.678,1.877,1.869,0.000,0.691,0.000,1670586,0,0,171262
7630,19.1156,1.680,1.742,1.734,0.000,0.678,0.000,1673125,0,0,171262
7631,19.1173,1.714,1.709,1.701,0.000,0.655,0.000,1706477,0,0,171262
7632,19.1190,1.677,1.677,1.669,0.000,0.390,0.000,1669586,0,0,171262
7633,19.1218,1.662,1.681,1.672,0.000,0.343,0.000,1654960,0,0,171262
7634,19.1237,2.901,1.714,1.705,0.000,0.281,0.000,2894410,0,0,171262
7635,19.1254,1.832,1.676,1.668,0.000,0.569,0.000,1824009,0,0,171262
7636,19.1270,1.648,1.662,1.654,0.000,0.311,0.000,1640397,0,0,171262
7637,19.1286,1.615,2.902,2.893,0.000,0.272,0.000,1608531,0,0,171262
7638,19.1302,1.631,1.831,1.823,0.000,0.263,0.000,1623440,0,0,171262
7639,19.1319,1.607,1.647,1.639,0.000,0.358,0.000,1600501,0,0,171262
7640,19.1335,1.649,1.616,1.607,0.000,0.640,0.000,1642395,0,0,171262
7641,19.1352,1.643,1.630,1.622,0.000,0.339,0.000,1635829,0,0,171262
7642,19.1368,1.661,1.607,1.599,0.000,0.436,0.000,1654872,0,0,171262
7643,19.1384,1.608,1.649,1.641,0.000,0.284,0.000,1601684,0,0,171262
7644,19.1401,1.677,1.642,1.635,0.000,0.286,0.000,1670178,0,0,171262
7645,19.1419,1.688,1.662,1.654,0.000,0.696,0.000,1680833,0,0,171262
7646,19.1437,1.846,1.608,1.601,0.000,0.596,0.000,1839653,0,0,171262
7647,19.1465,2.800,1.677,1.669,0.000,0.365,0.000,2793366,0,0,171262
7648,19.1483,1.747,1.687,1.680,0.000,0.390,0.000,1739239,0,0,171262
7649,19.1499,1.693,1.846,1.839,0.000,0.338,0.000,1685636,0,0,171262
7650,19.1516,1.648,2.801,2.792,0.000,0.291,0.000,1641005,0,0,171262
7651,19.1533,1.684,1.746,1.738,0.000,0.283,0.000,1677625,0,0,171262
7652,19.1549,1.677,1.692,1.685,0.000,0.359,0.000,1669823,0,0,171358
7653,19.1565,1.646,1.648,1.640,0.000,0.299,0.000,1638876,0,0,171262
7654,19.1582,1.627,1.684,1.677,0.000,0.333,0.000,1620292,0,0,171262
7655,19.1600,1.754,1.677,1.669,0.000,0.288,0.000,1747707,0,0,171262
7656,19.1620,1.867,1.646,1.638,0.000,0.318,0.000,1858918,0,0,171262
7657,19.1638,1.882,1.627,1.619,0.000,0.620,0.000,1873961,0,0,171262
7658,19.1656,1.839,1.756,1.747,0.000,0.343,0.000,1831134,0,0,171262
7659,19.1675,1.828,1.866,1.858,0.000,0.490,0.000,1820144,0,0,171262
7660,19.1694,1.946,1.882,1.873,0.000,0.500,0.000,1938420,0,0,171262
7661,19.1724,2.962,1.839,1.830,0.000,0.359,0.000,2954514,0,0,171262
7662,19.1742,1.881,1.827,1.819,0.000,0.394,0.000,1872406,0,0,171262
7663,19.1759,1.760,1.946,1.937,0.000,0.381,0.000,1752152,0,0,171262
7664,19.1776,1.697,2.963,2.953,0.000,0.391,0.000,1689777,0,0,171262
7665,19.1795,1.741,1.880,1.871,0.000,0.341,0.000,1734206,0,0,171262
7666,19.1818,1.899,1.759,1.751,0.000,0.303,0.000,1891546,0,0,171262
7667,19.1838,2.376,1.697,1.689,0.000,0.580,0.000,2368948,0,0,171262
7668,19.1860,2.080,1.742,1.733,0.000,0.539,0.000,2070855,0,0,171262
7669,19.1880,2.145,1.898,1.890,0.000,0.656,0.000,2137045,0,0,171262
7670,19.1901,2.051,2.378,2.368,0.000,0.370,0.000,2043382,0,0,171262
7671,19.1920,2.050,2.079,2.069,0.000,0.709,0.000,2040563,0,0,171262
7672,19.1940,1.893,2.145,2.136,0.000,0.528,0.000,1884825,0,0,171262
7673,19.1959,1.990,2.053,2.042,0.000,0.495,0.000,1980660,0,0,171262
7674,19.1988,1.889,2.048,2.039,0.000,0.495,0.000,1881069,0,0,171262
7675,19.2008,2.965,1.895,1.883,0.000,0.755,0.000,2957273,0,0,171262
7676,19.2028,1.924,1.988,1.979,0.000,0.381,0.000,1916236,0,0,171262
7677,19.2046,1.846,1.889,1.880,0.000,0.349,0.000,1838707,0,0,171262
7678,19.2063,1.802,2.965,2.956,0.000,0.314,0.000,1794211,0,0,171262
7679,19.2080,1.714,1.924,1.915,0.000,0.270,0.000,1706732,0,0,171262
7680,19.2097,1.715,1.846,1.838,0.000,0.706,0.000,1708163,0,0,171262
7681,19.2115,1.758,1.802,1.793,0.000,0.302,0.000,1750572,0,0,190353
7682,19.2132,1.714,1.714,1.706,0.000,0.487,0.000,1707485,0,0,171358
7683,19.2149,1.713,1.715,1.707,0.000,0.368,0.000,1706073,0,0,171262
7684,19.2167,1.809,1.757,1.749,0.000,0.443,0.000,1801457,0,0,171262
7685,19.2185,1.759,1.714,1.706,0.000,0.515,0.000,1751739,0,0,171262
7686,19.2202,1.712,1.714,1.705,0.000,0.731,0.000,1704680,0,0,171262
7687,19.2220,1.697,1.809,1.800,0.000,0.560,0.000,1689776,0,0,171262
7688,19.2247,1.797,1.759,1.750,0.000,0.292,0.000,1789637,0,0,171262
7689,19.2265,2.832,1.712,1.704,0.000,0.286,0.000,2824363,0,0,171262
7690,19.2282,1.747,1.697,1.689,0.000,0.673,0.000,1740008,0,0,171262
7691,19.2298,1.640,1.797,1.789,0.000,0.720,0.000,1633788,0,0,171262
7692,19.2315,1.630,2.831,2.823,0.000,0.669,0.000,1623563,0,0,171262
7693,19.2332,1.687,1.747,1.739,0.000,0.340,0.000,1680547,0,0,171262
7694,19.2348,1.664,1.641,1.633,0.000,0.306,0.000,1657669,0,0,171262
7695,19.2365,1.638,1.630,1.623,0.000,0.631,0.000,1631246,0,0,171262
7696,19.2382,1.726,1.687,1.679,0.000,0.652,0.000,1718722,0,0,171262
7697,19.2399,1.634,1.665,1.657,0.000,0.499,0.000,1626580,0,0,171262
7698,19.2418,1.812,1.638,1.630,0.000,0.285,0.000,1805370,0,0,171262
7699,19.2435,1.823,1.726,1.718,0.000,0.493,0.000,1816552,0,0,171262
7700,19.2452,1.717,1.633,1.625,0.000,0.301,0.000,1709628,0,0,171262
7701,19.2470,1.800,1.812,1.804,0.000,0.285,0.000,1792809,0,0,171262
7702,19.2498,1.726,1.824,1.815,0.000,0.367,0.000,1718657,0,0,171262
7703,19.2516,2.836,1.717,1.708,0.000,0.316,0.000,2829478,0,0,171262
7704,19.2534,1.780,1.800,1.792,0.000,0.668,0.000,1772461,0,0,171262
7705,19.2552,1.752,1.726,1.718,0.000,0.388,0.000,1745019,0,0,171262
7706,19.2570,1.840,2.837,2.828,0.000,0.303,0.000,1833449,0,0,171262
7707,19.2590,1.915,1.779,1.771,0.000,0.661,0.000,1907860,0,0,171262
7708,19.2609,1.997,1.752,1.744,0.000,0.687,0.000,1989173,0,0,171262
7709,19.2628,1.792,1.841,1.832,0.000,0.706,0.000,1785261,0,0,171262
7710,19.2645,1.832,1.915,1.907,0.000,0.698,0.000,1824472,0,0,171262
7711,19.2662,1.710,1.996,1.988,0.000,0.422,0.000,1703403,0,0,171262
7712,19.2679,1.751,1.792,1.784,0.000,0.283,0.000,1743948,0,0,171358
7713,19.2696,1.649,1.832,1.823,0.000,0.666,0.000,1642094,0,0,171262
7714,19.2714,1.720,1.710,1.702,0.000,0.630,0.000,1714086,0,0,171262
7715,19.2731,1.788,1.751,1.743,0.000,0.379,0.000,1780947,0,0,171262
7716,19.2759,1.743,1.649,1.641,0.000,0.362,0.000,1736359,0,0,171262
7717,19.2778,2.858,1.721,1.713,0.000,0.394,0.000,2851428,0,0,171262
7718,19.2796,1.822,1.788,1.780,0.000,0.281,0.000,1813927,0,0,171262
7719,19.2815,1.798,1.743,1.735,0.000,0.364,0.000,1785534,0,0,171262
7720,19.2833,1.884,2.859,2.850,0.000,0.288,0.000,1876600,0,0,171262
7721,19.2850,1.757,1.826,1.812,0.000,0.286,0.000,1748549,0,0,171262
7722,19.2867,1.751,1.793,1.784,0.000,0.669,0.000,1744613,0,0,171262
7723,19.2884,1.684,1.885,1.875,0.000,0.345,0.000,1677312,0,0,171262
7724,19.2900,1.662,1.755,1.747,0.000,0.301,0.000,1654623,0,0,171262
7725,19.2917,1.638,1.752,1.743,0.000,0.303,0.000,1630619,0,0,171262
7726,19.2933,1.641,1.685,1.676,0.000,0.306,0.000,1634230,0,0,171262
7727,19.2950,1.653,1.661,1.653,0.000,0.290,0.000,1646676,0,0,171262
7728,19.2966,1.637,1.638,1.630,0.000,0.264,0.000,1629953,0,0,171262
7729,19.2981,1.565,1.641,1.633,0.000,0.364,0.000,1558627,0,0,171262
7730,19.3007,1.607,1.654,1.645,0.000,0.308,0.000,1600053,0,0,171262
7731,19.3028,2.705,1.637,1.629,0.000,0.338,0.000,2698522,0,0,171262
7732,19.3047,2.054,1.565,1.558,0.000,0.288,0.000,2046090,0,0,171262
7733,19.3066,1.955,1.606,1.599,0.000,0.441,0.000,1947013,0,0,171262
7734,19.3086,1.951,2.706,2.697,0.000,0.643,0.000,1943709,0,0,171262
7735,19.3108,2.075,2.054,2.045,0.000,0.327,0.000,2067236,0,0,171262
7736,19.3129,2.278,1.954,1.946,0.000,0.349,0.000,2267239,0,0,171262
7737,19.3148,1.895,1.952,1.942,0.000,0.541,0.000,1885959,0,0,171262
7738,19.3165,1.779,2.078,2.066,0.000,0.344,0.000,1770891,0,0,171262
7739,19.3187,1.770,2.276,2.266,0.000,0.298,0.000,1762313,0,0,171262
7740,19.3218,2.712,1.894,1.885,0.000,0.346,0.000,2705297,0,0,171822
7741,19.3240,2.834,1.778,1.770,0.000,0.740,0.000,2822945,0,0,171318
7742,19.3260,2.096,1.769,1.761,0.000,0.371,0.000,2086736,0,0,171358
7743,19.3289,2.268,2.716,2.704,0.000,0.383,0.000,2259302,0,0,171262
7744,19.3323,2.928,2.831,2.821,0.000,0.336,0.000,2915190,0,0,171262
7745,19.3345,3.163,2.095,2.086,0.000,0.372,0.000,3154906,0,0,171262
7746,19.3366,2.191,2.272,2.258,0.000,0.461,0.000,2180922,0,0,171262
7747,19.3386,1.986,2.923,2.913,0.000,0.502,0.000,1977195,0,0,171262
7748,19.3406,2.025,3.164,3.154,0.000,0.472,0.000,2016750,0,0,171262
7749,19.3431,1.935,2.190,2.180,0.000,0.423,0.000,1925557,0,0,171262
7750,19.3452,2.645,1.985,1.976,0.000,0.409,0.000,2637491,0,0,171262
7751,19.3472,1.994,2.026,2.015,0.000,0.804,0.000,1985151,0,0,171262
7752,19.3490,1.897,1.933,1.924,0.000,0.774,0.000,1889212,0,0,171262
7753,19.3510,1.902,2.646,2.636,0.000,0.359,0.000,1894043,0,0,171262
7754,19.3528,1.892,1.993,1.984,0.000,0.731,0.000,1883401,0,0,171262
7755,19.3547,1.890,1.897,1.888,0.000,0.684,0.000,1882392,0,0,171262
7756,19.3566,1.922,1.902,1.893,0.000,0.660,0.000,1914366,0,0,171262
7757,19.3587,1.903,1.891,1.882,0.000,0.489,0.000,1894675,0,0,171262
7758,19.3619,2.117,1.890,1.881,0.000,0.672,0.000,2108588,0,0,171262
7759,19.3643,3.270,1.923,1.913,0.000,0.787,0.000,3262699,0,0,171262
7760,19.3665,2.409,1.903,1.893,0.000,0.436,0.000,2400960,0,0,171262
7761,19.3686,2.142,2.116,2.107,0.000,0.432,0.000,2132684,0,0,171262
7762,19.3709,2.142,3.271,3.261,0.000,0.803,0.000,2133366,0,0,171262
7763,19.3731,2.328,2.411,2.400,0.000,0.744,0.000,2312007,0,0,171262
7764,19.3752,2.174,2.141,2.131,0.000,0.537,0.000,2165108,0,0,171262
7765,19.3772,2.012,2.149,2.132,0.000,0.453,0.000,2003421,0,0,171262
7766,19.3793,2.062,2.321,2.310,0.000,0.413,0.000,2053970,0,0,171262
7767,19.3815,2.007,2.173,2.164,0.000,0.345,0.000,1998607,0,0,171262
7768,19.3840,2.278,2.012,2.002,0.000,0.381,0.000,2269751,0,0,171262
7769,19.3863,2.677,2.062,2.053,0.000,0.558,0.000,2667232,0,0,171262
7770,19.3883,2.030,2.007,1.997,0.000,0.750,0.000,2022660,0,0,171262
7771,19.3907,1.974,2.279,2.268,0.000,0.410,0.000,1966077,0,0,171262
7772,19.3938,2.438,2.675,2.666,0.000,0.738,0.000,2430684,0,0,171358
7773,19.3958,3.147,2.031,2.021,0.000,0.322,0.000,3139668,0,0,171262
7774,19.3976,1.926,1.974,1.965,0.000,0.581,0.000,1918298,0,0,171262
7775,19.3994,1.797,2.438,2.429,0.000,0.342,0.000,1789117,0,0,171262
7776,19.4013,1.776,3.148,3.138,0.000,0.301,0.000,1768472,0,0,171262
7777,19.4033,1.962,1.926,1.917,0.000,0.286,0.000,1954535,0,0,171262
7778,19.4052,1.965,1.796,1.788,0.000,0.353,0.000,1957700,0,0,171262
7779,19.4070,1.857,1.776,1.767,0.000,0.457,0.000,1849433,0,0,171262
7780,19.4089,1.853,1.962,1.953,0.000,0.318,0.000,1844934,0,0,171262
7781,19.4107,1.833,1.965,1.957,0.000,0.366,0.000,1824632,0,0,171262
7782,19.4126,1.849,1.857,1.848,0.000,0.689,0.000,1841418,0,0,171262
7783,19.4145,1.900,1.853,1.844,0.000,0.382,0.000,1891808,0,0,171262
7784,19.4169,1.921,1.832,1.823,0.000,0.354,0.000,1913087,0,0,171262
7785,19.4188,2.361,1.850,1.840,0.000,0.707,0.000,2352771,0,0,171262
7786,19.4217,1.888,1.900,1.890,0.000,0.694,0.000,1881134,0,0,171262
7787,19.4237,2.939,1.921,1.912,0.000,0.714,0.000,2931473,0,0,171262
7788,19.4255,1.997,2.360,2.351,0.000,0.665,0.000,1989495,0,0,171262
7789,19.4273,1.816,1.889,1.880,0.000,0.721,0.000,1808479,0,0,171262
7790,19.4291,1.754,2.939,2.930,0.000,0.709,0.000,1746930,0,0,171262
7791,19.4310,1.882,1.997,1.988,0.000,0.658,0.000,1874453,0,0,171262
7792,19.4328,1.806,1.816,1.807,0.000,0.658,0.000,1798513,0,0,171262
7793,19.4346,1.763,1.754,1.746,0.000,0.358,0.000,1756447,0,0,171262
7794,19.4366,1.964,1.882,1.873,0.000,0.341,0.000,1957004,0,0,171262
7795,19.4384,1.899,1.805,1.797,0.000,0.361,0.000,1890941,0,0,171262
7796,19.4402,1.792,1.764,1.755,0.000,0.331,0.000,1784303,0,0,171262
7797,19.4422,1.828,1.965,1.956,0.000,0.468,0.000,1820660,0,0,171262
7798,19.4440,1.971,1.898,1.890,0.000,0.375,0.000,1963720,0,0,171262
7799,19.4458,1.814,1.792,1.783,0.000,0.362,0.000,1806864,0,0,171262
7800,19.4476,1.808,1.828,1.819,0.000,0.366,0.000,1800790,0,0,171262
7801,19.4509,3.058,1.971,1.962,0.000,0.331,0.000,3050140,0,0,190353
7802,19.4527,2.002,1.814,1.806,0.000,0.292,0.000,1993480,0,0,171358
7803,19.4545,1.766,1.808,1.800,0.000,0.384,0.000,1758672,0,0,171262
7804,19.4572,2.202,3.059,3.049,0.000,0.363,0.000,2194720,0,0,171262
7805,19.4593,2.587,2.001,1.992,0.000,0.292,0.000,2575872,0,0,171262
7806,19.4614,1.830,1.766,1.757,0.000,0.410,0.000,1821777,0,0,171262
7807,19.4632,2.147,2.206,2.194,0.000,0.308,0.000,2139991,0,0,171262
7808,19.4650,1.793,2.584,2.574,0.000,0.357,0.000,1785347,0,0,171262
7809,19.4666,1.682,1.829,1.820,0.000,0.357,0.000,1674945,0,0,171262
7810,19.4683,1.700,2.148,2.139,0.000,0.295,0.000,1692981,0,0,171262
7811,19.4700,1.682,1.792,1.784,0.000,0.530,0.000,1675401,0,0,171262
7812,19.4718,1.782,1.682,1.674,0.000,0.332,0.000,1774936,0,0,171262
7813,19.4739,2.052,1.700,1.692,0.000,0.310,0.000,2044421,0,0,171262
7814,19.4757,1.848,1.682,1.674,0.000,0.660,0.000,1841024,0,0,171262
7815,19.4786,2.844,1.782,1.774,0.000,0.359,0.000,2836793,0,0,171262
7816,19.4803,1.766,2.051,2.043,0.000,0.350,0.000,1758480,0,0,171262
7817,19.4823,1.732,1.848,1.840,0.000,0.313,0.000,1724023,0,0,171262
7818,19.4840,1.964,2.844,2.836,0.000,0.330,0.000,1956639,0,0,171262
7819,19.4858,1.741,1.766,1.757,0.000,0.338,0.000,1732611,0,0,171262
7820,19.4875,1.712,1.731,1.723,0.000,0.601,0.000,1705153,0,0,171262
7821,19.4893,1.821,1.964,1.955,0.000,0.652,0.000,1814217,0,0,171262
7822,19.4910,1.695,1.739,1.731,0.000,0.518,0.000,1688092,0,0,171262
7823,19.4926,1.664,1.712,1.704,0.000,0.352,0.000,1656804,0,0,171262
7824,19.4942,1.631,1.821,1.813,0.000,0.324,0.000,1624244,0,0,171262
7825,19.4960,1.677,1.695,1.687,0.000,0.334,0.000,1669948,0,0,171262
7826,19.4977,1.793,1.664,1.656,0.000,0.276,0.000,1786076,0,0,171262
7827,19.4994,1.725,1.631,1.623,0.000,0.339,0.000,1718432,0,0,171262
7828,19.5012,1.635,1.677,1.669,0.000,0.326,0.000,1627934,0,0,171262
7829,19.5053,1.789,1.793,1.785,0.000,0.283,0.000,1782714,0,0,171262
7830,19.5081,5.018,1.725,1.717,0.000,0.276,0.000,5011429,0,0,171262
7831,19.5107,2.709,1.635,1.627,0.000,0.621,0.000,2699035,0,0,171262
7832,19.5124,1.850,1.790,1.782,0.000,0.612,0.000,1840114,0,0,171358
7833,19.5141,1.686,5.022,5.010,0.000,0.653,0.000,1678659,0,0,171822
7834,19.5158,1.655,2.707,2.697,0.000,0.344,0.000,1647820,0,0,171318
7835,19.5174,1.641,1.846,1.838,0.000,0.615,0.000,1633632,0,0,171262
7836,19.5190,1.642,1.686,1.678,0.000,0.323,0.000,1634920,0,0,171262
7837,19.5207,1.634,1.655,1.647,0.000,0.633,0.000,1627108,0,0,171262
7838,19.5225,1.679,1.640,1.632,0.000,0.688,0.000,1672031,0,0,171262
7839,19.5241,1.786,1.642,1.634,0.000,0.330,0.000,1778505,0,0,171262
7840,19.5258,1.628,1.634,1.626,0.000,0.272,0.000,1620327,0,0,171262
7841,19.5275,1.679,1.679,1.671,0.000,0.284,0.000,1671725,0,0,171262
7842,19.5293,1.789,1.786,1.777,0.000,0.341,0.000,1781756,0,0,171262
7843,19.5310,1.770,1.627,1.619,0.000,0.336,0.000,1762272,0,0,171262
7844,19.5337,1.694,1.679,1.671,0.000,0.344,0.000,1687570,0,0,171262
7845,19.5356,2.783,1.789,1.781,0.000,0.505,0.000,2775835,0,0,171262
7846,19.5373,1.796,1.769,1.761,0.000,0.367,0.000,1782564,0,0,171262
7847,19.5391,1.739,1.694,1.686,0.000,0.481,0.000,1732039,0,0,171262
7848,19.5409,1.763,2.790,2.775,0.000,0.378,0.000,1756225,0,0,171262
7849,19.5431,1.823,1.789,1.781,0.000,0.673,0.000,1816155,0,0,171262
7850,19.5449,2.205,1.739,1.731,0.000,0.643,0.000,2198636,0,0,171262
7851,19.5467,1.796,1.763,1.755,0.000,0.511,0.000,1788052,0,0,171262
7852,19.5485,1.775,1.823,1.815,0.000,0.331,0.000,1768243,0,0,171262
7853,19.5503,1.799,2.206,2.197,0.000,0.624,0.000,1792035,0,0,171262
7854,19.5521,1.854,1.795,1.787,0.000,0.435,0.000,1846974,0,0,171262
7855,19.5540,1.832,1.775,1.767,0.000,0.679,0.000,1824706,0,0,171262
7856,19.5558,1.836,1.799,1.791,0.000,0.455,0.000,1828652,0,0,171262
7857,19.5576,1.808,1.855,1.846,0.000,0.533,0.000,1800695,0,0,171262
7858,19.5604,1.768,1.832,1.823,0.000,0.336,0.000,1759608,0,0,171262
7859,19.5626,2.947,1.836,1.827,0.000,0.295,0.000,2939385,0,0,171262
7860,19.5646,2.226,1.809,1.799,0.000,0.665,0.000,2216448,0,0,171262
7861,19.5666,1.995,1.767,1.758,0.000,0.500,0.000,1987634,0,0,171262
7862,19.5690,1.968,2.949,2.938,0.000,0.535,0.000,1960714,0,0,171358
7863,19.5709,2.353,2.224,2.215,0.000,0.695,0.000,2345409,0,0,171262
7864,19.5726,1.793,1.995,1.986,0.000,0.673,0.000,1785252,0,0,171262
7865,19.5745,1.771,1.968,1.960,0.000,0.647,0.000,1763739,0,0,171262
7866,19.5764,1.868,2.353,2.344,0.000,0.379,0.000,1860485,0,0,171262
7867,19.5783,1.940,1.793,1.784,0.000,0.298,0.000,1931970,0,0,171262
7868,19.5802,1.958,1.771,1.763,0.000,0.455,0.000,1950787,0,0,171262
7869,19.5822,1.853,1.869,1.859,0.000,0.324,0.000,1845679,0,0,171262
7870,19.5840,1.913,1.940,1.931,0.000,0.456,0.000,1905711,0,0,171262
7871,19.5858,1.814,1.958,1.950,0.000,0.696,0.000,1806927,0,0,171262
7872,19.5887,1.845,1.853,1.845,0.000,0.343,0.000,1837977,0,0,171262
7873,19.5906,2.910,1.912,1.904,0.000,0.665,0.000,2903328,0,0,171262
7874,19.5924,1.830,1.814,1.806,0.000,0.377,0.000,1822385,0,0,171262
7875,19.5942,1.887,1.845,1.837,0.000,0.312,0.000,1878750,0,0,171262
7876,19.5960,1.777,2.911,2.902,0.000,0.392,0.000,1769724,0,0,171262
7877,19.5979,1.811,1.831,1.821,0.000,0.286,0.000,1802243,0,0,171262
7878,19.5998,1.929,1.886,1.878,0.000,0.673,0.000,1921611,0,0,171262
7879,19.6024,1.874,1.778,1.768,0.000,0.684,0.000,1867112,0,0,171262
7880,19.6048,2.975,1.810,1.801,0.000,0.390,0.000,2968469,0,0,171262
7881,19.6069,2.136,1.928,1.920,0.000,0.352,0.000,2126736,0,0,171262
7882,19.6094,2.464,1.874,1.866,0.000,0.443,0.000,2456021,0,0,171262
7883,19.6115,2.174,2.978,2.967,0.000,0.427,0.000,2163253,0,0,171262
7884,19.6135,1.970,2.135,2.125,0.000,0.534,0.000,1961565,0,0,171262
7885,19.6154,2.003,2.467,2.455,0.000,0.396,0.000,1995267,0,0,171262
7886,19.6184,1.909,2.172,2.162,0.000,0.357,0.000,1900989,0,0,171262
7887,19.6203,2.968,1.969,1.960,0.000,0.309,0.000,2959928,0,0,171262
7888,19.6223,1.835,2.003,1.994,0.000,0.363,0.000,1823442,0,0,171262
7889,19.6242,2.023,1.909,1.900,0.000,0.378,0.000,2016079,0,0,171262
7890,19.6262,1.997,2.971,2.959,0.000,0.539,0.000,1989386,0,0,171262
7891,19.6281,1.928,1.831,1.822,0.000,0.314,0.000,1918085,0,0,171262
7892,19.6300,1.862,2.024,2.015,0.000,0.495,0.000,1854196,0,0,171358
7893,19.6319,1.951,1.999,1.988,0.000,0.348,0.000,1942276,0,0,171262
7894,19.6337,1.868,1.926,1.917,0.000,0.497,0.000,1860137,0,0,171262
7895,19.6356,1.834,1.863,1.853,0.000,0.342,0.000,1825596,0,0,171262
7896,19.6375,1.908,1.950,1.941,0.000,0.294,0.000,1900575,0,0,171262
7897,19.6395,1.939,1.868,1.859,0.000,0.302,0.000,1931441,0,0,171262
7898,19.6419,2.002,1.833,1.824,0.000,0.388,0.000,1993949,0,0,171262
7899,19.6440,2.453,1.908,1.899,0.000,0.341,0.000,2444847,0,0,171262
7900,19.6475,2.308,1.940,1.930,0.000,0.533,0.000,2298997,0,0,171262
7901,19.6497,3.370,2.002,1.992,0.000,0.565,0.000,3359763,0,0,171262
7902,19.6518,2.141,2.454,2.443,0.000,0.388,0.000,2131844,0,0,171262
7903,19.6542,2.180,2.309,2.297,0.000,0.477,0.000,2171328,0,0,171262
7904,19.6563,2.191,3.369,3.358,0.000,0.745,0.000,2180477,0,0,171262
7905,19.6584,2.256,2.140,2.130,0.000,0.380,0.000,2248009,0,0,171262
7906,19.6604,2.058,2.182,2.170,0.000,0.337,0.000,2048615,0,0,171262
7907,19.6625,1.916,2.188,2.179,0.000,0.759,0.000,1908076,0,0,171262
7908,19.6644,2.089,2.257,2.247,0.000,0.391,0.000,2081261,0,0,171262
7909,19.6663,1.916,2.056,2.047,0.000,0.305,0.000,1907192,0,0,171262
7910,19.6682,1.906,1.916,1.907,0.000,0.373,0.000,1897891,0,0,171262
7911,19.6702,1.912,2.090,2.080,0.000,0.355,0.000,1904647,0,0,171262
7912,19.6724,2.126,1.915,1.906,0.000,0.317,0.000,2116179,0,0,171822
7913,19.6743,2.053,1.906,1.897,0.000,0.286,0.000,2041232,0,0,171318
7914,19.6774,1.869,1.915,1.903,0.000,0.299,0.000,1860978,0,0,171262
7915,19.6793,3.163,2.129,2.115,0.000,0.330,0.000,3156237,0,0,171262
7916,19.6812,1.814,2.047,2.038,0.000,0.454,0.000,1806373,0,0,171262
7917,19.6830,1.914,1.868,1.860,0.000,0.362,0.000,1906914,0,0,171262
7918,19.6847,1.720,3.164,3.155,0.000,0.689,0.000,1713677,0,0,171262
7919,19.6872,1.942,1.814,1.805,0.000,0.656,0.000,1936328,0,0,171262
7920,19.6894,2.715,1.914,1.906,0.000,0.722,0.000,2704250,0,0,171262
7921,19.6913,1.874,1.720,1.712,0.000,0.358,0.000,1866215,0,0,190353
7922,19.6930,1.779,1.947,1.935,0.000,0.317,0.000,1770924,0,0,171358
7923,19.6946,1.640,2.712,2.703,0.000,0.335,0.000,1633557,0,0,171262
7924,19.6963,1.667,1.873,1.865,0.000,0.289,0.000,1659777,0,0,171262
7925,19.6980,1.652,1.778,1.770,0.000,0.331,0.000,1645431,0,0,171262
7926,19.6996,1.681,1.640,1.632,0.000,0.262,0.000,1673634,0,0,171262
7927,19.7014,1.623,1.667,1.659,0.000,0.280,0.000,1616396,0,0,171262
7928,19.7044,2.958,1.652,1.644,0.000,0.257,0.000,2952753,0,0,171262
7929,19.7065,2.151,1.680,1.673,0.000,0.297,0.000,2140521,0,0,171262
7930,19.7085,2.037,1.623,1.615,0.000,0.326,0.000,2029456,0,0,171262
7931,19.7103,1.898,2.963,2.952,0.000,0.792,0.000,1890850,0,0,171262
7932,19.7121,1.744,2.148,2.138,0.000,0.370,0.000,1736423,0,0,171262
7933,19.7140,1.851,2.037,2.028,0.000,0.621,0.000,1843806,0,0,171262
7934,19.7158,1.888,1.898,1.890,0.000,0.293,0.000,1879933,0,0,171262
7935,19.7176,1.833,1.744,1.735,0.000,0.344,0.000,1825601,0,0,171262
7936,19.7194,1.763,1.851,1.843,0.000,0.668,0.000,1755573,0,0,171262
7937,19.7214,1.729,1.888,1.879,0.000,0.380,0.000,1722093,0,0,171262
7938,19.7232,2.007,1.833,1.824,0.000,0.289,0.000,1999729,0,0,171262
7939,19.7249,1.791,1.763,1.754,0.000,0.300,0.000,1783347,0,0,171262
7940,19.7267,1.735,1.729,1.721,0.000,0.745,0.000,1727951,0,0,171262
7941,19.7285,1.778,2.007,1.999,0.000,0.605,0.000,1771513,0,0,171262
7942,19.7315,2.991,1.790,1.782,0.000,0.661,0.000,2983674,0,0,171262
7943,19.7334,1.898,1.734,1.727,0.000,0.719,0.000,1891022,0,0,171262
7944,19.7351,1.796,1.778,1.770,0.000,0.693,0.000,1788614,0,0,171262
7945,19.7370,1.730,2.991,2.983,0.000,0.628,0.000,1722980,0,0,171262
7946,19.7390,2.021,1.899,1.890,0.000,0.379,0.000,2014355,0,0,171262
7947,19.7413,2.122,1.795,1.787,0.000,0.322,0.000,2113451,0,0,171262
7948,19.7439,2.149,1.730,1.722,0.000,0.434,0.000,2140581,0,0,171262
7949,19.7458,2.582,2.023,2.013,0.000,0.452,0.000,2572565,0,0,171262
7950,19.7476,1.818,2.122,2.112,0.000,0.332,0.000,1815764,0,0,171262
7951,19.7494,1.815,2.149,2.139,0.000,0.693,0.000,1800340,0,0,171262
7952,19.7513,1.885,2.581,2.571,0.000,0.522,0.000,1877581,0,0,171358
7953,19.7532,1.860,1.824,1.815,0.000,0.349,0.000,1852472,0,0,171262
7954,19.7550,1.856,1.808,1.799,0.000,0.359,0.000,1847892,0,0,171262
7955,19.7578,1.761,1.885,1.876,0.000,0.380,0.000,1754040,0,0,171262
7956,19.7597,2.889,1.860,1.851,0.000,0.373,0.000,2881430,0,0,171262
7957,19.7626,1.862,1.855,1.847,0.000,0.535,0.000,1853207,0,0,171262
7958,19.7648,3.200,1.762,1.753,0.000,0.345,0.000,3192228,0,0,171262
7959,19.7669,2.068,2.890,2.880,0.000,0.574,0.000,2059585,0,0,171262
7960,19.7689,2.047,1.861,1.852,0.000,0.371,0.000,2038458,0,0,171262
7961,19.7708,1.898,3.200,3.191,0.000,0.455,0.000,1890689,0,0,171262
7962,19.7725,1.829,2.069,2.058,0.000,0.716,0.000,1821493,0,0,171262
7963,19.7742,1.724,2.046,2.037,0.000,0.365,0.000,1716738,0,0,171262
7964,19.7760,1.730,1.898,1.889,0.000,0.396,0.000,1722908,0,0,171262
7965,19.7776,1.707,1.829,1.820,0.000,0.284,0.000,1699847,0,0,171262
7966,19.7799,1.668,1.724,1.716,0.000,0.280,0.000,1660235,0,0,171262
7967,19.7820,2.517,1.730,1.722,0.000,0.702,0.000,2510538,0,0,171262
7968,19.7837,1.868,1.707,1.699,0.000,0.408,0.000,1860506,0,0,171262
7969,19.7864,1.670,1.667,1.659,0.000,0.340,0.000,1663584,0,0,171262
7970,19.7884,2.799,2.518,2.509,0.000,0.266,0.000,2790163,0,0,171262
7971,19.7903,2.030,1.868,1.859,0.000,0.259,0.000,2022346,0,0,171262
7972,19.7922,1.922,1.672,1.662,0.000,0.271,0.000,1914159,0,0,171262
7973,19.7939,1.801,2.797,2.789,0.000,0.375,0.000,1793121,0,0,171262
7974,19.7956,1.666,2.030,2.021,0.000,0.339,0.000,1658602,0,0,171262
7975,19.7973,1.653,1.921,1.913,0.000,0.290,0.000,1646580,0,0,171262
7976,19.7991,1.767,1.801,1.792,0.000,0.275,0.000,1760782,0,0,171262
7977,19.8009,1.822,1.665,1.657,0.000,0.298,0.000,1814865,0,0,171262
7978,19.8030,1.764,1.653,1.645,0.000,0.281,0.000,1757087,0,0,171262
7979,19.8047,2.078,1.768,1.760,0.000,0.672,0.000,2070799,0,0,171262
7980,19.8063,1.668,1.822,1.814,0.000,0.438,0.000,1660569,0,0,171262
7981,19.8079,1.608,1.764,1.756,0.000,0.346,0.000,1601139,0,0,171262
7982,19.8096,1.652,2.078,2.070,0.000,0.259,0.000,1645253,0,0,171358
7983,19.8123,1.643,1.668,1.659,0.000,0.671,0.000,1636140,0,0,171262
7984,19.8142,2.815,1.608,1.600,0.000,0.360,0.000,2808263,0,0,171262
7985,19.8160,1.848,1.652,1.644,0.000,0.271,0.000,1839799,0,0,171262
7986,19.8179,1.884,1.643,1.635,0.000,0.302,0.000,1877086,0,0,171262
7987,19.8198,1.890,2.816,2.807,0.000,0.292,0.000,1882738,0,0,171262
7988,19.8218,1.866,1.847,1.839,0.000,0.350,0.000,1858848,0,0,171262
7989,19.8235,1.905,1.885,1.876,0.000,0.636,0.000,1897870,0,0,171262
7990,19.8252,1.749,1.890,1.881,0.000,0.271,0.000,1740940,0,0,171262
7991,19.8270,1.770,1.866,1.857,0.000,0.326,0.000,1762738,0,0,171262
7992,19.8287,1.732,1.905,1.896,0.000,0.332,0.000,1725352,0,0,171262
7993,19.8306,1.728,1.748,1.740,0.000,0.274,0.000,1721171,0,0,171262
7994,19.8324,1.875,1.770,1.761,0.000,0.358,0.000,1866411,0,0,171262
7995,19.8342,1.829,1.732,1.724,0.000,0.465,0.000,1820852,0,0,171262
7996,19.8359,1.776,1.730,1.720,0.000,0.449,0.000,1767624,0,0,171262
7997,19.8387,1.718,1.875,1.865,0.000,0.455,0.000,1710357,0,0,171262
7998,19.8405,2.780,1.829,1.819,0.000,0.301,0.000,2773209,0,0,171262
7999,19.8423,1.740,1.775,1.766,0.000,0.296,0.000,1732141,0,0,171262
8000,19.8440,1.815,1.717,1.709,0.000,0.307,0.000,1807950,0,0,171262
8001,19.8458,1.728,2.781,2.772,0.000,0.518,0.000,1720760,0,0,171262
8002,19.8475,1.763,1.739,1.731,0.000,0.335,0.000,1756008,0,0,171262
8003,19.8492,1.719,1.815,1.807,0.000,0.338,0.000,1710767,0,0,171262
8004,19.8509,1.729,1.728,1.720,0.000,0.304,0.000,1722450,0,0,171262
8005,19.8526,1.650,1.764,1.755,0.000,0.293,0.000,1643142,0,0,171262
8006,19.8543,1.723,1.718,1.710,0.000,0.272,0.000,1716144,0,0,171262
8007,19.8560,1.694,1.729,1.721,0.000,0.346,0.000,1687063,0,0,171262
8008,19.8577,1.708,1.650,1.642,0.000,0.312,0.000,1701095,0,0,171262
8009,19.8594,1.681,1.723,1.715,0.000,0.330,0.000,1673388,0,0,171262
8010,19.8612,1.702,1.694,1.686,0.000,0.334,0.000,1694445,0,0,171262
8011,19.8641,1.892,1.709,1.700,0.000,0.529,0.000,1885446,0,0,171262
8012,19.8660,2.909,1.680,1.672,0.000,0.493,0.000,2901359,0,0,171358
8013,19.8679,1.889,1.701,1.693,0.000,0.395,0.000,1880480,0,0,171262
8014,19.8697,1.872,1.893,1.884,0.000,0.450,0.000,1865075,0,0,171262
8015,19.8716,1.794,2.910,2.900,0.000,0.539,0.000,1786497,0,0,171262
8016,19.8735,1.960,1.888,1.879,0.000,0.434,0.000,1953107,0,0,171262
8017,19.8754,1.866,1.872,1.864,0.000,0.357,0.000,1859360,0,0,171262
8018,19.8772,1.857,1.794,1.785,0.000,0.394,0.000,1848877,0,0,171262
8019,19.8795,2.162,1.960,1.952,0.000,0.318,0.000,2155527,0,0,171262
8020,19.8816,2.075,1.867,1.858,0.000,0.316,0.000,2064999,0,0,171262
8021,19.8834,2.039,1.856,1.847,0.000,0.351,0.000,2031119,0,0,171262
8022,19.8852,1.793,2.166,2.154,0.000,0.351,0.000,1785832,0,0,171262
8023,19.8869,1.722,2.072,2.063,0.000,0.318,0.000,1715092,0,0,171262
8024,19.8886,1.711,2.039,2.030,0.000,0.310,0.000,1704261,0,0,171262
8025,19.8914,1.705,1.793,1.785,0.000,0.367,0.000,1698288,0,0,171262
8026,19.8932,2.847,1.722,1.714,0.000,0.287,0.000,2840768,0,0,171262
8027,19.8950,1.806,1.711,1.703,0.000,0.287,0.000,1798409,0,0,171262
8028,19.8968,1.792,1.705,1.697,0.000,0.648,0.000,1784923,0,0,171262
8029,19.8986,1.802,2.848,2.840,0.000,0.322,0.000,1795153,0,0,171262
8030,19.9003,1.746,1.805,1.797,0.000,0.282,0.000,1738116,0,0,171262
8031,19.9026,1.763,1.792,1.784,0.000,0.321,0.000,1755677,0,0,171262
8032,19.9044,2.251,1.803,1.794,0.000,0.730,0.000,2244291,0,0,171262
8033,19.9062,1.790,1.745,1.737,0.000,0.523,0.000,1782270,0,0,171262
8034,19.9080,1.817,1.763,1.755,0.000,0.341,0.000,1810677,0,0,171262
8035,19.9099,1.856,2.252,2.243,0.000,0.292,0.000,1849712,0,0,171262
8036,19.9118,1.894,1.789,1.781,0.000,0.528,0.000,1887582,0,0,171262
8037,19.9139,2.036,1.817,1.810,0.000,0.691,0.000,2028907,0,0,171262
8038,19.9157,1.878,1.856,1.848,0.000,0.343,0.000,1870979,0,0,171262
8039,19.9176,1.845,1.895,1.886,0.000,0.379,0.000,1838319,0,0,171262
8040,19.9210,3.309,2.036,2.027,0.000,0.284,0.000,3303052,0,0,171262
8041,19.9234,2.282,1.877,1.870,0.000,0.281,0.000,2273760,0,0,190353
8042,19.9260,2.288,1.845,1.837,0.000,0.421,0.000,2280460,0,0,171358
8043,19.9282,2.628,3.311,3.302,0.000,0.315,0.000,2618451,0,0,171262
8044,19.9302,2.110,2.281,2.272,0.000,0.291,0.000,2101354,0,0,171262
8045,19.9320,1.879,2.293,2.279,0.000,0.402,0.000,1872339,0,0,171262
8046,19.9339,1.901,2.624,2.614,0.000,0.373,0.000,1894103,0,0,171262
8047,19.9359,1.912,2.108,2.100,0.000,0.331,0.000,1905181,0,0,171262
8048,19.9379,1.990,1.879,1.871,0.000,0.705,0.000,1983635,0,0,171262
8049,19.9398,1.904,1.901,1.893,0.000,0.370,0.000,1896534,0,0,171262
8050,19.9421,1.873,1.912,1.904,0.000,0.366,0.000,1866030,0,0,171262
8051,19.9440,2.359,1.991,1.982,0.000,0.707,0.000,2352990,0,0,171262
8052,19.9458,1.842,1.903,1.895,0.000,0.594,0.000,1835093,0,0,171262
8053,19.9487,1.798,1.873,1.865,0.000,0.344,0.000,1791266,0,0,171262
8054,19.9507,3.029,2.360,2.352,0.000,0.539,0.000,3022003,0,0,171262
8055,19.9525,1.891,1.842,1.834,0.000,0.394,0.000,1885477,0,0,171262
8056,19.9542,1.771,1.798,1.790,0.000,0.332,0.000,1762838,0,0,171262
8057,19.9562,1.836,3.029,3.021,0.000,0.730,0.000,1830350,0,0,171262
8058,19.9580,1.904,1.892,1.884,0.000,0.369,0.000,1897564,0,0,171262
8059,19.9598,1.818,1.769,1.762,0.000,0.377,0.000,1811596,0,0,171262
8060,19.9617,1.761,1.836,1.829,0.000,0.332,0.000,1754234,0,0,171262
8061,19.9634,1.854,1.904,1.896,0.000,0.339,0.000,1841506,0,0,171262
8062,19.9652,1.731,1.818,1.811,0.000,0.512,0.000,1725072,0,0,171262
8063,19.9669,1.742,1.767,1.753,0.000,0.316,0.000,1735703,0,0,171262
8064,19.9686,1.700,1.847,1.840,0.000,0.337,0.000,1693646,0,0,171262
8065,19.9703,1.701,1.731,1.724,0.000,0.542,0.000,1694949,0,0,171262
8066,19.9719,1.688,1.742,1.735,0.000,0.335,0.000,1679821,0,0,171262
8067,19.9736,1.649,1.700,1.693,0.000,0.278,0.000,1643431,0,0,171262
8068,19.9764,2.700,1.703,1.694,0.000,0.660,0.000,2693893,0,0,171262
8069,19.9781,1.777,1.686,1.679,0.000,0.437,0.000,1771052,0,0,171262
8070,19.9801,1.766,1.649,1.642,0.000,0.291,0.000,1759272,0,0,171262
8071,19.9820,1.986,2.700,2.693,0.000,0.289,0.000,1980061,0,0,171262
8072,19.9838,1.909,1.778,1.770,0.000,0.521,0.000,1903077,0,0,171358
8073,19.9856,1.818,1.765,1.758,0.000,0.626,0.000,1811565,0,0,171262
8074,19.9875,1.860,1.987,1.979,0.000,0.772,0.000,1852972,0,0,171262
8075,19.9892,1.774,1.909,1.902,0.000,0.665,0.000,1766985,0,0,171262
8076,19.9909,1.720,1.818,1.810,0.000,0.376,0.000,1713979,0,0,171262
8077,19.9926,1.712,1.860,1.852,0.000,0.298,0.000,1706039,0,0,171262
8078,19.9943,1.691,1.773,1.766,0.000,0.280,0.000,1684709,0,0,171262
8079,19.9960,1.676,1.720,1.713,0.000,0.324,0.000,1670038,0,0,171262
8080,19.9977,1.692,1.712,1.705,0.000,0.267,0.000,1685867,0,0,171262
8081,19.9994,1.697,1.691,1.683,0.000,0.362,0.000,1690971,0,0,171262
8082,20.0023,2.785,1.676,1.669,0.000,0.398,0.000,2778522,0,0,171262
8083,20.0041,1.896,1.692,1.685,0.000,0.282,0.000,1889552,0,0,171262
8084,20.0058,1.706,1.697,1.690,0.000,0.295,0.000,1699262,0,0,171822
8085,20.0074,1.666,2.785,2.777,0.000,0.278,0.000,1660188,0,0,171318
8086,20.0090,1.639,1.896,1.888,0.000,0.253,0.000,1633197,0,0,171262
8087,20.0106,1.596,1.705,1.698,0.000,0.279,0.000,1590305,0,0,171262
8088,20.0122,1.607,1.667,1.659,0.000,0.247,0.000,1601106,0,0,171262
8089,20.0139,1.614,1.639,1.632,0.000,0.258,0.000,1607252,0,0,171262
8090,20.0155,1.632,1.596,1.589,0.000,0.247,0.000,1626079,0,0,171262
8091,20.0171,1.631,1.607,1.600,0.000,0.286,0.000,1624367,0,0,171262
8092,20.0187,1.613,1.613,1.606,0.000,0.261,0.000,1606383,0,0,171262
8093,20.0203,1.586,1.633,1.625,0.000,0.255,0.000,1579577,0,0,171262
8094,20.0220,1.574,1.631,1.623,0.000,0.244,0.000,1568534,0,0,171262
8095,20.0236,1.718,1.612,1.605,0.000,0.251,0.000,1711752,0,0,171262
8096,20.0262,1.559,1.585,1.578,0.000,0.326,0.000,1553761,0,0,171262
8097,20.0280,2.749,1.575,1.568,0.000,0.276,0.000,2743174,0,0,171262
8098,20.0297,1.757,1.717,1.711,0.000,0.324,0.000,1750223,0,0,171262
8099,20.0315,1.699,1.560,1.553,0.000,0.323,0.000,1692396,0,0,171262
8100,20.0335,1.862,2.750,2.742,0.000,0.328,0.000,1848438,0,0,171262
8101,20.0353,1.954,1.757,1.749,0.000,0.311,0.000,1940126,0,0,171262
8102,20.0371,1.788,1.709,1.691,0.000,0.321,0.000,1775465,0,0,171358
8103,20.0388,1.757,1.913,1.844,0.000,0.286,0.000,1743970,0,0,171262
8104,20.0405,1.718,1.902,1.885,0.000,0.270,0.000,1701158,0,0,171262
8105,20.0426,1.844,1.788,1.771,0.000,0.299,0.000,1830587,0,0,171262
8106,20.0446,2.146,1.761,1.740,0.000,0.332,0.000,2131019,0,0,171262
8107,20.0464,1.861,1.714,1.697,0.000,0.393,0.000,1846252,0,0,171262
8108,20.0482,1.801,1.846,1.827,0.000,0.341,0.000,1787024,0,0,171262
8109,20.0500,1.811,2.146,2.127,0.000,0.351,0.000,1797626,0,0,171262
8110,20.0547,1.762,1.860,1.842,0.000,0.348,0.000,1748940,0,0,171262
8111,20.0573,5.219,1.800,1.783,0.000,0.291,0.000,5206738,0,0,171262
8112,20.0603,3.186,1.811,1.793,0.000,0.290,0.000,3177772,0,0,171262
8113,20.0625,2.120,1.762,1.745,0.000,0.382,0.000,2108364,0,0,171262
8114,20.0643,2.036,5.214,5.202,0.000,0.361,0.000,2028718,0,0,171262
8115,20.0661,1.787,3.187,3.175,0.000,0.567,0.000,1779245,0,0,171262
8116,20.0679,1.822,2.114,2.106,0.000,0.334,0.000,1815403,0,0,171262
8117,20.0698,1.879,2.036,2.027,0.000,0.278,0.000,1871502,0,0,171262
8118,20.0715,1.804,1.786,1.778,0.000,0.453,0.000,1795993,0,0,171262
8119,20.0734,1.767,1.822,1.814,0.000,0.331,0.000,1759636,0,0,171262
8120,20.0751,1.819,1.880,1.870,0.000,0.300,0.000,1810140,0,0,171262
8121,20.0769,1.700,1.803,1.795,0.000,0.477,0.000,1692642,0,0,171262
8122,20.0786,1.744,1.768,1.758,0.000,0.349,0.000,1736802,0,0,171262
8123,20.0803,1.743,1.817,1.809,0.000,0.373,0.000,1735448,0,0,171262
8124,20.0822,1.716,1.700,1.691,0.000,0.311,0.000,1708479,0,0,171262
8125,20.0880,1.809,1.744,1.736,0.000,0.358,0.000,1801940,0,0,171262
8126,20.0903,6.209,1.742,1.734,0.000,0.690,0.000,6202014,0,0,171262
8127,20.0922,2.049,1.715,1.707,0.000,0.340,0.000,2038868,0,0,171262
8128,20.0940,1.888,1.809,1.801,0.000,0.740,0.000,1879403,0,0,171262
8129,20.0958,1.736,6.212,6.201,0.000,0.712,0.000,1728875,0,0,171262
8130,20.0975,1.751,2.047,2.037,0.000,0.648,0.000,1743720,0,0,171822
8131,20.0996,1.883,1.887,1.878,0.000,0.383,0.000,1876014,0,0,171318
8132,20.1014,1.916,1.736,1.728,0.000,0.376,0.000,1905737,0,0,171358
8133,20.1035,2.096,1.751,1.743,0.000,0.698,0.000,2089481,0,0,171262
8134,20.1053,1.855,1.886,1.875,0.000,0.324,0.000,1844536,0,0,171262
8135,20.1070,1.723,1.912,1.904,0.000,0.297,0.000,1715951,0,0,171262
8136,20.1087,1.700,2.100,2.088,0.000,0.286,0.000,1693638,0,0,171262
8137,20.1104,1.717,1.851,1.843,0.000,0.261,0.000,1710023,0,0,171262
8138,20.1121,1.717,1.723,1.715,0.000,0.340,0.000,1710236,0,0,171262
8139,20.1148,1.726,1.701,1.692,0.000,0.537,0.000,1719128,0,0,171262
8140,20.1166,2.747,1.717,1.709,0.000,0.303,0.000,2740656,0,0,171262
8141,20.1183,1.753,1.717,1.709,0.000,0.320,0.000,1745220,0,0,171262
8142,20.1200,1.710,1.726,1.718,0.000,0.550,0.000,1702929,0,0,171262
8143,20.1219,1.710,2.748,2.739,0.000,0.486,0.000,1702817,0,0,171262
8144,20.1239,1.972,1.752,1.744,0.000,0.704,0.000,1965170,0,0,171262
8145,20.1260,2.052,1.710,1.702,0.000,0.663,0.000,2044504,0,0,171262
8146,20.1278,1.963,1.710,1.702,0.000,0.458,0.000,1954736,0,0,171262
8147,20.1297,1.789,1.973,1.964,0.000,0.725,0.000,1781984,0,0,171262
8148,20.1314,1.851,2.053,2.043,0.000,0.636,0.000,1842887,0,0,171262
8149,20.1333,1.816,1.962,1.953,0.000,0.431,0.000,1808590,0,0,171262
8150,20.1353,1.949,1.789,1.781,0.000,0.337,0.000,1942084,0,0,171262
8151,20.1372,1.949,1.850,1.842,0.000,0.317,0.000,1941031,0,0,171262
8152,20.1391,1.896,1.816,1.807,0.000,0.375,0.000,1887544,0,0,171262
8153,20.1421,1.896,1.950,1.941,0.000,0.361,0.000,1887284,0,0,171262
8154,20.1444,3.090,1.949,1.940,0.000,0.360,0.000,3082538,0,0,171262
8155,20.1465,2.303,1.896,1.886,0.000,0.461,0.000,2294854,0,0,171262
8156,20.1484,2.027,1.895,1.886,0.000,0.402,0.000,2016927,0,0,171262
8157,20.1502,1.833,3.092,3.081,0.000,0.380,0.000,1825660,0,0,171262
8158,20.1519,1.743,2.305,2.293,0.000,0.323,0.000,1735034,0,0,171262
8159,20.1535,1.678,2.024,2.015,0.000,0.290,0.000,1671117,0,0,171262
8160,20.1553,1.683,1.834,1.824,0.000,0.734,0.000,1676018,0,0,171262
8161,20.1571,1.805,1.742,1.734,0.000,0.694,0.000,1798470,0,0,190353
8162,20.1588,1.747,1.678,1.670,0.000,0.681,0.000,1739585,0,0,171358
8163,20.1610,1.654,1.683,1.675,0.000,0.640,0.000,1647442,0,0,171262
8164,20.1634,2.411,1.805,1.797,0.000,0.649,0.000,2404536,0,0,171262
8165,20.1651,2.278,1.746,1.738,0.000,0.538,0.000,2270757,0,0,171262
8166,20.1669,1.725,1.654,1.646,0.000,0.334,0.000,1717378,0,0,171262
8167,20.1697,1.718,2.412,2.403,0.000,0.697,0.000,1711120,0,0,171262
8168,20.1716,2.902,2.279,2.270,0.000,0.328,0.000,2894391,0,0,171262
8169,20.1734,1.852,1.724,1.716,0.000,0.326,0.000,1844004,0,0,171262
8170,20.1750,1.731,1.719,1.710,0.000,0.328,0.000,1723646,0,0,171262
8171,20.1767,1.655,2.903,2.893,0.000,0.279,0.000,1647640,0,0,171262
8172,20.1783,1.628,1.851,1.842,0.000,0.661,0.000,1621818,0,0,171262
8173,20.1799,1.591,1.731,1.722,0.000,0.418,0.000,1584240,0,0,171262
8174,20.1817,1.636,1.654,1.646,0.000,0.617,0.000,1629857,0,0,171262
8175,20.1834,1.824,1.629,1.621,0.000,0.655,0.000,1817567,0,0,171262
8176,20.1852,1.748,1.591,1.583,0.000,0.680,0.000,1740569,0,0,171262
8177,20.1873,1.790,1.636,1.629,0.000,0.440,0.000,1782429,0,0,171262
8178,20.1891,2.115,1.825,1.816,0.000,0.481,0.000,2108490,0,0,171262
8179,20.1909,1.834,1.748,1.739,0.000,0.384,0.000,1826821,0,0,171262
8180,20.1927,1.791,1.790,1.781,0.000,0.384,0.000,1782837,0,0,171262
8181,20.1956,1.713,2.116,2.107,0.000,0.351,0.000,1705731,0,0,171262
8182,20.1977,3.148,1.836,1.826,0.000,0.336,0.000,3141048,0,0,171262
8183,20.1995,1.953,1.790,1.781,0.000,0.350,0.000,1938144,0,0,171262
8184,20.2015,1.828,1.713,1.705,0.000,0.427,0.000,1819970,0,0,171262
8185,20.2034,2.019,3.157,3.140,0.000,0.393,0.000,2010237,0,0,171262
8186,20.2053,1.849,1.946,1.936,0.000,0.375,0.000,1840401,0,0,171262
8187,20.2071,1.892,1.828,1.819,0.000,0.312,0.000,1885123,0,0,171262
8188,20.2092,1.853,2.019,2.009,0.000,0.313,0.000,1844915,0,0,171262
8189,20.2112,2.119,1.848,1.839,0.000,0.326,0.000,2110568,0,0,171262
8190,20.2133,1.923,1.893,1.884,0.000,0.453,0.000,1915209,0,0,171262
8191,20.2153,2.121,1.853,1.844,0.000,0.321,0.000,1997267,0,0,171262
8192,20.2173,2.029,2.118,2.109,0.000,0.427,0.000,2020460,0,0,171358
8193,20.2194,2.061,2.039,1.914,0.000,0.389,0.000,2052871,0,0,171262
8194,20.2216,2.030,2.006,1.996,0.000,0.355,0.000,2021862,0,0,171262
8195,20.2248,2.205,2.029,2.019,0.000,0.428,0.000,2197085,0,0,171262
8196,20.2268,3.272,2.061,2.051,0.000,0.588,0.000,3263697,0,0,171262
8197,20.2290,2.064,2.030,2.020,0.000,0.324,0.000,2054954,0,0,171262
8198,20.2309,2.025,2.206,2.196,0.000,0.730,0.000,2017088,0,0,171262
8199,20.2327,1.821,3.272,3.262,0.000,0.454,0.000,1813212,0,0,171262
8200,20.2344,1.763,2.063,2.053,0.000,0.298,0.000,1755341,0,0,171262
8201,20.2365,1.808,2.024,2.016,0.000,0.481,0.000,1800490,0,0,171262
8202,20.2383,2.120,1.821,1.812,0.000,0.591,0.000,2112341,0,0,171262
8203,20.2402,1.803,1.762,1.754,0.000,0.310,0.000,1795555,0,0,171262
8204,20.2421,1.816,1.808,1.799,0.000,0.283,0.000,1809050,0,0,171262
8205,20.2440,1.974,2.119,2.111,0.000,0.280,0.000,1966632,0,0,171262
8206,20.2462,1.910,1.802,1.794,0.000,0.283,0.000,1902286,0,0,171262
8207,20.2481,2.231,1.817,1.808,0.000,0.714,0.000,2223585,0,0,171262
8208,20.2499,1.876,1.975,1.966,0.000,0.510,0.000,1868380,0,0,171262
8209,20.2530,2.934,1.910,1.901,0.000,0.351,0.000,2927175,0,0,171262
8210,20.2549,2.010,2.231,2.222,0.000,0.311,0.000,2002677,0,0,171262
8211,20.2568,1.850,1.875,1.867,0.000,0.368,0.000,1843026,0,0,171262
8212,20.2585,1.772,2.935,2.926,0.000,0.361,0.000,1765100,0,0,171262
8213,20.2602,1.744,2.010,2.001,0.000,0.305,0.000,1737159,0,0,171262
8214,20.2622,1.714,1.850,1.842,0.000,0.303,0.000,1707144,0,0,171262
8215,20.2639,1.940,1.772,1.764,0.000,0.274,0.000,1933279,0,0,171262
8216,20.2656,1.723,1.744,1.736,0.000,0.264,0.000,1716109,0,0,171262
8217,20.2674,1.750,1.714,1.706,0.000,0.261,0.000,1743163,0,0,171262
8218,20.2692,1.829,1.941,1.932,0.000,0.269,0.000,1822276,0,0,171262
8219,20.2709,1.727,1.723,1.715,0.000,0.354,0.000,1720656,0,0,171262
8220,20.2726,1.712,1.750,1.742,0.000,0.261,0.000,1704634,0,0,171262
8221,20.2744,1.730,1.829,1.821,0.000,0.257,0.000,1723444,0,0,171262
8222,20.2772,1.786,1.728,1.720,0.000,0.260,0.000,1779127,0,0,171358
8223,20.2792,2.874,1.711,1.703,0.000,0.256,0.000,2866591,0,0,171262
8224,20.2810,1.948,1.731,1.722,0.000,0.266,0.000,1940404,0,0,171262
8225,20.2832,1.781,1.786,1.778,0.000,0.275,0.000,1773084,0,0,171262
8226,20.2850,2.268,2.874,2.865,0.000,0.260,0.000,2261346,0,0,171262
8227,20.2867,1.766,1.948,1.939,0.000,0.538,0.000,1758121,0,0,171262
8228,20.2884,1.677,1.780,1.772,0.000,0.314,0.000,1670285,0,0,171262
8229,20.2901,1.699,2.269,2.260,0.000,0.328,0.000,1692270,0,0,171262
8230,20.2919,1.754,1.765,1.757,0.000,0.293,0.000,1747272,0,0,171262
8231,20.2945,1.810,1.677,1.669,0.000,0.274,0.000,1802125,0,0,171262
8232,20.2962,2.524,1.699,1.691,0.000,0.690,0.000,2517361,0,0,171262
8233,20.2979,1.714,1.755,1.746,0.000,0.709,0.000,1707069,0,0,171262
8234,20.2996,1.697,1.809,1.801,0.000,0.689,0.000,1690582,0,0,171262
8235,20.3016,1.761,2.524,2.516,0.000,0.363,0.000,1754431,0,0,171262
8236,20.3056,1.990,1.714,1.706,0.000,0.342,0.000,1982652,0,0,171262
8237,20.3075,3.966,1.698,1.689,0.000,0.301,0.000,3959288,0,0,171262
8238,20.3094,1.895,1.762,1.753,0.000,0.272,0.000,1886433,0,0,171262
8239,20.3116,2.052,1.990,1.981,0.000,0.624,0.000,2044871,0,0,171262
8240,20.3140,2.437,3.968,3.958,0.000,0.326,0.000,2428210,0,0,171262
8241,20.3164,2.332,1.894,1.885,0.000,0.713,0.000,2322879,0,0,171262
8242,20.3185,2.238,2.053,2.043,0.000,0.434,0.000,2228545,0,0,171262
8243,20.3205,2.014,2.437,2.427,0.000,0.443,0.000,2005068,0,0,171262
8244,20.3225,1.919,2.333,2.321,0.000,0.610,0.000,1911446,0,0,171262
8245,20.3244,2.088,2.238,2.227,0.000,0.318,0.000,2079381,0,0,171262
8246,20.3262,1.835,2.012,2.004,0.000,0.322,0.000,1826705,0,0,171262
8247,20.3281,1.841,1.919,1.910,0.000,0.347,0.000,1833195,0,0,171262
8248,20.3300,1.915,2.088,2.078,0.000,0.354,0.000,1907723,0,0,171262
8249,20.3318,1.798,1.835,1.825,0.000,0.306,0.000,1789799,0,0,171262
8250,20.3350,1.932,1.841,1.832,0.000,0.291,0.000,1924031,0,0,171262
8251,20.3375,3.471,1.915,1.906,0.000,0.311,0.000,3463618,0,0,171262
8252,20.3399,2.529,1.798,1.789,0.000,0.357,0.000,2517849,0,0,171358
8253,20.3422,2.163,1.932,1.923,0.000,0.547,0.000,2153636,0,0,171262
8254,20.3445,2.538,3.475,3.462,0.000,0.455,0.000,2528961,0,0,171262
8255,20.3469,2.236,2.528,2.516,0.000,0.769,0.000,2227312,0,0,171262
8256,20.3493,2.345,2.162,2.152,0.000,0.487,0.000,2334869,0,0,171822
8257,20.3521,2.369,2.538,2.528,0.000,0.421,0.000,2357313,0,0,171318
8258,20.3544,2.861,2.237,2.226,0.000,0.464,0.000,2851522,0,0,171262
8259,20.3567,2.263,2.347,2.333,0.000,0.413,0.000,2253922,0,0,171262
8260,20.3591,2.300,2.366,2.355,0.000,0.360,0.000,2289239,0,0,171262
8261,20.3614,2.277,2.861,2.850,0.000,0.431,0.000,2267655,0,0,171262
8262,20.3639,2.585,2.265,2.252,0.000,0.430,0.000,2576633,0,0,171262
8263,20.3663,2.372,2.298,2.287,0.000,0.385,0.000,2362798,0,0,171262
8264,20.3697,2.315,2.276,2.266,0.000,0.366,0.000,2305494,0,0,171262
8265,20.3721,3.503,2.586,2.575,0.000,0.485,0.000,3494556,0,0,171262
8266,20.3745,2.393,2.372,2.361,0.000,0.815,0.000,2383629,0,0,171262
8267,20.3768,2.254,2.314,2.304,0.000,0.807,0.000,2245682,0,0,171262
8268,20.3791,2.394,3.504,3.493,0.000,0.755,0.000,2385487,0,0,171262
8269,20.3814,2.224,2.392,2.382,0.000,0.630,0.000,2215203,0,0,171262
8270,20.3835,2.316,2.254,2.244,0.000,0.428,0.000,2307003,0,0,171262
8271,20.3863,2.111,2.395,2.384,0.000,0.389,0.000,2101841,0,0,171262
8272,20.3885,2.854,2.224,2.214,0.000,0.817,0.000,2845648,0,0,171262
8273,20.3905,2.022,2.317,2.306,0.000,0.393,0.000,2013140,0,0,171262
8274,20.3923,1.910,2.110,2.100,0.000,0.786,0.000,1902617,0,0,171262
8275,20.3942,1.844,2.854,2.844,0.000,0.688,0.000,1836163,0,0,171262
8276,20.3960,1.855,2.021,2.012,0.000,0.373,0.000,1846950,0,0,171262
8277,20.3978,1.810,1.910,1.901,0.000,0.880,0.000,1803094,0,0,171262
8278,20.4007,1.767,1.844,1.835,0.000,0.330,0.000,1759104,0,0,171262
8279,20.4031,3.249,1.855,1.846,0.000,0.711,0.000,3242043,0,0,171262
8280,20.4052,2.268,1.810,1.802,0.000,0.456,0.000,2257910,0,0,171262
8281,20.4074,2.159,1.766,1.758,0.000,0.437,0.000,2150186,0,0,190353
8282,20.4095,2.164,3.252,3.241,0.000,0.380,0.000,2154578,0,0,171358
8283,20.4116,2.057,2.267,2.256,0.000,0.778,0.000,2047702,0,0,171262
8284,20.4135,2.023,2.160,2.149,0.000,0.834,0.000,2015945,0,0,171262
8285,20.4154,1.913,2.163,2.153,0.000,0.783,0.000,1904310,0,0,171262
8286,20.4174,1.899,2.055,2.046,0.000,0.744,0.000,1891452,0,0,171262
8287,20.4194,2.019,2.024,2.015,0.000,0.720,0.000,2011281,0,0,171262
8288,20.4213,1.871,1.912,1.903,0.000,0.367,0.000,1862822,0,0,171262
8289,20.4231,1.895,1.900,1.890,0.000,0.733,0.000,1887396,0,0,171262
8290,20.4249,1.825,2.019,2.010,0.000,0.696,0.000,1817517,0,0,171262
8291,20.4267,1.778,1.870,1.862,0.000,0.674,0.000,1770880,0,0,171262
8292,20.4297,1.876,1.895,1.886,0.000,0.694,0.000,1868680,0,0,171262
8293,20.4317,3.123,1.825,1.816,0.000,0.463,0.000,3113713,0,0,171262
8294,20.4335,1.871,1.778,1.770,0.000,0.500,0.000,1861756,0,0,171262
8295,20.4354,1.826,1.878,1.867,0.000,0.737,0.000,1818465,0,0,171262
8296,20.4371,1.771,3.123,3.112,0.000,0.377,0.000,1763306,0,0,171262
8297,20.4389,1.759,1.869,1.860,0.000,0.290,0.000,1751190,0,0,171262
8298,20.4406,1.786,1.826,1.817,0.000,0.315,0.000,1778541,0,0,171262
8299,20.4424,1.684,1.771,1.762,0.000,0.685,0.000,1676909,0,0,171262
8300,20.4441,1.811,1.759,1.750,0.000,0.666,0.000,1804443,0,0,171262
8301,20.4460,1.684,1.786,1.777,0.000,0.665,0.000,1677093,0,0,171262
8302,20.4477,1.893,1.683,1.676,0.000,0.620,0.000,1885993,0,0,171262
8303,20.4494,1.690,1.812,1.803,0.000,0.663,0.000,1683022,0,0,171262
8304,20.4511,1.667,1.684,1.676,0.000,0.337,0.000,1659966,0,0,171262
8305,20.4530,1.745,1.893,1.885,0.000,0.284,0.000,1738387,0,0,171262
8306,20.4559,1.881,1.690,1.682,0.000,0.339,0.000,1871943,0,0,171262
8307,20.4578,2.977,1.667,1.659,0.000,0.458,0.000,2967761,0,0,171262
8308,20.4595,1.840,1.747,1.737,0.000,0.458,0.000,1830476,0,0,171262
8309,20.4614,1.700,1.881,1.871,0.000,0.486,0.000,1692358,0,0,171262
8310,20.4632,1.911,2.978,2.967,0.000,0.343,0.000,1903493,0,0,171262
8311,20.4649,1.753,1.838,1.829,0.000,0.500,0.000,1745252,0,0,171262
8312,20.4667,1.782,1.699,1.691,0.000,0.676,0.000,1774297,0,0,171358
8313,20.4685,1.772,1.912,1.902,0.000,0.643,0.000,1766479,0,0,171262
8314,20.4703,1.743,1.753,1.744,0.000,0.358,0.000,1735456,0,0,171262
8315,20.4721,1.851,1.781,1.773,0.000,0.661,0.000,1843438,0,0,171262
8316,20.4738,1.749,1.774,1.765,0.000,0.327,0.000,1741637,0,0,171262
8317,20.4758,1.991,1.743,1.734,0.000,0.347,0.000,1983488,0,0,171262
8318,20.4777,1.844,1.851,1.842,0.000,0.329,0.000,1836779,0,0,171262
8319,20.4794,1.775,1.749,1.740,0.000,0.320,0.000,1767726,0,0,171262
8320,20.4833,1.889,1.991,1.982,0.000,0.358,0.000,1881875,0,0,171262
8321,20.4854,3.940,1.844,1.836,0.000,0.286,0.000,3927916,0,0,171262
8322,20.4872,1.908,1.775,1.767,0.000,0.343,0.000,1898237,0,0,171262
8323,20.4891,1.935,1.894,1.881,0.000,0.342,0.000,1926879,0,0,171262
8324,20.4912,2.091,3.937,3.926,0.000,0.296,0.000,2083741,0,0,171262
8325,20.4931,1.915,1.906,1.897,0.000,0.354,0.000,1904656,0,0,171262
8326,20.4950,1.840,1.935,1.926,0.000,0.306,0.000,1832234,0,0,171262
8327,20.4968,1.841,2.094,2.082,0.000,0.591,0.000,1833706,0,0,171262
8328,20.4986,1.801,1.913,1.903,0.000,0.313,0.000,1793625,0,0,171262
8329,20.5004,1.786,1.840,1.831,0.000,0.314,0.000,1778637,0,0,171262
8330,20.5024,1.868,1.841,1.833,0.000,0.330,0.000,1861394,0,0,171262
8331,20.5044,2.081,1.801,1.792,0.000,0.279,0.000,2071695,0,0,171262
8332,20.5062,1.897,1.786,1.777,0.000,0.764,0.000,1887985,0,0,171262
8333,20.5080,1.792,1.870,1.860,0.000,0.744,0.000,1784873,0,0,171262
8334,20.5110,1.815,2.080,2.070,0.000,0.723,0.000,1807476,0,0,171262
8335,20.5130,3.043,1.895,1.887,0.000,0.375,0.000,3035617,0,0,171262
8336,20.5149,1.930,1.792,1.784,0.000,0.298,0.000,1920817,0,0,171262
8337,20.5168,1.897,1.815,1.806,0.000,0.328,0.000,1889135,0,0,171262
8338,20.5187,1.926,3.045,3.034,0.000,0.291,0.000,1918761,0,0,171262
8339,20.5205,1.895,1.928,1.919,0.000,0.392,0.000,1887488,0,0,171262
8340,20.5224,1.746,1.897,1.888,0.000,0.322,0.000,1739133,0,0,171262
8341,20.5242,1.895,1.927,1.918,0.000,0.390,0.000,1886987,0,0,171262
8342,20.5260,1.869,1.895,1.886,0.000,0.715,0.000,1860859,0,0,171358
8343,20.5276,1.648,1.747,1.738,0.000,0.717,0.000,1641237,0,0,171262
8344,20.5293,1.662,1.895,1.886,0.000,0.699,0.000,1655554,0,0,171262
8345,20.5310,1.681,1.868,1.860,0.000,0.543,0.000,1673521,0,0,171262
8346,20.5327,1.701,1.648,1.640,0.000,0.285,0.000,1693631,0,0,171262
8347,20.5344,1.682,1.663,1.654,0.000,0.271,0.000,1674897,0,0,171262
8348,20.5361,1.706,1.681,1.672,0.000,0.270,0.000,1698289,0,0,171262
8349,20.5389,2.736,1.701,1.692,0.000,0.627,0.000,2728750,0,0,171262
8350,20.5406,1.758,1.683,1.674,0.000,0.640,0.000,1750485,0,0,171262
8351,20.5424,1.714,1.705,1.697,0.000,0.641,0.000,1707270,0,0,171262
8352,20.5441,1.784,2.736,2.728,0.000,0.506,0.000,1776930,0,0,171262
8353,20.5458,1.660,1.758,1.749,0.000,0.334,0.000,1652704,0,0,171262
8354,20.5475,1.772,1.714,1.706,0.000,0.671,0.000,1765381,0,0,171262
8355,20.5493,1.658,1.784,1.776,0.000,0.327,0.000,1651300,0,0,171262
8356,20.5513,2.084,1.660,1.652,0.000,0.661,0.000,2076338,0,0,171262
8357,20.5530,1.720,1.772,1.764,0.000,0.506,0.000,1712955,0,0,171262
8358,20.5551,1.715,1.659,1.650,0.000,0.303,0.000,1707546,0,0,171262
8359,20.5572,2.343,2.083,2.075,0.000,0.425,0.000,2336388,0,0,171262
8360,20.5593,2.113,1.720,1.712,0.000,0.690,0.000,2105559,0,0,171262
8361,20.5615,2.073,1.714,1.706,0.000,0.394,0.000,2064057,0,0,171262
8362,20.5636,2.247,2.344,2.335,0.000,0.360,0.000,2239042,0,0,171262
8363,20.5669,3.230,2.114,2.104,0.000,0.311,0.000,3221229,0,0,171262
8364,20.5691,2.314,2.073,2.063,0.000,0.289,0.000,2304374,0,0,171262
8365,20.5712,2.072,2.248,2.238,0.000,0.314,0.000,2062594,0,0,171262
8366,20.5732,2.037,3.231,3.220,0.000,0.658,0.000,2029141,0,0,171262
8367,20.5751,1.953,2.313,2.303,0.000,0.712,0.000,1945134,0,0,171262
8368,20.5774,2.131,2.070,2.061,0.000,0.615,0.000,2124564,0,0,171262
8369,20.5799,2.209,2.037,2.028,0.000,0.307,0.000,2197280,0,0,171262
8370,20.5817,2.179,1.952,1.944,0.000,0.341,0.000,2167822,0,0,171262
8371,20.5834,1.844,2.137,2.124,0.000,0.283,0.000,1836590,0,0,171262
8372,20.5850,1.639,2.208,2.195,0.000,0.665,0.000,1632599,0,0,171358
8373,20.5866,1.615,2.175,2.166,0.000,0.597,0.000,1608801,0,0,171262
8374,20.5883,1.634,1.843,1.835,0.000,0.576,0.000,1628113,0,0,171262
8375,20.5899,1.598,1.639,1.631,0.000,0.631,0.000,1591349,0,0,171262
8376,20.5915,1.591,1.615,1.608,0.000,0.500,0.000,1584426,0,0,171262
8377,20.5941,1.601,1.635,1.627,0.000,0.268,0.000,1594037,0,0,171262
8378,20.5958,2.636,1.597,1.590,0.000,0.315,0.000,2629119,0,0,171262
8379,20.5977,2.044,1.591,1.583,0.000,0.316,0.000,2036996,0,0,171262
8380,20.5999,1.812,1.600,1.593,0.000,0.311,0.000,1805755,0,0,171262
8381,20.6016,1.882,2.636,2.628,0.000,0.254,0.000,1871917,0,0,171262
8382,20.6032,1.714,2.043,2.036,0.000,0.246,0.000,1708279,0,0,171262
8383,20.6051,1.916,1.817,1.805,0.000,0.243,0.000,1909164,0,0,171262
8384,20.6068,1.698,1.877,1.869,0.000,0.235,0.000,1688012,0,0,171262
8385,20.6084,1.603,1.715,1.707,0.000,0.243,0.000,1595787,0,0,171262
8386,20.6100,1.645,1.920,1.908,0.000,0.609,0.000,1638649,0,0,171262
8387,20.6117,1.624,1.694,1.686,0.000,0.660,0.000,1617489,0,0,171262
8388,20.6135,1.861,1.602,1.595,0.000,0.273,0.000,1853982,0,0,171262
8389,20.6151,1.584,1.645,1.638,0.000,0.323,0.000,1577744,0,0,171262
8390,20.6169,1.670,1.624,1.616,0.000,0.352,0.000,1663893,0,0,171262
8391,20.6218,1.815,1.860,1.853,0.000,0.281,0.000,1805564,0,0,171262
8392,20.6242,5.112,1.584,1.577,0.000,0.294,0.000,5105170,0,0,171262
8393,20.6270,3.083,1.674,1.663,0.000,0.273,0.000,3074857,0,0,171262
8394,20.6288,1.891,1.812,1.804,0.000,0.341,0.000,1882308,0,0,171262
8395,20.6305,1.789,5.114,5.104,0.000,0.260,0.000,1781875,0,0,171262
8396,20.6322,1.716,3.084,3.073,0.000,0.249,0.000,1708751,0,0,171262
8397,20.6339,1.696,1.889,1.880,0.000,0.287,0.000,1688756,0,0,171262
8398,20.6355,1.672,1.789,1.781,0.000,0.289,0.000,1665428,0,0,171262
8399,20.6373,1.750,1.716,1.708,0.000,0.417,0.000,1742762,0,0,171262
8400,20.6389,1.600,1.695,1.687,0.000,0.442,0.000,1593559,0,0,171262
8401,20.6406,1.669,1.673,1.664,0.000,0.350,0.000,1662518,0,0,190353
8402,20.6423,1.623,1.749,1.742,0.000,0.588,0.000,1616496,0,0,171358
8403,20.6439,1.727,1.600,1.593,0.000,0.541,0.000,1721055,0,0,171262
8404,20.6456,1.707,1.669,1.661,0.000,0.348,0.000,1699422,0,0,171262
8405,20.6472,1.654,1.623,1.616,0.000,0.311,0.000,1647017,0,0,171262
8406,20.6498,1.604,1.728,1.720,0.000,0.284,0.000,1597226,0,0,171262
8407,20.6515,2.610,1.706,1.698,0.000,0.255,0.000,2603422,0,0,171262
8408,20.6532,1.744,1.654,1.646,0.000,0.245,0.000,1736582,0,0,171262
8409,20.6548,1.640,1.604,1.596,0.000,0.269,0.000,1632289,0,0,171262
8410,20.6565,1.730,2.611,2.602,0.000,0.249,0.000,1722454,0,0,171262
8411,20.6581,1.569,1.744,1.735,0.000,0.235,0.000,1562371,0,0,171262
8412,20.6598,1.612,1.639,1.631,0.000,0.245,0.000,1604831,0,0,171262
8413,20.6617,1.689,1.730,1.721,0.000,0.291,0.000,1682270,0,0,171262
8414,20.6635,1.982,1.569,1.561,0.000,0.478,0.000,1974956,0,0,171262
8415,20.6651,1.687,1.611,1.604,0.000,0.642,0.000,1679814,0,0,171262
8416,20.6668,1.665,1.690,1.681,0.000,0.305,0.000,1658162,0,0,171262
8417,20.6686,1.695,1.982,1.974,0.000,0.609,0.000,1688398,0,0,171262
8418,20.6703,1.785,1.686,1.678,0.000,0.533,0.000,1777714,0,0,171262
8419,20.6721,1.779,1.665,1.657,0.000,0.662,0.000,1772020,0,0,171262
8420,20.6748,1.753,1.695,1.687,0.000,0.638,0.000,1746592,0,0,171262
8421,20.6770,2.807,1.784,1.776,0.000,0.333,0.000,2800125,0,0,171262
8422,20.6788,2.151,1.779,1.771,0.000,0.513,0.000,2143416,0,0,171262
8423,20.6805,1.726,1.754,1.745,0.000,0.457,0.000,1718907,0,0,171262
8424,20.6824,1.673,2.808,2.799,0.000,0.648,0.000,1666319,0,0,171262
8425,20.6841,1.876,2.150,2.142,0.000,0.341,0.000,1869153,0,0,171262
8426,20.6859,1.819,1.725,1.718,0.000,0.436,0.000,1811442,0,0,171262
8427,20.6875,1.685,1.674,1.665,0.000,0.640,0.000,1677654,0,0,171822
8428,20.6891,1.615,1.876,1.868,0.000,0.279,0.000,1608333,0,0,171878
8429,20.6907,1.588,1.820,1.810,0.000,0.299,0.000,1581834,0,0,171318
8430,20.6923,1.547,1.684,1.676,0.000,0.267,0.000,1541142,0,0,171262
8431,20.6939,1.597,1.615,1.607,0.000,0.249,0.000,1591101,0,0,171262
8432,20.6955,1.648,1.588,1.581,0.000,0.267,0.000,1641321,0,0,171358
8433,20.6976,1.941,1.548,1.540,0.000,0.258,0.000,1934602,0,0,171262
8434,20.7001,1.702,1.597,1.590,0.000,0.286,0.000,1690877,0,0,171262
8435,20.7019,2.585,1.648,1.640,0.000,0.334,0.000,2578018,0,0,171262
8436,20.7035,1.758,1.945,1.933,0.000,0.274,0.000,1751953,0,0,171262
8437,20.7051,1.568,1.697,1.689,0.000,0.619,0.000,1561732,0,0,171262
8438,20.7066,1.574,2.585,2.577,0.000,0.596,0.000,1567696,0,0,171262
8439,20.7081,1.532,1.758,1.751,0.000,0.589,0.000,1525929,0,0,171262
8440,20.7097,1.526,1.568,1.561,0.000,0.597,0.000,1519135,0,0,171262
8441,20.7115,1.637,1.574,1.567,0.000,0.520,0.000,1630406,0,0,171262
8442,20.7133,1.882,1.532,1.525,0.000,0.426,0.000,1875623,0,0,171262
8443,20.7149,1.641,1.526,1.518,0.000,0.256,0.000,1634812,0,0,171262
8444,20.7166,1.759,1.637,1.629,0.000,0.311,0.000,1752482,0,0,171262
8445,20.7182,1.602,1.882,1.874,0.000,0.299,0.000,1596111,0,0,171262
8446,20.7198,1.563,1.641,1.634,0.000,0.306,0.000,1556717,0,0,171262
8447,20.7215,1.611,1.759,1.751,0.000,0.244,0.000,1604460,0,0,171262
8448,20.7241,1.695,1.602,1.595,0.000,0.241,0.000,1688081,0,0,171262
8449,20.7257,2.606,1.564,1.556,0.000,0.338,0.000,2599220,0,0,171262
8450,20.7273,1.599,1.611,1.603,0.000,0.252,0.000,1592174,0,0,171262
8451,20.7288,1.570,1.695,1.687,0.000,0.270,0.000,1563836,0,0,171262
8452,20.7303,1.510,2.606,2.598,0.000,0.247,0.000,1503562,0,0,171262
8453,20.7318,1.500,1.598,1.591,0.000,0.237,0.000,1494138,0,0,171262
8454,20.7334,1.518,1.570,1.563,0.000,0.227,0.000,1512171,0,0,171262
8455,20.7349,1.570,1.510,1.503,0.000,0.220,0.000,1563621,0,0,171262
8456,20.7365,1.552,1.500,1.493,0.000,0.261,0.000,1545386,0,0,171262
8457,20.7382,1.630,1.518,1.511,0.000,0.319,0.000,1624283,0,0,171262
8458,20.7399,1.764,1.570,1.563,0.000,0.266,0.000,1757268,0,0,171262
8459,20.7417,1.675,1.551,1.544,0.000,0.276,0.000,1668066,0,0,171262
8460,20.7434,1.770,1.631,1.623,0.000,0.671,0.000,1763174,0,0,171262
8461,20.7451,1.646,1.764,1.756,0.000,0.653,0.000,1639555,0,0,171262
8462,20.7477,1.658,1.674,1.667,0.000,0.622,0.000,1651439,0,0,171358
8463,20.7494,2.697,1.770,1.762,0.000,0.381,0.000,2690401,0,0,171262
8464,20.7510,1.674,1.646,1.638,0.000,0.277,0.000,1666332,0,0,171262
8465,20.7526,1.588,1.658,1.650,0.000,0.283,0.000,1581425,0,0,171262
8466,20.7542,1.586,2.698,2.689,0.000,0.265,0.000,1579518,0,0,171262
8467,20.7558,1.575,1.673,1.665,0.000,0.614,0.000,1568691,0,0,171262
8468,20.7574,1.653,1.588,1.580,0.000,0.656,0.000,1646544,0,0,171262
8469,20.7591,1.660,1.586,1.579,0.000,0.326,0.000,1653358,0,0,171262
8470,20.7608,1.667,1.575,1.568,0.000,0.609,0.000,1660017,0,0,171262
8471,20.7625,1.613,1.653,1.645,0.000,0.340,0.000,1605956,0,0,171262
8472,20.7641,1.732,1.661,1.652,0.000,0.284,0.000,1724990,0,0,171262
8473,20.7658,1.622,1.667,1.659,0.000,0.659,0.000,1615031,0,0,171262
8474,20.7674,1.663,1.613,1.605,0.000,0.631,0.000,1656510,0,0,171262
8475,20.7691,1.657,1.732,1.724,0.000,0.367,0.000,1650053,0,0,171262
8476,20.7718,1.635,1.622,1.614,0.000,0.305,0.000,1628395,0,0,171262
8477,20.7736,2.854,1.663,1.655,0.000,0.421,0.000,2847223,0,0,171262
8478,20.7753,1.711,1.657,1.649,0.000,0.617,0.000,1702711,0,0,171262
8479,20.7771,1.661,1.635,1.627,0.000,0.384,0.000,1654046,0,0,171262
8480,20.7789,1.946,2.855,2.846,0.000,0.307,0.000,1939265,0,0,171262
8481,20.7807,1.764,1.710,1.701,0.000,0.503,0.000,1756750,0,0,171262
8482,20.7828,1.853,1.661,1.653,0.000,0.310,0.000,1845744,0,0,171262
8483,20.7850,2.192,1.947,1.938,0.000,0.380,0.000,2183434,0,0,171262
8484,20.7868,2.024,1.764,1.755,0.000,0.382,0.000,2012369,0,0,171262
8485,20.7887,1.838,1.854,1.845,0.000,0.322,0.000,1830768,0,0,171262
8486,20.7905,1.821,2.196,2.182,0.000,0.390,0.000,1813652,0,0,171262
8487,20.7922,1.798,2.019,2.010,0.000,0.341,0.000,1790600,0,0,171262
8488,20.7940,1.708,1.839,1.829,0.000,0.652,0.000,1700663,0,0,171262
8489,20.7958,1.804,1.821,1.812,0.000,0.338,0.000,1797432,0,0,171262
8490,20.7987,2.878,1.798,1.789,0.000,0.628,0.000,2872465,0,0,171262
8491,20.8005,1.862,1.707,1.699,0.000,0.632,0.000,1851179,0,0,171262
8492,20.8023,1.730,1.804,1.796,0.000,0.533,0.000,1722012,0,0,171358
8493,20.8039,1.783,2.883,2.871,0.000,0.670,0.000,1776436,0,0,171262
8494,20.8055,1.593,1.858,1.849,0.000,0.629,0.000,1586322,0,0,171262
8495,20.8070,1.541,1.729,1.721,0.000,0.647,0.000,1534036,0,0,171262
8496,20.8086,1.537,1.783,1.775,0.000,0.592,0.000,1530917,0,0,171262
8497,20.8101,1.550,1.593,1.585,0.000,0.574,0.000,1543833,0,0,171262
8498,20.8117,1.622,1.541,1.533,0.000,0.474,0.000,1614932,0,0,171262
8499,20.8133,1.574,1.537,1.530,0.000,0.285,0.000,1568027,0,0,171262
8500,20.8150,1.625,1.551,1.543,0.000,0.284,0.000,1618531,0,0,171262
8501,20.8165,1.604,1.621,1.614,0.000,0.624,0.000,1597314,0,0,171262
8502,20.8181,1.545,1.575,1.567,0.000,0.307,0.000,1538728,0,0,171262
8503,20.8198,1.695,1.625,1.617,0.000,0.645,0.000,1688864,0,0,171262
8504,20.8227,2.688,1.604,1.596,0.000,0.604,0.000,2682134,0,0,171262
8505,20.8243,1.791,1.545,1.538,0.000,0.317,0.000,1783978,0,0,171262
8506,20.8259,1.614,1.695,1.688,0.000,0.320,0.000,1607970,0,0,171262
8507,20.8275,1.575,2.689,2.681,0.000,0.253,0.000,1568409,0,0,171262
8508,20.8293,1.665,1.790,1.783,0.000,0.335,0.000,1658766,0,0,171262
8509,20.8310,1.790,1.615,1.607,0.000,0.285,0.000,1783357,0,0,171262
8510,20.8327,1.705,1.575,1.567,0.000,0.612,0.000,1698934,0,0,171262
8511,20.8342,1.614,1.665,1.658,0.000,0.333,0.000,1607262,0,0,171262
8512,20.8358,1.550,1.790,1.782,0.000,0.320,0.000,1543152,0,0,171262
8513,20.8376,1.680,1.706,1.698,0.000,0.245,0.000,1673872,0,0,171262
8514,20.8396,2.007,1.614,1.606,0.000,0.243,0.000,2000415,0,0,171262
8515,20.8414,1.770,1.550,1.542,0.000,0.260,0.000,1762933,0,0,171262
8516,20.8431,1.820,1.680,1.673,0.000,0.348,0.000,1812518,0,0,171262
8517,20.8448,1.700,2.007,1.999,0.000,0.315,0.000,1693187,0,0,171262
8518,20.8478,2.844,1.770,1.762,0.000,0.278,0.000,2837234,0,0,171262
8519,20.8495,1.781,1.819,1.811,0.000,0.295,0.000,1772240,0,0,171262
8520,20.8511,1.684,1.700,1.692,0.000,0.276,0.000,1677236,0,0,171262
8521,20.8529,1.771,2.846,2.836,0.000,0.277,0.000,1764005,0,0,190353
8522,20.8546,1.695,1.779,1.771,0.000,0.581,0.000,1688223,0,0,171358
8523,20.8563,1.690,1.684,1.676,0.000,0.570,0.000,1682514,0,0,171262
8524,20.8579,1.639,1.771,1.763,0.000,0.340,0.000,1632242,0,0,171262
8525,20.8595,1.600,1.695,1.687,0.000,0.281,0.000,1592949,0,0,171262
8526,20.8613,1.673,1.689,1.681,0.000,0.266,0.000,1666706,0,0,171262
8527,20.8633,1.920,1.639,1.631,0.000,0.250,0.000,1911047,0,0,171262
8528,20.8650,1.867,1.600,1.592,0.000,0.427,0.000,1858211,0,0,171262
8529,20.8665,1.606,1.676,1.665,0.000,0.451,0.000,1599046,0,0,171262
8530,20.8681,1.575,1.920,1.910,0.000,0.258,0.000,1568129,0,0,171262
8531,20.8706,1.557,1.864,1.857,0.000,0.332,0.000,1551191,0,0,171262
8532,20.8724,2.641,1.606,1.598,0.000,0.301,0.000,2634471,0,0,171262
8533,20.8742,1.814,1.574,1.567,0.000,0.278,0.000,1807190,0,0,171262
8534,20.8758,1.650,1.558,1.550,0.000,0.314,0.000,1639563,0,0,171262
8535,20.8776,1.585,2.641,2.633,0.000,0.594,0.000,1578233,0,0,171262
8536,20.8793,1.831,1.818,1.806,0.000,0.304,0.000,1823849,0,0,171262
8537,20.8811,1.762,1.646,1.638,0.000,0.263,0.000,1755892,0,0,171262
8538,20.8827,1.786,1.585,1.577,0.000,0.308,0.000,1778788,0,0,171262
8539,20.8843,1.593,1.830,1.823,0.000,0.600,0.000,1586330,0,0,171262
8540,20.8860,1.617,1.763,1.755,0.000,0.311,0.000,1610227,0,0,171262
8541,20.8876,1.684,1.786,1.778,0.000,0.521,0.000,1677632,0,0,171262
8542,20.8892,1.599,1.593,1.585,0.000,0.261,0.000,1592698,0,0,171262
8543,20.8908,1.565,1.617,1.609,0.000,0.275,0.000,1558120,0,0,171262
8544,20.8923,1.530,1.684,1.676,0.000,0.310,0.000,1523197,0,0,171262
8545,20.8949,1.550,1.599,1.592,0.000,0.284,0.000,1543580,0,0,171262
8546,20.8966,2.704,1.565,1.557,0.000,0.273,0.000,2697422,0,0,171262
8547,20.8982,1.621,1.529,1.522,0.000,0.285,0.000,1613927,0,0,171262
8548,20.8997,1.530,1.550,1.543,0.000,0.271,0.000,1523791,0,0,171262
8549,20.9014,1.553,2.705,2.696,0.000,0.319,0.000,1546766,0,0,171262
8550,20.9030,1.726,1.620,1.613,0.000,0.253,0.000,1718933,0,0,171262
8551,20.9046,1.554,1.530,1.523,0.000,0.256,0.000,1547291,0,0,171262
8552,20.9061,1.568,1.554,1.546,0.000,0.252,0.000,1561848,0,0,171358
8553,20.9076,1.517,1.726,1.718,0.000,0.251,0.000,1511357,0,0,171262
8554,20.9092,1.535,1.554,1.546,0.000,0.238,0.000,1529026,0,0,171262
8555,20.9108,1.563,1.568,1.561,0.000,0.238,0.000,1556682,0,0,171262
8556,20.9124,1.609,1.518,1.510,0.000,0.227,0.000,1602073,0,0,171262
8557,20.9140,1.620,1.535,1.528,0.000,0.596,0.000,1614136,0,0,171262
8558,20.9156,1.615,1.563,1.556,0.000,0.651,0.000,1608154,0,0,171262
8559,20.9182,1.566,1.609,1.601,0.000,0.366,0.000,1559283,0,0,171262
8560,20.9199,2.721,1.621,1.613,0.000,0.290,0.000,2714475,0,0,171262
8561,20.9217,1.638,1.614,1.607,0.000,0.288,0.000,1630748,0,0,171262
8562,20.9233,1.795,1.566,1.558,0.000,0.353,0.000,1788427,0,0,171262
8563,20.9249,1.605,2.722,2.713,0.000,0.311,0.000,1597993,0,0,171262
8564,20.9264,1.516,1.637,1.630,0.000,0.275,0.000,1510028,0,0,171262
8565,20.9279,1.525,1.795,1.787,0.000,0.253,0.000,1518925,0,0,171262
8566,20.9295,1.516,1.604,1.597,0.000,0.243,0.000,1509349,0,0,171262
8567,20.9311,1.594,1.516,1.509,0.000,0.226,0.000,1587658,0,0,171262
8568,20.9327,1.596,1.525,1.518,0.000,0.617,0.000,1590123,0,0,171262
8569,20.9343,1.592,1.516,1.508,0.000,0.606,0.000,1585241,0,0,171262
8570,20.9359,1.667,1.594,1.587,0.000,0.510,0.000,1660417,0,0,171262
8571,20.9376,1.639,1.597,1.589,0.000,0.479,0.000,1632086,0,0,171262
8572,20.9394,1.735,1.592,1.584,0.000,0.325,0.000,1727717,0,0,171262
8573,20.9424,1.721,1.667,1.659,0.000,0.327,0.000,1713579,0,0,171262
8574,20.9445,3.299,1.639,1.631,0.000,0.477,0.000,3291922,0,0,171262
8575,20.9464,1.931,1.735,1.727,0.000,0.357,0.000,1921478,0,0,171262
8576,20.9482,1.856,1.721,1.713,0.000,0.400,0.000,1848251,0,0,171262
8577,20.9500,1.767,3.302,3.291,0.000,0.319,0.000,1758965,0,0,171262
8578,20.9517,1.793,1.929,1.920,0.000,0.758,0.000,1785611,0,0,171262
8579,20.9533,1.659,1.856,1.847,0.000,0.361,0.000,1651449,0,0,171262
8580,20.9550,1.636,1.766,1.757,0.000,0.330,0.000,1629476,0,0,171262
8581,20.9566,1.622,1.793,1.784,0.000,0.289,0.000,1615505,0,0,171262
8582,20.9582,1.628,1.658,1.650,0.000,0.628,0.000,1621169,0,0,171358
8583,20.9598,1.609,1.636,1.628,0.000,0.633,0.000,1602281,0,0,171262
8584,20.9615,1.564,1.622,1.614,0.000,0.358,0.000,1557226,0,0,171262
8585,20.9632,1.736,1.628,1.620,0.000,0.320,0.000,1729693,0,0,171262
8586,20.9648,1.680,1.609,1.601,0.000,0.260,0.000,1672678,0,0,171262
8587,20.9675,1.628,1.564,1.556,0.000,0.317,0.000,1621636,0,0,171262
8588,20.9693,2.769,1.737,1.729,0.000,0.262,0.000,2762026,0,0,171262
8589,20.9709,1.717,1.680,1.672,0.000,0.259,0.000,1707180,0,0,171262
8590,20.9730,1.732,1.629,1.621,0.000,0.342,0.000,1724979,0,0,171262
8591,20.9747,2.017,2.771,2.761,0.000,0.296,0.000,2006553,0,0,171262
8592,20.9763,1.653,1.714,1.706,0.000,0.273,0.000,1645454,0,0,171262
8593,20.9780,1.672,1.736,1.724,0.000,0.351,0.000,1665228,0,0,171262
8594,20.9796,1.620,2.012,2.004,0.000,0.309,0.000,1613247,0,0,171262
8595,20.9812,1.537,1.652,1.644,0.000,0.300,0.000,1530012,0,0,171262
8596,20.9828,1.655,1.672,1.664,0.000,0.641,0.000,1648445,0,0,171262
8597,20.9844,1.560,1.620,1.612,0.000,0.611,0.000,1553968,0,0,171262
8598,20.9861,1.652,1.537,1.529,0.000,0.487,0.000,1645649,0,0,171262
8599,20.9879,1.788,1.655,1.647,0.000,0.327,0.000,1780981,0,0,171262
8600,20.9896,1.733,1.560,1.553,0.000,0.322,0.000,1724935,0,0,171822
8601,20.9922,1.656,1.653,1.645,0.000,0.418,0.000,1647291,0,0,171318
8602,20.9939,2.727,1.789,1.780,0.000,0.393,0.000,2721111,0,0,171262
8603,20.9956,1.646,1.733,1.723,0.000,0.566,0.000,1638712,0,0,171262
8604,20.9971,1.588,1.654,1.646,0.000,0.657,0.000,1581215,0,0,171262
8605,20.9987,1.563,2.728,2.720,0.000,0.428,0.000,1556192,0,0,171262
8606,21.0002,1.493,1.646,1.638,0.000,0.335,0.000,1486459,0,0,171262
8607,21.0019,1.541,1.588,1.580,0.000,0.570,0.000,1534267,0,0,171262
8608,21.0034,1.699,1.563,1.555,0.000,0.575,0.000,1692178,0,0,171262
8609,21.0050,1.554,1.493,1.485,0.000,0.327,0.000,1546947,0,0,171262
8610,21.0066,1.595,1.541,1.533,0.000,0.577,0.000,1588948,0,0,171262
8611,21.0082,1.560,1.699,1.691,0.000,0.488,0.000,1553382,0,0,171262
8612,21.0097,1.578,1.553,1.546,0.000,0.600,0.000,1571743,0,0,171358
8613,21.0112,1.522,1.595,1.588,0.000,0.601,0.000,1515438,0,0,171262
8614,21.0130,1.653,1.559,1.552,0.000,0.607,0.000,1646550,0,0,171262
8615,21.0147,1.711,1.578,1.571,0.000,0.338,0.000,1704915,0,0,171262
8616,21.0175,2.771,1.522,1.514,0.000,0.337,0.000,2764890,0,0,171262
8617,21.0191,1.692,1.653,1.645,0.000,0.328,0.000,1684232,0,0,171262
8618,21.0207,1.647,1.712,1.704,0.000,0.306,0.000,1640518,0,0,171262
8619,21.0224,1.580,2.772,2.764,0.000,0.273,0.000,1572929,0,0,171262
8620,21.0240,1.723,1.691,1.683,0.000,0.254,0.000,1716175,0,0,171262
8621,21.0256,1.566,1.647,1.639,0.000,0.264,0.000,1559184,0,0,171262
8622,21.0271,1.579,1.580,1.572,0.000,0.243,0.000,1572026,0,0,171262
8623,21.0287,1.520,1.723,1.715,0.000,0.273,0.000,1513597,0,0,171262
8624,21.0302,1.539,1.566,1.558,0.000,0.262,0.000,1533126,0,0,171262
8625,21.0318,1.561,1.578,1.571,0.000,0.247,0.000,1554538,0,0,171262
8626,21.0333,1.527,1.520,1.513,0.000,0.341,0.000,1521327,0,0,171262
8627,21.0348,1.538,1.540,1.532,0.000,0.236,0.000,1531404,0,0,171262
8628,21.0364,1.541,1.560,1.553,0.000,0.251,0.000,1534688,0,0,171262
8629,21.0379,1.563,1.528,1.520,0.000,0.230,0.000,1556412,0,0,171262
8630,21.0408,2.723,1.538,1.530,0.000,0.225,0.000,2717041,0,0,171262
8631,21.0427,1.802,1.541,1.533,0.000,0.231,0.000,1793762,0,0,171262
8632,21.0444,1.819,1.562,1.555,0.000,0.342,0.000,1810782,0,0,171262
8633,21.0462,1.784,2.726,2.716,0.000,0.343,0.000,1776550,0,0,171262
8634,21.0480,1.806,1.801,1.792,0.000,0.346,0.000,1798393,0,0,171262
8635,21.0498,1.794,1.818,1.810,0.000,0.328,0.000,1787289,0,0,171262
8636,21.0515,1.734,1.784,1.775,0.000,0.333,0.000,1723976,0,0,171262
8637,21.0532,1.735,1.805,1.797,0.000,0.450,0.000,1727995,0,0,171262
8638,21.0550,1.757,1.797,1.786,0.000,0.324,0.000,1750067,0,0,171262
8639,21.0568,1.767,1.730,1.723,0.000,0.330,0.000,1759234,0,0,171262
8640,21.0585,1.734,1.735,1.727,0.000,0.301,0.000,1726640,0,0,171262
8641,21.0603,1.778,1.757,1.749,0.000,0.307,0.000,1770932,0,0,190353
8642,21.0621,1.776,1.767,1.758,0.000,0.285,0.000,1768200,0,0,171358
8643,21.0639,1.815,1.734,1.725,0.000,0.369,0.000,1808423,0,0,171262
8644,21.0668,2.865,1.779,1.770,0.000,0.305,0.000,2857447,0,0,171262
8645,21.0686,1.863,1.775,1.767,0.000,0.310,0.000,1855119,0,0,171262
8646,21.0704,1.745,1.816,1.807,0.000,0.334,0.000,1737560,0,0,171262
8647,21.0721,1.791,2.866,2.856,0.000,0.289,0.000,1783342,0,0,171262
8648,21.0739,1.723,1.862,1.854,0.000,0.269,0.000,1715929,0,0,171262
8649,21.0757,1.767,1.745,1.736,0.000,0.647,0.000,1760429,0,0,171262
8650,21.0774,1.754,1.790,1.782,0.000,0.347,0.000,1747468,0,0,171262
8651,21.0790,1.720,1.723,1.715,0.000,0.293,0.000,1713498,0,0,171262
8652,21.0806,1.610,1.767,1.759,0.000,0.305,0.000,1603059,0,0,171262
8653,21.0823,1.589,1.754,1.746,0.000,0.265,0.000,1582446,0,0,171262
8654,21.0839,1.720,1.721,1.712,0.000,0.281,0.000,1713237,0,0,171262
8655,21.0854,1.549,1.609,1.602,0.000,0.253,0.000,1541460,0,0,171262
8656,21.0870,1.538,1.589,1.581,0.000,0.369,0.000,1531984,0,0,171262
8657,21.0886,1.539,1.720,1.712,0.000,0.246,0.000,1533094,0,0,171262
8658,21.0911,1.599,1.547,1.540,0.000,0.270,0.000,1591926,0,0,171262
8659,21.0928,2.630,1.538,1.531,0.000,0.367,0.000,2623129,0,0,171262
8660,21.0944,1.590,1.540,1.532,0.000,0.667,0.000,1583526,0,0,171262
8661,21.0959,1.551,1.599,1.591,0.000,0.617,0.000,1544238,0,0,171262
8662,21.0974,1.537,2.630,2.622,0.000,0.338,0.000,1530598,0,0,171262
8663,21.0990,1.548,1.590,1.582,0.000,0.258,0.000,1541735,0,0,171262
8664,21.1005,1.524,1.550,1.543,0.000,0.652,0.000,1517703,0,0,171262
8665,21.1023,1.533,1.537,1.530,0.000,0.301,0.000,1526343,0,0,171262
8666,21.1039,1.856,1.548,1.541,0.000,0.286,0.000,1849406,0,0,171262
8667,21.1055,1.624,1.524,1.517,0.000,0.404,0.000,1616811,0,0,171262
8668,21.1071,1.556,1.533,1.525,0.000,0.636,0.000,1549184,0,0,171262
8669,21.1086,1.564,1.856,1.848,0.000,0.332,0.000,1557971,0,0,171262
8670,21.1102,1.552,1.623,1.616,0.000,0.255,0.000,1545658,0,0,171262
8671,21.1118,1.543,1.555,1.548,0.000,0.278,0.000,1536267,0,0,171262
8672,21.1165,1.568,1.564,1.557,0.000,0.254,0.000,1561069,0,0,171358
8673,21.1197,5.037,1.552,1.545,0.000,0.241,0.000,5030454,0,0,171262
8674,21.1216,3.121,1.543,1.535,0.000,0.317,0.000,3112635,0,0,1082314
8675,21.1232,1.759,1.568,1.560,0.000,0.647,0.000,1751385,0,0,171262
8676,21.1247,1.534,5.039,5.029,0.000,0.336,0.000,1526755,0,0,171262
8677,21.1264,1.588,3.120,3.111,0.000,0.624,0.000,1581988,0,0,171262
8678,21.1282,1.707,1.758,1.750,0.000,0.567,0.000,1698452,0,0,171262
8679,21.1299,1.722,1.533,1.526,0.000,0.451,0.000,1714170,0,0,171262
8680,21.1314,1.682,1.590,1.581,0.000,0.414,0.000,1674711,0,0,171262
8681,21.1330,1.517,1.707,1.697,0.000,0.411,0.000,1508855,0,0,171262
8682,21.1354,1.560,1.722,1.713,0.000,0.582,0.000,1553402,0,0,171262
8683,21.1370,2.489,1.683,1.673,0.000,0.590,0.000,2482654,0,0,171262
8684,21.1386,1.582,1.515,1.508,0.000,0.631,0.000,1575604,0,0,171262
8685,21.1401,1.545,1.560,1.552,0.000,0.629,0.000,1538315,0,0,171262
8686,21.1418,1.530,2.489,2.482,0.000,0.374,0.000,1523216,0,0,171262
8687,21.1434,1.713,1.582,1.575,0.000,0.252,0.000,1706681,0,0,171262
8688,21.1451,1.632,1.544,1.537,0.000,0.247,0.000,1624891,0,0,171262
8689,21.1467,1.629,1.530,1.522,0.000,0.349,0.000,1622416,0,0,171262
8690,21.1483,1.609,1.714,1.706,0.000,0.285,0.000,1602035,0,0,171262
8691,21.1498,1.539,1.632,1.624,0.000,0.352,0.000,1532924,0,0,171262
8692,21.1513,1.516,1.629,1.621,0.000,0.296,0.000,1509364,0,0,171262
8693,21.1528,1.506,1.608,1.601,0.000,0.279,0.000,1499602,0,0,171262
8694,21.1544,1.546,1.539,1.532,0.000,0.285,0.000,1539410,0,0,171262
8695,21.1560,1.587,1.516,1.508,0.000,0.265,0.000,1580849,0,0,171262
8696,21.1585,1.552,1.506,1.499,0.000,0.315,0.000,1545519,0,0,171262
8697,21.1601,2.560,1.546,1.538,0.000,0.268,0.000,2553456,0,0,171262
8698,21.1618,1.663,1.587,1.580,0.000,0.272,0.000,1655868,0,0,171262
8699,21.1634,1.672,1.552,1.544,0.000,0.295,0.000,1665989,0,0,171262
8700,21.1650,1.611,2.560,2.552,0.000,0.278,0.000,1604405,0,0,171262
8701,21.1666,1.536,1.662,1.655,0.000,0.340,0.000,1529648,0,0,171262
8702,21.1681,1.546,1.673,1.665,0.000,0.333,0.000,1539333,0,0,171358
8703,21.1697,1.569,1.611,1.603,0.000,0.278,0.000,1562171,0,0,171262
8704,21.1721,1.877,1.536,1.528,0.000,0.255,0.000,1870522,0,0,171262
8705,21.1737,2.154,1.546,1.538,0.000,0.278,0.000,2143927,0,0,171262
8706,21.1753,1.590,1.569,1.561,0.000,0.345,0.000,1582689,0,0,171262
8707,21.1774,1.671,1.881,1.869,0.000,0.263,0.000,1664830,0,0,171262
8708,21.1791,2.121,2.151,2.142,0.000,0.242,0.000,2111384,0,0,171262
8709,21.1806,1.538,1.589,1.582,0.000,0.258,0.000,1532084,0,0,171262
8710,21.1833,1.528,1.676,1.664,0.000,0.250,0.000,1521276,0,0,171262
8711,21.1852,2.922,2.116,2.109,0.000,0.309,0.000,2915655,0,0,171262
8712,21.1871,1.876,1.538,1.531,0.000,0.247,0.000,1866722,0,0,171262
8713,21.1889,1.819,1.528,1.520,0.000,0.364,0.000,1811256,0,0,171262
8714,21.1909,2.038,2.924,2.914,0.000,0.328,0.000,2030259,0,0,171262
8715,21.1927,1.802,1.874,1.866,0.000,0.426,0.000,1794687,0,0,171262
8716,21.1946,1.830,1.819,1.810,0.000,0.374,0.000,1822213,0,0,171262
8717,21.1966,1.985,2.038,2.029,0.000,0.368,0.000,1977625,0,0,171262
8718,21.1985,1.938,1.802,1.794,0.000,0.420,0.000,1930255,0,0,171262
8719,21.2004,1.844,1.830,1.821,0.000,0.366,0.000,1835259,0,0,171262
8720,21.2022,1.802,1.985,1.976,0.000,0.572,0.000,1793990,0,0,171262
8721,21.2041,1.902,1.939,1.929,0.000,0.313,0.000,1893682,0,0,171262
8722,21.2059,1.803,1.844,1.834,0.000,0.276,0.000,1794563,0,0,171262
8723,21.2078,1.908,1.802,1.792,0.000,0.275,0.000,1900411,0,0,171262
8724,21.2106,1.797,1.902,1.892,0.000,0.265,0.000,1787978,0,0,171822
8725,21.2128,3.027,1.802,1.793,0.000,0.747,0.000,3019192,0,0,171318
8726,21.2147,2.015,1.909,1.899,0.000,0.724,0.000,2007353,0,0,171262
8727,21.2166,1.962,1.795,1.786,0.000,0.766,0.000,1954259,0,0,171262
8728,21.2184,1.864,3.026,3.018,0.000,0.426,0.000,1855452,0,0,171262
8729,21.2202,1.808,2.015,2.006,0.000,0.372,0.000,1801083,0,0,171262
8730,21.2220,1.740,1.963,1.953,0.000,0.593,0.000,1732791,0,0,171262
8731,21.2237,1.803,1.863,1.854,0.000,0.300,0.000,1795720,0,0,171262
8732,21.2254,1.694,1.808,1.800,0.000,0.262,0.000,1685616,0,0,171358
8733,21.2271,1.676,1.740,1.732,0.000,0.375,0.000,1668704,0,0,171262
8734,21.2287,1.644,1.804,1.794,0.000,0.670,0.000,1636908,0,0,171262
8735,21.2303,1.587,1.693,1.684,0.000,0.268,0.000,1580406,0,0,171262
8736,21.2319,1.650,1.676,1.667,0.000,0.244,0.000,1643130,0,0,171262
8737,21.2336,1.657,1.644,1.636,0.000,0.342,0.000,1650036,0,0,171262
8738,21.2363,1.695,1.587,1.579,0.000,0.650,0.000,1688753,0,0,171262
8739,21.2382,2.831,1.650,1.642,0.000,0.485,0.000,2823885,0,0,171262
8740,21.2399,1.775,1.657,1.649,0.000,0.336,0.000,1767389,0,0,171262
8741,21.2417,1.706,1.696,1.687,0.000,0.346,0.000,1699001,0,0,171262
8742,21.2433,1.734,2.832,2.823,0.000,0.334,0.000,1727954,0,0,171262
8743,21.2450,1.640,1.774,1.766,0.000,0.362,0.000,1633123,0,0,171262
8744,21.2466,1.654,1.705,1.698,0.000,0.640,0.000,1647690,0,0,171262
8745,21.2483,1.631,1.735,1.727,0.000,0.632,0.000,1623729,0,0,171262
8746,21.2500,1.744,1.640,1.632,0.000,0.360,0.000,1737429,0,0,171262
8747,21.2517,1.706,1.655,1.647,0.000,0.315,0.000,1698361,0,0,171262
8748,21.2534,1.654,1.631,1.622,0.000,0.298,0.000,1647279,0,0,171262
8749,21.2552,1.613,1.745,1.736,0.000,0.340,0.000,1605630,0,0,171262
8750,21.2572,2.159,1.705,1.697,0.000,0.269,0.000,2152492,0,0,171262
8751,21.2588,1.699,1.655,1.646,0.000,0.250,0.000,1690281,0,0,171262
8752,21.2614,1.583,1.612,1.604,0.000,0.451,0.000,1576300,0,0,171262
8753,21.2633,2.689,2.161,2.151,0.000,0.309,0.000,2682660,0,0,171262
8754,21.2651,1.953,1.697,1.689,0.000,0.258,0.000,1946070,0,0,171262
8755,21.2669,1.760,1.583,1.575,0.000,0.285,0.000,1751445,0,0,171262
8756,21.2688,1.850,2.690,2.681,0.000,0.330,0.000,1841927,0,0,171262
8757,21.2709,2.010,1.954,1.945,0.000,0.723,0.000,2002658,0,0,171262
8758,21.2729,2.072,1.760,1.750,0.000,0.713,0.000,2064495,0,0,171262
8759,21.2747,1.899,1.849,1.840,0.000,0.736,0.000,1891518,0,0,171262
8760,21.2764,1.765,2.010,2.001,0.000,0.603,0.000,1756929,0,0,171262
8761,21.2783,1.817,2.072,2.063,0.000,0.397,0.000,1809319,0,0,190353
8762,21.2800,1.785,1.899,1.890,0.000,0.338,0.000,1777675,0,0,171358
8763,21.2818,1.666,1.764,1.756,0.000,0.346,0.000,1659222,0,0,171262
8764,21.2835,1.799,1.817,1.808,0.000,0.289,0.000,1791502,0,0,171262
8765,21.2851,1.652,1.785,1.776,0.000,0.275,0.000,1644320,0,0,171262
8766,21.2879,1.641,1.666,1.658,0.000,0.342,0.000,1633716,0,0,171262
8767,21.2897,2.850,1.799,1.790,0.000,0.281,0.000,2842613,0,0,171262
8768,21.2916,1.833,1.651,1.643,0.000,0.269,0.000,1825206,0,0,171262
8769,21.2935,1.892,1.641,1.633,0.000,0.355,0.000,1882933,0,0,171262
8770,21.2952,1.859,2.851,2.841,0.000,0.382,0.000,1851267,0,0,171262
8771,21.2970,1.738,1.834,1.824,0.000,0.610,0.000,1730826,0,0,171262
8772,21.2986,1.696,1.890,1.882,0.000,0.309,0.000,1689229,0,0,171822
8773,21.3003,1.633,1.859,1.850,0.000,0.284,0.000,1625998,0,0,171318
8774,21.3021,1.685,1.738,1.730,0.000,0.685,0.000,1678661,0,0,171262
8775,21.3037,1.782,1.696,1.688,0.000,0.666,0.000,1775323,0,0,171262
8776,21.3054,1.652,1.633,1.625,0.000,0.631,0.000,1644902,0,0,171262
8777,21.3073,1.763,1.685,1.677,0.000,0.461,0.000,1756161,0,0,171262
8778,21.3090,1.798,1.782,1.774,0.000,0.341,0.000,1790216,0,0,171262
8779,21.3108,1.779,1.652,1.644,0.000,0.699,0.000,1771787,0,0,171262
8780,21.3135,1.703,1.764,1.755,0.000,0.682,0.000,1695615,0,0,171262
8781,21.3153,2.779,1.797,1.789,0.000,0.681,0.000,2771900,0,0,171262
8782,21.3172,1.886,1.779,1.771,0.000,0.655,0.000,1878897,0,0,171262
8783,21.3191,1.879,1.703,1.694,0.000,0.615,0.000,1871663,0,0,171262
8784,21.3213,1.977,2.780,2.771,0.000,0.752,0.000,1970065,0,0,171262
8785,21.3232,2.125,1.886,1.878,0.000,0.365,0.000,2117718,0,0,171262
8786,21.3253,2.025,1.879,1.870,0.000,0.376,0.000,2016711,0,0,171262
8787,21.3274,2.027,1.978,1.969,0.000,0.692,0.000,2019704,0,0,171262
8788,21.3296,2.150,2.126,2.116,0.000,0.688,0.000,2139116,0,0,171262
8789,21.3315,2.090,2.024,2.015,0.000,0.549,0.000,2078726,0,0,171262
8790,21.3334,1.899,2.030,2.018,0.000,0.516,0.000,1891071,0,0,171262
8791,21.3353,1.833,2.150,2.138,0.000,0.336,0.000,1825265,0,0,171262
8792,21.3373,1.987,2.087,2.077,0.000,0.302,0.000,1978996,0,0,171358
8793,21.3394,2.092,1.899,1.890,0.000,0.756,0.000,2085282,0,0,171262
8794,21.3429,2.187,1.833,1.824,0.000,0.729,0.000,2178027,0,0,171262
8795,21.3453,3.598,1.986,1.978,0.000,0.774,0.000,3589585,0,0,171262
8796,21.3474,2.247,2.094,2.084,0.000,0.526,0.000,2237182,0,0,171262
8797,21.3501,2.369,2.187,2.177,0.000,0.394,0.000,2361115,0,0,171262
8798,21.3519,2.222,3.599,3.588,0.000,0.795,0.000,2210516,0,0,171262
8799,21.3536,1.717,2.245,2.235,0.000,0.724,0.000,1709723,0,0,171262
8800,21.3554,1.816,2.373,2.360,0.000,0.716,0.000,1809048,0,0,171262
8801,21.3571,1.735,2.217,2.209,0.000,0.390,0.000,1727337,0,0,171262
8802,21.3588,1.724,1.717,1.709,0.000,0.345,0.000,1717124,0,0,171262
8803,21.3606,1.713,1.817,1.808,0.000,0.281,0.000,1706144,0,0,171262
8804,21.3626,1.825,1.734,1.726,0.000,0.372,0.000,1817759,0,0,171262
8805,21.3643,1.937,1.724,1.716,0.000,0.393,0.000,1929773,0,0,171262
8806,21.3660,1.697,1.714,1.705,0.000,0.749,0.000,1689942,0,0,171262
8807,21.3676,1.632,1.825,1.817,0.000,0.698,0.000,1625873,0,0,171262
8808,21.3692,1.625,1.937,1.929,0.000,0.338,0.000,1618428,0,0,171262
8809,21.3722,2.683,1.696,1.689,0.000,0.383,0.000,2677225,0,0,171262
8810,21.3742,2.164,1.633,1.625,0.000,0.286,0.000,2154058,0,0,171262
8811,21.3759,1.834,1.625,1.617,0.000,0.444,0.000,1825352,0,0,171262
8812,21.3777,1.701,2.688,2.676,0.000,0.413,0.000,1694039,0,0,171262
8813,21.3794,1.729,2.161,2.152,0.000,0.296,0.000,1721184,0,0,171262
8814,21.3814,1.770,1.833,1.824,0.000,0.299,0.000,1762603,0,0,171262
8815,21.3833,2.089,1.702,1.693,0.000,0.695,0.000,2081727,0,0,171262
8816,21.3850,1.777,1.728,1.720,0.000,0.531,0.000,1769401,0,0,171262
8817,21.3867,1.694,1.770,1.761,0.000,0.357,0.000,1686921,0,0,171262
8818,21.3884,1.730,2.090,2.080,0.000,0.297,0.000,1722584,0,0,171262
8819,21.3901,1.726,1.776,1.768,0.000,0.280,0.000,1718631,0,0,171262
8820,21.3919,1.704,1.695,1.686,0.000,0.388,0.000,1697096,0,0,171262
8821,21.3936,1.714,1.730,1.721,0.000,0.363,0.000,1706878,0,0,171262
8822,21.3955,1.827,1.725,1.717,0.000,0.674,0.000,1820206,0,0,171358
8823,21.3984,1.840,1.704,1.696,0.000,0.465,0.000,1832281,0,0,171262
8824,21.4004,3.089,1.714,1.706,0.000,0.364,0.000,3081739,0,0,171262
8825,21.4023,1.849,1.828,1.819,0.000,0.303,0.000,1840702,0,0,171262
8826,21.4039,1.783,1.840,1.831,0.000,0.382,0.000,1774679,0,0,171262
8827,21.4056,1.650,3.090,3.081,0.000,0.300,0.000,1642687,0,0,171262
8828,21.4073,1.679,1.849,1.840,0.000,0.340,0.000,1672040,0,0,171262
8829,21.4089,1.672,1.782,1.773,0.000,0.351,0.000,1664997,0,0,171262
8830,21.4105,1.614,1.649,1.642,0.000,0.280,0.000,1607516,0,0,171262
8831,21.4122,1.639,1.679,1.671,0.000,0.330,0.000,1631656,0,0,171262
8832,21.4138,1.611,1.672,1.664,0.000,0.332,0.000,1604390,0,0,171262
8833,21.4154,1.613,1.614,1.606,0.000,0.283,0.000,1605506,0,0,171262
8834,21.4171,1.658,1.638,1.630,0.000,0.300,0.000,1651807,0,0,171262
8835,21.4187,1.648,1.611,1.603,0.000,0.666,0.000,1641099,0,0,171262
8836,21.4203,1.608,1.612,1.604,0.000,0.552,0.000,1600780,0,0,171262
8837,21.4230,1.604,1.659,1.651,0.000,0.323,0.000,1597530,0,0,171262
8838,21.4248,2.835,1.648,1.640,0.000,0.645,0.000,2828505,0,0,171262
8839,21.4264,1.692,1.607,1.600,0.000,0.627,0.000,1684665,0,0,171262
8840,21.4281,1.622,1.604,1.596,0.000,0.675,0.000,1615390,0,0,171262
8841,21.4297,1.623,2.836,2.827,0.000,0.612,0.000,1616895,0,0,171262
8842,21.4313,1.661,1.691,1.683,0.000,0.307,0.000,1654913,0,0,171262
8843,21.4329,1.600,1.622,1.614,0.000,0.363,0.000,1592957,0,0,171262
8844,21.4344,1.535,1.624,1.616,0.000,0.281,0.000,1528111,0,0,171262
8845,21.4363,1.765,1.662,1.654,0.000,0.309,0.000,1757840,0,0,171262
8846,21.4378,1.618,1.600,1.592,0.000,0.602,0.000,1611163,0,0,171262
8847,21.4394,1.564,1.535,1.527,0.000,0.514,0.000,1556999,0,0,171262
8848,21.4411,1.603,1.765,1.757,0.000,0.598,0.000,1597189,0,0,171262
8849,21.4427,1.689,1.618,1.610,0.000,0.320,0.000,1681996,0,0,171262
8850,21.4442,1.550,1.563,1.556,0.000,0.271,0.000,1543375,0,0,171262
8851,21.4469,1.593,1.604,1.596,0.000,0.603,0.000,1586134,0,0,171262
8852,21.4486,2.692,1.689,1.681,0.000,0.614,0.000,2685484,0,0,171358
8853,21.4501,1.608,1.550,1.542,0.000,0.609,0.000,1600881,0,0,171262
8854,21.4516,1.520,1.593,1.585,0.000,0.558,0.000,1513899,0,0,171262
8855,21.4532,1.549,2.692,2.684,0.000,0.275,0.000,1542541,0,0,171262
8856,21.4548,1.593,1.607,1.600,0.000,0.256,0.000,1587458,0,0,171262
8857,21.4563,1.535,1.520,1.513,0.000,0.333,0.000,1528649,0,0,171262
8858,21.4579,1.573,1.549,1.542,0.000,0.301,0.000,1567195,0,0,171262
8859,21.4595,1.553,1.593,1.586,0.000,0.328,0.000,1546270,0,0,171262
8860,21.4612,1.591,1.535,1.528,0.000,0.309,0.000,1585008,0,0,171262
8861,21.4628,1.721,1.573,1.566,0.000,0.382,0.000,1715244,0,0,171262
8862,21.4644,1.581,1.553,1.545,0.000,0.351,0.000,1573553,0,0,171262
8863,21.4659,1.559,1.591,1.584,0.000,0.297,0.000,1552454,0,0,171262
8864,21.4675,1.570,1.722,1.714,0.000,0.653,0.000,1564105,0,0,171262
8865,21.4700,1.520,1.580,1.572,0.000,0.633,0.000,1513545,0,0,171262
8866,21.4717,2.613,1.558,1.551,0.000,0.613,0.000,2606342,0,0,171262
8867,21.4733,1.658,1.570,1.563,0.000,0.576,0.000,1651048,0,0,171262
8868,21.4750,1.699,1.520,1.512,0.000,0.357,0.000,1692332,0,0,171262
8869,21.4768,1.732,2.613,2.605,0.000,0.668,0.000,1725299,0,0,171262
8870,21.4785,1.704,1.658,1.650,0.000,0.650,0.000,1695881,0,0,171262
8871,21.4801,1.684,1.699,1.691,0.000,0.393,0.000,1676836,0,0,171262
8872,21.4819,1.665,1.733,1.724,0.000,0.664,0.000,1659071,0,0,171262
8873,21.4836,1.776,1.703,1.694,0.000,0.657,0.000,1768857,0,0,171262
8874,21.4852,1.684,1.683,1.676,0.000,0.657,0.000,1677652,0,0,171262
8875,21.4869,1.635,1.666,1.658,0.000,0.530,0.000,1628438,0,0,171262
8876,21.4885,1.618,1.776,1.768,0.000,0.349,0.000,1611103,0,0,171262
8877,21.4901,1.612,1.684,1.676,0.000,0.278,0.000,1605685,0,0,171262
8878,21.4918,1.656,1.635,1.627,0.000,0.635,0.000,1649320,0,0,171262
8879,21.4934,1.605,1.618,1.610,0.000,0.345,0.000,1597943,0,0,171262
8880,21.4962,2.727,1.612,1.605,0.000,0.280,0.000,2720232,0,0,171262
8881,21.4979,1.780,1.656,1.648,0.000,0.669,0.000,1772542,0,0,190353
8882,21.4995,1.681,1.605,1.597,0.000,0.382,0.000,1673874,0,0,171358
8883,21.5012,1.550,2.728,2.719,0.000,0.320,0.000,1543300,0,0,171262
8884,21.5029,1.731,1.779,1.771,0.000,0.276,0.000,1725039,0,0,171262
8885,21.5046,1.749,1.680,1.673,0.000,0.252,0.000,1738878,0,0,171262
8886,21.5064,1.714,1.549,1.542,0.000,0.453,0.000,1706968,0,0,171262
8887,21.5080,1.749,1.735,1.724,0.000,0.667,0.000,1740797,0,0,171262
8888,21.5096,1.613,1.746,1.738,0.000,0.470,0.000,1606111,0,0,171262
8889,21.5112,1.594,1.715,1.706,0.000,0.342,0.000,1586738,0,0,171262
8890,21.5128,1.601,1.747,1.740,0.000,0.285,0.000,1594442,0,0,171262
8891,21.5144,1.553,1.613,1.605,0.000,0.339,0.000,1546493,0,0,171262
8892,21.5159,1.562,1.594,1.586,0.000,0.622,0.000,1555689,0,0,171262
8893,21.5175,1.537,1.601,1.593,0.000,0.612,0.000,1530923,0,0,171262
8894,21.5202,1.593,1.553,1.546,0.000,0.306,0.000,1586529,0,0,171262
8895,21.5222,2.895,1.562,1.555,0.000,0.254,0.000,2886514,0,0,171262
8896,21.5238,1.827,1.537,1.530,0.000,0.452,0.000,1817099,0,0,171262
8897,21.5255,1.600,1.596,1.585,0.000,0.456,0.000,1592333,0,0,171262
8898,21.5271,1.663,2.896,2.885,0.000,0.312,0.000,1655634,0,0,171262
8899,21.5287,1.616,1.825,1.816,0.000,0.311,0.000,1609084,0,0,171262
8900,21.5303,1.596,1.599,1.591,0.000,0.283,0.000,1589063,0,0,171262
8901,21.5318,1.569,1.663,1.655,0.000,0.315,0.000,1561917,0,0,171262
8902,21.5334,1.529,1.616,1.608,0.000,0.250,0.000,1522317,0,0,171262
8903,21.5349,1.536,1.596,1.588,0.000,0.257,0.000,1529760,0,0,171262
8904,21.5365,1.618,1.568,1.561,0.000,0.244,0.000,1611618,0,0,171262
8905,21.5380,1.502,1.529,1.521,0.000,0.252,0.000,1494903,0,0,171262
8906,21.5396,1.560,1.536,1.529,0.000,0.440,0.000,1553925,0,0,171262
8907,21.5412,1.535,1.619,1.611,0.000,0.269,0.000,1528482,0,0,171262
8908,21.5438,1.655,1.501,1.494,0.000,0.279,0.000,1648678,0,0,171262
8909,21.5455,2.664,1.560,1.553,0.000,0.246,0.000,2656388,0,0,171262
8910,21.5471,1.645,1.535,1.527,0.000,0.243,0.000,1638279,0,0,171262
8911,21.5487,1.579,1.656,1.648,0.000,0.273,0.000,1572344,0,0,171262
8912,21.5503,1.623,2.663,2.655,0.000,0.289,0.000,1616296,0,0,171358
8913,21.5519,1.548,1.645,1.637,0.000,0.317,0.000,1541172,0,0,171262
8914,21.5534,1.580,1.579,1.571,0.000,0.266,0.000,1572911,0,0,171262
8915,21.5550,1.579,1.623,1.615,0.000,0.649,0.000,1573280,0,0,171262
8916,21.5565,1.564,1.548,1.540,0.000,0.351,0.000,1557381,0,0,171262
8917,21.5581,1.554,1.579,1.572,0.000,0.280,0.000,1546458,0,0,171262
8918,21.5596,1.540,1.580,1.572,0.000,0.271,0.000,1532181,0,0,171262
8919,21.5612,1.506,1.565,1.556,0.000,0.647,0.000,1499378,0,0,171262
8920,21.5628,1.632,1.554,1.545,0.000,0.320,0.000,1625624,0,0,171262
8921,21.5644,1.541,1.538,1.531,0.000,0.598,0.000,1534401,0,0,171262
8922,21.5670,1.666,1.506,1.498,0.000,0.597,0.000,1658784,0,0,171262
8923,21.5687,2.653,1.632,1.625,0.000,0.602,0.000,2646757,0,0,171262
8924,21.5703,1.659,1.542,1.533,0.000,0.316,0.000,1651726,0,0,171262
8925,21.5718,1.546,1.665,1.658,0.000,0.339,0.000,1539249,0,0,171262
8926,21.5734,1.537,2.654,2.646,0.000,0.297,0.000,1530293,0,0,171262
8927,21.5750,1.581,1.658,1.651,0.000,0.250,0.000,1575012,0,0,171262
8928,21.5765,1.518,1.546,1.538,0.000,0.641,0.000,1511425,0,0,171262
8929,21.5780,1.518,1.537,1.529,0.000,0.613,0.000,1502182,0,0,171262
8930,21.5796,1.600,1.581,1.574,0.000,0.462,0.000,1593060,0,0,171262
8931,21.5814,1.608,1.527,1.510,0.000,0.564,0.000,1602128,0,0,171262
8932,21.5831,1.812,1.509,1.501,0.000,0.287,0.000,1803664,0,0,171262
8933,21.5847,1.648,1.600,1.592,0.000,0.431,0.000,1639534,0,0,171262
8934,21.5864,1.623,1.610,1.601,0.000,0.410,0.000,1616189,0,0,171262
8935,21.5881,1.740,1.812,1.802,0.000,0.365,0.000,1731787,0,0,171262
8936,21.5898,1.720,1.646,1.638,0.000,0.421,0.000,1711981,0,0,171262
8937,21.5925,2.644,1.625,1.615,0.000,0.414,0.000,2635523,0,0,171262
8938,21.5941,1.670,1.739,1.731,0.000,0.559,0.000,1662755,0,0,171262
8939,21.5957,1.583,1.721,1.711,0.000,0.329,0.000,1576199,0,0,171262
8940,21.5972,1.569,2.642,2.634,0.000,0.259,0.000,1562914,0,0,171262
8941,21.5989,1.624,1.670,1.662,0.000,0.263,0.000,1617524,0,0,171262
8942,21.6006,1.698,1.583,1.575,0.000,0.617,0.000,1691725,0,0,171358
8943,21.6023,1.584,1.570,1.562,0.000,0.261,0.000,1577411,0,0,171262
8944,21.6039,1.737,1.624,1.616,0.000,0.630,0.000,1731096,0,0,171822
8945,21.6056,1.672,1.699,1.691,0.000,0.352,0.000,1664962,0,0,171318
8946,21.6073,1.690,1.584,1.576,0.000,0.321,0.000,1682407,0,0,171262
8947,21.6089,1.650,1.738,1.730,0.000,0.408,0.000,1642873,0,0,171262
8948,21.6106,1.635,1.672,1.664,0.000,0.283,0.000,1627717,0,0,171262
8949,21.6123,1.738,1.689,1.681,0.000,0.672,0.000,1729698,0,0,171262
8950,21.6141,1.767,1.650,1.642,0.000,0.314,0.000,1759079,0,0,171262
8951,21.6189,1.720,1.637,1.626,0.000,0.666,0.000,1713349,0,0,171262
8952,21.6216,5.167,1.737,1.728,0.000,0.614,0.000,5160274,0,0,171262
8953,21.6245,3.347,1.766,1.758,0.000,0.321,0.000,3337233,0,0,171262
8954,21.6264,2.059,1.720,1.712,0.000,0.376,0.000,2047879,0,0,171262
8955,21.6282,1.791,5.170,5.159,0.000,0.324,0.000,1783117,0,0,171262
8956,21.6299,1.706,3.348,3.336,0.000,0.314,0.000,1698909,0,0,171262
8957,21.6315,1.668,2.055,2.046,0.000,0.281,0.000,1660948,0,0,171262
8958,21.6333,1.714,1.790,1.782,0.000,0.261,0.000,1707013,0,0,171262
8959,21.6356,1.845,1.706,1.698,0.000,0.500,0.000,1838197,0,0,171262
8960,21.6373,2.214,1.668,1.660,0.000,0.314,0.000,2203128,0,0,171262
8961,21.6389,1.629,1.714,1.706,0.000,0.325,0.000,1623070,0,0,171262
8962,21.6404,1.518,1.849,1.837,0.000,0.317,0.000,1512144,0,0,171262
8963,21.6421,1.625,2.208,2.202,0.000,0.283,0.000,1618690,0,0,171262
8964,21.6437,1.658,1.629,1.622,0.000,0.320,0.000,1651457,0,0,171262
8965,21.6454,1.688,1.519,1.511,0.000,0.277,0.000,1681114,0,0,171262
8966,21.6471,1.684,1.625,1.618,0.000,0.271,0.000,1676594,0,0,171262
8967,21.6498,2.626,1.659,1.650,0.000,0.675,0.000,2619541,0,0,171262
8968,21.6514,1.711,1.688,1.680,0.000,0.332,0.000,1704066,0,0,171262
8969,21.6531,1.620,1.683,1.676,0.000,0.676,0.000,1613911,0,0,171262
8970,21.6547,1.664,2.627,2.618,0.000,0.492,0.000,1657743,0,0,171262
8971,21.6563,1.572,1.710,1.703,0.000,0.331,0.000,1564823,0,0,171262
8972,21.6579,1.630,1.621,1.613,0.000,0.366,0.000,1623678,0,0,171358
8973,21.6594,1.570,1.664,1.657,0.000,0.260,0.000,1562790,0,0,171262
8974,21.6611,1.512,1.571,1.564,0.000,0.294,0.000,1505765,0,0,171262
8975,21.6626,1.655,1.631,1.623,0.000,0.598,0.000,1649448,0,0,171262
8976,21.6641,1.524,1.569,1.562,0.000,0.617,0.000,1516792,0,0,171262
8977,21.6657,1.575,1.512,1.505,0.000,0.325,0.000,1568567,0,0,171262
8978,21.6673,1.566,1.657,1.648,0.000,0.647,0.000,1559499,0,0,171262
8979,21.6688,1.561,1.523,1.516,0.000,0.356,0.000,1554542,0,0,171262
8980,21.6713,1.554,1.575,1.567,0.000,0.274,0.000,1547505,0,0,171262
8981,21.6732,2.684,1.566,1.558,0.000,0.256,0.000,2677771,0,0,171262
8982,21.6748,1.738,1.561,1.553,0.000,0.475,0.000,1729342,0,0,171262
8983,21.6764,1.576,1.554,1.546,0.000,0.377,0.000,1569716,0,0,171262
8984,21.6780,1.548,2.686,2.677,0.000,0.259,0.000,1541684,0,0,171262
8985,21.6795,1.591,1.736,1.728,0.000,0.272,0.000,1584277,0,0,171262
8986,21.6812,1.543,1.576,1.568,0.000,0.659,0.000,1536683,0,0,171262
8987,21.6827,1.657,1.548,1.541,0.000,0.582,0.000,1650495,0,0,171262
8988,21.6842,1.522,1.590,1.583,0.000,0.591,0.000,1515527,0,0,171262
8989,21.6857,1.529,1.543,1.536,0.000,0.587,0.000,1522295,0,0,171262
8990,21.6873,1.497,1.657,1.650,0.000,0.606,0.000,1490725,0,0,171262
8991,21.6888,1.537,1.522,1.515,0.000,0.533,0.000,1530964,0,0,171262
8992,21.6904,1.583,1.529,1.521,0.000,0.583,0.000,1576759,0,0,171262
8993,21.6920,1.573,1.497,1.490,0.000,0.586,0.000,1566426,0,0,171262
8994,21.6946,1.628,1.538,1.530,0.000,0.525,0.000,1622200,0,0,171262
8995,21.6963,2.601,1.583,1.576,0.000,0.315,0.000,2594702,0,0,171262
8996,21.6979,1.676,1.572,1.565,0.000,0.276,0.000,1668921,0,0,171262
8997,21.6995,1.597,1.629,1.621,0.000,0.626,0.000,1590049,0,0,171262
8998,21.7012,1.595,2.602,2.594,0.000,0.334,0.000,1587387,0,0,171262
8999,21.7029,1.871,1.676,1.668,0.000,0.618,0.000,1864405,0,0,171262
9000,21.7046,1.649,1.597,1.589,0.000,0.604,0.000,1642835,0,0,171262
9001,21.7064,1.678,1.594,1.586,0.000,0.356,0.000,1669248,0,0,190353
9002,21.7080,1.732,1.871,1.863,0.000,0.404,0.000,1725075,0,0,171922
9003,21.7096,1.645,1.651,1.642,0.000,0.251,0.000,1637861,0,0,171326
9004,21.7111,1.515,1.676,1.668,0.000,0.669,0.000,1508718,0,0,171270
9005,21.7127,1.536,1.732,1.724,0.000,0.609,0.000,1529466,0,0,171270
9006,21.7142,1.575,1.644,1.637,0.000,0.594,0.000,1568337,0,0,171270
9007,21.7159,1.575,1.515,1.508,0.000,0.306,0.000,1568720,0,0,171270
9008,21.7185,1.709,1.536,1.528,0.000,0.263,0.000,1701008,0,0,171270
9009,21.7202,2.593,1.575,1.567,0.000,0.426,0.000,2586503,0,0,171270
9010,21.7218,1.588,1.577,1.568,0.000,0.433,0.000,1581374,0,0,171270
9011,21.7234,1.670,1.707,1.700,0.000,0.263,0.000,1662870,0,0,171270
9012,21.7250,1.599,2.593,2.585,0.000,0.603,0.000,1592213,0,0,171270
9013,21.7265,1.547,1.588,1.580,0.000,0.594,0.000,1541283,0,0,171270
9014,21.7280,1.499,1.669,1.662,0.000,0.598,0.000,1492890,0,0,171270
9015,21.7295,1.507,1.598,1.591,0.000,0.570,0.000,1501149,0,0,171270
9016,21.7311,1.563,1.547,1.540,0.000,0.557,0.000,1556674,0,0,171270
9017,21.7327,1.572,1.499,1.492,0.000,0.361,0.000,1565628,0,0,171270
9018,21.7343,1.625,1.508,1.500,0.000,0.301,0.000,1618018,0,0,171270
9019,21.7359,1.568,1.563,1.556,0.000,0.306,0.000,1561728,0,0,171270
9020,21.7374,1.526,1.572,1.565,0.000,0.274,0.000,1519308,0,0,171270
9021,21.7391,1.602,1.625,1.617,0.000,0.269,0.000,1595394,0,0,171830
9022,21.7418,1.664,1.568,1.561,0.000,0.452,0.000,1657411,0,0,171326
9023,21.7439,2.913,1.526,1.518,0.000,0.294,0.000,2906905,0,0,171270
9024,21.7459,2.171,1.602,1.594,0.000,0.309,0.000,2162658,0,0,171270
9025,21.7478,1.899,1.664,1.656,0.000,0.374,0.000,1888978,0,0,171270
9026,21.7496,1.799,2.916,2.906,0.000,0.376,0.000,1791219,0,0,171270
9027,21.7514,1.819,2.172,2.161,0.000,0.330,0.000,1812011,0,0,171270
9028,21.7531,1.753,1.896,1.888,0.000,0.339,0.000,1746133,0,0,171270
9029,21.7548,1.698,1.799,1.790,0.000,0.613,0.000,1691271,0,0,171270
9030,21.7564,1.645,1.819,1.811,0.000,0.662,0.000,1637521,0,0,171270
9031,21.7581,1.648,1.753,1.745,0.000,0.484,0.000,1641210,0,0,171270
9032,21.7597,1.703,1.698,1.690,0.000,0.286,0.000,1695787,0,0,171366
9033,21.7615,1.606,1.644,1.636,0.000,0.267,0.000,1598490,0,0,171270
9034,21.7633,1.892,1.649,1.640,0.000,0.256,0.000,1884303,0,0,171270
9035,21.7650,1.742,1.703,1.694,0.000,0.330,0.000,1734077,0,0,171270
9036,21.7677,1.672,1.606,1.597,0.000,0.297,0.000,1664494,0,0,171270
9037,21.7697,2.858,1.892,1.883,0.000,0.336,0.000,2851735,0,0,171270
9038,21.7715,1.900,1.741,1.733,0.000,0.289,0.000,1882269,0,0,171270
9039,21.7732,1.745,1.671,1.663,0.000,0.383,0.000,1736574,0,0,171270
9040,21.7750,1.740,2.869,2.851,0.000,0.355,0.000,1732550,0,0,171270
9041,21.7768,1.778,1.890,1.881,0.000,0.345,0.000,1770379,0,0,171270
9042,21.7785,1.764,1.744,1.735,0.000,0.314,0.000,1755850,0,0,171270
9043,21.7802,1.685,1.740,1.731,0.000,0.342,0.000,1677858,0,0,171270
9044,21.7821,1.745,1.778,1.769,0.000,0.683,0.000,1738149,0,0,171270
9045,21.7838,1.867,1.763,1.755,0.000,0.324,0.000,1859591,0,0,171270
9046,21.7855,1.743,1.685,1.677,0.000,0.363,0.000,1734042,0,0,171270
9047,21.7874,1.735,1.746,1.737,0.000,0.355,0.000,1728064,0,0,171270
9048,21.7892,1.874,1.869,1.858,0.000,0.647,0.000,1865236,0,0,171270
9049,21.7910,1.831,1.741,1.732,0.000,0.478,0.000,1821788,0,0,171270
9050,21.7938,1.716,1.737,1.727,0.000,0.446,0.000,1708236,0,0,171270
9051,21.7956,2.854,1.874,1.864,0.000,0.436,0.000,2846145,0,0,171270
9052,21.7973,1.739,1.830,1.820,0.000,0.434,0.000,1731712,0,0,171270
9053,21.7991,1.744,1.716,1.707,0.000,0.452,0.000,1736484,0,0,171270
9054,21.8008,1.814,2.854,2.845,0.000,0.280,0.000,1805112,0,0,171270
9055,21.8027,1.675,1.739,1.730,0.000,0.476,0.000,1665889,0,0,171270
9056,21.8045,1.964,1.745,1.735,0.000,0.472,0.000,1957511,0,0,171270
9057,21.8062,1.738,1.814,1.804,0.000,0.326,0.000,1729248,0,0,171270
9058,21.8079,1.719,1.673,1.665,0.000,0.357,0.000,1711359,0,0,171270
9059,21.8095,1.658,1.966,1.956,0.000,0.688,0.000,1650904,0,0,171270
9060,21.8112,1.611,1.737,1.728,0.000,0.601,0.000,1603982,0,0,171270
9061,21.8128,1.643,1.719,1.710,0.000,0.571,0.000,1636759,0,0,171270
9062,21.8145,1.692,1.658,1.650,0.000,0.559,0.000,1685325,0,0,171366
9063,21.8161,1.639,1.611,1.603,0.000,0.336,0.000,1631483,0,0,171270
9064,21.8188,1.650,1.644,1.636,0.000,0.321,0.000,1643290,0,0,171270
9065,21.8207,2.758,1.692,1.684,0.000,0.309,0.000,2751727,0,0,171270
9066,21.8226,1.809,1.638,1.630,0.000,0.254,0.000,1800515,0,0,171270
9067,21.8243,1.915,1.650,1.642,0.000,0.493,0.000,1906957,0,0,171270
9068,21.8262,1.840,2.760,2.751,0.000,0.399,0.000,1832586,0,0,171270
9069,21.8282,1.907,1.808,1.799,0.000,0.294,0.000,1898975,0,0,171270
9070,21.8302,1.976,1.915,1.906,0.000,0.365,0.000,1968395,0,0,171270
9071,21.8319,1.891,1.841,1.831,0.000,0.378,0.000,1882545,0,0,171270
9072,21.8337,1.734,1.907,1.897,0.000,0.453,0.000,1726106,0,0,171270
9073,21.8356,1.846,1.976,1.967,0.000,0.657,0.000,1838658,0,0,171270
9074,21.8373,1.819,1.890,1.881,0.000,0.641,0.000,1811646,0,0,171270
9075,21.8390,1.658,1.734,1.725,0.000,0.645,0.000,1651589,0,0,171270
9076,21.8406,1.666,1.846,1.837,0.000,0.285,0.000,1659146,0,0,171270
9077,21.8423,1.627,1.818,1.810,0.000,0.278,0.000,1620084,0,0,171270
9078,21.8451,1.801,1.658,1.650,0.000,0.268,0.000,1793290,0,0,171270
9079,21.8470,2.866,1.666,1.658,0.000,0.542,0.000,2858571,0,0,171270
9080,21.8486,1.705,1.628,1.619,0.000,0.394,0.000,1697152,0,0,171270
9081,21.8502,1.615,1.801,1.792,0.000,0.361,0.000,1608382,0,0,171270
9082,21.8518,1.636,2.866,2.857,0.000,0.430,0.000,1629255,0,0,171270
9083,21.8534,1.544,1.704,1.696,0.000,0.288,0.000,1537632,0,0,171270
9084,21.8549,1.573,1.615,1.607,0.000,0.277,0.000,1566717,0,0,171270
9085,21.8565,1.580,1.636,1.628,0.000,0.473,0.000,1573736,0,0,171270
9086,21.8581,1.617,1.544,1.537,0.000,0.467,0.000,1610353,0,0,171270
9087,21.8597,1.571,1.574,1.566,0.000,0.395,0.000,1564424,0,0,171270
9088,21.8615,1.547,1.580,1.573,0.000,0.290,0.000,1540222,0,0,171270
9089,21.8631,1.794,1.617,1.609,0.000,0.244,0.000,1787627,0,0,171270
9090,21.8647,1.583,1.571,1.563,0.000,0.247,0.000,1576055,0,0,171270
9091,21.8663,1.576,1.547,1.539,0.000,0.306,0.000,1568812,0,0,171270
9092,21.8689,1.650,1.794,1.786,0.000,0.261,0.000,1643345,0,0,171366
9093,21.8706,2.663,1.583,1.575,0.000,0.595,0.000,2656226,0,0,171270
9094,21.8722,1.661,1.575,1.568,0.000,0.386,0.000,1653744,0,0,171270
9095,21.8738,1.611,1.650,1.642,0.000,0.324,0.000,1604558,0,0,171270
9096,21.8753,1.553,2.663,2.655,0.000,0.614,0.000,1546980,0,0,171270
9097,21.8769,1.548,1.660,1.653,0.000,0.311,0.000,1541948,0,0,171270
9098,21.8784,1.544,1.611,1.604,0.000,0.647,0.000,1537882,0,0,171270
9099,21.8800,1.582,1.553,1.546,0.000,0.325,0.000,1575279,0,0,171270
9100,21.8818,1.608,1.548,1.541,0.000,0.271,0.000,1600914,0,0,171270
9101,21.8834,1.772,1.544,1.537,0.000,0.267,0.000,1765541,0,0,171270
9102,21.8851,1.651,1.582,1.574,0.000,0.272,0.000,1643742,0,0,171270
9103,21.8866,1.598,1.607,1.600,0.000,0.643,0.000,1591456,0,0,171270
9104,21.8882,1.575,1.773,1.764,0.000,0.627,0.000,1569023,0,0,171270
9105,21.8899,1.637,1.650,1.643,0.000,0.377,0.000,1630885,0,0,171270
9106,21.8916,1.680,1.598,1.590,0.000,0.595,0.000,1673471,0,0,171270
9107,21.8944,2.772,1.575,1.568,0.000,0.313,0.000,2765450,0,0,171270
9108,21.8962,1.785,1.637,1.630,0.000,0.293,0.000,1777012,0,0,171270
9109,21.8978,1.693,1.680,1.672,0.000,0.300,0.000,1685351,0,0,171270
9110,21.8995,1.642,2.773,2.764,0.000,0.349,0.000,1634858,0,0,171270
9111,21.9013,1.656,1.784,1.776,0.000,0.290,0.000,1649087,0,0,171270
9112,21.9029,1.780,1.692,1.684,0.000,0.276,0.000,1772202,0,0,171270
9113,21.9046,1.664,1.642,1.634,0.000,0.264,0.000,1656670,0,0,171270
9114,21.9064,1.763,1.656,1.648,0.000,0.251,0.000,1755834,0,0,171270
9115,21.9083,1.841,1.780,1.771,0.000,0.357,0.000,1833822,0,0,171270
9116,21.9100,1.775,1.664,1.656,0.000,0.653,0.000,1768461,0,0,171270
9117,21.9117,1.695,1.763,1.755,0.000,0.357,0.000,1687813,0,0,171270
9118,21.9133,1.683,1.840,1.833,0.000,0.278,0.000,1675343,0,0,171270
9119,21.9150,1.665,1.776,1.767,0.000,0.278,0.000,1658444,0,0,171270
9120,21.9168,1.708,1.695,1.687,0.000,0.269,0.000,1700825,0,0,171270
9121,21.9198,2.942,1.682,1.674,0.000,0.350,0.000,2935194,0,0,190361
9122,21.9217,1.871,1.665,1.657,0.000,0.293,0.000,1863146,0,0,171366
9123,21.9233,1.786,1.708,1.700,0.000,0.347,0.000,1778145,0,0,171270
9124,21.9249,1.602,2.943,2.934,0.000,0.303,0.000,1594266,0,0,171270
9125,21.9265,1.603,1.871,1.862,0.000,0.268,0.000,1595927,0,0,171270
9126,21.9281,1.616,1.786,1.777,0.000,0.256,0.000,1609092,0,0,171270
9127,21.9297,1.604,1.601,1.593,0.000,0.260,0.000,1596387,0,0,171270
9128,21.9313,1.563,1.603,1.595,0.000,0.250,0.000,1555887,0,0,171270
9129,21.9328,1.577,1.616,1.608,0.000,0.334,0.000,1570306,0,0,171270
9130,21.9344,1.559,1.603,1.595,0.000,0.248,0.000,1552117,0,0,171270
9131,21.9360,1.578,1.563,1.555,0.000,0.240,0.000,1571536,0,0,171270
9132,21.9375,1.534,1.577,1.569,0.000,0.227,0.000,1527669,0,0,171270
9133,21.9390,1.547,1.559,1.551,0.000,0.317,0.000,1534655,0,0,171270
9134,21.9407,1.623,1.578,1.570,0.000,0.447,0.000,1616586,0,0,171270
9135,21.9434,2.581,1.540,1.527,0.000,0.492,0.000,2574686,0,0,171270
9136,21.9450,1.722,1.541,1.534,0.000,0.305,0.000,1715481,0,0,171270
9137,21.9465,1.522,1.623,1.616,0.000,0.262,0.000,1515043,0,0,171270
9138,21.9480,1.523,2.582,2.574,0.000,0.241,0.000,1516830,0,0,171270
9139,21.9495,1.517,1.722,1.714,0.000,0.239,0.000,1510451,0,0,171270
9140,21.9510,1.520,1.521,1.514,0.000,0.225,0.000,1513704,0,0,171270
9141,21.9525,1.494,1.523,1.516,0.000,0.240,0.000,1487802,0,0,171270
9142,21.9542,1.656,1.517,1.509,0.000,0.231,0.000,1649212,0,0,171270
9143,21.9558,1.582,1.520,1.513,0.000,0.315,0.000,1575153,0,0,171270
9144,21.9574,1.566,1.494,1.487,0.000,0.600,0.000,1559251,0,0,171270
9145,21.9590,1.614,1.656,1.648,0.000,0.601,0.000,1607551,0,0,171270
9146,21.9605,1.594,1.582,1.574,0.000,0.648,0.000,1587675,0,0,171270
9147,21.9622,1.530,1.566,1.558,0.000,0.600,0.000,1523773,0,0,171270
9148,21.9637,1.683,1.614,1.606,0.000,0.610,0.000,1676774,0,0,171270
9149,21.9663,1.522,1.594,1.586,0.000,0.566,0.000,1514337,0,0,171270
9150,21.9680,2.655,1.530,1.523,0.000,0.592,0.000,2648698,0,0,171270
9151,21.9699,1.781,1.684,1.676,0.000,0.593,0.000,1773925,0,0,171270
9152,21.9717,1.893,1.521,1.513,0.000,0.623,0.000,1885541,0,0,171366
9153,21.9735,1.769,2.656,2.648,0.000,0.594,0.000,1761594,0,0,171270
9154,21.9752,1.773,1.781,1.773,0.000,0.371,0.000,1766402,0,0,171270
9155,21.9769,1.723,1.893,1.884,0.000,0.343,0.000,1715781,0,0,171270
9156,21.9786,1.695,1.769,1.761,0.000,0.651,0.000,1687419,0,0,171270
9157,21.9803,1.684,1.774,1.765,0.000,0.276,0.000,1676664,0,0,171270
9158,21.9821,1.647,1.723,1.715,0.000,0.329,0.000,1640375,0,0,171270
9159,21.9837,1.747,1.694,1.686,0.000,0.658,0.000,1740581,0,0,171270
9160,21.9853,1.636,1.684,1.676,0.000,0.609,0.000,1629397,0,0,171270
9161,21.9871,1.682,1.647,1.639,0.000,0.625,0.000,1675262,0,0,171270
9162,21.9887,1.696,1.748,1.740,0.000,0.652,0.000,1688920,0,0,171270
9163,21.9914,1.641,1.636,1.628,0.000,0.344,0.000,1634754,0,0,171270
9164,21.9931,2.725,1.683,1.674,0.000,0.276,0.000,2718716,0,0,171270
9165,21.9948,1.697,1.695,1.688,0.000,0.636,0.000,1690338,0,0,171270
9166,21.9966,1.753,1.641,1.634,0.000,0.638,0.000,1746313,0,0,171270
9167,21.9983,1.719,2.726,2.718,0.000,0.348,0.000,1711227,0,0,171270
9168,22.0000,1.688,1.698,1.689,0.000,0.318,0.000,1681098,0,0,171270
9169,22.0018,1.693,1.754,1.745,0.000,0.274,0.000,1685800,0,0,171270
9170,22.0035,1.855,1.718,1.710,0.000,0.358,0.000,1847617,0,0,171270
9171,22.0053,1.732,1.688,1.680,0.000,0.344,0.000,1724961,0,0,171270
9172,22.0072,1.879,1.693,1.685,0.000,0.350,0.000,1871063,0,0,171270
9173,22.0090,1.800,1.855,1.846,0.000,0.425,0.000,1792805,0,0,171270
9174,22.0109,1.841,1.732,1.724,0.000,0.400,0.000,1833165,0,0,171270
9175,22.0127,1.877,1.879,1.870,0.000,0.685,0.000,1869605,0,0,171270
9176,22.0146,1.898,1.800,1.792,0.000,0.683,0.000,1891014,0,0,171270
9177,22.0177,1.927,1.840,1.832,0.000,0.680,0.000,1918765,0,0,171270
9178,22.0197,3.154,1.877,1.868,0.000,0.424,0.000,3146156,0,0,171270
9179,22.0218,1.925,1.899,1.890,0.000,0.756,0.000,1916347,0,0,171270
9180,22.0236,1.989,1.927,1.917,0.000,0.734,0.000,1982603,0,0,171270
9181,22.0255,1.857,3.154,3.145,0.000,0.674,0.000,1848617,0,0,171270
9182,22.0273,1.897,1.923,1.915,0.000,0.622,0.000,1889947,0,0,171366
9183,22.0292,1.822,1.991,1.981,0.000,0.683,0.000,1814433,0,0,171270
9184,22.0310,1.801,1.856,1.847,0.000,0.638,0.000,1793477,0,0,171270
9185,22.0328,1.819,1.897,1.889,0.000,0.361,0.000,1811126,0,0,171270
9186,22.0346,1.812,1.822,1.813,0.000,0.322,0.000,1803981,0,0,171270
9187,22.0363,1.760,1.801,1.792,0.000,0.325,0.000,1752170,0,0,171270
9188,22.0381,1.756,1.819,1.810,0.000,0.289,0.000,1748723,0,0,171270
9189,22.0400,1.848,1.811,1.803,0.000,0.355,0.000,1840610,0,0,171270
9190,22.0421,1.948,1.760,1.751,0.000,0.383,0.000,1941079,0,0,171270
9191,22.0451,2.034,1.756,1.748,0.000,0.351,0.000,2026087,0,0,171270
9192,22.0472,3.132,1.848,1.839,0.000,0.514,0.000,3123850,0,0,172382
9193,22.0493,2.062,1.950,1.940,0.000,0.351,0.000,2052463,0,0,171366
9194,22.0511,1.978,2.034,2.025,0.000,0.380,0.000,1969606,0,0,171254
9195,22.0529,1.791,3.133,3.122,0.000,0.451,0.000,1783362,0,0,171254
9196,22.0546,1.741,2.061,2.051,0.000,0.683,0.000,1733310,0,0,171254
9197,22.0563,1.689,1.977,1.968,0.000,0.616,0.000,1681556,0,0,171254
9198,22.0579,1.654,1.791,1.782,0.000,0.503,0.000,1646513,0,0,171254
9199,22.0595,1.642,1.741,1.732,0.000,0.635,0.000,1634801,0,0,171254
9200,22.0613,1.611,1.689,1.680,0.000,0.296,0.000,1604100,0,0,171254
9201,22.0630,1.778,1.654,1.645,0.000,0.662,0.000,1771513,0,0,171254
9202,22.0646,1.691,1.642,1.634,0.000,0.346,0.000,1682780,0,0,171254
9203,22.0662,1.574,1.611,1.603,0.000,0.422,0.000,1567155,0,0,171254
9204,22.0679,1.660,1.780,1.770,0.000,0.262,0.000,1653173,0,0,171254
9205,22.0705,1.640,1.690,1.682,0.000,0.291,0.000,1633258,0,0,171254
9206,22.0723,2.762,1.574,1.566,0.000,0.292,0.000,2754308,0,0,171254
9207,22.0740,1.760,1.660,1.652,0.000,0.655,0.000,1752864,0,0,171254
9208,22.0756,1.594,1.640,1.632,0.000,0.652,0.000,1586908,0,0,171254
9209,22.0772,1.565,2.761,2.753,0.000,0.338,0.000,1558289,0,0,171254
9210,22.0788,1.617,1.760,1.752,0.000,0.294,0.000,1610326,0,0,171254
9211,22.0803,1.536,1.594,1.586,0.000,0.298,0.000,1529235,0,0,171254
9212,22.0820,1.609,1.565,1.557,0.000,0.249,0.000,1602707,0,0,171350
9213,22.0836,1.667,1.617,1.609,0.000,0.239,0.000,1660409,0,0,171254
9214,22.0851,1.541,1.536,1.528,0.000,0.246,0.000,1534606,0,0,171254
9215,22.0867,1.556,1.610,1.602,0.000,0.238,0.000,1549554,0,0,171254
9216,22.0885,1.707,1.667,1.659,0.000,0.245,0.000,1698625,0,0,171254
9217,22.0903,1.814,1.541,1.534,0.000,0.302,0.000,1806957,0,0,171254
9218,22.0920,1.781,1.558,1.548,0.000,0.287,0.000,1774028,0,0,171254
9219,22.0937,1.686,1.705,1.697,0.000,0.692,0.000,1679235,0,0,171254
9220,22.0966,2.746,1.814,1.806,0.000,0.357,0.000,2738729,0,0,171254
9221,22.0986,1.910,1.781,1.773,0.000,0.342,0.000,1902047,0,0,171254
9222,22.1009,2.299,1.686,1.678,0.000,0.695,0.000,2290621,0,0,171254
9223,22.1031,2.154,2.747,2.738,0.000,0.565,0.000,2145641,0,0,171254
9224,22.1051,2.169,1.910,1.901,0.000,0.484,0.000,2159990,0,0,171254
9225,22.1071,1.920,2.300,2.289,0.000,0.409,0.000,1911892,0,0,171254
9226,22.1090,1.978,2.154,2.144,0.000,0.349,0.000,1970058,0,0,171254
9227,22.1109,1.915,2.168,2.159,0.000,0.725,0.000,1906623,0,0,171254
9228,22.1128,1.883,1.920,1.911,0.000,0.724,0.000,1874900,0,0,171254
9229,22.1147,1.846,1.978,1.969,0.000,0.690,0.000,1838223,0,0,171254
9230,22.1169,2.108,1.914,1.906,0.000,0.663,0.000,2100294,0,0,171254
9231,22.1190,2.193,1.883,1.874,0.000,0.406,0.000,2184564,0,0,171254
9232,22.1220,2.189,1.846,1.837,0.000,0.426,0.000,2179258,0,0,171254
9233,22.1258,3.401,2.109,2.099,0.000,0.410,0.000,3389735,0,0,171254
9234,22.1359,5.280,2.194,2.183,0.000,0.510,0.000,5265710,0,0,171254
9235,22.1410,9.624,2.191,2.178,0.000,0.763,0.000,9604145,0,0,171254
9236,22.1482,7.377,3.405,3.388,0.000,0.697,0.000,7359059,0,0,171254
9237,22.1513,3.915,5.286,5.264,0.000,0.745,0.000,3898044,0,0,171254
9238,22.1542,2.935,9.624,9.601,0.000,1.037,0.000,2921496,0,0,171254
9239,22.1568,2.804,7.376,7.356,0.000,0.774,0.000,2780703,0,0,171254
9240,22.1591,2.467,3.909,3.894,0.000,0.863,0.000,2455287,0,0,171254
9241,22.1617,2.360,2.945,2.920,0.000,0.905,0.000,2351635,0,0,190345
9242,22.1639,2.433,2.791,2.778,0.000,0.785,0.000,2423096,0,0,171350
9243,22.1660,2.126,2.464,2.454,0.000,0.816,0.000,2116550,0,0,171254
9244,22.1682,2.171,2.361,2.350,0.000,0.797,0.000,2162383,0,0,171254
9245,22.1707,2.309,2.432,2.422,0.000,0.597,0.000,2300871,0,0,171254
9246,22.1731,2.524,2.126,2.115,0.000,0.517,0.000,2513498,0,0,171254
9247,22.1755,2.373,2.171,2.161,0.000,1.047,0.000,2362631,0,0,171254
9248,22.1779,2.377,2.311,2.300,0.000,0.824,0.000,2367804,0,0,171254
9249,22.1807,2.701,2.524,2.512,0.000,0.589,0.000,2690976,0,0,171254
9250,22.1847,3.922,2.372,2.361,0.000,0.451,0.000,3908793,0,0,171254
9251,22.1872,2.703,2.378,2.366,0.000,1.020,0.000,2692855,0,0,171254
9252,22.1895,2.312,2.704,2.689,0.000,0.719,0.000,2301403,0,0,171254
9253,22.1921,2.481,3.919,3.907,0.000,0.597,0.000,2471784,0,0,171254
9254,22.1948,2.691,2.703,2.691,0.000,0.636,0.000,2681086,0,0,171254
9255,22.1976,2.713,2.311,2.300,0.000,0.918,0.000,2702516,0,0,171254
9256,22.2003,2.799,2.482,2.470,0.000,0.904,0.000,2788971,0,0,171254
9257,22.2034,2.796,2.691,2.679,0.000,0.854,0.000,2785082,0,0,171254
9258,22.2059,2.904,2.713,2.701,0.000,0.542,0.000,2892691,0,0,171254
9259,22.2084,2.476,2.800,2.787,0.000,0.655,0.000,2465250,0,0,171254
9260,22.2108,2.448,2.797,2.783,0.000,0.910,0.000,2437709,0,0,171254
9261,22.2129,2.239,2.903,2.891,0.000,0.524,0.000,2229624,0,0,171254
9262,22.2150,2.064,2.475,2.463,0.000,0.423,0.000,2054934,0,0,171254
9263,22.2171,2.110,2.447,2.436,0.000,0.408,0.000,2101662,0,0,171254
9264,22.2207,3.452,2.238,2.228,0.000,0.369,0.000,3441857,0,0,171254
9265,22.2230,2.312,2.064,2.054,0.000,0.643,0.000,2302091,0,0,171254
9266,22.2251,2.270,2.112,2.100,0.000,0.443,0.000,2260755,0,0,171254
9267,22.2270,1.980,3.452,3.440,0.000,0.414,0.000,1970750,0,0,171254
9268,22.2289,1.901,2.311,2.301,0.000,0.344,0.000,1892858,0,0,171254
9269,22.2307,1.883,2.270,2.259,0.000,0.305,0.000,1874966,0,0,171254
9270,22.2325,1.791,1.979,1.969,0.000,0.738,0.000,1782694,0,0,171254
9271,22.2342,1.739,1.901,1.892,0.000,0.727,0.000,1731521,0,0,171254
9272,22.2359,1.711,1.883,1.874,0.000,0.713,0.000,1703900,0,0,171350
9273,22.2376,1.710,1.790,1.781,0.000,0.375,0.000,1702319,0,0,171254
9274,22.2392,1.656,1.739,1.730,0.000,0.374,0.000,1648556,0,0,171254
9275,22.2409,1.639,1.711,1.703,0.000,0.282,0.000,1631787,0,0,171254
9276,22.2426,1.601,1.710,1.701,0.000,0.324,0.000,1593286,0,0,171254
9277,22.2451,1.713,1.655,1.647,0.000,0.325,0.000,1705692,0,0,171254
9278,22.2469,2.641,1.639,1.631,0.000,0.277,0.000,2633759,0,0,171254
9279,22.2485,1.691,1.600,1.592,0.000,0.312,0.000,1683325,0,0,171254
9280,22.2501,1.592,1.713,1.705,0.000,0.290,0.000,1584382,0,0,171254
9281,22.2517,1.571,2.641,2.632,0.000,0.623,0.000,1564038,0,0,171254
9282,22.2533,1.594,1.691,1.682,0.000,0.639,0.000,1587438,0,0,171254
9283,22.2549,1.619,1.591,1.583,0.000,0.302,0.000,1612310,0,0,171254
9284,22.2565,1.657,1.571,1.563,0.000,0.259,0.000,1650247,0,0,171254
9285,22.2582,1.631,1.594,1.586,0.000,0.623,0.000,1624728,0,0,171254
9286,22.2598,1.605,1.619,1.611,0.000,0.360,0.000,1597752,0,0,171254
9287,22.2614,1.581,1.657,1.649,0.000,0.292,0.000,1574427,0,0,171254
9288,22.2630,1.671,1.632,1.624,0.000,0.305,0.000,1664591,0,0,171254
9289,22.2646,1.568,1.605,1.596,0.000,0.284,0.000,1560572,0,0,171254
9290,22.2662,1.585,1.581,1.573,0.000,0.285,0.000,1578664,0,0,171254
9291,22.2688,1.626,1.672,1.663,0.000,0.243,0.000,1618774,0,0,171254
9292,22.2705,2.639,1.567,1.559,0.000,0.247,0.000,2631864,0,0,171254
9293,22.2724,1.789,1.586,1.578,0.000,0.321,0.000,1781227,0,0,171254
9294,22.2742,1.830,1.626,1.618,0.000,0.677,0.000,1822870,0,0,171254
9295,22.2760,1.862,2.640,2.631,0.000,0.352,0.000,1855286,0,0,171254
9296,22.2779,1.818,1.788,1.780,0.000,0.322,0.000,1810981,0,0,171254
9297,22.2797,1.761,1.830,1.822,0.000,0.335,0.000,1753156,0,0,171254
9298,22.2817,1.831,1.863,1.854,0.000,0.644,0.000,1823527,0,0,171254
9299,22.2836,2.056,1.818,1.810,0.000,0.337,0.000,2048705,0,0,171254
9300,22.2853,1.822,1.760,1.752,0.000,0.296,0.000,1813883,0,0,171254
9301,22.2870,1.698,1.831,1.822,0.000,0.328,0.000,1691378,0,0,171254
9302,22.2885,1.636,2.056,2.048,0.000,0.305,0.000,1629301,0,0,171350
9303,22.2902,1.596,1.820,1.813,0.000,0.331,0.000,1589395,0,0,171254
9304,22.2918,1.621,1.698,1.690,0.000,0.303,0.000,1613586,0,0,171254
9305,22.2945,1.604,1.636,1.628,0.000,0.293,0.000,1596448,0,0,171254
9306,22.2963,2.848,1.596,1.588,0.000,0.260,0.000,2841865,0,0,171254
9307,22.2981,1.787,1.621,1.612,0.000,0.274,0.000,1778524,0,0,171254
9308,22.2997,1.688,1.603,1.595,0.000,0.359,0.000,1681124,0,0,171254
9309,22.3014,1.604,2.850,2.841,0.000,0.307,0.000,1597216,0,0,171254
9310,22.3030,1.709,1.786,1.777,0.000,0.327,0.000,1701890,0,0,171254
9311,22.3045,1.565,1.688,1.680,0.000,0.279,0.000,1557493,0,0,171254
9312,22.3061,1.548,1.604,1.596,0.000,0.266,0.000,1541458,0,0,171254
9313,22.3077,1.554,1.709,1.701,0.000,0.274,0.000,1547310,0,0,171254
9314,22.3092,1.592,1.564,1.556,0.000,0.301,0.000,1585833,0,0,171254
9315,22.3108,1.555,1.548,1.540,0.000,0.256,0.000,1548286,0,0,171254
9316,22.3124,1.587,1.554,1.546,0.000,0.264,0.000,1579720,0,0,171254
9317,22.3139,1.550,1.592,1.585,0.000,0.246,0.000,1542789,0,0,171254
9318,22.3155,1.546,1.555,1.547,0.000,0.261,0.000,1539927,0,0,171814
9319,22.3181,1.619,1.587,1.579,0.000,0.244,0.000,1612338,0,0,171310
9320,22.3199,2.676,1.549,1.542,0.000,0.337,0.000,2669744,0,0,171254
9321,22.3216,1.678,1.546,1.539,0.000,0.273,0.000,1670650,0,0,171254
9322,22.3231,1.704,1.619,1.611,0.000,0.264,0.000,1697115,0,0,171254
9323,22.3247,1.534,2.677,2.669,0.000,0.251,0.000,1527291,0,0,171254
9324,22.3262,1.532,1.678,1.669,0.000,0.238,0.000,1525731,0,0,171254
9325,22.3277,1.500,1.704,1.696,0.000,0.227,0.000,1493639,0,0,171254
9326,22.3292,1.512,1.534,1.526,0.000,0.233,0.000,1505316,0,0,171254
9327,22.3307,1.502,1.532,1.525,0.000,0.222,0.000,1495190,0,0,171254
9328,22.3322,1.505,1.500,1.492,0.000,0.226,0.000,1499150,0,0,171254
9329,22.3338,1.537,1.512,1.504,0.000,0.214,0.000,1530920,0,0,171254
9330,22.3353,1.543,1.501,1.494,0.000,0.243,0.000,1536481,0,0,171254
9331,22.3369,1.532,1.506,1.498,0.000,0.234,0.000,1525171,0,0,171254
9332,22.3388,1.715,1.537,1.530,0.000,0.259,0.000,1709311,0,0,171350
9333,22.3416,1.832,1.543,1.535,0.000,0.262,0.000,1822449,0,0,171254
9334,22.3435,2.911,1.532,1.524,0.000,0.234,0.000,2902240,0,0,171254
9335,22.3452,1.838,1.720,1.708,0.000,0.460,0.000,1831036,0,0,171254
9336,22.3469,1.655,1.830,1.820,0.000,0.669,0.000,1648232,0,0,171254
9337,22.3486,1.714,2.910,2.901,0.000,0.650,0.000,1706991,0,0,171254
9338,22.3502,1.670,1.838,1.830,0.000,0.371,0.000,1662377,0,0,171254
9339,22.3518,1.609,1.655,1.647,0.000,0.337,0.000,1602462,0,0,171254
9340,22.3534,1.609,1.714,1.706,0.000,0.267,0.000,1601755,0,0,171254
9341,22.3550,1.583,1.669,1.661,0.000,0.361,0.000,1575892,0,0,171254
9342,22.3566,1.595,1.610,1.601,0.000,0.300,0.000,1588741,0,0,171254
9343,22.3583,1.650,1.609,1.601,0.000,0.279,0.000,1643588,0,0,171254
9344,22.3599,1.632,1.583,1.575,0.000,0.623,0.000,1625487,0,0,171254
9345,22.3617,1.601,1.596,1.588,0.000,0.329,0.000,1594026,0,0,171254
9346,22.3636,1.925,1.650,1.643,0.000,0.261,0.000,1918508,0,0,171254
9347,22.3663,1.868,1.632,1.624,0.000,0.276,0.000,1860230,0,0,171254
9348,22.3681,2.713,1.601,1.593,0.000,0.558,0.000,2706381,0,0,171254
9349,22.3697,1.676,1.926,1.917,0.000,0.345,0.000,1668602,0,0,171254
9350,22.3714,1.599,1.867,1.859,0.000,0.283,0.000,1592886,0,0,171254
9351,22.3729,1.689,2.714,2.705,0.000,0.277,0.000,1680301,0,0,171254
9352,22.3746,1.541,1.675,1.667,0.000,0.437,0.000,1534044,0,0,171254
9353,22.3764,1.793,1.601,1.592,0.000,0.637,0.000,1786598,0,0,171254
9354,22.3781,1.767,1.687,1.679,0.000,0.488,0.000,1758586,0,0,171254
9355,22.3798,1.727,1.540,1.533,0.000,0.443,0.000,1719652,0,0,171254
9356,22.3816,1.637,1.795,1.786,0.000,0.371,0.000,1629656,0,0,171254
9357,22.3833,1.848,1.766,1.757,0.000,0.347,0.000,1841773,0,0,171254
9358,22.3849,1.610,1.727,1.718,0.000,0.344,0.000,1601592,0,0,171254
9359,22.3865,1.560,1.637,1.629,0.000,0.306,0.000,1553518,0,0,171254
9360,22.3884,1.739,1.850,1.841,0.000,0.489,0.000,1732457,0,0,171254
9361,22.3914,2.048,1.608,1.600,0.000,0.266,0.000,2040364,0,0,190345
9362,22.3933,2.950,1.560,1.553,0.000,0.436,0.000,2942375,0,0,171350
9363,22.3950,1.819,1.740,1.731,0.000,0.663,0.000,1811112,0,0,171254
9364,22.3967,1.692,2.048,2.039,0.000,0.712,0.000,1685628,0,0,171254
9365,22.3986,1.753,2.950,2.941,0.000,0.627,0.000,1746146,0,0,171254
9366,22.4003,1.811,1.818,1.810,0.000,0.645,0.000,1803669,0,0,171254
9367,22.4023,1.715,1.693,1.684,0.000,0.363,0.000,1708185,0,0,171254
9368,22.4041,2.030,1.754,1.745,0.000,0.282,0.000,2022279,0,0,171254
9369,22.4069,1.954,1.811,1.802,0.000,0.272,0.000,1946664,0,0,171254
9370,22.4094,3.187,1.715,1.707,0.000,0.537,0.000,3178249,0,0,171254
9371,22.4114,2.110,2.030,2.021,0.000,0.352,0.000,2100111,0,0,171254
9372,22.4132,1.876,1.956,1.945,0.000,0.423,0.000,1866593,0,0,171254
9373,22.4149,1.709,3.188,3.177,0.000,0.378,0.000,1701929,0,0,171254
9374,22.4166,1.720,2.109,2.099,0.000,0.317,0.000,1711926,0,0,171254
9375,22.4194,1.771,1.874,1.865,0.000,0.340,0.000,1763934,0,0,171254
9376,22.4215,2.870,1.709,1.701,0.000,0.327,0.000,2862288,0,0,171254
9377,22.4235,2.144,1.720,1.711,0.000,0.286,0.000,2135565,0,0,171254
9378,22.4254,1.942,1.771,1.763,0.000,0.356,0.000,1933336,0,0,171254
9379,22.4272,1.864,2.871,2.861,0.000,0.444,0.000,1856265,0,0,171254
9380,22.4290,1.787,2.144,2.134,0.000,0.723,0.000,1779442,0,0,171254
9381,22.4307,1.726,1.941,1.932,0.000,0.346,0.000,1719013,0,0,171254
9382,22.4324,1.672,1.864,1.855,0.000,0.273,0.000,1665230,0,0,171254
9383,22.4340,1.645,1.787,1.778,0.000,0.287,0.000,1637203,0,0,171254
9384,22.4356,1.639,1.726,1.718,0.000,0.675,0.000,1631734,0,0,171254
9385,22.4373,1.653,1.673,1.664,0.000,0.285,0.000,1645077,0,0,171254
9386,22.4389,1.656,1.644,1.636,0.000,0.522,0.000,1649137,0,0,171254
9387,22.4406,1.655,1.639,1.631,0.000,0.277,0.000,1647838,0,0,171254
9388,22.4424,1.643,1.652,1.644,0.000,0.251,0.000,1636637,0,0,171254
9389,22.4441,1.772,1.656,1.648,0.000,0.263,0.000,1764878,0,0,171254
9390,22.4470,2.867,1.654,1.647,0.000,0.590,0.000,2859974,0,0,171254
9391,22.4489,1.878,1.643,1.635,0.000,0.335,0.000,1870279,0,0,171254
9392,22.4506,1.814,1.772,1.764,0.000,0.312,0.000,1806515,0,0,171350
9393,22.4524,1.735,2.868,2.859,0.000,0.286,0.000,1727569,0,0,171254
9394,22.4541,1.744,1.878,1.869,0.000,0.339,0.000,1737093,0,0,171254
9395,22.4558,1.715,1.814,1.805,0.000,0.336,0.000,1708140,0,0,171254
9396,22.4575,1.727,1.735,1.726,0.000,0.279,0.000,1720106,0,0,171254
9397,22.4592,1.709,1.744,1.736,0.000,0.670,0.000,1702354,0,0,171254
9398,22.4609,1.709,1.715,1.707,0.000,0.645,0.000,1701400,0,0,171254
9399,22.4629,1.678,1.727,1.719,0.000,0.615,0.000,1671058,0,0,171254
9400,22.4646,1.946,1.710,1.701,0.000,0.588,0.000,1938781,0,0,171254
9401,22.4664,1.769,1.708,1.700,0.000,0.596,0.000,1754987,0,0,171254
9402,22.4681,1.761,1.678,1.670,0.000,0.613,0.000,1753478,0,0,171254
9403,22.4699,1.741,1.953,1.938,0.000,0.528,0.000,1734366,0,0,171254
9404,22.4728,1.706,1.762,1.753,0.000,0.648,0.000,1699056,0,0,171254
9405,22.4746,3.027,1.760,1.752,0.000,0.588,0.000,3020861,0,0,171254
9406,22.4762,1.689,1.742,1.733,0.000,0.661,0.000,1676209,0,0,171254
9407,22.4779,1.636,1.706,1.698,0.000,0.362,0.000,1629278,0,0,171254
9408,22.4795,1.609,3.034,3.020,0.000,0.271,0.000,1602222,0,0,171254
9409,22.4821,1.936,1.683,1.675,0.000,0.281,0.000,1929256,0,0,171254
9410,22.4839,2.499,1.636,1.628,0.000,0.252,0.000,2488316,0,0,171254
9411,22.4856,1.663,1.609,1.601,0.000,0.256,0.000,1655949,0,0,171254
9412,22.4875,1.914,1.941,1.928,0.000,0.668,0.000,1907652,0,0,171254
9413,22.4890,1.613,2.494,2.486,0.000,0.472,0.000,1604642,0,0,171254
9414,22.4914,1.813,1.662,1.655,0.000,0.265,0.000,1806710,0,0,171254
9415,22.4932,2.279,1.917,1.907,0.000,0.305,0.000,2269799,0,0,171254
9416,22.4949,1.679,1.611,1.603,0.000,0.260,0.000,1671541,0,0,171254
9417,22.4964,1.570,1.816,1.805,0.000,0.302,0.000,1563421,0,0,171254
9418,22.4991,1.637,2.277,2.268,0.000,0.293,0.000,1630573,0,0,171254
9419,22.5010,2.798,1.678,1.670,0.000,0.266,0.000,2789517,0,0,171254
9420,22.5029,1.848,1.570,1.562,0.000,0.436,0.000,1838759,0,0,171254
9421,22.5048,1.914,1.639,1.629,0.000,0.460,0.000,1904361,0,0,171254
9422,22.5066,1.816,2.799,2.788,0.000,0.436,0.000,1807026,0,0,171350
9423,22.5090,2.072,1.848,1.837,0.000,0.448,0.000,2062708,0,0,171254
9424,22.5110,2.453,1.914,1.903,0.000,0.428,0.000,2443238,0,0,171254
9425,22.5127,1.706,1.816,1.806,0.000,0.327,0.000,1698353,0,0,171254
9426,22.5142,1.588,2.073,2.061,0.000,0.407,0.000,1580785,0,0,171254
9427,22.5158,1.590,2.451,2.442,0.000,0.274,0.000,1583870,0,0,171254
9428,22.5174,1.560,1.705,1.697,0.000,0.586,0.000,1553314,0,0,171254
9429,22.5189,1.544,1.587,1.580,0.000,0.561,0.000,1538134,0,0,171254
9430,22.5205,1.538,1.590,1.583,0.000,0.587,0.000,1532242,0,0,171254
9431,22.5222,1.518,1.560,1.552,0.000,0.323,0.000,1511598,0,0,171254
9432,22.5248,1.749,1.544,1.537,0.000,0.263,0.000,1742626,0,0,171254
9433,22.5266,2.754,1.538,1.531,0.000,0.236,0.000,2747445,0,0,171254
9434,22.5282,1.712,1.518,1.511,0.000,0.276,0.000,1704498,0,0,171254
9435,22.5298,1.631,1.750,1.742,0.000,0.283,0.000,1623937,0,0,171254
9436,22.5314,1.533,2.755,2.746,0.000,0.249,0.000,1526741,0,0,171254
9437,22.5329,1.576,1.712,1.703,0.000,0.245,0.000,1570308,0,0,171254
9438,22.5344,1.540,1.630,1.623,0.000,0.231,0.000,1531073,0,0,171254
9439,22.5360,1.529,1.533,1.526,0.000,0.331,0.000,1522424,0,0,171254
9440,22.5377,1.647,1.579,1.569,0.000,0.301,0.000,1640508,0,0,171254
9441,22.5395,1.654,1.537,1.530,0.000,0.280,0.000,1646907,0,0,171254
9442,22.5413,1.830,1.529,1.521,0.000,0.701,0.000,1823754,0,0,171254
9443,22.5431,1.885,1.648,1.639,0.000,0.600,0.000,1877981,0,0,171254
9444,22.5448,1.689,1.654,1.646,0.000,0.425,0.000,1681393,0,0,171254
9445,22.5467,1.743,1.831,1.823,0.000,0.665,0.000,1734926,0,0,171254
9446,22.5496,1.934,1.885,1.877,0.000,0.346,0.000,1927592,0,0,171254
9447,22.5516,2.995,1.690,1.680,0.000,0.308,0.000,2987676,0,0,171254
9448,22.5535,1.968,1.742,1.734,0.000,0.298,0.000,1960237,0,0,171254
9449,22.5552,1.747,1.935,1.926,0.000,0.540,0.000,1738907,0,0,171254
9450,22.5568,1.685,2.996,2.986,0.000,0.683,0.000,1677788,0,0,171254
9451,22.5585,1.631,1.968,1.959,0.000,0.638,0.000,1623496,0,0,171254
9452,22.5601,1.628,1.746,1.738,0.000,0.390,0.000,1620760,0,0,171350
9453,22.5618,1.612,1.685,1.677,0.000,0.611,0.000,1605573,0,0,171254
9454,22.5633,1.688,1.630,1.622,0.000,0.590,0.000,1681949,0,0,171254
9455,22.5649,1.548,1.627,1.620,0.000,0.351,0.000,1541205,0,0,171254
9456,22.5665,1.542,1.612,1.605,0.000,0.259,0.000,1535868,0,0,171254
9457,22.5681,1.584,1.689,1.681,0.000,0.286,0.000,1577240,0,0,171254
9458,22.5696,1.610,1.548,1.540,0.000,0.336,0.000,1603313,0,0,171254
9459,22.5713,1.596,1.542,1.535,0.000,0.253,0.000,1589197,0,0,171254
9460,22.5739,1.631,1.584,1.576,0.000,0.448,0.000,1624575,0,0,171254
9461,22.5757,2.726,1.610,1.602,0.000,0.593,0.000,2719747,0,0,171254
9462,22.5773,1.759,1.596,1.588,0.000,0.618,0.000,1749947,0,0,171254
9463,22.5789,1.545,1.631,1.624,0.000,0.478,0.000,1538242,0,0,171254
9464,22.5804,1.528,2.729,2.719,0.000,0.599,0.000,1521906,0,0,171254
9465,22.5822,1.608,1.757,1.749,0.000,0.583,0.000,1601937,0,0,171254
9466,22.5838,1.780,1.544,1.537,0.000,0.606,0.000,1773262,0,0,171254
9467,22.5854,1.610,1.528,1.521,0.000,0.338,0.000,1602488,0,0,171254
9468,22.5870,1.588,1.609,1.601,0.000,0.304,0.000,1580941,0,0,171254
9469,22.5885,1.519,1.781,1.772,0.000,0.480,0.000,1512475,0,0,171254
9470,22.5900,1.521,1.610,1.601,0.000,0.292,0.000,1513606,0,0,171254
9471,22.5915,1.534,1.588,1.580,0.000,0.280,0.000,1526722,0,0,171254
9472,22.5931,1.515,1.520,1.511,0.000,0.239,0.000,1508135,0,0,171254
9473,22.5946,1.517,1.520,1.512,0.000,0.263,0.000,1509638,0,0,171254
9474,22.5972,1.574,1.533,1.526,0.000,0.245,0.000,1567713,0,0,171254
9475,22.5989,2.639,1.515,1.507,0.000,0.372,0.000,2632607,0,0,171254
9476,22.6004,1.597,1.516,1.508,0.000,0.284,0.000,1589445,0,0,171254
9477,22.6020,1.522,1.574,1.566,0.000,0.311,0.000,1516065,0,0,171254
9478,22.6036,1.647,2.640,2.631,0.000,0.244,0.000,1640251,0,0,171254
9479,22.6051,1.541,1.596,1.588,0.000,0.268,0.000,1534043,0,0,171254
9480,22.6067,1.546,1.523,1.515,0.000,0.260,0.000,1539290,0,0,171254
9481,22.6084,1.651,1.647,1.639,0.000,0.598,0.000,1644482,0,0,190345
9482,22.6099,1.615,1.540,1.533,0.000,0.304,0.000,1608556,0,0,171350
9483,22.6115,1.502,1.546,1.538,0.000,0.255,0.000,1495020,0,0,171254
9484,22.6131,1.612,1.651,1.643,0.000,0.582,0.000,1605393,0,0,171254
9485,22.6147,1.610,1.615,1.607,0.000,0.313,0.000,1602910,0,0,171254
9486,22.6163,1.623,1.502,1.494,0.000,0.256,0.000,1615524,0,0,171254
9487,22.6179,1.586,1.612,1.604,0.000,0.346,0.000,1579525,0,0,171254
9488,22.6204,1.528,1.610,1.602,0.000,0.266,0.000,1521025,0,0,171254
9489,22.6222,2.608,1.622,1.614,0.000,0.252,0.000,2601858,0,0,171254
9490,22.6237,1.746,1.587,1.578,0.000,0.241,0.000,1738946,0,0,171254
9491,22.6254,1.555,1.528,1.520,0.000,0.262,0.000,1547574,0,0,171254
9492,22.6270,1.661,2.609,2.601,0.000,0.258,0.000,1653646,0,0,171254
9493,22.6286,1.585,1.746,1.738,0.000,0.345,0.000,1578546,0,0,171254
9494,22.6301,1.557,1.555,1.547,0.000,0.381,0.000,1549979,0,0,171254
9495,22.6317,1.573,1.660,1.653,0.000,0.476,0.000,1566907,0,0,171254
9496,22.6332,1.553,1.585,1.577,0.000,0.314,0.000,1546034,0,0,171254
9497,22.6348,1.558,1.556,1.549,0.000,0.258,0.000,1551458,0,0,171254
9498,22.6364,1.566,1.574,1.566,0.000,0.310,0.000,1559544,0,0,171254
9499,22.6379,1.564,1.553,1.545,0.000,0.288,0.000,1557842,0,0,171254
9500,22.6395,1.535,1.558,1.550,0.000,0.256,0.000,1528986,0,0,171254
9501,22.6411,1.570,1.566,1.558,0.000,0.242,0.000,1560868,0,0,171254
9502,22.6426,1.593,1.564,1.557,0.000,0.256,0.000,1586769,0,0,171254
9503,22.6453,2.587,1.538,1.528,0.000,0.244,0.000,2581051,0,0,171254
9504,22.6470,1.777,1.567,1.559,0.000,0.231,0.000,1766558,0,0,171254
9505,22.6488,1.661,1.594,1.586,0.000,0.300,0.000,1653905,0,0,171254
9506,22.6505,1.826,2.591,2.580,0.000,0.639,0.000,1818481,0,0,171254
9507,22.6521,1.658,1.772,1.764,0.000,0.346,0.000,1651172,0,0,171254
9508,22.6537,1.547,1.661,1.653,0.000,0.329,0.000,1540628,0,0,171254
9509,22.6553,1.571,1.826,1.817,0.000,0.314,0.000,1564985,0,0,171254
9510,22.6568,1.581,1.657,1.650,0.000,0.277,0.000,1574941,0,0,171254
9511,22.6584,1.546,1.547,1.539,0.000,0.282,0.000,1540020,0,0,171254
9512,22.6599,1.553,1.572,1.564,0.000,0.269,0.000,1546215,0,0,171350
9513,22.6616,1.543,1.581,1.574,0.000,0.268,0.000,1536379,0,0,171254
9514,22.6633,1.778,1.546,1.539,0.000,0.268,0.000,1771132,0,0,171254
9515,22.6649,1.606,1.553,1.545,0.000,0.281,0.000,1598285,0,0,171254
9516,22.6664,1.577,1.543,1.535,0.000,0.311,0.000,1569689,0,0,171254
9517,22.6711,1.569,1.779,1.770,0.000,0.313,0.000,1562669,0,0,171254
9518,22.6733,4.976,1.605,1.597,0.000,0.252,0.000,4970601,0,0,171254
9519,22.6758,2.733,1.576,1.569,0.000,0.252,0.000,2724407,0,0,171254
9520,22.6774,1.697,1.569,1.562,0.000,0.292,0.000,1688215,0,0,171254
9521,22.6791,1.613,4.980,4.969,0.000,0.297,0.000,1606061,0,0,171254
9522,22.6806,1.565,2.732,2.722,0.000,0.335,0.000,1558494,0,0,171254
9523,22.6822,1.511,1.694,1.686,0.000,0.313,0.000,1504292,0,0,171254
9524,22.6837,1.637,1.613,1.605,0.000,0.302,0.000,1629996,0,0,171254
9525,22.6852,1.525,1.565,1.557,0.000,0.262,0.000,1517962,0,0,171254
9526,22.6867,1.504,1.511,1.503,0.000,0.263,0.000,1497819,0,0,171254
9527,22.6882,1.477,1.637,1.629,0.000,0.248,0.000,1470496,0,0,171254
9528,22.6898,1.538,1.524,1.517,0.000,0.241,0.000,1531232,0,0,171254
9529,22.6913,1.492,1.504,1.497,0.000,0.243,0.000,1485111,0,0,171254
9530,22.6928,1.520,1.477,1.469,0.000,0.240,0.000,1513773,0,0,171254
9531,22.6943,1.527,1.538,1.530,0.000,0.235,0.000,1519927,0,0,171254
9532,22.6958,1.514,1.491,1.484,0.000,0.589,0.000,1507184,0,0,171254
9533,22.6983,2.455,1.521,1.513,0.000,0.525,0.000,2448877,0,0,171254
9534,22.6999,1.625,1.526,1.519,0.000,0.556,0.000,1618187,0,0,171254
9535,22.7016,1.557,1.513,1.506,0.000,0.613,0.000,1550952,0,0,171254
9536,22.7031,1.661,2.456,2.448,0.000,0.572,0.000,1654911,0,0,171254
9537,22.7048,1.587,1.625,1.617,0.000,0.577,0.000,1580270,0,0,171254
9538,22.7063,1.583,1.557,1.550,0.000,0.534,0.000,1576493,0,0,171254
9539,22.7078,1.518,1.662,1.654,0.000,0.357,0.000,1511479,0,0,171254
9540,22.7093,1.493,1.587,1.579,0.000,0.248,0.000,1486629,0,0,171254
9541,22.7109,1.544,1.583,1.575,0.000,0.254,0.000,1537195,0,0,171254
9542,22.7124,1.546,1.518,1.510,0.000,0.273,0.000,1539665,0,0,171350
9543,22.7139,1.532,1.493,1.486,0.000,0.243,0.000,1525425,0,0,171254
9544,22.7155,1.558,1.543,1.536,0.000,0.230,0.000,1551914,0,0,171254
9545,22.7171,1.541,1.546,1.539,0.000,0.254,0.000,1533858,0,0,171254
9546,22.7195,1.595,1.532,1.524,0.000,0.232,0.000,1588405,0,0,171254
9547,22.7214,2.557,1.559,1.551,0.000,0.235,0.000,2549853,0,0,171254
9548,22.7230,1.757,1.541,1.533,0.000,0.613,0.000,1749901,0,0,171254
9549,22.7245,1.546,1.595,1.587,0.000,0.358,0.000,1538829,0,0,171254
9550,22.7260,1.520,2.558,2.549,0.000,0.306,0.000,1513956,0,0,171254
9551,22.7277,1.613,1.757,1.749,0.000,0.247,0.000,1606548,0,0,171254
9552,22.7293,1.621,1.545,1.538,0.000,0.312,0.000,1614579,0,0,171254
9553,22.7309,1.656,1.521,1.513,0.000,0.269,0.000,1648994,0,0,171254
9554,22.7325,1.622,1.613,1.605,0.000,0.349,0.000,1615864,0,0,171254
9555,22.7341,1.561,1.621,1.614,0.000,0.267,0.000,1553910,0,0,171254
9556,22.7357,1.600,1.656,1.648,0.000,0.279,0.000,1593520,0,0,171254
9557,22.7374,1.649,1.623,1.615,0.000,0.274,0.000,1641845,0,0,171254
9558,22.7390,1.630,1.561,1.553,0.000,0.569,0.000,1622488,0,0,171254
9559,22.7407,1.621,1.600,1.592,0.000,0.601,0.000,1614249,0,0,171254
9560,22.7441,1.718,1.649,1.641,0.000,0.580,0.000,1711294,0,0,171254
9561,22.7461,3.585,1.629,1.621,0.000,0.441,0.000,3577359,0,0,171254
9562,22.7479,1.885,1.621,1.613,0.000,0.304,0.000,1876264,0,0,171254
9563,22.7496,1.737,1.719,1.710,0.000,0.372,0.000,1729583,0,0,171254
9564,22.7513,1.691,3.587,3.576,0.000,0.276,0.000,1678524,0,0,171254
9565,22.7530,1.730,1.884,1.875,0.000,0.251,0.000,1722839,0,0,171254
9566,22.7546,1.665,1.742,1.728,0.000,0.250,0.000,1657307,0,0,171254
9567,22.7562,1.586,1.686,1.677,0.000,0.284,0.000,1579149,0,0,171254
9568,22.7579,1.619,1.730,1.722,0.000,0.256,0.000,1612316,0,0,171254
9569,22.7596,1.696,1.664,1.656,0.000,0.231,0.000,1688087,0,0,171254
9570,22.7613,1.700,1.586,1.578,0.000,0.663,0.000,1692796,0,0,171254
9571,22.7630,1.741,1.620,1.611,0.000,0.359,0.000,1734372,0,0,171254
9572,22.7646,1.665,1.695,1.687,0.000,0.274,0.000,1657542,0,0,171350
9573,22.7662,1.587,1.700,1.692,0.000,0.250,0.000,1580186,0,0,171254
9574,22.7687,1.588,1.742,1.733,0.000,0.256,0.000,1581314,0,0,171254
9575,22.7704,2.566,1.664,1.656,0.000,0.264,0.000,2559029,0,0,171254
9576,22.7720,1.615,1.587,1.579,0.000,0.239,0.000,1607171,0,0,171254
9577,22.7736,1.584,1.588,1.580,0.000,0.255,0.000,1576101,0,0,171254
9578,22.7751,1.586,2.566,2.558,0.000,0.423,0.000,1579094,0,0,171254
9579,22.7767,1.568,1.615,1.606,0.000,0.600,0.000,1561553,0,0,171254
9580,22.7782,1.523,1.583,1.575,0.000,0.541,0.000,1516944,0,0,171254
9581,22.7797,1.538,1.585,1.578,0.000,0.473,0.000,1531801,0,0,171254
9582,22.7814,1.523,1.568,1.561,0.000,0.253,0.000,1516684,0,0,171254
9583,22.7829,1.662,1.523,1.516,0.000,0.532,0.000,1655038,0,0,171254
9584,22.7844,1.517,1.538,1.531,0.000,0.576,0.000,1509942,0,0,171254
9585,22.7862,1.750,1.523,1.516,0.000,0.572,0.000,1744019,0,0,171254
9586,22.7878,1.621,1.662,1.654,0.000,0.459,0.000,1614412,0,0,171254
9587,22.7895,1.607,1.516,1.509,0.000,0.281,0.000,1600933,0,0,171254
9588,22.7921,1.678,1.750,1.743,0.000,0.242,0.000,1671347,0,0,171254
9589,22.7939,2.697,1.621,1.613,0.000,0.248,0.000,2690416,0,0,171254
9590,22.7955,1.642,1.608,1.600,0.000,0.285,0.000,1634816,0,0,171254
9591,22.7970,1.580,1.678,1.670,0.000,0.619,0.000,1573294,0,0,171254
9592,22.7987,1.610,2.698,2.689,0.000,0.524,0.000,1604356,0,0,171254
9593,22.8004,1.684,1.641,1.634,0.000,0.259,0.000,1676114,0,0,171254
9594,22.8022,1.706,1.580,1.572,0.000,0.425,0.000,1698447,0,0,171254
9595,22.8040,1.824,1.612,1.603,0.000,0.403,0.000,1815765,0,0,171254
9596,22.8058,1.781,1.684,1.675,0.000,0.392,0.000,1772599,0,0,171254
9597,22.8076,1.835,1.707,1.697,0.000,0.391,0.000,1825517,0,0,171254
9598,22.8093,1.756,1.824,1.814,0.000,0.429,0.000,1748118,0,0,171254
9599,22.8111,1.743,1.782,1.771,0.000,0.357,0.000,1735469,0,0,171254
9600,22.8128,1.763,1.833,1.824,0.000,0.332,0.000,1755344,0,0,171254
9601,22.8146,1.767,1.755,1.747,0.000,0.636,0.000,1760215,0,0,190345
9602,22.8174,1.762,1.743,1.734,0.000,0.333,0.000,1754457,0,0,171350
9603,22.8194,2.953,1.762,1.754,0.000,0.295,0.000,2946200,0,0,171254
9604,22.8213,1.852,1.768,1.759,0.000,0.326,0.000,1843699,0,0,171254
9605,22.8231,1.892,1.762,1.753,0.000,0.346,0.000,1884741,0,0,171254
9606,22.8248,1.717,2.954,2.945,0.000,0.294,0.000,1709230,0,0,171254
9607,22.8267,1.735,1.851,1.842,0.000,0.301,0.000,1728153,0,0,171254
9608,22.8287,2.132,1.892,1.884,0.000,0.258,0.000,2123448,0,0,171254
9609,22.8304,1.765,1.716,1.708,0.000,0.331,0.000,1757543,0,0,171254
9610,22.8321,1.721,1.736,1.727,0.000,0.300,0.000,1714050,0,0,171254
9611,22.8337,1.666,2.131,2.122,0.000,0.257,0.000,1658963,0,0,171254
9612,22.8353,1.616,1.765,1.756,0.000,0.268,0.000,1608854,0,0,171254
9613,22.8370,1.603,1.721,1.713,0.000,0.248,0.000,1596188,0,0,171254
9614,22.8386,1.655,1.666,1.658,0.000,0.231,0.000,1648235,0,0,171254
9615,22.8402,1.596,1.615,1.608,0.000,0.235,0.000,1588410,0,0,171814
9616,22.8430,1.614,1.603,1.595,0.000,0.649,0.000,1607674,0,0,171310
9617,22.8448,2.907,1.656,1.647,0.000,0.587,0.000,2898054,0,0,171254
9618,22.8464,1.701,1.595,1.587,0.000,0.441,0.000,1693663,0,0,171254
9619,22.8481,1.650,1.617,1.607,0.000,0.389,0.000,1643169,0,0,171254
9620,22.8497,1.707,2.905,2.897,0.000,0.647,0.000,1698639,0,0,171254
9621,22.8513,1.539,1.701,1.693,0.000,0.437,0.000,1532668,0,0,171254
9622,22.8529,1.612,1.651,1.642,0.000,0.563,0.000,1604997,0,0,171254
9623,22.8549,1.547,1.706,1.697,0.000,0.324,0.000,1540728,0,0,171254
9624,22.8565,2.010,1.539,1.531,0.000,0.299,0.000,2003492,0,0,171254
9625,22.8581,1.630,1.612,1.604,0.000,0.545,0.000,1623852,0,0,171254
9626,22.8597,1.634,1.548,1.540,0.000,0.594,0.000,1627447,0,0,171254
9627,22.8614,1.539,2.010,2.002,0.000,0.260,0.000,1533033,0,0,171254
9628,22.8629,1.685,1.630,1.623,0.000,0.256,0.000,1678807,0,0,171254
9629,22.8648,1.791,1.634,1.626,0.000,0.613,0.000,1784642,0,0,171254
9630,22.8674,1.651,1.540,1.532,0.000,0.465,0.000,1644678,0,0,171254
9631,22.8691,2.664,1.685,1.678,0.000,0.283,0.000,2657397,0,0,171254
9632,22.8707,1.648,1.791,1.784,0.000,0.300,0.000,1641570,0,0,171350
9633,22.8723,1.542,1.652,1.643,0.000,0.297,0.000,1536029,0,0,171254
9634,22.8738,1.550,2.664,2.656,0.000,0.340,0.000,1543833,0,0,171254
9635,22.8753,1.512,1.648,1.640,0.000,0.564,0.000,1505848,0,0,171254
9636,22.8768,1.509,1.542,1.535,0.000,0.605,0.000,1502447,0,0,171254
9637,22.8783,1.529,1.550,1.543,0.000,0.538,0.000,1522829,0,0,171254
9638,22.8799,1.575,1.512,1.505,0.000,0.569,0.000,1568487,0,0,171254
9639,22.8816,1.560,1.509,1.501,0.000,0.572,0.000,1553166,0,0,171254
9640,22.8831,1.692,1.529,1.521,0.000,0.587,0.000,1685666,0,0,171254
9641,22.8849,1.691,1.575,1.567,0.000,0.572,0.000,1683865,0,0,171254
9642,22.8865,1.612,1.560,1.552,0.000,0.564,0.000,1605713,0,0,171254
9643,22.8881,1.633,1.692,1.684,0.000,0.543,0.000,1626252,0,0,171254
9644,22.8908,1.622,1.690,1.683,0.000,0.530,0.000,1615720,0,0,171254
9645,22.8928,2.931,1.612,1.604,0.000,0.541,0.000,2924097,0,0,171254
9646,22.8945,1.795,1.633,1.625,0.000,0.388,0.000,1786642,0,0,171254
9647,22.8961,1.641,1.622,1.614,0.000,0.660,0.000,1633465,0,0,171254
9648,22.8977,1.618,2.932,2.923,0.000,0.577,0.000,1610475,0,0,171254
9649,22.8994,1.653,1.794,1.785,0.000,0.342,0.000,1644604,0,0,171254
9650,22.9011,1.609,1.641,1.632,0.000,0.292,0.000,1602431,0,0,171254
9651,22.9027,1.700,1.619,1.609,0.000,0.257,0.000,1693494,0,0,171254
9652,22.9042,1.562,1.651,1.643,0.000,0.548,0.000,1555827,0,0,171254
9653,22.9058,1.563,1.609,1.601,0.000,0.425,0.000,1557001,0,0,171254
9654,22.9073,1.503,1.700,1.692,0.000,0.264,0.000,1496700,0,0,171254
9655,22.9088,1.503,1.562,1.555,0.000,0.241,0.000,1496312,0,0,171254
9656,22.9103,1.511,1.563,1.556,0.000,0.258,0.000,1504135,0,0,171254
9657,22.9118,1.481,1.503,1.496,0.000,0.246,0.000,1473940,0,0,171254
9658,22.9134,1.571,1.503,1.495,0.000,0.230,0.000,1564284,0,0,171254
9659,22.9160,2.551,1.511,1.503,0.000,0.248,0.000,2544545,0,0,171254
9660,22.9175,1.608,1.481,1.473,0.000,0.255,0.000,1601326,0,0,171254
9661,22.9194,1.825,1.571,1.563,0.000,0.577,0.000,1818571,0,0,171254
9662,22.9211,1.643,2.552,2.543,0.000,0.305,0.000,1632791,0,0,171350
9663,22.9227,1.725,1.608,1.600,0.000,0.325,0.000,1719300,0,0,171254
9664,22.9244,1.638,1.829,1.817,0.000,0.584,0.000,1631202,0,0,171254
9665,22.9262,1.655,1.639,1.631,0.000,0.575,0.000,1648605,0,0,171254
9666,22.9280,1.886,1.726,1.718,0.000,0.568,0.000,1879424,0,0,171254
9667,22.9296,1.688,1.638,1.630,0.000,0.558,0.000,1680714,0,0,171254
9668,22.9312,1.591,1.655,1.647,0.000,0.331,0.000,1584361,0,0,171254
9669,22.9328,1.592,1.887,1.878,0.000,0.260,0.000,1584671,0,0,171254
9670,22.9344,1.626,1.687,1.679,0.000,0.309,0.000,1619284,0,0,171254
9671,22.9361,1.634,1.592,1.583,0.000,0.259,0.000,1626720,0,0,171254
9672,22.9376,1.608,1.592,1.584,0.000,0.251,0.000,1601886,0,0,171254
9673,22.9410,2.910,1.626,1.618,0.000,0.595,0.000,2903618,0,0,171254
9674,22.9427,2.043,1.633,1.625,0.000,0.522,0.000,2032887,0,0,171254
9675,22.9444,1.757,1.608,1.601,0.000,0.311,0.000,1750605,0,0,171254
9676,22.9467,1.874,2.914,2.902,0.000,0.458,0.000,1867858,0,0,171254
9677,22.9485,2.246,2.039,2.031,0.000,0.566,0.000,2235960,0,0,171254
9678,22.9501,1.656,1.757,1.750,0.000,0.580,0.000,1649973,0,0,171254
9679,22.9517,1.565,1.877,1.867,0.000,0.358,0.000,1558447,0,0,171254
9680,22.9532,1.564,2.242,2.235,0.000,0.593,0.000,1556946,0,0,171254
9681,22.9549,1.543,1.656,1.649,0.000,0.320,0.000,1537274,0,0,171254
9682,22.9564,1.600,1.565,1.557,0.000,0.243,0.000,1594440,0,0,171254
9683,22.9580,1.581,1.563,1.556,0.000,0.246,0.000,1574371,0,0,171254
9684,22.9595,1.562,1.543,1.536,0.000,0.557,0.000,1554599,0,0,171254
9685,22.9611,1.481,1.601,1.593,0.000,0.293,0.000,1474923,0,0,171254
9686,22.9626,1.590,1.582,1.573,0.000,0.244,0.000,1583613,0,0,171254
9687,22.9651,1.504,1.561,1.554,0.000,0.229,0.000,1497147,0,0,171254
9688,22.9668,2.675,1.481,1.474,0.000,0.305,0.000,2669146,0,0,171254
9689,22.9685,1.635,1.590,1.583,0.000,0.254,0.000,1627499,0,0,171254
9690,22.9701,1.617,1.503,1.496,0.000,0.306,0.000,1610074,0,0,171254
9691,22.9716,1.599,2.677,2.668,0.000,0.255,0.000,1592615,0,0,171254
9692,22.9731,1.543,1.634,1.626,0.000,0.421,0.000,1536854,0,0,171350
9693,22.9746,1.488,1.617,1.609,0.000,0.253,0.000,1481423,0,0,171254
9694,22.9761,1.505,1.599,1.592,0.000,0.572,0.000,1498959,0,0,171254
9695,22.9777,1.511,1.543,1.536,0.000,0.341,0.000,1504880,0,0,171254
9696,22.9795,1.592,1.488,1.480,0.000,0.244,0.000,1585571,0,0,171254
9697,22.9813,1.793,1.505,1.498,0.000,0.251,0.000,1786890,0,0,171254
9698,22.9829,1.807,1.511,1.504,0.000,0.245,0.000,1800256,0,0,171254
9699,22.9845,1.611,1.592,1.584,0.000,0.340,0.000,1603493,0,0,171254
9700,22.9860,1.548,1.794,1.786,0.000,0.304,0.000,1541311,0,0,171254
9701,22.9886,1.528,1.807,1.799,0.000,0.543,0.000,1521333,0,0,171254
9702,22.9903,2.647,1.610,1.602,0.000,0.261,0.000,2640468,0,0,171254
9703,22.9918,1.616,1.548,1.540,0.000,0.250,0.000,1608952,0,0,171254
9704,22.9933,1.522,1.528,1.520,0.000,0.262,0.000,1515795,0,0,171254
9705,22.9949,1.535,2.647,2.639,0.000,0.232,0.000,1528429,0,0,171254
9706,22.9965,1.597,1.615,1.608,0.000,0.226,0.000,1590840,0,0,171254
9707,22.9981,1.579,1.522,1.515,0.000,0.221,0.000,1572574,0,0,171254
9708,22.9996,1.563,1.535,1.527,0.000,0.213,0.000,1556404,0,0,171254
9709,23.0013,1.545,1.597,1.590,0.000,0.279,0.000,1538188,0,0,171254
9710,23.0028,1.679,1.579,1.571,0.000,0.326,0.000,1672224,0,0,171254
9711,23.0043,1.510,1.563,1.555,0.000,0.256,0.000,1502923,0,0,171254
9712,23.0059,1.546,1.544,1.537,0.000,0.235,0.000,1539464,0,0,171254
9713,23.0075,1.548,1.679,1.671,0.000,0.234,0.000,1541027,0,0,171254
9714,23.0091,1.623,1.509,1.502,0.000,0.226,0.000,1616511,0,0,171254
9715,23.0118,1.639,1.546,1.538,0.000,0.235,0.000,1632305,0,0,171254
9716,23.0135,2.709,1.548,1.540,0.000,0.271,0.000,2702233,0,0,171254
9717,23.0152,1.735,1.623,1.615,0.000,0.299,0.000,1726999,0,0,171254
9718,23.0171,1.811,1.639,1.631,0.000,0.290,0.000,1803622,0,0,171254
9719,23.0188,1.722,2.711,2.701,0.000,0.252,0.000,1714993,0,0,171254
9720,23.0206,1.801,1.734,1.726,0.000,0.271,0.000,1794346,0,0,171254
9721,23.1003,79.358,1.811,1.802,0.000,0.292,0.000,79348615,0,0,190345
9722,23.1021,2.149,1.722,1.714,0.000,0.387,0.000,2138713,0,0,171352
9723,23.1036,1.666,1.803,1.793,0.000,0.408,0.000,1659095,0,0,171254
9724,23.1053,1.608,79.359,79.347,0.000,0.294,0.000,1600807,0,0,171254
9725,23.1068,1.559,2.145,2.137,0.000,0.286,0.000,1552108,0,0,171254
9726,23.1083,1.512,1.666,1.658,0.000,0.245,0.000,1505370,0,0,171254
9727,23.1099,1.525,1.608,1.600,0.000,0.226,0.000,1518183,0,0,171254
9728,23.1114,1.545,1.559,1.551,0.000,0.220,0.000,1538511,0,0,171254
9729,23.1140,1.534,1.512,1.504,0.000,0.230,0.000,1526913,0,0,171254
9730,23.1156,2.618,1.525,1.517,0.000,0.275,0.000,2612172,0,0,171254
9731,23.1171,1.576,1.546,1.537,0.000,0.367,0.000,1569167,0,0,171254
9732,23.1187,1.566,1.533,1.526,0.000,0.273,0.000,1559055,0,0,171254
9733,23.1203,1.537,2.619,2.611,0.000,0.264,0.000,1530488,0,0,171254
9734,23.1220,1.603,1.576,1.568,0.000,0.264,0.000,1596418,0,0,171254
9735,23.1235,1.691,1.565,1.558,0.000,0.614,0.000,1684731,0,0,171254
9736,23.1251,1.518,1.537,1.529,0.000,0.267,0.000,1510515,0,0,171254
9737,23.1266,1.550,1.603,1.595,0.000,0.403,0.000,1543571,0,0,171254
9738,23.1281,1.525,1.692,1.684,0.000,0.382,0.000,1517914,0,0,171254
9739,23.1299,1.670,1.517,1.509,0.000,0.390,0.000,1663276,0,0,171254
9740,23.1314,1.628,1.550,1.542,0.000,0.250,0.000,1618039,0,0,171254
9741,23.1329,1.530,1.525,1.517,0.000,0.350,0.000,1523012,0,0,171254
9742,23.1344,1.486,1.674,1.662,0.000,0.238,0.000,1479502,0,0,171254
9743,23.1370,1.531,1.624,1.616,0.000,0.228,0.000,1524754,0,0,171254
9744,23.1386,2.598,1.530,1.522,0.000,0.225,0.000,2591394,0,0,171254
9745,23.1402,1.615,1.486,1.478,0.000,0.230,0.000,1607719,0,0,171254
9746,23.1421,1.790,1.531,1.524,0.000,0.241,0.000,1783402,0,0,171254
9747,23.1440,1.883,2.599,2.590,0.000,0.234,0.000,1876134,0,0,171254
9748,23.1460,1.737,1.615,1.607,0.000,0.237,0.000,1728286,0,0,171254
9749,23.1477,1.993,1.790,1.782,0.000,0.367,0.000,1984813,0,0,171254
9750,23.1494,1.786,1.885,1.875,0.000,0.409,0.000,1777376,0,0,171254
9751,23.1511,1.647,1.736,1.727,0.000,0.401,0.000,1640383,0,0,171254
9752,23.1527,1.660,1.993,1.984,0.000,0.304,0.000,1652369,0,0,171350
9753,23.1548,1.627,1.785,1.776,0.000,0.287,0.000,1620714,0,0,171254
9754,23.1567,2.282,1.647,1.639,0.000,0.335,0.000,2276200,0,0,171254
9755,23.1585,1.763,1.659,1.651,0.000,0.312,0.000,1753560,0,0,171254
9756,23.1602,1.728,1.627,1.620,0.000,0.407,0.000,1718650,0,0,171254
9757,23.1633,1.759,2.286,2.275,0.000,0.392,0.000,1750783,0,0,171254
9758,23.1650,3.125,1.763,1.752,0.000,0.415,0.000,3116887,0,0,171254
9759,23.1666,1.619,1.727,1.717,0.000,0.397,0.000,1610551,0,0,171254
9760,23.1681,1.533,1.759,1.749,0.000,0.334,0.000,1526166,0,0,171254
9761,23.1696,1.521,3.125,3.116,0.000,0.265,0.000,1514002,0,0,171254
9762,23.1711,1.517,1.617,1.609,0.000,0.257,0.000,1510433,0,0,171254
9763,23.1727,1.534,1.533,1.525,0.000,0.242,0.000,1527648,0,0,171254
9764,23.1742,1.509,1.520,1.513,0.000,0.239,0.000,1502884,0,0,171254
9765,23.1757,1.505,1.517,1.509,0.000,0.228,0.000,1498757,0,0,171254
9766,23.1772,1.532,1.534,1.527,0.000,0.225,0.000,1524985,0,0,171254
9767,23.1788,1.526,1.510,1.502,0.000,0.232,0.000,1519648,0,0,171254
9768,23.1807,1.539,1.506,1.498,0.000,0.239,0.000,1532956,0,0,171254
9769,23.1824,1.971,1.532,1.524,0.000,0.315,0.000,1964378,0,0,171254
9770,23.1842,1.780,1.526,1.519,0.000,0.252,0.000,1773499,0,0,171254
9771,23.1869,1.781,1.539,1.532,0.000,0.261,0.000,1773751,0,0,171254
9772,23.1887,2.741,1.971,1.963,0.000,0.333,0.000,2734572,0,0,171254
9773,23.1904,1.747,1.781,1.773,0.000,0.642,0.000,1739620,0,0,171254
9774,23.1923,1.795,1.780,1.773,0.000,0.646,0.000,1788159,0,0,171254
9775,23.1942,1.899,2.742,2.733,0.000,0.705,0.000,1891471,0,0,171254
9776,23.1960,1.861,1.747,1.738,0.000,0.713,0.000,1853638,0,0,171254
9777,23.1978,1.757,1.796,1.787,0.000,0.433,0.000,1749467,0,0,171254
9778,23.1994,1.708,1.899,1.890,0.000,0.289,0.000,1701103,0,0,171254
9779,23.2012,1.638,1.861,1.852,0.000,0.261,0.000,1630776,0,0,171254
9780,23.2030,1.896,1.756,1.748,0.000,0.241,0.000,1888262,0,0,171254
9781,23.2048,1.770,1.708,1.700,0.000,0.251,0.000,1759678,0,0,171254
9782,23.2064,1.722,1.638,1.630,0.000,0.389,0.000,1715204,0,0,171350
9783,23.2081,1.668,1.899,1.887,0.000,0.329,0.000,1661233,0,0,171254
9784,23.2098,1.690,1.766,1.758,0.000,0.246,0.000,1682594,0,0,171254
9785,23.2114,1.604,1.722,1.714,0.000,0.245,0.000,1597760,0,0,171254
9786,23.2141,2.694,1.668,1.660,0.000,0.237,0.000,2686584,0,0,171254
9787,23.2157,1.678,1.689,1.682,0.000,0.304,0.000,1671440,0,0,171254
9788,23.2172,1.551,1.605,1.597,0.000,0.262,0.000,1544925,0,0,171254
9789,23.2188,1.549,2.693,2.685,0.000,0.256,0.000,1541843,0,0,171254
9790,23.2203,1.502,1.678,1.670,0.000,0.292,0.000,1496225,0,0,171254
9791,23.2219,1.504,1.552,1.544,0.000,0.255,0.000,1497642,0,0,171254
9792,23.2234,1.626,1.548,1.541,0.000,0.236,0.000,1619309,0,0,171254
9793,23.2250,1.555,1.503,1.495,0.000,0.301,0.000,1548018,0,0,171254
9794,23.2266,1.606,1.504,1.497,0.000,0.256,0.000,1599582,0,0,171254
9795,23.2281,1.497,1.626,1.618,0.000,0.248,0.000,1490752,0,0,171254
9796,23.2296,1.520,1.555,1.547,0.000,0.250,0.000,1513877,0,0,171254
9797,23.2311,1.536,1.606,1.598,0.000,0.239,0.000,1529622,0,0,171254
9798,23.2327,1.549,1.497,1.490,0.000,0.233,0.000,1542443,0,0,171254
9799,23.2342,1.535,1.520,1.513,0.000,0.215,0.000,1527879,0,0,171254
9800,23.2389,1.526,1.536,1.529,0.000,0.622,0.000,1519688,0,0,171254
9801,23.2411,5.005,1.550,1.541,0.000,0.303,0.000,4998948,0,0,171254
9802,23.2437,2.751,1.534,1.527,0.000,0.306,0.000,2741871,0,0,171254
9803,23.2454,1.814,1.526,1.519,0.000,0.734,0.000,1797094,0,0,171254
9804,23.2470,1.693,5.008,4.998,0.000,0.637,0.000,1684906,0,0,171254
9805,23.2487,1.651,2.759,2.741,0.000,0.471,0.000,1644319,0,0,171254
9806,23.2502,1.504,1.804,1.795,0.000,0.262,0.000,1497800,0,0,171254
9807,23.2517,1.542,1.692,1.684,0.000,0.339,0.000,1535817,0,0,171254
9808,23.2532,1.545,1.650,1.643,0.000,0.243,0.000,1538337,0,0,171254
9809,23.2548,1.519,1.504,1.497,0.000,0.285,0.000,1512756,0,0,171254
9810,23.2565,1.649,1.542,1.535,0.000,0.541,0.000,1643227,0,0,171254
9811,23.2583,1.772,1.545,1.537,0.000,0.561,0.000,1763822,0,0,171254
9812,23.2600,1.749,1.519,1.512,0.000,0.437,0.000,1739731,0,0,171350
9813,23.2621,1.717,1.651,1.642,0.000,0.412,0.000,1709331,0,0,171254
9814,23.2637,2.061,1.773,1.763,0.000,0.406,0.000,2051164,0,0,171254
9815,23.2653,1.555,1.748,1.738,0.000,0.411,0.000,1547970,0,0,171254
9816,23.2679,2.550,1.719,1.708,0.000,0.490,0.000,2543634,0,0,171254
9817,23.2695,1.626,2.058,2.050,0.000,0.273,0.000,1618650,0,0,171254
9818,23.2710,1.563,1.555,1.547,0.000,0.278,0.000,1556307,0,0,171254
9819,23.2727,1.571,2.551,2.542,0.000,0.248,0.000,1564703,0,0,171254
9820,23.2747,1.977,1.625,1.618,0.000,0.234,0.000,1967725,0,0,171254
9821,23.2763,1.671,1.563,1.555,0.000,0.444,0.000,1663982,0,0,171254
9822,23.2779,1.582,1.574,1.564,0.000,0.298,0.000,1575668,0,0,171254
9823,23.2794,1.616,1.975,1.966,0.000,0.244,0.000,1609604,0,0,171254
9824,23.2811,1.552,1.670,1.663,0.000,0.228,0.000,1545449,0,0,171254
9825,23.2827,1.677,1.582,1.575,0.000,0.614,0.000,1670955,0,0,171254
9826,23.2843,1.629,1.616,1.608,0.000,0.581,0.000,1621720,0,0,171254
9827,23.2859,1.619,1.552,1.544,0.000,0.364,0.000,1612355,0,0,171254
9828,23.2875,1.611,1.678,1.670,0.000,0.627,0.000,1604022,0,0,171254
9829,23.2902,1.612,1.629,1.621,0.000,0.570,0.000,1606337,0,0,171254
9830,23.2920,2.724,1.619,1.611,0.000,0.453,0.000,2716899,0,0,171254
9831,23.2937,1.784,1.610,1.603,0.000,0.265,0.000,1776176,0,0,171254
9832,23.2954,1.678,1.613,1.605,0.000,0.321,0.000,1671127,0,0,171254
9833,23.2972,1.746,2.725,2.716,0.000,0.454,0.000,1738538,0,0,171254
9834,23.2990,1.791,1.783,1.775,0.000,0.379,0.000,1783314,0,0,171254
9835,23.3006,1.740,1.678,1.670,0.000,0.619,0.000,1730556,0,0,171254
9836,23.3024,1.643,1.746,1.737,0.000,0.447,0.000,1635345,0,0,171254
9837,23.3041,1.790,1.792,1.782,0.000,0.596,0.000,1783316,0,0,171254
9838,23.3058,1.734,1.738,1.729,0.000,0.615,0.000,1726968,0,0,171254
9839,23.3075,1.686,1.642,1.634,0.000,0.607,0.000,1679018,0,0,171254
9840,23.3092,1.666,1.791,1.782,0.000,0.606,0.000,1658971,0,0,171254
9841,23.3110,1.756,1.734,1.726,0.000,0.359,0.000,1749231,0,0,190347
9842,23.3126,1.702,1.686,1.678,0.000,0.272,0.000,1694928,0,0,171350
9843,23.3154,1.697,1.666,1.658,0.000,0.247,0.000,1690030,0,0,171254
9844,23.3172,2.841,1.756,1.748,0.000,0.289,0.000,2834267,0,0,171254
9845,23.3190,1.768,1.702,1.694,0.000,0.343,0.000,1760017,0,0,171254
9846,23.3207,1.718,1.697,1.689,0.000,0.303,0.000,1710317,0,0,171254
9847,23.3225,1.681,2.842,2.833,0.000,0.267,0.000,1674330,0,0,171254
9848,23.3243,1.966,1.767,1.759,0.000,0.289,0.000,1959729,0,0,171254
9849,23.3260,1.697,1.717,1.709,0.000,0.317,0.000,1689371,0,0,171254
9850,23.3277,1.715,1.681,1.673,0.000,0.317,0.000,1708126,0,0,171254
9851,23.3294,1.654,1.967,1.959,0.000,0.284,0.000,1646919,0,0,171254
9852,23.3311,1.755,1.696,1.688,0.000,0.291,0.000,1748402,0,0,171254
9853,23.3327,1.616,1.715,1.707,0.000,0.330,0.000,1609029,0,0,171254
9854,23.3343,1.603,1.654,1.646,0.000,0.290,0.000,1595856,0,0,171254
9855,23.3360,1.668,1.755,1.747,0.000,0.635,0.000,1661238,0,0,171254
9856,23.3379,1.780,1.616,1.608,0.000,0.562,0.000,1774181,0,0,171254
9857,23.3407,1.761,1.602,1.595,0.000,0.354,0.000,1751778,0,0,171254
9858,23.3428,2.896,1.668,1.660,0.000,0.640,0.000,2888866,0,0,171254
9859,23.3446,2.041,1.783,1.773,0.000,0.344,0.000,2033211,0,0,171254
9860,23.3464,1.796,1.758,1.750,0.000,0.348,0.000,1788641,0,0,171254
9861,23.3480,1.740,2.896,2.888,0.000,0.362,0.000,1732647,0,0,171254
9862,23.3497,1.644,2.041,2.032,0.000,0.334,0.000,1636664,0,0,171254
9863,23.3513,1.619,1.796,1.788,0.000,0.325,0.000,1611785,0,0,171254
9864,23.3529,1.648,1.740,1.731,0.000,0.318,0.000,1641250,0,0,171254
9865,23.3545,1.599,1.644,1.636,0.000,0.307,0.000,1592432,0,0,171254
9866,23.3565,1.914,1.619,1.611,0.000,0.265,0.000,1907182,0,0,171254
9867,23.3581,1.650,1.648,1.640,0.000,0.263,0.000,1639792,0,0,171254
9868,23.3597,1.637,1.599,1.591,0.000,0.244,0.000,1630275,0,0,171254
9869,23.3614,1.564,1.918,1.906,0.000,0.321,0.000,1556958,0,0,171254
9870,23.3630,1.721,1.645,1.637,0.000,0.266,0.000,1714229,0,0,171254
9871,23.3656,1.653,1.637,1.629,0.000,0.667,0.000,1646715,0,0,171254
9872,23.3675,2.698,1.564,1.556,0.000,0.273,0.000,2691719,0,0,171350
9873,23.3692,1.798,1.721,1.713,0.000,0.312,0.000,1788978,0,0,171254
9874,23.3708,1.629,1.653,1.646,0.000,0.433,0.000,1623452,0,0,171254
9875,23.3723,1.591,2.700,2.690,0.000,0.336,0.000,1583730,0,0,171254
9876,23.3739,1.585,1.795,1.788,0.000,0.302,0.000,1578593,0,0,171254
9877,23.3755,1.553,1.630,1.622,0.000,0.273,0.000,1546352,0,0,171254
9878,23.3771,1.608,1.590,1.583,0.000,0.611,0.000,1601370,0,0,171254
9879,23.3789,1.720,1.586,1.577,0.000,0.354,0.000,1714094,0,0,171254
9880,23.3806,1.755,1.553,1.545,0.000,0.649,0.000,1748039,0,0,171254
9881,23.3824,1.644,1.607,1.600,0.000,0.621,0.000,1637933,0,0,171254
9882,23.3841,1.832,1.721,1.713,0.000,0.299,0.000,1824680,0,0,171254
9883,23.3856,1.600,1.754,1.747,0.000,0.270,0.000,1592974,0,0,171254
9884,23.3872,1.592,1.645,1.637,0.000,0.320,0.000,1584923,0,0,171254
9885,23.3898,1.623,1.832,1.824,0.000,0.263,0.000,1615771,0,0,171254
9886,23.3916,2.617,1.599,1.592,0.000,0.249,0.000,2610700,0,0,171254
9887,23.3942,2.077,1.592,1.584,0.000,0.244,0.000,2070417,0,0,171254
9888,23.3963,2.567,1.622,1.615,0.000,0.311,0.000,2555380,0,0,171254
9889,23.3980,1.835,2.618,2.610,0.000,0.333,0.000,1827249,0,0,171254
9890,23.3996,1.678,2.082,2.069,0.000,0.364,0.000,1670720,0,0,171254
9891,23.4014,1.568,2.563,2.554,0.000,0.672,0.000,1562100,0,0,171254
9892,23.4032,1.860,1.834,1.826,0.000,0.573,0.000,1853826,0,0,171254
9893,23.4050,1.835,1.677,1.670,0.000,0.516,0.000,1827469,0,0,171254
9894,23.4069,1.881,1.568,1.561,0.000,0.317,0.000,1872308,0,0,171254
9895,23.4085,1.725,1.861,1.853,0.000,0.562,0.000,1717217,0,0,171254
9896,23.4103,1.692,1.836,1.826,0.000,0.325,0.000,1685158,0,0,171254
9897,23.4119,1.668,1.880,1.871,0.000,0.297,0.000,1660100,0,0,171254
9898,23.4136,1.687,1.724,1.716,0.000,0.322,0.000,1680208,0,0,171254
9899,23.4166,1.804,1.693,1.684,0.000,0.334,0.000,1797105,0,0,171254
9900,23.4185,3.016,1.667,1.659,0.000,0.302,0.000,3007739,0,0,171254
9901,23.4203,1.836,1.687,1.679,0.000,0.358,0.000,1826774,0,0,171254
9902,23.4222,1.797,1.805,1.796,0.000,0.726,0.000,1788736,0,0,171350
9903,23.4240,1.813,3.017,3.007,0.000,0.400,0.000,1805578,0,0,171254
9904,23.4260,2.065,1.834,1.825,0.000,0.317,0.000,2058292,0,0,171254
9905,23.4279,1.867,1.796,1.788,0.000,0.322,0.000,1858983,0,0,171254
9906,23.4298,1.912,1.813,1.805,0.000,0.739,0.000,1904189,0,0,171254
9907,23.4319,1.992,2.066,2.057,0.000,0.350,0.000,1983745,0,0,171254
9908,23.4340,2.052,1.866,1.858,0.000,0.708,0.000,2044273,0,0,171254
9909,23.4362,2.216,1.912,1.903,0.000,0.707,0.000,2207456,0,0,171254
9910,23.4382,2.074,1.992,1.983,0.000,0.497,0.000,2064098,0,0,171254
9911,23.4402,2.018,2.053,2.043,0.000,0.396,0.000,2009190,0,0,171254
9912,23.4421,1.807,2.217,2.206,0.000,0.376,0.000,1798542,0,0,171814
9913,23.4449,1.964,2.072,2.063,0.000,0.300,0.000,1955637,0,0,171310
9914,23.4468,2.886,2.017,2.008,0.000,0.356,0.000,2877784,0,0,171254
9915,23.4485,1.755,1.807,1.797,0.000,0.282,0.000,1747332,0,0,171254
9916,23.4501,1.660,1.964,1.954,0.000,0.663,0.000,1653012,0,0,171254
9917,23.4518,1.651,2.886,2.877,0.000,0.355,0.000,1643407,0,0,171254
9918,23.4534,1.676,1.754,1.746,0.000,0.324,0.000,1669291,0,0,171254
9919,23.4551,1.626,1.660,1.652,0.000,0.692,0.000,1617822,0,0,171254
9920,23.4567,1.635,1.651,1.642,0.000,0.523,0.000,1627788,0,0,171254
9921,23.4582,1.568,1.677,1.668,0.000,0.324,0.000,1561184,0,0,171254
9922,23.4598,1.582,1.625,1.617,0.000,0.273,0.000,1575761,0,0,171254
9923,23.4614,1.540,1.634,1.627,0.000,0.272,0.000,1533583,0,0,171254
9924,23.4630,1.668,1.568,1.560,0.000,0.247,0.000,1660926,0,0,171254
9925,23.4647,1.629,1.582,1.575,0.000,0.267,0.000,1621399,0,0,171254
9926,23.4663,1.629,1.540,1.532,0.000,0.636,0.000,1622210,0,0,171254
9927,23.4689,1.599,1.668,1.660,0.000,0.338,0.000,1592571,0,0,171254
9928,23.4706,2.650,1.628,1.620,0.000,0.269,0.000,2642825,0,0,171254
9929,23.4722,1.627,1.629,1.621,0.000,0.328,0.000,1614660,0,0,171254
9930,23.4737,1.576,1.599,1.591,0.000,0.297,0.000,1569138,0,0,171254
9931,23.4752,1.505,2.655,2.642,0.000,0.269,0.000,1498824,0,0,171254
9932,23.4768,1.567,1.621,1.614,0.000,0.251,0.000,1560686,0,0,171350
9933,23.4784,1.560,1.576,1.568,0.000,0.256,0.000,1553746,0,0,171254
9934,23.4799,1.589,1.505,1.498,0.000,0.264,0.000,1582202,0,0,171254
9935,23.4816,1.522,1.567,1.560,0.000,0.257,0.000,1515316,0,0,171254
9936,23.4831,1.678,1.561,1.553,0.000,0.572,0.000,1671123,0,0,171254
9937,23.4847,1.556,1.589,1.581,0.000,0.331,0.000,1549123,0,0,171254
9938,23.4862,1.510,1.522,1.514,0.000,0.259,0.000,1503462,0,0,171254
9939,23.4877,1.504,1.678,1.670,0.000,0.250,0.000,1497176,0,0,171254
9940,23.4892,1.513,1.555,1.548,0.000,0.225,0.000,1507078,0,0,171254
9941,23.4918,1.567,1.510,1.503,0.000,0.229,0.000,1560401,0,0,171254
9942,23.4934,2.586,1.503,1.496,0.000,0.242,0.000,2579057,0,0,171254
9943,23.4950,1.624,1.513,1.506,0.000,0.320,0.000,1616695,0,0,171254
9944,23.4966,1.591,1.567,1.559,0.000,0.630,0.000,1584646,0,0,171254
9945,23.4982,1.606,2.586,2.578,0.000,0.585,0.000,1598576,0,0,171254
9946,23.4999,1.649,1.623,1.616,0.000,0.339,0.000,1642665,0,0,171254
9947,23.5015,1.588,1.592,1.584,0.000,0.265,0.000,1581665,0,0,171254
9948,23.5031,1.663,1.605,1.597,0.000,0.671,0.000,1656314,0,0,171254
9949,23.5046,1.523,1.649,1.642,0.000,0.617,0.000,1516582,0,0,171254
9950,23.5061,1.513,1.588,1.580,0.000,0.551,0.000,1506577,0,0,171254
9951,23.5077,1.539,1.663,1.655,0.000,0.552,0.000,1532265,0,0,171254
9952,23.5101,1.864,1.523,1.515,0.000,0.287,0.000,1857680,0,0,171254
9953,23.5123,2.536,1.513,1.506,0.000,0.270,0.000,2525978,0,0,171254
9954,23.5140,1.850,1.539,1.531,0.000,0.258,0.000,1839764,0,0,171254
9955,23.5155,1.619,1.869,1.856,0.000,0.392,0.000,1612077,0,0,171254
9956,23.5182,2.609,2.535,2.523,0.000,0.579,0.000,2602550,0,0,171254
9957,23.5198,1.666,1.846,1.838,0.000,0.322,0.000,1658510,0,0,171254
9958,23.5215,1.525,1.619,1.611,0.000,0.330,0.000,1519120,0,0,171254
9959,23.5231,1.719,2.610,2.601,0.000,0.258,0.000,1712839,0,0,171254
9960,23.5246,1.595,1.665,1.657,0.000,0.242,0.000,1587616,0,0,171254
9961,23.5263,1.601,1.525,1.518,0.000,0.253,0.000,1594557,0,0,190345
9962,23.5279,1.680,1.720,1.712,0.000,0.234,0.000,1673219,0,0,171350
9963,23.5295,1.567,1.594,1.586,0.000,0.226,0.000,1560259,0,0,171254
9964,23.5310,1.530,1.601,1.593,0.000,0.600,0.000,1523720,0,0,171254
9965,23.5326,1.604,1.679,1.672,0.000,0.543,0.000,1597341,0,0,171254
9966,23.5341,1.530,1.566,1.559,0.000,0.473,0.000,1523516,0,0,171254
9967,23.5356,1.505,1.530,1.523,0.000,0.282,0.000,1498662,0,0,171254
9968,23.5372,1.507,1.604,1.596,0.000,0.615,0.000,1500747,0,0,171254
9969,23.5387,1.517,1.530,1.522,0.000,0.349,0.000,1510825,0,0,171254
9970,23.5415,2.663,1.505,1.498,0.000,0.578,0.000,2656792,0,0,171254
9971,23.5433,1.801,1.507,1.500,0.000,0.351,0.000,1793937,0,0,171254
9972,23.5450,1.745,1.517,1.510,0.000,0.306,0.000,1734671,0,0,171254
9973,23.5467,1.702,2.664,2.656,0.000,0.433,0.000,1694171,0,0,171254
9974,23.5482,1.607,1.804,1.793,0.000,0.417,0.000,1598821,0,0,171254
9975,23.5498,1.547,1.743,1.734,0.000,0.424,0.000,1540767,0,0,171254
9976,23.5515,1.612,1.702,1.693,0.000,0.279,0.000,1605298,0,0,171254
9977,23.5532,1.731,1.605,1.598,0.000,0.601,0.000,1724324,0,0,171254
9978,23.5548,1.678,1.548,1.540,0.000,0.345,0.000,1670573,0,0,171254
9979,23.5564,1.588,1.612,1.604,0.000,0.363,0.000,1581271,0,0,171254
9980,23.5580,1.596,1.731,1.723,0.000,0.250,0.000,1589159,0,0,171254
9981,23.5596,1.602,1.677,1.670,0.000,0.306,0.000,1595291,0,0,171254
9982,23.5614,1.613,1.588,1.580,0.000,0.298,0.000,1606831,0,0,171254
9983,23.5633,1.758,1.595,1.588,0.000,0.259,0.000,1751885,0,0,171254
9984,23.5662,1.968,1.601,1.594,0.000,0.288,0.000,1675444,0,0,171254
9985,23.5681,3.040,1.613,1.606,0.000,0.276,0.000,3030608,0,0,171254
9986,23.5698,1.775,2.045,1.751,0.000,0.319,0.000,1767714,0,0,171254
9987,23.5715,1.694,1.684,1.674,0.000,0.511,0.000,1687591,0,0,171254
9988,23.5734,1.723,3.038,3.029,0.000,0.354,0.000,1715811,0,0,171254
9989,23.5752,1.905,1.774,1.766,0.000,0.324,0.000,1897364,0,0,171254
9990,23.5777,1.973,1.695,1.686,0.000,0.302,0.000,1965329,0,0,171254
9991,23.5800,2.482,1.723,1.715,0.000,0.278,0.000,2473810,0,0,171254
9992,23.5827,2.270,1.905,1.896,0.000,0.643,0.000,2262500,0,0,171350
9993,23.5847,2.702,1.973,1.964,0.000,0.700,0.000,2695180,0,0,171254
9994,23.5865,1.899,2.481,2.472,0.000,0.537,0.000,1890203,0,0,171254
9995,23.5883,1.786,2.270,2.261,0.000,0.351,0.000,1777994,0,0,171254
9996,23.5901,1.792,2.704,2.694,0.000,0.286,0.000,1784816,0,0,171254
9997,23.5920,1.777,1.898,1.889,0.000,0.270,0.000,1769700,0,0,171254
9998,23.5950,2.047,1.785,1.777,0.000,0.342,0.000,2039656,0,0,171254
9999,23.5971,3.115,1.793,1.784,0.000,0.286,0.000,3107867,0,0,171254
10000,23.5990,1.932,1.777,1.768,0.000,0.676,0.000,1923672,0,0,171254
10001,23.6008,1.811,2.047,2.038,0.000,0.311,0.000,1803560,0,0,171256
10002,23.6027,1.808,3.116,3.107,0.000,0.315,0.000,1801116,0,0,171256
10003,23.6044,1.862,1.931,1.923,0.000,0.346,0.000,1854083,0,0,171256
10004,23.6061,1.729,1.811,1.802,0.000,0.380,0.000,1722070,0,0,171256
10005,23.6079,1.761,1.809,1.800,0.000,0.323,0.000,1754254,0,0,171256
10006,23.6097,1.793,1.861,1.853,0.000,0.343,0.000,1786217,0,0,171256
10007,23.6116,1.846,1.729,1.721,0.000,0.351,0.000,1839274,0,0,171256
10008,23.6135,1.898,1.761,1.753,0.000,0.625,0.000,1890109,0,0,171256
10009,23.6153,1.841,1.793,1.785,0.000,0.315,0.000,1832984,0,0,171256
10010,23.6171,1.771,1.847,1.838,0.000,0.279,0.000,1762969,0,0,171256
10011,23.6188,1.748,1.898,1.889,0.000,0.326,0.000,1740778,0,0,171256
10012,23.6216,1.701,1.841,1.831,0.000,0.277,0.000,1693056,0,0,171256
10013,23.6236,2.944,1.770,1.762,0.000,0.286,0.000,2936967,0,0,171256
10014,23.6253,1.905,1.749,1.739,0.000,0.247,0.000,1896999,0,0,171256
10015,23.6269,1.677,1.700,1.692,0.000,0.267,0.000,1668859,0,0,171256
10016,23.6285,1.598,2.945,2.936,0.000,0.666,0.000,1591329,0,0,171256
10017,23.6303,1.679,1.905,1.896,0.000,0.605,0.000,1672596,0,0,171256
10018,23.6319,1.655,1.676,1.667,0.000,0.572,0.000,1648620,0,0,171256
10019,23.6335,1.622,1.598,1.590,0.000,0.290,0.000,1615042,0,0,171256
10020,23.6351,1.641,1.679,1.671,0.000,0.258,0.000,1634170,0,0,171256
10021,23.6368,1.570,1.656,1.647,0.000,0.257,0.000,1563492,0,0,171256
10022,23.6384,1.682,1.622,1.614,0.000,0.251,0.000,1675456,0,0,171352
10023,23.6399,1.578,1.641,1.633,0.000,0.264,0.000,1570995,0,0,171256
10024,23.6422,1.547,1.570,1.562,0.000,0.322,0.000,1540667,0,0,171256
10025,23.6445,2.807,1.682,1.674,0.000,0.294,0.000,2800973,0,0,171256
10026,23.6476,1.900,1.577,1.570,0.000,0.269,0.000,1887101,0,0,171256
10027,23.6494,3.128,1.547,1.540,0.000,0.307,0.000,3121630,0,0,171256
10028,23.6511,1.720,2.814,2.800,0.000,0.306,0.000,1712639,0,0,171256
10029,23.6527,1.626,1.894,1.885,0.000,0.673,0.000,1619425,0,0,171256
10030,23.6544,1.607,3.129,3.120,0.000,0.586,0.000,1601315,0,0,171256
10031,23.6560,1.640,1.719,1.711,0.000,0.508,0.000,1632365,0,0,171256
10032,23.6577,1.672,1.626,1.618,0.000,0.431,0.000,1666081,0,0,171256
10033,23.6594,1.730,1.609,1.600,0.000,0.420,0.000,1721881,0,0,171256
10034,23.6612,1.705,1.639,1.631,0.000,0.467,0.000,1697674,0,0,171256
10035,23.6629,1.738,1.674,1.665,0.000,0.280,0.000,1731159,0,0,171256
10036,23.6647,1.938,1.729,1.721,0.000,0.282,0.000,1930805,0,0,171256
10037,23.6664,1.629,1.704,1.697,0.000,0.268,0.000,1622083,0,0,171256
10038,23.6681,1.668,1.738,1.730,0.000,0.250,0.000,1661143,0,0,171256
10039,23.6696,1.607,1.937,1.930,0.000,0.260,0.000,1600871,0,0,171256
10040,23.6721,1.529,1.629,1.621,0.000,0.249,0.000,1522750,0,0,171256
10041,23.6739,2.610,1.668,1.660,0.000,0.247,0.000,2603595,0,0,171256
10042,23.6755,1.687,1.608,1.600,0.000,0.230,0.000,1679900,0,0,171256
10043,23.6771,1.584,1.529,1.522,0.000,0.263,0.000,1576859,0,0,171256
10044,23.6787,1.653,2.611,2.603,0.000,0.234,0.000,1646158,0,0,171256
10045,23.6804,1.686,1.687,1.679,0.000,0.220,0.000,1679048,0,0,171256
10046,23.6821,1.633,1.584,1.576,0.000,0.269,0.000,1626747,0,0,171256
10047,23.6838,1.801,1.653,1.645,0.000,0.230,0.000,1794204,0,0,171256
10048,23.6855,1.654,1.686,1.678,0.000,0.226,0.000,1646863,0,0,171256
10049,23.6872,1.642,1.634,1.626,0.000,0.658,0.000,1636107,0,0,171256
10050,23.6888,1.672,1.802,1.793,0.000,0.589,0.000,1664869,0,0,171256
10051,23.6904,1.626,1.653,1.646,0.000,0.237,0.000,1619096,0,0,171256
10052,23.6920,1.635,1.643,1.635,0.000,0.298,0.000,1628727,0,0,171352
10053,23.6936,1.578,1.672,1.664,0.000,0.258,0.000,1571707,0,0,171256
10054,23.6961,1.544,1.626,1.618,0.000,0.253,0.000,1537212,0,0,171256
10055,23.6979,2.712,1.636,1.628,0.000,0.306,0.000,2705904,0,0,171256
10056,23.6995,1.654,1.578,1.571,0.000,0.239,0.000,1647279,0,0,171256
10057,23.7012,1.571,1.543,1.536,0.000,0.652,0.000,1564414,0,0,171256
10058,23.7028,1.709,2.713,2.705,0.000,0.461,0.000,1702233,0,0,171256
10059,23.7043,1.517,1.654,1.646,0.000,0.272,0.000,1509167,0,0,171256
10060,23.7058,1.520,1.571,1.563,0.000,0.248,0.000,1514318,0,0,171256
10061,23.7073,1.512,1.710,1.701,0.000,0.241,0.000,1505695,0,0,171256
10062,23.7091,1.558,1.515,1.508,0.000,0.251,0.000,1551921,0,0,171256
10063,23.7107,1.746,1.521,1.513,0.000,0.658,0.000,1739251,0,0,171256
10064,23.7122,1.588,1.512,1.505,0.000,0.447,0.000,1581888,0,0,171256
10065,23.7138,1.558,1.558,1.551,0.000,0.289,0.000,1550983,0,0,171256
10066,23.7154,1.584,1.745,1.738,0.000,0.312,0.000,1577756,0,0,171256
10067,23.7169,1.549,1.588,1.581,0.000,0.261,0.000,1542511,0,0,171256
10068,23.7185,1.564,1.557,1.550,0.000,0.251,0.000,1556945,0,0,171256
10069,23.7213,2.613,1.584,1.577,0.000,0.264,0.000,2606488,0,0,171256
10070,23.7229,1.767,1.549,1.541,0.000,0.263,0.000,1759944,0,0,171256
10071,23.7244,1.582,1.564,1.556,0.000,0.251,0.000,1574655,0,0,171256
10072,23.7259,1.524,2.614,2.605,0.000,0.309,0.000,1517432,0,0,171256
10073,23.7275,1.531,1.767,1.759,0.000,0.236,0.000,1524234,0,0,171256
10074,23.7291,1.563,1.581,1.574,0.000,0.225,0.000,1556689,0,0,171256
10075,23.7306,1.553,1.524,1.516,0.000,0.236,0.000,1547011,0,0,171256
10076,23.7321,1.530,1.530,1.523,0.000,0.236,0.000,1523331,0,0,171256
10077,23.7337,1.545,1.563,1.556,0.000,0.239,0.000,1538587,0,0,171256
10078,23.7352,1.523,1.553,1.546,0.000,0.652,0.000,1516661,0,0,171256
10079,23.7367,1.541,1.530,1.522,0.000,0.362,0.000,1534466,0,0,171256
10080,23.7383,1.550,1.545,1.537,0.000,0.587,0.000,1543580,0,0,171256
10081,23.7401,1.697,1.523,1.516,0.000,0.270,0.000,1689047,0,0,190509
10082,23.7418,1.630,1.541,1.533,0.000,0.681,0.000,1624060,0,0,171352
10083,23.7460,1.669,1.552,1.542,0.000,0.606,0.000,1662999,0,0,171256
10084,23.7486,5.039,1.695,1.688,0.000,0.606,0.000,5032657,0,0,171256
10085,23.7512,2.748,1.631,1.623,0.000,0.333,0.000,2737847,0,0,171256
10086,23.7528,1.724,1.670,1.662,0.000,0.342,0.000,1715344,0,0,171256
10087,23.7544,1.605,5.044,5.032,0.000,0.302,0.000,1597436,0,0,171256
10088,23.7560,1.596,2.745,2.735,0.000,0.295,0.000,1589663,0,0,171256
10089,23.7575,1.525,1.722,1.713,0.000,0.246,0.000,1519000,0,0,171256
10090,23.7591,1.551,1.604,1.596,0.000,0.247,0.000,1543606,0,0,171256
10091,23.7606,1.525,1.596,1.589,0.000,0.298,0.000,1518611,0,0,171256
10092,23.7623,1.532,1.526,1.518,0.000,0.579,0.000,1525632,0,0,171256
10093,23.7639,1.728,1.550,1.542,0.000,0.579,0.000,1721640,0,0,171256
10094,23.7655,1.596,1.525,1.518,0.000,0.349,0.000,1589288,0,0,171256
10095,23.7671,1.593,1.532,1.524,0.000,0.606,0.000,1586486,0,0,171256
10096,23.7686,1.579,1.729,1.721,0.000,0.588,0.000,1572383,0,0,171256
10097,23.7703,1.571,1.596,1.588,0.000,0.568,0.000,1564258,0,0,171256
10098,23.7718,1.595,1.593,1.585,0.000,0.559,0.000,1587937,0,0,171256
10099,23.7744,2.561,1.579,1.571,0.000,0.309,0.000,2554989,0,0,171256
10100,23.7761,1.675,1.571,1.563,0.000,0.241,0.000,1666195,0,0,171256
10101,23.7776,1.575,1.594,1.587,0.000,0.267,0.000,1567993,0,0,171256
10102,23.7791,1.530,2.564,2.554,0.000,0.248,0.000,1523553,0,0,171256
10103,23.7807,1.531,1.673,1.665,0.000,0.235,0.000,1524063,0,0,171256
10104,23.7823,1.509,1.575,1.567,0.000,0.225,0.000,1502223,0,0,171256
10105,23.7839,1.653,1.530,1.523,0.000,0.219,0.000,1646226,0,0,171256
10106,23.7854,1.571,1.531,1.523,0.000,0.230,0.000,1563462,0,0,171256
10107,23.7869,1.523,1.509,1.501,0.000,0.603,0.000,1517510,0,0,171256
10108,23.7885,1.535,1.653,1.645,0.000,0.578,0.000,1528792,0,0,171256
10109,23.7902,1.683,1.569,1.562,0.000,0.564,0.000,1676712,0,0,171256
10110,23.7918,1.631,1.524,1.517,0.000,0.655,0.000,1624301,0,0,171256
10111,23.7934,1.592,1.535,1.528,0.000,0.605,0.000,1585222,0,0,171256
10112,23.7959,1.597,1.684,1.676,0.000,0.329,0.000,1590476,0,0,171352
10113,23.7976,2.547,1.631,1.623,0.000,0.254,0.000,2540440,0,0,171256
10114,23.7992,1.700,1.592,1.584,0.000,0.510,0.000,1693047,0,0,171256
10115,23.8007,1.541,1.597,1.589,0.000,0.580,0.000,1534241,0,0,171256
10116,23.8024,1.510,2.547,2.539,0.000,0.578,0.000,1503473,0,0,171256
10117,23.8039,1.640,1.699,1.692,0.000,0.554,0.000,1633566,0,0,171256
10118,23.8055,1.543,1.540,1.533,0.000,0.556,0.000,1536536,0,0,171256
10119,23.8070,1.580,1.510,1.502,0.000,0.546,0.000,1573640,0,0,171256
10120,23.8086,1.571,1.640,1.633,0.000,0.660,0.000,1564329,0,0,171256
10121,23.8102,1.597,1.543,1.535,0.000,0.311,0.000,1589630,0,0,171256
10122,23.8118,1.579,1.580,1.573,0.000,0.281,0.000,1572033,0,0,171256
10123,23.8133,1.527,1.572,1.563,0.000,0.254,0.000,1520667,0,0,171256
10124,23.8148,1.516,1.596,1.588,0.000,0.232,0.000,1509698,0,0,171256
10125,23.8163,1.487,1.578,1.571,0.000,0.232,0.000,1480655,0,0,171256
10126,23.8189,1.544,1.527,1.520,0.000,0.219,0.000,1537734,0,0,171256
10127,23.8207,2.750,1.516,1.509,0.000,0.222,0.000,2743128,0,0,171256
10128,23.8225,1.748,1.487,1.480,0.000,0.593,0.000,1740230,0,0,171256
10129,23.8241,1.727,1.544,1.537,0.000,0.647,0.000,1719703,0,0,171256
10130,23.8257,1.633,2.751,2.742,0.000,0.337,0.000,1626336,0,0,171256
10131,23.8273,1.563,1.747,1.739,0.000,0.318,0.000,1555725,0,0,171256
10132,23.8288,1.540,1.727,1.719,0.000,0.258,0.000,1533659,0,0,171256
10133,23.8305,1.660,1.633,1.625,0.000,0.247,0.000,1652768,0,0,171256
10134,23.8323,1.715,1.563,1.555,0.000,0.251,0.000,1706731,0,0,171256
10135,23.8341,1.795,1.540,1.532,0.000,0.640,0.000,1788598,0,0,171256
10136,23.8360,1.850,1.661,1.652,0.000,0.602,0.000,1842289,0,0,171256
10137,23.8378,1.840,1.714,1.705,0.000,0.655,0.000,1832606,0,0,171256
10138,23.8395,1.746,1.796,1.787,0.000,0.649,0.000,1738757,0,0,171256
10139,23.8412,1.666,1.850,1.841,0.000,0.350,0.000,1659078,0,0,171256
10140,23.8439,1.756,1.840,1.831,0.000,0.264,0.000,1748309,0,0,171256
10141,23.8456,2.658,1.746,1.738,0.000,0.257,0.000,2649981,0,0,171256
10142,23.8474,1.789,1.666,1.658,0.000,0.246,0.000,1781438,0,0,171352
10143,23.8491,1.746,1.756,1.747,0.000,0.342,0.000,1738935,0,0,171256
10144,23.8508,1.722,2.658,2.649,0.000,0.322,0.000,1714082,0,0,171256
10145,23.8525,1.717,1.789,1.780,0.000,0.657,0.000,1710004,0,0,171256
10146,23.8542,1.703,1.746,1.738,0.000,0.288,0.000,1695645,0,0,171256
10147,23.8559,1.696,1.721,1.713,0.000,0.655,0.000,1689090,0,0,171256
10148,23.8576,1.698,1.718,1.709,0.000,0.628,0.000,1691119,0,0,171256
10149,23.8593,1.650,1.702,1.695,0.000,0.616,0.000,1643453,0,0,171256
10150,23.8611,1.706,1.696,1.688,0.000,0.348,0.000,1698689,0,0,171256
10151,23.8630,1.906,1.698,1.690,0.000,0.599,0.000,1898972,0,0,171256
10152,23.8651,1.995,1.651,1.642,0.000,0.600,0.000,1987478,0,0,171256
10153,23.8672,2.100,1.706,1.698,0.000,0.396,0.000,2091322,0,0,171256
10154,23.8703,2.026,1.907,1.898,0.000,0.387,0.000,2017018,0,0,171256
10155,23.8724,3.214,1.996,1.986,0.000,0.379,0.000,3206061,0,0,171256
10156,23.8745,2.093,2.100,2.090,0.000,0.727,0.000,2084915,0,0,171256
10157,23.8764,1.980,2.025,2.016,0.000,0.755,0.000,1971038,0,0,171256
10158,23.8784,1.910,3.215,3.205,0.000,0.392,0.000,1901965,0,0,171256
10159,23.8804,2.010,2.094,2.084,0.000,0.714,0.000,2002087,0,0,171256
10160,23.8825,1.912,1.979,1.970,0.000,0.497,0.000,1904321,0,0,171256
10161,23.8846,2.283,1.910,1.901,0.000,0.675,0.000,2275398,0,0,171256
10162,23.8865,2.003,2.010,2.001,0.000,0.362,0.000,1993907,0,0,171256
10163,23.8884,1.895,1.912,1.903,0.000,0.415,0.000,1886908,0,0,171256
10164,23.8903,1.868,2.284,2.274,0.000,0.370,0.000,1859700,0,0,171256
10165,23.8923,1.974,2.002,1.993,0.000,0.289,0.000,1965839,0,0,171256
10166,23.8941,1.860,1.895,1.886,0.000,0.312,0.000,1851812,0,0,171256
10167,23.8958,1.733,1.868,1.858,0.000,0.303,0.000,1725504,0,0,171256
10168,23.8985,1.693,1.974,1.965,0.000,0.273,0.000,1685355,0,0,171256
10169,23.9005,2.895,1.859,1.850,0.000,0.261,0.000,2887439,0,0,171256
10170,23.9024,1.869,1.733,1.724,0.000,0.236,0.000,1860407,0,0,171256
10171,23.9041,1.862,1.693,1.684,0.000,0.375,0.000,1854070,0,0,171256
10172,23.9057,1.671,2.896,2.886,0.000,0.287,0.000,1663234,0,0,171352
10173,23.9073,1.589,1.868,1.859,0.000,0.265,0.000,1581911,0,0,171256
10174,23.9089,1.572,1.861,1.853,0.000,0.243,0.000,1564435,0,0,171256
10175,23.9104,1.576,1.670,1.662,0.000,0.336,0.000,1569292,0,0,171256
10176,23.9120,1.589,1.589,1.581,0.000,0.462,0.000,1582507,0,0,171256
10177,23.9136,1.568,1.571,1.563,0.000,0.434,0.000,1561036,0,0,171256
10178,23.9152,1.594,1.576,1.568,0.000,0.335,0.000,1587453,0,0,171256
10179,23.9168,1.588,1.589,1.581,0.000,0.260,0.000,1580764,0,0,171256
10180,23.9183,1.553,1.568,1.560,0.000,0.273,0.000,1545874,0,0,171256
10181,23.9199,1.558,1.594,1.586,0.000,0.247,0.000,1551477,0,0,171256
10182,23.9226,1.560,1.588,1.580,0.000,0.244,0.000,1552660,0,0,171256
10183,23.9243,2.783,1.553,1.545,0.000,0.304,0.000,2776911,0,0,171256
10184,23.9259,1.646,1.558,1.550,0.000,0.244,0.000,1638884,0,0,171256
10185,23.9274,1.520,1.559,1.552,0.000,0.292,0.000,1513208,0,0,171256
10186,23.9289,1.527,2.785,2.776,0.000,0.251,0.000,1520057,0,0,171256
10187,23.9305,1.564,1.645,1.638,0.000,0.225,0.000,1558155,0,0,171256
10188,23.9321,1.579,1.520,1.512,0.000,0.222,0.000,1572548,0,0,171256
10189,23.9336,1.575,1.526,1.519,0.000,0.317,0.000,1568049,0,0,171256
10190,23.9352,1.568,1.565,1.557,0.000,0.265,0.000,1561682,0,0,171256
10191,23.9367,1.560,1.579,1.571,0.000,0.294,0.000,1553051,0,0,171256
10192,23.9383,1.546,1.575,1.567,0.000,0.259,0.000,1539261,0,0,171256
10193,23.9399,1.555,1.568,1.561,0.000,0.265,0.000,1548705,0,0,171256
10194,23.9415,1.539,1.560,1.552,0.000,0.238,0.000,1533069,0,0,171256
10195,23.9431,1.716,1.546,1.538,0.000,0.225,0.000,1708876,0,0,171256
10196,23.9457,1.559,1.555,1.548,0.000,0.650,0.000,1552125,0,0,171256
10197,23.9474,2.662,1.540,1.532,0.000,0.318,0.000,2655822,0,0,171256
10198,23.9491,1.696,1.716,1.708,0.000,0.266,0.000,1688855,0,0,171256
10199,23.9507,1.650,1.559,1.551,0.000,0.304,0.000,1642401,0,0,171256
10200,23.9522,1.555,2.663,2.655,0.000,0.476,0.000,1547832,0,0,171256
10201,23.9541,1.681,1.696,1.687,0.000,0.551,0.000,1674548,0,0,190587
10202,23.9557,1.741,1.649,1.641,0.000,0.252,0.000,1733543,0,0,171352
10203,23.9573,1.609,1.554,1.547,0.000,0.309,0.000,1602879,0,0,171256
10204,23.9589,1.604,1.682,1.673,0.000,0.386,0.000,1597535,0,0,171256
10205,23.9604,1.546,1.740,1.732,0.000,0.630,0.000,1539776,0,0,171256
10206,23.9621,1.547,1.610,1.602,0.000,0.621,0.000,1541261,0,0,171256
10207,23.9637,1.690,1.604,1.596,0.000,0.295,0.000,1683401,0,0,171256
10208,23.9653,1.602,1.546,1.539,0.000,0.238,0.000,1594686,0,0,171256
10209,23.9669,1.593,1.548,1.540,0.000,0.605,0.000,1586676,0,0,171816
10210,23.9695,1.567,1.690,1.682,0.000,0.592,0.000,1560915,0,0,171312
10211,23.9712,2.701,1.601,1.594,0.000,0.560,0.000,2694996,0,0,171256
10212,23.9727,1.639,1.593,1.586,0.000,0.579,0.000,1632122,0,0,171256
10213,23.9743,1.525,1.567,1.560,0.000,0.335,0.000,1517963,0,0,171256
10214,23.9758,1.518,2.701,2.694,0.000,0.305,0.000,1511780,0,0,171256
10215,23.9773,1.506,1.639,1.631,0.000,0.347,0.000,1499823,0,0,171256
10216,23.9789,1.607,1.524,1.517,0.000,0.410,0.000,1600647,0,0,171256
10217,23.9806,1.588,1.518,1.511,0.000,0.237,0.000,1581301,0,0,171256
10218,23.9823,1.648,1.506,1.499,0.000,0.308,0.000,1640997,0,0,171256
10219,23.9838,1.675,1.607,1.600,0.000,0.458,0.000,1668568,0,0,171256
10220,23.9853,1.542,1.588,1.580,0.000,0.445,0.000,1535906,0,0,171256
10221,23.9868,1.523,1.648,1.640,0.000,0.426,0.000,1516403,0,0,171256
10222,23.9884,1.487,1.675,1.668,0.000,0.412,0.000,1480482,0,0,171256
10223,23.9899,1.557,1.543,1.535,0.000,0.386,0.000,1550828,0,0,171256
10224,23.9924,1.537,1.523,1.515,0.000,0.394,0.000,1529902,0,0,171256
10225,23.9941,2.534,1.487,1.479,0.000,0.404,0.000,2527478,0,0,171256
10226,23.9957,1.676,1.558,1.550,0.000,0.319,0.000,1668555,0,0,171256
10227,23.9972,1.555,1.536,1.529,0.000,0.655,0.000,1548427,0,0,171256
10228,23.9988,1.559,2.535,2.526,0.000,0.576,0.000,1552501,0,0,171256
10229,24.0004,1.564,1.675,1.667,0.000,0.600,0.000,1557094,0,0,171256
10230,24.0020,1.596,1.555,1.547,0.000,0.277,0.000,1589595,0,0,171256
10231,24.0036,1.644,1.559,1.551,0.000,0.243,0.000,1637824,0,0,171256
10232,24.0051,1.537,1.563,1.556,0.000,0.241,0.000,1530122,0,0,171352
10233,24.0067,1.516,1.596,1.589,0.000,0.237,0.000,1509180,0,0,171256
10234,24.0082,1.551,1.645,1.637,0.000,0.226,0.000,1544201,0,0,171256
10235,24.0097,1.585,1.537,1.529,0.000,0.223,0.000,1578464,0,0,171256
10236,24.0113,1.507,1.516,1.508,0.000,0.217,0.000,1501027,0,0,171256
10237,24.0128,1.529,1.551,1.543,0.000,0.305,0.000,1522987,0,0,171256
10238,24.0144,1.578,1.585,1.577,0.000,0.248,0.000,1571477,0,0,171256
10239,24.0170,2.527,1.508,1.500,0.000,0.547,0.000,2520790,0,0,171256
10240,24.0185,1.588,1.529,1.522,0.000,0.560,0.000,1581720,0,0,171256
10241,24.0200,1.531,1.578,1.570,0.000,0.335,0.000,1524650,0,0,171256
10242,24.0217,1.521,2.527,2.520,0.000,0.258,0.000,1514794,0,0,171256
10243,24.0232,1.666,1.588,1.581,0.000,0.233,0.000,1660306,0,0,171256
10244,24.0247,1.517,1.531,1.524,0.000,0.239,0.000,1509837,0,0,171256
10245,24.0262,1.498,1.521,1.514,0.000,0.226,0.000,1491430,0,0,171256
10246,24.0277,1.525,1.667,1.659,0.000,0.216,0.000,1518166,0,0,171256
10247,24.0293,1.506,1.516,1.509,0.000,0.217,0.000,1499603,0,0,171256
10248,24.0308,1.532,1.498,1.490,0.000,0.300,0.000,1525384,0,0,171256
10249,24.0324,1.554,1.525,1.517,0.000,0.243,0.000,1547155,0,0,171256
10250,24.0339,1.561,1.506,1.498,0.000,0.300,0.000,1554881,0,0,171256
10251,24.0354,1.534,1.532,1.524,0.000,0.255,0.000,1527622,0,0,171256
10252,24.0369,1.510,1.553,1.546,0.000,0.244,0.000,1503815,0,0,171256
10253,24.0394,2.423,1.562,1.554,0.000,0.256,0.000,2417256,0,0,171256
10254,24.0412,1.664,1.534,1.526,0.000,0.230,0.000,1655802,0,0,171256
10255,24.0428,1.725,1.510,1.503,0.000,0.228,0.000,1717941,0,0,171256
10256,24.0443,1.561,2.426,2.416,0.000,0.242,0.000,1554014,0,0,171256
10257,24.0459,1.546,1.662,1.654,0.000,0.321,0.000,1539867,0,0,171256
10258,24.0474,1.535,1.725,1.717,0.000,0.262,0.000,1528385,0,0,171256
10259,24.0489,1.497,1.561,1.553,0.000,0.240,0.000,1490805,0,0,171256
10260,24.0505,1.548,1.546,1.539,0.000,0.259,0.000,1541182,0,0,171256
10261,24.0523,1.691,1.535,1.527,0.000,0.576,0.000,1685210,0,0,171256
10262,24.0539,1.693,1.497,1.490,0.000,0.265,0.000,1686052,0,0,171352
10263,24.0554,1.591,1.548,1.540,0.000,0.280,0.000,1584359,0,0,171256
10264,24.0570,1.590,1.692,1.684,0.000,0.319,0.000,1583543,0,0,171256
10265,24.0586,1.548,1.693,1.685,0.000,0.478,0.000,1541136,0,0,171256
10266,24.0602,1.594,1.591,1.583,0.000,0.596,0.000,1588094,0,0,171256
10267,24.0629,1.568,1.590,1.582,0.000,0.588,0.000,1561451,0,0,171256
10268,24.0645,2.748,1.547,1.540,0.000,0.590,0.000,2741406,0,0,171256
10269,24.0660,1.557,1.595,1.587,0.000,0.317,0.000,1549994,0,0,171256
10270,24.0676,1.570,1.568,1.560,0.000,0.280,0.000,1563050,0,0,171256
10271,24.0692,1.571,2.749,2.740,0.000,0.329,0.000,1564691,0,0,171256
10272,24.0709,1.660,1.557,1.549,0.000,0.287,0.000,1653416,0,0,171256
10273,24.0725,1.596,1.570,1.562,0.000,0.314,0.000,1589053,0,0,171256
10274,24.0741,1.683,1.572,1.564,0.000,0.309,0.000,1677075,0,0,171256
10275,24.0757,1.564,1.660,1.652,0.000,0.258,0.000,1557534,0,0,171256
10276,24.0772,1.527,1.595,1.588,0.000,0.247,0.000,1520631,0,0,171256
10277,24.0789,1.615,1.684,1.676,0.000,0.242,0.000,1608489,0,0,171256
10278,24.0805,1.687,1.564,1.556,0.000,0.246,0.000,1678830,0,0,171256
10279,24.0822,1.564,1.527,1.520,0.000,0.443,0.000,1557700,0,0,171256
10280,24.0837,1.637,1.617,1.607,0.000,0.369,0.000,1630582,0,0,171256
10281,24.0862,1.493,1.685,1.677,0.000,0.252,0.000,1485917,0,0,171256
10282,24.0880,2.701,1.564,1.557,0.000,0.226,0.000,2694588,0,0,171256
10283,24.0896,1.705,1.637,1.630,0.000,0.228,0.000,1697268,0,0,171256
10284,24.0913,1.626,1.493,1.485,0.000,0.679,0.000,1619294,0,0,171256
10285,24.0929,1.653,2.702,2.693,0.000,0.588,0.000,1646586,0,0,171256
10286,24.0946,1.655,1.704,1.696,0.000,0.639,0.000,1648265,0,0,171256
10287,24.0962,1.622,1.626,1.618,0.000,0.309,0.000,1615184,0,0,171256
10288,24.0978,1.597,1.653,1.646,0.000,0.277,0.000,1589698,0,0,171256
10289,24.0994,1.564,1.655,1.647,0.000,0.447,0.000,1557553,0,0,171256
10290,24.1010,1.571,1.623,1.614,0.000,0.431,0.000,1563820,0,0,171256
10291,24.1027,1.737,1.596,1.589,0.000,0.615,0.000,1729378,0,0,171256
10292,24.1043,1.623,1.564,1.557,0.000,0.376,0.000,1616173,0,0,171352
10293,24.1058,1.554,1.571,1.563,0.000,0.417,0.000,1548005,0,0,171256
10294,24.1074,1.574,1.736,1.728,0.000,0.534,0.000,1567164,0,0,171256
10295,24.1101,1.635,1.623,1.615,0.000,0.573,0.000,1628791,0,0,171256
10296,24.1117,2.650,1.554,1.547,0.000,0.308,0.000,2641013,0,0,171256
10297,24.1133,1.612,1.574,1.566,0.000,0.417,0.000,1605422,0,0,171256
10298,24.1150,1.634,1.637,1.628,0.000,0.261,0.000,1626948,0,0,171256
10299,24.1166,1.666,2.648,2.640,0.000,0.313,0.000,1658147,0,0,171256
10300,24.1181,1.548,1.612,1.604,0.000,0.408,0.000,1538908,0,0,171256
10301,24.1196,1.512,1.635,1.626,0.000,0.501,0.000,1505000,0,0,171256
10302,24.1212,1.504,1.666,1.657,0.000,0.317,0.000,1497703,0,0,171256
10303,24.1229,1.683,1.546,1.538,0.000,0.255,0.000,1676462,0,0,171256
10304,24.1244,1.596,1.511,1.504,0.000,0.298,0.000,1588636,0,0,171256
10305,24.1263,1.604,1.504,1.497,0.000,0.320,0.000,1598104,0,0,171256
10306,24.1281,1.954,1.684,1.675,0.000,0.303,0.000,1947078,0,0,171256
10307,24.1299,1.778,1.595,1.588,0.000,0.381,0.000,1770872,0,0,171256
10308,24.1317,1.806,1.605,1.597,0.000,0.336,0.000,1799088,0,0,171256
10309,24.1345,1.782,1.954,1.946,0.000,0.287,0.000,1773763,0,0,171256
10310,24.1364,2.873,1.778,1.770,0.000,0.335,0.000,2865749,0,0,171256
10311,24.1381,1.768,1.807,1.798,0.000,0.296,0.000,1760462,0,0,171256
10312,24.1398,1.739,1.781,1.772,0.000,0.311,0.000,1731765,0,0,171256
10313,24.1418,1.776,2.874,2.865,0.000,0.322,0.000,1768334,0,0,171256
10314,24.1437,1.995,1.768,1.759,0.000,0.333,0.000,1987634,0,0,171256
10315,24.1455,1.902,1.740,1.731,0.000,0.364,0.000,1894168,0,0,171256
10316,24.1474,1.838,1.776,1.767,0.000,0.349,0.000,1830758,0,0,171256
10317,24.1492,1.820,1.995,1.986,0.000,0.346,0.000,1811737,0,0,171256
10318,24.1509,1.762,1.902,1.893,0.000,0.342,0.000,1754414,0,0,171256
10319,24.1528,1.794,1.839,1.830,0.000,0.319,0.000,1787107,0,0,171256
10320,24.1546,1.827,1.819,1.811,0.000,0.301,0.000,1819411,0,0,171256
10321,24.1567,1.983,1.762,1.753,0.000,0.389,0.000,1975265,0,0,190587
10322,24.1585,1.958,1.794,1.786,0.000,0.378,0.000,1949133,0,0,171352
10323,24.1616,1.864,1.827,1.818,0.000,0.356,0.000,1856076,0,0,171256
10324,24.1638,3.183,1.984,1.974,0.000,0.322,0.000,3175283,0,0,171256
10325,24.1658,2.166,1.957,1.948,0.000,0.386,0.000,2157385,0,0,171256
10326,24.1676,1.823,1.864,1.855,0.000,0.371,0.000,1814363,0,0,171256
10327,24.1693,1.796,3.185,3.174,0.000,0.305,0.000,1787806,0,0,171256
10328,24.1710,1.733,2.166,2.156,0.000,0.388,0.000,1725611,0,0,171256
10329,24.1727,1.656,1.822,1.813,0.000,0.714,0.000,1648737,0,0,171256
10330,24.1744,1.674,1.796,1.787,0.000,0.340,0.000,1667446,0,0,171256
10331,24.1760,1.670,1.733,1.724,0.000,0.281,0.000,1663009,0,0,171256
10332,24.1778,1.726,1.656,1.647,0.000,0.293,0.000,1719259,0,0,171256
10333,24.1794,1.713,1.675,1.666,0.000,0.248,0.000,1705300,0,0,171256
10334,24.1812,1.662,1.670,1.662,0.000,0.337,0.000,1655295,0,0,171256
10335,24.1829,1.755,1.727,1.718,0.000,0.273,0.000,1748436,0,0,171256
10336,24.1846,1.691,1.712,1.704,0.000,0.341,0.000,1683380,0,0,171256
10337,24.1874,1.723,1.662,1.654,0.000,0.294,0.000,1715914,0,0,171256
10338,24.1895,2.961,1.756,1.747,0.000,0.669,0.000,2954191,0,0,171256
10339,24.1914,2.028,1.691,1.682,0.000,0.349,0.000,2016961,0,0,171256
10340,24.1934,1.855,1.723,1.715,0.000,0.448,0.000,1847177,0,0,171256
10341,24.1954,2.129,2.966,2.953,0.000,0.335,0.000,2120727,0,0,171256
10342,24.1974,1.944,2.024,2.015,0.000,0.461,0.000,1934579,0,0,171256
10343,24.1992,1.890,1.855,1.846,0.000,0.404,0.000,1881943,0,0,171256
10344,24.2010,1.847,2.131,2.119,0.000,0.338,0.000,1839197,0,0,171256
10345,24.2029,1.751,1.942,1.933,0.000,0.693,0.000,1743893,0,0,171256
10346,24.2046,1.898,1.890,1.881,0.000,0.671,0.000,1890457,0,0,171256
10347,24.2063,1.729,1.847,1.838,0.000,0.343,0.000,1714637,0,0,171256
10348,24.2080,1.675,1.751,1.742,0.000,0.258,0.000,1668021,0,0,171256
10349,24.2098,1.702,1.905,1.889,0.000,0.283,0.000,1695281,0,0,171256
10350,24.2116,1.836,1.722,1.713,0.000,0.442,0.000,1829726,0,0,171256
10351,24.2134,1.756,1.675,1.667,0.000,0.635,0.000,1748925,0,0,171256
10352,24.2163,2.889,1.702,1.694,0.000,0.368,0.000,2881866,0,0,171352
10353,24.2179,1.732,1.837,1.829,0.000,0.288,0.000,1723918,0,0,171256
10354,24.2195,1.669,1.756,1.748,0.000,0.327,0.000,1662467,0,0,171256
10355,24.2213,1.603,2.890,2.881,0.000,0.248,0.000,1595617,0,0,171256
10356,24.2229,1.735,1.730,1.722,0.000,0.610,0.000,1728463,0,0,171256
10357,24.2246,1.718,1.669,1.661,0.000,0.289,0.000,1710829,0,0,171256
10358,24.2262,1.613,1.602,1.595,0.000,0.244,0.000,1605567,0,0,171256
10359,24.2279,1.673,1.736,1.727,0.000,0.261,0.000,1666315,0,0,171256
10360,24.2295,1.630,1.718,1.710,0.000,0.230,0.000,1622979,0,0,171256
10361,24.2313,1.686,1.612,1.604,0.000,0.668,0.000,1679056,0,0,171256
10362,24.2330,1.739,1.674,1.665,0.000,0.595,0.000,1730276,0,0,171256
10363,24.2347,1.680,1.630,1.622,0.000,0.443,0.000,1673420,0,0,171256
10364,24.2363,1.685,1.687,1.678,0.000,0.629,0.000,1678125,0,0,171256
10365,24.2380,1.642,1.737,1.729,0.000,0.532,0.000,1635076,0,0,171256
10366,24.2428,1.655,1.680,1.672,0.000,0.308,0.000,1647972,0,0,171256
10367,24.2452,5.090,1.685,1.677,0.000,0.300,0.000,5083166,0,0,171256
10368,24.2478,2.973,1.642,1.634,0.000,0.262,0.000,2963522,0,0,171256
10369,24.2496,1.792,1.655,1.647,0.000,0.313,0.000,1782353,0,0,171256
10370,24.2512,1.697,5.093,5.082,0.000,0.254,0.000,1689047,0,0,171256
10371,24.2527,1.588,2.974,2.962,0.000,0.322,0.000,1581269,0,0,171256
10372,24.2543,1.571,1.789,1.780,0.000,0.249,0.000,1564613,0,0,171256
10373,24.2559,1.594,1.696,1.688,0.000,0.237,0.000,1586759,0,0,171256
10374,24.2577,1.665,1.588,1.580,0.000,0.237,0.000,1657978,0,0,171256
10375,24.2597,1.706,1.571,1.563,0.000,0.234,0.000,1698873,0,0,171256
10376,24.2626,2.560,1.594,1.586,0.000,0.472,0.000,2553308,0,0,171256
10377,24.2650,2.893,1.665,1.657,0.000,0.626,0.000,2881608,0,0,171256
10378,24.2666,1.858,1.706,1.698,0.000,0.699,0.000,1846051,0,0,171256
10379,24.2684,1.668,2.564,2.552,0.000,0.672,0.000,1662257,0,0,171256
10380,24.2701,1.796,2.893,2.880,0.000,0.496,0.000,1787638,0,0,171256
10381,24.2718,1.712,1.852,1.844,0.000,0.439,0.000,1702872,0,0,171256
10382,24.2745,2.701,1.671,1.661,0.000,0.426,0.000,2694130,0,0,171352
10383,24.2761,1.657,1.797,1.786,0.000,0.585,0.000,1650259,0,0,171256
10384,24.2779,1.655,1.710,1.702,0.000,0.627,0.000,1648910,0,0,171256
10385,24.2797,1.821,2.701,2.693,0.000,0.572,0.000,1814988,0,0,171256
10386,24.2814,1.687,1.657,1.649,0.000,0.332,0.000,1679620,0,0,171256
10387,24.2830,1.717,1.656,1.648,0.000,0.315,0.000,1710233,0,0,171256
10388,24.2846,1.620,1.822,1.814,0.000,0.247,0.000,1611812,0,0,171256
10389,24.2862,1.570,1.686,1.678,0.000,0.318,0.000,1563108,0,0,171256
10390,24.2877,1.553,1.718,1.709,0.000,0.261,0.000,1546248,0,0,171256
10391,24.2893,1.562,1.618,1.611,0.000,0.257,0.000,1555190,0,0,171256
10392,24.2908,1.537,1.570,1.562,0.000,0.238,0.000,1530909,0,0,171256
10393,24.2924,1.531,1.553,1.545,0.000,0.236,0.000,1524520,0,0,171256
10394,24.2941,1.682,1.562,1.554,0.000,0.227,0.000,1674888,0,0,171256
10395,24.2966,1.662,1.538,1.530,0.000,0.618,0.000,1654878,0,0,171256
10396,24.2983,2.573,1.531,1.523,0.000,0.335,0.000,2566421,0,0,171256
10397,24.3000,1.660,1.682,1.674,0.000,0.273,0.000,1653410,0,0,171256
10398,24.3017,1.632,1.662,1.654,0.000,0.288,0.000,1625553,0,0,171256
10399,24.3033,1.695,2.573,2.565,0.000,0.645,0.000,1687989,0,0,171256
10400,24.3049,1.594,1.660,1.652,0.000,0.599,0.000,1587499,0,0,171256
10401,24.3065,1.597,1.632,1.624,0.000,0.659,0.000,1590830,0,0,171256
10402,24.3081,1.627,1.695,1.687,0.000,0.335,0.000,1619609,0,0,171256
10403,24.3097,1.587,1.594,1.587,0.000,0.610,0.000,1580715,0,0,171256
10404,24.3114,1.708,1.598,1.590,0.000,0.594,0.000,1700830,0,0,171256
10405,24.3131,1.691,1.626,1.618,0.000,0.498,0.000,1683826,0,0,171256
10406,24.3148,1.671,1.588,1.580,0.000,0.583,0.000,1663705,0,0,171256
10407,24.3164,1.595,1.708,1.700,0.000,0.557,0.000,1588282,0,0,171256
10408,24.3179,1.607,1.691,1.683,0.000,0.333,0.000,1600400,0,0,171256
10409,24.3205,1.555,1.670,1.663,0.000,0.614,0.000,1547859,0,0,171256
10410,24.3224,2.694,1.595,1.587,0.000,0.581,0.000,2687246,0,0,171256
10411,24.3240,1.780,1.607,1.599,0.000,0.590,0.000,1772512,0,0,171256
10412,24.3256,1.618,1.554,1.547,0.000,0.659,0.000,1611330,0,0,171352
10413,24.3272,1.580,2.695,2.686,0.000,0.537,0.000,1573867,0,0,171256
10414,24.3289,1.681,1.779,1.771,0.000,0.584,0.000,1672900,0,0,171256
10415,24.3304,1.586,1.618,1.610,0.000,0.577,0.000,1578894,0,0,171256
10416,24.3323,1.767,1.583,1.573,0.000,0.559,0.000,1759817,0,0,171256
10417,24.3339,1.652,1.680,1.668,0.000,0.326,0.000,1644772,0,0,171256
10418,24.3355,1.630,1.586,1.578,0.000,0.289,0.000,1623558,0,0,171256
10419,24.3371,1.585,1.767,1.759,0.000,0.277,0.000,1579192,0,0,171256
10420,24.3386,1.565,1.651,1.644,0.000,0.233,0.000,1558038,0,0,171256
10421,24.3402,1.584,1.630,1.622,0.000,0.244,0.000,1577161,0,0,171256
10422,24.3418,1.518,1.586,1.578,0.000,0.264,0.000,1511719,0,0,171256
10423,24.3445,1.658,1.565,1.557,0.000,0.231,0.000,1651685,0,0,171256
10424,24.3465,2.903,1.584,1.576,0.000,0.232,0.000,2896152,0,0,171256
10425,24.3484,1.917,1.518,1.511,0.000,0.242,0.000,1908543,0,0,171256
10426,24.3501,1.825,1.659,1.651,0.000,0.320,0.000,1816826,0,0,171256
10427,24.3519,1.758,2.905,2.895,0.000,0.338,0.000,1750865,0,0,171256
10428,24.3535,1.684,1.916,1.907,0.000,0.324,0.000,1676261,0,0,171256
10429,24.3551,1.612,1.824,1.815,0.000,0.327,0.000,1604765,0,0,171256
10430,24.3567,1.617,1.758,1.750,0.000,0.257,0.000,1610304,0,0,171256
10431,24.3584,1.623,1.683,1.675,0.000,0.244,0.000,1615728,0,0,171256
10432,24.3600,1.613,1.612,1.604,0.000,0.245,0.000,1605890,0,0,171256
10433,24.3617,1.580,1.617,1.609,0.000,0.271,0.000,1573325,0,0,171256
10434,24.3632,1.716,1.623,1.614,0.000,0.257,0.000,1709571,0,0,171256
10435,24.3648,1.595,1.612,1.605,0.000,0.248,0.000,1587439,0,0,171256
10436,24.3664,1.568,1.580,1.572,0.000,0.623,0.000,1560985,0,0,171256
10437,24.3690,1.567,1.717,1.708,0.000,0.632,0.000,1560572,0,0,171256
10438,24.3707,2.634,1.594,1.586,0.000,0.326,0.000,2627699,0,0,171256
10439,24.3723,1.635,1.568,1.560,0.000,0.258,0.000,1628114,0,0,171256
10440,24.3738,1.579,1.567,1.559,0.000,0.321,0.000,1572141,0,0,171256
10441,24.3755,1.609,2.635,2.627,0.000,0.264,0.000,1602385,0,0,190587
10442,24.3772,1.695,1.635,1.627,0.000,0.606,0.000,1688991,0,0,171352
10443,24.3787,1.608,1.579,1.571,0.000,0.669,0.000,1601349,0,0,171256
10444,24.3802,1.493,1.608,1.601,0.000,0.500,0.000,1486364,0,0,171256
10445,24.3818,1.506,1.696,1.688,0.000,0.263,0.000,1499362,0,0,171256
10446,24.3834,1.669,1.607,1.600,0.000,0.249,0.000,1662517,0,0,171256
10447,24.3850,1.562,1.493,1.485,0.000,0.284,0.000,1554650,0,0,171256
10448,24.3865,1.546,1.506,1.498,0.000,0.624,0.000,1539598,0,0,171256
10449,24.3881,1.541,1.670,1.661,0.000,0.634,0.000,1534516,0,0,171256
10450,24.3897,1.603,1.561,1.553,0.000,0.615,0.000,1597546,0,0,171256
10451,24.3923,1.581,1.546,1.539,0.000,0.592,0.000,1574167,0,0,171256
10452,24.3940,2.731,1.541,1.533,0.000,0.605,0.000,2724847,0,0,171256
10453,24.3957,1.679,1.604,1.596,0.000,0.348,0.000,1671877,0,0,171256
10454,24.3973,1.647,1.581,1.573,0.000,0.302,0.000,1639423,0,0,171256
10455,24.3989,1.630,2.732,2.724,0.000,0.502,0.000,1623115,0,0,171256
10456,24.4005,1.605,1.679,1.671,0.000,0.443,0.000,1598118,0,0,171256
10457,24.4023,1.607,1.646,1.638,0.000,0.496,0.000,1599898,0,0,171256
10458,24.4039,1.742,1.630,1.622,0.000,0.295,0.000,1734931,0,0,171256
10459,24.4054,1.577,1.605,1.597,0.000,0.278,0.000,1568990,0,0,171256
10460,24.4070,1.574,1.606,1.599,0.000,0.635,0.000,1567279,0,0,171256
10461,24.4086,1.588,1.742,1.734,0.000,0.283,0.000,1580841,0,0,171256
10462,24.4102,1.563,1.576,1.568,0.000,0.505,0.000,1556515,0,0,171256
10463,24.4117,1.558,1.574,1.566,0.000,0.607,0.000,1551632,0,0,171256
10464,24.4132,1.508,1.588,1.580,0.000,0.619,0.000,1502007,0,0,171256
10465,24.4160,1.577,1.563,1.555,0.000,0.585,0.000,1570326,0,0,171256
10466,24.4179,2.952,1.558,1.551,0.000,0.583,0.000,2946247,0,0,171256
10467,24.4196,1.776,1.509,1.501,0.000,0.448,0.000,1768224,0,0,171256
10468,24.4214,1.703,1.577,1.569,0.000,0.578,0.000,1689757,0,0,171256
10469,24.4231,1.784,2.954,2.945,0.000,0.476,0.000,1776986,0,0,171256
10470,24.4248,1.672,1.781,1.767,0.000,0.361,0.000,1664864,0,0,171256
10471,24.4266,1.722,1.697,1.689,0.000,0.640,0.000,1714931,0,0,171256
10472,24.4285,1.851,1.784,1.776,0.000,0.342,0.000,1844528,0,0,171352
10473,24.4307,2.083,1.672,1.664,0.000,0.529,0.000,2074931,0,0,171256
10474,24.4329,2.267,1.722,1.714,0.000,0.362,0.000,2257402,0,0,171256
10475,24.4349,2.077,1.852,1.843,0.000,0.516,0.000,2068601,0,0,171256
10476,24.4368,1.907,2.085,2.074,0.000,0.432,0.000,1898683,0,0,171256
10477,24.4387,1.884,2.266,2.256,0.000,0.353,0.000,1875314,0,0,171256
10478,24.4404,1.839,2.077,2.067,0.000,0.347,0.000,1828991,0,0,171256
10479,24.4435,1.801,1.907,1.897,0.000,0.427,0.000,1793070,0,0,171256
10480,24.4455,3.140,1.885,1.874,0.000,0.304,0.000,3132538,0,0,171256
10481,24.4477,2.080,1.836,1.828,0.000,0.299,0.000,2070536,0,0,171256
10482,24.4499,2.239,1.801,1.792,0.000,0.795,0.000,2230938,0,0,171256
10483,24.4520,2.130,3.142,3.131,0.000,0.395,0.000,2120839,0,0,171256
10484,24.4538,1.967,2.079,2.069,0.000,0.415,0.000,1958453,0,0,171256
10485,24.4557,1.818,2.240,2.230,0.000,0.469,0.000,1809581,0,0,171256
10486,24.4577,1.902,2.129,2.119,0.000,0.709,0.000,1894332,0,0,171256
10487,24.4596,2.033,1.967,1.957,0.000,0.531,0.000,2024677,0,0,171256
10488,24.4615,1.829,1.817,1.808,0.000,0.717,0.000,1820993,0,0,171256
10489,24.4636,2.055,1.903,1.893,0.000,0.415,0.000,2046890,0,0,171256
10490,24.4657,2.181,2.032,2.023,0.000,0.359,0.000,2171756,0,0,171256
10491,24.4676,1.982,1.829,1.820,0.000,0.597,0.000,1972260,0,0,171256
10492,24.4694,1.829,2.056,2.046,0.000,0.795,0.000,1820668,0,0,171256
10493,24.4721,1.711,2.182,2.171,0.000,0.443,0.000,1703543,0,0,171256
10494,24.4739,2.770,1.980,1.971,0.000,0.684,0.000,2763125,0,0,171256
10495,24.4755,1.693,1.828,1.819,0.000,0.305,0.000,1686009,0,0,171256
10496,24.4772,1.636,1.711,1.702,0.000,0.288,0.000,1629329,0,0,171256
10497,24.4788,1.631,2.770,2.762,0.000,0.620,0.000,1624721,0,0,171256
10498,24.4805,1.718,1.693,1.685,0.000,0.606,0.000,1711004,0,0,171256
10499,24.4823,1.677,1.636,1.628,0.000,0.414,0.000,1669014,0,0,171256
10500,24.4840,1.790,1.632,1.624,0.000,0.362,0.000,1783084,0,0,171256
10501,24.4856,1.626,1.719,1.710,0.000,0.303,0.000,1619380,0,0,171256
10502,24.4872,1.633,1.676,1.668,0.000,0.287,0.000,1626215,0,0,171352
10503,24.4888,1.569,1.790,1.782,0.000,0.297,0.000,1562766,0,0,171256
10504,24.4903,1.545,1.626,1.618,0.000,0.276,0.000,1538091,0,0,171256
10505,24.4919,1.587,1.633,1.625,0.000,0.267,0.000,1580211,0,0,171256
10506,24.4935,1.620,1.569,1.562,0.000,0.260,0.000,1613003,0,0,171816
10507,24.4963,1.612,1.545,1.537,0.000,0.290,0.000,1605986,0,0,171312
10508,24.4981,2.894,1.587,1.579,0.000,0.297,0.000,2887336,0,0,171256
10509,24.4998,1.733,1.619,1.612,0.000,0.328,0.000,1724987,0,0,171256
10510,24.5015,1.604,1.613,1.605,0.000,0.311,0.000,1597171,0,0,171256
10511,24.5032,1.771,2.895,2.886,0.000,0.258,0.000,1763638,0,0,171256
10512,24.5049,1.727,1.732,1.724,0.000,0.639,0.000,1718795,0,0,171256
10513,24.5065,1.622,1.604,1.596,0.000,0.343,0.000,1614757,0,0,171256
10514,24.5082,1.634,1.772,1.763,0.000,0.622,0.000,1627419,0,0,171256
10515,24.5098,1.651,1.726,1.718,0.000,0.587,0.000,1644677,0,0,171256
10516,24.5115,1.646,1.621,1.614,0.000,0.316,0.000,1638919,0,0,171256
10517,24.5133,1.752,1.634,1.626,0.000,0.333,0.000,1744889,0,0,171256
10518,24.5150,1.776,1.652,1.644,0.000,0.278,0.000,1767620,0,0,171256
10519,24.5166,1.659,1.646,1.638,0.000,0.346,0.000,1652085,0,0,171256
10520,24.5183,1.625,1.753,1.744,0.000,0.268,0.000,1617159,0,0,171256
10521,24.5199,1.625,1.775,1.766,0.000,0.636,0.000,1618606,0,0,171256
10522,24.5228,2.746,1.659,1.651,0.000,0.393,0.000,2738672,0,0,171256
10523,24.5244,1.762,1.624,1.616,0.000,0.306,0.000,1754886,0,0,171256
10524,24.5260,1.631,1.626,1.618,0.000,0.272,0.000,1623263,0,0,171256
10525,24.5276,1.605,2.746,2.737,0.000,0.317,0.000,1598257,0,0,171256
10526,24.5292,1.569,1.762,1.753,0.000,0.274,0.000,1562174,0,0,171256
10527,24.5309,1.656,1.630,1.622,0.000,0.256,0.000,1649333,0,0,171256
10528,24.5327,1.801,1.605,1.597,0.000,0.261,0.000,1794140,0,0,171256
10529,24.5345,1.795,1.569,1.561,0.000,0.280,0.000,1787606,0,0,171256
10530,24.5363,1.764,1.657,1.648,0.000,0.363,0.000,1755983,0,0,171256
10531,24.5381,1.777,1.802,1.793,0.000,0.293,0.000,1769518,0,0,171256
10532,24.5400,1.950,1.795,1.786,0.000,0.361,0.000,1942004,0,0,171352
10533,24.5420,1.841,1.763,1.755,0.000,0.355,0.000,1832444,0,0,171256
10534,24.5438,1.956,1.777,1.768,0.000,0.349,0.000,1948179,0,0,171256
10535,24.5456,1.792,1.951,1.941,0.000,0.301,0.000,1783043,0,0,171256
10536,24.5484,1.755,1.840,1.831,0.000,0.286,0.000,1747781,0,0,171256
10537,24.5503,2.900,1.957,1.947,0.000,0.380,0.000,2892652,0,0,171256
10538,24.5520,1.800,1.790,1.782,0.000,0.305,0.000,1791922,0,0,171256
10539,24.5537,1.657,1.756,1.747,0.000,0.325,0.000,1649301,0,0,171256
10540,24.5553,1.666,2.901,2.891,0.000,0.265,0.000,1658881,0,0,171256
10541,24.5570,1.648,1.799,1.791,0.000,0.269,0.000,1641201,0,0,171256
10542,24.5588,1.717,1.656,1.648,0.000,0.309,0.000,1709880,0,0,171256
10543,24.5607,1.916,1.666,1.658,0.000,0.696,0.000,1909315,0,0,171256
10544,24.5625,1.774,1.648,1.640,0.000,0.385,0.000,1765810,0,0,171256
10545,24.5642,1.781,1.717,1.709,0.000,0.381,0.000,1773666,0,0,171256
10546,24.5659,1.729,1.917,1.908,0.000,0.284,0.000,1721612,0,0,171256
10547,24.5676,1.668,1.773,1.765,0.000,0.347,0.000,1660340,0,0,171256
10548,24.5692,1.672,1.781,1.773,0.000,0.313,0.000,1665073,0,0,171256
10549,24.5708,1.623,1.729,1.720,0.000,0.686,0.000,1616414,0,0,171256
10550,24.5735,1.632,1.667,1.659,0.000,0.663,0.000,1625923,0,0,171256
10551,24.5753,2.769,1.671,1.664,0.000,0.676,0.000,2761317,0,0,171256
10552,24.5770,1.729,1.623,1.615,0.000,0.649,0.000,1721792,0,0,171256
10553,24.5786,1.654,1.633,1.625,0.000,0.720,0.000,1647152,0,0,171256
10554,24.5803,1.642,2.768,2.760,0.000,0.349,0.000,1635774,0,0,171256
10555,24.5820,1.632,1.729,1.721,0.000,0.259,0.000,1625381,0,0,171256
10556,24.5836,1.705,1.654,1.646,0.000,0.351,0.000,1698133,0,0,171256
10557,24.5852,1.600,1.643,1.635,0.000,0.284,0.000,1592868,0,0,171256
10558,24.5868,1.584,1.633,1.624,0.000,0.299,0.000,1576996,0,0,171256
10559,24.5883,1.572,1.705,1.697,0.000,0.271,0.000,1564606,0,0,171256
10560,24.5900,1.607,1.599,1.592,0.000,0.260,0.000,1600027,0,0,171256
10561,24.5917,1.691,1.584,1.576,0.000,0.240,0.000,1683780,0,0,190587
10562,24.5933,1.648,1.572,1.564,0.000,0.284,0.000,1640538,0,0,171352
10563,24.5949,1.581,1.607,1.599,0.000,0.261,0.000,1574114,0,0,171256
10564,24.5975,1.580,1.691,1.683,0.000,0.315,0.000,1573592,0,0,171256
10565,24.5992,2.687,1.647,1.639,0.000,0.267,0.000,2680506,0,0,171256
10566,24.6008,1.690,1.581,1.573,0.000,0.302,0.000,1682497,0,0,171256
10567,24.6025,1.584,1.580,1.572,0.000,0.293,0.000,1577089,0,0,171256
10568,24.6042,1.752,2.688,2.679,0.000,0.250,0.000,1745098,0,0,171256
10569,24.6058,1.613,1.689,1.681,0.000,0.253,0.000,1605794,0,0,171256
10570,24.6074,1.614,1.584,1.576,0.000,0.280,0.000,1607129,0,0,171256
10571,24.6090,1.576,1.752,1.744,0.000,0.319,0.000,1569233,0,0,171256
10572,24.6105,1.576,1.612,1.605,0.000,0.299,0.000,1568699,0,0,171256
10573,24.6121,1.545,1.614,1.606,0.000,0.252,0.000,1538276,0,0,171256
10574,24.6136,1.567,1.576,1.568,0.000,0.244,0.000,1560189,0,0,171256
10575,24.6152,1.555,1.575,1.568,0.000,0.242,0.000,1548413,0,0,171256
10576,24.6168,1.575,1.545,1.537,0.000,0.327,0.000,1568559,0,0,171256
10577,24.6184,1.588,1.567,1.559,0.000,0.262,0.000,1580922,0,0,171256
10578,24.6210,1.616,1.555,1.547,0.000,0.642,0.000,1609403,0,0,171256
10579,24.6228,2.678,1.575,1.567,0.000,0.652,0.000,2671866,0,0,171256
10580,24.6244,1.751,1.588,1.580,0.000,0.620,0.000,1744104,0,0,171256
10581,24.6260,1.598,1.616,1.608,0.000,0.665,0.000,1591567,0,0,171256
10582,24.6275,1.559,2.679,2.671,0.000,0.628,0.000,1552106,0,0,171256
10583,24.6291,1.569,1.751,1.743,0.000,0.580,0.000,1562084,0,0,171256
10584,24.6307,1.577,1.598,1.590,0.000,0.589,0.000,1569698,0,0,171256
10585,24.6323,1.545,1.559,1.551,0.000,0.591,0.000,1539003,0,0,171256
10586,24.6339,1.618,1.569,1.561,0.000,0.354,0.000,1611867,0,0,171256
10587,24.6354,1.554,1.576,1.569,0.000,0.277,0.000,1547532,0,0,171256
10588,24.6370,1.538,1.546,1.538,0.000,0.266,0.000,1531632,0,0,171256
10589,24.6385,1.544,1.619,1.611,0.000,0.255,0.000,1536993,0,0,171256
10590,24.6400,1.555,1.554,1.546,0.000,0.241,0.000,1547720,0,0,171256
10591,24.6417,1.536,1.538,1.531,0.000,0.261,0.000,1529275,0,0,171256
10592,24.6444,1.727,1.544,1.536,0.000,0.303,0.000,1720178,0,0,171352
10593,24.6464,2.879,1.554,1.547,0.000,0.279,0.000,2871176,0,0,171256
10594,24.6480,1.802,1.536,1.528,0.000,0.273,0.000,1793739,0,0,171256
10595,24.6497,1.641,1.728,1.719,0.000,0.321,0.000,1633807,0,0,171256
10596,24.6520,1.867,2.879,2.870,0.000,0.290,0.000,1860299,0,0,171256
10597,24.6538,2.245,1.801,1.793,0.000,0.292,0.000,2234907,0,0,171256
10598,24.6555,1.664,1.641,1.633,0.000,0.276,0.000,1656989,0,0,171256
10599,24.6572,1.703,1.870,1.859,0.000,0.289,0.000,1696821,0,0,171256
10600,24.6590,1.803,2.242,2.233,0.000,0.332,0.000,1796480,0,0,171256
10601,24.6606,1.659,1.663,1.656,0.000,0.294,0.000,1652593,0,0,171256
10602,24.6624,1.645,1.704,1.696,0.000,0.268,0.000,1637588,0,0,171256
10603,24.6640,1.744,1.803,1.795,0.000,0.270,0.000,1736617,0,0,171256
10604,24.6663,1.880,1.660,1.651,0.000,0.320,0.000,1873265,0,0,171256
10605,24.6688,2.446,1.644,1.636,0.000,0.265,0.000,2435741,0,0,171256
10606,24.6718,2.381,1.743,1.735,0.000,0.268,0.000,2371150,0,0,171256
10607,24.6735,2.780,1.884,1.872,0.000,0.261,0.000,2773201,0,0,171256
10608,24.6754,1.804,2.445,2.433,0.000,0.275,0.000,1796528,0,0,171256
10609,24.6772,1.946,2.378,2.370,0.000,0.339,0.000,1935849,0,0,171256
10610,24.6788,1.589,2.780,2.772,0.000,0.265,0.000,1582151,0,0,171256
10611,24.6804,1.579,1.807,1.795,0.000,0.310,0.000,1573016,0,0,171256
10612,24.6825,1.862,1.941,1.933,0.000,0.653,0.000,1855668,0,0,171256
10613,24.6841,1.883,1.588,1.581,0.000,0.602,0.000,1873537,0,0,171256
10614,24.6861,1.851,1.579,1.572,0.000,0.665,0.000,1844092,0,0,171256
10615,24.6878,1.766,1.866,1.855,0.000,0.582,0.000,1756643,0,0,171256
10616,24.6895,1.760,1.880,1.872,0.000,0.303,0.000,1752859,0,0,171256
10617,24.6914,1.728,1.853,1.843,0.000,0.294,0.000,1721280,0,0,171256
10618,24.6930,1.776,1.763,1.755,0.000,0.320,0.000,1769217,0,0,171256
10619,24.6947,1.695,1.760,1.752,0.000,0.317,0.000,1688380,0,0,171256
10620,24.6975,1.680,1.728,1.720,0.000,0.310,0.000,1672965,0,0,171256
10621,24.6994,2.843,1.776,1.768,0.000,0.583,0.000,2834245,0,0,171256
10622,24.7014,1.938,1.695,1.687,0.000,0.336,0.000,1930085,0,0,171352
10623,24.7031,1.852,1.681,1.672,0.000,0.357,0.000,1843970,0,0,171256
10624,24.7048,1.715,2.842,2.833,0.000,0.319,0.000,1707331,0,0,171256
10625,24.7066,1.728,1.938,1.929,0.000,0.328,0.000,1720412,0,0,171256
10626,24.7088,1.787,1.851,1.843,0.000,0.321,0.000,1779906,0,0,171256
10627,24.7107,2.356,1.715,1.706,0.000,0.294,0.000,2348390,0,0,171256
10628,24.7125,1.797,1.728,1.719,0.000,0.295,0.000,1788506,0,0,171256
10629,24.7143,1.800,1.788,1.778,0.000,0.281,0.000,1792276,0,0,171256
10630,24.7161,1.756,2.357,2.347,0.000,0.255,0.000,1749392,0,0,171256
10631,24.7180,1.872,1.796,1.787,0.000,0.285,0.000,1863750,0,0,171256
10632,24.7198,1.847,1.799,1.791,0.000,0.333,0.000,1839845,0,0,171256
10633,24.7228,2.082,1.757,1.748,0.000,0.646,0.000,2073675,0,0,171256
10634,24.7248,2.749,1.871,1.862,0.000,0.642,0.000,2741885,0,0,171256
10635,24.7280,3.262,1.848,1.838,0.000,0.687,0.000,3253942,0,0,171256
10636,24.7297,1.882,2.081,2.072,0.000,0.370,0.000,1873144,0,0,171256
10637,24.7315,1.744,2.749,2.741,0.000,0.318,0.000,1736619,0,0,171256
10638,24.7332,1.756,3.262,3.253,0.000,0.289,0.000,1748875,0,0,171256
10639,24.7351,1.756,1.880,1.872,0.000,0.702,0.000,1748971,0,0,171256
10640,24.7368,1.839,1.744,1.735,0.000,0.678,0.000,1831891,0,0,171256
10641,24.7384,1.648,1.756,1.748,0.000,0.343,0.000,1640579,0,0,171256
10642,24.7401,1.662,1.756,1.748,0.000,0.625,0.000,1654858,0,0,171256
10643,24.7418,1.623,1.839,1.831,0.000,0.636,0.000,1615930,0,0,171256
10644,24.7434,1.719,1.647,1.640,0.000,0.586,0.000,1712194,0,0,171256
10645,24.7458,1.901,1.662,1.654,0.000,0.603,0.000,1894389,0,0,171256
10646,24.7476,2.299,1.622,1.615,0.000,0.335,0.000,2288052,0,0,171256
10647,24.7492,1.579,1.719,1.711,0.000,0.312,0.000,1572045,0,0,171256
10648,24.7509,1.639,1.905,1.893,0.000,0.287,0.000,1632386,0,0,171256
10649,24.7559,1.900,2.295,2.287,0.000,0.256,0.000,1892379,0,0,171256
10650,24.7582,5.131,1.578,1.571,0.000,0.336,0.000,5123246,0,0,171256
10651,24.7608,2.822,1.640,1.631,0.000,0.301,0.000,2813550,0,0,171256
10652,24.7626,1.793,1.900,1.891,0.000,0.313,0.000,1784415,0,0,171352
10653,24.7644,1.883,5.132,5.122,0.000,0.274,0.000,1875758,0,0,171256
10654,24.7660,1.661,2.823,2.812,0.000,0.277,0.000,1653840,0,0,171256
10655,24.7676,1.577,1.790,1.782,0.000,0.328,0.000,1570382,0,0,171256
10656,24.7692,1.609,1.883,1.875,0.000,0.257,0.000,1602025,0,0,171256
10657,24.7708,1.608,1.660,1.653,0.000,0.322,0.000,1600956,0,0,171256
10658,24.7725,1.657,1.578,1.569,0.000,0.306,0.000,1650620,0,0,171256
10659,24.7741,1.612,1.609,1.601,0.000,0.273,0.000,1605405,0,0,171256
10660,24.7756,1.570,1.608,1.600,0.000,0.313,0.000,1563268,0,0,171256
10661,24.7772,1.582,1.657,1.649,0.000,0.354,0.000,1575920,0,0,171256
10662,24.7788,1.610,1.612,1.604,0.000,0.260,0.000,1603172,0,0,171256
10663,24.7804,1.581,1.570,1.562,0.000,0.243,0.000,1573745,0,0,171256
10664,24.7821,1.580,1.583,1.575,0.000,0.637,0.000,1573587,0,0,171256
10665,24.7847,2.661,1.610,1.602,0.000,0.511,0.000,2654401,0,0,171256
10666,24.7863,1.657,1.580,1.573,0.000,0.506,0.000,1650353,0,0,171256
10667,24.7879,1.563,1.580,1.573,0.000,0.314,0.000,1556464,0,0,171256
10668,24.7894,1.534,2.662,2.653,0.000,0.308,0.000,1527877,0,0,171256
10669,24.7909,1.553,1.657,1.649,0.000,0.253,0.000,1546331,0,0,171256
10670,24.7925,1.544,1.563,1.555,0.000,0.624,0.000,1537863,0,0,171256
10671,24.7941,1.593,1.534,1.527,0.000,0.587,0.000,1586195,0,0,171256
10672,24.7957,1.598,1.553,1.545,0.000,0.619,0.000,1591071,0,0,171256
10673,24.7976,1.822,1.544,1.537,0.000,0.612,0.000,1815131,0,0,171256
10674,24.8000,1.959,1.593,1.585,0.000,0.598,0.000,1952339,0,0,171256
10675,24.8025,2.437,1.598,1.590,0.000,0.353,0.000,2427065,0,0,171256
10676,24.8045,2.490,1.822,1.814,0.000,0.276,0.000,2482117,0,0,171256
10677,24.8061,1.676,1.962,1.951,0.000,0.276,0.000,1667058,0,0,171256
10678,24.8086,1.621,2.435,2.425,0.000,0.253,0.000,1614382,0,0,171256
10679,24.8104,2.592,2.491,2.481,0.000,0.647,0.000,2587086,0,0,171256
10680,24.8120,1.703,1.673,1.665,0.000,0.304,0.000,1696390,0,0,171256
10681,25.5195,706.662,1.620,1.613,0.000,0.615,0.000,706656022,0,0,190587
10682,25.5212,2.547,2.593,2.586,0.000,0.634,0.000,2536971,0,0,171356
10683,25.5226,1.502,1.702,1.695,0.000,0.687,0.000,1495375,0,0,171256
10684,25.5240,1.395,706.666,706.655,0.000,0.561,0.000,1388875,0,0,171256
10685,25.5255,1.428,2.543,2.536,0.000,0.279,0.000,1422177,0,0,171256
10686,25.5269,1.453,1.502,1.494,0.000,0.217,0.000,1447351,0,0,171256
10687,25.5285,1.462,1.395,1.388,0.000,0.219,0.000,1456067,0,0,171256
10688,25.5301,1.643,1.428,1.421,0.000,0.278,0.000,1637240,0,0,171256
10689,25.5317,1.595,1.454,1.446,0.000,0.220,0.000,1587478,0,0,171256
10690,25.5332,1.545,1.462,1.455,0.000,0.245,0.000,1537896,0,0,171256
10691,25.5348,1.532,1.644,1.636,0.000,0.280,0.000,1525939,0,0,171256
10692,25.5373,1.616,1.595,1.586,0.000,0.449,0.000,1609537,0,0,171256
10693,25.5391,2.646,1.544,1.537,0.000,0.299,0.000,2638691,0,0,171256
10694,25.5408,1.754,1.533,1.525,0.000,0.583,0.000,1745142,0,0,171256
10695,25.5423,1.602,1.617,1.608,0.000,0.695,0.000,1595092,0,0,171256
10696,25.5439,1.552,2.648,2.638,0.000,0.621,0.000,1545275,0,0,171256
10697,25.5455,1.538,1.751,1.744,0.000,0.651,0.000,1532025,0,0,171256
10698,25.5470,1.586,1.602,1.594,0.000,0.598,0.000,1579182,0,0,171256
10699,25.5487,1.554,1.552,1.544,0.000,0.344,0.000,1547061,0,0,171256
10700,25.5502,1.641,1.539,1.531,0.000,0.285,0.000,1635161,0,0,171256
10701,25.5517,1.512,1.586,1.578,0.000,0.299,0.000,1505272,0,0,171256
10702,25.5534,1.614,1.553,1.546,0.000,0.582,0.000,1608155,0,0,171256
10703,25.5555,1.944,1.642,1.634,0.000,0.546,0.000,1937113,0,0,171256
10704,25.5572,1.867,1.512,1.504,0.000,0.602,0.000,1856545,0,0,171256
10705,25.5589,1.627,1.615,1.607,0.000,0.328,0.000,1619272,0,0,171256
10706,25.5616,1.696,1.948,1.936,0.000,0.260,0.000,1688884,0,0,171256
10707,25.5634,2.784,1.863,1.855,0.000,0.243,0.000,2776859,0,0,171256
10708,25.5661,2.121,1.626,1.618,0.000,0.471,0.000,2113838,0,0,171256
10709,25.5681,2.547,1.696,1.688,0.000,0.324,0.000,2536472,0,0,171256
10710,25.5698,1.755,2.785,2.776,0.000,0.276,0.000,1747395,0,0,171256
10711,25.5716,1.728,2.126,2.113,0.000,0.348,0.000,1721130,0,0,171256
10712,25.5736,1.830,2.542,2.534,0.000,0.659,0.000,1823593,0,0,171352
10713,25.5756,2.044,1.755,1.746,0.000,0.607,0.000,2037378,0,0,171256
10714,25.5776,2.075,1.728,1.720,0.000,0.655,0.000,2067435,0,0,171256
10715,25.5795,1.952,1.831,1.823,0.000,0.350,0.000,1941292,0,0,171256
10716,25.5813,1.857,2.045,2.036,0.000,0.485,0.000,1849629,0,0,171256
10717,25.5832,1.841,2.078,2.066,0.000,0.687,0.000,1834324,0,0,171256
10718,25.5853,1.809,1.949,1.940,0.000,0.708,0.000,1801858,0,0,171256
10719,25.5871,2.149,1.856,1.848,0.000,0.300,0.000,2142214,0,0,171256
10720,25.5899,1.728,1.841,1.833,0.000,0.341,0.000,1719529,0,0,171256
10721,25.5916,2.817,1.809,1.801,0.000,0.644,0.000,2810424,0,0,171256
10722,25.5933,1.731,2.150,2.141,0.000,0.395,0.000,1723996,0,0,171256
10723,25.5950,1.632,1.726,1.718,0.000,0.302,0.000,1625237,0,0,171256
10724,25.5966,1.709,2.818,2.809,0.000,0.628,0.000,1702439,0,0,171256
10725,25.5981,1.556,1.731,1.723,0.000,0.598,0.000,1549096,0,0,171256
10726,25.6002,1.889,1.632,1.624,0.000,0.564,0.000,1882418,0,0,171256
10727,25.6019,1.802,1.709,1.701,0.000,0.575,0.000,1792082,0,0,171256
10728,25.6035,1.658,1.555,1.548,0.000,0.330,0.000,1648679,0,0,171256
10729,25.6051,1.567,1.892,1.881,0.000,0.510,0.000,1554078,0,0,171256
10730,25.6066,1.539,1.801,1.791,0.000,0.638,0.000,1533097,0,0,171256
10731,25.6081,1.490,1.661,1.647,0.000,0.560,0.000,1484042,0,0,171256
10732,25.6096,1.533,1.560,1.553,0.000,0.479,0.000,1526763,0,0,171256
10733,25.6112,1.549,1.539,1.532,0.000,0.389,0.000,1543289,0,0,171256
10734,25.6138,1.536,1.490,1.483,0.000,0.451,0.000,1529684,0,0,171256
10735,25.6155,2.642,1.533,1.526,0.000,0.409,0.000,2636052,0,0,171256
10736,25.6171,1.740,1.549,1.542,0.000,0.413,0.000,1732877,0,0,171256
10737,25.6187,1.577,1.536,1.529,0.000,0.423,0.000,1569635,0,0,171256
10738,25.6202,1.548,2.643,2.635,0.000,0.406,0.000,1542190,0,0,171256
10739,25.6218,1.572,1.740,1.732,0.000,0.397,0.000,1566423,0,0,171256
10740,25.6233,1.564,1.576,1.569,0.000,0.595,0.000,1556865,0,0,171256
10741,25.6249,1.524,1.548,1.541,0.000,0.333,0.000,1517711,0,0,171256
10742,25.6265,1.614,1.573,1.565,0.000,0.257,0.000,1607263,0,0,171352
10743,25.6283,1.691,1.563,1.556,0.000,0.259,0.000,1684305,0,0,171256
10744,25.6301,1.806,1.524,1.517,0.000,0.630,0.000,1798748,0,0,171256
10745,25.6318,1.722,1.614,1.606,0.000,0.672,0.000,1715112,0,0,171256
10746,25.6334,1.664,1.692,1.683,0.000,0.369,0.000,1656750,0,0,171256
10747,25.6354,1.602,1.805,1.798,0.000,0.618,0.000,1595412,0,0,171256
10748,25.6381,2.021,1.722,1.714,0.000,0.586,0.000,2014456,0,0,171256
10749,25.6399,2.811,1.664,1.656,0.000,0.497,0.000,2803590,0,0,171256
10750,25.6415,1.661,1.602,1.594,0.000,0.299,0.000,1653324,0,0,171256
10751,25.6430,1.534,2.021,2.013,0.000,0.322,0.000,1527004,0,0,171256
10752,25.6447,1.625,2.811,2.803,0.000,0.245,0.000,1619354,0,0,171256
10753,25.6464,1.697,1.660,1.652,0.000,0.233,0.000,1690607,0,0,171256
10754,25.6480,1.667,1.533,1.526,0.000,0.272,0.000,1660513,0,0,171256
10755,25.6496,1.599,1.626,1.618,0.000,0.261,0.000,1591777,0,0,171256
10756,25.6512,1.595,1.697,1.689,0.000,0.251,0.000,1588113,0,0,171256
10757,25.6528,1.577,1.667,1.659,0.000,0.238,0.000,1570336,0,0,171256
10758,25.6545,1.558,1.599,1.591,0.000,0.625,0.000,1551728,0,0,171256
10759,25.6560,1.684,1.595,1.587,0.000,0.268,0.000,1677868,0,0,171256
10760,25.6576,1.559,1.577,1.569,0.000,0.239,0.000,1551933,0,0,171256
10761,25.6591,1.551,1.558,1.551,0.000,0.572,0.000,1544573,0,0,171256
10762,25.6617,1.552,1.685,1.677,0.000,0.579,0.000,1546139,0,0,171256
10763,25.6633,2.612,1.558,1.551,0.000,0.548,0.000,2606334,0,0,171256
10764,25.6650,1.644,1.551,1.544,0.000,0.593,0.000,1636768,0,0,171256
10765,25.6666,1.660,1.552,1.545,0.000,0.588,0.000,1653153,0,0,171256
10766,25.6682,1.570,2.613,2.605,0.000,0.594,0.000,1563359,0,0,171256
10767,25.6698,1.560,1.643,1.636,0.000,0.551,0.000,1553164,0,0,171256
10768,25.6715,1.669,1.660,1.652,0.000,0.533,0.000,1662638,0,0,171256
10769,25.6732,1.708,1.570,1.562,0.000,0.357,0.000,1699963,0,0,171256
10770,25.6749,1.652,1.560,1.552,0.000,0.450,0.000,1645931,0,0,171256
10771,25.6765,1.703,1.671,1.662,0.000,0.299,0.000,1696236,0,0,171256
10772,25.6780,1.573,1.707,1.699,0.000,0.600,0.000,1566503,0,0,171352
10773,25.6795,1.514,1.653,1.645,0.000,0.575,0.000,1507889,0,0,171256
10774,25.6811,1.565,1.703,1.695,0.000,0.282,0.000,1557831,0,0,171256
10775,25.6827,1.587,1.573,1.565,0.000,0.421,0.000,1580393,0,0,171256
10776,25.6853,1.556,1.515,1.507,0.000,0.268,0.000,1549431,0,0,171256
10777,25.6870,2.641,1.564,1.557,0.000,0.258,0.000,2634357,0,0,171256
10778,25.6887,1.754,1.587,1.579,0.000,0.231,0.000,1746348,0,0,171256
10779,25.6911,1.839,1.556,1.548,0.000,0.371,0.000,1832466,0,0,171256
10780,25.6930,2.497,2.642,2.633,0.000,0.268,0.000,2486050,0,0,171256
10781,25.6947,1.623,1.754,1.745,0.000,0.281,0.000,1615208,0,0,171256
10782,25.6963,1.655,1.845,1.831,0.000,0.263,0.000,1647989,0,0,171256
10783,25.6979,1.566,2.492,2.483,0.000,0.241,0.000,1559391,0,0,171256
10784,25.6994,1.611,1.622,1.614,0.000,0.221,0.000,1604381,0,0,171256
10785,25.7010,1.578,1.655,1.647,0.000,0.318,0.000,1572234,0,0,171256
10786,25.7026,1.625,1.566,1.558,0.000,0.269,0.000,1618795,0,0,171256
10787,25.7042,1.563,1.611,1.603,0.000,0.305,0.000,1556116,0,0,171256
10788,25.7058,1.585,1.579,1.571,0.000,0.267,0.000,1578570,0,0,171256
10789,25.7081,1.916,1.626,1.618,0.000,0.233,0.000,1909850,0,0,171256
10790,25.7108,2.047,1.563,1.555,0.000,0.304,0.000,2037298,0,0,171256
10791,25.7131,2.747,1.585,1.577,0.000,0.274,0.000,2740240,0,0,171256
10792,25.7151,2.362,1.921,1.909,0.000,0.651,0.000,2355143,0,0,171256
10793,25.7169,1.882,2.042,2.034,0.000,0.509,0.000,1874611,0,0,171256
10794,25.7186,1.745,2.747,2.739,0.000,0.308,0.000,1737152,0,0,171256
10795,25.7202,1.692,2.362,2.354,0.000,0.300,0.000,1684375,0,0,171256
10796,25.7219,1.697,1.882,1.873,0.000,0.623,0.000,1690282,0,0,171256
10797,25.7236,1.687,1.744,1.736,0.000,0.585,0.000,1679929,0,0,171256
10798,25.7253,1.672,1.691,1.683,0.000,0.317,0.000,1660800,0,0,171256
10799,25.7269,1.665,1.697,1.689,0.000,0.641,0.000,1658535,0,0,171256
10800,25.7286,1.668,1.691,1.679,0.000,0.596,0.000,1667254,0,0,171256
10801,25.7308,2.109,1.668,1.660,0.000,0.551,0.000,2093979,0,0,190591
10802,25.7325,1.719,1.665,1.657,0.000,0.341,0.000,1712422,0,0,171352
10803,25.7341,1.691,1.676,1.666,0.000,0.297,0.000,1684443,0,0,171816
10804,25.7370,1.679,2.100,2.092,0.000,0.318,0.000,1672256,0,0,171312
10805,25.7389,2.966,1.719,1.711,0.000,0.285,0.000,2959632,0,0,171256
10806,25.7410,2.055,1.691,1.683,0.000,0.278,0.000,2046763,0,0,171256
10807,25.7427,1.864,1.679,1.671,0.000,0.345,0.000,1856780,0,0,171256
10808,25.7445,1.792,2.968,2.958,0.000,0.587,0.000,1785004,0,0,171256
10809,25.7464,1.782,2.054,2.046,0.000,0.310,0.000,1774885,0,0,171256
10810,25.7486,2.020,1.864,1.856,0.000,0.295,0.000,2012757,0,0,171256
10811,25.7506,2.158,1.792,1.784,0.000,0.359,0.000,2150119,0,0,171256
10812,25.7525,1.914,1.782,1.774,0.000,0.776,0.000,1906082,0,0,171256
10813,25.7546,1.957,2.021,2.012,0.000,0.382,0.000,1949141,0,0,171256
10814,25.7564,1.969,2.158,2.149,0.000,0.382,0.000,1961504,0,0,171256
10815,25.7581,1.778,1.914,1.905,0.000,0.347,0.000,1770143,0,0,171256
10816,25.7598,1.684,1.957,1.948,0.000,0.658,0.000,1676857,0,0,171256
10817,25.7615,1.670,1.970,1.960,0.000,0.618,0.000,1663655,0,0,171256
10818,25.7641,1.676,1.777,1.769,0.000,0.558,0.000,1668848,0,0,171256
10819,25.7661,2.853,1.684,1.676,0.000,0.348,0.000,2845958,0,0,171256
10820,25.7679,1.885,1.671,1.663,0.000,0.263,0.000,1877302,0,0,171256
10821,25.7696,1.721,1.676,1.668,0.000,0.371,0.000,1714010,0,0,171256
10822,25.7712,1.639,2.854,2.845,0.000,0.338,0.000,1631878,0,0,171256
10823,25.7731,1.883,1.885,1.876,0.000,0.284,0.000,1875301,0,0,171256
10824,25.7750,1.761,1.721,1.713,0.000,0.300,0.000,1752797,0,0,171256
10825,25.7767,1.840,1.639,1.631,0.000,0.310,0.000,1833418,0,0,171256
10826,25.7784,1.664,1.883,1.874,0.000,0.277,0.000,1655786,0,0,171256
10827,25.7803,1.757,1.760,1.752,0.000,0.331,0.000,1750202,0,0,171256
10828,25.7821,1.980,1.841,1.832,0.000,0.263,0.000,1972794,0,0,171256
10829,25.7838,1.697,1.662,1.655,0.000,0.284,0.000,1689995,0,0,171256
10830,25.7854,1.653,1.758,1.749,0.000,0.323,0.000,1647065,0,0,171256
10831,25.7871,1.630,1.980,1.972,0.000,0.262,0.000,1623368,0,0,171256
10832,25.7889,1.684,1.696,1.689,0.000,0.238,0.000,1676980,0,0,171352
10833,25.7919,2.982,1.654,1.646,0.000,0.252,0.000,2975082,0,0,171256
10834,25.7940,2.150,1.630,1.622,0.000,0.697,0.000,2142599,0,0,171256
10835,25.7959,1.829,1.684,1.676,0.000,0.462,0.000,1821732,0,0,171256
10836,25.7977,1.922,2.983,2.974,0.000,0.679,0.000,1914957,0,0,171256
10837,25.7994,1.746,2.150,2.142,0.000,0.665,0.000,1738468,0,0,171256
10838,25.8012,1.746,1.829,1.821,0.000,0.696,0.000,1739233,0,0,171256
10839,25.8029,1.737,1.922,1.914,0.000,0.341,0.000,1729599,0,0,171256
10840,25.8046,1.740,1.745,1.737,0.000,0.606,0.000,1733056,0,0,171256
10841,25.8064,1.713,1.746,1.738,0.000,0.321,0.000,1705406,0,0,171256
10842,25.8080,1.689,1.737,1.729,0.000,0.472,0.000,1682633,0,0,171256
10843,25.8097,1.677,1.740,1.732,0.000,0.282,0.000,1670144,0,0,171256
10844,25.8115,1.723,1.712,1.704,0.000,0.629,0.000,1715005,0,0,171256
10845,25.8132,1.779,1.690,1.682,0.000,0.635,0.000,1772142,0,0,171256
10846,25.8151,1.762,1.678,1.669,0.000,0.339,0.000,1755055,0,0,171256
10847,25.8180,1.872,1.721,1.714,0.000,0.479,0.000,1864786,0,0,171256
10848,25.8198,2.913,1.779,1.771,0.000,0.324,0.000,2905721,0,0,171256
10849,25.8215,1.752,1.762,1.754,0.000,0.652,0.000,1744303,0,0,171256
10850,25.8232,1.720,1.872,1.864,0.000,0.657,0.000,1713099,0,0,171256
10851,25.8249,1.677,2.913,2.905,0.000,0.305,0.000,1670051,0,0,171256
10852,25.8266,1.682,1.752,1.743,0.000,0.259,0.000,1675110,0,0,171256
10853,25.8283,1.704,1.720,1.712,0.000,0.266,0.000,1697238,0,0,171256
10854,25.8308,2.009,1.677,1.669,0.000,0.314,0.000,2002396,0,0,171256
10855,25.8325,2.215,1.682,1.674,0.000,0.300,0.000,2202637,0,0,171256
10856,25.8342,1.660,1.704,1.696,0.000,0.281,0.000,1653410,0,0,171256
10857,25.8361,1.722,2.016,2.001,0.000,0.311,0.000,1715617,0,0,171256
10858,25.8378,1.915,2.208,2.200,0.000,0.650,0.000,1907968,0,0,171256
10859,25.8397,1.821,1.660,1.652,0.000,0.622,0.000,1813521,0,0,171256
10860,25.8415,1.816,1.722,1.715,0.000,0.669,0.000,1808653,0,0,171256
10861,25.8445,1.813,1.915,1.907,0.000,0.683,0.000,1806147,0,0,171256
10862,25.8465,3.132,1.821,1.812,0.000,0.311,0.000,3124963,0,0,171352
10863,25.8484,1.926,1.816,1.808,0.000,0.283,0.000,1917427,0,0,171256
10864,25.8503,1.876,1.814,1.805,0.000,0.368,0.000,1868001,0,0,171256
10865,25.8521,1.839,3.133,3.124,0.000,0.661,0.000,1831224,0,0,171256
10866,25.8540,1.881,1.925,1.916,0.000,0.662,0.000,1874280,0,0,171256
10867,25.8561,1.911,1.876,1.867,0.000,0.672,0.000,1903388,0,0,171256
10868,25.8580,2.112,1.838,1.830,0.000,0.359,0.000,2103855,0,0,171256
10869,25.8599,1.874,1.882,1.873,0.000,0.655,0.000,1865213,0,0,171256
10870,25.8618,1.880,1.911,1.902,0.000,0.717,0.000,1871894,0,0,171256
10871,25.8636,1.835,2.112,2.103,0.000,0.670,0.000,1827771,0,0,171256
10872,25.8654,1.800,1.873,1.864,0.000,0.501,0.000,1792817,0,0,171256
10873,25.8673,1.845,1.880,1.871,0.000,0.322,0.000,1838013,0,0,171256
10874,25.8694,2.019,1.835,1.827,0.000,0.332,0.000,2011137,0,0,171256
10875,25.8722,1.906,1.800,1.792,0.000,0.287,0.000,1894856,0,0,171256
10876,25.8741,2.925,1.846,1.837,0.000,0.291,0.000,2917389,0,0,171256
10877,25.8760,1.826,2.024,2.010,0.000,0.271,0.000,1817440,0,0,171256
10878,25.8776,1.820,1.901,1.892,0.000,0.398,0.000,1813350,0,0,171256
10879,25.8793,1.666,2.925,2.916,0.000,0.302,0.000,1659039,0,0,171256
10880,25.8810,1.680,1.824,1.816,0.000,0.295,0.000,1673636,0,0,171256
10881,25.8827,1.679,1.820,1.812,0.000,0.278,0.000,1671797,0,0,171256
10882,25.8848,1.943,1.666,1.658,0.000,0.260,0.000,1936312,0,0,171256
10883,25.8868,1.995,1.681,1.673,0.000,0.314,0.000,1987321,0,0,171256
10884,25.8888,1.999,1.679,1.671,0.000,0.336,0.000,1991514,0,0,171256
10885,25.8911,1.905,1.944,1.935,0.000,0.329,0.000,1896975,0,0,171256
10886,25.8936,2.822,1.995,1.986,0.000,0.383,0.000,2814419,0,0,171256
10887,25.8957,2.124,2.000,1.990,0.000,0.640,0.000,2112003,0,0,171256
10888,25.8976,2.039,1.905,1.896,0.000,0.351,0.000,2030520,0,0,171256
10889,25.9006,1.851,2.827,2.813,0.000,0.386,0.000,1842968,0,0,171256
10890,25.9028,3.230,2.120,2.110,0.000,0.311,0.000,3222534,0,0,171256
10891,25.9046,1.950,2.039,2.029,0.000,0.330,0.000,1941449,0,0,171256
10892,25.9065,1.859,1.851,1.842,0.000,0.339,0.000,1849890,0,0,171352
10893,25.9083,1.847,3.231,3.221,0.000,0.318,0.000,1839815,0,0,171256
10894,25.9101,1.803,1.950,1.940,0.000,0.344,0.000,1795757,0,0,171256
10895,25.9118,1.751,1.857,1.849,0.000,0.305,0.000,1743462,0,0,171256
10896,25.9137,1.785,1.847,1.839,0.000,0.269,0.000,1777189,0,0,171256
10897,25.9157,1.880,1.803,1.795,0.000,0.290,0.000,1872127,0,0,171256
10898,25.9175,2.008,1.751,1.742,0.000,0.395,0.000,1999849,0,0,171256
10899,25.9193,1.777,1.785,1.776,0.000,0.316,0.000,1768687,0,0,171256
10900,25.9210,1.693,1.880,1.871,0.000,0.309,0.000,1685317,0,0,171256
10901,25.9228,1.761,2.008,1.999,0.000,0.269,0.000,1753454,0,0,171256
10902,25.9245,1.759,1.776,1.767,0.000,0.320,0.000,1751609,0,0,171256
10903,25.9273,1.722,1.692,1.684,0.000,0.301,0.000,1714563,0,0,171256
10904,25.9291,2.836,1.761,1.752,0.000,0.338,0.000,2828692,0,0,171256
10905,25.9308,1.734,1.759,1.750,0.000,0.277,0.000,1726023,0,0,171256
10906,25.9327,1.830,1.722,1.713,0.000,0.278,0.000,1822769,0,0,171256
10907,25.9348,1.986,2.836,2.827,0.000,0.256,0.000,1978762,0,0,171256
10908,25.9368,2.137,1.733,1.725,0.000,0.311,0.000,2128598,0,0,171256
10909,25.9386,1.856,1.830,1.822,0.000,0.385,0.000,1847273,0,0,171256
10910,25.9404,1.795,1.988,1.978,0.000,0.711,0.000,1788036,0,0,171256
10911,25.9422,1.752,2.137,2.127,0.000,0.733,0.000,1744586,0,0,171256
10912,25.9440,1.819,1.855,1.846,0.000,0.656,0.000,1811353,0,0,171256
10913,25.9460,1.945,1.795,1.787,0.000,0.408,0.000,1937783,0,0,171256
10914,25.9478,1.890,1.752,1.743,0.000,0.322,0.000,1881863,0,0,171256
10915,25.9496,1.790,1.819,1.810,0.000,0.386,0.000,1782323,0,0,171256
10916,25.9514,1.831,1.946,1.936,0.000,0.293,0.000,1823252,0,0,171256
10917,25.9533,1.807,1.890,1.881,0.000,0.682,0.000,1798775,0,0,171256
10918,25.9565,2.990,1.790,1.781,0.000,0.725,0.000,2982153,0,0,171256
10919,25.9585,2.203,1.831,1.822,0.000,0.656,0.000,2194112,0,0,171256
10920,25.9604,1.955,1.806,1.798,0.000,0.572,0.000,1945855,0,0,171256
10921,25.9625,1.954,2.991,2.981,0.000,0.354,0.000,1945218,0,0,190587
10922,25.9648,2.075,2.203,2.193,0.000,0.336,0.000,2067171,0,0,171352
10923,25.9670,2.422,1.954,1.945,0.000,0.297,0.000,2413358,0,0,171256
10924,25.9691,2.116,1.953,1.944,0.000,0.853,0.000,2107029,0,0,171256
10925,25.9710,1.999,2.076,2.066,0.000,0.761,0.000,1990853,0,0,171256
10926,25.9728,1.899,2.422,2.412,0.000,0.586,0.000,1890435,0,0,171256
10927,25.9747,1.758,2.115,2.106,0.000,0.317,0.000,1750178,0,0,171256
10928,25.9765,1.869,1.999,1.990,0.000,0.423,0.000,1860849,0,0,171256
10929,25.9783,1.827,1.898,1.889,0.000,0.405,0.000,1819436,0,0,171256
10930,25.9801,1.810,1.758,1.749,0.000,0.276,0.000,1803197,0,0,171256
10931,25.9818,1.732,1.869,1.860,0.000,0.334,0.000,1724756,0,0,171256
10932,25.9863,1.713,1.827,1.818,0.000,0.666,0.000,1706439,0,0,171256
10933,25.9892,5.262,1.811,1.802,0.000,0.501,0.000,5255833,0,0,171256
10934,25.9921,3.192,1.732,1.724,0.000,0.501,0.000,3181653,0,0,171256
10935,25.9940,1.983,1.714,1.705,0.000,0.352,0.000,1972615,0,0,171256
10936,25.9959,1.825,5.267,5.255,0.000,0.685,0.000,1817106,0,0,171256
10937,25.9976,1.854,3.191,3.179,0.000,0.648,0.000,1845885,0,0,171256
10938,25.9994,1.739,1.980,1.971,0.000,0.546,0.000,1731322,0,0,171256
10939,26.0011,1.719,1.825,1.816,0.000,0.273,0.000,1711396,0,0,171256
10940,26.0028,1.729,1.853,1.845,0.000,0.272,0.000,1722635,0,0,171256
10941,26.0045,1.729,1.739,1.725,0.000,0.263,0.000,1721423,0,0,171256
10942,26.0063,1.687,1.718,1.710,0.000,0.270,0.000,1679767,0,0,171256
10943,26.0080,1.801,1.730,1.721,0.000,0.248,0.000,1793743,0,0,171256
10944,26.0099,1.767,1.729,1.720,0.000,0.378,0.000,1759728,0,0,171256
10945,26.0118,1.878,1.687,1.679,0.000,0.274,0.000,1871015,0,0,171256
10946,26.0137,1.942,1.801,1.793,0.000,0.324,0.000,1934514,0,0,171256
10947,26.0156,1.816,1.767,1.758,0.000,0.640,0.000,1808701,0,0,171256
10948,26.0187,3.096,1.878,1.870,0.000,0.319,0.000,3088808,0,0,171256
10949,26.0206,1.979,1.942,1.933,0.000,0.292,0.000,1969416,0,0,171256
10950,26.0224,1.875,1.816,1.808,0.000,0.346,0.000,1867271,0,0,171256
10951,26.0242,1.784,3.098,3.088,0.000,0.411,0.000,1776109,0,0,171256
10952,26.0260,1.769,1.977,1.968,0.000,0.348,0.000,1761770,0,0,171352
10953,26.0279,1.855,1.875,1.866,0.000,0.336,0.000,1847465,0,0,171256
10954,26.0295,1.738,1.784,1.775,0.000,0.275,0.000,1730578,0,0,171256
10955,26.0312,1.670,1.769,1.761,0.000,0.394,0.000,1663693,0,0,171256
10956,26.0328,1.638,1.855,1.846,0.000,0.263,0.000,1631309,0,0,171256
10957,26.0346,1.647,1.737,1.729,0.000,0.265,0.000,1640699,0,0,171256
10958,26.0365,1.963,1.670,1.662,0.000,0.254,0.000,1955874,0,0,171256
10959,26.0383,1.835,1.638,1.630,0.000,0.255,0.000,1825974,0,0,171256
10960,26.0401,1.784,1.648,1.639,0.000,0.374,0.000,1776230,0,0,171256
10961,26.0428,1.682,1.965,1.955,0.000,0.352,0.000,1674951,0,0,171256
10962,26.0446,2.775,1.834,1.825,0.000,0.275,0.000,2767960,0,0,171256
10963,26.0463,1.768,1.783,1.775,0.000,0.347,0.000,1760547,0,0,171256
10964,26.0480,1.715,1.682,1.674,0.000,0.706,0.000,1708050,0,0,171256
10965,26.0497,1.720,2.776,2.767,0.000,0.641,0.000,1712639,0,0,171256
10966,26.0514,1.719,1.768,1.759,0.000,0.695,0.000,1712494,0,0,171256
10967,26.0531,1.675,1.715,1.707,0.000,0.511,0.000,1668082,0,0,171256
10968,26.0549,1.690,1.720,1.711,0.000,0.675,0.000,1683430,0,0,171256
10969,26.0567,1.816,1.719,1.711,0.000,0.624,0.000,1809729,0,0,171256
10970,26.0585,1.828,1.675,1.667,0.000,0.677,0.000,1820211,0,0,171256
10971,26.0602,1.722,1.690,1.682,0.000,0.480,0.000,1714381,0,0,171256
10972,26.0618,1.669,1.817,1.809,0.000,0.640,0.000,1661482,0,0,171256
10973,26.0635,1.665,1.828,1.819,0.000,0.614,0.000,1658579,0,0,171256
10974,26.0652,1.693,1.721,1.713,0.000,0.308,0.000,1685728,0,0,171256
10975,26.0680,1.671,1.668,1.660,0.000,0.265,0.000,1664124,0,0,171256
10976,26.0700,2.937,1.666,1.657,0.000,0.249,0.000,2929155,0,0,171256
10977,26.0718,1.930,1.693,1.685,0.000,0.284,0.000,1920951,0,0,171256
10978,26.0735,1.777,1.672,1.663,0.000,0.700,0.000,1768718,0,0,171256
10979,26.0754,1.703,2.937,2.928,0.000,0.640,0.000,1695737,0,0,171256
10980,26.0771,1.892,1.929,1.920,0.000,0.608,0.000,1885431,0,0,171256
10981,26.0789,1.705,1.776,1.768,0.000,0.695,0.000,1697374,0,0,171256
10982,26.0806,1.749,1.703,1.695,0.000,0.335,0.000,1741969,0,0,171352
10983,26.0824,1.775,1.893,1.884,0.000,0.605,0.000,1768901,0,0,171256
10984,26.0850,2.116,1.704,1.696,0.000,0.641,0.000,2109418,0,0,171256
10985,26.0871,2.542,1.749,1.741,0.000,0.368,0.000,2531703,0,0,171256
10986,26.0888,1.816,1.776,1.768,0.000,0.301,0.000,1808731,0,0,171256
10987,26.0905,1.696,2.120,2.108,0.000,0.325,0.000,1688298,0,0,171256
10988,26.0922,1.697,2.539,2.530,0.000,0.298,0.000,1689919,0,0,171256
10989,26.0949,1.674,1.816,1.807,0.000,0.272,0.000,1666622,0,0,171256
10990,26.0969,2.787,1.695,1.687,0.000,0.278,0.000,2780635,0,0,171256
10991,26.0986,1.933,1.697,1.689,0.000,0.274,0.000,1925959,0,0,171256
10992,26.1004,1.731,1.673,1.665,0.000,0.304,0.000,1723207,0,0,171256
10993,26.1021,1.702,2.788,2.779,0.000,0.276,0.000,1695376,0,0,171256
10994,26.1038,1.719,1.933,1.925,0.000,0.285,0.000,1711504,0,0,171256
10995,26.1054,1.659,1.730,1.722,0.000,0.271,0.000,1650889,0,0,171256
10996,26.1071,1.664,1.703,1.694,0.000,0.320,0.000,1657062,0,0,171256
10997,26.1088,1.705,1.719,1.710,0.000,0.262,0.000,1698005,0,0,171256
10998,26.1105,1.698,1.658,1.650,0.000,0.262,0.000,1690708,0,0,171256
10999,26.1123,1.785,1.664,1.656,0.000,0.263,0.000,1778413,0,0,171256
11000,26.1140,1.706,1.705,1.697,0.000,0.255,0.000,1699336,0,0,171256
11001,26.1165,1.695,1.698,1.690,0.000,0.261,0.000,1687902,0,0,171256
11002,26.1192,3.083,1.785,1.777,0.000,0.250,0.000,3076759,0,0,171256
11003,26.1221,2.211,1.707,1.698,0.000,0.417,0.000,2198783,0,0,171256
11004,26.1240,2.940,1.695,1.687,0.000,0.446,0.000,2933001,0,0,171256
11005,26.1259,1.908,3.089,3.075,0.000,0.725,0.000,1900605,0,0,171256
11006,26.1280,1.949,2.206,2.197,0.000,0.360,0.000,1941157,0,0,171256
11007,26.1300,2.021,2.941,2.932,0.000,0.294,0.000,2011846,0,0,171256
11008,26.1320,2.079,1.908,1.899,0.000,0.332,0.000,2071318,0,0,171256
11009,26.1340,1.951,1.950,1.940,0.000,0.289,0.000,1943305,0,0,171256
11010,26.1360,1.943,2.019,2.010,0.000,0.711,0.000,1935273,0,0,171256
11011,26.1384,2.032,2.079,2.070,0.000,0.667,0.000,2023983,0,0,171256
11012,26.1414,2.931,1.951,1.942,0.000,0.648,0.000,2923663,0,0,171352
11013,26.1440,2.801,1.943,1.934,0.000,0.461,0.000,2789811,0,0,171256
11014,26.1464,2.655,2.032,2.023,0.000,0.365,0.000,2643997,0,0,171256
11015,26.1484,2.085,2.936,2.922,0.000,0.313,0.000,2076063,0,0,171256
11016,26.1502,1.888,2.801,2.788,0.000,0.599,0.000,1880348,0,0,171256
11017,26.1531,1.836,2.652,2.642,0.000,0.359,0.000,1827772,0,0,171256
11018,26.1559,3.103,2.084,2.075,0.000,0.301,0.000,3094994,0,0,171256
11019,26.1578,2.628,1.888,1.879,0.000,0.290,0.000,2617093,0,0,171256
11020,26.1596,1.767,1.835,1.827,0.000,0.310,0.000,1758579,0,0,171256
11021,26.1614,1.854,3.106,3.094,0.000,0.314,0.000,1846943,0,0,171256
11022,26.1632,1.781,2.625,2.616,0.000,0.277,0.000,1773028,0,0,171256
11023,26.1650,1.840,1.766,1.757,0.000,0.709,0.000,1832657,0,0,171256
11024,26.1668,1.786,1.855,1.846,0.000,0.720,0.000,1778187,0,0,171256
11025,26.1686,1.788,1.780,1.772,0.000,0.322,0.000,1780827,0,0,171256
11026,26.1704,1.826,1.840,1.831,0.000,0.598,0.000,1819066,0,0,171256
11027,26.1722,1.768,1.785,1.777,0.000,0.652,0.000,1760316,0,0,171256
11028,26.1740,1.774,1.788,1.780,0.000,0.349,0.000,1766525,0,0,171256
11029,26.1759,1.796,1.827,1.818,0.000,0.269,0.000,1788542,0,0,171256
11030,26.1780,2.138,1.768,1.759,0.000,0.336,0.000,2131579,0,0,171256
11031,26.1809,1.880,1.774,1.765,0.000,0.286,0.000,1867978,0,0,171256
11032,26.1829,2.968,1.796,1.787,0.000,0.318,0.000,2959974,0,0,171256
11033,26.1850,2.085,2.143,2.130,0.000,0.305,0.000,2077055,0,0,171256
11034,26.1873,2.251,1.875,1.866,0.000,0.377,0.000,2241822,0,0,171256
11035,26.1895,2.278,2.968,2.959,0.000,0.421,0.000,2268338,0,0,171256
11036,26.1917,2.189,2.087,2.076,0.000,0.828,0.000,2180256,0,0,171256
11037,26.1938,2.140,2.251,2.240,0.000,0.791,0.000,2130785,0,0,171256
11038,26.1960,2.077,2.277,2.267,0.000,0.391,0.000,2068488,0,0,171256
11039,26.1982,2.248,2.189,2.179,0.000,0.417,0.000,2239339,0,0,171256
11040,26.2003,2.126,2.140,2.129,0.000,0.333,0.000,2115965,0,0,171256
11041,26.2024,2.140,2.077,2.067,0.000,0.370,0.000,2129234,0,0,190587
11042,26.2043,1.944,2.250,2.238,0.000,0.530,0.000,1936057,0,0,171352
11043,26.2061,1.889,2.126,2.114,0.000,0.361,0.000,1881374,0,0,171256
11044,26.2079,1.812,2.137,2.128,0.000,0.360,0.000,1803986,0,0,171256
11045,26.2107,1.738,1.944,1.935,0.000,0.408,0.000,1730089,0,0,171256
11046,26.2133,3.012,1.889,1.880,0.000,0.351,0.000,3005076,0,0,171256
11047,26.2156,2.654,1.811,1.803,0.000,0.289,0.000,2644233,0,0,171256
11048,26.2175,2.134,1.738,1.729,0.000,0.595,0.000,2125562,0,0,171256
11049,26.2196,1.961,3.015,3.004,0.000,0.734,0.000,1953487,0,0,171256
11050,26.2217,2.150,2.652,2.643,0.000,0.391,0.000,2140482,0,0,171256
11051,26.2236,1.988,2.133,2.124,0.000,0.500,0.000,1977497,0,0,171256
11052,26.2256,1.929,1.963,1.952,0.000,0.483,0.000,1919811,0,0,171256
11053,26.2276,2.033,2.151,2.139,0.000,0.484,0.000,2024161,0,0,171256
11054,26.2295,1.920,1.987,1.976,0.000,0.462,0.000,1910100,0,0,171256
11055,26.2312,1.830,1.929,1.918,0.000,0.503,0.000,1822336,0,0,171256
11056,26.2331,1.770,2.034,2.023,0.000,0.669,0.000,1762431,0,0,171256
11057,26.2351,1.853,1.918,1.909,0.000,0.599,0.000,1844911,0,0,171256
11058,26.2369,1.989,1.830,1.821,0.000,0.535,0.000,1981184,0,0,171256
11059,26.2398,1.798,1.771,1.761,0.000,0.491,0.000,1790167,0,0,171256
11060,26.2418,3.049,1.852,1.844,0.000,0.701,0.000,3041893,0,0,171256
11061,26.2437,1.909,1.989,1.980,0.000,0.501,0.000,1901789,0,0,171256
11062,26.2456,1.874,1.798,1.789,0.000,0.318,0.000,1864969,0,0,171256
11063,26.2475,1.965,3.050,3.040,0.000,0.696,0.000,1957954,0,0,171256
11064,26.2494,1.917,1.910,1.900,0.000,0.716,0.000,1908814,0,0,171256
11065,26.2514,1.913,1.872,1.864,0.000,0.687,0.000,1905789,0,0,171256
11066,26.2533,1.943,1.966,1.957,0.000,0.299,0.000,1934845,0,0,171256
11067,26.2553,1.901,1.917,1.908,0.000,0.315,0.000,1893063,0,0,171256
11068,26.2571,1.963,1.914,1.905,0.000,0.732,0.000,1956127,0,0,171256
11069,26.2589,1.802,1.943,1.933,0.000,0.682,0.000,1794294,0,0,171256
11070,26.2607,1.812,1.900,1.892,0.000,0.454,0.000,1805104,0,0,171256
11071,26.2627,1.849,1.964,1.955,0.000,0.296,0.000,1841495,0,0,171256
11072,26.2647,2.050,1.801,1.793,0.000,0.332,0.000,2042205,0,0,171352
11073,26.2679,2.015,1.813,1.804,0.000,0.391,0.000,2006705,0,0,171256
11074,26.2700,3.223,1.850,1.840,0.000,0.380,0.000,3215282,0,0,171256
11075,26.2719,2.021,2.051,2.041,0.000,0.413,0.000,2012441,0,0,171256
11076,26.2740,2.029,2.015,2.005,0.000,0.762,0.000,2021669,0,0,171256
11077,26.2761,1.985,3.224,3.214,0.000,0.736,0.000,1976973,0,0,171256
11078,26.2785,2.141,2.019,2.011,0.000,0.395,0.000,2133387,0,0,171256
11079,26.2807,2.551,2.030,2.020,0.000,0.377,0.000,2540016,0,0,171256
11080,26.2834,2.098,1.985,1.976,0.000,0.463,0.000,2088895,0,0,171256
11081,26.2857,2.831,2.145,2.132,0.000,0.350,0.000,2820475,0,0,171256
11082,26.2877,2.095,2.549,2.539,0.000,0.522,0.000,2086937,0,0,171256
11083,26.2897,2.016,2.106,2.087,0.000,0.472,0.000,2008288,0,0,171256
11084,26.2921,2.080,2.822,2.812,0.000,0.404,0.000,2069830,0,0,171256
11085,26.2942,2.311,2.095,2.086,0.000,0.433,0.000,2300331,0,0,171256
11086,26.2962,2.060,2.019,2.007,0.000,0.357,0.000,2050412,0,0,171256
11087,26.2981,1.960,2.080,2.068,0.000,0.332,0.000,1951959,0,0,171256
11088,26.3011,3.024,2.310,2.299,0.000,0.298,0.000,3015465,0,0,171256
11089,26.3030,1.901,2.058,2.049,0.000,0.743,0.000,1892454,0,0,171256
11090,26.3049,1.857,1.960,1.950,0.000,0.797,0.000,1850267,0,0,171256
11091,26.3066,1.839,3.024,3.014,0.000,0.689,0.000,1832182,0,0,171256
11092,26.3084,1.757,1.900,1.891,0.000,0.377,0.000,1749069,0,0,171256
11093,26.3101,1.749,1.857,1.849,0.000,0.277,0.000,1741225,0,0,171256
11094,26.3118,1.665,1.840,1.831,0.000,0.329,0.000,1658657,0,0,171256
11095,26.3135,1.700,1.756,1.748,0.000,0.295,0.000,1693224,0,0,171256
11096,26.3153,1.701,1.748,1.740,0.000,0.279,0.000,1693930,0,0,171256
11097,26.3172,1.902,1.666,1.657,0.000,0.303,0.000,1894746,0,0,171256
11098,26.3189,1.824,1.700,1.692,0.000,0.326,0.000,1816333,0,0,171256
11099,26.3208,1.759,1.701,1.693,0.000,0.650,0.000,1752222,0,0,171256
11100,26.3227,1.979,1.903,1.894,0.000,0.623,0.000,1971993,0,0,171816
11101,26.3244,1.738,1.823,1.815,0.000,0.650,0.000,1721413,0,0,171312
11102,26.3273,2.831,1.759,1.751,0.000,0.654,0.000,2823977,0,0,171352
11103,26.3290,1.758,1.989,1.971,0.000,0.374,0.000,1750154,0,0,171256
11104,26.3308,1.763,1.728,1.720,0.000,0.311,0.000,1756028,0,0,171256
11105,26.3325,1.709,2.832,2.823,0.000,0.351,0.000,1701879,0,0,171256
11106,26.3342,1.736,1.757,1.749,0.000,0.321,0.000,1729264,0,0,171256
11107,26.3360,1.707,1.763,1.755,0.000,0.283,0.000,1700002,0,0,171256
11108,26.3377,1.852,1.709,1.701,0.000,0.293,0.000,1845317,0,0,171256
11109,26.3395,1.716,1.736,1.728,0.000,0.305,0.000,1709206,0,0,171256
11110,26.3411,1.686,1.707,1.699,0.000,0.678,0.000,1679120,0,0,171256
11111,26.3428,1.660,1.852,1.844,0.000,0.707,0.000,1653959,0,0,171256
11112,26.3445,1.689,1.716,1.708,0.000,0.630,0.000,1682456,0,0,171256
11113,26.3462,1.713,1.686,1.678,0.000,0.637,0.000,1705724,0,0,171256
11114,26.3479,1.717,1.661,1.653,0.000,0.387,0.000,1709850,0,0,171256
11115,26.3496,1.704,1.689,1.681,0.000,0.320,0.000,1696795,0,0,171256
11116,26.3524,1.696,1.713,1.705,0.000,0.331,0.000,1688904,0,0,171256
11117,26.3543,2.906,1.717,1.709,0.000,0.625,0.000,2899459,0,0,171256
11118,26.3562,1.808,1.704,1.696,0.000,0.324,0.000,1800053,0,0,171256
11119,26.3579,1.881,1.696,1.688,0.000,0.297,0.000,1873976,0,0,171256
11120,26.3596,1.740,2.907,2.898,0.000,0.713,0.000,1733077,0,0,171256
11121,26.3614,1.678,1.807,1.799,0.000,0.347,0.000,1671475,0,0,171256
11122,26.3631,1.728,1.881,1.873,0.000,0.294,0.000,1720829,0,0,171256
11123,26.3648,1.757,1.740,1.732,0.000,0.264,0.000,1749550,0,0,171256
11124,26.3665,1.709,1.679,1.670,0.000,0.341,0.000,1701718,0,0,171256
11125,26.3683,1.741,1.728,1.720,0.000,0.685,0.000,1733824,0,0,171256
11126,26.3700,1.695,1.757,1.748,0.000,0.284,0.000,1688353,0,0,171256
11127,26.3717,1.673,1.709,1.701,0.000,0.337,0.000,1666391,0,0,171256
11128,26.3734,1.726,1.741,1.733,0.000,0.312,0.000,1718562,0,0,171256
11129,26.3752,1.704,1.695,1.687,0.000,0.344,0.000,1697065,0,0,171256
11130,26.3781,1.866,1.674,1.665,0.000,0.294,0.000,1858353,0,0,171256
11131,26.3800,2.917,1.726,1.717,0.000,0.605,0.000,2910413,0,0,171256
11132,26.3817,1.832,1.704,1.696,0.000,0.667,0.000,1824321,0,0,171352
11133,26.3834,1.688,1.865,1.857,0.000,0.459,0.000,1680708,0,0,171256
11134,26.3850,1.695,2.918,2.909,0.000,0.324,0.000,1687546,0,0,171256
11135,26.3868,1.712,1.832,1.823,0.000,0.293,0.000,1704122,0,0,171256
11136,26.3885,1.707,1.688,1.680,0.000,0.306,0.000,1699982,0,0,171256
11137,26.3903,1.731,1.695,1.686,0.000,0.710,0.000,1724393,0,0,171256
11138,26.3920,1.775,1.711,1.703,0.000,0.651,0.000,1768443,0,0,171256
11139,26.3937,1.655,1.707,1.699,0.000,0.662,0.000,1648156,0,0,171256
11140,26.3954,1.702,1.731,1.723,0.000,0.668,0.000,1687516,0,0,171256
11141,26.3971,1.773,1.775,1.767,0.000,0.646,0.000,1766014,0,0,171256
11142,26.3988,1.671,1.662,1.647,0.000,0.490,0.000,1663482,0,0,171256
11143,26.4005,1.687,1.694,1.686,0.000,0.579,0.000,1680309,0,0,171256
11144,26.4035,1.829,1.773,1.765,0.000,0.629,0.000,1822173,0,0,171256
11145,26.4058,3.181,1.670,1.662,0.000,0.347,0.000,3173515,0,0,171256
11146,26.4077,2.087,1.687,1.679,0.000,0.680,0.000,2079007,0,0,171256
11147,26.4096,1.900,1.830,1.821,0.000,0.399,0.000,1892650,0,0,171256
11148,26.4114,1.885,3.181,3.172,0.000,0.381,0.000,1877104,0,0,171256
11149,26.4133,1.857,2.087,2.078,0.000,0.467,0.000,1849129,0,0,171256
11150,26.4156,1.864,1.901,1.891,0.000,0.312,0.000,1856087,0,0,171256
11151,26.4174,2.264,1.885,1.876,0.000,0.369,0.000,2257021,0,0,171256
11152,26.4193,1.806,1.857,1.848,0.000,0.535,0.000,1798320,0,0,171256
11153,26.4213,1.964,1.864,1.855,0.000,0.514,0.000,1956536,0,0,171256
11154,26.4232,2.002,2.265,2.256,0.000,0.491,0.000,1994576,0,0,171256
11155,26.4251,1.930,1.806,1.797,0.000,0.735,0.000,1921659,0,0,171256
11156,26.4270,1.878,1.964,1.955,0.000,0.678,0.000,1870706,0,0,171256
11157,26.4289,1.885,2.003,1.993,0.000,0.695,0.000,1877532,0,0,171256
11158,26.4318,1.885,1.929,1.921,0.000,0.634,0.000,1877741,0,0,171256
11159,26.4338,2.991,1.878,1.870,0.000,0.722,0.000,2983536,0,0,171256
11160,26.4357,1.845,1.885,1.876,0.000,0.383,0.000,1836840,0,0,171256
11161,26.4377,2.005,1.885,1.876,0.000,0.508,0.000,1997361,0,0,190587
11162,26.4395,1.944,2.992,2.982,0.000,0.655,0.000,1935788,0,0,171352
11163,26.4413,1.820,1.844,1.836,0.000,0.574,0.000,1811497,0,0,171256
11164,26.4430,1.740,2.005,1.996,0.000,0.309,0.000,1732689,0,0,171256
11165,26.4447,1.665,1.945,1.935,0.000,0.706,0.000,1658611,0,0,171256
11166,26.4464,1.688,1.819,1.810,0.000,0.344,0.000,1681741,0,0,171256
11167,26.4482,1.729,1.739,1.732,0.000,0.297,0.000,1721816,0,0,171256
11168,26.4501,1.871,1.665,1.658,0.000,0.340,0.000,1863557,0,0,171256
11169,26.4521,1.946,1.689,1.681,0.000,0.324,0.000,1937670,0,0,171256
11170,26.4539,1.917,1.729,1.720,0.000,0.735,0.000,1908611,0,0,171256
11171,26.4559,1.823,1.872,1.863,0.000,0.728,0.000,1815062,0,0,171256
11172,26.4587,1.913,1.946,1.936,0.000,0.397,0.000,1905847,0,0,171256
11173,26.4606,2.947,1.916,1.908,0.000,0.311,0.000,2938613,0,0,171256
11174,26.4624,1.818,1.822,1.814,0.000,0.361,0.000,1809682,0,0,171256
11175,26.4641,1.717,1.914,1.905,0.000,0.323,0.000,1710025,0,0,171256
11176,26.4657,1.680,2.947,2.937,0.000,0.270,0.000,1672685,0,0,171256
11177,26.4675,1.706,1.817,1.808,0.000,0.314,0.000,1698757,0,0,171256
11178,26.4692,1.737,1.717,1.709,0.000,0.272,0.000,1729899,0,0,171256
11179,26.4709,1.679,1.680,1.672,0.000,0.682,0.000,1672589,0,0,171256
11180,26.4725,1.653,1.706,1.698,0.000,0.717,0.000,1646300,0,0,171256
11181,26.4742,1.649,1.737,1.729,0.000,0.352,0.000,1641120,0,0,171256
11182,26.4759,1.646,1.680,1.672,0.000,0.259,0.000,1638514,0,0,171256
11183,26.4775,1.717,1.654,1.645,0.000,0.273,0.000,1709994,0,0,171256
11184,26.4792,1.644,1.648,1.640,0.000,0.265,0.000,1636000,0,0,171256
11185,26.4809,1.667,1.645,1.637,0.000,0.249,0.000,1661011,0,0,171256
11186,26.4837,1.726,1.718,1.709,0.000,0.232,0.000,1719702,0,0,171256
11187,26.4857,2.995,1.642,1.635,0.000,0.338,0.000,2982652,0,0,171256
11188,26.4874,1.820,1.667,1.660,0.000,0.469,0.000,1809686,0,0,171256
11189,26.4891,1.700,1.733,1.719,0.000,0.618,0.000,1692539,0,0,171256
11190,26.4908,1.708,2.992,2.981,0.000,0.624,0.000,1700822,0,0,171256
11191,26.4926,1.691,1.817,1.808,0.000,0.602,0.000,1683931,0,0,171256
11192,26.4944,1.836,1.700,1.691,0.000,0.350,0.000,1827481,0,0,171352
11193,26.4962,1.786,1.708,1.700,0.000,0.457,0.000,1779323,0,0,171256
11194,26.4978,1.741,1.693,1.683,0.000,0.634,0.000,1733197,0,0,171256
11195,26.4994,1.609,1.834,1.826,0.000,0.466,0.000,1602156,0,0,171256
11196,26.5011,1.654,1.787,1.778,0.000,0.293,0.000,1647667,0,0,171256
11197,26.5029,1.724,1.740,1.732,0.000,0.252,0.000,1716479,0,0,171256
11198,26.5047,1.824,1.609,1.601,0.000,0.367,0.000,1816585,0,0,171256
11199,26.5066,1.838,1.655,1.647,0.000,0.345,0.000,1830646,0,0,171256
11200,26.5083,1.767,1.724,1.715,0.000,0.307,0.000,1758410,0,0,171256
11201,26.5112,2.792,1.824,1.816,0.000,0.315,0.000,2784898,0,0,171256
11202,26.5129,1.817,1.839,1.829,0.000,0.292,0.000,1809541,0,0,171256
11203,26.5147,1.678,1.765,1.757,0.000,0.304,0.000,1671895,0,0,171256
11204,26.5164,1.893,2.792,2.784,0.000,0.264,0.000,1885155,0,0,171256
11205,26.5183,1.716,1.816,1.808,0.000,0.678,0.000,1708506,0,0,171256
11206,26.5201,1.852,1.680,1.671,0.000,0.643,0.000,1844053,0,0,171256
11207,26.5220,1.917,1.893,1.884,0.000,0.337,0.000,1909082,0,0,171256
11208,26.5238,1.863,1.716,1.707,0.000,0.661,0.000,1855090,0,0,171256
11209,26.5256,1.758,1.852,1.843,0.000,0.381,0.000,1750215,0,0,171256
11210,26.5273,1.741,1.917,1.908,0.000,0.310,0.000,1733247,0,0,171256
11211,26.5290,1.664,1.863,1.854,0.000,0.639,0.000,1656788,0,0,171256
11212,26.5307,1.695,1.758,1.749,0.000,0.487,0.000,1688040,0,0,171256
11213,26.5324,1.715,1.740,1.732,0.000,0.295,0.000,1707930,0,0,171256
11214,26.5341,1.700,1.664,1.656,0.000,0.322,0.000,1692271,0,0,171256
11215,26.5392,1.749,1.695,1.687,0.000,0.636,0.000,1741350,0,0,171256
11216,26.5416,5.325,1.715,1.707,0.000,0.363,0.000,5318535,0,0,171256
11217,26.5445,3.161,1.700,1.691,0.000,0.290,0.000,3152538,0,0,171256
11218,26.5465,2.071,1.749,1.740,0.000,0.695,0.000,2061034,0,0,171256
11219,26.5483,1.882,5.328,5.317,0.000,0.330,0.000,1873972,0,0,171256
11220,26.5501,1.826,3.162,3.151,0.000,0.377,0.000,1817962,0,0,171256
11221,26.5520,1.842,2.068,2.059,0.000,0.376,0.000,1835227,0,0,171256
11222,26.5546,2.248,1.881,1.873,0.000,0.351,0.000,2239971,0,0,171352
11223,26.5566,2.228,1.825,1.817,0.000,0.408,0.000,2216501,0,0,171256
11224,26.5589,2.289,1.843,1.834,0.000,0.379,0.000,2281792,0,0,171256
11225,26.5608,1.998,2.251,2.239,0.000,0.364,0.000,1990790,0,0,171256
11226,26.5626,1.919,2.224,2.215,0.000,0.372,0.000,1910042,0,0,171256
11227,26.5644,1.802,2.290,2.281,0.000,0.417,0.000,1794083,0,0,171256
11228,26.5662,1.760,2.000,1.989,0.000,0.358,0.000,1753502,0,0,171256
11229,26.5679,1.745,1.918,1.909,0.000,0.311,0.000,1737245,0,0,171256
11230,26.5696,1.714,1.801,1.793,0.000,0.338,0.000,1706571,0,0,171256
11231,26.5726,2.834,1.761,1.752,0.000,0.688,0.000,2826726,0,0,171256
11232,26.5745,1.882,1.745,1.736,0.000,0.372,0.000,1874453,0,0,171256
11233,26.5763,1.878,1.714,1.705,0.000,0.580,0.000,1870706,0,0,171256
11234,26.5780,1.791,2.835,2.826,0.000,0.296,0.000,1782732,0,0,171256
11235,26.5797,1.688,1.882,1.873,0.000,0.351,0.000,1680524,0,0,171256
11236,26.5816,1.702,1.879,1.869,0.000,0.525,0.000,1694425,0,0,171256
11237,26.5834,1.953,1.790,1.782,0.000,0.371,0.000,1946583,0,0,171256
11238,26.5851,1.738,1.688,1.679,0.000,0.302,0.000,1730408,0,0,171256
11239,26.5869,1.765,1.702,1.693,0.000,0.323,0.000,1758510,0,0,171256
11240,26.5886,1.709,1.954,1.945,0.000,0.421,0.000,1701700,0,0,171256
11241,26.5903,1.691,1.737,1.729,0.000,0.311,0.000,1684734,0,0,171256
11242,26.5920,1.703,1.766,1.757,0.000,0.328,0.000,1695403,0,0,171256
11243,26.5937,1.743,1.709,1.701,0.000,0.313,0.000,1736217,0,0,171256
11244,26.5978,1.894,1.692,1.684,0.000,0.710,0.000,1886916,0,0,171256
11245,26.6001,4.387,1.702,1.694,0.000,0.487,0.000,4375733,0,0,171256
11246,26.6019,1.935,1.743,1.735,0.000,0.338,0.000,1926055,0,0,171256
11247,26.6037,1.761,1.898,1.886,0.000,0.364,0.000,1754107,0,0,171256
11248,26.6055,1.749,4.385,4.374,0.000,0.692,0.000,1741646,0,0,171256
11249,26.6072,1.740,1.933,1.925,0.000,0.633,0.000,1732766,0,0,171256
11250,26.6091,1.839,1.761,1.753,0.000,0.553,0.000,1832514,0,0,171256
11251,26.6109,1.814,1.749,1.741,0.000,0.288,0.000,1806620,0,0,171256
11252,26.6129,1.960,1.740,1.732,0.000,0.338,0.000,1952178,0,0,171352
11253,26.6150,1.950,1.840,1.831,0.000,0.308,0.000,1941561,0,0,171256
11254,26.6170,2.101,1.814,1.805,0.000,0.361,0.000,2093342,0,0,171256
11255,26.6189,1.997,1.960,1.951,0.000,0.497,0.000,1988826,0,0,171256
11256,26.6208,1.840,1.950,1.940,0.000,0.397,0.000,1832164,0,0,171256
11257,26.6226,1.859,2.102,2.092,0.000,0.376,0.000,1850945,0,0,171256
11258,26.6256,1.884,1.996,1.987,0.000,0.334,0.000,1876133,0,0,171256
11259,26.6277,3.086,1.840,1.831,0.000,0.321,0.000,3078307,0,0,171256
11260,26.6298,2.023,1.859,1.850,0.000,0.361,0.000,2013996,0,0,171256
11261,26.6317,2.043,1.884,1.875,0.000,0.390,0.000,2034917,0,0,171256
11262,26.6337,2.009,3.087,3.077,0.000,0.360,0.000,2001175,0,0,171256
11263,26.6357,1.916,2.022,2.013,0.000,0.747,0.000,1907974,0,0,171256
11264,26.6376,1.999,2.043,2.034,0.000,0.498,0.000,1991268,0,0,171256
11265,26.6395,1.897,2.009,2.000,0.000,0.367,0.000,1888563,0,0,171256
11266,26.6413,1.847,1.916,1.907,0.000,0.420,0.000,1840026,0,0,171256
11267,26.6431,1.832,2.000,1.990,0.000,0.296,0.000,1824277,0,0,171256
11268,26.6450,1.840,1.896,1.887,0.000,0.572,0.000,1832772,0,0,171256
11269,26.6470,1.996,1.847,1.839,0.000,0.730,0.000,1988987,0,0,171256
11270,26.6491,2.072,1.831,1.823,0.000,0.774,0.000,2064389,0,0,171256
11271,26.6508,1.829,1.840,1.832,0.000,0.344,0.000,1817409,0,0,171256
11272,26.6537,1.773,1.997,1.988,0.000,0.359,0.000,1765135,0,0,171256
11273,26.6558,2.951,2.076,2.063,0.000,0.693,0.000,2944601,0,0,171256
11274,26.6576,2.014,1.824,1.816,0.000,0.343,0.000,2006414,0,0,171256
11275,26.6594,1.791,1.772,1.764,0.000,0.579,0.000,1783633,0,0,171256
11276,26.6613,1.860,2.952,2.943,0.000,0.343,0.000,1851895,0,0,171256
11277,26.6632,1.840,2.014,2.005,0.000,0.313,0.000,1831953,0,0,171256
11278,26.6650,1.898,1.791,1.782,0.000,0.363,0.000,1890645,0,0,171256
11279,26.6669,1.832,1.859,1.851,0.000,0.315,0.000,1824601,0,0,171256
11280,26.6686,1.800,1.839,1.831,0.000,0.276,0.000,1792128,0,0,171256
11281,26.6705,1.867,1.898,1.890,0.000,0.320,0.000,1859926,0,0,190587
11282,26.6724,1.846,1.832,1.823,0.000,0.280,0.000,1837720,0,0,171352
11283,26.6742,1.902,1.799,1.791,0.000,0.259,0.000,1893677,0,0,171256
11284,26.6762,1.852,1.868,1.859,0.000,0.560,0.000,1844512,0,0,171256
11285,26.6782,2.034,1.846,1.836,0.000,0.692,0.000,2027656,0,0,171256
11286,26.6813,1.975,1.901,1.892,0.000,0.785,0.000,1967177,0,0,171256
11287,26.6835,3.224,1.851,1.843,0.000,0.387,0.000,3215569,0,0,171256
11288,26.6855,2.099,2.036,2.026,0.000,0.314,0.000,2090733,0,0,171256
11289,26.6875,1.984,1.975,1.966,0.000,0.398,0.000,1975684,0,0,171256
11290,26.6896,2.115,3.224,3.214,0.000,0.382,0.000,2107554,0,0,171256
11291,26.6917,2.004,2.098,2.089,0.000,0.318,0.000,1995587,0,0,171256
11292,26.6938,2.149,1.984,1.974,0.000,0.381,0.000,2140608,0,0,171256
11293,26.6961,2.156,2.116,2.106,0.000,0.340,0.000,2147620,0,0,171256
11294,26.6982,2.241,2.004,1.994,0.000,0.388,0.000,2231785,0,0,171256
11295,26.7013,2.681,2.149,2.139,0.000,0.383,0.000,2670954,0,0,171256
11296,26.7038,2.787,2.156,2.146,0.000,0.535,0.000,2774816,0,0,171256
11297,26.7064,2.540,2.242,2.230,0.000,0.576,0.000,2528546,0,0,171256
11298,26.7093,2.693,2.683,2.669,0.000,0.463,0.000,2682861,0,0,171256
11299,26.7118,2.665,2.786,2.773,0.000,0.472,0.000,2651715,0,0,171256
11300,26.7158,2.405,2.539,2.527,0.000,0.591,0.000,2392277,0,0,171256
11301,26.7187,4.232,2.696,2.681,0.000,0.445,0.000,4221995,0,0,171256
11302,26.7210,2.712,2.664,2.650,0.000,0.489,0.000,2702062,0,0,171256
11303,26.7231,2.134,2.402,2.391,0.000,0.473,0.000,2123353,0,0,171256
11304,26.7252,2.110,4.232,4.220,0.000,0.404,0.000,2100928,0,0,171256
11305,26.7273,2.088,2.712,2.701,0.000,0.396,0.000,2079445,0,0,171256
11306,26.7293,2.058,2.133,2.122,0.000,0.785,0.000,2049956,0,0,171256
11307,26.7314,2.048,2.110,2.100,0.000,0.729,0.000,2040226,0,0,171256
11308,26.7335,2.087,2.088,2.078,0.000,0.430,0.000,2078062,0,0,171256
11309,26.7356,2.080,2.058,2.049,0.000,0.542,0.000,2071788,0,0,171256
11310,26.7376,2.131,2.049,2.039,0.000,0.349,0.000,2122176,0,0,171256
11311,26.7397,1.985,2.087,2.077,0.000,0.310,0.000,1975657,0,0,171256
11312,26.7417,2.124,2.080,2.070,0.000,0.800,0.000,2115862,0,0,171352
11313,26.7439,2.070,2.131,2.121,0.000,0.832,0.000,2062845,0,0,171256
11314,26.7472,2.171,1.984,1.974,0.000,0.750,0.000,2162713,0,0,171256
11315,26.7494,3.366,2.124,2.114,0.000,0.700,0.000,3357445,0,0,171256
11316,26.7515,2.108,2.071,2.061,0.000,0.444,0.000,2098248,0,0,171256
11317,26.7535,2.053,2.171,2.161,0.000,0.791,0.000,2044929,0,0,171256
11318,26.7558,2.050,3.367,3.356,0.000,0.607,0.000,2041968,0,0,171256
11319,26.7578,2.233,2.106,2.097,0.000,0.344,0.000,2224025,0,0,171256
11320,26.7599,2.078,2.053,2.044,0.000,0.323,0.000,2069279,0,0,171256
11321,26.7619,2.052,2.050,2.040,0.000,0.419,0.000,2043756,0,0,171256
11322,26.7639,2.044,2.232,2.222,0.000,0.406,0.000,2035622,0,0,171256
11323,26.7658,1.939,2.078,2.068,0.000,0.330,0.000,1930322,0,0,171256
11324,26.7676,1.840,2.052,2.042,0.000,0.319,0.000,1832183,0,0,171256
11325,26.7694,1.797,2.044,2.034,0.000,0.283,0.000,1789192,0,0,171256
11326,26.7713,1.876,1.938,1.929,0.000,0.401,0.000,1868964,0,0,171256
11327,26.7731,1.825,1.840,1.831,0.000,0.758,0.000,1817778,0,0,171256
11328,26.7761,1.785,1.797,1.788,0.000,0.435,0.000,1777996,0,0,171256
11329,26.7782,3.182,1.876,1.868,0.000,0.317,0.000,3175035,0,0,171256
11330,26.7800,1.875,1.825,1.816,0.000,0.332,0.000,1867367,0,0,171256
11331,26.7818,1.784,1.785,1.777,0.000,0.695,0.000,1777235,0,0,171256
11332,26.7838,2.000,3.183,3.174,0.000,0.665,0.000,1992648,0,0,171256
11333,26.7855,1.766,1.875,1.866,0.000,0.366,0.000,1757741,0,0,171256
11334,26.7874,1.842,1.785,1.776,0.000,0.436,0.000,1834453,0,0,171256
11335,26.7895,1.981,2.001,1.991,0.000,0.334,0.000,1972268,0,0,171256
11336,26.7916,2.181,1.765,1.757,0.000,0.712,0.000,2173598,0,0,171256
11337,26.7935,1.919,1.843,1.833,0.000,0.729,0.000,1910823,0,0,171256
11338,26.7954,1.868,1.980,1.971,0.000,0.363,0.000,1860238,0,0,171256
11339,26.7974,1.980,2.181,2.172,0.000,0.644,0.000,1972254,0,0,171256
11340,26.7992,1.869,1.918,1.910,0.000,0.376,0.000,1860562,0,0,171256
11341,26.8009,1.746,1.868,1.859,0.000,0.352,0.000,1738203,0,0,171256
11342,26.8049,2.120,1.980,1.971,0.000,0.411,0.000,2113505,0,0,171352
11343,26.8069,3.805,1.868,1.859,0.000,0.390,0.000,3794090,0,0,171256
11344,26.8086,1.844,1.745,1.737,0.000,0.324,0.000,1835772,0,0,171256
11345,26.8104,1.708,2.124,2.112,0.000,0.460,0.000,1700847,0,0,171256
11346,26.8122,1.806,3.802,3.792,0.000,0.493,0.000,1799371,0,0,171256
11347,26.8140,1.825,1.843,1.834,0.000,0.646,0.000,1818675,0,0,171256
11348,26.8162,1.929,1.708,1.700,0.000,0.642,0.000,1920307,0,0,171256
11349,26.8183,2.220,1.806,1.798,0.000,0.318,0.000,2212644,0,0,171256
11350,26.8204,2.120,1.827,1.817,0.000,0.363,0.000,2110148,0,0,171256
11351,26.8226,2.126,1.928,1.919,0.000,0.748,0.000,2118900,0,0,171256
11352,26.8246,2.127,2.223,2.212,0.000,0.394,0.000,2116340,0,0,171256
11353,26.8267,2.033,2.118,2.108,0.000,0.495,0.000,2023867,0,0,171256
11354,26.8288,2.095,2.130,2.118,0.000,0.768,0.000,2087021,0,0,171256
11355,26.8309,2.118,2.126,2.115,0.000,0.360,0.000,2110764,0,0,171256
11356,26.8339,1.959,2.032,2.022,0.000,0.718,0.000,1950686,0,0,171256
11357,26.8365,3.176,2.095,2.086,0.000,0.735,0.000,3167812,0,0,171256
11358,26.8391,2.888,2.119,2.110,0.000,0.671,0.000,2878737,0,0,171256
11359,26.8410,2.195,1.959,1.950,0.000,0.403,0.000,2181737,0,0,171256
11360,26.8429,1.853,3.177,3.167,0.000,0.382,0.000,1845496,0,0,171256
11361,26.8448,1.824,2.892,2.877,0.000,0.388,0.000,1815977,0,0,171256
11362,26.8467,1.983,2.189,2.180,0.000,0.695,0.000,1975445,0,0,171256
11363,26.8485,1.802,1.853,1.844,0.000,0.338,0.000,1794268,0,0,171256
11364,26.8504,1.923,1.823,1.815,0.000,0.284,0.000,1915248,0,0,171256
11365,26.8521,1.755,1.983,1.974,0.000,0.295,0.000,1747763,0,0,171256
11366,26.8539,1.769,1.802,1.793,0.000,0.331,0.000,1762087,0,0,171256
11367,26.8559,1.815,1.922,1.914,0.000,0.285,0.000,1807745,0,0,171256
11368,26.8576,1.901,1.755,1.747,0.000,0.341,0.000,1894319,0,0,171256
11369,26.8594,1.795,1.770,1.761,0.000,0.475,0.000,1787537,0,0,171256
11370,26.8611,1.720,1.815,1.806,0.000,0.304,0.000,1712766,0,0,171256
11371,26.8641,2.867,1.902,1.893,0.000,0.279,0.000,2859933,0,0,171256
11372,26.8659,1.917,1.795,1.786,0.000,0.256,0.000,1909574,0,0,171352
11373,26.8677,1.793,1.720,1.711,0.000,0.679,0.000,1786548,0,0,171256
11374,26.8694,1.725,2.868,2.859,0.000,0.650,0.000,1717964,0,0,171256
11375,26.8711,1.711,1.916,1.908,0.000,0.426,0.000,1704645,0,0,171256
11376,26.8728,1.685,1.794,1.785,0.000,0.572,0.000,1678096,0,0,171256
11377,26.8746,1.681,1.724,1.717,0.000,0.263,0.000,1674553,0,0,171256
11378,26.8762,1.803,1.711,1.703,0.000,0.264,0.000,1796317,0,0,171256
11379,26.8780,1.642,1.685,1.677,0.000,0.259,0.000,1634110,0,0,171256
11380,26.8798,1.754,1.682,1.673,0.000,0.646,0.000,1747753,0,0,171256
11381,26.8818,2.005,1.804,1.795,0.000,0.572,0.000,1997252,0,0,171256
11382,26.8838,1.905,1.641,1.633,0.000,0.355,0.000,1897866,0,0,171256
11383,26.8856,1.979,1.756,1.747,0.000,0.594,0.000,1969300,0,0,171256
11384,26.8873,1.761,2.005,1.996,0.000,0.512,0.000,1753747,0,0,171256
11385,26.8901,2.748,1.907,1.896,0.000,0.324,0.000,2740629,0,0,171256
11386,26.8918,1.784,1.977,1.968,0.000,0.619,0.000,1777104,0,0,171256
11387,26.8935,1.662,1.761,1.753,0.000,0.366,0.000,1655023,0,0,171256
11388,26.8953,1.681,2.747,2.739,0.000,0.294,0.000,1673989,0,0,171256
11389,26.8970,1.831,1.784,1.776,0.000,0.278,0.000,1823960,0,0,171256
11390,26.8987,1.715,1.662,1.654,0.000,0.330,0.000,1706451,0,0,171256
11391,26.9004,1.657,1.681,1.673,0.000,0.613,0.000,1650679,0,0,171256
11392,26.9020,1.629,1.832,1.823,0.000,0.637,0.000,1622364,0,0,171256
11393,26.9036,1.646,1.713,1.705,0.000,0.640,0.000,1639176,0,0,171256
11394,26.9053,1.660,1.657,1.649,0.000,0.367,0.000,1653186,0,0,171256
11395,26.9070,1.672,1.629,1.621,0.000,0.329,0.000,1665089,0,0,171256
11396,26.9086,1.632,1.646,1.638,0.000,0.331,0.000,1625362,0,0,171256
11397,26.9102,1.626,1.660,1.652,0.000,0.620,0.000,1619969,0,0,171816
11398,26.9118,1.626,1.672,1.664,0.000,0.628,0.000,1619949,0,0,171312
11399,26.9146,1.611,1.632,1.624,0.000,0.612,0.000,1604771,0,0,171256
11400,26.9168,3.111,1.627,1.619,0.000,0.592,0.000,3104842,0,0,171256
11401,26.9190,2.070,1.627,1.619,0.000,0.330,0.000,2062220,0,0,190587
11402,26.9209,2.168,1.611,1.604,0.000,0.395,0.000,2160837,0,0,171352
11403,26.9227,1.878,3.112,3.104,0.000,0.679,0.000,1869920,0,0,171256
11404,26.9245,1.736,2.070,2.061,0.000,0.652,0.000,1729328,0,0,171256
11405,26.9262,1.707,2.168,2.160,0.000,0.602,0.000,1699869,0,0,171256
11406,26.9280,1.783,1.877,1.869,0.000,0.640,0.000,1776285,0,0,171256
11407,26.9297,1.719,1.736,1.728,0.000,0.364,0.000,1712234,0,0,171256
11408,26.9314,1.755,1.707,1.699,0.000,0.319,0.000,1747461,0,0,171256
11409,26.9331,1.710,1.783,1.775,0.000,0.306,0.000,1702419,0,0,171256
11410,26.9352,1.674,1.719,1.711,0.000,0.277,0.000,1666987,0,0,171256
11411,26.9368,2.048,1.754,1.746,0.000,0.267,0.000,2041850,0,0,171256
11412,26.9386,1.711,1.709,1.701,0.000,0.486,0.000,1704017,0,0,171256
11413,26.9415,1.700,1.673,1.666,0.000,0.613,0.000,1693803,0,0,171256
11414,26.9434,3.111,2.049,2.041,0.000,0.553,0.000,3104003,0,0,171256
11415,26.9453,1.837,1.710,1.703,0.000,0.628,0.000,1829242,0,0,171256
11416,26.9470,1.788,1.701,1.692,0.000,0.664,0.000,1780860,0,0,171256
11417,26.9488,1.737,3.112,3.103,0.000,0.348,0.000,1730085,0,0,171256
11418,26.9506,1.813,1.836,1.828,0.000,0.611,0.000,1806271,0,0,171256
11419,26.9524,1.810,1.788,1.780,0.000,0.579,0.000,1803063,0,0,171256
11420,26.9542,1.728,1.736,1.729,0.000,0.611,0.000,1720543,0,0,171256
11421,26.9560,1.775,1.814,1.805,0.000,0.346,0.000,1768028,0,0,171256
11422,26.9578,1.858,1.810,1.802,0.000,0.251,0.000,1850465,0,0,171256
11423,26.9599,1.869,1.728,1.719,0.000,0.456,0.000,1861459,0,0,171256
11424,26.9618,2.123,1.775,1.767,0.000,0.282,0.000,2113324,0,0,171256
11425,26.9636,1.860,1.858,1.849,0.000,0.423,0.000,1851554,0,0,171256
11426,26.9662,1.971,1.871,1.860,0.000,0.377,0.000,1963766,0,0,171256
11427,26.9698,2.844,2.122,2.112,0.000,0.297,0.000,2833232,0,0,171256
11428,26.9719,3.307,1.859,1.850,0.000,0.310,0.000,3297913,0,0,171256
11429,26.9739,2.058,1.976,1.963,0.000,0.714,0.000,2048987,0,0,171256
11430,26.9764,2.206,2.841,2.830,0.000,0.419,0.000,2197637,0,0,171256
11431,26.9790,2.457,3.307,3.297,0.000,0.697,0.000,2449699,0,0,171256
11432,26.9810,2.451,2.057,2.048,0.000,0.589,0.000,2439319,0,0,171352
11433,26.9829,1.900,2.205,2.196,0.000,0.365,0.000,1891001,0,0,171256
11434,26.9848,1.908,2.463,2.448,0.000,0.714,0.000,1900390,0,0,171256
11435,26.9870,2.032,2.447,2.436,0.000,0.683,0.000,2024143,0,0,171256
11436,26.9894,2.397,1.898,1.890,0.000,0.523,0.000,2388244,0,0,171256
11437,26.9917,2.282,1.908,1.899,0.000,0.441,0.000,2271970,0,0,171256
11438,26.9941,2.402,2.034,2.023,0.000,0.427,0.000,2393465,0,0,171256
11439,26.9965,2.317,2.398,2.387,0.000,0.359,0.000,2308002,0,0,171256
11440,26.9987,2.320,2.281,2.271,0.000,0.465,0.000,2311194,0,0,171256
11441,27.0021,2.192,2.403,2.392,0.000,0.406,0.000,2182988,0,0,171256
11442,27.0044,3.467,2.317,2.306,0.000,0.356,0.000,3457459,0,0,171256
11443,27.0068,2.373,2.321,2.310,0.000,0.839,0.000,2364313,0,0,171256
11444,27.0093,2.502,2.192,2.182,0.000,0.720,0.000,2492705,0,0,171256
11445,27.0115,2.333,3.466,3.456,0.000,0.412,0.000,2322466,0,0,171256
11446,27.0136,2.144,2.374,2.363,0.000,0.450,0.000,2134748,0,0,171256
11447,27.0159,2.113,2.503,2.491,0.000,0.350,0.000,2104565,0,0,171256
11448,27.0181,2.357,2.332,2.321,0.000,0.341,0.000,2347979,0,0,171256
11449,27.0202,2.122,2.143,2.133,0.000,0.410,0.000,2112053,0,0,171256
11450,27.0223,2.069,2.114,2.103,0.000,0.396,0.000,2060857,0,0,171256
11451,27.0244,2.116,2.357,2.347,0.000,0.778,0.000,2107483,0,0,171256
11452,27.0265,2.126,2.120,2.111,0.000,0.709,0.000,2116881,0,0,171256
11453,27.0286,2.088,2.069,2.060,0.000,0.776,0.000,2079577,0,0,171256
11454,27.0307,2.096,2.117,2.106,0.000,0.793,0.000,2083590,0,0,171256
11455,27.0338,1.986,2.125,2.115,0.000,0.754,0.000,1977324,0,0,171256
11456,27.0360,3.141,2.092,2.078,0.000,0.725,0.000,3133067,0,0,171256
11457,27.0379,2.127,2.091,2.082,0.000,0.711,0.000,2118958,0,0,171256
11458,27.0399,1.978,1.986,1.976,0.000,0.722,0.000,1969590,0,0,171256
11459,27.0418,1.893,3.149,3.132,0.000,0.664,0.000,1884866,0,0,171256
11460,27.0439,2.033,2.120,2.110,0.000,0.669,0.000,2024102,0,0,171256
11461,27.0460,2.072,1.978,1.968,0.000,0.681,0.000,2063206,0,0,171256
11462,27.0480,2.061,1.894,1.884,0.000,0.696,0.000,2052998,0,0,171352
11463,27.0501,2.128,2.034,2.023,0.000,0.490,0.000,2119258,0,0,171256
11464,27.0522,2.038,2.071,2.062,0.000,0.367,0.000,2029063,0,0,171256
11465,27.0541,2.020,2.062,2.052,0.000,0.438,0.000,2012075,0,0,171256
11466,27.0561,1.929,2.129,2.118,0.000,0.396,0.000,1920868,0,0,171256
11467,27.0581,2.045,2.037,2.027,0.000,0.397,0.000,2037928,0,0,171256
11468,27.0601,1.969,2.020,2.011,0.000,0.337,0.000,1960990,0,0,171256
11469,27.0631,1.974,1.928,1.920,0.000,0.323,0.000,1965187,0,0,171256
11470,27.0651,3.016,2.046,2.037,0.000,0.385,0.000,3007896,0,0,171256
11471,27.0669,1.893,1.970,1.960,0.000,0.317,0.000,1885980,0,0,171256
11472,27.0688,1.849,1.973,1.964,0.000,0.397,0.000,1841744,0,0,171256
11473,27.0707,1.896,3.015,3.007,0.000,0.341,0.000,1889534,0,0,171256
11474,27.0731,2.009,1.893,1.885,0.000,0.345,0.000,1999369,0,0,171256
11475,27.0750,2.251,1.849,1.841,0.000,0.438,0.000,2240087,0,0,171256
11476,27.0768,1.948,1.899,1.888,0.000,0.334,0.000,1940483,0,0,171256
11477,27.0786,1.749,2.011,1.998,0.000,0.294,0.000,1741438,0,0,171256
11478,27.0803,1.757,2.247,2.238,0.000,0.643,0.000,1750609,0,0,171256
11479,27.0821,1.792,1.948,1.939,0.000,0.583,0.000,1784700,0,0,171256
11480,27.0839,1.772,1.748,1.740,0.000,0.624,0.000,1765344,0,0,171256
11481,27.0858,1.795,1.758,1.749,0.000,0.610,0.000,1788330,0,0,171256
11482,27.0878,1.978,1.791,1.784,0.000,0.640,0.000,1970240,0,0,171256
11483,27.0898,1.991,1.772,1.764,0.000,0.632,0.000,1983233,0,0,171256
11484,27.0929,3.134,1.796,1.787,0.000,0.674,0.000,3127177,0,0,171256
11485,27.0949,1.959,1.978,1.969,0.000,0.633,0.000,1951532,0,0,171256
11486,27.0969,2.043,1.990,1.982,0.000,0.648,0.000,2036197,0,0,171256
11487,27.0988,1.952,3.135,3.126,0.000,0.630,0.000,1944632,0,0,171256
11488,27.1006,1.843,1.959,1.950,0.000,0.622,0.000,1835585,0,0,171256
11489,27.1024,1.759,2.044,2.035,0.000,0.379,0.000,1751999,0,0,171256
11490,27.1041,1.776,1.952,1.944,0.000,0.709,0.000,1768390,0,0,171256
11491,27.1059,1.745,1.843,1.834,0.000,0.628,0.000,1738302,0,0,171256
11492,27.1076,1.800,1.759,1.751,0.000,0.651,0.000,1793326,0,0,171352
11493,27.1094,1.740,1.775,1.767,0.000,0.620,0.000,1733443,0,0,171256
11494,27.1111,1.748,1.745,1.737,0.000,0.630,0.000,1740953,0,0,171256
11495,27.1129,1.788,1.800,1.792,0.000,0.674,0.000,1780742,0,0,171256
11496,27.1151,1.783,1.740,1.732,0.000,0.620,0.000,1775900,0,0,171256
11497,27.1168,2.107,1.748,1.740,0.000,0.621,0.000,2100619,0,0,171256
11498,27.1214,1.727,1.788,1.780,0.000,0.487,0.000,1719760,0,0,171256
11499,27.1241,5.197,1.782,1.775,0.000,0.305,0.000,5190818,0,0,171256
11500,27.1270,3.142,2.108,2.099,0.000,0.528,0.000,3129370,0,0,171256
11501,27.1288,1.902,1.727,1.719,0.000,0.323,0.000,1891931,0,0,171256
11502,27.1306,1.772,5.204,5.190,0.000,0.298,0.000,1764618,0,0,171256
11503,27.1323,1.753,3.139,3.127,0.000,0.276,0.000,1745537,0,0,171256
11504,27.1340,1.738,1.899,1.890,0.000,0.642,0.000,1731133,0,0,171256
11505,27.1359,1.701,1.772,1.763,0.000,0.667,0.000,1693857,0,0,171256
11506,27.1380,2.050,1.752,1.744,0.000,0.627,0.000,2043298,0,0,171256
11507,27.1400,2.122,1.738,1.730,0.000,0.343,0.000,2112110,0,0,171256
11508,27.1419,1.894,1.701,1.693,0.000,0.349,0.000,1885338,0,0,171256
11509,27.1440,1.991,2.054,2.042,0.000,0.397,0.000,1983173,0,0,171256
11510,27.1458,1.964,2.120,2.110,0.000,0.339,0.000,1955241,0,0,171256
11511,27.1474,1.710,1.893,1.884,0.000,0.383,0.000,1702176,0,0,171256
11512,27.1491,1.670,1.992,1.982,0.000,0.293,0.000,1662411,0,0,171256
11513,27.1510,1.691,1.963,1.954,0.000,0.263,0.000,1684354,0,0,171256
