Unity Editor version:    6000.0.75f1 (26349cd2a5c8)
Branch:                  6000.0/staging
Build type:              Release
Batch mode:              YES
System name:             Linux
Distro version:          #31~24.04.1-Ubuntu SMP PREEMPT_DYNAMIC Mon Aug 10 09:38:02 UTC 2
Kernel version:          7.0.0-31-generic
Architecture:            x86_64
Available memory:        31897 MB
[Licensing::Module] Trying to connect to existing licensing client channel...
[Licensing::IpcConnector] Successfully connected to: "LicenseClient-worlesenric" at "2026-10-07T12:19:07.29579Z"
[SignatureVerifier] Application signature verification not supported on this platform.
[Licensing::Client] Handshaking with LicensingClient:
  Version:                 1.17.4+4293ba1
  Session Id:              ac6d6212d28f4beb96161b0846ebeaac
  Correlation Id:          70dec6492dd8776ac9455dd9efce7e71
  External correlation Id: 4879747120128232282
  Machine Id:              jd93gYTNlAg1qIhTY9iII/nAhSo=
[Licensing::Module] Successfully connected to LicensingClient on channel: "LicenseClient-worlesenric" (connect: 0.00s, validation: 0.00s, handshake: 0.00s)
[Licensing::IpcConnector] Successfully connected to: "LicenseClient-worlesenric-notifications" at "2026-10-07T12:19:07.296371Z"
[Licensing::Module] Error: Access token is unavailable; failed to update
[Licensing::Client] Successfully resolved entitlement details
[Licensing::Module] License group:
  Id: 1375999166540-UnityPersXXXX
  Product: Unity Personal
  Type: Assigned
  Expiration: Unlimited
[Licensing::Client] Successfully updated license, isAsync: True, time: 0.00
[Licensing::Module] Licensing Background thread has ended after 0.00s
The selected window backend is (null)
Desktop is 1920 x 1080 @ 60 Hz
Initialize udev device monitor.

COMMAND LINE ARGUMENTS:
~/Unity/Hub/Editor/6000.0.75f1/Editor/Unity
-batchmode
-projectPath
~/wkspace/gc-studio/p4.2j/games/hollowmere
-logFile
-
-testResults
~/wkspace/gc-studio/p4.2j/artifacts/studio/verification/W-EDIT-06/p42j-runtime-promotion-20261007T121907.034955Z/results.xml
-runTests
-testPlatform
EditMode
-testFilter
Hollowmere.R7_B.Promotion|GameCore.Studio.Edit.Tests.RuntimeMovePromotionTests
Successfully changed project path to: ~/wkspace/gc-studio/p4.2j/games/hollowmere

(Unity:2625649): Gtk-CRITICAL **: 20:19:07.457: gtk_label_set_text: assertion 'GTK_IS_LABEL (label)' failed

(Unity:2625649): Gtk-CRITICAL **: 20:19:07.463: gtk_label_set_text: assertion 'GTK_IS_LABEL (label)' failed
~/wkspace/gc-studio/p4.2j/games/hollowmere
[UnityMemory] Configuration Parameters - Can be set up in boot.config
"memorysetup-bucket-allocator-granularity=16"
"memorysetup-bucket-allocator-bucket-count=8"
"memorysetup-bucket-allocator-block-size=33554432"
"memorysetup-bucket-allocator-block-count=8"
"memorysetup-main-allocator-block-size=16777216"
"memorysetup-thread-allocator-block-size=16777216"
"memorysetup-gfx-main-allocator-block-size=16777216"
"memorysetup-gfx-thread-allocator-block-size=16777216"
"memorysetup-cache-allocator-block-size=4194304"
"memorysetup-typetree-allocator-block-size=2097152"
"memorysetup-profiler-bucket-allocator-granularity=16"
"memorysetup-profiler-bucket-allocator-bucket-count=8"
"memorysetup-profiler-bucket-allocator-block-size=33554432"
"memorysetup-profiler-bucket-allocator-block-count=8"
"memorysetup-profiler-allocator-block-size=16777216"
"memorysetup-profiler-editor-allocator-block-size=1048576"
"memorysetup-temp-allocator-size-main=16777216"
"memorysetup-job-temp-allocator-block-size=2097152"
"memorysetup-job-temp-allocator-block-size-background=1048576"
"memorysetup-job-temp-allocator-reduction-small-platforms=262144"
"memorysetup-allocator-temp-initial-block-size-main=262144"
"memorysetup-allocator-temp-initial-block-size-worker=262144"
"memorysetup-temp-allocator-size-background-worker=32768"
"memorysetup-temp-allocator-size-job-worker=262144"
"memorysetup-temp-allocator-size-preload-manager=33554432"
"memorysetup-temp-allocator-size-nav-mesh-worker=65536"
"memorysetup-temp-allocator-size-audio-worker=65536"
"memorysetup-temp-allocator-size-cloud-worker=32768"
"memorysetup-temp-allocator-size-gi-baking-worker=262144"
"memorysetup-temp-allocator-size-gi-baking-worker=262144"
"memorysetup-temp-allocator-size-gi-baking-worker=262144"
"memorysetup-temp-allocator-size-gi-baking-worker=262144"
"memorysetup-temp-allocator-size-gi-baking-worker=262144"
"memorysetup-temp-allocator-size-gfx=262144"
Player connection [132141953791296]  Target information:

Player connection [132141953791296]  * "[IP] 192.168.0.21 [Port] 55504 [Flags] 2 [Guid] 1003120577 [EditorId] 1003120577 [Version] 1048832 [Id] LinuxEditor(16,192.168.0.21) [Debug] 1 [PackageName] LinuxEditor [ProjectName] Editor"

Player connection [132141953791296]  * "[IP] 172.18.0.1 [Port] 55504 [Flags] 2 [Guid] 1003120577 [EditorId] 1003120577 [Version] 1048832 [Id] LinuxEditor(16,192.168.0.21) [Debug] 1 [PackageName] LinuxEditor [ProjectName] Editor"

Player connection [132141953791296]  * "[IP] 172.17.0.1 [Port] 55504 [Flags] 2 [Guid] 1003120577 [EditorId] 1003120577 [Version] 1048832 [Id] LinuxEditor(16,192.168.0.21) [Debug] 1 [PackageName] LinuxEditor [ProjectName] Editor"

Player connection [132141953791296]  * "[IP] 10.42.0.0 [Port] 55504 [Flags] 2 [Guid] 1003120577 [EditorId] 1003120577 [Version] 1048832 [Id] LinuxEditor(16,192.168.0.21) [Debug] 1 [PackageName] LinuxEditor [ProjectName] Editor"

Player connection [132141953791296]  * "[IP] 10.42.0.1 [Port] 55504 [Flags] 2 [Guid] 1003120577 [EditorId] 1003120577 [Version] 1048832 [Id] LinuxEditor(16,192.168.0.21) [Debug] 1 [PackageName] LinuxEditor [ProjectName] Editor"

Player connection [132141953791296]  * "[IP] 100.66.195.58 [Port] 55504 [Flags] 2 [Guid] 1003120577 [EditorId] 1003120577 [Version] 1048832 [Id] LinuxEditor(16,192.168.0.21) [Debug] 1 [PackageName] LinuxEditor [ProjectName] Editor"

Player connection [132141953791296]  * "[IP] 172.19.0.1 [Port] 55504 [Flags] 2 [Guid] 1003120577 [EditorId] 1003120577 [Version] 1048832 [Id] LinuxEditor(16,192.168.0.21) [Debug] 1 [PackageName] LinuxEditor [ProjectName] Editor"

Player connection [132141953791296]  * "[IP] 172.20.0.1 [Port] 55504 [Flags] 2 [Guid] 1003120577 [EditorId] 1003120577 [Version] 1048832 [Id] LinuxEditor(16,192.168.0.21) [Debug] 1 [PackageName] LinuxEditor [ProjectName] Editor"

Player connection [132141953791296] Host joined multi-casting on [225.0.0.222:54997]...
Player connection [132141953791296] Host joined alternative multi-casting on [225.0.0.222:34997]...
Input System module state changed to: Initialized.
[Physics::Module] Initialized fallback backend.
[Physics::Module] Id: 0xdecafbad
[Package Manager] Connected to IPC stream "Upm-2625649" after 0.1 seconds.
Library Redirect Path: Library/
[Physics::Module] Selected backend.
[Physics::Module] Name: PhysX
[Physics::Module] Id: 0xf2b8ea05
[Physics::Module] SDK Version: 4.1.2
[Physics::Module] Integration Version: 1.0.0
[Physics::Module] Threading Mode: Multi-Threaded
Artifact Garbage Collection - Removed 1 unused hashed content filesRefreshing native plugins compatible for Editor in 0.11 ms, found 0 plugins.
Preloading 0 native plugins for Editor in 0.00 ms.
Initialize engine version: 6000.0.75f1 (26349cd2a5c8)
[Subsystems] Discovering subsystems at path ~/Unity/Hub/Editor/6000.0.75f1/Editor/Data/Resources/UnitySubsystems
[Subsystems] Discovering subsystems at path ~/wkspace/gc-studio/p4.2j/games/hollowmere/Assets
kGfxThreadingModeNonThreaded is not supported on OpenGL Core. Reverting to kGfxThreadingModeDirect instead.
GfxDevice: creating device client; kGfxThreadingModeDirect
GLX Extensions: GLX_ARB_get_proc_address GLX_ARB_multisample GLX_EXT_visual_info GLX_EXT_visual_rating GLX_EXT_import_context GLX_SGI_video_sync GLX_SGIX_fbconfig GLX_SGIX_pbuffer GLX_SGI_swap_control GLX_EXT_swap_control GLX_EXT_swap_control_tear GLX_EXT_buffer_age GLX_ARB_create_context GLX_ARB_create_context_profile GLX_NV_float_buffer GLX_ARB_fbconfig_float GLX_EXT_texture_from_pixmap GLX_EXT_framebuffer_sRGB GLX_NV_copy_image GLX_EXT_create_context_es_profile GLX_EXT_create_context_es2_profile GLX_ARB_create_context_no_error GLX_ARB_create_context_robustness GLX_NV_delay_before_swap GLX_EXT_stereo_tree GLX_ARB_context_flush_control GLX_NV_robustness_video_memory_purge GLX_NV_multigpu_context
Renderer: NVIDIA GeForce RTX 4060 Ti/PCIe/SSE2
Vendor:   NVIDIA Corporation
Version:  4.5.0 NVIDIA 595.84
GLES:     0
 GL_AMD_multi_draw_indirect GL_AMD_seamless_cubemap_per_texture GL_AMD_vertex_shader_viewport_index GL_AMD_vertex_shader_layer GL_ARB_arrays_of_arrays GL_ARB_base_instance GL_ARB_bindless_texture GL_ARB_blend_func_extended GL_ARB_buffer_storage GL_ARB_clear_buffer_object GL_ARB_clear_texture GL_ARB_clip_control GL_ARB_color_buffer_float GL_ARB_compressed_texture_pixel_storage GL_ARB_conservative_depth GL_ARB_compute_shader GL_ARB_compute_variable_group_size GL_ARB_conditional_render_inverted GL_ARB_copy_buffer GL_ARB_copy_image GL_ARB_cull_distance GL_ARB_debug_output GL_ARB_depth_buffer_float GL_ARB_depth_clamp GL_ARB_depth_texture GL_ARB_derivative_control GL_ARB_direct_state_access GL_ARB_draw_buffers GL_ARB_draw_buffers_blend GL_ARB_draw_indirect GL_ARB_draw_elements_base_vertex GL_ARB_draw_instanced GL_ARB_enhanced_layouts GL_ARB_ES2_compatibility GL_ARB_ES3_compatibility GL_ARB_ES3_1_compatibility GL_ARB_ES3_2_compatibility GL_ARB_explicit_attrib_location GL_ARB_explicit_uniform_location GL_ARB_fragmen
t_coord_conventions GL_ARB_fragment_layer_viewport GL_ARB_fragment_program GL_ARB_fragment_program_shadow GL_ARB_fragment_shader GL_ARB_fragment_shader_interlock GL_ARB_framebuffer_no_attachments GL_ARB_framebuffer_object GL_ARB_framebuffer_sRGB GL_ARB_geometry_shader4 GL_ARB_get_program_binary GL_ARB_get_texture_sub_image GL_ARB_gl_spirv GL_ARB_gpu_shader5 GL_ARB_gpu_shader_fp64 GL_ARB_gpu_shader_int64 GL_ARB_half_float_pixel GL_ARB_half_float_vertex GL_ARB_imaging GL_ARB_indirect_parameters GL_ARB_instanced_arrays GL_ARB_internalformat_query GL_ARB_internalformat_query2 GL_ARB_invalidate_subdata GL_ARB_map_buffer_alignment GL_ARB_map_buffer_range GL_ARB_multi_bind GL_ARB_multi_draw_indirect GL_ARB_multisample GL_ARB_multitexture GL_ARB_occlusion_query GL_ARB_occlusion_query2 GL_ARB_parallel_shader_compile GL_ARB_pipeline_statistics_query GL_ARB_pixel_buffer_object GL_ARB_point_parameters GL_ARB_point_sprite GL_ARB_polygon_offset_clamp GL_ARB_post_depth_coverage GL_ARB_program_interface_query GL_ARB_provoki
ng_vertex GL_ARB_query_buffer_object GL_ARB_robust_buffer_access_behavior GL_ARB_robustness GL_ARB_sample_locations GL_ARB_sample_shading GL_ARB_sampler_objects GL_ARB_seamless_cube_map GL_ARB_seamless_cubemap_per_texture GL_ARB_separate_shader_objects GL_ARB_shader_atomic_counter_ops GL_ARB_shader_atomic_counters GL_ARB_shader_ballot GL_ARB_shader_bit_encoding GL_ARB_shader_clock GL_ARB_shader_draw_parameters GL_ARB_shader_group_vote GL_ARB_shader_image_load_store GL_ARB_shader_image_size GL_ARB_shader_objects GL_ARB_shader_precision GL_ARB_shader_storage_buffer_object GL_ARB_shader_subroutine GL_ARB_shader_texture_image_samples GL_ARB_shader_texture_lod GL_ARB_shading_language_100 GL_ARB_shader_viewport_layer_array GL_ARB_shading_language_420pack GL_ARB_shading_language_include GL_ARB_shading_language_packing GL_ARB_shadow GL_ARB_sparse_buffer GL_ARB_sparse_texture GL_ARB_sparse_texture2 GL_ARB_sparse_texture_clamp GL_ARB_spirv_extensions GL_ARB_stencil_texturing GL_ARB_sync GL_ARB_tessellation_shader GL_A
RB_texture_barrier GL_ARB_texture_border_clamp GL_ARB_texture_buffer_object GL_ARB_texture_buffer_object_rgb32 GL_ARB_texture_buffer_range GL_ARB_texture_compression GL_ARB_texture_compression_bptc GL_ARB_texture_compression_rgtc GL_ARB_texture_cube_map GL_ARB_texture_cube_map_array GL_ARB_texture_env_add GL_ARB_texture_env_combine GL_ARB_texture_env_crossbar GL_ARB_texture_env_dot3 GL_ARB_texture_filter_anisotropic GL_ARB_texture_filter_minmax GL_ARB_texture_float GL_ARB_texture_gather GL_ARB_texture_mirror_clamp_to_edge GL_ARB_texture_mirrored_repeat GL_ARB_texture_multisample GL_ARB_texture_non_power_of_two GL_ARB_texture_query_levels GL_ARB_texture_query_lod GL_ARB_texture_rectangle GL_ARB_texture_rg GL_ARB_texture_rgb10_a2ui GL_ARB_texture_stencil8 GL_ARB_texture_storage GL_ARB_texture_storage_multisample GL_ARB_texture_swizzle GL_ARB_texture_view GL_ARB_timer_query GL_ARB_transform_feedback2 GL_ARB_transform_feedback3 GL_ARB_transform_feedback_instanced GL_ARB_transform_feedback_overflow_query GL_ARB_t
ranspose_matrix GL_ARB_uniform_buffer_object GL_ARB_vertex_array_bgra GL_ARB_vertex_array_object GL_ARB_vertex_attrib_64bit GL_ARB_vertex_attrib_binding GL_ARB_vertex_buffer_object GL_ARB_vertex_program GL_ARB_vertex_shader GL_ARB_vertex_type_10f_11f_11f_rev GL_ARB_vertex_type_2_10_10_10_rev GL_ARB_viewport_array GL_ARB_window_pos GL_ATI_draw_buffers GL_ATI_texture_float GL_ATI_texture_mirror_once GL_S3_s3tc GL_EXT_texture_env_add GL_EXT_abgr GL_EXT_bgra GL_EXT_bindable_uniform GL_EXT_blend_color GL_EXT_blend_equation_separate GL_EXT_blend_func_separate GL_EXT_blend_minmax GL_EXT_blend_subtract GL_EXT_compiled_vertex_array GL_EXT_Cg_shader GL_EXT_depth_bounds_test GL_EXT_direct_state_access GL_EXT_draw_buffers2 GL_EXT_draw_instanced GL_EXT_draw_range_elements GL_EXT_fog_coord GL_EXT_framebuffer_blit GL_EXT_framebuffer_multisample GL_EXTX_framebuffer_mixed_formats GL_EXT_framebuffer_multisample_blit_scaled GL_EXT_framebuffer_object GL_EXT_framebuffer_sRGB GL_EXT_geometry_shader4 GL_EXT_gpu_program_parameters
GL_EXT_gpu_shader4 GL_EXT_multi_draw_arrays GL_EXT_multiview_texture_multisample GL_EXT_multiview_timer_query GL_EXT_packed_depth_stencil GL_EXT_packed_float GL_EXT_packed_pixels GL_EXT_pixel_buffer_object GL_EXT_point_parameters GL_EXT_polygon_offset_clamp GL_EXT_post_depth_coverage GL_EXT_provoking_vertex GL_EXT_raster_multisample GL_EXT_rescale_normal GL_EXT_secondary_color GL_EXT_separate_shader_objects GL_EXT_separate_specular_color GL_EXT_shader_image_load_formatted GL_EXT_shader_image_load_store GL_EXT_shader_integer_mix GL_EXT_shadow_funcs GL_EXT_sparse_texture2 GL_EXT_stencil_two_side GL_EXT_stencil_wrap GL_EXT_texture3D GL_EXT_texture_array GL_EXT_texture_buffer_object GL_EXT_texture_compression_dxt1 GL_EXT_texture_compression_latc GL_EXT_texture_compression_rgtc GL_EXT_texture_compression_s3tc GL_EXT_texture_cube_map GL_EXT_texture_edge_clamp GL_EXT_texture_env_combine GL_EXT_texture_env_dot3 GL_EXT_texture_filter_anisotropic GL_EXT_texture_filter_minmax GL_EXT_texture_integer GL_EXT_texture_lod G
L_EXT_texture_lod_bias GL_EXT_texture_mirror_clamp GL_EXT_texture_object GL_EXT_texture_shadow_lod GL_EXT_texture_shared_exponent GL_EXT_texture_sRGB GL_EXT_texture_sRGB_R8 GL_EXT_texture_sRGB_decode GL_EXT_texture_storage GL_EXT_texture_swizzle GL_EXT_timer_query GL_EXT_transform_feedback2 GL_EXT_vertex_array GL_EXT_vertex_array_bgra GL_EXT_vertex_attrib_64bit GL_EXT_window_rectangles GL_EXT_x11_sync_object GL_EXT_import_sync_object GL_NV_robustness_video_memory_purge GL_IBM_rasterpos_clip GL_IBM_texture_mirrored_repeat GL_KHR_context_flush_control GL_KHR_debug GL_EXT_memory_object GL_EXT_memory_object_fd GL_NV_memory_object_sparse GL_KHR_parallel_shader_compile GL_KHR_no_error GL_KHR_robust_buffer_access_behavior GL_KHR_robustness GL_EXT_semaphore GL_EXT_semaphore_fd GL_NV_timeline_semaphore GL_KHR_shader_subgroup GL_KTX_buffer_region GL_NV_alpha_to_coverage_dither_control GL_NV_bindless_multi_draw_indirect GL_NV_bindless_multi_draw_indirect_count GL_NV_bindless_texture GL_NV_blend_equation_advanced GL_NV_
blend_equation_advanced_coherent GL_NVX_blend_equation_advanced_multi_draw_buffers GL_NV_blend_minmax_factor GL_NV_blend_square GL_NV_clip_space_w_scaling GL_NV_command_list GL_NV_compute_program5 GL_NV_compute_shader_derivatives GL_NV_conditional_render GL_NV_conservative_raster GL_NV_conservative_raster_dilate GL_NV_conservative_raster_pre_snap GL_NV_conservative_raster_pre_snap_triangles GL_NV_conservative_raster_underestimation GL_NV_copy_depth_to_color GL_NV_copy_image GL_NV_depth_buffer_float GL_NV_depth_clamp GL_NV_draw_texture GL_NV_draw_vulkan_image GL_NV_ES1_1_compatibility GL_NV_ES3_1_compatibility GL_NV_explicit_multisample GL_NV_feature_query GL_NV_fence GL_NV_fill_rectangle GL_NV_float_buffer GL_NV_fog_distance GL_NV_fragment_coverage_to_color GL_NV_fragment_program GL_NV_fragment_program_option GL_NV_fragment_program2 GL_NV_fragment_shader_barycentric GL_NV_fragment_shader_interlock GL_NV_framebuffer_mixed_samples GL_NV_framebuffer_multisample_coverage GL_NV_geometry_shader4 GL_NV_geometry_sha
der_passthrough GL_NV_gpu_program4 GL_NV_internalformat_sample_query GL_NV_gpu_program4_1 GL_NV_gpu_program5 GL_NV_gpu_program5_mem_extended GL_NV_gpu_program_fp64 GL_NV_gpu_program_multiview GL_NV_gpu_shader5 GL_NV_half_float GL_NV_light_max_exponent GL_NV_memory_attachment GL_NV_mesh_shader GL_NV_multisample_coverage GL_NV_multisample_filter_hint GL_NV_occlusion_query GL_NV_packed_depth_stencil GL_NV_parameter_buffer_object GL_NV_parameter_buffer_object2 GL_NV_path_rendering GL_NV_path_rendering_shared_edge GL_NV_pixel_data_range GL_NV_point_sprite GL_NV_primitive_restart GL_NV_primitive_shading_rate GL_NV_query_resource GL_NV_query_resource_tag GL_NV_register_combiners GL_NV_register_combiners2 GL_NV_representative_fragment_test GL_NV_sample_locations GL_NV_sample_mask_override_coverage GL_NV_scissor_exclusive GL_NV_shader_atomic_counters GL_NV_shader_atomic_float GL_NV_shader_atomic_float64 GL_NV_shader_atomic_fp16_vector GL_NV_shader_atomic_int64 GL_NV_shader_buffer_load GL_NV_shader_storage_buffer_obje
ct GL_NV_shader_subgroup_partitioned GL_NV_shader_texture_footprint GL_NV_shading_rate_image GL_NV_stereo_view_rendering GL_NV_texgen_reflection GL_NV_texture_barrier GL_NV_texture_compression_vtc GL_NV_texture_dirty_tile_map GL_NV_texture_env_combine4 GL_NV_texture_multisample GL_NV_texture_rectangle GL_NV_texture_rectangle_compressed GL_NV_texture_shader GL_NV_texture_shader2 GL_NV_texture_shader3 GL_NV_transform_feedback GL_NV_transform_feedback2 GL_NV_uniform_buffer_unified_memory GL_NV_uniform_buffer_std430_layout GL_NV_vdpau_interop GL_NV_vdpau_interop2 GL_NV_vertex_array_range GL_NV_vertex_array_range2 GL_NV_vertex_attrib_integer_64bit GL_NV_vertex_buffer_unified_memory GL_NV_vertex_program GL_NV_vertex_program1_1 GL_NV_vertex_program2 GL_NV_vertex_program2_option GL_NV_vertex_program3 GL_NV_viewport_array2 GL_NV_viewport_swizzle GL_NVX_conditional_render GL_NV_gpu_multicast GL_NVX_progress_fence GL_NVX_gpu_memory_info GL_NVX_nvenc_interop GL_NV_shader_thread_group GL_NV_shader_thread_shuffle GL_KHR_b
lend_equation_advanced GL_KHR_blend_equation_advanced_coherent GL_OVR_multiview GL_OVR_multiview2 GL_SGIS_generate_mipmap GL_SGIS_texture_lod GL_SGIX_depth_texture GL_SGIX_shadow GL_SUN_slice_accum
OPENGL LOG: Creating OpenGL 4.5 graphics device ; Context level  <OpenGL 4.5> ; Context handle 1783119864
Initialize mono
Mono path[0] = '~/Unity/Hub/Editor/6000.0.75f1/Editor/Data/Managed'
Mono path[1] = '~/Unity/Hub/Editor/6000.0.75f1/Editor/Data/MonoBleedingEdge/lib/mono/unityjit-linux'
Mono config path = '~/Unity/Hub/Editor/6000.0.75f1/Editor/Data/MonoBleedingEdge/etc'
Using monoOptions --debugger-agent=transport=dt_socket,embedding=1,server=y,suspend=n,address=127.0.0.1:56649
Using cacheserver namespaces - metadata:defaultmetadata, artifacts:defaultartifacts
Using cacheserver namespaces - metadata:defaultmetadata, artifacts:defaultartifacts
ImportWorker Server TCP listen port: 0
AcceleratorClientConnectionCallback - disconnected - :0
Begin MonoManager ReloadAssembly
Registering precompiled unity dll's ...
Register platform support module: ~/Unity/Hub/Editor/6000.0.75f1/Editor/Data/PlaybackEngines/MacStandaloneSupport/UnityEditor.OSXStandalone.Extensions.dll
Register platform support module: ~/Unity/Hub/Editor/6000.0.75f1/Editor/Data/PlaybackEngines/LinuxStandaloneSupport/UnityEditor.LinuxStandalone.Extensions.dll
Registered in 0.001094 seconds.
- Loaded All Assemblies, in  0.258 seconds
Native extension for LinuxStandalone target not found
Package Manager log level set to [2]
[Licensing::Client] Successfully resolved entitlement details
Native extension for OSXStandalone target not found
Mono: successfully reloaded assembly
- Finished resetting the current domain, in 53.171 seconds
Domain Reload Profiling: 53429ms
	BeginReloadAssembly (60ms)
		ExecutionOrderSort (0ms)
		DisableScriptedObjects (0ms)
		BackupInstance (0ms)
		ReleaseScriptingObjects (0ms)
		CreateAndSetChildDomain (1ms)
	RebuildCommonClasses (31ms)
	RebuildNativeTypeToScriptingClass (6ms)
	initialDomainReloadingComplete (42ms)
	LoadAllAssembliesAndSetupDomain (120ms)
		LoadAssemblies (59ms)
		RebuildTransferFunctionScriptingTraits (0ms)
		AnalyzeDomain (118ms)
			TypeCache.Refresh (116ms)
				TypeCache.ScanAssembly (105ms)
			BuildScriptInfoCaches (0ms)
			ResolveRequiredComponents (0ms)
	FinalizeReload (53171ms)
		ReleaseScriptCaches (0ms)
		RebuildScriptCaches (0ms)
		SetupLoadedEditorAssemblies (53135ms)
			LogAssemblyErrors (0ms)
			InitializePlatformSupportModulesInManaged (52848ms)
			SetLoadedEditorAssemblies (5ms)
			BeforeProcessingInitializeOnLoad (80ms)
			ProcessInitializeOnLoadAttributes (141ms)
			ProcessInitializeOnLoadMethodAttributes (61ms)
			AfterProcessingInitializeOnLoad (0ms)
			EditorAssembliesLoaded (0ms)
		ExecutionOrderSort2 (0ms)
		AwakeInstancesAfterBackupRestoration (0ms)
[Licensing::Client] Successfully resolved entitlement details
Application.AssetDatabase Initial Refresh Start
[Package Manager] Restoring resolved packages state from cache
[Licensing::Client] Successfully resolved entitlement details
[Package Manager] Registered 76 packages:
  Packages from [https://packages.unity.com]:
    com.unity.ai.navigation@2.0.12 (location: ~/wkspace/gc-studio/p4.2j/games/hollowmere/Library/PackageCache/com.unity.ai.navigation@734c2c4c5591)
    com.unity.burst@1.8.28 (location: ~/wkspace/gc-studio/p4.2j/games/hollowmere/Library/PackageCache/com.unity.burst@07790c2d06d9)
    com.unity.collections@2.6.6 (location: ~/wkspace/gc-studio/p4.2j/games/hollowmere/Library/PackageCache/com.unity.collections@9796e5ee0d9e)
    com.unity.entities@1.4.6 (location: ~/wkspace/gc-studio/p4.2j/games/hollowmere/Library/PackageCache/com.unity.entities@e90944159b94)
    com.unity.inputsystem@1.19.0 (location: ~/wkspace/gc-studio/p4.2j/games/hollowmere/Library/PackageCache/com.unity.inputsystem@21a28c3a6c83)
    com.unity.mathematics@1.3.2 (location: ~/wkspace/gc-studio/p4.2j/games/hollowmere/Library/PackageCache/com.unity.mathematics@8017b507cc74)
    com.unity.nuget.newtonsoft-json@3.2.1 (location: ~/wkspace/gc-studio/p4.2j/games/hollowmere/Library/PackageCache/com.unity.nuget.newtonsoft-json@74deb55db2a0)
    com.unity.toolchain.linux-x86_64@2.0.11 (location: ~/wkspace/gc-studio/p4.2j/games/hollowmere/Library/PackageCache/com.unity.toolchain.linux-x86_64@53b88ff74b51)
    com.unity.sysroot@2.0.10 (location: ~/wkspace/gc-studio/p4.2j/games/hollowmere/Library/PackageCache/com.unity.sysroot@7bbbb9339c14)
    com.unity.sysroot.linux-x86_64@2.0.9 (location: ~/wkspace/gc-studio/p4.2j/games/hollowmere/Library/PackageCache/com.unity.sysroot.linux-x86_64@1998d1c7730e)
    com.unity.serialization@3.1.5 (location: ~/wkspace/gc-studio/p4.2j/games/hollowmere/Library/PackageCache/com.unity.serialization@c463b52e88d7)
    com.unity.profiling.core@1.0.3 (location: ~/wkspace/gc-studio/p4.2j/games/hollowmere/Library/PackageCache/com.unity.profiling.core@8a49f7027d06)
    com.unity.nuget.mono-cecil@1.11.6 (location: ~/wkspace/gc-studio/p4.2j/games/hollowmere/Library/PackageCache/com.unity.nuget.mono-cecil@ecb9724e46ff)
    com.unity.scriptablebuildpipeline@2.6.1 (location: ~/wkspace/gc-studio/p4.2j/games/hollowmere/Library/PackageCache/com.unity.scriptablebuildpipeline@36e3b5898ee2)
    com.unity.test-framework.performance@3.4.0 (location: ~/wkspace/gc-studio/p4.2j/games/hollowmere/Library/PackageCache/com.unity.test-framework.performance@aa81a99c4a75)
    com.unity.searcher@4.9.3 (location: ~/wkspace/gc-studio/p4.2j/games/hollowmere/Library/PackageCache/com.unity.searcher@1e17ce91558d)
  Built-in packages:
    com.unity.modules.ai@1.0.0 (location: ~/wkspace/gc-studio/p4.2j/games/hollowmere/Library/PackageCache/com.unity.modules.ai)
    com.unity.modules.animation@1.0.0 (location: ~/wkspace/gc-studio/p4.2j/games/hollowmere/Library/PackageCache/com.unity.modules.animation)
    com.unity.modules.audio@1.0.0 (location: ~/wkspace/gc-studio/p4.2j/games/hollowmere/Library/PackageCache/com.unity.modules.audio)
    com.unity.modules.imageconversion@1.0.0 (location: ~/wkspace/gc-studio/p4.2j/games/hollowmere/Library/PackageCache/com.unity.modules.imageconversion)
    com.unity.modules.imgui@1.0.0 (location: ~/wkspace/gc-studio/p4.2j/games/hollowmere/Library/PackageCache/com.unity.modules.imgui)
    com.unity.modules.jsonserialize@1.0.0 (location: ~/wkspace/gc-studio/p4.2j/games/hollowmere/Library/PackageCache/com.unity.modules.jsonserialize)
    com.unity.modules.physics@1.0.0 (location: ~/wkspace/gc-studio/p4.2j/games/hollowmere/Library/PackageCache/com.unity.modules.physics)
    com.unity.modules.screencapture@1.0.0 (location: ~/wkspace/gc-studio/p4.2j/games/hollowmere/Library/PackageCache/com.unity.modules.screencapture)
    com.unity.modules.ui@1.0.0 (location: ~/wkspace/gc-studio/p4.2j/games/hollowmere/Library/PackageCache/com.unity.modules.ui)
    com.unity.modules.uielements@1.0.0 (location: ~/wkspace/gc-studio/p4.2j/games/hollowmere/Library/PackageCache/com.unity.modules.uielements)
    com.unity.modules.unitywebrequest@1.0.0 (location: ~/wkspace/gc-studio/p4.2j/games/hollowmere/Library/PackageCache/com.unity.modules.unitywebrequest)
    com.unity.modules.video@1.0.0 (location: ~/wkspace/gc-studio/p4.2j/games/hollowmere/Library/PackageCache/com.unity.modules.video)
    com.unity.render-pipelines.universal@17.0.4 (location: ~/wkspace/gc-studio/p4.2j/games/hollowmere/Library/PackageCache/com.unity.render-pipelines.universal@a1a2df1d8dcb)
    com.unity.test-framework@1.6.0 (location: ~/wkspace/gc-studio/p4.2j/games/hollowmere/Library/PackageCache/com.unity.test-framework@bd52b1c23814)
    com.unity.ext.nunit@2.0.5 (location: ~/wkspace/gc-studio/p4.2j/games/hollowmere/Library/PackageCache/com.unity.ext.nunit@b16e6d09cd93)
    com.unity.render-pipelines.core@17.0.4 (location: ~/wkspace/gc-studio/p4.2j/games/hollowmere/Library/PackageCache/com.unity.render-pipelines.core@2fecbe5ecc80)
    com.unity.shadergraph@17.0.4 (location: ~/wkspace/gc-studio/p4.2j/games/hollowmere/Library/PackageCache/com.unity.shadergraph@029994c473dc)
    com.unity.render-pipelines.universal-config@17.0.3 (location: ~/wkspace/gc-studio/p4.2j/games/hollowmere/Library/PackageCache/com.unity.render-pipelines.universal-config@e48fefd716b5)
    com.unity.modules.hierarchycore@1.0.0 (location: ~/wkspace/gc-studio/p4.2j/games/hollowmere/Library/PackageCache/com.unity.modules.hierarchycore)
    com.unity.modules.assetbundle@1.0.0 (location: ~/wkspace/gc-studio/p4.2j/games/hollowmere/Library/PackageCache/com.unity.modules.assetbundle)
    com.unity.modules.unityanalytics@1.0.0 (location: ~/wkspace/gc-studio/p4.2j/games/hollowmere/Library/PackageCache/com.unity.modules.unityanalytics)
    com.unity.ugui@2.0.0 (location: ~/wkspace/gc-studio/p4.2j/games/hollowmere/Library/PackageCache/com.unity.ugui@a477a4a18974)
    com.unity.modules.terrain@1.0.0 (location: ~/wkspace/gc-studio/p4.2j/games/hollowmere/Library/PackageCache/com.unity.modules.terrain)
    com.unity.rendering.light-transport@1.0.1 (location: ~/wkspace/gc-studio/p4.2j/games/hollowmere/Library/PackageCache/com.unity.rendering.light-transport@fd597d1a9e15)
  Local packages:
    com.gamecore.composition@file:~/wkspace/gc-studio/p4.2j/Packages/com.gamecore.composition (location: ~/wkspace/gc-studio/p4.2j/Packages/com.gamecore.composition)
    com.gamecore.content.compiler@file:~/wkspace/gc-studio/p4.2j/Packages/com.gamecore.content.compiler (location: ~/wkspace/gc-studio/p4.2j/Packages/com.gamecore.content.compiler)
    com.gamecore.contracts@file:~/wkspace/gc-studio/p4.2j/Packages/com.gamecore.contracts (location: ~/wkspace/gc-studio/p4.2j/Packages/com.gamecore.contracts)
    com.gamecore.derivation@file:~/wkspace/gc-studio/p4.2j/Packages/com.gamecore.derivation (location: ~/wkspace/gc-studio/p4.2j/Packages/com.gamecore.derivation)
    com.gamecore.gameplay.audio@file:~/wkspace/gc-studio/p4.2j/Packages/com.gamecore.gameplay.audio (location: ~/wkspace/gc-studio/p4.2j/Packages/com.gamecore.gameplay.audio)
    com.gamecore.gameplay.cards@file:~/wkspace/gc-studio/p4.2j/Packages/com.gamecore.gameplay.cards (location: ~/wkspace/gc-studio/p4.2j/Packages/com.gamecore.gameplay.cards)
    com.gamecore.gameplay.compile@file:~/wkspace/gc-studio/p4.2j/Packages/com.gamecore.gameplay.compile (location: ~/wkspace/gc-studio/p4.2j/Packages/com.gamecore.gameplay.compile)
    com.gamecore.gameplay.contracts@file:~/wkspace/gc-studio/p4.2j/Packages/com.gamecore.gameplay.contracts (location: ~/wkspace/gc-studio/p4.2j/Packages/com.gamecore.gameplay.contracts)
    com.gamecore.gameplay.dialogue@file:~/wkspace/gc-studio/p4.2j/Packages/com.gamecore.gameplay.dialogue (location: ~/wkspace/gc-studio/p4.2j/Packages/com.gamecore.gameplay.dialogue)
    com.gamecore.gameplay.entities@file:~/wkspace/gc-studio/p4.2j/Packages/com.gamecore.gameplay.entities (location: ~/wkspace/gc-studio/p4.2j/Packages/com.gamecore.gameplay.entities)
    com.gamecore.gameplay.integration@file:~/wkspace/gc-studio/p4.2j/Packages/com.gamecore.gameplay.integration (location: ~/wkspace/gc-studio/p4.2j/Packages/com.gamecore.gameplay.integration)
    com.gamecore.gameplay.interaction@file:~/wkspace/gc-studio/p4.2j/Packages/com.gamecore.gameplay.interaction (location: ~/wkspace/gc-studio/p4.2j/Packages/com.gamecore.gameplay.interaction)
    com.gamecore.gameplay.inventory@file:~/wkspace/gc-studio/p4.2j/Packages/com.gamecore.gameplay.inventory (location: ~/wkspace/gc-studio/p4.2j/Packages/com.gamecore.gameplay.inventory)
    com.gamecore.gameplay.logic@file:~/wkspace/gc-studio/p4.2j/Packages/com.gamecore.gameplay.logic (location: ~/wkspace/gc-studio/p4.2j/Packages/com.gamecore.gameplay.logic)
    com.gamecore.gameplay.narrative@file:~/wkspace/gc-studio/p4.2j/Packages/com.gamecore.gameplay.narrative (location: ~/wkspace/gc-studio/p4.2j/Packages/com.gamecore.gameplay.narrative)
    com.gamecore.gameplay.npc@file:~/wkspace/gc-studio/p4.2j/Packages/com.gamecore.gameplay.npc (location: ~/wkspace/gc-studio/p4.2j/Packages/com.gamecore.gameplay.npc)
    com.gamecore.gameplay.player@file:~/wkspace/gc-studio/p4.2j/Packages/com.gamecore.gameplay.player (location: ~/wkspace/gc-studio/p4.2j/Packages/com.gamecore.gameplay.player)
    com.gamecore.gameplay.quest@file:~/wkspace/gc-studio/p4.2j/Packages/com.gamecore.gameplay.quest (location: ~/wkspace/gc-studio/p4.2j/Packages/com.gamecore.gameplay.quest)
    com.gamecore.gameplay.rewards@file:~/wkspace/gc-studio/p4.2j/Packages/com.gamecore.gameplay.rewards (location: ~/wkspace/gc-studio/p4.2j/Packages/com.gamecore.gameplay.rewards)
    com.gamecore.gameplay.save@file:~/wkspace/gc-studio/p4.2j/Packages/com.gamecore.gameplay.save (location: ~/wkspace/gc-studio/p4.2j/Packages/com.gamecore.gameplay.save)
    com.gamecore.gameplay.traversal@file:~/wkspace/gc-studio/p4.2j/Packages/com.gamecore.gameplay.traversal (location: ~/wkspace/gc-studio/p4.2j/Packages/com.gamecore.gameplay.traversal)
    com.gamecore.gameplay.ui@file:~/wkspace/gc-studio/p4.2j/Packages/com.gamecore.gameplay.ui (location: ~/wkspace/gc-studio/p4.2j/Packages/com.gamecore.gameplay.ui)
    com.gamecore.gameplay.world@file:~/wkspace/gc-studio/p4.2j/Packages/com.gamecore.gameplay.world (location: ~/wkspace/gc-studio/p4.2j/Packages/com.gamecore.gameplay.world)
    com.gamecore.planning@file:~/wkspace/gc-studio/p4.2j/Packages/com.gamecore.planning (location: ~/wkspace/gc-studio/p4.2j/Packages/com.gamecore.planning)
    com.gamecore.rules.cards@file:~/wkspace/gc-studio/p4.2j/Packages/com.gamecore.rules.cards (location: ~/wkspace/gc-studio/p4.2j/Packages/com.gamecore.rules.cards)
    com.gamecore.rules.gameplay@file:~/wkspace/gc-studio/p4.2j/Packages/com.gamecore.rules.gameplay (location: ~/wkspace/gc-studio/p4.2j/Packages/com.gamecore.rules.gameplay)
    com.gamecore.rules.narrative@file:~/wkspace/gc-studio/p4.2j/Packages/com.gamecore.rules.narrative (location: ~/wkspace/gc-studio/p4.2j/Packages/com.gamecore.rules.narrative)
    com.gamecore.rules.traversal@file:~/wkspace/gc-studio/p4.2j/Packages/com.gamecore.rules.traversal (location: ~/wkspace/gc-studio/p4.2j/Packages/com.gamecore.rules.traversal)
    com.gamecore.studio.core@file:~/wkspace/gc-studio/p4.2j/Packages/com.gamecore.studio.core (location: ~/wkspace/gc-studio/p4.2j/Packages/com.gamecore.studio.core)
    com.gamecore.studio.etos@file:~/wkspace/gc-studio/p4.2j/Packages/com.gamecore.studio.etos (location: ~/wkspace/gc-studio/p4.2j/Packages/com.gamecore.studio.etos)
    com.gamecore.studio.gameplay@file:~/wkspace/gc-studio/p4.2j/Packages/com.gamecore.studio.gameplay (location: ~/wkspace/gc-studio/p4.2j/Packages/com.gamecore.studio.gameplay)
    com.gamecore.studio.ui@file:~/wkspace/gc-studio/p4.2j/Packages/com.gamecore.studio.ui (location: ~/wkspace/gc-studio/p4.2j/Packages/com.gamecore.studio.ui)
    com.gamecore.studio.views@file:~/wkspace/gc-studio/p4.2j/Packages/com.gamecore.studio.views (location: ~/wkspace/gc-studio/p4.2j/Packages/com.gamecore.studio.views)
    com.gamecore.unity.adapters@file:~/wkspace/gc-studio/p4.2j/Packages/com.gamecore.unity.adapters (location: ~/wkspace/gc-studio/p4.2j/Packages/com.gamecore.unity.adapters)
    com.gamecore.unity.app@file:~/wkspace/gc-studio/p4.2j/Packages/com.gamecore.unity.app (location: ~/wkspace/gc-studio/p4.2j/Packages/com.gamecore.unity.app)
    com.gamecore.unity.runtime@file:~/wkspace/gc-studio/p4.2j/Packages/com.gamecore.unity.runtime (location: ~/wkspace/gc-studio/p4.2j/Packages/com.gamecore.unity.runtime)
[Subsystems] No new subsystems found in resolved package list.
[Package Manager] Done registering packages in 0.00 seconds
A meta data file (.meta) exists but its folder 'Packages/com.gamecore.studio.gameplay/Tests~' can't be found, and has been created. Empty directories cannot be stored in version control, so it's assumed that the meta data file is for an empty directory in version control. When moving or deleting folders outside of Unity, please ensure that the corresponding .meta file is moved or deleted along with it.
Assembly reference Packages/com.unity.entities/Unity.Scenes.Editor/Internals/Properties/Unity.Properties.Internals.asmref has no target assembly definition
Assembly reference Packages/com.unity.entities/Unity.Scenes.Editor/Internals/Properties/Unity.Properties.Internals.asmref has no target assembly definition
[40m[32minfo[39m[22m[49m: Microsoft.Hosting.Lifetime[14]
      Now listening on: http://unix:/tmp/ilpp.sock-9bba5b95a866ccd66507481ef483a5c5
[40m[32minfo[39m[22m[49m: Microsoft.Hosting.Lifetime[0]
      Application started. Press Ctrl+C to shut down.
[40m[32minfo[39m[22m[49m: Microsoft.Hosting.Lifetime[0]
      Hosting environment: Production
[40m[32minfo[39m[22m[49m: Microsoft.Hosting.Lifetime[0]
      Content root path: ~/wkspace/gc-studio/p4.2j/games/hollowmere/
[40m[32minfo[39m[22m[49m: Microsoft.AspNetCore.Hosting.Diagnostics[1]
      Request starting HTTP/2 POST http://ilpp/UnityILPP.PostProcessing/Ping application/grpc -
[40m[32minfo[39m[22m[49m: Microsoft.AspNetCore.Routing.EndpointMiddleware[0]
      Executing endpoint 'gRPC - /UnityILPP.PostProcessing/Ping'
[40m[32minfo[39m[22m[49m: Microsoft.AspNetCore.Routing.EndpointMiddleware[1]
      Executed endpoint 'gRPC - /UnityILPP.PostProcessing/Ping'
[40m[32minfo[39m[22m[49m: Microsoft.AspNetCore.Hosting.Diagnostics[2]
      Request finished HTTP/2 POST http://ilpp/UnityILPP.PostProcessing/Ping application/grpc - - 200 - application/grpc 42.6428ms
Starting: ~/Unity/Hub/Editor/6000.0.75f1/Editor/Data/bee_backend --ipc --defer-dag-verification --dagfile="Library/Bee/2400b0aE.dag" --continue-on-failure --profile="Library/Bee/backend1.traceevents" ScriptAssemblies
WorkingDir: ~/wkspace/gc-studio/p4.2j/games/hollowmere
[40m[32minfo[39m[22m[49m: Microsoft.AspNetCore.Hosting.Diagnostics[1]
      Request starting HTTP/2 POST http://ilpp/UnityILPP.PostProcessing/ConfigurePostProcessors application/grpc -
[40m[32minfo[39m[22m[49m: Microsoft.AspNetCore.Routing.EndpointMiddleware[0]
      Executing endpoint 'gRPC - /UnityILPP.PostProcessing/ConfigurePostProcessors'
[40m[1m[33mwarn[39m[22m[49m: Unity.ILPP.Runner.PostProcessingAssemblyLoadContext[0]
      Assembly system.runtime.interopservices.windowsruntime has duplicate hint path. Ignoring "~/Unity/Hub/Editor/6000.0.75f1/Editor/Data/UnityReferenceAssemblies/unity-4.8-api/Facades/System.Runtime.InteropServices.WindowsRuntime.dll" in favor of "~/Unity/Hub/Editor/6000.0.75f1/Editor/Data/NetStandard/Extensions/2.0.0/System.Runtime.InteropServices.WindowsRuntime.dll"
[40m[1m[33mwarn[39m[22m[49m: Unity.ILPP.Runner.PostProcessingAssemblyLoadContext[0]
      Assembly system.componentmodel.composition has duplicate hint path. Ignoring "~/Unity/Hub/Editor/6000.0.75f1/Editor/Data/UnityReferenceAssemblies/unity-4.8-api/System.ComponentModel.Composition.dll" in favor of "~/Unity/Hub/Editor/6000.0.75f1/Editor/Data/NetStandard/compat/2.1.0/shims/netfx/System.ComponentModel.Composition.dll"
[40m[32minfo[39m[22m[49m: Unity.ILPP.Runner.PostProcessingAssemblyLoadContext[0]
      Resolved Unity.Burst.Cecil, Version=0.11.4.0, Culture=neutral, PublicKeyToken=50cebf1cceb9d05e with Library/PackageCache/com.unity.burst@07790c2d06d9/Unity.Burst.CodeGen/Unity.Burst.Cecil.dll
[40m[32minfo[39m[22m[49m: Unity.ILPP.Runner.PostProcessingAssemblyLoadContext[0]
      Resolved Mono.Cecil, Version=0.11.5.0, Culture=neutral, PublicKeyToken=50cebf1cceb9d05e with Library/PackageCache/com.unity.nuget.mono-cecil@ecb9724e46ff/Mono.Cecil.dll
[40m[32minfo[39m[22m[49m: Unity.ILPP.Runner.PostProcessingAssemblyLoadContext[0]
      Resolved Unity.Entities, Version=0.0.0.0, Culture=neutral, PublicKeyToken=null with Library/Bee/artifacts/2400b0aE.dag/Unity.Entities.dll
[40m[32minfo[39m[22m[49m: Microsoft.AspNetCore.Routing.EndpointMiddleware[1]
      Executed endpoint 'gRPC - /UnityILPP.PostProcessing/ConfigurePostProcessors'
[40m[32minfo[39m[22m[49m: Microsoft.AspNetCore.Hosting.Diagnostics[2]
      Request finished HTTP/2 POST http://ilpp/UnityILPP.PostProcessing/ConfigurePostProcessors application/grpc - - 200 - application/grpc 37.8373ms
DisplayProgressbar: Compiling Scripts
ExitCode: 4 Duration: 0s331ms
[1484/2115  0s] ILPP-Configuration Library/ilpp-configuration.nevergeneratedoutput
Rebuilding DAG because FileSignature timestamp changed: Library/Bee/2400b0aE-inputdata.json
*** Tundra requires additional run (0.31 seconds), 1 items updated, 2115 evaluated
Starting: ~/Unity/Hub/Editor/6000.0.75f1/Editor/Data/Tools/netcorerun/netcorerun "~/Unity/Hub/Editor/6000.0.75f1/Editor/Data/Tools/BuildPipeline/ScriptCompilationBuildProgram.exe" "Library/Bee/2400b0aE.dag.json" "Library/Bee/2400b0aE-inputdata.json" "Library/Bee/buildprogram0.traceevents"
WorkingDir: ~/wkspace/gc-studio/p4.2j/games/hollowmere
ExitCode: 0 Duration: 2s202ms
Starting: ~/Unity/Hub/Editor/6000.0.75f1/Editor/Data/bee_backend --ipc --defer-dag-verification --dagfile="Library/Bee/2400b0aE.dag" --continue-on-failure --dagfilejson="Library/Bee/2400b0aE.dag.json" --profile="Library/Bee/backend2.traceevents" ScriptAssemblies
WorkingDir: ~/wkspace/gc-studio/p4.2j/games/hollowmere
[40m[32minfo[39m[22m[49m: Microsoft.AspNetCore.Hosting.Diagnostics[1]
      Request starting HTTP/2 POST http://ilpp/UnityILPP.PostProcessing/ConfigurePostProcessors application/grpc -
[40m[32minfo[39m[22m[49m: Microsoft.AspNetCore.Routing.EndpointMiddleware[0]
      Executing endpoint 'gRPC - /UnityILPP.PostProcessing/ConfigurePostProcessors'
[40m[32minfo[39m[22m[49m: Unity.ILPP.Runner.PostProcessingAssemblyLoadContext[0]
      Current configuration matches the requested one, skipping
[40m[32minfo[39m[22m[49m: Microsoft.AspNetCore.Routing.EndpointMiddleware[1]
      Executed endpoint 'gRPC - /UnityILPP.PostProcessing/ConfigurePostProcessors'
[40m[32minfo[39m[22m[49m: Microsoft.AspNetCore.Hosting.Diagnostics[2]
      Request finished HTTP/2 POST http://ilpp/UnityILPP.PostProcessing/ConfigurePostProcessors application/grpc - - 200 - application/grpc 1.4750ms
ExitCode: 0 Duration: 0s706ms
Finished compiling graph: 2118 nodes, 53902 flattened edges (37330 ToBuild, 430 ToUse), maximum node priority 4089
[1484/2115  0s] ILPP-Configuration Library/ilpp-configuration.nevergeneratedoutput
*** Tundra build success (0.68 seconds), 1 items updated, 2115 evaluated
AssetDatabase: script compilation time: 3.749621s
A meta data file (.meta) exists but its folder 'Packages/com.gamecore.studio.gameplay/Tests~' can't be found, and has been created. Empty directories cannot be stored in version control, so it's assumed that the meta data file is for an empty directory in version control. When moving or deleting folders outside of Unity, please ensure that the corresponding .meta file is moved or deleted along with it.
Total cache size 268361336
Begin MonoManager ReloadAssembly
Total cache size after purge 268361336, took 00:00:00.1576874
Symbol file LoadedFromMemory is not a mono symbol file
- Loaded All Assemblies, in  0.689 seconds
A meta data file (.meta) exists but its folder 'Packages/com.gamecore.studio.gameplay/Tests~' can't be found, and has been created. Empty directories cannot be stored in version control, so it's assumed that the meta data file is for an empty directory in version control. When moving or deleting folders outside of Unity, please ensure that the corresponding .meta file is moved or deleted along with it.
Refreshing native plugins compatible for Editor in 0.25 ms, found 1 plugins.
Native extension for LinuxStandalone target not found
Native extension for OSXStandalone target not found
Assembly reference Packages/com.unity.entities/Unity.Scenes.Editor/Internals/Properties/Unity.Properties.Internals.asmref has no target assembly definition
TypeManager.Initialize took: 350ms
Mono: successfully reloaded assembly
- Finished resetting the current domain, in  3.780 seconds
Domain Reload Profiling: 4462ms
	BeginReloadAssembly (168ms)
		ExecutionOrderSort (0ms)
		DisableScriptedObjects (57ms)
		BackupInstance (0ms)
		ReleaseScriptingObjects (0ms)
		CreateAndSetChildDomain (30ms)
	RebuildCommonClasses (28ms)
	RebuildNativeTypeToScriptingClass (6ms)
	initialDomainReloadingComplete (24ms)
	LoadAllAssembliesAndSetupDomain (455ms)
		LoadAssemblies (239ms)
		RebuildTransferFunctionScriptingTraits (0ms)
		AnalyzeDomain (261ms)
			TypeCache.Refresh (179ms)
				TypeCache.ScanAssembly (162ms)
			BuildScriptInfoCaches (72ms)
			ResolveRequiredComponents (8ms)
	FinalizeReload (3780ms)
		ReleaseScriptCaches (0ms)
		RebuildScriptCaches (0ms)
		SetupLoadedEditorAssemblies (3491ms)
			LogAssemblyErrors (0ms)
			InitializePlatformSupportModulesInManaged (47ms)
			SetLoadedEditorAssemblies (9ms)
			BeforeProcessingInitializeOnLoad (146ms)
			ProcessInitializeOnLoadAttributes (3159ms)
			ProcessInitializeOnLoadMethodAttributes (125ms)
			AfterProcessingInitializeOnLoad (5ms)
			EditorAssembliesLoaded (0ms)
		ExecutionOrderSort2 (0ms)
		AwakeInstancesAfterBackupRestoration (6ms)
A meta data file (.meta) exists but its folder 'Packages/com.gamecore.studio.gameplay/Tests~' can't be found, and has been created. Empty directories cannot be stored in version control, so it's assumed that the meta data file is for an empty directory in version control. When moving or deleting folders outside of Unity, please ensure that the corresponding .meta file is moved or deleted along with it.
Asset Pipeline Refresh (id=2ec86383a7fecdc26a8edb35569f82d1): Total: 9.195 seconds - Initiated by InitialRefreshV2(ForceSynchronousImport)
	Summary:
		Imports: total=0 (actual=0, local cache=0, cache server=0)
		Asset DB Process Time: managed=0 ms, native=4650 ms
		Asset DB Callback time: managed=26 ms, native=7 ms
		Scripting: domain reloads=1, domain reload time=690 ms, compile time=3751 ms, other=68 ms
		Project Asset Count: scripts=1857, non-scripts=2661
		Asset File Changes: new=0, changed=0, moved=0, deleted=0
		Scan Filter Count: 1
	InvokeCustomDependenciesCallbacks: 0.003ms
	InvokePackagesCallback: 9.057ms
	ApplyChangesToAssetFolders: 0.491ms
	Scan: 565.935ms
	OnSourceAssetsModified: 0.004ms
	CategorizeAssetsWithTransientArtifact: 40.158ms
	ProcessAssetsWithTransientArtifactChanges: 53.997ms
	CategorizeAssets: 50.705ms
	ImportOutOfDateAssets: 3789.168ms (34.157ms without children)
		CompileScripts: 3751.265ms
		ReloadNativeAssets: 0.022ms
		UnloadImportedAssets: 1.962ms
		EnsureUptoDateAssetsAreRegisteredWithGuidPM: 0.920ms
		InitializingProgressBar: 0.000ms
		PostProcessAllAssetNotificationsAddChangedAssets: 0.000ms
		OnDemandSchedulerStart: 0.841ms
	PostProcessAllAssets: 26.613ms
	GatherAllCurrentPrimaryArtifactRevisions: 0.000ms
	UnloadStreamsBegin: 0.387ms
	PersistCurrentRevisions: 0.193ms
	UnloadStreamsEnd: 0.001ms
	GenerateScriptTypeHashes: 2.535ms
	Untracked: 4658.340ms

Application.AssetDatabase Initial Refresh End
Scanning for USB devices : 1.161ms
Initializing Unity extensions:
UpdateMenuTitleForLanguage: 10
[MODES] ModeService[none].Initialize
[MODES] ModeService[none].LoadModes
[MODES] Loading mode Default (0) for mode-current-id-Hollowmere
Unloading 48 Unused Serialized files (Serialized files now loaded: 0)
Unloading 6184 unused Assets / (10.0 MB). Loaded Objects now: 6806.
Memory consumption went from 194.7 MB to 184.7 MB.
Total: 22.322173 ms (FindLiveObjects: 0.674922 ms CreateObjectMapping: 0.763680 ms MarkObjects: 13.617300 ms  DeleteObjects: 7.264923 ms)


(Unity:2625649): GLib-GObject-CRITICAL **: 20:20:11.375: g_object_unref: assertion 'G_IS_OBJECT (object)' failed

(Unity:2625649): GLib-GObject-CRITICAL **: 20:20:11.375: g_object_unref: assertion 'G_IS_OBJECT (object)' failed

(Unity:2625649): GLib-GObject-CRITICAL **: 20:20:11.375: g_object_unref: assertion 'G_IS_OBJECT (object)' failed
Disable old input system
[Project] Loading completed in 64.094 seconds
	Project init time: 				63.380 seconds
		Template init time: 		0.000 seconds
		Package Manager init time: 		0.140 seconds
		Asset Database init time: 		0.057 seconds
		Global illumination init time: 	0.003 seconds
		Assemblies load time: 			53.444 seconds
		Unity extensions init time: 	0.036 seconds
		Asset Database refresh time: 	9.195 seconds
	Scene opening time: 			0.543 seconds
##utp:{"type": "ProjectInfo", "version": 2, "phase": "Immediate", "time": 1791375611377, "processId": 2625649, "projectLoad": 64.09429678299999, "projectInit": 63.380440577, "templateInit": 0.0, "packageManagerInit": 0.140263945, "assetDatabaseInit": 0.057014397, "globalIlluminationInit": 0.002613277, "assembliesLoad": 53.443561899, "unityExtensionsInit": 0.036484288, "assetDatabaseRefresh": 9.195110828, "sceneOpening": 0.543323169}
##utp:{"type": "EditorInfo", "version": 2, "phase": "Immediate", "time": 1791375611377, "processId": 2625649, "editorVersion": "6000.0.75f1 (26349cd2a5c8)", "branch": "6000.0/staging", "buildType": "Release", "platform": "Linux"}
[Licensing::Client] Successfully resolved entitlement details
A meta data file (.meta) exists but its folder 'Packages/com.gamecore.studio.gameplay/Tests~' can't be found, and has been created. Empty directories cannot be stored in version control, so it's assumed that the meta data file is for an empty directory in version control. When moving or deleting folders outside of Unity, please ensure that the corresponding .meta file is moved or deleted along with it.
A meta data file (.meta) exists but its folder 'Packages/com.gamecore.studio.gameplay/Tests~' can't be found, and has been created. Empty directories cannot be stored in version control, so it's assumed that the meta data file is for an empty directory in version control. When moving or deleting folders outside of Unity, please ensure that the corresponding .meta file is moved or deleted along with it.
Asset Pipeline Refresh (id=1e3139ba58ced421394cd2318327b3b3): Total: 0.377 seconds - Initiated by RefreshV2(ForceSynchronousImport)
	Summary:
		Imports: total=0 (actual=0, local cache=0, cache server=0)
		Asset DB Process Time: managed=0 ms, native=376 ms
		Asset DB Callback time: managed=0 ms, native=0 ms
		Scripting: domain reloads=0, domain reload time=0 ms, compile time=0 ms, other=0 ms
		Project Asset Count: scripts=1857, non-scripts=2661
		Asset File Changes: new=0, changed=0, moved=0, deleted=0
		Scan Filter Count: 1
	InvokeCustomDependenciesCallbacks: 0.001ms
	InvokePackagesCallback: 1.524ms
	ApplyChangesToAssetFolders: 0.196ms
	Scan: 338.214ms
	OnSourceAssetsModified: 0.001ms
	CategorizeAssetsWithTransientArtifact: 0.002ms
	ProcessAssetsWithTransientArtifactChanges: 0.137ms
	CategorizeAssets: 29.370ms
	ImportOutOfDateAssets: 1.382ms (0.155ms without children)
		CompileScripts: 0.162ms
		ReloadNativeAssets: 0.028ms
		UnloadImportedAssets: 0.104ms
		EnsureUptoDateAssetsAreRegisteredWithGuidPM: 0.526ms
		InitializingProgressBar: 0.001ms
		PostProcessAllAssetNotificationsAddChangedAssets: 0.000ms
		OnDemandSchedulerStart: 0.406ms
	GatherAllCurrentPrimaryArtifactRevisions: 0.186ms
	UnloadStreamsBegin: 0.055ms
	PersistCurrentRevisions: 0.203ms
	UnloadStreamsEnd: 0.001ms
	Untracked: 5.488ms

A meta data file (.meta) exists but its folder 'Packages/com.gamecore.studio.gameplay/Tests~' can't be found, and has been created. Empty directories cannot be stored in version control, so it's assumed that the meta data file is for an empty directory in version control. When moving or deleting folders outside of Unity, please ensure that the corresponding .meta file is moved or deleted along with it.
Asset Pipeline Refresh (id=8f51ac0f3b56f1dd5a1600bb2693d606): Total: 0.228 seconds - Initiated by RefreshV2(NoUpdateAssetOptions)
AutoLocale: current locale expects 'C' but got 'en_US.UTF-8'Launched and connected shader compiler UnityShaderCompiler after 0.04 seconds
Running tests for ExecutionSettings with details:
targetPlatform =
playerHeartbeatTimeout = 600
filters[0] =
   Filter with settings:
   testMode = EditMode
   targetPlatform =
   testNames = null
   groupNames = Hollowmere.R7_B.Promotion|GameCore.Studio.Edit.Tests.RuntimeMovePromotionTests
   categoryNames = null
   assemblyNames = null
ignoreTests = {}
featureFlags = null

UnityEngine.Debug:ExtractStackTraceNoAlloc (byte*,int,string)
UnityEngine.StackTraceUtility:ExtractStackTrace () (at ~/build/output/unity/unity/Runtime/Export/Scripting/StackTrace.cs:35)
UnityEngine.DebugLogHandler:Internal_Log (UnityEngine.LogType,UnityEngine.LogOption,string,UnityEngine.Object)
UnityEngine.DebugLogHandler:LogFormat (UnityEngine.LogType,UnityEngine.Object,string,object[])
UnityEngine.Logger:Log (UnityEngine.LogType,object)
UnityEngine.Debug:Log (object)
UnityEditor.TestTools.TestRunner.CommandLineTest.Executer:InitializeAndExecuteRun (string[]) (at ./Library/PackageCache/com.unity.test-framework@bd52b1c23814/UnityEditor.TestRunner/CommandLineTest/Executer.cs:53)
UnityEditor.TestTools.TestRunner.CommandLineTest.TestStarter:InitializeAndExecuteRun () (at ./Library/PackageCache/com.unity.test-framework@bd52b1c23814/UnityEditor.TestRunner/CommandLineTest/TestStarter.cs:64)
UnityEditor.EditorApplication:Internal_CallUpdateFunctions () (at ~/build/output/unity/unity/Editor/Mono/EditorApplication.cs:384)

(Filename: ./Library/PackageCache/com.unity.test-framework@bd52b1c23814/UnityEditor.TestRunner/CommandLineTest/Executer.cs Line: 53)

[UnityConnectServicesConfig] config is NOT valid, switching to default
Created GICache directory at ~/.cache/unity3d/GiCache. Took: 0.002s, timestamps: [64.176 - 64.178]
Unloading 0 Unused Serialized files (Serialized files now loaded: 0)
Unloading 0 unused Assets / (0 B). Loaded Objects now: 6849.
Memory consumption went from 164.8 MB to 164.8 MB.
Total: 9.574929 ms (FindLiveObjects: 0.204829 ms CreateObjectMapping: 0.149613 ms MarkObjects: 9.208405 ms  DeleteObjects: 0.011311 ms)

Executing IPrebuildSetup for: Unity.PerformanceTesting.Editor.TestRunBuilder.
UnityEngine.Debug:ExtractStackTraceNoAlloc (byte*,int,string)
UnityEngine.StackTraceUtility:ExtractStackTrace () (at ~/build/output/unity/unity/Runtime/Export/Scripting/StackTrace.cs:35)
UnityEngine.DebugLogHandler:Internal_Log (UnityEngine.LogType,UnityEngine.LogOption,string,UnityEngine.Object)
UnityEngine.DebugLogHandler:LogFormat (UnityEngine.LogType,UnityEngine.Object,string,object[])
UnityEngine.Logger:Log (UnityEngine.LogType,object)
UnityEngine.Debug:Log (object)
UnityEditor.TestTools.TestRunner.TestRun.Tasks.BuildActionTaskBase`1/<ExecuteMethods>d__8<UnityEngine.TestTools.IPrebuildSetup>:MoveNext () (at ./Library/PackageCache/com.unity.test-framework@bd52b1c23814/UnityEditor.TestRunner/TestRun/Tasks/BuildActionTaskBase.cs:48)
UnityEditor.TestTools.TestRunner.TestRun.Tasks.BuildActionTaskBase`1/<Execute>d__7<UnityEngine.TestTools.IPrebuildSetup>:MoveNext () (at ./Library/PackageCache/com.unity.test-framework@bd52b1c23814/UnityEditor.TestRunner/TestRun/Tasks/BuildActionTaskBase.cs:34)
UnityEditor.TestTools.TestRunner.TestRun.TestJobRunner:ExecuteStep () (at ./Library/PackageCache/com.unity.test-framework@bd52b1c23814/UnityEditor.TestRunner/TestRun/TestJobRunner.cs:173)
UnityEditor.TestTools.TestRunner.TestRun.TestJobRunner:ExecuteCallback () (at ./Library/PackageCache/com.unity.test-framework@bd52b1c23814/UnityEditor.TestRunner/TestRun/TestJobRunner.cs:108)
UnityEditor.EditorApplication:Internal_CallUpdateFunctions () (at ~/build/output/unity/unity/Editor/Mono/EditorApplication.cs:384)

(Filename: ./Library/PackageCache/com.unity.test-framework@bd52b1c23814/UnityEditor.TestRunner/TestRun/Tasks/BuildActionTaskBase.cs Line: 48)

Start importing Assets/GameCoreStudioTests using Guid(5e18d9575f32873e0ab01711f1251000) (DefaultImporter) -> (artifact id: '17303e6b4ae7045b35a8d72085152780') in 0.005814958 seconds
Refreshing native plugins compatible for Editor in 0.25 ms, found 1 plugins.
Preloading 0 native plugins for Editor in 0.00 ms.
Asset Pipeline Refresh (id=3596a099c069f4bbe84a8f2246b93682): Total: 0.158 seconds - Initiated by StopAssetImportingV2(NoUpdateAssetOptions)
Start importing Assets/GameCoreStudioTests/6437adbef2 using Guid(5cb5321194f5cea379c1d6f7a0522f5e) (DefaultImporter) -> (artifact id: 'a8f1d82dd26c37c5c78d820f25a0e9a1') in 0.000820316 seconds
Refreshing native plugins compatible for Editor in 0.24 ms, found 1 plugins.
Preloading 0 native plugins for Editor in 0.00 ms.
Asset Pipeline Refresh (id=207b40eec9baa46b6a094d1a32b2a75d): Total: 0.023 seconds - Initiated by StopAssetImportingV2(NoUpdateAssetOptions)
Unloading 0 Unused Serialized files (Serialized files now loaded: 0)
Unloading 4 unused Assets / (0 B). Loaded Objects now: 6843.
Memory consumption went from 181.1 MB to 181.1 MB.
Total: 9.072982 ms (FindLiveObjects: 0.226648 ms CreateObjectMapping: 0.162422 ms MarkObjects: 8.663762 ms  DeleteObjects: 0.019428 ms)

Start importing Assets/GameCoreStudioTests/6437adbef2/Test.unity using Guid(8befba14c7a37c626942a3cbd869709c) (DefaultImporter) -> (artifact id: 'f2e3cbbd6d0e10f36217dad9870a59e8') in 0.000675854 seconds
Refreshing native plugins compatible for Editor in 0.21 ms, found 1 plugins.
Preloading 0 native plugins for Editor in 0.00 ms.
Asset Pipeline Refresh (id=fa1a7253479a22b8da00f4964ab884b6): Total: 0.020 seconds - Initiated by StopAssetImportingV2(NoUpdateAssetOptions)
Start importing Assets/GameCoreStudioTests/6437adbef2/Test.unity using Guid(8befba14c7a37c626942a3cbd869709c) (DefaultImporter) -> (artifact id: '0fb8e2d73578169fcd31bc72698a72c7') in 0.000651505 seconds
Refreshing native plugins compatible for Editor in 0.21 ms, found 1 plugins.
Preloading 0 native plugins for Editor in 0.00 ms.
Asset Pipeline Refresh (id=92b2a33667113e253aec19477c2b5058): Total: 0.018 seconds - Initiated by StopAssetImportingV2(NoUpdateAssetOptions)
Start importing Assets/GameCoreStudioTests/6437adbef2/Test.unity using Guid(8befba14c7a37c626942a3cbd869709c) (DefaultImporter) -> (artifact id: 'b2704bf729439085ce4bfd5c785234d6') in 0.000643178 seconds
Refreshing native plugins compatible for Editor in 0.21 ms, found 1 plugins.
Preloading 0 native plugins for Editor in 0.00 ms.
Asset Pipeline Refresh (id=54f9fde834039ddb4ab98a8a5cdd1c9a): Total: 0.018 seconds - Initiated by StopAssetImportingV2(NoUpdateAssetOptions)
Unloading 0 Unused Serialized files (Serialized files now loaded: 0)
Unloading 24 unused Assets / (17.6 KB). Loaded Objects now: 6847.
Memory consumption went from 215.0 MB to 215.0 MB.
Total: 8.821242 ms (FindLiveObjects: 0.198947 ms CreateObjectMapping: 0.126363 ms MarkObjects: 8.404170 ms  DeleteObjects: 0.091030 ms)

Refreshing native plugins compatible for Editor in 0.27 ms, found 1 plugins.
Preloading 0 native plugins for Editor in 0.00 ms.
Asset Pipeline Refresh (id=016c91dae8984b1108da3f2aa777a842): Total: 0.025 seconds - Initiated by StopAssetImportingV2(NoUpdateAssetOptions)
Refreshing native plugins compatible for Editor in 0.25 ms, found 1 plugins.
Preloading 0 native plugins for Editor in 0.00 ms.
Asset Pipeline Refresh (id=b66d10e737f07126aa3ec789eda1bfcb): Total: 0.025 seconds - Initiated by StopAssetImportingV2(NoUpdateAssetOptions)
Start importing Assets/GameCoreStudioTests using Guid(5e18d9575f32873e0ab01711f1251000) (DefaultImporter) -> (artifact id: '17303e6b4ae7045b35a8d72085152780') in 0.000694883 seconds
Refreshing native plugins compatible for Editor in 0.21 ms, found 1 plugins.
Preloading 0 native plugins for Editor in 0.00 ms.
Asset Pipeline Refresh (id=d8493aedac749d23197ab237951db1ea): Total: 0.022 seconds - Initiated by StopAssetImportingV2(NoUpdateAssetOptions)
Start importing Assets/GameCoreStudioTests/7b70849104 using Guid(8a2dab70449d65046a9ac3b7ae28dd21) (DefaultImporter) -> (artifact id: 'd48d9fe48cc69c6a1209c64ca1645757') in 0.000724488 seconds
Refreshing native plugins compatible for Editor in 0.21 ms, found 1 plugins.
Preloading 0 native plugins for Editor in 0.00 ms.
Asset Pipeline Refresh (id=b8d3323c25049453488a0aba845a4955): Total: 0.019 seconds - Initiated by StopAssetImportingV2(NoUpdateAssetOptions)
Unloading 0 Unused Serialized files (Serialized files now loaded: 0)
Unloading 4 unused Assets / (0 B). Loaded Objects now: 6847.
Memory consumption went from 210.9 MB to 210.9 MB.
Total: 9.603314 ms (FindLiveObjects: 0.208633 ms CreateObjectMapping: 0.134036 ms MarkObjects: 9.238424 ms  DeleteObjects: 0.021458 ms)

Start importing Assets/GameCoreStudioTests/7b70849104/Test.unity using Guid(de5bc286d63d401a69528be613f0da73) (DefaultImporter) -> (artifact id: 'c85c0c99d9adbc53b52faab612aae628') in 0.000592863 seconds
Refreshing native plugins compatible for Editor in 0.18 ms, found 1 plugins.
Preloading 0 native plugins for Editor in 0.00 ms.
Asset Pipeline Refresh (id=f0890a9fd2afe2e9a90b6a2f4b09a3f9): Total: 0.021 seconds - Initiated by StopAssetImportingV2(NoUpdateAssetOptions)
Start importing Assets/GameCoreStudioTests/7b70849104/Test.unity using Guid(de5bc286d63d401a69528be613f0da73) (DefaultImporter) -> (artifact id: 'c53f3917e276ddb72c2294b091236e5e') in 0.0006085 seconds
Refreshing native plugins compatible for Editor in 0.20 ms, found 1 plugins.
Preloading 0 native plugins for Editor in 0.00 ms.
Asset Pipeline Refresh (id=80d8af543be795e53929a1366958952c): Total: 0.018 seconds - Initiated by StopAssetImportingV2(NoUpdateAssetOptions)
Start importing Assets/GameCoreStudioTests/7b70849104/Test.unity using Guid(de5bc286d63d401a69528be613f0da73) (DefaultImporter) -> (artifact id: 'c85c0c99d9adbc53b52faab612aae628') in 0.000673845 seconds
Refreshing native plugins compatible for Editor in 0.21 ms, found 1 plugins.
Preloading 0 native plugins for Editor in 0.00 ms.
Asset Pipeline Refresh (id=5e37cf7eb4c30172981feac0cb6a28ac): Total: 0.018 seconds - Initiated by StopAssetImportingV2(NoUpdateAssetOptions)
Unloading 0 Unused Serialized files (Serialized files now loaded: 0)
Unloading 24 unused Assets / (17.7 KB). Loaded Objects now: 6847.
Memory consumption went from 244.9 MB to 244.9 MB.
Total: 9.839206 ms (FindLiveObjects: 0.204310 ms CreateObjectMapping: 0.143605 ms MarkObjects: 9.392857 ms  DeleteObjects: 0.097677 ms)

Refreshing native plugins compatible for Editor in 0.19 ms, found 1 plugins.
Preloading 0 native plugins for Editor in 0.00 ms.
Asset Pipeline Refresh (id=f1d3d55924ebd1110aa730f9ec42b72e): Total: 0.023 seconds - Initiated by StopAssetImportingV2(NoUpdateAssetOptions)
Refreshing native plugins compatible for Editor in 0.21 ms, found 1 plugins.
Preloading 0 native plugins for Editor in 0.00 ms.
Asset Pipeline Refresh (id=928e6108e0d0f2108895df8138e76273): Total: 0.021 seconds - Initiated by StopAssetImportingV2(NoUpdateAssetOptions)
Start importing Assets/GameCoreStudioTests using Guid(5e18d9575f32873e0ab01711f1251000) (DefaultImporter) -> (artifact id: '17303e6b4ae7045b35a8d72085152780') in 0.000664147 seconds
Refreshing native plugins compatible for Editor in 0.21 ms, found 1 plugins.
Preloading 0 native plugins for Editor in 0.00 ms.
Asset Pipeline Refresh (id=c6b492bd824fc138eb708aefe9294e3a): Total: 0.021 seconds - Initiated by StopAssetImportingV2(NoUpdateAssetOptions)
Start importing Assets/GameCoreStudioTests/92cc82f8df using Guid(4a28a590852f98f9dbd6483e42d02e7f) (DefaultImporter) -> (artifact id: 'b6fec70c44867dd2eebbf70905348cbb') in 0.001061161 seconds
Refreshing native plugins compatible for Editor in 0.31 ms, found 1 plugins.
Preloading 0 native plugins for Editor in 0.00 ms.
Asset Pipeline Refresh (id=edef07a2af2dbbaf591a29a3ec00efdd): Total: 0.021 seconds - Initiated by StopAssetImportingV2(NoUpdateAssetOptions)
Unloading 0 Unused Serialized files (Serialized files now loaded: 0)
Unloading 4 unused Assets / (0 B). Loaded Objects now: 6847.
Memory consumption went from 240.8 MB to 240.8 MB.
Total: 8.712948 ms (FindLiveObjects: 0.206341 ms CreateObjectMapping: 0.159207 ms MarkObjects: 8.325079 ms  DeleteObjects: 0.021501 ms)

Start importing Assets/GameCoreStudioTests/92cc82f8df/Test.unity using Guid(37129494857164152b1f12e952c27c21) (DefaultImporter) -> (artifact id: 'ac65fbb78f7d8309bc2528b2e04eb44e') in 0.000600788 seconds
Refreshing native plugins compatible for Editor in 0.19 ms, found 1 plugins.
Preloading 0 native plugins for Editor in 0.00 ms.
Asset Pipeline Refresh (id=64e6e841ae2b189ca91e4be5919fe820): Total: 0.019 seconds - Initiated by StopAssetImportingV2(NoUpdateAssetOptions)
Start importing Assets/GameCoreStudioTests/92cc82f8df/Test.unity using Guid(37129494857164152b1f12e952c27c21) (DefaultImporter) -> (artifact id: '7e8eed449faa7ddb91f4a7e584c0e841') in 0.000610037 seconds
Refreshing native plugins compatible for Editor in 0.19 ms, found 1 plugins.
Preloading 0 native plugins for Editor in 0.00 ms.
Asset Pipeline Refresh (id=1c5183d2956ec0bc882f82885063d3b0): Total: 0.017 seconds - Initiated by StopAssetImportingV2(NoUpdateAssetOptions)
Asset Pipeline Refresh (id=8267f9791c951b5fb83e6eb27bf7c03b): Total: 0.001 seconds - Initiated by StopAssetImportingV2(NoUpdateAssetOptions)
Start importing Assets/GameCoreStudioTests/92cc82f8df/Test.unity using Guid(37129494857164152b1f12e952c27c21) (DefaultImporter) -> (artifact id: '4d5bc3b0c059a6e03e127bf250676a28') in 0.000608715 seconds
Refreshing native plugins compatible for Editor in 0.20 ms, found 1 plugins.
Preloading 0 native plugins for Editor in 0.00 ms.
Asset Pipeline Refresh (id=588c1e0c4e7785212b4208ec39b4fabc): Total: 0.018 seconds - Initiated by StopAssetImportingV2(NoUpdateAssetOptions)
Asset Pipeline Refresh (id=24499aec331b2865f9b7a863f79efe1d): Total: 0.002 seconds - Initiated by StopAssetImportingV2(NoUpdateAssetOptions)
Unloading 0 Unused Serialized files (Serialized files now loaded: 0)
Unloading 25 unused Assets / (126.7 KB). Loaded Objects now: 6847.
Memory consumption went from 275.0 MB to 274.8 MB.
Total: 17.852769 ms (FindLiveObjects: 0.574316 ms CreateObjectMapping: 0.426031 ms MarkObjects: 16.682161 ms  DeleteObjects: 0.168497 ms)

Refreshing native plugins compatible for Editor in 0.18 ms, found 1 plugins.
Preloading 0 native plugins for Editor in 0.00 ms.
Asset Pipeline Refresh (id=48c766352f45e201ba18f15766a351bd): Total: 0.018 seconds - Initiated by StopAssetImportingV2(NoUpdateAssetOptions)
Refreshing native plugins compatible for Editor in 0.18 ms, found 1 plugins.
Preloading 0 native plugins for Editor in 0.00 ms.
Asset Pipeline Refresh (id=9cf58659e214f97dba0193bbde3c7a33): Total: 0.017 seconds - Initiated by StopAssetImportingV2(NoUpdateAssetOptions)
Start importing Assets/GameCoreStudioTests using Guid(5e18d9575f32873e0ab01711f1251000) (DefaultImporter) -> (artifact id: '17303e6b4ae7045b35a8d72085152780') in 0.000682677 seconds
Refreshing native plugins compatible for Editor in 0.21 ms, found 1 plugins.
Preloading 0 native plugins for Editor in 0.00 ms.
Asset Pipeline Refresh (id=ef7fe405f488aa4df9e55f84484d38e3): Total: 0.021 seconds - Initiated by StopAssetImportingV2(NoUpdateAssetOptions)
Start importing Assets/GameCoreStudioTests/d243ef5935 using Guid(2be5414480f9beb0ba4638a4ecb57845) (DefaultImporter) -> (artifact id: 'cd374d336379f86f47c2ffe177074db4') in 0.000743598 seconds
Refreshing native plugins compatible for Editor in 0.21 ms, found 1 plugins.
Preloading 0 native plugins for Editor in 0.00 ms.
Asset Pipeline Refresh (id=22e7082b5a4a4c5ea802134b9a4460ad): Total: 0.018 seconds - Initiated by StopAssetImportingV2(NoUpdateAssetOptions)
Unloading 0 Unused Serialized files (Serialized files now loaded: 0)
Unloading 4 unused Assets / (0 B). Loaded Objects now: 6847.
Memory consumption went from 270.8 MB to 270.8 MB.
Total: 8.397786 ms (FindLiveObjects: 0.203485 ms CreateObjectMapping: 0.151730 ms MarkObjects: 8.025580 ms  DeleteObjects: 0.016244 ms)

Start importing Assets/GameCoreStudioTests/d243ef5935/Test.unity using Guid(6ac5bf66845e22af49bb84bf5a48a353) (DefaultImporter) -> (artifact id: '83f6082b994d5dc764b6dd34859b89d6') in 0.00063078 seconds
Refreshing native plugins compatible for Editor in 0.19 ms, found 1 plugins.
Preloading 0 native plugins for Editor in 0.00 ms.
Asset Pipeline Refresh (id=bdba0f4434a983ef9a07f7a684d28548): Total: 0.018 seconds - Initiated by StopAssetImportingV2(NoUpdateAssetOptions)
Start importing Assets/GameCoreStudioTests/d243ef5935/Test.unity using Guid(6ac5bf66845e22af49bb84bf5a48a353) (DefaultImporter) -> (artifact id: '4d23da13f77ae7a518b07797bbe984c3') in 0.000654794 seconds
Refreshing native plugins compatible for Editor in 0.21 ms, found 1 plugins.
Preloading 0 native plugins for Editor in 0.00 ms.
Asset Pipeline Refresh (id=e350c2f790f08425ba1858d1d0bbc220): Total: 0.018 seconds - Initiated by StopAssetImportingV2(NoUpdateAssetOptions)
Unloading 0 Unused Serialized files (Serialized files now loaded: 0)
Unloading 24 unused Assets / (17.7 KB). Loaded Objects now: 6847.
Memory consumption went from 292.8 MB to 292.8 MB.
Total: 8.588208 ms (FindLiveObjects: 0.196419 ms CreateObjectMapping: 0.180210 ms MarkObjects: 8.126612 ms  DeleteObjects: 0.084225 ms)

Refreshing native plugins compatible for Editor in 0.20 ms, found 1 plugins.
Preloading 0 native plugins for Editor in 0.00 ms.
Asset Pipeline Refresh (id=d8a5beb9d24f0840d8a92f5e693bb7be): Total: 0.022 seconds - Initiated by StopAssetImportingV2(NoUpdateAssetOptions)
Refreshing native plugins compatible for Editor in 0.21 ms, found 1 plugins.
Preloading 0 native plugins for Editor in 0.00 ms.
Asset Pipeline Refresh (id=e65bf771a9bc79694a8017ae96356b81): Total: 0.020 seconds - Initiated by StopAssetImportingV2(NoUpdateAssetOptions)
Start importing Assets/GameCoreStudioTests using Guid(5e18d9575f32873e0ab01711f1251000) (DefaultImporter) -> (artifact id: '17303e6b4ae7045b35a8d72085152780') in 0.000643017 seconds
Refreshing native plugins compatible for Editor in 0.20 ms, found 1 plugins.
Preloading 0 native plugins for Editor in 0.00 ms.
Asset Pipeline Refresh (id=9e23848d9134f1a89a077c94e6465ab7): Total: 0.020 seconds - Initiated by StopAssetImportingV2(NoUpdateAssetOptions)
Start importing Assets/GameCoreStudioTests/14926b95d1 using Guid(4097b833552f418dcaecf2ff8c2f4ed3) (DefaultImporter) -> (artifact id: '836df1404342e4f65d4ffa06186dccb4') in 0.00063191 seconds
Refreshing native plugins compatible for Editor in 0.20 ms, found 1 plugins.
Preloading 0 native plugins for Editor in 0.00 ms.
Asset Pipeline Refresh (id=92fefc55f99363a2b9ecbebac1b1381b): Total: 0.017 seconds - Initiated by StopAssetImportingV2(NoUpdateAssetOptions)
Unloading 0 Unused Serialized files (Serialized files now loaded: 0)
Unloading 4 unused Assets / (0 B). Loaded Objects now: 6847.
Memory consumption went from 288.7 MB to 288.7 MB.
Total: 8.951141 ms (FindLiveObjects: 0.194868 ms CreateObjectMapping: 0.135515 ms MarkObjects: 8.601994 ms  DeleteObjects: 0.018107 ms)

Start importing Assets/GameCoreStudioTests/14926b95d1/Test.unity using Guid(aa7470a7f4cb6c627b9083af09ce3951) (DefaultImporter) -> (artifact id: '1ffd70d1bd5914b3f3437ea6f91340cd') in 0.000591952 seconds
Refreshing native plugins compatible for Editor in 0.17 ms, found 1 plugins.
Preloading 0 native plugins for Editor in 0.00 ms.
Asset Pipeline Refresh (id=5a9fb64e1b1855cab8668397e6a8e169): Total: 0.019 seconds - Initiated by StopAssetImportingV2(NoUpdateAssetOptions)
Start importing Assets/GameCoreStudioTests/14926b95d1/Test.unity using Guid(aa7470a7f4cb6c627b9083af09ce3951) (DefaultImporter) -> (artifact id: 'a6ad143d5a869895bc4937987260b26a') in 0.000656094 seconds
Refreshing native plugins compatible for Editor in 0.21 ms, found 1 plugins.
Preloading 0 native plugins for Editor in 0.00 ms.
Asset Pipeline Refresh (id=74544d22cea206c94a8dcac26e0b884f): Total: 0.024 seconds - Initiated by StopAssetImportingV2(NoUpdateAssetOptions)
A meta data file (.meta) exists but its folder 'Packages/com.gamecore.studio.gameplay/Tests~' can't be found, and has been created. Empty directories cannot be stored in version control, so it's assumed that the meta data file is for an empty directory in version control. When moving or deleting folders outside of Unity, please ensure that the corresponding .meta file is moved or deleted along with it.
UnityEngine.Debug:ExtractStackTraceNoAlloc (byte*,int,string)
UnityEngine.StackTraceUtility:ExtractStackTrace () (at ~/build/output/unity/unity/Runtime/Export/Scripting/StackTrace.cs:35)
GameCore.Studio.Edit.ChangeSetEngine:Rollback (GameCore.Studio.Model.ChangeSet,int,System.Collections.Generic.List`1<GameCore.Studio.Edit.OperationResult>,System.Collections.Generic.List`1<GameCore.Studio.Model.Diagnostic>) (at ~/wkspace/gc-studio/p4.2j/Packages/com.gamecore.studio.core/Editor/Engine/ChangeSetEngine.cs:1280)
GameCore.Studio.Edit.ChangeSetEngine:ApplyCore (GameCore.Studio.Edit.StagedChangeSet,System.Collections.Generic.IReadOnlyDictionary`2<string, Newtonsoft.Json.Linq.JObject>,bool,System.Action`1<GameCore.Studio.Model.ChangeSet>) (at ~/wkspace/gc-studio/p4.2j/Packages/com.gamecore.studio.core/Editor/Engine/ChangeSetEngine.cs:1029)
GameCore.Studio.Edit.ChangeSetEngine:Apply (GameCore.Studio.Edit.StagedChangeSet) (at ~/wkspace/gc-studio/p4.2j/Packages/com.gamecore.studio.core/Editor/Engine/ChangeSetEngine.cs:302)
GameCore.Studio.Edit.Tests.RuntimeMovePromotionTests:W_EDIT_06_StaleRuntimeWorldRefusesWithRevisionWitnesses () (at ~/wkspace/gc-studio/p4.2j/Packages/com.gamecore.studio.core/Tests/Editor/RuntimeMovePromotionTests.cs:108)
System.Reflection.RuntimeMethodInfo:Invoke (object,System.Reflection.BindingFlags,System.Reflection.Binder,object[],System.Globalization.CultureInfo)
System.Reflection.MethodBase:Invoke (object,object[])
NUnit.Framework.Internal.Reflect:InvokeMethod (System.Reflection.MethodInfo,object,object[])
NUnit.Framework.Internal.MethodWrapper:Invoke (object,object[])
NUnit.Framework.Internal.Commands.TestMethodCommand:RunNonAsyncTestMethod (NUnit.Framework.Internal.ITestExecutionContext)
NUnit.Framework.Internal.Commands.TestMethodCommand:RunTestMethod (NUnit.Framework.Internal.ITestExecutionContext)
NUnit.Framework.Internal.Commands.TestMethodCommand:Execute (NUnit.Framework.Internal.ITestExecutionContext)
UnityEngine.TestTools.UnityTestMethodCommand:Execute (NUnit.Framework.Internal.ITestExecutionContext) (at ./Library/PackageCache/com.unity.test-framework@bd52b1c23814/UnityEngine.TestRunner/NUnitExtensions/Commands/UnityTestMethodCommand.cs:19)
UnityEngine.TestRunner.NUnitExtensions.Runner.UnityLogCheckDelegatingCommand/<>c__DisplayClass2_0:<Execute>b__0 () (at ./Library/PackageCache/com.unity.test-framework@bd52b1c23814/UnityEngine.TestRunner/NUnitExtensions/Runner/UnityLogCheckDelegatingCommand.cs:24)
UnityEngine.TestRunner.NUnitExtensions.Runner.UnityLogCheckDelegatingCommand:CaptureException (NUnit.Framework.Internal.TestResult,System.Action) (at ./Library/PackageCache/com.unity.test-framework@bd52b1c23814/UnityEngine.TestRunner/NUnitExtensions/Runner/UnityLogCheckDelegatingCommand.cs:72)
UnityEngine.TestRunner.NUnitExtensions.Runner.UnityLogCheckDelegatingCommand:ExecuteAndCheckLog (UnityEngine.TestTools.Logging.LogScope,NUnit.Framework.Internal.TestResult,System.Action) (at ./Library/PackageCache/com.unity.test-framework@bd52b1c23814/UnityEngine.TestRunner/NUnitExtensions/Runner/UnityLogCheckDelegatingCommand.cs:83)
UnityEngine.TestRunner.NUnitExtensions.Runner.UnityLogCheckDelegatingCommand:Execute (NUnit.Framework.Internal.ITestExecutionContext) (at ./Library/PackageCache/com.unity.test-framework@bd52b1c23814/UnityEngine.TestRunner/NUnitExtensions/Runner/UnityLogCheckDelegatingCommand.cs:24)
UnityEngine.TestRunner.NUnitExtensions.Runner.UnityLogCheckDelegatingCommand/<ExecuteEnumerable>d__3:MoveNext () (at ./Library/PackageCache/com.unity.test-framework@bd52b1c23814/UnityEngine.TestRunner/NUnitExtensions/Runner/UnityLogCheckDelegatingCommand.cs:35)
UnityEngine.TestTools.BeforeAfterTestCommandBase`1/<ExecuteEnumerable>d__16<NUnit.Framework.ITestAction>:MoveNext () (at ./Library/PackageCache/com.unity.test-framework@bd52b1c23814/UnityEngine.TestRunner/NUnitExtensions/Commands/BeforeAfterTestCommandBase.cs:212)
UnityEngine.TestTools.ImmediateEnumerableCommand:Execute (NUnit.Framework.Internal.ITestExecutionContext) (at ./Library/PackageCache/com.unity.test-framework@bd52b1c23814/UnityEngine.TestRunner/NUnitExtensions/Commands/ImmediateEnumerableCommand.cs:18)
UnityEngine.TestTools.BeforeAfterTestCommandBase`1/<ExecuteEnumerable>d__16<System.Reflection.MethodInfo>:MoveNext () (at ./Library/PackageCache/com.unity.test-framework@bd52b1c23814/UnityEngine.TestRunner/NUnitExtensions/Commands/BeforeAfterTestCommandBase.cs:219)
UnityEngine.TestTools.BeforeAfterTestCommandBase`1/<ExecuteEnumerable>d__16<System.Reflection.MethodInfo>:MoveNext () (at ./Library/PackageCache/com.unity.test-framework@bd52b1c23814/UnityEngine.TestRunner/NUnitExtensions/Commands/BeforeAfterTestCommandBase.cs:212)
UnityEngine.TestTools.BeforeAfterTestCommandBase`1/<ExecuteEnumerable>d__16<UnityEngine.TestTools.IOuterUnityTestAction>:MoveNext () (at ./Library/PackageCache/com.unity.test-framework@bd52b1c23814/UnityEngine.TestRunner/NUnitExtensions/Commands/BeforeAfterTestCommandBase.cs:212)
UnityEngine.TestTools.RetryCommand/<ExecuteEnumerable>d__2:MoveNext () (at ./Library/PackageCache/com.unity.test-framework@bd52b1c23814/UnityEngine.TestRunner/NUnitExtensions/Commands/RetryCommand.cs:37)
UnityEngine.TestTools.RepeatCommand/<ExecuteEnumerable>d__2:MoveNext () (at ./Library/PackageCache/com.unity.test-framework@bd52b1c23814/UnityEngine.TestRunner/NUnitExtensions/Commands/RepeatCommand.cs:36)
UnityEngine.TestTools.IgnoreTestCommand/<ExecuteEnumerable>d__3:MoveNext () (at ./Library/PackageCache/com.unity.test-framework@bd52b1c23814/UnityEngine.TestRunner/NUnitExtensions/Commands/IgnoreTestCommand.cs:42)
UnityEngine.TestTools.StrictCheckCommand/<ExecuteEnumerable>d__2:MoveNext () (at ./Library/PackageCache/com.unity.test-framework@bd52b1c23814/UnityEngine.TestRunner/NUnitExtensions/Commands/StrictCheckCommand.cs:29)
UnityEngine.TestRunner.NUnitExtensions.Runner.DefaultTestWorkItem/<PerformWork>d__2:MoveNext () (at ./Library/PackageCache/com.unity.test-framework@bd52b1c23814/UnityEngine.TestRunner/NUnitExtensions/Runner/DefaultTestWorkItem.cs:50)
UnityEngine.TestRunner.NUnitExtensions.Runner.CompositeWorkItem/<RunChildren>d__17:MoveNext () (at ./Library/PackageCache/com.unity.test-framework@bd52b1c23814/UnityEngine.TestRunner/NUnitExtensions/Runner/CompositeWorkItem.cs:207)
UnityEngine.TestRunner.NUnitExtensions.Runner.CompositeWorkItem/<PerformWork>d__13:MoveNext () (at ./Library/PackageCache/com.unity.test-framework@bd52b1c23814/UnityEngine.TestRunner/NUnitExtensions/Runner/CompositeWorkItem.cs:82)
UnityEngine.TestRunner.NUnitExtensions.Runner.CompositeWorkItem/<RunChildren>d__17:MoveNext () (at ./Library/PackageCache/com.unity.test-framework@bd52b1c23814/UnityEngine.TestRunner/NUnitExtensions/Runner/CompositeWorkItem.cs:207)
UnityEngine.TestRunner.NUnitExtensions.Runner.CompositeWorkItem/<PerformWork>d__13:MoveNext () (at ./Library/PackageCache/com.unity.test-framework@bd52b1c23814/UnityEngine.TestRunner/NUnitExtensions/Runner/CompositeWorkItem.cs:82)
UnityEngine.TestRunner.NUnitExtensions.Runner.CompositeWorkItem/<RunChildren>d__17:MoveNext () (at ./Library/PackageCache/com.unity.test-framework@bd52b1c23814/UnityEngine.TestRunner/NUnitExtensions/Runner/CompositeWorkItem.cs:207)
UnityEngine.TestRunner.NUnitExtensions.Runner.CompositeWorkItem/<PerformWork>d__13:MoveNext () (at ./Library/PackageCache/com.unity.test-framework@bd52b1c23814/UnityEngine.TestRunner/NUnitExtensions/Runner/CompositeWorkItem.cs:82)
UnityEngine.TestRunner.NUnitExtensions.Runner.CompositeWorkItem/<RunChildren>d__17:MoveNext () (at ./Library/PackageCache/com.unity.test-framework@bd52b1c23814/UnityEngine.TestRunner/NUnitExtensions/Runner/CompositeWorkItem.cs:207)
UnityEngine.TestRunner.NUnitExtensions.Runner.CompositeWorkItem/<PerformWork>d__13:MoveNext () (at ./Library/PackageCache/com.unity.test-framework@bd52b1c23814/UnityEngine.TestRunner/NUnitExtensions/Runner/CompositeWorkItem.cs:82)
UnityEngine.TestRunner.NUnitExtensions.Runner.CompositeWorkItem/<RunChildren>d__17:MoveNext () (at ./Library/PackageCache/com.unity.test-framework@bd52b1c23814/UnityEngine.TestRunner/NUnitExtensions/Runner/CompositeWorkItem.cs:207)
UnityEngine.TestRunner.NUnitExtensions.Runner.CompositeWorkItem/<PerformWork>d__13:MoveNext () (at ./Library/PackageCache/com.unity.test-framework@bd52b1c23814/UnityEngine.TestRunner/NUnitExtensions/Runner/CompositeWorkItem.cs:82)
UnityEngine.TestRunner.NUnitExtensions.Runner.CompositeWorkItem/<RunChildren>d__17:MoveNext () (at ./Library/PackageCache/com.unity.test-framework@bd52b1c23814/UnityEngine.TestRunner/NUnitExtensions/Runner/CompositeWorkItem.cs:207)
UnityEngine.TestRunner.NUnitExtensions.Runner.CompositeWorkItem/<PerformWork>d__13:MoveNext () (at ./Library/PackageCache/com.unity.test-framework@bd52b1c23814/UnityEngine.TestRunner/NUnitExtensions/Runner/CompositeWorkItem.cs:82)
UnityEngine.TestRunner.NUnitExtensions.Runner.CompositeWorkItem/<RunChildren>d__17:MoveNext () (at ./Library/PackageCache/com.unity.test-framework@bd52b1c23814/UnityEngine.TestRunner/NUnitExtensions/Runner/CompositeWorkItem.cs:207)
UnityEngine.TestRunner.NUnitExtensions.Runner.CompositeWorkItem/<PerformWork>d__13:MoveNext () (at ./Library/PackageCache/com.unity.test-framework@bd52b1c23814/UnityEngine.TestRunner/NUnitExtensions/Runner/CompositeWorkItem.cs:82)
UnityEditor.TestTools.TestRunner.EditModeRunner:MoveNextAndUpdateYieldObject () (at ./Library/PackageCache/com.unity.test-framework@bd52b1c23814/UnityEditor.TestRunner/TestRunner/EditModeRunner.cs:167)
UnityEditor.TestTools.TestRunner.EditModeRunner:TestConsumer (UnityEditor.TestTools.TestRunner.TestRunnerStateSerializer) (at ./Library/PackageCache/com.unity.test-framework@bd52b1c23814/UnityEditor.TestRunner/TestRunner/EditModeRunner.cs:200)
UnityEditor.TestTools.TestRunner.TestRun.Tasks.EditModeRunTask/<Execute>d__1:MoveNext () (at ./Library/PackageCache/com.unity.test-framework@bd52b1c23814/UnityEditor.TestRunner/TestRun/Tasks/EditModeRunTask.cs:48)
UnityEditor.TestTools.TestRunner.TestRun.TestJobRunner:ExecuteStep () (at ./Library/PackageCache/com.unity.test-framework@bd52b1c23814/UnityEditor.TestRunner/TestRun/TestJobRunner.cs:173)
UnityEditor.TestTools.Test

Asset Pipeline Refresh (id=178120aa7151d80b9a53bc7408f0ce50): Total: 0.164 seconds - Initiated by RefreshV2(NoUpdateAssetOptions)
Unloading 0 Unused Serialized files (Serialized files now loaded: 0)
Unloading 24 unused Assets / (17.6 KB). Loaded Objects now: 6847.
Memory consumption went from 310.8 MB to 310.8 MB.
Total: 8.743167 ms (FindLiveObjects: 0.195126 ms CreateObjectMapping: 0.124455 ms MarkObjects: 8.341335 ms  DeleteObjects: 0.081644 ms)

Refreshing native plugins compatible for Editor in 0.20 ms, found 1 plugins.
Preloading 0 native plugins for Editor in 0.00 ms.
Asset Pipeline Refresh (id=eb891891b7c96d820b29e97d7cb0f61e): Total: 0.022 seconds - Initiated by StopAssetImportingV2(NoUpdateAssetOptions)
Refreshing native plugins compatible for Editor in 0.22 ms, found 1 plugins.
Preloading 0 native plugins for Editor in 0.00 ms.
Asset Pipeline Refresh (id=ccb96ac34ba7d5f54893e4047d1abd95): Total: 0.021 seconds - Initiated by StopAssetImportingV2(NoUpdateAssetOptions)
Start importing Assets/GameCoreStudioTests using Guid(5e18d9575f32873e0ab01711f1251000) (DefaultImporter) -> (artifact id: '17303e6b4ae7045b35a8d72085152780') in 0.000731253 seconds
Refreshing native plugins compatible for Editor in 0.23 ms, found 1 plugins.
Preloading 0 native plugins for Editor in 0.00 ms.
Asset Pipeline Refresh (id=94cf4a56960dfe47e9405d6e459b2808): Total: 0.023 seconds - Initiated by StopAssetImportingV2(NoUpdateAssetOptions)
Start importing Assets/GameCoreStudioTests/afc57e7803 using Guid(c694acb1ffe7f655590dd8246e476a2e) (DefaultImporter) -> (artifact id: '7b5c12ef98ed4c4fefeaa78dda7ef347') in 0.000704262 seconds
Refreshing native plugins compatible for Editor in 0.21 ms, found 1 plugins.
Preloading 0 native plugins for Editor in 0.00 ms.
Asset Pipeline Refresh (id=7f0ce6ba3ebc8d585bea9f9a8aef9287): Total: 0.019 seconds - Initiated by StopAssetImportingV2(NoUpdateAssetOptions)
Unloading 0 Unused Serialized files (Serialized files now loaded: 0)
Unloading 4 unused Assets / (0 B). Loaded Objects now: 6847.
Memory consumption went from 306.7 MB to 306.7 MB.
Total: 8.665400 ms (FindLiveObjects: 0.206293 ms CreateObjectMapping: 0.144213 ms MarkObjects: 8.300021 ms  DeleteObjects: 0.014157 ms)

Start importing Assets/GameCoreStudioTests/afc57e7803/Test.unity using Guid(3bd702d0e369e637b9a57a54fedd4bc8) (DefaultImporter) -> (artifact id: 'b3531a892bf9ef310f112e4045fbb003') in 0.000569221 seconds
Refreshing native plugins compatible for Editor in 0.18 ms, found 1 plugins.
Preloading 0 native plugins for Editor in 0.00 ms.
Asset Pipeline Refresh (id=68c7d2691ec70a28f9992e77682d2552): Total: 0.018 seconds - Initiated by StopAssetImportingV2(NoUpdateAssetOptions)
Start importing Assets/GameCoreStudioTests/afc57e7803/Test.unity using Guid(3bd702d0e369e637b9a57a54fedd4bc8) (DefaultImporter) -> (artifact id: '31a34a8813910129f5f34ccd5350a911') in 0.000662078 seconds
Refreshing native plugins compatible for Editor in 0.20 ms, found 1 plugins.
Preloading 0 native plugins for Editor in 0.00 ms.
Asset Pipeline Refresh (id=2047f94dea7ef975a9229345aa0feed0): Total: 0.018 seconds - Initiated by StopAssetImportingV2(NoUpdateAssetOptions)
Asset Pipeline Refresh (id=b2fbf9289eacc7e54a125a3544d406f2): Total: 0.001 seconds - Initiated by StopAssetImportingV2(NoUpdateAssetOptions)
Unloading 0 Unused Serialized files (Serialized files now loaded: 0)
Unloading 24 unused Assets / (17.7 KB). Loaded Objects now: 6847.
Memory consumption went from 328.8 MB to 328.8 MB.
Total: 10.038001 ms (FindLiveObjects: 0.318645 ms CreateObjectMapping: 0.227364 ms MarkObjects: 9.415038 ms  DeleteObjects: 0.075943 ms)

Refreshing native plugins compatible for Editor in 0.18 ms, found 1 plugins.
Preloading 0 native plugins for Editor in 0.00 ms.
Asset Pipeline Refresh (id=469c970500a6ae8e8bed83296dbaf1fb): Total: 0.019 seconds - Initiated by StopAssetImportingV2(NoUpdateAssetOptions)
Refreshing native plugins compatible for Editor in 0.21 ms, found 1 plugins.
Preloading 0 native plugins for Editor in 0.00 ms.
Asset Pipeline Refresh (id=4fea304bbc8950dc7bcd5b9b275bc4e6): Total: 0.020 seconds - Initiated by StopAssetImportingV2(NoUpdateAssetOptions)
Opening scene 'Assets/Hollowmere/Regions/ThornwickVillage.unity'
Unloading 29 Unused Serialized files (Serialized files now loaded: 0)
Loaded scene 'Assets/Hollowmere/Regions/ThornwickVillage.unity'
	Deserialize:            9.296 ms
	Integration:            206.359 ms
	Integration of assets:  0.582 ms
	Thread Wait Time:       0.004 ms
	Total Operation Time:   216.241 ms
Unloading 5 unused Assets / (28.6 MB). Loaded Objects now: 7395.
Memory consumption went from 313.2 MB to 284.6 MB.
Total: 8.522685 ms (FindLiveObjects: 0.257858 ms CreateObjectMapping: 0.179035 ms MarkObjects: 8.051485 ms  DeleteObjects: 0.033707 ms)

Reloading assemblies for play mode.
Reloading assemblies after forced synchronous recompile.
Begin MonoManager ReloadAssembly
Symbol file LoadedFromMemory is not a mono symbol file
- Loaded All Assemblies, in  0.681 seconds
Refreshing native plugins compatible for Editor in 0.23 ms, found 1 plugins.
Native extension for LinuxStandalone target not found
Native extension for OSXStandalone target not found
Assembly reference Packages/com.unity.entities/Unity.Scenes.Editor/Internals/Properties/Unity.Properties.Internals.asmref has no target assembly definition
TypeManager.Initialize took: 124ms
Mono: successfully reloaded assembly
[MODES] ModeService[none].Initialize
[MODES] ModeService[none].LoadModes
- Finished resetting the current domain, in  1.363 seconds
Domain Reload Profiling: 2041ms
	BeginReloadAssembly (407ms)
		ExecutionOrderSort (0ms)
		DisableScriptedObjects (12ms)
		BackupInstance (0ms)
		ReleaseScriptingObjects (0ms)
		CreateAndSetChildDomain (241ms)
	RebuildCommonClasses (29ms)
	RebuildNativeTypeToScriptingClass (8ms)
	initialDomainReloadingComplete (23ms)
	LoadAllAssembliesAndSetupDomain (211ms)
		LoadAssemblies (81ms)
		RebuildTransferFunctionScriptingTraits (0ms)
		AnalyzeDomain (172ms)
			TypeCache.Refresh (6ms)
				TypeCache.ScanAssembly (0ms)
			BuildScriptInfoCaches (154ms)
			ResolveRequiredComponents (10ms)
	FinalizeReload (1364ms)
		ReleaseScriptCaches (0ms)
		RebuildScriptCaches (0ms)
		SetupLoadedEditorAssemblies (940ms)
			LogAssemblyErrors (0ms)
			InitializePlatformSupportModulesInManaged (80ms)
			SetLoadedEditorAssemblies (8ms)
			BeforeProcessingInitializeOnLoad (140ms)
			ProcessInitializeOnLoadAttributes (487ms)
			ProcessInitializeOnLoadMethodAttributes (221ms)
			AfterProcessingInitializeOnLoad (3ms)
			EditorAssembliesLoaded (0ms)
		ExecutionOrderSort2 (0ms)
		AwakeInstancesAfterBackupRestoration (24ms)
Asset Pipeline Refresh (id=66263ffc5f4e11855bd8ce37412dd9b5): Total: 2.161 seconds - Initiated by StopAssetImportingV2(ForceSynchronousImport | ForceDomainReload)
	Summary:
		Imports: total=0 (actual=0, local cache=0, cache server=0)
		Asset DB Process Time: managed=0 ms, native=1447 ms
		Asset DB Callback time: managed=20 ms, native=0 ms
		Scripting: domain reloads=1, domain reload time=690 ms, compile time=1 ms, other=0 ms
		Project Asset Count: scripts=1857, non-scripts=2661
		Asset File Changes: new=0, changed=0, moved=0, deleted=0
		Scan Filter Count: 0
	InvokeCustomDependenciesCallbacks: 0.002ms
	InvokePackagesCallback: 2.235ms
	ApplyChangesToAssetFolders: 0.334ms
	Scan: 0.001ms
	OnSourceAssetsModified: 0.001ms
	CategorizeAssetsWithTransientArtifact: 0.002ms
	ProcessAssetsWithTransientArtifactChanges: 3.046ms
	CategorizeAssets: 46.656ms
	ImportOutOfDateAssets: 1369.320ms (1363.894ms without children)
		CompileScripts: 1.175ms
		CollectScriptTypesHashes: 2.313ms
		ReloadNativeAssets: 0.787ms
		UnloadImportedAssets: 0.051ms
		EnsureUptoDateAssetsAreRegisteredWithGuidPM: 0.677ms
		InitializingProgressBar: 0.000ms
		PostProcessAllAssetNotificationsAddChangedAssets: 0.000ms
		OnDemandSchedulerStart: 0.422ms
	PostProcessAllAssets: 20.500ms
	GatherAllCurrentPrimaryArtifactRevisions: 0.150ms
	UnloadStreamsBegin: 0.135ms
	PersistCurrentRevisions: 0.172ms
	UnloadStreamsEnd: 0.000ms
	GenerateScriptTypeHashes: 3.767ms
	Untracked: 718.103ms

Loaded scene 'Temp/__Backupscenes/0.backup'
	Deserialize:            7.574 ms
	Integration:            424.790 ms
	Integration of assets:  0.384 ms
	Thread Wait Time:       0.001 ms
	Total Operation Time:   432.750 ms
Unloading 228 Unused Serialized files (Serialized files now loaded: 0)
UnloadTime: 0.423120 ms
Loaded scene 'Assets/Hollowmere/Boot/Boot.unity'
	Deserialize:            32.988 ms
	Integration:            192.552 ms
	Integration of assets:  1.184 ms
	Thread Wait Time:       0.340 ms
	Total Operation Time:   227.064 ms
Refreshing native plugins compatible for Editor in 0.24 ms, found 1 plugins.
Preloading 0 native plugins for Editor in 0.00 ms.
Unloading 46 unused Assets / (282.2 KB). Loaded Objects now: 7609.
Memory consumption went from 428.7 MB to 428.4 MB.
Total: 15.852323 ms (FindLiveObjects: 0.273757 ms CreateObjectMapping: 0.232642 ms MarkObjects: 14.223519 ms  DeleteObjects: 1.121202 ms)

Loaded scene 'Assets/Hollowmere/Regions/ThornwickVillage.unity'
	Deserialize:            9.301 ms
	Integration:            3.775 ms
	Integration of assets:  0.433 ms
	Thread Wait Time:       2.028 ms
	Total Operation Time:   15.536 ms
[GameCore.Studio/engine] applied cs_01M4B4XFCW3QV6YBSYB11Z17B1 -> Applied (1 op(s), 52.6 ms)
UnityEngine.Debug:ExtractStackTraceNoAlloc (byte*,int,string)
UnityEngine.StackTraceUtility:ExtractStackTrace () (at ~/build/output/unity/unity/Runtime/Export/Scripting/StackTrace.cs:35)
UnityEngine.DebugLogHandler:Internal_Log (UnityEngine.LogType,UnityEngine.LogOption,string,UnityEngine.Object)
UnityEngine.DebugLogHandler:LogFormat (UnityEngine.LogType,UnityEngine.Object,string,object[])
UnityEngine.Logger:Log (UnityEngine.LogType,object)
UnityEngine.Debug:Log (object)
GameCore.Studio.Authoring.UnityStudioLog:Emit (GameCore.Studio.Authoring.StudioLogEntry) (at ~/wkspace/gc-studio/p4.2j/Packages/com.gamecore.studio.core/Runtime/Authoring/StudioLog.cs:205)
GameCore.Studio.Authoring.StudioLogBase:Write (GameCore.Studio.Authoring.StudioLogLevel,string,string,GameCore.Studio.Model.Diagnostic) (at ~/wkspace/gc-studio/p4.2j/Packages/com.gamecore.studio.core/Runtime/Authoring/StudioLog.cs:180)
GameCore.Studio.Edit.ChangeSetEngine:Finish (GameCore.Studio.Edit.StagedChangeSet,GameCore.Studio.Model.ChangeSet,System.Collections.Generic.List`1<GameCore.Studio.Model.Diagnostic>,bool,bool,System.Diagnostics.Stopwatch,System.Collections.Generic.IReadOnlyList`1<GameCore.Studio.Edit.OperationResult>) (at ~/wkspace/gc-studio/p4.2j/Packages/com.gamecore.studio.core/Editor/Engine/ChangeSetEngine.cs:1305)
GameCore.Studio.Edit.ChangeSetEngine:ApplyCore (GameCore.Studio.Edit.StagedChangeSet,System.Collections.Generic.IReadOnlyDictionary`2<string, Newtonsoft.Json.Linq.JObject>,bool,System.Action`1<GameCore.Studio.Model.ChangeSet>) (at ~/wkspace/gc-studio/p4.2j/Packages/com.gamecore.studio.core/Editor/Engine/ChangeSetEngine.cs:1058)
GameCore.Studio.Edit.ChangeSetEngine:Apply (GameCore.Studio.Edit.StagedChangeSet) (at ~/wkspace/gc-studio/p4.2j/Packages/com.gamecore.studio.core/Editor/Engine/ChangeSetEngine.cs:302)
GameCore.Studio.Edit.ChangeSetEngine:Apply (GameCore.Studio.Model.ChangeSet,GameCore.Studio.Edit.StageOptions) (at ~/wkspace/gc-studio/p4.2j/Packages/com.gamecore.studio.core/Editor/Engine/ChangeSetEngine.cs:272)
Hollowmere.R7_B.Promotion.RuntimeMoveAcceptance/<ExerciseRuntime>d__6:MoveNext () (at Assets/Hollowmere/Tests/R7_B/Promotion/RuntimeMoveAcceptance.cs:86)
UnityEngine.TestTools.TestEnumerator/<Execute>d__7:MoveNext () (at ./Library/PackageCache/com.unity.test-framework@bd52b1c23814/UnityEngine.TestRunner/NUnitExtensions/Attributes/TestEnumerator.cs:44)
UnityEngine.TestTools.EnumerableTestMethodCommand/<ExecuteEnumerableAndRecordExceptions>d__4:MoveNext () (at ./Library/PackageCache/com.unity.test-framework@bd52b1c23814/UnityEngine.TestRunner/NUnitExtensions/Commands/EnumerableTestMethodCommand.cs:79)
UnityEditor.TestTools.TestRunner.EditModeRunner:MoveNextAndUpdateYieldObject () (at ./Library/PackageCache/com.unity.test-framework@bd52b1c23814/UnityEditor.TestRunner/TestRunner/EditModeRunner.cs:167)
UnityEditor.TestTools.TestRunner.EditModeRunner:MoveNextAndUpdateYieldObject () (at ./Library/PackageCache/com.unity.test-framework@bd52b1c23814/UnityEditor.TestRunner/TestRunner/EditModeRunner.cs:195)
UnityEditor.TestTools.TestRunner.EditModeRunner:TestConsumer (UnityEditor.TestTools.TestRunner.TestRunnerStateSerializer) (at ./Library/PackageCache/com.unity.test-framework@bd52b1c23814/UnityEditor.TestRunner/TestRunner/EditModeRunner.cs:200)
UnityEditor.TestTools.TestRunner.TestRun.Tasks.EditModeRunTask/<Execute>d__1:MoveNext () (at ./Library/PackageCache/com.unity.test-framework@bd52b1c23814/UnityEditor.TestRunner/TestRun/Tasks/EditModeRunTask.cs:48)
UnityEditor.TestTools.TestRunner.TestRun.TestJobRunner:ExecuteStep () (at ./Library/PackageCache/com.unity.test-framework@bd52b1c23814/UnityEditor.TestRunner/TestRun/TestJobRunner.cs:173)
UnityEditor.TestTools.TestRunner.TestRun.TestJobRunner:ExecuteCallback () (at ./Library/PackageCache/com.unity.test-framework@bd52b1c23814/UnityEditor.TestRunner/TestRun/TestJobRunner.cs:108)
UnityEditor.EditorApplication:Internal_CallUpdateFunctions () (at ~/build/output/unity/unity/Editor/Mono/EditorApplication.cs:384)

(Filename: ~/wkspace/gc-studio/p4.2j/Packages/com.gamecore.studio.core/Runtime/Authoring/StudioLog.cs Line: 205)

Unloading 472 Unused Serialized files (Serialized files now loaded: 0)
Loaded scene 'Temp/__Backupscenes/0.backup'
	Deserialize:            1.740 ms
	Integration:            208.144 ms
	Integration of assets:  0.001 ms
	Thread Wait Time:       0.005 ms
	Total Operation Time:   209.890 ms
Unloading 211 unused Assets / (11.8 MB). Loaded Objects now: 7966.
Memory consumption went from 0.51 GB to 509.3 MB.
Total: 19.467125 ms (FindLiveObjects: 0.316448 ms CreateObjectMapping: 0.214723 ms MarkObjects: 18.583960 ms  DeleteObjects: 0.351075 ms)

Opening scene 'Assets/Hollowmere/Regions/ThornwickVillage.unity'
Unloading 0 Unused Serialized files (Serialized files now loaded: 0)
Loaded scene 'Assets/Hollowmere/Regions/ThornwickVillage.unity'
	Deserialize:            5.375 ms
	Integration:            178.924 ms
	Integration of assets:  0.002 ms
	Thread Wait Time:       0.003 ms
	Total Operation Time:   184.304 ms
Unloading 1 unused Assets / (0.5 KB). Loaded Objects now: 7967.
Memory consumption went from 348.7 MB to 348.7 MB.
Total: 17.822955 ms (FindLiveObjects: 0.287312 ms CreateObjectMapping: 0.193053 ms MarkObjects: 17.319947 ms  DeleteObjects: 0.021867 ms)

Asset Pipeline Refresh (id=4662e04b67e3d14bd9033349ec50ee62): Total: 0.002 seconds - Initiated by StopAssetImportingV2(NoUpdateAssetOptions)
[GameCore.Studio/engine] applied cs_01M4B4XG1ACVF0VEYSJMTRWK1Q -> Applied (1 op(s), 30.5 ms)
UnityEngine.Debug:ExtractStackTraceNoAlloc (byte*,int,string)
UnityEngine.StackTraceUtility:ExtractStackTrace () (at ~/build/output/unity/unity/Runtime/Export/Scripting/StackTrace.cs:35)
UnityEngine.DebugLogHandler:Internal_Log (UnityEngine.LogType,UnityEngine.LogOption,string,UnityEngine.Object)
UnityEngine.DebugLogHandler:LogFormat (UnityEngine.LogType,UnityEngine.Object,string,object[])
UnityEngine.Logger:Log (UnityEngine.LogType,object)
UnityEngine.Debug:Log (object)
GameCore.Studio.Authoring.UnityStudioLog:Emit (GameCore.Studio.Authoring.StudioLogEntry) (at ~/wkspace/gc-studio/p4.2j/Packages/com.gamecore.studio.core/Runtime/Authoring/StudioLog.cs:205)
GameCore.Studio.Authoring.StudioLogBase:Write (GameCore.Studio.Authoring.StudioLogLevel,string,string,GameCore.Studio.Model.Diagnostic) (at ~/wkspace/gc-studio/p4.2j/Packages/com.gamecore.studio.core/Runtime/Authoring/StudioLog.cs:180)
GameCore.Studio.Edit.ChangeSetEngine:Finish (GameCore.Studio.Edit.StagedChangeSet,GameCore.Studio.Model.ChangeSet,System.Collections.Generic.List`1<GameCore.Studio.Model.Diagnostic>,bool,bool,System.Diagnostics.Stopwatch,System.Collections.Generic.IReadOnlyList`1<GameCore.Studio.Edit.OperationResult>) (at ~/wkspace/gc-studio/p4.2j/Packages/com.gamecore.studio.core/Editor/Engine/ChangeSetEngine.cs:1305)
GameCore.Studio.Edit.ChangeSetEngine:ApplyCore (GameCore.Studio.Edit.StagedChangeSet,System.Collections.Generic.IReadOnlyDictionary`2<string, Newtonsoft.Json.Linq.JObject>,bool,System.Action`1<GameCore.Studio.Model.ChangeSet>) (at ~/wkspace/gc-studio/p4.2j/Packages/com.gamecore.studio.core/Editor/Engine/ChangeSetEngine.cs:1058)
GameCore.Studio.Edit.ChangeSetEngine:Apply (GameCore.Studio.Edit.StagedChangeSet) (at ~/wkspace/gc-studio/p4.2j/Packages/com.gamecore.studio.core/Editor/Engine/ChangeSetEngine.cs:302)
GameCore.Studio.Edit.ChangeSetEngine:Apply (GameCore.Studio.Model.ChangeSet,GameCore.Studio.Edit.StageOptions) (at ~/wkspace/gc-studio/p4.2j/Packages/com.gamecore.studio.core/Editor/Engine/ChangeSetEngine.cs:272)
GameCore.Studio.Edit.RuntimeMovePromotion:ApplyPending () (at ~/wkspace/gc-studio/p4.2j/Packages/com.gamecore.studio.core/Editor/Engine/RuntimeMovePromotion.cs:121)
Hollowmere.R7_B.Promotion.RuntimeMoveAcceptance:VerifyAuthored () (at Assets/Hollowmere/Tests/R7_B/Promotion/RuntimeMoveAcceptance.cs:127)
Hollowmere.R7_B.Promotion.RuntimeMoveAcceptance/<W_EDIT_06_RealRuntimeMoveCreatorPromotionExitPlayAndInverse>d__4:MoveNext () (at Assets/Hollowmere/Tests/R7_B/Promotion/RuntimeMoveAcceptance.cs:36)
UnityEngine.TestTools.TestEnumerator/<Execute>d__7:MoveNext () (at ./Library/PackageCache/com.unity.test-framework@bd52b1c23814/UnityEngine.TestRunner/NUnitExtensions/Attributes/TestEnumerator.cs:44)
UnityEngine.TestTools.EnumerableTestMethodCommand/<ExecuteEnumerableAndRecordExceptions>d__4:MoveNext () (at ./Library/PackageCache/com.unity.test-framework@bd52b1c23814/UnityEngine.TestRunner/NUnitExtensions/Commands/EnumerableTestMethodCommand.cs:79)
UnityEngine.TestTools.EnumerableTestMethodCommand:AdvanceEnumerator (System.Collections.IEnumerator) (at ./Library/PackageCache/com.unity.test-framework@bd52b1c23814/UnityEngine.TestRunner/NUnitExtensions/Commands/EnumerableTestMethodCommand.cs:64)
UnityEngine.TestTools.EnumerableTestMethodCommand/<ExecuteEnumerable>d__2:MoveNext () (at ./Library/PackageCache/com.unity.test-framework@bd52b1c23814/UnityEngine.TestRunner/NUnitExtensions/Commands/EnumerableTestMethodCommand.cs:47)
UnityEngine.TestRunner.NUnitExtensions.Runner.UnityLogCheckDelegatingCommand/<ExecuteEnumerable>d__3:MoveNext () (at ./Library/PackageCache/com.unity.test-framework@bd52b1c23814/UnityEngine.TestRunner/NUnitExtensions/Runner/UnityLogCheckDelegatingCommand.cs:48)
UnityEngine.TestTools.BeforeAfterTestCommandBase`1/<ExecuteEnumerable>d__16<NUnit.Framework.ITestAction>:MoveNext () (at ./Library/PackageCache/com.unity.test-framework@bd52b1c23814/UnityEngine.TestRunner/NUnitExtensions/Commands/BeforeAfterTestCommandBase.cs:212)
UnityEngine.TestTools.BeforeAfterTestCommandBase`1/<ExecuteEnumerable>d__16<System.Reflection.MethodInfo>:MoveNext () (at ./Library/PackageCache/com.unity.test-framework@bd52b1c23814/UnityEngine.TestRunner/NUnitExtensions/Commands/BeforeAfterTestCommandBase.cs:212)
UnityEngine.TestTools.BeforeAfterTestCommandBase`1/<ExecuteEnumerable>d__16<System.Reflection.MethodInfo>:MoveNext () (at ./Library/PackageCache/com.unity.test-framework@bd52b1c23814/UnityEngine.TestRunner/NUnitExtensions/Commands/BeforeAfterTestCommandBase.cs:212)
UnityEngine.TestTools.BeforeAfterTestCommandBase`1/<ExecuteEnumerable>d__16<UnityEngine.TestTools.IOuterUnityTestAction>:MoveNext () (at ./Library/PackageCache/com.unity.test-framework@bd52b1c23814/UnityEngine.TestRunner/NUnitExtensions/Commands/BeforeAfterTestCommandBase.cs:212)
UnityEngine.TestTools.RetryCommand/<ExecuteEnumerable>d__2:MoveNext () (at ./Library/PackageCache/com.unity.test-framework@bd52b1c23814/UnityEngine.TestRunner/NUnitExtensions/Commands/RetryCommand.cs:37)
UnityEngine.TestTools.RepeatCommand/<ExecuteEnumerable>d__2:MoveNext () (at ./Library/PackageCache/com.unity.test-framework@bd52b1c23814/UnityEngine.TestRunner/NUnitExtensions/Commands/RepeatCommand.cs:36)
UnityEngine.TestTools.IgnoreTestCommand/<ExecuteEnumerable>d__3:MoveNext () (at ./Library/PackageCache/com.unity.test-framework@bd52b1c23814/UnityEngine.TestRunner/NUnitExtensions/Commands/IgnoreTestCommand.cs:42)
UnityEngine.TestTools.StrictCheckCommand/<ExecuteEnumerable>d__2:MoveNext () (at ./Library/PackageCache/com.unity.test-framework@bd52b1c23814/UnityEngine.TestRunner/NUnitExtensions/Commands/StrictCheckCommand.cs:29)
UnityEditor.TestTools.TestRunner.EditorEnumeratorTestWorkItem/<PerformWork>d__3:MoveNext () (at ./Library/PackageCache/com.unity.test-framework@bd52b1c23814/UnityEditor.TestRunner/TestRunner/EditorEnumeratorTestWorkItem.cs:97)
UnityEngine.TestRunner.NUnitExtensions.Runner.CompositeWorkItem/<RunChildren>d__17:MoveNext () (at ./Library/PackageCache/com.unity.test-framework@bd52b1c23814/UnityEngine.TestRunner/NUnitExtensions/Runner/CompositeWorkItem.cs:207)
UnityEngine.TestRunner.NUnitExtensions.Runner.CompositeWorkItem/<PerformWork>d__13:MoveNext () (at ./Library/PackageCache/com.unity.test-framework@bd52b1c23814/UnityEngine.TestRunner/NUnitExtensions/Runner/CompositeWorkItem.cs:82)
UnityEngine.TestRunner.NUnitExtensions.Runner.CompositeWorkItem/<RunChildren>d__17:MoveNext () (at ./Library/PackageCache/com.unity.test-framework@bd52b1c23814/UnityEngine.TestRunner/NUnitExtensions/Runner/CompositeWorkItem.cs:207)
UnityEngine.TestRunner.NUnitExtensions.Runner.CompositeWorkItem/<PerformWork>d__13:MoveNext () (at ./Library/PackageCache/com.unity.test-framework@bd52b1c23814/UnityEngine.TestRunner/NUnitExtensions/Runner/CompositeWorkItem.cs:82)
UnityEngine.TestRunner.NUnitExtensions.Runner.CompositeWorkItem/<RunChildren>d__17:MoveNext () (at ./Library/PackageCache/com.unity.test-framework@bd52b1c23814/UnityEngine.TestRunner/NUnitExtensions/Runner/CompositeWorkItem.cs:207)
UnityEngine.TestRunner.NUnitExtensions.Runner.CompositeWorkItem/<PerformWork>d__13:MoveNext () (at ./Library/PackageCache/com.unity.test-framework@bd52b1c23814/UnityEngine.TestRunner/NUnitExtensions/Runner/CompositeWorkItem.cs:82)
UnityEngine.TestRunner.NUnitExtensions.Runner.CompositeWorkItem/<RunChildren>d__17:MoveNext () (at ./Library/PackageCache/com.unity.test-framework@bd52b1c23814/UnityEngine.TestRunner/NUnitExtensions/Runner/CompositeWorkItem.cs:207)
UnityEngine.TestRunner.NUnitExtensions.Runner.CompositeWorkItem/<PerformWork>d__13:MoveNext () (at ./Library/PackageCache/com.unity.test-framework@bd52b1c23814/UnityEngine.TestRunner/NUnitExtensions/Runner/CompositeWorkItem.cs:82)
UnityEngine.TestRunner.NUnitExtensions.Runner.CompositeWorkItem/<RunChildren>d__17:MoveNext () (at ./Library/PackageCache/com.unity.test-framework@bd52b1c23814/UnityEngine.TestRunner/NUnitExtensions/Runner/CompositeWorkItem.cs:207)
UnityEngine.TestRunner.NUnitExtensions.Runner.CompositeWorkItem/<PerformWork>d__13:MoveNext () (at ./Library/PackageCache/com.unity.test-framework@bd52b1c23814/UnityEngine.TestRunner/NUnitExtensions/Runner/CompositeWorkItem.cs:82)
UnityEngine.TestRunner.NUnitExtensions.Runner.CompositeWorkItem/<RunChildren>d__17:MoveNext () (at ./Library/PackageCache/com.unity.test-framework@bd52b1c23814/UnityEngine.TestRunner/NUnitExtensions/Runner/CompositeWorkItem.cs:207)
UnityEngine.TestRunner.NUnitExtensions.Runner.CompositeWorkItem/<PerformWork>d__13:MoveNext () (at ./Library/PackageCache/com.unity.test-framework@bd52b1c23814/UnityEngine.TestRunner/NUnitExtensions/Runner/CompositeWorkItem.cs:82)
UnityEditor.TestTools.TestRunner.EditModeRunner:MoveNextAndUpdateYieldObject () (at ./Library/PackageCache/com.unity.test-framework@bd52b1c23814/UnityEditor.TestRunner/TestRunner/EditModeRunner.cs:167)
UnityEditor.TestTools.TestRunner.EditModeRunner:TestConsumer (UnityEditor.TestTools.TestRunner.TestRunnerStateSerializer) (at ./Library/PackageCache/com.unity.test-framework@bd52b1c23814/UnityEditor.TestRunner/TestRunner/EditModeRunner.cs:200)
UnityEditor.TestTools.TestRunner.TestRun.Tasks.EditModeRunTask/<Execute>d__1:MoveNext () (at ./Library/PackageCache/com.unity.test-framework@bd52b1c23814/UnityEditor.TestRunner/TestRun/Tasks/EditModeRunTask.cs:48)
UnityEditor.TestTools.TestRunner.TestRun.TestJobRunner:ExecuteStep () (at ./Library/PackageCache/com.unity.test-framework@bd52b1c23814/UnityEditor.TestRunner/TestRun/TestJobRunner.cs:173)
UnityEditor.TestTools.TestRunner.TestRun.TestJobRunner:ExecuteCallback () (at ./Library/PackageCache/com.unity.test-framework@bd52b1c23814/UnityEditor.TestRunner/TestRun/TestJobRunner.cs:108)
UnityEditor.EditorApplication:Internal_CallUpdateFunctions () (at ~/build/output/unity/unity/Editor/Mono/EditorApplication.cs:384)

(Filename: ~/wkspace/gc-studio/p4.2j/Packages/com.gamecore.studio.core/Runtime/Authoring/StudioLog.cs Line: 205)

Start importing Assets/Hollowmere/Regions/ThornwickVillage.unity using Guid(6cba302899c45bb919b097ade959283c) (DefaultImporter) -> (artifact id: '781721eaca3f172aef6db8da3cfd609d') in 0.003365983 seconds
Refreshing native plugins compatible for Editor in 0.23 ms, found 1 plugins.
Preloading 0 native plugins for Editor in 0.00 ms.
Asset Pipeline Refresh (id=e7d1daccf1dd337b7b1fe63c6943d9da): Total: 0.069 seconds - Initiated by StopAssetImportingV2(NoUpdateAssetOptions)
Opening scene 'Assets/Hollowmere/Regions/ThornwickVillage.unity'
Unloading 12 Unused Serialized files (Serialized files now loaded: 0)
Loaded scene 'Assets/Hollowmere/Regions/ThornwickVillage.unity'
	Deserialize:            3.313 ms
	Integration:            173.964 ms
	Integration of assets:  0.001 ms
	Thread Wait Time:       0.003 ms
	Total Operation Time:   177.281 ms
Unloading 223 unused Assets / (64.5 MB). Loaded Objects now: 7975.
Memory consumption went from 509.7 MB to 445.2 MB.
Total: 23.196956 ms (FindLiveObjects: 0.313880 ms CreateObjectMapping: 0.223783 ms MarkObjects: 21.907304 ms  DeleteObjects: 0.750902 ms)

[GameCore.Studio/engine] Target scope inferred as Instance from the tool/type intersection. (ScopeInferred: Target scope inferred as Instance from the tool/type intersection. @ op u1)
UnityEngine.Debug:ExtractStackTraceNoAlloc (byte*,int,string)
UnityEngine.StackTraceUtility:ExtractStackTrace () (at ~/build/output/unity/unity/Runtime/Export/Scripting/StackTrace.cs:35)
UnityEngine.DebugLogHandler:Internal_Log (UnityEngine.LogType,UnityEngine.LogOption,string,UnityEngine.Object)
UnityEngine.DebugLogHandler:LogFormat (UnityEngine.LogType,UnityEngine.Object,string,object[])
UnityEngine.Logger:Log (UnityEngine.LogType,object)
UnityEngine.Debug:Log (object)
GameCore.Studio.Authoring.UnityStudioLog:Emit (GameCore.Studio.Authoring.StudioLogEntry) (at ~/wkspace/gc-studio/p4.2j/Packages/com.gamecore.studio.core/Runtime/Authoring/StudioLog.cs:205)
GameCore.Studio.Authoring.StudioLogBase:Write (GameCore.Studio.Authoring.StudioLogLevel,string,string,GameCore.Studio.Model.Diagnostic) (at ~/wkspace/gc-studio/p4.2j/Packages/com.gamecore.studio.core/Runtime/Authoring/StudioLog.cs:180)
GameCore.Studio.Edit.ChangeSetEngine:StageCore (GameCore.Studio.Model.ChangeSet,GameCore.Studio.Edit.StageOptions,bool,bool) (at ~/wkspace/gc-studio/p4.2j/Packages/com.gamecore.studio.core/Editor/Engine/ChangeSetEngine.cs:373)
GameCore.Studio.Edit.ChangeSetEngine:ApplyForHistory (GameCore.Studio.Model.ChangeSet,System.Collections.Generic.IReadOnlyDictionary`2<string, Newtonsoft.Json.Linq.JObject>,bool,System.Action`1<GameCore.Studio.Model.ChangeSet>) (at ~/wkspace/gc-studio/p4.2j/Packages/com.gamecore.studio.core/Editor/Engine/ChangeSetEngine.cs:330)
GameCore.Studio.Edit.HistoryService:Transition (GameCore.Studio.Model.ChangeSet,GameCore.Studio.Model.ChangeSet,string,System.Collections.Generic.IReadOnlyDictionary`2<string, Newtonsoft.Json.Linq.JObject>,bool) (at ~/wkspace/gc-studio/p4.2j/Packages/com.gamecore.studio.core/Editor/Journal/HistoryService.cs:120)
GameCore.Studio.Edit.HistoryService:Undo (string,bool) (at ~/wkspace/gc-studio/p4.2j/Packages/com.gamecore.studio.core/Editor/Journal/HistoryService.cs:212)
Hollowmere.R7_B.Promotion.RuntimeMoveAcceptance:VerifyAuthored () (at Assets/Hollowmere/Tests/R7_B/Promotion/RuntimeMoveAcceptance.cs:137)
Hollowmere.R7_B.Promotion.RuntimeMoveAcceptance/<W_EDIT_06_RealRuntimeMoveCreatorPromotionExitPlayAndInverse>d__4:MoveNext () (at Assets/Hollowmere/Tests/R7_B/Promotion/RuntimeMoveAcceptance.cs:36)
UnityEngine.TestTools.TestEnumerator/<Execute>d__7:MoveNext () (at ./Library/PackageCache/com.unity.test-framework@bd52b1c23814/UnityEngine.TestRunner/NUnitExtensions/Attributes/TestEnumerator.cs:44)
UnityEngine.TestTools.EnumerableTestMethodCommand/<ExecuteEnumerableAndRecordExceptions>d__4:MoveNext () (at ./Library/PackageCache/com.unity.test-framework@bd52b1c23814/UnityEngine.TestRunner/NUnitExtensions/Commands/EnumerableTestMethodCommand.cs:79)
UnityEngine.TestTools.EnumerableTestMethodCommand:AdvanceEnumerator (System.Collections.IEnumerator) (at ./Library/PackageCache/com.unity.test-framework@bd52b1c23814/UnityEngine.TestRunner/NUnitExtensions/Commands/EnumerableTestMethodCommand.cs:64)
UnityEngine.TestTools.EnumerableTestMethodCommand/<ExecuteEnumerable>d__2:MoveNext () (at ./Library/PackageCache/com.unity.test-framework@bd52b1c23814/UnityEngine.TestRunner/NUnitExtensions/Commands/EnumerableTestMethodCommand.cs:47)
UnityEngine.TestRunner.NUnitExtensions.Runner.UnityLogCheckDelegatingCommand/<ExecuteEnumerable>d__3:MoveNext () (at ./Library/PackageCache/com.unity.test-framework@bd52b1c23814/UnityEngine.TestRunner/NUnitExtensions/Runner/UnityLogCheckDelegatingCommand.cs:48)
UnityEngine.TestTools.BeforeAfterTestCommandBase`1/<ExecuteEnumerable>d__16<NUnit.Framework.ITestAction>:MoveNext () (at ./Library/PackageCache/com.unity.test-framework@bd52b1c23814/UnityEngine.TestRunner/NUnitExtensions/Commands/BeforeAfterTestCommandBase.cs:212)
UnityEngine.TestTools.BeforeAfterTestCommandBase`1/<ExecuteEnumerable>d__16<System.Reflection.MethodInfo>:MoveNext () (at ./Library/PackageCache/com.unity.test-framework@bd52b1c23814/UnityEngine.TestRunner/NUnitExtensions/Commands/BeforeAfterTestCommandBase.cs:212)
UnityEngine.TestTools.BeforeAfterTestCommandBase`1/<ExecuteEnumerable>d__16<System.Reflection.MethodInfo>:MoveNext () (at ./Library/PackageCache/com.unity.test-framework@bd52b1c23814/UnityEngine.TestRunner/NUnitExtensions/Commands/BeforeAfterTestCommandBase.cs:212)
UnityEngine.TestTools.BeforeAfterTestCommandBase`1/<ExecuteEnumerable>d__16<UnityEngine.TestTools.IOuterUnityTestAction>:MoveNext () (at ./Library/PackageCache/com.unity.test-framework@bd52b1c23814/UnityEngine.TestRunner/NUnitExtensions/Commands/BeforeAfterTestCommandBase.cs:212)
UnityEngine.TestTools.RetryCommand/<ExecuteEnumerable>d__2:MoveNext () (at ./Library/PackageCache/com.unity.test-framework@bd52b1c23814/UnityEngine.TestRunner/NUnitExtensions/Commands/RetryCommand.cs:37)
UnityEngine.TestTools.RepeatCommand/<ExecuteEnumerable>d__2:MoveNext () (at ./Library/PackageCache/com.unity.test-framework@bd52b1c23814/UnityEngine.TestRunner/NUnitExtensions/Commands/RepeatCommand.cs:36)
UnityEngine.TestTools.IgnoreTestCommand/<ExecuteEnumerable>d__3:MoveNext () (at ./Library/PackageCache/com.unity.test-framework@bd52b1c23814/UnityEngine.TestRunner/NUnitExtensions/Commands/IgnoreTestCommand.cs:42)
UnityEngine.TestTools.StrictCheckCommand/<ExecuteEnumerable>d__2:MoveNext () (at ./Library/PackageCache/com.unity.test-framework@bd52b1c23814/UnityEngine.TestRunner/NUnitExtensions/Commands/StrictCheckCommand.cs:29)
UnityEditor.TestTools.TestRunner.EditorEnumeratorTestWorkItem/<PerformWork>d__3:MoveNext () (at ./Library/PackageCache/com.unity.test-framework@bd52b1c23814/UnityEditor.TestRunner/TestRunner/EditorEnumeratorTestWorkItem.cs:97)
UnityEngine.TestRunner.NUnitExtensions.Runner.CompositeWorkItem/<RunChildren>d__17:MoveNext () (at ./Library/PackageCache/com.unity.test-framework@bd52b1c23814/UnityEngine.TestRunner/NUnitExtensions/Runner/CompositeWorkItem.cs:207)
UnityEngine.TestRunner.NUnitExtensions.Runner.CompositeWorkItem/<PerformWork>d__13:MoveNext () (at ./Library/PackageCache/com.unity.test-framework@bd52b1c23814/UnityEngine.TestRunner/NUnitExtensions/Runner/CompositeWorkItem.cs:82)
UnityEngine.TestRunner.NUnitExtensions.Runner.CompositeWorkItem/<RunChildren>d__17:MoveNext () (at ./Library/PackageCache/com.unity.test-framework@bd52b1c23814/UnityEngine.TestRunner/NUnitExtensions/Runner/CompositeWorkItem.cs:207)
UnityEngine.TestRunner.NUnitExtensions.Runner.CompositeWorkItem/<PerformWork>d__13:MoveNext () (at ./Library/PackageCache/com.unity.test-framework@bd52b1c23814/UnityEngine.TestRunner/NUnitExtensions/Runner/CompositeWorkItem.cs:82)
UnityEngine.TestRunner.NUnitExtensions.Runner.CompositeWorkItem/<RunChildren>d__17:MoveNext () (at ./Library/PackageCache/com.unity.test-framework@bd52b1c23814/UnityEngine.TestRunner/NUnitExtensions/Runner/CompositeWorkItem.cs:207)
UnityEngine.TestRunner.NUnitExtensions.Runner.CompositeWorkItem/<PerformWork>d__13:MoveNext () (at ./Library/PackageCache/com.unity.test-framework@bd52b1c23814/UnityEngine.TestRunner/NUnitExtensions/Runner/CompositeWorkItem.cs:82)
UnityEngine.TestRunner.NUnitExtensions.Runner.CompositeWorkItem/<RunChildren>d__17:MoveNext () (at ./Library/PackageCache/com.unity.test-framework@bd52b1c23814/UnityEngine.TestRunner/NUnitExtensions/Runner/CompositeWorkItem.cs:207)
UnityEngine.TestRunner.NUnitExtensions.Runner.CompositeWorkItem/<PerformWork>d__13:MoveNext () (at ./Library/PackageCache/com.unity.test-framework@bd52b1c23814/UnityEngine.TestRunner/NUnitExtensions/Runner/CompositeWorkItem.cs:82)
UnityEngine.TestRunner.NUnitExtensions.Runner.CompositeWorkItem/<RunChildren>d__17:MoveNext () (at ./Library/PackageCache/com.unity.test-framework@bd52b1c23814/UnityEngine.TestRunner/NUnitExtensions/Runner/CompositeWorkItem.cs:207)
UnityEngine.TestRunner.NUnitExtensions.Runner.CompositeWorkItem/<PerformWork>d__13:MoveNext () (at ./Library/PackageCache/com.unity.test-framework@bd52b1c23814/UnityEngine.TestRunner/NUnitExtensions/Runner/CompositeWorkItem.cs:82)
UnityEngine.TestRunner.NUnitExtensions.Runner.CompositeWorkItem/<RunChildren>d__17:MoveNext () (at ./Library/PackageCache/com.unity.test-framework@bd52b1c23814/UnityEngine.TestRunner/NUnitExtensions/Runner/CompositeWorkItem.cs:207)
UnityEngine.TestRunner.NUnitExtensions.Runner.CompositeWorkItem/<PerformWork>d__13:MoveNext () (at ./Library/PackageCache/com.unity.test-framework@bd52b1c23814/UnityEngine.TestRunner/NUnitExtensions/Runner/CompositeWorkItem.cs:82)
UnityEditor.TestTools.TestRunner.EditModeRunner:MoveNextAndUpdateYieldObject () (at ./Library/PackageCache/com.unity.test-framework@bd52b1c23814/UnityEditor.TestRunner/TestRunner/EditModeRunner.cs:167)
UnityEditor.TestTools.TestRunner.EditModeRunner:TestConsumer (UnityEditor.TestTools.TestRunner.TestRunnerStateSerializer) (at ./Library/PackageCache/com.unity.test-framework@bd52b1c23814/UnityEditor.TestRunner/TestRunner/EditModeRunner.cs:200)
UnityEditor.TestTools.TestRunner.TestRun.Tasks.EditModeRunTask/<Execute>d__1:MoveNext () (at ./Library/PackageCache/com.unity.test-framework@bd52b1c23814/UnityEditor.TestRunner/TestRun/Tasks/EditModeRunTask.cs:48)
UnityEditor.TestTools.TestRunner.TestRun.TestJobRunner:ExecuteStep () (at ./Library/PackageCache/com.unity.test-framework@bd52b1c23814/UnityEditor.TestRunner/TestRun/TestJobRunner.cs:173)
UnityEditor.TestTools.TestRunner.TestRun.TestJobRunner:ExecuteCallback () (at ./Library/PackageCache/com.unity.test-framework@bd52b1c23814/UnityEditor.TestRunner/TestRun/TestJobRunner.cs:108)
UnityEditor.EditorApplication:Internal_CallUpdateFunctions () (at ~/build/output/unity/unity/Editor/Mono/EditorApplication.cs:384)

(Filename: ~/wkspace/gc-studio/p4.2j/Packages/com.gamecore.studio.core/Runtime/Authoring/StudioLog.cs Line: 205)

Asset Pipeline Refresh (id=42fc5d137b6a886d4aea3f6792ad98f7): Total: 0.002 seconds - Initiated by StopAssetImportingV2(NoUpdateAssetOptions)
[GameCore.Studio/engine] history apply cs_01M4B4XHV6Z2C225ZG0QRHJYGB -> Applied (1 op(s), 30.9 ms)
UnityEngine.Debug:ExtractStackTraceNoAlloc (byte*,int,string)
UnityEngine.StackTraceUtility:ExtractStackTrace () (at ~/build/output/unity/unity/Runtime/Export/Scripting/StackTrace.cs:35)
UnityEngine.DebugLogHandler:Internal_Log (UnityEngine.LogType,UnityEngine.LogOption,string,UnityEngine.Object)
UnityEngine.DebugLogHandler:LogFormat (UnityEngine.LogType,UnityEngine.Object,string,object[])
UnityEngine.Logger:Log (UnityEngine.LogType,object)
UnityEngine.Debug:Log (object)
GameCore.Studio.Authoring.UnityStudioLog:Emit (GameCore.Studio.Authoring.StudioLogEntry) (at ~/wkspace/gc-studio/p4.2j/Packages/com.gamecore.studio.core/Runtime/Authoring/StudioLog.cs:205)
GameCore.Studio.Authoring.StudioLogBase:Write (GameCore.Studio.Authoring.StudioLogLevel,string,string,GameCore.Studio.Model.Diagnostic) (at ~/wkspace/gc-studio/p4.2j/Packages/com.gamecore.studio.core/Runtime/Authoring/StudioLog.cs:180)
GameCore.Studio.Edit.ChangeSetEngine:Finish (GameCore.Studio.Edit.StagedChangeSet,GameCore.Studio.Model.ChangeSet,System.Collections.Generic.List`1<GameCore.Studio.Model.Diagnostic>,bool,bool,System.Diagnostics.Stopwatch,System.Collections.Generic.IReadOnlyList`1<GameCore.Studio.Edit.OperationResult>) (at ~/wkspace/gc-studio/p4.2j/Packages/com.gamecore.studio.core/Editor/Engine/ChangeSetEngine.cs:1305)
GameCore.Studio.Edit.ChangeSetEngine:ApplyCore (GameCore.Studio.Edit.StagedChangeSet,System.Collections.Generic.IReadOnlyDictionary`2<string, Newtonsoft.Json.Linq.JObject>,bool,System.Action`1<GameCore.Studio.Model.ChangeSet>) (at ~/wkspace/gc-studio/p4.2j/Packages/com.gamecore.studio.core/Editor/Engine/ChangeSetEngine.cs:1058)
GameCore.Studio.Edit.ChangeSetEngine:ApplyForHistory (GameCore.Studio.Model.ChangeSet,System.Collections.Generic.IReadOnlyDictionary`2<string, Newtonsoft.Json.Linq.JObject>,bool,System.Action`1<GameCore.Studio.Model.ChangeSet>) (at ~/wkspace/gc-studio/p4.2j/Packages/com.gamecore.studio.core/Editor/Engine/ChangeSetEngine.cs:339)
GameCore.Studio.Edit.HistoryService:Transition (GameCore.Studio.Model.ChangeSet,GameCore.Studio.Model.ChangeSet,string,System.Collections.Generic.IReadOnlyDictionary`2<string, Newtonsoft.Json.Linq.JObject>,bool) (at ~/wkspace/gc-studio/p4.2j/Packages/com.gamecore.studio.core/Editor/Journal/HistoryService.cs:120)
GameCore.Studio.Edit.HistoryService:Undo (string,bool) (at ~/wkspace/gc-studio/p4.2j/Packages/com.gamecore.studio.core/Editor/Journal/HistoryService.cs:212)
Hollowmere.R7_B.Promotion.RuntimeMoveAcceptance:VerifyAuthored () (at Assets/Hollowmere/Tests/R7_B/Promotion/RuntimeMoveAcceptance.cs:137)
Hollowmere.R7_B.Promotion.RuntimeMoveAcceptance/<W_EDIT_06_RealRuntimeMoveCreatorPromotionExitPlayAndInverse>d__4:MoveNext () (at Assets/Hollowmere/Tests/R7_B/Promotion/RuntimeMoveAcceptance.cs:36)
UnityEngine.TestTools.TestEnumerator/<Execute>d__7:MoveNext () (at ./Library/PackageCache/com.unity.test-framework@bd52b1c23814/UnityEngine.TestRunner/NUnitExtensions/Attributes/TestEnumerator.cs:44)
UnityEngine.TestTools.EnumerableTestMethodCommand/<ExecuteEnumerableAndRecordExceptions>d__4:MoveNext () (at ./Library/PackageCache/com.unity.test-framework@bd52b1c23814/UnityEngine.TestRunner/NUnitExtensions/Commands/EnumerableTestMethodCommand.cs:79)
UnityEngine.TestTools.EnumerableTestMethodCommand:AdvanceEnumerator (System.Collections.IEnumerator) (at ./Library/PackageCache/com.unity.test-framework@bd52b1c23814/UnityEngine.TestRunner/NUnitExtensions/Commands/EnumerableTestMethodCommand.cs:64)
UnityEngine.TestTools.EnumerableTestMethodCommand/<ExecuteEnumerable>d__2:MoveNext () (at ./Library/PackageCache/com.unity.test-framework@bd52b1c23814/UnityEngine.TestRunner/NUnitExtensions/Commands/EnumerableTestMethodCommand.cs:47)
UnityEngine.TestRunner.NUnitExtensions.Runner.UnityLogCheckDelegatingCommand/<ExecuteEnumerable>d__3:MoveNext () (at ./Library/PackageCache/com.unity.test-framework@bd52b1c23814/UnityEngine.TestRunner/NUnitExtensions/Runner/UnityLogCheckDelegatingCommand.cs:48)
UnityEngine.TestTools.BeforeAfterTestCommandBase`1/<ExecuteEnumerable>d__16<NUnit.Framework.ITestAction>:MoveNext () (at ./Library/PackageCache/com.unity.test-framework@bd52b1c23814/UnityEngine.TestRunner/NUnitExtensions/Commands/BeforeAfterTestCommandBase.cs:212)
UnityEngine.TestTools.BeforeAfterTestCommandBase`1/<ExecuteEnumerable>d__16<System.Reflection.MethodInfo>:MoveNext () (at ./Library/PackageCache/com.unity.test-framework@bd52b1c23814/UnityEngine.TestRunner/NUnitExtensions/Commands/BeforeAfterTestCommandBase.cs:212)
UnityEngine.TestTools.BeforeAfterTestCommandBase`1/<ExecuteEnumerable>d__16<System.Reflection.MethodInfo>:MoveNext () (at ./Library/PackageCache/com.unity.test-framework@bd52b1c23814/UnityEngine.TestRunner/NUnitExtensions/Commands/BeforeAfterTestCommandBase.cs:212)
UnityEngine.TestTools.BeforeAfterTestCommandBase`1/<ExecuteEnumerable>d__16<UnityEngine.TestTools.IOuterUnityTestAction>:MoveNext () (at ./Library/PackageCache/com.unity.test-framework@bd52b1c23814/UnityEngine.TestRunner/NUnitExtensions/Commands/BeforeAfterTestCommandBase.cs:212)
UnityEngine.TestTools.RetryCommand/<ExecuteEnumerable>d__2:MoveNext () (at ./Library/PackageCache/com.unity.test-framework@bd52b1c23814/UnityEngine.TestRunner/NUnitExtensions/Commands/RetryCommand.cs:37)
UnityEngine.TestTools.RepeatCommand/<ExecuteEnumerable>d__2:MoveNext () (at ./Library/PackageCache/com.unity.test-framework@bd52b1c23814/UnityEngine.TestRunner/NUnitExtensions/Commands/RepeatCommand.cs:36)
UnityEngine.TestTools.IgnoreTestCommand/<ExecuteEnumerable>d__3:MoveNext () (at ./Library/PackageCache/com.unity.test-framework@bd52b1c23814/UnityEngine.TestRunner/NUnitExtensions/Commands/IgnoreTestCommand.cs:42)
UnityEngine.TestTools.StrictCheckCommand/<ExecuteEnumerable>d__2:MoveNext () (at ./Library/PackageCache/com.unity.test-framework@bd52b1c23814/UnityEngine.TestRunner/NUnitExtensions/Commands/StrictCheckCommand.cs:29)
UnityEditor.TestTools.TestRunner.EditorEnumeratorTestWorkItem/<PerformWork>d__3:MoveNext () (at ./Library/PackageCache/com.unity.test-framework@bd52b1c23814/UnityEditor.TestRunner/TestRunner/EditorEnumeratorTestWorkItem.cs:97)
UnityEngine.TestRunner.NUnitExtensions.Runner.CompositeWorkItem/<RunChildren>d__17:MoveNext () (at ./Library/PackageCache/com.unity.test-framework@bd52b1c23814/UnityEngine.TestRunner/NUnitExtensions/Runner/CompositeWorkItem.cs:207)
UnityEngine.TestRunner.NUnitExtensions.Runner.CompositeWorkItem/<PerformWork>d__13:MoveNext () (at ./Library/PackageCache/com.unity.test-framework@bd52b1c23814/UnityEngine.TestRunner/NUnitExtensions/Runner/CompositeWorkItem.cs:82)
UnityEngine.TestRunner.NUnitExtensions.Runner.CompositeWorkItem/<RunChildren>d__17:MoveNext () (at ./Library/PackageCache/com.unity.test-framework@bd52b1c23814/UnityEngine.TestRunner/NUnitExtensions/Runner/CompositeWorkItem.cs:207)
UnityEngine.TestRunner.NUnitExtensions.Runner.CompositeWorkItem/<PerformWork>d__13:MoveNext () (at ./Library/PackageCache/com.unity.test-framework@bd52b1c23814/UnityEngine.TestRunner/NUnitExtensions/Runner/CompositeWorkItem.cs:82)
UnityEngine.TestRunner.NUnitExtensions.Runner.CompositeWorkItem/<RunChildren>d__17:MoveNext () (at ./Library/PackageCache/com.unity.test-framework@bd52b1c23814/UnityEngine.TestRunner/NUnitExtensions/Runner/CompositeWorkItem.cs:207)
UnityEngine.TestRunner.NUnitExtensions.Runner.CompositeWorkItem/<PerformWork>d__13:MoveNext () (at ./Library/PackageCache/com.unity.test-framework@bd52b1c23814/UnityEngine.TestRunner/NUnitExtensions/Runner/CompositeWorkItem.cs:82)
UnityEngine.TestRunner.NUnitExtensions.Runner.CompositeWorkItem/<RunChildren>d__17:MoveNext () (at ./Library/PackageCache/com.unity.test-framework@bd52b1c23814/UnityEngine.TestRunner/NUnitExtensions/Runner/CompositeWorkItem.cs:207)
UnityEngine.TestRunner.NUnitExtensions.Runner.CompositeWorkItem/<PerformWork>d__13:MoveNext () (at ./Library/PackageCache/com.unity.test-framework@bd52b1c23814/UnityEngine.TestRunner/NUnitExtensions/Runner/CompositeWorkItem.cs:82)
UnityEngine.TestRunner.NUnitExtensions.Runner.CompositeWorkItem/<RunChildren>d__17:MoveNext () (at ./Library/PackageCache/com.unity.test-framework@bd52b1c23814/UnityEngine.TestRunner/NUnitExtensions/Runner/CompositeWorkItem.cs:207)
UnityEngine.TestRunner.NUnitExtensions.Runner.CompositeWorkItem/<PerformWork>d__13:MoveNext () (at ./Library/PackageCache/com.unity.test-framework@bd52b1c23814/UnityEngine.TestRunner/NUnitExtensions/Runner/CompositeWorkItem.cs:82)
UnityEngine.TestRunner.NUnitExtensions.Runner.CompositeWorkItem/<RunChildren>d__17:MoveNext () (at ./Library/PackageCache/com.unity.test-framework@bd52b1c23814/UnityEngine.TestRunner/NUnitExtensions/Runner/CompositeWorkItem.cs:207)
UnityEngine.TestRunner.NUnitExtensions.Runner.CompositeWorkItem/<PerformWork>d__13:MoveNext () (at ./Library/PackageCache/com.unity.test-framework@bd52b1c23814/UnityEngine.TestRunner/NUnitExtensions/Runner/CompositeWorkItem.cs:82)
UnityEditor.TestTools.TestRunner.EditModeRunner:MoveNextAndUpdateYieldObject () (at ./Library/PackageCache/com.unity.test-framework@bd52b1c23814/UnityEditor.TestRunner/TestRunner/EditModeRunner.cs:167)
UnityEditor.TestTools.TestRunner.EditModeRunner:TestConsumer (UnityEditor.TestTools.TestRunner.TestRunnerStateSerializer) (at ./Library/PackageCache/com.unity.test-framework@bd52b1c23814/UnityEditor.TestRunner/TestRunner/EditModeRunner.cs:200)
UnityEditor.TestTools.TestRunner.TestRun.Tasks.EditModeRunTask/<Execute>d__1:MoveNext () (at ./Library/PackageCache/com.unity.test-framework@bd52b1c23814/UnityEditor.TestRunner/TestRun/Tasks/EditModeRunTask.cs:48)
UnityEditor.TestTools.TestRunner.TestRun.TestJobRunner:ExecuteStep () (at ./Library/PackageCache/com.unity.test-framework@bd52b1c23814/UnityEditor.TestRunner/TestRun/TestJobRunner.cs:173)
UnityEditor.TestTools.TestRunner.TestRun.TestJobRunner:ExecuteCallback () (at ./Library/PackageCache/com.unity.test-framework@bd52b1c23814/UnityEditor.TestRunner/TestRun/TestJobRunner.cs:108)
UnityEditor.EditorApplication:Internal_CallUpdateFunctions () (at ~/build/output/unity/unity/Editor/Mono/EditorApplication.cs:384)

(Filename: ~/wkspace/gc-studio/p4.2j/Packages/com.gamecore.studio.core/Runtime/Authoring/StudioLog.cs Line: 205)

[GameCore.Studio/history] undid cs_01M4B4XG1ACVF0VEYSJMTRWK1Q (1 inverse op(s))
UnityEngine.Debug:ExtractStackTraceNoAlloc (byte*,int,string)
UnityEngine.StackTraceUtility:ExtractStackTrace () (at ~/build/output/unity/unity/Runtime/Export/Scripting/StackTrace.cs:35)
UnityEngine.DebugLogHandler:Internal_Log (UnityEngine.LogType,UnityEngine.LogOption,string,UnityEngine.Object)
UnityEngine.DebugLogHandler:LogFormat (UnityEngine.LogType,UnityEngine.Object,string,object[])
UnityEngine.Logger:Log (UnityEngine.LogType,object)
UnityEngine.Debug:Log (object)
GameCore.Studio.Authoring.UnityStudioLog:Emit (GameCore.Studio.Authoring.StudioLogEntry) (at ~/wkspace/gc-studio/p4.2j/Packages/com.gamecore.studio.core/Runtime/Authoring/StudioLog.cs:205)
GameCore.Studio.Authoring.StudioLogBase:Write (GameCore.Studio.Authoring.StudioLogLevel,string,string,GameCore.Studio.Model.Diagnostic) (at ~/wkspace/gc-studio/p4.2j/Packages/com.gamecore.studio.core/Runtime/Authoring/StudioLog.cs:180)
GameCore.Studio.Edit.HistoryService:Undo (string,bool) (at ~/wkspace/gc-studio/p4.2j/Packages/com.gamecore.studio.core/Editor/Journal/HistoryService.cs:224)
Hollowmere.R7_B.Promotion.RuntimeMoveAcceptance:VerifyAuthored () (at Assets/Hollowmere/Tests/R7_B/Promotion/RuntimeMoveAcceptance.cs:137)
Hollowmere.R7_B.Promotion.RuntimeMoveAcceptance/<W_EDIT_06_RealRuntimeMoveCreatorPromotionExitPlayAndInverse>d__4:MoveNext () (at Assets/Hollowmere/Tests/R7_B/Promotion/RuntimeMoveAcceptance.cs:36)
UnityEngine.TestTools.TestEnumerator/<Execute>d__7:MoveNext () (at ./Library/PackageCache/com.unity.test-framework@bd52b1c23814/UnityEngine.TestRunner/NUnitExtensions/Attributes/TestEnumerator.cs:44)
UnityEngine.TestTools.EnumerableTestMethodCommand/<ExecuteEnumerableAndRecordExceptions>d__4:MoveNext () (at ./Library/PackageCache/com.unity.test-framework@bd52b1c23814/UnityEngine.TestRunner/NUnitExtensions/Commands/EnumerableTestMethodCommand.cs:79)
UnityEngine.TestTools.EnumerableTestMethodCommand:AdvanceEnumerator (System.Collections.IEnumerator) (at ./Library/PackageCache/com.unity.test-framework@bd52b1c23814/UnityEngine.TestRunner/NUnitExtensions/Commands/EnumerableTestMethodCommand.cs:64)
UnityEngine.TestTools.EnumerableTestMethodCommand/<ExecuteEnumerable>d__2:MoveNext () (at ./Library/PackageCache/com.unity.test-framework@bd52b1c23814/UnityEngine.TestRunner/NUnitExtensions/Commands/EnumerableTestMethodCommand.cs:47)
UnityEngine.TestRunner.NUnitExtensions.Runner.UnityLogCheckDelegatingCommand/<ExecuteEnumerable>d__3:MoveNext () (at ./Library/PackageCache/com.unity.test-framework@bd52b1c23814/UnityEngine.TestRunner/NUnitExtensions/Runner/UnityLogCheckDelegatingCommand.cs:48)
UnityEngine.TestTools.BeforeAfterTestCommandBase`1/<ExecuteEnumerable>d__16<NUnit.Framework.ITestAction>:MoveNext () (at ./Library/PackageCache/com.unity.test-framework@bd52b1c23814/UnityEngine.TestRunner/NUnitExtensions/Commands/BeforeAfterTestCommandBase.cs:212)
UnityEngine.TestTools.BeforeAfterTestCommandBase`1/<ExecuteEnumerable>d__16<System.Reflection.MethodInfo>:MoveNext () (at ./Library/PackageCache/com.unity.test-framework@bd52b1c23814/UnityEngine.TestRunner/NUnitExtensions/Commands/BeforeAfterTestCommandBase.cs:212)
UnityEngine.TestTools.BeforeAfterTestCommandBase`1/<ExecuteEnumerable>d__16<System.Reflection.MethodInfo>:MoveNext () (at ./Library/PackageCache/com.unity.test-framework@bd52b1c23814/UnityEngine.TestRunner/NUnitExtensions/Commands/BeforeAfterTestCommandBase.cs:212)
UnityEngine.TestTools.BeforeAfterTestCommandBase`1/<ExecuteEnumerable>d__16<UnityEngine.TestTools.IOuterUnityTestAction>:MoveNext () (at ./Library/PackageCache/com.unity.test-framework@bd52b1c23814/UnityEngine.TestRunner/NUnitExtensions/Commands/BeforeAfterTestCommandBase.cs:212)
UnityEngine.TestTools.RetryCommand/<ExecuteEnumerable>d__2:MoveNext () (at ./Library/PackageCache/com.unity.test-framework@bd52b1c23814/UnityEngine.TestRunner/NUnitExtensions/Commands/RetryCommand.cs:37)
UnityEngine.TestTools.RepeatCommand/<ExecuteEnumerable>d__2:MoveNext () (at ./Library/PackageCache/com.unity.test-framework@bd52b1c23814/UnityEngine.TestRunner/NUnitExtensions/Commands/RepeatCommand.cs:36)
UnityEngine.TestTools.IgnoreTestCommand/<ExecuteEnumerable>d__3:MoveNext () (at ./Library/PackageCache/com.unity.test-framework@bd52b1c23814/UnityEngine.TestRunner/NUnitExtensions/Commands/IgnoreTestCommand.cs:42)
UnityEngine.TestTools.StrictCheckCommand/<ExecuteEnumerable>d__2:MoveNext () (at ./Library/PackageCache/com.unity.test-framework@bd52b1c23814/UnityEngine.TestRunner/NUnitExtensions/Commands/StrictCheckCommand.cs:29)
UnityEditor.TestTools.TestRunner.EditorEnumeratorTestWorkItem/<PerformWork>d__3:MoveNext () (at ./Library/PackageCache/com.unity.test-framework@bd52b1c23814/UnityEditor.TestRunner/TestRunner/EditorEnumeratorTestWorkItem.cs:97)
UnityEngine.TestRunner.NUnitExtensions.Runner.CompositeWorkItem/<RunChildren>d__17:MoveNext () (at ./Library/PackageCache/com.unity.test-framework@bd52b1c23814/UnityEngine.TestRunner/NUnitExtensions/Runner/CompositeWorkItem.cs:207)
UnityEngine.TestRunner.NUnitExtensions.Runner.CompositeWorkItem/<PerformWork>d__13:MoveNext () (at ./Library/PackageCache/com.unity.test-framework@bd52b1c23814/UnityEngine.TestRunner/NUnitExtensions/Runner/CompositeWorkItem.cs:82)
UnityEngine.TestRunner.NUnitExtensions.Runner.CompositeWorkItem/<RunChildren>d__17:MoveNext () (at ./Library/PackageCache/com.unity.test-framework@bd52b1c23814/UnityEngine.TestRunner/NUnitExtensions/Runner/CompositeWorkItem.cs:207)
UnityEngine.TestRunner.NUnitExtensions.Runner.CompositeWorkItem/<PerformWork>d__13:MoveNext () (at ./Library/PackageCache/com.unity.test-framework@bd52b1c23814/UnityEngine.TestRunner/NUnitExtensions/Runner/CompositeWorkItem.cs:82)
UnityEngine.TestRunner.NUnitExtensions.Runner.CompositeWorkItem/<RunChildren>d__17:MoveNext () (at ./Library/PackageCache/com.unity.test-framework@bd52b1c23814/UnityEngine.TestRunner/NUnitExtensions/Runner/CompositeWorkItem.cs:207)
UnityEngine.TestRunner.NUnitExtensions.Runner.CompositeWorkItem/<PerformWork>d__13:MoveNext () (at ./Library/PackageCache/com.unity.test-framework@bd52b1c23814/UnityEngine.TestRunner/NUnitExtensions/Runner/CompositeWorkItem.cs:82)
UnityEngine.TestRunner.NUnitExtensions.Runner.CompositeWorkItem/<RunChildren>d__17:MoveNext () (at ./Library/PackageCache/com.unity.test-framework@bd52b1c23814/UnityEngine.TestRunner/NUnitExtensions/Runner/CompositeWorkItem.cs:207)
UnityEngine.TestRunner.NUnitExtensions.Runner.CompositeWorkItem/<PerformWork>d__13:MoveNext () (at ./Library/PackageCache/com.unity.test-framework@bd52b1c23814/UnityEngine.TestRunner/NUnitExtensions/Runner/CompositeWorkItem.cs:82)
UnityEngine.TestRunner.NUnitExtensions.Runner.CompositeWorkItem/<RunChildren>d__17:MoveNext () (at ./Library/PackageCache/com.unity.test-framework@bd52b1c23814/UnityEngine.TestRunner/NUnitExtensions/Runner/CompositeWorkItem.cs:207)
UnityEngine.TestRunner.NUnitExtensions.Runner.CompositeWorkItem/<PerformWork>d__13:MoveNext () (at ./Library/PackageCache/com.unity.test-framework@bd52b1c23814/UnityEngine.TestRunner/NUnitExtensions/Runner/CompositeWorkItem.cs:82)
UnityEngine.TestRunner.NUnitExtensions.Runner.CompositeWorkItem/<RunChildren>d__17:MoveNext () (at ./Library/PackageCache/com.unity.test-framework@bd52b1c23814/UnityEngine.TestRunner/NUnitExtensions/Runner/CompositeWorkItem.cs:207)
UnityEngine.TestRunner.NUnitExtensions.Runner.CompositeWorkItem/<PerformWork>d__13:MoveNext () (at ./Library/PackageCache/com.unity.test-framework@bd52b1c23814/UnityEngine.TestRunner/NUnitExtensions/Runner/CompositeWorkItem.cs:82)
UnityEditor.TestTools.TestRunner.EditModeRunner:MoveNextAndUpdateYieldObject () (at ./Library/PackageCache/com.unity.test-framework@bd52b1c23814/UnityEditor.TestRunner/TestRunner/EditModeRunner.cs:167)
UnityEditor.TestTools.TestRunner.EditModeRunner:TestConsumer (UnityEditor.TestTools.TestRunner.TestRunnerStateSerializer) (at ./Library/PackageCache/com.unity.test-framework@bd52b1c23814/UnityEditor.TestRunner/TestRunner/EditModeRunner.cs:200)
UnityEditor.TestTools.TestRunner.TestRun.Tasks.EditModeRunTask/<Execute>d__1:MoveNext () (at ./Library/PackageCache/com.unity.test-framework@bd52b1c23814/UnityEditor.TestRunner/TestRun/Tasks/EditModeRunTask.cs:48)
UnityEditor.TestTools.TestRunner.TestRun.TestJobRunner:ExecuteStep () (at ./Library/PackageCache/com.unity.test-framework@bd52b1c23814/UnityEditor.TestRunner/TestRun/TestJobRunner.cs:173)
UnityEditor.TestTools.TestRunner.TestRun.TestJobRunner:ExecuteCallback () (at ./Library/PackageCache/com.unity.test-framework@bd52b1c23814/UnityEditor.TestRunner/TestRun/TestJobRunner.cs:108)
UnityEditor.EditorApplication:Internal_CallUpdateFunctions () (at ~/build/output/unity/unity/Editor/Mono/EditorApplication.cs:384)

(Filename: ~/wkspace/gc-studio/p4.2j/Packages/com.gamecore.studio.core/Runtime/Authoring/StudioLog.cs Line: 205)

Start importing Assets/Hollowmere/Regions/ThornwickVillage.unity using Guid(6cba302899c45bb919b097ade959283c) (DefaultImporter) -> (artifact id: '60ac16391b4326b7926249765a773c9f') in 0.000566827 seconds
Refreshing native plugins compatible for Editor in 0.16 ms, found 1 plugins.
Preloading 0 native plugins for Editor in 0.00 ms.
Asset Pipeline Refresh (id=62fb10ad51431aebc881b7338118e12f): Total: 0.018 seconds - Initiated by StopAssetImportingV2(NoUpdateAssetOptions)
Opening scene 'Assets/Hollowmere/Regions/ThornwickVillage.unity'
Unloading 11 Unused Serialized files (Serialized files now loaded: 0)
Loaded scene 'Assets/Hollowmere/Regions/ThornwickVillage.unity'
	Deserialize:            3.537 ms
	Integration:            179.256 ms
	Integration of assets:  0.002 ms
	Thread Wait Time:       0.003 ms
	Total Operation Time:   182.798 ms
Unloading 20 unused Assets / (3.6 MB). Loaded Objects now: 7975.
Memory consumption went from 361.6 MB to 358.1 MB.
Total: 18.220660 ms (FindLiveObjects: 0.287721 ms CreateObjectMapping: 0.193794 ms MarkObjects: 17.645346 ms  DeleteObjects: 0.092785 ms)

Unloading 1 Unused Serialized files (Serialized files now loaded: 0)
Unloading 35 unused Assets / (2.5 MB). Loaded Objects now: 7514.
Memory consumption went from 357.7 MB to 355.2 MB.
Total: 18.141444 ms (FindLiveObjects: 0.248381 ms CreateObjectMapping: 0.161826 ms MarkObjects: 17.490005 ms  DeleteObjects: 0.240099 ms)

Start importing Assets/Hollowmere/Regions/ThornwickVillage.unity using Guid(6cba302899c45bb919b097ade959283c) (DefaultImporter) -> (artifact id: '60ac16391b4326b7926249765a773c9f') in 0.000496525 seconds
Refreshing native plugins compatible for Editor in 0.19 ms, found 1 plugins.
Preloading 0 native plugins for Editor in 0.00 ms.
Asset Pipeline Refresh (id=2ea8232f0acb6b55395bff39ac6094c0): Total: 0.016 seconds - Initiated by StopAssetImportingV2(NoUpdateAssetOptions)
Saving results to: ~/.config/unity3d/GameCore/Hollowmere/TestResults.xml
Saving results to: ~/wkspace/gc-studio/p4.2j/artifacts/studio/verification/W-EDIT-06/p42j-runtime-promotion-20261007T121907.034955Z/results.xml
Executing IPostBuildCleanup for: Unity.PerformanceTesting.Editor.TestRunBuilder.
UnityEngine.Debug:ExtractStackTraceNoAlloc (byte*,int,string)
UnityEngine.StackTraceUtility:ExtractStackTrace () (at ~/build/output/unity/unity/Runtime/Export/Scripting/StackTrace.cs:35)
UnityEngine.DebugLogHandler:Internal_Log (UnityEngine.LogType,UnityEngine.LogOption,string,UnityEngine.Object)
UnityEngine.DebugLogHandler:LogFormat (UnityEngine.LogType,UnityEngine.Object,string,object[])
UnityEngine.Logger:Log (UnityEngine.LogType,object)
UnityEngine.Debug:Log (object)
UnityEditor.TestTools.TestRunner.TestRun.Tasks.BuildActionTaskBase`1/<ExecuteMethods>d__8<UnityEngine.TestTools.IPostBuildCleanup>:MoveNext () (at ./Library/PackageCache/com.unity.test-framework@bd52b1c23814/UnityEditor.TestRunner/TestRun/Tasks/BuildActionTaskBase.cs:48)
UnityEditor.TestTools.TestRunner.TestRun.Tasks.BuildActionTaskBase`1/<Execute>d__7<UnityEngine.TestTools.IPostBuildCleanup>:MoveNext () (at ./Library/PackageCache/com.unity.test-framework@bd52b1c23814/UnityEditor.TestRunner/TestRun/Tasks/BuildActionTaskBase.cs:34)
UnityEditor.TestTools.TestRunner.TestRun.TestJobRunner:ExecuteStep () (at ./Library/PackageCache/com.unity.test-framework@bd52b1c23814/UnityEditor.TestRunner/TestRun/TestJobRunner.cs:173)
UnityEditor.TestTools.TestRunner.TestRun.TestJobRunner:ExecuteCallback () (at ./Library/PackageCache/com.unity.test-framework@bd52b1c23814/UnityEditor.TestRunner/TestRun/TestJobRunner.cs:108)
UnityEditor.EditorApplication:Internal_CallUpdateFunctions () (at ~/build/output/unity/unity/Editor/Mono/EditorApplication.cs:384)

(Filename: ./Library/PackageCache/com.unity.test-framework@bd52b1c23814/UnityEditor.TestRunner/TestRun/Tasks/BuildActionTaskBase.cs Line: 48)

Unloading 0 Unused Serialized files (Serialized files now loaded: 0)
Unloading 7 unused Assets / (0.5 KB). Loaded Objects now: 7517.
Memory consumption went from 354.6 MB to 354.6 MB.
Total: 18.033264 ms (FindLiveObjects: 0.224644 ms CreateObjectMapping: 0.163098 ms MarkObjects: 17.610961 ms  DeleteObjects: 0.033782 ms)

DisplayProgressbar: Undo
Test run completed. Exiting with code 0 (Ok). Run completed.
UnityEngine.Debug:ExtractStackTraceNoAlloc (byte*,int,string)
UnityEngine.StackTraceUtility:ExtractStackTrace () (at ~/build/output/unity/unity/Runtime/Export/Scripting/StackTrace.cs:35)
UnityEngine.DebugLogHandler:Internal_Log (UnityEngine.LogType,UnityEngine.LogOption,string,UnityEngine.Object)
UnityEngine.DebugLogHandler:LogFormat (UnityEngine.LogType,UnityEngine.Object,string,object[])
UnityEngine.Logger:Log (UnityEngine.LogType,object)
UnityEngine.Debug:Log (object)
UnityEditor.TestTools.TestRunner.CommandLineTest.Executer:ExitApplication (UnityEditor.TestTools.TestRunner.CommandLineTest.Executer/ReturnCodes,string) (at ./Library/PackageCache/com.unity.test-framework@bd52b1c23814/UnityEditor.TestRunner/CommandLineTest/Executer.cs:81)
UnityEditor.TestTools.TestRunner.CommandLineTest.Executer:ExitIfRunIsCompleted () (at ./Library/PackageCache/com.unity.test-framework@bd52b1c23814/UnityEditor.TestRunner/CommandLineTest/Executer.cs:74)
UnityEditor.EditorApplication:Internal_CallUpdateFunctions () (at ~/build/output/unity/unity/Editor/Mono/EditorApplication.cs:384)

(Filename: ./Library/PackageCache/com.unity.test-framework@bd52b1c23814/UnityEditor.TestRunner/CommandLineTest/Executer.cs Line: 81)

Unloading 0 Unused Serialized files (Serialized files now loaded: 0)
Unloading 0 unused Assets / (0 B). Loaded Objects now: 7517.
Memory consumption went from 365.2 MB to 365.2 MB.
Total: 19.595729 ms (FindLiveObjects: 0.250009 ms CreateObjectMapping: 0.128876 ms MarkObjects: 19.204380 ms  DeleteObjects: 0.011448 ms)

[Physics::Module] Cleanup current backned.
[Physics::Module] Id: 0xf2b8ea05
Input System module state changed to: ShutdownInProgress.
Input System polling thread exited.
Input System module state changed to: Shutdown.
[Licensing::IpcConnector] LicenseClient-worlesenric-notifications channel disconnected successfully.
[Licensing::IpcConnector] LicenseClient-worlesenric channel disconnected successfully.
AcceleratorClientConnectionCallback - disconnected - :0
[40m[32minfo[39m[22m[49m: Microsoft.Hosting.Lifetime[0]
      Application is shutting down...
[40m[32minfo[39m[22m[49m: Unity.ILPP.Runner.PostProcessingAssemblyLoadContext[0]
      ALC ILPP context 1 is unloading
Cleanup mono
debugger-agent: Unable to listen on 68
[Package Manager] Server process was shutdown
Checking for leaked weakptr:
  Found no leaked weakptrs.
##utp:{"type": "MemoryLeaks", "version": 2, "phase": "Immediate", "time": 1791375627306, "processId": 2625649, "allocatedMemory": 14339384, "memoryLabels": [{"Default": 13965}, {"Permanent": 16147}, {"Thread": 1084616}, {"Manager": 3081329}, {"VertexData": 8}, {"Geometry": 408}, {"VFX": -104}, {"Texture": 296}, {"Shader": 79299}, {"Material": 24}, {"GfxDevice": 36048}, {"Animation": 456}, {"Audio": 4032}, {"FontEngine": 320}, {"Physics": 2081}, {"Serialization": 376}, {"Input": 26752}, {"JobScheduler": 33024}, {"TextLib": 160}, {"Mono": 32}, {"MonoCode": 96}, {"ScriptingNativeRuntime": 155096}, {"BaseObject": 1622832}, {"Resource": 1032}, {"Renderer": 2928}, {"Transform": 4678}, {"File": 12516}, {"WebCam": 80}, {"Culling": 32}, {"Terrain": 11298}, {"Wind": 24}, {"String": 12952}, {"DynamicArray": 107837}, {"HashMap": 127562}, {"Utility": 2665104}, {"PoolAlloc": 4112}, {"AI": 72}, {"TypeTree": 5005}, {"ScriptManager": 512}, {"RuntimeInitializeOnLoadManager": 64}, {"SpriteAtlas": 112}, {"GI": 7448}, {"Director": 8208}, {"WebRequest": 808}, {"VR": 45689}, {"SceneManager": 528}, {"Video": 64}, {"LazyScriptCache": 32}, {"NativeArray": 1080}, {"Camera": 17}, {"Secure": 265}, {"SerializationCache": 1576}, {"APIUpdating": 10320}, {"Subsystems": 336}, {"VirtualTexturing": 57552}, {"StaticSafetyDebugInfo": 278528}, {"Analytics": 256}, {"Hierarchy": 832}, {"CoreStats": 12456}, {"Identifiers": 12384}, {"Gui": 112}, {"EditorUtility": 35597}, {"VersionControl": 4}, {"Undo": 979}, {"AssetDatabase": 4710946}, {"EditorGi": 328}, {"UnityConnect": 24816}, {"Upm": 1852}, {"DrivenProperties": 72}, {"LocalIPC": 210}, {"ProfilerEditor": 9746}, {"CoreBusinessMetrics": 2378}, {"Licensing": 688}, {"AssetReference": 32}, {"IPCStream": 32}]}
