Unity Editor version:    6000.0.75f1 (26349cd2a5c8)
Branch:                  6000.0/staging
Build type:              Release
Batch mode:              YES
System name:             Linux
Distro version:          #31~24.04.1-Ubuntu SMP PREEMPT_DYNAMIC Mon Aug 10 09:38:02 UTC 2
Kernel version:          7.0.0-31-generic
Architecture:            x86_64
Available memory:        31897 MB
[Licensing::Module] Trying to connect to existing licensing client channel...
Initialize udev device monitor.
[Licensing::IpcConnector] Successfully connected to: "LicenseClient-worlesenric" at "2026-10-06T19:08:28.441625Z"
[SignatureVerifier] Application signature verification not supported on this platform.

COMMAND LINE ARGUMENTS:
~/Unity/Hub/Editor/6000.0.75f1/Editor/Unity
-batchmode
-nographics
-projectPath
~/wkspace/gc-studio/p4.2g/.evidence/live/games/hollowmere
-logFile
-
-testResults
~/wkspace/gc-studio/p4.2g/artifacts/studio/verification/R6-P4.2g/p42g-regression-20261006T190828.261688Z/results.xml
-runTests
-testPlatform
EditMode
-testFilter
Hollowmere.R6_A.AdmissionLifecycleTests|Hollowmere.R6_B|Hollowmere.P3_2.Headless.DriverDryTests
[Licensing::Client] Handshaking with LicensingClient:
  Version:                 1.17.4+4293ba1
  Session Id:              3afcfebb103b45c4bc8082c0872d756c
  Correlation Id:          70dec6492dd8776ac9455dd9efce7e71
  External correlation Id: 839786901715470701
  Machine Id:              jd93gYTNlAg1qIhTY9iII/nAhSo=
Successfully changed project path to: ~/wkspace/gc-studio/p4.2g/.evidence/live/games/hollowmere
[Licensing::Module] Successfully connected to LicensingClient on channel: "LicenseClient-worlesenric" (connect: 0.00s, validation: 0.00s, handshake: 0.00s)
[Licensing::IpcConnector] Successfully connected to: "LicenseClient-worlesenric-notifications" at "2026-10-06T19:08:28.444907Z"
[Licensing::Module] Error: Access token is unavailable; failed to update

(process:3619213): Gtk-CRITICAL **: 03:08:28.445: gtk_label_set_text: assertion 'GTK_IS_LABEL (label)' failed
[Licensing::Client] Successfully resolved entitlement details
[Licensing::Module] License group:
  Id: 1375999166540-UnityPersXXXX
  Product: Unity Personal
  Type: Assigned
  Expiration: Unlimited
[Licensing::Client] Successfully updated license, isAsync: True, time: 0.00

(process:3619213): Gtk-CRITICAL **: 03:08:28.446: gtk_label_set_text: assertion 'GTK_IS_LABEL (label)' failed
[Licensing::Module] Licensing Background thread has ended after 0.01s
~/wkspace/gc-studio/p4.2g/.evidence/live/games/hollowmere
[UnityMemory] Configuration Parameters - Can be set up in boot.config
"memorysetup-bucket-allocator-granularity=16"
"memorysetup-bucket-allocator-bucket-count=8"
"memorysetup-bucket-allocator-block-size=33554432"
"memorysetup-bucket-allocator-block-count=8"
"memorysetup-main-allocator-block-size=16777216"
"memorysetup-thread-allocator-block-size=16777216"
"memorysetup-gfx-main-allocator-block-size=16777216"
"memorysetup-gfx-thread-allocator-block-size=16777216"
"memorysetup-cache-allocator-block-size=4194304"
"memorysetup-typetree-allocator-block-size=2097152"
"memorysetup-profiler-bucket-allocator-granularity=16"
"memorysetup-profiler-bucket-allocator-bucket-count=8"
"memorysetup-profiler-bucket-allocator-block-size=33554432"
"memorysetup-profiler-bucket-allocator-block-count=8"
"memorysetup-profiler-allocator-block-size=16777216"
"memorysetup-profiler-editor-allocator-block-size=1048576"
"memorysetup-temp-allocator-size-main=16777216"
"memorysetup-job-temp-allocator-block-size=2097152"
"memorysetup-job-temp-allocator-block-size-background=1048576"
"memorysetup-job-temp-allocator-reduction-small-platforms=262144"
"memorysetup-allocator-temp-initial-block-size-main=262144"
"memorysetup-allocator-temp-initial-block-size-worker=262144"
"memorysetup-temp-allocator-size-background-worker=32768"
"memorysetup-temp-allocator-size-job-worker=262144"
"memorysetup-temp-allocator-size-preload-manager=33554432"
"memorysetup-temp-allocator-size-nav-mesh-worker=65536"
"memorysetup-temp-allocator-size-audio-worker=65536"
"memorysetup-temp-allocator-size-cloud-worker=32768"
"memorysetup-temp-allocator-size-gi-baking-worker=262144"
"memorysetup-temp-allocator-size-gi-baking-worker=262144"
"memorysetup-temp-allocator-size-gi-baking-worker=262144"
"memorysetup-temp-allocator-size-gi-baking-worker=262144"
"memorysetup-temp-allocator-size-gi-baking-worker=262144"
"memorysetup-temp-allocator-size-gfx=262144"
Player connection [133032836650304]  Target information:

Player connection [133032836650304]  * "[IP] 192.168.0.21 [Port] 55504 [Flags] 2 [Guid] 1477771407 [EditorId] 1477771407 [Version] 1048832 [Id] LinuxEditor(16,192.168.0.21) [Debug] 1 [PackageName] LinuxEditor [ProjectName] Editor"

Player connection [133032836650304]  * "[IP] 172.18.0.1 [Port] 55504 [Flags] 2 [Guid] 1477771407 [EditorId] 1477771407 [Version] 1048832 [Id] LinuxEditor(16,192.168.0.21) [Debug] 1 [PackageName] LinuxEditor [ProjectName] Editor"

Player connection [133032836650304]  * "[IP] 172.17.0.1 [Port] 55504 [Flags] 2 [Guid] 1477771407 [EditorId] 1477771407 [Version] 1048832 [Id] LinuxEditor(16,192.168.0.21) [Debug] 1 [PackageName] LinuxEditor [ProjectName] Editor"

Player connection [133032836650304]  * "[IP] 10.42.0.0 [Port] 55504 [Flags] 2 [Guid] 1477771407 [EditorId] 1477771407 [Version] 1048832 [Id] LinuxEditor(16,192.168.0.21) [Debug] 1 [PackageName] LinuxEditor [ProjectName] Editor"

Player connection [133032836650304]  * "[IP] 10.42.0.1 [Port] 55504 [Flags] 2 [Guid] 1477771407 [EditorId] 1477771407 [Version] 1048832 [Id] LinuxEditor(16,192.168.0.21) [Debug] 1 [PackageName] LinuxEditor [ProjectName] Editor"

Player connection [133032836650304]  * "[IP] 100.66.195.58 [Port] 55504 [Flags] 2 [Guid] 1477771407 [EditorId] 1477771407 [Version] 1048832 [Id] LinuxEditor(16,192.168.0.21) [Debug] 1 [PackageName] LinuxEditor [ProjectName] Editor"

Player connection [133032836650304]  * "[IP] 172.19.0.1 [Port] 55504 [Flags] 2 [Guid] 1477771407 [EditorId] 1477771407 [Version] 1048832 [Id] LinuxEditor(16,192.168.0.21) [Debug] 1 [PackageName] LinuxEditor [ProjectName] Editor"

Player connection [133032836650304]  * "[IP] 172.20.0.1 [Port] 55504 [Flags] 2 [Guid] 1477771407 [EditorId] 1477771407 [Version] 1048832 [Id] LinuxEditor(16,192.168.0.21) [Debug] 1 [PackageName] LinuxEditor [ProjectName] Editor"

Player connection [133032836650304] Host joined multi-casting on [225.0.0.222:54997]...
Player connection [133032836650304] Host joined alternative multi-casting on [225.0.0.222:34997]...
Input System module state changed to: Initialized.
[Physics::Module] Initialized fallback backend.
[Physics::Module] Id: 0xdecafbad
[Package Manager] Connected to IPC stream "Upm-3619213" after 0.1 seconds.
Library Redirect Path: Library/
Rebuilding Library because the asset database could not be found!
[Physics::Module] Selected backend.
[Physics::Module] Name: PhysX
[Physics::Module] Id: 0xf2b8ea05
[Physics::Module] SDK Version: 4.1.2
[Physics::Module] Integration Version: 1.0.0
[Physics::Module] Threading Mode: Multi-Threaded
Refreshing native plugins compatible for Editor in 0.00 ms, found 0 plugins.
Preloading 0 native plugins for Editor in 0.00 ms.
Initialize engine version: 6000.0.75f1 (26349cd2a5c8)
[Subsystems] Discovering subsystems at path ~/Unity/Hub/Editor/6000.0.75f1/Editor/Data/Resources/UnitySubsystems
[Subsystems] Discovering subsystems at path ~/wkspace/gc-studio/p4.2g/.evidence/live/games/hollowmere/Assets
Forcing GfxDevice: Null
GfxDevice: creating device client; kGfxThreadingModeNonThreaded
NullGfxDevice:
    Version:  NULL 1.0 [1.0]
    Renderer: Null Device
    Vendor:   Unity Technologies
Initialize mono
Mono path[0] = '~/Unity/Hub/Editor/6000.0.75f1/Editor/Data/Managed'
Mono path[1] = '~/Unity/Hub/Editor/6000.0.75f1/Editor/Data/MonoBleedingEdge/lib/mono/unityjit-linux'
Mono config path = '~/Unity/Hub/Editor/6000.0.75f1/Editor/Data/MonoBleedingEdge/etc'
Using monoOptions --debugger-agent=transport=dt_socket,embedding=1,server=y,suspend=n,address=127.0.0.1:56213
Using cacheserver namespaces - metadata:defaultmetadata, artifacts:defaultartifacts
Using cacheserver namespaces - metadata:defaultmetadata, artifacts:defaultartifacts
ImportWorker Server TCP listen port: 0
AcceleratorClientConnectionCallback - disconnected - :0
Begin MonoManager ReloadAssembly
Registering precompiled unity dll's ...
Register platform support module: ~/Unity/Hub/Editor/6000.0.75f1/Editor/Data/PlaybackEngines/MacStandaloneSupport/UnityEditor.OSXStandalone.Extensions.dll
Register platform support module: ~/Unity/Hub/Editor/6000.0.75f1/Editor/Data/PlaybackEngines/LinuxStandaloneSupport/UnityEditor.LinuxStandalone.Extensions.dll
Registered in 0.001014 seconds.
- Loaded All Assemblies, in  0.237 seconds
Native extension for LinuxStandalone target not found
Package Manager log level set to [2]
[Licensing::Client] Successfully resolved entitlement details
Native extension for OSXStandalone target not found
Mono: successfully reloaded assembly
- Finished resetting the current domain, in 29.864 seconds
Domain Reload Profiling: 30101ms
	BeginReloadAssembly (57ms)
		ExecutionOrderSort (0ms)
		DisableScriptedObjects (0ms)
		BackupInstance (0ms)
		ReleaseScriptingObjects (0ms)
		CreateAndSetChildDomain (1ms)
	RebuildCommonClasses (28ms)
	RebuildNativeTypeToScriptingClass (7ms)
	initialDomainReloadingComplete (38ms)
	LoadAllAssembliesAndSetupDomain (106ms)
		LoadAssemblies (56ms)
		RebuildTransferFunctionScriptingTraits (0ms)
		AnalyzeDomain (104ms)
			TypeCache.Refresh (104ms)
				TypeCache.ScanAssembly (94ms)
			BuildScriptInfoCaches (0ms)
			ResolveRequiredComponents (0ms)
	FinalizeReload (29864ms)
		ReleaseScriptCaches (0ms)
		RebuildScriptCaches (0ms)
		SetupLoadedEditorAssemblies (29839ms)
			LogAssemblyErrors (0ms)
			InitializePlatformSupportModulesInManaged (29655ms)
			SetLoadedEditorAssemblies (4ms)
			BeforeProcessingInitializeOnLoad (44ms)
			ProcessInitializeOnLoadAttributes (98ms)
			ProcessInitializeOnLoadMethodAttributes (38ms)
			AfterProcessingInitializeOnLoad (0ms)
			EditorAssembliesLoaded (0ms)
		ExecutionOrderSort2 (0ms)
		AwakeInstancesAfterBackupRestoration (0ms)
[Licensing::Client] Successfully resolved entitlement details
Application.AssetDatabase Initial Refresh Start
[Package Manager] Done resolving packages in 1.79 seconds
[Licensing::Client] Successfully resolved entitlement details
[Package Manager] Registered 76 packages:
  Packages from [https://packages.unity.com]:
    com.unity.ai.navigation@2.0.12 (location: ~/wkspace/gc-studio/p4.2g/.evidence/live/games/hollowmere/Library/PackageCache/com.unity.ai.navigation@734c2c4c5591)
    com.unity.burst@1.8.28 (location: ~/wkspace/gc-studio/p4.2g/.evidence/live/games/hollowmere/Library/PackageCache/com.unity.burst@07790c2d06d9)
    com.unity.collections@2.6.6 (location: ~/wkspace/gc-studio/p4.2g/.evidence/live/games/hollowmere/Library/PackageCache/com.unity.collections@9796e5ee0d9e)
    com.unity.entities@1.4.6 (location: ~/wkspace/gc-studio/p4.2g/.evidence/live/games/hollowmere/Library/PackageCache/com.unity.entities@e90944159b94)
    com.unity.inputsystem@1.19.0 (location: ~/wkspace/gc-studio/p4.2g/.evidence/live/games/hollowmere/Library/PackageCache/com.unity.inputsystem@21a28c3a6c83)
    com.unity.mathematics@1.3.2 (location: ~/wkspace/gc-studio/p4.2g/.evidence/live/games/hollowmere/Library/PackageCache/com.unity.mathematics@8017b507cc74)
    com.unity.nuget.newtonsoft-json@3.2.1 (location: ~/wkspace/gc-studio/p4.2g/.evidence/live/games/hollowmere/Library/PackageCache/com.unity.nuget.newtonsoft-json@74deb55db2a0)
    com.unity.toolchain.linux-x86_64@2.0.11 (location: ~/wkspace/gc-studio/p4.2g/.evidence/live/games/hollowmere/Library/PackageCache/com.unity.toolchain.linux-x86_64@53b88ff74b51)
    com.unity.sysroot@2.0.10 (location: ~/wkspace/gc-studio/p4.2g/.evidence/live/games/hollowmere/Library/PackageCache/com.unity.sysroot@7bbbb9339c14)
    com.unity.sysroot.linux-x86_64@2.0.9 (location: ~/wkspace/gc-studio/p4.2g/.evidence/live/games/hollowmere/Library/PackageCache/com.unity.sysroot.linux-x86_64@1998d1c7730e)
    com.unity.serialization@3.1.5 (location: ~/wkspace/gc-studio/p4.2g/.evidence/live/games/hollowmere/Library/PackageCache/com.unity.serialization@c463b52e88d7)
    com.unity.profiling.core@1.0.3 (location: ~/wkspace/gc-studio/p4.2g/.evidence/live/games/hollowmere/Library/PackageCache/com.unity.profiling.core@8a49f7027d06)
    com.unity.nuget.mono-cecil@1.11.6 (location: ~/wkspace/gc-studio/p4.2g/.evidence/live/games/hollowmere/Library/PackageCache/com.unity.nuget.mono-cecil@ecb9724e46ff)
    com.unity.scriptablebuildpipeline@2.6.1 (location: ~/wkspace/gc-studio/p4.2g/.evidence/live/games/hollowmere/Library/PackageCache/com.unity.scriptablebuildpipeline@36e3b5898ee2)
    com.unity.test-framework.performance@3.4.0 (location: ~/wkspace/gc-studio/p4.2g/.evidence/live/games/hollowmere/Library/PackageCache/com.unity.test-framework.performance@aa81a99c4a75)
    com.unity.searcher@4.9.3 (location: ~/wkspace/gc-studio/p4.2g/.evidence/live/games/hollowmere/Library/PackageCache/com.unity.searcher@1e17ce91558d)
  Built-in packages:
    com.unity.modules.ai@1.0.0 (location: ~/wkspace/gc-studio/p4.2g/.evidence/live/games/hollowmere/Library/PackageCache/com.unity.modules.ai)
    com.unity.modules.animation@1.0.0 (location: ~/wkspace/gc-studio/p4.2g/.evidence/live/games/hollowmere/Library/PackageCache/com.unity.modules.animation)
    com.unity.modules.audio@1.0.0 (location: ~/wkspace/gc-studio/p4.2g/.evidence/live/games/hollowmere/Library/PackageCache/com.unity.modules.audio)
    com.unity.modules.imageconversion@1.0.0 (location: ~/wkspace/gc-studio/p4.2g/.evidence/live/games/hollowmere/Library/PackageCache/com.unity.modules.imageconversion)
    com.unity.modules.imgui@1.0.0 (location: ~/wkspace/gc-studio/p4.2g/.evidence/live/games/hollowmere/Library/PackageCache/com.unity.modules.imgui)
    com.unity.modules.jsonserialize@1.0.0 (location: ~/wkspace/gc-studio/p4.2g/.evidence/live/games/hollowmere/Library/PackageCache/com.unity.modules.jsonserialize)
    com.unity.modules.physics@1.0.0 (location: ~/wkspace/gc-studio/p4.2g/.evidence/live/games/hollowmere/Library/PackageCache/com.unity.modules.physics)
    com.unity.modules.screencapture@1.0.0 (location: ~/wkspace/gc-studio/p4.2g/.evidence/live/games/hollowmere/Library/PackageCache/com.unity.modules.screencapture)
    com.unity.modules.ui@1.0.0 (location: ~/wkspace/gc-studio/p4.2g/.evidence/live/games/hollowmere/Library/PackageCache/com.unity.modules.ui)
    com.unity.modules.uielements@1.0.0 (location: ~/wkspace/gc-studio/p4.2g/.evidence/live/games/hollowmere/Library/PackageCache/com.unity.modules.uielements)
    com.unity.modules.unitywebrequest@1.0.0 (location: ~/wkspace/gc-studio/p4.2g/.evidence/live/games/hollowmere/Library/PackageCache/com.unity.modules.unitywebrequest)
    com.unity.modules.video@1.0.0 (location: ~/wkspace/gc-studio/p4.2g/.evidence/live/games/hollowmere/Library/PackageCache/com.unity.modules.video)
    com.unity.render-pipelines.universal@17.0.4 (location: ~/wkspace/gc-studio/p4.2g/.evidence/live/games/hollowmere/Library/PackageCache/com.unity.render-pipelines.universal@a1a2df1d8dcb)
    com.unity.test-framework@1.6.0 (location: ~/wkspace/gc-studio/p4.2g/.evidence/live/games/hollowmere/Library/PackageCache/com.unity.test-framework@bd52b1c23814)
    com.unity.ext.nunit@2.0.5 (location: ~/wkspace/gc-studio/p4.2g/.evidence/live/games/hollowmere/Library/PackageCache/com.unity.ext.nunit@b16e6d09cd93)
    com.unity.render-pipelines.core@17.0.4 (location: ~/wkspace/gc-studio/p4.2g/.evidence/live/games/hollowmere/Library/PackageCache/com.unity.render-pipelines.core@2fecbe5ecc80)
    com.unity.shadergraph@17.0.4 (location: ~/wkspace/gc-studio/p4.2g/.evidence/live/games/hollowmere/Library/PackageCache/com.unity.shadergraph@029994c473dc)
    com.unity.render-pipelines.universal-config@17.0.3 (location: ~/wkspace/gc-studio/p4.2g/.evidence/live/games/hollowmere/Library/PackageCache/com.unity.render-pipelines.universal-config@e48fefd716b5)
    com.unity.modules.hierarchycore@1.0.0 (location: ~/wkspace/gc-studio/p4.2g/.evidence/live/games/hollowmere/Library/PackageCache/com.unity.modules.hierarchycore)
    com.unity.modules.assetbundle@1.0.0 (location: ~/wkspace/gc-studio/p4.2g/.evidence/live/games/hollowmere/Library/PackageCache/com.unity.modules.assetbundle)
    com.unity.modules.unityanalytics@1.0.0 (location: ~/wkspace/gc-studio/p4.2g/.evidence/live/games/hollowmere/Library/PackageCache/com.unity.modules.unityanalytics)
    com.unity.ugui@2.0.0 (location: ~/wkspace/gc-studio/p4.2g/.evidence/live/games/hollowmere/Library/PackageCache/com.unity.ugui@a477a4a18974)
    com.unity.modules.terrain@1.0.0 (location: ~/wkspace/gc-studio/p4.2g/.evidence/live/games/hollowmere/Library/PackageCache/com.unity.modules.terrain)
    com.unity.rendering.light-transport@1.0.1 (location: ~/wkspace/gc-studio/p4.2g/.evidence/live/games/hollowmere/Library/PackageCache/com.unity.rendering.light-transport@fd597d1a9e15)
  Local packages:
    com.gamecore.composition@file:~/wkspace/gc-studio/p4.2g/.evidence/live/Packages/com.gamecore.composition (location: ~/wkspace/gc-studio/p4.2g/.evidence/live/Packages/com.gamecore.composition)
    com.gamecore.content.compiler@file:~/wkspace/gc-studio/p4.2g/.evidence/live/Packages/com.gamecore.content.compiler (location: ~/wkspace/gc-studio/p4.2g/.evidence/live/Packages/com.gamecore.content.compiler)
    com.gamecore.contracts@file:~/wkspace/gc-studio/p4.2g/.evidence/live/Packages/com.gamecore.contracts (location: ~/wkspace/gc-studio/p4.2g/.evidence/live/Packages/com.gamecore.contracts)
    com.gamecore.derivation@file:~/wkspace/gc-studio/p4.2g/.evidence/live/Packages/com.gamecore.derivation (location: ~/wkspace/gc-studio/p4.2g/.evidence/live/Packages/com.gamecore.derivation)
    com.gamecore.gameplay.audio@file:~/wkspace/gc-studio/p4.2g/.evidence/live/Packages/com.gamecore.gameplay.audio (location: ~/wkspace/gc-studio/p4.2g/.evidence/live/Packages/com.gamecore.gameplay.audio)
    com.gamecore.gameplay.cards@file:~/wkspace/gc-studio/p4.2g/.evidence/live/Packages/com.gamecore.gameplay.cards (location: ~/wkspace/gc-studio/p4.2g/.evidence/live/Packages/com.gamecore.gameplay.cards)
    com.gamecore.gameplay.compile@file:~/wkspace/gc-studio/p4.2g/.evidence/live/Packages/com.gamecore.gameplay.compile (location: ~/wkspace/gc-studio/p4.2g/.evidence/live/Packages/com.gamecore.gameplay.compile)
    com.gamecore.gameplay.contracts@file:~/wkspace/gc-studio/p4.2g/.evidence/live/Packages/com.gamecore.gameplay.contracts (location: ~/wkspace/gc-studio/p4.2g/.evidence/live/Packages/com.gamecore.gameplay.contracts)
    com.gamecore.gameplay.dialogue@file:~/wkspace/gc-studio/p4.2g/.evidence/live/Packages/com.gamecore.gameplay.dialogue (location: ~/wkspace/gc-studio/p4.2g/.evidence/live/Packages/com.gamecore.gameplay.dialogue)
    com.gamecore.gameplay.entities@file:~/wkspace/gc-studio/p4.2g/.evidence/live/Packages/com.gamecore.gameplay.entities (location: ~/wkspace/gc-studio/p4.2g/.evidence/live/Packages/com.gamecore.gameplay.entities)
    com.gamecore.gameplay.integration@file:~/wkspace/gc-studio/p4.2g/.evidence/live/Packages/com.gamecore.gameplay.integration (location: ~/wkspace/gc-studio/p4.2g/.evidence/live/Packages/com.gamecore.gameplay.integration)
    com.gamecore.gameplay.interaction@file:~/wkspace/gc-studio/p4.2g/.evidence/live/Packages/com.gamecore.gameplay.interaction (location: ~/wkspace/gc-studio/p4.2g/.evidence/live/Packages/com.gamecore.gameplay.interaction)
    com.gamecore.gameplay.inventory@file:~/wkspace/gc-studio/p4.2g/.evidence/live/Packages/com.gamecore.gameplay.inventory (location: ~/wkspace/gc-studio/p4.2g/.evidence/live/Packages/com.gamecore.gameplay.inventory)
    com.gamecore.gameplay.logic@file:~/wkspace/gc-studio/p4.2g/.evidence/live/Packages/com.gamecore.gameplay.logic (location: ~/wkspace/gc-studio/p4.2g/.evidence/live/Packages/com.gamecore.gameplay.logic)
    com.gamecore.gameplay.narrative@file:~/wkspace/gc-studio/p4.2g/.evidence/live/Packages/com.gamecore.gameplay.narrative (location: ~/wkspace/gc-studio/p4.2g/.evidence/live/Packages/com.gamecore.gameplay.narrative)
    com.gamecore.gameplay.npc@file:~/wkspace/gc-studio/p4.2g/.evidence/live/Packages/com.gamecore.gameplay.npc (location: ~/wkspace/gc-studio/p4.2g/.evidence/live/Packages/com.gamecore.gameplay.npc)
    com.gamecore.gameplay.player@file:~/wkspace/gc-studio/p4.2g/.evidence/live/Packages/com.gamecore.gameplay.player (location: ~/wkspace/gc-studio/p4.2g/.evidence/live/Packages/com.gamecore.gameplay.player)
    com.gamecore.gameplay.quest@file:~/wkspace/gc-studio/p4.2g/.evidence/live/Packages/com.gamecore.gameplay.quest (location: ~/wkspace/gc-studio/p4.2g/.evidence/live/Packages/com.gamecore.gameplay.quest)
    com.gamecore.gameplay.rewards@file:~/wkspace/gc-studio/p4.2g/.evidence/live/Packages/com.gamecore.gameplay.rewards (location: ~/wkspace/gc-studio/p4.2g/.evidence/live/Packages/com.gamecore.gameplay.rewards)
    com.gamecore.gameplay.save@file:~/wkspace/gc-studio/p4.2g/.evidence/live/Packages/com.gamecore.gameplay.save (location: ~/wkspace/gc-studio/p4.2g/.evidence/live/Packages/com.gamecore.gameplay.save)
    com.gamecore.gameplay.traversal@file:~/wkspace/gc-studio/p4.2g/.evidence/live/Packages/com.gamecore.gameplay.traversal (location: ~/wkspace/gc-studio/p4.2g/.evidence/live/Packages/com.gamecore.gameplay.traversal)
    com.gamecore.gameplay.ui@file:~/wkspace/gc-studio/p4.2g/.evidence/live/Packages/com.gamecore.gameplay.ui (location: ~/wkspace/gc-studio/p4.2g/.evidence/live/Packages/com.gamecore.gameplay.ui)
    com.gamecore.gameplay.world@file:~/wkspace/gc-studio/p4.2g/.evidence/live/Packages/com.gamecore.gameplay.world (location: ~/wkspace/gc-studio/p4.2g/.evidence/live/Packages/com.gamecore.gameplay.world)
    com.gamecore.planning@file:~/wkspace/gc-studio/p4.2g/.evidence/live/Packages/com.gamecore.planning (location: ~/wkspace/gc-studio/p4.2g/.evidence/live/Packages/com.gamecore.planning)
    com.gamecore.rules.cards@file:~/wkspace/gc-studio/p4.2g/.evidence/live/Packages/com.gamecore.rules.cards (location: ~/wkspace/gc-studio/p4.2g/.evidence/live/Packages/com.gamecore.rules.cards)
    com.gamecore.rules.gameplay@file:~/wkspace/gc-studio/p4.2g/.evidence/live/Packages/com.gamecore.rules.gameplay (location: ~/wkspace/gc-studio/p4.2g/.evidence/live/Packages/com.gamecore.rules.gameplay)
    com.gamecore.rules.narrative@file:~/wkspace/gc-studio/p4.2g/.evidence/live/Packages/com.gamecore.rules.narrative (location: ~/wkspace/gc-studio/p4.2g/.evidence/live/Packages/com.gamecore.rules.narrative)
    com.gamecore.rules.traversal@file:~/wkspace/gc-studio/p4.2g/.evidence/live/Packages/com.gamecore.rules.traversal (location: ~/wkspace/gc-studio/p4.2g/.evidence/live/Packages/com.gamecore.rules.traversal)
    com.gamecore.studio.core@file:~/wkspace/gc-studio/p4.2g/.evidence/live/Packages/com.gamecore.studio.core (location: ~/wkspace/gc-studio/p4.2g/.evidence/live/Packages/com.gamecore.studio.core)
    com.gamecore.studio.etos@file:~/wkspace/gc-studio/p4.2g/.evidence/live/Packages/com.gamecore.studio.etos (location: ~/wkspace/gc-studio/p4.2g/.evidence/live/Packages/com.gamecore.studio.etos)
    com.gamecore.studio.gameplay@file:~/wkspace/gc-studio/p4.2g/.evidence/live/Packages/com.gamecore.studio.gameplay (location: ~/wkspace/gc-studio/p4.2g/.evidence/live/Packages/com.gamecore.studio.gameplay)
    com.gamecore.studio.ui@file:~/wkspace/gc-studio/p4.2g/.evidence/live/Packages/com.gamecore.studio.ui (location: ~/wkspace/gc-studio/p4.2g/.evidence/live/Packages/com.gamecore.studio.ui)
    com.gamecore.studio.views@file:~/wkspace/gc-studio/p4.2g/.evidence/live/Packages/com.gamecore.studio.views (location: ~/wkspace/gc-studio/p4.2g/.evidence/live/Packages/com.gamecore.studio.views)
    com.gamecore.unity.adapters@file:~/wkspace/gc-studio/p4.2g/.evidence/live/Packages/com.gamecore.unity.adapters (location: ~/wkspace/gc-studio/p4.2g/.evidence/live/Packages/com.gamecore.unity.adapters)
    com.gamecore.unity.app@file:~/wkspace/gc-studio/p4.2g/.evidence/live/Packages/com.gamecore.unity.app (location: ~/wkspace/gc-studio/p4.2g/.evidence/live/Packages/com.gamecore.unity.app)
    com.gamecore.unity.runtime@file:~/wkspace/gc-studio/p4.2g/.evidence/live/Packages/com.gamecore.unity.runtime (location: ~/wkspace/gc-studio/p4.2g/.evidence/live/Packages/com.gamecore.unity.runtime)
[Subsystems] No new subsystems found in resolved package list.
[Package Manager] Done registering packages in 0.00 seconds
A meta data file (.meta) exists but its asset 'Assets/Hollowmere/Tests/R6_D/Scratch/Cargo.lock' can't be found. When moving or deleting files outside of Unity, please ensure that the corresponding .meta file is moved or deleted along with it.
A meta data file (.meta) exists but its folder 'Packages/com.gamecore.studio.gameplay/Tests~' can't be found, and has been created. Empty directories cannot be stored in version control, so it's assumed that the meta data file is for an empty directory in version control. When moving or deleting folders outside of Unity, please ensure that the corresponding .meta file is moved or deleted along with it.
A meta data file (.meta) exists but its asset 'Assets/Hollowmere/Tests/R6_D/Scratch/Cargo.lock' can't be found. When moving or deleting files outside of Unity, please ensure that the corresponding .meta file is moved or deleted along with it.
A meta data file (.meta) exists but its folder 'Packages/com.gamecore.studio.gameplay/Tests~' can't be found, and has been created. Empty directories cannot be stored in version control, so it's assumed that the meta data file is for an empty directory in version control. When moving or deleting folders outside of Unity, please ensure that the corresponding .meta file is moved or deleted along with it.
A meta data file (.meta) exists but its asset 'Assets/Hollowmere/Tests/R6_D/Scratch/Cargo.lock' can't be found. When moving or deleting files outside of Unity, please ensure that the corresponding .meta file is moved or deleted along with it.
A meta data file (.meta) exists but its folder 'Packages/com.gamecore.studio.gameplay/Tests~' can't be found, and has been created. Empty directories cannot be stored in version control, so it's assumed that the meta data file is for an empty directory in version control. When moving or deleting folders outside of Unity, please ensure that the corresponding .meta file is moved or deleted along with it.
Assembly reference Packages/com.unity.entities/Unity.Scenes.Editor/Internals/Properties/Unity.Properties.Internals.asmref has no target assembly definition
Assembly reference Packages/com.unity.entities/Unity.Scenes.Editor/Internals/Properties/Unity.Properties.Internals.asmref has no target assembly definition
[API Updater] Processing imported assemblies took 43 ms (0/0 assembly(ies)).
Assembly Updater Post Process Assets time: 0.044885s
[ScriptCompilation] Requested script compilation because: Assembly Definition File(s) changed
[ScriptCompilation] Requested script compilation because: Assetdatabase observed changes in script compilation related files
[40m[32minfo[39m[22m[49m: Microsoft.Hosting.Lifetime[14]
      Now listening on: http://unix:/tmp/ilpp.sock-df466205e1392703870e7fe0ddf55ecc
[40m[32minfo[39m[22m[49m: Microsoft.Hosting.Lifetime[0]
      Application started. Press Ctrl+C to shut down.
[40m[32minfo[39m[22m[49m: Microsoft.Hosting.Lifetime[0]
      Hosting environment: Production
[40m[32minfo[39m[22m[49m: Microsoft.Hosting.Lifetime[0]
      Content root path: ~/wkspace/gc-studio/p4.2g/.evidence/live/games/hollowmere/
[40m[32minfo[39m[22m[49m: Microsoft.AspNetCore.Hosting.Diagnostics[1]
      Request starting HTTP/2 POST http://ilpp/UnityILPP.PostProcessing/Ping application/grpc -
[40m[32minfo[39m[22m[49m: Microsoft.AspNetCore.Routing.EndpointMiddleware[0]
      Executing endpoint 'gRPC - /UnityILPP.PostProcessing/Ping'
[40m[32minfo[39m[22m[49m: Microsoft.AspNetCore.Routing.EndpointMiddleware[1]
      Executed endpoint 'gRPC - /UnityILPP.PostProcessing/Ping'
[40m[32minfo[39m[22m[49m: Microsoft.AspNetCore.Hosting.Diagnostics[2]
      Request finished HTTP/2 POST http://ilpp/UnityILPP.PostProcessing/Ping application/grpc - - 200 - application/grpc 37.8027ms
Starting: ~/Unity/Hub/Editor/6000.0.75f1/Editor/Data/bee_backend --ipc --defer-dag-verification --dagfile="Library/Bee/2400b0aE.dag" --continue-on-failure --profile="Library/Bee/backend1.traceevents" ScriptAssemblies
WorkingDir: ~/wkspace/gc-studio/p4.2g/.evidence/live/games/hollowmere
ExitCode: 4 Duration: 0s15ms
[] Require frontend run.  Library/Bee/2400b0aE.dag couldn't be loaded
DisplayProgressbar: Compiling Scripts
Starting: ~/Unity/Hub/Editor/6000.0.75f1/Editor/Data/Tools/netcorerun/netcorerun "~/Unity/Hub/Editor/6000.0.75f1/Editor/Data/Tools/BuildPipeline/ScriptCompilationBuildProgram.exe" "Library/Bee/2400b0aE.dag.json" "Library/Bee/2400b0aE-inputdata.json" "Library/Bee/buildprogram0.traceevents"
WorkingDir: ~/wkspace/gc-studio/p4.2g/.evidence/live/games/hollowmere
ExitCode: 0 Duration: 1s669ms
Starting: ~/Unity/Hub/Editor/6000.0.75f1/Editor/Data/bee_backend --ipc --defer-dag-verification --dagfile="Library/Bee/2400b0aE.dag" --continue-on-failure --dagfilejson="Library/Bee/2400b0aE.dag.json" --profile="Library/Bee/backend2.traceevents" ScriptAssemblies
WorkingDir: ~/wkspace/gc-studio/p4.2g/.evidence/live/games/hollowmere
[40m[32minfo[39m[22m[49m: Microsoft.AspNetCore.Hosting.Diagnostics[1]
      Request starting HTTP/2 POST http://ilpp/UnityILPP.PostProcessing/ConfigurePostProcessors application/grpc -
[40m[32minfo[39m[22m[49m: Microsoft.AspNetCore.Routing.EndpointMiddleware[0]
      Executing endpoint 'gRPC - /UnityILPP.PostProcessing/ConfigurePostProcessors'
[40m[1m[33mwarn[39m[22m[49m: Unity.ILPP.Runner.PostProcessingAssemblyLoadContext[0]
      Assembly system.runtime.interopservices.windowsruntime has duplicate hint path. Ignoring "~/Unity/Hub/Editor/6000.0.75f1/Editor/Data/UnityReferenceAssemblies/unity-4.8-api/Facades/System.Runtime.InteropServices.WindowsRuntime.dll" in favor of "~/Unity/Hub/Editor/6000.0.75f1/Editor/Data/NetStandard/Extensions/2.0.0/System.Runtime.InteropServices.WindowsRuntime.dll"
[40m[1m[33mwarn[39m[22m[49m: Unity.ILPP.Runner.PostProcessingAssemblyLoadContext[0]
      Assembly system.componentmodel.composition has duplicate hint path. Ignoring "~/Unity/Hub/Editor/6000.0.75f1/Editor/Data/UnityReferenceAssemblies/unity-4.8-api/System.ComponentModel.Composition.dll" in favor of "~/Unity/Hub/Editor/6000.0.75f1/Editor/Data/NetStandard/compat/2.1.0/shims/netfx/System.ComponentModel.Composition.dll"
[40m[32minfo[39m[22m[49m: Unity.ILPP.Runner.PostProcessingAssemblyLoadContext[0]
      Resolved Unity.Burst.Cecil, Version=0.11.4.0, Culture=neutral, PublicKeyToken=50cebf1cceb9d05e with Library/PackageCache/com.unity.burst@07790c2d06d9/Unity.Burst.CodeGen/Unity.Burst.Cecil.dll
[40m[32minfo[39m[22m[49m: Unity.ILPP.Runner.PostProcessingAssemblyLoadContext[0]
      Resolved Mono.Cecil, Version=0.11.5.0, Culture=neutral, PublicKeyToken=50cebf1cceb9d05e with Library/PackageCache/com.unity.nuget.mono-cecil@ecb9724e46ff/Mono.Cecil.dll
[40m[32minfo[39m[22m[49m: Unity.ILPP.Runner.PostProcessingAssemblyLoadContext[0]
      Resolved Unity.Entities, Version=0.0.0.0, Culture=neutral, PublicKeyToken=null with Library/Bee/artifacts/2400b0aE.dag/Unity.Entities.dll
[40m[32minfo[39m[22m[49m: Microsoft.AspNetCore.Routing.EndpointMiddleware[1]
      Executed endpoint 'gRPC - /UnityILPP.PostProcessing/ConfigurePostProcessors'
[40m[32minfo[39m[22m[49m: Microsoft.AspNetCore.Hosting.Diagnostics[2]
      Request finished HTTP/2 POST http://ilpp/UnityILPP.PostProcessing/ConfigurePostProcessors application/grpc - - 200 - application/grpc 40.3677ms
[40m[32minfo[39m[22m[49m: Microsoft.AspNetCore.Hosting.Diagnostics[1]
      Request starting HTTP/2 POST http://ilpp/UnityILPP.PostProcessing/PostProcessAssembly application/grpc -
[40m[32minfo[39m[22m[49m: Microsoft.AspNetCore.Routing.EndpointMiddleware[0]
      Executing endpoint 'gRPC - /UnityILPP.PostProcessing/PostProcessAssembly'
[40m[32minfo[39m[22m[49m: Microsoft.AspNetCore.Hosting.Diagnostics[1]
      Request starting HTTP/2 POST http://ilpp/UnityILPP.PostProcessing/PostProcessAssembly application/grpc -
[40m[32minfo[39m[22m[49m: Microsoft.AspNetCore.Routing.EndpointMiddleware[0]
      Executing endpoint 'gRPC - /UnityILPP.PostProcessing/PostProcessAssembly'
[40m[32minfo[39m[22m[49m: Microsoft.AspNetCore.Hosting.Diagnostics[1]
      Request starting HTTP/2 POST http://ilpp/UnityILPP.PostProcessing/PostProcessAssembly application/grpc -
[40m[32minfo[39m[22m[49m: Microsoft.AspNetCore.Routing.EndpointMiddleware[0]
      Executing endpoint 'gRPC - /UnityILPP.PostProcessing/PostProcessAssembly'
[40m[32minfo[39m[22m[49m: Microsoft.AspNetCore.Hosting.Diagnostics[1]
      Request starting HTTP/2 POST http://ilpp/UnityILPP.PostProcessing/PostProcessAssembly application/grpc -
[40m[32minfo[39m[22m[49m: Microsoft.AspNetCore.Routing.EndpointMiddleware[0]
      Executing endpoint 'gRPC - /UnityILPP.PostProcessing/PostProcessAssembly'
[40m[32minfo[39m[22m[49m: Microsoft.AspNetCore.Hosting.Diagnostics[1]
      Request starting HTTP/2 POST http://ilpp/UnityILPP.PostProcessing/PostProcessAssembly application/grpc -
[40m[32minfo[39m[22m[49m: Microsoft.AspNetCore.Routing.EndpointMiddleware[0]
      Executing endpoint 'gRPC - /UnityILPP.PostProcessing/PostProcessAssembly'
[40m[32minfo[39m[22m[49m: Microsoft.AspNetCore.Hosting.Diagnostics[1]
      Request starting HTTP/2 POST http://ilpp/UnityILPP.PostProcessing/PostProcessAssembly application/grpc -
[40m[32minfo[39m[22m[49m: Microsoft.AspNetCore.Hosting.Diagnostics[1]
      Request starting HTTP/2 POST http://ilpp/UnityILPP.PostProcessing/PostProcessAssembly application/grpc -
[40m[32minfo[39m[22m[49m: Microsoft.AspNetCore.Routing.EndpointMiddleware[0]
      Executing endpoint 'gRPC - /UnityILPP.PostProcessing/PostProcessAssembly'
[40m[32minfo[39m[22m[49m: Microsoft.AspNetCore.Routing.EndpointMiddleware[0]
      Executing endpoint 'gRPC - /UnityILPP.PostProcessing/PostProcessAssembly'
[40m[32minfo[39m[22m[49m: Microsoft.AspNetCore.Hosting.Diagnostics[1]
      Request starting HTTP/2 POST http://ilpp/UnityILPP.PostProcessing/PostProcessAssembly application/grpc -
[40m[32minfo[39m[22m[49m: Microsoft.AspNetCore.Routing.EndpointMiddleware[0]
      Executing endpoint 'gRPC - /UnityILPP.PostProcessing/PostProcessAssembly'
[40m[32minfo[39m[22m[49m: Microsoft.AspNetCore.Hosting.Diagnostics[1]
      Request starting HTTP/2 POST http://ilpp/UnityILPP.PostProcessing/PostProcessAssembly application/grpc -
[40m[32minfo[39m[22m[49m: Microsoft.AspNetCore.Routing.EndpointMiddleware[0]
      Executing endpoint 'gRPC - /UnityILPP.PostProcessing/PostProcessAssembly'
[40m[32minfo[39m[22m[49m: Microsoft.AspNetCore.Hosting.Diagnostics[1]
      Request starting HTTP/2 POST http://ilpp/UnityILPP.PostProcessing/PostProcessAssembly application/grpc -
[40m[32minfo[39m[22m[49m: Microsoft.AspNetCore.Routing.EndpointMiddleware[0]
      Executing endpoint 'gRPC - /UnityILPP.PostProcessing/PostProcessAssembly'
[40m[32minfo[39m[22m[49m: Microsoft.AspNetCore.Hosting.Diagnostics[1]
      Request starting HTTP/2 POST http://ilpp/UnityILPP.PostProcessing/PostProcessAssembly application/grpc -
[40m[32minfo[39m[22m[49m: Microsoft.AspNetCore.Routing.EndpointMiddleware[0]
      Executing endpoint 'gRPC - /UnityILPP.PostProcessing/PostProcessAssembly'
[40m[32minfo[39m[22m[49m: Microsoft.AspNetCore.Hosting.Diagnostics[1]
      Request starting HTTP/2 POST http://ilpp/UnityILPP.PostProcessing/PostProcessAssembly application/grpc -
[40m[32minfo[39m[22m[49m: Microsoft.AspNetCore.Routing.EndpointMiddleware[0]
      Executing endpoint 'gRPC - /UnityILPP.PostProcessing/PostProcessAssembly'
[40m[32minfo[39m[22m[49m: Microsoft.AspNetCore.Hosting.Diagnostics[1]
      Request starting HTTP/2 POST http://ilpp/UnityILPP.PostProcessing/PostProcessAssembly application/grpc -
[40m[32minfo[39m[22m[49m: Microsoft.AspNetCore.Routing.EndpointMiddleware[0]
      Executing endpoint 'gRPC - /UnityILPP.PostProcessing/PostProcessAssembly'
[40m[32minfo[39m[22m[49m: Microsoft.AspNetCore.Hosting.Diagnostics[1]
      Request starting HTTP/2 POST http://ilpp/UnityILPP.PostProcessing/PostProcessAssembly application/grpc -
[40m[32minfo[39m[22m[49m: Microsoft.AspNetCore.Routing.EndpointMiddleware[0]
      Executing endpoint 'gRPC - /UnityILPP.PostProcessing/PostProcessAssembly'
[40m[32minfo[39m[22m[49m: Microsoft.AspNetCore.Hosting.Diagnostics[1]
      Request starting HTTP/2 POST http://ilpp/UnityILPP.PostProcessing/PostProcessAssembly application/grpc -
[40m[32minfo[39m[22m[49m: Microsoft.AspNetCore.Routing.EndpointMiddleware[0]
      Executing endpoint 'gRPC - /UnityILPP.PostProcessing/PostProcessAssembly'
[40m[32minfo[39m[22m[49m: Microsoft.AspNetCore.Hosting.Diagnostics[1]
      Request starting HTTP/2 POST http://ilpp/UnityILPP.PostProcessing/PostProcessAssembly application/grpc -
[40m[32minfo[39m[22m[49m: Microsoft.AspNetCore.Routing.EndpointMiddleware[0]
      Executing endpoint 'gRPC - /UnityILPP.PostProcessing/PostProcessAssembly'
[40m[32minfo[39m[22m[49m: Microsoft.AspNetCore.Hosting.Diagnostics[1]
      Request starting HTTP/2 POST http://ilpp/UnityILPP.PostProcessing/PostProcessAssembly application/grpc -
[40m[32minfo[39m[22m[49m: Microsoft.AspNetCore.Routing.EndpointMiddleware[0]
      Executing endpoint 'gRPC - /UnityILPP.PostProcessing/PostProcessAssembly'
[40m[32minfo[39m[22m[49m: Unity.ILPP.Runner.PostProcessingPipeline[0]
      Processing assembly Library/Bee/artifacts/2400b0aE.dag/Unity.Rendering.LightTransport.Runtime.dll, with 124 defines and 238 references
[40m[32minfo[39m[22m[49m: Unity.ILPP.Runner.PostProcessingPipeline[0]
      Processing assembly Library/Bee/artifacts/2400b0aE.dag/Unity.Mathematics.dll, with 124 defines and 235 references
[40m[32minfo[39m[22m[49m: Unity.ILPP.Runner.PostProcessingPipeline[0]
      Processing assembly Library/Bee/artifacts/2400b0aE.dag/GameCore.Studio.UI.Tests.Fixtures.dll, with 124 defines and 225 references
[40m[32minfo[39m[22m[49m: Unity.ILPP.Runner.PostProcessingPipeline[0]
      Processing assembly Library/Bee/artifacts/2400b0aE.dag/Unity.InternalAPIEngineBridge.002.dll, with 124 defines and 235 references
[40m[32minfo[39m[22m[49m: Unity.ILPP.Runner.PostProcessingPipeline[0]
      Processing assembly Library/Bee/artifacts/2400b0aE.dag/Unity.RenderPipelines.GPUDriven.Runtime.dll, with 124 defines and 239 references
[40m[32minfo[39m[22m[49m: Unity.ILPP.Runner.PostProcessingPipeline[0]
      Processing assembly Library/Bee/artifacts/2400b0aE.dag/Unity.InputSystem.dll, with 130 defines and 235 references
[40m[32minfo[39m[22m[49m: Unity.ILPP.Runner.PostProcessingPipeline[0]
      Processing assembly Library/Bee/artifacts/2400b0aE.dag/GameCore.Studio.Core.Tests.Fixtures.dll, with 124 defines and 225 references
[40m[32minfo[39m[22m[49m: Unity.ILPP.Runner.PostProcessingPipeline[0]
      Processing assembly Library/Bee/artifacts/2400b0aE.dag/Unity.InputSystem.ForUI.dll, with 124 defines and 236 references
[40m[32minfo[39m[22m[49m: Unity.ILPP.Runner.PostProcessingPipeline[0]
      Processing assembly Library/Bee/artifacts/2400b0aE.dag/Unity.RenderPipelines.Core.Runtime.dll, with 125 defines and 239 references
[40m[32minfo[39m[22m[49m: Unity.ILPP.Runner.PostProcessingPipeline[0]
      Processing assembly Library/Bee/artifacts/2400b0aE.dag/Unity.RenderPipelines.Universal.Shaders.dll, with 124 defines and 235 references
[40m[32minfo[39m[22m[49m: Unity.ILPP.Runner.PostProcessingPipeline[0]
      Processing assembly Library/Bee/artifacts/2400b0aE.dag/Unity.RenderPipeline.Universal.ShaderLibrary.dll, with 124 defines and 236 references
[40m[32minfo[39m[22m[49m: Unity.ILPP.Runner.PostProcessingPipeline[0]
      Processing assembly Library/Bee/artifacts/2400b0aE.dag/Unity.Entities.Hybrid.HybridComponents.dll, with 131 defines and 239 references
[40m[32minfo[39m[22m[49m: Unity.ILPP.Runner.PostProcessingPipeline[0]
      Processing assembly Library/Bee/artifacts/2400b0aE.dag/Unity.AI.Navigation.dll, with 125 defines and 235 references
[40m[32minfo[39m[22m[49m: Unity.ILPP.Runner.PostProcessingPipeline[0]
      Processing assembly Library/Bee/artifacts/2400b0aE.dag/UnityEngine.UI.dll, with 128 defines and 233 references
[40m[32minfo[39m[22m[49m: Unity.ILPP.Runner.PostProcessingPipeline[0]
      Processing assembly Library/Bee/artifacts/2400b0aE.dag/Unity.Mathematics.Extensions.Hybrid.dll, with 124 defines and 239 references
[40m[32minfo[39m[22m[49m: Unity.ILPP.Runner.PostProcessingPipeline[0]
      Processing assembly Library/Bee/artifacts/2400b0aE.dag/Unity.PerformanceTesting.dll, with 125 defines and 227 references
[40m[32minfo[39m[22m[49m: Unity.ILPP.Runner.PostProcessingPipeline[0]
      processors: Unity.Entities.CodeGen.EntitiesILPostProcessors, Unity.Jobs.CodeGen.JobsILPostProcessor, zzzUnity.Burst.CodeGen.BurstILPostProcessor
[40m[32minfo[39m[22m[49m: Unity.ILPP.Runner.PostProcessingPipeline[0]
      processors: Unity.Entities.CodeGen.EntitiesILPostProcessors, Unity.Jobs.CodeGen.JobsILPostProcessor, zzzUnity.Burst.CodeGen.BurstILPostProcessor
[40m[32minfo[39m[22m[49m: Unity.ILPP.Runner.PostProcessingPipeline[0]
      processors: Unity.Entities.CodeGen.EntitiesILPostProcessors, Unity.Jobs.CodeGen.JobsILPostProcessor, zzzUnity.Burst.CodeGen.BurstILPostProcessor
[40m[32minfo[39m[22m[49m: Unity.ILPP.Runner.PostProcessingPipeline[0]
      processors: Unity.Entities.CodeGen.EntitiesILPostProcessors, Unity.Jobs.CodeGen.JobsILPostProcessor, zzzUnity.Burst.CodeGen.BurstILPostProcessor
[40m[32minfo[39m[22m[49m: Unity.ILPP.Runner.PostProcessingPipeline[0]
      processors: Unity.Entities.CodeGen.EntitiesILPostProcessors, Unity.Jobs.CodeGen.JobsILPostProcessor, zzzUnity.Burst.CodeGen.BurstILPostProcessor
[40m[32minfo[39m[22m[49m: Unity.ILPP.Runner.PostProcessingPipeline[0]
      processors: Unity.Entities.CodeGen.EntitiesILPostProcessors, Unity.Jobs.CodeGen.JobsILPostProcessor, zzzUnity.Burst.CodeGen.BurstILPostProcessor
[40m[32minfo[39m[22m[49m: Unity.ILPP.Runner.PostProcessingPipeline[0]
      processors: Unity.Entities.CodeGen.EntitiesILPostProcessors, Unity.Jobs.CodeGen.JobsILPostProcessor, zzzUnity.Burst.CodeGen.BurstILPostProcessor
[40m[32minfo[39m[22m[49m: Unity.ILPP.Runner.PostProcessingPipeline[0]
      processors: Unity.Entities.CodeGen.EntitiesILPostProcessors, Unity.Jobs.CodeGen.JobsILPostProcessor, zzzUnity.Burst.CodeGen.BurstILPostProcessor
[40m[32minfo[39m[22m[49m: Unity.ILPP.Runner.PostProcessingPipeline[0]
      processors: Unity.Entities.CodeGen.EntitiesILPostProcessors, Unity.Jobs.CodeGen.JobsILPostProcessor, zzzUnity.Burst.CodeGen.BurstILPostProcessor
[40m[32minfo[39m[22m[49m: Unity.ILPP.Runner.PostProcessingPipeline[0]
      processors: Unity.Entities.CodeGen.EntitiesILPostProcessors, Unity.Jobs.CodeGen.JobsILPostProcessor, zzzUnity.Burst.CodeGen.BurstILPostProcessor
[40m[32minfo[39m[22m[49m: Unity.ILPP.Runner.PostProcessingPipeline[0]
      processors: Unity.Entities.CodeGen.EntitiesILPostProcessors, Unity.Jobs.CodeGen.JobsILPostProcessor, zzzUnity.Burst.CodeGen.BurstILPostProcessor
[40m[32minfo[39m[22m[49m: Unity.ILPP.Runner.PostProcessingPipeline[0]
      processors: Unity.Entities.CodeGen.EntitiesILPostProcessors, Unity.Jobs.CodeGen.JobsILPostProcessor, zzzUnity.Burst.CodeGen.BurstILPostProcessor
[40m[32minfo[39m[22m[49m: Unity.ILPP.Runner.PostProcessingPipeline[0]
      processors: Unity.Entities.CodeGen.EntitiesILPostProcessors, Unity.Jobs.CodeGen.JobsILPostProcessor, zzzUnity.Burst.CodeGen.BurstILPostProcessor
[40m[32minfo[39m[22m[49m: Unity.ILPP.Runner.PostProcessingPipeline[0]
      processors: Unity.Entities.CodeGen.EntitiesILPostProcessors, Unity.Jobs.CodeGen.JobsILPostProcessor, zzzUnity.Burst.CodeGen.BurstILPostProcessor
[40m[32minfo[39m[22m[49m: Unity.ILPP.Runner.PostProcessingPipeline[0]
      processors: Unity.Entities.CodeGen.EntitiesILPostProcessors, Unity.Jobs.CodeGen.JobsILPostProcessor, zzzUnity.Burst.CodeGen.BurstILPostProcessor
[40m[32minfo[39m[22m[49m: Unity.ILPP.Runner.PostProcessingPipeline[0]
      processors: Unity.Entities.CodeGen.EntitiesILPostProcessors, Unity.Jobs.CodeGen.JobsILPostProcessor, zzzUnity.Burst.CodeGen.BurstILPostProcessor
[40m[32minfo[39m[22m[49m: Unity.ILPP.Runner.PostProcessingPipeline[0]
      Processing assembly Library/Bee/artifacts/2400b0aE.dag/Unity.RenderPipelines.Universal.Config.Runtime.dll, with 124 defines and 236 references
[40m[32minfo[39m[22m[49m: Unity.ILPP.Runner.PostProcessingPipeline[0]
      processors: Unity.Entities.CodeGen.EntitiesILPostProcessors, Unity.Jobs.CodeGen.JobsILPostProcessor, zzzUnity.Burst.CodeGen.BurstILPostProcessor
[40m[32minfo[39m[22m[49m: Unity.ILPP.Runner.PostProcessingPipeline[0]
      running Unity.Entities.CodeGen.EntitiesILPostProcessors
[40m[32minfo[39m[22m[49m: Unity.ILPP.Runner.PostProcessingPipeline[0]
      running Unity.Entities.CodeGen.EntitiesILPostProcessors
[40m[32minfo[39m[22m[49m: Unity.ILPP.Runner.PostProcessingPipeline[0]
      running Unity.Entities.CodeGen.EntitiesILPostProcessors
[40m[32minfo[39m[22m[49m: Unity.ILPP.Runner.PostProcessingPipeline[0]
      running Unity.Entities.CodeGen.EntitiesILPostProcessors
[40m[32minfo[39m[22m[49m: Unity.ILPP.Runner.PostProcessingPipeline[0]
      running Unity.Entities.CodeGen.EntitiesILPostProcessors
[40m[32minfo[39m[22m[49m: Unity.ILPP.Runner.PostProcessingPipeline[0]
      running Unity.Entities.CodeGen.EntitiesILPostProcessors
[40m[32minfo[39m[22m[49m: Unity.ILPP.Runner.PostProcessingPipeline[0]
      running Unity.Entities.CodeGen.EntitiesILPostProcessors
[40m[32minfo[39m[22m[49m: Unity.ILPP.Runner.PostProcessingPipeline[0]
      running Unity.Entities.CodeGen.EntitiesILPostProcessors
[40m[32minfo[39m[22m[49m: Unity.ILPP.Runner.PostProcessingPipeline[0]
      running Unity.Entities.CodeGen.EntitiesILPostProcessors
[40m[32minfo[39m[22m[49m: Unity.ILPP.Runner.PostProcessingPipeline[0]
      running Unity.Entities.CodeGen.EntitiesILPostProcessors
[40m[32minfo[39m[22m[49m: Unity.ILPP.Runner.PostProcessingPipeline[0]
      running Unity.Entities.CodeGen.EntitiesILPostProcessors
[40m[32minfo[39m[22m[49m: Unity.ILPP.Runner.PostProcessingPipeline[0]
      running Unity.Entities.CodeGen.EntitiesILPostProcessors
[40m[32minfo[39m[22m[49m: Unity.ILPP.Runner.PostProcessingPipeline[0]
      running Unity.Entities.CodeGen.EntitiesILPostProcessors
[40m[32minfo[39m[22m[49m: Unity.ILPP.Runner.PostProcessingPipeline[0]
      running Unity.Entities.CodeGen.EntitiesILPostProcessors
[40m[32minfo[39m[22m[49m: Unity.ILPP.Runner.PostProcessingPipeline[0]
      running Unity.Entities.CodeGen.EntitiesILPostProcessors
[40m[32minfo[39m[22m[49m: Unity.ILPP.Runner.PostProcessingPipeline[0]
      running Unity.Entities.CodeGen.EntitiesILPostProcessors
[40m[32minfo[39m[22m[49m: Unity.ILPP.Runner.PostProcessingPipeline[0]
      running Unity.Entities.CodeGen.EntitiesILPostProcessors
[40m[32minfo[39m[22m[49m: Unity.ILPP.Runner.PostProcessingPipeline[0]
      running Unity.Jobs.CodeGen.JobsILPostProcessor
[40m[32minfo[39m[22m[49m: Unity.ILPP.Runner.PostProcessingPipeline[0]
      running Unity.Jobs.CodeGen.JobsILPostProcessor
[40m[32minfo[39m[22m[49m: Unity.ILPP.Runner.PostProcessingPipeline[0]
      running Unity.Jobs.CodeGen.JobsILPostProcessor
[40m[32minfo[39m[22m[49m: Unity.ILPP.Runner.PostProcessingPipeline[0]
      running Unity.Jobs.CodeGen.JobsILPostProcessor
[40m[32minfo[39m[22m[49m: Unity.ILPP.Runner.PostProcessingPipeline[0]
      running Unity.Jobs.CodeGen.JobsILPostProcessor
[40m[32minfo[39m[22m[49m: Unity.ILPP.Runner.PostProcessingPipeline[0]
      running Unity.Jobs.CodeGen.JobsILPostProcessor
[40m[32minfo[39m[22m[49m: Unity.ILPP.Runner.PostProcessingPipeline[0]
      running Unity.Jobs.CodeGen.JobsILPostProcessor
[40m[32minfo[39m[22m[49m: Unity.ILPP.Runner.PostProcessingPipeline[0]
      running Unity.Jobs.CodeGen.JobsILPostProcessor
[40m[32minfo[39m[22m[49m: Unity.ILPP.Runner.PostProcessingPipeline[0]
      running Unity.Jobs.CodeGen.JobsILPostProcessor
[40m[32minfo[39m[22m[49m: Unity.ILPP.Runner.PostProcessingPipeline[0]
      running Unity.Jobs.CodeGen.JobsILPostProcessor
[40m[32minfo[39m[22m[49m: Unity.ILPP.Runner.PostProcessingPipeline[0]
      running Unity.Jobs.CodeGen.JobsILPostProcessor
[40m[32minfo[39m[22m[49m: Unity.ILPP.Runner.PostProcessingPipeline[0]
      running Unity.Jobs.CodeGen.JobsILPostProcessor
[40m[32minfo[39m[22m[49m: Unity.ILPP.Runner.PostProcessingPipeline[0]
      running Unity.Jobs.CodeGen.JobsILPostProcessor
[40m[32minfo[39m[22m[49m: Unity.ILPP.Runner.PostProcessingPipeline[0]
      running Unity.Jobs.CodeGen.JobsILPostProcessor
[40m[32minfo[39m[22m[49m: Unity.ILPP.Runner.PostProcessingPipeline[0]
      running Unity.Jobs.CodeGen.JobsILPostProcessor
[40m[32minfo[39m[22m[49m: Unity.ILPP.Runner.PostProcessingPipeline[0]
      running Unity.Jobs.CodeGen.JobsILPostProcessor
[40m[32minfo[39m[22m[49m: Unity.ILPP.Runner.PostProcessingPipeline[0]
      running zzzUnity.Burst.CodeGen.BurstILPostProcessor
[40m[32minfo[39m[22m[49m: Unity.ILPP.Runner.PostProcessingPipeline[0]
      running zzzUnity.Burst.CodeGen.BurstILPostProcessor
[40m[32minfo[39m[22m[49m: Unity.ILPP.Runner.PostProcessingPipeline[0]
      running zzzUnity.Burst.CodeGen.BurstILPostProcessor
[40m[32minfo[39m[22m[49m: Unity.ILPP.Runner.PostProcessingPipeline[0]
      running zzzUnity.Burst.CodeGen.BurstILPostProcessor
[40m[32minfo[39m[22m[49m: Unity.ILPP.Runner.PostProcessingPipeline[0]
      running zzzUnity.Burst.CodeGen.BurstILPostProcessor
[40m[32minfo[39m[22m[49m: Unity.ILPP.Runner.PostProcessingPipeline[0]
      running zzzUnity.Burst.CodeGen.BurstILPostProcessor
[40m[32minfo[39m[22m[49m: Unity.ILPP.Runner.PostProcessingPipeline[0]
      running zzzUnity.Burst.CodeGen.BurstILPostProcessor
[40m[32minfo[39m[22m[49m: Unity.ILPP.Runner.PostProcessingAssemblyLoadContext[0]
      Resolved Mono.Cecil.Rocks, Version=0.11.5.0, Culture=neutral, PublicKeyToken=50cebf1cceb9d05e with Library/PackageCache/com.unity.nuget.mono-cecil@ecb9724e46ff/Mono.Cecil.Rocks.dll
[40m[32minfo[39m[22m[49m: Unity.ILPP.Runner.PostProcessingPipeline[0]
      running zzzUnity.Burst.CodeGen.BurstILPostProcessor
[40m[32minfo[39m[22m[49m: Unity.ILPP.Runner.PostProcessingPipeline[0]
      running zzzUnity.Burst.CodeGen.BurstILPostProcessor
[40m[32minfo[39m[22m[49m: Unity.ILPP.Runner.PostProcessingPipeline[0]
      running zzzUnity.Burst.CodeGen.BurstILPostProcessor
[40m[32minfo[39m[22m[49m: Unity.ILPP.Runner.PostProcessingPipeline[0]
      running zzzUnity.Burst.CodeGen.BurstILPostProcessor
[40m[32minfo[39m[22m[49m: Unity.ILPP.Runner.PostProcessingPipeline[0]
      running zzzUnity.Burst.CodeGen.BurstILPostProcessor
[40m[32minfo[39m[22m[49m: Unity.ILPP.Runner.PostProcessingAssemblyLoadContext[0]
      Resolved Unity.Collections, Version=0.0.0.0, Culture=neutral, PublicKeyToken=null with Library/Bee/artifacts/2400b0aE.dag/Unity.Collections.dll
[40m[32minfo[39m[22m[49m: Unity.ILPP.Runner.PostProcessingAssemblyLoadContext[0]
      Resolved UnityEngine.CoreModule, Version=0.0.0.0, Culture=neutral, PublicKeyToken=null with ~/Unity/Hub/Editor/6000.0.75f1/Editor/Data/Managed/UnityEngine/UnityEngine.CoreModule.dll
[40m[32minfo[39m[22m[49m: Unity.ILPP.Runner.PostProcessingAssemblyLoadContext[0]
      Resolved Unity.Burst, Version=0.0.0.0, Culture=neutral, PublicKeyToken=null with Library/Bee/artifacts/2400b0aE.dag/Unity.Burst.dll
[40m[32minfo[39m[22m[49m: Microsoft.AspNetCore.Routing.EndpointMiddleware[1]
      Executed endpoint 'gRPC - /UnityILPP.PostProcessing/PostProcessAssembly'
[40m[32minfo[39m[22m[49m: Microsoft.AspNetCore.Routing.EndpointMiddleware[1]
      Executed endpoint 'gRPC - /UnityILPP.PostProcessing/PostProcessAssembly'
[40m[32minfo[39m[22m[49m: Microsoft.AspNetCore.Routing.EndpointMiddleware[1]
      Executed endpoint 'gRPC - /UnityILPP.PostProcessing/PostProcessAssembly'
[40m[32minfo[39m[22m[49m: Microsoft.AspNetCore.Routing.EndpointMiddleware[1]
      Executed endpoint 'gRPC - /UnityILPP.PostProcessing/PostProcessAssembly'
[40m[32minfo[39m[22m[49m: Microsoft.AspNetCore.Routing.EndpointMiddleware[1]
      Executed endpoint 'gRPC - /UnityILPP.PostProcessing/PostProcessAssembly'
[40m[32minfo[39m[22m[49m: Microsoft.AspNetCore.Routing.EndpointMiddleware[1]
      Executed endpoint 'gRPC - /UnityILPP.PostProcessing/PostProcessAssembly'
[40m[32minfo[39m[22m[49m: Microsoft.AspNetCore.Routing.EndpointMiddleware[1]
      Executed endpoint 'gRPC - /UnityILPP.PostProcessing/PostProcessAssembly'
[40m[32minfo[39m[22m[49m: Microsoft.AspNetCore.Routing.EndpointMiddleware[1]
      Executed endpoint 'gRPC - /UnityILPP.PostProcessing/PostProcessAssembly'
[40m[32minfo[39m[22m[49m: Microsoft.AspNetCore.Routing.EndpointMiddleware[1]
      Executed endpoint 'gRPC - /UnityILPP.PostProcessing/PostProcessAssembly'
[40m[32minfo[39m[22m[49m: Microsoft.AspNetCore.Routing.EndpointMiddleware[1]
      Executed endpoint 'gRPC - /UnityILPP.PostProcessing/PostProcessAssembly'
[40m[32minfo[39m[22m[49m: Microsoft.AspNetCore.Routing.EndpointMiddleware[1]
      Executed endpoint 'gRPC - /UnityILPP.PostProcessing/PostProcessAssembly'
[40m[32minfo[39m[22m[49m: Microsoft.AspNetCore.Routing.EndpointMiddleware[1]
      Executed endpoint 'gRPC - /UnityILPP.PostProcessing/PostProcessAssembly'
[40m[32minfo[39m[22m[49m: Microsoft.AspNetCore.Hosting.Diagnostics[2]
      Request finished HTTP/2 POST http://ilpp/UnityILPP.PostProcessing/PostProcessAssembly application/grpc - - 200 - application/grpc 35.8875ms
[40m[32minfo[39m[22m[49m: Microsoft.AspNetCore.Hosting.Diagnostics[2]
      Request finished HTTP/2 POST http://ilpp/UnityILPP.PostProcessing/PostProcessAssembly application/grpc - - 200 - application/grpc 35.9648ms
[40m[32minfo[39m[22m[49m: Microsoft.AspNetCore.Hosting.Diagnostics[2]
      Request finished HTTP/2 POST http://ilpp/UnityILPP.PostProcessing/PostProcessAssembly application/grpc - - 200 - application/grpc 36.8337ms
[40m[32minfo[39m[22m[49m: Microsoft.AspNetCore.Hosting.Diagnostics[2]
      Request finished HTTP/2 POST http://ilpp/UnityILPP.PostProcessing/PostProcessAssembly application/grpc - - 200 - application/grpc 35.5690ms
[40m[32minfo[39m[22m[49m: Microsoft.AspNetCore.Hosting.Diagnostics[2]
      Request finished HTTP/2 POST http://ilpp/UnityILPP.PostProcessing/PostProcessAssembly application/grpc - - 200 - application/grpc 41.1087ms
[40m[32minfo[39m[22m[49m: Microsoft.AspNetCore.Hosting.Diagnostics[2]
      Request finished HTTP/2 POST http://ilpp/UnityILPP.PostProcessing/PostProcessAssembly application/grpc - - 200 - application/grpc 36.9904ms
[40m[32minfo[39m[22m[49m: Microsoft.AspNetCore.Hosting.Diagnostics[2]
      Request finished HTTP/2 POST http://ilpp/UnityILPP.PostProcessing/PostProcessAssembly application/grpc - - 200 - application/grpc 36.8120ms
[40m[32minfo[39m[22m[49m: Microsoft.AspNetCore.Hosting.Diagnostics[2]
      Request finished HTTP/2 POST http://ilpp/UnityILPP.PostProcessing/PostProcessAssembly application/grpc - - 200 - application/grpc 37.6717ms
[40m[32minfo[39m[22m[49m: Microsoft.AspNetCore.Hosting.Diagnostics[2]
      Request finished HTTP/2 POST http://ilpp/UnityILPP.PostProcessing/PostProcessAssembly application/grpc - - 200 - application/grpc 35.8189ms
[40m[32minfo[39m[22m[49m: Microsoft.AspNetCore.Hosting.Diagnostics[2]
      Request finished HTTP/2 POST http://ilpp/UnityILPP.PostProcessing/PostProcessAssembly application/grpc - - 200 - application/grpc 35.6860ms
[40m[32minfo[39m[22m[49m: Microsoft.AspNetCore.Hosting.Diagnostics[2]
      Request finished HTTP/2 POST http://ilpp/UnityILPP.PostProcessing/PostProcessAssembly application/grpc - - 200 - application/grpc 36.0621ms
[40m[32minfo[39m[22m[49m: Microsoft.AspNetCore.Hosting.Diagnostics[2]
      Request finished HTTP/2 POST http://ilpp/UnityILPP.PostProcessing/PostProcessAssembly application/grpc - - 200 - application/grpc 34.3446ms
[40m[32minfo[39m[22m[49m: Unity.ILPP.Runner.PostProcessingAssemblyLoadContext[0]
      Resolved UnityEditor.CoreModule, Version=0.0.0.0, Culture=neutral, PublicKeyToken=null with ~/Unity/Hub/Editor/6000.0.75f1/Editor/Data/Managed/UnityEngine/UnityEditor.CoreModule.dll
[40m[32minfo[39m[22m[49m: Unity.ILPP.Runner.PostProcessingAssemblyLoadContext[0]
      Resolved Unity.Cecil.Awesome, Version=1.0.0.0, Culture=neutral, PublicKeyToken=null with Library/PackageCache/com.unity.entities@e90944159b94/Unity.Entities.CodeGen/Unity.Cecil.Awesome.dll
[40m[32minfo[39m[22m[49m: Unity.ILPP.Runner.PostProcessingPipeline[0]
      running zzzUnity.Burst.CodeGen.BurstILPostProcessor
[40m[32minfo[39m[22m[49m: Unity.ILPP.Runner.PostProcessingPipeline[0]
      running zzzUnity.Burst.CodeGen.BurstILPostProcessor
[40m[32minfo[39m[22m[49m: Unity.ILPP.Runner.PostProcessingAssemblyLoadContext[0]
      Resolved Unity.Burst.Cecil.Rocks, Version=0.11.4.0, Culture=neutral, PublicKeyToken=50cebf1cceb9d05e with Library/PackageCache/com.unity.burst@07790c2d06d9/Unity.Burst.CodeGen/Unity.Burst.Cecil.Rocks.dll
[40m[32minfo[39m[22m[49m: Microsoft.AspNetCore.Routing.EndpointMiddleware[1]
      Executed endpoint 'gRPC - /UnityILPP.PostProcessing/PostProcessAssembly'
[40m[32minfo[39m[22m[49m: Microsoft.AspNetCore.Hosting.Diagnostics[2]
      Request finished HTTP/2 POST http://ilpp/UnityILPP.PostProcessing/PostProcessAssembly application/grpc - - 200 - application/grpc 649.9550ms
[40m[32minfo[39m[22m[49m: Microsoft.AspNetCore.Routing.EndpointMiddleware[1]
      Executed endpoint 'gRPC - /UnityILPP.PostProcessing/PostProcessAssembly'
[40m[32minfo[39m[22m[49m: Microsoft.AspNetCore.Hosting.Diagnostics[2]
      Request finished HTTP/2 POST http://ilpp/UnityILPP.PostProcessing/PostProcessAssembly application/grpc - - 200 - application/grpc 704.1504ms
[40m[32minfo[39m[22m[49m: Unity.ILPP.Runner.PostProcessingPipeline[0]
      running zzzUnity.Burst.CodeGen.BurstILPostProcessor
[40m[32minfo[39m[22m[49m: Unity.ILPP.Runner.PostProcessingPipeline[0]
      running zzzUnity.Burst.CodeGen.BurstILPostProcessor
  - EILPP : Unity.Entities.Hybrid.HybridComponents : : 690ms (~293ms)
    - EILPP : Unity.Entities.Hybrid.HybridComponents : GetAllComponentTypes: 5ms
    - EILPP : Unity.Entities.Hybrid.HybridComponents : Cloner: 8ms
    - EILPP : Unity.Entities.Hybrid.HybridComponents : ComponentDataPP: 37ms
    - EILPP : Unity.Entities.Hybrid.HybridComponents : StaticTypeRegistryPostProcessor: 230ms
    - EILPP : Unity.Entities.Hybrid.HybridComponents : WriteAssembly: 117ms
[40m[32minfo[39m[22m[49m: Unity.ILPP.Runner.PostProcessingPipeline[0]
      running Unity.Jobs.CodeGen.JobsILPostProcessor
[40m[32minfo[39m[22m[49m: Unity.ILPP.Runner.PostProcessingPipeline[0]
      running zzzUnity.Burst.CodeGen.BurstILPostProcessor
[40m[32minfo[39m[22m[49m: Microsoft.AspNetCore.Routing.EndpointMiddleware[1]
      Executed endpoint 'gRPC - /UnityILPP.PostProcessing/PostProcessAssembly'
[40m[32minfo[39m[22m[49m: Microsoft.AspNetCore.Hosting.Diagnostics[2]
      Request finished HTTP/2 POST http://ilpp/UnityILPP.PostProcessing/PostProcessAssembly application/grpc - - 200 - application/grpc 790.5108ms
[40m[32minfo[39m[22m[49m: Microsoft.AspNetCore.Routing.EndpointMiddleware[1]
      Executed endpoint 'gRPC - /UnityILPP.PostProcessing/PostProcessAssembly'
[40m[32minfo[39m[22m[49m: Microsoft.AspNetCore.Hosting.Diagnostics[2]
      Request finished HTTP/2 POST http://ilpp/UnityILPP.PostProcessing/PostProcessAssembly application/grpc - - 200 - application/grpc 797.3831ms
[40m[32minfo[39m[22m[49m: Microsoft.AspNetCore.Hosting.Diagnostics[1]
      Request starting HTTP/2 POST http://ilpp/UnityILPP.PostProcessing/PostProcessAssembly application/grpc -
[40m[32minfo[39m[22m[49m: Microsoft.AspNetCore.Routing.EndpointMiddleware[0]
      Executing endpoint 'gRPC - /UnityILPP.PostProcessing/PostProcessAssembly'
[40m[32minfo[39m[22m[49m: Unity.ILPP.Runner.PostProcessingPipeline[0]
      Processing assembly Library/Bee/artifacts/2400b0aE.dag/GameCore.Composition.dll, with 124 defines and 131 references
[40m[32minfo[39m[22m[49m: Unity.ILPP.Runner.PostProcessingPipeline[0]
      processors: Unity.Entities.CodeGen.EntitiesILPostProcessors, Unity.Jobs.CodeGen.JobsILPostProcessor, zzzUnity.Burst.CodeGen.BurstILPostProcessor
[40m[32minfo[39m[22m[49m: Unity.ILPP.Runner.PostProcessingPipeline[0]
      running Unity.Entities.CodeGen.EntitiesILPostProcessors
[40m[32minfo[39m[22m[49m: Unity.ILPP.Runner.PostProcessingPipeline[0]
      running Unity.Jobs.CodeGen.JobsILPostProcessor
[40m[32minfo[39m[22m[49m: Unity.ILPP.Runner.PostProcessingPipeline[0]
      running zzzUnity.Burst.CodeGen.BurstILPostProcessor
[40m[32minfo[39m[22m[49m: Microsoft.AspNetCore.Routing.EndpointMiddleware[1]
      Executed endpoint 'gRPC - /UnityILPP.PostProcessing/PostProcessAssembly'
[40m[32minfo[39m[22m[49m: Microsoft.AspNetCore.Hosting.Diagnostics[2]
      Request finished HTTP/2 POST http://ilpp/UnityILPP.PostProcessing/PostProcessAssembly application/grpc - - 200 - application/grpc 1.7278ms
[40m[32minfo[39m[22m[49m: Microsoft.AspNetCore.Hosting.Diagnostics[1]
      Request starting HTTP/2 POST http://ilpp/UnityILPP.PostProcessing/PostProcessAssembly application/grpc -
[40m[32minfo[39m[22m[49m: Microsoft.AspNetCore.Routing.EndpointMiddleware[0]
      Executing endpoint 'gRPC - /UnityILPP.PostProcessing/PostProcessAssembly'
[40m[32minfo[39m[22m[49m: Unity.ILPP.Runner.PostProcessingPipeline[0]
      Processing assembly Library/Bee/artifacts/2400b0aE.dag/Unity.Serialization.dll, with 124 defines and 238 references
[40m[32minfo[39m[22m[49m: Unity.ILPP.Runner.PostProcessingPipeline[0]
      processors: Unity.Entities.CodeGen.EntitiesILPostProcessors, Unity.Jobs.CodeGen.JobsILPostProcessor, zzzUnity.Burst.CodeGen.BurstILPostProcessor
[40m[32minfo[39m[22m[49m: Unity.ILPP.Runner.PostProcessingPipeline[0]
      running Unity.Entities.CodeGen.EntitiesILPostProcessors
[40m[32minfo[39m[22m[49m: Unity.ILPP.Runner.PostProcessingPipeline[0]
      running Unity.Jobs.CodeGen.JobsILPostProcessor
[40m[32minfo[39m[22m[49m: Unity.ILPP.Runner.PostProcessingPipeline[0]
      running zzzUnity.Burst.CodeGen.BurstILPostProcessor
[40m[32minfo[39m[22m[49m: Microsoft.AspNetCore.Hosting.Diagnostics[1]
      Request starting HTTP/2 POST http://ilpp/UnityILPP.PostProcessing/PostProcessAssembly application/grpc -
[40m[32minfo[39m[22m[49m: Microsoft.AspNetCore.Routing.EndpointMiddleware[0]
      Executing endpoint 'gRPC - /UnityILPP.PostProcessing/PostProcessAssembly'
[40m[32minfo[39m[22m[49m: Unity.ILPP.Runner.PostProcessingPipeline[0]
      Processing assembly Library/Bee/artifacts/2400b0aE.dag/Unity.Burst.dll, with 124 defines and 229 references
[40m[32minfo[39m[22m[49m: Unity.ILPP.Runner.PostProcessingPipeline[0]
      processors: Unity.Entities.CodeGen.EntitiesILPostProcessors, Unity.Jobs.CodeGen.JobsILPostProcessor, zzzUnity.Burst.CodeGen.BurstILPostProcessor
[40m[32minfo[39m[22m[49m: Unity.ILPP.Runner.PostProcessingPipeline[0]
      running Unity.Entities.CodeGen.EntitiesILPostProcessors
[40m[32minfo[39m[22m[49m: Unity.ILPP.Runner.PostProcessingPipeline[0]
      running Unity.Jobs.CodeGen.JobsILPostProcessor
[40m[32minfo[39m[22m[49m: Unity.ILPP.Runner.PostProcessingPipeline[0]
      running zzzUnity.Burst.CodeGen.BurstILPostProcessor
[40m[32minfo[39m[22m[49m: Microsoft.AspNetCore.Hosting.Diagnostics[1]
      Request starting HTTP/2 POST http://ilpp/UnityILPP.PostProcessing/PostProcessAssembly application/grpc -
[40m[32minfo[39m[22m[49m: Microsoft.AspNetCore.Routing.EndpointMiddleware[0]
      Executing endpoint 'gRPC - /UnityILPP.PostProcessing/PostProcessAssembly'
[40m[32minfo[39m[22m[49m: Unity.ILPP.Runner.PostProcessingPipeline[0]
      Processing assembly Library/Bee/artifacts/2400b0aE.dag/Unity.TextMeshPro.dll, with 125 defines and 235 references
[40m[32minfo[39m[22m[49m: Unity.ILPP.Runner.PostProcessingPipeline[0]
      processors: Unity.Entities.CodeGen.EntitiesILPostProcessors, Unity.Jobs.CodeGen.JobsILPostProcessor, zzzUnity.Burst.CodeGen.BurstILPostProcessor
[40m[32minfo[39m[22m[49m: Microsoft.AspNetCore.Hosting.Diagnostics[1]
      Request starting HTTP/2 POST http://ilpp/UnityILPP.PostProcessing/PostProcessAssembly application/grpc -
[40m[32minfo[39m[22m[49m: Microsoft.AspNetCore.Routing.EndpointMiddleware[0]
      Executing endpoint 'gRPC - /UnityILPP.PostProcessing/PostProcessAssembly'
[40m[32minfo[39m[22m[49m: Unity.ILPP.Runner.PostProcessingPipeline[0]
      Processing assembly Library/Bee/artifacts/2400b0aE.dag/Unity.RenderPipelines.Core.ShaderLibrary.dll, with 124 defines and 235 references
[40m[32minfo[39m[22m[49m: Unity.ILPP.Runner.PostProcessingPipeline[0]
      processors: Unity.Entities.CodeGen.EntitiesILPostProcessors, Unity.Jobs.CodeGen.JobsILPostProcessor, zzzUnity.Burst.CodeGen.BurstILPostProcessor
[40m[32minfo[39m[22m[49m: Unity.ILPP.Runner.PostProcessingPipeline[0]
      running Unity.Entities.CodeGen.EntitiesILPostProcessors
[40m[32minfo[39m[22m[49m: Unity.ILPP.Runner.PostProcessingPipeline[0]
      running Unity.Jobs.CodeGen.JobsILPostProcessor
[40m[32minfo[39m[22m[49m: Unity.ILPP.Runner.PostProcessingPipeline[0]
      running zzzUnity.Burst.CodeGen.BurstILPostProcessor
[40m[32minfo[39m[22m[49m: Microsoft.AspNetCore.Routing.EndpointMiddleware[1]
      Executed endpoint 'gRPC - /UnityILPP.PostProcessing/PostProcessAssembly'
[40m[32minfo[39m[22m[49m: Microsoft.AspNetCore.Hosting.Diagnostics[2]
      Request finished HTTP/2 POST http://ilpp/UnityILPP.PostProcessing/PostProcessAssembly application/grpc - - 200 - application/grpc 0.9202ms
[40m[32minfo[39m[22m[49m: Microsoft.AspNetCore.Hosting.Diagnostics[1]
      Request starting HTTP/2 POST http://ilpp/UnityILPP.PostProcessing/PostProcessAssembly application/grpc -
[40m[32minfo[39m[22m[49m: Microsoft.AspNetCore.Hosting.Diagnostics[1]
      Request starting HTTP/2 POST http://ilpp/UnityILPP.PostProcessing/PostProcessAssembly application/grpc -
[40m[32minfo[39m[22m[49m: Microsoft.AspNetCore.Routing.EndpointMiddleware[0]
      Executing endpoint 'gRPC - /UnityILPP.PostProcessing/PostProcessAssembly'
[40m[32minfo[39m[22m[49m: Microsoft.AspNetCore.Routing.EndpointMiddleware[0]
      Executing endpoint 'gRPC - /UnityILPP.PostProcessing/PostProcessAssembly'
[40m[32minfo[39m[22m[49m: Unity.ILPP.Runner.PostProcessingPipeline[0]
      Processing assembly Library/Bee/artifacts/2400b0aE.dag/Unity.ScriptableBuildPipeline.dll, with 124 defines and 235 references
[40m[32minfo[39m[22m[49m: Unity.ILPP.Runner.PostProcessingPipeline[0]
      processors: Unity.Entities.CodeGen.EntitiesILPostProcessors, Unity.Jobs.CodeGen.JobsILPostProcessor, zzzUnity.Burst.CodeGen.BurstILPostProcessor
[40m[32minfo[39m[22m[49m: Unity.ILPP.Runner.PostProcessingPipeline[0]
      Processing assembly Library/Bee/artifacts/2400b0aE.dag/GameCore.Derivation.dll, with 124 defines and 131 references
[40m[32minfo[39m[22m[49m: Unity.ILPP.Runner.PostProcessingPipeline[0]
      processors: Unity.Entities.CodeGen.EntitiesILPostProcessors, Unity.Jobs.CodeGen.JobsILPostProcessor, zzzUnity.Burst.CodeGen.BurstILPostProcessor
[40m[32minfo[39m[22m[49m: Unity.ILPP.Runner.PostProcessingPipeline[0]
      running Unity.Entities.CodeGen.EntitiesILPostProcessors
[40m[32minfo[39m[22m[49m: Unity.ILPP.Runner.PostProcessingPipeline[0]
      running Unity.Jobs.CodeGen.JobsILPostProcessor
[40m[32minfo[39m[22m[49m: Unity.ILPP.Runner.PostProcessingPipeline[0]
      running zzzUnity.Burst.CodeGen.BurstILPostProcessor
[40m[32minfo[39m[22m[49m: Microsoft.AspNetCore.Routing.EndpointMiddleware[1]
      Executed endpoint 'gRPC - /UnityILPP.PostProcessing/PostProcessAssembly'
[40m[32minfo[39m[22m[49m: Microsoft.AspNetCore.Hosting.Diagnostics[2]
      Request finished HTTP/2 POST http://ilpp/UnityILPP.PostProcessing/PostProcessAssembly application/grpc - - 200 - application/grpc 1.3518ms
[40m[32minfo[39m[22m[49m: Unity.ILPP.Runner.PostProcessingPipeline[0]
      running Unity.Entities.CodeGen.EntitiesILPostProcessors
[40m[32minfo[39m[22m[49m: Unity.ILPP.Runner.PostProcessingPipeline[0]
      running Unity.Jobs.CodeGen.JobsILPostProcessor
[40m[32minfo[39m[22m[49m: Unity.ILPP.Runner.PostProcessingPipeline[0]
      running zzzUnity.Burst.CodeGen.BurstILPostProcessor
[40m[32minfo[39m[22m[49m: Unity.ILPP.Runner.PostProcessingPipeline[0]
      running Unity.Entities.CodeGen.EntitiesILPostProcessors
[40m[32minfo[39m[22m[49m: Unity.ILPP.Runner.PostProcessingPipeline[0]
      running Unity.Jobs.CodeGen.JobsILPostProcessor
[40m[32minfo[39m[22m[49m: Unity.ILPP.Runner.PostProcessingPipeline[0]
      running zzzUnity.Burst.CodeGen.BurstILPostProcessor
[40m[32minfo[39m[22m[49m: Microsoft.AspNetCore.Routing.EndpointMiddleware[1]
      Executed endpoint 'gRPC - /UnityILPP.PostProcessing/PostProcessAssembly'
[40m[32minfo[39m[22m[49m: Microsoft.AspNetCore.Hosting.Diagnostics[2]
      Request finished HTTP/2 POST http://ilpp/UnityILPP.PostProcessing/PostProcessAssembly application/grpc - - 200 - application/grpc 3.4813ms
[40m[32minfo[39m[22m[49m: Microsoft.AspNetCore.Routing.EndpointMiddleware[1]
      Executed endpoint 'gRPC - /UnityILPP.PostProcessing/PostProcessAssembly'
[40m[32minfo[39m[22m[49m: Microsoft.AspNetCore.Hosting.Diagnostics[2]
      Request finished HTTP/2 POST http://ilpp/UnityILPP.PostProcessing/PostProcessAssembly application/grpc - - 200 - application/grpc 9.4150ms
[40m[32minfo[39m[22m[49m: Microsoft.AspNetCore.Hosting.Diagnostics[1]
      Request starting HTTP/2 POST http://ilpp/UnityILPP.PostProcessing/PostProcessAssembly application/grpc -
[40m[32minfo[39m[22m[49m: Microsoft.AspNetCore.Routing.EndpointMiddleware[0]
      Executing endpoint 'gRPC - /UnityILPP.PostProcessing/PostProcessAssembly'
[40m[32minfo[39m[22m[49m: Unity.ILPP.Runner.PostProcessingPipeline[0]
      Processing assembly Library/Bee/artifacts/2400b0aE.dag/GameCore.Gameplay.Contracts.dll, with 124 defines and 131 references
[40m[32minfo[39m[22m[49m: Unity.ILPP.Runner.PostProcessingPipeline[0]
      processors: Unity.Entities.CodeGen.EntitiesILPostProcessors, Unity.Jobs.CodeGen.JobsILPostProcessor, zzzUnity.Burst.CodeGen.BurstILPostProcessor
[40m[32minfo[39m[22m[49m: Unity.ILPP.Runner.PostProcessingPipeline[0]
      running Unity.Entities.CodeGen.EntitiesILPostProcessors
[40m[32minfo[39m[22m[49m: Unity.ILPP.Runner.PostProcessingPipeline[0]
      running Unity.Jobs.CodeGen.JobsILPostProcessor
[40m[32minfo[39m[22m[49m: Unity.ILPP.Runner.PostProcessingPipeline[0]
      running zzzUnity.Burst.CodeGen.BurstILPostProcessor
[40m[32minfo[39m[22m[49m: Microsoft.AspNetCore.Routing.EndpointMiddleware[1]
      Executed endpoint 'gRPC - /UnityILPP.PostProcessing/PostProcessAssembly'
[40m[32minfo[39m[22m[49m: Microsoft.AspNetCore.Hosting.Diagnostics[2]
      Request finished HTTP/2 POST http://ilpp/UnityILPP.PostProcessing/PostProcessAssembly application/grpc - - 200 - application/grpc 1.1020ms
[40m[32minfo[39m[22m[49m: Microsoft.AspNetCore.Hosting.Diagnostics[1]
      Request starting HTTP/2 POST http://ilpp/UnityILPP.PostProcessing/PostProcessAssembly application/grpc -
[40m[32minfo[39m[22m[49m: Microsoft.AspNetCore.Routing.EndpointMiddleware[0]
      Executing endpoint 'gRPC - /UnityILPP.PostProcessing/PostProcessAssembly'
[40m[32minfo[39m[22m[49m: Unity.ILPP.Runner.PostProcessingPipeline[0]
      Processing assembly Library/Bee/artifacts/2400b0aE.dag/Unity.RenderPipelines.Universal.Runtime.dll, with 127 defines and 242 references
[40m[32minfo[39m[22m[49m: Unity.ILPP.Runner.PostProcessingPipeline[0]
      processors: Unity.Entities.CodeGen.EntitiesILPostProcessors, Unity.Jobs.CodeGen.JobsILPostProcessor, zzzUnity.Burst.CodeGen.BurstILPostProcessor
[40m[32minfo[39m[22m[49m: Unity.ILPP.Runner.PostProcessingPipeline[0]
      running Unity.Entities.CodeGen.EntitiesILPostProcessors
[40m[32minfo[39m[22m[49m: Unity.ILPP.Runner.PostProcessingPipeline[0]
      running Unity.Jobs.CodeGen.JobsILPostProcessor
[40m[32minfo[39m[22m[49m: Unity.ILPP.Runner.PostProcessingPipeline[0]
      running zzzUnity.Burst.CodeGen.BurstILPostProcessor
[40m[32minfo[39m[22m[49m: Microsoft.AspNetCore.Hosting.Diagnostics[1]
      Request starting HTTP/2 POST http://ilpp/UnityILPP.PostProcessing/PostProcessAssembly application/grpc -
[40m[32minfo[39m[22m[49m: Microsoft.AspNetCore.Routing.EndpointMiddleware[0]
      Executing endpoint 'gRPC - /UnityILPP.PostProcessing/PostProcessAssembly'
[40m[32minfo[39m[22m[49m: Unity.ILPP.Runner.PostProcessingPipeline[0]
      Processing assembly Library/Bee/artifacts/2400b0aE.dag/Unity.Collections.dll, with 126 defines and 237 references
[40m[32minfo[39m[22m[49m: Unity.ILPP.Runner.PostProcessingPipeline[0]
      processors: Unity.Entities.CodeGen.EntitiesILPostProcessors, Unity.Jobs.CodeGen.JobsILPostProcessor, zzzUnity.Burst.CodeGen.BurstILPostProcessor
[40m[32minfo[39m[22m[49m: Unity.ILPP.Runner.PostProcessingPipeline[0]
      running Unity.Entities.CodeGen.EntitiesILPostProcessors
[40m[32minfo[39m[22m[49m: Unity.ILPP.Runner.PostProcessingPipeline[0]
      running Unity.Jobs.CodeGen.JobsILPostProcessor
[40m[32minfo[39m[22m[49m: Microsoft.AspNetCore.Hosting.Diagnostics[1]
      Request starting HTTP/2 POST http://ilpp/UnityILPP.PostProcessing/PostProcessAssembly application/grpc -
[40m[32minfo[39m[22m[49m: Microsoft.AspNetCore.Routing.EndpointMiddleware[0]
      Executing endpoint 'gRPC - /UnityILPP.PostProcessing/PostProcessAssembly'
[40m[32minfo[39m[22m[49m: Unity.ILPP.Runner.PostProcessingPipeline[0]
      Processing assembly Library/Bee/artifacts/2400b0aE.dag/GameCore.Rules.Cards.dll, with 124 defines and 131 references
[40m[32minfo[39m[22m[49m: Unity.ILPP.Runner.PostProcessingPipeline[0]
      processors: Unity.Entities.CodeGen.EntitiesILPostProcessors, Unity.Jobs.CodeGen.JobsILPostProcessor, zzzUnity.Burst.CodeGen.BurstILPostProcessor
[40m[32minfo[39m[22m[49m: Unity.ILPP.Runner.PostProcessingPipeline[0]
      running Unity.Entities.CodeGen.EntitiesILPostProcessors
[40m[32minfo[39m[22m[49m: Unity.ILPP.Runner.PostProcessingPipeline[0]
      running Unity.Jobs.CodeGen.JobsILPostProcessor
[40m[32minfo[39m[22m[49m: Unity.ILPP.Runner.PostProcessingPipeline[0]
      running zzzUnity.Burst.CodeGen.BurstILPostProcessor
[40m[32minfo[39m[22m[49m: Microsoft.AspNetCore.Hosting.Diagnostics[1]
      Request starting HTTP/2 POST http://ilpp/UnityILPP.PostProcessing/PostProcessAssembly application/grpc -
[40m[32minfo[39m[22m[49m: Microsoft.AspNetCore.Routing.EndpointMiddleware[0]
      Executing endpoint 'gRPC - /UnityILPP.PostProcessing/PostProcessAssembly'
[40m[32minfo[39m[22m[49m: Unity.ILPP.Runner.PostProcessingPipeline[0]
      Processing assembly Library/Bee/artifacts/2400b0aE.dag/Unity.Transforms.Hybrid.dll, with 124 defines and 241 references
[40m[32minfo[39m[22m[49m: Unity.ILPP.Runner.PostProcessingPipeline[0]
      processors: Unity.Entities.CodeGen.EntitiesILPostProcessors, Unity.Jobs.CodeGen.JobsILPostProcessor, zzzUnity.Burst.CodeGen.BurstILPostProcessor
[40m[32minfo[39m[22m[49m: Unity.ILPP.Runner.PostProcessingPipeline[0]
      running Unity.Entities.CodeGen.EntitiesILPostProcessors
[40m[32minfo[39m[22m[49m: Microsoft.AspNetCore.Routing.EndpointMiddleware[1]
      Executed endpoint 'gRPC - /UnityILPP.PostProcessing/PostProcessAssembly'
[40m[32minfo[39m[22m[49m: Microsoft.AspNetCore.Hosting.Diagnostics[2]
      Request finished HTTP/2 POST http://ilpp/UnityILPP.PostProcessing/PostProcessAssembly application/grpc - - 200 - application/grpc 5.3354ms
[40m[32minfo[39m[22m[49m: Microsoft.AspNetCore.Hosting.Diagnostics[1]
      Request starting HTTP/2 POST http://ilpp/UnityILPP.PostProcessing/PostProcessAssembly application/grpc -
[40m[32minfo[39m[22m[49m: Microsoft.AspNetCore.Routing.EndpointMiddleware[0]
      Executing endpoint 'gRPC - /UnityILPP.PostProcessing/PostProcessAssembly'
[40m[32minfo[39m[22m[49m: Unity.ILPP.Runner.PostProcessingPipeline[0]
      Processing assembly Library/Bee/artifacts/2400b0aE.dag/GameCore.Rules.Gameplay.dll, with 124 defines and 130 references
[40m[32minfo[39m[22m[49m: Unity.ILPP.Runner.PostProcessingPipeline[0]
      processors: Unity.Entities.CodeGen.EntitiesILPostProcessors, Unity.Jobs.CodeGen.JobsILPostProcessor, zzzUnity.Burst.CodeGen.BurstILPostProcessor
[40m[32minfo[39m[22m[49m: Microsoft.AspNetCore.Hosting.Diagnostics[1]
      Request starting HTTP/2 POST http://ilpp/UnityILPP.PostProcessing/PostProcessAssembly application/grpc -
[40m[32minfo[39m[22m[49m: Microsoft.AspNetCore.Routing.EndpointMiddleware[0]
      Executing endpoint 'gRPC - /UnityILPP.PostProcessing/PostProcessAssembly'
[40m[32minfo[39m[22m[49m: Unity.ILPP.Runner.PostProcessingPipeline[0]
      Processing assembly Library/Bee/artifacts/2400b0aE.dag/Unity.RenderPipelines.Core.Runtime.Shared.dll, with 124 defines and 236 references
[40m[32minfo[39m[22m[49m: Unity.ILPP.Runner.PostProcessingPipeline[0]
      processors: Unity.Entities.CodeGen.EntitiesILPostProcessors, Unity.Jobs.CodeGen.JobsILPostProcessor, zzzUnity.Burst.CodeGen.BurstILPostProcessor
[40m[32minfo[39m[22m[49m: Microsoft.AspNetCore.Hosting.Diagnostics[1]
      Request starting HTTP/2 POST http://ilpp/UnityILPP.PostProcessing/PostProcessAssembly application/grpc -
[40m[32minfo[39m[22m[49m: Microsoft.AspNetCore.Routing.EndpointMiddleware[0]
      Executing endpoint 'gRPC - /UnityILPP.PostProcessing/PostProcessAssembly'
[40m[32minfo[39m[22m[49m: Unity.ILPP.Runner.PostProcessingPipeline[0]
      Processing assembly Library/Bee/artifacts/2400b0aE.dag/Unity.Transforms.dll, with 124 defines and 239 references
[40m[32minfo[39m[22m[49m: Unity.ILPP.Runner.PostProcessingPipeline[0]
      processors: Unity.Entities.CodeGen.EntitiesILPostProcessors, Unity.Jobs.CodeGen.JobsILPostProcessor, zzzUnity.Burst.CodeGen.BurstILPostProcessor
[40m[32minfo[39m[22m[49m: Unity.ILPP.Runner.PostProcessingPipeline[0]
      running Unity.Entities.CodeGen.EntitiesILPostProcessors
[40m[32minfo[39m[22m[49m: Unity.ILPP.Runner.PostProcessingPipeline[0]
      running Unity.Entities.CodeGen.EntitiesILPostProcessors
[40m[32minfo[39m[22m[49m: Unity.ILPP.Runner.PostProcessingPipeline[0]
      running Unity.Jobs.CodeGen.JobsILPostProcessor
[40m[32minfo[39m[22m[49m: Unity.ILPP.Runner.PostProcessingPipeline[0]
      running zzzUnity.Burst.CodeGen.BurstILPostProcessor
[40m[32minfo[39m[22m[49m: Microsoft.AspNetCore.Routing.EndpointMiddleware[1]
      Executed endpoint 'gRPC - /UnityILPP.PostProcessing/PostProcessAssembly'
[40m[32minfo[39m[22m[49m: Microsoft.AspNetCore.Hosting.Diagnostics[2]
      Request finished HTTP/2 POST http://ilpp/UnityILPP.PostProcessing/PostProcessAssembly application/grpc - - 200 - application/grpc 5.8875ms
[40m[32minfo[39m[22m[49m: Unity.ILPP.Runner.PostProcessingPipeline[0]
      running Unity.Entities.CodeGen.EntitiesILPostProcessors
[40m[32minfo[39m[22m[49m: Unity.ILPP.Runner.PostProcessingPipeline[0]
      running Unity.Jobs.CodeGen.JobsILPostProcessor
[40m[32minfo[39m[22m[49m: Unity.ILPP.Runner.PostProcessingPipeline[0]
      running zzzUnity.Burst.CodeGen.BurstILPostProcessor
[40m[32minfo[39m[22m[49m: Microsoft.AspNetCore.Routing.EndpointMiddleware[1]
      Executed endpoint 'gRPC - /UnityILPP.PostProcessing/PostProcessAssembly'
[40m[32minfo[39m[22m[49m: Microsoft.AspNetCore.Hosting.Diagnostics[2]
      Request finished HTTP/2 POST http://ilpp/UnityILPP.PostProcessing/PostProcessAssembly application/grpc - - 200 - application/grpc 8.8297ms
[40m[32minfo[39m[22m[49m: Microsoft.AspNetCore.Hosting.Diagnostics[1]
      Request starting HTTP/2 POST http://ilpp/UnityILPP.PostProcessing/PostProcessAssembly application/grpc -
[40m[32minfo[39m[22m[49m: Microsoft.AspNetCore.Routing.EndpointMiddleware[0]
      Executing endpoint 'gRPC - /UnityILPP.PostProcessing/PostProcessAssembly'
[40m[32minfo[39m[22m[49m: Unity.ILPP.Runner.PostProcessingPipeline[0]
      Processing assembly Library/Bee/artifacts/2400b0aE.dag/Unity.Deformations.dll, with 124 defines and 238 references
[40m[32minfo[39m[22m[49m: Unity.ILPP.Runner.PostProcessingPipeline[0]
      processors: Unity.Entities.CodeGen.EntitiesILPostProcessors, Unity.Jobs.CodeGen.JobsILPostProcessor, zzzUnity.Burst.CodeGen.BurstILPostProcessor
[40m[32minfo[39m[22m[49m: Unity.ILPP.Runner.PostProcessingPipeline[0]
      running Unity.Entities.CodeGen.EntitiesILPostProcessors
[40m[32minfo[39m[22m[49m: Microsoft.AspNetCore.Hosting.Diagnostics[1]
      Request starting HTTP/2 POST http://ilpp/UnityILPP.PostProcessing/PostProcessAssembly application/grpc -
[40m[32minfo[39m[22m[49m: Microsoft.AspNetCore.Hosting.Diagnostics[1]
      Request starting HTTP/2 POST http://ilpp/UnityILPP.PostProcessing/PostProcessAssembly application/grpc -
[40m[32minfo[39m[22m[49m: Microsoft.AspNetCore.Routing.EndpointMiddleware[0]
      Executing endpoint 'gRPC - /UnityILPP.PostProcessing/PostProcessAssembly'
[40m[32minfo[39m[22m[49m: Microsoft.AspNetCore.Routing.EndpointMiddleware[0]
      Executing endpoint 'gRPC - /UnityILPP.PostProcessing/PostProcessAssembly'
[40m[32minfo[39m[22m[49m: Microsoft.AspNetCore.Hosting.Diagnostics[1]
      Request starting HTTP/2 POST http://ilpp/UnityILPP.PostProcessing/PostProcessAssembly application/grpc -
[40m[32minfo[39m[22m[49m: Microsoft.AspNetCore.Routing.EndpointMiddleware[0]
      Executing endpoint 'gRPC - /UnityILPP.PostProcessing/PostProcessAssembly'
[40m[32minfo[39m[22m[49m: Unity.ILPP.Runner.PostProcessingPipeline[0]
      Processing assembly Library/Bee/artifacts/2400b0aE.dag/GameCore.Contracts.dll, with 124 defines and 130 references
[40m[32minfo[39m[22m[49m: Unity.ILPP.Runner.PostProcessingPipeline[0]
      Processing assembly Library/Bee/artifacts/2400b0aE.dag/GameCore.Rules.Traversal.dll, with 124 defines and 131 references
[40m[32minfo[39m[22m[49m: Unity.ILPP.Runner.PostProcessingPipeline[0]
      processors: Unity.Entities.CodeGen.EntitiesILPostProcessors, Unity.Jobs.CodeGen.JobsILPostProcessor, zzzUnity.Burst.CodeGen.BurstILPostProcessor
[40m[32minfo[39m[22m[49m: Unity.ILPP.Runner.PostProcessingPipeline[0]
      processors: Unity.Entities.CodeGen.EntitiesILPostProcessors, Unity.Jobs.CodeGen.JobsILPostProcessor, zzzUnity.Burst.CodeGen.BurstILPostProcessor
[40m[32minfo[39m[22m[49m: Unity.ILPP.Runner.PostProcessingPipeline[0]
      running Unity.Entities.CodeGen.EntitiesILPostProcessors
[40m[32minfo[39m[22m[49m: Unity.ILPP.Runner.PostProcessingPipeline[0]
      running Unity.Jobs.CodeGen.JobsILPostProcessor
[40m[32minfo[39m[22m[49m: Unity.ILPP.Runner.PostProcessingPipeline[0]
      running zzzUnity.Burst.CodeGen.BurstILPostProcessor
[40m[32minfo[39m[22m[49m: Microsoft.AspNetCore.Routing.EndpointMiddleware[1]
      Executed endpoint 'gRPC - /UnityILPP.PostProcessing/PostProcessAssembly'
[40m[32minfo[39m[22m[49m: Microsoft.AspNetCore.Hosting.Diagnostics[2]
      Request finished HTTP/2 POST http://ilpp/UnityILPP.PostProcessing/PostProcessAssembly application/grpc - - 200 - application/grpc 0.9526ms
[40m[32minfo[39m[22m[49m: Unity.ILPP.Runner.PostProcessingPipeline[0]
      Processing assembly Library/Bee/artifacts/2400b0aE.dag/Unity.Profiling.Core.dll, with 124 defines and 235 references
[40m[32minfo[39m[22m[49m: Unity.ILPP.Runner.PostProcessingPipeline[0]
      processors: Unity.Entities.CodeGen.EntitiesILPostProcessors, Unity.Jobs.CodeGen.JobsILPostProcessor, zzzUnity.Burst.CodeGen.BurstILPostProcessor
[40m[32minfo[39m[22m[49m: Unity.ILPP.Runner.PostProcessingPipeline[0]
      running Unity.Entities.CodeGen.EntitiesILPostProcessors
[40m[32minfo[39m[22m[49m: Unity.ILPP.Runner.PostProcessingPipeline[0]
      running Unity.Jobs.CodeGen.JobsILPostProcessor
[40m[32minfo[39m[22m[49m: Unity.ILPP.Runner.PostProcessingPipeline[0]
      running zzzUnity.Burst.CodeGen.BurstILPostProcessor
[40m[32minfo[39m[22m[49m: Microsoft.AspNetCore.Routing.EndpointMiddleware[1]
      Executed endpoint 'gRPC - /UnityILPP.PostProcessing/PostProcessAssembly'
[40m[32minfo[39m[22m[49m: Microsoft.AspNetCore.Hosting.Diagnostics[2]
      Request finished HTTP/2 POST http://ilpp/UnityILPP.PostProcessing/PostProcessAssembly application/grpc - - 200 - application/grpc 3.0683ms
[40m[32minfo[39m[22m[49m: Microsoft.AspNetCore.Hosting.Diagnostics[1]
      Request starting HTTP/2 POST http://ilpp/UnityILPP.PostProcessing/PostProcessAssembly application/grpc -
[40m[32minfo[39m[22m[49m: Microsoft.AspNetCore.Routing.EndpointMiddleware[0]
      Executing endpoint 'gRPC - /UnityILPP.PostProcessing/PostProcessAssembly'
[40m[32minfo[39m[22m[49m: Unity.ILPP.Runner.PostProcessingPipeline[0]
      Processing assembly Library/Bee/artifacts/2400b0aE.dag/Unity.RenderPipelines.ShaderGraph.ShaderGraphLibrary.dll, with 124 defines and 235 references
[40m[32minfo[39m[22m[49m: Unity.ILPP.Runner.PostProcessingPipeline[0]
      processors: Unity.Entities.CodeGen.EntitiesILPostProcessors, Unity.Jobs.CodeGen.JobsILPostProcessor, zzzUnity.Burst.CodeGen.BurstILPostProcessor
[40m[32minfo[39m[22m[49m: Unity.ILPP.Runner.PostProcessingPipeline[0]
      running Unity.Entities.CodeGen.EntitiesILPostProcessors
[40m[32minfo[39m[22m[49m: Unity.ILPP.Runner.PostProcessingPipeline[0]
      running Unity.Jobs.CodeGen.JobsILPostProcessor
[40m[32minfo[39m[22m[49m: Unity.ILPP.Runner.PostProcessingPipeline[0]
      running zzzUnity.Burst.CodeGen.BurstILPostProcessor
[40m[32minfo[39m[22m[49m: Microsoft.AspNetCore.Routing.EndpointMiddleware[1]
      Executed endpoint 'gRPC - /UnityILPP.PostProcessing/PostProcessAssembly'
[40m[32minfo[39m[22m[49m: Microsoft.AspNetCore.Hosting.Diagnostics[2]
      Request finished HTTP/2 POST http://ilpp/UnityILPP.PostProcessing/PostProcessAssembly application/grpc - - 200 - application/grpc 1.0394ms
[40m[32minfo[39m[22m[49m: Unity.ILPP.Runner.PostProcessingPipeline[0]
      running Unity.Entities.CodeGen.EntitiesILPostProcessors
[40m[32minfo[39m[22m[49m: Unity.ILPP.Runner.PostProcessingPipeline[0]
      running Unity.Jobs.CodeGen.JobsILPostProcessor
[40m[32minfo[39m[22m[49m: Unity.ILPP.Runner.PostProcessingPipeline[0]
      running zzzUnity.Burst.CodeGen.BurstILPostProcessor
[40m[32minfo[39m[22m[49m: Microsoft.AspNetCore.Routing.EndpointMiddleware[1]
      Executed endpoint 'gRPC - /UnityILPP.PostProcessing/PostProcessAssembly'
[40m[32minfo[39m[22m[49m: Microsoft.AspNetCore.Hosting.Diagnostics[2]
      Request finished HTTP/2 POST http://ilpp/UnityILPP.PostProcessing/PostProcessAssembly application/grpc - - 200 - application/grpc 12.7408ms
[40m[32minfo[39m[22m[49m: Microsoft.AspNetCore.Hosting.Diagnostics[1]
      Request starting HTTP/2 POST http://ilpp/UnityILPP.PostProcessing/PostProcessAssembly application/grpc -
[40m[32minfo[39m[22m[49m: Microsoft.AspNetCore.Routing.EndpointMiddleware[0]
      Executing endpoint 'gRPC - /UnityILPP.PostProcessing/PostProcessAssembly'
[40m[32minfo[39m[22m[49m: Microsoft.AspNetCore.Hosting.Diagnostics[1]
      Request starting HTTP/2 POST http://ilpp/UnityILPP.PostProcessing/PostProcessAssembly application/grpc -
[40m[32minfo[39m[22m[49m: Microsoft.AspNetCore.Routing.EndpointMiddleware[0]
      Executing endpoint 'gRPC - /UnityILPP.PostProcessing/PostProcessAssembly'
[40m[32minfo[39m[22m[49m: Microsoft.AspNetCore.Hosting.Diagnostics[1]
      Request starting HTTP/2 POST http://ilpp/UnityILPP.PostProcessing/PostProcessAssembly application/grpc -
[40m[32minfo[39m[22m[49m: Microsoft.AspNetCore.Routing.EndpointMiddleware[0]
      Executing endpoint 'gRPC - /UnityILPP.PostProcessing/PostProcessAssembly'
[40m[32minfo[39m[22m[49m: Unity.ILPP.Runner.PostProcessingPipeline[0]
      Processing assembly Library/Bee/artifacts/2400b0aE.dag/Unity.Entities.UI.dll, with 124 defines and 235 references
[40m[32minfo[39m[22m[49m: Unity.ILPP.Runner.PostProcessingPipeline[0]
      processors: Unity.Entities.CodeGen.EntitiesILPostProcessors, Unity.Jobs.CodeGen.JobsILPostProcessor, zzzUnity.Burst.CodeGen.BurstILPostProcessor
[40m[32minfo[39m[22m[49m: Unity.ILPP.Runner.PostProcessingPipeline[0]
      Processing assembly Library/Bee/artifacts/2400b0aE.dag/Unity.Scenes.dll, with 124 defines and 242 references
[40m[32minfo[39m[22m[49m: Unity.ILPP.Runner.PostProcessingPipeline[0]
      processors: Unity.Entities.CodeGen.EntitiesILPostProcessors, Unity.Jobs.CodeGen.JobsILPostProcessor, zzzUnity.Burst.CodeGen.BurstILPostProcessor
[40m[32minfo[39m[22m[49m: Unity.ILPP.Runner.PostProcessingPipeline[0]
      Processing assembly Library/Bee/artifacts/2400b0aE.dag/Unity.RenderPipelines.Universal.2D.Runtime.dll, with 124 defines and 240 references
[40m[32minfo[39m[22m[49m: Unity.ILPP.Runner.PostProcessingPipeline[0]
      processors: Unity.Entities.CodeGen.EntitiesILPostProcessors, Unity.Jobs.CodeGen.JobsILPostProcessor, zzzUnity.Burst.CodeGen.BurstILPostProcessor
[40m[32minfo[39m[22m[49m: Unity.ILPP.Runner.PostProcessingPipeline[0]
      running Unity.Entities.CodeGen.EntitiesILPostProcessors
[40m[32minfo[39m[22m[49m: Unity.ILPP.Runner.PostProcessingPipeline[0]
      running Unity.Jobs.CodeGen.JobsILPostProcessor
[40m[32minfo[39m[22m[49m: Unity.ILPP.Runner.PostProcessingPipeline[0]
      running Unity.Entities.CodeGen.EntitiesILPostProcessors
[40m[32minfo[39m[22m[49m: Unity.ILPP.Runner.PostProcessingPipeline[0]
      running zzzUnity.Burst.CodeGen.BurstILPostProcessor
[40m[32minfo[39m[22m[49m: Unity.ILPP.Runner.PostProcessingPipeline[0]
      running Unity.Entities.CodeGen.EntitiesILPostProcessors
[40m[32minfo[39m[22m[49m: Unity.ILPP.Runner.PostProcessingPipeline[0]
      running Unity.Jobs.CodeGen.JobsILPostProcessor
[40m[32minfo[39m[22m[49m: Unity.ILPP.Runner.PostProcessingPipeline[0]
      running zzzUnity.Burst.CodeGen.BurstILPostProcessor
[40m[32minfo[39m[22m[49m: Microsoft.AspNetCore.Routing.EndpointMiddleware[1]
      Executed endpoint 'gRPC - /UnityILPP.PostProcessing/PostProcessAssembly'
[40m[32minfo[39m[22m[49m: Microsoft.AspNetCore.Hosting.Diagnostics[2]
      Request finished HTTP/2 POST http://ilpp/UnityILPP.PostProcessing/PostProcessAssembly application/grpc - - 200 - application/grpc 1.6315ms
[40m[32minfo[39m[22m[49m: Microsoft.AspNetCore.Hosting.Diagnostics[1]
      Request starting HTTP/2 POST http://ilpp/UnityILPP.PostProcessing/PostProcessAssembly application/grpc -
[40m[32minfo[39m[22m[49m: Microsoft.AspNetCore.Routing.EndpointMiddleware[0]
      Executing endpoint 'gRPC - /UnityILPP.PostProcessing/PostProcessAssembly'
[40m[32minfo[39m[22m[49m: Unity.ILPP.Runner.PostProcessingPipeline[0]
      Processing assembly Library/Bee/artifacts/2400b0aE.dag/GameCore.Planning.dll, with 124 defines and 131 references
[40m[32minfo[39m[22m[49m: Unity.ILPP.Runner.PostProcessingPipeline[0]
      processors: Unity.Entities.CodeGen.EntitiesILPostProcessors, Unity.Jobs.CodeGen.JobsILPostProcessor, zzzUnity.Burst.CodeGen.BurstILPostProcessor
[40m[32minfo[39m[22m[49m: Unity.ILPP.Runner.PostProcessingPipeline[0]
      running Unity.Entities.CodeGen.EntitiesILPostProcessors
[40m[32minfo[39m[22m[49m: Unity.ILPP.Runner.PostProcessingPipeline[0]
      running Unity.Jobs.CodeGen.JobsILPostProcessor
[40m[32minfo[39m[22m[49m: Unity.ILPP.Runner.PostProcessingPipeline[0]
      running zzzUnity.Burst.CodeGen.BurstILPostProcessor
[40m[32minfo[39m[22m[49m: Microsoft.AspNetCore.Routing.EndpointMiddleware[1]
      Executed endpoint 'gRPC - /UnityILPP.PostProcessing/PostProcessAssembly'
[40m[32minfo[39m[22m[49m: Microsoft.AspNetCore.Hosting.Diagnostics[2]
      Request finished HTTP/2 POST http://ilpp/UnityILPP.PostProcessing/PostProcessAssembly application/grpc - - 200 - application/grpc 1.3690ms
[40m[32minfo[39m[22m[49m: Microsoft.AspNetCore.Hosting.Diagnostics[1]
      Request starting HTTP/2 POST http://ilpp/UnityILPP.PostProcessing/PostProcessAssembly application/grpc -
[40m[32minfo[39m[22m[49m: Microsoft.AspNetCore.Routing.EndpointMiddleware[0]
      Executing endpoint 'gRPC - /UnityILPP.PostProcessing/PostProcessAssembly'
[40m[32minfo[39m[22m[49m: Unity.ILPP.Runner.PostProcessingPipeline[0]
      Processing assembly Library/Bee/artifacts/2400b0aE.dag/Unity.Entities.dll, with 128 defines and 241 references
[40m[32minfo[39m[22m[49m: Unity.ILPP.Runner.PostProcessingPipeline[0]
      processors: Unity.Entities.CodeGen.EntitiesILPostProcessors, Unity.Jobs.CodeGen.JobsILPostProcessor, zzzUnity.Burst.CodeGen.BurstILPostProcessor
[40m[32minfo[39m[22m[49m: Unity.ILPP.Runner.PostProcessingPipeline[0]
      running Unity.Entities.CodeGen.EntitiesILPostProcessors
  - EILPP : Unity.Deformations : : 235ms (~39ms)
    - EILPP : Unity.Deformations : StaticTypeRegistryPostProcessor: 196ms
[40m[32minfo[39m[22m[49m: Unity.ILPP.Runner.PostProcessingPipeline[0]
      running Unity.Jobs.CodeGen.JobsILPostProcessor
[40m[32minfo[39m[22m[49m: Unity.ILPP.Runner.PostProcessingPipeline[0]
      running zzzUnity.Burst.CodeGen.BurstILPostProcessor
[40m[32minfo[39m[22m[49m: Microsoft.AspNetCore.Routing.EndpointMiddleware[1]
      Executed endpoint 'gRPC - /UnityILPP.PostProcessing/PostProcessAssembly'
[40m[32minfo[39m[22m[49m: Microsoft.AspNetCore.Hosting.Diagnostics[2]
      Request finished HTTP/2 POST http://ilpp/UnityILPP.PostProcessing/PostProcessAssembly application/grpc - - 200 - application/grpc 242.6844ms
[40m[32minfo[39m[22m[49m: Microsoft.AspNetCore.Hosting.Diagnostics[1]
      Request starting HTTP/2 POST http://ilpp/UnityILPP.PostProcessing/PostProcessAssembly application/grpc -
[40m[32minfo[39m[22m[49m: Microsoft.AspNetCore.Hosting.Diagnostics[1]
      Request starting HTTP/2 POST http://ilpp/UnityILPP.PostProcessing/PostProcessAssembly application/grpc -
[40m[32minfo[39m[22m[49m: Microsoft.AspNetCore.Routing.EndpointMiddleware[0]
      Executing endpoint 'gRPC - /UnityILPP.PostProcessing/PostProcessAssembly'
[40m[32minfo[39m[22m[49m: Microsoft.AspNetCore.Routing.EndpointMiddleware[0]
      Executing endpoint 'gRPC - /UnityILPP.PostProcessing/PostProcessAssembly'
[40m[32minfo[39m[22m[49m: Unity.ILPP.Runner.PostProcessingPipeline[0]
      Processing assembly Library/Bee/artifacts/2400b0aE.dag/Unity.Mathematics.Extensions.dll, with 124 defines and 238 references
[40m[32minfo[39m[22m[49m: Unity.ILPP.Runner.PostProcessingPipeline[0]
      Processing assembly Library/Bee/artifacts/2400b0aE.dag/Unity.Entities.Hybrid.dll, with 125 defines and 244 references
[40m[32minfo[39m[22m[49m: Unity.ILPP.Runner.PostProcessingPipeline[0]
      processors: Unity.Entities.CodeGen.EntitiesILPostProcessors, Unity.Jobs.CodeGen.JobsILPostProcessor, zzzUnity.Burst.CodeGen.BurstILPostProcessor
[40m[32minfo[39m[22m[49m: Unity.ILPP.Runner.PostProcessingPipeline[0]
      processors: Unity.Entities.CodeGen.EntitiesILPostProcessors, Unity.Jobs.CodeGen.JobsILPostProcessor, zzzUnity.Burst.CodeGen.BurstILPostProcessor
[40m[32minfo[39m[22m[49m: Unity.ILPP.Runner.PostProcessingPipeline[0]
      running Unity.Entities.CodeGen.EntitiesILPostProcessors
[40m[32minfo[39m[22m[49m: Unity.ILPP.Runner.PostProcessingPipeline[0]
      running Unity.Jobs.CodeGen.JobsILPostProcessor
[40m[32minfo[39m[22m[49m: Unity.ILPP.Runner.PostProcessingPipeline[0]
      running Unity.Entities.CodeGen.EntitiesILPostProcessors
[40m[32minfo[39m[22m[49m: Microsoft.AspNetCore.Routing.EndpointMiddleware[1]
      Executed endpoint 'gRPC - /UnityILPP.PostProcessing/PostProcessAssembly'
[40m[32minfo[39m[22m[49m: Microsoft.AspNetCore.Hosting.Diagnostics[1]
      Request starting HTTP/2 POST http://ilpp/UnityILPP.PostProcessing/PostProcessAssembly application/grpc -
[40m[32minfo[39m[22m[49m: Microsoft.AspNetCore.Routing.EndpointMiddleware[0]
      Executing endpoint 'gRPC - /UnityILPP.PostProcessing/PostProcessAssembly'
[40m[32minfo[39m[22m[49m: Microsoft.AspNetCore.Hosting.Diagnostics[2]
      Request finished HTTP/2 POST http://ilpp/UnityILPP.PostProcessing/PostProcessAssembly application/grpc - - 200 - application/grpc 302.3004ms
[40m[32minfo[39m[22m[49m: Unity.ILPP.Runner.PostProcessingPipeline[0]
      Processing assembly Library/Bee/artifacts/2400b0aE.dag/GameCore.Derivation.Fixtures.dll, with 124 defines and 132 references
[40m[32minfo[39m[22m[49m: Unity.ILPP.Runner.PostProcessingPipeline[0]
      processors: Unity.Entities.CodeGen.EntitiesILPostProcessors, Unity.Jobs.CodeGen.JobsILPostProcessor, zzzUnity.Burst.CodeGen.BurstILPostProcessor
[40m[32minfo[39m[22m[49m: Unity.ILPP.Runner.PostProcessingPipeline[0]
      running Unity.Entities.CodeGen.EntitiesILPostProcessors
[40m[32minfo[39m[22m[49m: Unity.ILPP.Runner.PostProcessingPipeline[0]
      running Unity.Jobs.CodeGen.JobsILPostProcessor
[40m[32minfo[39m[22m[49m: Unity.ILPP.Runner.PostProcessingPipeline[0]
      running zzzUnity.Burst.CodeGen.BurstILPostProcessor
[40m[32minfo[39m[22m[49m: Microsoft.AspNetCore.Routing.EndpointMiddleware[1]
      Executed endpoint 'gRPC - /UnityILPP.PostProcessing/PostProcessAssembly'
[40m[32minfo[39m[22m[49m: Microsoft.AspNetCore.Hosting.Diagnostics[2]
      Request finished HTTP/2 POST http://ilpp/UnityILPP.PostProcessing/PostProcessAssembly application/grpc - - 200 - application/grpc 1.1555ms
[40m[32minfo[39m[22m[49m: Unity.ILPP.Runner.PostProcessingPipeline[0]
      running zzzUnity.Burst.CodeGen.BurstILPostProcessor
[40m[32minfo[39m[22m[49m: Microsoft.AspNetCore.Routing.EndpointMiddleware[1]
      Executed endpoint 'gRPC - /UnityILPP.PostProcessing/PostProcessAssembly'
[40m[32minfo[39m[22m[49m: Microsoft.AspNetCore.Hosting.Diagnostics[2]
      Request finished HTTP/2 POST http://ilpp/UnityILPP.PostProcessing/PostProcessAssembly application/grpc - - 200 - application/grpc 164.5153ms
[40m[32minfo[39m[22m[49m: Microsoft.AspNetCore.Hosting.Diagnostics[1]
      Request starting HTTP/2 POST http://ilpp/UnityILPP.PostProcessing/PostProcessAssembly application/grpc -
[40m[32minfo[39m[22m[49m: Microsoft.AspNetCore.Routing.EndpointMiddleware[0]
      Executing endpoint 'gRPC - /UnityILPP.PostProcessing/PostProcessAssembly'
[40m[32minfo[39m[22m[49m: Unity.ILPP.Runner.PostProcessingPipeline[0]
      Processing assembly Library/Bee/artifacts/2400b0aE.dag/Hollowmere.World.Generated.dll, with 124 defines and 237 references
[40m[32minfo[39m[22m[49m: Unity.ILPP.Runner.PostProcessingPipeline[0]
      processors: Unity.Entities.CodeGen.EntitiesILPostProcessors, Unity.Jobs.CodeGen.JobsILPostProcessor, zzzUnity.Burst.CodeGen.BurstILPostProcessor
[40m[32minfo[39m[22m[49m: Unity.ILPP.Runner.PostProcessingPipeline[0]
      running Unity.Entities.CodeGen.EntitiesILPostProcessors
[40m[32minfo[39m[22m[49m: Unity.ILPP.Runner.PostProcessingPipeline[0]
      running Unity.Jobs.CodeGen.JobsILPostProcessor
[40m[32minfo[39m[22m[49m: Unity.ILPP.Runner.PostProcessingPipeline[0]
      running zzzUnity.Burst.CodeGen.BurstILPostProcessor
[40m[32minfo[39m[22m[49m: Microsoft.AspNetCore.Routing.EndpointMiddleware[1]
      Executed endpoint 'gRPC - /UnityILPP.PostProcessing/PostProcessAssembly'
[40m[32minfo[39m[22m[49m: Microsoft.AspNetCore.Hosting.Diagnostics[2]
      Request finished HTTP/2 POST http://ilpp/UnityILPP.PostProcessing/PostProcessAssembly application/grpc - - 200 - application/grpc 0.8547ms
[40m[32minfo[39m[22m[49m: Microsoft.AspNetCore.Hosting.Diagnostics[1]
      Request starting HTTP/2 POST http://ilpp/UnityILPP.PostProcessing/PostProcessAssembly application/grpc -
[40m[32minfo[39m[22m[49m: Microsoft.AspNetCore.Routing.EndpointMiddleware[0]
      Executing endpoint 'gRPC - /UnityILPP.PostProcessing/PostProcessAssembly'
[40m[32minfo[39m[22m[49m: Unity.ILPP.Runner.PostProcessingPipeline[0]
      Processing assembly Library/Bee/artifacts/2400b0aE.dag/Unity.InputSystem.TestFramework.dll, with 125 defines and 229 references
[40m[32minfo[39m[22m[49m: Unity.ILPP.Runner.PostProcessingPipeline[0]
      processors: Unity.Entities.CodeGen.EntitiesILPostProcessors, Unity.Jobs.CodeGen.JobsILPostProcessor, zzzUnity.Burst.CodeGen.BurstILPostProcessor
[40m[32minfo[39m[22m[49m: Unity.ILPP.Runner.PostProcessingPipeline[0]
      running Unity.Entities.CodeGen.EntitiesILPostProcessors
[40m[32minfo[39m[22m[49m: Unity.ILPP.Runner.PostProcessingPipeline[0]
      running Unity.Jobs.CodeGen.JobsILPostProcessor
[40m[32minfo[39m[22m[49m: Unity.ILPP.Runner.PostProcessingPipeline[0]
      running zzzUnity.Burst.CodeGen.BurstILPostProcessor
[40m[32minfo[39m[22m[49m: Microsoft.AspNetCore.Routing.EndpointMiddleware[1]
      Executed endpoint 'gRPC - /UnityILPP.PostProcessing/PostProcessAssembly'
[40m[32minfo[39m[22m[49m: Microsoft.AspNetCore.Hosting.Diagnostics[2]
      Request finished HTTP/2 POST http://ilpp/UnityILPP.PostProcessing/PostProcessAssembly application/grpc - - 200 - application/grpc 0.7531ms
[40m[32minfo[39m[22m[49m: Microsoft.AspNetCore.Hosting.Diagnostics[1]
      Request starting HTTP/2 POST http://ilpp/UnityILPP.PostProcessing/PostProcessAssembly application/grpc -
[40m[32minfo[39m[22m[49m: Microsoft.AspNetCore.Routing.EndpointMiddleware[0]
      Executing endpoint 'gRPC - /UnityILPP.PostProcessing/PostProcessAssembly'
[40m[32minfo[39m[22m[49m: Unity.ILPP.Runner.PostProcessingPipeline[0]
      Processing assembly Library/Bee/artifacts/2400b0aE.dag/Unity.Entities.Build.dll, with 122 defines and 266 references
[40m[32minfo[39m[22m[49m: Unity.ILPP.Runner.PostProcessingPipeline[0]
      processors: Unity.Entities.CodeGen.EntitiesILPostProcessors, Unity.Jobs.CodeGen.JobsILPostProcessor, zzzUnity.Burst.CodeGen.BurstILPostProcessor
[40m[32minfo[39m[22m[49m: Unity.ILPP.Runner.PostProcessingPipeline[0]
      running Unity.Entities.CodeGen.EntitiesILPostProcessors
  - EILPP : Unity.Transforms.Hybrid : : 447ms (~217ms)
    - EILPP : Unity.Transforms.Hybrid : Cloner: 190ms
    - EILPP : Unity.Transforms.Hybrid : StaticTypeRegistryPostProcessor: 25ms
    - EILPP : Unity.Transforms.Hybrid : WriteAssembly: 15ms
[40m[32minfo[39m[22m[49m: Unity.ILPP.Runner.PostProcessingPipeline[0]
      running Unity.Jobs.CodeGen.JobsILPostProcessor
  - EILPP : Unity.Transforms : : 445ms (~200ms)
    - EILPP : Unity.Transforms : Cloner: 3ms
    - EILPP : Unity.Transforms : ComponentDataPP: 36ms
    - EILPP : Unity.Transforms : StaticTypeRegistryPostProcessor: 178ms
    - EILPP : Unity.Transforms : WriteAssembly: 28ms
[40m[32minfo[39m[22m[49m: Unity.ILPP.Runner.PostProcessingPipeline[0]
      running Unity.Jobs.CodeGen.JobsILPostProcessor
[40m[32minfo[39m[22m[49m: Unity.ILPP.Runner.PostProcessingPipeline[0]
      running zzzUnity.Burst.CodeGen.BurstILPostProcessor
  - EILPP : Unity.Scenes : : 397ms (~163ms)
    - EILPP : Unity.Scenes : Cloner: 1ms
    - EILPP : Unity.Scenes : ComponentDataPP: 5ms
    - EILPP : Unity.Scenes : StaticTypeRegistryPostProcessor: 204ms
    - EILPP : Unity.Scenes : WriteAssembly: 24ms
[40m[32minfo[39m[22m[49m: Unity.ILPP.Runner.PostProcessingPipeline[0]
      running Unity.Jobs.CodeGen.JobsILPostProcessor
[40m[32minfo[39m[22m[49m: Unity.ILPP.Runner.PostProcessingPipeline[0]
      running zzzUnity.Burst.CodeGen.BurstILPostProcessor
[40m[32minfo[39m[22m[49m: Microsoft.AspNetCore.Hosting.Diagnostics[1]
      Request starting HTTP/2 POST http://ilpp/UnityILPP.PostProcessing/PostProcessAssembly application/grpc -
[40m[32minfo[39m[22m[49m: Microsoft.AspNetCore.Routing.EndpointMiddleware[0]
      Executing endpoint 'gRPC - /UnityILPP.PostProcessing/PostProcessAssembly'
[40m[32minfo[39m[22m[49m: Unity.ILPP.Runner.PostProcessingPipeline[0]
      Processing assembly Library/Bee/artifacts/2400b0aE.dag/GameCore.Rules.Narrative.dll, with 124 defines and 131 references
[40m[32minfo[39m[22m[49m: Unity.ILPP.Runner.PostProcessingPipeline[0]
      processors: Unity.Entities.CodeGen.EntitiesILPostProcessors, Unity.Jobs.CodeGen.JobsILPostProcessor, zzzUnity.Burst.CodeGen.BurstILPostProcessor
[40m[32minfo[39m[22m[49m: Unity.ILPP.Runner.PostProcessingPipeline[0]
      running Unity.Entities.CodeGen.EntitiesILPostProcessors
[40m[32minfo[39m[22m[49m: Unity.ILPP.Runner.PostProcessingPipeline[0]
      running Unity.Jobs.CodeGen.JobsILPostProcessor
[40m[32minfo[39m[22m[49m: Unity.ILPP.Runner.PostProcessingPipeline[0]
      running zzzUnity.Burst.CodeGen.BurstILPostProcessor
[40m[32minfo[39m[22m[49m: Microsoft.AspNetCore.Routing.EndpointMiddleware[1]
      Executed endpoint 'gRPC - /UnityILPP.PostProcessing/PostProcessAssembly'
[40m[32minfo[39m[22m[49m: Microsoft.AspNetCore.Hosting.Diagnostics[2]
      Request finished HTTP/2 POST http://ilpp/UnityILPP.PostProcessing/PostProcessAssembly application/grpc - - 200 - application/grpc 0.8202ms
[40m[32minfo[39m[22m[49m: Microsoft.AspNetCore.Hosting.Diagnostics[1]
      Request starting HTTP/2 POST http://ilpp/UnityILPP.PostProcessing/PostProcessAssembly application/grpc -
[40m[32minfo[39m[22m[49m: Microsoft.AspNetCore.Routing.EndpointMiddleware[0]
      Executing endpoint 'gRPC - /UnityILPP.PostProcessing/PostProcessAssembly'
[40m[32minfo[39m[22m[49m: Unity.ILPP.Runner.PostProcessingPipeline[0]
      Processing assembly Library/Bee/artifacts/2400b0aE.dag/Unity.AI.Navigation.Updater.dll, with 122 defines and 266 references
[40m[32minfo[39m[22m[49m: Unity.ILPP.Runner.PostProcessingPipeline[0]
      processors: Unity.Entities.CodeGen.EntitiesILPostProcessors, Unity.Jobs.CodeGen.JobsILPostProcessor, zzzUnity.Burst.CodeGen.BurstILPostProcessor
[40m[32minfo[39m[22m[49m: Unity.ILPP.Runner.PostProcessingPipeline[0]
      running Unity.Entities.CodeGen.EntitiesILPostProcessors
[40m[32minfo[39m[22m[49m: Unity.ILPP.Runner.PostProcessingPipeline[0]
      running Unity.Jobs.CodeGen.JobsILPostProcessor
[40m[32minfo[39m[22m[49m: Unity.ILPP.Runner.PostProcessingPipeline[0]
      running zzzUnity.Burst.CodeGen.BurstILPostProcessor
  - EILPP : Unity.Entities.Build : : 286ms (~271ms)
    - EILPP : Unity.Entities.Build : StaticTypeRegistryPostProcessor: 13ms
    - EILPP : Unity.Entities.Build : WriteAssembly: 2ms
[40m[32minfo[39m[22m[49m: Microsoft.AspNetCore.Routing.EndpointMiddleware[1]
      Executed endpoint 'gRPC - /UnityILPP.PostProcessing/PostProcessAssembly'
[40m[32minfo[39m[22m[49m: Microsoft.AspNetCore.Hosting.Diagnostics[2]
      Request finished HTTP/2 POST http://ilpp/UnityILPP.PostProcessing/PostProcessAssembly application/grpc - - 200 - application/grpc 815.9293ms
[40m[32minfo[39m[22m[49m: Unity.ILPP.Runner.PostProcessingPipeline[0]
      running Unity.Jobs.CodeGen.JobsILPostProcessor
[40m[32minfo[39m[22m[49m: Microsoft.AspNetCore.Hosting.Diagnostics[1]
      Request starting HTTP/2 POST http://ilpp/UnityILPP.PostProcessing/PostProcessAssembly application/grpc -
[40m[32minfo[39m[22m[49m: Microsoft.AspNetCore.Routing.EndpointMiddleware[0]
      Executing endpoint 'gRPC - /UnityILPP.PostProcessing/PostProcessAssembly'
[40m[32minfo[39m[22m[49m: Unity.ILPP.Runner.PostProcessingPipeline[0]
      Processing assembly Library/Bee/artifacts/2400b0aE.dag/GameCore.Studio.Model.dll, with 122 defines and 131 references
[40m[32minfo[39m[22m[49m: Unity.ILPP.Runner.PostProcessingPipeline[0]
      processors: Unity.Entities.CodeGen.EntitiesILPostProcessors, Unity.Jobs.CodeGen.JobsILPostProcessor, zzzUnity.Burst.CodeGen.BurstILPostProcessor
[40m[32minfo[39m[22m[49m: Microsoft.AspNetCore.Hosting.Diagnostics[1]
      Request starting HTTP/2 POST http://ilpp/UnityILPP.PostProcessing/PostProcessAssembly application/grpc -
[40m[32minfo[39m[22m[49m: Microsoft.AspNetCore.Routing.EndpointMiddleware[0]
      Executing endpoint 'gRPC - /UnityILPP.PostProcessing/PostProcessAssembly'
[40m[32minfo[39m[22m[49m: Unity.ILPP.Runner.PostProcessingPipeline[0]
      Processing assembly Library/Bee/artifacts/2400b0aE.dag/Unity.TextMeshPro.Editor.dll, with 122 defines and 265 references
[40m[32minfo[39m[22m[49m: Unity.ILPP.Runner.PostProcessingPipeline[0]
      processors: Unity.Entities.CodeGen.EntitiesILPostProcessors, Unity.Jobs.CodeGen.JobsILPostProcessor, zzzUnity.Burst.CodeGen.BurstILPostProcessor
[40m[32minfo[39m[22m[49m: Microsoft.AspNetCore.Routing.EndpointMiddleware[1]
      Executed endpoint 'gRPC - /UnityILPP.PostProcessing/PostProcessAssembly'
[40m[32minfo[39m[22m[49m: Microsoft.AspNetCore.Hosting.Diagnostics[2]
      Request finished HTTP/2 POST http://ilpp/UnityILPP.PostProcessing/PostProcessAssembly application/grpc - - 200 - application/grpc 769.3744ms
[40m[32minfo[39m[22m[49m: Unity.ILPP.Runner.PostProcessingPipeline[0]
      running Unity.Entities.CodeGen.EntitiesILPostProcessors
[40m[32minfo[39m[22m[49m: Unity.ILPP.Runner.PostProcessingPipeline[0]
      running Unity.Jobs.CodeGen.JobsILPostProcessor
[40m[32minfo[39m[22m[49m: Unity.ILPP.Runner.PostProcessingPipeline[0]
      running zzzUnity.Burst.CodeGen.BurstILPostProcessor
[40m[32minfo[39m[22m[49m: Microsoft.AspNetCore.Routing.EndpointMiddleware[1]
      Executed endpoint 'gRPC - /UnityILPP.PostProcessing/PostProcessAssembly'
[40m[32minfo[39m[22m[49m: Microsoft.AspNetCore.Hosting.Diagnostics[2]
      Request finished HTTP/2 POST http://ilpp/UnityILPP.PostProcessing/PostProcessAssembly application/grpc - - 200 - application/grpc 5.8768ms
[40m[32minfo[39m[22m[49m: Microsoft.AspNetCore.Routing.EndpointMiddleware[1]
      Executed endpoint 'gRPC - /UnityILPP.PostProcessing/PostProcessAssembly'
[40m[32minfo[39m[22m[49m: Microsoft.AspNetCore.Hosting.Diagnostics[2]
      Request finished HTTP/2 POST http://ilpp/UnityILPP.PostProcessing/PostProcessAssembly application/grpc - - 200 - application/grpc 8.2220ms
  - EILPP : Unity.Entities.Hybrid : : 475ms (~166ms)
    - EILPP : Unity.Entities.Hybrid : ComponentDataPP: 1ms
    - EILPP : Unity.Entities.Hybrid : StaticTypeRegistryPostProcessor: 52ms
    - EILPP : Unity.Entities.Hybrid : WriteAssembly: 256ms
[40m[32minfo[39m[22m[49m: Unity.ILPP.Runner.PostProcessingPipeline[0]
      running Unity.Jobs.CodeGen.JobsILPostProcessor
[40m[32minfo[39m[22m[49m: Microsoft.AspNetCore.Routing.EndpointMiddleware[1]
      Executed endpoint 'gRPC - /UnityILPP.PostProcessing/PostProcessAssembly'
[40m[32minfo[39m[22m[49m: Microsoft.AspNetCore.Hosting.Diagnostics[2]
      Request finished HTTP/2 POST http://ilpp/UnityILPP.PostProcessing/PostProcessAssembly application/grpc - - 200 - application/grpc 1897.6325ms
[40m[32minfo[39m[22m[49m: Unity.ILPP.Runner.PostProcessingPipeline[0]
      running Unity.Entities.CodeGen.EntitiesILPostProcessors
[40m[32minfo[39m[22m[49m: Unity.ILPP.Runner.PostProcessingPipeline[0]
      running Unity.Jobs.CodeGen.JobsILPostProcessor
[40m[32minfo[39m[22m[49m: Unity.ILPP.Runner.PostProcessingPipeline[0]
      running zzzUnity.Burst.CodeGen.BurstILPostProcessor
[40m[32minfo[39m[22m[49m: Microsoft.AspNetCore.Routing.EndpointMiddleware[1]
      Executed endpoint 'gRPC - /UnityILPP.PostProcessing/PostProcessAssembly'
[40m[32minfo[39m[22m[49m: Microsoft.AspNetCore.Hosting.Diagnostics[2]
      Request finished HTTP/2 POST http://ilpp/UnityILPP.PostProcessing/PostProcessAssembly application/grpc - - 200 - application/grpc 66.5851ms
[40m[32minfo[39m[22m[49m: Microsoft.AspNetCore.Routing.EndpointMiddleware[1]
      Executed endpoint 'gRPC - /UnityILPP.PostProcessing/PostProcessAssembly'
[40m[32minfo[39m[22m[49m: Microsoft.AspNetCore.Hosting.Diagnostics[2]
      Request finished HTTP/2 POST http://ilpp/UnityILPP.PostProcessing/PostProcessAssembly application/grpc - - 200 - application/grpc 684.8924ms
[40m[32minfo[39m[22m[49m: Unity.ILPP.Runner.PostProcessingPipeline[0]
      running zzzUnity.Burst.CodeGen.BurstILPostProcessor
[40m[32minfo[39m[22m[49m: Microsoft.AspNetCore.Hosting.Diagnostics[1]
      Request starting HTTP/2 POST http://ilpp/UnityILPP.PostProcessing/PostProcessAssembly application/grpc -
[40m[32minfo[39m[22m[49m: Microsoft.AspNetCore.Hosting.Diagnostics[1]
      Request starting HTTP/2 POST http://ilpp/UnityILPP.PostProcessing/PostProcessAssembly application/grpc -
[40m[32minfo[39m[22m[49m: Microsoft.AspNetCore.Routing.EndpointMiddleware[0]
      Executing endpoint 'gRPC - /UnityILPP.PostProcessing/PostProcessAssembly'
[40m[32minfo[39m[22m[49m: Microsoft.AspNetCore.Routing.EndpointMiddleware[0]
      Executing endpoint 'gRPC - /UnityILPP.PostProcessing/PostProcessAssembly'
[40m[32minfo[39m[22m[49m: Microsoft.AspNetCore.Hosting.Diagnostics[1]
      Request starting HTTP/2 POST http://ilpp/UnityILPP.PostProcessing/PostProcessAssembly application/grpc -
[40m[32minfo[39m[22m[49m: Microsoft.AspNetCore.Routing.EndpointMiddleware[0]
      Executing endpoint 'gRPC - /UnityILPP.PostProcessing/PostProcessAssembly'
[40m[32minfo[39m[22m[49m: Unity.ILPP.Runner.PostProcessingPipeline[0]
      Processing assembly Library/Bee/artifacts/2400b0aE.dag/Unity.RenderPipelines.Universal.Editor.dll, with 122 defines and 273 references
[40m[32minfo[39m[22m[49m: Unity.ILPP.Runner.PostProcessingPipeline[0]
      processors: Unity.Entities.CodeGen.EntitiesILPostProcessors, Unity.Jobs.CodeGen.JobsILPostProcessor, zzzUnity.Burst.CodeGen.BurstILPostProcessor
[40m[32minfo[39m[22m[49m: Unity.ILPP.Runner.PostProcessingPipeline[0]
      Processing assembly Library/Bee/artifacts/2400b0aE.dag/Unity.RenderPipelines.Core.Editor.Shared.dll, with 122 defines and 264 references
[40m[32minfo[39m[22m[49m: Unity.ILPP.Runner.PostProcessingPipeline[0]
      Processing assembly Library/Bee/artifacts/2400b0aE.dag/GameCore.Gameplay.Compile.Core.dll, with 122 defines and 138 references
[40m[32minfo[39m[22m[49m: Unity.ILPP.Runner.PostProcessingPipeline[0]
      processors: Unity.Entities.CodeGen.EntitiesILPostProcessors, Unity.Jobs.CodeGen.JobsILPostProcessor, zzzUnity.Burst.CodeGen.BurstILPostProcessor
[40m[32minfo[39m[22m[49m: Unity.ILPP.Runner.PostProcessingPipeline[0]
      processors: Unity.Entities.CodeGen.EntitiesILPostProcessors, Unity.Jobs.CodeGen.JobsILPostProcessor, zzzUnity.Burst.CodeGen.BurstILPostProcessor
[40m[32minfo[39m[22m[49m: Unity.ILPP.Runner.PostProcessingPipeline[0]
      running Unity.Entities.CodeGen.EntitiesILPostProcessors
[40m[32minfo[39m[22m[49m: Unity.ILPP.Runner.PostProcessingPipeline[0]
      running Unity.Entities.CodeGen.EntitiesILPostProcessors
[40m[32minfo[39m[22m[49m: Unity.ILPP.Runner.PostProcessingPipeline[0]
      running Unity.Jobs.CodeGen.JobsILPostProcessor
[40m[32minfo[39m[22m[49m: Unity.ILPP.Runner.PostProcessingPipeline[0]
      running Unity.Jobs.CodeGen.JobsILPostProcessor
[40m[32minfo[39m[22m[49m: Unity.ILPP.Runner.PostProcessingPipeline[0]
      running zzzUnity.Burst.CodeGen.BurstILPostProcessor
[40m[32minfo[39m[22m[49m: Unity.ILPP.Runner.PostProcessingPipeline[0]
      running zzzUnity.Burst.CodeGen.BurstILPostProcessor
[40m[32minfo[39m[22m[49m: Microsoft.AspNetCore.Hosting.Diagnostics[1]
      Request starting HTTP/2 POST http://ilpp/UnityILPP.PostProcessing/PostProcessAssembly application/grpc -
[40m[32minfo[39m[22m[49m: Microsoft.AspNetCore.Routing.EndpointMiddleware[0]
      Executing endpoint 'gRPC - /UnityILPP.PostProcessing/PostProcessAssembly'
[40m[32minfo[39m[22m[49m: Microsoft.AspNetCore.Routing.EndpointMiddleware[1]
      Executed endpoint 'gRPC - /UnityILPP.PostProcessing/PostProcessAssembly'
[40m[32minfo[39m[22m[49m: Microsoft.AspNetCore.Hosting.Diagnostics[2]
      Request finished HTTP/2 POST http://ilpp/UnityILPP.PostProcessing/PostProcessAssembly application/grpc - - 200 - application/grpc 0.6536ms
[40m[32minfo[39m[22m[49m: Unity.ILPP.Runner.PostProcessingPipeline[0]
      Processing assembly Library/Bee/artifacts/2400b0aE.dag/Unity.ShaderGraph.Editor.dll, with 122 defines and 267 references
[40m[32minfo[39m[22m[49m: Unity.ILPP.Runner.PostProcessingPipeline[0]
      processors: Unity.Entities.CodeGen.EntitiesILPostProcessors, Unity.Jobs.CodeGen.JobsILPostProcessor, zzzUnity.Burst.CodeGen.BurstILPostProcessor
[40m[32minfo[39m[22m[49m: Microsoft.AspNetCore.Routing.EndpointMiddleware[1]
      Executed endpoint 'gRPC - /UnityILPP.PostProcessing/PostProcessAssembly'
[40m[32minfo[39m[22m[49m: Microsoft.AspNetCore.Hosting.Diagnostics[2]
      Request finished HTTP/2 POST http://ilpp/UnityILPP.PostProcessing/PostProcessAssembly application/grpc - - 200 - application/grpc 777.8204ms
[40m[32minfo[39m[22m[49m: Microsoft.AspNetCore.Routing.EndpointMiddleware[1]
      Executed endpoint 'gRPC - /UnityILPP.PostProcessing/PostProcessAssembly'
[40m[32minfo[39m[22m[49m: Microsoft.AspNetCore.Hosting.Diagnostics[1]
      Request starting HTTP/2 POST http://ilpp/UnityILPP.PostProcessing/PostProcessAssembly application/grpc -
[40m[32minfo[39m[22m[49m: Microsoft.AspNetCore.Routing.EndpointMiddleware[0]
      Executing endpoint 'gRPC - /UnityILPP.PostProcessing/PostProcessAssembly'
[40m[32minfo[39m[22m[49m: Microsoft.AspNetCore.Hosting.Diagnostics[2]
      Request finished HTTP/2 POST http://ilpp/UnityILPP.PostProcessing/PostProcessAssembly application/grpc - - 200 - application/grpc 2.5575ms
[40m[32minfo[39m[22m[49m: Unity.ILPP.Runner.PostProcessingPipeline[0]
      Processing assembly Library/Bee/artifacts/2400b0aE.dag/Unity.AI.Navigation.Editor.dll, with 123 defines and 265 references
[40m[32minfo[39m[22m[49m: Unity.ILPP.Runner.PostProcessingPipeline[0]
      processors: Unity.Entities.CodeGen.EntitiesILPostProcessors, Unity.Jobs.CodeGen.JobsILPostProcessor, zzzUnity.Burst.CodeGen.BurstILPostProcessor
[40m[32minfo[39m[22m[49m: Microsoft.AspNetCore.Hosting.Diagnostics[1]
      Request starting HTTP/2 POST http://ilpp/UnityILPP.PostProcessing/PostProcessAssembly application/grpc -
[40m[32minfo[39m[22m[49m: Microsoft.AspNetCore.Routing.EndpointMiddleware[0]
      Executing endpoint 'gRPC - /UnityILPP.PostProcessing/PostProcessAssembly'
[40m[32minfo[39m[22m[49m: Unity.ILPP.Runner.PostProcessingPipeline[0]
      Processing assembly Library/Bee/artifacts/2400b0aE.dag/GameCore.Studio.Authoring.dll, with 122 defines and 258 references
[40m[32minfo[39m[22m[49m: Unity.ILPP.Runner.PostProcessingPipeline[0]
      processors: Unity.Entities.CodeGen.EntitiesILPostProcessors, Unity.Jobs.CodeGen.JobsILPostProcessor, zzzUnity.Burst.CodeGen.BurstILPostProcessor
[40m[32minfo[39m[22m[49m: Unity.ILPP.Runner.PostProcessingPipeline[0]
      running Unity.Entities.CodeGen.EntitiesILPostProcessors
[40m[32minfo[39m[22m[49m: Unity.ILPP.Runner.PostProcessingPipeline[0]
      running Unity.Jobs.CodeGen.JobsILPostProcessor
[40m[32minfo[39m[22m[49m: Unity.ILPP.Runner.PostProcessingPipeline[0]
      running zzzUnity.Burst.CodeGen.BurstILPostProcessor
[40m[32minfo[39m[22m[49m: Unity.ILPP.Runner.PostProcessingPipeline[0]
      running Unity.Entities.CodeGen.EntitiesILPostProcessors
[40m[32minfo[39m[22m[49m: Unity.ILPP.Runner.PostProcessingPipeline[0]
      running Unity.Jobs.CodeGen.JobsILPostProcessor
[40m[32minfo[39m[22m[49m: Unity.ILPP.Runner.PostProcessingPipeline[0]
      running zzzUnity.Burst.CodeGen.BurstILPostProcessor
[40m[32minfo[39m[22m[49m: Unity.ILPP.Runner.PostProcessingPipeline[0]
      running Unity.Entities.CodeGen.EntitiesILPostProcessors
[40m[32minfo[39m[22m[49m: Unity.ILPP.Runner.PostProcessingPipeline[0]
      running Unity.Jobs.CodeGen.JobsILPostProcessor
[40m[32minfo[39m[22m[49m: Unity.ILPP.Runner.PostProcessingPipeline[0]
      running zzzUnity.Burst.CodeGen.BurstILPostProcessor
[40m[32minfo[39m[22m[49m: Unity.ILPP.Runner.PostProcessingPipeline[0]
      running Unity.Entities.CodeGen.EntitiesILPostProcessors
[40m[32minfo[39m[22m[49m: Unity.ILPP.Runner.PostProcessingPipeline[0]
      running Unity.Jobs.CodeGen.JobsILPostProcessor
[40m[32minfo[39m[22m[49m: Unity.ILPP.Runner.PostProcessingPipeline[0]
      running zzzUnity.Burst.CodeGen.BurstILPostProcessor
[40m[32minfo[39m[22m[49m: Microsoft.AspNetCore.Routing.EndpointMiddleware[1]
      Executed endpoint 'gRPC - /UnityILPP.PostProcessing/PostProcessAssembly'
[40m[32minfo[39m[22m[49m: Microsoft.AspNetCore.Hosting.Diagnostics[2]
      Request finished HTTP/2 POST http://ilpp/UnityILPP.PostProcessing/PostProcessAssembly application/grpc - - 200 - application/grpc 7.1843ms
[40m[32minfo[39m[22m[49m: Microsoft.AspNetCore.Routing.EndpointMiddleware[1]
      Executed endpoint 'gRPC - /UnityILPP.PostProcessing/PostProcessAssembly'
[40m[32minfo[39m[22m[49m: Microsoft.AspNetCore.Hosting.Diagnostics[2]
      Request finished HTTP/2 POST http://ilpp/UnityILPP.PostProcessing/PostProcessAssembly application/grpc - - 200 - application/grpc 5.5507ms
[40m[32minfo[39m[22m[49m: Microsoft.AspNetCore.Routing.EndpointMiddleware[1]
      Executed endpoint 'gRPC - /UnityILPP.PostProcessing/PostProcessAssembly'
[40m[32minfo[39m[22m[49m: Microsoft.AspNetCore.Hosting.Diagnostics[2]
      Request finished HTTP/2 POST http://ilpp/UnityILPP.PostProcessing/PostProcessAssembly application/grpc - - 200 - application/grpc 5.7575ms
[40m[32minfo[39m[22m[49m: Microsoft.AspNetCore.Routing.EndpointMiddleware[1]
      Executed endpoint 'gRPC - /UnityILPP.PostProcessing/PostProcessAssembly'
[40m[32minfo[39m[22m[49m: Microsoft.AspNetCore.Hosting.Diagnostics[2]
      Request finished HTTP/2 POST http://ilpp/UnityILPP.PostProcessing/PostProcessAssembly application/grpc - - 200 - application/grpc 802.5597ms
[40m[32minfo[39m[22m[49m: Microsoft.AspNetCore.Routing.EndpointMiddleware[1]
      Executed endpoint 'gRPC - /UnityILPP.PostProcessing/PostProcessAssembly'
[40m[32minfo[39m[22m[49m: Microsoft.AspNetCore.Hosting.Diagnostics[2]
      Request finished HTTP/2 POST http://ilpp/UnityILPP.PostProcessing/PostProcessAssembly application/grpc - - 200 - application/grpc 11.5725ms
[40m[32minfo[39m[22m[49m: Microsoft.AspNetCore.Hosting.Diagnostics[1]
      Request starting HTTP/2 POST http://ilpp/UnityILPP.PostProcessing/PostProcessAssembly application/grpc -
[40m[32minfo[39m[22m[49m: Microsoft.AspNetCore.Routing.EndpointMiddleware[0]
      Executing endpoint 'gRPC - /UnityILPP.PostProcessing/PostProcessAssembly'
[40m[32minfo[39m[22m[49m: Unity.ILPP.Runner.PostProcessingPipeline[0]
      Processing assembly Library/Bee/artifacts/2400b0aE.dag/Unity.InternalAPIEditorBridge.002.dll, with 122 defines and 264 references
[40m[32minfo[39m[22m[49m: Unity.ILPP.Runner.PostProcessingPipeline[0]
      processors: Unity.Entities.CodeGen.EntitiesILPostProcessors, Unity.Jobs.CodeGen.JobsILPostProcessor, zzzUnity.Burst.CodeGen.BurstILPostProcessor
[40m[32minfo[39m[22m[49m: Unity.ILPP.Runner.PostProcessingPipeline[0]
      running Unity.Entities.CodeGen.EntitiesILPostProcessors
[40m[32minfo[39m[22m[49m: Unity.ILPP.Runner.PostProcessingPipeline[0]
      running Unity.Jobs.CodeGen.JobsILPostProcessor
[40m[32minfo[39m[22m[49m: Unity.ILPP.Runner.PostProcessingPipeline[0]
      running zzzUnity.Burst.CodeGen.BurstILPostProcessor
[40m[32minfo[39m[22m[49m: Microsoft.AspNetCore.Routing.EndpointMiddleware[1]
      Executed endpoint 'gRPC - /UnityILPP.PostProcessing/PostProcessAssembly'
[40m[32minfo[39m[22m[49m: Microsoft.AspNetCore.Hosting.Diagnostics[2]
      Request finished HTTP/2 POST http://ilpp/UnityILPP.PostProcessing/PostProcessAssembly application/grpc - - 200 - application/grpc 1.1209ms
[40m[32minfo[39m[22m[49m: Microsoft.AspNetCore.Hosting.Diagnostics[1]
      Request starting HTTP/2 POST http://ilpp/UnityILPP.PostProcessing/PostProcessAssembly application/grpc -
[40m[32minfo[39m[22m[49m: Microsoft.AspNetCore.Routing.EndpointMiddleware[0]
      Executing endpoint 'gRPC - /UnityILPP.PostProcessing/PostProcessAssembly'
[40m[32minfo[39m[22m[49m: Unity.ILPP.Runner.PostProcessingPipeline[0]
      Processing assembly Library/Bee/artifacts/2400b0aE.dag/UnityEditor.UI.dll, with 124 defines and 262 references
[40m[32minfo[39m[22m[49m: Unity.ILPP.Runner.PostProcessingPipeline[0]
      processors: Unity.Entities.CodeGen.EntitiesILPostProcessors, Unity.Jobs.CodeGen.JobsILPostProcessor, zzzUnity.Burst.CodeGen.BurstILPostProcessor
[40m[32minfo[39m[22m[49m: Microsoft.AspNetCore.Hosting.Diagnostics[1]
      Request starting HTTP/2 POST http://ilpp/UnityILPP.PostProcessing/PostProcessAssembly application/grpc -
[40m[32minfo[39m[22m[49m: Microsoft.AspNetCore.Routing.EndpointMiddleware[0]
      Executing endpoint 'gRPC - /UnityILPP.PostProcessing/PostProcessAssembly'
[40m[32minfo[39m[22m[49m: Unity.ILPP.Runner.PostProcessingPipeline[0]
      Processing assembly Library/Bee/artifacts/2400b0aE.dag/Hollowmere.R4_C.Editor.Tests.dll, with 122 defines and 258 references
[40m[32minfo[39m[22m[49m: Unity.ILPP.Runner.PostProcessingPipeline[0]
      processors: Unity.Entities.CodeGen.EntitiesILPostProcessors, Unity.Jobs.CodeGen.JobsILPostProcessor, zzzUnity.Burst.CodeGen.BurstILPostProcessor
[40m[32minfo[39m[22m[49m: Unity.ILPP.Runner.PostProcessingPipeline[0]
      running Unity.Entities.CodeGen.EntitiesILPostProcessors
[40m[32minfo[39m[22m[49m: Unity.ILPP.Runner.PostProcessingPipeline[0]
      running Unity.Entities.CodeGen.EntitiesILPostProcessors
[40m[32minfo[39m[22m[49m: Unity.ILPP.Runner.PostProcessingPipeline[0]
      running Unity.Jobs.CodeGen.JobsILPostProcessor
[40m[32minfo[39m[22m[49m: Unity.ILPP.Runner.PostProcessingPipeline[0]
      running Unity.Jobs.CodeGen.JobsILPostProcessor
[40m[32minfo[39m[22m[49m: Unity.ILPP.Runner.PostProcessingPipeline[0]
      running zzzUnity.Burst.CodeGen.BurstILPostProcessor
[40m[32minfo[39m[22m[49m: Unity.ILPP.Runner.PostProcessingPipeline[0]
      running zzzUnity.Burst.CodeGen.BurstILPostProcessor
[40m[32minfo[39m[22m[49m: Microsoft.AspNetCore.Routing.EndpointMiddleware[1]
      Executed endpoint 'gRPC - /UnityILPP.PostProcessing/PostProcessAssembly'
[40m[32minfo[39m[22m[49m: Microsoft.AspNetCore.Hosting.Diagnostics[2]
      Request finished HTTP/2 POST http://ilpp/UnityILPP.PostProcessing/PostProcessAssembly application/grpc - - 200 - application/grpc 11.7026ms
[40m[32minfo[39m[22m[49m: Microsoft.AspNetCore.Routing.EndpointMiddleware[1]
      Executed endpoint 'gRPC - /UnityILPP.PostProcessing/PostProcessAssembly'
[40m[32minfo[39m[22m[49m: Microsoft.AspNetCore.Hosting.Diagnostics[2]
      Request finished HTTP/2 POST http://ilpp/UnityILPP.PostProcessing/PostProcessAssembly application/grpc - - 200 - application/grpc 16.0978ms
[40m[32minfo[39m[22m[49m: Microsoft.AspNetCore.Hosting.Diagnostics[1]
      Request starting HTTP/2 POST http://ilpp/UnityILPP.PostProcessing/PostProcessAssembly application/grpc -
[40m[32minfo[39m[22m[49m: Microsoft.AspNetCore.Routing.EndpointMiddleware[0]
      Executing endpoint 'gRPC - /UnityILPP.PostProcessing/PostProcessAssembly'
[40m[32minfo[39m[22m[49m: Unity.ILPP.Runner.PostProcessingPipeline[0]
      Processing assembly Library/Bee/artifacts/2400b0aE.dag/Unity.Entities.Editor.dll, with 122 defines and 274 references
[40m[32minfo[39m[22m[49m: Unity.ILPP.Runner.PostProcessingPipeline[0]
      processors: Unity.Entities.CodeGen.EntitiesILPostProcessors, Unity.Jobs.CodeGen.JobsILPostProcessor, zzzUnity.Burst.CodeGen.BurstILPostProcessor
[40m[32minfo[39m[22m[49m: Microsoft.AspNetCore.Hosting.Diagnostics[1]
      Request starting HTTP/2 POST http://ilpp/UnityILPP.PostProcessing/PostProcessAssembly application/grpc -
[40m[32minfo[39m[22m[49m: Microsoft.AspNetCore.Routing.EndpointMiddleware[0]
      Executing endpoint 'gRPC - /UnityILPP.PostProcessing/PostProcessAssembly'
[40m[32minfo[39m[22m[49m: Microsoft.AspNetCore.Hosting.Diagnostics[1]
      Request starting HTTP/2 POST http://ilpp/UnityILPP.PostProcessing/PostProcessAssembly application/grpc -
[40m[32minfo[39m[22m[49m: Microsoft.AspNetCore.Routing.EndpointMiddleware[0]
      Executing endpoint 'gRPC - /UnityILPP.PostProcessing/PostProcessAssembly'
[40m[32minfo[39m[22m[49m: Unity.ILPP.Runner.PostProcessingPipeline[0]
      Processing assembly Library/Bee/artifacts/2400b0aE.dag/UnityEditor.UI.Analytics.dll, with 122 defines and 264 references
[40m[32minfo[39m[22m[49m: Unity.ILPP.Runner.PostProcessingPipeline[0]
      Processing assembly Library/Bee/artifacts/2400b0aE.dag/Unity.Entities.UI.Editor.dll, with 122 defines and 266 references
[40m[32minfo[39m[22m[49m: Unity.ILPP.Runner.PostProcessingPipeline[0]
      processors: Unity.Entities.CodeGen.EntitiesILPostProcessors, Unity.Jobs.CodeGen.JobsILPostProcessor, zzzUnity.Burst.CodeGen.BurstILPostProcessor
[40m[32minfo[39m[22m[49m: Unity.ILPP.Runner.PostProcessingPipeline[0]
      processors: Unity.Entities.CodeGen.EntitiesILPostProcessors, Unity.Jobs.CodeGen.JobsILPostProcessor, zzzUnity.Burst.CodeGen.BurstILPostProcessor
[40m[32minfo[39m[22m[49m: Microsoft.AspNetCore.Hosting.Diagnostics[1]
      Request starting HTTP/2 POST http://ilpp/UnityILPP.PostProcessing/PostProcessAssembly application/grpc -
[40m[32minfo[39m[22m[49m: Microsoft.AspNetCore.Routing.EndpointMiddleware[0]
      Executing endpoint 'gRPC - /UnityILPP.PostProcessing/PostProcessAssembly'
[40m[32minfo[39m[22m[49m: Unity.ILPP.Runner.PostProcessingPipeline[0]
      Processing assembly Library/Bee/artifacts/2400b0aE.dag/Unity.Mathematics.Editor.dll, with 122 defines and 264 references
[40m[32minfo[39m[22m[49m: Unity.ILPP.Runner.PostProcessingPipeline[0]
      processors: Unity.Entities.CodeGen.EntitiesILPostProcessors, Unity.Jobs.CodeGen.JobsILPostProcessor, zzzUnity.Burst.CodeGen.BurstILPostProcessor
[40m[32minfo[39m[22m[49m: Unity.ILPP.Runner.PostProcessingPipeline[0]
      running Unity.Entities.CodeGen.EntitiesILPostProcessors
[40m[32minfo[39m[22m[49m: Unity.ILPP.Runner.PostProcessingPipeline[0]
      running Unity.Entities.CodeGen.EntitiesILPostProcessors
[40m[32minfo[39m[22m[49m: Unity.ILPP.Runner.PostProcessingPipeline[0]
      running Unity.Jobs.CodeGen.JobsILPostProcessor
[40m[32minfo[39m[22m[49m: Unity.ILPP.Runner.PostProcessingPipeline[0]
      running Unity.Jobs.CodeGen.JobsILPostProcessor
[40m[32minfo[39m[22m[49m: Unity.ILPP.Runner.PostProcessingPipeline[0]
      running zzzUnity.Burst.CodeGen.BurstILPostProcessor
[40m[32minfo[39m[22m[49m: Unity.ILPP.Runner.PostProcessingPipeline[0]
      running zzzUnity.Burst.CodeGen.BurstILPostProcessor
[40m[32minfo[39m[22m[49m: Unity.ILPP.Runner.PostProcessingPipeline[0]
      running Unity.Entities.CodeGen.EntitiesILPostProcessors
[40m[32minfo[39m[22m[49m: Unity.ILPP.Runner.PostProcessingPipeline[0]
      running Unity.Jobs.CodeGen.JobsILPostProcessor
[40m[32minfo[39m[22m[49m: Unity.ILPP.Runner.PostProcessingPipeline[0]
      running zzzUnity.Burst.CodeGen.BurstILPostProcessor
[40m[32minfo[39m[22m[49m: Microsoft.AspNetCore.Hosting.Diagnostics[1]
      Request starting HTTP/2 POST http://ilpp/UnityILPP.PostProcessing/PostProcessAssembly application/grpc -
[40m[32minfo[39m[22m[49m: Microsoft.AspNetCore.Routing.EndpointMiddleware[1]
      Executed endpoint 'gRPC - /UnityILPP.PostProcessing/PostProcessAssembly'
[40m[32minfo[39m[22m[49m: Microsoft.AspNetCore.Routing.EndpointMiddleware[0]
      Executing endpoint 'gRPC - /UnityILPP.PostProcessing/PostProcessAssembly'
[40m[32minfo[39m[22m[49m: Microsoft.AspNetCore.Hosting.Diagnostics[2]
      Request finished HTTP/2 POST http://ilpp/UnityILPP.PostProcessing/PostProcessAssembly application/grpc - - 200 - application/grpc 0.7657ms
[40m[32minfo[39m[22m[49m: Microsoft.AspNetCore.Hosting.Diagnostics[1]
      Request starting HTTP/2 POST http://ilpp/UnityILPP.PostProcessing/PostProcessAssembly application/grpc -
[40m[32minfo[39m[22m[49m: Microsoft.AspNetCore.Routing.EndpointMiddleware[0]
      Executing endpoint 'gRPC - /UnityILPP.PostProcessing/PostProcessAssembly'
[40m[32minfo[39m[22m[49m: Unity.ILPP.Runner.PostProcessingPipeline[0]
      Processing assembly Library/Bee/artifacts/2400b0aE.dag/Unity.Core.Editor.dll, with 122 defines and 256 references
[40m[32minfo[39m[22m[49m: Unity.ILPP.Runner.PostProcessingPipeline[0]
      processors: Unity.Entities.CodeGen.EntitiesILPostProcessors, Unity.Jobs.CodeGen.JobsILPostProcessor, zzzUnity.Burst.CodeGen.BurstILPostProcessor
[40m[32minfo[39m[22m[49m: Microsoft.AspNetCore.Routing.EndpointMiddleware[1]
      Executed endpoint 'gRPC - /UnityILPP.PostProcessing/PostProcessAssembly'
[40m[32minfo[39m[22m[49m: Unity.ILPP.Runner.PostProcessingPipeline[0]
      Processing assembly Library/Bee/artifacts/2400b0aE.dag/Unity.ShaderGraph.Utilities.dll, with 122 defines and 263 references
[40m[32minfo[39m[22m[49m: Unity.ILPP.Runner.PostProcessingPipeline[0]
      processors: Unity.Entities.CodeGen.EntitiesILPostProcessors, Unity.Jobs.CodeGen.JobsILPostProcessor, zzzUnity.Burst.CodeGen.BurstILPostProcessor
[40m[32minfo[39m[22m[49m: Microsoft.AspNetCore.Hosting.Diagnostics[2]
      Request finished HTTP/2 POST http://ilpp/UnityILPP.PostProcessing/PostProcessAssembly application/grpc - - 200 - application/grpc 1.5673ms
[40m[32minfo[39m[22m[49m: Unity.ILPP.Runner.PostProcessingPipeline[0]
      running Unity.Entities.CodeGen.EntitiesILPostProcessors
[40m[32minfo[39m[22m[49m: Microsoft.AspNetCore.Routing.EndpointMiddleware[1]
      Executed endpoint 'gRPC - /UnityILPP.PostProcessing/PostProcessAssembly'
[40m[32minfo[39m[22m[49m: Unity.ILPP.Runner.PostProcessingPipeline[0]
      running Unity.Entities.CodeGen.EntitiesILPostProcessors
[40m[32minfo[39m[22m[49m: Unity.ILPP.Runner.PostProcessingPipeline[0]
      running Unity.Jobs.CodeGen.JobsILPostProcessor
[40m[32minfo[39m[22m[49m: Microsoft.AspNetCore.Hosting.Diagnostics[2]
      Request finished HTTP/2 POST http://ilpp/UnityILPP.PostProcessing/PostProcessAssembly application/grpc - - 200 - application/grpc 2.5023ms
[40m[32minfo[39m[22m[49m: Unity.ILPP.Runner.PostProcessingPipeline[0]
      running Unity.Jobs.CodeGen.JobsILPostProcessor
[40m[32minfo[39m[22m[49m: Unity.ILPP.Runner.PostProcessingPipeline[0]
      running zzzUnity.Burst.CodeGen.BurstILPostProcessor
[40m[32minfo[39m[22m[49m: Unity.ILPP.Runner.PostProcessingPipeline[0]
      running zzzUnity.Burst.CodeGen.BurstILPostProcessor
[40m[32minfo[39m[22m[49m: Microsoft.AspNetCore.Routing.EndpointMiddleware[1]
      Executed endpoint 'gRPC - /UnityILPP.PostProcessing/PostProcessAssembly'
[40m[32minfo[39m[22m[49m: Microsoft.AspNetCore.Hosting.Diagnostics[2]
      Request finished HTTP/2 POST http://ilpp/UnityILPP.PostProcessing/PostProcessAssembly application/grpc - - 200 - application/grpc 1.5318ms
[40m[32minfo[39m[22m[49m: Microsoft.AspNetCore.Routing.EndpointMiddleware[1]
      Executed endpoint 'gRPC - /UnityILPP.PostProcessing/PostProcessAssembly'
[40m[32minfo[39m[22m[49m: Microsoft.AspNetCore.Hosting.Diagnostics[2]
      Request finished HTTP/2 POST http://ilpp/UnityILPP.PostProcessing/PostProcessAssembly application/grpc - - 200 - application/grpc 1.7953ms
[40m[32minfo[39m[22m[49m: Unity.ILPP.Runner.PostProcessingPipeline[0]
      running Unity.Entities.CodeGen.EntitiesILPostProcessors
[40m[32minfo[39m[22m[49m: Microsoft.AspNetCore.Hosting.Diagnostics[1]
      Request starting HTTP/2 POST http://ilpp/UnityILPP.PostProcessing/PostProcessAssembly application/grpc -
[40m[32minfo[39m[22m[49m: Microsoft.AspNetCore.Routing.EndpointMiddleware[0]
      Executing endpoint 'gRPC - /UnityILPP.PostProcessing/PostProcessAssembly'
[40m[32minfo[39m[22m[49m: Unity.ILPP.Runner.PostProcessingPipeline[0]
      Processing assembly Library/Bee/artifacts/2400b0aE.dag/Unity.Entities.Editor.Properties.dll, with 122 defines and 265 references
[40m[32minfo[39m[22m[49m: Unity.ILPP.Runner.PostProcessingPipeline[0]
      processors: Unity.Entities.CodeGen.EntitiesILPostProcessors, Unity.Jobs.CodeGen.JobsILPostProcessor, zzzUnity.Burst.CodeGen.BurstILPostProcessor
[40m[32minfo[39m[22m[49m: Unity.ILPP.Runner.PostProcessingPipeline[0]
      running Unity.Entities.CodeGen.EntitiesILPostProcessors
[40m[32minfo[39m[22m[49m: Unity.ILPP.Runner.PostProcessingPipeline[0]
      running Unity.Jobs.CodeGen.JobsILPostProcessor
[40m[32minfo[39m[22m[49m: Unity.ILPP.Runner.PostProcessingPipeline[0]
      running zzzUnity.Burst.CodeGen.BurstILPostProcessor
[40m[32minfo[39m[22m[49m: Microsoft.AspNetCore.Routing.EndpointMiddleware[1]
      Executed endpoint 'gRPC - /UnityILPP.PostProcessing/PostProcessAssembly'
[40m[32minfo[39m[22m[49m: Microsoft.AspNetCore.Hosting.Diagnostics[2]
      Request finished HTTP/2 POST http://ilpp/UnityILPP.PostProcessing/PostProcessAssembly application/grpc - - 200 - application/grpc 1.5597ms
[40m[32minfo[39m[22m[49m: Unity.ILPP.Runner.PostProcessingPipeline[0]
      running zzzUnity.Burst.CodeGen.BurstILPostProcessor
[40m[32minfo[39m[22m[49m: Microsoft.AspNetCore.Hosting.Diagnostics[1]
      Request starting HTTP/2 POST http://ilpp/UnityILPP.PostProcessing/PostProcessAssembly application/grpc -
[40m[32minfo[39m[22m[49m: Microsoft.AspNetCore.Routing.EndpointMiddleware[0]
      Executing endpoint 'gRPC - /UnityILPP.PostProcessing/PostProcessAssembly'
[40m[32minfo[39m[22m[49m: Unity.ILPP.Runner.PostProcessingPipeline[0]
      Processing assembly Library/Bee/artifacts/2400b0aE.dag/Unity.InputSystem.DocCodeSamples.dll, with 122 defines and 257 references
[40m[32minfo[39m[22m[49m: Unity.ILPP.Runner.PostProcessingPipeline[0]
      processors: Unity.Entities.CodeGen.EntitiesILPostProcessors, Unity.Jobs.CodeGen.JobsILPostProcessor, zzzUnity.Burst.CodeGen.BurstILPostProcessor
[40m[32minfo[39m[22m[49m: Unity.ILPP.Runner.PostProcessingPipeline[0]
      running Unity.Entities.CodeGen.EntitiesILPostProcessors
[40m[32minfo[39m[22m[49m: Unity.ILPP.Runner.PostProcessingPipeline[0]
      running Unity.Jobs.CodeGen.JobsILPostProcessor
[40m[32minfo[39m[22m[49m: Unity.ILPP.Runner.PostProcessingPipeline[0]
      running zzzUnity.Burst.CodeGen.BurstILPostProcessor
[40m[32minfo[39m[22m[49m: Microsoft.AspNetCore.Routing.EndpointMiddleware[1]
      Executed endpoint 'gRPC - /UnityILPP.PostProcessing/PostProcessAssembly'
[40m[32minfo[39m[22m[49m: Microsoft.AspNetCore.Hosting.Diagnostics[2]
      Request finished HTTP/2 POST http://ilpp/UnityILPP.PostProcessing/PostProcessAssembly application/grpc - - 200 - application/grpc 0.8450ms
[40m[32minfo[39m[22m[49m: Microsoft.AspNetCore.Hosting.Diagnostics[1]
      Request starting HTTP/2 POST http://ilpp/UnityILPP.PostProcessing/PostProcessAssembly application/grpc -
[40m[32minfo[39m[22m[49m: Microsoft.AspNetCore.Routing.EndpointMiddleware[0]
      Executing endpoint 'gRPC - /UnityILPP.PostProcessing/PostProcessAssembly'
[40m[32minfo[39m[22m[49m: Unity.ILPP.Runner.PostProcessingPipeline[0]
      Processing assembly Library/Bee/artifacts/2400b0aE.dag/Unity.Scenes.Editor.dll, with 123 defines and 273 references
[40m[32minfo[39m[22m[49m: Unity.ILPP.Runner.PostProcessingPipeline[0]
      processors: Unity.Entities.CodeGen.EntitiesILPostProcessors, Unity.Jobs.CodeGen.JobsILPostProcessor, zzzUnity.Burst.CodeGen.BurstILPostProcessor
[40m[32minfo[39m[22m[49m: Unity.ILPP.Runner.PostProcessingPipeline[0]
      running Unity.Entities.CodeGen.EntitiesILPostProcessors
[40m[32minfo[39m[22m[49m: Microsoft.AspNetCore.Hosting.Diagnostics[1]
      Request starting HTTP/2 POST http://ilpp/UnityILPP.PostProcessing/PostProcessAssembly application/grpc -
[40m[32minfo[39m[22m[49m: Microsoft.AspNetCore.Routing.EndpointMiddleware[0]
      Executing endpoint 'gRPC - /UnityILPP.PostProcessing/PostProcessAssembly'
[40m[32minfo[39m[22m[49m: Unity.ILPP.Runner.PostProcessingPipeline[0]
      Processing assembly Library/Bee/artifacts/2400b0aE.dag/Unity.Burst.Editor.dll, with 122 defines and 264 references
[40m[32minfo[39m[22m[49m: Unity.ILPP.Runner.PostProcessingPipeline[0]
      processors: Unity.Entities.CodeGen.EntitiesILPostProcessors, Unity.Jobs.CodeGen.JobsILPostProcessor, zzzUnity.Burst.CodeGen.BurstILPostProcessor
[40m[32minfo[39m[22m[49m: Microsoft.AspNetCore.Hosting.Diagnostics[1]
      Request starting HTTP/2 POST http://ilpp/UnityILPP.PostProcessing/PostProcessAssembly application/grpc -
[40m[32minfo[39m[22m[49m: Microsoft.AspNetCore.Routing.EndpointMiddleware[0]
      Executing endpoint 'gRPC - /UnityILPP.PostProcessing/PostProcessAssembly'
[40m[32minfo[39m[22m[49m: Unity.ILPP.Runner.PostProcessingPipeline[0]
      Processing assembly Library/Bee/artifacts/2400b0aE.dag/Unity.Collections.Editor.dll, with 123 defines and 264 references
[40m[32minfo[39m[22m[49m: Unity.ILPP.Runner.PostProcessingPipeline[0]
      processors: Unity.Entities.CodeGen.EntitiesILPostProcessors, Unity.Jobs.CodeGen.JobsILPostProcessor, zzzUnity.Burst.CodeGen.BurstILPostProcessor
[40m[32minfo[39m[22m[49m: Unity.ILPP.Runner.PostProcessingPipeline[0]
      running Unity.Entities.CodeGen.EntitiesILPostProcessors
[40m[32minfo[39m[22m[49m: Unity.ILPP.Runner.PostProcessingPipeline[0]
      running Unity.Jobs.CodeGen.JobsILPostProcessor
[40m[32minfo[39m[22m[49m: Microsoft.AspNetCore.Hosting.Diagnostics[1]
      Request starting HTTP/2 POST http://ilpp/UnityILPP.PostProcessing/PostProcessAssembly application/grpc -
[40m[32minfo[39m[22m[49m: Microsoft.AspNetCore.Hosting.Diagnostics[1]
      Request starting HTTP/2 POST http://ilpp/UnityILPP.PostProcessing/PostProcessAssembly application/grpc -
[40m[32minfo[39m[22m[49m: Microsoft.AspNetCore.Routing.EndpointMiddleware[0]
      Executing endpoint 'gRPC - /UnityILPP.PostProcessing/PostProcessAssembly'
[40m[32minfo[39m[22m[49m: Microsoft.AspNetCore.Routing.EndpointMiddleware[0]
      Executing endpoint 'gRPC - /UnityILPP.PostProcessing/PostProcessAssembly'
[40m[32minfo[39m[22m[49m: Unity.ILPP.Runner.PostProcessingPipeline[0]
      Processing assembly Library/Bee/artifacts/2400b0aE.dag/GameCore.Content.Compiler.Editor.dll, with 122 defines and 265 references
[40m[32minfo[39m[22m[49m: Unity.ILPP.Runner.PostProcessingPipeline[0]
      Processing assembly Library/Bee/artifacts/2400b0aE.dag/Unity.Searcher.Editor.dll, with 122 defines and 263 references
[40m[32minfo[39m[22m[49m: Unity.ILPP.Runner.PostProcessingPipeline[0]
      processors: Unity.Entities.CodeGen.EntitiesILPostProcessors, Unity.Jobs.CodeGen.JobsILPostProcessor, zzzUnity.Burst.CodeGen.BurstILPostProcessor
[40m[32minfo[39m[22m[49m: Unity.ILPP.Runner.PostProcessingPipeline[0]
      processors: Unity.Entities.CodeGen.EntitiesILPostProcessors, Unity.Jobs.CodeGen.JobsILPostProcessor, zzzUnity.Burst.CodeGen.BurstILPostProcessor
[40m[32minfo[39m[22m[49m: Unity.ILPP.Runner.PostProcessingPipeline[0]
      running Unity.Entities.CodeGen.EntitiesILPostProcessors
[40m[32minfo[39m[22m[49m: Unity.ILPP.Runner.PostProcessingPipeline[0]
      running Unity.Jobs.CodeGen.JobsILPostProcessor
[40m[32minfo[39m[22m[49m: Unity.ILPP.Runner.PostProcessingPipeline[0]
      running zzzUnity.Burst.CodeGen.BurstILPostProcessor
[40m[32minfo[39m[22m[49m: Microsoft.AspNetCore.Routing.EndpointMiddleware[1]
      Executed endpoint 'gRPC - /UnityILPP.PostProcessing/PostProcessAssembly'
[40m[32minfo[39m[22m[49m: Microsoft.AspNetCore.Hosting.Diagnostics[2]
      Request finished HTTP/2 POST http://ilpp/UnityILPP.PostProcessing/PostProcessAssembly application/grpc - - 200 - application/grpc 0.9883ms
[40m[32minfo[39m[22m[49m: Microsoft.AspNetCore.Hosting.Diagnostics[1]
      Request starting HTTP/2 POST http://ilpp/UnityILPP.PostProcessing/PostProcessAssembly application/grpc -
[40m[32minfo[39m[22m[49m: Microsoft.AspNetCore.Routing.EndpointMiddleware[0]
      Executing endpoint 'gRPC - /UnityILPP.PostProcessing/PostProcessAssembly'
[40m[32minfo[39m[22m[49m: Unity.ILPP.Runner.PostProcessingPipeline[0]
      Processing assembly Library/Bee/artifacts/2400b0aE.dag/Unity.Toolchain.Linux-x86_64.dll, with 122 defines and 265 references
[40m[32minfo[39m[22m[49m: Unity.ILPP.Runner.PostProcessingPipeline[0]
      processors: Unity.Entities.CodeGen.EntitiesILPostProcessors, Unity.Jobs.CodeGen.JobsILPostProcessor, zzzUnity.Burst.CodeGen.BurstILPostProcessor
[40m[32minfo[39m[22m[49m: Unity.ILPP.Runner.PostProcessingPipeline[0]
      running Unity.Entities.CodeGen.EntitiesILPostProcessors
[40m[32minfo[39m[22m[49m: Unity.ILPP.Runner.PostProcessingPipeline[0]
      running Unity.Jobs.CodeGen.JobsILPostProcessor
[40m[32minfo[39m[22m[49m: Unity.ILPP.Runner.PostProcessingPipeline[0]
      running zzzUnity.Burst.CodeGen.BurstILPostProcessor
[40m[32minfo[39m[22m[49m: Microsoft.AspNetCore.Routing.EndpointMiddleware[1]
      Executed endpoint 'gRPC - /UnityILPP.PostProcessing/PostProcessAssembly'
[40m[32minfo[39m[22m[49m: Microsoft.AspNetCore.Hosting.Diagnostics[2]
      Request finished HTTP/2 POST http://ilpp/UnityILPP.PostProcessing/PostProcessAssembly application/grpc - - 200 - application/grpc 0.7318ms
[40m[32minfo[39m[22m[49m: Microsoft.AspNetCore.Hosting.Diagnostics[1]
      Request starting HTTP/2 POST http://ilpp/UnityILPP.PostProcessing/PostProcessAssembly application/grpc -
[40m[32minfo[39m[22m[49m: Microsoft.AspNetCore.Routing.EndpointMiddleware[0]
      Executing endpoint 'gRPC - /UnityILPP.PostProcessing/PostProcessAssembly'
[40m[32minfo[39m[22m[49m: Unity.ILPP.Runner.PostProcessingPipeline[0]
      Processing assembly Library/Bee/artifacts/2400b0aE.dag/PPv2URPConverters.dll, with 122 defines and 267 references
[40m[32minfo[39m[22m[49m: Unity.ILPP.Runner.PostProcessingPipeline[0]
      processors: Unity.Entities.CodeGen.EntitiesILPostProcessors, Unity.Jobs.CodeGen.JobsILPostProcessor, zzzUnity.Burst.CodeGen.BurstILPostProcessor
[40m[32minfo[39m[22m[49m: Unity.ILPP.Runner.PostProcessingPipeline[0]
      running Unity.Entities.CodeGen.EntitiesILPostProcessors
[40m[32minfo[39m[22m[49m: Unity.ILPP.Runner.PostProcessingPipeline[0]
      running Unity.Jobs.CodeGen.JobsILPostProcessor
[40m[32minfo[39m[22m[49m: Unity.ILPP.Runner.PostProcessingPipeline[0]
      running zzzUnity.Burst.CodeGen.BurstILPostProcessor
[40m[32minfo[39m[22m[49m: Microsoft.AspNetCore.Routing.EndpointMiddleware[1]
      Executed endpoint 'gRPC - /UnityILPP.PostProcessing/PostProcessAssembly'
[40m[32minfo[39m[22m[49m: Microsoft.AspNetCore.Hosting.Diagnostics[2]
      Request finished HTTP/2 POST http://ilpp/UnityILPP.PostProcessing/PostProcessAssembly application/grpc - - 200 - application/grpc 0.6915ms
[40m[32minfo[39m[22m[49m: Microsoft.AspNetCore.Hosting.Diagnostics[1]
      Request starting HTTP/2 POST http://ilpp/UnityILPP.PostProcessing/PostProcessAssembly application/grpc -
[40m[32minfo[39m[22m[49m: Microsoft.AspNetCore.Routing.EndpointMiddleware[0]
      Executing endpoint 'gRPC - /UnityILPP.PostProcessing/PostProcessAssembly'
[40m[32minfo[39m[22m[49m: Unity.ILPP.Runner.PostProcessingPipeline[0]
      Processing assembly Library/Bee/artifacts/2400b0aE.dag/Hollowmere.Build.Editor.dll, with 122 defines and 263 references
[40m[32minfo[39m[22m[49m: Unity.ILPP.Runner.PostProcessingPipeline[0]
      processors: Unity.Entities.CodeGen.EntitiesILPostProcessors, Unity.Jobs.CodeGen.JobsILPostProcessor, zzzUnity.Burst.CodeGen.BurstILPostProcessor
[40m[32minfo[39m[22m[49m: Unity.ILPP.Runner.PostProcessingPipeline[0]
      running Unity.Entities.CodeGen.EntitiesILPostProcessors
[40m[32minfo[39m[22m[49m: Unity.ILPP.Runner.PostProcessingPipeline[0]
      running Unity.Entities.CodeGen.EntitiesILPostProcessors
[40m[32minfo[39m[22m[49m: Unity.ILPP.Runner.PostProcessingPipeline[0]
      running Unity.Jobs.CodeGen.JobsILPostProcessor
[40m[32minfo[39m[22m[49m: Unity.ILPP.Runner.PostProcessingPipeline[0]
      running zzzUnity.Burst.CodeGen.BurstILPostProcessor
[40m[32minfo[39m[22m[49m: Microsoft.AspNetCore.Routing.EndpointMiddleware[1]
      Executed endpoint 'gRPC - /UnityILPP.PostProcessing/PostProcessAssembly'
[40m[32minfo[39m[22m[49m: Microsoft.AspNetCore.Hosting.Diagnostics[2]
      Request finished HTTP/2 POST http://ilpp/UnityILPP.PostProcessing/PostProcessAssembly application/grpc - - 200 - application/grpc 3.6180ms
[40m[32minfo[39m[22m[49m: Microsoft.AspNetCore.Hosting.Diagnostics[1]
      Request starting HTTP/2 POST http://ilpp/UnityILPP.PostProcessing/PostProcessAssembly application/grpc -
[40m[32minfo[39m[22m[49m: Microsoft.AspNetCore.Routing.EndpointMiddleware[0]
      Executing endpoint 'gRPC - /UnityILPP.PostProcessing/PostProcessAssembly'
[40m[32minfo[39m[22m[49m: Unity.ILPP.Runner.PostProcessingPipeline[0]
      Processing assembly Library/Bee/artifacts/2400b0aE.dag/Unity.ScriptableBuildPipeline.Editor.dll, with 125 defines and 264 references
[40m[32minfo[39m[22m[49m: Unity.ILPP.Runner.PostProcessingPipeline[0]
      processors: Unity.Entities.CodeGen.EntitiesILPostProcessors, Unity.Jobs.CodeGen.JobsILPostProcessor, zzzUnity.Burst.CodeGen.BurstILPostProcessor
[40m[32minfo[39m[22m[49m: Unity.ILPP.Runner.PostProcessingPipeline[0]
      running Unity.Jobs.CodeGen.JobsILPostProcessor
[40m[32minfo[39m[22m[49m: Unity.ILPP.Runner.PostProcessingPipeline[0]
      running zzzUnity.Burst.CodeGen.BurstILPostProcessor
[40m[32minfo[39m[22m[49m: Microsoft.AspNetCore.Routing.EndpointMiddleware[1]
      Executed endpoint 'gRPC - /UnityILPP.PostProcessing/PostProcessAssembly'
[40m[32minfo[39m[22m[49m: Microsoft.AspNetCore.Hosting.Diagnostics[2]
      Request finished HTTP/2 POST http://ilpp/UnityILPP.PostProcessing/PostProcessAssembly application/grpc - - 200 - application/grpc 8.0051ms
[40m[32minfo[39m[22m[49m: Unity.ILPP.Runner.PostProcessingPipeline[0]
      running Unity.Entities.CodeGen.EntitiesILPostProcessors
[40m[32minfo[39m[22m[49m: Unity.ILPP.Runner.PostProcessingPipeline[0]
      running Unity.Jobs.CodeGen.JobsILPostProcessor
[40m[32minfo[39m[22m[49m: Unity.ILPP.Runner.PostProcessingPipeline[0]
      running zzzUnity.Burst.CodeGen.BurstILPostProcessor
[40m[32minfo[39m[22m[49m: Unity.ILPP.Runner.PostProcessingPipeline[0]
      running zzzUnity.Burst.CodeGen.BurstILPostProcessor
[40m[32minfo[39m[22m[49m: Unity.ILPP.Runner.PostProcessingPipeline[0]
      running Unity.Entities.CodeGen.EntitiesILPostProcessors
[40m[32minfo[39m[22m[49m: Unity.ILPP.Runner.PostProcessingPipeline[0]
      running Unity.Jobs.CodeGen.JobsILPostProcessor
[40m[32minfo[39m[22m[49m: Unity.ILPP.Runner.PostProcessingPipeline[0]
      running zzzUnity.Burst.CodeGen.BurstILPostProcessor
[40m[32minfo[39m[22m[49m: Unity.ILPP.Runner.PostProcessingPipeline[0]
      running zzzUnity.Burst.CodeGen.BurstILPostProcessor
[40m[32minfo[39m[22m[49m: Microsoft.AspNetCore.Hosting.Diagnostics[1]
      Request starting HTTP/2 POST http://ilpp/UnityILPP.PostProcessing/PostProcessAssembly application/grpc -
[40m[32minfo[39m[22m[49m: Microsoft.AspNetCore.Routing.EndpointMiddleware[0]
      Executing endpoint 'gRPC - /UnityILPP.PostProcessing/PostProcessAssembly'
[40m[32minfo[39m[22m[49m: Unity.ILPP.Runner.PostProcessingPipeline[0]
      Processing assembly Library/Bee/artifacts/2400b0aE.dag/Unity.Sysroot.Linux_x86_64.dll, with 122 defines and 264 references
[40m[32minfo[39m[22m[49m: Unity.ILPP.Runner.PostProcessingPipeline[0]
      processors: Unity.Entities.CodeGen.EntitiesILPostProcessors, Unity.Jobs.CodeGen.JobsILPostProcessor, zzzUnity.Burst.CodeGen.BurstILPostProcessor
[40m[32minfo[39m[22m[49m: Microsoft.AspNetCore.Hosting.Diagnostics[1]
      Request starting HTTP/2 POST http://ilpp/UnityILPP.PostProcessing/PostProcessAssembly application/grpc -
[40m[32minfo[39m[22m[49m: Microsoft.AspNetCore.Routing.EndpointMiddleware[0]
      Executing endpoint 'gRPC - /UnityILPP.PostProcessing/PostProcessAssembly'
[40m[32minfo[39m[22m[49m: Unity.ILPP.Runner.PostProcessingPipeline[0]
      running Unity.Entities.CodeGen.EntitiesILPostProcessors
[40m[32minfo[39m[22m[49m: Unity.ILPP.Runner.PostProcessingPipeline[0]
      Processing assembly Library/Bee/artifacts/2400b0aE.dag/Unity.RenderPipelines.Core.Editor.dll, with 123 defines and 269 references
[40m[32minfo[39m[22m[49m: Unity.ILPP.Runner.PostProcessingPipeline[0]
      running Unity.Jobs.CodeGen.JobsILPostProcessor
[40m[32minfo[39m[22m[49m: Unity.ILPP.Runner.PostProcessingPipeline[0]
      processors: Unity.Entities.CodeGen.EntitiesILPostProcessors, Unity.Jobs.CodeGen.JobsILPostProcessor, zzzUnity.Burst.CodeGen.BurstILPostProcessor
[40m[32minfo[39m[22m[49m: Unity.ILPP.Runner.PostProcessingPipeline[0]
      running zzzUnity.Burst.CodeGen.BurstILPostProcessor
[40m[32minfo[39m[22m[49m: Microsoft.AspNetCore.Routing.EndpointMiddleware[1]
      Executed endpoint 'gRPC - /UnityILPP.PostProcessing/PostProcessAssembly'
[40m[32minfo[39m[22m[49m: Microsoft.AspNetCore.Routing.EndpointMiddleware[1]
      Executed endpoint 'gRPC - /UnityILPP.PostProcessing/PostProcessAssembly'
[40m[32minfo[39m[22m[49m: Microsoft.AspNetCore.Hosting.Diagnostics[2]
      Request finished HTTP/2 POST http://ilpp/UnityILPP.PostProcessing/PostProcessAssembly application/grpc - - 200 - application/grpc 687.1558ms
[40m[32minfo[39m[22m[49m: Microsoft.AspNetCore.Hosting.Diagnostics[2]
      Request finished HTTP/2 POST http://ilpp/UnityILPP.PostProcessing/PostProcessAssembly application/grpc - - 200 - application/grpc 0.8039ms
[40m[32minfo[39m[22m[49m: Microsoft.AspNetCore.Hosting.Diagnostics[1]
      Request starting HTTP/2 POST http://ilpp/UnityILPP.PostProcessing/PostProcessAssembly application/grpc -
[40m[32minfo[39m[22m[49m: Microsoft.AspNetCore.Routing.EndpointMiddleware[0]
      Executing endpoint 'gRPC - /UnityILPP.PostProcessing/PostProcessAssembly'
[40m[32minfo[39m[22m[49m: Unity.ILPP.Runner.PostProcessingPipeline[0]
      Processing assembly Library/Bee/artifacts/2400b0aE.dag/GameCore.Content.Compiler.dll, with 122 defines and 137 references
[40m[32minfo[39m[22m[49m: Unity.ILPP.Runner.PostProcessingPipeline[0]
      processors: Unity.Entities.CodeGen.EntitiesILPostProcessors, Unity.Jobs.CodeGen.JobsILPostProcessor, zzzUnity.Burst.CodeGen.BurstILPostProcessor
[40m[32minfo[39m[22m[49m: Microsoft.AspNetCore.Routing.EndpointMiddleware[1]
      Executed endpoint 'gRPC - /UnityILPP.PostProcessing/PostProcessAssembly'
[40m[32minfo[39m[22m[49m: Unity.ILPP.Runner.PostProcessingPipeline[0]
      running Unity.Entities.CodeGen.EntitiesILPostProcessors
[40m[32minfo[39m[22m[49m: Microsoft.AspNetCore.Hosting.Diagnostics[2]
      Request finished HTTP/2 POST http://ilpp/UnityILPP.PostProcessing/PostProcessAssembly application/grpc - - 200 - application/grpc 243.8854ms
[40m[32minfo[39m[22m[49m: Unity.ILPP.Runner.PostProcessingPipeline[0]
      running Unity.Jobs.CodeGen.JobsILPostProcessor
[40m[32minfo[39m[22m[49m: Unity.ILPP.Runner.PostProcessingPipeline[0]
      running zzzUnity.Burst.CodeGen.BurstILPostProcessor
[40m[32minfo[39m[22m[49m: Microsoft.AspNetCore.Routing.EndpointMiddleware[1]
      Executed endpoint 'gRPC - /UnityILPP.PostProcessing/PostProcessAssembly'
[40m[32minfo[39m[22m[49m: Microsoft.AspNetCore.Hosting.Diagnostics[2]
      Request finished HTTP/2 POST http://ilpp/UnityILPP.PostProcessing/PostProcessAssembly application/grpc - - 200 - application/grpc 89.0108ms
[40m[32minfo[39m[22m[49m: Unity.ILPP.Runner.PostProcessingPipeline[0]
      running Unity.Entities.CodeGen.EntitiesILPostProcessors
[40m[32minfo[39m[22m[49m: Unity.ILPP.Runner.PostProcessingPipeline[0]
      running Unity.Jobs.CodeGen.JobsILPostProcessor
[40m[32minfo[39m[22m[49m: Microsoft.AspNetCore.Hosting.Diagnostics[1]
      Request starting HTTP/2 POST http://ilpp/UnityILPP.PostProcessing/PostProcessAssembly application/grpc -
[40m[32minfo[39m[22m[49m: Microsoft.AspNetCore.Routing.EndpointMiddleware[0]
      Executing endpoint 'gRPC - /UnityILPP.PostProcessing/PostProcessAssembly'
[40m[32minfo[39m[22m[49m: Unity.ILPP.Runner.PostProcessingPipeline[0]
      Processing assembly Library/Bee/artifacts/2400b0aE.dag/Unity.PerformanceTesting.Editor.dll, with 123 defines and 257 references
[40m[32minfo[39m[22m[49m: Unity.ILPP.Runner.PostProcessingPipeline[0]
      processors: Unity.Entities.CodeGen.EntitiesILPostProcessors, Unity.Jobs.CodeGen.JobsILPostProcessor, zzzUnity.Burst.CodeGen.BurstILPostProcessor
[40m[32minfo[39m[22m[49m: Unity.ILPP.Runner.PostProcessingPipeline[0]
      running Unity.Entities.CodeGen.EntitiesILPostProcessors
[40m[32minfo[39m[22m[49m: Unity.ILPP.Runner.PostProcessingPipeline[0]
      running Unity.Jobs.CodeGen.JobsILPostProcessor
[40m[32minfo[39m[22m[49m: Unity.ILPP.Runner.PostProcessingPipeline[0]
      running zzzUnity.Burst.CodeGen.BurstILPostProcessor
[40m[32minfo[39m[22m[49m: Microsoft.AspNetCore.Routing.EndpointMiddleware[1]
      Executed endpoint 'gRPC - /UnityILPP.PostProcessing/PostProcessAssembly'
[40m[32minfo[39m[22m[49m: Microsoft.AspNetCore.Hosting.Diagnostics[2]
      Request finished HTTP/2 POST http://ilpp/UnityILPP.PostProcessing/PostProcessAssembly application/grpc - - 200 - application/grpc 0.9613ms
[40m[32minfo[39m[22m[49m: Microsoft.AspNetCore.Routing.EndpointMiddleware[1]
      Executed endpoint 'gRPC - /UnityILPP.PostProcessing/PostProcessAssembly'
[40m[32minfo[39m[22m[49m: Microsoft.AspNetCore.Hosting.Diagnostics[2]
      Request finished HTTP/2 POST http://ilpp/UnityILPP.PostProcessing/PostProcessAssembly application/grpc - - 200 - application/grpc 6.1129ms
[40m[32minfo[39m[22m[49m: Microsoft.AspNetCore.Hosting.Diagnostics[1]
      Request starting HTTP/2 POST http://ilpp/UnityILPP.PostProcessing/PostProcessAssembly application/grpc -
[40m[32minfo[39m[22m[49m: Microsoft.AspNetCore.Routing.EndpointMiddleware[0]
      Executing endpoint 'gRPC - /UnityILPP.PostProcessing/PostProcessAssembly'
[40m[32minfo[39m[22m[49m: Unity.ILPP.Runner.PostProcessingPipeline[0]
      Processing assembly Library/Bee/artifacts/2400b0aE.dag/Unity.AI.Navigation.Editor.ConversionSystem.dll, with 122 defines and 263 references
[40m[32minfo[39m[22m[49m: Unity.ILPP.Runner.PostProcessingPipeline[0]
      processors: Unity.Entities.CodeGen.EntitiesILPostProcessors, Unity.Jobs.CodeGen.JobsILPostProcessor, zzzUnity.Burst.CodeGen.BurstILPostProcessor
[40m[32minfo[39m[22m[49m: Unity.ILPP.Runner.PostProcessingPipeline[0]
      running Unity.Entities.CodeGen.EntitiesILPostProcessors
[40m[32minfo[39m[22m[49m: Unity.ILPP.Runner.PostProcessingPipeline[0]
      running Unity.Jobs.CodeGen.JobsILPostProcessor
[40m[32minfo[39m[22m[49m: Unity.ILPP.Runner.PostProcessingPipeline[0]
      running zzzUnity.Burst.CodeGen.BurstILPostProcessor
[40m[32minfo[39m[22m[49m: Microsoft.AspNetCore.Routing.EndpointMiddleware[1]
      Executed endpoint 'gRPC - /UnityILPP.PostProcessing/PostProcessAssembly'
[40m[32minfo[39m[22m[49m: Microsoft.AspNetCore.Hosting.Diagnostics[2]
      Request finished HTTP/2 POST http://ilpp/UnityILPP.PostProcessing/PostProcessAssembly application/grpc - - 200 - application/grpc 14.5352ms
[40m[32minfo[39m[22m[49m: Microsoft.AspNetCore.Hosting.Diagnostics[1]
      Request starting HTTP/2 POST http://ilpp/UnityILPP.PostProcessing/PostProcessAssembly application/grpc -
[40m[32minfo[39m[22m[49m: Microsoft.AspNetCore.Hosting.Diagnostics[1]
      Request starting HTTP/2 POST http://ilpp/UnityILPP.PostProcessing/PostProcessAssembly application/grpc -
[40m[32minfo[39m[22m[49m: Microsoft.AspNetCore.Routing.EndpointMiddleware[0]
      Executing endpoint 'gRPC - /UnityILPP.PostProcessing/PostProcessAssembly'
[40m[32minfo[39m[22m[49m: Microsoft.AspNetCore.Routing.EndpointMiddleware[0]
      Executing endpoint 'gRPC - /UnityILPP.PostProcessing/PostProcessAssembly'
[40m[32minfo[39m[22m[49m: Microsoft.AspNetCore.Hosting.Diagnostics[1]
      Request starting HTTP/2 POST http://ilpp/UnityILPP.PostProcessing/PostProcessAssembly application/grpc -
[40m[32minfo[39m[22m[49m: Microsoft.AspNetCore.Routing.EndpointMiddleware[0]
      Executing endpoint 'gRPC - /UnityILPP.PostProcessing/PostProcessAssembly'
[40m[32minfo[39m[22m[49m: Unity.ILPP.Runner.PostProcessingPipeline[0]
      Processing assembly Library/Bee/artifacts/2400b0aE.dag/Unity.SysrootPackage.Editor.dll, with 122 defines and 263 references
[40m[32minfo[39m[22m[49m: Unity.ILPP.Runner.PostProcessingPipeline[0]
      Processing assembly Library/Bee/artifacts/2400b0aE.dag/Unity.Serialization.Editor.dll, with 122 defines and 264 references
[40m[32minfo[39m[22m[49m: Unity.ILPP.Runner.PostProcessingPipeline[0]
      processors: Unity.Entities.CodeGen.EntitiesILPostProcessors, Unity.Jobs.CodeGen.JobsILPostProcessor, zzzUnity.Burst.CodeGen.BurstILPostProcessor
[40m[32minfo[39m[22m[49m: Unity.ILPP.Runner.PostProcessingPipeline[0]
      processors: Unity.Entities.CodeGen.EntitiesILPostProcessors, Unity.Jobs.CodeGen.JobsILPostProcessor, zzzUnity.Burst.CodeGen.BurstILPostProcessor
[40m[32minfo[39m[22m[49m: Unity.ILPP.Runner.PostProcessingPipeline[0]
      Processing assembly Library/Bee/artifacts/2400b0aE.dag/Unity.Rendering.LightTransport.Editor.dll, with 122 defines and 263 references
[40m[32minfo[39m[22m[49m: Unity.ILPP.Runner.PostProcessingPipeline[0]
      processors: Unity.Entities.CodeGen.EntitiesILPostProcessors, Unity.Jobs.CodeGen.JobsILPostProcessor, zzzUnity.Burst.CodeGen.BurstILPostProcessor
[40m[32minfo[39m[22m[49m: Unity.ILPP.Runner.PostProcessingPipeline[0]
      running Unity.Entities.CodeGen.EntitiesILPostProcessors
[40m[32minfo[39m[22m[49m: Unity.ILPP.Runner.PostProcessingPipeline[0]
      running Unity.Entities.CodeGen.EntitiesILPostProcessors
[40m[32minfo[39m[22m[49m: Unity.ILPP.Runner.PostProcessingPipeline[0]
      running Unity.Jobs.CodeGen.JobsILPostProcessor
[40m[32minfo[39m[22m[49m: Unity.ILPP.Runner.PostProcessingPipeline[0]
      running Unity.Jobs.CodeGen.JobsILPostProcessor
[40m[32minfo[39m[22m[49m: Unity.ILPP.Runner.PostProcessingPipeline[0]
      running Unity.Entities.CodeGen.EntitiesILPostProcessors
[40m[32minfo[39m[22m[49m: Unity.ILPP.Runner.PostProcessingPipeline[0]
      running zzzUnity.Burst.CodeGen.BurstILPostProcessor
[40m[32minfo[39m[22m[49m: Unity.ILPP.Runner.PostProcessingPipeline[0]
      running zzzUnity.Burst.CodeGen.BurstILPostProcessor
[40m[32minfo[39m[22m[49m: Unity.ILPP.Runner.PostProcessingPipeline[0]
      running Unity.Jobs.CodeGen.JobsILPostProcessor
[40m[32minfo[39m[22m[49m: Unity.ILPP.Runner.PostProcessingPipeline[0]
      running zzzUnity.Burst.CodeGen.BurstILPostProcessor
[40m[32minfo[39m[22m[49m: Microsoft.AspNetCore.Routing.EndpointMiddleware[1]
      Executed endpoint 'gRPC - /UnityILPP.PostProcessing/PostProcessAssembly'
[40m[32minfo[39m[22m[49m: Microsoft.AspNetCore.Hosting.Diagnostics[2]
      Request finished HTTP/2 POST http://ilpp/UnityILPP.PostProcessing/PostProcessAssembly application/grpc - - 200 - application/grpc 0.6981ms
[40m[32minfo[39m[22m[49m: Microsoft.AspNetCore.Routing.EndpointMiddleware[1]
      Executed endpoint 'gRPC - /UnityILPP.PostProcessing/PostProcessAssembly'
[40m[32minfo[39m[22m[49m: Microsoft.AspNetCore.Hosting.Diagnostics[2]
      Request finished HTTP/2 POST http://ilpp/UnityILPP.PostProcessing/PostProcessAssembly application/grpc - - 200 - application/grpc 0.6284ms
[40m[32minfo[39m[22m[49m: Microsoft.AspNetCore.Routing.EndpointMiddleware[1]
      Executed endpoint 'gRPC - /UnityILPP.PostProcessing/PostProcessAssembly'
[40m[32minfo[39m[22m[49m: Microsoft.AspNetCore.Hosting.Diagnostics[2]
      Request finished HTTP/2 POST http://ilpp/UnityILPP.PostProcessing/PostProcessAssembly application/grpc - - 200 - application/grpc 0.7790ms
[40m[32minfo[39m[22m[49m: Microsoft.AspNetCore.Routing.EndpointMiddleware[1]
      Executed endpoint 'gRPC - /UnityILPP.PostProcessing/PostProcessAssembly'
[40m[32minfo[39m[22m[49m: Microsoft.AspNetCore.Hosting.Diagnostics[2]
      Request finished HTTP/2 POST http://ilpp/UnityILPP.PostProcessing/PostProcessAssembly application/grpc - - 200 - application/grpc 466.6843ms
[40m[32minfo[39m[22m[49m: Microsoft.AspNetCore.Routing.EndpointMiddleware[1]
      Executed endpoint 'gRPC - /UnityILPP.PostProcessing/PostProcessAssembly'
[40m[32minfo[39m[22m[49m: Microsoft.AspNetCore.Hosting.Diagnostics[2]
      Request finished HTTP/2 POST http://ilpp/UnityILPP.PostProcessing/PostProcessAssembly application/grpc - - 200 - application/grpc 1242.7178ms
[40m[32minfo[39m[22m[49m: Unity.ILPP.Runner.PostProcessingPipeline[0]
      running zzzUnity.Burst.CodeGen.BurstILPostProcessor
[40m[32minfo[39m[22m[49m: Unity.ILPP.Runner.PostProcessingPipeline[0]
      running zzzUnity.Burst.CodeGen.BurstILPostProcessor
[40m[32minfo[39m[22m[49m: Microsoft.AspNetCore.Hosting.Diagnostics[1]
      Request starting HTTP/2 POST http://ilpp/UnityILPP.PostProcessing/PostProcessAssembly application/grpc -
[40m[32minfo[39m[22m[49m: Microsoft.AspNetCore.Routing.EndpointMiddleware[0]
      Executing endpoint 'gRPC - /UnityILPP.PostProcessing/PostProcessAssembly'
[40m[32minfo[39m[22m[49m: Unity.ILPP.Runner.PostProcessingPipeline[0]
      Processing assembly Library/Bee/artifacts/2400b0aE.dag/GameCore.Studio.Etos.Client.dll, with 122 defines and 131 references
[40m[32minfo[39m[22m[49m: Unity.ILPP.Runner.PostProcessingPipeline[0]
      processors: Unity.Entities.CodeGen.EntitiesILPostProcessors, Unity.Jobs.CodeGen.JobsILPostProcessor, zzzUnity.Burst.CodeGen.BurstILPostProcessor
[40m[32minfo[39m[22m[49m: Unity.ILPP.Runner.PostProcessingPipeline[0]
      running Unity.Entities.CodeGen.EntitiesILPostProcessors
[40m[32minfo[39m[22m[49m: Unity.ILPP.Runner.PostProcessingPipeline[0]
      running Unity.Jobs.CodeGen.JobsILPostProcessor
[40m[32minfo[39m[22m[49m: Unity.ILPP.Runner.PostProcessingPipeline[0]
      running zzzUnity.Burst.CodeGen.BurstILPostProcessor
[40m[32minfo[39m[22m[49m: Microsoft.AspNetCore.Routing.EndpointMiddleware[1]
      Executed endpoint 'gRPC - /UnityILPP.PostProcessing/PostProcessAssembly'
[40m[32minfo[39m[22m[49m: Microsoft.AspNetCore.Hosting.Diagnostics[2]
      Request finished HTTP/2 POST http://ilpp/UnityILPP.PostProcessing/PostProcessAssembly application/grpc - - 200 - application/grpc 0.9092ms
  - EILPP : Unity.Scenes.Editor : : 498ms (~474ms)
    - EILPP : Unity.Scenes.Editor : StaticTypeRegistryPostProcessor: 2ms
    - EILPP : Unity.Scenes.Editor : WriteAssembly: 22ms
[40m[32minfo[39m[22m[49m: Unity.ILPP.Runner.PostProcessingPipeline[0]
      running Unity.Jobs.CodeGen.JobsILPostProcessor
[40m[32minfo[39m[22m[49m: Microsoft.AspNetCore.Hosting.Diagnostics[1]
      Request starting HTTP/2 POST http://ilpp/UnityILPP.PostProcessing/PostProcessAssembly application/grpc -
[40m[32minfo[39m[22m[49m: Microsoft.AspNetCore.Routing.EndpointMiddleware[0]
      Executing endpoint 'gRPC - /UnityILPP.PostProcessing/PostProcessAssembly'
[40m[32minfo[39m[22m[49m: Unity.ILPP.Runner.PostProcessingPipeline[0]
      Processing assembly Library/Bee/artifacts/2400b0aE.dag/GameCore.Unity.Runtime.dll, with 124 defines and 242 references
[40m[32minfo[39m[22m[49m: Unity.ILPP.Runner.PostProcessingPipeline[0]
      processors: Unity.Entities.CodeGen.EntitiesILPostProcessors, Unity.Jobs.CodeGen.JobsILPostProcessor, zzzUnity.Burst.CodeGen.BurstILPostProcessor
[40m[32minfo[39m[22m[49m: Unity.ILPP.Runner.PostProcessingPipeline[0]
      running Unity.Entities.CodeGen.EntitiesILPostProcessors
[40m[32minfo[39m[22m[49m: Microsoft.AspNetCore.Routing.EndpointMiddleware[1]
      Executed endpoint 'gRPC - /UnityILPP.PostProcessing/PostProcessAssembly'
[40m[32minfo[39m[22m[49m: Microsoft.AspNetCore.Hosting.Diagnostics[2]
      Request finished HTTP/2 POST http://ilpp/UnityILPP.PostProcessing/PostProcessAssembly application/grpc - - 200 - application/grpc 1296.4587ms
[40m[32minfo[39m[22m[49m: Microsoft.AspNetCore.Routing.EndpointMiddleware[1]
      Executed endpoint 'gRPC - /UnityILPP.PostProcessing/PostProcessAssembly'
[40m[32minfo[39m[22m[49m: Microsoft.AspNetCore.Hosting.Diagnostics[2]
      Request finished HTTP/2 POST http://ilpp/UnityILPP.PostProcessing/PostProcessAssembly application/grpc - - 200 - application/grpc 1574.9103ms
[40m[32minfo[39m[22m[49m: Unity.ILPP.Runner.PostProcessingPipeline[0]
      running zzzUnity.Burst.CodeGen.BurstILPostProcessor
[40m[32minfo[39m[22m[49m: Microsoft.AspNetCore.Routing.EndpointMiddleware[1]
      Executed endpoint 'gRPC - /UnityILPP.PostProcessing/PostProcessAssembly'
[40m[32minfo[39m[22m[49m: Microsoft.AspNetCore.Hosting.Diagnostics[2]
      Request finished HTTP/2 POST http://ilpp/UnityILPP.PostProcessing/PostProcessAssembly application/grpc - - 200 - application/grpc 744.0557ms
[40m[32minfo[39m[22m[49m: Microsoft.AspNetCore.Hosting.Diagnostics[1]
      Request starting HTTP/2 POST http://ilpp/UnityILPP.PostProcessing/PostProcessAssembly application/grpc -
[40m[32minfo[39m[22m[49m: Microsoft.AspNetCore.Hosting.Diagnostics[1]
      Request starting HTTP/2 POST http://ilpp/UnityILPP.PostProcessing/PostProcessAssembly application/grpc -
[40m[32minfo[39m[22m[49m: Microsoft.AspNetCore.Hosting.Diagnostics[1]
      Request starting HTTP/2 POST http://ilpp/UnityILPP.PostProcessing/PostProcessAssembly application/grpc -
[40m[32minfo[39m[22m[49m: Microsoft.AspNetCore.Routing.EndpointMiddleware[0]
      Executing endpoint 'gRPC - /UnityILPP.PostProcessing/PostProcessAssembly'
[40m[32minfo[39m[22m[49m: Microsoft.AspNetCore.Routing.EndpointMiddleware[0]
      Executing endpoint 'gRPC - /UnityILPP.PostProcessing/PostProcessAssembly'
[40m[32minfo[39m[22m[49m: Microsoft.AspNetCore.Routing.EndpointMiddleware[0]
      Executing endpoint 'gRPC - /UnityILPP.PostProcessing/PostProcessAssembly'
[40m[32minfo[39m[22m[49m: Unity.ILPP.Runner.PostProcessingPipeline[0]
      Processing assembly Library/Bee/artifacts/2400b0aE.dag/Hollowmere.Checkpoint.dll, with 124 defines and 237 references
[40m[32minfo[39m[22m[49m: Unity.ILPP.Runner.PostProcessingPipeline[0]
      Processing assembly Library/Bee/artifacts/2400b0aE.dag/GameCore.Studio.Etos.Testing.dll, with 122 defines and 131 references
[40m[32minfo[39m[22m[49m: Unity.ILPP.Runner.PostProcessingPipeline[0]
      Processing assembly Library/Bee/artifacts/2400b0aE.dag/GameCore.Gameplay.Narrative.dll, with 124 defines and 242 references
[40m[32minfo[39m[22m[49m: Unity.ILPP.Runner.PostProcessingPipeline[0]
      processors: Unity.Entities.CodeGen.EntitiesILPostProcessors, Unity.Jobs.CodeGen.JobsILPostProcessor, zzzUnity.Burst.CodeGen.BurstILPostProcessor
[40m[32minfo[39m[22m[49m: Unity.ILPP.Runner.PostProcessingPipeline[0]
      processors: Unity.Entities.CodeGen.EntitiesILPostProcessors, Unity.Jobs.CodeGen.JobsILPostProcessor, zzzUnity.Burst.CodeGen.BurstILPostProcessor
[40m[32minfo[39m[22m[49m: Unity.ILPP.Runner.PostProcessingPipeline[0]
      processors: Unity.Entities.CodeGen.EntitiesILPostProcessors, Unity.Jobs.CodeGen.JobsILPostProcessor, zzzUnity.Burst.CodeGen.BurstILPostProcessor
[40m[32minfo[39m[22m[49m: Unity.ILPP.Runner.PostProcessingPipeline[0]
      running Unity.Entities.CodeGen.EntitiesILPostProcessors
[40m[32minfo[39m[22m[49m: Unity.ILPP.Runner.PostProcessingPipeline[0]
      running Unity.Entities.CodeGen.EntitiesILPostProcessors
[40m[32minfo[39m[22m[49m: Unity.ILPP.Runner.PostProcessingPipeline[0]
      running Unity.Entities.CodeGen.EntitiesILPostProcessors
[40m[32minfo[39m[22m[49m: Unity.ILPP.Runner.PostProcessingPipeline[0]
      running Unity.Jobs.CodeGen.JobsILPostProcessor
[40m[32minfo[39m[22m[49m: Unity.ILPP.Runner.PostProcessingPipeline[0]
      running zzzUnity.Burst.CodeGen.BurstILPostProcessor
[40m[32minfo[39m[22m[49m: Unity.ILPP.Runner.PostProcessingPipeline[0]
      running Unity.Jobs.CodeGen.JobsILPostProcessor
[40m[32minfo[39m[22m[49m: Unity.ILPP.Runner.PostProcessingPipeline[0]
      running zzzUnity.Burst.CodeGen.BurstILPostProcessor
[40m[32minfo[39m[22m[49m: Microsoft.AspNetCore.Routing.EndpointMiddleware[1]
      Executed endpoint 'gRPC - /UnityILPP.PostProcessing/PostProcessAssembly'
[40m[32minfo[39m[22m[49m: Microsoft.AspNetCore.Hosting.Diagnostics[2]
      Request finished HTTP/2 POST http://ilpp/UnityILPP.PostProcessing/PostProcessAssembly application/grpc - - 200 - application/grpc 0.7502ms
[40m[32minfo[39m[22m[49m: Microsoft.AspNetCore.Routing.EndpointMiddleware[1]
      Executed endpoint 'gRPC - /UnityILPP.PostProcessing/PostProcessAssembly'
[40m[32minfo[39m[22m[49m: Microsoft.AspNetCore.Hosting.Diagnostics[2]
      Request finished HTTP/2 POST http://ilpp/UnityILPP.PostProcessing/PostProcessAssembly application/grpc - - 200 - application/grpc 0.8734ms
[40m[32minfo[39m[22m[49m: Microsoft.AspNetCore.Routing.EndpointMiddleware[1]
      Executed endpoint 'gRPC - /UnityILPP.PostProcessing/PostProcessAssembly'
[40m[32minfo[39m[22m[49m: Microsoft.AspNetCore.Hosting.Diagnostics[2]
      Request finished HTTP/2 POST http://ilpp/UnityILPP.PostProcessing/PostProcessAssembly application/grpc - - 200 - application/grpc 695.8076ms
  - EILPP : GameCore.Gameplay.Narrative : : 11ms (~8ms)
    - EILPP : GameCore.Gameplay.Narrative : StaticTypeRegistryPostProcessor: 1ms
    - EILPP : GameCore.Gameplay.Narrative : WriteAssembly: 2ms
[40m[32minfo[39m[22m[49m: Unity.ILPP.Runner.PostProcessingPipeline[0]
      running Unity.Jobs.CodeGen.JobsILPostProcessor
[40m[32minfo[39m[22m[49m: Unity.ILPP.Runner.PostProcessingPipeline[0]
      running zzzUnity.Burst.CodeGen.BurstILPostProcessor
  - EILPP : Unity.Entities : : 1727ms (~390ms)
    - EILPP : Unity.Entities : ComponentDataPP: 218ms
    - EILPP : Unity.Entities : StaticTypeRegistryPostProcessor: 108ms
    - EILPP : Unity.Entities : WriteAssembly: 1011ms
[40m[32minfo[39m[22m[49m: Unity.ILPP.Runner.PostProcessingPipeline[0]
      running Unity.Jobs.CodeGen.JobsILPostProcessor
  - EILPP : GameCore.Unity.Runtime : : 311ms (~77ms)
    - EILPP : GameCore.Unity.Runtime : GetAllComponentTypes: 2ms
    - EILPP : GameCore.Unity.Runtime : ComponentDataPP: 8ms
    - EILPP : GameCore.Unity.Runtime : StaticTypeRegistryPostProcessor: 20ms
    - EILPP : GameCore.Unity.Runtime : WriteAssembly: 204ms
[40m[32minfo[39m[22m[49m: Unity.ILPP.Runner.PostProcessingPipeline[0]
      running Unity.Jobs.CodeGen.JobsILPostProcessor
[40m[32minfo[39m[22m[49m: Microsoft.AspNetCore.Routing.EndpointMiddleware[1]
      Executed endpoint 'gRPC - /UnityILPP.PostProcessing/PostProcessAssembly'
[40m[32minfo[39m[22m[49m: Microsoft.AspNetCore.Hosting.Diagnostics[2]
      Request finished HTTP/2 POST http://ilpp/UnityILPP.PostProcessing/PostProcessAssembly application/grpc - - 200 - application/grpc 40.8133ms
  - EILPP : Unity.Entities.Editor : : 1001ms (~282ms)
    - EILPP : Unity.Entities.Editor : GetAllComponentTypes: 207ms
    - EILPP : Unity.Entities.Editor : ComponentDataPP: 7ms
    - EILPP : Unity.Entities.Editor : StaticTypeRegistryPostProcessor: 192ms
    - EILPP : Unity.Entities.Editor : WriteAssembly: 313ms
[40m[32minfo[39m[22m[49m: Unity.ILPP.Runner.PostProcessingPipeline[0]
      running Unity.Jobs.CodeGen.JobsILPostProcessor
[40m[32minfo[39m[22m[49m: Unity.ILPP.Runner.PostProcessingPipeline[0]
      running zzzUnity.Burst.CodeGen.BurstILPostProcessor
[40m[32minfo[39m[22m[49m: Microsoft.AspNetCore.Routing.EndpointMiddleware[1]
      Executed endpoint 'gRPC - /UnityILPP.PostProcessing/PostProcessAssembly'
[40m[32minfo[39m[22m[49m: Microsoft.AspNetCore.Hosting.Diagnostics[2]
      Request finished HTTP/2 POST http://ilpp/UnityILPP.PostProcessing/PostProcessAssembly application/grpc - - 200 - application/grpc 557.9518ms
[40m[32minfo[39m[22m[49m: Microsoft.AspNetCore.Hosting.Diagnostics[1]
      Request starting HTTP/2 POST http://ilpp/UnityILPP.PostProcessing/PostProcessAssembly application/grpc -
[40m[32minfo[39m[22m[49m: Microsoft.AspNetCore.Routing.EndpointMiddleware[0]
      Executing endpoint 'gRPC - /UnityILPP.PostProcessing/PostProcessAssembly'
[40m[32minfo[39m[22m[49m: Unity.ILPP.Runner.PostProcessingPipeline[0]
      Processing assembly Library/Bee/artifacts/2400b0aE.dag/GameCore.Unity.Adapters.dll, with 124 defines and 240 references
[40m[32minfo[39m[22m[49m: Unity.ILPP.Runner.PostProcessingPipeline[0]
      processors: Unity.Entities.CodeGen.EntitiesILPostProcessors, Unity.Jobs.CodeGen.JobsILPostProcessor, zzzUnity.Burst.CodeGen.BurstILPostProcessor
[40m[32minfo[39m[22m[49m: Unity.ILPP.Runner.PostProcessingPipeline[0]
      running Unity.Entities.CodeGen.EntitiesILPostProcessors
  - EILPP : GameCore.Unity.Adapters : : 12ms (~11ms)
    - EILPP : GameCore.Unity.Adapters : ComponentDataPP: 1ms
[40m[32minfo[39m[22m[49m: Unity.ILPP.Runner.PostProcessingPipeline[0]
      running Unity.Jobs.CodeGen.JobsILPostProcessor
[40m[32minfo[39m[22m[49m: Unity.ILPP.Runner.PostProcessingPipeline[0]
      running zzzUnity.Burst.CodeGen.BurstILPostProcessor
[40m[32minfo[39m[22m[49m: Unity.ILPP.Runner.PostProcessingPipeline[0]
      running zzzUnity.Burst.CodeGen.BurstILPostProcessor
[40m[32minfo[39m[22m[49m: Microsoft.AspNetCore.Routing.EndpointMiddleware[1]
      Executed endpoint 'gRPC - /UnityILPP.PostProcessing/PostProcessAssembly'
[40m[32minfo[39m[22m[49m: Microsoft.AspNetCore.Hosting.Diagnostics[2]
      Request finished HTTP/2 POST http://ilpp/UnityILPP.PostProcessing/PostProcessAssembly application/grpc - - 200 - application/grpc 22.3467ms
[40m[32minfo[39m[22m[49m: Unity.ILPP.Runner.PostProcessingPipeline[0]
      running zzzUnity.Burst.CodeGen.BurstILPostProcessor
[40m[32minfo[39m[22m[49m: Microsoft.AspNetCore.Hosting.Diagnostics[1]
      Request starting HTTP/2 POST http://ilpp/UnityILPP.PostProcessing/PostProcessAssembly application/grpc -
[40m[32minfo[39m[22m[49m: Microsoft.AspNetCore.Hosting.Diagnostics[1]
      Request starting HTTP/2 POST http://ilpp/UnityILPP.PostProcessing/PostProcessAssembly application/grpc -
[40m[32minfo[39m[22m[49m: Microsoft.AspNetCore.Routing.EndpointMiddleware[0]
      Executing endpoint 'gRPC - /UnityILPP.PostProcessing/PostProcessAssembly'
[40m[32minfo[39m[22m[49m: Microsoft.AspNetCore.Routing.EndpointMiddleware[0]
      Executing endpoint 'gRPC - /UnityILPP.PostProcessing/PostProcessAssembly'
[40m[32minfo[39m[22m[49m: Microsoft.AspNetCore.Hosting.Diagnostics[1]
      Request starting HTTP/2 POST http://ilpp/UnityILPP.PostProcessing/PostProcessAssembly application/grpc -
[40m[32minfo[39m[22m[49m: Microsoft.AspNetCore.Routing.EndpointMiddleware[0]
      Executing endpoint 'gRPC - /UnityILPP.PostProcessing/PostProcessAssembly'
[40m[32minfo[39m[22m[49m: Unity.ILPP.Runner.PostProcessingPipeline[0]
      Processing assembly Library/Bee/artifacts/2400b0aE.dag/GameCore.Gameplay.Entities.dll, with 124 defines and 241 references
[40m[32minfo[39m[22m[49m: Unity.ILPP.Runner.PostProcessingPipeline[0]
      Processing assembly Library/Bee/artifacts/2400b0aE.dag/GameCore.Gameplay.Narrative.Fixtures.dll, with 124 defines and 246 references
[40m[32minfo[39m[22m[49m: Unity.ILPP.Runner.PostProcessingPipeline[0]
      Processing assembly Library/Bee/artifacts/2400b0aE.dag/GameCore.Unity.Fixtures.dll, with 124 defines and 244 references
[40m[32minfo[39m[22m[49m: Unity.ILPP.Runner.PostProcessingPipeline[0]
      processors: Unity.Entities.CodeGen.EntitiesILPostProcessors, Unity.Jobs.CodeGen.JobsILPostProcessor, zzzUnity.Burst.CodeGen.BurstILPostProcessor
[40m[32minfo[39m[22m[49m: Unity.ILPP.Runner.PostProcessingPipeline[0]
      processors: Unity.Entities.CodeGen.EntitiesILPostProcessors, Unity.Jobs.CodeGen.JobsILPostProcessor, zzzUnity.Burst.CodeGen.BurstILPostProcessor
[40m[32minfo[39m[22m[49m: Unity.ILPP.Runner.PostProcessingPipeline[0]
      processors: Unity.Entities.CodeGen.EntitiesILPostProcessors, Unity.Jobs.CodeGen.JobsILPostProcessor, zzzUnity.Burst.CodeGen.BurstILPostProcessor
[40m[32minfo[39m[22m[49m: Unity.ILPP.Runner.PostProcessingPipeline[0]
      running Unity.Entities.CodeGen.EntitiesILPostProcessors
[40m[32minfo[39m[22m[49m: Unity.ILPP.Runner.PostProcessingPipeline[0]
      running Unity.Entities.CodeGen.EntitiesILPostProcessors
[40m[32minfo[39m[22m[49m: Unity.ILPP.Runner.PostProcessingPipeline[0]
      running Unity.Entities.CodeGen.EntitiesILPostProcessors
[40m[32minfo[39m[22m[49m: Microsoft.AspNetCore.Hosting.Diagnostics[1]
      Request starting HTTP/2 POST http://ilpp/UnityILPP.PostProcessing/PostProcessAssembly application/grpc -
[40m[32minfo[39m[22m[49m: Microsoft.AspNetCore.Routing.EndpointMiddleware[0]
      Executing endpoint 'gRPC - /UnityILPP.PostProcessing/PostProcessAssembly'
[40m[32minfo[39m[22m[49m: Unity.ILPP.Runner.PostProcessingPipeline[0]
      Processing assembly Library/Bee/artifacts/2400b0aE.dag/GameCore.Gameplay.Cards.dll, with 124 defines and 243 references
[40m[32minfo[39m[22m[49m: Unity.ILPP.Runner.PostProcessingPipeline[0]
      processors: Unity.Entities.CodeGen.EntitiesILPostProcessors, Unity.Jobs.CodeGen.JobsILPostProcessor, zzzUnity.Burst.CodeGen.BurstILPostProcessor
[40m[32minfo[39m[22m[49m: Unity.ILPP.Runner.PostProcessingPipeline[0]
      running Unity.Entities.CodeGen.EntitiesILPostProcessors
  - EILPP : GameCore.Gameplay.Entities : : 26ms (~16ms)
    - EILPP : GameCore.Gameplay.Entities : ComponentDataPP: 3ms
    - EILPP : GameCore.Gameplay.Entities : StaticTypeRegistryPostProcessor: 2ms
    - EILPP : GameCore.Gameplay.Entities : WriteAssembly: 5ms
[40m[32minfo[39m[22m[49m: Unity.ILPP.Runner.PostProcessingPipeline[0]
      running Unity.Jobs.CodeGen.JobsILPostProcessor
  - EILPP : GameCore.Unity.Fixtures : : 30ms (~15ms)
    - EILPP : GameCore.Unity.Fixtures : ComponentDataPP: 1ms
    - EILPP : GameCore.Unity.Fixtures : StaticTypeRegistryPostProcessor: 3ms
    - EILPP : GameCore.Unity.Fixtures : WriteAssembly: 11ms
[40m[32minfo[39m[22m[49m: Unity.ILPP.Runner.PostProcessingPipeline[0]
      running Unity.Jobs.CodeGen.JobsILPostProcessor
  - EILPP : GameCore.Gameplay.Cards : : 20ms (~7ms)
    - EILPP : GameCore.Gameplay.Cards : ComponentDataPP: 1ms
    - EILPP : GameCore.Gameplay.Cards : StaticTypeRegistryPostProcessor: 7ms
    - EILPP : GameCore.Gameplay.Cards : WriteAssembly: 5ms
[40m[32minfo[39m[22m[49m: Unity.ILPP.Runner.PostProcessingPipeline[0]
      running Unity.Jobs.CodeGen.JobsILPostProcessor
[40m[32minfo[39m[22m[49m: Unity.ILPP.Runner.PostProcessingPipeline[0]
      running zzzUnity.Burst.CodeGen.BurstILPostProcessor
[40m[32minfo[39m[22m[49m: Microsoft.AspNetCore.Routing.EndpointMiddleware[1]
      Executed endpoint 'gRPC - /UnityILPP.PostProcessing/PostProcessAssembly'
[40m[32minfo[39m[22m[49m: Microsoft.AspNetCore.Hosting.Diagnostics[2]
      Request finished HTTP/2 POST http://ilpp/UnityILPP.PostProcessing/PostProcessAssembly application/grpc - - 200 - application/grpc 37.2619ms
[40m[32minfo[39m[22m[49m: Microsoft.AspNetCore.Hosting.Diagnostics[1]
      Request starting HTTP/2 POST http://ilpp/UnityILPP.PostProcessing/PostProcessAssembly application/grpc -
[40m[32minfo[39m[22m[49m: Microsoft.AspNetCore.Routing.EndpointMiddleware[0]
      Executing endpoint 'gRPC - /UnityILPP.PostProcessing/PostProcessAssembly'
[40m[32minfo[39m[22m[49m: Microsoft.AspNetCore.Hosting.Diagnostics[1]
      Request starting HTTP/2 POST http://ilpp/UnityILPP.PostProcessing/PostProcessAssembly application/grpc -
[40m[32minfo[39m[22m[49m: Microsoft.AspNetCore.Routing.EndpointMiddleware[0]
      Executing endpoint 'gRPC - /UnityILPP.PostProcessing/PostProcessAssembly'
[40m[32minfo[39m[22m[49m: Unity.ILPP.Runner.PostProcessingPipeline[0]
      Processing assembly Library/Bee/artifacts/2400b0aE.dag/GameCore.Unity.Adapters.Fixtures.dll, with 124 defines and 134 references
[40m[32minfo[39m[22m[49m: Unity.ILPP.Runner.PostProcessingPipeline[0]
      Processing assembly Library/Bee/artifacts/2400b0aE.dag/GameCore.Gameplay.Entities.Editor.dll, with 122 defines and 265 references
[40m[32minfo[39m[22m[49m: Unity.ILPP.Runner.PostProcessingPipeline[0]
      processors: Unity.Entities.CodeGen.EntitiesILPostProcessors, Unity.Jobs.CodeGen.JobsILPostProcessor, zzzUnity.Burst.CodeGen.BurstILPostProcessor
[40m[32minfo[39m[22m[49m: Unity.ILPP.Runner.PostProcessingPipeline[0]
      processors: Unity.Entities.CodeGen.EntitiesILPostProcessors, Unity.Jobs.CodeGen.JobsILPostProcessor, zzzUnity.Burst.CodeGen.BurstILPostProcessor
[40m[32minfo[39m[22m[49m: Unity.ILPP.Runner.PostProcessingPipeline[0]
      running Unity.Entities.CodeGen.EntitiesILPostProcessors
[40m[32minfo[39m[22m[49m: Unity.ILPP.Runner.PostProcessingPipeline[0]
      running Unity.Entities.CodeGen.EntitiesILPostProcessors
[40m[32minfo[39m[22m[49m: Unity.ILPP.Runner.PostProcessingPipeline[0]
      running Unity.Jobs.CodeGen.JobsILPostProcessor
[40m[32minfo[39m[22m[49m: Unity.ILPP.Runner.PostProcessingPipeline[0]
      running zzzUnity.Burst.CodeGen.BurstILPostProcessor
[40m[32minfo[39m[22m[49m: Unity.ILPP.Runner.PostProcessingPipeline[0]
      running Unity.Jobs.CodeGen.JobsILPostProcessor
[40m[32minfo[39m[22m[49m: Unity.ILPP.Runner.PostProcessingPipeline[0]
      running zzzUnity.Burst.CodeGen.BurstILPostProcessor
[40m[32minfo[39m[22m[49m: Microsoft.AspNetCore.Routing.EndpointMiddleware[1]
      Executed endpoint 'gRPC - /UnityILPP.PostProcessing/PostProcessAssembly'
[40m[32minfo[39m[22m[49m: Microsoft.AspNetCore.Hosting.Diagnostics[2]
      Request finished HTTP/2 POST http://ilpp/UnityILPP.PostProcessing/PostProcessAssembly application/grpc - - 200 - application/grpc 0.7501ms
[40m[32minfo[39m[22m[49m: Microsoft.AspNetCore.Routing.EndpointMiddleware[1]
      Executed endpoint 'gRPC - /UnityILPP.PostProcessing/PostProcessAssembly'
[40m[32minfo[39m[22m[49m: Microsoft.AspNetCore.Hosting.Diagnostics[2]
      Request finished HTTP/2 POST http://ilpp/UnityILPP.PostProcessing/PostProcessAssembly application/grpc - - 200 - application/grpc 0.8407ms
[40m[32minfo[39m[22m[49m: Unity.ILPP.Runner.PostProcessingPipeline[0]
      running zzzUnity.Burst.CodeGen.BurstILPostProcessor
[40m[32minfo[39m[22m[49m: Microsoft.AspNetCore.Routing.EndpointMiddleware[1]
      Executed endpoint 'gRPC - /UnityILPP.PostProcessing/PostProcessAssembly'
[40m[32minfo[39m[22m[49m: Microsoft.AspNetCore.Hosting.Diagnostics[2]
      Request finished HTTP/2 POST http://ilpp/UnityILPP.PostProcessing/PostProcessAssembly application/grpc - - 200 - application/grpc 250.9060ms
[40m[32minfo[39m[22m[49m: Microsoft.AspNetCore.Hosting.Diagnostics[1]
      Request starting HTTP/2 POST http://ilpp/UnityILPP.PostProcessing/PostProcessAssembly application/grpc -
[40m[32minfo[39m[22m[49m: Microsoft.AspNetCore.Routing.EndpointMiddleware[0]
      Executing endpoint 'gRPC - /UnityILPP.PostProcessing/PostProcessAssembly'
[40m[32minfo[39m[22m[49m: Unity.ILPP.Runner.PostProcessingPipeline[0]
      Processing assembly Library/Bee/artifacts/2400b0aE.dag/GameCore.Gameplay.Traversal.dll, with 124 defines and 244 references
[40m[32minfo[39m[22m[49m: Unity.ILPP.Runner.PostProcessingPipeline[0]
      processors: Unity.Entities.CodeGen.EntitiesILPostProcessors, Unity.Jobs.CodeGen.JobsILPostProcessor, zzzUnity.Burst.CodeGen.BurstILPostProcessor
  - EILPP : GameCore.Gameplay.Narrative.Fixtures : : 264ms (~19ms)
    - EILPP : GameCore.Gameplay.Narrative.Fixtures : GetAllComponentTypes: 3ms
    - EILPP : GameCore.Gameplay.Narrative.Fixtures : ComponentDataPP: 4ms
    - EILPP : GameCore.Gameplay.Narrative.Fixtures : StaticTypeRegistryPostProcessor: 4ms
    - EILPP : GameCore.Gameplay.Narrative.Fixtures : WriteAssembly: 234ms
[40m[32minfo[39m[22m[49m: Unity.ILPP.Runner.PostProcessingPipeline[0]
      running Unity.Entities.CodeGen.EntitiesILPostProcessors
[40m[32minfo[39m[22m[49m: Unity.ILPP.Runner.PostProcessingPipeline[0]
      running Unity.Jobs.CodeGen.JobsILPostProcessor
[40m[32minfo[39m[22m[49m: Microsoft.AspNetCore.Routing.EndpointMiddleware[1]
      Executed endpoint 'gRPC - /UnityILPP.PostProcessing/PostProcessAssembly'
[40m[32minfo[39m[22m[49m: Microsoft.AspNetCore.Hosting.Diagnostics[2]
      Request finished HTTP/2 POST http://ilpp/UnityILPP.PostProcessing/PostProcessAssembly application/grpc - - 200 - application/grpc 1926.5019ms
[40m[32minfo[39m[22m[49m: Unity.ILPP.Runner.PostProcessingPipeline[0]
      running zzzUnity.Burst.CodeGen.BurstILPostProcessor
[40m[32minfo[39m[22m[49m: Unity.ILPP.Runner.PostProcessingPipeline[0]
      running zzzUnity.Burst.CodeGen.BurstILPostProcessor
[40m[32minfo[39m[22m[49m: Microsoft.AspNetCore.Routing.EndpointMiddleware[1]
      Executed endpoint 'gRPC - /UnityILPP.PostProcessing/PostProcessAssembly'
[40m[32minfo[39m[22m[49m: Microsoft.AspNetCore.Hosting.Diagnostics[2]
      Request finished HTTP/2 POST http://ilpp/UnityILPP.PostProcessing/PostProcessAssembly application/grpc - - 200 - application/grpc 291.2848ms
[40m[32minfo[39m[22m[49m: Microsoft.AspNetCore.Routing.EndpointMiddleware[1]
      Executed endpoint 'gRPC - /UnityILPP.PostProcessing/PostProcessAssembly'
[40m[32minfo[39m[22m[49m: Microsoft.AspNetCore.Hosting.Diagnostics[2]
      Request finished HTTP/2 POST http://ilpp/UnityILPP.PostProcessing/PostProcessAssembly application/grpc - - 200 - application/grpc 294.4283ms
[40m[32minfo[39m[22m[49m: Microsoft.AspNetCore.Hosting.Diagnostics[1]
      Request starting HTTP/2 POST http://ilpp/UnityILPP.PostProcessing/PostProcessAssembly application/grpc -
[40m[32minfo[39m[22m[49m: Microsoft.AspNetCore.Routing.EndpointMiddleware[0]
      Executing endpoint 'gRPC - /UnityILPP.PostProcessing/PostProcessAssembly'
[40m[32minfo[39m[22m[49m: Unity.ILPP.Runner.PostProcessingPipeline[0]
      Processing assembly Library/Bee/artifacts/2400b0aE.dag/GameCore.Unity.App.dll, with 124 defines and 243 references
[40m[32minfo[39m[22m[49m: Unity.ILPP.Runner.PostProcessingPipeline[0]
      processors: Unity.Entities.CodeGen.EntitiesILPostProcessors, Unity.Jobs.CodeGen.JobsILPostProcessor, zzzUnity.Burst.CodeGen.BurstILPostProcessor
  - EILPP : GameCore.Gameplay.Traversal : : 32ms (~13ms)
    - EILPP : GameCore.Gameplay.Traversal : ComponentDataPP: 2ms
    - EILPP : GameCore.Gameplay.Traversal : StaticTypeRegistryPostProcessor: 8ms
    - EILPP : GameCore.Gameplay.Traversal : WriteAssembly: 9ms
[40m[32minfo[39m[22m[49m: Unity.ILPP.Runner.PostProcessingPipeline[0]
      running Unity.Jobs.CodeGen.JobsILPostProcessor
[40m[32minfo[39m[22m[49m: Unity.ILPP.Runner.PostProcessingPipeline[0]
      running Unity.Entities.CodeGen.EntitiesILPostProcessors
[40m[32minfo[39m[22m[49m: Unity.ILPP.Runner.PostProcessingPipeline[0]
      running zzzUnity.Burst.CodeGen.BurstILPostProcessor
[40m[32minfo[39m[22m[49m: Microsoft.AspNetCore.Routing.EndpointMiddleware[1]
      Executed endpoint 'gRPC - /UnityILPP.PostProcessing/PostProcessAssembly'
[40m[32minfo[39m[22m[49m: Microsoft.AspNetCore.Hosting.Diagnostics[2]
      Request finished HTTP/2 POST http://ilpp/UnityILPP.PostProcessing/PostProcessAssembly application/grpc - - 200 - application/grpc 47.8018ms
  - EILPP : GameCore.Unity.App : : 71ms (~14ms)
    - EILPP : GameCore.Unity.App : ComponentDataPP: 55ms
    - EILPP : GameCore.Unity.App : StaticTypeRegistryPostProcessor: 2ms
[40m[32minfo[39m[22m[49m: Unity.ILPP.Runner.PostProcessingPipeline[0]
      running Unity.Jobs.CodeGen.JobsILPostProcessor
[40m[32minfo[39m[22m[49m: Unity.ILPP.Runner.PostProcessingPipeline[0]
      running zzzUnity.Burst.CodeGen.BurstILPostProcessor
[40m[32minfo[39m[22m[49m: Microsoft.AspNetCore.Routing.EndpointMiddleware[1]
      Executed endpoint 'gRPC - /UnityILPP.PostProcessing/PostProcessAssembly'
[40m[32minfo[39m[22m[49m: Microsoft.AspNetCore.Hosting.Diagnostics[2]
      Request finished HTTP/2 POST http://ilpp/UnityILPP.PostProcessing/PostProcessAssembly application/grpc - - 200 - application/grpc 95.5967ms
[40m[32minfo[39m[22m[49m: Microsoft.AspNetCore.Routing.EndpointMiddleware[1]
      Executed endpoint 'gRPC - /UnityILPP.PostProcessing/PostProcessAssembly'
[40m[32minfo[39m[22m[49m: Microsoft.AspNetCore.Hosting.Diagnostics[2]
      Request finished HTTP/2 POST http://ilpp/UnityILPP.PostProcessing/PostProcessAssembly application/grpc - - 200 - application/grpc 2894.6335ms
[40m[32minfo[39m[22m[49m: Microsoft.AspNetCore.Hosting.Diagnostics[1]
      Request starting HTTP/2 POST http://ilpp/UnityILPP.PostProcessing/PostProcessAssembly application/grpc -
[40m[32minfo[39m[22m[49m: Microsoft.AspNetCore.Routing.EndpointMiddleware[0]
      Executing endpoint 'gRPC - /UnityILPP.PostProcessing/PostProcessAssembly'
[40m[32minfo[39m[22m[49m: Unity.ILPP.Runner.PostProcessingPipeline[0]
      Processing assembly Library/Bee/artifacts/2400b0aE.dag/Hollowmere.R2_G.Fixtures.dll, with 124 defines and 233 references
[40m[32minfo[39m[22m[49m: Unity.ILPP.Runner.PostProcessingPipeline[0]
      processors: Unity.Entities.CodeGen.EntitiesILPostProcessors, Unity.Jobs.CodeGen.JobsILPostProcessor, zzzUnity.Burst.CodeGen.BurstILPostProcessor
[40m[32minfo[39m[22m[49m: Unity.ILPP.Runner.PostProcessingPipeline[0]
      running Unity.Entities.CodeGen.EntitiesILPostProcessors
[40m[32minfo[39m[22m[49m: Unity.ILPP.Runner.PostProcessingPipeline[0]
      running Unity.Jobs.CodeGen.JobsILPostProcessor
[40m[32minfo[39m[22m[49m: Unity.ILPP.Runner.PostProcessingPipeline[0]
      running zzzUnity.Burst.CodeGen.BurstILPostProcessor
[40m[32minfo[39m[22m[49m: Microsoft.AspNetCore.Routing.EndpointMiddleware[1]
      Executed endpoint 'gRPC - /UnityILPP.PostProcessing/PostProcessAssembly'
[40m[32minfo[39m[22m[49m: Microsoft.AspNetCore.Hosting.Diagnostics[2]
      Request finished HTTP/2 POST http://ilpp/UnityILPP.PostProcessing/PostProcessAssembly application/grpc - - 200 - application/grpc 1.0338ms
[40m[32minfo[39m[22m[49m: Microsoft.AspNetCore.Hosting.Diagnostics[1]
      Request starting HTTP/2 POST http://ilpp/UnityILPP.PostProcessing/PostProcessAssembly application/grpc -
[40m[32minfo[39m[22m[49m: Microsoft.AspNetCore.Routing.EndpointMiddleware[0]
      Executing endpoint 'gRPC - /UnityILPP.PostProcessing/PostProcessAssembly'
[40m[32minfo[39m[22m[49m: Unity.ILPP.Runner.PostProcessingPipeline[0]
      Processing assembly Library/Bee/artifacts/2400b0aE.dag/GameCore.Gameplay.Traversal.Fixtures.dll, with 124 defines and 245 references
[40m[32minfo[39m[22m[49m: Unity.ILPP.Runner.PostProcessingPipeline[0]
      processors: Unity.Entities.CodeGen.EntitiesILPostProcessors, Unity.Jobs.CodeGen.JobsILPostProcessor, zzzUnity.Burst.CodeGen.BurstILPostProcessor
[40m[32minfo[39m[22m[49m: Unity.ILPP.Runner.PostProcessingPipeline[0]
      running Unity.Entities.CodeGen.EntitiesILPostProcessors
[40m[32minfo[39m[22m[49m: Microsoft.AspNetCore.Hosting.Diagnostics[1]
      Request starting HTTP/2 POST http://ilpp/UnityILPP.PostProcessing/PostProcessAssembly application/grpc -
[40m[32minfo[39m[22m[49m: Microsoft.AspNetCore.Routing.EndpointMiddleware[0]
      Executing endpoint 'gRPC - /UnityILPP.PostProcessing/PostProcessAssembly'
[40m[32minfo[39m[22m[49m: Unity.ILPP.Runner.PostProcessingPipeline[0]
      Processing assembly Library/Bee/artifacts/2400b0aE.dag/GameCore.Gameplay.Cards.Fixtures.dll, with 124 defines and 244 references
[40m[32minfo[39m[22m[49m: Unity.ILPP.Runner.PostProcessingPipeline[0]
      processors: Unity.Entities.CodeGen.EntitiesILPostProcessors, Unity.Jobs.CodeGen.JobsILPostProcessor, zzzUnity.Burst.CodeGen.BurstILPostProcessor
[40m[32minfo[39m[22m[49m: Unity.ILPP.Runner.PostProcessingPipeline[0]
      running Unity.Entities.CodeGen.EntitiesILPostProcessors
[40m[32minfo[39m[22m[49m: Microsoft.AspNetCore.Hosting.Diagnostics[1]
      Request starting HTTP/2 POST http://ilpp/UnityILPP.PostProcessing/PostProcessAssembly application/grpc -
[40m[32minfo[39m[22m[49m: Microsoft.AspNetCore.Routing.EndpointMiddleware[0]
      Executing endpoint 'gRPC - /UnityILPP.PostProcessing/PostProcessAssembly'
[40m[32minfo[39m[22m[49m: Unity.ILPP.Runner.PostProcessingPipeline[0]
      Processing assembly Library/Bee/artifacts/2400b0aE.dag/GameCore.Gameplay.Integration.dll, with 124 defines and 243 references
[40m[32minfo[39m[22m[49m: Unity.ILPP.Runner.PostProcessingPipeline[0]
      processors: Unity.Entities.CodeGen.EntitiesILPostProcessors, Unity.Jobs.CodeGen.JobsILPostProcessor, zzzUnity.Burst.CodeGen.BurstILPostProcessor
[40m[32minfo[39m[22m[49m: Unity.ILPP.Runner.PostProcessingPipeline[0]
      running Unity.Entities.CodeGen.EntitiesILPostProcessors
  - EILPP : GameCore.Gameplay.Traversal.Fixtures : : 93ms (~93ms)
[40m[32minfo[39m[22m[49m: Unity.ILPP.Runner.PostProcessingPipeline[0]
      running Unity.Jobs.CodeGen.JobsILPostProcessor
[40m[32minfo[39m[22m[49m: Microsoft.AspNetCore.Hosting.Diagnostics[1]
      Request starting HTTP/2 POST http://ilpp/UnityILPP.PostProcessing/PostProcessAssembly application/grpc -
[40m[32minfo[39m[22m[49m: Microsoft.AspNetCore.Routing.EndpointMiddleware[0]
      Executing endpoint 'gRPC - /UnityILPP.PostProcessing/PostProcessAssembly'
[40m[32minfo[39m[22m[49m: Microsoft.AspNetCore.Hosting.Diagnostics[1]
      Request starting HTTP/2 POST http://ilpp/UnityILPP.PostProcessing/PostProcessAssembly application/grpc -
[40m[32minfo[39m[22m[49m: Microsoft.AspNetCore.Routing.EndpointMiddleware[0]
      Executing endpoint 'gRPC - /UnityILPP.PostProcessing/PostProcessAssembly'
[40m[32minfo[39m[22m[49m: Unity.ILPP.Runner.PostProcessingPipeline[0]
      Processing assembly Library/Bee/artifacts/2400b0aE.dag/GameCore.Gameplay.World.dll, with 124 defines and 247 references
[40m[32minfo[39m[22m[49m: Unity.ILPP.Runner.PostProcessingPipeline[0]
      processors: Unity.Entities.CodeGen.EntitiesILPostProcessors, Unity.Jobs.CodeGen.JobsILPostProcessor, zzzUnity.Burst.CodeGen.BurstILPostProcessor
[40m[32minfo[39m[22m[49m: Unity.ILPP.Runner.PostProcessingPipeline[0]
      running Unity.Entities.CodeGen.EntitiesILPostProcessors
[40m[32minfo[39m[22m[49m: Unity.ILPP.Runner.PostProcessingPipeline[0]
      Processing assembly Library/Bee/artifacts/2400b0aE.dag/GameCore.Gameplay.Save.dll, with 124 defines and 239 references
[40m[32minfo[39m[22m[49m: Unity.ILPP.Runner.PostProcessingPipeline[0]
      processors: Unity.Entities.CodeGen.EntitiesILPostProcessors, Unity.Jobs.CodeGen.JobsILPostProcessor, zzzUnity.Burst.CodeGen.BurstILPostProcessor
  - EILPP : GameCore.Gameplay.Integration : : 9ms (~8ms)
[40m[32minfo[39m[22m[49m: Unity.ILPP.Runner.PostProcessingPipeline[0]
      running Unity.Entities.CodeGen.EntitiesILPostProcessors
[40m[32minfo[39m[22m[49m: Unity.ILPP.Runner.PostProcessingPipeline[0]
      running Unity.Jobs.CodeGen.JobsILPostProcessor
    - EILPP : GameCore.Gameplay.Integration : ComponentDataPP: 1ms
[40m[32minfo[39m[22m[49m: Unity.ILPP.Runner.PostProcessingPipeline[0]
      running zzzUnity.Burst.CodeGen.BurstILPostProcessor
[40m[32minfo[39m[22m[49m: Microsoft.AspNetCore.Hosting.Diagnostics[1]
      Request starting HTTP/2 POST http://ilpp/UnityILPP.PostProcessing/PostProcessAssembly application/grpc -
[40m[32minfo[39m[22m[49m: Microsoft.AspNetCore.Routing.EndpointMiddleware[0]
      Executing endpoint 'gRPC - /UnityILPP.PostProcessing/PostProcessAssembly'
[40m[32minfo[39m[22m[49m: Unity.ILPP.Runner.PostProcessingPipeline[0]
      running zzzUnity.Burst.CodeGen.BurstILPostProcessor
[40m[32minfo[39m[22m[49m: Microsoft.AspNetCore.Routing.EndpointMiddleware[1]
      Executed endpoint 'gRPC - /UnityILPP.PostProcessing/PostProcessAssembly'
[40m[32minfo[39m[22m[49m: Microsoft.AspNetCore.Hosting.Diagnostics[2]
      Request finished HTTP/2 POST http://ilpp/UnityILPP.PostProcessing/PostProcessAssembly application/grpc - - 200 - application/grpc 5.8183ms
[40m[32minfo[39m[22m[49m: Unity.ILPP.Runner.PostProcessingPipeline[0]
      running Unity.Jobs.CodeGen.JobsILPostProcessor
[40m[32minfo[39m[22m[49m: Unity.ILPP.Runner.PostProcessingPipeline[0]
      Processing assembly Library/Bee/artifacts/2400b0aE.dag/GameCore.Unity.App.Editor.Tests.dll, with 122 defines and 263 references
[40m[32minfo[39m[22m[49m: Unity.ILPP.Runner.PostProcessingPipeline[0]
      processors: Unity.Entities.CodeGen.EntitiesILPostProcessors, Unity.Jobs.CodeGen.JobsILPostProcessor, zzzUnity.Burst.CodeGen.BurstILPostProcessor
[40m[32minfo[39m[22m[49m: Unity.ILPP.Runner.PostProcessingPipeline[0]
      running Unity.Entities.CodeGen.EntitiesILPostProcessors
[40m[32minfo[39m[22m[49m: Unity.ILPP.Runner.PostProcessingPipeline[0]
      running Unity.Jobs.CodeGen.JobsILPostProcessor
[40m[32minfo[39m[22m[49m: Unity.ILPP.Runner.PostProcessingPipeline[0]
      running zzzUnity.Burst.CodeGen.BurstILPostProcessor
[40m[32minfo[39m[22m[49m: Microsoft.AspNetCore.Routing.EndpointMiddleware[1]
      Executed endpoint 'gRPC - /UnityILPP.PostProcessing/PostProcessAssembly'
[40m[32minfo[39m[22m[49m: Microsoft.AspNetCore.Hosting.Diagnostics[2]
      Request finished HTTP/2 POST http://ilpp/UnityILPP.PostProcessing/PostProcessAssembly application/grpc - - 200 - application/grpc 107.5939ms
[40m[32minfo[39m[22m[49m: Unity.ILPP.Runner.PostProcessingPipeline[0]
      running zzzUnity.Burst.CodeGen.BurstILPostProcessor
[40m[32minfo[39m[22m[49m: Microsoft.AspNetCore.Routing.EndpointMiddleware[1]
      Executed endpoint 'gRPC - /UnityILPP.PostProcessing/PostProcessAssembly'
[40m[32minfo[39m[22m[49m: Microsoft.AspNetCore.Hosting.Diagnostics[2]
      Request finished HTTP/2 POST http://ilpp/UnityILPP.PostProcessing/PostProcessAssembly application/grpc - - 200 - application/grpc 25.1014ms
[40m[32minfo[39m[22m[49m: Microsoft.AspNetCore.Routing.EndpointMiddleware[1]
      Executed endpoint 'gRPC - /UnityILPP.PostProcessing/PostProcessAssembly'
[40m[32minfo[39m[22m[49m: Microsoft.AspNetCore.Hosting.Diagnostics[2]
      Request finished HTTP/2 POST http://ilpp/UnityILPP.PostProcessing/PostProcessAssembly application/grpc - - 200 - application/grpc 20.1094ms
  - EILPP : GameCore.Gameplay.Cards.Fixtures : : 29ms (~25ms)
    - EILPP : GameCore.Gameplay.Cards.Fixtures : GetAllComponentTypes: 4ms
[40m[32minfo[39m[22m[49m: Unity.ILPP.Runner.PostProcessingPipeline[0]
      running Unity.Jobs.CodeGen.JobsILPostProcessor
[40m[32minfo[39m[22m[49m: Unity.ILPP.Runner.PostProcessingPipeline[0]
      running zzzUnity.Burst.CodeGen.BurstILPostProcessor
[40m[32minfo[39m[22m[49m: Microsoft.AspNetCore.Routing.EndpointMiddleware[1]
      Executed endpoint 'gRPC - /UnityILPP.PostProcessing/PostProcessAssembly'
[40m[32minfo[39m[22m[49m: Microsoft.AspNetCore.Hosting.Diagnostics[2]
      Request finished HTTP/2 POST http://ilpp/UnityILPP.PostProcessing/PostProcessAssembly application/grpc - - 200 - application/grpc 50.0192ms
  - EILPP : GameCore.Gameplay.World : : 61ms (~29ms)
    - EILPP : GameCore.Gameplay.World : ComponentDataPP: 10ms
    - EILPP : GameCore.Gameplay.World : StaticTypeRegistryPostProcessor: 10ms
    - EILPP : GameCore.Gameplay.World : WriteAssembly: 12ms
[40m[32minfo[39m[22m[49m: Unity.ILPP.Runner.PostProcessingPipeline[0]
      running Unity.Jobs.CodeGen.JobsILPostProcessor
[40m[32minfo[39m[22m[49m: Unity.ILPP.Runner.PostProcessingPipeline[0]
      running zzzUnity.Burst.CodeGen.BurstILPostProcessor
[40m[32minfo[39m[22m[49m: Microsoft.AspNetCore.Routing.EndpointMiddleware[1]
      Executed endpoint 'gRPC - /UnityILPP.PostProcessing/PostProcessAssembly'
[40m[32minfo[39m[22m[49m: Microsoft.AspNetCore.Hosting.Diagnostics[2]
      Request finished HTTP/2 POST http://ilpp/UnityILPP.PostProcessing/PostProcessAssembly application/grpc - - 200 - application/grpc 72.6528ms
[40m[32minfo[39m[22m[49m: Microsoft.AspNetCore.Hosting.Diagnostics[1]
      Request starting HTTP/2 POST http://ilpp/UnityILPP.PostProcessing/PostProcessAssembly application/grpc -
[40m[32minfo[39m[22m[49m: Microsoft.AspNetCore.Routing.EndpointMiddleware[0]
      Executing endpoint 'gRPC - /UnityILPP.PostProcessing/PostProcessAssembly'
[40m[32minfo[39m[22m[49m: Unity.ILPP.Runner.PostProcessingPipeline[0]
      Processing assembly Library/Bee/artifacts/2400b0aE.dag/GameCore.Gameplay.Save.Editor.dll, with 122 defines and 267 references
[40m[32minfo[39m[22m[49m: Unity.ILPP.Runner.PostProcessingPipeline[0]
      processors: Unity.Entities.CodeGen.EntitiesILPostProcessors, Unity.Jobs.CodeGen.JobsILPostProcessor, zzzUnity.Burst.CodeGen.BurstILPostProcessor
[40m[32minfo[39m[22m[49m: Unity.ILPP.Runner.PostProcessingPipeline[0]
      running Unity.Entities.CodeGen.EntitiesILPostProcessors
[40m[32minfo[39m[22m[49m: Unity.ILPP.Runner.PostProcessingPipeline[0]
      running Unity.Jobs.CodeGen.JobsILPostProcessor
[40m[32minfo[39m[22m[49m: Unity.ILPP.Runner.PostProcessingPipeline[0]
      running zzzUnity.Burst.CodeGen.BurstILPostProcessor
[40m[32minfo[39m[22m[49m: Microsoft.AspNetCore.Routing.EndpointMiddleware[1]
      Executed endpoint 'gRPC - /UnityILPP.PostProcessing/PostProcessAssembly'
[40m[32minfo[39m[22m[49m: Microsoft.AspNetCore.Hosting.Diagnostics[2]
      Request finished HTTP/2 POST http://ilpp/UnityILPP.PostProcessing/PostProcessAssembly application/grpc - - 200 - application/grpc 1.2180ms
[40m[32minfo[39m[22m[49m: Microsoft.AspNetCore.Hosting.Diagnostics[1]
      Request starting HTTP/2 POST http://ilpp/UnityILPP.PostProcessing/PostProcessAssembly application/grpc -
[40m[32minfo[39m[22m[49m: Microsoft.AspNetCore.Routing.EndpointMiddleware[0]
      Executing endpoint 'gRPC - /UnityILPP.PostProcessing/PostProcessAssembly'
[40m[32minfo[39m[22m[49m: Unity.ILPP.Runner.PostProcessingPipeline[0]
      Processing assembly Library/Bee/artifacts/2400b0aE.dag/GameCore.Gameplay.World.Editor.dll, with 122 defines and 266 references
[40m[32minfo[39m[22m[49m: Unity.ILPP.Runner.PostProcessingPipeline[0]
      processors: Unity.Entities.CodeGen.EntitiesILPostProcessors, Unity.Jobs.CodeGen.JobsILPostProcessor, zzzUnity.Burst.CodeGen.BurstILPostProcessor
[40m[32minfo[39m[22m[49m: Unity.ILPP.Runner.PostProcessingPipeline[0]
      running Unity.Entities.CodeGen.EntitiesILPostProcessors
[40m[32minfo[39m[22m[49m: Unity.ILPP.Runner.PostProcessingPipeline[0]
      running Unity.Jobs.CodeGen.JobsILPostProcessor
[40m[32minfo[39m[22m[49m: Unity.ILPP.Runner.PostProcessingPipeline[0]
      running zzzUnity.Burst.CodeGen.BurstILPostProcessor
[40m[32minfo[39m[22m[49m: Microsoft.AspNetCore.Routing.EndpointMiddleware[1]
      Executed endpoint 'gRPC - /UnityILPP.PostProcessing/PostProcessAssembly'
[40m[32minfo[39m[22m[49m: Microsoft.AspNetCore.Hosting.Diagnostics[2]
      Request finished HTTP/2 POST http://ilpp/UnityILPP.PostProcessing/PostProcessAssembly application/grpc - - 200 - application/grpc 1.3061ms
[40m[32minfo[39m[22m[49m: Microsoft.AspNetCore.Hosting.Diagnostics[1]
      Request starting HTTP/2 POST http://ilpp/UnityILPP.PostProcessing/PostProcessAssembly application/grpc -
[40m[32minfo[39m[22m[49m: Microsoft.AspNetCore.Routing.EndpointMiddleware[0]
      Executing endpoint 'gRPC - /UnityILPP.PostProcessing/PostProcessAssembly'
[40m[32minfo[39m[22m[49m: Unity.ILPP.Runner.PostProcessingPipeline[0]
      Processing assembly Library/Bee/artifacts/2400b0aE.dag/GameCore.Gameplay.Npc.dll, with 124 defines and 245 references
[40m[32minfo[39m[22m[49m: Unity.ILPP.Runner.PostProcessingPipeline[0]
      processors: Unity.Entities.CodeGen.EntitiesILPostProcessors, Unity.Jobs.CodeGen.JobsILPostProcessor, zzzUnity.Burst.CodeGen.BurstILPostProcessor
[40m[32minfo[39m[22m[49m: Unity.ILPP.Runner.PostProcessingPipeline[0]
      running Unity.Entities.CodeGen.EntitiesILPostProcessors
[40m[32minfo[39m[22m[49m: Microsoft.AspNetCore.Hosting.Diagnostics[1]
      Request starting HTTP/2 POST http://ilpp/UnityILPP.PostProcessing/PostProcessAssembly application/grpc -
[40m[32minfo[39m[22m[49m: Microsoft.AspNetCore.Routing.EndpointMiddleware[0]
      Executing endpoint 'gRPC - /UnityILPP.PostProcessing/PostProcessAssembly'
[40m[32minfo[39m[22m[49m: Unity.ILPP.Runner.PostProcessingPipeline[0]
      Processing assembly Library/Bee/artifacts/2400b0aE.dag/GameCore.Gameplay.Interaction.dll, with 124 defines and 245 references
[40m[32minfo[39m[22m[49m: Unity.ILPP.Runner.PostProcessingPipeline[0]
      processors: Unity.Entities.CodeGen.EntitiesILPostProcessors, Unity.Jobs.CodeGen.JobsILPostProcessor, zzzUnity.Burst.CodeGen.BurstILPostProcessor
[40m[32minfo[39m[22m[49m: Unity.ILPP.Runner.PostProcessingPipeline[0]
      running Unity.Entities.CodeGen.EntitiesILPostProcessors
[40m[32minfo[39m[22m[49m: Microsoft.AspNetCore.Hosting.Diagnostics[1]
      Request starting HTTP/2 POST http://ilpp/UnityILPP.PostProcessing/PostProcessAssembly application/grpc -
[40m[32minfo[39m[22m[49m: Microsoft.AspNetCore.Routing.EndpointMiddleware[0]
      Executing endpoint 'gRPC - /UnityILPP.PostProcessing/PostProcessAssembly'
[40m[32minfo[39m[22m[49m: Unity.ILPP.Runner.PostProcessingPipeline[0]
      Processing assembly Library/Bee/artifacts/2400b0aE.dag/GameCore.Gameplay.Rewards.dll, with 124 defines and 244 references
[40m[32minfo[39m[22m[49m: Unity.ILPP.Runner.PostProcessingPipeline[0]
      processors: Unity.Entities.CodeGen.EntitiesILPostProcessors, Unity.Jobs.CodeGen.JobsILPostProcessor, zzzUnity.Burst.CodeGen.BurstILPostProcessor
[40m[32minfo[39m[22m[49m: Unity.ILPP.Runner.PostProcessingPipeline[0]
      running Unity.Entities.CodeGen.EntitiesILPostProcessors
  - EILPP : GameCore.Gameplay.Rewards : : 11ms (~11ms)
[40m[32minfo[39m[22m[49m: Unity.ILPP.Runner.PostProcessingPipeline[0]
      running Unity.Jobs.CodeGen.JobsILPostProcessor
[40m[32minfo[39m[22m[49m: Unity.ILPP.Runner.PostProcessingPipeline[0]
      running zzzUnity.Burst.CodeGen.BurstILPostProcessor
[40m[32minfo[39m[22m[49m: Microsoft.AspNetCore.Routing.EndpointMiddleware[1]
      Executed endpoint 'gRPC - /UnityILPP.PostProcessing/PostProcessAssembly'
[40m[32minfo[39m[22m[49m: Microsoft.AspNetCore.Hosting.Diagnostics[2]
      Request finished HTTP/2 POST http://ilpp/UnityILPP.PostProcessing/PostProcessAssembly application/grpc - - 200 - application/grpc 20.9580ms
  - EILPP : GameCore.Gameplay.Npc : : 42ms (~33ms)
    - EILPP : GameCore.Gameplay.Npc : ComponentDataPP: 1ms
    - EILPP : GameCore.Gameplay.Npc : StaticTypeRegistryPostProcessor: 2ms
    - EILPP : GameCore.Gameplay.Npc : WriteAssembly: 6ms
[40m[32minfo[39m[22m[49m: Unity.ILPP.Runner.PostProcessingPipeline[0]
      running Unity.Jobs.CodeGen.JobsILPostProcessor
  - EILPP : GameCore.Gameplay.Interaction : : 38ms (~30ms)
    - EILPP : GameCore.Gameplay.Interaction : ComponentDataPP: 1ms
    - EILPP : GameCore.Gameplay.Interaction : StaticTypeRegistryPostProcessor: 2ms
    - EILPP : GameCore.Gameplay.Interaction : WriteAssembly: 5ms
[40m[32minfo[39m[22m[49m: Unity.ILPP.Runner.PostProcessingPipeline[0]
      running Unity.Jobs.CodeGen.JobsILPostProcessor
[40m[32minfo[39m[22m[49m: Unity.ILPP.Runner.PostProcessingPipeline[0]
      running zzzUnity.Burst.CodeGen.BurstILPostProcessor
[40m[32minfo[39m[22m[49m: Microsoft.AspNetCore.Routing.EndpointMiddleware[1]
      Executed endpoint 'gRPC - /UnityILPP.PostProcessing/PostProcessAssembly'
[40m[32minfo[39m[22m[49m: Microsoft.AspNetCore.Hosting.Diagnostics[2]
      Request finished HTTP/2 POST http://ilpp/UnityILPP.PostProcessing/PostProcessAssembly application/grpc - - 200 - application/grpc 51.1604ms
[40m[32minfo[39m[22m[49m: Unity.ILPP.Runner.PostProcessingPipeline[0]
      running zzzUnity.Burst.CodeGen.BurstILPostProcessor
[40m[32minfo[39m[22m[49m: Microsoft.AspNetCore.Routing.EndpointMiddleware[1]
      Executed endpoint 'gRPC - /UnityILPP.PostProcessing/PostProcessAssembly'
[40m[32minfo[39m[22m[49m: Microsoft.AspNetCore.Hosting.Diagnostics[2]
      Request finished HTTP/2 POST http://ilpp/UnityILPP.PostProcessing/PostProcessAssembly application/grpc - - 200 - application/grpc 47.4171ms
[40m[32minfo[39m[22m[49m: Microsoft.AspNetCore.Hosting.Diagnostics[1]
      Request starting HTTP/2 POST http://ilpp/UnityILPP.PostProcessing/PostProcessAssembly application/grpc -
[40m[32minfo[39m[22m[49m: Microsoft.AspNetCore.Routing.EndpointMiddleware[0]
      Executing endpoint 'gRPC - /UnityILPP.PostProcessing/PostProcessAssembly'
[40m[32minfo[39m[22m[49m: Unity.ILPP.Runner.PostProcessingPipeline[0]
      Processing assembly Library/Bee/artifacts/2400b0aE.dag/GameCore.Gameplay.Player.dll, with 124 defines and 246 references
[40m[32minfo[39m[22m[49m: Unity.ILPP.Runner.PostProcessingPipeline[0]
      processors: Unity.Entities.CodeGen.EntitiesILPostProcessors, Unity.Jobs.CodeGen.JobsILPostProcessor, zzzUnity.Burst.CodeGen.BurstILPostProcessor
[40m[32minfo[39m[22m[49m: Unity.ILPP.Runner.PostProcessingPipeline[0]
      running Unity.Entities.CodeGen.EntitiesILPostProcessors
[40m[32minfo[39m[22m[49m: Microsoft.AspNetCore.Hosting.Diagnostics[1]
      Request starting HTTP/2 POST http://ilpp/UnityILPP.PostProcessing/PostProcessAssembly application/grpc -
[40m[32minfo[39m[22m[49m: Microsoft.AspNetCore.Routing.EndpointMiddleware[0]
      Executing endpoint 'gRPC - /UnityILPP.PostProcessing/PostProcessAssembly'
[40m[32minfo[39m[22m[49m: Unity.ILPP.Runner.PostProcessingPipeline[0]
      Processing assembly Library/Bee/artifacts/2400b0aE.dag/GameCore.Gameplay.Compile.Editor.dll, with 122 defines and 269 references
[40m[32minfo[39m[22m[49m: Unity.ILPP.Runner.PostProcessingPipeline[0]
      processors: Unity.Entities.CodeGen.EntitiesILPostProcessors, Unity.Jobs.CodeGen.JobsILPostProcessor, zzzUnity.Burst.CodeGen.BurstILPostProcessor
[40m[32minfo[39m[22m[49m: Unity.ILPP.Runner.PostProcessingPipeline[0]
      running Unity.Entities.CodeGen.EntitiesILPostProcessors
[40m[32minfo[39m[22m[49m: Unity.ILPP.Runner.PostProcessingPipeline[0]
      running Unity.Jobs.CodeGen.JobsILPostProcessor
[40m[32minfo[39m[22m[49m: Unity.ILPP.Runner.PostProcessingPipeline[0]
      running zzzUnity.Burst.CodeGen.BurstILPostProcessor
[40m[32minfo[39m[22m[49m: Microsoft.AspNetCore.Routing.EndpointMiddleware[1]
      Executed endpoint 'gRPC - /UnityILPP.PostProcessing/PostProcessAssembly'
[40m[32minfo[39m[22m[49m: Microsoft.AspNetCore.Hosting.Diagnostics[2]
      Request finished HTTP/2 POST http://ilpp/UnityILPP.PostProcessing/PostProcessAssembly application/grpc - - 200 - application/grpc 0.9107ms
  - EILPP : GameCore.Gameplay.Player : : 14ms (~7ms)
    - EILPP : GameCore.Gameplay.Player : ComponentDataPP: 1ms
    - EILPP : GameCore.Gameplay.Player : StaticTypeRegistryPostProcessor: 2ms
    - EILPP : GameCore.Gameplay.Player : WriteAssembly: 4ms
[40m[32minfo[39m[22m[49m: Unity.ILPP.Runner.PostProcessingPipeline[0]
      running Unity.Jobs.CodeGen.JobsILPostProcessor
[40m[32minfo[39m[22m[49m: Unity.ILPP.Runner.PostProcessingPipeline[0]
      running zzzUnity.Burst.CodeGen.BurstILPostProcessor
[40m[32minfo[39m[22m[49m: Microsoft.AspNetCore.Routing.EndpointMiddleware[1]
      Executed endpoint 'gRPC - /UnityILPP.PostProcessing/PostProcessAssembly'
[40m[32minfo[39m[22m[49m: Microsoft.AspNetCore.Hosting.Diagnostics[2]
      Request finished HTTP/2 POST http://ilpp/UnityILPP.PostProcessing/PostProcessAssembly application/grpc - - 200 - application/grpc 20.6994ms
[40m[32minfo[39m[22m[49m: Microsoft.AspNetCore.Hosting.Diagnostics[1]
      Request starting HTTP/2 POST http://ilpp/UnityILPP.PostProcessing/PostProcessAssembly application/grpc -
[40m[32minfo[39m[22m[49m: Microsoft.AspNetCore.Routing.EndpointMiddleware[0]
      Executing endpoint 'gRPC - /UnityILPP.PostProcessing/PostProcessAssembly'
[40m[32minfo[39m[22m[49m: Unity.ILPP.Runner.PostProcessingPipeline[0]
      Processing assembly Library/Bee/artifacts/2400b0aE.dag/GameCore.Gameplay.Audio.dll, with 124 defines and 245 references
[40m[32minfo[39m[22m[49m: Unity.ILPP.Runner.PostProcessingPipeline[0]
      processors: Unity.Entities.CodeGen.EntitiesILPostProcessors, Unity.Jobs.CodeGen.JobsILPostProcessor, zzzUnity.Burst.CodeGen.BurstILPostProcessor
[40m[32minfo[39m[22m[49m: Unity.ILPP.Runner.PostProcessingPipeline[0]
      running Unity.Entities.CodeGen.EntitiesILPostProcessors
[40m[32minfo[39m[22m[49m: Microsoft.AspNetCore.Hosting.Diagnostics[1]
      Request starting HTTP/2 POST http://ilpp/UnityILPP.PostProcessing/PostProcessAssembly application/grpc -
[40m[32minfo[39m[22m[49m: Microsoft.AspNetCore.Routing.EndpointMiddleware[0]
      Executing endpoint 'gRPC - /UnityILPP.PostProcessing/PostProcessAssembly'
[40m[32minfo[39m[22m[49m: Unity.ILPP.Runner.PostProcessingPipeline[0]
      Processing assembly Library/Bee/artifacts/2400b0aE.dag/GameCore.Gameplay.Logic.dll, with 124 defines and 248 references
[40m[32minfo[39m[22m[49m: Unity.ILPP.Runner.PostProcessingPipeline[0]
      processors: Unity.Entities.CodeGen.EntitiesILPostProcessors, Unity.Jobs.CodeGen.JobsILPostProcessor, zzzUnity.Burst.CodeGen.BurstILPostProcessor
[40m[32minfo[39m[22m[49m: Unity.ILPP.Runner.PostProcessingPipeline[0]
      running Unity.Entities.CodeGen.EntitiesILPostProcessors
  - EILPP : GameCore.Gameplay.Audio : : 27ms (~8ms)
    - EILPP : GameCore.Gameplay.Audio : StaticTypeRegistryPostProcessor: 1ms
    - EILPP : GameCore.Gameplay.Audio : WriteAssembly: 18ms
[40m[32minfo[39m[22m[49m: Unity.ILPP.Runner.PostProcessingPipeline[0]
      running Unity.Jobs.CodeGen.JobsILPostProcessor
[40m[32minfo[39m[22m[49m: Unity.ILPP.Runner.PostProcessingPipeline[0]
      running zzzUnity.Burst.CodeGen.BurstILPostProcessor
[40m[32minfo[39m[22m[49m: Microsoft.AspNetCore.Routing.EndpointMiddleware[1]
      Executed endpoint 'gRPC - /UnityILPP.PostProcessing/PostProcessAssembly'
[40m[32minfo[39m[22m[49m: Microsoft.AspNetCore.Hosting.Diagnostics[2]
      Request finished HTTP/2 POST http://ilpp/UnityILPP.PostProcessing/PostProcessAssembly application/grpc - - 200 - application/grpc 37.9577ms
[40m[32minfo[39m[22m[49m: Microsoft.AspNetCore.Hosting.Diagnostics[1]
      Request starting HTTP/2 POST http://ilpp/UnityILPP.PostProcessing/PostProcessAssembly application/grpc -
[40m[32minfo[39m[22m[49m: Microsoft.AspNetCore.Routing.EndpointMiddleware[0]
      Executing endpoint 'gRPC - /UnityILPP.PostProcessing/PostProcessAssembly'
[40m[32minfo[39m[22m[49m: Unity.ILPP.Runner.PostProcessingPipeline[0]
      Processing assembly Library/Bee/artifacts/2400b0aE.dag/GameCore.Gameplay.Ui.dll, with 124 defines and 247 references
[40m[32minfo[39m[22m[49m: Unity.ILPP.Runner.PostProcessingPipeline[0]
      processors: Unity.Entities.CodeGen.EntitiesILPostProcessors, Unity.Jobs.CodeGen.JobsILPostProcessor, zzzUnity.Burst.CodeGen.BurstILPostProcessor
[40m[32minfo[39m[22m[49m: Unity.ILPP.Runner.PostProcessingPipeline[0]
      running Unity.Entities.CodeGen.EntitiesILPostProcessors
  - EILPP : GameCore.Gameplay.Logic : : 40ms (~12ms)
    - EILPP : GameCore.Gameplay.Logic : GetAllComponentTypes: 9ms
    - EILPP : GameCore.Gameplay.Logic : ComponentDataPP: 3ms
    - EILPP : GameCore.Gameplay.Logic : StaticTypeRegistryPostProcessor: 6ms
    - EILPP : GameCore.Gameplay.Logic : WriteAssembly: 10ms
[40m[32minfo[39m[22m[49m: Unity.ILPP.Runner.PostProcessingPipeline[0]
      running Unity.Jobs.CodeGen.JobsILPostProcessor
[40m[32minfo[39m[22m[49m: Unity.ILPP.Runner.PostProcessingPipeline[0]
      running zzzUnity.Burst.CodeGen.BurstILPostProcessor
[40m[32minfo[39m[22m[49m: Microsoft.AspNetCore.Routing.EndpointMiddleware[1]
      Executed endpoint 'gRPC - /UnityILPP.PostProcessing/PostProcessAssembly'
[40m[32minfo[39m[22m[49m: Microsoft.AspNetCore.Hosting.Diagnostics[2]
      Request finished HTTP/2 POST http://ilpp/UnityILPP.PostProcessing/PostProcessAssembly application/grpc - - 200 - application/grpc 69.8558ms
[40m[32minfo[39m[22m[49m: Microsoft.AspNetCore.Hosting.Diagnostics[1]
      Request starting HTTP/2 POST http://ilpp/UnityILPP.PostProcessing/PostProcessAssembly application/grpc -
[40m[32minfo[39m[22m[49m: Microsoft.AspNetCore.Routing.EndpointMiddleware[0]
      Executing endpoint 'gRPC - /UnityILPP.PostProcessing/PostProcessAssembly'
[40m[32minfo[39m[22m[49m: Unity.ILPP.Runner.PostProcessingPipeline[0]
      Processing assembly Library/Bee/artifacts/2400b0aE.dag/GameCore.Gameplay.Npc.Editor.dll, with 122 defines and 268 references
[40m[32minfo[39m[22m[49m: Unity.ILPP.Runner.PostProcessingPipeline[0]
      processors: Unity.Entities.CodeGen.EntitiesILPostProcessors, Unity.Jobs.CodeGen.JobsILPostProcessor, zzzUnity.Burst.CodeGen.BurstILPostProcessor
[40m[32minfo[39m[22m[49m: Unity.ILPP.Runner.PostProcessingPipeline[0]
      running Unity.Entities.CodeGen.EntitiesILPostProcessors
[40m[32minfo[39m[22m[49m: Unity.ILPP.Runner.PostProcessingPipeline[0]
      running Unity.Jobs.CodeGen.JobsILPostProcessor
[40m[32minfo[39m[22m[49m: Unity.ILPP.Runner.PostProcessingPipeline[0]
      running zzzUnity.Burst.CodeGen.BurstILPostProcessor
[40m[32minfo[39m[22m[49m: Microsoft.AspNetCore.Routing.EndpointMiddleware[1]
      Executed endpoint 'gRPC - /UnityILPP.PostProcessing/PostProcessAssembly'
[40m[32minfo[39m[22m[49m: Microsoft.AspNetCore.Hosting.Diagnostics[2]
      Request finished HTTP/2 POST http://ilpp/UnityILPP.PostProcessing/PostProcessAssembly application/grpc - - 200 - application/grpc 0.8462ms
  - EILPP : GameCore.Gameplay.Ui : : 52ms (~14ms)
    - EILPP : GameCore.Gameplay.Ui : GetAllComponentTypes: 2ms
    - EILPP : GameCore.Gameplay.Ui : ComponentDataPP: 19ms
    - EILPP : GameCore.Gameplay.Ui : StaticTypeRegistryPostProcessor: 5ms
    - EILPP : GameCore.Gameplay.Ui : WriteAssembly: 12ms
[40m[32minfo[39m[22m[49m: Unity.ILPP.Runner.PostProcessingPipeline[0]
      running Unity.Jobs.CodeGen.JobsILPostProcessor
[40m[32minfo[39m[22m[49m: Unity.ILPP.Runner.PostProcessingPipeline[0]
      running zzzUnity.Burst.CodeGen.BurstILPostProcessor
[40m[32minfo[39m[22m[49m: Microsoft.AspNetCore.Routing.EndpointMiddleware[1]
      Executed endpoint 'gRPC - /UnityILPP.PostProcessing/PostProcessAssembly'
[40m[32minfo[39m[22m[49m: Microsoft.AspNetCore.Hosting.Diagnostics[2]
      Request finished HTTP/2 POST http://ilpp/UnityILPP.PostProcessing/PostProcessAssembly application/grpc - - 200 - application/grpc 63.2175ms
[40m[32minfo[39m[22m[49m: Microsoft.AspNetCore.Hosting.Diagnostics[1]
      Request starting HTTP/2 POST http://ilpp/UnityILPP.PostProcessing/PostProcessAssembly application/grpc -
[40m[32minfo[39m[22m[49m: Microsoft.AspNetCore.Routing.EndpointMiddleware[0]
      Executing endpoint 'gRPC - /UnityILPP.PostProcessing/PostProcessAssembly'
[40m[32minfo[39m[22m[49m: Unity.ILPP.Runner.PostProcessingPipeline[0]
      Processing assembly Library/Bee/artifacts/2400b0aE.dag/GameCore.Gameplay.Interaction.Editor.dll, with 122 defines and 269 references
[40m[32minfo[39m[22m[49m: Unity.ILPP.Runner.PostProcessingPipeline[0]
      processors: Unity.Entities.CodeGen.EntitiesILPostProcessors, Unity.Jobs.CodeGen.JobsILPostProcessor, zzzUnity.Burst.CodeGen.BurstILPostProcessor
[40m[32minfo[39m[22m[49m: Unity.ILPP.Runner.PostProcessingPipeline[0]
      running Unity.Entities.CodeGen.EntitiesILPostProcessors
[40m[32minfo[39m[22m[49m: Unity.ILPP.Runner.PostProcessingPipeline[0]
      running Unity.Jobs.CodeGen.JobsILPostProcessor
[40m[32minfo[39m[22m[49m: Unity.ILPP.Runner.PostProcessingPipeline[0]
      running zzzUnity.Burst.CodeGen.BurstILPostProcessor
[40m[32minfo[39m[22m[49m: Microsoft.AspNetCore.Routing.EndpointMiddleware[1]
      Executed endpoint 'gRPC - /UnityILPP.PostProcessing/PostProcessAssembly'
[40m[32minfo[39m[22m[49m: Microsoft.AspNetCore.Hosting.Diagnostics[2]
      Request finished HTTP/2 POST http://ilpp/UnityILPP.PostProcessing/PostProcessAssembly application/grpc - - 200 - application/grpc 0.8526ms
[40m[32minfo[39m[22m[49m: Microsoft.AspNetCore.Hosting.Diagnostics[1]
      Request starting HTTP/2 POST http://ilpp/UnityILPP.PostProcessing/PostProcessAssembly application/grpc -
[40m[32minfo[39m[22m[49m: Microsoft.AspNetCore.Routing.EndpointMiddleware[0]
      Executing endpoint 'gRPC - /UnityILPP.PostProcessing/PostProcessAssembly'
[40m[32minfo[39m[22m[49m: Unity.ILPP.Runner.PostProcessingPipeline[0]
      Processing assembly Library/Bee/artifacts/2400b0aE.dag/GameCore.Gameplay.Player.Editor.dll, with 122 defines and 269 references
[40m[32minfo[39m[22m[49m: Unity.ILPP.Runner.PostProcessingPipeline[0]
      processors: Unity.Entities.CodeGen.EntitiesILPostProcessors, Unity.Jobs.CodeGen.JobsILPostProcessor, zzzUnity.Burst.CodeGen.BurstILPostProcessor
[40m[32minfo[39m[22m[49m: Unity.ILPP.Runner.PostProcessingPipeline[0]
      running Unity.Entities.CodeGen.EntitiesILPostProcessors
[40m[32minfo[39m[22m[49m: Unity.ILPP.Runner.PostProcessingPipeline[0]
      running Unity.Jobs.CodeGen.JobsILPostProcessor
[40m[32minfo[39m[22m[49m: Unity.ILPP.Runner.PostProcessingPipeline[0]
      running zzzUnity.Burst.CodeGen.BurstILPostProcessor
[40m[32minfo[39m[22m[49m: Microsoft.AspNetCore.Routing.EndpointMiddleware[1]
      Executed endpoint 'gRPC - /UnityILPP.PostProcessing/PostProcessAssembly'
[40m[32minfo[39m[22m[49m: Microsoft.AspNetCore.Hosting.Diagnostics[2]
      Request finished HTTP/2 POST http://ilpp/UnityILPP.PostProcessing/PostProcessAssembly application/grpc - - 200 - application/grpc 0.9326ms
[40m[32minfo[39m[22m[49m: Microsoft.AspNetCore.Hosting.Diagnostics[1]
      Request starting HTTP/2 POST http://ilpp/UnityILPP.PostProcessing/PostProcessAssembly application/grpc -
[40m[32minfo[39m[22m[49m: Microsoft.AspNetCore.Routing.EndpointMiddleware[0]
      Executing endpoint 'gRPC - /UnityILPP.PostProcessing/PostProcessAssembly'
[40m[32minfo[39m[22m[49m: Unity.ILPP.Runner.PostProcessingPipeline[0]
      Processing assembly Library/Bee/artifacts/2400b0aE.dag/GameCore.Studio.Core.Editor.dll, with 122 defines and 263 references
[40m[32minfo[39m[22m[49m: Unity.ILPP.Runner.PostProcessingPipeline[0]
      processors: Unity.Entities.CodeGen.EntitiesILPostProcessors, Unity.Jobs.CodeGen.JobsILPostProcessor, zzzUnity.Burst.CodeGen.BurstILPostProcessor
[40m[32minfo[39m[22m[49m: Unity.ILPP.Runner.PostProcessingPipeline[0]
      running Unity.Entities.CodeGen.EntitiesILPostProcessors
[40m[32minfo[39m[22m[49m: Unity.ILPP.Runner.PostProcessingPipeline[0]
      running Unity.Jobs.CodeGen.JobsILPostProcessor
[40m[32minfo[39m[22m[49m: Unity.ILPP.Runner.PostProcessingPipeline[0]
      running zzzUnity.Burst.CodeGen.BurstILPostProcessor
[40m[32minfo[39m[22m[49m: Microsoft.AspNetCore.Routing.EndpointMiddleware[1]
      Executed endpoint 'gRPC - /UnityILPP.PostProcessing/PostProcessAssembly'
[40m[32minfo[39m[22m[49m: Microsoft.AspNetCore.Hosting.Diagnostics[2]
      Request finished HTTP/2 POST http://ilpp/UnityILPP.PostProcessing/PostProcessAssembly application/grpc - - 200 - application/grpc 4.7695ms
[40m[32minfo[39m[22m[49m: Microsoft.AspNetCore.Hosting.Diagnostics[1]
      Request starting HTTP/2 POST http://ilpp/UnityILPP.PostProcessing/PostProcessAssembly application/grpc -
[40m[32minfo[39m[22m[49m: Microsoft.AspNetCore.Routing.EndpointMiddleware[0]
      Executing endpoint 'gRPC - /UnityILPP.PostProcessing/PostProcessAssembly'
[40m[32minfo[39m[22m[49m: Unity.ILPP.Runner.PostProcessingPipeline[0]
      Processing assembly Library/Bee/artifacts/2400b0aE.dag/GameCore.Gameplay.Dialogue.dll, with 124 defines and 246 references
[40m[32minfo[39m[22m[49m: Unity.ILPP.Runner.PostProcessingPipeline[0]
      processors: Unity.Entities.CodeGen.EntitiesILPostProcessors, Unity.Jobs.CodeGen.JobsILPostProcessor, zzzUnity.Burst.CodeGen.BurstILPostProcessor
[40m[32minfo[39m[22m[49m: Unity.ILPP.Runner.PostProcessingPipeline[0]
      running Unity.Entities.CodeGen.EntitiesILPostProcessors
  - EILPP : GameCore.Gameplay.Dialogue : : 13ms (~8ms)
    - EILPP : GameCore.Gameplay.Dialogue : StaticTypeRegistryPostProcessor: 2ms
    - EILPP : GameCore.Gameplay.Dialogue : WriteAssembly: 3ms
[40m[32minfo[39m[22m[49m: Unity.ILPP.Runner.PostProcessingPipeline[0]
      running Unity.Jobs.CodeGen.JobsILPostProcessor
[40m[32minfo[39m[22m[49m: Unity.ILPP.Runner.PostProcessingPipeline[0]
      running zzzUnity.Burst.CodeGen.BurstILPostProcessor
[40m[32minfo[39m[22m[49m: Microsoft.AspNetCore.Hosting.Diagnostics[1]
      Request starting HTTP/2 POST http://ilpp/UnityILPP.PostProcessing/PostProcessAssembly application/grpc -
[40m[32minfo[39m[22m[49m: Microsoft.AspNetCore.Routing.EndpointMiddleware[0]
      Executing endpoint 'gRPC - /UnityILPP.PostProcessing/PostProcessAssembly'
[40m[32minfo[39m[22m[49m: Unity.ILPP.Runner.PostProcessingPipeline[0]
      Processing assembly Library/Bee/artifacts/2400b0aE.dag/Hollowmere.UiAudio.dll, with 124 defines and 243 references
[40m[32minfo[39m[22m[49m: Unity.ILPP.Runner.PostProcessingPipeline[0]
      processors: Unity.Entities.CodeGen.EntitiesILPostProcessors, Unity.Jobs.CodeGen.JobsILPostProcessor, zzzUnity.Burst.CodeGen.BurstILPostProcessor
[40m[32minfo[39m[22m[49m: Unity.ILPP.Runner.PostProcessingPipeline[0]
      running Unity.Entities.CodeGen.EntitiesILPostProcessors
[40m[32minfo[39m[22m[49m: Unity.ILPP.Runner.PostProcessingPipeline[0]
      running Unity.Jobs.CodeGen.JobsILPostProcessor
[40m[32minfo[39m[22m[49m: Unity.ILPP.Runner.PostProcessingPipeline[0]
      running zzzUnity.Burst.CodeGen.BurstILPostProcessor
[40m[32minfo[39m[22m[49m: Microsoft.AspNetCore.Routing.EndpointMiddleware[1]
      Executed endpoint 'gRPC - /UnityILPP.PostProcessing/PostProcessAssembly'
[40m[32minfo[39m[22m[49m: Microsoft.AspNetCore.Hosting.Diagnostics[2]
      Request finished HTTP/2 POST http://ilpp/UnityILPP.PostProcessing/PostProcessAssembly application/grpc - - 200 - application/grpc 22.2976ms
[40m[32minfo[39m[22m[49m: Microsoft.AspNetCore.Routing.EndpointMiddleware[1]
      Executed endpoint 'gRPC - /UnityILPP.PostProcessing/PostProcessAssembly'
[40m[32minfo[39m[22m[49m: Microsoft.AspNetCore.Hosting.Diagnostics[2]
      Request finished HTTP/2 POST http://ilpp/UnityILPP.PostProcessing/PostProcessAssembly application/grpc - - 200 - application/grpc 0.7844ms
[40m[32minfo[39m[22m[49m: Microsoft.AspNetCore.Hosting.Diagnostics[1]
      Request starting HTTP/2 POST http://ilpp/UnityILPP.PostProcessing/PostProcessAssembly application/grpc -
[40m[32minfo[39m[22m[49m: Microsoft.AspNetCore.Routing.EndpointMiddleware[0]
      Executing endpoint 'gRPC - /UnityILPP.PostProcessing/PostProcessAssembly'
[40m[32minfo[39m[22m[49m: Unity.ILPP.Runner.PostProcessingPipeline[0]
      Processing assembly Library/Bee/artifacts/2400b0aE.dag/GameCore.Gameplay.Audio.Editor.dll, with 122 defines and 267 references
[40m[32minfo[39m[22m[49m: Unity.ILPP.Runner.PostProcessingPipeline[0]
      processors: Unity.Entities.CodeGen.EntitiesILPostProcessors, Unity.Jobs.CodeGen.JobsILPostProcessor, zzzUnity.Burst.CodeGen.BurstILPostProcessor
[40m[32minfo[39m[22m[49m: Unity.ILPP.Runner.PostProcessingPipeline[0]
      running Unity.Entities.CodeGen.EntitiesILPostProcessors
[40m[32minfo[39m[22m[49m: Unity.ILPP.Runner.PostProcessingPipeline[0]
      running Unity.Jobs.CodeGen.JobsILPostProcessor
[40m[32minfo[39m[22m[49m: Unity.ILPP.Runner.PostProcessingPipeline[0]
      running zzzUnity.Burst.CodeGen.BurstILPostProcessor
[40m[32minfo[39m[22m[49m: Microsoft.AspNetCore.Routing.EndpointMiddleware[1]
      Executed endpoint 'gRPC - /UnityILPP.PostProcessing/PostProcessAssembly'
[40m[32minfo[39m[22m[49m: Microsoft.AspNetCore.Hosting.Diagnostics[2]
      Request finished HTTP/2 POST http://ilpp/UnityILPP.PostProcessing/PostProcessAssembly application/grpc - - 200 - application/grpc 1.6915ms
[40m[32minfo[39m[22m[49m: Microsoft.AspNetCore.Hosting.Diagnostics[1]
      Request starting HTTP/2 POST http://ilpp/UnityILPP.PostProcessing/PostProcessAssembly application/grpc -
[40m[32minfo[39m[22m[49m: Microsoft.AspNetCore.Routing.EndpointMiddleware[0]
      Executing endpoint 'gRPC - /UnityILPP.PostProcessing/PostProcessAssembly'
[40m[32minfo[39m[22m[49m: Unity.ILPP.Runner.PostProcessingPipeline[0]
      Processing assembly Library/Bee/artifacts/2400b0aE.dag/GameCore.Gameplay.Logic.Editor.dll, with 122 defines and 270 references
[40m[32minfo[39m[22m[49m: Unity.ILPP.Runner.PostProcessingPipeline[0]
      processors: Unity.Entities.CodeGen.EntitiesILPostProcessors, Unity.Jobs.CodeGen.JobsILPostProcessor, zzzUnity.Burst.CodeGen.BurstILPostProcessor
[40m[32minfo[39m[22m[49m: Unity.ILPP.Runner.PostProcessingPipeline[0]
      running Unity.Entities.CodeGen.EntitiesILPostProcessors
[40m[32minfo[39m[22m[49m: Unity.ILPP.Runner.PostProcessingPipeline[0]
      running Unity.Jobs.CodeGen.JobsILPostProcessor
[40m[32minfo[39m[22m[49m: Unity.ILPP.Runner.PostProcessingPipeline[0]
      running zzzUnity.Burst.CodeGen.BurstILPostProcessor
[40m[32minfo[39m[22m[49m: Microsoft.AspNetCore.Routing.EndpointMiddleware[1]
      Executed endpoint 'gRPC - /UnityILPP.PostProcessing/PostProcessAssembly'
[40m[32minfo[39m[22m[49m: Microsoft.AspNetCore.Hosting.Diagnostics[2]
      Request finished HTTP/2 POST http://ilpp/UnityILPP.PostProcessing/PostProcessAssembly application/grpc - - 200 - application/grpc 1.0135ms
[40m[32minfo[39m[22m[49m: Microsoft.AspNetCore.Hosting.Diagnostics[1]
      Request starting HTTP/2 POST http://ilpp/UnityILPP.PostProcessing/PostProcessAssembly application/grpc -
[40m[32minfo[39m[22m[49m: Microsoft.AspNetCore.Routing.EndpointMiddleware[0]
      Executing endpoint 'gRPC - /UnityILPP.PostProcessing/PostProcessAssembly'
[40m[32minfo[39m[22m[49m: Unity.ILPP.Runner.PostProcessingPipeline[0]
      Processing assembly Library/Bee/artifacts/2400b0aE.dag/GameCore.Gameplay.Ui.Editor.dll, with 122 defines and 268 references
[40m[32minfo[39m[22m[49m: Unity.ILPP.Runner.PostProcessingPipeline[0]
      processors: Unity.Entities.CodeGen.EntitiesILPostProcessors, Unity.Jobs.CodeGen.JobsILPostProcessor, zzzUnity.Burst.CodeGen.BurstILPostProcessor
[40m[32minfo[39m[22m[49m: Unity.ILPP.Runner.PostProcessingPipeline[0]
      running Unity.Entities.CodeGen.EntitiesILPostProcessors
[40m[32minfo[39m[22m[49m: Unity.ILPP.Runner.PostProcessingPipeline[0]
      running Unity.Jobs.CodeGen.JobsILPostProcessor
[40m[32minfo[39m[22m[49m: Unity.ILPP.Runner.PostProcessingPipeline[0]
      running zzzUnity.Burst.CodeGen.BurstILPostProcessor
[40m[32minfo[39m[22m[49m: Microsoft.AspNetCore.Routing.EndpointMiddleware[1]
      Executed endpoint 'gRPC - /UnityILPP.PostProcessing/PostProcessAssembly'
[40m[32minfo[39m[22m[49m: Microsoft.AspNetCore.Hosting.Diagnostics[2]
      Request finished HTTP/2 POST http://ilpp/UnityILPP.PostProcessing/PostProcessAssembly application/grpc - - 200 - application/grpc 1.2612ms
[40m[32minfo[39m[22m[49m: Microsoft.AspNetCore.Hosting.Diagnostics[1]
      Request starting HTTP/2 POST http://ilpp/UnityILPP.PostProcessing/PostProcessAssembly application/grpc -
[40m[32minfo[39m[22m[49m: Microsoft.AspNetCore.Routing.EndpointMiddleware[0]
      Executing endpoint 'gRPC - /UnityILPP.PostProcessing/PostProcessAssembly'
[40m[32minfo[39m[22m[49m: Unity.ILPP.Runner.PostProcessingPipeline[0]
      Processing assembly Library/Bee/artifacts/2400b0aE.dag/GameCore.Gameplay.Quest.dll, with 124 defines and 246 references
[40m[32minfo[39m[22m[49m: Unity.ILPP.Runner.PostProcessingPipeline[0]
      processors: Unity.Entities.CodeGen.EntitiesILPostProcessors, Unity.Jobs.CodeGen.JobsILPostProcessor, zzzUnity.Burst.CodeGen.BurstILPostProcessor
[40m[32minfo[39m[22m[49m: Unity.ILPP.Runner.PostProcessingPipeline[0]
      running Unity.Entities.CodeGen.EntitiesILPostProcessors
[40m[32minfo[39m[22m[49m: Microsoft.AspNetCore.Hosting.Diagnostics[1]
      Request starting HTTP/2 POST http://ilpp/UnityILPP.PostProcessing/PostProcessAssembly application/grpc -
[40m[32minfo[39m[22m[49m: Microsoft.AspNetCore.Routing.EndpointMiddleware[0]
      Executing endpoint 'gRPC - /UnityILPP.PostProcessing/PostProcessAssembly'
[40m[32minfo[39m[22m[49m: Unity.ILPP.Runner.PostProcessingPipeline[0]
      Processing assembly Library/Bee/artifacts/2400b0aE.dag/GameCore.Gameplay.Inventory.dll, with 124 defines and 246 references
[40m[32minfo[39m[22m[49m: Unity.ILPP.Runner.PostProcessingPipeline[0]
      processors: Unity.Entities.CodeGen.EntitiesILPostProcessors, Unity.Jobs.CodeGen.JobsILPostProcessor, zzzUnity.Burst.CodeGen.BurstILPostProcessor
[40m[32minfo[39m[22m[49m: Unity.ILPP.Runner.PostProcessingPipeline[0]
      running Unity.Entities.CodeGen.EntitiesILPostProcessors
  - EILPP : GameCore.Gameplay.Inventory : : 31ms (~23ms)
    - EILPP : GameCore.Gameplay.Inventory : GetAllComponentTypes: 2ms
    - EILPP : GameCore.Gameplay.Inventory : StaticTypeRegistryPostProcessor: 2ms
    - EILPP : GameCore.Gameplay.Inventory : WriteAssembly: 4ms
[40m[32minfo[39m[22m[49m: Unity.ILPP.Runner.PostProcessingPipeline[0]
      running Unity.Jobs.CodeGen.JobsILPostProcessor
  - EILPP : GameCore.Gameplay.Quest : : 36ms (~30ms)
    - EILPP : GameCore.Gameplay.Quest : StaticTypeRegistryPostProcessor: 2ms
    - EILPP : GameCore.Gameplay.Quest : WriteAssembly: 4ms
[40m[32minfo[39m[22m[49m: Unity.ILPP.Runner.PostProcessingPipeline[0]
      running Unity.Jobs.CodeGen.JobsILPostProcessor
[40m[32minfo[39m[22m[49m: Unity.ILPP.Runner.PostProcessingPipeline[0]
      running zzzUnity.Burst.CodeGen.BurstILPostProcessor
[40m[32minfo[39m[22m[49m: Unity.ILPP.Runner.PostProcessingPipeline[0]
      running zzzUnity.Burst.CodeGen.BurstILPostProcessor
[40m[32minfo[39m[22m[49m: Microsoft.AspNetCore.Routing.EndpointMiddleware[1]
      Executed endpoint 'gRPC - /UnityILPP.PostProcessing/PostProcessAssembly'
[40m[32minfo[39m[22m[49m: Microsoft.AspNetCore.Hosting.Diagnostics[2]
      Request finished HTTP/2 POST http://ilpp/UnityILPP.PostProcessing/PostProcessAssembly application/grpc - - 200 - application/grpc 44.1655ms
[40m[32minfo[39m[22m[49m: Microsoft.AspNetCore.Routing.EndpointMiddleware[1]
      Executed endpoint 'gRPC - /UnityILPP.PostProcessing/PostProcessAssembly'
[40m[32minfo[39m[22m[49m: Microsoft.AspNetCore.Hosting.Diagnostics[2]
      Request finished HTTP/2 POST http://ilpp/UnityILPP.PostProcessing/PostProcessAssembly application/grpc - - 200 - application/grpc 41.5158ms
[40m[32minfo[39m[22m[49m: Microsoft.AspNetCore.Hosting.Diagnostics[1]
      Request starting HTTP/2 POST http://ilpp/UnityILPP.PostProcessing/PostProcessAssembly application/grpc -
[40m[32minfo[39m[22m[49m: Microsoft.AspNetCore.Routing.EndpointMiddleware[0]
      Executing endpoint 'gRPC - /UnityILPP.PostProcessing/PostProcessAssembly'
[40m[32minfo[39m[22m[49m: Unity.ILPP.Runner.PostProcessingPipeline[0]
      Processing assembly Library/Bee/artifacts/2400b0aE.dag/GameCore.Studio.Hollowmere.Tests.dll, with 122 defines and 260 references
[40m[32minfo[39m[22m[49m: Unity.ILPP.Runner.PostProcessingPipeline[0]
      processors: Unity.Entities.CodeGen.EntitiesILPostProcessors, Unity.Jobs.CodeGen.JobsILPostProcessor, zzzUnity.Burst.CodeGen.BurstILPostProcessor
[40m[32minfo[39m[22m[49m: Unity.ILPP.Runner.PostProcessingPipeline[0]
      running Unity.Entities.CodeGen.EntitiesILPostProcessors
[40m[32minfo[39m[22m[49m: Unity.ILPP.Runner.PostProcessingPipeline[0]
      running Unity.Jobs.CodeGen.JobsILPostProcessor
[40m[32minfo[39m[22m[49m: Unity.ILPP.Runner.PostProcessingPipeline[0]
      running zzzUnity.Burst.CodeGen.BurstILPostProcessor
[40m[32minfo[39m[22m[49m: Microsoft.AspNetCore.Routing.EndpointMiddleware[1]
      Executed endpoint 'gRPC - /UnityILPP.PostProcessing/PostProcessAssembly'
[40m[32minfo[39m[22m[49m: Microsoft.AspNetCore.Hosting.Diagnostics[2]
      Request finished HTTP/2 POST http://ilpp/UnityILPP.PostProcessing/PostProcessAssembly application/grpc - - 200 - application/grpc 0.6424ms
[40m[32minfo[39m[22m[49m: Microsoft.AspNetCore.Hosting.Diagnostics[1]
      Request starting HTTP/2 POST http://ilpp/UnityILPP.PostProcessing/PostProcessAssembly application/grpc -
[40m[32minfo[39m[22m[49m: Microsoft.AspNetCore.Routing.EndpointMiddleware[0]
      Executing endpoint 'gRPC - /UnityILPP.PostProcessing/PostProcessAssembly'
[40m[32minfo[39m[22m[49m: Unity.ILPP.Runner.PostProcessingPipeline[0]
      Processing assembly Library/Bee/artifacts/2400b0aE.dag/Hollowmere.R3_A.Editor.Tests.dll, with 122 defines and 260 references
[40m[32minfo[39m[22m[49m: Unity.ILPP.Runner.PostProcessingPipeline[0]
      processors: Unity.Entities.CodeGen.EntitiesILPostProcessors, Unity.Jobs.CodeGen.JobsILPostProcessor, zzzUnity.Burst.CodeGen.BurstILPostProcessor
[40m[32minfo[39m[22m[49m: Unity.ILPP.Runner.PostProcessingPipeline[0]
      running Unity.Entities.CodeGen.EntitiesILPostProcessors
[40m[32minfo[39m[22m[49m: Unity.ILPP.Runner.PostProcessingPipeline[0]
      running Unity.Jobs.CodeGen.JobsILPostProcessor
[40m[32minfo[39m[22m[49m: Unity.ILPP.Runner.PostProcessingPipeline[0]
      running zzzUnity.Burst.CodeGen.BurstILPostProcessor
[40m[32minfo[39m[22m[49m: Microsoft.AspNetCore.Routing.EndpointMiddleware[1]
      Executed endpoint 'gRPC - /UnityILPP.PostProcessing/PostProcessAssembly'
[40m[32minfo[39m[22m[49m: Microsoft.AspNetCore.Hosting.Diagnostics[2]
      Request finished HTTP/2 POST http://ilpp/UnityILPP.PostProcessing/PostProcessAssembly application/grpc - - 200 - application/grpc 0.8590ms
[40m[32minfo[39m[22m[49m: Microsoft.AspNetCore.Hosting.Diagnostics[1]
      Request starting HTTP/2 POST http://ilpp/UnityILPP.PostProcessing/PostProcessAssembly application/grpc -
[40m[32minfo[39m[22m[49m: Microsoft.AspNetCore.Routing.EndpointMiddleware[0]
      Executing endpoint 'gRPC - /UnityILPP.PostProcessing/PostProcessAssembly'
[40m[32minfo[39m[22m[49m: Unity.ILPP.Runner.PostProcessingPipeline[0]
      Processing assembly Library/Bee/artifacts/2400b0aE.dag/GameCore.Studio.Gameplay.Editor.dll, with 122 defines and 262 references
[40m[32minfo[39m[22m[49m: Unity.ILPP.Runner.PostProcessingPipeline[0]
      processors: Unity.Entities.CodeGen.EntitiesILPostProcessors, Unity.Jobs.CodeGen.JobsILPostProcessor, zzzUnity.Burst.CodeGen.BurstILPostProcessor
[40m[32minfo[39m[22m[49m: Unity.ILPP.Runner.PostProcessingPipeline[0]
      running Unity.Entities.CodeGen.EntitiesILPostProcessors
[40m[32minfo[39m[22m[49m: Unity.ILPP.Runner.PostProcessingPipeline[0]
      running Unity.Jobs.CodeGen.JobsILPostProcessor
[40m[32minfo[39m[22m[49m: Unity.ILPP.Runner.PostProcessingPipeline[0]
      running zzzUnity.Burst.CodeGen.BurstILPostProcessor
[40m[32minfo[39m[22m[49m: Microsoft.AspNetCore.Routing.EndpointMiddleware[1]
      Executed endpoint 'gRPC - /UnityILPP.PostProcessing/PostProcessAssembly'
[40m[32minfo[39m[22m[49m: Microsoft.AspNetCore.Hosting.Diagnostics[2]
      Request finished HTTP/2 POST http://ilpp/UnityILPP.PostProcessing/PostProcessAssembly application/grpc - - 200 - application/grpc 1.2886ms
[40m[32minfo[39m[22m[49m: Microsoft.AspNetCore.Hosting.Diagnostics[1]
      Request starting HTTP/2 POST http://ilpp/UnityILPP.PostProcessing/PostProcessAssembly application/grpc -
[40m[32minfo[39m[22m[49m: Microsoft.AspNetCore.Routing.EndpointMiddleware[0]
      Executing endpoint 'gRPC - /UnityILPP.PostProcessing/PostProcessAssembly'
[40m[32minfo[39m[22m[49m: Unity.ILPP.Runner.PostProcessingPipeline[0]
      Processing assembly Library/Bee/artifacts/2400b0aE.dag/GameCore.Gameplay.Dialogue.Editor.dll, with 122 defines and 272 references
[40m[32minfo[39m[22m[49m: Unity.ILPP.Runner.PostProcessingPipeline[0]
      processors: Unity.Entities.CodeGen.EntitiesILPostProcessors, Unity.Jobs.CodeGen.JobsILPostProcessor, zzzUnity.Burst.CodeGen.BurstILPostProcessor
[40m[32minfo[39m[22m[49m: Unity.ILPP.Runner.PostProcessingPipeline[0]
      running Unity.Entities.CodeGen.EntitiesILPostProcessors
[40m[32minfo[39m[22m[49m: Unity.ILPP.Runner.PostProcessingPipeline[0]
      running Unity.Jobs.CodeGen.JobsILPostProcessor
[40m[32minfo[39m[22m[49m: Unity.ILPP.Runner.PostProcessingPipeline[0]
      running zzzUnity.Burst.CodeGen.BurstILPostProcessor
[40m[32minfo[39m[22m[49m: Microsoft.AspNetCore.Routing.EndpointMiddleware[1]
      Executed endpoint 'gRPC - /UnityILPP.PostProcessing/PostProcessAssembly'
[40m[32minfo[39m[22m[49m: Microsoft.AspNetCore.Hosting.Diagnostics[2]
      Request finished HTTP/2 POST http://ilpp/UnityILPP.PostProcessing/PostProcessAssembly application/grpc - - 200 - application/grpc 0.8265ms
[40m[32minfo[39m[22m[49m: Microsoft.AspNetCore.Hosting.Diagnostics[1]
      Request starting HTTP/2 POST http://ilpp/UnityILPP.PostProcessing/PostProcessAssembly application/grpc -
[40m[32minfo[39m[22m[49m: Microsoft.AspNetCore.Routing.EndpointMiddleware[0]
      Executing endpoint 'gRPC - /UnityILPP.PostProcessing/PostProcessAssembly'
[40m[32minfo[39m[22m[49m: Unity.ILPP.Runner.PostProcessingPipeline[0]
      Processing assembly Library/Bee/artifacts/2400b0aE.dag/Hollowmere.P2_4.EditMode.Tests.dll, with 122 defines and 260 references
[40m[32minfo[39m[22m[49m: Unity.ILPP.Runner.PostProcessingPipeline[0]
      processors: Unity.Entities.CodeGen.EntitiesILPostProcessors, Unity.Jobs.CodeGen.JobsILPostProcessor, zzzUnity.Burst.CodeGen.BurstILPostProcessor
[40m[32minfo[39m[22m[49m: Unity.ILPP.Runner.PostProcessingPipeline[0]
      running Unity.Entities.CodeGen.EntitiesILPostProcessors
[40m[32minfo[39m[22m[49m: Unity.ILPP.Runner.PostProcessingPipeline[0]
      running Unity.Jobs.CodeGen.JobsILPostProcessor
[40m[32minfo[39m[22m[49m: Unity.ILPP.Runner.PostProcessingPipeline[0]
      running zzzUnity.Burst.CodeGen.BurstILPostProcessor
[40m[32minfo[39m[22m[49m: Microsoft.AspNetCore.Routing.EndpointMiddleware[1]
      Executed endpoint 'gRPC - /UnityILPP.PostProcessing/PostProcessAssembly'
[40m[32minfo[39m[22m[49m: Microsoft.AspNetCore.Hosting.Diagnostics[2]
      Request finished HTTP/2 POST http://ilpp/UnityILPP.PostProcessing/PostProcessAssembly application/grpc - - 200 - application/grpc 0.9882ms
[40m[32minfo[39m[22m[49m: Microsoft.AspNetCore.Hosting.Diagnostics[1]
      Request starting HTTP/2 POST http://ilpp/UnityILPP.PostProcessing/PostProcessAssembly application/grpc -
[40m[32minfo[39m[22m[49m: Microsoft.AspNetCore.Routing.EndpointMiddleware[0]
      Executing endpoint 'gRPC - /UnityILPP.PostProcessing/PostProcessAssembly'
[40m[32minfo[39m[22m[49m: Unity.ILPP.Runner.PostProcessingPipeline[0]
      Processing assembly Library/Bee/artifacts/2400b0aE.dag/Hollowmere.UiAudio.Editor.dll, with 122 defines and 273 references
[40m[32minfo[39m[22m[49m: Unity.ILPP.Runner.PostProcessingPipeline[0]
      processors: Unity.Entities.CodeGen.EntitiesILPostProcessors, Unity.Jobs.CodeGen.JobsILPostProcessor, zzzUnity.Burst.CodeGen.BurstILPostProcessor
[40m[32minfo[39m[22m[49m: Unity.ILPP.Runner.PostProcessingPipeline[0]
      running Unity.Entities.CodeGen.EntitiesILPostProcessors
[40m[32minfo[39m[22m[49m: Unity.ILPP.Runner.PostProcessingPipeline[0]
      running Unity.Jobs.CodeGen.JobsILPostProcessor
[40m[32minfo[39m[22m[49m: Unity.ILPP.Runner.PostProcessingPipeline[0]
      running zzzUnity.Burst.CodeGen.BurstILPostProcessor
[40m[32minfo[39m[22m[49m: Microsoft.AspNetCore.Routing.EndpointMiddleware[1]
      Executed endpoint 'gRPC - /UnityILPP.PostProcessing/PostProcessAssembly'
[40m[32minfo[39m[22m[49m: Microsoft.AspNetCore.Hosting.Diagnostics[2]
      Request finished HTTP/2 POST http://ilpp/UnityILPP.PostProcessing/PostProcessAssembly application/grpc - - 200 - application/grpc 1.0439ms
[40m[32minfo[39m[22m[49m: Microsoft.AspNetCore.Hosting.Diagnostics[1]
      Request starting HTTP/2 POST http://ilpp/UnityILPP.PostProcessing/PostProcessAssembly application/grpc -
[40m[32minfo[39m[22m[49m: Microsoft.AspNetCore.Routing.EndpointMiddleware[0]
      Executing endpoint 'gRPC - /UnityILPP.PostProcessing/PostProcessAssembly'
[40m[32minfo[39m[22m[49m: Unity.ILPP.Runner.PostProcessingPipeline[0]
      Processing assembly Library/Bee/artifacts/2400b0aE.dag/Hollowmere.Narrative.dll, with 124 defines and 250 references
[40m[32minfo[39m[22m[49m: Unity.ILPP.Runner.PostProcessingPipeline[0]
      processors: Unity.Entities.CodeGen.EntitiesILPostProcessors, Unity.Jobs.CodeGen.JobsILPostProcessor, zzzUnity.Burst.CodeGen.BurstILPostProcessor
[40m[32minfo[39m[22m[49m: Unity.ILPP.Runner.PostProcessingPipeline[0]
      running Unity.Entities.CodeGen.EntitiesILPostProcessors
[40m[32minfo[39m[22m[49m: Microsoft.AspNetCore.Hosting.Diagnostics[1]
      Request starting HTTP/2 POST http://ilpp/UnityILPP.PostProcessing/PostProcessAssembly application/grpc -
[40m[32minfo[39m[22m[49m: Microsoft.AspNetCore.Routing.EndpointMiddleware[0]
      Executing endpoint 'gRPC - /UnityILPP.PostProcessing/PostProcessAssembly'
[40m[32minfo[39m[22m[49m: Unity.ILPP.Runner.PostProcessingPipeline[0]
      Processing assembly Library/Bee/artifacts/2400b0aE.dag/GameCore.Gameplay.Quest.Editor.dll, with 122 defines and 272 references
[40m[32minfo[39m[22m[49m: Unity.ILPP.Runner.PostProcessingPipeline[0]
      processors: Unity.Entities.CodeGen.EntitiesILPostProcessors, Unity.Jobs.CodeGen.JobsILPostProcessor, zzzUnity.Burst.CodeGen.BurstILPostProcessor
[40m[32minfo[39m[22m[49m: Unity.ILPP.Runner.PostProcessingPipeline[0]
      running Unity.Entities.CodeGen.EntitiesILPostProcessors
[40m[32minfo[39m[22m[49m: Unity.ILPP.Runner.PostProcessingPipeline[0]
      running Unity.Jobs.CodeGen.JobsILPostProcessor
[40m[32minfo[39m[22m[49m: Unity.ILPP.Runner.PostProcessingPipeline[0]
      running zzzUnity.Burst.CodeGen.BurstILPostProcessor
[40m[32minfo[39m[22m[49m: Microsoft.AspNetCore.Routing.EndpointMiddleware[1]
      Executed endpoint 'gRPC - /UnityILPP.PostProcessing/PostProcessAssembly'
[40m[32minfo[39m[22m[49m: Microsoft.AspNetCore.Hosting.Diagnostics[2]
      Request finished HTTP/2 POST http://ilpp/UnityILPP.PostProcessing/PostProcessAssembly application/grpc - - 200 - application/grpc 0.7735ms
  - EILPP : Hollowmere.Narrative : : 8ms (~8ms)
[40m[32minfo[39m[22m[49m: Unity.ILPP.Runner.PostProcessingPipeline[0]
      running Unity.Jobs.CodeGen.JobsILPostProcessor
[40m[32minfo[39m[22m[49m: Unity.ILPP.Runner.PostProcessingPipeline[0]
      running zzzUnity.Burst.CodeGen.BurstILPostProcessor
[40m[32minfo[39m[22m[49m: Microsoft.AspNetCore.Routing.EndpointMiddleware[1]
      Executed endpoint 'gRPC - /UnityILPP.PostProcessing/PostProcessAssembly'
[40m[32minfo[39m[22m[49m: Microsoft.AspNetCore.Hosting.Diagnostics[2]
      Request finished HTTP/2 POST http://ilpp/UnityILPP.PostProcessing/PostProcessAssembly application/grpc - - 200 - application/grpc 13.2790ms
[40m[32minfo[39m[22m[49m: Microsoft.AspNetCore.Hosting.Diagnostics[1]
      Request starting HTTP/2 POST http://ilpp/UnityILPP.PostProcessing/PostProcessAssembly application/grpc -
[40m[32minfo[39m[22m[49m: Microsoft.AspNetCore.Routing.EndpointMiddleware[0]
      Executing endpoint 'gRPC - /UnityILPP.PostProcessing/PostProcessAssembly'
[40m[32minfo[39m[22m[49m: Unity.ILPP.Runner.PostProcessingPipeline[0]
      Processing assembly Library/Bee/artifacts/2400b0aE.dag/GameCore.Studio.UI.Editor.dll, with 122 defines and 265 references
[40m[32minfo[39m[22m[49m: Unity.ILPP.Runner.PostProcessingPipeline[0]
      processors: Unity.Entities.CodeGen.EntitiesILPostProcessors, Unity.Jobs.CodeGen.JobsILPostProcessor, zzzUnity.Burst.CodeGen.BurstILPostProcessor
[40m[32minfo[39m[22m[49m: Unity.ILPP.Runner.PostProcessingPipeline[0]
      running Unity.Entities.CodeGen.EntitiesILPostProcessors
[40m[32minfo[39m[22m[49m: Unity.ILPP.Runner.PostProcessingPipeline[0]
      running Unity.Jobs.CodeGen.JobsILPostProcessor
[40m[32minfo[39m[22m[49m: Unity.ILPP.Runner.PostProcessingPipeline[0]
      running zzzUnity.Burst.CodeGen.BurstILPostProcessor
[40m[32minfo[39m[22m[49m: Microsoft.AspNetCore.Routing.EndpointMiddleware[1]
      Executed endpoint 'gRPC - /UnityILPP.PostProcessing/PostProcessAssembly'
[40m[32minfo[39m[22m[49m: Microsoft.AspNetCore.Hosting.Diagnostics[2]
      Request finished HTTP/2 POST http://ilpp/UnityILPP.PostProcessing/PostProcessAssembly application/grpc - - 200 - application/grpc 3.3848ms
[40m[32minfo[39m[22m[49m: Microsoft.AspNetCore.Hosting.Diagnostics[1]
      Request starting HTTP/2 POST http://ilpp/UnityILPP.PostProcessing/PostProcessAssembly application/grpc -
[40m[32minfo[39m[22m[49m: Microsoft.AspNetCore.Routing.EndpointMiddleware[0]
      Executing endpoint 'gRPC - /UnityILPP.PostProcessing/PostProcessAssembly'
[40m[32minfo[39m[22m[49m: Unity.ILPP.Runner.PostProcessingPipeline[0]
      Processing assembly Library/Bee/artifacts/2400b0aE.dag/GameCore.Gameplay.Inventory.Editor.dll, with 122 defines and 272 references
[40m[32minfo[39m[22m[49m: Unity.ILPP.Runner.PostProcessingPipeline[0]
      processors: Unity.Entities.CodeGen.EntitiesILPostProcessors, Unity.Jobs.CodeGen.JobsILPostProcessor, zzzUnity.Burst.CodeGen.BurstILPostProcessor
[40m[32minfo[39m[22m[49m: Unity.ILPP.Runner.PostProcessingPipeline[0]
      running Unity.Entities.CodeGen.EntitiesILPostProcessors
[40m[32minfo[39m[22m[49m: Unity.ILPP.Runner.PostProcessingPipeline[0]
      running Unity.Jobs.CodeGen.JobsILPostProcessor
[40m[32minfo[39m[22m[49m: Unity.ILPP.Runner.PostProcessingPipeline[0]
      running zzzUnity.Burst.CodeGen.BurstILPostProcessor
[40m[32minfo[39m[22m[49m: Microsoft.AspNetCore.Routing.EndpointMiddleware[1]
      Executed endpoint 'gRPC - /UnityILPP.PostProcessing/PostProcessAssembly'
[40m[32minfo[39m[22m[49m: Microsoft.AspNetCore.Hosting.Diagnostics[2]
      Request finished HTTP/2 POST http://ilpp/UnityILPP.PostProcessing/PostProcessAssembly application/grpc - - 200 - application/grpc 1.0918ms
[40m[32minfo[39m[22m[49m: Microsoft.AspNetCore.Hosting.Diagnostics[1]
      Request starting HTTP/2 POST http://ilpp/UnityILPP.PostProcessing/PostProcessAssembly application/grpc -
[40m[32minfo[39m[22m[49m: Microsoft.AspNetCore.Hosting.Diagnostics[1]
      Request starting HTTP/2 POST http://ilpp/UnityILPP.PostProcessing/PostProcessAssembly application/grpc -
[40m[32minfo[39m[22m[49m: Microsoft.AspNetCore.Routing.EndpointMiddleware[0]
      Executing endpoint 'gRPC - /UnityILPP.PostProcessing/PostProcessAssembly'
[40m[32minfo[39m[22m[49m: Microsoft.AspNetCore.Routing.EndpointMiddleware[0]
      Executing endpoint 'gRPC - /UnityILPP.PostProcessing/PostProcessAssembly'
[40m[32minfo[39m[22m[49m: Unity.ILPP.Runner.PostProcessingPipeline[0]
      Processing assembly Library/Bee/artifacts/2400b0aE.dag/Hollowmere.R3_F.Editor.Tests.dll, with 122 defines and 264 references
[40m[32minfo[39m[22m[49m: Unity.ILPP.Runner.PostProcessingPipeline[0]
      processors: Unity.Entities.CodeGen.EntitiesILPostProcessors, Unity.Jobs.CodeGen.JobsILPostProcessor, zzzUnity.Burst.CodeGen.BurstILPostProcessor
[40m[32minfo[39m[22m[49m: Unity.ILPP.Runner.PostProcessingPipeline[0]
      Processing assembly Library/Bee/artifacts/2400b0aE.dag/Hollowmere.R2_G.EditMode.Tests.dll, with 122 defines and 274 references
[40m[32minfo[39m[22m[49m: Unity.ILPP.Runner.PostProcessingPipeline[0]
      processors: Unity.Entities.CodeGen.EntitiesILPostProcessors, Unity.Jobs.CodeGen.JobsILPostProcessor, zzzUnity.Burst.CodeGen.BurstILPostProcessor
[40m[32minfo[39m[22m[49m: Unity.ILPP.Runner.PostProcessingPipeline[0]
      running Unity.Entities.CodeGen.EntitiesILPostProcessors
[40m[32minfo[39m[22m[49m: Unity.ILPP.Runner.PostProcessingPipeline[0]
      running Unity.Jobs.CodeGen.JobsILPostProcessor
[40m[32minfo[39m[22m[49m: Unity.ILPP.Runner.PostProcessingPipeline[0]
      running Unity.Entities.CodeGen.EntitiesILPostProcessors
[40m[32minfo[39m[22m[49m: Unity.ILPP.Runner.PostProcessingPipeline[0]
      running zzzUnity.Burst.CodeGen.BurstILPostProcessor
[40m[32minfo[39m[22m[49m: Unity.ILPP.Runner.PostProcessingPipeline[0]
      running Unity.Jobs.CodeGen.JobsILPostProcessor
[40m[32minfo[39m[22m[49m: Unity.ILPP.Runner.PostProcessingPipeline[0]
      running zzzUnity.Burst.CodeGen.BurstILPostProcessor
[40m[32minfo[39m[22m[49m: Microsoft.AspNetCore.Routing.EndpointMiddleware[1]
      Executed endpoint 'gRPC - /UnityILPP.PostProcessing/PostProcessAssembly'
[40m[32minfo[39m[22m[49m: Microsoft.AspNetCore.Hosting.Diagnostics[2]
      Request finished HTTP/2 POST http://ilpp/UnityILPP.PostProcessing/PostProcessAssembly application/grpc - - 200 - application/grpc 0.8922ms
[40m[32minfo[39m[22m[49m: Microsoft.AspNetCore.Routing.EndpointMiddleware[1]
      Executed endpoint 'gRPC - /UnityILPP.PostProcessing/PostProcessAssembly'
[40m[32minfo[39m[22m[49m: Microsoft.AspNetCore.Hosting.Diagnostics[2]
      Request finished HTTP/2 POST http://ilpp/UnityILPP.PostProcessing/PostProcessAssembly application/grpc - - 200 - application/grpc 2.7468ms
[40m[32minfo[39m[22m[49m: Microsoft.AspNetCore.Hosting.Diagnostics[1]
      Request starting HTTP/2 POST http://ilpp/UnityILPP.PostProcessing/PostProcessAssembly application/grpc -
[40m[32minfo[39m[22m[49m: Microsoft.AspNetCore.Routing.EndpointMiddleware[0]
      Executing endpoint 'gRPC - /UnityILPP.PostProcessing/PostProcessAssembly'
[40m[32minfo[39m[22m[49m: Unity.ILPP.Runner.PostProcessingPipeline[0]
      Processing assembly Library/Bee/artifacts/2400b0aE.dag/Hollowmere.Boot.dll, with 124 defines and 256 references
[40m[32minfo[39m[22m[49m: Unity.ILPP.Runner.PostProcessingPipeline[0]
      processors: Unity.Entities.CodeGen.EntitiesILPostProcessors, Unity.Jobs.CodeGen.JobsILPostProcessor, zzzUnity.Burst.CodeGen.BurstILPostProcessor
[40m[32minfo[39m[22m[49m: Unity.ILPP.Runner.PostProcessingPipeline[0]
      running Unity.Entities.CodeGen.EntitiesILPostProcessors
  - EILPP : Hollowmere.Boot : : 12ms (~7ms)
    - EILPP : Hollowmere.Boot : ComponentDataPP: 1ms
    - EILPP : Hollowmere.Boot : StaticTypeRegistryPostProcessor: 1ms
    - EILPP : Hollowmere.Boot : WriteAssembly: 3ms
[40m[32minfo[39m[22m[49m: Unity.ILPP.Runner.PostProcessingPipeline[0]
      running Unity.Jobs.CodeGen.JobsILPostProcessor
[40m[32minfo[39m[22m[49m: Unity.ILPP.Runner.PostProcessingPipeline[0]
      running zzzUnity.Burst.CodeGen.BurstILPostProcessor
[40m[32minfo[39m[22m[49m: Microsoft.AspNetCore.Routing.EndpointMiddleware[1]
      Executed endpoint 'gRPC - /UnityILPP.PostProcessing/PostProcessAssembly'
[40m[32minfo[39m[22m[49m: Microsoft.AspNetCore.Hosting.Diagnostics[2]
      Request finished HTTP/2 POST http://ilpp/UnityILPP.PostProcessing/PostProcessAssembly application/grpc - - 200 - application/grpc 22.8074ms
[40m[32minfo[39m[22m[49m: Microsoft.AspNetCore.Hosting.Diagnostics[1]
      Request starting HTTP/2 POST http://ilpp/UnityILPP.PostProcessing/PostProcessAssembly application/grpc -
[40m[32minfo[39m[22m[49m: Microsoft.AspNetCore.Routing.EndpointMiddleware[0]
      Executing endpoint 'gRPC - /UnityILPP.PostProcessing/PostProcessAssembly'
[40m[32minfo[39m[22m[49m: Unity.ILPP.Runner.PostProcessingPipeline[0]
      Processing assembly Library/Bee/artifacts/2400b0aE.dag/Hollowmere.P2_1.EditMode.Tests.dll, with 122 defines and 261 references
[40m[32minfo[39m[22m[49m: Unity.ILPP.Runner.PostProcessingPipeline[0]
      processors: Unity.Entities.CodeGen.EntitiesILPostProcessors, Unity.Jobs.CodeGen.JobsILPostProcessor, zzzUnity.Burst.CodeGen.BurstILPostProcessor
[40m[32minfo[39m[22m[49m: Unity.ILPP.Runner.PostProcessingPipeline[0]
      running Unity.Entities.CodeGen.EntitiesILPostProcessors
[40m[32minfo[39m[22m[49m: Unity.ILPP.Runner.PostProcessingPipeline[0]
      running Unity.Jobs.CodeGen.JobsILPostProcessor
[40m[32minfo[39m[22m[49m: Unity.ILPP.Runner.PostProcessingPipeline[0]
      running zzzUnity.Burst.CodeGen.BurstILPostProcessor
[40m[32minfo[39m[22m[49m: Microsoft.AspNetCore.Routing.EndpointMiddleware[1]
      Executed endpoint 'gRPC - /UnityILPP.PostProcessing/PostProcessAssembly'
[40m[32minfo[39m[22m[49m: Microsoft.AspNetCore.Hosting.Diagnostics[2]
      Request finished HTTP/2 POST http://ilpp/UnityILPP.PostProcessing/PostProcessAssembly application/grpc - - 200 - application/grpc 0.8645ms
[40m[32minfo[39m[22m[49m: Microsoft.AspNetCore.Hosting.Diagnostics[1]
      Request starting HTTP/2 POST http://ilpp/UnityILPP.PostProcessing/PostProcessAssembly application/grpc -
[40m[32minfo[39m[22m[49m: Microsoft.AspNetCore.Routing.EndpointMiddleware[0]
      Executing endpoint 'gRPC - /UnityILPP.PostProcessing/PostProcessAssembly'
[40m[32minfo[39m[22m[49m: Unity.ILPP.Runner.PostProcessingPipeline[0]
      Processing assembly Library/Bee/artifacts/2400b0aE.dag/Hollowmere.P1_4.PlayMode.Tests.dll, with 124 defines and 245 references
[40m[32minfo[39m[22m[49m: Unity.ILPP.Runner.PostProcessingPipeline[0]
      processors: Unity.Entities.CodeGen.EntitiesILPostProcessors, Unity.Jobs.CodeGen.JobsILPostProcessor, zzzUnity.Burst.CodeGen.BurstILPostProcessor
[40m[32minfo[39m[22m[49m: Unity.ILPP.Runner.PostProcessingPipeline[0]
      running Unity.Entities.CodeGen.EntitiesILPostProcessors
  - EILPP : Hollowmere.P1_4.PlayMode.Tests : : 7ms (~7ms)
[40m[32minfo[39m[22m[49m: Unity.ILPP.Runner.PostProcessingPipeline[0]
      running Unity.Jobs.CodeGen.JobsILPostProcessor
[40m[32minfo[39m[22m[49m: Unity.ILPP.Runner.PostProcessingPipeline[0]
      running zzzUnity.Burst.CodeGen.BurstILPostProcessor
[40m[32minfo[39m[22m[49m: Microsoft.AspNetCore.Routing.EndpointMiddleware[1]
      Executed endpoint 'gRPC - /UnityILPP.PostProcessing/PostProcessAssembly'
[40m[32minfo[39m[22m[49m: Microsoft.AspNetCore.Hosting.Diagnostics[2]
      Request finished HTTP/2 POST http://ilpp/UnityILPP.PostProcessing/PostProcessAssembly application/grpc - - 200 - application/grpc 12.8860ms
[40m[32minfo[39m[22m[49m: Microsoft.AspNetCore.Hosting.Diagnostics[1]
      Request starting HTTP/2 POST http://ilpp/UnityILPP.PostProcessing/PostProcessAssembly application/grpc -
[40m[32minfo[39m[22m[49m: Microsoft.AspNetCore.Routing.EndpointMiddleware[0]
      Executing endpoint 'gRPC - /UnityILPP.PostProcessing/PostProcessAssembly'
[40m[32minfo[39m[22m[49m: Unity.ILPP.Runner.PostProcessingPipeline[0]
      Processing assembly Library/Bee/artifacts/2400b0aE.dag/GameCore.Studio.Etos.dll, with 122 defines and 262 references
[40m[32minfo[39m[22m[49m: Unity.ILPP.Runner.PostProcessingPipeline[0]
      processors: Unity.Entities.CodeGen.EntitiesILPostProcessors, Unity.Jobs.CodeGen.JobsILPostProcessor, zzzUnity.Burst.CodeGen.BurstILPostProcessor
[40m[32minfo[39m[22m[49m: Unity.ILPP.Runner.PostProcessingPipeline[0]
      running Unity.Entities.CodeGen.EntitiesILPostProcessors
[40m[32minfo[39m[22m[49m: Unity.ILPP.Runner.PostProcessingPipeline[0]
      running Unity.Jobs.CodeGen.JobsILPostProcessor
[40m[32minfo[39m[22m[49m: Unity.ILPP.Runner.PostProcessingPipeline[0]
      running zzzUnity.Burst.CodeGen.BurstILPostProcessor
[40m[32minfo[39m[22m[49m: Microsoft.AspNetCore.Routing.EndpointMiddleware[1]
      Executed endpoint 'gRPC - /UnityILPP.PostProcessing/PostProcessAssembly'
[40m[32minfo[39m[22m[49m: Microsoft.AspNetCore.Hosting.Diagnostics[2]
      Request finished HTTP/2 POST http://ilpp/UnityILPP.PostProcessing/PostProcessAssembly application/grpc - - 200 - application/grpc 19.5148ms
[40m[32minfo[39m[22m[49m: Microsoft.AspNetCore.Hosting.Diagnostics[1]
      Request starting HTTP/2 POST http://ilpp/UnityILPP.PostProcessing/PostProcessAssembly application/grpc -
[40m[32minfo[39m[22m[49m: Microsoft.AspNetCore.Routing.EndpointMiddleware[0]
      Executing endpoint 'gRPC - /UnityILPP.PostProcessing/PostProcessAssembly'
[40m[32minfo[39m[22m[49m: Unity.ILPP.Runner.PostProcessingPipeline[0]
      Processing assembly Library/Bee/artifacts/2400b0aE.dag/GameCore.Studio.Views.Editor.dll, with 122 defines and 260 references
[40m[32minfo[39m[22m[49m: Unity.ILPP.Runner.PostProcessingPipeline[0]
      processors: Unity.Entities.CodeGen.EntitiesILPostProcessors, Unity.Jobs.CodeGen.JobsILPostProcessor, zzzUnity.Burst.CodeGen.BurstILPostProcessor
[40m[32minfo[39m[22m[49m: Unity.ILPP.Runner.PostProcessingPipeline[0]
      running Unity.Entities.CodeGen.EntitiesILPostProcessors
[40m[32minfo[39m[22m[49m: Unity.ILPP.Runner.PostProcessingPipeline[0]
      running Unity.Jobs.CodeGen.JobsILPostProcessor
[40m[32minfo[39m[22m[49m: Unity.ILPP.Runner.PostProcessingPipeline[0]
      running zzzUnity.Burst.CodeGen.BurstILPostProcessor
[40m[32minfo[39m[22m[49m: Microsoft.AspNetCore.Routing.EndpointMiddleware[1]
      Executed endpoint 'gRPC - /UnityILPP.PostProcessing/PostProcessAssembly'
[40m[32minfo[39m[22m[49m: Microsoft.AspNetCore.Hosting.Diagnostics[2]
      Request finished HTTP/2 POST http://ilpp/UnityILPP.PostProcessing/PostProcessAssembly application/grpc - - 200 - application/grpc 1.0352ms
[40m[32minfo[39m[22m[49m: Microsoft.AspNetCore.Hosting.Diagnostics[1]
      Request starting HTTP/2 POST http://ilpp/UnityILPP.PostProcessing/PostProcessAssembly application/grpc -
[40m[32minfo[39m[22m[49m: Microsoft.AspNetCore.Routing.EndpointMiddleware[0]
      Executing endpoint 'gRPC - /UnityILPP.PostProcessing/PostProcessAssembly'
[40m[32minfo[39m[22m[49m: Unity.ILPP.Runner.PostProcessingPipeline[0]
      Processing assembly Library/Bee/artifacts/2400b0aE.dag/Hollowmere.P1_1.PlayMode.Tests.dll, with 124 defines and 236 references
[40m[32minfo[39m[22m[49m: Unity.ILPP.Runner.PostProcessingPipeline[0]
      processors: Unity.Entities.CodeGen.EntitiesILPostProcessors, Unity.Jobs.CodeGen.JobsILPostProcessor, zzzUnity.Burst.CodeGen.BurstILPostProcessor
[40m[32minfo[39m[22m[49m: Unity.ILPP.Runner.PostProcessingPipeline[0]
      running Unity.Entities.CodeGen.EntitiesILPostProcessors
[40m[32minfo[39m[22m[49m: Unity.ILPP.Runner.PostProcessingPipeline[0]
      running Unity.Jobs.CodeGen.JobsILPostProcessor
[40m[32minfo[39m[22m[49m: Unity.ILPP.Runner.PostProcessingPipeline[0]
      running zzzUnity.Burst.CodeGen.BurstILPostProcessor
[40m[32minfo[39m[22m[49m: Microsoft.AspNetCore.Routing.EndpointMiddleware[1]
      Executed endpoint 'gRPC - /UnityILPP.PostProcessing/PostProcessAssembly'
[40m[32minfo[39m[22m[49m: Microsoft.AspNetCore.Hosting.Diagnostics[2]
      Request finished HTTP/2 POST http://ilpp/UnityILPP.PostProcessing/PostProcessAssembly application/grpc - - 200 - application/grpc 1.2735ms
[40m[32minfo[39m[22m[49m: Microsoft.AspNetCore.Hosting.Diagnostics[1]
      Request starting HTTP/2 POST http://ilpp/UnityILPP.PostProcessing/PostProcessAssembly application/grpc -
[40m[32minfo[39m[22m[49m: Microsoft.AspNetCore.Routing.EndpointMiddleware[0]
      Executing endpoint 'gRPC - /UnityILPP.PostProcessing/PostProcessAssembly'
[40m[32minfo[39m[22m[49m: Unity.ILPP.Runner.PostProcessingPipeline[0]
      Processing assembly Library/Bee/artifacts/2400b0aE.dag/Hollowmere.P1_5.PlayMode.Tests.dll, with 124 defines and 251 references
[40m[32minfo[39m[22m[49m: Unity.ILPP.Runner.PostProcessingPipeline[0]
      processors: Unity.Entities.CodeGen.EntitiesILPostProcessors, Unity.Jobs.CodeGen.JobsILPostProcessor, zzzUnity.Burst.CodeGen.BurstILPostProcessor
[40m[32minfo[39m[22m[49m: Unity.ILPP.Runner.PostProcessingPipeline[0]
      running Unity.Entities.CodeGen.EntitiesILPostProcessors
[40m[32minfo[39m[22m[49m: Microsoft.AspNetCore.Hosting.Diagnostics[1]
      Request starting HTTP/2 POST http://ilpp/UnityILPP.PostProcessing/PostProcessAssembly application/grpc -
[40m[32minfo[39m[22m[49m: Microsoft.AspNetCore.Routing.EndpointMiddleware[0]
      Executing endpoint 'gRPC - /UnityILPP.PostProcessing/PostProcessAssembly'
[40m[32minfo[39m[22m[49m: Unity.ILPP.Runner.PostProcessingPipeline[0]
      Processing assembly Library/Bee/artifacts/2400b0aE.dag/Hollowmere.P1_7c.PlayMode.Tests.dll, with 124 defines and 251 references
[40m[32minfo[39m[22m[49m: Unity.ILPP.Runner.PostProcessingPipeline[0]
      processors: Unity.Entities.CodeGen.EntitiesILPostProcessors, Unity.Jobs.CodeGen.JobsILPostProcessor, zzzUnity.Burst.CodeGen.BurstILPostProcessor
[40m[32minfo[39m[22m[49m: Microsoft.AspNetCore.Hosting.Diagnostics[1]
      Request starting HTTP/2 POST http://ilpp/UnityILPP.PostProcessing/PostProcessAssembly application/grpc -
[40m[32minfo[39m[22m[49m: Microsoft.AspNetCore.Routing.EndpointMiddleware[0]
      Executing endpoint 'gRPC - /UnityILPP.PostProcessing/PostProcessAssembly'
[40m[32minfo[39m[22m[49m: Unity.ILPP.Runner.PostProcessingPipeline[0]
      Processing assembly Library/Bee/artifacts/2400b0aE.dag/GameCore.Studio.Core.Editor.Tests.dll, with 122 defines and 263 references
[40m[32minfo[39m[22m[49m: Unity.ILPP.Runner.PostProcessingPipeline[0]
      processors: Unity.Entities.CodeGen.EntitiesILPostProcessors, Unity.Jobs.CodeGen.JobsILPostProcessor, zzzUnity.Burst.CodeGen.BurstILPostProcessor
[40m[32minfo[39m[22m[49m: Unity.ILPP.Runner.PostProcessingPipeline[0]
      running Unity.Entities.CodeGen.EntitiesILPostProcessors
[40m[32minfo[39m[22m[49m: Unity.ILPP.Runner.PostProcessingPipeline[0]
      running Unity.Entities.CodeGen.EntitiesILPostProcessors
[40m[32minfo[39m[22m[49m: Unity.ILPP.Runner.PostProcessingPipeline[0]
      running Unity.Jobs.CodeGen.JobsILPostProcessor
[40m[32minfo[39m[22m[49m: Unity.ILPP.Runner.PostProcessingPipeline[0]
      running zzzUnity.Burst.CodeGen.BurstILPostProcessor
[40m[32minfo[39m[22m[49m: Microsoft.AspNetCore.Routing.EndpointMiddleware[1]
      Executed endpoint 'gRPC - /UnityILPP.PostProcessing/PostProcessAssembly'
[40m[32minfo[39m[22m[49m: Microsoft.AspNetCore.Hosting.Diagnostics[2]
      Request finished HTTP/2 POST http://ilpp/UnityILPP.PostProcessing/PostProcessAssembly application/grpc - - 200 - application/grpc 53.1101ms
  - EILPP : Hollowmere.P1_5.PlayMode.Tests : : 61ms (~43ms)
    - EILPP : Hollowmere.P1_5.PlayMode.Tests : GetAllComponentTypes: 18ms
[40m[32minfo[39m[22m[49m: Unity.ILPP.Runner.PostProcessingPipeline[0]
      running Unity.Jobs.CodeGen.JobsILPostProcessor
[40m[32minfo[39m[22m[49m: Microsoft.AspNetCore.Hosting.Diagnostics[1]
      Request starting HTTP/2 POST http://ilpp/UnityILPP.PostProcessing/PostProcessAssembly application/grpc -
[40m[32minfo[39m[22m[49m: Microsoft.AspNetCore.Routing.EndpointMiddleware[0]
      Executing endpoint 'gRPC - /UnityILPP.PostProcessing/PostProcessAssembly'
[40m[32minfo[39m[22m[49m: Microsoft.AspNetCore.Hosting.Diagnostics[1]
      Request starting HTTP/2 POST http://ilpp/UnityILPP.PostProcessing/PostProcessAssembly application/grpc -
[40m[32minfo[39m[22m[49m: Microsoft.AspNetCore.Routing.EndpointMiddleware[0]
      Executing endpoint 'gRPC - /UnityILPP.PostProcessing/PostProcessAssembly'
[40m[32minfo[39m[22m[49m: Unity.ILPP.Runner.PostProcessingPipeline[0]
      Processing assembly Library/Bee/artifacts/2400b0aE.dag/Hollowmere.P1_3.PlayMode.Tests.dll, with 124 defines and 239 references
[40m[32minfo[39m[22m[49m: Microsoft.AspNetCore.Hosting.Diagnostics[1]
      Request starting HTTP/2 POST http://ilpp/UnityILPP.PostProcessing/PostProcessAssembly application/grpc -
[40m[32minfo[39m[22m[49m: Unity.ILPP.Runner.PostProcessingPipeline[0]
      processors: Unity.Entities.CodeGen.EntitiesILPostProcessors, Unity.Jobs.CodeGen.JobsILPostProcessor, zzzUnity.Burst.CodeGen.BurstILPostProcessor
[40m[32minfo[39m[22m[49m: Microsoft.AspNetCore.Routing.EndpointMiddleware[0]
      Executing endpoint 'gRPC - /UnityILPP.PostProcessing/PostProcessAssembly'
[40m[32minfo[39m[22m[49m: Unity.ILPP.Runner.PostProcessingPipeline[0]
      Processing assembly Library/Bee/artifacts/2400b0aE.dag/Hollowmere.P1_7b.EditMode.Tests.dll, with 122 defines and 281 references
[40m[32minfo[39m[22m[49m: Unity.ILPP.Runner.PostProcessingPipeline[0]
      processors: Unity.Entities.CodeGen.EntitiesILPostProcessors, Unity.Jobs.CodeGen.JobsILPostProcessor, zzzUnity.Burst.CodeGen.BurstILPostProcessor
[40m[32minfo[39m[22m[49m: Unity.ILPP.Runner.PostProcessingPipeline[0]
      Processing assembly Library/Bee/artifacts/2400b0aE.dag/Hollowmere.P1_7c.EditMode.Tests.dll, with 122 defines and 280 references
[40m[32minfo[39m[22m[49m: Microsoft.AspNetCore.Hosting.Diagnostics[1]
      Request starting HTTP/2 POST http://ilpp/UnityILPP.PostProcessing/PostProcessAssembly application/grpc -
[40m[32minfo[39m[22m[49m: Microsoft.AspNetCore.Routing.EndpointMiddleware[0]
      Executing endpoint 'gRPC - /UnityILPP.PostProcessing/PostProcessAssembly'
[40m[32minfo[39m[22m[49m: Unity.ILPP.Runner.PostProcessingPipeline[0]
      Processing assembly Library/Bee/artifacts/2400b0aE.dag/Hollowmere.Narrative.Editor.dll, with 122 defines and 282 references
[40m[32minfo[39m[22m[49m: Unity.ILPP.Runner.PostProcessingPipeline[0]
      processors: Unity.Entities.CodeGen.EntitiesILPostProcessors, Unity.Jobs.CodeGen.JobsILPostProcessor, zzzUnity.Burst.CodeGen.BurstILPostProcessor
[40m[32minfo[39m[22m[49m: Unity.ILPP.Runner.PostProcessingPipeline[0]
      running Unity.Entities.CodeGen.EntitiesILPostProcessors
[40m[32minfo[39m[22m[49m: Unity.ILPP.Runner.PostProcessingPipeline[0]
      running Unity.Entities.CodeGen.EntitiesILPostProcessors
[40m[32minfo[39m[22m[49m: Unity.ILPP.Runner.PostProcessingPipeline[0]
      running Unity.Jobs.CodeGen.JobsILPostProcessor
[40m[32minfo[39m[22m[49m: Unity.ILPP.Runner.PostProcessingPipeline[0]
      running zzzUnity.Burst.CodeGen.BurstILPostProcessor
[40m[32minfo[39m[22m[49m: Microsoft.AspNetCore.Routing.EndpointMiddleware[1]
      Executed endpoint 'gRPC - /UnityILPP.PostProcessing/PostProcessAssembly'
[40m[32minfo[39m[22m[49m: Microsoft.AspNetCore.Hosting.Diagnostics[2]
      Request finished HTTP/2 POST http://ilpp/UnityILPP.PostProcessing/PostProcessAssembly application/grpc - - 200 - application/grpc 6.0192ms
[40m[32minfo[39m[22m[49m: Unity.ILPP.Runner.PostProcessingPipeline[0]
      running Unity.Entities.CodeGen.EntitiesILPostProcessors
[40m[32minfo[39m[22m[49m: Unity.ILPP.Runner.PostProcessingPipeline[0]
      running Unity.Jobs.CodeGen.JobsILPostProcessor
[40m[32minfo[39m[22m[49m: Unity.ILPP.Runner.PostProcessingPipeline[0]
      running zzzUnity.Burst.CodeGen.BurstILPostProcessor
[40m[32minfo[39m[22m[49m: Microsoft.AspNetCore.Routing.EndpointMiddleware[1]
      Executed endpoint 'gRPC - /UnityILPP.PostProcessing/PostProcessAssembly'
[40m[32minfo[39m[22m[49m: Microsoft.AspNetCore.Hosting.Diagnostics[2]
      Request finished HTTP/2 POST http://ilpp/UnityILPP.PostProcessing/PostProcessAssembly application/grpc - - 200 - application/grpc 7.8933ms
[40m[32minfo[39m[22m[49m: Unity.ILPP.Runner.PostProcessingPipeline[0]
      processors: Unity.Entities.CodeGen.EntitiesILPostProcessors, Unity.Jobs.CodeGen.JobsILPostProcessor, zzzUnity.Burst.CodeGen.BurstILPostProcessor
[40m[32minfo[39m[22m[49m: Unity.ILPP.Runner.PostProcessingPipeline[0]
      running Unity.Entities.CodeGen.EntitiesILPostProcessors
[40m[32minfo[39m[22m[49m: Unity.ILPP.Runner.PostProcessingPipeline[0]
      running zzzUnity.Burst.CodeGen.BurstILPostProcessor
[40m[32minfo[39m[22m[49m: Microsoft.AspNetCore.Routing.EndpointMiddleware[1]
      Executed endpoint 'gRPC - /UnityILPP.PostProcessing/PostProcessAssembly'
[40m[32minfo[39m[22m[49m: Microsoft.AspNetCore.Hosting.Diagnostics[2]
      Request finished HTTP/2 POST http://ilpp/UnityILPP.PostProcessing/PostProcessAssembly application/grpc - - 200 - application/grpc 89.6817ms
  - EILPP : Hollowmere.P1_7c.PlayMode.Tests : : 85ms (~83ms)
    - EILPP : Hollowmere.P1_7c.PlayMode.Tests : ComponentDataPP: 2ms
[40m[32minfo[39m[22m[49m: Unity.ILPP.Runner.PostProcessingPipeline[0]
      running Unity.Jobs.CodeGen.JobsILPostProcessor
  - EILPP : Hollowmere.Narrative.Editor : : 26ms (~26ms)
[40m[32minfo[39m[22m[49m: Unity.ILPP.Runner.PostProcessingPipeline[0]
      running Unity.Jobs.CodeGen.JobsILPostProcessor
  - EILPP : Hollowmere.P1_7c.EditMode.Tests : : 22ms (~22ms)
[40m[32minfo[39m[22m[49m: Unity.ILPP.Runner.PostProcessingPipeline[0]
      running Unity.Jobs.CodeGen.JobsILPostProcessor
[40m[32minfo[39m[22m[49m: Unity.ILPP.Runner.PostProcessingPipeline[0]
      running zzzUnity.Burst.CodeGen.BurstILPostProcessor
[40m[32minfo[39m[22m[49m: Microsoft.AspNetCore.Routing.EndpointMiddleware[1]
      Executed endpoint 'gRPC - /UnityILPP.PostProcessing/PostProcessAssembly'
[40m[32minfo[39m[22m[49m: Microsoft.AspNetCore.Hosting.Diagnostics[2]
      Request finished HTTP/2 POST http://ilpp/UnityILPP.PostProcessing/PostProcessAssembly application/grpc - - 200 - application/grpc 90.0314ms
[40m[32minfo[39m[22m[49m: Unity.ILPP.Runner.PostProcessingPipeline[0]
      running zzzUnity.Burst.CodeGen.BurstILPostProcessor
[40m[32minfo[39m[22m[49m: Microsoft.AspNetCore.Routing.EndpointMiddleware[1]
      Executed endpoint 'gRPC - /UnityILPP.PostProcessing/PostProcessAssembly'
[40m[32minfo[39m[22m[49m: Microsoft.AspNetCore.Hosting.Diagnostics[2]
      Request finished HTTP/2 POST http://ilpp/UnityILPP.PostProcessing/PostProcessAssembly application/grpc - - 200 - application/grpc 30.7981ms
[40m[32minfo[39m[22m[49m: Unity.ILPP.Runner.PostProcessingPipeline[0]
      running zzzUnity.Burst.CodeGen.BurstILPostProcessor
[40m[32minfo[39m[22m[49m: Microsoft.AspNetCore.Routing.EndpointMiddleware[1]
      Executed endpoint 'gRPC - /UnityILPP.PostProcessing/PostProcessAssembly'
[40m[32minfo[39m[22m[49m: Microsoft.AspNetCore.Hosting.Diagnostics[2]
      Request finished HTTP/2 POST http://ilpp/UnityILPP.PostProcessing/PostProcessAssembly application/grpc - - 200 - application/grpc 37.6932ms
[40m[32minfo[39m[22m[49m: Microsoft.AspNetCore.Hosting.Diagnostics[1]
      Request starting HTTP/2 POST http://ilpp/UnityILPP.PostProcessing/PostProcessAssembly application/grpc -
[40m[32minfo[39m[22m[49m: Microsoft.AspNetCore.Routing.EndpointMiddleware[0]
      Executing endpoint 'gRPC - /UnityILPP.PostProcessing/PostProcessAssembly'
[40m[32minfo[39m[22m[49m: Unity.ILPP.Runner.PostProcessingPipeline[0]
      Processing assembly Library/Bee/artifacts/2400b0aE.dag/Hollowmere.P2_1.Evidence.dll, with 122 defines and 273 references
[40m[32minfo[39m[22m[49m: Unity.ILPP.Runner.PostProcessingPipeline[0]
      processors: Unity.Entities.CodeGen.EntitiesILPostProcessors, Unity.Jobs.CodeGen.JobsILPostProcessor, zzzUnity.Burst.CodeGen.BurstILPostProcessor
[40m[32minfo[39m[22m[49m: Unity.ILPP.Runner.PostProcessingPipeline[0]
      running Unity.Entities.CodeGen.EntitiesILPostProcessors
[40m[32minfo[39m[22m[49m: Unity.ILPP.Runner.PostProcessingPipeline[0]
      running Unity.Jobs.CodeGen.JobsILPostProcessor
[40m[32minfo[39m[22m[49m: Unity.ILPP.Runner.PostProcessingPipeline[0]
      running zzzUnity.Burst.CodeGen.BurstILPostProcessor
[40m[32minfo[39m[22m[49m: Microsoft.AspNetCore.Routing.EndpointMiddleware[1]
      Executed endpoint 'gRPC - /UnityILPP.PostProcessing/PostProcessAssembly'
[40m[32minfo[39m[22m[49m: Microsoft.AspNetCore.Hosting.Diagnostics[2]
      Request finished HTTP/2 POST http://ilpp/UnityILPP.PostProcessing/PostProcessAssembly application/grpc - - 200 - application/grpc 1.0142ms
[40m[32minfo[39m[22m[49m: Microsoft.AspNetCore.Hosting.Diagnostics[1]
      Request starting HTTP/2 POST http://ilpp/UnityILPP.PostProcessing/PostProcessAssembly application/grpc -
[40m[32minfo[39m[22m[49m: Microsoft.AspNetCore.Routing.EndpointMiddleware[0]
      Executing endpoint 'gRPC - /UnityILPP.PostProcessing/PostProcessAssembly'
[40m[32minfo[39m[22m[49m: Unity.ILPP.Runner.PostProcessingPipeline[0]
      Processing assembly Library/Bee/artifacts/2400b0aE.dag/Hollowmere.Game.dll, with 124 defines and 263 references
[40m[32minfo[39m[22m[49m: Unity.ILPP.Runner.PostProcessingPipeline[0]
      processors: Unity.Entities.CodeGen.EntitiesILPostProcessors, Unity.Jobs.CodeGen.JobsILPostProcessor, zzzUnity.Burst.CodeGen.BurstILPostProcessor
[40m[32minfo[39m[22m[49m: Unity.ILPP.Runner.PostProcessingPipeline[0]
      running Unity.Entities.CodeGen.EntitiesILPostProcessors
[40m[32minfo[39m[22m[49m: Microsoft.AspNetCore.Hosting.Diagnostics[1]
      Request starting HTTP/2 POST http://ilpp/UnityILPP.PostProcessing/PostProcessAssembly application/grpc -
[40m[32minfo[39m[22m[49m: Microsoft.AspNetCore.Routing.EndpointMiddleware[0]
      Executing endpoint 'gRPC - /UnityILPP.PostProcessing/PostProcessAssembly'
[40m[32minfo[39m[22m[49m: Unity.ILPP.Runner.PostProcessingPipeline[0]
      Processing assembly Library/Bee/artifacts/2400b0aE.dag/Hollowmere.P1_7a.PlayMode.Tests.dll, with 124 defines and 251 references
[40m[32minfo[39m[22m[49m: Unity.ILPP.Runner.PostProcessingPipeline[0]
      processors: Unity.Entities.CodeGen.EntitiesILPostProcessors, Unity.Jobs.CodeGen.JobsILPostProcessor, zzzUnity.Burst.CodeGen.BurstILPostProcessor
[40m[32minfo[39m[22m[49m: Unity.ILPP.Runner.PostProcessingPipeline[0]
      running Unity.Entities.CodeGen.EntitiesILPostProcessors
  - EILPP : Hollowmere.Game : : 39ms (~18ms)
    - EILPP : Hollowmere.Game : GetAllComponentTypes: 3ms
    - EILPP : Hollowmere.Game : ComponentDataPP: 1ms
    - EILPP : Hollowmere.Game : StaticTypeRegistryPostProcessor: 3ms
    - EILPP : Hollowmere.Game : WriteAssembly: 14ms
  - EILPP : Hollowmere.P1_7a.PlayMode.Tests : : 12ms (~10ms)
    - EILPP : Hollowmere.P1_7a.PlayMode.Tests : ComponentDataPP: 2ms
[40m[32minfo[39m[22m[49m: Unity.ILPP.Runner.PostProcessingPipeline[0]
      running Unity.Jobs.CodeGen.JobsILPostProcessor
[40m[32minfo[39m[22m[49m: Unity.ILPP.Runner.PostProcessingPipeline[0]
      running Unity.Jobs.CodeGen.JobsILPostProcessor
[40m[32minfo[39m[22m[49m: Unity.ILPP.Runner.PostProcessingPipeline[0]
      running zzzUnity.Burst.CodeGen.BurstILPostProcessor
[40m[32minfo[39m[22m[49m: Microsoft.AspNetCore.Routing.EndpointMiddleware[1]
      Executed endpoint 'gRPC - /UnityILPP.PostProcessing/PostProcessAssembly'
[40m[32minfo[39m[22m[49m: Microsoft.AspNetCore.Hosting.Diagnostics[2]
      Request finished HTTP/2 POST http://ilpp/UnityILPP.PostProcessing/PostProcessAssembly application/grpc - - 200 - application/grpc 19.3588ms
[40m[32minfo[39m[22m[49m: Unity.ILPP.Runner.PostProcessingPipeline[0]
      running zzzUnity.Burst.CodeGen.BurstILPostProcessor
[40m[32minfo[39m[22m[49m: Microsoft.AspNetCore.Routing.EndpointMiddleware[1]
      Executed endpoint 'gRPC - /UnityILPP.PostProcessing/PostProcessAssembly'
[40m[32minfo[39m[22m[49m: Microsoft.AspNetCore.Hosting.Diagnostics[2]
      Request finished HTTP/2 POST http://ilpp/UnityILPP.PostProcessing/PostProcessAssembly application/grpc - - 200 - application/grpc 68.7399ms
[40m[32minfo[39m[22m[49m: Microsoft.AspNetCore.Hosting.Diagnostics[1]
      Request starting HTTP/2 POST http://ilpp/UnityILPP.PostProcessing/PostProcessAssembly application/grpc -
[40m[32minfo[39m[22m[49m: Microsoft.AspNetCore.Routing.EndpointMiddleware[0]
      Executing endpoint 'gRPC - /UnityILPP.PostProcessing/PostProcessAssembly'
[40m[32minfo[39m[22m[49m: Unity.ILPP.Runner.PostProcessingPipeline[0]
      Processing assembly Library/Bee/artifacts/2400b0aE.dag/Hollowmere.World.Editor.dll, with 122 defines and 272 references
[40m[32minfo[39m[22m[49m: Unity.ILPP.Runner.PostProcessingPipeline[0]
      processors: Unity.Entities.CodeGen.EntitiesILPostProcessors, Unity.Jobs.CodeGen.JobsILPostProcessor, zzzUnity.Burst.CodeGen.BurstILPostProcessor
[40m[32minfo[39m[22m[49m: Unity.ILPP.Runner.PostProcessingPipeline[0]
      running Unity.Entities.CodeGen.EntitiesILPostProcessors
[40m[32minfo[39m[22m[49m: Unity.ILPP.Runner.PostProcessingPipeline[0]
      running Unity.Jobs.CodeGen.JobsILPostProcessor
[40m[32minfo[39m[22m[49m: Unity.ILPP.Runner.PostProcessingPipeline[0]
      running zzzUnity.Burst.CodeGen.BurstILPostProcessor
[40m[32minfo[39m[22m[49m: Microsoft.AspNetCore.Routing.EndpointMiddleware[1]
      Executed endpoint 'gRPC - /UnityILPP.PostProcessing/PostProcessAssembly'
[40m[32minfo[39m[22m[49m: Microsoft.AspNetCore.Hosting.Diagnostics[2]
      Request finished HTTP/2 POST http://ilpp/UnityILPP.PostProcessing/PostProcessAssembly application/grpc - - 200 - application/grpc 1.0366ms
[40m[32minfo[39m[22m[49m: Microsoft.AspNetCore.Hosting.Diagnostics[1]
      Request starting HTTP/2 POST http://ilpp/UnityILPP.PostProcessing/PostProcessAssembly application/grpc -
[40m[32minfo[39m[22m[49m: Microsoft.AspNetCore.Routing.EndpointMiddleware[0]
      Executing endpoint 'gRPC - /UnityILPP.PostProcessing/PostProcessAssembly'
[40m[32minfo[39m[22m[49m: Unity.ILPP.Runner.PostProcessingPipeline[0]
      Processing assembly Library/Bee/artifacts/2400b0aE.dag/Hollowmere.R6_E.EditMode.Tests.dll, with 122 defines and 263 references
[40m[32minfo[39m[22m[49m: Unity.ILPP.Runner.PostProcessingPipeline[0]
      processors: Unity.Entities.CodeGen.EntitiesILPostProcessors, Unity.Jobs.CodeGen.JobsILPostProcessor, zzzUnity.Burst.CodeGen.BurstILPostProcessor
[40m[32minfo[39m[22m[49m: Unity.ILPP.Runner.PostProcessingPipeline[0]
      running Unity.Entities.CodeGen.EntitiesILPostProcessors
[40m[32minfo[39m[22m[49m: Unity.ILPP.Runner.PostProcessingPipeline[0]
      running Unity.Jobs.CodeGen.JobsILPostProcessor
[40m[32minfo[39m[22m[49m: Unity.ILPP.Runner.PostProcessingPipeline[0]
      running zzzUnity.Burst.CodeGen.BurstILPostProcessor
[40m[32minfo[39m[22m[49m: Microsoft.AspNetCore.Routing.EndpointMiddleware[1]
      Executed endpoint 'gRPC - /UnityILPP.PostProcessing/PostProcessAssembly'
[40m[32minfo[39m[22m[49m: Microsoft.AspNetCore.Hosting.Diagnostics[2]
      Request finished HTTP/2 POST http://ilpp/UnityILPP.PostProcessing/PostProcessAssembly application/grpc - - 200 - application/grpc 2.7622ms
[40m[32minfo[39m[22m[49m: Microsoft.AspNetCore.Hosting.Diagnostics[1]
      Request starting HTTP/2 POST http://ilpp/UnityILPP.PostProcessing/PostProcessAssembly application/grpc -
[40m[32minfo[39m[22m[49m: Microsoft.AspNetCore.Routing.EndpointMiddleware[0]
      Executing endpoint 'gRPC - /UnityILPP.PostProcessing/PostProcessAssembly'
[40m[32minfo[39m[22m[49m: Unity.ILPP.Runner.PostProcessingPipeline[0]
      Processing assembly Library/Bee/artifacts/2400b0aE.dag/GameCore.Studio.Views.Hollowmere.Tests.dll, with 122 defines and 261 references
[40m[32minfo[39m[22m[49m: Unity.ILPP.Runner.PostProcessingPipeline[0]
      processors: Unity.Entities.CodeGen.EntitiesILPostProcessors, Unity.Jobs.CodeGen.JobsILPostProcessor, zzzUnity.Burst.CodeGen.BurstILPostProcessor
[40m[32minfo[39m[22m[49m: Unity.ILPP.Runner.PostProcessingPipeline[0]
      running Unity.Entities.CodeGen.EntitiesILPostProcessors
[40m[32minfo[39m[22m[49m: Unity.ILPP.Runner.PostProcessingPipeline[0]
      running Unity.Jobs.CodeGen.JobsILPostProcessor
[40m[32minfo[39m[22m[49m: Unity.ILPP.Runner.PostProcessingPipeline[0]
      running zzzUnity.Burst.CodeGen.BurstILPostProcessor
[40m[32minfo[39m[22m[49m: Microsoft.AspNetCore.Routing.EndpointMiddleware[1]
      Executed endpoint 'gRPC - /UnityILPP.PostProcessing/PostProcessAssembly'
[40m[32minfo[39m[22m[49m: Microsoft.AspNetCore.Hosting.Diagnostics[2]
      Request finished HTTP/2 POST http://ilpp/UnityILPP.PostProcessing/PostProcessAssembly application/grpc - - 200 - application/grpc 1.0161ms
[40m[32minfo[39m[22m[49m: Microsoft.AspNetCore.Hosting.Diagnostics[1]
      Request starting HTTP/2 POST http://ilpp/UnityILPP.PostProcessing/PostProcessAssembly application/grpc -
[40m[32minfo[39m[22m[49m: Microsoft.AspNetCore.Routing.EndpointMiddleware[0]
      Executing endpoint 'gRPC - /UnityILPP.PostProcessing/PostProcessAssembly'
[40m[32minfo[39m[22m[49m: Unity.ILPP.Runner.PostProcessingPipeline[0]
      Processing assembly Library/Bee/artifacts/2400b0aE.dag/GameCore.Studio.UI.Editor.Tests.dll, with 122 defines and 264 references
[40m[32minfo[39m[22m[49m: Unity.ILPP.Runner.PostProcessingPipeline[0]
      processors: Unity.Entities.CodeGen.EntitiesILPostProcessors, Unity.Jobs.CodeGen.JobsILPostProcessor, zzzUnity.Burst.CodeGen.BurstILPostProcessor
[40m[32minfo[39m[22m[49m: Unity.ILPP.Runner.PostProcessingPipeline[0]
      running Unity.Entities.CodeGen.EntitiesILPostProcessors
[40m[32minfo[39m[22m[49m: Unity.ILPP.Runner.PostProcessingPipeline[0]
      running Unity.Jobs.CodeGen.JobsILPostProcessor
[40m[32minfo[39m[22m[49m: Unity.ILPP.Runner.PostProcessingPipeline[0]
      running zzzUnity.Burst.CodeGen.BurstILPostProcessor
[40m[32minfo[39m[22m[49m: Microsoft.AspNetCore.Routing.EndpointMiddleware[1]
      Executed endpoint 'gRPC - /UnityILPP.PostProcessing/PostProcessAssembly'
[40m[32minfo[39m[22m[49m: Microsoft.AspNetCore.Hosting.Diagnostics[2]
      Request finished HTTP/2 POST http://ilpp/UnityILPP.PostProcessing/PostProcessAssembly application/grpc - - 200 - application/grpc 1.6922ms
[40m[32minfo[39m[22m[49m: Microsoft.AspNetCore.Hosting.Diagnostics[1]
      Request starting HTTP/2 POST http://ilpp/UnityILPP.PostProcessing/PostProcessAssembly application/grpc -
[40m[32minfo[39m[22m[49m: Microsoft.AspNetCore.Routing.EndpointMiddleware[0]
      Executing endpoint 'gRPC - /UnityILPP.PostProcessing/PostProcessAssembly'
[40m[32minfo[39m[22m[49m: Unity.ILPP.Runner.PostProcessingPipeline[0]
      Processing assembly Library/Bee/artifacts/2400b0aE.dag/Hollowmere.P1_4.EditMode.Tests.dll, with 122 defines and 280 references
[40m[32minfo[39m[22m[49m: Unity.ILPP.Runner.PostProcessingPipeline[0]
      processors: Unity.Entities.CodeGen.EntitiesILPostProcessors, Unity.Jobs.CodeGen.JobsILPostProcessor, zzzUnity.Burst.CodeGen.BurstILPostProcessor
[40m[32minfo[39m[22m[49m: Unity.ILPP.Runner.PostProcessingPipeline[0]
      running Unity.Entities.CodeGen.EntitiesILPostProcessors
[40m[32minfo[39m[22m[49m: Microsoft.AspNetCore.Hosting.Diagnostics[1]
      Request starting HTTP/2 POST http://ilpp/UnityILPP.PostProcessing/PostProcessAssembly application/grpc -
[40m[32minfo[39m[22m[49m: Microsoft.AspNetCore.Routing.EndpointMiddleware[0]
      Executing endpoint 'gRPC - /UnityILPP.PostProcessing/PostProcessAssembly'
[40m[32minfo[39m[22m[49m: Unity.ILPP.Runner.PostProcessingPipeline[0]
      Processing assembly Library/Bee/artifacts/2400b0aE.dag/Hollowmere.R3_D.EditMode.Tests.dll, with 122 defines and 287 references
[40m[32minfo[39m[22m[49m: Unity.ILPP.Runner.PostProcessingPipeline[0]
      processors: Unity.Entities.CodeGen.EntitiesILPostProcessors, Unity.Jobs.CodeGen.JobsILPostProcessor, zzzUnity.Burst.CodeGen.BurstILPostProcessor
[40m[32minfo[39m[22m[49m: Unity.ILPP.Runner.PostProcessingPipeline[0]
      running Unity.Entities.CodeGen.EntitiesILPostProcessors
  - EILPP : Hollowmere.P1_4.EditMode.Tests : : 10ms (~10ms)
[40m[32minfo[39m[22m[49m: Unity.ILPP.Runner.PostProcessingPipeline[0]
      running Unity.Jobs.CodeGen.JobsILPostProcessor
[40m[32minfo[39m[22m[49m: Microsoft.AspNetCore.Hosting.Diagnostics[1]
      Request starting HTTP/2 POST http://ilpp/UnityILPP.PostProcessing/PostProcessAssembly application/grpc -
[40m[32minfo[39m[22m[49m: Microsoft.AspNetCore.Routing.EndpointMiddleware[0]
      Executing endpoint 'gRPC - /UnityILPP.PostProcessing/PostProcessAssembly'
[40m[32minfo[39m[22m[49m: Unity.ILPP.Runner.PostProcessingPipeline[0]
      Processing assembly Library/Bee/artifacts/2400b0aE.dag/GameCore.Studio.Hollowmere.P2_2.Tests.dll, with 122 defines and 266 references
[40m[32minfo[39m[22m[49m: Unity.ILPP.Runner.PostProcessingPipeline[0]
      processors: Unity.Entities.CodeGen.EntitiesILPostProcessors, Unity.Jobs.CodeGen.JobsILPostProcessor, zzzUnity.Burst.CodeGen.BurstILPostProcessor
[40m[32minfo[39m[22m[49m: Unity.ILPP.Runner.PostProcessingPipeline[0]
      running Unity.Entities.CodeGen.EntitiesILPostProcessors
[40m[32minfo[39m[22m[49m: Unity.ILPP.Runner.PostProcessingPipeline[0]
      running Unity.Jobs.CodeGen.JobsILPostProcessor
[40m[32minfo[39m[22m[49m: Unity.ILPP.Runner.PostProcessingPipeline[0]
      running zzzUnity.Burst.CodeGen.BurstILPostProcessor
[40m[32minfo[39m[22m[49m: Microsoft.AspNetCore.Routing.EndpointMiddleware[1]
      Executed endpoint 'gRPC - /UnityILPP.PostProcessing/PostProcessAssembly'
[40m[32minfo[39m[22m[49m: Microsoft.AspNetCore.Hosting.Diagnostics[2]
      Request finished HTTP/2 POST http://ilpp/UnityILPP.PostProcessing/PostProcessAssembly application/grpc - - 200 - application/grpc 4.0238ms
[40m[32minfo[39m[22m[49m: Unity.ILPP.Runner.PostProcessingPipeline[0]
      running zzzUnity.Burst.CodeGen.BurstILPostProcessor
[40m[32minfo[39m[22m[49m: Microsoft.AspNetCore.Routing.EndpointMiddleware[1]
      Executed endpoint 'gRPC - /UnityILPP.PostProcessing/PostProcessAssembly'
[40m[32minfo[39m[22m[49m: Microsoft.AspNetCore.Hosting.Diagnostics[2]
      Request finished HTTP/2 POST http://ilpp/UnityILPP.PostProcessing/PostProcessAssembly application/grpc - - 200 - application/grpc 21.5761ms
  - EILPP : Hollowmere.R3_D.EditMode.Tests : : 30ms (~18ms)
    - EILPP : Hollowmere.R3_D.EditMode.Tests : ComponentDataPP: 5ms
    - EILPP : Hollowmere.R3_D.EditMode.Tests : StaticTypeRegistryPostProcessor: 1ms
    - EILPP : Hollowmere.R3_D.EditMode.Tests : WriteAssembly: 6ms
[40m[32minfo[39m[22m[49m: Unity.ILPP.Runner.PostProcessingPipeline[0]
      running Unity.Jobs.CodeGen.JobsILPostProcessor
[40m[32minfo[39m[22m[49m: Unity.ILPP.Runner.PostProcessingPipeline[0]
      running zzzUnity.Burst.CodeGen.BurstILPostProcessor
[40m[32minfo[39m[22m[49m: Microsoft.AspNetCore.Routing.EndpointMiddleware[1]
      Executed endpoint 'gRPC - /UnityILPP.PostProcessing/PostProcessAssembly'
[40m[32minfo[39m[22m[49m: Microsoft.AspNetCore.Hosting.Diagnostics[2]
      Request finished HTTP/2 POST http://ilpp/UnityILPP.PostProcessing/PostProcessAssembly application/grpc - - 200 - application/grpc 51.0475ms
[40m[32minfo[39m[22m[49m: Microsoft.AspNetCore.Hosting.Diagnostics[1]
      Request starting HTTP/2 POST http://ilpp/UnityILPP.PostProcessing/PostProcessAssembly application/grpc -
[40m[32minfo[39m[22m[49m: Microsoft.AspNetCore.Routing.EndpointMiddleware[0]
      Executing endpoint 'gRPC - /UnityILPP.PostProcessing/PostProcessAssembly'
[40m[32minfo[39m[22m[49m: Unity.ILPP.Runner.PostProcessingPipeline[0]
      Processing assembly Library/Bee/artifacts/2400b0aE.dag/Hollowmere.P4_2.Tests.dll, with 122 defines and 268 references
[40m[32minfo[39m[22m[49m: Unity.ILPP.Runner.PostProcessingPipeline[0]
      processors: Unity.Entities.CodeGen.EntitiesILPostProcessors, Unity.Jobs.CodeGen.JobsILPostProcessor, zzzUnity.Burst.CodeGen.BurstILPostProcessor
[40m[32minfo[39m[22m[49m: Unity.ILPP.Runner.PostProcessingPipeline[0]
      running Unity.Entities.CodeGen.EntitiesILPostProcessors
[40m[32minfo[39m[22m[49m: Unity.ILPP.Runner.PostProcessingPipeline[0]
      running Unity.Jobs.CodeGen.JobsILPostProcessor
[40m[32minfo[39m[22m[49m: Unity.ILPP.Runner.PostProcessingPipeline[0]
      running zzzUnity.Burst.CodeGen.BurstILPostProcessor
[40m[32minfo[39m[22m[49m: Microsoft.AspNetCore.Routing.EndpointMiddleware[1]
      Executed endpoint 'gRPC - /UnityILPP.PostProcessing/PostProcessAssembly'
[40m[32minfo[39m[22m[49m: Microsoft.AspNetCore.Hosting.Diagnostics[2]
      Request finished HTTP/2 POST http://ilpp/UnityILPP.PostProcessing/PostProcessAssembly application/grpc - - 200 - application/grpc 0.9886ms
[40m[32minfo[39m[22m[49m: Microsoft.AspNetCore.Hosting.Diagnostics[1]
      Request starting HTTP/2 POST http://ilpp/UnityILPP.PostProcessing/PostProcessAssembly application/grpc -
[40m[32minfo[39m[22m[49m: Microsoft.AspNetCore.Routing.EndpointMiddleware[0]
      Executing endpoint 'gRPC - /UnityILPP.PostProcessing/PostProcessAssembly'
[40m[32minfo[39m[22m[49m: Microsoft.AspNetCore.Hosting.Diagnostics[1]
      Request starting HTTP/2 POST http://ilpp/UnityILPP.PostProcessing/PostProcessAssembly application/grpc -
[40m[32minfo[39m[22m[49m: Microsoft.AspNetCore.Routing.EndpointMiddleware[0]
      Executing endpoint 'gRPC - /UnityILPP.PostProcessing/PostProcessAssembly'
[40m[32minfo[39m[22m[49m: Unity.ILPP.Runner.PostProcessingPipeline[0]
      Processing assembly Library/Bee/artifacts/2400b0aE.dag/P42b.Acceptance.Tests.dll, with 122 defines and 272 references
[40m[32minfo[39m[22m[49m: Unity.ILPP.Runner.PostProcessingPipeline[0]
      processors: Unity.Entities.CodeGen.EntitiesILPostProcessors, Unity.Jobs.CodeGen.JobsILPostProcessor, zzzUnity.Burst.CodeGen.BurstILPostProcessor
[40m[32minfo[39m[22m[49m: Unity.ILPP.Runner.PostProcessingPipeline[0]
      Processing assembly Library/Bee/artifacts/2400b0aE.dag/Hollowmere.P1_5.EditMode.Tests.dll, with 122 defines and 275 references
[40m[32minfo[39m[22m[49m: Unity.ILPP.Runner.PostProcessingPipeline[0]
      processors: Unity.Entities.CodeGen.EntitiesILPostProcessors, Unity.Jobs.CodeGen.JobsILPostProcessor, zzzUnity.Burst.CodeGen.BurstILPostProcessor
[40m[32minfo[39m[22m[49m: Unity.ILPP.Runner.PostProcessingPipeline[0]
      running Unity.Entities.CodeGen.EntitiesILPostProcessors
[40m[32minfo[39m[22m[49m: Unity.ILPP.Runner.PostProcessingPipeline[0]
      running Unity.Entities.CodeGen.EntitiesILPostProcessors
[40m[32minfo[39m[22m[49m: Unity.ILPP.Runner.PostProcessingPipeline[0]
      running Unity.Jobs.CodeGen.JobsILPostProcessor
[40m[32minfo[39m[22m[49m: Unity.ILPP.Runner.PostProcessingPipeline[0]
      running zzzUnity.Burst.CodeGen.BurstILPostProcessor
[40m[32minfo[39m[22m[49m: Microsoft.AspNetCore.Routing.EndpointMiddleware[1]
      Executed endpoint 'gRPC - /UnityILPP.PostProcessing/PostProcessAssembly'
[40m[32minfo[39m[22m[49m: Microsoft.AspNetCore.Hosting.Diagnostics[2]
      Request finished HTTP/2 POST http://ilpp/UnityILPP.PostProcessing/PostProcessAssembly application/grpc - - 200 - application/grpc 2.2760ms
[40m[32minfo[39m[22m[49m: Microsoft.AspNetCore.Hosting.Diagnostics[1]
      Request starting HTTP/2 POST http://ilpp/UnityILPP.PostProcessing/PostProcessAssembly application/grpc -
[40m[32minfo[39m[22m[49m: Microsoft.AspNetCore.Routing.EndpointMiddleware[0]
      Executing endpoint 'gRPC - /UnityILPP.PostProcessing/PostProcessAssembly'
[40m[32minfo[39m[22m[49m: Unity.ILPP.Runner.PostProcessingPipeline[0]
      Processing assembly Library/Bee/artifacts/2400b0aE.dag/Hollowmere.P1_7a.EditMode.Tests.dll, with 122 defines and 269 references
[40m[32minfo[39m[22m[49m: Unity.ILPP.Runner.PostProcessingPipeline[0]
      processors: Unity.Entities.CodeGen.EntitiesILPostProcessors, Unity.Jobs.CodeGen.JobsILPostProcessor, zzzUnity.Burst.CodeGen.BurstILPostProcessor
[40m[32minfo[39m[22m[49m: Unity.ILPP.Runner.PostProcessingPipeline[0]
      running Unity.Entities.CodeGen.EntitiesILPostProcessors
[40m[32minfo[39m[22m[49m: Unity.ILPP.Runner.PostProcessingPipeline[0]
      running Unity.Jobs.CodeGen.JobsILPostProcessor
[40m[32minfo[39m[22m[49m: Unity.ILPP.Runner.PostProcessingPipeline[0]
      running zzzUnity.Burst.CodeGen.BurstILPostProcessor
[40m[32minfo[39m[22m[49m: Microsoft.AspNetCore.Routing.EndpointMiddleware[1]
      Executed endpoint 'gRPC - /UnityILPP.PostProcessing/PostProcessAssembly'
[40m[32minfo[39m[22m[49m: Microsoft.AspNetCore.Hosting.Diagnostics[2]
      Request finished HTTP/2 POST http://ilpp/UnityILPP.PostProcessing/PostProcessAssembly application/grpc - - 200 - application/grpc 0.8101ms
  - EILPP : Hollowmere.P1_5.EditMode.Tests : : 8ms (~8ms)
[40m[32minfo[39m[22m[49m: Unity.ILPP.Runner.PostProcessingPipeline[0]
      running Unity.Jobs.CodeGen.JobsILPostProcessor
[40m[32minfo[39m[22m[49m: Unity.ILPP.Runner.PostProcessingPipeline[0]
      running zzzUnity.Burst.CodeGen.BurstILPostProcessor
[40m[32minfo[39m[22m[49m: Microsoft.AspNetCore.Hosting.Diagnostics[1]
      Request starting HTTP/2 POST http://ilpp/UnityILPP.PostProcessing/PostProcessAssembly application/grpc -
[40m[32minfo[39m[22m[49m: Microsoft.AspNetCore.Routing.EndpointMiddleware[0]
      Executing endpoint 'gRPC - /UnityILPP.PostProcessing/PostProcessAssembly'
[40m[32minfo[39m[22m[49m: Microsoft.AspNetCore.Hosting.Diagnostics[1]
      Request starting HTTP/2 POST http://ilpp/UnityILPP.PostProcessing/PostProcessAssembly application/grpc -
[40m[32minfo[39m[22m[49m: Microsoft.AspNetCore.Routing.EndpointMiddleware[0]
      Executing endpoint 'gRPC - /UnityILPP.PostProcessing/PostProcessAssembly'
[40m[32minfo[39m[22m[49m: Unity.ILPP.Runner.PostProcessingPipeline[0]
      Processing assembly Library/Bee/artifacts/2400b0aE.dag/Hollowmere.P1_1.EditMode.Tests.dll, with 122 defines and 272 references
[40m[32minfo[39m[22m[49m: Unity.ILPP.Runner.PostProcessingPipeline[0]
      processors: Unity.Entities.CodeGen.EntitiesILPostProcessors, Unity.Jobs.CodeGen.JobsILPostProcessor, zzzUnity.Burst.CodeGen.BurstILPostProcessor
[40m[32minfo[39m[22m[49m: Unity.ILPP.Runner.PostProcessingPipeline[0]
      Processing assembly Library/Bee/artifacts/2400b0aE.dag/Hollowmere.Gameplay.Editor.dll, with 122 defines and 282 references
[40m[32minfo[39m[22m[49m: Unity.ILPP.Runner.PostProcessingPipeline[0]
      processors: Unity.Entities.CodeGen.EntitiesILPostProcessors, Unity.Jobs.CodeGen.JobsILPostProcessor, zzzUnity.Burst.CodeGen.BurstILPostProcessor
[40m[32minfo[39m[22m[49m: Unity.ILPP.Runner.PostProcessingPipeline[0]
      running Unity.Entities.CodeGen.EntitiesILPostProcessors
[40m[32minfo[39m[22m[49m: Microsoft.AspNetCore.Routing.EndpointMiddleware[1]
      Executed endpoint 'gRPC - /UnityILPP.PostProcessing/PostProcessAssembly'
[40m[32minfo[39m[22m[49m: Microsoft.AspNetCore.Hosting.Diagnostics[2]
      Request finished HTTP/2 POST http://ilpp/UnityILPP.PostProcessing/PostProcessAssembly application/grpc - - 200 - application/grpc 45.1053ms
[40m[32minfo[39m[22m[49m: Unity.ILPP.Runner.PostProcessingPipeline[0]
      running Unity.Entities.CodeGen.EntitiesILPostProcessors
[40m[32minfo[39m[22m[49m: Unity.ILPP.Runner.PostProcessingPipeline[0]
      running Unity.Jobs.CodeGen.JobsILPostProcessor
[40m[32minfo[39m[22m[49m: Unity.ILPP.Runner.PostProcessingPipeline[0]
      running zzzUnity.Burst.CodeGen.BurstILPostProcessor
[40m[32minfo[39m[22m[49m: Microsoft.AspNetCore.Routing.EndpointMiddleware[1]
      Executed endpoint 'gRPC - /UnityILPP.PostProcessing/PostProcessAssembly'
[40m[32minfo[39m[22m[49m: Microsoft.AspNetCore.Hosting.Diagnostics[2]
      Request finished HTTP/2 POST http://ilpp/UnityILPP.PostProcessing/PostProcessAssembly application/grpc - - 200 - application/grpc 0.7950ms
  - EILPP : Hollowmere.P1_1.EditMode.Tests : : 10ms (~9ms)
    - EILPP : Hollowmere.P1_1.EditMode.Tests : ComponentDataPP: 1ms
[40m[32minfo[39m[22m[49m: Unity.ILPP.Runner.PostProcessingPipeline[0]
      running Unity.Jobs.CodeGen.JobsILPostProcessor
[40m[32minfo[39m[22m[49m: Unity.ILPP.Runner.PostProcessingPipeline[0]
      running zzzUnity.Burst.CodeGen.BurstILPostProcessor
[40m[32minfo[39m[22m[49m: Microsoft.AspNetCore.Routing.EndpointMiddleware[1]
      Executed endpoint 'gRPC - /UnityILPP.PostProcessing/PostProcessAssembly'
[40m[32minfo[39m[22m[49m: Microsoft.AspNetCore.Hosting.Diagnostics[2]
      Request finished HTTP/2 POST http://ilpp/UnityILPP.PostProcessing/PostProcessAssembly application/grpc - - 200 - application/grpc 15.8371ms
[40m[32minfo[39m[22m[49m: Microsoft.AspNetCore.Hosting.Diagnostics[1]
      Request starting HTTP/2 POST http://ilpp/UnityILPP.PostProcessing/PostProcessAssembly application/grpc -
[40m[32minfo[39m[22m[49m: Microsoft.AspNetCore.Routing.EndpointMiddleware[0]
      Executing endpoint 'gRPC - /UnityILPP.PostProcessing/PostProcessAssembly'
[40m[32minfo[39m[22m[49m: Unity.ILPP.Runner.PostProcessingPipeline[0]
      Processing assembly Library/Bee/artifacts/2400b0aE.dag/Hollowmere.R5_B.EditMode.Tests.dll, with 122 defines and 268 references
[40m[32minfo[39m[22m[49m: Unity.ILPP.Runner.PostProcessingPipeline[0]
      processors: Unity.Entities.CodeGen.EntitiesILPostProcessors, Unity.Jobs.CodeGen.JobsILPostProcessor, zzzUnity.Burst.CodeGen.BurstILPostProcessor
[40m[32minfo[39m[22m[49m: Unity.ILPP.Runner.PostProcessingPipeline[0]
      running Unity.Entities.CodeGen.EntitiesILPostProcessors
[40m[32minfo[39m[22m[49m: Unity.ILPP.Runner.PostProcessingPipeline[0]
      running Unity.Jobs.CodeGen.JobsILPostProcessor
[40m[32minfo[39m[22m[49m: Unity.ILPP.Runner.PostProcessingPipeline[0]
      running zzzUnity.Burst.CodeGen.BurstILPostProcessor
[40m[32minfo[39m[22m[49m: Microsoft.AspNetCore.Routing.EndpointMiddleware[1]
      Executed endpoint 'gRPC - /UnityILPP.PostProcessing/PostProcessAssembly'
[40m[32minfo[39m[22m[49m: Microsoft.AspNetCore.Hosting.Diagnostics[2]
      Request finished HTTP/2 POST http://ilpp/UnityILPP.PostProcessing/PostProcessAssembly application/grpc - - 200 - application/grpc 1.2183ms
[40m[32minfo[39m[22m[49m: Microsoft.AspNetCore.Hosting.Diagnostics[1]
      Request starting HTTP/2 POST http://ilpp/UnityILPP.PostProcessing/PostProcessAssembly application/grpc -
[40m[32minfo[39m[22m[49m: Microsoft.AspNetCore.Routing.EndpointMiddleware[0]
      Executing endpoint 'gRPC - /UnityILPP.PostProcessing/PostProcessAssembly'
[40m[32minfo[39m[22m[49m: Unity.ILPP.Runner.PostProcessingPipeline[0]
      Processing assembly Library/Bee/artifacts/2400b0aE.dag/Hollowmere.P3_1.PlayMode.Tests.dll, with 124 defines and 249 references
[40m[32minfo[39m[22m[49m: Unity.ILPP.Runner.PostProcessingPipeline[0]
      processors: Unity.Entities.CodeGen.EntitiesILPostProcessors, Unity.Jobs.CodeGen.JobsILPostProcessor, zzzUnity.Burst.CodeGen.BurstILPostProcessor
[40m[32minfo[39m[22m[49m: Unity.ILPP.Runner.PostProcessingPipeline[0]
      running Unity.Entities.CodeGen.EntitiesILPostProcessors
[40m[32minfo[39m[22m[49m: Microsoft.AspNetCore.Hosting.Diagnostics[1]
      Request starting HTTP/2 POST http://ilpp/UnityILPP.PostProcessing/PostProcessAssembly application/grpc -
[40m[32minfo[39m[22m[49m: Microsoft.AspNetCore.Routing.EndpointMiddleware[0]
      Executing endpoint 'gRPC - /UnityILPP.PostProcessing/PostProcessAssembly'
[40m[32minfo[39m[22m[49m: Unity.ILPP.Runner.PostProcessingPipeline[0]
      Processing assembly Library/Bee/artifacts/2400b0aE.dag/Hollowmere.R4_A.EditMode.Tests.dll, with 122 defines and 268 references
[40m[32minfo[39m[22m[49m: Unity.ILPP.Runner.PostProcessingPipeline[0]
      processors: Unity.Entities.CodeGen.EntitiesILPostProcessors, Unity.Jobs.CodeGen.JobsILPostProcessor, zzzUnity.Burst.CodeGen.BurstILPostProcessor
[40m[32minfo[39m[22m[49m: Unity.ILPP.Runner.PostProcessingPipeline[0]
      running Unity.Entities.CodeGen.EntitiesILPostProcessors
[40m[32minfo[39m[22m[49m: Unity.ILPP.Runner.PostProcessingPipeline[0]
      running Unity.Jobs.CodeGen.JobsILPostProcessor
[40m[32minfo[39m[22m[49m: Unity.ILPP.Runner.PostProcessingPipeline[0]
      running zzzUnity.Burst.CodeGen.BurstILPostProcessor
[40m[32minfo[39m[22m[49m: Microsoft.AspNetCore.Hosting.Diagnostics[1]
      Request starting HTTP/2 POST http://ilpp/UnityILPP.PostProcessing/PostProcessAssembly application/grpc -
[40m[32minfo[39m[22m[49m: Microsoft.AspNetCore.Routing.EndpointMiddleware[0]
      Executing endpoint 'gRPC - /UnityILPP.PostProcessing/PostProcessAssembly'
[40m[32minfo[39m[22m[49m: Unity.ILPP.Runner.PostProcessingPipeline[0]
      Processing assembly Library/Bee/artifacts/2400b0aE.dag/Hollowmere.Authoring.Tools.dll, with 122 defines and 274 references
[40m[32minfo[39m[22m[49m: Unity.ILPP.Runner.PostProcessingPipeline[0]
      processors: Unity.Entities.CodeGen.EntitiesILPostProcessors, Unity.Jobs.CodeGen.JobsILPostProcessor, zzzUnity.Burst.CodeGen.BurstILPostProcessor
[40m[32minfo[39m[22m[49m: Unity.ILPP.Runner.PostProcessingPipeline[0]
      running Unity.Entities.CodeGen.EntitiesILPostProcessors
[40m[32minfo[39m[22m[49m: Unity.ILPP.Runner.PostProcessingPipeline[0]
      running Unity.Jobs.CodeGen.JobsILPostProcessor
[40m[32minfo[39m[22m[49m: Unity.ILPP.Runner.PostProcessingPipeline[0]
      running zzzUnity.Burst.CodeGen.BurstILPostProcessor
[40m[32minfo[39m[22m[49m: Microsoft.AspNetCore.Routing.EndpointMiddleware[1]
      Executed endpoint 'gRPC - /UnityILPP.PostProcessing/PostProcessAssembly'
[40m[32minfo[39m[22m[49m: Microsoft.AspNetCore.Hosting.Diagnostics[2]
      Request finished HTTP/2 POST http://ilpp/UnityILPP.PostProcessing/PostProcessAssembly application/grpc - - 200 - application/grpc 0.5986ms
[40m[32minfo[39m[22m[49m: Microsoft.AspNetCore.Routing.EndpointMiddleware[1]
      Executed endpoint 'gRPC - /UnityILPP.PostProcessing/PostProcessAssembly'
[40m[32minfo[39m[22m[49m: Microsoft.AspNetCore.Hosting.Diagnostics[2]
      Request finished HTTP/2 POST http://ilpp/UnityILPP.PostProcessing/PostProcessAssembly application/grpc - - 200 - application/grpc 2.5519ms
[40m[32minfo[39m[22m[49m: Microsoft.AspNetCore.Hosting.Diagnostics[1]
      Request starting HTTP/2 POST http://ilpp/UnityILPP.PostProcessing/PostProcessAssembly application/grpc -
[40m[32minfo[39m[22m[49m: Microsoft.AspNetCore.Routing.EndpointMiddleware[0]
      Executing endpoint 'gRPC - /UnityILPP.PostProcessing/PostProcessAssembly'
[40m[32minfo[39m[22m[49m: Unity.ILPP.Runner.PostProcessingPipeline[0]
      Processing assembly Library/Bee/artifacts/2400b0aE.dag/Hollowmere.R3_B.EditMode.Tests.dll, with 122 defines and 268 references
[40m[32minfo[39m[22m[49m: Unity.ILPP.Runner.PostProcessingPipeline[0]
      processors: Unity.Entities.CodeGen.EntitiesILPostProcessors, Unity.Jobs.CodeGen.JobsILPostProcessor, zzzUnity.Burst.CodeGen.BurstILPostProcessor
[40m[32minfo[39m[22m[49m: Unity.ILPP.Runner.PostProcessingPipeline[0]
      running Unity.Entities.CodeGen.EntitiesILPostProcessors
[40m[32minfo[39m[22m[49m: Unity.ILPP.Runner.PostProcessingPipeline[0]
      running Unity.Jobs.CodeGen.JobsILPostProcessor
[40m[32minfo[39m[22m[49m: Unity.ILPP.Runner.PostProcessingPipeline[0]
      running zzzUnity.Burst.CodeGen.BurstILPostProcessor
[40m[32minfo[39m[22m[49m: Microsoft.AspNetCore.Routing.EndpointMiddleware[1]
      Executed endpoint 'gRPC - /UnityILPP.PostProcessing/PostProcessAssembly'
[40m[32minfo[39m[22m[49m: Microsoft.AspNetCore.Hosting.Diagnostics[2]
      Request finished HTTP/2 POST http://ilpp/UnityILPP.PostProcessing/PostProcessAssembly application/grpc - - 200 - application/grpc 0.9154ms
  - EILPP : Hollowmere.P3_1.PlayMode.Tests : : 11ms (~9ms)
    - EILPP : Hollowmere.P3_1.PlayMode.Tests : ComponentDataPP: 2ms
[40m[32minfo[39m[22m[49m: Unity.ILPP.Runner.PostProcessingPipeline[0]
      running Unity.Jobs.CodeGen.JobsILPostProcessor
[40m[32minfo[39m[22m[49m: Microsoft.AspNetCore.Hosting.Diagnostics[1]
      Request starting HTTP/2 POST http://ilpp/UnityILPP.PostProcessing/PostProcessAssembly application/grpc -
[40m[32minfo[39m[22m[49m: Microsoft.AspNetCore.Routing.EndpointMiddleware[0]
      Executing endpoint 'gRPC - /UnityILPP.PostProcessing/PostProcessAssembly'
[40m[32minfo[39m[22m[49m: Microsoft.AspNetCore.Hosting.Diagnostics[1]
      Request starting HTTP/2 POST http://ilpp/UnityILPP.PostProcessing/PostProcessAssembly application/grpc -
[40m[32minfo[39m[22m[49m: Microsoft.AspNetCore.Routing.EndpointMiddleware[0]
      Executing endpoint 'gRPC - /UnityILPP.PostProcessing/PostProcessAssembly'
[40m[32minfo[39m[22m[49m: Unity.ILPP.Runner.PostProcessingPipeline[0]
      Processing assembly Library/Bee/artifacts/2400b0aE.dag/Hollowmere.R2_D.EditMode.Tests.dll, with 122 defines and 264 references
[40m[32minfo[39m[22m[49m: Unity.ILPP.Runner.PostProcessingPipeline[0]
      processors: Unity.Entities.CodeGen.EntitiesILPostProcessors, Unity.Jobs.CodeGen.JobsILPostProcessor, zzzUnity.Burst.CodeGen.BurstILPostProcessor
[40m[32minfo[39m[22m[49m: Unity.ILPP.Runner.PostProcessingPipeline[0]
      running Unity.Entities.CodeGen.EntitiesILPostProcessors
[40m[32minfo[39m[22m[49m: Unity.ILPP.Runner.PostProcessingPipeline[0]
      running Unity.Jobs.CodeGen.JobsILPostProcessor
[40m[32minfo[39m[22m[49m: Unity.ILPP.Runner.PostProcessingPipeline[0]
      running zzzUnity.Burst.CodeGen.BurstILPostProcessor
[40m[32minfo[39m[22m[49m: Microsoft.AspNetCore.Routing.EndpointMiddleware[1]
      Executed endpoint 'gRPC - /UnityILPP.PostProcessing/PostProcessAssembly'
[40m[32minfo[39m[22m[49m: Microsoft.AspNetCore.Hosting.Diagnostics[2]
      Request finished HTTP/2 POST http://ilpp/UnityILPP.PostProcessing/PostProcessAssembly application/grpc - - 200 - application/grpc 0.9078ms
[40m[32minfo[39m[22m[49m: Unity.ILPP.Runner.PostProcessingPipeline[0]
      running zzzUnity.Burst.CodeGen.BurstILPostProcessor
[40m[32minfo[39m[22m[49m: Microsoft.AspNetCore.Routing.EndpointMiddleware[1]
      Executed endpoint 'gRPC - /UnityILPP.PostProcessing/PostProcessAssembly'
[40m[32minfo[39m[22m[49m: Microsoft.AspNetCore.Hosting.Diagnostics[2]
      Request finished HTTP/2 POST http://ilpp/UnityILPP.PostProcessing/PostProcessAssembly application/grpc - - 200 - application/grpc 20.3784ms
[40m[32minfo[39m[22m[49m: Unity.ILPP.Runner.PostProcessingPipeline[0]
      Processing assembly Library/Bee/artifacts/2400b0aE.dag/GameCore.Studio.Views.Editor.Tests.dll, with 122 defines and 261 references
[40m[32minfo[39m[22m[49m: Unity.ILPP.Runner.PostProcessingPipeline[0]
      processors: Unity.Entities.CodeGen.EntitiesILPostProcessors, Unity.Jobs.CodeGen.JobsILPostProcessor, zzzUnity.Burst.CodeGen.BurstILPostProcessor
[40m[32minfo[39m[22m[49m: Unity.ILPP.Runner.PostProcessingPipeline[0]
      running Unity.Entities.CodeGen.EntitiesILPostProcessors
[40m[32minfo[39m[22m[49m: Unity.ILPP.Runner.PostProcessingPipeline[0]
      running Unity.Jobs.CodeGen.JobsILPostProcessor
[40m[32minfo[39m[22m[49m: Unity.ILPP.Runner.PostProcessingPipeline[0]
      running zzzUnity.Burst.CodeGen.BurstILPostProcessor
[40m[32minfo[39m[22m[49m: Microsoft.AspNetCore.Routing.EndpointMiddleware[1]
      Executed endpoint 'gRPC - /UnityILPP.PostProcessing/PostProcessAssembly'
[40m[32minfo[39m[22m[49m: Microsoft.AspNetCore.Hosting.Diagnostics[2]
      Request finished HTTP/2 POST http://ilpp/UnityILPP.PostProcessing/PostProcessAssembly application/grpc - - 200 - application/grpc 4.9881ms
[40m[32minfo[39m[22m[49m: Microsoft.AspNetCore.Hosting.Diagnostics[1]
      Request starting HTTP/2 POST http://ilpp/UnityILPP.PostProcessing/PostProcessAssembly application/grpc -
[40m[32minfo[39m[22m[49m: Microsoft.AspNetCore.Routing.EndpointMiddleware[0]
      Executing endpoint 'gRPC - /UnityILPP.PostProcessing/PostProcessAssembly'
[40m[32minfo[39m[22m[49m: Unity.ILPP.Runner.PostProcessingPipeline[0]
      Processing assembly Library/Bee/artifacts/2400b0aE.dag/Hollowmere.P1_3.EditMode.Tests.dll, with 122 defines and 282 references
[40m[32minfo[39m[22m[49m: Unity.ILPP.Runner.PostProcessingPipeline[0]
      processors: Unity.Entities.CodeGen.EntitiesILPostProcessors, Unity.Jobs.CodeGen.JobsILPostProcessor, zzzUnity.Burst.CodeGen.BurstILPostProcessor
[40m[32minfo[39m[22m[49m: Unity.ILPP.Runner.PostProcessingPipeline[0]
      running Unity.Entities.CodeGen.EntitiesILPostProcessors
  - EILPP : Hollowmere.P1_3.EditMode.Tests : : 11ms (~11ms)
[40m[32minfo[39m[22m[49m: Unity.ILPP.Runner.PostProcessingPipeline[0]
      running Unity.Jobs.CodeGen.JobsILPostProcessor
[40m[32minfo[39m[22m[49m: Unity.ILPP.Runner.PostProcessingPipeline[0]
      running zzzUnity.Burst.CodeGen.BurstILPostProcessor
[40m[32minfo[39m[22m[49m: Microsoft.AspNetCore.Routing.EndpointMiddleware[1]
      Executed endpoint 'gRPC - /UnityILPP.PostProcessing/PostProcessAssembly'
[40m[32minfo[39m[22m[49m: Microsoft.AspNetCore.Hosting.Diagnostics[2]
      Request finished HTTP/2 POST http://ilpp/UnityILPP.PostProcessing/PostProcessAssembly application/grpc - - 200 - application/grpc 15.6498ms
[40m[32minfo[39m[22m[49m: Microsoft.AspNetCore.Hosting.Diagnostics[1]
      Request starting HTTP/2 POST http://ilpp/UnityILPP.PostProcessing/PostProcessAssembly application/grpc -
[40m[32minfo[39m[22m[49m: Microsoft.AspNetCore.Routing.EndpointMiddleware[0]
      Executing endpoint 'gRPC - /UnityILPP.PostProcessing/PostProcessAssembly'
[40m[32minfo[39m[22m[49m: Unity.ILPP.Runner.PostProcessingPipeline[0]
      Processing assembly Library/Bee/artifacts/2400b0aE.dag/Hollowmere.P3_2.Workflows.dll, with 122 defines and 283 references
[40m[32minfo[39m[22m[49m: Unity.ILPP.Runner.PostProcessingPipeline[0]
      processors: Unity.Entities.CodeGen.EntitiesILPostProcessors, Unity.Jobs.CodeGen.JobsILPostProcessor, zzzUnity.Burst.CodeGen.BurstILPostProcessor
[40m[32minfo[39m[22m[49m: Unity.ILPP.Runner.PostProcessingPipeline[0]
      running Unity.Entities.CodeGen.EntitiesILPostProcessors
[40m[32minfo[39m[22m[49m: Unity.ILPP.Runner.PostProcessingPipeline[0]
      running Unity.Jobs.CodeGen.JobsILPostProcessor
[40m[32minfo[39m[22m[49m: Unity.ILPP.Runner.PostProcessingPipeline[0]
      running zzzUnity.Burst.CodeGen.BurstILPostProcessor
[40m[32minfo[39m[22m[49m: Microsoft.AspNetCore.Routing.EndpointMiddleware[1]
      Executed endpoint 'gRPC - /UnityILPP.PostProcessing/PostProcessAssembly'
[40m[32minfo[39m[22m[49m: Microsoft.AspNetCore.Hosting.Diagnostics[2]
      Request finished HTTP/2 POST http://ilpp/UnityILPP.PostProcessing/PostProcessAssembly application/grpc - - 200 - application/grpc 0.8232ms
[40m[32minfo[39m[22m[49m: Microsoft.AspNetCore.Hosting.Diagnostics[1]
      Request starting HTTP/2 POST http://ilpp/UnityILPP.PostProcessing/PostProcessAssembly application/grpc -
[40m[32minfo[39m[22m[49m: Microsoft.AspNetCore.Routing.EndpointMiddleware[0]
      Executing endpoint 'gRPC - /UnityILPP.PostProcessing/PostProcessAssembly'
[40m[32minfo[39m[22m[49m: Unity.ILPP.Runner.PostProcessingPipeline[0]
      Processing assembly Library/Bee/artifacts/2400b0aE.dag/Hollowmere.Authoring.Editor.dll, with 122 defines and 291 references
[40m[32minfo[39m[22m[49m: Unity.ILPP.Runner.PostProcessingPipeline[0]
      processors: Unity.Entities.CodeGen.EntitiesILPostProcessors, Unity.Jobs.CodeGen.JobsILPostProcessor, zzzUnity.Burst.CodeGen.BurstILPostProcessor
[40m[32minfo[39m[22m[49m: Unity.ILPP.Runner.PostProcessingPipeline[0]
      running Unity.Entities.CodeGen.EntitiesILPostProcessors
[40m[32minfo[39m[22m[49m: Unity.ILPP.Runner.PostProcessingPipeline[0]
      running Unity.Jobs.CodeGen.JobsILPostProcessor
[40m[32minfo[39m[22m[49m: Unity.ILPP.Runner.PostProcessingPipeline[0]
      running zzzUnity.Burst.CodeGen.BurstILPostProcessor
[40m[32minfo[39m[22m[49m: Microsoft.AspNetCore.Routing.EndpointMiddleware[1]
      Executed endpoint 'gRPC - /UnityILPP.PostProcessing/PostProcessAssembly'
[40m[32minfo[39m[22m[49m: Microsoft.AspNetCore.Hosting.Diagnostics[2]
      Request finished HTTP/2 POST http://ilpp/UnityILPP.PostProcessing/PostProcessAssembly application/grpc - - 200 - application/grpc 0.9440ms
[40m[32minfo[39m[22m[49m: Microsoft.AspNetCore.Hosting.Diagnostics[1]
      Request starting HTTP/2 POST http://ilpp/UnityILPP.PostProcessing/PostProcessAssembly application/grpc -
[40m[32minfo[39m[22m[49m: Microsoft.AspNetCore.Routing.EndpointMiddleware[0]
      Executing endpoint 'gRPC - /UnityILPP.PostProcessing/PostProcessAssembly'
[40m[32minfo[39m[22m[49m: Unity.ILPP.Runner.PostProcessingPipeline[0]
      Processing assembly Library/Bee/artifacts/2400b0aE.dag/Hollowmere.P4_2.Editor.dll, with 122 defines and 265 references
[40m[32minfo[39m[22m[49m: Unity.ILPP.Runner.PostProcessingPipeline[0]
      processors: Unity.Entities.CodeGen.EntitiesILPostProcessors, Unity.Jobs.CodeGen.JobsILPostProcessor, zzzUnity.Burst.CodeGen.BurstILPostProcessor
[40m[32minfo[39m[22m[49m: Unity.ILPP.Runner.PostProcessingPipeline[0]
      running Unity.Entities.CodeGen.EntitiesILPostProcessors
[40m[32minfo[39m[22m[49m: Unity.ILPP.Runner.PostProcessingPipeline[0]
      running Unity.Jobs.CodeGen.JobsILPostProcessor
[40m[32minfo[39m[22m[49m: Unity.ILPP.Runner.PostProcessingPipeline[0]
      running zzzUnity.Burst.CodeGen.BurstILPostProcessor
[40m[32minfo[39m[22m[49m: Microsoft.AspNetCore.Routing.EndpointMiddleware[1]
      Executed endpoint 'gRPC - /UnityILPP.PostProcessing/PostProcessAssembly'
[40m[32minfo[39m[22m[49m: Microsoft.AspNetCore.Hosting.Diagnostics[2]
      Request finished HTTP/2 POST http://ilpp/UnityILPP.PostProcessing/PostProcessAssembly application/grpc - - 200 - application/grpc 1.0009ms
[40m[32minfo[39m[22m[49m: Microsoft.AspNetCore.Hosting.Diagnostics[1]
      Request starting HTTP/2 POST http://ilpp/UnityILPP.PostProcessing/PostProcessAssembly application/grpc -
[40m[32minfo[39m[22m[49m: Microsoft.AspNetCore.Routing.EndpointMiddleware[0]
      Executing endpoint 'gRPC - /UnityILPP.PostProcessing/PostProcessAssembly'
[40m[32minfo[39m[22m[49m: Microsoft.AspNetCore.Hosting.Diagnostics[1]
      Request starting HTTP/2 POST http://ilpp/UnityILPP.PostProcessing/PostProcessAssembly application/grpc -
[40m[32minfo[39m[22m[49m: Microsoft.AspNetCore.Routing.EndpointMiddleware[0]
      Executing endpoint 'gRPC - /UnityILPP.PostProcessing/PostProcessAssembly'
[40m[32minfo[39m[22m[49m: Unity.ILPP.Runner.PostProcessingPipeline[0]
      Processing assembly Library/Bee/artifacts/2400b0aE.dag/Hollowmere.R6_B.Tests.dll, with 122 defines and 268 references
[40m[32minfo[39m[22m[49m: Unity.ILPP.Runner.PostProcessingPipeline[0]
      processors: Unity.Entities.CodeGen.EntitiesILPostProcessors, Unity.Jobs.CodeGen.JobsILPostProcessor, zzzUnity.Burst.CodeGen.BurstILPostProcessor
[40m[32minfo[39m[22m[49m: Unity.ILPP.Runner.PostProcessingPipeline[0]
      Processing assembly Library/Bee/artifacts/2400b0aE.dag/Hollowmere.R6_F.Tests.dll, with 122 defines and 276 references
[40m[32minfo[39m[22m[49m: Unity.ILPP.Runner.PostProcessingPipeline[0]
      processors: Unity.Entities.CodeGen.EntitiesILPostProcessors, Unity.Jobs.CodeGen.JobsILPostProcessor, zzzUnity.Burst.CodeGen.BurstILPostProcessor
[40m[32minfo[39m[22m[49m: Unity.ILPP.Runner.PostProcessingPipeline[0]
      running Unity.Entities.CodeGen.EntitiesILPostProcessors
[40m[32minfo[39m[22m[49m: Unity.ILPP.Runner.PostProcessingPipeline[0]
      running Unity.Jobs.CodeGen.JobsILPostProcessor
[40m[32minfo[39m[22m[49m: Unity.ILPP.Runner.PostProcessingPipeline[0]
      running zzzUnity.Burst.CodeGen.BurstILPostProcessor
[40m[32minfo[39m[22m[49m: Unity.ILPP.Runner.PostProcessingPipeline[0]
      running Unity.Entities.CodeGen.EntitiesILPostProcessors
[40m[32minfo[39m[22m[49m: Unity.ILPP.Runner.PostProcessingPipeline[0]
      running Unity.Jobs.CodeGen.JobsILPostProcessor
[40m[32minfo[39m[22m[49m: Unity.ILPP.Runner.PostProcessingPipeline[0]
      running zzzUnity.Burst.CodeGen.BurstILPostProcessor
[40m[32minfo[39m[22m[49m: Microsoft.AspNetCore.Routing.EndpointMiddleware[1]
      Executed endpoint 'gRPC - /UnityILPP.PostProcessing/PostProcessAssembly'
[40m[32minfo[39m[22m[49m: Microsoft.AspNetCore.Hosting.Diagnostics[2]
      Request finished HTTP/2 POST http://ilpp/UnityILPP.PostProcessing/PostProcessAssembly application/grpc - - 200 - application/grpc 0.8903ms
[40m[32minfo[39m[22m[49m: Microsoft.AspNetCore.Routing.EndpointMiddleware[1]
      Executed endpoint 'gRPC - /UnityILPP.PostProcessing/PostProcessAssembly'
[40m[32minfo[39m[22m[49m: Microsoft.AspNetCore.Hosting.Diagnostics[2]
      Request finished HTTP/2 POST http://ilpp/UnityILPP.PostProcessing/PostProcessAssembly application/grpc - - 200 - application/grpc 0.8744ms
[40m[32minfo[39m[22m[49m: Microsoft.AspNetCore.Hosting.Diagnostics[1]
      Request starting HTTP/2 POST http://ilpp/UnityILPP.PostProcessing/PostProcessAssembly application/grpc -
[40m[32minfo[39m[22m[49m: Microsoft.AspNetCore.Routing.EndpointMiddleware[0]
      Executing endpoint 'gRPC - /UnityILPP.PostProcessing/PostProcessAssembly'
[40m[32minfo[39m[22m[49m: Unity.ILPP.Runner.PostProcessingPipeline[0]
      Processing assembly Library/Bee/artifacts/2400b0aE.dag/Hollowmere.P3_2.Headless.Tests.dll, with 122 defines and 268 references
[40m[32minfo[39m[22m[49m: Unity.ILPP.Runner.PostProcessingPipeline[0]
      processors: Unity.Entities.CodeGen.EntitiesILPostProcessors, Unity.Jobs.CodeGen.JobsILPostProcessor, zzzUnity.Burst.CodeGen.BurstILPostProcessor
[40m[32minfo[39m[22m[49m: Unity.ILPP.Runner.PostProcessingPipeline[0]
      running Unity.Entities.CodeGen.EntitiesILPostProcessors
[40m[32minfo[39m[22m[49m: Unity.ILPP.Runner.PostProcessingPipeline[0]
      running Unity.Jobs.CodeGen.JobsILPostProcessor
[40m[32minfo[39m[22m[49m: Unity.ILPP.Runner.PostProcessingPipeline[0]
      running zzzUnity.Burst.CodeGen.BurstILPostProcessor
[40m[32minfo[39m[22m[49m: Microsoft.AspNetCore.Routing.EndpointMiddleware[1]
      Executed endpoint 'gRPC - /UnityILPP.PostProcessing/PostProcessAssembly'
[40m[32minfo[39m[22m[49m: Microsoft.AspNetCore.Hosting.Diagnostics[2]
      Request finished HTTP/2 POST http://ilpp/UnityILPP.PostProcessing/PostProcessAssembly application/grpc - - 200 - application/grpc 0.8316ms
[40m[32minfo[39m[22m[49m: Microsoft.AspNetCore.Hosting.Diagnostics[1]
      Request starting HTTP/2 POST http://ilpp/UnityILPP.PostProcessing/PostProcessAssembly application/grpc -
[40m[32minfo[39m[22m[49m: Microsoft.AspNetCore.Routing.EndpointMiddleware[0]
      Executing endpoint 'gRPC - /UnityILPP.PostProcessing/PostProcessAssembly'
[40m[32minfo[39m[22m[49m: Microsoft.AspNetCore.Hosting.Diagnostics[1]
      Request starting HTTP/2 POST http://ilpp/UnityILPP.PostProcessing/PostProcessAssembly application/grpc -
[40m[32minfo[39m[22m[49m: Microsoft.AspNetCore.Routing.EndpointMiddleware[0]
      Executing endpoint 'gRPC - /UnityILPP.PostProcessing/PostProcessAssembly'
[40m[32minfo[39m[22m[49m: Unity.ILPP.Runner.PostProcessingPipeline[0]
      Processing assembly Library/Bee/artifacts/2400b0aE.dag/P42e.Live.Tests.dll, with 122 defines and 279 references
[40m[32minfo[39m[22m[49m: Unity.ILPP.Runner.PostProcessingPipeline[0]
      processors: Unity.Entities.CodeGen.EntitiesILPostProcessors, Unity.Jobs.CodeGen.JobsILPostProcessor, zzzUnity.Burst.CodeGen.BurstILPostProcessor
[40m[32minfo[39m[22m[49m: Unity.ILPP.Runner.PostProcessingPipeline[0]
      Processing assembly Library/Bee/artifacts/2400b0aE.dag/Hollowmere.P3_1.EditMode.Tests.dll, with 122 defines and 271 references
[40m[32minfo[39m[22m[49m: Unity.ILPP.Runner.PostProcessingPipeline[0]
      processors: Unity.Entities.CodeGen.EntitiesILPostProcessors, Unity.Jobs.CodeGen.JobsILPostProcessor, zzzUnity.Burst.CodeGen.BurstILPostProcessor
[40m[32minfo[39m[22m[49m: Unity.ILPP.Runner.PostProcessingPipeline[0]
      running Unity.Entities.CodeGen.EntitiesILPostProcessors
[40m[32minfo[39m[22m[49m: Unity.ILPP.Runner.PostProcessingPipeline[0]
      running Unity.Jobs.CodeGen.JobsILPostProcessor
[40m[32minfo[39m[22m[49m: Unity.ILPP.Runner.PostProcessingPipeline[0]
      running zzzUnity.Burst.CodeGen.BurstILPostProcessor
[40m[32minfo[39m[22m[49m: Unity.ILPP.Runner.PostProcessingPipeline[0]
      running Unity.Entities.CodeGen.EntitiesILPostProcessors
[40m[32minfo[39m[22m[49m: Unity.ILPP.Runner.PostProcessingPipeline[0]
      running Unity.Jobs.CodeGen.JobsILPostProcessor
[40m[32minfo[39m[22m[49m: Unity.ILPP.Runner.PostProcessingPipeline[0]
      running zzzUnity.Burst.CodeGen.BurstILPostProcessor
[40m[32minfo[39m[22m[49m: Microsoft.AspNetCore.Routing.EndpointMiddleware[1]
      Executed endpoint 'gRPC - /UnityILPP.PostProcessing/PostProcessAssembly'
[40m[32minfo[39m[22m[49m: Microsoft.AspNetCore.Hosting.Diagnostics[2]
      Request finished HTTP/2 POST http://ilpp/UnityILPP.PostProcessing/PostProcessAssembly application/grpc - - 200 - application/grpc 0.7859ms
[40m[32minfo[39m[22m[49m: Microsoft.AspNetCore.Routing.EndpointMiddleware[1]
      Executed endpoint 'gRPC - /UnityILPP.PostProcessing/PostProcessAssembly'
[40m[32minfo[39m[22m[49m: Microsoft.AspNetCore.Hosting.Diagnostics[2]
      Request finished HTTP/2 POST http://ilpp/UnityILPP.PostProcessing/PostProcessAssembly application/grpc - - 200 - application/grpc 0.8055ms
[40m[32minfo[39m[22m[49m: Microsoft.AspNetCore.Hosting.Diagnostics[1]
      Request starting HTTP/2 POST http://ilpp/UnityILPP.PostProcessing/PostProcessAssembly application/grpc -
[40m[32minfo[39m[22m[49m: Microsoft.AspNetCore.Routing.EndpointMiddleware[0]
      Executing endpoint 'gRPC - /UnityILPP.PostProcessing/PostProcessAssembly'
[40m[32minfo[39m[22m[49m: Unity.ILPP.Runner.PostProcessingPipeline[0]
      Processing assembly Library/Bee/artifacts/2400b0aE.dag/Hollowmere.R6_E.Live.dll, with 122 defines and 269 references
[40m[32minfo[39m[22m[49m: Unity.ILPP.Runner.PostProcessingPipeline[0]
      processors: Unity.Entities.CodeGen.EntitiesILPostProcessors, Unity.Jobs.CodeGen.JobsILPostProcessor, zzzUnity.Burst.CodeGen.BurstILPostProcessor
[40m[32minfo[39m[22m[49m: Unity.ILPP.Runner.PostProcessingPipeline[0]
      running Unity.Entities.CodeGen.EntitiesILPostProcessors
[40m[32minfo[39m[22m[49m: Unity.ILPP.Runner.PostProcessingPipeline[0]
      running Unity.Jobs.CodeGen.JobsILPostProcessor
[40m[32minfo[39m[22m[49m: Unity.ILPP.Runner.PostProcessingPipeline[0]
      running zzzUnity.Burst.CodeGen.BurstILPostProcessor
[40m[32minfo[39m[22m[49m: Microsoft.AspNetCore.Routing.EndpointMiddleware[1]
      Executed endpoint 'gRPC - /UnityILPP.PostProcessing/PostProcessAssembly'
[40m[32minfo[39m[22m[49m: Microsoft.AspNetCore.Hosting.Diagnostics[2]
      Request finished HTTP/2 POST http://ilpp/UnityILPP.PostProcessing/PostProcessAssembly application/grpc - - 200 - application/grpc 0.7892ms
[40m[32minfo[39m[22m[49m: Microsoft.AspNetCore.Hosting.Diagnostics[1]
      Request starting HTTP/2 POST http://ilpp/UnityILPP.PostProcessing/PostProcessAssembly application/grpc -
[40m[32minfo[39m[22m[49m: Microsoft.AspNetCore.Routing.EndpointMiddleware[0]
      Executing endpoint 'gRPC - /UnityILPP.PostProcessing/PostProcessAssembly'
[40m[32minfo[39m[22m[49m: Microsoft.AspNetCore.Hosting.Diagnostics[1]
      Request starting HTTP/2 POST http://ilpp/UnityILPP.PostProcessing/PostProcessAssembly application/grpc -
[40m[32minfo[39m[22m[49m: Microsoft.AspNetCore.Routing.EndpointMiddleware[0]
      Executing endpoint 'gRPC - /UnityILPP.PostProcessing/PostProcessAssembly'
[40m[32minfo[39m[22m[49m: Unity.ILPP.Runner.PostProcessingPipeline[0]
      Processing assembly Library/Bee/artifacts/2400b0aE.dag/P42c.Live.Tests.dll, with 122 defines and 279 references
[40m[32minfo[39m[22m[49m: Unity.ILPP.Runner.PostProcessingPipeline[0]
      Processing assembly Library/Bee/artifacts/2400b0aE.dag/Hollowmere.R5_A.Editor.Tests.dll, with 122 defines and 270 references
[40m[32minfo[39m[22m[49m: Unity.ILPP.Runner.PostProcessingPipeline[0]
      processors: Unity.Entities.CodeGen.EntitiesILPostProcessors, Unity.Jobs.CodeGen.JobsILPostProcessor, zzzUnity.Burst.CodeGen.BurstILPostProcessor
[40m[32minfo[39m[22m[49m: Unity.ILPP.Runner.PostProcessingPipeline[0]
      processors: Unity.Entities.CodeGen.EntitiesILPostProcessors, Unity.Jobs.CodeGen.JobsILPostProcessor, zzzUnity.Burst.CodeGen.BurstILPostProcessor
[40m[32minfo[39m[22m[49m: Unity.ILPP.Runner.PostProcessingPipeline[0]
      running Unity.Entities.CodeGen.EntitiesILPostProcessors
[40m[32minfo[39m[22m[49m: Unity.ILPP.Runner.PostProcessingPipeline[0]
      running Unity.Entities.CodeGen.EntitiesILPostProcessors
[40m[32minfo[39m[22m[49m: Unity.ILPP.Runner.PostProcessingPipeline[0]
      running Unity.Jobs.CodeGen.JobsILPostProcessor
[40m[32minfo[39m[22m[49m: Unity.ILPP.Runner.PostProcessingPipeline[0]
      running Unity.Jobs.CodeGen.JobsILPostProcessor
[40m[32minfo[39m[22m[49m: Unity.ILPP.Runner.PostProcessingPipeline[0]
      running zzzUnity.Burst.CodeGen.BurstILPostProcessor
[40m[32minfo[39m[22m[49m: Unity.ILPP.Runner.PostProcessingPipeline[0]
      running zzzUnity.Burst.CodeGen.BurstILPostProcessor
[40m[32minfo[39m[22m[49m: Microsoft.AspNetCore.Hosting.Diagnostics[1]
      Request starting HTTP/2 POST http://ilpp/UnityILPP.PostProcessing/PostProcessAssembly application/grpc -
[40m[32minfo[39m[22m[49m: Microsoft.AspNetCore.Routing.EndpointMiddleware[0]
      Executing endpoint 'gRPC - /UnityILPP.PostProcessing/PostProcessAssembly'
[40m[32minfo[39m[22m[49m: Unity.ILPP.Runner.PostProcessingPipeline[0]
      Processing assembly Library/Bee/artifacts/2400b0aE.dag/Hollowmere.R6_A.Live.dll, with 122 defines and 272 references
[40m[32minfo[39m[22m[49m: Unity.ILPP.Runner.PostProcessingPipeline[0]
      processors: Unity.Entities.CodeGen.EntitiesILPostProcessors, Unity.Jobs.CodeGen.JobsILPostProcessor, zzzUnity.Burst.CodeGen.BurstILPostProcessor
[40m[32minfo[39m[22m[49m: Unity.ILPP.Runner.PostProcessingPipeline[0]
      running Unity.Entities.CodeGen.EntitiesILPostProcessors
[40m[32minfo[39m[22m[49m: Microsoft.AspNetCore.Routing.EndpointMiddleware[1]
      Executed endpoint 'gRPC - /UnityILPP.PostProcessing/PostProcessAssembly'
[40m[32minfo[39m[22m[49m: Microsoft.AspNetCore.Hosting.Diagnostics[2]
      Request finished HTTP/2 POST http://ilpp/UnityILPP.PostProcessing/PostProcessAssembly application/grpc - - 200 - application/grpc 0.9850ms
[40m[32minfo[39m[22m[49m: Unity.ILPP.Runner.PostProcessingPipeline[0]
      running Unity.Jobs.CodeGen.JobsILPostProcessor
[40m[32minfo[39m[22m[49m: Microsoft.AspNetCore.Routing.EndpointMiddleware[1]
      Executed endpoint 'gRPC - /UnityILPP.PostProcessing/PostProcessAssembly'
[40m[32minfo[39m[22m[49m: Unity.ILPP.Runner.PostProcessingPipeline[0]
      running zzzUnity.Burst.CodeGen.BurstILPostProcessor
[40m[32minfo[39m[22m[49m: Microsoft.AspNetCore.Hosting.Diagnostics[2]
      Request finished HTTP/2 POST http://ilpp/UnityILPP.PostProcessing/PostProcessAssembly application/grpc - - 200 - application/grpc 1.0593ms
[40m[32minfo[39m[22m[49m: Microsoft.AspNetCore.Routing.EndpointMiddleware[1]
      Executed endpoint 'gRPC - /UnityILPP.PostProcessing/PostProcessAssembly'
[40m[32minfo[39m[22m[49m: Microsoft.AspNetCore.Hosting.Diagnostics[2]
      Request finished HTTP/2 POST http://ilpp/UnityILPP.PostProcessing/PostProcessAssembly application/grpc - - 200 - application/grpc 0.8306ms
[40m[32minfo[39m[22m[49m: Microsoft.AspNetCore.Hosting.Diagnostics[1]
      Request starting HTTP/2 POST http://ilpp/UnityILPP.PostProcessing/PostProcessAssembly application/grpc -
[40m[32minfo[39m[22m[49m: Microsoft.AspNetCore.Routing.EndpointMiddleware[0]
      Executing endpoint 'gRPC - /UnityILPP.PostProcessing/PostProcessAssembly'
[40m[32minfo[39m[22m[49m: Unity.ILPP.Runner.PostProcessingPipeline[0]
      Processing assembly Library/Bee/artifacts/2400b0aE.dag/Hollowmere.R6_D.Live.dll, with 122 defines and 272 references
[40m[32minfo[39m[22m[49m: Unity.ILPP.Runner.PostProcessingPipeline[0]
      processors: Unity.Entities.CodeGen.EntitiesILPostProcessors, Unity.Jobs.CodeGen.JobsILPostProcessor, zzzUnity.Burst.CodeGen.BurstILPostProcessor
[40m[32minfo[39m[22m[49m: Unity.ILPP.Runner.PostProcessingPipeline[0]
      running Unity.Entities.CodeGen.EntitiesILPostProcessors
[40m[32minfo[39m[22m[49m: Unity.ILPP.Runner.PostProcessingPipeline[0]
      running Unity.Jobs.CodeGen.JobsILPostProcessor
[40m[32minfo[39m[22m[49m: Unity.ILPP.Runner.PostProcessingPipeline[0]
      running zzzUnity.Burst.CodeGen.BurstILPostProcessor
[40m[32minfo[39m[22m[49m: Microsoft.AspNetCore.Routing.EndpointMiddleware[1]
      Executed endpoint 'gRPC - /UnityILPP.PostProcessing/PostProcessAssembly'
[40m[32minfo[39m[22m[49m: Microsoft.AspNetCore.Hosting.Diagnostics[2]
      Request finished HTTP/2 POST http://ilpp/UnityILPP.PostProcessing/PostProcessAssembly application/grpc - - 200 - application/grpc 0.6996ms
ExitCode: 0 Duration: 12s
Finished compiling graph: 1938 nodes, 47347 flattened edges (33173 ToBuild, 390 ToUse), maximum node priority 3586
[incomplete structured log omitted]
Start importing Assets/Hollowmere/Interactables/Prefabs/CausewayGate.prefab using Guid(e699149427edd37cb8309467ca15aa06) (PrefabImporter) -> (artifact id: 'a23a824be7efa5ef368e666d18a5b2a4') in 0.002038439 seconds
Start importing Packages/com.unity.render-pipelines.core/Runtime/Debugging/Prefabs/Resources/DebugUIPersistentCanvas.prefab using Guid(f6b1a0fe75d5009449cf55ae76220e2b) (PrefabImporter) -> (artifact id: 'aaf452a6d730f7438f6fda9cee7362d0') in 0.004226183 seconds
Start importing Packages/com.unity.render-pipelines.core/Runtime/Debugging/Prefabs/Widgets/DebugUIButton.prefab using Guid(f6ce33b91f6ffe54cadacbf4bb112440) (PrefabImporter) -> (artifact id: 'c664ec349c7b9caec444d8310a767d3b') in 0.002397952 seconds
Start importing Packages/com.unity.render-pipelines.core/Runtime/Debugging/Prefabs/Widgets/DebugUIColor.prefab using Guid(77c185820dd1a464eac89cae3abccddf) (PrefabImporter) -> (artifact id: 'b2443116ae4618b1cb9a68f0216aedbd') in 0.004543523 seconds
Start importing Assets/Hollowmere/World/Prefabs/Lantern.prefab using Guid(8704ebf489331acbe907a3964d6f987a) (PrefabImporter) -> (artifact id: 'fda68e0c19a0cde2aaf2e1742f6069ff') in 0.001496252 seconds
Start importing Packages/com.unity.render-pipelines.core/Runtime/Debugging/Prefabs/Widgets/DebugUIValuePersistent.prefab using Guid(8778e6b26b51c6a4999b94d7cacd8b5d) (PrefabImporter) -> (artifact id: '1ee9337b8d9eda49db6e65fb1203df10') in 0.002178165 seconds
Start importing Packages/com.unity.render-pipelines.core/Runtime/Debugging/Prefabs/Widgets/DebugUIHBox.prefab using Guid(f7f5e36797cf0c1408561665c67b179b) (PrefabImporter) -> (artifact id: '220a1827bbda8144b530c2338489179b') in 0.002283422 seconds
Start importing Packages/com.unity.render-pipelines.core/Runtime/Debugging/Prefabs/Widgets/DebugUIGroup.prefab using Guid(38a07789c9e87004dad98c2909f58369) (PrefabImporter) -> (artifact id: '9def2f906a14f995950feb78e7135539') in 0.002462584 seconds
Start importing Packages/com.unity.render-pipelines.core/Runtime/Debugging/Prefabs/Widgets/DebugUIObjectPopupField.prefab using Guid(48fb043c850cadc4a883b53785e14c6e) (PrefabImporter) -> (artifact id: '79bf8c6ead48cc204670e2bfb85b6ebe') in 0.002873949 seconds
Start importing Packages/com.unity.render-pipelines.core/Runtime/Debugging/Prefabs/Widgets/DebugUIEnumField.prefab using Guid(988db55689193434fb0b3b89538f978f) (PrefabImporter) -> (artifact id: '3551fe8d8ce50e9018391fa1b63799d4') in 0.00257103 seconds
Start importing Packages/com.unity.render-pipelines.core/Runtime/Debugging/Prefabs/Widgets/DebugUIObject.prefab using Guid(a87cfaef648f17c41b568e842e068c51) (PrefabImporter) -> (artifact id: 'e5cf091f9faf2fc9288dca398f4ee931') in 0.002166605 seconds
Start importing Packages/com.unity.render-pipelines.core/Runtime/Debugging/Prefabs/Widgets/DebugUIFloatField.prefab using Guid(d8c744701b43c864b88e7f8144e19bc5) (PrefabImporter) -> (artifact id: '7515b6fbb66b55b070553976ebf7745f') in 0.003296636 seconds
Start importing Packages/com.unity.entities/Unity.Entities.Hybrid.Tests/Prefabs/Prefab_Reference_Prefab.prefab using Guid(09b1f1eddafb12849bff8b0da87c78f0) (PrefabImporter) -> (artifact id: 'dc35bfc966d11553230ee8175e12973a') in 0.001597344 seconds
Start importing Packages/com.unity.entities/Unity.Scenes.Editor.PerformanceTests/Assets/Empty.prefab using Guid(49cb77be2b9bdfa42ac1a0cfd55dd7f3) (PrefabImporter) -> (artifact id: '3d8eec7a11d5441601a101073e89f37d') in 0.001540122 seconds
Start importing Assets/Hollowmere/Npcs/Prefabs/NpcCapsule.prefab using Guid(596458344de352360aa8f29ac9a49551) (PrefabImporter) -> (artifact id: '88b3f393f921367bb2a483ec7f6b65ed') in 0.003008839 seconds
Start importing Packages/com.unity.entities/Unity.Entities.Hybrid.Tests/Prefabs/Prefab_Hierarchy.prefab using Guid(89ee37a9ee5f7c94cbb0f67649c33f56) (PrefabImporter) -> (artifact id: '283f07aeb69e123fe752700c99a7b3ee') in 0.002155559 seconds
Start importing Packages/com.unity.entities/Unity.Entities.Hybrid.Tests/Prefabs/Prefab_Reference_Self.prefab using Guid(a9de45f391d304d438c772da9c605c79) (PrefabImporter) -> (artifact id: '35ae077c06b8e232fa240b3fb11085f0') in 0.002004647 seconds
Start importing Assets/Hollowmere/World/Prefabs/Crate.prefab using Guid(3a3ab1dbd2d2e5d6c995ccdc12aaa6c4) (PrefabImporter) -> (artifact id: 'd229f59bca4e564c17773e245c60b55c') in 0.001935833 seconds
Start importing Assets/Hollowmere/World/Prefabs/Stone.prefab using Guid(5aec4965021388684a4da1c4d82f2365) (PrefabImporter) -> (artifact id: '4e2a6e333ad2234df2f76e45a1568b25') in 0.002128456 seconds
Start importing Assets/Hollowmere/Interactables/Prefabs/WellBucket.prefab using Guid(7a6a9214c66806d5abc472287fa8c670) (PrefabImporter) -> (artifact id: '84b86d75721e703feaead47b01b0cde8') in 0.001895388 seconds
Start importing Packages/com.unity.render-pipelines.core/Runtime/Debugging/Prefabs/Widgets/DebugUIVBox.prefab using Guid(ca3e294656861a64b8aeeb9f916da0a9) (PrefabImporter) -> (artifact id: '33c29db82b3cf8b61de3d5a6ef69d80a') in 0.00261311 seconds
Start importing Packages/com.unity.render-pipelines.core/Runtime/Debugging/Prefabs/Widgets/DebugUIPanel.prefab using Guid(daa46a58178a6ad41ae1ddc2dc7f856d) (PrefabImporter) -> (artifact id: 'e48c4bf9a0a7c5de3380dbc77238a337') in 0.016754894 seconds
Start importing Assets/Hollowmere/Player/Player.prefab using Guid(5b1b549287d50687faba9355aca0c160) (PrefabImporter) -> (artifact id: '48cc151814f14373b4566ffe5b1863d5') in 0.001984418 seconds
Start importing Packages/com.unity.entities/Unity.Scenes.Editor.PerformanceTests/Assets/Sphere.prefab using Guid(8b8b2306a76110642a3d9d1b79fc7cdc) (PrefabImporter) -> (artifact id: '596969d6a35c78a43d93e147b91f3f53') in 0.002139258 seconds
Start importing Packages/com.unity.render-pipelines.core/Runtime/Debugging/Prefabs/Widgets/DebugUIFoldout.prefab using Guid(1c87ab2ce8b8b304d98fbe9a734b1f74) (PrefabImporter) -> (artifact id: '5b8059f78920727712df03dc5ae0f619') in 0.004353434 seconds
Start importing Packages/com.unity.render-pipelines.core/Runtime/Debugging/Prefabs/Widgets/DebugUIBitField.prefab using Guid(7c78b588b2e1f7c4a86ca4a985cf6e4a) (PrefabImporter) -> (artifact id: 'c097408a92df7e4b0aa3b4301d6c2f08') in 0.027374686 seconds
Start importing Packages/com.unity.render-pipelines.core/Runtime/Debugging/Prefabs/Widgets/DebugUIValue.prefab using Guid(dc0f88987826e6e48b1fe9c7c2b53a53) (PrefabImporter) -> (artifact id: '994fe1e6471e527078a853325eae2d72') in 0.003029463 seconds
Start importing Packages/com.unity.render-pipelines.core/Runtime/Debugging/Prefabs/Widgets/DebugUIRow.prefab using Guid(2d019437ff89b8d44949727731cd9357) (PrefabImporter) -> (artifact id: '459619db1eba97b58b14052f1bcb1486') in 0.004495112 seconds
Start importing Packages/com.unity.render-pipelines.core/Runtime/Debugging/Prefabs/Widgets/DebugUIObjectList.prefab using Guid(ad83bc56407925d44a77a5bd01cd6783) (PrefabImporter) -> (artifact id: '1c89fdfffbecf6e92bae40bc5419d85b') in 0.003438821 seconds
Start importing Packages/com.unity.entities/Unity.Scenes.Hybrid.Tests/TestSceneWithSubScene/TestPrefab.prefab using Guid(bd8aa253eb3d6174c813ccfbff525b48) (PrefabImporter) -> (artifact id: 'af85e633f61ef87eb196043813abc873') in 0.002015822 seconds
Start importing Packages/com.unity.render-pipelines.core/Runtime/Debugging/Prefabs/Widgets/DebugUIIntField.prefab using Guid(ae00bb75e0cd5b04b8fe7fb4ab662629) (PrefabImporter) -> (artifact id: '3b9811ca261c8b133adf0f3b407858c6') in 0.004143305 seconds
Start importing Packages/com.unity.render-pipelines.core/Runtime/Debugging/Prefabs/Widgets/DebugUIToggle.prefab using Guid(ce347ad101f41ee4ab5c3fbc0ea447db) (PrefabImporter) -> (artifact id: 'bb1a72e92e15d495cbda20a1b129e0ee') in 0.002729997 seconds
Start importing Packages/com.unity.render-pipelines.core/Runtime/Debugging/Prefabs/Resources/DebugUICanvas.prefab using Guid(cf6cbdd672089a84796e55a21fed1cbe) (PrefabImporter) -> (artifact id: 'b2a77b02add2925e7a4551b3597f4784') in 0.052848319 seconds
Start importing Packages/com.unity.shadergraph/Editor/Resources/Styles/SGBlackboard.uss using Guid(00d735264dc3c1849bf2ee8dec95ec39) (ScriptedImporter) -> (artifact id: '3818de1bd35784caeb3e043e617ab524') in 0.051306981 seconds
Start importing Packages/com.unity.render-pipelines.core/Editor/StyleSheets/HeaderFoldout.uss using Guid(20e417e1ec9645d44ad61671212c15f7) (ScriptedImporter) -> (artifact id: 'ff193af91f1b1f8626d421a5076d37f2') in 0.028062317 seconds
Start importing Packages/com.unity.entities/Editor Default Resources/uss/Journaling/entities-journaling-content_dark.uss using Guid(20c67d273ea5bff41869f1dd152fb857) (ScriptedImporter) -> (artifact id: 'cc64b3a7804d30ce796f15c19eaf36fa') in 0.003664226 seconds
Start importing Packages/com.unity.entities/Editor Default Resources/uss/Hierarchy/hierarchy-item.uss using Guid(20be7680c0110664b96fab07455fcbb0) (ScriptedImporter) -> (artifact id: 'a78e69bf12efad91e380f3dfded49b2b') in 0.010749535 seconds
Start importing Packages/com.unity.entities/Editor Default Resources/uss/Common/foldout-with-action-button.uss using Guid(30127f53bc2e911439ca84aeea96ab2e) (ScriptedImporter) -> (artifact id: '2e2daaf14326979f2abe57bf0f1607ee') in 0.003169958 seconds
Start importing Packages/com.unity.shadergraph/Editor/Resources/Styles/TabbedView.uss using Guid(5029dcd30f82c1144a88484f32a2f79c) (ScriptedImporter) -> (artifact id: 'bc791585054cb834ac2aa2d884b94274') in 0.001897598 seconds
Start importing Packages/com.unity.shadergraph/Editor/Resources/Styles/Controls/IntegerControlView.uss using Guid(600766c36ef866641959f10610a7ee4f) (ScriptedImporter) -> (artifact id: 'f3a9543871fd72c6b42f0e68664a719a') in 0.00186726 seconds
Start importing Packages/com.unity.entities/Editor Default Resources/uss/ActiveBuildConfiguration/active-build-config-window-item.uss using Guid(7073274637714d7418377a737e9c1f6c) (ScriptedImporter) -> (artifact id: '9772d6816a8f12f5d4410b12453d2a58') in 0.002389908 seconds
Start importing Packages/com.unity.entities/Editor Default Resources/uss/Controls/TabView/tab-view_light.uss using Guid(902e817ad9615f741bc63c39dcae4e30) (ScriptedImporter) -> (artifact id: '884e6e2a616dc449f7ed03fc646f38e0') in 0.001732899 seconds
Start importing Packages/com.unity.shadergraph/Editor/Resources/Styles/HelpBoxRow.uss using Guid(c0c3b27af341d91469183b16b7d6638b) (ScriptedImporter) -> (artifact id: '3bbd0198c82d021a8269c73f92da3096') in 0.002548073 seconds
Start importing Packages/com.unity.entities/Editor Default Resources/uss/Journaling/search-and-goto-buttons_dark.uss using Guid(d0ba21270cbf0fc448d420b809058427) (ScriptedImporter) -> (artifact id: '86892c23e0eac30b282d496588b1353b') in 0.011473462 seconds
Start importing Packages/com.unity.entities/Editor Default Resources/Unity.Entities.UI/uss/common_light.uss using Guid(d09c2148428d24d49bf4d3e89848bf4a) (ScriptedImporter) -> (artifact id: '73df330ec0f65ec39b0bd4e99ca5297b') in 0.00314738 seconds
Start importing Packages/com.unity.entities/Editor Default Resources/uss/Journaling/entities-journaling-details-entity_light.uss using Guid(01e4f0658f88ef341af7d931204f0620) (ScriptedImporter) -> (artifact id: 'fc5be654fb2eb13323dcbe0670d462fd') in 0.00368394 seconds
Start importing Packages/com.unity.entities/Editor Default Resources/uss/PieChart.uss using Guid(012b709a2b0c046f7925f173a44dd165) (ScriptedImporter) -> (artifact id: 'a6723f41a2cae8740156800097235a34') in 0.002492412 seconds
Start importing Packages/com.unity.render-pipelines.universal/Editor/Converter/converter_widget_main.uss using Guid(012f251bbb5d36246a87499f75dd8b24) (ScriptedImporter) -> (artifact id: 'feb3afe6a30f28ed4a6221500245a3e6') in 0.001941899 seconds
Start importing Assets/Hollowmere/UI/Theme/Hollowmere.uss using Guid(1130a4a1a58445628967b81a091beca8) (ScriptedImporter) -> (artifact id: '7a5832f00db556fa8934fe4ce3acbe44') in 0.006341724 seconds
Start importing Packages/com.unity.entities/Editor Default Resources/uss/ProfilerModules/memory-profiler-component_light.uss using Guid(41658340632143e40805230e0a6ec051) (ScriptedImporter) -> (artifact id: '4ac2756b9b1a26b8c994b6b5e993dfe5') in 0.007150525 seconds
Start importing Packages/com.unity.entities/Editor Default Resources/uss/Common/autocomplete.uss using Guid(411941b66bb9dc147addcf44883bb030) (ScriptedImporter) -> (artifact id: '39f5f50c9f9ff2b36a6bb33f84e658cd') in 0.002245199 seconds
Start importing Packages/com.unity.shadergraph/Editor/Resources/Resizable.uss using Guid(419e3929026046a4797ab0c35f33a788) (ScriptedImporter) -> (artifact id: 'a0f5c9f8bdf366da63159170e3c8a15a') in 0.003250102 seconds
Start importing Packages/com.unity.entities/Editor Default Resources/Unity.Entities.UI/uss/common_dark.uss using Guid(51c35d0ee8576d14b937dc9df8b05e80) (ScriptedImporter) -> (artifact id: 'f7c47fcf97c0789c6e772450a6ffdf6a') in 0.002334125 seconds
Start importing Packages/com.unity.shadergraph/Editor/Resources/Styles/Controls/ScreenPositionSlotControlView.uss using Guid(61a89c57c8aee6c43ac9433a7a5dbf9e) (ScriptedImporter) -> (artifact id: '5a6f739549523554f9b136077e96a420') in 0.001922405 seconds
Start importing Packages/com.unity.entities/Editor Default Resources/uss/Preferences/preferences-setting.uss using Guid(611a835f3155e1a40a99b6bdd832e8eb) (ScriptedImporter) -> (artifact id: '6357c2fe233762d3bc982c2f43c8272c') in 0.001975537 seconds
Start importing Packages/com.unity.shadergraph/Editor/Resources/Styles/PixelCacheProfiler.uss using Guid(61cf67e9c1f54ceab08d2bd16ffd3c53) (ScriptedImporter) -> (artifact id: 'ffa6cc503e9a21792b1ca896461f2f0c') in 0.001993656 seconds
Start importing Packages/com.unity.shadergraph/Editor/Resources/Styles/Controls/CubemapSlotControlView.uss using Guid(81f64e9003fb9674889a56938f078eb0) (ScriptedImporter) -> (artifact id: 'b2d7323225fef3a2e4302badedda557d') in 0.001986161 seconds
Start importing Packages/com.unity.entities/Editor Default Resources/Unity.Entities.UI/uss/two-pane-split-view.uss using Guid(916c8779552ad754f9f21c4235a2101e) (ScriptedImporter) -> (artifact id: 'd14f2f7e54cc4b654c80f42da7cde306') in 0.003427675 seconds
Start importing Packages/com.unity.shadergraph/Editor/Resources/Styles/MasterPreviewView.uss using Guid(a141d7b330b4c764ab25b2ba4ac38b2f) (ScriptedImporter) -> (artifact id: '39447fe9a4cf920f661e67068b517da6') in 0.00353279 seconds
Start importing Packages/com.unity.entities/Editor Default Resources/Unity.Entities.UI/uss/add-collection-item.uss using Guid(d1e87fe7e57a81345a3fcea2a7a4c14a) (ScriptedImporter) -> (artifact id: 'c623bbc92b6883751ba4c5efabeedd47') in 0.003668365 seconds
Start importing Packages/com.unity.shadergraph/Editor/Resources/Styles/RedirectNode.uss using Guid(e1a4e0aa330ca2f43b4625b248a0539e) (ScriptedImporter) -> (artifact id: '95fb14306e929a52b7e9a485ad97c720') in 0.004440575 seconds
Start importing Packages/com.unity.entities/Editor Default Resources/uss/Hierarchy/hierarchy-loading.uss using Guid(e1bcd2a219086744b95d26c4ca6bef9f) (ScriptedImporter) -> (artifact id: 'fd1b75d8ce61caf7dc734eb9a2061432') in 0.00349524 seconds
Start importing Packages/com.unity.entities/Editor Default Resources/uss/Components/component-type-view.uss using Guid(f156b619677a5f646b959925c6af110c) (ScriptedImporter) -> (artifact id: '657fed054e3c0206f6bd816f54e85c53') in 0.004041143 seconds
Start importing Packages/com.unity.entities/Editor Default Resources/uss/Common/system-dependency-view.uss using Guid(02e13a11616b4354b8ce672db0f9ff9f) (ScriptedImporter) -> (artifact id: 'edddd565aad53b78ed7f5ed46027a410') in 0.003178161 seconds
Start importing Packages/com.unity.entities/Editor Default Resources/uss/Preferences/preferences-value.uss using Guid(02d5da325d1bfb14d85e46964ce017d9) (ScriptedImporter) -> (artifact id: 'f1ea4d5e2888bb45be25a981165f1fd7') in 0.002384535 seconds
Start importing Packages/com.unity.shadergraph/Editor/Resources/Styles/Controls/TextureArraySlotControlView.uss using Guid(223e574ec2e9a40e690b2d94380057cf) (ScriptedImporter) -> (artifact id: 'f8425fb1df4d0789c3f723c0a469ae6b') in 0.002049799 seconds
Start importing Packages/com.unity.entities/Editor Default Resources/uss/Inspector/entity-inspector-components-tab.uss using Guid(3218308db1c3ce246b4eb93b23d7350d) (ScriptedImporter) -> (artifact id: '4b61f1e3902fe9fe9fdee7179e54c038') in 0.001933694 seconds
Start importing Packages/com.unity.entities/Editor Default Resources/uss/Spinner/spinner_light.uss using Guid(62e01bb374e968e458606b5d90aea6e8) (ScriptedImporter) -> (artifact id: '128afbfe26b6c0847ad9ebefc48de33a') in 0.00219286 seconds
Start importing Packages/com.unity.entities/Editor Default Resources/uss/ActiveBuildConfiguration/active-build-config-dropdown_dark.uss using Guid(8264ea2c542e0e241adaba95fbfbe1dd) (ScriptedImporter) -> (artifact id: 'c10d65ad13e02575554886b2907de23e') in 0.002111779 seconds
Start importing Packages/com.unity.entities/Editor Default Resources/uss/SystemSchedule/system-schedule-item.uss using Guid(82270f3f01f539a488203989f817aa71) (ScriptedImporter) -> (artifact id: '1e3e26a4e779609e71b5f9bb3fcbfd84') in 0.006014538 seconds
Start importing Packages/com.unity.entities/Editor Default Resources/uss/Content/entity-info.uss using Guid(92ad3a5ab945a3849b0da6ee42960e41) (ScriptedImporter) -> (artifact id: '49663823bcae508dac71ee8ac76ebc3e') in 0.002339719 seconds
Start importing Packages/com.unity.render-pipelines.core/Editor/StyleSheets/RenderPipelineGlobalSettings.uss using Guid(925e22fd08389624bbc859935ca73339) (ScriptedImporter) -> (artifact id: '9aa209aa033fb46f4bb22f7bafbc22ac') in 0.002314865 seconds
Start importing Packages/com.unity.entities/Editor Default Resources/uss/Journaling/entities-journaling-details-component_light.uss using Guid(c24788d5231931a41a70414b8fd9d512) (ScriptedImporter) -> (artifact id: 'e27b48ecdd851f5e6d9b6c1cb8d75621') in 0.002907892 seconds
Start importing Packages/com.unity.entities/Editor Default Resources/uss/Journaling/search-and-goto-buttons.uss using Guid(c2b7841f777e050469a60b2c943c6e8c) (ScriptedImporter) -> (artifact id: '36332ffc29acd36d47fbd3c9d9c10464') in 0.002459347 seconds
Start importing Packages/com.unity.entities/Editor Default Resources/uss/Journaling/entities-journaling-content_light.uss using Guid(d235819d2a497814787d33656f12ef78) (ScriptedImporter) -> (artifact id: 'a69544cc1c1e2c3d0b77e552ff6df9a8') in 0.001836892 seconds
Start importing Packages/com.unity.entities/Editor Default Resources/uss/Components/components-window_light.uss using Guid(03127dd370ce826479a1aeeab9d646e0) (ScriptedImporter) -> (artifact id: 'f5dd8a84f864fc8e7a19e30cc044b564') in 0.001750298 seconds
Start importing Packages/com.unity.render-pipelines.universal/Editor/Converter/converter_editor.uss using Guid(0356b27d63ed56a4c9b6fa5b729c89f8) (ScriptedImporter) -> (artifact id: 'cf566e1229443b2d130943f4a2243197') in 0.002017539 seconds
Start importing Packages/com.unity.entities/Editor Default Resources/uss/Inspector/tag-component-element.uss using Guid(1381a3f8a295d064cb333eb13cf629c4) (ScriptedImporter) -> (artifact id: '5582fbd65f1fe33cd1485c0eab35995b') in 0.001906471 seconds
Start importing Packages/com.unity.entities/Editor Default Resources/Unity.Entities.UI/uss/lazy-load-reference.uss using Guid(433e17cb71d2e1e4c8370e94ce5d05af) (ScriptedImporter) -> (artifact id: 'f29d2b28e5dea259c28d46936c1743c8') in 0.001872322 seconds
Start importing Packages/com.unity.entities/Editor Default Resources/uss/Journaling/entities-journaling-details_dark.uss using Guid(43deda06caa40d04ab77828bf311ddc3) (ScriptedImporter) -> (artifact id: '36183913dac7491ceb78c8f9ad7308ec') in 0.002439894 seconds
Start importing Packages/com.unity.entities/Editor Default Resources/uss/ProfilerModules/memory-profiler-right-pane_dark.uss using Guid(6357d0586ecca704ca627ea73bd76d8c) (ScriptedImporter) -> (artifact id: '14bbd704a3eecad6f43b162bb5c02d04') in 0.002664112 seconds
Start importing Packages/com.unity.ai.navigation/Editor/ConversionSystem/converter_widget.uss using Guid(63cb84b97408b4d25a6925daccffcd22) (ScriptedImporter) -> (artifact id: '9f2a56a83a810b427360d004488500bc') in 0.001765584 seconds
Start importing Packages/com.unity.shadergraph/Editor/Resources/Styles/ShaderPort.uss using Guid(736551d82e9cda54b8f6f606ebc6de27) (ScriptedImporter) -> (artifact id: '1b14330978c4628cd18c9b7c4b27a834') in 0.006170372 seconds
Start importing Packages/com.unity.render-pipelines.core/Editor/StyleSheets/DefaultVolumeProfileEditor.uss using Guid(83a028a39a272694784e78db21cff69b) (ScriptedImporter) -> (artifact id: '6b92114cf84053863ab1e997f111612b') in 0.00237169 seconds
Start importing Packages/com.unity.shadergraph/Editor/Resources/Styles/PropertyNameReferenceField.uss using Guid(93842094f0dbac941bac7d2af67241b3) (ScriptedImporter) -> (artifact id: 'd7a2c00078579d3a0bfb6b498cb64aa9') in 0.001905691 seconds
Start importing Packages/com.unity.entities/Editor Default Resources/uss/StyleSheets/Extensions/common.uss using Guid(93488387164280342a9e292cdc777dd4) (ScriptedImporter) -> (artifact id: '4274315c4f5c844566c8c54106f2ed8a') in 0.002575367 seconds
Start importing Packages/com.unity.entities/Unity.Entities.Editor/ContentProvider/Selection/uss/content-not-ready.uss using Guid(b37077129a23f414e82574f53470acf3) (ScriptedImporter) -> (artifact id: 'b5e58e1334fddb61eac3d71df7b4d697') in 0.003077285 seconds
Start importing Packages/com.unity.entities/Editor Default Resources/Unity.Entities.UI/uss/list-element-default.uss using Guid(d3f118fe343260145803cc21672b829d) (ScriptedImporter) -> (artifact id: 'c071d54ff01e9cf1d056c2e1e4fdad12') in 0.002356959 seconds
Start importing Packages/com.unity.entities/Editor Default Resources/uss/Common/query-view.uss using Guid(d3f4c48d761c8ca4098b8aee71e78033) (ScriptedImporter) -> (artifact id: '563e5654504cdaa3cabce03cb21ec60c') in 0.002482271 seconds
Start importing Packages/com.unity.entities/Editor Default Resources/uss/Journaling/entities-journaling-window.uss using Guid(14fae58bb20342843b282ab7d6cb31c5) (ScriptedImporter) -> (artifact id: '6179a78735034a5dbf0e164c7b2eceb5') in 0.004107349 seconds
Start importing Packages/com.unity.entities/Editor Default Resources/uss/Hierarchy/hierarchy-prefab-stage.uss using Guid(34651e64f54646d29f155ec984b568a5) (ScriptedImporter) -> (artifact id: '7ef7e47092dd95195c33f594f15c514f') in 0.002936779 seconds
Start importing Packages/com.unity.entities/Editor Default Resources/uss/Common/foldout-without-action-button.uss using Guid(44b8da52eaaa2fc4785b2c4c51b89489) (ScriptedImporter) -> (artifact id: 'e9198d702257a1d9fdcdd3788da8c97a') in 0.002906868 seconds
Start importing Packages/com.unity.shadergraph/Editor/Resources/Styles/HeatmapValuesEditor.uss using Guid(54f2b0dd16c64e699842f28e948cc04b) (ScriptedImporter) -> (artifact id: '85476f5e7a170831edf860e176386256') in 0.002552169 seconds
Start importing Packages/com.unity.entities/Editor Default Resources/Unity.Entities.UI/uss/build-configuration.uss using Guid(5405049c7fddbc54fa6e65a2ec151a7d) (ScriptedImporter) -> (artifact id: 'a48e24d4a67502f6478e3eca50c4cc85') in 0.00575095 seconds
Start importing Packages/com.unity.entities/Editor Default Resources/Unity.Entities.UI/uss/null-string-field.uss using Guid(54e560af463a3154293765b75207ffc0) (ScriptedImporter) -> (artifact id: 'ecbbd5cadf5cccf667c655ea47501020') in 0.003006502 seconds
Start importing Packages/com.unity.entities/Editor Default Resources/uss/Components/components-window_dark.uss using Guid(54ebf326a87cdd44da00c3584dcbd1db) (ScriptedImporter) -> (artifact id: 'dac79737b28ba9a09d837ab9d05f2dee') in 0.002637061 seconds
Start importing Packages/com.unity.entities/Editor Default Resources/uss/Inspector/entity-inspector-relationships-tab.uss using Guid(54ccb561a575e834d84af3280df3847d) (ScriptedImporter) -> (artifact id: '88811c34df0d7c0a692ba67c5be98514') in 0.002779326 seconds
Start importing Packages/com.unity.entities/Editor Default Resources/uss/Journaling/entities-journaling-details-entity_dark.uss using Guid(64430018b5a92b04599c1bda0cb51284) (ScriptedImporter) -> (artifact id: 'e13d23e03215ee47bc661af3c4abd9a8') in 0.004087318 seconds
Start importing Packages/com.unity.shadergraph/Editor/Resources/Styles/GraphSubWindow.uss using Guid(74741f330ea4fe848977aa5900880f7b) (ScriptedImporter) -> (artifact id: 'e61c0c276a6ac1b6fb405edfca0de2f2') in 0.005020343 seconds
Start importing Packages/com.unity.entities/Editor Default Resources/Unity.Entities.UI/uss/build-configuration-dependency_dark.uss using Guid(a477c1a606b92264ca4be45319cfc247) (ScriptedImporter) -> (artifact id: '6105bb1a334689ed21e52244ad6d4576') in 0.00221603 seconds
Start importing Packages/com.unity.entities/Editor Default Resources/uss/Common/component-view.uss using Guid(a4bf23801ecfc234c8357e21ead9c971) (ScriptedImporter) -> (artifact id: 'eb4a845c8289063e52fbbe7705f54668') in 0.003133551 seconds
Start importing Packages/com.unity.shadergraph/Editor/Resources/Styles/MaterialNodeView.uss using Guid(c47827ee6a0eadd4288dede8e3993da3) (ScriptedImporter) -> (artifact id: 'eae16c1fcd8fac4669e4dafe33446346') in 0.008488308 seconds
Start importing Packages/com.unity.shadergraph/Editor/Resources/Styles/Controls/SliderControlView.uss using Guid(e425c4562a777aa40a6daed5f97d03b7) (ScriptedImporter) -> (artifact id: 'f605b676ebda6164ab5a3acf64afc75a') in 0.003944838 seconds
Start importing Packages/com.unity.entities/Editor Default Resources/uss/ProfilerModules/memory-profiler-left-pane_light.uss using Guid(152996d2a07a6fb49869acb17e2552c6) (ScriptedImporter) -> (artifact id: '823e82efb36c698a12ddbf67d619f794') in 0.003311868 seconds
Start importing Packages/com.unity.entities/Editor Default Resources/uss/Common/system-queries-view.uss using Guid(3553fbf0426ca5048b4610e22fc84fbc) (ScriptedImporter) -> (artifact id: 'e7fe0972c07d50dab2c4123994c4ad28') in 0.003310379 seconds
Start importing Packages/com.unity.entities/Editor Default Resources/uss/ProfilerModules/memory-profiler-right-pane.uss using Guid(453e059144efd9547a9ec2e72b9233e3) (ScriptedImporter) -> (artifact id: '4aabfc2b9aec335e8b2109f9fd8ec545') in 0.003856598 seconds
Start importing Packages/com.unity.entities/Editor Default Resources/uss/Inspector/unsupported-inspector.uss using Guid(6586ddbe77e9c4fd88e0bc5295c77978) (ScriptedImporter) -> (artifact id: 'd3674d88c1db82d4431915adc7c14489') in 0.004227066 seconds
Start importing Packages/com.unity.entities/Editor Default Resources/uss/SystemSchedule/system-schedule_light.uss using Guid(85e0797299719ba418a656ea1356c917) (ScriptedImporter) -> (artifact id: 'f8377b06dfcd0bd9559bed5aef97219d') in 0.002994375 seconds
Start importing Packages/com.unity.entities/Editor Default Resources/uss/Common/autocomplete_dark.uss using Guid(d595ab0cf391f3845a7cc4f301dec530) (ScriptedImporter) -> (artifact id: '864728626c7c4c0d9dbc83b6fd0c965a') in 0.00269585 seconds
Start importing Packages/com.unity.entities/Editor Default Resources/Unity.Entities.UI/uss/common.uss using Guid(d52e75456734e484d925164b62e7c3a1) (ScriptedImporter) -> (artifact id: '0607875da685febd608d83dc2976fa63') in 0.003597278 seconds
Start importing Packages/com.unity.entities/Editor Default Resources/uss/Content/section.uss using Guid(e54bd7677a18a8e45ae37e9094da218c) (ScriptedImporter) -> (artifact id: '8ecd9f03040c59715691c0294110e7c5') in 0.00418575 seconds
Start importing Packages/com.unity.shadergraph/Editor/Resources/Styles/PropertyNodeView.uss using Guid(0620899e56d69964ba2cbda1de01bbe2) (ScriptedImporter) -> (artifact id: 'c38d04a67403fca028f535ed5a617368') in 0.002619067 seconds
Start importing Packages/com.unity.entities/Editor Default Resources/Unity.Entities.UI/uss/pagination-element.uss using Guid(36b0acd2d2dffe34783268aae0368215) (ScriptedImporter) -> (artifact id: '67af2dbf23dd8ccc8134aa9120f0180b') in 0.003052754 seconds
Start importing Packages/com.unity.entities/Editor Default Resources/uss/ActiveBuildConfiguration/active-build-config-dropdown.uss using Guid(4668d4d693a86f6498b9039262408eac) (ScriptedImporter) -> (artifact id: 'b28092696d1311d138393ed5a648be29') in 0.002391456 seconds
Start importing Packages/com.unity.shadergraph/Editor/Resources/Styles/MaterialGraph.uss using Guid(466e6b269ff1900438e46c66af51cef8) (ScriptedImporter) -> (artifact id: 'a3eeeda8475ee24a8cd845b6de2cc0fd') in 0.001470121 seconds
Start importing Packages/com.unity.shadergraph/Editor/Resources/Styles/Controls/PopupControlView.uss using Guid(5632d12a476944a4c96410178f559fd3) (ScriptedImporter) -> (artifact id: '020d10f5a4f62263a0b8f150f7dbff72') in 0.001901304 seconds
Start importing Packages/com.unity.shadergraph/Editor/Resources/Styles/Controls/GradientSlotControlView.uss using Guid(76dc05b36584d4d0085b786ca1b29fe3) (ScriptedImporter) -> (artifact id: '8b57b18ee3eb77fcf1069d536bba956c') in 0.001876396 seconds
Start importing Packages/com.unity.shadergraph/Editor/Resources/Styles/ReorderableSlotListView.uss using Guid(86af34a821ab1e64aa04298dc9cafb4e) (ScriptedImporter) -> (artifact id: 'e0eeceb8e687a7b05f0378c3b079c2a2') in 0.001938952 seconds
Start importing Packages/com.unity.shadergraph/Editor/Resources/Styles/Controls/EnumConversionControlView.uss using Guid(96e6e59ca33b02f4e816a4693a642883) (ScriptedImporter) -> (artifact id: '7ee492ca8a8ce88dc638aab79d414678') in 0.002166412 seconds
Start importing Packages/com.unity.shadergraph/Editor/Resources/Styles/Controls/ColorRGBASlotControlView.uss using Guid(a690636bb8883ea4db5f27192551b973) (ScriptedImporter) -> (artifact id: '355b4e2d6cc166c83d95beb8e8e74200') in 0.001802177 seconds
Start importing Packages/com.unity.entities/Editor Default Resources/uss/ActiveBuildConfiguration/active-build-config-popup_light.uss using Guid(a641c63a9ca8f50468415985cc8c4f9a) (ScriptedImporter) -> (artifact id: '94b03134e9df384fff00e5ff759fecb5') in 0.002257664 seconds
Start importing Packages/com.unity.shadergraph/Editor/Resources/Styles/Controls/DielectricSpecularControlView.uss using Guid(b6e0d19d1d9f531419f20cd97c102ad5) (ScriptedImporter) -> (artifact id: '3eccd4c8028b6faf9691fa7f696eb2d2') in 0.002998716 seconds
Start importing Packages/com.unity.shadergraph/Editor/Resources/Styles/Controls/TextControlView.uss using Guid(b60919d98f4e6f54681012e4d7ad2a01) (ScriptedImporter) -> (artifact id: '04bf411d1220bbf408e87751e7b012b1') in 0.002200299 seconds
Start importing Packages/com.unity.shadergraph/Editor/Resources/Styles/HlslFunctionView.uss using Guid(c6a3af95768504ef29093f7793eaf5f9) (ScriptedImporter) -> (artifact id: '2a9141deea57ded9d7db2d63b713d563') in 0.002248591 seconds
Start importing Packages/com.unity.entities/Editor Default Resources/uss/Content/entity-query-header.uss using Guid(d6b92f6ef53f0004d8e12d505db7303b) (ScriptedImporter) -> (artifact id: 'a76f10ac4662a630632a9826e287145f') in 0.003317149 seconds
Start importing Packages/com.unity.entities/Editor Default Resources/uss/Controls/TabView/tab-view.uss using Guid(e68ef33ce663ff145a6499e8ba08133d) (ScriptedImporter) -> (artifact id: 'a314ed03199a059265ed7e598af3f46b') in 0.002482641 seconds
Start importing Packages/com.unity.shadergraph/Editor/Resources/Styles/CustomSlotLabelField.uss using Guid(07b35fab3034b5b4f92ad33b949d4340) (ScriptedImporter) -> (artifact id: 'd963a1e0a711f784f3da693ffd2b7ed7') in 0.002271561 seconds
Start importing Packages/com.unity.entities/Editor Default Resources/uss/ActiveBuildConfiguration/active-build-config-popup.uss using Guid(07156037b6225bc4abe1b3c2285b5a4e) (ScriptedImporter) -> (artifact id: '9c6910f37c3c2427cd50b5315fa25d08') in 0.003527516 seconds
Start importing Packages/com.unity.entities/Editor Default Resources/Unity.Entities.UI/uss/list-element.uss using Guid(0787e00706a54a44aaae919c9e6cc267) (ScriptedImporter) -> (artifact id: '544bd7baf7764b20bfb87b852ad61786') in 0.003107078 seconds
Start importing Packages/com.unity.entities/Editor Default Resources/uss/Inspector/entity-inspector.uss using Guid(07f9f4a30454cb6468651a36cb1cece3) (ScriptedImporter) -> (artifact id: 'a54aa568974c91549d8af4982caa46a3') in 0.00234072 seconds
Start importing Packages/com.unity.entities/Editor Default Resources/uss/Preferences/preferences-window.uss using Guid(17122775bf34c3143af1f3275a8778e0) (ScriptedImporter) -> (artifact id: '8044c47d475b8314223934ede9d1ed4a') in 0.002194495 seconds
Start importing Packages/com.unity.entities/Editor Default Resources/uss/Journaling/entities-journaling-details-component.uss using Guid(2701bd7b33e659648b7242babb587805) (ScriptedImporter) -> (artifact id: '6bb3194d21b502268b6bedddcf7e4dc0') in 0.003131445 seconds
Start importing Packages/com.unity.entities/Editor Default Resources/Unity.Entities.UI/uss/build-component.uss using Guid(27856cf839b417d49a97febe170cbf8d) (ScriptedImporter) -> (artifact id: '9b65b33730b072c1f547e2c3e73af4dd') in 0.003649884 seconds
Start importing Packages/com.unity.entities/Editor Default Resources/uss/ActiveBuildConfiguration/search-field_dark.uss using Guid(37d7360f5603385478bf01f6fe419841) (ScriptedImporter) -> (artifact id: 'e6e792062cf380080c0ae45aaa5d87b1') in 0.002644261 seconds
Start importing Packages/com.unity.entities/Editor Default Resources/Unity.Entities.UI/uss/classic-build-profile_light.uss using Guid(37385eff77132b34ea611b2bcfac166e) (ScriptedImporter) -> (artifact id: 'e714866686406d55984273541b895c70') in 0.001959778 seconds
Start importing Packages/com.unity.entities/Editor Default Resources/uss/Controls/foldout-field_light.uss using Guid(470c268d7c09c8843afbdb2709c83a6b) (ScriptedImporter) -> (artifact id: '73ec87a4981097f5cc9ad19d4aa25771') in 0.001791724 seconds
Start importing Packages/com.unity.entities/Editor Default Resources/uss/ProfilerModules/structural-changes-profiler-window_dark.uss using Guid(475ebeaf4046674498927c291a5b27bb) (ScriptedImporter) -> (artifact id: 'a86f69962d54cca59e3f9a3aa7280f04') in 0.002393176 seconds
Start importing Packages/com.unity.render-pipelines.core/Editor/StyleSheets/RenderGraphViewerDark.uss using Guid(a74acab1c36b3344e95480f4d42afd55) (ScriptedImporter) -> (artifact id: '2545569cebf33939099c0cb6aaf946f2') in 0.006867284 seconds
Start importing Packages/com.unity.entities/Unity.Entities.Editor/ContentProvider/Selection/uss/content-not-ready_light.uss using Guid(a79b512b745df384f9d5a653adc65863) (ScriptedImporter) -> (artifact id: '3f2fe2b412bcc701462a171787df9579') in 0.002362299 seconds
Start importing Packages/com.unity.entities/Editor Default Resources/uss/Journaling/entities-journaling-window_dark.uss using Guid(b7eda5f8a00d42c4bb5737e50770b92c) (ScriptedImporter) -> (artifact id: '78fee2ec3c9e5f61886ecab2cc864852') in 0.002892389 seconds
Start importing Packages/com.unity.shadergraph/Editor/Resources/Styles/Controls/BooleanSlotControlView.uss using Guid(c72bf0f50e306d944a1e48a2bb299082) (ScriptedImporter) -> (artifact id: '99524ee8cf0d9bdcbac176cbc59b071a') in 0.001951654 seconds
Start importing Packages/com.unity.render-pipelines.core/Editor/LookDev/DisplayWindow.uss using Guid(e78887bb3654fde48bc3bc31beb7c7e4) (ScriptedImporter) -> (artifact id: '07e5a2239a529847b27d87db2f80e1eb') in 0.008319755 seconds
Start importing Packages/com.unity.shadergraph/Editor/Resources/Styles/InspectorView.uss using Guid(485099284bca84dcfbf9af86eb599f6f) (ScriptedImporter) -> (artifact id: 'd49585c6d13f4ea3838558d78239c7eb') in 0.003736904 seconds
Start importing Packages/com.unity.entities/Editor Default Resources/uss/Inspector/entity-field.uss using Guid(4805676c899e44545b40a50c1d17ce12) (ScriptedImporter) -> (artifact id: '2a87b0973da7bce7ce5155c6f0e492bb') in 0.002224687 seconds
Start importing Packages/com.unity.shadergraph/Editor/Resources/Selectable.uss using Guid(58c573829af3c7c44aaf7d3125df048a) (ScriptedImporter) -> (artifact id: 'c801212c61abe69c593040b51838b9ea') in 0.002336072 seconds
Start importing Packages/com.unity.entities/Editor Default Resources/uss/Inspector/entity-inspector-aspects-tab_light.uss using Guid(5827488857908be49b7dd8ea89f15239) (ScriptedImporter) -> (artifact id: '1dbb190d3b69589723302f1f3ede9cae') in 0.001696038 seconds
Start importing Packages/com.unity.entities/Editor Default Resources/uss/Journaling/entities-journaling-details_light.uss using Guid(6851231afc70bb643adb830bc70a1f18) (ScriptedImporter) -> (artifact id: '7f7906efc5a9e31a6a5c926f3076200c') in 0.002347267 seconds
Start importing Packages/com.unity.entities/Editor Default Resources/uss/Content/header.uss using Guid(78d733d2e0721804a84b86a7103fa469) (ScriptedImporter) -> (artifact id: '37324a64a4cee990168d51f9ab0fd7b8') in 0.002009873 seconds
Start importing Packages/com.unity.shadergraph/Editor/Resources/Styles/Controls/MultiFloatControlView.uss using Guid(88a2f14704b95c04489527404f433249) (ScriptedImporter) -> (artifact id: 'a855ad839a5980d83bc250774ea12348') in 0.00208935 seconds
Start importing Packages/com.unity.shadergraph/Editor/Resources/Styles/Controls/EnumControlView.uss using Guid(98e35cb4631356142bd2f27a5a31543e) (ScriptedImporter) -> (artifact id: '2e4d4ce5b21616bb36d16f5334f055a5') in 0.001989282 seconds
Start importing Packages/com.unity.entities/Editor Default Resources/uss/Journaling/entities-journaling-window_light.uss using Guid(b89df067670920a45b5bf16f0c47f93d) (ScriptedImporter) -> (artifact id: 'a7815438fedf754dba2014e8ccfb857a') in 0.002693507 seconds
Start importing Packages/com.unity.entities/Editor Default Resources/uss/ProfilerModules/structural-changes-profiler-window_light.uss using Guid(c8d1195f1888e294a9dec41756116e87) (ScriptedImporter) -> (artifact id: '92cc304a6ac544a03ed4199b46ed2370') in 0.002279006 seconds
Start importing Packages/com.unity.shadergraph/Editor/Resources/Styles/GraphEditorView.uss using Guid(c8974112dad54614f894afd0042d3a60) (ScriptedImporter) -> (artifact id: '979a36d08e665798eb61cf0b5d2be856') in 0.006586387 seconds
Start importing Packages/com.unity.entities/Editor Default Resources/uss/Journaling/entities-journaling-details.uss using Guid(d8867d276bc11314eacdfa9c909a317a) (ScriptedImporter) -> (artifact id: '3853f8ca6049981068e5a828679ffeb5') in 0.004740838 seconds
Start importing Packages/com.unity.shadergraph/Editor/Resources/Styles/Controls/MultiFloatSlotControlView.uss using Guid(191128023ec19d143b9328a73ff33d8c) (ScriptedImporter) -> (artifact id: 'd99e9cc5e92b2ef3259fda41bbcf1aa3') in 0.002292161 seconds
Start importing Packages/com.gamecore.studio.ui/Editor/Resources/GameCoreStudio/StudioStyles.uss using Guid(19f9c589afdd43b681723eecbd6ca18c) (ScriptedImporter) -> (artifact id: '9b7677b1c975d8cf5add6dfb384bbb15') in 0.009485857 seconds
Start importing Packages/com.unity.shadergraph/Editor/Resources/StickyNote.uss using Guid(49f440ce949d5b944bccdfef70f2aca7) (ScriptedImporter) -> (artifact id: 'ae442a900ada83157beef48921556a02') in 0.005955094 seconds
Start importing Packages/com.unity.entities/Editor Default Resources/uss/ProfilerModules/memory-profiler-tree-view-item.uss using Guid(5920aed470f9b1542866184d732fa405) (ScriptedImporter) -> (artifact id: '382f5cf0c1dbcd0d29ee3d4960d714c7') in 0.002243492 seconds
Start importing Packages/com.unity.shadergraph/Editor/Resources/Styles/NodeSettings.uss using Guid(59bba4c88ab5f464d9a8f51088561c48) (ScriptedImporter) -> (artifact id: '33bb653270b45062638aa21f6eab5267') in 0.001945298 seconds
Start importing Packages/com.unity.shadergraph/Editor/Resources/Styles/Controls/TextureSlotControlView.uss using Guid(69d9130ff4b1d8847904bf9579adc7e0) (ScriptedImporter) -> (artifact id: '6dfb371336f605784b9d5b4111b02788') in 0.001816454 seconds
Start importing Packages/com.unity.shadergraph/Editor/Resources/Styles/Controls/UVSlotControlView.uss using Guid(79edeef1474952e41b017ad4ac812f5e) (ScriptedImporter) -> (artifact id: 'f27c55a524de715faca8fbfb4c782dd3') in 0.001707341 seconds
Start importing Packages/com.unity.entities/Unity.Scenes.Editor/ClearEntitiesCacheWindow/ClearEntitiesCacheWindow.uss using Guid(893506d1a73aec94d83cf0805016fe77) (ScriptedImporter) -> (artifact id: '5dff3519369ef1da0b00f84852cc68d6') in 0.002599153 seconds
Start importing Packages/com.unity.entities/Editor Default Resources/uss/ProfilerModules/memory-profiler-left-pane_dark.uss using Guid(89c89efe4bc899149af74edc6fd3a34e) (ScriptedImporter) -> (artifact id: '6e04aa7b77f362b518e9ea42174c73b7') in 0.00218735 seconds
Start importing Packages/com.unity.entities/Editor Default Resources/uss/Search/search-element-filter-popup.uss using Guid(9956b54219ee54028a47527161197e5c) (ScriptedImporter) -> (artifact id: '06a828b2504da54bb0538a5d2a8af861') in 0.002239662 seconds
Start importing Packages/com.unity.shadergraph/Editor/Resources/Styles/Controls/ChannelMixerControlView.uss using Guid(99d6d41531ec36841953987e7ae78317) (ScriptedImporter) -> (artifact id: '507c76c2b27196c2713900ddba2b7f35') in 0.002846174 seconds
Start importing Packages/com.unity.shadergraph/Editor/Resources/Styles/MaterialGraphView.uss using Guid(c95091ab1e1b926498a5938a7d0e1ef6) (ScriptedImporter) -> (artifact id: '5c86fee5af2941e1c68025de054c0faa') in 0.001724877 seconds
Start importing Packages/com.unity.entities/Editor Default Resources/uss/Common/variables_light.uss using Guid(c9f61edea73066a4085d44644b116a5b) (ScriptedImporter) -> (artifact id: 'f50bb5d62905f08ad8ff575111ce9a2c') in 0.003345914 seconds
Start importing Packages/com.unity.shadergraph/Editor/Resources/Styles/ColorMode.uss using Guid(d9a970c4d408c408b888ee0caa8403eb) (ScriptedImporter) -> (artifact id: '97889d6ebd303b5bdb317becad963318') in 0.006071317 seconds
Start importing Packages/com.unity.entities/Editor Default Resources/Unity.Entities.UI/uss/classic-build-profile.uss using Guid(f96a5e118205e0249897a6891ee7686d) (ScriptedImporter) -> (artifact id: 'b666f2a6dcb04d8a998e9bc7fe1c9309') in 0.00384609 seconds
Start importing Packages/com.unity.entities/Editor Default Resources/Unity.Entities.UI/uss/build-component_dark.uss using Guid(f95ef1d2cd5b5504fb5495eef61e2843) (ScriptedImporter) -> (artifact id: '0360d92aa0a43c0506567ae03b6538ab') in 0.003635874 seconds
Start importing Packages/com.unity.entities/Editor Default Resources/uss/Common/query-with-entities.uss using Guid(0a82736d571451441821df76d4ee2d23) (ScriptedImporter) -> (artifact id: '6bf499bfb2410e0ac4f6b6f1b05fc2a2') in 0.003782687 seconds
Start importing Packages/com.unity.entities/Editor Default Resources/uss/ProfilerModules/memory-profiler-left-pane.uss using Guid(1adcaa0e42848784196f1b1294a69cb4) (ScriptedImporter) -> (artifact id: '4c5055ea9cb19459b73c2bcc0c92a555') in 0.004545139 seconds
Start importing Packages/com.unity.shadergraph/Editor/Resources/Styles/PropertyRow.uss using Guid(2af887df8cf23de4f9bf550f4e917c18) (ScriptedImporter) -> (artifact id: '7b1e4f50753e1cb23c604b4de098d489') in 0.004276288 seconds
Start importing Packages/com.unity.entities/Editor Default Resources/uss/Inspector/entity-field_light.uss using Guid(2a59f9080af981b4faa361702eefc6c7) (ScriptedImporter) -> (artifact id: 'c349dcc2b35d7a88e6d91a102b72f15a') in 0.002970267 seconds
Start importing Packages/com.unity.entities/Editor Default Resources/Unity.Entities.UI/uss/nullable-foldout.uss using Guid(4a25b818efc49a547ae2c3c20df43be1) (ScriptedImporter) -> (artifact id: '558421dc0b2d1670c80221213ee33c80') in 0.00276044 seconds
Start importing Packages/com.unity.entities/Editor Default Resources/uss/Content/component.uss using Guid(5a55e14bcf0b3c64bbc7661dcdb92fb0) (ScriptedImporter) -> (artifact id: '7fde7e2c5b1cdcecc301116173b75ef7') in 0.00270623 seconds
Start importing Packages/com.unity.entities/Editor Default Resources/Unity.Entities.UI/uss/search-element-filter-popup.uss using Guid(5a1776eab9579364ca297f5100c6d590) (ScriptedImporter) -> (artifact id: '75848a4bcbfd715fdb6edbf7688ad831') in 0.00325058 seconds
Start importing Packages/com.unity.entities/Editor Default Resources/uss/ActiveBuildConfiguration/active-build-config-popup_dark.uss using Guid(5a6fd76cf352e2a42b7fcc03b2491233) (ScriptedImporter) -> (artifact id: '6c5f4aaca7e86b85b5eb10a15b7699ec') in 0.003391133 seconds
Start importing Packages/com.unity.entities/Editor Default Resources/Unity.Entities.UI/uss/build-configuration_dark.uss using Guid(6a88ab429b28700428b9cdc6d72f9d5f) (ScriptedImporter) -> (artifact id: '6054748689f831ef8010a76c02ae9dbf') in 0.002654089 seconds
Start importing Packages/com.unity.entities/Editor Default Resources/uss/Controls/foldout-field.uss using Guid(7a42053e7b35182428852563b7a08cc3) (ScriptedImporter) -> (artifact id: '331076879a3ea666ae61adc8715b1f12') in 0.002245321 seconds
Start importing Packages/com.unity.shadergraph/Editor/Resources/Styles/Controls/ToggleControlView.uss using Guid(8a80fd0ae214be84187160e65df52a8c) (ScriptedImporter) -> (artifact id: '9c1cde7fa4356b56c4b6bab35016680a') in 0.002159914 seconds
Start importing Packages/com.unity.entities/Editor Default Resources/uss/ProfilerModules/memory-profiler-window.uss using Guid(8a76ba5eddd227841a8ab3158c94e62a) (ScriptedImporter) -> (artifact id: '69b7aff5bf7b6367de4b5a11df6897f3') in 0.001899349 seconds
Start importing Packages/com.unity.entities/Editor Default Resources/uss/Content/system.uss using Guid(8aeeaaef64448804c87a039f45ed7e98) (ScriptedImporter) -> (artifact id: '1391c6c2bd54fcb4750d482bfde736c4') in 0.002024065 seconds
Start importing Packages/com.unity.entities/Editor Default Resources/uss/Content/display-list.uss using Guid(9af1088b2caaa264fbc412c29887619c) (ScriptedImporter) -> (artifact id: 'c00072317267e3e4b17dfe34a833db29') in 0.001788123 seconds
Start importing Packages/com.unity.entities/Editor Default Resources/Unity.Entities.UI/uss/build-configuration-dependency_light.uss using Guid(aadc6888783662a48bb576202ff20462) (ScriptedImporter) -> (artifact id: '1e7a9dc284406980e51c921288f99b07') in 0.001866558 seconds
Start importing Packages/com.unity.entities/Editor Default Resources/uss/Inspector/entity-field_dark.uss using Guid(bac5a17632449894abe1e8109f415084) (ScriptedImporter) -> (artifact id: '038234c13c3ead912688f9c10774222e') in 0.001881456 seconds
Start importing Packages/com.unity.entities/Editor Default Resources/uss/Hierarchy/hierarchy-toolbar.uss using Guid(cadf7c98ecb141a439f7be93f5e9961e) (ScriptedImporter) -> (artifact id: '54468374231efd9a3b3da5aa18c559b8') in 0.00212584 seconds
Start importing Packages/com.unity.shadergraph/Editor/Resources/Styles/Controls/MultiIntegerSlotControlView.uss using Guid(da559d27fc411114ab78e3561b55270a) (ScriptedImporter) -> (artifact id: '0de9b5e29b77289283201c3e45970b60') in 0.002125486 seconds
Start importing Packages/com.unity.entities/Editor Default Resources/uss/Content/component-attribute.uss using Guid(fa50d2800cc8f3744b5d064ed0f7cd17) (ScriptedImporter) -> (artifact id: '29740032f5c20610efddadabc0fbf0c0') in 0.002084676 seconds
Start importing Packages/com.unity.entities/Editor Default Resources/Unity.Entities.UI/uss/search-element.uss using Guid(faf4a0687853e5847822c6fa023c8659) (ScriptedImporter) -> (artifact id: '64be5a9c6c176701ac78931e55bc9220') in 0.003923726 seconds
Start importing Packages/com.unity.entities/Editor Default Resources/Unity.Entities.UI/uss/set-element-default.uss using Guid(fa4ac5c04c519cb4e922fe081378bdf3) (ScriptedImporter) -> (artifact id: '27d147209c52ae70efa2c17f3f31493c') in 0.002217838 seconds
Start importing Packages/com.unity.entities/Editor Default Resources/uss/Inspector/entity-header.uss using Guid(fa6f1e51facd1bb4abe73e0444304e94) (ScriptedImporter) -> (artifact id: 'cec4e56d493c1a27628f10069ee5f805') in 0.002503144 seconds
Start importing Packages/com.unity.entities/Editor Default Resources/uss/Common/variables.uss using Guid(1b1ab9431a0e4d84783d7961e3ffe596) (ScriptedImporter) -> (artifact id: 'c8981eaf67c23530ac4daeab9b1c4b34') in 0.001917157 seconds
Start importing Packages/com.unity.shadergraph/Editor/Resources/Styles/Controls/ColorControlView.uss using Guid(4b038bc8dced2a440bc294aeff20a4ac) (ScriptedImporter) -> (artifact id: '36181aa7abf6c097405a32eaebdce479') in 0.002291897 seconds
Start importing Packages/com.unity.entities/Editor Default Resources/uss/ActiveBuildConfiguration/active-build-config-popup-item.uss using Guid(4b756089e2ff4fd4cbe31fa6ce83da70) (ScriptedImporter) -> (artifact id: 'bb74d7bbb3023856e073032097986f66') in 0.002201713 seconds
Start importing Packages/com.unity.render-pipelines.core/Editor/StyleSheets/HelpButton.uss using Guid(4b3af3115f6d00b41a5655ef26d54683) (ScriptedImporter) -> (artifact id: 'eb5e99c27b70956d690b249462c0b27b') in 0.002233167 seconds
Start importing Packages/com.unity.entities/Editor Default Resources/uss/Journaling/entities-journaling-details-component_dark.uss using Guid(4b4c97ba82761744294a08e81be8ecf8) (ScriptedImporter) -> (artifact id: '3a14ce6d5ef7c9f85bfb9722c83937df') in 0.002722674 seconds
Start importing Packages/com.unity.entities/Editor Default Resources/uss/Common/autocomplete_light.uss using Guid(5b5adf578eccc434cb23eff9953f8cb2) (ScriptedImporter) -> (artifact id: '5a5bce289d480d145b2fca0a82534fdf') in 0.001725407 seconds
Start importing Packages/com.unity.entities/Editor Default Resources/uss/Controls/foldout-field_dark.uss using Guid(6b66515ecc3502b40b3ce7c73d3e81b1) (ScriptedImporter) -> (artifact id: 'e98095d3f811be8bbf4539aaf182e31d') in 0.001755301 seconds
Start importing Packages/com.unity.entities/Editor Default Resources/Unity.Entities.UI/uss/circular-reference.uss using Guid(7b74c6039e021904386574d772e55bde) (ScriptedImporter) -> (artifact id: '966211b88a7553f636c20e71887b8a93') in 0.001963084 seconds
Start importing Packages/com.unity.entities/Unity.Entities.Editor/ContentProvider/Selection/uss/content-not-ready_dark.uss using Guid(7b695be4229afa04ebef1356fc4f9df2) (ScriptedImporter) -> (artifact id: 'cd3b640c0e468c0934600ccd87b4837c') in 0.002025296 seconds
Start importing Packages/com.unity.render-pipelines.core/Editor/StyleSheets/RenderGraphViewerLight.uss using Guid(8bf46326c944b984c9084f09aef9b2e2) (ScriptedImporter) -> (artifact id: '30b7e889c5e0878333f9aa4a4cc21521') in 0.006177782 seconds
Start importing Packages/com.unity.entities/Editor Default Resources/uss/ActiveBuildConfiguration/active-build-config-window-item_dark.uss using Guid(9b6111e1474a98f41996f925c8b0c033) (ScriptedImporter) -> (artifact id: 'fd4402cd840e48fb817c64197ed42297') in 0.002055514 seconds
Start importing Packages/com.unity.entities/Editor Default Resources/uss/Common/dots-editor-common_light.uss using Guid(ab456db8ce6789f4f87db55342d0381c) (ScriptedImporter) -> (artifact id: '299fcbeee651022230b7121a9e86f01a') in 0.002452098 seconds
Start importing Packages/com.unity.entities/Editor Default Resources/uss/ProfilerModules/memory-profiler-component_dark.uss using Guid(bb4107b50d6d2684990d1580786d6cf4) (ScriptedImporter) -> (artifact id: '174307ed003d26db86b6b80fc47b4e1c') in 0.005424185 seconds
Start importing Packages/com.unity.entities/Editor Default Resources/Unity.Entities.UI/uss/key-value-pair.uss using Guid(cb74784643b787a468ec0f7419ca884c) (ScriptedImporter) -> (artifact id: '3355def3a4e2afc2df91b856087f2fb4') in 0.002600462 seconds
Start importing Packages/com.unity.entities/Editor Default Resources/uss/Inspector/component-header.uss using Guid(cb179af7f15a77f49b3bca7ba978819f) (ScriptedImporter) -> (artifact id: '5f58148ed72afbe1e6544461e4c98616') in 0.003518568 seconds
Start importing Packages/com.unity.entities/Editor Default Resources/uss/Controls/TabView/tab-view_dark.uss using Guid(ebf6a2296a5f9364382ecc1eebe1c2f5) (ScriptedImporter) -> (artifact id: '467604f1515f7961ea519d7f06ef4c6c') in 0.001809674 seconds
Start importing Packages/com.unity.entities/Editor Default Resources/uss/Common/entity-view.uss using Guid(fb6ae9621826ced4a95ca6c546a81781) (ScriptedImporter) -> (artifact id: '59857c282800c3c6e23237ad546db845') in 0.002762809 seconds
Start importing Packages/com.unity.entities/Editor Default Resources/uss/Hierarchy/hierarchy.uss using Guid(fb0f4225d9a05a24ea92d82294809d4c) (ScriptedImporter) -> (artifact id: '3958a3ac04a5ba0d8b8acc9a60fa3493') in 0.003265487 seconds
Start importing Packages/com.unity.shadergraph/Editor/Resources/Styles/PortInputView.uss using Guid(1cea6b2114919574aac870488908a2e0) (ScriptedImporter) -> (artifact id: '87f0260eb409326f0a45b37490e6a838') in 0.004757373 seconds
Start importing Packages/com.unity.entities/Editor Default Resources/uss/SystemSchedule/system-schedule_dark.uss using Guid(6c380e57506b7b543b44c4c4f0696b52) (ScriptedImporter) -> (artifact id: '975a2f53d8e7e7d50cc59dc4237a2450') in 0.001956917 seconds
Start importing Packages/com.unity.render-pipelines.core/Editor/LookDev/DisplayWindow-PersonalSkin.uss using Guid(7c95237923780ad4683f959f53629b60) (ScriptedImporter) -> (artifact id: '3ac12c99f6140fdc75aea2f96d857ddb') in 0.002544717 seconds
Start importing Packages/com.unity.shadergraph/Editor/Resources/Styles/PropertySheet.uss using Guid(acd20f0eca2b65544b43e657d5d713fe) (ScriptedImporter) -> (artifact id: '6024fc996475bc1db0897be026906cae') in 0.002386421 seconds
Start importing Packages/com.unity.render-pipelines.core/Editor/LookDev/Inspectors.uss using Guid(ac4993c3b6160894d896820a9648ff4d) (ScriptedImporter) -> (artifact id: 'ec4593565fcf1a2bffaf85fba06bd3ca') in 0.002249683 seconds
Start importing Packages/com.unity.shadergraph/Editor/Resources/Styles/TabButtonStyles.uss using Guid(cc32bf8b702832a4dbf1930552549db8) (ScriptedImporter) -> (artifact id: '1221e5ee92cae2211de92e2c0d6c1286') in 0.00217464 seconds
Start importing Packages/com.unity.inputsystem/InputSystem/Editor/UITKAssetEditor/PackageResources/InputAssetEditorDark.uss using Guid(cca9ce0c8554d5244930f14c21489ac1) (ScriptedImporter) -> (artifact id: '4a6f3fac3f0c4a05697b5a7d3ffc2e76') in 0.001683994 seconds
Start importing Packages/com.unity.render-pipelines.core/Editor/StyleSheets/HeaderFoldoutLight.uss using Guid(dc364c42ee0194a4cace7e9e86e0b9dc) (ScriptedImporter) -> (artifact id: 'bb0f31683a03e2c75a4017dcef78aae0') in 0.001716243 seconds
Start importing Packages/com.unity.entities/Editor Default Resources/uss/Common/dots-editor-common_dark.uss using Guid(ec8a6ed9315b49b49b3a0837d7b5c60e) (ScriptedImporter) -> (artifact id: 'b5015670bde9b907795668a83424818a') in 0.002347234 seconds
Start importing Packages/com.unity.entities/Editor Default Resources/uss/ActiveBuildConfiguration/active-build-config-dropdown_light.uss using Guid(0d32c43c677a7b949a7aeaeaf4d6a74b) (ScriptedImporter) -> (artifact id: '9f335dc64882b5772ff3bbb876bd7a4a') in 0.001879758 seconds
Start importing Packages/com.unity.shadergraph/Editor/Resources/Styles/Controls/ChannelEnumMaskControlView.uss using Guid(1db7b9bf1f9186d44ba7fefd3bc715c6) (ScriptedImporter) -> (artifact id: '23c8bb8ad769d82284ad5cbe8a21e1ae') in 0.001752436 seconds
Start importing Packages/com.unity.entities/Editor Default Resources/uss/ProfilerModules/structural-changes-profiler-tree-view-item.uss using Guid(1d7ecb6d321d0434ab9dc0489ca38e7e) (ScriptedImporter) -> (artifact id: '08568618eaf120907af72c8a19d862fe') in 0.002086081 seconds
Start importing Packages/com.unity.entities/Editor Default Resources/uss/Search/search-element.uss using Guid(1def64e41b27246dd88ac310309ee2c2) (ScriptedImporter) -> (artifact id: '0ccf88f449101206bf79c3f3f2eb67c4') in 0.003668679 seconds
Start importing Packages/com.unity.entities/Unity.Entities.Build/StyleSheets/dots-settings-window.uss using Guid(3ddd7cf3fb5e4309888c6d8c5363ffd8) (ScriptedImporter) -> (artifact id: '2f756b1d88a437b1668a04bafb0cccd3') in 0.002491353 seconds
Start importing Packages/com.unity.searcher/Editor/Resources/Searcher.uss using Guid(4deaa574907fd7647ab0d5bff0e9ba24) (ScriptedImporter) -> (artifact id: 'c456f0cace580794e090bfeaee9ae96e') in 0.007558478 seconds
Start importing Packages/com.unity.entities/Editor Default Resources/uss/Content/entity-query.uss using Guid(5d07fd1ab66d6ba458f967827343fa6e) (ScriptedImporter) -> (artifact id: '4d0a0dfbbdff8e155c2d2fa50d0d98b0') in 0.003025231 seconds
Start importing Packages/com.unity.entities/Editor Default Resources/uss/ProfilerModules/memory-profiler-right-pane_light.uss using Guid(6d196ab0565f50a48929ba17fb086e2e) (ScriptedImporter) -> (artifact id: '70d5d9bd47cc99d98274a701a6911d78') in 0.002668326 seconds
Start importing Packages/com.unity.inputsystem/InputSystem/Editor/UITKAssetEditor/PackageResources/InputActionsEditorStyles.uss using Guid(7dac9c49a90bca4499371d0adc9b617b) (ScriptedImporter) -> (artifact id: '36f36c0f3d1b9e629083cc421fdda227') in 0.005722598 seconds
Start importing Packages/com.unity.shadergraph/Editor/Resources/Styles/Controls/Texture3DSlotControlView.uss using Guid(8d40f6518d8654aa4bf083cc5897f8ee) (ScriptedImporter) -> (artifact id: '5839ecef6843099aa24cc1a6ffc50d8d') in 0.001996073 seconds
Start importing Packages/com.unity.shadergraph/Editor/Resources/Styles/Controls/GradientControlView.uss using Guid(8d3443495105d4166996158d4b321c21) (ScriptedImporter) -> (artifact id: '9117f0ea1cffb32b46901f8b6e631aef') in 0.002058638 seconds
Start importing Packages/com.unity.shadergraph/Editor/Resources/Styles/Controls/ChannelEnumControlView.uss using Guid(8dfac6eef2d89e8428c7a79b147413db) (ScriptedImporter) -> (artifact id: '5b019f098b82b68a5a1822c342a76581') in 0.0019585 seconds
Start importing Packages/com.unity.entities/Editor Default Resources/uss/ProfilerModules/memory-profiler-component.uss using Guid(8d9f0ebe6bc0a7e48834f127a776c8fa) (ScriptedImporter) -> (artifact id: '098ce7d0a2698a045d505a4831970c2d') in 0.002126474 seconds
Start importing Packages/com.unity.entities/Editor Default Resources/uss/Common/variables_dark.uss using Guid(9d4d8813ae423764382a63651f200bf6) (ScriptedImporter) -> (artifact id: 'a11c62b45f0ec9ee01eceb1500fa87ab') in 0.003083404 seconds
Start importing Packages/com.unity.entities/Editor Default Resources/uss/ActiveBuildConfiguration/active-build-config-window.uss using Guid(ad455d64049dd424bbd347e43fd3a775) (ScriptedImporter) -> (artifact id: 'ba731b94ea8082463be0ade1ee09a51b') in 0.00221903 seconds
Start importing Packages/com.unity.entities/Editor Default Resources/uss/ActiveBuildConfiguration/search-field_light.uss using Guid(ad29f586cc1cf2a4cac3427f4b889ab9) (ScriptedImporter) -> (artifact id: 'c238a3efde778bef4945e1019ed74f27') in 0.002473745 seconds
Start importing Packages/com.unity.entities/Editor Default Resources/uss/Inspector/entity-inspector-aspects-tab.uss using Guid(bd6d94244d5058241815175dc757a4d3) (ScriptedImporter) -> (artifact id: 'abcf501568b143595a4726f06bd394db') in 0.002105597 seconds
Start importing Packages/com.unity.render-pipelines.core/Editor/StyleSheets/VolumeEditor.uss using Guid(cd410e8cdc0119a46a753f48e79c8d07) (ScriptedImporter) -> (artifact id: 'd8898c9e2dd005db7a34c2b07878b809') in 0.003345456 seconds
Start importing Packages/com.unity.entities/Editor Default Resources/uss/Spinner/spinner_dark.uss using Guid(dd517ceef00529a498a4d7b0090e6de8) (ScriptedImporter) -> (artifact id: '43c812617109fb521d32486e049b9fbb') in 0.002093469 seconds
Start importing Packages/com.unity.render-pipelines.universal/Editor/2D/LightBatchingDebugger/LightBatchingDebugger.uss using Guid(fd5cb3dd3de574f1585db92b6689f86a) (ScriptedImporter) -> (artifact id: '591e83fe988f751d12495dab6becdc18') in 0.003891189 seconds
Start importing Packages/com.unity.entities/Editor Default Resources/uss/Components/components-window.uss using Guid(0e5010aa99faaa2439b04bc7fb7b424f) (ScriptedImporter) -> (artifact id: '29dceb897ab021f8509587524e75c0a5') in 0.002384936 seconds
Start importing Packages/com.unity.entities/Editor Default Resources/uss/StyleSheets/Extensions/dark.uss using Guid(1e038f987753eee408c2ee41f2cb2fbe) (ScriptedImporter) -> (artifact id: '317d396263060e29e2bd4112639be10e') in 0.002215839 seconds
Start importing Packages/com.unity.render-pipelines.core/Editor/StyleSheets/HeaderFoldoutDark.uss using Guid(2e54b39aedaf3ae4a866b97489135739) (ScriptedImporter) -> (artifact id: 'cb50934265c48081fcf5e4796abe869c') in 0.001938708 seconds
Start importing Packages/com.unity.entities/Editor Default Resources/uss/Journaling/entities-journaling-details-entity.uss using Guid(2e1c20bedd3ba3f41a09bf51f4353fda) (ScriptedImporter) -> (artifact id: 'ad55b7fa6725078c9c3661b380805df1') in 0.002848348 seconds
Start importing Packages/com.unity.ai.navigation/Editor/ConversionSystem/converter_editor.uss using Guid(3eb99c80b411349188e1e5167887ac6c) (ScriptedImporter) -> (artifact id: '5cd23d48da9d8c72f3249bea3ea4bce8') in 0.001921594 seconds
Start importing Packages/com.unity.entities/Editor Default Resources/uss/ProfilerModules/structural-changes-profiler-window.uss using Guid(3e6c1f1f46703844e8243d6ee3bb7a51) (ScriptedImporter) -> (artifact id: '0aaf045d20bf8c7cc8242705b437095c') in 0.002958915 seconds
Start importing Packages/com.unity.inputsystem/InputSystem/Editor/UITKAssetEditor/PackageResources/InputAssetEditorLight.uss using Guid(5e7024ed0fd03984289320d04507bc0c) (ScriptedImporter) -> (artifact id: '5241a346e71b195f3681ee2b146d0f6f') in 0.0019416 seconds
Start importing Packages/com.unity.entities/Editor Default Resources/Unity.Entities.UI/uss/build-component_light.uss using Guid(6e1680a566fadb44696d9c8e6d4764c5) (ScriptedImporter) -> (artifact id: '64bf11dddfa50ea83fb3c8d007e75781') in 0.00259035 seconds
Start importing Packages/com.unity.entities/Editor Default Resources/uss/SystemSchedule/system-schedule.uss using Guid(6ed7c6794a538a84abd2b2fa49d3e3b7) (ScriptedImporter) -> (artifact id: '7633a03f81334c0ff55d2c48fe4da20b') in 0.003943498 seconds
Start importing Packages/com.unity.entities/Editor Default Resources/uss/Journaling/search-and-goto-buttons_light.uss using Guid(7e9458a5589b55843a276a6ea8cb101d) (ScriptedImporter) -> (artifact id: '43459f6853adbb37379fdfa33ebeb851') in 0.002573543 seconds
Start importing Packages/com.unity.entities/Editor Default Resources/Unity.Entities.UI/uss/classic-build-profile_dark.uss using Guid(9e02ac82c6f1d6d4197fccd597376c70) (ScriptedImporter) -> (artifact id: 'c81bf9bd97d8a4c8eb39cc472f859149') in 0.001995493 seconds
Start importing Packages/com.unity.entities/Editor Default Resources/Unity.Entities.UI/uss/build-configuration-dependency.uss using Guid(9e56d884c374fa943a7a855cf3d82038) (ScriptedImporter) -> (artifact id: '2bedc09553c3938c8671b2317090463e') in 0.00257696 seconds
Start importing Packages/com.unity.entities/Editor Default Resources/uss/Spinner/spinner.uss using Guid(9ec6aca16be3e6042a0afd9325118ee0) (ScriptedImporter) -> (artifact id: '76f3295dfe4d27fd85a41c716d5f64f3') in 0.002395208 seconds
Start importing Packages/com.unity.entities/Editor Default Resources/Unity.Entities.UI/uss/build-configuration_light.uss using Guid(beaa3ce82375de143a4c3e0c4bb864a1) (ScriptedImporter) -> (artifact id: '8016c572ca19b58c381f3922c09a6118') in 0.002094891 seconds
Start importing Packages/com.unity.entities/Editor Default Resources/uss/StyleSheets/Extensions/light.uss using Guid(ce35b45632b4a8e46badb98554bdb185) (ScriptedImporter) -> (artifact id: '10e5cc334a7634102876c4f6f63b3883') in 0.002483438 seconds
Start importing Packages/com.unity.entities/Editor Default Resources/uss/SystemSchedule/system-schedule-toolbar.uss using Guid(dee62a63ee487b847a01471067868f82) (ScriptedImporter) -> (artifact id: '035849fdb517226f697c69b74533357d') in 0.001908259 seconds
Start importing Packages/com.unity.entities/Editor Default Resources/Unity.Entities.UI/uss/install-quick-search-popup.uss using Guid(2f00a1064b81d2342be6a5d55eee673e) (ScriptedImporter) -> (artifact id: '05159c1077e741aa48f821264ae7e336') in 0.001947582 seconds
Start importing Packages/com.unity.entities/Editor Default Resources/uss/Inspector/entity-inspector-aspects-tab_dark.uss using Guid(2f613d3cb95a5f64c80fc3982b2292b5) (ScriptedImporter) -> (artifact id: '088b43e8d8487001dfe3c7f868d01302') in 0.001646941 seconds
Start importing Packages/com.unity.entities/Editor Default Resources/uss/SystemSchedule/system-schedule-header.uss using Guid(3fe93618575659040bc90078a39001bd) (ScriptedImporter) -> (artifact id: 'd295ee9ecbaf7b05b9b88f4e7cc11110') in 0.002368749 seconds
Start importing Packages/com.unity.entities/Editor Default Resources/uss/Journaling/entities-journaling-content.uss using Guid(3f3d1b4e73dde4547b53766f4dcf1dfb) (ScriptedImporter) -> (artifact id: 'ad87ca81f7a6bac26166359b500eebef') in 0.002178075 seconds
Start importing Packages/com.unity.entities/Editor Default Resources/uss/Common/dots-editor-common.uss using Guid(4f75daa9032958d40bdb57d61400c3e3) (ScriptedImporter) -> (artifact id: 'ac61a25a077f6a2e24f21eaa5c3ae48d') in 0.002922406 seconds
Start importing Packages/com.unity.entities/Editor Default Resources/uss/ActiveBuildConfiguration/search-field.uss using Guid(4f6f5981d012086458dfec13c8b48ab7) (ScriptedImporter) -> (artifact id: 'bef578ae23fe662f036c9fb4545c7b7b') in 0.002120554 seconds
Start importing Packages/com.unity.entities/Editor Default Resources/uss/Inspector/inspector.uss using Guid(5fe01a2b80746434293b9a8abb0270f2) (ScriptedImporter) -> (artifact id: '1cbfcd832e0387330183a41077d29fce') in 0.002165755 seconds
Start importing Packages/com.unity.shadergraph/Editor/Resources/Styles/Controls/ColorRGBSlotControlView.uss using Guid(5f9f1162b05e46646805842469135609) (ScriptedImporter) -> (artifact id: '152d64768f0c646af08131e2e6c53cb7') in 0.001935824 seconds
Start importing Packages/com.unity.render-pipelines.universal/Editor/Converter/converter_widget.uss using Guid(8f9ac38644e5f664ab13b4b78f1f3faa) (ScriptedImporter) -> (artifact id: '3c0167ca4a277ea525a716592e117b46') in 0.001541436 seconds
Start importing Packages/com.unity.entities/Editor Default Resources/uss/ActiveBuildConfiguration/active-build-config-window-item_light.uss using Guid(cf0200936dce1394bb87dbc8b7ea0b87) (ScriptedImporter) -> (artifact id: 'ddcfc0bfbac3b8cbaa0c0c1555680bba') in 0.002048878 seconds
Start importing Packages/com.unity.entities/Editor Default Resources/uss/Common/centered-message-element.uss using Guid(cf86dab030a253a48982b7323ffab131) (ScriptedImporter) -> (artifact id: '118eaff913cab273316cd18df417e146') in 0.002254389 seconds
Start importing Packages/com.unity.render-pipelines.core/Editor/StyleSheets/RenderGraphViewer.uss using Guid(cf3ac3446e9c4333b9d16ece5c21317d) (ScriptedImporter) -> (artifact id: '7c24875a6a81b8efc309efaba0dccc28') in 0.013384726 seconds
Start importing Packages/com.unity.entities/Editor Default Resources/Unity.Entities.UI/uss/set-element.uss using Guid(cfcc099badafd6648a531bba6ed12f9f) (ScriptedImporter) -> (artifact id: '747f4f2563195f59c40847172261ecfc') in 0.002508891 seconds
Start importing Packages/com.unity.entities/Editor Default Resources/uss/DebugWindows/debug-window.uss using Guid(ef00e93edc6df854b9ead9ba17ec8ffc) (ScriptedImporter) -> (artifact id: '44f92a5c201df09b249b61db2c55b19a') in 0.00246436 seconds
Start importing Packages/com.unity.entities/Editor Default Resources/uss/Common/system-list-view.uss using Guid(ffa6c676bcedf4a4fb2741c4409f9ab0) (ScriptedImporter) -> (artifact id: '111e30284a1844f3ca82edaec3c67134') in 0.002125472 seconds
Start importing Assets/Hollowmere/UI/Theme/HollowmereTheme.tss using Guid(90e0f2de55b54915a87cde66f14e0b4a) (ScriptedImporter) -> (artifact id: 'f580981d8f0316befd780a9e709ed224') in 0.048905593 seconds
Start importing Packages/com.unity.render-pipelines.core/Editor/UXML/RenderGraphViewer.uxml using Guid(00387952e4f43ec45a9084e579a44e4e) (ScriptedImporter) -> (artifact id: '1d74eca0c82931aced33a85234ec4e6d') in 0.038589286 seconds
Start importing Packages/com.unity.entities/Editor Default Resources/uxml/ProfilerModules/memory-profiler-window.uxml using Guid(002f0a5984c36ff4087620bbe09f6e9f) (ScriptedImporter) -> (artifact id: '6338d2e4a2861da133abe29ad0104839') in 0.003502176 seconds
Start importing Packages/com.unity.inputsystem/InputSystem/Editor/UITKAssetEditor/PackageResources/ControlSchemeEditor.uxml using Guid(303ef5b13740f9a4db252c50122d2c62) (ScriptedImporter) -> (artifact id: '694c61ee5e8fb3fdc72d1ec2d6b46397') in 0.013883444 seconds
Start importing Packages/com.unity.shadergraph/Editor/Resources/UXML/Blackboard/SGBlackboardRow.uxml using Guid(5029c7a42d2731a4599f3f85f37ea5a9) (ScriptedImporter) -> (artifact id: '7a8bf39fc2abe8716efa1b8961fe143e') in 0.003624893 seconds
Start importing Packages/com.unity.entities/Editor Default Resources/uxml/Inspector/component-header.uxml using Guid(7053bd64e67cd7940bac4371fa879944) (ScriptedImporter) -> (artifact id: 'e177f848140f926bfb8e37f20ebe9cf6') in 0.002837216 seconds
Start importing Packages/com.unity.render-pipelines.universal/Editor/Converter/converter_widget_item.uxml using Guid(c04b8c76151329e42929df320c5901fe) (ScriptedImporter) -> (artifact id: '83cfb7e0780ffab2ebfd3ec6f41ff25d') in 0.005505538 seconds
Start importing Assets/Hollowmere/UI/Screens/Settings.uxml using Guid(d0146786f1af4433812efdf78be78909) (ScriptedImporter) -> (artifact id: 'd51c99f7de412bb7ebed537bc72cb51f') in 0.006004434 seconds
Start importing Packages/com.unity.render-pipelines.core/Editor/UXML/DefaultVolumeProfileEditor.uxml using Guid(d0b4821bb729cd24fbbe0af5feaa73ab) (ScriptedImporter) -> (artifact id: '4c8c42438a0ed4741c209bd53e7e0f9f') in 0.004151825 seconds
Start importing Assets/Hollowmere/UI/Screens/Inventory.uxml using Guid(51f87a66bdf942d09b3fb8d70e72a0d0) (ScriptedImporter) -> (artifact id: '808e165838a460e0073819f0c13f5014') in 0.003345827 seconds
Start importing Packages/com.unity.entities/Editor Default Resources/Unity.Entities.UI/uxml/key-value-pair.uxml using Guid(612578fae72245b468ee5a1de798247c) (ScriptedImporter) -> (artifact id: 'f429863e6afad0688b3caf28bfa77ecc') in 0.003313924 seconds
Start importing Packages/com.unity.entities/Editor Default Resources/uxml/Content/entity-query-header.uxml using Guid(715d6444faf7bc147b32dac7f89e0a89) (ScriptedImporter) -> (artifact id: '4c52a9291ec11af75ed8ac7e945aff9c') in 0.003216651 seconds
Start importing Packages/com.unity.entities/Editor Default Resources/uxml/ProfilerModules/memory-profiler-left-pane.uxml using Guid(91ad9f19a65c12d48b42ae13f572beb2) (ScriptedImporter) -> (artifact id: 'b59b7a7de0432cc38467856fc7aa9082') in 0.004848441 seconds
Start importing Packages/com.gamecore.studio.ui/Editor/Resources/GameCoreStudio/FirstRun.uxml using Guid(a19dbceb0cbe4c2f9955d301941c1509) (ScriptedImporter) -> (artifact id: '2b3f52a5f94abccc1501e9cb96cbe75e') in 0.005041215 seconds
Start importing Packages/com.unity.entities/Editor Default Resources/uxml/Preferences/preferences-value.uxml using Guid(e1dce15f1e253654ea8f8038735c2887) (ScriptedImporter) -> (artifact id: '554b7e95a36f45b25736d12ce24cd89c') in 0.002257901 seconds
Start importing Packages/com.unity.entities/Unity.Scenes.Editor/ClearEntitiesCacheWindow/ClearEntitiesCacheWindow.uxml using Guid(727f7442d06b3bf4ebc57e9e4e85ca35) (ScriptedImporter) -> (artifact id: 'be30bf036480f1c77b373dc35578ea79') in 0.002978369 seconds
Start importing Packages/com.unity.entities/Editor Default Resources/uxml/Journaling/entities-journaling-details-component.uxml using Guid(a2c46eda94918c84aa5f9346e863ac1e) (ScriptedImporter) -> (artifact id: 'f0019901d8ee5e09dbae91163e2e8aeb') in 0.002749743 seconds
Start importing Packages/com.unity.entities/Editor Default Resources/uxml/ActiveBuildConfiguration/active-build-config-popup.uxml using Guid(a256f935985ba4244bb7e61b54f80886) (ScriptedImporter) -> (artifact id: 'f9cac7f3074c987d854039d8df40d7d8') in 0.005361094 seconds
Start importing Packages/com.unity.entities/Editor Default Resources/uxml/Inspector/entity-inspector-relationships-tab.uxml using Guid(d2a58434d47e03f4f9c4404a950ab972) (ScriptedImporter) -> (artifact id: '65bcedda0ac3086bfffa8135371f5f34') in 0.002655703 seconds
Start importing Packages/com.unity.entities/Editor Default Resources/uxml/Hierarchy/hierarchy-item.uxml using Guid(d2cc86688abc2674094ef5bdf49bab39) (ScriptedImporter) -> (artifact id: '0cc2162da6637d6c35a8548c47f6524d') in 0.003680564 seconds
Start importing Packages/com.unity.entities/Editor Default Resources/uxml/Preferences/preferences-setting.uxml using Guid(133783250ca3922488edf24b4373295f) (ScriptedImporter) -> (artifact id: '59fc0b9ec0f58f083489a7019485553d') in 0.002428862 seconds
Start importing Packages/com.unity.entities/Editor Default Resources/uxml/Inspector/entity-inspector-aspects-tab.uxml using Guid(431cdb2845ac371498eae54e83e5c090) (ScriptedImporter) -> (artifact id: '89a8ad36c05ce9813199f98b8a859a50') in 0.002983304 seconds
Start importing Packages/com.unity.entities/Editor Default Resources/uxml/Hierarchy/hierarchy-loading.uxml using Guid(832a2d066e4130a488aa14d5c53f3bf0) (ScriptedImporter) -> (artifact id: '0df86171830693c5479ad15245055964') in 0.003732678 seconds
Start importing Packages/com.unity.render-pipelines.core/Editor/UXML/VolumeEditor.uxml using Guid(d367e3b92ff05ac4eb99950f44cc0333) (ScriptedImporter) -> (artifact id: 'b4d32651cc7e19a77b637c1e0c5e87d4') in 0.007053193 seconds
Start importing Packages/com.unity.shadergraph/Editor/Resources/UXML/Blackboard/SGBlackboardField.uxml using Guid(f339e526c7fc4e14daae8819172de9de) (ScriptedImporter) -> (artifact id: '16e76b5d7086d213c8101557aa817daf') in 0.003846369 seconds
Start importing Packages/com.unity.entities/Editor Default Resources/uxml/Components/component-type-view.uxml using Guid(14ebda7d703f18146a748aafa720b642) (ScriptedImporter) -> (artifact id: '98806c14a7073714e02c67b0476b93df') in 0.002555603 seconds
Start importing Packages/com.unity.entities/Editor Default Resources/uxml/Content/component-attribute.uxml using Guid(34f502b0111edaa44a67ff2ec882547a) (ScriptedImporter) -> (artifact id: '5d409d09aa2896101cf19ac094d94147') in 0.003349354 seconds
Start importing Packages/com.unity.inputsystem/InputSystem/Editor/UITKAssetEditor/PackageResources/BindingPanelRowTemplate.uxml using Guid(449c8e5ca27af8e4a9db710c8be5e4df) (ScriptedImporter) -> (artifact id: '400826cf48484aae4dd9415007379feb') in 0.00537782 seconds
Start importing Packages/com.unity.entities/Editor Default Resources/uxml/ActiveBuildConfiguration/search-field.uxml using Guid(94c6f87504b414e4686e08b80677b316) (ScriptedImporter) -> (artifact id: '38f511e42dcb6f39964f05123d42ce4e') in 0.002456383 seconds
Start importing Packages/com.unity.entities/Editor Default Resources/uxml/Controls/foldout-field.uxml using Guid(b4bfee0042b42774d9beb8ca6be700f2) (ScriptedImporter) -> (artifact id: '90c0476fd9871e07826683dd9b3dc6de') in 0.002780734 seconds
Start importing Packages/com.unity.shadergraph/Editor/Resources/UXML/TabButton.uxml using Guid(c4d07963851f89b48822d6273b3b3e1e) (ScriptedImporter) -> (artifact id: 'c9cd07a9f2a84cb344c10f468a016adc') in 0.002699209 seconds
Start importing Packages/com.unity.entities/Editor Default Resources/uxml/Preferences/preferences-window.uxml using Guid(c48fb466d94d23e41bed137e8c7afa61) (ScriptedImporter) -> (artifact id: '76d569586cd31f72c8d6005a92d1fa2f') in 0.002767211 seconds
Start importing Packages/com.unity.shadergraph/Editor/Resources/UXML/StickyNote.uxml using Guid(d4cc9867eee425f4dac7d5bb91f07845) (ScriptedImporter) -> (artifact id: '0bfd40d17c38e1c86a8909592991614b') in 0.003687403 seconds
Start importing Packages/com.unity.entities/Editor Default Resources/uxml/ProfilerModules/memory-profiler-right-pane.uxml using Guid(e4f61c5c08ed0a64abf1c82540395b6b) (ScriptedImporter) -> (artifact id: '76fcd29a9e270f454fef47f32d7fe5de') in 0.005717613 seconds
Start importing Packages/com.unity.entities/Editor Default Resources/uxml/Journaling/entities-journaling-content.uxml using Guid(35fc4834e737315489072081aa13b1f0) (ScriptedImporter) -> (artifact id: '502a5438782fb9eabd9daad92334c1d2') in 0.003968094 seconds
Start importing Packages/com.unity.entities/Editor Default Resources/uxml/Journaling/entities-journaling-window.uxml using Guid(356dbc3ec7bbaaa49aa5504112db4275) (ScriptedImporter) -> (artifact id: '2ddc176bc111a725566e08f67a244c7e') in 0.005412844 seconds
Start importing Packages/com.unity.inputsystem/InputSystem/Editor/UITKAssetEditor/PackageResources/InputActionsTreeViewItem.uxml using Guid(452df07a8ad0c944c879a484d5890e61) (ScriptedImporter) -> (artifact id: '94c4fa38fd14f805bf3a7c985678514e') in 0.004710868 seconds
Start importing Packages/com.unity.inputsystem/InputSystem/Editor/UITKAssetEditor/PackageResources/InputActionsProjectSettings.uxml using Guid(75a33987e21d5ac449deecea3dcd864f) (ScriptedImporter) -> (artifact id: 'f429e866ea25c5fb46495e447aabf9d9') in 0.005163588 seconds
Start importing Packages/com.unity.render-pipelines.universal/Editor/2D/LightBatchingDebugger/LayerBatch.uxml using Guid(754a67c6d4788447895a4349508b2f37) (ScriptedImporter) -> (artifact id: '7f3918e61dff83183902769371e5f847') in 0.00369467 seconds
Start importing Packages/com.unity.entities/Editor Default Resources/uxml/Inspector/unsupported-inspector.uxml using Guid(754e95f09b5194d458bbc3e78cdb1753) (ScriptedImporter) -> (artifact id: '1329d7be41c151fc8e446e950999884a') in 0.002890296 seconds
Start importing Packages/com.unity.entities/Editor Default Resources/Unity.Entities.UI/uxml/classic-build-profile.uxml using Guid(95c7148174c252e4fbd7cb69edbda92d) (ScriptedImporter) -> (artifact id: '2609ce1ef697837bc8aefa1b91d22db9') in 0.003521694 seconds
Start importing Packages/com.unity.entities/Editor Default Resources/uxml/Common/foldout-with-action-button.uxml using Guid(d56caba5b986c91468be3eb0718810f0) (ScriptedImporter) -> (artifact id: '4e5b25c9dc67b8f201da659fc4bec1ff') in 0.002723481 seconds
Start importing Packages/com.unity.entities/Editor Default Resources/uxml/SystemSchedule/system-schedule-item.uxml using Guid(e5977a6cc6b5b4c4bbd21eb12804a729) (ScriptedImporter) -> (artifact id: '24ac67633edb4d42316c6f9556874021') in 0.003805321 seconds
Start importing Packages/com.unity.entities/Editor Default Resources/uxml/Common/entity-view.uxml using Guid(f55339b34a745864f819827392d76cf9) (ScriptedImporter) -> (artifact id: '6a0b2a8dd30c006d4213c46969ea4352') in 0.00262104 seconds
Start importing Packages/com.unity.entities/Editor Default Resources/Unity.Entities.UI/uxml/add-collection-item.uxml using Guid(f508fe45f8d68a24b92fa8b58d143dbd) (ScriptedImporter) -> (artifact id: 'b25c202fed0a2b8cce9eb7e667408e9f') in 0.003048461 seconds
Start importing Packages/com.unity.entities/Editor Default Resources/uxml/Inspector/entity-field.uxml using Guid(161622b1f0032aa42b050b2b3c2444aa) (ScriptedImporter) -> (artifact id: '4ffe21e8feb6c07bfabbcb528b3e935b') in 0.002215615 seconds
Start importing Packages/com.unity.entities/Editor Default Resources/Unity.Entities.UI/uxml/build-configuration-dependency.uxml using Guid(26eeb080afb4c61439e86ae36ac251e5) (ScriptedImporter) -> (artifact id: 'a65cf3c5a82b93bb42a096a6bc106158') in 0.002559535 seconds
Start importing Packages/com.unity.entities/Editor Default Resources/uxml/Common/system-list-view.uxml using Guid(765b23db7bca95e4a946ee9b40a0b5e3) (ScriptedImporter) -> (artifact id: '4347ac3133efe244a43723a760c722ae') in 0.002147886 seconds
Start importing Packages/com.unity.inputsystem/InputSystem/Editor/UITKAssetEditor/PackageResources/InputActionsEditor.uxml using Guid(c662e0d3cc3c4f948808f9847f715ef2) (ScriptedImporter) -> (artifact id: '43878bd4d062ac98513246e4599f294a') in 0.011069573 seconds
Start importing Packages/com.unity.ai.navigation/Editor/ConversionSystem/converter_widget_item.uxml using Guid(d6de7697d63d64fabbfb31425d93541e) (ScriptedImporter) -> (artifact id: '07742f2dd24c97a51bddd9e95a299cb3') in 0.00344311 seconds
Start importing Packages/com.unity.entities/Editor Default Resources/uxml/Inspector/tag-component-element.uxml using Guid(076117f3174c68647b52834de6c1db9c) (ScriptedImporter) -> (artifact id: 'c5d1f72861e43fb951a38cd91a87ae2e') in 0.002470715 seconds
Start importing Assets/Hollowmere/UI/Screens/Ending.uxml using Guid(67e0bd6f6ad54a12bcad1779240b602b) (ScriptedImporter) -> (artifact id: '29f0101463fe9f338c3e4687b4e5bde8') in 0.002618626 seconds
Start importing Packages/com.unity.entities/Editor Default Resources/uxml/Inspector/entity-header.uxml using Guid(676a4a070e5060443b5bba60647d799f) (ScriptedImporter) -> (artifact id: '7fe584851b6ef47dfaf56cc38d0c03b1') in 0.00430405 seconds
Start importing Packages/com.unity.entities/Editor Default Resources/Unity.Entities.UI/uxml/null-string-field.uxml using Guid(a7aec91e309c7f04888967959f3fb253) (ScriptedImporter) -> (artifact id: 'ae8f4652a070819f0dfcdd2e2b6590b3') in 0.002692554 seconds
Start importing Packages/com.unity.shadergraph/Editor/Resources/UXML/NodeSettings.uxml using Guid(b70651993c98eda43810c32b7416a21b) (ScriptedImporter) -> (artifact id: '627ea04b09c65f646cfe729761ac0d0f') in 0.002370933 seconds
Start importing Packages/com.unity.render-pipelines.universal/Editor/Converter/converter_editor.uxml using Guid(c700399f2adb2504dac99f1139d658f3) (ScriptedImporter) -> (artifact id: 'cc5322631fbc8bf0722c3baaa383fb0b') in 0.007455303 seconds
Start importing Packages/com.unity.entities/Editor Default Resources/uxml/Journaling/entities-journaling-details.uxml using Guid(c7410309e16e4e8449cebdfdc1f6f7d9) (ScriptedImporter) -> (artifact id: 'e2bca9670d6acca2551cd96cb79b14c0') in 0.012705547 seconds
Start importing Packages/com.unity.entities/Editor Default Resources/Unity.Entities.UI/uxml/circular-reference.uxml using Guid(f7d39d0f3d3c72242ae6461bd3d82b91) (ScriptedImporter) -> (artifact id: '3a8ca088f17b552d62fdeacad14450a5') in 0.002929169 seconds
Start importing Assets/Hollowmere/UI/Screens/SaveLoad.uxml using Guid(28e61961525e4bf383b160baccd9e70b) (ScriptedImporter) -> (artifact id: '7c5a8fc27dd3eff4efa4345ca206e6df') in 0.003254801 seconds
Start importing Packages/com.unity.entities/Editor Default Resources/uxml/Common/centered-message-element.uxml using Guid(28abd7fca35dc9649ba32503ab3d7de0) (ScriptedImporter) -> (artifact id: 'a1e59e49687dd13cfac04330e0feccba') in 0.002602709 seconds
Start importing Packages/com.unity.render-pipelines.universal/Editor/Converter/converter_widget.uxml using Guid(3893b5ea9974b9549aefa44bd1b99e24) (ScriptedImporter) -> (artifact id: '02f86aa9e6fb583711b8483177308e24') in 0.006076667 seconds
Start importing Packages/com.unity.entities/Editor Default Resources/uxml/Components/components-window.uxml using Guid(58c2254808dd3294996f2326ef9922bd) (ScriptedImporter) -> (artifact id: '0abe357fdd64171d918ba93ed3de2aec') in 0.003372262 seconds
Start importing Packages/com.unity.entities/Editor Default Resources/Unity.Entities.UI/uxml/type-inspector.uxml using Guid(681f7718b96a6134488144add897af1b) (ScriptedImporter) -> (artifact id: 'edf96970bc45eaab7bf0fe7e8bb82f72') in 0.003007157 seconds
Start importing Packages/com.unity.shadergraph/Editor/Resources/UXML/HeatmapValuesEditor.uxml using Guid(781e1a409e314b1fb13e3605a69680ba) (ScriptedImporter) -> (artifact id: '109a62815b237ae964fa87e7862e544f') in 0.004174436 seconds
Start importing Packages/com.unity.entities/Editor Default Resources/uxml/ProfilerModules/memory-profiler-tree-view-item.uxml using Guid(9824d616b890aa14d9676ba302f09494) (ScriptedImporter) -> (artifact id: '159700684816b59615ffc8c832141ab9') in 0.002680443 seconds
Start importing Packages/com.unity.entities/Editor Default Resources/Unity.Entities.UI/uxml/complicated-type-test.uxml using Guid(98e40935c5528424da513b39dc83917b) (ScriptedImporter) -> (artifact id: 'b2685a71113b13d17077f6f76587e231') in 0.005745376 seconds
Start importing Packages/com.unity.shadergraph/Editor/Resources/UXML/Blackboard/SGBlackboardCategory.uxml using Guid(98cf1ee902c59944796b97562a34faee) (ScriptedImporter) -> (artifact id: '8eab5fa2faf35b54957169a3bdbb6cc0') in 0.020400437 seconds
Start importing Packages/com.unity.render-pipelines.core/Editor/UXML/RenderPipelineGlobalSettings.uxml using Guid(d8d5beb40e5c9f94f95d805868251329) (ScriptedImporter) -> (artifact id: 'e8b8456c73e932e7f5b498665f8a4949') in 0.004334609 seconds
Start importing Assets/Hollowmere/UI/Screens/Journal.uxml using Guid(e82f290f14ca40259adaf2955380e0a2) (ScriptedImporter) -> (artifact id: 'a45070b8cea7b23f2134ec7765083568') in 0.003221939 seconds
Start importing Assets/Hollowmere/UI/Screens/Hud.uxml using Guid(09fbfb94e03241d5a44fbb997bd20bee) (ScriptedImporter) -> (artifact id: '510c4494605b1ee04daa723b6382ee40') in 0.003279479 seconds
Start importing Packages/com.unity.searcher/Editor/Resources/SearcherItem.uxml using Guid(793d6318ba59ca94381b936836fe697d) (ScriptedImporter) -> (artifact id: '7b4ac553f02f36564013d1efecb72421') in 0.002894901 seconds
Start importing Packages/com.unity.entities/Editor Default Resources/uxml/ActiveBuildConfiguration/active-build-config-window-item.uxml using Guid(89eeeaf40706c90439db691799acbf32) (ScriptedImporter) -> (artifact id: '2bcc7d5b307a023dafa08b35c5a63d36') in 0.002824069 seconds
Start importing Packages/com.unity.entities/Editor Default Resources/uxml/Journaling/entities-journaling-details-entity.uxml using Guid(c93e6949131ccc54392693a162588d3a) (ScriptedImporter) -> (artifact id: '73f77cb10f4e070dda038edd2e5da6f5') in 0.003144761 seconds
Start importing Packages/com.unity.entities/Editor Default Resources/uxml/Search/search-element.uxml using Guid(d98ebc488c5d547e98fb17d68249296b) (ScriptedImporter) -> (artifact id: 'a9f33062821428a707f2c6610ffe518d') in 0.003505997 seconds
Start importing Packages/com.unity.entities/Unity.Entities.Editor/ContentProvider/Selection/uxml/content-not-ready.uxml using Guid(0aae23974f2848c43b09ef055de1ae1c) (ScriptedImporter) -> (artifact id: '7e5c87175004cb52f1c6fe8e0a87c941') in 0.002341013 seconds
Start importing Packages/com.unity.entities/Editor Default Resources/uxml/ActiveBuildConfiguration/active-build-config-dropdown.uxml using Guid(2aee882fa464e354c8c4bb781c352734) (ScriptedImporter) -> (artifact id: '3a06d99b884a6e153311538881d88cea') in 0.002472124 seconds
Start importing Packages/com.unity.entities/Editor Default Resources/uxml/ProfilerModules/structural-changes-profiler-tree-view-item.uxml using Guid(7a1dffa10293acb40a91226662cbd9c1) (ScriptedImporter) -> (artifact id: '110a36b710bb7bd23ebf6f9538817d07') in 0.002452023 seconds
Start importing Packages/com.unity.entities/Editor Default Resources/uxml/SystemSchedule/system-schedule-header.uxml using Guid(9ab2c777e00be3e4c96541b1fd7d6648) (ScriptedImporter) -> (artifact id: 'bb5e2119b0d773200134959d3086c95d') in 0.002568309 seconds
Start importing Packages/com.unity.ai.navigation/Editor/ConversionSystem/converter_widget.uxml using Guid(aaa3e510761864dac9b71f85526490d6) (ScriptedImporter) -> (artifact id: 'ba40328a24e84e7c42d57573ceae9b7b') in 0.005647453 seconds
Start importing Packages/com.unity.searcher/Editor/Resources/SearcherWindow.uxml using Guid(da37dcca55e437b4a9eeebff722ad51f) (ScriptedImporter) -> (artifact id: '18ad9aaacdcf994650e48cc50edc8b6e') in 0.004331925 seconds
Start importing Packages/com.unity.inputsystem/InputSystem/Editor/UITKAssetEditor/PackageResources/CompositeBindingPropertiesEditor.uxml using Guid(2bd2d0548382d58489e8c2999daf4139) (ScriptedImporter) -> (artifact id: 'd23d40c033a4141e2d8ee21a2df35e97') in 0.003367495 seconds
Start importing Packages/com.unity.entities/Editor Default Resources/uxml/ActiveBuildConfiguration/active-build-config-popup-item.uxml using Guid(3b842a7698993f44696a1fed88f8a6e8) (ScriptedImporter) -> (artifact id: '47feeadf40cb7ab1335f5e74922686d0') in 0.002355434 seconds
Start importing Packages/com.unity.entities/Editor Default Resources/uxml/Common/system-dependency-view.uxml using Guid(5b75c41fd0a85e145808ae042992c430) (ScriptedImporter) -> (artifact id: 'cb5415596b1f2cc72840ba2fe25e601a') in 0.002465055 seconds
Start importing Assets/Hollowmere/UI/Screens/Dialogue.uxml using Guid(8b56fc120cf74fc9b7d9dedb0b253f29) (ScriptedImporter) -> (artifact id: '2257452cf504ff4298067c32b3227d9c') in 0.002687133 seconds
Start importing Packages/com.unity.render-pipelines.universal/Editor/Converter/converter_widget_main.uxml using Guid(9b40f22c604c94f438696f75a42873eb) (ScriptedImporter) -> (artifact id: '568be5f5636f3b6b2c3c3d814a187ac3') in 0.007761302 seconds
Start importing Assets/Hollowmere/UI/Screens/Pause.uxml using Guid(dbfae99915474d85ad7a5ceae554bd38) (ScriptedImporter) -> (artifact id: 'bf6edd06903520268096e101137fb71f') in 0.003465586 seconds
Start importing Packages/com.unity.entities/Editor Default Resources/Unity.Entities.UI/uxml/build-configuration.uxml using Guid(5ccee95a96751684eb41e3f1c16ab075) (ScriptedImporter) -> (artifact id: '76d2f13e361d8298bde697b967150ce4') in 0.005585636 seconds
Start importing Packages/com.unity.entities/Editor Default Resources/uxml/Inspector/entity-inspector-components-tab.uxml using Guid(9c60efcd8dd305d42ac62bc63a3eedd3) (ScriptedImporter) -> (artifact id: 'e9cebc4180d6ec5faf9867178cd91883') in 0.002985484 seconds
Start importing Packages/com.unity.inputsystem/InputSystem/Editor/UITKAssetEditor/PackageResources/NameAndParameterListViewItemTemplate.uxml using Guid(9cbd73d51dc491b4888055ae65cd9545) (ScriptedImporter) -> (artifact id: '9596d94d5280b168d0173722f575e1ce') in 0.002833315 seconds
Start importing Packages/com.unity.entities/Editor Default Resources/uxml/ProfilerModules/structural-changes-profiler-window.uxml using Guid(ac753f79dc7a7b74289f1b8d9f017489) (ScriptedImporter) -> (artifact id: '96004a2df43eb743fccbb4fe14ba0f87') in 0.00303727 seconds
Start importing Packages/com.unity.inputsystem/InputSystem/Editor/UITKAssetEditor/PackageResources/CompositePartBindingPropertiesEditor.uxml using Guid(acfae125fa5d7904987a696b3993d432) (ScriptedImporter) -> (artifact id: '9812de2acff3acffc97538d1793bbf88') in 0.003111078 seconds
Start importing Packages/com.unity.entities/Editor Default Resources/uxml/ProfilerModules/memory-profiler-component.uxml using Guid(bce0c4a219a59fd4eaa230c2827bccf7) (ScriptedImporter) -> (artifact id: 'bff06c73a83ad021f87bec1f64d2b690') in 0.00253591 seconds
Start importing Packages/com.unity.shadergraph/Editor/Resources/UXML/GraphInspector.uxml using Guid(dcf0e02f89cf7c848a22002b79ce27d3) (ScriptedImporter) -> (artifact id: '8caee3711443d49ca0fa413be6da9971') in 0.004712489 seconds
Start importing Packages/com.unity.entities/Editor Default Resources/uxml/Journaling/search-and-goto-buttons.uxml using Guid(ec9df4b6e98765f4890163614e54c7c5) (ScriptedImporter) -> (artifact id: '7a8cf12b4f878031c0eb62d2486fb622') in 0.002359858 seconds
Start importing Packages/com.unity.entities/Editor Default Resources/uxml/ActiveBuildConfiguration/active-build-config-window.uxml using Guid(0dfc372e08d9df24f904a30fc0737ca7) (ScriptedImporter) -> (artifact id: '3b4fa821637b6c214d697f2ea16e7327') in 0.0027943 seconds
Start importing Packages/com.unity.entities/Editor Default Resources/uxml/Hierarchy/hierarchy-toolbar.uxml using Guid(6d18dda165e754a4db5c73c3aaa6abd1) (ScriptedImporter) -> (artifact id: '992199d4e0d862668c64194c2c441b89') in 0.002456722 seconds
Start importing Packages/com.unity.entities/Editor Default Resources/uxml/Search/search-element-filter-popup.uxml using Guid(7d859cb5124b04934bdaf787dad0c4aa) (ScriptedImporter) -> (artifact id: 'af1d0601cc4a6e4dfd5ad78c33c9d523') in 0.002339706 seconds
Start importing Packages/com.unity.entities/Editor Default Resources/Unity.Entities.UI/uxml/install-quick-search-popup.uxml using Guid(bdd9c3d6a9e60e748bdbabf679a5cab8) (ScriptedImporter) -> (artifact id: '6461b772e13a359d4e16c234a4bf8da5') in 0.002626212 seconds
Start importing Packages/com.unity.entities/Editor Default Resources/uxml/Hierarchy/hierarchy-prefab-stage.uxml using Guid(bdf9e0a026904203a8200dee350e991b) (ScriptedImporter) -> (artifact id: 'de7d30b15cf386c6dd82d392d5bfa217') in 0.00275172 seconds
Start importing Packages/com.unity.ai.navigation/Editor/ConversionSystem/converter_editor.uxml using Guid(cd1eb3c3c695c494d855ea678fe7395b) (ScriptedImporter) -> (artifact id: '95c13adbbdce1fdc440556a905811d53') in 0.004555733 seconds
Start importing Packages/com.unity.shadergraph/Editor/Resources/UXML/GraphSubWindow.uxml using Guid(2e461625111c0354980fca534f771ff3) (ScriptedImporter) -> (artifact id: '5ef49b9674ebd26c713204c86ed6072d') in 0.002901922 seconds
Start importing Packages/com.unity.entities/Editor Default Resources/uxml/SystemSchedule/system-schedule-toolbar.uxml using Guid(4e54ea1415d54174689bd05d729bee16) (ScriptedImporter) -> (artifact id: '4bbaa0e5865cd1657c395403aa4f6cb8') in 0.002530733 seconds
Start importing Packages/com.unity.shadergraph/Editor/Resources/UXML/Blackboard/SGBlackboard.uxml using Guid(4ee4ce39889d8db4d8c49aa84772cd12) (ScriptedImporter) -> (artifact id: '346dad11728612d116b02a7fae751e01') in 0.003757955 seconds
Start importing Packages/com.unity.entities/Editor Default Resources/Unity.Entities.UI/uxml/pagination-element.uxml using Guid(4e69a50ddae71b04291b30faa5cd4060) (ScriptedImporter) -> (artifact id: '07d83d97fe14519303835721560acd65') in 0.004367841 seconds
Start importing Packages/com.unity.entities/Editor Default Resources/Unity.Entities.UI/uxml/lazy-load-reference.uxml using Guid(5e11d8941300a4e45afc85edd2b9838c) (ScriptedImporter) -> (artifact id: '506aee167ffa2ade60b7a14df04cd76c') in 0.002590106 seconds
Start importing Packages/com.unity.shadergraph/Editor/Resources/UXML/Resizable.uxml using Guid(8ec4570e052fbb34bbe8d52d99e76d07) (ScriptedImporter) -> (artifact id: '8fadc2a068478c92155e5980326eb1d2') in 0.002897576 seconds
Start importing Packages/com.unity.entities/Editor Default Resources/uxml/DebugWindows/system-debug-window.uxml using Guid(9e2243c1c62fe0c40a2e79f6321550a7) (ScriptedImporter) -> (artifact id: '0066ba16636e090b437931d851786c7e') in 0.005358394 seconds
Start importing Assets/Hollowmere/UI/Screens/MainMenu.uxml using Guid(0fc24fa2cb8c43478924261bab5afeb7) (ScriptedImporter) -> (artifact id: 'd03e49e36e160c7b8129ee7c41ed3a6a') in 0.003314054 seconds
Start importing Packages/com.unity.shadergraph/Editor/Resources/UXML/PixelCacheProfiler.uxml using Guid(0fda1aff5a5744478f70542e95fd3d42) (ScriptedImporter) -> (artifact id: 'a5004c06f9c3fa3c7765eff3b9216ed2') in 0.005475111 seconds
Start importing Packages/com.unity.inputsystem/InputSystem/Editor/UITKAssetEditor/PackageResources/InputActionMapsTreeViewItem.uxml using Guid(3fa44185ed614414ebab354dfe5a06b6) (ScriptedImporter) -> (artifact id: 'e3e31a7705849971f56210cc8c9681c8') in 0.003976714 seconds
Start importing Packages/com.unity.entities/Editor Default Resources/Unity.Entities.UI/uxml/build-component.uxml using Guid(6f3eb4eba4d5ff945bafc0980ca00e6c) (ScriptedImporter) -> (artifact id: 'f68b0c892026255654db01084e4b350c') in 0.003533193 seconds
Start importing Packages/com.unity.render-pipelines.universal/Editor/2D/LightBatchingDebugger/LightBatchingDebugger.uxml using Guid(7f54b2764826949c192810bd3944abcc) (ScriptedImporter) -> (artifact id: '8969a2431ff425fed081c9487d0ff43e') in 0.007585861 seconds
Start importing Packages/com.unity.entities/Editor Default Resources/uxml/Common/foldout-without-action-button.uxml using Guid(9f27b10bb0c8bec40bdb50ac27f13fec) (ScriptedImporter) -> (artifact id: '19d238d734e9d003cb6d0cbf24891517') in 0.002747047 seconds
Start importing Packages/com.unity.entities/Editor Default Resources/uxml/Common/component-view.uxml using Guid(df52dd2d928bbe9478dd70f1fe97708b) (ScriptedImporter) -> (artifact id: 'dd908f3817ae013cecaa675a326aae90') in 0.002822985 seconds
Shader 'Universal Render Pipeline/Particles/Unlit': fallback shader 'Hidden/Universal Render Pipeline/FallbackError' not found
Shader 'Universal Render Pipeline/Terrain/Lit': fallback shader 'Hidden/Universal Render Pipeline/FallbackError' not found
Shader 'Universal Render Pipeline/Terrain/Lit': dependency 'AddPassShader' shader 'Hidden/Universal Render Pipeline/Terrain/Lit (Add Pass)' not found
Shader 'Universal Render Pipeline/Terrain/Lit': dependency 'BaseMapShader' shader 'Hidden/Universal Render Pipeline/Terrain/Lit (Base Pass)' not found
Shader 'Universal Render Pipeline/Terrain/Lit': dependency 'BaseMapGenShader' shader 'Hidden/Universal Render Pipeline/Terrain/Lit (Basemap Gen)' not found
Shader 'Shader Graphs/Decal': fallback shader 'Hidden/Shader Graph/FallbackError' not found
Shader Hidden/ProbeVolume/VoxelizeScene is not supported: GPU does not support conservative rasterization
Shader 'Universal Render Pipeline/Nature/SpeedTree7': dependency 'BillboardShader' shader 'Universal Render Pipeline/Nature/SpeedTree7 Billboard' not found
Shader Hidden/ProbeVolume/VoxelizeScene is not supported: GPU does not support conservative rasterization
Launched and connected shader compiler UnityShaderCompiler after 0.07 seconds
Launched and connected shader compiler UnityShaderCompiler after 0.08 seconds
Launched and connected shader compiler UnityShaderCompiler after 0.08 seconds
Launched and connected shader compiler UnityShaderCompiler after 0.12 seconds
Launched and connected shader compiler UnityShaderCompiler after 0.08 seconds
Launched and connected shader compiler UnityShaderCompiler after 0.07 seconds
Launched and connected shader compiler UnityShaderCompiler after 0.10 seconds
Launched and connected shader compiler UnityShaderCompiler after 0.10 seconds
Launched and connected shader compiler UnityShaderCompiler after 0.10 seconds
Launched and connected shader compiler UnityShaderCompiler after 0.13 seconds
Loading style catalogs (8)
	StyleSheets/Extensions/base/common.uss
	UIPackageResources/StyleSheets/Default/Variables/Public/common.uss
	StyleSheets/Northstar/common.uss
	StyleSheets/Extensions/fonts/inter.uss
	StyleSheets/Extensions/base/dark.uss
	UIPackageResources/StyleSheets/Default/Northstar/Palette/dark.uss
	Packages/com.unity.entities/Editor Default Resources/uss/StyleSheets/Extensions/common.uss
	Packages/com.unity.entities/Editor Default Resources/uss/StyleSheets/Extensions/dark.uss
Launched and connected shader compiler UnityShaderCompiler after 0.13 seconds
Launched and connected shader compiler UnityShaderCompiler after 0.13 seconds
Launched and connected shader compiler UnityShaderCompiler after 0.27 seconds
Launched and connected shader compiler UnityShaderCompiler after 0.12 seconds
Launched and connected shader compiler UnityShaderCompiler after 0.27 seconds
Launched and connected shader compiler UnityShaderCompiler after 0.12 seconds
Launched and connected shader compiler UnityShaderCompiler after 0.13 seconds
Launched and connected shader compiler UnityShaderCompiler after 0.13 seconds
Launched and connected shader compiler UnityShaderCompiler after 0.14 seconds
Refreshing native plugins compatible for Editor in 0.41 ms, found 1 plugins.
Preloading 0 native plugins for Editor in 0.00 ms.
Asset Pipeline Refresh (id=b16a70391d78427f5a2f52d2391d2036): Total: 62.210 seconds - Initiated by InitialRefreshV2(ForceSynchronousImport)
	Summary:
		Imports: total=4446 (actual=4446, local cache=0, cache server=0)
		Asset DB Process Time: managed=630 ms, native=37823 ms
		Asset DB Callback time: managed=4962 ms, native=3545 ms
		Scripting: domain reloads=1, domain reload time=645 ms, compile time=14557 ms, other=45 ms
		Project Asset Count: scripts=1802, non-scripts=2645
		Asset File Changes: new=10533, changed=10533, moved=0, deleted=0
		Scan Filter Count: 1
	InvokeCustomDependenciesCallbacks: 0.004ms
	InvokePackagesCallback: 1817.151ms
	ApplyChangesToAssetFolders: 0.543ms
	Scan: 1235.670ms
	OnSourceAssetsModified: 40.171ms
	CategorizeAssetsWithTransientArtifact: 37.826ms
	ProcessAssetsWithTransientArtifactChanges: 52.548ms
	CategorizeAssets: 36.050ms
	ImportOutOfDateAssets: 36947.884ms (-8680.210ms without children)
		ImportManagerImport: 31066.006ms (934.730ms without children)
			ImportInProcess: 30096.760ms
			UpdateCategorizedAssets: 34.517ms
		CompileScripts: 14557.111ms
		ReloadNativeAssets: 0.051ms
		UnloadImportedAssets: 1.909ms
		ReloadImportedAssets: 1.014ms
		EnsureUptoDateAssetsAreRegisteredWithGuidPM: 0.895ms
		InitializingProgressBar: 0.013ms
		PostProcessAllAssetNotificationsAddChangedAssets: 0.002ms
		OnDemandSchedulerStart: 1.093ms
	PostProcessAllAssets: 6670.269ms
	Hotreload: 5.595ms
	GatherAllCurrentPrimaryArtifactRevisions: 0.000ms
	UnloadStreamsBegin: 0.178ms
	PersistCurrentRevisions: 10.906ms
	UnloadStreamsEnd: 0.422ms
	GenerateScriptTypeHashes: 2.769ms
	Untracked: 15355.011ms

Application.AssetDatabase Initial Refresh End
Scanning for USB devices : 1.485ms
Start importing ProjectSettings/EditorBuildSettings.asset using Guid(0000000000000000b000000000000000) (LibraryAssetImporter) -> (artifact id: '74228c76578a7242bf996ac0b6c3f83b') in 0.00142532 seconds
Loading style catalogs (8)
	StyleSheets/Extensions/base/common.uss
	UIPackageResources/StyleSheets/Default/Variables/Public/common.uss
	StyleSheets/Northstar/common.uss
	StyleSheets/Extensions/fonts/inter.uss
	StyleSheets/Extensions/base/dark.uss
	UIPackageResources/StyleSheets/Default/Northstar/Palette/dark.uss
	Packages/com.unity.entities/Editor Default Resources/uss/StyleSheets/Extensions/common.uss
	Packages/com.unity.entities/Editor Default Resources/uss/StyleSheets/Extensions/dark.uss
Refreshing native plugins compatible for Editor in 2.78 ms, found 1 plugins.
Preloading 0 native plugins for Editor in 0.00 ms.
Asset Pipeline Refresh (id=9638f34b245e004328f52c0bea59e03d): Total: 0.200 seconds - Initiated by StopAssetImportingV2(NoUpdateAssetOptions)
Initializing Unity extensions:
UpdateMenuTitleForLanguage: 10
[MODES] ModeService[none].Initialize
[MODES] ModeService[none].LoadModes
[MODES] Loading mode Default (0) for mode-current-id-Hollowmere
Unloading 3 Unused Serialized files (Serialized files now loaded: 0)
Unloading 6555 unused Assets / (13.1 MB). Loaded Objects now: 6755.
Memory consumption went from 308.4 MB to 295.3 MB.
Total: 42.282480 ms (FindLiveObjects: 0.586637 ms CreateObjectMapping: 0.543084 ms MarkObjects: 22.408029 ms  DeleteObjects: 18.743335 ms)


(process:3619213): GLib-GObject-CRITICAL **: 03:10:01.829: g_object_unref: assertion 'G_IS_OBJECT (object)' failed

(process:3619213): GLib-GObject-CRITICAL **: 03:10:01.830: g_object_unref: assertion 'G_IS_OBJECT (object)' failed

(process:3619213): GLib-GObject-CRITICAL **: 03:10:01.830: g_object_unref: assertion 'G_IS_OBJECT (object)' failed

(process:3619213): Gtk-CRITICAL **: 03:10:01.830: gtk_widget_destroy: assertion 'GTK_IS_WIDGET (widget)' failed
Disable old input system
[Project] Loading completed in 93.418 seconds
	Project init time: 				93.089 seconds
		Template init time: 		0.000 seconds
		Package Manager init time: 		0.140 seconds
		Asset Database init time: 		0.228 seconds
		Global illumination init time: 	0.002 seconds
		Assemblies load time: 			30.111 seconds
		Unity extensions init time: 	0.033 seconds
		Asset Database refresh time: 	62.210 seconds
	Scene opening time: 			0.300 seconds
##utp:{"type": "ProjectInfo", "version": 2, "phase": "Immediate", "time": 1791313801831, "processId": 3619213, "projectLoad": 93.418486345, "projectInit": 93.089390511, "templateInit": 0.0, "packageManagerInit": 0.140184714, "assetDatabaseInit": 0.228303612, "globalIlluminationInit": 0.002101161, "assembliesLoad": 30.110942408, "unityExtensionsInit": 0.032983884, "assetDatabaseRefresh": 62.210302212, "sceneOpening": 0.299705736}
##utp:{"type": "EditorInfo", "version": 2, "phase": "Immediate", "time": 1791313801831, "processId": 3619213, "editorVersion": "6000.0.75f1 (26349cd2a5c8)", "branch": "6000.0/staging", "buildType": "Release", "platform": "Linux"}
[Licensing::Client] Successfully resolved entitlement details
A meta data file (.meta) exists but its folder 'Packages/com.gamecore.studio.gameplay/Tests~' can't be found, and has been created. Empty directories cannot be stored in version control, so it's assumed that the meta data file is for an empty directory in version control. When moving or deleting folders outside of Unity, please ensure that the corresponding .meta file is moved or deleted along with it.
Asset Pipeline Refresh (id=20a82ede1e7c8a06cb3bddc488fcd27b): Total: 0.397 seconds - Initiated by RefreshV2(ForceSynchronousImport)
	Summary:
		Imports: total=0 (actual=0, local cache=0, cache server=0)
		Asset DB Process Time: managed=0 ms, native=396 ms
		Asset DB Callback time: managed=0 ms, native=1 ms
		Scripting: domain reloads=0, domain reload time=0 ms, compile time=0 ms, other=0 ms
		Project Asset Count: scripts=1802, non-scripts=2645
		Asset File Changes: new=0, changed=0, moved=0, deleted=0
		Scan Filter Count: 1
	InvokeCustomDependenciesCallbacks: 0.002ms
	InvokePackagesCallback: 1.991ms
	ApplyChangesToAssetFolders: 0.279ms
	Scan: 392.213ms
	GatherAllCurrentPrimaryArtifactRevisions: 0.460ms
	UnloadStreamsBegin: 0.082ms
	UnloadStreamsEnd: 0.078ms
	Untracked: 2.211ms

[MODES] ModeService[default].LoadModes
A meta data file (.meta) exists but its folder 'Packages/com.gamecore.studio.gameplay/Tests~' can't be found, and has been created. Empty directories cannot be stored in version control, so it's assumed that the meta data file is for an empty directory in version control. When moving or deleting folders outside of Unity, please ensure that the corresponding .meta file is moved or deleted along with it.
Asset Pipeline Refresh (id=ecaccfa656ae9680ab48441b7d0e49d3): Total: 0.354 seconds - Initiated by RefreshV2(NoUpdateAssetOptions)
	Summary:
		Imports: total=0 (actual=0, local cache=0, cache server=0)
		Asset DB Process Time: managed=0 ms, native=354 ms
		Asset DB Callback time: managed=0 ms, native=0 ms
		Scripting: domain reloads=0, domain reload time=0 ms, compile time=0 ms, other=0 ms
		Project Asset Count: scripts=1802, non-scripts=2645
		Asset File Changes: new=0, changed=0, moved=0, deleted=0
		Scan Filter Count: 1
	InvokeCustomDependenciesCallbacks: 0.001ms
	InvokePackagesCallback: 0.000ms
	ApplyChangesToAssetFolders: 0.170ms
	Scan: 291.208ms
	OnSourceAssetsModified: 0.001ms
	CategorizeAssetsWithTransientArtifact: 0.002ms
	ProcessAssetsWithTransientArtifactChanges: 0.444ms
	CategorizeAssets: 52.551ms
	ImportOutOfDateAssets: 2.680ms (0.597ms without children)
		ReloadNativeAssets: 0.035ms
		UnloadImportedAssets: 0.210ms
		EnsureUptoDateAssetsAreRegisteredWithGuidPM: 1.051ms
		InitializingProgressBar: 0.000ms
		PostProcessAllAssetNotificationsAddChangedAssets: 0.001ms
		OnDemandSchedulerStart: 0.786ms
	GatherAllCurrentPrimaryArtifactRevisions: 0.226ms
	UnloadStreamsBegin: 0.002ms
	PersistCurrentRevisions: 0.328ms
	UnloadStreamsEnd: 0.002ms
	Untracked: 6.612ms

Shader Hidden/ProbeVolume/VoxelizeScene is not supported: GPU does not support conservative rasterization
[Licensing::Client] Successfully resolved entitlement details
Running tests for ExecutionSettings with details:
targetPlatform =
playerHeartbeatTimeout = 600
filters[0] =
   Filter with settings:
   testMode = EditMode
   targetPlatform =
   testNames = null
   groupNames = Hollowmere.R6_A.AdmissionLifecycleTests|Hollowmere.R6_B|Hollowmere.P3_2.Headless.DriverDryTests
   categoryNames = null
   assemblyNames = null
ignoreTests = {}
featureFlags = null

UnityEngine.Debug:ExtractStackTraceNoAlloc (byte*,int,string)
UnityEngine.StackTraceUtility:ExtractStackTrace () (at ~/build/output/unity/unity/Runtime/Export/Scripting/StackTrace.cs:35)
UnityEngine.DebugLogHandler:Internal_Log (UnityEngine.LogType,UnityEngine.LogOption,string,UnityEngine.Object)
UnityEngine.DebugLogHandler:LogFormat (UnityEngine.LogType,UnityEngine.Object,string,object[])
UnityEngine.Logger:Log (UnityEngine.LogType,object)
UnityEngine.Debug:Log (object)
UnityEditor.TestTools.TestRunner.CommandLineTest.Executer:InitializeAndExecuteRun (string[]) (at ./Library/PackageCache/com.unity.test-framework@bd52b1c23814/UnityEditor.TestRunner/CommandLineTest/Executer.cs:53)
UnityEditor.TestTools.TestRunner.CommandLineTest.TestStarter:InitializeAndExecuteRun () (at ./Library/PackageCache/com.unity.test-framework@bd52b1c23814/UnityEditor.TestRunner/CommandLineTest/TestStarter.cs:64)
UnityEditor.EditorApplication:Internal_CallUpdateFunctions () (at ~/build/output/unity/unity/Editor/Mono/EditorApplication.cs:384)

(Filename: ./Library/PackageCache/com.unity.test-framework@bd52b1c23814/UnityEditor.TestRunner/CommandLineTest/Executer.cs Line: 53)

[Licensing::Client] Successfully resolved entitlement details
DisplayProgressbar: Material Upgrader re-import
Start importing Packages/com.unity.render-pipelines.universal/Runtime/Materials/Decal.mat using Guid(31d0dcc6f2dd4e4408d18036a2c93862) (NativeFormatImporter) -> (artifact id: '8f3d32c29394a79b41f28a25b53defe8') in 0.001232921 seconds
Start importing Packages/com.unity.render-pipelines.universal/Runtime/Materials/Lit.mat using Guid(31321ba15b8f8eb4c954353edc038b1d) (NativeFormatImporter) -> (artifact id: '960643f9fe6857c5d72b0d2fd2085c0e') in 0.00094374 seconds
Start importing Assets/Hollowmere/Scenery/Materials/GroundVillage.mat using Guid(713e4a8c856d6875c9df6859f6a4f960) (NativeFormatImporter) -> (artifact id: '8e8a8a3575acbe896ce8b57cf9ab38cd') in 0.0009157 seconds
Start importing Assets/Hollowmere/World/Prefabs/Lantern.mat using Guid(911842b1b2bff39c88a5577d4380b74c) (NativeFormatImporter) -> (artifact id: '1189a75c8e8613e1fd25f0baffdf7c87') in 0.000995222 seconds
Start importing Assets/Hollowmere/Interactables/Prefabs/CausewayGate.mat using Guid(e1273d4abee0663cdb97dec74f5ff31d) (NativeFormatImporter) -> (artifact id: 'd38245b469119e5904a38e035a221d4d') in 0.000903542 seconds
Start importing Assets/Hollowmere/Scenery/Materials/Reed.mat using Guid(2209f72f758962a97822bc22c61ba1d2) (NativeFormatImporter) -> (artifact id: '750f6e096e6cfa91e4be05da2390118f') in 0.000891057 seconds
Start importing Packages/com.unity.render-pipelines.universal/Editor/SceneTemplates/Standard/Materials/Gold.mat using Guid(c2e40fa84d53ccd428f640eac126b1fb) (NativeFormatImporter) -> (artifact id: '9a75d51d1e747d94c5fd36e74b0d88c1') in 0.000966717 seconds
Start importing Assets/Hollowmere/Scenery/Materials/MossStone.mat using Guid(63bdb57a54a47419d8773aa27705ac1d) (NativeFormatImporter) -> (artifact id: '7dff20719302b067f182e280b595e5df') in 0.000904603 seconds
Start importing Assets/Hollowmere/Interactables/Prefabs/WellBucket.mat using Guid(837be9b6dcc2c8e65aab00060bded8fc) (NativeFormatImporter) -> (artifact id: '423d739197c6a127b57bbf3079523e67') in 0.000895152 seconds
Start importing Assets/Hollowmere/Scenery/Materials/Thatch.mat using Guid(e3dcd598da5abcf9fbf9fb1fe11dd238) (NativeFormatImporter) -> (artifact id: '8d7d382d63fef3b824386e654c884ec0') in 0.000856592 seconds
Start importing Packages/com.unity.render-pipelines.universal/Runtime/Materials/SpriteMask-Default.mat using Guid(15d0c3709176029428a0da2f8cecf0b5) (NativeFormatImporter) -> (artifact id: '9b9123c1145efbdb38e316f85cad951e') in 0.000742099 seconds
Start importing Assets/Hollowmere/Scenery/Materials/ShrineGlow.mat using Guid(554bce7dabc8d758e8fff4f11d9fe04d) (NativeFormatImporter) -> (artifact id: '9bcf4f36fcfd4edc66aed7aac3393662') in 0.000853329 seconds
Start importing Assets/Hollowmere/Scenery/Materials/BlackWater.mat using Guid(a50f9ee368d97c86fb2dbc0f180491e6) (NativeFormatImporter) -> (artifact id: '9908b7eb58864d6e48c7525f9a48c218') in 0.000851965 seconds
Start importing Packages/com.unity.render-pipelines.universal/Runtime/Materials/SpatialMappingOcclusion.mat using Guid(b51db210fe78df745a372851b3db949e) (NativeFormatImporter) -> (artifact id: 'e725b235a682e6bf286c10ab07552b74') in 0.001519612 seconds
Start importing Assets/Hollowmere/Scenery/Materials/Bark.mat using Guid(c5881decd396e19dc85d4745df923580) (NativeFormatImporter) -> (artifact id: '4ca0c3913b740a495c4839533aa55e18') in 0.000879683 seconds
Start importing Packages/com.unity.render-pipelines.universal/Editor/SceneTemplates/Standard/Materials/Ground.mat using Guid(761d8e1f988ed2345a28312145c79c6e) (NativeFormatImporter) -> (artifact id: '97be10e07c1f855859a62635d45b8539') in 0.000910737 seconds
Start importing Assets/Hollowmere/World/Prefabs/Crate.mat using Guid(28346a61812b63be2b91a3f072f4ac60) (NativeFormatImporter) -> (artifact id: '9d74e66a6f26e5e612fb92c405a7463b') in 0.00087167 seconds
Start importing Packages/com.unity.render-pipelines.universal/Runtime/Materials/FullscreenInvertColors.mat using Guid(78a08787ca30045abb69f6f7dd878e09) (NativeFormatImporter) -> (artifact id: 'ee24d1240c4d3093a35a8ce9cd6a6123') in 0.001498234 seconds
Start importing Packages/com.unity.render-pipelines.universal/Runtime/Materials/SpatialMappingWireframe.mat using Guid(9875a245ac49007498213638a307faa1) (NativeFormatImporter) -> (artifact id: '40a3a03ad30c23572795ee7951b74454') in 0.001481595 seconds
Start importing Packages/com.unity.render-pipelines.universal/Runtime/Materials/ParticlesUnlit.mat using Guid(e823cd5b5d27c0f4b8256e7c12ee3e6d) (NativeFormatImporter) -> (artifact id: 'aa862bff269d59d834f13819255630e6') in 0.000891298 seconds
Start importing Assets/Hollowmere/Scenery/Materials/Cloth.mat using Guid(59d591d89c6969fb8ac5ae64a174d032) (NativeFormatImporter) -> (artifact id: 'ce2a7ffa3d789f66f6b8125cad84313f') in 0.000928325 seconds
Start importing Packages/com.unity.render-pipelines.universal/Runtime/Materials/TerrainLit.mat using Guid(594ea882c5a793440b60ff72d896021e) (NativeFormatImporter) -> (artifact id: '32c0756065a4c99773d8b19abfdb7370') in 0.000835787 seconds
Start importing Assets/Hollowmere/World/Prefabs/Traveller.mat using Guid(695cafc4cebe0be4683c45c1e428a8d1) (NativeFormatImporter) -> (artifact id: '9b7da67280074084b8dbe69179ae9e08') in 0.000893976 seconds
Start importing Packages/com.unity.render-pipelines.universal/Runtime/Materials/Sprite-Lit-Default.mat using Guid(a97c105638bdf8b4a8650670310a4cd3) (NativeFormatImporter) -> (artifact id: 'b2cd4e4a5173cb188e255112e4a6b285') in 0.000735146 seconds
Start importing Assets/Hollowmere/Scenery/Materials/Bronze.mat using Guid(f9267e7c7f3858a14b2cfa7d1290c7b4) (NativeFormatImporter) -> (artifact id: '9ba1f274c1e4be21a68c24f3f5ca63da') in 0.000872823 seconds
Start importing Packages/com.unity.render-pipelines.universal/Editor/SceneTemplates/Standard/Materials/White.mat using Guid(f96821bbefeea864b9b418af4b8615ac) (NativeFormatImporter) -> (artifact id: 'b0a10ce88eba78cadb227317064359ad') in 0.000909866 seconds
Start importing Packages/com.unity.render-pipelines.universal/Runtime/Materials/SimpleLit.mat using Guid(6a1143ee683302f4aa628c052723efc1) (NativeFormatImporter) -> (artifact id: '4e947c4ad6c49ec8c3dbccd89f2ba9c5') in 0.001901452 seconds
Start importing Assets/Hollowmere/Scenery/Materials/Leaves.mat using Guid(9a635606b8e14ca43b0f5d8d8420903f) (NativeFormatImporter) -> (artifact id: '369124a2a052d970839d238b15d313ae') in 0.000928791 seconds
Start importing Assets/Hollowmere/Scenery/Materials/LanternGlow.mat using Guid(9ad989929e3f6abf0939545b2ac6d29c) (NativeFormatImporter) -> (artifact id: 'aa797f76b84657e8986ea776daec4c35') in 0.000889102 seconds
Start importing Assets/Hollowmere/World/Prefabs/Reed.mat using Guid(ea9ec61735f711a46a411ddbf2fb0835) (NativeFormatImporter) -> (artifact id: '05ffedc826e5082cba6374b28117dceb') in 0.000903229 seconds
Start importing Assets/Hollowmere/World/Prefabs/Stone.mat using Guid(0bbb6a2ec62dbd6ed99c9b2d5e8fda27) (NativeFormatImporter) -> (artifact id: '0a7c37d53cf442810a25da33197eeb4b') in 0.000854594 seconds
Start importing Assets/Hollowmere/Scenery/Materials/GroundBelfry.mat using Guid(8bb53dd8bab3b475bbda1320015ea2f0) (NativeFormatImporter) -> (artifact id: '7b76881adca40df080d4d1fefc820c14') in 0.000856586 seconds
Start importing Assets/Hollowmere/Scenery/Materials/Cobble.mat using Guid(cbeca43ae13579776b757e82404e62ec) (NativeFormatImporter) -> (artifact id: '98a4fd518a5e8f1a29dae894b6a9fa48') in 0.000899866 seconds
Start importing Assets/Hollowmere/Scenery/Materials/GroundMarsh.mat using Guid(eb73391a1a25ca478a6a0195766dd3d3) (NativeFormatImporter) -> (artifact id: '1ada639a8dc4ed1028f377fb942505ab') in 0.000898939 seconds
Start importing Assets/Hollowmere/Scenery/Materials/Plaster.mat using Guid(2ce0e9a342a4df461b3ef8fc8f5c687b) (NativeFormatImporter) -> (artifact id: 'ecf084c9fe40c85ebf17681d77f570bc') in 0.000857067 seconds
Start importing Assets/Hollowmere/Scenery/Materials/Water.mat using Guid(4c360173c4bb7adc3b7daa94c2cf5a70) (NativeFormatImporter) -> (artifact id: 'b61ba6cdc9e8abf7717c4165aaa72bc1') in 0.000930462 seconds
Start importing Assets/Hollowmere/Scenery/Materials/Timber.mat using Guid(3d3223d30e9f476bebc6b5a69364b197) (NativeFormatImporter) -> (artifact id: '667f4c1c8011f2140e175fd42f6c4458') in 0.000903791 seconds
Start importing Assets/Hollowmere/Npcs/Prefabs/NpcCapsule.mat using Guid(6db5381322a108024b1b8a91e0405e12) (NativeFormatImporter) -> (artifact id: 'ea77e7c2fe06713b0c0706a8a9af1cba') in 0.000895173 seconds
Start importing Packages/com.unity.render-pipelines.universal/Runtime/Materials/Sprite-Unlit-Default.mat using Guid(9dfc825aed78fcd4ba02077103263b40) (NativeFormatImporter) -> (artifact id: '3535407266e63a704ebed07394e8e29d') in 0.00079049 seconds
Start importing Assets/Hollowmere/World/Prefabs/Signpost.mat using Guid(ad46b0c010e025b1ba7850de65835bb8) (NativeFormatImporter) -> (artifact id: '9a629eeaf2b1aa04aafd0c2a63d91dc4') in 0.000915949 seconds
Start importing Assets/Hollowmere/Scenery/Materials/Planks.mat using Guid(4f16c6b7dc318c98c84ac4ee8b4c7941) (NativeFormatImporter) -> (artifact id: '32a698a0560c6e385b28d7b08a583061') in 0.000889067 seconds
Start importing Packages/com.unity.render-pipelines.universal/Editor/SceneTemplates/Standard/Materials/Black.mat using Guid(4f1ef37ae953c484bbc5d5e4049147e5) (NativeFormatImporter) -> (artifact id: 'c073248664ba5268b69bc9cf80293393') in 0.000940065 seconds
Start importing Assets/Hollowmere/World/Prefabs/Bell.mat using Guid(5f4092027bf0baedaa554561a3810e7c) (NativeFormatImporter) -> (artifact id: '6297ada650afc4aed2fcdc63d4528fb6') in 0.000872361 seconds
Start importing Assets/Hollowmere/Scenery/Materials/Stone.mat using Guid(9fa5037e7fefc39bfaa0b68144e64ef4) (NativeFormatImporter) -> (artifact id: 'a38a9a417d67ab6163981f3d2fb24b66') in 0.000831745 seconds
Start importing Packages/com.unity.searcher/Editor/Resources/FlatSkin/Font/Roboto-Black.ttf using Guid(1062c701058745940ae5dca6219c64c8) (TrueTypeFontImporter) -> (artifact id: '3d2ca9ae18e896f9e515bb462bac0909') in 0.001508631 seconds
Start importing Packages/com.unity.searcher/Editor/Resources/FlatSkin/Font/Roboto-Regular.ttf using Guid(30dc370b164eefc43b95744fc796dad0) (TrueTypeFontImporter) -> (artifact id: '7832638d633eff303fcf3ed8f8c85e78') in 0.001302906 seconds
Start importing Packages/com.unity.searcher/Editor/Resources/FlatSkin/Font/Roboto-ThinItalic.ttf using Guid(b2ea3b3f1765e544b9eb5bd1a93a91ce) (TrueTypeFontImporter) -> (artifact id: '4f6c2aa7215fb21f189270f0bbe3b50e') in 0.001404291 seconds
Start importing Packages/com.unity.render-pipelines.core/Runtime/Debugging/Prefabs/Fonts/PerfectDOSVGA437.ttf using Guid(74a5091d8707f334b9a5c31ef71a64ba) (TrueTypeFontImporter) -> (artifact id: 'b1e2b4726236af250e8a9e0edefa19ad') in 0.001048927 seconds
Start importing Packages/com.unity.searcher/Editor/Resources/FlatSkin/Font/Roboto-Medium.ttf using Guid(a51a3aebb43ac044989270407476b208) (TrueTypeFontImporter) -> (artifact id: 'e7322fcc653770ceff992dbaffdc342c') in 0.001242023 seconds
Start importing Packages/com.unity.searcher/Editor/Resources/FlatSkin/Font/Roboto-Bold.ttf using Guid(3750c318f40cab44a97d3a81beaefeb3) (TrueTypeFontImporter) -> (artifact id: '111caa903ed7225ec6078e61ef9fb671') in 0.001226352 seconds
Start importing Packages/com.unity.searcher/Editor/Resources/FlatSkin/Font/Roboto-Italic.ttf using Guid(c839255fc8f6b4b4d90bf8c1af9f9bd1) (TrueTypeFontImporter) -> (artifact id: '8fb74d7c7a155d1ca255c69a209f86ab') in 0.001317432 seconds
Start importing Packages/com.unity.searcher/Editor/Resources/FlatSkin/Font/Roboto-Thin.ttf using Guid(19a9abb883540be48b75b951a927ae03) (TrueTypeFontImporter) -> (artifact id: 'b0f726bd0974874e2c0598b808b85eed') in 0.001301567 seconds
Start importing Packages/com.unity.searcher/Editor/Resources/FlatSkin/Font/Roboto-MediumItalic.ttf using Guid(d93c1bc57fdf1ac4dad1bf04fac05464) (TrueTypeFontImporter) -> (artifact id: 'e37e57e9981fdfe39977ebf001f95a35') in 0.00128689 seconds
Start importing Packages/com.unity.searcher/Editor/Resources/FlatSkin/Font/Roboto-BlackItalic.ttf using Guid(f95147a9bab9fe649b8070170fa7ebd2) (TrueTypeFontImporter) -> (artifact id: '7352c0e7207c5b52e94f2677e4fad37a') in 0.001287714 seconds
Start importing Packages/com.unity.searcher/Editor/Resources/FlatSkin/Font/Roboto-Light.ttf using Guid(2a29e27936eb547458f646f71125b264) (TrueTypeFontImporter) -> (artifact id: '030c3049eebc0c442f157756287951d7') in 0.001219567 seconds
Start importing Packages/com.unity.searcher/Editor/Resources/FlatSkin/Font/Roboto-LightItalic.ttf using Guid(5e63515167650a541b309ba3bfd4db3d) (TrueTypeFontImporter) -> (artifact id: '2acb95d6e05d7756b0e095214c4bf8e6') in 0.00127495 seconds
Start importing Packages/com.unity.searcher/Editor/Resources/FlatSkin/Font/Roboto-BoldItalic.ttf using Guid(dfb97a9307a577a41bcacba34b9a7e32) (TrueTypeFontImporter) -> (artifact id: '51a36f17beac0bd54da540106340b9d8') in 0.001318964 seconds
Start importing Packages/com.unity.render-pipelines.universal/Runtime/Materials/ArnoldStandardSurface/ArnoldStandardSurfaceTransparent.shadergraph using Guid(30fa68ce467463643a86b839ca0eb195) (ScriptedImporter) -> (artifact id: '9513776bf54667f86abb1543506f95f0') in 0.160206245 seconds
Start importing Packages/com.unity.render-pipelines.universal/Shaders/AutodeskInteractive/AutodeskInteractiveMasked.shadergraph using Guid(80aa867ac363ac043847b06ad71604cd) (ScriptedImporter) -> (artifact id: 'f53bf805bdf7d09079b6bf14f082bc0d') in 0.153880401 seconds
Start importing Packages/com.unity.render-pipelines.universal/Shaders/2D/VFXSpriteLit.shadergraph using Guid(24a73dccd7b6fad4798be282f96a21f4) (ScriptedImporter) -> (artifact id: '7ae3d2f66d5e6072255dfb1b967110b2') in 0.080204148 seconds
Start importing Packages/com.unity.render-pipelines.universal/Runtime/Materials/PhysicalMaterial3DsMax/PhysicalMaterial3DsMax.shadergraph using Guid(44245ab89240f51459a5077d7145c452) (ScriptedImporter) -> (artifact id: '19f751c2a026309c025ca3b0c383a2ae') in 0.146346005 seconds
Start importing Packages/com.unity.render-pipelines.universal/Runtime/Materials/ArnoldStandardSurface/ArnoldStandardSurface.shadergraph using Guid(3739e562a03fc0b4982d8aa66cc50865) (ScriptedImporter) -> (artifact id: '2008b1664ef227ac7b1f139374b44463') in 0.135578946 seconds
Start importing Packages/com.unity.render-pipelines.universal/Shaders/2D/VFXSpriteUnlit.shadergraph using Guid(d7288f66e4fb0634c9afef98c31b722a) (ScriptedImporter) -> (artifact id: '68d9da470ff1fcd7e9a8573dd23f4171') in 0.071280497 seconds
Start importing Packages/com.unity.render-pipelines.universal/Shaders/Nature/SpeedTree8_PBRLit.shadergraph using Guid(9920c1f1781549a46ba081a2a15a16ec) (ScriptedImporter) -> (artifact id: '0e262520feb8c53edda491304a51ecd9') in 1.383576292 seconds
Start importing Packages/com.unity.render-pipelines.universal/Runtime/Materials/PhysicalMaterial3DsMax/PhysicalMaterial3DsMaxTransparent.shadergraph using Guid(1a207e3bee00db44b940e6f362a8e148) (ScriptedImporter) -> (artifact id: '324b0866b974ffc32393ff8c001a69ec') in 0.138875193 seconds
Start importing Packages/com.unity.render-pipelines.universal/Shaders/Decal.shadergraph using Guid(9b4e681081e2b4c469111bb649e2f7ee) (ScriptedImporter) -> (artifact id: '6acad91e000775ea9efb37a2bfba7973') in 0.09365488 seconds
Start importing Packages/com.unity.render-pipelines.universal/Shaders/Nature/SpeedTree9_URP.shadergraph using Guid(cbd3e1cc4ae141c42a30e33b4d666a61) (ScriptedImporter) -> (artifact id: 'b7b91e002f57a0067e0e06cdcce3ba6e') in 1.111468646 seconds
Start importing Packages/com.unity.render-pipelines.universal/Shaders/FullscreenInvertColors.shadergraph using Guid(fb6390f650ca44a5ba3246d8dda47927) (ScriptedImporter) -> (artifact id: '7a53917a475e82f1e66f413fdc68f9d8') in 0.047429288 seconds
Start importing Packages/com.unity.render-pipelines.universal/Shaders/AutodeskInteractive/AutodeskInteractiveTransparent.shadergraph using Guid(5c81372d981403744adbdda4433c9c11) (ScriptedImporter) -> (artifact id: '96d27a6638f6898a0494ad4dd56ac7b8') in 0.111261169 seconds
Start importing Packages/com.unity.render-pipelines.universal/Shaders/AutodeskInteractive/AutodeskInteractive.shadergraph using Guid(0e9d5a909a1f7e84882a534d0d11e49f) (ScriptedImporter) -> (artifact id: 'bb1d157d4f06a2a75f92ef82e7b2fd4c') in 0.148124558 seconds
Start importing Assets/Hollowmere/UI/Theme/HollowmereTheme.tss using Guid(90e0f2de55b54915a87cde66f14e0b4a) (ScriptedImporter) -> (artifact id: 'f580981d8f0316befd780a9e709ed224') in 0.017460055 seconds
Shader Hidden/ProbeVolume/VoxelizeScene is not supported: GPU does not support conservative rasterization
Refreshing native plugins compatible for Editor in 0.33 ms, found 1 plugins.
Preloading 0 native plugins for Editor in 0.00 ms.
Asset Pipeline Refresh (id=21bef80fa6a0a6016808213b11399cae): Total: 4.076 seconds - Initiated by StopAssetImportingV2(NoUpdateAssetOptions)
	Summary:
		Imports: total=71 (actual=71, local cache=0, cache server=0)
		Asset DB Process Time: managed=4 ms, native=4003 ms
		Asset DB Callback time: managed=24 ms, native=43 ms
		Scripting: domain reloads=0, domain reload time=0 ms, compile time=0 ms, other=0 ms
		Project Asset Count: scripts=1802, non-scripts=2645
		Asset File Changes: new=0, changed=0, moved=0, deleted=0
		Scan Filter Count: 106
	InvokeCustomDependenciesCallbacks: 0.001ms
	InvokePackagesCallback: 0.001ms
	ApplyChangesToAssetFolders: 0.268ms
	Scan: 16.374ms
	OnSourceAssetsModified: 0.001ms
	CategorizeAssetsWithTransientArtifact: 0.160ms
	ProcessAssetsWithTransientArtifactChanges: 0.151ms
	CategorizeAssets: 3.358ms
	ImportOutOfDateAssets: 3977.863ms (-7.769ms without children)
		ImportManagerImport: 3971.423ms (94.209ms without children)
			ImportInProcess: 3870.708ms
			UpdateCategorizedAssets: 6.506ms
		ReloadNativeAssets: 0.035ms
		UnloadImportedAssets: 1.372ms
		ReloadImportedAssets: 8.832ms
		EnsureUptoDateAssetsAreRegisteredWithGuidPM: 1.134ms
		InitializingProgressBar: 0.009ms
		PostProcessAllAssetNotificationsAddChangedAssets: 0.006ms
		OnDemandSchedulerStart: 2.821ms
	PostProcessAllAssets: 68.191ms
	Hotreload: 0.600ms
	GatherAllCurrentPrimaryArtifactRevisions: 0.304ms
	UnloadStreamsBegin: 0.002ms
	PersistCurrentRevisions: 0.358ms
	UnloadStreamsEnd: 0.093ms
	Untracked: 8.341ms

A meta data file (.meta) exists but its folder 'Packages/com.gamecore.studio.gameplay/Tests~' can't be found, and has been created. Empty directories cannot be stored in version control, so it's assumed that the meta data file is for an empty directory in version control. When moving or deleting folders outside of Unity, please ensure that the corresponding .meta file is moved or deleted along with it.
UnityEngine.Debug:ExtractStackTraceNoAlloc (byte*,int,string)
UnityEngine.StackTraceUtility:ExtractStackTrace () (at ~/build/output/unity/unity/Runtime/Export/Scripting/StackTrace.cs:35)
UnityEditor.AssetDatabase:Refresh () (at ~/build/output/unity/unity/Modules/AssetDatabase/Editor/ScriptBindings/AssetDatabase.bindings.cs:393)
UnityEditor.SpeedTree.Importer.SpeedTree9Importer:DirtyCustomDependencies () (at ~/build/output/unity/unity/Editor/Mono/AssetPipeline/SpeedTree/SpeedTree9Importer.cs:329)
UnityEditor.EditorApplication:Internal_CallUpdateFunctions () (at ~/build/output/unity/unity/Editor/Mono/EditorApplication.cs:384)

[~/build/output/unity/unity/Modules/AssetDatabase/Editor/ScriptBindings/AssetDatabase.bindings.cs line 393]

A meta data file (.meta) exists but its folder 'Packages/com.gamecore.studio.gameplay/Tests~' can't be found, and has been created. Empty directories cannot be stored in version control, so it's assumed that the meta data file is for an empty directory in version control. When moving or deleting folders outside of Unity, please ensure that the corresponding .meta file is moved or deleted along with it.
UnityEngine.Debug:ExtractStackTraceNoAlloc (byte*,int,string)
UnityEngine.StackTraceUtility:ExtractStackTrace () (at ~/build/output/unity/unity/Runtime/Export/Scripting/StackTrace.cs:35)
UnityEditor.AssetDatabase:Refresh () (at ~/build/output/unity/unity/Modules/AssetDatabase/Editor/ScriptBindings/AssetDatabase.bindings.cs:393)
UnityEditor.SpeedTree.Importer.SpeedTree9Importer:DirtyCustomDependencies () (at ~/build/output/unity/unity/Editor/Mono/AssetPipeline/SpeedTree/SpeedTree9Importer.cs:329)
UnityEditor.EditorApplication:Internal_CallUpdateFunctions () (at ~/build/output/unity/unity/Editor/Mono/EditorApplication.cs:384)

[~/build/output/unity/unity/Modules/AssetDatabase/Editor/ScriptBindings/AssetDatabase.bindings.cs line 393]

Asset Pipeline Refresh (id=3a30d2be3e5a27346a9e7d9fd4dd3d75): Total: 0.509 seconds - Initiated by RefreshV2(NoUpdateAssetOptions)
	Summary:
		Imports: total=0 (actual=0, local cache=0, cache server=0)
		Asset DB Process Time: managed=0 ms, native=509 ms
		Asset DB Callback time: managed=0 ms, native=0 ms
		Scripting: domain reloads=0, domain reload time=0 ms, compile time=0 ms, other=0 ms
		Project Asset Count: scripts=1802, non-scripts=2645
		Asset File Changes: new=0, changed=0, moved=0, deleted=0
		Scan Filter Count: 1
	InvokeCustomDependenciesCallbacks: 0.002ms
	InvokePackagesCallback: 0.001ms
	ApplyChangesToAssetFolders: 0.338ms
	Scan: 463.974ms
	OnSourceAssetsModified: 0.001ms
	CategorizeAssetsWithTransientArtifact: 0.003ms
	ProcessAssetsWithTransientArtifactChanges: 0.334ms
	CategorizeAssets: 32.847ms
	ImportOutOfDateAssets: 1.733ms (0.402ms without children)
		ReloadNativeAssets: 0.074ms
		UnloadImportedAssets: 0.106ms
		EnsureUptoDateAssetsAreRegisteredWithGuidPM: 0.603ms
		InitializingProgressBar: 0.000ms
		PostProcessAllAssetNotificationsAddChangedAssets: 0.000ms
		OnDemandSchedulerStart: 0.547ms
	GatherAllCurrentPrimaryArtifactRevisions: 0.406ms
	UnloadStreamsBegin: 0.510ms
	PersistCurrentRevisions: 0.225ms
	UnloadStreamsEnd: 0.001ms
	Untracked: 8.774ms

[UnityConnectServicesConfig] config is NOT valid, switching to default
Created GICache directory at ~/.cache/unity3d/GiCache. Took: 0.002s, timestamps: [93.445 - 93.447]
Unloading 13 Unused Serialized files (Serialized files now loaded: 0)
Unloading 189 unused Assets / (3.5 MB). Loaded Objects now: 6799.
Memory consumption went from 278.8 MB to 275.3 MB.
Total: 28.012873 ms (FindLiveObjects: 0.321903 ms CreateObjectMapping: 0.280503 ms MarkObjects: 24.928632 ms  DeleteObjects: 2.480875 ms)

Executing IPrebuildSetup for: Unity.PerformanceTesting.Editor.TestRunBuilder.
UnityEngine.Debug:ExtractStackTraceNoAlloc (byte*,int,string)
UnityEngine.StackTraceUtility:ExtractStackTrace () (at ~/build/output/unity/unity/Runtime/Export/Scripting/StackTrace.cs:35)
UnityEngine.DebugLogHandler:Internal_Log (UnityEngine.LogType,UnityEngine.LogOption,string,UnityEngine.Object)
UnityEngine.DebugLogHandler:LogFormat (UnityEngine.LogType,UnityEngine.Object,string,object[])
UnityEngine.Logger:Log (UnityEngine.LogType,object)
UnityEngine.Debug:Log (object)
UnityEditor.TestTools.TestRunner.TestRun.Tasks.BuildActionTaskBase`1/<ExecuteMethods>d__8<UnityEngine.TestTools.IPrebuildSetup>:MoveNext () (at ./Library/PackageCache/com.unity.test-framework@bd52b1c23814/UnityEditor.TestRunner/TestRun/Tasks/BuildActionTaskBase.cs:48)
UnityEditor.TestTools.TestRunner.TestRun.Tasks.BuildActionTaskBase`1/<Execute>d__7<UnityEngine.TestTools.IPrebuildSetup>:MoveNext () (at ./Library/PackageCache/com.unity.test-framework@bd52b1c23814/UnityEditor.TestRunner/TestRun/Tasks/BuildActionTaskBase.cs:34)
UnityEditor.TestTools.TestRunner.TestRun.TestJobRunner:ExecuteStep () (at ./Library/PackageCache/com.unity.test-framework@bd52b1c23814/UnityEditor.TestRunner/TestRun/TestJobRunner.cs:173)
UnityEditor.TestTools.TestRunner.TestRun.TestJobRunner:ExecuteCallback () (at ./Library/PackageCache/com.unity.test-framework@bd52b1c23814/UnityEditor.TestRunner/TestRun/TestJobRunner.cs:108)
UnityEditor.EditorApplication:Internal_CallUpdateFunctions () (at ~/build/output/unity/unity/Editor/Mono/EditorApplication.cs:384)

(Filename: ./Library/PackageCache/com.unity.test-framework@bd52b1c23814/UnityEditor.TestRunner/TestRun/Tasks/BuildActionTaskBase.cs Line: 48)

Opening scene 'Assets/Hollowmere/Boot/Boot.unity'
Unloading 225 Unused Serialized files (Serialized files now loaded: 0)
Loaded scene 'Assets/Hollowmere/Boot/Boot.unity'
	Deserialize:            28.625 ms
	Integration:            332.598 ms
	Integration of assets:  0.902 ms
	Thread Wait Time:       -0.004 ms
	Total Operation Time:   362.121 ms
Unloading 1 unused Assets / (2.2 KB). Loaded Objects now: 7107.
Memory consumption went from 273.1 MB to 273.1 MB.
Total: 15.993377 ms (FindLiveObjects: 0.271468 ms CreateObjectMapping: 0.211782 ms MarkObjects: 15.488989 ms  DeleteObjects: 0.020180 ms)

Reloading assemblies for play mode.
Reloading assemblies after forced synchronous recompile.
Begin MonoManager ReloadAssembly
Symbol file LoadedFromMemory is not a mono symbol file
- Loaded All Assemblies, in  0.923 seconds
Refreshing native plugins compatible for Editor in 0.27 ms, found 1 plugins.
Native extension for LinuxStandalone target not found
Native extension for OSXStandalone target not found
Assembly reference Packages/com.unity.entities/Unity.Scenes.Editor/Internals/Properties/Unity.Properties.Internals.asmref has no target assembly definition
TypeManager.Initialize took: 147ms
Mono: successfully reloaded assembly
[MODES] ModeService[none].Initialize
[MODES] ModeService[none].LoadModes
- Finished resetting the current domain, in  1.787 seconds
Domain Reload Profiling: 2706ms
	BeginReloadAssembly (587ms)
		ExecutionOrderSort (0ms)
		DisableScriptedObjects (17ms)
		BackupInstance (0ms)
		ReleaseScriptingObjects (0ms)
		CreateAndSetChildDomain (455ms)
	RebuildCommonClasses (39ms)
	RebuildNativeTypeToScriptingClass (10ms)
	initialDomainReloadingComplete (29ms)
	LoadAllAssembliesAndSetupDomain (253ms)
		LoadAssemblies (99ms)
		RebuildTransferFunctionScriptingTraits (0ms)
		AnalyzeDomain (211ms)
			TypeCache.Refresh (8ms)
				TypeCache.ScanAssembly (0ms)
			BuildScriptInfoCaches (189ms)
			ResolveRequiredComponents (12ms)
	FinalizeReload (1787ms)
		ReleaseScriptCaches (0ms)
		RebuildScriptCaches (0ms)
		SetupLoadedEditorAssemblies (1277ms)
			LogAssemblyErrors (0ms)
			InitializePlatformSupportModulesInManaged (142ms)
			SetLoadedEditorAssemblies (10ms)
			BeforeProcessingInitializeOnLoad (194ms)
			ProcessInitializeOnLoadAttributes (630ms)
			ProcessInitializeOnLoadMethodAttributes (298ms)
			AfterProcessingInitializeOnLoad (3ms)
			EditorAssembliesLoaded (0ms)
		ExecutionOrderSort2 (0ms)
		AwakeInstancesAfterBackupRestoration (39ms)
Asset Pipeline Refresh (id=bba5b739bcfe33caab0ba1dabc3ab01d): Total: 2.877 seconds - Initiated by StopAssetImportingV2(ForceSynchronousImport | ForceDomainReload)
	Summary:
		Imports: total=0 (actual=0, local cache=0, cache server=0)
		Asset DB Process Time: managed=0 ms, native=1908 ms
		Asset DB Callback time: managed=31 ms, native=0 ms
		Scripting: domain reloads=1, domain reload time=935 ms, compile time=2 ms, other=0 ms
		Project Asset Count: scripts=1802, non-scripts=2645
		Asset File Changes: new=0, changed=0, moved=0, deleted=0
		Scan Filter Count: 0
	InvokeCustomDependenciesCallbacks: 0.003ms
	InvokePackagesCallback: 3.091ms
	ApplyChangesToAssetFolders: 0.480ms
	Scan: 0.001ms
	OnSourceAssetsModified: 0.002ms
	CategorizeAssetsWithTransientArtifact: 0.004ms
	ProcessAssetsWithTransientArtifactChanges: 4.256ms
	CategorizeAssets: 64.225ms
	ImportOutOfDateAssets: 1797.018ms (1780.547ms without children)
		CompileScripts: 1.706ms
		CollectScriptTypesHashes: 10.711ms
		ReloadNativeAssets: 1.855ms
		UnloadImportedAssets: 0.627ms
		EnsureUptoDateAssetsAreRegisteredWithGuidPM: 0.952ms
		InitializingProgressBar: 0.000ms
		PostProcessAllAssetNotificationsAddChangedAssets: 0.000ms
		OnDemandSchedulerStart: 0.619ms
	PostProcessAllAssets: 31.165ms
	GatherAllCurrentPrimaryArtifactRevisions: 0.301ms
	UnloadStreamsBegin: 0.014ms
	PersistCurrentRevisions: 0.234ms
	UnloadStreamsEnd: 0.001ms
	GenerateScriptTypeHashes: 6.203ms
	Untracked: 976.622ms

Loaded scene 'Temp/__Backupscenes/0.backup'
	Deserialize:            1.657 ms
	Integration:            603.012 ms
	Integration of assets:  0.002 ms
	Thread Wait Time:       0.005 ms
	Total Operation Time:   604.676 ms
Refreshing native plugins compatible for Editor in 0.30 ms, found 1 plugins.
Preloading 0 native plugins for Editor in 0.00 ms.
Loaded scene 'Assets/Hollowmere/Regions/ThornwickVillage.unity'
	Deserialize:            33.728 ms
	Integration:            56.457 ms
	Integration of assets:  0.527 ms
	Thread Wait Time:       5.241 ms
	Total Operation Time:   95.953 ms
Unloading 109 Unused Serialized files (Serialized files now loaded: 0)
Loaded scene 'Temp/__Backupscenes/0.backup'
	Deserialize:            0.979 ms
	Integration:            340.887 ms
	Integration of assets:  0.002 ms
	Thread Wait Time:       0.004 ms
	Total Operation Time:   341.872 ms
Unloading 49 unused Assets / (40.2 KB). Loaded Objects now: 7290.
Memory consumption went from 218.5 MB to 218.5 MB.
Total: 12.941230 ms (FindLiveObjects: 0.267025 ms CreateObjectMapping: 0.202919 ms MarkObjects: 12.301827 ms  DeleteObjects: 0.168188 ms)

[Licensing::Client] Successfully resolved entitlement details
Unloading 0 Unused Serialized files (Serialized files now loaded: 0)
Unloading 5 unused Assets / (0.5 KB). Loaded Objects now: 7271.
Memory consumption went from 217.4 MB to 217.4 MB.
Total: 11.256919 ms (FindLiveObjects: 0.253704 ms CreateObjectMapping: 0.164759 ms MarkObjects: 10.036157 ms  DeleteObjects: 0.801292 ms)

Unloading 0 Unused Serialized files (Serialized files now loaded: 0)
Unloading 0 unused Assets / (Unknown). Loaded Objects now: 7271.
Memory consumption went from 216.8 MB to 216.9 MB.
Total: 13.111425 ms (FindLiveObjects: 0.260874 ms CreateObjectMapping: 0.183404 ms MarkObjects: 12.652208 ms  DeleteObjects: 0.013867 ms)

Unloading 0 Unused Serialized files (Serialized files now loaded: 0)
Unloading 0 unused Assets / (0 B). Loaded Objects now: 7271.
Memory consumption went from 216.8 MB to 216.8 MB.
Total: 10.529523 ms (FindLiveObjects: 0.283850 ms CreateObjectMapping: 0.186572 ms MarkObjects: 10.046426 ms  DeleteObjects: 0.011727 ms)

Unloading 0 Unused Serialized files (Serialized files now loaded: 0)
Unloading 0 unused Assets / (0 B). Loaded Objects now: 7271.
Memory consumption went from 216.8 MB to 216.8 MB.
Total: 10.527102 ms (FindLiveObjects: 0.245167 ms CreateObjectMapping: 0.153825 ms MarkObjects: 10.113899 ms  DeleteObjects: 0.013115 ms)

Unloading 0 Unused Serialized files (Serialized files now loaded: 0)
Unloading 0 unused Assets / (0 B). Loaded Objects now: 7271.
Memory consumption went from 216.8 MB to 216.8 MB.
Total: 10.372114 ms (FindLiveObjects: 0.255919 ms CreateObjectMapping: 0.164370 ms MarkObjects: 9.938709 ms  DeleteObjects: 0.011812 ms)

Unloading 0 Unused Serialized files (Serialized files now loaded: 0)
Unloading 0 unused Assets / (0 B). Loaded Objects now: 7271.
Memory consumption went from 216.8 MB to 216.8 MB.
Total: 11.059630 ms (FindLiveObjects: 0.260631 ms CreateObjectMapping: 0.176643 ms MarkObjects: 10.606773 ms  DeleteObjects: 0.014395 ms)

Unloading 0 Unused Serialized files (Serialized files now loaded: 0)
Unloading 0 unused Assets / (0 B). Loaded Objects now: 7271.
Memory consumption went from 216.8 MB to 216.8 MB.
Total: 10.971667 ms (FindLiveObjects: 0.261997 ms CreateObjectMapping: 0.179622 ms MarkObjects: 10.513817 ms  DeleteObjects: 0.015288 ms)

Unloading 0 Unused Serialized files (Serialized files now loaded: 0)
Unloading 0 unused Assets / (0 B). Loaded Objects now: 7271.
Memory consumption went from 216.8 MB to 216.8 MB.
Total: 10.803427 ms (FindLiveObjects: 0.355516 ms CreateObjectMapping: 0.217771 ms MarkObjects: 10.211996 ms  DeleteObjects: 0.016957 ms)

Unloading 0 Unused Serialized files (Serialized files now loaded: 0)
Unloading 0 unused Assets / (Unknown). Loaded Objects now: 7271.
Memory consumption went from 216.8 MB to 216.8 MB.
Total: 11.324698 ms (FindLiveObjects: 0.345712 ms CreateObjectMapping: 0.213717 ms MarkObjects: 10.749661 ms  DeleteObjects: 0.014463 ms)

Unloading 404 Unused Serialized files (Serialized files now loaded: 0)
Unloading 207 unused Assets / (136.0 KB). Loaded Objects now: 7271.
Memory consumption went from 392.0 MB to 391.8 MB.
Total: 10.290597 ms (FindLiveObjects: 0.235403 ms CreateObjectMapping: 0.191868 ms MarkObjects: 9.719808 ms  DeleteObjects: 0.142455 ms)

Opening scene 'Assets/Hollowmere/Regions/BlackmereMarsh.unity'
Unloading 3 Unused Serialized files (Serialized files now loaded: 0)
Loaded scene 'Assets/Hollowmere/Regions/BlackmereMarsh.unity'
	Deserialize:            6.201 ms
	Integration:            338.351 ms
	Integration of assets:  0.022 ms
	Thread Wait Time:       0.004 ms
	Total Operation Time:   344.579 ms
Unloading 1 unused Assets / (357.3 KB). Loaded Objects now: 7762.
Memory consumption went from 389.8 MB to 389.5 MB.
Total: 10.428453 ms (FindLiveObjects: 0.334301 ms CreateObjectMapping: 0.219036 ms MarkObjects: 9.841280 ms  DeleteObjects: 0.033081 ms)

Unloading 424 Unused Serialized files (Serialized files now loaded: 0)
Unloading 225 unused Assets / (147.7 KB). Loaded Objects now: 7273.
Memory consumption went from 393.1 MB to 393.0 MB.
Total: 11.622794 ms (FindLiveObjects: 0.252627 ms CreateObjectMapping: 0.147716 ms MarkObjects: 11.021655 ms  DeleteObjects: 0.199767 ms)

Unloading 0 Unused Serialized files (Serialized files now loaded: 0)
Unloading 0 unused Assets / (0 B). Loaded Objects now: 7273.
Memory consumption went from 388.3 MB to 388.3 MB.
Total: 10.294686 ms (FindLiveObjects: 0.258368 ms CreateObjectMapping: 0.172653 ms MarkObjects: 9.848815 ms  DeleteObjects: 0.013750 ms)

Unloading 0 Unused Serialized files (Serialized files now loaded: 0)
Unloading 0 unused Assets / (0 B). Loaded Objects now: 7273.
Memory consumption went from 388.3 MB to 388.3 MB.
Total: 10.473957 ms (FindLiveObjects: 0.246146 ms CreateObjectMapping: 0.158152 ms MarkObjects: 10.055157 ms  DeleteObjects: 0.013415 ms)

Unloading 0 Unused Serialized files (Serialized files now loaded: 0)
Unloading 0 unused Assets / (0 B). Loaded Objects now: 7273.
Memory consumption went from 388.3 MB to 388.3 MB.
Total: 10.444024 ms (FindLiveObjects: 0.241238 ms CreateObjectMapping: 0.160478 ms MarkObjects: 10.028386 ms  DeleteObjects: 0.012672 ms)

Unloading 0 Unused Serialized files (Serialized files now loaded: 0)
Unloading 0 unused Assets / (Unknown). Loaded Objects now: 7273.
Memory consumption went from 388.3 MB to 388.3 MB.
Total: 11.510646 ms (FindLiveObjects: 0.253955 ms CreateObjectMapping: 0.168693 ms MarkObjects: 11.072977 ms  DeleteObjects: 0.014067 ms)

Asset Pipeline Refresh (id=648eeea0f948aa40b89bd9271d6d01c3): Total: 0.003 seconds - Initiated by StopAssetImportingV2(NoUpdateAssetOptions)
[GameCore.Studio/engine] applied cs_01M4824HH3CTY0YB3FBPB7KM58 -> Applied (2 op(s), 69.5 ms)
UnityEngine.Debug:ExtractStackTraceNoAlloc (byte*,int,string)
UnityEngine.StackTraceUtility:ExtractStackTrace () (at ~/build/output/unity/unity/Runtime/Export/Scripting/StackTrace.cs:35)
UnityEngine.DebugLogHandler:Internal_Log (UnityEngine.LogType,UnityEngine.LogOption,string,UnityEngine.Object)
UnityEngine.DebugLogHandler:LogFormat (UnityEngine.LogType,UnityEngine.Object,string,object[])
UnityEngine.Logger:Log (UnityEngine.LogType,object)
UnityEngine.Debug:Log (object)
GameCore.Studio.Authoring.UnityStudioLog:Emit (GameCore.Studio.Authoring.StudioLogEntry) (at ~/wkspace/gc-studio/p4.2g/.evidence/live/Packages/com.gamecore.studio.core/Runtime/Authoring/StudioLog.cs:205)
GameCore.Studio.Authoring.StudioLogBase:Write (GameCore.Studio.Authoring.StudioLogLevel,string,string,GameCore.Studio.Model.Diagnostic) (at ~/wkspace/gc-studio/p4.2g/.evidence/live/Packages/com.gamecore.studio.core/Runtime/Authoring/StudioLog.cs:180)
GameCore.Studio.Edit.ChangeSetEngine:Finish (GameCore.Studio.Edit.StagedChangeSet,GameCore.Studio.Model.ChangeSet,System.Collections.Generic.List`1<GameCore.Studio.Model.Diagnostic>,bool,bool,System.Diagnostics.Stopwatch,System.Collections.Generic.IReadOnlyList`1<GameCore.Studio.Edit.OperationResult>) (at ~/wkspace/gc-studio/p4.2g/.evidence/live/Packages/com.gamecore.studio.core/Editor/Engine/ChangeSetEngine.cs:1089)
GameCore.Studio.Edit.ChangeSetEngine:ApplyCore (GameCore.Studio.Edit.StagedChangeSet,System.Collections.Generic.IReadOnlyDictionary`2<string, Newtonsoft.Json.Linq.JObject>,bool,System.Action`1<GameCore.Studio.Model.ChangeSet>) (at ~/wkspace/gc-studio/p4.2g/.evidence/live/Packages/com.gamecore.studio.core/Editor/Engine/ChangeSetEngine.cs:857)
GameCore.Studio.Edit.ChangeSetEngine:Apply (GameCore.Studio.Edit.StagedChangeSet) (at ~/wkspace/gc-studio/p4.2g/.evidence/live/Packages/com.gamecore.studio.core/Editor/Engine/ChangeSetEngine.cs:296)
Hollowmere.P3_2.Headless.DriverDryTests/<R5_07_UnmodifiedRetainedCandidatesHaveDialogueAndQuestPlayEffects>d__10:MoveNext () (at Assets/Hollowmere/Tests/P3_2/EditMode/DriverDryTests.cs:187)
UnityEngine.TestTools.TestEnumerator/<Execute>d__7:MoveNext () (at ./Library/PackageCache/com.unity.test-framework@bd52b1c23814/UnityEngine.TestRunner/NUnitExtensions/Attributes/TestEnumerator.cs:44)
UnityEngine.TestTools.EnumerableTestMethodCommand/<ExecuteEnumerableAndRecordExceptions>d__4:MoveNext () (at ./Library/PackageCache/com.unity.test-framework@bd52b1c23814/UnityEngine.TestRunner/NUnitExtensions/Commands/EnumerableTestMethodCommand.cs:79)
UnityEngine.TestTools.EnumerableTestMethodCommand:AdvanceEnumerator (System.Collections.IEnumerator) (at ./Library/PackageCache/com.unity.test-framework@bd52b1c23814/UnityEngine.TestRunner/NUnitExtensions/Commands/EnumerableTestMethodCommand.cs:64)
UnityEngine.TestTools.EnumerableTestMethodCommand/<ExecuteEnumerable>d__2:MoveNext () (at ./Library/PackageCache/com.unity.test-framework@bd52b1c23814/UnityEngine.TestRunner/NUnitExtensions/Commands/EnumerableTestMethodCommand.cs:47)
UnityEngine.TestRunner.NUnitExtensions.Runner.UnityLogCheckDelegatingCommand/<ExecuteEnumerable>d__3:MoveNext () (at ./Library/PackageCache/com.unity.test-framework@bd52b1c23814/UnityEngine.TestRunner/NUnitExtensions/Runner/UnityLogCheckDelegatingCommand.cs:48)
UnityEngine.TestTools.BeforeAfterTestCommandBase`1/<ExecuteEnumerable>d__16<NUnit.Framework.ITestAction>:MoveNext () (at ./Library/PackageCache/com.unity.test-framework@bd52b1c23814/UnityEngine.TestRunner/NUnitExtensions/Commands/BeforeAfterTestCommandBase.cs:212)
UnityEngine.TestTools.BeforeAfterTestCommandBase`1/<ExecuteEnumerable>d__16<System.Reflection.MethodInfo>:MoveNext () (at ./Library/PackageCache/com.unity.test-framework@bd52b1c23814/UnityEngine.TestRunner/NUnitExtensions/Commands/BeforeAfterTestCommandBase.cs:212)
UnityEngine.TestTools.BeforeAfterTestCommandBase`1/<ExecuteEnumerable>d__16<System.Reflection.MethodInfo>:MoveNext () (at ./Library/PackageCache/com.unity.test-framework@bd52b1c23814/UnityEngine.TestRunner/NUnitExtensions/Commands/BeforeAfterTestCommandBase.cs:212)
UnityEngine.TestTools.BeforeAfterTestCommandBase`1/<ExecuteEnumerable>d__16<UnityEngine.TestTools.IOuterUnityTestAction>:MoveNext () (at ./Library/PackageCache/com.unity.test-framework@bd52b1c23814/UnityEngine.TestRunner/NUnitExtensions/Commands/BeforeAfterTestCommandBase.cs:212)
UnityEngine.TestTools.RetryCommand/<ExecuteEnumerable>d__2:MoveNext () (at ./Library/PackageCache/com.unity.test-framework@bd52b1c23814/UnityEngine.TestRunner/NUnitExtensions/Commands/RetryCommand.cs:37)
UnityEngine.TestTools.RepeatCommand/<ExecuteEnumerable>d__2:MoveNext () (at ./Library/PackageCache/com.unity.test-framework@bd52b1c23814/UnityEngine.TestRunner/NUnitExtensions/Commands/RepeatCommand.cs:36)
UnityEngine.TestTools.IgnoreTestCommand/<ExecuteEnumerable>d__3:MoveNext () (at ./Library/PackageCache/com.unity.test-framework@bd52b1c23814/UnityEngine.TestRunner/NUnitExtensions/Commands/IgnoreTestCommand.cs:42)
UnityEngine.TestTools.StrictCheckCommand/<ExecuteEnumerable>d__2:MoveNext () (at ./Library/PackageCache/com.unity.test-framework@bd52b1c23814/UnityEngine.TestRunner/NUnitExtensions/Commands/StrictCheckCommand.cs:29)
UnityEditor.TestTools.TestRunner.EditorEnumeratorTestWorkItem/<PerformWork>d__3:MoveNext () (at ./Library/PackageCache/com.unity.test-framework@bd52b1c23814/UnityEditor.TestRunner/TestRunner/EditorEnumeratorTestWorkItem.cs:97)
UnityEngine.TestRunner.NUnitExtensions.Runner.CompositeWorkItem/<RunChildren>d__17:MoveNext () (at ./Library/PackageCache/com.unity.test-framework@bd52b1c23814/UnityEngine.TestRunner/NUnitExtensions/Runner/CompositeWorkItem.cs:207)
UnityEngine.TestRunner.NUnitExtensions.Runner.CompositeWorkItem/<PerformWork>d__13:MoveNext () (at ./Library/PackageCache/com.unity.test-framework@bd52b1c23814/UnityEngine.TestRunner/NUnitExtensions/Runner/CompositeWorkItem.cs:82)
UnityEngine.TestRunner.NUnitExtensions.Runner.CompositeWorkItem/<RunChildren>d__17:MoveNext () (at ./Library/PackageCache/com.unity.test-framework@bd52b1c23814/UnityEngine.TestRunner/NUnitExtensions/Runner/CompositeWorkItem.cs:207)
UnityEngine.TestRunner.NUnitExtensions.Runner.CompositeWorkItem/<PerformWork>d__13:MoveNext () (at ./Library/PackageCache/com.unity.test-framework@bd52b1c23814/UnityEngine.TestRunner/NUnitExtensions/Runner/CompositeWorkItem.cs:82)
UnityEngine.TestRunner.NUnitExtensions.Runner.CompositeWorkItem/<RunChildren>d__17:MoveNext () (at ./Library/PackageCache/com.unity.test-framework@bd52b1c23814/UnityEngine.TestRunner/NUnitExtensions/Runner/CompositeWorkItem.cs:207)
UnityEngine.TestRunner.NUnitExtensions.Runner.CompositeWorkItem/<PerformWork>d__13:MoveNext () (at ./Library/PackageCache/com.unity.test-framework@bd52b1c23814/UnityEngine.TestRunner/NUnitExtensions/Runner/CompositeWorkItem.cs:82)
UnityEngine.TestRunner.NUnitExtensions.Runner.CompositeWorkItem/<RunChildren>d__17:MoveNext () (at ./Library/PackageCache/com.unity.test-framework@bd52b1c23814/UnityEngine.TestRunner/NUnitExtensions/Runner/CompositeWorkItem.cs:207)
UnityEngine.TestRunner.NUnitExtensions.Runner.CompositeWorkItem/<PerformWork>d__13:MoveNext () (at ./Library/PackageCache/com.unity.test-framework@bd52b1c23814/UnityEngine.TestRunner/NUnitExtensions/Runner/CompositeWorkItem.cs:82)
UnityEngine.TestRunner.NUnitExtensions.Runner.CompositeWorkItem/<RunChildren>d__17:MoveNext () (at ./Library/PackageCache/com.unity.test-framework@bd52b1c23814/UnityEngine.TestRunner/NUnitExtensions/Runner/CompositeWorkItem.cs:207)
UnityEngine.TestRunner.NUnitExtensions.Runner.CompositeWorkItem/<PerformWork>d__13:MoveNext () (at ./Library/PackageCache/com.unity.test-framework@bd52b1c23814/UnityEngine.TestRunner/NUnitExtensions/Runner/CompositeWorkItem.cs:82)
UnityEngine.TestRunner.NUnitExtensions.Runner.CompositeWorkItem/<RunChildren>d__17:MoveNext () (at ./Library/PackageCache/com.unity.test-framework@bd52b1c23814/UnityEngine.TestRunner/NUnitExtensions/Runner/CompositeWorkItem.cs:207)
UnityEngine.TestRunner.NUnitExtensions.Runner.CompositeWorkItem/<PerformWork>d__13:MoveNext () (at ./Library/PackageCache/com.unity.test-framework@bd52b1c23814/UnityEngine.TestRunner/NUnitExtensions/Runner/CompositeWorkItem.cs:82)
UnityEditor.TestTools.TestRunner.EditModeRunner:MoveNextAndUpdateYieldObject () (at ./Library/PackageCache/com.unity.test-framework@bd52b1c23814/UnityEditor.TestRunner/TestRunner/EditModeRunner.cs:167)
UnityEditor.TestTools.TestRunner.EditModeRunner:TestConsumer (UnityEditor.TestTools.TestRunner.TestRunnerStateSerializer) (at ./Library/PackageCache/com.unity.test-framework@bd52b1c23814/UnityEditor.TestRunner/TestRunner/EditModeRunner.cs:200)
UnityEditor.TestTools.TestRunner.TestRun.Tasks.EditModeRunTask/<Execute>d__1:MoveNext () (at ./Library/PackageCache/com.unity.test-framework@bd52b1c23814/UnityEditor.TestRunner/TestRun/Tasks/EditModeRunTask.cs:48)
UnityEditor.TestTools.TestRunner.TestRun.TestJobRunner:ExecuteStep () (at ./Library/PackageCache/com.unity.test-framework@bd52b1c23814/UnityEditor.TestRunner/TestRun/TestJobRunner.cs:173)
UnityEditor.TestTools.TestRunner.TestRun.TestJobRunner:ExecuteCallback () (at ./Library/PackageCache/com.unity.test-framework@bd52b1c23814/UnityEditor.TestRunner/TestRun/TestJobRunner.cs:108)
UnityEditor.EditorApplication:Internal_CallUpdateFunctions () (at ~/build/output/unity/unity/Editor/Mono/EditorApplication.cs:384)

(Filename: ~/wkspace/gc-studio/p4.2g/.evidence/live/Packages/com.gamecore.studio.core/Runtime/Authoring/StudioLog.cs Line: 205)

Asset Pipeline Refresh (id=3a9fca4123c6c9cc484a742f4c58b5cb): Total: 0.001 seconds - Initiated by StopAssetImportingV2(NoUpdateAssetOptions)
[GameCore.Studio/engine] applied cs_01M4829Z345JASP339YYAVB9N6 -> Applied (1 op(s), 30.0 ms)
UnityEngine.Debug:ExtractStackTraceNoAlloc (byte*,int,string)
UnityEngine.StackTraceUtility:ExtractStackTrace () (at ~/build/output/unity/unity/Runtime/Export/Scripting/StackTrace.cs:35)
UnityEngine.DebugLogHandler:Internal_Log (UnityEngine.LogType,UnityEngine.LogOption,string,UnityEngine.Object)
UnityEngine.DebugLogHandler:LogFormat (UnityEngine.LogType,UnityEngine.Object,string,object[])
UnityEngine.Logger:Log (UnityEngine.LogType,object)
UnityEngine.Debug:Log (object)
GameCore.Studio.Authoring.UnityStudioLog:Emit (GameCore.Studio.Authoring.StudioLogEntry) (at ~/wkspace/gc-studio/p4.2g/.evidence/live/Packages/com.gamecore.studio.core/Runtime/Authoring/StudioLog.cs:205)
GameCore.Studio.Authoring.StudioLogBase:Write (GameCore.Studio.Authoring.StudioLogLevel,string,string,GameCore.Studio.Model.Diagnostic) (at ~/wkspace/gc-studio/p4.2g/.evidence/live/Packages/com.gamecore.studio.core/Runtime/Authoring/StudioLog.cs:180)
GameCore.Studio.Edit.ChangeSetEngine:Finish (GameCore.Studio.Edit.StagedChangeSet,GameCore.Studio.Model.ChangeSet,System.Collections.Generic.List`1<GameCore.Studio.Model.Diagnostic>,bool,bool,System.Diagnostics.Stopwatch,System.Collections.Generic.IReadOnlyList`1<GameCore.Studio.Edit.OperationResult>) (at ~/wkspace/gc-studio/p4.2g/.evidence/live/Packages/com.gamecore.studio.core/Editor/Engine/ChangeSetEngine.cs:1089)
GameCore.Studio.Edit.ChangeSetEngine:ApplyCore (GameCore.Studio.Edit.StagedChangeSet,System.Collections.Generic.IReadOnlyDictionary`2<string, Newtonsoft.Json.Linq.JObject>,bool,System.Action`1<GameCore.Studio.Model.ChangeSet>) (at ~/wkspace/gc-studio/p4.2g/.evidence/live/Packages/com.gamecore.studio.core/Editor/Engine/ChangeSetEngine.cs:857)
GameCore.Studio.Edit.ChangeSetEngine:Apply (GameCore.Studio.Edit.StagedChangeSet) (at ~/wkspace/gc-studio/p4.2g/.evidence/live/Packages/com.gamecore.studio.core/Editor/Engine/ChangeSetEngine.cs:296)
Hollowmere.P3_2.Headless.DriverDryTests/<R5_07_UnmodifiedRetainedCandidatesHaveDialogueAndQuestPlayEffects>d__10:MoveNext () (at Assets/Hollowmere/Tests/P3_2/EditMode/DriverDryTests.cs:187)
UnityEngine.TestTools.TestEnumerator/<Execute>d__7:MoveNext () (at ./Library/PackageCache/com.unity.test-framework@bd52b1c23814/UnityEngine.TestRunner/NUnitExtensions/Attributes/TestEnumerator.cs:44)
UnityEngine.TestTools.EnumerableTestMethodCommand/<ExecuteEnumerableAndRecordExceptions>d__4:MoveNext () (at ./Library/PackageCache/com.unity.test-framework@bd52b1c23814/UnityEngine.TestRunner/NUnitExtensions/Commands/EnumerableTestMethodCommand.cs:79)
UnityEngine.TestTools.EnumerableTestMethodCommand:AdvanceEnumerator (System.Collections.IEnumerator) (at ./Library/PackageCache/com.unity.test-framework@bd52b1c23814/UnityEngine.TestRunner/NUnitExtensions/Commands/EnumerableTestMethodCommand.cs:64)
UnityEngine.TestTools.EnumerableTestMethodCommand/<ExecuteEnumerable>d__2:MoveNext () (at ./Library/PackageCache/com.unity.test-framework@bd52b1c23814/UnityEngine.TestRunner/NUnitExtensions/Commands/EnumerableTestMethodCommand.cs:47)
UnityEngine.TestRunner.NUnitExtensions.Runner.UnityLogCheckDelegatingCommand/<ExecuteEnumerable>d__3:MoveNext () (at ./Library/PackageCache/com.unity.test-framework@bd52b1c23814/UnityEngine.TestRunner/NUnitExtensions/Runner/UnityLogCheckDelegatingCommand.cs:48)
UnityEngine.TestTools.BeforeAfterTestCommandBase`1/<ExecuteEnumerable>d__16<NUnit.Framework.ITestAction>:MoveNext () (at ./Library/PackageCache/com.unity.test-framework@bd52b1c23814/UnityEngine.TestRunner/NUnitExtensions/Commands/BeforeAfterTestCommandBase.cs:212)
UnityEngine.TestTools.BeforeAfterTestCommandBase`1/<ExecuteEnumerable>d__16<System.Reflection.MethodInfo>:MoveNext () (at ./Library/PackageCache/com.unity.test-framework@bd52b1c23814/UnityEngine.TestRunner/NUnitExtensions/Commands/BeforeAfterTestCommandBase.cs:212)
UnityEngine.TestTools.BeforeAfterTestCommandBase`1/<ExecuteEnumerable>d__16<System.Reflection.MethodInfo>:MoveNext () (at ./Library/PackageCache/com.unity.test-framework@bd52b1c23814/UnityEngine.TestRunner/NUnitExtensions/Commands/BeforeAfterTestCommandBase.cs:212)
UnityEngine.TestTools.BeforeAfterTestCommandBase`1/<ExecuteEnumerable>d__16<UnityEngine.TestTools.IOuterUnityTestAction>:MoveNext () (at ./Library/PackageCache/com.unity.test-framework@bd52b1c23814/UnityEngine.TestRunner/NUnitExtensions/Commands/BeforeAfterTestCommandBase.cs:212)
UnityEngine.TestTools.RetryCommand/<ExecuteEnumerable>d__2:MoveNext () (at ./Library/PackageCache/com.unity.test-framework@bd52b1c23814/UnityEngine.TestRunner/NUnitExtensions/Commands/RetryCommand.cs:37)
UnityEngine.TestTools.RepeatCommand/<ExecuteEnumerable>d__2:MoveNext () (at ./Library/PackageCache/com.unity.test-framework@bd52b1c23814/UnityEngine.TestRunner/NUnitExtensions/Commands/RepeatCommand.cs:36)
UnityEngine.TestTools.IgnoreTestCommand/<ExecuteEnumerable>d__3:MoveNext () (at ./Library/PackageCache/com.unity.test-framework@bd52b1c23814/UnityEngine.TestRunner/NUnitExtensions/Commands/IgnoreTestCommand.cs:42)
UnityEngine.TestTools.StrictCheckCommand/<ExecuteEnumerable>d__2:MoveNext () (at ./Library/PackageCache/com.unity.test-framework@bd52b1c23814/UnityEngine.TestRunner/NUnitExtensions/Commands/StrictCheckCommand.cs:29)
UnityEditor.TestTools.TestRunner.EditorEnumeratorTestWorkItem/<PerformWork>d__3:MoveNext () (at ./Library/PackageCache/com.unity.test-framework@bd52b1c23814/UnityEditor.TestRunner/TestRunner/EditorEnumeratorTestWorkItem.cs:97)
UnityEngine.TestRunner.NUnitExtensions.Runner.CompositeWorkItem/<RunChildren>d__17:MoveNext () (at ./Library/PackageCache/com.unity.test-framework@bd52b1c23814/UnityEngine.TestRunner/NUnitExtensions/Runner/CompositeWorkItem.cs:207)
UnityEngine.TestRunner.NUnitExtensions.Runner.CompositeWorkItem/<PerformWork>d__13:MoveNext () (at ./Library/PackageCache/com.unity.test-framework@bd52b1c23814/UnityEngine.TestRunner/NUnitExtensions/Runner/CompositeWorkItem.cs:82)
UnityEngine.TestRunner.NUnitExtensions.Runner.CompositeWorkItem/<RunChildren>d__17:MoveNext () (at ./Library/PackageCache/com.unity.test-framework@bd52b1c23814/UnityEngine.TestRunner/NUnitExtensions/Runner/CompositeWorkItem.cs:207)
UnityEngine.TestRunner.NUnitExtensions.Runner.CompositeWorkItem/<PerformWork>d__13:MoveNext () (at ./Library/PackageCache/com.unity.test-framework@bd52b1c23814/UnityEngine.TestRunner/NUnitExtensions/Runner/CompositeWorkItem.cs:82)
UnityEngine.TestRunner.NUnitExtensions.Runner.CompositeWorkItem/<RunChildren>d__17:MoveNext () (at ./Library/PackageCache/com.unity.test-framework@bd52b1c23814/UnityEngine.TestRunner/NUnitExtensions/Runner/CompositeWorkItem.cs:207)
UnityEngine.TestRunner.NUnitExtensions.Runner.CompositeWorkItem/<PerformWork>d__13:MoveNext () (at ./Library/PackageCache/com.unity.test-framework@bd52b1c23814/UnityEngine.TestRunner/NUnitExtensions/Runner/CompositeWorkItem.cs:82)
UnityEngine.TestRunner.NUnitExtensions.Runner.CompositeWorkItem/<RunChildren>d__17:MoveNext () (at ./Library/PackageCache/com.unity.test-framework@bd52b1c23814/UnityEngine.TestRunner/NUnitExtensions/Runner/CompositeWorkItem.cs:207)
UnityEngine.TestRunner.NUnitExtensions.Runner.CompositeWorkItem/<PerformWork>d__13:MoveNext () (at ./Library/PackageCache/com.unity.test-framework@bd52b1c23814/UnityEngine.TestRunner/NUnitExtensions/Runner/CompositeWorkItem.cs:82)
UnityEngine.TestRunner.NUnitExtensions.Runner.CompositeWorkItem/<RunChildren>d__17:MoveNext () (at ./Library/PackageCache/com.unity.test-framework@bd52b1c23814/UnityEngine.TestRunner/NUnitExtensions/Runner/CompositeWorkItem.cs:207)
UnityEngine.TestRunner.NUnitExtensions.Runner.CompositeWorkItem/<PerformWork>d__13:MoveNext () (at ./Library/PackageCache/com.unity.test-framework@bd52b1c23814/UnityEngine.TestRunner/NUnitExtensions/Runner/CompositeWorkItem.cs:82)
UnityEngine.TestRunner.NUnitExtensions.Runner.CompositeWorkItem/<RunChildren>d__17:MoveNext () (at ./Library/PackageCache/com.unity.test-framework@bd52b1c23814/UnityEngine.TestRunner/NUnitExtensions/Runner/CompositeWorkItem.cs:207)
UnityEngine.TestRunner.NUnitExtensions.Runner.CompositeWorkItem/<PerformWork>d__13:MoveNext () (at ./Library/PackageCache/com.unity.test-framework@bd52b1c23814/UnityEngine.TestRunner/NUnitExtensions/Runner/CompositeWorkItem.cs:82)
UnityEditor.TestTools.TestRunner.EditModeRunner:MoveNextAndUpdateYieldObject () (at ./Library/PackageCache/com.unity.test-framework@bd52b1c23814/UnityEditor.TestRunner/TestRunner/EditModeRunner.cs:167)
UnityEditor.TestTools.TestRunner.EditModeRunner:TestConsumer (UnityEditor.TestTools.TestRunner.TestRunnerStateSerializer) (at ./Library/PackageCache/com.unity.test-framework@bd52b1c23814/UnityEditor.TestRunner/TestRunner/EditModeRunner.cs:200)
UnityEditor.TestTools.TestRunner.TestRun.Tasks.EditModeRunTask/<Execute>d__1:MoveNext () (at ./Library/PackageCache/com.unity.test-framework@bd52b1c23814/UnityEditor.TestRunner/TestRun/Tasks/EditModeRunTask.cs:48)
UnityEditor.TestTools.TestRunner.TestRun.TestJobRunner:ExecuteStep () (at ./Library/PackageCache/com.unity.test-framework@bd52b1c23814/UnityEditor.TestRunner/TestRun/TestJobRunner.cs:173)
UnityEditor.TestTools.TestRunner.TestRun.TestJobRunner:ExecuteCallback () (at ./Library/PackageCache/com.unity.test-framework@bd52b1c23814/UnityEditor.TestRunner/TestRun/TestJobRunner.cs:108)
UnityEditor.EditorApplication:Internal_CallUpdateFunctions () (at ~/build/output/unity/unity/Editor/Mono/EditorApplication.cs:384)

(Filename: ~/wkspace/gc-studio/p4.2g/.evidence/live/Packages/com.gamecore.studio.core/Runtime/Authoring/StudioLog.cs Line: 205)

Start importing Assets/Hollowmere/Quests/DrownedBell.asset using Guid(c0b53079e6e09fd8e94d904622330c55) (NativeFormatImporter) -> (artifact id: '9e8432fba225e8830df2d90538309ede') in 0.005223567 seconds
Start importing Assets/Hollowmere/Dialogue/Graphs/Odd.asset using Guid(b2bacaee2c3034819a57dae4f343b3ee) (NativeFormatImporter) -> (artifact id: 'de151b2b4dbfca8249100c8b4b2992cf') in 0.001522045 seconds
Refreshing native plugins compatible for Editor in 0.34 ms, found 1 plugins.
Preloading 0 native plugins for Editor in 0.00 ms.
Asset Pipeline Refresh (id=92da8d217bc8ce29faa4ad6f06d0ed20): Total: 0.111 seconds - Initiated by StopAssetImportingV2(NoUpdateAssetOptions)
Opening scene 'Assets/Hollowmere/Boot/Boot.unity'
Unloading 1 Unused Serialized files (Serialized files now loaded: 0)
Loaded scene 'Assets/Hollowmere/Boot/Boot.unity'
	Deserialize:            1.719 ms
	Integration:            326.526 ms
	Integration of assets:  0.179 ms
	Thread Wait Time:       0.026 ms
	Total Operation Time:   328.450 ms
Unloading 212 unused Assets / (21.3 MB). Loaded Objects now: 7294.
Memory consumption went from 0.63 GB to 0.61 GB.
Total: 10.792582 ms (FindLiveObjects: 0.267589 ms CreateObjectMapping: 0.207049 ms MarkObjects: 10.133559 ms  DeleteObjects: 0.183613 ms)

Reloading assemblies for play mode.
Reloading assemblies after forced synchronous recompile.
Begin MonoManager ReloadAssembly
Symbol file LoadedFromMemory is not a mono symbol file
- Loaded All Assemblies, in  1.077 seconds
Refreshing native plugins compatible for Editor in 0.28 ms, found 1 plugins.
Native extension for LinuxStandalone target not found
Native extension for OSXStandalone target not found
Assembly reference Packages/com.unity.entities/Unity.Scenes.Editor/Internals/Properties/Unity.Properties.Internals.asmref has no target assembly definition
TypeManager.Initialize took: 148ms
Mono: successfully reloaded assembly
[MODES] ModeService[none].Initialize
[MODES] ModeService[none].LoadModes
- Finished resetting the current domain, in  1.865 seconds
Domain Reload Profiling: 2937ms
	BeginReloadAssembly (750ms)
		ExecutionOrderSort (0ms)
		DisableScriptedObjects (15ms)
		BackupInstance (0ms)
		ReleaseScriptingObjects (0ms)
		CreateAndSetChildDomain (415ms)
	RebuildCommonClasses (42ms)
	RebuildNativeTypeToScriptingClass (10ms)
	initialDomainReloadingComplete (30ms)
	LoadAllAssembliesAndSetupDomain (240ms)
		LoadAssemblies (92ms)
		RebuildTransferFunctionScriptingTraits (0ms)
		AnalyzeDomain (200ms)
			TypeCache.Refresh (7ms)
				TypeCache.ScanAssembly (0ms)
			BuildScriptInfoCaches (179ms)
			ResolveRequiredComponents (13ms)
	FinalizeReload (1866ms)
		ReleaseScriptCaches (0ms)
		RebuildScriptCaches (0ms)
		SetupLoadedEditorAssemblies (1233ms)
			LogAssemblyErrors (0ms)
			InitializePlatformSupportModulesInManaged (129ms)
			SetLoadedEditorAssemblies (10ms)
			BeforeProcessingInitializeOnLoad (175ms)
			ProcessInitializeOnLoadAttributes (633ms)
			ProcessInitializeOnLoadMethodAttributes (282ms)
			AfterProcessingInitializeOnLoad (3ms)
			EditorAssembliesLoaded (0ms)
		ExecutionOrderSort2 (0ms)
		AwakeInstancesAfterBackupRestoration (141ms)
Asset Pipeline Refresh (id=c6ad145e17b9c4db58c3e435b78e7938): Total: 3.085 seconds - Initiated by StopAssetImportingV2(ForceSynchronousImport | ForceDomainReload)
	Summary:
		Imports: total=0 (actual=0, local cache=0, cache server=0)
		Asset DB Process Time: managed=0 ms, native=1965 ms
		Asset DB Callback time: managed=28 ms, native=0 ms
		Scripting: domain reloads=1, domain reload time=1088 ms, compile time=1 ms, other=0 ms
		Project Asset Count: scripts=1802, non-scripts=2645
		Asset File Changes: new=0, changed=0, moved=0, deleted=0
		Scan Filter Count: 0
	InvokeCustomDependenciesCallbacks: 0.002ms
	InvokePackagesCallback: 2.915ms
	ApplyChangesToAssetFolders: 0.420ms
	Scan: 0.001ms
	OnSourceAssetsModified: 0.002ms
	CategorizeAssetsWithTransientArtifact: 0.004ms
	ProcessAssetsWithTransientArtifactChanges: 4.144ms
	CategorizeAssets: 55.824ms
	ImportOutOfDateAssets: 1873.428ms (1866.578ms without children)
		CompileScripts: 1.408ms
		CollectScriptTypesHashes: 2.282ms
		ReloadNativeAssets: 1.792ms
		UnloadImportedAssets: 0.084ms
		EnsureUptoDateAssetsAreRegisteredWithGuidPM: 0.785ms
		InitializingProgressBar: 0.000ms
		PostProcessAllAssetNotificationsAddChangedAssets: 0.000ms
		OnDemandSchedulerStart: 0.499ms
	PostProcessAllAssets: 28.699ms
	GatherAllCurrentPrimaryArtifactRevisions: 0.171ms
	UnloadStreamsBegin: 0.014ms
	PersistCurrentRevisions: 0.206ms
	UnloadStreamsEnd: 0.001ms
	GenerateScriptTypeHashes: 4.184ms
	Untracked: 1119.094ms

Loaded scene 'Temp/__Backupscenes/0.backup'
	Deserialize:            1.603 ms
	Integration:            611.082 ms
	Integration of assets:  0.001 ms
	Thread Wait Time:       0.006 ms
	Total Operation Time:   612.692 ms
Loaded scene 'Assets/Hollowmere/Regions/ThornwickVillage.unity'
	Deserialize:            15.010 ms
	Integration:            14.317 ms
	Integration of assets:  0.323 ms
	Thread Wait Time:       8.471 ms
	Total Operation Time:   38.120 ms
Unloading 35 Unused Serialized files (Serialized files now loaded: 0)
Loaded scene 'Temp/__Backupscenes/0.backup'
	Deserialize:            1.155 ms
	Integration:            349.642 ms
	Integration of assets:  0.002 ms
	Thread Wait Time:       0.004 ms
	Total Operation Time:   350.804 ms
Unloading 40 unused Assets / (83.3 MB). Loaded Objects now: 7298.
Memory consumption went from 379.8 MB to 296.5 MB.
Total: 17.819053 ms (FindLiveObjects: 0.307556 ms CreateObjectMapping: 0.217395 ms MarkObjects: 17.146595 ms  DeleteObjects: 0.146488 ms)

Unloading 0 Unused Serialized files (Serialized files now loaded: 0)
Unloading 5 unused Assets / (0.5 KB). Loaded Objects now: 7279.
Memory consumption went from 295.8 MB to 295.8 MB.
Total: 13.942374 ms (FindLiveObjects: 0.282966 ms CreateObjectMapping: 0.179948 ms MarkObjects: 12.658563 ms  DeleteObjects: 0.819951 ms)

Start importing Assets/Hollowmere/Quests/DrownedBell.asset using Guid(c0b53079e6e09fd8e94d904622330c55) (NativeFormatImporter) -> (artifact id: '0c31e0a89b661d4022121eefaa71f46d') in 0.007006786 seconds
Refreshing native plugins compatible for Editor in 0.31 ms, found 1 plugins.
Preloading 0 native plugins for Editor in 0.00 ms.
Asset Pipeline Refresh (id=a030d3bc668064c6ab7f9c9b964b37fd): Total: 0.108 seconds - Initiated by StopAssetImportingV2(NoUpdateAssetOptions)
Start importing Assets/Hollowmere/Dialogue/Graphs/Odd.asset using Guid(b2bacaee2c3034819a57dae4f343b3ee) (NativeFormatImporter) -> (artifact id: '0c73992cd93006e64ad116048f1b98b0') in 0.000897249 seconds
Refreshing native plugins compatible for Editor in 0.29 ms, found 1 plugins.
Preloading 0 native plugins for Editor in 0.00 ms.
Asset Pipeline Refresh (id=b231520a7f5eb9618897e6e4e8ef78b8): Total: 0.025 seconds - Initiated by StopAssetImportingV2(NoUpdateAssetOptions)
[GameCore.Studio/history] undid cs_01M499ZMTW060CBG6SZ6R452H6 (0 inverse op(s))
UnityEngine.Debug:ExtractStackTraceNoAlloc (byte*,int,string)
UnityEngine.StackTraceUtility:ExtractStackTrace () (at ~/build/output/unity/unity/Runtime/Export/Scripting/StackTrace.cs:35)
UnityEngine.DebugLogHandler:Internal_Log (UnityEngine.LogType,UnityEngine.LogOption,string,UnityEngine.Object)
UnityEngine.DebugLogHandler:LogFormat (UnityEngine.LogType,UnityEngine.Object,string,object[])
UnityEngine.Logger:Log (UnityEngine.LogType,object)
UnityEngine.Debug:Log (object)
GameCore.Studio.Authoring.UnityStudioLog:Emit (GameCore.Studio.Authoring.StudioLogEntry) (at ~/wkspace/gc-studio/p4.2g/.evidence/live/Packages/com.gamecore.studio.core/Runtime/Authoring/StudioLog.cs:205)
GameCore.Studio.Authoring.StudioLogBase:Write (GameCore.Studio.Authoring.StudioLogLevel,string,string,GameCore.Studio.Model.Diagnostic) (at ~/wkspace/gc-studio/p4.2g/.evidence/live/Packages/com.gamecore.studio.core/Runtime/Authoring/StudioLog.cs:180)
GameCore.Studio.Edit.HistoryService:Undo (string,bool) (at ~/wkspace/gc-studio/p4.2g/.evidence/live/Packages/com.gamecore.studio.core/Editor/Journal/HistoryService.cs:224)
Hollowmere.P3_2.Headless.DriverDryTests/<>c__DisplayClass0_0:<R6_C_AppliedJournalWithInvalidUiStillAttemptsHistoryUndo>b__0 () (at Assets/Hollowmere/Tests/P3_2/EditMode/DriverDryTests.cs:37)
Hollowmere.P3_2.Workflows.Workflows:RunIfApplied (GameCore.Studio.Edit.Journal,string,System.Func`1<bool>,System.Action`1<System.Nullable`1<GameCore.Studio.Model.ChangeSetState>>) (at Assets/Hollowmere/Tests/P3_2/Editor/Workflows.cs:1495)
System.Reflection.RuntimeMethodInfo:Invoke (object,System.Reflection.BindingFlags,System.Reflection.Binder,object[],System.Globalization.CultureInfo)
System.Reflection.MethodBase:Invoke (object,object[])
Hollowmere.P3_2.Headless.DriverDryTests:R6_C_AppliedJournalWithInvalidUiStillAttemptsHistoryUndo () (at Assets/Hollowmere/Tests/P3_2/EditMode/DriverDryTests.cs:35)
System.Reflection.RuntimeMethodInfo:Invoke (object,System.Reflection.BindingFlags,System.Reflection.Binder,object[],System.Globalization.CultureInfo)
System.Reflection.MethodBase:Invoke (object,object[])
NUnit.Framework.Internal.Reflect:InvokeMethod (System.Reflection.MethodInfo,object,object[])
NUnit.Framework.Internal.MethodWrapper:Invoke (object,object[])
NUnit.Framework.Internal.Commands.TestMethodCommand:RunNonAsyncTestMethod (NUnit.Framework.Internal.ITestExecutionContext)
NUnit.Framework.Internal.Commands.TestMethodCommand:RunTestMethod (NUnit.Framework.Internal.ITestExecutionContext)
NUnit.Framework.Internal.Commands.TestMethodCommand:Execute (NUnit.Framework.Internal.ITestExecutionContext)
UnityEngine.TestTools.UnityTestMethodCommand:Execute (NUnit.Framework.Internal.ITestExecutionContext) (at ./Library/PackageCache/com.unity.test-framework@bd52b1c23814/UnityEngine.TestRunner/NUnitExtensions/Commands/UnityTestMethodCommand.cs:19)
UnityEngine.TestRunner.NUnitExtensions.Runner.UnityLogCheckDelegatingCommand/<>c__DisplayClass2_0:<Execute>b__0 () (at ./Library/PackageCache/com.unity.test-framework@bd52b1c23814/UnityEngine.TestRunner/NUnitExtensions/Runner/UnityLogCheckDelegatingCommand.cs:24)
UnityEngine.TestRunner.NUnitExtensions.Runner.UnityLogCheckDelegatingCommand:CaptureException (NUnit.Framework.Internal.TestResult,System.Action) (at ./Library/PackageCache/com.unity.test-framework@bd52b1c23814/UnityEngine.TestRunner/NUnitExtensions/Runner/UnityLogCheckDelegatingCommand.cs:72)
UnityEngine.TestRunner.NUnitExtensions.Runner.UnityLogCheckDelegatingCommand:ExecuteAndCheckLog (UnityEngine.TestTools.Logging.LogScope,NUnit.Framework.Internal.TestResult,System.Action) (at ./Library/PackageCache/com.unity.test-framework@bd52b1c23814/UnityEngine.TestRunner/NUnitExtensions/Runner/UnityLogCheckDelegatingCommand.cs:83)
UnityEngine.TestRunner.NUnitExtensions.Runner.UnityLogCheckDelegatingCommand:Execute (NUnit.Framework.Internal.ITestExecutionContext) (at ./Library/PackageCache/com.unity.test-framework@bd52b1c23814/UnityEngine.TestRunner/NUnitExtensions/Runner/UnityLogCheckDelegatingCommand.cs:24)
UnityEngine.TestRunner.NUnitExtensions.Runner.UnityLogCheckDelegatingCommand/<ExecuteEnumerable>d__3:MoveNext () (at ./Library/PackageCache/com.unity.test-framework@bd52b1c23814/UnityEngine.TestRunner/NUnitExtensions/Runner/UnityLogCheckDelegatingCommand.cs:35)
UnityEngine.TestTools.BeforeAfterTestCommandBase`1/<ExecuteEnumerable>d__16<NUnit.Framework.ITestAction>:MoveNext () (at ./Library/PackageCache/com.unity.test-framework@bd52b1c23814/UnityEngine.TestRunner/NUnitExtensions/Commands/BeforeAfterTestCommandBase.cs:212)
UnityEngine.TestTools.ImmediateEnumerableCommand:Execute (NUnit.Framework.Internal.ITestExecutionContext) (at ./Library/PackageCache/com.unity.test-framework@bd52b1c23814/UnityEngine.TestRunner/NUnitExtensions/Commands/ImmediateEnumerableCommand.cs:18)
UnityEngine.TestTools.BeforeAfterTestCommandBase`1/<ExecuteEnumerable>d__16<System.Reflection.MethodInfo>:MoveNext () (at ./Library/PackageCache/com.unity.test-framework@bd52b1c23814/UnityEngine.TestRunner/NUnitExtensions/Commands/BeforeAfterTestCommandBase.cs:219)
UnityEngine.TestTools.BeforeAfterTestCommandBase`1/<ExecuteEnumerable>d__16<System.Reflection.MethodInfo>:MoveNext () (at ./Library/PackageCache/com.unity.test-framework@bd52b1c23814/UnityEngine.TestRunner/NUnitExtensions/Commands/BeforeAfterTestCommandBase.cs:212)
UnityEngine.TestTools.BeforeAfterTestCommandBase`1/<ExecuteEnumerable>d__16<UnityEngine.TestTools.IOuterUnityTestAction>:MoveNext () (at ./Library/PackageCache/com.unity.test-framework@bd52b1c23814/UnityEngine.TestRunner/NUnitExtensions/Commands/BeforeAfterTestCommandBase.cs:212)
UnityEngine.TestTools.RetryCommand/<ExecuteEnumerable>d__2:MoveNext () (at ./Library/PackageCache/com.unity.test-framework@bd52b1c23814/UnityEngine.TestRunner/NUnitExtensions/Commands/RetryCommand.cs:37)
UnityEngine.TestTools.RepeatCommand/<ExecuteEnumerable>d__2:MoveNext () (at ./Library/PackageCache/com.unity.test-framework@bd52b1c23814/UnityEngine.TestRunner/NUnitExtensions/Commands/RepeatCommand.cs:36)
UnityEngine.TestTools.IgnoreTestCommand/<ExecuteEnumerable>d__3:MoveNext () (at ./Library/PackageCache/com.unity.test-framework@bd52b1c23814/UnityEngine.TestRunner/NUnitExtensions/Commands/IgnoreTestCommand.cs:42)
UnityEngine.TestTools.StrictCheckCommand/<ExecuteEnumerable>d__2:MoveNext () (at ./Library/PackageCache/com.unity.test-framework@bd52b1c23814/UnityEngine.TestRunner/NUnitExtensions/Commands/StrictCheckCommand.cs:29)
UnityEngine.TestRunner.NUnitExtensions.Runner.DefaultTestWorkItem/<PerformWork>d__2:MoveNext () (at ./Library/PackageCache/com.unity.test-framework@bd52b1c23814/UnityEngine.TestRunner/NUnitExtensions/Runner/DefaultTestWorkItem.cs:50)
UnityEngine.TestRunner.NUnitExtensions.Runner.CompositeWorkItem/<RunChildren>d__17:MoveNext () (at ./Library/PackageCache/com.unity.test-framework@bd52b1c23814/UnityEngine.TestRunner/NUnitExtensions/Runner/CompositeWorkItem.cs:207)
UnityEngine.TestRunner.NUnitExtensions.Runner.CompositeWorkItem/<PerformWork>d__13:MoveNext () (at ./Library/PackageCache/com.unity.test-framework@bd52b1c23814/UnityEngine.TestRunner/NUnitExtensions/Runner/CompositeWorkItem.cs:82)
UnityEngine.TestRunner.NUnitExtensions.Runner.CompositeWorkItem/<RunChildren>d__17:MoveNext () (at ./Library/PackageCache/com.unity.test-framework@bd52b1c23814/UnityEngine.TestRunner/NUnitExtensions/Runner/CompositeWorkItem.cs:207)
UnityEngine.TestRunner.NUnitExtensions.Runner.CompositeWorkItem/<PerformWork>d__13:MoveNext () (at ./Library/PackageCache/com.unity.test-framework@bd52b1c23814/UnityEngine.TestRunner/NUnitExtensions/Runner/CompositeWorkItem.cs:82)
UnityEngine.TestRunner.NUnitExtensions.Runner.CompositeWorkItem/<RunChildren>d__17:MoveNext () (at ./Library/PackageCache/com.unity.test-framework@bd52b1c23814/UnityEngine.TestRunner/NUnitExtensions/Runner/CompositeWorkItem.cs:207)
UnityEngine.TestRunner.NUnitExtensions.Runner.CompositeWorkItem/<PerformWork>d__13:MoveNext () (at ./Library/PackageCache/com.unity.test-framework@bd52b1c23814/UnityEngine.TestRunner/NUnitExtensions/Runner/CompositeWorkItem.cs:82)
UnityEngine.TestRunner.NUnitExtensions.Runner.CompositeWorkItem/<RunChildren>d__17:MoveNext () (at ./Library/PackageCache/com.unity.test-framework@bd52b1c23814/UnityEngine.TestRunner/NUnitExtensions/Runner/CompositeWorkItem.cs:207)
UnityEngine.TestRunner.NUnitExtensions.Runner.CompositeWorkItem/<PerformWork>d__13:MoveNext () (at ./Library/PackageCache/com.unity.test-framework@bd52b1c23814/UnityEngine.TestRunner/NUnitExtensions/Runner/CompositeWorkItem.cs:82)
UnityEngine.TestRunner.NUnitExtensions.Runner.CompositeWorkItem/<RunChildren>d__17:MoveNext () (at ./Library/PackageCache/com.unity.test-framework@bd52b1c23814/UnityEngine.TestRunner/NUnitExtensions/Runner/CompositeWorkItem.cs:207)
UnityEngine.TestRunner.NUnitExtensions.Runner.CompositeWorkItem/<PerformWork>d__13:MoveNext () (at ./Library/PackageCache/com.unity.test-framework@bd52b1c23814/UnityEngine.TestRunner/NUnitExtensions/Runner/CompositeWorkItem.cs:82)
UnityEngine.TestRunner.NUnitExtensions.Runner.CompositeWorkItem/<RunChildren>d__17:MoveNext () (at ./Library/PackageCache/com.unity.test-framework@bd52b1c23814/UnityEngine.TestRunner/NUnitExtensions/Runner/CompositeWorkItem.cs:207)
UnityEngine.TestRunner.NUnitExtensions.Runner.CompositeWorkItem/<PerformWork>d__13:MoveNext () (at ./Library/PackageCache/com.unity.test-framework@bd52b1c23814/UnityEngine.TestRunner/NUnitExtensions/Runner/CompositeWorkItem.cs:82)
UnityEditor.TestTools.TestRunner.EditModeRunner:MoveNextAndUpdateYieldObject () (at ./Library/PackageCache/com.unity.test-framework@bd52b1c23814/UnityEditor.TestRunner/TestRunner/EditModeRunner.cs:167)
UnityEditor.TestTools.TestRunner.EditModeRunner:TestConsumer (UnityEditor.TestTools.TestRunner.TestRunnerStateSerializer) (at ./Library/PackageCache/com.unity.test-framework@bd52b1c23814/UnityEditor.TestRunner/TestRunner/EditModeRunner.cs:200)
UnityEditor.TestTools.TestRunner.TestRun.Tasks.EditModeRunTask/<Execute>d__1:MoveNext () (at ./Library/PackageCache/com.unity.test-framework@bd52b1c23814/UnityEditor.TestRunner/TestRun/Tasks/EditModeRunTask.cs:48)
UnityEditor.TestTools.TestRunner.TestRun.TestJobRunner:ExecuteStep () (at ./Library/PackageCache/com.unity.test-framework@bd52b1c23814/UnityEditor.TestRunner/TestRun/TestJobRunner.cs:173)
UnityEditor.TestTools.TestRunner.TestRun.TestJobRunner:ExecuteCallback () (at ./Library/PackageCache/com.unity.test-framework@bd52b1c23814/UnityEditor.TestRunner/TestRun/TestJobRunner.cs:108)
UnityEditor.EditorApplication:Internal_CallUpdateFunctions () (at ~/build/output/unity/unity/Editor/Mono/EditorApplication.cs:384)

(Filename: ~/wkspace/gc-studio/p4.2g/.evidence/live/Packages/com.gamecore.studio.core/Runtime/Authoring/StudioLog.cs Line: 205)

Unloading 0 Unused Serialized files (Serialized files now loaded: 0)
Unloading 4 unused Assets / (0 B). Loaded Objects now: 7279.
Memory consumption went from 294.7 MB to 294.7 MB.
Total: 12.875678 ms (FindLiveObjects: 0.264252 ms CreateObjectMapping: 0.155381 ms MarkObjects: 12.429326 ms  DeleteObjects: 0.025709 ms)

Start importing Assets/Hollowmere/UI/Theme/HollowmerePanelSettings.asset using Guid(b90fff993fc6f94c49bc2b03d2512844) (NativeFormatImporter) -> (artifact id: '0a210f3fc6608e91f5427242957f9fce') in 0.000973083 seconds
Refreshing native plugins compatible for Editor in 0.26 ms, found 1 plugins.
Preloading 0 native plugins for Editor in 0.00 ms.
Asset Pipeline Refresh (id=9059c886053de613b981e2786de30b9d): Total: 0.012 seconds - Initiated by StopAssetImportingV2(NoUpdateAssetOptions)
./Editor/Platform/Linux/EditorUtility.cpp:RunComplexSavePanel
[P3.2 workflow] {"before": {"missing-baseline": "0000000000000000000000000000000000000000000000000000000000000000"}, "now": {"Assets/Hollowmere/Dialogue/Graphs/Odd.asset": "4bfdb0cfa74c7614b92509e4e9079a4c102da013fae9ba006970953126032c00", "Assets/Hollowmere/UI/Definitions/Doc_Hud.asset": "9449dfdb07367237128b91d3481a60df969d016103994ee4d7c0bf3355db21b7", "Assets/Hollowmere/Quests/DrownedBell.asset": "b303fe35251f597c510611ad5f3ac034e76186f42d529e8e8faf0e9200ac3af1", "Assets/Hollowmere/Items/Lantern.asset": "ef3934c84a26fee10eaf93d440bfb0a107ac73cd8e33401b2d3463ae0a0b94e5"}, "backToBefore": false, "contract": "sha256 of exact asset bytes; no bake/contentStamp normalization", "shot": "keyframes/001-reopen-final.png", "captureProblem": "no Studio window is open", "utc": "2026-10-06T19:10:26.849Z", "step": 0, "stepName": "", "name": "reopen-final", "caption": "After undo -> redo -> undo of every narrative edit: assets back to the pre-edit hashes: False."}
UnityEngine.Debug:ExtractStackTraceNoAlloc (byte*,int,string)
UnityEngine.StackTraceUtility:ExtractStackTrace () (at ~/build/output/unity/unity/Runtime/Export/Scripting/StackTrace.cs:35)
UnityEngine.DebugLogHandler:Internal_Log (UnityEngine.LogType,UnityEngine.LogOption,string,UnityEngine.Object)
UnityEngine.DebugLogHandler:LogFormat (UnityEngine.LogType,UnityEngine.Object,string,object[])
UnityEngine.Logger:Log (UnityEngine.LogType,object)
UnityEngine.Debug:Log (object)
Hollowmere.P3_2.Workflows.WorkflowRunner:Log (string,string,Newtonsoft.Json.Linq.JObject) (at Assets/Hollowmere/Tests/P3_2/Editor/WorkflowRunner.cs:326)
Hollowmere.P3_2.Workflows.WorkflowRunner:Shot (string,string,Newtonsoft.Json.Linq.JObject) (at Assets/Hollowmere/Tests/P3_2/Editor/WorkflowRunner.cs:292)
Hollowmere.P3_2.Workflows.Workflows/<>c:<Reopen>b__28_0 () (at Assets/Hollowmere/Tests/P3_2/Editor/Workflows.cs:584)
Hollowmere.R6_B.DriverTests/<>c__DisplayClass3_0:<R6_Request5_RealReopenFinalStepFailsRatherThanOnlyRecordingFalse>b__1 () (at Assets/Hollowmere/Tests/R6_B/Editor/DriverTests.cs:84)
NUnit.Framework.Assert:Throws (NUnit.Framework.Constraints.IResolveConstraint,NUnit.Framework.TestDelegate,string,object[])
NUnit.Framework.Assert:Throws (System.Type,NUnit.Framework.TestDelegate,string,object[])
NUnit.Framework.Assert:Throws<System.InvalidOperationException> (NUnit.Framework.TestDelegate,string,object[])
NUnit.Framework.Assert:Throws<System.InvalidOperationException> (NUnit.Framework.TestDelegate)
Hollowmere.R6_B.DriverTests:R6_Request5_RealReopenFinalStepFailsRatherThanOnlyRecordingFalse () (at Assets/Hollowmere/Tests/R6_B/Editor/DriverTests.cs:84)
System.Reflection.RuntimeMethodInfo:Invoke (object,System.Reflection.BindingFlags,System.Reflection.Binder,object[],System.Globalization.CultureInfo)
System.Reflection.MethodBase:Invoke (object,object[])
NUnit.Framework.Internal.Reflect:InvokeMethod (System.Reflection.MethodInfo,object,object[])
NUnit.Framework.Internal.MethodWrapper:Invoke (object,object[])
NUnit.Framework.Internal.Commands.TestMethodCommand:RunNonAsyncTestMethod (NUnit.Framework.Internal.ITestExecutionContext)
NUnit.Framework.Internal.Commands.TestMethodCommand:RunTestMethod (NUnit.Framework.Internal.ITestExecutionContext)
NUnit.Framework.Internal.Commands.TestMethodCommand:Execute (NUnit.Framework.Internal.ITestExecutionContext)
UnityEngine.TestTools.UnityTestMethodCommand:Execute (NUnit.Framework.Internal.ITestExecutionContext) (at ./Library/PackageCache/com.unity.test-framework@bd52b1c23814/UnityEngine.TestRunner/NUnitExtensions/Commands/UnityTestMethodCommand.cs:19)
UnityEngine.TestRunner.NUnitExtensions.Runner.UnityLogCheckDelegatingCommand/<>c__DisplayClass2_0:<Execute>b__0 () (at ./Library/PackageCache/com.unity.test-framework@bd52b1c23814/UnityEngine.TestRunner/NUnitExtensions/Runner/UnityLogCheckDelegatingCommand.cs:24)
UnityEngine.TestRunner.NUnitExtensions.Runner.UnityLogCheckDelegatingCommand:CaptureException (NUnit.Framework.Internal.TestResult,System.Action) (at ./Library/PackageCache/com.unity.test-framework@bd52b1c23814/UnityEngine.TestRunner/NUnitExtensions/Runner/UnityLogCheckDelegatingCommand.cs:72)
UnityEngine.TestRunner.NUnitExtensions.Runner.UnityLogCheckDelegatingCommand:ExecuteAndCheckLog (UnityEngine.TestTools.Logging.LogScope,NUnit.Framework.Internal.TestResult,System.Action) (at ./Library/PackageCache/com.unity.test-framework@bd52b1c23814/UnityEngine.TestRunner/NUnitExtensions/Runner/UnityLogCheckDelegatingCommand.cs:83)
UnityEngine.TestRunner.NUnitExtensions.Runner.UnityLogCheckDelegatingCommand:Execute (NUnit.Framework.Internal.ITestExecutionContext) (at ./Library/PackageCache/com.unity.test-framework@bd52b1c23814/UnityEngine.TestRunner/NUnitExtensions/Runner/UnityLogCheckDelegatingCommand.cs:24)
UnityEngine.TestRunner.NUnitExtensions.Runner.UnityLogCheckDelegatingCommand/<ExecuteEnumerable>d__3:MoveNext () (at ./Library/PackageCache/com.unity.test-framework@bd52b1c23814/UnityEngine.TestRunner/NUnitExtensions/Runner/UnityLogCheckDelegatingCommand.cs:35)
UnityEngine.TestTools.BeforeAfterTestCommandBase`1/<ExecuteEnumerable>d__16<NUnit.Framework.ITestAction>:MoveNext () (at ./Library/PackageCache/com.unity.test-framework@bd52b1c23814/UnityEngine.TestRunner/NUnitExtensions/Commands/BeforeAfterTestCommandBase.cs:212)
UnityEngine.TestTools.ImmediateEnumerableCommand:Execute (NUnit.Framework.Internal.ITestExecutionContext) (at ./Library/PackageCache/com.unity.test-framework@bd52b1c23814/UnityEngine.TestRunner/NUnitExtensions/Commands/ImmediateEnumerableCommand.cs:18)
UnityEngine.TestTools.BeforeAfterTestCommandBase`1/<ExecuteEnumerable>d__16<System.Reflection.MethodInfo>:MoveNext () (at ./Library/PackageCache/com.unity.test-framework@bd52b1c23814/UnityEngine.TestRunner/NUnitExtensions/Commands/BeforeAfterTestCommandBase.cs:219)
UnityEngine.TestTools.BeforeAfterTestCommandBase`1/<ExecuteEnumerable>d__16<System.Reflection.MethodInfo>:MoveNext () (at ./Library/PackageCache/com.unity.test-framework@bd52b1c23814/UnityEngine.TestRunner/NUnitExtensions/Commands/BeforeAfterTestCommandBase.cs:212)
UnityEngine.TestTools.BeforeAfterTestCommandBase`1/<ExecuteEnumerable>d__16<UnityEngine.TestTools.IOuterUnityTestAction>:MoveNext () (at ./Library/PackageCache/com.unity.test-framework@bd52b1c23814/UnityEngine.TestRunner/NUnitExtensions/Commands/BeforeAfterTestCommandBase.cs:212)
UnityEngine.TestTools.RetryCommand/<ExecuteEnumerable>d__2:MoveNext () (at ./Library/PackageCache/com.unity.test-framework@bd52b1c23814/UnityEngine.TestRunner/NUnitExtensions/Commands/RetryCommand.cs:37)
UnityEngine.TestTools.RepeatCommand/<ExecuteEnumerable>d__2:MoveNext () (at ./Library/PackageCache/com.unity.test-framework@bd52b1c23814/UnityEngine.TestRunner/NUnitExtensions/Commands/RepeatCommand.cs:36)
UnityEngine.TestTools.IgnoreTestCommand/<ExecuteEnumerable>d__3:MoveNext () (at ./Library/PackageCache/com.unity.test-framework@bd52b1c23814/UnityEngine.TestRunner/NUnitExtensions/Commands/IgnoreTestCommand.cs:42)
UnityEngine.TestTools.StrictCheckCommand/<ExecuteEnumerable>d__2:MoveNext () (at ./Library/PackageCache/com.unity.test-framework@bd52b1c23814/UnityEngine.TestRunner/NUnitExtensions/Commands/StrictCheckCommand.cs:29)
UnityEngine.TestRunner.NUnitExtensions.Runner.DefaultTestWorkItem/<PerformWork>d__2:MoveNext () (at ./Library/PackageCache/com.unity.test-framework@bd52b1c23814/UnityEngine.TestRunner/NUnitExtensions/Runner/DefaultTestWorkItem.cs:50)
UnityEngine.TestRunner.NUnitExtensions.Runner.CompositeWorkItem/<RunChildren>d__17:MoveNext () (at ./Library/PackageCache/com.unity.test-framework@bd52b1c23814/UnityEngine.TestRunner/NUnitExtensions/Runner/CompositeWorkItem.cs:207)
UnityEngine.TestRunner.NUnitExtensions.Runner.CompositeWorkItem/<PerformWork>d__13:MoveNext () (at ./Library/PackageCache/com.unity.test-framework@bd52b1c23814/UnityEngine.TestRunner/NUnitExtensions/Runner/CompositeWorkItem.cs:82)
UnityEngine.TestRunner.NUnitExtensions.Runner.CompositeWorkItem/<RunChildren>d__17:MoveNext () (at ./Library/PackageCache/com.unity.test-framework@bd52b1c23814/UnityEngine.TestRunner/NUnitExtensions/Runner/CompositeWorkItem.cs:207)
UnityEngine.TestRunner.NUnitExtensions.Runner.CompositeWorkItem/<PerformWork>d__13:MoveNext () (at ./Library/PackageCache/com.unity.test-framework@bd52b1c23814/UnityEngine.TestRunner/NUnitExtensions/Runner/CompositeWorkItem.cs:82)
UnityEngine.TestRunner.NUnitExtensions.Runner.CompositeWorkItem/<RunChildren>d__17:MoveNext () (at ./Library/PackageCache/com.unity.test-framework@bd52b1c23814/UnityEngine.TestRunner/NUnitExtensions/Runner/CompositeWorkItem.cs:207)
UnityEngine.TestRunner.NUnitExtensions.Runner.CompositeWorkItem/<PerformWork>d__13:MoveNext () (at ./Library/PackageCache/com.unity.test-framework@bd52b1c23814/UnityEngine.TestRunner/NUnitExtensions/Runner/CompositeWorkItem.cs:82)
UnityEngine.TestRunner.NUnitExtensions.Runner.CompositeWorkItem/<RunChildren>d__17:MoveNext () (at ./Library/PackageCache/com.unity.test-framework@bd52b1c23814/UnityEngine.TestRunner/NUnitExtensions/Runner/CompositeWorkItem.cs:207)
UnityEngine.TestRunner.NUnitExtensions.Runner.CompositeWorkItem/<PerformWork>d__13:MoveNext () (at ./Library/PackageCache/com.unity.test-framework@bd52b1c23814/UnityEngine.TestRunner/NUnitExtensions/Runner/CompositeWorkItem.cs:82)
UnityEngine.TestRunner.NUnitExtensions.Runner.CompositeWorkItem/<RunChildren>d__17:MoveNext () (at ./Library/PackageCache/com.unity.test-framework@bd52b1c23814/UnityEngine.TestRunner/NUnitExtensions/Runner/CompositeWorkItem.cs:207)
UnityEngine.TestRunner.NUnitExtensions.Runner.CompositeWorkItem/<PerformWork>d__13:MoveNext () (at ./Library/PackageCache/com.unity.test-framework@bd52b1c23814/UnityEngine.TestRunner/NUnitExtensions/Runner/CompositeWorkItem.cs:82)
UnityEditor.TestTools.TestRunner.EditModeRunner:MoveNextAndUpdateYieldObject () (at ./Library/PackageCache/com.unity.test-framework@bd52b1c23814/UnityEditor.TestRunner/TestRunner/EditModeRunner.cs:167)
UnityEditor.TestTools.TestRunner.EditModeRunner:TestConsumer (UnityEditor.TestTools.TestRunner.TestRunnerStateSerializer) (at ./Library/PackageCache/com.unity.test-framework@bd52b1c23814/UnityEditor.TestRunner/TestRunner/EditModeRunner.cs:200)
UnityEditor.TestTools.TestRunner.TestRun.Tasks.EditModeRunTask/<Execute>d__1:MoveNext () (at ./Library/PackageCache/com.unity.test-framework@bd52b1c23814/UnityEditor.TestRunner/TestRun/Tasks/EditModeRunTask.cs:48)
UnityEditor.TestTools.TestRunner.TestRun.TestJobRunner:ExecuteStep () (at ./Library/PackageCache/com.unity.test-framework@bd52b1c23814/UnityEditor.TestRunner/TestRun/TestJobRunner.cs:173)
UnityEditor.TestTools.TestRunner.TestRun.TestJobRunner:ExecuteCallback () (at ./Library/PackageCache/com.unity.test-framework@bd52b1c23814/UnityEditor.TestRunner/TestRun/TestJobRunner.cs:108)
UnityEditor.EditorApplication:Internal_CallUpdateFunctions () (at ~/build/output/unity/unity/Editor/Mono/EditorApplication.cs:384)

(Filename: Assets/Hollowmere/Tests/P3_2/Editor/WorkflowRunner.cs Line: 326)

[P3.2 workflow] {"shot": "keyframes/001-voice-r6-dry-ready.png", "captureProblem": "capture: DirectoryNotFoundException: Could not find a part of the path \"~/wkspace/gc-studio/p4.2g/.evidence/live/games/hollowmere/Temp/P3.2-workflows/keyframes/001-voice-r6-dry-ready.png\".", "utc": "2026-10-06T19:10:27.304Z", "step": 0, "stepName": "", "name": "voice-r6-dry-ready", "caption": "Provider and microphone capture ready; fixture playback requested."}
UnityEngine.Debug:ExtractStackTraceNoAlloc (byte*,int,string)
UnityEngine.StackTraceUtility:ExtractStackTrace () (at ~/build/output/unity/unity/Runtime/Export/Scripting/StackTrace.cs:35)
UnityEngine.DebugLogHandler:Internal_Log (UnityEngine.LogType,UnityEngine.LogOption,string,UnityEngine.Object)
UnityEngine.DebugLogHandler:LogFormat (UnityEngine.LogType,UnityEngine.Object,string,object[])
UnityEngine.Logger:Log (UnityEngine.LogType,object)
UnityEngine.Debug:Log (object)
Hollowmere.P3_2.Workflows.WorkflowRunner:Log (string,string,Newtonsoft.Json.Linq.JObject) (at Assets/Hollowmere/Tests/P3_2/Editor/WorkflowRunner.cs:326)
Hollowmere.P3_2.Workflows.WorkflowRunner:Shot (string,string,Newtonsoft.Json.Linq.JObject) (at Assets/Hollowmere/Tests/P3_2/Editor/WorkflowRunner.cs:292)
Hollowmere.P3_2.Workflows.Workflows/<>c__DisplayClass41_0:<VoiceTake>b__0 () (at Assets/Hollowmere/Tests/P3_2/Editor/Workflows.cs:787)
Hollowmere.P3_2.Workflows.VoiceTakeDriver:Tick (double,bool,System.Action) (at Assets/Hollowmere/Tests/P3_2/Editor/VoiceTakeDriver.cs:58)
Hollowmere.P3_2.Workflows.Workflows:VoiceTake (string,string) (at Assets/Hollowmere/Tests/P3_2/Editor/Workflows.cs:783)
System.Reflection.RuntimeMethodInfo:Invoke (object,System.Reflection.BindingFlags,System.Reflection.Binder,object[],System.Globalization.CultureInfo)
System.Reflection.MethodBase:Invoke (object,object[])
Hollowmere.R6_B.RealPathTests/<R6_Request3_ActualVoiceTakeDoesNotPlayOnElapsedTimerAndDrains>d__4:MoveNext () (at Assets/Hollowmere/Tests/R6_B/Editor/RealPathTests.cs:175)
UnityEngine.TestTools.TestEnumerator/<Execute>d__7:MoveNext () (at ./Library/PackageCache/com.unity.test-framework@bd52b1c23814/UnityEngine.TestRunner/NUnitExtensions/Attributes/TestEnumerator.cs:44)
UnityEngine.TestTools.EnumerableTestMethodCommand/<ExecuteEnumerableAndRecordExceptions>d__4:MoveNext () (at ./Library/PackageCache/com.unity.test-framework@bd52b1c23814/UnityEngine.TestRunner/NUnitExtensions/Commands/EnumerableTestMethodCommand.cs:79)
UnityEngine.TestTools.EnumerableTestMethodCommand:AdvanceEnumerator (System.Collections.IEnumerator) (at ./Library/PackageCache/com.unity.test-framework@bd52b1c23814/UnityEngine.TestRunner/NUnitExtensions/Commands/EnumerableTestMethodCommand.cs:64)
UnityEngine.TestTools.EnumerableTestMethodCommand/<ExecuteEnumerable>d__2:MoveNext () (at ./Library/PackageCache/com.unity.test-framework@bd52b1c23814/UnityEngine.TestRunner/NUnitExtensions/Commands/EnumerableTestMethodCommand.cs:47)
UnityEngine.TestRunner.NUnitExtensions.Runner.UnityLogCheckDelegatingCommand/<ExecuteEnumerable>d__3:MoveNext () (at ./Library/PackageCache/com.unity.test-framework@bd52b1c23814/UnityEngine.TestRunner/NUnitExtensions/Runner/UnityLogCheckDelegatingCommand.cs:48)
UnityEngine.TestTools.BeforeAfterTestCommandBase`1/<ExecuteEnumerable>d__16<NUnit.Framework.ITestAction>:MoveNext () (at ./Library/PackageCache/com.unity.test-framework@bd52b1c23814/UnityEngine.TestRunner/NUnitExtensions/Commands/BeforeAfterTestCommandBase.cs:212)
UnityEngine.TestTools.BeforeAfterTestCommandBase`1/<ExecuteEnumerable>d__16<System.Reflection.MethodInfo>:MoveNext () (at ./Library/PackageCache/com.unity.test-framework@bd52b1c23814/UnityEngine.TestRunner/NUnitExtensions/Commands/BeforeAfterTestCommandBase.cs:212)
UnityEngine.TestTools.BeforeAfterTestCommandBase`1/<ExecuteEnumerable>d__16<System.Reflection.MethodInfo>:MoveNext () (at ./Library/PackageCache/com.unity.test-framework@bd52b1c23814/UnityEngine.TestRunner/NUnitExtensions/Commands/BeforeAfterTestCommandBase.cs:212)
UnityEngine.TestTools.BeforeAfterTestCommandBase`1/<ExecuteEnumerable>d__16<UnityEngine.TestTools.IOuterUnityTestAction>:MoveNext () (at ./Library/PackageCache/com.unity.test-framework@bd52b1c23814/UnityEngine.TestRunner/NUnitExtensions/Commands/BeforeAfterTestCommandBase.cs:212)
UnityEngine.TestTools.RetryCommand/<ExecuteEnumerable>d__2:MoveNext () (at ./Library/PackageCache/com.unity.test-framework@bd52b1c23814/UnityEngine.TestRunner/NUnitExtensions/Commands/RetryCommand.cs:37)
UnityEngine.TestTools.RepeatCommand/<ExecuteEnumerable>d__2:MoveNext () (at ./Library/PackageCache/com.unity.test-framework@bd52b1c23814/UnityEngine.TestRunner/NUnitExtensions/Commands/RepeatCommand.cs:36)
UnityEngine.TestTools.IgnoreTestCommand/<ExecuteEnumerable>d__3:MoveNext () (at ./Library/PackageCache/com.unity.test-framework@bd52b1c23814/UnityEngine.TestRunner/NUnitExtensions/Commands/IgnoreTestCommand.cs:42)
UnityEngine.TestTools.StrictCheckCommand/<ExecuteEnumerable>d__2:MoveNext () (at ./Library/PackageCache/com.unity.test-framework@bd52b1c23814/UnityEngine.TestRunner/NUnitExtensions/Commands/StrictCheckCommand.cs:29)
UnityEditor.TestTools.TestRunner.EditorEnumeratorTestWorkItem/<PerformWork>d__3:MoveNext () (at ./Library/PackageCache/com.unity.test-framework@bd52b1c23814/UnityEditor.TestRunner/TestRunner/EditorEnumeratorTestWorkItem.cs:97)
UnityEngine.TestRunner.NUnitExtensions.Runner.CompositeWorkItem/<RunChildren>d__17:MoveNext () (at ./Library/PackageCache/com.unity.test-framework@bd52b1c23814/UnityEngine.TestRunner/NUnitExtensions/Runner/CompositeWorkItem.cs:207)
UnityEngine.TestRunner.NUnitExtensions.Runner.CompositeWorkItem/<PerformWork>d__13:MoveNext () (at ./Library/PackageCache/com.unity.test-framework@bd52b1c23814/UnityEngine.TestRunner/NUnitExtensions/Runner/CompositeWorkItem.cs:82)
UnityEngine.TestRunner.NUnitExtensions.Runner.CompositeWorkItem/<RunChildren>d__17:MoveNext () (at ./Library/PackageCache/com.unity.test-framework@bd52b1c23814/UnityEngine.TestRunner/NUnitExtensions/Runner/CompositeWorkItem.cs:207)
UnityEngine.TestRunner.NUnitExtensions.Runner.CompositeWorkItem/<PerformWork>d__13:MoveNext () (at ./Library/PackageCache/com.unity.test-framework@bd52b1c23814/UnityEngine.TestRunner/NUnitExtensions/Runner/CompositeWorkItem.cs:82)
UnityEngine.TestRunner.NUnitExtensions.Runner.CompositeWorkItem/<RunChildren>d__17:MoveNext () (at ./Library/PackageCache/com.unity.test-framework@bd52b1c23814/UnityEngine.TestRunner/NUnitExtensions/Runner/CompositeWorkItem.cs:207)
UnityEngine.TestRunner.NUnitExtensions.Runner.CompositeWorkItem/<PerformWork>d__13:MoveNext () (at ./Library/PackageCache/com.unity.test-framework@bd52b1c23814/UnityEngine.TestRunner/NUnitExtensions/Runner/CompositeWorkItem.cs:82)
UnityEngine.TestRunner.NUnitExtensions.Runner.CompositeWorkItem/<RunChildren>d__17:MoveNext () (at ./Library/PackageCache/com.unity.test-framework@bd52b1c23814/UnityEngine.TestRunner/NUnitExtensions/Runner/CompositeWorkItem.cs:207)
UnityEngine.TestRunner.NUnitExtensions.Runner.CompositeWorkItem/<PerformWork>d__13:MoveNext () (at ./Library/PackageCache/com.unity.test-framework@bd52b1c23814/UnityEngine.TestRunner/NUnitExtensions/Runner/CompositeWorkItem.cs:82)
UnityEngine.TestRunner.NUnitExtensions.Runner.CompositeWorkItem/<RunChildren>d__17:MoveNext () (at ./Library/PackageCache/com.unity.test-framework@bd52b1c23814/UnityEngine.TestRunner/NUnitExtensions/Runner/CompositeWorkItem.cs:207)
UnityEngine.TestRunner.NUnitExtensions.Runner.CompositeWorkItem/<PerformWork>d__13:MoveNext () (at ./Library/PackageCache/com.unity.test-framework@bd52b1c23814/UnityEngine.TestRunner/NUnitExtensions/Runner/CompositeWorkItem.cs:82)
UnityEditor.TestTools.TestRunner.EditModeRunner:MoveNextAndUpdateYieldObject () (at ./Library/PackageCache/com.unity.test-framework@bd52b1c23814/UnityEditor.TestRunner/TestRunner/EditModeRunner.cs:167)
UnityEditor.TestTools.TestRunner.EditModeRunner:TestConsumer (UnityEditor.TestTools.TestRunner.TestRunnerStateSerializer) (at ./Library/PackageCache/com.unity.test-framework@bd52b1c23814/UnityEditor.TestRunner/TestRunner/EditModeRunner.cs:200)
UnityEditor.TestTools.TestRunner.TestRun.Tasks.EditModeRunTask/<Execute>d__1:MoveNext () (at ./Library/PackageCache/com.unity.test-framework@bd52b1c23814/UnityEditor.TestRunner/TestRun/Tasks/EditModeRunTask.cs:48)
UnityEditor.TestTools.TestRunner.TestRun.TestJobRunner:ExecuteStep () (at ./Library/PackageCache/com.unity.test-framework@bd52b1c23814/UnityEditor.TestRunner/TestRun/TestJobRunner.cs:173)
UnityEditor.TestTools.TestRunner.TestRun.TestJobRunner:ExecuteCallback () (at ./Library/PackageCache/com.unity.test-framework@bd52b1c23814/UnityEditor.TestRunner/TestRun/TestJobRunner.cs:108)
UnityEditor.EditorApplication:Internal_CallUpdateFunctions () (at ~/build/output/unity/unity/Editor/Mono/EditorApplication.cs:384)

(Filename: Assets/Hollowmere/Tests/P3_2/Editor/WorkflowRunner.cs Line: 326)

[P3.2 workflow] {"label": "r6-dry", "wav": "fixture.wav", "final": "Delete all NPCs in this region.", "played": true, "playbackRequested": true, "pressedMs": 1791313827028, "playRequestedMs": 1791313827282, "drainedMs": 1791313827468, "revisions": [], "error": null, "phase": "done", "drainCompleted": true, "shot": "keyframes/002-voice-r6-dry-final.png", "captureProblem": "capture: DirectoryNotFoundException: Could not find a part of the path \"~/wkspace/gc-studio/p4.2g/.evidence/live/games/hollowmere/Temp/P3.2-workflows/keyframes/002-voice-r6-dry-final.png\".", "utc": "2026-10-06T19:10:27.486Z", "step": 0, "stepName": "", "name": "voice-r6-dry-final", "caption": "Stop/drain finished; transcript retained for explicit Send. No request submitted by the take."}
UnityEngine.Debug:ExtractStackTraceNoAlloc (byte*,int,string)
UnityEngine.StackTraceUtility:ExtractStackTrace () (at ~/build/output/unity/unity/Runtime/Export/Scripting/StackTrace.cs:35)
UnityEngine.DebugLogHandler:Internal_Log (UnityEngine.LogType,UnityEngine.LogOption,string,UnityEngine.Object)
UnityEngine.DebugLogHandler:LogFormat (UnityEngine.LogType,UnityEngine.Object,string,object[])
UnityEngine.Logger:Log (UnityEngine.LogType,object)
UnityEngine.Debug:Log (object)
Hollowmere.P3_2.Workflows.WorkflowRunner:Log (string,string,Newtonsoft.Json.Linq.JObject) (at Assets/Hollowmere/Tests/P3_2/Editor/WorkflowRunner.cs:326)
Hollowmere.P3_2.Workflows.WorkflowRunner:Shot (string,string,Newtonsoft.Json.Linq.JObject) (at Assets/Hollowmere/Tests/P3_2/Editor/WorkflowRunner.cs:292)
Hollowmere.P3_2.Workflows.Workflows:VoiceTake (string,string) (at Assets/Hollowmere/Tests/P3_2/Editor/Workflows.cs:809)
System.Reflection.RuntimeMethodInfo:Invoke (object,System.Reflection.BindingFlags,System.Reflection.Binder,object[],System.Globalization.CultureInfo)
System.Reflection.MethodBase:Invoke (object,object[])
Hollowmere.R6_B.RealPathTests/<R6_Request3_ActualVoiceTakeDoesNotPlayOnElapsedTimerAndDrains>d__4:MoveNext () (at Assets/Hollowmere/Tests/R6_B/Editor/RealPathTests.cs:175)
UnityEngine.TestTools.TestEnumerator/<Execute>d__7:MoveNext () (at ./Library/PackageCache/com.unity.test-framework@bd52b1c23814/UnityEngine.TestRunner/NUnitExtensions/Attributes/TestEnumerator.cs:44)
UnityEngine.TestTools.EnumerableTestMethodCommand/<ExecuteEnumerableAndRecordExceptions>d__4:MoveNext () (at ./Library/PackageCache/com.unity.test-framework@bd52b1c23814/UnityEngine.TestRunner/NUnitExtensions/Commands/EnumerableTestMethodCommand.cs:79)
UnityEngine.TestTools.EnumerableTestMethodCommand:AdvanceEnumerator (System.Collections.IEnumerator) (at ./Library/PackageCache/com.unity.test-framework@bd52b1c23814/UnityEngine.TestRunner/NUnitExtensions/Commands/EnumerableTestMethodCommand.cs:64)
UnityEngine.TestTools.EnumerableTestMethodCommand/<ExecuteEnumerable>d__2:MoveNext () (at ./Library/PackageCache/com.unity.test-framework@bd52b1c23814/UnityEngine.TestRunner/NUnitExtensions/Commands/EnumerableTestMethodCommand.cs:47)
UnityEngine.TestRunner.NUnitExtensions.Runner.UnityLogCheckDelegatingCommand/<ExecuteEnumerable>d__3:MoveNext () (at ./Library/PackageCache/com.unity.test-framework@bd52b1c23814/UnityEngine.TestRunner/NUnitExtensions/Runner/UnityLogCheckDelegatingCommand.cs:48)
UnityEngine.TestTools.BeforeAfterTestCommandBase`1/<ExecuteEnumerable>d__16<NUnit.Framework.ITestAction>:MoveNext () (at ./Library/PackageCache/com.unity.test-framework@bd52b1c23814/UnityEngine.TestRunner/NUnitExtensions/Commands/BeforeAfterTestCommandBase.cs:212)
UnityEngine.TestTools.BeforeAfterTestCommandBase`1/<ExecuteEnumerable>d__16<System.Reflection.MethodInfo>:MoveNext () (at ./Library/PackageCache/com.unity.test-framework@bd52b1c23814/UnityEngine.TestRunner/NUnitExtensions/Commands/BeforeAfterTestCommandBase.cs:212)
UnityEngine.TestTools.BeforeAfterTestCommandBase`1/<ExecuteEnumerable>d__16<System.Reflection.MethodInfo>:MoveNext () (at ./Library/PackageCache/com.unity.test-framework@bd52b1c23814/UnityEngine.TestRunner/NUnitExtensions/Commands/BeforeAfterTestCommandBase.cs:212)
UnityEngine.TestTools.BeforeAfterTestCommandBase`1/<ExecuteEnumerable>d__16<UnityEngine.TestTools.IOuterUnityTestAction>:MoveNext () (at ./Library/PackageCache/com.unity.test-framework@bd52b1c23814/UnityEngine.TestRunner/NUnitExtensions/Commands/BeforeAfterTestCommandBase.cs:212)
UnityEngine.TestTools.RetryCommand/<ExecuteEnumerable>d__2:MoveNext () (at ./Library/PackageCache/com.unity.test-framework@bd52b1c23814/UnityEngine.TestRunner/NUnitExtensions/Commands/RetryCommand.cs:37)
UnityEngine.TestTools.RepeatCommand/<ExecuteEnumerable>d__2:MoveNext () (at ./Library/PackageCache/com.unity.test-framework@bd52b1c23814/UnityEngine.TestRunner/NUnitExtensions/Commands/RepeatCommand.cs:36)
UnityEngine.TestTools.IgnoreTestCommand/<ExecuteEnumerable>d__3:MoveNext () (at ./Library/PackageCache/com.unity.test-framework@bd52b1c23814/UnityEngine.TestRunner/NUnitExtensions/Commands/IgnoreTestCommand.cs:42)
UnityEngine.TestTools.StrictCheckCommand/<ExecuteEnumerable>d__2:MoveNext () (at ./Library/PackageCache/com.unity.test-framework@bd52b1c23814/UnityEngine.TestRunner/NUnitExtensions/Commands/StrictCheckCommand.cs:29)
UnityEditor.TestTools.TestRunner.EditorEnumeratorTestWorkItem/<PerformWork>d__3:MoveNext () (at ./Library/PackageCache/com.unity.test-framework@bd52b1c23814/UnityEditor.TestRunner/TestRunner/EditorEnumeratorTestWorkItem.cs:97)
UnityEngine.TestRunner.NUnitExtensions.Runner.CompositeWorkItem/<RunChildren>d__17:MoveNext () (at ./Library/PackageCache/com.unity.test-framework@bd52b1c23814/UnityEngine.TestRunner/NUnitExtensions/Runner/CompositeWorkItem.cs:207)
UnityEngine.TestRunner.NUnitExtensions.Runner.CompositeWorkItem/<PerformWork>d__13:MoveNext () (at ./Library/PackageCache/com.unity.test-framework@bd52b1c23814/UnityEngine.TestRunner/NUnitExtensions/Runner/CompositeWorkItem.cs:82)
UnityEngine.TestRunner.NUnitExtensions.Runner.CompositeWorkItem/<RunChildren>d__17:MoveNext () (at ./Library/PackageCache/com.unity.test-framework@bd52b1c23814/UnityEngine.TestRunner/NUnitExtensions/Runner/CompositeWorkItem.cs:207)
UnityEngine.TestRunner.NUnitExtensions.Runner.CompositeWorkItem/<PerformWork>d__13:MoveNext () (at ./Library/PackageCache/com.unity.test-framework@bd52b1c23814/UnityEngine.TestRunner/NUnitExtensions/Runner/CompositeWorkItem.cs:82)
UnityEngine.TestRunner.NUnitExtensions.Runner.CompositeWorkItem/<RunChildren>d__17:MoveNext () (at ./Library/PackageCache/com.unity.test-framework@bd52b1c23814/UnityEngine.TestRunner/NUnitExtensions/Runner/CompositeWorkItem.cs:207)
UnityEngine.TestRunner.NUnitExtensions.Runner.CompositeWorkItem/<PerformWork>d__13:MoveNext () (at ./Library/PackageCache/com.unity.test-framework@bd52b1c23814/UnityEngine.TestRunner/NUnitExtensions/Runner/CompositeWorkItem.cs:82)
UnityEngine.TestRunner.NUnitExtensions.Runner.CompositeWorkItem/<RunChildren>d__17:MoveNext () (at ./Library/PackageCache/com.unity.test-framework@bd52b1c23814/UnityEngine.TestRunner/NUnitExtensions/Runner/CompositeWorkItem.cs:207)
UnityEngine.TestRunner.NUnitExtensions.Runner.CompositeWorkItem/<PerformWork>d__13:MoveNext () (at ./Library/PackageCache/com.unity.test-framework@bd52b1c23814/UnityEngine.TestRunner/NUnitExtensions/Runner/CompositeWorkItem.cs:82)
UnityEngine.TestRunner.NUnitExtensions.Runner.CompositeWorkItem/<RunChildren>d__17:MoveNext () (at ./Library/PackageCache/com.unity.test-framework@bd52b1c23814/UnityEngine.TestRunner/NUnitExtensions/Runner/CompositeWorkItem.cs:207)
UnityEngine.TestRunner.NUnitExtensions.Runner.CompositeWorkItem/<PerformWork>d__13:MoveNext () (at ./Library/PackageCache/com.unity.test-framework@bd52b1c23814/UnityEngine.TestRunner/NUnitExtensions/Runner/CompositeWorkItem.cs:82)
UnityEditor.TestTools.TestRunner.EditModeRunner:MoveNextAndUpdateYieldObject () (at ./Library/PackageCache/com.unity.test-framework@bd52b1c23814/UnityEditor.TestRunner/TestRunner/EditModeRunner.cs:167)
UnityEditor.TestTools.TestRunner.EditModeRunner:TestConsumer (UnityEditor.TestTools.TestRunner.TestRunnerStateSerializer) (at ./Library/PackageCache/com.unity.test-framework@bd52b1c23814/UnityEditor.TestRunner/TestRunner/EditModeRunner.cs:200)
UnityEditor.TestTools.TestRunner.TestRun.Tasks.EditModeRunTask/<Execute>d__1:MoveNext () (at ./Library/PackageCache/com.unity.test-framework@bd52b1c23814/UnityEditor.TestRunner/TestRun/Tasks/EditModeRunTask.cs:48)
UnityEditor.TestTools.TestRunner.TestRun.TestJobRunner:ExecuteStep () (at ./Library/PackageCache/com.unity.test-framework@bd52b1c23814/UnityEditor.TestRunner/TestRun/TestJobRunner.cs:173)
UnityEditor.TestTools.TestRunner.TestRun.TestJobRunner:ExecuteCallback () (at ./Library/PackageCache/com.unity.test-framework@bd52b1c23814/UnityEditor.TestRunner/TestRun/TestJobRunner.cs:108)
UnityEditor.EditorApplication:Internal_CallUpdateFunctions () (at ~/build/output/unity/unity/Editor/Mono/EditorApplication.cs:384)

(Filename: Assets/Hollowmere/Tests/P3_2/Editor/WorkflowRunner.cs Line: 326)

Request Asset Garbage Collect because used heap size increased from 294.7 MB to 0.62 GB, exceeding the threshold of 256.0 MB.
Saving results to: ~/.config/unity3d/GameCore/Hollowmere/TestResults.xml
Unloading 406 Unused Serialized files (Serialized files now loaded: 0)
Saving results to: ~/wkspace/gc-studio/p4.2g/artifacts/studio/verification/R6-P4.2g/p42g-regression-20261006T190828.261688Z/results.xml
Unloading 210 unused Assets / (112.6 KB). Loaded Objects now: 7293.
Memory consumption went from 0.62 GB to 0.62 GB.
Total: 15.779043 ms (FindLiveObjects: 0.312158 ms CreateObjectMapping: 0.277613 ms MarkObjects: 14.698915 ms  DeleteObjects: 0.489157 ms)

Executing IPostBuildCleanup for: Unity.PerformanceTesting.Editor.TestRunBuilder.
UnityEngine.Debug:ExtractStackTraceNoAlloc (byte*,int,string)
UnityEngine.StackTraceUtility:ExtractStackTrace () (at ~/build/output/unity/unity/Runtime/Export/Scripting/StackTrace.cs:35)
UnityEngine.DebugLogHandler:Internal_Log (UnityEngine.LogType,UnityEngine.LogOption,string,UnityEngine.Object)
UnityEngine.DebugLogHandler:LogFormat (UnityEngine.LogType,UnityEngine.Object,string,object[])
UnityEngine.Logger:Log (UnityEngine.LogType,object)
UnityEngine.Debug:Log (object)
UnityEditor.TestTools.TestRunner.TestRun.Tasks.BuildActionTaskBase`1/<ExecuteMethods>d__8<UnityEngine.TestTools.IPostBuildCleanup>:MoveNext () (at ./Library/PackageCache/com.unity.test-framework@bd52b1c23814/UnityEditor.TestRunner/TestRun/Tasks/BuildActionTaskBase.cs:48)
UnityEditor.TestTools.TestRunner.TestRun.Tasks.BuildActionTaskBase`1/<Execute>d__7<UnityEngine.TestTools.IPostBuildCleanup>:MoveNext () (at ./Library/PackageCache/com.unity.test-framework@bd52b1c23814/UnityEditor.TestRunner/TestRun/Tasks/BuildActionTaskBase.cs:34)
UnityEditor.TestTools.TestRunner.TestRun.TestJobRunner:ExecuteStep () (at ./Library/PackageCache/com.unity.test-framework@bd52b1c23814/UnityEditor.TestRunner/TestRun/TestJobRunner.cs:173)
UnityEditor.TestTools.TestRunner.TestRun.TestJobRunner:ExecuteCallback () (at ./Library/PackageCache/com.unity.test-framework@bd52b1c23814/UnityEditor.TestRunner/TestRun/TestJobRunner.cs:108)
UnityEditor.EditorApplication:Internal_CallUpdateFunctions () (at ~/build/output/unity/unity/Editor/Mono/EditorApplication.cs:384)

(Filename: ./Library/PackageCache/com.unity.test-framework@bd52b1c23814/UnityEditor.TestRunner/TestRun/Tasks/BuildActionTaskBase.cs Line: 48)

Unloading 0 Unused Serialized files (Serialized files now loaded: 0)
Unloading 0 unused Assets / (0 B). Loaded Objects now: 7300.
Memory consumption went from 302.7 MB to 302.7 MB.
Total: 13.035783 ms (FindLiveObjects: 0.329981 ms CreateObjectMapping: 0.172578 ms MarkObjects: 12.511791 ms  DeleteObjects: 0.020659 ms)

DisplayProgressbar: Undo
Test run completed. Exiting with code 2 (Failed). One or more tests failed.
UnityEngine.Debug:ExtractStackTraceNoAlloc (byte*,int,string)
UnityEngine.StackTraceUtility:ExtractStackTrace () (at ~/build/output/unity/unity/Runtime/Export/Scripting/StackTrace.cs:35)
UnityEngine.DebugLogHandler:Internal_Log (UnityEngine.LogType,UnityEngine.LogOption,string,UnityEngine.Object)
UnityEngine.DebugLogHandler:LogFormat (UnityEngine.LogType,UnityEngine.Object,string,object[])
UnityEngine.Logger:Log (UnityEngine.LogType,object)
UnityEngine.Debug:Log (object)
UnityEditor.TestTools.TestRunner.CommandLineTest.Executer:ExitApplication (UnityEditor.TestTools.TestRunner.CommandLineTest.Executer/ReturnCodes,string) (at ./Library/PackageCache/com.unity.test-framework@bd52b1c23814/UnityEditor.TestRunner/CommandLineTest/Executer.cs:81)
UnityEditor.TestTools.TestRunner.CommandLineTest.Executer:ExitIfRunIsCompleted () (at ./Library/PackageCache/com.unity.test-framework@bd52b1c23814/UnityEditor.TestRunner/CommandLineTest/Executer.cs:74)
UnityEditor.EditorApplication:Internal_CallUpdateFunctions () (at ~/build/output/unity/unity/Editor/Mono/EditorApplication.cs:384)

(Filename: ./Library/PackageCache/com.unity.test-framework@bd52b1c23814/UnityEditor.TestRunner/CommandLineTest/Executer.cs Line: 81)

Unloading 6 Unused Serialized files (Serialized files now loaded: 0)
Unloading 398 unused Assets / (434.8 KB). Loaded Objects now: 6905.
Memory consumption went from 399.4 MB to 399.0 MB.
Total: 29.086566 ms (FindLiveObjects: 0.570532 ms CreateObjectMapping: 0.540607 ms MarkObjects: 25.821758 ms  DeleteObjects: 2.152023 ms)

[Physics::Module] Cleanup current backned.
[Physics::Module] Id: 0xf2b8ea05
Input System module state changed to: ShutdownInProgress.
Input System polling thread exited.
Input System module state changed to: Shutdown.
[Licensing::IpcConnector] LicenseClient-worlesenric-notifications channel disconnected successfully.
[Licensing::IpcConnector] LicenseClient-worlesenric channel disconnected successfully.
AcceleratorClientConnectionCallback - disconnected - :0
[40m[32minfo[39m[22m[49m: Microsoft.Hosting.Lifetime[0]
      Application is shutting down...
[40m[32minfo[39m[22m[49m: Unity.ILPP.Runner.PostProcessingAssemblyLoadContext[0]
      ALC ILPP context 1 is unloading
Cleanup mono
debugger-agent: Unable to listen on 30
[Package Manager] Server process was shutdown
Checking for leaked weakptr:
  Found no leaked weakptrs.
##utp:{"type": "MemoryLeaks", "version": 2, "phase": "Immediate", "time": 1791313832353, "processId": 3619213, "allocatedMemory": 18593056, "memoryLabels": [{"Default": 13965}, {"Permanent": 16147}, {"Thread": 1084616}, {"Manager": 3081073}, {"VertexData": 8}, {"Geometry": 408}, {"VFX": -104}, {"Texture": 296}, {"Shader": 118755}, {"Material": 24}, {"GfxDevice": 35976}, {"Animation": 456}, {"Audio": 4032}, {"Font": 3565130}, {"FreeType": 125104}, {"FontEngine": 320}, {"Physics": 2081}, {"Serialization": 376}, {"Input": 26752}, {"JobScheduler": 33024}, {"TextLib": 160}, {"Mono": 32}, {"MonoCode": 96}, {"ScriptingNativeRuntime": 155096}, {"BaseObject": 1628944}, {"Resource": 1032}, {"Renderer": 2928}, {"Transform": 4678}, {"File": 21307}, {"WebCam": 80}, {"Culling": 32}, {"Terrain": 11298}, {"Wind": 24}, {"String": 13007}, {"DynamicArray": 113618}, {"HashMap": 131647}, {"Utility": 2665104}, {"PoolAlloc": 4064}, {"AI": 72}, {"TypeTree": 5005}, {"ScriptManager": 512}, {"RuntimeInitializeOnLoadManager": 64}, {"SpriteAtlas": 112}, {"GI": 7448}, {"Director": 8208}, {"WebRequest": 808}, {"VR": 45689}, {"SceneManager": 528}, {"Video": 64}, {"LazyScriptCache": 32}, {"NativeArray": 1620}, {"Camera": 17}, {"Secure": 265}, {"Image": 278528}, {"SerializationCache": 1576}, {"APIUpdating": 10320}, {"Subsystems": 336}, {"VirtualTexturing": 57552}, {"StaticSafetyDebugInfo": 278528}, {"Analytics": 256}, {"Hierarchy": 832}, {"CoreStats": 12456}, {"Identifiers": 12384}, {"Gui": 112}, {"EditorUtility": 248680}, {"VersionControl": 4}, {"Undo": 979}, {"AssetDatabase": 4718318}, {"EditorGi": 328}, {"UnityConnect": 24816}, {"Upm": 1852}, {"DrivenProperties": 72}, {"LocalIPC": 210}, {"ProfilerEditor": 9746}, {"CoreBusinessMetrics": 2389}, {"Licensing": 688}, {"AssetReference": 32}, {"IPCStream": 32}]}
