[R4-B graphics] display=:1, other Editors=0, allocator mutex held
Unity Editor version:    6000.0.75f1 (26349cd2a5c8)
Branch:                  6000.0/staging
Build type:              Release
Batch mode:              NO
System name:             Linux
Distro version:          #31~24.04.1-Ubuntu SMP PREEMPT_DYNAMIC Mon Aug 10 09:38:02 UTC 2
Kernel version:          7.0.0-31-generic
Architecture:            x86_64
Available memory:        31897 MB
[Licensing::Module] Trying to connect to existing licensing client channel...
[Licensing::IpcConnector] Successfully connected to: "LicenseClient-worlesenric" at "2026-10-05T22:16:47.927043Z"
[SignatureVerifier] Application signature verification not supported on this platform.
[Licensing::Client] Handshaking with LicensingClient:
  Version:                 1.17.4+4293ba1
  Session Id:              61834660b62a4351a0626a0ad57daaff
  Correlation Id:          70dec6492dd8776ac9455dd9efce7e71
  External correlation Id: 3558073954290404782
  Machine Id:              jd93gYTNlAg1qIhTY9iII/nAhSo=
[Licensing::Module] Successfully connected to LicensingClient on channel: "LicenseClient-worlesenric" (connect: 0.00s, validation: 0.00s, handshake: 0.00s)
[Licensing::IpcConnector] Successfully connected to: "LicenseClient-worlesenric-notifications" at "2026-10-05T22:16:47.928493Z"
[Licensing::Module] Error: Access token is unavailable; failed to update
[Licensing::Client] Successfully resolved entitlement details
[Licensing::Module] License group:
  Id: 1375999166540-UnityPersXXXX
  Product: Unity Personal
  Type: Assigned
  Expiration: Unlimited
[Licensing::Client] Successfully updated license, isAsync: True, time: 0.00
[Licensing::Module] Licensing Background thread has ended after 0.00s
The selected window backend is (null)
Desktop is 1920 x 1080 @ 60 Hz
Initialize udev device monitor.

COMMAND LINE ARGUMENTS:
~/Unity/Hub/Editor/6000.0.75f1/Editor/Unity
-projectPath
~/wkspace/gc-studio/r4-b/games/hollowmere
-logFile
-
-testResults
~/wkspace/gc-studio/r4-b/.unity-logs/r4-b-layout-trace.xml
-runTests
-testPlatform
EditMode
-testFilter
D12_DeferredRelayoutSurvivesWindowManagerPlacementAndRunsOnce
Successfully changed project path to: ~/wkspace/gc-studio/r4-b/games/hollowmere
~/wkspace/gc-studio/r4-b/games/hollowmere
[UnityMemory] Configuration Parameters - Can be set up in boot.config
"memorysetup-bucket-allocator-granularity=16"
"memorysetup-bucket-allocator-bucket-count=8"
"memorysetup-bucket-allocator-block-size=33554432"
"memorysetup-bucket-allocator-block-count=8"
"memorysetup-main-allocator-block-size=16777216"
"memorysetup-thread-allocator-block-size=16777216"
"memorysetup-gfx-main-allocator-block-size=16777216"
"memorysetup-gfx-thread-allocator-block-size=16777216"
"memorysetup-cache-allocator-block-size=4194304"
"memorysetup-typetree-allocator-block-size=2097152"
"memorysetup-profiler-bucket-allocator-granularity=16"
"memorysetup-profiler-bucket-allocator-bucket-count=8"
"memorysetup-profiler-bucket-allocator-block-size=33554432"
"memorysetup-profiler-bucket-allocator-block-count=8"
"memorysetup-profiler-allocator-block-size=16777216"
"memorysetup-profiler-editor-allocator-block-size=1048576"
"memorysetup-temp-allocator-size-main=16777216"
"memorysetup-job-temp-allocator-block-size=2097152"
"memorysetup-job-temp-allocator-block-size-background=1048576"
"memorysetup-job-temp-allocator-reduction-small-platforms=262144"
"memorysetup-allocator-temp-initial-block-size-main=262144"
"memorysetup-allocator-temp-initial-block-size-worker=262144"
"memorysetup-temp-allocator-size-background-worker=32768"
"memorysetup-temp-allocator-size-job-worker=262144"
"memorysetup-temp-allocator-size-preload-manager=33554432"
"memorysetup-temp-allocator-size-nav-mesh-worker=65536"
"memorysetup-temp-allocator-size-audio-worker=65536"
"memorysetup-temp-allocator-size-cloud-worker=32768"
"memorysetup-temp-allocator-size-gi-baking-worker=262144"
"memorysetup-temp-allocator-size-gi-baking-worker=262144"
"memorysetup-temp-allocator-size-gi-baking-worker=262144"
"memorysetup-temp-allocator-size-gi-baking-worker=262144"
"memorysetup-temp-allocator-size-gi-baking-worker=262144"
"memorysetup-temp-allocator-size-gfx=262144"
Player connection [128791380206912]  Target information:

Player connection [128791380206912]  * "[IP] 192.168.0.21 [Port] 55504 [Flags] 2 [Guid] 131453982 [EditorId] 131453982 [Version] 1048832 [Id] LinuxEditor(16,192.168.0.21) [Debug] 1 [PackageName] LinuxEditor [ProjectName] Editor"

Player connection [128791380206912]  * "[IP] 172.18.0.1 [Port] 55504 [Flags] 2 [Guid] 131453982 [EditorId] 131453982 [Version] 1048832 [Id] LinuxEditor(16,192.168.0.21) [Debug] 1 [PackageName] LinuxEditor [ProjectName] Editor"

Player connection [128791380206912]  * "[IP] 172.17.0.1 [Port] 55504 [Flags] 2 [Guid] 131453982 [EditorId] 131453982 [Version] 1048832 [Id] LinuxEditor(16,192.168.0.21) [Debug] 1 [PackageName] LinuxEditor [ProjectName] Editor"

Player connection [128791380206912]  * "[IP] 10.42.0.0 [Port] 55504 [Flags] 2 [Guid] 131453982 [EditorId] 131453982 [Version] 1048832 [Id] LinuxEditor(16,192.168.0.21) [Debug] 1 [PackageName] LinuxEditor [ProjectName] Editor"

Player connection [128791380206912]  * "[IP] 10.42.0.1 [Port] 55504 [Flags] 2 [Guid] 131453982 [EditorId] 131453982 [Version] 1048832 [Id] LinuxEditor(16,192.168.0.21) [Debug] 1 [PackageName] LinuxEditor [ProjectName] Editor"

Player connection [128791380206912]  * "[IP] 100.66.195.58 [Port] 55504 [Flags] 2 [Guid] 131453982 [EditorId] 131453982 [Version] 1048832 [Id] LinuxEditor(16,192.168.0.21) [Debug] 1 [PackageName] LinuxEditor [ProjectName] Editor"

Player connection [128791380206912]  * "[IP] 172.19.0.1 [Port] 55504 [Flags] 2 [Guid] 131453982 [EditorId] 131453982 [Version] 1048832 [Id] LinuxEditor(16,192.168.0.21) [Debug] 1 [PackageName] LinuxEditor [ProjectName] Editor"

Player connection [128791380206912]  * "[IP] 172.20.0.1 [Port] 55504 [Flags] 2 [Guid] 131453982 [EditorId] 131453982 [Version] 1048832 [Id] LinuxEditor(16,192.168.0.21) [Debug] 1 [PackageName] LinuxEditor [ProjectName] Editor"

Player connection [128791380206912] Host joined multi-casting on [225.0.0.222:54997]...
Player connection [128791380206912] Host joined alternative multi-casting on [225.0.0.222:34997]...
Input System module state changed to: Initialized.
[Physics::Module] Initialized fallback backend.
[Physics::Module] Id: 0xdecafbad
[Package Manager] Connected to IPC stream "Upm-4036663" after 0.1 seconds.
Library Redirect Path: Library/
[Physics::Module] Selected backend.
[Physics::Module] Name: PhysX
[Physics::Module] Id: 0xf2b8ea05
[Physics::Module] SDK Version: 4.1.2
[Physics::Module] Integration Version: 1.0.0
[Physics::Module] Threading Mode: Multi-Threaded
Artifact Garbage Collection - Removed 1 unused hashed content filesRefreshing native plugins compatible for Editor in 0.09 ms, found 0 plugins.
Preloading 0 native plugins for Editor in 0.00 ms.
Initialize engine version: 6000.0.75f1 (26349cd2a5c8)
[Subsystems] Discovering subsystems at path ~/Unity/Hub/Editor/6000.0.75f1/Editor/Data/Resources/UnitySubsystems
[Subsystems] Discovering subsystems at path ~/wkspace/gc-studio/r4-b/games/hollowmere/Assets
kGfxThreadingModeNonThreaded is not supported on OpenGL Core. Reverting to kGfxThreadingModeDirect instead.
GfxDevice: creating device client; kGfxThreadingModeDirect
GLX Extensions: GLX_ARB_get_proc_address GLX_ARB_multisample GLX_EXT_visual_info GLX_EXT_visual_rating GLX_EXT_import_context GLX_SGI_video_sync GLX_SGIX_fbconfig GLX_SGIX_pbuffer GLX_SGI_swap_control GLX_EXT_swap_control GLX_EXT_swap_control_tear GLX_EXT_buffer_age GLX_ARB_create_context GLX_ARB_create_context_profile GLX_NV_float_buffer GLX_ARB_fbconfig_float GLX_EXT_texture_from_pixmap GLX_EXT_framebuffer_sRGB GLX_NV_copy_image GLX_EXT_create_context_es_profile GLX_EXT_create_context_es2_profile GLX_ARB_create_context_no_error GLX_ARB_create_context_robustness GLX_NV_delay_before_swap GLX_EXT_stereo_tree GLX_ARB_context_flush_control GLX_NV_robustness_video_memory_purge GLX_NV_multigpu_context
Renderer: NVIDIA GeForce RTX 4060 Ti/PCIe/SSE2
Vendor:   NVIDIA Corporation
Version:  4.5.0 NVIDIA 595.84
GLES:     0
 GL_AMD_multi_draw_indirect GL_AMD_seamless_cubemap_per_texture GL_AMD_vertex_shader_viewport_index GL_AMD_vertex_shader_layer GL_ARB_arrays_of_arrays GL_ARB_base_instance GL_ARB_bindless_texture GL_ARB_blend_func_extended GL_ARB_buffer_storage GL_ARB_clear_buffer_object GL_ARB_clear_texture GL_ARB_clip_control GL_ARB_color_buffer_float GL_ARB_compressed_texture_pixel_storage GL_ARB_conservative_depth GL_ARB_compute_shader GL_ARB_compute_variable_group_size GL_ARB_conditional_render_inverted GL_ARB_copy_buffer GL_ARB_copy_image GL_ARB_cull_distance GL_ARB_debug_output GL_ARB_depth_buffer_float GL_ARB_depth_clamp GL_ARB_depth_texture GL_ARB_derivative_control GL_ARB_direct_state_access GL_ARB_draw_buffers GL_ARB_draw_buffers_blend GL_ARB_draw_indirect GL_ARB_draw_elements_base_vertex GL_ARB_draw_instanced GL_ARB_enhanced_layouts GL_ARB_ES2_compatibility GL_ARB_ES3_compatibility GL_ARB_ES3_1_compatibility GL_ARB_ES3_2_compatibility GL_ARB_explicit_attrib_location GL_ARB_explicit_uniform_location GL_ARB_fragmen
t_coord_conventions GL_ARB_fragment_layer_viewport GL_ARB_fragment_program GL_ARB_fragment_program_shadow GL_ARB_fragment_shader GL_ARB_fragment_shader_interlock GL_ARB_framebuffer_no_attachments GL_ARB_framebuffer_object GL_ARB_framebuffer_sRGB GL_ARB_geometry_shader4 GL_ARB_get_program_binary GL_ARB_get_texture_sub_image GL_ARB_gl_spirv GL_ARB_gpu_shader5 GL_ARB_gpu_shader_fp64 GL_ARB_gpu_shader_int64 GL_ARB_half_float_pixel GL_ARB_half_float_vertex GL_ARB_imaging GL_ARB_indirect_parameters GL_ARB_instanced_arrays GL_ARB_internalformat_query GL_ARB_internalformat_query2 GL_ARB_invalidate_subdata GL_ARB_map_buffer_alignment GL_ARB_map_buffer_range GL_ARB_multi_bind GL_ARB_multi_draw_indirect GL_ARB_multisample GL_ARB_multitexture GL_ARB_occlusion_query GL_ARB_occlusion_query2 GL_ARB_parallel_shader_compile GL_ARB_pipeline_statistics_query GL_ARB_pixel_buffer_object GL_ARB_point_parameters GL_ARB_point_sprite GL_ARB_polygon_offset_clamp GL_ARB_post_depth_coverage GL_ARB_program_interface_query GL_ARB_provoki
ng_vertex GL_ARB_query_buffer_object GL_ARB_robust_buffer_access_behavior GL_ARB_robustness GL_ARB_sample_locations GL_ARB_sample_shading GL_ARB_sampler_objects GL_ARB_seamless_cube_map GL_ARB_seamless_cubemap_per_texture GL_ARB_separate_shader_objects GL_ARB_shader_atomic_counter_ops GL_ARB_shader_atomic_counters GL_ARB_shader_ballot GL_ARB_shader_bit_encoding GL_ARB_shader_clock GL_ARB_shader_draw_parameters GL_ARB_shader_group_vote GL_ARB_shader_image_load_store GL_ARB_shader_image_size GL_ARB_shader_objects GL_ARB_shader_precision GL_ARB_shader_storage_buffer_object GL_ARB_shader_subroutine GL_ARB_shader_texture_image_samples GL_ARB_shader_texture_lod GL_ARB_shading_language_100 GL_ARB_shader_viewport_layer_array GL_ARB_shading_language_420pack GL_ARB_shading_language_include GL_ARB_shading_language_packing GL_ARB_shadow GL_ARB_sparse_buffer GL_ARB_sparse_texture GL_ARB_sparse_texture2 GL_ARB_sparse_texture_clamp GL_ARB_spirv_extensions GL_ARB_stencil_texturing GL_ARB_sync GL_ARB_tessellation_shader GL_A
RB_texture_barrier GL_ARB_texture_border_clamp GL_ARB_texture_buffer_object GL_ARB_texture_buffer_object_rgb32 GL_ARB_texture_buffer_range GL_ARB_texture_compression GL_ARB_texture_compression_bptc GL_ARB_texture_compression_rgtc GL_ARB_texture_cube_map GL_ARB_texture_cube_map_array GL_ARB_texture_env_add GL_ARB_texture_env_combine GL_ARB_texture_env_crossbar GL_ARB_texture_env_dot3 GL_ARB_texture_filter_anisotropic GL_ARB_texture_filter_minmax GL_ARB_texture_float GL_ARB_texture_gather GL_ARB_texture_mirror_clamp_to_edge GL_ARB_texture_mirrored_repeat GL_ARB_texture_multisample GL_ARB_texture_non_power_of_two GL_ARB_texture_query_levels GL_ARB_texture_query_lod GL_ARB_texture_rectangle GL_ARB_texture_rg GL_ARB_texture_rgb10_a2ui GL_ARB_texture_stencil8 GL_ARB_texture_storage GL_ARB_texture_storage_multisample GL_ARB_texture_swizzle GL_ARB_texture_view GL_ARB_timer_query GL_ARB_transform_feedback2 GL_ARB_transform_feedback3 GL_ARB_transform_feedback_instanced GL_ARB_transform_feedback_overflow_query GL_ARB_t
ranspose_matrix GL_ARB_uniform_buffer_object GL_ARB_vertex_array_bgra GL_ARB_vertex_array_object GL_ARB_vertex_attrib_64bit GL_ARB_vertex_attrib_binding GL_ARB_vertex_buffer_object GL_ARB_vertex_program GL_ARB_vertex_shader GL_ARB_vertex_type_10f_11f_11f_rev GL_ARB_vertex_type_2_10_10_10_rev GL_ARB_viewport_array GL_ARB_window_pos GL_ATI_draw_buffers GL_ATI_texture_float GL_ATI_texture_mirror_once GL_S3_s3tc GL_EXT_texture_env_add GL_EXT_abgr GL_EXT_bgra GL_EXT_bindable_uniform GL_EXT_blend_color GL_EXT_blend_equation_separate GL_EXT_blend_func_separate GL_EXT_blend_minmax GL_EXT_blend_subtract GL_EXT_compiled_vertex_array GL_EXT_Cg_shader GL_EXT_depth_bounds_test GL_EXT_direct_state_access GL_EXT_draw_buffers2 GL_EXT_draw_instanced GL_EXT_draw_range_elements GL_EXT_fog_coord GL_EXT_framebuffer_blit GL_EXT_framebuffer_multisample GL_EXTX_framebuffer_mixed_formats GL_EXT_framebuffer_multisample_blit_scaled GL_EXT_framebuffer_object GL_EXT_framebuffer_sRGB GL_EXT_geometry_shader4 GL_EXT_gpu_program_parameters
GL_EXT_gpu_shader4 GL_EXT_multi_draw_arrays GL_EXT_multiview_texture_multisample GL_EXT_multiview_timer_query GL_EXT_packed_depth_stencil GL_EXT_packed_float GL_EXT_packed_pixels GL_EXT_pixel_buffer_object GL_EXT_point_parameters GL_EXT_polygon_offset_clamp GL_EXT_post_depth_coverage GL_EXT_provoking_vertex GL_EXT_raster_multisample GL_EXT_rescale_normal GL_EXT_secondary_color GL_EXT_separate_shader_objects GL_EXT_separate_specular_color GL_EXT_shader_image_load_formatted GL_EXT_shader_image_load_store GL_EXT_shader_integer_mix GL_EXT_shadow_funcs GL_EXT_sparse_texture2 GL_EXT_stencil_two_side GL_EXT_stencil_wrap GL_EXT_texture3D GL_EXT_texture_array GL_EXT_texture_buffer_object GL_EXT_texture_compression_dxt1 GL_EXT_texture_compression_latc GL_EXT_texture_compression_rgtc GL_EXT_texture_compression_s3tc GL_EXT_texture_cube_map GL_EXT_texture_edge_clamp GL_EXT_texture_env_combine GL_EXT_texture_env_dot3 GL_EXT_texture_filter_anisotropic GL_EXT_texture_filter_minmax GL_EXT_texture_integer GL_EXT_texture_lod G
L_EXT_texture_lod_bias GL_EXT_texture_mirror_clamp GL_EXT_texture_object GL_EXT_texture_shadow_lod GL_EXT_texture_shared_exponent GL_EXT_texture_sRGB GL_EXT_texture_sRGB_R8 GL_EXT_texture_sRGB_decode GL_EXT_texture_storage GL_EXT_texture_swizzle GL_EXT_timer_query GL_EXT_transform_feedback2 GL_EXT_vertex_array GL_EXT_vertex_array_bgra GL_EXT_vertex_attrib_64bit GL_EXT_window_rectangles GL_EXT_x11_sync_object GL_EXT_import_sync_object GL_NV_robustness_video_memory_purge GL_IBM_rasterpos_clip GL_IBM_texture_mirrored_repeat GL_KHR_context_flush_control GL_KHR_debug GL_EXT_memory_object GL_EXT_memory_object_fd GL_NV_memory_object_sparse GL_KHR_parallel_shader_compile GL_KHR_no_error GL_KHR_robust_buffer_access_behavior GL_KHR_robustness GL_EXT_semaphore GL_EXT_semaphore_fd GL_NV_timeline_semaphore GL_KHR_shader_subgroup GL_KTX_buffer_region GL_NV_alpha_to_coverage_dither_control GL_NV_bindless_multi_draw_indirect GL_NV_bindless_multi_draw_indirect_count GL_NV_bindless_texture GL_NV_blend_equation_advanced GL_NV_
blend_equation_advanced_coherent GL_NVX_blend_equation_advanced_multi_draw_buffers GL_NV_blend_minmax_factor GL_NV_blend_square GL_NV_clip_space_w_scaling GL_NV_command_list GL_NV_compute_program5 GL_NV_compute_shader_derivatives GL_NV_conditional_render GL_NV_conservative_raster GL_NV_conservative_raster_dilate GL_NV_conservative_raster_pre_snap GL_NV_conservative_raster_pre_snap_triangles GL_NV_conservative_raster_underestimation GL_NV_copy_depth_to_color GL_NV_copy_image GL_NV_depth_buffer_float GL_NV_depth_clamp GL_NV_draw_texture GL_NV_draw_vulkan_image GL_NV_ES1_1_compatibility GL_NV_ES3_1_compatibility GL_NV_explicit_multisample GL_NV_feature_query GL_NV_fence GL_NV_fill_rectangle GL_NV_float_buffer GL_NV_fog_distance GL_NV_fragment_coverage_to_color GL_NV_fragment_program GL_NV_fragment_program_option GL_NV_fragment_program2 GL_NV_fragment_shader_barycentric GL_NV_fragment_shader_interlock GL_NV_framebuffer_mixed_samples GL_NV_framebuffer_multisample_coverage GL_NV_geometry_shader4 GL_NV_geometry_sha
der_passthrough GL_NV_gpu_program4 GL_NV_internalformat_sample_query GL_NV_gpu_program4_1 GL_NV_gpu_program5 GL_NV_gpu_program5_mem_extended GL_NV_gpu_program_fp64 GL_NV_gpu_program_multiview GL_NV_gpu_shader5 GL_NV_half_float GL_NV_light_max_exponent GL_NV_memory_attachment GL_NV_mesh_shader GL_NV_multisample_coverage GL_NV_multisample_filter_hint GL_NV_occlusion_query GL_NV_packed_depth_stencil GL_NV_parameter_buffer_object GL_NV_parameter_buffer_object2 GL_NV_path_rendering GL_NV_path_rendering_shared_edge GL_NV_pixel_data_range GL_NV_point_sprite GL_NV_primitive_restart GL_NV_primitive_shading_rate GL_NV_query_resource GL_NV_query_resource_tag GL_NV_register_combiners GL_NV_register_combiners2 GL_NV_representative_fragment_test GL_NV_sample_locations GL_NV_sample_mask_override_coverage GL_NV_scissor_exclusive GL_NV_shader_atomic_counters GL_NV_shader_atomic_float GL_NV_shader_atomic_float64 GL_NV_shader_atomic_fp16_vector GL_NV_shader_atomic_int64 GL_NV_shader_buffer_load GL_NV_shader_storage_buffer_obje
ct GL_NV_shader_subgroup_partitioned GL_NV_shader_texture_footprint GL_NV_shading_rate_image GL_NV_stereo_view_rendering GL_NV_texgen_reflection GL_NV_texture_barrier GL_NV_texture_compression_vtc GL_NV_texture_dirty_tile_map GL_NV_texture_env_combine4 GL_NV_texture_multisample GL_NV_texture_rectangle GL_NV_texture_rectangle_compressed GL_NV_texture_shader GL_NV_texture_shader2 GL_NV_texture_shader3 GL_NV_transform_feedback GL_NV_transform_feedback2 GL_NV_uniform_buffer_unified_memory GL_NV_uniform_buffer_std430_layout GL_NV_vdpau_interop GL_NV_vdpau_interop2 GL_NV_vertex_array_range GL_NV_vertex_array_range2 GL_NV_vertex_attrib_integer_64bit GL_NV_vertex_buffer_unified_memory GL_NV_vertex_program GL_NV_vertex_program1_1 GL_NV_vertex_program2 GL_NV_vertex_program2_option GL_NV_vertex_program3 GL_NV_viewport_array2 GL_NV_viewport_swizzle GL_NVX_conditional_render GL_NV_gpu_multicast GL_NVX_progress_fence GL_NVX_gpu_memory_info GL_NVX_nvenc_interop GL_NV_shader_thread_group GL_NV_shader_thread_shuffle GL_KHR_b
lend_equation_advanced GL_KHR_blend_equation_advanced_coherent GL_OVR_multiview GL_OVR_multiview2 GL_SGIS_generate_mipmap GL_SGIS_texture_lod GL_SGIX_depth_texture GL_SGIX_shadow GL_SUN_slice_accum
OPENGL LOG: Creating OpenGL 4.5 graphics device ; Context level  <OpenGL 4.5> ; Context handle 1322265784
Initialize mono
Mono path[0] = '~/Unity/Hub/Editor/6000.0.75f1/Editor/Data/Managed'
Mono path[1] = '~/Unity/Hub/Editor/6000.0.75f1/Editor/Data/MonoBleedingEdge/lib/mono/unityjit-linux'
Mono config path = '~/Unity/Hub/Editor/6000.0.75f1/Editor/Data/MonoBleedingEdge/etc'
Using monoOptions --debugger-agent=transport=dt_socket,embedding=1,server=y,suspend=n,address=127.0.0.1:56663
Using cacheserver namespaces - metadata:defaultmetadata, artifacts:defaultartifacts
Using cacheserver namespaces - metadata:defaultmetadata, artifacts:defaultartifacts
ImportWorker Server TCP listen port: 0
AcceleratorClientConnectionCallback - disconnected - :0
Begin MonoManager ReloadAssembly
Registering precompiled unity dll's ...
Register platform support module: ~/Unity/Hub/Editor/6000.0.75f1/Editor/Data/PlaybackEngines/MacStandaloneSupport/UnityEditor.OSXStandalone.Extensions.dll
Register platform support module: ~/Unity/Hub/Editor/6000.0.75f1/Editor/Data/PlaybackEngines/LinuxStandaloneSupport/UnityEditor.LinuxStandalone.Extensions.dll
Registered in 0.000948 seconds.
- Loaded All Assemblies, in  0.222 seconds
Native extension for LinuxStandalone target not found
Package Manager log level set to [2]
[Licensing::Client] Successfully resolved entitlement details
Native extension for OSXStandalone target not found
Mono: successfully reloaded assembly
- Finished resetting the current domain, in 18.908 seconds
Domain Reload Profiling: 19130ms
	BeginReloadAssembly (56ms)
		ExecutionOrderSort (0ms)
		DisableScriptedObjects (0ms)
		BackupInstance (0ms)
		ReleaseScriptingObjects (0ms)
		CreateAndSetChildDomain (0ms)
	RebuildCommonClasses (25ms)
	RebuildNativeTypeToScriptingClass (5ms)
	initialDomainReloadingComplete (37ms)
	LoadAllAssembliesAndSetupDomain (98ms)
		LoadAssemblies (56ms)
		RebuildTransferFunctionScriptingTraits (0ms)
		AnalyzeDomain (97ms)
			TypeCache.Refresh (96ms)
				TypeCache.ScanAssembly (87ms)
			BuildScriptInfoCaches (0ms)
			ResolveRequiredComponents (0ms)
	FinalizeReload (18909ms)
		ReleaseScriptCaches (0ms)
		RebuildScriptCaches (0ms)
		SetupLoadedEditorAssemblies (18885ms)
			LogAssemblyErrors (0ms)
			InitializePlatformSupportModulesInManaged (18702ms)
			SetLoadedEditorAssemblies (4ms)
			BeforeProcessingInitializeOnLoad (41ms)
			ProcessInitializeOnLoadAttributes (90ms)
			ProcessInitializeOnLoadMethodAttributes (48ms)
			AfterProcessingInitializeOnLoad (0ms)
			EditorAssembliesLoaded (0ms)
		ExecutionOrderSort2 (0ms)
		AwakeInstancesAfterBackupRestoration (0ms)
[Licensing::Client] Successfully resolved entitlement details
Application.AssetDatabase Initial Refresh Start
[Package Manager] Restoring resolved packages state from cache
[Licensing::Client] Successfully resolved entitlement details
[Package Manager] Registered 76 packages:
  Packages from [https://packages.unity.com]:
    com.unity.ai.navigation@2.0.12 (location: ~/wkspace/gc-studio/r4-b/games/hollowmere/Library/PackageCache/com.unity.ai.navigation@734c2c4c5591)
    com.unity.burst@1.8.28 (location: ~/wkspace/gc-studio/r4-b/games/hollowmere/Library/PackageCache/com.unity.burst@07790c2d06d9)
    com.unity.collections@2.6.6 (location: ~/wkspace/gc-studio/r4-b/games/hollowmere/Library/PackageCache/com.unity.collections@9796e5ee0d9e)
    com.unity.entities@1.4.6 (location: ~/wkspace/gc-studio/r4-b/games/hollowmere/Library/PackageCache/com.unity.entities@e90944159b94)
    com.unity.inputsystem@1.19.0 (location: ~/wkspace/gc-studio/r4-b/games/hollowmere/Library/PackageCache/com.unity.inputsystem@21a28c3a6c83)
    com.unity.mathematics@1.3.2 (location: ~/wkspace/gc-studio/r4-b/games/hollowmere/Library/PackageCache/com.unity.mathematics@8017b507cc74)
    com.unity.nuget.newtonsoft-json@3.2.1 (location: ~/wkspace/gc-studio/r4-b/games/hollowmere/Library/PackageCache/com.unity.nuget.newtonsoft-json@74deb55db2a0)
    com.unity.toolchain.linux-x86_64@2.0.11 (location: ~/wkspace/gc-studio/r4-b/games/hollowmere/Library/PackageCache/com.unity.toolchain.linux-x86_64@53b88ff74b51)
    com.unity.sysroot@2.0.10 (location: ~/wkspace/gc-studio/r4-b/games/hollowmere/Library/PackageCache/com.unity.sysroot@7bbbb9339c14)
    com.unity.sysroot.linux-x86_64@2.0.9 (location: ~/wkspace/gc-studio/r4-b/games/hollowmere/Library/PackageCache/com.unity.sysroot.linux-x86_64@1998d1c7730e)
    com.unity.serialization@3.1.5 (location: ~/wkspace/gc-studio/r4-b/games/hollowmere/Library/PackageCache/com.unity.serialization@c463b52e88d7)
    com.unity.profiling.core@1.0.3 (location: ~/wkspace/gc-studio/r4-b/games/hollowmere/Library/PackageCache/com.unity.profiling.core@8a49f7027d06)
    com.unity.nuget.mono-cecil@1.11.6 (location: ~/wkspace/gc-studio/r4-b/games/hollowmere/Library/PackageCache/com.unity.nuget.mono-cecil@ecb9724e46ff)
    com.unity.scriptablebuildpipeline@2.6.1 (location: ~/wkspace/gc-studio/r4-b/games/hollowmere/Library/PackageCache/com.unity.scriptablebuildpipeline@36e3b5898ee2)
    com.unity.test-framework.performance@3.4.0 (location: ~/wkspace/gc-studio/r4-b/games/hollowmere/Library/PackageCache/com.unity.test-framework.performance@aa81a99c4a75)
    com.unity.searcher@4.9.3 (location: ~/wkspace/gc-studio/r4-b/games/hollowmere/Library/PackageCache/com.unity.searcher@1e17ce91558d)
  Built-in packages:
    com.unity.modules.ai@1.0.0 (location: ~/wkspace/gc-studio/r4-b/games/hollowmere/Library/PackageCache/com.unity.modules.ai)
    com.unity.modules.animation@1.0.0 (location: ~/wkspace/gc-studio/r4-b/games/hollowmere/Library/PackageCache/com.unity.modules.animation)
    com.unity.modules.audio@1.0.0 (location: ~/wkspace/gc-studio/r4-b/games/hollowmere/Library/PackageCache/com.unity.modules.audio)
    com.unity.modules.imageconversion@1.0.0 (location: ~/wkspace/gc-studio/r4-b/games/hollowmere/Library/PackageCache/com.unity.modules.imageconversion)
    com.unity.modules.imgui@1.0.0 (location: ~/wkspace/gc-studio/r4-b/games/hollowmere/Library/PackageCache/com.unity.modules.imgui)
    com.unity.modules.jsonserialize@1.0.0 (location: ~/wkspace/gc-studio/r4-b/games/hollowmere/Library/PackageCache/com.unity.modules.jsonserialize)
    com.unity.modules.physics@1.0.0 (location: ~/wkspace/gc-studio/r4-b/games/hollowmere/Library/PackageCache/com.unity.modules.physics)
    com.unity.modules.screencapture@1.0.0 (location: ~/wkspace/gc-studio/r4-b/games/hollowmere/Library/PackageCache/com.unity.modules.screencapture)
    com.unity.modules.ui@1.0.0 (location: ~/wkspace/gc-studio/r4-b/games/hollowmere/Library/PackageCache/com.unity.modules.ui)
    com.unity.modules.uielements@1.0.0 (location: ~/wkspace/gc-studio/r4-b/games/hollowmere/Library/PackageCache/com.unity.modules.uielements)
    com.unity.modules.unitywebrequest@1.0.0 (location: ~/wkspace/gc-studio/r4-b/games/hollowmere/Library/PackageCache/com.unity.modules.unitywebrequest)
    com.unity.modules.video@1.0.0 (location: ~/wkspace/gc-studio/r4-b/games/hollowmere/Library/PackageCache/com.unity.modules.video)
    com.unity.render-pipelines.universal@17.0.4 (location: ~/wkspace/gc-studio/r4-b/games/hollowmere/Library/PackageCache/com.unity.render-pipelines.universal@a1a2df1d8dcb)
    com.unity.test-framework@1.6.0 (location: ~/wkspace/gc-studio/r4-b/games/hollowmere/Library/PackageCache/com.unity.test-framework@bd52b1c23814)
    com.unity.ext.nunit@2.0.5 (location: ~/wkspace/gc-studio/r4-b/games/hollowmere/Library/PackageCache/com.unity.ext.nunit@b16e6d09cd93)
    com.unity.render-pipelines.core@17.0.4 (location: ~/wkspace/gc-studio/r4-b/games/hollowmere/Library/PackageCache/com.unity.render-pipelines.core@2fecbe5ecc80)
    com.unity.shadergraph@17.0.4 (location: ~/wkspace/gc-studio/r4-b/games/hollowmere/Library/PackageCache/com.unity.shadergraph@029994c473dc)
    com.unity.render-pipelines.universal-config@17.0.3 (location: ~/wkspace/gc-studio/r4-b/games/hollowmere/Library/PackageCache/com.unity.render-pipelines.universal-config@e48fefd716b5)
    com.unity.modules.hierarchycore@1.0.0 (location: ~/wkspace/gc-studio/r4-b/games/hollowmere/Library/PackageCache/com.unity.modules.hierarchycore)
    com.unity.modules.assetbundle@1.0.0 (location: ~/wkspace/gc-studio/r4-b/games/hollowmere/Library/PackageCache/com.unity.modules.assetbundle)
    com.unity.modules.unityanalytics@1.0.0 (location: ~/wkspace/gc-studio/r4-b/games/hollowmere/Library/PackageCache/com.unity.modules.unityanalytics)
    com.unity.ugui@2.0.0 (location: ~/wkspace/gc-studio/r4-b/games/hollowmere/Library/PackageCache/com.unity.ugui@a477a4a18974)
    com.unity.modules.terrain@1.0.0 (location: ~/wkspace/gc-studio/r4-b/games/hollowmere/Library/PackageCache/com.unity.modules.terrain)
    com.unity.rendering.light-transport@1.0.1 (location: ~/wkspace/gc-studio/r4-b/games/hollowmere/Library/PackageCache/com.unity.rendering.light-transport@fd597d1a9e15)
  Local packages:
    com.gamecore.composition@file:~/wkspace/gc-studio/r4-b/Packages/com.gamecore.composition (location: ~/wkspace/gc-studio/r4-b/Packages/com.gamecore.composition)
    com.gamecore.content.compiler@file:~/wkspace/gc-studio/r4-b/Packages/com.gamecore.content.compiler (location: ~/wkspace/gc-studio/r4-b/Packages/com.gamecore.content.compiler)
    com.gamecore.contracts@file:~/wkspace/gc-studio/r4-b/Packages/com.gamecore.contracts (location: ~/wkspace/gc-studio/r4-b/Packages/com.gamecore.contracts)
    com.gamecore.derivation@file:~/wkspace/gc-studio/r4-b/Packages/com.gamecore.derivation (location: ~/wkspace/gc-studio/r4-b/Packages/com.gamecore.derivation)
    com.gamecore.gameplay.audio@file:~/wkspace/gc-studio/r4-b/Packages/com.gamecore.gameplay.audio (location: ~/wkspace/gc-studio/r4-b/Packages/com.gamecore.gameplay.audio)
    com.gamecore.gameplay.cards@file:~/wkspace/gc-studio/r4-b/Packages/com.gamecore.gameplay.cards (location: ~/wkspace/gc-studio/r4-b/Packages/com.gamecore.gameplay.cards)
    com.gamecore.gameplay.compile@file:~/wkspace/gc-studio/r4-b/Packages/com.gamecore.gameplay.compile (location: ~/wkspace/gc-studio/r4-b/Packages/com.gamecore.gameplay.compile)
    com.gamecore.gameplay.contracts@file:~/wkspace/gc-studio/r4-b/Packages/com.gamecore.gameplay.contracts (location: ~/wkspace/gc-studio/r4-b/Packages/com.gamecore.gameplay.contracts)
    com.gamecore.gameplay.dialogue@file:~/wkspace/gc-studio/r4-b/Packages/com.gamecore.gameplay.dialogue (location: ~/wkspace/gc-studio/r4-b/Packages/com.gamecore.gameplay.dialogue)
    com.gamecore.gameplay.entities@file:~/wkspace/gc-studio/r4-b/Packages/com.gamecore.gameplay.entities (location: ~/wkspace/gc-studio/r4-b/Packages/com.gamecore.gameplay.entities)
    com.gamecore.gameplay.integration@file:~/wkspace/gc-studio/r4-b/Packages/com.gamecore.gameplay.integration (location: ~/wkspace/gc-studio/r4-b/Packages/com.gamecore.gameplay.integration)
    com.gamecore.gameplay.interaction@file:~/wkspace/gc-studio/r4-b/Packages/com.gamecore.gameplay.interaction (location: ~/wkspace/gc-studio/r4-b/Packages/com.gamecore.gameplay.interaction)
    com.gamecore.gameplay.inventory@file:~/wkspace/gc-studio/r4-b/Packages/com.gamecore.gameplay.inventory (location: ~/wkspace/gc-studio/r4-b/Packages/com.gamecore.gameplay.inventory)
    com.gamecore.gameplay.logic@file:~/wkspace/gc-studio/r4-b/Packages/com.gamecore.gameplay.logic (location: ~/wkspace/gc-studio/r4-b/Packages/com.gamecore.gameplay.logic)
    com.gamecore.gameplay.narrative@file:~/wkspace/gc-studio/r4-b/Packages/com.gamecore.gameplay.narrative (location: ~/wkspace/gc-studio/r4-b/Packages/com.gamecore.gameplay.narrative)
    com.gamecore.gameplay.npc@file:~/wkspace/gc-studio/r4-b/Packages/com.gamecore.gameplay.npc (location: ~/wkspace/gc-studio/r4-b/Packages/com.gamecore.gameplay.npc)
    com.gamecore.gameplay.player@file:~/wkspace/gc-studio/r4-b/Packages/com.gamecore.gameplay.player (location: ~/wkspace/gc-studio/r4-b/Packages/com.gamecore.gameplay.player)
    com.gamecore.gameplay.quest@file:~/wkspace/gc-studio/r4-b/Packages/com.gamecore.gameplay.quest (location: ~/wkspace/gc-studio/r4-b/Packages/com.gamecore.gameplay.quest)
    com.gamecore.gameplay.rewards@file:~/wkspace/gc-studio/r4-b/Packages/com.gamecore.gameplay.rewards (location: ~/wkspace/gc-studio/r4-b/Packages/com.gamecore.gameplay.rewards)
    com.gamecore.gameplay.save@file:~/wkspace/gc-studio/r4-b/Packages/com.gamecore.gameplay.save (location: ~/wkspace/gc-studio/r4-b/Packages/com.gamecore.gameplay.save)
    com.gamecore.gameplay.traversal@file:~/wkspace/gc-studio/r4-b/Packages/com.gamecore.gameplay.traversal (location: ~/wkspace/gc-studio/r4-b/Packages/com.gamecore.gameplay.traversal)
    com.gamecore.gameplay.ui@file:~/wkspace/gc-studio/r4-b/Packages/com.gamecore.gameplay.ui (location: ~/wkspace/gc-studio/r4-b/Packages/com.gamecore.gameplay.ui)
    com.gamecore.gameplay.world@file:~/wkspace/gc-studio/r4-b/Packages/com.gamecore.gameplay.world (location: ~/wkspace/gc-studio/r4-b/Packages/com.gamecore.gameplay.world)
    com.gamecore.planning@file:~/wkspace/gc-studio/r4-b/Packages/com.gamecore.planning (location: ~/wkspace/gc-studio/r4-b/Packages/com.gamecore.planning)
    com.gamecore.rules.cards@file:~/wkspace/gc-studio/r4-b/Packages/com.gamecore.rules.cards (location: ~/wkspace/gc-studio/r4-b/Packages/com.gamecore.rules.cards)
    com.gamecore.rules.gameplay@file:~/wkspace/gc-studio/r4-b/Packages/com.gamecore.rules.gameplay (location: ~/wkspace/gc-studio/r4-b/Packages/com.gamecore.rules.gameplay)
    com.gamecore.rules.narrative@file:~/wkspace/gc-studio/r4-b/Packages/com.gamecore.rules.narrative (location: ~/wkspace/gc-studio/r4-b/Packages/com.gamecore.rules.narrative)
    com.gamecore.rules.traversal@file:~/wkspace/gc-studio/r4-b/Packages/com.gamecore.rules.traversal (location: ~/wkspace/gc-studio/r4-b/Packages/com.gamecore.rules.traversal)
    com.gamecore.studio.core@file:~/wkspace/gc-studio/r4-b/Packages/com.gamecore.studio.core (location: ~/wkspace/gc-studio/r4-b/Packages/com.gamecore.studio.core)
    com.gamecore.studio.etos@file:~/wkspace/gc-studio/r4-b/Packages/com.gamecore.studio.etos (location: ~/wkspace/gc-studio/r4-b/Packages/com.gamecore.studio.etos)
    com.gamecore.studio.gameplay@file:~/wkspace/gc-studio/r4-b/Packages/com.gamecore.studio.gameplay (location: ~/wkspace/gc-studio/r4-b/Packages/com.gamecore.studio.gameplay)
    com.gamecore.studio.ui@file:~/wkspace/gc-studio/r4-b/Packages/com.gamecore.studio.ui (location: ~/wkspace/gc-studio/r4-b/Packages/com.gamecore.studio.ui)
    com.gamecore.studio.views@file:~/wkspace/gc-studio/r4-b/Packages/com.gamecore.studio.views (location: ~/wkspace/gc-studio/r4-b/Packages/com.gamecore.studio.views)
    com.gamecore.unity.adapters@file:~/wkspace/gc-studio/r4-b/Packages/com.gamecore.unity.adapters (location: ~/wkspace/gc-studio/r4-b/Packages/com.gamecore.unity.adapters)
    com.gamecore.unity.app@file:~/wkspace/gc-studio/r4-b/Packages/com.gamecore.unity.app (location: ~/wkspace/gc-studio/r4-b/Packages/com.gamecore.unity.app)
    com.gamecore.unity.runtime@file:~/wkspace/gc-studio/r4-b/Packages/com.gamecore.unity.runtime (location: ~/wkspace/gc-studio/r4-b/Packages/com.gamecore.unity.runtime)
[Subsystems] No new subsystems found in resolved package list.
[Package Manager] Done registering packages in 0.00 seconds
A meta data file (.meta) exists but its folder 'Packages/com.gamecore.studio.gameplay/Tests~' can't be found, and has been created. Empty directories cannot be stored in version control, so it's assumed that the meta data file is for an empty directory in version control. When moving or deleting folders outside of Unity, please ensure that the corresponding .meta file is moved or deleted along with it.
Assembly reference Packages/com.unity.entities/Unity.Scenes.Editor/Internals/Properties/Unity.Properties.Internals.asmref has no target assembly definition
Assembly reference Packages/com.unity.entities/Unity.Scenes.Editor/Internals/Properties/Unity.Properties.Internals.asmref has no target assembly definition
[ScriptCompilation] Requested script compilation because: Assetdatabase observed changes in script compilation related files
[40m[32minfo[39m[22m[49m: Microsoft.Hosting.Lifetime[14]
      Now listening on: http://unix:/tmp/ilpp.sock-42c25f9fee2c4036d6a0e49c24b6fd41
[40m[32minfo[39m[22m[49m: Microsoft.Hosting.Lifetime[0]
      Application started. Press Ctrl+C to shut down.
[40m[32minfo[39m[22m[49m: Microsoft.Hosting.Lifetime[0]
      Hosting environment: Production
[40m[32minfo[39m[22m[49m: Microsoft.Hosting.Lifetime[0]
      Content root path: ~/wkspace/gc-studio/r4-b/games/hollowmere/
[40m[32minfo[39m[22m[49m: Microsoft.AspNetCore.Hosting.Diagnostics[1]
      Request starting HTTP/2 POST http://ilpp/UnityILPP.PostProcessing/Ping application/grpc -
[40m[32minfo[39m[22m[49m: Microsoft.AspNetCore.Routing.EndpointMiddleware[0]
      Executing endpoint 'gRPC - /UnityILPP.PostProcessing/Ping'
[40m[32minfo[39m[22m[49m: Microsoft.AspNetCore.Routing.EndpointMiddleware[1]
      Executed endpoint 'gRPC - /UnityILPP.PostProcessing/Ping'
[40m[32minfo[39m[22m[49m: Microsoft.AspNetCore.Hosting.Diagnostics[2]
      Request finished HTTP/2 POST http://ilpp/UnityILPP.PostProcessing/Ping application/grpc - - 200 - application/grpc 30.2906ms
Starting: ~/Unity/Hub/Editor/6000.0.75f1/Editor/Data/bee_backend --ipc --defer-dag-verification --dagfile="Library/Bee/2400b0aE.dag" --continue-on-failure --profile="Library/Bee/backend1.traceevents" ScriptAssemblies
WorkingDir: ~/wkspace/gc-studio/r4-b/games/hollowmere
[40m[32minfo[39m[22m[49m: Microsoft.AspNetCore.Hosting.Diagnostics[1]
      Request starting HTTP/2 POST http://ilpp/UnityILPP.PostProcessing/ConfigurePostProcessors application/grpc -
[40m[32minfo[39m[22m[49m: Microsoft.AspNetCore.Routing.EndpointMiddleware[0]
      Executing endpoint 'gRPC - /UnityILPP.PostProcessing/ConfigurePostProcessors'
[40m[1m[33mwarn[39m[22m[49m: Unity.ILPP.Runner.PostProcessingAssemblyLoadContext[0]
      Assembly system.runtime.interopservices.windowsruntime has duplicate hint path. Ignoring "~/Unity/Hub/Editor/6000.0.75f1/Editor/Data/UnityReferenceAssemblies/unity-4.8-api/Facades/System.Runtime.InteropServices.WindowsRuntime.dll" in favor of "~/Unity/Hub/Editor/6000.0.75f1/Editor/Data/NetStandard/Extensions/2.0.0/System.Runtime.InteropServices.WindowsRuntime.dll"
[40m[1m[33mwarn[39m[22m[49m: Unity.ILPP.Runner.PostProcessingAssemblyLoadContext[0]
      Assembly system.componentmodel.composition has duplicate hint path. Ignoring "~/Unity/Hub/Editor/6000.0.75f1/Editor/Data/UnityReferenceAssemblies/unity-4.8-api/System.ComponentModel.Composition.dll" in favor of "~/Unity/Hub/Editor/6000.0.75f1/Editor/Data/NetStandard/compat/2.1.0/shims/netfx/System.ComponentModel.Composition.dll"
[40m[32minfo[39m[22m[49m: Unity.ILPP.Runner.PostProcessingAssemblyLoadContext[0]
      Resolved Unity.Burst.Cecil, Version=0.11.4.0, Culture=neutral, PublicKeyToken=50cebf1cceb9d05e with Library/PackageCache/com.unity.burst@07790c2d06d9/Unity.Burst.CodeGen/Unity.Burst.Cecil.dll
[40m[32minfo[39m[22m[49m: Unity.ILPP.Runner.PostProcessingAssemblyLoadContext[0]
      Resolved Mono.Cecil, Version=0.11.5.0, Culture=neutral, PublicKeyToken=50cebf1cceb9d05e with Library/PackageCache/com.unity.nuget.mono-cecil@ecb9724e46ff/Mono.Cecil.dll
[40m[32minfo[39m[22m[49m: Unity.ILPP.Runner.PostProcessingAssemblyLoadContext[0]
      Resolved Unity.Entities, Version=0.0.0.0, Culture=neutral, PublicKeyToken=null with Library/Bee/artifacts/2400b0aE.dag/Unity.Entities.dll
[40m[32minfo[39m[22m[49m: Microsoft.AspNetCore.Routing.EndpointMiddleware[1]
      Executed endpoint 'gRPC - /UnityILPP.PostProcessing/ConfigurePostProcessors'
[40m[32minfo[39m[22m[49m: Microsoft.AspNetCore.Hosting.Diagnostics[2]
      Request finished HTTP/2 POST http://ilpp/UnityILPP.PostProcessing/ConfigurePostProcessors application/grpc - - 200 - application/grpc 35.3988ms
[40m[32minfo[39m[22m[49m: Microsoft.AspNetCore.Hosting.Diagnostics[1]
      Request starting HTTP/2 POST http://ilpp/UnityILPP.PostProcessing/PostProcessAssembly application/grpc -
[40m[32minfo[39m[22m[49m: Microsoft.AspNetCore.Routing.EndpointMiddleware[0]
      Executing endpoint 'gRPC - /UnityILPP.PostProcessing/PostProcessAssembly'
[40m[32minfo[39m[22m[49m: Unity.ILPP.Runner.PostProcessingPipeline[0]
      Processing assembly Library/Bee/artifacts/2400b0aE.dag/GameCore.Studio.UI.Editor.dll, with 122 defines and 265 references
[40m[32minfo[39m[22m[49m: Unity.ILPP.Runner.PostProcessingPipeline[0]
      processors: Unity.Entities.CodeGen.EntitiesILPostProcessors, Unity.Jobs.CodeGen.JobsILPostProcessor, zzzUnity.Burst.CodeGen.BurstILPostProcessor
[40m[32minfo[39m[22m[49m: Unity.ILPP.Runner.PostProcessingPipeline[0]
      running Unity.Entities.CodeGen.EntitiesILPostProcessors
[40m[32minfo[39m[22m[49m: Unity.ILPP.Runner.PostProcessingPipeline[0]
      running Unity.Jobs.CodeGen.JobsILPostProcessor
[40m[32minfo[39m[22m[49m: Unity.ILPP.Runner.PostProcessingPipeline[0]
      running zzzUnity.Burst.CodeGen.BurstILPostProcessor
[40m[32minfo[39m[22m[49m: Microsoft.AspNetCore.Routing.EndpointMiddleware[1]
      Executed endpoint 'gRPC - /UnityILPP.PostProcessing/PostProcessAssembly'
[40m[32minfo[39m[22m[49m: Microsoft.AspNetCore.Hosting.Diagnostics[2]
      Request finished HTTP/2 POST http://ilpp/UnityILPP.PostProcessing/PostProcessAssembly application/grpc - - 200 - application/grpc 12.4910ms
[40m[32minfo[39m[22m[49m: Microsoft.AspNetCore.Hosting.Diagnostics[1]
      Request starting HTTP/2 POST http://ilpp/UnityILPP.PostProcessing/PostProcessAssembly application/grpc -
[40m[32minfo[39m[22m[49m: Microsoft.AspNetCore.Routing.EndpointMiddleware[0]
      Executing endpoint 'gRPC - /UnityILPP.PostProcessing/PostProcessAssembly'
[40m[32minfo[39m[22m[49m: Unity.ILPP.Runner.PostProcessingPipeline[0]
      Processing assembly Library/Bee/artifacts/2400b0aE.dag/GameCore.Studio.UI.Editor.Tests.dll, with 122 defines and 264 references
[40m[32minfo[39m[22m[49m: Unity.ILPP.Runner.PostProcessingPipeline[0]
      processors: Unity.Entities.CodeGen.EntitiesILPostProcessors, Unity.Jobs.CodeGen.JobsILPostProcessor, zzzUnity.Burst.CodeGen.BurstILPostProcessor
[40m[32minfo[39m[22m[49m: Unity.ILPP.Runner.PostProcessingPipeline[0]
      running Unity.Entities.CodeGen.EntitiesILPostProcessors
[40m[32minfo[39m[22m[49m: Unity.ILPP.Runner.PostProcessingPipeline[0]
      running Unity.Jobs.CodeGen.JobsILPostProcessor
[40m[32minfo[39m[22m[49m: Unity.ILPP.Runner.PostProcessingPipeline[0]
      running zzzUnity.Burst.CodeGen.BurstILPostProcessor
[40m[32minfo[39m[22m[49m: Microsoft.AspNetCore.Routing.EndpointMiddleware[1]
      Executed endpoint 'gRPC - /UnityILPP.PostProcessing/PostProcessAssembly'
[40m[32minfo[39m[22m[49m: Microsoft.AspNetCore.Hosting.Diagnostics[2]
      Request finished HTTP/2 POST http://ilpp/UnityILPP.PostProcessing/PostProcessAssembly application/grpc - - 200 - application/grpc 0.9699ms
[40m[32minfo[39m[22m[49m: Microsoft.AspNetCore.Hosting.Diagnostics[1]
      Request starting HTTP/2 POST http://ilpp/UnityILPP.PostProcessing/PostProcessAssembly application/grpc -
[40m[32minfo[39m[22m[49m: Microsoft.AspNetCore.Hosting.Diagnostics[1]
      Request starting HTTP/2 POST http://ilpp/UnityILPP.PostProcessing/PostProcessAssembly application/grpc -
[40m[32minfo[39m[22m[49m: Microsoft.AspNetCore.Routing.EndpointMiddleware[0]
      Executing endpoint 'gRPC - /UnityILPP.PostProcessing/PostProcessAssembly'
[40m[32minfo[39m[22m[49m: Microsoft.AspNetCore.Routing.EndpointMiddleware[0]
      Executing endpoint 'gRPC - /UnityILPP.PostProcessing/PostProcessAssembly'
[40m[32minfo[39m[22m[49m: Unity.ILPP.Runner.PostProcessingPipeline[0]
      Processing assembly Library/Bee/artifacts/2400b0aE.dag/Hollowmere.P2_1.EditMode.Tests.dll, with 122 defines and 261 references
[40m[32minfo[39m[22m[49m: Unity.ILPP.Runner.PostProcessingPipeline[0]
      processors: Unity.Entities.CodeGen.EntitiesILPostProcessors, Unity.Jobs.CodeGen.JobsILPostProcessor, zzzUnity.Burst.CodeGen.BurstILPostProcessor
[40m[32minfo[39m[22m[49m: Unity.ILPP.Runner.PostProcessingPipeline[0]
      Processing assembly Library/Bee/artifacts/2400b0aE.dag/Hollowmere.R3_B.EditMode.Tests.dll, with 122 defines and 268 references
[40m[32minfo[39m[22m[49m: Unity.ILPP.Runner.PostProcessingPipeline[0]
      processors: Unity.Entities.CodeGen.EntitiesILPostProcessors, Unity.Jobs.CodeGen.JobsILPostProcessor, zzzUnity.Burst.CodeGen.BurstILPostProcessor
[40m[32minfo[39m[22m[49m: Unity.ILPP.Runner.PostProcessingPipeline[0]
      running Unity.Entities.CodeGen.EntitiesILPostProcessors
[40m[32minfo[39m[22m[49m: Unity.ILPP.Runner.PostProcessingPipeline[0]
      running Unity.Jobs.CodeGen.JobsILPostProcessor
[40m[32minfo[39m[22m[49m: Unity.ILPP.Runner.PostProcessingPipeline[0]
      running Unity.Entities.CodeGen.EntitiesILPostProcessors
[40m[32minfo[39m[22m[49m: Unity.ILPP.Runner.PostProcessingPipeline[0]
      running zzzUnity.Burst.CodeGen.BurstILPostProcessor
[40m[32minfo[39m[22m[49m: Unity.ILPP.Runner.PostProcessingPipeline[0]
      running Unity.Jobs.CodeGen.JobsILPostProcessor
[40m[32minfo[39m[22m[49m: Unity.ILPP.Runner.PostProcessingPipeline[0]
      running zzzUnity.Burst.CodeGen.BurstILPostProcessor
[40m[32minfo[39m[22m[49m: Microsoft.AspNetCore.Routing.EndpointMiddleware[1]
      Executed endpoint 'gRPC - /UnityILPP.PostProcessing/PostProcessAssembly'
[40m[32minfo[39m[22m[49m: Microsoft.AspNetCore.Hosting.Diagnostics[2]
      Request finished HTTP/2 POST http://ilpp/UnityILPP.PostProcessing/PostProcessAssembly application/grpc - - 200 - application/grpc 0.7922ms
[40m[32minfo[39m[22m[49m: Microsoft.AspNetCore.Routing.EndpointMiddleware[1]
      Executed endpoint 'gRPC - /UnityILPP.PostProcessing/PostProcessAssembly'
[40m[32minfo[39m[22m[49m: Microsoft.AspNetCore.Hosting.Diagnostics[2]
      Request finished HTTP/2 POST http://ilpp/UnityILPP.PostProcessing/PostProcessAssembly application/grpc - - 200 - application/grpc 0.8297ms
[40m[32minfo[39m[22m[49m: Microsoft.AspNetCore.Hosting.Diagnostics[1]
      Request starting HTTP/2 POST http://ilpp/UnityILPP.PostProcessing/PostProcessAssembly application/grpc -
[40m[32minfo[39m[22m[49m: Microsoft.AspNetCore.Routing.EndpointMiddleware[0]
      Executing endpoint 'gRPC - /UnityILPP.PostProcessing/PostProcessAssembly'
[40m[32minfo[39m[22m[49m: Unity.ILPP.Runner.PostProcessingPipeline[0]
      Processing assembly Library/Bee/artifacts/2400b0aE.dag/Hollowmere.P2_1.Evidence.dll, with 122 defines and 273 references
[40m[32minfo[39m[22m[49m: Unity.ILPP.Runner.PostProcessingPipeline[0]
      processors: Unity.Entities.CodeGen.EntitiesILPostProcessors, Unity.Jobs.CodeGen.JobsILPostProcessor, zzzUnity.Burst.CodeGen.BurstILPostProcessor
[40m[32minfo[39m[22m[49m: Unity.ILPP.Runner.PostProcessingPipeline[0]
      running Unity.Entities.CodeGen.EntitiesILPostProcessors
[40m[32minfo[39m[22m[49m: Unity.ILPP.Runner.PostProcessingPipeline[0]
      running Unity.Jobs.CodeGen.JobsILPostProcessor
[40m[32minfo[39m[22m[49m: Unity.ILPP.Runner.PostProcessingPipeline[0]
      running zzzUnity.Burst.CodeGen.BurstILPostProcessor
[40m[32minfo[39m[22m[49m: Microsoft.AspNetCore.Routing.EndpointMiddleware[1]
      Executed endpoint 'gRPC - /UnityILPP.PostProcessing/PostProcessAssembly'
[40m[32minfo[39m[22m[49m: Microsoft.AspNetCore.Hosting.Diagnostics[2]
      Request finished HTTP/2 POST http://ilpp/UnityILPP.PostProcessing/PostProcessAssembly application/grpc - - 200 - application/grpc 0.7979ms
[40m[32minfo[39m[22m[49m: Microsoft.AspNetCore.Hosting.Diagnostics[1]
      Request starting HTTP/2 POST http://ilpp/UnityILPP.PostProcessing/PostProcessAssembly application/grpc -
[40m[32minfo[39m[22m[49m: Microsoft.AspNetCore.Routing.EndpointMiddleware[0]
      Executing endpoint 'gRPC - /UnityILPP.PostProcessing/PostProcessAssembly'
[40m[32minfo[39m[22m[49m: Unity.ILPP.Runner.PostProcessingPipeline[0]
      Processing assembly Library/Bee/artifacts/2400b0aE.dag/Hollowmere.P4_2.Tests.dll, with 122 defines and 268 references
[40m[32minfo[39m[22m[49m: Unity.ILPP.Runner.PostProcessingPipeline[0]
      processors: Unity.Entities.CodeGen.EntitiesILPostProcessors, Unity.Jobs.CodeGen.JobsILPostProcessor, zzzUnity.Burst.CodeGen.BurstILPostProcessor
[40m[32minfo[39m[22m[49m: Unity.ILPP.Runner.PostProcessingPipeline[0]
      running Unity.Entities.CodeGen.EntitiesILPostProcessors
[40m[32minfo[39m[22m[49m: Unity.ILPP.Runner.PostProcessingPipeline[0]
      running Unity.Jobs.CodeGen.JobsILPostProcessor
[40m[32minfo[39m[22m[49m: Unity.ILPP.Runner.PostProcessingPipeline[0]
      running zzzUnity.Burst.CodeGen.BurstILPostProcessor
[40m[32minfo[39m[22m[49m: Microsoft.AspNetCore.Routing.EndpointMiddleware[1]
      Executed endpoint 'gRPC - /UnityILPP.PostProcessing/PostProcessAssembly'
[40m[32minfo[39m[22m[49m: Microsoft.AspNetCore.Hosting.Diagnostics[2]
      Request finished HTTP/2 POST http://ilpp/UnityILPP.PostProcessing/PostProcessAssembly application/grpc - - 200 - application/grpc 0.8509ms
[40m[32minfo[39m[22m[49m: Microsoft.AspNetCore.Hosting.Diagnostics[1]
      Request starting HTTP/2 POST http://ilpp/UnityILPP.PostProcessing/PostProcessAssembly application/grpc -
[40m[32minfo[39m[22m[49m: Microsoft.AspNetCore.Routing.EndpointMiddleware[0]
      Executing endpoint 'gRPC - /UnityILPP.PostProcessing/PostProcessAssembly'
[40m[32minfo[39m[22m[49m: Unity.ILPP.Runner.PostProcessingPipeline[0]
      Processing assembly Library/Bee/artifacts/2400b0aE.dag/Hollowmere.P3_2.Workflows.dll, with 122 defines and 269 references
[40m[32minfo[39m[22m[49m: Unity.ILPP.Runner.PostProcessingPipeline[0]
      processors: Unity.Entities.CodeGen.EntitiesILPostProcessors, Unity.Jobs.CodeGen.JobsILPostProcessor, zzzUnity.Burst.CodeGen.BurstILPostProcessor
[40m[32minfo[39m[22m[49m: Unity.ILPP.Runner.PostProcessingPipeline[0]
      running Unity.Entities.CodeGen.EntitiesILPostProcessors
[40m[32minfo[39m[22m[49m: Unity.ILPP.Runner.PostProcessingPipeline[0]
      running Unity.Jobs.CodeGen.JobsILPostProcessor
[40m[32minfo[39m[22m[49m: Unity.ILPP.Runner.PostProcessingPipeline[0]
      running zzzUnity.Burst.CodeGen.BurstILPostProcessor
[40m[32minfo[39m[22m[49m: Microsoft.AspNetCore.Routing.EndpointMiddleware[1]
      Executed endpoint 'gRPC - /UnityILPP.PostProcessing/PostProcessAssembly'
[40m[32minfo[39m[22m[49m: Microsoft.AspNetCore.Hosting.Diagnostics[2]
      Request finished HTTP/2 POST http://ilpp/UnityILPP.PostProcessing/PostProcessAssembly application/grpc - - 200 - application/grpc 0.7345ms
[40m[32minfo[39m[22m[49m: Microsoft.AspNetCore.Hosting.Diagnostics[1]
      Request starting HTTP/2 POST http://ilpp/UnityILPP.PostProcessing/PostProcessAssembly application/grpc -
[40m[32minfo[39m[22m[49m: Microsoft.AspNetCore.Routing.EndpointMiddleware[0]
      Executing endpoint 'gRPC - /UnityILPP.PostProcessing/PostProcessAssembly'
[40m[32minfo[39m[22m[49m: Unity.ILPP.Runner.PostProcessingPipeline[0]
      Processing assembly Library/Bee/artifacts/2400b0aE.dag/Hollowmere.P4_2.Editor.dll, with 122 defines and 265 references
[40m[32minfo[39m[22m[49m: Unity.ILPP.Runner.PostProcessingPipeline[0]
      processors: Unity.Entities.CodeGen.EntitiesILPostProcessors, Unity.Jobs.CodeGen.JobsILPostProcessor, zzzUnity.Burst.CodeGen.BurstILPostProcessor
[40m[32minfo[39m[22m[49m: Unity.ILPP.Runner.PostProcessingPipeline[0]
      running Unity.Entities.CodeGen.EntitiesILPostProcessors
[40m[32minfo[39m[22m[49m: Unity.ILPP.Runner.PostProcessingPipeline[0]
      running Unity.Jobs.CodeGen.JobsILPostProcessor
[40m[32minfo[39m[22m[49m: Unity.ILPP.Runner.PostProcessingPipeline[0]
      running zzzUnity.Burst.CodeGen.BurstILPostProcessor
[40m[32minfo[39m[22m[49m: Microsoft.AspNetCore.Routing.EndpointMiddleware[1]
      Executed endpoint 'gRPC - /UnityILPP.PostProcessing/PostProcessAssembly'
[40m[32minfo[39m[22m[49m: Microsoft.AspNetCore.Hosting.Diagnostics[2]
      Request finished HTTP/2 POST http://ilpp/UnityILPP.PostProcessing/PostProcessAssembly application/grpc - - 200 - application/grpc 0.7206ms
ExitCode: 0 Duration: 2s638ms
[1278/1818  0s] ILPP-Configuration Library/ilpp-configuration.nevergeneratedoutput
[1786/1818  1s] Csc Library/Bee/artifacts/2400b0aE.dag/GameCore.Studio.UI.Editor.dll (+2 others)
~/wkspace/gc-studio/r4-b/Packages/com.gamecore.studio.ui/Editor/Windows/StudioMenu.cs(144,53): warning CS8604: Possible null reference argument for parameter 'item' in 'void List<EditorWindow>.Add(EditorWindow item)'.
~/wkspace/gc-studio/r4-b/Packages/com.gamecore.studio.ui/Editor/Viewport/StudioViewportWindow.cs(550,63): warning CS0618: 'EventBase.PreventDefault()' is obsolete: 'Use StopPropagation and/or FocusController.IgnoreEvent. Before proceeding, make sure you understand the latest changes to UIToolkit event propagation rules by visiting Unity's manual page https://docs.unity3d.com/Manual/UIE-Events-Dispatching.html'
~/wkspace/gc-studio/r4-b/Packages/com.gamecore.studio.ui/Editor/Viewport/StudioViewportWindow.cs(854,17): warning CS0618: 'EventBase.PreventDefault()' is obsolete: 'Use StopPropagation and/or FocusController.IgnoreEvent. Before proceeding, make sure you understand the latest changes to UIToolkit event propagation rules by visiting Unity's manual page https://docs.unity3d.com/Manual/UIE-Events-Dispatching.html'
[           0s] Csc Library/Bee/artifacts/2400b0aE.dag/GameCore.Studio.UI.Editor.dll (+2 others) [CacheWrite 00000000000000000000000000000004]
[1787/1818  0s] ILPostProcess Library/Bee/artifacts/2400b0aE.dag/post-processed/GameCore.Studio.UI.Editor.dll (+pdb)
Processing assembly Library/Bee/artifacts/2400b0aE.dag/GameCore.Studio.UI.Editor.dll, with 122 defines and 265 references
processors: Unity.Entities.CodeGen.EntitiesILPostProcessors, Unity.Jobs.CodeGen.JobsILPostProcessor, zzzUnity.Burst.CodeGen.BurstILPostProcessor
running Unity.Entities.CodeGen.EntitiesILPostProcessors
running Unity.Jobs.CodeGen.JobsILPostProcessor
running zzzUnity.Burst.CodeGen.BurstILPostProcessor
[1788/1818  0s] Csc Library/Bee/artifacts/2400b0aE.dag/GameCore.Studio.UI.Editor.Tests.dll (+2 others)
[1789/1818  0s] CopyFiles Library/ScriptAssemblies/GameCore.Studio.UI.Editor.pdb
[1790/1818  0s] CopyFiles Library/ScriptAssemblies/GameCore.Studio.UI.Editor.dll
[           0s] Csc Library/Bee/artifacts/2400b0aE.dag/GameCore.Studio.UI.Editor.Tests.dll (+2 others) [CacheWrite 00000000000000000000000000000004]
[1791/1818  0s] ILPostProcess Library/Bee/artifacts/2400b0aE.dag/post-processed/GameCore.Studio.UI.Editor.Tests.dll (+pdb)
Processing assembly Library/Bee/artifacts/2400b0aE.dag/GameCore.Studio.UI.Editor.Tests.dll, with 122 defines and 264 references
processors: Unity.Entities.CodeGen.EntitiesILPostProcessors, Unity.Jobs.CodeGen.JobsILPostProcessor, zzzUnity.Burst.CodeGen.BurstILPostProcessor
running Unity.Entities.CodeGen.EntitiesILPostProcessors
running Unity.Jobs.CodeGen.JobsILPostProcessor
running zzzUnity.Burst.CodeGen.BurstILPostProcessor
[1792/1818  0s] Csc Library/Bee/artifacts/2400b0aE.dag/Hollowmere.R3_B.EditMode.Tests.dll (+2 others)
[1793/1818  0s] Csc Library/Bee/artifacts/2400b0aE.dag/Hollowmere.P2_1.EditMode.Tests.dll (+2 others)
[1794/1818  0s] Csc Library/Bee/artifacts/2400b0aE.dag/Hollowmere.P2_1.Evidence.dll (+2 others)
[1795/1818  0s] CopyFiles Library/ScriptAssemblies/GameCore.Studio.UI.Editor.Tests.pdb
[1796/1818  0s] CopyFiles Library/ScriptAssemblies/GameCore.Studio.UI.Editor.Tests.dll
[1797/1818  0s] ILPostProcess Library/Bee/artifacts/2400b0aE.dag/post-processed/Hollowmere.R3_B.EditMode.Tests.dll (+pdb)
Processing assembly Library/Bee/artifacts/2400b0aE.dag/Hollowmere.R3_B.EditMode.Tests.dll, with 122 defines and 268 references
processors: Unity.Entities.CodeGen.EntitiesILPostProcessors, Unity.Jobs.CodeGen.JobsILPostProcessor, zzzUnity.Burst.CodeGen.BurstILPostProcessor
running Unity.Entities.CodeGen.EntitiesILPostProcessors
running Unity.Jobs.CodeGen.JobsILPostProcessor
running zzzUnity.Burst.CodeGen.BurstILPostProcessor
[1798/1818  0s] ILPostProcess Library/Bee/artifacts/2400b0aE.dag/post-processed/Hollowmere.P2_1.EditMode.Tests.dll (+pdb)
Processing assembly Library/Bee/artifacts/2400b0aE.dag/Hollowmere.P2_1.EditMode.Tests.dll, with 122 defines and 261 references
processors: Unity.Entities.CodeGen.EntitiesILPostProcessors, Unity.Jobs.CodeGen.JobsILPostProcessor, zzzUnity.Burst.CodeGen.BurstILPostProcessor
running Unity.Entities.CodeGen.EntitiesILPostProcessors
running Unity.Jobs.CodeGen.JobsILPostProcessor
running zzzUnity.Burst.CodeGen.BurstILPostProcessor
[1799/1818  0s] ILPostProcess Library/Bee/artifacts/2400b0aE.dag/post-processed/Hollowmere.P2_1.Evidence.dll (+pdb)
Processing assembly Library/Bee/artifacts/2400b0aE.dag/Hollowmere.P2_1.Evidence.dll, with 122 defines and 273 references
processors: Unity.Entities.CodeGen.EntitiesILPostProcessors, Unity.Jobs.CodeGen.JobsILPostProcessor, zzzUnity.Burst.CodeGen.BurstILPostProcessor
running Unity.Entities.CodeGen.EntitiesILPostProcessors
running Unity.Jobs.CodeGen.JobsILPostProcessor
running zzzUnity.Burst.CodeGen.BurstILPostProcessor
[1800/1818  0s] CopyFiles Library/ScriptAssemblies/Hollowmere.R3_B.EditMode.Tests.pdb
[1801/1818  0s] CopyFiles Library/ScriptAssemblies/Hollowmere.P2_1.EditMode.Tests.pdb
[1802/1818  0s] CopyFiles Library/ScriptAssemblies/Hollowmere.P2_1.EditMode.Tests.dll
[1803/1818  0s] CopyFiles Library/ScriptAssemblies/Hollowmere.R3_B.EditMode.Tests.dll
[1804/1818  0s] CopyFiles Library/ScriptAssemblies/Hollowmere.P2_1.Evidence.dll
[1805/1818  0s] CopyFiles Library/ScriptAssemblies/Hollowmere.P2_1.Evidence.pdb
[1806/1818  0s] Csc Library/Bee/artifacts/2400b0aE.dag/Hollowmere.P4_2.Tests.dll (+2 others)
[1807/1818  0s] ILPostProcess Library/Bee/artifacts/2400b0aE.dag/post-processed/Hollowmere.P4_2.Tests.dll (+pdb)
Processing assembly Library/Bee/artifacts/2400b0aE.dag/Hollowmere.P4_2.Tests.dll, with 122 defines and 268 references
processors: Unity.Entities.CodeGen.EntitiesILPostProcessors, Unity.Jobs.CodeGen.JobsILPostProcessor, zzzUnity.Burst.CodeGen.BurstILPostProcessor
running Unity.Entities.CodeGen.EntitiesILPostProcessors
running Unity.Jobs.CodeGen.JobsILPostProcessor
running zzzUnity.Burst.CodeGen.BurstILPostProcessor
[1808/1818  0s] CopyFiles Library/ScriptAssemblies/Hollowmere.P4_2.Tests.dll
[1809/1818  0s] CopyFiles Library/ScriptAssemblies/Hollowmere.P4_2.Tests.pdb
[1810/1818  0s] Csc Library/Bee/artifacts/2400b0aE.dag/Hollowmere.P3_2.Workflows.dll (+2 others)
Assets/Hollowmere/Tests/P3_2/Editor/Workflows.cs(1719,100): warning CS8602: Dereference of a possibly null reference.
[1811/1818  0s] ILPostProcess Library/Bee/artifacts/2400b0aE.dag/post-processed/Hollowmere.P3_2.Workflows.dll (+pdb)
Processing assembly Library/Bee/artifacts/2400b0aE.dag/Hollowmere.P3_2.Workflows.dll, with 122 defines and 269 references
processors: Unity.Entities.CodeGen.EntitiesILPostProcessors, Unity.Jobs.CodeGen.JobsILPostProcessor, zzzUnity.Burst.CodeGen.BurstILPostProcessor
running Unity.Entities.CodeGen.EntitiesILPostProcessors
running Unity.Jobs.CodeGen.JobsILPostProcessor
running zzzUnity.Burst.CodeGen.BurstILPostProcessor
[1812/1818  0s] CopyFiles Library/ScriptAssemblies/Hollowmere.P3_2.Workflows.pdb
[1813/1818  0s] CopyFiles Library/ScriptAssemblies/Hollowmere.P3_2.Workflows.dll
[1814/1818  0s] Csc Library/Bee/artifacts/2400b0aE.dag/Hollowmere.P4_2.Editor.dll (+2 others)
[1815/1818  0s] ILPostProcess Library/Bee/artifacts/2400b0aE.dag/post-processed/Hollowmere.P4_2.Editor.dll (+pdb)
Processing assembly Library/Bee/artifacts/2400b0aE.dag/Hollowmere.P4_2.Editor.dll, with 122 defines and 265 references
processors: Unity.Entities.CodeGen.EntitiesILPostProcessors, Unity.Jobs.CodeGen.JobsILPostProcessor, zzzUnity.Burst.CodeGen.BurstILPostProcessor
running Unity.Entities.CodeGen.EntitiesILPostProcessors
running Unity.Jobs.CodeGen.JobsILPostProcessor
running zzzUnity.Burst.CodeGen.BurstILPostProcessor
[1816/1818  0s] CopyFiles Library/ScriptAssemblies/Hollowmere.P4_2.Editor.pdb
[1817/1818  0s] CopyFiles Library/ScriptAssemblies/Hollowmere.P4_2.Editor.dll
*** Tundra build success (2.62 seconds), 33 items updated, 1818 evaluated
~/wkspace/gc-studio/r4-b/Packages/com.gamecore.studio.ui/Editor/Windows/StudioMenu.cs(144,53): warning CS8604: Possible null reference argument for parameter 'item' in 'void List<EditorWindow>.Add(EditorWindow item)'.
~/wkspace/gc-studio/r4-b/Packages/com.gamecore.studio.ui/Editor/Viewport/StudioViewportWindow.cs(550,63): warning CS0618: 'EventBase.PreventDefault()' is obsolete: 'Use StopPropagation and/or FocusController.IgnoreEvent. Before proceeding, make sure you understand the latest changes to UIToolkit event propagation rules by visiting Unity's manual page https://docs.unity3d.com/Manual/UIE-Events-Dispatching.html'
~/wkspace/gc-studio/r4-b/Packages/com.gamecore.studio.ui/Editor/Viewport/StudioViewportWindow.cs(854,17): warning CS0618: 'EventBase.PreventDefault()' is obsolete: 'Use StopPropagation and/or FocusController.IgnoreEvent. Before proceeding, make sure you understand the latest changes to UIToolkit event propagation rules by visiting Unity's manual page https://docs.unity3d.com/Manual/UIE-Events-Dispatching.html'
Assets/Hollowmere/Tests/P3_2/Editor/Workflows.cs(1719,100): warning CS8602: Dereference of a possibly null reference.
~/wkspace/gc-studio/r4-b/Packages/com.gamecore.studio.ui/Editor/Viewport/StudioViewportWindow.cs(550,63): warning CS0618: 'EventBase.PreventDefault()' is obsolete: 'Use StopPropagation and/or FocusController.IgnoreEvent. Before proceeding, make sure you understand the latest changes to UIToolkit event propagation rules by visiting Unity's manual page https://docs.unity3d.com/Manual/UIE-Events-Dispatching.html'
~/wkspace/gc-studio/r4-b/Packages/com.gamecore.studio.ui/Editor/Viewport/StudioViewportWindow.cs(854,17): warning CS0618: 'EventBase.PreventDefault()' is obsolete: 'Use StopPropagation and/or FocusController.IgnoreEvent. Before proceeding, make sure you understand the latest changes to UIToolkit event propagation rules by visiting Unity's manual page https://docs.unity3d.com/Manual/UIE-Events-Dispatching.html'
~/wkspace/gc-studio/r4-b/Packages/com.gamecore.studio.ui/Editor/Viewport/StudioViewportWindow.cs(854,17): warning CS0618: 'EventBase.PreventDefault()' is obsolete: 'Use StopPropagation and/or FocusController.IgnoreEvent. Before proceeding, make sure you understand the latest changes to UIToolkit event propagation rules by visiting Unity's manual page https://docs.unity3d.com/Manual/UIE-Events-Dispatching.html'
AssetDatabase: script compilation time: 2.980657s
A meta data file (.meta) exists but its folder 'Packages/com.gamecore.studio.gameplay/Tests~' can't be found, and has been created. Empty directories cannot be stored in version control, so it's assumed that the meta data file is for an empty directory in version control. When moving or deleting folders outside of Unity, please ensure that the corresponding .meta file is moved or deleted along with it.
Begin MonoManager ReloadAssembly
Total cache size 268588595
Total cache size after purge 268280159, took 00:00:00.1090648
Symbol file LoadedFromMemory is not a mono symbol file
- Loaded All Assemblies, in  0.500 seconds
A meta data file (.meta) exists but its folder 'Packages/com.gamecore.studio.gameplay/Tests~' can't be found, and has been created. Empty directories cannot be stored in version control, so it's assumed that the meta data file is for an empty directory in version control. When moving or deleting folders outside of Unity, please ensure that the corresponding .meta file is moved or deleted along with it.
Refreshing native plugins compatible for Editor in 0.17 ms, found 1 plugins.
Native extension for LinuxStandalone target not found
Native extension for OSXStandalone target not found
Assembly reference Packages/com.unity.entities/Unity.Scenes.Editor/Internals/Properties/Unity.Properties.Internals.asmref has no target assembly definition
TypeManager.Initialize took: 280ms
Mono: successfully reloaded assembly
- Finished resetting the current domain, in  2.703 seconds
Domain Reload Profiling: 3198ms
	BeginReloadAssembly (115ms)
		ExecutionOrderSort (0ms)
		DisableScriptedObjects (13ms)
		BackupInstance (0ms)
		ReleaseScriptingObjects (0ms)
		CreateAndSetChildDomain (37ms)
	RebuildCommonClasses (23ms)
	RebuildNativeTypeToScriptingClass (5ms)
	initialDomainReloadingComplete (20ms)
	LoadAllAssembliesAndSetupDomain (332ms)
		LoadAssemblies (189ms)
		RebuildTransferFunctionScriptingTraits (0ms)
		AnalyzeDomain (182ms)
			TypeCache.Refresh (122ms)
				TypeCache.ScanAssembly (110ms)
			BuildScriptInfoCaches (52ms)
			ResolveRequiredComponents (6ms)
	FinalizeReload (2703ms)
		ReleaseScriptCaches (0ms)
		RebuildScriptCaches (0ms)
		SetupLoadedEditorAssemblies (2543ms)
			LogAssemblyErrors (0ms)
			InitializePlatformSupportModulesInManaged (37ms)
			SetLoadedEditorAssemblies (5ms)
			BeforeProcessingInitializeOnLoad (110ms)
			ProcessInitializeOnLoadAttributes (2305ms)
			ProcessInitializeOnLoadMethodAttributes (83ms)
			AfterProcessingInitializeOnLoad (2ms)
			EditorAssembliesLoaded (0ms)
		ExecutionOrderSort2 (0ms)
		AwakeInstancesAfterBackupRestoration (4ms)
A meta data file (.meta) exists but its folder 'Packages/com.gamecore.studio.gameplay/Tests~' can't be found, and has been created. Empty directories cannot be stored in version control, so it's assumed that the meta data file is for an empty directory in version control. When moving or deleting folders outside of Unity, please ensure that the corresponding .meta file is moved or deleted along with it.
Refreshing native plugins compatible for Editor in 0.21 ms, found 1 plugins.
Preloading 0 native plugins for Editor in 0.00 ms.
Asset Pipeline Refresh (id=85f52604f4ed5ca2db59c72539506de9): Total: 7.079 seconds - Initiated by InitialRefreshV2(ForceSynchronousImport)
	Summary:
		Imports: total=0 (actual=0, local cache=0, cache server=0)
		Asset DB Process Time: managed=0 ms, native=3344 ms
		Asset DB Callback time: managed=198 ms, native=10 ms
		Scripting: domain reloads=1, domain reload time=504 ms, compile time=2982 ms, other=39 ms
		Project Asset Count: scripts=1760, non-scripts=2578
		Asset File Changes: new=0, changed=2, moved=0, deleted=0
		Scan Filter Count: 1
	InvokeCustomDependenciesCallbacks: 0.003ms
	InvokePackagesCallback: 6.334ms
	ApplyChangesToAssetFolders: 0.418ms
	Scan: 429.987ms
	OnSourceAssetsModified: 0.642ms
	CategorizeAssetsWithTransientArtifact: 25.734ms
	ProcessAssetsWithTransientArtifactChanges: 49.186ms
	CategorizeAssets: 35.202ms
	ImportOutOfDateAssets: 2709.071ms (-274.655ms without children)
		CompileScripts: 2981.704ms
		ReloadNativeAssets: 0.019ms
		UnloadImportedAssets: 0.981ms
		EnsureUptoDateAssetsAreRegisteredWithGuidPM: 0.588ms
		InitializingProgressBar: 0.000ms
		PostProcessAllAssetNotificationsAddChangedAssets: 0.000ms
		OnDemandSchedulerStart: 0.434ms
	PostProcessAllAssets: 198.872ms
	Hotreload: 3.986ms
	GatherAllCurrentPrimaryArtifactRevisions: 0.000ms
	UnloadStreamsBegin: 1.254ms
	PersistCurrentRevisions: 0.123ms
	UnloadStreamsEnd: 0.001ms
	GenerateScriptTypeHashes: 1.777ms
	Untracked: 3618.333ms

Application.AssetDatabase Initial Refresh End
Scanning for USB devices : 1.719ms
Initializing Unity extensions:
UpdateMenuTitleForLanguage: 10
[MODES] ModeService[none].Initialize
[MODES] ModeService[none].LoadModes
[MODES] Loading mode Default (0) for mode-current-id-Hollowmere
Unloading 16 Unused Serialized files (Serialized files now loaded: 0)
Unloading 6075 unused Assets / (7.0 MB). Loaded Objects now: 6767.
Memory consumption went from 189.1 MB to 182.1 MB.
Total: 10.988072 ms (FindLiveObjects: 0.408328 ms CreateObjectMapping: 0.516424 ms MarkObjects: 6.679639 ms  DeleteObjects: 3.382499 ms)

[LAYOUT] About to load ~/.config/unity3d/Preferences/Editor-5.x/Layouts/current/default-6000.dwlt, keepMainWindow=False

(Unity:4036663): GLib-GObject-CRITICAL **: 06:17:16.207: invalid (NULL) pointer instance

(Unity:4036663): GLib-GObject-CRITICAL **: 06:17:16.207: g_signal_handlers_disconnect_matched: assertion 'G_TYPE_CHECK_INSTANCE (instance)' failed

(Unity:4036663): GLib-GObject-CRITICAL **: 06:17:16.210: invalid (NULL) pointer instance

(Unity:4036663): GLib-GObject-CRITICAL **: 06:17:16.210: g_signal_handlers_disconnect_matched: assertion 'G_TYPE_CHECK_INSTANCE (instance)' failed

(Unity:4036663): GLib-GObject-CRITICAL **: 06:17:16.210: invalid (NULL) pointer instance

(Unity:4036663): GLib-GObject-CRITICAL **: 06:17:16.210: g_signal_handlers_disconnect_matched: assertion 'G_TYPE_CHECK_INSTANCE (instance)' failed
[LAYOUT] Removed un-parented EditorWindow while reading window layout window #26, type=UnityEditor.FallbackEditorWindow instanceID=43386
[LAYOUT] Removed un-parented EditorWindow while reading window layout window #27, type=UnityEditor.FallbackEditorWindow instanceID=43388
[LAYOUT] Removed un-parented EditorWindow while reading window layout window #28, type=UnityEditor.FallbackEditorWindow instanceID=43390
GLX Extensions: GLX_ARB_get_proc_address GLX_ARB_multisample GLX_EXT_visual_info GLX_EXT_visual_rating GLX_EXT_import_context GLX_SGI_video_sync GLX_SGIX_fbconfig GLX_SGIX_pbuffer GLX_SGI_swap_control GLX_EXT_swap_control GLX_EXT_swap_control_tear GLX_EXT_buffer_age GLX_ARB_create_context GLX_ARB_create_context_profile GLX_NV_float_buffer GLX_ARB_fbconfig_float GLX_EXT_texture_from_pixmap GLX_EXT_framebuffer_sRGB GLX_NV_copy_image GLX_EXT_create_context_es_profile GLX_EXT_create_context_es2_profile GLX_ARB_create_context_no_error GLX_ARB_create_context_robustness GLX_NV_delay_before_swap GLX_EXT_stereo_tree GLX_ARB_context_flush_control GLX_NV_robustness_video_memory_purge GLX_NV_multigpu_context
GLX Extensions: GLX_ARB_get_proc_address GLX_ARB_multisample GLX_EXT_visual_info GLX_EXT_visual_rating GLX_EXT_import_context GLX_SGI_video_sync GLX_SGIX_fbconfig GLX_SGIX_pbuffer GLX_SGI_swap_control GLX_EXT_swap_control GLX_EXT_swap_control_tear GLX_EXT_buffer_age GLX_ARB_create_context GLX_ARB_create_context_profile GLX_NV_float_buffer GLX_ARB_fbconfig_float GLX_EXT_texture_from_pixmap GLX_EXT_framebuffer_sRGB GLX_NV_copy_image GLX_EXT_create_context_es_profile GLX_EXT_create_context_es2_profile GLX_ARB_create_context_no_error GLX_ARB_create_context_robustness GLX_NV_delay_before_swap GLX_EXT_stereo_tree GLX_ARB_context_flush_control GLX_NV_robustness_video_memory_purge GLX_NV_multigpu_context
GLX Extensions: GLX_ARB_get_proc_address GLX_ARB_multisample GLX_EXT_visual_info GLX_EXT_visual_rating GLX_EXT_import_context GLX_SGI_video_sync GLX_SGIX_fbconfig GLX_SGIX_pbuffer GLX_SGI_swap_control GLX_EXT_swap_control GLX_EXT_swap_control_tear GLX_EXT_buffer_age GLX_ARB_create_context GLX_ARB_create_context_profile GLX_NV_float_buffer GLX_ARB_fbconfig_float GLX_EXT_texture_from_pixmap GLX_EXT_framebuffer_sRGB GLX_NV_copy_image GLX_EXT_create_context_es_profile GLX_EXT_create_context_es2_profile GLX_ARB_create_context_no_error GLX_ARB_create_context_robustness GLX_NV_delay_before_swap GLX_EXT_stereo_tree GLX_ARB_context_flush_control GLX_NV_robustness_video_memory_purge GLX_NV_multigpu_context
GLX Extensions: GLX_ARB_get_proc_address GLX_ARB_multisample GLX_EXT_visual_info GLX_EXT_visual_rating GLX_EXT_import_context GLX_SGI_video_sync GLX_SGIX_fbconfig GLX_SGIX_pbuffer GLX_SGI_swap_control GLX_EXT_swap_control GLX_EXT_swap_control_tear GLX_EXT_buffer_age GLX_ARB_create_context GLX_ARB_create_context_profile GLX_NV_float_buffer GLX_ARB_fbconfig_float GLX_EXT_texture_from_pixmap GLX_EXT_framebuffer_sRGB GLX_NV_copy_image GLX_EXT_create_context_es_profile GLX_EXT_create_context_es2_profile GLX_ARB_create_context_no_error GLX_ARB_create_context_robustness GLX_NV_delay_before_swap GLX_EXT_stereo_tree GLX_ARB_context_flush_control GLX_NV_robustness_video_memory_purge GLX_NV_multigpu_context
GLX Extensions: GLX_ARB_get_proc_address GLX_ARB_multisample GLX_EXT_visual_info GLX_EXT_visual_rating GLX_EXT_import_context GLX_SGI_video_sync GLX_SGIX_fbconfig GLX_SGIX_pbuffer GLX_SGI_swap_control GLX_EXT_swap_control GLX_EXT_swap_control_tear GLX_EXT_buffer_age GLX_ARB_create_context GLX_ARB_create_context_profile GLX_NV_float_buffer GLX_ARB_fbconfig_float GLX_EXT_texture_from_pixmap GLX_EXT_framebuffer_sRGB GLX_NV_copy_image GLX_EXT_create_context_es_profile GLX_EXT_create_context_es2_profile GLX_ARB_create_context_no_error GLX_ARB_create_context_robustness GLX_NV_delay_before_swap GLX_EXT_stereo_tree GLX_ARB_context_flush_control GLX_NV_robustness_video_memory_purge GLX_NV_multigpu_context
GLX Extensions: GLX_ARB_get_proc_address GLX_ARB_multisample GLX_EXT_visual_info GLX_EXT_visual_rating GLX_EXT_import_context GLX_SGI_video_sync GLX_SGIX_fbconfig GLX_SGIX_pbuffer GLX_SGI_swap_control GLX_EXT_swap_control GLX_EXT_swap_control_tear GLX_EXT_buffer_age GLX_ARB_create_context GLX_ARB_create_context_profile GLX_NV_float_buffer GLX_ARB_fbconfig_float GLX_EXT_texture_from_pixmap GLX_EXT_framebuffer_sRGB GLX_NV_copy_image GLX_EXT_create_context_es_profile GLX_EXT_create_context_es2_profile GLX_ARB_create_context_no_error GLX_ARB_create_context_robustness GLX_NV_delay_before_swap GLX_EXT_stereo_tree GLX_ARB_context_flush_control GLX_NV_robustness_video_memory_purge GLX_NV_multigpu_context
Warning: X server took longer than 304 milliseconds to respond to ShowGtkWidget
Warning: X server took longer than 398 milliseconds to respond to SetGtkWindowSizePosition
GLX Extensions: GLX_ARB_get_proc_address GLX_ARB_multisample GLX_EXT_visual_info GLX_EXT_visual_rating GLX_EXT_import_context GLX_SGI_video_sync GLX_SGIX_fbconfig GLX_SGIX_pbuffer GLX_SGI_swap_control GLX_EXT_swap_control GLX_EXT_swap_control_tear GLX_EXT_buffer_age GLX_ARB_create_context GLX_ARB_create_context_profile GLX_NV_float_buffer GLX_ARB_fbconfig_float GLX_EXT_texture_from_pixmap GLX_EXT_framebuffer_sRGB GLX_NV_copy_image GLX_EXT_create_context_es_profile GLX_EXT_create_context_es2_profile GLX_ARB_create_context_no_error GLX_ARB_create_context_robustness GLX_NV_delay_before_swap GLX_EXT_stereo_tree GLX_ARB_context_flush_control GLX_NV_robustness_video_memory_purge GLX_NV_multigpu_context
GLX Extensions: GLX_ARB_get_proc_address GLX_ARB_multisample GLX_EXT_visual_info GLX_EXT_visual_rating GLX_EXT_import_context GLX_SGI_video_sync GLX_SGIX_fbconfig GLX_SGIX_pbuffer GLX_SGI_swap_control GLX_EXT_swap_control GLX_EXT_swap_control_tear GLX_EXT_buffer_age GLX_ARB_create_context GLX_ARB_create_context_profile GLX_NV_float_buffer GLX_ARB_fbconfig_float GLX_EXT_texture_from_pixmap GLX_EXT_framebuffer_sRGB GLX_NV_copy_image GLX_EXT_create_context_es_profile GLX_EXT_create_context_es2_profile GLX_ARB_create_context_no_error GLX_ARB_create_context_robustness GLX_NV_delay_before_swap GLX_EXT_stereo_tree GLX_ARB_context_flush_control GLX_NV_robustness_video_memory_purge GLX_NV_multigpu_context
[MODES] ModeService[default].InitializeCurrentMode
[MODES] ModeService[default].RaiseModeChanged(default, default)
Disable old input system
[Project] Loading completed in 29.221 seconds
	Project init time: 				27.054 seconds
		Template init time: 		0.000 seconds
		Package Manager init time: 		0.121 seconds
		Asset Database init time: 		0.219 seconds
		Global illumination init time: 	0.002 seconds
		Assemblies load time: 			19.140 seconds
		Unity extensions init time: 	0.008 seconds
		Asset Database refresh time: 	7.083 seconds
	Scene opening time: 			1.909 seconds
##utp:{"type": "ProjectInfo", "version": 2, "phase": "Immediate", "time": 1791238637136, "processId": 4036663, "projectLoad": 29.221140201999997, "projectInit": 27.053653246, "templateInit": 0.0, "packageManagerInit": 0.12140631, "assetDatabaseInit": 0.21859503, "globalIlluminationInit": 0.002034669, "assembliesLoad": 19.139994296, "unityExtensionsInit": 0.007831644, "assetDatabaseRefresh": 7.083316547, "sceneOpening": 1.90867017}
##utp:{"type": "EditorInfo", "version": 2, "phase": "Immediate", "time": 1791238637136, "processId": 4036663, "editorVersion": "6000.0.75f1 (26349cd2a5c8)", "branch": "6000.0/staging", "buildType": "Release", "platform": "Linux"}
A meta data file (.meta) exists but its folder 'Packages/com.gamecore.studio.gameplay/Tests~' can't be found, and has been created. Empty directories cannot be stored in version control, so it's assumed that the meta data file is for an empty directory in version control. When moving or deleting folders outside of Unity, please ensure that the corresponding .meta file is moved or deleted along with it.
A meta data file (.meta) exists but its folder 'Packages/com.gamecore.studio.gameplay/Tests~' can't be found, and has been created. Empty directories cannot be stored in version control, so it's assumed that the meta data file is for an empty directory in version control. When moving or deleting folders outside of Unity, please ensure that the corresponding .meta file is moved or deleted along with it.
Asset Pipeline Refresh (id=b01222e4e5f306ca6893e3a2dd55e7f9): Total: 0.187 seconds - Initiated by RefreshV2(ForceSynchronousImport)
A meta data file (.meta) exists but its folder 'Packages/com.gamecore.studio.gameplay/Tests~' can't be found, and has been created. Empty directories cannot be stored in version control, so it's assumed that the meta data file is for an empty directory in version control. When moving or deleting folders outside of Unity, please ensure that the corresponding .meta file is moved or deleted along with it.
Asset Pipeline Refresh (id=2858a2202f23aa22b8df1ed1242cc7c3): Total: 0.100 seconds - Initiated by RefreshV2(NoUpdateAssetOptions)
Launched and connected shader compiler UnityShaderCompiler after 0.03 seconds
Running tests for ExecutionSettings with details:
targetPlatform =
playerHeartbeatTimeout = 600
filters[0] =
   Filter with settings:
   testMode = EditMode
   targetPlatform =
   testNames = null
   groupNames = D12_DeferredRelayoutSurvivesWindowManagerPlacementAndRunsOnce
   categoryNames = null
   assemblyNames = null
ignoreTests = {}
featureFlags = null

UnityEngine.Debug:ExtractStackTraceNoAlloc (byte*,int,string)
UnityEngine.StackTraceUtility:ExtractStackTrace () (at /home/bokken/build/output/unity/unity/Runtime/Export/Scripting/StackTrace.cs:35)
UnityEngine.DebugLogHandler:Internal_Log (UnityEngine.LogType,UnityEngine.LogOption,string,UnityEngine.Object)
UnityEngine.DebugLogHandler:LogFormat (UnityEngine.LogType,UnityEngine.Object,string,object[])
UnityEngine.Logger:Log (UnityEngine.LogType,object)
UnityEngine.Debug:Log (object)
UnityEditor.TestTools.TestRunner.CommandLineTest.Executer:InitializeAndExecuteRun (string[]) (at ./Library/PackageCache/com.unity.test-framework@bd52b1c23814/UnityEditor.TestRunner/CommandLineTest/Executer.cs:53)
UnityEditor.TestTools.TestRunner.CommandLineTest.TestStarter:InitializeAndExecuteRun () (at ./Library/PackageCache/com.unity.test-framework@bd52b1c23814/UnityEditor.TestRunner/CommandLineTest/TestStarter.cs:64)
UnityEditor.EditorApplication:Internal_CallUpdateFunctions () (at /home/bokken/build/output/unity/unity/Editor/Mono/EditorApplication.cs:384)

(Filename: ./Library/PackageCache/com.unity.test-framework@bd52b1c23814/UnityEditor.TestRunner/CommandLineTest/Executer.cs Line: 53)

Start importing Packages/com.unity.render-pipelines.universal/Runtime/Materials/Decal.mat using Guid(31d0dcc6f2dd4e4408d18036a2c93862) (NativeFormatImporter) -> (artifact id: '8f3d32c29394a79b41f28a25b53defe8') in 0.003244366 seconds
Start importing Packages/com.unity.render-pipelines.universal/Runtime/Materials/Lit.mat using Guid(31321ba15b8f8eb4c954353edc038b1d) (NativeFormatImporter) -> (artifact id: '960643f9fe6857c5d72b0d2fd2085c0e') in 0.000536226 seconds
Start importing Assets/Hollowmere/Scenery/Materials/GroundVillage.mat using Guid(713e4a8c856d6875c9df6859f6a4f960) (NativeFormatImporter) -> (artifact id: '8e8a8a3575acbe896ce8b57cf9ab38cd') in 0.000491237 seconds
Start importing Assets/Hollowmere/World/Prefabs/Lantern.mat using Guid(911842b1b2bff39c88a5577d4380b74c) (NativeFormatImporter) -> (artifact id: '1189a75c8e8613e1fd25f0baffdf7c87') in 0.000451904 seconds
Start importing Assets/Hollowmere/Interactables/Prefabs/CausewayGate.mat using Guid(e1273d4abee0663cdb97dec74f5ff31d) (NativeFormatImporter) -> (artifact id: 'd38245b469119e5904a38e035a221d4d') in 0.000449582 seconds
Start importing Assets/Hollowmere/Scenery/Materials/Reed.mat using Guid(2209f72f758962a97822bc22c61ba1d2) (NativeFormatImporter) -> (artifact id: '750f6e096e6cfa91e4be05da2390118f') in 0.000441885 seconds
Start importing Packages/com.unity.render-pipelines.universal/Editor/SceneTemplates/Standard/Materials/Gold.mat using Guid(c2e40fa84d53ccd428f640eac126b1fb) (NativeFormatImporter) -> (artifact id: '9a75d51d1e747d94c5fd36e74b0d88c1') in 0.000463107 seconds
Start importing Assets/Hollowmere/Scenery/Materials/MossStone.mat using Guid(63bdb57a54a47419d8773aa27705ac1d) (NativeFormatImporter) -> (artifact id: '7dff20719302b067f182e280b595e5df') in 0.000429234 seconds
Start importing Assets/Hollowmere/Interactables/Prefabs/WellBucket.mat using Guid(837be9b6dcc2c8e65aab00060bded8fc) (NativeFormatImporter) -> (artifact id: '423d739197c6a127b57bbf3079523e67') in 0.000428251 seconds
Start importing Assets/Hollowmere/Scenery/Materials/Thatch.mat using Guid(e3dcd598da5abcf9fbf9fb1fe11dd238) (NativeFormatImporter) -> (artifact id: '8d7d382d63fef3b824386e654c884ec0') in 0.000413895 seconds
Start importing Packages/com.unity.render-pipelines.universal/Runtime/Materials/SpriteMask-Default.mat using Guid(15d0c3709176029428a0da2f8cecf0b5) (NativeFormatImporter) -> (artifact id: '9b9123c1145efbdb38e316f85cad951e') in 0.000353458 seconds
Start importing Assets/Hollowmere/Scenery/Materials/ShrineGlow.mat using Guid(554bce7dabc8d758e8fff4f11d9fe04d) (NativeFormatImporter) -> (artifact id: '9bcf4f36fcfd4edc66aed7aac3393662') in 0.000421529 seconds
Start importing Assets/Hollowmere/Scenery/Materials/BlackWater.mat using Guid(a50f9ee368d97c86fb2dbc0f180491e6) (NativeFormatImporter) -> (artifact id: '9908b7eb58864d6e48c7525f9a48c218') in 0.000458388 seconds
Start importing Packages/com.unity.render-pipelines.universal/Runtime/Materials/SpatialMappingOcclusion.mat using Guid(b51db210fe78df745a372851b3db949e) (NativeFormatImporter) -> (artifact id: 'e725b235a682e6bf286c10ab07552b74') in 0.000426883 seconds
Start importing Assets/Hollowmere/Scenery/Materials/Bark.mat using Guid(c5881decd396e19dc85d4745df923580) (NativeFormatImporter) -> (artifact id: '4ca0c3913b740a495c4839533aa55e18') in 0.000431726 seconds
Start importing Packages/com.unity.render-pipelines.universal/Editor/SceneTemplates/Standard/Materials/Ground.mat using Guid(761d8e1f988ed2345a28312145c79c6e) (NativeFormatImporter) -> (artifact id: '97be10e07c1f855859a62635d45b8539') in 0.000441061 seconds
Start importing Assets/Hollowmere/World/Prefabs/Crate.mat using Guid(28346a61812b63be2b91a3f072f4ac60) (NativeFormatImporter) -> (artifact id: '9d74e66a6f26e5e612fb92c405a7463b') in 0.000417792 seconds
Start importing Packages/com.unity.render-pipelines.universal/Runtime/Materials/FullscreenInvertColors.mat using Guid(78a08787ca30045abb69f6f7dd878e09) (NativeFormatImporter) -> (artifact id: 'ee24d1240c4d3093a35a8ce9cd6a6123') in 0.000822726 seconds
Start importing Packages/com.unity.render-pipelines.universal/Runtime/Materials/SpatialMappingWireframe.mat using Guid(9875a245ac49007498213638a307faa1) (NativeFormatImporter) -> (artifact id: '40a3a03ad30c23572795ee7951b74454') in 0.000431224 seconds
Start importing Packages/com.unity.render-pipelines.universal/Runtime/Materials/ParticlesUnlit.mat using Guid(e823cd5b5d27c0f4b8256e7c12ee3e6d) (NativeFormatImporter) -> (artifact id: 'aa862bff269d59d834f13819255630e6') in 0.000404403 seconds
Start importing Assets/Hollowmere/Scenery/Materials/Cloth.mat using Guid(59d591d89c6969fb8ac5ae64a174d032) (NativeFormatImporter) -> (artifact id: 'ce2a7ffa3d789f66f6b8125cad84313f') in 0.000426769 seconds
Start importing Packages/com.unity.render-pipelines.universal/Runtime/Materials/TerrainLit.mat using Guid(594ea882c5a793440b60ff72d896021e) (NativeFormatImporter) -> (artifact id: '32c0756065a4c99773d8b19abfdb7370') in 0.000406048 seconds
Start importing Assets/Hollowmere/World/Prefabs/Traveller.mat using Guid(695cafc4cebe0be4683c45c1e428a8d1) (NativeFormatImporter) -> (artifact id: '9b7da67280074084b8dbe69179ae9e08') in 0.000416491 seconds
Start importing Packages/com.unity.render-pipelines.universal/Runtime/Materials/Sprite-Lit-Default.mat using Guid(a97c105638bdf8b4a8650670310a4cd3) (NativeFormatImporter) -> (artifact id: 'b2cd4e4a5173cb188e255112e4a6b285') in 0.000360828 seconds
Start importing Assets/Hollowmere/Scenery/Materials/Bronze.mat using Guid(f9267e7c7f3858a14b2cfa7d1290c7b4) (NativeFormatImporter) -> (artifact id: '9ba1f274c1e4be21a68c24f3f5ca63da') in 0.000416468 seconds
Start importing Packages/com.unity.render-pipelines.universal/Editor/SceneTemplates/Standard/Materials/White.mat using Guid(f96821bbefeea864b9b418af4b8615ac) (NativeFormatImporter) -> (artifact id: 'b0a10ce88eba78cadb227317064359ad') in 0.00045617 seconds
Start importing Packages/com.unity.render-pipelines.universal/Runtime/Materials/SimpleLit.mat using Guid(6a1143ee683302f4aa628c052723efc1) (NativeFormatImporter) -> (artifact id: '4e947c4ad6c49ec8c3dbccd89f2ba9c5') in 0.000419598 seconds
Start importing Assets/Hollowmere/Scenery/Materials/Leaves.mat using Guid(9a635606b8e14ca43b0f5d8d8420903f) (NativeFormatImporter) -> (artifact id: '369124a2a052d970839d238b15d313ae') in 0.000416902 seconds
Start importing Assets/Hollowmere/Scenery/Materials/LanternGlow.mat using Guid(9ad989929e3f6abf0939545b2ac6d29c) (NativeFormatImporter) -> (artifact id: 'aa797f76b84657e8986ea776daec4c35') in 0.000422551 seconds
Start importing Assets/Hollowmere/World/Prefabs/Reed.mat using Guid(ea9ec61735f711a46a411ddbf2fb0835) (NativeFormatImporter) -> (artifact id: '05ffedc826e5082cba6374b28117dceb') in 0.000429408 seconds
Start importing Assets/Hollowmere/World/Prefabs/Stone.mat using Guid(0bbb6a2ec62dbd6ed99c9b2d5e8fda27) (NativeFormatImporter) -> (artifact id: '0a7c37d53cf442810a25da33197eeb4b') in 0.000405591 seconds
Start importing Assets/Hollowmere/Scenery/Materials/GroundBelfry.mat using Guid(8bb53dd8bab3b475bbda1320015ea2f0) (NativeFormatImporter) -> (artifact id: '7b76881adca40df080d4d1fefc820c14') in 0.000408341 seconds
Start importing Assets/Hollowmere/Scenery/Materials/Cobble.mat using Guid(cbeca43ae13579776b757e82404e62ec) (NativeFormatImporter) -> (artifact id: '98a4fd518a5e8f1a29dae894b6a9fa48') in 0.000413884 seconds
Start importing Assets/Hollowmere/Scenery/Materials/GroundMarsh.mat using Guid(eb73391a1a25ca478a6a0195766dd3d3) (NativeFormatImporter) -> (artifact id: '1ada639a8dc4ed1028f377fb942505ab') in 0.000423955 seconds
Start importing Assets/Hollowmere/Scenery/Materials/Plaster.mat using Guid(2ce0e9a342a4df461b3ef8fc8f5c687b) (NativeFormatImporter) -> (artifact id: 'ecf084c9fe40c85ebf17681d77f570bc') in 0.000407421 seconds
Start importing Assets/Hollowmere/Scenery/Materials/Water.mat using Guid(4c360173c4bb7adc3b7daa94c2cf5a70) (NativeFormatImporter) -> (artifact id: 'b61ba6cdc9e8abf7717c4165aaa72bc1') in 0.000420272 seconds
Start importing Assets/Hollowmere/Scenery/Materials/Timber.mat using Guid(3d3223d30e9f476bebc6b5a69364b197) (NativeFormatImporter) -> (artifact id: '667f4c1c8011f2140e175fd42f6c4458') in 0.000418842 seconds
Start importing Assets/Hollowmere/Npcs/Prefabs/NpcCapsule.mat using Guid(6db5381322a108024b1b8a91e0405e12) (NativeFormatImporter) -> (artifact id: 'ea77e7c2fe06713b0c0706a8a9af1cba') in 0.000419609 seconds
Start importing Packages/com.unity.render-pipelines.universal/Runtime/Materials/Sprite-Unlit-Default.mat using Guid(9dfc825aed78fcd4ba02077103263b40) (NativeFormatImporter) -> (artifact id: '3535407266e63a704ebed07394e8e29d') in 0.000341957 seconds
Start importing Assets/Hollowmere/World/Prefabs/Signpost.mat using Guid(ad46b0c010e025b1ba7850de65835bb8) (NativeFormatImporter) -> (artifact id: '9a629eeaf2b1aa04aafd0c2a63d91dc4') in 0.000425051 seconds
Start importing Assets/Hollowmere/Scenery/Materials/Planks.mat using Guid(4f16c6b7dc318c98c84ac4ee8b4c7941) (NativeFormatImporter) -> (artifact id: '32a698a0560c6e385b28d7b08a583061') in 0.000430792 seconds
Start importing Packages/com.unity.render-pipelines.universal/Editor/SceneTemplates/Standard/Materials/Black.mat using Guid(4f1ef37ae953c484bbc5d5e4049147e5) (NativeFormatImporter) -> (artifact id: 'c073248664ba5268b69bc9cf80293393') in 0.000427523 seconds
Start importing Assets/Hollowmere/World/Prefabs/Bell.mat using Guid(5f4092027bf0baedaa554561a3810e7c) (NativeFormatImporter) -> (artifact id: '6297ada650afc4aed2fcdc63d4528fb6') in 0.000411609 seconds
Start importing Assets/Hollowmere/Scenery/Materials/Stone.mat using Guid(9fa5037e7fefc39bfaa0b68144e64ef4) (NativeFormatImporter) -> (artifact id: 'a38a9a417d67ab6163981f3d2fb24b66') in 0.000430678 seconds
Start importing Packages/com.unity.searcher/Editor/Resources/FlatSkin/Font/Roboto-Black.ttf using Guid(1062c701058745940ae5dca6219c64c8) (TrueTypeFontImporter) -> (artifact id: '3d2ca9ae18e896f9e515bb462bac0909') in 0.0014521 seconds
Start importing Packages/com.unity.searcher/Editor/Resources/FlatSkin/Font/Roboto-Regular.ttf using Guid(30dc370b164eefc43b95744fc796dad0) (TrueTypeFontImporter) -> (artifact id: '7832638d633eff303fcf3ed8f8c85e78') in 0.000665483 seconds
Start importing Packages/com.unity.searcher/Editor/Resources/FlatSkin/Font/Roboto-ThinItalic.ttf using Guid(b2ea3b3f1765e544b9eb5bd1a93a91ce) (TrueTypeFontImporter) -> (artifact id: '4f6c2aa7215fb21f189270f0bbe3b50e') in 0.000691839 seconds
Start importing Packages/com.unity.render-pipelines.core/Runtime/Debugging/Prefabs/Fonts/PerfectDOSVGA437.ttf using Guid(74a5091d8707f334b9a5c31ef71a64ba) (TrueTypeFontImporter) -> (artifact id: 'b1e2b4726236af250e8a9e0edefa19ad') in 0.000565553 seconds
Start importing Packages/com.unity.searcher/Editor/Resources/FlatSkin/Font/Roboto-Medium.ttf using Guid(a51a3aebb43ac044989270407476b208) (TrueTypeFontImporter) -> (artifact id: 'e7322fcc653770ceff992dbaffdc342c') in 0.000652813 seconds
Start importing Packages/com.unity.searcher/Editor/Resources/FlatSkin/Font/Roboto-Bold.ttf using Guid(3750c318f40cab44a97d3a81beaefeb3) (TrueTypeFontImporter) -> (artifact id: '111caa903ed7225ec6078e61ef9fb671') in 0.000695022 seconds
Start importing Packages/com.unity.searcher/Editor/Resources/FlatSkin/Font/Roboto-Italic.ttf using Guid(c839255fc8f6b4b4d90bf8c1af9f9bd1) (TrueTypeFontImporter) -> (artifact id: '8fb74d7c7a155d1ca255c69a209f86ab') in 0.000672942 seconds
Start importing Packages/com.unity.searcher/Editor/Resources/FlatSkin/Font/Roboto-Thin.ttf using Guid(19a9abb883540be48b75b951a927ae03) (TrueTypeFontImporter) -> (artifact id: 'b0f726bd0974874e2c0598b808b85eed') in 0.000665374 seconds
Start importing Packages/com.unity.searcher/Editor/Resources/FlatSkin/Font/Roboto-MediumItalic.ttf using Guid(d93c1bc57fdf1ac4dad1bf04fac05464) (TrueTypeFontImporter) -> (artifact id: 'e37e57e9981fdfe39977ebf001f95a35') in 0.000640022 seconds
Start importing Packages/com.unity.searcher/Editor/Resources/FlatSkin/Font/Roboto-BlackItalic.ttf using Guid(f95147a9bab9fe649b8070170fa7ebd2) (TrueTypeFontImporter) -> (artifact id: '7352c0e7207c5b52e94f2677e4fad37a') in 0.000656598 seconds
Start importing Packages/com.unity.searcher/Editor/Resources/FlatSkin/Font/Roboto-Light.ttf using Guid(2a29e27936eb547458f646f71125b264) (TrueTypeFontImporter) -> (artifact id: '030c3049eebc0c442f157756287951d7') in 0.000639179 seconds
Start importing Packages/com.unity.searcher/Editor/Resources/FlatSkin/Font/Roboto-LightItalic.ttf using Guid(5e63515167650a541b309ba3bfd4db3d) (TrueTypeFontImporter) -> (artifact id: '2acb95d6e05d7756b0e095214c4bf8e6') in 0.000664299 seconds
Start importing Packages/com.unity.searcher/Editor/Resources/FlatSkin/Font/Roboto-BoldItalic.ttf using Guid(dfb97a9307a577a41bcacba34b9a7e32) (TrueTypeFontImporter) -> (artifact id: '51a36f17beac0bd54da540106340b9d8') in 0.000654325 seconds
Start importing Packages/com.unity.render-pipelines.universal/Runtime/Materials/ArnoldStandardSurface/ArnoldStandardSurfaceTransparent.shadergraph using Guid(30fa68ce467463643a86b839ca0eb195) (ScriptedImporter) -> (artifact id: '8fc0ff3f85a90c5130bf3270e7243190') in 0.268440578 seconds
Start importing Packages/com.unity.render-pipelines.universal/Shaders/AutodeskInteractive/AutodeskInteractiveMasked.shadergraph using Guid(80aa867ac363ac043847b06ad71604cd) (ScriptedImporter) -> (artifact id: '1710ad3feff674f0fdd404dca67d30af') in 0.089183856 seconds
Start importing Packages/com.unity.render-pipelines.universal/Shaders/2D/VFXSpriteLit.shadergraph using Guid(24a73dccd7b6fad4798be282f96a21f4) (ScriptedImporter) -> (artifact id: '5c800554f4918d2481e16be201c8c76e') in 0.043528109 seconds
Start importing Packages/com.unity.render-pipelines.universal/Runtime/Materials/PhysicalMaterial3DsMax/PhysicalMaterial3DsMax.shadergraph using Guid(44245ab89240f51459a5077d7145c452) (ScriptedImporter) -> (artifact id: '07436cb67b88c78c816edac04e26a215') in 0.068466856 seconds
Start importing Packages/com.unity.render-pipelines.universal/Runtime/Materials/ArnoldStandardSurface/ArnoldStandardSurface.shadergraph using Guid(3739e562a03fc0b4982d8aa66cc50865) (ScriptedImporter) -> (artifact id: '2da4cada6b181800187a91f1f3d6c72a') in 0.063217593 seconds
Start importing Packages/com.unity.render-pipelines.universal/Shaders/2D/VFXSpriteUnlit.shadergraph using Guid(d7288f66e4fb0634c9afef98c31b722a) (ScriptedImporter) -> (artifact id: 'f857dd8b113cb04ea68882fc5378ac39') in 0.037019826 seconds
Start importing Packages/com.unity.render-pipelines.universal/Shaders/Nature/SpeedTree8_PBRLit.shadergraph using Guid(9920c1f1781549a46ba081a2a15a16ec) (ScriptedImporter) -> (artifact id: '0e262520feb8c53edda491304a51ecd9') in 0.611673287 seconds
Start importing Packages/com.unity.render-pipelines.universal/Runtime/Materials/PhysicalMaterial3DsMax/PhysicalMaterial3DsMaxTransparent.shadergraph using Guid(1a207e3bee00db44b940e6f362a8e148) (ScriptedImporter) -> (artifact id: '324b0866b974ffc32393ff8c001a69ec') in 0.064950946 seconds
Start importing Packages/com.unity.render-pipelines.universal/Shaders/Decal.shadergraph using Guid(9b4e681081e2b4c469111bb649e2f7ee) (ScriptedImporter) -> (artifact id: '6acad91e000775ea9efb37a2bfba7973') in 0.053027049 seconds
Start importing Packages/com.unity.render-pipelines.universal/Shaders/Nature/SpeedTree9_URP.shadergraph using Guid(cbd3e1cc4ae141c42a30e33b4d666a61) (ScriptedImporter) -> (artifact id: 'b7b91e002f57a0067e0e06cdcce3ba6e') in 0.504740058 seconds
Start importing Packages/com.unity.render-pipelines.universal/Shaders/FullscreenInvertColors.shadergraph using Guid(fb6390f650ca44a5ba3246d8dda47927) (ScriptedImporter) -> (artifact id: '7a53917a475e82f1e66f413fdc68f9d8') in 0.030757077 seconds
Start importing Packages/com.unity.render-pipelines.universal/Shaders/AutodeskInteractive/AutodeskInteractiveTransparent.shadergraph using Guid(5c81372d981403744adbdda4433c9c11) (ScriptedImporter) -> (artifact id: '96d27a6638f6898a0494ad4dd56ac7b8') in 0.058754304 seconds
Start importing Packages/com.unity.render-pipelines.universal/Shaders/AutodeskInteractive/AutodeskInteractive.shadergraph using Guid(0e9d5a909a1f7e84882a534d0d11e49f) (ScriptedImporter) -> (artifact id: 'bb1d157d4f06a2a75f92ef82e7b2fd4c') in 0.060891325 seconds
Start importing Assets/Hollowmere/UI/Theme/HollowmereTheme.tss using Guid(90e0f2de55b54915a87cde66f14e0b4a) (ScriptedImporter) -> (artifact id: 'f580981d8f0316befd780a9e709ed224') in 0.02655346 seconds
Refreshing native plugins compatible for Editor in 0.20 ms, found 1 plugins.
Preloading 0 native plugins for Editor in 0.00 ms.
Asset Pipeline Refresh (id=6b7a8cebd654739ff9271a65f1c902e4): Total: 2.119 seconds - Initiated by StopAssetImportingV2(NoUpdateAssetOptions)
	Summary:
		Imports: total=71 (actual=71, local cache=0, cache server=0)
		Asset DB Process Time: managed=3 ms, native=2069 ms
		Asset DB Callback time: managed=14 ms, native=31 ms
		Scripting: domain reloads=0, domain reload time=0 ms, compile time=0 ms, other=0 ms
		Project Asset Count: scripts=1760, non-scripts=2578
		Asset File Changes: new=0, changed=0, moved=0, deleted=0
		Scan Filter Count: 106
	InvokeCustomDependenciesCallbacks: 0.001ms
	InvokePackagesCallback: 0.000ms
	ApplyChangesToAssetFolders: 0.121ms
	Scan: 5.014ms
	OnSourceAssetsModified: 0.000ms
	CategorizeAssetsWithTransientArtifact: 0.044ms
	ProcessAssetsWithTransientArtifactChanges: 0.160ms
	CategorizeAssets: 1.017ms
	ImportOutOfDateAssets: 2064.060ms (-4.807ms without children)
		ImportManagerImport: 2062.337ms (41.529ms without children)
			ImportInProcess: 2018.976ms
			UpdateCategorizedAssets: 1.832ms
		ReloadNativeAssets: 0.017ms
		UnloadImportedAssets: 0.867ms
		ReloadImportedAssets: 4.990ms
		EnsureUptoDateAssetsAreRegisteredWithGuidPM: 0.364ms
		InitializingProgressBar: 0.001ms
		PostProcessAllAssetNotificationsAddChangedAssets: 0.000ms
		OnDemandSchedulerStart: 0.292ms
	PostProcessAllAssets: 41.604ms
	Hotreload: 4.078ms
	GatherAllCurrentPrimaryArtifactRevisions: 0.216ms
	UnloadStreamsBegin: 0.001ms
	PersistCurrentRevisions: 0.115ms
	UnloadStreamsEnd: 0.026ms
	Untracked: 2.367ms

[GameCore.Studio/etos] etos session started: node (from key file), key file ~/.config/gamecore-studio/app-key.json, app gamecore-unity, max_cost_usd 0.50
UnityEngine.Debug:ExtractStackTraceNoAlloc (byte*,int,string)
UnityEngine.StackTraceUtility:ExtractStackTrace () (at /home/bokken/build/output/unity/unity/Runtime/Export/Scripting/StackTrace.cs:35)
UnityEngine.DebugLogHandler:Internal_Log (UnityEngine.LogType,UnityEngine.LogOption,string,UnityEngine.Object)
UnityEngine.DebugLogHandler:LogFormat (UnityEngine.LogType,UnityEngine.Object,string,object[])
UnityEngine.Logger:Log (UnityEngine.LogType,object)
UnityEngine.Debug:Log (object)
GameCore.Studio.Authoring.UnityStudioLog:Emit (GameCore.Studio.Authoring.StudioLogEntry) (at ~/wkspace/gc-studio/r4-b/Packages/com.gamecore.studio.core/Runtime/Authoring/StudioLog.cs:205)
GameCore.Studio.Authoring.StudioLogBase:Write (GameCore.Studio.Authoring.StudioLogLevel,string,string,GameCore.Studio.Model.Diagnostic) (at ~/wkspace/gc-studio/r4-b/Packages/com.gamecore.studio.core/Runtime/Authoring/StudioLog.cs:180)
GameCore.Studio.Etos.RedactingStudioLog:Write (GameCore.Studio.Authoring.StudioLogLevel,string,string,GameCore.Studio.Model.Diagnostic) (at ~/wkspace/gc-studio/r4-b/Packages/com.gamecore.studio.etos/Editor/RedactingStudioLog.cs:24)
GameCore.Studio.Etos.EtosStudioSession:StartCore (GameCore.Studio.Edit.StudioRuntime) (at ~/wkspace/gc-studio/r4-b/Packages/com.gamecore.studio.etos/Editor/EtosStudioSession.cs:160)
GameCore.Studio.Etos.EtosStudioSession:Start () (at ~/wkspace/gc-studio/r4-b/Packages/com.gamecore.studio.etos/Editor/EtosStudioSession.cs:100)
GameCore.Studio.Etos.EtosBootstrap:StartIfWanted () (at ~/wkspace/gc-studio/r4-b/Packages/com.gamecore.studio.etos/Editor/EtosStudioSession.cs:288)
UnityEditor.EditorApplication:Internal_CallDelayFunctions () (at /home/bokken/build/output/unity/unity/Editor/Mono/EditorApplication.cs:399)

(Filename: ~/wkspace/gc-studio/r4-b/Packages/com.gamecore.studio.core/Runtime/Authoring/StudioLog.cs Line: 205)

Created GICache directory at ~/.cache/unity3d/GiCache. Took: 0.001s, timestamps: [29.484 - 29.486]
[GameCore.Studio/etos] provider status: node reachable, agent ready; image Live, tts Live, voice Live, 3d NotConfigured, describe Live
UnityEngine.Debug:ExtractStackTraceNoAlloc (byte*,int,string)
UnityEngine.StackTraceUtility:ExtractStackTrace () (at /home/bokken/build/output/unity/unity/Runtime/Export/Scripting/StackTrace.cs:35)
UnityEngine.DebugLogHandler:Internal_Log (UnityEngine.LogType,UnityEngine.LogOption,string,UnityEngine.Object)
UnityEngine.DebugLogHandler:LogFormat (UnityEngine.LogType,UnityEngine.Object,string,object[])
UnityEngine.Logger:Log (UnityEngine.LogType,object)
UnityEngine.Debug:Log (object)
GameCore.Studio.Authoring.UnityStudioLog:Emit (GameCore.Studio.Authoring.StudioLogEntry) (at ~/wkspace/gc-studio/r4-b/Packages/com.gamecore.studio.core/Runtime/Authoring/StudioLog.cs:205)
GameCore.Studio.Authoring.StudioLogBase:Write (GameCore.Studio.Authoring.StudioLogLevel,string,string,GameCore.Studio.Model.Diagnostic) (at ~/wkspace/gc-studio/r4-b/Packages/com.gamecore.studio.core/Runtime/Authoring/StudioLog.cs:180)
GameCore.Studio.Etos.RedactingStudioLog:Write (GameCore.Studio.Authoring.StudioLogLevel,string,string,GameCore.Studio.Model.Diagnostic) (at ~/wkspace/gc-studio/r4-b/Packages/com.gamecore.studio.etos/Editor/RedactingStudioLog.cs:24)
GameCore.Studio.Etos.RedactingStudioLog:Write (GameCore.Studio.Authoring.StudioLogLevel,string,string,GameCore.Studio.Model.Diagnostic) (at ~/wkspace/gc-studio/r4-b/Packages/com.gamecore.studio.etos/Editor/RedactingStudioLog.cs:24)
GameCore.Studio.Etos.EtosAgentGateway/<>c__DisplayClass61_0:<RefreshStatusAsync>b__0 () (at ~/wkspace/gc-studio/r4-b/Packages/com.gamecore.studio.etos/Editor/EtosAgentGateway.cs:318)
GameCore.Studio.Etos.MainThreadQueue:Pump (int) (at ~/wkspace/gc-studio/r4-b/Packages/com.gamecore.studio.etos/Editor/MainThreadQueue.cs:87)
GameCore.Studio.Etos.EtosStudioSession:Pump () (at ~/wkspace/gc-studio/r4-b/Packages/com.gamecore.studio.etos/Editor/EtosStudioSession.cs:240)
UnityEditor.EditorApplication:Internal_CallUpdateFunctions () (at /home/bokken/build/output/unity/unity/Editor/Mono/EditorApplication.cs:384)

(Filename: ~/wkspace/gc-studio/r4-b/Packages/com.gamecore.studio.core/Runtime/Authoring/StudioLog.cs Line: 205)

[Licensing::Client] Successfully updated the access token
[Licensing::Module] Successfully updated access token: "zjvc8If-"... (expires: 2027-10-05T22:17:21Z)
Unloading 117 Unused Serialized files (Serialized files now loaded: 0)
Unloading 242 unused Assets / (17.3 MB). Loaded Objects now: 8039.
Memory consumption went from 392.0 MB to 374.7 MB.
Total: 17.976218 ms (FindLiveObjects: 0.288177 ms CreateObjectMapping: 0.175068 ms MarkObjects: 14.943499 ms  DeleteObjects: 2.568504 ms)

Executing IPrebuildSetup for: Unity.PerformanceTesting.Editor.TestRunBuilder.
UnityEngine.Debug:ExtractStackTraceNoAlloc (byte*,int,string)
UnityEngine.StackTraceUtility:ExtractStackTrace () (at /home/bokken/build/output/unity/unity/Runtime/Export/Scripting/StackTrace.cs:35)
UnityEngine.DebugLogHandler:Internal_Log (UnityEngine.LogType,UnityEngine.LogOption,string,UnityEngine.Object)
UnityEngine.DebugLogHandler:LogFormat (UnityEngine.LogType,UnityEngine.Object,string,object[])
UnityEngine.Logger:Log (UnityEngine.LogType,object)
UnityEngine.Debug:Log (object)
UnityEditor.TestTools.TestRunner.TestRun.Tasks.BuildActionTaskBase`1/<ExecuteMethods>d__8<UnityEngine.TestTools.IPrebuildSetup>:MoveNext () (at ./Library/PackageCache/com.unity.test-framework@bd52b1c23814/UnityEditor.TestRunner/TestRun/Tasks/BuildActionTaskBase.cs:48)
UnityEditor.TestTools.TestRunner.TestRun.Tasks.BuildActionTaskBase`1/<Execute>d__7<UnityEngine.TestTools.IPrebuildSetup>:MoveNext () (at ./Library/PackageCache/com.unity.test-framework@bd52b1c23814/UnityEditor.TestRunner/TestRun/Tasks/BuildActionTaskBase.cs:34)
UnityEditor.TestTools.TestRunner.TestRun.TestJobRunner:ExecuteStep () (at ./Library/PackageCache/com.unity.test-framework@bd52b1c23814/UnityEditor.TestRunner/TestRun/TestJobRunner.cs:173)
UnityEditor.TestTools.TestRunner.TestRun.TestJobRunner:ExecuteCallback () (at ./Library/PackageCache/com.unity.test-framework@bd52b1c23814/UnityEditor.TestRunner/TestRun/TestJobRunner.cs:108)
UnityEditor.EditorApplication:Internal_CallUpdateFunctions () (at /home/bokken/build/output/unity/unity/Editor/Mono/EditorApplication.cs:384)

(Filename: ./Library/PackageCache/com.unity.test-framework@bd52b1c23814/UnityEditor.TestRunner/TestRun/Tasks/BuildActionTaskBase.cs Line: 48)

GLX Extensions: GLX_ARB_get_proc_address GLX_ARB_multisample GLX_EXT_visual_info GLX_EXT_visual_rating GLX_EXT_import_context GLX_SGI_video_sync GLX_SGIX_fbconfig GLX_SGIX_pbuffer GLX_SGI_swap_control GLX_EXT_swap_control GLX_EXT_swap_control_tear GLX_EXT_buffer_age GLX_ARB_create_context GLX_ARB_create_context_profile GLX_NV_float_buffer GLX_ARB_fbconfig_float GLX_EXT_texture_from_pixmap GLX_EXT_framebuffer_sRGB GLX_NV_copy_image GLX_EXT_create_context_es_profile GLX_EXT_create_context_es2_profile GLX_ARB_create_context_no_error GLX_ARB_create_context_robustness GLX_NV_delay_before_swap GLX_EXT_stereo_tree GLX_ARB_context_flush_control GLX_NV_robustness_video_memory_purge GLX_NV_multigpu_context
Warning: X server took longer than 313 milliseconds to respond to ShowGtkWidget
Warning: X server took longer than 400 milliseconds to respond to SetGtkWindowSizePosition
GLX Extensions: GLX_ARB_get_proc_address GLX_ARB_multisample GLX_EXT_visual_info GLX_EXT_visual_rating GLX_EXT_import_context GLX_SGI_video_sync GLX_SGIX_fbconfig GLX_SGIX_pbuffer GLX_SGI_swap_control GLX_EXT_swap_control GLX_EXT_swap_control_tear GLX_EXT_buffer_age GLX_ARB_create_context GLX_ARB_create_context_profile GLX_NV_float_buffer GLX_ARB_fbconfig_float GLX_EXT_texture_from_pixmap GLX_EXT_framebuffer_sRGB GLX_NV_copy_image GLX_EXT_create_context_es_profile GLX_EXT_create_context_es2_profile GLX_ARB_create_context_no_error GLX_ARB_create_context_robustness GLX_NV_delay_before_swap GLX_EXT_stereo_tree GLX_ARB_context_flush_control GLX_NV_robustness_video_memory_purge GLX_NV_multigpu_context
Warning: X server took longer than 317 milliseconds to respond to ShowGtkWidget
Warning: X server took longer than 400 milliseconds to respond to SetGtkWindowSizePosition
GLX Extensions: GLX_ARB_get_proc_address GLX_ARB_multisample GLX_EXT_visual_info GLX_EXT_visual_rating GLX_EXT_import_context GLX_SGI_video_sync GLX_SGIX_fbconfig GLX_SGIX_pbuffer GLX_SGI_swap_control GLX_EXT_swap_control GLX_EXT_swap_control_tear GLX_EXT_buffer_age GLX_ARB_create_context GLX_ARB_create_context_profile GLX_NV_float_buffer GLX_ARB_fbconfig_float GLX_EXT_texture_from_pixmap GLX_EXT_framebuffer_sRGB GLX_NV_copy_image GLX_EXT_create_context_es_profile GLX_EXT_create_context_es2_profile GLX_ARB_create_context_no_error GLX_ARB_create_context_robustness GLX_NV_delay_before_swap GLX_EXT_stereo_tree GLX_ARB_context_flush_control GLX_NV_robustness_video_memory_purge GLX_NV_multigpu_context
Warning: X server took longer than 301 milliseconds to respond to ShowGtkWidget
Warning: X server took longer than 400 milliseconds to respond to SetGtkWindowSizePosition
Warning: X server took longer than 382 milliseconds to respond to SetGtkWindowSizePosition
[R4-B layout] StudioViewportWindow attempt=2 observed=(x:100.00, y:100.00, width:800.00, height:700.00) command=(x:20.00, y:40.00, width:1048.00, height:772.00) immediate=(x:20.00, y:40.00, width:1048.00, height:772.00)
UnityEngine.Debug:ExtractStackTraceNoAlloc (byte*,int,string)
UnityEngine.StackTraceUtility:ExtractStackTrace () (at /home/bokken/build/output/unity/unity/Runtime/Export/Scripting/StackTrace.cs:35)
UnityEngine.DebugLogHandler:Internal_Log (UnityEngine.LogType,UnityEngine.LogOption,string,UnityEngine.Object)
UnityEngine.DebugLogHandler:LogFormat (UnityEngine.LogType,UnityEngine.Object,string,object[])
UnityEngine.Logger:Log (UnityEngine.LogType,object)
UnityEngine.Debug:Log (object)
GameCore.Studio.UI.StudioDeferredLayout:Advance (double) (at ~/wkspace/gc-studio/r4-b/Packages/com.gamecore.studio.ui/Editor/Windows/StudioMenu.cs:191)
GameCore.Studio.UI.StudioDeferredLayout:Apply () (at ~/wkspace/gc-studio/r4-b/Packages/com.gamecore.studio.ui/Editor/Windows/StudioMenu.cs:134)
UnityEditor.EditorApplication:Internal_CallUpdateFunctions () (at /home/bokken/build/output/unity/unity/Editor/Mono/EditorApplication.cs:384)

(Filename: ~/wkspace/gc-studio/r4-b/Packages/com.gamecore.studio.ui/Editor/Windows/StudioMenu.cs Line: 191)

[R4-B layout] StudioContextWindow attempt=2 observed=(x:1076.00, y:69.00, width:544.00, height:336.00) command=(x:1076.00, y:40.00, width:544.00, height:336.56) immediate=(x:1076.00, y:40.00, width:544.00, height:336.56)
UnityEngine.Debug:ExtractStackTraceNoAlloc (byte*,int,string)
UnityEngine.StackTraceUtility:ExtractStackTrace () (at /home/bokken/build/output/unity/unity/Runtime/Export/Scripting/StackTrace.cs:35)
UnityEngine.DebugLogHandler:Internal_Log (UnityEngine.LogType,UnityEngine.LogOption,string,UnityEngine.Object)
UnityEngine.DebugLogHandler:LogFormat (UnityEngine.LogType,UnityEngine.Object,string,object[])
UnityEngine.Logger:Log (UnityEngine.LogType,object)
UnityEngine.Debug:Log (object)
GameCore.Studio.UI.StudioDeferredLayout:Advance (double) (at ~/wkspace/gc-studio/r4-b/Packages/com.gamecore.studio.ui/Editor/Windows/StudioMenu.cs:191)
GameCore.Studio.UI.StudioDeferredLayout:Apply () (at ~/wkspace/gc-studio/r4-b/Packages/com.gamecore.studio.ui/Editor/Windows/StudioMenu.cs:134)
UnityEditor.EditorApplication:Internal_CallUpdateFunctions () (at /home/bokken/build/output/unity/unity/Editor/Mono/EditorApplication.cs:384)

(Filename: ~/wkspace/gc-studio/r4-b/Packages/com.gamecore.studio.ui/Editor/Windows/StudioMenu.cs Line: 191)

[R4-B layout] StudioCandidatesWindow attempt=2 observed=(x:1076.00, y:384.00, width:544.00, height:353.00) command=(x:1076.00, y:384.56, width:544.00, height:353.72) immediate=(x:1076.00, y:384.56, width:544.00, height:353.72)
UnityEngine.Debug:ExtractStackTraceNoAlloc (byte*,int,string)
UnityEngine.StackTraceUtility:ExtractStackTrace () (at /home/bokken/build/output/unity/unity/Runtime/Export/Scripting/StackTrace.cs:35)
UnityEngine.DebugLogHandler:Internal_Log (UnityEngine.LogType,UnityEngine.LogOption,string,UnityEngine.Object)
UnityEngine.DebugLogHandler:LogFormat (UnityEngine.LogType,UnityEngine.Object,string,object[])
UnityEngine.Logger:Log (UnityEngine.LogType,object)
UnityEngine.Debug:Log (object)
GameCore.Studio.UI.StudioDeferredLayout:Advance (double) (at ~/wkspace/gc-studio/r4-b/Packages/com.gamecore.studio.ui/Editor/Windows/StudioMenu.cs:191)
GameCore.Studio.UI.StudioDeferredLayout:Apply () (at ~/wkspace/gc-studio/r4-b/Packages/com.gamecore.studio.ui/Editor/Windows/StudioMenu.cs:134)
UnityEditor.EditorApplication:Internal_CallUpdateFunctions () (at /home/bokken/build/output/unity/unity/Editor/Mono/EditorApplication.cs:384)

(Filename: ~/wkspace/gc-studio/r4-b/Packages/com.gamecore.studio.ui/Editor/Windows/StudioMenu.cs Line: 191)

[R4-B layout] StudioHistoryWindow attempt=2 observed=(x:0.00, y:26.00, width:320.00, height:200.00) command=(x:1076.00, y:746.28, width:544.00, height:293.72) immediate=(x:1076.00, y:746.28, width:544.00, height:293.72)
UnityEngine.Debug:ExtractStackTraceNoAlloc (byte*,int,string)
UnityEngine.StackTraceUtility:ExtractStackTrace () (at /home/bokken/build/output/unity/unity/Runtime/Export/Scripting/StackTrace.cs:35)
UnityEngine.DebugLogHandler:Internal_Log (UnityEngine.LogType,UnityEngine.LogOption,string,UnityEngine.Object)
UnityEngine.DebugLogHandler:LogFormat (UnityEngine.LogType,UnityEngine.Object,string,object[])
UnityEngine.Logger:Log (UnityEngine.LogType,object)
UnityEngine.Debug:Log (object)
GameCore.Studio.UI.StudioDeferredLayout:Advance (double) (at ~/wkspace/gc-studio/r4-b/Packages/com.gamecore.studio.ui/Editor/Windows/StudioMenu.cs:191)
GameCore.Studio.UI.StudioDeferredLayout:Apply () (at ~/wkspace/gc-studio/r4-b/Packages/com.gamecore.studio.ui/Editor/Windows/StudioMenu.cs:134)
UnityEditor.EditorApplication:Internal_CallUpdateFunctions () (at /home/bokken/build/output/unity/unity/Editor/Mono/EditorApplication.cs:384)

(Filename: ~/wkspace/gc-studio/r4-b/Packages/com.gamecore.studio.ui/Editor/Windows/StudioMenu.cs Line: 191)

Warning: X server took longer than 363 milliseconds to respond to SetGtkWindowSizePosition
[R4-B layout] StudioViewportWindow attempt=3 observed=(x:100.00, y:100.00, width:800.00, height:700.00) command=(x:-60.00, y:-20.00, width:1048.00, height:772.00) immediate=(x:-60.00, y:-20.00, width:1048.00, height:772.00)
UnityEngine.Debug:ExtractStackTraceNoAlloc (byte*,int,string)
UnityEngine.StackTraceUtility:ExtractStackTrace () (at /home/bokken/build/output/unity/unity/Runtime/Export/Scripting/StackTrace.cs:35)
UnityEngine.DebugLogHandler:Internal_Log (UnityEngine.LogType,UnityEngine.LogOption,string,UnityEngine.Object)
UnityEngine.DebugLogHandler:LogFormat (UnityEngine.LogType,UnityEngine.Object,string,object[])
UnityEngine.Logger:Log (UnityEngine.LogType,object)
UnityEngine.Debug:Log (object)
GameCore.Studio.UI.StudioDeferredLayout:Advance (double) (at ~/wkspace/gc-studio/r4-b/Packages/com.gamecore.studio.ui/Editor/Windows/StudioMenu.cs:191)
GameCore.Studio.UI.StudioDeferredLayout:Apply () (at ~/wkspace/gc-studio/r4-b/Packages/com.gamecore.studio.ui/Editor/Windows/StudioMenu.cs:134)
UnityEditor.EditorApplication:Internal_CallUpdateFunctions () (at /home/bokken/build/output/unity/unity/Editor/Mono/EditorApplication.cs:384)

(Filename: ~/wkspace/gc-studio/r4-b/Packages/com.gamecore.studio.ui/Editor/Windows/StudioMenu.cs Line: 191)

[R4-B layout] StudioContextWindow attempt=3 observed=(x:1076.00, y:69.00, width:544.00, height:336.00) command=(x:1076.00, y:11.00, width:544.00, height:336.56) immediate=(x:1076.00, y:11.00, width:544.00, height:336.56)
UnityEngine.Debug:ExtractStackTraceNoAlloc (byte*,int,string)
UnityEngine.StackTraceUtility:ExtractStackTrace () (at /home/bokken/build/output/unity/unity/Runtime/Export/Scripting/StackTrace.cs:35)
UnityEngine.DebugLogHandler:Internal_Log (UnityEngine.LogType,UnityEngine.LogOption,string,UnityEngine.Object)
UnityEngine.DebugLogHandler:LogFormat (UnityEngine.LogType,UnityEngine.Object,string,object[])
UnityEngine.Logger:Log (UnityEngine.LogType,object)
UnityEngine.Debug:Log (object)
GameCore.Studio.UI.StudioDeferredLayout:Advance (double) (at ~/wkspace/gc-studio/r4-b/Packages/com.gamecore.studio.ui/Editor/Windows/StudioMenu.cs:191)
GameCore.Studio.UI.StudioDeferredLayout:Apply () (at ~/wkspace/gc-studio/r4-b/Packages/com.gamecore.studio.ui/Editor/Windows/StudioMenu.cs:134)
UnityEditor.EditorApplication:Internal_CallUpdateFunctions () (at /home/bokken/build/output/unity/unity/Editor/Mono/EditorApplication.cs:384)

(Filename: ~/wkspace/gc-studio/r4-b/Packages/com.gamecore.studio.ui/Editor/Windows/StudioMenu.cs Line: 191)

[R4-B layout] StudioCandidatesWindow attempt=3 observed=(x:1076.00, y:384.00, width:544.00, height:353.00) command=(x:1076.00, y:385.12, width:544.00, height:353.72) immediate=(x:1076.00, y:385.12, width:544.00, height:353.72)
UnityEngine.Debug:ExtractStackTraceNoAlloc (byte*,int,string)
UnityEngine.StackTraceUtility:ExtractStackTrace () (at /home/bokken/build/output/unity/unity/Runtime/Export/Scripting/StackTrace.cs:35)
UnityEngine.DebugLogHandler:Internal_Log (UnityEngine.LogType,UnityEngine.LogOption,string,UnityEngine.Object)
UnityEngine.DebugLogHandler:LogFormat (UnityEngine.LogType,UnityEngine.Object,string,object[])
UnityEngine.Logger:Log (UnityEngine.LogType,object)
UnityEngine.Debug:Log (object)
GameCore.Studio.UI.StudioDeferredLayout:Advance (double) (at ~/wkspace/gc-studio/r4-b/Packages/com.gamecore.studio.ui/Editor/Windows/StudioMenu.cs:191)
GameCore.Studio.UI.StudioDeferredLayout:Apply () (at ~/wkspace/gc-studio/r4-b/Packages/com.gamecore.studio.ui/Editor/Windows/StudioMenu.cs:134)
UnityEditor.EditorApplication:Internal_CallUpdateFunctions () (at /home/bokken/build/output/unity/unity/Editor/Mono/EditorApplication.cs:384)

(Filename: ~/wkspace/gc-studio/r4-b/Packages/com.gamecore.studio.ui/Editor/Windows/StudioMenu.cs Line: 191)

[R4-B layout] StudioHistoryWindow attempt=3 observed=(x:1076.00, y:746.00, width:320.00, height:200.00) command=(x:1076.00, y:746.56, width:544.00, height:293.72) immediate=(x:1076.00, y:746.56, width:544.00, height:293.72)
UnityEngine.Debug:ExtractStackTraceNoAlloc (byte*,int,string)
UnityEngine.StackTraceUtility:ExtractStackTrace () (at /home/bokken/build/output/unity/unity/Runtime/Export/Scripting/StackTrace.cs:35)
UnityEngine.DebugLogHandler:Internal_Log (UnityEngine.LogType,UnityEngine.LogOption,string,UnityEngine.Object)
UnityEngine.DebugLogHandler:LogFormat (UnityEngine.LogType,UnityEngine.Object,string,object[])
UnityEngine.Logger:Log (UnityEngine.LogType,object)
UnityEngine.Debug:Log (object)
GameCore.Studio.UI.StudioDeferredLayout:Advance (double) (at ~/wkspace/gc-studio/r4-b/Packages/com.gamecore.studio.ui/Editor/Windows/StudioMenu.cs:191)
GameCore.Studio.UI.StudioDeferredLayout:Apply () (at ~/wkspace/gc-studio/r4-b/Packages/com.gamecore.studio.ui/Editor/Windows/StudioMenu.cs:134)
UnityEditor.EditorApplication:Internal_CallUpdateFunctions () (at /home/bokken/build/output/unity/unity/Editor/Mono/EditorApplication.cs:384)

(Filename: ~/wkspace/gc-studio/r4-b/Packages/com.gamecore.studio.ui/Editor/Windows/StudioMenu.cs Line: 191)

Warning: X server took longer than 326 milliseconds to respond to SetGtkWindowSizePosition
Warning: X server took longer than 400 milliseconds to respond to SetGtkWindowSizePosition
[R4-B layout] StudioViewportWindow attempt=4 observed=(x:100.00, y:100.00, width:800.00, height:700.00) command=(x:20.00, y:40.00, width:1048.00, height:772.00) immediate=(x:20.00, y:40.00, width:1048.00, height:772.00)
UnityEngine.Debug:ExtractStackTraceNoAlloc (byte*,int,string)
UnityEngine.StackTraceUtility:ExtractStackTrace () (at /home/bokken/build/output/unity/unity/Runtime/Export/Scripting/StackTrace.cs:35)
UnityEngine.DebugLogHandler:Internal_Log (UnityEngine.LogType,UnityEngine.LogOption,string,UnityEngine.Object)
UnityEngine.DebugLogHandler:LogFormat (UnityEngine.LogType,UnityEngine.Object,string,object[])
UnityEngine.Logger:Log (UnityEngine.LogType,object)
UnityEngine.Debug:Log (object)
GameCore.Studio.UI.StudioDeferredLayout:Advance (double) (at ~/wkspace/gc-studio/r4-b/Packages/com.gamecore.studio.ui/Editor/Windows/StudioMenu.cs:191)
GameCore.Studio.UI.StudioDeferredLayout:Apply () (at ~/wkspace/gc-studio/r4-b/Packages/com.gamecore.studio.ui/Editor/Windows/StudioMenu.cs:134)
UnityEditor.EditorApplication:Internal_CallUpdateFunctions () (at /home/bokken/build/output/unity/unity/Editor/Mono/EditorApplication.cs:384)

(Filename: ~/wkspace/gc-studio/r4-b/Packages/com.gamecore.studio.ui/Editor/Windows/StudioMenu.cs Line: 191)

[R4-B layout] StudioContextWindow attempt=4 observed=(x:1076.00, y:11.00, width:544.00, height:336.56) command=(x:1076.00, y:40.00, width:544.00, height:336.56) immediate=(x:1076.00, y:40.00, width:544.00, height:336.56)
UnityEngine.Debug:ExtractStackTraceNoAlloc (byte*,int,string)
UnityEngine.StackTraceUtility:ExtractStackTrace () (at /home/bokken/build/output/unity/unity/Runtime/Export/Scripting/StackTrace.cs:35)
UnityEngine.DebugLogHandler:Internal_Log (UnityEngine.LogType,UnityEngine.LogOption,string,UnityEngine.Object)
UnityEngine.DebugLogHandler:LogFormat (UnityEngine.LogType,UnityEngine.Object,string,object[])
UnityEngine.Logger:Log (UnityEngine.LogType,object)
UnityEngine.Debug:Log (object)
GameCore.Studio.UI.StudioDeferredLayout:Advance (double) (at ~/wkspace/gc-studio/r4-b/Packages/com.gamecore.studio.ui/Editor/Windows/StudioMenu.cs:191)
GameCore.Studio.UI.StudioDeferredLayout:Apply () (at ~/wkspace/gc-studio/r4-b/Packages/com.gamecore.studio.ui/Editor/Windows/StudioMenu.cs:134)
UnityEditor.EditorApplication:Internal_CallUpdateFunctions () (at /home/bokken/build/output/unity/unity/Editor/Mono/EditorApplication.cs:384)

(Filename: ~/wkspace/gc-studio/r4-b/Packages/com.gamecore.studio.ui/Editor/Windows/StudioMenu.cs Line: 191)

[R4-B layout] StudioCandidatesWindow attempt=4 observed=(x:1076.00, y:385.00, width:544.00, height:353.00) command=(x:1076.00, y:384.56, width:544.00, height:353.72) immediate=(x:1076.00, y:384.56, width:544.00, height:353.72)
UnityEngine.Debug:ExtractStackTraceNoAlloc (byte*,int,string)
UnityEngine.StackTraceUtility:ExtractStackTrace () (at /home/bokken/build/output/unity/unity/Runtime/Export/Scripting/StackTrace.cs:35)
UnityEngine.DebugLogHandler:Internal_Log (UnityEngine.LogType,UnityEngine.LogOption,string,UnityEngine.Object)
UnityEngine.DebugLogHandler:LogFormat (UnityEngine.LogType,UnityEngine.Object,string,object[])
UnityEngine.Logger:Log (UnityEngine.LogType,object)
UnityEngine.Debug:Log (object)
GameCore.Studio.UI.StudioDeferredLayout:Advance (double) (at ~/wkspace/gc-studio/r4-b/Packages/com.gamecore.studio.ui/Editor/Windows/StudioMenu.cs:191)
GameCore.Studio.UI.StudioDeferredLayout:Apply () (at ~/wkspace/gc-studio/r4-b/Packages/com.gamecore.studio.ui/Editor/Windows/StudioMenu.cs:134)
UnityEditor.EditorApplication:Internal_CallUpdateFunctions () (at /home/bokken/build/output/unity/unity/Editor/Mono/EditorApplication.cs:384)

(Filename: ~/wkspace/gc-studio/r4-b/Packages/com.gamecore.studio.ui/Editor/Windows/StudioMenu.cs Line: 191)

[R4-B layout] StudioHistoryWindow attempt=4 observed=(x:1076.00, y:746.00, width:320.00, height:200.00) command=(x:1076.00, y:746.28, width:544.00, height:293.72) immediate=(x:1076.00, y:746.28, width:544.00, height:293.72)
UnityEngine.Debug:ExtractStackTraceNoAlloc (byte*,int,string)
UnityEngine.StackTraceUtility:ExtractStackTrace () (at /home/bokken/build/output/unity/unity/Runtime/Export/Scripting/StackTrace.cs:35)
UnityEngine.DebugLogHandler:Internal_Log (UnityEngine.LogType,UnityEngine.LogOption,string,UnityEngine.Object)
UnityEngine.DebugLogHandler:LogFormat (UnityEngine.LogType,UnityEngine.Object,string,object[])
UnityEngine.Logger:Log (UnityEngine.LogType,object)
UnityEngine.Debug:Log (object)
GameCore.Studio.UI.StudioDeferredLayout:Advance (double) (at ~/wkspace/gc-studio/r4-b/Packages/com.gamecore.studio.ui/Editor/Windows/StudioMenu.cs:191)
GameCore.Studio.UI.StudioDeferredLayout:Apply () (at ~/wkspace/gc-studio/r4-b/Packages/com.gamecore.studio.ui/Editor/Windows/StudioMenu.cs:134)
UnityEditor.EditorApplication:Internal_CallUpdateFunctions () (at /home/bokken/build/output/unity/unity/Editor/Mono/EditorApplication.cs:384)

(Filename: ~/wkspace/gc-studio/r4-b/Packages/com.gamecore.studio.ui/Editor/Windows/StudioMenu.cs Line: 191)

[R4-B layout] StudioViewportWindow attempt=5 observed=(x:100.00, y:100.00, width:800.00, height:700.00) command=(x:-60.00, y:-20.00, width:1048.00, height:772.00) immediate=(x:0.00, y:26.00, width:800.00, height:700.00)
UnityEngine.Debug:ExtractStackTraceNoAlloc (byte*,int,string)
UnityEngine.StackTraceUtility:ExtractStackTrace () (at /home/bokken/build/output/unity/unity/Runtime/Export/Scripting/StackTrace.cs:35)
UnityEngine.DebugLogHandler:Internal_Log (UnityEngine.LogType,UnityEngine.LogOption,string,UnityEngine.Object)
UnityEngine.DebugLogHandler:LogFormat (UnityEngine.LogType,UnityEngine.Object,string,object[])
UnityEngine.Logger:Log (UnityEngine.LogType,object)
UnityEngine.Debug:Log (object)
GameCore.Studio.UI.StudioDeferredLayout:Advance (double) (at ~/wkspace/gc-studio/r4-b/Packages/com.gamecore.studio.ui/Editor/Windows/StudioMenu.cs:191)
GameCore.Studio.UI.StudioDeferredLayout:Apply () (at ~/wkspace/gc-studio/r4-b/Packages/com.gamecore.studio.ui/Editor/Windows/StudioMenu.cs:134)
UnityEditor.EditorApplication:Internal_CallUpdateFunctions () (at /home/bokken/build/output/unity/unity/Editor/Mono/EditorApplication.cs:384)

(Filename: ~/wkspace/gc-studio/r4-b/Packages/com.gamecore.studio.ui/Editor/Windows/StudioMenu.cs Line: 191)

Warning: X server took longer than 346 milliseconds to respond to SetGtkWindowSizePosition
[R4-B layout] StudioViewportWindow attempt=6 observed=(x:100.00, y:100.00, width:800.00, height:700.00) command=(x:20.00, y:40.00, width:1048.00, height:772.00) immediate=(x:20.00, y:40.00, width:1048.00, height:772.00)
UnityEngine.Debug:ExtractStackTraceNoAlloc (byte*,int,string)
UnityEngine.StackTraceUtility:ExtractStackTrace () (at /home/bokken/build/output/unity/unity/Runtime/Export/Scripting/StackTrace.cs:35)
UnityEngine.DebugLogHandler:Internal_Log (UnityEngine.LogType,UnityEngine.LogOption,string,UnityEngine.Object)
UnityEngine.DebugLogHandler:LogFormat (UnityEngine.LogType,UnityEngine.Object,string,object[])
UnityEngine.Logger:Log (UnityEngine.LogType,object)
UnityEngine.Debug:Log (object)
GameCore.Studio.UI.StudioDeferredLayout:Advance (double) (at ~/wkspace/gc-studio/r4-b/Packages/com.gamecore.studio.ui/Editor/Windows/StudioMenu.cs:191)
GameCore.Studio.UI.StudioDeferredLayout:Apply () (at ~/wkspace/gc-studio/r4-b/Packages/com.gamecore.studio.ui/Editor/Windows/StudioMenu.cs:134)
UnityEditor.EditorApplication:Internal_CallUpdateFunctions () (at /home/bokken/build/output/unity/unity/Editor/Mono/EditorApplication.cs:384)

(Filename: ~/wkspace/gc-studio/r4-b/Packages/com.gamecore.studio.ui/Editor/Windows/StudioMenu.cs Line: 191)

Warning: X server took longer than 384 milliseconds to respond to SetGtkWindowSizePosition
[R4-B layout] StudioViewportWindow attempt=7 observed=(x:100.00, y:100.00, width:800.00, height:700.00) command=(x:-60.00, y:-20.00, width:1048.00, height:772.00) immediate=(x:-60.00, y:-20.00, width:1048.00, height:772.00)
UnityEngine.Debug:ExtractStackTraceNoAlloc (byte*,int,string)
UnityEngine.StackTraceUtility:ExtractStackTrace () (at /home/bokken/build/output/unity/unity/Runtime/Export/Scripting/StackTrace.cs:35)
UnityEngine.DebugLogHandler:Internal_Log (UnityEngine.LogType,UnityEngine.LogOption,string,UnityEngine.Object)
UnityEngine.DebugLogHandler:LogFormat (UnityEngine.LogType,UnityEngine.Object,string,object[])
UnityEngine.Logger:Log (UnityEngine.LogType,object)
UnityEngine.Debug:Log (object)
GameCore.Studio.UI.StudioDeferredLayout:Advance (double) (at ~/wkspace/gc-studio/r4-b/Packages/com.gamecore.studio.ui/Editor/Windows/StudioMenu.cs:191)
GameCore.Studio.UI.StudioDeferredLayout:Apply () (at ~/wkspace/gc-studio/r4-b/Packages/com.gamecore.studio.ui/Editor/Windows/StudioMenu.cs:134)
UnityEditor.EditorApplication:Internal_CallUpdateFunctions () (at /home/bokken/build/output/unity/unity/Editor/Mono/EditorApplication.cs:384)

(Filename: ~/wkspace/gc-studio/r4-b/Packages/com.gamecore.studio.ui/Editor/Windows/StudioMenu.cs Line: 191)

[R4-B layout] StudioViewportWindow attempt=8 observed=(x:100.00, y:100.00, width:800.00, height:700.00) command=(x:20.00, y:40.00, width:1048.00, height:772.00) immediate=(x:20.00, y:40.00, width:1048.00, height:772.00)
UnityEngine.Debug:ExtractStackTraceNoAlloc (byte*,int,string)
UnityEngine.StackTraceUtility:ExtractStackTrace () (at /home/bokken/build/output/unity/unity/Runtime/Export/Scripting/StackTrace.cs:35)
UnityEngine.DebugLogHandler:Internal_Log (UnityEngine.LogType,UnityEngine.LogOption,string,UnityEngine.Object)
UnityEngine.DebugLogHandler:LogFormat (UnityEngine.LogType,UnityEngine.Object,string,object[])
UnityEngine.Logger:Log (UnityEngine.LogType,object)
UnityEngine.Debug:Log (object)
GameCore.Studio.UI.StudioDeferredLayout:Advance (double) (at ~/wkspace/gc-studio/r4-b/Packages/com.gamecore.studio.ui/Editor/Windows/StudioMenu.cs:191)
GameCore.Studio.UI.StudioDeferredLayout:Apply () (at ~/wkspace/gc-studio/r4-b/Packages/com.gamecore.studio.ui/Editor/Windows/StudioMenu.cs:134)
UnityEditor.EditorApplication:Internal_CallUpdateFunctions () (at /home/bokken/build/output/unity/unity/Editor/Mono/EditorApplication.cs:384)

(Filename: ~/wkspace/gc-studio/r4-b/Packages/com.gamecore.studio.ui/Editor/Windows/StudioMenu.cs Line: 191)

[R4-B layout] StudioViewportWindow attempt=9 observed=(x:0.00, y:26.00, width:1048.00, height:772.00) command=(x:40.00, y:54.00, width:1048.00, height:772.00) immediate=(x:40.00, y:54.00, width:1048.00, height:772.00)
UnityEngine.Debug:ExtractStackTraceNoAlloc (byte*,int,string)
UnityEngine.StackTraceUtility:ExtractStackTrace () (at /home/bokken/build/output/unity/unity/Runtime/Export/Scripting/StackTrace.cs:35)
UnityEngine.DebugLogHandler:Internal_Log (UnityEngine.LogType,UnityEngine.LogOption,string,UnityEngine.Object)
UnityEngine.DebugLogHandler:LogFormat (UnityEngine.LogType,UnityEngine.Object,string,object[])
UnityEngine.Logger:Log (UnityEngine.LogType,object)
UnityEngine.Debug:Log (object)
GameCore.Studio.UI.StudioDeferredLayout:Advance (double) (at ~/wkspace/gc-studio/r4-b/Packages/com.gamecore.studio.ui/Editor/Windows/StudioMenu.cs:191)
GameCore.Studio.UI.StudioDeferredLayout:Apply () (at ~/wkspace/gc-studio/r4-b/Packages/com.gamecore.studio.ui/Editor/Windows/StudioMenu.cs:134)
UnityEditor.EditorApplication:Internal_CallUpdateFunctions () (at /home/bokken/build/output/unity/unity/Editor/Mono/EditorApplication.cs:384)

(Filename: ~/wkspace/gc-studio/r4-b/Packages/com.gamecore.studio.ui/Editor/Windows/StudioMenu.cs Line: 191)

[R4-B layout] StudioViewportWindow attempt=10 observed=(x:20.00, y:69.00, width:1048.00, height:772.00) command=(x:20.00, y:40.00, width:1048.00, height:772.00) immediate=(x:20.00, y:40.00, width:1048.00, height:772.00)
UnityEngine.Debug:ExtractStackTraceNoAlloc (byte*,int,string)
UnityEngine.StackTraceUtility:ExtractStackTrace () (at /home/bokken/build/output/unity/unity/Runtime/Export/Scripting/StackTrace.cs:35)
UnityEngine.DebugLogHandler:Internal_Log (UnityEngine.LogType,UnityEngine.LogOption,string,UnityEngine.Object)
UnityEngine.DebugLogHandler:LogFormat (UnityEngine.LogType,UnityEngine.Object,string,object[])
UnityEngine.Logger:Log (UnityEngine.LogType,object)
UnityEngine.Debug:Log (object)
GameCore.Studio.UI.StudioDeferredLayout:Advance (double) (at ~/wkspace/gc-studio/r4-b/Packages/com.gamecore.studio.ui/Editor/Windows/StudioMenu.cs:191)
GameCore.Studio.UI.StudioDeferredLayout:Apply () (at ~/wkspace/gc-studio/r4-b/Packages/com.gamecore.studio.ui/Editor/Windows/StudioMenu.cs:134)
UnityEditor.EditorApplication:Internal_CallUpdateFunctions () (at /home/bokken/build/output/unity/unity/Editor/Mono/EditorApplication.cs:384)

(Filename: ~/wkspace/gc-studio/r4-b/Packages/com.gamecore.studio.ui/Editor/Windows/StudioMenu.cs Line: 191)

[R4-B layout] StudioViewportWindow attempt=11 observed=(x:20.00, y:69.00, width:1048.00, height:772.00) command=(x:20.00, y:11.00, width:1048.00, height:772.00) immediate=(x:20.00, y:11.00, width:1048.00, height:772.00)
UnityEngine.Debug:ExtractStackTraceNoAlloc (byte*,int,string)
UnityEngine.StackTraceUtility:ExtractStackTrace () (at /home/bokken/build/output/unity/unity/Runtime/Export/Scripting/StackTrace.cs:35)
UnityEngine.DebugLogHandler:Internal_Log (UnityEngine.LogType,UnityEngine.LogOption,string,UnityEngine.Object)
UnityEngine.DebugLogHandler:LogFormat (UnityEngine.LogType,UnityEngine.Object,string,object[])
UnityEngine.Logger:Log (UnityEngine.LogType,object)
UnityEngine.Debug:Log (object)
GameCore.Studio.UI.StudioDeferredLayout:Advance (double) (at ~/wkspace/gc-studio/r4-b/Packages/com.gamecore.studio.ui/Editor/Windows/StudioMenu.cs:191)
GameCore.Studio.UI.StudioDeferredLayout:Apply () (at ~/wkspace/gc-studio/r4-b/Packages/com.gamecore.studio.ui/Editor/Windows/StudioMenu.cs:134)
UnityEditor.EditorApplication:Internal_CallUpdateFunctions () (at /home/bokken/build/output/unity/unity/Editor/Mono/EditorApplication.cs:384)

(Filename: ~/wkspace/gc-studio/r4-b/Packages/com.gamecore.studio.ui/Editor/Windows/StudioMenu.cs Line: 191)

[R4-B layout] StudioViewportWindow attempt=12 observed=(x:20.00, y:69.00, width:1048.00, height:772.00) command=(x:20.00, y:40.00, width:1048.00, height:772.00) immediate=(x:20.00, y:40.00, width:1048.00, height:772.00)
UnityEngine.Debug:ExtractStackTraceNoAlloc (byte*,int,string)
UnityEngine.StackTraceUtility:ExtractStackTrace () (at /home/bokken/build/output/unity/unity/Runtime/Export/Scripting/StackTrace.cs:35)
UnityEngine.DebugLogHandler:Internal_Log (UnityEngine.LogType,UnityEngine.LogOption,string,UnityEngine.Object)
UnityEngine.DebugLogHandler:LogFormat (UnityEngine.LogType,UnityEngine.Object,string,object[])
UnityEngine.Logger:Log (UnityEngine.LogType,object)
UnityEngine.Debug:Log (object)
GameCore.Studio.UI.StudioDeferredLayout:Advance (double) (at ~/wkspace/gc-studio/r4-b/Packages/com.gamecore.studio.ui/Editor/Windows/StudioMenu.cs:191)
GameCore.Studio.UI.StudioDeferredLayout:Apply () (at ~/wkspace/gc-studio/r4-b/Packages/com.gamecore.studio.ui/Editor/Windows/StudioMenu.cs:134)
UnityEditor.EditorApplication:Internal_CallUpdateFunctions () (at /home/bokken/build/output/unity/unity/Editor/Mono/EditorApplication.cs:384)

(Filename: ~/wkspace/gc-studio/r4-b/Packages/com.gamecore.studio.ui/Editor/Windows/StudioMenu.cs Line: 191)

[R4-B layout] StudioViewportWindow attempt=13 observed=(x:20.00, y:69.00, width:1048.00, height:772.00) command=(x:20.00, y:11.00, width:1048.00, height:772.00) immediate=(x:20.00, y:11.00, width:1048.00, height:772.00)
UnityEngine.Debug:ExtractStackTraceNoAlloc (byte*,int,string)
UnityEngine.StackTraceUtility:ExtractStackTrace () (at /home/bokken/build/output/unity/unity/Runtime/Export/Scripting/StackTrace.cs:35)
UnityEngine.DebugLogHandler:Internal_Log (UnityEngine.LogType,UnityEngine.LogOption,string,UnityEngine.Object)
UnityEngine.DebugLogHandler:LogFormat (UnityEngine.LogType,UnityEngine.Object,string,object[])
UnityEngine.Logger:Log (UnityEngine.LogType,object)
UnityEngine.Debug:Log (object)
GameCore.Studio.UI.StudioDeferredLayout:Advance (double) (at ~/wkspace/gc-studio/r4-b/Packages/com.gamecore.studio.ui/Editor/Windows/StudioMenu.cs:191)
GameCore.Studio.UI.StudioDeferredLayout:Apply () (at ~/wkspace/gc-studio/r4-b/Packages/com.gamecore.studio.ui/Editor/Windows/StudioMenu.cs:134)
UnityEditor.EditorApplication:Internal_CallUpdateFunctions () (at /home/bokken/build/output/unity/unity/Editor/Mono/EditorApplication.cs:384)

(Filename: ~/wkspace/gc-studio/r4-b/Packages/com.gamecore.studio.ui/Editor/Windows/StudioMenu.cs Line: 191)

[R4-B layout] StudioViewportWindow attempt=14 observed=(x:20.00, y:69.00, width:1048.00, height:772.00) command=(x:20.00, y:40.00, width:1048.00, height:772.00) immediate=(x:20.00, y:40.00, width:1048.00, height:772.00)
UnityEngine.Debug:ExtractStackTraceNoAlloc (byte*,int,string)
UnityEngine.StackTraceUtility:ExtractStackTrace () (at /home/bokken/build/output/unity/unity/Runtime/Export/Scripting/StackTrace.cs:35)
UnityEngine.DebugLogHandler:Internal_Log (UnityEngine.LogType,UnityEngine.LogOption,string,UnityEngine.Object)
UnityEngine.DebugLogHandler:LogFormat (UnityEngine.LogType,UnityEngine.Object,string,object[])
UnityEngine.Logger:Log (UnityEngine.LogType,object)
UnityEngine.Debug:Log (object)
GameCore.Studio.UI.StudioDeferredLayout:Advance (double) (at ~/wkspace/gc-studio/r4-b/Packages/com.gamecore.studio.ui/Editor/Windows/StudioMenu.cs:191)
GameCore.Studio.UI.StudioDeferredLayout:Apply () (at ~/wkspace/gc-studio/r4-b/Packages/com.gamecore.studio.ui/Editor/Windows/StudioMenu.cs:134)
UnityEditor.EditorApplication:Internal_CallUpdateFunctions () (at /home/bokken/build/output/unity/unity/Editor/Mono/EditorApplication.cs:384)

(Filename: ~/wkspace/gc-studio/r4-b/Packages/com.gamecore.studio.ui/Editor/Windows/StudioMenu.cs Line: 191)

[R4-B layout] StudioViewportWindow attempt=15 observed=(x:20.00, y:69.00, width:1048.00, height:772.00) command=(x:20.00, y:11.00, width:1048.00, height:772.00) immediate=(x:20.00, y:11.00, width:1048.00, height:772.00)
UnityEngine.Debug:ExtractStackTraceNoAlloc (byte*,int,string)
UnityEngine.StackTraceUtility:ExtractStackTrace () (at /home/bokken/build/output/unity/unity/Runtime/Export/Scripting/StackTrace.cs:35)
UnityEngine.DebugLogHandler:Internal_Log (UnityEngine.LogType,UnityEngine.LogOption,string,UnityEngine.Object)
UnityEngine.DebugLogHandler:LogFormat (UnityEngine.LogType,UnityEngine.Object,string,object[])
UnityEngine.Logger:Log (UnityEngine.LogType,object)
UnityEngine.Debug:Log (object)
GameCore.Studio.UI.StudioDeferredLayout:Advance (double) (at ~/wkspace/gc-studio/r4-b/Packages/com.gamecore.studio.ui/Editor/Windows/StudioMenu.cs:191)
GameCore.Studio.UI.StudioDeferredLayout:Apply () (at ~/wkspace/gc-studio/r4-b/Packages/com.gamecore.studio.ui/Editor/Windows/StudioMenu.cs:134)
UnityEditor.EditorApplication:Internal_CallUpdateFunctions () (at /home/bokken/build/output/unity/unity/Editor/Mono/EditorApplication.cs:384)

(Filename: ~/wkspace/gc-studio/r4-b/Packages/com.gamecore.studio.ui/Editor/Windows/StudioMenu.cs Line: 191)

[R4-B layout] StudioViewportWindow attempt=16 observed=(x:20.00, y:69.00, width:1048.00, height:772.00) command=(x:20.00, y:40.00, width:1048.00, height:772.00) immediate=(x:20.00, y:40.00, width:1048.00, height:772.00)
UnityEngine.Debug:ExtractStackTraceNoAlloc (byte*,int,string)
UnityEngine.StackTraceUtility:ExtractStackTrace () (at /home/bokken/build/output/unity/unity/Runtime/Export/Scripting/StackTrace.cs:35)
UnityEngine.DebugLogHandler:Internal_Log (UnityEngine.LogType,UnityEngine.LogOption,string,UnityEngine.Object)
UnityEngine.DebugLogHandler:LogFormat (UnityEngine.LogType,UnityEngine.Object,string,object[])
UnityEngine.Logger:Log (UnityEngine.LogType,object)
UnityEngine.Debug:Log (object)
GameCore.Studio.UI.StudioDeferredLayout:Advance (double) (at ~/wkspace/gc-studio/r4-b/Packages/com.gamecore.studio.ui/Editor/Windows/StudioMenu.cs:191)
GameCore.Studio.UI.StudioDeferredLayout:Apply () (at ~/wkspace/gc-studio/r4-b/Packages/com.gamecore.studio.ui/Editor/Windows/StudioMenu.cs:134)
UnityEditor.EditorApplication:Internal_CallUpdateFunctions () (at /home/bokken/build/output/unity/unity/Editor/Mono/EditorApplication.cs:384)

(Filename: ~/wkspace/gc-studio/r4-b/Packages/com.gamecore.studio.ui/Editor/Windows/StudioMenu.cs Line: 191)

[R4-B layout] StudioViewportWindow attempt=17 observed=(x:20.00, y:69.00, width:1048.00, height:772.00) command=(x:20.00, y:11.00, width:1048.00, height:772.00) immediate=(x:20.00, y:11.00, width:1048.00, height:772.00)
UnityEngine.Debug:ExtractStackTraceNoAlloc (byte*,int,string)
UnityEngine.StackTraceUtility:ExtractStackTrace () (at /home/bokken/build/output/unity/unity/Runtime/Export/Scripting/StackTrace.cs:35)
UnityEngine.DebugLogHandler:Internal_Log (UnityEngine.LogType,UnityEngine.LogOption,string,UnityEngine.Object)
UnityEngine.DebugLogHandler:LogFormat (UnityEngine.LogType,UnityEngine.Object,string,object[])
UnityEngine.Logger:Log (UnityEngine.LogType,object)
UnityEngine.Debug:Log (object)
GameCore.Studio.UI.StudioDeferredLayout:Advance (double) (at ~/wkspace/gc-studio/r4-b/Packages/com.gamecore.studio.ui/Editor/Windows/StudioMenu.cs:191)
GameCore.Studio.UI.StudioDeferredLayout:Apply () (at ~/wkspace/gc-studio/r4-b/Packages/com.gamecore.studio.ui/Editor/Windows/StudioMenu.cs:134)
UnityEditor.EditorApplication:Internal_CallUpdateFunctions () (at /home/bokken/build/output/unity/unity/Editor/Mono/EditorApplication.cs:384)

(Filename: ~/wkspace/gc-studio/r4-b/Packages/com.gamecore.studio.ui/Editor/Windows/StudioMenu.cs Line: 191)

[R4-B layout] StudioViewportWindow attempt=18 observed=(x:20.00, y:69.00, width:1048.00, height:772.00) command=(x:20.00, y:40.00, width:1048.00, height:772.00) immediate=(x:20.00, y:40.00, width:1048.00, height:772.00)
UnityEngine.Debug:ExtractStackTraceNoAlloc (byte*,int,string)
UnityEngine.StackTraceUtility:ExtractStackTrace () (at /home/bokken/build/output/unity/unity/Runtime/Export/Scripting/StackTrace.cs:35)
UnityEngine.DebugLogHandler:Internal_Log (UnityEngine.LogType,UnityEngine.LogOption,string,UnityEngine.Object)
UnityEngine.DebugLogHandler:LogFormat (UnityEngine.LogType,UnityEngine.Object,string,object[])
UnityEngine.Logger:Log (UnityEngine.LogType,object)
UnityEngine.Debug:Log (object)
GameCore.Studio.UI.StudioDeferredLayout:Advance (double) (at ~/wkspace/gc-studio/r4-b/Packages/com.gamecore.studio.ui/Editor/Windows/StudioMenu.cs:191)
GameCore.Studio.UI.StudioDeferredLayout:Apply () (at ~/wkspace/gc-studio/r4-b/Packages/com.gamecore.studio.ui/Editor/Windows/StudioMenu.cs:134)
UnityEditor.EditorApplication:Internal_CallUpdateFunctions () (at /home/bokken/build/output/unity/unity/Editor/Mono/EditorApplication.cs:384)

(Filename: ~/wkspace/gc-studio/r4-b/Packages/com.gamecore.studio.ui/Editor/Windows/StudioMenu.cs Line: 191)

[R4-B layout] StudioViewportWindow attempt=19 observed=(x:20.00, y:69.00, width:1048.00, height:772.00) command=(x:20.00, y:11.00, width:1048.00, height:772.00) immediate=(x:20.00, y:11.00, width:1048.00, height:772.00)
UnityEngine.Debug:ExtractStackTraceNoAlloc (byte*,int,string)
UnityEngine.StackTraceUtility:ExtractStackTrace () (at /home/bokken/build/output/unity/unity/Runtime/Export/Scripting/StackTrace.cs:35)
UnityEngine.DebugLogHandler:Internal_Log (UnityEngine.LogType,UnityEngine.LogOption,string,UnityEngine.Object)
UnityEngine.DebugLogHandler:LogFormat (UnityEngine.LogType,UnityEngine.Object,string,object[])
UnityEngine.Logger:Log (UnityEngine.LogType,object)
UnityEngine.Debug:Log (object)
GameCore.Studio.UI.StudioDeferredLayout:Advance (double) (at ~/wkspace/gc-studio/r4-b/Packages/com.gamecore.studio.ui/Editor/Windows/StudioMenu.cs:191)
GameCore.Studio.UI.StudioDeferredLayout:Apply () (at ~/wkspace/gc-studio/r4-b/Packages/com.gamecore.studio.ui/Editor/Windows/StudioMenu.cs:134)
UnityEditor.EditorApplication:Internal_CallUpdateFunctions () (at /home/bokken/build/output/unity/unity/Editor/Mono/EditorApplication.cs:384)

(Filename: ~/wkspace/gc-studio/r4-b/Packages/com.gamecore.studio.ui/Editor/Windows/StudioMenu.cs Line: 191)

[R4-B layout] StudioViewportWindow attempt=20 observed=(x:20.00, y:69.00, width:1048.00, height:772.00) command=(x:20.00, y:40.00, width:1048.00, height:772.00) immediate=(x:20.00, y:40.00, width:1048.00, height:772.00)
UnityEngine.Debug:ExtractStackTraceNoAlloc (byte*,int,string)
UnityEngine.StackTraceUtility:ExtractStackTrace () (at /home/bokken/build/output/unity/unity/Runtime/Export/Scripting/StackTrace.cs:35)
UnityEngine.DebugLogHandler:Internal_Log (UnityEngine.LogType,UnityEngine.LogOption,string,UnityEngine.Object)
UnityEngine.DebugLogHandler:LogFormat (UnityEngine.LogType,UnityEngine.Object,string,object[])
UnityEngine.Logger:Log (UnityEngine.LogType,object)
UnityEngine.Debug:Log (object)
GameCore.Studio.UI.StudioDeferredLayout:Advance (double) (at ~/wkspace/gc-studio/r4-b/Packages/com.gamecore.studio.ui/Editor/Windows/StudioMenu.cs:191)
GameCore.Studio.UI.StudioDeferredLayout:Apply () (at ~/wkspace/gc-studio/r4-b/Packages/com.gamecore.studio.ui/Editor/Windows/StudioMenu.cs:134)
UnityEditor.EditorApplication:Internal_CallUpdateFunctions () (at /home/bokken/build/output/unity/unity/Editor/Mono/EditorApplication.cs:384)

(Filename: ~/wkspace/gc-studio/r4-b/Packages/com.gamecore.studio.ui/Editor/Windows/StudioMenu.cs Line: 191)

[R4-B layout] StudioViewportWindow attempt=21 observed=(x:20.00, y:69.00, width:1048.00, height:772.00) command=(x:20.00, y:11.00, width:1048.00, height:772.00) immediate=(x:20.00, y:11.00, width:1048.00, height:772.00)
UnityEngine.Debug:ExtractStackTraceNoAlloc (byte*,int,string)
UnityEngine.StackTraceUtility:ExtractStackTrace () (at /home/bokken/build/output/unity/unity/Runtime/Export/Scripting/StackTrace.cs:35)
UnityEngine.DebugLogHandler:Internal_Log (UnityEngine.LogType,UnityEngine.LogOption,string,UnityEngine.Object)
UnityEngine.DebugLogHandler:LogFormat (UnityEngine.LogType,UnityEngine.Object,string,object[])
UnityEngine.Logger:Log (UnityEngine.LogType,object)
UnityEngine.Debug:Log (object)
GameCore.Studio.UI.StudioDeferredLayout:Advance (double) (at ~/wkspace/gc-studio/r4-b/Packages/com.gamecore.studio.ui/Editor/Windows/StudioMenu.cs:191)
GameCore.Studio.UI.StudioDeferredLayout:Apply () (at ~/wkspace/gc-studio/r4-b/Packages/com.gamecore.studio.ui/Editor/Windows/StudioMenu.cs:134)
UnityEditor.EditorApplication:Internal_CallUpdateFunctions () (at /home/bokken/build/output/unity/unity/Editor/Mono/EditorApplication.cs:384)

(Filename: ~/wkspace/gc-studio/r4-b/Packages/com.gamecore.studio.ui/Editor/Windows/StudioMenu.cs Line: 191)

[R4-B layout] StudioViewportWindow attempt=22 observed=(x:20.00, y:69.00, width:1048.00, height:772.00) command=(x:20.00, y:40.00, width:1048.00, height:772.00) immediate=(x:20.00, y:40.00, width:1048.00, height:772.00)
UnityEngine.Debug:ExtractStackTraceNoAlloc (byte*,int,string)
UnityEngine.StackTraceUtility:ExtractStackTrace () (at /home/bokken/build/output/unity/unity/Runtime/Export/Scripting/StackTrace.cs:35)
UnityEngine.DebugLogHandler:Internal_Log (UnityEngine.LogType,UnityEngine.LogOption,string,UnityEngine.Object)
UnityEngine.DebugLogHandler:LogFormat (UnityEngine.LogType,UnityEngine.Object,string,object[])
UnityEngine.Logger:Log (UnityEngine.LogType,object)
UnityEngine.Debug:Log (object)
GameCore.Studio.UI.StudioDeferredLayout:Advance (double) (at ~/wkspace/gc-studio/r4-b/Packages/com.gamecore.studio.ui/Editor/Windows/StudioMenu.cs:191)
GameCore.Studio.UI.StudioDeferredLayout:Apply () (at ~/wkspace/gc-studio/r4-b/Packages/com.gamecore.studio.ui/Editor/Windows/StudioMenu.cs:134)
UnityEditor.EditorApplication:Internal_CallUpdateFunctions () (at /home/bokken/build/output/unity/unity/Editor/Mono/EditorApplication.cs:384)

(Filename: ~/wkspace/gc-studio/r4-b/Packages/com.gamecore.studio.ui/Editor/Windows/StudioMenu.cs Line: 191)

[R4-B layout] StudioViewportWindow attempt=23 observed=(x:20.00, y:69.00, width:1048.00, height:772.00) command=(x:20.00, y:11.00, width:1048.00, height:772.00) immediate=(x:20.00, y:11.00, width:1048.00, height:772.00)
UnityEngine.Debug:ExtractStackTraceNoAlloc (byte*,int,string)
UnityEngine.StackTraceUtility:ExtractStackTrace () (at /home/bokken/build/output/unity/unity/Runtime/Export/Scripting/StackTrace.cs:35)
UnityEngine.DebugLogHandler:Internal_Log (UnityEngine.LogType,UnityEngine.LogOption,string,UnityEngine.Object)
UnityEngine.DebugLogHandler:LogFormat (UnityEngine.LogType,UnityEngine.Object,string,object[])
UnityEngine.Logger:Log (UnityEngine.LogType,object)
UnityEngine.Debug:Log (object)
GameCore.Studio.UI.StudioDeferredLayout:Advance (double) (at ~/wkspace/gc-studio/r4-b/Packages/com.gamecore.studio.ui/Editor/Windows/StudioMenu.cs:191)
GameCore.Studio.UI.StudioDeferredLayout:Apply () (at ~/wkspace/gc-studio/r4-b/Packages/com.gamecore.studio.ui/Editor/Windows/StudioMenu.cs:134)
UnityEditor.EditorApplication:Internal_CallUpdateFunctions () (at /home/bokken/build/output/unity/unity/Editor/Mono/EditorApplication.cs:384)

(Filename: ~/wkspace/gc-studio/r4-b/Packages/com.gamecore.studio.ui/Editor/Windows/StudioMenu.cs Line: 191)

[R4-B layout] StudioViewportWindow attempt=24 observed=(x:20.00, y:69.00, width:1048.00, height:772.00) command=(x:20.00, y:40.00, width:1048.00, height:772.00) immediate=(x:20.00, y:40.00, width:1048.00, height:772.00)
UnityEngine.Debug:ExtractStackTraceNoAlloc (byte*,int,string)
UnityEngine.StackTraceUtility:ExtractStackTrace () (at /home/bokken/build/output/unity/unity/Runtime/Export/Scripting/StackTrace.cs:35)
UnityEngine.DebugLogHandler:Internal_Log (UnityEngine.LogType,UnityEngine.LogOption,string,UnityEngine.Object)
UnityEngine.DebugLogHandler:LogFormat (UnityEngine.LogType,UnityEngine.Object,string,object[])
UnityEngine.Logger:Log (UnityEngine.LogType,object)
UnityEngine.Debug:Log (object)
GameCore.Studio.UI.StudioDeferredLayout:Advance (double) (at ~/wkspace/gc-studio/r4-b/Packages/com.gamecore.studio.ui/Editor/Windows/StudioMenu.cs:191)
GameCore.Studio.UI.StudioDeferredLayout:Apply () (at ~/wkspace/gc-studio/r4-b/Packages/com.gamecore.studio.ui/Editor/Windows/StudioMenu.cs:134)
UnityEditor.EditorApplication:Internal_CallUpdateFunctions () (at /home/bokken/build/output/unity/unity/Editor/Mono/EditorApplication.cs:384)

(Filename: ~/wkspace/gc-studio/r4-b/Packages/com.gamecore.studio.ui/Editor/Windows/StudioMenu.cs Line: 191)

[R4-B layout] StudioViewportWindow attempt=25 observed=(x:20.00, y:69.00, width:1048.00, height:772.00) command=(x:20.00, y:11.00, width:1048.00, height:772.00) immediate=(x:20.00, y:11.00, width:1048.00, height:772.00)
UnityEngine.Debug:ExtractStackTraceNoAlloc (byte*,int,string)
UnityEngine.StackTraceUtility:ExtractStackTrace () (at /home/bokken/build/output/unity/unity/Runtime/Export/Scripting/StackTrace.cs:35)
UnityEngine.DebugLogHandler:Internal_Log (UnityEngine.LogType,UnityEngine.LogOption,string,UnityEngine.Object)
UnityEngine.DebugLogHandler:LogFormat (UnityEngine.LogType,UnityEngine.Object,string,object[])
UnityEngine.Logger:Log (UnityEngine.LogType,object)
UnityEngine.Debug:Log (object)
GameCore.Studio.UI.StudioDeferredLayout:Advance (double) (at ~/wkspace/gc-studio/r4-b/Packages/com.gamecore.studio.ui/Editor/Windows/StudioMenu.cs:191)
GameCore.Studio.UI.StudioDeferredLayout:Apply () (at ~/wkspace/gc-studio/r4-b/Packages/com.gamecore.studio.ui/Editor/Windows/StudioMenu.cs:134)
UnityEditor.EditorApplication:Internal_CallUpdateFunctions () (at /home/bokken/build/output/unity/unity/Editor/Mono/EditorApplication.cs:384)

(Filename: ~/wkspace/gc-studio/r4-b/Packages/com.gamecore.studio.ui/Editor/Windows/StudioMenu.cs Line: 191)

[R4-B layout] StudioViewportWindow attempt=26 observed=(x:20.00, y:69.00, width:1048.00, height:772.00) command=(x:20.00, y:40.00, width:1048.00, height:772.00) immediate=(x:20.00, y:40.00, width:1048.00, height:772.00)
UnityEngine.Debug:ExtractStackTraceNoAlloc (byte*,int,string)
UnityEngine.StackTraceUtility:ExtractStackTrace () (at /home/bokken/build/output/unity/unity/Runtime/Export/Scripting/StackTrace.cs:35)
UnityEngine.DebugLogHandler:Internal_Log (UnityEngine.LogType,UnityEngine.LogOption,string,UnityEngine.Object)
UnityEngine.DebugLogHandler:LogFormat (UnityEngine.LogType,UnityEngine.Object,string,object[])
UnityEngine.Logger:Log (UnityEngine.LogType,object)
UnityEngine.Debug:Log (object)
GameCore.Studio.UI.StudioDeferredLayout:Advance (double) (at ~/wkspace/gc-studio/r4-b/Packages/com.gamecore.studio.ui/Editor/Windows/StudioMenu.cs:191)
GameCore.Studio.UI.StudioDeferredLayout:Apply () (at ~/wkspace/gc-studio/r4-b/Packages/com.gamecore.studio.ui/Editor/Windows/StudioMenu.cs:134)
UnityEditor.EditorApplication:Internal_CallUpdateFunctions () (at /home/bokken/build/output/unity/unity/Editor/Mono/EditorApplication.cs:384)

(Filename: ~/wkspace/gc-studio/r4-b/Packages/com.gamecore.studio.ui/Editor/Windows/StudioMenu.cs Line: 191)

[R4-B layout] StudioViewportWindow attempt=27 observed=(x:20.00, y:69.00, width:1048.00, height:772.00) command=(x:20.00, y:11.00, width:1048.00, height:772.00) immediate=(x:20.00, y:11.00, width:1048.00, height:772.00)
UnityEngine.Debug:ExtractStackTraceNoAlloc (byte*,int,string)
UnityEngine.StackTraceUtility:ExtractStackTrace () (at /home/bokken/build/output/unity/unity/Runtime/Export/Scripting/StackTrace.cs:35)
UnityEngine.DebugLogHandler:Internal_Log (UnityEngine.LogType,UnityEngine.LogOption,string,UnityEngine.Object)
UnityEngine.DebugLogHandler:LogFormat (UnityEngine.LogType,UnityEngine.Object,string,object[])
UnityEngine.Logger:Log (UnityEngine.LogType,object)
UnityEngine.Debug:Log (object)
GameCore.Studio.UI.StudioDeferredLayout:Advance (double) (at ~/wkspace/gc-studio/r4-b/Packages/com.gamecore.studio.ui/Editor/Windows/StudioMenu.cs:191)
GameCore.Studio.UI.StudioDeferredLayout:Apply () (at ~/wkspace/gc-studio/r4-b/Packages/com.gamecore.studio.ui/Editor/Windows/StudioMenu.cs:134)
UnityEditor.EditorApplication:Internal_CallUpdateFunctions () (at /home/bokken/build/output/unity/unity/Editor/Mono/EditorApplication.cs:384)

(Filename: ~/wkspace/gc-studio/r4-b/Packages/com.gamecore.studio.ui/Editor/Windows/StudioMenu.cs Line: 191)

[R4-B layout] StudioViewportWindow attempt=28 observed=(x:20.00, y:69.00, width:1048.00, height:772.00) command=(x:20.00, y:40.00, width:1048.00, height:772.00) immediate=(x:20.00, y:40.00, width:1048.00, height:772.00)
UnityEngine.Debug:ExtractStackTraceNoAlloc (byte*,int,string)
UnityEngine.StackTraceUtility:ExtractStackTrace () (at /home/bokken/build/output/unity/unity/Runtime/Export/Scripting/StackTrace.cs:35)
UnityEngine.DebugLogHandler:Internal_Log (UnityEngine.LogType,UnityEngine.LogOption,string,UnityEngine.Object)
UnityEngine.DebugLogHandler:LogFormat (UnityEngine.LogType,UnityEngine.Object,string,object[])
UnityEngine.Logger:Log (UnityEngine.LogType,object)
UnityEngine.Debug:Log (object)
GameCore.Studio.UI.StudioDeferredLayout:Advance (double) (at ~/wkspace/gc-studio/r4-b/Packages/com.gamecore.studio.ui/Editor/Windows/StudioMenu.cs:191)
GameCore.Studio.UI.StudioDeferredLayout:Apply () (at ~/wkspace/gc-studio/r4-b/Packages/com.gamecore.studio.ui/Editor/Windows/StudioMenu.cs:134)
UnityEditor.EditorApplication:Internal_CallUpdateFunctions () (at /home/bokken/build/output/unity/unity/Editor/Mono/EditorApplication.cs:384)

(Filename: ~/wkspace/gc-studio/r4-b/Packages/com.gamecore.studio.ui/Editor/Windows/StudioMenu.cs Line: 191)

[R4-B layout] StudioViewportWindow attempt=29 observed=(x:20.00, y:69.00, width:1048.00, height:772.00) command=(x:20.00, y:11.00, width:1048.00, height:772.00) immediate=(x:20.00, y:11.00, width:1048.00, height:772.00)
UnityEngine.Debug:ExtractStackTraceNoAlloc (byte*,int,string)
UnityEngine.StackTraceUtility:ExtractStackTrace () (at /home/bokken/build/output/unity/unity/Runtime/Export/Scripting/StackTrace.cs:35)
UnityEngine.DebugLogHandler:Internal_Log (UnityEngine.LogType,UnityEngine.LogOption,string,UnityEngine.Object)
UnityEngine.DebugLogHandler:LogFormat (UnityEngine.LogType,UnityEngine.Object,string,object[])
UnityEngine.Logger:Log (UnityEngine.LogType,object)
UnityEngine.Debug:Log (object)
GameCore.Studio.UI.StudioDeferredLayout:Advance (double) (at ~/wkspace/gc-studio/r4-b/Packages/com.gamecore.studio.ui/Editor/Windows/StudioMenu.cs:191)
GameCore.Studio.UI.StudioDeferredLayout:Apply () (at ~/wkspace/gc-studio/r4-b/Packages/com.gamecore.studio.ui/Editor/Windows/StudioMenu.cs:134)
UnityEditor.EditorApplication:Internal_CallUpdateFunctions () (at /home/bokken/build/output/unity/unity/Editor/Mono/EditorApplication.cs:384)

(Filename: ~/wkspace/gc-studio/r4-b/Packages/com.gamecore.studio.ui/Editor/Windows/StudioMenu.cs Line: 191)

[R4-B layout] StudioViewportWindow attempt=30 observed=(x:20.00, y:69.00, width:1048.00, height:772.00) command=(x:20.00, y:40.00, width:1048.00, height:772.00) immediate=(x:20.00, y:40.00, width:1048.00, height:772.00)
UnityEngine.Debug:ExtractStackTraceNoAlloc (byte*,int,string)
UnityEngine.StackTraceUtility:ExtractStackTrace () (at /home/bokken/build/output/unity/unity/Runtime/Export/Scripting/StackTrace.cs:35)
UnityEngine.DebugLogHandler:Internal_Log (UnityEngine.LogType,UnityEngine.LogOption,string,UnityEngine.Object)
UnityEngine.DebugLogHandler:LogFormat (UnityEngine.LogType,UnityEngine.Object,string,object[])
UnityEngine.Logger:Log (UnityEngine.LogType,object)
UnityEngine.Debug:Log (object)
GameCore.Studio.UI.StudioDeferredLayout:Advance (double) (at ~/wkspace/gc-studio/r4-b/Packages/com.gamecore.studio.ui/Editor/Windows/StudioMenu.cs:191)
GameCore.Studio.UI.StudioDeferredLayout:Apply () (at ~/wkspace/gc-studio/r4-b/Packages/com.gamecore.studio.ui/Editor/Windows/StudioMenu.cs:134)
UnityEditor.EditorApplication:Internal_CallUpdateFunctions () (at /home/bokken/build/output/unity/unity/Editor/Mono/EditorApplication.cs:384)

(Filename: ~/wkspace/gc-studio/r4-b/Packages/com.gamecore.studio.ui/Editor/Windows/StudioMenu.cs Line: 191)

[R4-B layout] StudioViewportWindow attempt=31 observed=(x:20.00, y:69.00, width:1048.00, height:772.00) command=(x:20.00, y:11.00, width:1048.00, height:772.00) immediate=(x:20.00, y:11.00, width:1048.00, height:772.00)
UnityEngine.Debug:ExtractStackTraceNoAlloc (byte*,int,string)
UnityEngine.StackTraceUtility:ExtractStackTrace () (at /home/bokken/build/output/unity/unity/Runtime/Export/Scripting/StackTrace.cs:35)
UnityEngine.DebugLogHandler:Internal_Log (UnityEngine.LogType,UnityEngine.LogOption,string,UnityEngine.Object)
UnityEngine.DebugLogHandler:LogFormat (UnityEngine.LogType,UnityEngine.Object,string,object[])
UnityEngine.Logger:Log (UnityEngine.LogType,object)
UnityEngine.Debug:Log (object)
GameCore.Studio.UI.StudioDeferredLayout:Advance (double) (at ~/wkspace/gc-studio/r4-b/Packages/com.gamecore.studio.ui/Editor/Windows/StudioMenu.cs:191)
GameCore.Studio.UI.StudioDeferredLayout:Apply () (at ~/wkspace/gc-studio/r4-b/Packages/com.gamecore.studio.ui/Editor/Windows/StudioMenu.cs:134)
UnityEditor.EditorApplication:Internal_CallUpdateFunctions () (at /home/bokken/build/output/unity/unity/Editor/Mono/EditorApplication.cs:384)

(Filename: ~/wkspace/gc-studio/r4-b/Packages/com.gamecore.studio.ui/Editor/Windows/StudioMenu.cs Line: 191)

[R4-B layout] StudioViewportWindow attempt=32 observed=(x:20.00, y:69.00, width:1048.00, height:772.00) command=(x:20.00, y:40.00, width:1048.00, height:772.00) immediate=(x:20.00, y:40.00, width:1048.00, height:772.00)
UnityEngine.Debug:ExtractStackTraceNoAlloc (byte*,int,string)
UnityEngine.StackTraceUtility:ExtractStackTrace () (at /home/bokken/build/output/unity/unity/Runtime/Export/Scripting/StackTrace.cs:35)
UnityEngine.DebugLogHandler:Internal_Log (UnityEngine.LogType,UnityEngine.LogOption,string,UnityEngine.Object)
UnityEngine.DebugLogHandler:LogFormat (UnityEngine.LogType,UnityEngine.Object,string,object[])
UnityEngine.Logger:Log (UnityEngine.LogType,object)
UnityEngine.Debug:Log (object)
GameCore.Studio.UI.StudioDeferredLayout:Advance (double) (at ~/wkspace/gc-studio/r4-b/Packages/com.gamecore.studio.ui/Editor/Windows/StudioMenu.cs:191)
GameCore.Studio.UI.StudioDeferredLayout:Apply () (at ~/wkspace/gc-studio/r4-b/Packages/com.gamecore.studio.ui/Editor/Windows/StudioMenu.cs:134)
UnityEditor.EditorApplication:Internal_CallUpdateFunctions () (at /home/bokken/build/output/unity/unity/Editor/Mono/EditorApplication.cs:384)

(Filename: ~/wkspace/gc-studio/r4-b/Packages/com.gamecore.studio.ui/Editor/Windows/StudioMenu.cs Line: 191)

[R4-B layout] StudioViewportWindow attempt=33 observed=(x:20.00, y:69.00, width:1048.00, height:772.00) command=(x:20.00, y:11.00, width:1048.00, height:772.00) immediate=(x:20.00, y:11.00, width:1048.00, height:772.00)
UnityEngine.Debug:ExtractStackTraceNoAlloc (byte*,int,string)
UnityEngine.StackTraceUtility:ExtractStackTrace () (at /home/bokken/build/output/unity/unity/Runtime/Export/Scripting/StackTrace.cs:35)
UnityEngine.DebugLogHandler:Internal_Log (UnityEngine.LogType,UnityEngine.LogOption,string,UnityEngine.Object)
UnityEngine.DebugLogHandler:LogFormat (UnityEngine.LogType,UnityEngine.Object,string,object[])
UnityEngine.Logger:Log (UnityEngine.LogType,object)
UnityEngine.Debug:Log (object)
GameCore.Studio.UI.StudioDeferredLayout:Advance (double) (at ~/wkspace/gc-studio/r4-b/Packages/com.gamecore.studio.ui/Editor/Windows/StudioMenu.cs:191)
GameCore.Studio.UI.StudioDeferredLayout:Apply () (at ~/wkspace/gc-studio/r4-b/Packages/com.gamecore.studio.ui/Editor/Windows/StudioMenu.cs:134)
UnityEditor.EditorApplication:Internal_CallUpdateFunctions () (at /home/bokken/build/output/unity/unity/Editor/Mono/EditorApplication.cs:384)

(Filename: ~/wkspace/gc-studio/r4-b/Packages/com.gamecore.studio.ui/Editor/Windows/StudioMenu.cs Line: 191)

[R4-B layout] StudioViewportWindow attempt=34 observed=(x:20.00, y:69.00, width:1048.00, height:772.00) command=(x:20.00, y:40.00, width:1048.00, height:772.00) immediate=(x:20.00, y:40.00, width:1048.00, height:772.00)
UnityEngine.Debug:ExtractStackTraceNoAlloc (byte*,int,string)
UnityEngine.StackTraceUtility:ExtractStackTrace () (at /home/bokken/build/output/unity/unity/Runtime/Export/Scripting/StackTrace.cs:35)
UnityEngine.DebugLogHandler:Internal_Log (UnityEngine.LogType,UnityEngine.LogOption,string,UnityEngine.Object)
UnityEngine.DebugLogHandler:LogFormat (UnityEngine.LogType,UnityEngine.Object,string,object[])
UnityEngine.Logger:Log (UnityEngine.LogType,object)
UnityEngine.Debug:Log (object)
GameCore.Studio.UI.StudioDeferredLayout:Advance (double) (at ~/wkspace/gc-studio/r4-b/Packages/com.gamecore.studio.ui/Editor/Windows/StudioMenu.cs:191)
GameCore.Studio.UI.StudioDeferredLayout:Apply () (at ~/wkspace/gc-studio/r4-b/Packages/com.gamecore.studio.ui/Editor/Windows/StudioMenu.cs:134)
UnityEditor.EditorApplication:Internal_CallUpdateFunctions () (at /home/bokken/build/output/unity/unity/Editor/Mono/EditorApplication.cs:384)

(Filename: ~/wkspace/gc-studio/r4-b/Packages/com.gamecore.studio.ui/Editor/Windows/StudioMenu.cs Line: 191)

[R4-B layout] StudioViewportWindow attempt=35 observed=(x:20.00, y:69.00, width:1048.00, height:772.00) command=(x:20.00, y:11.00, width:1048.00, height:772.00) immediate=(x:20.00, y:11.00, width:1048.00, height:772.00)
UnityEngine.Debug:ExtractStackTraceNoAlloc (byte*,int,string)
UnityEngine.StackTraceUtility:ExtractStackTrace () (at /home/bokken/build/output/unity/unity/Runtime/Export/Scripting/StackTrace.cs:35)
UnityEngine.DebugLogHandler:Internal_Log (UnityEngine.LogType,UnityEngine.LogOption,string,UnityEngine.Object)
UnityEngine.DebugLogHandler:LogFormat (UnityEngine.LogType,UnityEngine.Object,string,object[])
UnityEngine.Logger:Log (UnityEngine.LogType,object)
UnityEngine.Debug:Log (object)
GameCore.Studio.UI.StudioDeferredLayout:Advance (double) (at ~/wkspace/gc-studio/r4-b/Packages/com.gamecore.studio.ui/Editor/Windows/StudioMenu.cs:191)
GameCore.Studio.UI.StudioDeferredLayout:Apply () (at ~/wkspace/gc-studio/r4-b/Packages/com.gamecore.studio.ui/Editor/Windows/StudioMenu.cs:134)
UnityEditor.EditorApplication:Internal_CallUpdateFunctions () (at /home/bokken/build/output/unity/unity/Editor/Mono/EditorApplication.cs:384)

(Filename: ~/wkspace/gc-studio/r4-b/Packages/com.gamecore.studio.ui/Editor/Windows/StudioMenu.cs Line: 191)

[R4-B layout] StudioViewportWindow attempt=36 observed=(x:20.00, y:69.00, width:1048.00, height:772.00) command=(x:20.00, y:40.00, width:1048.00, height:772.00) immediate=(x:20.00, y:40.00, width:1048.00, height:772.00)
UnityEngine.Debug:ExtractStackTraceNoAlloc (byte*,int,string)
UnityEngine.StackTraceUtility:ExtractStackTrace () (at /home/bokken/build/output/unity/unity/Runtime/Export/Scripting/StackTrace.cs:35)
UnityEngine.DebugLogHandler:Internal_Log (UnityEngine.LogType,UnityEngine.LogOption,string,UnityEngine.Object)
UnityEngine.DebugLogHandler:LogFormat (UnityEngine.LogType,UnityEngine.Object,string,object[])
UnityEngine.Logger:Log (UnityEngine.LogType,object)
UnityEngine.Debug:Log (object)
GameCore.Studio.UI.StudioDeferredLayout:Advance (double) (at ~/wkspace/gc-studio/r4-b/Packages/com.gamecore.studio.ui/Editor/Windows/StudioMenu.cs:191)
GameCore.Studio.UI.StudioDeferredLayout:Apply () (at ~/wkspace/gc-studio/r4-b/Packages/com.gamecore.studio.ui/Editor/Windows/StudioMenu.cs:134)
UnityEditor.EditorApplication:Internal_CallUpdateFunctions () (at /home/bokken/build/output/unity/unity/Editor/Mono/EditorApplication.cs:384)

(Filename: ~/wkspace/gc-studio/r4-b/Packages/com.gamecore.studio.ui/Editor/Windows/StudioMenu.cs Line: 191)

[R4-B layout] StudioViewportWindow attempt=37 observed=(x:20.00, y:69.00, width:1048.00, height:772.00) command=(x:20.00, y:11.00, width:1048.00, height:772.00) immediate=(x:20.00, y:11.00, width:1048.00, height:772.00)
UnityEngine.Debug:ExtractStackTraceNoAlloc (byte*,int,string)
UnityEngine.StackTraceUtility:ExtractStackTrace () (at /home/bokken/build/output/unity/unity/Runtime/Export/Scripting/StackTrace.cs:35)
UnityEngine.DebugLogHandler:Internal_Log (UnityEngine.LogType,UnityEngine.LogOption,string,UnityEngine.Object)
UnityEngine.DebugLogHandler:LogFormat (UnityEngine.LogType,UnityEngine.Object,string,object[])
UnityEngine.Logger:Log (UnityEngine.LogType,object)
UnityEngine.Debug:Log (object)
GameCore.Studio.UI.StudioDeferredLayout:Advance (double) (at ~/wkspace/gc-studio/r4-b/Packages/com.gamecore.studio.ui/Editor/Windows/StudioMenu.cs:191)
GameCore.Studio.UI.StudioDeferredLayout:Apply () (at ~/wkspace/gc-studio/r4-b/Packages/com.gamecore.studio.ui/Editor/Windows/StudioMenu.cs:134)
UnityEditor.EditorApplication:Internal_CallUpdateFunctions () (at /home/bokken/build/output/unity/unity/Editor/Mono/EditorApplication.cs:384)

(Filename: ~/wkspace/gc-studio/r4-b/Packages/com.gamecore.studio.ui/Editor/Windows/StudioMenu.cs Line: 191)

[R4-B layout] StudioViewportWindow attempt=38 observed=(x:20.00, y:69.00, width:1048.00, height:772.00) command=(x:20.00, y:40.00, width:1048.00, height:772.00) immediate=(x:20.00, y:40.00, width:1048.00, height:772.00)
UnityEngine.Debug:ExtractStackTraceNoAlloc (byte*,int,string)
UnityEngine.StackTraceUtility:ExtractStackTrace () (at /home/bokken/build/output/unity/unity/Runtime/Export/Scripting/StackTrace.cs:35)
UnityEngine.DebugLogHandler:Internal_Log (UnityEngine.LogType,UnityEngine.LogOption,string,UnityEngine.Object)
UnityEngine.DebugLogHandler:LogFormat (UnityEngine.LogType,UnityEngine.Object,string,object[])
UnityEngine.Logger:Log (UnityEngine.LogType,object)
UnityEngine.Debug:Log (object)
GameCore.Studio.UI.StudioDeferredLayout:Advance (double) (at ~/wkspace/gc-studio/r4-b/Packages/com.gamecore.studio.ui/Editor/Windows/StudioMenu.cs:191)
GameCore.Studio.UI.StudioDeferredLayout:Apply () (at ~/wkspace/gc-studio/r4-b/Packages/com.gamecore.studio.ui/Editor/Windows/StudioMenu.cs:134)
UnityEditor.EditorApplication:Internal_CallUpdateFunctions () (at /home/bokken/build/output/unity/unity/Editor/Mono/EditorApplication.cs:384)

(Filename: ~/wkspace/gc-studio/r4-b/Packages/com.gamecore.studio.ui/Editor/Windows/StudioMenu.cs Line: 191)

[R4-B layout] StudioViewportWindow attempt=39 observed=(x:20.00, y:69.00, width:1048.00, height:772.00) command=(x:20.00, y:11.00, width:1048.00, height:772.00) immediate=(x:20.00, y:11.00, width:1048.00, height:772.00)
UnityEngine.Debug:ExtractStackTraceNoAlloc (byte*,int,string)
UnityEngine.StackTraceUtility:ExtractStackTrace () (at /home/bokken/build/output/unity/unity/Runtime/Export/Scripting/StackTrace.cs:35)
UnityEngine.DebugLogHandler:Internal_Log (UnityEngine.LogType,UnityEngine.LogOption,string,UnityEngine.Object)
UnityEngine.DebugLogHandler:LogFormat (UnityEngine.LogType,UnityEngine.Object,string,object[])
UnityEngine.Logger:Log (UnityEngine.LogType,object)
UnityEngine.Debug:Log (object)
GameCore.Studio.UI.StudioDeferredLayout:Advance (double) (at ~/wkspace/gc-studio/r4-b/Packages/com.gamecore.studio.ui/Editor/Windows/StudioMenu.cs:191)
GameCore.Studio.UI.StudioDeferredLayout:Apply () (at ~/wkspace/gc-studio/r4-b/Packages/com.gamecore.studio.ui/Editor/Windows/StudioMenu.cs:134)
UnityEditor.EditorApplication:Internal_CallUpdateFunctions () (at /home/bokken/build/output/unity/unity/Editor/Mono/EditorApplication.cs:384)

(Filename: ~/wkspace/gc-studio/r4-b/Packages/com.gamecore.studio.ui/Editor/Windows/StudioMenu.cs Line: 191)

[R4-B layout] StudioViewportWindow attempt=40 observed=(x:20.00, y:69.00, width:1048.00, height:772.00) command=(x:20.00, y:40.00, width:1048.00, height:772.00) immediate=(x:20.00, y:40.00, width:1048.00, height:772.00)
UnityEngine.Debug:ExtractStackTraceNoAlloc (byte*,int,string)
UnityEngine.StackTraceUtility:ExtractStackTrace () (at /home/bokken/build/output/unity/unity/Runtime/Export/Scripting/StackTrace.cs:35)
UnityEngine.DebugLogHandler:Internal_Log (UnityEngine.LogType,UnityEngine.LogOption,string,UnityEngine.Object)
UnityEngine.DebugLogHandler:LogFormat (UnityEngine.LogType,UnityEngine.Object,string,object[])
UnityEngine.Logger:Log (UnityEngine.LogType,object)
UnityEngine.Debug:Log (object)
GameCore.Studio.UI.StudioDeferredLayout:Advance (double) (at ~/wkspace/gc-studio/r4-b/Packages/com.gamecore.studio.ui/Editor/Windows/StudioMenu.cs:191)
GameCore.Studio.UI.StudioDeferredLayout:Apply () (at ~/wkspace/gc-studio/r4-b/Packages/com.gamecore.studio.ui/Editor/Windows/StudioMenu.cs:134)
UnityEditor.EditorApplication:Internal_CallUpdateFunctions () (at /home/bokken/build/output/unity/unity/Editor/Mono/EditorApplication.cs:384)

(Filename: ~/wkspace/gc-studio/r4-b/Packages/com.gamecore.studio.ui/Editor/Windows/StudioMenu.cs Line: 191)

[R4-B layout] StudioViewportWindow attempt=41 observed=(x:20.00, y:69.00, width:1048.00, height:772.00) command=(x:20.00, y:11.00, width:1048.00, height:772.00) immediate=(x:20.00, y:11.00, width:1048.00, height:772.00)
UnityEngine.Debug:ExtractStackTraceNoAlloc (byte*,int,string)
UnityEngine.StackTraceUtility:ExtractStackTrace () (at /home/bokken/build/output/unity/unity/Runtime/Export/Scripting/StackTrace.cs:35)
UnityEngine.DebugLogHandler:Internal_Log (UnityEngine.LogType,UnityEngine.LogOption,string,UnityEngine.Object)
UnityEngine.DebugLogHandler:LogFormat (UnityEngine.LogType,UnityEngine.Object,string,object[])
UnityEngine.Logger:Log (UnityEngine.LogType,object)
UnityEngine.Debug:Log (object)
GameCore.Studio.UI.StudioDeferredLayout:Advance (double) (at ~/wkspace/gc-studio/r4-b/Packages/com.gamecore.studio.ui/Editor/Windows/StudioMenu.cs:191)
GameCore.Studio.UI.StudioDeferredLayout:Apply () (at ~/wkspace/gc-studio/r4-b/Packages/com.gamecore.studio.ui/Editor/Windows/StudioMenu.cs:134)
UnityEditor.EditorApplication:Internal_CallUpdateFunctions () (at /home/bokken/build/output/unity/unity/Editor/Mono/EditorApplication.cs:384)

(Filename: ~/wkspace/gc-studio/r4-b/Packages/com.gamecore.studio.ui/Editor/Windows/StudioMenu.cs Line: 191)

[R4-B layout] StudioViewportWindow attempt=42 observed=(x:20.00, y:69.00, width:1048.00, height:772.00) command=(x:20.00, y:40.00, width:1048.00, height:772.00) immediate=(x:20.00, y:40.00, width:1048.00, height:772.00)
UnityEngine.Debug:ExtractStackTraceNoAlloc (byte*,int,string)
UnityEngine.StackTraceUtility:ExtractStackTrace () (at /home/bokken/build/output/unity/unity/Runtime/Export/Scripting/StackTrace.cs:35)
UnityEngine.DebugLogHandler:Internal_Log (UnityEngine.LogType,UnityEngine.LogOption,string,UnityEngine.Object)
UnityEngine.DebugLogHandler:LogFormat (UnityEngine.LogType,UnityEngine.Object,string,object[])
UnityEngine.Logger:Log (UnityEngine.LogType,object)
UnityEngine.Debug:Log (object)
GameCore.Studio.UI.StudioDeferredLayout:Advance (double) (at ~/wkspace/gc-studio/r4-b/Packages/com.gamecore.studio.ui/Editor/Windows/StudioMenu.cs:191)
GameCore.Studio.UI.StudioDeferredLayout:Apply () (at ~/wkspace/gc-studio/r4-b/Packages/com.gamecore.studio.ui/Editor/Windows/StudioMenu.cs:134)
UnityEditor.EditorApplication:Internal_CallUpdateFunctions () (at /home/bokken/build/output/unity/unity/Editor/Mono/EditorApplication.cs:384)

(Filename: ~/wkspace/gc-studio/r4-b/Packages/com.gamecore.studio.ui/Editor/Windows/StudioMenu.cs Line: 191)

[R4-B layout] StudioViewportWindow attempt=43 observed=(x:20.00, y:69.00, width:1048.00, height:772.00) command=(x:20.00, y:11.00, width:1048.00, height:772.00) immediate=(x:20.00, y:11.00, width:1048.00, height:772.00)
UnityEngine.Debug:ExtractStackTraceNoAlloc (byte*,int,string)
UnityEngine.StackTraceUtility:ExtractStackTrace () (at /home/bokken/build/output/unity/unity/Runtime/Export/Scripting/StackTrace.cs:35)
UnityEngine.DebugLogHandler:Internal_Log (UnityEngine.LogType,UnityEngine.LogOption,string,UnityEngine.Object)
UnityEngine.DebugLogHandler:LogFormat (UnityEngine.LogType,UnityEngine.Object,string,object[])
UnityEngine.Logger:Log (UnityEngine.LogType,object)
UnityEngine.Debug:Log (object)
GameCore.Studio.UI.StudioDeferredLayout:Advance (double) (at ~/wkspace/gc-studio/r4-b/Packages/com.gamecore.studio.ui/Editor/Windows/StudioMenu.cs:191)
GameCore.Studio.UI.StudioDeferredLayout:Apply () (at ~/wkspace/gc-studio/r4-b/Packages/com.gamecore.studio.ui/Editor/Windows/StudioMenu.cs:134)
UnityEditor.EditorApplication:Internal_CallUpdateFunctions () (at /home/bokken/build/output/unity/unity/Editor/Mono/EditorApplication.cs:384)

(Filename: ~/wkspace/gc-studio/r4-b/Packages/com.gamecore.studio.ui/Editor/Windows/StudioMenu.cs Line: 191)

[R4-B layout] StudioViewportWindow attempt=44 observed=(x:20.00, y:69.00, width:1048.00, height:772.00) command=(x:20.00, y:40.00, width:1048.00, height:772.00) immediate=(x:20.00, y:40.00, width:1048.00, height:772.00)
UnityEngine.Debug:ExtractStackTraceNoAlloc (byte*,int,string)
UnityEngine.StackTraceUtility:ExtractStackTrace () (at /home/bokken/build/output/unity/unity/Runtime/Export/Scripting/StackTrace.cs:35)
UnityEngine.DebugLogHandler:Internal_Log (UnityEngine.LogType,UnityEngine.LogOption,string,UnityEngine.Object)
UnityEngine.DebugLogHandler:LogFormat (UnityEngine.LogType,UnityEngine.Object,string,object[])
UnityEngine.Logger:Log (UnityEngine.LogType,object)
UnityEngine.Debug:Log (object)
GameCore.Studio.UI.StudioDeferredLayout:Advance (double) (at ~/wkspace/gc-studio/r4-b/Packages/com.gamecore.studio.ui/Editor/Windows/StudioMenu.cs:191)
GameCore.Studio.UI.StudioDeferredLayout:Apply () (at ~/wkspace/gc-studio/r4-b/Packages/com.gamecore.studio.ui/Editor/Windows/StudioMenu.cs:134)
UnityEditor.EditorApplication:Internal_CallUpdateFunctions () (at /home/bokken/build/output/unity/unity/Editor/Mono/EditorApplication.cs:384)

(Filename: ~/wkspace/gc-studio/r4-b/Packages/com.gamecore.studio.ui/Editor/Windows/StudioMenu.cs Line: 191)

[R4-B layout] StudioViewportWindow attempt=45 observed=(x:20.00, y:69.00, width:1048.00, height:772.00) command=(x:20.00, y:11.00, width:1048.00, height:772.00) immediate=(x:20.00, y:11.00, width:1048.00, height:772.00)
UnityEngine.Debug:ExtractStackTraceNoAlloc (byte*,int,string)
UnityEngine.StackTraceUtility:ExtractStackTrace () (at /home/bokken/build/output/unity/unity/Runtime/Export/Scripting/StackTrace.cs:35)
UnityEngine.DebugLogHandler:Internal_Log (UnityEngine.LogType,UnityEngine.LogOption,string,UnityEngine.Object)
UnityEngine.DebugLogHandler:LogFormat (UnityEngine.LogType,UnityEngine.Object,string,object[])
UnityEngine.Logger:Log (UnityEngine.LogType,object)
UnityEngine.Debug:Log (object)
GameCore.Studio.UI.StudioDeferredLayout:Advance (double) (at ~/wkspace/gc-studio/r4-b/Packages/com.gamecore.studio.ui/Editor/Windows/StudioMenu.cs:191)
GameCore.Studio.UI.StudioDeferredLayout:Apply () (at ~/wkspace/gc-studio/r4-b/Packages/com.gamecore.studio.ui/Editor/Windows/StudioMenu.cs:134)
UnityEditor.EditorApplication:Internal_CallUpdateFunctions () (at /home/bokken/build/output/unity/unity/Editor/Mono/EditorApplication.cs:384)

(Filename: ~/wkspace/gc-studio/r4-b/Packages/com.gamecore.studio.ui/Editor/Windows/StudioMenu.cs Line: 191)

[R4-B layout] StudioViewportWindow attempt=46 observed=(x:20.00, y:69.00, width:1048.00, height:772.00) command=(x:20.00, y:40.00, width:1048.00, height:772.00) immediate=(x:20.00, y:40.00, width:1048.00, height:772.00)
UnityEngine.Debug:ExtractStackTraceNoAlloc (byte*,int,string)
UnityEngine.StackTraceUtility:ExtractStackTrace () (at /home/bokken/build/output/unity/unity/Runtime/Export/Scripting/StackTrace.cs:35)
UnityEngine.DebugLogHandler:Internal_Log (UnityEngine.LogType,UnityEngine.LogOption,string,UnityEngine.Object)
UnityEngine.DebugLogHandler:LogFormat (UnityEngine.LogType,UnityEngine.Object,string,object[])
UnityEngine.Logger:Log (UnityEngine.LogType,object)
UnityEngine.Debug:Log (object)
GameCore.Studio.UI.StudioDeferredLayout:Advance (double) (at ~/wkspace/gc-studio/r4-b/Packages/com.gamecore.studio.ui/Editor/Windows/StudioMenu.cs:191)
GameCore.Studio.UI.StudioDeferredLayout:Apply () (at ~/wkspace/gc-studio/r4-b/Packages/com.gamecore.studio.ui/Editor/Windows/StudioMenu.cs:134)
UnityEditor.EditorApplication:Internal_CallUpdateFunctions () (at /home/bokken/build/output/unity/unity/Editor/Mono/EditorApplication.cs:384)

(Filename: ~/wkspace/gc-studio/r4-b/Packages/com.gamecore.studio.ui/Editor/Windows/StudioMenu.cs Line: 191)

[R4-B layout] StudioViewportWindow attempt=47 observed=(x:20.00, y:69.00, width:1048.00, height:772.00) command=(x:20.00, y:11.00, width:1048.00, height:772.00) immediate=(x:20.00, y:11.00, width:1048.00, height:772.00)
UnityEngine.Debug:ExtractStackTraceNoAlloc (byte*,int,string)
UnityEngine.StackTraceUtility:ExtractStackTrace () (at /home/bokken/build/output/unity/unity/Runtime/Export/Scripting/StackTrace.cs:35)
UnityEngine.DebugLogHandler:Internal_Log (UnityEngine.LogType,UnityEngine.LogOption,string,UnityEngine.Object)
UnityEngine.DebugLogHandler:LogFormat (UnityEngine.LogType,UnityEngine.Object,string,object[])
UnityEngine.Logger:Log (UnityEngine.LogType,object)
UnityEngine.Debug:Log (object)
GameCore.Studio.UI.StudioDeferredLayout:Advance (double) (at ~/wkspace/gc-studio/r4-b/Packages/com.gamecore.studio.ui/Editor/Windows/StudioMenu.cs:191)
GameCore.Studio.UI.StudioDeferredLayout:Apply () (at ~/wkspace/gc-studio/r4-b/Packages/com.gamecore.studio.ui/Editor/Windows/StudioMenu.cs:134)
UnityEditor.EditorApplication:Internal_CallUpdateFunctions () (at /home/bokken/build/output/unity/unity/Editor/Mono/EditorApplication.cs:384)

(Filename: ~/wkspace/gc-studio/r4-b/Packages/com.gamecore.studio.ui/Editor/Windows/StudioMenu.cs Line: 191)

[R4-B layout] StudioViewportWindow attempt=48 observed=(x:20.00, y:69.00, width:1048.00, height:772.00) command=(x:20.00, y:40.00, width:1048.00, height:772.00) immediate=(x:20.00, y:40.00, width:1048.00, height:772.00)
UnityEngine.Debug:ExtractStackTraceNoAlloc (byte*,int,string)
UnityEngine.StackTraceUtility:ExtractStackTrace () (at /home/bokken/build/output/unity/unity/Runtime/Export/Scripting/StackTrace.cs:35)
UnityEngine.DebugLogHandler:Internal_Log (UnityEngine.LogType,UnityEngine.LogOption,string,UnityEngine.Object)
UnityEngine.DebugLogHandler:LogFormat (UnityEngine.LogType,UnityEngine.Object,string,object[])
UnityEngine.Logger:Log (UnityEngine.LogType,object)
UnityEngine.Debug:Log (object)
GameCore.Studio.UI.StudioDeferredLayout:Advance (double) (at ~/wkspace/gc-studio/r4-b/Packages/com.gamecore.studio.ui/Editor/Windows/StudioMenu.cs:191)
GameCore.Studio.UI.StudioDeferredLayout:Apply () (at ~/wkspace/gc-studio/r4-b/Packages/com.gamecore.studio.ui/Editor/Windows/StudioMenu.cs:134)
UnityEditor.EditorApplication:Internal_CallUpdateFunctions () (at /home/bokken/build/output/unity/unity/Editor/Mono/EditorApplication.cs:384)

(Filename: ~/wkspace/gc-studio/r4-b/Packages/com.gamecore.studio.ui/Editor/Windows/StudioMenu.cs Line: 191)

[R4-B layout] StudioViewportWindow attempt=49 observed=(x:20.00, y:69.00, width:1048.00, height:772.00) command=(x:20.00, y:11.00, width:1048.00, height:772.00) immediate=(x:20.00, y:11.00, width:1048.00, height:772.00)
UnityEngine.Debug:ExtractStackTraceNoAlloc (byte*,int,string)
UnityEngine.StackTraceUtility:ExtractStackTrace () (at /home/bokken/build/output/unity/unity/Runtime/Export/Scripting/StackTrace.cs:35)
UnityEngine.DebugLogHandler:Internal_Log (UnityEngine.LogType,UnityEngine.LogOption,string,UnityEngine.Object)
UnityEngine.DebugLogHandler:LogFormat (UnityEngine.LogType,UnityEngine.Object,string,object[])
UnityEngine.Logger:Log (UnityEngine.LogType,object)
UnityEngine.Debug:Log (object)
GameCore.Studio.UI.StudioDeferredLayout:Advance (double) (at ~/wkspace/gc-studio/r4-b/Packages/com.gamecore.studio.ui/Editor/Windows/StudioMenu.cs:191)
GameCore.Studio.UI.StudioDeferredLayout:Apply () (at ~/wkspace/gc-studio/r4-b/Packages/com.gamecore.studio.ui/Editor/Windows/StudioMenu.cs:134)
UnityEditor.EditorApplication:Internal_CallUpdateFunctions () (at /home/bokken/build/output/unity/unity/Editor/Mono/EditorApplication.cs:384)

(Filename: ~/wkspace/gc-studio/r4-b/Packages/com.gamecore.studio.ui/Editor/Windows/StudioMenu.cs Line: 191)

[R4-B layout] StudioViewportWindow attempt=50 observed=(x:20.00, y:69.00, width:1048.00, height:772.00) command=(x:20.00, y:40.00, width:1048.00, height:772.00) immediate=(x:20.00, y:40.00, width:1048.00, height:772.00)
UnityEngine.Debug:ExtractStackTraceNoAlloc (byte*,int,string)
UnityEngine.StackTraceUtility:ExtractStackTrace () (at /home/bokken/build/output/unity/unity/Runtime/Export/Scripting/StackTrace.cs:35)
UnityEngine.DebugLogHandler:Internal_Log (UnityEngine.LogType,UnityEngine.LogOption,string,UnityEngine.Object)
UnityEngine.DebugLogHandler:LogFormat (UnityEngine.LogType,UnityEngine.Object,string,object[])
UnityEngine.Logger:Log (UnityEngine.LogType,object)
UnityEngine.Debug:Log (object)
GameCore.Studio.UI.StudioDeferredLayout:Advance (double) (at ~/wkspace/gc-studio/r4-b/Packages/com.gamecore.studio.ui/Editor/Windows/StudioMenu.cs:191)
GameCore.Studio.UI.StudioDeferredLayout:Apply () (at ~/wkspace/gc-studio/r4-b/Packages/com.gamecore.studio.ui/Editor/Windows/StudioMenu.cs:134)
UnityEditor.EditorApplication:Internal_CallUpdateFunctions () (at /home/bokken/build/output/unity/unity/Editor/Mono/EditorApplication.cs:384)

(Filename: ~/wkspace/gc-studio/r4-b/Packages/com.gamecore.studio.ui/Editor/Windows/StudioMenu.cs Line: 191)

[R4-B layout] StudioViewportWindow attempt=51 observed=(x:20.00, y:69.00, width:1048.00, height:772.00) command=(x:20.00, y:11.00, width:1048.00, height:772.00) immediate=(x:20.00, y:11.00, width:1048.00, height:772.00)
UnityEngine.Debug:ExtractStackTraceNoAlloc (byte*,int,string)
UnityEngine.StackTraceUtility:ExtractStackTrace () (at /home/bokken/build/output/unity/unity/Runtime/Export/Scripting/StackTrace.cs:35)
UnityEngine.DebugLogHandler:Internal_Log (UnityEngine.LogType,UnityEngine.LogOption,string,UnityEngine.Object)
UnityEngine.DebugLogHandler:LogFormat (UnityEngine.LogType,UnityEngine.Object,string,object[])
UnityEngine.Logger:Log (UnityEngine.LogType,object)
UnityEngine.Debug:Log (object)
GameCore.Studio.UI.StudioDeferredLayout:Advance (double) (at ~/wkspace/gc-studio/r4-b/Packages/com.gamecore.studio.ui/Editor/Windows/StudioMenu.cs:191)
GameCore.Studio.UI.StudioDeferredLayout:Apply () (at ~/wkspace/gc-studio/r4-b/Packages/com.gamecore.studio.ui/Editor/Windows/StudioMenu.cs:134)
UnityEditor.EditorApplication:Internal_CallUpdateFunctions () (at /home/bokken/build/output/unity/unity/Editor/Mono/EditorApplication.cs:384)

(Filename: ~/wkspace/gc-studio/r4-b/Packages/com.gamecore.studio.ui/Editor/Windows/StudioMenu.cs Line: 191)

[R4-B layout] StudioViewportWindow attempt=52 observed=(x:20.00, y:69.00, width:1048.00, height:772.00) command=(x:20.00, y:40.00, width:1048.00, height:772.00) immediate=(x:20.00, y:40.00, width:1048.00, height:772.00)
UnityEngine.Debug:ExtractStackTraceNoAlloc (byte*,int,string)
UnityEngine.StackTraceUtility:ExtractStackTrace () (at /home/bokken/build/output/unity/unity/Runtime/Export/Scripting/StackTrace.cs:35)
UnityEngine.DebugLogHandler:Internal_Log (UnityEngine.LogType,UnityEngine.LogOption,string,UnityEngine.Object)
UnityEngine.DebugLogHandler:LogFormat (UnityEngine.LogType,UnityEngine.Object,string,object[])
UnityEngine.Logger:Log (UnityEngine.LogType,object)
UnityEngine.Debug:Log (object)
GameCore.Studio.UI.StudioDeferredLayout:Advance (double) (at ~/wkspace/gc-studio/r4-b/Packages/com.gamecore.studio.ui/Editor/Windows/StudioMenu.cs:191)
GameCore.Studio.UI.StudioDeferredLayout:Apply () (at ~/wkspace/gc-studio/r4-b/Packages/com.gamecore.studio.ui/Editor/Windows/StudioMenu.cs:134)
UnityEditor.EditorApplication:Internal_CallUpdateFunctions () (at /home/bokken/build/output/unity/unity/Editor/Mono/EditorApplication.cs:384)

(Filename: ~/wkspace/gc-studio/r4-b/Packages/com.gamecore.studio.ui/Editor/Windows/StudioMenu.cs Line: 191)

[R4-B layout] StudioViewportWindow attempt=53 observed=(x:20.00, y:69.00, width:1048.00, height:772.00) command=(x:20.00, y:11.00, width:1048.00, height:772.00) immediate=(x:20.00, y:11.00, width:1048.00, height:772.00)
UnityEngine.Debug:ExtractStackTraceNoAlloc (byte*,int,string)
UnityEngine.StackTraceUtility:ExtractStackTrace () (at /home/bokken/build/output/unity/unity/Runtime/Export/Scripting/StackTrace.cs:35)
UnityEngine.DebugLogHandler:Internal_Log (UnityEngine.LogType,UnityEngine.LogOption,string,UnityEngine.Object)
UnityEngine.DebugLogHandler:LogFormat (UnityEngine.LogType,UnityEngine.Object,string,object[])
UnityEngine.Logger:Log (UnityEngine.LogType,object)
UnityEngine.Debug:Log (object)
GameCore.Studio.UI.StudioDeferredLayout:Advance (double) (at ~/wkspace/gc-studio/r4-b/Packages/com.gamecore.studio.ui/Editor/Windows/StudioMenu.cs:191)
GameCore.Studio.UI.StudioDeferredLayout:Apply () (at ~/wkspace/gc-studio/r4-b/Packages/com.gamecore.studio.ui/Editor/Windows/StudioMenu.cs:134)
UnityEditor.EditorApplication:Internal_CallUpdateFunctions () (at /home/bokken/build/output/unity/unity/Editor/Mono/EditorApplication.cs:384)

(Filename: ~/wkspace/gc-studio/r4-b/Packages/com.gamecore.studio.ui/Editor/Windows/StudioMenu.cs Line: 191)

[R4-B layout] StudioViewportWindow attempt=54 observed=(x:20.00, y:69.00, width:1048.00, height:772.00) command=(x:20.00, y:40.00, width:1048.00, height:772.00) immediate=(x:20.00, y:40.00, width:1048.00, height:772.00)
UnityEngine.Debug:ExtractStackTraceNoAlloc (byte*,int,string)
UnityEngine.StackTraceUtility:ExtractStackTrace () (at /home/bokken/build/output/unity/unity/Runtime/Export/Scripting/StackTrace.cs:35)
UnityEngine.DebugLogHandler:Internal_Log (UnityEngine.LogType,UnityEngine.LogOption,string,UnityEngine.Object)
UnityEngine.DebugLogHandler:LogFormat (UnityEngine.LogType,UnityEngine.Object,string,object[])
UnityEngine.Logger:Log (UnityEngine.LogType,object)
UnityEngine.Debug:Log (object)
GameCore.Studio.UI.StudioDeferredLayout:Advance (double) (at ~/wkspace/gc-studio/r4-b/Packages/com.gamecore.studio.ui/Editor/Windows/StudioMenu.cs:191)
GameCore.Studio.UI.StudioDeferredLayout:Apply () (at ~/wkspace/gc-studio/r4-b/Packages/com.gamecore.studio.ui/Editor/Windows/StudioMenu.cs:134)
UnityEditor.EditorApplication:Internal_CallUpdateFunctions () (at /home/bokken/build/output/unity/unity/Editor/Mono/EditorApplication.cs:384)

(Filename: ~/wkspace/gc-studio/r4-b/Packages/com.gamecore.studio.ui/Editor/Windows/StudioMenu.cs Line: 191)

[R4-B layout] StudioViewportWindow attempt=55 observed=(x:20.00, y:69.00, width:1048.00, height:772.00) command=(x:20.00, y:11.00, width:1048.00, height:772.00) immediate=(x:20.00, y:11.00, width:1048.00, height:772.00)
UnityEngine.Debug:ExtractStackTraceNoAlloc (byte*,int,string)
UnityEngine.StackTraceUtility:ExtractStackTrace () (at /home/bokken/build/output/unity/unity/Runtime/Export/Scripting/StackTrace.cs:35)
UnityEngine.DebugLogHandler:Internal_Log (UnityEngine.LogType,UnityEngine.LogOption,string,UnityEngine.Object)
UnityEngine.DebugLogHandler:LogFormat (UnityEngine.LogType,UnityEngine.Object,string,object[])
UnityEngine.Logger:Log (UnityEngine.LogType,object)
UnityEngine.Debug:Log (object)
GameCore.Studio.UI.StudioDeferredLayout:Advance (double) (at ~/wkspace/gc-studio/r4-b/Packages/com.gamecore.studio.ui/Editor/Windows/StudioMenu.cs:191)
GameCore.Studio.UI.StudioDeferredLayout:Apply () (at ~/wkspace/gc-studio/r4-b/Packages/com.gamecore.studio.ui/Editor/Windows/StudioMenu.cs:134)
UnityEditor.EditorApplication:Internal_CallUpdateFunctions () (at /home/bokken/build/output/unity/unity/Editor/Mono/EditorApplication.cs:384)

(Filename: ~/wkspace/gc-studio/r4-b/Packages/com.gamecore.studio.ui/Editor/Windows/StudioMenu.cs Line: 191)

[R4-B layout] StudioViewportWindow attempt=56 observed=(x:20.00, y:69.00, width:1048.00, height:772.00) command=(x:20.00, y:40.00, width:1048.00, height:772.00) immediate=(x:20.00, y:40.00, width:1048.00, height:772.00)
UnityEngine.Debug:ExtractStackTraceNoAlloc (byte*,int,string)
UnityEngine.StackTraceUtility:ExtractStackTrace () (at /home/bokken/build/output/unity/unity/Runtime/Export/Scripting/StackTrace.cs:35)
UnityEngine.DebugLogHandler:Internal_Log (UnityEngine.LogType,UnityEngine.LogOption,string,UnityEngine.Object)
UnityEngine.DebugLogHandler:LogFormat (UnityEngine.LogType,UnityEngine.Object,string,object[])
UnityEngine.Logger:Log (UnityEngine.LogType,object)
UnityEngine.Debug:Log (object)
GameCore.Studio.UI.StudioDeferredLayout:Advance (double) (at ~/wkspace/gc-studio/r4-b/Packages/com.gamecore.studio.ui/Editor/Windows/StudioMenu.cs:191)
GameCore.Studio.UI.StudioDeferredLayout:Apply () (at ~/wkspace/gc-studio/r4-b/Packages/com.gamecore.studio.ui/Editor/Windows/StudioMenu.cs:134)
UnityEditor.EditorApplication:Internal_CallUpdateFunctions () (at /home/bokken/build/output/unity/unity/Editor/Mono/EditorApplication.cs:384)

(Filename: ~/wkspace/gc-studio/r4-b/Packages/com.gamecore.studio.ui/Editor/Windows/StudioMenu.cs Line: 191)

[R4-B layout] StudioViewportWindow attempt=57 observed=(x:20.00, y:69.00, width:1048.00, height:772.00) command=(x:20.00, y:11.00, width:1048.00, height:772.00) immediate=(x:20.00, y:11.00, width:1048.00, height:772.00)
UnityEngine.Debug:ExtractStackTraceNoAlloc (byte*,int,string)
UnityEngine.StackTraceUtility:ExtractStackTrace () (at /home/bokken/build/output/unity/unity/Runtime/Export/Scripting/StackTrace.cs:35)
UnityEngine.DebugLogHandler:Internal_Log (UnityEngine.LogType,UnityEngine.LogOption,string,UnityEngine.Object)
UnityEngine.DebugLogHandler:LogFormat (UnityEngine.LogType,UnityEngine.Object,string,object[])
UnityEngine.Logger:Log (UnityEngine.LogType,object)
UnityEngine.Debug:Log (object)
GameCore.Studio.UI.StudioDeferredLayout:Advance (double) (at ~/wkspace/gc-studio/r4-b/Packages/com.gamecore.studio.ui/Editor/Windows/StudioMenu.cs:191)
GameCore.Studio.UI.StudioDeferredLayout:Apply () (at ~/wkspace/gc-studio/r4-b/Packages/com.gamecore.studio.ui/Editor/Windows/StudioMenu.cs:134)
UnityEditor.EditorApplication:Internal_CallUpdateFunctions () (at /home/bokken/build/output/unity/unity/Editor/Mono/EditorApplication.cs:384)

(Filename: ~/wkspace/gc-studio/r4-b/Packages/com.gamecore.studio.ui/Editor/Windows/StudioMenu.cs Line: 191)

[R4-B layout] StudioViewportWindow attempt=58 observed=(x:20.00, y:69.00, width:1048.00, height:772.00) command=(x:20.00, y:40.00, width:1048.00, height:772.00) immediate=(x:20.00, y:40.00, width:1048.00, height:772.00)
UnityEngine.Debug:ExtractStackTraceNoAlloc (byte*,int,string)
UnityEngine.StackTraceUtility:ExtractStackTrace () (at /home/bokken/build/output/unity/unity/Runtime/Export/Scripting/StackTrace.cs:35)
UnityEngine.DebugLogHandler:Internal_Log (UnityEngine.LogType,UnityEngine.LogOption,string,UnityEngine.Object)
UnityEngine.DebugLogHandler:LogFormat (UnityEngine.LogType,UnityEngine.Object,string,object[])
UnityEngine.Logger:Log (UnityEngine.LogType,object)
UnityEngine.Debug:Log (object)
GameCore.Studio.UI.StudioDeferredLayout:Advance (double) (at ~/wkspace/gc-studio/r4-b/Packages/com.gamecore.studio.ui/Editor/Windows/StudioMenu.cs:191)
GameCore.Studio.UI.StudioDeferredLayout:Apply () (at ~/wkspace/gc-studio/r4-b/Packages/com.gamecore.studio.ui/Editor/Windows/StudioMenu.cs:134)
UnityEditor.EditorApplication:Internal_CallUpdateFunctions () (at /home/bokken/build/output/unity/unity/Editor/Mono/EditorApplication.cs:384)

(Filename: ~/wkspace/gc-studio/r4-b/Packages/com.gamecore.studio.ui/Editor/Windows/StudioMenu.cs Line: 191)

[R4-B layout] StudioViewportWindow attempt=59 observed=(x:20.00, y:69.00, width:1048.00, height:772.00) command=(x:20.00, y:11.00, width:1048.00, height:772.00) immediate=(x:20.00, y:11.00, width:1048.00, height:772.00)
UnityEngine.Debug:ExtractStackTraceNoAlloc (byte*,int,string)
UnityEngine.StackTraceUtility:ExtractStackTrace () (at /home/bokken/build/output/unity/unity/Runtime/Export/Scripting/StackTrace.cs:35)
UnityEngine.DebugLogHandler:Internal_Log (UnityEngine.LogType,UnityEngine.LogOption,string,UnityEngine.Object)
UnityEngine.DebugLogHandler:LogFormat (UnityEngine.LogType,UnityEngine.Object,string,object[])
UnityEngine.Logger:Log (UnityEngine.LogType,object)
UnityEngine.Debug:Log (object)
GameCore.Studio.UI.StudioDeferredLayout:Advance (double) (at ~/wkspace/gc-studio/r4-b/Packages/com.gamecore.studio.ui/Editor/Windows/StudioMenu.cs:191)
GameCore.Studio.UI.StudioDeferredLayout:Apply () (at ~/wkspace/gc-studio/r4-b/Packages/com.gamecore.studio.ui/Editor/Windows/StudioMenu.cs:134)
UnityEditor.EditorApplication:Internal_CallUpdateFunctions () (at /home/bokken/build/output/unity/unity/Editor/Mono/EditorApplication.cs:384)

(Filename: ~/wkspace/gc-studio/r4-b/Packages/com.gamecore.studio.ui/Editor/Windows/StudioMenu.cs Line: 191)

[R4-B layout] StudioViewportWindow attempt=60 observed=(x:20.00, y:69.00, width:1048.00, height:772.00) command=(x:20.00, y:40.00, width:1048.00, height:772.00) immediate=(x:20.00, y:40.00, width:1048.00, height:772.00)
UnityEngine.Debug:ExtractStackTraceNoAlloc (byte*,int,string)
UnityEngine.StackTraceUtility:ExtractStackTrace () (at /home/bokken/build/output/unity/unity/Runtime/Export/Scripting/StackTrace.cs:35)
UnityEngine.DebugLogHandler:Internal_Log (UnityEngine.LogType,UnityEngine.LogOption,string,UnityEngine.Object)
UnityEngine.DebugLogHandler:LogFormat (UnityEngine.LogType,UnityEngine.Object,string,object[])
UnityEngine.Logger:Log (UnityEngine.LogType,object)
UnityEngine.Debug:Log (object)
GameCore.Studio.UI.StudioDeferredLayout:Advance (double) (at ~/wkspace/gc-studio/r4-b/Packages/com.gamecore.studio.ui/Editor/Windows/StudioMenu.cs:191)
GameCore.Studio.UI.StudioDeferredLayout:Apply () (at ~/wkspace/gc-studio/r4-b/Packages/com.gamecore.studio.ui/Editor/Windows/StudioMenu.cs:134)
UnityEditor.EditorApplication:Internal_CallUpdateFunctions () (at /home/bokken/build/output/unity/unity/Editor/Mono/EditorApplication.cs:384)

(Filename: ~/wkspace/gc-studio/r4-b/Packages/com.gamecore.studio.ui/Editor/Windows/StudioMenu.cs Line: 191)

[R4-B layout] StudioViewportWindow attempt=61 observed=(x:20.00, y:69.00, width:1048.00, height:772.00) command=(x:20.00, y:11.00, width:1048.00, height:772.00) immediate=(x:20.00, y:11.00, width:1048.00, height:772.00)
UnityEngine.Debug:ExtractStackTraceNoAlloc (byte*,int,string)
UnityEngine.StackTraceUtility:ExtractStackTrace () (at /home/bokken/build/output/unity/unity/Runtime/Export/Scripting/StackTrace.cs:35)
UnityEngine.DebugLogHandler:Internal_Log (UnityEngine.LogType,UnityEngine.LogOption,string,UnityEngine.Object)
UnityEngine.DebugLogHandler:LogFormat (UnityEngine.LogType,UnityEngine.Object,string,object[])
UnityEngine.Logger:Log (UnityEngine.LogType,object)
UnityEngine.Debug:Log (object)
GameCore.Studio.UI.StudioDeferredLayout:Advance (double) (at ~/wkspace/gc-studio/r4-b/Packages/com.gamecore.studio.ui/Editor/Windows/StudioMenu.cs:191)
GameCore.Studio.UI.StudioDeferredLayout:Apply () (at ~/wkspace/gc-studio/r4-b/Packages/com.gamecore.studio.ui/Editor/Windows/StudioMenu.cs:134)
UnityEditor.EditorApplication:Internal_CallUpdateFunctions () (at /home/bokken/build/output/unity/unity/Editor/Mono/EditorApplication.cs:384)

(Filename: ~/wkspace/gc-studio/r4-b/Packages/com.gamecore.studio.ui/Editor/Windows/StudioMenu.cs Line: 191)

[R4-B layout] StudioViewportWindow attempt=62 observed=(x:20.00, y:69.00, width:1048.00, height:772.00) command=(x:20.00, y:40.00, width:1048.00, height:772.00) immediate=(x:20.00, y:40.00, width:1048.00, height:772.00)
UnityEngine.Debug:ExtractStackTraceNoAlloc (byte*,int,string)
UnityEngine.StackTraceUtility:ExtractStackTrace () (at /home/bokken/build/output/unity/unity/Runtime/Export/Scripting/StackTrace.cs:35)
UnityEngine.DebugLogHandler:Internal_Log (UnityEngine.LogType,UnityEngine.LogOption,string,UnityEngine.Object)
UnityEngine.DebugLogHandler:LogFormat (UnityEngine.LogType,UnityEngine.Object,string,object[])
UnityEngine.Logger:Log (UnityEngine.LogType,object)
UnityEngine.Debug:Log (object)
GameCore.Studio.UI.StudioDeferredLayout:Advance (double) (at ~/wkspace/gc-studio/r4-b/Packages/com.gamecore.studio.ui/Editor/Windows/StudioMenu.cs:191)
GameCore.Studio.UI.StudioDeferredLayout:Apply () (at ~/wkspace/gc-studio/r4-b/Packages/com.gamecore.studio.ui/Editor/Windows/StudioMenu.cs:134)
UnityEditor.EditorApplication:Internal_CallUpdateFunctions () (at /home/bokken/build/output/unity/unity/Editor/Mono/EditorApplication.cs:384)

(Filename: ~/wkspace/gc-studio/r4-b/Packages/com.gamecore.studio.ui/Editor/Windows/StudioMenu.cs Line: 191)

[R4-B layout] StudioViewportWindow attempt=63 observed=(x:20.00, y:69.00, width:1048.00, height:772.00) command=(x:20.00, y:11.00, width:1048.00, height:772.00) immediate=(x:20.00, y:11.00, width:1048.00, height:772.00)
UnityEngine.Debug:ExtractStackTraceNoAlloc (byte*,int,string)
UnityEngine.StackTraceUtility:ExtractStackTrace () (at /home/bokken/build/output/unity/unity/Runtime/Export/Scripting/StackTrace.cs:35)
UnityEngine.DebugLogHandler:Internal_Log (UnityEngine.LogType,UnityEngine.LogOption,string,UnityEngine.Object)
UnityEngine.DebugLogHandler:LogFormat (UnityEngine.LogType,UnityEngine.Object,string,object[])
UnityEngine.Logger:Log (UnityEngine.LogType,object)
UnityEngine.Debug:Log (object)
GameCore.Studio.UI.StudioDeferredLayout:Advance (double) (at ~/wkspace/gc-studio/r4-b/Packages/com.gamecore.studio.ui/Editor/Windows/StudioMenu.cs:191)
GameCore.Studio.UI.StudioDeferredLayout:Apply () (at ~/wkspace/gc-studio/r4-b/Packages/com.gamecore.studio.ui/Editor/Windows/StudioMenu.cs:134)
UnityEditor.EditorApplication:Internal_CallUpdateFunctions () (at /home/bokken/build/output/unity/unity/Editor/Mono/EditorApplication.cs:384)

(Filename: ~/wkspace/gc-studio/r4-b/Packages/com.gamecore.studio.ui/Editor/Windows/StudioMenu.cs Line: 191)

[R4-B layout] StudioViewportWindow attempt=64 observed=(x:20.00, y:69.00, width:1048.00, height:772.00) command=(x:20.00, y:40.00, width:1048.00, height:772.00) immediate=(x:20.00, y:40.00, width:1048.00, height:772.00)
UnityEngine.Debug:ExtractStackTraceNoAlloc (byte*,int,string)
UnityEngine.StackTraceUtility:ExtractStackTrace () (at /home/bokken/build/output/unity/unity/Runtime/Export/Scripting/StackTrace.cs:35)
UnityEngine.DebugLogHandler:Internal_Log (UnityEngine.LogType,UnityEngine.LogOption,string,UnityEngine.Object)
UnityEngine.DebugLogHandler:LogFormat (UnityEngine.LogType,UnityEngine.Object,string,object[])
UnityEngine.Logger:Log (UnityEngine.LogType,object)
UnityEngine.Debug:Log (object)
GameCore.Studio.UI.StudioDeferredLayout:Advance (double) (at ~/wkspace/gc-studio/r4-b/Packages/com.gamecore.studio.ui/Editor/Windows/StudioMenu.cs:191)
GameCore.Studio.UI.StudioDeferredLayout:Apply () (at ~/wkspace/gc-studio/r4-b/Packages/com.gamecore.studio.ui/Editor/Windows/StudioMenu.cs:134)
UnityEditor.EditorApplication:Internal_CallUpdateFunctions () (at /home/bokken/build/output/unity/unity/Editor/Mono/EditorApplication.cs:384)

(Filename: ~/wkspace/gc-studio/r4-b/Packages/com.gamecore.studio.ui/Editor/Windows/StudioMenu.cs Line: 191)

[R4-B layout] StudioViewportWindow attempt=65 observed=(x:20.00, y:69.00, width:1048.00, height:772.00) command=(x:20.00, y:11.00, width:1048.00, height:772.00) immediate=(x:20.00, y:11.00, width:1048.00, height:772.00)
UnityEngine.Debug:ExtractStackTraceNoAlloc (byte*,int,string)
UnityEngine.StackTraceUtility:ExtractStackTrace () (at /home/bokken/build/output/unity/unity/Runtime/Export/Scripting/StackTrace.cs:35)
UnityEngine.DebugLogHandler:Internal_Log (UnityEngine.LogType,UnityEngine.LogOption,string,UnityEngine.Object)
UnityEngine.DebugLogHandler:LogFormat (UnityEngine.LogType,UnityEngine.Object,string,object[])
UnityEngine.Logger:Log (UnityEngine.LogType,object)
UnityEngine.Debug:Log (object)
GameCore.Studio.UI.StudioDeferredLayout:Advance (double) (at ~/wkspace/gc-studio/r4-b/Packages/com.gamecore.studio.ui/Editor/Windows/StudioMenu.cs:191)
GameCore.Studio.UI.StudioDeferredLayout:Apply () (at ~/wkspace/gc-studio/r4-b/Packages/com.gamecore.studio.ui/Editor/Windows/StudioMenu.cs:134)
UnityEditor.EditorApplication:Internal_CallUpdateFunctions () (at /home/bokken/build/output/unity/unity/Editor/Mono/EditorApplication.cs:384)

(Filename: ~/wkspace/gc-studio/r4-b/Packages/com.gamecore.studio.ui/Editor/Windows/StudioMenu.cs Line: 191)

[R4-B layout] StudioViewportWindow attempt=66 observed=(x:20.00, y:69.00, width:1048.00, height:772.00) command=(x:20.00, y:40.00, width:1048.00, height:772.00) immediate=(x:20.00, y:40.00, width:1048.00, height:772.00)
UnityEngine.Debug:ExtractStackTraceNoAlloc (byte*,int,string)
UnityEngine.StackTraceUtility:ExtractStackTrace () (at /home/bokken/build/output/unity/unity/Runtime/Export/Scripting/StackTrace.cs:35)
UnityEngine.DebugLogHandler:Internal_Log (UnityEngine.LogType,UnityEngine.LogOption,string,UnityEngine.Object)
UnityEngine.DebugLogHandler:LogFormat (UnityEngine.LogType,UnityEngine.Object,string,object[])
UnityEngine.Logger:Log (UnityEngine.LogType,object)
UnityEngine.Debug:Log (object)
GameCore.Studio.UI.StudioDeferredLayout:Advance (double) (at ~/wkspace/gc-studio/r4-b/Packages/com.gamecore.studio.ui/Editor/Windows/StudioMenu.cs:191)
GameCore.Studio.UI.StudioDeferredLayout:Apply () (at ~/wkspace/gc-studio/r4-b/Packages/com.gamecore.studio.ui/Editor/Windows/StudioMenu.cs:134)
UnityEditor.EditorApplication:Internal_CallUpdateFunctions () (at /home/bokken/build/output/unity/unity/Editor/Mono/EditorApplication.cs:384)

(Filename: ~/wkspace/gc-studio/r4-b/Packages/com.gamecore.studio.ui/Editor/Windows/StudioMenu.cs Line: 191)

[R4-B layout] StudioViewportWindow attempt=67 observed=(x:20.00, y:69.00, width:1048.00, height:772.00) command=(x:20.00, y:11.00, width:1048.00, height:772.00) immediate=(x:20.00, y:11.00, width:1048.00, height:772.00)
UnityEngine.Debug:ExtractStackTraceNoAlloc (byte*,int,string)
UnityEngine.StackTraceUtility:ExtractStackTrace () (at /home/bokken/build/output/unity/unity/Runtime/Export/Scripting/StackTrace.cs:35)
UnityEngine.DebugLogHandler:Internal_Log (UnityEngine.LogType,UnityEngine.LogOption,string,UnityEngine.Object)
UnityEngine.DebugLogHandler:LogFormat (UnityEngine.LogType,UnityEngine.Object,string,object[])
UnityEngine.Logger:Log (UnityEngine.LogType,object)
UnityEngine.Debug:Log (object)
GameCore.Studio.UI.StudioDeferredLayout:Advance (double) (at ~/wkspace/gc-studio/r4-b/Packages/com.gamecore.studio.ui/Editor/Windows/StudioMenu.cs:191)
GameCore.Studio.UI.StudioDeferredLayout:Apply () (at ~/wkspace/gc-studio/r4-b/Packages/com.gamecore.studio.ui/Editor/Windows/StudioMenu.cs:134)
UnityEditor.EditorApplication:Internal_CallUpdateFunctions () (at /home/bokken/build/output/unity/unity/Editor/Mono/EditorApplication.cs:384)

(Filename: ~/wkspace/gc-studio/r4-b/Packages/com.gamecore.studio.ui/Editor/Windows/StudioMenu.cs Line: 191)

[R4-B layout] StudioViewportWindow attempt=68 observed=(x:20.00, y:69.00, width:1048.00, height:772.00) command=(x:20.00, y:40.00, width:1048.00, height:772.00) immediate=(x:20.00, y:40.00, width:1048.00, height:772.00)
UnityEngine.Debug:ExtractStackTraceNoAlloc (byte*,int,string)
UnityEngine.StackTraceUtility:ExtractStackTrace () (at /home/bokken/build/output/unity/unity/Runtime/Export/Scripting/StackTrace.cs:35)
UnityEngine.DebugLogHandler:Internal_Log (UnityEngine.LogType,UnityEngine.LogOption,string,UnityEngine.Object)
UnityEngine.DebugLogHandler:LogFormat (UnityEngine.LogType,UnityEngine.Object,string,object[])
UnityEngine.Logger:Log (UnityEngine.LogType,object)
UnityEngine.Debug:Log (object)
GameCore.Studio.UI.StudioDeferredLayout:Advance (double) (at ~/wkspace/gc-studio/r4-b/Packages/com.gamecore.studio.ui/Editor/Windows/StudioMenu.cs:191)
GameCore.Studio.UI.StudioDeferredLayout:Apply () (at ~/wkspace/gc-studio/r4-b/Packages/com.gamecore.studio.ui/Editor/Windows/StudioMenu.cs:134)
UnityEditor.EditorApplication:Internal_CallUpdateFunctions () (at /home/bokken/build/output/unity/unity/Editor/Mono/EditorApplication.cs:384)

(Filename: ~/wkspace/gc-studio/r4-b/Packages/com.gamecore.studio.ui/Editor/Windows/StudioMenu.cs Line: 191)

[R4-B layout] StudioViewportWindow attempt=69 observed=(x:20.00, y:69.00, width:1048.00, height:772.00) command=(x:20.00, y:11.00, width:1048.00, height:772.00) immediate=(x:20.00, y:11.00, width:1048.00, height:772.00)
UnityEngine.Debug:ExtractStackTraceNoAlloc (byte*,int,string)
UnityEngine.StackTraceUtility:ExtractStackTrace () (at /home/bokken/build/output/unity/unity/Runtime/Export/Scripting/StackTrace.cs:35)
UnityEngine.DebugLogHandler:Internal_Log (UnityEngine.LogType,UnityEngine.LogOption,string,UnityEngine.Object)
UnityEngine.DebugLogHandler:LogFormat (UnityEngine.LogType,UnityEngine.Object,string,object[])
UnityEngine.Logger:Log (UnityEngine.LogType,object)
UnityEngine.Debug:Log (object)
GameCore.Studio.UI.StudioDeferredLayout:Advance (double) (at ~/wkspace/gc-studio/r4-b/Packages/com.gamecore.studio.ui/Editor/Windows/StudioMenu.cs:191)
GameCore.Studio.UI.StudioDeferredLayout:Apply () (at ~/wkspace/gc-studio/r4-b/Packages/com.gamecore.studio.ui/Editor/Windows/StudioMenu.cs:134)
UnityEditor.EditorApplication:Internal_CallUpdateFunctions () (at /home/bokken/build/output/unity/unity/Editor/Mono/EditorApplication.cs:384)

(Filename: ~/wkspace/gc-studio/r4-b/Packages/com.gamecore.studio.ui/Editor/Windows/StudioMenu.cs Line: 191)

[R4-B layout] StudioViewportWindow attempt=70 observed=(x:20.00, y:69.00, width:1048.00, height:772.00) command=(x:20.00, y:40.00, width:1048.00, height:772.00) immediate=(x:20.00, y:40.00, width:1048.00, height:772.00)
UnityEngine.Debug:ExtractStackTraceNoAlloc (byte*,int,string)
UnityEngine.StackTraceUtility:ExtractStackTrace () (at /home/bokken/build/output/unity/unity/Runtime/Export/Scripting/StackTrace.cs:35)
UnityEngine.DebugLogHandler:Internal_Log (UnityEngine.LogType,UnityEngine.LogOption,string,UnityEngine.Object)
UnityEngine.DebugLogHandler:LogFormat (UnityEngine.LogType,UnityEngine.Object,string,object[])
UnityEngine.Logger:Log (UnityEngine.LogType,object)
UnityEngine.Debug:Log (object)
GameCore.Studio.UI.StudioDeferredLayout:Advance (double) (at ~/wkspace/gc-studio/r4-b/Packages/com.gamecore.studio.ui/Editor/Windows/StudioMenu.cs:191)
GameCore.Studio.UI.StudioDeferredLayout:Apply () (at ~/wkspace/gc-studio/r4-b/Packages/com.gamecore.studio.ui/Editor/Windows/StudioMenu.cs:134)
UnityEditor.EditorApplication:Internal_CallUpdateFunctions () (at /home/bokken/build/output/unity/unity/Editor/Mono/EditorApplication.cs:384)

(Filename: ~/wkspace/gc-studio/r4-b/Packages/com.gamecore.studio.ui/Editor/Windows/StudioMenu.cs Line: 191)

[R4-B layout] StudioViewportWindow attempt=71 observed=(x:20.00, y:69.00, width:1048.00, height:772.00) command=(x:20.00, y:11.00, width:1048.00, height:772.00) immediate=(x:20.00, y:11.00, width:1048.00, height:772.00)
UnityEngine.Debug:ExtractStackTraceNoAlloc (byte*,int,string)
UnityEngine.StackTraceUtility:ExtractStackTrace () (at /home/bokken/build/output/unity/unity/Runtime/Export/Scripting/StackTrace.cs:35)
UnityEngine.DebugLogHandler:Internal_Log (UnityEngine.LogType,UnityEngine.LogOption,string,UnityEngine.Object)
UnityEngine.DebugLogHandler:LogFormat (UnityEngine.LogType,UnityEngine.Object,string,object[])
UnityEngine.Logger:Log (UnityEngine.LogType,object)
UnityEngine.Debug:Log (object)
GameCore.Studio.UI.StudioDeferredLayout:Advance (double) (at ~/wkspace/gc-studio/r4-b/Packages/com.gamecore.studio.ui/Editor/Windows/StudioMenu.cs:191)
GameCore.Studio.UI.StudioDeferredLayout:Apply () (at ~/wkspace/gc-studio/r4-b/Packages/com.gamecore.studio.ui/Editor/Windows/StudioMenu.cs:134)
UnityEditor.EditorApplication:Internal_CallUpdateFunctions () (at /home/bokken/build/output/unity/unity/Editor/Mono/EditorApplication.cs:384)

(Filename: ~/wkspace/gc-studio/r4-b/Packages/com.gamecore.studio.ui/Editor/Windows/StudioMenu.cs Line: 191)

[R4-B layout] StudioViewportWindow attempt=72 observed=(x:20.00, y:69.00, width:1048.00, height:772.00) command=(x:20.00, y:40.00, width:1048.00, height:772.00) immediate=(x:20.00, y:40.00, width:1048.00, height:772.00)
UnityEngine.Debug:ExtractStackTraceNoAlloc (byte*,int,string)
UnityEngine.StackTraceUtility:ExtractStackTrace () (at /home/bokken/build/output/unity/unity/Runtime/Export/Scripting/StackTrace.cs:35)
UnityEngine.DebugLogHandler:Internal_Log (UnityEngine.LogType,UnityEngine.LogOption,string,UnityEngine.Object)
UnityEngine.DebugLogHandler:LogFormat (UnityEngine.LogType,UnityEngine.Object,string,object[])
UnityEngine.Logger:Log (UnityEngine.LogType,object)
UnityEngine.Debug:Log (object)
GameCore.Studio.UI.StudioDeferredLayout:Advance (double) (at ~/wkspace/gc-studio/r4-b/Packages/com.gamecore.studio.ui/Editor/Windows/StudioMenu.cs:191)
GameCore.Studio.UI.StudioDeferredLayout:Apply () (at ~/wkspace/gc-studio/r4-b/Packages/com.gamecore.studio.ui/Editor/Windows/StudioMenu.cs:134)
UnityEditor.EditorApplication:Internal_CallUpdateFunctions () (at /home/bokken/build/output/unity/unity/Editor/Mono/EditorApplication.cs:384)

(Filename: ~/wkspace/gc-studio/r4-b/Packages/com.gamecore.studio.ui/Editor/Windows/StudioMenu.cs Line: 191)

[R4-B layout] StudioViewportWindow attempt=73 observed=(x:20.00, y:69.00, width:1048.00, height:772.00) command=(x:20.00, y:11.00, width:1048.00, height:772.00) immediate=(x:20.00, y:11.00, width:1048.00, height:772.00)
UnityEngine.Debug:ExtractStackTraceNoAlloc (byte*,int,string)
UnityEngine.StackTraceUtility:ExtractStackTrace () (at /home/bokken/build/output/unity/unity/Runtime/Export/Scripting/StackTrace.cs:35)
UnityEngine.DebugLogHandler:Internal_Log (UnityEngine.LogType,UnityEngine.LogOption,string,UnityEngine.Object)
UnityEngine.DebugLogHandler:LogFormat (UnityEngine.LogType,UnityEngine.Object,string,object[])
UnityEngine.Logger:Log (UnityEngine.LogType,object)
UnityEngine.Debug:Log (object)
GameCore.Studio.UI.StudioDeferredLayout:Advance (double) (at ~/wkspace/gc-studio/r4-b/Packages/com.gamecore.studio.ui/Editor/Windows/StudioMenu.cs:191)
GameCore.Studio.UI.StudioDeferredLayout:Apply () (at ~/wkspace/gc-studio/r4-b/Packages/com.gamecore.studio.ui/Editor/Windows/StudioMenu.cs:134)
UnityEditor.EditorApplication:Internal_CallUpdateFunctions () (at /home/bokken/build/output/unity/unity/Editor/Mono/EditorApplication.cs:384)

(Filename: ~/wkspace/gc-studio/r4-b/Packages/com.gamecore.studio.ui/Editor/Windows/StudioMenu.cs Line: 191)

[R4-B layout] StudioViewportWindow attempt=74 observed=(x:20.00, y:69.00, width:1048.00, height:772.00) command=(x:20.00, y:40.00, width:1048.00, height:772.00) immediate=(x:20.00, y:40.00, width:1048.00, height:772.00)
UnityEngine.Debug:ExtractStackTraceNoAlloc (byte*,int,string)
UnityEngine.StackTraceUtility:ExtractStackTrace () (at /home/bokken/build/output/unity/unity/Runtime/Export/Scripting/StackTrace.cs:35)
UnityEngine.DebugLogHandler:Internal_Log (UnityEngine.LogType,UnityEngine.LogOption,string,UnityEngine.Object)
UnityEngine.DebugLogHandler:LogFormat (UnityEngine.LogType,UnityEngine.Object,string,object[])
UnityEngine.Logger:Log (UnityEngine.LogType,object)
UnityEngine.Debug:Log (object)
GameCore.Studio.UI.StudioDeferredLayout:Advance (double) (at ~/wkspace/gc-studio/r4-b/Packages/com.gamecore.studio.ui/Editor/Windows/StudioMenu.cs:191)
GameCore.Studio.UI.StudioDeferredLayout:Apply () (at ~/wkspace/gc-studio/r4-b/Packages/com.gamecore.studio.ui/Editor/Windows/StudioMenu.cs:134)
UnityEditor.EditorApplication:Internal_CallUpdateFunctions () (at /home/bokken/build/output/unity/unity/Editor/Mono/EditorApplication.cs:384)

(Filename: ~/wkspace/gc-studio/r4-b/Packages/com.gamecore.studio.ui/Editor/Windows/StudioMenu.cs Line: 191)

[R4-B layout] StudioViewportWindow attempt=75 observed=(x:20.00, y:69.00, width:1048.00, height:772.00) command=(x:20.00, y:11.00, width:1048.00, height:772.00) immediate=(x:20.00, y:11.00, width:1048.00, height:772.00)
UnityEngine.Debug:ExtractStackTraceNoAlloc (byte*,int,string)
UnityEngine.StackTraceUtility:ExtractStackTrace () (at /home/bokken/build/output/unity/unity/Runtime/Export/Scripting/StackTrace.cs:35)
UnityEngine.DebugLogHandler:Internal_Log (UnityEngine.LogType,UnityEngine.LogOption,string,UnityEngine.Object)
UnityEngine.DebugLogHandler:LogFormat (UnityEngine.LogType,UnityEngine.Object,string,object[])
UnityEngine.Logger:Log (UnityEngine.LogType,object)
UnityEngine.Debug:Log (object)
GameCore.Studio.UI.StudioDeferredLayout:Advance (double) (at ~/wkspace/gc-studio/r4-b/Packages/com.gamecore.studio.ui/Editor/Windows/StudioMenu.cs:191)
GameCore.Studio.UI.StudioDeferredLayout:Apply () (at ~/wkspace/gc-studio/r4-b/Packages/com.gamecore.studio.ui/Editor/Windows/StudioMenu.cs:134)
UnityEditor.EditorApplication:Internal_CallUpdateFunctions () (at /home/bokken/build/output/unity/unity/Editor/Mono/EditorApplication.cs:384)

(Filename: ~/wkspace/gc-studio/r4-b/Packages/com.gamecore.studio.ui/Editor/Windows/StudioMenu.cs Line: 191)

[R4-B layout] StudioViewportWindow attempt=76 observed=(x:20.00, y:69.00, width:1048.00, height:772.00) command=(x:20.00, y:40.00, width:1048.00, height:772.00) immediate=(x:20.00, y:40.00, width:1048.00, height:772.00)
UnityEngine.Debug:ExtractStackTraceNoAlloc (byte*,int,string)
UnityEngine.StackTraceUtility:ExtractStackTrace () (at /home/bokken/build/output/unity/unity/Runtime/Export/Scripting/StackTrace.cs:35)
UnityEngine.DebugLogHandler:Internal_Log (UnityEngine.LogType,UnityEngine.LogOption,string,UnityEngine.Object)
UnityEngine.DebugLogHandler:LogFormat (UnityEngine.LogType,UnityEngine.Object,string,object[])
UnityEngine.Logger:Log (UnityEngine.LogType,object)
UnityEngine.Debug:Log (object)
GameCore.Studio.UI.StudioDeferredLayout:Advance (double) (at ~/wkspace/gc-studio/r4-b/Packages/com.gamecore.studio.ui/Editor/Windows/StudioMenu.cs:191)
GameCore.Studio.UI.StudioDeferredLayout:Apply () (at ~/wkspace/gc-studio/r4-b/Packages/com.gamecore.studio.ui/Editor/Windows/StudioMenu.cs:134)
UnityEditor.EditorApplication:Internal_CallUpdateFunctions () (at /home/bokken/build/output/unity/unity/Editor/Mono/EditorApplication.cs:384)

(Filename: ~/wkspace/gc-studio/r4-b/Packages/com.gamecore.studio.ui/Editor/Windows/StudioMenu.cs Line: 191)

[R4-B layout] StudioViewportWindow attempt=77 observed=(x:20.00, y:69.00, width:1048.00, height:772.00) command=(x:20.00, y:11.00, width:1048.00, height:772.00) immediate=(x:20.00, y:11.00, width:1048.00, height:772.00)
UnityEngine.Debug:ExtractStackTraceNoAlloc (byte*,int,string)
UnityEngine.StackTraceUtility:ExtractStackTrace () (at /home/bokken/build/output/unity/unity/Runtime/Export/Scripting/StackTrace.cs:35)
UnityEngine.DebugLogHandler:Internal_Log (UnityEngine.LogType,UnityEngine.LogOption,string,UnityEngine.Object)
UnityEngine.DebugLogHandler:LogFormat (UnityEngine.LogType,UnityEngine.Object,string,object[])
UnityEngine.Logger:Log (UnityEngine.LogType,object)
UnityEngine.Debug:Log (object)
GameCore.Studio.UI.StudioDeferredLayout:Advance (double) (at ~/wkspace/gc-studio/r4-b/Packages/com.gamecore.studio.ui/Editor/Windows/StudioMenu.cs:191)
GameCore.Studio.UI.StudioDeferredLayout:Apply () (at ~/wkspace/gc-studio/r4-b/Packages/com.gamecore.studio.ui/Editor/Windows/StudioMenu.cs:134)
UnityEditor.EditorApplication:Internal_CallUpdateFunctions () (at /home/bokken/build/output/unity/unity/Editor/Mono/EditorApplication.cs:384)

(Filename: ~/wkspace/gc-studio/r4-b/Packages/com.gamecore.studio.ui/Editor/Windows/StudioMenu.cs Line: 191)

[R4-B layout] StudioViewportWindow attempt=78 observed=(x:20.00, y:69.00, width:1048.00, height:772.00) command=(x:20.00, y:40.00, width:1048.00, height:772.00) immediate=(x:20.00, y:40.00, width:1048.00, height:772.00)
UnityEngine.Debug:ExtractStackTraceNoAlloc (byte*,int,string)
UnityEngine.StackTraceUtility:ExtractStackTrace () (at /home/bokken/build/output/unity/unity/Runtime/Export/Scripting/StackTrace.cs:35)
UnityEngine.DebugLogHandler:Internal_Log (UnityEngine.LogType,UnityEngine.LogOption,string,UnityEngine.Object)
UnityEngine.DebugLogHandler:LogFormat (UnityEngine.LogType,UnityEngine.Object,string,object[])
UnityEngine.Logger:Log (UnityEngine.LogType,object)
UnityEngine.Debug:Log (object)
GameCore.Studio.UI.StudioDeferredLayout:Advance (double) (at ~/wkspace/gc-studio/r4-b/Packages/com.gamecore.studio.ui/Editor/Windows/StudioMenu.cs:191)
GameCore.Studio.UI.StudioDeferredLayout:Apply () (at ~/wkspace/gc-studio/r4-b/Packages/com.gamecore.studio.ui/Editor/Windows/StudioMenu.cs:134)
UnityEditor.EditorApplication:Internal_CallUpdateFunctions () (at /home/bokken/build/output/unity/unity/Editor/Mono/EditorApplication.cs:384)

(Filename: ~/wkspace/gc-studio/r4-b/Packages/com.gamecore.studio.ui/Editor/Windows/StudioMenu.cs Line: 191)

[R4-B layout] StudioViewportWindow attempt=79 observed=(x:20.00, y:69.00, width:1048.00, height:772.00) command=(x:20.00, y:11.00, width:1048.00, height:772.00) immediate=(x:20.00, y:11.00, width:1048.00, height:772.00)
UnityEngine.Debug:ExtractStackTraceNoAlloc (byte*,int,string)
UnityEngine.StackTraceUtility:ExtractStackTrace () (at /home/bokken/build/output/unity/unity/Runtime/Export/Scripting/StackTrace.cs:35)
UnityEngine.DebugLogHandler:Internal_Log (UnityEngine.LogType,UnityEngine.LogOption,string,UnityEngine.Object)
UnityEngine.DebugLogHandler:LogFormat (UnityEngine.LogType,UnityEngine.Object,string,object[])
UnityEngine.Logger:Log (UnityEngine.LogType,object)
UnityEngine.Debug:Log (object)
GameCore.Studio.UI.StudioDeferredLayout:Advance (double) (at ~/wkspace/gc-studio/r4-b/Packages/com.gamecore.studio.ui/Editor/Windows/StudioMenu.cs:191)
GameCore.Studio.UI.StudioDeferredLayout:Apply () (at ~/wkspace/gc-studio/r4-b/Packages/com.gamecore.studio.ui/Editor/Windows/StudioMenu.cs:134)
UnityEditor.EditorApplication:Internal_CallUpdateFunctions () (at /home/bokken/build/output/unity/unity/Editor/Mono/EditorApplication.cs:384)

(Filename: ~/wkspace/gc-studio/r4-b/Packages/com.gamecore.studio.ui/Editor/Windows/StudioMenu.cs Line: 191)

[R4-B layout] StudioViewportWindow attempt=80 observed=(x:20.00, y:69.00, width:1048.00, height:772.00) command=(x:20.00, y:40.00, width:1048.00, height:772.00) immediate=(x:20.00, y:40.00, width:1048.00, height:772.00)
UnityEngine.Debug:ExtractStackTraceNoAlloc (byte*,int,string)
UnityEngine.StackTraceUtility:ExtractStackTrace () (at /home/bokken/build/output/unity/unity/Runtime/Export/Scripting/StackTrace.cs:35)
UnityEngine.DebugLogHandler:Internal_Log (UnityEngine.LogType,UnityEngine.LogOption,string,UnityEngine.Object)
UnityEngine.DebugLogHandler:LogFormat (UnityEngine.LogType,UnityEngine.Object,string,object[])
UnityEngine.Logger:Log (UnityEngine.LogType,object)
UnityEngine.Debug:Log (object)
GameCore.Studio.UI.StudioDeferredLayout:Advance (double) (at ~/wkspace/gc-studio/r4-b/Packages/com.gamecore.studio.ui/Editor/Windows/StudioMenu.cs:191)
GameCore.Studio.UI.StudioDeferredLayout:Apply () (at ~/wkspace/gc-studio/r4-b/Packages/com.gamecore.studio.ui/Editor/Windows/StudioMenu.cs:134)
UnityEditor.EditorApplication:Internal_CallUpdateFunctions () (at /home/bokken/build/output/unity/unity/Editor/Mono/EditorApplication.cs:384)

(Filename: ~/wkspace/gc-studio/r4-b/Packages/com.gamecore.studio.ui/Editor/Windows/StudioMenu.cs Line: 191)

[R4-B layout] StudioViewportWindow attempt=81 observed=(x:20.00, y:69.00, width:1048.00, height:772.00) command=(x:20.00, y:11.00, width:1048.00, height:772.00) immediate=(x:20.00, y:11.00, width:1048.00, height:772.00)
UnityEngine.Debug:ExtractStackTraceNoAlloc (byte*,int,string)
UnityEngine.StackTraceUtility:ExtractStackTrace () (at /home/bokken/build/output/unity/unity/Runtime/Export/Scripting/StackTrace.cs:35)
UnityEngine.DebugLogHandler:Internal_Log (UnityEngine.LogType,UnityEngine.LogOption,string,UnityEngine.Object)
UnityEngine.DebugLogHandler:LogFormat (UnityEngine.LogType,UnityEngine.Object,string,object[])
UnityEngine.Logger:Log (UnityEngine.LogType,object)
UnityEngine.Debug:Log (object)
GameCore.Studio.UI.StudioDeferredLayout:Advance (double) (at ~/wkspace/gc-studio/r4-b/Packages/com.gamecore.studio.ui/Editor/Windows/StudioMenu.cs:191)
GameCore.Studio.UI.StudioDeferredLayout:Apply () (at ~/wkspace/gc-studio/r4-b/Packages/com.gamecore.studio.ui/Editor/Windows/StudioMenu.cs:134)
UnityEditor.EditorApplication:Internal_CallUpdateFunctions () (at /home/bokken/build/output/unity/unity/Editor/Mono/EditorApplication.cs:384)

(Filename: ~/wkspace/gc-studio/r4-b/Packages/com.gamecore.studio.ui/Editor/Windows/StudioMenu.cs Line: 191)

[R4-B layout] StudioViewportWindow attempt=82 observed=(x:20.00, y:69.00, width:1048.00, height:772.00) command=(x:20.00, y:40.00, width:1048.00, height:772.00) immediate=(x:20.00, y:40.00, width:1048.00, height:772.00)
UnityEngine.Debug:ExtractStackTraceNoAlloc (byte*,int,string)
UnityEngine.StackTraceUtility:ExtractStackTrace () (at /home/bokken/build/output/unity/unity/Runtime/Export/Scripting/StackTrace.cs:35)
UnityEngine.DebugLogHandler:Internal_Log (UnityEngine.LogType,UnityEngine.LogOption,string,UnityEngine.Object)
UnityEngine.DebugLogHandler:LogFormat (UnityEngine.LogType,UnityEngine.Object,string,object[])
UnityEngine.Logger:Log (UnityEngine.LogType,object)
UnityEngine.Debug:Log (object)
GameCore.Studio.UI.StudioDeferredLayout:Advance (double) (at ~/wkspace/gc-studio/r4-b/Packages/com.gamecore.studio.ui/Editor/Windows/StudioMenu.cs:191)
GameCore.Studio.UI.StudioDeferredLayout:Apply () (at ~/wkspace/gc-studio/r4-b/Packages/com.gamecore.studio.ui/Editor/Windows/StudioMenu.cs:134)
UnityEditor.EditorApplication:Internal_CallUpdateFunctions () (at /home/bokken/build/output/unity/unity/Editor/Mono/EditorApplication.cs:384)

(Filename: ~/wkspace/gc-studio/r4-b/Packages/com.gamecore.studio.ui/Editor/Windows/StudioMenu.cs Line: 191)

[R4-B layout] StudioViewportWindow attempt=83 observed=(x:20.00, y:69.00, width:1048.00, height:772.00) command=(x:20.00, y:11.00, width:1048.00, height:772.00) immediate=(x:20.00, y:11.00, width:1048.00, height:772.00)
UnityEngine.Debug:ExtractStackTraceNoAlloc (byte*,int,string)
UnityEngine.StackTraceUtility:ExtractStackTrace () (at /home/bokken/build/output/unity/unity/Runtime/Export/Scripting/StackTrace.cs:35)
UnityEngine.DebugLogHandler:Internal_Log (UnityEngine.LogType,UnityEngine.LogOption,string,UnityEngine.Object)
UnityEngine.DebugLogHandler:LogFormat (UnityEngine.LogType,UnityEngine.Object,string,object[])
UnityEngine.Logger:Log (UnityEngine.LogType,object)
UnityEngine.Debug:Log (object)
GameCore.Studio.UI.StudioDeferredLayout:Advance (double) (at ~/wkspace/gc-studio/r4-b/Packages/com.gamecore.studio.ui/Editor/Windows/StudioMenu.cs:191)
GameCore.Studio.UI.StudioDeferredLayout:Apply () (at ~/wkspace/gc-studio/r4-b/Packages/com.gamecore.studio.ui/Editor/Windows/StudioMenu.cs:134)
UnityEditor.EditorApplication:Internal_CallUpdateFunctions () (at /home/bokken/build/output/unity/unity/Editor/Mono/EditorApplication.cs:384)

(Filename: ~/wkspace/gc-studio/r4-b/Packages/com.gamecore.studio.ui/Editor/Windows/StudioMenu.cs Line: 191)

[R4-B layout] StudioViewportWindow attempt=84 observed=(x:20.00, y:69.00, width:1048.00, height:772.00) command=(x:20.00, y:40.00, width:1048.00, height:772.00) immediate=(x:20.00, y:40.00, width:1048.00, height:772.00)
UnityEngine.Debug:ExtractStackTraceNoAlloc (byte*,int,string)
UnityEngine.StackTraceUtility:ExtractStackTrace () (at /home/bokken/build/output/unity/unity/Runtime/Export/Scripting/StackTrace.cs:35)
UnityEngine.DebugLogHandler:Internal_Log (UnityEngine.LogType,UnityEngine.LogOption,string,UnityEngine.Object)
UnityEngine.DebugLogHandler:LogFormat (UnityEngine.LogType,UnityEngine.Object,string,object[])
UnityEngine.Logger:Log (UnityEngine.LogType,object)
UnityEngine.Debug:Log (object)
GameCore.Studio.UI.StudioDeferredLayout:Advance (double) (at ~/wkspace/gc-studio/r4-b/Packages/com.gamecore.studio.ui/Editor/Windows/StudioMenu.cs:191)
GameCore.Studio.UI.StudioDeferredLayout:Apply () (at ~/wkspace/gc-studio/r4-b/Packages/com.gamecore.studio.ui/Editor/Windows/StudioMenu.cs:134)
UnityEditor.EditorApplication:Internal_CallUpdateFunctions () (at /home/bokken/build/output/unity/unity/Editor/Mono/EditorApplication.cs:384)

(Filename: ~/wkspace/gc-studio/r4-b/Packages/com.gamecore.studio.ui/Editor/Windows/StudioMenu.cs Line: 191)

[R4-B layout] StudioViewportWindow attempt=85 observed=(x:20.00, y:69.00, width:1048.00, height:772.00) command=(x:20.00, y:11.00, width:1048.00, height:772.00) immediate=(x:20.00, y:11.00, width:1048.00, height:772.00)
UnityEngine.Debug:ExtractStackTraceNoAlloc (byte*,int,string)
UnityEngine.StackTraceUtility:ExtractStackTrace () (at /home/bokken/build/output/unity/unity/Runtime/Export/Scripting/StackTrace.cs:35)
UnityEngine.DebugLogHandler:Internal_Log (UnityEngine.LogType,UnityEngine.LogOption,string,UnityEngine.Object)
UnityEngine.DebugLogHandler:LogFormat (UnityEngine.LogType,UnityEngine.Object,string,object[])
UnityEngine.Logger:Log (UnityEngine.LogType,object)
UnityEngine.Debug:Log (object)
GameCore.Studio.UI.StudioDeferredLayout:Advance (double) (at ~/wkspace/gc-studio/r4-b/Packages/com.gamecore.studio.ui/Editor/Windows/StudioMenu.cs:191)
GameCore.Studio.UI.StudioDeferredLayout:Apply () (at ~/wkspace/gc-studio/r4-b/Packages/com.gamecore.studio.ui/Editor/Windows/StudioMenu.cs:134)
UnityEditor.EditorApplication:Internal_CallUpdateFunctions () (at /home/bokken/build/output/unity/unity/Editor/Mono/EditorApplication.cs:384)

(Filename: ~/wkspace/gc-studio/r4-b/Packages/com.gamecore.studio.ui/Editor/Windows/StudioMenu.cs Line: 191)

[R4-B layout] StudioViewportWindow attempt=86 observed=(x:20.00, y:69.00, width:1048.00, height:772.00) command=(x:20.00, y:40.00, width:1048.00, height:772.00) immediate=(x:20.00, y:40.00, width:1048.00, height:772.00)
UnityEngine.Debug:ExtractStackTraceNoAlloc (byte*,int,string)
UnityEngine.StackTraceUtility:ExtractStackTrace () (at /home/bokken/build/output/unity/unity/Runtime/Export/Scripting/StackTrace.cs:35)
UnityEngine.DebugLogHandler:Internal_Log (UnityEngine.LogType,UnityEngine.LogOption,string,UnityEngine.Object)
UnityEngine.DebugLogHandler:LogFormat (UnityEngine.LogType,UnityEngine.Object,string,object[])
UnityEngine.Logger:Log (UnityEngine.LogType,object)
UnityEngine.Debug:Log (object)
GameCore.Studio.UI.StudioDeferredLayout:Advance (double) (at ~/wkspace/gc-studio/r4-b/Packages/com.gamecore.studio.ui/Editor/Windows/StudioMenu.cs:191)
GameCore.Studio.UI.StudioDeferredLayout:Apply () (at ~/wkspace/gc-studio/r4-b/Packages/com.gamecore.studio.ui/Editor/Windows/StudioMenu.cs:134)
UnityEditor.EditorApplication:Internal_CallUpdateFunctions () (at /home/bokken/build/output/unity/unity/Editor/Mono/EditorApplication.cs:384)

(Filename: ~/wkspace/gc-studio/r4-b/Packages/com.gamecore.studio.ui/Editor/Windows/StudioMenu.cs Line: 191)

[R4-B layout] StudioViewportWindow attempt=87 observed=(x:20.00, y:69.00, width:1048.00, height:772.00) command=(x:20.00, y:11.00, width:1048.00, height:772.00) immediate=(x:20.00, y:11.00, width:1048.00, height:772.00)
UnityEngine.Debug:ExtractStackTraceNoAlloc (byte*,int,string)
UnityEngine.StackTraceUtility:ExtractStackTrace () (at /home/bokken/build/output/unity/unity/Runtime/Export/Scripting/StackTrace.cs:35)
UnityEngine.DebugLogHandler:Internal_Log (UnityEngine.LogType,UnityEngine.LogOption,string,UnityEngine.Object)
UnityEngine.DebugLogHandler:LogFormat (UnityEngine.LogType,UnityEngine.Object,string,object[])
UnityEngine.Logger:Log (UnityEngine.LogType,object)
UnityEngine.Debug:Log (object)
GameCore.Studio.UI.StudioDeferredLayout:Advance (double) (at ~/wkspace/gc-studio/r4-b/Packages/com.gamecore.studio.ui/Editor/Windows/StudioMenu.cs:191)
GameCore.Studio.UI.StudioDeferredLayout:Apply () (at ~/wkspace/gc-studio/r4-b/Packages/com.gamecore.studio.ui/Editor/Windows/StudioMenu.cs:134)
UnityEditor.EditorApplication:Internal_CallUpdateFunctions () (at /home/bokken/build/output/unity/unity/Editor/Mono/EditorApplication.cs:384)

(Filename: ~/wkspace/gc-studio/r4-b/Packages/com.gamecore.studio.ui/Editor/Windows/StudioMenu.cs Line: 191)

[R4-B layout] StudioViewportWindow attempt=88 observed=(x:20.00, y:69.00, width:1048.00, height:772.00) command=(x:20.00, y:40.00, width:1048.00, height:772.00) immediate=(x:20.00, y:40.00, width:1048.00, height:772.00)
UnityEngine.Debug:ExtractStackTraceNoAlloc (byte*,int,string)
UnityEngine.StackTraceUtility:ExtractStackTrace () (at /home/bokken/build/output/unity/unity/Runtime/Export/Scripting/StackTrace.cs:35)
UnityEngine.DebugLogHandler:Internal_Log (UnityEngine.LogType,UnityEngine.LogOption,string,UnityEngine.Object)
UnityEngine.DebugLogHandler:LogFormat (UnityEngine.LogType,UnityEngine.Object,string,object[])
UnityEngine.Logger:Log (UnityEngine.LogType,object)
UnityEngine.Debug:Log (object)
GameCore.Studio.UI.StudioDeferredLayout:Advance (double) (at ~/wkspace/gc-studio/r4-b/Packages/com.gamecore.studio.ui/Editor/Windows/StudioMenu.cs:191)
GameCore.Studio.UI.StudioDeferredLayout:Apply () (at ~/wkspace/gc-studio/r4-b/Packages/com.gamecore.studio.ui/Editor/Windows/StudioMenu.cs:134)
UnityEditor.EditorApplication:Internal_CallUpdateFunctions () (at /home/bokken/build/output/unity/unity/Editor/Mono/EditorApplication.cs:384)

(Filename: ~/wkspace/gc-studio/r4-b/Packages/com.gamecore.studio.ui/Editor/Windows/StudioMenu.cs Line: 191)

[R4-B layout] StudioViewportWindow attempt=89 observed=(x:20.00, y:69.00, width:1048.00, height:772.00) command=(x:20.00, y:11.00, width:1048.00, height:772.00) immediate=(x:20.00, y:11.00, width:1048.00, height:772.00)
UnityEngine.Debug:ExtractStackTraceNoAlloc (byte*,int,string)
UnityEngine.StackTraceUtility:ExtractStackTrace () (at /home/bokken/build/output/unity/unity/Runtime/Export/Scripting/StackTrace.cs:35)
UnityEngine.DebugLogHandler:Internal_Log (UnityEngine.LogType,UnityEngine.LogOption,string,UnityEngine.Object)
UnityEngine.DebugLogHandler:LogFormat (UnityEngine.LogType,UnityEngine.Object,string,object[])
UnityEngine.Logger:Log (UnityEngine.LogType,object)
UnityEngine.Debug:Log (object)
GameCore.Studio.UI.StudioDeferredLayout:Advance (double) (at ~/wkspace/gc-studio/r4-b/Packages/com.gamecore.studio.ui/Editor/Windows/StudioMenu.cs:191)
GameCore.Studio.UI.StudioDeferredLayout:Apply () (at ~/wkspace/gc-studio/r4-b/Packages/com.gamecore.studio.ui/Editor/Windows/StudioMenu.cs:134)
UnityEditor.EditorApplication:Internal_CallUpdateFunctions () (at /home/bokken/build/output/unity/unity/Editor/Mono/EditorApplication.cs:384)

(Filename: ~/wkspace/gc-studio/r4-b/Packages/com.gamecore.studio.ui/Editor/Windows/StudioMenu.cs Line: 191)

[R4-B layout] StudioViewportWindow attempt=90 observed=(x:20.00, y:69.00, width:1048.00, height:772.00) command=(x:20.00, y:40.00, width:1048.00, height:772.00) immediate=(x:20.00, y:40.00, width:1048.00, height:772.00)
UnityEngine.Debug:ExtractStackTraceNoAlloc (byte*,int,string)
UnityEngine.StackTraceUtility:ExtractStackTrace () (at /home/bokken/build/output/unity/unity/Runtime/Export/Scripting/StackTrace.cs:35)
UnityEngine.DebugLogHandler:Internal_Log (UnityEngine.LogType,UnityEngine.LogOption,string,UnityEngine.Object)
UnityEngine.DebugLogHandler:LogFormat (UnityEngine.LogType,UnityEngine.Object,string,object[])
UnityEngine.Logger:Log (UnityEngine.LogType,object)
UnityEngine.Debug:Log (object)
GameCore.Studio.UI.StudioDeferredLayout:Advance (double) (at ~/wkspace/gc-studio/r4-b/Packages/com.gamecore.studio.ui/Editor/Windows/StudioMenu.cs:191)
GameCore.Studio.UI.StudioDeferredLayout:Apply () (at ~/wkspace/gc-studio/r4-b/Packages/com.gamecore.studio.ui/Editor/Windows/StudioMenu.cs:134)
UnityEditor.EditorApplication:Internal_CallUpdateFunctions () (at /home/bokken/build/output/unity/unity/Editor/Mono/EditorApplication.cs:384)

(Filename: ~/wkspace/gc-studio/r4-b/Packages/com.gamecore.studio.ui/Editor/Windows/StudioMenu.cs Line: 191)

[R4-B layout] StudioViewportWindow attempt=91 observed=(x:20.00, y:69.00, width:1048.00, height:772.00) command=(x:20.00, y:11.00, width:1048.00, height:772.00) immediate=(x:20.00, y:11.00, width:1048.00, height:772.00)
UnityEngine.Debug:ExtractStackTraceNoAlloc (byte*,int,string)
UnityEngine.StackTraceUtility:ExtractStackTrace () (at /home/bokken/build/output/unity/unity/Runtime/Export/Scripting/StackTrace.cs:35)
UnityEngine.DebugLogHandler:Internal_Log (UnityEngine.LogType,UnityEngine.LogOption,string,UnityEngine.Object)
UnityEngine.DebugLogHandler:LogFormat (UnityEngine.LogType,UnityEngine.Object,string,object[])
UnityEngine.Logger:Log (UnityEngine.LogType,object)
UnityEngine.Debug:Log (object)
GameCore.Studio.UI.StudioDeferredLayout:Advance (double) (at ~/wkspace/gc-studio/r4-b/Packages/com.gamecore.studio.ui/Editor/Windows/StudioMenu.cs:191)
GameCore.Studio.UI.StudioDeferredLayout:Apply () (at ~/wkspace/gc-studio/r4-b/Packages/com.gamecore.studio.ui/Editor/Windows/StudioMenu.cs:134)
UnityEditor.EditorApplication:Internal_CallUpdateFunctions () (at /home/bokken/build/output/unity/unity/Editor/Mono/EditorApplication.cs:384)

(Filename: ~/wkspace/gc-studio/r4-b/Packages/com.gamecore.studio.ui/Editor/Windows/StudioMenu.cs Line: 191)

[R4-B layout] StudioViewportWindow attempt=92 observed=(x:20.00, y:69.00, width:1048.00, height:772.00) command=(x:20.00, y:40.00, width:1048.00, height:772.00) immediate=(x:20.00, y:40.00, width:1048.00, height:772.00)
UnityEngine.Debug:ExtractStackTraceNoAlloc (byte*,int,string)
UnityEngine.StackTraceUtility:ExtractStackTrace () (at /home/bokken/build/output/unity/unity/Runtime/Export/Scripting/StackTrace.cs:35)
UnityEngine.DebugLogHandler:Internal_Log (UnityEngine.LogType,UnityEngine.LogOption,string,UnityEngine.Object)
UnityEngine.DebugLogHandler:LogFormat (UnityEngine.LogType,UnityEngine.Object,string,object[])
UnityEngine.Logger:Log (UnityEngine.LogType,object)
UnityEngine.Debug:Log (object)
GameCore.Studio.UI.StudioDeferredLayout:Advance (double) (at ~/wkspace/gc-studio/r4-b/Packages/com.gamecore.studio.ui/Editor/Windows/StudioMenu.cs:191)
GameCore.Studio.UI.StudioDeferredLayout:Apply () (at ~/wkspace/gc-studio/r4-b/Packages/com.gamecore.studio.ui/Editor/Windows/StudioMenu.cs:134)
UnityEditor.EditorApplication:Internal_CallUpdateFunctions () (at /home/bokken/build/output/unity/unity/Editor/Mono/EditorApplication.cs:384)

(Filename: ~/wkspace/gc-studio/r4-b/Packages/com.gamecore.studio.ui/Editor/Windows/StudioMenu.cs Line: 191)

[R4-B layout] StudioViewportWindow attempt=93 observed=(x:20.00, y:69.00, width:1048.00, height:772.00) command=(x:20.00, y:11.00, width:1048.00, height:772.00) immediate=(x:20.00, y:11.00, width:1048.00, height:772.00)
UnityEngine.Debug:ExtractStackTraceNoAlloc (byte*,int,string)
UnityEngine.StackTraceUtility:ExtractStackTrace () (at /home/bokken/build/output/unity/unity/Runtime/Export/Scripting/StackTrace.cs:35)
UnityEngine.DebugLogHandler:Internal_Log (UnityEngine.LogType,UnityEngine.LogOption,string,UnityEngine.Object)
UnityEngine.DebugLogHandler:LogFormat (UnityEngine.LogType,UnityEngine.Object,string,object[])
UnityEngine.Logger:Log (UnityEngine.LogType,object)
UnityEngine.Debug:Log (object)
GameCore.Studio.UI.StudioDeferredLayout:Advance (double) (at ~/wkspace/gc-studio/r4-b/Packages/com.gamecore.studio.ui/Editor/Windows/StudioMenu.cs:191)
GameCore.Studio.UI.StudioDeferredLayout:Apply () (at ~/wkspace/gc-studio/r4-b/Packages/com.gamecore.studio.ui/Editor/Windows/StudioMenu.cs:134)
UnityEditor.EditorApplication:Internal_CallUpdateFunctions () (at /home/bokken/build/output/unity/unity/Editor/Mono/EditorApplication.cs:384)

(Filename: ~/wkspace/gc-studio/r4-b/Packages/com.gamecore.studio.ui/Editor/Windows/StudioMenu.cs Line: 191)

[R4-B layout] StudioViewportWindow attempt=94 observed=(x:20.00, y:69.00, width:1048.00, height:772.00) command=(x:20.00, y:40.00, width:1048.00, height:772.00) immediate=(x:20.00, y:40.00, width:1048.00, height:772.00)
UnityEngine.Debug:ExtractStackTraceNoAlloc (byte*,int,string)
UnityEngine.StackTraceUtility:ExtractStackTrace () (at /home/bokken/build/output/unity/unity/Runtime/Export/Scripting/StackTrace.cs:35)
UnityEngine.DebugLogHandler:Internal_Log (UnityEngine.LogType,UnityEngine.LogOption,string,UnityEngine.Object)
UnityEngine.DebugLogHandler:LogFormat (UnityEngine.LogType,UnityEngine.Object,string,object[])
UnityEngine.Logger:Log (UnityEngine.LogType,object)
UnityEngine.Debug:Log (object)
GameCore.Studio.UI.StudioDeferredLayout:Advance (double) (at ~/wkspace/gc-studio/r4-b/Packages/com.gamecore.studio.ui/Editor/Windows/StudioMenu.cs:191)
GameCore.Studio.UI.StudioDeferredLayout:Apply () (at ~/wkspace/gc-studio/r4-b/Packages/com.gamecore.studio.ui/Editor/Windows/StudioMenu.cs:134)
UnityEditor.EditorApplication:Internal_CallUpdateFunctions () (at /home/bokken/build/output/unity/unity/Editor/Mono/EditorApplication.cs:384)

(Filename: ~/wkspace/gc-studio/r4-b/Packages/com.gamecore.studio.ui/Editor/Windows/StudioMenu.cs Line: 191)

[R4-B layout] StudioViewportWindow attempt=95 observed=(x:20.00, y:69.00, width:1048.00, height:772.00) command=(x:20.00, y:11.00, width:1048.00, height:772.00) immediate=(x:20.00, y:11.00, width:1048.00, height:772.00)
UnityEngine.Debug:ExtractStackTraceNoAlloc (byte*,int,string)
UnityEngine.StackTraceUtility:ExtractStackTrace () (at /home/bokken/build/output/unity/unity/Runtime/Export/Scripting/StackTrace.cs:35)
UnityEngine.DebugLogHandler:Internal_Log (UnityEngine.LogType,UnityEngine.LogOption,string,UnityEngine.Object)
UnityEngine.DebugLogHandler:LogFormat (UnityEngine.LogType,UnityEngine.Object,string,object[])
UnityEngine.Logger:Log (UnityEngine.LogType,object)
UnityEngine.Debug:Log (object)
GameCore.Studio.UI.StudioDeferredLayout:Advance (double) (at ~/wkspace/gc-studio/r4-b/Packages/com.gamecore.studio.ui/Editor/Windows/StudioMenu.cs:191)
GameCore.Studio.UI.StudioDeferredLayout:Apply () (at ~/wkspace/gc-studio/r4-b/Packages/com.gamecore.studio.ui/Editor/Windows/StudioMenu.cs:134)
UnityEditor.EditorApplication:Internal_CallUpdateFunctions () (at /home/bokken/build/output/unity/unity/Editor/Mono/EditorApplication.cs:384)

(Filename: ~/wkspace/gc-studio/r4-b/Packages/com.gamecore.studio.ui/Editor/Windows/StudioMenu.cs Line: 191)

[R4-B layout] StudioViewportWindow attempt=96 observed=(x:20.00, y:69.00, width:1048.00, height:772.00) command=(x:20.00, y:40.00, width:1048.00, height:772.00) immediate=(x:20.00, y:40.00, width:1048.00, height:772.00)
UnityEngine.Debug:ExtractStackTraceNoAlloc (byte*,int,string)
UnityEngine.StackTraceUtility:ExtractStackTrace () (at /home/bokken/build/output/unity/unity/Runtime/Export/Scripting/StackTrace.cs:35)
UnityEngine.DebugLogHandler:Internal_Log (UnityEngine.LogType,UnityEngine.LogOption,string,UnityEngine.Object)
UnityEngine.DebugLogHandler:LogFormat (UnityEngine.LogType,UnityEngine.Object,string,object[])
UnityEngine.Logger:Log (UnityEngine.LogType,object)
UnityEngine.Debug:Log (object)
GameCore.Studio.UI.StudioDeferredLayout:Advance (double) (at ~/wkspace/gc-studio/r4-b/Packages/com.gamecore.studio.ui/Editor/Windows/StudioMenu.cs:191)
GameCore.Studio.UI.StudioDeferredLayout:Apply () (at ~/wkspace/gc-studio/r4-b/Packages/com.gamecore.studio.ui/Editor/Windows/StudioMenu.cs:134)
UnityEditor.EditorApplication:Internal_CallUpdateFunctions () (at /home/bokken/build/output/unity/unity/Editor/Mono/EditorApplication.cs:384)

(Filename: ~/wkspace/gc-studio/r4-b/Packages/com.gamecore.studio.ui/Editor/Windows/StudioMenu.cs Line: 191)

[R4-B layout] StudioViewportWindow attempt=97 observed=(x:20.00, y:69.00, width:1048.00, height:772.00) command=(x:20.00, y:11.00, width:1048.00, height:772.00) immediate=(x:20.00, y:11.00, width:1048.00, height:772.00)
UnityEngine.Debug:ExtractStackTraceNoAlloc (byte*,int,string)
UnityEngine.StackTraceUtility:ExtractStackTrace () (at /home/bokken/build/output/unity/unity/Runtime/Export/Scripting/StackTrace.cs:35)
UnityEngine.DebugLogHandler:Internal_Log (UnityEngine.LogType,UnityEngine.LogOption,string,UnityEngine.Object)
UnityEngine.DebugLogHandler:LogFormat (UnityEngine.LogType,UnityEngine.Object,string,object[])
UnityEngine.Logger:Log (UnityEngine.LogType,object)
UnityEngine.Debug:Log (object)
GameCore.Studio.UI.StudioDeferredLayout:Advance (double) (at ~/wkspace/gc-studio/r4-b/Packages/com.gamecore.studio.ui/Editor/Windows/StudioMenu.cs:191)
GameCore.Studio.UI.StudioDeferredLayout:Apply () (at ~/wkspace/gc-studio/r4-b/Packages/com.gamecore.studio.ui/Editor/Windows/StudioMenu.cs:134)
UnityEditor.EditorApplication:Internal_CallUpdateFunctions () (at /home/bokken/build/output/unity/unity/Editor/Mono/EditorApplication.cs:384)

(Filename: ~/wkspace/gc-studio/r4-b/Packages/com.gamecore.studio.ui/Editor/Windows/StudioMenu.cs Line: 191)

[R4-B layout] StudioViewportWindow attempt=98 observed=(x:20.00, y:69.00, width:1048.00, height:772.00) command=(x:20.00, y:40.00, width:1048.00, height:772.00) immediate=(x:20.00, y:40.00, width:1048.00, height:772.00)
UnityEngine.Debug:ExtractStackTraceNoAlloc (byte*,int,string)
UnityEngine.StackTraceUtility:ExtractStackTrace () (at /home/bokken/build/output/unity/unity/Runtime/Export/Scripting/StackTrace.cs:35)
UnityEngine.DebugLogHandler:Internal_Log (UnityEngine.LogType,UnityEngine.LogOption,string,UnityEngine.Object)
UnityEngine.DebugLogHandler:LogFormat (UnityEngine.LogType,UnityEngine.Object,string,object[])
UnityEngine.Logger:Log (UnityEngine.LogType,object)
UnityEngine.Debug:Log (object)
GameCore.Studio.UI.StudioDeferredLayout:Advance (double) (at ~/wkspace/gc-studio/r4-b/Packages/com.gamecore.studio.ui/Editor/Windows/StudioMenu.cs:191)
GameCore.Studio.UI.StudioDeferredLayout:Apply () (at ~/wkspace/gc-studio/r4-b/Packages/com.gamecore.studio.ui/Editor/Windows/StudioMenu.cs:134)
UnityEditor.EditorApplication:Internal_CallUpdateFunctions () (at /home/bokken/build/output/unity/unity/Editor/Mono/EditorApplication.cs:384)

(Filename: ~/wkspace/gc-studio/r4-b/Packages/com.gamecore.studio.ui/Editor/Windows/StudioMenu.cs Line: 191)

[R4-B layout] StudioViewportWindow attempt=99 observed=(x:20.00, y:69.00, width:1048.00, height:772.00) command=(x:20.00, y:11.00, width:1048.00, height:772.00) immediate=(x:20.00, y:11.00, width:1048.00, height:772.00)
UnityEngine.Debug:ExtractStackTraceNoAlloc (byte*,int,string)
UnityEngine.StackTraceUtility:ExtractStackTrace () (at /home/bokken/build/output/unity/unity/Runtime/Export/Scripting/StackTrace.cs:35)
UnityEngine.DebugLogHandler:Internal_Log (UnityEngine.LogType,UnityEngine.LogOption,string,UnityEngine.Object)
UnityEngine.DebugLogHandler:LogFormat (UnityEngine.LogType,UnityEngine.Object,string,object[])
UnityEngine.Logger:Log (UnityEngine.LogType,object)
UnityEngine.Debug:Log (object)
GameCore.Studio.UI.StudioDeferredLayout:Advance (double) (at ~/wkspace/gc-studio/r4-b/Packages/com.gamecore.studio.ui/Editor/Windows/StudioMenu.cs:191)
GameCore.Studio.UI.StudioDeferredLayout:Apply () (at ~/wkspace/gc-studio/r4-b/Packages/com.gamecore.studio.ui/Editor/Windows/StudioMenu.cs:134)
UnityEditor.EditorApplication:Internal_CallUpdateFunctions () (at /home/bokken/build/output/unity/unity/Editor/Mono/EditorApplication.cs:384)

(Filename: ~/wkspace/gc-studio/r4-b/Packages/com.gamecore.studio.ui/Editor/Windows/StudioMenu.cs Line: 191)

[R4-B layout] StudioViewportWindow attempt=100 observed=(x:20.00, y:69.00, width:1048.00, height:772.00) command=(x:20.00, y:40.00, width:1048.00, height:772.00) immediate=(x:20.00, y:40.00, width:1048.00, height:772.00)
UnityEngine.Debug:ExtractStackTraceNoAlloc (byte*,int,string)
UnityEngine.StackTraceUtility:ExtractStackTrace () (at /home/bokken/build/output/unity/unity/Runtime/Export/Scripting/StackTrace.cs:35)
UnityEngine.DebugLogHandler:Internal_Log (UnityEngine.LogType,UnityEngine.LogOption,string,UnityEngine.Object)
UnityEngine.DebugLogHandler:LogFormat (UnityEngine.LogType,UnityEngine.Object,string,object[])
UnityEngine.Logger:Log (UnityEngine.LogType,object)
UnityEngine.Debug:Log (object)
GameCore.Studio.UI.StudioDeferredLayout:Advance (double) (at ~/wkspace/gc-studio/r4-b/Packages/com.gamecore.studio.ui/Editor/Windows/StudioMenu.cs:191)
GameCore.Studio.UI.StudioDeferredLayout:Apply () (at ~/wkspace/gc-studio/r4-b/Packages/com.gamecore.studio.ui/Editor/Windows/StudioMenu.cs:134)
UnityEditor.EditorApplication:Internal_CallUpdateFunctions () (at /home/bokken/build/output/unity/unity/Editor/Mono/EditorApplication.cs:384)

(Filename: ~/wkspace/gc-studio/r4-b/Packages/com.gamecore.studio.ui/Editor/Windows/StudioMenu.cs Line: 191)

[R4-B layout] StudioViewportWindow attempt=101 observed=(x:20.00, y:69.00, width:1048.00, height:772.00) command=(x:20.00, y:11.00, width:1048.00, height:772.00) immediate=(x:20.00, y:11.00, width:1048.00, height:772.00)
UnityEngine.Debug:ExtractStackTraceNoAlloc (byte*,int,string)
UnityEngine.StackTraceUtility:ExtractStackTrace () (at /home/bokken/build/output/unity/unity/Runtime/Export/Scripting/StackTrace.cs:35)
UnityEngine.DebugLogHandler:Internal_Log (UnityEngine.LogType,UnityEngine.LogOption,string,UnityEngine.Object)
UnityEngine.DebugLogHandler:LogFormat (UnityEngine.LogType,UnityEngine.Object,string,object[])
UnityEngine.Logger:Log (UnityEngine.LogType,object)
UnityEngine.Debug:Log (object)
GameCore.Studio.UI.StudioDeferredLayout:Advance (double) (at ~/wkspace/gc-studio/r4-b/Packages/com.gamecore.studio.ui/Editor/Windows/StudioMenu.cs:191)
GameCore.Studio.UI.StudioDeferredLayout:Apply () (at ~/wkspace/gc-studio/r4-b/Packages/com.gamecore.studio.ui/Editor/Windows/StudioMenu.cs:134)
UnityEditor.EditorApplication:Internal_CallUpdateFunctions () (at /home/bokken/build/output/unity/unity/Editor/Mono/EditorApplication.cs:384)

(Filename: ~/wkspace/gc-studio/r4-b/Packages/com.gamecore.studio.ui/Editor/Windows/StudioMenu.cs Line: 191)

[R4-B layout] StudioViewportWindow attempt=102 observed=(x:20.00, y:69.00, width:1048.00, height:772.00) command=(x:20.00, y:40.00, width:1048.00, height:772.00) immediate=(x:20.00, y:40.00, width:1048.00, height:772.00)
UnityEngine.Debug:ExtractStackTraceNoAlloc (byte*,int,string)
UnityEngine.StackTraceUtility:ExtractStackTrace () (at /home/bokken/build/output/unity/unity/Runtime/Export/Scripting/StackTrace.cs:35)
UnityEngine.DebugLogHandler:Internal_Log (UnityEngine.LogType,UnityEngine.LogOption,string,UnityEngine.Object)
UnityEngine.DebugLogHandler:LogFormat (UnityEngine.LogType,UnityEngine.Object,string,object[])
UnityEngine.Logger:Log (UnityEngine.LogType,object)
UnityEngine.Debug:Log (object)
GameCore.Studio.UI.StudioDeferredLayout:Advance (double) (at ~/wkspace/gc-studio/r4-b/Packages/com.gamecore.studio.ui/Editor/Windows/StudioMenu.cs:191)
GameCore.Studio.UI.StudioDeferredLayout:Apply () (at ~/wkspace/gc-studio/r4-b/Packages/com.gamecore.studio.ui/Editor/Windows/StudioMenu.cs:134)
UnityEditor.EditorApplication:Internal_CallUpdateFunctions () (at /home/bokken/build/output/unity/unity/Editor/Mono/EditorApplication.cs:384)

(Filename: ~/wkspace/gc-studio/r4-b/Packages/com.gamecore.studio.ui/Editor/Windows/StudioMenu.cs Line: 191)

[R4-B layout] StudioViewportWindow attempt=103 observed=(x:20.00, y:69.00, width:1048.00, height:772.00) command=(x:20.00, y:11.00, width:1048.00, height:772.00) immediate=(x:20.00, y:11.00, width:1048.00, height:772.00)
UnityEngine.Debug:ExtractStackTraceNoAlloc (byte*,int,string)
UnityEngine.StackTraceUtility:ExtractStackTrace () (at /home/bokken/build/output/unity/unity/Runtime/Export/Scripting/StackTrace.cs:35)
UnityEngine.DebugLogHandler:Internal_Log (UnityEngine.LogType,UnityEngine.LogOption,string,UnityEngine.Object)
UnityEngine.DebugLogHandler:LogFormat (UnityEngine.LogType,UnityEngine.Object,string,object[])
UnityEngine.Logger:Log (UnityEngine.LogType,object)
UnityEngine.Debug:Log (object)
GameCore.Studio.UI.StudioDeferredLayout:Advance (double) (at ~/wkspace/gc-studio/r4-b/Packages/com.gamecore.studio.ui/Editor/Windows/StudioMenu.cs:191)
GameCore.Studio.UI.StudioDeferredLayout:Apply () (at ~/wkspace/gc-studio/r4-b/Packages/com.gamecore.studio.ui/Editor/Windows/StudioMenu.cs:134)
UnityEditor.EditorApplication:Internal_CallUpdateFunctions () (at /home/bokken/build/output/unity/unity/Editor/Mono/EditorApplication.cs:384)

(Filename: ~/wkspace/gc-studio/r4-b/Packages/com.gamecore.studio.ui/Editor/Windows/StudioMenu.cs Line: 191)

[R4-B layout] StudioViewportWindow attempt=104 observed=(x:20.00, y:69.00, width:1048.00, height:772.00) command=(x:20.00, y:40.00, width:1048.00, height:772.00) immediate=(x:20.00, y:40.00, width:1048.00, height:772.00)
UnityEngine.Debug:ExtractStackTraceNoAlloc (byte*,int,string)
UnityEngine.StackTraceUtility:ExtractStackTrace () (at /home/bokken/build/output/unity/unity/Runtime/Export/Scripting/StackTrace.cs:35)
UnityEngine.DebugLogHandler:Internal_Log (UnityEngine.LogType,UnityEngine.LogOption,string,UnityEngine.Object)
UnityEngine.DebugLogHandler:LogFormat (UnityEngine.LogType,UnityEngine.Object,string,object[])
UnityEngine.Logger:Log (UnityEngine.LogType,object)
UnityEngine.Debug:Log (object)
GameCore.Studio.UI.StudioDeferredLayout:Advance (double) (at ~/wkspace/gc-studio/r4-b/Packages/com.gamecore.studio.ui/Editor/Windows/StudioMenu.cs:191)
GameCore.Studio.UI.StudioDeferredLayout:Apply () (at ~/wkspace/gc-studio/r4-b/Packages/com.gamecore.studio.ui/Editor/Windows/StudioMenu.cs:134)
UnityEditor.EditorApplication:Internal_CallUpdateFunctions () (at /home/bokken/build/output/unity/unity/Editor/Mono/EditorApplication.cs:384)

(Filename: ~/wkspace/gc-studio/r4-b/Packages/com.gamecore.studio.ui/Editor/Windows/StudioMenu.cs Line: 191)

[R4-B layout] StudioViewportWindow attempt=105 observed=(x:20.00, y:69.00, width:1048.00, height:772.00) command=(x:20.00, y:11.00, width:1048.00, height:772.00) immediate=(x:20.00, y:11.00, width:1048.00, height:772.00)
UnityEngine.Debug:ExtractStackTraceNoAlloc (byte*,int,string)
UnityEngine.StackTraceUtility:ExtractStackTrace () (at /home/bokken/build/output/unity/unity/Runtime/Export/Scripting/StackTrace.cs:35)
UnityEngine.DebugLogHandler:Internal_Log (UnityEngine.LogType,UnityEngine.LogOption,string,UnityEngine.Object)
UnityEngine.DebugLogHandler:LogFormat (UnityEngine.LogType,UnityEngine.Object,string,object[])
UnityEngine.Logger:Log (UnityEngine.LogType,object)
UnityEngine.Debug:Log (object)
GameCore.Studio.UI.StudioDeferredLayout:Advance (double) (at ~/wkspace/gc-studio/r4-b/Packages/com.gamecore.studio.ui/Editor/Windows/StudioMenu.cs:191)
GameCore.Studio.UI.StudioDeferredLayout:Apply () (at ~/wkspace/gc-studio/r4-b/Packages/com.gamecore.studio.ui/Editor/Windows/StudioMenu.cs:134)
UnityEditor.EditorApplication:Internal_CallUpdateFunctions () (at /home/bokken/build/output/unity/unity/Editor/Mono/EditorApplication.cs:384)

(Filename: ~/wkspace/gc-studio/r4-b/Packages/com.gamecore.studio.ui/Editor/Windows/StudioMenu.cs Line: 191)

[R4-B layout] StudioViewportWindow attempt=106 observed=(x:20.00, y:69.00, width:1048.00, height:772.00) command=(x:20.00, y:40.00, width:1048.00, height:772.00) immediate=(x:20.00, y:40.00, width:1048.00, height:772.00)
UnityEngine.Debug:ExtractStackTraceNoAlloc (byte*,int,string)
UnityEngine.StackTraceUtility:ExtractStackTrace () (at /home/bokken/build/output/unity/unity/Runtime/Export/Scripting/StackTrace.cs:35)
UnityEngine.DebugLogHandler:Internal_Log (UnityEngine.LogType,UnityEngine.LogOption,string,UnityEngine.Object)
UnityEngine.DebugLogHandler:LogFormat (UnityEngine.LogType,UnityEngine.Object,string,object[])
UnityEngine.Logger:Log (UnityEngine.LogType,object)
UnityEngine.Debug:Log (object)
GameCore.Studio.UI.StudioDeferredLayout:Advance (double) (at ~/wkspace/gc-studio/r4-b/Packages/com.gamecore.studio.ui/Editor/Windows/StudioMenu.cs:191)
GameCore.Studio.UI.StudioDeferredLayout:Apply () (at ~/wkspace/gc-studio/r4-b/Packages/com.gamecore.studio.ui/Editor/Windows/StudioMenu.cs:134)
UnityEditor.EditorApplication:Internal_CallUpdateFunctions () (at /home/bokken/build/output/unity/unity/Editor/Mono/EditorApplication.cs:384)

(Filename: ~/wkspace/gc-studio/r4-b/Packages/com.gamecore.studio.ui/Editor/Windows/StudioMenu.cs Line: 191)

[R4-B layout] StudioViewportWindow attempt=107 observed=(x:20.00, y:69.00, width:1048.00, height:772.00) command=(x:20.00, y:11.00, width:1048.00, height:772.00) immediate=(x:20.00, y:11.00, width:1048.00, height:772.00)
UnityEngine.Debug:ExtractStackTraceNoAlloc (byte*,int,string)
UnityEngine.StackTraceUtility:ExtractStackTrace () (at /home/bokken/build/output/unity/unity/Runtime/Export/Scripting/StackTrace.cs:35)
UnityEngine.DebugLogHandler:Internal_Log (UnityEngine.LogType,UnityEngine.LogOption,string,UnityEngine.Object)
UnityEngine.DebugLogHandler:LogFormat (UnityEngine.LogType,UnityEngine.Object,string,object[])
UnityEngine.Logger:Log (UnityEngine.LogType,object)
UnityEngine.Debug:Log (object)
GameCore.Studio.UI.StudioDeferredLayout:Advance (double) (at ~/wkspace/gc-studio/r4-b/Packages/com.gamecore.studio.ui/Editor/Windows/StudioMenu.cs:191)
GameCore.Studio.UI.StudioDeferredLayout:Apply () (at ~/wkspace/gc-studio/r4-b/Packages/com.gamecore.studio.ui/Editor/Windows/StudioMenu.cs:134)
UnityEditor.EditorApplication:Internal_CallUpdateFunctions () (at /home/bokken/build/output/unity/unity/Editor/Mono/EditorApplication.cs:384)

(Filename: ~/wkspace/gc-studio/r4-b/Packages/com.gamecore.studio.ui/Editor/Windows/StudioMenu.cs Line: 191)

[R4-B layout] StudioViewportWindow attempt=108 observed=(x:20.00, y:69.00, width:1048.00, height:772.00) command=(x:20.00, y:40.00, width:1048.00, height:772.00) immediate=(x:20.00, y:40.00, width:1048.00, height:772.00)
UnityEngine.Debug:ExtractStackTraceNoAlloc (byte*,int,string)
UnityEngine.StackTraceUtility:ExtractStackTrace () (at /home/bokken/build/output/unity/unity/Runtime/Export/Scripting/StackTrace.cs:35)
UnityEngine.DebugLogHandler:Internal_Log (UnityEngine.LogType,UnityEngine.LogOption,string,UnityEngine.Object)
UnityEngine.DebugLogHandler:LogFormat (UnityEngine.LogType,UnityEngine.Object,string,object[])
UnityEngine.Logger:Log (UnityEngine.LogType,object)
UnityEngine.Debug:Log (object)
GameCore.Studio.UI.StudioDeferredLayout:Advance (double) (at ~/wkspace/gc-studio/r4-b/Packages/com.gamecore.studio.ui/Editor/Windows/StudioMenu.cs:191)
GameCore.Studio.UI.StudioDeferredLayout:Apply () (at ~/wkspace/gc-studio/r4-b/Packages/com.gamecore.studio.ui/Editor/Windows/StudioMenu.cs:134)
UnityEditor.EditorApplication:Internal_CallUpdateFunctions () (at /home/bokken/build/output/unity/unity/Editor/Mono/EditorApplication.cs:384)

(Filename: ~/wkspace/gc-studio/r4-b/Packages/com.gamecore.studio.ui/Editor/Windows/StudioMenu.cs Line: 191)

[R4-B layout] StudioViewportWindow attempt=109 observed=(x:20.00, y:69.00, width:1048.00, height:772.00) command=(x:20.00, y:11.00, width:1048.00, height:772.00) immediate=(x:20.00, y:11.00, width:1048.00, height:772.00)
UnityEngine.Debug:ExtractStackTraceNoAlloc (byte*,int,string)
UnityEngine.StackTraceUtility:ExtractStackTrace () (at /home/bokken/build/output/unity/unity/Runtime/Export/Scripting/StackTrace.cs:35)
UnityEngine.DebugLogHandler:Internal_Log (UnityEngine.LogType,UnityEngine.LogOption,string,UnityEngine.Object)
UnityEngine.DebugLogHandler:LogFormat (UnityEngine.LogType,UnityEngine.Object,string,object[])
UnityEngine.Logger:Log (UnityEngine.LogType,object)
UnityEngine.Debug:Log (object)
GameCore.Studio.UI.StudioDeferredLayout:Advance (double) (at ~/wkspace/gc-studio/r4-b/Packages/com.gamecore.studio.ui/Editor/Windows/StudioMenu.cs:191)
GameCore.Studio.UI.StudioDeferredLayout:Apply () (at ~/wkspace/gc-studio/r4-b/Packages/com.gamecore.studio.ui/Editor/Windows/StudioMenu.cs:134)
UnityEditor.EditorApplication:Internal_CallUpdateFunctions () (at /home/bokken/build/output/unity/unity/Editor/Mono/EditorApplication.cs:384)

(Filename: ~/wkspace/gc-studio/r4-b/Packages/com.gamecore.studio.ui/Editor/Windows/StudioMenu.cs Line: 191)

[R4-B layout] StudioViewportWindow attempt=110 observed=(x:20.00, y:69.00, width:1048.00, height:772.00) command=(x:20.00, y:40.00, width:1048.00, height:772.00) immediate=(x:20.00, y:40.00, width:1048.00, height:772.00)
UnityEngine.Debug:ExtractStackTraceNoAlloc (byte*,int,string)
UnityEngine.StackTraceUtility:ExtractStackTrace () (at /home/bokken/build/output/unity/unity/Runtime/Export/Scripting/StackTrace.cs:35)
UnityEngine.DebugLogHandler:Internal_Log (UnityEngine.LogType,UnityEngine.LogOption,string,UnityEngine.Object)
UnityEngine.DebugLogHandler:LogFormat (UnityEngine.LogType,UnityEngine.Object,string,object[])
UnityEngine.Logger:Log (UnityEngine.LogType,object)
UnityEngine.Debug:Log (object)
GameCore.Studio.UI.StudioDeferredLayout:Advance (double) (at ~/wkspace/gc-studio/r4-b/Packages/com.gamecore.studio.ui/Editor/Windows/StudioMenu.cs:191)
GameCore.Studio.UI.StudioDeferredLayout:Apply () (at ~/wkspace/gc-studio/r4-b/Packages/com.gamecore.studio.ui/Editor/Windows/StudioMenu.cs:134)
UnityEditor.EditorApplication:Internal_CallUpdateFunctions () (at /home/bokken/build/output/unity/unity/Editor/Mono/EditorApplication.cs:384)

(Filename: ~/wkspace/gc-studio/r4-b/Packages/com.gamecore.studio.ui/Editor/Windows/StudioMenu.cs Line: 191)

[R4-B layout] StudioViewportWindow attempt=111 observed=(x:20.00, y:69.00, width:1048.00, height:772.00) command=(x:20.00, y:11.00, width:1048.00, height:772.00) immediate=(x:20.00, y:11.00, width:1048.00, height:772.00)
UnityEngine.Debug:ExtractStackTraceNoAlloc (byte*,int,string)
UnityEngine.StackTraceUtility:ExtractStackTrace () (at /home/bokken/build/output/unity/unity/Runtime/Export/Scripting/StackTrace.cs:35)
UnityEngine.DebugLogHandler:Internal_Log (UnityEngine.LogType,UnityEngine.LogOption,string,UnityEngine.Object)
UnityEngine.DebugLogHandler:LogFormat (UnityEngine.LogType,UnityEngine.Object,string,object[])
UnityEngine.Logger:Log (UnityEngine.LogType,object)
UnityEngine.Debug:Log (object)
GameCore.Studio.UI.StudioDeferredLayout:Advance (double) (at ~/wkspace/gc-studio/r4-b/Packages/com.gamecore.studio.ui/Editor/Windows/StudioMenu.cs:191)
GameCore.Studio.UI.StudioDeferredLayout:Apply () (at ~/wkspace/gc-studio/r4-b/Packages/com.gamecore.studio.ui/Editor/Windows/StudioMenu.cs:134)
UnityEditor.EditorApplication:Internal_CallUpdateFunctions () (at /home/bokken/build/output/unity/unity/Editor/Mono/EditorApplication.cs:384)

(Filename: ~/wkspace/gc-studio/r4-b/Packages/com.gamecore.studio.ui/Editor/Windows/StudioMenu.cs Line: 191)

[R4-B layout] StudioViewportWindow attempt=112 observed=(x:20.00, y:69.00, width:1048.00, height:772.00) command=(x:20.00, y:40.00, width:1048.00, height:772.00) immediate=(x:20.00, y:40.00, width:1048.00, height:772.00)
UnityEngine.Debug:ExtractStackTraceNoAlloc (byte*,int,string)
UnityEngine.StackTraceUtility:ExtractStackTrace () (at /home/bokken/build/output/unity/unity/Runtime/Export/Scripting/StackTrace.cs:35)
UnityEngine.DebugLogHandler:Internal_Log (UnityEngine.LogType,UnityEngine.LogOption,string,UnityEngine.Object)
UnityEngine.DebugLogHandler:LogFormat (UnityEngine.LogType,UnityEngine.Object,string,object[])
UnityEngine.Logger:Log (UnityEngine.LogType,object)
UnityEngine.Debug:Log (object)
GameCore.Studio.UI.StudioDeferredLayout:Advance (double) (at ~/wkspace/gc-studio/r4-b/Packages/com.gamecore.studio.ui/Editor/Windows/StudioMenu.cs:191)
GameCore.Studio.UI.StudioDeferredLayout:Apply () (at ~/wkspace/gc-studio/r4-b/Packages/com.gamecore.studio.ui/Editor/Windows/StudioMenu.cs:134)
UnityEditor.EditorApplication:Internal_CallUpdateFunctions () (at /home/bokken/build/output/unity/unity/Editor/Mono/EditorApplication.cs:384)

(Filename: ~/wkspace/gc-studio/r4-b/Packages/com.gamecore.studio.ui/Editor/Windows/StudioMenu.cs Line: 191)

[R4-B layout] StudioViewportWindow attempt=113 observed=(x:20.00, y:69.00, width:1048.00, height:772.00) command=(x:20.00, y:11.00, width:1048.00, height:772.00) immediate=(x:20.00, y:11.00, width:1048.00, height:772.00)
UnityEngine.Debug:ExtractStackTraceNoAlloc (byte*,int,string)
UnityEngine.StackTraceUtility:ExtractStackTrace () (at /home/bokken/build/output/unity/unity/Runtime/Export/Scripting/StackTrace.cs:35)
UnityEngine.DebugLogHandler:Internal_Log (UnityEngine.LogType,UnityEngine.LogOption,string,UnityEngine.Object)
UnityEngine.DebugLogHandler:LogFormat (UnityEngine.LogType,UnityEngine.Object,string,object[])
UnityEngine.Logger:Log (UnityEngine.LogType,object)
UnityEngine.Debug:Log (object)
GameCore.Studio.UI.StudioDeferredLayout:Advance (double) (at ~/wkspace/gc-studio/r4-b/Packages/com.gamecore.studio.ui/Editor/Windows/StudioMenu.cs:191)
GameCore.Studio.UI.StudioDeferredLayout:Apply () (at ~/wkspace/gc-studio/r4-b/Packages/com.gamecore.studio.ui/Editor/Windows/StudioMenu.cs:134)
UnityEditor.EditorApplication:Internal_CallUpdateFunctions () (at /home/bokken/build/output/unity/unity/Editor/Mono/EditorApplication.cs:384)

(Filename: ~/wkspace/gc-studio/r4-b/Packages/com.gamecore.studio.ui/Editor/Windows/StudioMenu.cs Line: 191)

[R4-B layout] StudioViewportWindow attempt=114 observed=(x:20.00, y:69.00, width:1048.00, height:772.00) command=(x:20.00, y:40.00, width:1048.00, height:772.00) immediate=(x:20.00, y:40.00, width:1048.00, height:772.00)
UnityEngine.Debug:ExtractStackTraceNoAlloc (byte*,int,string)
UnityEngine.StackTraceUtility:ExtractStackTrace () (at /home/bokken/build/output/unity/unity/Runtime/Export/Scripting/StackTrace.cs:35)
UnityEngine.DebugLogHandler:Internal_Log (UnityEngine.LogType,UnityEngine.LogOption,string,UnityEngine.Object)
UnityEngine.DebugLogHandler:LogFormat (UnityEngine.LogType,UnityEngine.Object,string,object[])
UnityEngine.Logger:Log (UnityEngine.LogType,object)
UnityEngine.Debug:Log (object)
GameCore.Studio.UI.StudioDeferredLayout:Advance (double) (at ~/wkspace/gc-studio/r4-b/Packages/com.gamecore.studio.ui/Editor/Windows/StudioMenu.cs:191)
GameCore.Studio.UI.StudioDeferredLayout:Apply () (at ~/wkspace/gc-studio/r4-b/Packages/com.gamecore.studio.ui/Editor/Windows/StudioMenu.cs:134)
UnityEditor.EditorApplication:Internal_CallUpdateFunctions () (at /home/bokken/build/output/unity/unity/Editor/Mono/EditorApplication.cs:384)

(Filename: ~/wkspace/gc-studio/r4-b/Packages/com.gamecore.studio.ui/Editor/Windows/StudioMenu.cs Line: 191)

[R4-B layout] StudioViewportWindow attempt=115 observed=(x:20.00, y:69.00, width:1048.00, height:772.00) command=(x:20.00, y:11.00, width:1048.00, height:772.00) immediate=(x:20.00, y:11.00, width:1048.00, height:772.00)
UnityEngine.Debug:ExtractStackTraceNoAlloc (byte*,int,string)
UnityEngine.StackTraceUtility:ExtractStackTrace () (at /home/bokken/build/output/unity/unity/Runtime/Export/Scripting/StackTrace.cs:35)
UnityEngine.DebugLogHandler:Internal_Log (UnityEngine.LogType,UnityEngine.LogOption,string,UnityEngine.Object)
UnityEngine.DebugLogHandler:LogFormat (UnityEngine.LogType,UnityEngine.Object,string,object[])
UnityEngine.Logger:Log (UnityEngine.LogType,object)
UnityEngine.Debug:Log (object)
GameCore.Studio.UI.StudioDeferredLayout:Advance (double) (at ~/wkspace/gc-studio/r4-b/Packages/com.gamecore.studio.ui/Editor/Windows/StudioMenu.cs:191)
GameCore.Studio.UI.StudioDeferredLayout:Apply () (at ~/wkspace/gc-studio/r4-b/Packages/com.gamecore.studio.ui/Editor/Windows/StudioMenu.cs:134)
UnityEditor.EditorApplication:Internal_CallUpdateFunctions () (at /home/bokken/build/output/unity/unity/Editor/Mono/EditorApplication.cs:384)

(Filename: ~/wkspace/gc-studio/r4-b/Packages/com.gamecore.studio.ui/Editor/Windows/StudioMenu.cs Line: 191)

[R4-B layout] StudioViewportWindow attempt=116 observed=(x:20.00, y:69.00, width:1048.00, height:772.00) command=(x:20.00, y:40.00, width:1048.00, height:772.00) immediate=(x:20.00, y:40.00, width:1048.00, height:772.00)
UnityEngine.Debug:ExtractStackTraceNoAlloc (byte*,int,string)
UnityEngine.StackTraceUtility:ExtractStackTrace () (at /home/bokken/build/output/unity/unity/Runtime/Export/Scripting/StackTrace.cs:35)
UnityEngine.DebugLogHandler:Internal_Log (UnityEngine.LogType,UnityEngine.LogOption,string,UnityEngine.Object)
UnityEngine.DebugLogHandler:LogFormat (UnityEngine.LogType,UnityEngine.Object,string,object[])
UnityEngine.Logger:Log (UnityEngine.LogType,object)
UnityEngine.Debug:Log (object)
GameCore.Studio.UI.StudioDeferredLayout:Advance (double) (at ~/wkspace/gc-studio/r4-b/Packages/com.gamecore.studio.ui/Editor/Windows/StudioMenu.cs:191)
GameCore.Studio.UI.StudioDeferredLayout:Apply () (at ~/wkspace/gc-studio/r4-b/Packages/com.gamecore.studio.ui/Editor/Windows/StudioMenu.cs:134)
UnityEditor.EditorApplication:Internal_CallUpdateFunctions () (at /home/bokken/build/output/unity/unity/Editor/Mono/EditorApplication.cs:384)

(Filename: ~/wkspace/gc-studio/r4-b/Packages/com.gamecore.studio.ui/Editor/Windows/StudioMenu.cs Line: 191)

[R4-B layout] StudioViewportWindow attempt=117 observed=(x:20.00, y:69.00, width:1048.00, height:772.00) command=(x:20.00, y:11.00, width:1048.00, height:772.00) immediate=(x:20.00, y:11.00, width:1048.00, height:772.00)
UnityEngine.Debug:ExtractStackTraceNoAlloc (byte*,int,string)
UnityEngine.StackTraceUtility:ExtractStackTrace () (at /home/bokken/build/output/unity/unity/Runtime/Export/Scripting/StackTrace.cs:35)
UnityEngine.DebugLogHandler:Internal_Log (UnityEngine.LogType,UnityEngine.LogOption,string,UnityEngine.Object)
UnityEngine.DebugLogHandler:LogFormat (UnityEngine.LogType,UnityEngine.Object,string,object[])
UnityEngine.Logger:Log (UnityEngine.LogType,object)
UnityEngine.Debug:Log (object)
GameCore.Studio.UI.StudioDeferredLayout:Advance (double) (at ~/wkspace/gc-studio/r4-b/Packages/com.gamecore.studio.ui/Editor/Windows/StudioMenu.cs:191)
GameCore.Studio.UI.StudioDeferredLayout:Apply () (at ~/wkspace/gc-studio/r4-b/Packages/com.gamecore.studio.ui/Editor/Windows/StudioMenu.cs:134)
UnityEditor.EditorApplication:Internal_CallUpdateFunctions () (at /home/bokken/build/output/unity/unity/Editor/Mono/EditorApplication.cs:384)

(Filename: ~/wkspace/gc-studio/r4-b/Packages/com.gamecore.studio.ui/Editor/Windows/StudioMenu.cs Line: 191)

[R4-B layout] StudioViewportWindow attempt=118 observed=(x:20.00, y:69.00, width:1048.00, height:772.00) command=(x:20.00, y:40.00, width:1048.00, height:772.00) immediate=(x:20.00, y:40.00, width:1048.00, height:772.00)
UnityEngine.Debug:ExtractStackTraceNoAlloc (byte*,int,string)
UnityEngine.StackTraceUtility:ExtractStackTrace () (at /home/bokken/build/output/unity/unity/Runtime/Export/Scripting/StackTrace.cs:35)
UnityEngine.DebugLogHandler:Internal_Log (UnityEngine.LogType,UnityEngine.LogOption,string,UnityEngine.Object)
UnityEngine.DebugLogHandler:LogFormat (UnityEngine.LogType,UnityEngine.Object,string,object[])
UnityEngine.Logger:Log (UnityEngine.LogType,object)
UnityEngine.Debug:Log (object)
GameCore.Studio.UI.StudioDeferredLayout:Advance (double) (at ~/wkspace/gc-studio/r4-b/Packages/com.gamecore.studio.ui/Editor/Windows/StudioMenu.cs:191)
GameCore.Studio.UI.StudioDeferredLayout:Apply () (at ~/wkspace/gc-studio/r4-b/Packages/com.gamecore.studio.ui/Editor/Windows/StudioMenu.cs:134)
UnityEditor.EditorApplication:Internal_CallUpdateFunctions () (at /home/bokken/build/output/unity/unity/Editor/Mono/EditorApplication.cs:384)

(Filename: ~/wkspace/gc-studio/r4-b/Packages/com.gamecore.studio.ui/Editor/Windows/StudioMenu.cs Line: 191)

[R4-B layout] StudioViewportWindow attempt=119 observed=(x:20.00, y:69.00, width:1048.00, height:772.00) command=(x:20.00, y:11.00, width:1048.00, height:772.00) immediate=(x:20.00, y:11.00, width:1048.00, height:772.00)
UnityEngine.Debug:ExtractStackTraceNoAlloc (byte*,int,string)
UnityEngine.StackTraceUtility:ExtractStackTrace () (at /home/bokken/build/output/unity/unity/Runtime/Export/Scripting/StackTrace.cs:35)
UnityEngine.DebugLogHandler:Internal_Log (UnityEngine.LogType,UnityEngine.LogOption,string,UnityEngine.Object)
UnityEngine.DebugLogHandler:LogFormat (UnityEngine.LogType,UnityEngine.Object,string,object[])
UnityEngine.Logger:Log (UnityEngine.LogType,object)
UnityEngine.Debug:Log (object)
GameCore.Studio.UI.StudioDeferredLayout:Advance (double) (at ~/wkspace/gc-studio/r4-b/Packages/com.gamecore.studio.ui/Editor/Windows/StudioMenu.cs:191)
GameCore.Studio.UI.StudioDeferredLayout:Apply () (at ~/wkspace/gc-studio/r4-b/Packages/com.gamecore.studio.ui/Editor/Windows/StudioMenu.cs:134)
UnityEditor.EditorApplication:Internal_CallUpdateFunctions () (at /home/bokken/build/output/unity/unity/Editor/Mono/EditorApplication.cs:384)

(Filename: ~/wkspace/gc-studio/r4-b/Packages/com.gamecore.studio.ui/Editor/Windows/StudioMenu.cs Line: 191)

[R4-B layout] StudioViewportWindow attempt=120 observed=(x:20.00, y:69.00, width:1048.00, height:772.00) command=(x:20.00, y:40.00, width:1048.00, height:772.00) immediate=(x:20.00, y:40.00, width:1048.00, height:772.00)
UnityEngine.Debug:ExtractStackTraceNoAlloc (byte*,int,string)
UnityEngine.StackTraceUtility:ExtractStackTrace () (at /home/bokken/build/output/unity/unity/Runtime/Export/Scripting/StackTrace.cs:35)
UnityEngine.DebugLogHandler:Internal_Log (UnityEngine.LogType,UnityEngine.LogOption,string,UnityEngine.Object)
UnityEngine.DebugLogHandler:LogFormat (UnityEngine.LogType,UnityEngine.Object,string,object[])
UnityEngine.Logger:Log (UnityEngine.LogType,object)
UnityEngine.Debug:Log (object)
GameCore.Studio.UI.StudioDeferredLayout:Advance (double) (at ~/wkspace/gc-studio/r4-b/Packages/com.gamecore.studio.ui/Editor/Windows/StudioMenu.cs:191)
GameCore.Studio.UI.StudioDeferredLayout:Apply () (at ~/wkspace/gc-studio/r4-b/Packages/com.gamecore.studio.ui/Editor/Windows/StudioMenu.cs:134)
UnityEditor.EditorApplication:Internal_CallUpdateFunctions () (at /home/bokken/build/output/unity/unity/Editor/Mono/EditorApplication.cs:384)

(Filename: ~/wkspace/gc-studio/r4-b/Packages/com.gamecore.studio.ui/Editor/Windows/StudioMenu.cs Line: 191)

GameCore Studio [layout_timeout]: StudioViewportWindow requested (x:20.00, y:40.00, width:1048.00, height:772.00), observed (x:20.00, y:69.00, width:1048.00, height:772.00); placement did not settle within 5 seconds / 120 placement attempts. Move the window manually or reopen Studio.
UnityEngine.Debug:ExtractStackTraceNoAlloc (byte*,int,string)
UnityEngine.StackTraceUtility:ExtractStackTrace () (at /home/bokken/build/output/unity/unity/Runtime/Export/Scripting/StackTrace.cs:35)
UnityEngine.DebugLogHandler:Internal_Log (UnityEngine.LogType,UnityEngine.LogOption,string,UnityEngine.Object)
UnityEngine.DebugLogHandler:LogFormat (UnityEngine.LogType,UnityEngine.Object,string,object[])
UnityEngine.Logger:Log (UnityEngine.LogType,object)
UnityEngine.Debug:LogWarning (object)
GameCore.Studio.UI.StudioDeferredLayout:Advance (double) (at ~/wkspace/gc-studio/r4-b/Packages/com.gamecore.studio.ui/Editor/Windows/StudioMenu.cs:170)
GameCore.Studio.UI.StudioDeferredLayout:Apply () (at ~/wkspace/gc-studio/r4-b/Packages/com.gamecore.studio.ui/Editor/Windows/StudioMenu.cs:134)
UnityEditor.EditorApplication:Internal_CallUpdateFunctions () (at /home/bokken/build/output/unity/unity/Editor/Mono/EditorApplication.cs:384)

(Filename: ~/wkspace/gc-studio/r4-b/Packages/com.gamecore.studio.ui/Editor/Windows/StudioMenu.cs Line: 170)

Saving results to: ~/.config/unity3d/GameCore/Hollowmere/TestResults.xml
Saving results to: ~/wkspace/gc-studio/r4-b/.unity-logs/r4-b-layout-trace.xml
Executing IPostBuildCleanup for: Unity.PerformanceTesting.Editor.TestRunBuilder.
UnityEngine.Debug:ExtractStackTraceNoAlloc (byte*,int,string)
UnityEngine.StackTraceUtility:ExtractStackTrace () (at /home/bokken/build/output/unity/unity/Runtime/Export/Scripting/StackTrace.cs:35)
UnityEngine.DebugLogHandler:Internal_Log (UnityEngine.LogType,UnityEngine.LogOption,string,UnityEngine.Object)
UnityEngine.DebugLogHandler:LogFormat (UnityEngine.LogType,UnityEngine.Object,string,object[])
UnityEngine.Logger:Log (UnityEngine.LogType,object)
UnityEngine.Debug:Log (object)
UnityEditor.TestTools.TestRunner.TestRun.Tasks.BuildActionTaskBase`1/<ExecuteMethods>d__8<UnityEngine.TestTools.IPostBuildCleanup>:MoveNext () (at ./Library/PackageCache/com.unity.test-framework@bd52b1c23814/UnityEditor.TestRunner/TestRun/Tasks/BuildActionTaskBase.cs:48)
UnityEditor.TestTools.TestRunner.TestRun.Tasks.BuildActionTaskBase`1/<Execute>d__7<UnityEngine.TestTools.IPostBuildCleanup>:MoveNext () (at ./Library/PackageCache/com.unity.test-framework@bd52b1c23814/UnityEditor.TestRunner/TestRun/Tasks/BuildActionTaskBase.cs:34)
UnityEditor.TestTools.TestRunner.TestRun.TestJobRunner:ExecuteStep () (at ./Library/PackageCache/com.unity.test-framework@bd52b1c23814/UnityEditor.TestRunner/TestRun/TestJobRunner.cs:173)
UnityEditor.TestTools.TestRunner.TestRun.TestJobRunner:ExecuteCallback () (at ./Library/PackageCache/com.unity.test-framework@bd52b1c23814/UnityEditor.TestRunner/TestRun/TestJobRunner.cs:108)
UnityEditor.EditorApplication:Internal_CallUpdateFunctions () (at /home/bokken/build/output/unity/unity/Editor/Mono/EditorApplication.cs:384)

(Filename: ./Library/PackageCache/com.unity.test-framework@bd52b1c23814/UnityEditor.TestRunner/TestRun/Tasks/BuildActionTaskBase.cs Line: 48)

Unloading 1 Unused Serialized files (Serialized files now loaded: 0)
Unloading 0 unused Assets / (37.5 KB). Loaded Objects now: 8048.
Memory consumption went from 363.5 MB to 363.4 MB.
Total: 21.454342 ms (FindLiveObjects: 0.285802 ms CreateObjectMapping: 0.170124 ms MarkObjects: 20.983246 ms  DeleteObjects: 0.014233 ms)

Test run completed. Exiting with code 2 (Failed). One or more tests failed.
UnityEngine.Debug:ExtractStackTraceNoAlloc (byte*,int,string)
UnityEngine.StackTraceUtility:ExtractStackTrace () (at /home/bokken/build/output/unity/unity/Runtime/Export/Scripting/StackTrace.cs:35)
UnityEngine.DebugLogHandler:Internal_Log (UnityEngine.LogType,UnityEngine.LogOption,string,UnityEngine.Object)
UnityEngine.DebugLogHandler:LogFormat (UnityEngine.LogType,UnityEngine.Object,string,object[])
UnityEngine.Logger:Log (UnityEngine.LogType,object)
UnityEngine.Debug:Log (object)
UnityEditor.TestTools.TestRunner.CommandLineTest.Executer:ExitApplication (UnityEditor.TestTools.TestRunner.CommandLineTest.Executer/ReturnCodes,string) (at ./Library/PackageCache/com.unity.test-framework@bd52b1c23814/UnityEditor.TestRunner/CommandLineTest/Executer.cs:81)
UnityEditor.TestTools.TestRunner.CommandLineTest.Executer:ExitIfRunIsCompleted () (at ./Library/PackageCache/com.unity.test-framework@bd52b1c23814/UnityEditor.TestRunner/CommandLineTest/Executer.cs:74)
UnityEditor.EditorApplication:Internal_CallUpdateFunctions () (at /home/bokken/build/output/unity/unity/Editor/Mono/EditorApplication.cs:384)

(Filename: ./Library/PackageCache/com.unity.test-framework@bd52b1c23814/UnityEditor.TestRunner/CommandLineTest/Executer.cs Line: 81)

Unloading 0 Unused Serialized files (Serialized files now loaded: 0)
Unloading 0 unused Assets / (0 B). Loaded Objects now: 7937.
Memory consumption went from 371.4 MB to 371.4 MB.
Total: 22.823581 ms (FindLiveObjects: 0.260294 ms CreateObjectMapping: 0.165713 ms MarkObjects: 22.382832 ms  DeleteObjects: 0.013993 ms)

[Physics::Module] Cleanup current backned.
[Physics::Module] Id: 0xf2b8ea05
Input System module state changed to: ShutdownInProgress.
Input System polling thread exited.
Input System module state changed to: Shutdown.
[Licensing::IpcConnector] LicenseClient-worlesenric-notifications channel disconnected successfully.
[Licensing::IpcConnector] LicenseClient-worlesenric channel disconnected successfully.
AcceleratorClientConnectionCallback - disconnected - :0
[40m[32minfo[39m[22m[49m: Microsoft.Hosting.Lifetime[0]
      Application is shutting down...
[40m[32minfo[39m[22m[49m: Unity.ILPP.Runner.PostProcessingAssemblyLoadContext[0]
      ALC ILPP context 1 is unloading
Cleanup mono
debugger-agent: Unable to listen on 70
[Package Manager] Server process was shutdown
Checking for leaked weakptr:
  Found no leaked weakptrs.
##utp:{"type": "MemoryLeaks", "version": 2, "phase": "Immediate", "time": 1791238653727, "processId": 4036663, "allocatedMemory": 16309844, "memoryLabels": [{"Default": 13965}, {"Permanent": 16147}, {"Thread": 1084616}, {"Manager": 2818257}, {"VertexData": 8}, {"Geometry": 408}, {"VFX": -104}, {"Texture": 296}, {"Shader": 79299}, {"Material": 24}, {"GfxDevice": 36480}, {"Animation": 456}, {"Audio": 4032}, {"Font": 1782565}, {"FreeType": 63500}, {"FontEngine": 320}, {"Physics": 2081}, {"Serialization": 376}, {"Input": 26752}, {"JobScheduler": 33024}, {"TextLib": 160}, {"Mono": 32}, {"MonoCode": 96}, {"ScriptingNativeRuntime": 155096}, {"BaseObject": 1622832}, {"Resource": 1032}, {"Renderer": 2928}, {"Transform": 4678}, {"File": 828}, {"WebCam": 80}, {"Culling": 32}, {"Terrain": 11298}, {"Wind": 24}, {"String": 34478}, {"DynamicArray": 105874}, {"HashMap": 121255}, {"Utility": 2665104}, {"PoolAlloc": 3968}, {"AI": 72}, {"TypeTree": 5005}, {"ScriptManager": 512}, {"RuntimeInitializeOnLoadManager": 64}, {"SpriteAtlas": 112}, {"GI": 7448}, {"Director": 8208}, {"WebRequest": 808}, {"VR": 45689}, {"SceneManager": 528}, {"Video": 64}, {"LazyScriptCache": 32}, {"NativeArray": 540}, {"Camera": 17}, {"Secure": 265}, {"SerializationCache": 1576}, {"APIUpdating": 10320}, {"Subsystems": 336}, {"VirtualTexturing": 57552}, {"StaticSafetyDebugInfo": 278528}, {"Analytics": 256}, {"Hierarchy": 832}, {"CoreStats": 12456}, {"Identifiers": 12384}, {"Gui": 267965}, {"EditorUtility": 105344}, {"VersionControl": 4}, {"Undo": 979}, {"AssetDatabase": 4752418}, {"EditorGi": 328}, {"UnityConnect": 25736}, {"Upm": 1852}, {"DrivenProperties": 72}, {"HubClient": 6115}, {"LocalIPC": 266}, {"ProfilerEditor": 9746}, {"CoreBusinessMetrics": 2366}, {"Licensing": 688}, {"AssetReference": 32}, {"IPCStream": 32}]}
