Unity Editor version:    6000.0.75f1 (26349cd2a5c8)
Branch:                  6000.0/staging
Build type:              Release
Batch mode:              YES
System name:             Linux
Distro version:          #31~24.04.1-Ubuntu SMP PREEMPT_DYNAMIC Mon Aug 10 09:38:02 UTC 2
Kernel version:          7.0.0-31-generic
Architecture:            x86_64
Available memory:        31897 MB
[Licensing::Module] Trying to connect to existing licensing client channel...
Initialize udev device monitor.
[Licensing::IpcConnector] Successfully connected to: "LicenseClient-worlesenric" at "2026-09-25T19:26:25.078066Z"
[SignatureVerifier] Application signature verification not supported on this platform.

COMMAND LINE ARGUMENTS:
/home/worlesenric/Unity/Hub/Editor/6000.0.75f1/Editor/Unity
-batchmode
-nographics
-quit
-projectPath
/home/worlesenric/wkspace/gc-wt/gc-017/unity/GameCore.ReleaseCheck
-executeMethod
GameCore.Validation.Editor.BuildProbe.BuildLinuxIL2CPP
-logFile
/home/worlesenric/wkspace/gc-wt/gc-017/artifacts/faults/toolchain/release-build.log
[Licensing::Client] Handshaking with LicensingClient:
  Version:                 1.18.3+d7ffd15
  Session Id:              b95b69ff761547ba8a0203571c65feba
  Correlation Id:          a4aac8f8da2bbfc2169791db8bc4c264
  External correlation Id: 1088897614003631911
  Machine Id:              jd93gYTNlAg1qIhTY9iII/nAhSo=
Successfully changed project path to: /home/worlesenric/wkspace/gc-wt/gc-017/unity/GameCore.ReleaseCheck
[Licensing::Module] Successfully connected to LicensingClient on channel: "LicenseClient-worlesenric" (connect: 0.00s, validation: 0.00s, handshake: 0.00s)
[Licensing::IpcConnector] Successfully connected to: "LicenseClient-worlesenric-notifications" at "2026-09-25T19:26:25.079301Z"
[Licensing::Module] Error: Access token is unavailable; failed to update

(process:2289985): Gtk-CRITICAL **: 03:26:25.079: gtk_label_set_text: assertion 'GTK_IS_LABEL (label)' failed
[Licensing::Client] Successfully resolved entitlement details
[Licensing::Module] License group:
  Id: 1375999166540-UnityPersXXXX
  Product: Unity Personal
  Type: Assigned
  Expiration: Unlimited
[Licensing::Client] Successfully updated license, isAsync: True, time: 0.00
[Licensing::Client] Successfully resolved entitlement details
[Licensing::Module] Licensing Background thread has ended after 0.00s

(process:2289985): Gtk-CRITICAL **: 03:26:25.080: gtk_label_set_text: assertion 'GTK_IS_LABEL (label)' failed
/home/worlesenric/wkspace/gc-wt/gc-017/unity/GameCore.ReleaseCheck
[UnityMemory] Configuration Parameters - Can be set up in boot.config
    "memorysetup-bucket-allocator-granularity=16"
    "memorysetup-bucket-allocator-bucket-count=8"
    "memorysetup-bucket-allocator-block-size=33554432"
    "memorysetup-bucket-allocator-block-count=8"
    "memorysetup-main-allocator-block-size=16777216"
    "memorysetup-thread-allocator-block-size=16777216"
    "memorysetup-gfx-main-allocator-block-size=16777216"
    "memorysetup-gfx-thread-allocator-block-size=16777216"
    "memorysetup-cache-allocator-block-size=4194304"
    "memorysetup-typetree-allocator-block-size=2097152"
    "memorysetup-profiler-bucket-allocator-granularity=16"
    "memorysetup-profiler-bucket-allocator-bucket-count=8"
    "memorysetup-profiler-bucket-allocator-block-size=33554432"
    "memorysetup-profiler-bucket-allocator-block-count=8"
    "memorysetup-profiler-allocator-block-size=16777216"
    "memorysetup-profiler-editor-allocator-block-size=1048576"
    "memorysetup-temp-allocator-size-main=16777216"
    "memorysetup-job-temp-allocator-block-size=2097152"
    "memorysetup-job-temp-allocator-block-size-background=1048576"
    "memorysetup-job-temp-allocator-reduction-small-platforms=262144"
    "memorysetup-allocator-temp-initial-block-size-main=262144"
    "memorysetup-allocator-temp-initial-block-size-worker=262144"
    "memorysetup-temp-allocator-size-background-worker=32768"
    "memorysetup-temp-allocator-size-job-worker=262144"
    "memorysetup-temp-allocator-size-preload-manager=33554432"
    "memorysetup-temp-allocator-size-nav-mesh-worker=65536"
    "memorysetup-temp-allocator-size-audio-worker=65536"
    "memorysetup-temp-allocator-size-cloud-worker=32768"
    "memorysetup-temp-allocator-size-gi-baking-worker=262144"
    "memorysetup-temp-allocator-size-gi-baking-worker=262144"
    "memorysetup-temp-allocator-size-gi-baking-worker=262144"
    "memorysetup-temp-allocator-size-gi-baking-worker=262144"
    "memorysetup-temp-allocator-size-gi-baking-worker=262144"
    "memorysetup-temp-allocator-size-gfx=262144"
Player connection [135075389330752]  Target information:

Player connection [135075389330752]  * "[IP] 192.168.0.21 [Port] 55504 [Flags] 2 [Guid] 3964952428 [EditorId] 3964952428 [Version] 1048832 [Id] LinuxEditor(16,192.168.0.21) [Debug] 1 [PackageName] LinuxEditor [ProjectName] Editor" 

Player connection [135075389330752]  * "[IP] 100.66.195.58 [Port] 55504 [Flags] 2 [Guid] 3964952428 [EditorId] 3964952428 [Version] 1048832 [Id] LinuxEditor(16,192.168.0.21) [Debug] 1 [PackageName] LinuxEditor [ProjectName] Editor" 

Player connection [135075389330752]  * "[IP] 172.18.0.1 [Port] 55504 [Flags] 2 [Guid] 3964952428 [EditorId] 3964952428 [Version] 1048832 [Id] LinuxEditor(16,192.168.0.21) [Debug] 1 [PackageName] LinuxEditor [ProjectName] Editor" 

Player connection [135075389330752]  * "[IP] 172.17.0.1 [Port] 55504 [Flags] 2 [Guid] 3964952428 [EditorId] 3964952428 [Version] 1048832 [Id] LinuxEditor(16,192.168.0.21) [Debug] 1 [PackageName] LinuxEditor [ProjectName] Editor" 

Player connection [135075389330752]  * "[IP] 10.42.0.0 [Port] 55504 [Flags] 2 [Guid] 3964952428 [EditorId] 3964952428 [Version] 1048832 [Id] LinuxEditor(16,192.168.0.21) [Debug] 1 [PackageName] LinuxEditor [ProjectName] Editor" 

Player connection [135075389330752]  * "[IP] 10.42.0.1 [Port] 55504 [Flags] 2 [Guid] 3964952428 [EditorId] 3964952428 [Version] 1048832 [Id] LinuxEditor(16,192.168.0.21) [Debug] 1 [PackageName] LinuxEditor [ProjectName] Editor" 

Player connection [135075389330752] Host joined multi-casting on [225.0.0.222:54997]...
Player connection [135075389330752] Host joined alternative multi-casting on [225.0.0.222:34997]...
Input System module state changed to: Initialized.
[Physics::Module] Initialized fallback backend.
[Physics::Module] Id: 0xdecafbad
[Package Manager] Connected to IPC stream "Upm-2289985" after 0.1 seconds.
Library Redirect Path: Library/
[Physics::Module] Selected backend.
[Physics::Module] Name: PhysX
[Physics::Module] Id: 0xf2b8ea05
[Physics::Module] SDK Version: 4.1.2
[Physics::Module] Integration Version: 1.0.0
[Physics::Module] Threading Mode: Multi-Threaded
Refreshing native plugins compatible for Editor in 0.06 ms, found 0 plugins.
Preloading 0 native plugins for Editor in 0.00 ms.
Initialize engine version: 6000.0.75f1 (26349cd2a5c8)
[Subsystems] Discovering subsystems at path /home/worlesenric/Unity/Hub/Editor/6000.0.75f1/Editor/Data/Resources/UnitySubsystems
[Subsystems] Discovering subsystems at path /home/worlesenric/wkspace/gc-wt/gc-017/unity/GameCore.ReleaseCheck/Assets
Forcing GfxDevice: Null
GfxDevice: creating device client; kGfxThreadingModeNonThreaded
NullGfxDevice:
    Version:  NULL 1.0 [1.0]
    Renderer: Null Device
    Vendor:   Unity Technologies
Initialize mono
Mono path[0] = '/home/worlesenric/Unity/Hub/Editor/6000.0.75f1/Editor/Data/Managed'
Mono path[1] = '/home/worlesenric/Unity/Hub/Editor/6000.0.75f1/Editor/Data/MonoBleedingEdge/lib/mono/unityjit-linux'
Mono config path = '/home/worlesenric/Unity/Hub/Editor/6000.0.75f1/Editor/Data/MonoBleedingEdge/etc'
Using monoOptions --debugger-agent=transport=dt_socket,embedding=1,server=y,suspend=n,address=127.0.0.1:56985
Using cacheserver namespaces - metadata:defaultmetadata, artifacts:defaultartifacts
Using cacheserver namespaces - metadata:defaultmetadata, artifacts:defaultartifacts
ImportWorker Server TCP listen port: 0
AcceleratorClientConnectionCallback - disconnected - :0
Begin MonoManager ReloadAssembly
Registering precompiled unity dll's ...
Register platform support module: /home/worlesenric/Unity/Hub/Editor/6000.0.75f1/Editor/Data/PlaybackEngines/MacStandaloneSupport/UnityEditor.OSXStandalone.Extensions.dll
Register platform support module: /home/worlesenric/Unity/Hub/Editor/6000.0.75f1/Editor/Data/PlaybackEngines/LinuxStandaloneSupport/UnityEditor.LinuxStandalone.Extensions.dll
Registered in 0.000947 seconds.
- Loaded All Assemblies, in  0.215 seconds
Native extension for LinuxStandalone target not found
Package Manager log level set to [2]
[Licensing::Client] Successfully resolved entitlement details
Native extension for OSXStandalone target not found
Mono: successfully reloaded assembly
- Finished resetting the current domain, in  7.113 seconds
Domain Reload Profiling: 7329ms
	BeginReloadAssembly (54ms)
		ExecutionOrderSort (0ms)
		DisableScriptedObjects (0ms)
		BackupInstance (0ms)
		ReleaseScriptingObjects (0ms)
		CreateAndSetChildDomain (1ms)
	RebuildCommonClasses (24ms)
	RebuildNativeTypeToScriptingClass (5ms)
	initialDomainReloadingComplete (35ms)
	LoadAllAssembliesAndSetupDomain (97ms)
		LoadAssemblies (53ms)
		RebuildTransferFunctionScriptingTraits (0ms)
		AnalyzeDomain (95ms)
			TypeCache.Refresh (94ms)
				TypeCache.ScanAssembly (86ms)
			BuildScriptInfoCaches (0ms)
			ResolveRequiredComponents (0ms)
	FinalizeReload (7114ms)
		ReleaseScriptCaches (0ms)
		RebuildScriptCaches (0ms)
		SetupLoadedEditorAssemblies (7090ms)
			LogAssemblyErrors (0ms)
			InitializePlatformSupportModulesInManaged (6919ms)
			SetLoadedEditorAssemblies (4ms)
			BeforeProcessingInitializeOnLoad (41ms)
			ProcessInitializeOnLoadAttributes (89ms)
			ProcessInitializeOnLoadMethodAttributes (38ms)
			AfterProcessingInitializeOnLoad (0ms)
			EditorAssembliesLoaded (0ms)
		ExecutionOrderSort2 (0ms)
		AwakeInstancesAfterBackupRestoration (0ms)
[Licensing::Client] Successfully resolved entitlement details
Application.AssetDatabase Initial Refresh Start
[Package Manager] Restoring resolved packages state from cache
[Licensing::Client] Successfully resolved entitlement details
[Package Manager] Registered 36 packages:
  Packages from [https://packages.unity.com]:
    com.unity.burst@1.8.28 (location: /home/worlesenric/wkspace/gc-wt/gc-017/unity/GameCore.ReleaseCheck/Library/PackageCache/com.unity.burst@07790c2d06d9)
    com.unity.collections@2.6.6 (location: /home/worlesenric/wkspace/gc-wt/gc-017/unity/GameCore.ReleaseCheck/Library/PackageCache/com.unity.collections@9796e5ee0d9e)
    com.unity.entities@1.4.6 (location: /home/worlesenric/wkspace/gc-wt/gc-017/unity/GameCore.ReleaseCheck/Library/PackageCache/com.unity.entities@e90944159b94)
    com.unity.mathematics@1.3.2 (location: /home/worlesenric/wkspace/gc-wt/gc-017/unity/GameCore.ReleaseCheck/Library/PackageCache/com.unity.mathematics@8017b507cc74)
    com.unity.toolchain.linux-x86_64@2.0.11 (location: /home/worlesenric/wkspace/gc-wt/gc-017/unity/GameCore.ReleaseCheck/Library/PackageCache/com.unity.toolchain.linux-x86_64@53b88ff74b51)
    com.unity.sysroot@2.0.10 (location: /home/worlesenric/wkspace/gc-wt/gc-017/unity/GameCore.ReleaseCheck/Library/PackageCache/com.unity.sysroot@7bbbb9339c14)
    com.unity.sysroot.linux-x86_64@2.0.9 (location: /home/worlesenric/wkspace/gc-wt/gc-017/unity/GameCore.ReleaseCheck/Library/PackageCache/com.unity.sysroot.linux-x86_64@1998d1c7730e)
    com.unity.serialization@3.1.5 (location: /home/worlesenric/wkspace/gc-wt/gc-017/unity/GameCore.ReleaseCheck/Library/PackageCache/com.unity.serialization@c463b52e88d7)
    com.unity.profiling.core@1.0.3 (location: /home/worlesenric/wkspace/gc-wt/gc-017/unity/GameCore.ReleaseCheck/Library/PackageCache/com.unity.profiling.core@8a49f7027d06)
    com.unity.nuget.mono-cecil@1.11.6 (location: /home/worlesenric/wkspace/gc-wt/gc-017/unity/GameCore.ReleaseCheck/Library/PackageCache/com.unity.nuget.mono-cecil@ecb9724e46ff)
    com.unity.scriptablebuildpipeline@2.6.1 (location: /home/worlesenric/wkspace/gc-wt/gc-017/unity/GameCore.ReleaseCheck/Library/PackageCache/com.unity.scriptablebuildpipeline@36e3b5898ee2)
    com.unity.test-framework.performance@3.4.0 (location: /home/worlesenric/wkspace/gc-wt/gc-017/unity/GameCore.ReleaseCheck/Library/PackageCache/com.unity.test-framework.performance@aa81a99c4a75)
  Built-in packages:
    com.unity.modules.assetbundle@1.0.0 (location: /home/worlesenric/wkspace/gc-wt/gc-017/unity/GameCore.ReleaseCheck/Library/PackageCache/com.unity.modules.assetbundle)
    com.unity.modules.audio@1.0.0 (location: /home/worlesenric/wkspace/gc-wt/gc-017/unity/GameCore.ReleaseCheck/Library/PackageCache/com.unity.modules.audio)
    com.unity.modules.imageconversion@1.0.0 (location: /home/worlesenric/wkspace/gc-wt/gc-017/unity/GameCore.ReleaseCheck/Library/PackageCache/com.unity.modules.imageconversion)
    com.unity.modules.imgui@1.0.0 (location: /home/worlesenric/wkspace/gc-wt/gc-017/unity/GameCore.ReleaseCheck/Library/PackageCache/com.unity.modules.imgui)
    com.unity.modules.jsonserialize@1.0.0 (location: /home/worlesenric/wkspace/gc-wt/gc-017/unity/GameCore.ReleaseCheck/Library/PackageCache/com.unity.modules.jsonserialize)
    com.unity.modules.physics@1.0.0 (location: /home/worlesenric/wkspace/gc-wt/gc-017/unity/GameCore.ReleaseCheck/Library/PackageCache/com.unity.modules.physics)
    com.unity.modules.ui@1.0.0 (location: /home/worlesenric/wkspace/gc-wt/gc-017/unity/GameCore.ReleaseCheck/Library/PackageCache/com.unity.modules.ui)
    com.unity.modules.uielements@1.0.0 (location: /home/worlesenric/wkspace/gc-wt/gc-017/unity/GameCore.ReleaseCheck/Library/PackageCache/com.unity.modules.uielements)
    com.unity.modules.unityanalytics@1.0.0 (location: /home/worlesenric/wkspace/gc-wt/gc-017/unity/GameCore.ReleaseCheck/Library/PackageCache/com.unity.modules.unityanalytics)
    com.unity.modules.unitywebrequest@1.0.0 (location: /home/worlesenric/wkspace/gc-wt/gc-017/unity/GameCore.ReleaseCheck/Library/PackageCache/com.unity.modules.unitywebrequest)
    com.unity.modules.hierarchycore@1.0.0 (location: /home/worlesenric/wkspace/gc-wt/gc-017/unity/GameCore.ReleaseCheck/Library/PackageCache/com.unity.modules.hierarchycore)
    com.unity.test-framework@1.6.0 (location: /home/worlesenric/wkspace/gc-wt/gc-017/unity/GameCore.ReleaseCheck/Library/PackageCache/com.unity.test-framework@bd52b1c23814)
    com.unity.ext.nunit@2.0.5 (location: /home/worlesenric/wkspace/gc-wt/gc-017/unity/GameCore.ReleaseCheck/Library/PackageCache/com.unity.ext.nunit@b16e6d09cd93)
  Local packages:
    com.gamecore.composition@file:/home/worlesenric/wkspace/gc-wt/gc-017/Packages/com.gamecore.composition (location: /home/worlesenric/wkspace/gc-wt/gc-017/Packages/com.gamecore.composition)
    com.gamecore.contracts@file:/home/worlesenric/wkspace/gc-wt/gc-017/Packages/com.gamecore.contracts (location: /home/worlesenric/wkspace/gc-wt/gc-017/Packages/com.gamecore.contracts)
    com.gamecore.content.compiler@file:/home/worlesenric/wkspace/gc-wt/gc-017/Packages/com.gamecore.content.compiler (location: /home/worlesenric/wkspace/gc-wt/gc-017/Packages/com.gamecore.content.compiler)
    com.gamecore.derivation@file:/home/worlesenric/wkspace/gc-wt/gc-017/Packages/com.gamecore.derivation (location: /home/worlesenric/wkspace/gc-wt/gc-017/Packages/com.gamecore.derivation)
    com.gamecore.gameplay.cards@file:/home/worlesenric/wkspace/gc-wt/gc-017/Packages/com.gamecore.gameplay.cards (location: /home/worlesenric/wkspace/gc-wt/gc-017/Packages/com.gamecore.gameplay.cards)
    com.gamecore.gameplay.narrative@file:/home/worlesenric/wkspace/gc-wt/gc-017/Packages/com.gamecore.gameplay.narrative (location: /home/worlesenric/wkspace/gc-wt/gc-017/Packages/com.gamecore.gameplay.narrative)
    com.gamecore.planning@file:/home/worlesenric/wkspace/gc-wt/gc-017/Packages/com.gamecore.planning (location: /home/worlesenric/wkspace/gc-wt/gc-017/Packages/com.gamecore.planning)
    com.gamecore.rules.cards@file:/home/worlesenric/wkspace/gc-wt/gc-017/Packages/com.gamecore.rules.cards (location: /home/worlesenric/wkspace/gc-wt/gc-017/Packages/com.gamecore.rules.cards)
    com.gamecore.rules.narrative@file:/home/worlesenric/wkspace/gc-wt/gc-017/Packages/com.gamecore.rules.narrative (location: /home/worlesenric/wkspace/gc-wt/gc-017/Packages/com.gamecore.rules.narrative)
    com.gamecore.unity.adapters@file:/home/worlesenric/wkspace/gc-wt/gc-017/Packages/com.gamecore.unity.adapters (location: /home/worlesenric/wkspace/gc-wt/gc-017/Packages/com.gamecore.unity.adapters)
    com.gamecore.unity.runtime@file:/home/worlesenric/wkspace/gc-wt/gc-017/Packages/com.gamecore.unity.runtime (location: /home/worlesenric/wkspace/gc-wt/gc-017/Packages/com.gamecore.unity.runtime)
[Subsystems] No new subsystems found in resolved package list.
[Package Manager] Done registering packages in 0.00 seconds
Assembly reference Packages/com.unity.entities/Unity.Scenes.Editor/Internals/Properties/Unity.Properties.Internals.asmref has no target assembly definition
Assembly reference Packages/com.unity.entities/Unity.Scenes.Editor/Internals/Properties/Unity.Properties.Internals.asmref has no target assembly definition
[40m[32minfo[39m[22m[49m: Microsoft.Hosting.Lifetime[14]
      Now listening on: http://unix:/tmp/ilpp.sock-872d4cf0094d01656b5d83256ebf6548
[40m[32minfo[39m[22m[49m: Microsoft.Hosting.Lifetime[0]
      Application started. Press Ctrl+C to shut down.
[40m[32minfo[39m[22m[49m: Microsoft.Hosting.Lifetime[0]
      Hosting environment: Production
[40m[32minfo[39m[22m[49m: Microsoft.Hosting.Lifetime[0]
      Content root path: /home/worlesenric/wkspace/gc-wt/gc-017/unity/GameCore.ReleaseCheck/
[40m[32minfo[39m[22m[49m: Microsoft.AspNetCore.Hosting.Diagnostics[1]
      Request starting HTTP/2 POST http://ilpp/UnityILPP.PostProcessing/Ping application/grpc -
[40m[32minfo[39m[22m[49m: Microsoft.AspNetCore.Routing.EndpointMiddleware[0]
      Executing endpoint 'gRPC - /UnityILPP.PostProcessing/Ping'
[40m[32minfo[39m[22m[49m: Microsoft.AspNetCore.Routing.EndpointMiddleware[1]
      Executed endpoint 'gRPC - /UnityILPP.PostProcessing/Ping'
[40m[32minfo[39m[22m[49m: Microsoft.AspNetCore.Hosting.Diagnostics[2]
      Request finished HTTP/2 POST http://ilpp/UnityILPP.PostProcessing/Ping application/grpc - - 200 - application/grpc 27.8522ms
Starting: /home/worlesenric/Unity/Hub/Editor/6000.0.75f1/Editor/Data/bee_backend --ipc --defer-dag-verification --dagfile="Library/Bee/2400b0aE.dag" --continue-on-failure --profile="Library/Bee/backend1.traceevents" ScriptAssemblies
WorkingDir: /home/worlesenric/wkspace/gc-wt/gc-017/unity/GameCore.ReleaseCheck
[40m[32minfo[39m[22m[49m: Microsoft.AspNetCore.Hosting.Diagnostics[1]
      Request starting HTTP/2 POST http://ilpp/UnityILPP.PostProcessing/ConfigurePostProcessors application/grpc -
[40m[32minfo[39m[22m[49m: Microsoft.AspNetCore.Routing.EndpointMiddleware[0]
      Executing endpoint 'gRPC - /UnityILPP.PostProcessing/ConfigurePostProcessors'
[40m[1m[33mwarn[39m[22m[49m: Unity.ILPP.Runner.PostProcessingAssemblyLoadContext[0]
      Assembly system.runtime.interopservices.windowsruntime has duplicate hint path. Ignoring "/home/worlesenric/Unity/Hub/Editor/6000.0.75f1/Editor/Data/UnityReferenceAssemblies/unity-4.8-api/Facades/System.Runtime.InteropServices.WindowsRuntime.dll" in favor of "/home/worlesenric/Unity/Hub/Editor/6000.0.75f1/Editor/Data/NetStandard/Extensions/2.0.0/System.Runtime.InteropServices.WindowsRuntime.dll"
[40m[1m[33mwarn[39m[22m[49m: Unity.ILPP.Runner.PostProcessingAssemblyLoadContext[0]
      Assembly system.componentmodel.composition has duplicate hint path. Ignoring "/home/worlesenric/Unity/Hub/Editor/6000.0.75f1/Editor/Data/UnityReferenceAssemblies/unity-4.8-api/System.ComponentModel.Composition.dll" in favor of "/home/worlesenric/Unity/Hub/Editor/6000.0.75f1/Editor/Data/NetStandard/compat/2.1.0/shims/netfx/System.ComponentModel.Composition.dll"
DisplayProgressbar: Compiling Scripts
[40m[32minfo[39m[22m[49m: Unity.ILPP.Runner.PostProcessingAssemblyLoadContext[0]
      Resolved Unity.Burst.Cecil, Version=0.11.4.0, Culture=neutral, PublicKeyToken=50cebf1cceb9d05e with Library/PackageCache/com.unity.burst@07790c2d06d9/Unity.Burst.CodeGen/Unity.Burst.Cecil.dll
[40m[32minfo[39m[22m[49m: Unity.ILPP.Runner.PostProcessingAssemblyLoadContext[0]
      Resolved Mono.Cecil, Version=0.11.5.0, Culture=neutral, PublicKeyToken=50cebf1cceb9d05e with Library/PackageCache/com.unity.nuget.mono-cecil@ecb9724e46ff/Mono.Cecil.dll
[40m[32minfo[39m[22m[49m: Unity.ILPP.Runner.PostProcessingAssemblyLoadContext[0]
      Resolved Unity.Entities, Version=0.0.0.0, Culture=neutral, PublicKeyToken=null with Library/Bee/artifacts/2400b0aE.dag/Unity.Entities.dll
[40m[32minfo[39m[22m[49m: Microsoft.AspNetCore.Routing.EndpointMiddleware[1]
      Executed endpoint 'gRPC - /UnityILPP.PostProcessing/ConfigurePostProcessors'
[40m[32minfo[39m[22m[49m: Microsoft.AspNetCore.Hosting.Diagnostics[2]
      Request finished HTTP/2 POST http://ilpp/UnityILPP.PostProcessing/ConfigurePostProcessors application/grpc - - 200 - application/grpc 32.5967ms
ExitCode: 0 Duration: 0s114ms
[543/715    0s] ILPP-Configuration Library/ilpp-configuration.nevergeneratedoutput
*** Tundra build success (0.10 seconds), 1 items updated, 715 evaluated
AssetDatabase: script compilation time: 0.420712s
Begin MonoManager ReloadAssembly
Total cache size 203536058
- Loaded All Assemblies, in  0.444 seconds
Refreshing native plugins compatible for Editor in 0.13 ms, found 1 plugins.
Native extension for LinuxStandalone target not found
Native extension for OSXStandalone target not found
Assembly reference Packages/com.unity.entities/Unity.Scenes.Editor/Internals/Properties/Unity.Properties.Internals.asmref has no target assembly definition
TypeManager.Initialize took: 91ms
Mono: successfully reloaded assembly
- Finished resetting the current domain, in  1.817 seconds
Domain Reload Profiling: 2260ms
	BeginReloadAssembly (219ms)
		ExecutionOrderSort (0ms)
		DisableScriptedObjects (7ms)
		BackupInstance (0ms)
		ReleaseScriptingObjects (0ms)
		CreateAndSetChildDomain (147ms)
	RebuildCommonClasses (23ms)
	RebuildNativeTypeToScriptingClass (5ms)
	initialDomainReloadingComplete (19ms)
	LoadAllAssembliesAndSetupDomain (177ms)
		LoadAssemblies (142ms)
		RebuildTransferFunctionScriptingTraits (0ms)
		AnalyzeDomain (75ms)
			TypeCache.Refresh (57ms)
				TypeCache.ScanAssembly (52ms)
			BuildScriptInfoCaches (16ms)
			ResolveRequiredComponents (0ms)
	FinalizeReload (1817ms)
		ReleaseScriptCaches (0ms)
		RebuildScriptCaches (0ms)
		SetupLoadedEditorAssemblies (1737ms)
			LogAssemblyErrors (0ms)
			InitializePlatformSupportModulesInManaged (30ms)
			SetLoadedEditorAssemblies (2ms)
			BeforeProcessingInitializeOnLoad (80ms)
			ProcessInitializeOnLoadAttributes (1531ms)
			ProcessInitializeOnLoadMethodAttributes (92ms)
			AfterProcessingInitializeOnLoad (2ms)
			EditorAssembliesLoaded (0ms)
		ExecutionOrderSort2 (0ms)
		AwakeInstancesAfterBackupRestoration (4ms)
Asset Pipeline Refresh (id=01d7d2981003a038aa75d775ef0e29cc): Total: 2.990 seconds - Initiated by InitialRefreshV2(ForceSynchronousImport)
	Summary:
		Imports: total=0 (actual=0, local cache=0, cache server=0)
		Asset DB Process Time: managed=0 ms, native=2090 ms
		Asset DB Callback time: managed=9 ms, native=3 ms
		Scripting: domain reloads=1, domain reload time=444 ms, compile time=422 ms, other=19 ms
		Project Asset Count: scripts=792, non-scripts=702
		Asset File Changes: new=0, changed=0, moved=0, deleted=0
		Scan Filter Count: 1
	InvokeCustomDependenciesCallbacks: 0.002ms
	InvokePackagesCallback: 4.399ms
	ApplyChangesToAssetFolders: 0.181ms
	Scan: 174.571ms
	OnSourceAssetsModified: 0.002ms
	CategorizeAssetsWithTransientArtifact: 11.693ms
	ProcessAssetsWithTransientArtifactChanges: 16.142ms
	CategorizeAssets: 10.147ms
	ImportOutOfDateAssets: 1819.670ms (1396.888ms without children)
		CompileScripts: 422.079ms
		ReloadNativeAssets: 0.000ms
		UnloadImportedAssets: 0.174ms
		EnsureUptoDateAssetsAreRegisteredWithGuidPM: 0.213ms
		InitializingProgressBar: 0.000ms
		PostProcessAllAssetNotificationsAddChangedAssets: 0.000ms
		OnDemandSchedulerStart: 0.316ms
	PostProcessAllAssets: 9.189ms
	GatherAllCurrentPrimaryArtifactRevisions: 0.000ms
	UnloadStreamsBegin: 0.187ms
	PersistCurrentRevisions: 0.042ms
	UnloadStreamsEnd: 0.001ms
	GenerateScriptTypeHashes: 1.189ms
	Untracked: 943.282ms

Application.AssetDatabase Initial Refresh End
Scanning for USB devices : 0.738ms
Initializing Unity extensions:
UpdateMenuTitleForLanguage: 10
[MODES] ModeService[none].Initialize
[MODES] ModeService[none].LoadModes
[MODES] Loading mode Default (0) for mode-current-id-GameCoreProbe
Unloading 4 Unused Serialized files (Serialized files now loaded: 0)
Unloading 2845 unused Assets / (2.0 MB). Loaded Objects now: 3317.
Memory consumption went from 110.9 MB to 108.9 MB.
Total: 7.365202 ms (FindLiveObjects: 0.234719 ms CreateObjectMapping: 0.203632 ms MarkObjects: 5.546852 ms  DeleteObjects: 1.379347 ms)

[GC001] build started; editorVersion=6000.0.75f1; expectedEditorVersion=6000.0.75f1; target=StandaloneLinux64; backend=IL2CPP; stripping=High; apiCompatibility=.NET Standard 2.1; burstCompilerAvailable=True
UnityEngine.Debug:ExtractStackTraceNoAlloc (byte*,int,string)
UnityEngine.StackTraceUtility:ExtractStackTrace () (at /home/bokken/build/output/unity/unity/Runtime/Export/Scripting/StackTrace.cs:35)
UnityEngine.DebugLogHandler:Internal_Log (UnityEngine.LogType,UnityEngine.LogOption,string,UnityEngine.Object)
UnityEngine.DebugLogHandler:LogFormat (UnityEngine.LogType,UnityEngine.Object,string,object[])
UnityEngine.Logger:Log (UnityEngine.LogType,object)
UnityEngine.Debug:Log (object)
GameCore.Validation.Editor.BuildProbe:Run () (at Assets/GameCore.Validation/Editor/BuildProbe.cs:69)
GameCore.Validation.Editor.BuildProbe:BuildLinuxIL2CPP () (at Assets/GameCore.Validation/Editor/BuildProbe.cs:57)

(Filename: Assets/GameCore.Validation/Editor/BuildProbe.cs Line: 69)

[GC001] player settings applied; scriptingBackend=IL2CPP; managedStrippingLevel=High; apiCompatibilityLevel=NET_Standard_2_0
UnityEngine.Debug:ExtractStackTraceNoAlloc (byte*,int,string)
UnityEngine.StackTraceUtility:ExtractStackTrace () (at /home/bokken/build/output/unity/unity/Runtime/Export/Scripting/StackTrace.cs:35)
UnityEngine.DebugLogHandler:Internal_Log (UnityEngine.LogType,UnityEngine.LogOption,string,UnityEngine.Object)
UnityEngine.DebugLogHandler:LogFormat (UnityEngine.LogType,UnityEngine.Object,string,object[])
UnityEngine.Logger:Log (UnityEngine.LogType,object)
UnityEngine.Debug:Log (object)
GameCore.Validation.Editor.BuildProbe:Run () (at Assets/GameCore.Validation/Editor/BuildProbe.cs:106)
GameCore.Validation.Editor.BuildProbe:BuildLinuxIL2CPP () (at Assets/GameCore.Validation/Editor/BuildProbe.cs:57)

(Filename: Assets/GameCore.Validation/Editor/BuildProbe.cs Line: 106)

[GC003] unchanged /home/worlesenric/wkspace/gc-wt/gc-017/unity/GameCore.ReleaseCheck/Assets/GameCore.Validation/Generated/ProbeCatalog.g.cs; bytes=25321; catalogFingerprint=02bb94ab81353a2063fb1cb92d77ce3b9889885b02a95de515193e45178f37ff; bytes=25321; catalogFileHash=03bdcd23fd8ec0515d93d7c54d7f7c695f3860a850a7280b82316aaacd14c5c1; catalogFingerprint=02bb94ab81353a2063fb1cb92d77ce3b9889885b02a95de515193e45178f37ff
UnityEngine.Debug:ExtractStackTraceNoAlloc (byte*,int,string)
UnityEngine.StackTraceUtility:ExtractStackTrace () (at /home/bokken/build/output/unity/unity/Runtime/Export/Scripting/StackTrace.cs:35)
UnityEngine.DebugLogHandler:Internal_Log (UnityEngine.LogType,UnityEngine.LogOption,string,UnityEngine.Object)
UnityEngine.DebugLogHandler:LogFormat (UnityEngine.LogType,UnityEngine.Object,string,object[])
UnityEngine.Logger:Log (UnityEngine.LogType,object)
UnityEngine.Debug:Log (object)
GameCore.Validation.Editor.ProbeCatalogGenerator:GenerateCatalog () (at Assets/GameCore.Validation/Editor/ProbeCatalogGenerator.cs:66)
GameCore.Validation.Editor.BuildProbe:Run () (at Assets/GameCore.Validation/Editor/BuildProbe.cs:140)
GameCore.Validation.Editor.BuildProbe:BuildLinuxIL2CPP () (at Assets/GameCore.Validation/Editor/BuildProbe.cs:57)

(Filename: Assets/GameCore.Validation/Editor/ProbeCatalogGenerator.cs Line: 66)

Asset Pipeline Refresh (id=996ffdc09a86f2637b043837614c9ac1): Total: 0.069 seconds - Initiated by RefreshV2(NoUpdateAssetOptions)
[GC001] bootstrap scene present at Assets/Scenes/GameCoreProbe.unity
UnityEngine.Debug:ExtractStackTraceNoAlloc (byte*,int,string)
UnityEngine.StackTraceUtility:ExtractStackTrace () (at /home/bokken/build/output/unity/unity/Runtime/Export/Scripting/StackTrace.cs:35)
UnityEngine.DebugLogHandler:Internal_Log (UnityEngine.LogType,UnityEngine.LogOption,string,UnityEngine.Object)
UnityEngine.DebugLogHandler:LogFormat (UnityEngine.LogType,UnityEngine.Object,string,object[])
UnityEngine.Logger:Log (UnityEngine.LogType,object)
UnityEngine.Debug:Log (object)
GameCore.Validation.Editor.BuildProbe:EnsureBootstrapScene () (at Assets/GameCore.Validation/Editor/BuildProbe.cs:217)
GameCore.Validation.Editor.BuildProbe:Run () (at Assets/GameCore.Validation/Editor/BuildProbe.cs:143)
GameCore.Validation.Editor.BuildProbe:BuildLinuxIL2CPP () (at Assets/GameCore.Validation/Editor/BuildProbe.cs:57)

(Filename: Assets/GameCore.Validation/Editor/BuildProbe.cs Line: 217)

[GC001] building player; location=/home/worlesenric/wkspace/gc-wt/gc-017/unity/GameCore.ReleaseCheck/Builds/Linux64/GameCoreProbe.x86_64; scenes=Assets/Scenes/GameCoreProbe.unity
UnityEngine.Debug:ExtractStackTraceNoAlloc (byte*,int,string)
UnityEngine.StackTraceUtility:ExtractStackTrace () (at /home/bokken/build/output/unity/unity/Runtime/Export/Scripting/StackTrace.cs:35)
UnityEngine.DebugLogHandler:Internal_Log (UnityEngine.LogType,UnityEngine.LogOption,string,UnityEngine.Object)
UnityEngine.DebugLogHandler:LogFormat (UnityEngine.LogType,UnityEngine.Object,string,object[])
UnityEngine.Logger:Log (UnityEngine.LogType,object)
UnityEngine.Debug:Log (object)
GameCore.Validation.Editor.BuildProbe:Run () (at Assets/GameCore.Validation/Editor/BuildProbe.cs:159)
GameCore.Validation.Editor.BuildProbe:BuildLinuxIL2CPP () (at Assets/GameCore.Validation/Editor/BuildProbe.cs:57)

(Filename: Assets/GameCore.Validation/Editor/BuildProbe.cs Line: 159)

Starting new worker id: 0 with log in /home/worlesenric/wkspace/gc-wt/gc-017/unity/GameCore.ReleaseCheck/Logs/AssetImportWorker0.log
Starting new worker id: 1 with log in /home/worlesenric/wkspace/gc-wt/gc-017/unity/GameCore.ReleaseCheck/Logs/AssetImportWorker1.log
Worker ready: AssetImportWorker0 0
Worker ready: AssetImportWorker1 1
[Worker0] Start importing Assets/Scenes/GameCoreProbe.unity using Guid(34dd17ac2510f2ef1b19cebd89049189) Importer(2089858483,b4928d63cba0eb686c52b1d693c2cc83) 
[Worker0] (ScriptedImporter)
[Worker0] Opening scene 'Assets/Scenes/GameCoreProbe.unity additively'
[Worker0] Loaded scene 'Assets/Scenes/GameCoreProbe.unity'
	Deserialize:            0.194 ms
	Integration:            0.426 ms
	Integration of assets:  0.002 ms
	Thread Wait Time:       0.011 ms
	Total Operation Time:   0.632 ms
[Worker0]  -> (artifact id: '1b281e07996b5aa976bf515eca78c86c') in 0.016293488 seconds
Start importing Assets/Resources using Guid(203d086d1f28d5a1a9efa625dd33ca12) (DefaultImporter) -> (artifact id: '0f5a492504d7c4313df8030e35806a89') in 0.003603438 seconds
Refreshing native plugins compatible for Editor in 0.15 ms, found 1 plugins.
Preloading 0 native plugins for Editor in 0.00 ms.
Asset Pipeline Refresh (id=92ce461fef2b8d701b607420f7fe5324): Total: 0.063 seconds - Initiated by StopAssetImportingV2(NoUpdateAssetOptions)
Start importing ProjectSettings/ProjectSettings.asset using Guid(00000000000000004000000000000000) (LibraryAssetImporter) -> (artifact id: '178bf7067d38e3e04409e2d58fbbdb59') in 0.000599857 seconds
Start importing Assets/Resources/PerformanceTestRunInfo.json using Guid(d2a69c5383135ef1d85b23d96860d3ea) (TextScriptImporter) -> (artifact id: 'b7e696bdd9a67f56dd77dc165a9ec481') in 0.000923436 seconds
Start importing Assets/Resources/PerformanceTestRunSettings.json using Guid(e698bd0dcbe0186ecb7511eee857e58a) (TextScriptImporter) -> (artifact id: 'e852cff6db27281921d1934286372276') in 0.000583131 seconds
Refreshing native plugins compatible for Editor in 0.12 ms, found 1 plugins.
Preloading 0 native plugins for Editor in 0.00 ms.
Asset Pipeline Refresh (id=d42f5465f870ed081a67e334ec23cbe0): Total: 0.041 seconds - Initiated by StopAssetImportingV2(NoUpdateAssetOptions)
Launched and connected shader compiler UnityShaderCompiler after 0.01 seconds
[40m[32minfo[39m[22m[49m: Microsoft.AspNetCore.Hosting.Diagnostics[1]
      Request starting HTTP/2 POST http://ilpp/UnityILPP.PostProcessing/Ping application/grpc -
[40m[32minfo[39m[22m[49m: Microsoft.AspNetCore.Routing.EndpointMiddleware[0]
      Executing endpoint 'gRPC - /UnityILPP.PostProcessing/Ping'
[40m[32minfo[39m[22m[49m: Microsoft.AspNetCore.Routing.EndpointMiddleware[1]
      Executed endpoint 'gRPC - /UnityILPP.PostProcessing/Ping'
[40m[32minfo[39m[22m[49m: Microsoft.AspNetCore.Hosting.Diagnostics[2]
      Request finished HTTP/2 POST http://ilpp/UnityILPP.PostProcessing/Ping application/grpc - - 200 - application/grpc 0.4174ms
Starting: /home/worlesenric/Unity/Hub/Editor/6000.0.75f1/Editor/Data/bee_backend --ipc --defer-dag-verification --dagfile="Library/Bee/2400b0aESkipCompile.dag" --continue-on-failure --profile="Library/Bee/backend1.traceevents" ScriptAssembliesAndTypeDB
WorkingDir: /home/worlesenric/wkspace/gc-wt/gc-017/unity/GameCore.ReleaseCheck
ExitCode: 4 Duration: 0s26ms
[             ] Require frontend run.  Library/Bee/2400b0aESkipCompile.dag couldn't be loaded
Starting: /home/worlesenric/Unity/Hub/Editor/6000.0.75f1/Editor/Data/Tools/netcorerun/netcorerun "/home/worlesenric/Unity/Hub/Editor/6000.0.75f1/Editor/Data/Tools/BuildPipeline/ScriptCompilationBuildProgram.exe" "Library/Bee/2400b0aESkipCompile.dag.json" "Library/Bee/2400b0aESkipCompile-inputdata.json" "Library/Bee/buildprogram0.traceevents"
WorkingDir: /home/worlesenric/wkspace/gc-wt/gc-017/unity/GameCore.ReleaseCheck
ExitCode: 0 Duration: 0s184ms
Starting: /home/worlesenric/Unity/Hub/Editor/6000.0.75f1/Editor/Data/bee_backend --ipc --defer-dag-verification --dagfile="Library/Bee/2400b0aESkipCompile.dag" --continue-on-failure --dagfilejson="Library/Bee/2400b0aESkipCompile.dag.json" --profile="Library/Bee/backend2.traceevents" ScriptAssembliesAndTypeDB
WorkingDir: /home/worlesenric/wkspace/gc-wt/gc-017/unity/GameCore.ReleaseCheck
ExitCode: 0 Duration: 0s742ms
Finished compiling graph: 4 nodes, 5 flattened edges (5 ToBuild, 0 ToUse), maximum node priority 3
[2/3        0s] BuildPlayerDataGenerator Library/BuildPlayerData/Editor/TypeDb-All.json
*** Tundra build success (0.72 seconds), 1 items updated, 3 evaluated
Asset Pipeline Refresh (id=fd2d4629628092d958e13b586ec78d36): Total: 0.024 seconds - Initiated by RefreshV2(NoUpdateAssetOptions)
[ScriptCompilation] Requested script compilation because: Recompiling scripts for player build.
BuildPlayer: start building target 24
[40m[32minfo[39m[22m[49m: Microsoft.AspNetCore.Hosting.Diagnostics[1]
      Request starting HTTP/2 POST http://ilpp/UnityILPP.PostProcessing/Ping application/grpc -
[40m[32minfo[39m[22m[49m: Microsoft.AspNetCore.Routing.EndpointMiddleware[0]
      Executing endpoint 'gRPC - /UnityILPP.PostProcessing/Ping'
[40m[32minfo[39m[22m[49m: Microsoft.AspNetCore.Routing.EndpointMiddleware[1]
      Executed endpoint 'gRPC - /UnityILPP.PostProcessing/Ping'
[40m[32minfo[39m[22m[49m: Microsoft.AspNetCore.Hosting.Diagnostics[2]
      Request finished HTTP/2 POST http://ilpp/UnityILPP.PostProcessing/Ping application/grpc - - 200 - application/grpc 0.1905ms
Total cache size 203536058
Starting: /home/worlesenric/Unity/Hub/Editor/6000.0.75f1/Editor/Data/bee_backend --ipc --defer-dag-verification --dagfile="Library/Bee/2400b0aP.dag" --continue-on-failure --profile="Library/Bee/backend1.traceevents" ScriptAssembliesAndTypeDB
WorkingDir: /home/worlesenric/wkspace/gc-wt/gc-017/unity/GameCore.ReleaseCheck
Total cache size after purge 203536058, took 00:00:00.1190352
ExitCode: 4 Duration: 0s24ms
[             ] Require frontend run.  Library/Bee/2400b0aP.dag couldn't be loaded
Starting: /home/worlesenric/Unity/Hub/Editor/6000.0.75f1/Editor/Data/Tools/netcorerun/netcorerun "/home/worlesenric/Unity/Hub/Editor/6000.0.75f1/Editor/Data/Tools/BuildPipeline/ScriptCompilationBuildProgram.exe" "Library/Bee/2400b0aP.dag.json" "Library/Bee/2400b0aP-inputdata.json" "Library/Bee/buildprogram0.traceevents"
WorkingDir: /home/worlesenric/wkspace/gc-wt/gc-017/unity/GameCore.ReleaseCheck
ExitCode: 0 Duration: 0s462ms
Starting: /home/worlesenric/Unity/Hub/Editor/6000.0.75f1/Editor/Data/bee_backend --ipc --defer-dag-verification --dagfile="Library/Bee/2400b0aP.dag" --continue-on-failure --dagfilejson="Library/Bee/2400b0aP.dag.json" --profile="Library/Bee/backend2.traceevents" ScriptAssembliesAndTypeDB
WorkingDir: /home/worlesenric/wkspace/gc-wt/gc-017/unity/GameCore.ReleaseCheck
[40m[32minfo[39m[22m[49m: Microsoft.AspNetCore.Hosting.Diagnostics[1]
      Request starting HTTP/2 POST http://ilpp/UnityILPP.PostProcessing/ConfigurePostProcessors application/grpc -
[40m[32minfo[39m[22m[49m: Microsoft.AspNetCore.Routing.EndpointMiddleware[0]
      Executing endpoint 'gRPC - /UnityILPP.PostProcessing/ConfigurePostProcessors'
[40m[32minfo[39m[22m[49m: Unity.ILPP.Runner.PostProcessingAssemblyLoadContext[0]
      ALC ILPP context 1 is unloading
[40m[1m[33mwarn[39m[22m[49m: Unity.ILPP.Runner.PostProcessingAssemblyLoadContext[0]
      Assembly system.runtime.interopservices.windowsruntime has duplicate hint path. Ignoring "/home/worlesenric/Unity/Hub/Editor/6000.0.75f1/Editor/Data/UnityReferenceAssemblies/unity-4.8-api/Facades/System.Runtime.InteropServices.WindowsRuntime.dll" in favor of "/home/worlesenric/Unity/Hub/Editor/6000.0.75f1/Editor/Data/NetStandard/Extensions/2.0.0/System.Runtime.InteropServices.WindowsRuntime.dll"
[40m[1m[33mwarn[39m[22m[49m: Unity.ILPP.Runner.PostProcessingAssemblyLoadContext[0]
      Assembly system.componentmodel.composition has duplicate hint path. Ignoring "/home/worlesenric/Unity/Hub/Editor/6000.0.75f1/Editor/Data/UnityReferenceAssemblies/unity-4.8-api/System.ComponentModel.Composition.dll" in favor of "/home/worlesenric/Unity/Hub/Editor/6000.0.75f1/Editor/Data/NetStandard/compat/2.1.0/shims/netfx/System.ComponentModel.Composition.dll"
[40m[32minfo[39m[22m[49m: Unity.ILPP.Runner.PostProcessingAssemblyLoadContext[0]
      Resolved Unity.Burst.Cecil, Version=0.11.4.0, Culture=neutral, PublicKeyToken=50cebf1cceb9d05e with Library/PackageCache/com.unity.burst@07790c2d06d9/Unity.Burst.CodeGen/Unity.Burst.Cecil.dll
[40m[32minfo[39m[22m[49m: Unity.ILPP.Runner.PostProcessingAssemblyLoadContext[0]
      Resolved Mono.Cecil, Version=0.11.5.0, Culture=neutral, PublicKeyToken=50cebf1cceb9d05e with Library/PackageCache/com.unity.nuget.mono-cecil@ecb9724e46ff/Mono.Cecil.dll
[40m[32minfo[39m[22m[49m: Unity.ILPP.Runner.PostProcessingAssemblyLoadContext[0]
      Resolved Unity.Entities, Version=0.0.0.0, Culture=neutral, PublicKeyToken=null with Library/Bee/artifacts/StandaloneLinux64_CodeGen/Unity.Entities.dll
[40m[32minfo[39m[22m[49m: Microsoft.AspNetCore.Routing.EndpointMiddleware[1]
      Executed endpoint 'gRPC - /UnityILPP.PostProcessing/ConfigurePostProcessors'
[40m[32minfo[39m[22m[49m: Microsoft.AspNetCore.Hosting.Diagnostics[2]
      Request finished HTTP/2 POST http://ilpp/UnityILPP.PostProcessing/ConfigurePostProcessors application/grpc - - 200 - application/grpc 5.0055ms
[40m[32minfo[39m[22m[49m: Microsoft.AspNetCore.Hosting.Diagnostics[1]
      Request starting HTTP/2 POST http://ilpp/UnityILPP.PostProcessing/PostProcessAssembly application/grpc -
[40m[32minfo[39m[22m[49m: Microsoft.AspNetCore.Routing.EndpointMiddleware[0]
      Executing endpoint 'gRPC - /UnityILPP.PostProcessing/PostProcessAssembly'
[40m[32minfo[39m[22m[49m: Microsoft.AspNetCore.Hosting.Diagnostics[1]
      Request starting HTTP/2 POST http://ilpp/UnityILPP.PostProcessing/PostProcessAssembly application/grpc -
[40m[32minfo[39m[22m[49m: Microsoft.AspNetCore.Routing.EndpointMiddleware[0]
      Executing endpoint 'gRPC - /UnityILPP.PostProcessing/PostProcessAssembly'
[40m[32minfo[39m[22m[49m: Microsoft.AspNetCore.Hosting.Diagnostics[1]
      Request starting HTTP/2 POST http://ilpp/UnityILPP.PostProcessing/PostProcessAssembly application/grpc -
[40m[32minfo[39m[22m[49m: Microsoft.AspNetCore.Routing.EndpointMiddleware[0]
      Executing endpoint 'gRPC - /UnityILPP.PostProcessing/PostProcessAssembly'
[40m[32minfo[39m[22m[49m: Microsoft.AspNetCore.Hosting.Diagnostics[1]
      Request starting HTTP/2 POST http://ilpp/UnityILPP.PostProcessing/PostProcessAssembly application/grpc -
[40m[32minfo[39m[22m[49m: Microsoft.AspNetCore.Routing.EndpointMiddleware[0]
      Executing endpoint 'gRPC - /UnityILPP.PostProcessing/PostProcessAssembly'
[40m[32minfo[39m[22m[49m: Microsoft.AspNetCore.Hosting.Diagnostics[1]
      Request starting HTTP/2 POST http://ilpp/UnityILPP.PostProcessing/PostProcessAssembly application/grpc -
[40m[32minfo[39m[22m[49m: Microsoft.AspNetCore.Hosting.Diagnostics[1]
      Request starting HTTP/2 POST http://ilpp/UnityILPP.PostProcessing/PostProcessAssembly application/grpc -
[40m[32minfo[39m[22m[49m: Microsoft.AspNetCore.Hosting.Diagnostics[1]
      Request starting HTTP/2 POST http://ilpp/UnityILPP.PostProcessing/PostProcessAssembly application/grpc -
[40m[32minfo[39m[22m[49m: Microsoft.AspNetCore.Routing.EndpointMiddleware[0]
      Executing endpoint 'gRPC - /UnityILPP.PostProcessing/PostProcessAssembly'
[40m[32minfo[39m[22m[49m: Microsoft.AspNetCore.Hosting.Diagnostics[1]
      Request starting HTTP/2 POST http://ilpp/UnityILPP.PostProcessing/PostProcessAssembly application/grpc -
[40m[32minfo[39m[22m[49m: Microsoft.AspNetCore.Routing.EndpointMiddleware[0]
      Executing endpoint 'gRPC - /UnityILPP.PostProcessing/PostProcessAssembly'
[40m[32minfo[39m[22m[49m: Microsoft.AspNetCore.Routing.EndpointMiddleware[0]
      Executing endpoint 'gRPC - /UnityILPP.PostProcessing/PostProcessAssembly'
[40m[32minfo[39m[22m[49m: Microsoft.AspNetCore.Routing.EndpointMiddleware[0]
      Executing endpoint 'gRPC - /UnityILPP.PostProcessing/PostProcessAssembly'
[40m[32minfo[39m[22m[49m: Unity.ILPP.Runner.PostProcessingPipeline[0]
      Processing assembly Library/Bee/artifacts/2400b0aP.dag/Unity.Entities.UI.dll, with 113 defines and 176 references
[40m[32minfo[39m[22m[49m: Unity.ILPP.Runner.PostProcessingPipeline[0]
      Processing assembly Library/Bee/artifacts/2400b0aP.dag/Unity.Burst.dll, with 113 defines and 173 references
[40m[32minfo[39m[22m[49m: Unity.ILPP.Runner.PostProcessingPipeline[0]
      Processing assembly Library/Bee/artifacts/2400b0aP.dag/GameCore.Rules.Cards.dll, with 113 defines and 127 references
[40m[32minfo[39m[22m[49m: Unity.ILPP.Runner.PostProcessingPipeline[0]
      Processing assembly Library/Bee/artifacts/2400b0aP.dag/GameCore.Derivation.Fixtures.dll, with 113 defines and 128 references
[40m[32minfo[39m[22m[49m: Unity.ILPP.Runner.PostProcessingPipeline[0]
      Processing assembly Library/Bee/artifacts/2400b0aP.dag/Unity.Serialization.dll, with 113 defines and 179 references
[40m[32minfo[39m[22m[49m: Unity.ILPP.Runner.PostProcessingPipeline[0]
      Processing assembly Library/Bee/artifacts/2400b0aP.dag/Unity.ScriptableBuildPipeline.dll, with 113 defines and 176 references
[40m[32minfo[39m[22m[49m: Unity.ILPP.Runner.PostProcessingPipeline[0]
      Processing assembly Library/Bee/artifacts/2400b0aP.dag/GameCore.Rules.Narrative.dll, with 113 defines and 127 references
[40m[32minfo[39m[22m[49m: Unity.ILPP.Runner.PostProcessingPipeline[0]
      Processing assembly Library/Bee/artifacts/2400b0aP.dag/Unity.Mathematics.Extensions.dll, with 113 defines and 179 references
[40m[32minfo[39m[22m[49m: Unity.ILPP.Runner.PostProcessingPipeline[0]
      processors: Unity.Entities.CodeGen.EntitiesILPostProcessors, Unity.Jobs.CodeGen.JobsILPostProcessor, zzzUnity.Burst.CodeGen.BurstILPostProcessor
[40m[32minfo[39m[22m[49m: Unity.ILPP.Runner.PostProcessingPipeline[0]
      processors: Unity.Entities.CodeGen.EntitiesILPostProcessors, Unity.Jobs.CodeGen.JobsILPostProcessor, zzzUnity.Burst.CodeGen.BurstILPostProcessor
[40m[32minfo[39m[22m[49m: Unity.ILPP.Runner.PostProcessingPipeline[0]
      processors: Unity.Entities.CodeGen.EntitiesILPostProcessors, Unity.Jobs.CodeGen.JobsILPostProcessor, zzzUnity.Burst.CodeGen.BurstILPostProcessor
[40m[32minfo[39m[22m[49m: Unity.ILPP.Runner.PostProcessingPipeline[0]
      processors: Unity.Entities.CodeGen.EntitiesILPostProcessors, Unity.Jobs.CodeGen.JobsILPostProcessor, zzzUnity.Burst.CodeGen.BurstILPostProcessor
[40m[32minfo[39m[22m[49m: Unity.ILPP.Runner.PostProcessingPipeline[0]
      processors: Unity.Entities.CodeGen.EntitiesILPostProcessors, Unity.Jobs.CodeGen.JobsILPostProcessor, zzzUnity.Burst.CodeGen.BurstILPostProcessor
[40m[32minfo[39m[22m[49m: Unity.ILPP.Runner.PostProcessingPipeline[0]
      processors: Unity.Entities.CodeGen.EntitiesILPostProcessors, Unity.Jobs.CodeGen.JobsILPostProcessor, zzzUnity.Burst.CodeGen.BurstILPostProcessor
[40m[32minfo[39m[22m[49m: Unity.ILPP.Runner.PostProcessingPipeline[0]
      processors: Unity.Entities.CodeGen.EntitiesILPostProcessors, Unity.Jobs.CodeGen.JobsILPostProcessor, zzzUnity.Burst.CodeGen.BurstILPostProcessor
[40m[32minfo[39m[22m[49m: Unity.ILPP.Runner.PostProcessingPipeline[0]
      processors: Unity.Entities.CodeGen.EntitiesILPostProcessors, Unity.Jobs.CodeGen.JobsILPostProcessor, zzzUnity.Burst.CodeGen.BurstILPostProcessor
[40m[32minfo[39m[22m[49m: Microsoft.AspNetCore.Hosting.Diagnostics[1]
      Request starting HTTP/2 POST http://ilpp/UnityILPP.PostProcessing/PostProcessAssembly application/grpc -
[40m[32minfo[39m[22m[49m: Microsoft.AspNetCore.Routing.EndpointMiddleware[0]
      Executing endpoint 'gRPC - /UnityILPP.PostProcessing/PostProcessAssembly'
[40m[32minfo[39m[22m[49m: Microsoft.AspNetCore.Hosting.Diagnostics[1]
      Request starting HTTP/2 POST http://ilpp/UnityILPP.PostProcessing/PostProcessAssembly application/grpc -
[40m[32minfo[39m[22m[49m: Microsoft.AspNetCore.Hosting.Diagnostics[1]
      Request starting HTTP/2 POST http://ilpp/UnityILPP.PostProcessing/PostProcessAssembly application/grpc -
[40m[32minfo[39m[22m[49m: Microsoft.AspNetCore.Routing.EndpointMiddleware[0]
      Executing endpoint 'gRPC - /UnityILPP.PostProcessing/PostProcessAssembly'
[40m[32minfo[39m[22m[49m: Microsoft.AspNetCore.Routing.EndpointMiddleware[0]
      Executing endpoint 'gRPC - /UnityILPP.PostProcessing/PostProcessAssembly'
[40m[32minfo[39m[22m[49m: Unity.ILPP.Runner.PostProcessingPipeline[0]
      Processing assembly Library/Bee/artifacts/2400b0aP.dag/GameCore.Composition.dll, with 113 defines and 127 references
[40m[32minfo[39m[22m[49m: Unity.ILPP.Runner.PostProcessingPipeline[0]
      processors: Unity.Entities.CodeGen.EntitiesILPostProcessors, Unity.Jobs.CodeGen.JobsILPostProcessor, zzzUnity.Burst.CodeGen.BurstILPostProcessor
[40m[32minfo[39m[22m[49m: Unity.ILPP.Runner.PostProcessingPipeline[0]
      Processing assembly Library/Bee/artifacts/2400b0aP.dag/GameCore.Planning.dll, with 113 defines and 127 references
[40m[32minfo[39m[22m[49m: Unity.ILPP.Runner.PostProcessingPipeline[0]
      processors: Unity.Entities.CodeGen.EntitiesILPostProcessors, Unity.Jobs.CodeGen.JobsILPostProcessor, zzzUnity.Burst.CodeGen.BurstILPostProcessor
[40m[32minfo[39m[22m[49m: Microsoft.AspNetCore.Hosting.Diagnostics[1]
      Request starting HTTP/2 POST http://ilpp/UnityILPP.PostProcessing/PostProcessAssembly application/grpc -
[40m[32minfo[39m[22m[49m: Microsoft.AspNetCore.Routing.EndpointMiddleware[0]
      Executing endpoint 'gRPC - /UnityILPP.PostProcessing/PostProcessAssembly'
[40m[32minfo[39m[22m[49m: Unity.ILPP.Runner.PostProcessingPipeline[0]
      Processing assembly Library/Bee/artifacts/2400b0aP.dag/Unity.Mathematics.dll, with 113 defines and 176 references
[40m[32minfo[39m[22m[49m: Unity.ILPP.Runner.PostProcessingPipeline[0]
      processors: Unity.Entities.CodeGen.EntitiesILPostProcessors, Unity.Jobs.CodeGen.JobsILPostProcessor, zzzUnity.Burst.CodeGen.BurstILPostProcessor
[40m[32minfo[39m[22m[49m: Microsoft.AspNetCore.Hosting.Diagnostics[1]
      Request starting HTTP/2 POST http://ilpp/UnityILPP.PostProcessing/PostProcessAssembly application/grpc -
[40m[32minfo[39m[22m[49m: Microsoft.AspNetCore.Routing.EndpointMiddleware[0]
      Executing endpoint 'gRPC - /UnityILPP.PostProcessing/PostProcessAssembly'
[40m[32minfo[39m[22m[49m: Unity.ILPP.Runner.PostProcessingPipeline[0]
      Processing assembly Library/Bee/artifacts/2400b0aP.dag/GameCore.Derivation.dll, with 113 defines and 127 references
[40m[32minfo[39m[22m[49m: Unity.ILPP.Runner.PostProcessingPipeline[0]
      processors: Unity.Entities.CodeGen.EntitiesILPostProcessors, Unity.Jobs.CodeGen.JobsILPostProcessor, zzzUnity.Burst.CodeGen.BurstILPostProcessor
[40m[32minfo[39m[22m[49m: Unity.ILPP.Runner.PostProcessingPipeline[0]
      Processing assembly Library/Bee/artifacts/2400b0aP.dag/Unity.InternalAPIEngineBridge.002.dll, with 113 defines and 176 references
[40m[32minfo[39m[22m[49m: Unity.ILPP.Runner.PostProcessingPipeline[0]
      processors: Unity.Entities.CodeGen.EntitiesILPostProcessors, Unity.Jobs.CodeGen.JobsILPostProcessor, zzzUnity.Burst.CodeGen.BurstILPostProcessor
[40m[32minfo[39m[22m[49m: Unity.ILPP.Runner.PostProcessingPipeline[0]
      running Unity.Entities.CodeGen.EntitiesILPostProcessors
[40m[32minfo[39m[22m[49m: Unity.ILPP.Runner.PostProcessingPipeline[0]
      running Unity.Jobs.CodeGen.JobsILPostProcessor
[40m[32minfo[39m[22m[49m: Unity.ILPP.Runner.PostProcessingPipeline[0]
      running Unity.Entities.CodeGen.EntitiesILPostProcessors
[40m[32minfo[39m[22m[49m: Unity.ILPP.Runner.PostProcessingPipeline[0]
      running Unity.Entities.CodeGen.EntitiesILPostProcessors
[40m[32minfo[39m[22m[49m: Unity.ILPP.Runner.PostProcessingPipeline[0]
      running Unity.Jobs.CodeGen.JobsILPostProcessor
[40m[32minfo[39m[22m[49m: Unity.ILPP.Runner.PostProcessingPipeline[0]
      running Unity.Jobs.CodeGen.JobsILPostProcessor
[40m[32minfo[39m[22m[49m: Unity.ILPP.Runner.PostProcessingPipeline[0]
      running zzzUnity.Burst.CodeGen.BurstILPostProcessor
[40m[32minfo[39m[22m[49m: Unity.ILPP.Runner.PostProcessingPipeline[0]
      running zzzUnity.Burst.CodeGen.BurstILPostProcessor
[40m[32minfo[39m[22m[49m: Unity.ILPP.Runner.PostProcessingPipeline[0]
      running Unity.Entities.CodeGen.EntitiesILPostProcessors
[40m[32minfo[39m[22m[49m: Unity.ILPP.Runner.PostProcessingPipeline[0]
      running Unity.Jobs.CodeGen.JobsILPostProcessor
[40m[32minfo[39m[22m[49m: Unity.ILPP.Runner.PostProcessingPipeline[0]
      running zzzUnity.Burst.CodeGen.BurstILPostProcessor
[40m[32minfo[39m[22m[49m: Unity.ILPP.Runner.PostProcessingPipeline[0]
      running Unity.Entities.CodeGen.EntitiesILPostProcessors
[40m[32minfo[39m[22m[49m: Unity.ILPP.Runner.PostProcessingPipeline[0]
      running Unity.Jobs.CodeGen.JobsILPostProcessor
[40m[32minfo[39m[22m[49m: Unity.ILPP.Runner.PostProcessingPipeline[0]
      running Unity.Entities.CodeGen.EntitiesILPostProcessors
[40m[32minfo[39m[22m[49m: Unity.ILPP.Runner.PostProcessingPipeline[0]
      running zzzUnity.Burst.CodeGen.BurstILPostProcessor
[40m[32minfo[39m[22m[49m: Unity.ILPP.Runner.PostProcessingPipeline[0]
      running Unity.Jobs.CodeGen.JobsILPostProcessor
[40m[32minfo[39m[22m[49m: Unity.ILPP.Runner.PostProcessingPipeline[0]
      running zzzUnity.Burst.CodeGen.BurstILPostProcessor
[40m[32minfo[39m[22m[49m: Unity.ILPP.Runner.PostProcessingPipeline[0]
      running Unity.Entities.CodeGen.EntitiesILPostProcessors
[40m[32minfo[39m[22m[49m: Unity.ILPP.Runner.PostProcessingPipeline[0]
      running Unity.Jobs.CodeGen.JobsILPostProcessor
[40m[32minfo[39m[22m[49m: Unity.ILPP.Runner.PostProcessingPipeline[0]
      running zzzUnity.Burst.CodeGen.BurstILPostProcessor
[40m[32minfo[39m[22m[49m: Unity.ILPP.Runner.PostProcessingPipeline[0]
      running Unity.Entities.CodeGen.EntitiesILPostProcessors
[40m[32minfo[39m[22m[49m: Unity.ILPP.Runner.PostProcessingPipeline[0]
      running Unity.Jobs.CodeGen.JobsILPostProcessor
[40m[32minfo[39m[22m[49m: Unity.ILPP.Runner.PostProcessingPipeline[0]
      running zzzUnity.Burst.CodeGen.BurstILPostProcessor
[40m[32minfo[39m[22m[49m: Unity.ILPP.Runner.PostProcessingPipeline[0]
      running Unity.Entities.CodeGen.EntitiesILPostProcessors
[40m[32minfo[39m[22m[49m: Unity.ILPP.Runner.PostProcessingPipeline[0]
      running Unity.Jobs.CodeGen.JobsILPostProcessor
[40m[32minfo[39m[22m[49m: Unity.ILPP.Runner.PostProcessingPipeline[0]
      running zzzUnity.Burst.CodeGen.BurstILPostProcessor
[40m[32minfo[39m[22m[49m: Unity.ILPP.Runner.PostProcessingPipeline[0]
      running Unity.Entities.CodeGen.EntitiesILPostProcessors
[40m[32minfo[39m[22m[49m: Unity.ILPP.Runner.PostProcessingPipeline[0]
      running Unity.Jobs.CodeGen.JobsILPostProcessor
[40m[32minfo[39m[22m[49m: Unity.ILPP.Runner.PostProcessingPipeline[0]
      running zzzUnity.Burst.CodeGen.BurstILPostProcessor
[40m[32minfo[39m[22m[49m: Unity.ILPP.Runner.PostProcessingPipeline[0]
      running Unity.Entities.CodeGen.EntitiesILPostProcessors
[40m[32minfo[39m[22m[49m: Unity.ILPP.Runner.PostProcessingPipeline[0]
      running Unity.Jobs.CodeGen.JobsILPostProcessor
[40m[32minfo[39m[22m[49m: Unity.ILPP.Runner.PostProcessingPipeline[0]
      running zzzUnity.Burst.CodeGen.BurstILPostProcessor
[40m[32minfo[39m[22m[49m: Unity.ILPP.Runner.PostProcessingAssemblyLoadContext[0]
      Resolved Unity.Collections, Version=0.0.0.0, Culture=neutral, PublicKeyToken=null with Library/Bee/artifacts/StandaloneLinux64_CodeGen/Unity.Collections.dll
[40m[32minfo[39m[22m[49m: Unity.ILPP.Runner.PostProcessingPipeline[0]
      running Unity.Entities.CodeGen.EntitiesILPostProcessors
[40m[32minfo[39m[22m[49m: Unity.ILPP.Runner.PostProcessingPipeline[0]
      running Unity.Jobs.CodeGen.JobsILPostProcessor
[40m[32minfo[39m[22m[49m: Unity.ILPP.Runner.PostProcessingPipeline[0]
      running Unity.Entities.CodeGen.EntitiesILPostProcessors
[40m[32minfo[39m[22m[49m: Unity.ILPP.Runner.PostProcessingPipeline[0]
      running Unity.Jobs.CodeGen.JobsILPostProcessor
[40m[32minfo[39m[22m[49m: Unity.ILPP.Runner.PostProcessingPipeline[0]
      running zzzUnity.Burst.CodeGen.BurstILPostProcessor
[40m[32minfo[39m[22m[49m: Microsoft.AspNetCore.Hosting.Diagnostics[1]
      Request starting HTTP/2 POST http://ilpp/UnityILPP.PostProcessing/PostProcessAssembly application/grpc -
[40m[32minfo[39m[22m[49m: Microsoft.AspNetCore.Hosting.Diagnostics[1]
      Request starting HTTP/2 POST http://ilpp/UnityILPP.PostProcessing/PostProcessAssembly application/grpc -
[40m[32minfo[39m[22m[49m: Microsoft.AspNetCore.Routing.EndpointMiddleware[0]
      Executing endpoint 'gRPC - /UnityILPP.PostProcessing/PostProcessAssembly'
[40m[32minfo[39m[22m[49m: Microsoft.AspNetCore.Routing.EndpointMiddleware[0]
      Executing endpoint 'gRPC - /UnityILPP.PostProcessing/PostProcessAssembly'
[40m[32minfo[39m[22m[49m: Unity.ILPP.Runner.PostProcessingPipeline[0]
      Processing assembly Library/Bee/artifacts/2400b0aP.dag/GameCore.Contracts.dll, with 113 defines and 126 references
[40m[32minfo[39m[22m[49m: Unity.ILPP.Runner.PostProcessingPipeline[0]
      Processing assembly Library/Bee/artifacts/2400b0aP.dag/Unity.Mathematics.Extensions.Hybrid.dll, with 113 defines and 180 references
[40m[32minfo[39m[22m[49m: Unity.ILPP.Runner.PostProcessingPipeline[0]
      processors: Unity.Entities.CodeGen.EntitiesILPostProcessors, Unity.Jobs.CodeGen.JobsILPostProcessor, zzzUnity.Burst.CodeGen.BurstILPostProcessor
[40m[32minfo[39m[22m[49m: Unity.ILPP.Runner.PostProcessingPipeline[0]
      processors: Unity.Entities.CodeGen.EntitiesILPostProcessors, Unity.Jobs.CodeGen.JobsILPostProcessor, zzzUnity.Burst.CodeGen.BurstILPostProcessor
[40m[32minfo[39m[22m[49m: Unity.ILPP.Runner.PostProcessingPipeline[0]
      running Unity.Entities.CodeGen.EntitiesILPostProcessors
[40m[32minfo[39m[22m[49m: Unity.ILPP.Runner.PostProcessingPipeline[0]
      running Unity.Jobs.CodeGen.JobsILPostProcessor
[40m[32minfo[39m[22m[49m: Unity.ILPP.Runner.PostProcessingPipeline[0]
      running Unity.Entities.CodeGen.EntitiesILPostProcessors
[40m[32minfo[39m[22m[49m: Unity.ILPP.Runner.PostProcessingPipeline[0]
      running Unity.Jobs.CodeGen.JobsILPostProcessor
[40m[32minfo[39m[22m[49m: Unity.ILPP.Runner.PostProcessingPipeline[0]
      running zzzUnity.Burst.CodeGen.BurstILPostProcessor
[40m[32minfo[39m[22m[49m: Microsoft.AspNetCore.Routing.EndpointMiddleware[1]
      Executed endpoint 'gRPC - /UnityILPP.PostProcessing/PostProcessAssembly'
[40m[32minfo[39m[22m[49m: Microsoft.AspNetCore.Routing.EndpointMiddleware[1]
      Executed endpoint 'gRPC - /UnityILPP.PostProcessing/PostProcessAssembly'
[40m[32minfo[39m[22m[49m: Microsoft.AspNetCore.Hosting.Diagnostics[1]
      Request starting HTTP/2 POST http://ilpp/UnityILPP.PostProcessing/PostProcessAssembly application/grpc -
[40m[32minfo[39m[22m[49m: Microsoft.AspNetCore.Hosting.Diagnostics[1]
      Request starting HTTP/2 POST http://ilpp/UnityILPP.PostProcessing/PostProcessAssembly application/grpc -
[40m[32minfo[39m[22m[49m: Microsoft.AspNetCore.Hosting.Diagnostics[1]
      Request starting HTTP/2 POST http://ilpp/UnityILPP.PostProcessing/PostProcessAssembly application/grpc -
[40m[32minfo[39m[22m[49m: Microsoft.AspNetCore.Routing.EndpointMiddleware[1]
      Executed endpoint 'gRPC - /UnityILPP.PostProcessing/PostProcessAssembly'
[40m[32minfo[39m[22m[49m: Microsoft.AspNetCore.Routing.EndpointMiddleware[1]
      Executed endpoint 'gRPC - /UnityILPP.PostProcessing/PostProcessAssembly'
[40m[32minfo[39m[22m[49m: Microsoft.AspNetCore.Routing.EndpointMiddleware[1]
      Executed endpoint 'gRPC - /UnityILPP.PostProcessing/PostProcessAssembly'
[40m[32minfo[39m[22m[49m: Microsoft.AspNetCore.Routing.EndpointMiddleware[0]
      Executing endpoint 'gRPC - /UnityILPP.PostProcessing/PostProcessAssembly'
[40m[32minfo[39m[22m[49m: Microsoft.AspNetCore.Routing.EndpointMiddleware[1]
      Executed endpoint 'gRPC - /UnityILPP.PostProcessing/PostProcessAssembly'
[40m[32minfo[39m[22m[49m: Microsoft.AspNetCore.Routing.EndpointMiddleware[1]
      Executed endpoint 'gRPC - /UnityILPP.PostProcessing/PostProcessAssembly'
[40m[32minfo[39m[22m[49m: Microsoft.AspNetCore.Routing.EndpointMiddleware[0]
      Executing endpoint 'gRPC - /UnityILPP.PostProcessing/PostProcessAssembly'
[40m[32minfo[39m[22m[49m: Microsoft.AspNetCore.Routing.EndpointMiddleware[0]
      Executing endpoint 'gRPC - /UnityILPP.PostProcessing/PostProcessAssembly'
[40m[32minfo[39m[22m[49m: Unity.ILPP.Runner.PostProcessingPipeline[0]
      Processing assembly Library/Bee/artifacts/2400b0aP.dag/Unity.Collections.dll, with 115 defines and 178 references
[40m[32minfo[39m[22m[49m: Unity.ILPP.Runner.PostProcessingPipeline[0]
      processors: Unity.Entities.CodeGen.EntitiesILPostProcessors, Unity.Jobs.CodeGen.JobsILPostProcessor, zzzUnity.Burst.CodeGen.BurstILPostProcessor
[40m[32minfo[39m[22m[49m: Microsoft.AspNetCore.Routing.EndpointMiddleware[1]
      Executed endpoint 'gRPC - /UnityILPP.PostProcessing/PostProcessAssembly'
[40m[32minfo[39m[22m[49m: Microsoft.AspNetCore.Routing.EndpointMiddleware[1]
      Executed endpoint 'gRPC - /UnityILPP.PostProcessing/PostProcessAssembly'
[40m[32minfo[39m[22m[49m: Microsoft.AspNetCore.Routing.EndpointMiddleware[1]
      Executed endpoint 'gRPC - /UnityILPP.PostProcessing/PostProcessAssembly'
[40m[32minfo[39m[22m[49m: Microsoft.AspNetCore.Hosting.Diagnostics[2]
      Request finished HTTP/2 POST http://ilpp/UnityILPP.PostProcessing/PostProcessAssembly application/grpc - - 200 - application/grpc 16.4019ms
[40m[32minfo[39m[22m[49m: Microsoft.AspNetCore.Hosting.Diagnostics[2]
      Request finished HTTP/2 POST http://ilpp/UnityILPP.PostProcessing/PostProcessAssembly application/grpc - - 200 - application/grpc 16.4451ms
[40m[32minfo[39m[22m[49m: Microsoft.AspNetCore.Hosting.Diagnostics[2]
      Request finished HTTP/2 POST http://ilpp/UnityILPP.PostProcessing/PostProcessAssembly application/grpc - - 200 - application/grpc 30.4432ms
[40m[32minfo[39m[22m[49m: Microsoft.AspNetCore.Hosting.Diagnostics[2]
      Request finished HTTP/2 POST http://ilpp/UnityILPP.PostProcessing/PostProcessAssembly application/grpc - - 200 - application/grpc 29.2638ms
[40m[32minfo[39m[22m[49m: Microsoft.AspNetCore.Hosting.Diagnostics[2]
      Request finished HTTP/2 POST http://ilpp/UnityILPP.PostProcessing/PostProcessAssembly application/grpc - - 200 - application/grpc 29.2579ms
[40m[32minfo[39m[22m[49m: Microsoft.AspNetCore.Routing.EndpointMiddleware[1]
      Executed endpoint 'gRPC - /UnityILPP.PostProcessing/PostProcessAssembly'
[40m[32minfo[39m[22m[49m: Microsoft.AspNetCore.Hosting.Diagnostics[2]
      Request finished HTTP/2 POST http://ilpp/UnityILPP.PostProcessing/PostProcessAssembly application/grpc - - 200 - application/grpc 29.1925ms
[40m[32minfo[39m[22m[49m: Unity.ILPP.Runner.PostProcessingPipeline[0]
      running Unity.Entities.CodeGen.EntitiesILPostProcessors
[40m[32minfo[39m[22m[49m: Microsoft.AspNetCore.Hosting.Diagnostics[2]
      Request finished HTTP/2 POST http://ilpp/UnityILPP.PostProcessing/PostProcessAssembly application/grpc - - 200 - application/grpc 4.7480ms
[40m[32minfo[39m[22m[49m: Microsoft.AspNetCore.Hosting.Diagnostics[2]
      Request finished HTTP/2 POST http://ilpp/UnityILPP.PostProcessing/PostProcessAssembly application/grpc - - 200 - application/grpc 18.5106ms
[40m[32minfo[39m[22m[49m: Unity.ILPP.Runner.PostProcessingPipeline[0]
      running Unity.Jobs.CodeGen.JobsILPostProcessor
[40m[32minfo[39m[22m[49m: Microsoft.AspNetCore.Hosting.Diagnostics[2]
      Request finished HTTP/2 POST http://ilpp/UnityILPP.PostProcessing/PostProcessAssembly application/grpc - - 200 - application/grpc 31.2367ms
[40m[32minfo[39m[22m[49m: Unity.ILPP.Runner.PostProcessingPipeline[0]
      Processing assembly Library/Bee/artifacts/2400b0aP.dag/Unity.Entities.dll, with 117 defines and 182 references
[40m[32minfo[39m[22m[49m: Microsoft.AspNetCore.Hosting.Diagnostics[2]
      Request finished HTTP/2 POST http://ilpp/UnityILPP.PostProcessing/PostProcessAssembly application/grpc - - 200 - application/grpc 15.7331ms
[40m[32minfo[39m[22m[49m: Unity.ILPP.Runner.PostProcessingPipeline[0]
      processors: Unity.Entities.CodeGen.EntitiesILPostProcessors, Unity.Jobs.CodeGen.JobsILPostProcessor, zzzUnity.Burst.CodeGen.BurstILPostProcessor
[40m[32minfo[39m[22m[49m: Microsoft.AspNetCore.Hosting.Diagnostics[2]
      Request finished HTTP/2 POST http://ilpp/UnityILPP.PostProcessing/PostProcessAssembly application/grpc - - 200 - application/grpc 15.9066ms
[40m[32minfo[39m[22m[49m: Unity.ILPP.Runner.PostProcessingPipeline[0]
      Processing assembly Library/Bee/artifacts/2400b0aP.dag/Unity.Profiling.Core.dll, with 113 defines and 176 references
[40m[32minfo[39m[22m[49m: Unity.ILPP.Runner.PostProcessingPipeline[0]
      processors: Unity.Entities.CodeGen.EntitiesILPostProcessors, Unity.Jobs.CodeGen.JobsILPostProcessor, zzzUnity.Burst.CodeGen.BurstILPostProcessor
[40m[32minfo[39m[22m[49m: Unity.ILPP.Runner.PostProcessingPipeline[0]
      running Unity.Entities.CodeGen.EntitiesILPostProcessors
[40m[32minfo[39m[22m[49m: Unity.ILPP.Runner.PostProcessingPipeline[0]
      running Unity.Jobs.CodeGen.JobsILPostProcessor
[40m[32minfo[39m[22m[49m: Unity.ILPP.Runner.PostProcessingPipeline[0]
      running zzzUnity.Burst.CodeGen.BurstILPostProcessor
[40m[32minfo[39m[22m[49m: Microsoft.AspNetCore.Routing.EndpointMiddleware[1]
      Executed endpoint 'gRPC - /UnityILPP.PostProcessing/PostProcessAssembly'
[40m[32minfo[39m[22m[49m: Microsoft.AspNetCore.Hosting.Diagnostics[2]
      Request finished HTTP/2 POST http://ilpp/UnityILPP.PostProcessing/PostProcessAssembly application/grpc - - 200 - application/grpc 4.8180ms
[40m[32minfo[39m[22m[49m: Unity.ILPP.Runner.PostProcessingPipeline[0]
      running Unity.Entities.CodeGen.EntitiesILPostProcessors
[40m[32minfo[39m[22m[49m: Unity.ILPP.Runner.PostProcessingAssemblyLoadContext[0]
      Resolved Mono.Cecil.Rocks, Version=0.11.5.0, Culture=neutral, PublicKeyToken=50cebf1cceb9d05e with Library/PackageCache/com.unity.nuget.mono-cecil@ecb9724e46ff/Mono.Cecil.Rocks.dll
[40m[32minfo[39m[22m[49m: Unity.ILPP.Runner.PostProcessingAssemblyLoadContext[0]
      Resolved UnityEngine.CoreModule, Version=0.0.0.0, Culture=neutral, PublicKeyToken=null with /home/worlesenric/Unity/Hub/Editor/6000.0.75f1/Editor/Data/Managed/UnityEngine/UnityEngine.CoreModule.dll
[40m[32minfo[39m[22m[49m: Unity.ILPP.Runner.PostProcessingAssemblyLoadContext[0]
      Resolved Unity.Burst, Version=0.0.0.0, Culture=neutral, PublicKeyToken=null with Library/Bee/artifacts/StandaloneLinux64_CodeGen/Unity.Burst.dll
[40m[32minfo[39m[22m[49m: Microsoft.AspNetCore.Hosting.Diagnostics[1]
      Request starting HTTP/2 POST http://ilpp/UnityILPP.PostProcessing/PostProcessAssembly application/grpc -
[40m[32minfo[39m[22m[49m: Microsoft.AspNetCore.Routing.EndpointMiddleware[0]
      Executing endpoint 'gRPC - /UnityILPP.PostProcessing/PostProcessAssembly'
[40m[32minfo[39m[22m[49m: Unity.ILPP.Runner.PostProcessingPipeline[0]
      Processing assembly Library/Bee/artifacts/2400b0aP.dag/Unity.Transforms.dll, with 113 defines and 180 references
[40m[32minfo[39m[22m[49m: Unity.ILPP.Runner.PostProcessingPipeline[0]
      processors: Unity.Entities.CodeGen.EntitiesILPostProcessors, Unity.Jobs.CodeGen.JobsILPostProcessor, zzzUnity.Burst.CodeGen.BurstILPostProcessor
[40m[32minfo[39m[22m[49m: Unity.ILPP.Runner.PostProcessingPipeline[0]
      running Unity.Entities.CodeGen.EntitiesILPostProcessors
[40m[32minfo[39m[22m[49m: Microsoft.AspNetCore.Hosting.Diagnostics[1]
      Request starting HTTP/2 POST http://ilpp/UnityILPP.PostProcessing/PostProcessAssembly application/grpc -
[40m[32minfo[39m[22m[49m: Microsoft.AspNetCore.Routing.EndpointMiddleware[0]
      Executing endpoint 'gRPC - /UnityILPP.PostProcessing/PostProcessAssembly'
[40m[32minfo[39m[22m[49m: Unity.ILPP.Runner.PostProcessingPipeline[0]
      Processing assembly Library/Bee/artifacts/2400b0aP.dag/Unity.Entities.Hybrid.HybridComponents.dll, with 113 defines and 178 references
[40m[32minfo[39m[22m[49m: Unity.ILPP.Runner.PostProcessingPipeline[0]
      processors: Unity.Entities.CodeGen.EntitiesILPostProcessors, Unity.Jobs.CodeGen.JobsILPostProcessor, zzzUnity.Burst.CodeGen.BurstILPostProcessor
[40m[32minfo[39m[22m[49m: Unity.ILPP.Runner.PostProcessingPipeline[0]
      running Unity.Entities.CodeGen.EntitiesILPostProcessors
[40m[32minfo[39m[22m[49m: Microsoft.AspNetCore.Hosting.Diagnostics[1]
      Request starting HTTP/2 POST http://ilpp/UnityILPP.PostProcessing/PostProcessAssembly application/grpc -
[40m[32minfo[39m[22m[49m: Microsoft.AspNetCore.Routing.EndpointMiddleware[0]
      Executing endpoint 'gRPC - /UnityILPP.PostProcessing/PostProcessAssembly'
[40m[32minfo[39m[22m[49m: Unity.ILPP.Runner.PostProcessingPipeline[0]
      Processing assembly Library/Bee/artifacts/2400b0aP.dag/Unity.Deformations.dll, with 113 defines and 179 references
[40m[32minfo[39m[22m[49m: Unity.ILPP.Runner.PostProcessingPipeline[0]
      processors: Unity.Entities.CodeGen.EntitiesILPostProcessors, Unity.Jobs.CodeGen.JobsILPostProcessor, zzzUnity.Burst.CodeGen.BurstILPostProcessor
[40m[32minfo[39m[22m[49m: Unity.ILPP.Runner.PostProcessingPipeline[0]
      running Unity.Entities.CodeGen.EntitiesILPostProcessors
[40m[32minfo[39m[22m[49m: Unity.ILPP.Runner.PostProcessingAssemblyLoadContext[0]
      Resolved UnityEditor.CoreModule, Version=0.0.0.0, Culture=neutral, PublicKeyToken=null with /home/worlesenric/Unity/Hub/Editor/6000.0.75f1/Editor/Data/Managed/UnityEngine/UnityEditor.CoreModule.dll
[40m[32minfo[39m[22m[49m: Unity.ILPP.Runner.PostProcessingAssemblyLoadContext[0]
      Resolved Unity.Cecil.Awesome, Version=1.0.0.0, Culture=neutral, PublicKeyToken=null with Library/PackageCache/com.unity.entities@e90944159b94/Unity.Entities.CodeGen/Unity.Cecil.Awesome.dll
[40m[32minfo[39m[22m[49m: Unity.ILPP.Runner.PostProcessingPipeline[0]
      running zzzUnity.Burst.CodeGen.BurstILPostProcessor
[40m[32minfo[39m[22m[49m: Unity.ILPP.Runner.PostProcessingAssemblyLoadContext[0]
      Resolved Unity.Burst.Cecil.Rocks, Version=0.11.4.0, Culture=neutral, PublicKeyToken=50cebf1cceb9d05e with Library/PackageCache/com.unity.burst@07790c2d06d9/Unity.Burst.CodeGen/Unity.Burst.Cecil.Rocks.dll
[40m[32minfo[39m[22m[49m: Microsoft.AspNetCore.Hosting.Diagnostics[1]
      Request starting HTTP/2 POST http://ilpp/UnityILPP.PostProcessing/PostProcessAssembly application/grpc -
[40m[32minfo[39m[22m[49m: Microsoft.AspNetCore.Routing.EndpointMiddleware[0]
      Executing endpoint 'gRPC - /UnityILPP.PostProcessing/PostProcessAssembly'
[40m[32minfo[39m[22m[49m: Unity.ILPP.Runner.PostProcessingPipeline[0]
      Processing assembly Library/Bee/artifacts/2400b0aP.dag/Unity.Scenes.dll, with 113 defines and 182 references
[40m[32minfo[39m[22m[49m: Unity.ILPP.Runner.PostProcessingPipeline[0]
      processors: Unity.Entities.CodeGen.EntitiesILPostProcessors, Unity.Jobs.CodeGen.JobsILPostProcessor, zzzUnity.Burst.CodeGen.BurstILPostProcessor
[40m[32minfo[39m[22m[49m: Unity.ILPP.Runner.PostProcessingPipeline[0]
      running Unity.Entities.CodeGen.EntitiesILPostProcessors
[40m[32minfo[39m[22m[49m: Microsoft.AspNetCore.Routing.EndpointMiddleware[1]
      Executed endpoint 'gRPC - /UnityILPP.PostProcessing/PostProcessAssembly'
[40m[32minfo[39m[22m[49m: Microsoft.AspNetCore.Hosting.Diagnostics[2]
      Request finished HTTP/2 POST http://ilpp/UnityILPP.PostProcessing/PostProcessAssembly application/grpc - - 200 - application/grpc 164.6996ms
[40m[32minfo[39m[22m[49m: Microsoft.AspNetCore.Hosting.Diagnostics[1]
      Request starting HTTP/2 POST http://ilpp/UnityILPP.PostProcessing/PostProcessAssembly application/grpc -
[40m[32minfo[39m[22m[49m: Microsoft.AspNetCore.Routing.EndpointMiddleware[0]
      Executing endpoint 'gRPC - /UnityILPP.PostProcessing/PostProcessAssembly'
[40m[32minfo[39m[22m[49m: Unity.ILPP.Runner.PostProcessingPipeline[0]
      Processing assembly Library/Bee/artifacts/2400b0aP.dag/Unity.Entities.Hybrid.dll, with 114 defines and 184 references
[40m[32minfo[39m[22m[49m: Unity.ILPP.Runner.PostProcessingPipeline[0]
      processors: Unity.Entities.CodeGen.EntitiesILPostProcessors, Unity.Jobs.CodeGen.JobsILPostProcessor, zzzUnity.Burst.CodeGen.BurstILPostProcessor
[40m[32minfo[39m[22m[49m: Unity.ILPP.Runner.PostProcessingPipeline[0]
      running Unity.Entities.CodeGen.EntitiesILPostProcessors
[40m[32minfo[39m[22m[49m: Unity.ILPP.Runner.PostProcessingPipeline[0]
      running zzzUnity.Burst.CodeGen.BurstILPostProcessor
[40m[32minfo[39m[22m[49m: Unity.ILPP.Runner.PostProcessingPipeline[0]
      running zzzUnity.Burst.CodeGen.BurstILPostProcessor
[40m[32minfo[39m[22m[49m: Unity.ILPP.Runner.PostProcessingPipeline[0]
      running zzzUnity.Burst.CodeGen.BurstILPostProcessor
  - EILPP : Unity.Transforms : : 217ms (~92ms)
  - EILPP : Unity.Deformations : : 162ms (~29ms)
    - EILPP : Unity.Transforms : GetAllComponentTypes: 1ms 
    - EILPP : Unity.Deformations : GetAllComponentTypes: 1ms 
    - EILPP : Unity.Transforms : Cloner: 4ms 
    - EILPP : Unity.Deformations : Cloner: 2ms 
    - EILPP : Unity.Transforms : ComponentDataPP: 10ms 
    - EILPP : Unity.Transforms : StaticTypeRegistryPostProcessor: 98ms 
  - EILPP : Unity.Scenes : : 124ms (~49ms)
    - EILPP : Unity.Transforms : WriteAssembly: 12ms 
    - EILPP : Unity.Scenes : Cloner: 1ms 
    - EILPP : Unity.Scenes : ComponentDataPP: 24ms 
    - EILPP : Unity.Scenes : StaticTypeRegistryPostProcessor: 38ms 
    - EILPP : Unity.Scenes : WriteAssembly: 12ms 
  - EILPP : Unity.Entities.Hybrid.HybridComponents : : 206ms (~73ms)
    - EILPP : Unity.Deformations : ComponentDataPP: 11ms 
    - EILPP : Unity.Entities.Hybrid.HybridComponents : GetAllComponentTypes: 1ms 
    - EILPP : Unity.Deformations : StaticTypeRegistryPostProcessor: 98ms 
    - EILPP : Unity.Entities.Hybrid.HybridComponents : Cloner: 2ms 
    - EILPP : Unity.Deformations : WriteAssembly: 21ms 
    - EILPP : Unity.Entities.Hybrid.HybridComponents : ComponentDataPP: 11ms 
    - EILPP : Unity.Entities.Hybrid.HybridComponents : StaticTypeRegistryPostProcessor: 98ms 
[40m[32minfo[39m[22m[49m: Unity.ILPP.Runner.PostProcessingPipeline[0]
      running Unity.Jobs.CodeGen.JobsILPostProcessor
    - EILPP : Unity.Entities.Hybrid.HybridComponents : WriteAssembly: 21ms 
[40m[32minfo[39m[22m[49m: Unity.ILPP.Runner.PostProcessingPipeline[0]
      running Unity.Jobs.CodeGen.JobsILPostProcessor
[40m[32minfo[39m[22m[49m: Unity.ILPP.Runner.PostProcessingPipeline[0]
      running Unity.Jobs.CodeGen.JobsILPostProcessor
[40m[32minfo[39m[22m[49m: Unity.ILPP.Runner.PostProcessingPipeline[0]
      running Unity.Jobs.CodeGen.JobsILPostProcessor
[40m[32minfo[39m[22m[49m: Microsoft.AspNetCore.Routing.EndpointMiddleware[1]
      Executed endpoint 'gRPC - /UnityILPP.PostProcessing/PostProcessAssembly'
[40m[32minfo[39m[22m[49m: Microsoft.AspNetCore.Hosting.Diagnostics[1]
      Request starting HTTP/2 POST http://ilpp/UnityILPP.PostProcessing/PostProcessAssembly application/grpc -
[40m[32minfo[39m[22m[49m: Microsoft.AspNetCore.Hosting.Diagnostics[2]
      Request finished HTTP/2 POST http://ilpp/UnityILPP.PostProcessing/PostProcessAssembly application/grpc - - 200 - application/grpc 426.7137ms
[40m[32minfo[39m[22m[49m: Microsoft.AspNetCore.Routing.EndpointMiddleware[0]
      Executing endpoint 'gRPC - /UnityILPP.PostProcessing/PostProcessAssembly'
[40m[32minfo[39m[22m[49m: Unity.ILPP.Runner.PostProcessingPipeline[0]
      Processing assembly Library/Bee/artifacts/2400b0aP.dag/Unity.Transforms.Hybrid.dll, with 113 defines and 182 references
[40m[32minfo[39m[22m[49m: Unity.ILPP.Runner.PostProcessingPipeline[0]
      processors: Unity.Entities.CodeGen.EntitiesILPostProcessors, Unity.Jobs.CodeGen.JobsILPostProcessor, zzzUnity.Burst.CodeGen.BurstILPostProcessor
[40m[32minfo[39m[22m[49m: Unity.ILPP.Runner.PostProcessingPipeline[0]
      running Unity.Entities.CodeGen.EntitiesILPostProcessors
[40m[32minfo[39m[22m[49m: Unity.ILPP.Runner.PostProcessingPipeline[0]
      running zzzUnity.Burst.CodeGen.BurstILPostProcessor
[40m[32minfo[39m[22m[49m: Unity.ILPP.Runner.PostProcessingPipeline[0]
      running zzzUnity.Burst.CodeGen.BurstILPostProcessor
[40m[32minfo[39m[22m[49m: Microsoft.AspNetCore.Routing.EndpointMiddleware[1]
      Executed endpoint 'gRPC - /UnityILPP.PostProcessing/PostProcessAssembly'
[40m[32minfo[39m[22m[49m: Microsoft.AspNetCore.Hosting.Diagnostics[2]
      Request finished HTTP/2 POST http://ilpp/UnityILPP.PostProcessing/PostProcessAssembly application/grpc - - 200 - application/grpc 277.5622ms
[40m[32minfo[39m[22m[49m: Microsoft.AspNetCore.Routing.EndpointMiddleware[1]
      Executed endpoint 'gRPC - /UnityILPP.PostProcessing/PostProcessAssembly'
[40m[32minfo[39m[22m[49m: Microsoft.AspNetCore.Hosting.Diagnostics[2]
      Request finished HTTP/2 POST http://ilpp/UnityILPP.PostProcessing/PostProcessAssembly application/grpc - - 200 - application/grpc 322.3986ms
[40m[32minfo[39m[22m[49m: Unity.ILPP.Runner.PostProcessingPipeline[0]
      running zzzUnity.Burst.CodeGen.BurstILPostProcessor
  - EILPP : Unity.Entities.Hybrid : : 131ms (~8ms)
    - EILPP : Unity.Entities.Hybrid : StaticTypeRegistryPostProcessor: 112ms 
    - EILPP : Unity.Entities.Hybrid : WriteAssembly: 11ms 
[40m[32minfo[39m[22m[49m: Unity.ILPP.Runner.PostProcessingPipeline[0]
      running Unity.Jobs.CodeGen.JobsILPostProcessor
  - EILPP : Unity.Transforms.Hybrid : : 12ms (~9ms)
    - EILPP : Unity.Transforms.Hybrid : StaticTypeRegistryPostProcessor: 2ms 
    - EILPP : Unity.Transforms.Hybrid : WriteAssembly: 1ms 
[40m[32minfo[39m[22m[49m: Unity.ILPP.Runner.PostProcessingPipeline[0]
      running Unity.Jobs.CodeGen.JobsILPostProcessor
[40m[32minfo[39m[22m[49m: Unity.ILPP.Runner.PostProcessingPipeline[0]
      running zzzUnity.Burst.CodeGen.BurstILPostProcessor
[40m[32minfo[39m[22m[49m: Unity.ILPP.Runner.PostProcessingPipeline[0]
      running zzzUnity.Burst.CodeGen.BurstILPostProcessor
[40m[32minfo[39m[22m[49m: Unity.ILPP.Runner.PostProcessingPipeline[0]
      running zzzUnity.Burst.CodeGen.BurstILPostProcessor
[40m[32minfo[39m[22m[49m: Microsoft.AspNetCore.Routing.EndpointMiddleware[1]
      Executed endpoint 'gRPC - /UnityILPP.PostProcessing/PostProcessAssembly'
[40m[32minfo[39m[22m[49m: Microsoft.AspNetCore.Routing.EndpointMiddleware[1]
      Executed endpoint 'gRPC - /UnityILPP.PostProcessing/PostProcessAssembly'
[40m[32minfo[39m[22m[49m: Microsoft.AspNetCore.Routing.EndpointMiddleware[1]
      Executed endpoint 'gRPC - /UnityILPP.PostProcessing/PostProcessAssembly'
[40m[32minfo[39m[22m[49m: Microsoft.AspNetCore.Routing.EndpointMiddleware[1]
      Executed endpoint 'gRPC - /UnityILPP.PostProcessing/PostProcessAssembly'
[40m[32minfo[39m[22m[49m: Microsoft.AspNetCore.Routing.EndpointMiddleware[1]
      Executed endpoint 'gRPC - /UnityILPP.PostProcessing/PostProcessAssembly'
[40m[32minfo[39m[22m[49m: Microsoft.AspNetCore.Hosting.Diagnostics[2]
      Request finished HTTP/2 POST http://ilpp/UnityILPP.PostProcessing/PostProcessAssembly application/grpc - - 200 - application/grpc 489.0159ms
[40m[32minfo[39m[22m[49m: Microsoft.AspNetCore.Hosting.Diagnostics[2]
      Request finished HTTP/2 POST http://ilpp/UnityILPP.PostProcessing/PostProcessAssembly application/grpc - - 200 - application/grpc 157.2128ms
[40m[32minfo[39m[22m[49m: Microsoft.AspNetCore.Hosting.Diagnostics[2]
      Request finished HTTP/2 POST http://ilpp/UnityILPP.PostProcessing/PostProcessAssembly application/grpc - - 200 - application/grpc 395.9039ms
[40m[32minfo[39m[22m[49m: Microsoft.AspNetCore.Hosting.Diagnostics[2]
      Request finished HTTP/2 POST http://ilpp/UnityILPP.PostProcessing/PostProcessAssembly application/grpc - - 200 - application/grpc 583.6789ms
[40m[32minfo[39m[22m[49m: Microsoft.AspNetCore.Hosting.Diagnostics[2]
      Request finished HTTP/2 POST http://ilpp/UnityILPP.PostProcessing/PostProcessAssembly application/grpc - - 200 - application/grpc 585.4941ms
[40m[32minfo[39m[22m[49m: Microsoft.AspNetCore.Routing.EndpointMiddleware[1]
      Executed endpoint 'gRPC - /UnityILPP.PostProcessing/PostProcessAssembly'
[40m[32minfo[39m[22m[49m: Microsoft.AspNetCore.Hosting.Diagnostics[2]
      Request finished HTTP/2 POST http://ilpp/UnityILPP.PostProcessing/PostProcessAssembly application/grpc - - 200 - application/grpc 559.3388ms
[40m[32minfo[39m[22m[49m: Microsoft.AspNetCore.Routing.EndpointMiddleware[1]
      Executed endpoint 'gRPC - /UnityILPP.PostProcessing/PostProcessAssembly'
[40m[32minfo[39m[22m[49m: Microsoft.AspNetCore.Hosting.Diagnostics[2]
      Request finished HTTP/2 POST http://ilpp/UnityILPP.PostProcessing/PostProcessAssembly application/grpc - - 200 - application/grpc 293.9384ms
  - EILPP : Unity.Entities : : 576ms (~152ms)
    - EILPP : Unity.Entities : GetAllComponentTypes: 1ms 
    - EILPP : Unity.Entities : Cloner: 19ms 
    - EILPP : Unity.Entities : ComponentDataPP: 56ms 
    - EILPP : Unity.Entities : StaticTypeRegistryPostProcessor: 38ms 
    - EILPP : Unity.Entities : WriteAssembly: 310ms 
[40m[32minfo[39m[22m[49m: Unity.ILPP.Runner.PostProcessingPipeline[0]
      running Unity.Jobs.CodeGen.JobsILPostProcessor
[40m[32minfo[39m[22m[49m: Unity.ILPP.Runner.PostProcessingPipeline[0]
      running zzzUnity.Burst.CodeGen.BurstILPostProcessor
[40m[32minfo[39m[22m[49m: Microsoft.AspNetCore.Hosting.Diagnostics[1]
      Request starting HTTP/2 POST http://ilpp/UnityILPP.PostProcessing/PostProcessAssembly application/grpc -
[40m[32minfo[39m[22m[49m: Microsoft.AspNetCore.Routing.EndpointMiddleware[0]
      Executing endpoint 'gRPC - /UnityILPP.PostProcessing/PostProcessAssembly'
[40m[32minfo[39m[22m[49m: Unity.ILPP.Runner.PostProcessingPipeline[0]
      Processing assembly Library/Bee/artifacts/2400b0aP.dag/GameCore.Validation.Probe.dll, with 113 defines and 180 references
[40m[32minfo[39m[22m[49m: Unity.ILPP.Runner.PostProcessingPipeline[0]
      processors: Unity.Entities.CodeGen.EntitiesILPostProcessors, Unity.Jobs.CodeGen.JobsILPostProcessor, zzzUnity.Burst.CodeGen.BurstILPostProcessor
[40m[32minfo[39m[22m[49m: Unity.ILPP.Runner.PostProcessingPipeline[0]
      running Unity.Entities.CodeGen.EntitiesILPostProcessors
  - EILPP : GameCore.Validation.Probe : : 9ms (~7ms)
    - EILPP : GameCore.Validation.Probe : GetAllComponentTypes: 2ms 
[40m[32minfo[39m[22m[49m: Unity.ILPP.Runner.PostProcessingPipeline[0]
      running Unity.Jobs.CodeGen.JobsILPostProcessor
[40m[32minfo[39m[22m[49m: Unity.ILPP.Runner.PostProcessingPipeline[0]
      running zzzUnity.Burst.CodeGen.BurstILPostProcessor
[40m[32minfo[39m[22m[49m: Microsoft.AspNetCore.Routing.EndpointMiddleware[1]
      Executed endpoint 'gRPC - /UnityILPP.PostProcessing/PostProcessAssembly'
[40m[32minfo[39m[22m[49m: Microsoft.AspNetCore.Hosting.Diagnostics[2]
      Request finished HTTP/2 POST http://ilpp/UnityILPP.PostProcessing/PostProcessAssembly application/grpc - - 200 - application/grpc 23.4626ms
[40m[32minfo[39m[22m[49m: Microsoft.AspNetCore.Hosting.Diagnostics[1]
      Request starting HTTP/2 POST http://ilpp/UnityILPP.PostProcessing/PostProcessAssembly application/grpc -
[40m[32minfo[39m[22m[49m: Microsoft.AspNetCore.Routing.EndpointMiddleware[0]
      Executing endpoint 'gRPC - /UnityILPP.PostProcessing/PostProcessAssembly'
[40m[32minfo[39m[22m[49m: Unity.ILPP.Runner.PostProcessingPipeline[0]
      Processing assembly Library/Bee/artifacts/2400b0aP.dag/GameCore.Validation.Fixture.dll, with 113 defines and 178 references
[40m[32minfo[39m[22m[49m: Unity.ILPP.Runner.PostProcessingPipeline[0]
      processors: Unity.Entities.CodeGen.EntitiesILPostProcessors, Unity.Jobs.CodeGen.JobsILPostProcessor, zzzUnity.Burst.CodeGen.BurstILPostProcessor
[40m[32minfo[39m[22m[49m: Unity.ILPP.Runner.PostProcessingPipeline[0]
      running Unity.Entities.CodeGen.EntitiesILPostProcessors
[40m[32minfo[39m[22m[49m: Unity.ILPP.Runner.PostProcessingPipeline[0]
      running Unity.Jobs.CodeGen.JobsILPostProcessor
[40m[32minfo[39m[22m[49m: Unity.ILPP.Runner.PostProcessingPipeline[0]
      running zzzUnity.Burst.CodeGen.BurstILPostProcessor
[40m[32minfo[39m[22m[49m: Microsoft.AspNetCore.Routing.EndpointMiddleware[1]
      Executed endpoint 'gRPC - /UnityILPP.PostProcessing/PostProcessAssembly'
[40m[32minfo[39m[22m[49m: Microsoft.AspNetCore.Hosting.Diagnostics[2]
      Request finished HTTP/2 POST http://ilpp/UnityILPP.PostProcessing/PostProcessAssembly application/grpc - - 200 - application/grpc 0.4552ms
[40m[32minfo[39m[22m[49m: Microsoft.AspNetCore.Routing.EndpointMiddleware[1]
      Executed endpoint 'gRPC - /UnityILPP.PostProcessing/PostProcessAssembly'
[40m[32minfo[39m[22m[49m: Microsoft.AspNetCore.Hosting.Diagnostics[2]
      Request finished HTTP/2 POST http://ilpp/UnityILPP.PostProcessing/PostProcessAssembly application/grpc - - 200 - application/grpc 959.5391ms
[40m[32minfo[39m[22m[49m: Microsoft.AspNetCore.Hosting.Diagnostics[1]
      Request starting HTTP/2 POST http://ilpp/UnityILPP.PostProcessing/PostProcessAssembly application/grpc -
[40m[32minfo[39m[22m[49m: Microsoft.AspNetCore.Routing.EndpointMiddleware[0]
      Executing endpoint 'gRPC - /UnityILPP.PostProcessing/PostProcessAssembly'
[40m[32minfo[39m[22m[49m: Unity.ILPP.Runner.PostProcessingPipeline[0]
      Processing assembly Library/Bee/artifacts/2400b0aP.dag/GameCore.Unity.Runtime.dll, with 113 defines and 183 references
[40m[32minfo[39m[22m[49m: Unity.ILPP.Runner.PostProcessingPipeline[0]
      processors: Unity.Entities.CodeGen.EntitiesILPostProcessors, Unity.Jobs.CodeGen.JobsILPostProcessor, zzzUnity.Burst.CodeGen.BurstILPostProcessor
[40m[32minfo[39m[22m[49m: Unity.ILPP.Runner.PostProcessingPipeline[0]
      running Unity.Entities.CodeGen.EntitiesILPostProcessors
[40m[32minfo[39m[22m[49m: Microsoft.AspNetCore.Hosting.Diagnostics[1]
      Request starting HTTP/2 POST http://ilpp/UnityILPP.PostProcessing/PostProcessAssembly application/grpc -
[40m[32minfo[39m[22m[49m: Microsoft.AspNetCore.Routing.EndpointMiddleware[0]
      Executing endpoint 'gRPC - /UnityILPP.PostProcessing/PostProcessAssembly'
[40m[32minfo[39m[22m[49m: Microsoft.AspNetCore.Hosting.Diagnostics[1]
      Request starting HTTP/2 POST http://ilpp/UnityILPP.PostProcessing/PostProcessAssembly application/grpc -
[40m[32minfo[39m[22m[49m: Unity.ILPP.Runner.PostProcessingPipeline[0]
      Processing assembly Library/Bee/artifacts/2400b0aP.dag/GameCore.Gameplay.Narrative.dll, with 113 defines and 183 references
[40m[32minfo[39m[22m[49m: Microsoft.AspNetCore.Routing.EndpointMiddleware[0]
      Executing endpoint 'gRPC - /UnityILPP.PostProcessing/PostProcessAssembly'
[40m[32minfo[39m[22m[49m: Unity.ILPP.Runner.PostProcessingPipeline[0]
      processors: Unity.Entities.CodeGen.EntitiesILPostProcessors, Unity.Jobs.CodeGen.JobsILPostProcessor, zzzUnity.Burst.CodeGen.BurstILPostProcessor
[40m[32minfo[39m[22m[49m: Unity.ILPP.Runner.PostProcessingPipeline[0]
      Processing assembly Library/Bee/artifacts/2400b0aP.dag/GameCore.Gameplay.Cards.dll, with 113 defines and 184 references
[40m[32minfo[39m[22m[49m: Unity.ILPP.Runner.PostProcessingPipeline[0]
      processors: Unity.Entities.CodeGen.EntitiesILPostProcessors, Unity.Jobs.CodeGen.JobsILPostProcessor, zzzUnity.Burst.CodeGen.BurstILPostProcessor
[40m[32minfo[39m[22m[49m: Unity.ILPP.Runner.PostProcessingPipeline[0]
      running Unity.Entities.CodeGen.EntitiesILPostProcessors
[40m[32minfo[39m[22m[49m: Unity.ILPP.Runner.PostProcessingPipeline[0]
      running Unity.Entities.CodeGen.EntitiesILPostProcessors
[40m[32minfo[39m[22m[49m: Microsoft.AspNetCore.Hosting.Diagnostics[1]
      Request starting HTTP/2 POST http://ilpp/UnityILPP.PostProcessing/PostProcessAssembly application/grpc -
[40m[32minfo[39m[22m[49m: Microsoft.AspNetCore.Routing.EndpointMiddleware[0]
      Executing endpoint 'gRPC - /UnityILPP.PostProcessing/PostProcessAssembly'
[40m[32minfo[39m[22m[49m: Unity.ILPP.Runner.PostProcessingPipeline[0]
      Processing assembly Library/Bee/artifacts/2400b0aP.dag/GameCore.Unity.Adapters.dll, with 113 defines and 180 references
[40m[32minfo[39m[22m[49m: Unity.ILPP.Runner.PostProcessingPipeline[0]
      processors: Unity.Entities.CodeGen.EntitiesILPostProcessors, Unity.Jobs.CodeGen.JobsILPostProcessor, zzzUnity.Burst.CodeGen.BurstILPostProcessor
[40m[32minfo[39m[22m[49m: Unity.ILPP.Runner.PostProcessingPipeline[0]
      running Unity.Entities.CodeGen.EntitiesILPostProcessors
[40m[32minfo[39m[22m[49m: Microsoft.AspNetCore.Hosting.Diagnostics[1]
      Request starting HTTP/2 POST http://ilpp/UnityILPP.PostProcessing/PostProcessAssembly application/grpc -
[40m[32minfo[39m[22m[49m: Microsoft.AspNetCore.Routing.EndpointMiddleware[0]
      Executing endpoint 'gRPC - /UnityILPP.PostProcessing/PostProcessAssembly'
[40m[32minfo[39m[22m[49m: Unity.ILPP.Runner.PostProcessingPipeline[0]
      Processing assembly Library/Bee/artifacts/2400b0aP.dag/GameCore.Gameplay.Cards.Fixtures.dll, with 113 defines and 185 references
[40m[32minfo[39m[22m[49m: Unity.ILPP.Runner.PostProcessingPipeline[0]
      processors: Unity.Entities.CodeGen.EntitiesILPostProcessors, Unity.Jobs.CodeGen.JobsILPostProcessor, zzzUnity.Burst.CodeGen.BurstILPostProcessor
[40m[32minfo[39m[22m[49m: Unity.ILPP.Runner.PostProcessingPipeline[0]
      running Unity.Entities.CodeGen.EntitiesILPostProcessors
[40m[32minfo[39m[22m[49m: Microsoft.AspNetCore.Hosting.Diagnostics[1]
      Request starting HTTP/2 POST http://ilpp/UnityILPP.PostProcessing/PostProcessAssembly application/grpc -
[40m[32minfo[39m[22m[49m: Microsoft.AspNetCore.Routing.EndpointMiddleware[0]
      Executing endpoint 'gRPC - /UnityILPP.PostProcessing/PostProcessAssembly'
[40m[32minfo[39m[22m[49m: Unity.ILPP.Runner.PostProcessingPipeline[0]
      Processing assembly Library/Bee/artifacts/2400b0aP.dag/GameCore.Gameplay.Narrative.Fixtures.dll, with 113 defines and 187 references
[40m[32minfo[39m[22m[49m: Unity.ILPP.Runner.PostProcessingPipeline[0]
      processors: Unity.Entities.CodeGen.EntitiesILPostProcessors, Unity.Jobs.CodeGen.JobsILPostProcessor, zzzUnity.Burst.CodeGen.BurstILPostProcessor
[40m[32minfo[39m[22m[49m: Unity.ILPP.Runner.PostProcessingPipeline[0]
      running Unity.Entities.CodeGen.EntitiesILPostProcessors
  - EILPP : GameCore.Unity.Adapters : : 10ms (~10ms)
[40m[32minfo[39m[22m[49m: Unity.ILPP.Runner.PostProcessingPipeline[0]
      running Unity.Jobs.CodeGen.JobsILPostProcessor
  - EILPP : GameCore.Gameplay.Narrative : : 20ms (~12ms)
    - EILPP : GameCore.Gameplay.Narrative : ComponentDataPP: 1ms 
    - EILPP : GameCore.Gameplay.Narrative : StaticTypeRegistryPostProcessor: 2ms 
    - EILPP : GameCore.Gameplay.Narrative : WriteAssembly: 5ms 
[40m[32minfo[39m[22m[49m: Unity.ILPP.Runner.PostProcessingPipeline[0]
      running Unity.Jobs.CodeGen.JobsILPostProcessor
[40m[32minfo[39m[22m[49m: Microsoft.AspNetCore.Hosting.Diagnostics[1]
      Request starting HTTP/2 POST http://ilpp/UnityILPP.PostProcessing/PostProcessAssembly application/grpc -
[40m[32minfo[39m[22m[49m: Microsoft.AspNetCore.Routing.EndpointMiddleware[0]
      Executing endpoint 'gRPC - /UnityILPP.PostProcessing/PostProcessAssembly'
[40m[32minfo[39m[22m[49m: Unity.ILPP.Runner.PostProcessingPipeline[0]
      Processing assembly Library/Bee/artifacts/2400b0aP.dag/GameCore.Validation.FamilyEntries.dll, with 113 defines and 182 references
[40m[32minfo[39m[22m[49m: Unity.ILPP.Runner.PostProcessingPipeline[0]
      processors: Unity.Entities.CodeGen.EntitiesILPostProcessors, Unity.Jobs.CodeGen.JobsILPostProcessor, zzzUnity.Burst.CodeGen.BurstILPostProcessor
[40m[32minfo[39m[22m[49m: Unity.ILPP.Runner.PostProcessingPipeline[0]
      running Unity.Entities.CodeGen.EntitiesILPostProcessors
[40m[32minfo[39m[22m[49m: Unity.ILPP.Runner.PostProcessingPipeline[0]
      running zzzUnity.Burst.CodeGen.BurstILPostProcessor
[40m[32minfo[39m[22m[49m: Unity.ILPP.Runner.PostProcessingPipeline[0]
      running Unity.Jobs.CodeGen.JobsILPostProcessor
  - EILPP : GameCore.Gameplay.Cards.Fixtures : : 109ms (~13ms)
    - EILPP : GameCore.Gameplay.Cards.Fixtures : ComponentDataPP: 96ms 
[40m[32minfo[39m[22m[49m: Unity.ILPP.Runner.PostProcessingPipeline[0]
      running Unity.Jobs.CodeGen.JobsILPostProcessor
[40m[32minfo[39m[22m[49m: Unity.ILPP.Runner.PostProcessingPipeline[0]
      running zzzUnity.Burst.CodeGen.BurstILPostProcessor
[40m[32minfo[39m[22m[49m: Microsoft.AspNetCore.Routing.EndpointMiddleware[1]
      Executed endpoint 'gRPC - /UnityILPP.PostProcessing/PostProcessAssembly'
[40m[32minfo[39m[22m[49m: Microsoft.AspNetCore.Routing.EndpointMiddleware[1]
      Executed endpoint 'gRPC - /UnityILPP.PostProcessing/PostProcessAssembly'
[40m[32minfo[39m[22m[49m: Microsoft.AspNetCore.Hosting.Diagnostics[2]
      Request finished HTTP/2 POST http://ilpp/UnityILPP.PostProcessing/PostProcessAssembly application/grpc - - 200 - application/grpc 0.9211ms
[40m[32minfo[39m[22m[49m: Microsoft.AspNetCore.Hosting.Diagnostics[2]
      Request finished HTTP/2 POST http://ilpp/UnityILPP.PostProcessing/PostProcessAssembly application/grpc - - 200 - application/grpc 116.3890ms
[40m[32minfo[39m[22m[49m: Unity.ILPP.Runner.PostProcessingPipeline[0]
      running zzzUnity.Burst.CodeGen.BurstILPostProcessor
[40m[32minfo[39m[22m[49m: Microsoft.AspNetCore.Routing.EndpointMiddleware[1]
      Executed endpoint 'gRPC - /UnityILPP.PostProcessing/PostProcessAssembly'
[40m[32minfo[39m[22m[49m: Microsoft.AspNetCore.Hosting.Diagnostics[2]
      Request finished HTTP/2 POST http://ilpp/UnityILPP.PostProcessing/PostProcessAssembly application/grpc - - 200 - application/grpc 124.8191ms
  - EILPP : GameCore.Gameplay.Cards : : 124ms (~14ms)
    - EILPP : GameCore.Gameplay.Cards : ComponentDataPP: 1ms 
    - EILPP : GameCore.Gameplay.Cards : StaticTypeRegistryPostProcessor: 9ms 
    - EILPP : GameCore.Gameplay.Cards : WriteAssembly: 100ms 
[40m[32minfo[39m[22m[49m: Unity.ILPP.Runner.PostProcessingPipeline[0]
      running Unity.Jobs.CodeGen.JobsILPostProcessor
[40m[32minfo[39m[22m[49m: Unity.ILPP.Runner.PostProcessingPipeline[0]
      running zzzUnity.Burst.CodeGen.BurstILPostProcessor
[40m[32minfo[39m[22m[49m: Microsoft.AspNetCore.Routing.EndpointMiddleware[1]
      Executed endpoint 'gRPC - /UnityILPP.PostProcessing/PostProcessAssembly'
[40m[32minfo[39m[22m[49m: Microsoft.AspNetCore.Hosting.Diagnostics[2]
      Request finished HTTP/2 POST http://ilpp/UnityILPP.PostProcessing/PostProcessAssembly application/grpc - - 200 - application/grpc 118.1390ms
[40m[32minfo[39m[22m[49m: Unity.ILPP.Runner.PostProcessingPipeline[0]
      running zzzUnity.Burst.CodeGen.BurstILPostProcessor
[40m[32minfo[39m[22m[49m: Microsoft.AspNetCore.Routing.EndpointMiddleware[1]
      Executed endpoint 'gRPC - /UnityILPP.PostProcessing/PostProcessAssembly'
[40m[32minfo[39m[22m[49m: Microsoft.AspNetCore.Hosting.Diagnostics[2]
      Request finished HTTP/2 POST http://ilpp/UnityILPP.PostProcessing/PostProcessAssembly application/grpc - - 200 - application/grpc 138.2577ms
  - EILPP : GameCore.Gameplay.Narrative.Fixtures : : 132ms (~109ms)
    - EILPP : GameCore.Gameplay.Narrative.Fixtures : ComponentDataPP: 1ms 
    - EILPP : GameCore.Gameplay.Narrative.Fixtures : StaticTypeRegistryPostProcessor: 2ms 
    - EILPP : GameCore.Gameplay.Narrative.Fixtures : WriteAssembly: 20ms 
[40m[32minfo[39m[22m[49m: Unity.ILPP.Runner.PostProcessingPipeline[0]
      running Unity.Jobs.CodeGen.JobsILPostProcessor
  - EILPP : GameCore.Unity.Runtime : : 160ms (~27ms)
[40m[32minfo[39m[22m[49m: Unity.ILPP.Runner.PostProcessingPipeline[0]
      running zzzUnity.Burst.CodeGen.BurstILPostProcessor
    - EILPP : GameCore.Unity.Runtime : ComponentDataPP: 2ms 
    - EILPP : GameCore.Unity.Runtime : StaticTypeRegistryPostProcessor: 5ms 
    - EILPP : GameCore.Unity.Runtime : WriteAssembly: 126ms 
[40m[32minfo[39m[22m[49m: Unity.ILPP.Runner.PostProcessingPipeline[0]
      running Unity.Jobs.CodeGen.JobsILPostProcessor
[40m[32minfo[39m[22m[49m: Microsoft.AspNetCore.Routing.EndpointMiddleware[1]
      Executed endpoint 'gRPC - /UnityILPP.PostProcessing/PostProcessAssembly'
[40m[32minfo[39m[22m[49m: Microsoft.AspNetCore.Hosting.Diagnostics[2]
      Request finished HTTP/2 POST http://ilpp/UnityILPP.PostProcessing/PostProcessAssembly application/grpc - - 200 - application/grpc 155.0792ms
[40m[32minfo[39m[22m[49m: Unity.ILPP.Runner.PostProcessingPipeline[0]
      running zzzUnity.Burst.CodeGen.BurstILPostProcessor
[40m[32minfo[39m[22m[49m: Microsoft.AspNetCore.Routing.EndpointMiddleware[1]
      Executed endpoint 'gRPC - /UnityILPP.PostProcessing/PostProcessAssembly'
[40m[32minfo[39m[22m[49m: Microsoft.AspNetCore.Hosting.Diagnostics[2]
      Request finished HTTP/2 POST http://ilpp/UnityILPP.PostProcessing/PostProcessAssembly application/grpc - - 200 - application/grpc 187.6738ms
[40m[32minfo[39m[22m[49m: Microsoft.AspNetCore.Hosting.Diagnostics[1]
      Request starting HTTP/2 POST http://ilpp/UnityILPP.PostProcessing/PostProcessAssembly application/grpc -
[40m[32minfo[39m[22m[49m: Microsoft.AspNetCore.Routing.EndpointMiddleware[0]
      Executing endpoint 'gRPC - /UnityILPP.PostProcessing/PostProcessAssembly'
[40m[32minfo[39m[22m[49m: Unity.ILPP.Runner.PostProcessingPipeline[0]
      Processing assembly Library/Bee/artifacts/2400b0aP.dag/GameCore.Unity.Fixtures.dll, with 113 defines and 185 references
[40m[32minfo[39m[22m[49m: Unity.ILPP.Runner.PostProcessingPipeline[0]
      processors: Unity.Entities.CodeGen.EntitiesILPostProcessors, Unity.Jobs.CodeGen.JobsILPostProcessor, zzzUnity.Burst.CodeGen.BurstILPostProcessor
[40m[32minfo[39m[22m[49m: Unity.ILPP.Runner.PostProcessingPipeline[0]
      running Unity.Entities.CodeGen.EntitiesILPostProcessors
  - EILPP : GameCore.Unity.Fixtures : : 11ms (~6ms)
    - EILPP : GameCore.Unity.Fixtures : StaticTypeRegistryPostProcessor: 1ms 
    - EILPP : GameCore.Unity.Fixtures : WriteAssembly: 4ms 
[40m[32minfo[39m[22m[49m: Unity.ILPP.Runner.PostProcessingPipeline[0]
      running Unity.Jobs.CodeGen.JobsILPostProcessor
[40m[32minfo[39m[22m[49m: Microsoft.AspNetCore.Hosting.Diagnostics[1]
      Request starting HTTP/2 POST http://ilpp/UnityILPP.PostProcessing/PostProcessAssembly application/grpc -
[40m[32minfo[39m[22m[49m: Microsoft.AspNetCore.Routing.EndpointMiddleware[0]
      Executing endpoint 'gRPC - /UnityILPP.PostProcessing/PostProcessAssembly'
[40m[32minfo[39m[22m[49m: Unity.ILPP.Runner.PostProcessingPipeline[0]
      Processing assembly Library/Bee/artifacts/2400b0aP.dag/GameCore.Validation.Generated.dll, with 113 defines and 181 references
[40m[32minfo[39m[22m[49m: Unity.ILPP.Runner.PostProcessingPipeline[0]
      processors: Unity.Entities.CodeGen.EntitiesILPostProcessors, Unity.Jobs.CodeGen.JobsILPostProcessor, zzzUnity.Burst.CodeGen.BurstILPostProcessor
[40m[32minfo[39m[22m[49m: Unity.ILPP.Runner.PostProcessingPipeline[0]
      running Unity.Entities.CodeGen.EntitiesILPostProcessors
[40m[32minfo[39m[22m[49m: Unity.ILPP.Runner.PostProcessingPipeline[0]
      running Unity.Jobs.CodeGen.JobsILPostProcessor
[40m[32minfo[39m[22m[49m: Unity.ILPP.Runner.PostProcessingPipeline[0]
      running zzzUnity.Burst.CodeGen.BurstILPostProcessor
[40m[32minfo[39m[22m[49m: Microsoft.AspNetCore.Routing.EndpointMiddleware[1]
      Executed endpoint 'gRPC - /UnityILPP.PostProcessing/PostProcessAssembly'
[40m[32minfo[39m[22m[49m: Microsoft.AspNetCore.Hosting.Diagnostics[2]
      Request finished HTTP/2 POST http://ilpp/UnityILPP.PostProcessing/PostProcessAssembly application/grpc - - 200 - application/grpc 3.5212ms
[40m[32minfo[39m[22m[49m: Microsoft.AspNetCore.Hosting.Diagnostics[1]
      Request starting HTTP/2 POST http://ilpp/UnityILPP.PostProcessing/PostProcessAssembly application/grpc -
[40m[32minfo[39m[22m[49m: Microsoft.AspNetCore.Routing.EndpointMiddleware[0]
      Executing endpoint 'gRPC - /UnityILPP.PostProcessing/PostProcessAssembly'
[40m[32minfo[39m[22m[49m: Unity.ILPP.Runner.PostProcessingPipeline[0]
      Processing assembly Library/Bee/artifacts/2400b0aP.dag/GameCore.Validation.GeneratedCards.dll, with 113 defines and 180 references
[40m[32minfo[39m[22m[49m: Unity.ILPP.Runner.PostProcessingPipeline[0]
      processors: Unity.Entities.CodeGen.EntitiesILPostProcessors, Unity.Jobs.CodeGen.JobsILPostProcessor, zzzUnity.Burst.CodeGen.BurstILPostProcessor
[40m[32minfo[39m[22m[49m: Unity.ILPP.Runner.PostProcessingPipeline[0]
      running Unity.Entities.CodeGen.EntitiesILPostProcessors
[40m[32minfo[39m[22m[49m: Unity.ILPP.Runner.PostProcessingPipeline[0]
      running Unity.Jobs.CodeGen.JobsILPostProcessor
[40m[32minfo[39m[22m[49m: Unity.ILPP.Runner.PostProcessingPipeline[0]
      running zzzUnity.Burst.CodeGen.BurstILPostProcessor
[40m[32minfo[39m[22m[49m: Microsoft.AspNetCore.Routing.EndpointMiddleware[1]
      Executed endpoint 'gRPC - /UnityILPP.PostProcessing/PostProcessAssembly'
[40m[32minfo[39m[22m[49m: Microsoft.AspNetCore.Hosting.Diagnostics[2]
      Request finished HTTP/2 POST http://ilpp/UnityILPP.PostProcessing/PostProcessAssembly application/grpc - - 200 - application/grpc 0.5493ms
[40m[32minfo[39m[22m[49m: Unity.ILPP.Runner.PostProcessingPipeline[0]
      running zzzUnity.Burst.CodeGen.BurstILPostProcessor
[40m[32minfo[39m[22m[49m: Microsoft.AspNetCore.Routing.EndpointMiddleware[1]
      Executed endpoint 'gRPC - /UnityILPP.PostProcessing/PostProcessAssembly'
[40m[32minfo[39m[22m[49m: Microsoft.AspNetCore.Hosting.Diagnostics[2]
      Request finished HTTP/2 POST http://ilpp/UnityILPP.PostProcessing/PostProcessAssembly application/grpc - - 200 - application/grpc 34.2856ms
[40m[32minfo[39m[22m[49m: Microsoft.AspNetCore.Hosting.Diagnostics[1]
      Request starting HTTP/2 POST http://ilpp/UnityILPP.PostProcessing/PostProcessAssembly application/grpc -
[40m[32minfo[39m[22m[49m: Microsoft.AspNetCore.Routing.EndpointMiddleware[0]
      Executing endpoint 'gRPC - /UnityILPP.PostProcessing/PostProcessAssembly'
[40m[32minfo[39m[22m[49m: Unity.ILPP.Runner.PostProcessingPipeline[0]
      Processing assembly Library/Bee/artifacts/2400b0aP.dag/GameCore.Validation.ProbeHost.dll, with 113 defines and 197 references
[40m[32minfo[39m[22m[49m: Unity.ILPP.Runner.PostProcessingPipeline[0]
      processors: Unity.Entities.CodeGen.EntitiesILPostProcessors, Unity.Jobs.CodeGen.JobsILPostProcessor, zzzUnity.Burst.CodeGen.BurstILPostProcessor
[40m[32minfo[39m[22m[49m: Unity.ILPP.Runner.PostProcessingPipeline[0]
      running Unity.Entities.CodeGen.EntitiesILPostProcessors
  - EILPP : GameCore.Validation.ProbeHost : : 15ms (~12ms)
    - EILPP : GameCore.Validation.ProbeHost : ComponentDataPP: 3ms 
[40m[32minfo[39m[22m[49m: Unity.ILPP.Runner.PostProcessingPipeline[0]
      running Unity.Jobs.CodeGen.JobsILPostProcessor
[40m[32minfo[39m[22m[49m: Unity.ILPP.Runner.PostProcessingPipeline[0]
      running zzzUnity.Burst.CodeGen.BurstILPostProcessor
[40m[32minfo[39m[22m[49m: Microsoft.AspNetCore.Routing.EndpointMiddleware[1]
      Executed endpoint 'gRPC - /UnityILPP.PostProcessing/PostProcessAssembly'
[40m[32minfo[39m[22m[49m: Microsoft.AspNetCore.Hosting.Diagnostics[2]
      Request finished HTTP/2 POST http://ilpp/UnityILPP.PostProcessing/PostProcessAssembly application/grpc - - 200 - application/grpc 55.2198ms
/home/worlesenric/wkspace/gc-wt/gc-017/Packages/com.gamecore.unity.runtime/Runtime/Integration/DerivationModeSwitchValidator.cs(119,19): warning CS0618: 'Enum.ToString(IFormatProvider)' is obsolete: 'The provider argument is not used. Please use ToString().'
/home/worlesenric/wkspace/gc-wt/gc-017/Packages/com.gamecore.gameplay.narrative/Fixtures/Runtime/NarrativeLifecycleScenario.cs(733,46): warning CS8602: Dereference of a possibly null reference.
Assets/GameCore.Validation/Runtime/ProbeWorldDispatch.cs(201,30): warning CS8604: Possible null reference argument for parameter 'host' in 'void ProbeWorldDispatch.ReleaseWorld(UnityWorldHost host, ulong operationSequence)'.
Assets/GameCore.Validation/Runtime/ProbeWorldDispatch.cs(202,30): warning CS8604: Possible null reference argument for parameter 'host' in 'void ProbeWorldDispatch.ReleaseWorld(UnityWorldHost host, ulong operationSequence)'.
Assets/GameCore.Validation/Runtime/ProbeWorldDispatch.cs(252,30): warning CS8604: Possible null reference argument for parameter 'host' in 'void ProbeWorldDispatch.ReleaseWorld(UnityWorldHost host, ulong operationSequence)'.
Assets/GameCore.Validation/Runtime/ProbeWorldDispatch.cs(310,30): warning CS8604: Possible null reference argument for parameter 'host' in 'void ProbeWorldDispatch.ReleaseWorld(UnityWorldHost host, ulong operationSequence)'.
Assets/GameCore.Validation/Runtime/ProbeWorldDispatch.cs(355,30): warning CS8604: Possible null reference argument for parameter 'host' in 'void ProbeWorldDispatch.ReleaseWorld(UnityWorldHost host, ulong operationSequence)'.
Assets/GameCore.Validation/Runtime/ProbeWorldDispatch.cs(451,30): warning CS8604: Possible null reference argument for parameter 'host' in 'void ProbeWorldDispatch.ReleaseWorld(UnityWorldHost host, ulong operationSequence)'.
Assets/GameCore.Validation/Runtime/ProbeWorldDispatch.cs(252,30): warning CS8604: Possible null reference argument for parameter 'host' in 'void ProbeWorldDispatch.ReleaseWorld(UnityWorldHost host, ulong operationSequence)'.
Assets/GameCore.Validation/Runtime/ProbeWorldDispatch.cs(310,30): warning CS8604: Possible null reference argument for parameter 'host' in 'void ProbeWorldDispatch.ReleaseWorld(UnityWorldHost host, ulong operationSequence)'.
Assets/GameCore.Validation/Runtime/ProbeWorldDispatch.cs(355,30): warning CS8604: Possible null reference argument for parameter 'host' in 'void ProbeWorldDispatch.ReleaseWorld(UnityWorldHost host, ulong operationSequence)'.
Assets/GameCore.Validation/Runtime/ProbeWorldDispatch.cs(451,30): warning CS8604: Possible null reference argument for parameter 'host' in 'void ProbeWorldDispatch.ReleaseWorld(UnityWorldHost host, ulong operationSequence)'.
Total cache size 204056736
Total cache size after purge 204056736, took 00:00:00.0480979
ExitCode: 0 Duration: 3s913ms
Finished compiling graph: 600 nodes, 6599 flattened edges (4853 ToBuild, 94 ToUse), maximum node priority 338
[  2/599    0s] WriteText Library/Bee/artifacts/StandaloneLinux64_CodeGen/Unity.Burst.rsp2
[  3/599    0s] WriteText Library/Bee/artifacts/StandaloneLinux64_CodeGen/Unity.Burst.UnityAdditionalFile.txt
[  4/599    0s] WriteText Library/Bee/artifacts/StandaloneLinux64_CodeGen/Unity.Mathematics.UnityAdditionalFile.txt
[  5/599    0s] WriteText Library/Bee/artifacts/StandaloneLinux64_CodeGen/Unity.Mathematics.rsp2
[  6/599    0s] WriteText Library/Bee/artifacts/2400b0aP.dag/Unity.Burst.rsp2
[  7/599    0s] WriteText Library/Bee/artifacts/2400b0aP.dag/Unity.Burst.UnityAdditionalFile.txt
[  8/599    0s] MovedFromExtractor Library/Bee/artifacts/mvdfrm/UnityEngine.UnityConsentModule.dll_8B438C85504F1EE2.mvfrm
[  9/599    0s] MovedFromExtractor Library/Bee/artifacts/mvdfrm/UnityEngine.TextCoreTextEngineModule.dll_4E79FA902DEA6EF8.mvfrm
[ 10/599    0s] MovedFromExtractor Library/Bee/artifacts/mvdfrm/UnityEngine.TextCoreFontEngineModule.dll_0691C41E9E66B5DA.mvfrm
[ 11/599    0s] MovedFromExtractor Library/Bee/artifacts/mvdfrm/UnityEngine.UnityAnalyticsCommonModule.dll_636C88F00330FAF9.mvfrm
[ 12/599    0s] MovedFromExtractor Library/Bee/artifacts/mvdfrm/UnityEngine.UIModule.dll_71A516806908A891.mvfrm
[ 13/599    0s] MovedFromExtractor Library/Bee/artifacts/mvdfrm/UnityEngine.SubstanceModule.dll_D3D281FBA8A47137.mvfrm
[ 14/599    0s] MovedFromExtractor Library/Bee/artifacts/mvdfrm/UnityEngine.UnityConnectModule.dll_B99DF55943448892.mvfrm
[ 15/599    0s] MovedFromExtractor Library/Bee/artifacts/mvdfrm/UnityEngine.TLSModule.dll_86FBA5AFE58167E2.mvfrm
[ 16/599    0s] MovedFromExtractor Library/Bee/artifacts/mvdfrm/UnityEngine.TextRenderingModule.dll_119B5EFDADBC9366.mvfrm
[ 17/599    0s] MovedFromExtractor Library/Bee/artifacts/mvdfrm/UnityEngine.ShaderVariantAnalyticsModule.dll_A2CAB245D0902CE3.mvfrm
[ 18/599    0s] MovedFromExtractor Library/Bee/artifacts/mvdfrm/UnityEngine.SpriteShapeModule.dll_711E6CEEA7928683.mvfrm
[ 19/599    0s] MovedFromExtractor Library/Bee/artifacts/mvdfrm/UnityEngine.UIElementsModule.dll_8B6B93B92C398598.mvfrm
[ 20/599    0s] MovedFromExtractor Library/Bee/artifacts/mvdfrm/UnityEngine.StreamingModule.dll_F7276DB25D517329.mvfrm
[ 21/599    0s] MovedFromExtractor Library/Bee/artifacts/mvdfrm/UnityEngine.UnityAnalyticsModule.dll_74ECD477C9FD5E7E.mvfrm
[ 22/599    0s] MovedFromExtractor Library/Bee/artifacts/mvdfrm/UnityEngine.SpriteMaskModule.dll_1C7FCBEF5AC5618E.mvfrm
[ 23/599    0s] MovedFromExtractor Library/Bee/artifacts/mvdfrm/UnityEngine.VirtualTexturingModule.dll_FA248E1887AE3B7A.mvfrm
[ 24/599    0s] MovedFromExtractor Library/Bee/artifacts/mvdfrm/UnityEngine.VFXModule.dll_07DA3E1EBBEED14F.mvfrm
[ 25/599    0s] MovedFromExtractor Library/Bee/artifacts/mvdfrm/UnityEngine.UnityCurlModule.dll_75AF21937DDDADD8.mvfrm
[ 26/599    0s] MovedFromExtractor Library/Bee/artifacts/mvdfrm/UnityEngine.UnityTestProtocolModule.dll_EE06CF743EC0AE46.mvfrm
[ 27/599    0s] MovedFromExtractor Library/Bee/artifacts/mvdfrm/UnityEngine.UnityWebRequestModule.dll_673CDCC6B62A82D7.mvfrm
[ 28/599    0s] MovedFromExtractor Library/Bee/artifacts/mvdfrm/UnityEngine.dll_5AE7F3511B3C76F9.mvfrm
[ 29/599    0s] MovedFromExtractor Library/Bee/artifacts/mvdfrm/UnityEngine.AudioModule.dll_8BD52C76F0BDAA1D.mvfrm
[ 30/599    0s] MovedFromExtractor Library/Bee/artifacts/mvdfrm/UnityEngine.ClusterInputModule.dll_4BDAE65FFA445AAD.mvfrm
[ 31/599    0s] MovedFromExtractor Library/Bee/artifacts/mvdfrm/UnityEngine.CrashReportingModule.dll_023B1A61AFC480F4.mvfrm
[ 32/599    0s] MovedFromExtractor Library/Bee/artifacts/mvdfrm/UnityEngine.ClusterRendererModule.dll_E9ABD76C29113064.mvfrm
[ 33/599    0s] MovedFromExtractor Library/Bee/artifacts/mvdfrm/UnityEngine.CoreModule.dll_5C09ED60D385EBDC.mvfrm
[ 34/599    0s] MovedFromExtractor Library/Bee/artifacts/mvdfrm/UnityEngine.ContentLoadModule.dll_F0D398D4C072F666.mvfrm
[ 35/599    0s] MovedFromExtractor Library/Bee/artifacts/mvdfrm/UnityEngine.SharedInternalsModule.dll_D9AF13F22263E3A8.mvfrm
[ 36/599    0s] MovedFromExtractor Library/Bee/artifacts/mvdfrm/UnityEngine.DSPGraphModule.dll_EF74511EF8EF221A.mvfrm
[ 37/599    0s] MovedFromExtractor Library/Bee/artifacts/mvdfrm/UnityEngine.GameCenterModule.dll_3353595F3955CC14.mvfrm
[ 38/599    0s] MovedFromExtractor Library/Bee/artifacts/mvdfrm/UnityEngine.GIModule.dll_0E6DC160A8708AFF.mvfrm
[ 39/599    0s] MovedFromExtractor Library/Bee/artifacts/mvdfrm/UnityEngine.HotReloadModule.dll_C3DB3E67E8FCD76D.mvfrm
[ 40/599    0s] MovedFromExtractor Library/Bee/artifacts/mvdfrm/UnityEngine.HierarchyCoreModule.dll_E577530C518ADF7B.mvfrm
[ 41/599    0s] MovedFromExtractor Library/Bee/artifacts/mvdfrm/UnityEngine.GridModule.dll_397B094EEBDA81D3.mvfrm
[ 42/599    0s] WriteText Library/Bee/artifacts/2400b0aP.dag/Unity.Mathematics.rsp2
[ 52/599    0s] WriteText Library/Bee/artifacts/2400b0aP.dag/Unity.Mathematics.UnityAdditionalFile.txt
[137/599    0s] MovedFromExtractor Library/Bee/artifacts/mvdfrm/UnityEngine.GraphicsStateCollectionSerializerModule.dll_00A70FA1EAA1C6ED.mvfrm
[146/599    0s] WriteText Library/Bee/artifacts/StandaloneLinux64_CodeGen/Unity.Burst.rsp
[147/599    0s] WriteText Library/Bee/artifacts/2400b0aP.dag/Unity.Burst.dll.mvfrm.rsp
[148/599    0s] WriteText Library/Bee/artifacts/StandaloneLinux64_CodeGen/Unity.Collections.rsp2
[149/599    0s] WriteText Library/Bee/artifacts/StandaloneLinux64_CodeGen/Unity.Mathematics.rsp
[150/599    0s] WriteText Library/Bee/artifacts/2400b0aP.dag/Unity.Burst.rsp
[151/599    0s] WriteText Library/Bee/artifacts/StandaloneLinux64_CodeGen/Unity.Burst.dll.mvfrm.rsp
[152/599    0s] WriteText Library/Bee/artifacts/StandaloneLinux64_CodeGen/Unity.Mathematics.dll.mvfrm.rsp
[153/599    0s] WriteText Library/Bee/artifacts/StandaloneLinux64_CodeGen/Unity.Collections.UnityAdditionalFile.txt
[154/599    0s] WriteText Library/Bee/artifacts/2400b0aP.dag/Unity.Mathematics.dll.mvfrm.rsp
[155/599    0s] WriteText Library/Bee/artifacts/2400b0aP.dag/Unity.Mathematics.rsp
[156/599    0s] WriteText Library/Bee/artifacts/2400b0aP.dag/Unity.Collections.rsp2
[157/599    0s] WriteText Library/Bee/artifacts/2400b0aP.dag/Unity.Collections.UnityAdditionalFile.txt
[158/599    0s] WriteText Library/Bee/artifacts/StandaloneLinux64_CodeGen/Unity.Collections.dll.mvfrm.rsp
[159/599    0s] WriteText Library/Bee/artifacts/2400b0aP.dag/Unity.Collections.dll.mvfrm.rsp
[160/599    0s] WriteText Library/Bee/artifacts/StandaloneLinux64_CodeGen/Unity.Collections.rsp
[161/599    0s] WriteText Library/Bee/artifacts/StandaloneLinux64_CodeGen/Unity.Mathematics.Extensions.UnityAdditionalFile.txt
[162/599    0s] WriteText Library/Bee/artifacts/2400b0aP.dag/Unity.Collections.rsp
[163/599    0s] WriteText Library/Bee/artifacts/StandaloneLinux64_CodeGen/Unity.Profiling.Core.UnityAdditionalFile.txt
[164/599    0s] WriteText Library/Bee/artifacts/StandaloneLinux64_CodeGen/Unity.Profiling.Core.rsp2
[165/599    0s] WriteText Library/Bee/artifacts/StandaloneLinux64_CodeGen/Unity.Serialization.UnityAdditionalFile.txt
[166/599    0s] WriteText Library/Bee/artifacts/StandaloneLinux64_CodeGen/Unity.Serialization.rsp2
[167/599    0s] WriteText Library/Bee/artifacts/StandaloneLinux64_CodeGen/Unity.Serialization.dll.mvfrm.rsp
[168/599    0s] WriteText Library/Bee/artifacts/StandaloneLinux64_CodeGen/Unity.Mathematics.Extensions.dll.mvfrm.rsp
[169/599    0s] WriteText Library/Bee/artifacts/2400b0aP.dag/Unity.Mathematics.Extensions.rsp2
[170/599    0s] WriteText Library/Bee/artifacts/StandaloneLinux64_CodeGen/Unity.Profiling.Core.dll.mvfrm.rsp
[171/599    0s] WriteText Library/Bee/artifacts/2400b0aP.dag/Unity.Mathematics.Extensions.UnityAdditionalFile.txt
[172/599    0s] WriteText Library/Bee/artifacts/StandaloneLinux64_CodeGen/Unity.Mathematics.Extensions.rsp2
[173/599    0s] WriteText Library/Bee/artifacts/StandaloneLinux64_CodeGen/Unity.Mathematics.Extensions.rsp
[174/599    0s] WriteText Library/Bee/artifacts/StandaloneLinux64_CodeGen/Unity.Profiling.Core.rsp
[175/599    0s] WriteText Library/Bee/artifacts/StandaloneLinux64_CodeGen/Unity.Entities.rsp2
[176/599    0s] WriteText Library/Bee/artifacts/StandaloneLinux64_CodeGen/Unity.Entities.UnityAdditionalFile.txt
[177/599    0s] WriteText Library/Bee/artifacts/2400b0aP.dag/Unity.Profiling.Core.rsp2
[178/599    0s] WriteText Library/Bee/artifacts/2400b0aP.dag/Unity.Profiling.Core.UnityAdditionalFile.txt
[179/599    0s] WriteText Library/Bee/artifacts/2400b0aP.dag/Unity.Serialization.rsp2
[180/599    0s] WriteText Library/Bee/artifacts/2400b0aP.dag/Unity.Serialization.UnityAdditionalFile.txt
[181/599    0s] WriteText Library/Bee/artifacts/2400b0aP.dag/GameCore.Contracts.UnityAdditionalFile.txt
[182/599    0s] WriteText Library/Bee/artifacts/2400b0aP.dag/GameCore.Contracts.rsp2
[183/599    0s] WriteText Library/Bee/artifacts/2400b0aP.dag/Unity.Mathematics.Extensions.dll.mvfrm.rsp
[184/599    0s] WriteText Library/Bee/artifacts/2400b0aP.dag/Unity.Entities.rsp2
[185/599    0s] WriteText Library/Bee/artifacts/2400b0aP.dag/Unity.Entities.UnityAdditionalFile.txt
[186/599    0s] WriteText Library/Bee/artifacts/2400b0aP.dag/Unity.Mathematics.Extensions.rsp
[187/599    0s] WriteText Library/Bee/artifacts/2400b0aP.dag/Unity.Serialization.dll.mvfrm.rsp
[188/599    0s] WriteText Library/Bee/artifacts/2400b0aP.dag/Unity.Profiling.Core.dll.mvfrm.rsp
[189/599    0s] WriteText Library/Bee/artifacts/2400b0aP.dag/Unity.Serialization.rsp
[190/599    0s] WriteText Library/Bee/artifacts/2400b0aP.dag/Unity.Profiling.Core.rsp
[191/599    0s] WriteText Library/Bee/artifacts/StandaloneLinux64_CodeGen/Unity.Serialization.rsp
[192/599    0s] WriteText Library/Bee/artifacts/StandaloneLinux64_CodeGen/Unity.Entities.dll.mvfrm.rsp
[193/599    0s] WriteText Library/Bee/artifacts/StandaloneLinux64_CodeGen/Unity.Entities.rsp
[194/599    0s] WriteText Library/Bee/artifacts/StandaloneLinux64_CodeGen/Unity.Burst.CodeGen.rsp2
[195/599    0s] WriteText Library/Bee/artifacts/StandaloneLinux64_CodeGen/Unity.Collections.CodeGen.UnityAdditionalFile.txt
[196/599    0s] WriteText Library/Bee/artifacts/StandaloneLinux64_CodeGen/Unity.Collections.CodeGen.rsp2
[197/599    0s] WriteText Library/Bee/artifacts/StandaloneLinux64_CodeGen/Unity.Burst.CodeGen.UnityAdditionalFile.txt
[198/599    0s] WriteText Library/Bee/artifacts/StandaloneLinux64_CodeGen/Unity.Entities.CodeGen.rsp2
[199/599    0s] WriteText Library/Bee/artifacts/StandaloneLinux64_CodeGen/Unity.Entities.CodeGen.UnityAdditionalFile.txt
[200/599    0s] WriteText Library/Bee/artifacts/2400b0aP.dag/GameCore.Contracts.dll.mvfrm.rsp
[201/599    0s] WriteText Library/Bee/artifacts/2400b0aP.dag/GameCore.Contracts.rsp
[202/599    0s] WriteText Library/Bee/artifacts/2400b0aP.dag/Unity.Entities.dll.mvfrm.rsp
[203/599    0s] WriteText Library/Bee/artifacts/2400b0aP.dag/Unity.Entities.rsp
[204/599    0s] WriteText Library/Bee/artifacts/2400b0aP.dag/GameCore.Derivation.UnityAdditionalFile.txt
[205/599    0s] WriteText Library/Bee/artifacts/2400b0aP.dag/GameCore.Derivation.rsp2
[206/599    0s] WriteText Library/Bee/artifacts/2400b0aP.dag/GameCore.Composition.UnityAdditionalFile.txt
[207/599    0s] WriteText Library/Bee/artifacts/2400b0aP.dag/GameCore.Composition.rsp2
[208/599    0s] WriteText Library/Bee/artifacts/2400b0aP.dag/GameCore.Planning.UnityAdditionalFile.txt
[209/599    0s] WriteText Library/Bee/artifacts/2400b0aP.dag/GameCore.Planning.rsp2
[242/599    0s] WriteText Library/Bee/artifacts/StandaloneLinux64_CodeGen/Unity.Entities.CodeGen.dll.mvfrm.rsp
[243/599    0s] WriteText Library/Bee/artifacts/StandaloneLinux64_CodeGen/Unity.Collections.CodeGen.dll.mvfrm.rsp
[244/599    0s] WriteText Library/Bee/artifacts/StandaloneLinux64_CodeGen/Unity.Burst.CodeGen.dll.mvfrm.rsp
[245/599    0s] WriteText Library/Bee/artifacts/StandaloneLinux64_CodeGen/Unity.Entities.CodeGen.rsp
[246/599    0s] WriteText Library/Bee/artifacts/StandaloneLinux64_CodeGen/Unity.Burst.CodeGen.rsp
[247/599    0s] WriteText Library/Bee/artifacts/StandaloneLinux64_CodeGen/Unity.Collections.CodeGen.rsp
[248/599    0s] WriteText Library/Bee/artifacts/2400b0aP.dag/GameCore.Derivation.dll.mvfrm.rsp
[249/599    0s] WriteText Library/Bee/artifacts/2400b0aP.dag/GameCore.Planning.dll.mvfrm.rsp
[250/599    0s] WriteText Library/Bee/artifacts/2400b0aP.dag/GameCore.Composition.dll.mvfrm.rsp
[251/599    0s] MovedFromExtractor Library/Bee/artifacts/mvdfrm/UnityEngine.PhysicsModule.dll_7550C6F32D816A8E.mvfrm
[252/599    0s] WriteText Library/Bee/artifacts/2400b0aP.dag/GameCore.Derivation.rsp
[253/599    0s] MovedFromExtractor Library/Bee/artifacts/mvdfrm/UnityEngine.AssetBundleModule.dll_57BD3F93F1F04E79.mvfrm
[254/599    0s] MovedFromExtractor Library/Bee/artifacts/mvdfrm/UnityEngine.IMGUIModule.dll_C434CBDDB6EF3DFE.mvfrm
[255/599    0s] WriteText Library/Bee/artifacts/2400b0aP.dag/GameCore.Composition.rsp
[256/599    0s] WriteText Library/Bee/artifacts/2400b0aP.dag/GameCore.Planning.rsp
[257/599    0s] WriteText Library/Bee/artifacts/2400b0aP.dag/GameCore.Unity.Runtime.UnityAdditionalFile.txt
[258/599    0s] WriteText Library/Bee/artifacts/2400b0aP.dag/GameCore.Unity.Runtime.rsp2
[259/599    0s] WriteText Library/Bee/artifacts/2400b0aP.dag/GameCore.Rules.Narrative.UnityAdditionalFile.txt
[260/599    0s] WriteText Library/Bee/artifacts/2400b0aP.dag/GameCore.Rules.Narrative.rsp2
[261/599    0s] WriteText Library/Bee/artifacts/2400b0aP.dag/GameCore.Unity.Runtime.dll.mvfrm.rsp
[262/599    0s] WriteText Library/Bee/artifacts/2400b0aP.dag/GameCore.Unity.Runtime.rsp
[263/599    0s] WriteText Library/Bee/artifacts/2400b0aP.dag/GameCore.Rules.Cards.rsp2
[264/599    0s] WriteText Library/Bee/artifacts/2400b0aP.dag/GameCore.Rules.Cards.UnityAdditionalFile.txt
[265/599    0s] WriteText Library/Bee/artifacts/2400b0aP.dag/Unity.Transforms.UnityAdditionalFile.txt
[266/599    0s] WriteText Library/Bee/artifacts/2400b0aP.dag/Unity.Transforms.rsp2
[267/599    0s] WriteText Library/Bee/artifacts/2400b0aP.dag/GameCore.Rules.Narrative.dll.mvfrm.rsp
[268/599    0s] MovedFromExtractor Library/Bee/artifacts/mvdfrm/UnityEngine.PropertiesModule.dll_608E989DAC413050.mvfrm
[269/599    0s] WriteText Library/Bee/artifacts/2400b0aP.dag/GameCore.Derivation.Fixtures.UnityAdditionalFile.txt
[270/599    0s] WriteText Library/Bee/artifacts/2400b0aP.dag/GameCore.Derivation.Fixtures.rsp2
[271/599    0s] WriteText Library/Bee/artifacts/2400b0aP.dag/GameCore.Rules.Narrative.rsp
[272/599    0s] WriteText Library/Bee/artifacts/2400b0aP.dag/Unity.Transforms.dll.mvfrm.rsp
[273/599    0s] WriteText Library/Bee/artifacts/2400b0aP.dag/GameCore.Rules.Cards.dll.mvfrm.rsp
[274/599    0s] WriteText Library/Bee/artifacts/2400b0aP.dag/GameCore.Gameplay.Narrative.UnityAdditionalFile.txt
[275/599    0s] WriteText Library/Bee/artifacts/2400b0aP.dag/GameCore.Gameplay.Narrative.rsp2
[276/599    0s] WriteText Library/Bee/artifacts/2400b0aP.dag/Unity.Transforms.rsp
[277/599    0s] MovedFromExtractor Library/Bee/artifacts/mvdfrm/UnityEngine.PerformanceReportingModule.dll_C82DCBABE9485C9B.mvfrm
[278/599    0s] WriteText Library/Bee/artifacts/2400b0aP.dag/GameCore.Rules.Cards.rsp
[279/599    0s] WriteText Library/Bee/artifacts/2400b0aP.dag/GameCore.Gameplay.Cards.UnityAdditionalFile.txt
[280/599    0s] WriteText Library/Bee/artifacts/2400b0aP.dag/GameCore.Derivation.Fixtures.dll.mvfrm.rsp
[281/599    0s] WriteText Library/Bee/artifacts/2400b0aP.dag/GameCore.Gameplay.Cards.rsp2
[282/599    0s] MovedFromExtractor Library/Bee/artifacts/mvdfrm/UnityEngine.MultiplayerModule.dll_D7655C20AAB7DBF1.mvfrm
[283/599    0s] WriteText Library/Bee/artifacts/2400b0aP.dag/GameCore.Gameplay.Narrative.dll.mvfrm.rsp
[284/599    0s] WriteText Library/Bee/artifacts/2400b0aP.dag/GameCore.Derivation.Fixtures.rsp
[285/599    0s] WriteText Library/Bee/artifacts/2400b0aP.dag/GameCore.Gameplay.Narrative.rsp
[286/599    0s] WriteText Library/Bee/artifacts/2400b0aP.dag/GameCore.Gameplay.Narrative.Fixtures.UnityAdditionalFile.txt
[287/599    0s] WriteText Library/Bee/artifacts/2400b0aP.dag/GameCore.Gameplay.Narrative.Fixtures.rsp2
[288/599    0s] WriteText Library/Bee/artifacts/2400b0aP.dag/Unity.Entities.Hybrid.HybridComponents.rsp2
[289/599    0s] WriteText Library/Bee/artifacts/2400b0aP.dag/Unity.Entities.Hybrid.HybridComponents.UnityAdditionalFile.txt
[290/599    0s] WriteText Library/Bee/artifacts/2400b0aP.dag/Unity.Scenes.UnityAdditionalFile.txt
[291/599    0s] WriteText Library/Bee/artifacts/2400b0aP.dag/Unity.Scenes.rsp2
[292/599    0s] WriteText Library/Bee/artifacts/2400b0aP.dag/GameCore.Gameplay.Cards.dll.mvfrm.rsp
[293/599    0s] WriteText Library/Bee/artifacts/2400b0aP.dag/GameCore.Validation.Probe.UnityAdditionalFile.txt
[294/599    0s] WriteText Library/Bee/artifacts/2400b0aP.dag/GameCore.Validation.Probe.rsp2
[295/599    0s] WriteText Library/Bee/artifacts/2400b0aP.dag/Unity.Entities.Hybrid.HybridComponents.dll.mvfrm.rsp
[296/599    0s] WriteText Library/Bee/artifacts/2400b0aP.dag/GameCore.Gameplay.Cards.rsp
[297/599    0s] WriteText Library/Bee/artifacts/2400b0aP.dag/Unity.Scenes.dll.mvfrm.rsp
[298/599    0s] WriteText Library/Bee/artifacts/2400b0aP.dag/GameCore.Gameplay.Narrative.Fixtures.dll.mvfrm.rsp
[299/599    0s] WriteText Library/Bee/artifacts/2400b0aP.dag/Unity.Entities.Hybrid.HybridComponents.rsp
[300/599    0s] WriteText Library/Bee/artifacts/2400b0aP.dag/Unity.Scenes.rsp
[301/599    0s] WriteText Library/Bee/artifacts/2400b0aP.dag/GameCore.Gameplay.Narrative.Fixtures.rsp
[302/599    0s] WriteText Library/Bee/artifacts/2400b0aP.dag/GameCore.Validation.FamilyEntries.UnityAdditionalFile.txt
[303/599    0s] WriteText Library/Bee/artifacts/2400b0aP.dag/GameCore.Validation.Probe.dll.mvfrm.rsp
[304/599    0s] WriteText Library/Bee/artifacts/2400b0aP.dag/GameCore.Validation.FamilyEntries.rsp2
[305/599    0s] WriteText Library/Bee/artifacts/2400b0aP.dag/GameCore.Validation.Probe.rsp
[306/599    0s] WriteText Library/Bee/artifacts/2400b0aP.dag/Unity.Entities.Hybrid.rsp2
[307/599    0s] WriteText Library/Bee/artifacts/2400b0aP.dag/Unity.Entities.Hybrid.UnityAdditionalFile.txt
[308/599    0s] WriteText Library/Bee/artifacts/2400b0aP.dag/GameCore.Validation.FamilyEntries.dll.mvfrm.rsp
[309/599    0s] WriteText Library/Bee/artifacts/2400b0aP.dag/GameCore.Validation.Fixture.rsp2
[310/599    0s] WriteText Library/Bee/artifacts/2400b0aP.dag/GameCore.Validation.Fixture.UnityAdditionalFile.txt
[311/599    0s] WriteText Library/Bee/artifacts/2400b0aP.dag/Unity.Entities.Hybrid.dll.mvfrm.rsp
[312/599    0s] WriteText Library/Bee/artifacts/2400b0aP.dag/GameCore.Validation.FamilyEntries.rsp
[313/599    0s] WriteText Library/Bee/artifacts/2400b0aP.dag/GameCore.Validation.Fixture.dll.mvfrm.rsp
[314/599    0s] WriteText Library/Bee/artifacts/2400b0aP.dag/Unity.Entities.Hybrid.rsp
[315/599    0s] WriteText Library/Bee/artifacts/2400b0aP.dag/GameCore.Validation.Fixture.rsp
[316/599    0s] WriteText Library/Bee/artifacts/2400b0aP.dag/GameCore.Unity.Fixtures.rsp2
[317/599    0s] WriteText Library/Bee/artifacts/2400b0aP.dag/GameCore.Validation.GeneratedCards.UnityAdditionalFile.txt
[318/599    0s] WriteText Library/Bee/artifacts/2400b0aP.dag/GameCore.Unity.Fixtures.UnityAdditionalFile.txt
[319/599    0s] WriteText Library/Bee/artifacts/2400b0aP.dag/GameCore.Unity.Adapters.rsp2
[320/599    0s] WriteText Library/Bee/artifacts/2400b0aP.dag/GameCore.Validation.Generated.rsp2
[321/599    0s] WriteText Library/Bee/artifacts/2400b0aP.dag/GameCore.Validation.GeneratedCards.rsp2
[322/599    0s] WriteText Library/Bee/artifacts/2400b0aP.dag/GameCore.Gameplay.Cards.Fixtures.UnityAdditionalFile.txt
[323/599    0s] WriteText Library/Bee/artifacts/2400b0aP.dag/GameCore.Validation.Generated.UnityAdditionalFile.txt
[324/599    0s] WriteText Library/Bee/artifacts/2400b0aP.dag/GameCore.Gameplay.Cards.Fixtures.rsp2
[325/599    0s] WriteText Library/Bee/artifacts/2400b0aP.dag/GameCore.Unity.Adapters.UnityAdditionalFile.txt
[326/599    0s] WriteText Library/Bee/artifacts/2400b0aP.dag/GameCore.Unity.Fixtures.dll.mvfrm.rsp
[327/599    0s] WriteText Library/Bee/artifacts/2400b0aP.dag/GameCore.Validation.Generated.dll.mvfrm.rsp
[328/599    0s] WriteText Library/Bee/artifacts/2400b0aP.dag/GameCore.Unity.Adapters.dll.mvfrm.rsp
[329/599    0s] WriteText Library/Bee/artifacts/2400b0aP.dag/GameCore.Validation.GeneratedCards.dll.mvfrm.rsp
[330/599    0s] WriteText Library/Bee/artifacts/2400b0aP.dag/GameCore.Gameplay.Cards.Fixtures.dll.mvfrm.rsp
[331/599    0s] WriteText Library/Bee/artifacts/2400b0aP.dag/GameCore.Validation.GeneratedCards.rsp
[332/599    0s] WriteText Library/Bee/artifacts/2400b0aP.dag/GameCore.Unity.Fixtures.rsp
[333/599    0s] WriteText Library/Bee/artifacts/2400b0aP.dag/GameCore.Unity.Adapters.rsp
[334/599    0s] WriteText Library/Bee/artifacts/2400b0aP.dag/GameCore.Validation.Generated.rsp
[335/599    0s] WriteText Library/Bee/artifacts/2400b0aP.dag/GameCore.Gameplay.Cards.Fixtures.rsp
[336/599    0s] WriteText Library/Bee/artifacts/2400b0aP.dag/Unity.InternalAPIEngineBridge.002.dll.mvfrm.rsp
[337/599    0s] WriteText Library/Bee/artifacts/2400b0aP.dag/Unity.Deformations.dll.mvfrm.rsp
[338/599    0s] WriteText Library/Bee/artifacts/2400b0aP.dag/Unity.Mathematics.Extensions.Hybrid.dll.mvfrm.rsp
[339/599    0s] WriteText Library/Bee/artifacts/2400b0aP.dag/GameCore.Validation.ProbeHost.dll.mvfrm.rsp
[340/599    0s] WriteText Library/Bee/artifacts/2400b0aP.dag/Unity.ScriptableBuildPipeline.dll.mvfrm.rsp
[341/599    0s] WriteText Library/Bee/artifacts/2400b0aP.dag/Unity.Entities.UI.dll.mvfrm.rsp
[342/599    0s] WriteText Library/Bee/artifacts/2400b0aP.dag/Unity.Transforms.Hybrid.dll.mvfrm.rsp
[343/599    0s] WriteText Library/Bee/artifacts/2400b0aP.dag/Unity.Mathematics.Extensions.Hybrid.rsp2
[344/599    0s] WriteText Library/Bee/artifacts/2400b0aP.dag/Unity.Entities.UI.rsp2
[345/599    0s] WriteText Library/Bee/artifacts/2400b0aP.dag/Unity.Deformations.UnityAdditionalFile.txt
[346/599    0s] WriteText Library/Bee/artifacts/2400b0aP.dag/Unity.Mathematics.Extensions.Hybrid.UnityAdditionalFile.txt
[347/599    0s] WriteText Library/Bee/artifacts/2400b0aP.dag/Unity.Transforms.Hybrid.rsp2
[348/599    0s] WriteText Library/Bee/artifacts/2400b0aP.dag/Unity.Entities.UI.UnityAdditionalFile.txt
[349/599    0s] WriteText Library/Bee/artifacts/2400b0aP.dag/Unity.InternalAPIEngineBridge.002.rsp2
[350/599    0s] WriteText Library/Bee/artifacts/2400b0aP.dag/Unity.ScriptableBuildPipeline.rsp2
[351/599    0s] WriteText Library/Bee/artifacts/2400b0aP.dag/Unity.InternalAPIEngineBridge.002.UnityAdditionalFile.txt
[352/599    0s] WriteText Library/Bee/artifacts/2400b0aP.dag/Unity.Deformations.rsp2
[353/599    0s] WriteText Library/Bee/artifacts/2400b0aP.dag/Unity.Transforms.Hybrid.UnityAdditionalFile.txt
[354/599    0s] WriteText Library/Bee/artifacts/2400b0aP.dag/Unity.ScriptableBuildPipeline.UnityAdditionalFile.txt
[355/599    0s] WriteText Library/Bee/artifacts/2400b0aP.dag/GameCore.Validation.ProbeHost.UnityAdditionalFile.txt
[356/599    0s] WriteText Library/Bee/artifacts/2400b0aP.dag/GameCore.Validation.ProbeHost.rsp2
[357/599    0s] WriteText Library/Bee/artifacts/2400b0aP.dag/Unity.InternalAPIEngineBridge.002.rsp
[358/599    0s] WriteText Library/Bee/artifacts/2400b0aP.dag/Unity.Entities.UI.rsp
[359/599    0s] WriteText Library/Bee/artifacts/2400b0aP.dag/Unity.Transforms.Hybrid.rsp
[360/599    0s] WriteText Library/Bee/artifacts/2400b0aP.dag/Unity.Mathematics.Extensions.Hybrid.rsp
[361/599    0s] WriteText Library/Bee/artifacts/2400b0aP.dag/Unity.ScriptableBuildPipeline.rsp
[362/599    0s] WriteText Library/Bee/artifacts/2400b0aP.dag/GameCore.Validation.ProbeHost.rsp
[363/599    0s] WriteText Library/Bee/artifacts/2400b0aP.dag/Unity.Deformations.rsp
[364/599    0s] MovedFromExtractor Library/Bee/artifacts/mvdfrm/UnityEngine.MarshallingModule.dll_0025DE28D6187BCB.mvfrm
[365/599    0s] MovedFromExtractor-Combine Library/Bee/artifacts/StandaloneLinux64_CodeGen/Unity.Burst.dll.mvfrm
[366/599    0s] MovedFromExtractor-Combine Library/Bee/artifacts/StandaloneLinux64_CodeGen/Unity.Mathematics.dll.mvfrm
[367/599    0s] MovedFromExtractor Library/Bee/artifacts/mvdfrm/UnityEngine.IdentifiersModule.dll_3046C789B4691C91.mvfrm
[368/599    0s] MovedFromExtractor-Combine Library/Bee/artifacts/2400b0aP.dag/GameCore.Derivation.dll.mvfrm
[368/599    0s] Csc Library/Bee/artifacts/StandaloneLinux64_CodeGen/Unity.Mathematics.dll (+2 others) [CacheHit 4e3e1216fc152dd10ed04aab5971951c00000000000000000000000000000004]
[368/599    0s] Csc Library/Bee/artifacts/StandaloneLinux64_CodeGen/Unity.Burst.dll (+2 others) [CacheHit ead2c55fc900cb4bc894e3fbaeb0215500000000000000000000000000000004]
[369/599   1790364399s] Csc Library/Bee/artifacts/StandaloneLinux64_CodeGen/Unity.Mathematics.dll (+2 others)
[371/599   1790364399s] Csc Library/Bee/artifacts/StandaloneLinux64_CodeGen/Unity.Burst.dll (+2 others)
[373/599    0s] MovedFromExtractor-Combine Library/Bee/artifacts/2400b0aP.dag/GameCore.Contracts.dll.mvfrm
[374/599    0s] MovedFromExtractor-Combine Library/Bee/artifacts/StandaloneLinux64_CodeGen/Unity.Profiling.Core.dll.mvfrm
[375/599    0s] MovedFromExtractor Library/Bee/artifacts/mvdfrm/UnityEngine.JSONSerializeModule.dll_CE743F6DE218E70F.mvfrm
[376/599    0s] MovedFromExtractor Library/Bee/artifacts/mvdfrm/UnityEngine.InputModule.dll_F24AF42766F5CEC1.mvfrm
[374/599    0s] Csc Library/Bee/artifacts/2400b0aP.dag/GameCore.Contracts.dll (+2 others) [CacheHit 7832799937b045e1a43f626690fc67d200000000000000000000000000000004]
[377/599   1790364399s] Csc Library/Bee/artifacts/2400b0aP.dag/GameCore.Contracts.dll (+2 others)
[375/599    0s] Csc Library/Bee/artifacts/StandaloneLinux64_CodeGen/Unity.Profiling.Core.dll (+2 others) [CacheHit ce5d6ba37d5ae3427b45555e62bce3cd00000000000000000000000000000004]
[379/599   1790364399s] Csc Library/Bee/artifacts/StandaloneLinux64_CodeGen/Unity.Profiling.Core.dll (+2 others)
[381/599    0s] MovedFromExtractor-Combine Library/Bee/artifacts/2400b0aP.dag/GameCore.Composition.dll.mvfrm
[382/599    0s] MovedFromExtractor Library/Bee/artifacts/mvdfrm/UnityEngine.ImageConversionModule.dll_559DD51CAB35E858.mvfrm
[383/599    0s] MovedFromExtractor Library/Bee/artifacts/mvdfrm/UnityEngine.LocalizationModule.dll_8A27B0B291C04DA6.mvfrm
[384/599    0s] MovedFromExtractor Library/Bee/artifacts/mvdfrm/UnityEngine.RuntimeInitializeOnLoadManagerInitializerModule.dll_5D65F5FC42C32449.mvfrm
[385/599    0s] MovedFromExtractor Library/Bee/artifacts/mvdfrm/UnityEngine.InputLegacyModule.dll_E9025AB289E2046A.mvfrm
[386/599    0s] MovedFromExtractor Library/Bee/artifacts/mvdfrm/UnityEngine.InputForUIModule.dll_3605B378997668D0.mvfrm
[382/599    0s] Csc Library/Bee/artifacts/2400b0aP.dag/GameCore.Derivation.dll (+2 others) [CacheHit a80aa1fa7373a51b1eb149ed3e96862700000000000000000000000000000004]
[387/599   1790364399s] Csc Library/Bee/artifacts/2400b0aP.dag/GameCore.Derivation.dll (+2 others)
[389/599    0s] MovedFromExtractor-Combine Library/Bee/artifacts/2400b0aP.dag/GameCore.Planning.dll.mvfrm
[384/599    0s] Csc Library/Bee/artifacts/2400b0aP.dag/GameCore.Composition.dll (+2 others) [CacheHit ebb657fdd007c58b4679114ff6332b5f00000000000000000000000000000004]
[390/599   1790364399s] Csc Library/Bee/artifacts/2400b0aP.dag/GameCore.Composition.dll (+2 others)
[385/599    0s] Csc Library/Bee/artifacts/2400b0aP.dag/GameCore.Planning.dll (+2 others) [CacheHit 95f9b9aa7ddd09e79e5913ff453da31400000000000000000000000000000004]
[392/599   1790364399s] Csc Library/Bee/artifacts/2400b0aP.dag/GameCore.Planning.dll (+2 others)
[394/599    0s] MovedFromExtractor-Combine Library/Bee/artifacts/2400b0aP.dag/GameCore.Rules.Cards.dll.mvfrm
[395/599    0s] MovedFromExtractor-Combine Library/Bee/artifacts/2400b0aP.dag/GameCore.Rules.Narrative.dll.mvfrm
[388/599    0s] Csc Library/Bee/artifacts/2400b0aP.dag/GameCore.Rules.Narrative.dll (+2 others) [CacheHit 5442491ab749c84690573bf4918ac89500000000000000000000000000000004]
[396/599   1790364399s] Csc Library/Bee/artifacts/2400b0aP.dag/GameCore.Rules.Narrative.dll (+2 others)
[389/599    0s] Csc Library/Bee/artifacts/2400b0aP.dag/GameCore.Rules.Cards.dll (+2 others) [CacheHit 12620a1a7fb2bf5fc6ee3479b692523700000000000000000000000000000004]
[398/599   1790364399s] Csc Library/Bee/artifacts/2400b0aP.dag/GameCore.Rules.Cards.dll (+2 others)
[400/599    0s] MovedFromExtractor-Combine Library/Bee/artifacts/2400b0aP.dag/GameCore.Derivation.Fixtures.dll.mvfrm
[391/599    0s] Csc Library/Bee/artifacts/2400b0aP.dag/GameCore.Derivation.Fixtures.dll (+2 others) [CacheHit 9723591c10e166892ceb11c527a73b6d00000000000000000000000000000004]
[401/599   1790364399s] Csc Library/Bee/artifacts/2400b0aP.dag/GameCore.Derivation.Fixtures.dll (+2 others)
[403/599    0s] MovedFromExtractor-Combine Library/Bee/artifacts/2400b0aP.dag/Unity.Burst.dll.mvfrm
[393/599    0s] Csc Library/Bee/artifacts/2400b0aP.dag/Unity.Burst.dll (+2 others) [CacheHit 6542b3ca63fe742762cb082fc717ec1600000000000000000000000000000004]
[404/599   1790364399s] Csc Library/Bee/artifacts/2400b0aP.dag/Unity.Burst.dll (+2 others)
[406/599    0s] MovedFromExtractor-Combine Library/Bee/artifacts/2400b0aP.dag/Unity.ScriptableBuildPipeline.dll.mvfrm
[407/599    0s] MovedFromExtractor-Combine Library/Bee/artifacts/2400b0aP.dag/Unity.Profiling.Core.dll.mvfrm
[408/599    0s] MovedFromExtractor-Combine Library/Bee/artifacts/2400b0aP.dag/Unity.Mathematics.dll.mvfrm
[409/599    0s] MovedFromExtractor-Combine Library/Bee/artifacts/2400b0aP.dag/Unity.Entities.UI.dll.mvfrm
[410/599    0s] MovedFromExtractor-Combine Library/Bee/artifacts/2400b0aP.dag/GameCore.Validation.Fixture.dll.mvfrm
[411/599    0s] MovedFromExtractor-Combine Library/Bee/artifacts/2400b0aP.dag/GameCore.Validation.FamilyEntries.dll.mvfrm
[412/599    0s] MovedFromExtractor-Combine Library/Bee/artifacts/2400b0aP.dag/GameCore.Validation.GeneratedCards.dll.mvfrm
[413/599    0s] MovedFromExtractor-Combine Library/Bee/artifacts/2400b0aP.dag/Unity.InternalAPIEngineBridge.002.dll.mvfrm
[402/599    0s] Csc Library/Bee/artifacts/2400b0aP.dag/Unity.Profiling.Core.dll (+2 others) [CacheHit 54cf1f1d6ae441fde1ccf71e73ba363800000000000000000000000000000004]
[414/599   1790364399s] Csc Library/Bee/artifacts/2400b0aP.dag/Unity.Profiling.Core.dll (+2 others)
[402/599    0s] Csc Library/Bee/artifacts/2400b0aP.dag/Unity.ScriptableBuildPipeline.dll (+2 others) [CacheHit bd8f9a1869a40aa591b290afc726cd8900000000000000000000000000000004]
[416/599   1790364399s] Csc Library/Bee/artifacts/2400b0aP.dag/Unity.ScriptableBuildPipeline.dll (+2 others)
[404/599    0s] Csc Library/Bee/artifacts/2400b0aP.dag/Unity.InternalAPIEngineBridge.002.dll (+2 others) [CacheHit b69f09db2c8fe7090f80aff1f71bea3b00000000000000000000000000000004]
[418/599   1790364399s] Csc Library/Bee/artifacts/2400b0aP.dag/Unity.InternalAPIEngineBridge.002.dll (+2 others)
[420/599    0s] MovedFromExtractor Library/Bee/artifacts/mvdfrm/Unity.Profiling.Core.ref.dll_19F3E7481F71EFB8.mvfrm
[406/599    0s] Csc Library/Bee/artifacts/2400b0aP.dag/Unity.Entities.UI.dll (+2 others) [CacheHit 452e261b94f1b4b75098667bc482366500000000000000000000000000000004]
[406/599    0s] Csc Library/Bee/artifacts/2400b0aP.dag/Unity.Mathematics.dll (+2 others) [CacheHit 58b7159494743bcd7d69b0619ce69eb300000000000000000000000000000004]
[421/599   1790364399s] Csc Library/Bee/artifacts/2400b0aP.dag/Unity.Entities.UI.dll (+2 others)
[423/599   1790364399s] Csc Library/Bee/artifacts/2400b0aP.dag/Unity.Mathematics.dll (+2 others)
[425/599    0s] MovedFromExtractor Library/Bee/artifacts/mvdfrm/Unity.Mathematics.ref.dll_F5F3025573FAA9FB.mvfrm
[426/599    0s] MovedFromExtractor Library/Bee/artifacts/mvdfrm/Unity.Burst.ref.dll_1A2075C3D6048D35.mvfrm
[427/599    0s] MovedFromExtractor-Combine Library/Bee/artifacts/StandaloneLinux64_CodeGen/Unity.Collections.dll.mvfrm
[411/599    0s] Csc Library/Bee/artifacts/StandaloneLinux64_CodeGen/Unity.Collections.dll (+2 others) [CacheHit 696bac081451d2dfc1a2a34aa408096700000000000000000000000000000004]
[428/599   1790364399s] Csc Library/Bee/artifacts/StandaloneLinux64_CodeGen/Unity.Collections.dll (+2 others)
[430/599    0s] MovedFromExtractor-Combine Library/Bee/artifacts/StandaloneLinux64_CodeGen/Unity.Burst.CodeGen.dll.mvfrm
[431/599    0s] MovedFromExtractor Library/Bee/artifacts/mvdfrm/Unity.Profiling.Core.ref.dll_EFC45262429523B0.mvfrm
[432/599    0s] MovedFromExtractor Library/Bee/artifacts/mvdfrm/Unity.Burst.ref.dll_BE04C790A30438BD.mvfrm
[415/599    0s] Csc Library/Bee/artifacts/StandaloneLinux64_CodeGen/Unity.Burst.CodeGen.dll (+2 others) [CacheHit e3c260b0ab6e89371c7c2d0c59fe39e100000000000000000000000000000004]
[433/599   1790364399s] Csc Library/Bee/artifacts/StandaloneLinux64_CodeGen/Unity.Burst.CodeGen.dll (+2 others)
[435/599    0s] MovedFromExtractor Library/Bee/artifacts/mvdfrm/Unity.Mathematics.ref.dll_1DE51DC70DF97883.mvfrm
[436/599    0s] MovedFromExtractor Library/Bee/artifacts/mvdfrm/Unity.Collections.ref.dll_72709B4ACE1F317A.mvfrm
[437/599    0s] MovedFromExtractor-Combine Library/Bee/artifacts/2400b0aP.dag/Unity.Collections.dll.mvfrm
[419/599    0s] Csc Library/Bee/artifacts/2400b0aP.dag/Unity.Collections.dll (+2 others) [CacheHit a8e20d2abd3cf3a15684730616779fb900000000000000000000000000000004]
[438/599   1790364400s] Csc Library/Bee/artifacts/2400b0aP.dag/Unity.Collections.dll (+2 others)
[440/599    0s] MovedFromExtractor-Combine Library/Bee/artifacts/StandaloneLinux64_CodeGen/Unity.Serialization.dll.mvfrm
[441/599    0s] MovedFromExtractor-Combine Library/Bee/artifacts/StandaloneLinux64_CodeGen/Unity.Mathematics.Extensions.dll.mvfrm
[442/599    0s] MovedFromExtractor-Combine Library/Bee/artifacts/StandaloneLinux64_CodeGen/Unity.Collections.CodeGen.dll.mvfrm
[423/599    0s] Csc Library/Bee/artifacts/StandaloneLinux64_CodeGen/Unity.Collections.CodeGen.dll (+2 others) [CacheHit 11da69c21e99fd3188e3ccea73ff0a7c00000000000000000000000000000004]
[443/599   1790364400s] Csc Library/Bee/artifacts/StandaloneLinux64_CodeGen/Unity.Collections.CodeGen.dll (+2 others)
[424/599    0s] Csc Library/Bee/artifacts/StandaloneLinux64_CodeGen/Unity.Serialization.dll (+2 others) [CacheHit a383dda540d07351a8596a341cc7363600000000000000000000000000000004]
[424/599    0s] Csc Library/Bee/artifacts/StandaloneLinux64_CodeGen/Unity.Mathematics.Extensions.dll (+2 others) [CacheHit fd61cb794d6fc07e73158dfd1558583d00000000000000000000000000000004]
[445/599   1790364400s] Csc Library/Bee/artifacts/StandaloneLinux64_CodeGen/Unity.Serialization.dll (+2 others)
[447/599   1790364400s] Csc Library/Bee/artifacts/StandaloneLinux64_CodeGen/Unity.Mathematics.Extensions.dll (+2 others)
[449/599    0s] MovedFromExtractor Library/Bee/artifacts/mvdfrm/Unity.Collections.ref.dll_9A62B6BC681E0002.mvfrm
[450/599    0s] MovedFromExtractor Library/Bee/artifacts/mvdfrm/Unity.Serialization.ref.dll_B90CD98EFA335935.mvfrm
[451/599    0s] MovedFromExtractor Library/Bee/artifacts/mvdfrm/Unity.Mathematics.Extensions.ref.dll_13713269127C3C7D.mvfrm
[452/599    0s] MovedFromExtractor-Combine Library/Bee/artifacts/2400b0aP.dag/Unity.Serialization.dll.mvfrm
[453/599    0s] MovedFromExtractor-Combine Library/Bee/artifacts/2400b0aP.dag/Unity.Mathematics.Extensions.dll.mvfrm
[454/599    0s] MovedFromExtractor-Combine Library/Bee/artifacts/2400b0aP.dag/GameCore.Validation.Generated.dll.mvfrm
[432/599    0s] Csc Library/Bee/artifacts/2400b0aP.dag/Unity.Serialization.dll (+2 others) [CacheHit 3bae15aa300f2a222f19912938ab284e00000000000000000000000000000004]
[432/599    0s] Csc Library/Bee/artifacts/2400b0aP.dag/Unity.Mathematics.Extensions.dll (+2 others) [CacheHit e15a1378fa900d40d1f621b8082db02c00000000000000000000000000000004]
[455/599   1790364400s] Csc Library/Bee/artifacts/2400b0aP.dag/Unity.Serialization.dll (+2 others)
[457/599   1790364400s] Csc Library/Bee/artifacts/2400b0aP.dag/Unity.Mathematics.Extensions.dll (+2 others)
[459/599    0s] MovedFromExtractor-Combine Library/Bee/artifacts/StandaloneLinux64_CodeGen/Unity.Entities.dll.mvfrm
[435/599    0s] Csc Library/Bee/artifacts/StandaloneLinux64_CodeGen/Unity.Entities.dll (+2 others) [CacheHit 663a68f57422f01d74e6847aef68919000000000000000000000000000000004]
[460/599   1790364400s] Csc Library/Bee/artifacts/StandaloneLinux64_CodeGen/Unity.Entities.dll (+2 others)
[462/599    0s] MovedFromExtractor Library/Bee/artifacts/mvdfrm/Unity.Mathematics.Extensions.ref.dll_91BE7BEA0C016C75.mvfrm
[463/599    0s] MovedFromExtractor Library/Bee/artifacts/mvdfrm/Unity.Serialization.ref.dll_D19C097AAEC0C8BD.mvfrm
[464/599    0s] MovedFromExtractor Library/Bee/artifacts/mvdfrm/Unity.Entities.ref.dll_E08CB4D26D5991C2.mvfrm
[465/599    0s] MovedFromExtractor-Combine Library/Bee/artifacts/2400b0aP.dag/Unity.Mathematics.Extensions.Hybrid.dll.mvfrm
[466/599    0s] MovedFromExtractor-Combine Library/Bee/artifacts/2400b0aP.dag/Unity.Entities.dll.mvfrm
[441/599    0s] Csc Library/Bee/artifacts/2400b0aP.dag/Unity.Entities.dll (+2 others) [CacheHit 83ff137c9e5893be5eb9e7ee920c388000000000000000000000000000000004]
[441/599    0s] Csc Library/Bee/artifacts/2400b0aP.dag/Unity.Mathematics.Extensions.Hybrid.dll (+2 others) [CacheHit cadb1e3dd8a65ef17d47787801fff96a00000000000000000000000000000004]
[467/599   1790364400s] Csc Library/Bee/artifacts/2400b0aP.dag/Unity.Entities.dll (+2 others)
[469/599   1790364400s] Csc Library/Bee/artifacts/2400b0aP.dag/Unity.Mathematics.Extensions.Hybrid.dll (+2 others)
[471/599    0s] MovedFromExtractor-Combine Library/Bee/artifacts/StandaloneLinux64_CodeGen/Unity.Entities.CodeGen.dll.mvfrm
[444/599    0s] Csc Library/Bee/artifacts/StandaloneLinux64_CodeGen/Unity.Entities.CodeGen.dll (+2 others) [CacheHit 38ce756eac66a0f699fe47a00dd8071000000000000000000000000000000004]
[472/599   1790364400s] Csc Library/Bee/artifacts/StandaloneLinux64_CodeGen/Unity.Entities.CodeGen.dll (+2 others)
[474/599    0s] ILPP-Configuration Library/ilpp-configuration.nevergeneratedoutput
[475/599    0s] MovedFromExtractor Library/Bee/artifacts/mvdfrm/Unity.Entities.ref.dll_C1ECEBA0CEE3F8BA.mvfrm
[476/599    0s] ILPostProcess Library/Bee/artifacts/2400b0aP.dag/post-processed/GameCore.Contracts.dll (+pdb)
Processing assembly Library/Bee/artifacts/2400b0aP.dag/GameCore.Contracts.dll, with 113 defines and 126 references
processors: Unity.Entities.CodeGen.EntitiesILPostProcessors, Unity.Jobs.CodeGen.JobsILPostProcessor, zzzUnity.Burst.CodeGen.BurstILPostProcessor
running Unity.Entities.CodeGen.EntitiesILPostProcessors
running Unity.Jobs.CodeGen.JobsILPostProcessor
running zzzUnity.Burst.CodeGen.BurstILPostProcessor
[477/599    0s] ILPostProcess Library/Bee/artifacts/2400b0aP.dag/post-processed/GameCore.Derivation.dll (+pdb)
Processing assembly Library/Bee/artifacts/2400b0aP.dag/GameCore.Derivation.dll, with 113 defines and 127 references
processors: Unity.Entities.CodeGen.EntitiesILPostProcessors, Unity.Jobs.CodeGen.JobsILPostProcessor, zzzUnity.Burst.CodeGen.BurstILPostProcessor
running Unity.Entities.CodeGen.EntitiesILPostProcessors
running Unity.Jobs.CodeGen.JobsILPostProcessor
running zzzUnity.Burst.CodeGen.BurstILPostProcessor
[478/599    0s] ILPostProcess Library/Bee/artifacts/2400b0aP.dag/post-processed/Unity.Mathematics.dll (+pdb)
Processing assembly Library/Bee/artifacts/2400b0aP.dag/Unity.Mathematics.dll, with 113 defines and 176 references
processors: Unity.Entities.CodeGen.EntitiesILPostProcessors, Unity.Jobs.CodeGen.JobsILPostProcessor, zzzUnity.Burst.CodeGen.BurstILPostProcessor
running Unity.Entities.CodeGen.EntitiesILPostProcessors
running Unity.Jobs.CodeGen.JobsILPostProcessor
running zzzUnity.Burst.CodeGen.BurstILPostProcessor
[479/599    0s] ILPostProcess Library/Bee/artifacts/2400b0aP.dag/post-processed/GameCore.Rules.Narrative.dll (+pdb)
Processing assembly Library/Bee/artifacts/2400b0aP.dag/GameCore.Rules.Narrative.dll, with 113 defines and 127 references
processors: Unity.Entities.CodeGen.EntitiesILPostProcessors, Unity.Jobs.CodeGen.JobsILPostProcessor, zzzUnity.Burst.CodeGen.BurstILPostProcessor
running Unity.Entities.CodeGen.EntitiesILPostProcessors
running Unity.Jobs.CodeGen.JobsILPostProcessor
running zzzUnity.Burst.CodeGen.BurstILPostProcessor
[480/599    0s] ILPostProcess Library/Bee/artifacts/2400b0aP.dag/post-processed/GameCore.Composition.dll (+pdb)
Processing assembly Library/Bee/artifacts/2400b0aP.dag/GameCore.Composition.dll, with 113 defines and 127 references
processors: Unity.Entities.CodeGen.EntitiesILPostProcessors, Unity.Jobs.CodeGen.JobsILPostProcessor, zzzUnity.Burst.CodeGen.BurstILPostProcessor
running Unity.Entities.CodeGen.EntitiesILPostProcessors
running Unity.Jobs.CodeGen.JobsILPostProcessor
running zzzUnity.Burst.CodeGen.BurstILPostProcessor
[481/599    0s] ILPostProcess Library/Bee/artifacts/2400b0aP.dag/post-processed/GameCore.Rules.Cards.dll (+pdb)
Processing assembly Library/Bee/artifacts/2400b0aP.dag/GameCore.Rules.Cards.dll, with 113 defines and 127 references
processors: Unity.Entities.CodeGen.EntitiesILPostProcessors, Unity.Jobs.CodeGen.JobsILPostProcessor, zzzUnity.Burst.CodeGen.BurstILPostProcessor
running Unity.Entities.CodeGen.EntitiesILPostProcessors
running Unity.Jobs.CodeGen.JobsILPostProcessor
running zzzUnity.Burst.CodeGen.BurstILPostProcessor
[482/599    0s] ILPostProcess Library/Bee/artifacts/2400b0aP.dag/post-processed/Unity.Profiling.Core.dll (+pdb)
Processing assembly Library/Bee/artifacts/2400b0aP.dag/Unity.Profiling.Core.dll, with 113 defines and 176 references
processors: Unity.Entities.CodeGen.EntitiesILPostProcessors, Unity.Jobs.CodeGen.JobsILPostProcessor, zzzUnity.Burst.CodeGen.BurstILPostProcessor
running Unity.Entities.CodeGen.EntitiesILPostProcessors
running Unity.Jobs.CodeGen.JobsILPostProcessor
running zzzUnity.Burst.CodeGen.BurstILPostProcessor
[483/599    0s] ILPostProcess Library/Bee/artifacts/2400b0aP.dag/post-processed/GameCore.Planning.dll (+pdb)
Processing assembly Library/Bee/artifacts/2400b0aP.dag/GameCore.Planning.dll, with 113 defines and 127 references
processors: Unity.Entities.CodeGen.EntitiesILPostProcessors, Unity.Jobs.CodeGen.JobsILPostProcessor, zzzUnity.Burst.CodeGen.BurstILPostProcessor
running Unity.Entities.CodeGen.EntitiesILPostProcessors
running Unity.Jobs.CodeGen.JobsILPostProcessor
running zzzUnity.Burst.CodeGen.BurstILPostProcessor
[484/599    0s] MovedFromExtractor-Combine Library/Bee/artifacts/2400b0aP.dag/Unity.Transforms.dll.mvfrm
[456/599    0s] Csc Library/Bee/artifacts/2400b0aP.dag/Unity.Transforms.dll (+2 others) [CacheHit 87f35afa44759e2e7f4bcdfc1ac5ba7500000000000000000000000000000004]
[485/599   1790364400s] Csc Library/Bee/artifacts/2400b0aP.dag/Unity.Transforms.dll (+2 others)
[487/599    0s] MovedFromExtractor-Combine Library/Bee/artifacts/2400b0aP.dag/GameCore.Unity.Runtime.dll.mvfrm
[488/599    0s] MovedFromExtractor-Combine Library/Bee/artifacts/2400b0aP.dag/GameCore.Unity.Adapters.dll.mvfrm
[489/599    0s] MovedFromExtractor-Combine Library/Bee/artifacts/2400b0aP.dag/GameCore.Unity.Fixtures.dll.mvfrm
[490/599    0s] MovedFromExtractor-Combine Library/Bee/artifacts/2400b0aP.dag/GameCore.Gameplay.Narrative.Fixtures.dll.mvfrm
[491/599    0s] MovedFromExtractor-Combine Library/Bee/artifacts/2400b0aP.dag/GameCore.Gameplay.Narrative.dll.mvfrm
[492/599    0s] MovedFromExtractor-Combine Library/Bee/artifacts/2400b0aP.dag/Unity.Entities.Hybrid.HybridComponents.dll.mvfrm
[493/599    0s] CopyFiles Library/Bee/PlayerScriptAssemblies/Unity.Profiling.Core.dll
[494/599    0s] CopyFiles Library/Bee/PlayerScriptAssemblies/GameCore.Planning.dll
[495/599    0s] CopyFiles Library/Bee/PlayerScriptAssemblies/GameCore.Derivation.dll
[496/599    0s] CopyFiles Library/Bee/PlayerScriptAssemblies/GameCore.Rules.Narrative.dll
[497/599    0s] CopyFiles Library/Bee/PlayerScriptAssemblies/GameCore.Composition.dll
[498/599    0s] CopyFiles Library/Bee/PlayerScriptAssemblies/GameCore.Rules.Cards.dll
[499/599    0s] CopyFiles Library/Bee/PlayerScriptAssemblies/GameCore.Contracts.dll
[500/599    0s] CopyFiles Library/Bee/PlayerScriptAssemblies/Unity.Mathematics.dll
[501/599    0s] CopyFiles Library/Bee/PlayerScriptAssemblies/GameCore.Derivation.pdb
[502/599    0s] CopyFiles Library/Bee/PlayerScriptAssemblies/GameCore.Rules.Narrative.pdb
[503/599    0s] CopyFiles Library/Bee/PlayerScriptAssemblies/GameCore.Composition.pdb
[504/599    0s] CopyFiles Library/Bee/PlayerScriptAssemblies/GameCore.Planning.pdb
[505/599    0s] CopyFiles Library/Bee/PlayerScriptAssemblies/Unity.Profiling.Core.pdb
[506/599    0s] CopyFiles Library/Bee/PlayerScriptAssemblies/GameCore.Rules.Cards.pdb
[507/599    0s] MovedFromExtractor-Combine Library/Bee/artifacts/2400b0aP.dag/GameCore.Gameplay.Cards.Fixtures.dll.mvfrm
[508/599    0s] MovedFromExtractor-Combine Library/Bee/artifacts/2400b0aP.dag/GameCore.Validation.Probe.dll.mvfrm
[509/599    0s] CopyFiles Library/Bee/PlayerScriptAssemblies/GameCore.Contracts.pdb
[510/599    0s] CopyFiles Library/Bee/PlayerScriptAssemblies/Unity.Mathematics.pdb
[481/599    0s] Csc Library/Bee/artifacts/2400b0aP.dag/Unity.Entities.Hybrid.HybridComponents.dll (+2 others) [CacheHit 0a48528064a6ddf2e94097da8c10c1ad00000000000000000000000000000004]
[511/599   1790364400s] Csc Library/Bee/artifacts/2400b0aP.dag/Unity.Entities.Hybrid.HybridComponents.dll (+2 others)
[513/599    0s] MovedFromExtractor-Combine Library/Bee/artifacts/2400b0aP.dag/GameCore.Gameplay.Cards.dll.mvfrm
[514/599    0s] MovedFromExtractor Library/Bee/artifacts/mvdfrm/Unity.Transforms.ref.dll_4324FA1CF5A1B9E0.mvfrm
[515/599    0s] MovedFromExtractor-Combine Library/Bee/artifacts/2400b0aP.dag/GameCore.Validation.ProbeHost.dll.mvfrm
[516/599    0s] MovedFromExtractor-Combine Library/Bee/artifacts/2400b0aP.dag/Unity.Deformations.dll.mvfrm
[486/599    0s] Csc Library/Bee/artifacts/2400b0aP.dag/Unity.Deformations.dll (+2 others) [CacheHit b4fc5ff5138aec70c4c926706b9ff0dd00000000000000000000000000000004]
[517/599   1790364400s] Csc Library/Bee/artifacts/2400b0aP.dag/Unity.Deformations.dll (+2 others)
[519/599    0s] MovedFromExtractor Library/Bee/artifacts/mvdfrm/Unity.Entities.Hybrid.HybridComponents.ref.dll_672D027F30AF1750.mvfrm
[520/599    0s] MovedFromExtractor-Combine Library/Bee/artifacts/2400b0aP.dag/Unity.Scenes.dll.mvfrm
[489/599    0s] Csc Library/Bee/artifacts/2400b0aP.dag/Unity.Scenes.dll (+2 others) [CacheHit d12eb60a335a974fca4c6bc5efdb0e4d00000000000000000000000000000004]
[521/599   1790364400s] Csc Library/Bee/artifacts/2400b0aP.dag/Unity.Scenes.dll (+2 others)
[523/599    0s] MovedFromExtractor Library/Bee/artifacts/mvdfrm/Unity.Scenes.ref.dll_6F000D70B2DB3E70.mvfrm
[524/599    0s] MovedFromExtractor-Combine Library/Bee/artifacts/2400b0aP.dag/Unity.Entities.Hybrid.dll.mvfrm
[492/599    0s] Csc Library/Bee/artifacts/2400b0aP.dag/Unity.Entities.Hybrid.dll (+2 others) [CacheHit add45647f21598e6acb825c84563ac5e00000000000000000000000000000004]
[525/599   1790364400s] Csc Library/Bee/artifacts/2400b0aP.dag/Unity.Entities.Hybrid.dll (+2 others)
[527/599    0s] MovedFromExtractor Library/Bee/artifacts/mvdfrm/Unity.Entities.Hybrid.ref.dll_2BA31A1330A726C6.mvfrm
[528/599    0s] MovedFromExtractor-Combine Library/Bee/artifacts/2400b0aP.dag/Unity.Transforms.Hybrid.dll.mvfrm
[495/599    0s] Csc Library/Bee/artifacts/2400b0aP.dag/Unity.Transforms.Hybrid.dll (+2 others) [CacheHit c271d0b6576df975350196147a53cc6c00000000000000000000000000000004]
[529/599   1790364400s] Csc Library/Bee/artifacts/2400b0aP.dag/Unity.Transforms.Hybrid.dll (+2 others)
[531/599    0s] ILPostProcess Library/Bee/artifacts/2400b0aP.dag/post-processed/Unity.Entities.Hybrid.HybridComponents.dll (+pdb)
Processing assembly Library/Bee/artifacts/2400b0aP.dag/Unity.Entities.Hybrid.HybridComponents.dll, with 113 defines and 178 references
processors: Unity.Entities.CodeGen.EntitiesILPostProcessors, Unity.Jobs.CodeGen.JobsILPostProcessor, zzzUnity.Burst.CodeGen.BurstILPostProcessor
running Unity.Entities.CodeGen.EntitiesILPostProcessors
running Unity.Jobs.CodeGen.JobsILPostProcessor
running zzzUnity.Burst.CodeGen.BurstILPostProcessor
[532/599    0s] ILPostProcess Library/Bee/artifacts/2400b0aP.dag/post-processed/Unity.Deformations.dll (+pdb)
Processing assembly Library/Bee/artifacts/2400b0aP.dag/Unity.Deformations.dll, with 113 defines and 179 references
processors: Unity.Entities.CodeGen.EntitiesILPostProcessors, Unity.Jobs.CodeGen.JobsILPostProcessor, zzzUnity.Burst.CodeGen.BurstILPostProcessor
running Unity.Entities.CodeGen.EntitiesILPostProcessors
running Unity.Jobs.CodeGen.JobsILPostProcessor
running zzzUnity.Burst.CodeGen.BurstILPostProcessor
[533/599    0s] CopyFiles Library/Bee/PlayerScriptAssemblies/Unity.Entities.Hybrid.HybridComponents.dll
[534/599    0s] CopyFiles Library/Bee/PlayerScriptAssemblies/Unity.Entities.Hybrid.HybridComponents.pdb
[535/599    0s] CopyFiles Library/Bee/PlayerScriptAssemblies/Unity.Deformations.dll
[536/599    0s] CopyFiles Library/Bee/PlayerScriptAssemblies/Unity.Deformations.pdb
[537/599    0s] ILPostProcess Library/Bee/artifacts/2400b0aP.dag/post-processed/Unity.Scenes.dll (+pdb)
Processing assembly Library/Bee/artifacts/2400b0aP.dag/Unity.Scenes.dll, with 113 defines and 182 references
processors: Unity.Entities.CodeGen.EntitiesILPostProcessors, Unity.Jobs.CodeGen.JobsILPostProcessor, zzzUnity.Burst.CodeGen.BurstILPostProcessor
running Unity.Entities.CodeGen.EntitiesILPostProcessors
running Unity.Jobs.CodeGen.JobsILPostProcessor
running zzzUnity.Burst.CodeGen.BurstILPostProcessor
[538/599    0s] ILPostProcess Library/Bee/artifacts/2400b0aP.dag/post-processed/Unity.Transforms.dll (+pdb)
Processing assembly Library/Bee/artifacts/2400b0aP.dag/Unity.Transforms.dll, with 113 defines and 180 references
processors: Unity.Entities.CodeGen.EntitiesILPostProcessors, Unity.Jobs.CodeGen.JobsILPostProcessor, zzzUnity.Burst.CodeGen.BurstILPostProcessor
running Unity.Entities.CodeGen.EntitiesILPostProcessors
running Unity.Jobs.CodeGen.JobsILPostProcessor
running zzzUnity.Burst.CodeGen.BurstILPostProcessor
[539/599    0s] ILPostProcess Library/Bee/artifacts/2400b0aP.dag/post-processed/Unity.Transforms.Hybrid.dll (+pdb)
Processing assembly Library/Bee/artifacts/2400b0aP.dag/Unity.Transforms.Hybrid.dll, with 113 defines and 182 references
processors: Unity.Entities.CodeGen.EntitiesILPostProcessors, Unity.Jobs.CodeGen.JobsILPostProcessor, zzzUnity.Burst.CodeGen.BurstILPostProcessor
running Unity.Entities.CodeGen.EntitiesILPostProcessors
running Unity.Jobs.CodeGen.JobsILPostProcessor
running zzzUnity.Burst.CodeGen.BurstILPostProcessor
[540/599    0s] ILPostProcess Library/Bee/artifacts/2400b0aP.dag/post-processed/Unity.Mathematics.Extensions.Hybrid.dll (+pdb)
Processing assembly Library/Bee/artifacts/2400b0aP.dag/Unity.Mathematics.Extensions.Hybrid.dll, with 113 defines and 180 references
processors: Unity.Entities.CodeGen.EntitiesILPostProcessors, Unity.Jobs.CodeGen.JobsILPostProcessor, zzzUnity.Burst.CodeGen.BurstILPostProcessor
running Unity.Entities.CodeGen.EntitiesILPostProcessors
running Unity.Jobs.CodeGen.JobsILPostProcessor
running zzzUnity.Burst.CodeGen.BurstILPostProcessor
[541/599    0s] ILPostProcess Library/Bee/artifacts/2400b0aP.dag/post-processed/Unity.Burst.dll (+pdb)
Processing assembly Library/Bee/artifacts/2400b0aP.dag/Unity.Burst.dll, with 113 defines and 173 references
processors: Unity.Entities.CodeGen.EntitiesILPostProcessors, Unity.Jobs.CodeGen.JobsILPostProcessor, zzzUnity.Burst.CodeGen.BurstILPostProcessor
running Unity.Entities.CodeGen.EntitiesILPostProcessors
running Unity.Jobs.CodeGen.JobsILPostProcessor
running zzzUnity.Burst.CodeGen.BurstILPostProcessor
[542/599    0s] ILPostProcess Library/Bee/artifacts/2400b0aP.dag/post-processed/Unity.Serialization.dll (+pdb)
Processing assembly Library/Bee/artifacts/2400b0aP.dag/Unity.Serialization.dll, with 113 defines and 179 references
processors: Unity.Entities.CodeGen.EntitiesILPostProcessors, Unity.Jobs.CodeGen.JobsILPostProcessor, zzzUnity.Burst.CodeGen.BurstILPostProcessor
running Unity.Entities.CodeGen.EntitiesILPostProcessors
running Unity.Jobs.CodeGen.JobsILPostProcessor
running zzzUnity.Burst.CodeGen.BurstILPostProcessor
[543/599    0s] ILPostProcess Library/Bee/artifacts/2400b0aP.dag/post-processed/Unity.Entities.UI.dll (+pdb)
Processing assembly Library/Bee/artifacts/2400b0aP.dag/Unity.Entities.UI.dll, with 113 defines and 176 references
processors: Unity.Entities.CodeGen.EntitiesILPostProcessors, Unity.Jobs.CodeGen.JobsILPostProcessor, zzzUnity.Burst.CodeGen.BurstILPostProcessor
running Unity.Entities.CodeGen.EntitiesILPostProcessors
running Unity.Jobs.CodeGen.JobsILPostProcessor
running zzzUnity.Burst.CodeGen.BurstILPostProcessor
[544/599    0s] ILPostProcess Library/Bee/artifacts/2400b0aP.dag/post-processed/Unity.Collections.dll (+pdb)
Processing assembly Library/Bee/artifacts/2400b0aP.dag/Unity.Collections.dll, with 115 defines and 178 references
processors: Unity.Entities.CodeGen.EntitiesILPostProcessors, Unity.Jobs.CodeGen.JobsILPostProcessor, zzzUnity.Burst.CodeGen.BurstILPostProcessor
running Unity.Entities.CodeGen.EntitiesILPostProcessors
running Unity.Jobs.CodeGen.JobsILPostProcessor
running zzzUnity.Burst.CodeGen.BurstILPostProcessor
[545/599    0s] CopyFiles Library/Bee/PlayerScriptAssemblies/Unity.Transforms.dll
[546/599    0s] CopyFiles Library/Bee/PlayerScriptAssemblies/Unity.Scenes.pdb
[547/599    0s] CopyFiles Library/Bee/PlayerScriptAssemblies/Unity.Transforms.pdb
[548/599    0s] CopyFiles Library/Bee/PlayerScriptAssemblies/Unity.Transforms.Hybrid.pdb
[549/599    0s] CopyFiles Library/Bee/PlayerScriptAssemblies/Unity.Scenes.dll
[550/599    0s] CopyFiles Library/Bee/PlayerScriptAssemblies/Unity.Transforms.Hybrid.dll
[551/599    0s] CopyFiles Library/Bee/PlayerScriptAssemblies/Unity.Mathematics.Extensions.Hybrid.dll
[552/599    0s] CopyFiles Library/Bee/PlayerScriptAssemblies/Unity.Mathematics.Extensions.Hybrid.pdb
[553/599    0s] CopyFiles Library/Bee/PlayerScriptAssemblies/Unity.Burst.pdb
[554/599    0s] CopyFiles Library/Bee/PlayerScriptAssemblies/Unity.Collections.pdb
[555/599    0s] CopyFiles Library/Bee/PlayerScriptAssemblies/Unity.Burst.dll
[556/599    0s] CopyFiles Library/Bee/PlayerScriptAssemblies/Unity.Collections.dll
[557/599    0s] CopyFiles Library/Bee/PlayerScriptAssemblies/Unity.Entities.UI.dll
[558/599    0s] CopyFiles Library/Bee/PlayerScriptAssemblies/Unity.Entities.UI.pdb
[559/599    0s] CopyFiles Library/Bee/PlayerScriptAssemblies/Unity.Serialization.pdb
[560/599    0s] CopyFiles Library/Bee/PlayerScriptAssemblies/Unity.Serialization.dll
[561/599    0s] ILPostProcess Library/Bee/artifacts/2400b0aP.dag/post-processed/Unity.Entities.Hybrid.dll (+pdb)
Processing assembly Library/Bee/artifacts/2400b0aP.dag/Unity.Entities.Hybrid.dll, with 114 defines and 184 references
processors: Unity.Entities.CodeGen.EntitiesILPostProcessors, Unity.Jobs.CodeGen.JobsILPostProcessor, zzzUnity.Burst.CodeGen.BurstILPostProcessor
running Unity.Entities.CodeGen.EntitiesILPostProcessors
running Unity.Jobs.CodeGen.JobsILPostProcessor
running zzzUnity.Burst.CodeGen.BurstILPostProcessor
[562/599    0s] CopyFiles Library/Bee/PlayerScriptAssemblies/Unity.Entities.Hybrid.pdb
[563/599    0s] CopyFiles Library/Bee/PlayerScriptAssemblies/Unity.Entities.Hybrid.dll
[564/599    0s] Csc Library/Bee/artifacts/2400b0aP.dag/GameCore.Validation.Probe.dll (+2 others)
[565/599    0s] Csc Library/Bee/artifacts/2400b0aP.dag/GameCore.Validation.Fixture.dll (+2 others)
[566/599    0s] ILPostProcess Library/Bee/artifacts/2400b0aP.dag/post-processed/GameCore.Validation.Probe.dll (+pdb)
Processing assembly Library/Bee/artifacts/2400b0aP.dag/GameCore.Validation.Probe.dll, with 113 defines and 180 references
processors: Unity.Entities.CodeGen.EntitiesILPostProcessors, Unity.Jobs.CodeGen.JobsILPostProcessor, zzzUnity.Burst.CodeGen.BurstILPostProcessor
running Unity.Entities.CodeGen.EntitiesILPostProcessors
running Unity.Jobs.CodeGen.JobsILPostProcessor
running zzzUnity.Burst.CodeGen.BurstILPostProcessor
[567/599    0s] CopyFiles Library/Bee/PlayerScriptAssemblies/GameCore.Validation.Probe.dll
[568/599    0s] CopyFiles Library/Bee/PlayerScriptAssemblies/GameCore.Validation.Probe.pdb
[569/599    0s] ILPostProcess Library/Bee/artifacts/2400b0aP.dag/post-processed/GameCore.Validation.Fixture.dll (+pdb)
Processing assembly Library/Bee/artifacts/2400b0aP.dag/GameCore.Validation.Fixture.dll, with 113 defines and 178 references
processors: Unity.Entities.CodeGen.EntitiesILPostProcessors, Unity.Jobs.CodeGen.JobsILPostProcessor, zzzUnity.Burst.CodeGen.BurstILPostProcessor
running Unity.Entities.CodeGen.EntitiesILPostProcessors
running Unity.Jobs.CodeGen.JobsILPostProcessor
running zzzUnity.Burst.CodeGen.BurstILPostProcessor
[570/599    0s] CopyFiles Library/Bee/PlayerScriptAssemblies/GameCore.Validation.Fixture.pdb
[571/599    0s] CopyFiles Library/Bee/PlayerScriptAssemblies/GameCore.Validation.Fixture.dll
[572/599    1s] ILPostProcess Library/Bee/artifacts/2400b0aP.dag/post-processed/Unity.ScriptableBuildPipeline.dll (+pdb)
Processing assembly Library/Bee/artifacts/2400b0aP.dag/Unity.ScriptableBuildPipeline.dll, with 113 defines and 176 references
processors: Unity.Entities.CodeGen.EntitiesILPostProcessors, Unity.Jobs.CodeGen.JobsILPostProcessor, zzzUnity.Burst.CodeGen.BurstILPostProcessor
running Unity.Entities.CodeGen.EntitiesILPostProcessors
running Unity.Jobs.CodeGen.JobsILPostProcessor
running zzzUnity.Burst.CodeGen.BurstILPostProcessor
[573/599    1s] ILPostProcess Library/Bee/artifacts/2400b0aP.dag/post-processed/Unity.InternalAPIEngineBridge.002.dll (+pdb)
Processing assembly Library/Bee/artifacts/2400b0aP.dag/Unity.InternalAPIEngineBridge.002.dll, with 113 defines and 176 references
processors: Unity.Entities.CodeGen.EntitiesILPostProcessors, Unity.Jobs.CodeGen.JobsILPostProcessor, zzzUnity.Burst.CodeGen.BurstILPostProcessor
running Unity.Entities.CodeGen.EntitiesILPostProcessors
running Unity.Jobs.CodeGen.JobsILPostProcessor
running zzzUnity.Burst.CodeGen.BurstILPostProcessor
[574/599    1s] ILPostProcess Library/Bee/artifacts/2400b0aP.dag/post-processed/Unity.Mathematics.Extensions.dll (+pdb)
Processing assembly Library/Bee/artifacts/2400b0aP.dag/Unity.Mathematics.Extensions.dll, with 113 defines and 179 references
processors: Unity.Entities.CodeGen.EntitiesILPostProcessors, Unity.Jobs.CodeGen.JobsILPostProcessor, zzzUnity.Burst.CodeGen.BurstILPostProcessor
running Unity.Entities.CodeGen.EntitiesILPostProcessors
running Unity.Jobs.CodeGen.JobsILPostProcessor
running zzzUnity.Burst.CodeGen.BurstILPostProcessor
[575/599    1s] ILPostProcess Library/Bee/artifacts/2400b0aP.dag/post-processed/Unity.Entities.dll (+pdb)
Processing assembly Library/Bee/artifacts/2400b0aP.dag/Unity.Entities.dll, with 117 defines and 182 references
processors: Unity.Entities.CodeGen.EntitiesILPostProcessors, Unity.Jobs.CodeGen.JobsILPostProcessor, zzzUnity.Burst.CodeGen.BurstILPostProcessor
running Unity.Entities.CodeGen.EntitiesILPostProcessors
running Unity.Jobs.CodeGen.JobsILPostProcessor
running zzzUnity.Burst.CodeGen.BurstILPostProcessor
[576/599    1s] ILPostProcess Library/Bee/artifacts/2400b0aP.dag/post-processed/GameCore.Derivation.Fixtures.dll (+pdb)
Processing assembly Library/Bee/artifacts/2400b0aP.dag/GameCore.Derivation.Fixtures.dll, with 113 defines and 128 references
processors: Unity.Entities.CodeGen.EntitiesILPostProcessors, Unity.Jobs.CodeGen.JobsILPostProcessor, zzzUnity.Burst.CodeGen.BurstILPostProcessor
running Unity.Entities.CodeGen.EntitiesILPostProcessors
running Unity.Jobs.CodeGen.JobsILPostProcessor
running zzzUnity.Burst.CodeGen.BurstILPostProcessor
[577/599    0s] CopyFiles Library/Bee/PlayerScriptAssemblies/Unity.ScriptableBuildPipeline.dll
[578/599    0s] CopyFiles Library/Bee/PlayerScriptAssemblies/Unity.Mathematics.Extensions.dll
[579/599    0s] CopyFiles Library/Bee/PlayerScriptAssemblies/Unity.Mathematics.Extensions.pdb
[580/599    0s] CopyFiles Library/Bee/PlayerScriptAssemblies/Unity.ScriptableBuildPipeline.pdb
[581/599    0s] CopyFiles Library/Bee/PlayerScriptAssemblies/Unity.InternalAPIEngineBridge.002.dll
[582/599    0s] CopyFiles Library/Bee/PlayerScriptAssemblies/Unity.InternalAPIEngineBridge.002.pdb
[583/599    0s] CopyFiles Library/Bee/PlayerScriptAssemblies/GameCore.Derivation.Fixtures.pdb
[584/599    0s] CopyFiles Library/Bee/PlayerScriptAssemblies/GameCore.Derivation.Fixtures.dll
[585/599    0s] CopyFiles Library/Bee/PlayerScriptAssemblies/Unity.Entities.pdb
[586/599    0s] CopyFiles Library/Bee/PlayerScriptAssemblies/Unity.Entities.dll
[587/599    1s] Csc Library/Bee/artifacts/2400b0aP.dag/GameCore.Unity.Runtime.dll (+2 others)
/home/worlesenric/wkspace/gc-wt/gc-017/Packages/com.gamecore.unity.runtime/Runtime/Integration/DerivationModeSwitchValidator.cs(119,19): warning CS0618: 'Enum.ToString(IFormatProvider)' is obsolete: 'The provider argument is not used. Please use ToString().'
[           0s] Csc Library/Bee/artifacts/2400b0aP.dag/GameCore.Unity.Runtime.dll (+2 others) [CacheWrite 00000000000000000000000000000004]
[553/599    0s] Csc Library/Bee/artifacts/2400b0aP.dag/GameCore.Unity.Adapters.dll (+2 others) [CacheHit 6b24f26c911bb98bb012e0d21f4e13b300000000000000000000000000000004]
[553/599    0s] Csc Library/Bee/artifacts/2400b0aP.dag/GameCore.Gameplay.Narrative.dll (+2 others) [CacheHit 0e758542fd995ba15025205aad8d996b00000000000000000000000000000004]
[553/599    0s] Csc Library/Bee/artifacts/2400b0aP.dag/GameCore.Gameplay.Cards.dll (+2 others) [CacheHit 3c7dc9dbab74f2d9687ef930eb846ef300000000000000000000000000000004]
[588/599   1790364402s] Csc Library/Bee/artifacts/2400b0aP.dag/GameCore.Unity.Adapters.dll (+2 others)
[590/599   1790364402s] Csc Library/Bee/artifacts/2400b0aP.dag/GameCore.Gameplay.Narrative.dll (+2 others)
[592/599   1790364402s] Csc Library/Bee/artifacts/2400b0aP.dag/GameCore.Gameplay.Cards.dll (+2 others)
[556/599    0s] Csc Library/Bee/artifacts/2400b0aP.dag/GameCore.Gameplay.Narrative.Fixtures.dll (+2 others) [CacheHit 96850fd7a02fb2c2cc850e95f0b4785d00000000000000000000000000000004]
[556/599    0s] Csc Library/Bee/artifacts/2400b0aP.dag/GameCore.Gameplay.Cards.Fixtures.dll (+2 others) [CacheHit 9d725a124cd166b7e8e0c90133306c6b00000000000000000000000000000004]
[594/599   1790364402s] Csc Library/Bee/artifacts/2400b0aP.dag/GameCore.Gameplay.Narrative.Fixtures.dll (+2 others)
/home/worlesenric/wkspace/gc-wt/gc-017/Packages/com.gamecore.gameplay.narrative/Fixtures/Runtime/NarrativeLifecycleScenario.cs(733,46): warning CS8602: Dereference of a possibly null reference.
/home/worlesenric/wkspace/gc-wt/gc-017/Packages/com.gamecore.gameplay.narrative/Fixtures/Runtime/NarrativeLifecycleScenario.cs(733,46): warning CS8602: Dereference of a possibly null reference.
[596/599   1790364402s] Csc Library/Bee/artifacts/2400b0aP.dag/GameCore.Gameplay.Cards.Fixtures.dll (+2 others)
[598/599    0s] Csc Library/Bee/artifacts/2400b0aP.dag/GameCore.Validation.FamilyEntries.dll (+2 others)
[599/599    0s] ILPostProcess Library/Bee/artifacts/2400b0aP.dag/post-processed/GameCore.Validation.FamilyEntries.dll (+pdb)
Processing assembly Library/Bee/artifacts/2400b0aP.dag/GameCore.Validation.FamilyEntries.dll, with 113 defines and 182 references
processors: Unity.Entities.CodeGen.EntitiesILPostProcessors, Unity.Jobs.CodeGen.JobsILPostProcessor, zzzUnity.Burst.CodeGen.BurstILPostProcessor
running Unity.Entities.CodeGen.EntitiesILPostProcessors
running Unity.Jobs.CodeGen.JobsILPostProcessor
running zzzUnity.Burst.CodeGen.BurstILPostProcessor
[600/599    0s] CopyFiles Library/Bee/PlayerScriptAssemblies/GameCore.Validation.FamilyEntries.dll
[601/599    0s] CopyFiles Library/Bee/PlayerScriptAssemblies/GameCore.Validation.FamilyEntries.pdb
[602/599    0s] ILPostProcess Library/Bee/artifacts/2400b0aP.dag/post-processed/GameCore.Gameplay.Narrative.dll (+pdb)
Processing assembly Library/Bee/artifacts/2400b0aP.dag/GameCore.Gameplay.Narrative.dll, with 113 defines and 183 references
processors: Unity.Entities.CodeGen.EntitiesILPostProcessors, Unity.Jobs.CodeGen.JobsILPostProcessor, zzzUnity.Burst.CodeGen.BurstILPostProcessor
running Unity.Entities.CodeGen.EntitiesILPostProcessors
running Unity.Jobs.CodeGen.JobsILPostProcessor
running zzzUnity.Burst.CodeGen.BurstILPostProcessor
[603/599    0s] CopyFiles Library/Bee/PlayerScriptAssemblies/GameCore.Gameplay.Narrative.dll
[604/599    0s] CopyFiles Library/Bee/PlayerScriptAssemblies/GameCore.Gameplay.Narrative.pdb
[605/599    0s] ILPostProcess Library/Bee/artifacts/2400b0aP.dag/post-processed/GameCore.Gameplay.Cards.Fixtures.dll (+pdb)
Processing assembly Library/Bee/artifacts/2400b0aP.dag/GameCore.Gameplay.Cards.Fixtures.dll, with 113 defines and 185 references
processors: Unity.Entities.CodeGen.EntitiesILPostProcessors, Unity.Jobs.CodeGen.JobsILPostProcessor, zzzUnity.Burst.CodeGen.BurstILPostProcessor
running Unity.Entities.CodeGen.EntitiesILPostProcessors
running Unity.Jobs.CodeGen.JobsILPostProcessor
running zzzUnity.Burst.CodeGen.BurstILPostProcessor
[606/599    0s] CopyFiles Library/Bee/PlayerScriptAssemblies/GameCore.Gameplay.Cards.Fixtures.pdb
[607/599    0s] CopyFiles Library/Bee/PlayerScriptAssemblies/GameCore.Gameplay.Cards.Fixtures.dll
[608/599    0s] ILPostProcess Library/Bee/artifacts/2400b0aP.dag/post-processed/GameCore.Unity.Adapters.dll (+pdb)
Processing assembly Library/Bee/artifacts/2400b0aP.dag/GameCore.Unity.Adapters.dll, with 113 defines and 180 references
processors: Unity.Entities.CodeGen.EntitiesILPostProcessors, Unity.Jobs.CodeGen.JobsILPostProcessor, zzzUnity.Burst.CodeGen.BurstILPostProcessor
running Unity.Entities.CodeGen.EntitiesILPostProcessors
running Unity.Jobs.CodeGen.JobsILPostProcessor
running zzzUnity.Burst.CodeGen.BurstILPostProcessor
[609/599    0s] ILPostProcess Library/Bee/artifacts/2400b0aP.dag/post-processed/GameCore.Gameplay.Cards.dll (+pdb)
Processing assembly Library/Bee/artifacts/2400b0aP.dag/GameCore.Gameplay.Cards.dll, with 113 defines and 184 references
processors: Unity.Entities.CodeGen.EntitiesILPostProcessors, Unity.Jobs.CodeGen.JobsILPostProcessor, zzzUnity.Burst.CodeGen.BurstILPostProcessor
running Unity.Entities.CodeGen.EntitiesILPostProcessors
running Unity.Jobs.CodeGen.JobsILPostProcessor
running zzzUnity.Burst.CodeGen.BurstILPostProcessor
[610/599    0s] CopyFiles Library/Bee/PlayerScriptAssemblies/GameCore.Unity.Adapters.pdb
[611/599    0s] CopyFiles Library/Bee/PlayerScriptAssemblies/GameCore.Unity.Adapters.dll
[612/599    0s] CopyFiles Library/Bee/PlayerScriptAssemblies/GameCore.Gameplay.Cards.pdb
[613/599    0s] CopyFiles Library/Bee/PlayerScriptAssemblies/GameCore.Gameplay.Cards.dll
[614/599    0s] ILPostProcess Library/Bee/artifacts/2400b0aP.dag/post-processed/GameCore.Gameplay.Narrative.Fixtures.dll (+pdb)
Processing assembly Library/Bee/artifacts/2400b0aP.dag/GameCore.Gameplay.Narrative.Fixtures.dll, with 113 defines and 187 references
processors: Unity.Entities.CodeGen.EntitiesILPostProcessors, Unity.Jobs.CodeGen.JobsILPostProcessor, zzzUnity.Burst.CodeGen.BurstILPostProcessor
running Unity.Entities.CodeGen.EntitiesILPostProcessors
running Unity.Jobs.CodeGen.JobsILPostProcessor
running zzzUnity.Burst.CodeGen.BurstILPostProcessor
[615/599    0s] CopyFiles Library/Bee/PlayerScriptAssemblies/GameCore.Gameplay.Narrative.Fixtures.pdb
[616/599    0s] CopyFiles Library/Bee/PlayerScriptAssemblies/GameCore.Gameplay.Narrative.Fixtures.dll
[617/599    0s] ILPostProcess Library/Bee/artifacts/2400b0aP.dag/post-processed/GameCore.Unity.Runtime.dll (+pdb)
Processing assembly Library/Bee/artifacts/2400b0aP.dag/GameCore.Unity.Runtime.dll, with 113 defines and 183 references
processors: Unity.Entities.CodeGen.EntitiesILPostProcessors, Unity.Jobs.CodeGen.JobsILPostProcessor, zzzUnity.Burst.CodeGen.BurstILPostProcessor
running Unity.Entities.CodeGen.EntitiesILPostProcessors
running Unity.Jobs.CodeGen.JobsILPostProcessor
running zzzUnity.Burst.CodeGen.BurstILPostProcessor
[577/599    0s] Csc Library/Bee/artifacts/2400b0aP.dag/GameCore.Unity.Fixtures.dll (+2 others) [CacheHit b562d3c28642d5f337320c244048015500000000000000000000000000000004]
[618/599   1790364402s] Csc Library/Bee/artifacts/2400b0aP.dag/GameCore.Unity.Fixtures.dll (+2 others)
[620/599    0s] CopyFiles Library/Bee/PlayerScriptAssemblies/GameCore.Unity.Runtime.pdb
[621/599    0s] CopyFiles Library/Bee/PlayerScriptAssemblies/GameCore.Unity.Runtime.dll
[622/599    0s] Csc Library/Bee/artifacts/2400b0aP.dag/GameCore.Validation.Generated.dll (+2 others)
[623/599    0s] Csc Library/Bee/artifacts/2400b0aP.dag/GameCore.Validation.GeneratedCards.dll (+2 others)
[624/599    0s] ILPostProcess Library/Bee/artifacts/2400b0aP.dag/post-processed/GameCore.Validation.GeneratedCards.dll (+pdb)
Processing assembly Library/Bee/artifacts/2400b0aP.dag/GameCore.Validation.GeneratedCards.dll, with 113 defines and 180 references
processors: Unity.Entities.CodeGen.EntitiesILPostProcessors, Unity.Jobs.CodeGen.JobsILPostProcessor, zzzUnity.Burst.CodeGen.BurstILPostProcessor
running Unity.Entities.CodeGen.EntitiesILPostProcessors
running Unity.Jobs.CodeGen.JobsILPostProcessor
running zzzUnity.Burst.CodeGen.BurstILPostProcessor
[625/599    0s] ILPostProcess Library/Bee/artifacts/2400b0aP.dag/post-processed/GameCore.Validation.Generated.dll (+pdb)
Processing assembly Library/Bee/artifacts/2400b0aP.dag/GameCore.Validation.Generated.dll, with 113 defines and 181 references
processors: Unity.Entities.CodeGen.EntitiesILPostProcessors, Unity.Jobs.CodeGen.JobsILPostProcessor, zzzUnity.Burst.CodeGen.BurstILPostProcessor
running Unity.Entities.CodeGen.EntitiesILPostProcessors
running Unity.Jobs.CodeGen.JobsILPostProcessor
running zzzUnity.Burst.CodeGen.BurstILPostProcessor
[626/599    0s] CopyFiles Library/Bee/PlayerScriptAssemblies/GameCore.Validation.Generated.dll
[627/599    0s] CopyFiles Library/Bee/PlayerScriptAssemblies/GameCore.Validation.Generated.pdb
[628/599    0s] CopyFiles Library/Bee/PlayerScriptAssemblies/GameCore.Validation.GeneratedCards.dll
[629/599    0s] CopyFiles Library/Bee/PlayerScriptAssemblies/GameCore.Validation.GeneratedCards.pdb
[630/599    0s] ILPostProcess Library/Bee/artifacts/2400b0aP.dag/post-processed/GameCore.Unity.Fixtures.dll (+pdb)
Processing assembly Library/Bee/artifacts/2400b0aP.dag/GameCore.Unity.Fixtures.dll, with 113 defines and 185 references
processors: Unity.Entities.CodeGen.EntitiesILPostProcessors, Unity.Jobs.CodeGen.JobsILPostProcessor, zzzUnity.Burst.CodeGen.BurstILPostProcessor
running Unity.Entities.CodeGen.EntitiesILPostProcessors
running Unity.Jobs.CodeGen.JobsILPostProcessor
running zzzUnity.Burst.CodeGen.BurstILPostProcessor
[631/599    0s] CopyFiles Library/Bee/PlayerScriptAssemblies/GameCore.Unity.Fixtures.pdb
[632/599    0s] CopyFiles Library/Bee/PlayerScriptAssemblies/GameCore.Unity.Fixtures.dll
[633/599    0s] Csc Library/Bee/artifacts/2400b0aP.dag/GameCore.Validation.ProbeHost.dll (+2 others)
Assets/GameCore.Validation/Runtime/ProbeWorldDispatch.cs(201,30): warning CS8604: Possible null reference argument for parameter 'host' in 'void ProbeWorldDispatch.ReleaseWorld(UnityWorldHost host, ulong operationSequence)'.
Assets/GameCore.Validation/Runtime/ProbeWorldDispatch.cs(202,30): warning CS8604: Possible null reference argument for parameter 'host' in 'void ProbeWorldDispatch.ReleaseWorld(UnityWorldHost host, ulong operationSequence)'.
Assets/GameCore.Validation/Runtime/ProbeWorldDispatch.cs(252,30): warning CS8604: Possible null reference argument for parameter 'host' in 'void ProbeWorldDispatch.ReleaseWorld(UnityWorldHost host, ulong operationSequence)'.
Assets/GameCore.Validation/Runtime/ProbeWorldDispatch.cs(310,30): warning CS8604: Possible null reference argument for parameter 'host' in 'void ProbeWorldDispatch.ReleaseWorld(UnityWorldHost host, ulong operationSequence)'.
Assets/GameCore.Validation/Runtime/ProbeWorldDispatch.cs(355,30): warning CS8604: Possible null reference argument for parameter 'host' in 'void ProbeWorldDispatch.ReleaseWorld(UnityWorldHost host, ulong operationSequence)'.
Assets/GameCore.Validation/Runtime/ProbeWorldDispatch.cs(451,30): warning CS8604: Possible null reference argument for parameter 'host' in 'void ProbeWorldDispatch.ReleaseWorld(UnityWorldHost host, ulong operationSequence)'.
[634/599    0s] ILPostProcess Library/Bee/artifacts/2400b0aP.dag/post-processed/GameCore.Validation.ProbeHost.dll (+pdb)
Processing assembly Library/Bee/artifacts/2400b0aP.dag/GameCore.Validation.ProbeHost.dll, with 113 defines and 197 references
processors: Unity.Entities.CodeGen.EntitiesILPostProcessors, Unity.Jobs.CodeGen.JobsILPostProcessor, zzzUnity.Burst.CodeGen.BurstILPostProcessor
running Unity.Entities.CodeGen.EntitiesILPostProcessors
running Unity.Jobs.CodeGen.JobsILPostProcessor
running zzzUnity.Burst.CodeGen.BurstILPostProcessor
[635/599    0s] CopyFiles Library/Bee/PlayerScriptAssemblies/GameCore.Validation.ProbeHost.pdb
[636/599    0s] CopyFiles Library/Bee/PlayerScriptAssemblies/GameCore.Validation.ProbeHost.dll
[638/599    0s] BuildPlayerDataGenerator Library/BuildPlayerData/Player/RuntimeInitializeOnLoads.json (+1 other)
*** Tundra build success (3.78 seconds), 423 items updated, 599 evaluated
Opening scene 'Assets/Scenes/GameCoreProbe.unity'
Unloading 1 Unused Serialized files (Serialized files now loaded: 0)
Loaded scene 'Assets/Scenes/GameCoreProbe.unity'
	Deserialize:            0.232 ms
	Integration:            94.545 ms
	Integration of assets:  0.001 ms
	Thread Wait Time:       0.051 ms
	Total Operation Time:   94.829 ms
Unloading 59 unused Assets / (0.7 MB). Loaded Objects now: 3353.
Memory consumption went from 125.1 MB to 124.4 MB.
Total: 5.945574 ms (FindLiveObjects: 0.106735 ms CreateObjectMapping: 0.054484 ms MarkObjects: 5.493038 ms  DeleteObjects: 0.290616 ms)

Created GICache directory at /home/worlesenric/.cache/unity3d/GiCache. Took: 0.001s, timestamps: [18.502 - 18.502]


Mono dependencies included in the build
Dependency assembly - System.Diagnostics.TraceEvent.dll
Dependency assembly - System.Runtime.DurableInstancing.dll
Dependency assembly - mscorlib.dll
Dependency assembly - System.ComponentModel.Primitives.dll
Dependency assembly - System.Globalization.Calendars.dll
Dependency assembly - System.Net.Primitives.dll
Dependency assembly - Unity.Entities.Hybrid.HybridComponents.dll
Dependency assembly - System.Threading.Timer.dll
Dependency assembly - System.Windows.Forms.DataVisualization.dll
Dependency assembly - System.Text.RegularExpressions.dll
Dependency assembly - System.Threading.dll
Dependency assembly - System.Globalization.Extensions.dll
Dependency assembly - Microsoft.Win32.Primitives.dll
Dependency assembly - GameCore.Validation.GeneratedCards.dll
Dependency assembly - System.Diagnostics.Tools.dll
Dependency assembly - System.IO.IsolatedStorage.dll
Dependency assembly - System.Windows.Forms.dll
Dependency assembly - System.Text.Encoding.CodePages.dll
Dependency assembly - System.Threading.Thread.dll
Dependency assembly - System.DirectoryServices.dll
Dependency assembly - System.IdentityModel.dll
Dependency assembly - System.Net.Utilities.dll
Dependency assembly - System.ComponentModel.EventBasedAsync.dll
Dependency assembly - System.Runtime.CompilerServices.Unsafe.dll
Dependency assembly - System.Security.Cryptography.Algorithms.dll
Dependency assembly - System.ServiceModel.Discovery.dll
Dependency assembly - System.AppContext.dll
Dependency assembly - netstandard.dll
Dependency assembly - System.ComponentModel.DataAnnotations.dll
Dependency assembly - System.IO.FileSystem.DriveInfo.dll
Dependency assembly - System.Runtime.Serialization.Primitives.dll
Dependency assembly - System.Xml.Serialization.dll
Dependency assembly - System.Configuration.dll
Dependency assembly - System.Core.dll
Dependency assembly - System.Net.Ping.dll
Dependency assembly - System.Xaml.dll
Dependency assembly - System.IO.Hashing.dll
Dependency assembly - System.Design.dll
Dependency assembly - System.ServiceModel.Web.dll
Dependency assembly - GameCore.Gameplay.Narrative.dll
Dependency assembly - Microsoft.Win32.Registry.dll
Dependency assembly - System.Security.Cryptography.RandomNumberGenerator.dll
Dependency assembly - System.Data.Services.dll
Dependency assembly - System.Collections.Specialized.dll
Dependency assembly - System.ServiceModel.Routing.dll
Dependency assembly - System.Runtime.Loader.dll
Dependency assembly - System.IO.Compression.ZipFile.dll
Dependency assembly - Unity.Transforms.dll
Dependency assembly - System.Net.Security.dll
Dependency assembly - System.Security.Cryptography.Primitives.dll
Dependency assembly - Unity.Deformations.dll
Dependency assembly - System.Diagnostics.StackTrace.dll
Dependency assembly - System.Xml.dll
Dependency assembly - I18N.dll
Dependency assembly - System.IdentityModel.Selectors.dll
Dependency assembly - System.Reflection.Emit.ILGeneration.dll
Dependency assembly - System.Diagnostics.TextWriterTraceListener.dll
Dependency assembly - System.Security.Principal.dll
Dependency assembly - System.Security.Cryptography.OpenSsl.dll
Dependency assembly - System.Security.Cryptography.ProtectedData.dll
Dependency assembly - System.Threading.Tasks.Parallel.dll
Dependency assembly - GameCore.Unity.Runtime.dll
Dependency assembly - System.IO.Pipes.dll
Dependency assembly - System.Security.Principal.Windows.dll
Dependency assembly - System.Reflection.Emit.dll
Dependency assembly - System.Threading.Overlapped.dll
Dependency assembly - Mono.Data.Sqlite.dll
Dependency assembly - System.Runtime.Serialization.Formatters.Soap.dll
Dependency assembly - System.Runtime.Extensions.dll
Dependency assembly - GameCore.Validation.FamilyEntries.dll
Dependency assembly - System.Net.Sockets.dll
Dependency assembly - System.Reflection.Context.dll
Dependency assembly - System.IO.FileSystem.AccessControl.dll
Dependency assembly - System.Runtime.InteropServices.dll
Dependency assembly - System.Security.Cryptography.Csp.dll
Dependency assembly - System.IO.dll
Dependency assembly - System.Runtime.Serialization.Json.dll
Dependency assembly - System.DirectoryServices.Protocols.dll
Dependency assembly - Unity.Mathematics.Extensions.dll
Dependency assembly - System.Security.Cryptography.Hashing.dll
Dependency assembly - System.Reflection.TypeExtensions.dll
Dependency assembly - System.Reflection.Extensions.dll
Dependency assembly - System.Net.ServicePoint.dll
Dependency assembly - System.ServiceProcess.ServiceController.dll
Dependency assembly - System.Data.Entity.dll
Dependency assembly - GameCore.Gameplay.Cards.dll
Dependency assembly - System.Reflection.Emit.Lightweight.dll
Dependency assembly - Unity.Serialization.dll
Dependency assembly - System.Buffers.dll
Dependency assembly - System.Text.Encoding.dll
Dependency assembly - GameCore.Derivation.dll
Dependency assembly - System.EnterpriseServices.dll
Dependency assembly - System.Security.Claims.dll
Dependency assembly - System.Text.Encoding.Extensions.dll
Dependency assembly - System.Configuration.Install.dll
Dependency assembly - System.Linq.dll
Dependency assembly - System.ServiceModel.Activation.dll
Dependency assembly - System.Web.Extensions.dll
Dependency assembly - GameCore.Unity.Adapters.dll
Dependency assembly - Microsoft.Win32.Registry.AccessControl.dll
Dependency assembly - GameCore.Rules.Cards.dll
Dependency assembly - GameCore.Validation.Generated.dll
Dependency assembly - System.Net.Mail.dll
Dependency assembly - System.Transactions.dll
Dependency assembly - System.ComponentModel.TypeConverter.dll
Dependency assembly - System.Xml.ReaderWriter.dll
Dependency assembly - System.Net.dll
Dependency assembly - GameCore.Gameplay.Narrative.Fixtures.dll
Dependency assembly - System.Net.HttpListener.dll
Dependency assembly - System.IO.Compression.FileSystem.dll
Dependency assembly - System.Runtime.Serialization.dll
Dependency assembly - I18N.MidEast.dll
Dependency assembly - System.Security.dll
Dependency assembly - Unity.Burst.Unsafe.dll
Dependency assembly - System.ServiceProcess.dll
Dependency assembly - GameCore.Validation.ProbeHost.dll
Dependency assembly - Microsoft.CSharp.dll
Dependency assembly - System.Security.Cryptography.X509Certificates.dll
Dependency assembly - System.Net.Requests.dll
Dependency assembly - System.Runtime.Serialization.Xml.dll
Dependency assembly - Unity.Profiling.Core.dll
Dependency assembly - System.Collections.dll
Dependency assembly - System.Console.dll
Dependency assembly - GameCore.Composition.dll
Dependency assembly - System.ComponentModel.Composition.dll
Dependency assembly - System.Net.Cache.dll
Dependency assembly - System.Threading.Tasks.dll
Dependency assembly - System.Net.AuthenticationManager.dll
Dependency assembly - System.Reflection.Primitives.dll
Dependency assembly - System.Security.Cryptography.Encoding.dll
Dependency assembly - System.Security.Cryptography.Encryption.ECDiffieHellman.dll
Dependency assembly - System.Security.SecureString.dll
Dependency assembly - GameCore.Contracts.dll
Dependency assembly - System.ServiceModel.Primitives.dll
Dependency assembly - Unity.Transforms.Hybrid.dll
Dependency assembly - System.Web.Extensions.Design.dll
Dependency assembly - System.ServiceModel.Security.dll
Dependency assembly - System.Resources.Reader.dll
Dependency assembly - System.Xml.XmlSerializer.dll
Dependency assembly - GameCore.Rules.Narrative.dll
Dependency assembly - System.Security.Cryptography.Pkcs.dll
Dependency assembly - System.Runtime.InteropServices.RuntimeInformation.dll
Dependency assembly - System.Xml.XDocument.dll
Dependency assembly - System.Threading.ThreadPool.dll
Dependency assembly - System.Diagnostics.Tracing.dll
Dependency assembly - System.Globalization.dll
Dependency assembly - System.Security.AccessControl.dll
Dependency assembly - System.Security.Cryptography.Encryption.Aes.dll
Dependency assembly - System.Json.dll
Dependency assembly - System.Xml.Linq.dll
Dependency assembly - System.ValueTuple.dll
Dependency assembly - System.Data.dll
Dependency assembly - System.Runtime.Numerics.dll
Dependency assembly - GameCore.Validation.Fixture.dll
Dependency assembly - System.dll
Dependency assembly - System.Security.Cryptography.Cng.dll
Dependency assembly - GameCore.Unity.Fixtures.dll
Dependency assembly - System.Resources.ResourceManager.dll
Dependency assembly - System.ServiceModel.Internals.dll
Dependency assembly - System.Data.DataSetExtensions.dll
Dependency assembly - GameCore.Gameplay.Cards.Fixtures.dll
Dependency assembly - System.Security.Cryptography.Hashing.Algorithms.dll
Dependency assembly - System.Net.Http.WebRequest.dll
Dependency assembly - Unity.Entities.UI.dll
Dependency assembly - GameCore.Derivation.Fixtures.dll
Dependency assembly - System.Runtime.Caching.dll
Dependency assembly - System.IO.FileSystem.dll
Dependency assembly - System.Net.WebSockets.Client.dll
Dependency assembly - System.Diagnostics.FileVersionInfo.dll
Dependency assembly - System.Runtime.dll
Dependency assembly - I18N.Other.dll
Dependency assembly - System.ServiceModel.NetTcp.dll
Dependency assembly - System.Threading.Tasks.Extensions.dll
Dependency assembly - Unity.Collections.dll
Dependency assembly - System.Drawing.Primitives.dll
Dependency assembly - System.Security.Cryptography.DeriveBytes.dll
Dependency assembly - Accessibility.dll
Dependency assembly - System.Diagnostics.Debug.dll
Dependency assembly - System.IO.Compression.dll
Dependency assembly - System.ComponentModel.dll
Dependency assembly - System.Xml.XPath.XDocument.dll
Dependency assembly - System.Linq.Expressions.dll
Dependency assembly - System.Linq.Queryable.dll
Dependency assembly - System.Data.Common.dll
Dependency assembly - System.Xml.XPath.XmlDocument.dll
Dependency assembly - System.Resources.ReaderWriter.dll
Dependency assembly - Unity.ScriptableBuildPipeline.dll
Dependency assembly - System.Diagnostics.Contracts.dll
Dependency assembly - GameCore.Validation.Probe.dll
Dependency assembly - System.IO.FileSystem.Watcher.dll
Dependency assembly - System.Web.Services.dll
Dependency assembly - System.Collections.NonGeneric.dll
Dependency assembly - System.Linq.Parallel.dll
Dependency assembly - System.Security.Cryptography.RSA.dll
Dependency assembly - System.Memory.dll
Dependency assembly - System.Data.SqlClient.dll
Dependency assembly - System.Data.Services.Client.dll
Dependency assembly - System.Xml.XPath.dll
Dependency assembly - System.Numerics.dll
Dependency assembly - System.Reflection.dll
Dependency assembly - I18N.Rare.dll
Dependency assembly - System.Messaging.dll
Dependency assembly - System.Reflection.DispatchProxy.dll
Dependency assembly - Unity.Burst.dll
Dependency assembly - System.IO.FileSystem.Primitives.dll
Dependency assembly - System.Runtime.Remoting.dll
Dependency assembly - System.Web.ApplicationServices.dll
Dependency assembly - GameCore.Planning.dll
Dependency assembly - System.Xml.Xsl.Primitives.dll
Dependency assembly - System.Web.dll
Dependency assembly - System.Resources.Writer.dll
Dependency assembly - System.IO.MemoryMappedFiles.dll
Dependency assembly - System.Diagnostics.TraceSource.dll
Dependency assembly - System.Net.WebHeaderCollection.dll
Dependency assembly - System.Runtime.Serialization.Formatters.dll
Dependency assembly - System.Windows.dll
Dependency assembly - System.Collections.Concurrent.dll
Dependency assembly - System.Drawing.Design.dll
Dependency assembly - System.ServiceModel.dll
Dependency assembly - Unity.Collections.LowLevel.ILSupport.dll
Dependency assembly - System.Security.Cryptography.Encryption.dll
Dependency assembly - Unity.Scenes.dll
Dependency assembly - System.Xml.XmlDocument.dll
Dependency assembly - System.Data.OracleClient.dll
Dependency assembly - System.ComponentModel.Annotations.dll
Dependency assembly - System.Web.DynamicData.dll
Dependency assembly - System.Runtime.CompilerServices.VisualC.dll
Dependency assembly - System.Net.NameResolution.dll
Dependency assembly - Unity.InternalAPIEngineBridge.002.dll
Dependency assembly - Unity.Mathematics.dll
Dependency assembly - Unity.Mathematics.Extensions.Hybrid.dll
Dependency assembly - System.Drawing.dll
Dependency assembly - I18N.CJK.dll
Dependency assembly - System.IO.UnmanagedMemoryStream.dll
Dependency assembly - System.Runtime.InteropServices.WindowsRuntime.dll
Dependency assembly - Mono.Security.dll
Dependency assembly - I18N.West.dll
Dependency assembly - System.Management.dll
Dependency assembly - System.Net.NetworkInformation.dll
Dependency assembly - System.ServiceModel.Http.dll
Dependency assembly - System.Net.Http.dll
Dependency assembly - Mono.Data.Tds.dll
Dependency assembly - System.Security.Cryptography.Encryption.ECDsa.dll
Dependency assembly - System.Threading.AccessControl.dll
Dependency assembly - System.ServiceModel.Duplex.dll
Dependency assembly - System.Runtime.Handles.dll
Dependency assembly - Unity.Entities.Hybrid.dll
Dependency assembly - System.ObjectModel.dll
Dependency assembly - System.Net.WebSockets.dll
Dependency assembly - System.Web.RegularExpressions.dll
Dependency assembly - System.Dynamic.Runtime.dll
Dependency assembly - System.Data.Linq.dll
Dependency assembly - System.Numerics.Vectors.dll
Dependency assembly - Unity.Entities.dll
Dependency assembly - System.Diagnostics.Process.dll

Unloading 4 Unused Serialized files (Serialized files now loaded: 0)
Unloading 52 unused Assets / (0.7 MB). Loaded Objects now: 3360.
Memory consumption went from 125.9 MB to 125.2 MB.
Total: 4.980612 ms (FindLiveObjects: 0.095284 ms CreateObjectMapping: 0.052693 ms MarkObjects: 4.600939 ms  DeleteObjects: 0.230948 ms)

Unloading 0 Unused Serialized files (Serialized files now loaded: 0)
Unloading 0 unused Assets / (31.4 KB). Loaded Objects now: 3360.
Memory consumption went from 125.1 MB to 125.1 MB.
Total: 4.305128 ms (FindLiveObjects: 0.095911 ms CreateObjectMapping: 0.046389 ms MarkObjects: 4.156112 ms  DeleteObjects: 0.006030 ms)

Unloading 1 Unused Serialized files (Serialized files now loaded: 0)
Unloading 181 unused Assets / (136.8 MB). Loaded Objects now: 3360.
Memory consumption went from 262.9 MB to 126.0 MB.
Total: 12.182487 ms (FindLiveObjects: 0.102037 ms CreateObjectMapping: 0.051115 ms MarkObjects: 4.922128 ms  DeleteObjects: 7.106238 ms)

Compiling shader "Sprites/Default" pass "" (vp)
    Full variant space:         16
    After settings filtering:   16
    After built-in stripping:   8
    After scriptable stripping: 8
    Processed in 0.00 seconds
    starting compilation...
Launched and connected shader compiler UnityShaderCompiler after 0.02 seconds
Launched and connected shader compiler UnityShaderCompiler after 0.02 seconds
Launched and connected shader compiler UnityShaderCompiler after 0.02 seconds
Launched and connected shader compiler UnityShaderCompiler after 0.02 seconds
Launched and connected shader compiler UnityShaderCompiler after 0.02 seconds
Launched and connected shader compiler UnityShaderCompiler after 0.02 seconds
Launched and connected shader compiler UnityShaderCompiler after 0.02 seconds
    finished in 0.28 seconds. Local cache hits 0 (0.00s CPU time), remote cache hits 0 (0.00s CPU time), compiled 8 variants (1.18s CPU time), skipped 0 variants
    Prepared data for serialisation in 0.00s
Serialized binary data for shader Sprites/Default in 0.00s
    glcore (total internal programs: 4, unique: 4)
    vulkan (total internal programs: 4, unique: 4)
Compiling shader "Skybox/Procedural" pass "" (vp)
    Full variant space:         6
    After settings filtering:   6
    After built-in stripping:   6
    After scriptable stripping: 6
    Processed in 0.00 seconds
    starting compilation...
Launched and connected shader compiler UnityShaderCompiler after 0.02 seconds
    finished in 0.10 seconds. Local cache hits 0 (0.00s CPU time), remote cache hits 0 (0.00s CPU time), compiled 6 variants (0.34s CPU time), skipped 0 variants
    Prepared data for serialisation in 0.00s
Serialized binary data for shader Skybox/Procedural in 0.00s
    glcore (total internal programs: 3, unique: 3)
    vulkan (total internal programs: 3, unique: 3)
Compiling shader "Hidden/Internal-StencilWrite" pass "" (vp)
    Full variant space:         2
    After settings filtering:   2
    After built-in stripping:   2
    After scriptable stripping: 2
    Processed in 0.00 seconds
    starting compilation...
    finished in 0.01 seconds. Local cache hits 0 (0.00s CPU time), remote cache hits 0 (0.00s CPU time), compiled 2 variants (0.02s CPU time), skipped 0 variants
    Prepared data for serialisation in 0.00s
Serialized binary data for shader Hidden/Internal-StencilWrite in 0.00s
    glcore (total internal programs: 1, unique: 1)
    vulkan (total internal programs: 1, unique: 1)
Compiling shader "Hidden/Internal-DepthNormalsTexture" pass "" (vp)
    Full variant space:         2
    After settings filtering:   2
    After built-in stripping:   2
    After scriptable stripping: 2
    Processed in 0.00 seconds
    starting compilation...
    finished in 0.02 seconds. Local cache hits 0 (0.00s CPU time), remote cache hits 0 (0.00s CPU time), compiled 2 variants (0.03s CPU time), skipped 0 variants
    Prepared data for serialisation in 0.00s
Compiling shader "Hidden/Internal-DepthNormalsTexture" pass "" (vp)
    Full variant space:         2
    After settings filtering:   2
    After built-in stripping:   2
    After scriptable stripping: 2
    Processed in 0.00 seconds
    starting compilation...
    finished in 0.02 seconds. Local cache hits 0 (0.00s CPU time), remote cache hits 0 (0.00s CPU time), compiled 2 variants (0.04s CPU time), skipped 0 variants
    Prepared data for serialisation in 0.00s
Compiling shader "Hidden/Internal-DepthNormalsTexture" pass "" (vp)
    Full variant space:         2
    After settings filtering:   2
    After built-in stripping:   2
    After scriptable stripping: 2
    Processed in 0.00 seconds
    starting compilation...
    finished in 0.04 seconds. Local cache hits 0 (0.00s CPU time), remote cache hits 0 (0.00s CPU time), compiled 2 variants (0.07s CPU time), skipped 0 variants
    Prepared data for serialisation in 0.00s
Compiling shader "Hidden/Internal-DepthNormalsTexture" pass "" (vp)
    Full variant space:         2
    After settings filtering:   2
    After built-in stripping:   2
    After scriptable stripping: 2
    Processed in 0.00 seconds
    starting compilation...
    finished in 0.04 seconds. Local cache hits 0 (0.00s CPU time), remote cache hits 0 (0.00s CPU time), compiled 2 variants (0.08s CPU time), skipped 0 variants
    Prepared data for serialisation in 0.00s
Compiling shader "Hidden/Internal-DepthNormalsTexture" pass "" (vp)
    Full variant space:         2
    After settings filtering:   2
    After built-in stripping:   2
    After scriptable stripping: 2
    Processed in 0.00 seconds
    starting compilation...
    finished in 0.02 seconds. Local cache hits 0 (0.00s CPU time), remote cache hits 0 (0.00s CPU time), compiled 2 variants (0.04s CPU time), skipped 0 variants
    Prepared data for serialisation in 0.00s
Compiling shader "Hidden/Internal-DepthNormalsTexture" pass "" (vp)
    Full variant space:         2
    After settings filtering:   2
    After built-in stripping:   2
    After scriptable stripping: 2
    Processed in 0.00 seconds
    starting compilation...
    finished in 0.02 seconds. Local cache hits 0 (0.00s CPU time), remote cache hits 0 (0.00s CPU time), compiled 2 variants (0.05s CPU time), skipped 0 variants
    Prepared data for serialisation in 0.00s
Compiling shader "Hidden/Internal-DepthNormalsTexture" pass "" (vp)
    Full variant space:         2
    After settings filtering:   2
    After built-in stripping:   2
    After scriptable stripping: 2
    Processed in 0.00 seconds
    starting compilation...
    finished in 0.02 seconds. Local cache hits 0 (0.00s CPU time), remote cache hits 0 (0.00s CPU time), compiled 2 variants (0.05s CPU time), skipped 0 variants
    Prepared data for serialisation in 0.00s
Compiling shader "Hidden/Internal-DepthNormalsTexture" pass "" (vp)
    Full variant space:         2
    After settings filtering:   2
    After built-in stripping:   2
    After scriptable stripping: 2
    Processed in 0.00 seconds
    starting compilation...
    finished in 0.04 seconds. Local cache hits 0 (0.00s CPU time), remote cache hits 0 (0.00s CPU time), compiled 2 variants (0.06s CPU time), skipped 0 variants
    Prepared data for serialisation in 0.00s
Compiling shader "Hidden/Internal-DepthNormalsTexture" pass "" (vp)
    Full variant space:         2
    After settings filtering:   2
    After built-in stripping:   2
    After scriptable stripping: 2
    Processed in 0.00 seconds
    starting compilation...
    finished in 0.04 seconds. Local cache hits 0 (0.00s CPU time), remote cache hits 0 (0.00s CPU time), compiled 2 variants (0.07s CPU time), skipped 0 variants
    Prepared data for serialisation in 0.00s
Compiling shader "Hidden/Internal-DepthNormalsTexture" pass "" (vp)
    Full variant space:         2
    After settings filtering:   2
    After built-in stripping:   2
    After scriptable stripping: 2
    Processed in 0.00 seconds
    starting compilation...
    finished in 0.03 seconds. Local cache hits 0 (0.00s CPU time), remote cache hits 0 (0.00s CPU time), compiled 2 variants (0.07s CPU time), skipped 0 variants
    Prepared data for serialisation in 0.00s
Serialized binary data for shader Hidden/Internal-DepthNormalsTexture in 0.00s
    glcore (total internal programs: 10, unique: 10)
    vulkan (total internal programs: 10, unique: 10)
Compiling shader "Hidden/Internal-ScreenSpaceShadows" pass "" (vp)
    Full variant space:         8
    After settings filtering:   8
    After built-in stripping:   8
    After scriptable stripping: 8
    Processed in 0.00 seconds
    starting compilation...
Launched and connected shader compiler UnityShaderCompiler after 0.02 seconds
    finished in 0.09 seconds. Local cache hits 0 (0.00s CPU time), remote cache hits 0 (0.00s CPU time), compiled 8 variants (0.36s CPU time), skipped 0 variants
    Prepared data for serialisation in 0.00s
Compiling shader "Hidden/Internal-ScreenSpaceShadows" pass "" (vp)
    Full variant space:         8
    After settings filtering:   8
    After built-in stripping:   8
    After scriptable stripping: 8
    Processed in 0.00 seconds
    starting compilation...
    finished in 0.06 seconds. Local cache hits 0 (0.00s CPU time), remote cache hits 0 (0.00s CPU time), compiled 8 variants (0.30s CPU time), skipped 0 variants
    Prepared data for serialisation in 0.00s
Compiling shader "Hidden/Internal-ScreenSpaceShadows" pass "" (vp)
    Full variant space:         8
    After settings filtering:   8
    After built-in stripping:   8
    After scriptable stripping: 8
    Processed in 0.00 seconds
    starting compilation...
Launched and connected shader compiler UnityShaderCompiler after 0.02 seconds
    finished in 0.12 seconds. Local cache hits 0 (0.00s CPU time), remote cache hits 0 (0.00s CPU time), compiled 8 variants (0.51s CPU time), skipped 0 variants
    Prepared data for serialisation in 0.00s
Compiling shader "Hidden/Internal-ScreenSpaceShadows" pass "" (vp)
    Full variant space:         8
    After settings filtering:   8
    After built-in stripping:   8
    After scriptable stripping: 8
    Processed in 0.00 seconds
    starting compilation...
    finished in 0.07 seconds. Local cache hits 0 (0.00s CPU time), remote cache hits 0 (0.00s CPU time), compiled 8 variants (0.45s CPU time), skipped 0 variants
    Prepared data for serialisation in 0.00s
Serialized binary data for shader Hidden/Internal-ScreenSpaceShadows in 0.00s
    glcore (total internal programs: 16, unique: 16)
    vulkan (total internal programs: 16, unique: 16)
Compiling shader "Hidden/Internal-CombineDepthNormals" pass "" (vp)
    Full variant space:         2
    After settings filtering:   2
    After built-in stripping:   2
    After scriptable stripping: 2
    Processed in 0.00 seconds
    starting compilation...
    finished in 0.02 seconds. Local cache hits 0 (0.00s CPU time), remote cache hits 0 (0.00s CPU time), compiled 2 variants (0.04s CPU time), skipped 0 variants
    Prepared data for serialisation in 0.00s
Serialized binary data for shader Hidden/Internal-CombineDepthNormals in 0.00s
    glcore (total internal programs: 1, unique: 1)
    vulkan (total internal programs: 1, unique: 1)
Compiling shader "Hidden/BlitCopy" pass "" (vp)
    Full variant space:         2
    After settings filtering:   2
    After built-in stripping:   2
    After scriptable stripping: 2
    Processed in 0.00 seconds
    starting compilation...
    finished in 0.01 seconds. Local cache hits 0 (0.00s CPU time), remote cache hits 0 (0.00s CPU time), compiled 2 variants (0.03s CPU time), skipped 0 variants
    Prepared data for serialisation in 0.00s
Serialized binary data for shader Hidden/BlitCopy in 0.00s
    glcore (total internal programs: 1, unique: 1)
    vulkan (total internal programs: 1, unique: 1)
Compiling shader "Hidden/BlitCopyDepth" pass "" (vp)
    Full variant space:         2
    After settings filtering:   2
    After built-in stripping:   2
    After scriptable stripping: 2
    Processed in 0.00 seconds
    starting compilation...
    finished in 0.01 seconds. Local cache hits 0 (0.00s CPU time), remote cache hits 0 (0.00s CPU time), compiled 2 variants (0.03s CPU time), skipped 0 variants
    Prepared data for serialisation in 0.00s
Serialized binary data for shader Hidden/BlitCopyDepth in 0.00s
    glcore (total internal programs: 1, unique: 1)
    vulkan (total internal programs: 1, unique: 1)
Compiling shader "Hidden/ConvertTexture" pass "" (vp)
    Full variant space:         2
    After settings filtering:   2
    After built-in stripping:   2
    After scriptable stripping: 2
    Processed in 0.00 seconds
    starting compilation...
    finished in 0.02 seconds. Local cache hits 0 (0.00s CPU time), remote cache hits 0 (0.00s CPU time), compiled 2 variants (0.03s CPU time), skipped 0 variants
    Prepared data for serialisation in 0.00s
Serialized binary data for shader Hidden/ConvertTexture in 0.00s
    glcore (total internal programs: 1, unique: 1)
    vulkan (total internal programs: 1, unique: 1)
Compiling shader "Hidden/Internal-DeferredShading" pass "" (vp)
    Full variant space:         188
    After settings filtering:   188
    After built-in stripping:   52
    After scriptable stripping: 52
    Processed in 0.00 seconds
    starting compilation...
Launched and connected shader compiler UnityShaderCompiler after 0.02 seconds
Launched and connected shader compiler UnityShaderCompiler after 0.03 seconds
Launched and connected shader compiler UnityShaderCompiler after 0.03 seconds
Launched and connected shader compiler UnityShaderCompiler after 0.03 seconds
Launched and connected shader compiler UnityShaderCompiler after 0.02 seconds
Launched and connected shader compiler UnityShaderCompiler after 0.02 seconds
Launched and connected shader compiler UnityShaderCompiler after 0.02 seconds
Launched and connected shader compiler UnityShaderCompiler after 0.02 seconds
Launched and connected shader compiler UnityShaderCompiler after 0.02 seconds
    finished in 0.47 seconds. Local cache hits 0 (0.00s CPU time), remote cache hits 0 (0.00s CPU time), compiled 52 variants (5.76s CPU time), skipped 0 variants
    Prepared data for serialisation in 0.00s
Compiling shader "Hidden/Internal-DeferredShading" pass "" (vp)
    Full variant space:         2
    After settings filtering:   2
    After built-in stripping:   2
    After scriptable stripping: 2
    Processed in 0.00 seconds
    starting compilation...
    finished in 0.01 seconds. Local cache hits 0 (0.00s CPU time), remote cache hits 0 (0.00s CPU time), compiled 2 variants (0.03s CPU time), skipped 0 variants
    Prepared data for serialisation in 0.00s
Serialized binary data for shader Hidden/Internal-DeferredShading in 0.00s
    glcore (total internal programs: 27, unique: 27)
    vulkan (total internal programs: 27, unique: 27)
Compiling shader "Hidden/Internal-DeferredReflections" pass "" (vp)
    Full variant space:         2
    After settings filtering:   2
    After built-in stripping:   2
    After scriptable stripping: 2
    Processed in 0.00 seconds
    starting compilation...
    finished in 0.04 seconds. Local cache hits 0 (0.00s CPU time), remote cache hits 0 (0.00s CPU time), compiled 2 variants (0.08s CPU time), skipped 0 variants
    Prepared data for serialisation in 0.00s
Compiling shader "Hidden/Internal-DeferredReflections" pass "" (vp)
    Full variant space:         4
    After settings filtering:   4
    After built-in stripping:   4
    After scriptable stripping: 4
    Processed in 0.00 seconds
    starting compilation...
    finished in 0.02 seconds. Local cache hits 0 (0.00s CPU time), remote cache hits 0 (0.00s CPU time), compiled 4 variants (0.06s CPU time), skipped 0 variants
    Prepared data for serialisation in 0.00s
Serialized binary data for shader Hidden/Internal-DeferredReflections in 0.00s
    glcore (total internal programs: 3, unique: 3)
    vulkan (total internal programs: 3, unique: 3)
Compiling shader "Hidden/Internal-MotionVectors" pass "" (vp)
    Full variant space:         2
    After settings filtering:   2
    After built-in stripping:   2
    After scriptable stripping: 2
    Processed in 0.00 seconds
    starting compilation...
    finished in 0.02 seconds. Local cache hits 0 (0.00s CPU time), remote cache hits 0 (0.00s CPU time), compiled 2 variants (0.04s CPU time), skipped 0 variants
    Prepared data for serialisation in 0.00s
Compiling shader "Hidden/Internal-MotionVectors" pass "" (vp)
    Full variant space:         2
    After settings filtering:   2
    After built-in stripping:   2
    After scriptable stripping: 2
    Processed in 0.00 seconds
    starting compilation...
    finished in 0.02 seconds. Local cache hits 0 (0.00s CPU time), remote cache hits 0 (0.00s CPU time), compiled 2 variants (0.04s CPU time), skipped 0 variants
    Prepared data for serialisation in 0.00s
Compiling shader "Hidden/Internal-MotionVectors" pass "" (vp)
    Full variant space:         2
    After settings filtering:   2
    After built-in stripping:   2
    After scriptable stripping: 2
    Processed in 0.00 seconds
    starting compilation...
    finished in 0.02 seconds. Local cache hits 0 (0.00s CPU time), remote cache hits 0 (0.00s CPU time), compiled 2 variants (0.04s CPU time), skipped 0 variants
    Prepared data for serialisation in 0.00s
Serialized binary data for shader Hidden/Internal-MotionVectors in 0.00s
    glcore (total internal programs: 3, unique: 3)
    vulkan (total internal programs: 3, unique: 3)
Compiling shader "Hidden/Internal-Flare" pass "" (vp)
    Full variant space:         2
    After settings filtering:   2
    After built-in stripping:   2
    After scriptable stripping: 2
    Processed in 0.00 seconds
    starting compilation...
    finished in 0.01 seconds. Local cache hits 0 (0.00s CPU time), remote cache hits 0 (0.00s CPU time), compiled 2 variants (0.03s CPU time), skipped 0 variants
    Prepared data for serialisation in 0.00s
Serialized binary data for shader Hidden/Internal-Flare in 0.00s
    glcore (total internal programs: 1, unique: 1)
    vulkan (total internal programs: 1, unique: 1)
Compiling shader "Hidden/Internal-Halo" pass "" (vp)
    Full variant space:         8
    After settings filtering:   8
    After built-in stripping:   2
    After scriptable stripping: 2
    Processed in 0.00 seconds
    starting compilation...
    finished in 0.01 seconds. Local cache hits 0 (0.00s CPU time), remote cache hits 0 (0.00s CPU time), compiled 2 variants (0.03s CPU time), skipped 0 variants
    Prepared data for serialisation in 0.00s
Serialized binary data for shader Hidden/Internal-Halo in 0.00s
    glcore (total internal programs: 1, unique: 1)
    vulkan (total internal programs: 1, unique: 1)
Compiling shader "Hidden/BlitCopyWithDepth" pass "" (vp)
    Full variant space:         2
    After settings filtering:   2
    After built-in stripping:   2
    After scriptable stripping: 2
    Processed in 0.00 seconds
    starting compilation...
    finished in 0.02 seconds. Local cache hits 0 (0.00s CPU time), remote cache hits 0 (0.00s CPU time), compiled 2 variants (0.03s CPU time), skipped 0 variants
    Prepared data for serialisation in 0.00s
Serialized binary data for shader Hidden/BlitCopyWithDepth in 0.00s
    glcore (total internal programs: 1, unique: 1)
    vulkan (total internal programs: 1, unique: 1)
Compiling shader "Hidden/BlitToDepth" pass "" (vp)
    Full variant space:         2
    After settings filtering:   2
    After built-in stripping:   2
    After scriptable stripping: 2
    Processed in 0.00 seconds
    starting compilation...
    finished in 0.01 seconds. Local cache hits 0 (0.00s CPU time), remote cache hits 0 (0.00s CPU time), compiled 2 variants (0.03s CPU time), skipped 0 variants
    Prepared data for serialisation in 0.00s
Serialized binary data for shader Hidden/BlitToDepth in 0.00s
    glcore (total internal programs: 1, unique: 1)
    vulkan (total internal programs: 1, unique: 1)
Compiling shader "Hidden/BlitToDepth_MSAA" pass "" (vp)
    Full variant space:         2
    After settings filtering:   2
    After built-in stripping:   2
    After scriptable stripping: 2
    Processed in 0.00 seconds
    starting compilation...
    finished in 0.01 seconds. Local cache hits 0 (0.00s CPU time), remote cache hits 0 (0.00s CPU time), compiled 2 variants (0.02s CPU time), skipped 0 variants
    Prepared data for serialisation in 0.00s
Serialized binary data for shader Hidden/BlitToDepth_MSAA in 0.00s
    glcore (total internal programs: 1, unique: 1)
    vulkan (total internal programs: 1, unique: 1)
Compiling shader "Hidden/BlitCopyHDRTonemap" pass "" (vp)
    Full variant space:         2
    After settings filtering:   2
    After built-in stripping:   2
    After scriptable stripping: 2
    Processed in 0.00 seconds
    starting compilation...
    finished in 0.02 seconds. Local cache hits 0 (0.00s CPU time), remote cache hits 0 (0.00s CPU time), compiled 2 variants (0.04s CPU time), skipped 0 variants
    Prepared data for serialisation in 0.00s
Serialized binary data for shader Hidden/BlitCopyHDRTonemap in 0.00s
    glcore (total internal programs: 1, unique: 1)
    vulkan (total internal programs: 1, unique: 1)
Compiling shader "Hidden/Internal-DebugPattern" pass "Target Color and DepthStencil" (vp)
    Full variant space:         2
    After settings filtering:   2
    After built-in stripping:   2
    After scriptable stripping: 2
    Processed in 0.00 seconds
    starting compilation...
    finished in 0.01 seconds. Local cache hits 0 (0.00s CPU time), remote cache hits 0 (0.00s CPU time), compiled 2 variants (0.03s CPU time), skipped 0 variants
    Prepared data for serialisation in 0.00s
Compiling shader "Hidden/Internal-DebugPattern" pass "Target only Color" (vp)
    Full variant space:         2
    After settings filtering:   2
    After built-in stripping:   2
    After scriptable stripping: 2
    Processed in 0.00 seconds
    starting compilation...
    finished in 0.01 seconds. Local cache hits 0 (0.00s CPU time), remote cache hits 0 (0.00s CPU time), compiled 2 variants (0.02s CPU time), skipped 0 variants
    Prepared data for serialisation in 0.00s
Compiling shader "Hidden/Internal-DebugPattern" pass "Target only DepthStencil" (vp)
    Full variant space:         2
    After settings filtering:   2
    After built-in stripping:   2
    After scriptable stripping: 2
    Processed in 0.00 seconds
    starting compilation...
    finished in 0.01 seconds. Local cache hits 0 (0.00s CPU time), remote cache hits 0 (0.00s CPU time), compiled 2 variants (0.02s CPU time), skipped 0 variants
    Prepared data for serialisation in 0.00s
Serialized binary data for shader Hidden/Internal-DebugPattern in 0.00s
    glcore (total internal programs: 3, unique: 3)
    vulkan (total internal programs: 3, unique: 3)
Compiling shader "Hidden/Internal-GUITextureClip" pass "" (vp)
    Full variant space:         2
    After settings filtering:   2
    After built-in stripping:   2
    After scriptable stripping: 2
    Processed in 0.00 seconds
    starting compilation...
    finished in 0.02 seconds. Local cache hits 0 (0.00s CPU time), remote cache hits 0 (0.00s CPU time), compiled 2 variants (0.04s CPU time), skipped 0 variants
    Prepared data for serialisation in 0.00s
Compiling shader "Hidden/Internal-GUITextureClip" pass "" (vp)
    Full variant space:         2
    After settings filtering:   2
    After built-in stripping:   2
    After scriptable stripping: 2
    Processed in 0.00 seconds
    starting compilation...
    finished in 0.02 seconds. Local cache hits 0 (0.00s CPU time), remote cache hits 0 (0.00s CPU time), compiled 2 variants (0.04s CPU time), skipped 0 variants
    Prepared data for serialisation in 0.00s
Serialized binary data for shader Hidden/Internal-GUITextureClip in 0.00s
    glcore (total internal programs: 2, unique: 1)
    vulkan (total internal programs: 2, unique: 1)
Compiling shader "Hidden/Internal-GUITextureClipText" pass "" (vp)
    Full variant space:         2
    After settings filtering:   2
    After built-in stripping:   2
    After scriptable stripping: 2
    Processed in 0.00 seconds
    starting compilation...
    finished in 0.02 seconds. Local cache hits 0 (0.00s CPU time), remote cache hits 0 (0.00s CPU time), compiled 2 variants (0.03s CPU time), skipped 0 variants
    Prepared data for serialisation in 0.00s
Compiling shader "Hidden/Internal-GUITextureClipText" pass "" (vp)
    Full variant space:         2
    After settings filtering:   2
    After built-in stripping:   2
    After scriptable stripping: 2
    Processed in 0.00 seconds
    starting compilation...
    finished in 0.01 seconds. Local cache hits 0 (0.00s CPU time), remote cache hits 0 (0.00s CPU time), compiled 2 variants (0.03s CPU time), skipped 0 variants
    Prepared data for serialisation in 0.00s
Serialized binary data for shader Hidden/Internal-GUITextureClipText in 0.00s
    glcore (total internal programs: 2, unique: 1)
    vulkan (total internal programs: 2, unique: 1)
Compiling shader "Hidden/Internal-GUITexture" pass "" (vp)
    Full variant space:         2
    After settings filtering:   2
    After built-in stripping:   2
    After scriptable stripping: 2
    Processed in 0.00 seconds
    starting compilation...
    finished in 0.01 seconds. Local cache hits 0 (0.00s CPU time), remote cache hits 0 (0.00s CPU time), compiled 2 variants (0.02s CPU time), skipped 0 variants
    Prepared data for serialisation in 0.00s
Compiling shader "Hidden/Internal-GUITexture" pass "" (vp)
    Full variant space:         2
    After settings filtering:   2
    After built-in stripping:   2
    After scriptable stripping: 2
    Processed in 0.00 seconds
    starting compilation...
    finished in 0.01 seconds. Local cache hits 0 (0.00s CPU time), remote cache hits 0 (0.00s CPU time), compiled 2 variants (0.02s CPU time), skipped 0 variants
    Prepared data for serialisation in 0.00s
Serialized binary data for shader Hidden/Internal-GUITexture in 0.00s
    glcore (total internal programs: 2, unique: 1)
    vulkan (total internal programs: 2, unique: 1)
Compiling shader "Hidden/Internal-GUITextureBlit" pass "" (vp)
    Full variant space:         2
    After settings filtering:   2
    After built-in stripping:   2
    After scriptable stripping: 2
    Processed in 0.00 seconds
    starting compilation...
    finished in 0.02 seconds. Local cache hits 0 (0.00s CPU time), remote cache hits 0 (0.00s CPU time), compiled 2 variants (0.04s CPU time), skipped 0 variants
    Prepared data for serialisation in 0.00s
Compiling shader "Hidden/Internal-GUITextureBlit" pass "" (vp)
    Full variant space:         2
    After settings filtering:   2
    After built-in stripping:   2
    After scriptable stripping: 2
    Processed in 0.00 seconds
    starting compilation...
    finished in 0.02 seconds. Local cache hits 0 (0.00s CPU time), remote cache hits 0 (0.00s CPU time), compiled 2 variants (0.04s CPU time), skipped 0 variants
    Prepared data for serialisation in 0.00s
Serialized binary data for shader Hidden/Internal-GUITextureBlit in 0.00s
    glcore (total internal programs: 2, unique: 1)
    vulkan (total internal programs: 2, unique: 1)
Compiling shader "Hidden/Internal-GUIRoundedRect" pass "" (vp)
    Full variant space:         2
    After settings filtering:   2
    After built-in stripping:   2
    After scriptable stripping: 2
    Processed in 0.00 seconds
    starting compilation...
    finished in 0.03 seconds. Local cache hits 0 (0.00s CPU time), remote cache hits 0 (0.00s CPU time), compiled 2 variants (0.06s CPU time), skipped 0 variants
    Prepared data for serialisation in 0.00s
Compiling shader "Hidden/Internal-GUIRoundedRect" pass "" (vp)
    Full variant space:         2
    After settings filtering:   2
    After built-in stripping:   2
    After scriptable stripping: 2
    Processed in 0.00 seconds
    starting compilation...
    finished in 0.03 seconds. Local cache hits 0 (0.00s CPU time), remote cache hits 0 (0.00s CPU time), compiled 2 variants (0.06s CPU time), skipped 0 variants
    Prepared data for serialisation in 0.00s
Serialized binary data for shader Hidden/Internal-GUIRoundedRect in 0.00s
    glcore (total internal programs: 2, unique: 1)
    vulkan (total internal programs: 2, unique: 1)
Compiling shader "Hidden/Internal-GUIRoundedRectWithColorPerBorder" pass "" (vp)
    Full variant space:         2
    After settings filtering:   2
    After built-in stripping:   2
    After scriptable stripping: 2
    Processed in 0.00 seconds
    starting compilation...
    finished in 0.04 seconds. Local cache hits 0 (0.00s CPU time), remote cache hits 0 (0.00s CPU time), compiled 2 variants (0.07s CPU time), skipped 0 variants
    Prepared data for serialisation in 0.00s
Compiling shader "Hidden/Internal-GUIRoundedRectWithColorPerBorder" pass "" (vp)
    Full variant space:         2
    After settings filtering:   2
    After built-in stripping:   2
    After scriptable stripping: 2
    Processed in 0.00 seconds
    starting compilation...
    finished in 0.04 seconds. Local cache hits 0 (0.00s CPU time), remote cache hits 0 (0.00s CPU time), compiled 2 variants (0.08s CPU time), skipped 0 variants
    Prepared data for serialisation in 0.00s
Serialized binary data for shader Hidden/Internal-GUIRoundedRectWithColorPerBorder in 0.00s
    glcore (total internal programs: 2, unique: 1)
    vulkan (total internal programs: 2, unique: 1)
Compiling shader "Hidden/Internal-UIRDefault" pass "" (vp)
    Full variant space:         4
    After settings filtering:   4
    After built-in stripping:   4
    After scriptable stripping: 4
    Processed in 0.00 seconds
    starting compilation...
    finished in 0.11 seconds. Local cache hits 0 (0.00s CPU time), remote cache hits 0 (0.00s CPU time), compiled 4 variants (0.41s CPU time), skipped 0 variants
    Prepared data for serialisation in 0.00s
Serialized binary data for shader Hidden/Internal-UIRDefault in 0.00s
    glcore (total internal programs: 2, unique: 2)
    vulkan (total internal programs: 2, unique: 2)
Compiling shader "Hidden/Internal-UIRAtlasBlitCopy" pass "" (vp)
    Full variant space:         2
    After settings filtering:   2
    After built-in stripping:   2
    After scriptable stripping: 2
    Processed in 0.00 seconds
    starting compilation...
    finished in 0.02 seconds. Local cache hits 0 (0.00s CPU time), remote cache hits 0 (0.00s CPU time), compiled 2 variants (0.03s CPU time), skipped 0 variants
    Prepared data for serialisation in 0.00s
Serialized binary data for shader Hidden/Internal-UIRAtlasBlitCopy in 0.00s
    glcore (total internal programs: 1, unique: 1)
    vulkan (total internal programs: 1, unique: 1)
Compiling shader "Hidden/Internal-UIRDefaultWorld" pass "" (vp)
    Full variant space:         2
    After settings filtering:   2
    After built-in stripping:   2
    After scriptable stripping: 2
    Processed in 0.00 seconds
    starting compilation...
    finished in 0.10 seconds. Local cache hits 0 (0.00s CPU time), remote cache hits 0 (0.00s CPU time), compiled 2 variants (0.19s CPU time), skipped 0 variants
    Prepared data for serialisation in 0.00s
Serialized binary data for shader Hidden/Internal-UIRDefaultWorld in 0.00s
    glcore (total internal programs: 1, unique: 1)
    vulkan (total internal programs: 1, unique: 1)
Compiling shader "Sprites/Mask" pass "" (vp)
    Full variant space:         8
    After settings filtering:   8
    After built-in stripping:   8
    After scriptable stripping: 8
    Processed in 0.00 seconds
    starting compilation...
    finished in 0.02 seconds. Local cache hits 0 (0.00s CPU time), remote cache hits 0 (0.00s CPU time), compiled 8 variants (0.14s CPU time), skipped 0 variants
    Prepared data for serialisation in 0.00s
Serialized binary data for shader Sprites/Mask in 0.00s
    glcore (total internal programs: 4, unique: 4)
    vulkan (total internal programs: 4, unique: 4)
Compiling shader "Hidden/VR/BlitTexArraySlice" pass "" (vp)
    Full variant space:         2
    After settings filtering:   2
    After built-in stripping:   2
    After scriptable stripping: 2
    Processed in 0.00 seconds
    starting compilation...
    finished in 0.02 seconds. Local cache hits 0 (0.00s CPU time), remote cache hits 0 (0.00s CPU time), compiled 2 variants (0.03s CPU time), skipped 0 variants
    Prepared data for serialisation in 0.00s
Serialized binary data for shader Hidden/VR/BlitTexArraySlice in 0.00s
    glcore (total internal programs: 1, unique: 1)
    vulkan (total internal programs: 1, unique: 1)
Compiling shader "Hidden/Internal-ODSWorldTexture" pass "" (vp)
    Full variant space:         2
    After settings filtering:   2
    After built-in stripping:   2
    After scriptable stripping: 2
    Processed in 0.00 seconds
    starting compilation...
    finished in 0.01 seconds. Local cache hits 0 (0.00s CPU time), remote cache hits 0 (0.00s CPU time), compiled 2 variants (0.02s CPU time), skipped 0 variants
    Prepared data for serialisation in 0.00s
Compiling shader "Hidden/Internal-ODSWorldTexture" pass "" (vp)
    Full variant space:         2
    After settings filtering:   2
    After built-in stripping:   2
    After scriptable stripping: 2
    Processed in 0.00 seconds
    starting compilation...
    finished in 0.02 seconds. Local cache hits 0 (0.00s CPU time), remote cache hits 0 (0.00s CPU time), compiled 2 variants (0.03s CPU time), skipped 0 variants
    Prepared data for serialisation in 0.00s
Compiling shader "Hidden/Internal-ODSWorldTexture" pass "" (vp)
    Full variant space:         2
    After settings filtering:   2
    After built-in stripping:   2
    After scriptable stripping: 2
    Processed in 0.00 seconds
    starting compilation...
    finished in 0.03 seconds. Local cache hits 0 (0.00s CPU time), remote cache hits 0 (0.00s CPU time), compiled 2 variants (0.06s CPU time), skipped 0 variants
    Prepared data for serialisation in 0.00s
Compiling shader "Hidden/Internal-ODSWorldTexture" pass "" (vp)
    Full variant space:         2
    After settings filtering:   2
    After built-in stripping:   2
    After scriptable stripping: 2
    Processed in 0.00 seconds
    starting compilation...
    finished in 0.04 seconds. Local cache hits 0 (0.00s CPU time), remote cache hits 0 (0.00s CPU time), compiled 2 variants (0.08s CPU time), skipped 0 variants
    Prepared data for serialisation in 0.00s
Compiling shader "Hidden/Internal-ODSWorldTexture" pass "" (vp)
    Full variant space:         2
    After settings filtering:   2
    After built-in stripping:   2
    After scriptable stripping: 2
    Processed in 0.00 seconds
    starting compilation...
    finished in 0.02 seconds. Local cache hits 0 (0.00s CPU time), remote cache hits 0 (0.00s CPU time), compiled 2 variants (0.03s CPU time), skipped 0 variants
    Prepared data for serialisation in 0.00s
Compiling shader "Hidden/Internal-ODSWorldTexture" pass "" (vp)
    Full variant space:         2
    After settings filtering:   2
    After built-in stripping:   2
    After scriptable stripping: 2
    Processed in 0.00 seconds
    starting compilation...
    finished in 0.02 seconds. Local cache hits 0 (0.00s CPU time), remote cache hits 0 (0.00s CPU time), compiled 2 variants (0.04s CPU time), skipped 0 variants
    Prepared data for serialisation in 0.00s
Compiling shader "Hidden/Internal-ODSWorldTexture" pass "" (vp)
    Full variant space:         2
    After settings filtering:   2
    After built-in stripping:   2
    After scriptable stripping: 2
    Processed in 0.00 seconds
    starting compilation...
    finished in 0.02 seconds. Local cache hits 0 (0.00s CPU time), remote cache hits 0 (0.00s CPU time), compiled 2 variants (0.04s CPU time), skipped 0 variants
    Prepared data for serialisation in 0.00s
Compiling shader "Hidden/Internal-ODSWorldTexture" pass "" (vp)
    Full variant space:         2
    After settings filtering:   2
    After built-in stripping:   2
    After scriptable stripping: 2
    Processed in 0.00 seconds
    starting compilation...
    finished in 0.02 seconds. Local cache hits 0 (0.00s CPU time), remote cache hits 0 (0.00s CPU time), compiled 2 variants (0.04s CPU time), skipped 0 variants
    Prepared data for serialisation in 0.00s
Compiling shader "Hidden/Internal-ODSWorldTexture" pass "" (vp)
    Full variant space:         2
    After settings filtering:   2
    After built-in stripping:   2
    After scriptable stripping: 2
    Processed in 0.00 seconds
    starting compilation...
    finished in 0.03 seconds. Local cache hits 0 (0.00s CPU time), remote cache hits 0 (0.00s CPU time), compiled 2 variants (0.06s CPU time), skipped 0 variants
    Prepared data for serialisation in 0.00s
Compiling shader "Hidden/Internal-ODSWorldTexture" pass "" (vp)
    Full variant space:         2
    After settings filtering:   2
    After built-in stripping:   2
    After scriptable stripping: 2
    Processed in 0.00 seconds
    starting compilation...
    finished in 0.03 seconds. Local cache hits 0 (0.00s CPU time), remote cache hits 0 (0.00s CPU time), compiled 2 variants (0.05s CPU time), skipped 0 variants
    Prepared data for serialisation in 0.00s
Serialized binary data for shader Hidden/Internal-ODSWorldTexture in 0.00s
    glcore (total internal programs: 10, unique: 9)
    vulkan (total internal programs: 10, unique: 9)
Compiling shader "Hidden/Internal-CubemapToEquirect" pass "" (vp)
    Full variant space:         2
    After settings filtering:   2
    After built-in stripping:   2
    After scriptable stripping: 2
    Processed in 0.00 seconds
    starting compilation...
    finished in 0.01 seconds. Local cache hits 0 (0.00s CPU time), remote cache hits 0 (0.00s CPU time), compiled 2 variants (0.03s CPU time), skipped 0 variants
    Prepared data for serialisation in 0.00s
Serialized binary data for shader Hidden/Internal-CubemapToEquirect in 0.00s
    glcore (total internal programs: 1, unique: 1)
    vulkan (total internal programs: 1, unique: 1)
Compiling shader "Hidden/VR/BlitFromTex2DToTexArraySlice" pass "" (vp)
    Full variant space:         1
    After settings filtering:   1
    After built-in stripping:   1
    After scriptable stripping: 1
    Processed in 0.00 seconds
    starting compilation...
    finished in 0.01 seconds. Local cache hits 0 (0.00s CPU time), remote cache hits 0 (0.00s CPU time), compiled 1 variants (0.01s CPU time), skipped 0 variants
    Prepared data for serialisation in 0.00s
Compiling shader "Hidden/VR/BlitFromTex2DToTexArraySlice" pass "" (vp)
    Full variant space:         2
    After settings filtering:   2
    After built-in stripping:   2
    After scriptable stripping: 2
    Processed in 0.00 seconds
    starting compilation...
    finished in 0.02 seconds. Local cache hits 0 (0.00s CPU time), remote cache hits 0 (0.00s CPU time), compiled 2 variants (0.04s CPU time), skipped 0 variants
    Prepared data for serialisation in 0.00s
Serialized binary data for shader Hidden/VR/BlitFromTex2DToTexArraySlice in 0.00s
    glcore (total internal programs: 2, unique: 2)
    vulkan (total internal programs: 1, unique: 1)
Compiling shader "Hidden/VideoComposite" pass "Default" (vp)
    Full variant space:         2
    After settings filtering:   2
    After built-in stripping:   2
    After scriptable stripping: 2
    Processed in 0.00 seconds
    starting compilation...
    finished in 0.01 seconds. Local cache hits 0 (0.00s CPU time), remote cache hits 0 (0.00s CPU time), compiled 2 variants (0.03s CPU time), skipped 0 variants
    Prepared data for serialisation in 0.00s
Serialized binary data for shader Hidden/VideoComposite in 0.00s
    glcore (total internal programs: 1, unique: 1)
    vulkan (total internal programs: 1, unique: 1)
Compiling shader "Hidden/VideoDecode" pass "YCbCr_To_RGB1" (vp)
    Full variant space:         4
    After settings filtering:   4
    After built-in stripping:   4
    After scriptable stripping: 4
    Processed in 0.00 seconds
    starting compilation...
    finished in 0.02 seconds. Local cache hits 0 (0.00s CPU time), remote cache hits 0 (0.00s CPU time), compiled 4 variants (0.06s CPU time), skipped 0 variants
    Prepared data for serialisation in 0.00s
Compiling shader "Hidden/VideoDecode" pass "YCbCrA_To_RGBAFull" (vp)
    Full variant space:         4
    After settings filtering:   4
    After built-in stripping:   4
    After scriptable stripping: 4
    Processed in 0.00 seconds
    starting compilation...
    finished in 0.02 seconds. Local cache hits 0 (0.00s CPU time), remote cache hits 0 (0.00s CPU time), compiled 4 variants (0.06s CPU time), skipped 0 variants
    Prepared data for serialisation in 0.00s
Compiling shader "Hidden/VideoDecode" pass "YCbCrA_To_RGBA" (vp)
    Full variant space:         4
    After settings filtering:   4
    After built-in stripping:   4
    After scriptable stripping: 4
    Processed in 0.00 seconds
    starting compilation...
    finished in 0.02 seconds. Local cache hits 0 (0.00s CPU time), remote cache hits 0 (0.00s CPU time), compiled 4 variants (0.06s CPU time), skipped 0 variants
    Prepared data for serialisation in 0.00s
Compiling shader "Hidden/VideoDecode" pass "Flip_RGBA_To_RGBA" (vp)
    Full variant space:         4
    After settings filtering:   4
    After built-in stripping:   4
    After scriptable stripping: 4
    Processed in 0.00 seconds
    starting compilation...
    finished in 0.01 seconds. Local cache hits 0 (0.00s CPU time), remote cache hits 0 (0.00s CPU time), compiled 4 variants (0.05s CPU time), skipped 0 variants
    Prepared data for serialisation in 0.00s
Compiling shader "Hidden/VideoDecode" pass "Flip_RGBASplit_To_RGBA" (vp)
    Full variant space:         4
    After settings filtering:   4
    After built-in stripping:   4
    After scriptable stripping: 4
    Processed in 0.00 seconds
    starting compilation...
    finished in 0.02 seconds. Local cache hits 0 (0.00s CPU time), remote cache hits 0 (0.00s CPU time), compiled 4 variants (0.06s CPU time), skipped 0 variants
    Prepared data for serialisation in 0.00s
Compiling shader "Hidden/VideoDecode" pass "Flip_NV12_To_RGB1" (vp)
    Full variant space:         4
    After settings filtering:   4
    After built-in stripping:   4
    After scriptable stripping: 4
    Processed in 0.00 seconds
    starting compilation...
    finished in 0.02 seconds. Local cache hits 0 (0.00s CPU time), remote cache hits 0 (0.00s CPU time), compiled 4 variants (0.07s CPU time), skipped 0 variants
    Prepared data for serialisation in 0.00s
Compiling shader "Hidden/VideoDecode" pass "Flip_NV12_To_RGBA" (vp)
    Full variant space:         4
    After settings filtering:   4
    After built-in stripping:   4
    After scriptable stripping: 4
    Processed in 0.00 seconds
    starting compilation...
    finished in 0.02 seconds. Local cache hits 0 (0.00s CPU time), remote cache hits 0 (0.00s CPU time), compiled 4 variants (0.07s CPU time), skipped 0 variants
    Prepared data for serialisation in 0.00s
Compiling shader "Hidden/VideoDecode" pass "Flip_P010_To_RGB1" (vp)
    Full variant space:         2
    After settings filtering:   2
    After built-in stripping:   2
    After scriptable stripping: 2
    Processed in 0.00 seconds
    starting compilation...
    finished in 0.01 seconds. Local cache hits 0 (0.00s CPU time), remote cache hits 0 (0.00s CPU time), compiled 2 variants (0.03s CPU time), skipped 0 variants
    Prepared data for serialisation in 0.00s
Serialized binary data for shader Hidden/VideoDecode in 0.00s
    glcore (total internal programs: 15, unique: 15)
    vulkan (total internal programs: 15, unique: 15)
Compiling shader "Hidden/TextCore/Distance Field SSD" pass "" (vp)
    Full variant space:         2
    After settings filtering:   2
    After built-in stripping:   2
    After scriptable stripping: 2
    Processed in 0.00 seconds
    starting compilation...
    finished in 0.02 seconds. Local cache hits 0 (0.00s CPU time), remote cache hits 0 (0.00s CPU time), compiled 2 variants (0.04s CPU time), skipped 0 variants
    Prepared data for serialisation in 0.00s
Serialized binary data for shader Hidden/TextCore/Distance Field SSD in 0.00s
    glcore (total internal programs: 1, unique: 1)
    vulkan (total internal programs: 1, unique: 1)
[40m[32minfo[39m[22m[49m: Microsoft.AspNetCore.Hosting.Diagnostics[1]
      Request starting HTTP/2 POST http://ilpp/UnityILPP.PostProcessing/Ping application/grpc -
[40m[32minfo[39m[22m[49m: Microsoft.AspNetCore.Routing.EndpointMiddleware[0]
      Executing endpoint 'gRPC - /UnityILPP.PostProcessing/Ping'
[40m[32minfo[39m[22m[49m: Microsoft.AspNetCore.Routing.EndpointMiddleware[1]
      Executed endpoint 'gRPC - /UnityILPP.PostProcessing/Ping'
[40m[32minfo[39m[22m[49m: Microsoft.AspNetCore.Hosting.Diagnostics[2]
      Request finished HTTP/2 POST http://ilpp/UnityILPP.PostProcessing/Ping application/grpc - - 200 - application/grpc 0.0901ms
Starting: /home/worlesenric/Unity/Hub/Editor/6000.0.75f1/Editor/Data/bee_backend --ipc --dagfile="Library/Bee/Playera87d42db.dag" --profile="Library/Bee/backend1.traceevents" Player
WorkingDir: /home/worlesenric/wkspace/gc-wt/gc-017/unity/GameCore.ReleaseCheck
[             ] Require frontend run.  Library/Bee/Playera87d42db.dag couldn't be loaded
Starting: /home/worlesenric/Unity/Hub/Editor/6000.0.75f1/Editor/Data/Tools/netcorerun/netcorerun "/home/worlesenric/Unity/Hub/Editor/6000.0.75f1/Editor/Data/PlaybackEngines/LinuxStandaloneSupport/LinuxPlayerBuildProgram.exe" "/home/worlesenric/Unity/Hub/Editor/6000.0.75f1/Editor/Data/PlaybackEngines/LinuxStandaloneSupport/Bee:/home/worlesenric/Unity/Hub/Editor/6000.0.75f1/Editor/Data/Tools/BuildPipeline" "Library/Bee/Playera87d42db.dag.json" "Library/Bee/Playera87d42db-inputdata.json" "Library/Bee/buildprogram0.traceevents"
WorkingDir: /home/worlesenric/wkspace/gc-wt/gc-017/unity/GameCore.ReleaseCheck
ExitCode: 4 Duration: 0s113ms
DisplayProgressbar: Incremental Player Build
ExitCode: 0 Duration: 0s454ms
Starting: /home/worlesenric/Unity/Hub/Editor/6000.0.75f1/Editor/Data/bee_backend --ipc --dagfile="Library/Bee/Playera87d42db.dag" --dagfilejson="Library/Bee/Playera87d42db.dag.json" --profile="Library/Bee/backend2.traceevents" Player
WorkingDir: /home/worlesenric/wkspace/gc-wt/gc-017/unity/GameCore.ReleaseCheck
Finished compiling graph: 231 nodes, 465 flattened edges (465 ToBuild, 0 ToUse), maximum node priority 22
[ 1/42      0s] WriteResponseFile Library/Bee/artifacts/rsp/8219746636988738590.rsp
[ 2/42      0s] WriteText Library/Bee/artifacts/LinuxPlayerBuildProgram/zbz95/_dummy_for_header_discovery
[ 3/42      0s] CopyFiles Builds/Linux64/libdecor-cairo.so
[ 4/42      0s] WriteText Library/Bee/artifacts/LinuxPlayerBuildProgram/Data/app.info
[ 5/42      0s] WriteText Library/Bee/artifacts/csharpactions/boot.config_16d3.info
[ 6/42      0s] CopyFiles Builds/Linux64/libdecor-0.so.0
[ 7/42      0s] CopyFiles Builds/Linux64/GameCoreProbe_Data/Resources/unity_builtin_extra
[ 8/42      0s] CopyFiles Builds/Linux64/GameCoreProbe_Data/ScriptingAssemblies.json
[ 9/42      0s] CopyFiles Builds/Linux64/GameCoreProbe_Data/resources.assets
[10/42      0s] CopyFiles Builds/Linux64/GameCoreProbe_Data/globalgamemanagers.assets
[11/42      0s] CopyFiles Builds/Linux64/GameCoreProbe_Data/globalgamemanagers
[12/42      0s] CopyFiles Builds/Linux64/GameCoreProbe_Data/sharedassets0.assets
[13/42      0s] CopyFiles Builds/Linux64/GameCoreProbe_Data/level0
[14/42      0s] CopyFiles Builds/Linux64/GameCoreProbe_Data/StreamingAssets/EntityScenes/scene_info.bin
[15/42      0s] CopyFiles Builds/Linux64/GameCoreProbe.x86_64
[16/42      0s] CopyFiles Builds/Linux64/GameCoreProbe_Data/RuntimeInitializeOnLoads.json
[17/42      0s] CopyFiles Builds/Linux64/GameCoreProbe_Data/Resources/UnityPlayer.png
[18/42      0s] CopyFiles Builds/Linux64/GameCoreProbe_Data/sharedassets0.assets.resS
[19/42      0s] CopyFiles Builds/Linux64/GameCoreProbe_Data/app.info
[20/42      0s] CopyFiles Builds/Linux64/GameCoreProbe_Data/globalgamemanagers.assets.resS
[21/42      0s] CopyFiles Builds/Linux64/GameCoreProbe_BackUpThisFolder_ButDontShipItWithYourGame/GameCoreProbe_s.debug
[22/42      0s] CopyFiles Builds/Linux64/GameCoreProbe_Data/Resources/unity default resources
[23/42      0s] CopyFiles Builds/Linux64/UnityPlayer.so
[24/42      0s] CopyFiles Builds/Linux64/GameCoreProbe_BackUpThisFolder_ButDontShipItWithYourGame/UnityPlayer_s.debug
[25/42      0s] AddBootConfigGUID Library/Bee/artifacts/LinuxPlayerBuildProgram/boot.config
[26/42      0s] CopyFiles Builds/Linux64/GameCoreProbe_Data/boot.config
[26/42      0s] Lib_Linux_x64_Clang Library/Bee/artifacts/LinuxPlayerBuildProgram/fregp/il2cpp.a [CacheHit 2ceb5cc558e222d2a398afab68129bda00000000000000000000000000000004]
[27/42     1790364408s] Lib_Linux_x64_Clang Library/Bee/artifacts/LinuxPlayerBuildProgram/fregp/il2cpp.a
[BUSY       6s] UnityLinker /home/worlesenric/wkspace/gc-wt/gc-017/unity/GameCore.ReleaseCheck/Library/Bee/artifacts/unitylinker_1ofc.traceevents
[29/42      7s] UnityLinker /home/worlesenric/wkspace/gc-wt/gc-017/unity/GameCore.ReleaseCheck/Library/Bee/artifacts/unitylinker_1ofc.traceevents
/home/worlesenric/Unity/Hub/Editor/6000.0.75f1/Editor/Data/il2cpp/build/deploy/UnityLinker --allowed-assembly=/home/worlesenric/Unity/Hub/Editor/6000.0.75f1/Editor/Data/PlaybackEngines/LinuxStandaloneSupport/Variations/il2cpp/Managed/UnityEngine.AIModule.dll --allowed-assembly=/home/worlesenric/Unity/Hub/Editor/6000.0.75f1/Editor/Data/PlaybackEngines/LinuxStandaloneSupport/Variations/il2cpp/Managed/UnityEngine.AccessibilityModule.dll --allowed-assembly=/home/worlesenric/Unity/Hub/Editor/6000.0.75f1/Editor/Data/PlaybackEngines/LinuxStandaloneSupport/Variations/il2cpp/Managed/UnityEngine.AndroidJNIModule.dll --allowed-assembly=/home/worlesenric/Unity/Hub/Editor/6000.0.75f1/Editor/Data/PlaybackEngines/LinuxStandaloneSupport/Variations/il2cpp/Managed/UnityEngine.AnimationModule.dll --allowed-assembly=/home/worlesenric/Unity/Hub/Editor/6000.0.75f1/Editor/Data/PlaybackEngines/LinuxStandaloneSupport/Variations/il2cpp/Managed/UnityEngine.AssetBundleModule.dll --allowed-assembly=/home/worlesenric/Unity/Hub/Editor/6000.0.75f1/Editor/Data/PlaybackEngines/LinuxStandaloneSupport/Variations/il2cpp/Managed/UnityEngine.AudioModule.dll --allowed-assembly=/home/worlesenric/Unity/Hub/Editor/6000.0.75f1/Editor/Data/PlaybackEngines/LinuxStandaloneSupport/Variations/il2cpp/Managed/UnityEngine.ClothModule.dll --allowed-assembly=/home/worlesenric/Unity/Hub/Editor/6000.0.75f1/Editor/Data/PlaybackEngines/LinuxStandaloneSupport/Variations/il2cpp/Managed/UnityEngine.ClusterInputModule.dll --allowed-assembly=/home/worlesenric/Unity/Hub/Editor/6000.0.75f1/Editor/Data/PlaybackEngines/LinuxStandaloneSupport/Variations/il2cpp/Managed/UnityEngine.ClusterRendererModule.dll --allowed-assembly=/home/worlesenric/Unity/Hub/Editor/6000.0.75f1/Editor/Data/PlaybackEngines/LinuxStandaloneSupport/Variations/il2cpp/Managed/UnityEngine.ContentLoadModule.dll --allowed-assembly=/home/worlesenric/Unity/Hub/Editor/6000.0.75f1/Editor/Data/PlaybackEngines/LinuxStandaloneSupport/Variations/il2cpp/Managed/UnityEngine.CoreModule.dll --allowed-assembly=/home/worlesenric/Unity/Hub/Editor/6000.0.75f1/Editor/Data/PlaybackEngines/LinuxStandaloneSupport/Variations/il2cpp/Managed/UnityEngine.CrashReportingModule.dll --allowed-assembly=/home/worlesenric/Unity/Hub/Editor/6000.0.75f1/Editor/Data/PlaybackEngines/LinuxStandaloneSupport/Variations/il2cpp/Managed/UnityEngine.DSPGraphModule.dll --allowed-assembly=/home/worlesenric/Unity/Hub/Editor/6000.0.75f1/Editor/Data/PlaybackEngines/LinuxStandaloneSupport/Variations/il2cpp/Managed/UnityEngine.DirectorModule.dll --allowed-assembly=/home/worlesenric/Unity/Hub/Editor/6000.0.75f1/Editor/Data/PlaybackEngines/LinuxStandaloneSupport/Variations/il2cpp/Managed/UnityEngine.GIModule.dll --allowed-assembly=/home/worlesenric/Unity/Hub/Editor/6000.0.75f1/Editor/Data/PlaybackEngines/LinuxStandaloneSupport/Variations/il2cpp/Managed/UnityEngine.GameCenterModule.dll --allowed-assembly=/home/worlesenric/Unity/Hub/Editor/6000.0.75f1/Editor/Data/PlaybackEngines/LinuxStandaloneSupport/Variations/il2cpp/Managed/UnityEngine.GraphicsStateCollectionSerializerModule.dll --allowed-assembly=/home/worlesenric/Unity/Hub/Editor/6000.0.75f1/Editor/Data/PlaybackEngines/LinuxStandaloneSupport/Variations/il2cpp/Managed/UnityEngine.GridModule.dll --allowed-assembly=/home/worlesenric/Unity/Hub/Editor/6000.0.75f1/Editor/Data/PlaybackEngines/LinuxStandaloneSupport/Variations/il2cpp/Managed/UnityEngine.HierarchyCoreModule.dll --allowed-assembly=/home/worlesenric/Unity/Hub/Editor/6000.0.75f1/Editor/Data/PlaybackEngines/LinuxStandaloneSupport/Variations/il2cpp/Managed/UnityEngine.HotReloadModule.dll --allowed-assembly=/home/worlesenric/Unity/Hub/Editor/6000.0.75f1/Editor/Data/PlaybackEngines/LinuxStandaloneSupport/Variations/il2cpp/Managed/UnityEngine.IMGUIModule.dll --allowed-assembly=/home/worlesenric/Unity/Hub/Editor/6000.0.75f1/Editor/Data/PlaybackEngines/LinuxStandaloneSupport/Variations/il2cpp/Managed/UnityEngine.IdentifiersModule.dll --allowed-assembly=/home/worlesenric/Unity/Hub/Editor/6000.0.75f1/Editor/Data/PlaybackEngines/LinuxStandaloneSupport/Variations/il2cpp/Managed/UnityEngine.ImageConversionModule.dll --allowed-assembly=/home/worlesenric/Unity/Hub/Editor/6000.0.75f1/Editor/Data/PlaybackEngines/LinuxStandaloneSupport/Variations/il2cpp/Managed/UnityEngine.InputForUIModule.dll --allowed-assembly=/home/worlesenric/Unity/Hub/Editor/6000.0.75f1/Editor/Data/PlaybackEngines/LinuxStandaloneSupport/Variations/il2cpp/Managed/UnityEngine.InputLegacyModule.dll --allowed-assembly=/home/worlesenric/Unity/Hub/Editor/6000.0.75f1/Editor/Data/PlaybackEngines/LinuxStandaloneSupport/Variations/il2cpp/Managed/UnityEngine.InputModule.dll --allowed-assembly=/home/worlesenric/Unity/Hub/Editor/6000.0.75f1/Editor/Data/PlaybackEngines/LinuxStandaloneSupport/Variations/il2cpp/Managed/UnityEngine.JSONSerializeModule.dll --allowed-assembly=/home/worlesenric/Unity/Hub/Editor/6000.0.75f1/Editor/Data/PlaybackEngines/LinuxStandaloneSupport/Variations/il2cpp/Managed/UnityEngine.LocalizationModule.dll --allowed-assembly=/home/worlesenric/Unity/Hub/Editor/6000.0.75f1/Editor/Data/PlaybackEngines/LinuxStandaloneSupport/Variations/il2cpp/Managed/UnityEngine.MarshallingModule.dll --allowed-assembly=/home/worlesenric/Unity/Hub/Editor/6000.0.75f1/Editor/Data/PlaybackEngines/LinuxStandaloneSupport/Variations/il2cpp/Managed/UnityEngine.MultiplayerModule.dll --allowed-assembly=/home/worlesenric/Unity/Hub/Editor/6000.0.75f1/Editor/Data/PlaybackEngines/LinuxStandaloneSupport/Variations/il2cpp/Managed/UnityEngine.ParticleSystemModule.dll --allowed-assembly=/home/worlesenric/Unity/Hub/Editor/6000.0.75f1/Editor/Data/PlaybackEngines/LinuxStandaloneSupport/Variations/il2cpp/Managed/UnityEngine.PerformanceReportingModule.dll --allowed-assembly=/home/worlesenric/Unity/Hub/Editor/6000.0.75f1/Editor/Data/PlaybackEngines/LinuxStandaloneSupport/Variations/il2cpp/Managed/UnityEngine.Physics2DModule.dll --allowed-assembly=/home/worlesenric/Unity/Hub/Editor/6000.0.75f1/Editor/Data/PlaybackEngines/LinuxStandaloneSupport/Variations/il2cpp/Managed/UnityEngine.PhysicsModule.dll --allowed-assembly=/home/worlesenric/Unity/Hub/Editor/6000.0.75f1/Editor/Data/PlaybackEngines/LinuxStandaloneSupport/Variations/il2cpp/Managed/UnityEngine.PropertiesModule.dll --allowed-assembly=/home/worlesenric/Unity/Hub/Editor/6000.0.75f1/Editor/Data/PlaybackEngines/LinuxStandaloneSupport/Variations/il2cpp/Managed/UnityEngine.RuntimeInitializeOnLoadManagerInitializerModule.dll --allowed-assembly=/home/worlesenric/Unity/Hub/Editor/6000.0.75f1/Editor/Data/PlaybackEngines/LinuxStandaloneSupport/Variations/il2cpp/Managed/UnityEngine.ScreenCaptureModule.dll --allowed-assembly=/home/worlesenric/Unity/Hub/Editor/6000.0.75f1/Editor/Data/PlaybackEngines/LinuxStandaloneSupport/Variations/il2cpp/Managed/UnityEngine.ShaderVariantAnalyticsModule.dll --allowed-assembly=/home/worlesenric/Unity/Hub/Editor/6000.0.75f1/Editor/Data/PlaybackEngines/LinuxStandaloneSupport/Variations/il2cpp/Managed/UnityEngine.SharedInternalsModule.dll --allowed-assembly=/home/worlesenric/Unity/Hub/Editor/6000.0.75f1/Editor/Data/PlaybackEngines/LinuxStandaloneSupport/Variations/il2cpp/Managed/UnityEngine.SpriteMaskModule.dll --allowed-assembly=/home/worlesenric/Unity/Hub/Editor/6000.0.75f1/Editor/Data/PlaybackEngines/LinuxStandaloneSupport/Variations/il2cpp/Managed/UnityEngine.SpriteShapeModule.dll --allowed-assembly=/home/worlesenric/Unity/Hub/Editor/6000.0.75f1/Editor/Data/PlaybackEngines/LinuxStandaloneSupport/Variations/il2cpp/Managed/UnityEngine.StreamingModule.dll --allowed-assembly=/home/worlesenric/Unity/Hub/Editor/6000.0.75f1/Editor/Data/PlaybackEngines/LinuxStandaloneSupport/Variations/il2cpp/Managed/UnityEngine.SubstanceModule.dll --allowed-assembly=/home/worlesenric/Unity/Hub/Editor/6000.0.75f1/Editor/Data/PlaybackEngines/LinuxStandaloneSupport/Variations/il2cpp/Managed/UnityEngine.SubsystemsModule.dll --allowed-assembly=/home/worlesenric/Unity/Hub/Editor/6000.0.75f1/Editor/Data/PlaybackEngines/LinuxStandaloneSupport/Variations/il2cpp/Managed/UnityEngine.TLSModule.dll --allowed-assembly=/home/worlesenric/Unity/Hub/Editor/6000.0.75f1/Editor/Data/PlaybackEngines/LinuxStandaloneSupport/Variations/il2cpp/Managed/UnityEngine.TerrainModule.dll --allowed-assembly=/home/worlesenric/Unity/Hub/Editor/6000.0.75f1/Editor/Data/PlaybackEngines/LinuxStandaloneSupport/Variations/il2cpp/Managed/UnityEngine.TerrainPhysicsModule.dll --allowed-assembly=/home/worlesenric/Unity/Hub/Editor/6000.0.75f1/Editor/Data/PlaybackEngines/LinuxStandaloneSupport/Variations/il2cpp/Managed/UnityEngine.TextCoreFontEngineModule.dll --allowed-assembly=/home/worlesenric/Unity/Hub/Editor/6000.0.75f1/Editor/Data/PlaybackEngines/LinuxStandaloneSupport/Variations/il2cpp/Managed/UnityEngine.TextCoreTextEngineModule.dll --allowed-assembly=/home/worlesenric/Unity/Hub/Editor/6000.0.75f1/Editor/Data/PlaybackEngines/LinuxStandaloneSupport/Variations/il2cpp/Managed/UnityEngine.TextRenderingModule.dll --allowed-assembly=/home/worlesenric/Unity/Hub/Editor/6000.0.75f1/Editor/Data/PlaybackEngines/LinuxStandaloneSupport/Variations/il2cpp/Managed/UnityEngine.TilemapModule.dll --allowed-assembly=/home/worlesenric/Unity/Hub/Editor/6000.0.75f1/Editor/Data/PlaybackEngines/LinuxStandaloneSupport/Variations/il2cpp/Managed/UnityEngine.UIElementsModule.dll --allowed-assembly=/home/worlesenric/Unity/Hub/Editor/6000.0.75f1/Editor/Data/PlaybackEngines/LinuxStandaloneSupport/Variations/il2cpp/Managed/UnityEngine.UIModule.dll --allowed-assembly=/home/worlesenric/Unity/Hub/Editor/6000.0.75f1/Editor/Data/PlaybackEngines/LinuxStandaloneSupport/Variations/il2cpp/Managed/UnityEngine.UmbraModule.dll --allowed-assembly=/home/worlesenric/Unity/Hub/Editor/6000.0.75f1/Editor/Data/PlaybackEngines/LinuxStandaloneSupport/Variations/il2cpp/Managed/UnityEngine.UnityAnalyticsCommonModule.dll --allowed-assembly=/home/worlesenric/Unity/Hub/Editor/6000.0.75f1/Editor/Data/PlaybackEngines/LinuxStandaloneSupport/Variations/il2cpp/Managed/UnityEngine.UnityAnalyticsModule.dll --allowed-assembly=/home/worlesenric/Unity/Hub/Editor/6000.0.75f1/Editor/Data/PlaybackEngines/LinuxStandaloneSupport/Variations/il2cpp/Managed/UnityEngine.UnityConnectModule.dll --allowed-assembly=/home/worlesenric/Unity/Hub/Editor/6000.0.75f1/Editor/Data/PlaybackEngines/LinuxStandaloneSupport/Variations/il2cpp/Managed/UnityEngine.UnityConsentModule.dll --allowed-assembly=/home/worlesenric/Unity/Hub/Editor/6000.0.75f1/Editor/Data/PlaybackEngines/LinuxStandaloneSupport/Variations/il2cpp/Managed/UnityEngine.UnityCurlModule.dll --allowed-assembly=/home/worlesenric/Unity/Hub/Editor/6000.0.75f1/Editor/Data/PlaybackEngines/LinuxStandaloneSupport/Variations/il2cpp/Managed/UnityEngine.UnityTestProtocolModule.dll --allowed-assembly=/home/worlesenric/Unity/Hub/Editor/6000.0.75f1/Editor/Data/PlaybackEngines/LinuxStandaloneSupport/Variations/il2cpp/Managed/UnityEngine.UnityWebRequestAssetBundleModule.dll --allowed-assembly=/home/worlesenric/Unity/Hub/Editor/6000.0.75f1/Editor/Data/PlaybackEngines/LinuxStandaloneSupport/Variations/il2cpp/Managed/UnityEngine.UnityWebRequestAudioModule.dll --allowed-assembly=/home/worlesenric/Unity/Hub/Editor/6000.0.75f1/Editor/Data/PlaybackEngines/LinuxStandaloneSupport/Variations/il2cpp/Managed/UnityEngine.UnityWebRequestModule.dll --allowed-assembly=/home/worlesenric/Unity/Hub/Editor/6000.0.75f1/Editor/Data/PlaybackEngines/LinuxStandaloneSupport/Variations/il2cpp/Managed/UnityEngine.UnityWebRequestTextureModule.dll --allowed-assembly=/home/worlesenric/Unity/Hub/Editor/6000.0.75f1/Editor/Data/PlaybackEngines/LinuxStandaloneSupport/Variations/il2cpp/Managed/UnityEngine.UnityWebRequestWWWModule.dll --allowed-assembly=/home/worlesenric/Unity/Hub/Editor/6000.0.75f1/Editor/Data/PlaybackEngines/LinuxStandaloneSupport/Variations/il2cpp/Managed/UnityEngine.VFXModule.dll --allowed-assembly=/home/worlesenric/Unity/Hub/Editor/6000.0.75f1/Editor/Data/PlaybackEngines/LinuxStandaloneSupport/Variations/il2cpp/Managed/UnityEngine.VRModule.dll --allowed-assembly=/home/worlesenric/Unity/Hub/Editor/6000.0.75f1/Editor/Data/PlaybackEngines/LinuxStandaloneSupport/Variations/il2cpp/Managed/UnityEngine.VehiclesModule.dll --allowed-assembly=/home/worlesenric/Unity/Hub/Editor/6000.0.75f1/Editor/Data/PlaybackEngines/LinuxStandaloneSupport/Variations/il2cpp/Managed/UnityEngine.VideoModule.dll --allowed-assembly=/home/worlesenric/Unity/Hub/Editor/6000.0.75f1/Editor/Data/PlaybackEngines/LinuxStandaloneSupport/Variations/il2cpp/Managed/UnityEngine.VirtualTexturingModule.dll --allowed-assembly=/home/worlesenric/Unity/Hub/Editor/6000.0.75f1/Editor/Data/PlaybackEngines/LinuxStandaloneSupport/Variations/il2cpp/Managed/UnityEngine.WindModule.dll --allowed-assembly=/home/worlesenric/Unity/Hub/Editor/6000.0.75f1/Editor/Data/PlaybackEngines/LinuxStandaloneSupport/Variations/il2cpp/Managed/UnityEngine.XRModule.dll --allowed-assembly=/home/worlesenric/Unity/Hub/Editor/6000.0.75f1/Editor/Data/PlaybackEngines/LinuxStandaloneSupport/Variations/il2cpp/Managed/UnityEngine.dll --allowed-assembly=/home/worlesenric/wkspace/gc-wt/gc-017/unity/GameCore.ReleaseCheck/Library/Bee/PlayerScriptAssemblies/GameCore.Composition.dll --allowed-assembly=/home/worlesenric/wkspace/gc-wt/gc-017/unity/GameCore.ReleaseCheck/Library/Bee/PlayerScriptAssemblies/GameCore.Contracts.dll --allowed-assembly=/home/worlesenric/wkspace/gc-wt/gc-017/unity/GameCore.ReleaseCheck/Library/Bee/PlayerScriptAssemblies/GameCore.Derivation.dll --allowed-assembly=/home/worlesenric/wkspace/gc-wt/gc-017/unity/GameCore.ReleaseCheck/Library/Bee/PlayerScriptAssemblies/GameCore.Derivation.Fixtures.dll --allowed-assembly=/home/worlesenric/wkspace/gc-wt/gc-017/unity/GameCore.ReleaseCheck/Library/Bee/PlayerScriptAssemblies/GameCore.Gameplay.Cards.dll --allowed-assembly=/home/worlesenric/wkspace/gc-wt/gc-017/unity/GameCore.ReleaseCheck/Library/Bee/PlayerScriptAssemblies/GameCore.Gameplay.Cards.Fixtures.dll --allowed-assembly=/home/worlesenric/wkspace/gc-wt/gc-017/unity/GameCore.ReleaseCheck/Library/Bee/PlayerScriptAssemblies/GameCore.Gameplay.Narrative.dll --allowed-assembly=/home/worlesenric/wkspace/gc-wt/gc-017/unity/GameCore.ReleaseCheck/Library/Bee/PlayerScriptAssemblies/GameCore.Gameplay.Narrative.Fixtures.dll --allowed-assembly=/home/worlesenric/wkspace/gc-wt/gc-017/unity/GameCore.ReleaseCheck/Library/Bee/PlayerScriptAssemblies/GameCore.Planning.dll --allowed-assembly=/home/worlesenric/wkspace/gc-wt/gc-017/unity/GameCore.ReleaseCheck/Library/Bee/PlayerScriptAssemblies/GameCore.Rules.Cards.dll --allowed-assembly=/home/worlesenric/wkspace/gc-wt/gc-017/unity/GameCore.ReleaseCheck/Library/Bee/PlayerScriptAssemblies/GameCore.Rules.Narrative.dll --allowed-assembly=/home/worlesenric/wkspace/gc-wt/gc-017/unity/GameCore.ReleaseCheck/Library/Bee/PlayerScriptAssemblies/GameCore.Unity.Adapters.dll --allowed-assembly=/home/worlesenric/wkspace/gc-wt/gc-017/unity/GameCore.ReleaseCheck/Library/Bee/PlayerScriptAssemblies/GameCore.Unity.Fixtures.dll --allowed-assembly=/home/worlesenric/wkspace/gc-wt/gc-017/unity/GameCore.ReleaseCheck/Library/Bee/PlayerScriptAssemblies/GameCore.Unity.Runtime.dll --allowed-assembly=/home/worlesenric/wkspace/gc-wt/gc-017/unity/GameCore.ReleaseCheck/Library/Bee/PlayerScriptAssemblies/GameCore.Validation.FamilyEntries.dll --allowed-assembly=/home/worlesenric/wkspace/gc-wt/gc-017/unity/GameCore.ReleaseCheck/Library/Bee/PlayerScriptAssemblies/GameCore.Validation.Fixture.dll --allowed-assembly=/home/worlesenric/wkspace/gc-wt/gc-017/unity/GameCore.ReleaseCheck/Library/Bee/PlayerScriptAssemblies/GameCore.Validation.Generated.dll --allowed-assembly=/home/worlesenric/wkspace/gc-wt/gc-017/unity/GameCore.ReleaseCheck/Library/Bee/PlayerScriptAssemblies/GameCore.Validation.GeneratedCards.dll --allowed-assembly=/home/worlesenric/wkspace/gc-wt/gc-017/unity/GameCore.ReleaseCheck/Library/Bee/PlayerScriptAssemblies/GameCore.Validation.Probe.dll --allowed-assembly=/home/worlesenric/wkspace/gc-wt/gc-017/unity/GameCore.ReleaseCheck/Library/Bee/PlayerScriptAssemblies/GameCore.Validation.ProbeHost.dll --allowed-assembly=/home/worlesenric/wkspace/gc-wt/gc-017/unity/GameCore.ReleaseCheck/Library/Bee/PlayerScriptAssemblies/Unity.Burst.dll --allowed-assembly=/home/worlesenric/wkspace/gc-wt/gc-017/unity/GameCore.ReleaseCheck/Library/Bee/PlayerScriptAssemblies/Unity.Collections.dll --allowed-assembly=/home/worlesenric/wkspace/gc-wt/gc-017/unity/GameCore.ReleaseCheck/Library/Bee/PlayerScriptAssemblies/Unity.Deformations.dll --allowed-assembly=/home/worlesenric/wkspace/gc-wt/gc-017/unity/GameCore.ReleaseCheck/Library/Bee/PlayerScriptAssemblies/Unity.Entities.dll --allowed-assembly=/home/worlesenric/wkspace/gc-wt/gc-017/unity/GameCore.ReleaseCheck/Library/Bee/PlayerScriptAssemblies/Unity.Entities.Hybrid.dll --allowed-assembly=/home/worlesenric/wkspace/gc-wt/gc-017/unity/GameCore.ReleaseCheck/Library/Bee/PlayerScriptAssemblies/Unity.Entities.Hybrid.HybridComponents.dll --allowed-assembly=/home/worlesenric/wkspace/gc-wt/gc-017/unity/GameCore.ReleaseCheck/Library/Bee/PlayerScriptAssemblies/Unity.Entities.UI.dll --allowed-assembly=/home/worlesenric/wkspace/gc-wt/gc-017/unity/GameCore.ReleaseCheck/Library/Bee/PlayerScriptAssemblies/Unity.InternalAPIEngineBridge.002.dll --allowed-assembly=/home/worlesenric/wkspace/gc-wt/gc-017/unity/GameCore.ReleaseCheck/Library/Bee/PlayerScriptAssemblies/Unity.Mathematics.dll --allowed-assembly=/home/worlesenric/wkspace/gc-wt/gc-017/unity/GameCore.ReleaseCheck/Library/Bee/PlayerScriptAssemblies/Unity.Mathematics.Extensions.dll --allowed-assembly=/home/worlesenric/wkspace/gc-wt/gc-017/unity/GameCore.ReleaseCheck/Library/Bee/PlayerScriptAssemblies/Unity.Mathematics.Extensions.Hybrid.dll --allowed-assembly=/home/worlesenric/wkspace/gc-wt/gc-017/unity/GameCore.ReleaseCheck/Library/Bee/PlayerScriptAssemblies/Unity.Profiling.Core.dll --allowed-assembly=/home/worlesenric/wkspace/gc-wt/gc-017/unity/GameCore.ReleaseCheck/Library/Bee/PlayerScriptAssemblies/Unity.Scenes.dll --allowed-assembly=/home/worlesenric/wkspace/gc-wt/gc-017/unity/GameCore.ReleaseCheck/Library/Bee/PlayerScriptAssemblies/Unity.ScriptableBuildPipeline.dll --allowed-assembly=/home/worlesenric/wkspace/gc-wt/gc-017/unity/GameCore.ReleaseCheck/Library/Bee/PlayerScriptAssemblies/Unity.Serialization.dll --allowed-assembly=/home/worlesenric/wkspace/gc-wt/gc-017/unity/GameCore.ReleaseCheck/Library/Bee/PlayerScriptAssemblies/Unity.Transforms.dll --allowed-assembly=/home/worlesenric/wkspace/gc-wt/gc-017/unity/GameCore.ReleaseCheck/Library/Bee/PlayerScriptAssemblies/Unity.Transforms.Hybrid.dll --allowed-assembly=/home/worlesenric/wkspace/gc-wt/gc-017/unity/GameCore.ReleaseCheck/Library/PackageCache/com.unity.collections@9796e5ee0d9e/Unity.Collections.LowLevel.ILSupport/Unity.Collections.LowLevel.ILSupport.dll --allowed-assembly=/home/worlesenric/wkspace/gc-wt/gc-017/unity/GameCore.ReleaseCheck/Library/PackageCache/com.unity.collections@9796e5ee0d9e/Unity.Collections.Tests/System.IO.Hashing/System.IO.Hashing.dll --allowed-assembly=/home/worlesenric/wkspace/gc-wt/gc-017/unity/GameCore.ReleaseCheck/Library/PackageCache/com.unity.burst@07790c2d06d9/Unity.Burst.Unsafe.dll --allowed-assembly=/home/worlesenric/wkspace/gc-wt/gc-017/unity/GameCore.ReleaseCheck/Library/PackageCache/com.unity.collections@9796e5ee0d9e/Unity.Collections.Tests/System.Runtime.CompilerServices.Unsafe/System.Runtime.CompilerServices.Unsafe.dll --allowed-assembly=/home/worlesenric/Unity/Hub/Editor/6000.0.75f1/Editor/Data/MonoBleedingEdge/lib/mono/unityaot-linux/Accessibility.dll --allowed-assembly=/home/worlesenric/Unity/Hub/Editor/6000.0.75f1/Editor/Data/MonoBleedingEdge/lib/mono/unityaot-linux/Facades/Microsoft.Win32.Primitives.dll --allowed-assembly=/home/worlesenric/Unity/Hub/Editor/6000.0.75f1/Editor/Data/MonoBleedingEdge/lib/mono/unityaot-linux/Facades/Microsoft.Win32.Registry.AccessControl.dll --allowed-assembly=/home/worlesenric/Unity/Hub/Editor/6000.0.75f1/Editor/Data/MonoBleedingEdge/lib/mono/unityaot-linux/Facades/Microsoft.Win32.Registry.dll --allowed-assembly=/home/worlesenric/Unity/Hub/Editor/6000.0.75f1/Editor/Data/MonoBleedingEdge/lib/mono/unityaot-linux/Facades/System.AppContext.dll --allowed-assembly=/home/worlesenric/Unity/Hub/Editor/6000.0.75f1/Editor/Data/MonoBleedingEdge/lib/mono/unityaot-linux/Facades/System.Buffers.dll --allowed-assembly=/home/worlesenric/Unity/Hub/Editor/6000.0.75f1/Editor/Data/MonoBleedingEdge/lib/mono/unityaot-linux/Facades/System.Collections.Concurrent.dll --allowed-assembly=/home/worlesenric/Unity/Hub/Editor/6000.0.75f1/Editor/Data/MonoBleedingEdge/lib/mono/unityaot-linux/Facades/System.Collections.NonGeneric.dll --allowed-assembly=/home/worlesenric/Unity/Hub/Editor/6000.0.75f1/Editor/Data/MonoBleedingEdge/lib/mono/unityaot-linux/Facades/System.Collections.Specialized.dll --allowed-assembly=/home/worlesenric/Unity/Hub/Editor/6000.0.75f1/Editor/Data/MonoBleedingEdge/lib/mono/unityaot-linux/Facades/System.Collections.dll --allowed-assembly=/home/worlesenric/Unity/Hub/Editor/6000.0.75f1/Editor/Data/MonoBleedingEdge/lib/mono/unityaot-linux/Facades/System.ComponentModel.Annotations.dll --allowed-assembly=/home/worlesenric/Unity/Hub/Editor/6000.0.75f1/Editor/Data/MonoBleedingEdge/lib/mono/unityaot-linux/Facades/System.ComponentModel.EventBasedAsync.dll --allowed-assembly=/home/worlesenric/Unity/Hub/Editor/6000.0.75f1/Editor/Data/MonoBleedingEdge/lib/mono/unityaot-linux/Facades/System.ComponentModel.Primitives.dll --allowed-assembly=/home/worlesenric/Unity/Hub/Editor/6000.0.75f1/Editor/Data/MonoBleedingEdge/lib/mono/unityaot-linux/Facades/System.ComponentModel.TypeConverter.dll --allowed-assembly=/home/worlesenric/Unity/Hub/Editor/6000.0.75f1/Editor/Data/MonoBleedingEdge/lib/mono/unityaot-linux/Facades/System.ComponentModel.dll --allowed-assembly=/home/worlesenric/Unity/Hub/Editor/6000.0.75f1/Editor/Data/MonoBleedingEdge/lib/mono/unityaot-linux/Facades/System.Console.dll --allowed-assembly=/home/worlesenric/Unity/Hub/Editor/6000.0.75f1/Editor/Data/MonoBleedingEdge/lib/mono/unityaot-linux/Facades/System.Data.Common.dll --allowed-assembly=/home/worlesenric/Unity/Hub/Editor/6000.0.75f1/Editor/Data/MonoBleedingEdge/lib/mono/unityaot-linux/Facades/System.Data.SqlClient.dll --allowed-assembly=/home/worlesenric/Unity/Hub/Editor/6000.0.75f1/Editor/Data/MonoBleedingEdge/lib/mono/unityaot-linux/Facades/System.Diagnostics.Contracts.dll --allowed-assembly=/home/worlesenric/Unity/Hub/Editor/6000.0.75f1/Editor/Data/MonoBleedingEdge/lib/mono/unityaot-linux/Facades/System.Diagnostics.Debug.dll --allowed-assembly=/home/worlesenric/Unity/Hub/Editor/6000.0.75f1/Editor/Data/MonoBleedingEdge/lib/mono/unityaot-linux/Facades/System.Diagnostics.FileVersionInfo.dll --allowed-assembly=/home/worlesenric/Unity/Hub/Editor/6000.0.75f1/Editor/Data/MonoBleedingEdge/lib/mono/unityaot-linux/Facades/System.Diagnostics.Process.dll --allowed-assembly=/home/worlesenric/Unity/Hub/Editor/6000.0.75f1/Editor/Data/MonoBleedingEdge/lib/mono/unityaot-linux/Facades/System.Diagnostics.StackTrace.dll --allowed-assembly=/home/worlesenric/Unity/Hub/Editor/6000.0.75f1/Editor/Data/MonoBleedingEdge/lib/mono/unityaot-linux/Facades/System.Diagnostics.TextWriterTraceListener.dll --allowed-assembly=/home/worlesenric/Unity/Hub/Editor/6000.0.75f1/Editor/Data/MonoBleedingEdge/lib/mono/unityaot-linux/Facades/System.Diagnostics.Tools.dll --allowed-assembly=/home/worlesenric/Unity/Hub/Editor/6000.0.75f1/Editor/Data/MonoBleedingEdge/lib/mono/unityaot-linux/Facades/System.Diagnostics.TraceEvent.dll --allowed-assembly=/home/worlesenric/Unity/Hub/Editor/6000.0.75f1/Editor/Data/MonoBleedingEdge/lib/mono/unityaot-linux/Facades/System.Diagnostics.TraceSource.dll --allowed-assembly=/home/worlesenric/Unity/Hub/Editor/6000.0.75f1/Editor/Data/MonoBleedingEdge/lib/mono/unityaot-linux/Facades/System.Diagnostics.Tracing.dll --allowed-assembly=/home/worlesenric/Unity/Hub/Editor/6000.0.75f1/Editor/Data/MonoBleedingEdge/lib/mono/unityaot-linux/Facades/System.Drawing.Primitives.dll --allowed-assembly=/home/worlesenric/Unity/Hub/Editor/6000.0.75f1/Editor/Data/MonoBleedingEdge/lib/mono/unityaot-linux/Facades/System.Dynamic.Runtime.dll --allowed-assembly=/home/worlesenric/Unity/Hub/Editor/6000.0.75f1/Editor/Data/MonoBleedingEdge/lib/mono/unityaot-linux/Facades/System.Globalization.Calendars.dll --allowed-assembly=/home/worlesenric/Unity/Hub/Editor/6000.0.75f1/Editor/Data/MonoBleedingEdge/lib/mono/unityaot-linux/Facades/System.Globalization.Extensions.dll --allowed-assembly=/home/worlesenric/Unity/Hub/Editor/6000.0.75f1/Editor/Data/MonoBleedingEdge/lib/mono/unityaot-linux/Facades/System.Globalization.dll --allowed-assembly=/home/worlesenric/Unity/Hub/Editor/6000.0.75f1/Editor/Data/MonoBleedingEdge/lib/mono/unityaot-linux/Facades/System.IO.Compression.ZipFile.dll --allowed-assembly=/home/worlesenric/Unity/Hub/Editor/6000.0.75f1/Editor/Data/MonoBleedingEdge/lib/mono/unityaot-linux/Facades/System.IO.FileSystem.AccessControl.dll --allowed-assembly=/home/worlesenric/Unity/Hub/Editor/6000.0.75f1/Editor/Data/MonoBleedingEdge/lib/mono/unityaot-linux/Facades/System.IO.FileSystem.DriveInfo.dll --allowed-assembly=/home/worlesenric/Unity/Hub/Editor/6000.0.75f1/Editor/Data/MonoBleedingEdge/lib/mono/unityaot-linux/Facades/System.IO.FileSystem.Primitives.dll --allowed-assembly=/home/worlesenric/Unity/Hub/Editor/6000.0.75f1/Editor/Data/MonoBleedingEdge/lib/mono/unityaot-linux/Facades/System.IO.FileSystem.Watcher.dll --allowed-assembly=/home/worlesenric/Unity/Hub/Editor/6000.0.75f1/Editor/Data/MonoBleedingEdge/lib/mono/unityaot-linux/Facades/System.IO.FileSystem.dll --allowed-assembly=/home/worlesenric/Unity/Hub/Editor/6000.0.75f1/Editor/Data/MonoBleedingEdge/lib/mono/unityaot-linux/Facades/System.IO.IsolatedStorage.dll --allowed-assembly=/home/worlesenric/Unity/Hub/Editor/6000.0.75f1/Editor/Data/MonoBleedingEdge/lib/mono/unityaot-linux/Facades/System.IO.MemoryMappedFiles.dll --allowed-assembly=/home/worlesenric/Unity/Hub/Editor/6000.0.75f1/Editor/Data/MonoBleedingEdge/lib/mono/unityaot-linux/Facades/System.IO.Pipes.dll --allowed-assembly=/home/worlesenric/Unity/Hub/Editor/6000.0.75f1/Editor/Data/MonoBleedingEdge/lib/mono/unityaot-linux/Facades/System.IO.UnmanagedMemoryStream.dll --allowed-assembly=/home/worlesenric/Unity/Hub/Editor/6000.0.75f1/Editor/Data/MonoBleedingEdge/lib/mono/unityaot-linux/Facades/System.IO.dll --allowed-assembly=/home/worlesenric/Unity/Hub/Editor/6000.0.75f1/Editor/Data/MonoBleedingEdge/lib/mono/unityaot-linux/Facades/System.Linq.Expressions.dll --allowed-assembly=/home/worlesenric/Unity/Hub/Editor/6000.0.75f1/Editor/Data/MonoBleedingEdge/lib/mono/unityaot-linux/Facades/System.Linq.Parallel.dll --allowed-assembly=/home/worlesenric/Unity/Hub/Editor/6000.0.75f1/Editor/Data/MonoBleedingEdge/lib/mono/unityaot-linux/Facades/System.Linq.Queryable.dll --allowed-assembly=/home/worlesenric/Unity/Hub/Editor/6000.0.75f1/Editor/Data/MonoBleedingEdge/lib/mono/unityaot-linux/Facades/System.Linq.dll --allowed-assembly=/home/worlesenric/Unity/Hub/Editor/6000.0.75f1/Editor/Data/MonoBleedingEdge/lib/mono/unityaot-linux/Facades/System.Memory.dll --allowed-assembly=/home/worlesenric/Unity/Hub/Editor/6000.0.75f1/Editor/Data/MonoBleedingEdge/lib/mono/unityaot-linux/Facades/System.Net.AuthenticationManager.dll --allowed-assembly=/home/worlesenric/Unity/Hub/Editor/6000.0.75f1/Editor/Data/MonoBleedingEdge/lib/mono/unityaot-linux/Facades/System.Net.Cache.dll --allowed-assembly=/home/worlesenric/Unity/Hub/Editor/6000.0.75f1/Editor/Data/MonoBleedingEdge/lib/mono/unityaot-linux/Facades/System.Net.HttpListener.dll --allowed-assembly=/home/worlesenric/Unity/Hub/Editor/6000.0.75f1/Editor/Data/MonoBleedingEdge/lib/mono/unityaot-linux/Facades/System.Net.Mail.dll --allowed-assembly=/home/worlesenric/Unity/Hub/Editor/6000.0.75f1/Editor/Data/MonoBleedingEdge/lib/mono/unityaot-linux/Facades/System.Net.NameResolution.dll --allowed-assembly=/home/worlesenric/Unity/Hub/Editor/6000.0.75f1/Editor/Data/MonoBleedingEdge/lib/mono/unityaot-linux/Facades/System.Net.NetworkInformation.dll --allowed-assembly=/home/worlesenric/Unity/Hub/Editor/6000.0.75f1/Editor/Data/MonoBleedingEdge/lib/mono/unityaot-linux/Facades/System.Net.Ping.dll --allowed-assembly=/home/worlesenric/Unity/Hub/Editor/6000.0.75f1/Editor/Data/MonoBleedingEdge/lib/mono/unityaot-linux/Facades/System.Net.Primitives.dll --allowed-assembly=/home/worlesenric/Unity/Hub/Editor/6000.0.75f1/Editor/Data/MonoBleedingEdge/lib/mono/unityaot-linux/Facades/System.Net.Requests.dll --allowed-assembly=/home/worlesenric/Unity/Hub/Editor/6000.0.75f1/Editor/Data/MonoBleedingEdge/lib/mono/unityaot-linux/Facades/System.Net.Security.dll --allowed-assembly=/home/worlesenric/Unity/Hub/Editor/6000.0.75f1/Editor/Data/MonoBleedingEdge/lib/mono/unityaot-linux/Facades/System.Net.ServicePoint.dll --allowed-assembly=/home/worlesenric/Unity/Hub/Editor/6000.0.75f1/Editor/Data/MonoBleedingEdge/lib/mono/unityaot-linux/Facades/System.Net.Sockets.dll --allowed-assembly=/home/worlesenric/Unity/Hub/Editor/6000.0.75f1/Editor/Data/MonoBleedingEdge/lib/mono/unityaot-linux/Facades/System.Net.Utilities.dll --allowed-assembly=/home/worlesenric/Unity/Hub/Editor/6000.0.75f1/Editor/Data/MonoBleedingEdge/lib/mono/unityaot-linux/Facades/System.Net.WebHeaderCollection.dll --allowed-assembly=/home/worlesenric/Unity/Hub/Editor/6000.0.75f1/Editor/Data/MonoBleedingEdge/lib/mono/unityaot-linux/Facades/System.Net.WebSockets.Client.dll --allowed-assembly=/home/worlesenric/Unity/Hub/Editor/6000.0.75f1/Editor/Data/MonoBleedingEdge/lib/mono/unityaot-linux/Facades/System.Net.WebSockets.dll --allowed-assembly=/home/worlesenric/Unity/Hub/Editor/6000.0.75f1/Editor/Data/MonoBleedingEdge/lib/mono/unityaot-linux/Facades/System.ObjectModel.dll --allowed-assembly=/home/worlesenric/Unity/Hub/Editor/6000.0.75f1/Editor/Data/MonoBleedingEdge/lib/mono/unityaot-linux/Facades/System.Reflection.DispatchProxy.dll --allowed-assembly=/home/worlesenric/Unity/Hub/Editor/6000.0.75f1/Editor/Data/MonoBleedingEdge/lib/mono/unityaot-linux/Facades/System.Reflection.Emit.ILGeneration.dll --allowed-assembly=/home/worlesenric/Unity/Hub/Editor/6000.0.75f1/Editor/Data/MonoBleedingEdge/lib/mono/unityaot-linux/Facades/System.Reflection.Emit.Lightweight.dll --allowed-assembly=/home/worlesenric/Unity/Hub/Editor/6000.0.75f1/Editor/Data/MonoBleedingEdge/lib/mono/unityaot-linux/Facades/System.Reflection.Emit.dll --allowed-assembly=/home/worlesenric/Unity/Hub/Editor/6000.0.75f1/Editor/Data/MonoBleedingEdge/lib/mono/unityaot-linux/Facades/System.Reflection.Extensions.dll --allowed-assembly=/home/worlesenric/Unity/Hub/Editor/6000.0.75f1/Editor/Data/MonoBleedingEdge/lib/mono/unityaot-linux/Facades/System.Reflection.Primitives.dll --allowed-assembly=/home/worlesenric/Unity/Hub/Editor/6000.0.75f1/Editor/Data/MonoBleedingEdge/lib/mono/unityaot-linux/Facades/System.Reflection.TypeExtensions.dll --allowed-assembly=/home/worlesenric/Unity/Hub/Editor/6000.0.75f1/Editor/Data/MonoBleedingEdge/lib/mono/unityaot-linux/Facades/System.Reflection.dll --allowed-assembly=/home/worlesenric/Unity/Hub/Editor/6000.0.75f1/Editor/Data/MonoBleedingEdge/lib/mono/unityaot-linux/Facades/System.Resources.Reader.dll --allowed-assembly=/home/worlesenric/Unity/Hub/Editor/6000.0.75f1/Editor/Data/MonoBleedingEdge/lib/mono/unityaot-linux/Facades/System.Resources.ReaderWriter.dll --allowed-assembly=/home/worlesenric/Unity/Hub/Editor/6000.0.75f1/Editor/Data/MonoBleedingEdge/lib/mono/unityaot-linux/Facades/System.Resources.ResourceManager.dll --allowed-assembly=/home/worlesenric/Unity/Hub/Editor/6000.0.75f1/Editor/Data/MonoBleedingEdge/lib/mono/unityaot-linux/Facades/System.Resources.Writer.dll --allowed-assembly=/home/worlesenric/Unity/Hub/Editor/6000.0.75f1/Editor/Data/MonoBleedingEdge/lib/mono/unityaot-linux/Facades/System.Runtime.CompilerServices.VisualC.dll --allowed-assembly=/home/worlesenric/Unity/Hub/Editor/6000.0.75f1/Editor/Data/MonoBleedingEdge/lib/mono/unityaot-linux/Facades/System.Runtime.Extensions.dll --allowed-assembly=/home/worlesenric/Unity/Hub/Editor/6000.0.75f1/Editor/Data/MonoBleedingEdge/lib/mono/unityaot-linux/Facades/System.Runtime.Handles.dll --allowed-assembly=/home/worlesenric/Unity/Hub/Editor/6000.0.75f1/Editor/Data/MonoBleedingEdge/lib/mono/unityaot-linux/Facades/System.Runtime.InteropServices.RuntimeInformation.dll --allowed-assembly=/home/worlesenric/Unity/Hub/Editor/6000.0.75f1/Editor/Data/MonoBleedingEdge/lib/mono/unityaot-linux/Facades/System.Runtime.InteropServices.WindowsRuntime.dll --allowed-assembly=/home/worlesenric/Unity/Hub/Editor/6000.0.75f1/Editor/Data/MonoBleedingEdge/lib/mono/unityaot-linux/Facades/System.Runtime.InteropServices.dll --allowed-assembly=/home/worlesenric/Unity/Hub/Editor/6000.0.75f1/Editor/Data/MonoBleedingEdge/lib/mono/unityaot-linux/Facades/System.Runtime.Loader.dll --allowed-assembly=/home/worlesenric/Unity/Hub/Editor/6000.0.75f1/Editor/Data/MonoBleedingEdge/lib/mono/unityaot-linux/Facades/System.Runtime.Numerics.dll --allowed-assembly=/home/worlesenric/Unity/Hub/Editor/6000.0.75f1/Editor/Data/MonoBleedingEdge/lib/mono/unityaot-linux/Facades/System.Runtime.Serialization.Formatters.dll --allowed-assembly=/home/worlesenric/Unity/Hub/Editor/6000.0.75f1/Editor/Data/MonoBleedingEdge/lib/mono/unityaot-linux/Facades/System.Runtime.Serialization.Json.dll --allowed-assembly=/home/worlesenric/Unity/Hub/Editor/6000.0.75f1/Editor/Data/MonoBleedingEdge/lib/mono/unityaot-linux/Facades/System.Runtime.Serialization.Primitives.dll --allowed-assembly=/home/worlesenric/Unity/Hub/Editor/6000.0.75f1/Editor/Data/MonoBleedingEdge/lib/mono/unityaot-linux/Facades/System.Runtime.Serialization.Xml.dll --allowed-assembly=/home/worlesenric/Unity/Hub/Editor/6000.0.75f1/Editor/Data/MonoBleedingEdge/lib/mono/unityaot-linux/Facades/System.Runtime.dll --allowed-assembly=/home/worlesenric/Unity/Hub/Editor/6000.0.75f1/Editor/Data/MonoBleedingEdge/lib/mono/unityaot-linux/Facades/System.Security.AccessControl.dll --allowed-assembly=/home/worlesenric/Unity/Hub/Editor/6000.0.75f1/Editor/Data/MonoBleedingEdge/lib/mono/unityaot-linux/Facades/System.Security.Claims.dll --allowed-assembly=/home/worlesenric/Unity/Hub/Editor/6000.0.75f1/Editor/Data/MonoBleedingEdge/lib/mono/unityaot-linux/Facades/System.Security.Cryptography.Algorithms.dll --allowed-assembly=/home/worlesenric/Unity/Hub/Editor/6000.0.75f1/Editor/Data/MonoBleedingEdge/lib/mono/unityaot-linux/Facades/System.Security.Cryptography.Cng.dll --allowed-assembly=/home/worlesenric/Unity/Hub/Editor/6000.0.75f1/Editor/Data/MonoBleedingEdge/lib/mono/unityaot-linux/Facades/System.Security.Cryptography.Csp.dll --allowed-assembly=/home/worlesenric/Unity/Hub/Editor/6000.0.75f1/Editor/Data/MonoBleedingEdge/lib/mono/unityaot-linux/Facades/System.Security.Cryptography.DeriveBytes.dll --allowed-assembly=/home/worlesenric/Unity/Hub/Editor/6000.0.75f1/Editor/Data/MonoBleedingEdge/lib/mono/unityaot-linux/Facades/System.Security.Cryptography.Encoding.dll --allowed-assembly=/home/worlesenric/Unity/Hub/Editor/6000.0.75f1/Editor/Data/MonoBleedingEdge/lib/mono/unityaot-linux/Facades/System.Security.Cryptography.Encryption.Aes.dll --allowed-assembly=/home/worlesenric/Unity/Hub/Editor/6000.0.75f1/Editor/Data/MonoBleedingEdge/lib/mono/unityaot-linux/Facades/System.Security.Cryptography.Encryption.ECDiffieHellman.dll --allowed-assembly=/home/worlesenric/Unity/Hub/Editor/6000.0.75f1/Editor/Data/MonoBleedingEdge/lib/mono/unityaot-linux/Facades/System.Security.Cryptography.Encryption.ECDsa.dll --allowed-assembly=/home/worlesenric/Unity/Hub/Editor/6000.0.75f1/Editor/Data/MonoBleedingEdge/lib/mono/unityaot-linux/Facades/System.Security.Cryptography.Encryption.dll --allowed-assembly=/home/worlesenric/Unity/Hub/Editor/6000.0.75f1/Editor/Data/MonoBleedingEdge/lib/mono/unityaot-linux/Facades/System.Security.Cryptography.Hashing.Algorithms.dll --allowed-assembly=/home/worlesenric/Unity/Hub/Editor/6000.0.75f1/Editor/Data/MonoBleedingEdge/lib/mono/unityaot-linux/Facades/System.Security.Cryptography.Hashing.dll --allowed-assembly=/home/worlesenric/Unity/Hub/Editor/6000.0.75f1/Editor/Data/MonoBleedingEdge/lib/mono/unityaot-linux/Facades/System.Security.Cryptography.OpenSsl.dll --allowed-assembly=/home/worlesenric/Unity/Hub/Editor/6000.0.75f1/Editor/Data/MonoBleedingEdge/lib/mono/unityaot-linux/Facades/System.Security.Cryptography.Pkcs.dll --allowed-assembly=/home/worlesenric/Unity/Hub/Editor/6000.0.75f1/Editor/Data/MonoBleedingEdge/lib/mono/unityaot-linux/Facades/System.Security.Cryptography.Primitives.dll --allowed-assembly=/home/worlesenric/Unity/Hub/Editor/6000.0.75f1/Editor/Data/MonoBleedingEdge/lib/mono/unityaot-linux/Facades/System.Security.Cryptography.ProtectedData.dll --allowed-assembly=/home/worlesenric/Unity/Hub/Editor/6000.0.75f1/Editor/Data/MonoBleedingEdge/lib/mono/unityaot-linux/Facades/System.Security.Cryptography.RSA.dll --allowed-assembly=/home/worlesenric/Unity/Hub/Editor/6000.0.75f1/Editor/Data/MonoBleedingEdge/lib/mono/unityaot-linux/Facades/System.Security.Cryptography.RandomNumberGenerator.dll --allowed-assembly=/home/worlesenric/Unity/Hub/Editor/6000.0.75f1/Editor/Data/MonoBleedingEdge/lib/mono/unityaot-linux/Facades/System.Security.Cryptography.X509Certificates.dll --allowed-assembly=/home/worlesenric/Unity/Hub/Editor/6000.0.75f1/Editor/Data/MonoBleedingEdge/lib/mono/unityaot-linux/Facades/System.Security.Principal.Windows.dll --allowed-assembly=/home/worlesenric/Unity/Hub/Editor/6000.0.75f1/Editor/Data/MonoBleedingEdge/lib/mono/unityaot-linux/Facades/System.Security.Principal.dll --allowed-assembly=/home/worlesenric/Unity/Hub/Editor/6000.0.75f1/Editor/Data/MonoBleedingEdge/lib/mono/unityaot-linux/Facades/System.Security.SecureString.dll --allowed-assembly=/home/worlesenric/Unity/Hub/Editor/6000.0.75f1/Editor/Data/MonoBleedingEdge/lib/mono/unityaot-linux/Facades/System.ServiceModel.Duplex.dll --allowed-assembly=/home/worlesenric/Unity/Hub/Editor/6000.0.75f1/Editor/Data/MonoBleedingEdge/lib/mono/unityaot-linux/Facades/System.ServiceModel.Http.dll --allowed-assembly=/home/worlesenric/Unity/Hub/Editor/6000.0.75f1/Editor/Data/MonoBleedingEdge/lib/mono/unityaot-linux/Facades/System.ServiceModel.NetTcp.dll --allowed-assembly=/home/worlesenric/Unity/Hub/Editor/6000.0.75f1/Editor/Data/MonoBleedingEdge/lib/mono/unityaot-linux/Facades/System.ServiceModel.Primitives.dll --allowed-assembly=/home/worlesenric/Unity/Hub/Editor/6000.0.75f1/Editor/Data/MonoBleedingEdge/lib/mono/unityaot-linux/Facades/System.ServiceModel.Security.dll --allowed-assembly=/home/worlesenric/Unity/Hub/Editor/6000.0.75f1/Editor/Data/MonoBleedingEdge/lib/mono/unityaot-linux/Facades/System.ServiceProcess.ServiceController.dll --allowed-assembly=/home/worlesenric/Unity/Hub/Editor/6000.0.75f1/Editor/Data/MonoBleedingEdge/lib/mono/unityaot-linux/Facades/System.Text.Encoding.CodePages.dll --allowed-assembly=/home/worlesenric/Unity/Hub/Editor/6000.0.75f1/Editor/Data/MonoBleedingEdge/lib/mono/unityaot-linux/Facades/System.Text.Encoding.Extensions.dll --allowed-assembly=/home/worlesenric/Unity/Hub/Editor/6000.0.75f1/Editor/Data/MonoBleedingEdge/lib/mono/unityaot-linux/Facades/System.Text.Encoding.dll --allowed-assembly=/home/worlesenric/Unity/Hub/Editor/6000.0.75f1/Editor/Data/MonoBleedingEdge/lib/mono/unityaot-linux/Facades/System.Text.RegularExpressions.dll --allowed-assembly=/home/worlesenric/Unity/Hub/Editor/6000.0.75f1/Editor/Data/MonoBleedingEdge/lib/mono/unityaot-linux/Facades/System.Threading.AccessControl.dll --allowed-assembly=/home/worlesenric/Unity/Hub/Editor/6000.0.75f1/Editor/Data/MonoBleedingEdge/lib/mono/unityaot-linux/Facades/System.Threading.Overlapped.dll --allowed-assembly=/home/worlesenric/Unity/Hub/Editor/6000.0.75f1/Editor/Data/MonoBleedingEdge/lib/mono/unityaot-linux/Facades/System.Threading.Tasks.Extensions.dll --allowed-assembly=/home/worlesenric/Unity/Hub/Editor/6000.0.75f1/Editor/Data/MonoBleedingEdge/lib/mono/unityaot-linux/Facades/System.Threading.Tasks.Parallel.dll --allowed-assembly=/home/worlesenric/Unity/Hub/Editor/6000.0.75f1/Editor/Data/MonoBleedingEdge/lib/mono/unityaot-linux/Facades/System.Threading.Tasks.dll --allowed-assembly=/home/worlesenric/Unity/Hub/Editor/6000.0.75f1/Editor/Data/MonoBleedingEdge/lib/mono/unityaot-linux/Facades/System.Threading.Thread.dll --allowed-assembly=/home/worlesenric/Unity/Hub/Editor/6000.0.75f1/Editor/Data/MonoBleedingEdge/lib/mono/unityaot-linux/Facades/System.Threading.ThreadPool.dll --allowed-assembly=/home/worlesenric/Unity/Hub/Editor/6000.0.75f1/Editor/Data/MonoBleedingEdge/lib/mono/unityaot-linux/Facades/System.Threading.Timer.dll --allowed-assembly=/home/worlesenric/Unity/Hub/Editor/6000.0.75f1/Editor/Data/MonoBleedingEdge/lib/mono/unityaot-linux/Facades/System.Threading.dll --allowed-assembly=/home/worlesenric/Unity/Hub/Editor/6000.0.75f1/Editor/Data/MonoBleedingEdge/lib/mono/unityaot-linux/Facades/System.ValueTuple.dll --allowed-assembly=/home/worlesenric/Unity/Hub/Editor/6000.0.75f1/Editor/Data/MonoBleedingEdge/lib/mono/unityaot-linux/Facades/System.Xml.ReaderWriter.dll --allowed-assembly=/home/worlesenric/Unity/Hub/Editor/6000.0.75f1/Editor/Data/MonoBleedingEdge/lib/mono/unityaot-linux/Facades/System.Xml.XDocument.dll --allowed-assembly=/home/worlesenric/Unity/Hub/Editor/6000.0.75f1/Editor/Data/MonoBleedingEdge/lib/mono/unityaot-linux/Facades/System.Xml.XPath.XDocument.dll --allowed-assembly=/home/worlesenric/Unity/Hub/Editor/6000.0.75f1/Editor/Data/MonoBleedingEdge/lib/mono/unityaot-linux/Facades/System.Xml.XPath.XmlDocument.dll --allowed-assembly=/home/worlesenric/Unity/Hub/Editor/6000.0.75f1/Editor/Data/MonoBleedingEdge/lib/mono/unityaot-linux/Facades/System.Xml.XPath.dll --allowed-assembly=/home/worlesenric/Unity/Hub/Editor/6000.0.75f1/Editor/Data/MonoBleedingEdge/lib/mono/unityaot-linux/Facades/System.Xml.XmlDocument.dll --allowed-assembly=/home/worlesenric/Unity/Hub/Editor/6000.0.75f1/Editor/Data/MonoBleedingEdge/lib/mono/unityaot-linux/Facades/System.Xml.XmlSerializer.dll --allowed-assembly=/home/worlesenric/Unity/Hub/Editor/6000.0.75f1/Editor/Data/MonoBleedingEdge/lib/mono/unityaot-linux/Facades/System.Xml.Xsl.Primitives.dll --allowed-assembly=/home/worlesenric/Unity/Hub/Editor/6000.0.75f1/Editor/Data/MonoBleedingEdge/lib/mono/unityaot-linux/Facades/netstandard.dll --allowed-assembly=/home/worlesenric/Unity/Hub/Editor/6000.0.75f1/Editor/Data/MonoBleedingEdge/lib/mono/unityaot-linux/I18N.CJK.dll --allowed-assembly=/home/worlesenric/Unity/Hub/Editor/6000.0.75f1/Editor/Data/MonoBleedingEdge/lib/mono/unityaot-linux/I18N.MidEast.dll --allowed-assembly=/home/worlesenric/Unity/Hub/Editor/6000.0.75f1/Editor/Data/MonoBleedingEdge/lib/mono/unityaot-linux/I18N.Other.dll --allowed-assembly=/home/worlesenric/Unity/Hub/Editor/6000.0.75f1/Editor/Data/MonoBleedingEdge/lib/mono/unityaot-linux/I18N.Rare.dll --allowed-assembly=/home/worlesenric/Unity/Hub/Editor/6000.0.75f1/Editor/Data/MonoBleedingEdge/lib/mono/unityaot-linux/I18N.West.dll --allowed-assembly=/home/worlesenric/Unity/Hub/Editor/6000.0.75f1/Editor/Data/MonoBleedingEdge/lib/mono/unityaot-linux/I18N.dll --allowed-assembly=/home/worlesenric/Unity/Hub/Editor/6000.0.75f1/Editor/Data/MonoBleedingEdge/lib/mono/unityaot-linux/Microsoft.CSharp.dll --allowed-assembly=/home/worlesenric/Unity/Hub/Editor/6000.0.75f1/Editor/Data/MonoBleedingEdge/lib/mono/unityaot-linux/Mono.Data.Sqlite.dll --allowed-assembly=/home/worlesenric/Unity/Hub/Editor/6000.0.75f1/Editor/Data/MonoBleedingEdge/lib/mono/unityaot-linux/Mono.Data.Tds.dll --allowed-assembly=/home/worlesenric/Unity/Hub/Editor/6000.0.75f1/Editor/Data/MonoBleedingEdge/lib/mono/unityaot-linux/Mono.Security.dll --allowed-assembly=/home/worlesenric/Unity/Hub/Editor/6000.0.75f1/Editor/Data/MonoBleedingEdge/lib/mono/unityaot-linux/System.ComponentModel.Composition.dll --allowed-assembly=/home/worlesenric/Unity/Hub/Editor/6000.0.75f1/Editor/Data/MonoBleedingEdge/lib/mono/unityaot-linux/System.ComponentModel.DataAnnotations.dll --allowed-assembly=/home/worlesenric/Unity/Hub/Editor/6000.0.75f1/Editor/Data/MonoBleedingEdge/lib/mono/unityaot-linux/System.Configuration.Install.dll --allowed-assembly=/home/worlesenric/Unity/Hub/Editor/6000.0.75f1/Editor/Data/MonoBleedingEdge/lib/mono/unityaot-linux/System.Configuration.dll --allowed-assembly=/home/worlesenric/Unity/Hub/Editor/6000.0.75f1/Editor/Data/MonoBleedingEdge/lib/mono/unityaot-linux/System.Core.dll --allowed-assembly=/home/worlesenric/Unity/Hub/Editor/6000.0.75f1/Editor/Data/MonoBleedingEdge/lib/mono/unityaot-linux/System.Data.DataSetExtensions.dll --allowed-assembly=/home/worlesenric/Unity/Hub/Editor/6000.0.75f1/Editor/Data/MonoBleedingEdge/lib/mono/unityaot-linux/System.Data.Entity.dll --allowed-assembly=/home/worlesenric/Unity/Hub/Editor/6000.0.75f1/Editor/Data/MonoBleedingEdge/lib/mono/unityaot-linux/System.Data.Linq.dll --allowed-assembly=/home/worlesenric/Unity/Hub/Editor/6000.0.75f1/Editor/Data/MonoBleedingEdge/lib/mono/unityaot-linux/System.Data.OracleClient.dll --allowed-assembly=/home/worlesenric/Unity/Hub/Editor/6000.0.75f1/Editor/Data/MonoBleedingEdge/lib/mono/unityaot-linux/System.Data.Services.Client.dll --allowed-assembly=/home/worlesenric/Unity/Hub/Editor/6000.0.75f1/Editor/Data/MonoBleedingEdge/lib/mono/unityaot-linux/System.Data.Services.dll --allowed-assembly=/home/worlesenric/Unity/Hub/Editor/6000.0.75f1/Editor/Data/MonoBleedingEdge/lib/mono/unityaot-linux/System.Data.dll --allowed-assembly=/home/worlesenric/Unity/Hub/Editor/6000.0.75f1/Editor/Data/MonoBleedingEdge/lib/mono/unityaot-linux/System.Design.dll --allowed-assembly=/home/worlesenric/Unity/Hub/Editor/6000.0.75f1/Editor/Data/MonoBleedingEdge/lib/mono/unityaot-linux/System.DirectoryServices.Protocols.dll --allowed-assembly=/home/worlesenric/Unity/Hub/Editor/6000.0.75f1/Editor/Data/MonoBleedingEdge/lib/mono/unityaot-linux/System.DirectoryServices.dll --allowed-assembly=/home/worlesenric/Unity/Hub/Editor/6000.0.75f1/Editor/Data/MonoBleedingEdge/lib/mono/unityaot-linux/System.Drawing.Design.dll --allowed-assembly=/home/worlesenric/Unity/Hub/Editor/6000.0.75f1/Editor/Data/MonoBleedingEdge/lib/mono/unityaot-linux/System.Drawing.dll --allowed-assembly=/home/worlesenric/Unity/Hub/Editor/6000.0.75f1/Editor/Data/MonoBleedingEdge/lib/mono/unityaot-linux/System.EnterpriseServices.dll --allowed-assembly=/home/worlesenric/Unity/Hub/Editor/6000.0.75f1/Editor/Data/MonoBleedingEdge/lib/mono/unityaot-linux/System.IO.Compression.FileSystem.dll --allowed-assembly=/home/worlesenric/Unity/Hub/Editor/6000.0.75f1/Editor/Data/MonoBleedingEdge/lib/mono/unityaot-linux/System.IO.Compression.dll --allowed-assembly=/home/worlesenric/Unity/Hub/Editor/6000.0.75f1/Editor/Data/MonoBleedingEdge/lib/mono/unityaot-linux/System.IdentityModel.Selectors.dll --allowed-assembly=/home/worlesenric/Unity/Hub/Editor/6000.0.75f1/Editor/Data/MonoBleedingEdge/lib/mono/unityaot-linux/System.IdentityModel.dll --allowed-assembly=/home/worlesenric/Unity/Hub/Editor/6000.0.75f1/Editor/Data/MonoBleedingEdge/lib/mono/unityaot-linux/System.Json.dll --allowed-assembly=/home/worlesenric/Unity/Hub/Editor/6000.0.75f1/Editor/Data/MonoBleedingEdge/lib/mono/unityaot-linux/System.Management.dll --allowed-assembly=/home/worlesenric/Unity/Hub/Editor/6000.0.75f1/Editor/Data/MonoBleedingEdge/lib/mono/unityaot-linux/System.Messaging.dll --allowed-assembly=/home/worlesenric/Unity/Hub/Editor/6000.0.75f1/Editor/Data/MonoBleedingEdge/lib/mono/unityaot-linux/System.Net.Http.WebRequest.dll --allowed-assembly=/home/worlesenric/Unity/Hub/Editor/6000.0.75f1/Editor/Data/MonoBleedingEdge/lib/mono/unityaot-linux/System.Net.Http.dll --allowed-assembly=/home/worlesenric/Unity/Hub/Editor/6000.0.75f1/Editor/Data/MonoBleedingEdge/lib/mono/unityaot-linux/System.Net.dll --allowed-assembly=/home/worlesenric/Unity/Hub/Editor/6000.0.75f1/Editor/Data/MonoBleedingEdge/lib/mono/unityaot-linux/System.Numerics.Vectors.dll --allowed-assembly=/home/worlesenric/Unity/Hub/Editor/6000.0.75f1/Editor/Data/MonoBleedingEdge/lib/mono/unityaot-linux/System.Numerics.dll --allowed-assembly=/home/worlesenric/Unity/Hub/Editor/6000.0.75f1/Editor/Data/MonoBleedingEdge/lib/mono/unityaot-linux/System.Reflection.Context.dll --allowed-assembly=/home/worlesenric/Unity/Hub/Editor/6000.0.75f1/Editor/Data/MonoBleedingEdge/lib/mono/unityaot-linux/System.Runtime.Caching.dll --allowed-assembly=/home/worlesenric/Unity/Hub/Editor/6000.0.75f1/Editor/Data/MonoBleedingEdge/lib/mono/unityaot-linux/System.Runtime.DurableInstancing.dll --allowed-assembly=/home/worlesenric/Unity/Hub/Editor/6000.0.75f1/Editor/Data/MonoBleedingEdge/lib/mono/unityaot-linux/System.Runtime.Remoting.dll --allowed-assembly=/home/worlesenric/Unity/Hub/Editor/6000.0.75f1/Editor/Data/MonoBleedingEdge/lib/mono/unityaot-linux/System.Runtime.Serialization.Formatters.Soap.dll --allowed-assembly=/home/worlesenric/Unity/Hub/Editor/6000.0.75f1/Editor/Data/MonoBleedingEdge/lib/mono/unityaot-linux/System.Runtime.Serialization.dll --allowed-assembly=/home/worlesenric/Unity/Hub/Editor/6000.0.75f1/Editor/Data/MonoBleedingEdge/lib/mono/unityaot-linux/System.Security.dll --allowed-assembly=/home/worlesenric/Unity/Hub/Editor/6000.0.75f1/Editor/Data/MonoBleedingEdge/lib/mono/unityaot-linux/System.ServiceModel.Activation.dll --allowed-assembly=/home/worlesenric/Unity/Hub/Editor/6000.0.75f1/Editor/Data/MonoBleedingEdge/lib/mono/unityaot-linux/System.ServiceModel.Discovery.dll --allowed-assembly=/home/worlesenric/Unity/Hub/Editor/6000.0.75f1/Editor/Data/MonoBleedingEdge/lib/mono/unityaot-linux/System.ServiceModel.Internals.dll --allowed-assembly=/home/worlesenric/Unity/Hub/Editor/6000.0.75f1/Editor/Data/MonoBleedingEdge/lib/mono/unityaot-linux/System.ServiceModel.Routing.dll --allowed-assembly=/home/worlesenric/Unity/Hub/Editor/6000.0.75f1/Editor/Data/MonoBleedingEdge/lib/mono/unityaot-linux/System.ServiceModel.Web.dll --allowed-assembly=/home/worlesenric/Unity/Hub/Editor/6000.0.75f1/Editor/Data/MonoBleedingEdge/lib/mono/unityaot-linux/System.ServiceModel.dll --allowed-assembly=/home/worlesenric/Unity/Hub/Editor/6000.0.75f1/Editor/Data/MonoBleedingEdge/lib/mono/unityaot-linux/System.ServiceProcess.dll --allowed-assembly=/home/worlesenric/Unity/Hub/Editor/6000.0.75f1/Editor/Data/MonoBleedingEdge/lib/mono/unityaot-linux/System.Transactions.dll --allowed-assembly=/home/worlesenric/Unity/Hub/Editor/6000.0.75f1/Editor/Data/MonoBleedingEdge/lib/mono/unityaot-linux/System.Web.ApplicationServices.dll --allowed-assembly=/home/worlesenric/Unity/Hub/Editor/6000.0.75f1/Editor/Data/MonoBleedingEdge/lib/mono/unityaot-linux/System.Web.DynamicData.dll --allowed-assembly=/home/worlesenric/Unity/Hub/Editor/6000.0.75f1/Editor/Data/MonoBleedingEdge/lib/mono/unityaot-linux/System.Web.Extensions.Design.dll --allowed-assembly=/home/worlesenric/Unity/Hub/Editor/6000.0.75f1/Editor/Data/MonoBleedingEdge/lib/mono/unityaot-linux/System.Web.Extensions.dll --allowed-assembly=/home/worlesenric/Unity/Hub/Editor/6000.0.75f1/Editor/Data/MonoBleedingEdge/lib/mono/unityaot-linux/System.Web.RegularExpressions.dll --allowed-assembly=/home/worlesenric/Unity/Hub/Editor/6000.0.75f1/Editor/Data/MonoBleedingEdge/lib/mono/unityaot-linux/System.Web.Services.dll --allowed-assembly=/home/worlesenric/Unity/Hub/Editor/6000.0.75f1/Editor/Data/MonoBleedingEdge/lib/mono/unityaot-linux/System.Web.dll --allowed-assembly=/home/worlesenric/Unity/Hub/Editor/6000.0.75f1/Editor/Data/MonoBleedingEdge/lib/mono/unityaot-linux/System.Windows.Forms.DataVisualization.dll --allowed-assembly=/home/worlesenric/Unity/Hub/Editor/6000.0.75f1/Editor/Data/MonoBleedingEdge/lib/mono/unityaot-linux/System.Windows.Forms.dll --allowed-assembly=/home/worlesenric/Unity/Hub/Editor/6000.0.75f1/Editor/Data/MonoBleedingEdge/lib/mono/unityaot-linux/System.Windows.dll --allowed-assembly=/home/worlesenric/Unity/Hub/Editor/6000.0.75f1/Editor/Data/MonoBleedingEdge/lib/mono/unityaot-linux/System.Xaml.dll --allowed-assembly=/home/worlesenric/Unity/Hub/Editor/6000.0.75f1/Editor/Data/MonoBleedingEdge/lib/mono/unityaot-linux/System.Xml.Linq.dll --allowed-assembly=/home/worlesenric/Unity/Hub/Editor/6000.0.75f1/Editor/Data/MonoBleedingEdge/lib/mono/unityaot-linux/System.Xml.Serialization.dll --allowed-assembly=/home/worlesenric/Unity/Hub/Editor/6000.0.75f1/Editor/Data/MonoBleedingEdge/lib/mono/unityaot-linux/System.Xml.dll --allowed-assembly=/home/worlesenric/Unity/Hub/Editor/6000.0.75f1/Editor/Data/MonoBleedingEdge/lib/mono/unityaot-linux/System.dll --allowed-assembly=/home/worlesenric/Unity/Hub/Editor/6000.0.75f1/Editor/Data/MonoBleedingEdge/lib/mono/unityaot-linux/mscorlib.dll --out=Library/Bee/artifacts/LinuxPlayerBuildProgram/ManagedStripped --include-link-xml=/home/worlesenric/wkspace/gc-wt/gc-017/unity/GameCore.ReleaseCheck/Library/Bee/artifacts/UnityLinkerInputs/TypesInScenes.xml --include-link-xml=/home/worlesenric/wkspace/gc-wt/gc-017/unity/GameCore.ReleaseCheck/Assets/link.xml --include-directory=/home/worlesenric/wkspace/gc-wt/gc-017/unity/GameCore.ReleaseCheck/Library/Bee/PlayerScriptAssemblies --include-directory=/home/worlesenric/Unity/Hub/Editor/6000.0.75f1/Editor/Data/PlaybackEngines/LinuxStandaloneSupport/Variations/il2cpp/Managed --include-directory=/home/worlesenric/wkspace/gc-wt/gc-017/unity/GameCore.ReleaseCheck/Library/PackageCache/com.unity.collections@9796e5ee0d9e/Unity.Collections.LowLevel.ILSupport --include-directory=/home/worlesenric/wkspace/gc-wt/gc-017/unity/GameCore.ReleaseCheck/Library/PackageCache/com.unity.collections@9796e5ee0d9e/Unity.Collections.Tests/System.IO.Hashing --include-directory=/home/worlesenric/wkspace/gc-wt/gc-017/unity/GameCore.ReleaseCheck/Library/PackageCache/com.unity.burst@07790c2d06d9 --include-directory=/home/worlesenric/wkspace/gc-wt/gc-017/unity/GameCore.ReleaseCheck/Library/PackageCache/com.unity.collections@9796e5ee0d9e/Unity.Collections.Tests/System.Runtime.CompilerServices.Unsafe --include-directory=/home/worlesenric/Unity/Hub/Editor/6000.0.75f1/Editor/Data/MonoBleedingEdge/lib/mono/unityaot-linux --include-directory=/home/worlesenric/Unity/Hub/Editor/6000.0.75f1/Editor/Data/MonoBleedingEdge/lib/mono/unityaot-linux/Facades --rule-set=Experimental --profiler-report --profiler-output-file=/home/worlesenric/wkspace/gc-wt/gc-017/unity/GameCore.ReleaseCheck/Library/Bee/artifacts/unitylinker_1ofc.traceevents --dotnetprofile=unityaot-linux --dotnetruntime=Il2Cpp --architecture=x64 --platform=Linux --use-editor-options --engine-modules-asset-file=/home/worlesenric/Unity/Hub/Editor/6000.0.75f1/Editor/Data/PlaybackEngines/LinuxStandaloneSupport/modules.asset --editor-data-file=/home/worlesenric/wkspace/gc-wt/gc-017/unity/GameCore.ReleaseCheck/Library/Bee/artifacts/UnityLinkerInputs/EditorToUnityLinkerData.json --include-unity-root-assembly=/home/worlesenric/wkspace/gc-wt/gc-017/unity/GameCore.ReleaseCheck/Library/Bee/PlayerScriptAssemblies/GameCore.Validation.FamilyEntries.dll --include-unity-root-assembly=/home/worlesenric/wkspace/gc-wt/gc-017/unity/GameCore.ReleaseCheck/Library/Bee/PlayerScriptAssemblies/GameCore.Validation.Fixture.dll --include-unity-root-assembly=/home/worlesenric/wkspace/gc-wt/gc-017/unity/GameCore.ReleaseCheck/Library/Bee/PlayerScriptAssemblies/GameCore.Validation.Generated.dll --include-unity-root-assembly=/home/worlesenric/wkspace/gc-wt/gc-017/unity/GameCore.ReleaseCheck/Library/Bee/PlayerScriptAssemblies/GameCore.Validation.GeneratedCards.dll --include-unity-root-assembly=/home/worlesenric/wkspace/gc-wt/gc-017/unity/GameCore.ReleaseCheck/Library/Bee/PlayerScriptAssemblies/GameCore.Validation.Probe.dll --include-unity-root-assembly=/home/worlesenric/wkspace/gc-wt/gc-017/unity/GameCore.ReleaseCheck/Library/Bee/PlayerScriptAssemblies/GameCore.Validation.ProbeHost.dll --print-command-line --enable-analytics
*** Tundra requires additional run (8.05 seconds), 27 items updated, 42 evaluated
*** Additional run caused by: contents change of Library/Bee/artifacts/LinuxPlayerBuildProgram/ManagedStripped
Starting: /home/worlesenric/Unity/Hub/Editor/6000.0.75f1/Editor/Data/Tools/netcorerun/netcorerun "/home/worlesenric/Unity/Hub/Editor/6000.0.75f1/Editor/Data/PlaybackEngines/LinuxStandaloneSupport/LinuxPlayerBuildProgram.exe" "/home/worlesenric/Unity/Hub/Editor/6000.0.75f1/Editor/Data/PlaybackEngines/LinuxStandaloneSupport/Bee:/home/worlesenric/Unity/Hub/Editor/6000.0.75f1/Editor/Data/Tools/BuildPipeline" "Library/Bee/Playera87d42db.dag.json" "Library/Bee/Playera87d42db-inputdata.json" "Library/Bee/buildprogram1.traceevents"
WorkingDir: /home/worlesenric/wkspace/gc-wt/gc-017/unity/GameCore.ReleaseCheck
ExitCode: 4 Duration: 8s132ms
ExitCode: 0 Duration: 0s465ms
Starting: /home/worlesenric/Unity/Hub/Editor/6000.0.75f1/Editor/Data/bee_backend --ipc --dagfile="Library/Bee/Playera87d42db.dag" --dagfilejson="Library/Bee/Playera87d42db.dag.json" --profile="Library/Bee/backend3.traceevents" Player
WorkingDir: /home/worlesenric/wkspace/gc-wt/gc-017/unity/GameCore.ReleaseCheck
Finished compiling graph: 374 nodes, 894 flattened edges (894 ToBuild, 0 ToUse), maximum node priority 165
[ 28/185    0s] CopyFiles Builds/Linux64/GameCoreProbe_BackUpThisFolder_ButDontShipItWithYourGame/Managed/GameCore.Composition.pdb
[ 29/185    0s] CopyFiles Builds/Linux64/GameCoreProbe_BackUpThisFolder_ButDontShipItWithYourGame/Managed/UnityEngine.Physics2DModule.dll
[ 30/185    0s] CopyFiles Builds/Linux64/GameCoreProbe_BackUpThisFolder_ButDontShipItWithYourGame/Managed/UnityEngine.Physics2DModule.pdb
[ 31/185    0s] CopyFiles Builds/Linux64/GameCoreProbe_BackUpThisFolder_ButDontShipItWithYourGame/Managed/UnityEngine.InputForUIModule.pdb
[ 32/185    0s] CopyFiles Builds/Linux64/GameCoreProbe_BackUpThisFolder_ButDontShipItWithYourGame/Managed/GameCore.Composition.dll
[ 33/185    0s] CopyFiles Builds/Linux64/GameCoreProbe_BackUpThisFolder_ButDontShipItWithYourGame/Managed/GameCore.Validation.FamilyEntries.pdb
[ 34/185    0s] CopyFiles Builds/Linux64/GameCoreProbe_BackUpThisFolder_ButDontShipItWithYourGame/Managed/GameCore.Gameplay.Cards.Fixtures.pdb
[ 35/185    0s] CopyFiles Builds/Linux64/GameCoreProbe_BackUpThisFolder_ButDontShipItWithYourGame/Managed/GameCore.Validation.FamilyEntries.dll
[ 36/185    0s] CopyFiles Builds/Linux64/GameCoreProbe_BackUpThisFolder_ButDontShipItWithYourGame/Managed/GameCore.Validation.Fixture.pdb
[ 37/185    0s] CopyFiles Builds/Linux64/GameCoreProbe_BackUpThisFolder_ButDontShipItWithYourGame/Managed/GameCore.Validation.Probe.pdb
[ 38/185    0s] CopyFiles Builds/Linux64/GameCoreProbe_BackUpThisFolder_ButDontShipItWithYourGame/Managed/GameCore.Validation.GeneratedCards.pdb
[ 39/185    0s] CopyFiles Builds/Linux64/GameCoreProbe_BackUpThisFolder_ButDontShipItWithYourGame/Managed/UnityEngine.InputLegacyModule.pdb
[ 40/185    0s] CopyFiles Builds/Linux64/GameCoreProbe_BackUpThisFolder_ButDontShipItWithYourGame/Managed/UnityEngine.InputModule.pdb
[ 41/185    0s] CopyFiles Builds/Linux64/GameCoreProbe_BackUpThisFolder_ButDontShipItWithYourGame/Managed/GameCore.Rules.Cards.dll
[ 42/185    0s] CopyFiles Builds/Linux64/GameCoreProbe_BackUpThisFolder_ButDontShipItWithYourGame/Managed/UnityEngine.InputLegacyModule.dll
[ 43/185    0s] CopyFiles Builds/Linux64/GameCoreProbe_BackUpThisFolder_ButDontShipItWithYourGame/Managed/UnityEngine.AccessibilityModule.dll
[ 44/185    0s] CopyFiles Builds/Linux64/GameCoreProbe_BackUpThisFolder_ButDontShipItWithYourGame/Managed/GameCore.Rules.Cards.pdb
[ 45/185    0s] CopyFiles Builds/Linux64/GameCoreProbe_BackUpThisFolder_ButDontShipItWithYourGame/Managed/UnityEngine.PhysicsModule.pdb
[ 46/185    0s] CopyFiles Builds/Linux64/GameCoreProbe_BackUpThisFolder_ButDontShipItWithYourGame/Managed/UnityEngine.AccessibilityModule.pdb
[ 47/185    0s] CopyFiles Builds/Linux64/GameCoreProbe_BackUpThisFolder_ButDontShipItWithYourGame/Managed/UnityEngine.InputModule.dll
[ 48/185    0s] CopyFiles Builds/Linux64/GameCoreProbe_BackUpThisFolder_ButDontShipItWithYourGame/Managed/GameCore.Validation.Fixture.dll
[ 49/185    0s] CopyFiles Builds/Linux64/GameCoreProbe_BackUpThisFolder_ButDontShipItWithYourGame/Managed/UnityEngine.InputForUIModule.dll
[ 50/185    0s] CopyFiles Builds/Linux64/GameCoreProbe_BackUpThisFolder_ButDontShipItWithYourGame/Managed/UnityEngine.PhysicsModule.dll
[ 51/185    0s] CopyFiles Builds/Linux64/GameCoreProbe_BackUpThisFolder_ButDontShipItWithYourGame/Managed/GameCore.Gameplay.Cards.Fixtures.dll
[ 52/185    0s] CopyFiles Builds/Linux64/GameCoreProbe_BackUpThisFolder_ButDontShipItWithYourGame/Managed/GameCore.Validation.ProbeHost.dll
[ 53/185    0s] CopyFiles Builds/Linux64/GameCoreProbe_BackUpThisFolder_ButDontShipItWithYourGame/Managed/GameCore.Validation.Generated.pdb
[ 54/185    0s] CopyFiles Builds/Linux64/GameCoreProbe_BackUpThisFolder_ButDontShipItWithYourGame/Managed/GameCore.Unity.Runtime.dll
[ 55/185    0s] CopyFiles Builds/Linux64/GameCoreProbe_BackUpThisFolder_ButDontShipItWithYourGame/Managed/GameCore.Validation.Probe.dll
[ 56/185    0s] CopyFiles Builds/Linux64/GameCoreProbe_BackUpThisFolder_ButDontShipItWithYourGame/Managed/UnityEngine.SubsystemsModule.pdb
[ 57/185    0s] CopyFiles Builds/Linux64/GameCoreProbe_BackUpThisFolder_ButDontShipItWithYourGame/Managed/Unity.Burst.dll
[ 58/185    0s] CopyFiles Builds/Linux64/GameCoreProbe_BackUpThisFolder_ButDontShipItWithYourGame/Managed/UnityEngine.HierarchyCoreModule.pdb
[ 59/185    0s] CopyFiles Builds/Linux64/GameCoreProbe_BackUpThisFolder_ButDontShipItWithYourGame/Managed/UnityEngine.HierarchyCoreModule.dll
[ 60/185    0s] CopyFiles Builds/Linux64/GameCoreProbe_BackUpThisFolder_ButDontShipItWithYourGame/Managed/UnityEngine.VRModule.pdb
[ 61/185    0s] CopyFiles Builds/Linux64/GameCoreProbe_BackUpThisFolder_ButDontShipItWithYourGame/Managed/UnityEngine.VRModule.dll
[ 62/185    0s] CopyFiles Builds/Linux64/GameCoreProbe_BackUpThisFolder_ButDontShipItWithYourGame/Managed/UnityEngine.UIModule.pdb
[ 63/185    0s] CopyFiles Builds/Linux64/GameCoreProbe_BackUpThisFolder_ButDontShipItWithYourGame/Managed/UnityEngine.SubsystemsModule.dll
[ 64/185    0s] CopyFiles Builds/Linux64/GameCoreProbe_BackUpThisFolder_ButDontShipItWithYourGame/Managed/UnityEngine.UIModule.dll
[ 65/185    0s] CopyFiles Builds/Linux64/GameCoreProbe_BackUpThisFolder_ButDontShipItWithYourGame/Managed/GameCore.Validation.Generated.dll
[ 66/185    0s] CopyFiles Builds/Linux64/GameCoreProbe_BackUpThisFolder_ButDontShipItWithYourGame/Managed/Unity.Transforms.Hybrid.dll
[ 67/185    0s] CopyFiles Builds/Linux64/GameCoreProbe_BackUpThisFolder_ButDontShipItWithYourGame/Managed/GameCore.Validation.ProbeHost.pdb
[ 68/185    0s] CopyFiles Builds/Linux64/GameCoreProbe_BackUpThisFolder_ButDontShipItWithYourGame/Managed/GameCore.Unity.Runtime.pdb
[ 69/185    0s] CopyFiles Builds/Linux64/GameCoreProbe_BackUpThisFolder_ButDontShipItWithYourGame/Managed/GameCore.Validation.GeneratedCards.dll
[ 70/185    0s] CopyFiles Builds/Linux64/GameCoreProbe_BackUpThisFolder_ButDontShipItWithYourGame/Managed/Unity.Transforms.Hybrid.pdb
[ 71/185    0s] CopyFiles Builds/Linux64/GameCoreProbe_BackUpThisFolder_ButDontShipItWithYourGame/Managed/UnityEngine.GridModule.dll
[ 72/185    0s] CopyFiles Builds/Linux64/GameCoreProbe_BackUpThisFolder_ButDontShipItWithYourGame/Managed/Unity.Collections.LowLevel.ILSupport.dll
[ 73/185    0s] CopyFiles Builds/Linux64/GameCoreProbe_BackUpThisFolder_ButDontShipItWithYourGame/Managed/UnityEngine.AIModule.pdb
[ 74/185    0s] CopyFiles Builds/Linux64/GameCoreProbe_BackUpThisFolder_ButDontShipItWithYourGame/Managed/UnityEngine.AIModule.dll
[ 75/185    0s] CopyFiles Builds/Linux64/GameCoreProbe_BackUpThisFolder_ButDontShipItWithYourGame/Managed/UnityEngine.IMGUIModule.dll
[ 76/185    0s] CopyFiles Builds/Linux64/GameCoreProbe_BackUpThisFolder_ButDontShipItWithYourGame/Managed/Unity.Burst.Unsafe.dll
[ 77/185    0s] CopyFiles Builds/Linux64/GameCoreProbe_BackUpThisFolder_ButDontShipItWithYourGame/Managed/UnityEngine.UIElementsModule.pdb
[ 78/185    0s] CopyFiles Builds/Linux64/GameCoreProbe_BackUpThisFolder_ButDontShipItWithYourGame/Managed/UnityEngine.IMGUIModule.pdb
[ 79/185    0s] CopyFiles Builds/Linux64/GameCoreProbe_BackUpThisFolder_ButDontShipItWithYourGame/Managed/analytics.json
[ 80/185    0s] CopyFiles Builds/Linux64/GameCoreProbe_BackUpThisFolder_ButDontShipItWithYourGame/Managed/UnityEngine.UIElementsModule.dll
[ 81/185    0s] CopyFiles Builds/Linux64/GameCoreProbe_BackUpThisFolder_ButDontShipItWithYourGame/Managed/Unity.Mathematics.dll
[ 82/185    0s] CopyFiles Builds/Linux64/GameCoreProbe_BackUpThisFolder_ButDontShipItWithYourGame/Managed/Unity.Mathematics.pdb
[ 83/185    0s] CopyFiles Builds/Linux64/GameCoreProbe_BackUpThisFolder_ButDontShipItWithYourGame/Managed/UnityLinkerToEditorData.json
[ 84/185    0s] CopyFiles Builds/Linux64/GameCoreProbe_BackUpThisFolder_ButDontShipItWithYourGame/Managed/Unity.Collections.pdb
[ 85/185    0s] CopyFiles Builds/Linux64/GameCoreProbe_BackUpThisFolder_ButDontShipItWithYourGame/Managed/Unity.Collections.dll
[ 86/185    0s] CopyFiles Builds/Linux64/GameCoreProbe_BackUpThisFolder_ButDontShipItWithYourGame/Managed/UnityEngine.XRModule.pdb
[ 87/185    0s] CopyFiles Builds/Linux64/GameCoreProbe_BackUpThisFolder_ButDontShipItWithYourGame/Managed/UnityEngine.PropertiesModule.dll
[ 88/185    0s] CopyFiles Builds/Linux64/GameCoreProbe_BackUpThisFolder_ButDontShipItWithYourGame/Managed/UnityEngine.PropertiesModule.pdb
[ 89/185    0s] CopyFiles Builds/Linux64/GameCoreProbe_BackUpThisFolder_ButDontShipItWithYourGame/Managed/System.Core.dll
[ 90/185    0s] CopyFiles Builds/Linux64/GameCoreProbe_BackUpThisFolder_ButDontShipItWithYourGame/Managed/UnityEngine.XRModule.dll
[ 91/185    0s] CopyFiles Builds/Linux64/GameCoreProbe_BackUpThisFolder_ButDontShipItWithYourGame/Managed/Unity.Scenes.dll
[ 92/185    0s] CopyFiles Builds/Linux64/GameCoreProbe_BackUpThisFolder_ButDontShipItWithYourGame/Managed/GameCore.Planning.dll
[ 93/185    0s] CopyFiles Builds/Linux64/GameCoreProbe_BackUpThisFolder_ButDontShipItWithYourGame/Managed/GameCore.Derivation.pdb
[ 94/185    0s] CopyFiles Builds/Linux64/GameCoreProbe_BackUpThisFolder_ButDontShipItWithYourGame/Managed/GameCore.Derivation.Fixtures.dll
[ 95/185    0s] CopyFiles Builds/Linux64/GameCoreProbe_BackUpThisFolder_ButDontShipItWithYourGame/Managed/UnityEngine.DirectorModule.dll
[ 96/185    0s] CopyFiles Builds/Linux64/GameCoreProbe_BackUpThisFolder_ButDontShipItWithYourGame/Managed/UnityEngine.DirectorModule.pdb
[ 97/185    0s] CopyFiles Builds/Linux64/GameCoreProbe_BackUpThisFolder_ButDontShipItWithYourGame/Managed/UnityEngine.pdb
[ 98/185    0s] CopyFiles Builds/Linux64/GameCoreProbe_BackUpThisFolder_ButDontShipItWithYourGame/Managed/Unity.Entities.Hybrid.pdb
[ 99/185    0s] CopyFiles Builds/Linux64/GameCoreProbe_BackUpThisFolder_ButDontShipItWithYourGame/Managed/GameCore.Unity.Adapters.pdb
[100/185    0s] CopyFiles Builds/Linux64/GameCoreProbe_BackUpThisFolder_ButDontShipItWithYourGame/Managed/Unity.Serialization.pdb
[101/185    0s] CopyFiles Builds/Linux64/GameCoreProbe_BackUpThisFolder_ButDontShipItWithYourGame/Managed/UnityEngine.UnityConsentModule.pdb
[102/185    0s] CopyFiles Builds/Linux64/GameCoreProbe_BackUpThisFolder_ButDontShipItWithYourGame/Managed/UnityEngine.VideoModule.dll
[103/185    0s] CopyFiles Builds/Linux64/GameCoreProbe_BackUpThisFolder_ButDontShipItWithYourGame/Managed/GameCore.Planning.pdb
[104/185    0s] CopyFiles Builds/Linux64/GameCoreProbe_BackUpThisFolder_ButDontShipItWithYourGame/Managed/UnityEngine.VideoModule.pdb
[105/185    0s] CopyFiles Builds/Linux64/GameCoreProbe_BackUpThisFolder_ButDontShipItWithYourGame/Managed/mscorlib.dll
[106/185    0s] CopyFiles Builds/Linux64/GameCoreProbe_BackUpThisFolder_ButDontShipItWithYourGame/Managed/UnityEngine.GridModule.pdb
[107/185    0s] CopyFiles Builds/Linux64/GameCoreProbe_BackUpThisFolder_ButDontShipItWithYourGame/Managed/UnityEngine.VFXModule.pdb
[108/185    0s] CopyFiles Builds/Linux64/GameCoreProbe_BackUpThisFolder_ButDontShipItWithYourGame/Managed/UnityEngine.UnityAnalyticsModule.dll
[109/185    0s] CopyFiles Builds/Linux64/GameCoreProbe_BackUpThisFolder_ButDontShipItWithYourGame/Managed/UnityEngine.SharedInternalsModule.pdb
[110/185    0s] CopyFiles Builds/Linux64/GameCoreProbe_BackUpThisFolder_ButDontShipItWithYourGame/Managed/UnityEngine.AssetBundleModule.dll
[111/185    0s] CopyFiles Builds/Linux64/GameCoreProbe_BackUpThisFolder_ButDontShipItWithYourGame/Managed/UnityEngine.AssetBundleModule.pdb
[112/185    0s] CopyFiles Builds/Linux64/GameCoreProbe_BackUpThisFolder_ButDontShipItWithYourGame/Managed/UnityEngine.TilemapModule.pdb
[113/185    0s] CopyFiles Builds/Linux64/GameCoreProbe_BackUpThisFolder_ButDontShipItWithYourGame/Managed/UnityEngine.TilemapModule.dll
[115/185    0s] CopyFiles Builds/Linux64/GameCoreProbe_BackUpThisFolder_ButDontShipItWithYourGame/Managed/UnityEngine.UnityAnalyticsCommonModule.pdb
[116/185    0s] CopyFiles Builds/Linux64/GameCoreProbe_BackUpThisFolder_ButDontShipItWithYourGame/Managed/UnityEngine.UnityAnalyticsCommonModule.dll
[117/185    0s] CopyFiles Builds/Linux64/GameCoreProbe_BackUpThisFolder_ButDontShipItWithYourGame/Managed/UnityEngine.ContentLoadModule.dll
[118/185    0s] CopyFiles Builds/Linux64/GameCoreProbe_BackUpThisFolder_ButDontShipItWithYourGame/Managed/UnityEngine.UnityAnalyticsModule.pdb
[119/185    0s] CopyFiles Builds/Linux64/GameCoreProbe_BackUpThisFolder_ButDontShipItWithYourGame/Managed/GameCore.Unity.Adapters.dll
[120/185    0s] CopyFiles Builds/Linux64/GameCoreProbe_BackUpThisFolder_ButDontShipItWithYourGame/Managed/UnityEngine.UnityConsentModule.dll
[121/185    0s] CopyFiles Builds/Linux64/GameCoreProbe_BackUpThisFolder_ButDontShipItWithYourGame/Managed/Unity.Serialization.dll
[122/185    0s] CopyFiles Builds/Linux64/GameCoreProbe_BackUpThisFolder_ButDontShipItWithYourGame/Managed/GameCore.Derivation.dll
[123/185    0s] CopyFiles Builds/Linux64/GameCoreProbe_BackUpThisFolder_ButDontShipItWithYourGame/Managed/GameCore.Derivation.Fixtures.pdb
[124/185    0s] CopyFiles Builds/Linux64/GameCoreProbe_BackUpThisFolder_ButDontShipItWithYourGame/Managed/UnityEngine.ContentLoadModule.pdb
[125/185    0s] CopyFiles Builds/Linux64/GameCoreProbe_BackUpThisFolder_ButDontShipItWithYourGame/Managed/GameCore.Unity.Fixtures.pdb
[126/185    0s] CopyFiles Builds/Linux64/GameCoreProbe_BackUpThisFolder_ButDontShipItWithYourGame/Managed/GameCore.Gameplay.Narrative.Fixtures.dll
[127/185    0s] CopyFiles Builds/Linux64/GameCoreProbe_BackUpThisFolder_ButDontShipItWithYourGame/Managed/UnityEngine.dll
[128/185    0s] CopyFiles Builds/Linux64/GameCoreProbe_BackUpThisFolder_ButDontShipItWithYourGame/Managed/UnityEngine.VFXModule.dll
[129/185    0s] CopyFiles Builds/Linux64/GameCoreProbe_BackUpThisFolder_ButDontShipItWithYourGame/Managed/UnityEngine.TerrainModule.pdb
[130/185    0s] CopyFiles Builds/Linux64/GameCoreProbe_BackUpThisFolder_ButDontShipItWithYourGame/Managed/UnityEngine.TerrainModule.dll
[131/185    0s] CopyFiles Builds/Linux64/GameCoreProbe_BackUpThisFolder_ButDontShipItWithYourGame/Managed/GameCore.Unity.Fixtures.dll
[132/185    0s] CopyFiles Builds/Linux64/GameCoreProbe_BackUpThisFolder_ButDontShipItWithYourGame/Managed/UnityEngine.UnityWebRequestModule.dll
[133/185    0s] CopyFiles Builds/Linux64/GameCoreProbe_BackUpThisFolder_ButDontShipItWithYourGame/Managed/GameCore.Gameplay.Cards.pdb
[134/185    0s] CopyFiles Builds/Linux64/GameCoreProbe_BackUpThisFolder_ButDontShipItWithYourGame/Managed/GameCore.Gameplay.Narrative.Fixtures.pdb
[135/185    0s] CopyFiles Builds/Linux64/GameCoreProbe_BackUpThisFolder_ButDontShipItWithYourGame/Managed/UnityEngine.TextRenderingModule.dll
[136/185    0s] CopyFiles Builds/Linux64/GameCoreProbe_BackUpThisFolder_ButDontShipItWithYourGame/Managed/Unity.Entities.Hybrid.HybridComponents.pdb
[137/185    0s] CopyFiles Builds/Linux64/GameCoreProbe_BackUpThisFolder_ButDontShipItWithYourGame/Managed/Unity.Entities.Hybrid.HybridComponents.dll
[138/185    0s] CopyFiles Builds/Linux64/GameCoreProbe_BackUpThisFolder_ButDontShipItWithYourGame/Managed/UnityEngine.AndroidJNIModule.dll
[139/185    0s] CopyFiles Builds/Linux64/GameCoreProbe_BackUpThisFolder_ButDontShipItWithYourGame/Managed/UnityEngine.AndroidJNIModule.pdb
[140/185    0s] CopyFiles Builds/Linux64/GameCoreProbe_BackUpThisFolder_ButDontShipItWithYourGame/Managed/UnityEngine.TextCoreFontEngineModule.dll
[141/185    0s] CopyFiles Builds/Linux64/GameCoreProbe_BackUpThisFolder_ButDontShipItWithYourGame/Managed/UnityEngine.UnityWebRequestModule.pdb
[142/185    0s] CopyFiles Builds/Linux64/GameCoreProbe_BackUpThisFolder_ButDontShipItWithYourGame/Managed/Unity.Transforms.dll
[143/185    0s] CopyFiles Builds/Linux64/GameCoreProbe_BackUpThisFolder_ButDontShipItWithYourGame/Managed/UnityEngine.SharedInternalsModule.dll
[144/185    0s] CopyFiles Builds/Linux64/GameCoreProbe_BackUpThisFolder_ButDontShipItWithYourGame/Managed/Unity.Burst.pdb
[145/185    0s] CopyFiles Builds/Linux64/GameCoreProbe_BackUpThisFolder_ButDontShipItWithYourGame/Managed/Unity.Transforms.pdb
[146/185    0s] CopyFiles Builds/Linux64/GameCoreProbe_BackUpThisFolder_ButDontShipItWithYourGame/Managed/UnityEngine.TextCoreTextEngineModule.dll
[147/185    0s] CopyFiles Builds/Linux64/GameCoreProbe_BackUpThisFolder_ButDontShipItWithYourGame/Managed/UnityEngine.AudioModule.dll
[148/185    0s] CopyFiles Builds/Linux64/GameCoreProbe_BackUpThisFolder_ButDontShipItWithYourGame/Managed/UnityEngine.TextCoreFontEngineModule.pdb
[149/185    0s] CopyFiles Builds/Linux64/GameCoreProbe_BackUpThisFolder_ButDontShipItWithYourGame/Managed/UnityEngine.TextCoreTextEngineModule.pdb
[150/185    0s] CopyFiles Builds/Linux64/GameCoreProbe_BackUpThisFolder_ButDontShipItWithYourGame/Managed/UnityEngine.TextRenderingModule.pdb
[151/185    0s] CopyFiles Builds/Linux64/GameCoreProbe_BackUpThisFolder_ButDontShipItWithYourGame/Managed/Unity.Entities.Hybrid.dll
[152/185    0s] CopyFiles Builds/Linux64/GameCoreProbe_BackUpThisFolder_ButDontShipItWithYourGame/Managed/UnityEngine.AnimationModule.pdb
[153/185    0s] CopyFiles Builds/Linux64/GameCoreProbe_BackUpThisFolder_ButDontShipItWithYourGame/Managed/GameCore.Gameplay.Narrative.dll
[154/185    0s] CopyFiles Builds/Linux64/GameCoreProbe_BackUpThisFolder_ButDontShipItWithYourGame/Managed/UnityEngine.AudioModule.pdb
[155/185    0s] CopyFiles Builds/Linux64/GameCoreProbe_BackUpThisFolder_ButDontShipItWithYourGame/Managed/GameCore.Gameplay.Cards.dll
[156/185    0s] CopyFiles Builds/Linux64/GameCoreProbe_BackUpThisFolder_ButDontShipItWithYourGame/Managed/Unity.Scenes.pdb
[157/185    0s] CopyFiles Builds/Linux64/GameCoreProbe_BackUpThisFolder_ButDontShipItWithYourGame/Managed/GameCore.Gameplay.Narrative.pdb
[158/185    0s] CopyFiles Builds/Linux64/GameCoreProbe_BackUpThisFolder_ButDontShipItWithYourGame/Managed/Unity.Entities.pdb
[159/185    0s] CopyFiles Builds/Linux64/GameCoreProbe_BackUpThisFolder_ButDontShipItWithYourGame/Managed/System.dll
[160/185    0s] CopyFiles Builds/Linux64/GameCoreProbe_BackUpThisFolder_ButDontShipItWithYourGame/Managed/Unity.Mathematics.Extensions.dll
[161/185    0s] CopyFiles Builds/Linux64/GameCoreProbe_BackUpThisFolder_ButDontShipItWithYourGame/Managed/Unity.Mathematics.Extensions.pdb
[162/185    0s] CopyFiles Builds/Linux64/GameCoreProbe_BackUpThisFolder_ButDontShipItWithYourGame/Managed/GameCore.Rules.Narrative.dll
[163/185    0s] CopyFiles Builds/Linux64/GameCoreProbe_BackUpThisFolder_ButDontShipItWithYourGame/Managed/GameCore.Contracts.pdb
[164/185    0s] CopyFiles Builds/Linux64/GameCoreProbe_BackUpThisFolder_ButDontShipItWithYourGame/Managed/UnityEngine.CoreModule.pdb
[165/185    0s] CopyFiles Builds/Linux64/GameCoreProbe_BackUpThisFolder_ButDontShipItWithYourGame/Managed/UnityEngine.AnimationModule.dll
[166/185    0s] CopyFiles Builds/Linux64/GameCoreProbe_BackUpThisFolder_ButDontShipItWithYourGame/Managed/GameCore.Rules.Narrative.pdb
[167/185    0s] CopyFiles Builds/Linux64/GameCoreProbe_BackUpThisFolder_ButDontShipItWithYourGame/Managed/UnityEngine.ParticleSystemModule.dll
[168/185    0s] CopyFiles Builds/Linux64/GameCoreProbe_BackUpThisFolder_ButDontShipItWithYourGame/Managed/Unity.Entities.dll
[169/185    0s] CopyFiles Builds/Linux64/GameCoreProbe_BackUpThisFolder_ButDontShipItWithYourGame/Managed/UnityEngine.CoreModule.dll
[170/185    0s] CopyFiles Builds/Linux64/GameCoreProbe_BackUpThisFolder_ButDontShipItWithYourGame/Managed/UnityEngine.ParticleSystemModule.pdb
[171/185    0s] CopyFiles Builds/Linux64/GameCoreProbe_BackUpThisFolder_ButDontShipItWithYourGame/Managed/GameCore.Contracts.dll
[BUSY       6s] IL2CPP_CodeGen /home/worlesenric/wkspace/gc-wt/gc-017/unity/GameCore.ReleaseCheck/Library/Bee/artifacts/il2cpp_conv_4cko.traceevents
[W] opendir() failed: /home/worlesenric/wkspace/gc-wt/gc-017/unity/GameCore.ReleaseCheck/Library/Bee/artifacts/LinuxPlayerBuildProgram/il2cppOutput/cpp/Symbols
[172/185    7s] IL2CPP_CodeGen /home/worlesenric/wkspace/gc-wt/gc-017/unity/GameCore.ReleaseCheck/Library/Bee/artifacts/il2cpp_conv_4cko.traceevents
/home/worlesenric/Unity/Hub/Editor/6000.0.75f1/Editor/Data/il2cpp/build/deploy/il2cpp --convert-to-cpp --assembly=Library/Bee/artifacts/LinuxPlayerBuildProgram/ManagedStripped/GameCore.Composition.dll --assembly=Library/Bee/artifacts/LinuxPlayerBuildProgram/ManagedStripped/GameCore.Contracts.dll --assembly=Library/Bee/artifacts/LinuxPlayerBuildProgram/ManagedStripped/GameCore.Derivation.Fixtures.dll --assembly=Library/Bee/artifacts/LinuxPlayerBuildProgram/ManagedStripped/GameCore.Derivation.dll --assembly=Library/Bee/artifacts/LinuxPlayerBuildProgram/ManagedStripped/GameCore.Gameplay.Cards.Fixtures.dll --assembly=Library/Bee/artifacts/LinuxPlayerBuildProgram/ManagedStripped/GameCore.Gameplay.Cards.dll --assembly=Library/Bee/artifacts/LinuxPlayerBuildProgram/ManagedStripped/GameCore.Gameplay.Narrative.Fixtures.dll --assembly=Library/Bee/artifacts/LinuxPlayerBuildProgram/ManagedStripped/GameCore.Gameplay.Narrative.dll --assembly=Library/Bee/artifacts/LinuxPlayerBuildProgram/ManagedStripped/GameCore.Planning.dll --assembly=Library/Bee/artifacts/LinuxPlayerBuildProgram/ManagedStripped/GameCore.Rules.Cards.dll --assembly=Library/Bee/artifacts/LinuxPlayerBuildProgram/ManagedStripped/GameCore.Rules.Narrative.dll --assembly=Library/Bee/artifacts/LinuxPlayerBuildProgram/ManagedStripped/GameCore.Unity.Adapters.dll --assembly=Library/Bee/artifacts/LinuxPlayerBuildProgram/ManagedStripped/GameCore.Unity.Fixtures.dll --assembly=Library/Bee/artifacts/LinuxPlayerBuildProgram/ManagedStripped/GameCore.Unity.Runtime.dll --assembly=Library/Bee/artifacts/LinuxPlayerBuildProgram/ManagedStripped/GameCore.Validation.FamilyEntries.dll --assembly=Library/Bee/artifacts/LinuxPlayerBuildProgram/ManagedStripped/GameCore.Validation.Fixture.dll --assembly=Library/Bee/artifacts/LinuxPlayerBuildProgram/ManagedStripped/GameCore.Validation.Generated.dll --assembly=Library/Bee/artifacts/LinuxPlayerBuildProgram/ManagedStripped/GameCore.Validation.GeneratedCards.dll --assembly=Library/Bee/artifacts/LinuxPlayerBuildProgram/ManagedStripped/GameCore.Validation.Probe.dll --assembly=Library/Bee/artifacts/LinuxPlayerBuildProgram/ManagedStripped/GameCore.Validation.ProbeHost.dll --assembly=Library/Bee/artifacts/LinuxPlayerBuildProgram/ManagedStripped/System.Core.dll --assembly=Library/Bee/artifacts/LinuxPlayerBuildProgram/ManagedStripped/System.dll --assembly=Library/Bee/artifacts/LinuxPlayerBuildProgram/ManagedStripped/Unity.Burst.Unsafe.dll --assembly=Library/Bee/artifacts/LinuxPlayerBuildProgram/ManagedStripped/Unity.Burst.dll --assembly=Library/Bee/artifacts/LinuxPlayerBuildProgram/ManagedStripped/Unity.Collections.LowLevel.ILSupport.dll --assembly=Library/Bee/artifacts/LinuxPlayerBuildProgram/ManagedStripped/Unity.Collections.dll --assembly=Library/Bee/artifacts/LinuxPlayerBuildProgram/ManagedStripped/Unity.Entities.Hybrid.HybridComponents.dll --assembly=Library/Bee/artifacts/LinuxPlayerBuildProgram/ManagedStripped/Unity.Entities.Hybrid.dll --assembly=Library/Bee/artifacts/LinuxPlayerBuildProgram/ManagedStripped/Unity.Entities.dll --assembly=Library/Bee/artifacts/LinuxPlayerBuildProgram/ManagedStripped/Unity.Mathematics.Extensions.dll --assembly=Library/Bee/artifacts/LinuxPlayerBuildProgram/ManagedStripped/Unity.Mathematics.dll --assembly=Library/Bee/artifacts/LinuxPlayerBuildProgram/ManagedStripped/Unity.Scenes.dll --assembly=Library/Bee/artifacts/LinuxPlayerBuildProgram/ManagedStripped/Unity.Serialization.dll --assembly=Library/Bee/artifacts/LinuxPlayerBuildProgram/ManagedStripped/Unity.Transforms.Hybrid.dll --assembly=Library/Bee/artifacts/LinuxPlayerBuildProgram/ManagedStripped/Unity.Transforms.dll --assembly=Library/Bee/artifacts/LinuxPlayerBuildProgram/ManagedStripped/UnityEngine.AIModule.dll --assembly=Library/Bee/artifacts/LinuxPlayerBuildProgram/ManagedStripped/UnityEngine.AccessibilityModule.dll --assembly=Library/Bee/artifacts/LinuxPlayerBuildProgram/ManagedStripped/UnityEngine.AndroidJNIModule.dll --assembly=Library/Bee/artifacts/LinuxPlayerBuildProgram/ManagedStripped/UnityEngine.AnimationModule.dll --assembly=Library/Bee/artifacts/LinuxPlayerBuildProgram/ManagedStripped/UnityEngine.AssetBundleModule.dll --assembly=Library/Bee/artifacts/LinuxPlayerBuildProgram/ManagedStripped/UnityEngine.AudioModule.dll --assembly=Library/Bee/artifacts/LinuxPlayerBuildProgram/ManagedStripped/UnityEngine.ContentLoadModule.dll --assembly=Library/Bee/artifacts/LinuxPlayerBuildProgram/ManagedStripped/UnityEngine.CoreModule.dll --assembly=Library/Bee/artifacts/LinuxPlayerBuildProgram/ManagedStripped/UnityEngine.DirectorModule.dll --assembly=Library/Bee/artifacts/LinuxPlayerBuildProgram/ManagedStripped/UnityEngine.GridModule.dll --assembly=Library/Bee/artifacts/LinuxPlayerBuildProgram/ManagedStripped/UnityEngine.HierarchyCoreModule.dll --assembly=Library/Bee/artifacts/LinuxPlayerBuildProgram/ManagedStripped/UnityEngine.IMGUIModule.dll --assembly=Library/Bee/artifacts/LinuxPlayerBuildProgram/ManagedStripped/UnityEngine.InputForUIModule.dll --assembly=Library/Bee/artifacts/LinuxPlayerBuildProgram/ManagedStripped/UnityEngine.InputLegacyModule.dll --assembly=Library/Bee/artifacts/LinuxPlayerBuildProgram/ManagedStripped/UnityEngine.InputModule.dll --assembly=Library/Bee/artifacts/LinuxPlayerBuildProgram/ManagedStripped/UnityEngine.ParticleSystemModule.dll --assembly=Library/Bee/artifacts/LinuxPlayerBuildProgram/ManagedStripped/UnityEngine.Physics2DModule.dll --assembly=Library/Bee/artifacts/LinuxPlayerBuildProgram/ManagedStripped/UnityEngine.PhysicsModule.dll --assembly=Library/Bee/artifacts/LinuxPlayerBuildProgram/ManagedStripped/UnityEngine.PropertiesModule.dll --assembly=Library/Bee/artifacts/LinuxPlayerBuildProgram/ManagedStripped/UnityEngine.SharedInternalsModule.dll --assembly=Library/Bee/artifacts/LinuxPlayerBuildProgram/ManagedStripped/UnityEngine.SubsystemsModule.dll --assembly=Library/Bee/artifacts/LinuxPlayerBuildProgram/ManagedStripped/UnityEngine.TerrainModule.dll --assembly=Library/Bee/artifacts/LinuxPlayerBuildProgram/ManagedStripped/UnityEngine.TextCoreFontEngineModule.dll --assembly=Library/Bee/artifacts/LinuxPlayerBuildProgram/ManagedStripped/UnityEngine.TextCoreTextEngineModule.dll --assembly=Library/Bee/artifacts/LinuxPlayerBuildProgram/ManagedStripped/UnityEngine.TextRenderingModule.dll --assembly=Library/Bee/artifacts/LinuxPlayerBuildProgram/ManagedStripped/UnityEngine.TilemapModule.dll --assembly=Library/Bee/artifacts/LinuxPlayerBuildProgram/ManagedStripped/UnityEngine.UIElementsModule.dll --assembly=Library/Bee/artifacts/LinuxPlayerBuildProgram/ManagedStripped/UnityEngine.UIModule.dll --assembly=Library/Bee/artifacts/LinuxPlayerBuildProgram/ManagedStripped/UnityEngine.UnityAnalyticsCommonModule.dll --assembly=Library/Bee/artifacts/LinuxPlayerBuildProgram/ManagedStripped/UnityEngine.UnityAnalyticsModule.dll --assembly=Library/Bee/artifacts/LinuxPlayerBuildProgram/ManagedStripped/UnityEngine.UnityConsentModule.dll --assembly=Library/Bee/artifacts/LinuxPlayerBuildProgram/ManagedStripped/UnityEngine.UnityWebRequestModule.dll --assembly=Library/Bee/artifacts/LinuxPlayerBuildProgram/ManagedStripped/UnityEngine.VFXModule.dll --assembly=Library/Bee/artifacts/LinuxPlayerBuildProgram/ManagedStripped/UnityEngine.VRModule.dll --assembly=Library/Bee/artifacts/LinuxPlayerBuildProgram/ManagedStripped/UnityEngine.VideoModule.dll --assembly=Library/Bee/artifacts/LinuxPlayerBuildProgram/ManagedStripped/UnityEngine.XRModule.dll --assembly=Library/Bee/artifacts/LinuxPlayerBuildProgram/ManagedStripped/UnityEngine.dll --assembly=Library/Bee/artifacts/LinuxPlayerBuildProgram/ManagedStripped/mscorlib.dll --extra-types-file=Temp/extra-types.txt --generatedcppdir=/home/worlesenric/wkspace/gc-wt/gc-017/unity/GameCore.ReleaseCheck/Library/Bee/artifacts/LinuxPlayerBuildProgram/il2cppOutput/cpp --symbols-folder=/home/worlesenric/wkspace/gc-wt/gc-017/unity/GameCore.ReleaseCheck/Library/Bee/artifacts/LinuxPlayerBuildProgram/il2cppOutput/cpp/Symbols --enable-analytics --emit-null-checks --enable-array-bounds-check --dotnetprofile=unityaot-linux --usymtoo/home/worlesenric/wkspace/gc-wt/gc-017/unity/GameCore.ReleaseCheck/Library/PackageCache/com.unity.burst@07790c2d06d9/.Runtime/bcl.exe exited after 24614 ms.
stdout:
Starting 1 library requests
Warning: ./Library/PackageCache/com.unity.entities@e90944159b94/Unity.Entities/SystemBaseRegistry.cs(313,13): Burst warning BC1371: A call to the method System.IntPtr.op_Explicit(long value) -> System.IntPtr_85bd16a983ccf2a2dfb92077b2213226 from Unity.Collections, Version=0.0.0.0, Culture=neutral, PublicKeyToken=null has been discarded, due to its use as an argument to a discarded method. Please see the user manual for ways to prevent this, or for how to disable this warning in this case.

 at Unity.Entities.SystemBaseRegistry.CallForwardingFunction(Unity.Entities.SystemState* systemState, Unity.Entities.UnmanagedSystemFunctionType functionType) (at ./Library/PackageCache/com.unity.entities@e90944159b94/Unity.Entities/SystemBaseRegistry.cs:313)
 at Unity.Entities.SystemBaseRegistry.CallOnUpdate(Unity.Entities.SystemState* systemState) (at ./Library/PackageCache/com.unity.entities@e90944159b94/Unity.Entities/SystemBaseRegistry.cs:376)
 at Unity.Entities.WorldUnmanagedImpl.UnmanagedUpdate$BurstManaged(void* pSystemState) (at ./Library/PackageCache/com.unity.entities@e90944159b94/Unity.Entities/WorldUnmanaged.cs:887)
 at Unity.Entities.WorldUnmanagedImpl.Unity.Entities.UnmanagedUpdate_0000145D$BurstDirectCall.Invoke(void* pSystemState)
 at Unity.Entities.WorldUnmanagedImpl.UnmanagedUpdate(void* pSystemState)

Warning: ./Library/PackageCache/com.unity.entities@e90944159b94/Unity.Entities/SystemBaseRegistry.cs(313,13): Burst warning BC1371: A call to the method System.IntPtr.op_Explicit(long value) -> System.IntPtr_7db4e55b21b4a8b1c12a607b1dcb707e from Unity.Collections, Version=0.0.0.0, Culture=neutral, PublicKeyToken=null has been discarded, due to its use as an argument to a discarded method. Please see the user manual for ways to prevent this, or for how to disable this warning in this case.

 at Unity.Entities.SystemBaseRegistry.CallForwardingFunction(Unity.Entities.SystemState* systemState, Unity.Entities.UnmanagedSystemFunctionType functionType) (at ./Library/PackageCache/com.unity.entities@e90944159b94/Unity.Entities/SystemBaseRegistry.cs:313)
 at Unity.Entities.SystemBaseRegistry.CallOnUpdate(Unity.Entities.SystemState* systemState) (at ./Library/PackageCache/com.unity.entities@e90944159b94/Unity.Entities/SystemBaseRegistry.cs:376)
 at Unity.Entities.WorldUnmanagedImpl.UnmanagedUpdate$BurstManaged(void* pSystemState) (at ./Library/PackageCache/com.unity.entities@e90944159b94/Unity.Entities/WorldUnmanaged.cs:887)
 at Unity.Entities.WorldUnmanagedImpl.Unity.Entities.UnmanagedUpdate_0000145D$BurstDirectCall.Invoke(void* pSystemState)
 at Unity.Entities.WorldUnmanagedImpl.UnmanagedUpdate(void* pSystemState)

Done
stderr:

l-path=/home/worlesenric/Unity/Hub/Editor/6000.0.75f1/Editor/Data/Tools/usymtool --profiler-report --profiler-output-file=/home/worlesenric/wkspace/gc-wt/gc-017/unity/GameCore.ReleaseCheck/Library/Bee/artifacts/il2cpp_conv_4cko.traceevents --print-command-line --static-lib-il2-cpp --data-folder=/home/worlesenric/wkspace/gc-wt/gc-017/unity/GameCore.ReleaseCheck/Library/Bee/artifacts/LinuxPlayerBuildProgram/il2cppOutput/data
WARNING: Cannot add extra type Unity.Entities.FastEquality+ManagedGetHashCodeImpl`1[Unity.Entities.Editor.EntitySelectionProxy]. Skipping.
[173/185   24s] GenerateNativePluginsForAssemblies Library/Bee/artifacts/LinuxPlayerBuildProgram/AsyncPluginsFromLinker
*** Tundra requires additional run (24.65 seconds), 145 items updated, 185 evaluated
*** Additional run caused by: contents change of /home/worlesenric/wkspace/gc-wt/gc-017/unity/GameCore.ReleaseCheck/Library/Bee/artifacts/LinuxPlayerBuildProgram/il2cppOutput/cpp
Starting: /home/worlesenric/Unity/Hub/Editor/6000.0.75f1/Editor/Data/Tools/netcorerun/netcorerun "/home/worlesenric/Unity/Hub/Editor/6000.0.75f1/Editor/Data/PlaybackEngines/LinuxStandaloneSupport/LinuxPlayerBuildProgram.exe" "/home/worlesenric/Unity/Hub/Editor/6000.0.75f1/Editor/Data/PlaybackEngines/LinuxStandaloneSupport/Bee:/home/worlesenric/Unity/Hub/Editor/6000.0.75f1/Editor/Data/Tools/BuildPipeline" "Library/Bee/Playera87d42db.dag.json" "Library/Bee/Playera87d42db-inputdata.json" "Library/Bee/buildprogram2.traceevents"
WorkingDir: /home/worlesenric/wkspace/gc-wt/gc-017/unity/GameCore.ReleaseCheck
ExitCode: 4 Duration: 24s
ExitCode: 0 Duration: 0s468ms
Starting: /home/worlesenric/Unity/Hub/Editor/6000.0.75f1/Editor/Data/bee_backend --ipc --dagfile="Library/Bee/Playera87d42db.dag" --dagfilejson="Library/Bee/Playera87d42db.dag.json" --profile="Library/Bee/backend4.traceevents" Player
WorkingDir: /home/worlesenric/wkspace/gc-wt/gc-017/unity/GameCore.ReleaseCheck
Finished compiling graph: 1242 nodes, 3498 flattened edges (3496 ToBuild, 2 ToUse), maximum node priority 1033
[  24/1053  0s] WriteResponseFile Library/Bee/artifacts/rsp/8219746636988738590.rsp
[ 173/1053  0s] CopyFiles Builds/Linux64/GameCoreProbe_Data/Plugins/lib_burst_generated.so
[ 175/1053  1s] C_Linux_x64_Clang Library/Bee/artifacts/LinuxPlayerBuildProgram/zbz95/6qzt5w6f3t3o.o
[ 176/1053  1s] C_Linux_x64_Clang Library/Bee/artifacts/LinuxPlayerBuildProgram/zbz95/4a0jmty2r821.o
[ 177/1053  1s] C_Linux_x64_Clang Library/Bee/artifacts/LinuxPlayerBuildProgram/zbz95/xyjtch8ijop4.o
[ 178/1053  2s] C_Linux_x64_Clang Library/Bee/artifacts/LinuxPlayerBuildProgram/zbz95/9svefjcbcgtc.o
[ 179/1053  2s] C_Linux_x64_Clang Library/Bee/artifacts/LinuxPlayerBuildProgram/zbz95/j0cadltlhr0c.o
[ 180/1053  3s] C_Linux_x64_Clang Library/Bee/artifacts/LinuxPlayerBuildProgram/zbz95/xp9gdzibv9jx.o
[ 181/1053  3s] C_Linux_x64_Clang Library/Bee/artifacts/LinuxPlayerBuildProgram/zbz95/g8ymvni4bces.o
[ 182/1053  0s] C_Linux_x64_Clang Library/Bee/artifacts/LinuxPlayerBuildProgram/zbz95/zz1ebyru2ufy.o
[ 183/1053  0s] C_Linux_x64_Clang Library/Bee/artifacts/LinuxPlayerBuildProgram/zbz95/staaahxqvhpl.o
[ 184/1053  0s] C_Linux_x64_Clang Library/Bee/artifacts/LinuxPlayerBuildProgram/zbz95/69cbtg3rdbiv.o
[ 185/1053  5s] C_Linux_x64_Clang Library/Bee/artifacts/LinuxPlayerBuildProgram/zbz95/ary8jvi1gi39.o
[ 186/1053  5s] C_Linux_x64_Clang Library/Bee/artifacts/LinuxPlayerBuildProgram/zbz95/qhbt0tr38xus.o
[ 187/1053  5s] C_Linux_x64_Clang Library/Bee/artifacts/LinuxPlayerBuildProgram/zbz95/0y3ywnm1k4ab.o
[ 188/1053  6s] C_Linux_x64_Clang Library/Bee/artifacts/LinuxPlayerBuildProgram/zbz95/sy5zxu2va63z.o
[ 189/1053  0s] C_Linux_x64_Clang Library/Bee/artifacts/LinuxPlayerBuildProgram/zbz95/fhppx204pz82.o
[ 190/1053  0s] C_Linux_x64_Clang Library/Bee/artifacts/LinuxPlayerBuildProgram/zbz95/44wiqmsvi4k1.o
[ 191/1053  0s] C_Linux_x64_Clang Library/Bee/artifacts/LinuxPlayerBuildProgram/zbz95/50qnapxi8grw.o
[ 192/1053  7s] C_Linux_x64_Clang Library/Bee/artifacts/LinuxPlayerBuildProgram/zbz95/p87977vbjj5p.o
[ 193/1053  6s] C_Linux_x64_Clang Library/Bee/artifacts/LinuxPlayerBuildProgram/zbz95/2rzvvqouk2b8.o
[ 194/1053  6s] C_Linux_x64_Clang Library/Bee/artifacts/LinuxPlayerBuildProgram/zbz95/pcmubxngl3wd.o
[ 195/1053  8s] C_Linux_x64_Clang Library/Bee/artifacts/LinuxPlayerBuildProgram/zbz95/i29hk97suyo7.o
[ 196/1053  8s] C_Linux_x64_Clang Library/Bee/artifacts/LinuxPlayerBuildProgram/zbz95/u3wm14t6esn8.o
[ 197/1053  8s] C_Linux_x64_Clang Library/Bee/artifacts/LinuxPlayerBuildProgram/zbz95/enzgj45s8o3r.o
[ 198/1053  8s] C_Linux_x64_Clang Library/Bee/artifacts/LinuxPlayerBuildProgram/zbz95/fi9092ora7t4.o
[ 199/1053  0s] C_Linux_x64_Clang Library/Bee/artifacts/LinuxPlayerBuildProgram/zbz95/20e9e046uodo.o
[ 200/1053  1s] C_Linux_x64_Clang Library/Bee/artifacts/LinuxPlayerBuildProgram/zbz95/sneocbywb61g.o
[ 201/1053  0s] C_Linux_x64_Clang Library/Bee/artifacts/LinuxPlayerBuildProgram/zbz95/49jj04u071ur.o
[ 202/1053  6s] C_Linux_x64_Clang Library/Bee/artifacts/LinuxPlayerBuildProgram/zbz95/leza9juchjc8.o
[ 203/1053  7s] C_Linux_x64_Clang Library/Bee/artifacts/LinuxPlayerBuildProgram/zbz95/ltwn39qdm9o7.o
[ 204/1053  0s] C_Linux_x64_Clang Library/Bee/artifacts/LinuxPlayerBuildProgram/zbz95/td44k6kr2y5v.o
[ 205/1053  0s] C_Linux_x64_Clang Library/Bee/artifacts/LinuxPlayerBuildProgram/zbz95/57i3nzd5klv4.o
[ 206/1053  9s] C_Linux_x64_Clang Library/Bee/artifacts/LinuxPlayerBuildProgram/zbz95/88fmmdmuk2gz.o
[ 207/1053  9s] C_Linux_x64_Clang Library/Bee/artifacts/LinuxPlayerBuildProgram/zbz95/gv8n5pkfi34a.o
[ 208/1053  9s] C_Linux_x64_Clang Library/Bee/artifacts/LinuxPlayerBuildProgram/zbz95/d0mfs91137ne.o
[ 209/1053  0s] C_Linux_x64_Clang Library/Bee/artifacts/LinuxPlayerBuildProgram/zbz95/uuqp9r7t08vi.o
[ 210/1053  5s] C_Linux_x64_Clang Library/Bee/artifacts/LinuxPlayerBuildProgram/zbz95/zze9y68z51x7.o
[ 211/1053  5s] C_Linux_x64_Clang Library/Bee/artifacts/LinuxPlayerBuildProgram/zbz95/atgsyhlqv0dk.o
[ 212/1053 10s] C_Linux_x64_Clang Library/Bee/artifacts/LinuxPlayerBuildProgram/zbz95/swngj8z6vntp.o
[ 213/1053  0s] C_Linux_x64_Clang Library/Bee/artifacts/LinuxPlayerBuildProgram/zbz95/101r5ltz1jvl.o
[ 214/1053  6s] C_Linux_x64_Clang Library/Bee/artifacts/LinuxPlayerBuildProgram/zbz95/h9ug0cw0teag.o
[ 215/1053  8s] C_Linux_x64_Clang Library/Bee/artifacts/LinuxPlayerBuildProgram/zbz95/z7q2h7y6t16i.o
[ 216/1053  4s] C_Linux_x64_Clang Library/Bee/artifacts/LinuxPlayerBuildProgram/zbz95/o3a4j6n59rab.o
[ 217/1053  4s] C_Linux_x64_Clang Library/Bee/artifacts/LinuxPlayerBuildProgram/zbz95/6aivx57z3fb1.o
[ 218/1053  0s] C_Linux_x64_Clang Library/Bee/artifacts/LinuxPlayerBuildProgram/zbz95/mzjaljemh2yt.o
[ 219/1053  0s] C_Linux_x64_Clang Library/Bee/artifacts/LinuxPlayerBuildProgram/zbz95/movpwmuy2tgo.o
[ 220/1053 10s] C_Linux_x64_Clang Library/Bee/artifacts/LinuxPlayerBuildProgram/zbz95/6sweaa8angbd.o
[ 221/1053  0s] C_Linux_x64_Clang Library/Bee/artifacts/LinuxPlayerBuildProgram/zbz95/wi63b0yehdwc.o
[ 222/1053  0s] C_Linux_x64_Clang Library/Bee/artifacts/LinuxPlayerBuildProgram/zbz95/t0clud49w029.o
[ 223/1053  1s] C_Linux_x64_Clang Library/Bee/artifacts/LinuxPlayerBuildProgram/zbz95/0qaugoks0mfs.o
[ 224/1053  4s] C_Linux_x64_Clang Library/Bee/artifacts/LinuxPlayerBuildProgram/zbz95/i30rrkr517tu.o
[ 225/1053  2s] C_Linux_x64_Clang Library/Bee/artifacts/LinuxPlayerBuildProgram/zbz95/hdbgsuqmm48z.o
[ 226/1053  9s] C_Linux_x64_Clang Library/Bee/artifacts/LinuxPlayerBuildProgram/zbz95/vnht8gwo3e22.o
[ 227/1053  6s] C_Linux_x64_Clang Library/Bee/artifacts/LinuxPlayerBuildProgram/zbz95/dcr4yhe4yb58.o
[ 228/1053  7s] C_Linux_x64_Clang Library/Bee/artifacts/LinuxPlayerBuildProgram/zbz95/qgathq7monpb.o
[ 229/1053  8s] C_Linux_x64_Clang Library/Bee/artifacts/LinuxPlayerBuildProgram/zbz95/9zto8r1swo93.o
[ 230/1053  0s] C_Linux_x64_Clang Library/Bee/artifacts/LinuxPlayerBuildProgram/zbz95/v9hs99pyz3y8.o
[ 231/1053  0s] C_Linux_x64_Clang Library/Bee/artifacts/LinuxPlayerBuildProgram/zbz95/2pvqwlo7ngj8.o
[ 232/1053  6s] C_Linux_x64_Clang Library/Bee/artifacts/LinuxPlayerBuildProgram/zbz95/bqxc9dun8m35.o
[ 233/1053  3s] C_Linux_x64_Clang Library/Bee/artifacts/LinuxPlayerBuildProgram/zbz95/yt7v7gy23xo3.o
[ 234/1053  7s] C_Linux_x64_Clang Library/Bee/artifacts/LinuxPlayerBuildProgram/zbz95/sxeqqjjj3wyc.o
[ 235/1053  0s] C_Linux_x64_Clang Library/Bee/artifacts/LinuxPlayerBuildProgram/zbz95/xutgr5t60r6k.o
[ 236/1053  1s] C_Linux_x64_Clang Library/Bee/artifacts/LinuxPlayerBuildProgram/zbz95/fonatt1ged3s.o
[ 237/1053  0s] C_Linux_x64_Clang Library/Bee/artifacts/LinuxPlayerBuildProgram/zbz95/lg5ikdajx3ug.o
[ 238/1053  7s] C_Linux_x64_Clang Library/Bee/artifacts/LinuxPlayerBuildProgram/zbz95/eb8htllj747p.o
[ 239/1053  8s] C_Linux_x64_Clang Library/Bee/artifacts/LinuxPlayerBuildProgram/zbz95/ejkbcmbqv4g1.o
[ 240/1053  7s] C_Linux_x64_Clang Library/Bee/artifacts/LinuxPlayerBuildProgram/zbz95/nl04n3hqtew4.o
[ 241/1053  6s] C_Linux_x64_Clang Library/Bee/artifacts/LinuxPlayerBuildProgram/zbz95/u25cutau7iil.o
[ 242/1053  7s] C_Linux_x64_Clang Library/Bee/artifacts/LinuxPlayerBuildProgram/zbz95/2q8lof5hdt6k.o
[ 243/1053 10s] C_Linux_x64_Clang Library/Bee/artifacts/LinuxPlayerBuildProgram/zbz95/a1slhibxj0mv.o
[ 244/1053 11s] C_Linux_x64_Clang Library/Bee/artifacts/LinuxPlayerBuildProgram/zbz95/mk17ed8l62id.o
[ 245/1053  6s] C_Linux_x64_Clang Library/Bee/artifacts/LinuxPlayerBuildProgram/zbz95/i3uevpq9h73q.o
[ 246/1053  7s] C_Linux_x64_Clang Library/Bee/artifacts/LinuxPlayerBuildProgram/zbz95/sobn079z7nke.o
[ 247/1053  6s] C_Linux_x64_Clang Library/Bee/artifacts/LinuxPlayerBuildProgram/zbz95/n5k0wd0287ch.o
[ 248/1053  0s] C_Linux_x64_Clang Library/Bee/artifacts/LinuxPlayerBuildProgram/zbz95/hfof1cjwmmrz.o
[ 249/1053  7s] C_Linux_x64_Clang Library/Bee/artifacts/LinuxPlayerBuildProgram/zbz95/mru3tfl2t2wn.o
[ 250/1053  3s] C_Linux_x64_Clang Library/Bee/artifacts/LinuxPlayerBuildProgram/zbz95/ito5oc3gi17n.o
[ 251/1053 13s] C_Linux_x64_Clang Library/Bee/artifacts/LinuxPlayerBuildProgram/zbz95/od5ghtg1cauw.o
[ 252/1053  6s] C_Linux_x64_Clang Library/Bee/artifacts/LinuxPlayerBuildProgram/zbz95/9rhvprbm8o0s.o
[ 253/1053  9s] C_Linux_x64_Clang Library/Bee/artifacts/LinuxPlayerBuildProgram/zbz95/qxvkbwz18aw8.o
[ 254/1053  6s] C_Linux_x64_Clang Library/Bee/artifacts/LinuxPlayerBuildProgram/zbz95/n6ba4ojfghi4.o
[ 255/1053  3s] C_Linux_x64_Clang Library/Bee/artifacts/LinuxPlayerBuildProgram/zbz95/uifz6zaumr2d.o
[ 256/1053  9s] C_Linux_x64_Clang Library/Bee/artifacts/LinuxPlayerBuildProgram/zbz95/t6opbqhgu44c.o
[ 257/1053  7s] C_Linux_x64_Clang Library/Bee/artifacts/LinuxPlayerBuildProgram/zbz95/gqthui5pe9ak.o
[ 258/1053 10s] C_Linux_x64_Clang Library/Bee/artifacts/LinuxPlayerBuildProgram/zbz95/hb5x85qka5u1.o
[ 259/1053  0s] C_Linux_x64_Clang Library/Bee/artifacts/LinuxPlayerBuildProgram/zbz95/rer5estcez7w.o
[ 260/1053  0s] C_Linux_x64_Clang Library/Bee/artifacts/LinuxPlayerBuildProgram/zbz95/ceesf7ua04y4.o
[ 261/1053  0s] C_Linux_x64_Clang Library/Bee/artifacts/LinuxPlayerBuildProgram/zbz95/0011dbdvokku.o
[ 262/1053  5s] C_Linux_x64_Clang Library/Bee/artifacts/LinuxPlayerBuildProgram/zbz95/veeqi5m575n4.o
[ 263/1053  9s] C_Linux_x64_Clang Library/Bee/artifacts/LinuxPlayerBuildProgram/zbz95/1xc0nenumo35.o
[ 264/1053  5s] C_Linux_x64_Clang Library/Bee/artifacts/LinuxPlayerBuildProgram/zbz95/8fa02q68ud7u.o
[ 265/1053  7s] C_Linux_x64_Clang Library/Bee/artifacts/LinuxPlayerBuildProgram/zbz95/77pjibqarbqf.o
[ 266/1053 10s] C_Linux_x64_Clang Library/Bee/artifacts/LinuxPlayerBuildProgram/zbz95/ufxco1fqzcln.o
[ 267/1053  6s] C_Linux_x64_Clang Library/Bee/artifacts/LinuxPlayerBuildProgram/zbz95/zr2fg6ith2ow.o
[ 268/1053  9s] C_Linux_x64_Clang Library/Bee/artifacts/LinuxPlayerBuildProgram/zbz95/eczr0w4veedd.o
[ 269/1053  3s] C_Linux_x64_Clang Library/Bee/artifacts/LinuxPlayerBuildProgram/zbz95/n72jb02rnqnr.o
[ 270/1053  8s] C_Linux_x64_Clang Library/Bee/artifacts/LinuxPlayerBuildProgram/zbz95/eah8la26zv22.o
[ 271/1053  0s] C_Linux_x64_Clang Library/Bee/artifacts/LinuxPlayerBuildProgram/zbz95/q85mckehdctq.o
[ 272/1053  9s] C_Linux_x64_Clang Library/Bee/artifacts/LinuxPlayerBuildProgram/zbz95/dk3xhi4anbek.o
[ 273/1053  0s] C_Linux_x64_Clang Library/Bee/artifacts/LinuxPlayerBuildProgram/zbz95/cgcc7rzqw1tg.o
[ 274/1053  5s] C_Linux_x64_Clang Library/Bee/artifacts/LinuxPlayerBuildProgram/zbz95/2h5iy3vyhksm.o
[ 275/1053  8s] C_Linux_x64_Clang Library/Bee/artifacts/LinuxPlayerBuildProgram/zbz95/2phch4l55j1x.o
[ 276/1053  5s] C_Linux_x64_Clang Library/Bee/artifacts/LinuxPlayerBuildProgram/zbz95/fj0ahe83hgzr.o
[ 277/1053  4s] C_Linux_x64_Clang Library/Bee/artifacts/LinuxPlayerBuildProgram/zbz95/trku124rrwfp.o
[ 278/1053  8s] C_Linux_x64_Clang Library/Bee/artifacts/LinuxPlayerBuildProgram/zbz95/70v51x5vg0zj.o
[ 279/1053  5s] C_Linux_x64_Clang Library/Bee/artifacts/LinuxPlayerBuildProgram/zbz95/69qlquonw65d.o
[ 280/1053  1s] C_Linux_x64_Clang Library/Bee/artifacts/LinuxPlayerBuildProgram/zbz95/r7bamuqtjemi.o
[ 281/1053 12s] C_Linux_x64_Clang Library/Bee/artifacts/LinuxPlayerBuildProgram/zbz95/p2tdkmkaaqj1.o
[ 282/1053  7s] C_Linux_x64_Clang Library/Bee/artifacts/LinuxPlayerBuildProgram/zbz95/9pa16dz6qdef.o
[ 283/1053  5s] C_Linux_x64_Clang Library/Bee/artifacts/LinuxPlayerBuildProgram/zbz95/3oypb8sked4e.o
[ 284/1053  6s] C_Linux_x64_Clang Library/Bee/artifacts/LinuxPlayerBuildProgram/zbz95/ev4z8ue1ubja.o
[ 285/1053  0s] C_Linux_x64_Clang Library/Bee/artifacts/LinuxPlayerBuildProgram/zbz95/lmi3omeyf864.o
[ 286/1053  7s] C_Linux_x64_Clang Library/Bee/artifacts/LinuxPlayerBuildProgram/zbz95/msd1xdysu2ro.o
[ 287/1053  1s] C_Linux_x64_Clang Library/Bee/artifacts/LinuxPlayerBuildProgram/zbz95/c80aas1fis6m.o
[ 288/1053  0s] C_Linux_x64_Clang Library/Bee/artifacts/LinuxPlayerBuildProgram/zbz95/glezfqd0ftwf.o
[ 289/1053  7s] C_Linux_x64_Clang Library/Bee/artifacts/LinuxPlayerBuildProgram/zbz95/oce79hxo50o9.o
[ 290/1053  9s] C_Linux_x64_Clang Library/Bee/artifacts/LinuxPlayerBuildProgram/zbz95/h3s4p50dm5lq.o
[ 291/1053  0s] C_Linux_x64_Clang Library/Bee/artifacts/LinuxPlayerBuildProgram/zbz95/lz6xa5guut8o.o
[ 292/1053  1s] C_Linux_x64_Clang Library/Bee/artifacts/LinuxPlayerBuildProgram/zbz95/6hmvu6mebjuu.o
[ 293/1053  7s] C_Linux_x64_Clang Library/Bee/artifacts/LinuxPlayerBuildProgram/zbz95/ue95v5xey6ls.o
[ 294/1053  0s] C_Linux_x64_Clang Library/Bee/artifacts/LinuxPlayerBuildProgram/zbz95/icr7rvrfoaj1.o
[ 295/1053  5s] C_Linux_x64_Clang Library/Bee/artifacts/LinuxPlayerBuildProgram/zbz95/pdd4i86ssc20.o
[ 296/1053  7s] C_Linux_x64_Clang Library/Bee/artifacts/LinuxPlayerBuildProgram/zbz95/u3x42f1413zt.o
[ 297/1053  0s] C_Linux_x64_Clang Library/Bee/artifacts/LinuxPlayerBuildProgram/zbz95/4hh3ei13b2ux.o
[ 298/1053  5s] C_Linux_x64_Clang Library/Bee/artifacts/LinuxPlayerBuildProgram/zbz95/p50a07gm4ctp.o
[ 299/1053  0s] C_Linux_x64_Clang Library/Bee/artifacts/LinuxPlayerBuildProgram/zbz95/ti5zhcwdpbv3.o
[ 300/1053  9s] C_Linux_x64_Clang Library/Bee/artifacts/LinuxPlayerBuildProgram/zbz95/0wd3eodqzcqe.o
[ 301/1053  0s] C_Linux_x64_Clang Library/Bee/artifacts/LinuxPlayerBuildProgram/zbz95/w9ox8qexxbo3.o
[ 302/1053  6s] C_Linux_x64_Clang Library/Bee/artifacts/LinuxPlayerBuildProgram/zbz95/fapvnpsyfya7.o
[ 303/1053  6s] C_Linux_x64_Clang Library/Bee/artifacts/LinuxPlayerBuildProgram/zbz95/v7s66fgbrfkg.o
[ 304/1053  6s] C_Linux_x64_Clang Library/Bee/artifacts/LinuxPlayerBuildProgram/zbz95/2iws5efbptx9.o
[ 305/1053  5s] C_Linux_x64_Clang Library/Bee/artifacts/LinuxPlayerBuildProgram/zbz95/aidwoydp4kmq.o
[ 306/1053  5s] C_Linux_x64_Clang Library/Bee/artifacts/LinuxPlayerBuildProgram/zbz95/g1gpcxvbyuv6.o
[ 307/1053  6s] C_Linux_x64_Clang Library/Bee/artifacts/LinuxPlayerBuildProgram/zbz95/rwftht9eglll.o
[ 308/1053  1s] C_Linux_x64_Clang Library/Bee/artifacts/LinuxPlayerBuildProgram/zbz95/kyptcnvqu57u.o
[ 309/1053  4s] C_Linux_x64_Clang Library/Bee/artifacts/LinuxPlayerBuildProgram/zbz95/g0wujqi7p273.o
[ 310/1053  7s] C_Linux_x64_Clang Library/Bee/artifacts/LinuxPlayerBuildProgram/zbz95/0x4cmzw26lv1.o
[ 311/1053 10s] C_Linux_x64_Clang Library/Bee/artifacts/LinuxPlayerBuildProgram/zbz95/787ykyv24z8u.o
[ 312/1053  7s] C_Linux_x64_Clang Library/Bee/artifacts/LinuxPlayerBuildProgram/zbz95/7z4vummj9quw.o
[ 313/1053  4s] C_Linux_x64_Clang Library/Bee/artifacts/LinuxPlayerBuildProgram/zbz95/bpuvtjynpurb.o
[ 314/1053  6s] C_Linux_x64_Clang Library/Bee/artifacts/LinuxPlayerBuildProgram/zbz95/oxgufs0n0aca.o
[ 315/1053  0s] C_Linux_x64_Clang Library/Bee/artifacts/LinuxPlayerBuildProgram/zbz95/jdimeuks0lbc.o
[ 316/1053  1s] C_Linux_x64_Clang Library/Bee/artifacts/LinuxPlayerBuildProgram/zbz95/fucubfcc1uxb.o
[ 317/1053  8s] C_Linux_x64_Clang Library/Bee/artifacts/LinuxPlayerBuildProgram/zbz95/nzekev10x4d3.o
[ 318/1053  0s] C_Linux_x64_Clang Library/Bee/artifacts/LinuxPlayerBuildProgram/zbz95/32db2ax6nhe8.o
[ 319/1053  1s] C_Linux_x64_Clang Library/Bee/artifacts/LinuxPlayerBuildProgram/zbz95/yswerelowqf5.o
[ 320/1053  0s] C_Linux_x64_Clang Library/Bee/artifacts/LinuxPlayerBuildProgram/zbz95/syi8r2bh4m3q.o
[ 321/1053  7s] C_Linux_x64_Clang Library/Bee/artifacts/LinuxPlayerBuildProgram/zbz95/1jffbb8vg0us.o
[ 322/1053  0s] C_Linux_x64_Clang Library/Bee/artifacts/LinuxPlayerBuildProgram/zbz95/ohx5p92oqr5f.o
[ 323/1053  7s] C_Linux_x64_Clang Library/Bee/artifacts/LinuxPlayerBuildProgram/zbz95/h4jexgkqterd.o
[ 324/1053  7s] C_Linux_x64_Clang Library/Bee/artifacts/LinuxPlayerBuildProgram/zbz95/db0ur6urr2zl.o
[ 325/1053  0s] C_Linux_x64_Clang Library/Bee/artifacts/LinuxPlayerBuildProgram/zbz95/iao6nr7uwuj3.o
[ 326/1053  6s] C_Linux_x64_Clang Library/Bee/artifacts/LinuxPlayerBuildProgram/zbz95/o41drh7hh1fy.o
[ 327/1053  0s] C_Linux_x64_Clang Library/Bee/artifacts/LinuxPlayerBuildProgram/zbz95/8ntm2cwz9uy6.o
[ 328/1053  7s] C_Linux_x64_Clang Library/Bee/artifacts/LinuxPlayerBuildProgram/zbz95/ld8018a0996k.o
[ 329/1053  0s] C_Linux_x64_Clang Library/Bee/artifacts/LinuxPlayerBuildProgram/zbz95/279dcri6b7ha.o
[ 330/1053  0s] C_Linux_x64_Clang Library/Bee/artifacts/LinuxPlayerBuildProgram/zbz95/6t3j9rs7nd5y.o
[ 331/1053  8s] C_Linux_x64_Clang Library/Bee/artifacts/LinuxPlayerBuildProgram/zbz95/tvdoi0k6x1ie.o
[ 332/1053  7s] C_Linux_x64_Clang Library/Bee/artifacts/LinuxPlayerBuildProgram/zbz95/q661ayx0hdnt.o
[ 333/1053  8s] C_Linux_x64_Clang Library/Bee/artifacts/LinuxPlayerBuildProgram/zbz95/e4myhwepqe41.o
[ 334/1053  0s] C_Linux_x64_Clang Library/Bee/artifacts/LinuxPlayerBuildProgram/zbz95/b8c1u76bd7gg.o
[ 335/1053  0s] C_Linux_x64_Clang Library/Bee/artifacts/LinuxPlayerBuildProgram/zbz95/o12iq30yosas.o
[ 336/1053  2s] C_Linux_x64_Clang Library/Bee/artifacts/LinuxPlayerBuildProgram/zbz95/b0qnz6geh9r8.o
[ 337/1053  0s] C_Linux_x64_Clang Library/Bee/artifacts/LinuxPlayerBuildProgram/zbz95/214vayklj2dh.o
[ 338/1053  7s] C_Linux_x64_Clang Library/Bee/artifacts/LinuxPlayerBuildProgram/zbz95/iziftqqyri6o.o
[ 339/1053  1s] C_Linux_x64_Clang Library/Bee/artifacts/LinuxPlayerBuildProgram/zbz95/dglru7hemun2.o
[ 340/1053  0s] C_Linux_x64_Clang Library/Bee/artifacts/LinuxPlayerBuildProgram/zbz95/gn0cfr1ij23q.o
[ 341/1053  5s] C_Linux_x64_Clang Library/Bee/artifacts/LinuxPlayerBuildProgram/zbz95/w500on8kbbfp.o
[ 342/1053  0s] C_Linux_x64_Clang Library/Bee/artifacts/LinuxPlayerBuildProgram/zbz95/qfc8ro3fg0qe.o
[ 343/1053  8s] C_Linux_x64_Clang Library/Bee/artifacts/LinuxPlayerBuildProgram/zbz95/g2t7gfr9yt8y.o
[ 344/1053  1s] C_Linux_x64_Clang Library/Bee/artifacts/LinuxPlayerBuildProgram/zbz95/va3x4mz4ux2p.o
[ 345/1053  2s] C_Linux_x64_Clang Library/Bee/artifacts/LinuxPlayerBuildProgram/zbz95/fj1sipf24rbd.o
[ 346/1053  7s] C_Linux_x64_Clang Library/Bee/artifacts/LinuxPlayerBuildProgram/zbz95/70gvupo9qiss.o
[ 347/1053  9s] C_Linux_x64_Clang Library/Bee/artifacts/LinuxPlayerBuildProgram/zbz95/knuqxgd4wpi2.o
[ 348/1053  9s] C_Linux_x64_Clang Library/Bee/artifacts/LinuxPlayerBuildProgram/zbz95/zxwpkk6arjnx.o
[ 349/1053  7s] C_Linux_x64_Clang Library/Bee/artifacts/LinuxPlayerBuildProgram/zbz95/vld1wnhev6jn.o
[ 350/1053  7s] C_Linux_x64_Clang Library/Bee/artifacts/LinuxPlayerBuildProgram/zbz95/mlshmorydco0.o
[ 351/1053  0s] C_Linux_x64_Clang Library/Bee/artifacts/LinuxPlayerBuildProgram/zbz95/2e66o8v9rpcq.o
[ 352/1053  7s] C_Linux_x64_Clang Library/Bee/artifacts/LinuxPlayerBuildProgram/zbz95/3hd6zimqxm0q.o
[ 353/1053  9s] C_Linux_x64_Clang Library/Bee/artifacts/LinuxPlayerBuildProgram/zbz95/z05i6hscdb3u.o
[ 354/1053 10s] C_Linux_x64_Clang Library/Bee/artifacts/LinuxPlayerBuildProgram/zbz95/dc4b0m5qbnbf.o
[ 355/1053  1s] C_Linux_x64_Clang Library/Bee/artifacts/LinuxPlayerBuildProgram/zbz95/2o3x5fdc778w.o
[ 356/1053  6s] C_Linux_x64_Clang Library/Bee/artifacts/LinuxPlayerBuildProgram/zbz95/vo82fsf1ao7p.o
[ 357/1053  0s] C_Linux_x64_Clang Library/Bee/artifacts/LinuxPlayerBuildProgram/zbz95/clpofxj4m0uh.o
[ 358/1053  4s] C_Linux_x64_Clang Library/Bee/artifacts/LinuxPlayerBuildProgram/zbz95/hvgb74a7x5cf.o
[ 359/1053  7s] C_Linux_x64_Clang Library/Bee/artifacts/LinuxPlayerBuildProgram/zbz95/tv4tdc7l4gw6.o
[ 360/1053  5s] C_Linux_x64_Clang Library/Bee/artifacts/LinuxPlayerBuildProgram/zbz95/4yojienv0wk5.o
[ 361/1053  0s] C_Linux_x64_Clang Library/Bee/artifacts/LinuxPlayerBuildProgram/zbz95/u9sdxarkbwr8.o
[ 362/1053  0s] C_Linux_x64_Clang Library/Bee/artifacts/LinuxPlayerBuildProgram/zbz95/w0tac3bs3itm.o
[ 363/1053  0s] C_Linux_x64_Clang Library/Bee/artifacts/LinuxPlayerBuildProgram/zbz95/ypsnofsseymi.o
[ 364/1053  1s] C_Linux_x64_Clang Library/Bee/artifacts/LinuxPlayerBuildProgram/zbz95/67yrghvy5noy.o
[ 365/1053  8s] C_Linux_x64_Clang Library/Bee/artifacts/LinuxPlayerBuildProgram/zbz95/fjsyd11hb7o5.o
[ 366/1053  8s] C_Linux_x64_Clang Library/Bee/artifacts/LinuxPlayerBuildProgram/zbz95/ro3zysj8rlca.o
[ 367/1053  0s] C_Linux_x64_Clang Library/Bee/artifacts/LinuxPlayerBuildProgram/zbz95/pso3l9f1i4w0.o
[ 368/1053  0s] C_Linux_x64_Clang Library/Bee/artifacts/LinuxPlayerBuildProgram/zbz95/7hpikl1c06qn.o
[ 369/1053  6s] C_Linux_x64_Clang Library/Bee/artifacts/LinuxPlayerBuildProgram/zbz95/lu1dkw6gtgyo.o
[ 370/1053  0s] C_Linux_x64_Clang Library/Bee/artifacts/LinuxPlayerBuildProgram/zbz95/y1jjltzajfde.o
[ 371/1053 10s] C_Linux_x64_Clang Library/Bee/artifacts/LinuxPlayerBuildProgram/zbz95/gwzxc13rpcay.o
[ 372/1053  7s] C_Linux_x64_Clang Library/Bee/artifacts/LinuxPlayerBuildProgram/zbz95/04x8019iul9b.o
[ 373/1053  0s] C_Linux_x64_Clang Library/Bee/artifacts/LinuxPlayerBuildProgram/zbz95/6htcpyamb03s.o
[ 374/1053  0s] C_Linux_x64_Clang Library/Bee/artifacts/LinuxPlayerBuildProgram/zbz95/8u2euw4ukw0a.o
[ 375/1053  0s] C_Linux_x64_Clang Library/Bee/artifacts/LinuxPlayerBuildProgram/zbz95/9rqt5eavn19n.o
[ 376/1053  0s] C_Linux_x64_Clang Library/Bee/artifacts/LinuxPlayerBuildProgram/zbz95/fbt29s1touj1.o
[ 377/1053  7s] C_Linux_x64_Clang Library/Bee/artifacts/LinuxPlayerBuildProgram/zbz95/9xpwwymiogro.o
[ 378/1053  5s] C_Linux_x64_Clang Library/Bee/artifacts/LinuxPlayerBuildProgram/zbz95/hkkc1ewp7v1w.o
[ 379/1053  5s] C_Linux_x64_Clang Library/Bee/artifacts/LinuxPlayerBuildProgram/zbz95/ugomvcz26lqa.o
[ 380/1053  7s] C_Linux_x64_Clang Library/Bee/artifacts/LinuxPlayerBuildProgram/zbz95/9tze4debn7a3.o
[ 381/1053 14s] C_Linux_x64_Clang Library/Bee/artifacts/LinuxPlayerBuildProgram/zbz95/9s84w2uyfy5f.o
[ 382/1053  5s] C_Linux_x64_Clang Library/Bee/artifacts/LinuxPlayerBuildProgram/zbz95/tns0ubhfghnv.o
[ 383/1053  0s] C_Linux_x64_Clang Library/Bee/artifacts/LinuxPlayerBuildProgram/zbz95/h5ae0sjgfsw9.o
[ 384/1053  0s] C_Linux_x64_Clang Library/Bee/artifacts/LinuxPlayerBuildProgram/zbz95/drkenuha1xb5.o
[ 385/1053  7s] C_Linux_x64_Clang Library/Bee/artifacts/LinuxPlayerBuildProgram/zbz95/ekbljxu22dmo.o
[ 386/1053  4s] C_Linux_x64_Clang Library/Bee/artifacts/LinuxPlayerBuildProgram/zbz95/1f0izzw4sqjn.o
[ 387/1053  7s] C_Linux_x64_Clang Library/Bee/artifacts/LinuxPlayerBuildProgram/zbz95/fpuklsvlrxxs.o
[ 388/1053 10s] C_Linux_x64_Clang Library/Bee/artifacts/LinuxPlayerBuildProgram/zbz95/4p82za2tnxsk.o
[ 389/1053  5s] C_Linux_x64_Clang Library/Bee/artifacts/LinuxPlayerBuildProgram/zbz95/aspir61dor8w.o
[ 390/1053  0s] C_Linux_x64_Clang Library/Bee/artifacts/LinuxPlayerBuildProgram/zbz95/89znfhpwdfgq.o
[ 391/1053  5s] C_Linux_x64_Clang Library/Bee/artifacts/LinuxPlayerBuildProgram/zbz95/aobynha9l7g9.o
[ 392/1053 12s] C_Linux_x64_Clang Library/Bee/artifacts/LinuxPlayerBuildProgram/zbz95/mzrmuyfw3u82.o
[ 393/1053  6s] C_Linux_x64_Clang Library/Bee/artifacts/LinuxPlayerBuildProgram/zbz95/uul77fe1cazn.o
[ 394/1053  0s] C_Linux_x64_Clang Library/Bee/artifacts/LinuxPlayerBuildProgram/zbz95/olb6g1gukrud.o
[ 395/1053  6s] C_Linux_x64_Clang Library/Bee/artifacts/LinuxPlayerBuildProgram/zbz95/g4brv1tydcj9.o
[ 396/1053  7s] C_Linux_x64_Clang Library/Bee/artifacts/LinuxPlayerBuildProgram/zbz95/ampvqxd0u9js.o
[ 397/1053  7s] C_Linux_x64_Clang Library/Bee/artifacts/LinuxPlayerBuildProgram/zbz95/6251e5htfg2p.o
[ 398/1053 13s] C_Linux_x64_Clang Library/Bee/artifacts/LinuxPlayerBuildProgram/zbz95/tm1qn0x287h8.o
[ 399/1053  5s] C_Linux_x64_Clang Library/Bee/artifacts/LinuxPlayerBuildProgram/zbz95/z6zsawfums1v.o
[ 400/1053  6s] C_Linux_x64_Clang Library/Bee/artifacts/LinuxPlayerBuildProgram/zbz95/3ppzijcxlm91.o
[ 401/1053  0s] C_Linux_x64_Clang Library/Bee/artifacts/LinuxPlayerBuildProgram/zbz95/72o9lfefrpzc.o
[ 402/1053  5s] C_Linux_x64_Clang Library/Bee/artifacts/LinuxPlayerBuildProgram/zbz95/p6l7aoz2rl88.o
[ 403/1053  5s] C_Linux_x64_Clang Library/Bee/artifacts/LinuxPlayerBuildProgram/zbz95/61es7tyg86w2.o
[ 404/1053  6s] C_Linux_x64_Clang Library/Bee/artifacts/LinuxPlayerBuildProgram/zbz95/2c0on3kh8qvb.o
[ 405/1053  7s] C_Linux_x64_Clang Library/Bee/artifacts/LinuxPlayerBuildProgram/zbz95/ml0tp1xkklym.o
[ 406/1053  1s] C_Linux_x64_Clang Library/Bee/artifacts/LinuxPlayerBuildProgram/zbz95/0ttqju8nepuz.o
[ 407/1053  9s] C_Linux_x64_Clang Library/Bee/artifacts/LinuxPlayerBuildProgram/zbz95/msmv21bdonew.o
[ 408/1053  6s] C_Linux_x64_Clang Library/Bee/artifacts/LinuxPlayerBuildProgram/zbz95/e86vcpi0794t.o
[ 409/1053  0s] C_Linux_x64_Clang Library/Bee/artifacts/LinuxPlayerBuildProgram/zbz95/qv4hwzoo1mas.o
[ 410/1053  6s] C_Linux_x64_Clang Library/Bee/artifacts/LinuxPlayerBuildProgram/zbz95/3qg9puv9svep.o
[ 411/1053  0s] C_Linux_x64_Clang Library/Bee/artifacts/LinuxPlayerBuildProgram/zbz95/hnd3l8sv837q.o
[ 412/1053  7s] C_Linux_x64_Clang Library/Bee/artifacts/LinuxPlayerBuildProgram/zbz95/oupro9itxutr.o
[ 413/1053 49s] C_Linux_x64_Clang Library/Bee/artifacts/LinuxPlayerBuildProgram/zbz95/w2sdljshvw4m.o
[ 414/1053  0s] C_Linux_x64_Clang Library/Bee/artifacts/LinuxPlayerBuildProgram/zbz95/au3lqm6kqjtt.o
[ 415/1053 11s] C_Linux_x64_Clang Library/Bee/artifacts/LinuxPlayerBuildProgram/zbz95/ea2xe2kkaevb.o
[ 416/1053  0s] C_Linux_x64_Clang Library/Bee/artifacts/LinuxPlayerBuildProgram/zbz95/y2ejgezsa63a.o
[ 417/1053  0s] C_Linux_x64_Clang Library/Bee/artifacts/LinuxPlayerBuildProgram/zbz95/w7mvg9d2dabl.o
[ 418/1053  6s] C_Linux_x64_Clang Library/Bee/artifacts/LinuxPlayerBuildProgram/zbz95/s4z918pdkn20.o
[ 419/1053  9s] C_Linux_x64_Clang Library/Bee/artifacts/LinuxPlayerBuildProgram/zbz95/d55kns79hl1k.o
[ 420/1053  7s] C_Linux_x64_Clang Library/Bee/artifacts/LinuxPlayerBuildProgram/zbz95/llkuk906x9fw.o
[ 421/1053 13s] C_Linux_x64_Clang Library/Bee/artifacts/LinuxPlayerBuildProgram/zbz95/86x27qj55j6o.o
[ 422/1053  8s] C_Linux_x64_Clang Library/Bee/artifacts/LinuxPlayerBuildProgram/zbz95/e5zy90zpohu5.o
[ 423/1053  0s] C_Linux_x64_Clang Library/Bee/artifacts/LinuxPlayerBuildProgram/zbz95/jf3s5onape4b.o
[ 424/1053  0s] C_Linux_x64_Clang Library/Bee/artifacts/LinuxPlayerBuildProgram/zbz95/c2larovzm1jz.o
[ 425/1053  5s] C_Linux_x64_Clang Library/Bee/artifacts/LinuxPlayerBuildProgram/zbz95/oy1qq8i4njrt.o
[ 426/1053  9s] C_Linux_x64_Clang Library/Bee/artifacts/LinuxPlayerBuildProgram/zbz95/o0ntnsfdfhoa.o
[ 427/1053  5s] C_Linux_x64_Clang Library/Bee/artifacts/LinuxPlayerBuildProgram/zbz95/87ocf22hdtbc.o
[ 428/1053  0s] C_Linux_x64_Clang Library/Bee/artifacts/LinuxPlayerBuildProgram/zbz95/5iacq4to0aid.o
[ 429/1053  1s] C_Linux_x64_Clang Library/Bee/artifacts/LinuxPlayerBuildProgram/zbz95/h9t335ax80xs.o
[ 430/1053 12s] C_Linux_x64_Clang Library/Bee/artifacts/LinuxPlayerBuildProgram/zbz95/haeo1u772vpe.o
[ 431/1053 10s] C_Linux_x64_Clang Library/Bee/artifacts/LinuxPlayerBuildProgram/zbz95/u5h6orn2jp9v.o
[ 432/1053  8s] C_Linux_x64_Clang Library/Bee/artifacts/LinuxPlayerBuildProgram/zbz95/u922jns8pvmm.o
[ 433/1053  6s] C_Linux_x64_Clang Library/Bee/artifacts/LinuxPlayerBuildProgram/zbz95/e3voalvcj5ye.o
[ 434/1053 10s] C_Linux_x64_Clang Library/Bee/artifacts/LinuxPlayerBuildProgram/zbz95/smetedqo3n2c.o
[ 435/1053  7s] C_Linux_x64_Clang Library/Bee/artifacts/LinuxPlayerBuildProgram/zbz95/s2lg1qzttgna.o
[ 436/1053  6s] C_Linux_x64_Clang Library/Bee/artifacts/LinuxPlayerBuildProgram/zbz95/79y8r9efc9di.o
[ 437/1053  1s] C_Linux_x64_Clang Library/Bee/artifacts/LinuxPlayerBuildProgram/zbz95/2p7x8xhxuugl.o
[ 438/1053  0s] C_Linux_x64_Clang Library/Bee/artifacts/LinuxPlayerBuildProgram/zbz95/wq0ljiqwxnpt.o
[ 439/1053 10s] C_Linux_x64_Clang Library/Bee/artifacts/LinuxPlayerBuildProgram/zbz95/2xt5z4bcuja9.o
[ 440/1053  4s] C_Linux_x64_Clang Library/Bee/artifacts/LinuxPlayerBuildProgram/zbz95/rq03l3ev2w71.o
[ 441/1053  5s] C_Linux_x64_Clang Library/Bee/artifacts/LinuxPlayerBuildProgram/zbz95/yyfcqgzviqkg.o
[ 442/1053  9s] C_Linux_x64_Clang Library/Bee/artifacts/LinuxPlayerBuildProgram/zbz95/whtcsksm2e88.o
[ 443/1053  8s] C_Linux_x64_Clang Library/Bee/artifacts/LinuxPlayerBuildProgram/zbz95/1joyep1y06wj.o
[ 444/1053  0s] C_Linux_x64_Clang Library/Bee/artifacts/LinuxPlayerBuildProgram/zbz95/6at95xgcxb8e.o
[ 445/1053  0s] C_Linux_x64_Clang Library/Bee/artifacts/LinuxPlayerBuildProgram/zbz95/ssxpj9kfsysj.o
[ 446/1053  8s] C_Linux_x64_Clang Library/Bee/artifacts/LinuxPlayerBuildProgram/zbz95/1ciplhqhynqr.o
[ 447/1053  7s] C_Linux_x64_Clang Library/Bee/artifacts/LinuxPlayerBuildProgram/zbz95/ocsycbl3bbh4.o
[ 448/1053  7s] C_Linux_x64_Clang Library/Bee/artifacts/LinuxPlayerBuildProgram/zbz95/m2lu4bnfxif4.o
[ 449/1053  6s] C_Linux_x64_Clang Library/Bee/artifacts/LinuxPlayerBuildProgram/zbz95/n47hsv4478zo.o
[ 450/1053  7s] C_Linux_x64_Clang Library/Bee/artifacts/LinuxPlayerBuildProgram/zbz95/tudk60n9w7qj.o
[ 451/1053  9s] C_Linux_x64_Clang Library/Bee/artifacts/LinuxPlayerBuildProgram/zbz95/tvc6gpd8aq6s.o
[ 452/1053  5s] C_Linux_x64_Clang Library/Bee/artifacts/LinuxPlayerBuildProgram/zbz95/o5snysquoall.o
[ 453/1053  9s] C_Linux_x64_Clang Library/Bee/artifacts/LinuxPlayerBuildProgram/zbz95/toja2m0rnqsi.o
[ 454/1053  0s] C_Linux_x64_Clang Library/Bee/artifacts/LinuxPlayerBuildProgram/zbz95/zhd1p4o4k71y.o
[ 455/1053  1s] C_Linux_x64_Clang Library/Bee/artifacts/LinuxPlayerBuildProgram/zbz95/s4cuupladltm.o
[ 456/1053  6s] C_Linux_x64_Clang Library/Bee/artifacts/LinuxPlayerBuildProgram/zbz95/i9u1vyenbpsv.o
[ 457/1053  6s] C_Linux_x64_Clang Library/Bee/artifacts/LinuxPlayerBuildProgram/zbz95/vgw9wrpumoye.o
[ 458/1053  0s] C_Linux_x64_Clang Library/Bee/artifacts/LinuxPlayerBuildProgram/zbz95/j4s99tj39u8o.o
[ 459/1053  0s] C_Linux_x64_Clang Library/Bee/artifacts/LinuxPlayerBuildProgram/zbz95/rqb5kmab9usj.o
[ 460/1053  5s] C_Linux_x64_Clang Library/Bee/artifacts/LinuxPlayerBuildProgram/zbz95/90kyf3k53xer.o
[ 461/1053  8s] C_Linux_x64_Clang Library/Bee/artifacts/LinuxPlayerBuildProgram/zbz95/60ni0if40xrf.o
[ 462/1053  0s] C_Linux_x64_Clang Library/Bee/artifacts/LinuxPlayerBuildProgram/zbz95/5rqd7w4a1lcq.o
[ 463/1053  3s] C_Linux_x64_Clang Library/Bee/artifacts/LinuxPlayerBuildProgram/zbz95/s5jxz2ch7bw3.o
[ 464/1053  5s] C_Linux_x64_Clang Library/Bee/artifacts/LinuxPlayerBuildProgram/zbz95/lunxalaqtiuu.o
[ 465/1053  6s] C_Linux_x64_Clang Library/Bee/artifacts/LinuxPlayerBuildProgram/zbz95/wf79u0vdbhbs.o
[ 466/1053  4s] C_Linux_x64_Clang Library/Bee/artifacts/LinuxPlayerBuildProgram/zbz95/geaxhvvxi9hk.o
[ 467/1053  0s] C_Linux_x64_Clang Library/Bee/artifacts/LinuxPlayerBuildProgram/zbz95/hy8c218cwqp4.o
[ 468/1053  5s] C_Linux_x64_Clang Library/Bee/artifacts/LinuxPlayerBuildProgram/zbz95/h1albjyo7mbg.o
[ 469/1053 10s] C_Linux_x64_Clang Library/Bee/artifacts/LinuxPlayerBuildProgram/zbz95/hvayaaabe5mb.o
[ 470/1053  9s] C_Linux_x64_Clang Library/Bee/artifacts/LinuxPlayerBuildProgram/zbz95/68zbjj5apx0q.o
[ 471/1053  6s] C_Linux_x64_Clang Library/Bee/artifacts/LinuxPlayerBuildProgram/zbz95/rqljdfmx63mk.o
[ 472/1053  6s] C_Linux_x64_Clang Library/Bee/artifacts/LinuxPlayerBuildProgram/zbz95/9rvmskz0ezsn.o
[ 473/1053  5s] C_Linux_x64_Clang Library/Bee/artifacts/LinuxPlayerBuildProgram/zbz95/ayy1hwupaz51.o
[ 474/1053  0s] C_Linux_x64_Clang Library/Bee/artifacts/LinuxPlayerBuildProgram/zbz95/c30actuxcl10.o
[ 475/1053  0s] C_Linux_x64_Clang Library/Bee/artifacts/LinuxPlayerBuildProgram/zbz95/xqip7l34sf24.o
[ 476/1053  6s] C_Linux_x64_Clang Library/Bee/artifacts/LinuxPlayerBuildProgram/zbz95/m8he3bxgd2c1.o
[ 477/1053 17s] C_Linux_x64_Clang Library/Bee/artifacts/LinuxPlayerBuildProgram/zbz95/msld1q4e1b2a.o
[ 478/1053  0s] C_Linux_x64_Clang Library/Bee/artifacts/LinuxPlayerBuildProgram/zbz95/tt2zicocbzaz.o
[ 479/1053  6s] C_Linux_x64_Clang Library/Bee/artifacts/LinuxPlayerBuildProgram/zbz95/y38n4svo4fos.o
[ 480/1053  8s] C_Linux_x64_Clang Library/Bee/artifacts/LinuxPlayerBuildProgram/zbz95/ln2dzv3vcsq6.o
[ 481/1053  7s] C_Linux_x64_Clang Library/Bee/artifacts/LinuxPlayerBuildProgram/zbz95/g3khoqam62dm.o
[ 482/1053  0s] C_Linux_x64_Clang Library/Bee/artifacts/LinuxPlayerBuildProgram/zbz95/rpj9clu51fkf.o
[ 483/1053  0s] C_Linux_x64_Clang Library/Bee/artifacts/LinuxPlayerBuildProgram/zbz95/o0mhxd0ckvx2.o
[ 484/1053 10s] C_Linux_x64_Clang Library/Bee/artifacts/LinuxPlayerBuildProgram/zbz95/hryy8aa0ngp9.o
[ 485/1053  0s] C_Linux_x64_Clang Library/Bee/artifacts/LinuxPlayerBuildProgram/zbz95/dsxkj6pgwrgj.o
[ 486/1053  9s] C_Linux_x64_Clang Library/Bee/artifacts/LinuxPlayerBuildProgram/zbz95/a01ba7rkcrh8.o
[ 487/1053  5s] C_Linux_x64_Clang Library/Bee/artifacts/LinuxPlayerBuildProgram/zbz95/aza22v874hcl.o
[ 488/1053  2s] C_Linux_x64_Clang Library/Bee/artifacts/LinuxPlayerBuildProgram/zbz95/ezpctie3vf5i.o
[ 489/1053  5s] C_Linux_x64_Clang Library/Bee/artifacts/LinuxPlayerBuildProgram/zbz95/8ql1vg3irgtt.o
[ 490/1053  5s] C_Linux_x64_Clang Library/Bee/artifacts/LinuxPlayerBuildProgram/zbz95/8s0hvn46zvxb.o
[ 491/1053  0s] C_Linux_x64_Clang Library/Bee/artifacts/LinuxPlayerBuildProgram/zbz95/97c6teb5dexm.o
[ 492/1053  5s] C_Linux_x64_Clang Library/Bee/artifacts/LinuxPlayerBuildProgram/zbz95/km3gq5trpgdf.o
[ 493/1053  1s] C_Linux_x64_Clang Library/Bee/artifacts/LinuxPlayerBuildProgram/zbz95/1uxg8nlmrl6z.o
[ 494/1053  0s] C_Linux_x64_Clang Library/Bee/artifacts/LinuxPlayerBuildProgram/zbz95/bxp2v3atxzfs.o
[ 495/1053  2s] C_Linux_x64_Clang Library/Bee/artifacts/LinuxPlayerBuildProgram/zbz95/ouh90g7qi8yw.o
[ 496/1053  0s] C_Linux_x64_Clang Library/Bee/artifacts/LinuxPlayerBuildProgram/zbz95/8qw7afta1uqo.o
[ 497/1053 11s] C_Linux_x64_Clang Library/Bee/artifacts/LinuxPlayerBuildProgram/zbz95/mdgo3n1rpcfp.o
[ 498/1053  5s] C_Linux_x64_Clang Library/Bee/artifacts/LinuxPlayerBuildProgram/zbz95/wfdnrvw9uh1v.o
[ 499/1053  5s] C_Linux_x64_Clang Library/Bee/artifacts/LinuxPlayerBuildProgram/zbz95/lgyhwkkv3i4n.o
[ 500/1053  0s] C_Linux_x64_Clang Library/Bee/artifacts/LinuxPlayerBuildProgram/zbz95/jmt8krmcvyl9.o
[ 501/1053 12s] C_Linux_x64_Clang Library/Bee/artifacts/LinuxPlayerBuildProgram/zbz95/ysl2l2be98lf.o
[ 502/1053  0s] C_Linux_x64_Clang Library/Bee/artifacts/LinuxPlayerBuildProgram/zbz95/3a176d7wulzu.o
[ 503/1053  7s] C_Linux_x64_Clang Library/Bee/artifacts/LinuxPlayerBuildProgram/zbz95/8ei8t4fy0spm.o
[ 504/1053  7s] C_Linux_x64_Clang Library/Bee/artifacts/LinuxPlayerBuildProgram/zbz95/0zmw0lzrl45b.o
[ 505/1053  6s] C_Linux_x64_Clang Library/Bee/artifacts/LinuxPlayerBuildProgram/zbz95/rpu9532kzuhx.o
[ 506/1053  8s] C_Linux_x64_Clang Library/Bee/artifacts/LinuxPlayerBuildProgram/zbz95/zynzrvpnyssk.o
[ 507/1053 13s] C_Linux_x64_Clang Library/Bee/artifacts/LinuxPlayerBuildProgram/zbz95/1y39up66tx8s.o
[ 508/1053  9s] C_Linux_x64_Clang Library/Bee/artifacts/LinuxPlayerBuildProgram/zbz95/067fcb6l2u9z.o
[ 509/1053  0s] C_Linux_x64_Clang Library/Bee/artifacts/LinuxPlayerBuildProgram/zbz95/ffy0imtyrmy5.o
[ 510/1053  0s] C_Linux_x64_Clang Library/Bee/artifacts/LinuxPlayerBuildProgram/zbz95/nd70b5cv16a9.o
[ 511/1053  8s] C_Linux_x64_Clang Library/Bee/artifacts/LinuxPlayerBuildProgram/zbz95/vf5zpg6hfftr.o
[ 512/1053  6s] C_Linux_x64_Clang Library/Bee/artifacts/LinuxPlayerBuildProgram/zbz95/hl4o4wmiezq8.o
[ 513/1053  5s] C_Linux_x64_Clang Library/Bee/artifacts/LinuxPlayerBuildProgram/zbz95/qhgepro1saam.o
[ 514/1053  0s] C_Linux_x64_Clang Library/Bee/artifacts/LinuxPlayerBuildProgram/zbz95/b0boq0kx5y9q.o
[ 515/1053  9s] C_Linux_x64_Clang Library/Bee/artifacts/LinuxPlayerBuildProgram/zbz95/591ear6f7gdf.o
[ 516/1053  7s] C_Linux_x64_Clang Library/Bee/artifacts/LinuxPlayerBuildProgram/zbz95/f6pgxffze704.o
[ 517/1053  6s] C_Linux_x64_Clang Library/Bee/artifacts/LinuxPlayerBuildProgram/zbz95/sp2w7itcfxp1.o
[ 518/1053  9s] C_Linux_x64_Clang Library/Bee/artifacts/LinuxPlayerBuildProgram/zbz95/8f9h1fza81u9.o
[ 519/1053  0s] C_Linux_x64_Clang Library/Bee/artifacts/LinuxPlayerBuildProgram/zbz95/ji6omi28l52i.o
[ 520/1053 12s] C_Linux_x64_Clang Library/Bee/artifacts/LinuxPlayerBuildProgram/zbz95/d2hhum4l6bew.o
[ 521/1053  1s] C_Linux_x64_Clang Library/Bee/artifacts/LinuxPlayerBuildProgram/zbz95/vtfk3moftk0h.o
[ 522/1053  6s] C_Linux_x64_Clang Library/Bee/artifacts/LinuxPlayerBuildProgram/zbz95/o6jx5396vjq8.o
[ 523/1053  5s] C_Linux_x64_Clang Library/Bee/artifacts/LinuxPlayerBuildProgram/zbz95/h21uiuh1ewg3.o
[ 524/1053  7s] C_Linux_x64_Clang Library/Bee/artifacts/LinuxPlayerBuildProgram/zbz95/71mf98o8n946.o
[ 525/1053  8s] C_Linux_x64_Clang Library/Bee/artifacts/LinuxPlayerBuildProgram/zbz95/yz6lxri8pzp3.o
[ 526/1053  1s] C_Linux_x64_Clang Library/Bee/artifacts/LinuxPlayerBuildProgram/zbz95/ax7ebdnt8uf5.o
[ 527/1053  1s] C_Linux_x64_Clang Library/Bee/artifacts/LinuxPlayerBuildProgram/zbz95/1zerzfjeht7j.o
[ 528/1053  1s] C_Linux_x64_Clang Library/Bee/artifacts/LinuxPlayerBuildProgram/zbz95/us20stnhk8xz.o
[ 529/1053  2s] C_Linux_x64_Clang Library/Bee/artifacts/LinuxPlayerBuildProgram/zbz95/7i8hnn25r0wl.o
[ 530/1053  1s] C_Linux_x64_Clang Library/Bee/artifacts/LinuxPlayerBuildProgram/zbz95/d15fbmu962ve.o
[ 531/1053  0s] C_Linux_x64_Clang Library/Bee/artifacts/LinuxPlayerBuildProgram/zbz95/gji987rcsr29.o
[ 532/1053  1s] C_Linux_x64_Clang Library/Bee/artifacts/LinuxPlayerBuildProgram/zbz95/0dazm8uz02uk.o
[ 533/1053  7s] C_Linux_x64_Clang Library/Bee/artifacts/LinuxPlayerBuildProgram/zbz95/0yvmtagfev0o.o
[ 534/1053  6s] C_Linux_x64_Clang Library/Bee/artifacts/LinuxPlayerBuildProgram/zbz95/udtkc80fr427.o
[ 535/1053  1s] C_Linux_x64_Clang Library/Bee/artifacts/LinuxPlayerBuildProgram/zbz95/c0o2ctlx2i13.o
[ 536/1053  9s] C_Linux_x64_Clang Library/Bee/artifacts/LinuxPlayerBuildProgram/zbz95/o42w0fkczzll.o
[ 537/1053  0s] C_Linux_x64_Clang Library/Bee/artifacts/LinuxPlayerBuildProgram/zbz95/jdgk6f61gfge.o
[ 538/1053  5s] C_Linux_x64_Clang Library/Bee/artifacts/LinuxPlayerBuildProgram/zbz95/bzip4azzkkkp.o
[ 539/1053  2s] C_Linux_x64_Clang Library/Bee/artifacts/LinuxPlayerBuildProgram/zbz95/nsqsu6blns9g.o
[ 540/1053  1s] C_Linux_x64_Clang Library/Bee/artifacts/LinuxPlayerBuildProgram/zbz95/bqhikbf6ggc0.o
[ 541/1053  6s] C_Linux_x64_Clang Library/Bee/artifacts/LinuxPlayerBuildProgram/zbz95/qd5a0zj9x4lz.o
[ 542/1053 12s] C_Linux_x64_Clang Library/Bee/artifacts/LinuxPlayerBuildProgram/zbz95/zp5lubzhd26u.o
[ 543/1053 14s] C_Linux_x64_Clang Library/Bee/artifacts/LinuxPlayerBuildProgram/zbz95/nruesh572vu5.o
[ 544/1053  4s] C_Linux_x64_Clang Library/Bee/artifacts/LinuxPlayerBuildProgram/zbz95/oewqo4zdkjzj.o
[ 545/1053  0s] C_Linux_x64_Clang Library/Bee/artifacts/LinuxPlayerBuildProgram/zbz95/amt3l92m0jqu.o
[ 546/1053  2s] C_Linux_x64_Clang Library/Bee/artifacts/LinuxPlayerBuildProgram/zbz95/n7b3eewu7wpi.o
[ 547/1053  0s] C_Linux_x64_Clang Library/Bee/artifacts/LinuxPlayerBuildProgram/zbz95/5iw1tuwr6t1e.o
[ 548/1053  7s] C_Linux_x64_Clang Library/Bee/artifacts/LinuxPlayerBuildProgram/zbz95/3do3w08twccf.o
[ 549/1053  8s] C_Linux_x64_Clang Library/Bee/artifacts/LinuxPlayerBuildProgram/zbz95/twv3knqybq1t.o
[ 550/1053  6s] C_Linux_x64_Clang Library/Bee/artifacts/LinuxPlayerBuildProgram/zbz95/0psj3y6vimmq.o
[ 551/1053  0s] C_Linux_x64_Clang Library/Bee/artifacts/LinuxPlayerBuildProgram/zbz95/qi4tha6qfj5t.o
[ 552/1053 11s] C_Linux_x64_Clang Library/Bee/artifacts/LinuxPlayerBuildProgram/zbz95/wdv3c9tkgzql.o
[ 553/1053  5s] C_Linux_x64_Clang Library/Bee/artifacts/LinuxPlayerBuildProgram/zbz95/v7mtalff7euc.o
[ 554/1053  8s] C_Linux_x64_Clang Library/Bee/artifacts/LinuxPlayerBuildProgram/zbz95/fi1o6pi53xji.o
[ 555/1053  8s] C_Linux_x64_Clang Library/Bee/artifacts/LinuxPlayerBuildProgram/zbz95/snkdtwqn0efr.o
[ 556/1053  8s] C_Linux_x64_Clang Library/Bee/artifacts/LinuxPlayerBuildProgram/zbz95/1cj7msxflz2c.o
[ 557/1053  5s] C_Linux_x64_Clang Library/Bee/artifacts/LinuxPlayerBuildProgram/zbz95/3em38z4vu6h8.o
[ 558/1053  6s] C_Linux_x64_Clang Library/Bee/artifacts/LinuxPlayerBuildProgram/zbz95/1gkds6980i7p.o
[ 559/1053 11s] C_Linux_x64_Clang Library/Bee/artifacts/LinuxPlayerBuildProgram/zbz95/lmb4rkkj5ilj.o
[ 560/1053  8s] C_Linux_x64_Clang Library/Bee/artifacts/LinuxPlayerBuildProgram/zbz95/hup1ztruqw7r.o
[ 561/1053  9s] C_Linux_x64_Clang Library/Bee/artifacts/LinuxPlayerBuildProgram/zbz95/15w59rjnhxm3.o
[ 562/1053  0s] C_Linux_x64_Clang Library/Bee/artifacts/LinuxPlayerBuildProgram/zbz95/3z0mlr5r9ai7.o
[ 563/1053  7s] C_Linux_x64_Clang Library/Bee/artifacts/LinuxPlayerBuildProgram/zbz95/803s3cwnw27n.o
[ 564/1053  5s] C_Linux_x64_Clang Library/Bee/artifacts/LinuxPlayerBuildProgram/zbz95/v8jgerznyop3.o
[ 565/1053  0s] C_Linux_x64_Clang Library/Bee/artifacts/LinuxPlayerBuildProgram/zbz95/ov69llp474db.o
[ 566/1053  6s] C_Linux_x64_Clang Library/Bee/artifacts/LinuxPlayerBuildProgram/zbz95/p2978ozr1wa7.o
[ 567/1053  8s] C_Linux_x64_Clang Library/Bee/artifacts/LinuxPlayerBuildProgram/zbz95/3iy2az46kvfa.o
[ 568/1053  1s] C_Linux_x64_Clang Library/Bee/artifacts/LinuxPlayerBuildProgram/zbz95/vkvzuxdxytm3.o
[ 569/1053  0s] C_Linux_x64_Clang Library/Bee/artifacts/LinuxPlayerBuildProgram/zbz95/xuvmv4sceaof.o
[ 570/1053  2s] C_Linux_x64_Clang Library/Bee/artifacts/LinuxPlayerBuildProgram/zbz95/teyauwxbumj9.o
[ 571/1053  0s] C_Linux_x64_Clang Library/Bee/artifacts/LinuxPlayerBuildProgram/zbz95/4mkqbi1i72uf.o
[ 572/1053  1s] C_Linux_x64_Clang Library/Bee/artifacts/LinuxPlayerBuildProgram/zbz95/9u5jnoctla5j.o
[ 573/1053  7s] C_Linux_x64_Clang Library/Bee/artifacts/LinuxPlayerBuildProgram/zbz95/76a5y3br0zqt.o
[ 574/1053  6s] C_Linux_x64_Clang Library/Bee/artifacts/LinuxPlayerBuildProgram/zbz95/wemdkkdxn8v8.o
[ 575/1053  6s] C_Linux_x64_Clang Library/Bee/artifacts/LinuxPlayerBuildProgram/zbz95/v3em3qo6ovss.o
[ 576/1053  0s] C_Linux_x64_Clang Library/Bee/artifacts/LinuxPlayerBuildProgram/zbz95/ub8ic0nv6j6l.o
[ 577/1053  1s] C_Linux_x64_Clang Library/Bee/artifacts/LinuxPlayerBuildProgram/zbz95/naday9knldvj.o
[ 578/1053  8s] C_Linux_x64_Clang Library/Bee/artifacts/LinuxPlayerBuildProgram/zbz95/kfixegnx8p9q.o
[ 579/1053  5s] C_Linux_x64_Clang Library/Bee/artifacts/LinuxPlayerBuildProgram/zbz95/3kk57i1fctcr.o
[ 580/1053 16s] C_Linux_x64_Clang Library/Bee/artifacts/LinuxPlayerBuildProgram/zbz95/14xjz3to3e7t.o
[ 581/1053  5s] C_Linux_x64_Clang Library/Bee/artifacts/LinuxPlayerBuildProgram/zbz95/52xedqr1zdul.o
[ 582/1053  7s] C_Linux_x64_Clang Library/Bee/artifacts/LinuxPlayerBuildProgram/zbz95/77gpdncqxq37.o
[ 583/1053  6s] C_Linux_x64_Clang Library/Bee/artifacts/LinuxPlayerBuildProgram/zbz95/wmy62k33b84j.o
[ 584/1053  8s] C_Linux_x64_Clang Library/Bee/artifacts/LinuxPlayerBuildProgram/zbz95/yfm7x9d2vxyd.o
[ 585/1053  5s] C_Linux_x64_Clang Library/Bee/artifacts/LinuxPlayerBuildProgram/zbz95/aix1zvy7cevk.o
[ 586/1053  1s] C_Linux_x64_Clang Library/Bee/artifacts/LinuxPlayerBuildProgram/zbz95/bjn4nebk7scq.o
[ 587/1053  5s] C_Linux_x64_Clang Library/Bee/artifacts/LinuxPlayerBuildProgram/zbz95/ndxtfeq9w7ls.o
[ 588/1053  0s] CopyFiles Builds/Linux64/GameCoreProbe_BackUpThisFolder_ButDontShipItWithYourGame/il2cppOutput/mscorlib__5.cpp
[ 589/1053  0s] CopyFiles Builds/Linux64/GameCoreProbe_BackUpThisFolder_ButDontShipItWithYourGame/il2cppOutput/Unity.Burst.cpp
[ 590/1053  0s] CopyFiles Builds/Linux64/GameCoreProbe_BackUpThisFolder_ButDontShipItWithYourGame/il2cppOutput/mscorlib__1.cpp
[ 591/1053  0s] CopyFiles Builds/Linux64/GameCoreProbe_BackUpThisFolder_ButDontShipItWithYourGame/il2cppOutput/mscorlib__11.cpp
[ 592/1053  0s] CopyFiles Builds/Linux64/GameCoreProbe_BackUpThisFolder_ButDontShipItWithYourGame/il2cppOutput/mscorlib__13.cpp
[ 593/1053  0s] CopyFiles Builds/Linux64/GameCoreProbe_BackUpThisFolder_ButDontShipItWithYourGame/il2cppOutput/mscorlib__10.cpp
[ 594/1053  0s] CopyFiles Builds/Linux64/GameCoreProbe_BackUpThisFolder_ButDontShipItWithYourGame/il2cppOutput/mscorlib__12.cpp
[ 595/1053  0s] CopyFiles Builds/Linux64/GameCoreProbe_BackUpThisFolder_ButDontShipItWithYourGame/il2cppOutput/Generics__6.cpp
[ 596/1053  0s] CopyFiles Builds/Linux64/GameCoreProbe_BackUpThisFolder_ButDontShipItWithYourGame/il2cppOutput/Generics__61.cpp
[ 597/1053  0s] CopyFiles Builds/Linux64/GameCoreProbe_BackUpThisFolder_ButDontShipItWithYourGame/il2cppOutput/Generics__69.cpp
[ 598/1053  0s] CopyFiles Builds/Linux64/GameCoreProbe_BackUpThisFolder_ButDontShipItWithYourGame/il2cppOutput/Generics__84.cpp
[ 599/1053  0s] CopyFiles Builds/Linux64/GameCoreProbe_BackUpThisFolder_ButDontShipItWithYourGame/il2cppOutput/Generics__82.cpp
[ 600/1053  0s] CopyFiles Builds/Linux64/GameCoreProbe_BackUpThisFolder_ButDontShipItWithYourGame/il2cppOutput/Generics__85.cpp
[ 601/1053  0s] CopyFiles Builds/Linux64/GameCoreProbe_BackUpThisFolder_ButDontShipItWithYourGame/il2cppOutput/Generics__80.cpp
[ 602/1053  0s] CopyFiles Builds/Linux64/GameCoreProbe_BackUpThisFolder_ButDontShipItWithYourGame/il2cppOutput/Generics__88.cpp
[ 603/1053  0s] CopyFiles Builds/Linux64/GameCoreProbe_BackUpThisFolder_ButDontShipItWithYourGame/il2cppOutput/Generics__87.cpp
[ 604/1053  0s] CopyFiles Builds/Linux64/GameCoreProbe_BackUpThisFolder_ButDontShipItWithYourGame/il2cppOutput/Generics__83.cpp
[ 605/1053  0s] CopyFiles Builds/Linux64/GameCoreProbe_BackUpThisFolder_ButDontShipItWithYourGame/il2cppOutput/Generics__86.cpp
[ 606/1053  0s] CopyFiles Builds/Linux64/GameCoreProbe_BackUpThisFolder_ButDontShipItWithYourGame/il2cppOutput/Generics__89.cpp
[ 607/1053  0s] CopyFiles Builds/Linux64/GameCoreProbe_BackUpThisFolder_ButDontShipItWithYourGame/il2cppOutput/Generics__81.cpp
[ 608/1053  0s] CopyFiles Builds/Linux64/GameCoreProbe_BackUpThisFolder_ButDontShipItWithYourGame/il2cppOutput/Generics__8.cpp
[ 609/1053  0s] CopyFiles Builds/Linux64/GameCoreProbe_BackUpThisFolder_ButDontShipItWithYourGame/il2cppOutput/Il2CppRgctxTable.c
[ 610/1053  0s] CopyFiles Builds/Linux64/GameCoreProbe_BackUpThisFolder_ButDontShipItWithYourGame/il2cppOutput/GameCore.Validation.FamilyEntries_CodeGen.c
[ 611/1053  0s] CopyFiles Builds/Linux64/GameCoreProbe_BackUpThisFolder_ButDontShipItWithYourGame/il2cppOutput/System.cpp
[ 612/1053  0s] CopyFiles Builds/Linux64/GameCoreProbe_BackUpThisFolder_ButDontShipItWithYourGame/il2cppOutput/Generics__63.cpp
[ 613/1053  0s] CopyFiles Builds/Linux64/GameCoreProbe_BackUpThisFolder_ButDontShipItWithYourGame/il2cppOutput/Generics__66.cpp
[ 614/1053  0s] CopyFiles Builds/Linux64/GameCoreProbe_BackUpThisFolder_ButDontShipItWithYourGame/il2cppOutput/UnityEngine.TextCoreFontEngineModule_CodeGen.c
[ 615/1053  0s] CopyFiles Builds/Linux64/GameCoreProbe_BackUpThisFolder_ButDontShipItWithYourGame/il2cppOutput/UnityEngine.VideoModule.cpp
[ 616/1053  0s] CopyFiles Builds/Linux64/GameCoreProbe_BackUpThisFolder_ButDontShipItWithYourGame/il2cppOutput/UnityEngine.AssetBundleModule.cpp
[ 617/1053  0s] CopyFiles Builds/Linux64/GameCoreProbe_BackUpThisFolder_ButDontShipItWithYourGame/il2cppOutput/UnityEngine.ContentLoadModule.cpp
[ 618/1053  0s] CopyFiles Builds/Linux64/GameCoreProbe_BackUpThisFolder_ButDontShipItWithYourGame/il2cppOutput/UnityEngine.InputLegacyModule.cpp
[ 619/1053  0s] CopyFiles Builds/Linux64/GameCoreProbe_BackUpThisFolder_ButDontShipItWithYourGame/il2cppOutput/UnityEngine.AudioModule_CodeGen.c
[ 620/1053  0s] CopyFiles Builds/Linux64/GameCoreProbe_BackUpThisFolder_ButDontShipItWithYourGame/il2cppOutput/UnityEngine.IMGUIModule_CodeGen.c
[ 621/1053  0s] CopyFiles Builds/Linux64/GameCoreProbe_BackUpThisFolder_ButDontShipItWithYourGame/il2cppOutput/UnityEngine.InputModule_CodeGen.c
[ 622/1053  0s] CopyFiles Builds/Linux64/GameCoreProbe_BackUpThisFolder_ButDontShipItWithYourGame/il2cppOutput/UnityEngine.VideoModule_CodeGen.c
[ 623/1053  0s] CopyFiles Builds/Linux64/GameCoreProbe_BackUpThisFolder_ButDontShipItWithYourGame/Data/Resources/mscorlib.dll-resources.dat
[ 624/1053  0s] CopyFiles Builds/Linux64/GameCoreProbe_BackUpThisFolder_ButDontShipItWithYourGame/il2cppOutput/Il2CppCodeRegistration.cpp
[ 625/1053  0s] CopyFiles Builds/Linux64/GameCoreProbe_BackUpThisFolder_ButDontShipItWithYourGame/il2cppOutput/System__2.cpp
[ 626/1053  0s] CopyFiles Builds/Linux64/GameCoreProbe_BackUpThisFolder_ButDontShipItWithYourGame/il2cppOutput/mscorlib.cpp
[ 627/1053  0s] CopyFiles Builds/Linux64/GameCoreProbe_BackUpThisFolder_ButDontShipItWithYourGame/il2cppOutput/Unity.Serialization.cpp
[ 628/1053  0s] CopyFiles Builds/Linux64/GameCoreProbe_BackUpThisFolder_ButDontShipItWithYourGame/il2cppOutput/mscorlib__7.cpp
[ 629/1053  0s] CopyFiles Builds/Linux64/GameCoreProbe_BackUpThisFolder_ButDontShipItWithYourGame/il2cppOutput/Unity.Transforms.cpp
[ 630/1053  0s] CopyFiles Builds/Linux64/GameCoreProbe_BackUpThisFolder_ButDontShipItWithYourGame/il2cppOutput/Unity.Transforms_CodeGen.c
[ 631/1053  0s] CopyFiles Builds/Linux64/GameCoreProbe_BackUpThisFolder_ButDontShipItWithYourGame/il2cppOutput/Unity.Transforms.Hybrid.cpp
[ 632/1053  0s] CopyFiles Builds/Linux64/GameCoreProbe_BackUpThisFolder_ButDontShipItWithYourGame/il2cppOutput/Unity.Transforms.Hybrid_CodeGen.c
[ 633/1053  0s] CopyFiles Builds/Linux64/GameCoreProbe_BackUpThisFolder_ButDontShipItWithYourGame/il2cppOutput/Unity.Collections.LowLevel.ILSupport_CodeGen.c
[ 634/1053  0s] CopyFiles Builds/Linux64/GameCoreProbe_BackUpThisFolder_ButDontShipItWithYourGame/il2cppOutput/Generics__62.cpp
[ 635/1053  0s] CopyFiles Builds/Linux64/GameCoreProbe_BackUpThisFolder_ButDontShipItWithYourGame/il2cppOutput/Generics__64.cpp
[ 636/1053  0s] CopyFiles Builds/Linux64/GameCoreProbe_BackUpThisFolder_ButDontShipItWithYourGame/il2cppOutput/Generics__65.cpp
[ 637/1053  0s] CopyFiles Builds/Linux64/GameCoreProbe_BackUpThisFolder_ButDontShipItWithYourGame/il2cppOutput/Generics__60.cpp
[ 638/1053  0s] CopyFiles Builds/Linux64/GameCoreProbe_BackUpThisFolder_ButDontShipItWithYourGame/il2cppOutput/Generics__68.cpp
[ 639/1053  0s] CopyFiles Builds/Linux64/GameCoreProbe_BackUpThisFolder_ButDontShipItWithYourGame/il2cppOutput/Generics__67.cpp
[ 640/1053  0s] CopyFiles Builds/Linux64/GameCoreProbe_BackUpThisFolder_ButDontShipItWithYourGame/il2cppOutput/Unity.Serialization_CodeGen.c
[ 641/1053  0s] CopyFiles Builds/Linux64/GameCoreProbe_BackUpThisFolder_ButDontShipItWithYourGame/il2cppOutput/Unity.Entities.Hybrid.HybridComponents_CodeGen.c
[ 642/1053  0s] CopyFiles Builds/Linux64/GameCoreProbe_BackUpThisFolder_ButDontShipItWithYourGame/il2cppOutput/UnityEngine.TextCoreTextEngineModule__1.cpp
[ 643/1053  0s] CopyFiles Builds/Linux64/GameCoreProbe_BackUpThisFolder_ButDontShipItWithYourGame/il2cppOutput/UnityEngine.UnityWebRequestModule_CodeGen.c
[ 644/1053  0s] CopyFiles Builds/Linux64/GameCoreProbe_BackUpThisFolder_ButDontShipItWithYourGame/il2cppOutput/UnityEngine.SharedInternalsModule_CodeGen.c
[ 645/1053  0s] CopyFiles Builds/Linux64/GameCoreProbe_BackUpThisFolder_ButDontShipItWithYourGame/il2cppOutput/UnityEngine.TextCoreTextEngineModule__2.cpp
[ 646/1053  0s] CopyFiles Builds/Linux64/GameCoreProbe_BackUpThisFolder_ButDontShipItWithYourGame/il2cppOutput/UnityEngine.TextCoreTextEngineModule__3.cpp
[ 647/1053  0s] CopyFiles Builds/Linux64/GameCoreProbe_BackUpThisFolder_ButDontShipItWithYourGame/il2cppOutput/Generics__114.cpp
[ 648/1053  0s] CopyFiles Builds/Linux64/GameCoreProbe_BackUpThisFolder_ButDontShipItWithYourGame/il2cppOutput/Generics__106.cpp
[ 649/1053  0s] CopyFiles Builds/Linux64/GameCoreProbe_BackUpThisFolder_ButDontShipItWithYourGame/il2cppOutput/Generics__101.cpp
[ 650/1053  0s] CopyFiles Builds/Linux64/GameCoreProbe_BackUpThisFolder_ButDontShipItWithYourGame/il2cppOutput/Generics__102.cpp
[ 651/1053  0s] CopyFiles Builds/Linux64/GameCoreProbe_BackUpThisFolder_ButDontShipItWithYourGame/il2cppOutput/Generics__110.cpp
[ 652/1053  0s] CopyFiles Builds/Linux64/GameCoreProbe_BackUpThisFolder_ButDontShipItWithYourGame/il2cppOutput/Generics__105.cpp
[ 653/1053  0s] CopyFiles Builds/Linux64/GameCoreProbe_BackUpThisFolder_ButDontShipItWithYourGame/il2cppOutput/UnityEngine.InputModule.cpp
[ 654/1053  0s] CopyFiles Builds/Linux64/GameCoreProbe_BackUpThisFolder_ButDontShipItWithYourGame/il2cppOutput/Generics__115.cpp
[ 655/1053  0s] CopyFiles Builds/Linux64/GameCoreProbe_BackUpThisFolder_ButDontShipItWithYourGame/il2cppOutput/Generics__117.cpp
[ 656/1053  0s] CopyFiles Builds/Linux64/GameCoreProbe_BackUpThisFolder_ButDontShipItWithYourGame/il2cppOutput/Generics__113.cpp
[ 657/1053  0s] CopyFiles Builds/Linux64/GameCoreProbe_BackUpThisFolder_ButDontShipItWithYourGame/il2cppOutput/Generics__100.cpp
[ 658/1053  0s] CopyFiles Builds/Linux64/GameCoreProbe_BackUpThisFolder_ButDontShipItWithYourGame/il2cppOutput/Generics__107.cpp
[ 659/1053  0s] CopyFiles Builds/Linux64/GameCoreProbe_BackUpThisFolder_ButDontShipItWithYourGame/il2cppOutput/Generics__112.cpp
[ 660/1053  0s] CopyFiles Builds/Linux64/GameCoreProbe_BackUpThisFolder_ButDontShipItWithYourGame/il2cppOutput/Generics__111.cpp
[ 661/1053  0s] CopyFiles Builds/Linux64/GameCoreProbe_BackUpThisFolder_ButDontShipItWithYourGame/il2cppOutput/Generics__108.cpp
[ 662/1053  7s] C_Linux_x64_Clang Library/Bee/artifacts/LinuxPlayerBuildProgram/zbz95/mmjrtzablltn.o
[ 663/1053  0s] CopyFiles Builds/Linux64/GameCoreProbe_BackUpThisFolder_ButDontShipItWithYourGame/il2cppOutput/Generics__103.cpp
[ 664/1053  0s] CopyFiles Builds/Linux64/GameCoreProbe_BackUpThisFolder_ButDontShipItWithYourGame/il2cppOutput/Generics__104.cpp
[ 665/1053  0s] CopyFiles Builds/Linux64/GameCoreProbe_BackUpThisFolder_ButDontShipItWithYourGame/il2cppOutput/Generics__116.cpp
[ 666/1053  0s] CopyFiles Builds/Linux64/GameCoreProbe_BackUpThisFolder_ButDontShipItWithYourGame/il2cppOutput/Generics__109.cpp
[ 667/1053  0s] CopyFiles Builds/Linux64/GameCoreProbe_BackUpThisFolder_ButDontShipItWithYourGame/il2cppOutput/Generics__12.cpp
[ 668/1053  0s] CopyFiles Builds/Linux64/GameCoreProbe_BackUpThisFolder_ButDontShipItWithYourGame/il2cppOutput/UnityEngine.TextCoreTextEngineModule_CodeGen.c
[ 669/1053  0s] CopyFiles Builds/Linux64/GameCoreProbe_BackUpThisFolder_ButDontShipItWithYourGame/il2cppOutput/GameCore.Validation.Fixture.cpp
[ 670/1053  0s] CopyFiles Builds/Linux64/GameCoreProbe_BackUpThisFolder_ButDontShipItWithYourGame/il2cppOutput/Generics__118.cpp
[ 671/1053  0s] CopyFiles Builds/Linux64/GameCoreProbe_BackUpThisFolder_ButDontShipItWithYourGame/il2cppOutput/GameCore.Validation.Probe.cpp
[ 672/1053  0s] CopyFiles Builds/Linux64/GameCoreProbe_BackUpThisFolder_ButDontShipItWithYourGame/il2cppOutput/GameCore.Validation.ProbeHost__2.cpp
[ 673/1053  0s] CopyFiles Builds/Linux64/GameCoreProbe_BackUpThisFolder_ButDontShipItWithYourGame/il2cppOutput/GameCore.Validation.GeneratedCards.cpp
[ 674/1053  0s] CopyFiles Builds/Linux64/GameCoreProbe_BackUpThisFolder_ButDontShipItWithYourGame/il2cppOutput/GameCore.Validation.ProbeHost__3.cpp
[ 675/1053  0s] CopyFiles Builds/Linux64/GameCoreProbe_BackUpThisFolder_ButDontShipItWithYourGame/il2cppOutput/GameCore.Validation.Probe_CodeGen.c
[ 676/1053  0s] CopyFiles Builds/Linux64/GameCoreProbe_BackUpThisFolder_ButDontShipItWithYourGame/il2cppOutput/GameCore.Validation.FamilyEntries.cpp
[ 677/1053  0s] CopyFiles Builds/Linux64/GameCoreProbe_BackUpThisFolder_ButDontShipItWithYourGame/il2cppOutput/GameCore.Validation.Fixture_CodeGen.c
[ 678/1053  0s] CopyFiles Builds/Linux64/GameCoreProbe_BackUpThisFolder_ButDontShipItWithYourGame/il2cppOutput/GameCore.Validation.ProbeHost_CodeGen.c
[ 679/1053  0s] CopyFiles Builds/Linux64/GameCoreProbe_BackUpThisFolder_ButDontShipItWithYourGame/il2cppOutput/GameCore.Validation.Generated_CodeGen.c
[ 680/1053  0s] CopyFiles Builds/Linux64/GameCoreProbe_BackUpThisFolder_ButDontShipItWithYourGame/il2cppOutput/GameCore.Validation.ProbeHost__1.cpp
[ 681/1053  0s] CopyFiles Builds/Linux64/GameCoreProbe_BackUpThisFolder_ButDontShipItWithYourGame/il2cppOutput/GameCore.Gameplay.Narrative.Fixtures__1.cpp
[ 682/1053  0s] CopyFiles Builds/Linux64/GameCoreProbe_BackUpThisFolder_ButDontShipItWithYourGame/il2cppOutput/Il2CppCCTypeValuesTable.cpp
[ 683/1053  0s] CopyFiles Builds/Linux64/GameCoreProbe_BackUpThisFolder_ButDontShipItWithYourGame/il2cppOutput/GameCore.Validation.ProbeHost.cpp
[ 684/1053  0s] CopyFiles Builds/Linux64/GameCoreProbe_BackUpThisFolder_ButDontShipItWithYourGame/il2cppOutput/Generics__32.cpp
[ 685/1053  0s] CopyFiles Builds/Linux64/GameCoreProbe_BackUpThisFolder_ButDontShipItWithYourGame/il2cppOutput/Generics__34.cpp
[ 686/1053  0s] CopyFiles Builds/Linux64/GameCoreProbe_BackUpThisFolder_ButDontShipItWithYourGame/il2cppOutput/Generics__30.cpp
[ 687/1053  0s] CopyFiles Builds/Linux64/GameCoreProbe_BackUpThisFolder_ButDontShipItWithYourGame/il2cppOutput/Generics__38.cpp
[ 688/1053  0s] CopyFiles Builds/Linux64/GameCoreProbe_BackUpThisFolder_ButDontShipItWithYourGame/il2cppOutput/Generics__37.cpp
[ 689/1053  0s] CopyFiles Builds/Linux64/GameCoreProbe_BackUpThisFolder_ButDontShipItWithYourGame/il2cppOutput/Generics__33.cpp
[ 690/1053  0s] CopyFiles Builds/Linux64/GameCoreProbe_BackUpThisFolder_ButDontShipItWithYourGame/il2cppOutput/Generics__36.cpp
[ 691/1053  0s] CopyFiles Builds/Linux64/GameCoreProbe_BackUpThisFolder_ButDontShipItWithYourGame/il2cppOutput/Generics__35.cpp
[ 692/1053  0s] CopyFiles Builds/Linux64/GameCoreProbe_BackUpThisFolder_ButDontShipItWithYourGame/il2cppOutput/Generics__39.cpp
[ 693/1053  0s] CopyFiles Builds/Linux64/GameCoreProbe_BackUpThisFolder_ButDontShipItWithYourGame/il2cppOutput/Generics__31.cpp
[ 694/1053  0s] CopyFiles Builds/Linux64/GameCoreProbe_BackUpThisFolder_ButDontShipItWithYourGame/il2cppOutput/GameCore.Validation.Generated.cpp
[ 695/1053  0s] CopyFiles Builds/Linux64/GameCoreProbe_BackUpThisFolder_ButDontShipItWithYourGame/il2cppOutput/Generics__3.cpp
[ 696/1053  0s] CopyFiles Builds/Linux64/GameCoreProbe_BackUpThisFolder_ButDontShipItWithYourGame/il2cppOutput/GenericMethods__74.cpp
[ 697/1053  0s] CopyFiles Builds/Linux64/GameCoreProbe_BackUpThisFolder_ButDontShipItWithYourGame/il2cppOutput/GenericMethods__38.cpp
[ 698/1053  0s] CopyFiles Builds/Linux64/GameCoreProbe_BackUpThisFolder_ButDontShipItWithYourGame/il2cppOutput/GenericMethods__42.cpp
[ 699/1053  0s] CopyFiles Builds/Linux64/GameCoreProbe_BackUpThisFolder_ButDontShipItWithYourGame/il2cppOutput/GenericMethods__24.cpp
[ 700/1053  0s] CopyFiles Builds/Linux64/GameCoreProbe_BackUpThisFolder_ButDontShipItWithYourGame/il2cppOutput/GenericMethods__54.cpp
[ 701/1053  0s] CopyFiles Builds/Linux64/GameCoreProbe_BackUpThisFolder_ButDontShipItWithYourGame/il2cppOutput/GenericMethods__69.cpp
[ 702/1053  0s] CopyFiles Builds/Linux64/GameCoreProbe_BackUpThisFolder_ButDontShipItWithYourGame/il2cppOutput/GenericMethods__46.cpp
[ 703/1053  0s] CopyFiles Builds/Linux64/GameCoreProbe_BackUpThisFolder_ButDontShipItWithYourGame/il2cppOutput/GenericMethods__43.cpp
[ 704/1053  0s] CopyFiles Builds/Linux64/GameCoreProbe_BackUpThisFolder_ButDontShipItWithYourGame/il2cppOutput/GenericMethods__77.cpp
[ 705/1053  0s] CopyFiles Builds/Linux64/GameCoreProbe_BackUpThisFolder_ButDontShipItWithYourGame/il2cppOutput/GenericMethods__33.cpp
[ 706/1053  0s] CopyFiles Builds/Linux64/GameCoreProbe_BackUpThisFolder_ButDontShipItWithYourGame/il2cppOutput/GenericMethods__31.cpp
[ 707/1053  0s] CopyFiles Builds/Linux64/GameCoreProbe_BackUpThisFolder_ButDontShipItWithYourGame/il2cppOutput/UnityEngine.AudioModule.cpp
[ 708/1053  0s] CopyFiles Builds/Linux64/GameCoreProbe_BackUpThisFolder_ButDontShipItWithYourGame/il2cppOutput/GenericMethods__11.cpp
[ 709/1053  0s] CopyFiles Builds/Linux64/GameCoreProbe_BackUpThisFolder_ButDontShipItWithYourGame/il2cppOutput/GenericMethods__47.cpp
[ 710/1053  0s] CopyFiles Builds/Linux64/GameCoreProbe_BackUpThisFolder_ButDontShipItWithYourGame/il2cppOutput/GenericMethods__72.cpp
[ 711/1053  0s] CopyFiles Builds/Linux64/GameCoreProbe_BackUpThisFolder_ButDontShipItWithYourGame/il2cppOutput/GenericMethods__50.cpp
[ 712/1053  0s] CopyFiles Builds/Linux64/GameCoreProbe_BackUpThisFolder_ButDontShipItWithYourGame/il2cppOutput/GenericMethods__66.cpp
[ 713/1053  0s] CopyFiles Builds/Linux64/GameCoreProbe_BackUpThisFolder_ButDontShipItWithYourGame/il2cppOutput/GenericMethods__68.cpp
[ 714/1053  0s] CopyFiles Builds/Linux64/GameCoreProbe_BackUpThisFolder_ButDontShipItWithYourGame/il2cppOutput/GenericMethods__18.cpp
[ 715/1053  0s] CopyFiles Builds/Linux64/GameCoreProbe_BackUpThisFolder_ButDontShipItWithYourGame/il2cppOutput/GenericMethods__19.cpp
[ 716/1053  0s] CopyFiles Builds/Linux64/GameCoreProbe_BackUpThisFolder_ButDontShipItWithYourGame/il2cppOutput/GenericMethods__26.cpp
[ 717/1053  0s] CopyFiles Builds/Linux64/GameCoreProbe_BackUpThisFolder_ButDontShipItWithYourGame/il2cppOutput/GenericMethods__37.cpp
[ 718/1053  0s] CopyFiles Builds/Linux64/GameCoreProbe_BackUpThisFolder_ButDontShipItWithYourGame/il2cppOutput/GenericMethods__21.cpp
[ 719/1053  0s] CopyFiles Builds/Linux64/GameCoreProbe_BackUpThisFolder_ButDontShipItWithYourGame/il2cppOutput/GenericMethods__13.cpp
[ 720/1053  0s] CopyFiles Builds/Linux64/GameCoreProbe_BackUpThisFolder_ButDontShipItWithYourGame/il2cppOutput/GenericMethods__40.cpp
[ 721/1053  0s] CopyFiles Builds/Linux64/GameCoreProbe_BackUpThisFolder_ButDontShipItWithYourGame/il2cppOutput/GenericMethods__28.cpp
[ 722/1053  0s] CopyFiles Builds/Linux64/GameCoreProbe_BackUpThisFolder_ButDontShipItWithYourGame/il2cppOutput/GenericMethods__45.cpp
[ 723/1053  0s] CopyFiles Builds/Linux64/GameCoreProbe_BackUpThisFolder_ButDontShipItWithYourGame/il2cppOutput/System_CodeGen.c
[ 724/1053  0s] CopyFiles Builds/Linux64/GameCoreProbe_BackUpThisFolder_ButDontShipItWithYourGame/il2cppOutput/UnityEngine.UnityAnalyticsCommonModule_CodeGen.c
[ 725/1053  0s] CopyFiles Builds/Linux64/GameCoreProbe_BackUpThisFolder_ButDontShipItWithYourGame/il2cppOutput/GameCore.Unity.Adapters_CodeGen.c
[ 726/1053  0s] CopyFiles Builds/Linux64/GameCoreProbe_BackUpThisFolder_ButDontShipItWithYourGame/il2cppOutput/GameCore.Unity.Fixtures.cpp
[ 727/1053  0s] CopyFiles Builds/Linux64/GameCoreProbe_BackUpThisFolder_ButDontShipItWithYourGame/il2cppOutput/GameCore.Unity.Fixtures_CodeGen.c
[ 728/1053  0s] CopyFiles Builds/Linux64/GameCoreProbe_BackUpThisFolder_ButDontShipItWithYourGame/il2cppOutput/GameCore.Unity.Adapters.cpp
[ 729/1053  0s] CopyFiles Builds/Linux64/GameCoreProbe_BackUpThisFolder_ButDontShipItWithYourGame/il2cppOutput/GameCore.Unity.Fixtures__1.cpp
[ 730/1053  0s] CopyFiles Builds/Linux64/GameCoreProbe_BackUpThisFolder_ButDontShipItWithYourGame/il2cppOutput/GameCore.Unity.Runtime.cpp
[ 731/1053  0s] CopyFiles Builds/Linux64/GameCoreProbe_BackUpThisFolder_ButDontShipItWithYourGame/il2cppOutput/GameCore.Unity.Runtime_CodeGen.c
[ 732/1053  0s] CopyFiles Builds/Linux64/GameCoreProbe_BackUpThisFolder_ButDontShipItWithYourGame/il2cppOutput/GameCore.Unity.Runtime__3.cpp
[ 733/1053  0s] CopyFiles Builds/Linux64/GameCoreProbe_BackUpThisFolder_ButDontShipItWithYourGame/il2cppOutput/GameCore.Unity.Runtime__2.cpp
[ 734/1053  0s] CopyFiles Builds/Linux64/GameCoreProbe_BackUpThisFolder_ButDontShipItWithYourGame/il2cppOutput/GameCore.Unity.Runtime__1.cpp
[ 735/1053  0s] CopyFiles Builds/Linux64/GameCoreProbe_BackUpThisFolder_ButDontShipItWithYourGame/il2cppOutput/GenericMethods__57.cpp
[ 736/1053  0s] CopyFiles Builds/Linux64/GameCoreProbe_Data/il2cpp_data/Metadata/global-metadata.dat
[ 737/1053  0s] CopyFiles Builds/Linux64/GameCoreProbe_BackUpThisFolder_ButDontShipItWithYourGame/il2cppOutput/GenericMethods__1.cpp
[ 738/1053  0s] CopyFiles Builds/Linux64/GameCoreProbe_BackUpThisFolder_ButDontShipItWithYourGame/il2cppOutput/GenericMethods__9.cpp
[ 739/1053  0s] CopyFiles Builds/Linux64/GameCoreProbe_BackUpThisFolder_ButDontShipItWithYourGame/il2cppOutput/GenericMethods__8.cpp
[ 740/1053  0s] CopyFiles Builds/Linux64/GameCoreProbe_BackUpThisFolder_ButDontShipItWithYourGame/il2cppOutput/GenericMethods__4.cpp
[ 741/1053  0s] CopyFiles Builds/Linux64/GameCoreProbe_BackUpThisFolder_ButDontShipItWithYourGame/il2cppOutput/GenericMethods__6.cpp
[ 742/1053  0s] CopyFiles Builds/Linux64/GameCoreProbe_BackUpThisFolder_ButDontShipItWithYourGame/il2cppOutput/GenericMethods__7.cpp
[ 743/1053  7s] C_Linux_x64_Clang Library/Bee/artifacts/LinuxPlayerBuildProgram/zbz95/fbg5u0bbn7fu.o
[ 744/1053  0s] CopyFiles Builds/Linux64/GameCoreProbe_BackUpThisFolder_ButDontShipItWithYourGame/il2cppOutput/GenericMethods__3.cpp
[ 745/1053  0s] CopyFiles Builds/Linux64/GameCoreProbe_BackUpThisFolder_ButDontShipItWithYourGame/il2cppOutput/GenericMethods__55.cpp
[ 746/1053  0s] CopyFiles Builds/Linux64/GameCoreProbe_BackUpThisFolder_ButDontShipItWithYourGame/il2cppOutput/GenericMethods__5.cpp
[ 747/1053  0s] CopyFiles Builds/Linux64/GameCoreProbe_BackUpThisFolder_ButDontShipItWithYourGame/il2cppOutput/GenericMethods__2.cpp
[ 748/1053 10s] C_Linux_x64_Clang Library/Bee/artifacts/LinuxPlayerBuildProgram/zbz95/byrfxzfndbf2.o
[ 749/1053  0s] CopyFiles Builds/Linux64/GameCoreProbe_BackUpThisFolder_ButDontShipItWithYourGame/il2cppOutput/GenericMethods.cpp
[ 750/1053  0s] CopyFiles Builds/Linux64/GameCoreProbe_BackUpThisFolder_ButDontShipItWithYourGame/il2cppOutput/GenericMethods__64.cpp
[ 751/1053  0s] CopyFiles Builds/Linux64/GameCoreProbe_BackUpThisFolder_ButDontShipItWithYourGame/il2cppOutput/GenericMethods__25.cpp
[ 752/1053  0s] CopyFiles Builds/Linux64/GameCoreProbe_BackUpThisFolder_ButDontShipItWithYourGame/il2cppOutput/GenericMethods__22.cpp
[ 753/1053 12s] C_Linux_x64_Clang Library/Bee/artifacts/LinuxPlayerBuildProgram/zbz95/hxw07t6j52js.o
[ 754/1053  0s] CopyFiles Builds/Linux64/GameCoreProbe_BackUpThisFolder_ButDontShipItWithYourGame/il2cppOutput/GenericMethods__52.cpp
[ 755/1053  0s] CopyFiles Builds/Linux64/GameCoreProbe_BackUpThisFolder_ButDontShipItWithYourGame/il2cppOutput/GenericMethods__81.cpp
[ 756/1053  0s] CopyFiles Builds/Linux64/GameCoreProbe_BackUpThisFolder_ButDontShipItWithYourGame/il2cppOutput/GenericMethods__60.cpp
[ 757/1053  0s] CopyFiles Builds/Linux64/GameCoreProbe_BackUpThisFolder_ButDontShipItWithYourGame/il2cppOutput/GenericMethods__59.cpp
[ 758/1053  0s] CopyFiles Builds/Linux64/GameCoreProbe_BackUpThisFolder_ButDontShipItWithYourGame/il2cppOutput/GenericMethods__23.cpp
[ 759/1053 11s] C_Linux_x64_Clang Library/Bee/artifacts/LinuxPlayerBuildProgram/zbz95/e9svpw917mmj.o
[ 760/1053  0s] CopyFiles Builds/Linux64/GameCoreProbe_BackUpThisFolder_ButDontShipItWithYourGame/il2cppOutput/GenericMethods__34.cpp
[ 761/1053  0s] CopyFiles Builds/Linux64/GameCoreProbe_BackUpThisFolder_ButDontShipItWithYourGame/il2cppOutput/GenericMethods__67.cpp
[ 762/1053  0s] CopyFiles Builds/Linux64/GameCoreProbe_BackUpThisFolder_ButDontShipItWithYourGame/il2cppOutput/GenericMethods__62.cpp
[ 763/1053  0s] CopyFiles Builds/Linux64/GameCoreProbe_BackUpThisFolder_ButDontShipItWithYourGame/il2cppOutput/GenericMethods__79.cpp
[ 764/1053  0s] CopyFiles Builds/Linux64/GameCoreProbe_BackUpThisFolder_ButDontShipItWithYourGame/il2cppOutput/GenericMethods__36.cpp
[ 765/1053  0s] CopyFiles Builds/Linux64/GameCoreProbe_BackUpThisFolder_ButDontShipItWithYourGame/il2cppOutput/GenericMethods__71.cpp
[ 766/1053  0s] CopyFiles Builds/Linux64/GameCoreProbe_BackUpThisFolder_ButDontShipItWithYourGame/il2cppOutput/GenericMethods__51.cpp
[ 767/1053  0s] CopyFiles Builds/Linux64/GameCoreProbe_BackUpThisFolder_ButDontShipItWithYourGame/il2cppOutput/GameCore.Rules.Cards.cpp
[ 768/1053  0s] CopyFiles Builds/Linux64/GameCoreProbe_BackUpThisFolder_ButDontShipItWithYourGame/il2cppOutput/GameCore.Rules.Narrative.cpp
[ 769/1053  0s] CopyFiles Builds/Linux64/GameCoreProbe_BackUpThisFolder_ButDontShipItWithYourGame/il2cppOutput/Generics__19.cpp
[ 770/1053  0s] CopyFiles Builds/Linux64/GameCoreProbe_BackUpThisFolder_ButDontShipItWithYourGame/il2cppOutput/Generics__11.cpp
[ 771/1053  0s] CopyFiles Builds/Linux64/GameCoreProbe_BackUpThisFolder_ButDontShipItWithYourGame/il2cppOutput/Generics__1.cpp
[ 772/1053  0s] CopyFiles Builds/Linux64/GameCoreProbe_BackUpThisFolder_ButDontShipItWithYourGame/il2cppOutput/mscorlib__6.cpp
[ 773/1053  0s] CopyFiles Builds/Linux64/GameCoreProbe_BackUpThisFolder_ButDontShipItWithYourGame/il2cppOutput/GenericMethods__56.cpp
[ 774/1053  0s] CopyFiles Builds/Linux64/GameCoreProbe_BackUpThisFolder_ButDontShipItWithYourGame/il2cppOutput/GameCore.Rules.Narrative_CodeGen.c
[ 775/1053 12s] C_Linux_x64_Clang Library/Bee/artifacts/LinuxPlayerBuildProgram/zbz95/k5899kdfgqie.o
[ 776/1053  0s] CopyFiles Builds/Linux64/GameCoreProbe_BackUpThisFolder_ButDontShipItWithYourGame/il2cppOutput/Generics__15.cpp
[ 777/1053  0s] CopyFiles Builds/Linux64/GameCoreProbe_BackUpThisFolder_ButDontShipItWithYourGame/il2cppOutput/Generics__18.cpp
[ 778/1053  0s] CopyFiles Builds/Linux64/GameCoreProbe_BackUpThisFolder_ButDontShipItWithYourGame/il2cppOutput/Generics__16.cpp
[ 779/1053  0s] CopyFiles Builds/Linux64/GameCoreProbe_BackUpThisFolder_ButDontShipItWithYourGame/il2cppOutput/Generics__14.cpp
[ 780/1053  0s] CopyFiles Builds/Linux64/GameCoreProbe_BackUpThisFolder_ButDontShipItWithYourGame/il2cppOutput/Generics__13.cpp
[ 781/1053  0s] CopyFiles Builds/Linux64/GameCoreProbe_BackUpThisFolder_ButDontShipItWithYourGame/il2cppOutput/Generics__10.cpp
[ 782/1053  0s] CopyFiles Builds/Linux64/GameCoreProbe_BackUpThisFolder_ButDontShipItWithYourGame/il2cppOutput/Generics__17.cpp
[ 783/1053  0s] CopyFiles Builds/Linux64/GameCoreProbe_BackUpThisFolder_ButDontShipItWithYourGame/il2cppOutput/GenericMethods__65.cpp
[ 784/1053  0s] CopyFiles Builds/Linux64/GameCoreProbe_BackUpThisFolder_ButDontShipItWithYourGame/il2cppOutput/GenericMethods__48.cpp
[ 785/1053  0s] CopyFiles Builds/Linux64/GameCoreProbe_BackUpThisFolder_ButDontShipItWithYourGame/il2cppOutput/GenericMethods__58.cpp
[ 786/1053  0s] CopyFiles Builds/Linux64/GameCoreProbe_BackUpThisFolder_ButDontShipItWithYourGame/il2cppOutput/GameCore.Rules.Cards_CodeGen.c
[ 787/1053  0s] CopyFiles Builds/Linux64/GameCoreProbe_BackUpThisFolder_ButDontShipItWithYourGame/il2cppOutput/GenericMethods__44.cpp
[ 788/1053  0s] CopyFiles Builds/Linux64/GameCoreProbe_BackUpThisFolder_ButDontShipItWithYourGame/il2cppOutput/GenericMethods__39.cpp
[ 789/1053  0s] CopyFiles Builds/Linux64/GameCoreProbe_BackUpThisFolder_ButDontShipItWithYourGame/il2cppOutput/GenericMethods__17.cpp
[ 790/1053  0s] CopyFiles Builds/Linux64/GameCoreProbe_BackUpThisFolder_ButDontShipItWithYourGame/il2cppOutput/GenericMethods__29.cpp
[ 791/1053  0s] CopyFiles Builds/Linux64/GameCoreProbe_BackUpThisFolder_ButDontShipItWithYourGame/il2cppOutput/GenericMethods__80.cpp
[ 792/1053  0s] CopyFiles Builds/Linux64/GameCoreProbe_BackUpThisFolder_ButDontShipItWithYourGame/il2cppOutput/GenericMethods__35.cpp
[ 793/1053  0s] CopyFiles Builds/Linux64/GameCoreProbe_BackUpThisFolder_ButDontShipItWithYourGame/il2cppOutput/GenericMethods__12.cpp
[ 794/1053  0s] CopyFiles Builds/Linux64/GameCoreProbe_BackUpThisFolder_ButDontShipItWithYourGame/il2cppOutput/GenericMethods__20.cpp
[ 795/1053  0s] CopyFiles Builds/Linux64/GameCoreProbe_BackUpThisFolder_ButDontShipItWithYourGame/il2cppOutput/GenericMethods__75.cpp
[ 796/1053  0s] CopyFiles Builds/Linux64/GameCoreProbe_BackUpThisFolder_ButDontShipItWithYourGame/il2cppOutput/GenericMethods__73.cpp
[ 797/1053  0s] CopyFiles Builds/Linux64/GameCoreProbe_BackUpThisFolder_ButDontShipItWithYourGame/il2cppOutput/GenericMethods__63.cpp
[ 798/1053  0s] CopyFiles Builds/Linux64/GameCoreProbe_BackUpThisFolder_ButDontShipItWithYourGame/il2cppOutput/GenericMethods__70.cpp
[ 799/1053  0s] CopyFiles Builds/Linux64/GameCoreProbe_BackUpThisFolder_ButDontShipItWithYourGame/il2cppOutput/GenericMethods__30.cpp
[ 800/1053  0s] CopyFiles Builds/Linux64/GameCoreProbe_BackUpThisFolder_ButDontShipItWithYourGame/il2cppOutput/GenericMethods__53.cpp
[ 801/1053  0s] CopyFiles Builds/Linux64/GameCoreProbe_BackUpThisFolder_ButDontShipItWithYourGame/il2cppOutput/GenericMethods__61.cpp
[ 802/1053  0s] CopyFiles Builds/Linux64/GameCoreProbe_BackUpThisFolder_ButDontShipItWithYourGame/il2cppOutput/GenericMethods__32.cpp
[ 803/1053  0s] CopyFiles Builds/Linux64/GameCoreProbe_BackUpThisFolder_ButDontShipItWithYourGame/il2cppOutput/GenericMethods__41.cpp
[ 804/1053  0s] CopyFiles Builds/Linux64/GameCoreProbe_BackUpThisFolder_ButDontShipItWithYourGame/il2cppOutput/GenericMethods__14.cpp
[ 805/1053  0s] CopyFiles Builds/Linux64/GameCoreProbe_BackUpThisFolder_ButDontShipItWithYourGame/il2cppOutput/GenericMethods__49.cpp
[ 806/1053  6s] C_Linux_x64_Clang Library/Bee/artifacts/LinuxPlayerBuildProgram/zbz95/g8dptt1tem83.o
[ 807/1053  0s] CopyFiles Builds/Linux64/GameCoreProbe_BackUpThisFolder_ButDontShipItWithYourGame/il2cppOutput/Generics__93.cpp
[ 808/1053  0s] CopyFiles Builds/Linux64/GameCoreProbe_BackUpThisFolder_ButDontShipItWithYourGame/il2cppOutput/GenericMethods__15.cpp
[ 809/1053  0s] CopyFiles Builds/Linux64/GameCoreProbe_BackUpThisFolder_ButDontShipItWithYourGame/il2cppOutput/GenericMethods__10.cpp
[ 810/1053  0s] CopyFiles Builds/Linux64/GameCoreProbe_BackUpThisFolder_ButDontShipItWithYourGame/il2cppOutput/GenericMethods__76.cpp
[ 811/1053  0s] CopyFiles Builds/Linux64/GameCoreProbe_BackUpThisFolder_ButDontShipItWithYourGame/il2cppOutput/GenericMethods__16.cpp
[ 812/1053  0s] CopyFiles Builds/Linux64/GameCoreProbe_BackUpThisFolder_ButDontShipItWithYourGame/il2cppOutput/GenericMethods__27.cpp
[ 813/1053  0s] CopyFiles Builds/Linux64/GameCoreProbe_BackUpThisFolder_ButDontShipItWithYourGame/il2cppOutput/GenericMethods__78.cpp
[ 814/1053  0s] CopyFiles Builds/Linux64/GameCoreProbe_BackUpThisFolder_ButDontShipItWithYourGame/il2cppOutput/Generics__94.cpp
[ 815/1053  0s] CopyFiles Builds/Linux64/GameCoreProbe_BackUpThisFolder_ButDontShipItWithYourGame/il2cppOutput/Generics__97.cpp
[ 816/1053  0s] CopyFiles Builds/Linux64/GameCoreProbe_BackUpThisFolder_ButDontShipItWithYourGame/il2cppOutput/Generics__90.cpp
[ 817/1053  0s] CopyFiles Builds/Linux64/GameCoreProbe_BackUpThisFolder_ButDontShipItWithYourGame/il2cppOutput/Generics__92.cpp
[ 818/1053  0s] CopyFiles Builds/Linux64/GameCoreProbe_BackUpThisFolder_ButDontShipItWithYourGame/il2cppOutput/Generics__95.cpp
[ 819/1053  0s] CopyFiles Builds/Linux64/GameCoreProbe_BackUpThisFolder_ButDontShipItWithYourGame/il2cppOutput/GameCore.Composition__1.cpp
[ 820/1053  0s] CopyFiles Builds/Linux64/GameCoreProbe_BackUpThisFolder_ButDontShipItWithYourGame/il2cppOutput/mscorlib__9.cpp
[ 821/1053  0s] CopyFiles Builds/Linux64/GameCoreProbe_BackUpThisFolder_ButDontShipItWithYourGame/il2cppOutput/Generics__98.cpp
[ 822/1053  0s] CopyFiles Builds/Linux64/GameCoreProbe_BackUpThisFolder_ButDontShipItWithYourGame/Data/Metadata/global-metadata.dat
[ 823/1053  0s] CopyFiles Builds/Linux64/GameCoreProbe_BackUpThisFolder_ButDontShipItWithYourGame/il2cppOutput/__Generated_CodeGen.c
[ 824/1053  0s] CopyFiles Builds/Linux64/GameCoreProbe_BackUpThisFolder_ButDontShipItWithYourGame/il2cppOutput/Unity.Entities.Hybrid.HybridComponents.cpp
[ 825/1053  0s] CopyFiles Builds/Linux64/GameCoreProbe_BackUpThisFolder_ButDontShipItWithYourGame/il2cppOutput/Generics__96.cpp
[ 826/1053  0s] CopyFiles Builds/Linux64/GameCoreProbe_BackUpThisFolder_ButDontShipItWithYourGame/il2cppOutput/GameCore.Contracts_CodeGen.c
[ 827/1053  0s] CopyFiles Builds/Linux64/GameCoreProbe_BackUpThisFolder_ButDontShipItWithYourGame/il2cppOutput/Unity.Entities__7.cpp
[ 828/1053  0s] CopyFiles Builds/Linux64/GameCoreProbe_BackUpThisFolder_ButDontShipItWithYourGame/il2cppOutput/GameCore.Contracts.cpp
[ 829/1053  0s] CopyFiles Builds/Linux64/GameCoreProbe_BackUpThisFolder_ButDontShipItWithYourGame/il2cppOutput/Unity.Entities.cpp
[ 830/1053  0s] CopyFiles Builds/Linux64/GameCoreProbe_BackUpThisFolder_ButDontShipItWithYourGame/il2cppOutput/Unity.Entities_CodeGen.c
[ 831/1053  0s] CopyFiles Builds/Linux64/GameCoreProbe_BackUpThisFolder_ButDontShipItWithYourGame/il2cppOutput/Unity.Entities.Hybrid.cpp
[ 832/1053  0s] CopyFiles Builds/Linux64/GameCoreProbe_BackUpThisFolder_ButDontShipItWithYourGame/il2cppOutput/mscorlib__4.cpp
[ 833/1053  0s] CopyFiles Builds/Linux64/GameCoreProbe_BackUpThisFolder_ButDontShipItWithYourGame/il2cppOutput/Unity.Entities__5.cpp
[ 834/1053  0s] CopyFiles Builds/Linux64/GameCoreProbe_BackUpThisFolder_ButDontShipItWithYourGame/il2cppOutput/GameCore.Composition_CodeGen.c
[ 835/1053  0s] CopyFiles Builds/Linux64/GameCoreProbe_BackUpThisFolder_ButDontShipItWithYourGame/il2cppOutput/Unity.Entities__4.cpp
[ 836/1053  0s] CopyFiles Builds/Linux64/GameCoreProbe_BackUpThisFolder_ButDontShipItWithYourGame/il2cppOutput/GameCore.Composition.cpp
[ 837/1053  0s] CopyFiles Builds/Linux64/GameCoreProbe_BackUpThisFolder_ButDontShipItWithYourGame/il2cppOutput/Unity.Entities__3.cpp
[ 838/1053  0s] CopyFiles Builds/Linux64/GameCoreProbe_BackUpThisFolder_ButDontShipItWithYourGame/il2cppOutput/GameCore.Planning_CodeGen.c
[ 839/1053  0s] CopyFiles Builds/Linux64/GameCoreProbe_BackUpThisFolder_ButDontShipItWithYourGame/il2cppOutput/Unity.Entities__2.cpp
[ 840/1053  0s] CopyFiles Builds/Linux64/GameCoreProbe_BackUpThisFolder_ButDontShipItWithYourGame/il2cppOutput/analytics.json
[ 841/1053  0s] CopyFiles Builds/Linux64/GameCoreProbe_BackUpThisFolder_ButDontShipItWithYourGame/il2cppOutput/GameCore.Planning.cpp
[ 842/1053  0s] CopyFiles Builds/Linux64/GameCoreProbe_BackUpThisFolder_ButDontShipItWithYourGame/il2cppOutput/GameCore.Planning__2.cpp
[ 843/1053  0s] CopyFiles Builds/Linux64/GameCoreProbe_BackUpThisFolder_ButDontShipItWithYourGame/il2cppOutput/System.Core.cpp
[ 844/1053  0s] CopyFiles Builds/Linux64/GameCoreProbe_BackUpThisFolder_ButDontShipItWithYourGame/il2cppOutput/GameCore.Planning__1.cpp
[ 845/1053  0s] CopyFiles Builds/Linux64/GameCoreProbe_BackUpThisFolder_ButDontShipItWithYourGame/il2cppOutput/Il2CppCCFieldValuesTable.cpp
[ 846/1053  0s] CopyFiles Builds/Linux64/GameCoreProbe_BackUpThisFolder_ButDontShipItWithYourGame/il2cppOutput/Unity.Entities__6.cpp
[ 847/1053  0s] CopyFiles Builds/Linux64/GameCoreProbe_BackUpThisFolder_ButDontShipItWithYourGame/il2cppOutput/Unity.Collections_CodeGen.c
[ 848/1053  0s] CopyFiles Builds/Linux64/GameCoreProbe_BackUpThisFolder_ButDontShipItWithYourGame/il2cppOutput/Generics__26.cpp
[ 849/1053  0s] CopyFiles Builds/Linux64/GameCoreProbe_BackUpThisFolder_ButDontShipItWithYourGame/il2cppOutput/Generics__23.cpp
[ 850/1053  0s] CopyFiles Builds/Linux64/GameCoreProbe_BackUpThisFolder_ButDontShipItWithYourGame/il2cppOutput/Generics__2.cpp
[ 851/1053  0s] CopyFiles Builds/Linux64/GameCoreProbe_BackUpThisFolder_ButDontShipItWithYourGame/il2cppOutput/Unity.Collections.cpp
[ 852/1053  0s] CopyFiles Builds/Linux64/GameCoreProbe_BackUpThisFolder_ButDontShipItWithYourGame/il2cppOutput/Unity.Collections.LowLevel.ILSupport.cpp
[ 853/1053  0s] CopyFiles Builds/Linux64/GameCoreProbe_BackUpThisFolder_ButDontShipItWithYourGame/il2cppOutput/Generics__29.cpp
[ 854/1053  0s] CopyFiles Builds/Linux64/GameCoreProbe_BackUpThisFolder_ButDontShipItWithYourGame/il2cppOutput/Generics__99.cpp
[ 855/1053  8s] C_Linux_x64_Clang Library/Bee/artifacts/LinuxPlayerBuildProgram/zbz95/05g64zm9ul4c.o
[ 856/1053  0s] CopyFiles Builds/Linux64/GameCoreProbe_BackUpThisFolder_ButDontShipItWithYourGame/il2cppOutput/Generics__20.cpp
[ 857/1053  0s] CopyFiles Builds/Linux64/GameCoreProbe_BackUpThisFolder_ButDontShipItWithYourGame/il2cppOutput/Generics__25.cpp
[ 858/1053  0s] CopyFiles Builds/Linux64/GameCoreProbe_BackUpThisFolder_ButDontShipItWithYourGame/il2cppOutput/Generics__27.cpp
[ 859/1053  0s] CopyFiles Builds/Linux64/GameCoreProbe_BackUpThisFolder_ButDontShipItWithYourGame/il2cppOutput/Generics__28.cpp
[ 860/1053  0s] CopyFiles Builds/Linux64/GameCoreProbe_BackUpThisFolder_ButDontShipItWithYourGame/il2cppOutput/GameCore.Gameplay.Narrative_CodeGen.c
[ 861/1053  0s] CopyFiles Builds/Linux64/GameCoreProbe_Data/il2cpp_data/Resources/mscorlib.dll-resources.dat
[ 862/1053  0s] CopyFiles Builds/Linux64/GameCoreProbe_BackUpThisFolder_ButDontShipItWithYourGame/il2cppOutput/GameCore.Gameplay.Cards.Fixtures_CodeGen.c
[ 863/1053  0s] CopyFiles Builds/Linux64/GameCoreProbe_BackUpThisFolder_ButDontShipItWithYourGame/il2cppOutput/__Generated.cpp
[ 864/1053  0s] CopyFiles Builds/Linux64/GameCoreProbe_BackUpThisFolder_ButDontShipItWithYourGame/il2cppOutput/Generics__24.cpp
[ 865/1053  0s] CopyFiles Builds/Linux64/GameCoreProbe_BackUpThisFolder_ButDontShipItWithYourGame/il2cppOutput/Generics__22.cpp
[ 866/1053  0s] CopyFiles Builds/Linux64/GameCoreProbe_BackUpThisFolder_ButDontShipItWithYourGame/il2cppOutput/Il2CppTypeDefinitions.c
[ 867/1053  4s] C_Linux_x64_Clang Library/Bee/artifacts/LinuxPlayerBuildProgram/zbz95/pbvk4l43durq.o
[ 868/1053  7s] C_Linux_x64_Clang Library/Bee/artifacts/LinuxPlayerBuildProgram/zbz95/svw6bxguoeo2.o
[ 869/1053  6s] C_Linux_x64_Clang Library/Bee/artifacts/LinuxPlayerBuildProgram/zbz95/asj5ub1h4qit.o
[ 870/1053  8s] C_Linux_x64_Clang Library/Bee/artifacts/LinuxPlayerBuildProgram/zbz95/9m2oekww4u61.o
[ 871/1053  0s] CopyFiles Builds/Linux64/GameCoreProbe_BackUpThisFolder_ButDontShipItWithYourGame/il2cppOutput/GameCore.Derivation__2.cpp
[ 872/1053  0s] CopyFiles Builds/Linux64/GameCoreProbe_BackUpThisFolder_ButDontShipItWithYourGame/il2cppOutput/GameCore.Derivation.cpp
[ 873/1053  0s] CopyFiles Builds/Linux64/GameCoreProbe_BackUpThisFolder_ButDontShipItWithYourGame/il2cppOutput/GameCore.Derivation_CodeGen.c
[ 874/1053  0s] CopyFiles Builds/Linux64/GameCoreProbe_BackUpThisFolder_ButDontShipItWithYourGame/il2cppOutput/GameCore.Derivation__1.cpp
[ 875/1053  0s] CopyFiles Builds/Linux64/GameCoreProbe_BackUpThisFolder_ButDontShipItWithYourGame/il2cppOutput/Generics__21.cpp
[ 876/1053  0s] CopyFiles Builds/Linux64/GameCoreProbe_BackUpThisFolder_ButDontShipItWithYourGame/il2cppOutput/Generics__91.cpp
[ 877/1053  0s] CopyFiles Builds/Linux64/GameCoreProbe_BackUpThisFolder_ButDontShipItWithYourGame/il2cppOutput/GameCore.Gameplay.Narrative.cpp
[ 878/1053  0s] CopyFiles Builds/Linux64/GameCoreProbe_BackUpThisFolder_ButDontShipItWithYourGame/il2cppOutput/GameCore.Gameplay.Cards.Fixtures.cpp
[ 879/1053  0s] CopyFiles Builds/Linux64/GameCoreProbe_BackUpThisFolder_ButDontShipItWithYourGame/il2cppOutput/GameCore.Derivation.Fixtures.cpp
[ 880/1053  0s] CopyFiles Builds/Linux64/GameCoreProbe_BackUpThisFolder_ButDontShipItWithYourGame/il2cppOutput/Generics__9.cpp
[ 881/1053  0s] CopyFiles Builds/Linux64/GameCoreProbe_BackUpThisFolder_ButDontShipItWithYourGame/il2cppOutput/GameCore.Derivation.Fixtures_CodeGen.c
[ 882/1053  0s] CopyFiles Builds/Linux64/GameCoreProbe_BackUpThisFolder_ButDontShipItWithYourGame/il2cppOutput/Unity.Scenes.cpp
[ 883/1053  0s] CopyFiles Builds/Linux64/GameCoreProbe_BackUpThisFolder_ButDontShipItWithYourGame/il2cppOutput/Generics__71.cpp
[ 884/1053  0s] CopyFiles Builds/Linux64/GameCoreProbe_BackUpThisFolder_ButDontShipItWithYourGame/il2cppOutput/Generics__7.cpp
[ 885/1053  0s] CopyFiles Builds/Linux64/GameCoreProbe_BackUpThisFolder_ButDontShipItWithYourGame/il2cppOutput/Generics__70.cpp
[ 886/1053  0s] CopyFiles Builds/Linux64/GameCoreProbe_BackUpThisFolder_ButDontShipItWithYourGame/il2cppOutput/Generics__73.cpp
[ 887/1053  0s] CopyFiles Builds/Linux64/GameCoreProbe_BackUpThisFolder_ButDontShipItWithYourGame/il2cppOutput/Generics__75.cpp
[ 888/1053  0s] CopyFiles Builds/Linux64/GameCoreProbe_BackUpThisFolder_ButDontShipItWithYourGame/il2cppOutput/Generics__77.cpp
[ 889/1053  0s] CopyFiles Builds/Linux64/GameCoreProbe_BackUpThisFolder_ButDontShipItWithYourGame/il2cppOutput/Generics__79.cpp
[ 890/1053  0s] CopyFiles Builds/Linux64/GameCoreProbe_BackUpThisFolder_ButDontShipItWithYourGame/il2cppOutput/Generics__78.cpp
[ 891/1053  0s] CopyFiles Builds/Linux64/GameCoreProbe_BackUpThisFolder_ButDontShipItWithYourGame/il2cppOutput/Unity.Mathematics.Extensions_CodeGen.c
[ 892/1053  0s] CopyFiles Builds/Linux64/GameCoreProbe_BackUpThisFolder_ButDontShipItWithYourGame/il2cppOutput/Unity.Mathematics.Extensions.cpp
[ 893/1053  0s] CopyFiles Builds/Linux64/GameCoreProbe_BackUpThisFolder_ButDontShipItWithYourGame/il2cppOutput/Unity.Mathematics_CodeGen.c
[ 894/1053  0s] CopyFiles Builds/Linux64/GameCoreProbe_BackUpThisFolder_ButDontShipItWithYourGame/il2cppOutput/Generics__5.cpp
[ 895/1053  0s] CopyFiles Builds/Linux64/GameCoreProbe_BackUpThisFolder_ButDontShipItWithYourGame/il2cppOutput/Generics__74.cpp
[ 896/1053  0s] CopyFiles Builds/Linux64/GameCoreProbe_BackUpThisFolder_ButDontShipItWithYourGame/il2cppOutput/Generics__72.cpp
[ 897/1053  0s] CopyFiles Builds/Linux64/GameCoreProbe_BackUpThisFolder_ButDontShipItWithYourGame/il2cppOutput/Unity.Entities.Hybrid_CodeGen.c
[ 898/1053  0s] CopyFiles Builds/Linux64/GameCoreProbe_BackUpThisFolder_ButDontShipItWithYourGame/il2cppOutput/Unity.Entities__1.cpp
[ 899/1053  0s] CopyFiles Builds/Linux64/GameCoreProbe_BackUpThisFolder_ButDontShipItWithYourGame/il2cppOutput/Generics__76.cpp
[ 900/1053  0s] CopyFiles Builds/Linux64/GameCoreProbe_BackUpThisFolder_ButDontShipItWithYourGame/il2cppOutput/Il2CppCCalculateFieldValues2.cpp
[ 901/1053  0s] CopyFiles Builds/Linux64/GameCoreProbe_BackUpThisFolder_ButDontShipItWithYourGame/il2cppOutput/Unity.Mathematics.cpp
[ 902/1053  0s] CopyFiles Builds/Linux64/GameCoreProbe_BackUpThisFolder_ButDontShipItWithYourGame/il2cppOutput/Il2CppCCalculateFieldValues1.cpp
[ 903/1053  0s] CopyFiles Builds/Linux64/GameCoreProbe_BackUpThisFolder_ButDontShipItWithYourGame/il2cppOutput/Il2CppCCalculateFieldValues.cpp
[ 904/1053  0s] CopyFiles Builds/Linux64/GameCoreProbe_BackUpThisFolder_ButDontShipItWithYourGame/il2cppOutput/Il2CppReversePInvokeWrapperTable.cpp
[ 905/1053  0s] CopyFiles Builds/Linux64/GameCoreProbe_BackUpThisFolder_ButDontShipItWithYourGame/il2cppOutput/Il2CppCCalculateTypeValues.cpp
[ 906/1053  5s] C_Linux_x64_Clang Library/Bee/artifacts/LinuxPlayerBuildProgram/zbz95/3waju8ir2cdq.o
[ 907/1053  6s] C_Linux_x64_Clang Library/Bee/artifacts/LinuxPlayerBuildProgram/zbz95/2o4tcmq74ko5.o
[ 908/1053  0s] CopyFiles Builds/Linux64/GameCoreProbe_BackUpThisFolder_ButDontShipItWithYourGame/il2cppOutput/Generics__55.cpp
[ 909/1053  0s] CopyFiles Builds/Linux64/GameCoreProbe_BackUpThisFolder_ButDontShipItWithYourGame/il2cppOutput/Generics__56.cpp
[ 910/1053  0s] CopyFiles Builds/Linux64/GameCoreProbe_BackUpThisFolder_ButDontShipItWithYourGame/il2cppOutput/GameCore.Gameplay.Cards.Fixtures__1.cpp
[ 911/1053  0s] CopyFiles Builds/Linux64/GameCoreProbe_BackUpThisFolder_ButDontShipItWithYourGame/il2cppOutput/Generics__53.cpp
[ 912/1053  0s] CopyFiles Builds/Linux64/GameCoreProbe_BackUpThisFolder_ButDontShipItWithYourGame/il2cppOutput/Generics__54.cpp
[ 913/1053  0s] CopyFiles Builds/Linux64/GameCoreProbe_BackUpThisFolder_ButDontShipItWithYourGame/il2cppOutput/Generics__50.cpp
[ 914/1053  0s] CopyFiles Builds/Linux64/GameCoreProbe_BackUpThisFolder_ButDontShipItWithYourGame/il2cppOutput/Generics__51.cpp
[ 915/1053  0s] CopyFiles Builds/Linux64/GameCoreProbe_BackUpThisFolder_ButDontShipItWithYourGame/il2cppOutput/Il2CppCCalculateTypeValues1.cpp
[ 916/1053  0s] CopyFiles Builds/Linux64/GameCoreProbe_BackUpThisFolder_ButDontShipItWithYourGame/il2cppOutput/UnityEngine.TerrainModule_CodeGen.c
[ 917/1053  0s] CopyFiles Builds/Linux64/GameCoreProbe_BackUpThisFolder_ButDontShipItWithYourGame/il2cppOutput/GameCore.Gameplay.Cards_CodeGen.c
[ 918/1053  0s] CopyFiles Builds/Linux64/GameCoreProbe_BackUpThisFolder_ButDontShipItWithYourGame/il2cppOutput/Generics__59.cpp
[ 919/1053  0s] CopyFiles Builds/Linux64/GameCoreProbe_BackUpThisFolder_ButDontShipItWithYourGame/il2cppOutput/Il2CppGenericAdjustorThunkTable.c
[ 920/1053  0s] CopyFiles Builds/Linux64/GameCoreProbe_BackUpThisFolder_ButDontShipItWithYourGame/il2cppOutput/Il2CppGenericClassTable.c
[ 921/1053  0s] CopyFiles Builds/Linux64/GameCoreProbe_BackUpThisFolder_ButDontShipItWithYourGame/il2cppOutput/Generics__57.cpp
[ 922/1053  0s] CopyFiles Builds/Linux64/GameCoreProbe_BackUpThisFolder_ButDontShipItWithYourGame/il2cppOutput/UnityEngine.TilemapModule_CodeGen.c
[ 923/1053  0s] CopyFiles Builds/Linux64/GameCoreProbe_BackUpThisFolder_ButDontShipItWithYourGame/il2cppOutput/GameCore.Gameplay.Narrative.Fixtures.cpp
[ 924/1053  0s] CopyFiles Builds/Linux64/GameCoreProbe_BackUpThisFolder_ButDontShipItWithYourGame/il2cppOutput/GameCore.Gameplay.Cards.cpp
[ 925/1053  0s] CopyFiles Builds/Linux64/GameCoreProbe_BackUpThisFolder_ButDontShipItWithYourGame/il2cppOutput/Generics__52.cpp
[ 926/1053  6s] C_Linux_x64_Clang Library/Bee/artifacts/LinuxPlayerBuildProgram/zbz95/wbz2n644sx97.o
[ 927/1053  7s] C_Linux_x64_Clang Library/Bee/artifacts/LinuxPlayerBuildProgram/zbz95/ddie6sxg6kaw.o
[ 928/1053  0s] CopyFiles Builds/Linux64/GameCoreProbe_BackUpThisFolder_ButDontShipItWithYourGame/il2cppOutput/Generics__58.cpp
[ 929/1053  0s] CopyFiles Builds/Linux64/GameCoreProbe_BackUpThisFolder_ButDontShipItWithYourGame/il2cppOutput/UnityEngine.UIElementsModule__19.cpp
[ 930/1053  0s] CopyFiles Builds/Linux64/GameCoreProbe_BackUpThisFolder_ButDontShipItWithYourGame/il2cppOutput/UnityEngine.UnityAnalyticsCommonModule.cpp
[ 931/1053  0s] CopyFiles Builds/Linux64/GameCoreProbe_BackUpThisFolder_ButDontShipItWithYourGame/il2cppOutput/UnityEngine.UIElementsModule__6.cpp
[ 932/1053  0s] CopyFiles Builds/Linux64/GameCoreProbe_BackUpThisFolder_ButDontShipItWithYourGame/il2cppOutput/UnityEngine.PhysicsModule_CodeGen.c
[ 933/1053  0s] CopyFiles Builds/Linux64/GameCoreProbe_BackUpThisFolder_ButDontShipItWithYourGame/il2cppOutput/UnityEngine.ParticleSystemModule_CodeGen.c
[ 934/1053  0s] CopyFiles Builds/Linux64/GameCoreProbe_BackUpThisFolder_ButDontShipItWithYourGame/il2cppOutput/Il2CppGenericInstDefinitions.c
[ 935/1053  0s] CopyFiles Builds/Linux64/GameCoreProbe_BackUpThisFolder_ButDontShipItWithYourGame/il2cppOutput/UnityEngine.UnityAnalyticsModule_CodeGen.c
[ 936/1053  0s] CopyFiles Builds/Linux64/GameCoreProbe_BackUpThisFolder_ButDontShipItWithYourGame/il2cppOutput/UnityEngine.UIElementsModule__18.cpp
[ 937/1053  0s] CopyFiles Builds/Linux64/GameCoreProbe_BackUpThisFolder_ButDontShipItWithYourGame/il2cppOutput/UnityEngine.UIElementsModule__10.cpp
[ 938/1053  0s] CopyFiles Builds/Linux64/GameCoreProbe_BackUpThisFolder_ButDontShipItWithYourGame/il2cppOutput/UnityEngine.UIElementsModule__16.cpp
[ 939/1053  0s] CopyFiles Builds/Linux64/GameCoreProbe_BackUpThisFolder_ButDontShipItWithYourGame/il2cppOutput/Il2CppGenericMethodTable.c
[ 940/1053  0s] CopyFiles Builds/Linux64/GameCoreProbe_BackUpThisFolder_ButDontShipItWithYourGame/il2cppOutput/UnityEngine.ParticleSystemModule.cpp
[ 941/1053  0s] CopyFiles Builds/Linux64/GameCoreProbe_BackUpThisFolder_ButDontShipItWithYourGame/il2cppOutput/UnityEngine.UIElementsModule__14.cpp
[ 942/1053  0s] CopyFiles Builds/Linux64/GameCoreProbe_BackUpThisFolder_ButDontShipItWithYourGame/il2cppOutput/UnityEngine.UIElementsModule__7.cpp
[ 943/1053  0s] CopyFiles Builds/Linux64/GameCoreProbe_BackUpThisFolder_ButDontShipItWithYourGame/il2cppOutput/UnityEngine.UnityAnalyticsModule.cpp
[ 944/1053  0s] CopyFiles Builds/Linux64/GameCoreProbe_BackUpThisFolder_ButDontShipItWithYourGame/il2cppOutput/UnityEngine.AIModule.cpp
[ 945/1053  0s] CopyFiles Builds/Linux64/GameCoreProbe_BackUpThisFolder_ButDontShipItWithYourGame/il2cppOutput/Il2CppGenericMethodDefinitions.c
[ 946/1053  7s] C_Linux_x64_Clang Library/Bee/artifacts/LinuxPlayerBuildProgram/zbz95/n05tl6kd5djq.o
[ 947/1053  0s] CopyFiles Builds/Linux64/GameCoreProbe_BackUpThisFolder_ButDontShipItWithYourGame/il2cppOutput/UnityEngine.UIElementsModule__17.cpp
[ 948/1053  0s] CopyFiles Builds/Linux64/GameCoreProbe_BackUpThisFolder_ButDontShipItWithYourGame/il2cppOutput/UnityEngine.XRModule.cpp
[ 949/1053  0s] CopyFiles Builds/Linux64/GameCoreProbe_BackUpThisFolder_ButDontShipItWithYourGame/il2cppOutput/UnityEngine.VFXModule.cpp
[ 950/1053  0s] CopyFiles Builds/Linux64/GameCoreProbe_BackUpThisFolder_ButDontShipItWithYourGame/il2cppOutput/UnityEngine.UIModule.cpp
[ 951/1053  0s] CopyFiles Builds/Linux64/GameCoreProbe_BackUpThisFolder_ButDontShipItWithYourGame/il2cppOutput/UnityEngine.VRModule.cpp
[ 952/1053  0s] CopyFiles Builds/Linux64/GameCoreProbe_BackUpThisFolder_ButDontShipItWithYourGame/il2cppOutput/UnityEngine.UIElementsModule__12.cpp
[ 953/1053  0s] CopyFiles Builds/Linux64/GameCoreProbe_BackUpThisFolder_ButDontShipItWithYourGame/il2cppOutput/UnityEngine.UIElementsModule__15.cpp
[ 954/1053  0s] CopyFiles Builds/Linux64/GameCoreProbe_BackUpThisFolder_ButDontShipItWithYourGame/il2cppOutput/UnityEngine.UnityConsentModule_CodeGen.c
[ 955/1053  0s] CopyFiles Builds/Linux64/GameCoreProbe_BackUpThisFolder_ButDontShipItWithYourGame/il2cppOutput/UnityEngine.UIElementsModule__11.cpp
[ 956/1053  0s] CopyFiles Builds/Linux64/GameCoreProbe_BackUpThisFolder_ButDontShipItWithYourGame/il2cppOutput/UnityEngine.DirectorModule_CodeGen.c
[ 957/1053  0s] CopyFiles Builds/Linux64/GameCoreProbe_BackUpThisFolder_ButDontShipItWithYourGame/il2cppOutput/UnityEngine.TextCoreFontEngineModule.cpp
[ 958/1053  0s] CopyFiles Builds/Linux64/GameCoreProbe_BackUpThisFolder_ButDontShipItWithYourGame/il2cppOutput/UnityEngine.InputLegacyModule_CodeGen.c
[ 959/1053  1s] CopyFiles Builds/Linux64/GameCoreProbe_BackUpThisFolder_ButDontShipItWithYourGame/il2cppOutput/Il2CppGenericMethodPointerTable.c
[ 960/1053  0s] CopyFiles Builds/Linux64/GameCoreProbe_BackUpThisFolder_ButDontShipItWithYourGame/il2cppOutput/UnityEngine.TextCoreTextEngineModule.cpp
[ 961/1053  0s] CopyFiles Builds/Linux64/GameCoreProbe_BackUpThisFolder_ButDontShipItWithYourGame/il2cppOutput/UnityEngine.IMGUIModule.cpp
[ 962/1053  0s] CopyFiles Builds/Linux64/GameCoreProbe_BackUpThisFolder_ButDontShipItWithYourGame/il2cppOutput/UnityEngine.ContentLoadModule_CodeGen.c
[ 963/1053  0s] CopyFiles Builds/Linux64/GameCoreProbe_BackUpThisFolder_ButDontShipItWithYourGame/il2cppOutput/UnityEngine.UnityConsentModule.cpp
[ 964/1053  0s] CopyFiles Builds/Linux64/GameCoreProbe_BackUpThisFolder_ButDontShipItWithYourGame/il2cppOutput/UnityEngine.TextRenderingModule.cpp
[ 965/1053  9s] C_Linux_x64_Clang Library/Bee/artifacts/LinuxPlayerBuildProgram/zbz95/ldtqu0tdkszt.o
[ 966/1053  6s] C_Linux_x64_Clang Library/Bee/artifacts/LinuxPlayerBuildProgram/zbz95/0qjtaaq8pvrd.o
[ 967/1053  0s] CopyFiles Builds/Linux64/GameCoreProbe_BackUpThisFolder_ButDontShipItWithYourGame/il2cppOutput/UnityEngine.AnimationModule_CodeGen.c
[ 968/1053  0s] CopyFiles Builds/Linux64/GameCoreProbe_BackUpThisFolder_ButDontShipItWithYourGame/il2cppOutput/UnityEngine.SharedInternalsModule.cpp
[ 969/1053  0s] CopyFiles Builds/Linux64/GameCoreProbe_BackUpThisFolder_ButDontShipItWithYourGame/il2cppOutput/UnityEngine.UIElementsModule__13.cpp
[ 970/1053  0s] CopyFiles Builds/Linux64/GameCoreProbe_BackUpThisFolder_ButDontShipItWithYourGame/il2cppOutput/UnityEngine.AssetBundleModule_CodeGen.c
[ 971/1053  0s] CopyFiles Builds/Linux64/GameCoreProbe_BackUpThisFolder_ButDontShipItWithYourGame/il2cppOutput/UnityEngine.Physics2DModule_CodeGen.c
[ 972/1053  0s] CopyFiles Builds/Linux64/GameCoreProbe_BackUpThisFolder_ButDontShipItWithYourGame/il2cppOutput/UnityEngine.DirectorModule.cpp
[ 973/1053  0s] CopyFiles Builds/Linux64/GameCoreProbe_BackUpThisFolder_ButDontShipItWithYourGame/il2cppOutput/UnityEngine.IMGUIModule__1.cpp
[ 974/1053  0s] CopyFiles Builds/Linux64/GameCoreProbe_BackUpThisFolder_ButDontShipItWithYourGame/il2cppOutput/UnityEngine.UnityWebRequestModule.cpp
[ 975/1053  0s] CopyFiles Builds/Linux64/GameCoreProbe_BackUpThisFolder_ButDontShipItWithYourGame/il2cppOutput/UnityEngine.AIModule_CodeGen.c
[ 976/1053  0s] CopyFiles Builds/Linux64/GameCoreProbe_BackUpThisFolder_ButDontShipItWithYourGame/il2cppOutput/UnityEngine.UIModule_CodeGen.c
[ 977/1053  0s] CopyFiles Builds/Linux64/GameCoreProbe_BackUpThisFolder_ButDontShipItWithYourGame/il2cppOutput/UnityEngine.UIElementsModule__3.cpp
[ 978/1053  0s] CopyFiles Builds/Linux64/GameCoreProbe_BackUpThisFolder_ButDontShipItWithYourGame/il2cppOutput/UnityEngine.VRModule_CodeGen.c
[ 979/1053  0s] CopyFiles Builds/Linux64/GameCoreProbe_BackUpThisFolder_ButDontShipItWithYourGame/il2cppOutput/UnityEngine.AccessibilityModule.cpp
[ 980/1053  0s] CopyFiles Builds/Linux64/GameCoreProbe_BackUpThisFolder_ButDontShipItWithYourGame/il2cppOutput/UnityEngine.UIElementsModule__1.cpp
[ 981/1053  0s] CopyFiles Builds/Linux64/GameCoreProbe_BackUpThisFolder_ButDontShipItWithYourGame/il2cppOutput/UnityEngine.HierarchyCoreModule.cpp
[ 982/1053  0s] CopyFiles Builds/Linux64/GameCoreProbe_BackUpThisFolder_ButDontShipItWithYourGame/il2cppOutput/UnityEngine.UIElementsModule__2.cpp
[ 983/1053  0s] CopyFiles Builds/Linux64/GameCoreProbe_BackUpThisFolder_ButDontShipItWithYourGame/il2cppOutput/UnityEngine.UIElementsModule__4.cpp
[ 984/1053  0s] CopyFiles Builds/Linux64/GameCoreProbe_BackUpThisFolder_ButDontShipItWithYourGame/il2cppOutput/UnityEngine.GridModule.cpp
[ 985/1053  0s] CopyFiles Builds/Linux64/GameCoreProbe_BackUpThisFolder_ButDontShipItWithYourGame/il2cppOutput/mscorlib__2.cpp
[ 986/1053  0s] CopyFiles Builds/Linux64/GameCoreProbe_BackUpThisFolder_ButDontShipItWithYourGame/il2cppOutput/UnityEngine.AccessibilityModule_CodeGen.c
[ 987/1053  0s] CopyFiles Builds/Linux64/GameCoreProbe_BackUpThisFolder_ButDontShipItWithYourGame/il2cppOutput/UnityEngine_CodeGen.c
[ 988/1053  0s] CopyFiles Builds/Linux64/GameCoreProbe_BackUpThisFolder_ButDontShipItWithYourGame/il2cppOutput/UnityEngine.UIElementsModule__9.cpp
[ 989/1053  0s] CopyFiles Builds/Linux64/GameCoreProbe_BackUpThisFolder_ButDontShipItWithYourGame/il2cppOutput/UnityEngine.TextRenderingModule_CodeGen.c
[ 990/1053  0s] CopyFiles Builds/Linux64/GameCoreProbe_BackUpThisFolder_ButDontShipItWithYourGame/il2cppOutput/UnityEngine.HierarchyCoreModule_CodeGen.c
[ 991/1053  0s] CopyFiles Builds/Linux64/GameCoreProbe_BackUpThisFolder_ButDontShipItWithYourGame/il2cppOutput/UnityEngine.SubsystemsModule.cpp
[ 992/1053  0s] CopyFiles Builds/Linux64/GameCoreProbe_BackUpThisFolder_ButDontShipItWithYourGame/il2cppOutput/UnityEngine.CoreModule_CodeGen.c
[ 993/1053  1s] CopyFiles Builds/Linux64/GameCoreProbe_BackUpThisFolder_ButDontShipItWithYourGame/il2cppOutput/Il2CppInvokerTable.cpp
[ 994/1053  0s] CopyFiles Builds/Linux64/GameCoreProbe_BackUpThisFolder_ButDontShipItWithYourGame/il2cppOutput/UnityEngine.GridModule_CodeGen.c
[ 995/1053  0s] CopyFiles Builds/Linux64/GameCoreProbe_BackUpThisFolder_ButDontShipItWithYourGame/il2cppOutput/UnityEngine.InputForUIModule.cpp
[ 996/1053  0s] CopyFiles Builds/Linux64/GameCoreProbe_BackUpThisFolder_ButDontShipItWithYourGame/il2cppOutput/UnityEngine.PropertiesModule.cpp
[ 997/1053  0s] CopyFiles Builds/Linux64/GameCoreProbe_BackUpThisFolder_ButDontShipItWithYourGame/il2cppOutput/UnityEngine.SubsystemsModule_CodeGen.c
[ 998/1053  0s] CopyFiles Builds/Linux64/GameCoreProbe_BackUpThisFolder_ButDontShipItWithYourGame/il2cppOutput/UnityEngine.InputForUIModule_CodeGen.c
[ 999/1053  0s] CopyFiles Builds/Linux64/GameCoreProbe_BackUpThisFolder_ButDontShipItWithYourGame/il2cppOutput/UnityEngine.AndroidJNIModule.cpp
[1000/1053  0s] CopyFiles Builds/Linux64/GameCoreProbe_BackUpThisFolder_ButDontShipItWithYourGame/il2cppOutput/UnityEngine.UIElementsModule.cpp
[1001/1053  0s] CopyFiles Builds/Linux64/GameCoreProbe_BackUpThisFolder_ButDontShipItWithYourGame/il2cppOutput/mscorlib_CodeGen.c
[1002/1053  0s] CopyFiles Builds/Linux64/GameCoreProbe_BackUpThisFolder_ButDontShipItWithYourGame/il2cppOutput/UnityEngine.TilemapModule.cpp
[1003/1053  0s] CopyFiles Builds/Linux64/GameCoreProbe_BackUpThisFolder_ButDontShipItWithYourGame/il2cppOutput/UnityEngine.AndroidJNIModule_CodeGen.c
[1004/1053  0s] CopyFiles Builds/Linux64/GameCoreProbe_BackUpThisFolder_ButDontShipItWithYourGame/il2cppOutput/UnityEngine.PhysicsModule.cpp
[1005/1053  0s] CopyFiles Builds/Linux64/GameCoreProbe_BackUpThisFolder_ButDontShipItWithYourGame/il2cppOutput/UnityEngine.CoreModule__2.cpp
[1006/1053  0s] CopyFiles Builds/Linux64/GameCoreProbe_BackUpThisFolder_ButDontShipItWithYourGame/il2cppOutput/UnityEngine.TerrainModule.cpp
[1007/1053  0s] CopyFiles Builds/Linux64/GameCoreProbe_BackUpThisFolder_ButDontShipItWithYourGame/il2cppOutput/UnityEngine.CoreModule__1.cpp
[1008/1053  0s] CopyFiles Builds/Linux64/GameCoreProbe_BackUpThisFolder_ButDontShipItWithYourGame/il2cppOutput/UnityEngine.VFXModule_CodeGen.c
[1009/1053  0s] CopyFiles Builds/Linux64/GameCoreProbe_BackUpThisFolder_ButDontShipItWithYourGame/il2cppOutput/UnityEngine.UIElementsModule__5.cpp
[1010/1053  0s] CopyFiles Builds/Linux64/GameCoreProbe_BackUpThisFolder_ButDontShipItWithYourGame/il2cppOutput/UnityEngine.AnimationModule.cpp
[1011/1053  0s] CopyFiles Builds/Linux64/GameCoreProbe_BackUpThisFolder_ButDontShipItWithYourGame/il2cppOutput/UnityEngine.UIElementsModule__8.cpp
[1012/1053  0s] CopyFiles Builds/Linux64/GameCoreProbe_BackUpThisFolder_ButDontShipItWithYourGame/il2cppOutput/UnityEngine.Physics2DModule.cpp
[1013/1053  0s] CopyFiles Builds/Linux64/GameCoreProbe_BackUpThisFolder_ButDontShipItWithYourGame/il2cppOutput/UnityEngine.PropertiesModule_CodeGen.c
[1014/1053  0s] CopyFiles Builds/Linux64/GameCoreProbe_BackUpThisFolder_ButDontShipItWithYourGame/il2cppOutput/System__1.cpp
[1015/1053  0s] CopyFiles Builds/Linux64/GameCoreProbe_BackUpThisFolder_ButDontShipItWithYourGame/il2cppOutput/UnityEngine.XRModule_CodeGen.c
[1016/1053  0s] CopyFiles Builds/Linux64/GameCoreProbe_BackUpThisFolder_ButDontShipItWithYourGame/il2cppOutput/Generics__43.cpp
[1017/1053  0s] CopyFiles Builds/Linux64/GameCoreProbe_BackUpThisFolder_ButDontShipItWithYourGame/il2cppOutput/UnityEngine.cpp
[1018/1053  0s] CopyFiles Builds/Linux64/GameCoreProbe_BackUpThisFolder_ButDontShipItWithYourGame/il2cppOutput/GameCore.Validation.GeneratedCards_CodeGen.c
[1019/1053  0s] CopyFiles Builds/Linux64/GameCoreProbe_BackUpThisFolder_ButDontShipItWithYourGame/il2cppOutput/Il2CppMetadataRegistration.c
[1020/1053  0s] CopyFiles Builds/Linux64/GameCoreProbe_BackUpThisFolder_ButDontShipItWithYourGame/il2cppOutput/Il2CppInteropDataTable.cpp
[1021/1053  0s] CopyFiles Builds/Linux64/GameCoreProbe_BackUpThisFolder_ButDontShipItWithYourGame/il2cppOutput/UnityEngine.UIElementsModule_CodeGen.c
[1022/1053  0s] CopyFiles Builds/Linux64/GameCoreProbe_BackUpThisFolder_ButDontShipItWithYourGame/il2cppOutput/mscorlib__3.cpp
[1023/1053  0s] CopyFiles Builds/Linux64/GameCoreProbe_BackUpThisFolder_ButDontShipItWithYourGame/il2cppOutput/Generics__41.cpp
[1024/1053  0s] CopyFiles Builds/Linux64/GameCoreProbe_BackUpThisFolder_ButDontShipItWithYourGame/il2cppOutput/Il2CppUnresolvedIndirectCallStubs.cpp
[1025/1053  0s] CopyFiles Builds/Linux64/GameCoreProbe_BackUpThisFolder_ButDontShipItWithYourGame/il2cppOutput/Generics__47.cpp
[1026/1053  0s] CopyFiles Builds/Linux64/GameCoreProbe_BackUpThisFolder_ButDontShipItWithYourGame/il2cppOutput/Generics__48.cpp
[1027/1053  0s] CopyFiles Builds/Linux64/GameCoreProbe_BackUpThisFolder_ButDontShipItWithYourGame/il2cppOutput/Generics__4.cpp
[1028/1053  0s] CopyFiles Builds/Linux64/GameCoreProbe_BackUpThisFolder_ButDontShipItWithYourGame/il2cppOutput/System.Core_CodeGen.c
[1029/1053  0s] CopyFiles Builds/Linux64/GameCoreProbe_BackUpThisFolder_ButDontShipItWithYourGame/il2cppOutput/Generics__46.cpp
[1030/1053  0s] CopyFiles Builds/Linux64/GameCoreProbe_BackUpThisFolder_ButDontShipItWithYourGame/il2cppOutput/Generics__40.cpp
[1031/1053  0s] CopyFiles Builds/Linux64/GameCoreProbe_BackUpThisFolder_ButDontShipItWithYourGame/il2cppOutput/UnityEngine.CoreModule.cpp
[1032/1053  0s] CopyFiles Builds/Linux64/GameCoreProbe_BackUpThisFolder_ButDontShipItWithYourGame/il2cppOutput/Unity.Burst.Unsafe_CodeGen.c
[1033/1053  0s] CopyFiles Builds/Linux64/GameCoreProbe_BackUpThisFolder_ButDontShipItWithYourGame/il2cppOutput/Generics__45.cpp
[1034/1053  0s] CopyFiles Builds/Linux64/GameCoreProbe_BackUpThisFolder_ButDontShipItWithYourGame/il2cppOutput/Generics.cpp
[1035/1053  0s] CopyFiles Builds/Linux64/GameCoreProbe_BackUpThisFolder_ButDontShipItWithYourGame/il2cppOutput/Unity.Scenes_CodeGen.c
[1036/1053  0s] CopyFiles Builds/Linux64/GameCoreProbe_BackUpThisFolder_ButDontShipItWithYourGame/il2cppOutput/Unity.Burst.Unsafe.cpp
[1037/1053  0s] CopyFiles Builds/Linux64/GameCoreProbe_BackUpThisFolder_ButDontShipItWithYourGame/il2cppOutput/Il2CppMetadataUsage.c
[1038/1053  0s] CopyFiles Builds/Linux64/GameCoreProbe_BackUpThisFolder_ButDontShipItWithYourGame/il2cppOutput/Unity.Burst_CodeGen.c
[1039/1053  0s] CopyFiles Builds/Linux64/GameCoreProbe_BackUpThisFolder_ButDontShipItWithYourGame/il2cppOutput/Generics__42.cpp
[1040/1053  0s] CopyFiles Builds/Linux64/GameCoreProbe_BackUpThisFolder_ButDontShipItWithYourGame/il2cppOutput/mscorlib__8.cpp
[1041/1053  0s] CopyFiles Builds/Linux64/GameCoreProbe_BackUpThisFolder_ButDontShipItWithYourGame/il2cppOutput/Generics__44.cpp
[1042/1053  0s] CopyFiles Builds/Linux64/GameCoreProbe_BackUpThisFolder_ButDontShipItWithYourGame/il2cppOutput/Generics__49.cpp
[1043/1053  0s] CopyFiles Builds/Linux64/GameCoreProbe_BackUpThisFolder_ButDontShipItWithYourGame/il2cppOutput/GameCore.Gameplay.Narrative.Fixtures_CodeGen.c
[1044/1053  1s] Link_Linux_x64_Clang Library/Bee/artifacts/LinuxPlayerBuildProgram/zbz95/linker-output/GameAssembly.so
[1045/1053  0s] SeparateFullDebugSymbols Library/Bee/artifacts/LinuxPlayerBuildProgram/zbz95/GameAssembly.debug
[1046/1053  0s] StripFullDebugSymbolsFromBuiltProgram Library/Bee/artifacts/LinuxPlayerBuildProgram/zbz95/strip-output-without-debug/GameAssembly.so
[1047/1053  0s] CopyFiles Builds/Linux64/GameCoreProbe_BackUpThisFolder_ButDontShipItWithYourGame/GameAssembly.debug
[1048/1053  0s] SeparateStrippedDebugSymbols Library/Bee/artifacts/LinuxPlayerBuildProgram/zbz95/GameAssembly_s.debug
[1049/1053  0s] StripSymbolNamesFromBuiltProgram Library/Bee/artifacts/LinuxPlayerBuildProgram/zbz95/strip-output-without-symbols/GameAssembly.so
[1050/1053  1s] AssociateBuiltProgramWithDebugSymbols Library/Bee/artifacts/LinuxPlayerBuildProgram/zbz95/GameAssembly.so
[1051/1053  0s] CopyFiles Builds/Linux64/GameAssembly.so
[1052/1053  0s] CopyFiles /home/worlesenric/wkspace/gc-wt/gc-017/unity/GameCore.ReleaseCheck/Library/Bee/artifacts/LinuxPlayerBuildProgram/il2cppOutput/build/GameAssembly.so
*** Tundra build success (123.50 seconds - 0:02:03), 880 items updated, 1053 evaluated
ExitCode: 0 Duration: 2m:03s
Total cache size 204056736
Total cache size after purge 204056736, took 00:00:00.1639980
Refreshing native plugins compatible for Editor in 0.16 ms, found 1 plugins.
Preloading 0 native plugins for Editor in 0.00 ms.
Asset Pipeline Refresh (id=d3042118c5d4848e4bd0898c0407f896): Total: 1.083 seconds - Initiated by RefreshV2(NoUpdateAssetOptions)
	Summary:
		Imports: total=0 (actual=0, local cache=0, cache server=0)
		Asset DB Process Time: managed=0 ms, native=1082 ms
		Asset DB Callback time: managed=0 ms, native=0 ms
		Scripting: domain reloads=0, domain reload time=0 ms, compile time=0 ms, other=0 ms
		Project Asset Count: scripts=792, non-scripts=702
		Asset File Changes: new=0, changed=0, moved=0, deleted=3
		Scan Filter Count: 1
	InvokeCustomDependenciesCallbacks: 0.001ms
	InvokePackagesCallback: 0.001ms
	ApplyChangesToAssetFolders: 0.132ms
	Scan: 915.260ms
	OnSourceAssetsModified: 0.048ms
	CategorizeAssetsWithTransientArtifact: 0.009ms
	ProcessAssetsWithTransientArtifactChanges: 0.107ms
	UnregisterDeletedAssets: 0.029ms
	CategorizeAssets: 0.623ms
	ImportOutOfDateAssets: 0.515ms (0.098ms without children)
		ReloadNativeAssets: 0.000ms
		UnloadImportedAssets: 0.088ms
		EnsureUptoDateAssetsAreRegisteredWithGuidPM: 0.131ms
		InitializingProgressBar: 0.000ms
		PostProcessAllAssetNotificationsAddChangedAssets: 0.000ms
		OnDemandSchedulerStart: 0.199ms
	PostProcessAllAssets: 0.893ms
	Hotreload: 0.293ms
	GatherAllCurrentPrimaryArtifactRevisions: 0.128ms
	UnloadStreamsBegin: 0.118ms
	PersistCurrentRevisions: 0.093ms
	UnloadStreamsEnd: 0.001ms
	Untracked: 165.122ms

Refreshing native plugins compatible for Editor in 0.15 ms, found 1 plugins.
Preloading 0 native plugins for Editor in 0.00 ms.

-------------------------------------------------------------------------------
Build Report
Uncompressed usage by category (Percentages based on user generated assets only):
Textures               3.2 mb	 95.7% 
Meshes                 0.0 kb	 0.0% 
Animations             0.0 kb	 0.0% 
Sounds                 0.0 kb	 0.0% 
Shaders                20.1 kb	 0.6% 
Other Assets           3.3 kb	 0.1% 
Levels                 0.0 kb	 0.0% 
File headers           26.3 kb	 0.8% 
Total User Assets      3.3 mb	 100.0% 
Complete build size    1.2 gb
Used Assets and files from the Resources folder, sorted by uncompressed size:
 2.7 mb	 0.2% Built-in Texture2D: Splash Screen Unity Logo
 532.9 kb	 0.0% Resources/unity_builtin_extra
 2.1 kb	 0.0% Assets/Resources/PerformanceTestRunInfo.json
 0.4 kb	 0.0% Built-in Sprite: 
 0.2 kb	 0.0% Packages/com.unity.mathematics/Unity.Mathematics/Il2CppEagerStaticClassConstructionAttribute.cs
 0.2 kb	 0.0% Packages/com.unity.entities/Unity.Entities.Hybrid.HybridComponents/CompanionComponentSupportedTypes.cs
 0.2 kb	 0.0% Packages/com.unity.collections/Unity.Collections/GenerateTestsForBurstCompatibilityAttribute.cs
 0.2 kb	 0.0% Packages/com.gamecore.gameplay.narrative/Fixtures/Runtime/NarrativeMigrations.cs
 0.2 kb	 0.0% Packages/com.gamecore.gameplay.narrative/Fixtures/Runtime/NarrativeLifecycleScenario.cs
 0.2 kb	 0.0% Packages/com.unity.scriptablebuildpipeline/Runtime/CompatibilityAssetBundleManifest.cs
 0.2 kb	 0.0% Packages/com.gamecore.unity.runtime/Runtime/Integration/DerivationModeSwitchValidator.cs
 0.2 kb	 0.0% Packages/com.unity.entities/Unity.Transforms.Hybrid/CompanionGameObjectUpdateTransformSystem.cs
 0.2 kb	 0.0% Packages/com.unity.entities/Unity.Entities/Types/RegisterUnityEngineComponentTypeAttribute.cs
 0.2 kb	 0.0% Packages/com.unity.entities/Unity.Entities.Hybrid/Baking/RemoveEntityInBakeDestroyEntitiesSystem.cs
 0.2 kb	 0.0% Packages/com.unity.entities/Unity.Entities.Hybrid/Baking/ForceBakingOnDisabledComponentsAttribute.cs
 0.2 kb	 0.0% Packages/com.gamecore.gameplay.narrative/Fixtures/Runtime/NarrativeScenarioCatalog.cs
 0.2 kb	 0.0% Packages/com.gamecore.gameplay.narrative/Fixtures/Runtime/NarrativeRegistration.cs
 0.1 kb	 0.0% Packages/com.unity.entities/Unity.Entities.Hybrid/Baking/LinkedEntityGroupAuthoringBaker.cs
 0.1 kb	 0.0% Packages/com.unity.entities/Unity.Entities.Hybrid/Baking/BakingOnlyEntityAuthoringBaker.cs
 0.1 kb	 0.0% Packages/com.gamecore.unity.runtime/Runtime/Integration/OwnershipSchedulePipeline.cs
 0.1 kb	 0.0% Packages/com.gamecore.planning/Runtime/StatePolicies/DeclaredSlotMigrationRegistry.cs
 0.1 kb	 0.0% Packages/com.unity.entities/Unity.Entities/Types/RegisterGenericComponentTypeAttribute.cs
 0.1 kb	 0.0% Packages/com.unity.entities/Unity.Entities/RequireMatchingQueriesForUpdateAttribute.cs
 0.1 kb	 0.0% Packages/com.unity.entities/Unity.Entities/DisallowRefReturnCrossingThisAttribute.cs
 0.1 kb	 0.0% Packages/com.unity.entities/Unity.Entities.UI/Attributes/CreateInstanceOnInspectionAttribute.cs
 0.1 kb	 0.0% Packages/com.unity.collections/Unity.Collections/UnsafeParallelHashSetExtensions.gen.cs
 0.1 kb	 0.0% Packages/com.unity.collections/Unity.Collections/UnsafeParallelHashMap.cs
 0.1 kb	 0.0% Packages/com.gamecore.unity.runtime/Runtime/StateMigration/StateMigrationPipeline.cs
 0.1 kb	 0.0% Packages/com.gamecore.unity.runtime/Runtime/Recovery/InitialDefinitionRecovery.cs
 0.1 kb	 0.0% Packages/com.gamecore.unity.runtime/Runtime/Lifecycle/UnityLifecycleWorldBinding.cs
 0.1 kb	 0.0% Packages/com.gamecore.unity.adapters/Runtime/PlayerLoop/GameCoreApplicationComposition.cs
 0.1 kb	 0.0% Packages/com.gamecore.gameplay.narrative/Fixtures/Runtime/NarrativeScenario.cs
 0.1 kb	 0.0% Packages/com.gamecore.gameplay.cards/Fixtures/Runtime/CardLifecycleScenario.cs
 0.1 kb	 0.0% Assets/GameCore.Validation/Runtime/NarrativeScenarioHost.cs
 0.1 kb	 0.0% Packages/com.unity.serialization/Runtime/Unity.Serialization/Json/Views/SerializedMemberViewCollection.cs
 0.1 kb	 0.0% Packages/com.unity.serialization/Runtime/Unity.Serialization/Json/Views/Internal/SerializedObjectViewPropertyBag.cs
 0.1 kb	 0.0% Packages/com.unity.serialization/Runtime/Unity.Serialization/Json/Views/Internal/SerializedArrayViewPropertyBag.cs
 0.1 kb	 0.0% Packages/com.unity.entities/Unity.Entities/ProfilerModules/StructuralChangesProfiler+StructuralChangesData.cs
 0.1 kb	 0.0% Packages/com.unity.entities/Unity.Entities/ProfilerModules/StructuralChangesProfiler+StructuralChangeType.cs
 0.1 kb	 0.0% Packages/com.unity.entities/Unity.Entities.Hybrid/Baking/LinkedEntityGroupAuthoring.cs
 0.1 kb	 0.0% Packages/com.unity.entities/Unity.Entities.Hybrid/Baking/BakingOnlyEntityAuthoring.cs
 0.1 kb	 0.0% Packages/com.unity.entities/Unity.Entities.Hybrid/Baking/AdditionalEntitiesBakingData.cs
 0.1 kb	 0.0% Packages/com.unity.collections/Unity.Collections/UnsafeNotBurstCompatible.cs
 0.1 kb	 0.0% Packages/com.gamecore.unity.runtime/Runtime/Time/ScheduleDispatchAdapter.cs
 0.1 kb	 0.0% Packages/com.gamecore.unity.runtime/Runtime/Integration/WorldCompositionBridge.cs
 0.1 kb	 0.0% Packages/com.gamecore.unity.runtime/Runtime/Integration/DerivedAssemblyPipeline.cs
 0.1 kb	 0.0% Packages/com.gamecore.unity.runtime/Runtime/Integration/DerivationProposalBridge.cs
 0.1 kb	 0.0% Packages/com.gamecore.unity.runtime/Runtime/Integration/DerivationInputSource.cs
 0.1 kb	 0.0% Packages/com.gamecore.unity.runtime/Runtime/Integration/CatalogManifestSource.cs
 0.1 kb	 0.0% Packages/com.gamecore.gameplay.narrative/Runtime/NarrativePayloadReaders.cs
 0.1 kb	 0.0% Assets/GameCore.Validation/FamilyEntries/GeneratedFamilyEntries.cs
 0.1 kb	 0.0% Packages/com.unity.serialization/Runtime/Unity.Serialization/Utility/Internal/DefaultPropertyBagInitializer.cs
 0.1 kb	 0.0% Packages/com.unity.serialization/Runtime/Unity.Serialization/Binary/Adapters/BinarySerializationContext.cs
 0.1 kb	 0.0% Packages/com.unity.entities/Unity.Entities/Types/RegisterGenericSystemTypeAttribute.cs
 0.1 kb	 0.0% Packages/com.unity.entities/Unity.Entities/LambdaJobConstruction/LambdaJobQueryConstructionMethods.cs
 0.1 kb	 0.0% Packages/com.unity.entities/Unity.Entities/LambdaJobConstruction/LambdaJobDescription.cs
 0.1 kb	 0.0% Packages/com.unity.entities/Unity.Entities/Internal/InternalEntityQueryEnumerator.cs
 0.1 kb	 0.0% Packages/com.unity.entities/Unity.Entities/GenerateBurstMonoInteropAttribute.cs
 0.1 kb	 0.0% Packages/com.unity.entities/Unity.Entities/DOTSCompilerPatchedMethodAttribute.cs
 0.1 kb	 0.0% Packages/com.unity.entities/Unity.Entities/Content/RuntimeContentManagerProfiler.cs
 0.1 kb	 0.0% Packages/com.unity.entities/Unity.Entities/Content/RuntimeContentCatalogDataUtility.cs
 0.1 kb	 0.0% Packages/com.unity.entities/Unity.Entities.Hybrid/CompanionGameObjectUpdateSystem.cs
 0.1 kb	 0.0% Packages/com.unity.entities/Unity.Entities.Hybrid/Baking/IncrementalBakingChangeTracker.cs
 0.1 kb	 0.0% Packages/com.unity.entities/Unity.Entities.Hybrid/Baking/BakingCompanionComponentSystem.cs
 0.1 kb	 0.0% Packages/com.unity.entities/Unity.Entities.Editor/Unity.InternalAPIEngineBridge.002/EventCommandNamesBridge.cs
 0.1 kb	 0.0% Packages/com.unity.collections/Unity.Collections/UnsafeScratchAllocator.cs
 0.1 kb	 0.0% Packages/com.unity.collections/Unity.Collections/NativeParallelHashMapExtensions.cs
 0.1 kb	 0.0% Packages/com.gamecore.unity.runtime/Runtime/StateMigration/StatePolicyCatalog.cs
 0.1 kb	 0.0% Packages/com.gamecore.unity.adapters/Runtime/PlayerLoop/GameCorePlayerLoopInstaller.cs
 0.1 kb	 0.0% Packages/com.gamecore.unity.adapters/Runtime/PlayerLoop/GameCoreApplicationBootstrap.cs
 0.1 kb	 0.0% Packages/com.gamecore.rules.narrative/Runtime/NarrativeCompositionNames.cs
 0.1 kb	 0.0% Packages/com.gamecore.gameplay.narrative/Runtime/NarrativePayloadCodec.cs
 0.1 kb	 0.0% Packages/com.gamecore.gameplay.narrative/Runtime/NarrativeDeclarations.cs
 0.1 kb	 0.0% Packages/com.gamecore.gameplay.narrative/Fixtures/Runtime/NarrativeWorld.cs
 0.1 kb	 0.0% Packages/com.gamecore.gameplay.narrative/Fixtures/Runtime/NarrativeScopes.cs
 0.1 kb	 0.0% Packages/com.gamecore.gameplay.narrative/Fixtures/Runtime/NarrativeRecipes.cs
 0.1 kb	 0.0% Packages/com.gamecore.gameplay.cards/Fixtures/Runtime/CardMarketScenario.cs
 0.1 kb	 0.0% Packages/com.gamecore.gameplay.cards/Fixtures/Runtime/CardAdditiveScenario.cs
 0.1 kb	 0.0% Packages/com.gamecore.composition/Runtime/Lifecycle/InstallationLifecycleCoordinator.cs
 0.1 kb	 0.0% Assets/GameCore.Validation/Runtime/W4ProfileScenario.cs
 0.1 kb	 0.0% Assets/GameCore.Validation/Runtime/W4GateNarrativeHost.cs
 0.1 kb	 0.0% Assets/GameCore.Validation/Runtime/W2GateScenarioHost.cs
 0.1 kb	 0.0% Assets/GameCore.Validation/Runtime/W1GateScenarioHost.cs
 0.1 kb	 0.0% Assets/GameCore.Validation/Runtime/ProbeWorldDispatch.cs
 0.1 kb	 0.0% Assets/GameCore.Validation/Runtime/KernelAssemblyAudit.cs
 0.1 kb	 0.0% Assets/GameCore.Validation/Runtime/Gc013NarrativeHost.cs
 0.1 kb	 0.0% Assets/GameCore.Validation/Runtime/FaultScenarioStep.cs
 0.1 kb	 0.0% Assets/GameCore.Validation/Runtime/FaultScenarioHost.cs
 0.1 kb	 0.0% Assets/GameCore.Validation/Runtime/CardsScenarioHost.cs
 0.1 kb	 0.0% Packages/com.unity.serialization/Runtime/Unity.Serialization/Json/Parser/UnsafeSerializedObjectReader.cs
 0.1 kb	 0.0% Packages/com.unity.serialization/Runtime/Unity.Serialization/Json/Parser/Internal/SerializationConfiguration.cs
 0.1 kb	 0.0% Packages/com.unity.serialization/Runtime/Unity.Serialization/Binary/BinarySerialization+FromBinary.cs
 0.1 kb	 0.0% Packages/com.unity.scriptablebuildpipeline/Runtime/Shared/AssemblyUtility.cs
 0.1 kb	 0.0% Packages/com.unity.entities/Unity.Entities/ProfilerModules/StructuralChangesProfiler+TimeCounter.cs
 0.1 kb	 0.0% Packages/com.unity.entities/Unity.Entities/LambdaJobConstruction/UniversalDelegates.gen.cs
 0.1 kb	 0.0% Packages/com.unity.entities/Unity.Entities.Hybrid/GameObjectConversion/UnityEngineExtensions.cs
 0.1 kb	 0.0% Packages/com.unity.entities/Unity.Entities.Hybrid/Baking/LinkedEntityGroupBaking.cs
 0.1 kb	 0.0% Packages/com.unity.collections/Unity.Collections/UnsafeAtomicCounter.cs
 0.1 kb	 0.0% Packages/com.gamecore.unity.runtime/Runtime/Time/NativeDependencyTable.cs
 0.1 kb	 0.0% Packages/com.gamecore.unity.runtime/Runtime/Integration/StagedResourceGate.cs
 0.1 kb	 0.0% Packages/com.gamecore.planning/Runtime/StatePolicies/SlotStatePolicyDeclarations.cs
 0.1 kb	 0.0% Packages/com.gamecore.planning/Runtime/StatePolicies/OwnerTransferValidator.cs
 0.1 kb	 0.0% Packages/com.gamecore.gameplay.narrative/Runtime/NarrativeComponents.cs
 0.1 kb	 0.0% Assets/GameCore.Validation/GeneratedCards/CardCatalog.g.cs
 0.1 kb	 0.0% Packages/com.unity.serialization/Runtime/Unity.Serialization/Utility/Internal/SerializedReferenceVisitor.cs
 0.1 kb	 0.0% Packages/com.unity.serialization/Runtime/Unity.Serialization/Json/Adapters/JsonSerializationContext.cs
 0.1 kb	 0.0% Packages/com.unity.serialization/Runtime/Unity.Serialization/Binary/Properties/Internal/BinaryPropertyVisitor.cs
 0.1 kb	 0.0% Packages/com.unity.serialization/Runtime/Unity.Serialization/Binary/BinarySerialization+ToBinary.cs
 0.1 kb	 0.0% Packages/com.unity.serialization/Runtime/Unity.Serialization/Binary/Adapters/Internal/BinaryAdapterCollection.cs
 0.1 kb	 0.0% Packages/com.unity.entities/Unity.Scenes/SceneSectionReferencedUnityObjects.cs
 0.1 kb	 0.0% Packages/com.unity.entities/Unity.Entities/Types/CalculateReaderWriterDependency.cs
 0.1 kb	 0.0% Packages/com.unity.entities/Unity.Entities/SystemDependencySafetyUtility.cs
 0.1 kb	 0.0% Packages/com.unity.entities/Unity.Entities/Serialization/ManagedObjectBinarySerialization.cs
 0.1 kb	 0.0% Packages/com.unity.entities/Unity.Entities/ProfilerModules/StructuralChangesProfiler+StaticData.cs
 0.1 kb	 0.0% Packages/com.unity.entities/Unity.Entities/ProfilerModules/StructuralChangesProfiler+Recorder.cs
 0.1 kb	 0.0% Packages/com.unity.entities/Unity.Entities/Journaling/EntitiesJournaling+RecordViewArrayUtility.cs
 0.1 kb	 0.0% Packages/com.unity.entities/Unity.Entities/Journaling/EntitiesJournaling+ComponentTypeViewArray.cs
 0.1 kb	 0.0% Packages/com.unity.entities/Unity.Entities/Internal/InternalGatherEntitiesResult.cs
 0.1 kb	 0.0% Packages/com.unity.entities/Unity.Entities/Internal/InternalCompilerInterface.cs
 0.1 kb	 0.0% Packages/com.unity.entities/Unity.Entities/EntityComponentStoreCreateDestroyEntities.cs
 0.1 kb	 0.0% Packages/com.unity.entities/Unity.Entities/DefaultWorldInitializationProxy.cs
 0.1 kb	 0.0% Packages/com.unity.entities/Unity.Entities/DOTSCompilerGeneratedAttribute.cs
 0.1 kb	 0.0% Packages/com.unity.entities/Unity.Entities/Content/RuntimeContentCatalogData.cs
 0.1 kb	 0.0% Packages/com.unity.entities/Unity.Entities/Content/IRuntimeCatalogDataSource.cs
 0.1 kb	 0.0% Packages/com.unity.entities/Unity.Entities/Content/Delivery/DefaultLocationService.cs
 0.1 kb	 0.0% Packages/com.unity.entities/Unity.Entities/Content/Delivery/ContentDeliveryGlobalState.cs
 0.1 kb	 0.0% Packages/com.unity.entities/Unity.Entities/AlwaysSynchronizeSystemAttribute.cs
 0.1 kb	 0.0% Packages/com.unity.entities/Unity.Entities.UI/Attributes/SystemVersionUsageAttribute.cs
 0.1 kb	 0.0% Packages/com.unity.entities/Unity.Entities.UI/Attributes/InspectorOptionsAttribute.cs
 0.1 kb	 0.0% Packages/com.unity.entities/Unity.Entities.UI/Attributes/InlineUnityObjectAttribute.cs
 0.1 kb	 0.0% Packages/com.unity.entities/Unity.Entities.Hybrid/Iterators/TransformAccessArrayIterator.cs
 0.1 kb	 0.0% Packages/com.unity.entities/Unity.Entities.Hybrid/Iterators/ComponentArray.cs
 0.1 kb	 0.0% Packages/com.unity.entities/Unity.Entities.Hybrid/Baking/TransformBakingSystemGroup.cs
 0.1 kb	 0.0% Packages/com.unity.entities/Unity.Entities.Hybrid/Baking/IncrementalBakingData.cs
 0.1 kb	 0.0% Packages/com.unity.entities/Unity.Entities.Hybrid/Baking/IncrementalBakingContext.cs
 0.1 kb	 0.0% Packages/com.unity.entities/Unity.Entities.Hybrid/Baking/BakeDerivedTypesAttribute.cs
 0.1 kb	 0.0% Packages/com.unity.entities/Unity.Entities.Editor/Unity.InternalAPIEngineBridge.002/VisualElementBridge.cs
 0.1 kb	 0.0% Packages/com.unity.entities/Unity.Entities.Editor/Unity.InternalAPIEngineBridge.002/SceneManagerBridge.cs
 0.1 kb	 0.0% Packages/com.unity.collections/Unity.Collections/UnsafeUtilityEx.cs
 0.1 kb	 0.0% Packages/com.unity.collections/Unity.Collections/UnsafeAppendBuffer.cs
 0.1 kb	 0.0% Packages/com.unity.collections/Unity.Collections/NativeParallelHashSetExtensions.gen.cs
 0.1 kb	 0.0% Packages/com.unity.collections/Unity.Collections/Jobs/RegisterGenericJobTypeAttribute.cs
 0.1 kb	 0.0% Packages/com.unity.collections/Unity.Collections/DoubleRewindableAllocators.cs
 0.1 kb	 0.0% Packages/com.unity.collections/Unity.Collections/DataStreamExtensions.cs
 0.1 kb	 0.0% Packages/com.gamecore.unity.runtime/Runtime/UnityWorldRegistration.cs
 0.1 kb	 0.0% Packages/com.gamecore.unity.runtime/Runtime/Messages/WorldMessagePlane.cs
 0.1 kb	 0.0% Packages/com.gamecore.unity.runtime/Runtime/Messages/NativeMessageLanes.cs
 0.1 kb	 0.0% Packages/com.gamecore.unity.runtime/Runtime/Lifecycle/LifecycleJobFence.cs
 0.1 kb	 0.0% Packages/com.gamecore.unity.runtime/Runtime/Lifecycle/LifecycleController.cs
 0.1 kb	 0.0% Packages/com.gamecore.unity.adapters/Runtime/PlayerLoop/GameCoreApplicationReset.cs
 0.1 kb	 0.0% Packages/com.gamecore.unity.adapters/Runtime/PlayerLoop/GameCoreApplicationPump.cs
 0.1 kb	 0.0% Packages/com.gamecore.rules.narrative/Runtime/NarrativeScenarioTrace.cs
 0.1 kb	 0.0% Packages/com.gamecore.rules.narrative/Runtime/NarrativeRegistrations.cs
 0.1 kb	 0.0% Packages/com.gamecore.rules.narrative/Runtime/NarrativeEncounterRules.cs
 0.1 kb	 0.0% Packages/com.gamecore.rules.narrative/Runtime/NarrativeDialogueRules.cs
 0.1 kb	 0.0% Packages/com.gamecore.rules.narrative/Runtime/NarrativeDerivationPlan.cs
 0.1 kb	 0.0% Packages/com.gamecore.planning/Runtime/Ownership/OwnerAuthorityValidator.cs
 0.1 kb	 0.0% Packages/com.gamecore.planning/Runtime/Ownership/ComponentOwnershipMap.cs
 0.1 kb	 0.0% Packages/com.gamecore.gameplay.narrative/Runtime/NarrativeInventory.cs
 0.1 kb	 0.0% Packages/com.gamecore.gameplay.cards/Runtime/CardTableRegistration.cs
 0.1 kb	 0.0% Packages/com.gamecore.gameplay.cards/Runtime/CardTableDeclarations.cs
 0.1 kb	 0.0% Packages/com.gamecore.gameplay.cards/Runtime/CardMarketComposition.cs
 0.1 kb	 0.0% Packages/com.gamecore.gameplay.cards/Fixtures/Runtime/CardTableFixture.cs
 0.1 kb	 0.0% Packages/com.gamecore.gameplay.cards/Fixtures/Runtime/CardCatalogTable.cs
 0.1 kb	 0.0% Packages/com.gamecore.derivation/Runtime/Invalidation/IncrementalDerivationEngine.cs
 0.1 kb	 0.0% Packages/com.gamecore.derivation/Runtime/Index/ProviderContributionIndex.cs
 0.1 kb	 0.0% Packages/com.gamecore.derivation/Fixtures/Runtime/NarrativeComposition.cs
 0.1 kb	 0.0% Assets/GameCore.Validation/Runtime/W4GateScenario.cs
 0.1 kb	 0.0% Assets/GameCore.Validation/Runtime/W4GateCardsHost.cs
 0.1 kb	 0.0% Assets/GameCore.Validation/Runtime/W3GateScenario.cs
 0.1 kb	 0.0% Assets/GameCore.Validation/Runtime/ProbeW4Profile.cs
 0.1 kb	 0.0% Assets/GameCore.Validation/Runtime/ProbeNarrative.cs
 0.1 kb	 0.0% Assets/GameCore.Validation/Runtime/ProbeEnvironment.cs
 0.1 kb	 0.0% Assets/GameCore.Validation/Runtime/ProbeArguments.cs
 0.1 kb	 0.0% Assets/GameCore.Validation/Runtime/Gc013Scenario.cs
 0.1 kb	 0.0% Assets/GameCore.Validation/Runtime/Gc013CardsHost.cs
 0.1 kb	 0.0% Assets/GameCore.Validation/Runtime/FaultScenario.cs
 0.1 kb	 0.0% Assets/GameCore.Validation/Abstractions/ProbeCanonicalCodec.cs
 0.1 kb	 0.0% Packages/com.unity.serialization/Runtime/Unity.Serialization/Json/Views/SerializedPrimitiveView.cs
 0.1 kb	 0.0% Packages/com.unity.serialization/Runtime/Unity.Serialization/Json/Views/Internal/UnsafePrimitiveView.cs
 0.1 kb	 0.0% Packages/com.unity.serialization/Runtime/Unity.Serialization/Json/Parser/SerializedObjectReader.cs
 0.1 kb	 0.0% Packages/com.unity.serialization/Runtime/Unity.Serialization/Json/Migration/Internal/JsonMigrationCollection.cs
 0.1 kb	 0.0% Packages/com.unity.serialization/Runtime/Unity.Serialization/Json/JsonSerialization+FromJson.cs
 0.1 kb	 0.0% Packages/com.unity.serialization/Runtime/Unity.Serialization/Json/Adapters/Internal/JsonAdapterCollection.cs
 0.1 kb	 0.0% Packages/com.unity.serialization/Runtime/Unity.Serialization/Binary/Adapters/Internal/BinaryAdapter+UnityEngine.cs
 0.1 kb	 0.0% Packages/com.unity.serialization/Runtime/Unity.Serialization/Binary/Adapters/Internal/BinaryAdapter+UnityEditor.cs
 0.1 kb	 0.0% Packages/com.unity.scriptablebuildpipeline/Runtime/Shared/BundleDetails.cs
 0.1 kb	 0.0% Packages/com.unity.entities/Unity.Entities/Serialization/RuntimeGlobalObjectId.cs
 0.1 kb	 0.0% Packages/com.unity.entities/Unity.Entities/Serialization/EntityPrefabReference.cs
 0.1 kb	 0.0% Packages/com.unity.entities/Unity.Entities/ProfilerModules/EntitiesProfiler+FixedComponentTypeDataList.cs
 0.1 kb	 0.0% Packages/com.unity.entities/Unity.Entities/LiveConversionSettings.cs
 0.1 kb	 0.0% Packages/com.unity.entities/Unity.Entities.Hybrid/Injection/CompanionGameObject.cs
 0.1 kb	 0.0% Packages/com.unity.entities/Unity.Entities.Hybrid/GameObjectConversion/Incremental/IncrementalHierarchy.cs
 0.1 kb	 0.0% Packages/com.unity.collections/Unity.Collections/NativeNotBurstCompatible.cs
 0.1 kb	 0.0% Packages/com.gamecore.unity.runtime/Runtime/Pure/Messages/StepMessageSchedule.cs
 0.1 kb	 0.0% Packages/com.gamecore.unity.runtime/Runtime/Pure/Messages/CommittedEventStore.cs
 0.1 kb	 0.0% Packages/com.gamecore.unity.runtime/Runtime/Pure/Messages/BoundedMessageBuffer.cs
 0.1 kb	 0.0% Packages/com.gamecore.unity.runtime/Runtime/Integration/LiveTargetSeeder.cs
 0.1 kb	 0.0% Packages/com.gamecore.unity.runtime/Runtime/Integration/LiveTargetIndex.cs
 0.1 kb	 0.0% Packages/com.gamecore.unity.runtime/Runtime/Faults/FaultBoundaries.cs
 0.1 kb	 0.0% Packages/com.gamecore.planning/Runtime/StatePolicies/StatePolicyExecutor.cs
 0.1 kb	 0.0% Packages/com.gamecore.planning/Runtime/StatePolicies/SlotLayoutGenerator.cs
 0.1 kb	 0.0% Packages/com.gamecore.planning/Runtime/Ownership/OwnershipDeclarations.cs
 0.1 kb	 0.0% Packages/com.gamecore.derivation/Runtime/Policy/DerivationValueSource.cs
 0.1 kb	 0.0% Packages/com.gamecore.derivation/Fixtures/Runtime/DerivationFixtureSupport.cs
 0.1 kb	 0.0% Assets/GameCore.Validation/Runtime/W4GateFamily.cs
 0.1 kb	 0.0% Assets/GameCore.Validation/Generated/ProbeCatalog.g.cs
 0.1 kb	 0.0% Packages/com.unity.serialization/Runtime/Unity.Serialization/Utility/Internal/DefaultTypeConstruction.cs
 0.1 kb	 0.0% Packages/com.unity.serialization/Runtime/Unity.Serialization/Json/JsonSerialization+ToJson.cs
 0.1 kb	 0.0% Packages/com.unity.serialization/Runtime/Unity.Serialization/Json/Adapters/Internal/JsonAdapter+SerializedValueView.cs
 0.1 kb	 0.0% Packages/com.unity.serialization/Runtime/Unity.Serialization/Binary/Properties/Internal/BinaryPropertyWriter.cs
 0.1 kb	 0.0% Packages/com.unity.serialization/Runtime/Unity.Serialization/Binary/Properties/Internal/BinaryPropertyReader.cs
 0.1 kb	 0.0% Packages/com.unity.serialization/Runtime/Unity.Serialization/Binary/BinarySerialization.cs
 0.1 kb	 0.0% Packages/com.unity.serialization/Runtime/Unity.Serialization/Binary/Adapters/Internal/BinaryAdapter+System.IO.cs
 0.1 kb	 0.0% Packages/com.unity.serialization/Runtime/Unity.Serialization/Binary/Adapters/Internal/BinaryAdapter+Primitives.cs
 0.1 kb	 0.0% Packages/com.unity.entities/Unity.Scenes/WeakAssetReferenceLoadingSystem.cs
 0.1 kb	 0.0% Packages/com.unity.entities/Unity.Scenes/SceneWithBuildConfigurationGUIDs.cs
 0.1 kb	 0.0% Packages/com.unity.entities/Unity.Scenes/LiveConversion/LiveConversionSceneChangeTracker.cs
 0.1 kb	 0.0% Packages/com.unity.entities/Unity.Entities/Types/BurstCompatibleTypes.cs
 0.1 kb	 0.0% Packages/com.unity.entities/Unity.Entities/Serialization/WeakReferenceId.cs
 0.1 kb	 0.0% Packages/com.unity.entities/Unity.Entities/ScriptBehaviourUpdateOrder.cs
 0.1 kb	 0.0% Packages/com.unity.entities/Unity.Entities/ProfilerModules/StructuralChangesProfiler.cs
 0.1 kb	 0.0% Packages/com.unity.entities/Unity.Entities/Journaling/EntitiesJournaling+RecordViewArray.cs
 0.1 kb	 0.0% Packages/com.unity.entities/Unity.Entities/Journaling/EntitiesJournaling+FrameCountSystem.cs
 0.1 kb	 0.0% Packages/com.unity.entities/Unity.Entities/Journaling/EntitiesJournaling+EntityViewArray.cs
 0.1 kb	 0.0% Packages/com.unity.entities/Unity.Entities/Journaling/EntitiesJournaling+ComponentTypeView.cs
 0.1 kb	 0.0% Packages/com.unity.entities/Unity.Entities/ExclusiveEntityTransaction.cs
 0.1 kb	 0.0% Packages/com.unity.entities/Unity.Entities/EntityManagerExclusiveEntityTransaction.cs
 0.1 kb	 0.0% Packages/com.unity.entities/Unity.Entities/EntityComponentStoreCreateArchetype.cs
 0.1 kb	 0.0% Packages/com.unity.entities/Unity.Entities/EntityComponentStoreChangeArchetype.cs
 0.1 kb	 0.0% Packages/com.unity.entities/Unity.Entities/EntityCommandBufferSystem.cs
 0.1 kb	 0.0% Packages/com.unity.entities/Unity.Entities/DefaultWorldInitialization.cs
 0.1 kb	 0.0% Packages/com.unity.entities/Unity.Entities/DefaultWorld.cs
 0.1 kb	 0.0% Packages/com.unity.entities/Unity.Entities/Content/WeakObjectSceneReference.cs
 0.1 kb	 0.0% Packages/com.unity.entities/Unity.Entities/Content/RuntimeContentManager.cs
 0.1 kb	 0.0% Packages/com.unity.entities/Unity.Entities/Content/RuntimeContentCatalog.cs
 0.1 kb	 0.0% Packages/com.unity.entities/Unity.Entities/Content/Delivery/RemoteContentLocation.cs
 0.1 kb	 0.0% Packages/com.unity.entities/Unity.Entities/Content/Delivery/ContentLocationService.cs
 0.1 kb	 0.0% Packages/com.unity.entities/Unity.Entities/Content/Delivery/ContentDownloadService.cs
 0.1 kb	 0.0% Packages/com.unity.entities/Unity.Entities/Content/Delivery/ContentDeliveryService.cs
 0.1 kb	 0.0% Packages/com.unity.entities/Unity.Entities/ComponentDependencyManager.cs
 0.1 kb	 0.0% Packages/com.unity.entities/Unity.Entities/AlwaysUpdateSystemAttribute.cs
 0.1 kb	 0.0% Packages/com.unity.entities/Unity.Entities.UI/Extensions/VisualElementExtensions.cs
 0.1 kb	 0.0% Packages/com.unity.entities/Unity.Entities.UI/Attributes/DelayedValueAttribute.cs
 0.1 kb	 0.0% Packages/com.unity.entities/Unity.Entities.Hybrid/UpdateWorldTimeSystem.cs
 0.1 kb	 0.0% Packages/com.unity.entities/Unity.Entities.Hybrid/SceneSectionComponent.cs
 0.1 kb	 0.0% Packages/com.unity.entities/Unity.Entities.Hybrid/Injection/AutomaticWorldBootstrap.cs
 0.1 kb	 0.0% Packages/com.unity.entities/Unity.Entities.Hybrid/Bindings/RegisterBindingAttribute.cs
 0.1 kb	 0.0% Packages/com.unity.entities/Unity.Entities.Hybrid/Baking/TransformUsageFlags.cs
 0.1 kb	 0.0% Packages/com.unity.entities/Unity.Entities.Hybrid/Baking/TransformAuthoringBaking.cs
 0.1 kb	 0.0% Packages/com.unity.entities/Unity.Entities.Hybrid/Baking/RemoveUnusedEntityInBake.cs
 0.1 kb	 0.0% Packages/com.unity.entities/Unity.Entities.Hybrid/Baking/PostBakingSystemGroup.cs
 0.1 kb	 0.0% Packages/com.unity.entities/Unity.Entities.Hybrid/Baking/IncrementalBakingLog.cs
 0.1 kb	 0.0% Packages/com.unity.entities/Unity.Entities.Hybrid/Baking/GameObjectComponents.cs
 0.1 kb	 0.0% Packages/com.unity.entities/Unity.Entities.Hybrid/Baking/DefaultGameObjectBaker.cs
 0.1 kb	 0.0% Packages/com.unity.entities/Unity.Entities.Editor/Unity.InternalAPIEngineBridge.002/TreeView/ITreeViewItem.cs
 0.1 kb	 0.0% Packages/com.unity.entities/Unity.Entities.Editor/Unity.InternalAPIEngineBridge.002/ListViewBridge.cs
 0.1 kb	 0.0% Packages/com.unity.collections/Unity.Collections/UnsafeBitArray.cs
 0.1 kb	 0.0% Packages/com.unity.collections/Unity.Collections/UTF8ArrayUnsafeUtility.cs
 0.1 kb	 0.0% Packages/com.unity.collections/Unity.Collections/StreamCompressionModel.cs
 0.1 kb	 0.0% Packages/com.unity.collections/Unity.Collections/NativeArrayExtensions.cs
 0.1 kb	 0.0% Packages/com.unity.collections/Unity.Collections/FixedStringInternalMethods.cs
 0.1 kb	 0.0% Packages/com.unity.collections/Unity.Collections/FixedStringFormatMethods.gen.cs
 0.1 kb	 0.0% Packages/com.unity.burst/Runtime/CompilerServices/SkipLocalsInitAttribute.cs
 0.1 kb	 0.0% Packages/com.unity.burst/Runtime/CompilerServices/IgnoreWarningAttribute.cs
 0.1 kb	 0.0% Packages/com.gamecore.unity.runtime/Runtime/Execution/UnityExecutionDriver.cs
 0.1 kb	 0.0% Packages/com.gamecore.unity.runtime/Runtime/Assembly/SpawnRecipeCatalog.cs
 0.1 kb	 0.0% Packages/com.gamecore.unity.runtime/Runtime/Assembly/PublishedWorldView.cs
 0.1 kb	 0.0% Packages/com.gamecore.unity.runtime/Runtime/Assembly/AssemblyPublisher.cs
 0.1 kb	 0.0% Packages/com.gamecore.unity.runtime/Fixtures/Runtime/W2GateDeclarations.cs
 0.1 kb	 0.0% Packages/com.gamecore.unity.runtime/Fixtures/Runtime/FixtureRegistration.cs
 0.1 kb	 0.0% Packages/com.gamecore.rules.narrative/Runtime/NarrativeRefusals.cs
 0.1 kb	 0.0% Packages/com.gamecore.rules.narrative/Runtime/NarrativeGenreAudit.cs
 0.1 kb	 0.0% Packages/com.gamecore.rules.narrative/Runtime/NarrativeGateRules.cs
 0.1 kb	 0.0% Packages/com.gamecore.rules.narrative/Runtime/NarrativeChapters.cs
 0.1 kb	 0.0% Packages/com.gamecore.planning/Runtime/Scheduling/ScheduleDeclarations.cs
 0.1 kb	 0.0% Packages/com.gamecore.planning/Runtime/Plans/OwnershipStageDescriptor.cs
 0.1 kb	 0.0% Packages/com.gamecore.planning/Runtime/Ownership/SupportSetRegistry.cs
 0.1 kb	 0.0% Packages/com.gamecore.planning/Runtime/Ownership/SlotPolicyValidator.cs
 0.1 kb	 0.0% Packages/com.gamecore.planning/Runtime/Ownership/PartitionGeneration.cs
 0.1 kb	 0.0% Packages/com.gamecore.gameplay.narrative/Runtime/NarrativeKeys.cs
 0.1 kb	 0.0% Packages/com.gamecore.gameplay.cards/Runtime/CardResultPayload.cs
 0.1 kb	 0.0% Packages/com.gamecore.derivation/Runtime/Index/DescriptorTargetIndex.cs
 0.1 kb	 0.0% Packages/com.gamecore.derivation/Runtime/Index/CapabilityCatalogHash.cs
 0.1 kb	 0.0% Packages/com.gamecore.derivation/Runtime/Explain/DerivationExplainReader.cs
 0.1 kb	 0.0% Packages/com.gamecore.derivation/Runtime/Engine/DerivationDeltaBuilder.cs
 0.1 kb	 0.0% Packages/com.gamecore.derivation/Fixtures/Runtime/FixtureBuilder.cs
 0.1 kb	 0.0% Packages/com.gamecore.derivation/Fixtures/Runtime/CardComposition.cs
 0.1 kb	 0.0% Packages/com.gamecore.contracts/Runtime/Serialization/GeneratedSerializerBase.cs
 0.1 kb	 0.0% Packages/com.gamecore.contracts/Runtime/Serialization/GeneratedEnvelopeReader.cs
 0.1 kb	 0.0% Packages/com.gamecore.contracts/Runtime/Identity/StableNameKeyDerivation.cs
 0.1 kb	 0.0% Packages/com.gamecore.composition/Runtime/Operations/CompositionEditPayload.cs
 0.1 kb	 0.0% Packages/com.gamecore.composition/Runtime/Operations/CompositionEditApplier.cs
 0.1 kb	 0.0% Packages/com.gamecore.composition/Runtime/Lifecycle/LifecycleWorldBinding.cs
 0.1 kb	 0.0% Packages/com.gamecore.composition/Runtime/Lifecycle/InstallationStateMachine.cs
 0.1 kb	 0.0% Assets/GameCore.Validation/Runtime/ProbeW4Gate.cs
 0.1 kb	 0.0% Assets/GameCore.Validation/Runtime/ProbeW3Gate.cs
 0.1 kb	 0.0% Assets/GameCore.Validation/Runtime/ProbeW2Gate.cs
 0.1 kb	 0.0% Assets/GameCore.Validation/Runtime/ProbeW1Gate.cs
 0.1 kb	 0.0% Assets/GameCore.Validation/Runtime/ProbeRunner.cs
 0.1 kb	 0.0% Assets/GameCore.Validation/Runtime/ProbeReport.cs
 0.1 kb	 0.0% Assets/GameCore.Validation/Runtime/ProbeGc013.cs
 0.1 kb	 0.0% Assets/GameCore.Validation/Runtime/ProbeFaults.cs
 0.1 kb	 0.0% Assets/GameCore.Validation/Runtime/ProbeCards.cs
 0.1 kb	 0.0% Assets/GameCore.Validation/Plugin/FixturePlugin.cs
 0.1 kb	 0.0% Assets/GameCore.Validation/Abstractions/ProbeTypes.cs
 0.1 kb	 0.0% Assets/GameCore.Validation/Abstractions/ProbePluginContracts.cs
 0.1 kb	 0.0% Packages/com.unity.serialization/Runtime/Unity.Serialization/Json/Views/SerializedValueView.cs
 0.1 kb	 0.0% Packages/com.unity.serialization/Runtime/Unity.Serialization/Json/Views/SerializedStringView.cs
 0.1 kb	 0.0% Packages/com.unity.serialization/Runtime/Unity.Serialization/Json/Views/SerializedObjectView.cs
 0.1 kb	 0.0% Packages/com.unity.serialization/Runtime/Unity.Serialization/Json/Views/SerializedMemberView.cs
 0.1 kb	 0.0% Packages/com.unity.serialization/Runtime/Unity.Serialization/Json/Views/SerializedArrayView.cs
 0.1 kb	 0.0% Packages/com.unity.serialization/Runtime/Unity.Serialization/Json/Views/Internal/UnsafeValueView.cs
 0.1 kb	 0.0% Packages/com.unity.serialization/Runtime/Unity.Serialization/Json/Views/Internal/UnsafeStringView.cs
 0.1 kb	 0.0% Packages/com.unity.serialization/Runtime/Unity.Serialization/Json/Views/Internal/UnsafeObjectView.cs
 0.1 kb	 0.0% Packages/com.unity.serialization/Runtime/Unity.Serialization/Json/Views/Internal/UnsafeMemberView.cs
 0.1 kb	 0.0% Packages/com.unity.serialization/Runtime/Unity.Serialization/Json/Views/Internal/UnsafeArrayView.cs
 0.1 kb	 0.0% Packages/com.unity.serialization/Runtime/Unity.Serialization/Json/Validation/Internal/JsonValidator+Standard.cs
 0.1 kb	 0.0% Packages/com.unity.serialization/Runtime/Unity.Serialization/Json/Validation/Internal/JsonValidationResult.cs
 0.1 kb	 0.0% Packages/com.unity.serialization/Runtime/Unity.Serialization/Json/Utility/InvalidJsonException.cs
 0.1 kb	 0.0% Packages/com.unity.serialization/Runtime/Unity.Serialization/Json/Properties/Internal/JsonPropertyWriter.cs
 0.1 kb	 0.0% Packages/com.unity.serialization/Runtime/Unity.Serialization/Json/Properties/Internal/JsonPropertyVisitor.cs
 0.1 kb	 0.0% Packages/com.unity.serialization/Runtime/Unity.Serialization/Json/Properties/Internal/JsonPropertyReader.cs
 0.1 kb	 0.0% Packages/com.unity.serialization/Runtime/Unity.Serialization/Json/Parser/PackedBinaryStream.cs
 0.1 kb	 0.0% Packages/com.unity.serialization/Runtime/Unity.Serialization/Json/Parser/Internal/PackedBinaryWriter.cs
 0.1 kb	 0.0% Packages/com.unity.serialization/Runtime/Unity.Serialization/Json/Migration/JsonMigrationContext.cs
 0.1 kb	 0.0% Packages/com.unity.serialization/Runtime/Unity.Serialization/Json/JsonSerialization.cs
 0.1 kb	 0.0% Packages/com.unity.serialization/Runtime/Unity.Serialization/Binary/Adapters/Internal/BinaryAdapter+System.cs
 0.1 kb	 0.0% Packages/com.unity.profiling.core/Runtime/ProfilerMarkerExtensions.cs
 0.1 kb	 0.0% Packages/com.unity.mathematics/Unity.Mathematics/PropertyAttributes.cs
 0.1 kb	 0.0% Packages/com.unity.entities/Unity.Scenes/EntitySceneOptimization.cs
 0.1 kb	 0.0% Packages/com.unity.entities/Unity.Mathematics.Extensions.Hybrid/BoundsToAABB.cs
 0.1 kb	 0.0% Packages/com.unity.entities/Unity.Entities/WorldUpdateAllocator.cs
 0.1 kb	 0.0% Packages/com.unity.entities/Unity.Entities/Serialization/EntitySceneReference.cs
 0.1 kb	 0.0% Packages/com.unity.entities/Unity.Entities/Serialization/DotsSerialization.cs
 0.1 kb	 0.0% Packages/com.unity.entities/Unity.Entities/ProfilerModules/MemoryProfiler+ArchetypeMemoryData.cs
 0.1 kb	 0.0% Packages/com.unity.entities/Unity.Entities/ProfilerModules/EntitiesProfiler+ComponentTypeData.cs
 0.1 kb	 0.0% Packages/com.unity.entities/Unity.Entities/Journaling/EntitiesJournaling+SystemView.cs
 0.1 kb	 0.0% Packages/com.unity.entities/Unity.Entities/Journaling/EntitiesJournaling+RecordView.cs
 0.1 kb	 0.0% Packages/com.unity.entities/Unity.Entities/Journaling/EntitiesJournaling+RecordType.cs
 0.1 kb	 0.0% Packages/com.unity.entities/Unity.Entities/Journaling/EntitiesJournaling+Preferences.cs
 0.1 kb	 0.0% Packages/com.unity.entities/Unity.Entities/Journaling/EntitiesJournaling+Enumerable.cs
 0.1 kb	 0.0% Packages/com.unity.entities/Unity.Entities/Journaling/EntitiesJournaling+EntityView.cs
 0.1 kb	 0.0% Packages/com.unity.entities/Unity.Entities/Content/RuntimeContentManagerUtility.cs
 0.1 kb	 0.0% Packages/com.unity.entities/Unity.Entities.Hybrid/GameObjectConversion/Incremental/SceneHierarchy.cs
 0.1 kb	 0.0% Packages/com.unity.entities/Unity.Entities.Editor/Unity.InternalAPIEngineBridge.002/GUIUtilityBridge.cs
 0.1 kb	 0.0% Packages/com.unity.collections/Unity.Collections/UnsafeList.cs
 0.1 kb	 0.0% Packages/com.unity.collections/Unity.Collections/FixedStringParseMethods.cs
 0.1 kb	 0.0% Packages/com.unity.collections/Unity.Collections/FixedStringAppendMethods.cs
 0.1 kb	 0.0% Packages/com.gamecore.unity.runtime/Runtime/WorldHost.cs
 0.1 kb	 0.0% Packages/com.gamecore.unity.runtime/Runtime/Time/WorldTimeDriver.cs
 0.1 kb	 0.0% Packages/com.gamecore.unity.runtime/Runtime/Pure/Messages/RequestLedger.cs
 0.1 kb	 0.0% Packages/com.gamecore.unity.runtime/Runtime/Pure/Messages/MessageContracts.cs
 0.1 kb	 0.0% Packages/com.gamecore.unity.runtime/Runtime/Pure/Execution/WorldResourceLedger.cs
 0.1 kb	 0.0% Packages/com.gamecore.unity.runtime/Runtime/Pure/Execution/PublicationBoundary.cs
 0.1 kb	 0.0% Packages/com.gamecore.unity.runtime/Runtime/Pure/Execution/GuardedDispatchPlan.cs
 0.1 kb	 0.0% Packages/com.gamecore.unity.runtime/Runtime/Execution/GuardedDispatch.cs
 0.1 kb	 0.0% Packages/com.gamecore.unity.runtime/Runtime/Assembly/AssemblyComponents.cs
 0.1 kb	 0.0% Packages/com.gamecore.unity.runtime/Fixtures/Runtime/FixtureSystems.cs
 0.1 kb	 0.0% Packages/com.gamecore.planning/Runtime/Scheduling/ScheduleOrdering.cs
 0.1 kb	 0.0% Packages/com.gamecore.gameplay.cards/Runtime/CardTableComponents.cs
 0.1 kb	 0.0% Packages/com.gamecore.composition/Runtime/Lifecycle/ManagedResources.cs
 0.1 kb	 0.0% Assets/GameCore.Validation/Abstractions/ProbeComponents.cs
 0.1 kb	 0.0% Packages/com.unity.serialization/Runtime/Unity.Serialization/Utility/Internal/SystemExtensions.cs
 0.1 kb	 0.0% Packages/com.unity.serialization/Runtime/Unity.Serialization/Json/Validation/Internal/JsonValidator+Simple.cs
 0.1 kb	 0.0% Packages/com.unity.serialization/Runtime/Unity.Serialization/Json/Utility/ParseErrorExceptions.cs
 0.1 kb	 0.0% Packages/com.unity.serialization/Runtime/Unity.Serialization/Json/Utility/Internal/NativeArrayUtility.cs
 0.1 kb	 0.0% Packages/com.unity.serialization/Runtime/Unity.Serialization/Json/Adapters/Internal/JsonAdapter+UnityEngine.cs
 0.1 kb	 0.0% Packages/com.unity.serialization/Runtime/Unity.Serialization/Json/Adapters/Internal/JsonAdapter+UnityEditor.cs
 0.1 kb	 0.0% Packages/com.unity.serialization/Runtime/Unity.Serialization/Json/Adapters/Internal/JsonAdapter+System.IO.cs
 0.1 kb	 0.0% Packages/com.unity.serialization/Runtime/Unity.Serialization/Json/Adapters/Internal/JsonAdapter+Primitives.cs
 0.1 kb	 0.0% Packages/com.unity.serialization/Runtime/Unity.Serialization/Binary/Adapters/IBinaryAdapter.cs
 0.1 kb	 0.0% Packages/com.unity.entities/Unity.Scenes/SceneSectionStreamingSystem.cs
 0.1 kb	 0.0% Packages/com.unity.entities/Unity.Scenes/ResolveSceneSectionUtility.cs
 0.1 kb	 0.0% Packages/com.unity.entities/Unity.Scenes/ResolveSceneReferenceSystem.cs
 0.1 kb	 0.0% Packages/com.unity.entities/Unity.Scenes/Hybrid/CompanionSceneUtility.cs
 0.1 kb	 0.0% Packages/com.unity.entities/Unity.Scenes/GlobalAssetObjectResolver.cs
 0.1 kb	 0.0% Packages/com.unity.entities/Unity.Scenes/EntityChangeSetSerialization.cs
 0.1 kb	 0.0% Packages/com.unity.entities/Unity.Scenes/AssetDatabaseCompatibility.cs
 0.1 kb	 0.0% Packages/com.unity.entities/Unity.Mathematics.Extensions/GeneratePoints.cs
 0.1 kb	 0.0% Packages/com.unity.entities/Unity.Entities/WorldUnmanagedImpl.Memory.cs
 0.1 kb	 0.0% Packages/com.unity.entities/Unity.Entities/WorldSystemFiltering.cs
 0.1 kb	 0.0% Packages/com.unity.entities/Unity.Entities/Types/SharedComponentValues.cs
 0.1 kb	 0.0% Packages/com.unity.entities/Unity.Entities/Types/ComponentTypeInArchetype.cs
 0.1 kb	 0.0% Packages/com.unity.entities/Unity.Entities/Types/AspectTypeInfoManager.cs
 0.1 kb	 0.0% Packages/com.unity.entities/Unity.Entities/SystemAPIQueryBuilder.cs
 0.1 kb	 0.0% Packages/com.unity.entities/Unity.Entities/RetainBlobAssetSystem.cs
 0.1 kb	 0.0% Packages/com.unity.entities/Unity.Entities/ProfilerModules/EntitiesProfiler+ArchetypeData.cs
 0.1 kb	 0.0% Packages/com.unity.entities/Unity.Entities/ManagedComponentStore.cs
 0.1 kb	 0.0% Packages/com.unity.entities/Unity.Entities/Journaling/EntitiesJournaling+WorldView.cs
 0.1 kb	 0.0% Packages/com.unity.entities/Unity.Entities/Journaling/EntitiesJournaling+Utilities.cs
 0.1 kb	 0.0% Packages/com.unity.entities/Unity.Entities/Journaling/EntitiesJournaling+Record.cs
 0.1 kb	 0.0% Packages/com.unity.entities/Unity.Entities/Journaling/EntitiesJournaling+Ordering.cs
 0.1 kb	 0.0% Packages/com.unity.entities/Unity.Entities/Journaling/EntitiesJournaling+Header.cs
 0.1 kb	 0.0% Packages/com.unity.entities/Unity.Entities/Journaling/EntitiesJournaling+Export.cs
 0.1 kb	 0.0% Packages/com.unity.entities/Unity.Entities/Iterators/UnsafeChunkCacheIterator.cs
 0.1 kb	 0.0% Packages/com.unity.entities/Unity.Entities/Iterators/EntityStorageInfoLookup.cs
 0.1 kb	 0.0% Packages/com.unity.entities/Unity.Entities/Iterators/ChunkIterationUtility.cs
 0.1 kb	 0.0% Packages/com.unity.entities/Unity.Entities/Iterators/ChunkEntityEnumerator.cs
 0.1 kb	 0.0% Packages/com.unity.entities/Unity.Entities/EntityComponentStoreEntities.cs
 0.1 kb	 0.0% Packages/com.unity.entities/Unity.Entities/EntityComponentStoreDebug.cs
 0.1 kb	 0.0% Packages/com.unity.entities/Unity.Entities/EntityComponentStoreChunk.cs
 0.1 kb	 0.0% Packages/com.unity.entities/Unity.Entities/Diff/EntityPatcherBlobs.cs
 0.1 kb	 0.0% Packages/com.unity.entities/Unity.Entities/Diff/EntityDifferClearMissingReferences.cs
 0.1 kb	 0.0% Packages/com.unity.entities/Unity.Entities/Diff/DynamicBlobAssetBatch.cs
 0.1 kb	 0.0% Packages/com.unity.entities/Unity.Entities/Content/RuntimeContentSystem.cs
 0.1 kb	 0.0% Packages/com.unity.entities/Unity.Entities/ComponentSystemSorter.cs
 0.1 kb	 0.0% Packages/com.unity.entities/Unity.Entities/ComponentSafetyHandles.cs
 0.1 kb	 0.0% Packages/com.unity.entities/Unity.Entities/BakingVersionAttribute.cs
 0.1 kb	 0.0% Packages/com.unity.entities/Unity.Entities.UI/Attributes/PaginationAttribute.cs
 0.1 kb	 0.0% Packages/com.unity.entities/Unity.Entities.UI/Attributes/MinValueAttribute.cs
 0.1 kb	 0.0% Packages/com.unity.entities/Unity.Entities.UI/Attributes/InspectorAttribute.cs
 0.1 kb	 0.0% Packages/com.unity.entities/Unity.Entities.UI/Attributes/DisplayNameAttribute.cs
 0.1 kb	 0.0% Packages/com.unity.entities/Unity.Entities.Hybrid/StaticOptimizeEntity.cs
 0.1 kb	 0.0% Packages/com.unity.entities/Unity.Entities.Hybrid/LayerFieldAttribute.cs
 0.1 kb	 0.0% Packages/com.unity.entities/Unity.Entities.Hybrid/Baking/TransformAuthoring.cs
 0.1 kb	 0.0% Packages/com.unity.entities/Unity.Entities.Hybrid/Baking/PreBakingSystemGroup.cs
 0.1 kb	 0.0% Packages/com.unity.entities/Unity.Entities.Hybrid/Baking/DependenciesHashMapHelper.cs
 0.1 kb	 0.0% Packages/com.unity.entities/Unity.Entities.Hybrid/Baking/BakingSystemGroup.cs
 0.1 kb	 0.0% Packages/com.unity.entities/Unity.Entities.Hybrid/Baking/BakingStripSystem.cs
 0.1 kb	 0.0% Packages/com.unity.entities/Unity.Entities.Hybrid/Baking/BakeDependencies.cs
 0.1 kb	 0.0% Packages/com.unity.entities/Unity.Entities.Editor/Unity.InternalAPIEngineBridge.002/TreeView/TreeViewItem.cs
 0.1 kb	 0.0% Packages/com.unity.entities/Unity.Deformations/DeformationComponents.cs
 0.1 kb	 0.0% Packages/com.unity.collections/Unity.Collections/UnsafeText.cs
 0.1 kb	 0.0% Packages/com.unity.collections/Unity.Collections/UnsafeStream.cs
 0.1 kb	 0.0% Packages/com.unity.collections/Unity.Collections/RewindableAllocator.cs
 0.1 kb	 0.0% Packages/com.unity.collections/Unity.Collections/FixedStringMethods.cs
 0.1 kb	 0.0% Packages/com.unity.collections/Unity.Collections/AutoFreeAllocator.cs
 0.1 kb	 0.0% Packages/com.unity.burst/Runtime/CompilerServices/AssumeRangeAttribute.cs
 0.1 kb	 0.0% Packages/com.gamecore.unity.runtime/Runtime/Pure/Time/StepInputCutoff.cs
 0.1 kb	 0.0% Packages/com.gamecore.unity.runtime/Runtime/Pure/Messages/CommandRoutes.cs
 0.1 kb	 0.0% Packages/com.gamecore.unity.runtime/Runtime/Pure/Execution/TemporalAccumulator.cs
 0.1 kb	 0.0% Packages/com.gamecore.unity.runtime/Runtime/Assembly/TargetRegistry.cs
 0.1 kb	 0.0% Packages/com.gamecore.unity.runtime/Fixtures/Runtime/W2GateScenario.cs
 0.1 kb	 0.0% Packages/com.gamecore.unity.runtime/Fixtures/Runtime/W1GateScenario.cs
 0.1 kb	 0.0% Packages/com.gamecore.unity.runtime/Fixtures/Runtime/W1GateCatalog.cs
 0.1 kb	 0.0% Packages/com.gamecore.unity.runtime/Fixtures/Runtime/FixtureComponents.cs
 0.1 kb	 0.0% Packages/com.gamecore.rules.narrative/Runtime/NarrativeTrace.cs
 0.1 kb	 0.0% Packages/com.gamecore.rules.narrative/Runtime/NarrativeFacts.cs
 0.1 kb	 0.0% Packages/com.gamecore.rules.narrative/Runtime/NarrativeDigest.cs
 0.1 kb	 0.0% Packages/com.gamecore.rules.cards/Runtime/CardRegistrations.cs
 0.1 kb	 0.0% Packages/com.gamecore.planning/Runtime/Scheduling/ScheduleWitness.cs
 0.1 kb	 0.0% Packages/com.gamecore.planning/Runtime/Scheduling/ScheduleCompiler.cs
 0.1 kb	 0.0% Packages/com.gamecore.planning/Runtime/Scheduling/CompiledSchedule.cs
 0.1 kb	 0.0% Packages/com.gamecore.planning/Runtime/Plans/TargetBindingTable.cs
 0.1 kb	 0.0% Packages/com.gamecore.planning/Runtime/Plans/InertAcquisitions.cs
 0.1 kb	 0.0% Packages/com.gamecore.gameplay.cards/Runtime/CardTableSystems.cs
 0.1 kb	 0.0% Packages/com.gamecore.gameplay.cards/Runtime/CardTableKeys.cs
 0.1 kb	 0.0% Packages/com.gamecore.derivation/Runtime/Validation/DerivationValidation.cs
 0.1 kb	 0.0% Packages/com.gamecore.derivation/Runtime/Snapshot/DerivationSnapshot.cs
 0.1 kb	 0.0% Packages/com.gamecore.derivation/Runtime/Snapshot/DerivationInputs.cs
 0.1 kb	 0.0% Packages/com.gamecore.derivation/Runtime/Snapshot/CapabilityCatalog.cs
 0.1 kb	 0.0% Packages/com.gamecore.derivation/Runtime/Policy/CompositionKernel.cs
 0.1 kb	 0.0% Packages/com.gamecore.derivation/Runtime/Oracle/DerivationProjection.cs
 0.1 kb	 0.0% Packages/com.gamecore.derivation/Runtime/Model/Contributions.cs
 0.1 kb	 0.0% Packages/com.gamecore.derivation/Runtime/Invalidation/ProviderClosureDiff.cs
 0.1 kb	 0.0% Packages/com.gamecore.derivation/Runtime/Invalidation/InvalidationClosure.cs
 0.1 kb	 0.0% Packages/com.gamecore.derivation/Runtime/Invalidation/DerivedRecipeCache.cs
 0.1 kb	 0.0% Packages/com.gamecore.derivation/Runtime/Invalidation/DerivationChangeSet.cs
 0.1 kb	 0.0% Packages/com.gamecore.derivation/Runtime/Index/ServiceConsumerIndex.cs
 0.1 kb	 0.0% Packages/com.gamecore.derivation/Runtime/Index/ScopeMembershipIndex.cs
 0.1 kb	 0.0% Packages/com.gamecore.derivation/Runtime/Index/InvalidationCounters.cs
 0.1 kb	 0.0% Packages/com.gamecore.derivation/Runtime/Index/DerivationIndexSet.cs
 0.1 kb	 0.0% Packages/com.gamecore.derivation/Runtime/Budget/PropagationBudget.cs
 0.1 kb	 0.0% Packages/com.gamecore.contracts/Runtime/Validation/ManifestValidator.cs
 0.1 kb	 0.0% Packages/com.gamecore.contracts/Runtime/Serialization/CanonicalMapOrder.cs
 0.1 kb	 0.0% Packages/com.gamecore.contracts/Runtime/Identity/GeneratedIdWrappers.cs
 0.1 kb	 0.0% Packages/com.gamecore.contracts/Runtime/Contracts/CompositionHost.cs
 0.1 kb	 0.0% Packages/com.gamecore.contracts/Runtime/Catalog/ISchemaSerializer.cs
 0.1 kb	 0.0% Packages/com.gamecore.contracts/Runtime/Catalog/CatalogFingerprint.cs
 0.1 kb	 0.0% Packages/com.gamecore.composition/Runtime/Operations/CompositionLaneSeed.cs
 0.1 kb	 0.0% Packages/com.gamecore.composition/Runtime/Operations/CompositionChangeSet.cs
 0.1 kb	 0.0% Packages/com.gamecore.composition/Runtime/Lifecycle/TeardownSequencer.cs
 0.1 kb	 0.0% Packages/com.gamecore.composition/Runtime/Lifecycle/ServiceClosureDelta.cs
 0.1 kb	 0.0% Packages/com.gamecore.composition/Runtime/Lifecycle/QuarantineRegistry.cs
 0.1 kb	 0.0% Packages/com.gamecore.composition/Runtime/ConfigurationCodec.cs
 0.1 kb	 0.0% Assets/GameCore.Validation/Abstractions/ProbeKeys.cs
 0.1 kb	 0.0% Packages/com.unity.serialization/Runtime/Unity.Serialization/Utility/Exceptions.cs
 0.1 kb	 0.0% Packages/com.unity.serialization/Runtime/Unity.Serialization/Json/Views/Internal/UnsafeView.cs
 0.1 kb	 0.0% Packages/com.unity.serialization/Runtime/Unity.Serialization/Json/Views/ISerializedView.cs
 0.1 kb	 0.0% Packages/com.unity.serialization/Runtime/Unity.Serialization/Json/Validation/Internal/JsonValidator.cs
 0.1 kb	 0.0% Packages/com.unity.serialization/Runtime/Unity.Serialization/Json/Validation/Internal/JsonTypeStack.cs
 0.1 kb	 0.0% Packages/com.unity.serialization/Runtime/Unity.Serialization/Json/Utility/Internal/BlockReader.cs
 0.1 kb	 0.0% Packages/com.unity.serialization/Runtime/Unity.Serialization/Json/Parser/Internal/JsonTokenizer.cs
 0.1 kb	 0.0% Packages/com.unity.serialization/Runtime/Unity.Serialization/Json/Parser/Internal/JsonTokenStream.cs
 0.1 kb	 0.0% Packages/com.unity.serialization/Runtime/Unity.Serialization/Json/Migration/IJsonMigration.cs
 0.1 kb	 0.0% Packages/com.unity.serialization/Runtime/Unity.Serialization/Json/Adapters/Internal/JsonAdapter+System.cs
 0.1 kb	 0.0% Packages/com.unity.entities/Unity.Transforms/EndFrameTransformSystems.cs
 0.1 kb	 0.0% Packages/com.unity.entities/Unity.Entities/Serialization/SerializeUtility.cs
 0.1 kb	 0.0% Packages/com.unity.entities/Unity.Entities/Serialization/BinarySerialization.cs
 0.1 kb	 0.0% Packages/com.unity.entities/Unity.Entities/ProfilerModules/MemoryProfiler+BytesCounter.cs
 0.1 kb	 0.0% Packages/com.unity.entities/Unity.Entities/ProfilerModules/EntitiesProfiler+WorldData.cs
 0.1 kb	 0.0% Packages/com.unity.entities/Unity.Entities/ProfilerModules/EntitiesProfiler+SystemData.cs
 0.1 kb	 0.0% Packages/com.unity.entities/Unity.Entities/ProfilerModules/EntitiesProfiler+StaticData.cs
 0.1 kb	 0.0% Packages/com.unity.entities/Unity.Entities/Journaling/EntitiesJournaling+State.cs
 0.1 kb	 0.0% Packages/com.unity.entities/Unity.Entities/Iterators/ChunkDataGatherJobs.cs
 0.1 kb	 0.0% Packages/com.unity.entities/Unity.Entities/ForeachQueryEnumerable.cs
 0.1 kb	 0.0% Packages/com.unity.entities/Unity.Entities/EntityCommandBufferDebug.cs
 0.1 kb	 0.0% Packages/com.unity.entities/Unity.Entities/Diff/EntityDifferValidation.cs
 0.1 kb	 0.0% Packages/com.unity.entities/Unity.Entities/Diff/EntityDifferEntityInChunkChanges.cs
 0.1 kb	 0.0% Packages/com.unity.collections/Unity.Collections/UnsafeQueue.cs
 0.1 kb	 0.0% Packages/com.unity.collections/Unity.Collections/NativeHashMap.cs
 0.1 kb	 0.0% Packages/com.unity.collections/Unity.Collections/FixedStringFormat.gen.cs
 0.1 kb	 0.0% Packages/com.unity.collections/Unity.Collections/FixedString.gen.cs
 0.1 kb	 0.0% Packages/com.gamecore.unity.runtime/Runtime/Pure/Time/PluginClocks.cs
 0.1 kb	 0.0% Packages/com.gamecore.unity.runtime/Fixtures/Runtime/W2GateWorld.cs
 0.1 kb	 0.0% Packages/com.gamecore.unity.runtime/Fixtures/Runtime/W1GateFixture.cs
 0.1 kb	 0.0% Packages/com.gamecore.planning/Runtime/Plans/PlanProposals.cs
 0.1 kb	 0.0% Packages/com.gamecore.planning/Runtime/Plans/BindingSupport.cs
 0.1 kb	 0.0% Packages/com.gamecore.contracts/Runtime/Manifest/SharedValueTypes.cs
 0.1 kb	 0.0% Packages/com.gamecore.contracts/Runtime/Contracts/HostContracts.cs
 0.1 kb	 0.0% Packages/com.gamecore.contracts/Runtime/Contracts/CatalogContract.cs
 0.1 kb	 0.0% Packages/com.unity.serialization/Runtime/Unity.Serialization/Utility/Internal/PropertyWrapper.cs
 0.1 kb	 0.0% Packages/com.unity.serialization/Runtime/Unity.Serialization/Utility/Internal/PropertyChecks.cs
 0.1 kb	 0.0% Packages/com.unity.serialization/Runtime/Unity.Serialization/Utility/Attributes.cs
 0.1 kb	 0.0% Packages/com.unity.mathematics/Unity.Mathematics/rigid_transform.cs
 0.1 kb	 0.0% Packages/com.unity.mathematics/Unity.Mathematics/math_unity_conversion.cs
 0.1 kb	 0.0% Packages/com.unity.mathematics/Unity.Mathematics/affine_transform.cs
 0.1 kb	 0.0% Packages/com.unity.mathematics/Unity.Mathematics/Geometry/MinMaxAABB.cs
 0.1 kb	 0.0% Packages/com.unity.entities/Unity.Transforms/PostTransformMatrix.cs
 0.1 kb	 0.0% Packages/com.unity.entities/Unity.Transforms/LocalToWorldSystem.cs
 0.1 kb	 0.0% Packages/com.unity.entities/Unity.Scenes/LiveConversionPatcher.cs
 0.1 kb	 0.0% Packages/com.unity.entities/Unity.Scenes/Hybrid/SerializeUtilityHybrid.cs
 0.1 kb	 0.0% Packages/com.unity.entities/Unity.Scenes/Hybrid/ReferencedUnityObjects.cs
 0.1 kb	 0.0% Packages/com.unity.entities/Unity.Scenes/AsyncLoadSceneOperation.cs
 0.1 kb	 0.0% Packages/com.unity.entities/Unity.Mathematics.Extensions/MinMaxAABB.cs
 0.1 kb	 0.0% Packages/com.unity.entities/Unity.Entities/WorldDebuggingTools.cs
 0.1 kb	 0.0% Packages/com.unity.entities/Unity.Entities/Types/SceneTagComponent.cs
 0.1 kb	 0.0% Packages/com.unity.entities/Unity.Entities/Types/ArchetypeChunkData.cs
 0.1 kb	 0.0% Packages/com.unity.entities/Unity.Entities/SystemBaseRegistry.cs
 0.1 kb	 0.0% Packages/com.unity.entities/Unity.Entities/ScratchpadAllocator.cs
 0.1 kb	 0.0% Packages/com.unity.entities/Unity.Entities/RuntimeApplication.cs
 0.1 kb	 0.0% Packages/com.unity.entities/Unity.Entities/Properties/ManagedObjectRemap.cs
 0.1 kb	 0.0% Packages/com.unity.entities/Unity.Entities/Properties/ManagedObjectEquals.cs
 0.1 kb	 0.0% Packages/com.unity.entities/Unity.Entities/Properties/ManagedObjectClone.cs
 0.1 kb	 0.0% Packages/com.unity.entities/Unity.Entities/Properties/ManagedObjectBlobs.cs
 0.1 kb	 0.0% Packages/com.unity.entities/Unity.Entities/ProfilerModules/EntitiesProfiler+DataTag.cs
 0.1 kb	 0.0% Packages/com.unity.entities/Unity.Entities/Journaling/EntitiesJournaling.cs
 0.1 kb	 0.0% Packages/com.unity.entities/Unity.Entities/Iterators/EntityQueryManager.cs
 0.1 kb	 0.0% Packages/com.unity.entities/Unity.Entities/Iterators/EntityQueryFilter.cs
 0.1 kb	 0.0% Packages/com.unity.entities/Unity.Entities/Iterators/EntityQueryBuilder.cs
 0.1 kb	 0.0% Packages/com.unity.entities/Unity.Entities/Iterators/EntityQuery.interop.gen.cs
 0.1 kb	 0.0% Packages/com.unity.entities/Unity.Entities/Iterators/ArchetypeChunkArray.cs
 0.1 kb	 0.0% Packages/com.unity.entities/Unity.Entities/EntityRemapUtility.cs
 0.1 kb	 0.0% Packages/com.unity.entities/Unity.Entities/EntityNameStorage.cs
 0.1 kb	 0.0% Packages/com.unity.entities/Unity.Entities/EntityComponentStore.cs
 0.1 kb	 0.0% Packages/com.unity.entities/Unity.Entities/EntityCommandBuffer.cs
 0.1 kb	 0.0% Packages/com.unity.entities/Unity.Entities/EntityBatchInChunk.cs
 0.1 kb	 0.0% Packages/com.unity.entities/Unity.Entities/Diff/EntityManagerDiffer.cs
 0.1 kb	 0.0% Packages/com.unity.entities/Unity.Entities/Diff/EntityDifferCopyAndReplace.cs
 0.1 kb	 0.0% Packages/com.unity.entities/Unity.Entities/Diff/EntityDifferComponentChanges.cs
 0.1 kb	 0.0% Packages/com.unity.entities/Unity.Entities/Diff/EntityDifferArchetypeChanges.cs
 0.1 kb	 0.0% Packages/com.unity.entities/Unity.Entities/DebuggerDataAccess.cs
 0.1 kb	 0.0% Packages/com.unity.entities/Unity.Entities/DebugView.cs
 0.1 kb	 0.0% Packages/com.unity.entities/Unity.Entities/Content/Delivery/RemoteContentId.cs
 0.1 kb	 0.0% Packages/com.unity.entities/Unity.Entities/ComponentSystemGroup.cs
 0.1 kb	 0.0% Packages/com.unity.entities/Unity.Entities/ComponentSystemBase.cs
 0.1 kb	 0.0% Packages/com.unity.entities/Unity.Entities/ChangeVersionUtility.cs
 0.1 kb	 0.0% Packages/com.unity.entities/Unity.Entities/BufferAllocatorHeap.cs
 0.1 kb	 0.0% Packages/com.unity.entities/Unity.Entities.UI/Attributes/MinMaxAttribute.cs
 0.1 kb	 0.0% Packages/com.unity.entities/Unity.Entities.Hybrid/GameObjectConversion/BlobAssetUtility.cs
 0.1 kb	 0.0% Packages/com.unity.entities/Unity.Entities.Hybrid/GameObjectConversion/BlobAssetStore.cs
 0.1 kb	 0.0% Packages/com.unity.entities/Unity.Entities.Hybrid/Components/CompanionLink.cs
 0.1 kb	 0.0% Packages/com.unity.entities/Unity.Entities.Hybrid/Bindings/BindingRegistry.cs
 0.1 kb	 0.0% Packages/com.unity.entities/Unity.Entities.Hybrid/Baking/BakingUtility.cs
 0.1 kb	 0.0% Packages/com.unity.entities/Unity.Entities.Hybrid/Baking/BakingSettings.cs
 0.1 kb	 0.0% Packages/com.unity.entities/Unity.Entities.Hybrid/Baking/BakingOnlyEntity.cs
 0.1 kb	 0.0% Packages/com.unity.entities/Unity.Entities.Hybrid/Baking/BakingAnalytics.cs
 0.1 kb	 0.0% Packages/com.unity.entities/Unity.Entities.Hybrid/Baking/BakerEntityUsage.cs
 0.1 kb	 0.0% Packages/com.unity.entities/Unity.Entities.Hybrid/Baking/BakerDebugState.cs
 0.1 kb	 0.0% Packages/com.unity.entities/Unity.Entities.Hybrid/Baking/BakerDataUtility.cs
 0.1 kb	 0.0% Packages/com.unity.entities/Unity.Entities.Hybrid/Baking/BakedEntityData.cs
 0.1 kb	 0.0% Packages/com.unity.entities/Unity.Entities.Editor/Unity.InternalAPIEngineBridge.002/TreeView/TreeView.cs
 0.1 kb	 0.0% Packages/com.unity.entities/Unity.Entities.Editor/Unity.InternalAPIEngineBridge.002/TreeView/ListView.cs
 0.1 kb	 0.0% Packages/com.unity.collections/Unity.Collections/xxHash3.StreamingState.cs
 0.1 kb	 0.0% Packages/com.unity.collections/Unity.Collections/NativeSort.cs
 0.1 kb	 0.0% Packages/com.unity.collections/Unity.Collections/NativeBitArray.cs
 0.1 kb	 0.0% Packages/com.unity.collections/Unity.Collections/ListExtensions.cs
 0.1 kb	 0.0% Packages/com.unity.collections/Unity.Collections/Jobs/IJobParallelForDefer.cs
 0.1 kb	 0.0% Packages/com.unity.collections/Unity.Collections/Jobs/IJobParallelForBatch.cs
 0.1 kb	 0.0% Packages/com.unity.collections/Unity.Collections/FixedStringUtils.cs
 0.1 kb	 0.0% Packages/com.unity.collections/Unity.Collections/DataStreamWriter.cs
 0.1 kb	 0.0% Packages/com.unity.collections/Unity.Collections/DataStreamReader.cs
 0.1 kb	 0.0% Packages/com.unity.collections/Unity.Collections/ConcurrentMask.cs
 0.1 kb	 0.0% Packages/com.unity.collections/Unity.Collections/CollectionHelper.cs
 0.1 kb	 0.0% Packages/com.unity.collections/Unity.Collections/AllocatorManager.cs
 0.1 kb	 0.0% Packages/com.unity.burst/Runtime/SafeStringArrayHelper.cs
 0.1 kb	 0.0% Packages/com.unity.burst/Runtime/Editor/BurstEditorOptions.cs
 0.1 kb	 0.0% Packages/com.unity.burst/Runtime/Editor/BurstCompileTarget.cs
 0.1 kb	 0.0% Packages/com.unity.burst/Runtime/Editor/BurstAssemblyDisable.cs
 0.1 kb	 0.0% Packages/com.unity.burst/Runtime/BurstCompileAttribute.cs
 0.1 kb	 0.0% Packages/com.gamecore.unity.runtime/Fixtures/Runtime/W2GateKeys.cs
 0.1 kb	 0.0% Packages/com.gamecore.unity.runtime/Fixtures/Runtime/FixtureKeys.cs
 0.1 kb	 0.0% Packages/com.gamecore.rules.cards/Runtime/CardVocabulary.cs
 0.1 kb	 0.0% Packages/com.gamecore.planning/Runtime/Scheduling/ScheduleHash.cs
 0.1 kb	 0.0% Packages/com.gamecore.planning/Runtime/Plans/TargetSlotLedger.cs
 0.1 kb	 0.0% Packages/com.gamecore.planning/Runtime/Plans/PlanStateMachine.cs
 0.1 kb	 0.0% Packages/com.gamecore.planning/Runtime/Plans/MigrationScratch.cs
 0.1 kb	 0.0% Packages/com.gamecore.planning/Runtime/Plans/AssemblyPlanner.cs
 0.1 kb	 0.0% Packages/com.gamecore.derivation/Runtime/Policy/DerivationPolicy.cs
 0.1 kb	 0.0% Packages/com.gamecore.derivation/Runtime/Oracle/DerivationOracle.cs
 0.1 kb	 0.0% Packages/com.gamecore.derivation/Runtime/Engine/DerivationEngine.cs
 0.1 kb	 0.0% Packages/com.gamecore.contracts/Runtime/Results/OperationResult.cs
 0.1 kb	 0.0% Packages/com.gamecore.contracts/Runtime/Manifest/PluginManifest.cs
 0.1 kb	 0.0% Packages/com.gamecore.contracts/Runtime/Contracts/WorldHost.cs
 0.1 kb	 0.0% Packages/com.gamecore.contracts/Runtime/Catalog/ImmutableCatalog.cs
 0.1 kb	 0.0% Packages/com.gamecore.contracts/Runtime/Catalog/CatalogOrdering.cs
 0.1 kb	 0.0% Packages/com.gamecore.composition/Runtime/Services/ServiceResolver.cs
 0.1 kb	 0.0% Packages/com.gamecore.composition/Runtime/Operations/OperationLedger.cs
 0.1 kb	 0.0% Packages/com.gamecore.composition/Runtime/Operations/CompositionState.cs
 0.1 kb	 0.0% Packages/com.gamecore.composition/Runtime/Operations/CompositionHost.cs
 0.1 kb	 0.0% Packages/com.gamecore.composition/Runtime/Lifecycle/JobFenceRegistry.cs
 0.1 kb	 0.0% Packages/com.gamecore.composition/Runtime/Lifecycle/ActivationLedger.cs
 0.1 kb	 0.0% Packages/com.gamecore.composition/Runtime/Documents.cs
 0.1 kb	 0.0% Packages/com.gamecore.composition/Runtime/Configuration.cs
 0.1 kb	 0.0% Assets/GameCore.Validation/Abstractions/ProbeKey.cs
 0.1 kb	 0.0% Packages/com.unity.serialization/Runtime/Unity.Serialization/Json/Parser/Internal/NodeParser.cs
 0.1 kb	 0.0% Packages/com.unity.serialization/Runtime/Unity.Serialization/Json/JsonWriter.cs
 0.1 kb	 0.0% Packages/com.unity.serialization/Runtime/Unity.Serialization/Json/JsonObject.cs
 0.1 kb	 0.0% Packages/com.unity.serialization/Runtime/Unity.Serialization/Json/Adapters/IJsonAdapter.cs
 0.1 kb	 0.0% Packages/com.unity.profiling.core/Runtime/ProfilerUtility.cs
 0.1 kb	 0.0% Packages/com.unity.mathematics/Unity.Mathematics/double4x4.gen.cs
 0.1 kb	 0.0% Packages/com.unity.mathematics/Unity.Mathematics/double4x3.gen.cs
 0.1 kb	 0.0% Packages/com.unity.mathematics/Unity.Mathematics/double4x2.gen.cs
 0.1 kb	 0.0% Packages/com.unity.mathematics/Unity.Mathematics/double3x4.gen.cs
 0.1 kb	 0.0% Packages/com.unity.mathematics/Unity.Mathematics/double3x3.gen.cs
 0.1 kb	 0.0% Packages/com.unity.mathematics/Unity.Mathematics/double3x2.gen.cs
 0.1 kb	 0.0% Packages/com.unity.mathematics/Unity.Mathematics/double2x4.gen.cs
 0.1 kb	 0.0% Packages/com.unity.mathematics/Unity.Mathematics/double2x3.gen.cs
 0.1 kb	 0.0% Packages/com.unity.mathematics/Unity.Mathematics/double2x2.gen.cs
 0.1 kb	 0.0% Packages/com.unity.entities/Unity.Entities/Types/TypeManagerSystems.cs
 0.1 kb	 0.0% Packages/com.unity.entities/Unity.Entities/Serialization/YamlWriter.cs
 0.1 kb	 0.0% Packages/com.unity.entities/Unity.Entities/Serialization/UnityObjectRef.cs
 0.1 kb	 0.0% Packages/com.unity.entities/Unity.Entities/EntityManagerDebug.cs
 0.1 kb	 0.0% Packages/com.unity.entities/Unity.Entities/ECBInterop.interop.gen.cs
 0.1 kb	 0.0% Packages/com.unity.collections/Unity.Collections/NativeText.gen.cs
 0.1 kb	 0.0% Packages/com.unity.collections/Unity.Collections/FixedList.gen.cs
 0.1 kb	 0.0% Packages/com.gamecore.rules.cards/Runtime/CardWriteSets.cs
 0.1 kb	 0.0% Packages/com.gamecore.contracts/Runtime/Manifest/Declarations.cs
 0.1 kb	 0.0% Packages/com.gamecore.contracts/Runtime/Identity/Counters.cs
 0.1 kb	 0.0% Packages/com.unity.mathematics/Unity.Mathematics/quaternion.cs
 0.1 kb	 0.0% Packages/com.unity.mathematics/Unity.Mathematics/Noise/classicnoise4D.cs
 0.1 kb	 0.0% Packages/com.unity.mathematics/Unity.Mathematics/Noise/classicnoise3D.cs
 0.1 kb	 0.0% Packages/com.unity.mathematics/Unity.Mathematics/Noise/classicnoise2D.cs
 0.1 kb	 0.0% Packages/com.unity.mathematics/Unity.Mathematics/Noise/cellular2x2x2.cs
 0.1 kb	 0.0% Packages/com.unity.mathematics/Unity.Mathematics/Geometry/Plane.cs
 0.1 kb	 0.0% Packages/com.unity.entities/Unity.Transforms/TransformHelpers.cs
 0.1 kb	 0.0% Packages/com.unity.entities/Unity.Transforms/LocalTransform.cs
 0.1 kb	 0.0% Packages/com.unity.entities/Unity.Transforms.Hybrid/TransformBaking.cs
 0.1 kb	 0.0% Packages/com.unity.entities/Unity.Scenes/SceneHeaderUtility.cs
 0.1 kb	 0.0% Packages/com.unity.entities/Unity.Scenes/SceneBoundingVolume.cs
 0.1 kb	 0.0% Packages/com.unity.entities/Unity.Scenes/ResourceCatalogData.cs
 0.1 kb	 0.0% Packages/com.unity.entities/Unity.Scenes/Hybrid/FileUtilityHybrid.cs
 0.1 kb	 0.0% Packages/com.unity.entities/Unity.Scenes/EntityScenesPaths.cs
 0.1 kb	 0.0% Packages/com.unity.entities/Unity.Scenes/EditorUpdateUtility.cs
 0.1 kb	 0.0% Packages/com.unity.entities/Unity.Scenes/AssetObjectManifest.cs
 0.1 kb	 0.0% Packages/com.unity.entities/Unity.Entities/WorldUnmanaged.cs
 0.1 kb	 0.0% Packages/com.unity.entities/Unity.Entities/Types/TypeManagerAspects.cs
 0.1 kb	 0.0% Packages/com.unity.entities/Unity.Entities/Types/EntityDebugProxy.cs
 0.1 kb	 0.0% Packages/com.unity.entities/Unity.Entities/Types/EntityArchetype.cs
 0.1 kb	 0.0% Packages/com.unity.entities/Unity.Entities/Types/ComponentTypeSet.cs
 0.1 kb	 0.0% Packages/com.unity.entities/Unity.Entities/Types/ComponentType.cs
 0.1 kb	 0.0% Packages/com.unity.entities/Unity.Entities/Types/CleanupEntity.cs
 0.1 kb	 0.0% Packages/com.unity.entities/Unity.Entities/Types/AspectTypeInfo.cs
 0.1 kb	 0.0% Packages/com.unity.entities/Unity.Entities/StructuralChange.cs
 0.1 kb	 0.0% Packages/com.unity.entities/Unity.Entities/SortingUtilities.cs
 0.1 kb	 0.0% Packages/com.unity.entities/Unity.Entities/ProfilerModules/MemoryProfiler.cs
 0.1 kb	 0.0% Packages/com.unity.entities/Unity.Entities/ProfilerModules/EntitiesProfiler.cs
 0.1 kb	 0.0% Packages/com.unity.entities/Unity.Entities/IComponentData.cs
 0.1 kb	 0.0% Packages/com.unity.entities/Unity.Entities/EntityNameStoreAccess.cs
 0.1 kb	 0.0% Packages/com.unity.entities/Unity.Entities/EntityManager.cs
 0.1 kb	 0.0% Packages/com.unity.entities/Unity.Entities/EntityInChunk.cs
 0.1 kb	 0.0% Packages/com.unity.entities/Unity.Entities/EntityDataAccess.cs
 0.1 kb	 0.0% Packages/com.unity.entities/Unity.Entities/Diff/EntityPatcher.cs
 0.1 kb	 0.0% Packages/com.unity.entities/Unity.Entities/Diff/EntityDifferBlobs.cs
 0.1 kb	 0.0% Packages/com.unity.entities/Unity.Entities/Diff/EntityChangeSet.cs
 0.1 kb	 0.0% Packages/com.unity.entities/Unity.Entities/ChunkDataUtility.cs
 0.1 kb	 0.0% Packages/com.unity.entities/Unity.Entities/BufferAllocator.cs
 0.1 kb	 0.0% Packages/com.unity.entities/Unity.Entities/BlockAllocator.cs
 0.1 kb	 0.0% Packages/com.unity.entities/Unity.Entities.Hybrid/Baking/BakingSystem.cs
 0.1 kb	 0.0% Packages/com.unity.entities/Unity.Entities.Hybrid/Baking/BakerState.cs
 0.1 kb	 0.0% Packages/com.unity.collections/Unity.Collections/UIntFloat.cs
 0.1 kb	 0.0% Packages/com.unity.collections/Unity.Collections/NativeStream.cs
 0.1 kb	 0.0% Packages/com.unity.collections/Unity.Collections/Jobs/EarlyInitHelpers.cs
 0.1 kb	 0.0% Packages/com.unity.burst/Runtime/Intrinsics/SimdDebugViews.cs
 0.1 kb	 0.0% Packages/com.unity.burst/Runtime/Editor/BurstReflection.cs
 0.1 kb	 0.0% Packages/com.unity.burst/Runtime/BurstCompilerOptions.cs
 0.1 kb	 0.0% Packages/com.gamecore.rules.cards/Runtime/CardSetRules.cs
 0.1 kb	 0.0% Packages/com.gamecore.rules.cards/Runtime/CardIdentity.cs
 0.1 kb	 0.0% Packages/com.gamecore.planning/Runtime/Plans/PlanHashing.cs
 0.1 kb	 0.0% Packages/com.gamecore.derivation/Runtime/Snapshot/PayloadCodec.cs
 0.1 kb	 0.0% Packages/com.gamecore.derivation/Runtime/Model/Evidence.cs
 0.1 kb	 0.0% Packages/com.gamecore.derivation/Runtime/Engine/AssemblyHash.cs
 0.1 kb	 0.0% Packages/com.gamecore.contracts/Runtime/Serialization/Envelope.cs
 0.1 kb	 0.0% Packages/com.gamecore.contracts/Runtime/Results/Events.cs
 0.1 kb	 0.0% Packages/com.gamecore.contracts/Runtime/Results/Diagnostics.cs
 0.1 kb	 0.0% Packages/com.gamecore.contracts/Runtime/Plans/PlanDeltas.cs
 0.1 kb	 0.0% Packages/com.gamecore.contracts/Runtime/Plans/ChangePlan.cs
 0.1 kb	 0.0% Packages/com.gamecore.contracts/Runtime/Identity/CanonicalHex.cs
 0.1 kb	 0.0% Packages/com.gamecore.composition/Runtime/Scopes/ScopeRecords.cs
 0.1 kb	 0.0% Packages/com.gamecore.composition/Runtime/Lifecycle/CallbackGate.cs
 0.1 kb	 0.0% Packages/com.unity.serialization/Runtime/Unity.Serialization/Json/Utility/Internal/Convert.cs
 0.1 kb	 0.0% Packages/com.unity.mathematics/Unity.Mathematics/uint4x4.gen.cs
 0.1 kb	 0.0% Packages/com.unity.mathematics/Unity.Mathematics/uint4x3.gen.cs
 0.1 kb	 0.0% Packages/com.unity.mathematics/Unity.Mathematics/uint4x2.gen.cs
 0.1 kb	 0.0% Packages/com.unity.mathematics/Unity.Mathematics/uint4.gen.cs
 0.1 kb	 0.0% Packages/com.unity.mathematics/Unity.Mathematics/uint3x4.gen.cs
 0.1 kb	 0.0% Packages/com.unity.mathematics/Unity.Mathematics/uint3x3.gen.cs
 0.1 kb	 0.0% Packages/com.unity.mathematics/Unity.Mathematics/uint3x2.gen.cs
 0.1 kb	 0.0% Packages/com.unity.mathematics/Unity.Mathematics/uint3.gen.cs
 0.1 kb	 0.0% Packages/com.unity.mathematics/Unity.Mathematics/uint2x4.gen.cs
 0.1 kb	 0.0% Packages/com.unity.mathematics/Unity.Mathematics/uint2x3.gen.cs
 0.1 kb	 0.0% Packages/com.unity.mathematics/Unity.Mathematics/uint2x2.gen.cs
 0.1 kb	 0.0% Packages/com.unity.mathematics/Unity.Mathematics/uint2.gen.cs
 0.1 kb	 0.0% Packages/com.unity.mathematics/Unity.Mathematics/int4x4.gen.cs
 0.1 kb	 0.0% Packages/com.unity.mathematics/Unity.Mathematics/int4x3.gen.cs
 0.1 kb	 0.0% Packages/com.unity.mathematics/Unity.Mathematics/int4x2.gen.cs
 0.1 kb	 0.0% Packages/com.unity.mathematics/Unity.Mathematics/int3x4.gen.cs
 0.1 kb	 0.0% Packages/com.unity.mathematics/Unity.Mathematics/int3x3.gen.cs
 0.1 kb	 0.0% Packages/com.unity.mathematics/Unity.Mathematics/int3x2.gen.cs
 0.1 kb	 0.0% Packages/com.unity.mathematics/Unity.Mathematics/int2x4.gen.cs
 0.1 kb	 0.0% Packages/com.unity.mathematics/Unity.Mathematics/int2x3.gen.cs
 0.1 kb	 0.0% Packages/com.unity.mathematics/Unity.Mathematics/int2x2.gen.cs
 0.1 kb	 0.0% Packages/com.unity.mathematics/Unity.Mathematics/half4.gen.cs
 0.1 kb	 0.0% Packages/com.unity.mathematics/Unity.Mathematics/half3.gen.cs
 0.1 kb	 0.0% Packages/com.unity.mathematics/Unity.Mathematics/half2.gen.cs
 0.1 kb	 0.0% Packages/com.unity.mathematics/Unity.Mathematics/float4x4.gen.cs
 0.1 kb	 0.0% Packages/com.unity.mathematics/Unity.Mathematics/float4x3.gen.cs
 0.1 kb	 0.0% Packages/com.unity.mathematics/Unity.Mathematics/float4x2.gen.cs
 0.1 kb	 0.0% Packages/com.unity.mathematics/Unity.Mathematics/float4.gen.cs
 0.1 kb	 0.0% Packages/com.unity.mathematics/Unity.Mathematics/float3x4.gen.cs
 0.1 kb	 0.0% Packages/com.unity.mathematics/Unity.Mathematics/float3x3.gen.cs
 0.1 kb	 0.0% Packages/com.unity.mathematics/Unity.Mathematics/float3x2.gen.cs
 0.1 kb	 0.0% Packages/com.unity.mathematics/Unity.Mathematics/float3.gen.cs
 0.1 kb	 0.0% Packages/com.unity.mathematics/Unity.Mathematics/float2x4.gen.cs
 0.1 kb	 0.0% Packages/com.unity.mathematics/Unity.Mathematics/float2x3.gen.cs
 0.1 kb	 0.0% Packages/com.unity.mathematics/Unity.Mathematics/float2x2.gen.cs
 0.1 kb	 0.0% Packages/com.unity.mathematics/Unity.Mathematics/float2.gen.cs
 0.1 kb	 0.0% Packages/com.unity.mathematics/Unity.Mathematics/double4.gen.cs
 0.1 kb	 0.0% Packages/com.unity.mathematics/Unity.Mathematics/double3.gen.cs
 0.1 kb	 0.0% Packages/com.unity.mathematics/Unity.Mathematics/double2.gen.cs
 0.1 kb	 0.0% Packages/com.unity.mathematics/Unity.Mathematics/bool4x4.gen.cs
 0.1 kb	 0.0% Packages/com.unity.mathematics/Unity.Mathematics/bool4x3.gen.cs
 0.1 kb	 0.0% Packages/com.unity.mathematics/Unity.Mathematics/bool4x2.gen.cs
 0.1 kb	 0.0% Packages/com.unity.mathematics/Unity.Mathematics/bool4.gen.cs
 0.1 kb	 0.0% Packages/com.unity.mathematics/Unity.Mathematics/bool3x4.gen.cs
 0.1 kb	 0.0% Packages/com.unity.mathematics/Unity.Mathematics/bool3x3.gen.cs
 0.1 kb	 0.0% Packages/com.unity.mathematics/Unity.Mathematics/bool3x2.gen.cs
 0.1 kb	 0.0% Packages/com.unity.mathematics/Unity.Mathematics/bool3.gen.cs
 0.1 kb	 0.0% Packages/com.unity.mathematics/Unity.Mathematics/bool2x4.gen.cs
 0.1 kb	 0.0% Packages/com.unity.mathematics/Unity.Mathematics/bool2x3.gen.cs
 0.1 kb	 0.0% Packages/com.unity.mathematics/Unity.Mathematics/bool2x2.gen.cs
 0.1 kb	 0.0% Packages/com.unity.mathematics/Unity.Mathematics/bool2.gen.cs
 0.1 kb	 0.0% Packages/com.unity.mathematics/Unity.Mathematics/Noise/psrdnoise2D.cs
 0.1 kb	 0.0% Packages/com.unity.mathematics/Unity.Mathematics/Noise/noise3Dgrad.cs
 0.1 kb	 0.0% Packages/com.unity.mathematics/Unity.Mathematics/Noise/cellular3D.cs
 0.1 kb	 0.0% Packages/com.unity.mathematics/Unity.Mathematics/Noise/cellular2x2.cs
 0.1 kb	 0.0% Packages/com.unity.mathematics/Unity.Mathematics/Noise/cellular2D.cs
 0.1 kb	 0.0% Packages/com.unity.entities/Unity.Scenes/EditorRenderData.cs
 0.1 kb	 0.0% Packages/com.unity.entities/Unity.Entities.Hybrid/Baking/Baker.cs
 0.1 kb	 0.0% Packages/com.unity.entities/Unity.Core/Compression/Codec.cs
 0.1 kb	 0.0% Packages/com.unity.collections/Unity.Collections/xxHash3.AVX2.cs
 0.1 kb	 0.0% Packages/com.unity.burst/Runtime/Intrinsics/Arm/NEON_AArch64_rdma.cs
 0.1 kb	 0.0% Packages/com.unity.burst/Runtime/Intrinsics/Arm/NEON_AArch64_dotprod.cs
 0.1 kb	 0.0% Packages/com.unity.burst/Runtime/Intrinsics/Arm/NEON_AArch64_crypto.cs
 0.1 kb	 0.0% Packages/com.gamecore.rules.cards/Runtime/CardCommands.cs
 0.1 kb	 0.0% Packages/com.unity.mathematics/Unity.Mathematics/random.cs
 0.1 kb	 0.0% Packages/com.unity.mathematics/Unity.Mathematics/matrix.gen.cs
 0.1 kb	 0.0% Packages/com.unity.mathematics/Unity.Mathematics/matrix.cs
 0.1 kb	 0.0% Packages/com.unity.mathematics/Unity.Mathematics/Noise/noise4D.cs
 0.1 kb	 0.0% Packages/com.unity.mathematics/Unity.Mathematics/Noise/noise3D.cs
 0.1 kb	 0.0% Packages/com.unity.mathematics/Unity.Mathematics/Noise/noise2D.cs
 0.1 kb	 0.0% Packages/com.unity.mathematics/Unity.Mathematics/Noise/common.cs
 0.1 kb	 0.0% Packages/com.unity.entities/Unity.Transforms/ParentSystem.cs
 0.1 kb	 0.0% Packages/com.unity.entities/Unity.Transforms/LocalToWorld.cs
 0.1 kb	 0.0% Packages/com.unity.entities/Unity.Scenes/SceneSystemGroup.cs
 0.1 kb	 0.0% Packages/com.unity.entities/Unity.Scenes/PublicEntityRef.cs
 0.1 kb	 0.0% Packages/com.unity.entities/Unity.Mathematics.Extensions/AABB.cs
 0.1 kb	 0.0% Packages/com.unity.entities/Unity.Entities/WorldTime.cs
 0.1 kb	 0.0% Packages/com.unity.entities/Unity.Entities/Types/TypeManager.cs
 0.1 kb	 0.0% Packages/com.unity.entities/Unity.Entities/Types/FastEquality.cs
 0.1 kb	 0.0% Packages/com.unity.entities/Unity.Entities/Types/BufferHeader.cs
 0.1 kb	 0.0% Packages/com.unity.entities/Unity.Entities/Types/AspectType.cs
 0.1 kb	 0.0% Packages/com.unity.entities/Unity.Entities/Types/Archetype.cs
 0.1 kb	 0.0% Packages/com.unity.entities/Unity.Entities/SystemState.cs
 0.1 kb	 0.0% Packages/com.unity.entities/Unity.Entities/SystemBase.cs
 0.1 kb	 0.0% Packages/com.unity.entities/Unity.Entities/SystemAPI.cs
 0.1 kb	 0.0% Packages/com.unity.entities/Unity.Entities/RateUtils.cs
 0.1 kb	 0.0% Packages/com.unity.entities/Unity.Entities/Journaling/SpinLock.cs
 0.1 kb	 0.0% Packages/com.unity.entities/Unity.Entities/Iterators/EntityQuery.cs
 0.1 kb	 0.0% Packages/com.unity.entities/Unity.Entities/Iterators/EnabledMask.cs
 0.1 kb	 0.0% Packages/com.unity.entities/Unity.Entities/IJobEntity.cs
 0.1 kb	 0.0% Packages/com.unity.entities/Unity.Entities/IJobChunk.cs
 0.1 kb	 0.0% Packages/com.unity.entities/Unity.Entities/ECBInterop.cs
 0.1 kb	 0.0% Packages/com.unity.entities/Unity.Entities/Diff/EntityDiffer.cs
 0.1 kb	 0.0% Packages/com.unity.entities/Unity.Entities/ChunkListMap.cs
 0.1 kb	 0.0% Packages/com.unity.entities/Unity.Entities/Blobs.cs
 0.1 kb	 0.0% Packages/com.unity.entities/Unity.Entities/BlobBuilder.cs
 0.1 kb	 0.0% Packages/com.unity.collections/Unity.Collections/xxHash3.cs
 0.1 kb	 0.0% Packages/com.unity.collections/Unity.Collections/Unicode.cs
 0.1 kb	 0.0% Packages/com.unity.collections/Unity.Collections/Memory.cs
 0.1 kb	 0.0% Packages/com.unity.collections/Unity.Collections/Jobs/IJobFilter.cs
 0.1 kb	 0.0% Packages/com.unity.collections/Unity.Collections/BitField.cs
 0.1 kb	 0.0% Packages/com.unity.burst/Runtime/NoAliasAttribute.cs
 0.1 kb	 0.0% Packages/com.unity.burst/Runtime/FunctionPointer.cs
 0.1 kb	 0.0% Packages/com.unity.burst/Runtime/Editor/BurstLoader.cs
 0.1 kb	 0.0% Packages/com.unity.burst/Runtime/CompilerServices/Constant.cs
 0.1 kb	 0.0% Packages/com.unity.burst/Runtime/CompilerServices/Aliasing.cs
 0.1 kb	 0.0% Packages/com.unity.burst/Runtime/BurstString.Float.cs
 0.1 kb	 0.0% Packages/com.unity.burst/Runtime/BurstCompiler.cs
 0.1 kb	 0.0% Packages/com.gamecore.contracts/Runtime/Identity/TimeDebt.cs
 0.1 kb	 0.0% Packages/com.gamecore.contracts/Runtime/Identity/Id128.cs
 0.1 kb	 0.0% Packages/com.gamecore.contracts/Runtime/Identity/Handles.cs
 0.1 kb	 0.0% Packages/com.unity.mathematics/Unity.Mathematics/int4.gen.cs
 0.1 kb	 0.0% Packages/com.unity.mathematics/Unity.Mathematics/int3.gen.cs
 0.1 kb	 0.0% Packages/com.unity.mathematics/Unity.Mathematics/int2.gen.cs
 0.1 kb	 0.0% Packages/com.unity.entities/Unity.Entities/AspectTypes.cs
 0.1 kb	 0.0% Packages/com.unity.burst/Runtime/Intrinsics/Common.cs
 0.1 kb	 0.0% Packages/com.unity.burst/Runtime/Intrinsics/Arm/NEON_ctor.cs
 0.1 kb	 0.0% Packages/com.unity.burst/Runtime/Intrinsics/Arm/NEON_AArch64.cs
 0.1 kb	 0.0% Packages/com.unity.mathematics/Unity.Mathematics/svd.cs
 0.1 kb	 0.0% Packages/com.unity.mathematics/Unity.Mathematics/math.cs
 0.1 kb	 0.0% Packages/com.unity.mathematics/Unity.Mathematics/half.cs
 0.1 kb	 0.0% Packages/com.unity.entities/Unity.Transforms/Parent.cs
 0.1 kb	 0.0% Packages/com.unity.entities/Unity.Scenes/SceneSystem.cs
 0.1 kb	 0.0% Packages/com.unity.entities/Unity.Entities/World.cs
 0.1 kb	 0.0% Packages/com.unity.entities/Unity.Entities/Types/TypeHash.cs
 0.1 kb	 0.0% Packages/com.unity.entities/Unity.Entities/Types/Hash128.cs
 0.1 kb	 0.0% Packages/com.unity.entities/Unity.Entities/Types/Entity.cs
 0.1 kb	 0.0% Packages/com.unity.entities/Unity.Entities/Types/Chunk.cs
 0.1 kb	 0.0% Packages/com.unity.entities/Unity.Entities/Stubs/Unity.Assertions/Assert.cs
 0.1 kb	 0.0% Packages/com.unity.entities/Unity.Entities/Static.cs
 0.1 kb	 0.0% Packages/com.unity.entities/Unity.Entities/ISystem.cs
 0.1 kb	 0.0% Packages/com.unity.burst/Runtime/SharedStatic.cs
 0.1 kb	 0.0% Packages/com.unity.burst/Runtime/Intrinsics/x86/Ssse3.cs
 0.1 kb	 0.0% Packages/com.unity.burst/Runtime/Intrinsics/x86/Sse4_2.cs
 0.1 kb	 0.0% Packages/com.unity.burst/Runtime/Intrinsics/x86/Sse4_1.cs
 0.1 kb	 0.0% Packages/com.unity.burst/Runtime/Intrinsics/x86/Popcnt.cs
 0.1 kb	 0.0% Packages/com.unity.burst/Runtime/Intrinsics/x86/Common.cs
 0.1 kb	 0.0% Packages/com.unity.burst/Runtime/CompilerServices/Hint.cs
 0.1 kb	 0.0% Packages/com.unity.burst/Runtime/BurstString.cs
 0.1 kb	 0.0% Packages/com.unity.burst/Runtime/BurstRuntime.cs
 0.1 kb	 0.0% Packages/com.unity.entities/Unity.Core/TimeData.cs
 0.1 kb	 0.0% Packages/com.unity.entities/Unity.Core/Hashes/XXHash.cs
 0.1 kb	 0.0% Packages/com.unity.burst/Runtime/Intrinsics/x86/Sse3.cs
 0.1 kb	 0.0% Packages/com.unity.burst/Runtime/Intrinsics/x86/Sse2.cs
 0.1 kb	 0.0% Packages/com.unity.burst/Runtime/Intrinsics/x86/Sse.cs
 0.1 kb	 0.0% Packages/com.unity.burst/Runtime/Intrinsics/x86/Fma.cs
 0.1 kb	 0.0% Packages/com.unity.burst/Runtime/Intrinsics/x86/F16C.cs
 0.1 kb	 0.0% Packages/com.unity.burst/Runtime/Intrinsics/x86/Csr.cs
 0.1 kb	 0.0% Packages/com.unity.burst/Runtime/Intrinsics/x86/Bmi2.cs
 0.1 kb	 0.0% Packages/com.unity.burst/Runtime/Intrinsics/x86/Bmi1.cs
 0.1 kb	 0.0% Packages/com.unity.burst/Runtime/Intrinsics/x86/Avx2.cs
 0.1 kb	 0.0% Packages/com.unity.burst/Runtime/Intrinsics/x86/Avx.cs
 0.1 kb	 0.0% Packages/com.unity.burst/Runtime/Intrinsics/v64.cs
 0.1 kb	 0.0% Packages/com.unity.burst/Runtime/Intrinsics/v256.cs
 0.1 kb	 0.0% Packages/com.unity.burst/Runtime/Intrinsics/v128.cs
 0.1 kb	 0.0% Packages/com.unity.burst/Runtime/Intrinsics/Arm/NEON.cs
 0.1 kb	 0.0% Packages/com.unity.entities/Unity.Scenes/SubScene.cs
 0.1 kb	 0.0% Packages/com.unity.entities/Unity.Entities/Stubs/Unity/Debug.cs
 0.1 kb	 0.0% Assets/Resources/PerformanceTestRunSettings.json
-------------------------------------------------------------------------------
Unloading 0 Unused Serialized files (Serialized files now loaded: 0)
Unloading 58 unused Assets / (0.7 MB). Loaded Objects now: 3367.
Memory consumption went from 115.3 MB to 114.5 MB.
Total: 7.547962 ms (FindLiveObjects: 0.144283 ms CreateObjectMapping: 0.070481 ms MarkObjects: 6.803587 ms  DeleteObjects: 0.528900 ms)

Build Finished, Result: Success.
##utp:{"type":"PlayerBuildInfo","version":2,"phase":"Immediate","time":1790364570849,"processId":2289985,"steps":[{"description":"Preprocess Player","duration":74},{"description":"Prepare For Build","duration":1},{"description":"ProducePlayerScriptAssemblies","duration":5601},{"description":"Verify Build setup","duration":8},{"description":"Prepare assets for target platform","duration":1},{"description":"Prepare splash screen","duration":30},{"description":"Building scenes","duration":132},{"description":"Build scripts DLLs","duration":13},{"description":"Build GlobalGameManagers file","duration":282},{"description":"Writing asset files","duration":396},{"description":"Building Resources/unity_builtin_extra","duration":2459},{"description":"Write data build dirty tracking information","duration":15},{"description":"Postprocess built player","duration":159259}],"duration":168271}
Unloading 0 Unused Serialized files (Serialized files now loaded: 0)
Loaded scene 'Temp/__Backupscenes/0.backup'
	Deserialize:            1.679 ms
	Integration:            101.553 ms
	Integration of assets:  0.004 ms
	Thread Wait Time:       0.020 ms
	Total Operation Time:   103.256 ms
Unloading 0 unused Assets / (0 B). Loaded Objects now: 3360.
Memory consumption went from 114.4 MB to 114.4 MB.
Total: 5.647235 ms (FindLiveObjects: 0.112836 ms CreateObjectMapping: 0.074254 ms MarkObjects: 5.453172 ms  DeleteObjects: 0.006544 ms)

[GC001] build finished; result=Succeeded; totalSize=1258733292; totalErrors=0; totalWarnings=12; output=/home/worlesenric/wkspace/gc-wt/gc-017/unity/GameCore.ReleaseCheck/Builds/Linux64/GameCoreProbe.x86_64; platform=StandaloneLinux64; buildStarted=2026-09-25T19:26:37.6628810; buildEnded=2026-09-25T19:29:26.0794678
UnityEngine.Debug:ExtractStackTraceNoAlloc (byte*,int,string)
UnityEngine.StackTraceUtility:ExtractStackTrace () (at /home/bokken/build/output/unity/unity/Runtime/Export/Scripting/StackTrace.cs:35)
UnityEngine.DebugLogHandler:Internal_Log (UnityEngine.LogType,UnityEngine.LogOption,string,UnityEngine.Object)
UnityEngine.DebugLogHandler:LogFormat (UnityEngine.LogType,UnityEngine.Object,string,object[])
UnityEngine.Logger:Log (UnityEngine.LogType,object)
UnityEngine.Debug:Log (object)
GameCore.Validation.Editor.BuildProbe:Run () (at Assets/GameCore.Validation/Editor/BuildProbe.cs:163)
GameCore.Validation.Editor.BuildProbe:BuildLinuxIL2CPP () (at Assets/GameCore.Validation/Editor/BuildProbe.cs:57)

(Filename: Assets/GameCore.Validation/Editor/BuildProbe.cs Line: 163)

[GC001] probe player built; executable=/home/worlesenric/wkspace/gc-wt/gc-017/unity/GameCore.ReleaseCheck/Builds/Linux64/GameCoreProbe.x86_64; catalog=Assets/GameCore.Validation/Generated/ProbeCatalog.g.cs; catalog hash and hash scope are logged by ProbeCatalogGenerator.GenerateCatalog above
UnityEngine.Debug:ExtractStackTraceNoAlloc (byte*,int,string)
UnityEngine.StackTraceUtility:ExtractStackTrace () (at /home/bokken/build/output/unity/unity/Runtime/Export/Scripting/StackTrace.cs:35)
UnityEngine.DebugLogHandler:Internal_Log (UnityEngine.LogType,UnityEngine.LogOption,string,UnityEngine.Object)
UnityEngine.DebugLogHandler:LogFormat (UnityEngine.LogType,UnityEngine.Object,string,object[])
UnityEngine.Logger:Log (UnityEngine.LogType,object)
UnityEngine.Debug:Log (object)
GameCore.Validation.Editor.BuildProbe:Run () (at Assets/GameCore.Validation/Editor/BuildProbe.cs:185)
GameCore.Validation.Editor.BuildProbe:BuildLinuxIL2CPP () (at Assets/GameCore.Validation/Editor/BuildProbe.cs:57)

(Filename: Assets/GameCore.Validation/Editor/BuildProbe.cs Line: 185)

[GC001] exiting with code 0; batchMode=True
UnityEngine.Debug:ExtractStackTraceNoAlloc (byte*,int,string)
UnityEngine.StackTraceUtility:ExtractStackTrace () (at /home/bokken/build/output/unity/unity/Runtime/Export/Scripting/StackTrace.cs:35)
UnityEngine.DebugLogHandler:Internal_Log (UnityEngine.LogType,UnityEngine.LogOption,string,UnityEngine.Object)
UnityEngine.DebugLogHandler:LogFormat (UnityEngine.LogType,UnityEngine.Object,string,object[])
UnityEngine.Logger:Log (UnityEngine.LogType,object)
UnityEngine.Debug:Log (object)
GameCore.Validation.Editor.BuildProbe:Exit (int) (at Assets/GameCore.Validation/Editor/BuildProbe.cs:242)
GameCore.Validation.Editor.BuildProbe:BuildLinuxIL2CPP () (at Assets/GameCore.Validation/Editor/BuildProbe.cs:58)

(Filename: Assets/GameCore.Validation/Editor/BuildProbe.cs Line: 242)

Unloading 0 Unused Serialized files (Serialized files now loaded: 0)
Unloading 10 unused Assets / (0 B). Loaded Objects now: 3350.
Memory consumption went from 111.1 MB to 111.1 MB.
Total: 7.746426 ms (FindLiveObjects: 0.097413 ms CreateObjectMapping: 0.043996 ms MarkObjects: 7.575866 ms  DeleteObjects: 0.028687 ms)

[Physics::Module] Cleanup current backned.
[Physics::Module] Id: 0xf2b8ea05
Input System module state changed to: ShutdownInProgress.
Input System polling thread exited.
Input System module state changed to: Shutdown.
[Licensing::IpcConnector] LicenseClient-worlesenric-notifications channel disconnected successfully.
[Licensing::IpcConnector] LicenseClient-worlesenric channel disconnected successfully.
AcceleratorClientConnectionCallback - disconnected - :0
[40m[32minfo[39m[22m[49m: Microsoft.Hosting.Lifetime[0]
      Application is shutting down...
[40m[32minfo[39m[22m[49m: Unity.ILPP.Runner.PostProcessingAssemblyLoadContext[0]
      ALC ILPP context 2 is unloading
Cleanup mono
debugger-agent: Unable to listen on 42
[Package Manager] Server process was shutdown
Checking for leaked weakptr:
  Found no leaked weakptrs.
##utp:{"type":"MemoryLeaks","version":2,"phase":"Immediate","time":1790364578108,"processId":2289985,"allocatedMemory":11784341,"memoryLabels":[{"Default":23549},{"Permanent":16147},{"Thread":1084616},{"Manager":2816390},{"VertexData":8},{"Geometry":408},{"VFX":-104},{"Texture":160},{"Shader":79299},{"Material":24},{"GfxDevice":35976},{"Animation":456},{"Audio":4032},{"FontEngine":320},{"Physics":2081},{"Serialization":472},{"Input":26752},{"JobScheduler":33024},{"TextLib":160},{"Mono":32},{"ScriptingNativeRuntime":155096},{"BaseObject":1623248},{"Resource":1032},{"Renderer":2928},{"Transform":4678},{"File":3757},{"WebCam":80},{"Culling":32},{"Terrain":11298},{"Wind":24},{"String":16276},{"DynamicArray":91914},{"HashMap":95966},{"Utility":2665104},{"PoolAlloc":3584},{"AI":72},{"TypeTree":5005},{"ScriptManager":512},{"RuntimeInitializeOnLoadManager":64},{"SpriteAtlas":112},{"GI":7448},{"Director":8208},{"CloudService":8192},{"WebRequest":20852},{"VR":45689},{"SceneManager":528},{"Video":64},{"LazyScriptCache":32},{"Camera":17},{"Secure":8401},{"SerializationCache":1576},{"APIUpdating":10320},{"Subsystems":336},{"VirtualTexturing":57552},{"StaticSafetyDebugInfo":278528},{"Analytics":384},{"Hierarchy":832},{"CoreStats":12456},{"Identifiers":12384},{"Gui":112},{"EditorUtility":22907},{"VersionControl":4},{"Undo":979},{"AssetDatabase":2441818},{"EditorGi":328},{"UnityConnect":24792},{"Upm":1852},{"DrivenProperties":72},{"LocalIPC":210},{"ProfilerEditor":9746},{"CoreBusinessMetrics":2386},{"Licensing":688},{"AssetReference":32},{"IPCStream":32}]}
