frame,time_s,delta_ms,cpu_ms,main_ms,present_wait_ms,render_ms,gpu_ms,main_rec_ns,render_rec_ns,wait_rec_ns,gc_bytes
1,2.7195,2653.239,0.000,0.000,0.000,0.000,0.000,0,0,0,0
2,2.9596,305.071,0.000,0.000,0.000,0.000,0.000,0,0,0,41644031
3,2.9616,2.369,0.000,0.000,0.000,0.000,0.000,2358265,0,0,176066
4,2.9631,1.558,0.000,0.000,0.000,0.000,0.000,1550892,0,0,171250
5,2.9662,1.483,305.065,305.051,0.000,0.234,0.000,1475660,0,0,170798
6,2.9678,3.253,2.364,2.355,0.000,0.174,0.000,3245922,0,0,171758
7,2.9693,1.507,1.558,1.550,0.000,0.162,0.000,1489493,0,0,171030
8,2.9714,1.589,1.483,1.475,0.000,0.203,0.000,1581367,0,0,178194
9,3.0020,2.006,3.264,3.245,0.000,0.261,0.000,1999347,0,0,170710
10,3.0071,31.240,1.497,1.488,0.000,0.186,0.000,31233277,0,0,181078
11,3.0093,4.838,1.588,1.580,0.000,0.194,0.000,4828103,0,0,180526
12,3.0111,1.929,2.006,1.998,0.000,2.393,0.000,1919413,0,0,171488
13,3.0128,1.721,31.243,31.232,0.000,0.703,0.000,1713648,0,0,171256
14,3.0146,1.801,4.837,4.827,0.000,0.352,0.000,1793683,0,0,171832
15,3.0164,1.767,1.927,1.918,0.000,0.307,0.000,1760548,0,0,172060
16,3.0182,1.785,1.720,1.713,0.000,0.363,0.000,1778739,0,0,171256
17,3.0201,1.788,1.801,1.793,0.000,0.316,0.000,1781502,0,0,173540
18,3.0219,1.966,1.767,1.759,0.000,0.453,0.000,1959543,0,0,171256
19,3.0247,1.772,1.785,1.778,0.000,0.274,0.000,1762711,0,0,171256
20,3.0266,2.904,1.788,1.780,0.000,0.271,0.000,2896765,0,0,171256
21,3.0284,1.823,1.969,1.958,0.000,0.271,0.000,1815696,0,0,171256
22,3.0301,1.774,1.770,1.762,0.000,0.297,0.000,1765004,0,0,171800
23,3.0318,1.735,2.904,2.896,0.000,0.269,0.000,1727699,0,0,171256
24,3.0336,1.692,1.825,1.815,0.000,0.267,0.000,1684921,0,0,171256
25,3.0353,1.727,1.772,1.764,0.000,0.253,0.000,1720035,0,0,171256
26,3.0370,1.726,1.735,1.726,0.000,0.367,0.000,1718977,0,0,171256
27,3.0387,1.741,1.692,1.684,0.000,0.319,0.000,1733463,0,0,171256
28,3.0406,1.666,1.727,1.719,0.000,0.319,0.000,1658809,0,0,171256
29,3.0423,1.882,1.726,1.718,0.000,0.295,0.000,1874962,0,0,171256
30,3.0440,1.696,1.740,1.732,0.000,0.311,0.000,1688537,0,0,172344
31,3.0458,1.688,1.666,1.658,0.000,0.679,0.000,1681471,0,0,171256
32,3.0475,1.813,1.883,1.874,0.000,0.414,0.000,1805612,0,0,171528
33,3.0501,1.713,1.696,1.687,0.000,0.295,0.000,1706246,0,0,171256
34,3.0519,2.678,1.689,1.680,0.000,0.333,0.000,2671585,0,0,171256
35,3.0537,1.759,1.813,1.805,0.000,0.344,0.000,1752019,0,0,173100
36,3.0554,1.723,1.713,1.705,0.000,0.336,0.000,1716389,0,0,171256
37,3.0571,1.678,2.679,2.670,0.000,0.372,0.000,1670983,0,0,176660
38,3.0588,1.706,1.759,1.751,0.000,0.305,0.000,1699548,0,0,171256
39,3.0606,1.690,1.723,1.715,0.000,0.324,0.000,1683099,0,0,171256
40,3.0623,1.806,1.677,1.670,0.000,0.310,0.000,1799718,0,0,171256
41,3.0640,1.702,1.707,1.698,0.000,0.655,0.000,1695709,0,0,171256
42,3.0657,1.719,1.690,1.682,0.000,0.485,0.000,1712099,0,0,171256
43,3.0674,1.697,1.806,1.799,0.000,0.289,0.000,1690346,0,0,171256
44,3.0691,1.682,1.702,1.695,0.000,0.274,0.000,1673362,0,0,171256
45,3.0707,1.698,1.719,1.711,0.000,0.296,0.000,1690599,0,0,171256
46,3.0725,1.625,1.699,1.689,0.000,0.274,0.000,1618271,0,0,171256
47,3.0752,1.809,1.680,1.672,0.000,0.275,0.000,1801361,0,0,171256
48,3.0773,2.969,1.698,1.689,0.000,0.287,0.000,2961201,0,0,171256
49,3.0791,1.864,1.626,1.617,0.000,0.677,0.000,1855644,0,0,171256
50,3.0809,1.760,1.809,1.800,0.000,0.679,0.000,1753309,0,0,171256
51,3.0827,1.931,2.969,2.960,0.000,0.296,0.000,1923801,0,0,171256
52,3.0844,1.714,1.863,1.854,0.000,0.285,0.000,1705149,0,0,171256
53,3.0861,1.685,1.760,1.752,0.000,0.379,0.000,1677874,0,0,171256
54,3.0878,1.690,1.933,1.923,0.000,0.279,0.000,1683273,0,0,171256
55,3.0895,1.719,1.712,1.704,0.000,0.259,0.000,1711701,0,0,171256
56,3.0911,1.615,1.685,1.677,0.000,0.251,0.000,1607548,0,0,171256
57,3.0928,1.647,1.691,1.682,0.000,0.249,0.000,1639669,0,0,171256
58,3.0945,1.723,1.719,1.710,0.000,0.237,0.000,1716477,0,0,171256
59,3.0962,1.656,1.614,1.606,0.000,0.250,0.000,1646921,0,0,171256
60,3.0978,1.662,1.647,1.639,0.000,0.335,0.000,1655572,0,0,171256
61,3.1006,1.702,1.725,1.715,0.000,0.319,0.000,1694729,0,0,171256
62,3.1024,2.829,1.654,1.646,0.000,0.622,0.000,2821996,0,0,173464
63,3.1050,2.124,1.663,1.654,0.000,0.629,0.000,2108933,0,0,171256
64,3.1069,2.393,1.702,1.694,0.000,0.645,0.000,2383015,0,0,171256
65,3.1085,1.653,2.837,2.821,0.000,0.336,0.000,1646619,0,0,171256
66,3.1102,1.664,2.119,2.107,0.000,0.263,0.000,1657554,0,0,171256
67,3.1119,1.689,2.389,2.381,0.000,0.242,0.000,1682202,0,0,171256
68,3.1135,1.686,1.653,1.646,0.000,0.350,0.000,1679066,0,0,171256
69,3.1153,1.671,1.665,1.656,0.000,0.295,0.000,1663037,0,0,171256
70,3.1170,1.784,1.689,1.681,0.000,0.281,0.000,1777083,0,0,171256
71,3.1187,1.659,1.687,1.678,0.000,0.376,0.000,1653229,0,0,171256
72,3.1205,1.695,1.670,1.662,0.000,0.316,0.000,1688946,0,0,171256
73,3.1223,1.862,1.783,1.776,0.000,0.293,0.000,1855541,0,0,171256
74,3.1240,1.745,1.660,1.652,0.000,0.333,0.000,1737025,0,0,171256
75,3.1265,1.657,1.697,1.688,0.000,0.292,0.000,1649244,0,0,171256
76,3.1283,2.619,1.862,1.853,0.000,0.344,0.000,2612241,0,0,171256
77,3.1300,1.701,1.744,1.736,0.000,0.622,0.000,1694160,0,0,171256
78,3.1317,1.726,1.656,1.648,0.000,0.648,0.000,1718125,0,0,171256
79,3.1334,1.685,2.620,2.611,0.000,0.357,0.000,1678781,0,0,171256
80,3.1351,1.759,1.701,1.693,0.000,0.264,0.000,1749292,0,0,171256
81,3.1369,1.716,1.725,1.717,0.000,0.457,0.000,1709629,0,0,171256
82,3.1388,1.901,1.688,1.678,0.000,0.603,0.000,1892495,0,0,171256
83,3.1406,1.726,1.756,1.748,0.000,0.711,0.000,1718896,0,0,171256
84,3.1424,1.866,1.718,1.708,0.000,0.615,0.000,1859582,0,0,171256
85,3.1441,1.732,1.900,1.891,0.000,0.367,0.000,1725127,0,0,171256
86,3.1459,1.765,1.726,1.718,0.000,0.621,0.000,1758744,0,0,171256
87,3.1476,1.724,1.867,1.858,0.000,0.310,0.000,1716647,0,0,175260
88,3.1493,1.709,1.732,1.724,0.000,0.268,0.000,1701217,0,0,171256
89,3.1519,1.687,1.766,1.758,0.000,0.282,0.000,1679325,0,0,183140
90,3.1536,2.619,1.724,1.715,0.000,0.283,0.000,2612493,0,0,171256
91,3.1554,1.745,1.708,1.700,0.000,0.245,0.000,1738203,0,0,171256
92,3.1572,1.801,1.686,1.678,0.000,0.260,0.000,1793391,0,0,171352
93,3.1589,1.754,2.619,2.611,0.000,0.257,0.000,1747021,0,0,171256
94,3.1607,1.672,1.746,1.737,0.000,0.273,0.000,1664918,0,0,171256
95,3.1623,1.811,1.800,1.792,0.000,0.255,0.000,1803674,0,0,171256
96,3.1640,1.670,1.754,1.746,0.000,0.278,0.000,1657194,0,0,171256
97,3.1659,1.769,1.672,1.664,0.000,0.268,0.000,1761950,0,0,171256
98,3.1676,1.806,1.816,1.803,0.000,0.254,0.000,1798993,0,0,171256
99,3.1693,1.722,1.664,1.656,0.000,0.251,0.000,1715014,0,0,171256
100,3.1711,1.754,1.769,1.761,0.000,0.260,0.000,1747315,0,0,171256
101,3.1728,1.729,1.807,1.798,0.000,0.253,0.000,1722663,0,0,171258
102,3.1746,1.729,1.722,1.714,0.000,0.610,0.000,1720316,0,0,171258
103,3.1773,1.843,1.755,1.746,0.000,0.579,0.000,1834937,0,0,171258
104,3.1795,2.680,1.731,1.722,0.000,0.540,0.000,2670777,0,0,171258
105,3.1816,2.327,1.729,1.719,0.000,0.502,0.000,2320132,0,0,171818
106,3.1835,1.999,1.844,1.834,0.000,0.353,0.000,1991791,0,0,171314
107,3.1854,1.880,2.677,2.669,0.000,0.702,0.000,1873474,0,0,171258
108,3.1873,1.913,2.327,2.319,0.000,0.379,0.000,1906441,0,0,171258
109,3.1891,1.873,1.999,1.991,0.000,0.315,0.000,1865371,0,0,171258
110,3.1910,1.910,1.880,1.872,0.000,0.328,0.000,1901857,0,0,171258
111,3.1929,1.832,1.914,1.905,0.000,0.367,0.000,1823824,0,0,171258
112,3.1949,1.964,1.873,1.864,0.000,0.364,0.000,1955156,0,0,171258
113,3.1970,2.022,1.910,1.901,0.000,0.327,0.000,2014541,0,0,171258
114,3.1990,2.109,1.832,1.822,0.000,0.681,0.000,2100841,0,0,171258
115,3.2011,1.981,1.962,1.954,0.000,0.687,0.000,1970475,0,0,171258
116,3.2031,2.111,2.023,2.013,0.000,0.493,0.000,2102842,0,0,171258
117,3.2060,1.940,2.111,2.100,0.000,0.669,0.000,1931338,0,0,171258
118,3.2082,3.068,1.979,1.969,0.000,0.717,0.000,3060732,0,0,171258
119,3.2101,2.035,2.111,2.102,0.000,0.772,0.000,2025746,0,0,171258
120,3.2120,1.885,1.939,1.930,0.000,0.433,0.000,1877036,0,0,171258
121,3.2141,1.977,3.069,3.059,0.000,0.348,0.000,1969530,0,0,190229
122,3.2159,1.961,2.034,2.024,0.000,0.637,0.000,1952642,0,0,171354
123,3.2178,1.838,1.885,1.876,0.000,0.321,0.000,1830719,0,0,171258
124,3.2199,1.912,1.978,1.968,0.000,0.331,0.000,1904609,0,0,171258
125,3.2218,2.092,1.960,1.951,0.000,0.365,0.000,2083554,0,0,175418
126,3.2237,1.925,1.838,1.830,0.000,0.336,0.000,1915847,0,0,171258
127,3.2256,1.876,1.913,1.903,0.000,0.412,0.000,1868616,0,0,171258
128,3.2274,1.870,2.092,2.082,0.000,0.437,0.000,1861688,0,0,171258
129,3.2293,1.829,1.924,1.915,0.000,0.446,0.000,1816314,0,0,171258
130,3.2311,1.844,1.876,1.867,0.000,0.358,0.000,1837065,0,0,171258
131,3.2339,1.798,1.875,1.860,0.000,0.377,0.000,1790404,0,0,171258
132,3.2358,2.826,1.824,1.815,0.000,0.351,0.000,2818129,0,0,171258
133,3.2376,1.893,1.845,1.836,0.000,0.297,0.000,1885055,0,0,171258
134,3.2395,1.780,1.798,1.789,0.000,0.712,0.000,1772595,0,0,171258
135,3.2412,1.864,2.826,2.817,0.000,0.689,0.000,1856482,0,0,171258
136,3.2430,1.773,1.892,1.884,0.000,0.545,0.000,1765755,0,0,171258
137,3.2447,1.720,1.780,1.771,0.000,0.338,0.000,1713145,0,0,171258
138,3.2465,1.759,1.864,1.855,0.000,0.338,0.000,1752307,0,0,171258
139,3.2481,1.671,1.773,1.764,0.000,0.296,0.000,1663407,0,0,171258
140,3.2499,1.707,1.720,1.712,0.000,0.356,0.000,1700498,0,0,171258
141,3.2516,1.769,1.759,1.751,0.000,0.287,0.000,1761187,0,0,171258
142,3.2536,1.812,1.670,1.662,0.000,0.332,0.000,1805548,0,0,171258
143,3.2556,1.993,1.708,1.699,0.000,0.293,0.000,1985581,0,0,171258
144,3.2574,1.939,1.768,1.760,0.000,0.423,0.000,1931478,0,0,171258
145,3.2602,1.835,1.813,1.804,0.000,0.320,0.000,1827397,0,0,171258
146,3.2623,2.915,1.993,1.984,0.000,0.354,0.000,2905187,0,0,171258
147,3.2642,2.012,1.939,1.930,0.000,0.476,0.000,2002703,0,0,171258
148,3.2661,1.856,1.837,1.826,0.000,0.474,0.000,1847464,0,0,171258
149,3.2680,1.942,2.915,2.904,0.000,0.456,0.000,1933525,0,0,171258
150,3.2709,2.261,2.011,2.001,0.000,0.460,0.000,2251540,0,0,171258
151,3.2732,2.765,1.856,1.846,0.000,0.505,0.000,2752505,0,0,171258
152,3.2752,2.166,1.943,1.932,0.000,0.440,0.000,2155762,0,0,171354
153,3.2772,1.972,2.265,2.250,0.000,0.431,0.000,1963116,0,0,171258
154,3.2790,1.860,2.762,2.751,0.000,0.761,0.000,1852060,0,0,171258
155,3.2808,1.770,2.164,2.154,0.000,0.368,0.000,1763158,0,0,171258
156,3.2826,1.870,1.971,1.962,0.000,0.740,0.000,1863350,0,0,171258
157,3.2846,1.902,1.859,1.851,0.000,0.380,0.000,1893967,0,0,171258
158,3.2864,1.848,1.770,1.762,0.000,0.622,0.000,1840570,0,0,171258
159,3.2891,1.841,1.871,1.862,0.000,0.381,0.000,1833171,0,0,171258
160,3.2910,2.772,1.902,1.893,0.000,0.515,0.000,2764910,0,0,171258
161,3.2928,1.818,1.848,1.839,0.000,0.293,0.000,1811033,0,0,171258
162,3.2945,1.765,1.840,1.830,0.000,0.306,0.000,1757532,0,0,171258
163,3.2962,1.684,2.772,2.764,0.000,0.275,0.000,1676800,0,0,171258
164,3.2979,1.729,1.818,1.810,0.000,0.710,0.000,1722140,0,0,171258
165,3.2998,1.730,1.765,1.756,0.000,0.683,0.000,1721837,0,0,171258
166,3.3014,1.791,1.684,1.676,0.000,0.282,0.000,1783439,0,0,171258
167,3.3031,1.665,1.730,1.721,0.000,0.254,0.000,1657045,0,0,171258
168,3.3048,1.672,1.729,1.720,0.000,0.266,0.000,1664896,0,0,171258
169,3.3065,1.702,1.791,1.782,0.000,0.280,0.000,1694386,0,0,171258
170,3.3082,1.732,1.664,1.656,0.000,0.657,0.000,1725493,0,0,171258
171,3.3100,1.720,1.672,1.664,0.000,0.439,0.000,1712709,0,0,171258
172,3.3118,1.803,1.702,1.693,0.000,0.293,0.000,1796387,0,0,171258
173,3.3136,1.804,1.732,1.724,0.000,0.604,0.000,1797385,0,0,171258
174,3.3163,2.692,1.720,1.711,0.000,0.312,0.000,2685004,0,0,171818
175,3.3181,1.855,1.803,1.795,0.000,0.294,0.000,1847068,0,0,171314
176,3.3199,1.731,1.804,1.796,0.000,0.388,0.000,1723361,0,0,171258
177,3.3218,1.897,2.692,2.684,0.000,0.712,0.000,1889618,0,0,171258
178,3.3235,1.767,1.855,1.846,0.000,0.413,0.000,1759570,0,0,171258
179,3.3251,1.668,1.731,1.722,0.000,0.318,0.000,1661144,0,0,171258
180,3.3268,1.663,1.897,1.888,0.000,0.285,0.000,1656824,0,0,171258
181,3.3289,1.861,1.767,1.758,0.000,0.709,0.000,1854532,0,0,171258
182,3.3309,2.019,1.667,1.660,0.000,0.677,0.000,2009830,0,0,171354
183,3.3327,1.940,1.663,1.656,0.000,0.480,0.000,1933120,0,0,171258
184,3.3347,1.931,1.863,1.853,0.000,0.366,0.000,1923895,0,0,171258
185,3.3367,1.984,2.017,2.009,0.000,0.354,0.000,1976063,0,0,171258
186,3.3387,2.056,1.940,1.932,0.000,0.331,0.000,2047046,0,0,171258
187,3.3409,2.022,1.932,1.923,0.000,0.392,0.000,2013173,0,0,171258
188,3.3441,2.238,1.985,1.975,0.000,0.342,0.000,2229217,0,0,171258
189,3.3464,3.311,2.055,2.046,0.000,0.740,0.000,3302564,0,0,171258
190,3.3485,2.128,2.022,2.012,0.000,0.421,0.000,2119302,0,0,171258
191,3.3504,2.011,2.238,2.228,0.000,0.391,0.000,2002341,0,0,171258
192,3.3525,1.964,3.312,3.301,0.000,0.360,0.000,1955009,0,0,171258
193,3.3545,2.048,2.128,2.118,0.000,0.332,0.000,2038245,0,0,179942
194,3.3566,2.056,2.015,2.001,0.000,0.525,0.000,2046660,0,0,171258
195,3.3585,2.003,1.961,1.950,0.000,0.505,0.000,1993277,0,0,171258
196,3.3606,1.937,2.048,2.037,0.000,0.494,0.000,1927859,0,0,171258
197,3.3625,2.069,2.056,2.045,0.000,0.414,0.000,2058871,0,0,197182
198,3.3643,1.856,2.002,1.992,0.000,0.502,0.000,1848204,0,0,171258
199,3.3661,1.767,1.938,1.927,0.000,0.372,0.000,1758928,0,0,171258
200,3.3678,1.769,2.067,2.058,0.000,0.723,0.000,1762524,0,0,171258
201,3.3696,1.765,1.856,1.847,0.000,0.694,0.000,1757393,0,0,171258
202,3.3723,1.757,1.766,1.758,0.000,0.356,0.000,1750080,0,0,171258
203,3.3741,2.730,1.770,1.761,0.000,0.314,0.000,2723530,0,0,171258
204,3.3761,1.931,1.765,1.756,0.000,0.323,0.000,1924149,0,0,171258
205,3.3781,1.958,1.757,1.749,0.000,0.308,0.000,1948993,0,0,171258
206,3.3813,3.112,2.731,2.722,0.000,0.437,0.000,3104172,0,0,171258
207,3.3832,2.101,1.933,1.923,0.000,0.386,0.000,2093523,0,0,171258
208,3.3851,1.847,1.957,1.948,0.000,0.351,0.000,1839869,0,0,171258
209,3.3871,1.922,3.112,3.103,0.000,0.320,0.000,1914086,0,0,171258
210,3.3891,2.094,2.101,2.092,0.000,0.393,0.000,2086229,0,0,171258
211,3.3912,2.032,1.847,1.839,0.000,0.384,0.000,2023273,0,0,171258
212,3.3934,2.154,1.922,1.913,0.000,0.379,0.000,2145424,0,0,171354
213,3.3956,2.154,2.095,2.085,0.000,0.800,0.000,2145265,0,0,171258
214,3.3978,2.199,2.032,2.022,0.000,0.675,0.000,2190252,0,0,171258
215,3.4000,2.154,2.154,2.144,0.000,0.738,0.000,2145815,0,0,171258
216,3.4032,2.245,2.154,2.144,0.000,0.808,0.000,2236012,0,0,171258
217,3.4052,3.097,2.199,2.189,0.000,0.417,0.000,3087217,0,0,171258
218,3.4071,2.005,2.155,2.144,0.000,0.365,0.000,1996075,0,0,171258
219,3.4090,1.912,2.246,2.235,0.000,0.406,0.000,1904211,0,0,171258
220,3.4109,1.870,3.095,3.086,0.000,0.397,0.000,1861072,0,0,171258
221,3.4127,1.847,2.004,1.995,0.000,0.367,0.000,1839319,0,0,171258
222,3.4146,1.809,1.913,1.903,0.000,0.698,0.000,1801232,0,0,171258
223,3.4163,1.813,1.869,1.860,0.000,0.712,0.000,1805039,0,0,171258
224,3.4181,1.746,1.847,1.838,0.000,0.366,0.000,1738595,0,0,171258
225,3.4200,1.792,1.809,1.800,0.000,0.524,0.000,1784938,0,0,171258
226,3.4217,1.896,1.812,1.804,0.000,0.333,0.000,1888196,0,0,171258
227,3.4235,1.764,1.747,1.737,0.000,0.337,0.000,1756586,0,0,171258
228,3.4254,1.823,1.791,1.782,0.000,0.703,0.000,1815710,0,0,171258
229,3.4273,1.876,1.896,1.887,0.000,0.666,0.000,1868586,0,0,171258
230,3.4300,1.826,1.764,1.755,0.000,0.748,0.000,1818910,0,0,171258
231,3.4319,2.769,1.823,1.814,0.000,0.392,0.000,2761737,0,0,171258
232,3.4336,1.776,1.876,1.867,0.000,0.294,0.000,1768255,0,0,171258
233,3.4353,1.702,1.826,1.818,0.000,0.298,0.000,1695051,0,0,171258
234,3.4370,1.745,2.770,2.761,0.000,0.265,0.000,1737336,0,0,171258
235,3.4387,1.698,1.775,1.767,0.000,0.276,0.000,1690390,0,0,171258
236,3.4406,1.733,1.702,1.694,0.000,0.343,0.000,1726350,0,0,171258
237,3.4423,1.847,1.745,1.736,0.000,0.305,0.000,1839753,0,0,171258
238,3.4442,1.822,1.698,1.689,0.000,0.660,0.000,1813383,0,0,171258
239,3.4460,1.858,1.733,1.725,0.000,0.377,0.000,1850348,0,0,171258
240,3.4483,1.900,1.848,1.839,0.000,0.362,0.000,1891732,0,0,171258
241,3.4505,2.413,1.821,1.812,0.000,0.708,0.000,2403554,0,0,189869
242,3.4525,2.038,1.859,1.849,0.000,0.352,0.000,2029552,0,0,171354
243,3.4545,1.924,1.901,1.891,0.000,0.401,0.000,1914485,0,0,171258
244,3.4576,2.044,2.412,2.402,0.000,0.347,0.000,2036859,0,0,171258
245,3.4599,3.141,2.039,2.028,0.000,0.337,0.000,3133697,0,0,171258
246,3.4620,2.294,1.922,1.913,0.000,0.376,0.000,2285811,0,0,171258
247,3.4639,2.081,2.045,2.036,0.000,0.395,0.000,2072042,0,0,171258
248,3.4656,1.795,3.142,3.132,0.000,0.748,0.000,1787709,0,0,171258
249,3.4674,1.747,2.294,2.284,0.000,0.716,0.000,1737796,0,0,171258
250,3.4691,1.754,2.079,2.071,0.000,0.425,0.000,1746858,0,0,171258
251,3.4709,1.731,1.797,1.787,0.000,0.346,0.000,1724693,0,0,171258
252,3.4726,1.746,1.745,1.737,0.000,0.699,0.000,1739121,0,0,179514
253,3.4743,1.711,1.754,1.746,0.000,0.600,0.000,1704211,0,0,171258
254,3.4762,1.759,1.732,1.724,0.000,0.695,0.000,1752711,0,0,171258
255,3.4780,1.908,1.746,1.738,0.000,0.356,0.000,1898835,0,0,171258
256,3.4799,1.805,1.711,1.703,0.000,0.465,0.000,1798270,0,0,171478
257,3.4817,1.888,1.762,1.752,0.000,0.365,0.000,1880160,0,0,171258
258,3.4836,1.864,1.906,1.897,0.000,0.678,0.000,1856631,0,0,171258
259,3.4865,1.842,1.806,1.797,0.000,0.685,0.000,1834860,0,0,171686
260,3.4885,3.063,1.888,1.879,0.000,0.687,0.000,3056152,0,0,171258
261,3.4904,1.933,1.864,1.855,0.000,0.569,0.000,1924384,0,0,171258
262,3.4923,1.890,1.842,1.834,0.000,0.351,0.000,1881884,0,0,171258
263,3.4942,1.895,3.065,3.055,0.000,0.379,0.000,1887197,0,0,172206
264,3.4961,1.899,1.933,1.923,0.000,0.335,0.000,1890679,0,0,171258
265,3.4980,1.881,1.890,1.881,0.000,0.396,0.000,1872434,0,0,171258
266,3.5001,1.956,1.896,1.886,0.000,0.377,0.000,1947545,0,0,171258
267,3.5021,2.092,1.899,1.889,0.000,0.339,0.000,2084364,0,0,171258
268,3.5040,1.942,1.881,1.871,0.000,0.333,0.000,1933962,0,0,171258
269,3.5059,1.896,1.956,1.946,0.000,0.329,0.000,1887871,0,0,171258
270,3.5078,1.860,2.093,2.083,0.000,0.344,0.000,1852916,0,0,171258
271,3.5099,2.072,1.942,1.933,0.000,0.296,0.000,2063646,0,0,171258
272,3.5119,2.036,1.895,1.887,0.000,0.303,0.000,2027557,0,0,171354
273,3.5169,1.924,1.861,1.852,0.000,0.494,0.000,1916403,0,0,173246
274,3.5194,5.211,2.072,2.062,0.000,0.722,0.000,5203706,0,0,171258
275,3.5224,3.175,2.035,2.026,0.000,0.366,0.000,3166630,0,0,171258
276,3.5244,2.212,1.924,1.915,0.000,0.349,0.000,2202205,0,0,171306
277,3.5262,1.874,5.213,5.202,0.000,0.372,0.000,1865506,0,0,171258
278,3.5280,1.790,3.176,3.165,0.000,0.362,0.000,1782535,0,0,171258
279,3.5297,1.716,2.209,2.200,0.000,0.348,0.000,1709263,0,0,171258
280,3.5314,1.718,1.873,1.864,0.000,0.275,0.000,1711237,0,0,171258
281,3.5332,1.733,1.790,1.781,0.000,0.296,0.000,1726022,0,0,171258
282,3.5349,1.743,1.716,1.708,0.000,0.327,0.000,1736073,0,0,171258
283,3.5366,1.719,1.718,1.710,0.000,0.275,0.000,1711901,0,0,171258
284,3.5386,1.738,1.733,1.725,0.000,0.275,0.000,1731164,0,0,171258
285,3.5410,2.197,1.743,1.735,0.000,0.274,0.000,2188382,0,0,171258
286,3.5432,2.370,1.719,1.711,0.000,0.465,0.000,2362433,0,0,171258
287,3.5453,2.246,1.740,1.730,0.000,0.733,0.000,2237845,0,0,171258
288,3.5487,1.936,2.196,2.187,0.000,0.802,0.000,1927421,0,0,171258
289,3.5515,3.713,2.370,2.361,0.000,0.465,0.000,3704157,0,0,171258
290,3.5541,2.790,2.247,2.236,0.000,0.759,0.000,2778473,0,0,171258
291,3.5567,2.670,1.936,1.926,0.000,0.884,0.000,2657602,0,0,171258
292,3.5593,2.514,3.715,3.703,0.000,0.822,0.000,2503831,0,0,171258
293,3.5623,2.692,2.792,2.777,0.000,0.859,0.000,2680572,0,0,175950
294,3.5651,3.009,2.668,2.656,0.000,0.835,0.000,2999728,0,0,171258
295,3.5682,2.866,2.515,2.502,0.000,0.537,0.000,2853665,0,0,171258
296,3.5721,3.407,2.690,2.678,0.000,0.555,0.000,3395118,0,0,171258
297,3.5759,3.994,3.012,2.998,0.000,0.935,0.000,3983076,0,0,171258
298,3.5794,3.744,2.866,2.852,0.000,0.646,0.000,3731683,0,0,171258
299,3.5825,3.219,3.407,3.393,0.000,0.668,0.000,3207030,0,0,171258
300,3.5857,3.077,3.995,3.981,0.000,0.988,0.000,3064624,0,0,171258
301,3.5903,3.203,3.744,3.729,0.000,0.987,0.000,3189203,0,0,171258
302,3.5937,4.783,3.219,3.205,0.000,0.918,0.000,4770881,0,0,171354
303,3.5969,3.294,3.079,3.062,0.000,0.574,0.000,3281833,0,0,171258
304,3.6000,3.230,3.202,3.187,0.000,0.626,0.000,3216647,0,0,171258
305,3.6025,2.757,4.783,4.769,0.000,0.525,0.000,2745860,0,0,171258
306,3.6049,2.446,3.294,3.280,0.000,0.924,0.000,2436116,0,0,171258
307,3.6073,2.451,3.228,3.215,0.000,0.866,0.000,2441542,0,0,171258
308,3.6095,2.282,2.756,2.744,0.000,0.600,0.000,2273037,0,0,171258
309,3.6116,2.214,2.445,2.434,0.000,0.923,0.000,2204894,0,0,171258
310,3.6137,2.087,2.451,2.440,0.000,0.813,0.000,2079413,0,0,171258
311,3.6162,2.423,2.282,2.271,0.000,0.448,0.000,2414108,0,0,171258
312,3.6182,2.070,2.213,2.204,0.000,0.494,0.000,2044205,0,0,171258
313,3.6202,1.947,2.088,2.078,0.000,0.333,0.000,1937695,0,0,171258
314,3.6222,2.093,2.441,2.413,0.000,0.570,0.000,2086355,0,0,171258
315,3.6250,1.883,2.052,2.041,0.000,0.326,0.000,1875109,0,0,171258
316,3.6270,2.910,1.945,1.936,0.000,0.383,0.000,2903258,0,0,171258
317,3.6288,1.912,2.095,2.085,0.000,0.316,0.000,1904679,0,0,171258
318,3.6306,1.838,1.882,1.874,0.000,0.323,0.000,1829660,0,0,171258
319,3.6323,1.708,2.911,2.902,0.000,0.328,0.000,1700609,0,0,171258
320,3.6341,1.751,1.913,1.903,0.000,0.291,0.000,1744264,0,0,171258
321,3.6359,1.780,1.837,1.828,0.000,0.278,0.000,1773509,0,0,171258
322,3.6377,1.803,1.707,1.699,0.000,0.260,0.000,1796163,0,0,171258
323,3.6397,1.797,1.751,1.743,0.000,0.358,0.000,1790109,0,0,171258
324,3.6416,2.043,1.780,1.772,0.000,0.709,0.000,2036525,0,0,171258
325,3.6434,1.832,1.803,1.795,0.000,0.573,0.000,1825049,0,0,171258
326,3.6452,1.811,1.797,1.789,0.000,0.435,0.000,1803977,0,0,171258
327,3.6469,1.784,2.044,2.035,0.000,0.328,0.000,1777312,0,0,171258
328,3.6486,1.725,1.832,1.824,0.000,0.366,0.000,1718103,0,0,171258
329,3.6514,2.661,1.811,1.803,0.000,0.349,0.000,2653825,0,0,171258
330,3.6531,1.822,1.784,1.776,0.000,0.696,0.000,1814573,0,0,171258
331,3.6550,1.748,1.725,1.717,0.000,0.676,0.000,1741233,0,0,171258
332,3.6567,1.798,2.661,2.653,0.000,0.356,0.000,1790039,0,0,171354
333,3.6584,1.710,1.821,1.813,0.000,0.338,0.000,1703443,0,0,171258
334,3.6602,1.681,1.749,1.740,0.000,0.271,0.000,1673540,0,0,171258
335,3.6618,1.784,1.796,1.789,0.000,0.384,0.000,1777107,0,0,171258
336,3.6635,1.682,1.710,1.702,0.000,0.306,0.000,1675016,0,0,171258
337,3.6652,1.682,1.680,1.672,0.000,0.356,0.000,1675478,0,0,171258
338,3.6670,1.784,1.784,1.776,0.000,0.306,0.000,1777697,0,0,171258
339,3.6688,1.775,1.681,1.674,0.000,0.320,0.000,1767795,0,0,171258
340,3.6705,1.747,1.682,1.674,0.000,0.362,0.000,1740105,0,0,171258
341,3.6724,1.785,1.785,1.777,0.000,0.304,0.000,1777760,0,0,171258
342,3.6751,1.812,1.775,1.767,0.000,0.530,0.000,1804407,0,0,171258
343,3.6769,2.744,1.747,1.739,0.000,0.301,0.000,2737570,0,0,171258
344,3.6786,1.780,1.785,1.777,0.000,0.670,0.000,1771715,0,0,171258
345,3.6804,1.641,1.811,1.803,0.000,0.403,0.000,1634144,0,0,181566
346,3.6820,1.768,2.745,2.736,0.000,0.340,0.000,1761341,0,0,171818
347,3.6837,1.652,1.778,1.771,0.000,0.295,0.000,1645626,0,0,171314
348,3.6855,1.797,1.641,1.633,0.000,0.316,0.000,1790856,0,0,171258
349,3.6873,1.757,1.768,1.760,0.000,0.671,0.000,1750208,0,0,171258
350,3.6890,1.750,1.652,1.645,0.000,0.710,0.000,1742905,0,0,171258
351,3.6906,1.674,1.798,1.790,0.000,0.557,0.000,1666694,0,0,171258
352,3.6923,1.648,1.757,1.749,0.000,0.307,0.000,1641697,0,0,171258
353,3.6941,1.777,1.750,1.742,0.000,0.284,0.000,1769762,0,0,171258
354,3.6958,1.729,1.673,1.665,0.000,0.656,0.000,1721207,0,0,171258
355,3.6975,1.666,1.649,1.641,0.000,0.318,0.000,1659705,0,0,171258
356,3.7003,2.669,1.777,1.769,0.000,0.346,0.000,2662933,0,0,171258
357,3.7021,1.909,1.728,1.720,0.000,0.297,0.000,1902406,0,0,171258
358,3.7038,1.697,1.666,1.659,0.000,0.386,0.000,1689521,0,0,171258
359,3.7054,1.682,2.670,2.662,0.000,0.294,0.000,1674779,0,0,171258
360,3.7070,1.623,1.910,1.901,0.000,0.363,0.000,1616609,0,0,171258
361,3.7090,1.743,1.696,1.688,0.000,0.407,0.000,1736959,0,0,190413
362,3.7109,1.986,1.681,1.674,0.000,0.496,0.000,1978600,0,0,171354
363,3.7128,1.882,1.623,1.615,0.000,0.648,0.000,1874409,0,0,171258
364,3.7146,1.835,1.744,1.736,0.000,0.714,0.000,1828590,0,0,171258
365,3.7164,1.793,1.986,1.977,0.000,0.674,0.000,1786851,0,0,171258
366,3.7182,1.824,1.881,1.873,0.000,0.405,0.000,1816224,0,0,171258
367,3.7201,1.809,1.835,1.827,0.000,0.496,0.000,1801968,0,0,171258
368,3.7220,2.010,1.794,1.786,0.000,0.680,0.000,2002970,0,0,171258
369,3.7249,1.824,1.824,1.815,0.000,0.667,0.000,1816995,0,0,171258
370,3.7269,2.985,1.809,1.801,0.000,0.709,0.000,2977867,0,0,171258
371,3.7287,1.863,2.010,2.002,0.000,0.365,0.000,1854417,0,0,171258
372,3.7306,1.935,1.824,1.816,0.000,0.401,0.000,1927081,0,0,171258
373,3.7324,1.841,2.986,2.977,0.000,0.395,0.000,1832864,0,0,171258
374,3.7342,1.770,1.862,1.853,0.000,0.354,0.000,1763007,0,0,171258
375,3.7360,1.773,1.935,1.926,0.000,0.302,0.000,1765572,0,0,171258
376,3.7377,1.744,1.840,1.832,0.000,0.680,0.000,1736258,0,0,171258
377,3.7396,1.751,1.770,1.762,0.000,0.719,0.000,1744002,0,0,171258
378,3.7414,1.909,1.773,1.764,0.000,0.407,0.000,1901553,0,0,171258
379,3.7431,1.741,1.744,1.735,0.000,0.699,0.000,1733717,0,0,171258
380,3.7449,1.769,1.751,1.743,0.000,0.684,0.000,1761232,0,0,171258
381,3.7466,1.754,1.909,1.900,0.000,0.388,0.000,1746904,0,0,171258
382,3.7482,1.646,1.741,1.733,0.000,0.345,0.000,1639588,0,0,171258
383,3.7509,2.608,1.768,1.760,0.000,0.294,0.000,2600903,0,0,171258
384,3.7526,1.725,1.754,1.746,0.000,0.278,0.000,1718117,0,0,171258
385,3.7543,1.681,1.646,1.638,0.000,0.319,0.000,1673710,0,0,171258
386,3.7560,1.710,2.608,2.600,0.000,0.287,0.000,1703364,0,0,171258
387,3.7577,1.739,1.725,1.717,0.000,0.315,0.000,1731525,0,0,171258
388,3.7594,1.645,1.680,1.673,0.000,0.303,0.000,1638316,0,0,171258
389,3.7611,1.759,1.711,1.702,0.000,0.306,0.000,1752094,0,0,171258
390,3.7630,1.810,1.738,1.730,0.000,0.286,0.000,1802327,0,0,171258
391,3.7648,1.826,1.645,1.637,0.000,0.708,0.000,1818148,0,0,171258
392,3.7667,1.882,1.760,1.751,0.000,0.719,0.000,1875067,0,0,171354
393,3.7686,1.894,1.810,1.801,0.000,0.663,0.000,1886395,0,0,171258
394,3.7705,1.932,1.825,1.817,0.000,0.400,0.000,1924949,0,0,171258
395,3.7724,1.837,1.882,1.874,0.000,0.368,0.000,1828998,0,0,171258
396,3.7752,1.834,1.894,1.885,0.000,0.705,0.000,1826344,0,0,171258
397,3.7773,3.020,1.933,1.924,0.000,0.681,0.000,3011767,0,0,171258
398,3.7792,1.993,1.836,1.828,0.000,0.676,0.000,1984647,0,0,171258
399,3.7812,1.869,1.834,1.825,0.000,0.754,0.000,1861210,0,0,171258
400,3.7831,2.012,3.020,3.010,0.000,0.690,0.000,2004632,0,0,171258
401,3.7850,1.869,1.992,1.983,0.000,0.435,0.000,1861007,0,0,171258
402,3.7870,1.970,1.869,1.860,0.000,0.353,0.000,1962343,0,0,171818
403,3.7889,1.899,2.013,2.003,0.000,0.765,0.000,1891442,0,0,171314
404,3.7907,1.854,1.869,1.860,0.000,0.396,0.000,1845512,0,0,171258
405,3.7926,1.866,1.970,1.961,0.000,0.349,0.000,1858371,0,0,171258
406,3.7944,1.858,1.899,1.890,0.000,0.303,0.000,1850591,0,0,171258
407,3.7962,1.791,1.853,1.844,0.000,0.429,0.000,1783258,0,0,171258
408,3.7981,1.885,1.866,1.857,0.000,0.368,0.000,1878309,0,0,171258
409,3.8001,1.828,1.858,1.849,0.000,0.294,0.000,1820038,0,0,171258
410,3.8029,1.974,1.790,1.782,0.000,0.316,0.000,1966212,0,0,171258
411,3.8048,2.886,1.886,1.877,0.000,0.352,0.000,2878004,0,0,171258
412,3.8066,1.799,1.828,1.819,0.000,0.303,0.000,1791269,0,0,171258
413,3.8083,1.803,1.974,1.965,0.000,0.301,0.000,1795965,0,0,171258
414,3.8102,1.827,2.886,2.877,0.000,0.329,0.000,1820131,0,0,171258
415,3.8121,1.882,1.798,1.790,0.000,0.715,0.000,1873784,0,0,171258
416,3.8141,1.909,1.803,1.795,0.000,0.439,0.000,1901328,0,0,171258
417,3.8161,1.967,1.828,1.819,0.000,0.780,0.000,1959219,0,0,171258
418,3.8180,1.971,1.881,1.873,0.000,0.328,0.000,1963927,0,0,171258
419,3.8199,1.878,1.909,1.900,0.000,0.402,0.000,1870771,0,0,171258
420,3.8218,2.000,1.967,1.958,0.000,0.309,0.000,1992467,0,0,171258
421,3.8238,1.925,1.971,1.963,0.000,0.723,0.000,1917396,0,0,171258
422,3.8257,1.919,1.878,1.870,0.000,0.688,0.000,1911702,0,0,171354
423,3.8284,1.813,2.000,1.991,0.000,0.381,0.000,1806262,0,0,171258
424,3.8303,2.788,1.925,1.916,0.000,0.731,0.000,2778941,0,0,171258
425,3.8321,1.805,1.919,1.910,0.000,0.682,0.000,1797633,0,0,189702
426,3.8341,1.826,1.815,1.805,0.000,0.734,0.000,1819156,0,0,171258
427,3.8358,1.976,2.787,2.777,0.000,0.664,0.000,1968425,0,0,171258
428,3.8377,1.890,1.804,1.796,0.000,0.360,0.000,1883083,0,0,171258
429,3.8396,1.758,1.827,1.818,0.000,0.264,0.000,1750311,0,0,171258
430,3.8413,1.881,1.975,1.967,0.000,0.266,0.000,1873998,0,0,171258
431,3.8432,1.770,1.891,1.882,0.000,0.274,0.000,1762618,0,0,171258
432,3.8450,1.871,1.757,1.749,0.000,0.308,0.000,1864490,0,0,171258
433,3.8469,1.865,1.881,1.873,0.000,0.343,0.000,1858497,0,0,171258
434,3.8487,1.870,1.769,1.762,0.000,0.703,0.000,1862378,0,0,171258
435,3.8505,1.744,1.871,1.863,0.000,0.716,0.000,1737197,0,0,171258
436,3.8522,1.738,1.866,1.857,0.000,0.627,0.000,1730623,0,0,171258
437,3.8549,1.720,1.869,1.861,0.000,0.626,0.000,1712798,0,0,171258
438,3.8568,2.833,1.744,1.736,0.000,0.364,0.000,2825632,0,0,171258
439,3.8585,1.771,1.738,1.729,0.000,0.328,0.000,1763219,0,0,171258
440,3.8604,1.697,1.720,1.711,0.000,0.318,0.000,1690246,0,0,171258
441,3.8621,1.913,2.833,2.824,0.000,0.275,0.000,1906116,0,0,171258
442,3.8638,1.708,1.770,1.762,0.000,0.259,0.000,1701185,0,0,171258
443,3.8664,2.041,1.697,1.689,0.000,0.273,0.000,2034781,0,0,171258
444,3.8682,2.344,1.913,1.905,0.000,0.274,0.000,2333465,0,0,171258
445,3.8702,1.749,1.708,1.700,0.000,0.259,0.000,1742214,0,0,171258
446,3.8719,1.894,2.046,2.034,0.000,0.677,0.000,1886560,0,0,171258
447,3.8736,1.704,2.339,2.331,0.000,0.378,0.000,1697218,0,0,171258
448,3.8761,2.019,1.749,1.741,0.000,0.302,0.000,2012647,0,0,171258
449,3.8780,2.392,1.893,1.885,0.000,0.297,0.000,2381664,0,0,171258
450,3.8807,1.729,1.704,1.696,0.000,0.348,0.000,1722095,0,0,171258
451,3.8824,2.709,2.023,2.012,0.000,0.302,0.000,2702802,0,0,171258
452,3.8842,1.762,2.388,2.380,0.000,0.266,0.000,1755405,0,0,171354
453,3.8858,1.663,1.729,1.721,0.000,0.272,0.000,1656540,0,0,193734
454,3.8874,1.643,2.710,2.702,0.000,0.248,0.000,1636242,0,0,171258
455,3.8890,1.601,1.762,1.754,0.000,0.377,0.000,1594651,0,0,171258
456,3.8907,1.618,1.663,1.655,0.000,0.647,0.000,1611666,0,0,171258
457,3.8923,1.627,1.643,1.635,0.000,0.333,0.000,1620744,0,0,171258
458,3.8940,1.697,1.601,1.594,0.000,0.267,0.000,1690321,0,0,171258
459,3.8957,1.655,1.618,1.611,0.000,0.319,0.000,1648512,0,0,171258
460,3.8973,1.659,1.627,1.620,0.000,0.329,0.000,1651870,0,0,171258
461,3.8990,1.692,1.697,1.689,0.000,0.257,0.000,1685781,0,0,171258
462,3.9008,1.654,1.655,1.647,0.000,0.341,0.000,1647858,0,0,171258
463,3.9024,1.782,1.659,1.651,0.000,0.345,0.000,1774836,0,0,171258
464,3.9051,1.656,1.692,1.684,0.000,0.299,0.000,1649318,0,0,171258
465,3.9069,2.760,1.655,1.647,0.000,0.313,0.000,2752834,0,0,171258
466,3.9086,1.750,1.782,1.774,0.000,0.343,0.000,1742362,0,0,171258
467,3.9102,1.641,1.656,1.648,0.000,0.651,0.000,1634355,0,0,171258
468,3.9119,1.649,2.760,2.752,0.000,0.592,0.000,1642611,0,0,171258
469,3.9136,1.662,1.749,1.741,0.000,0.599,0.000,1655291,0,0,171258
470,3.9152,1.657,1.641,1.633,0.000,0.605,0.000,1650594,0,0,171258
471,3.9168,1.659,1.649,1.641,0.000,0.609,0.000,1652504,0,0,171258
472,3.9185,1.608,1.662,1.654,0.000,0.644,0.000,1601659,0,0,171258
473,3.9203,1.652,1.657,1.650,0.000,0.595,0.000,1645711,0,0,171258
474,3.9220,1.809,1.659,1.651,0.000,0.617,0.000,1802447,0,0,171258
475,3.9237,1.721,1.608,1.600,0.000,0.395,0.000,1714053,0,0,171258
476,3.9253,1.649,1.653,1.645,0.000,0.306,0.000,1641539,0,0,171258
477,3.9270,1.707,1.809,1.801,0.000,0.611,0.000,1700823,0,0,171258
478,3.9297,1.709,1.721,1.713,0.000,0.556,0.000,1702108,0,0,171258
479,3.9315,2.717,1.648,1.640,0.000,0.357,0.000,2710483,0,0,171258
480,3.9331,1.686,1.708,1.700,0.000,0.567,0.000,1678785,0,0,171258
481,3.9350,1.771,1.709,1.701,0.000,0.360,0.000,1764177,0,0,189869
482,3.9366,1.720,2.717,2.709,0.000,0.340,0.000,1712975,0,0,171354
483,3.9382,1.622,1.686,1.678,0.000,0.285,0.000,1615918,0,0,171258
484,3.9400,1.648,1.772,1.763,0.000,0.263,0.000,1642213,0,0,171258
485,3.9417,1.765,1.719,1.711,0.000,0.254,0.000,1758357,0,0,171258
486,3.9433,1.642,1.622,1.615,0.000,0.299,0.000,1635204,0,0,171258
487,3.9451,1.772,1.649,1.641,0.000,0.401,0.000,1766379,0,0,171258
488,3.9469,1.774,1.765,1.757,0.000,0.304,0.000,1767160,0,0,171258
489,3.9486,1.725,1.641,1.634,0.000,0.344,0.000,1718154,0,0,171258
490,3.9503,1.716,1.773,1.765,0.000,0.282,0.000,1709507,0,0,171258
491,3.9529,1.703,1.774,1.766,0.000,0.282,0.000,1695958,0,0,171258
492,3.9546,2.614,1.725,1.717,0.000,0.281,0.000,2607838,0,0,171258
493,3.9563,1.654,1.716,1.708,0.000,0.263,0.000,1647106,0,0,171258
494,3.9580,1.703,1.702,1.695,0.000,0.335,0.000,1696506,0,0,171258
495,3.9598,1.707,2.614,2.607,0.000,0.267,0.000,1700655,0,0,171258
496,3.9614,1.777,1.654,1.646,0.000,0.269,0.000,1769679,0,0,171258
497,3.9631,1.627,1.703,1.695,0.000,0.342,0.000,1619990,0,0,171258
498,3.9647,1.662,1.707,1.699,0.000,0.275,0.000,1655634,0,0,171258
499,3.9664,1.652,1.777,1.769,0.000,0.301,0.000,1645667,0,0,171258
500,3.9680,1.615,1.626,1.619,0.000,0.243,0.000,1608741,0,0,171258
501,3.9697,1.682,1.662,1.655,0.000,0.266,0.000,1676286,0,0,171258
502,3.9714,1.709,1.652,1.645,0.000,0.254,0.000,1702216,0,0,171258
503,3.9731,1.640,1.615,1.608,0.000,0.261,0.000,1632563,0,0,171258
504,3.9747,1.704,1.683,1.675,0.000,0.256,0.000,1697466,0,0,171258
505,3.9774,1.675,1.709,1.701,0.000,0.258,0.000,1667488,0,0,171258
506,3.9792,2.723,1.639,1.631,0.000,0.344,0.000,2716579,0,0,187706
507,3.9810,1.712,1.705,1.696,0.000,0.456,0.000,1704716,0,0,171258
508,3.9828,1.855,1.674,1.666,0.000,0.630,0.000,1848278,0,0,171258
509,3.9847,1.931,2.723,2.715,0.000,0.303,0.000,1923741,0,0,171258
510,3.9866,1.818,1.712,1.704,0.000,0.340,0.000,1811684,0,0,171258
511,3.9885,1.905,1.855,1.847,0.000,0.506,0.000,1898165,0,0,171258
512,3.9904,1.930,1.931,1.923,0.000,0.374,0.000,1923253,0,0,171354
513,3.9924,1.947,1.819,1.811,0.000,0.443,0.000,1939661,0,0,171258
514,3.9943,1.930,1.905,1.897,0.000,0.568,0.000,1921358,0,0,171258
515,3.9963,1.938,1.931,1.922,0.000,0.742,0.000,1929663,0,0,171258
516,3.9982,1.980,1.948,1.939,0.000,0.697,0.000,1972900,0,0,171258
517,4.0001,1.845,1.930,1.920,0.000,0.373,0.000,1837624,0,0,171258
518,4.0019,1.933,1.937,1.928,0.000,0.705,0.000,1925586,0,0,171818
519,4.0049,2.911,1.980,1.972,0.000,0.373,0.000,2903717,0,0,171314
520,4.0069,1.971,1.845,1.837,0.000,0.357,0.000,1963444,0,0,171258
521,4.0088,1.958,1.933,1.924,0.000,0.371,0.000,1951001,0,0,171258
522,4.0105,1.809,2.912,2.902,0.000,0.357,0.000,1802391,0,0,171258
523,4.0123,1.716,1.971,1.962,0.000,0.334,0.000,1708813,0,0,171258
524,4.0140,1.720,1.958,1.950,0.000,0.722,0.000,1712734,0,0,171258
525,4.0157,1.709,1.809,1.801,0.000,0.366,0.000,1702306,0,0,171258
526,4.0173,1.679,1.716,1.708,0.000,0.272,0.000,1671910,0,0,171258
527,4.0190,1.620,1.719,1.712,0.000,0.283,0.000,1613424,0,0,171258
528,4.0207,1.675,1.709,1.701,0.000,0.261,0.000,1667971,0,0,171258
529,4.0224,1.748,1.678,1.671,0.000,0.255,0.000,1741399,0,0,171258
530,4.0241,1.673,1.620,1.612,0.000,0.286,0.000,1666085,0,0,171258
531,4.0257,1.671,1.675,1.667,0.000,0.364,0.000,1664385,0,0,171258
532,4.0283,1.614,1.748,1.740,0.000,0.304,0.000,1607264,0,0,171258
533,4.0301,2.728,1.673,1.665,0.000,0.283,0.000,2721414,0,0,171258
534,4.0318,1.755,1.671,1.663,0.000,0.322,0.000,1748116,0,0,171258
535,4.0335,1.661,1.614,1.606,0.000,0.694,0.000,1654646,0,0,171258
536,4.0351,1.625,2.729,2.720,0.000,0.641,0.000,1618430,0,0,171258
537,4.0368,1.710,1.755,1.747,0.000,0.663,0.000,1704000,0,0,171258
538,4.0385,1.694,1.661,1.653,0.000,0.424,0.000,1687894,0,0,171258
539,4.0410,1.816,1.625,1.617,0.000,0.627,0.000,1809758,0,0,171258
540,4.0430,2.628,1.710,1.703,0.000,0.668,0.000,2618476,0,0,171258
541,4.0455,1.897,1.694,1.687,0.000,0.352,0.000,1889989,0,0,171258
542,4.0482,2.680,1.819,1.809,0.000,0.305,0.000,2670478,0,0,171354
543,4.0502,2.573,2.625,2.617,0.000,0.291,0.000,2562655,0,0,171258
544,4.0520,1.867,1.900,1.889,0.000,0.650,0.000,1859858,0,0,171258
545,4.0538,1.767,2.680,2.669,0.000,0.680,0.000,1760008,0,0,171258
546,4.0587,1.760,2.570,2.561,0.000,0.628,0.000,1753113,0,0,171258
547,4.0616,5.405,1.867,1.859,0.000,0.620,0.000,5398939,0,0,171258
548,4.0645,3.419,1.767,1.759,0.000,0.595,0.000,3408782,0,0,171258
549,4.0666,2.139,1.760,1.752,0.000,0.415,0.000,2128852,0,0,171258
550,4.0687,2.056,5.410,5.398,0.000,0.745,0.000,2046801,0,0,171258
551,4.0706,1.955,3.419,3.407,0.000,0.721,0.000,1947740,0,0,171258
552,4.0725,1.891,2.137,2.127,0.000,0.399,0.000,1883254,0,0,171258
553,4.0743,1.878,2.054,2.045,0.000,0.328,0.000,1869323,0,0,171258
554,4.0762,1.837,1.955,1.946,0.000,0.314,0.000,1828646,0,0,171258
555,4.0780,1.836,1.905,1.882,0.000,0.301,0.000,1828788,0,0,171258
556,4.0800,1.839,1.864,1.855,0.000,0.724,0.000,1831789,0,0,171258
557,4.0817,1.928,1.836,1.827,0.000,0.341,0.000,1920973,0,0,171258
558,4.0835,1.757,1.836,1.828,0.000,0.320,0.000,1749393,0,0,171258
559,4.0853,1.772,1.839,1.830,0.000,0.687,0.000,1765565,0,0,171258
560,4.0871,1.776,1.929,1.920,0.000,0.381,0.000,1769338,0,0,171258
561,4.0899,1.872,1.756,1.748,0.000,0.294,0.000,1864024,0,0,171258
562,4.0917,2.784,1.772,1.764,0.000,0.306,0.000,2776674,0,0,171258
563,4.0934,1.755,1.777,1.768,0.000,0.371,0.000,1747981,0,0,171258
564,4.0950,1.650,1.871,1.863,0.000,0.332,0.000,1643159,0,0,171258
565,4.0967,1.635,2.784,2.775,0.000,0.293,0.000,1628659,0,0,171258
566,4.0985,1.734,1.755,1.747,0.000,0.264,0.000,1727560,0,0,171258
567,4.1004,1.787,1.650,1.642,0.000,0.308,0.000,1780105,0,0,171258
568,4.1022,1.943,1.635,1.627,0.000,0.303,0.000,1935052,0,0,171258
569,4.1040,1.787,1.734,1.726,0.000,0.724,0.000,1780248,0,0,171258
570,4.1057,1.769,1.788,1.779,0.000,0.685,0.000,1761640,0,0,171258
571,4.1075,1.734,1.942,1.934,0.000,0.367,0.000,1727861,0,0,171258
572,4.1092,1.745,1.787,1.779,0.000,0.296,0.000,1738513,0,0,171354
573,4.1109,1.694,1.768,1.761,0.000,0.295,0.000,1686995,0,0,171258
574,4.1126,1.723,1.735,1.727,0.000,0.348,0.000,1716394,0,0,171258
575,4.1153,2.658,1.745,1.737,0.000,0.310,0.000,2650971,0,0,171258
576,4.1170,1.789,1.693,1.686,0.000,0.306,0.000,1781348,0,0,171258
577,4.1187,1.656,1.724,1.715,0.000,0.309,0.000,1649412,0,0,171258
578,4.1205,1.659,2.658,2.650,0.000,0.307,0.000,1652791,0,0,171258
579,4.1221,1.770,1.788,1.780,0.000,0.340,0.000,1763773,0,0,171258
580,4.1238,1.664,1.656,1.648,0.000,0.487,0.000,1657648,0,0,171258
581,4.1254,1.629,1.659,1.652,0.000,0.669,0.000,1622587,0,0,171258
582,4.1271,1.640,1.771,1.763,0.000,0.633,0.000,1633344,0,0,171258
583,4.1287,1.655,1.664,1.656,0.000,0.472,0.000,1648851,0,0,171258
584,4.1304,1.654,1.629,1.622,0.000,0.320,0.000,1647410,0,0,171258
585,4.1320,1.620,1.640,1.632,0.000,0.335,0.000,1606743,0,0,171258
586,4.1337,1.696,1.655,1.648,0.000,0.290,0.000,1689649,0,0,171258
587,4.1353,1.660,1.661,1.646,0.000,0.274,0.000,1653070,0,0,171258
588,4.1380,1.643,1.613,1.606,0.000,0.274,0.000,1636521,0,0,171258
589,4.1398,2.679,1.696,1.689,0.000,0.276,0.000,2672373,0,0,171258
590,4.1417,1.912,1.660,1.652,0.000,0.545,0.000,1903834,0,0,171258
591,4.1436,1.880,1.643,1.635,0.000,0.488,0.000,1870606,0,0,171258
592,4.1454,1.853,2.681,2.671,0.000,0.482,0.000,1844566,0,0,171258
593,4.1472,1.769,1.913,1.903,0.000,0.470,0.000,1760385,0,0,171258
594,4.1489,1.762,1.879,1.869,0.000,0.456,0.000,1755072,0,0,171258
595,4.1505,1.678,1.853,1.843,0.000,0.352,0.000,1670899,0,0,171258
596,4.1522,1.664,1.767,1.759,0.000,0.300,0.000,1656556,0,0,171258
597,4.1538,1.670,1.762,1.754,0.000,0.687,0.000,1663202,0,0,171258
598,4.1555,1.620,1.678,1.670,0.000,0.606,0.000,1613848,0,0,171258
599,4.1572,1.672,1.664,1.655,0.000,0.615,0.000,1665589,0,0,171258
600,4.1589,1.703,1.670,1.662,0.000,0.653,0.000,1696219,0,0,171258
601,4.1611,1.763,1.620,1.613,0.000,0.648,0.000,1756004,0,0,189869
602,4.1638,3.174,1.672,1.664,0.000,0.615,0.000,3167206,0,0,171354
603,4.1654,1.668,1.703,1.695,0.000,0.618,0.000,1661031,0,0,171258
604,4.1675,1.760,1.763,1.755,0.000,0.646,0.000,1753846,0,0,171258
605,4.1693,2.002,3.174,3.166,0.000,0.417,0.000,1993850,0,0,171258
606,4.1712,1.878,1.668,1.660,0.000,0.332,0.000,1871228,0,0,171258
607,4.1729,1.749,1.762,1.753,0.000,0.317,0.000,1741357,0,0,171258
608,4.1746,1.737,2.001,1.992,0.000,0.276,0.000,1730396,0,0,171258
609,4.1763,1.721,1.879,1.870,0.000,0.288,0.000,1714193,0,0,171258
610,4.1780,1.747,1.748,1.740,0.000,0.265,0.000,1739740,0,0,171258
611,4.1806,1.901,1.737,1.729,0.000,0.261,0.000,1894333,0,0,171258
612,4.1824,2.302,1.721,1.713,0.000,0.276,0.000,2292488,0,0,171258
613,4.1840,1.798,1.747,1.739,0.000,0.276,0.000,1790508,0,0,171258
614,4.1857,1.641,1.905,1.893,0.000,0.269,0.000,1634146,0,0,171258
615,4.1883,1.650,2.299,2.290,0.000,0.251,0.000,1643031,0,0,171258
616,4.1902,2.775,1.797,1.789,0.000,0.253,0.000,2768150,0,0,171258
617,4.1919,1.771,1.641,1.633,0.000,0.267,0.000,1764027,0,0,171258
618,4.1936,1.739,1.650,1.642,0.000,0.330,0.000,1732365,0,0,171258
619,4.1953,1.648,2.775,2.767,0.000,0.377,0.000,1640940,0,0,171258
620,4.1971,1.727,1.771,1.763,0.000,0.340,0.000,1720241,0,0,171258
621,4.1988,1.798,1.739,1.731,0.000,0.268,0.000,1791345,0,0,171258
622,4.2006,1.680,1.648,1.640,0.000,0.357,0.000,1673352,0,0,171258
623,4.2023,1.820,1.727,1.719,0.000,0.675,0.000,1813583,0,0,171258
624,4.2040,1.680,1.798,1.790,0.000,0.634,0.000,1673285,0,0,171258
625,4.2057,1.679,1.680,1.672,0.000,0.642,0.000,1673210,0,0,171258
626,4.2074,1.678,1.821,1.812,0.000,0.606,0.000,1669661,0,0,171258
627,4.2091,1.756,1.680,1.672,0.000,0.604,0.000,1749326,0,0,171258
628,4.2107,1.638,1.681,1.672,0.000,0.346,0.000,1631740,0,0,171258
629,4.2133,1.649,1.676,1.668,0.000,0.254,0.000,1643015,0,0,171258
630,4.2151,2.671,1.756,1.748,0.000,0.248,0.000,2662271,0,0,171258
631,4.2168,1.756,1.638,1.631,0.000,0.275,0.000,1749026,0,0,171258
632,4.2185,1.701,1.652,1.642,0.000,0.302,0.000,1694995,0,0,171354
633,4.2203,1.645,2.669,2.661,0.000,0.262,0.000,1638416,0,0,171258
634,4.2219,1.791,1.755,1.748,0.000,0.263,0.000,1783796,0,0,171258
635,4.2236,1.646,1.702,1.694,0.000,0.270,0.000,1638258,0,0,171258
636,4.2252,1.619,1.645,1.637,0.000,0.258,0.000,1612035,0,0,171258
637,4.2268,1.606,1.791,1.783,0.000,0.253,0.000,1598911,0,0,171258
638,4.2283,1.575,1.645,1.637,0.000,0.252,0.000,1568871,0,0,171258
639,4.2300,1.583,1.619,1.611,0.000,0.234,0.000,1576287,0,0,171258
640,4.2317,1.685,1.605,1.598,0.000,0.239,0.000,1678637,0,0,171258
641,4.2334,1.669,1.575,1.568,0.000,0.642,0.000,1663201,0,0,171258
642,4.2360,1.712,1.583,1.575,0.000,0.637,0.000,1705519,0,0,171258
643,4.2378,2.719,1.685,1.678,0.000,0.513,0.000,2712925,0,0,171258
644,4.2396,1.711,1.669,1.662,0.000,0.300,0.000,1703678,0,0,171258
645,4.2412,1.716,1.712,1.704,0.000,0.297,0.000,1709962,0,0,171258
646,4.2428,1.626,2.720,2.712,0.000,0.277,0.000,1618570,0,0,171258
647,4.2444,1.644,1.710,1.702,0.000,0.258,0.000,1637003,0,0,171258
648,4.2461,1.611,1.717,1.709,0.000,0.250,0.000,1604149,0,0,171258
649,4.2479,1.736,1.625,1.617,0.000,0.262,0.000,1728705,0,0,171258
650,4.2496,1.746,1.644,1.636,0.000,0.250,0.000,1738981,0,0,171258
651,4.2513,1.700,1.611,1.603,0.000,0.668,0.000,1693374,0,0,171258
652,4.2530,1.702,1.736,1.728,0.000,0.678,0.000,1694930,0,0,171258
653,4.2547,1.701,1.745,1.738,0.000,0.636,0.000,1694786,0,0,171258
654,4.2565,1.722,1.700,1.692,0.000,0.706,0.000,1715693,0,0,171258
655,4.2583,1.809,1.701,1.694,0.000,0.370,0.000,1795751,0,0,171258
656,4.2611,1.798,1.701,1.694,0.000,0.353,0.000,1791355,0,0,171258
657,4.2631,2.968,1.729,1.715,0.000,0.628,0.000,2961886,0,0,171258
658,4.2650,1.967,1.802,1.794,0.000,0.374,0.000,1958177,0,0,171258
659,4.2668,1.807,1.798,1.790,0.000,0.356,0.000,1799575,0,0,171258
660,4.2688,1.890,2.970,2.961,0.000,0.338,0.000,1882696,0,0,171258
661,4.2706,1.901,1.966,1.957,0.000,0.289,0.000,1892493,0,0,171258
662,4.2724,1.843,1.807,1.798,0.000,0.360,0.000,1835127,0,0,171354
663,4.2742,1.762,1.891,1.881,0.000,0.305,0.000,1754816,0,0,171258
664,4.2760,1.789,1.900,1.891,0.000,0.282,0.000,1781380,0,0,171258
665,4.2778,1.807,1.842,1.834,0.000,0.271,0.000,1798825,0,0,171258
666,4.2798,1.860,1.762,1.754,0.000,0.271,0.000,1852082,0,0,171258
667,4.2816,1.924,1.789,1.780,0.000,0.369,0.000,1916286,0,0,171258
668,4.2834,1.821,1.807,1.797,0.000,0.321,0.000,1812875,0,0,171258
669,4.2863,1.810,1.859,1.851,0.000,0.367,0.000,1803027,0,0,171258
670,4.2882,2.954,1.924,1.915,0.000,0.328,0.000,2947012,0,0,171258
671,4.2901,1.884,1.820,1.812,0.000,0.670,0.000,1877032,0,0,171258
672,4.2919,1.841,1.810,1.802,0.000,0.717,0.000,1833578,0,0,171258
673,4.2937,1.772,2.954,2.946,0.000,0.341,0.000,1764798,0,0,171258
674,4.2955,1.811,1.884,1.876,0.000,0.315,0.000,1804283,0,0,171258
675,4.2972,1.776,1.841,1.832,0.000,0.310,0.000,1769164,0,0,171258
676,4.2989,1.719,1.771,1.764,0.000,0.280,0.000,1712376,0,0,171258
677,4.3007,1.716,1.811,1.803,0.000,0.286,0.000,1709262,0,0,171258
678,4.3025,1.819,1.776,1.768,0.000,0.283,0.000,1811972,0,0,171258
679,4.3043,1.811,1.719,1.711,0.000,0.266,0.000,1803459,0,0,171258
680,4.3059,1.666,1.716,1.708,0.000,0.259,0.000,1659115,0,0,171258
681,4.3076,1.669,1.819,1.811,0.000,0.264,0.000,1662170,0,0,171258
682,4.3093,1.690,1.810,1.802,0.000,0.278,0.000,1682927,0,0,171258
683,4.3120,1.733,1.666,1.658,0.000,0.288,0.000,1726256,0,0,171258
684,4.3138,2.778,1.669,1.661,0.000,0.244,0.000,2770966,0,0,171258
685,4.3157,1.889,1.690,1.682,0.000,0.333,0.000,1881546,0,0,171258
686,4.3174,1.707,1.733,1.725,0.000,0.687,0.000,1699954,0,0,171258
687,4.3191,1.726,2.778,2.770,0.000,0.354,0.000,1718571,0,0,219110
688,4.3209,1.697,1.889,1.880,0.000,0.502,0.000,1689593,0,0,171258
689,4.3227,1.843,1.707,1.699,0.000,0.346,0.000,1836816,0,0,171258
690,4.3245,1.821,1.726,1.717,0.000,0.259,0.000,1814323,0,0,171818
691,4.3262,1.686,1.696,1.688,0.000,0.651,0.000,1679739,0,0,171314
692,4.3280,1.781,1.844,1.836,0.000,0.626,0.000,1773913,0,0,171354
693,4.3298,1.836,1.821,1.813,0.000,0.648,0.000,1828696,0,0,171258
694,4.3316,1.780,1.686,1.679,0.000,0.506,0.000,1772196,0,0,171258
695,4.3334,1.821,1.781,1.773,0.000,0.486,0.000,1813672,0,0,171258
696,4.3361,1.808,1.836,1.827,0.000,0.468,0.000,1800323,0,0,171258
697,4.3382,2.812,1.779,1.771,0.000,0.354,0.000,2804384,0,0,171258
698,4.3403,2.045,1.821,1.813,0.000,0.339,0.000,2036869,0,0,171258
699,4.3422,2.061,1.808,1.799,0.000,0.371,0.000,2053220,0,0,171818
700,4.3441,1.873,2.812,2.803,0.000,0.353,0.000,1864574,0,0,171314
701,4.3459,1.884,2.045,2.036,0.000,0.705,0.000,1876027,0,0,171258
702,4.3477,1.794,2.061,2.052,0.000,0.371,0.000,1786499,0,0,171258
703,4.3496,1.875,1.872,1.863,0.000,0.370,0.000,1868076,0,0,171258
704,4.3515,1.898,1.883,1.875,0.000,0.659,0.000,1889702,0,0,171258
705,4.3534,1.847,1.794,1.785,0.000,0.657,0.000,1839324,0,0,171258
706,4.3553,1.958,1.876,1.867,0.000,0.370,0.000,1950234,0,0,171258
707,4.3574,1.971,1.897,1.889,0.000,0.539,0.000,1963293,0,0,171258
708,4.3595,2.076,1.847,1.838,0.000,0.359,0.000,2068163,0,0,171258
709,4.3617,2.051,1.958,1.949,0.000,0.681,0.000,2043013,0,0,171258
710,4.3646,2.180,1.971,1.962,0.000,0.371,0.000,2171631,0,0,171258
711,4.3665,2.883,2.077,2.067,0.000,0.388,0.000,2875885,0,0,171258
712,4.3683,1.828,2.052,2.042,0.000,0.424,0.000,1820886,0,0,171258
713,4.3700,1.772,2.179,2.170,0.000,0.692,0.000,1765083,0,0,171258
714,4.3721,1.882,2.883,2.875,0.000,0.363,0.000,1875414,0,0,171258
715,4.3741,2.088,1.828,1.819,0.000,0.340,0.000,2077881,0,0,171258
716,4.3760,1.968,1.772,1.764,0.000,0.479,0.000,1960126,0,0,171258
717,4.3778,1.825,1.886,1.874,0.000,0.773,0.000,1817437,0,0,171258
718,4.3797,1.789,2.086,2.076,0.000,0.408,0.000,1781944,0,0,171258
719,4.3815,1.906,1.968,1.959,0.000,0.654,0.000,1898877,0,0,171258
720,4.3832,1.758,1.824,1.816,0.000,0.350,0.000,1750770,0,0,171258
721,4.3851,1.806,1.789,1.781,0.000,0.317,0.000,1798998,0,0,189869
722,4.3869,1.827,1.907,1.898,0.000,0.369,0.000,1820122,0,0,171354
723,4.3886,1.753,1.758,1.749,0.000,0.327,0.000,1744400,0,0,171258
724,4.3917,1.878,1.806,1.798,0.000,0.324,0.000,1871175,0,0,171258
725,4.3938,3.181,1.828,1.819,0.000,0.688,0.000,3173685,0,0,171258
726,4.3956,1.916,1.751,1.743,0.000,0.575,0.000,1907297,0,0,171258
727,4.3974,1.822,1.879,1.870,0.000,0.432,0.000,1812981,0,0,171258
728,4.3991,1.721,3.183,3.172,0.000,0.459,0.000,1713680,0,0,171258
729,4.4015,1.764,1.916,1.906,0.000,0.298,0.000,1756906,0,0,171258
730,4.4034,2.431,1.820,1.812,0.000,0.269,0.000,2423396,0,0,171258
731,4.4052,1.835,1.721,1.712,0.000,0.572,0.000,1826585,0,0,171258
732,4.4072,1.918,1.765,1.756,0.000,0.361,0.000,1910019,0,0,171258
733,4.4091,1.962,2.432,2.422,0.000,0.292,0.000,1953490,0,0,171258
734,4.4111,1.940,1.835,1.825,0.000,0.398,0.000,1932347,0,0,171258
735,4.4131,1.989,1.919,1.909,0.000,0.756,0.000,1981593,0,0,171258
736,4.4150,1.934,1.961,1.952,0.000,0.354,0.000,1926650,0,0,171258
737,4.4179,1.849,1.939,1.931,0.000,0.383,0.000,1841104,0,0,171258
738,4.4200,3.015,1.989,1.980,0.000,0.357,0.000,3006917,0,0,171258
739,4.4218,2.014,1.934,1.925,0.000,0.366,0.000,2006531,0,0,171258
740,4.4236,1.809,1.849,1.840,0.000,0.356,0.000,1801957,0,0,171258
741,4.4255,1.810,3.015,3.006,0.000,0.334,0.000,1803019,0,0,171258
742,4.4274,1.861,2.014,2.005,0.000,0.328,0.000,1853125,0,0,171258
743,4.4296,2.134,1.809,1.801,0.000,0.757,0.000,2126974,0,0,171258
744,4.4314,1.986,1.811,1.802,0.000,0.352,0.000,1978038,0,0,171258
745,4.4332,1.782,1.860,1.852,0.000,0.329,0.000,1775034,0,0,171258
746,4.4350,1.809,2.136,2.126,0.000,0.314,0.000,1801551,0,0,171258
747,4.4366,1.716,1.985,1.977,0.000,0.314,0.000,1708605,0,0,171258
748,4.4384,1.705,1.783,1.774,0.000,0.273,0.000,1698343,0,0,171258
749,4.4404,1.878,1.809,1.800,0.000,0.256,0.000,1870156,0,0,171258
750,4.4423,1.967,1.715,1.707,0.000,0.701,0.000,1957971,0,0,171258
751,4.4453,1.948,1.707,1.697,0.000,0.793,0.000,1940747,0,0,171258
752,4.4474,3.087,1.879,1.869,0.000,0.377,0.000,3079815,0,0,171354
753,4.4492,1.910,1.965,1.957,0.000,0.592,0.000,1902046,0,0,171258
754,4.4510,1.825,1.948,1.940,0.000,0.380,0.000,1818057,0,0,171258
755,4.4528,1.762,3.088,3.079,0.000,0.336,0.000,1754968,0,0,171258
756,4.4545,1.730,1.909,1.901,0.000,0.361,0.000,1723034,0,0,171258
757,4.4563,1.761,1.825,1.817,0.000,0.305,0.000,1754014,0,0,171258
758,4.4580,1.734,1.762,1.754,0.000,0.293,0.000,1727270,0,0,171258
759,4.4617,2.393,1.730,1.722,0.000,0.318,0.000,2386498,0,0,171258
760,4.4637,3.239,1.761,1.753,0.000,1.920,0.000,3232032,0,0,171258
761,4.4655,1.828,1.734,1.726,0.000,0.544,0.000,1820637,0,0,171258
762,4.4672,1.710,2.394,2.385,0.000,0.429,0.000,1703138,0,0,171258
763,4.4692,1.977,3.240,3.231,0.000,0.333,0.000,1969822,0,0,171258
764,4.4710,1.871,1.827,1.819,0.000,0.327,0.000,1862509,0,0,171258
765,4.4739,1.845,1.710,1.702,0.000,0.394,0.000,1837571,0,0,171258
766,4.4758,2.894,1.978,1.969,0.000,0.417,0.000,2886921,0,0,171258
767,4.4775,1.769,1.870,1.861,0.000,0.544,0.000,1761562,0,0,171258
768,4.4793,1.702,1.845,1.836,0.000,0.364,0.000,1694495,0,0,171258
769,4.4812,1.809,2.894,2.886,0.000,0.301,0.000,1801850,0,0,171258
770,4.4829,1.918,1.769,1.760,0.000,0.336,0.000,1909068,0,0,171258
771,4.4847,1.713,1.702,1.693,0.000,0.342,0.000,1705582,0,0,171258
772,4.4863,1.687,1.810,1.801,0.000,0.298,0.000,1680006,0,0,171258
773,4.4880,1.673,1.916,1.908,0.000,0.331,0.000,1666226,0,0,171258
774,4.4897,1.704,1.713,1.704,0.000,0.284,0.000,1697156,0,0,171258
775,4.4914,1.708,1.687,1.679,0.000,0.269,0.000,1701238,0,0,171258
776,4.4931,1.692,1.673,1.665,0.000,0.667,0.000,1685319,0,0,171258
777,4.4947,1.624,1.704,1.696,0.000,0.614,0.000,1617063,0,0,171258
778,4.4965,1.687,1.708,1.700,0.000,0.354,0.000,1680617,0,0,171258
779,4.4997,2.991,1.692,1.684,0.000,0.280,0.000,2983777,0,0,171258
780,4.5015,2.040,1.624,1.616,0.000,0.494,0.000,2032138,0,0,171258
781,4.5034,1.844,1.688,1.680,0.000,0.349,0.000,1835966,0,0,171258
782,4.5051,1.783,2.992,2.983,0.000,0.389,0.000,1775377,0,0,171354
783,4.5070,1.822,2.040,2.031,0.000,0.310,0.000,1815308,0,0,171258
784,4.5089,1.892,1.843,1.835,0.000,0.344,0.000,1884240,0,0,171258
785,4.5107,1.857,1.783,1.774,0.000,0.667,0.000,1849073,0,0,171258
786,4.5125,1.838,1.823,1.814,0.000,0.381,0.000,1830484,0,0,171258
787,4.5142,1.708,1.892,1.883,0.000,0.312,0.000,1701012,0,0,171258
788,4.5160,1.751,1.857,1.848,0.000,0.294,0.000,1743206,0,0,171258
789,4.5177,1.754,1.838,1.829,0.000,0.274,0.000,1746391,0,0,171258
790,4.5196,1.755,1.709,1.700,0.000,0.282,0.000,1747813,0,0,171258
791,4.5215,1.963,1.750,1.742,0.000,0.357,0.000,1954692,0,0,171258
792,4.5244,1.870,1.754,1.745,0.000,0.318,0.000,1861762,0,0,171258
793,4.5265,3.003,1.756,1.747,0.000,0.387,0.000,2994831,0,0,171258
794,4.5283,1.981,1.963,1.954,0.000,0.391,0.000,1972371,0,0,171258
795,4.5302,1.869,1.870,1.860,0.000,0.406,0.000,1860918,0,0,171258
796,4.5320,1.826,3.003,2.994,0.000,0.356,0.000,1818709,0,0,171258
797,4.5340,1.965,1.980,1.971,0.000,0.527,0.000,1957059,0,0,171258
798,4.5367,2.156,1.868,1.860,0.000,0.359,0.000,2148841,0,0,171258
799,4.5385,2.333,1.827,1.818,0.000,0.317,0.000,2321781,0,0,171258
800,4.5403,1.763,1.964,1.956,0.000,0.280,0.000,1755804,0,0,171258
801,4.5421,1.838,2.161,2.147,0.000,0.334,0.000,1831745,0,0,171258
802,4.5439,1.805,2.328,2.319,0.000,0.286,0.000,1797693,0,0,171258
803,4.5457,1.779,1.762,1.755,0.000,0.265,0.000,1771934,0,0,171258
804,4.5477,2.000,1.839,1.831,0.000,0.286,0.000,1993026,0,0,171258
805,4.5494,1.779,1.805,1.797,0.000,0.282,0.000,1772442,0,0,171258
806,4.5522,1.738,1.779,1.771,0.000,0.397,0.000,1731181,0,0,171258
807,4.5541,2.918,2.000,1.992,0.000,0.312,0.000,2911060,0,0,171258
808,4.5558,1.759,1.779,1.771,0.000,0.440,0.000,1751190,0,0,171258
809,4.5575,1.690,1.738,1.730,0.000,0.335,0.000,1683128,0,0,171258
810,4.5591,1.688,2.918,2.910,0.000,0.273,0.000,1681090,0,0,171258
811,4.5610,1.675,1.758,1.750,0.000,0.274,0.000,1667748,0,0,171258
812,4.5627,1.844,1.690,1.682,0.000,0.254,0.000,1837189,0,0,171354
813,4.5643,1.686,1.688,1.680,0.000,0.392,0.000,1678446,0,0,171258
814,4.5660,1.650,1.674,1.666,0.000,0.332,0.000,1642505,0,0,171258
815,4.5676,1.645,1.844,1.836,0.000,0.279,0.000,1637785,0,0,171258
816,4.5693,1.632,1.686,1.677,0.000,0.265,0.000,1625193,0,0,171258
817,4.5710,1.656,1.649,1.641,0.000,0.265,0.000,1649001,0,0,171258
818,4.5726,1.703,1.644,1.636,0.000,0.271,0.000,1695990,0,0,171258
819,4.5742,1.616,1.632,1.624,0.000,0.257,0.000,1609125,0,0,171258
820,4.5790,1.609,1.656,1.648,0.000,0.251,0.000,1602348,0,0,171258
821,4.5812,4.949,1.703,1.695,0.000,0.276,0.000,4943137,0,0,171258
822,4.5838,2.892,1.616,1.608,0.000,0.245,0.000,2884368,0,0,171258
823,4.5855,1.784,1.609,1.601,0.000,0.725,0.000,1775368,0,0,171258
824,4.5871,1.656,4.952,4.942,0.000,0.715,0.000,1648114,0,0,171258
825,4.5888,1.645,2.893,2.883,0.000,0.608,0.000,1639027,0,0,171258
826,4.5905,1.676,1.782,1.773,0.000,0.408,0.000,1669395,0,0,171258
827,4.5922,1.679,1.654,1.647,0.000,0.659,0.000,1672621,0,0,171258
828,4.5940,1.754,1.645,1.638,0.000,0.347,0.000,1747699,0,0,171258
829,4.5958,1.808,1.676,1.668,0.000,0.277,0.000,1800166,0,0,171258
830,4.5975,1.791,1.679,1.672,0.000,0.351,0.000,1782889,0,0,171258
831,4.5993,1.741,1.755,1.747,0.000,0.686,0.000,1734168,0,0,171258
832,4.6015,1.870,1.808,1.799,0.000,0.355,0.000,1862544,0,0,171258
833,4.6035,2.245,1.790,1.782,0.000,0.298,0.000,2237649,0,0,171258
834,4.6054,1.945,1.741,1.733,0.000,0.336,0.000,1935521,0,0,171258
835,4.6081,1.797,1.870,1.861,0.000,0.352,0.000,1789587,0,0,171258
836,4.6101,2.844,2.247,2.236,0.000,0.296,0.000,2837310,0,0,171258
837,4.6122,2.012,1.943,1.934,0.000,0.357,0.000,2004166,0,0,171258
838,4.6141,2.011,1.796,1.788,0.000,0.783,0.000,2003374,0,0,171258
839,4.6160,1.941,2.845,2.836,0.000,0.782,0.000,1932772,0,0,171258
840,4.6179,1.885,2.012,2.003,0.000,0.380,0.000,1876430,0,0,171258
841,4.6201,1.959,2.011,2.002,0.000,0.312,0.000,1951694,0,0,189869
842,4.6223,2.324,1.941,1.931,0.000,0.300,0.000,2315468,0,0,171354
843,4.6243,2.058,1.884,1.875,0.000,0.354,0.000,2049237,0,0,171258
844,4.6262,1.962,1.960,1.951,0.000,0.779,0.000,1952861,0,0,171258
845,4.6282,1.988,2.325,2.314,0.000,0.394,0.000,1980218,0,0,171258
846,4.6302,1.955,2.058,2.048,0.000,0.381,0.000,1947242,0,0,171258
847,4.6322,1.939,1.961,1.952,0.000,0.339,0.000,1930953,0,0,171258
848,4.6342,2.017,1.988,1.979,0.000,0.412,0.000,2009096,0,0,171258
849,4.6375,2.003,1.955,1.946,0.000,0.391,0.000,1993741,0,0,171258
850,4.6398,3.409,1.939,1.930,0.000,0.415,0.000,3400939,0,0,171258
851,4.6419,2.253,2.018,2.008,0.000,0.366,0.000,2243822,0,0,171258
852,4.6438,2.003,2.002,1.992,0.000,0.373,0.000,1993913,0,0,171258
853,4.6458,1.941,3.410,3.400,0.000,0.366,0.000,1932670,0,0,171258
854,4.6477,1.979,2.252,2.242,0.000,0.755,0.000,1971988,0,0,171258
855,4.6497,1.962,2.002,1.993,0.000,0.404,0.000,1954530,0,0,171258
856,4.6518,2.060,1.940,1.931,0.000,0.339,0.000,2051220,0,0,171258
857,4.6539,2.039,1.980,1.971,0.000,0.617,0.000,2031120,0,0,171258
858,4.6559,2.038,1.963,1.953,0.000,0.469,0.000,2028309,0,0,171258
859,4.6580,2.090,2.059,2.050,0.000,0.359,0.000,2081774,0,0,171258
860,4.6601,2.032,2.040,2.030,0.000,0.383,0.000,2024401,0,0,171258
861,4.6621,2.128,2.036,2.027,0.000,0.330,0.000,2120060,0,0,171258
862,4.6652,1.967,2.090,2.081,0.000,0.734,0.000,1958665,0,0,171818
863,4.6674,3.260,2.033,2.023,0.000,0.741,0.000,3251794,0,0,171314
864,4.6697,2.120,2.128,2.119,0.000,0.693,0.000,2111514,0,0,171258
865,4.6718,2.281,1.967,1.957,0.000,0.425,0.000,2271734,0,0,171258
866,4.6738,2.073,3.260,3.251,0.000,0.549,0.000,2064211,0,0,171258
867,4.6758,2.045,2.121,2.110,0.000,0.405,0.000,2036923,0,0,171258
868,4.6782,2.228,2.280,2.270,0.000,0.459,0.000,2220357,0,0,171258
869,4.6804,2.154,2.072,2.063,0.000,0.361,0.000,2146696,0,0,171258
870,4.6824,2.166,2.045,2.036,0.000,0.325,0.000,2157638,0,0,171258
871,4.6845,1.977,2.228,2.219,0.000,0.800,0.000,1969988,0,0,171258
872,4.6866,2.007,2.155,2.145,0.000,0.786,0.000,1999527,0,0,171354
873,4.6885,2.138,2.165,2.156,0.000,0.647,0.000,2130657,0,0,171258
874,4.6902,1.854,1.978,1.969,0.000,0.326,0.000,1846151,0,0,171258
875,4.6919,1.722,2.007,1.998,0.000,0.308,0.000,1715086,0,0,171258
876,4.6948,1.752,2.138,2.129,0.000,0.307,0.000,1745846,0,0,171258
877,4.6968,2.966,1.853,1.845,0.000,0.276,0.000,2959038,0,0,171258
878,4.6986,1.934,1.722,1.714,0.000,0.375,0.000,1925728,0,0,171258
879,4.7005,1.788,1.753,1.745,0.000,0.383,0.000,1780986,0,0,171258
880,4.7022,1.834,2.967,2.958,0.000,0.327,0.000,1827665,0,0,171258
881,4.7039,1.716,1.933,1.924,0.000,0.303,0.000,1708548,0,0,171258
882,4.7056,1.709,1.787,1.780,0.000,0.275,0.000,1702166,0,0,171258
883,4.7076,1.970,1.835,1.827,0.000,0.737,0.000,1963412,0,0,171258
884,4.7093,1.704,1.715,1.707,0.000,0.383,0.000,1696997,0,0,171258
885,4.7110,1.700,1.709,1.701,0.000,0.341,0.000,1692862,0,0,171258
886,4.7127,1.707,1.971,1.962,0.000,0.319,0.000,1700038,0,0,171258
887,4.7144,1.710,1.704,1.696,0.000,0.340,0.000,1702442,0,0,171258
888,4.7161,1.651,1.700,1.692,0.000,0.707,0.000,1644042,0,0,171258
889,4.7178,1.689,1.707,1.699,0.000,0.329,0.000,1682118,0,0,171258
890,4.7208,2.865,1.709,1.701,0.000,0.367,0.000,2857699,0,0,171258
891,4.7226,1.952,1.651,1.643,0.000,0.319,0.000,1944027,0,0,171258
892,4.7243,1.706,1.690,1.681,0.000,0.364,0.000,1698033,0,0,171258
893,4.7260,1.722,2.865,2.856,0.000,0.313,0.000,1714799,0,0,171258
894,4.7276,1.636,1.951,1.943,0.000,0.549,0.000,1629030,0,0,171258
895,4.7293,1.630,1.705,1.697,0.000,0.306,0.000,1623161,0,0,171258
896,4.7309,1.695,1.722,1.714,0.000,0.273,0.000,1688549,0,0,171258
897,4.7326,1.630,1.635,1.628,0.000,0.363,0.000,1622544,0,0,171258
898,4.7342,1.655,1.630,1.622,0.000,0.294,0.000,1649293,0,0,171258
899,4.7359,1.657,1.695,1.687,0.000,0.294,0.000,1649779,0,0,171258
900,4.7375,1.640,1.629,1.621,0.000,0.276,0.000,1633837,0,0,171258
901,4.7392,1.639,1.656,1.648,0.000,0.276,0.000,1632399,0,0,171258
902,4.7410,1.666,1.656,1.649,0.000,0.285,0.000,1659128,0,0,171354
903,4.7436,1.782,1.641,1.633,0.000,0.257,0.000,1775278,0,0,171258
904,4.7455,2.749,1.639,1.631,0.000,0.292,0.000,2742595,0,0,171258
905,4.7472,1.800,1.666,1.658,0.000,0.300,0.000,1792552,0,0,171258
906,4.7489,1.746,1.782,1.774,0.000,0.367,0.000,1738459,0,0,171258
907,4.7506,1.654,2.750,2.742,0.000,0.338,0.000,1647229,0,0,171258
908,4.7523,1.659,1.800,1.791,0.000,0.290,0.000,1651890,0,0,171258
909,4.7539,1.693,1.745,1.737,0.000,0.345,0.000,1686846,0,0,209942
910,4.7556,1.652,1.654,1.646,0.000,0.343,0.000,1645292,0,0,171258
911,4.7572,1.618,1.659,1.651,0.000,0.294,0.000,1611626,0,0,171258
912,4.7589,1.677,1.693,1.686,0.000,0.288,0.000,1670453,0,0,171258
913,4.7607,1.680,1.652,1.644,0.000,0.274,0.000,1673609,0,0,171258
914,4.7624,1.827,1.618,1.611,0.000,0.291,0.000,1820837,0,0,171258
915,4.7641,1.753,1.677,1.669,0.000,0.288,0.000,1738768,0,0,171258
916,4.7658,1.656,1.680,1.673,0.000,0.332,0.000,1649212,0,0,171258
917,4.7685,1.662,1.835,1.820,0.000,0.270,0.000,1655669,0,0,171258
918,4.7702,2.752,1.746,1.738,0.000,0.254,0.000,2742106,0,0,171258
919,4.7719,1.678,1.656,1.648,0.000,0.260,0.000,1670592,0,0,171258
920,4.7735,1.617,1.666,1.655,0.000,0.699,0.000,1610364,0,0,171258
921,4.7751,1.599,2.749,2.741,0.000,0.626,0.000,1592512,0,0,171258
922,4.7767,1.669,1.677,1.669,0.000,0.705,0.000,1662352,0,0,171258
923,4.7793,1.963,1.617,1.609,0.000,0.350,0.000,1956032,0,0,171258
924,4.7821,2.680,1.599,1.592,0.000,0.283,0.000,2670009,0,0,171258
925,4.7842,2.692,1.669,1.661,0.000,0.283,0.000,2681811,0,0,171258
926,4.7860,1.843,1.966,1.955,0.000,0.321,0.000,1835742,0,0,171258
927,4.7879,1.855,2.680,2.668,0.000,0.705,0.000,1847487,0,0,171258
928,4.7898,1.892,2.689,2.680,0.000,0.651,0.000,1885262,0,0,171258
929,4.7917,1.858,1.843,1.834,0.000,0.341,0.000,1850405,0,0,171258
930,4.7947,1.887,1.854,1.846,0.000,0.356,0.000,1877073,0,0,171258
931,4.7968,3.110,1.893,1.884,0.000,0.692,0.000,3102808,0,0,171258
932,4.7986,2.002,1.860,1.849,0.000,0.754,0.000,1993602,0,0,171354
933,4.8008,1.856,1.884,1.876,0.000,0.734,0.000,1849046,0,0,171258
934,4.8028,2.240,3.111,3.102,0.000,0.620,0.000,2231371,0,0,171258
935,4.8053,2.129,2.001,1.992,0.000,0.419,0.000,2121626,0,0,171258
936,4.8075,2.541,1.858,1.848,0.000,0.708,0.000,2531753,0,0,171258
937,4.8096,2.091,2.239,2.230,0.000,0.382,0.000,2082698,0,0,171258
938,4.8116,2.072,2.130,2.120,0.000,0.358,0.000,2063859,0,0,171258
939,4.8135,1.904,2.540,2.530,0.000,0.406,0.000,1895585,0,0,171258
940,4.8154,1.894,2.092,2.081,0.000,0.727,0.000,1880514,0,0,171258
941,4.8174,1.902,2.072,2.062,0.000,0.710,0.000,1893779,0,0,171258
942,4.8193,1.999,1.909,1.894,0.000,0.380,0.000,1991616,0,0,171258
943,4.8221,1.991,1.888,1.879,0.000,0.368,0.000,1983513,0,0,171258
944,4.8254,3.015,1.901,1.893,0.000,0.669,0.000,3007156,0,0,171258
945,4.8275,3.102,1.999,1.990,0.000,0.384,0.000,3093365,0,0,171258
946,4.8294,2.020,1.991,1.982,0.000,0.819,0.000,2012111,0,0,171258
947,4.8313,1.889,3.016,3.006,0.000,0.773,0.000,1881589,0,0,171258
948,4.8331,1.834,3.101,3.092,0.000,0.757,0.000,1826701,0,0,171258
949,4.8350,1.849,2.019,2.011,0.000,0.663,0.000,1840821,0,0,171258
950,4.8369,1.852,1.889,1.880,0.000,0.729,0.000,1845311,0,0,171258
951,4.8387,1.871,1.834,1.825,0.000,0.357,0.000,1864452,0,0,171258
952,4.8406,1.802,1.848,1.840,0.000,0.312,0.000,1794867,0,0,171258
953,4.8426,1.964,1.852,1.844,0.000,0.748,0.000,1956968,0,0,171258
954,4.8448,2.256,1.872,1.863,0.000,0.456,0.000,2247919,0,0,171258
955,4.8468,2.033,1.802,1.791,0.000,0.344,0.000,2024014,0,0,171258
956,4.8486,1.875,1.965,1.956,0.000,0.420,0.000,1866813,0,0,171258
957,4.8505,1.839,2.257,2.247,0.000,0.314,0.000,1830355,0,0,171258
958,4.8534,1.877,2.032,2.023,0.000,0.753,0.000,1869506,0,0,171258
959,4.8554,2.981,1.875,1.866,0.000,0.398,0.000,2974033,0,0,171258
960,4.8573,1.954,1.838,1.829,0.000,0.320,0.000,1946121,0,0,171258
961,4.8593,1.948,1.877,1.868,0.000,0.396,0.000,1940689,0,0,189869
962,4.8614,1.992,2.982,2.973,0.000,0.326,0.000,1984716,0,0,171354
963,4.8633,2.038,1.954,1.945,0.000,0.311,0.000,2029997,0,0,171258
964,4.8652,1.892,1.948,1.939,0.000,0.286,0.000,1883257,0,0,171258
965,4.8674,2.000,1.992,1.983,0.000,0.799,0.000,1993095,0,0,171258
966,4.8695,2.249,2.039,2.029,0.000,0.385,0.000,2238799,0,0,171258
967,4.8718,2.168,1.891,1.882,0.000,0.527,0.000,2158644,0,0,171258
968,4.8739,2.236,2.003,1.992,0.000,0.429,0.000,2223615,0,0,171258
969,4.8759,2.036,2.248,2.237,0.000,0.567,0.000,2025549,0,0,171258
970,4.8777,1.863,2.171,2.157,0.000,0.535,0.000,1855615,0,0,171258
971,4.8795,1.722,2.234,2.222,0.000,0.711,0.000,1715096,0,0,171258
972,4.8823,2.867,2.033,2.024,0.000,0.405,0.000,2860794,0,0,171258
973,4.8842,1.945,1.862,1.854,0.000,0.301,0.000,1935397,0,0,171258
974,4.8859,1.743,1.722,1.714,0.000,0.296,0.000,1735550,0,0,171258
975,4.8875,1.677,2.871,2.860,0.000,0.323,0.000,1669591,0,0,171258
976,4.8892,1.645,1.942,1.933,0.000,0.293,0.000,1638129,0,0,171258
977,4.8910,1.703,1.743,1.734,0.000,0.282,0.000,1696051,0,0,171258
978,4.8926,1.714,1.676,1.668,0.000,0.252,0.000,1706704,0,0,171258
979,4.8943,1.688,1.645,1.637,0.000,0.670,0.000,1681498,0,0,171258
980,4.8960,1.664,1.703,1.695,0.000,0.351,0.000,1656837,0,0,171258
981,4.8977,1.713,1.713,1.706,0.000,0.280,0.000,1706042,0,0,171258
982,4.8996,1.736,1.689,1.680,0.000,0.669,0.000,1729274,0,0,171258
983,4.9013,1.880,1.664,1.656,0.000,0.668,0.000,1873748,0,0,171258
984,4.9031,1.744,1.713,1.705,0.000,0.721,0.000,1736792,0,0,171258
985,4.9060,1.806,1.736,1.728,0.000,0.723,0.000,1799197,0,0,171258
986,4.9080,2.978,1.881,1.873,0.000,0.354,0.000,2971102,0,0,171258
987,4.9099,1.920,1.746,1.736,0.000,0.297,0.000,1912043,0,0,171258
988,4.9117,1.855,1.804,1.796,0.000,0.532,0.000,1846514,0,0,171258
989,4.9135,1.808,2.979,2.970,0.000,0.457,0.000,1800322,0,0,171258
990,4.9153,1.790,1.920,1.911,0.000,0.424,0.000,1782386,0,0,171258
991,4.9172,1.846,1.854,1.845,0.000,0.349,0.000,1838300,0,0,171258
992,4.9190,1.852,1.808,1.799,0.000,0.299,0.000,1845322,0,0,171354
993,4.9210,1.832,1.790,1.781,0.000,0.300,0.000,1824735,0,0,171258
994,4.9228,1.993,1.846,1.837,0.000,0.285,0.000,1985596,0,0,171258
995,4.9246,1.819,1.853,1.844,0.000,0.713,0.000,1811461,0,0,171258
996,4.9264,1.789,1.832,1.823,0.000,0.387,0.000,1781577,0,0,171818
997,4.9281,1.751,1.993,1.984,0.000,0.391,0.000,1744561,0,0,171314
998,4.9299,1.775,1.819,1.810,0.000,0.355,0.000,1768161,0,0,171258
999,4.9327,1.778,1.788,1.780,0.000,0.334,0.000,1770934,0,0,171258
1000,4.9345,2.787,1.751,1.743,0.000,0.297,0.000,2779858,0,0,171258
1001,4.9362,1.766,1.775,1.767,0.000,0.311,0.000,1758618,0,0,171260
1002,4.9380,1.727,1.778,1.770,0.000,0.327,0.000,1720073,0,0,171260
1003,4.9398,1.738,2.787,2.779,0.000,0.276,0.000,1730893,0,0,171260
1004,4.9416,1.840,1.765,1.757,0.000,0.299,0.000,1833494,0,0,171260
1005,4.9433,1.794,1.727,1.719,0.000,0.266,0.000,1786087,0,0,171260
1006,4.9450,1.717,1.738,1.730,0.000,0.347,0.000,1709855,0,0,171260
1007,4.9468,1.725,1.841,1.832,0.000,0.306,0.000,1717969,0,0,171260
1008,4.9485,1.725,1.793,1.785,0.000,0.314,0.000,1718036,0,0,171260
1009,4.9502,1.710,1.717,1.709,0.000,0.271,0.000,1702931,0,0,171260
1010,4.9519,1.755,1.725,1.717,0.000,0.291,0.000,1747442,0,0,171260
1011,4.9536,1.662,1.725,1.717,0.000,0.346,0.000,1654780,0,0,171260
1012,4.9552,1.620,1.710,1.702,0.000,0.297,0.000,1613083,0,0,171260
1013,4.9578,1.658,1.754,1.746,0.000,0.266,0.000,1651425,0,0,187676
1014,4.9597,2.691,1.661,1.654,0.000,0.262,0.000,2684666,0,0,171260
1015,4.9615,1.851,1.620,1.612,0.000,0.250,0.000,1844154,0,0,171260
1016,4.9632,1.760,1.658,1.650,0.000,0.284,0.000,1753268,0,0,171260
1017,4.9650,1.730,2.692,2.683,0.000,0.344,0.000,1723476,0,0,171260
1018,4.9666,1.712,1.851,1.843,0.000,0.239,0.000,1704953,0,0,171260
1019,4.9683,1.651,1.760,1.752,0.000,0.273,0.000,1644132,0,0,171260
1020,4.9701,1.676,1.733,1.722,0.000,0.240,0.000,1668900,0,0,171260
1021,4.9718,1.829,1.709,1.702,0.000,0.251,0.000,1823078,0,0,171260
1022,4.9735,1.727,1.651,1.643,0.000,0.270,0.000,1719890,0,0,171356
1023,4.9752,1.683,1.675,1.668,0.000,0.268,0.000,1676118,0,0,171260
1024,4.9770,1.691,1.830,1.822,0.000,0.270,0.000,1684307,0,0,171260
1025,4.9786,1.781,1.727,1.719,0.000,0.257,0.000,1774698,0,0,171260
1026,4.9805,1.717,1.683,1.675,0.000,0.260,0.000,1710430,0,0,171260
1027,4.9832,1.798,1.691,1.683,0.000,0.609,0.000,1791999,0,0,171260
1028,4.9850,2.814,1.781,1.774,0.000,0.635,0.000,2807268,0,0,171260
1029,4.9869,1.781,1.717,1.709,0.000,0.274,0.000,1774245,0,0,171260
1030,4.9886,1.803,1.799,1.791,0.000,0.283,0.000,1796312,0,0,171260
1031,4.9902,1.678,2.814,2.806,0.000,0.673,0.000,1671272,0,0,171260
1032,4.9918,1.651,1.781,1.773,0.000,0.592,0.000,1644528,0,0,171260
1033,4.9937,1.699,1.803,1.795,0.000,0.621,0.000,1692806,0,0,171260
1034,4.9955,1.844,1.678,1.670,0.000,0.612,0.000,1835514,0,0,171820
1035,4.9973,1.815,1.651,1.643,0.000,0.489,0.000,1806868,0,0,171316
1036,4.9991,1.753,1.701,1.692,0.000,0.461,0.000,1744782,0,0,171260
1037,5.0009,1.835,1.844,1.834,0.000,0.485,0.000,1826276,0,0,171260
1038,5.0026,1.745,1.815,1.806,0.000,0.424,0.000,1738539,0,0,171260
1039,5.0043,1.713,1.753,1.744,0.000,0.617,0.000,1706013,0,0,171260
1040,5.0061,1.726,1.833,1.825,0.000,0.336,0.000,1718561,0,0,171260
1041,5.0089,2.753,1.745,1.737,0.000,0.313,0.000,2746477,0,0,171260
1042,5.0106,1.810,1.713,1.705,0.000,0.285,0.000,1802590,0,0,171260
1043,5.0123,1.683,1.725,1.717,0.000,0.300,0.000,1676223,0,0,171260
1044,5.0139,1.670,2.754,2.745,0.000,0.273,0.000,1663229,0,0,171260
1045,5.0156,1.659,1.809,1.801,0.000,0.259,0.000,1652634,0,0,171260
1046,5.0172,1.660,1.683,1.675,0.000,0.313,0.000,1653595,0,0,171260
1047,5.0189,1.667,1.669,1.662,0.000,0.696,0.000,1659583,0,0,171260
1048,5.0208,1.703,1.659,1.651,0.000,0.334,0.000,1696032,0,0,171260
1049,5.0228,2.067,1.661,1.652,0.000,0.283,0.000,2060041,0,0,171260
1050,5.0245,1.778,1.667,1.659,0.000,0.345,0.000,1769178,0,0,171260
1051,5.0262,1.695,1.703,1.695,0.000,0.679,0.000,1688486,0,0,171260
1052,5.0279,1.730,2.068,2.059,0.000,0.354,0.000,1723555,0,0,171356
1053,5.0296,1.699,1.776,1.768,0.000,0.627,0.000,1692660,0,0,171260
1054,5.0322,1.690,1.695,1.687,0.000,0.626,0.000,1683258,0,0,171260
1055,5.0339,2.586,1.730,1.722,0.000,0.618,0.000,2579464,0,0,171260
1056,5.0356,1.714,1.699,1.692,0.000,0.611,0.000,1708200,0,0,171260
1057,5.0373,1.681,1.690,1.682,0.000,0.611,0.000,1674730,0,0,171260
1058,5.0391,1.788,2.586,2.578,0.000,0.623,0.000,1781579,0,0,171260
1059,5.0408,1.667,1.715,1.707,0.000,0.604,0.000,1660672,0,0,171260
1060,5.0425,1.796,1.681,1.674,0.000,0.661,0.000,1789174,0,0,171260
1061,5.0441,1.638,1.788,1.780,0.000,0.616,0.000,1631360,0,0,171260
1062,5.0458,1.632,1.667,1.659,0.000,0.405,0.000,1625268,0,0,171260
1063,5.0474,1.654,1.796,1.788,0.000,0.608,0.000,1647083,0,0,171260
1064,5.0491,1.660,1.638,1.630,0.000,0.362,0.000,1653732,0,0,171260
1065,5.0508,1.681,1.632,1.624,0.000,0.277,0.000,1674621,0,0,171260
1066,5.0527,1.807,1.654,1.646,0.000,0.326,0.000,1800245,0,0,171260
1067,5.0545,1.832,1.660,1.653,0.000,0.287,0.000,1823799,0,0,171260
1068,5.0573,1.783,1.681,1.674,0.000,0.355,0.000,1775897,0,0,171260
1069,5.0592,2.881,1.808,1.799,0.000,0.387,0.000,2874145,0,0,171260
1070,5.0611,1.883,1.831,1.823,0.000,0.331,0.000,1875536,0,0,171260
1071,5.0629,1.879,1.783,1.775,0.000,0.398,0.000,1871986,0,0,171260
1072,5.0646,1.742,2.882,2.873,0.000,0.389,0.000,1734549,0,0,171260
1073,5.0665,1.763,1.883,1.874,0.000,0.331,0.000,1756032,0,0,171260
1074,5.0682,1.832,1.879,1.871,0.000,0.720,0.000,1824312,0,0,171260
1075,5.0700,1.748,1.742,1.733,0.000,0.398,0.000,1741846,0,0,171260
1076,5.0717,1.734,1.763,1.755,0.000,0.326,0.000,1726761,0,0,171260
1077,5.0734,1.679,1.831,1.823,0.000,0.309,0.000,1671263,0,0,171260
1078,5.0750,1.691,1.749,1.741,0.000,0.275,0.000,1684489,0,0,171260
1079,5.0767,1.645,1.734,1.726,0.000,0.271,0.000,1638658,0,0,171260
1080,5.0783,1.636,1.678,1.670,0.000,0.268,0.000,1629373,0,0,171260
1081,5.0803,1.750,1.691,1.683,0.000,0.661,0.000,1743730,0,0,190033
1082,5.0829,1.882,1.645,1.637,0.000,0.689,0.000,1875751,0,0,171356
1083,5.0848,2.753,1.635,1.628,0.000,0.686,0.000,2746494,0,0,171260
1084,5.0865,1.770,1.751,1.743,0.000,0.311,0.000,1762328,0,0,171260
1085,5.0881,1.643,1.883,1.875,0.000,0.363,0.000,1635662,0,0,171260
1086,5.0897,1.640,2.754,2.745,0.000,0.293,0.000,1633152,0,0,171260
1087,5.0914,1.634,1.769,1.761,0.000,0.267,0.000,1627660,0,0,171260
1088,5.0930,1.631,1.642,1.634,0.000,0.303,0.000,1624039,0,0,171260
1089,5.0947,1.640,1.640,1.632,0.000,0.276,0.000,1633893,0,0,171260
1090,5.0963,1.660,1.634,1.626,0.000,0.253,0.000,1653632,0,0,171260
1091,5.0980,1.672,1.630,1.623,0.000,0.639,0.000,1665014,0,0,171260
1092,5.0998,1.685,1.641,1.633,0.000,0.376,0.000,1678296,0,0,171260
1093,5.1014,1.764,1.660,1.653,0.000,0.302,0.000,1757493,0,0,171260
1094,5.1031,1.636,1.672,1.664,0.000,0.279,0.000,1629113,0,0,171260
1095,5.1047,1.658,1.685,1.677,0.000,0.280,0.000,1651106,0,0,171260
1096,5.1094,1.652,1.764,1.756,0.000,0.334,0.000,1645352,0,0,171260
1097,5.1119,5.055,1.636,1.628,0.000,0.645,0.000,5048963,0,0,171260
1098,5.1145,2.941,1.658,1.650,0.000,0.621,0.000,2931473,0,0,171260
1099,5.1162,1.836,1.652,1.644,0.000,0.744,0.000,1827637,0,0,171260
1100,5.1179,1.680,5.059,5.048,0.000,0.643,0.000,1672359,0,0,171260
1101,5.1196,1.640,2.940,2.930,0.000,0.361,0.000,1633286,0,0,171260
1102,5.1213,1.756,1.834,1.826,0.000,0.276,0.000,1749389,0,0,171260
1103,5.1230,1.681,1.679,1.671,0.000,0.281,0.000,1673499,0,0,171260
1104,5.1247,1.711,1.640,1.632,0.000,0.261,0.000,1704432,0,0,171260
1105,5.1266,1.709,1.757,1.748,0.000,0.301,0.000,1701111,0,0,171260
1106,5.1282,1.819,1.681,1.672,0.000,0.293,0.000,1807215,0,0,171260
1107,5.1299,1.662,1.712,1.703,0.000,0.356,0.000,1656090,0,0,171260
1108,5.1315,1.661,1.713,1.700,0.000,0.269,0.000,1654074,0,0,171260
1109,5.1332,1.630,1.814,1.806,0.000,0.272,0.000,1623050,0,0,171260
1110,5.1348,1.648,1.663,1.655,0.000,0.269,0.000,1641404,0,0,171260
1111,5.1374,1.634,1.661,1.653,0.000,0.348,0.000,1627601,0,0,171260
1112,5.1392,2.683,1.630,1.622,0.000,0.484,0.000,2675774,0,0,171356
1113,5.1410,1.739,1.648,1.640,0.000,0.464,0.000,1732252,0,0,171260
1114,5.1427,1.785,1.635,1.626,0.000,0.521,0.000,1778811,0,0,171260
1115,5.1443,1.659,2.683,2.675,0.000,0.438,0.000,1652125,0,0,171260
1116,5.1460,1.681,1.739,1.731,0.000,0.457,0.000,1674697,0,0,171260
1117,5.1476,1.610,1.785,1.778,0.000,0.447,0.000,1602615,0,0,171260
1118,5.1492,1.639,1.659,1.651,0.000,0.443,0.000,1632584,0,0,171260
1119,5.1508,1.639,1.682,1.674,0.000,0.423,0.000,1632241,0,0,171260
1120,5.1525,1.585,1.609,1.601,0.000,0.631,0.000,1578800,0,0,171260
1121,5.1542,1.693,1.640,1.632,0.000,0.635,0.000,1686672,0,0,171260
1122,5.1559,1.735,1.639,1.631,0.000,0.410,0.000,1728845,0,0,171260
1123,5.1576,1.691,1.585,1.578,0.000,0.286,0.000,1684275,0,0,171260
1124,5.1594,1.704,1.693,1.686,0.000,0.342,0.000,1697367,0,0,171260
1125,5.1621,1.791,1.736,1.728,0.000,0.664,0.000,1784256,0,0,171260
1126,5.1640,2.796,1.691,1.683,0.000,0.649,0.000,2789005,0,0,171260
1127,5.1658,1.875,1.704,1.696,0.000,0.521,0.000,1867975,0,0,171260
1128,5.1675,1.741,1.791,1.783,0.000,0.403,0.000,1734135,0,0,171260
1129,5.1692,1.683,2.796,2.788,0.000,0.300,0.000,1676717,0,0,171260
1130,5.1709,1.737,1.875,1.867,0.000,0.290,0.000,1730331,0,0,171260
1131,5.1725,1.656,1.741,1.733,0.000,0.263,0.000,1649528,0,0,171260
1132,5.1743,1.692,1.684,1.676,0.000,0.291,0.000,1686057,0,0,171260
1133,5.1761,1.751,1.737,1.729,0.000,0.320,0.000,1744328,0,0,171260
1134,5.1778,1.741,1.656,1.648,0.000,0.301,0.000,1734498,0,0,171260
1135,5.1797,1.795,1.693,1.685,0.000,0.326,0.000,1787709,0,0,171260
1136,5.1815,1.941,1.751,1.743,0.000,0.291,0.000,1933911,0,0,171260
1137,5.1834,1.781,1.741,1.733,0.000,0.312,0.000,1773318,0,0,171260
1138,5.1852,1.859,1.795,1.787,0.000,0.291,0.000,1851535,0,0,171260
1139,5.1881,1.753,1.941,1.933,0.000,0.340,0.000,1744355,0,0,171260
1140,5.1902,3.122,1.781,1.772,0.000,0.308,0.000,3115398,0,0,171260
1141,5.1921,1.963,1.860,1.850,0.000,0.386,0.000,1954911,0,0,171260
1142,5.1941,1.979,1.751,1.743,0.000,0.426,0.000,1971558,0,0,171356
1143,5.1959,1.895,3.124,3.114,0.000,0.729,0.000,1887691,0,0,171260
1144,5.1977,1.830,1.963,1.954,0.000,0.664,0.000,1822584,0,0,171260
1145,5.1998,1.871,1.979,1.970,0.000,0.368,0.000,1863289,0,0,171260
1146,5.2017,2.038,1.895,1.887,0.000,0.284,0.000,2030656,0,0,171260
1147,5.2035,1.876,1.830,1.821,0.000,0.511,0.000,1867897,0,0,171260
1148,5.2053,1.776,1.871,1.862,0.000,0.400,0.000,1768151,0,0,171260
1149,5.2071,1.815,2.039,2.029,0.000,0.322,0.000,1807265,0,0,171260
1150,5.2088,1.747,1.876,1.867,0.000,0.300,0.000,1739212,0,0,171260
1151,5.2106,1.763,1.775,1.767,0.000,0.303,0.000,1755966,0,0,171260
1152,5.2133,1.753,1.815,1.806,0.000,0.270,0.000,1745694,0,0,171260
1153,5.2152,2.759,1.747,1.738,0.000,0.690,0.000,2752429,0,0,171260
1154,5.2171,1.964,1.764,1.755,0.000,0.364,0.000,1956936,0,0,171260
1155,5.2188,1.758,1.752,1.744,0.000,0.279,0.000,1750749,0,0,171260
1156,5.2206,1.703,2.760,2.751,0.000,0.342,0.000,1696338,0,0,171260
1157,5.2223,1.816,1.964,1.956,0.000,0.288,0.000,1809675,0,0,171260
1158,5.2239,1.625,1.758,1.750,0.000,0.339,0.000,1617446,0,0,171260
1159,5.2256,1.628,1.703,1.695,0.000,0.261,0.000,1621562,0,0,171260
1160,5.2273,1.665,1.817,1.808,0.000,0.255,0.000,1658827,0,0,171260
1161,5.2290,1.796,1.624,1.616,0.000,0.352,0.000,1789655,0,0,171260
1162,5.2307,1.693,1.628,1.620,0.000,0.281,0.000,1686741,0,0,171260
1163,5.2324,1.673,1.665,1.658,0.000,0.679,0.000,1667062,0,0,171260
1164,5.2341,1.684,1.796,1.788,0.000,0.638,0.000,1669312,0,0,171260
1165,5.2358,1.666,1.693,1.686,0.000,0.661,0.000,1659605,0,0,171260
1166,5.2385,1.723,1.682,1.666,0.000,0.646,0.000,1716801,0,0,171260
1167,5.2404,2.781,1.675,1.668,0.000,0.624,0.000,2773553,0,0,171260
1168,5.2421,1.869,1.666,1.658,0.000,0.378,0.000,1862539,0,0,171260
1169,5.2439,1.723,1.724,1.716,0.000,0.647,0.000,1715947,0,0,171260
1170,5.2456,1.772,2.780,2.772,0.000,0.646,0.000,1765725,0,0,171260
1171,5.2474,1.745,1.870,1.861,0.000,0.301,0.000,1738654,0,0,171260
1172,5.2491,1.740,1.723,1.715,0.000,0.301,0.000,1732826,0,0,171356
1173,5.2508,1.673,1.773,1.765,0.000,0.337,0.000,1664917,0,0,171260
1174,5.2525,1.692,1.746,1.737,0.000,0.280,0.000,1685156,0,0,171260
1175,5.2541,1.671,1.741,1.732,0.000,0.700,0.000,1664508,0,0,271736
1176,5.2558,1.680,1.672,1.664,0.000,0.300,0.000,1673040,0,0,171260
1177,5.2576,1.714,1.692,1.684,0.000,0.270,0.000,1707120,0,0,171260
1178,5.2592,1.688,1.671,1.663,0.000,0.261,0.000,1681719,0,0,171260
1179,5.2620,1.677,1.679,1.672,0.000,0.525,0.000,1670216,0,0,171260
1180,5.2638,2.828,1.714,1.706,0.000,0.630,0.000,2821713,0,0,171260
1181,5.2655,1.761,1.688,1.681,0.000,0.355,0.000,1754110,0,0,171260
1182,5.2671,1.636,1.677,1.669,0.000,0.320,0.000,1628772,0,0,171260
1183,5.2688,1.681,2.829,2.821,0.000,0.280,0.000,1674015,0,0,171260
1184,5.2706,1.745,1.761,1.753,0.000,0.261,0.000,1737376,0,0,171260
1185,5.2723,1.701,1.636,1.628,0.000,0.543,0.000,1693905,0,0,171260
1186,5.2740,1.720,1.681,1.673,0.000,0.334,0.000,1712821,0,0,171260
1187,5.2756,1.669,1.745,1.736,0.000,0.281,0.000,1662739,0,0,171260
1188,5.2773,1.693,1.701,1.693,0.000,0.279,0.000,1686299,0,0,171260
1189,5.2790,1.689,1.719,1.712,0.000,0.275,0.000,1682577,0,0,171260
1190,5.2809,1.685,1.669,1.662,0.000,0.273,0.000,1678088,0,0,171260
1191,5.2826,1.893,1.693,1.685,0.000,0.265,0.000,1886349,0,0,171260
1192,5.2844,1.751,1.689,1.681,0.000,0.261,0.000,1742655,0,0,171260
1193,5.2871,1.738,1.685,1.677,0.000,0.401,0.000,1731181,0,0,171260
1194,5.2890,2.830,1.895,1.885,0.000,0.346,0.000,2823152,0,0,171260
1195,5.2908,1.818,1.749,1.741,0.000,0.666,0.000,1810955,0,0,171260
1196,5.2926,1.827,1.738,1.730,0.000,0.377,0.000,1820555,0,0,171260
1197,5.2943,1.686,2.831,2.822,0.000,0.681,0.000,1678684,0,0,171260
1198,5.2960,1.748,1.818,1.810,0.000,0.367,0.000,1741123,0,0,171260
1199,5.2977,1.699,1.827,1.819,0.000,0.296,0.000,1692418,0,0,171260
1200,5.2996,1.701,1.685,1.678,0.000,0.286,0.000,1694246,0,0,171260
1201,5.3015,1.976,1.748,1.740,0.000,0.279,0.000,1968663,0,0,190111
1202,5.3032,1.799,1.700,1.691,0.000,0.714,0.000,1791655,0,0,171356
1203,5.3049,1.666,1.701,1.693,0.000,0.672,0.000,1659475,0,0,171260
1204,5.3066,1.725,1.976,1.967,0.000,0.347,0.000,1718426,0,0,171260
1205,5.3083,1.690,1.799,1.790,0.000,0.625,0.000,1683006,0,0,171260
1206,5.3100,1.747,1.666,1.658,0.000,0.641,0.000,1739823,0,0,171820
1207,5.3127,1.682,1.725,1.717,0.000,0.632,0.000,1674947,0,0,171316
1208,5.3145,2.716,1.690,1.682,0.000,0.405,0.000,2709275,0,0,171260
1209,5.3163,1.815,1.747,1.738,0.000,0.625,0.000,1807762,0,0,171260
1210,5.3180,1.788,1.681,1.674,0.000,0.356,0.000,1781310,0,0,171260
1211,5.3199,1.755,2.721,2.708,0.000,0.352,0.000,1747766,0,0,171260
1212,5.3218,1.954,1.809,1.801,0.000,0.366,0.000,1946404,0,0,171260
1213,5.3237,1.866,1.789,1.780,0.000,0.333,0.000,1857907,0,0,171260
1214,5.3256,1.926,1.755,1.747,0.000,0.365,0.000,1919019,0,0,171260
1215,5.3275,1.901,1.955,1.945,0.000,0.431,0.000,1893903,0,0,171260
1216,5.3294,1.890,1.865,1.857,0.000,0.590,0.000,1875169,0,0,171260
1217,5.3314,1.956,1.926,1.918,0.000,0.384,0.000,1948551,0,0,171260
1218,5.3332,1.889,1.909,1.893,0.000,0.374,0.000,1882103,0,0,171260
1219,5.3351,1.906,1.883,1.874,0.000,0.401,0.000,1898788,0,0,171260
1220,5.3369,1.814,1.956,1.947,0.000,0.349,0.000,1806406,0,0,171260
1221,5.3397,1.773,1.889,1.881,0.000,0.343,0.000,1765738,0,0,171260
1222,5.3417,2.843,1.907,1.898,0.000,0.316,0.000,2835853,0,0,171260
1223,5.3434,1.907,1.814,1.805,0.000,0.298,0.000,1899233,0,0,171260
1224,5.3451,1.728,1.773,1.765,0.000,0.407,0.000,1720291,0,0,171260
1225,5.3468,1.683,2.844,2.835,0.000,0.322,0.000,1676166,0,0,171260
1226,5.3484,1.692,1.907,1.898,0.000,0.303,0.000,1684586,0,0,171260
1227,5.3501,1.598,1.727,1.719,0.000,0.276,0.000,1591598,0,0,171260
1228,5.3517,1.637,1.683,1.675,0.000,0.273,0.000,1630383,0,0,171260
1229,5.3534,1.658,1.691,1.683,0.000,0.243,0.000,1651361,0,0,171260
1230,5.3552,1.742,1.598,1.590,0.000,0.273,0.000,1734881,0,0,171260
1231,5.3571,1.889,1.637,1.629,0.000,0.264,0.000,1881839,0,0,171260
1232,5.3588,1.816,1.658,1.650,0.000,0.380,0.000,1808173,0,0,171356
1233,5.3608,1.751,1.742,1.734,0.000,0.428,0.000,1744219,0,0,171260
1234,5.3627,2.018,1.890,1.881,0.000,0.731,0.000,2011084,0,0,171260
1235,5.3655,1.820,1.815,1.807,0.000,0.779,0.000,1811852,0,0,171260
1236,5.3674,2.920,1.751,1.743,0.000,0.450,0.000,2913043,0,0,171260
1237,5.3693,1.839,2.019,2.010,0.000,0.706,0.000,1831422,0,0,171260
1238,5.3710,1.802,1.819,1.811,0.000,0.742,0.000,1794424,0,0,171260
1239,5.3728,1.757,2.920,2.912,0.000,0.379,0.000,1750008,0,0,171260
1240,5.3747,1.849,1.839,1.830,0.000,0.299,0.000,1842079,0,0,171260
1241,5.3766,1.885,1.801,1.793,0.000,0.376,0.000,1877302,0,0,171260
1242,5.3784,1.871,1.757,1.749,0.000,0.401,0.000,1863396,0,0,171260
1243,5.3805,1.878,1.850,1.841,0.000,0.342,0.000,1870598,0,0,171260
1244,5.3826,2.232,1.885,1.876,0.000,0.334,0.000,2223477,0,0,171260
1245,5.3847,2.077,1.871,1.862,0.000,0.678,0.000,2068450,0,0,171260
1246,5.3866,1.945,1.879,1.869,0.000,0.413,0.000,1937192,0,0,171260
1247,5.3884,1.859,2.232,2.222,0.000,0.346,0.000,1852137,0,0,171260
1248,5.3913,1.827,2.076,2.067,0.000,0.332,0.000,1819313,0,0,171260
1249,5.3933,2.945,1.945,1.936,0.000,0.297,0.000,2937969,0,0,171260
1250,5.3952,1.997,1.859,1.851,0.000,0.301,0.000,1986281,0,0,171260
1251,5.3970,1.843,1.826,1.818,0.000,0.790,0.000,1835416,0,0,171260
1252,5.3989,1.895,2.949,2.937,0.000,0.751,0.000,1887946,0,0,171260
1253,5.4009,1.864,1.993,1.985,0.000,0.390,0.000,1856337,0,0,171260
1254,5.4028,2.025,1.843,1.834,0.000,0.330,0.000,2017373,0,0,171260
1255,5.4049,1.972,1.896,1.887,0.000,0.572,0.000,1963927,0,0,171260
1256,5.4072,2.222,1.864,1.855,0.000,0.335,0.000,2213210,0,0,171260
1257,5.4093,2.166,2.025,2.016,0.000,0.452,0.000,2156592,0,0,171260
1258,5.4114,2.111,1.973,1.963,0.000,0.445,0.000,2102963,0,0,171260
1259,5.4135,2.048,2.223,2.212,0.000,0.615,0.000,2039069,0,0,171260
1260,5.4156,2.099,2.165,2.155,0.000,0.360,0.000,2090561,0,0,171260
1261,5.4179,2.236,2.112,2.102,0.000,0.439,0.000,2227254,0,0,171260
1262,5.4220,2.572,2.048,2.038,0.000,0.426,0.000,2563681,0,0,171356
1263,5.4248,4.132,2.099,2.089,0.000,0.489,0.000,4119396,0,0,171260
1264,5.4274,2.691,2.236,2.226,0.000,0.561,0.000,2676191,0,0,171260
1265,5.4300,2.529,2.577,2.562,0.000,0.493,0.000,2518840,0,0,171260
1266,5.4325,2.562,4.134,4.118,0.000,0.480,0.000,2551891,0,0,171260
1267,5.4350,2.539,2.686,2.674,0.000,0.479,0.000,2529523,0,0,171260
1268,5.4374,2.417,2.529,2.517,0.000,0.458,0.000,2407508,0,0,171260
1269,5.4399,2.410,2.561,2.550,0.000,0.470,0.000,2400112,0,0,171260
1270,5.4421,2.441,2.540,2.528,0.000,0.482,0.000,2431626,0,0,171260
1271,5.4443,2.114,2.417,2.406,0.000,0.572,0.000,2104934,0,0,171260
1272,5.4463,2.125,2.410,2.399,0.000,0.471,0.000,2115392,0,0,171260
1273,5.4482,1.926,2.441,2.430,0.000,0.383,0.000,1918235,0,0,171260
1274,5.4501,1.925,2.114,2.104,0.000,0.333,0.000,1916863,0,0,171260
1275,5.4519,1.869,2.123,2.114,0.000,0.803,0.000,1861518,0,0,171260
1276,5.4549,1.858,1.926,1.917,0.000,0.743,0.000,1851110,0,0,171260
1277,5.4569,3.027,1.925,1.916,0.000,0.614,0.000,3018838,0,0,171260
1278,5.4588,1.948,1.869,1.860,0.000,0.332,0.000,1939092,0,0,171260
1279,5.4607,1.880,1.859,1.850,0.000,0.387,0.000,1872161,0,0,171260
1280,5.4626,1.943,3.027,3.018,0.000,0.300,0.000,1935582,0,0,171260
1281,5.4645,1.869,1.947,1.938,0.000,0.317,0.000,1860433,0,0,171260
1282,5.4663,1.860,1.880,1.871,0.000,0.391,0.000,1852432,0,0,171260
1283,5.4681,1.806,1.944,1.934,0.000,0.327,0.000,1799073,0,0,171260
1284,5.4700,1.859,1.868,1.859,0.000,0.745,0.000,1852234,0,0,171260
1285,5.4719,1.854,1.860,1.851,0.000,0.710,0.000,1845994,0,0,171260
1286,5.4738,1.982,1.806,1.798,0.000,0.669,0.000,1974415,0,0,171260
1287,5.4757,1.889,1.860,1.851,0.000,0.497,0.000,1881208,0,0,171260
1288,5.4776,1.870,1.854,1.845,0.000,0.723,0.000,1862557,0,0,171260
1289,5.4795,1.819,1.982,1.973,0.000,0.692,0.000,1811354,0,0,171260
1290,5.4825,1.988,1.889,1.880,0.000,0.747,0.000,1980499,0,0,171260
1291,5.4846,3.086,1.870,1.861,0.000,0.675,0.000,3077143,0,0,171260
1292,5.4866,2.081,1.819,1.810,0.000,0.398,0.000,2072106,0,0,171356
1293,5.4885,1.948,1.989,1.979,0.000,0.418,0.000,1940113,0,0,171820
1294,5.4904,1.889,3.086,3.076,0.000,0.364,0.000,1880491,0,0,171316
1295,5.4924,1.967,2.080,2.071,0.000,0.740,0.000,1959000,0,0,171260
1296,5.4943,1.912,1.948,1.939,0.000,0.701,0.000,1905126,0,0,171260
1297,5.4961,1.836,1.888,1.879,0.000,0.378,0.000,1827852,0,0,171260
1298,5.4979,1.800,1.966,1.958,0.000,0.303,0.000,1792517,0,0,171260
1299,5.4998,1.799,1.913,1.904,0.000,0.290,0.000,1791026,0,0,171260
1300,5.5015,1.890,1.835,1.827,0.000,0.638,0.000,1882936,0,0,171260
1301,5.5034,1.810,1.800,1.791,0.000,0.675,0.000,1802579,0,0,171260
1302,5.5052,1.842,1.798,1.790,0.000,0.665,0.000,1832705,0,0,171260
1303,5.5069,1.720,1.890,1.882,0.000,0.507,0.000,1713137,0,0,171260
1304,5.5096,1.723,1.811,1.801,0.000,0.365,0.000,1715805,0,0,171260
1305,5.5115,2.819,1.840,1.831,0.000,0.319,0.000,2811327,0,0,171260
1306,5.5133,1.829,1.721,1.712,0.000,0.298,0.000,1813692,0,0,171260
1307,5.5149,1.693,1.723,1.715,0.000,0.319,0.000,1685621,0,0,171260
1308,5.5166,1.682,2.826,2.810,0.000,0.272,0.000,1675454,0,0,171260
1309,5.5183,1.684,1.821,1.812,0.000,0.258,0.000,1677395,0,0,171260
1310,5.5204,1.668,1.692,1.684,0.000,0.367,0.000,1661702,0,0,171260
1311,5.5221,2.192,1.682,1.674,0.000,0.304,0.000,2185176,0,0,171260
1312,5.5238,1.688,1.684,1.676,0.000,0.500,0.000,1680698,0,0,171260
1313,5.5256,1.696,1.669,1.661,0.000,0.337,0.000,1688697,0,0,171260
1314,5.5272,1.698,2.192,2.184,0.000,0.339,0.000,1691584,0,0,171260
1315,5.5289,1.681,1.687,1.680,0.000,0.327,0.000,1674002,0,0,171260
1316,5.5306,1.700,1.695,1.688,0.000,0.500,0.000,1692972,0,0,171260
1317,5.5323,1.640,1.698,1.690,0.000,0.621,0.000,1633504,0,0,171260
1318,5.5350,1.774,1.681,1.673,0.000,0.645,0.000,1768133,0,0,171260
1319,5.5369,2.826,1.699,1.692,0.000,0.626,0.000,2818588,0,0,171260
1320,5.5388,1.854,1.640,1.632,0.000,0.674,0.000,1847418,0,0,171260
1321,5.5409,1.848,1.776,1.767,0.000,0.364,0.000,1840644,0,0,190111
1322,5.5428,2.206,2.825,2.817,0.000,0.374,0.000,2199076,0,0,171356
1323,5.5446,1.781,1.854,1.846,0.000,0.370,0.000,1774761,0,0,171260
1324,5.5463,1.759,1.848,1.839,0.000,0.301,0.000,1752202,0,0,171260
1325,5.5481,1.791,2.206,2.198,0.000,0.331,0.000,1784134,0,0,171260
1326,5.5499,1.777,1.781,1.774,0.000,0.349,0.000,1769809,0,0,171260
1327,5.5516,1.751,1.759,1.751,0.000,0.314,0.000,1744217,0,0,171260
1328,5.5533,1.670,1.791,1.783,0.000,0.309,0.000,1663195,0,0,171260
1329,5.5552,1.785,1.777,1.769,0.000,0.328,0.000,1778474,0,0,171260
1330,5.5570,1.880,1.751,1.743,0.000,0.302,0.000,1872648,0,0,171260
1331,5.5587,1.736,1.670,1.662,0.000,0.357,0.000,1729227,0,0,171260
1332,5.5616,1.680,1.786,1.777,0.000,0.659,0.000,1673112,0,0,171260
1333,5.5635,3.024,1.879,1.872,0.000,0.365,0.000,3017197,0,0,171260
1334,5.5652,1.794,1.736,1.728,0.000,0.481,0.000,1786675,0,0,171260
1335,5.5670,1.756,1.680,1.672,0.000,0.357,0.000,1748383,0,0,171260
1336,5.5687,1.737,3.025,3.016,0.000,0.655,0.000,1728864,0,0,171260
1337,5.5704,1.661,1.794,1.785,0.000,0.654,0.000,1653858,0,0,171260
1338,5.5720,1.722,1.756,1.747,0.000,0.620,0.000,1715525,0,0,171260
1339,5.5737,1.646,1.736,1.728,0.000,0.646,0.000,1639075,0,0,171260
1340,5.5754,1.700,1.661,1.653,0.000,0.629,0.000,1692802,0,0,171260
1341,5.5771,1.689,1.722,1.714,0.000,0.340,0.000,1676542,0,0,171260
1342,5.5788,1.680,1.646,1.638,0.000,0.283,0.000,1673055,0,0,171260
1343,5.5807,1.712,1.706,1.692,0.000,0.645,0.000,1704924,0,0,171260
1344,5.5825,1.918,1.683,1.675,0.000,0.595,0.000,1911397,0,0,171260
1345,5.5843,1.795,1.680,1.672,0.000,0.377,0.000,1780528,0,0,171260
1346,5.5870,1.785,1.712,1.704,0.000,0.367,0.000,1777118,0,0,171260
1347,5.5889,2.809,1.926,1.910,0.000,0.353,0.000,2801622,0,0,171260
1348,5.5907,1.877,1.789,1.779,0.000,0.374,0.000,1870273,0,0,171260
1349,5.5925,1.808,1.784,1.776,0.000,0.655,0.000,1800897,0,0,171260
1350,5.5943,1.779,2.809,2.801,0.000,0.346,0.000,1772054,0,0,171260
1351,5.5961,1.738,1.877,1.869,0.000,0.354,0.000,1731208,0,0,171260
1352,5.5978,1.731,1.807,1.800,0.000,0.340,0.000,1723984,0,0,171356
1353,5.5996,1.721,1.779,1.771,0.000,0.277,0.000,1714010,0,0,171260
1354,5.6013,1.830,1.738,1.730,0.000,0.677,0.000,1823104,0,0,171260
1355,5.6032,1.810,1.731,1.723,0.000,0.651,0.000,1803199,0,0,171260
1356,5.6051,1.909,1.721,1.713,0.000,0.581,0.000,1900967,0,0,171260
1357,5.6069,1.850,1.830,1.822,0.000,0.458,0.000,1841699,0,0,171260
1358,5.6086,1.732,1.811,1.802,0.000,0.464,0.000,1724781,0,0,171260
1359,5.6104,1.754,1.910,1.900,0.000,0.367,0.000,1747254,0,0,171260
1360,5.6134,1.873,1.849,1.840,0.000,0.301,0.000,1864212,0,0,171260
1361,5.6155,3.113,1.732,1.724,0.000,0.466,0.000,3104990,0,0,171260
1362,5.6174,2.022,1.756,1.746,0.000,0.444,0.000,2011152,0,0,171260
1363,5.6191,1.740,1.873,1.863,0.000,0.514,0.000,1729875,0,0,171260
1364,5.6211,1.724,3.116,3.104,0.000,0.498,0.000,1716650,0,0,171260
1365,5.6228,1.976,2.020,2.010,0.000,0.650,0.000,1969624,0,0,171260
1366,5.6245,1.701,1.737,1.728,0.000,0.381,0.000,1694411,0,0,171260
1367,5.6262,1.692,1.723,1.716,0.000,0.349,0.000,1686238,0,0,171260
1368,5.6279,1.726,1.976,1.969,0.000,0.360,0.000,1718894,0,0,171260
1369,5.6296,1.700,1.700,1.693,0.000,0.637,0.000,1693006,0,0,171260
1370,5.6313,1.682,1.693,1.685,0.000,0.679,0.000,1675503,0,0,171260
1371,5.6330,1.709,1.726,1.718,0.000,0.640,0.000,1702333,0,0,171260
1372,5.6348,1.731,1.699,1.692,0.000,0.398,0.000,1724147,0,0,171260
1373,5.6366,1.793,1.682,1.674,0.000,0.288,0.000,1785708,0,0,171260
1374,5.6415,1.769,1.709,1.701,0.000,0.357,0.000,1762133,0,0,171260
1375,5.6440,5.161,1.731,1.723,0.000,0.743,0.000,5154620,0,0,171260
1376,5.6466,3.068,1.793,1.785,0.000,0.381,0.000,3059035,0,0,171260
1377,5.6484,1.850,1.769,1.761,0.000,0.397,0.000,1841357,0,0,171260
1378,5.6502,1.785,5.164,5.153,0.000,0.682,0.000,1777635,0,0,171820
1379,5.6521,1.838,3.068,3.058,0.000,0.676,0.000,1830154,0,0,171316
1380,5.6539,1.806,1.848,1.839,0.000,0.479,0.000,1796858,0,0,171260
1381,5.6557,1.775,1.786,1.776,0.000,0.431,0.000,1766374,0,0,171260
1382,5.6575,1.817,1.839,1.829,0.000,0.441,0.000,1808487,0,0,171356
1383,5.6593,1.853,1.805,1.795,0.000,0.440,0.000,1845067,0,0,171260
1384,5.6610,1.674,1.775,1.765,0.000,0.435,0.000,1665024,0,0,171260
1385,5.6627,1.786,1.816,1.807,0.000,0.479,0.000,1779878,0,0,171260
1386,5.6644,1.678,1.854,1.844,0.000,0.340,0.000,1670785,0,0,171260
1387,5.6661,1.667,1.671,1.664,0.000,0.299,0.000,1660164,0,0,171260
1388,5.6677,1.683,1.787,1.779,0.000,0.291,0.000,1675858,0,0,171260
1389,5.6703,1.656,1.677,1.670,0.000,0.343,0.000,1649408,0,0,171260
1390,5.6722,2.735,1.667,1.659,0.000,0.489,0.000,2727920,0,0,171260
1391,5.6739,1.774,1.683,1.675,0.000,0.646,0.000,1766906,0,0,171260
1392,5.6756,1.671,1.656,1.648,0.000,0.326,0.000,1664238,0,0,171260
1393,5.6773,1.690,2.735,2.727,0.000,0.282,0.000,1682876,0,0,171260
1394,5.6791,1.755,1.774,1.766,0.000,0.634,0.000,1748294,0,0,171260
1395,5.6809,1.756,1.671,1.663,0.000,0.572,0.000,1749063,0,0,171260
1396,5.6826,1.839,1.690,1.682,0.000,0.318,0.000,1831925,0,0,171260
1397,5.6843,1.664,1.755,1.747,0.000,0.292,0.000,1655474,0,0,171260
1398,5.6859,1.640,1.756,1.748,0.000,0.336,0.000,1633223,0,0,171260
1399,5.6876,1.682,1.840,1.831,0.000,0.274,0.000,1675515,0,0,171260
1400,5.6893,1.693,1.662,1.654,0.000,0.254,0.000,1685495,0,0,171260
1401,5.6910,1.675,1.640,1.632,0.000,0.429,0.000,1668184,0,0,171260
1402,5.6926,1.688,1.683,1.674,0.000,0.369,0.000,1680747,0,0,171260
1403,5.6956,1.633,1.693,1.684,0.000,0.314,0.000,1625853,0,0,171260
1404,5.6978,3.082,1.675,1.667,0.000,0.265,0.000,3075659,0,0,185708
1405,5.7000,2.464,1.687,1.680,0.000,0.267,0.000,2455127,0,0,182425
1406,5.7017,1.837,1.632,1.625,0.000,0.366,0.000,1829035,0,0,171316
1407,5.7033,1.646,3.084,3.075,0.000,0.381,0.000,1639385,0,0,171260
1408,5.7050,1.676,2.463,2.454,0.000,0.301,0.000,1668986,0,0,171260
1409,5.7066,1.620,1.836,1.828,0.000,0.294,0.000,1613588,0,0,171260
1410,5.7083,1.656,1.646,1.638,0.000,0.306,0.000,1649234,0,0,171260
1411,5.7100,1.733,1.675,1.668,0.000,0.283,0.000,1725843,0,0,171260
1412,5.7117,1.714,1.620,1.612,0.000,0.344,0.000,1707143,0,0,171356
1413,5.7133,1.622,1.657,1.648,0.000,0.325,0.000,1615775,0,0,171260
1414,5.7150,1.659,1.733,1.725,0.000,0.297,0.000,1651695,0,0,171260
1415,5.7167,1.678,1.714,1.706,0.000,0.498,0.000,1670777,0,0,171260
1416,5.7184,1.717,1.623,1.615,0.000,0.325,0.000,1710876,0,0,171260
1417,5.7217,3.048,1.659,1.651,0.000,0.662,0.000,3042337,0,0,171260
1418,5.7236,2.094,1.677,1.670,0.000,0.392,0.000,2084775,0,0,171260
1419,5.7254,1.876,1.718,1.710,0.000,0.478,0.000,1865588,0,0,171260
1420,5.7272,1.799,3.052,3.041,0.000,0.493,0.000,1789677,0,0,171260
1421,5.7290,1.784,2.094,2.082,0.000,0.472,0.000,1776865,0,0,171260
1422,5.7307,1.696,1.874,1.864,0.000,0.486,0.000,1688510,0,0,171260
1423,5.7324,1.686,1.797,1.788,0.000,0.336,0.000,1679671,0,0,171260
1424,5.7341,1.719,1.784,1.776,0.000,0.638,0.000,1712923,0,0,171260
1425,5.7358,1.733,1.695,1.687,0.000,0.641,0.000,1726912,0,0,171260
1426,5.7376,1.716,1.686,1.679,0.000,0.677,0.000,1708114,0,0,171260
1427,5.7395,1.770,1.720,1.712,0.000,0.619,0.000,1762953,0,0,171260
1428,5.7413,1.880,1.734,1.726,0.000,0.491,0.000,1873184,0,0,171260
1429,5.7431,1.827,1.715,1.707,0.000,0.315,0.000,1819246,0,0,171260
1430,5.7459,1.790,1.770,1.762,0.000,0.358,0.000,1782300,0,0,171260
1431,5.7478,2.865,1.881,1.872,0.000,0.675,0.000,2858211,0,0,171260
1432,5.7497,1.913,1.826,1.818,0.000,0.663,0.000,1905352,0,0,171260
1433,5.7516,1.862,1.789,1.781,0.000,0.711,0.000,1853957,0,0,171260
1434,5.7534,1.915,2.866,2.857,0.000,0.674,0.000,1906920,0,0,171260
1435,5.7553,1.867,1.913,1.904,0.000,0.559,0.000,1859197,0,0,171260
1436,5.7571,1.843,1.862,1.853,0.000,0.389,0.000,1835751,0,0,171260
1437,5.7590,1.831,1.915,1.906,0.000,0.325,0.000,1823866,0,0,171260
1438,5.7609,1.799,1.866,1.858,0.000,0.373,0.000,1792015,0,0,171260
1439,5.7627,1.900,1.843,1.835,0.000,0.379,0.000,1892828,0,0,171260
1440,5.7644,1.787,1.831,1.823,0.000,0.374,0.000,1779120,0,0,171260
1441,5.7663,1.851,1.799,1.791,0.000,0.310,0.000,1844084,0,0,190111
1442,5.7681,1.811,1.900,1.892,0.000,0.299,0.000,1802844,0,0,171356
1443,5.7697,1.711,1.786,1.778,0.000,0.399,0.000,1703610,0,0,171260
1444,5.7724,1.645,1.852,1.843,0.000,0.299,0.000,1637765,0,0,171260
1445,5.7742,2.735,1.810,1.802,0.000,0.282,0.000,2728905,0,0,171260
1446,5.7760,1.801,1.711,1.702,0.000,0.289,0.000,1793660,0,0,171260
1447,5.7776,1.683,1.644,1.637,0.000,0.291,0.000,1676524,0,0,171260
1448,5.7794,1.655,2.737,2.728,0.000,0.261,0.000,1648199,0,0,171260
1449,5.7810,1.749,1.800,1.792,0.000,0.455,0.000,1741597,0,0,171260
1450,5.7826,1.652,1.683,1.675,0.000,0.491,0.000,1644726,0,0,171260
1451,5.7843,1.607,1.655,1.647,0.000,0.654,0.000,1600349,0,0,171260
1452,5.7858,1.599,1.749,1.740,0.000,0.613,0.000,1591853,0,0,171260
1453,5.7874,1.568,1.651,1.644,0.000,0.627,0.000,1561998,0,0,171260
1454,5.7890,1.570,1.607,1.599,0.000,0.594,0.000,1564196,0,0,171260
1455,5.7907,1.655,1.598,1.591,0.000,0.602,0.000,1648610,0,0,171260
1456,5.7923,1.610,1.568,1.561,0.000,0.630,0.000,1603055,0,0,171260
1457,5.7939,1.639,1.571,1.563,0.000,0.558,0.000,1632013,0,0,171260
1458,5.7964,1.626,1.655,1.648,0.000,0.548,0.000,1619669,0,0,171260
1459,5.7982,2.611,1.610,1.602,0.000,0.589,0.000,2605369,0,0,171260
1460,5.8000,1.757,1.638,1.631,0.000,0.302,0.000,1750463,0,0,171260
1461,5.8017,1.771,1.626,1.619,0.000,0.295,0.000,1764085,0,0,171260
1462,5.8033,1.669,2.612,2.604,0.000,0.275,0.000,1662092,0,0,171260
1463,5.8050,1.651,1.758,1.749,0.000,0.261,0.000,1643919,0,0,171260
1464,5.8067,1.663,1.771,1.763,0.000,0.241,0.000,1656205,0,0,171260
1465,5.8085,1.740,1.669,1.661,0.000,0.250,0.000,1732060,0,0,171260
1466,5.8104,1.927,1.651,1.643,0.000,0.260,0.000,1911644,0,0,171260
1467,5.8126,1.958,1.664,1.655,0.000,0.486,0.000,1950009,0,0,171260
1468,5.8145,2.033,1.747,1.731,0.000,0.332,0.000,2025745,0,0,171260
1469,5.8163,1.880,1.919,1.910,0.000,0.378,0.000,1872463,0,0,171260
1470,5.8183,1.904,1.957,1.949,0.000,0.319,0.000,1897636,0,0,171260
1471,5.8203,1.969,2.033,2.024,0.000,0.336,0.000,1959021,0,0,171260
1472,5.8234,2.074,1.880,1.871,0.000,0.510,0.000,2066386,0,0,171356
1473,5.8253,3.021,1.907,1.896,0.000,0.384,0.000,3012965,0,0,171260
1474,5.8271,1.840,1.967,1.957,0.000,0.439,0.000,1833074,0,0,171260
1475,5.8288,1.734,2.074,2.065,0.000,0.365,0.000,1726462,0,0,171260
1476,5.8304,1.672,3.020,3.012,0.000,0.305,0.000,1664988,0,0,171260
1477,5.8320,1.624,1.841,1.832,0.000,0.695,0.000,1617116,0,0,171260
1478,5.8338,1.679,1.733,1.725,0.000,0.701,0.000,1672390,0,0,171260
1479,5.8355,1.768,1.672,1.664,0.000,0.644,0.000,1759392,0,0,171260
1480,5.8371,1.643,1.624,1.616,0.000,0.465,0.000,1636947,0,0,171260
1481,5.8387,1.609,1.681,1.671,0.000,0.312,0.000,1602777,0,0,171260
1482,5.8406,1.678,1.766,1.758,0.000,0.265,0.000,1671020,0,0,171260
1483,5.8422,1.811,1.643,1.636,0.000,0.256,0.000,1804152,0,0,171260
1484,5.8439,1.660,1.609,1.602,0.000,0.426,0.000,1652977,0,0,171260
1485,5.8466,1.676,1.678,1.670,0.000,0.347,0.000,1669995,0,0,171260
1486,5.8484,2.761,1.811,1.803,0.000,0.300,0.000,2754392,0,0,171260
1487,5.8502,1.836,1.659,1.652,0.000,0.357,0.000,1828900,0,0,171260
1488,5.8520,1.746,1.677,1.669,0.000,0.375,0.000,1739105,0,0,171260
1489,5.8539,1.794,2.761,2.753,0.000,0.323,0.000,1787377,0,0,171260
1490,5.8558,1.988,1.836,1.828,0.000,0.366,0.000,1981317,0,0,171260
1491,5.8576,1.851,1.746,1.738,0.000,0.339,0.000,1843339,0,0,171260
1492,5.8596,1.826,1.794,1.786,0.000,0.388,0.000,1818418,0,0,171260
1493,5.8614,1.935,1.989,1.980,0.000,0.370,0.000,1928288,0,0,171260
1494,5.8631,1.787,1.851,1.842,0.000,0.366,0.000,1779294,0,0,171260
1495,5.8648,1.705,1.825,1.817,0.000,0.350,0.000,1698150,0,0,171260
1496,5.8665,1.682,1.936,1.927,0.000,0.285,0.000,1674537,0,0,171260
1497,5.8682,1.687,1.786,1.778,0.000,0.297,0.000,1680056,0,0,171260
1498,5.8700,1.772,1.705,1.697,0.000,0.419,0.000,1764909,0,0,171260
1499,5.8728,1.777,1.682,1.673,0.000,0.295,0.000,1767537,0,0,171260
1500,5.8745,2.783,1.687,1.679,0.000,0.289,0.000,2773824,0,0,171260
1501,5.8762,1.693,1.775,1.764,0.000,0.465,0.000,1686158,0,0,171260
1502,5.8778,1.663,1.776,1.766,0.000,0.301,0.000,1656540,0,0,171356
1503,5.8796,1.643,2.781,2.773,0.000,0.248,0.000,1635672,0,0,171260
1504,5.8812,1.709,1.693,1.685,0.000,0.678,0.000,1702708,0,0,171260
1505,5.8829,1.642,1.664,1.655,0.000,0.510,0.000,1635320,0,0,171260
1506,5.8845,1.655,1.642,1.635,0.000,0.287,0.000,1648916,0,0,171260
1507,5.8861,1.646,1.710,1.702,0.000,0.272,0.000,1638748,0,0,171260
1508,5.8878,1.664,1.642,1.634,0.000,0.259,0.000,1657351,0,0,171260
1509,5.8895,1.663,1.656,1.648,0.000,0.270,0.000,1655526,0,0,171260
1510,5.8912,1.738,1.646,1.638,0.000,0.675,0.000,1730875,0,0,171260
1511,5.8930,1.733,1.665,1.656,0.000,0.667,0.000,1726358,0,0,171260
1512,5.8946,1.704,1.662,1.654,0.000,0.671,0.000,1696932,0,0,171260
1513,5.8973,1.640,1.738,1.730,0.000,0.595,0.000,1633242,0,0,171260
1514,5.8991,2.754,1.733,1.725,0.000,0.625,0.000,2746387,0,0,171260
1515,5.9009,1.769,1.704,1.696,0.000,0.366,0.000,1761775,0,0,171260
1516,5.9027,1.841,1.641,1.632,0.000,0.303,0.000,1834275,0,0,171260
1517,5.9043,1.674,2.754,2.745,0.000,0.266,0.000,1667096,0,0,171260
1518,5.9060,1.639,1.769,1.761,0.000,0.261,0.000,1632185,0,0,171260
1519,5.9076,1.650,1.841,1.833,0.000,0.255,0.000,1642254,0,0,171260
1520,5.9092,1.623,1.674,1.666,0.000,0.249,0.000,1616384,0,0,171260
1521,5.9109,1.642,1.640,1.631,0.000,0.269,0.000,1634454,0,0,171260
1522,5.9125,1.667,1.649,1.641,0.000,0.646,0.000,1660795,0,0,171260
1523,5.9142,1.653,1.623,1.615,0.000,0.609,0.000,1645865,0,0,171260
1524,5.9159,1.654,1.641,1.633,0.000,0.620,0.000,1647822,0,0,171260
1525,5.9175,1.658,1.668,1.660,0.000,0.384,0.000,1651274,0,0,171260
1526,5.9191,1.642,1.652,1.645,0.000,0.319,0.000,1634573,0,0,171260
1527,5.9218,1.622,1.655,1.647,0.000,0.668,0.000,1615177,0,0,171260
1528,5.9236,2.741,1.658,1.650,0.000,0.396,0.000,2734808,0,0,171260
1529,5.9252,1.703,1.642,1.633,0.000,0.315,0.000,1695648,0,0,171260
1530,5.9269,1.692,1.621,1.614,0.000,0.608,0.000,1685546,0,0,171260
1531,5.9286,1.652,2.742,2.734,0.000,0.572,0.000,1645682,0,0,171260
1532,5.9302,1.659,1.702,1.695,0.000,0.591,0.000,1652545,0,0,171356
1533,5.9319,1.670,1.692,1.684,0.000,0.402,0.000,1663051,0,0,171260
1534,5.9337,1.718,1.652,1.645,0.000,0.270,0.000,1711307,0,0,171260
1535,5.9357,1.934,1.659,1.652,0.000,0.361,0.000,1925121,0,0,171260
1536,5.9375,1.861,1.670,1.662,0.000,0.466,0.000,1850967,0,0,171260
1537,5.9392,1.742,1.720,1.710,0.000,0.508,0.000,1729348,0,0,171260
1538,5.9410,1.681,1.934,1.924,0.000,0.463,0.000,1673754,0,0,171260
1539,5.9429,1.899,1.863,1.850,0.000,0.300,0.000,1892398,0,0,171260
1540,5.9446,1.878,1.736,1.728,0.000,0.300,0.000,1867715,0,0,171260
1541,5.9474,1.763,1.681,1.673,0.000,0.487,0.000,1755834,0,0,171260
1542,5.9492,2.772,1.903,1.891,0.000,0.696,0.000,2763630,0,0,171260
1543,5.9509,1.771,1.875,1.866,0.000,0.524,0.000,1764368,0,0,171260
1544,5.9526,1.674,1.764,1.755,0.000,0.315,0.000,1667621,0,0,171260
1545,5.9543,1.693,2.770,2.762,0.000,0.329,0.000,1686006,0,0,171260
1546,5.9559,1.679,1.771,1.763,0.000,0.292,0.000,1671930,0,0,171260
1547,5.9575,1.593,1.674,1.667,0.000,0.347,0.000,1586103,0,0,171260
1548,5.9591,1.602,1.693,1.685,0.000,0.332,0.000,1595430,0,0,171260
1549,5.9609,1.652,1.678,1.671,0.000,0.277,0.000,1645396,0,0,171260
1550,5.9625,1.772,1.593,1.585,0.000,0.273,0.000,1765380,0,0,171820
1551,5.9642,1.624,1.602,1.594,0.000,0.386,0.000,1616927,0,0,171316
1552,5.9658,1.611,1.652,1.644,0.000,0.646,0.000,1603649,0,0,171260
1553,5.9674,1.580,1.772,1.764,0.000,0.362,0.000,1573955,0,0,171260
1554,5.9691,1.663,1.624,1.616,0.000,0.636,0.000,1656882,0,0,171260
1555,5.9717,1.655,1.610,1.603,0.000,0.659,0.000,1648021,0,0,171260
1556,5.9735,2.744,1.580,1.573,0.000,0.649,0.000,2738386,0,0,171260
1557,5.9752,1.729,1.663,1.656,0.000,0.651,0.000,1722314,0,0,171260
1558,5.9768,1.637,1.654,1.647,0.000,0.485,0.000,1630108,0,0,171260
1559,5.9784,1.604,2.745,2.737,0.000,0.640,0.000,1597886,0,0,171260
1560,5.9801,1.624,1.729,1.721,0.000,0.338,0.000,1617766,0,0,171260
1561,5.9821,1.858,1.637,1.629,0.000,0.276,0.000,1851137,0,0,190111
1562,5.9839,1.909,1.604,1.597,0.000,0.271,0.000,1899311,0,0,171356
1563,5.9857,1.806,1.625,1.617,0.000,0.477,0.000,1798137,0,0,171260
1564,5.9875,1.851,1.861,1.850,0.000,0.448,0.000,1842383,0,0,171260
1565,5.9891,1.669,1.907,1.898,0.000,0.466,0.000,1661976,0,0,171260
1566,5.9908,1.644,1.806,1.797,0.000,0.471,0.000,1637339,0,0,171260
1567,5.9924,1.645,1.850,1.841,0.000,0.297,0.000,1637606,0,0,171260
1568,5.9942,1.708,1.669,1.661,0.000,0.321,0.000,1701481,0,0,171260
1569,5.9971,2.911,1.644,1.636,0.000,0.300,0.000,2902784,0,0,171260
1570,5.9988,1.762,1.644,1.637,0.000,0.464,0.000,1754517,0,0,171260
1571,6.0005,1.634,1.710,1.700,0.000,0.355,0.000,1627301,0,0,171260
1572,6.0022,1.717,2.910,2.901,0.000,0.281,0.000,1710261,0,0,171260
1573,6.0038,1.640,1.761,1.753,0.000,0.268,0.000,1633358,0,0,171260
1574,6.0055,1.659,1.634,1.626,0.000,0.273,0.000,1652605,0,0,171260
1575,6.0072,1.677,1.717,1.709,0.000,0.684,0.000,1670318,0,0,171260
1576,6.0088,1.724,1.640,1.632,0.000,0.673,0.000,1717237,0,0,171260
1577,6.0105,1.618,1.659,1.652,0.000,0.345,0.000,1611807,0,0,171260
1578,6.0122,1.722,1.677,1.669,0.000,0.348,0.000,1715082,0,0,171260
1579,6.0140,1.757,1.724,1.716,0.000,0.634,0.000,1751015,0,0,171260
1580,6.0158,1.753,1.618,1.611,0.000,0.661,0.000,1745976,0,0,171260
1581,6.0175,1.745,1.721,1.714,0.000,0.372,0.000,1738015,0,0,171260
1582,6.0193,1.776,1.758,1.750,0.000,0.337,0.000,1769103,0,0,171260
1583,6.0227,3.096,1.753,1.743,0.000,0.311,0.000,3089829,0,0,171260
1584,6.0246,2.164,1.745,1.737,0.000,0.288,0.000,2155695,0,0,171260
1585,6.0264,1.831,1.776,1.768,0.000,0.416,0.000,1822394,0,0,171260
1586,6.0282,1.851,3.098,3.088,0.000,0.334,0.000,1843885,0,0,171260
1587,6.0300,1.759,2.164,2.154,0.000,0.378,0.000,1751837,0,0,171260
1588,6.0319,1.822,1.830,1.821,0.000,0.319,0.000,1815125,0,0,171260
1589,6.0337,1.876,1.851,1.843,0.000,0.325,0.000,1867693,0,0,171260
1590,6.0355,1.807,1.759,1.751,0.000,0.316,0.000,1799460,0,0,171820
1591,6.0374,1.828,1.823,1.814,0.000,0.296,0.000,1819798,0,0,171316
1592,6.0392,1.855,1.875,1.866,0.000,0.693,0.000,1847494,0,0,171356
1593,6.0411,1.792,1.807,1.798,0.000,0.686,0.000,1785142,0,0,171260
1594,6.0429,1.938,1.827,1.819,0.000,0.383,0.000,1931319,0,0,171260
1595,6.0446,1.751,1.855,1.846,0.000,0.690,0.000,1744092,0,0,171260
1596,6.0463,1.665,1.792,1.784,0.000,0.711,0.000,1658430,0,0,171260
1597,6.0491,2.747,1.939,1.930,0.000,0.391,0.000,2740677,0,0,171260
1598,6.0508,1.811,1.751,1.743,0.000,0.283,0.000,1803979,0,0,171260
1599,6.0525,1.705,1.665,1.657,0.000,0.329,0.000,1698157,0,0,171260
1600,6.0541,1.630,2.748,2.740,0.000,0.339,0.000,1621926,0,0,171260
1601,6.0558,1.642,1.811,1.803,0.000,0.323,0.000,1634928,0,0,171260
1602,6.0575,1.687,1.706,1.697,0.000,0.261,0.000,1680293,0,0,171260
1603,6.0591,1.614,1.629,1.621,0.000,0.658,0.000,1606914,0,0,171260
1604,6.0609,1.700,1.642,1.634,0.000,0.377,0.000,1693064,0,0,171260
1605,6.0626,1.756,1.687,1.679,0.000,0.656,0.000,1749008,0,0,171260
1606,6.0643,1.696,1.614,1.606,0.000,0.495,0.000,1688539,0,0,171260
1607,6.0659,1.692,1.700,1.692,0.000,0.648,0.000,1685300,0,0,171260
1608,6.0676,1.671,1.756,1.748,0.000,0.643,0.000,1664411,0,0,171260
1609,6.0693,1.661,1.695,1.687,0.000,0.685,0.000,1654175,0,0,171260
1610,6.0720,1.731,1.692,1.684,0.000,0.373,0.000,1724125,0,0,171260
1611,6.0738,2.738,1.671,1.663,0.000,0.371,0.000,2731825,0,0,171260
1612,6.0755,1.739,1.661,1.653,0.000,0.292,0.000,1732101,0,0,171260
1613,6.0771,1.604,1.731,1.723,0.000,0.346,0.000,1597278,0,0,171260
1614,6.0787,1.669,2.739,2.731,0.000,0.278,0.000,1661958,0,0,171260
1615,6.0805,1.612,1.741,1.731,0.000,0.258,0.000,1605996,0,0,171260
1616,6.0822,1.829,1.602,1.594,0.000,0.272,0.000,1822789,0,0,171260
1617,6.0839,1.681,1.668,1.661,0.000,0.257,0.000,1673527,0,0,171260
1618,6.0855,1.639,1.613,1.605,0.000,0.330,0.000,1632662,0,0,171260
1619,6.0871,1.586,1.830,1.822,0.000,0.279,0.000,1579487,0,0,171260
1620,6.0886,1.592,1.680,1.672,0.000,0.268,0.000,1585510,0,0,171260
1621,6.0902,1.551,1.639,1.631,0.000,0.367,0.000,1544799,0,0,171260
1622,6.0919,1.627,1.586,1.578,0.000,0.258,0.000,1620552,0,0,171356
1623,6.0940,1.609,1.592,1.584,0.000,0.264,0.000,1603025,0,0,171260
1624,6.0968,2.313,1.551,1.544,0.000,0.252,0.000,2306903,0,0,171260
1625,6.0985,2.659,1.627,1.619,0.000,0.401,0.000,2652464,0,0,171260
1626,6.1003,1.705,1.609,1.602,0.000,0.275,0.000,1697885,0,0,171260
1627,6.1019,1.793,2.313,2.306,0.000,0.359,0.000,1786359,0,0,171260
1628,6.1036,1.663,2.659,2.651,0.000,0.279,0.000,1656844,0,0,171260
1629,6.1052,1.623,1.704,1.697,0.000,0.323,0.000,1616093,0,0,171260
1630,6.1069,1.665,1.793,1.785,0.000,0.641,0.000,1658926,0,0,171260
1631,6.1086,1.690,1.664,1.656,0.000,0.325,0.000,1682709,0,0,171260
1632,6.1106,1.625,1.622,1.615,0.000,0.661,0.000,1618070,0,0,171260
1633,6.1126,2.188,1.666,1.658,0.000,0.647,0.000,2181170,0,0,171260
1634,6.1144,1.929,1.689,1.682,0.000,0.644,0.000,1917130,0,0,171260
1635,6.1162,1.857,1.624,1.617,0.000,0.685,0.000,1850227,0,0,171260
1636,6.1180,1.766,2.193,2.180,0.000,0.482,0.000,1759671,0,0,171260
1637,6.1200,1.747,1.924,1.916,0.000,0.375,0.000,1740015,0,0,171260
1638,6.1228,1.998,1.857,1.849,0.000,0.352,0.000,1991203,0,0,171260
1639,6.1247,2.901,1.766,1.758,0.000,0.681,0.000,2894147,0,0,171260
1640,6.1265,1.864,1.747,1.739,0.000,0.647,0.000,1856569,0,0,171260
1641,6.1282,1.728,1.999,1.990,0.000,0.403,0.000,1720272,0,0,171260
1642,6.1299,1.686,2.901,2.893,0.000,0.391,0.000,1679118,0,0,171260
1643,6.1316,1.722,1.864,1.855,0.000,0.665,0.000,1715342,0,0,171260
1644,6.1333,1.684,1.727,1.719,0.000,0.347,0.000,1676903,0,0,171260
1645,6.1349,1.634,1.686,1.678,0.000,0.345,0.000,1628025,0,0,171260
1646,6.1367,1.660,1.722,1.714,0.000,0.277,0.000,1653329,0,0,171260
1647,6.1383,1.748,1.683,1.676,0.000,0.268,0.000,1741631,0,0,171260
1648,6.1401,1.648,1.635,1.627,0.000,0.280,0.000,1640856,0,0,171260
1649,6.1418,1.812,1.660,1.652,0.000,0.305,0.000,1804955,0,0,171260
1650,6.1434,1.651,1.749,1.740,0.000,0.298,0.000,1643804,0,0,171260
1651,6.1451,1.616,1.648,1.640,0.000,0.278,0.000,1609068,0,0,171260
1652,6.1499,1.770,1.812,1.804,0.000,0.273,0.000,1762918,0,0,171356
1653,6.1524,5.079,1.650,1.643,0.000,0.292,0.000,5072397,0,0,171260
1654,6.1550,2.996,1.616,1.608,0.000,0.344,0.000,2986689,0,0,171260
1655,6.1568,1.875,1.770,1.762,0.000,0.734,0.000,1866404,0,0,171260
1656,6.1585,1.717,5.082,5.071,0.000,0.652,0.000,1709734,0,0,171260
1657,6.1602,1.618,2.995,2.985,0.000,0.667,0.000,1610869,0,0,171260
1658,6.1620,1.847,1.873,1.864,0.000,0.641,0.000,1840220,0,0,171260
1659,6.1637,1.691,1.717,1.709,0.000,0.621,0.000,1684712,0,0,171260
1660,6.1654,1.688,1.618,1.610,0.000,0.607,0.000,1681847,0,0,171260
1661,6.1671,1.696,1.847,1.839,0.000,0.364,0.000,1688613,0,0,171260
1662,6.1687,1.682,1.691,1.684,0.000,0.313,0.000,1675195,0,0,171260
1663,6.1703,1.601,1.689,1.681,0.000,0.277,0.000,1594392,0,0,171260
1664,6.1720,1.641,1.695,1.687,0.000,0.272,0.000,1633995,0,0,171260
1665,6.1736,1.655,1.682,1.674,0.000,0.346,0.000,1648573,0,0,171260
1666,6.1757,1.684,1.601,1.593,0.000,0.350,0.000,1677463,0,0,171260
1667,6.1783,2.085,1.641,1.633,0.000,0.295,0.000,2076848,0,0,171260
1668,6.1802,2.597,1.655,1.647,0.000,0.275,0.000,2589810,0,0,171260
1669,6.1819,1.877,1.686,1.676,0.000,0.290,0.000,1870572,0,0,171260
1670,6.1835,1.661,2.084,2.075,0.000,0.276,0.000,1653810,0,0,171260
1671,6.1851,1.617,2.597,2.589,0.000,0.338,0.000,1610116,0,0,171260
1672,6.1869,1.679,1.877,1.869,0.000,0.295,0.000,1672308,0,0,171260
1673,6.1887,1.757,1.660,1.653,0.000,0.341,0.000,1750178,0,0,171260
1674,6.1904,1.790,1.617,1.609,0.000,0.619,0.000,1783606,0,0,171260
1675,6.1921,1.679,1.679,1.671,0.000,0.396,0.000,1672204,0,0,171260
1676,6.1937,1.660,1.757,1.749,0.000,0.293,0.000,1654298,0,0,171260
1677,6.1953,1.606,1.790,1.782,0.000,0.281,0.000,1599790,0,0,171260
1678,6.1969,1.612,1.678,1.671,0.000,0.272,0.000,1605087,0,0,171260
1679,6.1986,1.682,1.661,1.653,0.000,0.525,0.000,1675027,0,0,171260
1680,6.2004,1.642,1.607,1.599,0.000,0.468,0.000,1635107,0,0,171260
1681,6.2033,1.922,1.612,1.604,0.000,0.293,0.000,1915864,0,0,190111
1682,6.2050,2.789,1.682,1.674,0.000,0.282,0.000,2782162,0,0,171356
1683,6.2066,1.704,1.641,1.634,0.000,0.296,0.000,1697212,0,0,171260
1684,6.2082,1.570,1.923,1.915,0.000,0.287,0.000,1563800,0,0,171260
1685,6.2099,1.615,2.789,2.781,0.000,0.252,0.000,1608882,0,0,171260
1686,6.2115,1.668,1.704,1.696,0.000,0.257,0.000,1661494,0,0,171260
1687,6.2131,1.595,1.570,1.563,0.000,0.275,0.000,1588988,0,0,171260
1688,6.2148,1.671,1.615,1.608,0.000,0.273,0.000,1664504,0,0,171260
1689,6.2165,1.672,1.668,1.660,0.000,0.675,0.000,1665148,0,0,171260
1690,6.2181,1.631,1.596,1.588,0.000,0.655,0.000,1623868,0,0,171260
1691,6.2198,1.607,1.671,1.663,0.000,0.645,0.000,1600760,0,0,171260
1692,6.2214,1.712,1.672,1.664,0.000,0.667,0.000,1705602,0,0,171260
1693,6.2230,1.620,1.630,1.623,0.000,0.350,0.000,1613924,0,0,171260
1694,6.2247,1.641,1.607,1.600,0.000,0.342,0.000,1634207,0,0,171260
1695,6.2273,1.653,1.712,1.704,0.000,0.279,0.000,1646118,0,0,171260
1696,6.2290,2.686,1.621,1.613,0.000,0.335,0.000,2679823,0,0,171260
1697,6.2307,1.668,1.641,1.633,0.000,0.283,0.000,1660316,0,0,171260
1698,6.2323,1.630,1.653,1.645,0.000,0.280,0.000,1624287,0,0,171260
1699,6.2339,1.581,2.687,2.679,0.000,0.284,0.000,1574932,0,0,171260
1700,6.2354,1.599,1.667,1.659,0.000,0.633,0.000,1592419,0,0,171260
1701,6.2370,1.558,1.631,1.623,0.000,0.330,0.000,1552066,0,0,171260
1702,6.2387,1.623,1.581,1.574,0.000,0.612,0.000,1616025,0,0,171260
1703,6.2404,1.676,1.599,1.591,0.000,0.362,0.000,1669215,0,0,171260
1704,6.2421,1.733,1.559,1.551,0.000,0.449,0.000,1726498,0,0,171260
1705,6.2438,1.657,1.623,1.615,0.000,0.351,0.000,1650306,0,0,171260
1706,6.2454,1.683,1.676,1.668,0.000,0.302,0.000,1676069,0,0,171260
1707,6.2471,1.662,1.733,1.725,0.000,0.318,0.000,1650179,0,0,171260
1708,6.2496,1.633,1.657,1.649,0.000,0.297,0.000,1626139,0,0,171260
1709,6.2514,2.565,1.688,1.675,0.000,0.647,0.000,2559068,0,0,171260
1710,6.2531,1.846,1.657,1.649,0.000,0.293,0.000,1838917,0,0,171260
1711,6.2549,1.669,1.633,1.625,0.000,0.332,0.000,1662042,0,0,171260
1712,6.2569,2.024,2.566,2.558,0.000,0.328,0.000,2017752,0,0,171356
1713,6.2586,1.751,1.846,1.838,0.000,0.285,0.000,1743511,0,0,171260
1714,6.2603,1.694,1.668,1.661,0.000,0.284,0.000,1687055,0,0,171260
1715,6.2619,1.709,2.025,2.017,0.000,0.650,0.000,1702702,0,0,171260
1716,6.2636,1.588,1.750,1.742,0.000,0.616,0.000,1581243,0,0,171260
1717,6.2652,1.660,1.693,1.686,0.000,0.328,0.000,1653272,0,0,171260
1718,6.2671,1.698,1.709,1.702,0.000,0.268,0.000,1691446,0,0,171260
1719,6.2691,2.112,1.588,1.580,0.000,0.641,0.000,2103308,0,0,171260
1720,6.2710,1.890,1.660,1.652,0.000,0.476,0.000,1882744,0,0,171260
1721,6.2728,1.806,1.700,1.690,0.000,0.338,0.000,1798818,0,0,171260
1722,6.2755,1.787,2.111,2.102,0.000,0.298,0.000,1779135,0,0,171820
1723,6.2772,2.659,1.890,1.882,0.000,0.469,0.000,2652700,0,0,171316
1724,6.2790,1.727,1.806,1.798,0.000,0.335,0.000,1720641,0,0,171260
1725,6.2809,1.777,1.786,1.778,0.000,0.494,0.000,1768591,0,0,171260
1726,6.2826,1.859,2.660,2.651,0.000,0.331,0.000,1851952,0,0,171260
1727,6.2843,1.699,1.729,1.719,0.000,0.340,0.000,1691821,0,0,171260
1728,6.2859,1.666,1.775,1.767,0.000,0.278,0.000,1659611,0,0,171260
1729,6.2878,1.801,1.859,1.851,0.000,0.248,0.000,1794983,0,0,171260
1730,6.2895,1.714,1.698,1.691,0.000,0.271,0.000,1707194,0,0,171260
1731,6.2913,1.869,1.666,1.659,0.000,0.651,0.000,1857261,0,0,171260
1732,6.2931,1.772,1.802,1.794,0.000,0.323,0.000,1764998,0,0,171260
1733,6.2948,1.696,1.719,1.706,0.000,0.367,0.000,1688092,0,0,171260
1734,6.2964,1.689,1.864,1.856,0.000,0.294,0.000,1682268,0,0,171260
1735,6.2982,1.715,1.772,1.764,0.000,0.286,0.000,1707503,0,0,171260
1736,6.3012,1.793,1.695,1.687,0.000,0.366,0.000,1785981,0,0,171260
1737,6.3033,3.130,1.690,1.681,0.000,0.285,0.000,3122023,0,0,171260
1738,6.3052,1.974,1.715,1.706,0.000,0.686,0.000,1964937,0,0,171260
1739,6.3071,1.854,1.794,1.785,0.000,0.570,0.000,1846578,0,0,171260
1740,6.3091,1.975,3.131,3.121,0.000,0.488,0.000,1967138,0,0,171260
1741,6.3110,1.971,1.972,1.964,0.000,0.331,0.000,1963022,0,0,171260
1742,6.3128,1.878,1.854,1.845,0.000,0.488,0.000,1869857,0,0,171356
1743,6.3146,1.798,1.975,1.966,0.000,0.523,0.000,1790646,0,0,171260
1744,6.3166,1.885,1.971,1.962,0.000,0.450,0.000,1877727,0,0,171260
1745,6.3185,1.924,1.877,1.869,0.000,0.459,0.000,1916722,0,0,171260
1746,6.3205,1.946,1.798,1.790,0.000,0.535,0.000,1937922,0,0,171260
1747,6.3223,1.993,1.886,1.877,0.000,0.681,0.000,1986234,0,0,171260
1748,6.3241,1.768,1.924,1.916,0.000,0.617,0.000,1760393,0,0,171260
1749,6.3257,1.698,1.945,1.937,0.000,0.341,0.000,1691152,0,0,171260
1750,6.3285,1.655,1.994,1.985,0.000,0.326,0.000,1648333,0,0,171260
1751,6.3302,2.785,1.768,1.759,0.000,0.280,0.000,2778227,0,0,171260
1752,6.3319,1.730,1.698,1.690,0.000,0.281,0.000,1722525,0,0,171260
1753,6.3337,1.753,1.655,1.647,0.000,0.312,0.000,1746556,0,0,171260
1754,6.3354,1.738,2.785,2.777,0.000,0.341,0.000,1731309,0,0,171260
1755,6.3372,1.755,1.729,1.721,0.000,0.295,0.000,1748482,0,0,171260
1756,6.3390,1.741,1.754,1.745,0.000,0.341,0.000,1733939,0,0,171260
1757,6.3408,1.725,1.738,1.730,0.000,0.327,0.000,1717642,0,0,171260
1758,6.3425,1.819,1.756,1.747,0.000,0.266,0.000,1811306,0,0,171260
1759,6.3442,1.693,1.741,1.733,0.000,0.251,0.000,1685291,0,0,171260
1760,6.3460,1.773,1.725,1.717,0.000,0.258,0.000,1766498,0,0,171260
1761,6.3478,1.763,1.819,1.810,0.000,0.247,0.000,1755696,0,0,171260
1762,6.3494,1.776,1.692,1.684,0.000,0.301,0.000,1769531,0,0,171260
1763,6.3511,1.664,1.773,1.765,0.000,0.249,0.000,1657373,0,0,171260
1764,6.3538,2.690,1.762,1.755,0.000,0.249,0.000,2683633,0,0,171260
1765,6.3555,1.708,1.776,1.768,0.000,0.257,0.000,1700895,0,0,171260
1766,6.3571,1.640,1.664,1.656,0.000,0.252,0.000,1632868,0,0,171260
1767,6.3587,1.599,2.691,2.682,0.000,0.650,0.000,1592610,0,0,171260
1768,6.3606,1.668,1.708,1.700,0.000,0.626,0.000,1662212,0,0,171260
1769,6.3623,1.801,1.639,1.632,0.000,0.601,0.000,1789004,0,0,171260
1770,6.3639,1.689,1.599,1.591,0.000,0.456,0.000,1681950,0,0,171260
1771,6.3657,1.697,1.675,1.661,0.000,0.280,0.000,1690083,0,0,171260
1772,6.3675,1.796,1.796,1.788,0.000,0.270,0.000,1789821,0,0,171356
1773,6.3693,1.857,1.689,1.681,0.000,0.339,0.000,1850445,0,0,171260
1774,6.3709,1.692,1.697,1.689,0.000,0.298,0.000,1685471,0,0,171260
1775,6.3726,1.627,1.797,1.789,0.000,0.357,0.000,1620689,0,0,171260
1776,6.3741,1.586,1.857,1.849,0.000,0.320,0.000,1579518,0,0,171260
1777,6.3768,1.573,1.692,1.684,0.000,0.320,0.000,1567238,0,0,171260
1778,6.3787,2.816,1.627,1.620,0.000,0.269,0.000,2809748,0,0,171260
1779,6.3806,1.849,1.586,1.578,0.000,0.309,0.000,1841939,0,0,171260
1780,6.3824,1.923,1.573,1.566,0.000,0.390,0.000,1914542,0,0,171260
1781,6.3841,1.730,2.817,2.809,0.000,0.447,0.000,1722160,0,0,171260
1782,6.3858,1.730,1.850,1.841,0.000,0.334,0.000,1722879,0,0,171260
1783,6.3875,1.717,1.922,1.913,0.000,0.288,0.000,1710539,0,0,171260
1784,6.3893,1.745,1.729,1.721,0.000,0.283,0.000,1737390,0,0,171260
1785,6.3911,1.771,1.730,1.722,0.000,0.280,0.000,1764236,0,0,171260
1786,6.3929,1.832,1.718,1.709,0.000,0.293,0.000,1825047,0,0,171260
1787,6.3946,1.754,1.744,1.736,0.000,0.663,0.000,1747558,0,0,171260
1788,6.3964,1.714,1.771,1.763,0.000,0.684,0.000,1706950,0,0,171260
1789,6.3981,1.745,1.832,1.824,0.000,0.619,0.000,1737677,0,0,171260
1790,6.4000,1.738,1.755,1.746,0.000,0.629,0.000,1731126,0,0,171260
1791,6.4028,1.947,1.714,1.706,0.000,0.610,0.000,1940392,0,0,171260
1792,6.4048,2.914,1.744,1.736,0.000,0.372,0.000,2906592,0,0,171260
1793,6.4069,2.056,1.738,1.730,0.000,0.307,0.000,2048104,0,0,171260
1794,6.4088,1.972,1.948,1.939,0.000,0.704,0.000,1963946,0,0,171260
1795,6.4106,1.832,2.914,2.905,0.000,0.691,0.000,1824906,0,0,171260
1796,6.4123,1.707,2.056,2.047,0.000,0.691,0.000,1700356,0,0,171260
1797,6.4140,1.738,1.971,1.963,0.000,0.638,0.000,1730790,0,0,171260
1798,6.4157,1.696,1.832,1.824,0.000,0.542,0.000,1689184,0,0,171260
1799,6.4175,1.747,1.707,1.699,0.000,0.652,0.000,1739597,0,0,171260
1800,6.4192,1.741,1.738,1.730,0.000,0.335,0.000,1733348,0,0,171260
1801,6.4213,1.799,1.696,1.688,0.000,0.485,0.000,1792438,0,0,190111
1802,6.4233,2.180,1.747,1.738,0.000,0.301,0.000,2172771,0,0,171356
1803,6.4251,1.929,1.740,1.732,0.000,0.322,0.000,1920151,0,0,171260
1804,6.4269,1.817,1.800,1.791,0.000,0.409,0.000,1809415,0,0,171260
1805,6.4297,1.770,2.182,2.171,0.000,0.709,0.000,1762801,0,0,171260
1806,6.4315,2.789,1.927,1.919,0.000,0.394,0.000,2782021,0,0,171260
1807,6.4333,1.788,1.817,1.808,0.000,0.292,0.000,1780597,0,0,171260
1808,6.4352,1.870,1.770,1.762,0.000,0.662,0.000,1862287,0,0,171260
1809,6.4371,1.853,2.789,2.781,0.000,0.744,0.000,1845054,0,0,171260
1810,6.4389,1.883,1.789,1.779,0.000,0.733,0.000,1876336,0,0,171260
1811,6.4408,1.845,1.870,1.861,0.000,0.391,0.000,1838260,0,0,171260
1812,6.4429,2.173,1.852,1.844,0.000,0.421,0.000,2166138,0,0,171260
1813,6.4448,1.890,1.883,1.875,0.000,0.295,0.000,1883005,0,0,171260
1814,6.4467,1.865,1.846,1.837,0.000,0.355,0.000,1857576,0,0,171260
1815,6.4484,1.740,2.174,2.165,0.000,0.432,0.000,1731401,0,0,171260
1816,6.4501,1.703,1.890,1.882,0.000,0.671,0.000,1696536,0,0,171260
1817,6.4518,1.686,1.866,1.856,0.000,0.642,0.000,1679213,0,0,171260
1818,6.4535,1.759,1.738,1.730,0.000,0.423,0.000,1752454,0,0,171260
1819,6.4564,1.696,1.704,1.695,0.000,0.283,0.000,1689140,0,0,171260
1820,6.4584,3.048,1.686,1.678,0.000,0.335,0.000,3040588,0,0,171260
1821,6.4604,1.927,1.760,1.751,0.000,0.687,0.000,1919109,0,0,171260
1822,6.4622,2.010,1.696,1.688,0.000,0.484,0.000,2001568,0,0,171260
1823,6.4640,1.787,3.049,3.039,0.000,0.458,0.000,1779463,0,0,171260
1824,6.4660,1.906,1.927,1.918,0.000,0.332,0.000,1899220,0,0,171260
1825,6.4679,1.906,2.009,2.000,0.000,0.305,0.000,1899515,0,0,171260
1826,6.4701,2.012,1.787,1.778,0.000,0.350,0.000,2004417,0,0,171260
1827,6.4719,2.065,1.906,1.898,0.000,0.301,0.000,2056718,0,0,171260
1828,6.4739,1.866,1.907,1.898,0.000,0.314,0.000,1858517,0,0,171260
1829,6.4758,1.934,2.013,2.003,0.000,0.371,0.000,1926644,0,0,171260
1830,6.4776,1.828,2.064,2.055,0.000,0.303,0.000,1820852,0,0,171260
1831,6.4794,1.764,1.865,1.857,0.000,0.283,0.000,1756570,0,0,171260
1832,6.4812,1.777,1.934,1.925,0.000,0.381,0.000,1770564,0,0,171356
1833,6.4840,1.860,1.828,1.820,0.000,0.337,0.000,1852469,0,0,171260
1834,6.4859,2.890,1.763,1.755,0.000,0.290,0.000,2882249,0,0,171260
1835,6.4877,1.918,1.778,1.769,0.000,0.303,0.000,1910988,0,0,171260
1836,6.4894,1.708,1.860,1.851,0.000,0.320,0.000,1700845,0,0,171260
1837,6.4912,1.771,2.890,2.881,0.000,0.284,0.000,1764605,0,0,171260
1838,6.4928,1.659,1.918,1.910,0.000,0.347,0.000,1652344,0,0,171260
1839,6.4944,1.599,1.707,1.700,0.000,0.348,0.000,1592643,0,0,171260
1840,6.4960,1.561,1.771,1.764,0.000,0.330,0.000,1541881,0,0,171260
1841,6.4978,1.699,1.659,1.651,0.000,0.281,0.000,1692480,0,0,171260
1842,6.4996,1.769,1.611,1.591,0.000,0.281,0.000,1761523,0,0,171260
1843,6.5012,1.778,1.549,1.541,0.000,0.429,0.000,1771397,0,0,171260
1844,6.5029,1.651,1.700,1.691,0.000,0.294,0.000,1643659,0,0,171260
1845,6.5044,1.596,1.768,1.760,0.000,0.527,0.000,1588978,0,0,171260
1846,6.5060,1.580,1.779,1.770,0.000,0.635,0.000,1573561,0,0,171260
1847,6.5088,1.631,1.650,1.643,0.000,0.347,0.000,1624582,0,0,171260
1848,6.5105,2.824,1.596,1.588,0.000,0.649,0.000,2817751,0,0,171260
1849,6.5123,1.716,1.580,1.573,0.000,0.645,0.000,1709635,0,0,171260
1850,6.5140,1.714,1.631,1.624,0.000,0.647,0.000,1706803,0,0,171260
1851,6.5157,1.696,2.825,2.817,0.000,0.447,0.000,1689263,0,0,171260
1852,6.5173,1.694,1.716,1.708,0.000,0.639,0.000,1687280,0,0,171260
1853,6.5192,1.737,1.713,1.706,0.000,0.652,0.000,1731119,0,0,171260
1854,6.5211,1.853,1.696,1.688,0.000,0.369,0.000,1845925,0,0,171260
1855,6.5233,2.162,1.694,1.686,0.000,0.348,0.000,2154552,0,0,171260
1856,6.5256,2.254,1.738,1.730,0.000,0.332,0.000,2245774,0,0,171260
1857,6.5277,2.143,1.854,1.845,0.000,0.346,0.000,2134157,0,0,171260
1858,6.5296,1.987,2.163,2.153,0.000,0.436,0.000,1979842,0,0,171260
1859,6.5315,1.899,2.255,2.244,0.000,0.335,0.000,1891165,0,0,171260
1860,6.5332,1.806,2.141,2.133,0.000,0.328,0.000,1798513,0,0,171260
1861,6.5361,2.760,1.988,1.979,0.000,0.390,0.000,2752453,0,0,171260
1862,6.5380,1.959,1.899,1.890,0.000,0.720,0.000,1950444,0,0,171356
1863,6.5398,1.799,1.806,1.797,0.000,0.338,0.000,1790579,0,0,171260
1864,6.5415,1.841,2.761,2.751,0.000,0.375,0.000,1833576,0,0,171260
1865,6.5433,1.690,1.958,1.948,0.000,0.400,0.000,1683422,0,0,171260
1866,6.5449,1.706,1.798,1.789,0.000,0.316,0.000,1698686,0,0,171260
1867,6.5466,1.647,1.841,1.832,0.000,0.660,0.000,1640403,0,0,171260
1868,6.5482,1.630,1.691,1.682,0.000,0.638,0.000,1623097,0,0,171260
1869,6.5498,1.635,1.705,1.698,0.000,0.342,0.000,1628175,0,0,171260
1870,6.5514,1.631,1.647,1.639,0.000,0.261,0.000,1624194,0,0,171260
1871,6.5530,1.599,1.630,1.622,0.000,0.334,0.000,1592412,0,0,171260
1872,6.5547,1.629,1.635,1.627,0.000,0.279,0.000,1622171,0,0,171260
1873,6.5564,1.623,1.631,1.623,0.000,0.275,0.000,1616037,0,0,171260
1874,6.5581,1.770,1.599,1.591,0.000,0.278,0.000,1764120,0,0,171260
1875,6.5611,2.797,1.629,1.621,0.000,0.361,0.000,2789348,0,0,171260
1876,6.5629,1.965,1.623,1.615,0.000,0.392,0.000,1957215,0,0,171260
1877,6.5646,1.732,1.771,1.763,0.000,0.358,0.000,1723782,0,0,171260
1878,6.5663,1.681,2.797,2.788,0.000,0.406,0.000,1673676,0,0,171260
1879,6.5679,1.663,1.965,1.956,0.000,0.294,0.000,1655490,0,0,171260
1880,6.5697,1.702,1.731,1.723,0.000,0.264,0.000,1694696,0,0,171260
1881,6.5714,1.701,1.681,1.673,0.000,0.309,0.000,1694230,0,0,171260
1882,6.5732,1.847,1.662,1.654,0.000,0.373,0.000,1840571,0,0,171260
1883,6.5750,1.785,1.701,1.694,0.000,0.330,0.000,1776915,0,0,171260
1884,6.5767,1.751,1.701,1.693,0.000,0.735,0.000,1743294,0,0,171260
1885,6.5785,1.727,1.848,1.839,0.000,0.316,0.000,1719942,0,0,171260
1886,6.5804,1.733,1.784,1.776,0.000,0.268,0.000,1725795,0,0,171260
1887,6.5823,2.001,1.750,1.742,0.000,0.313,0.000,1994002,0,0,171820
1888,6.5851,1.839,1.727,1.719,0.000,0.287,0.000,1831086,0,0,171316
1889,6.5870,2.850,1.733,1.725,0.000,0.703,0.000,2843260,0,0,171260
1890,6.5889,1.930,2.002,1.993,0.000,0.634,0.000,1922609,0,0,171260
1891,6.5909,1.931,1.838,1.830,0.000,0.684,0.000,1923614,0,0,171260
1892,6.5927,1.927,2.851,2.842,0.000,0.672,0.000,1919462,0,0,171356
1893,6.5945,1.804,1.930,1.921,0.000,0.726,0.000,1796892,0,0,171260
1894,6.5963,1.752,1.931,1.922,0.000,0.344,0.000,1744544,0,0,171820
1895,6.5980,1.772,1.927,1.918,0.000,0.286,0.000,1764525,0,0,171316
1896,6.5999,1.742,1.804,1.796,0.000,0.267,0.000,1735389,0,0,171260
1897,6.6017,1.901,1.752,1.743,0.000,0.282,0.000,1894313,0,0,171260
1898,6.6034,1.753,1.772,1.763,0.000,0.367,0.000,1745266,0,0,171260
1899,6.6052,1.675,1.743,1.734,0.000,0.377,0.000,1668575,0,0,171260
1900,6.6070,1.873,1.902,1.893,0.000,0.311,0.000,1865906,0,0,171260
1901,6.6087,1.765,1.752,1.744,0.000,0.366,0.000,1757958,0,0,171260
1902,6.6117,1.822,1.675,1.667,0.000,0.309,0.000,1815358,0,0,171260
1903,6.6135,2.888,1.873,1.865,0.000,0.677,0.000,2880761,0,0,171260
1904,6.6153,1.803,1.765,1.757,0.000,0.375,0.000,1795859,0,0,171260
1905,6.6170,1.752,1.823,1.814,0.000,0.312,0.000,1744877,0,0,171260
1906,6.6188,1.748,2.887,2.879,0.000,0.335,0.000,1741144,0,0,171260
1907,6.6209,1.987,1.803,1.795,0.000,0.317,0.000,1980432,0,0,171260
1908,6.6226,1.871,1.752,1.744,0.000,0.329,0.000,1864454,0,0,171260
1909,6.6244,1.748,1.748,1.740,0.000,0.300,0.000,1741343,0,0,171260
1910,6.6261,1.829,1.988,1.979,0.000,0.291,0.000,1821517,0,0,171260
1911,6.6278,1.690,1.871,1.863,0.000,0.268,0.000,1683610,0,0,171260
1912,6.6295,1.679,1.748,1.740,0.000,0.282,0.000,1673008,0,0,171260
1913,6.6312,1.636,1.828,1.820,0.000,0.338,0.000,1628311,0,0,171260
1914,6.6328,1.708,1.690,1.682,0.000,0.467,0.000,1701967,0,0,171260
1915,6.6345,1.686,1.680,1.672,0.000,0.274,0.000,1679348,0,0,171260
1916,6.6371,1.640,1.634,1.627,0.000,0.555,0.000,1633266,0,0,171260
1917,6.6388,2.631,1.709,1.701,0.000,0.655,0.000,2624172,0,0,171260
1918,6.6406,1.693,1.686,1.678,0.000,0.650,0.000,1686484,0,0,171260
1919,6.6423,1.759,1.640,1.632,0.000,0.498,0.000,1752231,0,0,171260
1920,6.6441,1.824,2.631,2.623,0.000,0.437,0.000,1817523,0,0,171260
1921,6.6462,1.987,1.693,1.685,0.000,0.295,0.000,1980427,0,0,190111
1922,6.6480,1.836,1.759,1.751,0.000,0.322,0.000,1828730,0,0,171356
1923,6.6497,1.761,1.824,1.816,0.000,0.391,0.000,1753940,0,0,171260
1924,6.6514,1.747,1.987,1.979,0.000,0.652,0.000,1740727,0,0,171260
1925,6.6532,1.740,1.836,1.827,0.000,0.429,0.000,1733282,0,0,171260
1926,6.6549,1.745,1.760,1.753,0.000,0.660,0.000,1738129,0,0,171260
1927,6.6567,1.789,1.747,1.740,0.000,0.324,0.000,1781858,0,0,171260
1928,6.6586,1.781,1.740,1.732,0.000,0.689,0.000,1774707,0,0,171260
1929,6.6609,1.819,1.745,1.737,0.000,0.637,0.000,1811957,0,0,171260
1930,6.6658,2.368,1.789,1.781,0.000,0.631,0.000,2360400,0,0,171260
1931,6.6683,5.209,1.782,1.774,0.000,0.558,0.000,5201737,0,0,171260
1932,6.6711,3.088,1.819,1.811,0.000,0.649,0.000,3078885,0,0,171260
1933,6.6729,1.911,2.368,2.359,0.000,0.708,0.000,1902336,0,0,171260
1934,6.6745,1.708,5.212,5.201,0.000,1.083,0.000,1700933,0,0,171260
1935,6.6761,1.608,3.087,3.078,0.000,0.618,0.000,1600640,0,0,171260
1936,6.6777,1.566,1.909,1.901,0.000,0.638,0.000,1559894,0,0,171260
1937,6.6794,1.597,1.708,1.700,0.000,0.658,0.000,1590210,0,0,171260
1938,6.6811,1.743,1.607,1.599,0.000,0.612,0.000,1736629,0,0,171260
1939,6.6827,1.608,1.566,1.559,0.000,0.668,0.000,1600757,0,0,171260
1940,6.6843,1.623,1.597,1.589,0.000,0.411,0.000,1616132,0,0,171260
1941,6.6859,1.608,1.744,1.736,0.000,0.609,0.000,1600987,0,0,171260
1942,6.6874,1.582,1.607,1.600,0.000,0.616,0.000,1575129,0,0,171260
1943,6.6891,1.602,1.623,1.615,0.000,0.618,0.000,1594899,0,0,171260
1944,6.6909,1.787,1.607,1.600,0.000,0.424,0.000,1779779,0,0,171260
1945,6.6937,1.801,1.582,1.574,0.000,0.279,0.000,1793785,0,0,171260
1946,6.6957,2.852,1.603,1.594,0.000,0.326,0.000,2844879,0,0,171260
1947,6.6974,1.850,1.787,1.779,0.000,0.655,0.000,1841917,0,0,171260
1948,6.6992,1.735,1.801,1.793,0.000,0.701,0.000,1728028,0,0,171260
1949,6.7011,1.748,2.853,2.844,0.000,0.370,0.000,1741060,0,0,171260
1950,6.7028,1.877,1.849,1.841,0.000,0.277,0.000,1869576,0,0,171260
1951,6.7045,1.714,1.735,1.727,0.000,0.364,0.000,1707196,0,0,171260
1952,6.7062,1.698,1.748,1.740,0.000,0.401,0.000,1690954,0,0,171356
1953,6.7079,1.669,1.877,1.868,0.000,0.305,0.000,1661875,0,0,171260
1954,6.7095,1.681,1.714,1.706,0.000,0.332,0.000,1674198,0,0,171260
1955,6.7112,1.705,1.698,1.690,0.000,0.286,0.000,1698526,0,0,171260
1956,6.7129,1.652,1.669,1.661,0.000,0.289,0.000,1645121,0,0,171260
1957,6.7145,1.687,1.681,1.673,0.000,0.679,0.000,1680873,0,0,171260
1958,6.7162,1.617,1.705,1.697,0.000,0.663,0.000,1609721,0,0,171260
1959,6.7188,1.635,1.652,1.644,0.000,0.467,0.000,1627162,0,0,171260
1960,6.7206,2.680,1.688,1.680,0.000,0.652,0.000,2673045,0,0,171260
1961,6.7224,1.826,1.617,1.609,0.000,0.347,0.000,1818605,0,0,171260
1962,6.7240,1.699,1.634,1.626,0.000,0.323,0.000,1690915,0,0,171260
1963,6.7256,1.664,2.680,2.672,0.000,0.296,0.000,1656605,0,0,171260
1964,6.7272,1.571,1.827,1.817,0.000,0.332,0.000,1563982,0,0,171260
1965,6.7288,1.604,1.698,1.690,0.000,0.275,0.000,1596493,0,0,171260
1966,6.7304,1.628,1.663,1.656,0.000,0.321,0.000,1620387,0,0,171260
1967,6.7320,1.584,1.571,1.563,0.000,0.287,0.000,1577465,0,0,171260
1968,6.7336,1.548,1.604,1.595,0.000,0.332,0.000,1542033,0,0,171260
1969,6.7352,1.579,1.627,1.619,0.000,0.275,0.000,1572473,0,0,171260
1970,6.7370,1.743,1.584,1.576,0.000,0.257,0.000,1736218,0,0,171260
1971,6.7387,1.747,1.548,1.541,0.000,0.326,0.000,1740006,0,0,171260
1972,6.7406,1.793,1.579,1.571,0.000,0.637,0.000,1786142,0,0,171260
1973,6.7433,1.859,1.744,1.735,0.000,0.660,0.000,1851659,0,0,171260
1974,6.7451,2.746,1.747,1.739,0.000,0.541,0.000,2739416,0,0,171260
1975,6.7469,1.767,1.793,1.785,0.000,0.378,0.000,1759506,0,0,171260
1976,6.7486,1.720,1.859,1.850,0.000,0.706,0.000,1713031,0,0,171260
1977,6.7505,1.789,2.746,2.738,0.000,0.639,0.000,1782281,0,0,171260
1978,6.7523,1.883,1.766,1.758,0.000,0.665,0.000,1876210,0,0,171260
1979,6.7543,1.917,1.720,1.712,0.000,0.663,0.000,1909083,0,0,171260
1980,6.7563,1.985,1.789,1.781,0.000,0.400,0.000,1976966,0,0,171260
1981,6.7581,1.896,1.884,1.875,0.000,0.586,0.000,1887591,0,0,171260
1982,6.7600,1.827,1.917,1.908,0.000,0.360,0.000,1819495,0,0,171356
1983,6.7618,1.861,1.985,1.976,0.000,0.287,0.000,1853694,0,0,171260
1984,6.7635,1.733,1.895,1.886,0.000,0.405,0.000,1725316,0,0,171260
1985,6.7652,1.686,1.827,1.818,0.000,0.354,0.000,1679780,0,0,171260
1986,6.7668,1.680,1.861,1.853,0.000,0.338,0.000,1673062,0,0,171260
1987,6.7698,2.668,1.732,1.724,0.000,0.312,0.000,2660815,0,0,171260
1988,6.7718,2.170,1.687,1.678,0.000,0.287,0.000,2161782,0,0,171260
1989,6.7735,1.847,1.680,1.672,0.000,0.452,0.000,1839103,0,0,171260
1990,6.7752,1.657,2.669,2.660,0.000,0.363,0.000,1649451,0,0,171260
1991,6.7768,1.643,2.170,2.161,0.000,0.366,0.000,1635815,0,0,171260
1992,6.7786,1.713,1.846,1.838,0.000,0.341,0.000,1706028,0,0,171260
1993,6.7807,1.812,1.657,1.648,0.000,0.284,0.000,1805624,0,0,171260
1994,6.7826,2.113,1.643,1.635,0.000,0.284,0.000,2106235,0,0,171260
1995,6.7843,1.750,1.713,1.705,0.000,0.268,0.000,1743086,0,0,171260
1996,6.7861,1.744,1.813,1.804,0.000,0.285,0.000,1737004,0,0,171260
1997,6.7882,2.118,2.113,2.105,0.000,0.253,0.000,2111066,0,0,171260
1998,6.7900,1.838,1.750,1.742,0.000,0.297,0.000,1830239,0,0,171260
1999,6.7918,1.862,1.744,1.736,0.000,0.289,0.000,1854333,0,0,171260
2000,6.7944,1.701,2.119,2.110,0.000,0.262,0.000,1693474,0,0,171260
2001,6.7961,2.620,1.838,1.829,0.000,0.639,0.000,2613532,0,0,171260
2002,6.7978,1.725,1.862,1.853,0.000,0.568,0.000,1717945,0,0,171260
2003,6.7996,1.659,1.700,1.692,0.000,0.305,0.000,1652834,0,0,171260
2004,6.8013,1.792,2.621,2.613,0.000,0.459,0.000,1784536,0,0,171260
2005,6.8031,1.768,1.725,1.717,0.000,0.476,0.000,1760583,0,0,171260
2006,6.8049,1.764,1.660,1.652,0.000,0.285,0.000,1757006,0,0,171260
2007,6.8066,1.789,1.792,1.783,0.000,0.339,0.000,1782079,0,0,171260
2008,6.8085,1.826,1.768,1.759,0.000,0.550,0.000,1819410,0,0,171260
2009,6.8104,1.909,1.764,1.756,0.000,0.361,0.000,1901519,0,0,171260
2010,6.8123,1.920,1.789,1.781,0.000,0.410,0.000,1912223,0,0,171260
2011,6.8142,1.870,1.827,1.818,0.000,0.380,0.000,1862651,0,0,171260
2012,6.8162,1.946,1.909,1.900,0.000,0.404,0.000,1938816,0,0,171356
2013,6.8182,2.021,1.920,1.911,0.000,0.384,0.000,2012553,0,0,171260
2014,6.8215,2.025,1.870,1.861,0.000,0.387,0.000,2017467,0,0,171260
2015,6.8236,3.338,1.947,1.938,0.000,0.387,0.000,3328941,0,0,171260
2016,6.8254,1.926,2.020,2.011,0.000,0.461,0.000,1916317,0,0,171260
2017,6.8273,1.844,2.026,2.016,0.000,0.549,0.000,1836056,0,0,171260
2018,6.8290,1.762,3.338,3.328,0.000,0.313,0.000,1754714,0,0,171260
2019,6.8307,1.660,1.924,1.915,0.000,0.276,0.000,1653557,0,0,171260
2020,6.8324,1.709,1.843,1.835,0.000,0.267,0.000,1701576,0,0,171260
2021,6.8340,1.653,1.761,1.754,0.000,0.305,0.000,1645763,0,0,171260
2022,6.8358,1.688,1.661,1.652,0.000,0.543,0.000,1681637,0,0,171260
2023,6.8378,2.087,1.709,1.701,0.000,0.278,0.000,2080261,0,0,171260
2024,6.8398,1.758,1.652,1.645,0.000,0.403,0.000,1749711,0,0,171260
2025,6.8416,1.991,1.689,1.681,0.000,0.690,0.000,1984318,0,0,171260
2026,6.8432,1.713,2.088,2.079,0.000,0.477,0.000,1705933,0,0,171260
2027,6.8449,1.642,1.757,1.749,0.000,0.297,0.000,1635537,0,0,171260
2028,6.8475,1.634,1.992,1.983,0.000,0.320,0.000,1627538,0,0,171260
2029,6.8493,2.747,1.712,1.705,0.000,0.274,0.000,2739747,0,0,171260
2030,6.8513,1.856,1.642,1.634,0.000,0.270,0.000,1848318,0,0,171260
2031,6.8532,2.015,1.634,1.627,0.000,0.329,0.000,2007320,0,0,171260
2032,6.8551,1.879,2.748,2.739,0.000,0.390,0.000,1871554,0,0,171260
2033,6.8569,1.789,1.856,1.847,0.000,0.360,0.000,1780955,0,0,171260
2034,6.8587,1.804,2.015,2.006,0.000,0.724,0.000,1797059,0,0,171260
2035,6.8607,1.883,1.879,1.870,0.000,0.663,0.000,1876413,0,0,171260
2036,6.8628,2.095,1.788,1.780,0.000,0.429,0.000,2086048,0,0,171260
2037,6.8647,2.005,1.804,1.796,0.000,0.480,0.000,1994588,0,0,171260
2038,6.8666,1.896,1.886,1.875,0.000,0.488,0.000,1887819,0,0,171260
2039,6.8685,1.843,2.096,2.085,0.000,0.466,0.000,1835404,0,0,171260
2040,6.8706,2.066,2.002,1.993,0.000,0.376,0.000,2057999,0,0,171260
2041,6.8729,2.196,1.896,1.887,0.000,0.335,0.000,2186458,0,0,190111
2042,6.8765,3.510,1.843,1.834,0.000,0.675,0.000,3501707,0,0,171356
2043,6.8787,2.324,2.068,2.057,0.000,0.791,0.000,2313791,0,0,171260
2044,6.8811,2.216,2.195,2.184,0.000,0.447,0.000,2207183,0,0,171260
2045,6.8832,2.407,3.511,3.500,0.000,0.432,0.000,2398274,0,0,171260
2046,6.8852,2.015,2.323,2.312,0.000,0.421,0.000,2005220,0,0,171260
2047,6.8873,2.039,2.216,2.205,0.000,0.388,0.000,2030682,0,0,171260
2048,6.8893,2.060,2.407,2.396,0.000,0.416,0.000,2051328,0,0,171260
2049,6.8911,1.868,2.014,2.004,0.000,0.627,0.000,1859475,0,0,171260
2050,6.8930,1.868,2.039,2.029,0.000,0.343,0.000,1860435,0,0,171260
2051,6.8948,1.838,2.060,2.050,0.000,0.315,0.000,1830563,0,0,171260
2052,6.8966,1.792,1.867,1.858,0.000,0.364,0.000,1785160,0,0,171260
2053,6.8984,1.793,1.868,1.859,0.000,0.343,0.000,1786514,0,0,171260
2054,6.9003,1.771,1.838,1.829,0.000,0.319,0.000,1763646,0,0,171260
2055,6.9032,1.905,1.792,1.784,0.000,0.282,0.000,1897294,0,0,171260
2056,6.9053,3.106,1.794,1.785,0.000,0.275,0.000,3097667,0,0,171260
2057,6.9073,2.020,1.771,1.762,0.000,0.340,0.000,2012054,0,0,171260
2058,6.9094,2.080,1.906,1.896,0.000,0.343,0.000,2072546,0,0,171260
2059,6.9113,1.985,3.106,3.096,0.000,0.822,0.000,1977265,0,0,171260
2060,6.9134,1.972,2.020,2.011,0.000,0.441,0.000,1964734,0,0,171260
2061,6.9155,2.125,2.081,2.071,0.000,0.414,0.000,2116501,0,0,171260
2062,6.9176,2.116,1.985,1.976,0.000,0.714,0.000,2107884,0,0,171260
2063,6.9199,2.154,1.973,1.963,0.000,0.841,0.000,2145921,0,0,171260
2064,6.9221,2.296,2.125,2.115,0.000,0.579,0.000,2287091,0,0,171260
2065,6.9243,2.185,2.116,2.107,0.000,0.636,0.000,2175696,0,0,171260
2066,6.9263,2.117,2.155,2.145,0.000,0.458,0.000,2108635,0,0,171820
2067,6.9283,2.002,2.296,2.286,0.000,0.406,0.000,1993807,0,0,171316
2068,6.9302,1.902,2.184,2.174,0.000,0.367,0.000,1894618,0,0,171260
2069,6.9332,1.963,2.117,2.107,0.000,0.339,0.000,1955171,0,0,171260
2070,6.9355,3.149,2.001,1.993,0.000,0.383,0.000,3140989,0,0,171260
2071,6.9379,2.270,1.902,1.893,0.000,0.342,0.000,2261410,0,0,171260
2072,6.9404,2.494,1.963,1.954,0.000,0.434,0.000,2480533,0,0,171356
2073,6.9425,2.315,3.150,3.140,0.000,0.376,0.000,2305675,0,0,171260
2074,6.9444,2.008,2.276,2.260,0.000,0.428,0.000,1998798,0,0,171260
2075,6.9463,1.911,2.490,2.479,0.000,0.380,0.000,1902954,0,0,171260
2076,6.9480,1.844,2.315,2.304,0.000,0.443,0.000,1835672,0,0,171260
2077,6.9498,1.724,2.007,1.997,0.000,0.367,0.000,1716623,0,0,171260
2078,6.9515,1.740,1.911,1.901,0.000,0.340,0.000,1733102,0,0,171260
2079,6.9534,1.809,1.842,1.834,0.000,0.307,0.000,1802363,0,0,171260
2080,6.9557,2.225,1.723,1.715,0.000,0.777,0.000,2218504,0,0,171260
2081,6.9576,1.993,1.740,1.732,0.000,0.786,0.000,1981620,0,0,171260
2082,6.9594,1.797,1.810,1.801,0.000,0.765,0.000,1789074,0,0,171260
2083,6.9622,1.817,2.230,2.217,0.000,0.683,0.000,1810465,0,0,171260
2084,6.9641,2.856,1.989,1.980,0.000,0.685,0.000,2848751,0,0,171260
2085,6.9660,1.965,1.796,1.788,0.000,0.362,0.000,1957690,0,0,171260
2086,6.9681,1.997,1.818,1.809,0.000,0.713,0.000,1990363,0,0,171260
2087,6.9703,2.114,2.856,2.847,0.000,0.673,0.000,2107216,0,0,171260
2088,6.9725,2.302,1.965,1.956,0.000,0.371,0.000,2292777,0,0,171260
2089,6.9745,1.996,1.997,1.989,0.000,0.880,0.000,1988094,0,0,171260
2090,6.9765,1.974,2.117,2.106,0.000,0.397,0.000,1966050,0,0,171260
2091,6.9787,2.068,2.300,2.291,0.000,0.334,0.000,2061003,0,0,171260
2092,6.9840,3.122,1.996,1.987,0.000,0.390,0.000,3114588,0,0,171260
2093,6.9885,5.484,1.973,1.965,0.000,0.414,0.000,5461974,0,0,171260
2094,7.0064,18.361,2.070,2.060,0.000,1.384,0.000,18342224,0,0,171260
2095,7.0099,3.761,3.137,3.113,0.000,1.266,0.000,3749866,0,0,171262
2096,7.0130,3.062,5.480,5.459,0.000,0.793,0.000,3047707,0,0,171260
2097,7.0181,3.219,18.353,18.340,0.000,1.151,0.000,3208535,0,0,171260
2098,7.0212,5.062,3.764,3.748,0.000,0.751,0.000,5047675,0,0,171260
2099,7.0240,2.962,3.059,3.045,0.000,0.728,0.000,2949420,0,0,171260
2100,7.0265,2.668,3.223,3.207,0.000,0.630,0.000,2656018,0,0,171260
2101,7.0289,2.407,5.060,5.045,0.000,0.568,0.000,2396620,0,0,171260
2102,7.0311,2.326,2.961,2.947,0.000,0.465,0.000,2315346,0,0,171356
2103,7.0333,2.198,2.666,2.654,0.000,0.902,0.000,2188462,0,0,171260
2104,7.0357,2.310,2.407,2.395,0.000,0.386,0.000,2301248,0,0,171260
2105,7.0383,2.495,2.325,2.314,0.000,0.653,0.000,2485309,0,0,171260
2106,7.0408,2.484,2.197,2.187,0.000,0.561,0.000,2473224,0,0,171260
2107,7.0430,2.420,2.311,2.300,0.000,0.487,0.000,2411044,0,0,171260
2108,7.0451,2.141,2.496,2.484,0.000,0.409,0.000,2131466,0,0,171260
2109,7.0472,2.139,2.482,2.472,0.000,0.355,0.000,2129605,0,0,171260
2110,7.0492,1.995,2.420,2.410,0.000,0.427,0.000,1986110,0,0,171260
2111,7.0524,2.031,2.141,2.130,0.000,0.372,0.000,2022361,0,0,171260
2112,7.0549,3.444,2.138,2.128,0.000,0.311,0.000,3436550,0,0,171260
2113,7.0573,2.465,1.994,1.985,0.000,0.322,0.000,2453860,0,0,171260
2114,7.0595,2.298,2.030,2.021,0.000,0.959,0.000,2289481,0,0,171260
2115,7.0623,2.172,3.448,3.435,0.000,0.448,0.000,2162882,0,0,171260
2116,7.0648,3.027,2.463,2.452,0.000,0.404,0.000,3018863,0,0,171260
2117,7.0669,2.236,2.298,2.288,0.000,0.676,0.000,2215080,0,0,171260
2118,7.0689,2.056,2.171,2.161,0.000,0.470,0.000,2047302,0,0,171260
2119,7.0709,1.959,3.040,3.018,0.000,0.426,0.000,1951052,0,0,171260
2120,7.0733,2.152,2.223,2.213,0.000,0.385,0.000,2143526,0,0,171260
2121,7.0757,2.571,2.055,2.046,0.000,0.358,0.000,2561522,0,0,171260
2122,7.0780,2.334,1.959,1.950,0.000,0.928,0.000,2324275,0,0,171260
2123,7.0805,2.272,2.153,2.142,0.000,0.930,0.000,2263104,0,0,171260
2124,7.0830,2.457,2.571,2.560,0.000,0.429,0.000,2447716,0,0,171260
2125,7.0866,2.602,2.333,2.323,0.000,0.427,0.000,2592362,0,0,171260
2126,7.0891,3.640,2.273,2.262,0.000,0.579,0.000,3630552,0,0,171260
2127,7.0912,2.300,2.458,2.446,0.000,0.419,0.000,2289191,0,0,171260
2128,7.0942,2.288,2.602,2.590,0.000,0.911,0.000,2279224,0,0,171260
2129,7.0967,3.013,3.641,3.629,0.000,0.402,0.000,3001864,0,0,171260
2130,7.0988,2.258,2.298,2.288,0.000,0.366,0.000,2248261,0,0,171260
2131,7.1012,2.327,2.292,2.278,0.000,0.349,0.000,2318826,0,0,171260
2132,7.1032,2.146,3.010,2.998,0.000,0.413,0.000,2137521,0,0,171356
2133,7.1051,1.894,2.257,2.247,0.000,0.800,0.000,1886090,0,0,171260
2134,7.1070,1.916,2.327,2.317,0.000,0.786,0.000,1907607,0,0,171260
2135,7.1089,1.934,2.146,2.136,0.000,0.397,0.000,1925511,0,0,171260
2136,7.1108,1.896,1.894,1.885,0.000,0.363,0.000,1888127,0,0,171260
2137,7.1136,2.153,1.916,1.906,0.000,0.720,0.000,2146046,0,0,171260
2138,7.1162,2.801,1.933,1.924,0.000,0.672,0.000,2790547,0,0,171260
2139,7.1195,2.729,1.895,1.887,0.000,0.772,0.000,2717602,0,0,171260
2140,7.1213,2.810,2.157,2.145,0.000,0.758,0.000,2799736,0,0,171260
2141,7.1230,1.799,2.802,2.789,0.000,0.356,0.000,1791915,0,0,171260
2142,7.1246,1.645,2.728,2.716,0.000,0.684,0.000,1638527,0,0,171260
2143,7.1262,1.598,2.806,2.798,0.000,0.325,0.000,1591663,0,0,171260
2144,7.1279,1.645,1.799,1.791,0.000,0.630,0.000,1638269,0,0,171260
2145,7.1296,1.704,1.645,1.637,0.000,0.647,0.000,1697274,0,0,171260
2146,7.1312,1.683,1.598,1.591,0.000,0.607,0.000,1677051,0,0,171260
2147,7.1330,1.696,1.645,1.637,0.000,0.425,0.000,1690249,0,0,171260
2148,7.1348,1.744,1.704,1.696,0.000,0.272,0.000,1737772,0,0,171260
2149,7.1366,1.802,1.683,1.676,0.000,0.275,0.000,1794300,0,0,171260
2150,7.1384,1.785,1.697,1.689,0.000,0.350,0.000,1777824,0,0,171260
2151,7.1404,1.874,1.745,1.737,0.000,0.275,0.000,1865644,0,0,171260
2152,7.1422,1.936,1.801,1.793,0.000,0.573,0.000,1929309,0,0,171260
2153,7.1452,1.891,1.786,1.776,0.000,0.315,0.000,1883327,0,0,171260
2154,7.1472,3.110,1.873,1.864,0.000,0.366,0.000,3102171,0,0,171260
2155,7.1495,2.054,1.937,1.928,0.000,0.705,0.000,2046375,0,0,171260
2156,7.1517,2.134,1.891,1.882,0.000,0.402,0.000,2121736,0,0,171260
2157,7.1536,2.206,3.110,3.101,0.000,0.719,0.000,2198738,0,0,171260
2158,7.1564,2.250,2.059,2.045,0.000,0.367,0.000,2241772,0,0,171260
2159,7.1587,2.796,2.129,2.120,0.000,0.357,0.000,2785496,0,0,171260
2160,7.1607,1.937,2.206,2.197,0.000,0.323,0.000,1929642,0,0,171260
2161,7.1627,2.056,2.253,2.241,0.000,0.739,0.000,2048340,0,0,190113
2162,7.1644,1.878,2.793,2.784,0.000,0.643,0.000,1870395,0,0,171356
2163,7.1661,1.720,1.938,1.928,0.000,0.556,0.000,1712534,0,0,171260
2164,7.1678,1.684,2.055,2.047,0.000,0.303,0.000,1677000,0,0,171260
2165,7.1697,1.792,1.878,1.869,0.000,0.262,0.000,1785367,0,0,171260
2166,7.1714,1.768,1.719,1.711,0.000,0.533,0.000,1760467,0,0,171260
2167,7.1745,2.930,1.684,1.676,0.000,0.421,0.000,2924087,0,0,171260
2168,7.1764,1.978,1.793,1.784,0.000,0.328,0.000,1969627,0,0,171260
2169,7.1782,1.818,1.767,1.759,0.000,0.365,0.000,1810867,0,0,171260
2170,7.1801,1.842,2.932,2.923,0.000,0.360,0.000,1834933,0,0,171260
2171,7.1820,1.989,1.976,1.968,0.000,0.309,0.000,1982253,0,0,171260
2172,7.1839,1.895,1.818,1.810,0.000,0.343,0.000,1886814,0,0,171260
2173,7.1857,1.839,1.842,1.834,0.000,0.714,0.000,1832612,0,0,171260
2174,7.1876,1.859,1.990,1.981,0.000,0.663,0.000,1852663,0,0,171260
2175,7.1897,2.011,1.893,1.886,0.000,0.407,0.000,2003703,0,0,171260
2176,7.1921,2.210,1.839,1.832,0.000,0.361,0.000,2201705,0,0,171260
2177,7.1940,2.211,1.860,1.852,0.000,0.338,0.000,2198796,0,0,171260
2178,7.1959,1.898,2.012,2.003,0.000,0.391,0.000,1891065,0,0,171260
2179,7.1976,1.752,2.214,2.200,0.000,0.738,0.000,1745695,0,0,171260
2180,7.1995,1.753,2.205,2.197,0.000,0.620,0.000,1746755,0,0,171260
2181,7.2025,3.008,1.898,1.890,0.000,0.663,0.000,3001482,0,0,171260
2182,7.2042,1.860,1.752,1.745,0.000,0.368,0.000,1852799,0,0,171260
2183,7.2059,1.706,1.754,1.746,0.000,0.308,0.000,1698623,0,0,171260
2184,7.2076,1.717,3.009,3.000,0.000,0.281,0.000,1711014,0,0,171820
2185,7.2099,1.977,1.860,1.852,0.000,0.266,0.000,1970286,0,0,171316
2186,7.2116,1.930,1.705,1.697,0.000,0.274,0.000,1923259,0,0,381872
2187,7.2133,1.763,1.718,1.710,0.000,0.721,0.000,1756482,0,0,171260
2188,7.2151,1.731,1.977,1.969,0.000,0.339,0.000,1725048,0,0,171260
2189,7.2168,1.782,1.930,1.922,0.000,0.628,0.000,1775553,0,0,171260
2190,7.2185,1.695,1.763,1.755,0.000,0.690,0.000,1688482,0,0,171260
2191,7.2203,1.661,1.731,1.724,0.000,0.286,0.000,1654741,0,0,171260
2192,7.2220,1.813,1.782,1.775,0.000,0.301,0.000,1807279,0,0,171356
2193,7.2258,1.943,1.695,1.687,0.000,0.287,0.000,1936493,0,0,171260
2194,7.2277,3.692,1.661,1.654,0.000,0.267,0.000,3682519,0,0,171260
2195,7.2293,1.735,1.814,1.806,0.000,0.280,0.000,1728281,0,0,171260
2196,7.2310,1.642,1.947,1.935,0.000,0.366,0.000,1635785,0,0,171260
2197,7.2326,1.631,3.689,3.681,0.000,0.502,0.000,1624825,0,0,171260
2198,7.2343,1.645,1.735,1.727,0.000,0.291,0.000,1638559,0,0,171260
2199,7.2359,1.627,1.642,1.635,0.000,0.716,0.000,1620759,0,0,171260
2200,7.2375,1.618,1.631,1.624,0.000,0.353,0.000,1611569,0,0,171260
2201,7.2390,1.551,1.645,1.638,0.000,0.269,0.000,1544211,0,0,171260
2202,7.2407,1.585,1.628,1.620,0.000,0.293,0.000,1578578,0,0,171260
2203,7.2423,1.696,1.618,1.610,0.000,0.248,0.000,1689420,0,0,171260
2204,7.2440,1.623,1.551,1.543,0.000,0.306,0.000,1615975,0,0,171260
2205,7.2457,1.695,1.585,1.577,0.000,0.660,0.000,1688770,0,0,171260
2206,7.2473,1.664,1.696,1.688,0.000,0.660,0.000,1657251,0,0,171260
2207,7.2490,1.647,1.622,1.615,0.000,0.674,0.000,1639633,0,0,171260
2208,7.2544,4.986,1.695,1.688,0.000,0.629,0.000,4979387,0,0,171260
2209,7.2570,2.936,1.664,1.656,0.000,0.618,0.000,2927905,0,0,171260
2210,7.2588,1.859,1.646,1.639,0.000,0.671,0.000,1850590,0,0,171260
2211,7.2606,1.697,4.989,4.978,0.000,0.645,0.000,1690001,0,0,171260
2212,7.2622,1.724,2.936,2.926,0.000,0.317,0.000,1717340,0,0,171260
2213,7.2637,1.616,1.857,1.849,0.000,0.324,0.000,1608575,0,0,171260
2214,7.2656,1.821,1.697,1.689,0.000,0.317,0.000,1814876,0,0,171260
2215,7.2672,1.621,1.725,1.716,0.000,0.273,0.000,1614363,0,0,171260
2216,7.2690,1.721,1.615,1.607,0.000,0.377,0.000,1714574,0,0,171260
2217,7.2709,1.876,1.821,1.814,0.000,0.640,0.000,1869011,0,0,171260
2218,7.2728,1.868,1.621,1.613,0.000,0.691,0.000,1860345,0,0,171260
2219,7.2747,1.831,1.722,1.713,0.000,0.697,0.000,1824371,0,0,171260
2220,7.2767,2.073,1.877,1.868,0.000,0.633,0.000,2065275,0,0,171260
2221,7.2787,1.952,1.867,1.859,0.000,0.738,0.000,1945121,0,0,171260
2222,7.2816,1.894,1.833,1.823,0.000,0.482,0.000,1885928,0,0,171356
2223,7.2834,2.907,2.073,2.064,0.000,0.356,0.000,2899411,0,0,171260
2224,7.2851,1.764,1.953,1.944,0.000,0.514,0.000,1756325,0,0,171260
2225,7.2869,1.710,1.893,1.885,0.000,0.359,0.000,1702409,0,0,171260
2226,7.2887,1.786,2.907,2.898,0.000,0.662,0.000,1779390,0,0,171260
2227,7.2904,1.732,1.764,1.755,0.000,0.696,0.000,1724985,0,0,171260
2228,7.2920,1.704,1.709,1.701,0.000,0.642,0.000,1696583,0,0,171260
2229,7.2937,1.658,1.786,1.778,0.000,0.671,0.000,1650790,0,0,171260
2230,7.2953,1.617,1.732,1.724,0.000,0.355,0.000,1610144,0,0,171260
2231,7.2969,1.588,1.703,1.696,0.000,0.275,0.000,1581319,0,0,171260
2232,7.2985,1.620,1.658,1.650,0.000,0.289,0.000,1613220,0,0,171260
2233,7.3003,1.658,1.617,1.609,0.000,0.277,0.000,1651568,0,0,171260
2234,7.3020,1.793,1.588,1.580,0.000,0.272,0.000,1786813,0,0,171260
2235,7.3035,1.580,1.620,1.612,0.000,0.280,0.000,1573593,0,0,171260
2236,7.3061,1.602,1.658,1.650,0.000,0.346,0.000,1595850,0,0,171260
2237,7.3078,2.626,1.794,1.786,0.000,0.635,0.000,2619428,0,0,171260
2238,7.3094,1.670,1.580,1.573,0.000,0.681,0.000,1663389,0,0,171820
2239,7.3110,1.589,1.602,1.595,0.000,0.646,0.000,1582851,0,0,171316
2240,7.3126,1.579,2.626,2.618,0.000,0.645,0.000,1572665,0,0,171260
2241,7.3142,1.572,1.670,1.662,0.000,0.616,0.000,1565251,0,0,171260
2242,7.3158,1.619,1.589,1.582,0.000,0.607,0.000,1612590,0,0,171260
2243,7.3174,1.558,1.579,1.572,0.000,0.558,0.000,1551618,0,0,171260
2244,7.3189,1.610,1.572,1.564,0.000,0.327,0.000,1603089,0,0,171260
2245,7.3207,1.583,1.619,1.611,0.000,0.480,0.000,1576655,0,0,171260
2246,7.3224,1.817,1.558,1.550,0.000,0.618,0.000,1810600,0,0,171260
2247,7.3243,1.841,1.610,1.602,0.000,0.639,0.000,1833537,0,0,171260
2248,7.3260,1.765,1.583,1.575,0.000,0.360,0.000,1755429,0,0,171260
2249,7.3277,1.642,1.818,1.809,0.000,0.310,0.000,1635011,0,0,171260
2250,7.3302,1.642,1.844,1.832,0.000,0.621,0.000,1635648,0,0,171260
2251,7.3320,2.627,1.762,1.754,0.000,0.602,0.000,2620566,0,0,171260
2252,7.3336,1.725,1.642,1.634,0.000,0.333,0.000,1718146,0,0,171356
2253,7.3354,1.726,1.642,1.635,0.000,0.308,0.000,1719620,0,0,171260
2254,7.3370,1.662,2.627,2.620,0.000,0.662,0.000,1655531,0,0,171260
2255,7.3387,1.664,1.725,1.717,0.000,0.616,0.000,1657516,0,0,171260
2256,7.3404,1.646,1.727,1.719,0.000,0.490,0.000,1639783,0,0,171260
2257,7.3420,1.716,1.662,1.654,0.000,0.309,0.000,1709334,0,0,171260
2258,7.3437,1.649,1.664,1.656,0.000,0.292,0.000,1641636,0,0,171260
2259,7.3453,1.639,1.646,1.639,0.000,0.295,0.000,1632690,0,0,171260
2260,7.3469,1.573,1.716,1.708,0.000,0.294,0.000,1565515,0,0,171260
2261,7.3484,1.573,1.648,1.641,0.000,0.642,0.000,1567449,0,0,171260
2262,7.3501,1.588,1.640,1.632,0.000,0.630,0.000,1581575,0,0,171260
2263,7.3517,1.644,1.571,1.564,0.000,0.640,0.000,1637496,0,0,171260
2264,7.3543,1.599,1.574,1.566,0.000,0.627,0.000,1592474,0,0,171260
2265,7.3560,2.665,1.588,1.580,0.000,0.587,0.000,2658561,0,0,171260
2266,7.3576,1.658,1.644,1.636,0.000,0.347,0.000,1651220,0,0,171260
2267,7.3594,1.640,1.599,1.591,0.000,0.608,0.000,1634103,0,0,171260
2268,7.3611,1.804,2.666,2.657,0.000,0.617,0.000,1797910,0,0,171260
2269,7.3628,1.700,1.657,1.650,0.000,0.550,0.000,1693227,0,0,171260
2270,7.3644,1.618,1.640,1.633,0.000,0.642,0.000,1611796,0,0,171260
2271,7.3660,1.653,1.805,1.797,0.000,0.639,0.000,1646710,0,0,171260
2272,7.3676,1.614,1.699,1.692,0.000,0.631,0.000,1608501,0,0,171260
2273,7.3692,1.570,1.618,1.611,0.000,0.616,0.000,1563317,0,0,171260
2274,7.3709,1.699,1.653,1.646,0.000,0.640,0.000,1693261,0,0,171260
2275,7.3726,1.662,1.614,1.607,0.000,0.635,0.000,1655635,0,0,171260
2276,7.3742,1.633,1.569,1.562,0.000,0.636,0.000,1627038,0,0,171260
2277,7.3768,1.644,1.700,1.692,0.000,0.332,0.000,1637869,0,0,171260
2278,7.3786,2.628,1.662,1.654,0.000,0.269,0.000,2621644,0,0,171260
2279,7.3806,1.872,1.633,1.626,0.000,0.268,0.000,1864718,0,0,171260
2280,7.3824,1.912,1.645,1.637,0.000,0.393,0.000,1904907,0,0,171260
2281,7.3842,1.839,2.629,2.621,0.000,0.372,0.000,1832249,0,0,190111
2282,7.3859,1.751,1.872,1.864,0.000,0.309,0.000,1743848,0,0,171356
2283,7.3877,1.821,1.912,1.904,0.000,0.320,0.000,1814021,0,0,171260
2284,7.3894,1.717,1.839,1.831,0.000,0.329,0.000,1710272,0,0,171260
2285,7.3910,1.619,1.751,1.743,0.000,0.314,0.000,1612122,0,0,171260
2286,7.3926,1.589,1.821,1.813,0.000,0.351,0.000,1582858,0,0,171260
2287,7.3942,1.598,1.717,1.709,0.000,0.266,0.000,1591719,0,0,171260
2288,7.3958,1.588,1.619,1.611,0.000,0.343,0.000,1581272,0,0,171260
2289,7.3974,1.590,1.589,1.582,0.000,0.288,0.000,1583922,0,0,171260
2290,7.3990,1.666,1.598,1.591,0.000,0.284,0.000,1659671,0,0,171260
2291,7.4019,1.573,1.587,1.580,0.000,0.368,0.000,1566836,0,0,171260
2292,7.4036,2.944,1.591,1.583,0.000,0.276,0.000,2938185,0,0,171260
2293,7.4053,1.694,1.666,1.658,0.000,0.405,0.000,1686320,0,0,171260
2294,7.4069,1.605,1.573,1.566,0.000,0.333,0.000,1598464,0,0,171260
2295,7.4085,1.621,2.946,2.937,0.000,0.657,0.000,1615352,0,0,171260
2296,7.4101,1.622,1.693,1.685,0.000,0.650,0.000,1616076,0,0,171260
2297,7.4118,1.636,1.605,1.597,0.000,0.351,0.000,1629409,0,0,171260
2298,7.4136,1.730,1.622,1.614,0.000,0.612,0.000,1723834,0,0,171260
2299,7.4155,1.885,1.623,1.615,0.000,0.322,0.000,1877617,0,0,171260
2300,7.4174,1.895,1.636,1.628,0.000,0.415,0.000,1887214,0,0,171260
2301,7.4192,1.862,1.731,1.723,0.000,0.400,0.000,1854468,0,0,171260
2302,7.4212,1.858,1.885,1.876,0.000,0.322,0.000,1850610,0,0,171260
2303,7.4232,2.008,1.895,1.886,0.000,0.711,0.000,2001051,0,0,171260
2304,7.4253,2.060,1.862,1.853,0.000,0.397,0.000,2052066,0,0,171260
2305,7.4289,2.260,1.858,1.849,0.000,0.359,0.000,2250523,0,0,171260
2306,7.4315,3.751,2.009,2.000,0.000,0.405,0.000,3742143,0,0,171260
2307,7.4339,2.457,2.061,2.051,0.000,0.483,0.000,2446646,0,0,171260
2308,7.4361,2.255,2.259,2.249,0.000,0.639,0.000,2246008,0,0,171260
2309,7.4383,2.234,3.753,3.741,0.000,0.858,0.000,2224732,0,0,171260
2310,7.4414,2.193,2.455,2.445,0.000,0.757,0.000,2184122,0,0,171260
2311,7.4441,3.474,2.255,2.245,0.000,0.397,0.000,3465709,0,0,171260
2312,7.4466,2.499,2.233,2.223,0.000,0.477,0.000,2488438,0,0,171356
2313,7.4489,2.410,2.193,2.183,0.000,0.419,0.000,2400785,0,0,171260
2314,7.4511,2.272,3.476,3.464,0.000,0.454,0.000,2262603,0,0,171260
2315,7.4533,2.200,2.498,2.487,0.000,0.488,0.000,2190366,0,0,171260
2316,7.4554,2.105,2.411,2.400,0.000,0.886,0.000,2096378,0,0,171260
2317,7.4575,2.076,2.272,2.261,0.000,0.855,0.000,2068110,0,0,171260
2318,7.4603,2.282,2.199,2.189,0.000,0.791,0.000,2274385,0,0,171260
2319,7.4648,3.444,2.104,2.095,0.000,0.846,0.000,3435484,0,0,171260
2320,7.4671,3.774,2.076,2.067,0.000,0.612,0.000,3763678,0,0,171260
2321,7.4695,2.455,2.284,2.273,0.000,0.510,0.000,2445407,0,0,171260
2322,7.4718,2.251,3.447,3.434,0.000,0.396,0.000,2242841,0,0,171260
2323,7.4740,2.274,3.773,3.762,0.000,0.365,0.000,2262491,0,0,171260
2324,7.4761,2.170,2.454,2.444,0.000,0.567,0.000,2161952,0,0,171260
2325,7.4784,2.185,2.254,2.242,0.000,0.392,0.000,2177064,0,0,171260
2326,7.4805,2.148,2.270,2.260,0.000,0.348,0.000,2139160,0,0,171260
2327,7.4826,2.166,2.170,2.161,0.000,0.440,0.000,2155876,0,0,171260
2328,7.4845,1.998,2.186,2.176,0.000,0.329,0.000,1989023,0,0,171260
2329,7.4865,1.942,2.149,2.138,0.000,0.825,0.000,1934505,0,0,171260
2330,7.4883,1.924,2.165,2.155,0.000,0.771,0.000,1916237,0,0,171260
2331,7.4901,1.767,1.996,1.988,0.000,0.430,0.000,1759784,0,0,171260
2332,7.4919,1.785,1.942,1.933,0.000,0.322,0.000,1777710,0,0,171260
2333,7.4949,1.869,1.924,1.915,0.000,0.307,0.000,1862398,0,0,171260
2334,7.4968,3.001,1.767,1.759,0.000,0.366,0.000,2993263,0,0,171260
2335,7.4986,1.841,1.785,1.776,0.000,0.354,0.000,1832524,0,0,171260
2336,7.5006,1.799,1.870,1.861,0.000,0.374,0.000,1791958,0,0,171260
2337,7.5024,1.985,3.002,2.992,0.000,0.321,0.000,1977272,0,0,171260
2338,7.5042,1.810,1.840,1.831,0.000,0.793,0.000,1801640,0,0,171260
2339,7.5059,1.732,1.800,1.791,0.000,0.718,0.000,1724440,0,0,171260
2340,7.5079,1.910,1.985,1.976,0.000,0.356,0.000,1903102,0,0,171260
2341,7.5100,1.985,1.809,1.801,0.000,0.321,0.000,1976083,0,0,171260
2342,7.5118,1.945,1.732,1.723,0.000,0.456,0.000,1935938,0,0,171356
2343,7.5137,1.868,1.913,1.902,0.000,0.485,0.000,1861163,0,0,171260
2344,7.5155,1.869,1.985,1.974,0.000,0.764,0.000,1861675,0,0,171260
2345,7.5174,1.879,1.943,1.935,0.000,0.601,0.000,1872195,0,0,171260
2346,7.5193,1.876,1.868,1.860,0.000,0.345,0.000,1868125,0,0,171260
2347,7.5223,2.840,1.869,1.860,0.000,0.343,0.000,2832463,0,0,171260
2348,7.5240,1.938,1.881,1.871,0.000,0.724,0.000,1930977,0,0,171260
2349,7.5257,1.714,1.875,1.867,0.000,0.727,0.000,1706446,0,0,171260
2350,7.5274,1.708,2.840,2.831,0.000,0.664,0.000,1700794,0,0,171260
2351,7.5292,1.802,1.939,1.930,0.000,0.664,0.000,1794817,0,0,171260
2352,7.5309,1.698,1.713,1.705,0.000,0.400,0.000,1690423,0,0,171260
2353,7.5326,1.704,1.708,1.700,0.000,0.755,0.000,1697302,0,0,171260
2354,7.5343,1.693,1.802,1.794,0.000,0.363,0.000,1686557,0,0,171260
2355,7.5359,1.628,1.697,1.689,0.000,0.346,0.000,1620523,0,0,171260
2356,7.5376,1.666,1.704,1.696,0.000,0.279,0.000,1659797,0,0,171260
2357,7.5392,1.652,1.693,1.685,0.000,0.307,0.000,1644980,0,0,171260
2358,7.5409,1.611,1.627,1.619,0.000,0.349,0.000,1604599,0,0,171260
2359,7.5426,1.735,1.666,1.659,0.000,0.273,0.000,1728786,0,0,171260
2360,7.5453,1.710,1.652,1.644,0.000,0.653,0.000,1703789,0,0,171260
2361,7.5471,2.727,1.611,1.603,0.000,0.731,0.000,2720413,0,0,171260
2362,7.5488,1.782,1.735,1.728,0.000,0.662,0.000,1774768,0,0,171260
2363,7.5504,1.608,1.710,1.703,0.000,0.313,0.000,1601262,0,0,171260
2364,7.5520,1.588,2.728,2.719,0.000,0.648,0.000,1582115,0,0,171260
2365,7.5536,1.617,1.782,1.774,0.000,0.401,0.000,1610195,0,0,171260
2366,7.5552,1.605,1.608,1.600,0.000,0.326,0.000,1598599,0,0,171260
2367,7.5568,1.634,1.589,1.581,0.000,0.295,0.000,1626831,0,0,171260
2368,7.5585,1.629,1.617,1.609,0.000,0.319,0.000,1622757,0,0,171260
2369,7.5604,1.728,1.606,1.598,0.000,0.273,0.000,1720600,0,0,171260
2370,7.5624,2.139,1.633,1.626,0.000,0.289,0.000,2131771,0,0,171260
2371,7.5641,1.705,1.630,1.622,0.000,1.684,0.000,1697191,0,0,171260
2372,7.5657,1.707,1.728,1.719,0.000,0.328,0.000,1699774,0,0,171356
2373,7.5673,1.587,2.139,2.131,0.000,0.301,0.000,1580781,0,0,171260
2374,7.5699,1.586,1.704,1.696,0.000,0.275,0.000,1579466,0,0,171260
2375,7.5716,2.612,1.706,1.699,0.000,0.290,0.000,2605255,0,0,171260
2376,7.5733,1.745,1.587,1.580,0.000,0.248,0.000,1737741,0,0,171260
2377,7.5751,1.725,1.586,1.578,0.000,0.417,0.000,1717889,0,0,171260
2378,7.5767,1.732,2.612,2.604,0.000,0.300,0.000,1725550,0,0,171260
2379,7.5784,1.657,1.745,1.736,0.000,0.289,0.000,1649586,0,0,171260
2380,7.5802,1.707,1.725,1.717,0.000,0.657,0.000,1699994,0,0,171260
2381,7.5819,1.812,1.733,1.724,0.000,0.343,0.000,1805915,0,0,171260
2382,7.5836,1.697,1.657,1.648,0.000,0.316,0.000,1689412,0,0,171260
2383,7.5853,1.658,1.707,1.699,0.000,0.403,0.000,1651009,0,0,171260
2384,7.5870,1.690,1.813,1.805,0.000,0.686,0.000,1682700,0,0,171260
2385,7.5887,1.757,1.696,1.688,0.000,0.628,0.000,1750428,0,0,171260
2386,7.5904,1.674,1.658,1.650,0.000,0.615,0.000,1667961,0,0,171260
2387,7.5920,1.644,1.689,1.682,0.000,0.619,0.000,1637623,0,0,171260
2388,7.5947,1.639,1.757,1.749,0.000,0.629,0.000,1631878,0,0,171260
2389,7.5967,2.680,1.675,1.667,0.000,0.363,0.000,2673180,0,0,171260
2390,7.5990,2.419,1.644,1.636,0.000,0.620,0.000,2412761,0,0,171260
2391,7.6008,1.940,1.638,1.631,0.000,0.519,0.000,1929611,0,0,171260
2392,7.6024,1.696,2.680,2.672,0.000,0.637,0.000,1689719,0,0,171260
2393,7.6040,1.582,2.423,2.412,0.000,0.623,0.000,1575389,0,0,171260
2394,7.6057,1.675,1.936,1.928,0.000,0.614,0.000,1668973,0,0,171260
2395,7.6073,1.616,1.696,1.688,0.000,0.654,0.000,1609920,0,0,171260
2396,7.6090,1.685,1.582,1.574,0.000,0.524,0.000,1679013,0,0,171260
2397,7.6106,1.665,1.675,1.668,0.000,0.370,0.000,1658720,0,0,171260
2398,7.6122,1.612,1.616,1.609,0.000,0.591,0.000,1605476,0,0,171260
2399,7.6139,1.622,1.685,1.678,0.000,0.617,0.000,1614561,0,0,171260
2400,7.6156,1.671,1.665,1.658,0.000,0.556,0.000,1664156,0,0,171260
2401,7.6176,1.841,1.613,1.604,0.000,0.598,0.000,1835092,0,0,190111
2402,7.6206,2.000,1.621,1.613,0.000,0.650,0.000,1991333,0,0,171356
2403,7.6226,3.086,1.670,1.663,0.000,0.762,0.000,3078209,0,0,171260
2404,7.6245,1.946,1.843,1.834,0.000,0.343,0.000,1935170,0,0,171260
2405,7.6263,1.868,1.999,1.990,0.000,0.472,0.000,1860940,0,0,171260
2406,7.6281,1.795,3.089,3.077,0.000,0.699,0.000,1787839,0,0,171260
2407,7.6298,1.716,1.943,1.934,0.000,0.660,0.000,1709706,0,0,171260
2408,7.6315,1.667,1.868,1.860,0.000,0.641,0.000,1659375,0,0,171260
2409,7.6332,1.689,1.795,1.787,0.000,0.354,0.000,1681772,0,0,171260
2410,7.6349,1.752,1.717,1.708,0.000,0.286,0.000,1745034,0,0,171820
2411,7.6366,1.676,1.667,1.658,0.000,0.270,0.000,1669117,0,0,171316
2412,7.6383,1.710,1.688,1.680,0.000,0.348,0.000,1703247,0,0,171260
2413,7.6401,1.687,1.752,1.744,0.000,0.286,0.000,1680241,0,0,171260
2414,7.6419,1.818,1.676,1.668,0.000,0.283,0.000,1810987,0,0,171260
2415,7.6439,1.989,1.710,1.702,0.000,0.418,0.000,1981399,0,0,171260
2416,7.6467,1.873,1.688,1.679,0.000,0.318,0.000,1865094,0,0,171260
2417,7.6487,2.875,1.819,1.810,0.000,0.391,0.000,2866714,0,0,171260
2418,7.6504,1.852,1.989,1.980,0.000,0.348,0.000,1843890,0,0,171260
2419,7.6521,1.726,1.873,1.864,0.000,0.313,0.000,1717832,0,0,171260
2420,7.6539,1.702,2.875,2.865,0.000,0.727,0.000,1695272,0,0,171260
2421,7.6558,1.851,1.851,1.843,0.000,0.336,0.000,1844004,0,0,171260
2422,7.6577,1.931,1.725,1.717,0.000,0.299,0.000,1923293,0,0,171260
2423,7.6597,1.836,1.702,1.694,0.000,0.528,0.000,1828795,0,0,171260
2424,7.6616,2.034,1.852,1.843,0.000,0.715,0.000,2026546,0,0,171260
2425,7.6635,1.884,1.930,1.922,0.000,0.390,0.000,1876198,0,0,171260
2426,7.6654,1.904,1.836,1.828,0.000,0.343,0.000,1895830,0,0,171260
2427,7.6672,1.861,2.035,2.025,0.000,0.434,0.000,1852456,0,0,171260
2428,7.6691,1.858,1.884,1.875,0.000,0.706,0.000,1850943,0,0,171260
2429,7.6709,1.844,1.904,1.895,0.000,0.352,0.000,1836543,0,0,171260
2430,7.6738,1.846,1.860,1.851,0.000,0.360,0.000,1838078,0,0,171260
2431,7.6759,3.021,1.859,1.850,0.000,0.361,0.000,3013886,0,0,171260
2432,7.6778,1.966,1.844,1.835,0.000,0.387,0.000,1958590,0,0,171356
2433,7.6800,2.035,1.846,1.837,0.000,0.393,0.000,2027922,0,0,171260
2434,7.6821,2.226,3.022,3.013,0.000,0.730,0.000,2216715,0,0,171260
2435,7.6845,2.074,1.966,1.957,0.000,0.530,0.000,2063946,0,0,171260
2436,7.6869,2.483,2.038,2.027,0.000,0.520,0.000,2473928,0,0,171260
2437,7.6891,2.339,2.227,2.215,0.000,0.387,0.000,2328823,0,0,171260
2438,7.6912,2.205,2.073,2.063,0.000,0.533,0.000,2193320,0,0,171260
2439,7.6934,2.113,2.484,2.473,0.000,0.536,0.000,2103463,0,0,171260
2440,7.6953,2.014,2.340,2.327,0.000,0.506,0.000,2002759,0,0,171260
2441,7.6973,2.000,2.203,2.192,0.000,0.503,0.000,1992972,0,0,171260
2442,7.6995,2.004,2.114,2.102,0.000,0.383,0.000,1994163,0,0,171260
2443,7.7018,2.366,2.010,2.001,0.000,0.679,0.000,2358316,0,0,171260
2444,7.7112,2.228,2.003,1.992,0.000,0.358,0.000,2219017,0,0,171260
2445,7.7135,9.524,2.002,1.993,0.000,0.441,0.000,9514879,0,0,171260
2446,7.7155,2.089,2.368,2.357,0.000,0.436,0.000,2078231,0,0,171260
2447,7.7174,1.931,2.228,2.218,0.000,0.430,0.000,1920835,0,0,171260
2448,7.7193,1.922,9.526,9.514,0.000,0.344,0.000,1913633,0,0,171260
2449,7.7215,1.896,2.088,2.077,0.000,0.359,0.000,1887723,0,0,171260
2450,7.7236,2.301,1.929,1.920,0.000,0.525,0.000,2293460,0,0,171260
2451,7.7256,2.059,1.921,1.913,0.000,0.379,0.000,2048956,0,0,171260
2452,7.7277,2.054,1.896,1.886,0.000,0.540,0.000,2045636,0,0,171260
2453,7.7298,2.037,2.303,2.292,0.000,0.598,0.000,2028246,0,0,171260
2454,7.7318,2.032,2.058,2.048,0.000,0.778,0.000,2023302,0,0,171260
2455,7.7337,1.956,2.054,2.044,0.000,0.779,0.000,1948810,0,0,171260
2456,7.7355,1.870,2.036,2.027,0.000,0.739,0.000,1861756,0,0,171260
2457,7.7373,1.798,2.031,2.022,0.000,0.677,0.000,1790243,0,0,171260
2458,7.7402,1.833,1.957,1.947,0.000,0.654,0.000,1825508,0,0,171260
2459,7.7422,2.910,1.869,1.860,0.000,0.357,0.000,2903012,0,0,171260
2460,7.7439,1.932,1.797,1.789,0.000,0.278,0.000,1922268,0,0,171260
2461,7.7457,1.773,1.833,1.824,0.000,0.596,0.000,1765683,0,0,171260
2462,7.7475,1.780,2.912,2.901,0.000,0.663,0.000,1773563,0,0,171356
2463,7.7492,1.721,1.930,1.921,0.000,0.684,0.000,1714224,0,0,171260
2464,7.7509,1.737,1.773,1.764,0.000,0.365,0.000,1730144,0,0,171260
2465,7.7526,1.658,1.781,1.772,0.000,0.648,0.000,1651537,0,0,171260
2466,7.7541,1.637,1.721,1.713,0.000,0.634,0.000,1630642,0,0,171260
2467,7.7558,1.605,1.737,1.729,0.000,0.618,0.000,1597854,0,0,171260
2468,7.7575,1.640,1.658,1.650,0.000,0.528,0.000,1633655,0,0,171260
2469,7.7592,1.715,1.637,1.630,0.000,0.321,0.000,1707786,0,0,171260
2470,7.7610,1.745,1.605,1.597,0.000,0.318,0.000,1738179,0,0,171260
2471,7.7628,1.836,1.641,1.633,0.000,0.463,0.000,1828965,0,0,171260
2472,7.7654,1.682,1.715,1.706,0.000,0.300,0.000,1673752,0,0,171260
2473,7.7673,2.779,1.745,1.737,0.000,0.273,0.000,2772601,0,0,171260
2474,7.7691,1.853,1.837,1.828,0.000,0.343,0.000,1845108,0,0,171260
2475,7.7708,1.742,1.680,1.672,0.000,0.652,0.000,1735014,0,0,171260
2476,7.7725,1.680,2.780,2.772,0.000,0.484,0.000,1673007,0,0,171260
2477,7.7741,1.671,1.853,1.844,0.000,0.264,0.000,1664672,0,0,171260
2478,7.7758,1.668,1.742,1.734,0.000,0.267,0.000,1660525,0,0,171260
2479,7.7775,1.649,1.680,1.672,0.000,0.250,0.000,1647026,0,0,171260
2480,7.7791,1.643,1.672,1.663,0.000,0.247,0.000,1631079,0,0,171260
2481,7.7809,1.651,1.668,1.659,0.000,0.647,0.000,1643782,0,0,171820
2482,7.7827,1.845,1.655,1.646,0.000,0.602,0.000,1839322,0,0,171316
2483,7.7845,1.843,1.638,1.630,0.000,0.586,0.000,1834910,0,0,171260
2484,7.7863,1.814,1.650,1.643,0.000,0.418,0.000,1806263,0,0,171260
2485,7.7881,1.810,1.847,1.838,0.000,0.357,0.000,1802078,0,0,171260
2486,7.7929,1.731,1.842,1.834,0.000,0.658,0.000,1723752,0,0,171260
2487,7.7953,5.124,1.814,1.805,0.000,0.343,0.000,5116456,0,0,171260
2488,7.7979,2.883,1.809,1.801,0.000,0.274,0.000,2873732,0,0,171260
2489,7.7998,1.822,1.731,1.722,0.000,0.727,0.000,1812494,0,0,171260
2490,7.8014,1.852,5.126,5.115,0.000,0.352,0.000,1844558,0,0,171260
2491,7.8031,1.609,2.883,2.872,0.000,0.293,0.000,1601572,0,0,171260
2492,7.8046,1.628,1.819,1.810,0.000,0.278,0.000,1620957,0,0,171356
2493,7.8063,1.572,1.852,1.843,0.000,0.256,0.000,1565470,0,0,171260
2494,7.8080,1.732,1.608,1.600,0.000,0.253,0.000,1725261,0,0,171260
2495,7.8098,1.753,1.628,1.620,0.000,0.314,0.000,1744108,0,0,171260
2496,7.8116,1.685,1.572,1.564,0.000,0.501,0.000,1678043,0,0,171260
2497,7.8134,1.886,1.735,1.724,0.000,0.331,0.000,1869110,0,0,171260
2498,7.8152,1.800,1.751,1.743,0.000,0.476,0.000,1791864,0,0,171260
2499,7.8170,1.786,1.695,1.677,0.000,0.352,0.000,1779037,0,0,171260
2500,7.8188,1.840,1.877,1.868,0.000,0.312,0.000,1832762,0,0,171260
2501,7.8216,1.718,1.799,1.791,0.000,0.329,0.000,1710565,0,0,171260
2502,7.8233,2.791,1.786,1.778,0.000,0.320,0.000,2784200,0,0,171260
2503,7.8250,1.741,1.841,1.832,0.000,0.658,0.000,1733984,0,0,171260
2504,7.8267,1.675,1.718,1.709,0.000,0.354,0.000,1668513,0,0,171260
2505,7.8283,1.610,2.791,2.783,0.000,0.271,0.000,1602608,0,0,171260
2506,7.8299,1.642,1.741,1.733,0.000,0.353,0.000,1635387,0,0,171260
2507,7.8316,1.622,1.675,1.667,0.000,0.312,0.000,1615450,0,0,171260
2508,7.8331,1.606,1.609,1.601,0.000,0.314,0.000,1599192,0,0,171260
2509,7.8347,1.598,1.642,1.634,0.000,0.396,0.000,1591564,0,0,171260
2510,7.8363,1.612,1.622,1.614,0.000,0.601,0.000,1605692,0,0,171260
2511,7.8379,1.602,1.605,1.598,0.000,0.290,0.000,1595331,0,0,171260
2512,7.8397,1.614,1.598,1.590,0.000,0.629,0.000,1607104,0,0,171260
2513,7.8413,1.720,1.613,1.605,0.000,0.341,0.000,1713932,0,0,171260
2514,7.8429,1.620,1.602,1.594,0.000,0.609,0.000,1613647,0,0,171260
2515,7.8454,1.586,1.614,1.606,0.000,0.339,0.000,1579912,0,0,171260
2516,7.8471,2.597,1.721,1.713,0.000,0.608,0.000,2590402,0,0,171260
2517,7.8489,1.751,1.620,1.612,0.000,0.280,0.000,1743815,0,0,171260
2518,7.8506,1.696,1.586,1.579,0.000,0.651,0.000,1688987,0,0,171260
2519,7.8522,1.665,2.598,2.589,0.000,0.347,0.000,1658335,0,0,171260
2520,7.8538,1.641,1.751,1.743,0.000,0.668,0.000,1634616,0,0,171260
2521,7.8556,1.717,1.696,1.688,0.000,0.630,0.000,1710394,0,0,190111
2522,7.8572,1.662,1.665,1.657,0.000,0.598,0.000,1654682,0,0,171356
2523,7.8588,1.605,1.641,1.633,0.000,0.602,0.000,1598493,0,0,171260
2524,7.8605,1.572,1.717,1.709,0.000,0.346,0.000,1565935,0,0,171260
2525,7.8620,1.669,1.662,1.654,0.000,0.266,0.000,1662518,0,0,171260
2526,7.8637,1.583,1.605,1.597,0.000,0.271,0.000,1575291,0,0,171260
2527,7.8655,1.784,1.573,1.565,0.000,0.244,0.000,1777366,0,0,171260
2528,7.8673,1.792,1.670,1.661,0.000,0.256,0.000,1783880,0,0,171260
2529,7.8701,1.778,1.582,1.574,0.000,0.355,0.000,1770832,0,0,171260
2530,7.8721,2.941,1.785,1.776,0.000,0.401,0.000,2933252,0,0,171260
2531,7.8739,1.902,1.791,1.782,0.000,0.286,0.000,1893358,0,0,171260
2532,7.8757,1.796,1.778,1.770,0.000,0.519,0.000,1788211,0,0,171260
2533,7.8774,1.732,2.941,2.932,0.000,0.532,0.000,1724810,0,0,171260
2534,7.8791,1.674,1.901,1.892,0.000,0.395,0.000,1666918,0,0,171260
2535,7.8809,1.725,1.795,1.787,0.000,0.472,0.000,1718757,0,0,171260
2536,7.8828,1.900,1.732,1.724,0.000,0.455,0.000,1893102,0,0,171260
2537,7.8846,1.842,1.674,1.666,0.000,0.690,0.000,1834931,0,0,171260
2538,7.8863,1.773,1.726,1.718,0.000,0.427,0.000,1765415,0,0,171260
2539,7.8880,1.714,1.901,1.892,0.000,0.360,0.000,1706608,0,0,171260
2540,7.8898,1.690,1.842,1.834,0.000,0.647,0.000,1683242,0,0,171260
2541,7.8917,1.869,1.773,1.764,0.000,0.337,0.000,1862694,0,0,171260
2542,7.8935,1.813,1.713,1.705,0.000,0.400,0.000,1806314,0,0,171260
2543,7.8965,2.900,1.690,1.682,0.000,0.492,0.000,2892964,0,0,171260
2544,7.8983,1.915,1.870,1.862,0.000,0.397,0.000,1907385,0,0,171260
2545,7.9002,1.769,1.814,1.805,0.000,0.366,0.000,1761811,0,0,171260
2546,7.9019,1.868,2.901,2.892,0.000,0.701,0.000,1861020,0,0,171260
2547,7.9036,1.727,1.915,1.906,0.000,0.306,0.000,1719583,0,0,171260
2548,7.9053,1.705,1.769,1.761,0.000,0.337,0.000,1697420,0,0,171260
2549,7.9070,1.667,1.868,1.860,0.000,0.305,0.000,1660060,0,0,171260
2550,7.9087,1.728,1.727,1.719,0.000,0.277,0.000,1721157,0,0,171260
2551,7.9105,1.750,1.704,1.696,0.000,0.277,0.000,1742547,0,0,171260
2552,7.9122,1.765,1.667,1.659,0.000,0.702,0.000,1758179,0,0,171356
2553,7.9140,1.737,1.728,1.720,0.000,0.662,0.000,1730142,0,0,171260
2554,7.9157,1.757,1.750,1.742,0.000,0.648,0.000,1750294,0,0,171260
2555,7.9175,1.726,1.765,1.757,0.000,0.371,0.000,1719628,0,0,171260
2556,7.9203,1.822,1.737,1.729,0.000,0.328,0.000,1814948,0,0,171260
2557,7.9225,2.958,1.757,1.749,0.000,0.353,0.000,2951111,0,0,171260
2558,7.9244,2.104,1.727,1.718,0.000,0.339,0.000,2095393,0,0,171260
2559,7.9263,1.908,1.823,1.814,0.000,0.344,0.000,1900112,0,0,171260
2560,7.9283,1.914,2.959,2.950,0.000,0.378,0.000,1906943,0,0,171260
2561,7.9302,1.936,2.103,2.094,0.000,0.413,0.000,1928220,0,0,171260
2562,7.9320,1.904,1.907,1.899,0.000,0.374,0.000,1897083,0,0,171260
2563,7.9338,1.802,1.915,1.906,0.000,0.386,0.000,1794032,0,0,171260
2564,7.9356,1.789,1.935,1.927,0.000,0.372,0.000,1781543,0,0,171260
2565,7.9376,1.851,1.905,1.896,0.000,0.704,0.000,1844337,0,0,171260
2566,7.9399,2.110,1.801,1.793,0.000,0.397,0.000,2100271,0,0,171260
2567,7.9420,2.270,1.789,1.780,0.000,0.490,0.000,2260209,0,0,171260
2568,7.9442,2.191,1.854,1.843,0.000,0.536,0.000,2181867,0,0,171260
2569,7.9463,2.106,2.110,2.099,0.000,0.446,0.000,2096106,0,0,171260
2570,7.9493,2.010,2.270,2.259,0.000,0.384,0.000,2001793,0,0,171260
2571,7.9513,3.060,2.191,2.180,0.000,0.497,0.000,3051194,0,0,171260
2572,7.9531,1.878,2.105,2.095,0.000,0.457,0.000,1869752,0,0,171260
2573,7.9548,1.735,2.011,2.001,0.000,0.380,0.000,1727675,0,0,171260
2574,7.9565,1.745,3.059,3.050,0.000,0.347,0.000,1738095,0,0,171260
2575,7.9582,1.696,1.877,1.869,0.000,0.352,0.000,1689169,0,0,171260
2576,7.9601,1.740,1.735,1.726,0.000,0.722,0.000,1732965,0,0,171260
2577,7.9618,1.837,1.745,1.737,0.000,0.364,0.000,1829730,0,0,171260
2578,7.9636,1.748,1.696,1.688,0.000,0.333,0.000,1740400,0,0,171260
2579,7.9656,1.772,1.740,1.732,0.000,0.677,0.000,1765456,0,0,171260
2580,7.9674,2.020,1.837,1.828,0.000,0.550,0.000,2013343,0,0,171260
2581,7.9694,1.873,1.747,1.739,0.000,0.572,0.000,1865595,0,0,171260
2582,7.9713,1.977,1.772,1.764,0.000,0.372,0.000,1969839,0,0,171916
2583,7.9731,1.823,2.021,2.012,0.000,0.367,0.000,1815408,0,0,171316
2584,7.9761,1.879,1.873,1.864,0.000,0.331,0.000,1871972,0,0,171260
2585,7.9781,3.059,1.977,1.969,0.000,0.321,0.000,3051490,0,0,171260
2586,7.9800,1.925,1.823,1.814,0.000,0.431,0.000,1916697,0,0,171260
2587,7.9819,1.929,1.880,1.871,0.000,0.359,0.000,1921653,0,0,171260
2588,7.9839,1.886,3.060,3.050,0.000,0.365,0.000,1878535,0,0,171260
2589,7.9860,2.141,1.924,1.915,0.000,0.374,0.000,2132640,0,0,171260
2590,7.9881,2.057,1.929,1.920,0.000,0.420,0.000,2048543,0,0,171260
2591,7.9901,2.032,1.888,1.877,0.000,0.402,0.000,2022973,0,0,171260
2592,7.9921,2.033,2.141,2.131,0.000,0.381,0.000,2024841,0,0,171260
2593,7.9941,1.998,2.057,2.047,0.000,0.419,0.000,1989072,0,0,171260
2594,7.9961,2.038,2.031,2.022,0.000,0.387,0.000,2030124,0,0,171260
2595,7.9981,2.018,2.034,2.024,0.000,0.406,0.000,2008681,0,0,171260
2596,8.0002,1.931,1.997,1.988,0.000,0.390,0.000,1923282,0,0,171260
2597,8.0021,2.059,2.039,2.029,0.000,0.337,0.000,2051045,0,0,171260
2598,8.0051,1.921,2.017,2.007,0.000,0.488,0.000,1912531,0,0,171260
2599,8.0071,3.056,1.931,1.922,0.000,0.352,0.000,3048786,0,0,171260
2600,8.0090,1.933,2.060,2.050,0.000,0.360,0.000,1924887,0,0,171260
2601,8.0109,1.904,1.920,1.911,0.000,0.361,0.000,1896238,0,0,171260
2602,8.0128,1.938,3.057,3.048,0.000,0.377,0.000,1930640,0,0,171260
2603,8.0147,1.847,1.933,1.923,0.000,0.402,0.000,1839362,0,0,171260
2604,8.0164,1.780,1.904,1.895,0.000,0.375,0.000,1772586,0,0,171260
2605,8.0182,1.787,1.938,1.929,0.000,0.328,0.000,1779405,0,0,171260
2606,8.0201,1.738,1.847,1.838,0.000,0.351,0.000,1730925,0,0,171260
2607,8.0219,1.916,1.780,1.771,0.000,0.311,0.000,1908316,0,0,171260
2608,8.0236,1.758,1.786,1.778,0.000,0.327,0.000,1749992,0,0,171260
2609,8.0256,1.770,1.738,1.730,0.000,0.727,0.000,1763723,0,0,171260
2610,8.0274,2.023,1.916,1.907,0.000,0.689,0.000,2013806,0,0,171260
2611,8.0292,1.792,1.757,1.749,0.000,0.639,0.000,1783871,0,0,171260
2612,8.0320,1.784,1.773,1.763,0.000,0.711,0.000,1777006,0,0,171356
2613,8.0338,2.865,2.021,2.012,0.000,0.356,0.000,2858399,0,0,171260
2614,8.0355,1.720,1.791,1.783,0.000,0.274,0.000,1712728,0,0,171260
2615,8.0372,1.655,1.784,1.776,0.000,0.284,0.000,1648489,0,0,171260
2616,8.0388,1.660,2.866,2.857,0.000,0.277,0.000,1653272,0,0,171260
2617,8.0406,1.686,1.719,1.712,0.000,0.250,0.000,1679110,0,0,171260
2618,8.0423,1.802,1.655,1.647,0.000,0.334,0.000,1794959,0,0,171260
2619,8.0439,1.619,1.660,1.652,0.000,0.393,0.000,1611702,0,0,171260
2620,8.0455,1.646,1.686,1.678,0.000,0.283,0.000,1639186,0,0,171260
2621,8.0471,1.577,1.802,1.794,0.000,0.691,0.000,1569444,0,0,171260
2622,8.0488,1.641,1.619,1.611,0.000,0.385,0.000,1634778,0,0,171260
2623,8.0505,1.676,1.646,1.638,0.000,0.686,0.000,1670026,0,0,171260
2624,8.0521,1.609,1.576,1.568,0.000,0.410,0.000,1602983,0,0,171260
2625,8.0537,1.622,1.641,1.634,0.000,0.463,0.000,1615593,0,0,171260
2626,8.0564,2.644,1.676,1.669,0.000,0.307,0.000,2637551,0,0,171260
2627,8.0582,1.761,1.609,1.602,0.000,0.316,0.000,1753970,0,0,171260
2628,8.0601,1.783,1.622,1.615,0.000,0.612,0.000,1773927,0,0,171260
2629,8.0617,1.796,2.645,2.636,0.000,0.447,0.000,1787423,0,0,171260
2630,8.0632,1.584,1.763,1.753,0.000,0.446,0.000,1577198,0,0,171260
2631,8.0648,1.592,1.783,1.773,0.000,0.648,0.000,1585125,0,0,171260
2632,8.0665,1.580,1.794,1.786,0.000,0.542,0.000,1573513,0,0,171260
2633,8.0682,1.754,1.584,1.576,0.000,0.321,0.000,1741674,0,0,171260
2634,8.0700,1.749,1.592,1.584,0.000,0.305,0.000,1741623,0,0,171260
2635,8.0717,1.747,1.586,1.572,0.000,0.685,0.000,1739624,0,0,171260
2636,8.0734,1.725,1.749,1.741,0.000,0.387,0.000,1717861,0,0,171260
2637,8.0751,1.665,1.749,1.740,0.000,0.306,0.000,1657826,0,0,171260
2638,8.0767,1.640,1.747,1.739,0.000,0.348,0.000,1633894,0,0,171260
2639,8.0793,1.623,1.725,1.717,0.000,0.411,0.000,1616415,0,0,171260
2640,8.0812,2.668,1.664,1.657,0.000,0.300,0.000,2661342,0,0,171260
2641,8.0830,1.940,1.640,1.633,0.000,0.265,0.000,1932553,0,0,190111
2642,8.0846,1.703,1.623,1.615,0.000,0.708,0.000,1696159,0,0,171356
2643,8.0868,1.627,2.669,2.660,0.000,0.555,0.000,1620434,0,0,171260
2644,8.0886,2.310,1.940,1.932,0.000,0.310,0.000,2303848,0,0,171260
2645,8.0904,1.715,1.703,1.695,0.000,0.308,0.000,1707693,0,0,171260
2646,8.0920,1.736,1.627,1.619,0.000,0.502,0.000,1729602,0,0,171260
2647,8.0936,1.627,2.311,2.303,0.000,0.676,0.000,1620588,0,0,171260
2648,8.0952,1.555,1.714,1.707,0.000,0.656,0.000,1549290,0,0,171260
2649,8.0969,1.616,1.736,1.729,0.000,0.581,0.000,1609795,0,0,171260
2650,8.0984,1.638,1.627,1.620,0.000,0.599,0.000,1631769,0,0,171260
2651,8.1001,1.570,1.555,1.548,0.000,0.645,0.000,1563921,0,0,171260
2652,8.1017,1.706,1.617,1.609,0.000,0.355,0.000,1699759,0,0,171260
2653,8.1043,1.589,1.638,1.631,0.000,0.284,0.000,1581723,0,0,171260
2654,8.1060,2.632,1.570,1.563,0.000,0.623,0.000,2626102,0,0,171260
2655,8.1077,1.688,1.707,1.699,0.000,0.636,0.000,1681373,0,0,171260
2656,8.1093,1.634,1.588,1.581,0.000,0.410,0.000,1627184,0,0,171260
2657,8.1109,1.584,2.633,2.625,0.000,0.651,0.000,1578043,0,0,171260
2658,8.1125,1.627,1.688,1.680,0.000,0.642,0.000,1621150,0,0,171260
2659,8.1141,1.606,1.633,1.626,0.000,0.327,0.000,1599315,0,0,171260
2660,8.1157,1.622,1.584,1.577,0.000,0.631,0.000,1615947,0,0,171260
2661,8.1174,1.642,1.628,1.620,0.000,0.650,0.000,1635036,0,0,171260
2662,8.1190,1.629,1.606,1.598,0.000,0.346,0.000,1622424,0,0,171260
2663,8.1207,1.576,1.622,1.615,0.000,0.284,0.000,1570024,0,0,171260
2664,8.1223,1.778,1.642,1.634,0.000,0.267,0.000,1771801,0,0,171260
2665,8.1239,1.587,1.629,1.621,0.000,0.424,0.000,1580393,0,0,171260
2666,8.1256,1.618,1.577,1.569,0.000,0.653,0.000,1611369,0,0,171260
2667,8.1282,1.634,1.778,1.771,0.000,0.644,0.000,1627226,0,0,171260
2668,8.1301,2.830,1.586,1.579,0.000,0.419,0.000,2823150,0,0,171260
2669,8.1318,1.769,1.618,1.610,0.000,0.284,0.000,1761254,0,0,171260
2670,8.1334,1.616,1.634,1.626,0.000,0.602,0.000,1608226,0,0,171260
2671,8.1350,1.579,2.831,2.822,0.000,0.487,0.000,1572435,0,0,171260
2672,8.1366,1.646,1.768,1.760,0.000,0.459,0.000,1638974,0,0,171356
2673,8.1382,1.583,1.615,1.607,0.000,0.364,0.000,1575822,0,0,171260
2674,8.1399,1.596,1.579,1.571,0.000,0.430,0.000,1589269,0,0,171260
2675,8.1415,1.730,1.646,1.638,0.000,0.294,0.000,1723364,0,0,171260
2676,8.1431,1.606,1.582,1.575,0.000,0.439,0.000,1599549,0,0,171260
2677,8.1447,1.570,1.596,1.588,0.000,0.448,0.000,1564232,0,0,171260
2678,8.1463,1.554,1.730,1.722,0.000,0.436,0.000,1547826,0,0,171260
2679,8.1479,1.618,1.606,1.598,0.000,0.422,0.000,1611488,0,0,171260
2680,8.1494,1.558,1.570,1.563,0.000,0.456,0.000,1551264,0,0,171260
2681,8.1520,1.586,1.554,1.547,0.000,0.626,0.000,1579059,0,0,171260
2682,8.1538,2.732,1.618,1.610,0.000,0.659,0.000,2725862,0,0,171260
2683,8.1555,1.735,1.558,1.550,0.000,0.344,0.000,1727465,0,0,171260
2684,8.1571,1.607,1.585,1.578,0.000,0.343,0.000,1600907,0,0,171260
2685,8.1587,1.623,2.733,2.725,0.000,0.303,0.000,1616528,0,0,171260
2686,8.1604,1.594,1.734,1.726,0.000,0.289,0.000,1586774,0,0,171260
2687,8.1620,1.710,1.607,1.600,0.000,0.340,0.000,1703539,0,0,171260
2688,8.1636,1.617,1.623,1.615,0.000,0.299,0.000,1610621,0,0,171260
2689,8.1652,1.569,1.593,1.586,0.000,0.284,0.000,1561629,0,0,171260
2690,8.1668,1.598,1.710,1.702,0.000,0.274,0.000,1591725,0,0,171260
2691,8.1683,1.561,1.617,1.610,0.000,0.253,0.000,1554395,0,0,171260
2692,8.1700,1.596,1.568,1.561,0.000,0.254,0.000,1589462,0,0,171260
2693,8.1718,1.772,1.598,1.591,0.000,0.268,0.000,1765723,0,0,171260
2694,8.1734,1.679,1.561,1.553,0.000,0.647,0.000,1672038,0,0,171260
2695,8.1760,1.652,1.596,1.588,0.000,0.362,0.000,1645384,0,0,171260
2696,8.1777,2.637,1.773,1.765,0.000,0.294,0.000,2629985,0,0,171260
2697,8.1795,1.650,1.678,1.671,0.000,0.260,0.000,1643276,0,0,171260
2698,8.1811,1.740,1.652,1.644,0.000,0.266,0.000,1733568,0,0,171260
2699,8.1827,1.643,2.637,2.629,0.000,0.248,0.000,1635205,0,0,171260
2700,8.1843,1.588,1.650,1.642,0.000,0.605,0.000,1581113,0,0,171260
2701,8.1860,1.592,1.741,1.732,0.000,0.314,0.000,1585289,0,0,171260
2702,8.1876,1.659,1.642,1.634,0.000,0.277,0.000,1652024,0,0,171356
2703,8.1892,1.565,1.588,1.580,0.000,0.287,0.000,1558520,0,0,171260
2704,8.1909,1.701,1.592,1.584,0.000,0.297,0.000,1694283,0,0,171260
2705,8.1925,1.625,1.658,1.651,0.000,0.245,0.000,1618017,0,0,171260
2706,8.1941,1.620,1.566,1.557,0.000,0.318,0.000,1613312,0,0,171260
2707,8.1957,1.642,1.701,1.693,0.000,0.627,0.000,1636178,0,0,171260
2708,8.1974,1.638,1.625,1.617,0.000,0.644,0.000,1631943,0,0,171260
2709,8.2001,1.713,1.620,1.612,0.000,0.624,0.000,1706097,0,0,171260
2710,8.2021,2.784,1.643,1.635,0.000,0.646,0.000,2777535,0,0,171260
2711,8.2040,1.958,1.638,1.631,0.000,0.350,0.000,1950920,0,0,171260
2712,8.2057,1.836,1.713,1.705,0.000,0.341,0.000,1828112,0,0,171260
2713,8.2084,2.107,2.785,2.776,0.000,0.296,0.000,2099683,0,0,171260
2714,8.2102,2.362,1.959,1.950,0.000,0.279,0.000,2351059,0,0,171260
2715,8.2118,1.676,1.835,1.827,0.000,0.309,0.000,1669955,0,0,171260
2716,8.2134,1.610,2.110,2.098,0.000,0.336,0.000,1602769,0,0,171260
2717,8.2150,1.600,2.358,2.350,0.000,0.626,0.000,1593255,0,0,171260
2718,8.2167,1.668,1.676,1.669,0.000,0.665,0.000,1662024,0,0,171260
2719,8.2183,1.632,1.609,1.602,0.000,0.345,0.000,1624981,0,0,171260
2720,8.2201,1.636,1.600,1.592,0.000,0.283,0.000,1629815,0,0,171260
2721,8.2217,1.728,1.669,1.661,0.000,0.278,0.000,1721848,0,0,171260
2722,8.2233,1.626,1.631,1.624,0.000,0.274,0.000,1619441,0,0,171260
2723,8.2259,1.606,1.636,1.629,0.000,0.299,0.000,1599401,0,0,171260
2724,8.2275,2.625,1.728,1.721,0.000,0.647,0.000,2619094,0,0,171260
2725,8.2293,1.666,1.626,1.618,0.000,0.360,0.000,1659393,0,0,171260
2726,8.2309,1.708,1.606,1.598,0.000,0.289,0.000,1699741,0,0,171260
2727,8.2325,1.644,2.626,2.618,0.000,0.447,0.000,1637823,0,0,171260
2728,8.2341,1.560,1.668,1.658,0.000,0.340,0.000,1552897,0,0,171260
2729,8.2357,1.591,1.706,1.699,0.000,0.412,0.000,1584418,0,0,171260
2730,8.2373,1.623,1.645,1.637,0.000,0.614,0.000,1616112,0,0,171260
2731,8.2389,1.570,1.559,1.552,0.000,0.607,0.000,1563745,0,0,171260
2732,8.2406,1.592,1.591,1.583,0.000,0.315,0.000,1586001,0,0,171356
2733,8.2421,1.678,1.622,1.615,0.000,0.252,0.000,1671394,0,0,171260
2734,8.2437,1.565,1.569,1.563,0.000,0.255,0.000,1557577,0,0,171260
2735,8.2453,1.580,1.593,1.585,0.000,0.648,0.000,1573998,0,0,171260
2736,8.2469,1.564,1.679,1.670,0.000,0.332,0.000,1557240,0,0,171260
2737,8.2495,1.600,1.564,1.557,0.000,0.260,0.000,1594133,0,0,171260
2738,8.2515,2.854,1.581,1.573,0.000,0.262,0.000,2847565,0,0,171260
2739,8.2533,1.874,1.564,1.556,0.000,0.573,0.000,1866266,0,0,171260
2740,8.2550,1.775,1.600,1.593,0.000,0.367,0.000,1767700,0,0,171260
2741,8.2568,1.729,2.856,2.847,0.000,0.375,0.000,1721896,0,0,171260
2742,8.2585,1.712,1.873,1.865,0.000,0.350,0.000,1704788,0,0,171260
2743,8.2604,1.747,1.775,1.766,0.000,0.309,0.000,1739851,0,0,171260
2744,8.2622,1.944,1.729,1.721,0.000,0.314,0.000,1937802,0,0,171260
2745,8.2640,1.760,1.712,1.704,0.000,0.340,0.000,1751580,0,0,171260
2746,8.2657,1.736,1.746,1.739,0.000,0.414,0.000,1728909,0,0,171260
2747,8.2674,1.732,1.946,1.937,0.000,0.329,0.000,1724960,0,0,171260
2748,8.2694,1.857,1.759,1.750,0.000,0.348,0.000,1850240,0,0,171260
2749,8.2719,2.338,1.736,1.728,0.000,0.312,0.000,2330965,0,0,171260
2750,8.2742,2.391,1.732,1.724,0.000,0.419,0.000,2379719,0,0,171260
2751,8.2773,2.192,1.858,1.849,0.000,0.593,0.000,2182526,0,0,171260
2752,8.2798,3.147,2.342,2.330,0.000,0.416,0.000,3138693,0,0,171260
2753,8.2819,2.387,2.389,2.378,0.000,0.328,0.000,2377287,0,0,171260
2754,8.2839,2.110,2.191,2.181,0.000,0.436,0.000,2101846,0,0,171820
2755,8.2858,1.949,3.148,3.137,0.000,0.405,0.000,1941004,0,0,171316
2756,8.2877,1.842,2.385,2.376,0.000,0.361,0.000,1834313,0,0,171260
2757,8.2897,1.954,2.110,2.101,0.000,0.308,0.000,1946564,0,0,171260
2758,8.2916,1.922,1.949,1.940,0.000,0.424,0.000,1912542,0,0,171260
2759,8.2935,1.880,1.842,1.833,0.000,0.690,0.000,1865610,0,0,171260
2760,8.2954,1.901,1.956,1.945,0.000,0.661,0.000,1893755,0,0,171260
2761,8.2974,1.995,1.927,1.911,0.000,0.394,0.000,1987002,0,0,190111
2762,8.2993,1.958,1.873,1.864,0.000,0.359,0.000,1950168,0,0,171356
2763,8.3013,1.909,1.901,1.892,0.000,0.364,0.000,1901531,0,0,171260
2764,8.3031,1.967,1.995,1.986,0.000,0.317,0.000,1957136,0,0,171260
2765,8.3073,1.711,1.958,1.949,0.000,0.501,0.000,1703485,0,0,171260
2766,8.3102,5.055,1.911,1.900,0.000,0.335,0.000,5048642,0,0,171260
2767,8.3130,2.981,1.965,1.956,0.000,0.683,0.000,2972020,0,0,171260
2768,8.3148,1.966,1.711,1.702,0.000,0.359,0.000,1955893,0,0,171260
2769,8.3166,1.767,5.059,5.047,0.000,0.376,0.000,1759242,0,0,171260
2770,8.3183,1.713,2.981,2.970,0.000,0.361,0.000,1706380,0,0,171260
2771,8.3201,1.729,1.962,1.954,0.000,0.432,0.000,1722262,0,0,171260
2772,8.3218,1.806,1.766,1.758,0.000,0.312,0.000,1799092,0,0,171260
2773,8.3235,1.712,1.713,1.705,0.000,0.281,0.000,1704387,0,0,171260
2774,8.3254,1.924,1.729,1.721,0.000,0.314,0.000,1917237,0,0,171260
2775,8.3271,1.658,1.806,1.798,0.000,0.298,0.000,1650578,0,0,171260
2776,8.3287,1.671,1.711,1.703,0.000,0.336,0.000,1663937,0,0,171260
2777,8.3304,1.638,1.924,1.916,0.000,0.337,0.000,1631280,0,0,171260
2778,8.3321,1.731,1.658,1.649,0.000,0.624,0.000,1724010,0,0,171820
2779,8.3345,1.850,1.671,1.663,0.000,0.297,0.000,1843010,0,0,171316
2780,8.3377,2.396,1.638,1.630,0.000,0.610,0.000,2387810,0,0,171260
2781,8.3396,3.014,1.731,1.723,0.000,0.307,0.000,3004802,0,0,171260
2782,8.3414,1.956,1.851,1.842,0.000,0.665,0.000,1948762,0,0,171260
2783,8.3431,1.718,2.396,2.386,0.000,0.295,0.000,1710609,0,0,171260
2784,8.3447,1.673,3.012,3.003,0.000,0.339,0.000,1666242,0,0,171260
2785,8.3465,1.700,1.956,1.948,0.000,0.316,0.000,1693324,0,0,171260
2786,8.3482,1.760,1.717,1.709,0.000,0.335,0.000,1751990,0,0,171260
2787,8.3499,1.710,1.673,1.665,0.000,0.587,0.000,1702474,0,0,171260
2788,8.3516,1.716,1.701,1.692,0.000,0.289,0.000,1708292,0,0,171260
2789,8.3533,1.672,1.759,1.751,0.000,0.369,0.000,1665215,0,0,171260
2790,8.3550,1.713,1.710,1.701,0.000,0.314,0.000,1706324,0,0,171260
2791,8.3568,1.732,1.715,1.707,0.000,0.285,0.000,1724570,0,0,171260
2792,8.3585,1.741,1.672,1.664,0.000,0.289,0.000,1733577,0,0,171356
2793,8.3604,1.703,1.713,1.705,0.000,0.337,0.000,1696081,0,0,171260
2794,8.3632,1.960,1.732,1.723,0.000,0.297,0.000,1952612,0,0,171260
2795,8.3652,2.914,1.741,1.732,0.000,0.358,0.000,2906631,0,0,171260
2796,8.3670,1.891,1.704,1.695,0.000,0.483,0.000,1883351,0,0,171260
2797,8.3688,1.772,1.960,1.952,0.000,0.375,0.000,1764314,0,0,171260
2798,8.3706,1.796,2.914,2.906,0.000,0.305,0.000,1789440,0,0,171260
2799,8.3723,1.759,1.890,1.882,0.000,0.340,0.000,1751861,0,0,171260
2800,8.3741,1.771,1.771,1.763,0.000,0.422,0.000,1764180,0,0,171260
2801,8.3759,1.784,1.797,1.788,0.000,0.301,0.000,1776643,0,0,171260
2802,8.3777,1.837,1.759,1.751,0.000,0.353,0.000,1829598,0,0,171260
2803,8.3799,1.761,1.772,1.763,0.000,0.318,0.000,1753403,0,0,171260
2804,8.3817,2.197,1.784,1.775,0.000,0.498,0.000,2189371,0,0,171260
2805,8.3835,1.788,1.837,1.828,0.000,0.452,0.000,1779415,0,0,171260
2806,8.3852,1.797,1.761,1.752,0.000,0.415,0.000,1789982,0,0,171260
2807,8.3870,1.756,2.198,2.188,0.000,0.729,0.000,1748687,0,0,171260
2808,8.3899,1.766,1.786,1.778,0.000,0.355,0.000,1759585,0,0,171260
2809,8.3918,2.938,1.797,1.789,0.000,0.330,0.000,2931587,0,0,171260
2810,8.3935,1.857,1.755,1.747,0.000,0.322,0.000,1849753,0,0,171260
2811,8.3953,1.711,1.766,1.758,0.000,0.358,0.000,1703794,0,0,171260
2812,8.3971,1.764,2.939,2.930,0.000,0.293,0.000,1757285,0,0,171260
2813,8.3991,1.884,1.857,1.849,0.000,0.702,0.000,1876704,0,0,171260
2814,8.4011,2.005,1.710,1.703,0.000,0.647,0.000,1996675,0,0,171260
2815,8.4029,1.990,1.765,1.756,0.000,0.484,0.000,1980485,0,0,171260
2816,8.4047,1.779,1.886,1.875,0.000,0.471,0.000,1771352,0,0,171260
2817,8.4066,1.838,2.006,1.995,0.000,0.679,0.000,1831768,0,0,171260
2818,8.4084,1.836,1.988,1.979,0.000,0.417,0.000,1828791,0,0,171260
2819,8.4101,1.748,1.778,1.770,0.000,0.355,0.000,1740746,0,0,171260
2820,8.4120,1.840,1.839,1.831,0.000,0.340,0.000,1833035,0,0,171260
2821,8.4138,1.805,1.836,1.828,0.000,0.614,0.000,1797292,0,0,171260
2822,8.4167,2.863,1.748,1.739,0.000,0.362,0.000,2855885,0,0,171356
2823,8.4185,1.862,1.841,1.832,0.000,0.294,0.000,1854233,0,0,171260
2824,8.4211,1.762,1.805,1.796,0.000,0.610,0.000,1754184,0,0,171260
2825,8.4229,2.660,2.863,2.855,0.000,0.329,0.000,2652689,0,0,171260
2826,8.4247,1.750,1.862,1.853,0.000,0.535,0.000,1743340,0,0,171260
2827,8.4266,1.871,1.761,1.753,0.000,0.290,0.000,1863972,0,0,171260
2828,8.4284,1.826,2.660,2.652,0.000,0.289,0.000,1818300,0,0,171260
2829,8.4302,1.826,1.750,1.742,0.000,0.364,0.000,1818985,0,0,171260
2830,8.4320,1.771,1.871,1.863,0.000,0.370,0.000,1764230,0,0,171260
2831,8.4338,1.789,1.825,1.817,0.000,0.536,0.000,1781666,0,0,171260
2832,8.4355,1.765,1.826,1.818,0.000,0.330,0.000,1758477,0,0,171260
2833,8.4373,1.761,1.771,1.763,0.000,0.294,0.000,1753038,0,0,171260
2834,8.4391,1.830,1.789,1.780,0.000,0.347,0.000,1822746,0,0,171260
2835,8.4421,1.763,1.766,1.757,0.000,0.378,0.000,1755734,0,0,171260
2836,8.4442,3.142,1.760,1.752,0.000,0.312,0.000,3134957,0,0,171260
2837,8.4461,2.006,1.830,1.822,0.000,0.540,0.000,1996704,0,0,171260
2838,8.4479,1.861,1.763,1.754,0.000,0.395,0.000,1853114,0,0,171260
2839,8.4497,1.817,3.144,3.134,0.000,0.409,0.000,1809378,0,0,171260
2840,8.4515,1.804,2.004,1.995,0.000,0.366,0.000,1796489,0,0,171260
2841,8.4534,1.835,1.861,1.852,0.000,0.310,0.000,1827717,0,0,171260
2842,8.4559,1.950,1.817,1.808,0.000,0.397,0.000,1943376,0,0,171260
2843,8.4582,2.689,1.804,1.795,0.000,0.510,0.000,2678769,0,0,171260
2844,8.4603,2.142,1.835,1.826,0.000,0.475,0.000,2133219,0,0,171260
2845,8.4622,2.044,1.953,1.942,0.000,0.443,0.000,2035552,0,0,171260
2846,8.4640,1.845,2.687,2.677,0.000,0.396,0.000,1837120,0,0,171260
2847,8.4659,1.845,2.142,2.132,0.000,0.304,0.000,1837967,0,0,171260
2848,8.4679,1.939,2.043,2.034,0.000,0.298,0.000,1931561,0,0,171260
2849,8.4711,2.070,1.844,1.836,0.000,0.398,0.000,2062019,0,0,171260
2850,8.4732,3.195,1.846,1.837,0.000,0.359,0.000,3185552,0,0,171260
2851,8.4751,1.949,1.939,1.930,0.000,0.455,0.000,1939738,0,0,171260
2852,8.4769,1.885,2.071,2.061,0.000,0.425,0.000,1876424,0,0,171356
2853,8.4787,1.753,3.194,3.184,0.000,0.385,0.000,1745873,0,0,171260
2854,8.4806,1.783,1.948,1.939,0.000,0.303,0.000,1775454,0,0,171260
2855,8.4824,1.926,1.883,1.875,0.000,0.364,0.000,1918704,0,0,171260
2856,8.4841,1.762,1.753,1.745,0.000,0.308,0.000,1753622,0,0,171260
2857,8.4861,1.871,1.783,1.774,0.000,0.322,0.000,1864153,0,0,171260
2858,8.4880,1.997,1.927,1.918,0.000,0.366,0.000,1988994,0,0,171260
2859,8.4899,1.874,1.761,1.752,0.000,0.378,0.000,1866238,0,0,171260
2860,8.4918,1.826,1.872,1.863,0.000,0.372,0.000,1818452,0,0,171260
2861,8.4937,1.937,1.996,1.988,0.000,0.320,0.000,1929857,0,0,171260
2862,8.4958,2.030,1.874,1.865,0.000,0.342,0.000,2023147,0,0,171260
2863,8.4991,2.105,1.826,1.817,0.000,0.347,0.000,2096761,0,0,171260
2864,8.5016,3.362,1.937,1.929,0.000,0.407,0.000,3353395,0,0,171260
2865,8.5036,2.360,2.032,2.022,0.000,0.415,0.000,2350395,0,0,171260
2866,8.5056,1.956,2.105,2.095,0.000,0.425,0.000,1947623,0,0,171260
2867,8.5075,1.958,3.363,3.352,0.000,0.338,0.000,1951245,0,0,171260
2868,8.5094,1.937,2.358,2.349,0.000,0.769,0.000,1929638,0,0,171260
2869,8.5115,1.997,1.955,1.946,0.000,0.728,0.000,1989280,0,0,171260
2870,8.5138,2.236,1.958,1.950,0.000,0.383,0.000,2227502,0,0,171260
2871,8.5158,2.107,1.937,1.928,0.000,0.742,0.000,2099175,0,0,171260
2872,8.5177,1.979,1.997,1.988,0.000,0.582,0.000,1970742,0,0,171260
2873,8.5199,1.943,2.236,2.226,0.000,0.382,0.000,1935478,0,0,171260
2874,8.5218,2.134,2.107,2.098,0.000,0.412,0.000,2125647,0,0,171260
2875,8.5238,1.956,1.978,1.969,0.000,0.384,0.000,1948035,0,0,171260
2876,8.5257,1.905,1.943,1.934,0.000,0.403,0.000,1897498,0,0,171260
2877,8.5288,1.996,2.134,2.124,0.000,0.431,0.000,1988849,0,0,171260
2878,8.5310,3.195,1.956,1.947,0.000,0.357,0.000,3186443,0,0,171260
2879,8.5330,2.059,1.905,1.896,0.000,0.489,0.000,2050285,0,0,171260
2880,8.5350,2.037,1.997,1.987,0.000,0.428,0.000,2028611,0,0,171260
2881,8.5371,2.036,3.195,3.185,0.000,0.400,0.000,2028806,0,0,190111
2882,8.5390,2.024,2.058,2.049,0.000,0.333,0.000,2016528,0,0,171356
2883,8.5414,1.914,2.036,2.027,0.000,0.316,0.000,1906536,0,0,171260
2884,8.5434,2.449,2.037,2.028,0.000,0.307,0.000,2441204,0,0,171260
2885,8.5452,1.906,2.024,2.015,0.000,0.601,0.000,1897137,0,0,171260
2886,8.5476,1.897,1.914,1.905,0.000,0.357,0.000,1889649,0,0,171260
2887,8.5498,2.502,2.449,2.440,0.000,0.312,0.000,2494780,0,0,171260
2888,8.5519,2.148,1.904,1.896,0.000,0.347,0.000,2139614,0,0,171260
2889,8.5540,2.107,1.897,1.888,0.000,0.804,0.000,2099073,0,0,171260
2890,8.5560,2.051,2.503,2.494,0.000,0.761,0.000,2042586,0,0,171260
2891,8.5595,3.251,2.147,2.138,0.000,0.703,0.000,3243195,0,0,171260
2892,8.5634,2.450,2.107,2.098,0.000,0.653,0.000,2439703,0,0,171260
2893,8.5656,3.854,2.050,2.041,0.000,0.820,0.000,3845223,0,0,171260
2894,8.5677,2.085,3.254,3.242,0.000,0.700,0.000,2075454,0,0,171260
2895,8.5697,2.017,2.449,2.438,0.000,0.795,0.000,2008321,0,0,171260
2896,8.5717,2.029,3.854,3.844,0.000,0.723,0.000,2021107,0,0,171260
2897,8.5738,2.059,2.084,2.074,0.000,0.402,0.000,2051114,0,0,171260
2898,8.5759,2.072,2.016,2.007,0.000,0.387,0.000,2063979,0,0,171260
2899,8.5779,2.056,2.029,2.020,0.000,0.357,0.000,2047541,0,0,171260
2900,8.5801,2.063,2.059,2.050,0.000,0.586,0.000,2054835,0,0,171260
2901,8.5822,2.194,2.073,2.063,0.000,0.446,0.000,2186035,0,0,171260
2902,8.5841,2.012,2.056,2.046,0.000,0.789,0.000,2003729,0,0,171260
2903,8.5860,1.912,2.063,2.054,0.000,0.785,0.000,1904372,0,0,171260
2904,8.5890,1.872,2.194,2.185,0.000,0.705,0.000,1864441,0,0,171260
2905,8.5910,3.057,2.011,2.002,0.000,0.689,0.000,3049333,0,0,171260
2906,8.5930,2.040,1.912,1.903,0.000,0.362,0.000,2031589,0,0,171260
2907,8.5949,1.871,1.872,1.863,0.000,0.370,0.000,1863816,0,0,171260
2908,8.5970,2.124,3.058,3.048,0.000,0.340,0.000,2117160,0,0,171260
2909,8.5988,1.863,2.039,2.030,0.000,0.634,0.000,1855411,0,0,171260
2910,8.6008,1.824,1.871,1.862,0.000,0.343,0.000,1816875,0,0,171260
2911,8.6029,2.100,2.124,2.116,0.000,0.715,0.000,2094025,0,0,171260
2912,8.6049,2.086,1.862,1.854,0.000,0.513,0.000,2077211,0,0,171356
2913,8.6069,1.991,1.823,1.816,0.000,0.416,0.000,1983021,0,0,171260
2914,8.6095,2.010,2.103,2.093,0.000,0.385,0.000,2001910,0,0,171260
2915,8.6118,2.702,2.086,2.076,0.000,0.334,0.000,2689578,0,0,171260
2916,8.6137,2.153,1.991,1.981,0.000,0.387,0.000,2145648,0,0,171260
2917,8.6155,1.827,2.015,2.000,0.000,0.425,0.000,1819688,0,0,171260
2918,8.6184,1.780,2.697,2.687,0.000,0.388,0.000,1772748,0,0,171260
2919,8.6205,2.952,2.153,2.144,0.000,0.304,0.000,2944521,0,0,171260
2920,8.6224,2.083,1.827,1.818,0.000,0.277,0.000,2074912,0,0,171260
2921,8.6242,1.864,1.780,1.771,0.000,0.732,0.000,1855665,0,0,171260
2922,8.6260,1.805,2.952,2.943,0.000,0.649,0.000,1797237,0,0,171260
2923,8.6279,1.895,2.083,2.073,0.000,0.376,0.000,1888049,0,0,171260
2924,8.6297,1.815,1.863,1.854,0.000,0.551,0.000,1807824,0,0,171260
2925,8.6315,1.760,1.804,1.796,0.000,0.704,0.000,1752293,0,0,171260
2926,8.6333,1.821,1.895,1.887,0.000,0.741,0.000,1813136,0,0,171820
2927,8.6350,1.773,1.815,1.807,0.000,0.447,0.000,1765402,0,0,171316
2928,8.6368,1.755,1.760,1.751,0.000,0.351,0.000,1748034,0,0,171260
2929,8.6386,1.786,1.821,1.812,0.000,0.308,0.000,1778740,0,0,171260
2930,8.6405,1.804,1.773,1.764,0.000,0.360,0.000,1796842,0,0,171260
2931,8.6424,2.001,1.755,1.747,0.000,0.443,0.000,1993700,0,0,171260
2932,8.6452,1.782,1.786,1.777,0.000,0.434,0.000,1773762,0,0,171260
2933,8.6472,2.895,1.804,1.796,0.000,0.690,0.000,2888914,0,0,171260
2934,8.6490,1.927,2.001,1.993,0.000,0.701,0.000,1917977,0,0,171260
2935,8.6508,1.789,1.781,1.773,0.000,0.395,0.000,1781998,0,0,171260
2936,8.6527,1.870,2.898,2.888,0.000,0.305,0.000,1862761,0,0,171260
2937,8.6545,1.801,1.925,1.917,0.000,0.294,0.000,1793421,0,0,171260
2938,8.6564,1.893,1.790,1.781,0.000,0.293,0.000,1885760,0,0,171260
2939,8.6584,1.965,1.870,1.861,0.000,0.374,0.000,1955689,0,0,171260
2940,8.6605,1.943,1.801,1.792,0.000,0.505,0.000,1934240,0,0,171260
2941,8.6623,2.034,1.895,1.884,0.000,0.484,0.000,2027128,0,0,171260
2942,8.6644,1.979,1.965,1.954,0.000,0.374,0.000,1971601,0,0,171356
2943,8.6664,2.043,1.942,1.933,0.000,0.304,0.000,2035156,0,0,171260
2944,8.6685,2.057,2.035,2.026,0.000,0.385,0.000,2048712,0,0,171260
2945,8.6705,2.002,1.980,1.970,0.000,0.447,0.000,1994605,0,0,171260
2946,8.6737,2.037,2.044,2.034,0.000,0.433,0.000,2029495,0,0,171260
2947,8.6759,3.300,2.056,2.047,0.000,0.757,0.000,3292563,0,0,171260
2948,8.6781,2.144,2.002,1.993,0.000,0.636,0.000,2134724,0,0,171260
2949,8.6803,2.168,2.037,2.028,0.000,0.826,0.000,2160466,0,0,171260
2950,8.6823,2.195,3.302,3.291,0.000,0.768,0.000,2186955,0,0,171260
2951,8.6843,1.952,2.143,2.133,0.000,0.421,0.000,1943538,0,0,171260
2952,8.6862,1.935,2.169,2.159,0.000,0.695,0.000,1926772,0,0,171260
2953,8.6882,1.926,2.195,2.185,0.000,0.773,0.000,1918366,0,0,171260
2954,8.6901,1.999,1.952,1.942,0.000,0.383,0.000,1991436,0,0,171260
2955,8.6920,1.879,1.934,1.925,0.000,0.753,0.000,1871417,0,0,171260
2956,8.6938,1.887,1.926,1.917,0.000,0.724,0.000,1879907,0,0,171260
2957,8.6959,1.928,1.999,1.990,0.000,0.683,0.000,1920368,0,0,171260
2958,8.6978,2.050,1.879,1.870,0.000,0.699,0.000,2042300,0,0,174682
2959,8.6999,1.888,1.888,1.879,0.000,0.742,0.000,1880286,0,0,171458
2960,8.7092,2.053,1.928,1.919,0.000,0.675,0.000,2045553,0,0,171458
2961,8.7116,9.609,2.050,2.041,0.000,0.408,0.000,9600805,0,0,171458
2962,8.7136,2.129,1.888,1.879,0.000,0.418,0.000,2118056,0,0,171458
2963,8.7154,1.921,2.054,2.044,0.000,0.484,0.000,1912805,0,0,171458
2964,8.7172,1.833,9.611,9.599,0.000,0.377,0.000,1825098,0,0,171458
2965,8.7190,1.786,2.126,2.116,0.000,0.735,0.000,1778488,0,0,171458
2966,8.7211,1.901,1.921,1.911,0.000,0.753,0.000,1894106,0,0,171458
2967,8.7230,2.079,1.832,1.824,0.000,0.392,0.000,2071602,0,0,171458
2968,8.7249,1.882,1.786,1.777,0.000,0.687,0.000,1874299,0,0,171458
2969,8.7267,1.866,1.901,1.893,0.000,0.697,0.000,1858631,0,0,171458
2970,8.7285,1.841,2.079,2.070,0.000,0.695,0.000,1833227,0,0,171458
2971,8.7304,1.776,1.882,1.873,0.000,0.698,0.000,1769180,0,0,171458
2972,8.7322,1.854,1.866,1.857,0.000,0.620,0.000,1846403,0,0,171554
2973,8.7340,1.824,1.840,1.832,0.000,0.373,0.000,1817494,0,0,171458
2974,8.7370,1.875,1.776,1.768,0.000,0.318,0.000,1867759,0,0,171458
2975,8.7390,3.022,1.853,1.845,0.000,0.645,0.000,3015102,0,0,171458
2976,8.7409,1.899,1.825,1.816,0.000,0.404,0.000,1891365,0,0,171458
2977,8.7428,1.916,1.875,1.867,0.000,0.699,0.000,1908669,0,0,171458
2978,8.7446,1.806,3.023,3.014,0.000,0.693,0.000,1799208,0,0,171458
2979,8.7463,1.783,1.898,1.890,0.000,0.690,0.000,1768981,0,0,171458
2980,8.7481,1.779,1.916,1.907,0.000,0.667,0.000,1772031,0,0,171458
2981,8.7499,1.768,1.813,1.798,0.000,0.621,0.000,1760584,0,0,171458
2982,8.7517,1.846,1.776,1.767,0.000,0.737,0.000,1838438,0,0,171458
2983,8.7536,1.851,1.779,1.771,0.000,0.691,0.000,1843718,0,0,171458
2984,8.7553,1.776,1.768,1.759,0.000,0.414,0.000,1768606,0,0,171458
2985,8.7571,1.757,1.845,1.837,0.000,0.397,0.000,1749991,0,0,171458
2986,8.7589,1.810,1.851,1.843,0.000,0.352,0.000,1802283,0,0,171458
2987,8.7608,1.790,1.775,1.767,0.000,0.364,0.000,1782506,0,0,171458
2988,8.7636,1.899,1.757,1.749,0.000,0.306,0.000,1892051,0,0,171458
2989,8.7655,2.900,1.809,1.801,0.000,0.293,0.000,2892618,0,0,171458
2990,8.7673,1.847,1.789,1.781,0.000,0.406,0.000,1839954,0,0,171458
2991,8.7691,1.798,1.899,1.891,0.000,0.346,0.000,1790922,0,0,171458
2992,8.7709,1.782,2.900,2.891,0.000,0.302,0.000,1774644,0,0,171458
2993,8.7728,1.820,1.847,1.838,0.000,0.312,0.000,1812949,0,0,171458
2994,8.7746,1.851,1.798,1.790,0.000,0.351,0.000,1843349,0,0,171458
2995,8.7763,1.745,1.782,1.773,0.000,0.408,0.000,1737984,0,0,171458
2996,8.7780,1.733,1.820,1.812,0.000,0.704,0.000,1725376,0,0,171458
2997,8.7800,1.747,1.851,1.842,0.000,0.710,0.000,1740389,0,0,171458
2998,8.7820,2.137,1.745,1.737,0.000,0.664,0.000,2130160,0,0,171458
2999,8.7839,1.905,1.732,1.724,0.000,0.679,0.000,1896163,0,0,171458
3000,8.7860,2.017,1.748,1.739,0.000,0.412,0.000,2009486,0,0,171458
3001,8.7883,2.134,2.139,2.129,0.000,0.372,0.000,2126160,0,0,190309
3002,8.7914,2.222,1.904,1.895,0.000,0.352,0.000,2214165,0,0,172118
3003,8.7935,3.175,2.018,2.008,0.000,0.442,0.000,3167208,0,0,171522
3004,8.7955,1.996,2.134,2.125,0.000,0.436,0.000,1987198,0,0,171466
3005,8.7976,1.980,2.222,2.213,0.000,0.806,0.000,1972335,0,0,171466
3006,8.7996,2.000,3.176,3.166,0.000,0.486,0.000,1992283,0,0,171466
3007,8.8015,2.080,1.995,1.986,0.000,0.408,0.000,2072255,0,0,171466
3008,8.8033,1.823,1.980,1.971,0.000,0.413,0.000,1815343,0,0,171466
3009,8.8051,1.768,2.000,1.991,0.000,0.344,0.000,1761379,0,0,171466
3010,8.8069,1.800,2.080,2.071,0.000,0.397,0.000,1793088,0,0,171466
3011,8.8089,1.876,1.822,1.814,0.000,0.737,0.000,1869302,0,0,171466
3012,8.8112,2.241,1.769,1.760,0.000,0.417,0.000,2232514,0,0,171466
3013,8.8134,2.211,1.800,1.792,0.000,0.435,0.000,2203161,0,0,171466
3014,8.8156,2.214,1.878,1.868,0.000,0.455,0.000,2205304,0,0,171466
3015,8.8179,2.281,2.241,2.231,0.000,0.451,0.000,2270643,0,0,171466
3016,8.8216,2.245,2.212,2.202,0.000,0.457,0.000,2235712,0,0,171466
3017,8.8239,3.799,2.216,2.204,0.000,0.503,0.000,3788987,0,0,171466
3018,8.8260,2.199,2.280,2.269,0.000,0.500,0.000,2189752,0,0,171466
3019,8.8280,2.034,2.246,2.234,0.000,0.648,0.000,2026079,0,0,171466
3020,8.8301,1.989,3.799,3.788,0.000,0.471,0.000,1980303,0,0,171466
3021,8.8321,2.024,2.198,2.188,0.000,0.518,0.000,2014868,0,0,171466
3022,8.8341,1.979,2.034,2.024,0.000,0.808,0.000,1971150,0,0,171466
3023,8.8362,2.070,1.989,1.979,0.000,0.392,0.000,2062396,0,0,171466
3024,8.8388,2.174,2.023,2.014,0.000,0.422,0.000,2165749,0,0,171466
3025,8.8420,3.116,1.979,1.970,0.000,0.431,0.000,3107444,0,0,171466
3026,8.8445,2.835,2.070,2.061,0.000,0.437,0.000,2823468,0,0,171466
3027,8.8470,2.428,2.174,2.164,0.000,0.529,0.000,2417345,0,0,171466
3028,8.8494,2.513,3.119,3.106,0.000,0.843,0.000,2501967,0,0,171466
3029,8.8517,2.321,2.834,2.822,0.000,0.966,0.000,2312029,0,0,171466
3030,8.8552,2.312,2.429,2.416,0.000,0.798,0.000,2302655,0,0,171466
3031,8.8577,3.601,2.511,2.500,0.000,0.719,0.000,3592322,0,0,171466
3032,8.8603,2.543,2.321,2.310,0.000,0.791,0.000,2532436,0,0,171562
3033,8.8628,2.559,2.311,2.301,0.000,0.739,0.000,2550064,0,0,171466
3034,8.8652,2.528,3.603,3.591,0.000,0.813,0.000,2518020,0,0,171466
3035,8.8675,2.302,2.541,2.531,0.000,0.522,0.000,2293091,0,0,171466
3036,8.8697,2.254,2.560,2.549,0.000,0.698,0.000,2245787,0,0,171466
3037,8.8719,2.163,2.527,2.517,0.000,0.471,0.000,2153859,0,0,171466
3038,8.8740,2.163,2.302,2.292,0.000,0.653,0.000,2154765,0,0,171466
3039,8.8762,2.132,2.255,2.244,0.000,0.440,0.000,2123560,0,0,171466
3040,8.8784,2.221,2.162,2.152,0.000,0.423,0.000,2212637,0,0,171466
3041,8.8811,2.240,2.163,2.153,0.000,0.870,0.000,2231902,0,0,171466
3042,8.8839,2.788,2.132,2.122,0.000,0.493,0.000,2779088,0,0,171466
3043,8.8861,2.674,2.221,2.211,0.000,0.468,0.000,2664128,0,0,171466
3044,8.8914,2.195,2.241,2.230,0.000,0.455,0.000,2186059,0,0,171466
3045,8.8944,5.599,2.788,2.778,0.000,0.468,0.000,5591010,0,0,171466
3046,8.8981,3.856,2.673,2.663,0.000,0.432,0.000,3846287,0,0,171466
3047,8.9006,2.572,2.195,2.185,0.000,0.444,0.000,2561341,0,0,171608
3048,8.9035,2.994,5.602,5.589,0.000,0.376,0.000,2984673,0,0,171466
3049,8.9056,2.359,3.869,3.845,0.000,0.400,0.000,2345003,0,0,171466
3050,8.9075,2.002,2.558,2.547,0.000,0.335,0.000,1993080,0,0,171466
3051,8.9094,1.905,3.001,2.983,0.000,0.361,0.000,1896780,0,0,171466
3052,8.9113,1.879,2.351,2.341,0.000,0.410,0.000,1871550,0,0,171466
3053,8.9132,1.884,2.001,1.992,0.000,0.380,0.000,1876408,0,0,171466
3054,8.9151,1.891,1.904,1.895,0.000,0.346,0.000,1884051,0,0,171466
3055,8.9169,1.888,1.879,1.870,0.000,0.383,0.000,1880350,0,0,171466
3056,8.9188,1.836,1.884,1.875,0.000,0.343,0.000,1829233,0,0,171466
3057,8.9208,1.859,1.891,1.883,0.000,0.307,0.000,1850640,0,0,171466
3058,8.9227,2.113,1.888,1.879,0.000,0.311,0.000,2105354,0,0,171466
3059,8.9256,1.819,1.837,1.828,0.000,0.380,0.000,1810672,0,0,171466
3060,8.9275,2.885,1.858,1.849,0.000,0.392,0.000,2877808,0,0,171466
3061,8.9295,1.956,2.113,2.104,0.000,0.360,0.000,1948257,0,0,171466
3062,8.9313,1.932,1.818,1.809,0.000,0.351,0.000,1925004,0,0,171562
3063,8.9332,1.852,2.886,2.877,0.000,0.538,0.000,1844850,0,0,171466
3064,8.9349,1.792,1.955,1.947,0.000,0.308,0.000,1784805,0,0,171466
3065,8.9368,1.807,1.932,1.924,0.000,0.320,0.000,1799573,0,0,171466
3066,8.9387,1.857,1.852,1.844,0.000,0.290,0.000,1849450,0,0,171466
3067,8.9409,1.976,1.792,1.784,0.000,0.357,0.000,1968095,0,0,171466
3068,8.9429,2.207,1.807,1.798,0.000,0.403,0.000,2197686,0,0,171466
3069,8.9448,1.967,1.857,1.848,0.000,0.426,0.000,1958865,0,0,171466
3070,8.9468,1.971,1.977,1.967,0.000,0.401,0.000,1964324,0,0,171466
3071,8.9488,1.985,2.206,2.196,0.000,0.326,0.000,1975834,0,0,171466
3072,8.9508,2.011,1.966,1.958,0.000,0.383,0.000,2002984,0,0,171466
3073,8.9537,1.862,1.973,1.963,0.000,0.397,0.000,1854297,0,0,171466
3074,8.9556,2.909,1.984,1.975,0.000,0.365,0.000,2901924,0,0,171466
3075,8.9575,1.907,2.011,2.002,0.000,0.314,0.000,1899293,0,0,172026
3076,8.9593,1.865,1.862,1.853,0.000,0.318,0.000,1856764,0,0,171522
3077,8.9613,1.818,2.909,2.901,0.000,0.772,0.000,1810253,0,0,171466
3078,8.9633,2.100,1.907,1.898,0.000,0.755,0.000,2092756,0,0,171466
3079,8.9655,2.113,1.864,1.855,0.000,0.325,0.000,2104543,0,0,171466
3080,8.9676,2.136,1.817,1.809,0.000,0.533,0.000,2126468,0,0,171466
3081,8.9697,2.047,2.101,2.092,0.000,0.336,0.000,2038670,0,0,171466
3082,8.9716,2.019,2.114,2.103,0.000,0.446,0.000,2011044,0,0,171466
3083,8.9736,1.962,2.134,2.125,0.000,0.411,0.000,1954696,0,0,171466
3084,8.9755,1.962,2.047,2.037,0.000,0.689,0.000,1954095,0,0,171466
3085,8.9774,1.862,2.019,2.010,0.000,0.315,0.000,1854405,0,0,171466
3086,8.9793,1.935,1.963,1.953,0.000,0.541,0.000,1927216,0,0,171466
3087,8.9825,1.981,1.962,1.953,0.000,0.328,0.000,1972989,0,0,171466
3088,8.9847,3.366,1.862,1.853,0.000,0.782,0.000,3357540,0,0,171466
3089,8.9867,2.038,1.935,1.926,0.000,0.392,0.000,2027753,0,0,171466
3090,8.9886,1.918,1.982,1.972,0.000,0.821,0.000,1910282,0,0,171466
3091,8.9905,1.856,3.368,3.356,0.000,0.662,0.000,1848879,0,0,171466
3092,8.9924,1.930,2.035,2.026,0.000,0.390,0.000,1921852,0,0,171562
3093,8.9943,1.886,1.918,1.909,0.000,0.672,0.000,1878712,0,0,171466
3094,8.9962,1.915,1.856,1.848,0.000,0.355,0.000,1907060,0,0,171466
3095,8.9981,1.924,1.930,1.921,0.000,0.327,0.000,1916659,0,0,171466
3096,9.0005,1.895,1.886,1.877,0.000,0.713,0.000,1887716,0,0,171466
3097,9.0025,2.465,1.915,1.906,0.000,0.670,0.000,2457685,0,0,171466
3098,9.0045,2.017,1.924,1.915,0.000,0.579,0.000,2008529,0,0,171466
3099,9.0064,1.932,1.895,1.886,0.000,0.383,0.000,1923476,0,0,171466
3100,9.0085,2.027,2.466,2.456,0.000,0.397,0.000,2018739,0,0,171466
3101,9.0117,3.138,2.017,2.007,0.000,0.388,0.000,3128970,0,0,171466
3102,9.0139,2.205,1.932,1.922,0.000,0.429,0.000,2196006,0,0,171466
3103,9.0160,2.132,2.028,2.017,0.000,0.419,0.000,2123618,0,0,171466
3104,9.0179,2.018,3.138,3.127,0.000,0.499,0.000,2010160,0,0,171466
3105,9.0200,1.915,2.204,2.194,0.000,0.732,0.000,1907339,0,0,171466
3106,9.0220,2.078,2.132,2.122,0.000,0.368,0.000,2070495,0,0,171466
3107,9.0239,1.974,2.018,2.009,0.000,0.304,0.000,1966398,0,0,171466
3108,9.0258,1.914,1.915,1.906,0.000,0.326,0.000,1906909,0,0,171466
3109,9.0278,1.976,2.078,2.069,0.000,0.734,0.000,1968211,0,0,171466
3110,9.0297,1.930,1.974,1.965,0.000,0.682,0.000,1922560,0,0,171466
3111,9.0315,1.845,1.915,1.906,0.000,0.364,0.000,1837712,0,0,171466
3112,9.0333,1.815,1.976,1.967,0.000,0.333,0.000,1807547,0,0,171466
3113,9.0352,1.813,1.930,1.921,0.000,0.326,0.000,1805974,0,0,171466
3114,9.0380,1.822,1.845,1.836,0.000,0.350,0.000,1814312,0,0,171466
3115,9.0400,2.887,1.815,1.806,0.000,0.381,0.000,2880205,0,0,171466
3116,9.0418,1.985,1.813,1.805,0.000,0.336,0.000,1977244,0,0,171466
3117,9.0437,1.833,1.822,1.813,0.000,0.343,0.000,1825686,0,0,171466
3118,9.0455,1.853,2.888,2.879,0.000,0.306,0.000,1846347,0,0,171466
3119,9.0473,1.828,1.985,1.976,0.000,0.688,0.000,1820493,0,0,171466
3120,9.0496,1.847,1.833,1.825,0.000,0.722,0.000,1840285,0,0,171466
3121,9.0517,2.383,1.854,1.845,0.000,0.690,0.000,2376955,0,0,190317
3122,9.0539,2.150,1.828,1.819,0.000,0.348,0.000,2142662,0,0,171562
3123,9.0559,2.075,1.847,1.839,0.000,0.374,0.000,2067121,0,0,171466
3124,9.0578,1.958,2.385,2.376,0.000,0.522,0.000,1949422,0,0,171466
3125,9.0599,1.955,2.151,2.141,0.000,0.392,0.000,1947301,0,0,171466
3126,9.0619,2.125,2.076,2.066,0.000,0.398,0.000,2116800,0,0,171466
3127,9.0639,1.979,1.957,1.948,0.000,0.358,0.000,1970737,0,0,171466
3128,9.0670,2.006,1.955,1.946,0.000,0.535,0.000,1998584,0,0,171466
3129,9.0691,3.094,2.125,2.116,0.000,0.503,0.000,3086315,0,0,171466
3130,9.0710,2.010,1.979,1.969,0.000,0.416,0.000,2001452,0,0,171466
3131,9.0729,1.908,2.006,1.997,0.000,0.736,0.000,1900307,0,0,171466
3132,9.0748,1.899,3.094,3.085,0.000,0.684,0.000,1892026,0,0,171466
3133,9.0766,1.814,2.009,2.000,0.000,0.714,0.000,1806360,0,0,171466
3134,9.0783,1.801,1.908,1.899,0.000,0.441,0.000,1785086,0,0,171466
3135,9.0809,1.778,1.900,1.891,0.000,0.420,0.000,1771117,0,0,171466
3136,9.0837,3.029,1.822,1.805,0.000,0.333,0.000,3021892,0,0,171466
3137,9.0856,2.434,1.792,1.784,0.000,0.286,0.000,2421347,0,0,171466
3138,9.0874,1.816,1.779,1.770,0.000,0.375,0.000,1808656,0,0,171466
3139,9.0892,1.773,3.034,3.021,0.000,0.354,0.000,1765975,0,0,171466
3140,9.0912,2.034,2.428,2.420,0.000,0.328,0.000,2026761,0,0,171466
3141,9.0931,1.820,1.815,1.807,0.000,0.302,0.000,1812832,0,0,171466
3142,9.0959,1.834,1.773,1.765,0.000,0.363,0.000,1826391,0,0,171466
3143,9.0978,2.856,2.034,2.026,0.000,0.661,0.000,2849152,0,0,171466
3144,9.0998,1.829,1.820,1.811,0.000,0.718,0.000,1821847,0,0,171466
3145,9.1017,2.089,1.833,1.825,0.000,0.688,0.000,2076245,0,0,171466
3146,9.1036,1.937,2.856,2.848,0.000,0.621,0.000,1929414,0,0,171466
3147,9.1054,1.780,1.835,1.821,0.000,0.688,0.000,1772237,0,0,171466
3148,9.1071,1.802,2.084,2.075,0.000,0.692,0.000,1795203,0,0,171466
3149,9.1089,1.752,1.937,1.928,0.000,0.412,0.000,1745119,0,0,171466
3150,9.1107,1.782,1.779,1.771,0.000,0.356,0.000,1774941,0,0,171466
3151,9.1125,1.809,1.802,1.794,0.000,0.382,0.000,1801645,0,0,171466
3152,9.1142,1.770,1.752,1.744,0.000,0.381,0.000,1763160,0,0,171562
3153,9.1160,1.737,1.782,1.774,0.000,0.364,0.000,1730380,0,0,171466
3154,9.1177,1.752,1.808,1.800,0.000,0.366,0.000,1744636,0,0,171466
3155,9.1201,1.773,1.770,1.762,0.000,0.342,0.000,1766396,0,0,171466
3156,9.1232,2.464,1.737,1.729,0.000,0.338,0.000,2456524,0,0,171466
3157,9.1253,3.223,1.751,1.744,0.000,0.566,0.000,3215539,0,0,171466
3158,9.1273,1.981,1.774,1.765,0.000,0.379,0.000,1972077,0,0,171466
3159,9.1292,1.961,2.465,2.455,0.000,0.367,0.000,1953040,0,0,171466
3160,9.1313,1.972,3.224,3.214,0.000,0.436,0.000,1963800,0,0,171466
3161,9.1334,2.093,1.980,1.971,0.000,0.380,0.000,2084856,0,0,171466
3162,9.1355,2.098,1.961,1.952,0.000,0.356,0.000,2089205,0,0,171466
3163,9.1376,2.121,1.972,1.962,0.000,0.509,0.000,2112153,0,0,171466
3164,9.1399,2.125,2.093,2.083,0.000,0.401,0.000,2116797,0,0,171466
3165,9.1420,2.288,2.098,2.088,0.000,0.409,0.000,2279377,0,0,171466
3166,9.1443,2.145,2.120,2.111,0.000,0.813,0.000,2136532,0,0,171466
3167,9.1465,2.293,2.125,2.115,0.000,0.801,0.000,2285097,0,0,171466
3168,9.1488,2.251,2.288,2.278,0.000,0.405,0.000,2242772,0,0,171466
3169,9.1511,2.336,2.145,2.135,0.000,0.437,0.000,2320758,0,0,171466
3170,9.1547,3.514,2.294,2.284,0.000,0.572,0.000,3505116,0,0,171466
3171,9.1568,2.233,2.259,2.242,0.000,0.798,0.000,2224367,0,0,171466
3172,9.1588,2.037,2.329,2.319,0.000,0.675,0.000,2027349,0,0,171466
3173,9.1609,1.975,3.514,3.504,0.000,0.358,0.000,1967147,0,0,171466
3174,9.1629,2.138,2.234,2.223,0.000,0.549,0.000,2130530,0,0,171466
3175,9.1648,1.920,2.035,2.026,0.000,0.451,0.000,1911697,0,0,171466
3176,9.1666,1.904,1.975,1.966,0.000,0.382,0.000,1896767,0,0,171466
3177,9.1686,1.869,2.139,2.129,0.000,0.436,0.000,1861805,0,0,171466
3178,9.1704,1.916,1.919,1.910,0.000,0.342,0.000,1907800,0,0,171466
3179,9.1723,1.849,1.904,1.896,0.000,0.341,0.000,1841197,0,0,171466
3180,9.1741,1.859,1.869,1.861,0.000,0.312,0.000,1851182,0,0,171466
3181,9.1760,1.856,1.915,1.907,0.000,0.317,0.000,1848602,0,0,171466
3182,9.1778,1.871,1.848,1.840,0.000,0.774,0.000,1862791,0,0,171562
3183,9.1809,1.820,1.858,1.850,0.000,0.353,0.000,1812618,0,0,171466
3184,9.1828,3.106,1.857,1.847,0.000,0.725,0.000,3098844,0,0,171466
3185,9.1848,1.970,1.870,1.861,0.000,0.386,0.000,1961147,0,0,171466
3186,9.1867,1.937,1.820,1.811,0.000,0.374,0.000,1928920,0,0,171466
3187,9.1885,1.789,3.107,3.098,0.000,0.369,0.000,1781208,0,0,171466
3188,9.1904,1.901,1.969,1.960,0.000,0.472,0.000,1893970,0,0,171466
3189,9.1923,1.911,1.937,1.928,0.000,0.328,0.000,1903370,0,0,171466
3190,9.1943,1.929,1.788,1.780,0.000,0.387,0.000,1921847,0,0,171466
3191,9.1964,2.105,1.901,1.893,0.000,0.317,0.000,2097156,0,0,171608
3192,9.1983,1.967,1.911,1.902,0.000,0.392,0.000,1958419,0,0,172578
3193,9.2003,1.854,1.930,1.920,0.000,0.359,0.000,1845393,0,0,171562
3194,9.2021,1.988,2.105,2.096,0.000,0.709,0.000,1980490,0,0,171450
3195,9.2040,1.896,1.967,1.957,0.000,0.698,0.000,1888173,0,0,171450
3196,9.2058,1.820,1.853,1.844,0.000,0.505,0.000,1812744,0,0,171450
3197,9.2087,1.821,1.988,1.979,0.000,0.324,0.000,1814100,0,0,171450
3198,9.2106,2.946,1.895,1.887,0.000,0.704,0.000,2938985,0,0,171450
3199,9.2123,1.778,1.820,1.811,0.000,0.366,0.000,1771084,0,0,171450
3200,9.2141,1.756,1.821,1.813,0.000,0.286,0.000,1749277,0,0,171450
3201,9.2160,1.865,2.946,2.938,0.000,0.699,0.000,1858181,0,0,171450
3202,9.2179,1.913,1.778,1.770,0.000,0.742,0.000,1905766,0,0,171450
3203,9.2202,1.832,1.756,1.748,0.000,0.372,0.000,1824494,0,0,171450
3204,9.2221,2.348,1.865,1.857,0.000,0.373,0.000,2340890,0,0,171450
3205,9.2241,1.964,1.914,1.905,0.000,0.344,0.000,1955831,0,0,171450
3206,9.2260,1.930,1.832,1.823,0.000,0.319,0.000,1921974,0,0,171450
3207,9.2279,1.901,2.349,2.340,0.000,0.359,0.000,1893646,0,0,171450
3208,9.2297,1.858,1.963,1.955,0.000,0.350,0.000,1849714,0,0,171450
3209,9.2316,1.825,1.929,1.921,0.000,0.575,0.000,1817936,0,0,171450
3210,9.2334,1.854,1.901,1.892,0.000,0.696,0.000,1841219,0,0,171450
3211,9.2366,1.900,1.857,1.849,0.000,0.688,0.000,1892471,0,0,171450
3212,9.2386,3.204,1.830,1.817,0.000,0.585,0.000,3196420,0,0,171546
3213,9.2406,1.955,1.849,1.840,0.000,0.342,0.000,1946082,0,0,171450
3214,9.2425,1.971,1.900,1.891,0.000,0.369,0.000,1963932,0,0,171450
3215,9.2446,2.188,3.205,3.195,0.000,0.306,0.000,2179735,0,0,171450
3216,9.2464,1.741,1.953,1.945,0.000,0.567,0.000,1733406,0,0,171450
3217,9.2482,1.761,1.972,1.963,0.000,0.363,0.000,1753571,0,0,171450
3218,9.2503,2.165,2.187,2.179,0.000,0.554,0.000,2158521,0,0,171450
3219,9.2522,1.863,1.741,1.732,0.000,0.522,0.000,1855811,0,0,171450
3220,9.2539,1.799,1.761,1.752,0.000,0.425,0.000,1792243,0,0,171450
3221,9.2558,1.835,2.166,2.157,0.000,0.374,0.000,1827278,0,0,171450
3222,9.2576,1.853,1.863,1.854,0.000,0.672,0.000,1845795,0,0,171450
3223,9.2596,1.770,1.800,1.791,0.000,0.721,0.000,1763731,0,0,171450
3224,9.2614,1.991,1.834,1.826,0.000,0.673,0.000,1984082,0,0,171450
3225,9.2647,1.974,1.852,1.845,0.000,0.511,0.000,1966384,0,0,171450
3226,9.2668,3.279,1.771,1.762,0.000,0.427,0.000,3271388,0,0,171450
3227,9.2691,2.273,1.992,1.983,0.000,0.356,0.000,2264619,0,0,171450
3228,9.2710,2.014,1.974,1.965,0.000,0.430,0.000,2006350,0,0,171450
3229,9.2728,1.865,3.279,3.270,0.000,0.356,0.000,1857813,0,0,171450
3230,9.2746,1.820,2.272,2.263,0.000,0.405,0.000,1812168,0,0,171450
3231,9.2764,1.750,2.014,2.005,0.000,0.336,0.000,1742954,0,0,171450
3232,9.2782,1.779,1.865,1.856,0.000,0.335,0.000,1772491,0,0,171450
3233,9.2802,1.874,1.819,1.811,0.000,0.633,0.000,1866661,0,0,171450
3234,9.2821,2.030,1.750,1.742,0.000,0.355,0.000,2022490,0,0,171450
3235,9.2839,1.835,1.780,1.771,0.000,0.371,0.000,1827396,0,0,171450
3236,9.2857,1.778,1.874,1.865,0.000,0.323,0.000,1770827,0,0,171450
3237,9.2875,1.798,2.030,2.021,0.000,0.297,0.000,1790905,0,0,171450
3238,9.2892,1.769,1.835,1.826,0.000,0.288,0.000,1761584,0,0,171450
3239,9.2921,1.783,1.778,1.770,0.000,0.347,0.000,1776037,0,0,171450
3240,9.2941,2.991,1.798,1.790,0.000,0.700,0.000,2984399,0,0,171450
3241,9.2961,2.010,1.769,1.760,0.000,0.739,0.000,2001348,0,0,190301
3242,9.2980,1.929,1.783,1.775,0.000,0.512,0.000,1921977,0,0,171546
3243,9.3001,1.872,2.993,2.983,0.000,0.308,0.000,1865507,0,0,171450
3244,9.3021,2.186,2.008,2.000,0.000,0.577,0.000,2176545,0,0,171450
3245,9.3040,1.914,1.929,1.921,0.000,0.491,0.000,1906405,0,0,171450
3246,9.3059,1.923,1.875,1.864,0.000,0.783,0.000,1915334,0,0,171450
3247,9.3079,1.981,2.185,2.175,0.000,0.688,0.000,1973296,0,0,171450
3248,9.3098,1.956,1.914,1.905,0.000,0.396,0.000,1947267,0,0,171450
3249,9.3118,1.921,1.923,1.914,0.000,0.381,0.000,1913261,0,0,171450
3250,9.3136,1.917,1.982,1.972,0.000,0.330,0.000,1909419,0,0,171450
3251,9.3155,1.846,1.955,1.946,0.000,0.745,0.000,1838946,0,0,171450
3252,9.3174,1.861,1.921,1.912,0.000,0.675,0.000,1854397,0,0,171450
3253,9.3204,1.911,1.917,1.908,0.000,0.493,0.000,1902911,0,0,171450
3254,9.3227,3.141,1.846,1.838,0.000,0.366,0.000,3133627,0,0,171450
3255,9.3247,2.255,1.862,1.853,0.000,0.737,0.000,2247602,0,0,171450
3256,9.3269,2.052,1.910,1.902,0.000,0.796,0.000,2044416,0,0,171450
3257,9.3291,2.219,3.141,3.132,0.000,0.513,0.000,2210868,0,0,171450
3258,9.3313,2.205,2.255,2.246,0.000,0.439,0.000,2196136,0,0,171450
3259,9.3333,2.058,2.053,2.043,0.000,0.484,0.000,2049573,0,0,171450
3260,9.3353,2.034,2.220,2.210,0.000,0.796,0.000,2025760,0,0,171450
3261,9.3374,2.050,2.204,2.195,0.000,0.802,0.000,2042023,0,0,171450
3262,9.3394,2.050,2.058,2.048,0.000,0.750,0.000,2042479,0,0,171450
3263,9.3416,2.021,2.034,2.025,0.000,0.424,0.000,2012578,0,0,171450
3264,9.3437,2.183,2.050,2.041,0.000,0.362,0.000,2174765,0,0,171450
3265,9.3459,2.201,2.051,2.041,0.000,0.712,0.000,2192400,0,0,171450
3266,9.3480,2.155,2.020,2.011,0.000,0.434,0.000,2145657,0,0,171450
3267,9.3513,2.104,2.183,2.173,0.000,0.433,0.000,2094996,0,0,171450
3268,9.3535,3.331,2.202,2.191,0.000,0.763,0.000,3323054,0,0,171450
3269,9.3556,2.129,2.154,2.144,0.000,0.673,0.000,2120498,0,0,171450
3270,9.3577,2.087,2.103,2.094,0.000,0.774,0.000,2078363,0,0,171450
3271,9.3601,2.227,3.331,3.322,0.000,0.381,0.000,2219095,0,0,171450
3272,9.3623,2.370,2.129,2.119,0.000,0.457,0.000,2361512,0,0,171546
3273,9.3645,2.172,2.087,2.077,0.000,0.445,0.000,2163029,0,0,171450
3274,9.3666,2.132,2.228,2.218,0.000,0.873,0.000,2123117,0,0,171450
3275,9.3687,2.117,2.370,2.360,0.000,0.410,0.000,2109254,0,0,171450
3276,9.3707,2.045,2.172,2.162,0.000,0.437,0.000,2035587,0,0,171450
3277,9.3727,2.026,2.131,2.122,0.000,0.432,0.000,2016991,0,0,171450
3278,9.3747,1.943,2.118,2.108,0.000,0.359,0.000,1934840,0,0,171450
3279,9.3767,2.032,2.045,2.034,0.000,0.408,0.000,2023593,0,0,171450
3280,9.3787,2.038,2.025,2.016,0.000,0.753,0.000,2030219,0,0,171450
3281,9.3822,2.017,1.949,1.934,0.000,0.425,0.000,2008890,0,0,171450
3282,9.3844,3.531,2.026,2.016,0.000,0.509,0.000,3522967,0,0,171450
3283,9.3865,2.164,2.039,2.029,0.000,0.349,0.000,2153952,0,0,171450
3284,9.3885,2.064,2.017,2.008,0.000,0.433,0.000,2055271,0,0,171450
3285,9.3904,1.962,3.533,3.522,0.000,0.466,0.000,1953424,0,0,171450
3286,9.3928,2.043,2.162,2.152,0.000,0.397,0.000,2035031,0,0,171450
3287,9.3949,2.432,2.063,2.054,0.000,0.389,0.000,2424653,0,0,171450
3288,9.3968,1.946,1.961,1.952,0.000,0.326,0.000,1938684,0,0,171450
3289,9.3988,1.952,2.043,2.034,0.000,0.324,0.000,1943873,0,0,171450
3290,9.4017,2.177,2.432,2.423,0.000,0.323,0.000,2170167,0,0,171450
3291,9.4037,2.686,1.947,1.937,0.000,0.728,0.000,2678075,0,0,171450
3292,9.4056,1.918,1.951,1.942,0.000,0.401,0.000,1910125,0,0,171450
3293,9.4076,1.957,2.179,2.169,0.000,0.307,0.000,1948649,0,0,171450
3294,9.4097,2.064,2.685,2.676,0.000,0.393,0.000,2055907,0,0,171450
3295,9.4128,2.061,1.918,1.909,0.000,0.360,0.000,2052466,0,0,171450
3296,9.4150,3.243,1.956,1.947,0.000,0.368,0.000,3235545,0,0,171450
3297,9.4172,2.205,2.065,2.055,0.000,0.318,0.000,2195662,0,0,171450
3298,9.4197,2.167,2.060,2.051,0.000,0.338,0.000,2157725,0,0,171450
3299,9.4222,2.457,3.245,3.234,0.000,0.562,0.000,2448776,0,0,171450
3300,9.4243,2.490,2.204,2.194,0.000,0.782,0.000,2482108,0,0,171450
3301,9.4266,2.208,2.166,2.156,0.000,0.518,0.000,2197465,0,0,171450
3302,9.4288,2.280,2.456,2.447,0.000,0.778,0.000,2271203,0,0,171546
3303,9.4310,2.146,2.492,2.481,0.000,0.740,0.000,2137456,0,0,171450
3304,9.4331,2.129,2.206,2.196,0.000,0.767,0.000,2121091,0,0,171450
3305,9.4355,2.207,2.279,2.270,0.000,0.743,0.000,2198927,0,0,171450
3306,9.4378,2.408,2.145,2.136,0.000,0.539,0.000,2399825,0,0,171450
3307,9.4402,2.298,2.130,2.120,0.000,0.376,0.000,2288975,0,0,171450
3308,9.4424,2.378,2.207,2.198,0.000,0.841,0.000,2370417,0,0,171450
3309,9.4457,2.178,2.409,2.398,0.000,0.453,0.000,2168885,0,0,171450
3310,9.4480,3.397,2.297,2.287,0.000,0.385,0.000,3388210,0,0,171450
3311,9.4501,2.201,2.379,2.369,0.000,0.443,0.000,2192663,0,0,171450
3312,9.4522,2.099,2.177,2.167,0.000,0.484,0.000,2090763,0,0,171450
3313,9.4542,2.051,3.397,3.387,0.000,0.448,0.000,2043082,0,0,171450
3314,9.4562,1.984,2.201,2.191,0.000,0.402,0.000,1975990,0,0,171450
3315,9.4581,1.919,2.099,2.090,0.000,0.411,0.000,1910751,0,0,171450
3316,9.4604,2.053,2.051,2.042,0.000,0.365,0.000,2045609,0,0,171450
3317,9.4624,2.186,1.984,1.975,0.000,0.458,0.000,2177380,0,0,171450
3318,9.4643,1.932,1.918,1.909,0.000,0.470,0.000,1923668,0,0,171450
3319,9.4661,1.859,2.054,2.044,0.000,0.417,0.000,1851392,0,0,171450
3320,9.4682,1.850,2.185,2.176,0.000,0.364,0.000,1842679,0,0,171450
3321,9.4703,2.220,1.931,1.922,0.000,0.344,0.000,2212926,0,0,171450
3322,9.4724,2.041,1.859,1.850,0.000,0.305,0.000,2033268,0,0,171450
3323,9.4776,2.179,1.850,1.841,0.000,0.432,0.000,2170280,0,0,171450
3324,9.4808,5.573,2.221,2.212,0.000,0.375,0.000,5565522,0,0,171450
3325,9.4839,3.858,2.042,2.032,0.000,0.443,0.000,3847580,0,0,171450
3326,9.4859,2.054,2.179,2.169,0.000,0.417,0.000,2043646,0,0,171450
3327,9.4877,1.854,5.577,5.564,0.000,0.476,0.000,1845497,0,0,171450
3328,9.4896,1.841,3.857,3.845,0.000,0.359,0.000,1834070,0,0,171592
3329,9.4916,1.871,2.051,2.041,0.000,0.763,0.000,1863702,0,0,171450
3330,9.4937,2.180,1.853,1.844,0.000,0.759,0.000,2172138,0,0,171450
3331,9.4957,2.061,1.841,1.833,0.000,0.368,0.000,2051528,0,0,171450
3332,9.4977,1.963,1.871,1.863,0.000,0.424,0.000,1954961,0,0,171546
3333,9.4997,1.974,2.181,2.171,0.000,0.391,0.000,1966048,0,0,171450
3334,9.5016,1.973,2.059,2.050,0.000,0.399,0.000,1965958,0,0,171450
3335,9.5035,1.862,1.963,1.954,0.000,0.402,0.000,1846874,0,0,171450
3336,9.5055,1.974,1.973,1.965,0.000,0.315,0.000,1967007,0,0,171450
3337,9.5075,2.013,1.980,1.965,0.000,0.305,0.000,2004793,0,0,171450
3338,9.5106,2.065,1.854,1.846,0.000,0.550,0.000,2056129,0,0,171450
3339,9.5129,3.234,1.976,1.966,0.000,0.402,0.000,3226495,0,0,171450
3340,9.5150,2.178,2.013,2.004,0.000,0.595,0.000,2169000,0,0,171450
3341,9.5171,2.043,2.064,2.055,0.000,0.873,0.000,2035542,0,0,171450
3342,9.5190,2.015,3.236,3.225,0.000,0.719,0.000,2007088,0,0,171450
3343,9.5211,1.942,2.176,2.167,0.000,0.370,0.000,1933539,0,0,171450
3344,9.5233,2.345,2.043,2.034,0.000,0.367,0.000,2337205,0,0,171450
3345,9.5258,2.142,2.015,2.006,0.000,0.750,0.000,2134308,0,0,171450
3346,9.5281,2.578,1.941,1.932,0.000,0.822,0.000,2568850,0,0,171450
3347,9.5302,2.134,2.345,2.336,0.000,0.927,0.000,2124854,0,0,171450
3348,9.5321,1.990,2.144,2.133,0.000,0.803,0.000,1982305,0,0,171450
3349,9.5341,1.911,2.578,2.568,0.000,0.721,0.000,1903511,0,0,171450
3350,9.5362,2.053,2.133,2.123,0.000,0.422,0.000,2045071,0,0,171450
3351,9.5383,2.111,1.990,1.981,0.000,0.450,0.000,2102576,0,0,171450
3352,9.5418,2.000,1.911,1.902,0.000,0.751,0.000,1991560,0,0,171450
3353,9.5442,3.751,2.053,2.044,0.000,0.387,0.000,3743414,0,0,171450
3354,9.5462,2.220,2.110,2.101,0.000,0.390,0.000,2208314,0,0,171450
3355,9.5481,1.957,2.000,1.990,0.000,0.524,0.000,1948471,0,0,171450
3356,9.5500,1.896,3.755,3.742,0.000,0.763,0.000,1888812,0,0,171450
3357,9.5519,1.895,2.217,2.207,0.000,0.536,0.000,1887171,0,0,171450
3358,9.5538,1.859,1.956,1.947,0.000,0.329,0.000,1850836,0,0,171450
3359,9.5556,1.886,1.897,1.888,0.000,0.299,0.000,1877911,0,0,171450
3360,9.5574,1.819,1.895,1.886,0.000,0.393,0.000,1809307,0,0,171450
3361,9.5597,1.956,1.858,1.849,0.000,0.366,0.000,1948633,0,0,190301
3362,9.5615,2.121,1.887,1.877,0.000,0.297,0.000,2112299,0,0,171546
3363,9.5634,1.863,1.817,1.808,0.000,0.402,0.000,1854707,0,0,171450
3364,9.5653,1.877,1.957,1.947,0.000,0.392,0.000,1869217,0,0,171450
3365,9.5672,1.884,2.120,2.111,0.000,0.409,0.000,1876412,0,0,171450
3366,9.5702,1.874,1.862,1.854,0.000,0.349,0.000,1866315,0,0,171450
3367,9.5721,3.030,1.876,1.868,0.000,0.319,0.000,3021674,0,0,171450
3368,9.5739,1.896,1.884,1.875,0.000,0.385,0.000,1887675,0,0,171450
3369,9.5758,1.813,1.874,1.865,0.000,0.750,0.000,1805802,0,0,171450
3370,9.5776,1.863,3.030,3.020,0.000,0.646,0.000,1855679,0,0,171450
3371,9.5795,1.777,1.895,1.886,0.000,0.371,0.000,1769123,0,0,171450
3372,9.5814,1.986,1.813,1.804,0.000,0.699,0.000,1978648,0,0,172010
3373,9.5833,1.866,1.863,1.854,0.000,0.682,0.000,1857893,0,0,171506
3374,9.5853,1.951,1.776,1.768,0.000,0.675,0.000,1943476,0,0,171450
3375,9.5877,2.055,1.987,1.978,0.000,0.741,0.000,2046107,0,0,171450
3376,9.5901,2.579,1.865,1.857,0.000,0.769,0.000,2570761,0,0,171450
3377,9.5925,2.383,1.953,1.942,0.000,0.760,0.000,2373257,0,0,171450
3378,9.5948,2.374,2.054,2.045,0.000,0.897,0.000,2365610,0,0,171450
3379,9.5982,2.247,2.581,2.570,0.000,0.861,0.000,2237934,0,0,171450
3380,9.6007,3.505,2.382,2.372,0.000,0.431,0.000,3496865,0,0,171450
3381,9.6030,2.453,2.375,2.364,0.000,0.435,0.000,2443561,0,0,171450
3382,9.6053,2.274,2.246,2.237,0.000,0.897,0.000,2265394,0,0,171450
3383,9.6075,2.263,3.506,3.496,0.000,0.562,0.000,2253509,0,0,171450
3384,9.6096,2.099,2.452,2.442,0.000,0.392,0.000,2090515,0,0,171450
3385,9.6117,2.105,2.275,2.264,0.000,0.340,0.000,2096098,0,0,171450
3386,9.6140,2.217,2.262,2.252,0.000,0.467,0.000,2208416,0,0,171450
3387,9.6161,2.182,2.099,2.089,0.000,0.425,0.000,2173114,0,0,171450
3388,9.6182,2.156,2.104,2.095,0.000,0.450,0.000,2147360,0,0,171450
3389,9.6213,2.232,2.218,2.207,0.000,0.397,0.000,2223474,0,0,171450
3390,9.6234,2.943,2.182,2.171,0.000,0.395,0.000,2930093,0,0,171450
3391,9.6255,2.108,2.156,2.146,0.000,0.407,0.000,2099716,0,0,171450
3392,9.6275,2.069,2.236,2.222,0.000,0.423,0.000,2060797,0,0,171546
3393,9.6307,2.012,2.939,2.928,0.000,0.413,0.000,2003517,0,0,171450
3394,9.6334,3.483,2.108,2.098,0.000,0.541,0.000,3475747,0,0,171450
3395,9.6357,2.567,2.069,2.060,0.000,0.495,0.000,2554361,0,0,171450
3396,9.6379,2.264,2.011,2.002,0.000,0.414,0.000,2256456,0,0,171450
3397,9.6400,1.981,3.489,3.474,0.000,0.358,0.000,1973476,0,0,171450
3398,9.6421,2.227,2.562,2.552,0.000,0.339,0.000,2219335,0,0,171450
3399,9.6446,2.300,2.264,2.255,0.000,0.337,0.000,2290520,0,0,171450
3400,9.6468,2.293,1.982,1.972,0.000,0.629,0.000,2285377,0,0,171450
3401,9.6490,2.199,2.228,2.218,0.000,0.531,0.000,2183471,0,0,171450
3402,9.6511,2.185,2.298,2.289,0.000,0.405,0.000,2176260,0,0,171450
3403,9.6533,2.095,2.301,2.284,0.000,0.648,0.000,2086516,0,0,171450
3404,9.6554,2.170,2.192,2.182,0.000,0.355,0.000,2162320,0,0,171450
3405,9.6575,2.123,2.184,2.175,0.000,0.795,0.000,2114921,0,0,171450
3406,9.6601,2.038,2.095,2.085,0.000,0.425,0.000,2030027,0,0,171450
3407,9.6634,2.730,2.170,2.161,0.000,0.381,0.000,2722568,0,0,171450
3408,9.6656,3.315,2.123,2.114,0.000,0.559,0.000,3306524,0,0,171450
3409,9.6678,2.189,2.037,2.029,0.000,0.600,0.000,2180390,0,0,171450
3410,9.6699,2.108,2.732,2.721,0.000,0.852,0.000,2099787,0,0,171450
3411,9.6719,2.079,3.315,3.305,0.000,0.751,0.000,2070597,0,0,171450
3412,9.6738,1.986,2.189,2.179,0.000,0.730,0.000,1977502,0,0,171450
3413,9.6758,1.900,2.108,2.098,0.000,0.350,0.000,1891392,0,0,171450
3414,9.6776,1.899,2.079,2.069,0.000,0.740,0.000,1891830,0,0,171450
3415,9.6795,1.810,1.986,1.976,0.000,0.402,0.000,1802175,0,0,171450
3416,9.6813,1.944,1.899,1.890,0.000,0.381,0.000,1936625,0,0,171450
3417,9.6832,1.816,1.900,1.891,0.000,0.408,0.000,1808435,0,0,171450
3418,9.6852,1.933,1.809,1.801,0.000,0.700,0.000,1925794,0,0,171450
3419,9.6870,1.922,1.944,1.935,0.000,0.348,0.000,1914734,0,0,171450
3420,9.6893,2.010,1.816,1.807,0.000,0.340,0.000,2002943,0,0,171450
3421,9.6927,2.232,1.933,1.924,0.000,0.369,0.000,2221780,0,0,171450
3422,9.6949,3.490,1.922,1.913,0.000,0.379,0.000,3481851,0,0,171546
3423,9.6970,2.099,2.014,2.002,0.000,0.430,0.000,2088854,0,0,171450
3424,9.6989,2.039,2.230,2.220,0.000,0.558,0.000,2030759,0,0,171450
3425,9.7012,1.991,3.492,3.481,0.000,0.692,0.000,1983270,0,0,171450
3426,9.7032,2.214,2.097,2.087,0.000,0.792,0.000,2206339,0,0,171450
3427,9.7053,2.026,2.038,2.030,0.000,0.393,0.000,2017491,0,0,171450
3428,9.7073,2.116,1.991,1.982,0.000,0.360,0.000,2108008,0,0,171450
3429,9.7094,2.048,2.215,2.205,0.000,0.354,0.000,2039813,0,0,171450
3430,9.7117,2.185,2.025,2.016,0.000,0.321,0.000,2177082,0,0,171450
3431,9.7138,2.189,2.116,2.107,0.000,0.402,0.000,2178918,0,0,171450
3432,9.7158,2.044,2.048,2.039,0.000,0.403,0.000,2035320,0,0,171450
3433,9.7179,2.043,2.187,2.176,0.000,0.409,0.000,2034397,0,0,171450
3434,9.7200,2.082,2.188,2.177,0.000,0.565,0.000,2074230,0,0,171450
3435,9.7232,2.147,2.044,2.034,0.000,0.504,0.000,2139166,0,0,171450
3436,9.7253,3.235,2.043,2.033,0.000,0.348,0.000,3225631,0,0,171450
3437,9.7273,2.052,2.082,2.073,0.000,0.761,0.000,2044337,0,0,171450
3438,9.7292,1.906,2.149,2.138,0.000,0.769,0.000,1898061,0,0,171450
3439,9.7310,1.878,3.233,3.224,0.000,0.403,0.000,1869634,0,0,171450
3440,9.7331,1.918,2.052,2.043,0.000,0.549,0.000,1910926,0,0,171450
3441,9.7357,2.344,1.907,1.897,0.000,0.387,0.000,2336498,0,0,171450
3442,9.7377,2.315,1.876,1.868,0.000,0.404,0.000,2307803,0,0,171450
3443,9.7401,1.963,1.918,1.910,0.000,0.512,0.000,1954909,0,0,171450
3444,9.7420,2.416,2.344,2.335,0.000,0.483,0.000,2393986,0,0,171450
3445,9.7439,1.895,2.315,2.306,0.000,0.594,0.000,1886655,0,0,171450
3446,9.7458,1.820,1.977,1.954,0.000,0.358,0.000,1812143,0,0,171450
3447,9.7477,1.950,2.402,2.393,0.000,0.622,0.000,1942436,0,0,171450
3448,9.7496,1.895,1.894,1.885,0.000,0.329,0.000,1887418,0,0,171450
3449,9.7527,2.960,1.819,1.811,0.000,0.384,0.000,2953194,0,0,171450
3450,9.7547,2.098,1.950,1.941,0.000,0.530,0.000,2090297,0,0,171450
3451,9.7568,2.014,1.895,1.886,0.000,0.724,0.000,2006738,0,0,171450
3452,9.7586,1.974,2.961,2.952,0.000,0.361,0.000,1966666,0,0,171546
3453,9.7606,1.782,2.098,2.089,0.000,0.384,0.000,1775156,0,0,171450
3454,9.7625,2.017,2.014,2.006,0.000,0.502,0.000,2008630,0,0,171450
3455,9.7643,1.943,1.974,1.965,0.000,0.333,0.000,1936200,0,0,171450
3456,9.7661,1.807,1.783,1.774,0.000,0.296,0.000,1799695,0,0,171450
3457,9.7680,1.838,2.016,2.008,0.000,0.343,0.000,1830763,0,0,171450
3458,9.7698,1.830,1.944,1.932,0.000,0.300,0.000,1823120,0,0,171450
3459,9.7716,1.779,1.807,1.799,0.000,0.486,0.000,1771664,0,0,171450
3460,9.7733,1.748,1.838,1.830,0.000,0.271,0.000,1740430,0,0,171450
3461,9.7751,1.790,1.830,1.822,0.000,0.302,0.000,1783728,0,0,171450
3462,9.7779,1.750,1.779,1.770,0.000,0.356,0.000,1742817,0,0,171450
3463,9.7799,2.836,1.747,1.739,0.000,0.711,0.000,2829029,0,0,171450
3464,9.7817,1.977,1.791,1.783,0.000,0.698,0.000,1970034,0,0,171450
3465,9.7834,1.713,1.750,1.742,0.000,0.677,0.000,1705033,0,0,171450
3466,9.7852,1.793,2.836,2.828,0.000,0.358,0.000,1785991,0,0,171450
3467,9.7870,1.880,1.978,1.969,0.000,0.357,0.000,1873405,0,0,171592
3468,9.7889,1.785,1.712,1.704,0.000,0.729,0.000,1777838,0,0,171450
3469,9.7907,1.816,1.793,1.785,0.000,0.537,0.000,1809240,0,0,171450
3470,9.7925,1.809,1.881,1.872,0.000,0.647,0.000,1801927,0,0,171450
3471,9.7944,1.861,1.785,1.777,0.000,0.680,0.000,1853966,0,0,171450
3472,9.7963,1.909,1.816,1.808,0.000,0.696,0.000,1901591,0,0,171450
3473,9.7983,1.895,1.809,1.801,0.000,0.677,0.000,1887983,0,0,171450
3474,9.8003,1.972,1.861,1.853,0.000,0.671,0.000,1963795,0,0,171450
3475,9.8023,2.090,1.909,1.900,0.000,0.720,0.000,2082716,0,0,171450
3476,9.8053,1.986,1.896,1.887,0.000,0.661,0.000,1977885,0,0,171450
3477,9.8073,2.980,1.971,1.962,0.000,0.705,0.000,2972287,0,0,171450
3478,9.8093,2.012,2.091,2.081,0.000,0.327,0.000,2004221,0,0,171450
3479,9.8113,2.091,1.985,1.976,0.000,0.384,0.000,2083538,0,0,171450
3480,9.8133,1.957,2.980,2.971,0.000,0.409,0.000,1948357,0,0,171450
3481,9.8155,2.053,2.012,2.003,0.000,0.746,0.000,2044913,0,0,190301
3482,9.8177,2.298,2.092,2.082,0.000,0.356,0.000,2290300,0,0,171546
3483,9.8200,2.092,1.956,1.947,0.000,0.448,0.000,2082184,0,0,171450
3484,9.8220,2.234,2.053,2.044,0.000,0.804,0.000,2225207,0,0,171450
3485,9.8240,1.976,2.300,2.289,0.000,0.411,0.000,1967181,0,0,171450
3486,9.8261,2.164,2.091,2.081,0.000,0.494,0.000,2156368,0,0,171450
3487,9.8279,1.837,2.234,2.224,0.000,0.364,0.000,1829576,0,0,171450
3488,9.8297,1.861,1.975,1.966,0.000,0.328,0.000,1853673,0,0,171450
3489,9.8315,1.781,2.163,2.155,0.000,0.313,0.000,1773603,0,0,171450
3490,9.8355,1.765,1.837,1.828,0.000,0.344,0.000,1758187,0,0,171450
3491,9.8376,4.150,1.860,1.852,0.000,0.303,0.000,4143491,0,0,171450
3492,9.8396,1.964,1.781,1.772,0.000,0.732,0.000,1956229,0,0,171450
3493,9.8413,1.952,1.765,1.757,0.000,0.795,0.000,1944062,0,0,171450
3494,9.8431,1.759,4.152,4.142,0.000,0.375,0.000,1752045,0,0,171450
3495,9.8448,1.746,1.964,1.955,0.000,0.286,0.000,1739131,0,0,171450
3496,9.8467,1.721,1.951,1.943,0.000,0.347,0.000,1713345,0,0,171450
3497,9.8488,2.101,1.759,1.751,0.000,0.314,0.000,2094551,0,0,171450
3498,9.8506,1.907,1.746,1.738,0.000,0.299,0.000,1897753,0,0,171450
3499,9.8524,1.789,1.721,1.712,0.000,0.339,0.000,1782100,0,0,171450
3500,9.8542,1.791,2.103,2.093,0.000,0.705,0.000,1783758,0,0,171450
3501,9.8560,1.850,1.904,1.896,0.000,0.350,0.000,1842934,0,0,171450
3502,9.8580,1.882,1.789,1.781,0.000,0.297,0.000,1874436,0,0,171450
3503,9.8601,2.007,1.791,1.782,0.000,0.546,0.000,1999192,0,0,171450
3504,9.8633,2.180,1.850,1.841,0.000,0.663,0.000,2172322,0,0,171450
3505,9.8655,3.228,1.883,1.873,0.000,0.360,0.000,3220964,0,0,171450
3506,9.8674,2.032,2.007,1.998,0.000,0.368,0.000,2023337,0,0,171450
3507,9.8693,1.903,2.179,2.171,0.000,0.398,0.000,1895040,0,0,171450
3508,9.8712,1.876,3.230,3.220,0.000,0.376,0.000,1868792,0,0,171450
3509,9.8731,1.902,2.031,2.022,0.000,0.356,0.000,1894179,0,0,171450
3510,9.8750,1.928,1.903,1.894,0.000,0.393,0.000,1920105,0,0,171450
3511,9.8769,1.904,1.876,1.867,0.000,0.385,0.000,1896453,0,0,171450
3512,9.8787,1.866,1.902,1.893,0.000,0.356,0.000,1858462,0,0,171546
3513,9.8808,1.809,1.928,1.919,0.000,0.356,0.000,1801615,0,0,171450
3514,9.8827,2.085,1.904,1.895,0.000,0.348,0.000,2077590,0,0,171450
3515,9.8845,1.854,1.866,1.857,0.000,0.440,0.000,1846328,0,0,171450
3516,9.8863,1.850,1.809,1.800,0.000,0.400,0.000,1842741,0,0,171450
3517,9.8881,1.806,2.086,2.076,0.000,0.741,0.000,1798959,0,0,171450
3518,9.8910,1.772,1.854,1.845,0.000,0.427,0.000,1765395,0,0,171450
3519,9.8928,2.899,1.850,1.842,0.000,0.718,0.000,2891826,0,0,171450
3520,9.8946,1.822,1.806,1.798,0.000,0.353,0.000,1814364,0,0,171450
3521,9.8965,1.825,1.772,1.764,0.000,0.305,0.000,1817934,0,0,171450
3522,9.8983,1.835,2.899,2.891,0.000,0.340,0.000,1828189,0,0,171450
3523,9.9002,1.769,1.822,1.813,0.000,0.568,0.000,1760611,0,0,171450
3524,9.9020,1.935,1.825,1.817,0.000,0.640,0.000,1927474,0,0,171450
3525,9.9038,1.828,1.836,1.827,0.000,0.389,0.000,1820413,0,0,171450
3526,9.9056,1.820,1.768,1.759,0.000,0.311,0.000,1811970,0,0,171450
3527,9.9074,1.772,1.936,1.926,0.000,0.332,0.000,1764308,0,0,171450
3528,9.9093,1.848,1.829,1.819,0.000,0.430,0.000,1839997,0,0,171450
3529,9.9112,1.855,1.819,1.811,0.000,0.403,0.000,1848477,0,0,171450
3530,9.9130,1.887,1.772,1.763,0.000,0.337,0.000,1879994,0,0,171450
3531,9.9148,1.798,1.847,1.839,0.000,0.639,0.000,1791673,0,0,171450
3532,9.9177,1.841,1.855,1.847,0.000,0.665,0.000,1834306,0,0,171450
3533,9.9198,2.960,1.887,1.879,0.000,0.697,0.000,2953372,0,0,171450
3534,9.9221,2.069,1.798,1.790,0.000,0.383,0.000,2062410,0,0,171450
3535,9.9243,2.463,1.841,1.833,0.000,0.727,0.000,2454713,0,0,171450
3536,9.9261,1.932,2.961,2.952,0.000,0.685,0.000,1924584,0,0,171450
3537,9.9279,1.800,2.071,2.061,0.000,0.461,0.000,1793403,0,0,171450
3538,9.9297,1.789,2.462,2.453,0.000,0.338,0.000,1782326,0,0,171450
3539,9.9314,1.793,1.931,1.923,0.000,0.331,0.000,1785333,0,0,171450
3540,9.9332,1.798,1.800,1.792,0.000,0.317,0.000,1790468,0,0,171450
3541,9.9352,1.803,1.790,1.781,0.000,0.349,0.000,1796182,0,0,171450
3542,9.9370,1.927,1.793,1.784,0.000,0.396,0.000,1919323,0,0,171546
3543,9.9388,1.807,1.798,1.789,0.000,0.381,0.000,1799330,0,0,171450
3544,9.9407,1.821,1.804,1.795,0.000,0.490,0.000,1813257,0,0,171450
3545,9.9426,1.878,1.927,1.918,0.000,0.352,0.000,1871070,0,0,171450
3546,9.9455,1.918,1.807,1.798,0.000,0.674,0.000,1910549,0,0,171450
3547,9.9474,2.958,1.820,1.812,0.000,0.393,0.000,2950547,0,0,171450
3548,9.9493,1.892,1.879,1.870,0.000,0.704,0.000,1884987,0,0,171450
3549,9.9511,1.835,1.918,1.909,0.000,0.660,0.000,1828167,0,0,171450
3550,9.9530,1.879,2.958,2.949,0.000,0.384,0.000,1872093,0,0,171450
3551,9.9549,1.881,1.892,1.884,0.000,0.334,0.000,1871416,0,0,171450
3552,9.9569,1.896,1.835,1.827,0.000,0.519,0.000,1888948,0,0,171450
3553,9.9590,2.033,1.882,1.871,0.000,0.331,0.000,2024159,0,0,171450
3554,9.9613,2.215,1.878,1.870,0.000,0.514,0.000,2205032,0,0,171450
3555,9.9636,2.422,1.898,1.888,0.000,0.482,0.000,2414361,0,0,171450
3556,9.9656,2.102,2.034,2.023,0.000,0.434,0.000,2092941,0,0,171450
3557,9.9677,2.040,2.213,2.204,0.000,0.565,0.000,2031456,0,0,171450
3558,9.9699,2.147,2.424,2.413,0.000,0.441,0.000,2138438,0,0,171450
3559,9.9720,2.129,2.101,2.092,0.000,0.405,0.000,2120840,0,0,171450
3560,9.9752,2.063,2.040,2.030,0.000,0.791,0.000,2054736,0,0,171450
3561,9.9776,3.405,2.146,2.137,0.000,0.432,0.000,3397688,0,0,171450
3562,9.9800,2.304,2.129,2.119,0.000,0.738,0.000,2295295,0,0,171450
3563,9.9822,2.367,2.062,2.053,0.000,0.737,0.000,2358051,0,0,171450
3564,9.9843,2.135,3.407,3.396,0.000,0.778,0.000,2126248,0,0,171450
3565,9.9867,2.204,2.304,2.294,0.000,0.736,0.000,2195893,0,0,171450
3566,9.9891,2.463,2.367,2.357,0.000,0.434,0.000,2452399,0,0,171450
3567,9.9917,2.543,2.134,2.125,0.000,0.571,0.000,2534823,0,0,171450
3568,9.9942,2.572,2.206,2.195,0.000,0.422,0.000,2558651,0,0,171450
3569,9.9966,2.361,2.461,2.451,0.000,0.484,0.000,2351103,0,0,171450
3570,9.9989,2.370,2.548,2.533,0.000,0.874,0.000,2361339,0,0,171450
3571,10.0013,2.231,2.569,2.557,0.000,0.412,0.000,2222241,0,0,171450
3572,10.0036,2.343,2.360,2.350,0.000,0.430,0.000,2335153,0,0,171548
3573,10.0057,2.356,2.370,2.360,0.000,0.357,0.000,2347271,0,0,171452
3574,10.0090,3.189,2.230,2.221,0.000,0.358,0.000,3181150,0,0,171452
3575,10.0112,2.231,2.344,2.334,0.000,0.356,0.000,2222684,0,0,171452
3576,10.0131,2.082,2.355,2.346,0.000,0.419,0.000,2074469,0,0,171452
3577,10.0149,1.831,3.190,3.180,0.000,0.370,0.000,1823725,0,0,171452
3578,10.0167,1.854,2.231,2.221,0.000,0.314,0.000,1846870,0,0,171452
3579,10.0186,1.846,2.081,2.073,0.000,0.304,0.000,1838808,0,0,171452
3580,10.0206,1.883,1.831,1.823,0.000,0.387,0.000,1874454,0,0,171452
3581,10.0224,1.947,1.854,1.846,0.000,0.452,0.000,1940276,0,0,171452
3582,10.0241,1.750,1.847,1.838,0.000,0.310,0.000,1743543,0,0,171452
3583,10.0259,1.750,1.881,1.873,0.000,0.305,0.000,1742745,0,0,171452
3584,10.0277,1.776,1.947,1.939,0.000,0.291,0.000,1769170,0,0,171452
3585,10.0296,1.860,1.751,1.742,0.000,0.272,0.000,1850239,0,0,171452
3586,10.0315,1.887,1.750,1.742,0.000,0.745,0.000,1879215,0,0,171452
3587,10.0334,1.955,1.779,1.768,0.000,0.392,0.000,1947385,0,0,171452
3588,10.0368,2.924,1.858,1.849,0.000,0.372,0.000,2916764,0,0,171452
3589,10.0387,2.309,1.886,1.878,0.000,0.378,0.000,2301437,0,0,171452
3590,10.0408,1.898,1.954,1.946,0.000,0.766,0.000,1889843,0,0,171452
3591,10.0427,2.094,2.924,2.916,0.000,0.734,0.000,2087083,0,0,171452
3592,10.0445,1.888,2.309,2.300,0.000,0.603,0.000,1880299,0,0,171452
3593,10.0464,1.835,1.897,1.888,0.000,0.511,0.000,1827971,0,0,171452
3594,10.0483,1.894,2.095,2.086,0.000,0.314,0.000,1886568,0,0,171452
3595,10.0501,1.842,1.888,1.879,0.000,0.356,0.000,1834679,0,0,171452
3596,10.0520,1.911,1.836,1.827,0.000,0.316,0.000,1904146,0,0,171452
3597,10.0538,1.843,1.894,1.885,0.000,0.329,0.000,1836044,0,0,171452
3598,10.0557,1.828,1.842,1.833,0.000,0.395,0.000,1821004,0,0,171452
3599,10.0575,1.839,1.911,1.903,0.000,0.332,0.000,1830867,0,0,171452
3600,10.0592,1.776,1.843,1.835,0.000,0.358,0.000,1768035,0,0,171452
3601,10.0643,1.829,1.829,1.820,0.000,0.311,0.000,1822184,0,0,190363
3602,10.0669,5.285,1.838,1.829,0.000,0.276,0.000,5277816,0,0,171548
3603,10.0696,3.135,1.775,1.767,0.000,0.302,0.000,3125623,0,0,171452
3604,10.0714,1.891,1.830,1.821,0.000,0.734,0.000,1881095,0,0,171452
3605,10.0731,1.772,5.288,5.276,0.000,0.680,0.000,1764093,0,0,171452
3606,10.0749,1.724,3.135,3.124,0.000,0.639,0.000,1717354,0,0,171452
3607,10.0767,1.784,1.887,1.878,0.000,0.337,0.000,1776379,0,0,171452
3608,10.0785,1.795,1.771,1.763,0.000,0.360,0.000,1787931,0,0,171452
3609,10.0804,1.767,1.724,1.716,0.000,0.343,0.000,1759802,0,0,171452
3610,10.0822,1.960,1.784,1.775,0.000,0.285,0.000,1952487,0,0,171452
3611,10.0839,1.719,1.795,1.787,0.000,0.433,0.000,1711797,0,0,171452
3612,10.0856,1.687,1.767,1.759,0.000,0.395,0.000,1680830,0,0,171452
3613,10.0873,1.705,1.960,1.951,0.000,0.282,0.000,1698130,0,0,171452
3614,10.0892,1.832,1.718,1.711,0.000,0.287,0.000,1824932,0,0,171452
3615,10.0911,1.916,1.688,1.680,0.000,0.386,0.000,1909186,0,0,171594
3616,10.0938,1.821,1.705,1.697,0.000,0.340,0.000,1812960,0,0,171452
3617,10.0957,2.775,1.832,1.824,0.000,0.698,0.000,2767573,0,0,171452
3618,10.0975,1.832,1.917,1.908,0.000,0.334,0.000,1824349,0,0,171452
3619,10.0994,1.814,1.820,1.812,0.000,0.304,0.000,1807290,0,0,171452
3620,10.1014,1.978,2.775,2.766,0.000,0.358,0.000,1971169,0,0,171452
3621,10.1033,1.998,1.831,1.823,0.000,0.464,0.000,1990878,0,0,171452
3622,10.1052,1.895,1.814,1.806,0.000,0.413,0.000,1886827,0,0,171452
3623,10.1070,1.812,1.979,1.970,0.000,0.689,0.000,1804262,0,0,171452
3624,10.1090,1.929,1.999,1.990,0.000,0.323,0.000,1921800,0,0,171452
3625,10.1108,1.846,1.894,1.886,0.000,0.301,0.000,1838831,0,0,171452
3626,10.1126,1.848,1.811,1.803,0.000,0.370,0.000,1840334,0,0,171452
3627,10.1144,1.796,1.929,1.921,0.000,0.344,0.000,1789173,0,0,171452
3628,10.1163,1.824,1.846,1.838,0.000,0.304,0.000,1816323,0,0,171452
3629,10.1181,1.856,1.848,1.839,0.000,0.366,0.000,1848513,0,0,171452
3630,10.1212,1.859,1.797,1.788,0.000,0.610,0.000,1851650,0,0,171452
3631,10.1233,3.157,1.824,1.815,0.000,0.637,0.000,3148989,0,0,171452
3632,10.1252,2.046,1.856,1.847,0.000,0.659,0.000,2037655,0,0,171548
3633,10.1271,1.872,1.859,1.850,0.000,0.346,0.000,1864558,0,0,171452
3634,10.1291,2.003,3.158,3.148,0.000,0.696,0.000,1995194,0,0,171452
3635,10.1311,1.989,2.044,2.036,0.000,0.401,0.000,1981286,0,0,171452
3636,10.1331,1.995,1.872,1.863,0.000,0.388,0.000,1984850,0,0,171452
3637,10.1352,2.006,2.003,1.994,0.000,0.367,0.000,1998103,0,0,171452
3638,10.1372,2.067,1.991,1.980,0.000,0.414,0.000,2059431,0,0,171452
3639,10.1392,1.993,1.993,1.983,0.000,0.470,0.000,1985613,0,0,171452
3640,10.1412,1.996,2.006,1.997,0.000,0.681,0.000,1989044,0,0,171452
3641,10.1432,2.034,2.067,2.058,0.000,0.681,0.000,2027552,0,0,171452
3642,10.1450,1.917,1.993,1.984,0.000,0.701,0.000,1908531,0,0,171452
3643,10.1468,1.808,1.996,1.988,0.000,0.434,0.000,1799958,0,0,171452
3644,10.1497,1.799,2.036,2.026,0.000,0.315,0.000,1791503,0,0,171452
3645,10.1517,3.005,1.916,1.907,0.000,0.696,0.000,2997276,0,0,171452
3646,10.1535,1.853,1.807,1.799,0.000,0.463,0.000,1844250,0,0,171452
3647,10.1552,1.785,1.799,1.790,0.000,0.474,0.000,1777862,0,0,171452
3648,10.1570,1.728,3.006,2.996,0.000,0.354,0.000,1721461,0,0,171452
3649,10.1588,1.745,1.851,1.843,0.000,0.368,0.000,1737328,0,0,171452
3650,10.1610,1.771,1.785,1.777,0.000,0.310,0.000,1764304,0,0,171452
3651,10.1628,2.241,1.729,1.720,0.000,0.437,0.000,2233353,0,0,171452
3652,10.1647,1.857,1.744,1.736,0.000,0.537,0.000,1849040,0,0,171452
3653,10.1665,1.878,1.772,1.763,0.000,0.456,0.000,1870061,0,0,171452
3654,10.1684,1.831,2.241,2.232,0.000,0.318,0.000,1823998,0,0,171452
3655,10.1702,1.862,1.857,1.848,0.000,0.330,0.000,1854087,0,0,171452
3656,10.1720,1.825,1.877,1.869,0.000,0.378,0.000,1817407,0,0,171452
3657,10.1739,1.827,1.831,1.823,0.000,0.313,0.000,1819756,0,0,171452
3658,10.1770,2.982,1.861,1.853,0.000,0.304,0.000,2974746,0,0,171452
3659,10.1789,1.973,1.825,1.816,0.000,0.291,0.000,1964744,0,0,171452
3660,10.1809,1.942,1.827,1.819,0.000,0.401,0.000,1934371,0,0,171452
3661,10.1829,2.088,2.983,2.974,0.000,0.383,0.000,2080481,0,0,171452
3662,10.1847,1.881,1.972,1.963,0.000,0.731,0.000,1872621,0,0,171548
3663,10.1865,1.769,1.942,1.933,0.000,0.669,0.000,1761834,0,0,171452
3664,10.1883,1.788,2.089,2.079,0.000,0.398,0.000,1780218,0,0,171452
3665,10.1902,1.835,1.880,1.871,0.000,0.367,0.000,1827727,0,0,171452
3666,10.1920,1.882,1.769,1.761,0.000,0.394,0.000,1874459,0,0,171452
3667,10.1938,1.865,1.788,1.779,0.000,0.362,0.000,1857878,0,0,171452
3668,10.1956,1.782,1.835,1.827,0.000,0.713,0.000,1775182,0,0,171452
3669,10.1974,1.777,1.882,1.873,0.000,0.345,0.000,1769610,0,0,172012
3670,10.1992,1.767,1.865,1.857,0.000,0.685,0.000,1759595,0,0,171508
3671,10.2022,1.862,1.783,1.774,0.000,0.666,0.000,1855361,0,0,171452
3672,10.2042,3.041,1.777,1.768,0.000,0.723,0.000,3033913,0,0,171452
3673,10.2060,1.873,1.767,1.758,0.000,0.647,0.000,1864154,0,0,171452
3674,10.2077,1.774,1.863,1.854,0.000,0.675,0.000,1767276,0,0,171452
3675,10.2094,1.733,3.043,3.033,0.000,0.535,0.000,1726702,0,0,171452
3676,10.2112,1.749,1.871,1.863,0.000,0.633,0.000,1741431,0,0,171452
3677,10.2129,1.727,1.774,1.766,0.000,0.655,0.000,1720181,0,0,171452
3678,10.2147,1.740,1.734,1.726,0.000,0.516,0.000,1733483,0,0,171452
3679,10.2164,1.782,1.749,1.740,0.000,0.322,0.000,1774466,0,0,171452
3680,10.2182,1.758,1.727,1.719,0.000,0.685,0.000,1751267,0,0,171452
3681,10.2202,1.813,1.741,1.732,0.000,0.548,0.000,1805872,0,0,171452
3682,10.2221,2.009,1.781,1.773,0.000,0.301,0.000,2000540,0,0,171452
3683,10.2239,1.851,1.758,1.750,0.000,0.361,0.000,1843155,0,0,171452
3684,10.2257,1.818,1.814,1.805,0.000,0.654,0.000,1810156,0,0,171452
3685,10.2286,1.779,2.008,1.999,0.000,0.422,0.000,1771562,0,0,171452
3686,10.2305,2.988,1.851,1.842,0.000,0.643,0.000,2981315,0,0,171452
3687,10.2324,1.913,1.817,1.809,0.000,0.685,0.000,1904874,0,0,171452
3688,10.2342,1.832,1.779,1.770,0.000,0.687,0.000,1824043,0,0,171452
3689,10.2360,1.760,2.989,2.980,0.000,0.399,0.000,1752856,0,0,171452
3690,10.2377,1.777,1.913,1.904,0.000,0.340,0.000,1769201,0,0,171452
3691,10.2396,1.733,1.831,1.823,0.000,0.336,0.000,1725437,0,0,171452
3692,10.2414,1.953,1.760,1.752,0.000,0.335,0.000,1945405,0,0,171548
3693,10.2432,1.788,1.777,1.768,0.000,0.352,0.000,1780298,0,0,171452
3694,10.2450,1.782,1.733,1.724,0.000,0.344,0.000,1774096,0,0,171452
3695,10.2468,1.824,1.953,1.944,0.000,0.684,0.000,1817471,0,0,171452
3696,10.2486,1.810,1.788,1.779,0.000,0.648,0.000,1802262,0,0,171452
3697,10.2504,1.766,1.781,1.773,0.000,0.701,0.000,1759437,0,0,171452
3698,10.2522,1.798,1.825,1.816,0.000,0.641,0.000,1791313,0,0,171452
3699,10.2551,1.804,1.809,1.801,0.000,0.322,0.000,1796650,0,0,171452
3700,10.2570,2.918,1.767,1.758,0.000,0.321,0.000,2911071,0,0,171452
3701,10.2588,1.834,1.799,1.790,0.000,0.350,0.000,1826061,0,0,171452
3702,10.2609,1.920,1.804,1.795,0.000,0.318,0.000,1912741,0,0,171452
3703,10.2629,2.109,2.919,2.910,0.000,0.295,0.000,2100091,0,0,171452
3704,10.2647,1.935,1.833,1.825,0.000,0.734,0.000,1927333,0,0,171452
3705,10.2667,1.861,1.921,1.911,0.000,0.681,0.000,1853916,0,0,171452
3706,10.2686,1.924,2.108,2.099,0.000,0.363,0.000,1916194,0,0,171452
3707,10.2707,2.040,1.935,1.926,0.000,0.304,0.000,2032496,0,0,171452
3708,10.2727,2.080,1.862,1.853,0.000,0.336,0.000,2070897,0,0,171452
3709,10.2748,2.029,1.924,1.915,0.000,0.429,0.000,2020665,0,0,171452
3710,10.2769,2.091,2.041,2.031,0.000,0.363,0.000,2082863,0,0,171452
3711,10.2789,2.049,2.079,2.070,0.000,0.718,0.000,2039565,0,0,171452
3712,10.2811,2.029,2.029,2.019,0.000,0.373,0.000,2021314,0,0,171452
3713,10.2843,2.131,2.092,2.082,0.000,0.483,0.000,2122912,0,0,171452
3714,10.2865,3.357,2.048,2.038,0.000,0.806,0.000,3347889,0,0,171452
3715,10.2884,2.050,2.030,2.020,0.000,0.705,0.000,2041237,0,0,171452
3716,10.2904,1.928,2.132,2.122,0.000,0.365,0.000,1919890,0,0,171452
3717,10.2924,1.973,3.357,3.347,0.000,0.364,0.000,1965379,0,0,171452
3718,10.2943,1.951,2.049,2.040,0.000,0.293,0.000,1942550,0,0,171452
3719,10.2962,1.856,1.928,1.919,0.000,0.461,0.000,1847930,0,0,171452
3720,10.2980,1.933,1.974,1.964,0.000,0.378,0.000,1925194,0,0,171452
3721,10.3002,1.925,1.951,1.941,0.000,0.693,0.000,1918133,0,0,190543
3722,10.3021,2.085,1.856,1.847,0.000,0.696,0.000,2077369,0,0,171548
3723,10.3039,1.860,1.932,1.924,0.000,0.386,0.000,1851703,0,0,171452
3724,10.3056,1.776,1.926,1.917,0.000,0.351,0.000,1768740,0,0,171452
3725,10.3074,1.760,2.086,2.076,0.000,0.329,0.000,1752957,0,0,171452
3726,10.3092,1.763,1.859,1.850,0.000,0.366,0.000,1755892,0,0,171452
3727,10.3122,2.971,1.776,1.767,0.000,0.302,0.000,2965074,0,0,171452
3728,10.3141,1.919,1.760,1.752,0.000,0.292,0.000,1910578,0,0,171452
3729,10.3159,1.833,1.762,1.755,0.000,0.446,0.000,1825783,0,0,171452
3730,10.3177,1.811,2.973,2.964,0.000,0.335,0.000,1803981,0,0,171452
3731,10.3196,1.744,1.918,1.909,0.000,0.382,0.000,1737028,0,0,171452
3732,10.3213,1.895,1.833,1.825,0.000,0.364,0.000,1887450,0,0,171452
3733,10.3232,1.760,1.811,1.803,0.000,0.291,0.000,1751796,0,0,171452
3734,10.3251,1.900,1.744,1.736,0.000,0.337,0.000,1892603,0,0,171452
3735,10.3269,1.881,1.895,1.886,0.000,0.315,0.000,1873151,0,0,171452
3736,10.3287,1.801,1.759,1.751,0.000,0.356,0.000,1793919,0,0,171452
3737,10.3305,1.764,1.900,1.891,0.000,0.401,0.000,1757967,0,0,171452
3738,10.3322,1.803,1.880,1.872,0.000,0.349,0.000,1796131,0,0,171452
3739,10.3340,1.770,1.800,1.793,0.000,0.379,0.000,1763048,0,0,171452
3740,10.3367,1.722,1.765,1.757,0.000,0.648,0.000,1714863,0,0,171452
3741,10.3387,2.842,1.804,1.795,0.000,0.326,0.000,2833741,0,0,171452
3742,10.3406,1.896,1.770,1.762,0.000,0.453,0.000,1888552,0,0,171452
3743,10.3424,1.949,1.723,1.714,0.000,0.521,0.000,1941840,0,0,171452
3744,10.3441,1.718,2.841,2.833,0.000,0.375,0.000,1710353,0,0,171452
3745,10.3460,1.762,1.896,1.887,0.000,0.317,0.000,1754829,0,0,171452
3746,10.3478,1.877,1.949,1.941,0.000,0.290,0.000,1869736,0,0,171452
3747,10.3496,1.820,1.717,1.709,0.000,0.389,0.000,1812109,0,0,171452
3748,10.3514,1.803,1.762,1.754,0.000,0.684,0.000,1795308,0,0,171452
3749,10.3533,1.825,1.877,1.869,0.000,0.359,0.000,1817924,0,0,171452
3750,10.3551,1.799,1.820,1.811,0.000,0.332,0.000,1792210,0,0,171452
3751,10.3570,1.855,1.803,1.794,0.000,0.298,0.000,1847739,0,0,171452
3752,10.3588,1.907,1.825,1.816,0.000,0.678,0.000,1898701,0,0,171548
3753,10.3609,1.875,1.800,1.791,0.000,0.440,0.000,1868480,0,0,171452
3754,10.3637,2.002,1.856,1.846,0.000,0.356,0.000,1994011,0,0,171452
3755,10.3656,2.881,1.905,1.897,0.000,0.489,0.000,2873575,0,0,171452
3756,10.3674,1.848,1.876,1.867,0.000,0.345,0.000,1840322,0,0,171452
3757,10.3692,1.798,2.001,1.993,0.000,0.315,0.000,1790101,0,0,171452
3758,10.3711,1.846,2.881,2.872,0.000,0.667,0.000,1838924,0,0,171452
3759,10.3729,1.847,1.848,1.839,0.000,0.481,0.000,1839812,0,0,171452
3760,10.3747,1.804,1.798,1.789,0.000,0.349,0.000,1796085,0,0,171452
3761,10.3765,1.779,1.846,1.838,0.000,0.555,0.000,1771575,0,0,171452
3762,10.3783,1.807,1.847,1.839,0.000,0.500,0.000,1799529,0,0,171452
3763,10.3802,1.772,1.804,1.795,0.000,0.330,0.000,1764609,0,0,171452
3764,10.3820,1.890,1.779,1.770,0.000,0.377,0.000,1882163,0,0,171452
3765,10.3837,1.792,1.807,1.798,0.000,0.307,0.000,1782266,0,0,171452
3766,10.3855,1.769,1.772,1.763,0.000,0.483,0.000,1761457,0,0,171452
3767,10.3873,1.803,1.891,1.881,0.000,0.315,0.000,1796130,0,0,171452
3768,10.3901,1.762,1.789,1.781,0.000,0.391,0.000,1755165,0,0,171452
3769,10.3921,2.881,1.769,1.760,0.000,0.386,0.000,2873679,0,0,171452
3770,10.3939,1.929,1.803,1.795,0.000,0.660,0.000,1921769,0,0,171452
3771,10.3958,1.862,1.763,1.754,0.000,0.662,0.000,1855296,0,0,171452
3772,10.3977,1.888,2.881,2.872,0.000,0.340,0.000,1880550,0,0,171594
3773,10.3997,1.884,1.929,1.921,0.000,0.348,0.000,1876961,0,0,171452
3774,10.4016,2.009,1.863,1.854,0.000,0.360,0.000,2001841,0,0,171452
3775,10.4035,1.900,1.888,1.879,0.000,0.379,0.000,1892419,0,0,171452
3776,10.4054,1.921,1.884,1.876,0.000,0.345,0.000,1913447,0,0,171452
3777,10.4074,1.938,2.009,2.001,0.000,0.328,0.000,1930491,0,0,171452
3778,10.4094,2.012,1.900,1.891,0.000,0.760,0.000,2004293,0,0,171452
3779,10.4113,1.945,1.921,1.912,0.000,0.684,0.000,1937921,0,0,171452
3780,10.4132,1.879,1.938,1.929,0.000,0.386,0.000,1871520,0,0,171452
3781,10.4151,1.916,2.012,2.003,0.000,0.339,0.000,1908993,0,0,171452
3782,10.4182,1.996,1.946,1.937,0.000,0.334,0.000,1988154,0,0,171548
3783,10.4207,3.189,1.879,1.870,0.000,0.379,0.000,3181435,0,0,171452
3784,10.4228,2.437,1.917,1.908,0.000,0.730,0.000,2428149,0,0,171452
3785,10.4247,1.968,1.996,1.987,0.000,0.687,0.000,1960415,0,0,171452
3786,10.4265,1.861,3.190,3.180,0.000,0.470,0.000,1853881,0,0,171452
3787,10.4284,1.828,2.436,2.427,0.000,0.346,0.000,1820806,0,0,171452
3788,10.4305,1.966,1.968,1.959,0.000,0.390,0.000,1959046,0,0,171452
3789,10.4325,2.106,1.861,1.853,0.000,0.341,0.000,2096122,0,0,171452
3790,10.4343,1.938,1.828,1.819,0.000,0.471,0.000,1930246,0,0,171452
3791,10.4362,1.825,1.969,1.958,0.000,0.352,0.000,1817502,0,0,171452
3792,10.4380,1.876,2.104,2.095,0.000,0.336,0.000,1868473,0,0,171452
3793,10.4400,1.794,1.937,1.929,0.000,0.365,0.000,1786072,0,0,171452
3794,10.4426,2.679,1.825,1.816,0.000,0.375,0.000,2672108,0,0,171452
3795,10.4444,1.891,1.876,1.867,0.000,0.329,0.000,1882565,0,0,171452
3796,10.4471,1.774,1.793,1.785,0.000,0.381,0.000,1766169,0,0,171452
3797,10.4490,2.818,2.680,2.671,0.000,0.354,0.000,2811482,0,0,171452
3798,10.4510,1.896,1.890,1.881,0.000,0.680,0.000,1888892,0,0,171452
3799,10.4530,2.018,1.773,1.765,0.000,0.677,0.000,2010270,0,0,171452
3800,10.4549,2.011,2.819,2.810,0.000,0.380,0.000,2003354,0,0,171452
3801,10.4568,1.841,1.897,1.888,0.000,0.750,0.000,1833571,0,0,171452
3802,10.4585,1.767,2.017,2.009,0.000,0.706,0.000,1759765,0,0,171452
3803,10.4603,1.728,2.011,2.002,0.000,0.381,0.000,1720853,0,0,171452
3804,10.4622,1.935,1.841,1.832,0.000,0.294,0.000,1928124,0,0,171452
3805,10.4640,1.799,1.767,1.759,0.000,0.274,0.000,1791208,0,0,171452
3806,10.4657,1.744,1.728,1.720,0.000,0.309,0.000,1736543,0,0,171452
3807,10.4675,1.766,1.936,1.927,0.000,0.291,0.000,1759032,0,0,171452
3808,10.4693,1.775,1.799,1.790,0.000,0.313,0.000,1768265,0,0,171452
3809,10.4711,1.800,1.744,1.735,0.000,0.351,0.000,1793318,0,0,171452
3810,10.4740,1.908,1.766,1.758,0.000,0.351,0.000,1900535,0,0,171452
3811,10.4760,2.932,1.775,1.767,0.000,0.399,0.000,2925243,0,0,171452
3812,10.4779,1.890,1.801,1.792,0.000,0.291,0.000,1881988,0,0,171548
3813,10.4799,2.004,1.907,1.899,0.000,0.690,0.000,1996679,0,0,171452
3814,10.4817,1.954,2.933,2.924,0.000,0.447,0.000,1946147,0,0,171452
3815,10.4835,1.775,1.889,1.881,0.000,0.369,0.000,1767804,0,0,171452
3816,10.4852,1.743,2.004,1.995,0.000,0.350,0.000,1736952,0,0,171452
3817,10.4871,1.773,1.953,1.945,0.000,0.331,0.000,1765520,0,0,171452
3818,10.4889,1.825,1.774,1.767,0.000,0.351,0.000,1817907,0,0,171452
3819,10.4907,1.831,1.744,1.736,0.000,0.338,0.000,1823943,0,0,171452
3820,10.4926,1.830,1.772,1.764,0.000,0.678,0.000,1823050,0,0,171452
3821,10.4946,1.961,1.825,1.817,0.000,0.666,0.000,1953813,0,0,171452
3822,10.4964,1.928,1.831,1.823,0.000,0.696,0.000,1920594,0,0,171452
3823,10.4983,1.832,1.830,1.822,0.000,0.410,0.000,1824764,0,0,171452
3824,10.5025,1.800,1.961,1.953,0.000,0.345,0.000,1792920,0,0,171452
3825,10.5049,4.635,1.928,1.919,0.000,0.354,0.000,4627481,0,0,171452
3826,10.5068,2.120,1.832,1.824,0.000,0.312,0.000,2108919,0,0,171452
3827,10.5087,1.915,1.800,1.792,0.000,0.431,0.000,1907334,0,0,171452
3828,10.5106,1.845,4.638,4.626,0.000,0.316,0.000,1836790,0,0,171452
3829,10.5124,1.812,2.117,2.107,0.000,0.288,0.000,1804481,0,0,171452
3830,10.5141,1.787,1.915,1.906,0.000,0.287,0.000,1779208,0,0,171452
3831,10.5160,1.787,1.844,1.835,0.000,0.359,0.000,1779777,0,0,171452
3832,10.5178,1.819,1.812,1.803,0.000,0.740,0.000,1812065,0,0,171452
3833,10.5198,1.866,1.786,1.778,0.000,0.339,0.000,1859269,0,0,171452
3834,10.5216,1.999,1.787,1.779,0.000,0.396,0.000,1990980,0,0,171452
3835,10.5235,1.868,1.819,1.811,0.000,0.512,0.000,1860797,0,0,171452
3836,10.5254,1.844,1.867,1.858,0.000,0.376,0.000,1837295,0,0,171452
3837,10.5271,1.808,1.998,1.990,0.000,0.351,0.000,1800901,0,0,171452
3838,10.5300,1.737,1.868,1.860,0.000,0.338,0.000,1729707,0,0,171452
3839,10.5318,2.956,1.844,1.836,0.000,0.353,0.000,2949465,0,0,171452
3840,10.5336,1.775,1.808,1.800,0.000,0.294,0.000,1766784,0,0,171452
3841,10.5355,1.848,1.737,1.728,0.000,0.318,0.000,1840952,0,0,190543
3842,10.5374,1.847,2.957,2.948,0.000,0.376,0.000,1839880,0,0,171548
3843,10.5393,1.887,1.774,1.766,0.000,0.394,0.000,1880823,0,0,171452
3844,10.5412,1.851,1.848,1.840,0.000,0.357,0.000,1843961,0,0,171452
3845,10.5433,2.064,1.846,1.839,0.000,0.340,0.000,2056455,0,0,171452
3846,10.5457,2.336,1.888,1.880,0.000,0.339,0.000,2327237,0,0,171452
3847,10.5480,2.285,1.851,1.842,0.000,0.447,0.000,2276351,0,0,171452
3848,10.5503,2.318,2.066,2.055,0.000,0.495,0.000,2308775,0,0,171452
3849,10.5527,2.310,2.336,2.326,0.000,0.424,0.000,2300372,0,0,171452
3850,10.5567,2.938,2.286,2.275,0.000,0.419,0.000,2929795,0,0,171452
3851,10.5610,4.309,2.318,2.307,0.000,0.379,0.000,4292263,0,0,171452
3852,10.5657,3.809,2.310,2.299,0.000,0.568,0.000,3793715,0,0,171452
3853,10.5686,4.609,2.948,2.928,0.000,0.932,0.000,4596061,0,0,171452
3854,10.5718,2.999,4.307,4.290,0.000,0.702,0.000,2988582,0,0,171452
3855,10.5748,3.250,3.806,3.791,0.000,0.534,0.000,3238288,0,0,171452
3856,10.5776,2.829,4.607,4.594,0.000,0.561,0.000,2817582,0,0,171452
3857,10.5804,2.698,3.000,2.987,0.000,1.022,0.000,2689032,0,0,171452
3858,10.5830,2.797,3.249,3.236,0.000,0.902,0.000,2788150,0,0,171452
3859,10.5853,2.390,2.826,2.816,0.000,0.811,0.000,2380233,0,0,171452
3860,10.5876,2.274,2.697,2.687,0.000,0.708,0.000,2266306,0,0,171452
3861,10.5899,2.336,2.798,2.787,0.000,0.382,0.000,2325839,0,0,171452
3862,10.5920,2.219,2.388,2.379,0.000,0.435,0.000,2210743,0,0,171452
3863,10.5942,2.168,2.276,2.265,0.000,0.468,0.000,2160626,0,0,171452
3864,10.5963,2.147,2.334,2.324,0.000,0.409,0.000,2139622,0,0,171452
3865,10.5985,2.151,2.218,2.209,0.000,0.416,0.000,2136716,0,0,171452
3866,10.6022,2.175,2.168,2.159,0.000,0.453,0.000,2168003,0,0,171452
3867,10.6049,3.988,2.154,2.138,0.000,0.487,0.000,3979817,0,0,171452
3868,10.6073,2.562,2.144,2.135,0.000,0.404,0.000,2549987,0,0,171452
3869,10.6096,2.373,2.176,2.167,0.000,0.417,0.000,2361966,0,0,171452
3870,10.6119,2.239,3.992,3.978,0.000,0.395,0.000,2230471,0,0,171452
3871,10.6143,2.321,2.561,2.548,0.000,0.838,0.000,2313792,0,0,171452
3872,10.6167,2.439,2.370,2.360,0.000,0.436,0.000,2430272,0,0,171548
3873,10.6192,2.441,2.238,2.229,0.000,0.380,0.000,2432377,0,0,171452
3874,10.6223,2.518,2.322,2.312,0.000,0.404,0.000,2508583,0,0,171452
3875,10.6251,3.357,2.439,2.429,0.000,0.404,0.000,3347995,0,0,171452
3876,10.6277,2.555,2.441,2.431,0.000,0.445,0.000,2542097,0,0,171452
3877,10.6304,2.738,2.518,2.507,0.000,0.470,0.000,2727712,0,0,171452
3878,10.6328,2.495,3.361,3.346,0.000,0.839,0.000,2486968,0,0,171452
3879,10.6350,2.267,2.552,2.540,0.000,0.948,0.000,2259282,0,0,171452
3880,10.6400,2.283,2.738,2.726,0.000,0.480,0.000,2274616,0,0,171452
3881,10.6441,5.787,2.493,2.484,0.000,0.839,0.000,5783607,0,0,171452
3882,10.6482,4.790,2.268,2.258,0.000,0.403,0.000,4776273,0,0,171452
3883,10.6509,2.851,2.283,2.273,0.000,0.850,0.000,2836711,0,0,171452
3884,10.6535,2.630,5.795,5.782,0.000,0.502,0.000,2620910,0,0,171452
3885,10.6563,2.870,4.791,4.774,0.000,0.500,0.000,2861640,0,0,171452
3886,10.6589,2.455,2.844,2.832,0.000,0.425,0.000,2444903,0,0,171452
3887,10.6619,2.746,2.630,2.619,0.000,0.493,0.000,2737427,0,0,171452
3888,10.6647,2.867,2.871,2.860,0.000,0.452,0.000,2858361,0,0,171452
3889,10.6673,2.868,2.454,2.443,0.000,0.605,0.000,2858561,0,0,171452
3890,10.6697,2.492,2.747,2.736,0.000,0.453,0.000,2482935,0,0,171452
3891,10.6721,2.400,2.867,2.857,0.000,0.476,0.000,2391811,0,0,171452
3892,10.6744,2.338,2.868,2.857,0.000,0.419,0.000,2329596,0,0,171452
3893,10.6769,2.427,2.491,2.481,0.000,0.421,0.000,2417976,0,0,171452
3894,10.6792,2.434,2.400,2.390,0.000,0.463,0.000,2425103,0,0,171452
3895,10.6828,2.215,2.339,2.328,0.000,0.578,0.000,2207182,0,0,171452
3896,10.6854,3.958,2.427,2.416,0.000,0.357,0.000,3950519,0,0,171452
3897,10.6878,2.409,2.433,2.424,0.000,0.400,0.000,2412692,0,0,171452
3898,10.6898,2.092,2.215,2.206,0.000,0.402,0.000,2071504,0,0,171452
3899,10.6918,2.013,3.959,3.949,0.000,0.347,0.000,2006219,0,0,171452
3900,10.6939,2.056,2.421,2.411,0.000,0.332,0.000,2049006,0,0,171452
3901,10.6961,2.114,2.078,2.070,0.000,0.521,0.000,2106732,0,0,171452
3902,10.6980,2.081,2.013,2.005,0.000,0.376,0.000,2073394,0,0,171690
3903,10.7001,1.903,2.056,2.048,0.000,0.768,0.000,1896774,0,0,171452
3904,10.7019,2.053,2.114,2.105,0.000,0.721,0.000,2045484,0,0,171452
3905,10.7041,2.115,2.080,2.072,0.000,0.631,0.000,2108947,0,0,171452
3906,10.7060,1.982,1.905,1.896,0.000,0.656,0.000,1975889,0,0,171452
3907,10.7079,1.903,2.052,2.044,0.000,0.696,0.000,1896540,0,0,171452
3908,10.7098,1.873,2.115,2.108,0.000,0.654,0.000,1867239,0,0,171452
3909,10.7128,1.964,1.982,1.975,0.000,0.636,0.000,1957359,0,0,171452
3910,10.7149,3.040,1.903,1.895,0.000,0.371,0.000,3034266,0,0,171452
3911,10.7168,1.976,1.874,1.866,0.000,0.755,0.000,1969114,0,0,171452
3912,10.7186,1.884,1.965,1.956,0.000,0.382,0.000,1877603,0,0,171452
3913,10.7207,1.806,3.039,3.031,0.000,0.362,0.000,1799594,0,0,171452
3914,10.7226,2.109,1.975,1.968,0.000,0.309,0.000,2101098,0,0,171452
3915,10.7246,1.938,1.884,1.876,0.000,0.522,0.000,1923059,0,0,171452
3916,10.7266,2.046,1.807,1.798,0.000,0.698,0.000,2032094,0,0,171452
3917,10.7286,1.949,2.120,2.100,0.000,0.752,0.000,1934293,0,0,171452
3918,10.7306,2.018,1.937,1.918,0.000,0.685,0.000,2003487,0,0,171452
3919,10.7327,2.052,2.047,2.027,0.000,0.692,0.000,2037258,0,0,171452
3920,10.7346,1.982,1.949,1.930,0.000,0.695,0.000,1966896,0,0,171452
3921,10.7368,1.933,2.018,1.999,0.000,0.689,0.000,1919371,0,0,171452
3922,10.7388,2.226,2.052,2.032,0.000,0.675,0.000,2212258,0,0,171452
3923,10.7419,1.946,1.980,1.962,0.000,0.588,0.000,1926922,0,0,171452
3924,10.7440,3.229,1.933,1.915,0.000,0.321,0.000,3213943,0,0,171452
3925,10.7459,1.979,2.231,2.208,0.000,0.733,0.000,1963432,0,0,171452
3926,10.7478,1.915,1.942,1.922,0.000,0.613,0.000,1900792,0,0,171452
3927,10.7497,1.896,3.230,3.209,0.000,0.351,0.000,1881297,0,0,171452
3928,10.7516,1.855,1.977,1.959,0.000,0.399,0.000,1841322,0,0,171452
3929,10.7534,1.850,1.915,1.896,0.000,0.347,0.000,1836599,0,0,171452
3930,10.7554,1.933,1.895,1.877,0.000,0.340,0.000,1917754,0,0,171452
3931,10.7574,1.919,1.855,1.837,0.000,0.374,0.000,1905708,0,0,171452
3932,10.7594,2.082,1.854,1.832,0.000,0.312,0.000,2064087,0,0,171548
3933,10.7617,2.089,1.929,1.911,0.000,0.330,0.000,2074135,0,0,171452
3934,10.7638,2.228,1.924,1.901,0.000,0.311,0.000,2211790,0,0,171452
3935,10.7658,2.057,2.078,2.059,0.000,0.779,0.000,2042377,0,0,171452
3936,10.7679,2.139,2.090,2.070,0.000,0.536,0.000,2110606,0,0,171452
3937,10.7710,2.982,2.227,2.207,0.000,0.307,0.000,2969066,0,0,171452
3938,10.7729,1.994,2.071,2.038,0.000,0.368,0.000,1977225,0,0,171452
3939,10.7748,1.941,2.128,2.106,0.000,0.341,0.000,1926421,0,0,171452
3940,10.7768,1.983,2.982,2.960,0.000,0.753,0.000,1960822,0,0,171452
3941,10.7787,1.865,1.991,1.972,0.000,0.727,0.000,1849009,0,0,171452
3942,10.7808,2.049,1.949,1.922,0.000,0.474,0.000,2030947,0,0,171452
3943,10.7827,2.044,1.976,1.956,0.000,0.363,0.000,2030381,0,0,171452
3944,10.7846,1.873,1.868,1.845,0.000,0.336,0.000,1858218,0,0,171452
3945,10.7865,1.862,2.044,2.026,0.000,0.332,0.000,1847217,0,0,171452
3946,10.7883,1.862,2.045,2.026,0.000,0.315,0.000,1849164,0,0,171452
3947,10.7902,1.828,1.872,1.854,0.000,0.283,0.000,1815045,0,0,171452
3948,10.7921,1.971,1.860,1.843,0.000,0.305,0.000,1944988,0,0,171452
3949,10.7941,1.929,1.862,1.845,0.000,0.730,0.000,1915095,0,0,171452
3950,10.7970,1.919,1.841,1.811,0.000,0.600,0.000,1905517,0,0,171452
3951,10.7990,2.992,1.959,1.940,0.000,0.357,0.000,2975307,0,0,171452
3952,10.8011,1.957,1.929,1.911,0.000,0.731,0.000,1942031,0,0,171452
3953,10.8031,2.082,1.923,1.901,0.000,0.731,0.000,2068601,0,0,171452
3954,10.8050,2.016,2.989,2.971,0.000,0.667,0.000,2000769,0,0,171452
3955,10.8073,1.984,1.956,1.938,0.000,0.349,0.000,1970532,0,0,171452
3956,10.8095,2.348,2.084,2.064,0.000,0.542,0.000,2329977,0,0,171452
3957,10.8116,2.155,2.015,1.996,0.000,0.715,0.000,2140262,0,0,171452
3958,10.8140,2.198,1.989,1.966,0.000,0.429,0.000,2182889,0,0,171452
3959,10.8163,2.391,2.345,2.325,0.000,0.357,0.000,2377517,0,0,171452
3960,10.8186,2.329,2.156,2.136,0.000,0.409,0.000,2312847,0,0,171452
3961,11.1726,352.975,2.198,2.178,0.000,0.660,0.000,352959559,0,0,190543
3962,11.1747,3.246,2.392,2.372,0.000,0.443,0.000,3235949,0,0,180354
3963,11.1767,2.036,2.329,2.308,0.000,0.783,0.000,2020575,0,0,171254
3964,11.1799,2.011,352.966,352.955,0.000,0.492,0.000,2002337,0,0,171254
3965,11.1822,3.296,3.251,3.234,0.000,0.406,0.000,3288664,0,0,171254
3966,11.1851,2.622,2.028,2.019,0.000,0.329,0.000,2610982,0,0,171814
3967,11.1872,2.556,2.011,2.001,0.000,0.760,0.000,2544101,0,0,171310
3968,11.1894,2.198,3.299,3.287,0.000,0.382,0.000,2190196,0,0,171254
3969,11.1914,2.020,2.623,2.609,0.000,0.392,0.000,2009894,0,0,171254
3970,11.1935,2.092,2.552,2.542,0.000,0.508,0.000,2083983,0,0,171254
3971,11.1957,2.113,2.199,2.188,0.000,0.669,0.000,2105585,0,0,171254
3972,11.1983,2.121,2.018,2.009,0.000,0.383,0.000,2110782,0,0,171254
3973,11.2007,2.727,2.092,2.083,0.000,0.494,0.000,2714979,0,0,171254
3974,11.2028,2.291,2.116,2.104,0.000,0.457,0.000,2282878,0,0,171254
3975,11.2049,2.018,2.123,2.109,0.000,0.368,0.000,2008850,0,0,171254
3976,11.2070,2.171,2.723,2.713,0.000,0.396,0.000,2163413,0,0,171254
3977,11.2090,2.021,2.292,2.281,0.000,0.383,0.000,2012552,0,0,171254
3978,11.2123,2.086,2.016,2.007,0.000,0.361,0.000,2078383,0,0,171254
3979,11.2143,3.263,2.172,2.162,0.000,0.358,0.000,3253942,0,0,171254
3980,11.2163,1.985,2.020,2.011,0.000,0.745,0.000,1976362,0,0,171254
3981,11.2180,1.853,2.087,2.077,0.000,0.722,0.000,1845579,0,0,171254
3982,11.2199,1.749,3.262,3.252,0.000,0.402,0.000,1742290,0,0,171254
3983,11.2217,1.950,1.984,1.975,0.000,0.720,0.000,1943301,0,0,171254
3984,11.2235,1.765,1.853,1.844,0.000,0.397,0.000,1757575,0,0,171254
3985,11.2254,1.815,1.749,1.741,0.000,0.359,0.000,1807500,0,0,171254
3986,11.2273,1.904,1.951,1.942,0.000,0.310,0.000,1895931,0,0,171254
3987,11.2291,1.883,1.765,1.756,0.000,0.358,0.000,1875745,0,0,171254
3988,11.2310,1.882,1.815,1.806,0.000,0.311,0.000,1875107,0,0,171254
3989,11.2335,2.230,1.903,1.895,0.000,0.288,0.000,2222927,0,0,171254
3990,11.2353,2.055,1.883,1.874,0.000,0.363,0.000,2043936,0,0,171254
3991,11.2371,1.818,1.883,1.874,0.000,0.324,0.000,1808982,0,0,171254
3992,11.2402,2.898,2.234,2.222,0.000,0.750,0.000,2892237,0,0,171350
3993,11.2423,2.090,2.052,2.042,0.000,0.665,0.000,2080662,0,0,171254
3994,11.2442,2.040,1.816,1.808,0.000,0.328,0.000,2032106,0,0,171254
3995,11.2460,1.847,2.902,2.891,0.000,0.348,0.000,1839618,0,0,171254
3996,11.2482,2.163,2.088,2.078,0.000,0.364,0.000,2155411,0,0,171254
3997,11.2500,1.855,2.040,2.031,0.000,0.699,0.000,1847274,0,0,171254
3998,11.2518,1.781,1.847,1.838,0.000,0.346,0.000,1774113,0,0,171254
3999,11.2535,1.738,2.163,2.154,0.000,0.285,0.000,1730904,0,0,171254
4000,11.2552,1.748,1.854,1.846,0.000,0.294,0.000,1741037,0,0,171254
4001,11.2570,1.722,1.781,1.773,0.000,0.255,0.000,1715516,0,0,171254
4002,11.2598,2.118,1.738,1.730,0.000,0.251,0.000,2111135,0,0,171254
4003,11.2618,2.678,1.748,1.740,0.000,0.261,0.000,2666541,0,0,171254
4004,11.2635,1.779,1.723,1.714,0.000,0.761,0.000,1771553,0,0,171254
4005,11.2662,1.688,2.123,2.110,0.000,0.355,0.000,1678708,0,0,171254
4006,11.2682,2.816,2.674,2.665,0.000,0.278,0.000,2808582,0,0,171254
4007,11.2701,2.047,1.780,1.770,0.000,0.281,0.000,2039033,0,0,171254
4008,11.2720,1.861,1.686,1.678,0.000,0.344,0.000,1853586,0,0,171254
4009,11.2742,1.998,2.817,2.807,0.000,0.360,0.000,1991193,0,0,171254
4010,11.2763,2.166,2.047,2.037,0.000,0.748,0.000,2158363,0,0,171254
4011,11.2784,2.171,1.861,1.852,0.000,0.662,0.000,2163884,0,0,171254
4012,11.2805,1.988,2.000,1.990,0.000,0.498,0.000,1977573,0,0,171254
4013,11.2823,2.067,2.165,2.157,0.000,0.456,0.000,2057476,0,0,171254
4014,11.2841,1.778,2.174,2.163,0.000,0.458,0.000,1770141,0,0,171254
4015,11.2859,1.798,1.987,1.976,0.000,0.303,0.000,1790894,0,0,171254
4016,11.2878,1.829,2.066,2.056,0.000,0.310,0.000,1821574,0,0,171254
4017,11.2896,1.796,1.778,1.769,0.000,0.330,0.000,1788691,0,0,171254
4018,11.2914,1.824,1.798,1.790,0.000,0.357,0.000,1817167,0,0,171254
4019,11.2942,1.766,1.829,1.820,0.000,0.396,0.000,1758855,0,0,171254
4020,11.2963,2.983,1.795,1.787,0.000,0.669,0.000,2975661,0,0,171254
4021,11.2981,1.965,1.825,1.816,0.000,0.684,0.000,1955902,0,0,171254
4022,11.3000,1.801,1.766,1.758,0.000,0.561,0.000,1793350,0,0,171350
4023,11.3017,1.813,2.984,2.975,0.000,0.636,0.000,1806049,0,0,171254
4024,11.3035,1.755,1.964,1.955,0.000,0.639,0.000,1748159,0,0,171254
4025,11.3052,1.758,1.800,1.792,0.000,0.686,0.000,1751178,0,0,171254
4026,11.3071,1.800,1.813,1.805,0.000,0.391,0.000,1793028,0,0,171254
4027,11.3090,1.905,1.755,1.747,0.000,0.660,0.000,1897927,0,0,171254
4028,11.3109,1.926,1.758,1.750,0.000,0.323,0.000,1918965,0,0,171254
4029,11.3128,1.876,1.801,1.792,0.000,0.304,0.000,1868602,0,0,171254
4030,11.3146,1.810,1.905,1.897,0.000,0.384,0.000,1802113,0,0,171254
4031,11.3165,1.907,1.927,1.918,0.000,0.316,0.000,1899096,0,0,171254
4032,11.3183,1.790,1.876,1.867,0.000,0.356,0.000,1782693,0,0,171254
4033,11.3213,1.813,1.810,1.801,0.000,0.351,0.000,1805559,0,0,171254
4034,11.3233,3.147,1.907,1.898,0.000,0.314,0.000,3139538,0,0,171254
4035,11.3252,1.988,1.790,1.781,0.000,0.295,0.000,1978959,0,0,171254
4036,11.3270,1.855,1.813,1.804,0.000,0.636,0.000,1847381,0,0,171254
4037,11.3288,1.787,3.149,3.138,0.000,0.354,0.000,1779778,0,0,171254
4038,11.3306,1.797,1.987,1.977,0.000,0.379,0.000,1790182,0,0,171254
4039,11.3324,1.768,1.854,1.846,0.000,0.307,0.000,1761289,0,0,171254
4040,11.3341,1.757,1.787,1.779,0.000,0.368,0.000,1749797,0,0,171254
4041,11.3359,1.763,1.797,1.789,0.000,0.648,0.000,1756852,0,0,171254
4042,11.3377,1.797,1.768,1.760,0.000,0.680,0.000,1789506,0,0,171254
4043,11.3395,1.710,1.756,1.749,0.000,0.359,0.000,1703051,0,0,171254
4044,11.3413,1.932,1.764,1.756,0.000,0.603,0.000,1924912,0,0,171254
4045,11.3430,1.702,1.797,1.788,0.000,0.400,0.000,1695034,0,0,171254
4046,11.3448,1.772,1.710,1.702,0.000,0.636,0.000,1763681,0,0,171254
4047,11.3476,1.729,1.933,1.924,0.000,0.359,0.000,1721847,0,0,171254
4048,11.3499,2.930,1.703,1.694,0.000,0.319,0.000,2923463,0,0,171254
4049,11.3524,2.619,1.770,1.762,0.000,0.600,0.000,2611239,0,0,171254
4050,11.3547,2.383,1.729,1.721,0.000,0.444,0.000,2370856,0,0,171254
4051,11.3570,2.290,2.932,2.922,0.000,0.836,0.000,2280591,0,0,171254
4052,11.3590,2.111,2.623,2.610,0.000,0.783,0.000,2102689,0,0,171350
4053,11.3611,2.000,2.380,2.369,0.000,0.406,0.000,1990894,0,0,171254
4054,11.3632,2.149,2.289,2.279,0.000,0.344,0.000,2140583,0,0,171254
4055,11.3654,2.031,2.111,2.101,0.000,0.709,0.000,2022358,0,0,171254
4056,11.3674,2.211,1.999,1.989,0.000,0.475,0.000,2202620,0,0,171254
4057,11.3694,2.032,2.149,2.139,0.000,0.355,0.000,2024065,0,0,171254
4058,11.3714,2.001,2.030,2.021,0.000,0.372,0.000,1992623,0,0,171254
4059,11.3733,1.914,2.211,2.201,0.000,0.328,0.000,1906636,0,0,171254
4060,11.3753,1.984,2.032,2.023,0.000,0.717,0.000,1976493,0,0,171254
4061,11.3783,1.948,2.000,1.991,0.000,0.662,0.000,1940334,0,0,171254
4062,11.3806,3.130,1.914,1.905,0.000,0.404,0.000,3122168,0,0,171254
4063,11.3827,2.245,1.985,1.975,0.000,0.707,0.000,2237338,0,0,171254
4064,11.3848,2.189,1.948,1.939,0.000,0.365,0.000,2181047,0,0,171254
4065,11.3869,2.011,3.130,3.121,0.000,0.386,0.000,2001360,0,0,171254
4066,11.3889,2.058,2.246,2.236,0.000,0.445,0.000,2049518,0,0,171254
4067,11.3910,2.081,2.191,2.180,0.000,0.720,0.000,2073882,0,0,171254
4068,11.3929,1.942,2.010,2.000,0.000,0.756,0.000,1934427,0,0,171254
4069,11.3948,1.883,2.057,2.048,0.000,0.700,0.000,1876044,0,0,171254
4070,11.3968,1.982,2.082,2.073,0.000,0.677,0.000,1974767,0,0,171254
4071,11.3988,1.995,1.942,1.933,0.000,0.363,0.000,1987403,0,0,171254
4072,11.4009,1.926,1.884,1.875,0.000,0.490,0.000,1917956,0,0,171254
4073,11.4029,2.154,1.983,1.974,0.000,0.311,0.000,2146309,0,0,171254
4074,11.4048,1.992,1.995,1.986,0.000,0.486,0.000,1982590,0,0,171254
4075,11.4080,1.912,1.926,1.917,0.000,0.429,0.000,1903779,0,0,171254
4076,11.4101,3.290,2.155,2.145,0.000,0.320,0.000,3281910,0,0,171254
4077,11.4124,2.176,1.990,1.981,0.000,0.443,0.000,2167878,0,0,171254
4078,11.4145,2.206,1.912,1.903,0.000,0.743,0.000,2195455,0,0,171254
4079,11.4167,2.236,3.291,3.281,0.000,0.605,0.000,2227979,0,0,171254
4080,11.4189,2.152,2.178,2.167,0.000,0.372,0.000,2122068,0,0,171254
4081,11.4213,2.243,2.204,2.194,0.000,0.701,0.000,2233431,0,0,190377
4082,11.4234,2.305,2.258,2.227,0.000,0.520,0.000,2296312,0,0,171350
4083,11.4255,2.097,2.131,2.120,0.000,0.345,0.000,2088360,0,0,171254
4084,11.4274,1.990,2.242,2.232,0.000,0.752,0.000,1981616,0,0,171254
4085,11.4294,1.951,2.305,2.295,0.000,0.471,0.000,1943588,0,0,171254
4086,11.4313,1.976,2.096,2.087,0.000,0.352,0.000,1968186,0,0,171254
4087,11.4333,1.912,1.989,1.980,0.000,0.348,0.000,1904615,0,0,171254
4088,11.4353,2.048,1.952,1.942,0.000,0.314,0.000,2039708,0,0,171254
4089,11.4383,1.928,1.975,1.967,0.000,0.354,0.000,1919853,0,0,171254
4090,11.4403,3.012,1.913,1.903,0.000,0.329,0.000,3004297,0,0,171254
4091,11.4423,1.968,2.047,2.038,0.000,0.387,0.000,1959936,0,0,171254
4092,11.4441,1.924,1.927,1.919,0.000,0.345,0.000,1916114,0,0,171254
4093,11.4461,1.894,3.012,3.003,0.000,0.422,0.000,1886161,0,0,171254
4094,11.4480,1.964,1.968,1.959,0.000,0.308,0.000,1954472,0,0,171254
4095,11.4499,1.953,1.924,1.915,0.000,0.499,0.000,1942846,0,0,171254
4096,11.4517,1.807,1.896,1.885,0.000,0.471,0.000,1799276,0,0,171254
4097,11.4534,1.742,1.964,1.953,0.000,0.341,0.000,1734833,0,0,171254
4098,11.4551,1.749,1.950,1.941,0.000,0.295,0.000,1742699,0,0,171254
4099,11.4568,1.713,1.806,1.798,0.000,0.254,0.000,1705871,0,0,171254
4100,11.4586,1.710,1.742,1.734,0.000,0.262,0.000,1701650,0,0,171254
4101,11.4604,1.708,1.750,1.742,0.000,0.291,0.000,1701152,0,0,171254
4102,11.4621,1.803,1.714,1.705,0.000,0.261,0.000,1795881,0,0,171254
4103,11.4649,1.701,1.709,1.700,0.000,0.253,0.000,1693490,0,0,171254
4104,11.4669,3.033,1.708,1.700,0.000,0.252,0.000,3026600,0,0,171254
4105,11.4689,1.979,1.803,1.795,0.000,0.269,0.000,1968403,0,0,171254
4106,11.4713,2.352,1.700,1.692,0.000,0.346,0.000,2343960,0,0,171254
4107,11.4733,1.991,3.037,3.025,0.000,0.428,0.000,1982540,0,0,171254
4108,11.4753,2.033,1.976,1.967,0.000,0.397,0.000,2025127,0,0,171254
4109,11.4772,1.976,2.353,2.343,0.000,0.351,0.000,1968367,0,0,171254
4110,11.4796,1.928,1.990,1.981,0.000,0.355,0.000,1919801,0,0,171254
4111,11.4825,2.815,2.033,2.024,0.000,0.349,0.000,2806809,0,0,171254
4112,11.4843,2.395,1.976,1.967,0.000,0.397,0.000,2383029,0,0,171350
4113,11.4862,1.872,1.928,1.918,0.000,0.355,0.000,1864361,0,0,171254
4114,11.4881,1.851,2.819,2.805,0.000,0.748,0.000,1844180,0,0,171254
4115,11.4898,1.800,2.390,2.381,0.000,0.396,0.000,1792731,0,0,171254
4116,11.4916,1.748,1.871,1.863,0.000,0.337,0.000,1741651,0,0,171254
4117,11.4944,1.729,1.851,1.843,0.000,0.313,0.000,1720808,0,0,171254
4118,11.4963,2.949,1.800,1.791,0.000,0.316,0.000,2942297,0,0,171254
4119,11.4984,1.888,1.749,1.740,0.000,0.309,0.000,1879111,0,0,171254
4120,11.5003,2.019,1.727,1.720,0.000,0.389,0.000,2011256,0,0,171254
4121,11.5020,1.898,2.951,2.941,0.000,0.309,0.000,1890259,0,0,171254
4122,11.5039,1.774,1.887,1.878,0.000,0.761,0.000,1767517,0,0,171254
4123,11.5056,1.762,2.019,2.010,0.000,0.670,0.000,1752655,0,0,171254
4124,11.5074,1.782,1.898,1.889,0.000,0.328,0.000,1774647,0,0,171254
4125,11.5091,1.769,1.776,1.766,0.000,1.036,0.000,1762468,0,0,171254
4126,11.5108,1.713,1.760,1.751,0.000,0.665,0.000,1705652,0,0,171254
4127,11.5127,1.737,1.781,1.773,0.000,0.369,0.000,1730276,0,0,171254
4128,11.5145,1.878,1.769,1.761,0.000,0.657,0.000,1868818,0,0,171254
4129,11.5164,1.878,1.712,1.704,0.000,0.376,0.000,1870643,0,0,171254
4130,11.5182,1.887,1.739,1.729,0.000,0.674,0.000,1879673,0,0,171254
4131,11.5213,1.799,1.876,1.867,0.000,0.434,0.000,1791515,0,0,171254
4132,11.5233,3.152,1.878,1.869,0.000,0.683,0.000,3145081,0,0,171254
4133,11.5252,1.935,1.887,1.879,0.000,0.698,0.000,1922248,0,0,171254
4134,11.5270,1.858,1.799,1.790,0.000,0.377,0.000,1850129,0,0,171254
4135,11.5290,1.902,3.157,3.144,0.000,0.401,0.000,1894014,0,0,171254
4136,11.5310,2.008,1.930,1.921,0.000,0.352,0.000,2000351,0,0,171254
4137,11.5329,1.975,1.858,1.849,0.000,0.362,0.000,1966781,0,0,171254
4138,11.5347,1.879,1.902,1.893,0.000,0.388,0.000,1871230,0,0,171254
4139,11.5365,1.760,2.009,1.999,0.000,0.333,0.000,1752932,0,0,171254
4140,11.5384,1.867,1.974,1.965,0.000,0.311,0.000,1860294,0,0,171254
4141,11.5408,1.969,1.878,1.870,0.000,0.724,0.000,1961541,0,0,171254
4142,11.5429,2.457,1.760,1.752,0.000,0.550,0.000,2449410,0,0,171350
4143,11.5450,2.021,1.867,1.859,0.000,0.638,0.000,2011362,0,0,171254
4144,11.5470,2.076,1.969,1.960,0.000,0.717,0.000,2067623,0,0,171254
4145,11.5500,1.975,2.459,2.448,0.000,0.724,0.000,1967650,0,0,171254
4146,11.5519,2.961,2.019,2.010,0.000,0.668,0.000,2953259,0,0,171254
4147,11.5538,1.903,2.076,2.066,0.000,0.626,0.000,1895349,0,0,171254
4148,11.5555,1.794,1.975,1.966,0.000,0.420,0.000,1785913,0,0,171254
4149,11.5573,1.795,2.961,2.952,0.000,0.680,0.000,1788051,0,0,171254
4150,11.5592,1.789,1.903,1.894,0.000,0.640,0.000,1782024,0,0,171254
4151,11.5611,1.982,1.793,1.785,0.000,0.360,0.000,1974923,0,0,171254
4152,11.5629,1.797,1.796,1.787,0.000,0.281,0.000,1789081,0,0,171254
4153,11.5647,1.803,1.789,1.780,0.000,0.313,0.000,1795931,0,0,171254
4154,11.5665,1.770,1.983,1.974,0.000,0.265,0.000,1760242,0,0,171254
4155,11.5683,1.829,1.797,1.788,0.000,0.267,0.000,1822176,0,0,171254
4156,11.5701,1.838,1.806,1.795,0.000,0.258,0.000,1830286,0,0,171254
4157,11.5718,1.740,1.767,1.759,0.000,0.668,0.000,1732900,0,0,171254
4158,11.5736,1.713,1.830,1.821,0.000,0.637,0.000,1706086,0,0,171254
4159,11.5786,1.813,1.838,1.829,0.000,0.613,0.000,1805341,0,0,171254
4160,11.5815,5.311,1.740,1.732,0.000,0.684,0.000,5303953,0,0,171254
4161,11.5844,3.519,1.714,1.705,0.000,0.601,0.000,3509929,0,0,171254
4162,11.5863,2.063,1.813,1.804,0.000,0.663,0.000,2052579,0,0,171254
4163,11.5882,1.855,5.314,5.303,0.000,0.350,0.000,1847392,0,0,171254
4164,11.5901,1.932,3.520,3.508,0.000,0.355,0.000,1924933,0,0,171254
4165,11.5920,1.860,2.059,2.050,0.000,0.642,0.000,1852186,0,0,171254
4166,11.5938,1.845,1.855,1.846,0.000,0.697,0.000,1837577,0,0,171254
4167,11.5956,1.822,1.932,1.924,0.000,0.672,0.000,1814851,0,0,171254
4168,11.5974,1.775,1.859,1.851,0.000,0.407,0.000,1767672,0,0,171254
4169,11.5994,1.828,1.845,1.836,0.000,0.431,0.000,1820216,0,0,171254
4170,11.6012,1.964,1.822,1.814,0.000,0.388,0.000,1955682,0,0,171254
4171,11.6031,1.829,1.775,1.766,0.000,0.654,0.000,1821614,0,0,171254
4172,11.6049,1.843,1.828,1.819,0.000,0.622,0.000,1835798,0,0,171350
4173,11.6067,1.827,1.963,1.954,0.000,0.574,0.000,1819917,0,0,171254
4174,11.6096,1.843,1.829,1.820,0.000,0.586,0.000,1835724,0,0,171254
4175,11.6116,2.939,1.843,1.835,0.000,0.647,0.000,2931227,0,0,171254
4176,11.6135,1.987,1.827,1.819,0.000,0.678,0.000,1978948,0,0,171254
4177,11.6155,1.942,1.843,1.834,0.000,0.357,0.000,1933605,0,0,171254
4178,11.6173,1.907,2.939,2.930,0.000,0.353,0.000,1899355,0,0,171254
4179,11.6192,1.810,1.987,1.977,0.000,0.311,0.000,1802534,0,0,171254
4180,11.6210,1.918,1.941,1.932,0.000,0.295,0.000,1910654,0,0,171254
4181,11.6229,1.853,1.907,1.898,0.000,0.285,0.000,1844890,0,0,171254
4182,11.6246,1.767,1.810,1.801,0.000,0.283,0.000,1760066,0,0,171254
4183,11.6265,1.780,1.919,1.909,0.000,0.256,0.000,1771449,0,0,171254
4184,11.6285,2.004,1.852,1.844,0.000,0.651,0.000,1995168,0,0,171254
4185,11.6305,1.986,1.769,1.759,0.000,0.345,0.000,1977364,0,0,171254
4186,11.6325,2.013,1.780,1.770,0.000,0.491,0.000,2005293,0,0,171254
4187,11.6345,2.020,2.003,1.994,0.000,0.352,0.000,2012350,0,0,171254
4188,11.6375,1.873,1.985,1.976,0.000,0.317,0.000,1864889,0,0,171254
4189,11.6396,3.051,2.013,2.004,0.000,0.318,0.000,3039662,0,0,171254
4190,11.6414,2.010,2.020,2.011,0.000,0.315,0.000,2002071,0,0,171254
4191,11.6432,1.819,1.876,1.864,0.000,0.659,0.000,1811268,0,0,171254
4192,11.6450,1.793,3.047,3.038,0.000,0.675,0.000,1785542,0,0,171254
4193,11.6469,1.787,2.010,2.001,0.000,0.301,0.000,1779669,0,0,171254
4194,11.6487,1.922,1.819,1.810,0.000,0.582,0.000,1915220,0,0,171254
4195,11.6505,1.819,1.793,1.784,0.000,0.495,0.000,1811691,0,0,171254
4196,11.6523,1.795,1.787,1.778,0.000,0.636,0.000,1787964,0,0,171254
4197,11.6540,1.754,1.923,1.914,0.000,0.664,0.000,1746580,0,0,171254
4198,11.6558,1.709,1.819,1.810,0.000,0.633,0.000,1701687,0,0,171254
4199,11.6576,1.725,1.795,1.787,0.000,0.629,0.000,1717482,0,0,171254
4200,11.6595,1.873,1.754,1.745,0.000,0.340,0.000,1866284,0,0,171254
4201,11.6614,1.978,1.709,1.701,0.000,0.290,0.000,1970302,0,0,190345
4202,11.6642,1.827,1.724,1.716,0.000,0.317,0.000,1819831,0,0,171350
4203,11.6662,2.826,1.874,1.865,0.000,0.265,0.000,2819390,0,0,171254
4204,11.6681,2.037,1.978,1.969,0.000,0.284,0.000,2027519,0,0,171254
4205,11.6698,1.802,1.827,1.819,0.000,0.452,0.000,1794101,0,0,171254
4206,11.6715,1.742,2.829,2.818,0.000,0.669,0.000,1734843,0,0,171254
4207,11.6733,1.738,2.035,2.026,0.000,0.647,0.000,1730677,0,0,171254
4208,11.6750,1.730,1.801,1.793,0.000,0.492,0.000,1722377,0,0,171254
4209,11.6768,1.716,1.742,1.734,0.000,0.318,0.000,1708998,0,0,171254
4210,11.6787,1.920,1.738,1.730,0.000,0.268,0.000,1912612,0,0,171254
4211,11.6808,1.848,1.729,1.721,0.000,0.644,0.000,1839083,0,0,171254
4212,11.6827,2.066,1.716,1.708,0.000,0.513,0.000,2058797,0,0,171254
4213,11.6850,2.200,1.922,1.911,0.000,0.395,0.000,2192543,0,0,171254
4214,11.6869,2.038,1.847,1.838,0.000,0.658,0.000,2030978,0,0,171254
4215,11.6889,1.950,2.066,2.058,0.000,0.707,0.000,1941854,0,0,171254
4216,11.6922,3.205,2.200,2.191,0.000,0.343,0.000,3197055,0,0,171254
4217,11.6943,2.165,2.039,2.030,0.000,0.462,0.000,2156078,0,0,171254
4218,11.6963,2.053,1.950,1.940,0.000,0.439,0.000,2043623,0,0,171254
4219,11.6983,1.998,3.207,3.195,0.000,0.327,0.000,1990375,0,0,171254
4220,11.7005,1.954,2.165,2.154,0.000,0.688,0.000,1946217,0,0,171254
4221,11.7025,2.233,2.052,2.042,0.000,0.374,0.000,2225155,0,0,171254
4222,11.7046,2.052,1.998,1.989,0.000,0.401,0.000,2042582,0,0,171254
4223,11.7068,2.094,1.955,1.945,0.000,0.424,0.000,2084480,0,0,171254
4224,11.7088,2.120,2.235,2.224,0.000,0.358,0.000,2110995,0,0,171254
4225,11.7109,2.082,2.052,2.041,0.000,0.556,0.000,2073912,0,0,171254
4226,11.7129,2.041,2.093,2.083,0.000,0.696,0.000,2032868,0,0,171254
4227,11.7148,1.951,2.119,2.109,0.000,0.624,0.000,1943421,0,0,171254
4228,11.7167,1.887,2.082,2.072,0.000,0.317,0.000,1879093,0,0,171254
4229,11.7196,1.851,2.040,2.031,0.000,0.353,0.000,1842763,0,0,171254
4230,11.7221,3.004,1.952,1.942,0.000,0.299,0.000,2995871,0,0,171254
4231,11.7240,2.414,1.887,1.878,0.000,0.280,0.000,2406015,0,0,171254
4232,11.7258,1.859,1.851,1.841,0.000,0.588,0.000,1850759,0,0,171350
4233,11.7276,1.787,3.004,2.995,0.000,0.640,0.000,1779608,0,0,171254
4234,11.7296,1.883,2.414,2.405,0.000,0.598,0.000,1875654,0,0,171254
4235,11.7317,2.072,1.858,1.849,0.000,0.675,0.000,2061906,0,0,171254
4236,11.7338,2.199,1.787,1.778,0.000,0.498,0.000,2191200,0,0,171254
4237,11.7356,1.889,1.886,1.875,0.000,0.399,0.000,1881422,0,0,171254
4238,11.7375,1.868,2.070,2.061,0.000,0.505,0.000,1860676,0,0,171254
4239,11.7395,1.876,2.199,2.190,0.000,0.340,0.000,1868390,0,0,171254
4240,11.7414,2.042,1.889,1.880,0.000,0.463,0.000,2035071,0,0,171254
4241,11.7434,1.890,1.868,1.859,0.000,0.403,0.000,1882392,0,0,171254
4242,11.7455,2.006,1.876,1.867,0.000,0.376,0.000,1998147,0,0,171254
4243,11.7491,2.334,2.043,2.034,0.000,0.365,0.000,2326146,0,0,171254
4244,11.7515,3.625,1.890,1.881,0.000,0.425,0.000,3614856,0,0,171254
4245,11.7536,2.171,2.006,1.997,0.000,0.766,0.000,2161518,0,0,171254
4246,11.7556,2.026,2.337,2.325,0.000,0.803,0.000,2018349,0,0,171254
4247,11.7577,2.144,3.624,3.613,0.000,0.656,0.000,2135860,0,0,171254
4248,11.7600,2.144,2.169,2.160,0.000,0.343,0.000,2129757,0,0,171254
4249,11.7621,2.259,2.026,2.017,0.000,0.519,0.000,2250041,0,0,171254
4250,11.7641,2.045,2.150,2.135,0.000,0.340,0.000,2036513,0,0,171254
4251,11.7662,1.927,2.138,2.128,0.000,0.325,0.000,1918933,0,0,171254
4252,11.7683,2.194,2.259,2.249,0.000,0.293,0.000,2186256,0,0,171254
4253,11.7703,2.067,2.044,2.035,0.000,0.694,0.000,2058992,0,0,171254
4254,11.7721,1.921,1.927,1.918,0.000,0.729,0.000,1913693,0,0,171254
4255,11.7739,1.797,2.194,2.185,0.000,0.606,0.000,1789375,0,0,171254
4256,11.7759,1.784,2.067,2.058,0.000,0.658,0.000,1776983,0,0,171254
4257,11.7789,1.982,1.921,1.912,0.000,0.385,0.000,1974868,0,0,171254
4258,11.7812,3.168,1.796,1.788,0.000,0.294,0.000,3160434,0,0,171254
4259,11.7834,2.264,1.784,1.776,0.000,0.308,0.000,2254602,0,0,171254
4260,11.7859,2.395,1.983,1.974,0.000,0.359,0.000,2386476,0,0,171254
4261,11.7886,2.651,3.170,3.159,0.000,0.383,0.000,2640714,0,0,171254
4262,11.7910,2.534,2.264,2.253,0.000,0.460,0.000,2524086,0,0,171350
4263,11.7932,2.312,2.397,2.385,0.000,0.761,0.000,2301423,0,0,171814
4264,11.7957,2.229,2.651,2.639,0.000,0.520,0.000,2219106,0,0,171310
4265,11.7981,2.555,2.534,2.522,0.000,0.481,0.000,2543149,0,0,171254
4266,11.8011,2.687,2.311,2.300,0.000,0.907,0.000,2677069,0,0,171254
4267,11.8041,2.814,2.231,2.218,0.000,0.651,0.000,2804504,0,0,171254
4268,11.8070,3.246,2.553,2.542,0.000,0.458,0.000,3236029,0,0,171254
4269,11.8098,2.803,2.687,2.675,0.000,0.484,0.000,2791689,0,0,171254
4270,11.8124,2.626,2.815,2.803,0.000,0.476,0.000,2614475,0,0,171254
4271,11.8162,2.549,3.247,3.234,0.000,0.469,0.000,2536784,0,0,171254
4272,11.8188,3.883,2.803,2.790,0.000,0.448,0.000,3872853,0,0,171254
4273,11.8214,2.490,2.627,2.613,0.000,0.462,0.000,2477710,0,0,171254
4274,11.8237,2.560,2.547,2.535,0.000,0.541,0.000,2548982,0,0,171254
4275,11.8260,2.256,3.885,3.871,0.000,0.444,0.000,2245477,0,0,171254
4276,11.8289,2.437,2.489,2.476,0.000,0.360,0.000,2427819,0,0,171254
4277,11.8314,2.958,2.559,2.547,0.000,0.419,0.000,2946383,0,0,171254
4278,11.8339,2.342,2.255,2.244,0.000,0.350,0.000,2333034,0,0,171254
4279,11.8361,2.443,2.441,2.426,0.000,0.395,0.000,2432516,0,0,171254
4280,11.8382,2.124,2.954,2.943,0.000,0.678,0.000,2115317,0,0,171254
4281,11.8404,2.027,2.343,2.331,0.000,0.772,0.000,2018359,0,0,171254
4282,11.8424,2.243,2.441,2.431,0.000,0.386,0.000,2235041,0,0,171254
4283,11.8443,1.957,2.123,2.114,0.000,0.294,0.000,1948528,0,0,171254
4284,11.8462,1.901,2.027,2.017,0.000,0.293,0.000,1892947,0,0,171254
4285,11.8493,1.967,2.243,2.233,0.000,0.373,0.000,1959843,0,0,171254
4286,11.8514,3.201,1.957,1.947,0.000,0.367,0.000,3193357,0,0,171254
4287,11.8535,2.024,1.900,1.892,0.000,0.714,0.000,2015453,0,0,171254
4288,11.8554,1.969,1.968,1.959,0.000,0.724,0.000,1960790,0,0,171254
4289,11.8572,1.858,3.202,3.192,0.000,0.688,0.000,1850337,0,0,171254
4290,11.8593,1.917,2.024,2.014,0.000,0.327,0.000,1909164,0,0,171254
4291,11.8613,2.071,1.969,1.959,0.000,0.658,0.000,2063256,0,0,171254
4292,11.8634,2.103,1.858,1.849,0.000,0.669,0.000,2094249,0,0,171350
4293,11.8654,2.012,1.917,1.908,0.000,0.417,0.000,2003702,0,0,171254
4294,11.8674,2.026,2.072,2.062,0.000,0.375,0.000,2017813,0,0,171254
4295,11.8696,2.087,2.102,2.093,0.000,0.327,0.000,2078454,0,0,171254
4296,11.8718,2.164,2.012,2.002,0.000,0.336,0.000,2154906,0,0,171254
4297,11.8739,2.155,2.027,2.016,0.000,0.303,0.000,2146595,0,0,171254
4298,11.8760,2.130,2.087,2.077,0.000,0.349,0.000,2119890,0,0,171254
4299,11.8793,3.171,2.163,2.153,0.000,0.491,0.000,3162998,0,0,171254
4300,11.8816,2.325,2.156,2.145,0.000,0.312,0.000,2315809,0,0,171254
4301,11.8840,2.373,2.128,2.118,0.000,0.378,0.000,2364743,0,0,171254
4302,11.8861,2.249,3.172,3.161,0.000,0.543,0.000,2238524,0,0,171254
4303,11.8885,2.128,2.325,2.314,0.000,0.512,0.000,2119833,0,0,171254
4304,11.8906,2.366,2.375,2.363,0.000,0.402,0.000,2358135,0,0,609106
4305,11.8927,2.064,2.246,2.236,0.000,0.400,0.000,2056504,0,0,171254
4306,11.8947,2.040,2.127,2.118,0.000,0.325,0.000,2032425,0,0,171254
4307,11.8967,2.001,2.366,2.357,0.000,0.392,0.000,1995991,0,0,171254
4308,11.8986,1.948,2.064,2.055,0.000,0.559,0.000,1938723,0,0,171254
4309,11.9007,1.965,2.040,2.031,0.000,0.462,0.000,1958042,0,0,171254
4310,11.9037,2.084,2.003,1.995,0.000,0.703,0.000,2076904,0,0,171254
4311,11.9059,3.162,1.946,1.937,0.000,0.688,0.000,3155159,0,0,171254
4312,11.9078,2.063,1.965,1.957,0.000,0.515,0.000,2056822,0,0,171254
4313,11.9101,2.262,2.084,2.076,0.000,0.363,0.000,2255795,0,0,171254
4314,11.9119,1.886,3.162,3.154,0.000,0.333,0.000,1879310,0,0,171254
4315,11.9138,1.842,2.063,2.055,0.000,0.311,0.000,1835956,0,0,171254
4316,11.9155,1.757,2.262,2.255,0.000,0.271,0.000,1750685,0,0,171254
4317,11.9172,1.717,1.886,1.878,0.000,0.330,0.000,1711090,0,0,171254
4318,11.9191,1.747,1.842,1.835,0.000,0.338,0.000,1739881,0,0,171254
4319,11.9209,1.937,1.757,1.750,0.000,0.706,0.000,1931768,0,0,171254
4320,11.9228,1.823,1.718,1.710,0.000,0.602,0.000,1816063,0,0,171254
4321,12.4784,554.831,1.746,1.739,0.000,0.381,0.000,554824222,0,0,190345
4322,12.4803,2.708,1.938,1.930,0.000,0.331,0.000,2698626,0,0,171354
4323,12.4820,1.744,1.822,1.815,0.000,0.399,0.000,1736793,0,0,171254
4324,12.4846,1.677,554.834,554.823,0.000,0.299,0.000,1669964,0,0,171254
4325,12.4864,2.663,2.706,2.697,0.000,0.266,0.000,2656089,0,0,171254
4326,12.4881,1.751,1.744,1.736,0.000,0.246,0.000,1744333,0,0,171254
4327,12.4897,1.645,1.677,1.669,0.000,0.345,0.000,1637975,0,0,171254
4328,12.4913,1.622,2.663,2.655,0.000,0.254,0.000,1614346,0,0,171254
4329,12.4930,1.656,1.751,1.743,0.000,0.326,0.000,1649039,0,0,171254
4330,12.4947,1.724,1.645,1.637,0.000,0.256,0.000,1716721,0,0,171254
4331,12.4963,1.632,1.621,1.613,0.000,0.252,0.000,1625469,0,0,171254
4332,12.4980,1.683,1.656,1.648,0.000,0.292,0.000,1676388,0,0,171254
4333,12.4997,1.691,1.723,1.716,0.000,0.570,0.000,1684562,0,0,171254
4334,12.5015,1.684,1.633,1.624,0.000,0.616,0.000,1677146,0,0,171254
4335,12.5033,1.812,1.683,1.675,0.000,0.615,0.000,1805223,0,0,171254
4336,12.5050,1.787,1.692,1.684,0.000,0.601,0.000,1779527,0,0,171254
4337,12.5067,1.697,1.684,1.676,0.000,0.335,0.000,1690192,0,0,171254
4338,12.5096,1.735,1.813,1.804,0.000,0.316,0.000,1727690,0,0,171254
4339,12.5115,2.933,1.787,1.778,0.000,0.379,0.000,2925776,0,0,171254
4340,12.5132,1.804,1.698,1.689,0.000,0.283,0.000,1795970,0,0,171254
4341,12.5150,1.778,1.735,1.727,0.000,0.661,0.000,1770062,0,0,171254
4342,12.5167,1.719,2.934,2.924,0.000,0.353,0.000,1711300,0,0,171254
4343,12.5185,1.770,1.803,1.795,0.000,0.633,0.000,1763200,0,0,171254
4344,12.5202,1.768,1.778,1.769,0.000,0.340,0.000,1760521,0,0,171254
4345,12.5222,1.767,1.719,1.710,0.000,0.533,0.000,1760282,0,0,171254
4346,12.5240,1.945,1.770,1.762,0.000,0.601,0.000,1936828,0,0,171254
4347,12.5258,1.795,1.767,1.759,0.000,0.399,0.000,1787480,0,0,171254
4348,12.5277,1.877,1.768,1.759,0.000,0.278,0.000,1869294,0,0,171254
4349,12.5296,1.890,1.945,1.936,0.000,0.303,0.000,1881735,0,0,171254
4350,12.5316,1.981,1.795,1.786,0.000,0.507,0.000,1973514,0,0,171254
4351,12.5337,1.959,1.877,1.868,0.000,0.631,0.000,1951249,0,0,171254
4352,12.5371,2.192,1.889,1.881,0.000,0.379,0.000,2183685,0,0,171350
4353,12.5395,3.517,1.981,1.972,0.000,0.697,0.000,3508569,0,0,171254
4354,12.5420,2.441,1.959,1.950,0.000,0.720,0.000,2432666,0,0,171254
4355,12.5444,2.475,2.192,2.183,0.000,0.557,0.000,2465891,0,0,171254
4356,12.5466,2.340,3.518,3.507,0.000,0.480,0.000,2330243,0,0,171254
4357,12.5488,2.143,2.442,2.431,0.000,0.451,0.000,2134304,0,0,171254
4358,12.5508,2.095,2.475,2.464,0.000,0.481,0.000,2085530,0,0,171254
4359,12.5530,2.104,2.339,2.329,0.000,0.524,0.000,2096143,0,0,171254
4360,12.5551,2.144,2.143,2.133,0.000,0.387,0.000,2135890,0,0,171254
4361,12.5573,2.105,2.094,2.084,0.000,0.376,0.000,2095344,0,0,171254
4362,12.5593,2.190,2.105,2.095,0.000,0.383,0.000,2180999,0,0,171254
4363,12.5614,1.975,2.145,2.134,0.000,0.330,0.000,1966186,0,0,171254
4364,12.5634,2.097,2.104,2.094,0.000,0.388,0.000,2088428,0,0,171254
4365,12.5655,1.998,2.190,2.179,0.000,0.755,0.000,1988790,0,0,171254
4366,12.5687,2.065,1.975,1.965,0.000,0.707,0.000,2054753,0,0,171254
4367,12.5708,3.283,2.098,2.087,0.000,0.516,0.000,3273626,0,0,171254
4368,12.5727,2.046,1.999,1.987,0.000,0.451,0.000,2037431,0,0,171254
4369,12.5746,1.828,2.065,2.053,0.000,0.737,0.000,1820441,0,0,171254
4370,12.5764,1.875,3.282,3.272,0.000,0.651,0.000,1867625,0,0,171254
4371,12.5782,1.794,2.044,2.036,0.000,0.704,0.000,1786348,0,0,171254
4372,12.5800,1.788,1.828,1.819,0.000,0.318,0.000,1780176,0,0,171254
4373,12.5820,1.831,1.875,1.866,0.000,0.611,0.000,1823515,0,0,171254
4374,12.5838,1.967,1.794,1.785,0.000,0.639,0.000,1959463,0,0,171254
4375,12.5856,1.794,1.787,1.779,0.000,0.671,0.000,1786402,0,0,171254
4376,12.5873,1.801,1.831,1.822,0.000,0.536,0.000,1793905,0,0,171254
4377,12.5891,1.765,1.967,1.958,0.000,0.303,0.000,1757871,0,0,171254
4378,12.5909,1.766,1.794,1.785,0.000,0.312,0.000,1758759,0,0,171254
4379,12.5926,1.719,1.801,1.792,0.000,0.319,0.000,1711936,0,0,171254
4380,12.5954,1.704,1.765,1.757,0.000,0.302,0.000,1697418,0,0,171254
4381,12.5973,2.899,1.766,1.758,0.000,0.294,0.000,2891836,0,0,171254
4382,12.5993,1.990,1.718,1.711,0.000,0.286,0.000,1981969,0,0,171350
4383,12.6014,2.034,1.704,1.696,0.000,0.310,0.000,2023017,0,0,171254
4384,12.6031,1.916,2.900,2.890,0.000,0.472,0.000,1908207,0,0,171254
4385,12.6049,1.753,1.993,1.981,0.000,0.335,0.000,1745543,0,0,171254
4386,12.6067,1.753,2.031,2.022,0.000,0.641,0.000,1746024,0,0,171254
4387,12.6084,1.752,1.916,1.907,0.000,0.676,0.000,1744872,0,0,171254
4388,12.6102,1.834,1.752,1.744,0.000,0.349,0.000,1826818,0,0,171254
4389,12.6119,1.733,1.754,1.745,0.000,0.320,0.000,1725529,0,0,171254
4390,12.6136,1.700,1.752,1.743,0.000,0.311,0.000,1692570,0,0,171254
4391,12.6158,2.025,1.834,1.825,0.000,0.284,0.000,2018281,0,0,171254
4392,12.6175,1.865,1.733,1.724,0.000,0.297,0.000,1854256,0,0,171254
4393,12.6193,1.698,1.700,1.691,0.000,0.266,0.000,1690765,0,0,171254
4394,12.6221,1.728,2.030,2.017,0.000,0.528,0.000,1721386,0,0,171254
4395,12.6240,2.965,1.860,1.851,0.000,0.617,0.000,2958250,0,0,171254
4396,12.6258,1.824,1.698,1.690,0.000,0.337,0.000,1816346,0,0,171254
4397,12.6275,1.724,1.728,1.720,0.000,0.655,0.000,1716980,0,0,171254
4398,12.6292,1.735,2.966,2.957,0.000,0.611,0.000,1728069,0,0,171254
4399,12.6310,1.750,1.823,1.815,0.000,0.405,0.000,1743301,0,0,171254
4400,12.6328,1.808,1.724,1.716,0.000,0.665,0.000,1801151,0,0,171254
4401,12.6346,1.792,1.735,1.727,0.000,0.299,0.000,1785317,0,0,171254
4402,12.6364,1.847,1.750,1.742,0.000,0.272,0.000,1831075,0,0,171254
4403,12.6382,1.793,1.808,1.800,0.000,0.263,0.000,1785974,0,0,171254
4404,12.6401,1.819,1.801,1.784,0.000,0.628,0.000,1811712,0,0,171254
4405,12.6424,1.854,1.838,1.830,0.000,0.666,0.000,1846708,0,0,171254
4406,12.6442,2.299,1.793,1.785,0.000,0.345,0.000,2292024,0,0,171254
4407,12.6460,1.762,1.819,1.811,0.000,0.538,0.000,1754117,0,0,171254
4408,12.6489,1.844,1.854,1.846,0.000,0.326,0.000,1836705,0,0,171254
4409,12.6509,2.930,2.299,2.291,0.000,0.299,0.000,2922257,0,0,171254
4410,12.6528,1.997,1.762,1.753,0.000,0.340,0.000,1989390,0,0,171254
4411,12.6547,1.876,1.844,1.835,0.000,0.346,0.000,1868642,0,0,171254
4412,12.6565,1.863,2.930,2.921,0.000,0.337,0.000,1853872,0,0,171350
4413,12.6584,1.921,1.997,1.988,0.000,0.666,0.000,1913355,0,0,171254
4414,12.6603,1.865,1.878,1.867,0.000,0.344,0.000,1856750,0,0,171254
4415,12.6625,2.072,1.861,1.852,0.000,0.321,0.000,2064429,0,0,171254
4416,12.6642,1.906,1.921,1.912,0.000,0.517,0.000,1898374,0,0,171254
4417,12.6660,1.738,1.864,1.855,0.000,0.307,0.000,1730717,0,0,171254
4418,12.6678,1.751,2.072,2.063,0.000,0.263,0.000,1744533,0,0,171254
4419,12.6695,1.815,1.906,1.897,0.000,0.257,0.000,1808273,0,0,171254
4420,12.6713,1.728,1.738,1.730,0.000,0.635,0.000,1721083,0,0,171254
4421,12.6731,1.758,1.752,1.743,0.000,0.597,0.000,1751667,0,0,171254
4422,12.6749,1.900,1.816,1.807,0.000,0.594,0.000,1892995,0,0,171254
4423,12.6778,2.826,1.728,1.720,0.000,0.663,0.000,2819532,0,0,171254
4424,12.6796,1.857,1.759,1.750,0.000,0.656,0.000,1849431,0,0,171254
4425,12.6819,2.043,1.900,1.892,0.000,0.604,0.000,2035539,0,0,171254
4426,12.6837,2.044,2.827,2.818,0.000,0.459,0.000,2036706,0,0,171254
4427,12.6854,1.693,1.857,1.848,0.000,0.651,0.000,1686231,0,0,171254
4428,12.6871,1.732,2.043,2.034,0.000,0.613,0.000,1724997,0,0,171254
4429,12.6889,1.737,2.044,2.036,0.000,0.328,0.000,1729610,0,0,171254
4430,12.6912,2.004,1.693,1.685,0.000,0.625,0.000,1997159,0,0,171254
4431,12.6932,2.224,1.732,1.724,0.000,0.585,0.000,2215502,0,0,171254
4432,12.6951,1.974,1.736,1.728,0.000,0.675,0.000,1965954,0,0,171254
4433,12.6969,1.835,2.006,1.996,0.000,0.354,0.000,1824672,0,0,171254
4434,12.6990,2.135,2.223,2.214,0.000,0.646,0.000,2127462,0,0,171254
4435,12.7010,1.784,1.976,1.965,0.000,0.631,0.000,1775681,0,0,171254
4436,12.7028,2.004,1.832,1.823,0.000,0.583,0.000,1997319,0,0,171254
4437,12.7110,1.812,2.135,2.126,0.000,0.351,0.000,1804397,0,0,171254
4438,12.7133,8.439,1.782,1.774,0.000,0.323,0.000,8431784,0,0,171254
4439,12.7170,3.424,2.005,1.996,0.000,0.291,0.000,3414335,0,0,171254
4440,12.7193,2.590,1.812,1.803,0.000,0.384,0.000,2578199,0,0,171254
4441,12.7222,2.399,8.442,8.431,0.000,0.317,0.000,2390000,0,0,190349
4442,12.7245,2.795,3.426,3.413,0.000,0.429,0.000,2783804,0,0,171350
4443,12.7267,2.228,2.586,2.576,0.000,0.463,0.000,2218393,0,0,171254
4444,12.7287,2.065,2.401,2.389,0.000,0.427,0.000,2054973,0,0,171254
4445,12.7308,2.051,2.794,2.783,0.000,0.614,0.000,2043429,0,0,171254
4446,12.7329,2.104,2.228,2.217,0.000,0.376,0.000,2094944,0,0,171254
4447,12.7352,2.213,2.063,2.054,0.000,0.372,0.000,2204017,0,0,171254
4448,12.7376,2.313,2.052,2.042,0.000,0.757,0.000,2303769,0,0,171254
4449,12.7401,2.510,2.104,2.094,0.000,0.838,0.000,2501209,0,0,171254
4450,12.7428,2.496,2.214,2.203,0.000,0.463,0.000,2486283,0,0,171254
4451,12.7451,2.552,2.313,2.302,0.000,0.449,0.000,2541959,0,0,171254
4452,12.7485,2.282,2.511,2.500,0.000,0.475,0.000,2271651,0,0,171254
4453,12.7508,3.490,2.496,2.484,0.000,0.421,0.000,3479650,0,0,171254
4454,12.7530,2.208,2.552,2.540,0.000,0.454,0.000,2198551,0,0,171254
4455,12.7551,2.120,2.281,2.270,0.000,0.783,0.000,2110941,0,0,171254
4456,12.7574,2.246,3.489,3.478,0.000,0.762,0.000,2237019,0,0,171254
4457,12.7598,2.325,2.207,2.197,0.000,0.772,0.000,2315825,0,0,171254
4458,12.7622,2.340,2.120,2.110,0.000,0.413,0.000,2329524,0,0,171254
4459,12.7643,2.289,2.246,2.236,0.000,0.584,0.000,2280129,0,0,171254
4460,12.7664,2.165,2.326,2.314,0.000,0.595,0.000,2156696,0,0,171254
4461,12.7685,2.068,2.339,2.328,0.000,0.369,0.000,2058716,0,0,171254
4462,12.7705,2.029,2.289,2.279,0.000,0.372,0.000,2020579,0,0,171254
4463,12.7725,1.990,2.166,2.155,0.000,0.537,0.000,1981711,0,0,171254
4464,12.7746,2.044,2.067,2.057,0.000,0.321,0.000,2034900,0,0,171254
4465,12.7768,2.097,2.029,2.019,0.000,0.591,0.000,2088405,0,0,171254
4466,12.7803,2.374,1.991,1.980,0.000,0.739,0.000,2364815,0,0,171254
4467,12.7829,3.484,2.043,2.033,0.000,0.435,0.000,3473956,0,0,171254
4468,12.7858,2.741,2.098,2.087,0.000,0.421,0.000,2731333,0,0,171254
4469,12.7883,2.877,2.375,2.363,0.000,0.425,0.000,2863786,0,0,171254
4470,12.7905,2.302,3.484,3.472,0.000,0.555,0.000,2290625,0,0,171254
4471,12.7926,2.076,2.744,2.729,0.000,0.451,0.000,2067239,0,0,171254
4472,12.7949,2.231,2.875,2.862,0.000,0.331,0.000,2223128,0,0,171350
4473,12.7974,2.463,2.299,2.289,0.000,0.293,0.000,2444557,0,0,171254
4474,12.8002,2.713,2.076,2.066,0.000,0.407,0.000,2703312,0,0,171254
4475,12.8035,2.653,2.241,2.222,0.000,0.589,0.000,2640607,0,0,171254
4476,12.8156,11.255,2.454,2.442,0.000,0.455,0.000,11243574,0,0,171254
4477,12.8210,5.322,2.716,2.702,0.000,0.958,0.000,5296750,0,0,171256
4478,12.8278,6.028,2.653,2.639,0.000,1.154,0.000,6005428,0,0,171254
4479,12.8339,7.000,11.270,11.242,0.000,1.156,0.000,6972832,0,0,171254
4480,12.8392,4.677,5.320,5.294,0.000,0.894,0.000,4648072,0,0,171254
4481,12.8433,5.398,6.032,6.002,0.000,0.808,0.000,5382650,0,0,171254
4482,12.8465,3.696,7.001,6.969,0.000,0.734,0.000,3676531,0,0,171254
4483,12.8498,3.160,4.664,4.645,0.000,0.597,0.000,3146558,0,0,171254
4484,12.8529,3.313,5.403,5.380,0.000,0.699,0.000,3300167,0,0,171254
4485,12.8559,3.133,3.689,3.673,0.000,0.589,0.000,3121051,0,0,171254
4486,12.8587,2.814,3.159,3.144,0.000,0.517,0.000,2801693,0,0,171254
4487,12.8612,2.546,3.312,3.298,0.000,1.078,0.000,2536032,0,0,171254
4488,12.8635,2.510,3.133,3.119,0.000,0.763,0.000,2500978,0,0,171254
4489,12.8659,2.293,2.812,2.800,0.000,0.669,0.000,2283382,0,0,171254
4490,12.8681,2.314,2.545,2.534,0.000,0.395,0.000,2304336,0,0,171254
4491,12.8703,2.186,2.511,2.499,0.000,0.904,0.000,2174302,0,0,171254
4492,12.8724,2.197,2.293,2.282,0.000,0.561,0.000,2188667,0,0,171254
4493,12.8746,2.113,2.316,2.303,0.000,0.804,0.000,2104602,0,0,171254
4494,12.8777,2.099,2.183,2.173,0.000,0.339,0.000,2090586,0,0,171254
4495,12.8800,3.171,2.197,2.187,0.000,0.802,0.000,3162712,0,0,171254
4496,12.8822,2.283,2.113,2.103,0.000,0.335,0.000,2273380,0,0,171254
4497,12.8842,2.113,2.099,2.089,0.000,0.415,0.000,2105237,0,0,171254
4498,12.8862,2.087,3.172,3.161,0.000,0.541,0.000,2078099,0,0,171254
4499,12.8881,1.957,2.281,2.272,0.000,0.768,0.000,1948728,0,0,171254
4500,12.8901,1.959,2.114,2.104,0.000,0.744,0.000,1952015,0,0,171254
4501,12.8919,1.810,2.086,2.077,0.000,0.380,0.000,1802752,0,0,171254
4502,12.8937,1.863,1.956,1.947,0.000,0.302,0.000,1855968,0,0,171350
4503,12.8955,1.749,1.960,1.951,0.000,0.287,0.000,1742078,0,0,171254
4504,12.8972,1.771,1.810,1.802,0.000,0.292,0.000,1763724,0,0,171254
4505,12.8990,1.770,1.863,1.855,0.000,0.278,0.000,1762574,0,0,171254
4506,12.9009,1.783,1.749,1.741,0.000,0.359,0.000,1775568,0,0,171254
4507,12.9026,1.837,1.772,1.763,0.000,0.269,0.000,1829656,0,0,171254
4508,12.9055,2.820,1.770,1.761,0.000,0.655,0.000,2812451,0,0,171254
4509,12.9073,1.838,1.783,1.774,0.000,0.410,0.000,1829929,0,0,171254
4510,12.9090,1.722,1.837,1.828,0.000,0.304,0.000,1715171,0,0,171254
4511,12.9107,1.722,2.820,2.811,0.000,0.267,0.000,1714507,0,0,171254
4512,12.9124,1.705,1.837,1.829,0.000,0.690,0.000,1698239,0,0,171254
4513,12.9141,1.681,1.722,1.714,0.000,0.386,0.000,1674193,0,0,171254
4514,12.9158,1.770,1.722,1.713,0.000,0.660,0.000,1763385,0,0,171254
4515,12.9177,1.761,1.705,1.697,0.000,0.413,0.000,1754247,0,0,171254
4516,12.9195,1.820,1.681,1.673,0.000,0.619,0.000,1812653,0,0,171254
4517,12.9214,1.837,1.770,1.762,0.000,0.448,0.000,1830431,0,0,171254
4518,12.9232,1.879,1.761,1.753,0.000,0.551,0.000,1872694,0,0,171254
4519,12.9250,1.795,1.820,1.811,0.000,0.305,0.000,1787893,0,0,171254
4520,12.9268,1.793,1.837,1.829,0.000,0.660,0.000,1785797,0,0,171254
4521,12.9296,1.790,1.880,1.872,0.000,0.387,0.000,1782822,0,0,171254
4522,12.9315,2.886,1.795,1.787,0.000,0.337,0.000,2879086,0,0,171254
4523,12.9332,1.813,1.793,1.785,0.000,0.342,0.000,1805660,0,0,171254
4524,12.9350,1.721,1.790,1.782,0.000,0.582,0.000,1713659,0,0,171254
4525,12.9376,2.388,2.887,2.878,0.000,0.390,0.000,2380543,0,0,171254
4526,12.9394,2.029,1.813,1.804,0.000,0.365,0.000,2016860,0,0,171254
4527,12.9413,1.818,1.721,1.712,0.000,0.346,0.000,1810684,0,0,171254
4528,12.9431,1.907,2.393,2.379,0.000,0.396,0.000,1899705,0,0,171254
4529,12.9449,1.761,2.024,2.015,0.000,0.695,0.000,1753208,0,0,171254
4530,12.9468,1.764,1.818,1.809,0.000,0.392,0.000,1756302,0,0,171254
4531,12.9486,1.915,1.907,1.899,0.000,0.330,0.000,1907764,0,0,171254
4532,12.9504,1.835,1.761,1.752,0.000,0.451,0.000,1828028,0,0,171350
4533,12.9521,1.760,1.763,1.755,0.000,0.659,0.000,1752582,0,0,171254
4534,12.9539,1.738,1.915,1.907,0.000,0.672,0.000,1731276,0,0,171254
4535,12.9567,1.783,1.835,1.827,0.000,0.379,0.000,1776312,0,0,171254
4536,12.9587,2.908,1.760,1.751,0.000,0.595,0.000,2901000,0,0,171254
4537,12.9607,1.884,1.738,1.730,0.000,0.676,0.000,1876953,0,0,171254
4538,12.9624,1.989,1.783,1.775,0.000,0.382,0.000,1981855,0,0,171254
4539,12.9642,1.746,2.908,2.900,0.000,0.310,0.000,1737619,0,0,171254
4540,12.9660,1.798,1.884,1.876,0.000,0.685,0.000,1790942,0,0,171254
4541,12.9677,1.772,1.990,1.981,0.000,0.659,0.000,1765136,0,0,171254
4542,12.9695,1.710,1.745,1.736,0.000,0.357,0.000,1702805,0,0,171254
4543,12.9712,1.714,1.798,1.790,0.000,0.648,0.000,1706892,0,0,171254
4544,12.9729,1.704,1.772,1.764,0.000,0.678,0.000,1697461,0,0,171254
4545,12.9747,1.726,1.710,1.702,0.000,0.657,0.000,1719222,0,0,171254
4546,12.9765,1.841,1.714,1.706,0.000,0.663,0.000,1834000,0,0,171254
4547,12.9782,1.754,1.705,1.696,0.000,0.528,0.000,1746515,0,0,171254
4548,12.9800,1.765,1.726,1.718,0.000,0.649,0.000,1757725,0,0,171254
4549,12.9828,1.711,1.841,1.833,0.000,0.390,0.000,1704115,0,0,171254
4550,12.9847,2.987,1.754,1.745,0.000,0.361,0.000,2980108,0,0,171254
4551,12.9865,1.856,1.765,1.756,0.000,0.334,0.000,1848303,0,0,171254
4552,12.9883,1.792,1.711,1.703,0.000,0.374,0.000,1785803,0,0,171254
4553,12.9901,1.744,2.988,2.979,0.000,0.296,0.000,1736592,0,0,171254
4554,12.9918,1.751,1.855,1.847,0.000,0.675,0.000,1744574,0,0,171254
4555,12.9935,1.692,1.793,1.784,0.000,0.355,0.000,1684427,0,0,171254
4556,12.9953,1.787,1.743,1.735,0.000,0.288,0.000,1780495,0,0,171254
4557,12.9974,1.971,1.752,1.743,0.000,0.599,0.000,1964204,0,0,171254
4558,12.9992,1.945,1.691,1.683,0.000,0.292,0.000,1933509,0,0,171254
4559,13.0011,1.778,1.787,1.779,0.000,0.341,0.000,1770932,0,0,171254
4560,13.0028,1.854,1.975,1.963,0.000,0.690,0.000,1847170,0,0,171814
4561,13.0048,1.872,1.941,1.932,0.000,0.649,0.000,1865113,0,0,190403
4562,13.0066,1.855,1.778,1.770,0.000,0.640,0.000,1848934,0,0,171350
4563,13.0094,1.776,1.854,1.846,0.000,0.390,0.000,1769783,0,0,171254
4564,13.0112,2.805,1.872,1.864,0.000,0.334,0.000,2798621,0,0,171254
4565,13.0129,1.802,1.856,1.848,0.000,0.282,0.000,1794473,0,0,171254
4566,13.0146,1.710,1.776,1.768,0.000,0.360,0.000,1702889,0,0,171254
4567,13.0164,1.743,2.806,2.798,0.000,0.353,0.000,1736392,0,0,171254
4568,13.0182,1.749,1.802,1.793,0.000,0.304,0.000,1741866,0,0,171254
4569,13.0200,1.771,1.709,1.702,0.000,0.270,0.000,1763799,0,0,171254
4570,13.0219,1.805,1.744,1.735,0.000,0.259,0.000,1797300,0,0,171254
4571,13.0237,1.926,1.749,1.740,0.000,0.372,0.000,1918623,0,0,171254
4572,13.0254,1.756,1.771,1.762,0.000,0.671,0.000,1748721,0,0,171254
4573,13.0272,1.727,1.805,1.796,0.000,0.656,0.000,1720479,0,0,171254
4574,13.0291,1.922,1.925,1.917,0.000,0.740,0.000,1914934,0,0,171254
4575,13.0309,1.809,1.755,1.748,0.000,0.349,0.000,1801771,0,0,171254
4576,13.0327,1.794,1.727,1.719,0.000,0.337,0.000,1786846,0,0,171254
4577,13.0357,1.888,1.922,1.914,0.000,0.316,0.000,1880145,0,0,171254
4578,13.0375,2.951,1.809,1.801,0.000,0.310,0.000,2942836,0,0,171254
4579,13.0393,1.799,1.794,1.786,0.000,0.313,0.000,1791041,0,0,171254
4580,13.0414,1.868,1.888,1.879,0.000,0.689,0.000,1860767,0,0,171254
4581,13.0435,2.162,2.950,2.942,0.000,0.611,0.000,2154009,0,0,171254
4582,13.0456,2.073,1.798,1.790,0.000,0.717,0.000,2064188,0,0,171254
4583,13.0476,2.091,1.869,1.859,0.000,0.744,0.000,2082365,0,0,171254
4584,13.0498,2.036,2.162,2.153,0.000,0.655,0.000,2028074,0,0,171254
4585,13.0521,2.279,2.072,2.063,0.000,0.367,0.000,2270974,0,0,171254
4586,13.0543,2.341,2.091,2.081,0.000,0.362,0.000,2328636,0,0,171254
4587,13.0564,2.074,2.036,2.027,0.000,0.558,0.000,2064937,0,0,171254
4588,13.0584,2.123,2.283,2.270,0.000,0.388,0.000,2114235,0,0,171254
4589,13.0604,1.964,2.338,2.327,0.000,0.756,0.000,1956005,0,0,171254
4590,13.0623,1.857,2.073,2.064,0.000,0.330,0.000,1848144,0,0,171254
4591,13.0652,1.923,2.122,2.113,0.000,0.351,0.000,1914846,0,0,171254
4592,13.0670,2.917,1.965,1.955,0.000,0.711,0.000,2910142,0,0,171350
4593,13.0687,1.717,1.856,1.847,0.000,0.395,0.000,1709709,0,0,171254
4594,13.0703,1.645,1.922,1.914,0.000,0.295,0.000,1638578,0,0,171254
4595,13.0720,1.656,2.918,2.909,0.000,0.377,0.000,1648665,0,0,171254
4596,13.0736,1.643,1.716,1.708,0.000,0.265,0.000,1636058,0,0,171254
4597,13.0752,1.574,1.646,1.637,0.000,0.276,0.000,1567307,0,0,171254
4598,13.0769,1.635,1.655,1.648,0.000,0.258,0.000,1628000,0,0,171254
4599,13.0788,1.860,1.643,1.635,0.000,0.309,0.000,1853724,0,0,171254
4600,13.0807,1.849,1.574,1.566,0.000,0.285,0.000,1841097,0,0,171254
4601,13.0826,1.927,1.635,1.627,0.000,0.413,0.000,1913034,0,0,171254
4602,13.0845,1.934,1.862,1.853,0.000,0.371,0.000,1926173,0,0,171254
4603,13.0864,1.866,1.855,1.840,0.000,0.705,0.000,1858788,0,0,171254
4604,13.0882,1.874,1.920,1.912,0.000,0.668,0.000,1866723,0,0,171254
4605,13.0911,1.862,1.933,1.925,0.000,0.662,0.000,1854639,0,0,171254
4606,13.0931,2.997,1.866,1.858,0.000,0.362,0.000,2989131,0,0,171254
4607,13.0950,1.882,1.874,1.865,0.000,0.365,0.000,1874373,0,0,171254
4608,13.0967,1.810,1.862,1.853,0.000,0.364,0.000,1803535,0,0,171254
4609,13.0985,1.734,2.997,2.988,0.000,0.286,0.000,1727066,0,0,171254
4610,13.1003,1.815,1.881,1.873,0.000,0.339,0.000,1808271,0,0,171254
4611,13.1023,1.802,1.811,1.802,0.000,0.662,0.000,1795753,0,0,171254
4612,13.1041,1.980,1.734,1.726,0.000,0.338,0.000,1973227,0,0,171254
4613,13.1059,1.802,1.815,1.807,0.000,0.379,0.000,1794554,0,0,171254
4614,13.1079,1.797,1.803,1.794,0.000,0.347,0.000,1790704,0,0,171254
4615,13.1099,2.052,1.981,1.972,0.000,0.283,0.000,2045465,0,0,171254
4616,13.1120,2.014,1.801,1.793,0.000,0.431,0.000,2006388,0,0,171254
4617,13.1143,2.278,1.798,1.790,0.000,0.315,0.000,2270005,0,0,171254
4618,13.1165,2.426,2.052,2.044,0.000,0.728,0.000,2417694,0,0,171254
4619,13.1197,1.986,2.014,2.005,0.000,0.551,0.000,1978309,0,0,171254
4620,13.1220,3.261,2.279,2.269,0.000,0.413,0.000,3253536,0,0,171254
4621,13.1241,2.250,2.426,2.416,0.000,0.374,0.000,2240553,0,0,171254
4622,13.1261,2.057,1.986,1.977,0.000,0.833,0.000,2048710,0,0,171350
4623,13.1281,1.966,3.263,3.252,0.000,0.573,0.000,1958515,0,0,171254
4624,13.1300,1.937,2.249,2.239,0.000,0.385,0.000,1928923,0,0,171254
4625,13.1320,1.892,2.057,2.047,0.000,0.329,0.000,1883954,0,0,171254
4626,13.1340,2.068,1.966,1.957,0.000,0.488,0.000,2060362,0,0,171254
4627,13.1360,2.009,1.937,1.927,0.000,0.313,0.000,2000580,0,0,171254
4628,13.1380,1.992,1.892,1.883,0.000,0.395,0.000,1983702,0,0,171254
4629,13.1405,2.205,2.068,2.059,0.000,0.311,0.000,2196838,0,0,171254
4630,13.1430,2.540,2.008,1.999,0.000,0.793,0.000,2530370,0,0,171254
4631,13.1451,2.343,1.993,1.982,0.000,0.825,0.000,2333708,0,0,171254
4632,13.1470,2.034,2.206,2.195,0.000,0.407,0.000,2024572,0,0,171254
4633,13.1500,1.840,2.540,2.529,0.000,0.470,0.000,1832031,0,0,171254
4634,13.1519,3.011,2.343,2.332,0.000,0.317,0.000,3003826,0,0,171254
4635,13.1536,1.794,2.032,2.023,0.000,0.537,0.000,1785534,0,0,171254
4636,13.1554,1.725,1.840,1.831,0.000,0.341,0.000,1717350,0,0,171254
4637,13.1571,1.803,3.012,3.003,0.000,0.705,0.000,1795788,0,0,171254
4638,13.1588,1.700,1.793,1.784,0.000,0.610,0.000,1693439,0,0,171254
4639,13.1606,1.624,1.725,1.716,0.000,0.511,0.000,1617053,0,0,171254
4640,13.1623,1.893,1.803,1.795,0.000,0.297,0.000,1886374,0,0,171254
4641,13.1640,1.638,1.700,1.692,0.000,0.254,0.000,1631165,0,0,171254
4642,13.1665,1.982,1.623,1.616,0.000,0.303,0.000,1976409,0,0,171254
4643,13.1681,2.180,1.893,1.885,0.000,0.633,0.000,2168943,0,0,171254
4644,13.1697,1.601,1.637,1.630,0.000,0.671,0.000,1594458,0,0,171254
4645,13.1713,1.581,1.987,1.975,0.000,0.613,0.000,1574976,0,0,171254
4646,13.1729,1.618,2.175,2.168,0.000,0.597,0.000,1611455,0,0,171254
4647,13.1755,1.592,1.601,1.593,0.000,0.621,0.000,1585292,0,0,171254
4648,13.1773,2.759,1.581,1.574,0.000,0.608,0.000,2752333,0,0,171254
4649,13.1789,1.651,1.618,1.610,0.000,0.624,0.000,1643675,0,0,171254
4650,13.1806,1.597,1.592,1.584,0.000,0.635,0.000,1591051,0,0,171254
4651,13.1822,1.680,2.760,2.751,0.000,0.560,0.000,1673580,0,0,171254
4652,13.1838,1.640,1.650,1.643,0.000,0.562,0.000,1634034,0,0,171350
4653,13.1855,1.657,1.597,1.590,0.000,0.325,0.000,1650484,0,0,171254
4654,13.1871,1.658,1.680,1.673,0.000,0.591,0.000,1650968,0,0,171254
4655,13.1888,1.638,1.641,1.633,0.000,0.611,0.000,1631180,0,0,171254
4656,13.1904,1.630,1.657,1.649,0.000,0.614,0.000,1623306,0,0,171254
4657,13.1922,1.630,1.658,1.650,0.000,0.559,0.000,1623476,0,0,171254
4658,13.1939,1.824,1.638,1.630,0.000,0.615,0.000,1817024,0,0,171254
4659,13.1955,1.648,1.630,1.622,0.000,0.614,0.000,1640773,0,0,171254
4660,13.1971,1.647,1.630,1.622,0.000,0.331,0.000,1640769,0,0,171254
4661,13.2000,1.625,1.824,1.816,0.000,0.331,0.000,1618709,0,0,171254
4662,13.2022,3.163,1.647,1.640,0.000,0.617,0.000,3157132,0,0,171254
4663,13.2040,1.967,1.647,1.640,0.000,0.653,0.000,1959336,0,0,171254
4664,13.2056,1.672,1.625,1.618,0.000,0.409,0.000,1664809,0,0,171254
4665,13.2072,1.571,3.165,3.156,0.000,0.379,0.000,1563967,0,0,171254
4666,13.2087,1.601,1.967,1.958,0.000,0.284,0.000,1594878,0,0,171254
4667,13.2103,1.563,1.671,1.664,0.000,0.284,0.000,1556939,0,0,171254
4668,13.2120,1.626,1.570,1.563,0.000,0.253,0.000,1619079,0,0,171254
4669,13.2136,1.677,1.601,1.594,0.000,0.299,0.000,1670578,0,0,171254
4670,13.2152,1.589,1.563,1.556,0.000,0.323,0.000,1581610,0,0,171254
4671,13.2168,1.600,1.626,1.618,0.000,0.276,0.000,1593542,0,0,171254
4672,13.2184,1.581,1.677,1.669,0.000,0.608,0.000,1574462,0,0,171254
4673,13.2200,1.619,1.588,1.580,0.000,0.290,0.000,1612464,0,0,171254
4674,13.2217,1.629,1.600,1.592,0.000,0.629,0.000,1622341,0,0,171254
4675,13.2244,1.728,1.581,1.573,0.000,0.637,0.000,1721737,0,0,171254
4676,13.2260,2.664,1.619,1.611,0.000,0.420,0.000,2657058,0,0,171254
4677,13.2276,1.610,1.629,1.621,0.000,0.311,0.000,1603304,0,0,171254
4678,13.2292,1.589,1.729,1.721,0.000,0.635,0.000,1583030,0,0,171254
4679,13.2308,1.610,2.664,2.656,0.000,0.409,0.000,1603514,0,0,171254
4680,13.2324,1.572,1.610,1.602,0.000,0.290,0.000,1565637,0,0,171254
4681,13.2341,1.665,1.589,1.582,0.000,0.315,0.000,1658461,0,0,190345
4682,13.2357,1.651,1.610,1.602,0.000,0.260,0.000,1644792,0,0,171350
4683,13.2376,1.710,1.572,1.564,0.000,0.352,0.000,1704290,0,0,171254
4684,13.2394,1.841,1.665,1.657,0.000,0.322,0.000,1832714,0,0,171254
4685,13.2412,1.791,1.651,1.644,0.000,0.444,0.000,1780924,0,0,171254
4686,13.2429,1.791,1.713,1.703,0.000,0.437,0.000,1784065,0,0,171254
4687,13.2445,1.659,1.843,1.831,0.000,0.303,0.000,1651070,0,0,171254
4688,13.2461,1.607,1.787,1.779,0.000,0.306,0.000,1595604,0,0,171254
4689,13.2489,1.645,1.792,1.783,0.000,0.328,0.000,1638732,0,0,171254
4690,13.2506,2.781,1.663,1.650,0.000,0.525,0.000,2774770,0,0,171254
4691,13.2521,1.624,1.602,1.594,0.000,0.609,0.000,1617210,0,0,171254
4692,13.2537,1.545,1.645,1.638,0.000,0.612,0.000,1538737,0,0,171254
4693,13.2553,1.515,2.781,2.774,0.000,0.589,0.000,1508792,0,0,171254
4694,13.2569,1.631,1.624,1.616,0.000,0.286,0.000,1624188,0,0,171254
4695,13.2585,1.608,1.545,1.538,0.000,0.247,0.000,1602133,0,0,171254
4696,13.2602,1.681,1.515,1.508,0.000,0.288,0.000,1674181,0,0,171254
4697,13.2620,1.706,1.631,1.623,0.000,0.301,0.000,1699291,0,0,171254
4698,13.2637,1.822,1.609,1.601,0.000,0.312,0.000,1814700,0,0,171254
4699,13.2654,1.677,1.681,1.673,0.000,0.296,0.000,1669873,0,0,171254
4700,13.2672,1.761,1.707,1.698,0.000,0.271,0.000,1753452,0,0,171254
4701,13.2690,1.778,1.822,1.813,0.000,0.579,0.000,1770994,0,0,171254
4702,13.2708,1.865,1.677,1.669,0.000,0.301,0.000,1858243,0,0,171254
4703,13.2734,1.670,1.760,1.752,0.000,0.303,0.000,1663042,0,0,171254
4704,13.2753,2.757,1.778,1.770,0.000,0.297,0.000,2751070,0,0,171254
4705,13.2770,1.754,1.865,1.857,0.000,0.263,0.000,1746715,0,0,171254
4706,13.2789,1.909,1.670,1.662,0.000,0.351,0.000,1902734,0,0,171254
4707,13.2807,1.695,2.759,2.750,0.000,0.338,0.000,1688073,0,0,171254
4708,13.2824,1.823,1.753,1.745,0.000,0.322,0.000,1816445,0,0,171254
4709,13.2842,1.776,1.910,1.902,0.000,0.291,0.000,1769147,0,0,171254
4710,13.2858,1.686,1.695,1.687,0.000,0.327,0.000,1679190,0,0,171254
4711,13.2874,1.597,1.824,1.815,0.000,0.321,0.000,1590600,0,0,171254
4712,13.2891,1.642,1.776,1.768,0.000,0.312,0.000,1635944,0,0,171350
4713,13.2907,1.620,1.686,1.678,0.000,0.258,0.000,1613128,0,0,171254
4714,13.2924,1.666,1.597,1.589,0.000,0.342,0.000,1660030,0,0,171254
4715,13.2941,1.749,1.643,1.635,0.000,0.309,0.000,1742302,0,0,171254
4716,13.2958,1.660,1.619,1.612,0.000,0.318,0.000,1653490,0,0,171254
4717,13.3006,1.648,1.667,1.659,0.000,0.284,0.000,1642121,0,0,171254
4718,13.3029,5.030,1.749,1.741,0.000,0.598,0.000,5023366,0,0,171254
4719,13.3055,2.899,1.660,1.652,0.000,0.557,0.000,2891299,0,0,171254
4720,13.3073,1.909,1.649,1.641,0.000,0.343,0.000,1900438,0,0,171254
4721,13.3089,1.657,5.032,5.022,0.000,0.316,0.000,1650305,0,0,171254
4722,13.3106,1.652,2.900,2.890,0.000,0.616,0.000,1645736,0,0,171254
4723,13.3121,1.588,1.906,1.899,0.000,0.576,0.000,1581446,0,0,171254
4724,13.3138,1.606,1.656,1.649,0.000,0.617,0.000,1599765,0,0,171254
4725,13.3154,1.607,1.653,1.645,0.000,0.638,0.000,1600955,0,0,171254
4726,13.3170,1.601,1.588,1.580,0.000,0.310,0.000,1594980,0,0,171254
4727,13.3185,1.600,1.606,1.599,0.000,0.595,0.000,1594088,0,0,171254
4728,13.3201,1.581,1.607,1.600,0.000,0.300,0.000,1574790,0,0,171254
4729,13.3219,1.608,1.601,1.594,0.000,0.264,0.000,1600847,0,0,171254
4730,13.3235,1.773,1.601,1.593,0.000,0.614,0.000,1767325,0,0,171254
4731,13.3251,1.594,1.581,1.574,0.000,0.347,0.000,1586312,0,0,171254
4732,13.3277,1.596,1.607,1.600,0.000,0.275,0.000,1589420,0,0,171254
4733,13.3294,2.655,1.775,1.766,0.000,0.586,0.000,2648229,0,0,171254
4734,13.3310,1.668,1.593,1.585,0.000,0.597,0.000,1661059,0,0,171254
4735,13.3327,1.649,1.596,1.588,0.000,0.629,0.000,1642084,0,0,171254
4736,13.3343,1.622,2.655,2.647,0.000,0.542,0.000,1615710,0,0,171254
4737,13.3359,1.590,1.667,1.660,0.000,0.287,0.000,1583822,0,0,171254
4738,13.3375,1.621,1.649,1.641,0.000,0.288,0.000,1623827,0,0,171254
4739,13.3391,1.586,1.622,1.615,0.000,0.288,0.000,1569310,0,0,171254
4740,13.3407,1.558,1.590,1.583,0.000,0.318,0.000,1551182,0,0,171254
4741,13.3425,1.758,1.630,1.623,0.000,0.268,0.000,1751527,0,0,171254
4742,13.3443,1.738,1.576,1.568,0.000,0.583,0.000,1731711,0,0,171350
4743,13.3460,1.831,1.557,1.550,0.000,0.506,0.000,1824198,0,0,171254
4744,13.3476,1.623,1.758,1.750,0.000,0.307,0.000,1616142,0,0,171254
4745,13.3493,1.630,1.738,1.731,0.000,0.287,0.000,1623168,0,0,171254
4746,13.3519,1.681,1.831,1.823,0.000,0.305,0.000,1672678,0,0,171254
4747,13.3538,2.848,1.623,1.615,0.000,0.290,0.000,2839958,0,0,171254
4748,13.3555,1.693,1.631,1.622,0.000,0.264,0.000,1686492,0,0,171254
4749,13.3571,1.647,1.681,1.671,0.000,0.278,0.000,1639763,0,0,171254
4750,13.3587,1.629,2.847,2.839,0.000,0.246,0.000,1622181,0,0,171254
4751,13.3603,1.580,1.693,1.685,0.000,0.340,0.000,1572947,0,0,171254
4752,13.3624,1.887,1.646,1.639,0.000,0.259,0.000,1880429,0,0,171254
4753,13.3642,1.893,1.629,1.621,0.000,0.585,0.000,1885594,0,0,171254
4754,13.3657,1.661,1.580,1.572,0.000,0.654,0.000,1653436,0,0,171254
4755,13.3673,1.549,1.888,1.879,0.000,0.285,0.000,1542489,0,0,171254
4756,13.3689,1.571,1.894,1.884,0.000,0.243,0.000,1564210,0,0,171254
4757,13.3705,1.603,1.660,1.652,0.000,0.256,0.000,1597261,0,0,171254
4758,13.3721,1.632,1.549,1.541,0.000,0.240,0.000,1625991,0,0,171254
4759,13.3739,1.672,1.570,1.563,0.000,0.257,0.000,1664981,0,0,171254
4760,13.3767,1.813,1.604,1.596,0.000,0.327,0.000,1805091,0,0,171254
4761,13.3787,2.906,1.633,1.625,0.000,0.634,0.000,2899852,0,0,171254
4762,13.3804,1.828,1.673,1.664,0.000,0.327,0.000,1819933,0,0,171254
4763,13.3824,1.774,1.812,1.804,0.000,0.662,0.000,1766496,0,0,171254
4764,13.3841,1.967,2.908,2.899,0.000,0.332,0.000,1960225,0,0,171254
4765,13.3859,1.705,1.827,1.819,0.000,0.312,0.000,1697169,0,0,171254
4766,13.3876,1.737,1.773,1.765,0.000,0.583,0.000,1729815,0,0,171254
4767,13.3892,1.679,1.968,1.959,0.000,0.324,0.000,1666672,0,0,171254
4768,13.3909,1.689,1.704,1.696,0.000,0.388,0.000,1682137,0,0,171254
4769,13.3927,1.685,1.742,1.729,0.000,0.257,0.000,1677760,0,0,171254
4770,13.3944,1.737,1.673,1.666,0.000,0.350,0.000,1730897,0,0,171254
4771,13.3961,1.724,1.690,1.681,0.000,0.281,0.000,1717423,0,0,171254
4772,13.3979,1.756,1.684,1.677,0.000,0.279,0.000,1748963,0,0,171350
4773,13.3997,1.795,1.738,1.730,0.000,0.257,0.000,1787260,0,0,171254
4774,13.4025,1.729,1.725,1.716,0.000,0.355,0.000,1721253,0,0,171254
4775,13.4044,2.966,1.756,1.748,0.000,0.296,0.000,2959028,0,0,171254
4776,13.4061,1.794,1.795,1.786,0.000,0.269,0.000,1785463,0,0,171254
4777,13.4079,1.731,1.728,1.720,0.000,0.673,0.000,1723714,0,0,171254
4778,13.4097,1.778,2.967,2.958,0.000,0.596,0.000,1771298,0,0,171254
4779,13.4115,1.816,1.793,1.784,0.000,0.354,0.000,1808874,0,0,171254
4780,13.4133,1.805,1.731,1.723,0.000,0.618,0.000,1797687,0,0,171254
4781,13.4151,1.811,1.778,1.770,0.000,0.582,0.000,1802730,0,0,171254
4782,13.4169,1.804,1.816,1.808,0.000,0.662,0.000,1796702,0,0,171254
4783,13.4186,1.736,1.805,1.796,0.000,0.625,0.000,1728904,0,0,171254
4784,13.4204,1.742,1.810,1.802,0.000,0.606,0.000,1735157,0,0,171254
4785,13.4222,1.731,1.804,1.795,0.000,0.467,0.000,1723718,0,0,171254
4786,13.4240,1.887,1.736,1.728,0.000,0.278,0.000,1879555,0,0,171254
4787,13.4257,1.704,1.742,1.734,0.000,0.594,0.000,1695740,0,0,171254
4788,13.4285,1.747,1.731,1.722,0.000,0.350,0.000,1739822,0,0,171254
4789,13.4302,2.762,1.887,1.878,0.000,0.270,0.000,2754413,0,0,171254
4790,13.4318,1.680,1.703,1.695,0.000,0.352,0.000,1673091,0,0,171254
4791,13.4338,1.911,1.747,1.739,0.000,0.279,0.000,1903546,0,0,171254
4792,13.4356,1.738,2.762,2.753,0.000,0.241,0.000,1730994,0,0,171254
4793,13.4374,1.842,1.680,1.672,0.000,0.264,0.000,1835016,0,0,171254
4794,13.4390,1.710,1.911,1.902,0.000,0.322,0.000,1703586,0,0,171254
4795,13.4408,1.642,1.738,1.729,0.000,0.302,0.000,1635237,0,0,171254
4796,13.4424,1.758,1.842,1.834,0.000,0.296,0.000,1752151,0,0,171254
4797,13.4441,1.687,1.710,1.702,0.000,0.268,0.000,1679214,0,0,171254
4798,13.4457,1.641,1.642,1.634,0.000,0.291,0.000,1634241,0,0,171254
4799,13.4473,1.581,1.760,1.751,0.000,0.617,0.000,1574268,0,0,171254
4800,13.4489,1.569,1.686,1.678,0.000,0.566,0.000,1562100,0,0,171254
4801,13.4516,1.670,1.641,1.633,0.000,0.574,0.000,1663061,0,0,190345
4802,13.4535,2.789,1.581,1.573,0.000,0.531,0.000,2782634,0,0,171350
4803,13.4552,1.766,1.568,1.561,0.000,0.614,0.000,1759335,0,0,171254
4804,13.4568,1.697,1.670,1.662,0.000,0.592,0.000,1689847,0,0,171254
4805,13.4587,1.898,2.790,2.781,0.000,0.318,0.000,1891159,0,0,171254
4806,13.4606,1.716,1.766,1.758,0.000,0.571,0.000,1709569,0,0,171254
4807,13.4623,1.796,1.697,1.689,0.000,0.392,0.000,1788839,0,0,171254
4808,13.4639,1.659,1.898,1.890,0.000,0.624,0.000,1651891,0,0,171254
4809,13.4655,1.576,1.717,1.708,0.000,0.617,0.000,1569046,0,0,171254
4810,13.4670,1.598,1.796,1.788,0.000,0.582,0.000,1591150,0,0,171254
4811,13.4687,1.604,1.659,1.651,0.000,0.530,0.000,1597792,0,0,171254
4812,13.4702,1.586,1.576,1.568,0.000,0.556,0.000,1580031,0,0,171254
4813,13.4718,1.597,1.598,1.590,0.000,0.595,0.000,1590400,0,0,171254
4814,13.4736,1.558,1.604,1.597,0.000,0.555,0.000,1551295,0,0,171254
4815,13.4762,1.793,1.587,1.579,0.000,0.567,0.000,1786730,0,0,171254
4816,13.4780,2.746,1.597,1.589,0.000,0.554,0.000,2739607,0,0,171254
4817,13.4797,1.725,1.558,1.550,0.000,0.336,0.000,1717341,0,0,171254
4818,13.4814,1.605,1.793,1.786,0.000,0.318,0.000,1598049,0,0,171254
4819,13.4829,1.698,2.747,2.738,0.000,0.580,0.000,1692205,0,0,171254
4820,13.4846,1.623,1.724,1.716,0.000,0.483,0.000,1616520,0,0,171254
4821,13.4863,1.637,1.604,1.597,0.000,0.546,0.000,1630283,0,0,171254
4822,13.4879,1.656,1.699,1.691,0.000,0.586,0.000,1649706,0,0,171254
4823,13.4895,1.609,1.623,1.615,0.000,0.606,0.000,1602762,0,0,171254
4824,13.4910,1.577,1.637,1.629,0.000,0.571,0.000,1571136,0,0,171254
4825,13.4926,1.554,1.656,1.649,0.000,0.561,0.000,1547292,0,0,171254
4826,13.4941,1.550,1.609,1.602,0.000,0.555,0.000,1544051,0,0,171254
4827,13.4957,1.543,1.577,1.570,0.000,0.533,0.000,1536427,0,0,171254
4828,13.4975,1.604,1.553,1.546,0.000,0.310,0.000,1597790,0,0,171254
4829,13.5001,1.864,1.551,1.543,0.000,0.254,0.000,1856908,0,0,171254
4830,13.5019,2.622,1.543,1.535,0.000,0.590,0.000,2615765,0,0,171254
4831,13.5035,1.741,1.605,1.597,0.000,0.291,0.000,1733882,0,0,171254
4832,13.5051,1.591,1.863,1.856,0.000,0.312,0.000,1584444,0,0,171350
4833,13.5069,1.665,2.623,2.615,0.000,0.252,0.000,1658978,0,0,171254
4834,13.5089,2.020,1.740,1.732,0.000,0.300,0.000,2014334,0,0,171254
4835,13.5105,1.658,1.591,1.583,0.000,0.258,0.000,1647747,0,0,171254
4836,13.5121,1.598,1.665,1.658,0.000,0.256,0.000,1590875,0,0,171254
4837,13.5137,1.619,2.026,2.013,0.000,0.235,0.000,1612578,0,0,171254
4838,13.5153,1.564,1.653,1.645,0.000,0.246,0.000,1557855,0,0,171254
4839,13.5169,1.663,1.597,1.590,0.000,0.246,0.000,1656675,0,0,171254
4840,13.5185,1.563,1.619,1.611,0.000,0.244,0.000,1556570,0,0,171254
4841,13.5201,1.598,1.565,1.557,0.000,0.235,0.000,1591509,0,0,171254
4842,13.5218,1.620,1.663,1.656,0.000,0.374,0.000,1614025,0,0,171254
4843,13.5245,1.766,1.563,1.556,0.000,0.261,0.000,1760083,0,0,171254
4844,13.5262,2.663,1.598,1.590,0.000,0.254,0.000,2656296,0,0,171254
4845,13.5279,1.720,1.620,1.613,0.000,0.276,0.000,1713265,0,0,171254
4846,13.5295,1.646,1.767,1.759,0.000,0.257,0.000,1638721,0,0,171254
4847,13.5312,1.641,2.663,2.655,0.000,0.242,0.000,1634065,0,0,171254
4848,13.5328,1.673,1.721,1.712,0.000,0.228,0.000,1665999,0,0,171254
4849,13.5345,1.623,1.646,1.637,0.000,0.591,0.000,1616597,0,0,171254
4850,13.5361,1.625,1.641,1.633,0.000,0.331,0.000,1618596,0,0,171254
4851,13.5378,1.657,1.673,1.665,0.000,0.573,0.000,1650334,0,0,171254
4852,13.5394,1.715,1.623,1.615,0.000,0.609,0.000,1708487,0,0,171254
4853,13.5411,1.601,1.625,1.618,0.000,0.325,0.000,1595222,0,0,171254
4854,13.5428,1.738,1.657,1.649,0.000,0.254,0.000,1731611,0,0,171254
4855,13.5444,1.594,1.715,1.707,0.000,0.257,0.000,1587884,0,0,171254
4856,13.5460,1.609,1.602,1.594,0.000,0.432,0.000,1602716,0,0,171254
4857,13.5486,1.594,1.738,1.731,0.000,0.301,0.000,1587528,0,0,171814
4858,13.5503,2.670,1.594,1.587,0.000,0.261,0.000,2663732,0,0,171310
4859,13.5519,1.651,1.610,1.602,0.000,0.242,0.000,1644153,0,0,171254
4860,13.5534,1.569,1.594,1.586,0.000,0.255,0.000,1562588,0,0,171254
4861,13.5551,1.569,2.671,2.663,0.000,0.236,0.000,1563458,0,0,171254
4862,13.5567,1.667,1.651,1.643,0.000,0.221,0.000,1660236,0,0,171350
4863,13.5583,1.586,1.569,1.561,0.000,0.236,0.000,1579629,0,0,171254
4864,13.5599,1.625,1.570,1.562,0.000,0.291,0.000,1618518,0,0,171254
4865,13.5617,1.656,1.667,1.659,0.000,0.249,0.000,1647982,0,0,171254
4866,13.5633,1.751,1.586,1.578,0.000,0.611,0.000,1744362,0,0,171254
4867,13.5649,1.612,1.626,1.618,0.000,0.585,0.000,1605301,0,0,171254
4868,13.5665,1.583,1.654,1.647,0.000,0.587,0.000,1576821,0,0,171254
4869,13.5683,1.722,1.751,1.743,0.000,0.584,0.000,1715353,0,0,171254
4870,13.5700,1.749,1.612,1.604,0.000,0.590,0.000,1741801,0,0,171254
4871,13.5728,1.687,1.583,1.576,0.000,0.651,0.000,1680211,0,0,171254
4872,13.5747,2.905,1.723,1.714,0.000,0.280,0.000,2898366,0,0,171254
4873,13.5764,1.761,1.749,1.741,0.000,0.607,0.000,1753513,0,0,171254
4874,13.5781,1.754,1.687,1.679,0.000,0.381,0.000,1746632,0,0,171254
4875,13.5797,1.619,2.906,2.897,0.000,0.543,0.000,1612455,0,0,171254
4876,13.5814,1.620,1.760,1.752,0.000,0.283,0.000,1612807,0,0,171254
4877,13.5832,1.795,1.753,1.746,0.000,0.592,0.000,1789004,0,0,171254
4878,13.5848,1.681,1.619,1.611,0.000,0.614,0.000,1674025,0,0,171254
4879,13.5873,1.988,1.619,1.612,0.000,0.569,0.000,1982051,0,0,171254
4880,13.5891,2.303,1.796,1.788,0.000,0.308,0.000,2292787,0,0,171254
4881,13.5907,1.631,1.680,1.673,0.000,0.289,0.000,1624450,0,0,171254
4882,13.5924,1.642,1.994,1.981,0.000,0.260,0.000,1635876,0,0,171254
4883,13.5939,1.570,2.298,2.290,0.000,0.231,0.000,1563642,0,0,171254
4884,13.5954,1.548,1.631,1.623,0.000,0.243,0.000,1541229,0,0,171254
4885,13.5981,1.613,1.642,1.635,0.000,0.218,0.000,1605960,0,0,171254
4886,13.5999,2.713,1.570,1.563,0.000,0.208,0.000,2706537,0,0,171254
4887,13.6018,1.812,1.548,1.540,0.000,0.300,0.000,1804913,0,0,171254
4888,13.6034,1.817,1.613,1.605,0.000,0.627,0.000,1810616,0,0,171254
4889,13.6051,1.634,2.714,2.705,0.000,0.661,0.000,1627434,0,0,171254
4890,13.6067,1.632,1.811,1.804,0.000,0.476,0.000,1625439,0,0,171254
4891,13.6087,1.813,1.818,1.810,0.000,0.251,0.000,1806251,0,0,171254
4892,13.6104,1.822,1.634,1.626,0.000,0.584,0.000,1807397,0,0,171350
4893,13.6120,1.643,1.632,1.624,0.000,0.452,0.000,1636111,0,0,171254
4894,13.6136,1.602,1.821,1.805,0.000,0.326,0.000,1595432,0,0,171254
4895,13.6152,1.575,1.814,1.806,0.000,0.272,0.000,1567522,0,0,171254
4896,13.6169,1.636,1.643,1.635,0.000,0.248,0.000,1629777,0,0,171254
4897,13.6185,1.694,1.602,1.594,0.000,0.251,0.000,1684955,0,0,171254
4898,13.6202,1.676,1.574,1.566,0.000,0.257,0.000,1669160,0,0,171254
4899,13.6230,1.636,1.638,1.629,0.000,0.271,0.000,1628754,0,0,171254
4900,13.6247,2.817,1.692,1.684,0.000,0.242,0.000,2809893,0,0,171254
4901,13.6263,1.646,1.676,1.668,0.000,0.235,0.000,1638626,0,0,171254
4902,13.6279,1.601,1.636,1.628,0.000,0.263,0.000,1594117,0,0,171254
4903,13.6295,1.590,2.817,2.809,0.000,0.580,0.000,1583584,0,0,171254
4904,13.6311,1.622,1.645,1.637,0.000,0.261,0.000,1615795,0,0,171254
4905,13.6327,1.608,1.600,1.593,0.000,0.244,0.000,1600956,0,0,171254
4906,13.6343,1.633,1.590,1.583,0.000,0.246,0.000,1626444,0,0,171254
4907,13.6360,1.660,1.622,1.615,0.000,0.344,0.000,1653407,0,0,171254
4908,13.6377,1.666,1.608,1.600,0.000,0.304,0.000,1659151,0,0,171254
4909,13.6394,1.723,1.633,1.625,0.000,0.324,0.000,1716583,0,0,171254
4910,13.6412,1.680,1.660,1.652,0.000,0.617,0.000,1673536,0,0,171254
4911,13.6429,1.789,1.666,1.658,0.000,0.264,0.000,1782585,0,0,171254
4912,13.6447,1.777,1.723,1.716,0.000,0.240,0.000,1769119,0,0,171254
4913,13.6475,1.751,1.680,1.672,0.000,0.315,0.000,1743528,0,0,171254
4914,13.6496,2.983,1.790,1.781,0.000,0.318,0.000,2975850,0,0,171254
4915,13.6516,2.100,1.776,1.768,0.000,0.548,0.000,2091394,0,0,171254
4916,13.6533,1.807,1.751,1.742,0.000,0.334,0.000,1796028,0,0,171254
4917,13.6549,1.666,2.984,2.975,0.000,0.331,0.000,1659387,0,0,171254
4918,13.6565,1.626,2.102,2.090,0.000,0.600,0.000,1619241,0,0,171254
4919,13.6582,1.613,1.803,1.794,0.000,0.279,0.000,1606775,0,0,171254
4920,13.6606,1.900,1.666,1.658,0.000,0.615,0.000,1893757,0,0,171254
4921,13.6628,2.497,1.626,1.618,0.000,0.579,0.000,2487117,0,0,190345
4922,13.6645,1.881,1.613,1.606,0.000,0.633,0.000,1873025,0,0,171350
4923,13.6661,1.649,1.903,1.893,0.000,0.490,0.000,1637370,0,0,171254
4924,13.6678,1.662,2.494,2.486,0.000,0.268,0.000,1654917,0,0,171254
4925,13.6694,1.667,1.884,1.872,0.000,0.269,0.000,1660056,0,0,171254
4926,13.6711,1.656,1.644,1.636,0.000,0.589,0.000,1649172,0,0,171254
4927,13.6740,1.720,1.662,1.654,0.000,0.572,0.000,1713210,0,0,171254
4928,13.6760,3.074,1.667,1.659,0.000,0.377,0.000,3066302,0,0,171254
4929,13.6779,1.867,1.656,1.648,0.000,0.607,0.000,1858862,0,0,171254
4930,13.6797,1.824,1.721,1.712,0.000,0.666,0.000,1816277,0,0,171254
4931,13.6815,1.776,3.075,3.065,0.000,0.629,0.000,1767927,0,0,171254
4932,13.6833,1.888,1.866,1.858,0.000,0.591,0.000,1880695,0,0,171254
4933,13.6851,1.760,1.824,1.815,0.000,0.583,0.000,1752265,0,0,171254
4934,13.6868,1.725,1.775,1.767,0.000,0.326,0.000,1717556,0,0,171254
4935,13.6885,1.717,1.889,1.879,0.000,0.577,0.000,1710385,0,0,171254
4936,13.6904,1.850,1.760,1.751,0.000,0.596,0.000,1842581,0,0,171254
4937,13.6922,1.816,1.725,1.716,0.000,0.617,0.000,1803814,0,0,171254
4938,13.6941,1.909,1.717,1.709,0.000,0.616,0.000,1900966,0,0,171254
4939,13.6958,1.760,1.855,1.841,0.000,0.568,0.000,1752510,0,0,171254
4940,13.6974,1.665,1.811,1.802,0.000,0.311,0.000,1657861,0,0,171254
4941,13.7033,1.668,1.908,1.900,0.000,0.268,0.000,1661105,0,0,171254
4942,13.7054,6.069,1.759,1.751,0.000,0.243,0.000,6062191,0,0,171254
4943,13.7072,1.975,1.665,1.657,0.000,0.327,0.000,1965992,0,0,171254
4944,13.7090,1.754,1.668,1.660,0.000,0.323,0.000,1745722,0,0,171254
4945,13.7107,1.755,6.072,6.061,0.000,0.272,0.000,1747528,0,0,171254
4946,13.7125,1.749,1.974,1.964,0.000,0.601,0.000,1742069,0,0,171254
4947,13.7141,1.725,1.753,1.744,0.000,0.618,0.000,1718297,0,0,171254
4948,13.7158,1.619,1.754,1.746,0.000,0.403,0.000,1612604,0,0,171254
4949,13.7174,1.658,1.749,1.741,0.000,0.578,0.000,1651364,0,0,171254
4950,13.7190,1.631,1.725,1.717,0.000,0.593,0.000,1624697,0,0,171254
4951,13.7217,1.946,1.619,1.611,0.000,0.602,0.000,1939920,0,0,171254
4952,13.7234,2.427,1.658,1.650,0.000,0.604,0.000,2416854,0,0,171350
4953,13.7251,1.653,1.631,1.624,0.000,0.610,0.000,1646020,0,0,171254
4954,13.7268,1.680,1.950,1.939,0.000,0.319,0.000,1672511,0,0,171254
4955,13.7295,1.719,2.424,2.415,0.000,0.554,0.000,1712383,0,0,171254
4956,13.7312,2.762,1.653,1.645,0.000,0.603,0.000,2755405,0,0,171254
4957,13.7329,1.699,1.680,1.671,0.000,0.597,0.000,1692404,0,0,171254
4958,13.7345,1.575,1.719,1.711,0.000,0.615,0.000,1568095,0,0,171254
4959,13.7360,1.570,2.762,2.754,0.000,0.562,0.000,1563733,0,0,171254
4960,13.7376,1.535,1.699,1.691,0.000,0.565,0.000,1528628,0,0,171254
4961,13.7392,1.584,1.574,1.567,0.000,0.544,0.000,1577686,0,0,171254
4962,13.7410,1.691,1.570,1.563,0.000,0.431,0.000,1684987,0,0,171254
4963,13.7427,1.821,1.535,1.528,0.000,0.299,0.000,1814752,0,0,171254
4964,13.7447,1.956,1.584,1.577,0.000,0.329,0.000,1949183,0,0,171254
4965,13.7463,1.650,1.692,1.684,0.000,0.348,0.000,1643397,0,0,171254
4966,13.7479,1.621,1.822,1.814,0.000,0.272,0.000,1614547,0,0,171254
4967,13.7497,1.788,1.956,1.948,0.000,0.240,0.000,1781265,0,0,171254
4968,13.7514,1.658,1.650,1.642,0.000,0.254,0.000,1650309,0,0,171254
4969,13.7540,1.629,1.621,1.613,0.000,0.271,0.000,1622268,0,0,171254
4970,13.7558,2.731,1.790,1.780,0.000,0.337,0.000,2725049,0,0,171254
4971,13.7574,1.660,1.655,1.648,0.000,0.591,0.000,1652579,0,0,171254
4972,13.7589,1.575,1.629,1.621,0.000,0.350,0.000,1567987,0,0,171254
4973,13.7605,1.506,2.732,2.724,0.000,0.261,0.000,1498954,0,0,171254
4974,13.7621,1.672,1.659,1.651,0.000,0.236,0.000,1665775,0,0,171254
4975,13.7638,1.620,1.575,1.567,0.000,0.569,0.000,1612718,0,0,171254
4976,13.7654,1.657,1.505,1.498,0.000,0.315,0.000,1650327,0,0,171254
4977,13.7671,1.626,1.673,1.665,0.000,0.554,0.000,1618958,0,0,171254
4978,13.7687,1.666,1.619,1.612,0.000,0.275,0.000,1659547,0,0,171254
4979,13.7704,1.643,1.657,1.649,0.000,0.269,0.000,1636305,0,0,171254
4980,13.7720,1.609,1.625,1.618,0.000,0.320,0.000,1602546,0,0,171254
4981,13.7736,1.611,1.666,1.658,0.000,0.608,0.000,1604583,0,0,171254
4982,13.7752,1.614,1.643,1.635,0.000,0.599,0.000,1607439,0,0,171350
4983,13.7777,1.540,1.609,1.601,0.000,0.588,0.000,1534034,0,0,171254
4984,13.7794,2.651,1.611,1.604,0.000,0.604,0.000,2644141,0,0,171254
4985,13.7811,1.645,1.614,1.606,0.000,0.558,0.000,1638189,0,0,171254
4986,13.7827,1.682,1.540,1.533,0.000,0.593,0.000,1675930,0,0,171254
4987,13.7845,1.790,2.651,2.643,0.000,0.541,0.000,1783328,0,0,171254
4988,13.7862,1.664,1.645,1.637,0.000,0.340,0.000,1656723,0,0,171254
4989,13.7878,1.656,1.683,1.675,0.000,0.237,0.000,1648700,0,0,171254
4990,13.7894,1.607,1.790,1.782,0.000,0.264,0.000,1600443,0,0,171254
4991,13.7910,1.592,1.664,1.655,0.000,0.269,0.000,1585226,0,0,171254
4992,13.7925,1.546,1.655,1.648,0.000,0.238,0.000,1539474,0,0,171254
4993,13.7942,1.575,1.607,1.599,0.000,0.235,0.000,1568071,0,0,171254
4994,13.7959,1.709,1.592,1.584,0.000,0.590,0.000,1702422,0,0,171254
4995,13.7977,1.766,1.546,1.538,0.000,0.596,0.000,1759501,0,0,171254
4996,13.7993,1.703,1.574,1.567,0.000,0.317,0.000,1695923,0,0,171254
4997,13.8040,1.650,1.709,1.701,0.000,0.445,0.000,1642975,0,0,171254
4998,13.8065,5.295,1.766,1.758,0.000,0.616,0.000,5288679,0,0,171254
4999,13.8092,2.779,1.703,1.695,0.000,0.336,0.000,2769540,0,0,171254
5000,13.8112,2.041,1.650,1.642,0.000,0.347,0.000,2030786,0,0,171254
5001,13.8133,1.906,5.299,5.288,0.000,0.310,0.000,1898786,0,0,171254
5002,13.8165,2.474,2.780,2.768,0.000,0.559,0.000,2466241,0,0,171254
5003,13.8202,3.658,2.037,2.028,0.000,0.306,0.000,3645515,0,0,171254
5004,13.8235,3.717,1.907,1.898,0.000,0.645,0.000,3696481,0,0,171254
5005,13.8263,3.063,2.480,2.465,0.000,0.758,0.000,3054375,0,0,171254
5006,13.8281,2.156,3.665,3.643,0.000,0.968,0.000,2141595,0,0,171254
5007,13.8298,1.736,3.705,3.694,0.000,1.133,0.000,1729240,0,0,171254
5008,13.8314,1.648,3.068,3.053,0.000,0.573,0.000,1640501,0,0,171254
5009,13.8332,1.718,2.148,2.139,0.000,0.319,0.000,1710528,0,0,171254
5010,13.8349,1.740,1.737,1.728,0.000,0.233,0.000,1733306,0,0,171254
5011,13.8367,1.737,1.647,1.639,0.000,0.277,0.000,1730163,0,0,171254
5012,13.8394,1.729,1.718,1.710,0.000,0.559,0.000,1721609,0,0,171350
5013,13.8415,2.883,1.740,1.732,0.000,0.333,0.000,2875913,0,0,171254
5014,13.8434,2.103,1.738,1.729,0.000,0.394,0.000,2093973,0,0,171254
5015,13.8453,1.874,1.729,1.720,0.000,0.386,0.000,1865740,0,0,171254
5016,13.8473,1.872,2.885,2.875,0.000,0.304,0.000,1864342,0,0,171254
5017,13.8494,2.123,2.102,2.093,0.000,0.285,0.000,2113371,0,0,171254
5018,13.8512,1.951,1.873,1.865,0.000,0.375,0.000,1942571,0,0,171254
5019,13.8530,1.753,1.874,1.863,0.000,0.427,0.000,1744592,0,0,171254
5020,13.8547,1.726,2.122,2.112,0.000,0.332,0.000,1719422,0,0,171254
5021,13.8565,1.741,1.950,1.941,0.000,0.257,0.000,1733514,0,0,171254
5022,13.8584,1.892,1.752,1.743,0.000,0.358,0.000,1885086,0,0,171254
5023,13.8602,1.830,1.727,1.718,0.000,0.589,0.000,1822668,0,0,171254
5024,13.8620,1.734,1.741,1.732,0.000,0.701,0.000,1726459,0,0,171254
5025,13.8641,2.021,1.892,1.884,0.000,0.674,0.000,2014496,0,0,171254
5026,13.8668,1.943,1.830,1.821,0.000,0.610,0.000,1931030,0,0,171254
5027,13.8687,2.762,1.734,1.725,0.000,0.657,0.000,2755078,0,0,171254
5028,13.8703,1.723,2.026,2.013,0.000,0.648,0.000,1715343,0,0,171254
5029,13.8719,1.646,1.937,1.929,0.000,0.629,0.000,1639087,0,0,171254
5030,13.8738,1.757,2.763,2.754,0.000,0.339,0.000,1750089,0,0,171254
5031,13.8754,1.703,1.722,1.714,0.000,0.248,0.000,1696442,0,0,171254
5032,13.8771,1.704,1.646,1.638,0.000,0.261,0.000,1697132,0,0,171254
5033,13.8788,1.638,1.758,1.749,0.000,0.257,0.000,1631007,0,0,171254
5034,13.8805,1.671,1.702,1.694,0.000,0.246,0.000,1663540,0,0,171254
5035,13.8828,1.882,1.704,1.696,0.000,0.232,0.000,1875971,0,0,171254
5036,13.8846,2.305,1.638,1.630,0.000,0.253,0.000,2294374,0,0,171254
5037,13.8862,1.620,1.670,1.662,0.000,0.349,0.000,1612918,0,0,171254
5038,13.8878,1.613,1.886,1.875,0.000,0.290,0.000,1606481,0,0,171254
5039,13.8894,1.613,2.301,2.293,0.000,0.619,0.000,1606540,0,0,171254
5040,13.8929,1.782,1.619,1.612,0.000,0.432,0.000,1775390,0,0,171254
5041,13.8949,3.550,1.613,1.605,0.000,0.306,0.000,3540055,0,0,190345
5042,13.8965,1.796,1.613,1.606,0.000,0.270,0.000,1788208,0,0,171350
5043,13.8981,1.584,1.786,1.774,0.000,0.288,0.000,1576667,0,0,171254
5044,13.8997,1.555,3.547,3.537,0.000,0.251,0.000,1547857,0,0,171254
5045,13.9013,1.558,1.795,1.787,0.000,0.579,0.000,1551866,0,0,171254
5046,13.9030,1.725,1.583,1.576,0.000,0.532,0.000,1717970,0,0,171254
5047,13.9047,1.684,1.554,1.547,0.000,0.591,0.000,1677183,0,0,171254
5048,13.9064,1.677,1.559,1.551,0.000,0.308,0.000,1669915,0,0,171254
5049,13.9084,1.946,1.725,1.717,0.000,0.624,0.000,1939347,0,0,171254
5050,13.9102,1.813,1.684,1.676,0.000,0.625,0.000,1804155,0,0,171254
5051,13.9120,1.785,1.677,1.669,0.000,0.328,0.000,1778163,0,0,171254
5052,13.9137,1.746,1.949,1.938,0.000,0.615,0.000,1738809,0,0,171254
5053,13.9154,1.739,1.811,1.803,0.000,0.356,0.000,1732801,0,0,171254
5054,13.9182,1.704,1.785,1.777,0.000,0.397,0.000,1697121,0,0,171254
5055,13.9201,2.829,1.745,1.737,0.000,0.280,0.000,2821703,0,0,171254
5056,13.9220,1.965,1.740,1.732,0.000,0.362,0.000,1958194,0,0,171254
5057,13.9237,1.772,1.704,1.696,0.000,0.624,0.000,1765436,0,0,171254
5058,13.9254,1.714,2.829,2.821,0.000,0.629,0.000,1707126,0,0,171254
5059,13.9271,1.717,1.965,1.957,0.000,0.339,0.000,1709867,0,0,171254
5060,13.9288,1.684,1.773,1.764,0.000,0.314,0.000,1677235,0,0,171254
5061,13.9304,1.665,1.714,1.706,0.000,0.265,0.000,1657418,0,0,171254
5062,13.9320,1.597,1.717,1.709,0.000,0.323,0.000,1589770,0,0,171254
5063,13.9335,1.563,1.684,1.676,0.000,0.280,0.000,1556229,0,0,171254
5064,13.9351,1.566,1.664,1.656,0.000,0.634,0.000,1559271,0,0,171254
5065,13.9368,1.650,1.597,1.589,0.000,0.467,0.000,1643455,0,0,171254
5066,13.9385,1.647,1.563,1.555,0.000,0.582,0.000,1640484,0,0,171254
5067,13.9401,1.617,1.566,1.558,0.000,0.582,0.000,1610774,0,0,171254
5068,13.9435,2.914,1.650,1.642,0.000,0.600,0.000,2907162,0,0,171254
5069,13.9451,2.137,1.647,1.639,0.000,0.387,0.000,2129129,0,0,171254
5070,13.9468,1.721,1.617,1.610,0.000,0.488,0.000,1713569,0,0,171254
5071,13.9485,1.631,2.915,2.906,0.000,0.609,0.000,1624950,0,0,171254
5072,13.9502,1.716,2.137,2.128,0.000,0.622,0.000,1709944,0,0,171350
5073,13.9520,1.726,1.720,1.712,0.000,0.605,0.000,1719550,0,0,171254
5074,13.9538,1.841,1.631,1.624,0.000,0.594,0.000,1834264,0,0,171254
5075,13.9561,2.007,1.717,1.709,0.000,0.612,0.000,2000265,0,0,171254
5076,13.9580,2.147,1.727,1.718,0.000,0.599,0.000,2135921,0,0,171254
5077,13.9597,1.782,1.841,1.833,0.000,0.615,0.000,1774421,0,0,171254
5078,13.9616,1.719,2.011,1.999,0.000,0.613,0.000,1712533,0,0,171254
5079,13.9633,1.857,2.143,2.134,0.000,0.391,0.000,1850161,0,0,171254
5080,13.9650,1.724,1.781,1.773,0.000,0.275,0.000,1717453,0,0,171254
5081,13.9680,1.743,1.719,1.711,0.000,0.268,0.000,1735301,0,0,171254
5082,13.9698,2.997,1.857,1.849,0.000,0.260,0.000,2989902,0,0,171254
5083,13.9716,1.773,1.725,1.716,0.000,0.268,0.000,1765280,0,0,171254
5084,13.9734,1.778,1.743,1.734,0.000,0.348,0.000,1770992,0,0,171254
5085,13.9753,1.865,2.997,2.988,0.000,0.285,0.000,1856551,0,0,171254
5086,13.9770,1.807,1.772,1.764,0.000,0.633,0.000,1799375,0,0,171254
5087,13.9788,1.760,1.779,1.770,0.000,0.305,0.000,1752041,0,0,171254
5088,13.9812,1.850,1.864,1.855,0.000,0.609,0.000,1843072,0,0,171254
5089,13.9832,2.438,1.807,1.798,0.000,0.667,0.000,2430637,0,0,171254
5090,13.9851,1.913,1.759,1.751,0.000,0.559,0.000,1904465,0,0,171254
5091,13.9870,1.918,1.851,1.842,0.000,0.537,0.000,1909391,0,0,171254
5092,13.9888,1.831,2.439,2.429,0.000,0.590,0.000,1823001,0,0,171254
5093,13.9905,1.751,1.912,1.903,0.000,0.419,0.000,1743299,0,0,171254
5094,13.9923,1.809,1.917,1.908,0.000,0.284,0.000,1802124,0,0,171254
5095,13.9952,1.822,1.830,1.821,0.000,0.269,0.000,1815079,0,0,171254
5096,13.9973,3.042,1.751,1.742,0.000,0.322,0.000,3034383,0,0,171254
5097,13.9992,1.944,1.810,1.801,0.000,0.277,0.000,1935367,0,0,171254
5098,14.0011,1.848,1.822,1.814,0.000,0.363,0.000,1840656,0,0,171254
5099,14.0029,1.910,3.044,3.033,0.000,0.680,0.000,1902326,0,0,171254
5100,14.0047,1.826,1.943,1.934,0.000,0.626,0.000,1818269,0,0,171254
5101,14.0067,1.873,1.848,1.840,0.000,0.353,0.000,1865837,0,0,171254
5102,14.0086,1.990,1.910,1.901,0.000,0.529,0.000,1982064,0,0,171350
5103,14.0107,1.944,1.826,1.817,0.000,0.723,0.000,1936929,0,0,171254
5104,14.0125,2.019,1.874,1.865,0.000,0.379,0.000,2008190,0,0,171254
5105,14.0143,1.788,1.989,1.981,0.000,0.493,0.000,1779782,0,0,171254
5106,14.0161,1.789,1.947,1.936,0.000,0.296,0.000,1781619,0,0,171254
5107,14.0178,1.769,2.016,2.007,0.000,0.331,0.000,1760841,0,0,171254
5108,14.0195,1.668,1.787,1.778,0.000,0.338,0.000,1661121,0,0,171254
5109,14.0223,1.655,1.790,1.780,0.000,0.284,0.000,1648268,0,0,171254
5110,14.0241,2.929,1.768,1.760,0.000,0.257,0.000,2921988,0,0,171254
5111,14.0258,1.775,1.668,1.660,0.000,0.278,0.000,1767058,0,0,171254
5112,14.0275,1.639,1.655,1.647,0.000,0.350,0.000,1631389,0,0,171254
5113,14.0292,1.664,2.930,2.921,0.000,0.302,0.000,1657480,0,0,171254
5114,14.0313,1.866,1.774,1.766,0.000,0.650,0.000,1859224,0,0,171254
5115,14.0331,1.992,1.638,1.630,0.000,0.601,0.000,1981112,0,0,171254
5116,14.0348,1.734,1.664,1.656,0.000,0.596,0.000,1727273,0,0,171254
5117,14.0368,1.682,1.869,1.858,0.000,0.293,0.000,1675452,0,0,171254
5118,14.0385,2.032,1.988,1.980,0.000,0.323,0.000,2025959,0,0,171254
5119,14.0403,1.810,1.734,1.726,0.000,0.310,0.000,1802676,0,0,171254
5120,14.0422,1.782,1.681,1.674,0.000,0.327,0.000,1775010,0,0,171254
5121,14.0442,2.053,2.033,2.025,0.000,0.684,0.000,2046323,0,0,171254
5122,14.0460,1.878,1.809,1.801,0.000,0.638,0.000,1869958,0,0,171254
5123,14.0486,1.731,1.782,1.774,0.000,0.651,0.000,1724689,0,0,171254
5124,14.0511,2.985,2.054,2.045,0.000,0.634,0.000,2978173,0,0,171254
5125,14.0528,2.091,1.877,1.869,0.000,0.372,0.000,2080364,0,0,171254
5126,14.0547,1.964,1.732,1.724,0.000,0.335,0.000,1957331,0,0,171254
5127,14.0564,1.590,2.989,2.977,0.000,0.324,0.000,1583146,0,0,171254
5128,14.0580,1.721,2.087,2.079,0.000,0.275,0.000,1714526,0,0,171254
5129,14.0596,1.607,1.964,1.956,0.000,0.314,0.000,1600339,0,0,171254
5130,14.0613,1.594,1.589,1.582,0.000,0.276,0.000,1586951,0,0,171254
5131,14.0629,1.698,1.721,1.713,0.000,0.611,0.000,1692308,0,0,171254
5132,14.0645,1.640,1.607,1.599,0.000,0.602,0.000,1632871,0,0,171350
5133,14.0662,1.574,1.593,1.586,0.000,0.621,0.000,1567618,0,0,171254
5134,14.0678,1.658,1.699,1.691,0.000,0.337,0.000,1652032,0,0,171254
5135,14.0695,1.658,1.640,1.632,0.000,0.254,0.000,1651495,0,0,171254
5136,14.0715,1.960,1.574,1.566,0.000,0.555,0.000,1953692,0,0,171254
5137,14.0744,1.799,1.659,1.651,0.000,0.541,0.000,1789181,0,0,171254
5138,14.0762,2.954,1.658,1.650,0.000,0.688,0.000,2945276,0,0,171254
5139,14.0779,1.683,1.964,1.952,0.000,0.438,0.000,1675559,0,0,171254
5140,14.0795,1.640,1.798,1.788,0.000,0.672,0.000,1633594,0,0,171254
5141,14.0811,1.557,2.953,2.944,0.000,0.272,0.000,1550005,0,0,171254
5142,14.0827,1.704,1.682,1.674,0.000,0.253,0.000,1697146,0,0,171254
5143,14.0843,1.574,1.640,1.632,0.000,0.239,0.000,1567641,0,0,171254
5144,14.0859,1.593,1.557,1.549,0.000,0.257,0.000,1586462,0,0,171254
5145,14.0875,1.595,1.704,1.696,0.000,0.232,0.000,1588311,0,0,171254
5146,14.0892,1.650,1.574,1.567,0.000,0.234,0.000,1642909,0,0,171254
5147,14.0909,1.730,1.593,1.585,0.000,0.227,0.000,1721841,0,0,171254
5148,14.0925,1.594,1.595,1.587,0.000,0.453,0.000,1587180,0,0,171254
5149,14.0941,1.610,1.651,1.642,0.000,0.628,0.000,1603081,0,0,171254
5150,14.0956,1.581,1.729,1.721,0.000,0.323,0.000,1574913,0,0,171254
5151,14.0982,1.552,1.594,1.586,0.000,0.266,0.000,1545729,0,0,171254
5152,14.0998,2.581,1.610,1.602,0.000,0.245,0.000,2574385,0,0,171254
5153,14.1016,1.641,1.581,1.574,0.000,0.249,0.000,1633178,0,0,171254
5154,14.1032,1.766,1.553,1.545,0.000,0.335,0.000,1759064,0,0,171814
5155,14.1047,1.549,2.582,2.573,0.000,0.282,0.000,1542209,0,0,171310
5156,14.1063,1.529,1.640,1.632,0.000,0.255,0.000,1522862,0,0,171254
5157,14.1080,1.662,1.766,1.758,0.000,0.229,0.000,1655261,0,0,171254
5158,14.1096,1.579,1.549,1.541,0.000,0.232,0.000,1572406,0,0,171254
5159,14.1112,1.656,1.530,1.522,0.000,0.247,0.000,1642840,0,0,171254
5160,14.1129,1.659,1.662,1.654,0.000,0.642,0.000,1652620,0,0,171254
5161,14.1148,1.848,1.586,1.571,0.000,0.588,0.000,1841190,0,0,190345
5162,14.1165,1.776,1.650,1.642,0.000,0.342,0.000,1767913,0,0,171350
5163,14.1182,1.703,1.659,1.651,0.000,0.656,0.000,1695206,0,0,171254
5164,14.1199,1.708,1.849,1.840,0.000,0.490,0.000,1700702,0,0,171254
5165,14.1226,1.613,1.775,1.767,0.000,0.340,0.000,1605930,0,0,171254
5166,14.1245,2.904,1.702,1.694,0.000,0.300,0.000,2897585,0,0,171254
5167,14.1262,1.763,1.707,1.699,0.000,0.288,0.000,1755182,0,0,171254
5168,14.1285,1.894,1.613,1.605,0.000,0.325,0.000,1887066,0,0,171254
5169,14.1303,2.262,2.906,2.896,0.000,0.276,0.000,2252441,0,0,171254
5170,14.1320,1.648,1.762,1.754,0.000,0.266,0.000,1641654,0,0,171254
5171,14.1336,1.643,1.897,1.886,0.000,0.261,0.000,1636388,0,0,171254
5172,14.1352,1.566,2.259,2.251,0.000,0.583,0.000,1559724,0,0,171254
5173,14.1368,1.603,1.648,1.641,0.000,0.311,0.000,1596145,0,0,171254
5174,14.1383,1.567,1.643,1.635,0.000,0.297,0.000,1560123,0,0,171254
5175,14.1400,1.630,1.566,1.559,0.000,0.292,0.000,1623281,0,0,171254
5176,14.1417,1.643,1.603,1.595,0.000,0.259,0.000,1636844,0,0,171254
5177,14.1434,1.739,1.566,1.559,0.000,0.318,0.000,1731431,0,0,171254
5178,14.1451,1.692,1.630,1.622,0.000,0.300,0.000,1685467,0,0,171254
5179,14.1479,1.758,1.644,1.636,0.000,0.285,0.000,1751507,0,0,171254
5180,14.1499,2.930,1.738,1.730,0.000,0.285,0.000,2922285,0,0,171254
5181,14.1518,1.951,1.693,1.684,0.000,0.363,0.000,1942798,0,0,171254
5182,14.1536,1.842,1.759,1.750,0.000,0.397,0.000,1834904,0,0,171254
5183,14.1555,1.814,2.931,2.921,0.000,0.336,0.000,1801249,0,0,171254
5184,14.1573,1.850,1.950,1.941,0.000,0.337,0.000,1841783,0,0,171254
5185,14.1590,1.770,1.848,1.834,0.000,0.327,0.000,1762947,0,0,171254
5186,14.1609,1.725,1.809,1.800,0.000,0.320,0.000,1718052,0,0,171254
5187,14.1626,1.878,1.849,1.841,0.000,0.655,0.000,1871341,0,0,171254
5188,14.1652,2.027,1.770,1.762,0.000,0.552,0.000,2020478,0,0,171254
5189,14.1678,2.782,1.725,1.717,0.000,0.607,0.000,2769994,0,0,171254
5190,14.1699,2.210,1.878,1.870,0.000,0.617,0.000,2198567,0,0,171254
5191,14.1718,2.034,2.033,2.019,0.000,0.777,0.000,2026226,0,0,171254
5192,14.1737,1.910,2.781,2.768,0.000,0.372,0.000,1902774,0,0,171350
5193,14.1768,1.902,2.207,2.197,0.000,0.358,0.000,1887460,0,0,171254
5194,14.1789,3.177,2.033,2.025,0.000,0.345,0.000,3168821,0,0,171254
5195,14.1809,2.013,1.917,1.902,0.000,0.375,0.000,2004183,0,0,171254
5196,14.1828,2.050,1.895,1.886,0.000,0.449,0.000,2041906,0,0,171254
5197,14.1846,1.789,3.178,3.167,0.000,0.690,0.000,1780924,0,0,171254
5198,14.1863,1.812,2.012,2.003,0.000,0.649,0.000,1804859,0,0,171254
5199,14.1880,1.689,2.050,2.040,0.000,0.401,0.000,1681844,0,0,171254
5200,14.1897,1.706,1.788,1.780,0.000,0.618,0.000,1699328,0,0,171254
5201,14.1914,1.649,1.812,1.804,0.000,0.268,0.000,1642351,0,0,171254
5202,14.1930,1.665,1.689,1.681,0.000,0.257,0.000,1657533,0,0,171254
5203,14.1946,1.597,1.706,1.698,0.000,0.255,0.000,1590318,0,0,171254
5204,14.1963,1.651,1.649,1.641,0.000,0.254,0.000,1644588,0,0,171254
5205,14.1980,1.690,1.664,1.656,0.000,0.316,0.000,1684056,0,0,171254
5206,14.1996,1.694,1.597,1.589,0.000,0.235,0.000,1686792,0,0,171254
5207,14.2024,1.616,1.651,1.643,0.000,0.318,0.000,1610057,0,0,171254
5208,14.2041,2.846,1.691,1.683,0.000,0.280,0.000,2839897,0,0,171254
5209,14.2065,1.949,1.693,1.686,0.000,0.345,0.000,1941580,0,0,171254
5210,14.2083,2.218,1.616,1.609,0.000,0.296,0.000,2208059,0,0,171254
5211,14.2107,1.950,2.847,2.839,0.000,0.274,0.000,1942495,0,0,171254
5212,14.2127,2.414,1.952,1.940,0.000,0.265,0.000,2404610,0,0,171254
5213,14.2143,1.671,2.215,2.206,0.000,0.268,0.000,1664049,0,0,171254
5214,14.2158,1.577,1.952,1.941,0.000,0.324,0.000,1570146,0,0,171254
5215,14.2174,1.567,2.411,2.403,0.000,0.647,0.000,1560031,0,0,171254
5216,14.2190,1.544,1.671,1.663,0.000,0.573,0.000,1537124,0,0,171254
5217,14.2208,1.688,1.577,1.569,0.000,0.575,0.000,1681786,0,0,171254
5218,14.2225,1.821,1.566,1.559,0.000,0.401,0.000,1814520,0,0,171254
5219,14.2241,1.633,1.543,1.536,0.000,0.351,0.000,1626205,0,0,171254
5220,14.2256,1.576,1.688,1.681,0.000,0.277,0.000,1570047,0,0,171254
5221,14.2282,1.537,1.821,1.813,0.000,0.600,0.000,1530678,0,0,171254
5222,14.2299,2.644,1.632,1.625,0.000,0.314,0.000,2637587,0,0,171350
5223,14.2316,1.693,1.576,1.569,0.000,0.609,0.000,1686150,0,0,171254
5224,14.2334,1.698,1.537,1.530,0.000,0.595,0.000,1691511,0,0,171254
5225,14.2351,1.747,2.645,2.636,0.000,0.625,0.000,1737573,0,0,171254
5226,14.2367,1.717,1.693,1.685,0.000,0.451,0.000,1710088,0,0,171254
5227,14.2383,1.598,1.701,1.690,0.000,0.616,0.000,1591018,0,0,171254
5228,14.2401,1.677,1.744,1.736,0.000,0.630,0.000,1669977,0,0,171254
5229,14.2419,1.716,1.717,1.709,0.000,0.618,0.000,1708922,0,0,171254
5230,14.2442,2.159,1.598,1.590,0.000,0.526,0.000,2151869,0,0,171254
5231,14.2460,2.085,1.677,1.669,0.000,0.314,0.000,2074355,0,0,171254
5232,14.2478,1.790,1.716,1.708,0.000,0.347,0.000,1783662,0,0,171254
5233,14.2496,1.742,2.163,2.151,0.000,0.329,0.000,1735463,0,0,171254
5234,14.2517,1.955,2.081,2.073,0.000,0.345,0.000,1948209,0,0,171254
5235,14.2545,1.980,1.791,1.783,0.000,0.506,0.000,1969861,0,0,171254
5236,14.2565,2.891,1.743,1.734,0.000,0.309,0.000,2883904,0,0,171254
5237,14.2583,1.877,1.958,1.947,0.000,0.649,0.000,1869210,0,0,171254
5238,14.2600,1.736,1.977,1.968,0.000,0.696,0.000,1729379,0,0,171254
5239,14.2619,1.766,2.891,2.883,0.000,0.350,0.000,1759325,0,0,171254
5240,14.2636,1.811,1.876,1.868,0.000,0.328,0.000,1804462,0,0,171254
5241,14.2653,1.742,1.736,1.728,0.000,0.276,0.000,1734968,0,0,171254
5242,14.2670,1.691,1.766,1.758,0.000,0.257,0.000,1683839,0,0,171254
5243,14.2689,1.829,1.811,1.803,0.000,0.307,0.000,1821667,0,0,171254
5244,14.2706,1.790,1.742,1.734,0.000,0.323,0.000,1781940,0,0,171254
5245,14.2732,2.022,1.691,1.683,0.000,0.364,0.000,2015226,0,0,171254
5246,14.2751,2.399,1.830,1.821,0.000,0.660,0.000,2389101,0,0,171254
5247,14.2768,1.736,1.789,1.781,0.000,0.644,0.000,1729045,0,0,171254
5248,14.2785,1.738,2.026,2.014,0.000,0.369,0.000,1731340,0,0,171254
5249,14.2812,1.685,2.396,2.388,0.000,0.427,0.000,1677279,0,0,171254
5250,14.2831,2.779,1.736,1.728,0.000,0.347,0.000,2771789,0,0,171254
5251,14.2849,1.867,1.739,1.730,0.000,0.302,0.000,1860026,0,0,171254
5252,14.2871,1.993,1.684,1.676,0.000,0.516,0.000,1985949,0,0,171350
5253,14.2887,1.926,2.779,2.771,0.000,0.284,0.000,1916682,0,0,171254
5254,14.2904,1.670,1.867,1.859,0.000,0.334,0.000,1663375,0,0,171254
5255,14.2920,1.596,1.996,1.985,0.000,0.615,0.000,1589859,0,0,171254
5256,14.2936,1.614,1.923,1.915,0.000,0.565,0.000,1607788,0,0,171254
5257,14.2953,1.621,1.670,1.662,0.000,0.562,0.000,1614180,0,0,171254
5258,14.2971,1.841,1.596,1.589,0.000,0.338,0.000,1834641,0,0,171254
5259,14.2989,1.736,1.615,1.607,0.000,0.284,0.000,1728491,0,0,171254
5260,14.3006,1.707,1.621,1.613,0.000,0.279,0.000,1699331,0,0,171254
5261,14.3022,1.728,1.843,1.833,0.000,0.331,0.000,1721312,0,0,171254
5262,14.3039,1.618,1.736,1.727,0.000,0.613,0.000,1611473,0,0,171254
5263,14.3065,1.692,1.706,1.698,0.000,0.603,0.000,1684944,0,0,171254
5264,14.3083,2.692,1.728,1.720,0.000,0.401,0.000,2685074,0,0,171254
5265,14.3099,1.693,1.618,1.610,0.000,0.411,0.000,1686029,0,0,171254
5266,14.3115,1.648,1.692,1.684,0.000,0.615,0.000,1641662,0,0,171254
5267,14.3131,1.583,2.692,2.684,0.000,0.578,0.000,1576338,0,0,171254
5268,14.3146,1.534,1.692,1.685,0.000,0.309,0.000,1527127,0,0,171254
5269,14.3162,1.580,1.648,1.641,0.000,0.265,0.000,1573889,0,0,171254
5270,14.3178,1.598,1.583,1.575,0.000,0.271,0.000,1591767,0,0,171254
5271,14.3194,1.605,1.533,1.526,0.000,0.608,0.000,1598279,0,0,171254
5272,14.3211,1.570,1.580,1.573,0.000,0.478,0.000,1563097,0,0,171254
5273,14.3227,1.694,1.598,1.591,0.000,0.270,0.000,1687765,0,0,171254
5274,14.3243,1.571,1.605,1.597,0.000,0.247,0.000,1564581,0,0,171254
5275,14.3259,1.580,1.569,1.562,0.000,0.265,0.000,1573616,0,0,171254
5276,14.3275,1.637,1.694,1.687,0.000,0.253,0.000,1630069,0,0,171254
5277,14.3322,1.622,1.571,1.563,0.000,0.603,0.000,1615552,0,0,171254
5278,14.3343,4.905,1.580,1.572,0.000,0.624,0.000,4899093,0,0,171254
5279,14.3367,2.610,1.637,1.629,0.000,0.597,0.000,2602248,0,0,171254
5280,14.3383,1.686,1.622,1.615,0.000,0.571,0.000,1677501,0,0,171254
5281,14.3400,1.677,4.907,4.898,0.000,0.546,0.000,1669083,0,0,190345
5282,14.3417,1.619,2.610,2.601,0.000,0.425,0.000,1612047,0,0,171350
5283,14.3433,1.724,1.684,1.676,0.000,0.631,0.000,1718472,0,0,171254
5284,14.3450,1.579,1.676,1.668,0.000,0.376,0.000,1571381,0,0,171254
5285,14.3467,1.750,1.618,1.611,0.000,0.263,0.000,1743510,0,0,171254
5286,14.3483,1.669,1.726,1.717,0.000,0.257,0.000,1662243,0,0,171254
5287,14.3499,1.587,1.578,1.570,0.000,0.333,0.000,1575735,0,0,171254
5288,14.3514,1.511,1.750,1.742,0.000,0.288,0.000,1505504,0,0,171254
5289,14.3530,1.543,1.674,1.661,0.000,0.278,0.000,1537262,0,0,171254
5290,14.3546,1.608,1.582,1.575,0.000,0.283,0.000,1602261,0,0,171254
5291,14.3561,1.552,1.512,1.504,0.000,0.261,0.000,1545154,0,0,171254
5292,14.3601,1.952,1.543,1.536,0.000,0.244,0.000,1945543,0,0,171254
5293,14.3622,3.933,1.609,1.601,0.000,0.237,0.000,3922582,0,0,171254
5294,14.3639,1.856,1.552,1.544,0.000,0.283,0.000,1847957,0,0,171254
5295,14.3655,1.598,1.956,1.945,0.000,0.653,0.000,1591101,0,0,171254
5296,14.3671,1.593,3.931,3.921,0.000,0.336,0.000,1586636,0,0,171254
5297,14.3687,1.616,1.855,1.847,0.000,0.277,0.000,1609103,0,0,171254
5298,14.3704,1.700,1.598,1.590,0.000,0.294,0.000,1693830,0,0,171254
5299,14.3721,1.649,1.593,1.586,0.000,0.422,0.000,1642184,0,0,171254
5300,14.3745,1.938,1.615,1.608,0.000,0.391,0.000,1931213,0,0,171254
5301,14.3763,2.329,1.701,1.693,0.000,0.314,0.000,2318563,0,0,171254
5302,14.3779,1.604,1.649,1.641,0.000,0.266,0.000,1597108,0,0,171254
5303,14.3794,1.533,1.943,1.930,0.000,0.653,0.000,1526767,0,0,171254
5304,14.3811,1.583,2.324,2.316,0.000,0.569,0.000,1576591,0,0,171254
5305,14.3827,1.659,1.603,1.596,0.000,0.574,0.000,1652349,0,0,171254
5306,14.3851,1.553,1.533,1.526,0.000,0.330,0.000,1546294,0,0,171254
5307,14.3869,2.565,1.583,1.576,0.000,0.579,0.000,2558509,0,0,171254
5308,14.3886,1.788,1.659,1.651,0.000,0.377,0.000,1781352,0,0,171254
5309,14.3903,1.644,1.553,1.545,0.000,0.290,0.000,1637788,0,0,171254
5310,14.3919,1.677,2.566,2.557,0.000,0.283,0.000,1670066,0,0,171254
5311,14.3935,1.599,1.788,1.780,0.000,0.320,0.000,1592669,0,0,171254
5312,14.3950,1.569,1.644,1.637,0.000,0.286,0.000,1562930,0,0,171350
5313,14.3966,1.528,1.676,1.669,0.000,0.262,0.000,1521403,0,0,171254
5314,14.3981,1.565,1.599,1.592,0.000,0.312,0.000,1558558,0,0,171254
5315,14.3998,1.576,1.569,1.562,0.000,0.264,0.000,1569770,0,0,171254
5316,14.4015,1.592,1.528,1.520,0.000,0.255,0.000,1584887,0,0,171254
5317,14.4031,1.705,1.565,1.557,0.000,0.272,0.000,1698148,0,0,171254
5318,14.4046,1.608,1.577,1.569,0.000,0.275,0.000,1601423,0,0,171254
5319,14.4062,1.528,1.591,1.584,0.000,0.252,0.000,1521810,0,0,171254
5320,14.4088,1.556,1.705,1.697,0.000,0.238,0.000,1549315,0,0,171254
5321,14.4107,2.823,1.608,1.600,0.000,0.258,0.000,2817298,0,0,171254
5322,14.4125,1.891,1.528,1.521,0.000,0.592,0.000,1882941,0,0,171254
5323,14.4143,1.783,1.556,1.548,0.000,0.690,0.000,1775200,0,0,171254
5324,14.4159,1.678,2.825,2.816,0.000,0.634,0.000,1670994,0,0,171254
5325,14.4175,1.604,1.890,1.882,0.000,0.629,0.000,1597895,0,0,171254
5326,14.4191,1.587,1.782,1.774,0.000,0.337,0.000,1580397,0,0,171254
5327,14.4208,1.594,1.678,1.670,0.000,0.259,0.000,1587823,0,0,171254
5328,14.4224,1.714,1.605,1.597,0.000,0.311,0.000,1707184,0,0,171254
5329,14.4241,1.610,1.587,1.579,0.000,0.259,0.000,1602708,0,0,171254
5330,14.4257,1.676,1.594,1.587,0.000,0.288,0.000,1669737,0,0,171254
5331,14.4274,1.657,1.714,1.706,0.000,0.592,0.000,1650671,0,0,171254
5332,14.4290,1.621,1.609,1.602,0.000,0.359,0.000,1614926,0,0,171254
5333,14.4309,1.746,1.676,1.669,0.000,0.323,0.000,1740147,0,0,171254
5334,14.4336,1.841,1.657,1.650,0.000,0.248,0.000,1831077,0,0,171254
5335,14.4354,2.787,1.621,1.614,0.000,0.266,0.000,2779561,0,0,171254
5336,14.4372,1.809,1.751,1.739,0.000,0.693,0.000,1802144,0,0,171254
5337,14.4390,1.755,1.837,1.828,0.000,0.686,0.000,1748510,0,0,171254
5338,14.4410,1.817,2.787,2.778,0.000,0.360,0.000,1809971,0,0,171254
5339,14.4430,2.039,1.808,1.801,0.000,0.315,0.000,2031942,0,0,171254
5340,14.4449,1.967,1.756,1.747,0.000,0.663,0.000,1959227,0,0,171254
5341,14.4468,1.957,1.817,1.809,0.000,0.630,0.000,1949702,0,0,171254
5342,14.4486,1.808,2.040,2.031,0.000,0.367,0.000,1800389,0,0,171350
5343,14.4503,1.727,1.966,1.958,0.000,0.332,0.000,1719790,0,0,171254
5344,14.4520,1.720,1.957,1.948,0.000,0.639,0.000,1713164,0,0,171254
5345,14.4536,1.640,1.808,1.799,0.000,0.593,0.000,1632942,0,0,171254
5346,14.4552,1.654,1.727,1.719,0.000,0.583,0.000,1647655,0,0,171254
5347,14.4569,1.594,1.720,1.712,0.000,0.335,0.000,1587540,0,0,171254
5348,14.4596,2.673,1.639,1.632,0.000,0.245,0.000,2665884,0,0,171254
5349,14.4614,1.763,1.654,1.646,0.000,0.504,0.000,1755674,0,0,171254
5350,14.4630,1.779,1.595,1.587,0.000,0.462,0.000,1771319,0,0,171254
5351,14.4646,1.563,2.674,2.665,0.000,0.307,0.000,1556367,0,0,171254
5352,14.4662,1.616,1.763,1.754,0.000,0.275,0.000,1609935,0,0,171254
5353,14.4679,1.603,1.778,1.770,0.000,0.292,0.000,1596684,0,0,171254
5354,14.4696,1.690,1.563,1.555,0.000,0.246,0.000,1682968,0,0,171254
5355,14.4712,1.654,1.616,1.609,0.000,0.530,0.000,1640010,0,0,171254
5356,14.4728,1.656,1.604,1.596,0.000,0.454,0.000,1649011,0,0,171254
5357,14.4751,1.898,1.697,1.682,0.000,0.263,0.000,1890991,0,0,171254
5358,14.4769,2.026,1.647,1.639,0.000,0.611,0.000,2016654,0,0,171254
5359,14.4785,1.748,1.656,1.648,0.000,0.613,0.000,1739610,0,0,171254
5360,14.4802,1.663,1.901,1.890,0.000,0.436,0.000,1653971,0,0,171254
5361,14.4830,1.672,2.025,2.015,0.000,0.405,0.000,1664908,0,0,171254
5362,14.4847,2.810,1.748,1.738,0.000,0.302,0.000,2803454,0,0,171254
5363,14.4864,1.714,1.661,1.653,0.000,0.594,0.000,1706609,0,0,171254
5364,14.4882,1.712,1.672,1.664,0.000,0.383,0.000,1704616,0,0,171254
5365,14.4899,1.741,2.811,2.802,0.000,0.649,0.000,1734084,0,0,171254
5366,14.4915,1.670,1.713,1.705,0.000,0.508,0.000,1663128,0,0,171254
5367,14.4932,1.643,1.711,1.704,0.000,0.584,0.000,1635996,0,0,171254
5368,14.4948,1.650,1.741,1.733,0.000,0.428,0.000,1643499,0,0,171254
5369,14.4965,1.656,1.670,1.662,0.000,0.300,0.000,1649846,0,0,171254
5370,14.4980,1.628,1.643,1.635,0.000,0.274,0.000,1621073,0,0,171254
5371,14.4997,1.602,1.650,1.642,0.000,0.314,0.000,1595362,0,0,171254
5372,14.5018,1.921,1.656,1.649,0.000,0.264,0.000,1914502,0,0,171350
5373,14.5034,1.809,1.628,1.620,0.000,0.290,0.000,1799040,0,0,171254
5374,14.5050,1.627,1.602,1.594,0.000,0.260,0.000,1620107,0,0,171254
5375,14.5076,1.557,1.925,1.913,0.000,0.294,0.000,1549823,0,0,171254
5376,14.5099,2.758,1.805,1.797,0.000,0.238,0.000,2751173,0,0,171254
5377,14.5119,2.375,1.627,1.619,0.000,0.318,0.000,2368297,0,0,171254
5378,14.5137,1.902,1.557,1.549,0.000,0.308,0.000,1892282,0,0,171254
5379,14.5153,1.665,2.758,2.750,0.000,0.337,0.000,1657933,0,0,171254
5380,14.5170,1.641,2.378,2.367,0.000,0.307,0.000,1634720,0,0,171254
5381,14.5196,2.383,1.899,1.891,0.000,0.405,0.000,2376837,0,0,171254
5382,14.5219,2.190,1.664,1.657,0.000,0.277,0.000,2179511,0,0,171254
5383,14.5239,2.255,1.642,1.634,0.000,0.511,0.000,2245804,0,0,171254
5384,14.5257,1.848,2.387,2.376,0.000,0.368,0.000,1839507,0,0,171254
5385,14.5275,1.770,2.188,2.178,0.000,0.376,0.000,1762684,0,0,171254
5386,14.5293,1.782,2.254,2.244,0.000,0.295,0.000,1775132,0,0,171254
5387,14.5311,1.824,1.847,1.838,0.000,0.275,0.000,1816958,0,0,171254
5388,14.5328,1.748,1.770,1.762,0.000,0.369,0.000,1740399,0,0,171254
5389,14.5359,1.912,1.783,1.774,0.000,0.285,0.000,1904196,0,0,171254
5390,14.5381,3.231,1.825,1.816,0.000,0.375,0.000,3222968,0,0,171254
5391,14.5400,2.010,1.748,1.739,0.000,0.304,0.000,2000737,0,0,171254
5392,14.5421,1.911,1.912,1.903,0.000,0.405,0.000,1902632,0,0,171254
5393,14.5440,2.068,3.232,3.222,0.000,0.323,0.000,2060441,0,0,171254
5394,14.5459,1.886,2.009,1.999,0.000,0.297,0.000,1878076,0,0,171254
5395,14.5476,1.790,1.910,1.901,0.000,0.363,0.000,1781548,0,0,171254
5396,14.5493,1.713,2.069,2.059,0.000,0.318,0.000,1696367,0,0,171254
5397,14.5510,1.672,1.886,1.877,0.000,0.299,0.000,1665335,0,0,171254
5398,14.5527,1.706,1.798,1.780,0.000,0.269,0.000,1698473,0,0,171254
5399,14.5544,1.710,1.703,1.695,0.000,0.348,0.000,1702852,0,0,171254
5400,14.5563,1.820,1.673,1.664,0.000,0.276,0.000,1813014,0,0,171254
5401,14.5583,1.974,1.705,1.697,0.000,0.333,0.000,1966381,0,0,190345
5402,14.5603,2.031,1.710,1.702,0.000,0.298,0.000,2022871,0,0,171350
5403,14.5631,1.755,1.821,1.812,0.000,0.753,0.000,1747527,0,0,171254
5404,14.5649,2.870,1.975,1.965,0.000,0.284,0.000,2862916,0,0,171254
5405,14.5665,1.709,2.030,2.022,0.000,0.290,0.000,1701825,0,0,171254
5406,14.5682,1.664,1.754,1.746,0.000,0.264,0.000,1657399,0,0,171254
5407,14.5698,1.607,2.870,2.862,0.000,0.259,0.000,1600221,0,0,171254
5408,14.5714,1.594,1.709,1.701,0.000,0.258,0.000,1587244,0,0,171254
5409,14.5730,1.620,1.664,1.656,0.000,0.237,0.000,1613667,0,0,171254
5410,14.5746,1.627,1.607,1.599,0.000,0.238,0.000,1619711,0,0,171254
5411,14.5763,1.630,1.594,1.586,0.000,0.225,0.000,1623815,0,0,171254
5412,14.5779,1.639,1.621,1.613,0.000,0.232,0.000,1632515,0,0,171254
5413,14.5795,1.617,1.626,1.619,0.000,0.235,0.000,1609715,0,0,171254
5414,14.5813,1.658,1.630,1.623,0.000,0.230,0.000,1651371,0,0,171254
5415,14.5830,1.791,1.639,1.631,0.000,0.437,0.000,1785376,0,0,171254
5416,14.5846,1.652,1.617,1.609,0.000,0.282,0.000,1644606,0,0,171254
5417,14.5872,1.598,1.658,1.650,0.000,0.615,0.000,1591966,0,0,171254
5418,14.5889,2.692,1.792,1.784,0.000,0.579,0.000,2685270,0,0,171254
5419,14.5905,1.646,1.651,1.643,0.000,0.272,0.000,1638436,0,0,171254
5420,14.5922,1.626,1.598,1.591,0.000,0.327,0.000,1618923,0,0,171254
5421,14.5940,1.726,2.692,2.684,0.000,0.588,0.000,1719984,0,0,171254
5422,14.5958,1.830,1.645,1.637,0.000,0.392,0.000,1823172,0,0,171254
5423,14.5977,1.847,1.625,1.618,0.000,0.305,0.000,1839762,0,0,171254
5424,14.5994,1.780,1.727,1.719,0.000,0.356,0.000,1772164,0,0,171254
5425,14.6014,1.792,1.831,1.822,0.000,0.302,0.000,1784601,0,0,171254
5426,14.6031,1.931,1.848,1.838,0.000,0.310,0.000,1923957,0,0,171254
5427,14.6049,1.734,1.780,1.771,0.000,0.342,0.000,1726378,0,0,171254
5428,14.6066,1.769,1.792,1.783,0.000,0.314,0.000,1762181,0,0,171254
5429,14.6082,1.632,1.932,1.923,0.000,0.270,0.000,1625247,0,0,171254
5430,14.6098,1.637,1.733,1.725,0.000,0.348,0.000,1630774,0,0,171254
5431,14.6126,1.607,1.769,1.761,0.000,0.268,0.000,1599924,0,0,171254
5432,14.6144,2.894,1.632,1.624,0.000,0.251,0.000,2886892,0,0,171350
5433,14.6162,1.764,1.638,1.630,0.000,0.410,0.000,1756367,0,0,171254
5434,14.6180,1.782,1.607,1.599,0.000,0.322,0.000,1774590,0,0,171254
5435,14.6198,1.858,2.895,2.886,0.000,0.272,0.000,1850793,0,0,171254
5436,14.6217,1.758,1.763,1.755,0.000,0.336,0.000,1750529,0,0,171254
5437,14.6236,1.987,1.782,1.773,0.000,0.355,0.000,1979591,0,0,171254
5438,14.6255,1.867,1.858,1.850,0.000,0.293,0.000,1858479,0,0,171254
5439,14.6273,1.880,1.758,1.749,0.000,0.429,0.000,1870958,0,0,171254
5440,14.6291,1.772,1.988,1.978,0.000,0.350,0.000,1763870,0,0,171254
5441,14.6310,1.774,1.867,1.857,0.000,0.337,0.000,1765969,0,0,171254
5442,14.6328,1.924,1.879,1.870,0.000,0.331,0.000,1916246,0,0,171254
5443,14.6346,1.835,1.772,1.763,0.000,0.353,0.000,1826786,0,0,171254
5444,14.6364,1.807,1.774,1.765,0.000,0.741,0.000,1794211,0,0,171254
5445,14.6393,1.790,1.924,1.915,0.000,0.677,0.000,1782494,0,0,171254
5446,14.6412,2.872,1.840,1.826,0.000,0.346,0.000,2864593,0,0,171254
5447,14.6430,1.942,1.801,1.793,0.000,0.295,0.000,1934371,0,0,171254
5448,14.6448,1.761,1.790,1.781,0.000,0.283,0.000,1753431,0,0,171254
5449,14.6465,1.686,2.872,2.863,0.000,0.280,0.000,1677704,0,0,171254
5450,14.6485,1.916,1.942,1.933,0.000,0.255,0.000,1909028,0,0,171254
5451,14.6503,1.914,1.762,1.752,0.000,0.254,0.000,1904858,0,0,171814
5452,14.6522,1.805,1.685,1.676,0.000,0.473,0.000,1797327,0,0,171310
5453,14.6540,1.867,1.918,1.908,0.000,0.360,0.000,1859072,0,0,171254
5454,14.6559,1.859,1.913,1.903,0.000,0.664,0.000,1851717,0,0,171254
5455,14.6577,1.785,1.805,1.796,0.000,0.319,0.000,1777810,0,0,171254
5456,14.6594,1.809,1.867,1.858,0.000,0.295,0.000,1794788,0,0,171254
5457,14.6614,1.796,1.859,1.850,0.000,0.281,0.000,1787909,0,0,171254
5458,14.6632,1.975,1.792,1.777,0.000,0.658,0.000,1967528,0,0,171254
5459,14.6661,1.763,1.803,1.794,0.000,0.753,0.000,1755795,0,0,171254
5460,14.6681,3.020,1.796,1.787,0.000,0.657,0.000,3013475,0,0,171254
5461,14.6701,2.000,1.975,1.966,0.000,0.365,0.000,1991959,0,0,171254
5462,14.6720,1.979,1.763,1.755,0.000,0.688,0.000,1972066,0,0,171350
5463,14.6740,1.904,3.022,3.012,0.000,0.686,0.000,1896198,0,0,171254
5464,14.6760,2.014,1.999,1.991,0.000,0.652,0.000,2006098,0,0,171254
5465,14.6780,1.998,1.980,1.971,0.000,0.641,0.000,1990386,0,0,171254
5466,14.6798,1.913,1.904,1.895,0.000,0.652,0.000,1905460,0,0,171254
5467,14.6817,1.798,2.014,2.005,0.000,0.694,0.000,1790333,0,0,171254
5468,14.6835,1.907,1.998,1.989,0.000,0.351,0.000,1900271,0,0,171254
5469,14.6853,1.766,1.913,1.904,0.000,0.278,0.000,1757501,0,0,171254
5470,14.6870,1.764,1.798,1.789,0.000,0.673,0.000,1756823,0,0,171254
5471,14.6886,1.654,1.908,1.899,0.000,0.347,0.000,1647109,0,0,171254
5472,14.6903,1.640,1.765,1.756,0.000,0.635,0.000,1632783,0,0,171254
5473,14.6930,1.654,1.764,1.756,0.000,0.678,0.000,1647598,0,0,171254
5474,14.6948,2.896,1.655,1.646,0.000,0.624,0.000,2889004,0,0,171254
5475,14.6965,1.686,1.640,1.632,0.000,0.597,0.000,1678548,0,0,171254
5476,14.6983,1.712,1.655,1.647,0.000,0.640,0.000,1705069,0,0,171254
5477,14.7001,1.819,2.897,2.888,0.000,0.346,0.000,1810513,0,0,171254
5478,14.7020,1.823,1.685,1.677,0.000,0.272,0.000,1816194,0,0,171254
5479,14.7037,1.841,1.714,1.704,0.000,0.332,0.000,1831615,0,0,171254
5480,14.7066,2.255,1.818,1.809,0.000,0.651,0.000,2247267,0,0,171254
5481,14.7087,2.654,1.825,1.815,0.000,0.540,0.000,2644045,0,0,171254
5482,14.7106,1.874,1.839,1.830,0.000,0.290,0.000,1865783,0,0,171254
5483,14.7131,2.060,2.259,2.246,0.000,0.299,0.000,2052866,0,0,171254
5484,14.7150,2.387,2.650,2.641,0.000,0.272,0.000,2377326,0,0,171254
5485,14.7168,1.830,1.873,1.864,0.000,0.360,0.000,1823150,0,0,171254
5486,14.7185,1.686,2.062,2.052,0.000,0.310,0.000,1679040,0,0,171254
5487,14.7212,1.695,2.384,2.376,0.000,0.267,0.000,1687833,0,0,171254
5488,14.7240,3.126,1.830,1.822,0.000,0.315,0.000,3119089,0,0,171254
5489,14.7266,2.820,1.686,1.678,0.000,0.309,0.000,2808577,0,0,171254
5490,14.7284,2.291,1.695,1.687,0.000,0.703,0.000,2280148,0,0,171254
5491,14.7303,1.799,3.131,3.118,0.000,0.615,0.000,1791510,0,0,171254
5492,14.7319,1.783,2.820,2.807,0.000,0.589,0.000,1772034,0,0,171350
5493,14.7334,1.534,2.287,2.279,0.000,0.576,0.000,1527537,0,0,171254
5494,14.7351,1.592,1.803,1.790,0.000,0.545,0.000,1586171,0,0,171254
5495,14.7367,1.659,1.778,1.770,0.000,0.338,0.000,1652403,0,0,171254
5496,14.7386,1.736,1.534,1.526,0.000,0.334,0.000,1729178,0,0,171254
5497,14.7405,1.900,1.593,1.585,0.000,0.627,0.000,1893257,0,0,171254
5498,14.7430,2.216,1.660,1.651,0.000,0.724,0.000,2209946,0,0,171254
5499,14.7451,2.312,1.736,1.728,0.000,0.660,0.000,2300754,0,0,171254
5500,14.7469,1.959,1.900,1.892,0.000,0.669,0.000,1948752,0,0,171254
5501,14.7496,1.741,2.222,2.209,0.000,0.341,0.000,1733161,0,0,171254
5502,14.7514,2.767,2.311,2.299,0.000,0.327,0.000,2760872,0,0,171254
5503,14.7531,1.754,1.956,1.947,0.000,0.600,0.000,1746076,0,0,171254
5504,14.7548,1.656,1.740,1.732,0.000,0.618,0.000,1647566,0,0,171254
5505,14.7565,1.676,2.769,2.760,0.000,0.614,0.000,1669124,0,0,171254
5506,14.7581,1.689,1.755,1.745,0.000,0.584,0.000,1682430,0,0,171254
5507,14.7597,1.614,1.654,1.646,0.000,0.641,0.000,1607632,0,0,171254
5508,14.7614,1.588,1.676,1.668,0.000,0.560,0.000,1581147,0,0,171254
5509,14.7631,1.722,1.689,1.681,0.000,0.569,0.000,1715713,0,0,171254
5510,14.7647,1.653,1.614,1.607,0.000,0.605,0.000,1643905,0,0,171254
5511,14.7663,1.585,1.588,1.580,0.000,0.583,0.000,1578136,0,0,171254
5512,14.7679,1.654,1.724,1.715,0.000,0.600,0.000,1647798,0,0,171254
5513,14.7695,1.561,1.651,1.643,0.000,0.351,0.000,1555254,0,0,171254
5514,14.7710,1.537,1.585,1.577,0.000,0.242,0.000,1530442,0,0,171254
5515,14.7737,1.562,1.654,1.647,0.000,0.240,0.000,1555239,0,0,171254
5516,14.7753,2.734,1.562,1.554,0.000,0.321,0.000,2727634,0,0,171254
5517,14.7769,1.615,1.538,1.529,0.000,0.265,0.000,1608412,0,0,171254
5518,14.7785,1.555,1.562,1.554,0.000,0.568,0.000,1548551,0,0,171254
5519,14.7800,1.549,2.735,2.726,0.000,0.281,0.000,1542077,0,0,171254
5520,14.7818,1.601,1.615,1.607,0.000,0.272,0.000,1594486,0,0,171254
5521,14.7835,1.835,1.555,1.547,0.000,0.250,0.000,1828601,0,0,190345
5522,14.7851,1.651,1.549,1.541,0.000,0.280,0.000,1644470,0,0,171350
5523,14.7867,1.569,1.601,1.593,0.000,0.252,0.000,1561796,0,0,171254
5524,14.7891,1.815,1.835,1.827,0.000,0.273,0.000,1809348,0,0,171254
5525,14.7912,2.628,1.651,1.643,0.000,0.255,0.000,2618794,0,0,171254
5526,14.7930,1.791,1.568,1.561,0.000,0.261,0.000,1783132,0,0,171254
5527,14.7948,1.805,1.819,1.808,0.000,0.323,0.000,1798111,0,0,171254
5528,14.7965,1.745,2.626,2.617,0.000,0.298,0.000,1737740,0,0,171254
5529,14.7993,1.713,1.790,1.782,0.000,0.292,0.000,1706048,0,0,171254
5530,14.8013,2.933,1.805,1.797,0.000,0.256,0.000,2926022,0,0,171254
5531,14.8030,1.848,1.745,1.737,0.000,0.323,0.000,1840111,0,0,171254
5532,14.8048,1.736,1.713,1.705,0.000,0.330,0.000,1728459,0,0,171254
5533,14.8065,1.717,2.934,2.925,0.000,0.591,0.000,1710036,0,0,171254
5534,14.8088,1.929,1.847,1.839,0.000,0.436,0.000,1921944,0,0,171254
5535,14.8110,2.248,1.736,1.727,0.000,0.645,0.000,2240013,0,0,171254
5536,14.8131,2.247,1.717,1.709,0.000,0.680,0.000,2239490,0,0,171254
5537,14.8152,2.131,1.930,1.921,0.000,0.702,0.000,2123464,0,0,171254
5538,14.8174,2.209,2.248,2.239,0.000,0.355,0.000,2200743,0,0,171254
5539,14.8195,1.999,2.247,2.238,0.000,0.681,0.000,1990039,0,0,171254
5540,14.8215,2.093,2.131,2.122,0.000,0.523,0.000,2085534,0,0,171254
5541,14.8235,1.970,2.209,2.199,0.000,0.361,0.000,1961637,0,0,171254
5542,14.8254,1.988,1.997,1.989,0.000,0.543,0.000,1978968,0,0,171254
5543,14.8282,1.787,2.094,2.084,0.000,0.480,0.000,1779605,0,0,171254
5544,14.8300,2.891,1.970,1.960,0.000,0.348,0.000,2882924,0,0,171254
5545,14.8317,1.711,1.987,1.978,0.000,0.277,0.000,1702675,0,0,171254
5546,14.8333,1.656,1.787,1.778,0.000,0.294,0.000,1648713,0,0,171254
5547,14.8349,1.567,2.891,2.882,0.000,0.250,0.000,1559785,0,0,171254
5548,14.8364,1.584,1.710,1.701,0.000,0.242,0.000,1577285,0,0,171254
5549,14.8380,1.561,1.655,1.647,0.000,0.220,0.000,1553886,0,0,171254
5550,14.8396,1.566,1.567,1.559,0.000,0.221,0.000,1559397,0,0,171254
5551,14.8414,1.613,1.584,1.576,0.000,0.228,0.000,1605672,0,0,171254
5552,14.8436,2.202,1.561,1.553,0.000,0.444,0.000,2195702,0,0,171350
5553,14.8454,1.922,1.566,1.558,0.000,0.322,0.000,1910381,0,0,171254
5554,14.8471,1.745,1.613,1.605,0.000,0.380,0.000,1738337,0,0,171254
5555,14.8487,1.643,2.208,2.195,0.000,0.322,0.000,1635842,0,0,171254
5556,14.8503,1.611,1.917,1.909,0.000,0.287,0.000,1604418,0,0,171254
5557,14.8552,1.614,1.745,1.737,0.000,0.290,0.000,1607131,0,0,171254
5558,14.8576,5.271,1.642,1.635,0.000,0.287,0.000,5265138,0,0,171254
5559,14.8604,3.000,1.611,1.603,0.000,0.276,0.000,2989868,0,0,171254
5560,14.8624,2.003,1.614,1.606,0.000,0.619,0.000,1993232,0,0,171254
5561,14.8643,1.969,5.276,5.264,0.000,0.356,0.000,1959791,0,0,171254
5562,14.8661,1.822,3.000,2.988,0.000,0.449,0.000,1812749,0,0,171254
5563,14.8680,1.766,2.001,1.991,0.000,0.435,0.000,1757954,0,0,171254
5564,14.8700,1.981,1.969,1.958,0.000,0.419,0.000,1972612,0,0,171254
5565,14.8718,1.993,1.821,1.811,0.000,0.417,0.000,1981460,0,0,171254
5566,14.8736,1.790,1.766,1.757,0.000,0.467,0.000,1781244,0,0,171254
5567,14.8754,1.745,1.984,1.971,0.000,0.407,0.000,1737045,0,0,171254
5568,14.8776,1.996,1.990,1.980,0.000,0.332,0.000,1988775,0,0,171254
5569,14.8797,2.121,1.789,1.780,0.000,0.295,0.000,2112538,0,0,171254
5570,14.8818,2.080,1.745,1.736,0.000,0.346,0.000,2071278,0,0,171254
5571,14.8836,2.024,1.998,1.988,0.000,0.354,0.000,2013760,0,0,171254
5572,14.8863,1.733,2.121,2.111,0.000,0.477,0.000,1725385,0,0,171254
5573,14.8885,3.102,2.082,2.070,0.000,0.345,0.000,3094402,0,0,171254
5574,14.8903,1.857,2.021,2.012,0.000,0.276,0.000,1849236,0,0,171254
5575,14.8924,1.939,1.733,1.724,0.000,0.336,0.000,1930583,0,0,171254
5576,14.8943,2.037,3.103,3.093,0.000,0.376,0.000,2026353,0,0,171254
5577,14.8960,1.778,1.857,1.848,0.000,0.478,0.000,1770653,0,0,171254
5578,14.8976,1.660,1.941,1.930,0.000,0.479,0.000,1653014,0,0,171254
5579,14.8992,1.588,2.033,2.025,0.000,0.462,0.000,1581931,0,0,171254
5580,14.9010,1.613,1.777,1.769,0.000,0.274,0.000,1606653,0,0,171254
5581,14.9026,1.779,1.660,1.652,0.000,0.248,0.000,1772664,0,0,171254
5582,14.9042,1.619,1.589,1.581,0.000,0.249,0.000,1611940,0,0,171350
5583,14.9058,1.578,1.613,1.606,0.000,0.249,0.000,1570516,0,0,171254
5584,14.9073,1.562,1.780,1.771,0.000,0.326,0.000,1555711,0,0,171254
5585,14.9089,1.578,1.619,1.611,0.000,0.622,0.000,1571815,0,0,171254
5586,14.9114,1.601,1.577,1.570,0.000,0.573,0.000,1594491,0,0,171254
5587,14.9131,2.586,1.562,1.555,0.000,0.318,0.000,2580014,0,0,171254
5588,14.9155,1.900,1.579,1.571,0.000,0.275,0.000,1893349,0,0,171254
5589,14.9174,2.452,1.601,1.593,0.000,0.263,0.000,2441919,0,0,171254
5590,14.9191,1.632,2.587,2.579,0.000,0.281,0.000,1624737,0,0,171254
5591,14.9214,1.715,1.903,1.892,0.000,0.271,0.000,1709209,0,0,171254
5592,14.9238,2.574,2.448,2.440,0.000,0.295,0.000,2564254,0,0,171254
5593,14.9256,2.141,1.631,1.624,0.000,0.684,0.000,2129842,0,0,171254
5594,14.9272,1.680,1.719,1.708,0.000,0.622,0.000,1673169,0,0,171254
5595,14.9287,1.540,2.575,2.563,0.000,0.605,0.000,1533204,0,0,171254
5596,14.9303,1.559,2.136,2.128,0.000,0.572,0.000,1552787,0,0,171254
5597,14.9318,1.554,1.680,1.672,0.000,0.353,0.000,1548130,0,0,171254
5598,14.9334,1.557,1.540,1.532,0.000,0.241,0.000,1550140,0,0,171254
5599,14.9350,1.568,1.559,1.552,0.000,0.241,0.000,1561913,0,0,171254
5600,14.9376,1.565,1.555,1.547,0.000,0.238,0.000,1558062,0,0,171254
5601,14.9396,2.820,1.557,1.549,0.000,0.245,0.000,2807774,0,0,171254
5602,14.9416,1.994,1.569,1.561,0.000,0.415,0.000,1986027,0,0,171254
5603,14.9434,1.923,1.571,1.557,0.000,0.658,0.000,1915903,0,0,171254
5604,14.9451,1.747,2.816,2.807,0.000,0.565,0.000,1739040,0,0,171254
5605,14.9468,1.754,1.994,1.985,0.000,0.291,0.000,1747376,0,0,171254
5606,14.9484,1.632,1.923,1.915,0.000,0.284,0.000,1625022,0,0,171254
5607,14.9500,1.592,1.746,1.738,0.000,0.602,0.000,1585038,0,0,171254
5608,14.9516,1.588,1.754,1.746,0.000,0.323,0.000,1582030,0,0,171254
5609,14.9532,1.580,1.632,1.624,0.000,0.246,0.000,1573799,0,0,171254
5610,14.9549,1.653,1.592,1.584,0.000,0.250,0.000,1646452,0,0,171254
5611,14.9565,1.626,1.588,1.581,0.000,0.313,0.000,1619235,0,0,171254
5612,14.9580,1.572,1.580,1.573,0.000,0.588,0.000,1561957,0,0,171350
5613,14.9596,1.563,1.653,1.645,0.000,0.286,0.000,1556835,0,0,171254
5614,14.9622,1.607,1.629,1.618,0.000,0.244,0.000,1600257,0,0,171254
5615,14.9639,2.650,1.568,1.561,0.000,0.254,0.000,2643981,0,0,171254
5616,14.9655,1.622,1.563,1.556,0.000,0.234,0.000,1614869,0,0,171254
5617,14.9671,1.585,1.607,1.599,0.000,0.485,0.000,1578313,0,0,171254
5618,14.9687,1.634,2.651,2.643,0.000,0.228,0.000,1627513,0,0,171254
5619,14.9704,1.670,1.621,1.614,0.000,0.241,0.000,1663997,0,0,171254
5620,14.9720,1.669,1.584,1.577,0.000,0.294,0.000,1662145,0,0,171254
5621,14.9737,1.629,1.634,1.626,0.000,0.617,0.000,1623143,0,0,171254
5622,14.9754,1.699,1.671,1.663,0.000,0.268,0.000,1692927,0,0,171254
5623,14.9773,1.765,1.669,1.661,0.000,0.662,0.000,1758753,0,0,171254
5624,14.9791,1.879,1.629,1.622,0.000,0.325,0.000,1871040,0,0,171254
5625,14.9810,1.797,1.700,1.692,0.000,0.403,0.000,1789910,0,0,171254
5626,14.9828,1.928,1.767,1.758,0.000,0.658,0.000,1920880,0,0,171254
5627,14.9844,1.692,1.878,1.870,0.000,0.644,0.000,1685186,0,0,171254
5628,14.9871,1.643,1.797,1.789,0.000,0.629,0.000,1635424,0,0,171254
5629,14.9888,2.725,1.928,1.920,0.000,0.574,0.000,2718013,0,0,171254
5630,14.9905,1.670,1.692,1.684,0.000,0.445,0.000,1662945,0,0,171254
5631,14.9921,1.640,1.642,1.634,0.000,0.332,0.000,1632726,0,0,171254
5632,14.9937,1.619,2.725,2.717,0.000,0.258,0.000,1612470,0,0,171254
5633,14.9954,1.620,1.670,1.662,0.000,0.247,0.000,1613084,0,0,171254
5634,14.9971,1.708,1.640,1.632,0.000,0.260,0.000,1701698,0,0,171254
5635,14.9988,1.695,1.619,1.611,0.000,0.231,0.000,1688011,0,0,171254
5636,15.0005,1.648,1.620,1.612,0.000,0.228,0.000,1641291,0,0,171254
5637,15.0021,1.712,1.709,1.701,0.000,0.259,0.000,1705017,0,0,171254
5638,15.0036,1.554,1.695,1.687,0.000,0.243,0.000,1546624,0,0,171254
5639,15.0052,1.559,1.648,1.640,0.000,0.222,0.000,1551901,0,0,171254
5640,15.0068,1.633,1.712,1.704,0.000,0.233,0.000,1626471,0,0,171254
5641,15.0085,1.660,1.554,1.545,0.000,0.215,0.000,1653401,0,0,190345
5642,15.0111,2.592,1.559,1.551,0.000,0.255,0.000,2585096,0,0,171350
5643,15.0127,1.615,1.633,1.625,0.000,0.214,0.000,1608467,0,0,171254
5644,15.0142,1.536,1.660,1.652,0.000,0.225,0.000,1529234,0,0,171254
5645,15.0158,1.553,2.592,2.584,0.000,0.211,0.000,1546505,0,0,171254
5646,15.0174,1.621,1.615,1.607,0.000,0.302,0.000,1614234,0,0,171254
5647,15.0191,1.649,1.536,1.528,0.000,0.594,0.000,1642292,0,0,171254
5648,15.0208,1.629,1.553,1.545,0.000,0.328,0.000,1622189,0,0,171254
5649,15.0225,1.731,1.621,1.613,0.000,0.250,0.000,1723781,0,0,171254
5650,15.0241,1.667,1.649,1.641,0.000,0.452,0.000,1660443,0,0,171254
5651,15.0257,1.638,1.629,1.621,0.000,0.241,0.000,1631801,0,0,171254
5652,15.0273,1.587,1.731,1.723,0.000,0.242,0.000,1579956,0,0,171254
5653,15.0289,1.580,1.667,1.659,0.000,0.253,0.000,1573255,0,0,171254
5654,15.0304,1.554,1.639,1.631,0.000,0.234,0.000,1547250,0,0,171254
5655,15.0330,1.547,1.587,1.579,0.000,0.215,0.000,1540062,0,0,171254
5656,15.0348,2.701,1.580,1.572,0.000,0.218,0.000,2694429,0,0,171254
5657,15.0366,1.761,1.554,1.546,0.000,0.616,0.000,1753720,0,0,171254
5658,15.0384,1.834,1.547,1.539,0.000,0.365,0.000,1825584,0,0,171254
5659,15.0402,1.790,2.701,2.693,0.000,0.432,0.000,1781483,0,0,171254
5660,15.0420,1.763,1.762,1.753,0.000,0.403,0.000,1754010,0,0,171254
5661,15.0438,1.857,1.834,1.824,0.000,0.425,0.000,1849001,0,0,171254
5662,15.0454,1.731,1.790,1.780,0.000,0.408,0.000,1722628,0,0,171254
5663,15.0470,1.615,1.762,1.753,0.000,0.430,0.000,1606859,0,0,171254
5664,15.0487,1.607,1.858,1.848,0.000,0.475,0.000,1599813,0,0,171254
5665,15.0503,1.601,1.731,1.721,0.000,0.325,0.000,1594920,0,0,171254
5666,15.0519,1.615,1.614,1.606,0.000,0.279,0.000,1608747,0,0,171254
5667,15.0535,1.651,1.606,1.599,0.000,0.241,0.000,1644234,0,0,171254
5668,15.0552,1.594,1.602,1.594,0.000,0.238,0.000,1587573,0,0,171254
5669,15.0578,1.616,1.615,1.608,0.000,0.277,0.000,1609800,0,0,171254
5670,15.0595,2.711,1.651,1.643,0.000,0.225,0.000,2705015,0,0,171254
5671,15.0613,1.673,1.594,1.586,0.000,0.250,0.000,1666047,0,0,171254
5672,15.0628,1.736,1.616,1.609,0.000,0.279,0.000,1729513,0,0,171350
5673,15.0644,1.545,2.712,2.704,0.000,0.241,0.000,1538266,0,0,171254
5674,15.0661,1.671,1.672,1.665,0.000,0.335,0.000,1664342,0,0,171254
5675,15.0677,1.600,1.736,1.728,0.000,0.260,0.000,1592712,0,0,171254
5676,15.0694,1.680,1.545,1.537,0.000,0.263,0.000,1673917,0,0,171254
5677,15.0711,1.743,1.671,1.663,0.000,0.245,0.000,1736366,0,0,171254
5678,15.0728,1.665,1.599,1.591,0.000,0.249,0.000,1658010,0,0,171254
5679,15.0744,1.616,1.681,1.673,0.000,0.243,0.000,1609712,0,0,171254
5680,15.0760,1.638,1.743,1.735,0.000,0.290,0.000,1631889,0,0,171254
5681,15.0778,1.654,1.664,1.657,0.000,0.247,0.000,1647957,0,0,171254
5682,15.0796,1.852,1.616,1.609,0.000,0.239,0.000,1845479,0,0,171254
5683,15.0825,1.769,1.638,1.631,0.000,0.247,0.000,1761020,0,0,171254
5684,15.0843,2.932,1.655,1.647,0.000,0.249,0.000,2924908,0,0,171254
5685,15.0862,1.852,1.853,1.844,0.000,0.267,0.000,1843667,0,0,171254
5686,15.0879,1.791,1.768,1.760,0.000,0.653,0.000,1783604,0,0,171254
5687,15.0896,1.731,2.933,2.924,0.000,0.512,0.000,1723369,0,0,171254
5688,15.0913,1.678,1.851,1.842,0.000,0.286,0.000,1670374,0,0,171254
5689,15.0930,1.689,1.791,1.783,0.000,0.275,0.000,1682054,0,0,171254
5690,15.0947,1.692,1.731,1.722,0.000,0.251,0.000,1684377,0,0,171254
5691,15.0966,1.647,1.677,1.669,0.000,0.262,0.000,1640374,0,0,171254
5692,15.0985,2.071,1.689,1.681,0.000,0.244,0.000,2063758,0,0,171254
5693,15.1002,1.739,1.691,1.683,0.000,0.239,0.000,1732246,0,0,171254
5694,15.1020,1.708,1.647,1.639,0.000,0.597,0.000,1700455,0,0,171254
5695,15.1036,1.764,2.071,2.063,0.000,0.297,0.000,1757080,0,0,171254
5696,15.1053,1.676,1.740,1.731,0.000,0.287,0.000,1669764,0,0,171254
5697,15.1080,1.732,1.707,1.699,0.000,0.259,0.000,1723197,0,0,171254
5698,15.1098,2.733,1.764,1.756,0.000,0.521,0.000,2726016,0,0,171254
5699,15.1114,1.677,1.679,1.669,0.000,0.315,0.000,1670281,0,0,171254
5700,15.1130,1.620,1.730,1.722,0.000,0.297,0.000,1613394,0,0,171254
5701,15.1146,1.588,2.733,2.725,0.000,0.263,0.000,1580797,0,0,171254
5702,15.1162,1.611,1.677,1.669,0.000,0.318,0.000,1604257,0,0,171350
5703,15.1177,1.546,1.620,1.612,0.000,0.263,0.000,1539311,0,0,171254
5704,15.1192,1.517,1.587,1.580,0.000,0.244,0.000,1510368,0,0,171254
5705,15.1210,1.549,1.611,1.603,0.000,0.240,0.000,1542117,0,0,171254
5706,15.1226,1.745,1.546,1.538,0.000,0.226,0.000,1738160,0,0,171254
5707,15.1241,1.580,1.517,1.509,0.000,0.325,0.000,1572594,0,0,171254
5708,15.1257,1.559,1.549,1.541,0.000,0.636,0.000,1552036,0,0,171254
5709,15.1273,1.627,1.745,1.737,0.000,0.591,0.000,1621247,0,0,171254
5710,15.1289,1.572,1.579,1.572,0.000,0.583,0.000,1565247,0,0,171254
5711,15.1314,1.545,1.558,1.551,0.000,0.618,0.000,1538179,0,0,171254
5712,15.1332,2.645,1.628,1.620,0.000,0.646,0.000,2638709,0,0,171254
5713,15.1348,1.686,1.571,1.564,0.000,0.335,0.000,1679109,0,0,171254
5714,15.1365,1.729,1.544,1.537,0.000,0.286,0.000,1722696,0,0,171254
5715,15.1383,1.696,2.646,2.638,0.000,0.265,0.000,1688746,0,0,171254
5716,15.1401,1.799,1.686,1.678,0.000,0.316,0.000,1792435,0,0,171254
5717,15.1421,1.845,1.730,1.722,0.000,0.654,0.000,1838384,0,0,171254
5718,15.1440,2.000,1.696,1.688,0.000,0.299,0.000,1992815,0,0,171254
5719,15.1457,1.827,1.799,1.791,0.000,0.409,0.000,1819671,0,0,171254
5720,15.1475,1.709,1.846,1.837,0.000,0.654,0.000,1703006,0,0,171254
5721,15.1493,1.782,2.000,1.992,0.000,0.657,0.000,1775534,0,0,171254
5722,15.1511,1.838,1.826,1.818,0.000,0.356,0.000,1831380,0,0,171254
5723,15.1530,1.879,1.710,1.702,0.000,0.357,0.000,1871258,0,0,171254
5724,15.1547,1.765,1.782,1.774,0.000,0.318,0.000,1757681,0,0,171254
5725,15.1575,1.743,1.839,1.830,0.000,0.611,0.000,1736462,0,0,171254
5726,15.1593,2.826,1.878,1.870,0.000,0.386,0.000,2819183,0,0,171254
5727,15.1613,1.820,1.765,1.756,0.000,0.342,0.000,1812205,0,0,171254
5728,15.1632,1.981,1.743,1.735,0.000,0.302,0.000,1973713,0,0,171254
5729,15.1650,1.832,2.826,2.818,0.000,0.284,0.000,1821682,0,0,171254
5730,15.1667,1.800,1.819,1.811,0.000,0.461,0.000,1790496,0,0,171254
5731,15.1686,1.794,1.983,1.972,0.000,0.428,0.000,1785093,0,0,171254
5732,15.1703,1.845,1.831,1.820,0.000,0.422,0.000,1835758,0,0,171350
5733,15.1720,1.704,1.799,1.789,0.000,0.513,0.000,1696871,0,0,171254
5734,15.1737,1.668,1.794,1.784,0.000,0.336,0.000,1661268,0,0,171254
5735,15.1755,1.730,1.843,1.834,0.000,0.274,0.000,1723008,0,0,171254
5736,15.1775,1.963,1.703,1.696,0.000,0.360,0.000,1955890,0,0,171254
5737,15.1794,1.935,1.668,1.660,0.000,0.336,0.000,1926958,0,0,171254
5738,15.1813,1.853,1.730,1.722,0.000,0.366,0.000,1845389,0,0,171254
5739,15.1841,1.845,1.964,1.955,0.000,0.703,0.000,1838271,0,0,171254
5740,15.1860,2.887,1.935,1.926,0.000,0.611,0.000,2879913,0,0,171254
5741,15.1878,1.854,1.852,1.844,0.000,0.380,0.000,1845234,0,0,171254
5742,15.1897,1.826,1.846,1.837,0.000,0.466,0.000,1818079,0,0,171254
5743,15.1914,1.802,2.889,2.879,0.000,0.329,0.000,1794500,0,0,171254
5744,15.1934,1.787,1.853,1.844,0.000,0.318,0.000,1779371,0,0,171254
5745,15.1952,1.928,1.826,1.817,0.000,0.265,0.000,1918995,0,0,171254
5746,15.1970,1.840,1.802,1.793,0.000,0.477,0.000,1832765,0,0,171254
5747,15.1987,1.717,1.788,1.778,0.000,0.320,0.000,1709763,0,0,171254
5748,15.2008,1.816,1.927,1.918,0.000,0.350,0.000,1809025,0,0,171814
5749,15.2026,2.073,1.840,1.832,0.000,0.297,0.000,2065812,0,0,171310
5750,15.2044,1.817,1.717,1.709,0.000,0.356,0.000,1808447,0,0,171254
5751,15.2061,1.721,1.816,1.808,0.000,0.421,0.000,1713391,0,0,171254
5752,15.2077,1.674,2.074,2.065,0.000,0.308,0.000,1666805,0,0,171254
5753,15.2104,1.612,1.816,1.807,0.000,0.271,0.000,1604888,0,0,171254
5754,15.2121,2.751,1.721,1.712,0.000,0.261,0.000,2743778,0,0,171254
5755,15.2138,1.663,1.674,1.666,0.000,0.523,0.000,1656609,0,0,171254
5756,15.2154,1.665,1.612,1.604,0.000,0.462,0.000,1657769,0,0,171254
5757,15.2171,1.639,2.751,2.743,0.000,0.407,0.000,1632328,0,0,171254
5758,15.2187,1.593,1.663,1.655,0.000,0.631,0.000,1585700,0,0,171254
5759,15.2202,1.596,1.665,1.657,0.000,0.378,0.000,1588840,0,0,171254
5760,15.2220,1.595,1.639,1.631,0.000,0.382,0.000,1588431,0,0,171254
5761,15.2237,1.792,1.593,1.585,0.000,0.326,0.000,1785539,0,0,190345
5762,15.2253,1.658,1.596,1.588,0.000,0.357,0.000,1651349,0,0,171350
5763,15.2268,1.535,1.595,1.587,0.000,0.306,0.000,1529218,0,0,171254
5764,15.2283,1.512,1.792,1.784,0.000,0.300,0.000,1506051,0,0,171254
5765,15.2300,1.622,1.657,1.650,0.000,0.234,0.000,1616045,0,0,171254
5766,15.2315,1.609,1.535,1.528,0.000,0.238,0.000,1602421,0,0,171254
5767,15.2347,1.554,1.513,1.505,0.000,0.601,0.000,1547228,0,0,171254
5768,15.2366,3.272,1.623,1.615,0.000,0.338,0.000,3265120,0,0,171254
5769,15.2386,1.901,1.609,1.601,0.000,0.564,0.000,1892006,0,0,171254
5770,15.2405,1.984,1.554,1.546,0.000,0.483,0.000,1974730,0,0,171254
5771,15.2424,1.896,3.275,3.264,0.000,0.450,0.000,1886972,0,0,171254
5772,15.2442,1.874,1.901,1.891,0.000,0.568,0.000,1867273,0,0,171254
5773,15.2460,1.815,1.984,1.973,0.000,0.320,0.000,1806924,0,0,171254
5774,15.2478,1.837,1.894,1.886,0.000,0.496,0.000,1829664,0,0,171254
5775,15.2498,1.941,1.875,1.866,0.000,0.305,0.000,1933635,0,0,171254
5776,15.2516,1.864,1.814,1.806,0.000,0.377,0.000,1856600,0,0,171254
5777,15.2534,1.779,1.837,1.828,0.000,0.369,0.000,1771068,0,0,171254
5778,15.2551,1.765,1.942,1.933,0.000,0.367,0.000,1757559,0,0,171254
5779,15.2569,1.757,1.864,1.855,0.000,0.276,0.000,1750399,0,0,171254
5780,15.2587,1.819,1.778,1.770,0.000,0.333,0.000,1811848,0,0,171254
5781,15.2615,1.776,1.765,1.756,0.000,0.282,0.000,1768026,0,0,171254
5782,15.2633,2.856,1.757,1.749,0.000,0.299,0.000,2849071,0,0,171254
5783,15.2650,1.733,1.820,1.811,0.000,0.274,0.000,1724978,0,0,171254
5784,15.2666,1.619,1.775,1.767,0.000,0.284,0.000,1612537,0,0,171254
5785,15.2683,1.608,2.857,2.848,0.000,0.253,0.000,1601683,0,0,171254
5786,15.2700,1.745,1.732,1.724,0.000,0.240,0.000,1737955,0,0,171254
5787,15.2716,1.641,1.619,1.611,0.000,0.253,0.000,1633611,0,0,171254
5788,15.2733,1.619,1.608,1.601,0.000,0.626,0.000,1612184,0,0,171254
5789,15.2750,1.720,1.745,1.737,0.000,0.664,0.000,1713972,0,0,171254
5790,15.2767,1.708,1.641,1.633,0.000,0.394,0.000,1700460,0,0,171254
5791,15.2783,1.585,1.618,1.611,0.000,0.643,0.000,1577855,0,0,171254
5792,15.2798,1.608,1.721,1.713,0.000,0.614,0.000,1601378,0,0,171350
5793,15.2815,1.552,1.707,1.699,0.000,0.608,0.000,1544829,0,0,171254
5794,15.2831,1.719,1.584,1.577,0.000,0.586,0.000,1712361,0,0,171254
5795,15.2858,1.622,1.608,1.600,0.000,0.489,0.000,1615068,0,0,171254
5796,15.2874,2.675,1.551,1.544,0.000,0.259,0.000,2668497,0,0,171254
5797,15.2890,1.605,1.719,1.711,0.000,0.621,0.000,1598049,0,0,171254
5798,15.2905,1.540,1.622,1.614,0.000,0.333,0.000,1534180,0,0,171254
5799,15.2921,1.551,2.675,2.667,0.000,0.242,0.000,1544858,0,0,171254
5800,15.2936,1.557,1.604,1.597,0.000,0.250,0.000,1550211,0,0,171254
5801,15.2953,1.537,1.540,1.533,0.000,0.574,0.000,1530679,0,0,171254
5802,15.2969,1.677,1.552,1.544,0.000,0.571,0.000,1670693,0,0,171254
5803,15.2985,1.613,1.557,1.549,0.000,0.424,0.000,1606009,0,0,171254
5804,15.3000,1.565,1.537,1.530,0.000,0.292,0.000,1558663,0,0,171254
5805,15.3017,1.559,1.678,1.670,0.000,0.275,0.000,1552440,0,0,171254
5806,15.3033,1.694,1.612,1.605,0.000,0.337,0.000,1687092,0,0,171254
5807,15.3049,1.621,1.565,1.558,0.000,0.290,0.000,1614531,0,0,171254
5808,15.3065,1.566,1.559,1.551,0.000,0.274,0.000,1558722,0,0,171254
5809,15.3090,1.538,1.694,1.686,0.000,0.266,0.000,1531884,0,0,171254
5810,15.3107,2.665,1.621,1.613,0.000,0.265,0.000,2658731,0,0,171254
5811,15.3123,1.649,1.565,1.558,0.000,0.546,0.000,1641198,0,0,171254
5812,15.3139,1.580,1.538,1.531,0.000,0.320,0.000,1573118,0,0,171254
5813,15.3154,1.515,2.666,2.658,0.000,0.308,0.000,1508038,0,0,171254
5814,15.3170,1.543,1.648,1.640,0.000,0.265,0.000,1536367,0,0,171254
5815,15.3186,1.597,1.580,1.572,0.000,0.281,0.000,1590961,0,0,171254
5816,15.3202,1.611,1.515,1.507,0.000,0.623,0.000,1604244,0,0,171254
5817,15.3220,1.600,1.543,1.535,0.000,0.336,0.000,1593257,0,0,171254
5818,15.3238,2.039,1.598,1.590,0.000,0.337,0.000,2033232,0,0,171254
5819,15.3254,1.589,1.611,1.603,0.000,0.642,0.000,1582406,0,0,171254
5820,15.3269,1.537,1.600,1.592,0.000,0.316,0.000,1530401,0,0,171254
5821,15.3285,1.525,2.040,2.032,0.000,0.318,0.000,1518424,0,0,171254
5822,15.3300,1.571,1.589,1.581,0.000,0.243,0.000,1564797,0,0,171350
5823,15.3326,1.561,1.537,1.529,0.000,0.271,0.000,1554294,0,0,171254
5824,15.3342,2.583,1.525,1.517,0.000,0.277,0.000,2576382,0,0,171254
5825,15.3359,1.650,1.571,1.564,0.000,0.324,0.000,1643256,0,0,171254
5826,15.3375,1.614,1.561,1.553,0.000,0.272,0.000,1607557,0,0,171254
5827,15.3392,1.614,2.583,2.575,0.000,0.560,0.000,1606877,0,0,171254
5828,15.3411,1.786,1.650,1.642,0.000,0.422,0.000,1778975,0,0,171254
5829,15.3430,2.020,1.614,1.607,0.000,0.313,0.000,2013006,0,0,171254
5830,15.3447,1.783,1.614,1.606,0.000,0.299,0.000,1774164,0,0,171254
5831,15.3464,1.655,1.786,1.778,0.000,0.372,0.000,1647595,0,0,171254
5832,15.3481,1.682,2.022,2.012,0.000,0.646,0.000,1673893,0,0,171254
5833,15.3499,1.750,1.781,1.773,0.000,0.330,0.000,1742901,0,0,171254
5834,15.3517,1.806,1.656,1.646,0.000,0.334,0.000,1798420,0,0,171254
5835,15.3535,1.827,1.681,1.673,0.000,0.298,0.000,1819564,0,0,171254
5836,15.3552,1.773,1.750,1.742,0.000,0.381,0.000,1765980,0,0,171254
5837,15.3600,1.717,1.806,1.797,0.000,0.359,0.000,1710348,0,0,171254
5838,15.3627,5.198,1.827,1.818,0.000,0.663,0.000,5191577,0,0,171254
5839,15.3654,3.160,1.773,1.765,0.000,0.311,0.000,3150350,0,0,171254
5840,15.3672,1.862,1.717,1.709,0.000,0.655,0.000,1852262,0,0,171254
5841,15.3689,1.753,5.201,5.190,0.000,0.623,0.000,1744676,0,0,171254
5842,15.3706,1.738,3.160,3.149,0.000,0.512,0.000,1731202,0,0,171254
5843,15.3723,1.691,1.859,1.850,0.000,0.323,0.000,1684303,0,0,171254
5844,15.3740,1.680,1.752,1.743,0.000,0.308,0.000,1672505,0,0,171254
5845,15.3758,1.784,1.738,1.730,0.000,0.262,0.000,1777085,0,0,171254
5846,15.3775,1.713,1.691,1.683,0.000,0.278,0.000,1705547,0,0,171254
5847,15.3793,1.752,1.680,1.671,0.000,0.372,0.000,1745180,0,0,171254
5848,15.3811,1.702,1.784,1.776,0.000,0.647,0.000,1694679,0,0,171254
5849,15.3829,1.886,1.712,1.704,0.000,0.297,0.000,1879162,0,0,171254
5850,15.3845,1.693,1.752,1.744,0.000,0.333,0.000,1685071,0,0,171254
5851,15.3863,1.666,1.702,1.693,0.000,0.306,0.000,1658729,0,0,171254
5852,15.3890,1.839,1.887,1.878,0.000,0.339,0.000,1831534,0,0,171350
5853,15.3907,2.677,1.692,1.684,0.000,0.288,0.000,2670386,0,0,171254
5854,15.3924,1.690,1.666,1.658,0.000,0.300,0.000,1683725,0,0,171254
5855,15.3942,1.767,1.839,1.830,0.000,0.288,0.000,1760708,0,0,171254
5856,15.3961,1.840,2.677,2.669,0.000,0.308,0.000,1831559,0,0,171254
5857,15.3979,1.789,1.690,1.683,0.000,0.284,0.000,1782400,0,0,171254
5858,15.3995,1.733,1.769,1.760,0.000,0.377,0.000,1725696,0,0,171254
5859,15.4013,1.641,1.839,1.830,0.000,0.311,0.000,1634482,0,0,171254
5860,15.4029,1.801,1.789,1.781,0.000,0.269,0.000,1794065,0,0,171254
5861,15.4046,1.627,1.732,1.725,0.000,0.274,0.000,1620470,0,0,171254
5862,15.4061,1.596,1.641,1.633,0.000,0.645,0.000,1589615,0,0,171254
5863,15.4077,1.569,1.801,1.793,0.000,0.622,0.000,1562234,0,0,171254
5864,15.4093,1.599,1.627,1.619,0.000,0.336,0.000,1592523,0,0,171254
5865,15.4109,1.580,1.596,1.588,0.000,0.272,0.000,1573209,0,0,171254
5866,15.4137,1.848,1.568,1.561,0.000,0.262,0.000,1841699,0,0,171254
5867,15.4154,2.648,1.599,1.591,0.000,0.270,0.000,2641289,0,0,171254
5868,15.4171,1.680,1.580,1.572,0.000,0.255,0.000,1673039,0,0,171254
5869,15.4188,1.665,1.848,1.841,0.000,0.325,0.000,1658121,0,0,171254
5870,15.4205,1.639,2.648,2.640,0.000,0.634,0.000,1632160,0,0,171254
5871,15.4222,1.748,1.680,1.672,0.000,0.378,0.000,1741365,0,0,171254
5872,15.4238,1.672,1.665,1.657,0.000,0.314,0.000,1664294,0,0,171254
5873,15.4256,1.682,1.639,1.631,0.000,0.340,0.000,1675334,0,0,171254
5874,15.4274,1.833,1.749,1.740,0.000,0.289,0.000,1825121,0,0,171254
5875,15.4290,1.720,1.671,1.663,0.000,0.456,0.000,1711345,0,0,171254
5876,15.4307,1.621,1.683,1.674,0.000,0.431,0.000,1613774,0,0,171254
5877,15.4322,1.594,1.834,1.824,0.000,0.317,0.000,1586490,0,0,171254
5878,15.4338,1.590,1.718,1.710,0.000,0.366,0.000,1583630,0,0,171254
5879,15.4354,1.556,1.621,1.613,0.000,0.253,0.000,1549761,0,0,171254
5880,15.4379,1.552,1.593,1.585,0.000,0.380,0.000,1546213,0,0,171254
5881,15.4398,2.724,1.590,1.583,0.000,0.258,0.000,2717847,0,0,190345
5882,15.4415,1.736,1.556,1.549,0.000,0.242,0.000,1727798,0,0,171350
5883,15.4431,1.695,1.552,1.545,0.000,0.651,0.000,1687591,0,0,171254
5884,15.4446,1.550,2.725,2.717,0.000,0.330,0.000,1543070,0,0,171254
5885,15.4462,1.508,1.735,1.727,0.000,0.246,0.000,1501755,0,0,171254
5886,15.4478,1.627,1.694,1.687,0.000,0.273,0.000,1620651,0,0,171254
5887,15.4493,1.525,1.550,1.542,0.000,0.237,0.000,1518333,0,0,171254
5888,15.4508,1.533,1.508,1.501,0.000,0.243,0.000,1527081,0,0,171254
5889,15.4525,1.587,1.627,1.620,0.000,0.614,0.000,1581406,0,0,171254
5890,15.4541,1.690,1.524,1.517,0.000,0.575,0.000,1683279,0,0,171254
5891,15.4558,1.615,1.533,1.526,0.000,0.342,0.000,1608682,0,0,171254
5892,15.4574,1.614,1.588,1.580,0.000,0.302,0.000,1607710,0,0,171254
5893,15.4590,1.607,1.690,1.682,0.000,0.270,0.000,1600549,0,0,171254
5894,15.4618,1.632,1.615,1.608,0.000,0.244,0.000,1625420,0,0,171254
5895,15.4635,2.885,1.614,1.607,0.000,0.239,0.000,2876232,0,0,171254
5896,15.4652,1.723,1.607,1.599,0.000,0.427,0.000,1713861,0,0,171254
5897,15.4669,1.633,1.634,1.624,0.000,0.479,0.000,1626349,0,0,171254
5898,15.4685,1.618,2.885,2.875,0.000,0.273,0.000,1611605,0,0,171254
5899,15.4702,1.642,1.720,1.713,0.000,0.329,0.000,1636014,0,0,171254
5900,15.4719,1.720,1.633,1.625,0.000,0.347,0.000,1713476,0,0,171254
5901,15.4735,1.679,1.618,1.610,0.000,0.296,0.000,1672190,0,0,171254
5902,15.4751,1.616,1.642,1.635,0.000,0.299,0.000,1608978,0,0,171254
5903,15.4766,1.573,1.720,1.712,0.000,0.308,0.000,1567357,0,0,171254
5904,15.4782,1.517,1.679,1.671,0.000,0.281,0.000,1511412,0,0,171254
5905,15.4798,1.577,1.615,1.608,0.000,0.262,0.000,1571357,0,0,171254
5906,15.4815,1.633,1.573,1.566,0.000,0.257,0.000,1627016,0,0,171254
5907,15.4831,1.716,1.517,1.510,0.000,0.254,0.000,1710280,0,0,171254
5908,15.4857,2.563,1.578,1.570,0.000,0.272,0.000,2556235,0,0,171254
5909,15.4873,1.664,1.633,1.626,0.000,0.591,0.000,1656452,0,0,171254
5910,15.4889,1.558,1.717,1.709,0.000,0.587,0.000,1551566,0,0,171254
5911,15.4905,1.554,2.563,2.555,0.000,0.579,0.000,1547616,0,0,171254
5912,15.4921,1.609,1.663,1.655,0.000,0.393,0.000,1602933,0,0,171350
5913,15.4937,1.582,1.558,1.551,0.000,0.308,0.000,1575637,0,0,171254
5914,15.4953,1.645,1.554,1.547,0.000,0.475,0.000,1638711,0,0,171254
5915,15.4969,1.583,1.610,1.602,0.000,0.436,0.000,1576272,0,0,171254
5916,15.4984,1.541,1.582,1.575,0.000,0.306,0.000,1534438,0,0,171254
5917,15.5001,1.633,1.645,1.638,0.000,0.286,0.000,1626331,0,0,171254
5918,15.5018,1.634,1.583,1.575,0.000,0.661,0.000,1628230,0,0,171254
5919,15.5035,1.769,1.541,1.533,0.000,0.400,0.000,1762397,0,0,171254
5920,15.5053,1.706,1.632,1.625,0.000,0.293,0.000,1699808,0,0,171254
5921,15.5080,1.721,1.635,1.627,0.000,0.291,0.000,1715110,0,0,171254
5922,15.5100,2.884,1.769,1.761,0.000,0.475,0.000,2877953,0,0,171254
5923,15.5121,2.163,1.706,1.699,0.000,0.303,0.000,2156118,0,0,171254
5924,15.5141,1.946,1.722,1.714,0.000,0.318,0.000,1935241,0,0,171254
5925,15.5159,1.906,2.885,2.877,0.000,0.433,0.000,1899080,0,0,171254
5926,15.5177,1.809,2.166,2.155,0.000,0.329,0.000,1802070,0,0,171254
5927,15.5194,1.745,1.943,1.934,0.000,0.333,0.000,1737647,0,0,171254
5928,15.5213,1.796,1.906,1.898,0.000,0.350,0.000,1788861,0,0,171254
5929,15.5232,1.893,1.809,1.801,0.000,0.546,0.000,1884415,0,0,171254
5930,15.5250,1.846,1.745,1.736,0.000,0.450,0.000,1836299,0,0,171254
5931,15.5268,1.776,1.797,1.788,0.000,0.417,0.000,1767144,0,0,171254
5932,15.5286,1.814,1.894,1.883,0.000,0.418,0.000,1804435,0,0,171254
5933,15.5303,1.764,1.845,1.835,0.000,0.441,0.000,1755427,0,0,171254
5934,15.5324,1.966,1.776,1.766,0.000,0.435,0.000,1956782,0,0,171254
5935,15.5350,1.792,1.813,1.803,0.000,0.394,0.000,1781888,0,0,171254
5936,15.5367,2.631,1.764,1.754,0.000,0.288,0.000,2623989,0,0,171254
5937,15.5384,1.692,1.967,1.955,0.000,0.293,0.000,1684743,0,0,171254
5938,15.5401,1.713,1.788,1.780,0.000,0.428,0.000,1705192,0,0,171254
5939,15.5418,1.694,2.631,2.623,0.000,0.406,0.000,1686641,0,0,171254
5940,15.5434,1.728,1.693,1.684,0.000,0.400,0.000,1721820,0,0,171254
5941,15.5451,1.614,1.713,1.704,0.000,0.319,0.000,1606956,0,0,171254
5942,15.5467,1.668,1.693,1.685,0.000,0.588,0.000,1660833,0,0,171350
5943,15.5483,1.584,1.729,1.721,0.000,0.324,0.000,1577329,0,0,171254
5944,15.5499,1.566,1.614,1.606,0.000,0.259,0.000,1559648,0,0,171254
5945,15.5514,1.533,1.667,1.660,0.000,0.237,0.000,1526664,0,0,171254
5946,15.5530,1.568,1.584,1.576,0.000,0.220,0.000,1561157,0,0,171254
5947,15.5547,1.686,1.566,1.559,0.000,0.299,0.000,1678315,0,0,171254
5948,15.5563,1.602,1.533,1.526,0.000,0.319,0.000,1595381,0,0,171254
5949,15.5589,1.638,1.569,1.560,0.000,0.263,0.000,1631237,0,0,171254
5950,15.5608,2.663,1.685,1.677,0.000,0.573,0.000,2655565,0,0,171254
5951,15.5626,1.958,1.602,1.594,0.000,0.246,0.000,1949393,0,0,171254
5952,15.5644,1.818,1.638,1.630,0.000,0.313,0.000,1810248,0,0,171254
5953,15.5661,1.702,2.665,2.654,0.000,0.328,0.000,1694952,0,0,171254
5954,15.5678,1.705,1.957,1.948,0.000,0.298,0.000,1698464,0,0,171254
5955,15.5693,1.583,1.817,1.809,0.000,0.243,0.000,1576296,0,0,171254
5956,15.5710,1.631,1.702,1.694,0.000,0.242,0.000,1624426,0,0,171254
5957,15.5727,1.662,1.705,1.697,0.000,0.464,0.000,1655940,0,0,171254
5958,15.5744,1.645,1.583,1.575,0.000,0.288,0.000,1638249,0,0,171254
5959,15.5759,1.676,1.631,1.623,0.000,0.599,0.000,1667623,0,0,171254
5960,15.5777,1.680,1.662,1.655,0.000,0.600,0.000,1673463,0,0,171254
5961,15.5794,1.699,1.646,1.637,0.000,0.590,0.000,1692545,0,0,171254
5962,15.5811,1.682,1.674,1.666,0.000,0.312,0.000,1675915,0,0,171254
5963,15.5838,1.779,1.680,1.672,0.000,0.642,0.000,1771787,0,0,171254
5964,15.5855,2.701,1.699,1.691,0.000,0.385,0.000,2693697,0,0,171254
5965,15.5871,1.658,1.683,1.675,0.000,0.256,0.000,1650991,0,0,171254
5966,15.5893,1.703,1.779,1.771,0.000,0.335,0.000,1696337,0,0,171254
5967,15.5911,2.224,2.701,2.693,0.000,0.272,0.000,2214329,0,0,171254
5968,15.5931,2.045,1.658,1.650,0.000,0.259,0.000,2037970,0,0,171254
5969,15.5949,1.678,1.707,1.695,0.000,0.294,0.000,1670043,0,0,171254
5970,15.5964,1.649,2.220,2.212,0.000,0.311,0.000,1642676,0,0,171254
5971,15.5980,1.548,2.046,2.037,0.000,0.258,0.000,1541541,0,0,171254
5972,15.5995,1.575,1.676,1.669,0.000,0.237,0.000,1568975,0,0,171350
5973,15.6012,1.554,1.649,1.642,0.000,0.236,0.000,1547054,0,0,171254
5974,15.6028,1.672,1.548,1.540,0.000,0.270,0.000,1665632,0,0,171254
5975,15.6044,1.603,1.576,1.568,0.000,0.261,0.000,1596847,0,0,171254
5976,15.6060,1.624,1.553,1.546,0.000,0.252,0.000,1615071,0,0,171254
5977,15.6086,1.569,1.672,1.664,0.000,0.511,0.000,1561978,0,0,171254
5978,15.6103,2.631,1.606,1.596,0.000,0.284,0.000,2625214,0,0,171254
5979,15.6118,1.650,1.622,1.614,0.000,0.251,0.000,1642925,0,0,171254
5980,15.6134,1.540,1.568,1.561,0.000,0.275,0.000,1533539,0,0,171254
5981,15.6150,1.569,2.632,2.624,0.000,0.244,0.000,1562945,0,0,171254
5982,15.6165,1.567,1.649,1.642,0.000,0.250,0.000,1560813,0,0,171254
5983,15.6180,1.540,1.540,1.532,0.000,0.302,0.000,1527984,0,0,171254
5984,15.6196,1.518,1.570,1.562,0.000,0.260,0.000,1511495,0,0,171254
5985,15.6213,1.531,1.574,1.560,0.000,0.247,0.000,1524689,0,0,171254
5986,15.6228,1.703,1.534,1.527,0.000,0.245,0.000,1696457,0,0,171254
5987,15.6243,1.536,1.518,1.510,0.000,0.224,0.000,1529075,0,0,171254
5988,15.6259,1.540,1.531,1.524,0.000,0.232,0.000,1533759,0,0,171254
5989,15.6274,1.553,1.704,1.695,0.000,0.280,0.000,1546566,0,0,171254
5990,15.6290,1.561,1.535,1.528,0.000,0.230,0.000,1554242,0,0,171254
5991,15.6316,1.619,1.540,1.533,0.000,0.216,0.000,1611278,0,0,171254
5992,15.6333,2.630,1.553,1.545,0.000,0.659,0.000,2623493,0,0,171254
5993,15.6350,1.710,1.562,1.553,0.000,0.347,0.000,1702747,0,0,171254
5994,15.6366,1.657,1.618,1.610,0.000,0.335,0.000,1649903,0,0,171254
5995,15.6383,1.601,2.630,2.622,0.000,0.288,0.000,1594236,0,0,171254
5996,15.6400,1.734,1.709,1.702,0.000,0.319,0.000,1727015,0,0,171254
5997,15.6419,1.704,1.657,1.649,0.000,0.290,0.000,1696842,0,0,171254
5998,15.6436,1.835,1.601,1.593,0.000,0.260,0.000,1827267,0,0,171254
5999,15.6455,1.839,1.734,1.726,0.000,0.336,0.000,1831384,0,0,171254
6000,15.6473,1.798,1.705,1.696,0.000,0.300,0.000,1790883,0,0,171254
6001,15.6493,1.899,1.835,1.826,0.000,0.363,0.000,1891228,0,0,190345
6002,15.6511,1.920,1.839,1.830,0.000,0.499,0.000,1912923,0,0,171914
6003,15.6530,1.864,1.799,1.790,0.000,0.493,0.000,1856713,0,0,171318
6004,15.6549,1.974,1.899,1.890,0.000,0.378,0.000,1966515,0,0,171262
6005,15.6578,1.828,1.920,1.912,0.000,0.640,0.000,1819942,0,0,171262
6006,15.6597,2.904,1.864,1.856,0.000,0.369,0.000,2895931,0,0,171262
6007,15.6616,1.842,1.975,1.965,0.000,0.283,0.000,1834405,0,0,171262
6008,15.6632,1.804,1.828,1.819,0.000,0.303,0.000,1796960,0,0,171262
6009,15.6649,1.649,2.903,2.895,0.000,0.275,0.000,1641762,0,0,171262
6010,15.6666,1.688,1.841,1.833,0.000,0.497,0.000,1680975,0,0,171262
6011,15.6682,1.641,1.804,1.796,0.000,0.602,0.000,1634320,0,0,171262
6012,15.6698,1.659,1.649,1.641,0.000,0.507,0.000,1652565,0,0,171262
6013,15.6714,1.610,1.688,1.680,0.000,0.295,0.000,1603200,0,0,171262
6014,15.6730,1.579,1.641,1.633,0.000,0.547,0.000,1572400,0,0,171262
6015,15.6746,1.569,1.659,1.651,0.000,0.353,0.000,1562766,0,0,171262
6016,15.6762,1.622,1.610,1.602,0.000,0.307,0.000,1615053,0,0,171262
6017,15.6778,1.572,1.579,1.571,0.000,0.268,0.000,1564898,0,0,171262
6018,15.6794,1.606,1.570,1.562,0.000,0.278,0.000,1599326,0,0,171262
6019,15.6825,1.884,1.622,1.614,0.000,0.266,0.000,1877190,0,0,171262
6020,15.6842,2.852,1.571,1.564,0.000,0.237,0.000,2841870,0,0,171262
6021,15.6857,1.625,1.606,1.598,0.000,0.224,0.000,1617905,0,0,171262
6022,15.6874,1.632,1.889,1.876,0.000,0.291,0.000,1625721,0,0,171262
6023,15.6891,1.668,2.848,2.839,0.000,0.247,0.000,1659890,0,0,171262
6024,15.6907,1.651,1.624,1.617,0.000,0.371,0.000,1642657,0,0,171262
6025,15.6923,1.576,1.634,1.624,0.000,0.396,0.000,1569711,0,0,171262
6026,15.6938,1.571,1.668,1.659,0.000,0.314,0.000,1565047,0,0,171262
6027,15.6954,1.559,1.649,1.641,0.000,0.261,0.000,1553163,0,0,171262
6028,15.6969,1.568,1.575,1.569,0.000,0.241,0.000,1561141,0,0,171262
6029,15.6985,1.535,1.571,1.564,0.000,0.238,0.000,1529015,0,0,171262
6030,15.7000,1.557,1.560,1.552,0.000,0.247,0.000,1550796,0,0,171262
6031,15.7018,1.528,1.567,1.560,0.000,0.226,0.000,1521657,0,0,171262
6032,15.7033,1.761,1.535,1.528,0.000,0.252,0.000,1754990,0,0,171358
6033,15.7122,1.602,1.557,1.550,0.000,0.233,0.000,1595432,0,0,171262
6034,15.7141,9.105,1.528,1.521,0.000,0.219,0.000,9098312,0,0,171262
6035,15.7157,1.687,1.762,1.754,0.000,0.227,0.000,1677112,0,0,171262
6036,15.7173,1.538,1.602,1.594,0.000,0.359,0.000,1531191,0,0,171262
6037,15.7188,1.553,9.108,9.097,0.000,0.249,0.000,1545802,0,0,171262
6038,15.7205,1.549,1.684,1.676,0.000,0.263,0.000,1542392,0,0,171262
6039,15.7220,1.676,1.538,1.530,0.000,0.260,0.000,1668735,0,0,171262
6040,15.7237,1.604,1.552,1.545,0.000,0.542,0.000,1597381,0,0,171262
6041,15.7253,1.621,1.549,1.541,0.000,0.299,0.000,1611617,0,0,171262
6042,15.7269,1.624,1.676,1.668,0.000,0.282,0.000,1617526,0,0,171262
6043,15.7285,1.614,1.607,1.596,0.000,0.278,0.000,1607282,0,0,171262
6044,15.7300,1.554,1.618,1.610,0.000,0.359,0.000,1547529,0,0,171262
6045,15.7316,1.515,1.624,1.616,0.000,0.637,0.000,1509232,0,0,171822
6046,15.7331,1.533,1.614,1.606,0.000,0.584,0.000,1526327,0,0,171318
6047,15.7357,1.554,1.554,1.546,0.000,0.620,0.000,1548129,0,0,171262
6048,15.7374,2.680,1.516,1.508,0.000,0.627,0.000,2673699,0,0,171262
6049,15.7391,1.696,1.533,1.525,0.000,0.358,0.000,1688469,0,0,171262
6050,15.7408,1.674,1.555,1.547,0.000,0.287,0.000,1666661,0,0,171262
6051,15.7425,1.732,2.681,2.673,0.000,0.317,0.000,1724862,0,0,171262
6052,15.7441,1.607,1.695,1.687,0.000,0.323,0.000,1599988,0,0,171262
6053,15.7457,1.661,1.674,1.666,0.000,0.317,0.000,1654069,0,0,171262
6054,15.7473,1.598,1.732,1.724,0.000,0.614,0.000,1590944,0,0,171262
6055,15.7490,1.624,1.607,1.599,0.000,0.320,0.000,1617581,0,0,171262
6056,15.7507,1.714,1.661,1.653,0.000,0.605,0.000,1707309,0,0,171262
6057,15.7525,1.742,1.598,1.590,0.000,0.483,0.000,1735292,0,0,171262
6058,15.7541,1.703,1.624,1.616,0.000,0.409,0.000,1695972,0,0,171262
6059,15.7557,1.624,1.714,1.706,0.000,0.295,0.000,1616579,0,0,171262
6060,15.7573,1.596,1.742,1.734,0.000,0.677,0.000,1589273,0,0,171262
6061,15.7600,1.617,1.703,1.695,0.000,0.352,0.000,1610497,0,0,171262
6062,15.7618,2.667,1.623,1.616,0.000,0.269,0.000,2660010,0,0,171358
6063,15.7634,1.758,1.596,1.588,0.000,0.242,0.000,1751425,0,0,171262
6064,15.7650,1.614,1.617,1.609,0.000,0.288,0.000,1605403,0,0,171262
6065,15.7667,1.675,2.667,2.659,0.000,0.663,0.000,1668137,0,0,171262
6066,15.7683,1.597,1.760,1.750,0.000,0.308,0.000,1590017,0,0,171262
6067,15.7699,1.640,1.612,1.604,0.000,0.255,0.000,1633530,0,0,171262
6068,15.7717,1.708,1.675,1.667,0.000,0.231,0.000,1699764,0,0,171262
6069,15.7735,1.782,1.597,1.589,0.000,0.482,0.000,1774967,0,0,171262
6070,15.7753,1.781,1.642,1.632,0.000,0.291,0.000,1773859,0,0,171262
6071,15.7771,1.767,1.706,1.698,0.000,0.267,0.000,1759721,0,0,171262
6072,15.7789,1.831,1.782,1.774,0.000,0.272,0.000,1824711,0,0,171262
6073,15.7810,1.878,1.781,1.773,0.000,0.659,0.000,1868882,0,0,171262
6074,15.7828,2.046,1.766,1.759,0.000,0.609,0.000,2038854,0,0,171262
6075,15.7855,1.788,1.833,1.824,0.000,0.363,0.000,1780094,0,0,171262
6076,15.7873,2.768,1.876,1.867,0.000,0.334,0.000,2761274,0,0,171262
6077,15.7890,1.760,2.046,2.038,0.000,0.292,0.000,1752480,0,0,171262
6078,15.7907,1.663,1.787,1.779,0.000,0.336,0.000,1656038,0,0,171262
6079,15.7924,1.670,2.769,2.760,0.000,0.308,0.000,1662717,0,0,171262
6080,15.7940,1.660,1.759,1.751,0.000,0.312,0.000,1652651,0,0,171262
6081,15.7957,1.623,1.663,1.655,0.000,0.328,0.000,1615522,0,0,171262
6082,15.7973,1.642,1.670,1.661,0.000,0.306,0.000,1635232,0,0,171262
6083,15.7988,1.578,1.660,1.652,0.000,0.291,0.000,1571276,0,0,171262
6084,15.8005,1.558,1.622,1.614,0.000,0.248,0.000,1550995,0,0,171262
6085,15.8021,1.751,1.642,1.634,0.000,0.236,0.000,1744468,0,0,171262
6086,15.8037,1.589,1.578,1.570,0.000,0.255,0.000,1581922,0,0,171262
6087,15.8054,1.587,1.558,1.550,0.000,0.260,0.000,1579869,0,0,171262
6088,15.8070,1.663,1.752,1.743,0.000,0.620,0.000,1656188,0,0,171262
6089,15.8098,1.673,1.588,1.581,0.000,0.655,0.000,1666192,0,0,171262
6090,15.8117,2.939,1.587,1.579,0.000,0.341,0.000,2931911,0,0,171262
6091,15.8135,1.787,1.663,1.655,0.000,0.284,0.000,1779322,0,0,171262
6092,15.8152,1.741,1.673,1.665,0.000,0.364,0.000,1734098,0,0,171358
6093,15.8170,1.771,2.940,2.931,0.000,0.308,0.000,1763546,0,0,171262
6094,15.8188,1.804,1.786,1.778,0.000,0.697,0.000,1796318,0,0,171262
6095,15.8208,1.830,1.741,1.733,0.000,0.567,0.000,1822694,0,0,171262
6096,15.8227,2.064,1.771,1.762,0.000,0.652,0.000,2056374,0,0,171262
6097,15.8245,1.786,1.803,1.795,0.000,0.559,0.000,1778759,0,0,171262
6098,15.8262,1.770,1.830,1.821,0.000,0.339,0.000,1762641,0,0,171262
6099,15.8279,1.685,2.064,2.055,0.000,0.359,0.000,1677995,0,0,171262
6100,15.8295,1.664,1.786,1.777,0.000,0.304,0.000,1657194,0,0,171262
6101,15.8312,1.643,1.769,1.761,0.000,0.326,0.000,1636380,0,0,171262
6102,15.8328,1.612,1.685,1.677,0.000,0.356,0.000,1605278,0,0,171262
6103,15.8354,1.625,1.664,1.656,0.000,0.308,0.000,1617717,0,0,171262
6104,15.8372,2.714,1.643,1.635,0.000,0.283,0.000,2706951,0,0,171262
6105,15.8389,1.714,1.612,1.604,0.000,0.287,0.000,1706474,0,0,171262
6106,15.8406,1.658,1.624,1.616,0.000,0.327,0.000,1650699,0,0,171262
6107,15.8422,1.754,2.714,2.706,0.000,0.310,0.000,1747754,0,0,171262
6108,15.8439,1.665,1.714,1.705,0.000,0.261,0.000,1657433,0,0,171262
6109,15.8455,1.653,1.657,1.650,0.000,0.322,0.000,1645776,0,0,171262
6110,15.8472,1.637,1.755,1.747,0.000,0.282,0.000,1629774,0,0,171262
6111,15.8488,1.647,1.665,1.656,0.000,0.267,0.000,1639908,0,0,171262
6112,15.8504,1.589,1.653,1.645,0.000,0.254,0.000,1581779,0,0,171262
6113,15.8521,1.646,1.637,1.629,0.000,0.283,0.000,1638876,0,0,171262
6114,15.8537,1.676,1.647,1.639,0.000,0.330,0.000,1668827,0,0,171262
6115,15.8554,1.673,1.589,1.581,0.000,0.324,0.000,1665856,0,0,171262
6116,15.8570,1.624,1.646,1.638,0.000,0.668,0.000,1617087,0,0,171262
6117,15.8618,1.616,1.676,1.668,0.000,0.381,0.000,1608912,0,0,171262
6118,15.8643,5.098,1.673,1.665,0.000,0.610,0.000,5089917,0,0,171262
6119,15.8668,2.999,1.624,1.616,0.000,0.434,0.000,2988513,0,0,171262
6120,15.8685,1.777,1.618,1.608,0.000,0.471,0.000,1767850,0,0,171262
6121,15.8703,1.686,5.101,5.089,0.000,0.380,0.000,1678822,0,0,190353
6122,15.8718,1.646,2.997,2.987,0.000,0.314,0.000,1639158,0,0,171358
6123,15.8736,1.654,1.775,1.766,0.000,0.270,0.000,1646733,0,0,171262
6124,15.8754,1.846,1.686,1.678,0.000,0.255,0.000,1838287,0,0,171262
6125,15.8772,1.809,1.646,1.638,0.000,0.334,0.000,1802305,0,0,171262
6126,15.8789,1.716,1.654,1.646,0.000,0.323,0.000,1708572,0,0,171262
6127,15.8807,1.655,1.845,1.837,0.000,0.702,0.000,1647952,0,0,171262
6128,15.8823,1.805,1.810,1.801,0.000,0.264,0.000,1797976,0,0,171262
6129,15.8841,1.626,1.716,1.708,0.000,0.407,0.000,1619074,0,0,171262
6130,15.8861,1.941,1.655,1.647,0.000,0.635,0.000,1934004,0,0,171262
6131,15.8878,1.865,1.805,1.797,0.000,0.699,0.000,1856964,0,0,171262
6132,15.8907,1.715,1.626,1.618,0.000,0.365,0.000,1707889,0,0,171262
6133,15.8926,3.006,1.942,1.933,0.000,0.335,0.000,2998530,0,0,171262
6134,15.8943,1.731,1.864,1.856,0.000,0.259,0.000,1722533,0,0,171262
6135,15.8959,1.636,1.716,1.707,0.000,0.290,0.000,1629047,0,0,171262
6136,15.8975,1.646,3.006,2.997,0.000,0.256,0.000,1639281,0,0,171262
6137,15.8992,1.644,1.729,1.721,0.000,0.264,0.000,1636798,0,0,171262
6138,15.9011,1.708,1.636,1.628,0.000,0.495,0.000,1701657,0,0,171262
6139,15.9029,1.955,1.646,1.638,0.000,0.271,0.000,1947814,0,0,171262
6140,15.9047,1.756,1.644,1.636,0.000,0.296,0.000,1748144,0,0,171262
6141,15.9066,1.863,1.709,1.700,0.000,0.298,0.000,1852403,0,0,171262
6142,15.9088,2.094,1.956,1.947,0.000,0.745,0.000,2087126,0,0,171262
6143,15.9110,2.249,1.759,1.747,0.000,0.677,0.000,2238421,0,0,171262
6144,15.9130,2.047,1.860,1.851,0.000,0.839,0.000,2038434,0,0,171262
6145,15.9149,1.888,2.097,2.085,0.000,0.396,0.000,1879670,0,0,171262
6146,15.9178,1.909,2.247,2.237,0.000,0.301,0.000,1902001,0,0,171262
6147,15.9200,3.121,2.046,2.037,0.000,0.276,0.000,3113266,0,0,171262
6148,15.9221,2.027,1.887,1.878,0.000,0.314,0.000,2017247,0,0,171262
6149,15.9243,2.188,1.909,1.901,0.000,0.329,0.000,2181085,0,0,171262
6150,15.9262,2.130,3.123,3.112,0.000,0.747,0.000,2110293,0,0,171262
6151,15.9282,1.938,2.025,2.016,0.000,0.375,0.000,1930161,0,0,171262
6152,15.9301,1.920,2.202,2.180,0.000,0.749,0.000,1911815,0,0,171358
6153,15.9320,1.918,2.117,2.107,0.000,0.690,0.000,1910468,0,0,171262
6154,15.9338,1.888,1.938,1.929,0.000,0.344,0.000,1879741,0,0,171262
6155,15.9356,1.787,1.919,1.910,0.000,0.312,0.000,1779263,0,0,171262
6156,15.9374,1.767,1.919,1.909,0.000,0.313,0.000,1759261,0,0,171262
6157,15.9392,1.846,1.888,1.878,0.000,0.284,0.000,1839128,0,0,171262
6158,15.9411,1.792,1.786,1.778,0.000,0.357,0.000,1784940,0,0,171262
6159,15.9429,1.891,1.767,1.758,0.000,0.310,0.000,1883233,0,0,171262
6160,15.9457,1.784,1.846,1.838,0.000,0.395,0.000,1776659,0,0,171262
6161,15.9475,2.775,1.792,1.784,0.000,0.641,0.000,2767997,0,0,171262
6162,15.9493,1.819,1.891,1.882,0.000,0.340,0.000,1811247,0,0,171262
6163,15.9509,1.725,1.784,1.775,0.000,0.333,0.000,1717562,0,0,171822
6164,15.9526,1.624,2.775,2.767,0.000,0.711,0.000,1617507,0,0,171318
6165,15.9543,1.725,1.819,1.810,0.000,0.626,0.000,1711024,0,0,171262
6166,15.9560,1.706,1.725,1.716,0.000,0.633,0.000,1698685,0,0,171262
6167,15.9577,1.658,1.632,1.616,0.000,0.639,0.000,1651778,0,0,171262
6168,15.9594,1.713,1.718,1.710,0.000,0.638,0.000,1703459,0,0,171262
6169,15.9612,1.659,1.705,1.698,0.000,0.419,0.000,1651967,0,0,171262
6170,15.9629,1.817,1.661,1.651,0.000,0.273,0.000,1810621,0,0,171262
6171,15.9646,1.706,1.711,1.702,0.000,0.263,0.000,1697076,0,0,171262
6172,15.9665,1.803,1.659,1.651,0.000,0.346,0.000,1795472,0,0,171262
6173,15.9684,1.887,1.820,1.809,0.000,0.346,0.000,1879621,0,0,171262
6174,15.9713,1.884,1.704,1.696,0.000,0.309,0.000,1875809,0,0,171262
6175,15.9733,2.987,1.803,1.794,0.000,0.687,0.000,2979429,0,0,171262
6176,15.9751,1.926,1.887,1.878,0.000,0.659,0.000,1917822,0,0,171262
6177,15.9769,1.766,1.883,1.875,0.000,0.682,0.000,1758656,0,0,171262
6178,15.9785,1.708,2.987,2.978,0.000,0.630,0.000,1701412,0,0,171262
6179,15.9803,1.689,1.925,1.917,0.000,0.638,0.000,1682360,0,0,171262
6180,15.9820,1.708,1.765,1.758,0.000,0.592,0.000,1700166,0,0,171262
6181,15.9837,1.774,1.709,1.700,0.000,0.357,0.000,1767191,0,0,171262
6182,15.9854,1.731,1.690,1.681,0.000,0.322,0.000,1722280,0,0,171358
6183,15.9870,1.585,1.707,1.699,0.000,0.321,0.000,1578076,0,0,171262
6184,15.9886,1.572,1.776,1.766,0.000,0.507,0.000,1565720,0,0,171262
6185,15.9902,1.610,1.729,1.721,0.000,0.285,0.000,1596958,0,0,171262
6186,15.9918,1.615,1.584,1.577,0.000,0.292,0.000,1608420,0,0,171262
6187,15.9934,1.593,1.579,1.565,0.000,0.268,0.000,1586655,0,0,171262
6188,15.9960,2.574,1.603,1.596,0.000,0.266,0.000,2567532,0,0,171262
6189,15.9976,1.671,1.615,1.607,0.000,0.259,0.000,1664186,0,0,171262
6190,15.9991,1.548,1.593,1.586,0.000,0.297,0.000,1541171,0,0,171262
6191,16.0008,1.548,2.574,2.566,0.000,0.257,0.000,1541518,0,0,171262
6192,16.0024,1.720,1.671,1.663,0.000,0.302,0.000,1713387,0,0,171262
6193,16.0040,1.574,1.548,1.540,0.000,0.305,0.000,1567870,0,0,171262
6194,16.0056,1.631,1.548,1.540,0.000,0.264,0.000,1624636,0,0,171262
6195,16.0073,1.612,1.720,1.712,0.000,0.307,0.000,1604318,0,0,171262
6196,16.0089,1.592,1.574,1.567,0.000,0.281,0.000,1585282,0,0,171262
6197,16.0104,1.597,1.632,1.624,0.000,0.270,0.000,1590459,0,0,171262
6198,16.0120,1.606,1.611,1.603,0.000,0.597,0.000,1599547,0,0,171262
6199,16.0136,1.555,1.592,1.584,0.000,0.356,0.000,1548636,0,0,171262
6200,16.0151,1.530,1.597,1.589,0.000,0.597,0.000,1523546,0,0,171262
6201,16.0176,1.545,1.606,1.598,0.000,0.590,0.000,1539144,0,0,171262
6202,16.0194,2.668,1.555,1.547,0.000,0.568,0.000,2661359,0,0,171262
6203,16.0211,1.712,1.530,1.523,0.000,0.596,0.000,1705163,0,0,171262
6204,16.0228,1.707,1.546,1.538,0.000,0.331,0.000,1700801,0,0,171262
6205,16.0244,1.602,2.669,2.660,0.000,0.239,0.000,1594704,0,0,171262
6206,16.0260,1.606,1.711,1.704,0.000,0.261,0.000,1599048,0,0,171262
6207,16.0275,1.576,1.708,1.700,0.000,0.257,0.000,1568975,0,0,171262
6208,16.0291,1.581,1.601,1.594,0.000,0.273,0.000,1574519,0,0,171262
6209,16.0307,1.590,1.606,1.598,0.000,0.241,0.000,1582675,0,0,171262
6210,16.0323,1.588,1.576,1.568,0.000,0.238,0.000,1580406,0,0,171262
6211,16.0338,1.556,1.581,1.573,0.000,0.337,0.000,1548762,0,0,171262
6212,16.0354,1.539,1.590,1.582,0.000,0.281,0.000,1532720,0,0,171358
6213,16.0371,1.629,1.587,1.579,0.000,0.250,0.000,1622177,0,0,171262
6214,16.0387,1.669,1.555,1.548,0.000,0.319,0.000,1662112,0,0,171262
6215,16.0417,1.677,1.539,1.532,0.000,0.266,0.000,1670034,0,0,171262
6216,16.0436,3.085,1.629,1.621,0.000,0.345,0.000,3078375,0,0,171262
6217,16.0455,1.822,1.669,1.661,0.000,0.326,0.000,1813372,0,0,171262
6218,16.0474,1.920,1.677,1.669,0.000,0.325,0.000,1912990,0,0,171262
6219,16.0492,1.842,3.088,3.077,0.000,0.337,0.000,1835547,0,0,171262
6220,16.0510,1.882,1.820,1.812,0.000,0.322,0.000,1874142,0,0,171262
6221,16.0527,1.723,1.920,1.912,0.000,0.342,0.000,1715031,0,0,171262
6222,16.0544,1.669,1.843,1.834,0.000,0.679,0.000,1661675,0,0,171262
6223,16.0561,1.670,1.882,1.873,0.000,0.364,0.000,1662799,0,0,171262
6224,16.0578,1.738,1.722,1.714,0.000,0.369,0.000,1731617,0,0,171262
6225,16.0596,1.773,1.669,1.661,0.000,0.305,0.000,1763913,0,0,171262
6226,16.0613,1.663,1.670,1.662,0.000,0.461,0.000,1654258,0,0,171262
6227,16.0629,1.748,1.740,1.730,0.000,0.479,0.000,1741406,0,0,171262
6228,16.0645,1.611,1.772,1.763,0.000,0.308,0.000,1603743,0,0,171262
6229,16.0671,1.643,1.661,1.653,0.000,0.286,0.000,1636360,0,0,171262
6230,16.0689,2.631,1.748,1.740,0.000,0.276,0.000,2624735,0,0,171262
6231,16.0705,1.667,1.611,1.603,0.000,0.256,0.000,1659925,0,0,171262
6232,16.0720,1.594,1.643,1.635,0.000,0.279,0.000,1587354,0,0,171262
6233,16.0737,1.598,2.632,2.624,0.000,0.340,0.000,1591769,0,0,171262
6234,16.0753,1.642,1.667,1.659,0.000,0.261,0.000,1634578,0,0,171262
6235,16.0769,1.575,1.594,1.586,0.000,0.364,0.000,1568324,0,0,171262
6236,16.0784,1.549,1.599,1.591,0.000,0.260,0.000,1542175,0,0,171262
6237,16.0800,1.626,1.641,1.633,0.000,0.247,0.000,1618929,0,0,171262
6238,16.0817,1.575,1.575,1.567,0.000,0.278,0.000,1567534,0,0,171262
6239,16.0833,1.674,1.549,1.541,0.000,0.343,0.000,1667871,0,0,171262
6240,16.0849,1.575,1.626,1.618,0.000,0.259,0.000,1568362,0,0,171262
6241,16.0865,1.618,1.574,1.566,0.000,0.289,0.000,1611304,0,0,190353
6242,16.0881,1.641,1.675,1.667,0.000,0.267,0.000,1634256,0,0,171358
6243,16.0907,1.577,1.575,1.567,0.000,0.235,0.000,1570547,0,0,171262
6244,16.0923,2.572,1.618,1.610,0.000,0.246,0.000,2566007,0,0,171262
6245,16.0939,1.627,1.641,1.633,0.000,0.283,0.000,1619456,0,0,171262
6246,16.0955,1.565,1.577,1.569,0.000,0.272,0.000,1558750,0,0,171262
6247,16.0970,1.573,2.573,2.565,0.000,0.242,0.000,1566583,0,0,171262
6248,16.0986,1.561,1.626,1.618,0.000,0.352,0.000,1554328,0,0,171262
6249,16.1003,1.646,1.565,1.558,0.000,0.269,0.000,1639435,0,0,171262
6250,16.1020,1.636,1.574,1.565,0.000,0.339,0.000,1629268,0,0,171262
6251,16.1035,1.664,1.561,1.553,0.000,0.285,0.000,1656963,0,0,171262
6252,16.1051,1.581,1.646,1.638,0.000,0.254,0.000,1573579,0,0,171262
6253,16.1067,1.566,1.636,1.628,0.000,0.291,0.000,1559374,0,0,171262
6254,16.1083,1.613,1.669,1.656,0.000,0.246,0.000,1605522,0,0,171262
6255,16.1098,1.567,1.575,1.568,0.000,0.664,0.000,1559857,0,0,171262
6256,16.1114,1.546,1.566,1.558,0.000,0.661,0.000,1539465,0,0,171262
6257,16.1140,1.534,1.612,1.604,0.000,0.588,0.000,1527372,0,0,171262
6258,16.1156,2.653,1.566,1.559,0.000,0.295,0.000,2647049,0,0,171262
6259,16.1172,1.639,1.546,1.538,0.000,0.471,0.000,1632246,0,0,171262
6260,16.1188,1.588,1.534,1.526,0.000,0.313,0.000,1581598,0,0,171262
6261,16.1205,1.554,2.654,2.646,0.000,0.305,0.000,1547010,0,0,171262
6262,16.1221,1.663,1.639,1.631,0.000,0.276,0.000,1656580,0,0,171262
6263,16.1237,1.603,1.588,1.581,0.000,0.409,0.000,1596127,0,0,171262
6264,16.1252,1.577,1.554,1.546,0.000,0.487,0.000,1570402,0,0,171262
6265,16.1269,1.626,1.663,1.656,0.000,0.533,0.000,1620173,0,0,171262
6266,16.1285,1.635,1.603,1.595,0.000,0.596,0.000,1627817,0,0,171262
6267,16.1301,1.567,1.577,1.569,0.000,0.361,0.000,1560317,0,0,171262
6268,16.1317,1.606,1.627,1.619,0.000,0.314,0.000,1599111,0,0,171262
6269,16.1333,1.592,1.634,1.627,0.000,0.265,0.000,1585657,0,0,171262
6270,16.1348,1.575,1.567,1.559,0.000,0.355,0.000,1568265,0,0,171262
6271,16.1374,1.568,1.606,1.598,0.000,0.293,0.000,1561709,0,0,171262
6272,16.1391,2.648,1.593,1.584,0.000,0.261,0.000,2641458,0,0,171358
6273,16.1409,1.699,1.575,1.567,0.000,0.252,0.000,1691123,0,0,171262
6274,16.1425,1.752,1.569,1.561,0.000,0.591,0.000,1744990,0,0,171262
6275,16.1441,1.594,2.649,2.640,0.000,0.381,0.000,1586467,0,0,171262
6276,16.1456,1.563,1.698,1.690,0.000,0.286,0.000,1555971,0,0,171262
6277,16.1472,1.554,1.752,1.744,0.000,0.497,0.000,1547892,0,0,171262
6278,16.1488,1.564,1.593,1.585,0.000,0.280,0.000,1557793,0,0,171262
6279,16.1503,1.560,1.562,1.555,0.000,0.259,0.000,1553900,0,0,171262
6280,16.1520,1.610,1.554,1.547,0.000,0.244,0.000,1603304,0,0,171262
6281,16.1536,1.610,1.564,1.557,0.000,0.248,0.000,1603013,0,0,171262
6282,16.1552,1.625,1.561,1.553,0.000,0.634,0.000,1613671,0,0,171262
6283,16.1567,1.556,1.610,1.602,0.000,0.609,0.000,1549244,0,0,171262
6284,16.1582,1.522,1.615,1.602,0.000,0.605,0.000,1515732,0,0,171262
6285,16.1608,1.570,1.620,1.613,0.000,0.581,0.000,1563767,0,0,171262
6286,16.1627,2.678,1.555,1.548,0.000,0.297,0.000,2671325,0,0,171262
6287,16.1643,1.782,1.522,1.515,0.000,0.237,0.000,1774944,0,0,171262
6288,16.1661,1.669,1.571,1.563,0.000,0.347,0.000,1661764,0,0,171262
6289,16.1678,1.794,2.679,2.670,0.000,0.281,0.000,1787039,0,0,171262
6290,16.1695,1.714,1.782,1.774,0.000,0.281,0.000,1707408,0,0,171262
6291,16.1712,1.704,1.669,1.661,0.000,0.281,0.000,1697286,0,0,171262
6292,16.1728,1.667,1.794,1.786,0.000,0.628,0.000,1659890,0,0,171262
6293,16.1744,1.566,1.714,1.706,0.000,0.285,0.000,1559796,0,0,171262
6294,16.1760,1.588,1.704,1.696,0.000,0.265,0.000,1581887,0,0,171262
6295,16.1776,1.627,1.667,1.659,0.000,0.245,0.000,1620803,0,0,171262
6296,16.1792,1.562,1.566,1.559,0.000,0.241,0.000,1555180,0,0,171262
6297,16.1808,1.543,1.589,1.581,0.000,0.249,0.000,1536296,0,0,171262
6298,16.1824,1.660,1.628,1.620,0.000,0.472,0.000,1653896,0,0,171262
6299,16.1849,1.586,1.562,1.554,0.000,0.274,0.000,1579703,0,0,171262
6300,16.1866,2.632,1.542,1.535,0.000,0.275,0.000,2625661,0,0,171262
6301,16.1883,1.672,1.660,1.653,0.000,0.246,0.000,1665293,0,0,171262
6302,16.1902,1.686,1.586,1.579,0.000,0.277,0.000,1674602,0,0,171358
6303,16.1922,2.147,2.632,2.624,0.000,0.332,0.000,2138119,0,0,171262
6304,16.1939,1.762,1.677,1.664,0.000,0.441,0.000,1752096,0,0,171262
6305,16.1957,1.708,1.684,1.674,0.000,0.281,0.000,1700293,0,0,171262
6306,16.1974,1.802,2.148,2.137,0.000,0.661,0.000,1794848,0,0,171262
6307,16.1992,1.752,1.759,1.751,0.000,0.363,0.000,1744462,0,0,171262
6308,16.2011,1.724,1.707,1.699,0.000,0.329,0.000,1716634,0,0,171262
6309,16.2029,1.919,1.802,1.794,0.000,0.337,0.000,1912501,0,0,171262
6310,16.2046,1.748,1.752,1.743,0.000,0.314,0.000,1739891,0,0,171262
6311,16.2064,1.753,1.723,1.715,0.000,0.352,0.000,1745178,0,0,171262
6312,16.2082,1.819,1.920,1.911,0.000,0.302,0.000,1811385,0,0,171262
6313,16.2110,1.760,1.747,1.739,0.000,0.310,0.000,1752752,0,0,171262
6314,16.2130,2.929,1.753,1.744,0.000,0.677,0.000,2921920,0,0,171262
6315,16.2149,1.971,1.819,1.810,0.000,0.361,0.000,1963416,0,0,171262
6316,16.2168,1.948,1.760,1.752,0.000,0.363,0.000,1939560,0,0,171262
6317,16.2188,1.910,2.930,2.921,0.000,0.330,0.000,1901852,0,0,171262
6318,16.2207,1.876,1.971,1.962,0.000,0.316,0.000,1867894,0,0,171262
6319,16.2225,1.913,1.947,1.938,0.000,0.337,0.000,1906030,0,0,171262
6320,16.2243,1.786,1.909,1.901,0.000,0.305,0.000,1778460,0,0,171262
6321,16.2261,1.854,1.875,1.867,0.000,0.291,0.000,1846673,0,0,171262
6322,16.2278,1.728,1.914,1.905,0.000,0.374,0.000,1720943,0,0,171262
6323,16.2295,1.642,1.786,1.777,0.000,0.278,0.000,1635355,0,0,171262
6324,16.2311,1.698,1.854,1.845,0.000,0.258,0.000,1691188,0,0,171262
6325,16.2328,1.653,1.728,1.720,0.000,0.298,0.000,1646108,0,0,171262
6326,16.2344,1.663,1.643,1.634,0.000,0.281,0.000,1655752,0,0,171262
6327,16.2371,1.627,1.698,1.690,0.000,0.332,0.000,1620547,0,0,171262
6328,16.2387,2.657,1.653,1.645,0.000,0.269,0.000,2650888,0,0,171262
6329,16.2403,1.595,1.662,1.655,0.000,0.644,0.000,1588156,0,0,171262
6330,16.2421,1.635,1.627,1.619,0.000,0.347,0.000,1628903,0,0,171262
6331,16.2438,1.777,2.658,2.650,0.000,0.262,0.000,1770703,0,0,171262
6332,16.2454,1.688,1.595,1.587,0.000,0.622,0.000,1680694,0,0,171358
6333,16.2469,1.557,1.636,1.628,0.000,0.633,0.000,1550422,0,0,171262
6334,16.2485,1.530,1.778,1.770,0.000,0.292,0.000,1523162,0,0,171262
6335,16.2501,1.584,1.687,1.680,0.000,0.247,0.000,1577483,0,0,171822
6336,16.2517,1.627,1.557,1.549,0.000,0.242,0.000,1619589,0,0,171318
6337,16.2533,1.564,1.529,1.522,0.000,0.248,0.000,1557023,0,0,171262
6338,16.2549,1.615,1.585,1.576,0.000,0.339,0.000,1609141,0,0,171262
6339,16.2564,1.554,1.626,1.618,0.000,0.277,0.000,1548019,0,0,171262
6340,16.2581,1.639,1.563,1.556,0.000,0.256,0.000,1630383,0,0,171262
6341,16.2609,1.730,1.616,1.608,0.000,0.256,0.000,1723707,0,0,171262
6342,16.2628,2.844,1.557,1.547,0.000,0.302,0.000,2836805,0,0,171822
6343,16.2645,1.818,1.637,1.629,0.000,0.332,0.000,1810572,0,0,171318
6344,16.2661,1.621,1.731,1.723,0.000,0.330,0.000,1613440,0,0,171262
6345,16.2679,1.687,2.844,2.836,0.000,0.290,0.000,1680614,0,0,171262
6346,16.2698,1.782,1.818,1.809,0.000,0.261,0.000,1775755,0,0,171262
6347,16.2716,1.947,1.620,1.612,0.000,0.350,0.000,1933070,0,0,171262
6348,16.2733,1.732,1.687,1.680,0.000,0.472,0.000,1722872,0,0,171262
6349,16.2749,1.674,1.790,1.775,0.000,0.453,0.000,1666677,0,0,171262
6350,16.2765,1.608,1.942,1.932,0.000,0.638,0.000,1600727,0,0,171262
6351,16.2784,1.732,1.730,1.722,0.000,0.609,0.000,1725511,0,0,171262
6352,16.2802,1.872,1.674,1.665,0.000,0.350,0.000,1864220,0,0,171262
6353,16.2821,1.746,1.608,1.600,0.000,0.359,0.000,1738747,0,0,171262
6354,16.2837,1.823,1.733,1.724,0.000,0.310,0.000,1815551,0,0,171262
6355,16.2865,1.659,1.872,1.863,0.000,0.324,0.000,1651490,0,0,171262
6356,16.2884,2.894,1.746,1.737,0.000,0.292,0.000,2887479,0,0,171262
6357,16.2901,1.811,1.823,1.814,0.000,0.674,0.000,1803390,0,0,171262
6358,16.2917,1.624,1.658,1.650,0.000,0.690,0.000,1617186,0,0,171262
6359,16.2933,1.620,2.896,2.886,0.000,0.584,0.000,1613745,0,0,171262
6360,16.2950,1.618,1.810,1.802,0.000,0.353,0.000,1611434,0,0,171262
6361,16.2968,1.749,1.624,1.616,0.000,0.291,0.000,1742174,0,0,190353
6362,16.2984,1.697,1.620,1.613,0.000,0.528,0.000,1689773,0,0,171358
6363,16.3002,1.566,1.618,1.610,0.000,0.486,0.000,1559999,0,0,171262
6364,16.3020,1.871,1.750,1.741,0.000,0.509,0.000,1864806,0,0,171262
6365,16.3037,1.869,1.696,1.688,0.000,0.267,0.000,1862391,0,0,171262
6366,16.3054,1.665,1.567,1.559,0.000,0.618,0.000,1657641,0,0,171262
6367,16.3072,1.713,1.872,1.864,0.000,0.338,0.000,1706718,0,0,171262
6368,16.3091,1.833,1.869,1.861,0.000,0.498,0.000,1825509,0,0,171262
6369,16.3121,3.014,1.664,1.656,0.000,0.443,0.000,3006812,0,0,171262
6370,16.3142,2.026,1.715,1.706,0.000,0.358,0.000,2018530,0,0,171262
6371,16.3160,1.953,1.832,1.824,0.000,0.700,0.000,1943782,0,0,171262
6372,16.3178,1.795,3.015,3.006,0.000,0.479,0.000,1787773,0,0,171262
6373,16.3195,1.762,2.028,2.017,0.000,0.367,0.000,1754408,0,0,171262
6374,16.3213,1.696,1.951,1.942,0.000,0.312,0.000,1688770,0,0,171262
6375,16.3231,1.832,1.795,1.787,0.000,0.275,0.000,1824458,0,0,171262
6376,16.3248,1.751,1.762,1.753,0.000,0.584,0.000,1743310,0,0,171262
6377,16.3264,1.697,1.696,1.688,0.000,0.320,0.000,1690222,0,0,171262
6378,16.3282,1.691,1.832,1.823,0.000,0.674,0.000,1683631,0,0,171262
6379,16.3298,1.668,1.750,1.742,0.000,0.662,0.000,1662050,0,0,171262
6380,16.3314,1.608,1.698,1.689,0.000,0.339,0.000,1601189,0,0,171262
6381,16.3331,1.644,1.690,1.682,0.000,0.288,0.000,1636956,0,0,171262
6382,16.3347,1.689,1.668,1.661,0.000,0.257,0.000,1682083,0,0,171262
6383,16.3374,1.646,1.608,1.600,0.000,0.274,0.000,1639375,0,0,171262
6384,16.3391,2.702,1.644,1.636,0.000,0.259,0.000,2694575,0,0,171262
6385,16.3411,1.882,1.689,1.681,0.000,0.667,0.000,1874874,0,0,171262
6386,16.3427,1.751,1.646,1.638,0.000,0.655,0.000,1744777,0,0,171262
6387,16.3444,1.658,2.701,2.693,0.000,0.342,0.000,1650279,0,0,171262
6388,16.3460,1.633,1.881,1.874,0.000,0.328,0.000,1626937,0,0,171262
6389,16.3481,1.658,1.752,1.744,0.000,0.277,0.000,1651239,0,0,171262
6390,16.3503,2.410,1.657,1.649,0.000,0.260,0.000,2403637,0,0,171262
6391,16.3520,1.903,1.634,1.626,0.000,0.268,0.000,1893035,0,0,171262
6392,16.3538,1.880,1.658,1.650,0.000,0.255,0.000,1873262,0,0,171358
6393,16.3555,1.626,2.415,2.403,0.000,0.267,0.000,1618837,0,0,171262
6394,16.3570,1.606,1.898,1.890,0.000,0.331,0.000,1598822,0,0,171262
6395,16.3586,1.530,1.880,1.872,0.000,0.380,0.000,1523193,0,0,171262
6396,16.3601,1.540,1.625,1.617,0.000,0.305,0.000,1533212,0,0,171262
6397,16.3648,1.522,1.606,1.598,0.000,0.397,0.000,1515885,0,0,171262
6398,16.3673,5.216,1.530,1.522,0.000,0.238,0.000,5210279,0,0,171262
6399,16.3699,2.963,1.539,1.532,0.000,0.247,0.000,2952840,0,0,171262
6400,16.3716,1.783,1.522,1.515,0.000,0.393,0.000,1773372,0,0,171262
6401,16.3733,1.627,5.221,5.209,0.000,0.347,0.000,1620177,0,0,171262
6402,16.3749,1.646,2.963,2.951,0.000,0.287,0.000,1639700,0,0,171262
6403,16.3765,1.612,1.779,1.771,0.000,0.254,0.000,1605548,0,0,171262
6404,16.3781,1.640,1.627,1.619,0.000,0.331,0.000,1633305,0,0,171262
6405,16.3798,1.607,1.646,1.639,0.000,0.689,0.000,1600249,0,0,171262
6406,16.3815,1.630,1.613,1.604,0.000,0.335,0.000,1623094,0,0,171262
6407,16.3838,1.854,1.640,1.632,0.000,0.629,0.000,1847950,0,0,171262
6408,16.3855,2.224,1.607,1.599,0.000,0.672,0.000,2214083,0,0,171262
6409,16.3878,1.781,1.630,1.622,0.000,0.311,0.000,1773246,0,0,171262
6410,16.3901,2.528,1.858,1.847,0.000,0.655,0.000,2518128,0,0,171262
6411,16.3918,1.991,2.221,2.212,0.000,0.334,0.000,1979699,0,0,171262
6412,16.3943,1.601,1.784,1.772,0.000,0.325,0.000,1594423,0,0,171262
6413,16.3960,2.599,2.529,2.516,0.000,0.330,0.000,2592613,0,0,171262
6414,16.3976,1.627,1.986,1.978,0.000,0.272,0.000,1619806,0,0,171262
6415,16.3991,1.558,1.601,1.593,0.000,0.262,0.000,1551628,0,0,171262
6416,16.4007,1.523,2.599,2.592,0.000,0.247,0.000,1516322,0,0,171262
6417,16.4023,1.656,1.626,1.619,0.000,0.250,0.000,1649322,0,0,171262
6418,16.4038,1.566,1.558,1.551,0.000,0.250,0.000,1559091,0,0,171262
6419,16.4056,1.527,1.523,1.515,0.000,0.322,0.000,1520570,0,0,171262
6420,16.4073,1.834,1.657,1.648,0.000,0.260,0.000,1828104,0,0,171262
6421,16.4090,1.676,1.565,1.558,0.000,0.265,0.000,1668908,0,0,171262
6422,16.4106,1.650,1.527,1.519,0.000,0.291,0.000,1643409,0,0,171358
6423,16.4123,1.683,1.835,1.827,0.000,0.268,0.000,1676028,0,0,171262
6424,16.4138,1.580,1.675,1.668,0.000,0.252,0.000,1572764,0,0,171262
6425,16.4158,1.527,1.650,1.642,0.000,0.283,0.000,1520886,0,0,171262
6426,16.4191,2.483,1.683,1.675,0.000,0.242,0.000,2476960,0,0,171262
6427,16.4212,3.038,1.579,1.572,0.000,0.238,0.000,3028205,0,0,171262
6428,16.4230,2.033,1.527,1.520,0.000,0.248,0.000,2024391,0,0,171262
6429,16.4247,1.753,2.488,2.476,0.000,0.406,0.000,1744384,0,0,171262
6430,16.4264,1.686,3.035,3.025,0.000,0.707,0.000,1679396,0,0,171262
6431,16.4280,1.616,2.032,2.023,0.000,0.633,0.000,1609586,0,0,171262
6432,16.4297,1.656,1.751,1.743,0.000,0.672,0.000,1649830,0,0,171262
6433,16.4315,1.838,1.686,1.678,0.000,0.614,0.000,1831907,0,0,171262
6434,16.4332,1.731,1.616,1.608,0.000,0.355,0.000,1724402,0,0,171262
6435,16.4349,1.669,1.656,1.649,0.000,0.377,0.000,1662518,0,0,171262
6436,16.4365,1.620,1.838,1.831,0.000,0.329,0.000,1613752,0,0,171262
6437,16.4380,1.564,1.731,1.723,0.000,0.280,0.000,1557740,0,0,171262
6438,16.4396,1.563,1.669,1.661,0.000,0.266,0.000,1556407,0,0,171262
6439,16.4422,1.848,1.620,1.613,0.000,0.252,0.000,1842163,0,0,171262
6440,16.4449,2.551,1.564,1.557,0.000,0.324,0.000,2539552,0,0,171262
6441,16.4466,2.555,1.563,1.555,0.000,0.661,0.000,2553949,0,0,171262
6442,16.4483,1.693,1.853,1.841,0.000,0.646,0.000,1680153,0,0,171262
6443,16.4499,1.618,2.547,2.538,0.000,0.607,0.000,1611344,0,0,171262
6444,16.4514,1.536,2.560,2.553,0.000,0.336,0.000,1529774,0,0,171262
6445,16.4530,1.566,1.687,1.679,0.000,0.262,0.000,1560096,0,0,171262
6446,16.4545,1.566,1.617,1.610,0.000,0.239,0.000,1559306,0,0,171262
6447,16.4561,1.593,1.536,1.529,0.000,0.254,0.000,1586693,0,0,171262
6448,16.4577,1.584,1.567,1.559,0.000,0.268,0.000,1577519,0,0,171262
6449,16.4593,1.520,1.566,1.558,0.000,0.255,0.000,1513914,0,0,171262
6450,16.4609,1.612,1.593,1.586,0.000,0.252,0.000,1605534,0,0,171262
6451,16.4626,1.704,1.584,1.576,0.000,0.243,0.000,1697221,0,0,171262
6452,16.4642,1.644,1.520,1.513,0.000,0.707,0.000,1637934,0,0,171358
6453,16.4660,1.633,1.612,1.604,0.000,0.639,0.000,1626939,0,0,171262
6454,16.4687,1.804,1.704,1.696,0.000,0.306,0.000,1797736,0,0,171262
6455,16.4705,2.792,1.644,1.637,0.000,0.650,0.000,2785514,0,0,171262
6456,16.4722,1.754,1.633,1.626,0.000,0.622,0.000,1746200,0,0,171262
6457,16.4739,1.671,1.805,1.797,0.000,0.375,0.000,1663871,0,0,171262
6458,16.4756,1.678,2.793,2.784,0.000,0.325,0.000,1670880,0,0,171262
6459,16.4772,1.645,1.753,1.745,0.000,0.347,0.000,1638437,0,0,171262
6460,16.4789,1.696,1.671,1.663,0.000,0.323,0.000,1688804,0,0,171262
6461,16.4808,1.679,1.678,1.670,0.000,0.652,0.000,1671848,0,0,171262
6462,16.4830,1.946,1.646,1.637,0.000,0.503,0.000,1939013,0,0,171262
6463,16.4850,2.329,1.696,1.688,0.000,0.386,0.000,2320947,0,0,171262
6464,16.4869,1.933,1.679,1.671,0.000,0.337,0.000,1926086,0,0,171262
6465,16.4889,1.928,1.947,1.938,0.000,0.710,0.000,1920975,0,0,171262
6466,16.4908,1.938,2.328,2.320,0.000,0.378,0.000,1929682,0,0,171262
6467,16.4927,1.900,1.934,1.925,0.000,0.392,0.000,1892468,0,0,171262
6468,16.4956,1.883,1.929,1.920,0.000,0.371,0.000,1873226,0,0,171262
6469,16.4977,3.049,1.937,1.928,0.000,0.382,0.000,3041672,0,0,171262
6470,16.4998,2.058,1.902,1.891,0.000,0.351,0.000,2049511,0,0,171262
6471,16.5025,2.352,1.880,1.872,0.000,0.570,0.000,2343743,0,0,171262
6472,16.5049,2.683,3.050,3.041,0.000,0.593,0.000,2672148,0,0,171262
6473,16.5071,2.287,2.057,2.048,0.000,0.823,0.000,2275955,0,0,171262
6474,16.5090,2.034,2.354,2.342,0.000,0.871,0.000,2025686,0,0,171262
6475,16.5109,1.910,2.683,2.671,0.000,0.413,0.000,1902390,0,0,171262
6476,16.5127,1.778,2.284,2.274,0.000,0.300,0.000,1770242,0,0,171262
6477,16.5145,1.819,2.034,2.024,0.000,0.298,0.000,1800724,0,0,171262
6478,16.5163,1.824,1.910,1.901,0.000,0.737,0.000,1816428,0,0,171262
6479,16.5180,1.728,1.788,1.769,0.000,0.354,0.000,1721230,0,0,171262
6480,16.5197,1.698,1.808,1.800,0.000,0.293,0.000,1691273,0,0,171262
6481,16.5227,1.749,1.823,1.815,0.000,0.271,0.000,1742299,0,0,190353
6482,16.5245,3.006,1.728,1.720,0.000,0.415,0.000,2999018,0,0,171358
6483,16.5262,1.756,1.698,1.690,0.000,0.267,0.000,1748156,0,0,171262
6484,16.5278,1.650,1.749,1.741,0.000,0.375,0.000,1643401,0,0,171262
6485,16.5295,1.666,3.007,2.998,0.000,0.295,0.000,1659421,0,0,171262
6486,16.5311,1.634,1.755,1.747,0.000,0.298,0.000,1626362,0,0,171262
6487,16.5327,1.606,1.650,1.642,0.000,0.646,0.000,1599632,0,0,171262
6488,16.5343,1.576,1.667,1.658,0.000,0.334,0.000,1569426,0,0,171262
6489,16.5359,1.565,1.633,1.625,0.000,0.273,0.000,1558701,0,0,171262
6490,16.5375,1.602,1.607,1.599,0.000,0.298,0.000,1594918,0,0,171262
6491,16.5390,1.584,1.576,1.568,0.000,0.630,0.000,1577399,0,0,171262
6492,16.5409,1.571,1.566,1.558,0.000,0.257,0.000,1564876,0,0,171262
6493,16.5425,1.897,1.601,1.594,0.000,0.249,0.000,1890593,0,0,171262
6494,16.5441,1.635,1.584,1.576,0.000,0.359,0.000,1627867,0,0,171262
6495,16.5469,1.725,1.571,1.564,0.000,0.567,0.000,1718460,0,0,171262
6496,16.5487,2.736,1.898,1.890,0.000,0.313,0.000,2729091,0,0,171262
6497,16.5503,1.683,1.635,1.627,0.000,0.299,0.000,1675608,0,0,171262
6498,16.5519,1.617,1.726,1.717,0.000,0.284,0.000,1610243,0,0,171262
6499,16.5534,1.519,2.736,2.728,0.000,0.253,0.000,1513145,0,0,171262
6500,16.5549,1.525,1.682,1.675,0.000,0.252,0.000,1518529,0,0,171262
6501,16.5565,1.531,1.617,1.609,0.000,0.234,0.000,1524942,0,0,171262
6502,16.5581,1.614,1.519,1.512,0.000,0.237,0.000,1608089,0,0,171262
6503,16.5597,1.636,1.525,1.517,0.000,0.380,0.000,1629268,0,0,171262
6504,16.5613,1.559,1.531,1.524,0.000,0.324,0.000,1551939,0,0,171262
6505,16.5630,1.659,1.614,1.607,0.000,0.629,0.000,1653363,0,0,171262
6506,16.5646,1.673,1.636,1.628,0.000,0.598,0.000,1666239,0,0,171262
6507,16.5662,1.604,1.558,1.551,0.000,0.585,0.000,1598191,0,0,171822
6508,16.5679,1.640,1.660,1.652,0.000,0.627,0.000,1633512,0,0,171318
6509,16.5707,1.679,1.673,1.665,0.000,0.675,0.000,1672538,0,0,171262
6510,16.5725,2.870,1.605,1.597,0.000,0.608,0.000,2863693,0,0,171262
6511,16.5744,1.865,1.640,1.632,0.000,0.656,0.000,1857104,0,0,171262
6512,16.5763,1.842,1.679,1.671,0.000,0.421,0.000,1835118,0,0,171358
6513,16.5783,1.969,2.871,2.863,0.000,0.321,0.000,1961097,0,0,171262
6514,16.5801,1.898,1.864,1.856,0.000,0.723,0.000,1891122,0,0,171262
6515,16.5822,1.956,1.843,1.834,0.000,0.364,0.000,1949401,0,0,171262
6516,16.5841,2.090,1.968,1.960,0.000,0.378,0.000,2082078,0,0,171262
6517,16.5859,1.799,1.898,1.890,0.000,0.391,0.000,1791366,0,0,171262
6518,16.5875,1.680,1.957,1.948,0.000,0.672,0.000,1673156,0,0,171262
6519,16.5892,1.657,2.090,2.081,0.000,0.358,0.000,1649049,0,0,171262
6520,16.5908,1.657,1.798,1.790,0.000,0.280,0.000,1649616,0,0,171262
6521,16.5925,1.639,1.681,1.672,0.000,0.270,0.000,1632729,0,0,171262
6522,16.5942,1.682,1.656,1.648,0.000,0.623,0.000,1674919,0,0,171262
6523,16.5968,1.680,1.656,1.649,0.000,0.680,0.000,1673068,0,0,171262
6524,16.5985,2.616,1.640,1.632,0.000,0.383,0.000,2609284,0,0,171262
6525,16.6002,1.723,1.682,1.674,0.000,0.329,0.000,1716312,0,0,171262
6526,16.6021,1.744,1.680,1.672,0.000,0.311,0.000,1734569,0,0,171262
6527,16.6037,1.806,2.616,2.608,0.000,0.540,0.000,1799555,0,0,171262
6528,16.6054,1.633,1.726,1.715,0.000,0.562,0.000,1625953,0,0,171262
6529,16.6071,1.665,1.741,1.733,0.000,0.302,0.000,1658757,0,0,171262
6530,16.6087,1.681,1.807,1.798,0.000,0.270,0.000,1674071,0,0,171262
6531,16.6103,1.578,1.633,1.625,0.000,0.273,0.000,1571246,0,0,171262
6532,16.6119,1.589,1.666,1.658,0.000,0.282,0.000,1582285,0,0,171262
6533,16.6134,1.588,1.681,1.673,0.000,0.237,0.000,1580916,0,0,171262
6534,16.6150,1.564,1.578,1.570,0.000,0.245,0.000,1556962,0,0,171262
6535,16.6166,1.560,1.589,1.581,0.000,0.233,0.000,1553060,0,0,171262
6536,16.6181,1.569,1.588,1.580,0.000,0.230,0.000,1556093,0,0,171262
6537,16.6215,1.695,1.563,1.556,0.000,0.364,0.000,1688267,0,0,171262
6538,16.6233,3.305,1.566,1.552,0.000,0.290,0.000,3295140,0,0,171262
6539,16.6249,1.735,1.563,1.555,0.000,0.329,0.000,1727697,0,0,171262
6540,16.6264,1.556,1.698,1.687,0.000,0.338,0.000,1549220,0,0,171262
6541,16.6279,1.518,3.302,3.294,0.000,0.323,0.000,1512273,0,0,171262
6542,16.6294,1.531,1.735,1.727,0.000,0.254,0.000,1524804,0,0,171358
6543,16.6309,1.508,1.555,1.548,0.000,0.253,0.000,1501577,0,0,171262
6544,16.6325,1.501,1.518,1.511,0.000,0.242,0.000,1494465,0,0,171262
6545,16.6348,1.738,1.531,1.524,0.000,0.312,0.000,1732463,0,0,171262
6546,16.6364,2.200,1.508,1.500,0.000,0.299,0.000,2189104,0,0,171262
6547,16.6381,1.645,1.501,1.493,0.000,0.650,0.000,1637984,0,0,171262
6548,16.6397,1.608,1.744,1.731,0.000,0.648,0.000,1601142,0,0,171262
6549,16.6413,1.543,2.196,2.187,0.000,0.332,0.000,1537430,0,0,171262
6550,16.6429,1.666,1.645,1.637,0.000,0.303,0.000,1659381,0,0,171262
6551,16.6454,1.548,1.607,1.600,0.000,0.668,0.000,1541422,0,0,171262
6552,16.6472,2.684,1.544,1.536,0.000,0.596,0.000,2677314,0,0,171262
6553,16.6488,1.669,1.666,1.658,0.000,0.606,0.000,1661401,0,0,171262
6554,16.6504,1.638,1.548,1.540,0.000,0.627,0.000,1631522,0,0,171262
6555,16.6519,1.529,2.685,2.676,0.000,0.608,0.000,1522577,0,0,171262
6556,16.6535,1.520,1.668,1.660,0.000,0.416,0.000,1514119,0,0,171262
6557,16.6551,1.595,1.638,1.630,0.000,0.278,0.000,1588351,0,0,171262
6558,16.6567,1.607,1.529,1.521,0.000,0.618,0.000,1599859,0,0,171262
6559,16.6583,1.600,1.521,1.513,0.000,0.314,0.000,1593032,0,0,171262
6560,16.6599,1.645,1.595,1.587,0.000,0.328,0.000,1638528,0,0,171262
6561,16.6616,1.590,1.607,1.599,0.000,0.634,0.000,1582814,0,0,171262
6562,16.6632,1.707,1.600,1.592,0.000,0.354,0.000,1700957,0,0,171262
6563,16.6648,1.601,1.645,1.637,0.000,0.293,0.000,1593713,0,0,171262
6564,16.6664,1.567,1.589,1.582,0.000,0.296,0.000,1560519,0,0,171262
6565,16.6689,1.569,1.708,1.700,0.000,0.259,0.000,1562782,0,0,171262
6566,16.6706,2.569,1.600,1.593,0.000,0.265,0.000,2562733,0,0,171262
6567,16.6722,1.705,1.567,1.559,0.000,0.345,0.000,1697838,0,0,171262
6568,16.6738,1.555,1.569,1.562,0.000,0.326,0.000,1548773,0,0,171262
6569,16.6755,1.610,2.570,2.562,0.000,0.299,0.000,1603752,0,0,171262
6570,16.6772,1.773,1.704,1.697,0.000,0.295,0.000,1766642,0,0,171262
6571,16.6790,1.730,1.555,1.548,0.000,0.613,0.000,1724077,0,0,171262
6572,16.6808,1.761,1.610,1.603,0.000,0.376,0.000,1754108,0,0,171358
6573,16.6824,1.768,1.773,1.766,0.000,0.291,0.000,1761211,0,0,171262
6574,16.6841,1.642,1.731,1.723,0.000,0.304,0.000,1634790,0,0,171262
6575,16.6856,1.576,1.761,1.753,0.000,0.629,0.000,1569450,0,0,171262
6576,16.6873,1.586,1.768,1.760,0.000,0.357,0.000,1579836,0,0,171262
6577,16.6889,1.667,1.641,1.634,0.000,0.321,0.000,1660586,0,0,171262
6578,16.6906,1.656,1.576,1.568,0.000,0.357,0.000,1649557,0,0,171262
6579,16.6933,1.654,1.587,1.579,0.000,0.284,0.000,1647088,0,0,171262
6580,16.6952,2.832,1.667,1.660,0.000,0.351,0.000,2825237,0,0,171262
6581,16.6969,1.793,1.657,1.648,0.000,0.681,0.000,1784440,0,0,171262
6582,16.6985,1.623,1.654,1.646,0.000,0.679,0.000,1616591,0,0,171262
6583,16.7000,1.605,2.833,2.824,0.000,0.612,0.000,1598013,0,0,171262
6584,16.7018,1.610,1.791,1.783,0.000,0.484,0.000,1603481,0,0,171262
6585,16.7034,1.744,1.624,1.615,0.000,0.268,0.000,1737892,0,0,171262
6586,16.7051,1.693,1.604,1.597,0.000,0.251,0.000,1685560,0,0,171262
6587,16.7068,1.653,1.610,1.602,0.000,0.522,0.000,1646467,0,0,171262
6588,16.7084,1.615,1.745,1.737,0.000,0.308,0.000,1608861,0,0,171262
6589,16.7100,1.626,1.692,1.685,0.000,0.298,0.000,1618964,0,0,171262
6590,16.7116,1.632,1.653,1.645,0.000,0.651,0.000,1625234,0,0,171262
6591,16.7132,1.599,1.616,1.608,0.000,0.630,0.000,1592797,0,0,171262
6592,16.7149,1.644,1.626,1.618,0.000,0.440,0.000,1637273,0,0,171262
6593,16.7177,1.690,1.631,1.624,0.000,0.454,0.000,1682291,0,0,171262
6594,16.7196,2.914,1.599,1.592,0.000,0.306,0.000,2907534,0,0,171262
6595,16.7215,1.783,1.644,1.636,0.000,0.303,0.000,1775049,0,0,171262
6596,16.7232,1.961,1.689,1.681,0.000,0.349,0.000,1953647,0,0,171262
6597,16.7249,1.658,2.916,2.906,0.000,0.444,0.000,1650542,0,0,171262
6598,16.7266,1.669,1.782,1.774,0.000,0.675,0.000,1662191,0,0,171262
6599,16.7282,1.618,1.961,1.953,0.000,0.571,0.000,1611313,0,0,171262
6600,16.7298,1.619,1.657,1.649,0.000,0.620,0.000,1612438,0,0,171262
6601,16.7315,1.689,1.669,1.661,0.000,0.606,0.000,1682008,0,0,190353
6602,16.7331,1.660,1.618,1.610,0.000,0.324,0.000,1652927,0,0,171358
6603,16.7348,1.658,1.619,1.611,0.000,0.255,0.000,1651542,0,0,171262
6604,16.7365,1.692,1.689,1.681,0.000,0.394,0.000,1685326,0,0,171262
6605,16.7382,1.718,1.660,1.652,0.000,0.682,0.000,1711797,0,0,171262
6606,16.7399,1.658,1.658,1.650,0.000,0.642,0.000,1651301,0,0,171262
6607,16.7429,1.600,1.692,1.684,0.000,0.364,0.000,1592783,0,0,171262
6608,16.7447,3.162,1.719,1.711,0.000,0.607,0.000,3154894,0,0,171262
6609,16.7463,1.673,1.658,1.650,0.000,0.484,0.000,1665699,0,0,171262
6610,16.7480,1.678,1.600,1.592,0.000,0.362,0.000,1671266,0,0,171262
6611,16.7498,1.764,3.163,3.154,0.000,0.272,0.000,1756340,0,0,171262
6612,16.7517,1.825,1.672,1.665,0.000,0.327,0.000,1818093,0,0,171262
6613,16.7535,1.841,1.679,1.670,0.000,0.317,0.000,1834114,0,0,171262
6614,16.7553,1.839,1.764,1.755,0.000,0.300,0.000,1831527,0,0,171262
6615,16.7571,1.754,1.825,1.817,0.000,0.342,0.000,1746388,0,0,171262
6616,16.7590,1.714,1.842,1.833,0.000,0.316,0.000,1706615,0,0,171262
6617,16.7611,2.160,1.839,1.830,0.000,0.637,0.000,2153473,0,0,171262
6618,16.7630,1.989,1.753,1.745,0.000,0.594,0.000,1981904,0,0,171262
6619,16.7649,1.871,1.714,1.706,0.000,0.376,0.000,1863055,0,0,171262
6620,16.7670,2.025,2.161,2.152,0.000,0.315,0.000,2013938,0,0,171262
6621,16.7701,1.967,1.990,1.981,0.000,0.489,0.000,1957356,0,0,171262
6622,16.7722,3.275,1.874,1.862,0.000,0.482,0.000,3267080,0,0,171262
6623,16.7742,2.032,2.024,2.013,0.000,0.434,0.000,2022239,0,0,171262
6624,16.7762,1.948,1.966,1.956,0.000,0.360,0.000,1939140,0,0,171262
6625,16.7783,2.182,3.276,3.266,0.000,0.726,0.000,2174429,0,0,171262
6626,16.7802,1.917,2.031,2.021,0.000,0.669,0.000,1909225,0,0,171262
6627,16.7823,1.935,1.947,1.938,0.000,0.801,0.000,1927905,0,0,171262
6628,16.7844,2.151,2.182,2.173,0.000,0.680,0.000,2142940,0,0,171262
6629,16.7866,2.177,1.916,1.908,0.000,0.354,0.000,2167461,0,0,171262
6630,16.7885,2.029,1.936,1.927,0.000,0.319,0.000,2019149,0,0,171262
6631,16.7905,1.896,2.152,2.142,0.000,0.738,0.000,1888409,0,0,171262
6632,16.7923,1.894,2.177,2.166,0.000,0.338,0.000,1886734,0,0,171358
6633,16.7940,1.785,2.026,2.018,0.000,0.371,0.000,1778186,0,0,171262
6634,16.7957,1.742,1.896,1.887,0.000,0.701,0.000,1734540,0,0,171262
6635,16.7984,1.685,1.894,1.886,0.000,0.643,0.000,1678504,0,0,171262
6636,16.8002,2.771,1.786,1.777,0.000,0.425,0.000,2763375,0,0,171262
6637,16.8021,1.711,1.741,1.733,0.000,0.317,0.000,1703675,0,0,171262
6638,16.8038,1.915,1.686,1.677,0.000,0.320,0.000,1907267,0,0,171262
6639,16.8055,1.688,2.771,2.762,0.000,0.283,0.000,1680123,0,0,171822
6640,16.8072,1.685,1.711,1.703,0.000,0.608,0.000,1678484,0,0,171318
6641,16.8090,1.768,1.915,1.906,0.000,0.647,0.000,1760948,0,0,171262
6642,16.8107,1.743,1.687,1.679,0.000,0.343,0.000,1735997,0,0,171262
6643,16.8125,1.751,1.685,1.677,0.000,0.360,0.000,1743689,0,0,171262
6644,16.8142,1.727,1.768,1.760,0.000,0.667,0.000,1719467,0,0,171262
6645,16.8160,1.756,1.743,1.735,0.000,0.367,0.000,1748967,0,0,171262
6646,16.8179,1.832,1.751,1.743,0.000,0.328,0.000,1824576,0,0,171262
6647,16.8199,2.006,1.727,1.718,0.000,0.334,0.000,1997457,0,0,171262
6648,16.8225,1.962,1.756,1.748,0.000,0.380,0.000,1953838,0,0,171262
6649,16.8269,3.030,1.833,1.823,0.000,0.366,0.000,3022233,0,0,171262
6650,16.8290,4.182,2.006,1.996,0.000,0.373,0.000,4169838,0,0,171262
6651,16.8308,1.836,1.962,1.953,0.000,0.350,0.000,1827462,0,0,171262
6652,16.8325,1.652,3.035,3.021,0.000,0.476,0.000,1644585,0,0,171262
6653,16.8342,1.746,4.178,4.168,0.000,0.348,0.000,1739682,0,0,171262
6654,16.8360,1.713,1.835,1.826,0.000,0.585,0.000,1706273,0,0,171262
6655,16.8377,1.812,1.652,1.644,0.000,0.274,0.000,1805145,0,0,171262
6656,16.8394,1.712,1.747,1.739,0.000,0.645,0.000,1705338,0,0,171262
6657,16.8413,1.747,1.713,1.705,0.000,0.677,0.000,1740332,0,0,171262
6658,16.8430,1.833,1.812,1.804,0.000,0.684,0.000,1826296,0,0,171262
6659,16.8449,1.782,1.712,1.704,0.000,0.645,0.000,1774233,0,0,171262
6660,16.8465,1.778,1.747,1.739,0.000,0.639,0.000,1771001,0,0,171262
6661,16.8484,1.760,1.834,1.825,0.000,0.529,0.000,1753441,0,0,171262
6662,16.8501,1.762,1.781,1.773,0.000,0.319,0.000,1754871,0,0,171358
6663,16.8530,1.728,1.778,1.770,0.000,0.332,0.000,1720027,0,0,171262
6664,16.8549,3.068,1.761,1.752,0.000,0.307,0.000,3059428,0,0,171262
6665,16.8567,1.800,1.763,1.754,0.000,0.371,0.000,1792549,0,0,171262
6666,16.8583,1.701,1.728,1.719,0.000,0.396,0.000,1693884,0,0,171262
6667,16.8600,1.628,3.068,3.058,0.000,0.658,0.000,1621372,0,0,171262
6668,16.8617,1.639,1.800,1.791,0.000,0.625,0.000,1632160,0,0,171262
6669,16.8633,1.706,1.701,1.693,0.000,0.610,0.000,1699408,0,0,171262
6670,16.8650,1.636,1.628,1.620,0.000,0.628,0.000,1629136,0,0,171262
6671,16.8666,1.674,1.639,1.631,0.000,0.340,0.000,1667429,0,0,171262
6672,16.8683,1.626,1.706,1.698,0.000,0.273,0.000,1617451,0,0,171262
6673,16.8702,1.813,1.636,1.628,0.000,0.331,0.000,1806371,0,0,171262
6674,16.8718,1.739,1.676,1.666,0.000,0.267,0.000,1731153,0,0,171262
6675,16.8736,1.695,1.625,1.616,0.000,0.345,0.000,1688304,0,0,171262
6676,16.8754,1.761,1.814,1.805,0.000,0.275,0.000,1753007,0,0,171262
6677,16.8802,1.824,1.738,1.730,0.000,0.269,0.000,1815782,0,0,171262
6678,16.8827,5.062,1.696,1.687,0.000,0.321,0.000,5055566,0,0,171262
6679,16.8855,3.109,1.761,1.752,0.000,0.255,0.000,3100018,0,0,171822
6680,16.8874,2.023,1.823,1.814,0.000,0.284,0.000,2011580,0,0,171318
6681,16.8892,1.848,5.066,5.054,0.000,0.380,0.000,1840374,0,0,171262
6682,16.8909,1.748,3.111,3.097,0.000,0.332,0.000,1740214,0,0,171262
6683,16.8926,1.670,2.018,2.009,0.000,0.291,0.000,1663277,0,0,171262
6684,16.8942,1.641,1.848,1.839,0.000,0.261,0.000,1633706,0,0,171262
6685,16.8959,1.676,1.747,1.739,0.000,0.353,0.000,1668668,0,0,171262
6686,16.8979,1.904,1.670,1.662,0.000,0.342,0.000,1897295,0,0,171262
6687,16.8997,1.893,1.641,1.632,0.000,0.336,0.000,1884818,0,0,171262
6688,16.9017,1.773,1.675,1.667,0.000,0.384,0.000,1766190,0,0,171262
6689,16.9036,2.045,1.906,1.896,0.000,0.347,0.000,2037357,0,0,171262
6690,16.9053,1.791,1.892,1.883,0.000,0.340,0.000,1782883,0,0,171262
6691,16.9072,1.766,1.774,1.765,0.000,0.323,0.000,1758630,0,0,171262
6692,16.9100,1.913,2.046,2.036,0.000,0.369,0.000,1905261,0,0,171358
6693,16.9119,2.841,1.790,1.782,0.000,0.366,0.000,2833171,0,0,171262
6694,16.9136,1.757,1.766,1.757,0.000,0.422,0.000,1748918,0,0,171262
6695,16.9152,1.639,1.914,1.904,0.000,0.334,0.000,1632401,0,0,171262
6696,16.9169,1.677,2.841,2.832,0.000,0.277,0.000,1669601,0,0,171262
6697,16.9190,1.905,1.756,1.748,0.000,0.245,0.000,1898144,0,0,171262
6698,16.9217,2.064,1.640,1.631,0.000,0.436,0.000,2055424,0,0,171262
6699,16.9236,2.659,1.677,1.668,0.000,0.816,0.000,2650518,0,0,171262
6700,16.9252,1.734,1.907,1.897,0.000,0.590,0.000,1726510,0,0,171262
6701,16.9269,1.649,2.064,2.054,0.000,0.359,0.000,1642354,0,0,171262
6702,16.9285,1.612,2.658,2.649,0.000,0.288,0.000,1605084,0,0,171262
6703,16.9302,1.633,1.733,1.725,0.000,0.277,0.000,1626378,0,0,171262
6704,16.9320,1.823,1.649,1.641,0.000,0.358,0.000,1816506,0,0,171262
6705,16.9338,1.775,1.612,1.604,0.000,0.342,0.000,1767876,0,0,171262
6706,16.9373,1.857,1.633,1.625,0.000,0.367,0.000,1849853,0,0,171262
6707,16.9395,3.707,1.824,1.815,0.000,0.329,0.000,3698630,0,0,171262
6708,16.9415,1.991,1.775,1.767,0.000,0.390,0.000,1981028,0,0,171262
6709,16.9432,1.899,1.858,1.849,0.000,0.748,0.000,1891377,0,0,171262
6710,16.9449,1.676,3.709,3.697,0.000,0.658,0.000,1669231,0,0,171262
6711,16.9466,1.692,1.988,1.980,0.000,0.307,0.000,1685061,0,0,171262
6712,16.9483,1.746,1.898,1.890,0.000,0.280,0.000,1738484,0,0,171262
6713,16.9501,1.732,1.676,1.668,0.000,0.330,0.000,1725231,0,0,171262
6714,16.9520,1.891,1.692,1.684,0.000,0.306,0.000,1883350,0,0,171262
6715,16.9538,1.832,1.745,1.737,0.000,0.318,0.000,1824460,0,0,171262
6716,16.9556,1.791,1.733,1.724,0.000,0.357,0.000,1783946,0,0,171262
6717,16.9573,1.693,1.891,1.882,0.000,0.655,0.000,1685878,0,0,171262
6718,16.9591,1.811,1.832,1.823,0.000,0.635,0.000,1803997,0,0,171262
6719,16.9609,1.676,1.791,1.783,0.000,0.367,0.000,1668952,0,0,171262
6720,16.9639,2.103,1.693,1.685,0.000,0.705,0.000,2097228,0,0,171262
6721,16.9658,2.855,1.811,1.803,0.000,0.583,0.000,2846497,0,0,190353
6722,16.9684,2.166,1.675,1.668,0.000,0.351,0.000,2157659,0,0,171358
6723,16.9703,2.402,2.105,2.096,0.000,0.677,0.000,2391310,0,0,171262
6724,16.9719,1.690,2.855,2.845,0.000,0.607,0.000,1683345,0,0,171262
6725,16.9741,1.730,2.168,2.156,0.000,0.693,0.000,1723490,0,0,171262
6726,16.9758,2.152,2.398,2.390,0.000,0.596,0.000,2142819,0,0,171262
6727,16.9774,1.620,1.690,1.682,0.000,0.326,0.000,1613727,0,0,171262
6728,16.9791,1.632,1.733,1.723,0.000,0.274,0.000,1625166,0,0,171262
6729,16.9809,1.688,2.149,2.141,0.000,0.316,0.000,1681811,0,0,171262
6730,16.9827,1.900,1.621,1.612,0.000,0.663,0.000,1891056,0,0,171262
6731,16.9851,1.970,1.632,1.624,0.000,0.430,0.000,1960203,0,0,171262
6732,16.9868,2.181,1.691,1.681,0.000,0.427,0.000,2171448,0,0,171262
6733,16.9884,1.593,1.900,1.890,0.000,0.309,0.000,1586348,0,0,171262
6734,16.9909,1.550,1.970,1.959,0.000,0.318,0.000,1543702,0,0,171262
6735,16.9925,2.552,2.178,2.170,0.000,0.308,0.000,2546090,0,0,171262
6736,16.9941,1.639,1.593,1.585,0.000,0.281,0.000,1632890,0,0,171262
6737,16.9956,1.541,1.550,1.543,0.000,0.604,0.000,1533691,0,0,171262
6738,16.9972,1.544,2.552,2.545,0.000,0.305,0.000,1537345,0,0,171262
6739,16.9988,1.618,1.640,1.632,0.000,0.313,0.000,1611737,0,0,171262
6740,17.0005,1.604,1.540,1.532,0.000,0.259,0.000,1597019,0,0,171262
6741,17.0021,1.708,1.543,1.536,0.000,0.269,0.000,1701694,0,0,171262
6742,17.0037,1.620,1.618,1.611,0.000,0.312,0.000,1612989,0,0,171262
6743,17.0053,1.549,1.604,1.596,0.000,0.624,0.000,1542314,0,0,171262
6744,17.0068,1.550,1.709,1.701,0.000,0.275,0.000,1543143,0,0,171262
6745,17.0085,1.584,1.620,1.612,0.000,0.243,0.000,1577071,0,0,171262
6746,17.0101,1.638,1.549,1.541,0.000,0.250,0.000,1631686,0,0,171262
6747,17.0117,1.612,1.550,1.542,0.000,0.239,0.000,1605470,0,0,171262
6748,17.0143,2.561,1.583,1.576,0.000,0.245,0.000,2554468,0,0,171262
6749,17.0158,1.617,1.638,1.631,0.000,0.333,0.000,1610732,0,0,171262
6750,17.0176,1.622,1.612,1.604,0.000,0.274,0.000,1616227,0,0,171262
6751,17.0193,1.723,2.561,2.553,0.000,0.252,0.000,1714212,0,0,171262
6752,17.0209,1.642,1.617,1.610,0.000,0.436,0.000,1633250,0,0,171358
6753,17.0225,1.633,1.625,1.615,0.000,0.551,0.000,1626497,0,0,171262
6754,17.0240,1.533,1.723,1.713,0.000,0.285,0.000,1525950,0,0,171262
6755,17.0256,1.552,1.640,1.632,0.000,0.254,0.000,1545569,0,0,171262
6756,17.0271,1.570,1.633,1.625,0.000,0.242,0.000,1563473,0,0,171262
6757,17.0289,1.658,1.532,1.525,0.000,0.641,0.000,1651753,0,0,171262
6758,17.0305,1.709,1.552,1.545,0.000,0.478,0.000,1700572,0,0,171262
6759,17.0321,1.576,1.570,1.563,0.000,0.433,0.000,1569757,0,0,171262
6760,17.0337,1.615,1.660,1.651,0.000,0.349,0.000,1608241,0,0,171262
6761,17.0364,1.737,1.707,1.699,0.000,0.312,0.000,1729730,0,0,171262
6762,17.0381,2.623,1.576,1.569,0.000,0.310,0.000,2616126,0,0,171262
6763,17.0397,1.638,1.615,1.607,0.000,0.310,0.000,1631672,0,0,171262
6764,17.0413,1.556,1.737,1.729,0.000,0.300,0.000,1549501,0,0,171262
6765,17.0429,1.653,2.623,2.615,0.000,0.327,0.000,1645931,0,0,171262
6766,17.0445,1.590,1.638,1.631,0.000,0.254,0.000,1582878,0,0,171262
6767,17.0462,1.657,1.556,1.548,0.000,0.623,0.000,1651227,0,0,171262
6768,17.0479,1.718,1.653,1.645,0.000,0.625,0.000,1711468,0,0,171262
6769,17.0497,1.722,1.589,1.582,0.000,0.365,0.000,1715676,0,0,171262
6770,17.0514,1.757,1.658,1.650,0.000,0.319,0.000,1750033,0,0,171262
6771,17.0531,1.717,1.718,1.710,0.000,0.334,0.000,1710485,0,0,171262
6772,17.0549,1.710,1.723,1.715,0.000,0.648,0.000,1703540,0,0,171262
6773,17.0569,1.842,1.757,1.749,0.000,0.632,0.000,1834210,0,0,171262
6774,17.0591,2.203,1.717,1.709,0.000,0.381,0.000,2195621,0,0,171262
6775,17.0622,1.990,1.711,1.702,0.000,0.339,0.000,1981454,0,0,171262
6776,17.0641,3.140,1.842,1.833,0.000,0.636,0.000,3132510,0,0,171262
6777,17.0660,1.934,2.204,2.195,0.000,0.365,0.000,1925647,0,0,171262
6778,17.0678,1.872,1.989,1.980,0.000,0.321,0.000,1864482,0,0,171262
6779,17.0696,1.765,3.141,3.131,0.000,0.304,0.000,1755599,0,0,171262
6780,17.0714,1.752,1.933,1.924,0.000,0.324,0.000,1744099,0,0,171262
6781,17.0732,1.797,1.874,1.863,0.000,0.496,0.000,1789587,0,0,171262
6782,17.0750,1.815,1.763,1.754,0.000,0.291,0.000,1807179,0,0,171358
6783,17.0766,1.712,1.751,1.743,0.000,0.278,0.000,1704087,0,0,171262
6784,17.0783,1.665,1.797,1.788,0.000,0.652,0.000,1657609,0,0,171262
6785,17.0800,1.669,1.815,1.806,0.000,0.618,0.000,1662078,0,0,171262
6786,17.0818,1.722,1.711,1.703,0.000,0.619,0.000,1714918,0,0,171262
6787,17.0834,1.749,1.665,1.656,0.000,0.379,0.000,1741722,0,0,171262
6788,17.0850,1.626,1.669,1.661,0.000,0.318,0.000,1618307,0,0,171262
6789,17.0876,1.612,1.722,1.714,0.000,0.562,0.000,1605438,0,0,171262
6790,17.0893,2.600,1.749,1.741,0.000,0.291,0.000,2593289,0,0,171262
6791,17.0910,1.715,1.625,1.617,0.000,0.248,0.000,1707984,0,0,171262
6792,17.0926,1.612,1.612,1.604,0.000,0.271,0.000,1605604,0,0,171262
6793,17.0942,1.637,2.600,2.592,0.000,0.623,0.000,1630335,0,0,171262
6794,17.0958,1.611,1.715,1.707,0.000,0.344,0.000,1604424,0,0,171262
6795,17.0973,1.558,1.612,1.605,0.000,0.278,0.000,1551216,0,0,171262
6796,17.0989,1.524,1.637,1.629,0.000,0.623,0.000,1517804,0,0,171262
6797,17.1005,1.524,1.611,1.603,0.000,0.595,0.000,1517476,0,0,171262
6798,17.1022,1.718,1.557,1.550,0.000,0.578,0.000,1712033,0,0,171262
6799,17.1039,1.680,1.524,1.517,0.000,0.637,0.000,1672979,0,0,171262
6800,17.1055,1.716,1.524,1.516,0.000,0.604,0.000,1707150,0,0,171262
6801,17.1072,1.643,1.719,1.711,0.000,0.447,0.000,1636137,0,0,171262
6802,17.1089,1.699,1.682,1.672,0.000,0.386,0.000,1692287,0,0,171262
6803,17.1119,1.663,1.714,1.706,0.000,0.326,0.000,1655293,0,0,171262
6804,17.1139,3.192,1.643,1.635,0.000,0.304,0.000,3185153,0,0,171262
6805,17.1156,1.827,1.699,1.691,0.000,0.354,0.000,1818408,0,0,171262
6806,17.1174,1.740,1.663,1.654,0.000,0.715,0.000,1733496,0,0,171262
6807,17.1191,1.722,3.193,3.184,0.000,0.659,0.000,1715143,0,0,171262
6808,17.1209,1.680,1.825,1.817,0.000,0.669,0.000,1673200,0,0,171262
6809,17.1225,1.757,1.741,1.732,0.000,0.364,0.000,1750544,0,0,171262
6810,17.1241,1.656,1.722,1.714,0.000,0.322,0.000,1648083,0,0,171262
6811,17.1257,1.597,1.680,1.672,0.000,0.660,0.000,1590345,0,0,171262
6812,17.1273,1.584,1.758,1.749,0.000,0.480,0.000,1577706,0,0,171358
6813,17.1288,1.556,1.655,1.647,0.000,0.328,0.000,1549557,0,0,171262
6814,17.1304,1.577,1.597,1.589,0.000,0.423,0.000,1570804,0,0,171262
6815,17.1320,1.565,1.584,1.577,0.000,0.324,0.000,1558427,0,0,171262
6816,17.1336,1.578,1.556,1.548,0.000,0.277,0.000,1571911,0,0,171262
6817,17.1362,1.604,1.577,1.570,0.000,0.421,0.000,1596813,0,0,171262
6818,17.1382,2.732,1.565,1.557,0.000,0.579,0.000,2725249,0,0,171262
6819,17.1399,1.978,1.584,1.571,0.000,0.636,0.000,1969421,0,0,171262
6820,17.1416,1.605,1.598,1.591,0.000,0.654,0.000,1598879,0,0,171262
6821,17.1432,1.686,2.734,2.724,0.000,0.620,0.000,1679129,0,0,171262
6822,17.1448,1.566,1.976,1.968,0.000,0.305,0.000,1558567,0,0,171262
6823,17.1463,1.597,1.606,1.598,0.000,0.320,0.000,1590391,0,0,171262
6824,17.1479,1.606,1.686,1.678,0.000,0.265,0.000,1598524,0,0,171262
6825,17.1495,1.545,1.565,1.558,0.000,0.267,0.000,1538401,0,0,171262
6826,17.1511,1.608,1.598,1.589,0.000,0.274,0.000,1601374,0,0,171262
6827,17.1527,1.592,1.605,1.597,0.000,0.475,0.000,1585978,0,0,171262
6828,17.1543,1.609,1.545,1.537,0.000,0.270,0.000,1602737,0,0,171262
6829,17.1558,1.558,1.608,1.600,0.000,0.599,0.000,1551421,0,0,171262
6830,17.1574,1.579,1.593,1.585,0.000,0.623,0.000,1572695,0,0,171262
6831,17.1599,1.580,1.609,1.602,0.000,0.597,0.000,1573013,0,0,171262
6832,17.1618,2.583,1.558,1.550,0.000,0.610,0.000,2576226,0,0,171262
6833,17.1634,1.762,1.579,1.571,0.000,0.495,0.000,1754947,0,0,171262
6834,17.1649,1.588,1.580,1.572,0.000,0.422,0.000,1580898,0,0,171262
6835,17.1665,1.545,2.583,2.575,0.000,0.328,0.000,1539196,0,0,171262
6836,17.1680,1.554,1.762,1.754,0.000,0.273,0.000,1546775,0,0,171262
6837,17.1696,1.571,1.587,1.580,0.000,0.645,0.000,1565044,0,0,171262
6838,17.1712,1.573,1.546,1.538,0.000,0.602,0.000,1566403,0,0,171262
6839,17.1728,1.587,1.553,1.546,0.000,0.273,0.000,1579884,0,0,171262
6840,17.1743,1.569,1.571,1.564,0.000,0.637,0.000,1562255,0,0,171262
6841,17.1761,1.640,1.573,1.565,0.000,0.335,0.000,1633450,0,0,190353
6842,17.1776,1.649,1.586,1.579,0.000,0.389,0.000,1642355,0,0,171358
6843,17.1792,1.568,1.569,1.561,0.000,0.296,0.000,1561057,0,0,171262
6844,17.1808,1.560,1.640,1.632,0.000,0.303,0.000,1553266,0,0,171262
6845,17.1834,1.663,1.649,1.641,0.000,0.599,0.000,1656388,0,0,171262
6846,17.1850,2.602,1.568,1.560,0.000,0.601,0.000,2596037,0,0,171262
6847,17.1866,1.606,1.560,1.552,0.000,0.526,0.000,1599947,0,0,171262
6848,17.1883,1.621,1.663,1.655,0.000,0.598,0.000,1614391,0,0,171262
6849,17.1900,1.674,2.602,2.595,0.000,0.628,0.000,1667824,0,0,171262
6850,17.1917,1.730,1.606,1.599,0.000,0.324,0.000,1723272,0,0,171262
6851,17.1933,1.631,1.621,1.613,0.000,0.617,0.000,1624097,0,0,171822
6852,17.1949,1.605,1.675,1.667,0.000,0.639,0.000,1598500,0,0,171318
6853,17.1965,1.575,1.730,1.722,0.000,0.621,0.000,1568665,0,0,171262
6854,17.1981,1.584,1.630,1.623,0.000,0.593,0.000,1577336,0,0,171262
6855,17.1996,1.593,1.605,1.598,0.000,0.358,0.000,1585883,0,0,171262
6856,17.2014,1.596,1.575,1.568,0.000,0.275,0.000,1590269,0,0,171262
6857,17.2032,1.880,1.584,1.576,0.000,0.287,0.000,1873196,0,0,171262
6858,17.2049,1.778,1.592,1.585,0.000,0.322,0.000,1770795,0,0,171262
6859,17.2078,1.700,1.597,1.589,0.000,0.686,0.000,1693002,0,0,171262
6860,17.2098,2.995,1.881,1.872,0.000,0.353,0.000,2988077,0,0,171262
6861,17.2116,1.884,1.778,1.770,0.000,0.369,0.000,1873446,0,0,171262
6862,17.2132,1.745,1.700,1.692,0.000,0.417,0.000,1737173,0,0,171262
6863,17.2149,1.637,2.998,2.987,0.000,0.363,0.000,1629712,0,0,171262
6864,17.2165,1.658,1.881,1.872,0.000,0.309,0.000,1651968,0,0,171262
6865,17.2182,1.624,1.744,1.736,0.000,0.315,0.000,1616910,0,0,171262
6866,17.2198,1.664,1.636,1.629,0.000,0.631,0.000,1657780,0,0,171262
6867,17.2216,1.633,1.659,1.651,0.000,0.664,0.000,1627164,0,0,171262
6868,17.2233,1.798,1.623,1.616,0.000,0.668,0.000,1791489,0,0,171262
6869,17.2249,1.670,1.664,1.657,0.000,0.360,0.000,1662549,0,0,171262
6870,17.2266,1.653,1.634,1.626,0.000,0.291,0.000,1646746,0,0,171262
6871,17.2291,2.009,1.799,1.790,0.000,0.339,0.000,2002156,0,0,171262
6872,17.2308,2.149,1.669,1.661,0.000,0.287,0.000,2130159,0,0,171358
6873,17.2335,1.693,1.653,1.646,0.000,0.277,0.000,1685609,0,0,171262
6874,17.2352,2.759,2.022,2.001,0.000,0.281,0.000,2752652,0,0,171262
6875,17.2371,1.782,2.136,2.127,0.000,0.306,0.000,1775242,0,0,171262
6876,17.2390,1.942,1.692,1.684,0.000,0.281,0.000,1934275,0,0,171262
6877,17.2410,1.821,2.760,2.751,0.000,0.317,0.000,1813246,0,0,171262
6878,17.2434,2.374,1.783,1.774,0.000,0.356,0.000,2366691,0,0,171262
6879,17.2452,1.988,1.942,1.933,0.000,0.296,0.000,1977292,0,0,171262
6880,17.2470,1.830,1.821,1.812,0.000,0.291,0.000,1822673,0,0,171262
6881,17.2487,1.727,2.378,2.365,0.000,0.679,0.000,1720323,0,0,171262
6882,17.2504,1.719,1.984,1.976,0.000,0.553,0.000,1712300,0,0,171262
6883,17.2523,1.819,1.830,1.822,0.000,0.302,0.000,1812142,0,0,171262
6884,17.2540,1.775,1.727,1.719,0.000,0.281,0.000,1767922,0,0,171262
6885,17.2558,1.744,1.719,1.711,0.000,0.334,0.000,1737298,0,0,171262
6886,17.2575,1.723,1.819,1.811,0.000,0.327,0.000,1715970,0,0,171262
6887,17.2603,1.701,1.775,1.767,0.000,0.296,0.000,1694421,0,0,171262
6888,17.2625,3.091,1.744,1.736,0.000,0.274,0.000,3084844,0,0,171262
6889,17.2643,1.995,1.723,1.715,0.000,0.285,0.000,1986036,0,0,171262
6890,17.2661,1.823,1.701,1.693,0.000,0.345,0.000,1814983,0,0,171262
6891,17.2679,1.805,3.094,3.084,0.000,0.320,0.000,1797940,0,0,171262
6892,17.2699,1.910,1.994,1.984,0.000,0.360,0.000,1903069,0,0,171262
6893,17.2716,1.804,1.822,1.814,0.000,0.315,0.000,1796974,0,0,171262
6894,17.2734,1.753,1.805,1.797,0.000,0.389,0.000,1746473,0,0,171262
6895,17.2751,1.741,1.910,1.902,0.000,0.376,0.000,1733889,0,0,171262
6896,17.2767,1.638,1.804,1.796,0.000,0.293,0.000,1631544,0,0,171262
6897,17.2784,1.629,1.754,1.745,0.000,0.682,0.000,1621756,0,0,171262
6898,17.2800,1.648,1.741,1.733,0.000,0.631,0.000,1641555,0,0,171262
6899,17.2818,1.652,1.639,1.630,0.000,0.614,0.000,1645867,0,0,171262
6900,17.2835,1.841,1.628,1.621,0.000,0.557,0.000,1834755,0,0,171262
6901,17.2862,1.726,1.648,1.640,0.000,0.594,0.000,1718365,0,0,171262
6902,17.2880,2.748,1.652,1.645,0.000,0.567,0.000,2741021,0,0,171358
6903,17.2895,1.621,1.842,1.834,0.000,0.289,0.000,1613677,0,0,171262
6904,17.2911,1.571,1.725,1.717,0.000,0.275,0.000,1564964,0,0,171262
6905,17.2927,1.593,2.748,2.740,0.000,0.256,0.000,1586297,0,0,171262
6906,17.2943,1.598,1.620,1.613,0.000,0.267,0.000,1591177,0,0,171262
6907,17.2959,1.603,1.572,1.564,0.000,0.252,0.000,1595967,0,0,171262
6908,17.2975,1.626,1.593,1.585,0.000,0.236,0.000,1619941,0,0,171262
6909,17.2992,1.621,1.598,1.590,0.000,0.339,0.000,1614858,0,0,171262
6910,17.3010,1.692,1.602,1.595,0.000,0.312,0.000,1685218,0,0,171262
6911,17.3026,1.709,1.626,1.619,0.000,0.348,0.000,1702435,0,0,171262
6912,17.3042,1.649,1.622,1.614,0.000,0.660,0.000,1642694,0,0,171262
6913,17.3059,1.627,1.692,1.684,0.000,0.623,0.000,1620837,0,0,171262
6914,17.3075,1.684,1.709,1.701,0.000,0.666,0.000,1677648,0,0,171262
6915,17.3101,1.602,1.649,1.642,0.000,0.284,0.000,1595669,0,0,171262
6916,17.3117,2.615,1.627,1.620,0.000,0.266,0.000,2608393,0,0,171262
6917,17.3133,1.585,1.684,1.677,0.000,0.659,0.000,1578300,0,0,171262
6918,17.3150,1.647,1.602,1.595,0.000,0.368,0.000,1640804,0,0,171262
6919,17.3166,1.585,2.615,2.607,0.000,0.308,0.000,1578494,0,0,171262
6920,17.3184,1.751,1.585,1.577,0.000,0.274,0.000,1744807,0,0,171262
6921,17.3200,1.679,1.647,1.640,0.000,0.262,0.000,1672013,0,0,171262
6922,17.3218,1.623,1.585,1.577,0.000,0.266,0.000,1616578,0,0,171262
6923,17.3235,1.812,1.751,1.744,0.000,0.257,0.000,1806177,0,0,171262
6924,17.3252,1.758,1.679,1.671,0.000,0.276,0.000,1751164,0,0,171262
6925,17.3270,1.707,1.623,1.615,0.000,0.281,0.000,1700542,0,0,171262
6926,17.3289,1.813,1.813,1.805,0.000,0.326,0.000,1806096,0,0,171262
6927,17.3307,1.920,1.758,1.750,0.000,0.662,0.000,1910222,0,0,171262
6928,17.3326,1.833,1.708,1.699,0.000,0.482,0.000,1826347,0,0,171262
6929,17.3356,1.884,1.815,1.805,0.000,0.376,0.000,1873811,0,0,171262
6930,17.3377,3.129,1.917,1.909,0.000,0.466,0.000,3119544,0,0,171262
6931,17.3397,2.035,1.836,1.825,0.000,0.456,0.000,2023597,0,0,171262
6932,17.3416,1.917,1.883,1.872,0.000,0.520,0.000,1906672,0,0,171358
6933,17.3435,1.936,3.131,3.118,0.000,0.474,0.000,1928170,0,0,171262
6934,17.3453,1.881,2.034,2.022,0.000,0.368,0.000,1872748,0,0,171262
6935,17.3472,1.830,1.915,1.905,0.000,0.303,0.000,1821975,0,0,171262
6936,17.3491,1.857,1.936,1.927,0.000,0.331,0.000,1848767,0,0,171822
6937,17.3509,1.823,1.881,1.872,0.000,0.356,0.000,1815765,0,0,171318
6938,17.3526,1.801,1.830,1.821,0.000,0.356,0.000,1794155,0,0,171262
6939,17.3544,1.800,1.856,1.848,0.000,0.715,0.000,1792351,0,0,171262
6940,17.3562,1.756,1.823,1.815,0.000,0.384,0.000,1749235,0,0,171262
6941,17.3578,1.689,1.802,1.793,0.000,0.672,0.000,1681545,0,0,171262
6942,17.3595,1.688,1.799,1.791,0.000,0.688,0.000,1681319,0,0,171262
6943,17.3623,1.671,1.756,1.748,0.000,0.338,0.000,1663709,0,0,171262
6944,17.3641,2.863,1.689,1.680,0.000,0.271,0.000,2855718,0,0,171262
6945,17.3659,1.785,1.689,1.680,0.000,0.277,0.000,1776644,0,0,171262
6946,17.3675,1.723,1.671,1.663,0.000,0.660,0.000,1716050,0,0,171262
6947,17.3692,1.635,2.864,2.855,0.000,0.350,0.000,1628084,0,0,171262
6948,17.3709,1.665,1.784,1.775,0.000,0.276,0.000,1658182,0,0,171262
6949,17.3725,1.678,1.723,1.715,0.000,0.368,0.000,1671259,0,0,171262
6950,17.3743,1.692,1.635,1.627,0.000,0.318,0.000,1685732,0,0,171262
6951,17.3760,1.763,1.664,1.657,0.000,0.614,0.000,1755675,0,0,171262
6952,17.3778,1.741,1.678,1.670,0.000,0.321,0.000,1734198,0,0,171262
6953,17.3796,1.782,1.693,1.685,0.000,0.313,0.000,1775629,0,0,171262
6954,17.3815,1.861,1.763,1.755,0.000,0.423,0.000,1853790,0,0,171262
6955,17.3833,1.879,1.741,1.733,0.000,0.359,0.000,1871418,0,0,171262
6956,17.3850,1.773,1.783,1.774,0.000,0.361,0.000,1765035,0,0,171262
6957,17.3897,1.694,1.861,1.853,0.000,0.341,0.000,1686734,0,0,171262
6958,17.3922,5.096,1.879,1.870,0.000,0.353,0.000,5089912,0,0,171262
6959,17.3948,2.886,1.772,1.764,0.000,0.316,0.000,2875658,0,0,171262
6960,17.3965,1.770,1.693,1.686,0.000,0.739,0.000,1760675,0,0,171262
6961,17.3982,1.721,5.101,5.089,0.000,0.353,0.000,1714089,0,0,190353
6962,17.3998,1.655,2.886,2.874,0.000,0.329,0.000,1648721,0,0,171358
6963,17.4015,1.567,1.766,1.758,0.000,0.257,0.000,1560856,0,0,171262
6964,17.4031,1.748,1.721,1.713,0.000,0.248,0.000,1741388,0,0,171262
6965,17.4047,1.578,1.655,1.647,0.000,0.249,0.000,1570882,0,0,171262
6966,17.4063,1.608,1.568,1.560,0.000,0.234,0.000,1602458,0,0,171262
6967,17.4079,1.568,1.748,1.740,0.000,0.280,0.000,1561511,0,0,171262
6968,17.4094,1.564,1.577,1.570,0.000,0.669,0.000,1558103,0,0,171262
6969,17.4111,1.604,1.609,1.601,0.000,0.601,0.000,1597421,0,0,171262
6970,17.4127,1.630,1.568,1.560,0.000,0.616,0.000,1622935,0,0,171262
6971,17.4143,1.587,1.564,1.557,0.000,0.559,0.000,1580789,0,0,171262
6972,17.4169,1.634,1.604,1.596,0.000,0.624,0.000,1627300,0,0,171262
6973,17.4186,2.612,1.629,1.622,0.000,0.358,0.000,2605445,0,0,171262
6974,17.4203,1.726,1.587,1.580,0.000,0.266,0.000,1718555,0,0,171262
6975,17.4220,1.657,1.634,1.626,0.000,0.289,0.000,1650708,0,0,171262
6976,17.4236,1.733,2.613,2.604,0.000,0.262,0.000,1726060,0,0,171262
6977,17.4253,1.650,1.725,1.718,0.000,0.617,0.000,1643114,0,0,171262
6978,17.4270,1.659,1.658,1.650,0.000,0.359,0.000,1652708,0,0,171262
6979,17.4286,1.639,1.733,1.725,0.000,0.607,0.000,1632697,0,0,171262
6980,17.4302,1.606,1.649,1.642,0.000,0.462,0.000,1599370,0,0,171262
6981,17.4318,1.596,1.660,1.652,0.000,0.293,0.000,1585991,0,0,171262
6982,17.4333,1.552,1.639,1.632,0.000,0.260,0.000,1545877,0,0,171262
6983,17.4349,1.573,1.610,1.598,0.000,0.240,0.000,1566349,0,0,171262
6984,17.4364,1.550,1.593,1.585,0.000,0.256,0.000,1543716,0,0,171262
6985,17.4380,1.561,1.553,1.545,0.000,0.246,0.000,1554828,0,0,171262
6986,17.4405,1.580,1.573,1.565,0.000,0.241,0.000,1573505,0,0,171262
6987,17.4424,2.590,1.550,1.543,0.000,0.260,0.000,2584042,0,0,171262
6988,17.4444,2.040,1.562,1.554,0.000,0.234,0.000,2033251,0,0,171262
6989,17.4462,1.909,1.580,1.572,0.000,0.371,0.000,1897092,0,0,171262
6990,17.4478,1.655,2.591,2.583,0.000,0.401,0.000,1648010,0,0,171262
6991,17.4495,1.681,2.045,2.032,0.000,0.650,0.000,1675023,0,0,171262
6992,17.4512,1.694,1.904,1.896,0.000,0.344,0.000,1687954,0,0,171358
6993,17.4529,1.665,1.654,1.647,0.000,0.496,0.000,1659229,0,0,171262
6994,17.4545,1.661,1.681,1.674,0.000,0.279,0.000,1654381,0,0,171262
6995,17.4562,1.685,1.694,1.687,0.000,0.257,0.000,1678030,0,0,171262
6996,17.4578,1.616,1.666,1.658,0.000,0.291,0.000,1609653,0,0,171262
6997,17.4595,1.650,1.661,1.653,0.000,0.388,0.000,1643365,0,0,171262
6998,17.4613,1.662,1.684,1.677,0.000,0.290,0.000,1655508,0,0,171262
6999,17.4629,1.794,1.616,1.609,0.000,0.278,0.000,1787656,0,0,171262
7000,17.4656,1.644,1.650,1.642,0.000,0.305,0.000,1637317,0,0,171262
7001,17.4673,2.703,1.662,1.654,0.000,0.279,0.000,2696235,0,0,171262
7002,17.4690,1.714,1.794,1.786,0.000,0.273,0.000,1705799,0,0,171262
7003,17.4706,1.597,1.644,1.636,0.000,0.377,0.000,1590433,0,0,171262
7004,17.4723,1.651,2.704,2.695,0.000,0.281,0.000,1643608,0,0,171262
7005,17.4739,1.710,1.712,1.705,0.000,0.347,0.000,1703356,0,0,171262
7006,17.4755,1.622,1.598,1.589,0.000,0.254,0.000,1615474,0,0,171262
7007,17.4772,1.605,1.650,1.642,0.000,0.259,0.000,1598786,0,0,171262
7008,17.4788,1.644,1.710,1.702,0.000,0.253,0.000,1637503,0,0,171262
7009,17.4805,1.601,1.622,1.614,0.000,0.250,0.000,1594591,0,0,171262
7010,17.4820,1.679,1.606,1.598,0.000,0.252,0.000,1668024,0,0,171262
7011,17.4835,1.527,1.644,1.636,0.000,0.251,0.000,1520360,0,0,171262
7012,17.4851,1.513,1.606,1.593,0.000,0.244,0.000,1506525,0,0,171262
7013,17.4866,1.536,1.675,1.667,0.000,0.242,0.000,1529537,0,0,171262
7014,17.4902,1.831,1.527,1.519,0.000,0.257,0.000,1824745,0,0,171262
7015,17.4930,3.771,1.513,1.505,0.000,0.244,0.000,3763413,0,0,171262
7016,17.4965,3.324,1.536,1.528,0.000,0.432,0.000,3312860,0,0,171262
7017,17.5001,3.487,1.833,1.824,0.000,0.495,0.000,3473819,0,0,171262
7018,17.5030,3.335,3.774,3.762,0.000,0.563,0.000,3320851,0,0,171262
7019,17.5059,2.882,3.327,3.311,0.000,0.485,0.000,2872416,0,0,171262
7020,17.5087,2.978,3.492,3.471,0.000,0.583,0.000,2963118,0,0,171262
7021,17.5110,2.361,3.327,3.314,0.000,0.670,0.000,2350117,0,0,171262
7022,17.5130,2.186,2.886,2.871,0.000,0.459,0.000,2176405,0,0,171358
7023,17.5150,1.962,2.974,2.961,0.000,0.471,0.000,1953628,0,0,171822
7024,17.5169,1.983,2.359,2.348,0.000,0.376,0.000,1974539,0,0,171318
7025,17.5187,1.824,2.184,2.175,0.000,0.709,0.000,1816559,0,0,171262
7026,17.5206,1.826,1.962,1.952,0.000,0.386,0.000,1817898,0,0,171262
7027,17.5223,1.868,1.982,1.973,0.000,0.322,0.000,1859889,0,0,171262
7028,17.5252,2.734,1.824,1.815,0.000,0.354,0.000,2726851,0,0,171262
7029,17.5269,1.850,1.826,1.817,0.000,0.285,0.000,1842341,0,0,171262
7030,17.5286,1.689,1.867,1.859,0.000,0.324,0.000,1682207,0,0,171262
7031,17.5302,1.638,2.734,2.726,0.000,0.272,0.000,1630517,0,0,171262
7032,17.5318,1.618,1.849,1.841,0.000,0.356,0.000,1610909,0,0,171262
7033,17.5336,1.698,1.689,1.681,0.000,0.665,0.000,1691407,0,0,171262
7034,17.5352,1.725,1.638,1.629,0.000,0.622,0.000,1718389,0,0,171262
7035,17.5369,1.648,1.617,1.610,0.000,0.391,0.000,1641546,0,0,171262
7036,17.5385,1.671,1.698,1.690,0.000,0.554,0.000,1664401,0,0,171262
7037,17.5402,1.642,1.725,1.717,0.000,0.615,0.000,1635518,0,0,171262
7038,17.5421,1.748,1.648,1.640,0.000,0.601,0.000,1741912,0,0,171262
7039,17.5438,1.823,1.671,1.663,0.000,0.630,0.000,1816514,0,0,171262
7040,17.5454,1.649,1.642,1.635,0.000,0.609,0.000,1641975,0,0,171262
7041,17.5482,1.716,1.749,1.741,0.000,0.653,0.000,1709821,0,0,171262
7042,17.5499,2.735,1.824,1.815,0.000,0.611,0.000,2728305,0,0,171262
7043,17.5516,1.764,1.649,1.641,0.000,0.698,0.000,1757254,0,0,171262
7044,17.5532,1.602,1.717,1.709,0.000,0.331,0.000,1595870,0,0,171262
7045,17.5548,1.592,2.735,2.727,0.000,0.459,0.000,1585750,0,0,171262
7046,17.5565,1.659,1.763,1.756,0.000,0.274,0.000,1652275,0,0,171262
7047,17.5583,1.673,1.602,1.595,0.000,0.300,0.000,1666658,0,0,171262
7048,17.5599,1.731,1.592,1.585,0.000,0.372,0.000,1723916,0,0,171262
7049,17.5616,1.597,1.659,1.651,0.000,0.274,0.000,1590658,0,0,171262
7050,17.5633,1.780,1.673,1.666,0.000,0.637,0.000,1773883,0,0,171262
7051,17.5650,1.661,1.730,1.723,0.000,0.639,0.000,1653244,0,0,171262
7052,17.5666,1.653,1.597,1.590,0.000,0.378,0.000,1646682,0,0,171358
7053,17.5682,1.592,1.781,1.773,0.000,0.297,0.000,1584956,0,0,171262
7054,17.5698,1.604,1.660,1.652,0.000,0.269,0.000,1597169,0,0,171262
7055,17.5725,1.651,1.653,1.645,0.000,0.343,0.000,1644230,0,0,171262
7056,17.5744,2.864,1.592,1.584,0.000,0.346,0.000,2858008,0,0,171262
7057,17.5760,1.729,1.604,1.596,0.000,0.284,0.000,1720929,0,0,171262
7058,17.5776,1.590,1.651,1.643,0.000,0.359,0.000,1588486,0,0,171262
7059,17.5792,1.608,2.866,2.857,0.000,0.640,0.000,1596091,0,0,171262
7060,17.5809,1.614,1.727,1.720,0.000,0.596,0.000,1607730,0,0,171262
7061,17.5828,1.847,1.595,1.587,0.000,0.598,0.000,1840104,0,0,171262
7062,17.5845,1.763,1.603,1.595,0.000,0.620,0.000,1754740,0,0,171262
7063,17.5862,1.730,1.614,1.607,0.000,0.368,0.000,1721883,0,0,171262
7064,17.5878,1.658,1.848,1.839,0.000,0.329,0.000,1651320,0,0,171262
7065,17.5896,1.673,1.762,1.754,0.000,0.305,0.000,1666511,0,0,171262
7066,17.5913,1.766,1.729,1.721,0.000,0.669,0.000,1759237,0,0,171262
7067,17.5929,1.658,1.658,1.650,0.000,0.509,0.000,1650781,0,0,171262
7068,17.5946,1.641,1.674,1.665,0.000,0.295,0.000,1634725,0,0,171262
7069,17.5971,1.612,1.766,1.758,0.000,0.275,0.000,1604738,0,0,171262
7070,17.5989,2.637,1.657,1.650,0.000,0.269,0.000,2631063,0,0,171262
7071,17.6007,1.719,1.641,1.634,0.000,0.634,0.000,1712369,0,0,171262
7072,17.6023,1.781,1.611,1.604,0.000,0.542,0.000,1773972,0,0,171262
7073,17.6040,1.625,2.638,2.630,0.000,0.336,0.000,1618644,0,0,171262
7074,17.6055,1.613,1.719,1.711,0.000,0.306,0.000,1606336,0,0,171262
7075,17.6071,1.586,1.781,1.773,0.000,0.281,0.000,1579597,0,0,171262
7076,17.6089,1.708,1.626,1.618,0.000,0.273,0.000,1701651,0,0,171262
7077,17.6106,1.698,1.613,1.605,0.000,0.302,0.000,1690763,0,0,171262
7078,17.6122,1.669,1.586,1.578,0.000,0.301,0.000,1662404,0,0,171262
7079,17.6139,1.696,1.709,1.700,0.000,0.637,0.000,1689194,0,0,171262
7080,17.6157,1.736,1.697,1.689,0.000,0.685,0.000,1728815,0,0,171262
7081,17.6175,1.797,1.669,1.661,0.000,0.336,0.000,1789790,0,0,190353
7082,17.6194,1.818,1.696,1.688,0.000,0.364,0.000,1810707,0,0,171358
7083,17.6223,1.813,1.736,1.728,0.000,0.318,0.000,1806066,0,0,171262
7084,17.6242,2.989,1.797,1.789,0.000,0.377,0.000,2981959,0,0,171262
7085,17.6260,1.872,1.818,1.810,0.000,0.328,0.000,1863614,0,0,171262
7086,17.6278,1.760,1.813,1.805,0.000,0.317,0.000,1752704,0,0,171262
7087,17.6295,1.773,2.990,2.981,0.000,0.357,0.000,1766668,0,0,171262
7088,17.6313,1.786,1.871,1.862,0.000,0.354,0.000,1778738,0,0,171262
7089,17.6332,1.792,1.759,1.752,0.000,0.335,0.000,1784838,0,0,171262
7090,17.6350,1.856,1.774,1.765,0.000,0.305,0.000,1849179,0,0,171262
7091,17.6369,1.839,1.786,1.778,0.000,0.307,0.000,1831624,0,0,171262
7092,17.6387,1.839,1.792,1.784,0.000,0.288,0.000,1831017,0,0,171262
7093,17.6406,1.833,1.856,1.848,0.000,0.352,0.000,1825147,0,0,171262
7094,17.6424,1.913,1.839,1.830,0.000,0.753,0.000,1905611,0,0,171262
7095,17.6443,1.861,1.838,1.830,0.000,0.378,0.000,1854259,0,0,171262
7096,17.6462,1.891,1.832,1.824,0.000,0.319,0.000,1883496,0,0,171262
7097,17.6491,1.930,1.913,1.904,0.000,0.356,0.000,1922873,0,0,171262
7098,17.6511,2.961,1.862,1.853,0.000,0.389,0.000,2953866,0,0,171262
7099,17.6530,1.906,1.891,1.882,0.000,0.377,0.000,1898030,0,0,171262
7100,17.6548,1.847,1.930,1.922,0.000,0.746,0.000,1840410,0,0,171262
7101,17.6566,1.833,2.961,2.953,0.000,0.356,0.000,1825105,0,0,171262
7102,17.6583,1.749,1.905,1.897,0.000,0.344,0.000,1741678,0,0,171262
7103,17.6601,1.718,1.848,1.839,0.000,0.292,0.000,1710474,0,0,171262
7104,17.6619,1.729,1.833,1.824,0.000,0.334,0.000,1722326,0,0,171262
7105,17.6636,1.846,1.749,1.740,0.000,0.675,0.000,1839157,0,0,171262
7106,17.6653,1.734,1.717,1.709,0.000,0.407,0.000,1727364,0,0,171262
7107,17.6670,1.663,1.729,1.721,0.000,0.638,0.000,1655680,0,0,171262
7108,17.6687,1.667,1.846,1.838,0.000,0.350,0.000,1660668,0,0,171262
7109,17.6703,1.637,1.734,1.726,0.000,0.291,0.000,1630509,0,0,171262
7110,17.6720,1.639,1.662,1.655,0.000,0.665,0.000,1633178,0,0,171262
7111,17.6747,1.682,1.667,1.659,0.000,0.316,0.000,1675804,0,0,171262
7112,17.6764,2.742,1.637,1.629,0.000,0.304,0.000,2735806,0,0,171358
7113,17.6781,1.690,1.640,1.632,0.000,0.351,0.000,1683533,0,0,171262
7114,17.6797,1.673,1.682,1.675,0.000,0.297,0.000,1666194,0,0,171262
7115,17.6814,1.612,2.742,2.735,0.000,0.266,0.000,1605134,0,0,171262
7116,17.6831,1.764,1.690,1.682,0.000,0.262,0.000,1756929,0,0,171262
7117,17.6847,1.620,1.673,1.665,0.000,0.261,0.000,1612090,0,0,171262
7118,17.6863,1.586,1.612,1.604,0.000,0.323,0.000,1578498,0,0,171262
7119,17.6879,1.618,1.765,1.756,0.000,0.279,0.000,1612019,0,0,171262
7120,17.6895,1.605,1.619,1.611,0.000,0.328,0.000,1598433,0,0,171262
7121,17.6912,1.625,1.585,1.577,0.000,0.310,0.000,1618190,0,0,171262
7122,17.6934,2.027,1.619,1.611,0.000,0.359,0.000,2020814,0,0,171262
7123,17.6950,1.814,1.605,1.597,0.000,0.642,0.000,1804244,0,0,171262
7124,17.6966,1.595,1.625,1.617,0.000,0.286,0.000,1588266,0,0,171262
7125,17.6993,1.660,2.031,2.020,0.000,0.608,0.000,1653739,0,0,171262
7126,17.7013,2.845,1.811,1.803,0.000,0.442,0.000,2838425,0,0,171262
7127,17.7030,1.883,1.595,1.587,0.000,0.316,0.000,1875597,0,0,171262
7128,17.7046,1.609,1.660,1.653,0.000,0.380,0.000,1601593,0,0,171262
7129,17.7063,1.655,2.846,2.837,0.000,0.619,0.000,1648285,0,0,171262
7130,17.7080,1.714,1.883,1.874,0.000,0.588,0.000,1707169,0,0,171262
7131,17.7097,1.744,1.608,1.600,0.000,0.603,0.000,1736735,0,0,171262
7132,17.7114,1.716,1.655,1.647,0.000,0.350,0.000,1709401,0,0,171262
7133,17.7131,1.704,1.714,1.706,0.000,0.329,0.000,1697296,0,0,171262
7134,17.7152,1.750,1.743,1.736,0.000,0.564,0.000,1743088,0,0,171262
7135,17.7168,1.934,1.716,1.708,0.000,0.338,0.000,1924344,0,0,171262
7136,17.7184,1.632,1.704,1.696,0.000,0.259,0.000,1625873,0,0,171262
7137,17.7200,1.583,1.754,1.742,0.000,0.279,0.000,1576411,0,0,171262
7138,17.7217,1.599,1.929,1.922,0.000,0.258,0.000,1592922,0,0,171262
7139,17.7243,1.727,1.632,1.625,0.000,0.263,0.000,1720169,0,0,171262
7140,17.7261,2.694,1.583,1.575,0.000,0.597,0.000,2687592,0,0,171262
7141,17.7280,1.718,1.599,1.592,0.000,0.627,0.000,1710946,0,0,171262
7142,17.7302,2.246,1.727,1.719,0.000,0.629,0.000,2239397,0,0,171358
7143,17.7319,1.862,2.694,2.686,0.000,0.524,0.000,1852480,0,0,171262
7144,17.7335,1.608,1.717,1.710,0.000,0.445,0.000,1601948,0,0,171262
7145,17.7352,1.647,2.249,2.238,0.000,0.469,0.000,1640044,0,0,171262
7146,17.7369,1.729,1.858,1.851,0.000,0.638,0.000,1722788,0,0,171262
7147,17.7386,1.698,1.609,1.601,0.000,0.618,0.000,1691291,0,0,171262
7148,17.7402,1.645,1.646,1.639,0.000,0.340,0.000,1638126,0,0,171262
7149,17.7422,1.621,1.730,1.722,0.000,0.322,0.000,1613927,0,0,171262
7150,17.7439,2.073,1.698,1.690,0.000,0.265,0.000,2066033,0,0,171262
7151,17.7455,1.615,1.645,1.637,0.000,0.504,0.000,1608687,0,0,171262
7152,17.7471,1.645,1.621,1.613,0.000,0.613,0.000,1638579,0,0,171262
7153,17.7498,1.584,2.073,2.065,0.000,0.522,0.000,1577213,0,0,171262
7154,17.7516,2.801,1.616,1.608,0.000,0.271,0.000,2794254,0,0,171262
7155,17.7532,1.727,1.645,1.637,0.000,0.287,0.000,1719333,0,0,171262
7156,17.7549,1.629,1.584,1.576,0.000,0.667,0.000,1621862,0,0,171262
7157,17.7566,1.681,2.802,2.793,0.000,0.612,0.000,1674547,0,0,171262
7158,17.7584,1.638,1.726,1.718,0.000,0.631,0.000,1631403,0,0,171262
7159,17.7600,1.852,1.628,1.621,0.000,0.348,0.000,1845215,0,0,171262
7160,17.7618,1.604,1.681,1.674,0.000,0.399,0.000,1597196,0,0,171262
7161,17.7634,1.757,1.638,1.630,0.000,0.363,0.000,1750457,0,0,171262
7162,17.7650,1.647,1.852,1.844,0.000,0.342,0.000,1639589,0,0,171262
7163,17.7667,1.621,1.604,1.596,0.000,0.446,0.000,1614720,0,0,171262
7164,17.7684,1.701,1.758,1.749,0.000,0.425,0.000,1692631,0,0,171262
7165,17.7701,1.703,1.646,1.638,0.000,0.390,0.000,1696063,0,0,171262
7166,17.7718,1.706,1.623,1.614,0.000,0.421,0.000,1700293,0,0,171262
7167,17.7744,1.642,1.700,1.691,0.000,0.288,0.000,1634125,0,0,171262
7168,17.7761,2.663,1.703,1.695,0.000,0.313,0.000,2655864,0,0,171262
7169,17.7778,1.690,1.707,1.699,0.000,0.322,0.000,1682755,0,0,171262
7170,17.7795,1.679,1.641,1.633,0.000,0.318,0.000,1672550,0,0,171262
7171,17.7814,1.655,2.663,2.655,0.000,0.319,0.000,1647871,0,0,171262
7172,17.7832,1.937,1.689,1.682,0.000,0.316,0.000,1930496,0,0,171358
7173,17.7851,1.803,1.679,1.671,0.000,0.288,0.000,1795033,0,0,171262
7174,17.7868,1.945,1.655,1.647,0.000,0.316,0.000,1938198,0,0,171262
7175,17.7885,1.693,1.938,1.929,0.000,0.345,0.000,1686161,0,0,171262
7176,17.7901,1.634,1.802,1.794,0.000,0.670,0.000,1627299,0,0,171262
7177,17.7918,1.608,1.945,1.937,0.000,0.652,0.000,1600760,0,0,171262
7178,17.7933,1.620,1.693,1.685,0.000,0.604,0.000,1613951,0,0,171262
7179,17.7949,1.586,1.634,1.626,0.000,0.366,0.000,1579387,0,0,171262
7180,17.7966,1.611,1.607,1.600,0.000,0.318,0.000,1604324,0,0,171262
7181,17.7993,1.704,1.621,1.613,0.000,0.600,0.000,1697968,0,0,171262
7182,17.8012,2.783,1.586,1.578,0.000,0.326,0.000,2775727,0,0,171262
7183,17.8029,1.818,1.611,1.603,0.000,0.687,0.000,1810259,0,0,171262
7184,17.8045,1.627,1.705,1.697,0.000,0.360,0.000,1619441,0,0,171262
7185,17.8063,1.667,2.783,2.774,0.000,0.290,0.000,1660355,0,0,171262
7186,17.8081,1.769,1.817,1.809,0.000,0.290,0.000,1761476,0,0,171262
7187,17.8098,1.841,1.626,1.618,0.000,0.338,0.000,1833629,0,0,171262
7188,17.8116,1.715,1.668,1.659,0.000,0.600,0.000,1708256,0,0,171262
7189,17.8134,1.785,1.769,1.760,0.000,0.324,0.000,1778098,0,0,171262
7190,17.8153,1.900,1.841,1.832,0.000,0.349,0.000,1892357,0,0,171262
7191,17.8171,1.856,1.716,1.707,0.000,0.356,0.000,1848524,0,0,171262
7192,17.8195,1.828,1.786,1.777,0.000,0.678,0.000,1820503,0,0,171262
7193,17.8220,2.747,1.899,1.891,0.000,0.632,0.000,2737080,0,0,171262
7194,17.8240,2.217,1.856,1.847,0.000,0.571,0.000,2201302,0,0,171262
7195,17.8268,1.873,1.831,1.819,0.000,0.420,0.000,1864623,0,0,171822
7196,17.8288,2.934,2.753,2.736,0.000,0.306,0.000,2926400,0,0,171318
7197,17.8305,1.830,2.209,2.200,0.000,0.390,0.000,1822319,0,0,171262
7198,17.8323,1.770,1.873,1.863,0.000,0.384,0.000,1762233,0,0,171262
7199,17.8340,1.730,2.934,2.925,0.000,0.544,0.000,1722336,0,0,171262
7200,17.8357,1.710,1.830,1.821,0.000,0.383,0.000,1702365,0,0,171262
7201,17.8375,1.747,1.770,1.761,0.000,0.638,0.000,1738695,0,0,190353
7202,17.8391,1.682,1.730,1.721,0.000,0.624,0.000,1674649,0,0,171358
7203,17.8409,1.697,1.710,1.701,0.000,0.621,0.000,1691149,0,0,171262
7204,17.8425,1.735,1.745,1.737,0.000,0.337,0.000,1728206,0,0,171262
7205,17.8441,1.591,1.681,1.674,0.000,0.308,0.000,1583182,0,0,171262
7206,17.8457,1.595,1.698,1.690,0.000,0.260,0.000,1588856,0,0,171262
7207,17.8473,1.582,1.736,1.727,0.000,0.269,0.000,1576053,0,0,171262
7208,17.8489,1.569,1.590,1.582,0.000,0.253,0.000,1562330,0,0,171262
7209,17.8515,1.601,1.595,1.588,0.000,0.493,0.000,1595120,0,0,171262
7210,17.8533,2.739,1.583,1.575,0.000,0.355,0.000,2732973,0,0,171262
7211,17.8550,1.757,1.568,1.561,0.000,0.352,0.000,1747665,0,0,171262
7212,17.8574,1.984,1.601,1.594,0.000,0.440,0.000,1976007,0,0,171262
7213,17.8594,2.370,2.742,2.732,0.000,0.423,0.000,2359754,0,0,171262
7214,17.8611,1.735,1.756,1.746,0.000,0.289,0.000,1726909,0,0,171262
7215,17.8627,1.727,1.986,1.975,0.000,0.328,0.000,1719878,0,0,171262
7216,17.8643,1.547,2.367,2.358,0.000,0.663,0.000,1540105,0,0,171262
7217,17.8659,1.560,1.733,1.726,0.000,0.497,0.000,1553312,0,0,171262
7218,17.8675,1.602,1.726,1.719,0.000,0.266,0.000,1595292,0,0,171262
7219,17.8692,1.665,1.546,1.539,0.000,0.475,0.000,1658343,0,0,171262
7220,17.8711,1.829,1.560,1.552,0.000,0.441,0.000,1822374,0,0,171262
7221,17.8729,1.817,1.602,1.594,0.000,0.367,0.000,1810569,0,0,171262
7222,17.8746,1.780,1.665,1.657,0.000,0.461,0.000,1772733,0,0,171262
7223,17.8777,1.800,1.830,1.821,0.000,0.376,0.000,1793793,0,0,171262
7224,17.8802,3.558,1.818,1.809,0.000,0.304,0.000,3551043,0,0,171262
7225,17.8825,2.211,1.779,1.772,0.000,0.390,0.000,2200772,0,0,171262
7226,17.8845,2.185,1.801,1.793,0.000,0.484,0.000,2176909,0,0,171262
7227,17.8864,1.928,3.561,3.550,0.000,0.384,0.000,1919446,0,0,171262
7228,17.8883,1.888,2.209,2.199,0.000,0.370,0.000,1880017,0,0,171262
7229,17.8902,1.887,2.185,2.176,0.000,0.755,0.000,1879778,0,0,171262
7230,17.8925,2.135,1.928,1.918,0.000,0.369,0.000,2126377,0,0,171262
7231,17.8949,2.337,1.888,1.879,0.000,0.692,0.000,2328396,0,0,171262
7232,17.8973,2.394,1.888,1.879,0.000,0.870,0.000,2384193,0,0,171358
7233,17.8997,2.377,2.135,2.125,0.000,0.884,0.000,2367696,0,0,171822
7234,17.9021,2.401,2.339,2.327,0.000,0.799,0.000,2391743,0,0,171318
7235,17.9042,2.298,2.393,2.383,0.000,0.418,0.000,2288241,0,0,171262
7236,17.9063,2.094,2.377,2.366,0.000,0.857,0.000,2085006,0,0,171262
7237,17.9120,2.208,2.401,2.390,0.000,0.439,0.000,2199180,0,0,171262
7238,17.9152,5.936,2.297,2.287,0.000,0.389,0.000,5927464,0,0,171262
7239,17.9191,4.394,2.093,2.084,0.000,0.434,0.000,4382993,0,0,171262
7240,17.9217,2.547,2.208,2.198,0.000,0.512,0.000,2522442,0,0,171262
7241,17.9241,2.533,5.940,5.926,0.000,0.454,0.000,2522886,0,0,171262
7242,17.9263,2.326,4.407,4.381,0.000,0.468,0.000,2315733,0,0,171262
7243,17.9288,2.279,2.532,2.520,0.000,0.887,0.000,2270043,0,0,171262
7244,17.9314,2.671,2.533,2.521,0.000,0.448,0.000,2661734,0,0,171262
7245,17.9338,2.514,2.325,2.314,0.000,0.425,0.000,2502352,0,0,171262
7246,17.9361,2.301,2.279,2.268,0.000,0.491,0.000,2290714,0,0,171262
7247,17.9385,2.364,2.674,2.660,0.000,0.437,0.000,2354242,0,0,171262
7248,17.9409,2.280,2.512,2.500,0.000,0.396,0.000,2269855,0,0,171262
7249,17.9433,2.547,2.300,2.289,0.000,0.640,0.000,2537516,0,0,171262
7250,17.9455,2.290,2.364,2.353,0.000,0.363,0.000,2279502,0,0,171262
7251,17.9476,2.104,2.279,2.268,0.000,0.444,0.000,2094956,0,0,171262
7252,17.9522,2.237,2.548,2.536,0.000,0.417,0.000,2227984,0,0,171262
7253,17.9554,5.090,2.288,2.278,0.000,0.409,0.000,5081041,0,0,171262
7254,17.9581,2.886,2.104,2.094,0.000,0.490,0.000,2873003,0,0,171262
7255,17.9607,2.662,2.237,2.227,0.000,0.726,0.000,2649988,0,0,171262
7256,17.9634,2.593,5.094,5.080,0.000,0.654,0.000,2581847,0,0,171262
7257,17.9660,2.704,2.885,2.871,0.000,0.601,0.000,2693468,0,0,171262
7258,17.9683,2.491,2.661,2.649,0.000,0.488,0.000,2477390,0,0,171262
7259,17.9705,2.175,2.592,2.580,0.000,0.514,0.000,2165425,0,0,171262
7260,17.9725,2.108,2.707,2.692,0.000,0.617,0.000,2099125,0,0,171262
7261,17.9747,2.092,2.487,2.476,0.000,0.509,0.000,2083379,0,0,171262
7262,17.9768,2.160,2.175,2.164,0.000,0.340,0.000,2151190,0,0,171358
7263,17.9789,2.091,2.107,2.098,0.000,0.353,0.000,2082553,0,0,171262
7264,17.9823,2.589,2.093,2.082,0.000,0.395,0.000,2580752,0,0,171262
7265,17.9852,3.316,2.160,2.150,0.000,0.509,0.000,3303720,0,0,171262
7266,17.9882,2.495,2.091,2.081,0.000,0.409,0.000,2483103,0,0,171262
7267,17.9901,2.878,2.594,2.580,0.000,0.400,0.000,2870669,0,0,171262
7268,17.9918,1.831,3.316,3.302,0.000,0.400,0.000,1822734,0,0,171262
7269,17.9936,1.738,2.491,2.481,0.000,0.340,0.000,1730196,0,0,171262
7270,17.9953,1.758,2.879,2.869,0.000,0.358,0.000,1750824,0,0,171262
7271,17.9970,1.741,1.830,1.822,0.000,0.286,0.000,1733280,0,0,171262
7272,17.9996,2.007,1.737,1.729,0.000,0.310,0.000,1999887,0,0,171262
7273,18.0018,2.623,1.758,1.750,0.000,0.266,0.000,2612203,0,0,171262
7274,18.0035,1.841,1.740,1.732,0.000,0.253,0.000,1832862,0,0,171262
7275,18.0054,1.884,2.012,1.999,0.000,0.267,0.000,1877393,0,0,171262
7276,18.0070,1.658,2.620,2.609,0.000,0.256,0.000,1651638,0,0,171262
7277,18.0087,1.661,1.839,1.831,0.000,0.332,0.000,1654590,0,0,171262
7278,18.0103,1.622,1.884,1.876,0.000,0.682,0.000,1615764,0,0,171262
7279,18.0120,1.697,1.658,1.650,0.000,0.638,0.000,1691364,0,0,171262
7280,18.0146,1.658,1.661,1.653,0.000,0.618,0.000,1650520,0,0,171262
7281,18.0165,2.722,1.622,1.615,0.000,0.624,0.000,2716479,0,0,171262
7282,18.0182,1.803,1.698,1.690,0.000,0.356,0.000,1795362,0,0,171262
7283,18.0198,1.643,1.657,1.649,0.000,0.315,0.000,1636475,0,0,171262
7284,18.0216,1.610,2.724,2.715,0.000,0.279,0.000,1603635,0,0,171262
7285,18.0233,1.850,1.802,1.794,0.000,0.253,0.000,1843360,0,0,171262
7286,18.0251,1.731,1.643,1.635,0.000,0.724,0.000,1723676,0,0,171262
7287,18.0269,1.852,1.610,1.602,0.000,0.685,0.000,1845097,0,0,171262
7288,18.0287,1.781,1.851,1.842,0.000,0.693,0.000,1774073,0,0,171262
7289,18.0304,1.687,1.731,1.722,0.000,0.342,0.000,1679987,0,0,171262
7290,18.0321,1.731,1.852,1.844,0.000,0.271,0.000,1721427,0,0,171262
7291,18.0337,1.620,1.781,1.773,0.000,0.266,0.000,1613041,0,0,171262
7292,18.0362,1.947,1.690,1.679,0.000,0.246,0.000,1940098,0,0,171358
7293,18.0380,2.378,1.728,1.720,0.000,0.236,0.000,2367863,0,0,171262
7294,18.0405,1.637,1.620,1.612,0.000,0.321,0.000,1630385,0,0,171262
7295,18.0422,2.510,1.950,1.939,0.000,0.323,0.000,2502959,0,0,171262
7296,18.0438,1.690,2.374,2.366,0.000,0.302,0.000,1683213,0,0,171262
7297,18.0453,1.519,1.637,1.629,0.000,0.284,0.000,1513121,0,0,171262
7298,18.0470,1.623,2.509,2.502,0.000,0.269,0.000,1617328,0,0,171262
7299,18.0487,1.689,1.689,1.682,0.000,0.260,0.000,1681027,0,0,171262
7300,18.0505,1.731,1.519,1.512,0.000,0.417,0.000,1721936,0,0,171262
7301,18.0521,1.725,1.625,1.616,0.000,0.425,0.000,1716874,0,0,171262
7302,18.0537,1.609,1.690,1.680,0.000,0.408,0.000,1602509,0,0,171262
7303,18.0553,1.615,1.730,1.721,0.000,0.322,0.000,1608546,0,0,171262
7304,18.0569,1.575,1.723,1.716,0.000,0.683,0.000,1568392,0,0,171262
7305,18.0585,1.589,1.609,1.601,0.000,0.323,0.000,1582720,0,0,171262
7306,18.0601,1.617,1.615,1.607,0.000,0.256,0.000,1610516,0,0,171262
7307,18.0619,1.576,1.575,1.567,0.000,0.635,0.000,1569564,0,0,171262
7308,18.0646,1.857,1.589,1.582,0.000,0.344,0.000,1850204,0,0,171262
7309,18.0664,2.742,1.617,1.609,0.000,0.283,0.000,2734294,0,0,171262
7310,18.0683,1.923,1.576,1.568,0.000,0.335,0.000,1916093,0,0,171262
7311,18.0701,1.819,1.857,1.849,0.000,0.379,0.000,1811568,0,0,171262
7312,18.0718,1.743,2.742,2.733,0.000,0.706,0.000,1735836,0,0,171262
7313,18.0736,1.719,1.924,1.915,0.000,0.591,0.000,1712317,0,0,171262
7314,18.0753,1.755,1.819,1.810,0.000,0.653,0.000,1748210,0,0,171262
7315,18.0769,1.676,1.743,1.735,0.000,0.427,0.000,1668649,0,0,171262
7316,18.0785,1.559,1.719,1.711,0.000,0.269,0.000,1551999,0,0,171262
7317,18.0801,1.575,1.756,1.747,0.000,0.246,0.000,1568421,0,0,171262
7318,18.0819,1.674,1.675,1.667,0.000,0.249,0.000,1666639,0,0,171262
7319,18.0835,1.767,1.559,1.551,0.000,0.305,0.000,1760434,0,0,171262
7320,18.0853,1.686,1.575,1.567,0.000,0.268,0.000,1678354,0,0,171262
7321,18.0882,1.891,1.674,1.666,0.000,0.548,0.000,1883005,0,0,190353
7322,18.0900,2.832,1.768,1.759,0.000,0.427,0.000,2822798,0,0,171358
7323,18.0916,1.711,1.686,1.677,0.000,0.425,0.000,1702767,0,0,171262
7324,18.0932,1.588,1.892,1.882,0.000,0.398,0.000,1580664,0,0,171262
7325,18.0947,1.529,2.831,2.822,0.000,0.282,0.000,1522239,0,0,171262
7326,18.0962,1.527,1.710,1.702,0.000,0.251,0.000,1520169,0,0,171262
7327,18.0980,1.623,1.587,1.580,0.000,0.274,0.000,1616623,0,0,171262
7328,18.0998,1.779,1.529,1.521,0.000,0.231,0.000,1770506,0,0,171262
7329,18.1016,1.758,1.527,1.519,0.000,0.441,0.000,1749656,0,0,171262
7330,18.1034,1.878,1.625,1.616,0.000,0.441,0.000,1870241,0,0,171262
7331,18.1051,1.792,1.779,1.769,0.000,0.429,0.000,1782849,0,0,171262
7332,18.1067,1.629,1.758,1.748,0.000,0.436,0.000,1620433,0,0,171262
7333,18.1082,1.541,1.879,1.869,0.000,0.530,0.000,1534305,0,0,171262
7334,18.1098,1.556,1.791,1.782,0.000,0.396,0.000,1549528,0,0,171262
7335,18.1125,1.605,1.627,1.619,0.000,0.304,0.000,1598362,0,0,171262
7336,18.1144,2.808,1.541,1.533,0.000,0.272,0.000,2802225,0,0,171262
7337,18.1161,1.805,1.556,1.548,0.000,0.258,0.000,1794691,0,0,171262
7338,18.1176,1.605,1.605,1.597,0.000,0.477,0.000,1598688,0,0,171262
7339,18.1193,1.605,2.812,2.801,0.000,0.340,0.000,1598801,0,0,171262
7340,18.1211,1.718,1.801,1.793,0.000,0.621,0.000,1710184,0,0,171262
7341,18.1229,1.805,1.605,1.598,0.000,0.429,0.000,1797050,0,0,171262
7342,18.1246,1.747,1.607,1.598,0.000,0.421,0.000,1737237,0,0,171262
7343,18.1266,1.970,1.718,1.709,0.000,0.437,0.000,1960582,0,0,171262
7344,18.1284,1.802,1.806,1.796,0.000,0.432,0.000,1792618,0,0,171262
7345,18.1301,1.762,1.746,1.736,0.000,0.300,0.000,1751017,0,0,171262
7346,18.1316,1.580,1.970,1.959,0.000,0.553,0.000,1573675,0,0,171262
7347,18.1332,1.558,1.803,1.791,0.000,0.306,0.000,1551680,0,0,171262
7348,18.1349,1.631,1.757,1.750,0.000,0.258,0.000,1624798,0,0,171262
7349,18.1374,1.636,1.580,1.573,0.000,0.288,0.000,1629385,0,0,171262
7350,18.1392,2.662,1.558,1.551,0.000,0.447,0.000,2655708,0,0,171262
7351,18.1410,1.721,1.632,1.624,0.000,0.315,0.000,1714023,0,0,171262
7352,18.1426,1.795,1.636,1.628,0.000,0.278,0.000,1785867,0,0,171358
7353,18.1442,1.559,2.663,2.654,0.000,0.483,0.000,1551884,0,0,171262
7354,18.1457,1.572,1.723,1.713,0.000,0.342,0.000,1565296,0,0,171262
7355,18.1474,1.591,1.792,1.785,0.000,0.286,0.000,1584794,0,0,171262
7356,18.1490,1.616,1.558,1.551,0.000,0.281,0.000,1609339,0,0,171262
7357,18.1506,1.612,1.572,1.564,0.000,0.322,0.000,1605600,0,0,171262
7358,18.1521,1.586,1.592,1.584,0.000,0.269,0.000,1578989,0,0,171262
7359,18.1537,1.542,1.616,1.608,0.000,0.263,0.000,1535285,0,0,171262
7360,18.1552,1.534,1.613,1.605,0.000,0.627,0.000,1528361,0,0,171262
7361,18.1569,1.610,1.586,1.578,0.000,0.587,0.000,1603605,0,0,171262
7362,18.1585,1.618,1.541,1.534,0.000,0.578,0.000,1611538,0,0,171262
7363,18.1610,1.591,1.535,1.527,0.000,0.312,0.000,1584097,0,0,171262
7364,18.1628,2.629,1.610,1.603,0.000,0.259,0.000,2622875,0,0,171262
7365,18.1644,1.706,1.618,1.610,0.000,0.253,0.000,1699115,0,0,171262
7366,18.1659,1.565,1.591,1.583,0.000,0.295,0.000,1558003,0,0,171262
7367,18.1675,1.567,2.630,2.622,0.000,0.270,0.000,1560158,0,0,171822
7368,18.1690,1.548,1.706,1.698,0.000,0.261,0.000,1541662,0,0,171318
7369,18.1707,1.541,1.564,1.557,0.000,0.246,0.000,1534955,0,0,171262
7370,18.1722,1.628,1.567,1.559,0.000,0.258,0.000,1621588,0,0,171262
7371,18.1738,1.573,1.548,1.541,0.000,0.253,0.000,1566529,0,0,171262
7372,18.1753,1.552,1.542,1.534,0.000,0.260,0.000,1545629,0,0,171262
7373,18.1769,1.563,1.628,1.620,0.000,0.248,0.000,1556751,0,0,171262
7374,18.1786,1.605,1.573,1.565,0.000,0.231,0.000,1597258,0,0,171262
7375,18.1803,1.670,1.552,1.545,0.000,0.239,0.000,1662518,0,0,171262
7376,18.1823,1.792,1.565,1.556,0.000,0.318,0.000,1785148,0,0,171262
7377,18.1851,1.976,1.605,1.596,0.000,0.455,0.000,1966987,0,0,171262
7378,18.1871,2.899,1.669,1.661,0.000,0.568,0.000,2891883,0,0,171262
7379,18.1891,1.980,1.794,1.784,0.000,0.488,0.000,1971655,0,0,171262
7380,18.1911,2.003,1.974,1.966,0.000,0.700,0.000,1994707,0,0,171262
7381,18.1930,1.982,2.900,2.891,0.000,0.711,0.000,1975173,0,0,171262
7382,18.1948,1.869,1.979,1.970,0.000,0.702,0.000,1862194,0,0,171358
7383,18.1967,1.807,2.002,1.993,0.000,0.667,0.000,1799882,0,0,171262
7384,18.1986,1.924,1.982,1.974,0.000,0.363,0.000,1916882,0,0,171262
7385,18.2008,1.970,1.870,1.861,0.000,0.718,0.000,1962157,0,0,171262
7386,18.2028,2.197,1.807,1.799,0.000,0.378,0.000,2188983,0,0,171262
7387,18.2047,1.935,1.925,1.916,0.000,0.412,0.000,1926367,0,0,171262
7388,18.2065,1.873,1.971,1.961,0.000,0.682,0.000,1865210,0,0,171262
7389,18.2083,1.799,2.198,2.188,0.000,0.358,0.000,1790865,0,0,171262
7390,18.2101,1.776,1.934,1.925,0.000,0.709,0.000,1768937,0,0,171262
7391,18.2130,1.807,1.873,1.864,0.000,0.676,0.000,1799778,0,0,171262
7392,18.2149,2.955,1.798,1.790,0.000,0.656,0.000,2948219,0,0,171262
7393,18.2168,1.889,1.776,1.768,0.000,0.386,0.000,1880830,0,0,171262
7394,18.2185,1.793,1.807,1.799,0.000,0.386,0.000,1785827,0,0,171262
7395,18.2202,1.708,2.956,2.947,0.000,0.327,0.000,1700734,0,0,171262
7396,18.2219,1.652,1.888,1.880,0.000,0.312,0.000,1644885,0,0,171262
7397,18.2236,1.781,1.793,1.785,0.000,0.307,0.000,1774812,0,0,171262
7398,18.2253,1.682,1.708,1.700,0.000,0.302,0.000,1674720,0,0,171262
7399,18.2269,1.639,1.652,1.644,0.000,0.667,0.000,1631554,0,0,171262
7400,18.2285,1.652,1.782,1.774,0.000,0.333,0.000,1644943,0,0,171262
7401,18.2301,1.547,1.682,1.674,0.000,0.269,0.000,1540492,0,0,171262
7402,18.2317,1.611,1.638,1.630,0.000,0.253,0.000,1604515,0,0,171262
7403,18.2333,1.585,1.651,1.644,0.000,0.246,0.000,1578879,0,0,171262
7404,18.2349,1.623,1.547,1.539,0.000,0.283,0.000,1617212,0,0,171262
7405,18.2375,1.591,1.611,1.603,0.000,0.253,0.000,1584234,0,0,171262
7406,18.2393,2.729,1.585,1.578,0.000,0.625,0.000,2722511,0,0,171262
7407,18.2412,1.758,1.624,1.616,0.000,0.476,0.000,1750523,0,0,171262
7408,18.2428,1.777,1.591,1.583,0.000,0.709,0.000,1770398,0,0,171262
7409,18.2444,1.602,2.730,2.721,0.000,0.606,0.000,1594692,0,0,171262
7410,18.2461,1.657,1.757,1.749,0.000,0.630,0.000,1650404,0,0,171262
7411,18.2478,1.721,1.777,1.769,0.000,0.347,0.000,1713896,0,0,171262
7412,18.2494,1.670,1.601,1.593,0.000,0.286,0.000,1662871,0,0,171358
7413,18.2510,1.583,1.657,1.649,0.000,0.297,0.000,1577136,0,0,171262
7414,18.2527,1.669,1.721,1.713,0.000,0.274,0.000,1661866,0,0,171262
7415,18.2544,1.652,1.669,1.662,0.000,0.274,0.000,1645763,0,0,171262
7416,18.2561,1.650,1.584,1.576,0.000,0.317,0.000,1642664,0,0,171262
7417,18.2577,1.678,1.669,1.661,0.000,0.308,0.000,1671137,0,0,171262
7418,18.2593,1.599,1.653,1.645,0.000,0.328,0.000,1592289,0,0,171262
7419,18.2620,1.620,1.649,1.642,0.000,0.265,0.000,1613471,0,0,171262
7420,18.2638,2.830,1.678,1.670,0.000,0.253,0.000,2823002,0,0,171262
7421,18.2654,1.662,1.599,1.591,0.000,0.247,0.000,1654563,0,0,171262
7422,18.2669,1.588,1.620,1.612,0.000,0.336,0.000,1580904,0,0,171262
7423,18.2685,1.544,2.831,2.822,0.000,0.304,0.000,1537778,0,0,171262
7424,18.2704,1.778,1.661,1.653,0.000,0.270,0.000,1771970,0,0,171262
7425,18.2721,1.758,1.587,1.580,0.000,0.278,0.000,1751190,0,0,171262
7426,18.2738,1.761,1.544,1.537,0.000,0.300,0.000,1753930,0,0,171262
7427,18.2754,1.628,1.779,1.771,0.000,0.263,0.000,1621366,0,0,171262
7428,18.2770,1.606,1.758,1.750,0.000,0.354,0.000,1599565,0,0,171262
7429,18.2787,1.621,1.761,1.753,0.000,0.267,0.000,1614320,0,0,171262
7430,18.2806,1.797,1.628,1.620,0.000,0.299,0.000,1789784,0,0,171262
7431,18.2823,1.836,1.606,1.598,0.000,0.282,0.000,1828094,0,0,171262
7432,18.2840,1.703,1.621,1.613,0.000,0.335,0.000,1695142,0,0,171262
7433,18.2867,1.688,1.798,1.789,0.000,0.261,0.000,1680715,0,0,171262
7434,18.2884,2.709,1.835,1.827,0.000,0.290,0.000,2702148,0,0,171262
7435,18.2900,1.631,1.702,1.694,0.000,0.260,0.000,1624429,0,0,171262
7436,18.2916,1.633,1.688,1.679,0.000,0.596,0.000,1626311,0,0,171262
7437,18.2932,1.579,2.709,2.701,0.000,0.286,0.000,1572718,0,0,171262
7438,18.2948,1.567,1.631,1.623,0.000,0.289,0.000,1559895,0,0,171262
7439,18.2964,1.610,1.633,1.625,0.000,0.619,0.000,1602887,0,0,171262
7440,18.2980,1.581,1.580,1.572,0.000,0.387,0.000,1574452,0,0,171262
7441,18.2998,1.699,1.567,1.559,0.000,0.262,0.000,1693044,0,0,190353
7442,18.3015,1.695,1.610,1.602,0.000,0.300,0.000,1686161,0,0,171358
7443,18.3031,1.728,1.581,1.573,0.000,0.257,0.000,1721278,0,0,171262
7444,18.3047,1.626,1.701,1.692,0.000,0.646,0.000,1618808,0,0,171262
7445,18.3064,1.617,1.693,1.685,0.000,0.306,0.000,1609471,0,0,171262
7446,18.3080,1.623,1.728,1.720,0.000,0.289,0.000,1616400,0,0,171262
7447,18.3106,1.592,1.626,1.618,0.000,0.245,0.000,1584696,0,0,171262
7448,18.3124,2.762,1.616,1.608,0.000,0.488,0.000,2754809,0,0,171262
7449,18.3140,1.666,1.624,1.615,0.000,0.291,0.000,1659034,0,0,171262
7450,18.3156,1.633,1.592,1.584,0.000,0.697,0.000,1625928,0,0,171262
7451,18.3171,1.539,2.762,2.754,0.000,0.356,0.000,1532568,0,0,171262
7452,18.3187,1.560,1.666,1.658,0.000,0.606,0.000,1554440,0,0,171262
7453,18.3203,1.606,1.632,1.625,0.000,0.592,0.000,1599677,0,0,171262
7454,18.3221,1.596,1.539,1.532,0.000,0.368,0.000,1589592,0,0,171262
7455,18.3237,1.763,1.561,1.553,0.000,0.256,0.000,1756222,0,0,171262
7456,18.3254,1.660,1.606,1.599,0.000,0.323,0.000,1653304,0,0,171262
7457,18.3270,1.636,1.596,1.588,0.000,0.440,0.000,1629791,0,0,171262
7458,18.3287,1.669,1.763,1.755,0.000,0.302,0.000,1662175,0,0,171262
7459,18.3302,1.595,1.660,1.652,0.000,0.298,0.000,1588195,0,0,171262
7460,18.3321,1.685,1.637,1.629,0.000,0.286,0.000,1678275,0,0,171262
7461,18.3350,1.812,1.669,1.661,0.000,0.317,0.000,1804890,0,0,171262
7462,18.3369,2.947,1.595,1.587,0.000,0.336,0.000,2939854,0,0,171262
7463,18.3386,1.850,1.685,1.677,0.000,0.676,0.000,1841687,0,0,171262
7464,18.3403,1.697,1.812,1.804,0.000,0.682,0.000,1690189,0,0,171262
7465,18.3421,1.689,2.948,2.938,0.000,0.627,0.000,1682323,0,0,171262
7466,18.3445,2.093,1.848,1.840,0.000,0.655,0.000,2086519,0,0,171262
7467,18.3464,2.273,1.697,1.689,0.000,0.614,0.000,2264999,0,0,171262
7468,18.3481,1.722,1.689,1.681,0.000,0.356,0.000,1715041,0,0,171262
7469,18.3497,1.676,2.094,2.085,0.000,0.286,0.000,1669017,0,0,171262
7470,18.3515,1.724,2.272,2.264,0.000,0.265,0.000,1717925,0,0,171262
7471,18.3537,1.782,1.722,1.714,0.000,0.377,0.000,1774845,0,0,171262
7472,18.3557,2.378,1.675,1.668,0.000,0.342,0.000,2370828,0,0,171358
7473,18.3574,1.747,1.725,1.717,0.000,0.293,0.000,1739427,0,0,171262
7474,18.3592,1.756,1.782,1.774,0.000,0.621,0.000,1749118,0,0,171262
7475,18.3621,1.805,2.378,2.370,0.000,0.617,0.000,1798636,0,0,171262
7476,18.3639,2.918,1.746,1.738,0.000,0.657,0.000,2911484,0,0,171262
7477,18.3657,1.760,1.756,1.748,0.000,0.619,0.000,1751425,0,0,171262
7478,18.3674,1.740,1.805,1.797,0.000,0.361,0.000,1731967,0,0,171262
7479,18.3697,1.868,2.920,2.910,0.000,0.504,0.000,1860936,0,0,171262
7480,18.3716,2.286,1.759,1.750,0.000,0.627,0.000,2277674,0,0,171262
7481,18.3734,1.858,1.739,1.731,0.000,0.649,0.000,1850309,0,0,171262
7482,18.3752,1.776,1.869,1.860,0.000,0.421,0.000,1769164,0,0,171262
7483,18.3769,1.771,2.285,2.276,0.000,0.690,0.000,1764266,0,0,171262
7484,18.3787,1.747,1.858,1.849,0.000,0.656,0.000,1740017,0,0,171262
7485,18.3804,1.700,1.776,1.768,0.000,0.656,0.000,1693298,0,0,171262
7486,18.3823,1.756,1.771,1.763,0.000,0.641,0.000,1748802,0,0,171262
7487,18.3840,1.888,1.747,1.739,0.000,0.377,0.000,1880455,0,0,171262
7488,18.3859,1.830,1.700,1.692,0.000,0.321,0.000,1822100,0,0,171262
7489,18.3888,1.827,1.756,1.747,0.000,0.281,0.000,1819750,0,0,171262
7490,18.3907,2.887,1.888,1.879,0.000,0.365,0.000,2879466,0,0,171262
7491,18.3924,1.857,1.829,1.821,0.000,0.332,0.000,1849433,0,0,171262
7492,18.3942,1.745,1.827,1.818,0.000,0.390,0.000,1738109,0,0,171262
7493,18.3960,1.767,2.887,2.878,0.000,0.675,0.000,1759486,0,0,171262
7494,18.3979,1.886,1.857,1.848,0.000,0.391,0.000,1879385,0,0,171262
7495,18.3997,1.886,1.745,1.737,0.000,0.352,0.000,1876138,0,0,171262
7496,18.4016,1.737,1.767,1.758,0.000,0.670,0.000,1729971,0,0,171262
7497,18.4033,1.825,1.890,1.878,0.000,0.646,0.000,1818423,0,0,171262
7498,18.4052,1.723,1.883,1.874,0.000,0.354,0.000,1715802,0,0,171262
7499,18.4069,1.909,1.737,1.729,0.000,0.391,0.000,1901384,0,0,171262
7500,18.4086,1.705,1.826,1.817,0.000,0.330,0.000,1697848,0,0,171262
7501,18.4103,1.675,1.723,1.715,0.000,0.286,0.000,1668429,0,0,171262
7502,18.4120,1.723,1.908,1.900,0.000,0.341,0.000,1716384,0,0,171358
7503,18.4149,1.795,1.705,1.697,0.000,0.643,0.000,1788576,0,0,171262
7504,18.4169,2.986,1.675,1.667,0.000,0.459,0.000,2979317,0,0,171262
7505,18.4187,1.834,1.723,1.715,0.000,0.327,0.000,1825810,0,0,171262
7506,18.4203,1.741,1.795,1.787,0.000,0.720,0.000,1734407,0,0,171262
7507,18.4224,1.657,2.987,2.978,0.000,0.642,0.000,1650952,0,0,171262
7508,18.4248,2.198,1.832,1.825,0.000,0.494,0.000,2192026,0,0,171262
7509,18.4268,2.512,1.741,1.733,0.000,0.453,0.000,2501133,0,0,171262
7510,18.4286,1.812,1.657,1.650,0.000,0.334,0.000,1804488,0,0,171262
7511,18.4303,1.764,2.203,2.191,0.000,0.368,0.000,1756810,0,0,171262
7512,18.4320,1.695,2.509,2.500,0.000,0.297,0.000,1687218,0,0,171262
7513,18.4337,1.704,1.812,1.803,0.000,0.394,0.000,1696915,0,0,171262
7514,18.4354,1.728,1.764,1.756,0.000,0.316,0.000,1720574,0,0,171262
7515,18.4372,1.749,1.694,1.686,0.000,0.358,0.000,1741700,0,0,171262
7516,18.4389,1.692,1.704,1.696,0.000,0.315,0.000,1685252,0,0,171262
7517,18.4438,1.679,1.728,1.720,0.000,0.516,0.000,1670577,0,0,171262
7518,18.4462,5.270,1.748,1.740,0.000,0.317,0.000,5262930,0,0,171262
7519,18.4489,3.016,1.694,1.684,0.000,0.712,0.000,3006223,0,0,171262
7520,18.4507,1.874,1.678,1.669,0.000,0.724,0.000,1864740,0,0,171262
7521,18.4527,1.814,5.273,5.262,0.000,0.641,0.000,1806563,0,0,171262
7522,18.4546,2.000,3.016,3.005,0.000,0.380,0.000,1992739,0,0,171262
7523,18.4566,1.998,1.871,1.862,0.000,0.522,0.000,1990126,0,0,171262
7524,18.4586,1.948,1.814,1.805,0.000,0.363,0.000,1940285,0,0,171262
7525,18.4607,1.982,2.001,1.992,0.000,0.696,0.000,1974593,0,0,171262
7526,18.4628,2.191,1.998,1.989,0.000,0.628,0.000,2183299,0,0,171262
7527,18.4649,2.121,1.947,1.939,0.000,0.344,0.000,2112133,0,0,171262
7528,18.4671,2.142,1.983,1.973,0.000,0.418,0.000,2133747,0,0,171262
7529,18.4694,2.192,2.192,2.182,0.000,0.494,0.000,2183881,0,0,171262
7530,18.4715,2.233,2.120,2.111,0.000,0.442,0.000,2221488,0,0,171822
7531,18.4737,2.107,2.142,2.132,0.000,0.546,0.000,2098207,0,0,171318
7532,18.4769,2.130,2.195,2.182,0.000,0.372,0.000,2121285,0,0,171358
7533,18.4791,3.305,2.229,2.220,0.000,0.788,0.000,3296511,0,0,171262
7534,18.4813,2.177,2.107,2.097,0.000,0.729,0.000,2167576,0,0,171262
7535,18.4834,2.189,2.130,2.120,0.000,0.486,0.000,2180967,0,0,171262
7536,18.4854,2.043,3.306,3.295,0.000,0.387,0.000,2033709,0,0,171262
7537,18.4875,2.022,2.176,2.166,0.000,0.727,0.000,2014565,0,0,171262
7538,18.4894,1.979,2.190,2.180,0.000,0.723,0.000,1970829,0,0,171262
7539,18.4914,1.957,2.042,2.032,0.000,0.691,0.000,1949495,0,0,171822
7540,18.4932,1.926,2.022,2.013,0.000,0.699,0.000,1918320,0,0,171318
7541,18.4951,1.870,1.979,1.970,0.000,0.710,0.000,1861967,0,0,171262
7542,18.4970,1.861,1.958,1.948,0.000,0.676,0.000,1853136,0,0,171262
7543,18.4988,1.871,1.926,1.917,0.000,0.750,0.000,1863680,0,0,171262
7544,18.5007,1.743,1.870,1.861,0.000,0.375,0.000,1735372,0,0,171262
7545,18.5026,2.005,1.861,1.852,0.000,0.291,0.000,1996945,0,0,171262
7546,18.5053,1.803,1.871,1.862,0.000,0.441,0.000,1795489,0,0,171262
7547,18.5072,2.795,1.743,1.734,0.000,0.679,0.000,2788635,0,0,171262
7548,18.5091,1.895,2.004,1.996,0.000,0.660,0.000,1886910,0,0,171262
7549,18.5108,1.788,1.802,1.794,0.000,0.722,0.000,1780781,0,0,171262
7550,18.5125,1.715,2.797,2.787,0.000,0.371,0.000,1708195,0,0,171262
7551,18.5142,1.714,1.894,1.886,0.000,0.365,0.000,1706239,0,0,171262
7552,18.5159,1.698,1.788,1.780,0.000,0.315,0.000,1690973,0,0,171262
7553,18.5176,1.696,1.716,1.707,0.000,0.370,0.000,1689590,0,0,171262
7554,18.5195,1.803,1.713,1.705,0.000,0.323,0.000,1796562,0,0,171262
7555,18.5214,1.807,1.698,1.690,0.000,0.351,0.000,1798115,0,0,171262
7556,18.5232,1.921,1.696,1.688,0.000,0.494,0.000,1913190,0,0,171262
7557,18.5249,1.767,1.806,1.795,0.000,0.326,0.000,1758751,0,0,171262
7558,18.5268,1.789,1.805,1.797,0.000,0.639,0.000,1781983,0,0,171262
7559,18.5286,1.841,1.921,1.912,0.000,0.328,0.000,1831933,0,0,171262
7560,18.5313,1.727,1.766,1.758,0.000,0.485,0.000,1719599,0,0,171262
7561,18.5334,2.963,1.791,1.781,0.000,0.687,0.000,2956713,0,0,190353
7562,18.5353,1.947,1.839,1.831,0.000,0.728,0.000,1938873,0,0,171358
7563,18.5371,1.876,1.726,1.718,0.000,0.677,0.000,1866507,0,0,171262
7564,18.5388,1.773,2.965,2.956,0.000,0.477,0.000,1765324,0,0,171262
7565,18.5406,1.698,1.948,1.938,0.000,0.651,0.000,1690661,0,0,171262
7566,18.5423,1.819,1.874,1.865,0.000,0.344,0.000,1811400,0,0,171262
7567,18.5442,1.743,1.773,1.764,0.000,0.663,0.000,1736025,0,0,171262
7568,18.5459,1.837,1.698,1.689,0.000,0.380,0.000,1827096,0,0,171262
7569,18.5477,1.724,1.819,1.810,0.000,0.454,0.000,1716664,0,0,171262
7570,18.5494,1.774,1.746,1.735,0.000,0.341,0.000,1766871,0,0,171262
7571,18.5512,1.725,1.834,1.826,0.000,0.664,0.000,1718361,0,0,171262
7572,18.5528,1.700,1.724,1.716,0.000,0.538,0.000,1692909,0,0,171262
7573,18.5545,1.685,1.773,1.766,0.000,0.668,0.000,1677423,0,0,171262
7574,18.5573,1.720,1.726,1.717,0.000,0.667,0.000,1712607,0,0,171262
7575,18.5591,2.806,1.700,1.692,0.000,0.519,0.000,2799209,0,0,171262
7576,18.5609,1.746,1.684,1.676,0.000,0.338,0.000,1738446,0,0,171262
7577,18.5626,1.792,1.719,1.711,0.000,0.672,0.000,1784351,0,0,171262
7578,18.5642,1.665,2.807,2.798,0.000,0.666,0.000,1657329,0,0,171262
7579,18.5659,1.690,1.746,1.737,0.000,0.639,0.000,1686799,0,0,171262
7580,18.5682,1.868,1.791,1.783,0.000,0.593,0.000,1858495,0,0,171262
7581,18.5701,2.215,1.664,1.656,0.000,0.346,0.000,2204594,0,0,171262
7582,18.5718,1.786,1.694,1.686,0.000,0.362,0.000,1777585,0,0,171262
7583,18.5736,1.741,1.869,1.857,0.000,0.367,0.000,1734357,0,0,171262
7584,18.5753,1.747,2.212,2.203,0.000,0.342,0.000,1740507,0,0,171262
7585,18.5772,1.764,1.784,1.776,0.000,0.358,0.000,1757489,0,0,171262
7586,18.5789,1.851,1.741,1.733,0.000,0.299,0.000,1843775,0,0,171262
7587,18.5807,1.700,1.747,1.739,0.000,0.316,0.000,1692570,0,0,171262
7588,18.5836,2.843,1.764,1.756,0.000,0.356,0.000,2836236,0,0,171262
7589,18.5855,1.940,1.851,1.843,0.000,0.663,0.000,1932549,0,0,171262
7590,18.5874,1.858,1.699,1.691,0.000,0.646,0.000,1850112,0,0,171262
7591,18.5892,1.880,2.843,2.835,0.000,0.360,0.000,1872759,0,0,171262
7592,18.5910,1.799,1.940,1.931,0.000,0.334,0.000,1792153,0,0,171358
7593,18.5927,1.754,1.858,1.849,0.000,0.345,0.000,1747358,0,0,171262
7594,18.5945,1.768,1.880,1.872,0.000,0.305,0.000,1760937,0,0,171262
7595,18.5962,1.708,1.799,1.791,0.000,0.483,0.000,1701676,0,0,171262
7596,18.5979,1.714,1.754,1.746,0.000,0.413,0.000,1707612,0,0,171262
7597,18.5996,1.707,1.768,1.760,0.000,0.312,0.000,1699166,0,0,171262
7598,18.6014,1.701,1.709,1.700,0.000,0.337,0.000,1694265,0,0,171262
7599,18.6031,1.797,1.715,1.706,0.000,0.315,0.000,1790543,0,0,171262
7600,18.6047,1.654,1.706,1.698,0.000,0.291,0.000,1646375,0,0,171262
7601,18.6074,1.637,1.701,1.693,0.000,0.276,0.000,1630483,0,0,171262
7602,18.6092,2.785,1.798,1.789,0.000,0.262,0.000,2777681,0,0,171262
7603,18.6110,1.800,1.653,1.645,0.000,0.258,0.000,1793193,0,0,171262
7604,18.6126,1.680,1.638,1.629,0.000,0.645,0.000,1672773,0,0,171262
7605,18.6143,1.687,2.785,2.776,0.000,0.357,0.000,1680099,0,0,171262
7606,18.6160,1.674,1.800,1.792,0.000,0.341,0.000,1667100,0,0,171262
7607,18.6176,1.647,1.680,1.672,0.000,0.293,0.000,1639804,0,0,171262
7608,18.6193,1.643,1.687,1.679,0.000,0.284,0.000,1635739,0,0,171262
7609,18.6214,1.685,1.674,1.666,0.000,0.337,0.000,1676911,0,0,171262
7610,18.6231,2.130,1.647,1.639,0.000,0.308,0.000,2123624,0,0,171262
7611,18.6249,1.749,1.644,1.635,0.000,0.504,0.000,1741666,0,0,171262
7612,18.6266,1.774,1.683,1.676,0.000,0.619,0.000,1764918,0,0,171262
7613,18.6283,1.680,2.131,2.122,0.000,0.482,0.000,1672760,0,0,171262
7614,18.6300,1.694,1.751,1.741,0.000,0.410,0.000,1686394,0,0,171262
7615,18.6327,1.678,1.771,1.763,0.000,0.283,0.000,1670855,0,0,171262
7616,18.6345,2.790,1.680,1.672,0.000,0.341,0.000,2783054,0,0,171262
7617,18.6363,1.792,1.693,1.685,0.000,0.299,0.000,1784871,0,0,171262
7618,18.6380,1.760,1.678,1.670,0.000,0.313,0.000,1752452,0,0,171262
7619,18.6398,1.768,2.790,2.782,0.000,0.341,0.000,1759784,0,0,171262
7620,18.6417,1.772,1.792,1.784,0.000,0.274,0.000,1764728,0,0,171262
7621,18.6435,1.880,1.760,1.751,0.000,0.733,0.000,1872929,0,0,171262
7622,18.6451,1.707,1.767,1.759,0.000,0.324,0.000,1699854,0,0,171358
7623,18.6468,1.677,1.772,1.763,0.000,0.293,0.000,1668875,0,0,171262
7624,18.6493,2.133,1.880,1.872,0.000,0.283,0.000,2125540,0,0,171262
7625,18.6512,2.143,1.708,1.699,0.000,0.330,0.000,2131189,0,0,171262
7626,18.6531,1.931,1.676,1.667,0.000,0.303,0.000,1923017,0,0,171262
7627,18.6549,1.803,2.139,2.124,0.000,0.390,0.000,1795198,0,0,171262
7628,18.6566,1.747,2.137,2.128,0.000,0.389,0.000,1739501,0,0,171262
7629,18.6593,1.735,1.930,1.922,0.000,0.324,0.000,1727586,0,0,171262
7630,18.6613,2.793,1.803,1.794,0.000,0.366,0.000,2786237,0,0,171262
7631,18.6631,1.959,1.747,1.738,0.000,0.346,0.000,1951981,0,0,171262
7632,18.6649,1.778,1.735,1.726,0.000,0.356,0.000,1769922,0,0,171262
7633,18.6667,1.812,2.793,2.785,0.000,0.355,0.000,1805060,0,0,171262
7634,18.6685,1.839,1.959,1.951,0.000,0.319,0.000,1826027,0,0,171262
7635,18.6703,1.757,1.777,1.769,0.000,0.323,0.000,1750591,0,0,171262
7636,18.6720,1.773,1.818,1.804,0.000,0.295,0.000,1765633,0,0,171262
7637,18.6738,1.707,1.833,1.825,0.000,0.711,0.000,1699977,0,0,171262
7638,18.6755,1.789,1.758,1.749,0.000,0.305,0.000,1781806,0,0,171262
7639,18.6773,1.739,1.773,1.764,0.000,0.690,0.000,1731784,0,0,171262
7640,18.6791,1.820,1.707,1.699,0.000,0.352,0.000,1812351,0,0,171262
7641,18.6812,1.880,1.789,1.781,0.000,0.399,0.000,1872446,0,0,171262
7642,18.6830,2.008,1.739,1.730,0.000,0.344,0.000,2000527,0,0,171262
7643,18.6858,1.793,1.820,1.811,0.000,0.360,0.000,1784643,0,0,171262
7644,18.6878,2.883,1.880,1.871,0.000,0.668,0.000,2875312,0,0,171262
7645,18.6896,1.919,2.009,1.999,0.000,0.313,0.000,1910315,0,0,171262
7646,18.6915,1.852,1.792,1.783,0.000,0.682,0.000,1844289,0,0,171262
7647,18.6933,1.819,2.884,2.874,0.000,0.742,0.000,1812548,0,0,171262
7648,18.6954,1.951,1.918,1.909,0.000,0.688,0.000,1943373,0,0,171262
7649,18.6975,2.129,1.851,1.843,0.000,0.381,0.000,2118114,0,0,171262
7650,18.6994,1.975,1.820,1.811,0.000,0.512,0.000,1966798,0,0,171262
7651,18.7014,1.899,1.954,1.942,0.000,0.811,0.000,1891648,0,0,171262
7652,18.7033,1.987,2.126,2.117,0.000,0.716,0.000,1978946,0,0,171358
7653,18.7052,1.901,1.974,1.965,0.000,0.587,0.000,1893505,0,0,171262
7654,18.7070,1.894,1.899,1.890,0.000,0.360,0.000,1886700,0,0,171262
7655,18.7089,1.838,1.986,1.978,0.000,0.317,0.000,1830975,0,0,171262
7656,18.7109,1.934,1.901,1.892,0.000,0.643,0.000,1927101,0,0,171262
7657,18.7139,1.949,1.894,1.885,0.000,0.327,0.000,1940431,0,0,171262
7658,18.7159,3.048,1.838,1.830,0.000,0.374,0.000,3040204,0,0,171262
7659,18.7177,1.892,1.935,1.926,0.000,0.422,0.000,1884466,0,0,171262
7660,18.7196,1.865,1.948,1.939,0.000,0.397,0.000,1857651,0,0,171262
7661,18.7216,1.912,3.048,3.039,0.000,0.368,0.000,1904239,0,0,171262
7662,18.7235,1.995,1.892,1.883,0.000,0.702,0.000,1988235,0,0,171262
7663,18.7255,1.951,1.865,1.856,0.000,0.357,0.000,1943722,0,0,171262
7664,18.7274,1.963,1.912,1.903,0.000,0.746,0.000,1954812,0,0,171262
7665,18.7294,1.954,1.996,1.987,0.000,0.398,0.000,1946152,0,0,171262
7666,18.7313,1.967,1.952,1.942,0.000,0.449,0.000,1959258,0,0,171262
7667,18.7333,1.897,1.962,1.954,0.000,0.523,0.000,1889418,0,0,171262
7668,18.7351,1.919,1.954,1.945,0.000,0.385,0.000,1911396,0,0,171262
7669,18.7370,1.846,1.967,1.958,0.000,0.385,0.000,1837795,0,0,171262
7670,18.7387,1.779,1.897,1.888,0.000,0.367,0.000,1771964,0,0,171262
7671,18.7417,1.799,1.919,1.910,0.000,0.551,0.000,1792111,0,0,171262
7672,18.7437,3.069,1.845,1.837,0.000,0.338,0.000,3061934,0,0,171262
7673,18.7457,1.943,1.779,1.771,0.000,0.661,0.000,1935143,0,0,171262
7674,18.7478,2.076,1.800,1.791,0.000,0.414,0.000,2067503,0,0,171262
7675,18.7498,2.089,3.070,3.061,0.000,0.420,0.000,2080934,0,0,171262
7676,18.7519,2.062,1.943,1.934,0.000,0.878,0.000,2047816,0,0,171262
7677,18.7540,2.089,2.076,2.066,0.000,0.776,0.000,2080964,0,0,171262
7678,18.7561,2.099,2.095,2.079,0.000,0.854,0.000,2090438,0,0,171262
7679,18.7583,2.210,2.056,2.047,0.000,0.840,0.000,2201638,0,0,171262
7680,18.7605,2.185,2.090,2.080,0.000,0.781,0.000,2176449,0,0,171262
7681,18.7628,2.173,2.099,2.089,0.000,0.404,0.000,2164083,0,0,190353
7682,18.7648,2.249,2.211,2.200,0.000,0.396,0.000,2240058,0,0,171358
7683,18.7668,1.922,2.186,2.175,0.000,0.758,0.000,1914039,0,0,171262
7684,18.7687,1.953,2.172,2.163,0.000,0.707,0.000,1945647,0,0,171262
7685,18.7719,1.916,2.248,2.239,0.000,0.414,0.000,1908046,0,0,171262
7686,18.7744,3.517,1.921,1.913,0.000,0.363,0.000,3508970,0,0,171262
7687,18.7767,2.345,1.954,1.945,0.000,0.356,0.000,2334715,0,0,171262
7688,18.7789,2.262,1.916,1.907,0.000,0.883,0.000,2253331,0,0,171262
7689,18.7811,2.112,3.519,3.508,0.000,0.373,0.000,2103397,0,0,171262
7690,18.7831,2.196,2.344,2.333,0.000,0.753,0.000,2187583,0,0,171262
7691,18.7851,2.021,2.262,2.252,0.000,0.706,0.000,2012548,0,0,171262
7692,18.7869,1.897,2.111,2.101,0.000,0.778,0.000,1888976,0,0,171262
7693,18.7888,1.876,2.196,2.186,0.000,0.724,0.000,1868604,0,0,171262
7694,18.7907,1.903,2.020,2.011,0.000,0.698,0.000,1896157,0,0,171262
7695,18.7926,1.899,1.896,1.888,0.000,0.738,0.000,1890484,0,0,171262
7696,18.7944,1.843,1.876,1.867,0.000,0.421,0.000,1834905,0,0,171262
7697,18.7963,1.808,1.905,1.895,0.000,0.689,0.000,1800903,0,0,171262
7698,18.7981,1.835,1.898,1.889,0.000,0.662,0.000,1827398,0,0,171262
7699,18.8010,1.795,1.842,1.834,0.000,0.654,0.000,1787139,0,0,171262
7700,18.8030,2.968,1.808,1.800,0.000,0.673,0.000,2960966,0,0,171262
7701,18.8047,1.906,1.835,1.826,0.000,0.686,0.000,1898834,0,0,171262
7702,18.8064,1.697,1.794,1.786,0.000,0.586,0.000,1689251,0,0,171262
7703,18.8084,1.795,2.969,2.960,0.000,0.501,0.000,1788625,0,0,171262
7704,18.8105,2.110,1.906,1.898,0.000,0.335,0.000,2103008,0,0,171262
7705,18.8125,2.049,1.696,1.688,0.000,0.386,0.000,2041535,0,0,171262
7706,18.8145,1.967,1.796,1.787,0.000,0.407,0.000,1958136,0,0,171262
7707,18.8165,2.027,2.111,2.102,0.000,0.345,0.000,2019549,0,0,171262
7708,18.8186,2.061,2.050,2.040,0.000,0.307,0.000,2052278,0,0,171262
7709,18.8208,2.102,1.966,1.957,0.000,0.853,0.000,2094428,0,0,171262
7710,18.8228,2.118,2.028,2.018,0.000,0.815,0.000,2109433,0,0,171262
7711,18.8249,2.053,2.060,2.051,0.000,0.613,0.000,2044844,0,0,171822
7712,18.8270,2.125,2.102,2.093,0.000,0.787,0.000,2116580,0,0,171414
7713,18.8302,2.034,2.118,2.108,0.000,0.405,0.000,2026150,0,0,171262
7714,18.8322,3.199,2.053,2.044,0.000,0.400,0.000,3190478,0,0,171262
7715,18.8341,1.933,2.125,2.115,0.000,0.765,0.000,1924817,0,0,171262
7716,18.8360,1.890,2.034,2.025,0.000,0.707,0.000,1881759,0,0,171262
7717,18.8379,1.913,3.199,3.189,0.000,0.681,0.000,1905404,0,0,171262
7718,18.8400,2.023,1.933,1.924,0.000,0.410,0.000,2015128,0,0,171262
7719,18.8422,2.040,1.890,1.881,0.000,0.400,0.000,2031043,0,0,171262
7720,18.8441,2.149,1.913,1.904,0.000,0.405,0.000,2140321,0,0,171262
7721,18.8460,1.921,2.024,2.014,0.000,0.385,0.000,1912988,0,0,171262
7722,18.8478,1.856,2.040,2.030,0.000,0.353,0.000,1848681,0,0,171262
7723,18.8496,1.823,2.148,2.139,0.000,0.374,0.000,1816293,0,0,171262
7724,18.8516,1.874,1.920,1.912,0.000,0.415,0.000,1866417,0,0,171262
7725,18.8535,1.898,1.856,1.847,0.000,0.287,0.000,1889413,0,0,171262
7726,18.8555,2.000,1.824,1.815,0.000,0.754,0.000,1992620,0,0,171262
7727,18.8587,2.034,1.875,1.865,0.000,0.673,0.000,2026081,0,0,171262
7728,18.8621,3.253,1.897,1.888,0.000,0.738,0.000,3241055,0,0,171262
7729,18.8650,3.941,2.001,1.991,0.000,0.328,0.000,3931343,0,0,171262
7730,18.8670,2.280,2.038,2.024,0.000,0.601,0.000,2267155,0,0,171262
7731,18.8690,1.965,3.251,3.240,0.000,0.401,0.000,1957861,0,0,171262
7732,18.8711,1.978,3.944,3.929,0.000,0.694,0.000,1970456,0,0,171262
7733,18.8731,2.105,2.275,2.265,0.000,0.422,0.000,2096363,0,0,171262
7734,18.8751,1.994,1.966,1.956,0.000,0.423,0.000,1986104,0,0,171262
7735,18.8771,2.024,1.979,1.969,0.000,0.787,0.000,2016443,0,0,171262
7736,18.8791,1.987,2.104,2.095,0.000,0.701,0.000,1978884,0,0,171262
7737,18.8813,1.945,1.994,1.985,0.000,0.403,0.000,1937337,0,0,171262
7738,18.8834,2.302,2.024,2.015,0.000,0.552,0.000,2293703,0,0,171262
7739,18.8854,2.066,1.986,1.977,0.000,0.435,0.000,2057427,0,0,171262
7740,18.8875,2.075,1.946,1.936,0.000,0.423,0.000,2066045,0,0,171262
7741,18.8907,2.023,2.302,2.292,0.000,0.390,0.000,2014845,0,0,171262
7742,18.8931,3.508,2.066,2.056,0.000,0.431,0.000,3499543,0,0,171358
7743,18.8952,2.158,2.074,2.064,0.000,0.336,0.000,2147649,0,0,171262
7744,18.8973,2.105,2.023,2.013,0.000,0.398,0.000,2096347,0,0,171262
7745,18.8993,2.022,3.510,3.498,0.000,0.498,0.000,2014000,0,0,171262
7746,18.9023,2.716,2.156,2.146,0.000,0.699,0.000,2708313,0,0,171262
7747,18.9044,2.363,2.104,2.095,0.000,0.589,0.000,2354004,0,0,171262
7748,18.9065,2.101,2.022,2.012,0.000,0.766,0.000,2092294,0,0,171262
7749,18.9089,2.453,2.717,2.707,0.000,0.802,0.000,2445151,0,0,171262
7750,18.9109,1.977,2.362,2.352,0.000,0.421,0.000,1968925,0,0,171262
7751,18.9128,1.929,2.101,2.091,0.000,0.354,0.000,1921427,0,0,171262
7752,18.9146,1.867,2.453,2.444,0.000,0.356,0.000,1842699,0,0,171262
7753,18.9165,1.873,1.977,1.967,0.000,0.515,0.000,1865516,0,0,171262
7754,18.9183,1.869,1.946,1.920,0.000,0.388,0.000,1859765,0,0,171262
7755,18.9213,1.860,1.850,1.841,0.000,0.344,0.000,1852128,0,0,171262
7756,18.9235,3.114,1.874,1.864,0.000,0.293,0.000,3107102,0,0,171262
7757,18.9253,2.059,1.867,1.859,0.000,0.311,0.000,2050259,0,0,171262
7758,18.9271,1.753,1.859,1.851,0.000,0.336,0.000,1745046,0,0,171262
7759,18.9287,1.701,3.115,3.106,0.000,0.348,0.000,1694148,0,0,171262
7760,18.9313,1.850,2.058,2.049,0.000,0.690,0.000,1843574,0,0,171262
7761,18.9343,3.102,1.752,1.744,0.000,0.655,0.000,3091102,0,0,171262
7762,18.9369,2.811,1.701,1.693,0.000,0.629,0.000,2798169,0,0,171262
7763,18.9391,2.386,1.855,1.842,0.000,0.397,0.000,2374840,0,0,171262
7764,18.9413,2.122,3.104,3.090,0.000,0.921,0.000,2112070,0,0,171262
7765,18.9432,2.038,2.810,2.796,0.000,0.400,0.000,2030183,0,0,171262
7766,18.9450,1.868,2.384,2.373,0.000,0.366,0.000,1860354,0,0,171262
7767,18.9468,1.789,2.120,2.111,0.000,0.309,0.000,1781996,0,0,171262
7768,18.9486,1.800,2.038,2.029,0.000,0.292,0.000,1792422,0,0,171262
7769,18.9515,1.764,1.867,1.859,0.000,0.281,0.000,1756410,0,0,171262
7770,18.9534,3.017,1.790,1.781,0.000,0.303,0.000,3010325,0,0,171262
7771,18.9553,1.910,1.800,1.791,0.000,0.278,0.000,1901329,0,0,171262
7772,18.9572,1.847,1.764,1.755,0.000,0.704,0.000,1839361,0,0,171358
7773,18.9589,1.811,3.019,3.009,0.000,0.384,0.000,1803260,0,0,171262
7774,18.9607,1.704,1.909,1.900,0.000,0.315,0.000,1697225,0,0,171262
7775,18.9624,1.835,1.847,1.838,0.000,0.691,0.000,1828499,0,0,171262
7776,18.9641,1.711,1.810,1.802,0.000,0.664,0.000,1703999,0,0,171262
7777,18.9659,1.710,1.704,1.696,0.000,0.679,0.000,1703022,0,0,171262
7778,18.9676,1.770,1.836,1.827,0.000,0.642,0.000,1762540,0,0,171262
7779,18.9695,1.800,1.711,1.703,0.000,0.722,0.000,1793630,0,0,171262
7780,18.9715,2.010,1.710,1.702,0.000,0.343,0.000,2001641,0,0,171262
7781,18.9734,1.920,1.769,1.761,0.000,0.746,0.000,1912366,0,0,171262
7782,18.9752,1.857,1.802,1.792,0.000,0.412,0.000,1849474,0,0,171262
7783,18.9781,1.811,2.010,2.000,0.000,0.382,0.000,1802495,0,0,171262
7784,18.9804,3.099,1.920,1.911,0.000,0.342,0.000,3090988,0,0,171262
7785,18.9828,2.284,1.858,1.848,0.000,0.672,0.000,2274421,0,0,171262
7786,18.9848,2.263,1.810,1.801,0.000,0.432,0.000,2253919,0,0,171262
7787,18.9869,2.105,3.101,3.090,0.000,0.563,0.000,2096494,0,0,171262
7788,18.9890,2.075,2.283,2.273,0.000,0.393,0.000,2067532,0,0,171262
7789,18.9914,2.230,2.263,2.253,0.000,0.372,0.000,2222037,0,0,171262
7790,18.9938,2.388,2.105,2.095,0.000,0.403,0.000,2378749,0,0,171262
7791,18.9960,2.277,2.075,2.066,0.000,0.849,0.000,2267232,0,0,171262
7792,18.9982,2.214,2.232,2.221,0.000,0.739,0.000,2204095,0,0,171262
7793,19.0005,2.262,2.389,2.377,0.000,0.384,0.000,2253439,0,0,171262
7794,19.0029,2.252,2.277,2.265,0.000,0.430,0.000,2243000,0,0,171262
7795,19.0052,2.458,2.213,2.202,0.000,0.459,0.000,2449083,0,0,171262
7796,19.0073,2.168,2.262,2.251,0.000,0.429,0.000,2158174,0,0,171262
7797,19.0124,2.100,2.252,2.242,0.000,0.453,0.000,2091316,0,0,171262
7798,19.0152,5.355,2.459,2.447,0.000,0.773,0.000,5347292,0,0,171262
7799,19.0181,3.387,2.167,2.156,0.000,0.730,0.000,3377167,0,0,171262
7800,19.0201,2.093,2.099,2.090,0.000,0.812,0.000,2082692,0,0,171262
7801,19.0222,1.938,5.359,5.346,0.000,0.681,0.000,1930587,0,0,190353
7802,19.0239,1.934,3.387,3.375,0.000,0.384,0.000,1926338,0,0,171358
7803,19.0265,2.062,2.089,2.080,0.000,0.294,0.000,2054413,0,0,171262
7804,19.0285,2.535,1.939,1.929,0.000,0.252,0.000,2523097,0,0,171262
7805,19.0302,1.721,1.934,1.925,0.000,0.277,0.000,1713753,0,0,171262
7806,19.0320,1.725,2.068,2.053,0.000,0.706,0.000,1718143,0,0,171262
7807,19.0338,1.802,2.529,2.520,0.000,0.375,0.000,1795208,0,0,171262
7808,19.0357,1.906,1.721,1.713,0.000,0.271,0.000,1898474,0,0,171262
7809,19.0376,1.842,1.725,1.717,0.000,0.741,0.000,1834075,0,0,171262
7810,19.0396,2.020,1.803,1.794,0.000,0.679,0.000,2012792,0,0,171262
7811,19.0417,1.961,1.906,1.897,0.000,0.390,0.000,1952916,0,0,171262
7812,19.0447,2.016,1.841,1.833,0.000,0.320,0.000,2008112,0,0,171262
7813,19.0469,3.191,2.021,2.012,0.000,0.351,0.000,3182783,0,0,171262
7814,19.0491,2.200,1.961,1.952,0.000,0.336,0.000,2184751,0,0,171262
7815,19.0513,2.213,2.016,2.007,0.000,0.471,0.000,2203012,0,0,171262
7816,19.0533,2.070,3.198,3.182,0.000,0.816,0.000,2062036,0,0,171262
7817,19.0555,2.108,2.194,2.183,0.000,0.413,0.000,2100058,0,0,171262
7818,19.0576,2.154,2.211,2.202,0.000,0.343,0.000,2145260,0,0,171262
7819,19.0596,2.034,2.070,2.061,0.000,0.363,0.000,2025666,0,0,171262
7820,19.0616,1.966,2.109,2.099,0.000,0.740,0.000,1958469,0,0,171262
7821,19.0636,2.036,2.154,2.144,0.000,0.732,0.000,2027841,0,0,171262
7822,19.0656,1.974,2.033,2.024,0.000,0.343,0.000,1964603,0,0,171262
7823,19.0676,2.020,1.966,1.957,0.000,0.501,0.000,2007515,0,0,171262
7824,19.0696,2.024,2.037,2.027,0.000,0.767,0.000,2015653,0,0,171262
7825,19.0718,2.030,1.977,1.963,0.000,0.727,0.000,2021666,0,0,171262
7826,19.0747,2.060,2.016,2.006,0.000,0.749,0.000,2051388,0,0,171262
7827,19.0767,2.998,2.024,2.014,0.000,0.456,0.000,2990137,0,0,171822
7828,19.0786,1.948,2.031,2.020,0.000,0.580,0.000,1939386,0,0,171318
7829,19.0804,1.825,2.059,2.050,0.000,0.694,0.000,1817055,0,0,171262
7830,19.0824,1.802,2.999,2.989,0.000,0.692,0.000,1794943,0,0,171262
7831,19.0843,2.051,1.947,1.938,0.000,0.340,0.000,2043415,0,0,171262
7832,19.0861,1.886,1.824,1.816,0.000,0.337,0.000,1878247,0,0,171358
7833,19.0879,1.783,1.803,1.794,0.000,0.356,0.000,1774994,0,0,171262
7834,19.0898,1.883,2.051,2.042,0.000,0.417,0.000,1874999,0,0,171262
7835,19.0915,1.781,1.886,1.877,0.000,0.310,0.000,1773571,0,0,171262
7836,19.0933,1.747,1.782,1.774,0.000,0.361,0.000,1739667,0,0,171262
7837,19.0951,1.772,1.882,1.874,0.000,0.282,0.000,1764135,0,0,171262
7838,19.0970,1.828,1.780,1.772,0.000,0.268,0.000,1821047,0,0,171262
7839,19.0988,1.885,1.747,1.738,0.000,0.322,0.000,1877923,0,0,171262
7840,19.1033,2.221,1.772,1.763,0.000,0.306,0.000,2213919,0,0,171262
7841,19.1057,4.460,1.828,1.820,0.000,0.361,0.000,4448727,0,0,171262
7842,19.1079,2.265,1.885,1.877,0.000,0.357,0.000,2254610,0,0,171262
7843,19.1099,2.071,2.225,2.213,0.000,0.425,0.000,2062115,0,0,171262
7844,19.1119,1.954,4.459,4.447,0.000,0.345,0.000,1945611,0,0,171262
7845,19.1139,1.998,2.263,2.253,0.000,0.745,0.000,1990579,0,0,171262
7846,19.1159,2.050,2.071,2.061,0.000,0.698,0.000,2041320,0,0,171262
7847,19.1179,1.993,1.953,1.944,0.000,0.800,0.000,1985187,0,0,171262
7848,19.1198,1.930,2.000,1.989,0.000,0.816,0.000,1921481,0,0,171262
7849,19.1219,1.864,2.050,2.040,0.000,0.694,0.000,1855768,0,0,171262
7850,19.1245,2.370,1.993,1.983,0.000,0.374,0.000,2362929,0,0,171262
7851,19.1267,2.750,1.929,1.920,0.000,0.370,0.000,2740580,0,0,171262
7852,19.1285,1.787,1.863,1.854,0.000,0.335,0.000,1776607,0,0,171262
7853,19.1303,1.832,2.372,2.361,0.000,0.284,0.000,1823935,0,0,171262
7854,19.1332,1.774,2.751,2.739,0.000,0.355,0.000,1766580,0,0,171262
7855,19.1351,2.961,1.785,1.775,0.000,0.440,0.000,2953511,0,0,171262
7856,19.1372,2.007,1.831,1.823,0.000,0.361,0.000,1998669,0,0,171262
7857,19.1392,2.007,1.774,1.765,0.000,0.340,0.000,1998192,0,0,171262
7858,19.1412,1.902,2.962,2.952,0.000,0.476,0.000,1894607,0,0,171262
7859,19.1430,2.004,2.007,1.997,0.000,0.323,0.000,1996171,0,0,171262
7860,19.1452,2.074,2.006,1.997,0.000,0.366,0.000,2065612,0,0,171262
7861,19.1473,2.000,1.902,1.893,0.000,0.283,0.000,1992837,0,0,171262
7862,19.1493,2.107,2.004,1.995,0.000,0.379,0.000,2099452,0,0,171358
7863,19.1512,1.922,2.073,2.064,0.000,0.747,0.000,1914141,0,0,171262
7864,19.1530,1.863,2.001,1.991,0.000,0.699,0.000,1855168,0,0,171262
7865,19.1550,1.903,2.108,2.098,0.000,0.618,0.000,1894972,0,0,171262
7866,19.1578,2.242,1.922,1.912,0.000,0.616,0.000,2233592,0,0,171262
7867,19.1608,3.031,1.863,1.854,0.000,0.689,0.000,3020609,0,0,171262
7868,19.1660,4.832,1.903,1.894,0.000,0.371,0.000,4819164,0,0,171262
7869,19.1689,3.650,2.244,2.232,0.000,0.377,0.000,3636967,0,0,171262
7870,19.1712,2.415,3.034,3.019,0.000,0.510,0.000,2401570,0,0,171262
7871,19.1735,2.218,4.832,4.817,0.000,0.408,0.000,2208438,0,0,171262
7872,19.1757,2.208,3.650,3.635,0.000,0.377,0.000,2199177,0,0,171262
7873,19.1779,2.188,2.411,2.399,0.000,0.830,0.000,2179522,0,0,171262
7874,19.1802,2.231,2.217,2.207,0.000,0.398,0.000,2222435,0,0,171262
7875,19.1826,2.308,2.208,2.198,0.000,0.328,0.000,2298742,0,0,171262
7876,19.1849,2.488,2.189,2.178,0.000,0.548,0.000,2477865,0,0,171262
7877,19.1871,2.190,2.232,2.221,0.000,0.420,0.000,2180025,0,0,171262
7878,19.1894,2.313,2.309,2.297,0.000,0.467,0.000,2303512,0,0,171262
7879,19.1916,2.263,2.488,2.476,0.000,0.850,0.000,2253516,0,0,171262
7880,19.1938,2.133,2.189,2.179,0.000,0.777,0.000,2124863,0,0,171262
7881,19.1975,2.425,2.313,2.302,0.000,0.496,0.000,2416318,0,0,171262
7882,19.1996,3.483,2.262,2.252,0.000,0.372,0.000,3470723,0,0,171262
7883,19.2017,2.019,2.133,2.123,0.000,0.445,0.000,2009584,0,0,171822
7884,19.2036,2.080,2.429,2.415,0.000,0.365,0.000,2071719,0,0,171318
7885,19.2055,1.910,3.479,3.469,0.000,0.379,0.000,1902157,0,0,171262
7886,19.2073,1.854,2.018,2.008,0.000,0.791,0.000,1846201,0,0,171262
7887,19.2092,1.821,2.080,2.070,0.000,0.721,0.000,1813815,0,0,171262
7888,19.2110,1.846,1.910,1.901,0.000,0.743,0.000,1839674,0,0,171262
7889,19.2128,1.785,1.853,1.845,0.000,0.355,0.000,1777118,0,0,171262
7890,19.2146,1.824,1.821,1.813,0.000,0.715,0.000,1816708,0,0,171262
7891,19.2164,1.758,1.847,1.838,0.000,0.328,0.000,1750894,0,0,171262
7892,19.2181,1.752,1.784,1.776,0.000,0.677,0.000,1745322,0,0,171358
7893,19.2199,1.750,1.824,1.816,0.000,0.668,0.000,1743434,0,0,171262
7894,19.2221,1.721,1.758,1.750,0.000,0.353,0.000,1713380,0,0,171262
7895,19.2250,2.338,1.752,1.744,0.000,0.426,0.000,2331553,0,0,171262
7896,19.2269,2.891,1.750,1.742,0.000,0.606,0.000,2883591,0,0,171262
7897,19.2288,1.885,1.720,1.712,0.000,0.367,0.000,1877688,0,0,171262
7898,19.2305,1.797,2.339,2.330,0.000,0.362,0.000,1789190,0,0,171262
7899,19.2322,1.737,2.891,2.882,0.000,0.347,0.000,1730583,0,0,171262
7900,19.2340,1.770,1.885,1.877,0.000,0.293,0.000,1763664,0,0,171262
7901,19.2359,1.849,1.796,1.788,0.000,0.714,0.000,1842061,0,0,171262
7902,19.2378,1.910,1.737,1.729,0.000,0.678,0.000,1903050,0,0,171262
7903,19.2396,1.840,1.771,1.763,0.000,0.722,0.000,1832186,0,0,171262
7904,19.2417,1.831,1.849,1.841,0.000,0.384,0.000,1822898,0,0,171262
7905,19.2435,2.034,1.911,1.902,0.000,0.731,0.000,2026850,0,0,171262
7906,19.2453,1.886,1.840,1.831,0.000,0.683,0.000,1878401,0,0,171262
7907,19.2471,1.740,1.831,1.822,0.000,0.378,0.000,1732776,0,0,171262
7908,19.2488,1.743,2.035,2.026,0.000,0.276,0.000,1736300,0,0,171262
7909,19.2516,1.725,1.885,1.877,0.000,0.309,0.000,1718086,0,0,171262
7910,19.2534,2.809,1.740,1.732,0.000,0.275,0.000,2802208,0,0,171262
7911,19.2551,1.759,1.743,1.735,0.000,0.298,0.000,1751947,0,0,171262
7912,19.2569,1.752,1.725,1.717,0.000,0.379,0.000,1745204,0,0,171262
7913,19.2587,1.766,2.809,2.801,0.000,0.306,0.000,1758820,0,0,171262
7914,19.2607,1.838,1.759,1.751,0.000,0.328,0.000,1830402,0,0,171262
7915,19.2628,2.161,1.752,1.744,0.000,0.725,0.000,2153878,0,0,171262
7916,19.2648,2.020,1.766,1.758,0.000,0.328,0.000,2012160,0,0,171262
7917,19.2670,2.140,1.838,1.829,0.000,0.479,0.000,2131948,0,0,171262
7918,19.2693,2.245,2.162,2.153,0.000,0.397,0.000,2236926,0,0,171262
7919,19.2716,2.335,2.021,2.011,0.000,0.366,0.000,2325288,0,0,171262
7920,19.2738,2.257,2.141,2.131,0.000,0.431,0.000,2247910,0,0,171262
7921,19.2763,2.289,2.246,2.235,0.000,0.569,0.000,2280029,0,0,190353
7922,19.2784,2.318,2.335,2.324,0.000,0.388,0.000,2307896,0,0,171358
7923,19.2816,2.100,2.256,2.246,0.000,0.434,0.000,2091443,0,0,171262
7924,19.2839,3.216,2.289,2.279,0.000,0.853,0.000,3206875,0,0,171262
7925,19.2858,2.179,2.316,2.307,0.000,0.734,0.000,2169841,0,0,171262
7926,19.2878,1.939,2.100,2.090,0.000,0.788,0.000,1931742,0,0,171262
7927,19.2897,1.969,3.215,3.206,0.000,0.793,0.000,1961213,0,0,171262
7928,19.2916,1.908,2.177,2.169,0.000,0.720,0.000,1899956,0,0,171262
7929,19.2935,1.853,1.940,1.930,0.000,0.755,0.000,1845469,0,0,171262
7930,19.2953,1.888,1.969,1.960,0.000,0.569,0.000,1879779,0,0,171262
7931,19.2971,1.797,1.908,1.899,0.000,0.678,0.000,1789826,0,0,171262
7932,19.2990,1.861,1.853,1.844,0.000,0.722,0.000,1853581,0,0,171262
7933,19.3014,1.946,1.887,1.879,0.000,0.696,0.000,1937926,0,0,171262
7934,19.3038,2.652,1.797,1.789,0.000,0.719,0.000,2642166,0,0,171262
7935,19.3060,2.279,1.861,1.852,0.000,0.810,0.000,2268481,0,0,171262
7936,19.3081,2.081,1.948,1.937,0.000,0.903,0.000,2073642,0,0,171262
7937,19.3114,2.171,2.653,2.641,0.000,0.734,0.000,2162714,0,0,171262
7938,19.3140,3.455,2.276,2.267,0.000,0.797,0.000,3446521,0,0,171262
7939,19.3167,2.868,2.082,2.072,0.000,0.390,0.000,2856566,0,0,171262
7940,19.3189,2.315,2.171,2.161,0.000,0.559,0.000,2301282,0,0,171262
7941,19.3213,2.210,3.459,3.445,0.000,0.820,0.000,2200628,0,0,171262
7942,19.3235,2.303,2.870,2.855,0.000,0.786,0.000,2294502,0,0,171262
7943,19.3257,2.203,2.310,2.299,0.000,0.772,0.000,2194169,0,0,171262
7944,19.3280,2.244,2.209,2.199,0.000,0.831,0.000,2235578,0,0,171262
7945,19.3306,2.464,2.304,2.293,0.000,0.386,0.000,2454101,0,0,171262
7946,19.3334,2.783,2.202,2.193,0.000,0.477,0.000,2769760,0,0,171262
7947,19.3358,2.556,2.246,2.234,0.000,0.592,0.000,2543262,0,0,171262
7948,19.3381,2.320,2.467,2.453,0.000,0.567,0.000,2309562,0,0,171262
7949,19.3402,2.236,2.783,2.768,0.000,0.613,0.000,2225348,0,0,171262
7950,19.3427,2.224,2.554,2.542,0.000,0.634,0.000,2214969,0,0,171262
7951,19.3462,2.488,2.319,2.308,0.000,0.385,0.000,2476625,0,0,171262
7952,19.3486,3.550,2.235,2.224,0.000,0.557,0.000,3539438,0,0,171358
7953,19.3508,2.242,2.227,2.213,0.000,0.549,0.000,2233038,0,0,171262
7954,19.3530,2.261,2.487,2.475,0.000,0.394,0.000,2251140,0,0,171262
7955,19.3550,2.046,3.549,3.538,0.000,0.860,0.000,2037636,0,0,171262
7956,19.3571,2.048,2.242,2.231,0.000,0.503,0.000,2039081,0,0,171262
7957,19.3591,2.082,2.260,2.250,0.000,0.727,0.000,2073565,0,0,171262
7958,19.3613,2.042,2.046,2.036,0.000,0.798,0.000,2033719,0,0,171262
7959,19.3633,2.142,2.048,2.038,0.000,0.719,0.000,2133432,0,0,171262
7960,19.3653,1.977,2.082,2.072,0.000,0.683,0.000,1969017,0,0,171262
7961,19.3674,2.012,2.042,2.032,0.000,0.710,0.000,2004496,0,0,171262
7962,19.3695,2.136,2.142,2.132,0.000,0.417,0.000,2127212,0,0,171262
7963,19.3716,2.106,1.977,1.968,0.000,0.514,0.000,2097645,0,0,171262
7964,19.3738,2.181,2.014,2.003,0.000,0.382,0.000,2172566,0,0,171262
7965,19.3770,2.077,2.136,2.126,0.000,0.619,0.000,2068136,0,0,171262
7966,19.3792,3.291,2.106,2.096,0.000,0.567,0.000,3283184,0,0,171262
7967,19.3814,2.126,2.181,2.171,0.000,0.398,0.000,2114813,0,0,171262
7968,19.3834,2.232,2.076,2.067,0.000,0.385,0.000,2223703,0,0,171262
7969,19.3855,2.018,3.294,3.282,0.000,0.592,0.000,2009959,0,0,171262
7970,19.3876,2.051,2.123,2.113,0.000,0.761,0.000,2042839,0,0,171262
7971,19.3899,2.152,2.232,2.222,0.000,0.787,0.000,2143585,0,0,171262
7972,19.3921,2.361,2.018,2.009,0.000,0.754,0.000,2351450,0,0,171262
7973,19.3942,2.096,2.051,2.041,0.000,0.787,0.000,2086472,0,0,171262
7974,19.3966,2.247,2.153,2.142,0.000,0.498,0.000,2238742,0,0,171262
7975,19.3988,2.358,2.360,2.350,0.000,0.338,0.000,2346184,0,0,171262
7976,19.4010,2.060,2.095,2.085,0.000,0.511,0.000,2050383,0,0,171262
7977,19.4033,2.330,2.251,2.237,0.000,0.413,0.000,2321140,0,0,171262
7978,19.4054,2.253,2.356,2.344,0.000,0.348,0.000,2244848,0,0,171262
7979,19.4085,2.015,2.059,2.049,0.000,0.508,0.000,2005873,0,0,171262
7980,19.4103,3.043,2.329,2.320,0.000,0.471,0.000,3035389,0,0,171262
7981,19.4122,1.844,2.254,2.243,0.000,0.406,0.000,1836036,0,0,171262
7982,19.4140,1.875,2.013,2.004,0.000,0.320,0.000,1867316,0,0,171358
7983,19.4158,1.801,3.043,3.034,0.000,0.297,0.000,1794163,0,0,171262
7984,19.4176,1.784,1.844,1.835,0.000,0.378,0.000,1776620,0,0,171262
7985,19.4194,1.750,1.874,1.866,0.000,0.714,0.000,1743050,0,0,171262
7986,19.4216,1.821,1.801,1.793,0.000,0.361,0.000,1813567,0,0,171262
7987,19.4234,2.241,1.784,1.775,0.000,0.278,0.000,2233452,0,0,171262
7988,19.4251,1.729,1.750,1.742,0.000,0.540,0.000,1721820,0,0,171262
7989,19.4269,1.740,1.821,1.812,0.000,0.321,0.000,1732558,0,0,171262
7990,19.4287,1.801,2.241,2.232,0.000,0.343,0.000,1794326,0,0,171262
7991,19.4305,1.806,1.729,1.721,0.000,0.300,0.000,1798038,0,0,171262
7992,19.4323,1.744,1.740,1.731,0.000,0.537,0.000,1736440,0,0,171262
7993,19.4352,1.827,1.802,1.793,0.000,0.373,0.000,1819266,0,0,171262
7994,19.4374,3.176,1.805,1.797,0.000,0.668,0.000,3169532,0,0,171262
7995,19.4394,2.038,1.744,1.735,0.000,0.336,0.000,2028821,0,0,171262
7996,19.4415,2.014,1.826,1.818,0.000,0.414,0.000,2005588,0,0,171262
7997,19.4434,2.078,3.179,3.168,0.000,0.507,0.000,2070086,0,0,171262
7998,19.4453,1.878,2.037,2.028,0.000,0.412,0.000,1869762,0,0,171262
7999,19.4472,1.865,2.014,2.004,0.000,0.319,0.000,1856589,0,0,171262
8000,19.4491,1.924,2.078,2.069,0.000,0.312,0.000,1916972,0,0,171262
8001,19.4511,1.931,1.878,1.869,0.000,0.382,0.000,1923262,0,0,171262
8002,19.4530,1.971,1.864,1.855,0.000,0.582,0.000,1963226,0,0,171262
8003,19.4550,1.972,1.925,1.916,0.000,0.690,0.000,1964209,0,0,171262
8004,19.4568,1.880,1.931,1.922,0.000,0.696,0.000,1871533,0,0,171262
8005,19.4586,1.835,1.971,1.962,0.000,0.380,0.000,1827180,0,0,171262
8006,19.4605,1.817,1.972,1.963,0.000,0.351,0.000,1809701,0,0,171262
8007,19.4635,1.837,1.879,1.870,0.000,0.345,0.000,1829928,0,0,171262
8008,19.4655,3.138,1.835,1.826,0.000,0.591,0.000,3130168,0,0,171262
8009,19.4673,1.840,1.817,1.808,0.000,0.415,0.000,1832329,0,0,171262
8010,19.4692,1.858,1.838,1.829,0.000,0.696,0.000,1850503,0,0,171262
8011,19.4711,1.887,3.138,3.129,0.000,0.372,0.000,1878806,0,0,171262
8012,19.4732,2.039,1.839,1.831,0.000,0.364,0.000,2031331,0,0,171358
8013,19.4751,1.986,1.858,1.849,0.000,0.314,0.000,1977607,0,0,171262
8014,19.4770,1.910,1.886,1.878,0.000,0.404,0.000,1901923,0,0,171262
8015,19.4788,1.834,2.040,2.030,0.000,0.335,0.000,1826030,0,0,171262
8016,19.4814,2.189,1.985,1.976,0.000,0.328,0.000,2181223,0,0,171262
8017,19.4833,2.265,1.910,1.901,0.000,0.582,0.000,2257516,0,0,171262
8018,19.4851,1.837,1.834,1.825,0.000,0.498,0.000,1829009,0,0,171262
8019,19.4869,1.799,2.189,2.180,0.000,0.356,0.000,1791282,0,0,171262
8020,19.4887,1.805,2.265,2.256,0.000,0.322,0.000,1797431,0,0,171262
8021,19.4917,1.844,1.837,1.828,0.000,0.390,0.000,1836452,0,0,171262
8022,19.4937,3.082,1.799,1.790,0.000,0.538,0.000,3074920,0,0,171262
8023,19.4955,1.913,1.805,1.796,0.000,0.319,0.000,1904539,0,0,171262
8024,19.4974,1.838,1.844,1.835,0.000,0.417,0.000,1829779,0,0,171262
8025,19.4991,1.773,3.083,3.074,0.000,0.339,0.000,1764954,0,0,171262
8026,19.5010,1.794,1.913,1.903,0.000,0.379,0.000,1786790,0,0,171262
8027,19.5028,1.894,1.837,1.829,0.000,0.333,0.000,1886684,0,0,171262
8028,19.5046,1.751,1.772,1.764,0.000,0.376,0.000,1743641,0,0,171262
8029,19.5064,1.836,1.794,1.785,0.000,0.306,0.000,1828510,0,0,171262
8030,19.5081,1.783,1.895,1.885,0.000,0.399,0.000,1775078,0,0,171262
8031,19.5098,1.687,1.751,1.742,0.000,0.334,0.000,1679311,0,0,171262
8032,19.5115,1.677,1.836,1.827,0.000,0.715,0.000,1670453,0,0,171262
8033,19.5133,1.717,1.782,1.774,0.000,0.637,0.000,1709909,0,0,171262
8034,19.5150,1.756,1.686,1.678,0.000,0.577,0.000,1748762,0,0,171262
8035,19.5179,1.807,1.677,1.669,0.000,0.285,0.000,1798891,0,0,171262
8036,19.5197,2.898,1.717,1.709,0.000,0.622,0.000,2890376,0,0,171262
8037,19.5216,1.814,1.756,1.748,0.000,0.673,0.000,1801184,0,0,171262
8038,19.5234,1.849,1.806,1.798,0.000,0.544,0.000,1841906,0,0,171262
8039,19.5251,1.739,2.904,2.889,0.000,0.332,0.000,1731076,0,0,171262
8040,19.5268,1.682,1.809,1.800,0.000,0.473,0.000,1675350,0,0,171262
8041,19.5287,1.826,1.850,1.841,0.000,0.306,0.000,1818971,0,0,190353
8042,19.5305,1.844,1.738,1.730,0.000,0.316,0.000,1835681,0,0,171358
8043,19.5324,1.835,1.683,1.674,0.000,0.544,0.000,1827450,0,0,171262
8044,19.5343,1.931,1.827,1.818,0.000,0.295,0.000,1923453,0,0,171262
8045,19.5365,2.117,1.843,1.834,0.000,0.442,0.000,2109321,0,0,171262
8046,19.5385,2.029,1.835,1.826,0.000,0.361,0.000,2020765,0,0,171262
8047,19.5404,1.922,1.931,1.922,0.000,0.375,0.000,1913341,0,0,171262
8048,19.5424,1.901,2.118,2.108,0.000,0.331,0.000,1892902,0,0,171262
8049,19.5455,2.050,2.029,2.020,0.000,0.327,0.000,2042071,0,0,171262
8050,19.5482,3.341,1.921,1.912,0.000,0.367,0.000,3333345,0,0,171262
8051,19.5504,2.662,1.900,1.892,0.000,0.364,0.000,2652239,0,0,171262
8052,19.5524,2.032,2.050,2.041,0.000,0.885,0.000,2023034,0,0,171262
8053,19.5542,1.914,3.343,3.332,0.000,0.795,0.000,1906329,0,0,171262
8054,19.5561,1.868,2.661,2.651,0.000,0.397,0.000,1860096,0,0,171262
8055,19.5581,1.953,2.031,2.021,0.000,0.497,0.000,1944895,0,0,171822
8056,19.5600,1.892,1.914,1.905,0.000,0.770,0.000,1884200,0,0,171318
8057,19.5620,1.892,1.868,1.859,0.000,0.366,0.000,1882819,0,0,171262
8058,19.5640,2.028,1.953,1.944,0.000,0.721,0.000,2020669,0,0,171262
8059,19.5659,2.022,1.894,1.883,0.000,0.398,0.000,2013281,0,0,171262
8060,19.5678,1.887,1.890,1.881,0.000,0.369,0.000,1878991,0,0,171262
8061,19.5695,1.797,2.030,2.019,0.000,0.445,0.000,1789272,0,0,171262
8062,19.5714,1.807,2.020,2.012,0.000,0.688,0.000,1800232,0,0,171262
8063,19.5743,1.858,1.886,1.878,0.000,0.601,0.000,1851173,0,0,171262
8064,19.5764,2.897,1.796,1.788,0.000,0.737,0.000,2889149,0,0,171262
8065,19.5785,2.270,1.807,1.799,0.000,0.673,0.000,2262853,0,0,171262
8066,19.5805,1.961,1.859,1.850,0.000,0.703,0.000,1953400,0,0,171262
8067,19.5827,2.102,2.897,2.888,0.000,0.412,0.000,2093377,0,0,171262
8068,19.5847,2.153,2.271,2.262,0.000,0.414,0.000,2144391,0,0,171262
8069,19.5869,2.169,1.962,1.952,0.000,0.409,0.000,2159774,0,0,171262
8070,19.5891,2.157,2.102,2.092,0.000,0.373,0.000,2147969,0,0,171262
8071,19.5913,2.148,2.153,2.143,0.000,0.438,0.000,2137901,0,0,171262
8072,19.5934,2.166,2.169,2.158,0.000,0.886,0.000,2156061,0,0,171358
8073,19.5954,2.028,2.157,2.146,0.000,0.408,0.000,2019207,0,0,171262
8074,19.5973,1.977,2.147,2.136,0.000,0.396,0.000,1969013,0,0,171262
8075,19.5993,1.941,2.164,2.155,0.000,0.334,0.000,1933134,0,0,171262
8076,19.6014,1.970,2.027,2.018,0.000,0.310,0.000,1961522,0,0,171262
8077,19.6065,2.217,1.977,1.968,0.000,0.710,0.000,2208601,0,0,171262
8078,19.6098,5.566,1.941,1.932,0.000,0.417,0.000,5557941,0,0,171262
8079,19.6135,4.153,1.970,1.960,0.000,0.364,0.000,4143225,0,0,171262
8080,19.6161,2.665,2.217,2.207,0.000,0.657,0.000,2651426,0,0,171262
8081,19.6190,2.699,5.570,5.557,0.000,0.423,0.000,2688002,0,0,171262
8082,19.6215,2.634,4.157,4.141,0.000,0.494,0.000,2619555,0,0,171262
8083,19.6237,2.440,2.661,2.648,0.000,0.408,0.000,2431467,0,0,171262
8084,19.6260,2.192,2.702,2.686,0.000,0.882,0.000,2182396,0,0,171262
8085,19.6282,2.284,2.628,2.618,0.000,0.743,0.000,2275460,0,0,171262
8086,19.6306,2.306,2.440,2.430,0.000,0.776,0.000,2297533,0,0,171262
8087,19.6332,2.399,2.191,2.181,0.000,0.842,0.000,2390239,0,0,171262
8088,19.6358,2.756,2.285,2.274,0.000,0.808,0.000,2746777,0,0,171262
8089,19.6381,2.383,2.306,2.296,0.000,0.917,0.000,2373607,0,0,171262
8090,19.6402,2.242,2.400,2.389,0.000,0.806,0.000,2233563,0,0,171262
8091,19.6425,2.083,2.756,2.745,0.000,0.445,0.000,2074579,0,0,171262
8092,19.6458,2.255,2.382,2.372,0.000,0.348,0.000,2245734,0,0,171262
8093,19.6480,3.394,2.242,2.232,0.000,0.446,0.000,3385607,0,0,171262
8094,19.6503,2.252,2.084,2.073,0.000,0.461,0.000,2242487,0,0,171262
8095,19.6529,2.195,2.255,2.244,0.000,0.494,0.000,2186011,0,0,171262
8096,19.6551,2.666,3.395,3.384,0.000,0.398,0.000,2657922,0,0,171262
8097,19.6572,2.111,2.252,2.241,0.000,0.428,0.000,2101747,0,0,171262
8098,19.6592,2.071,2.195,2.185,0.000,0.360,0.000,2062066,0,0,171262
8099,19.6613,1.945,2.667,2.657,0.000,0.322,0.000,1936903,0,0,171262
8100,19.6633,2.135,2.110,2.100,0.000,0.313,0.000,2126887,0,0,171262
8101,19.6658,2.254,2.070,2.060,0.000,0.806,0.000,2246287,0,0,171262
8102,19.6678,2.243,1.945,1.936,0.000,0.403,0.000,2230655,0,0,171358
8103,19.6699,2.069,2.135,2.126,0.000,0.389,0.000,2060235,0,0,171262
8104,19.6720,2.100,2.258,2.245,0.000,0.796,0.000,2091149,0,0,171262
8105,19.6743,2.165,2.239,2.229,0.000,0.765,0.000,2157389,0,0,171262
8106,19.6788,2.523,2.069,2.059,0.000,0.421,0.000,2515025,0,0,171262
8107,19.6821,4.331,2.099,2.090,0.000,0.409,0.000,4318054,0,0,171262
8108,19.6840,3.090,2.166,2.156,0.000,0.329,0.000,3081864,0,0,171262
8109,19.6858,1.881,2.528,2.514,0.000,0.452,0.000,1873231,0,0,171262
8110,19.6876,1.813,4.326,4.316,0.000,0.318,0.000,1805977,0,0,171262
8111,19.6894,1.747,3.090,3.081,0.000,0.310,0.000,1739743,0,0,171262
8112,19.6911,1.714,1.880,1.872,0.000,0.282,0.000,1706850,0,0,171262
8113,19.6929,1.769,1.813,1.805,0.000,0.338,0.000,1762540,0,0,171262
8114,19.6946,1.768,1.747,1.739,0.000,0.306,0.000,1760509,0,0,171262
8115,19.6964,1.719,1.714,1.706,0.000,0.313,0.000,1712460,0,0,171262
8116,19.6983,1.875,1.770,1.761,0.000,0.322,0.000,1867547,0,0,171262
8117,19.7005,1.844,1.767,1.759,0.000,0.386,0.000,1836605,0,0,171262
8118,19.7024,2.147,1.720,1.711,0.000,0.302,0.000,2140258,0,0,171262
8119,19.7042,1.936,1.875,1.866,0.000,0.311,0.000,1928912,0,0,171262
8120,19.7102,1.795,1.843,1.835,0.000,0.289,0.000,1788018,0,0,171262
8121,19.7123,6.165,2.147,2.139,0.000,0.352,0.000,6158337,0,0,171262
8122,19.7141,1.930,1.936,1.928,0.000,0.291,0.000,1921460,0,0,171262
8123,19.7158,1.781,1.795,1.787,0.000,0.412,0.000,1774272,0,0,171262
8124,19.7176,1.747,6.167,6.157,0.000,0.727,0.000,1739763,0,0,171822
8125,19.7194,1.725,1.928,1.920,0.000,0.653,0.000,1717957,0,0,171318
8126,19.7213,1.816,1.781,1.773,0.000,0.566,0.000,1809293,0,0,171262
8127,19.7230,1.904,1.746,1.739,0.000,0.706,0.000,1896419,0,0,171262
8128,19.7248,1.743,1.725,1.717,0.000,0.656,0.000,1735922,0,0,171262
8129,19.7266,1.748,1.816,1.808,0.000,0.639,0.000,1741287,0,0,171262
8130,19.7283,1.805,1.903,1.895,0.000,0.697,0.000,1797487,0,0,171262
8131,19.7301,1.758,1.743,1.735,0.000,0.357,0.000,1751023,0,0,171262
8132,19.7318,1.722,1.748,1.740,0.000,0.309,0.000,1714663,0,0,171358
8133,19.7336,1.759,1.805,1.796,0.000,0.299,0.000,1752256,0,0,171262
8134,19.7364,1.794,1.758,1.750,0.000,0.286,0.000,1784777,0,0,171262
8135,19.7383,2.891,1.722,1.714,0.000,0.475,0.000,2883741,0,0,171262
8136,19.7401,1.811,1.762,1.751,0.000,0.719,0.000,1803488,0,0,171262
8137,19.7420,1.742,1.792,1.783,0.000,0.366,0.000,1735110,0,0,171262
8138,19.7438,2.010,2.891,2.883,0.000,0.490,0.000,2002454,0,0,171262
8139,19.7455,1.756,1.810,1.802,0.000,0.327,0.000,1748402,0,0,171262
8140,19.7473,1.721,1.743,1.734,0.000,0.383,0.000,1714181,0,0,171262
8141,19.7499,2.018,2.010,2.001,0.000,0.318,0.000,2011508,0,0,171262
8142,19.7517,2.392,1.755,1.747,0.000,0.295,0.000,2381370,0,0,171262
8143,19.7536,1.831,1.721,1.713,0.000,0.324,0.000,1823405,0,0,171262
8144,19.7555,1.907,2.022,2.010,0.000,0.352,0.000,1899781,0,0,171262
8145,19.7573,1.823,2.389,2.380,0.000,0.366,0.000,1815687,0,0,171262
8146,19.7592,1.872,1.830,1.822,0.000,0.326,0.000,1864994,0,0,171262
8147,19.7611,1.819,1.907,1.899,0.000,0.349,0.000,1812232,0,0,171262
8148,19.7640,1.938,1.823,1.814,0.000,0.293,0.000,1929518,0,0,171262
8149,19.7660,3.041,1.872,1.864,0.000,0.716,0.000,3033415,0,0,171262
8150,19.7679,1.918,1.820,1.811,0.000,0.373,0.000,1909409,0,0,171262
8151,19.7696,1.782,1.937,1.928,0.000,0.597,0.000,1774089,0,0,171262
8152,19.7714,1.740,3.042,3.032,0.000,0.376,0.000,1733245,0,0,171262
8153,19.7732,1.758,1.917,1.908,0.000,0.322,0.000,1750510,0,0,171262
8154,19.7750,1.793,1.781,1.773,0.000,0.319,0.000,1786061,0,0,171262
8155,19.7767,1.814,1.740,1.732,0.000,0.682,0.000,1806856,0,0,171262
8156,19.7785,1.776,1.757,1.749,0.000,0.737,0.000,1768415,0,0,171262
8157,19.7812,2.092,1.793,1.785,0.000,0.363,0.000,2085560,0,0,171262
8158,19.7831,2.443,1.814,1.806,0.000,0.579,0.000,2431752,0,0,171262
8159,19.7850,1.870,1.775,1.767,0.000,0.312,0.000,1861435,0,0,171262
8160,19.7868,1.884,2.097,2.084,0.000,0.314,0.000,1876887,0,0,171262
8161,19.7897,1.871,2.440,2.430,0.000,0.392,0.000,1862934,0,0,190353
8162,19.7917,2.935,1.869,1.860,0.000,0.734,0.000,2927774,0,0,171358
8163,19.7934,1.827,1.884,1.876,0.000,0.363,0.000,1818757,0,0,171262
8164,19.7951,1.729,1.870,1.862,0.000,0.688,0.000,1720944,0,0,171262
8165,19.7968,1.720,2.936,2.926,0.000,0.623,0.000,1712420,0,0,171262
8166,19.7986,1.725,1.826,1.818,0.000,0.332,0.000,1718644,0,0,171262
8167,19.8009,2.161,1.728,1.720,0.000,0.342,0.000,2154089,0,0,171262
8168,19.8028,1.904,1.719,1.711,0.000,0.293,0.000,1896713,0,0,171262
8169,19.8048,1.982,1.726,1.718,0.000,0.608,0.000,1975037,0,0,171262
8170,19.8070,2.044,2.162,2.153,0.000,0.683,0.000,2036141,0,0,171262
8171,19.8092,2.285,1.904,1.896,0.000,0.365,0.000,2277383,0,0,171262
8172,19.8113,2.186,1.983,1.974,0.000,0.664,0.000,2176749,0,0,171262
8173,19.8134,2.086,2.044,2.034,0.000,0.420,0.000,2077465,0,0,171262
8174,19.8155,2.086,2.286,2.276,0.000,0.384,0.000,2076968,0,0,171262
8175,19.8186,2.042,2.185,2.175,0.000,0.511,0.000,2033751,0,0,171262
8176,19.8210,3.285,2.087,2.076,0.000,0.423,0.000,3276641,0,0,171262
8177,19.8232,2.303,2.086,2.075,0.000,0.391,0.000,2294186,0,0,171262
8178,19.8252,2.116,2.042,2.032,0.000,0.428,0.000,2105945,0,0,171262
8179,19.8271,1.951,3.286,3.275,0.000,0.443,0.000,1942909,0,0,171262
8180,19.8289,1.892,2.304,2.293,0.000,0.371,0.000,1881544,0,0,171262
8181,19.8307,1.772,2.115,2.104,0.000,0.729,0.000,1764356,0,0,171262
8182,19.8325,1.761,1.953,1.941,0.000,0.671,0.000,1753590,0,0,171262
8183,19.8344,1.860,1.889,1.880,0.000,0.518,0.000,1852228,0,0,171262
8184,19.8362,1.840,1.772,1.763,0.000,0.306,0.000,1832330,0,0,171262
8185,19.8380,1.774,1.761,1.752,0.000,0.377,0.000,1766817,0,0,171262
8186,19.8398,1.821,1.860,1.851,0.000,0.336,0.000,1814186,0,0,171262
8187,19.8416,1.784,1.839,1.831,0.000,0.725,0.000,1777084,0,0,171262
8188,19.8434,1.838,1.774,1.766,0.000,0.694,0.000,1831014,0,0,171262
8189,19.8461,1.690,1.821,1.813,0.000,0.357,0.000,1683106,0,0,171262
8190,19.8480,2.797,1.784,1.776,0.000,0.294,0.000,2789797,0,0,171262
8191,19.8497,1.842,1.838,1.830,0.000,0.672,0.000,1834262,0,0,171262
8192,19.8514,1.764,1.690,1.682,0.000,0.342,0.000,1750037,0,0,171358
8193,19.8532,1.676,2.797,2.789,0.000,0.357,0.000,1668381,0,0,171262
8194,19.8549,1.752,1.848,1.833,0.000,0.578,0.000,1745205,0,0,171262
8195,19.8567,1.803,1.757,1.749,0.000,0.656,0.000,1795765,0,0,171262
8196,19.8586,1.854,1.675,1.667,0.000,0.347,0.000,1846595,0,0,171262
8197,19.8604,1.856,1.752,1.744,0.000,0.374,0.000,1849065,0,0,171262
8198,19.8624,1.796,1.803,1.795,0.000,0.740,0.000,1788536,0,0,171262
8199,19.8642,1.965,1.854,1.845,0.000,0.684,0.000,1957668,0,0,171262
8200,19.8660,1.798,1.856,1.848,0.000,0.354,0.000,1790395,0,0,171262
8201,19.8678,1.797,1.796,1.787,0.000,0.726,0.000,1789291,0,0,171262
8202,19.8697,1.913,1.965,1.956,0.000,0.330,0.000,1905820,0,0,171262
8203,19.8726,1.836,1.798,1.789,0.000,0.297,0.000,1828717,0,0,171262
8204,19.8745,2.871,1.796,1.788,0.000,0.293,0.000,2863175,0,0,171262
8205,19.8763,1.843,1.913,1.905,0.000,0.364,0.000,1835203,0,0,171262
8206,19.8780,1.778,1.836,1.827,0.000,0.365,0.000,1770815,0,0,171262
8207,19.8797,1.729,2.871,2.862,0.000,0.308,0.000,1722580,0,0,171262
8208,19.8816,1.711,1.842,1.834,0.000,0.285,0.000,1703275,0,0,171262
8209,19.8833,1.859,1.778,1.770,0.000,0.342,0.000,1852204,0,0,171262
8210,19.8852,1.810,1.730,1.721,0.000,0.309,0.000,1803205,0,0,171262
8211,19.8870,1.844,1.710,1.702,0.000,0.310,0.000,1836786,0,0,171262
8212,19.8887,1.749,1.859,1.851,0.000,0.377,0.000,1741614,0,0,171262
8213,19.8905,1.752,1.811,1.802,0.000,0.317,0.000,1737798,0,0,171262
8214,19.8923,1.847,1.844,1.836,0.000,0.697,0.000,1840566,0,0,171262
8215,19.8941,1.779,1.756,1.740,0.000,0.621,0.000,1772463,0,0,171262
8216,19.8959,1.794,1.745,1.736,0.000,0.302,0.000,1786919,0,0,171262
8217,19.8990,1.895,1.847,1.839,0.000,0.281,0.000,1886799,0,0,171262
8218,19.9017,3.054,1.779,1.771,0.000,0.484,0.000,3046617,0,0,171262
8219,19.9049,3.217,1.794,1.786,0.000,0.316,0.000,3208899,0,0,171262
8220,19.9073,3.095,1.894,1.886,0.000,0.419,0.000,3081995,0,0,171262
8221,19.9094,2.081,3.055,3.045,0.000,0.361,0.000,2072280,0,0,171262
8222,19.9115,2.104,3.221,3.207,0.000,0.332,0.000,2096078,0,0,171358
8223,19.9134,2.023,3.090,3.080,0.000,0.344,0.000,2012327,0,0,171262
8224,19.9154,1.911,2.080,2.071,0.000,0.520,0.000,1902978,0,0,171262
8225,19.9175,2.013,2.107,2.095,0.000,0.368,0.000,2004940,0,0,171262
8226,19.9197,2.230,2.020,2.011,0.000,0.774,0.000,2221285,0,0,171262
8227,19.9219,2.140,1.911,1.902,0.000,0.588,0.000,2132108,0,0,171822
8228,19.9240,2.182,2.014,2.004,0.000,0.386,0.000,2173769,0,0,171318
8229,19.9259,2.002,2.230,2.220,0.000,0.783,0.000,1993422,0,0,171262
8230,19.9278,1.879,2.140,2.131,0.000,0.728,0.000,1872047,0,0,171262
8231,19.9307,1.844,2.182,2.173,0.000,0.687,0.000,1829845,0,0,171262
8232,19.9326,2.954,2.001,1.992,0.000,0.682,0.000,2946841,0,0,171262
8233,19.9345,1.886,1.886,1.871,0.000,0.667,0.000,1878684,0,0,171262
8234,19.9363,1.866,1.837,1.829,0.000,0.398,0.000,1857923,0,0,171262
8235,19.9381,1.792,2.954,2.946,0.000,0.672,0.000,1784726,0,0,171262
8236,19.9399,1.826,1.886,1.878,0.000,0.365,0.000,1818979,0,0,171262
8237,19.9417,1.736,1.865,1.857,0.000,0.295,0.000,1728706,0,0,171262
8238,19.9434,1.820,1.792,1.783,0.000,0.315,0.000,1812711,0,0,171262
8239,19.9452,1.707,1.826,1.818,0.000,0.356,0.000,1699637,0,0,171262
8240,19.9469,1.773,1.736,1.728,0.000,0.294,0.000,1765723,0,0,171262
8241,19.9487,1.736,1.820,1.812,0.000,0.311,0.000,1728523,0,0,171262
8242,19.9504,1.786,1.707,1.698,0.000,0.411,0.000,1778859,0,0,171262
8243,19.9522,1.769,1.773,1.765,0.000,0.348,0.000,1761253,0,0,171262
8244,19.9540,1.737,1.736,1.727,0.000,0.328,0.000,1729983,0,0,171262
8245,19.9568,1.818,1.786,1.778,0.000,0.398,0.000,1811201,0,0,171262
8246,19.9587,2.896,1.769,1.760,0.000,0.311,0.000,2888889,0,0,171262
8247,19.9609,1.839,1.737,1.729,0.000,0.327,0.000,1830482,0,0,171262
8248,19.9630,2.366,1.819,1.810,0.000,0.338,0.000,2358860,0,0,171262
8249,19.9650,2.034,2.897,2.888,0.000,0.521,0.000,2025279,0,0,171262
8250,19.9671,2.054,1.838,1.829,0.000,0.759,0.000,2045990,0,0,171262
8251,19.9693,2.151,2.368,2.358,0.000,0.726,0.000,2142403,0,0,171262
8252,19.9715,2.194,2.033,2.024,0.000,0.800,0.000,2185160,0,0,171358
8253,19.9736,2.157,2.055,2.045,0.000,0.784,0.000,2147613,0,0,171262
8254,19.9755,1.991,2.151,2.141,0.000,0.462,0.000,1982362,0,0,171262
8255,19.9775,1.944,2.195,2.184,0.000,0.788,0.000,1936685,0,0,171262
8256,19.9794,1.928,2.157,2.146,0.000,0.688,0.000,1920061,0,0,171262
8257,19.9814,1.881,1.990,1.981,0.000,0.717,0.000,1873466,0,0,171262
8258,19.9833,2.060,1.945,1.935,0.000,0.381,0.000,2053273,0,0,171262
8259,19.9863,1.905,1.928,1.919,0.000,0.337,0.000,1896181,0,0,171262
8260,19.9886,3.162,1.881,1.872,0.000,0.344,0.000,3154440,0,0,171262
8261,19.9909,2.380,2.062,2.052,0.000,0.300,0.000,2371028,0,0,171262
8262,19.9929,2.121,1.903,1.895,0.000,0.403,0.000,2111531,0,0,171262
8263,19.9948,1.951,3.164,3.153,0.000,0.454,0.000,1942888,0,0,171262
8264,19.9967,1.812,2.380,2.369,0.000,0.375,0.000,1803437,0,0,171262
8265,19.9988,1.979,2.120,2.110,0.000,0.750,0.000,1972201,0,0,171262
8266,20.0010,2.111,1.951,1.941,0.000,0.688,0.000,2102763,0,0,171262
8267,20.0031,2.165,1.811,1.802,0.000,0.830,0.000,2156265,0,0,171262
8268,20.0051,2.148,1.981,1.971,0.000,0.407,0.000,2140068,0,0,171262
8269,20.0073,2.093,2.111,2.101,0.000,0.402,0.000,2084247,0,0,171262
8270,20.0094,2.137,2.164,2.155,0.000,0.460,0.000,2128126,0,0,171262
8271,20.0113,2.003,2.149,2.139,0.000,0.361,0.000,1994601,0,0,171262
8272,20.0133,1.899,2.093,2.083,0.000,0.411,0.000,1890312,0,0,171262
8273,20.0164,2.050,2.137,2.127,0.000,0.388,0.000,2042536,0,0,171262
8274,20.0185,3.197,2.003,1.993,0.000,0.714,0.000,3189331,0,0,171262
8275,20.0203,1.937,1.898,1.889,0.000,0.715,0.000,1928952,0,0,171262
8276,20.0223,1.808,2.051,2.041,0.000,0.388,0.000,1799981,0,0,171262
8277,20.0242,2.037,3.198,3.188,0.000,0.308,0.000,2029229,0,0,171262
8278,20.0261,1.903,1.936,1.928,0.000,0.410,0.000,1894883,0,0,171262
8279,20.0279,1.876,1.808,1.799,0.000,0.753,0.000,1868321,0,0,171262
8280,20.0298,1.841,2.037,2.028,0.000,0.708,0.000,1833131,0,0,171262
8281,20.0319,1.919,1.903,1.894,0.000,0.669,0.000,1912068,0,0,190353
8282,20.0339,2.087,1.876,1.867,0.000,0.660,0.000,2078560,0,0,171358
8283,20.0359,1.999,1.840,1.832,0.000,0.433,0.000,1991196,0,0,171262
8284,20.0378,1.966,1.920,1.911,0.000,0.753,0.000,1958408,0,0,171262
8285,20.0399,2.023,2.086,2.077,0.000,0.695,0.000,2014514,0,0,171262
8286,20.0419,1.985,1.999,1.990,0.000,0.718,0.000,1977352,0,0,171262
8287,20.0464,3.424,1.966,1.957,0.000,0.408,0.000,3413076,0,0,171262
8288,20.0483,3.087,2.023,2.013,0.000,0.729,0.000,3078881,0,0,171262
8289,20.0503,1.939,1.988,1.976,0.000,0.356,0.000,1931611,0,0,171262
8290,20.0521,1.848,3.421,3.412,0.000,0.356,0.000,1840814,0,0,171262
8291,20.0539,1.766,3.086,3.077,0.000,0.711,0.000,1758407,0,0,171262
8292,20.0556,1.831,1.939,1.930,0.000,0.372,0.000,1823593,0,0,171262
8293,20.0574,1.744,1.848,1.840,0.000,0.313,0.000,1736042,0,0,171262
8294,20.0591,1.733,1.765,1.757,0.000,0.708,0.000,1725545,0,0,171262
8295,20.0616,1.709,1.832,1.822,0.000,0.656,0.000,1702236,0,0,171262
8296,20.0636,2.712,1.743,1.735,0.000,0.342,0.000,2705260,0,0,171262
8297,20.0655,1.896,1.733,1.724,0.000,0.490,0.000,1887519,0,0,171262
8298,20.0674,1.884,1.709,1.701,0.000,0.342,0.000,1876410,0,0,171262
8299,20.0692,1.836,2.714,2.704,0.000,0.299,0.000,1828169,0,0,171262
8300,20.0712,1.911,1.895,1.886,0.000,0.303,0.000,1903182,0,0,171262
8301,20.0743,2.000,1.884,1.875,0.000,0.384,0.000,1991972,0,0,171262
8302,20.0763,3.135,1.836,1.827,0.000,0.378,0.000,3127340,0,0,171262
8303,20.0783,1.975,1.912,1.902,0.000,0.355,0.000,1966024,0,0,171262
8304,20.0803,1.947,2.000,1.990,0.000,0.465,0.000,1939087,0,0,171262
8305,20.0824,2.018,3.136,3.126,0.000,0.346,0.000,2010068,0,0,171262
8306,20.0844,2.148,1.974,1.965,0.000,0.777,0.000,2139883,0,0,171262
8307,20.0862,1.890,1.947,1.938,0.000,0.365,0.000,1882185,0,0,171262
8308,20.0880,1.816,2.018,2.009,0.000,0.346,0.000,1808138,0,0,171262
8309,20.0899,1.804,2.148,2.139,0.000,0.693,0.000,1796672,0,0,171262
8310,20.0916,1.828,1.890,1.881,0.000,0.377,0.000,1821277,0,0,171262
8311,20.0935,1.834,1.816,1.807,0.000,0.308,0.000,1827023,0,0,171262
8312,20.0953,1.829,1.803,1.795,0.000,0.276,0.000,1821930,0,0,171358
8313,20.0971,1.740,1.829,1.820,0.000,0.703,0.000,1733104,0,0,171262
8314,20.0988,1.791,1.834,1.826,0.000,0.679,0.000,1783755,0,0,171262
8315,20.1018,1.773,1.829,1.821,0.000,0.378,0.000,1766400,0,0,171262
8316,20.1037,3.091,1.740,1.732,0.000,0.311,0.000,3083999,0,0,171262
8317,20.1056,1.849,1.790,1.782,0.000,0.355,0.000,1840936,0,0,171262
8318,20.1073,1.810,1.773,1.765,0.000,0.320,0.000,1802833,0,0,171262
8319,20.1091,1.722,3.092,3.083,0.000,0.630,0.000,1715298,0,0,171262
8320,20.1108,1.720,1.848,1.840,0.000,0.319,0.000,1713244,0,0,171262
8321,20.1125,1.743,1.810,1.802,0.000,0.302,0.000,1734951,0,0,171262
8322,20.1143,1.763,1.722,1.714,0.000,0.292,0.000,1755786,0,0,171262
8323,20.1160,1.730,1.721,1.712,0.000,0.294,0.000,1722970,0,0,171262
8324,20.1178,1.758,1.742,1.734,0.000,0.272,0.000,1751362,0,0,171262
8325,20.1197,1.762,1.763,1.755,0.000,0.292,0.000,1755044,0,0,171262
8326,20.1217,1.985,1.730,1.722,0.000,0.629,0.000,1978030,0,0,171262
8327,20.1234,1.900,1.758,1.750,0.000,0.679,0.000,1892420,0,0,171262
8328,20.1252,1.754,1.762,1.754,0.000,0.383,0.000,1745912,0,0,171262
8329,20.1281,1.810,1.986,1.977,0.000,0.337,0.000,1803563,0,0,171262
8330,20.1300,2.900,1.900,1.891,0.000,0.279,0.000,2892321,0,0,171262
8331,20.1317,1.794,1.753,1.745,0.000,0.278,0.000,1786272,0,0,171262
8332,20.1334,1.680,1.811,1.802,0.000,0.316,0.000,1672637,0,0,171262
8333,20.1359,2.008,2.900,2.891,0.000,0.276,0.000,2001207,0,0,171262
8334,20.1377,2.391,1.794,1.785,0.000,0.286,0.000,2381949,0,0,171262
8335,20.1394,1.672,1.680,1.671,0.000,0.251,0.000,1665125,0,0,171262
8336,20.1412,1.676,2.012,2.000,0.000,0.350,0.000,1669164,0,0,171262
8337,20.1430,1.821,2.388,2.379,0.000,0.267,0.000,1814646,0,0,171262
8338,20.1448,1.874,1.672,1.664,0.000,0.278,0.000,1866738,0,0,171262
8339,20.1466,1.746,1.676,1.668,0.000,0.619,0.000,1739071,0,0,171262
8340,20.1483,1.758,1.822,1.814,0.000,0.703,0.000,1751535,0,0,171262
8341,20.1501,1.744,1.874,1.865,0.000,0.604,0.000,1736513,0,0,171262
8342,20.1519,1.799,1.746,1.738,0.000,0.657,0.000,1792752,0,0,171358
8343,20.1546,1.745,1.759,1.750,0.000,0.670,0.000,1737946,0,0,171262
8344,20.1565,2.857,1.743,1.735,0.000,0.339,0.000,2849874,0,0,171262
8345,20.1583,1.810,1.799,1.792,0.000,0.375,0.000,1802020,0,0,171262
8346,20.1601,1.752,1.745,1.737,0.000,0.655,0.000,1744586,0,0,171262
8347,20.1619,1.791,2.858,2.849,0.000,0.300,0.000,1782837,0,0,171262
8348,20.1636,1.837,1.809,1.801,0.000,0.348,0.000,1829515,0,0,171262
8349,20.1655,1.804,1.753,1.743,0.000,0.662,0.000,1797663,0,0,171262
8350,20.1672,1.772,1.790,1.781,0.000,0.365,0.000,1764657,0,0,171262
8351,20.1689,1.695,1.836,1.828,0.000,0.638,0.000,1688069,0,0,171262
8352,20.1706,1.678,1.805,1.796,0.000,0.589,0.000,1670950,0,0,171262
8353,20.1724,1.801,1.772,1.763,0.000,0.641,0.000,1795082,0,0,171262
8354,20.1742,1.781,1.695,1.687,0.000,0.398,0.000,1773870,0,0,171262
8355,20.1761,1.839,1.677,1.670,0.000,0.644,0.000,1832791,0,0,171262
8356,20.1779,1.888,1.802,1.794,0.000,0.651,0.000,1879386,0,0,171262
8357,20.1827,1.785,1.781,1.773,0.000,0.627,0.000,1777575,0,0,171262
8358,20.1857,5.311,1.841,1.831,0.000,0.656,0.000,5303849,0,0,171262
8359,20.1891,3.875,1.886,1.878,0.000,0.675,0.000,3864698,0,0,171262
8360,20.1913,2.305,1.785,1.776,0.000,0.726,0.000,2293645,0,0,171262
8361,20.1934,2.068,5.315,5.303,0.000,0.594,0.000,2058888,0,0,171262
8362,20.1954,2.057,3.875,3.863,0.000,0.383,0.000,2049063,0,0,171262
8363,20.1973,1.905,2.301,2.291,0.000,0.390,0.000,1897494,0,0,171262
8364,20.1993,1.978,2.067,2.058,0.000,0.398,0.000,1970144,0,0,171262
8365,20.2014,1.974,2.057,2.048,0.000,0.319,0.000,1965922,0,0,171262
8366,20.2034,2.127,1.905,1.896,0.000,0.728,0.000,2118910,0,0,171262
8367,20.2054,1.972,1.979,1.969,0.000,0.395,0.000,1963049,0,0,171262
8368,20.2077,2.118,1.974,1.965,0.000,0.722,0.000,2109827,0,0,171262
8369,20.2097,2.143,2.128,2.118,0.000,0.466,0.000,2131616,0,0,171262
8370,20.2118,2.127,1.971,1.962,0.000,0.687,0.000,2119208,0,0,171262
8371,20.2136,1.898,2.122,2.109,0.000,0.627,0.000,1887223,0,0,171262
8372,20.2165,1.879,2.140,2.130,0.000,0.355,0.000,1871580,0,0,171358
8373,20.2184,2.874,2.130,2.118,0.000,0.330,0.000,2867172,0,0,171262
8374,20.2203,1.950,1.894,1.886,0.000,0.344,0.000,1943234,0,0,171262
8375,20.2222,1.827,1.879,1.870,0.000,0.345,0.000,1819270,0,0,171262
8376,20.2240,1.882,2.874,2.866,0.000,0.352,0.000,1875144,0,0,171262
8377,20.2258,1.807,1.950,1.942,0.000,0.317,0.000,1799462,0,0,171262
8378,20.2276,1.810,1.826,1.818,0.000,0.501,0.000,1803328,0,0,171262
8379,20.2293,1.744,1.883,1.874,0.000,0.359,0.000,1736927,0,0,171262
8380,20.2310,1.669,1.807,1.798,0.000,0.541,0.000,1661740,0,0,171262
8381,20.2327,1.715,1.810,1.802,0.000,0.461,0.000,1708644,0,0,171262
8382,20.2349,2.113,1.744,1.736,0.000,0.335,0.000,2106458,0,0,171262
8383,20.2368,1.850,1.669,1.661,0.000,0.388,0.000,1839201,0,0,171262
8384,20.2386,1.888,1.715,1.708,0.000,0.366,0.000,1880879,0,0,171262
8385,20.2405,1.859,2.118,2.105,0.000,0.350,0.000,1851934,0,0,171262
8386,20.2434,1.806,1.846,1.837,0.000,0.347,0.000,1798863,0,0,171262
8387,20.2452,2.957,1.888,1.880,0.000,0.710,0.000,2950088,0,0,171262
8388,20.2470,1.789,1.859,1.850,0.000,0.342,0.000,1781582,0,0,171262
8389,20.2486,1.687,1.806,1.797,0.000,0.359,0.000,1680295,0,0,171262
8390,20.2504,1.713,2.958,2.949,0.000,0.679,0.000,1706017,0,0,171262
8391,20.2522,1.782,1.789,1.780,0.000,0.389,0.000,1774348,0,0,171262
8392,20.2539,1.793,1.687,1.679,0.000,0.334,0.000,1785426,0,0,171262
8393,20.2560,1.831,1.714,1.705,0.000,0.374,0.000,1823848,0,0,171262
8394,20.2579,2.096,1.782,1.773,0.000,0.287,0.000,2089045,0,0,171262
8395,20.2597,1.789,1.792,1.784,0.000,0.336,0.000,1782299,0,0,171262
8396,20.2617,1.856,1.831,1.823,0.000,0.349,0.000,1849016,0,0,171262
8397,20.2635,1.931,2.096,2.088,0.000,0.345,0.000,1923437,0,0,171262
8398,20.2652,1.792,1.789,1.781,0.000,0.329,0.000,1784447,0,0,171262
8399,20.2671,1.800,1.856,1.848,0.000,0.298,0.000,1792435,0,0,171822
8400,20.2700,1.799,1.931,1.922,0.000,0.368,0.000,1791389,0,0,171318
8401,20.2722,3.152,1.792,1.783,0.000,0.299,0.000,3144190,0,0,190353
8402,20.2742,2.086,1.800,1.791,0.000,0.362,0.000,2076621,0,0,171358
8403,20.2760,1.864,1.799,1.790,0.000,0.370,0.000,1856302,0,0,171262
8404,20.2777,1.771,3.154,3.143,0.000,0.323,0.000,1762619,0,0,171262
8405,20.2795,1.764,2.084,2.075,0.000,0.698,0.000,1756721,0,0,171262
8406,20.2814,1.761,1.864,1.855,0.000,0.374,0.000,1754101,0,0,171262
8407,20.2833,1.978,1.776,1.761,0.000,0.282,0.000,1970781,0,0,171262
8408,20.2852,1.899,1.758,1.749,0.000,0.335,0.000,1890010,0,0,171262
8409,20.2872,2.004,1.761,1.753,0.000,0.467,0.000,1994193,0,0,171262
8410,20.2891,1.916,1.980,1.969,0.000,0.480,0.000,1906396,0,0,171262
8411,20.2908,1.761,1.900,1.889,0.000,0.482,0.000,1753198,0,0,171262
8412,20.2924,1.696,2.004,1.993,0.000,0.364,0.000,1688892,0,0,171262
8413,20.2941,1.678,1.914,1.905,0.000,0.286,0.000,1670955,0,0,171262
8414,20.2969,1.702,1.760,1.752,0.000,0.266,0.000,1694904,0,0,171262
8415,20.2988,2.879,1.696,1.688,0.000,0.358,0.000,2872544,0,0,171262
8416,20.3006,1.790,1.678,1.670,0.000,0.322,0.000,1782174,0,0,171262
8417,20.3026,1.872,1.701,1.694,0.000,0.322,0.000,1864863,0,0,171262
8418,20.3045,2.038,2.880,2.871,0.000,0.674,0.000,2030381,0,0,171262
8419,20.3064,1.895,1.789,1.781,0.000,0.341,0.000,1885950,0,0,171262
8420,20.3082,1.800,1.873,1.864,0.000,0.761,0.000,1792196,0,0,171262
8421,20.3100,1.866,2.039,2.029,0.000,0.672,0.000,1858381,0,0,171822
8422,20.3118,1.790,1.893,1.885,0.000,0.546,0.000,1782953,0,0,171318
8423,20.3137,1.813,1.800,1.791,0.000,0.328,0.000,1805641,0,0,171262
8424,20.3154,1.796,1.865,1.857,0.000,0.342,0.000,1787985,0,0,171262
8425,20.3172,1.752,1.790,1.782,0.000,0.355,0.000,1744310,0,0,171262
8426,20.3189,1.745,1.813,1.804,0.000,0.283,0.000,1737322,0,0,171262
8427,20.3207,1.658,1.795,1.787,0.000,0.360,0.000,1651278,0,0,171262
8428,20.3236,2.961,1.752,1.743,0.000,0.324,0.000,2954425,0,0,171262
8429,20.3255,1.979,1.744,1.736,0.000,0.296,0.000,1971195,0,0,171262
8430,20.3273,1.790,1.658,1.650,0.000,0.426,0.000,1782358,0,0,171262
8431,20.3290,1.730,2.962,2.953,0.000,0.292,0.000,1722538,0,0,171262
8432,20.3308,1.778,1.979,1.970,0.000,0.309,0.000,1770776,0,0,171358
8433,20.3326,1.760,1.789,1.780,0.000,0.719,0.000,1752684,0,0,171262
8434,20.3345,1.879,1.729,1.721,0.000,0.365,0.000,1871701,0,0,171262
8435,20.3363,1.863,1.778,1.770,0.000,0.289,0.000,1855745,0,0,171262
8436,20.3382,1.866,1.760,1.751,0.000,0.362,0.000,1858039,0,0,171262
8437,20.3401,1.879,1.879,1.870,0.000,0.746,0.000,1871485,0,0,171262
8438,20.3422,1.861,1.863,1.854,0.000,0.343,0.000,1852990,0,0,171262
8439,20.3442,2.179,1.866,1.857,0.000,0.301,0.000,2171830,0,0,171262
8440,20.3462,2.001,1.880,1.870,0.000,0.419,0.000,1993135,0,0,171262
8441,20.3492,1.946,1.861,1.852,0.000,0.394,0.000,1938879,0,0,171262
8442,20.3512,3.064,2.179,2.171,0.000,0.739,0.000,3056719,0,0,171262
8443,20.3532,2.007,2.000,1.992,0.000,0.398,0.000,1998134,0,0,171262
8444,20.3551,1.914,1.946,1.938,0.000,0.484,0.000,1906029,0,0,171262
8445,20.3569,1.824,3.065,3.055,0.000,0.367,0.000,1816191,0,0,171262
8446,20.3586,1.777,2.007,1.997,0.000,0.307,0.000,1770035,0,0,171262
8447,20.3604,1.772,1.913,1.904,0.000,0.287,0.000,1764746,0,0,171262
8448,20.3623,1.792,1.823,1.815,0.000,0.357,0.000,1784981,0,0,171262
8449,20.3642,1.974,1.778,1.769,0.000,0.706,0.000,1966608,0,0,171262
8450,20.3659,1.799,1.772,1.763,0.000,0.364,0.000,1791314,0,0,171262
8451,20.3677,1.757,1.792,1.784,0.000,0.331,0.000,1749612,0,0,171262
8452,20.3695,1.741,1.974,1.965,0.000,0.355,0.000,1734728,0,0,171262
8453,20.3712,1.752,1.798,1.790,0.000,0.312,0.000,1745297,0,0,171262
8454,20.3730,1.765,1.756,1.748,0.000,0.330,0.000,1757234,0,0,171262
8455,20.3758,1.809,1.741,1.734,0.000,0.387,0.000,1802797,0,0,171262
8456,20.3777,2.865,1.753,1.744,0.000,0.343,0.000,2858376,0,0,171262
8457,20.3796,1.834,1.764,1.756,0.000,0.287,0.000,1826247,0,0,171262
8458,20.3815,1.867,1.810,1.802,0.000,0.375,0.000,1859279,0,0,171262
8459,20.3834,1.965,2.866,2.857,0.000,0.569,0.000,1957738,0,0,171262
8460,20.3852,1.846,1.834,1.825,0.000,0.332,0.000,1839023,0,0,171262
8461,20.3871,1.844,1.866,1.858,0.000,0.360,0.000,1836334,0,0,171262
8462,20.3889,1.819,1.965,1.956,0.000,0.332,0.000,1810993,0,0,171358
8463,20.3907,1.820,1.847,1.837,0.000,0.295,0.000,1812632,0,0,171262
8464,20.3925,1.835,1.844,1.835,0.000,0.700,0.000,1826701,0,0,171262
8465,20.3943,1.779,1.819,1.810,0.000,0.698,0.000,1771083,0,0,171262
8466,20.3961,1.841,1.821,1.811,0.000,0.734,0.000,1833682,0,0,171262
8467,20.3979,1.765,1.834,1.825,0.000,0.353,0.000,1757884,0,0,171262
8468,20.3996,1.731,1.778,1.770,0.000,0.269,0.000,1723844,0,0,171262
8469,20.4026,1.797,1.841,1.832,0.000,0.712,0.000,1789871,0,0,171262
8470,20.4044,2.986,1.765,1.756,0.000,0.675,0.000,2979444,0,0,171262
8471,20.4062,1.797,1.731,1.722,0.000,0.546,0.000,1788447,0,0,171262
8472,20.4080,1.791,1.797,1.788,0.000,0.458,0.000,1783547,0,0,171262
8473,20.4097,1.742,2.988,2.978,0.000,0.676,0.000,1734837,0,0,171262
8474,20.4115,1.775,1.796,1.787,0.000,0.446,0.000,1768081,0,0,171262
8475,20.4131,1.708,1.791,1.782,0.000,0.279,0.000,1700938,0,0,171262
8476,20.4148,1.672,1.742,1.734,0.000,0.321,0.000,1665557,0,0,171262
8477,20.4166,1.705,1.775,1.767,0.000,0.306,0.000,1698598,0,0,171262
8478,20.4183,1.750,1.708,1.700,0.000,0.658,0.000,1743492,0,0,171262
8479,20.4199,1.670,1.672,1.664,0.000,0.660,0.000,1662619,0,0,171262
8480,20.4217,1.672,1.705,1.698,0.000,0.354,0.000,1665278,0,0,171262
8481,20.4235,1.806,1.750,1.742,0.000,0.327,0.000,1798598,0,0,171262
8482,20.4253,1.813,1.669,1.662,0.000,0.356,0.000,1806172,0,0,171262
8483,20.4281,1.804,1.672,1.664,0.000,0.319,0.000,1797008,0,0,171262
8484,20.4303,3.071,1.806,1.798,0.000,0.337,0.000,3064052,0,0,171262
8485,20.4323,2.012,1.814,1.805,0.000,0.459,0.000,2001577,0,0,171262
8486,20.4342,1.906,1.804,1.796,0.000,0.486,0.000,1896529,0,0,171262
8487,20.4361,1.954,3.074,3.063,0.000,0.464,0.000,1943816,0,0,171262
8488,20.4380,1.952,2.010,2.000,0.000,0.452,0.000,1942444,0,0,171262
8489,20.4407,2.478,1.906,1.895,0.000,0.465,0.000,2470147,0,0,171262
8490,20.4425,2.017,1.953,1.942,0.000,0.405,0.000,2008816,0,0,171262
8491,20.4457,3.165,1.950,1.941,0.000,0.328,0.000,3157397,0,0,171262
8492,20.4485,1.851,2.479,2.469,0.000,0.385,0.000,1843894,0,0,171358
8493,20.4502,2.789,2.016,2.007,0.000,0.316,0.000,2781809,0,0,171262
8494,20.4519,1.710,3.165,3.156,0.000,0.346,0.000,1703414,0,0,171262
8495,20.4536,1.671,1.851,1.843,0.000,0.293,0.000,1664086,0,0,171262
8496,20.4553,1.666,2.789,2.781,0.000,0.309,0.000,1659415,0,0,171262
8497,20.4580,1.632,1.710,1.702,0.000,0.338,0.000,1625268,0,0,171262
8498,20.4599,2.869,1.671,1.663,0.000,0.316,0.000,2862253,0,0,171262
8499,20.4619,1.831,1.666,1.658,0.000,0.330,0.000,1823997,0,0,171262
8500,20.4638,2.050,1.632,1.624,0.000,0.306,0.000,2041860,0,0,171262
8501,20.4657,1.919,2.870,2.861,0.000,0.393,0.000,1910855,0,0,171262
8502,20.4676,1.924,1.832,1.823,0.000,0.427,0.000,1916569,0,0,171262
8503,20.4695,1.892,2.050,2.040,0.000,0.720,0.000,1884188,0,0,171262
8504,20.4714,1.921,1.918,1.909,0.000,0.698,0.000,1913338,0,0,171262
8505,20.4734,1.923,1.924,1.915,0.000,0.386,0.000,1914658,0,0,171262
8506,20.4753,1.983,1.892,1.883,0.000,0.311,0.000,1975682,0,0,171262
8507,20.4773,1.912,1.922,1.912,0.000,0.412,0.000,1903669,0,0,171262
8508,20.4792,1.936,1.922,1.913,0.000,0.334,0.000,1926917,0,0,171262
8509,20.4818,1.917,1.984,1.974,0.000,0.306,0.000,1908949,0,0,171262
8510,20.4840,2.813,1.912,1.902,0.000,0.559,0.000,2803020,0,0,171262
8511,20.4871,2.001,1.935,1.926,0.000,0.324,0.000,1991904,0,0,171262
8512,20.4893,3.245,1.919,1.908,0.000,0.416,0.000,3236708,0,0,171262
8513,20.4913,2.085,2.812,2.801,0.000,0.348,0.000,2076589,0,0,171262
8514,20.4932,2.000,2.000,1.991,0.000,0.717,0.000,1992914,0,0,171262
8515,20.4952,1.918,3.246,3.236,0.000,0.692,0.000,1910643,0,0,171262
8516,20.4970,1.858,2.084,2.075,0.000,0.384,0.000,1849823,0,0,171262
8517,20.4988,1.828,2.001,1.992,0.000,0.338,0.000,1820345,0,0,171262
8518,20.5007,1.751,1.918,1.909,0.000,0.349,0.000,1743638,0,0,171262
8519,20.5025,1.937,1.857,1.849,0.000,0.298,0.000,1929939,0,0,171262
8520,20.5044,1.868,1.828,1.819,0.000,0.263,0.000,1859102,0,0,171262
8521,20.5064,1.952,1.751,1.742,0.000,0.389,0.000,1944145,0,0,190353
8522,20.5081,1.842,1.939,1.929,0.000,0.305,0.000,1834403,0,0,171358
8523,20.5098,1.711,1.866,1.858,0.000,0.664,0.000,1703621,0,0,171262
8524,20.5115,1.693,1.951,1.943,0.000,0.631,0.000,1686176,0,0,171262
8525,20.5143,1.685,1.841,1.833,0.000,0.390,0.000,1677468,0,0,171262
8526,20.5163,2.921,1.711,1.703,0.000,0.670,0.000,2914912,0,0,171262
8527,20.5183,2.040,1.693,1.685,0.000,0.298,0.000,2030687,0,0,171262
8528,20.5201,1.878,1.684,1.676,0.000,0.398,0.000,1870580,0,0,171262
8529,20.5221,1.873,2.925,2.914,0.000,0.721,0.000,1866092,0,0,171262
8530,20.5240,1.995,2.038,2.029,0.000,0.655,0.000,1988138,0,0,171262
8531,20.5257,1.793,1.878,1.869,0.000,0.716,0.000,1785663,0,0,171262
8532,20.5275,1.752,1.873,1.865,0.000,0.506,0.000,1738463,0,0,171262
8533,20.5292,1.728,1.996,1.987,0.000,0.306,0.000,1720450,0,0,171262
8534,20.5309,1.705,1.799,1.784,0.000,0.289,0.000,1698552,0,0,171262
8535,20.5327,1.756,1.745,1.737,0.000,0.270,0.000,1748012,0,0,171262
8536,20.5344,1.729,1.727,1.719,0.000,0.301,0.000,1721706,0,0,171262
8537,20.5362,1.730,1.706,1.697,0.000,0.356,0.000,1723524,0,0,171262
8538,20.5379,1.766,1.755,1.747,0.000,0.305,0.000,1759303,0,0,171262
8539,20.5406,1.698,1.729,1.720,0.000,0.296,0.000,1690686,0,0,171262
8540,20.5426,2.856,1.731,1.722,0.000,0.270,0.000,2849670,0,0,171262
8541,20.5443,1.897,1.766,1.758,0.000,0.252,0.000,1889000,0,0,171262
8542,20.5461,1.767,1.698,1.690,0.000,0.387,0.000,1759860,0,0,171262
8543,20.5480,1.857,2.857,2.848,0.000,0.347,0.000,1849306,0,0,171262
8544,20.5498,1.844,1.896,1.888,0.000,0.678,0.000,1836985,0,0,171262
8545,20.5517,1.812,1.767,1.759,0.000,0.349,0.000,1804932,0,0,171262
8546,20.5535,1.817,1.857,1.848,0.000,0.330,0.000,1808881,0,0,171262
8547,20.5554,1.863,1.844,1.836,0.000,0.659,0.000,1855722,0,0,171262
8548,20.5574,1.980,1.812,1.803,0.000,0.356,0.000,1971963,0,0,171262
8549,20.5594,1.956,1.816,1.808,0.000,0.355,0.000,1948509,0,0,171262
8550,20.5614,1.973,1.864,1.854,0.000,0.348,0.000,1965232,0,0,171262
8551,20.5634,2.060,1.980,1.971,0.000,0.366,0.000,2051217,0,0,171262
8552,20.5660,2.079,1.957,1.947,0.000,0.444,0.000,2071894,0,0,171358
8553,20.5693,2.651,1.973,1.964,0.000,0.711,0.000,2639608,0,0,171262
8554,20.5713,3.182,2.059,2.050,0.000,0.389,0.000,3174423,0,0,171262
8555,20.5732,1.959,2.084,2.071,0.000,0.729,0.000,1950684,0,0,171262
8556,20.5750,1.795,2.647,2.638,0.000,0.388,0.000,1787844,0,0,171262
8557,20.5770,2.011,3.183,3.173,0.000,0.290,0.000,2003813,0,0,171262
8558,20.5789,1.874,1.958,1.949,0.000,0.376,0.000,1867432,0,0,171262
8559,20.5811,1.979,1.795,1.787,0.000,0.361,0.000,1971373,0,0,171262
8560,20.5832,2.266,2.011,2.003,0.000,0.644,0.000,2258572,0,0,171262
8561,20.5852,2.037,1.875,1.866,0.000,0.397,0.000,2028086,0,0,171262
8562,20.5872,1.995,1.979,1.970,0.000,0.399,0.000,1986549,0,0,171262
8563,20.5891,1.924,2.267,2.257,0.000,0.386,0.000,1916261,0,0,171262
8564,20.5911,1.962,2.037,2.027,0.000,0.370,0.000,1954147,0,0,171262
8565,20.5930,1.923,1.994,1.985,0.000,0.330,0.000,1914756,0,0,171262
8566,20.5949,1.917,1.924,1.915,0.000,0.365,0.000,1908401,0,0,171262
8567,20.5980,1.960,1.962,1.953,0.000,0.506,0.000,1952279,0,0,171262
8568,20.6001,3.247,1.923,1.913,0.000,0.338,0.000,3239050,0,0,171262
8569,20.6035,2.031,1.916,1.907,0.000,0.398,0.000,2023135,0,0,171262
8570,20.6067,3.903,1.960,1.951,0.000,0.502,0.000,3894840,0,0,171262
8571,20.6098,3.108,3.247,3.238,0.000,0.787,0.000,3091546,0,0,171822
8572,20.6120,2.747,2.031,2.022,0.000,0.472,0.000,2735484,0,0,171318
8573,20.6143,2.280,3.912,3.894,0.000,0.476,0.000,2270958,0,0,171262
8574,20.6166,2.193,3.103,3.089,0.000,0.441,0.000,2184246,0,0,171262
8575,20.6196,2.898,2.745,2.733,0.000,0.456,0.000,2889583,0,0,171262
8576,20.6223,2.627,2.280,2.269,0.000,0.630,0.000,2616288,0,0,171262
8577,20.6245,2.445,2.193,2.183,0.000,0.675,0.000,2435515,0,0,171262
8578,20.6266,2.152,2.900,2.888,0.000,0.588,0.000,2141747,0,0,171262
8579,20.6289,2.114,2.626,2.615,0.000,0.338,0.000,2105469,0,0,171262
8580,20.6313,2.416,2.445,2.434,0.000,0.342,0.000,2404744,0,0,171262
8581,20.6348,2.384,2.150,2.140,0.000,0.545,0.000,2372440,0,0,171262
8582,20.6372,3.521,2.116,2.104,0.000,0.569,0.000,3510515,0,0,171358
8583,20.6395,2.397,2.416,2.403,0.000,0.610,0.000,2385101,0,0,171262
8584,20.6417,2.213,2.384,2.371,0.000,0.565,0.000,2201743,0,0,171262
8585,20.6439,2.132,3.522,3.509,0.000,0.524,0.000,2123704,0,0,171262
8586,20.6459,2.129,2.396,2.383,0.000,0.722,0.000,2118782,0,0,171262
8587,20.6478,1.939,2.210,2.200,0.000,0.609,0.000,1924516,0,0,171262
8588,20.6497,2.003,2.134,2.122,0.000,0.338,0.000,1994926,0,0,171262
8589,20.6516,1.868,2.133,2.117,0.000,0.333,0.000,1860088,0,0,171262
8590,20.6533,1.786,1.933,1.923,0.000,0.384,0.000,1778791,0,0,171262
8591,20.6550,1.724,2.003,1.993,0.000,0.730,0.000,1716964,0,0,171262
8592,20.6567,1.704,1.867,1.859,0.000,0.733,0.000,1697594,0,0,171262
8593,20.6586,1.765,1.786,1.778,0.000,0.652,0.000,1758447,0,0,171262
8594,20.6603,1.798,1.724,1.716,0.000,0.379,0.000,1790694,0,0,171262
8595,20.6633,1.741,1.704,1.696,0.000,0.294,0.000,1733952,0,0,171262
8596,20.6652,3.082,1.766,1.757,0.000,0.288,0.000,3074594,0,0,171262
8597,20.6670,1.822,1.798,1.790,0.000,0.286,0.000,1812853,0,0,171262
8598,20.6687,1.747,1.741,1.733,0.000,0.311,0.000,1739903,0,0,171262
8599,20.6704,1.745,3.084,3.073,0.000,0.704,0.000,1738501,0,0,171262
8600,20.6723,1.803,1.820,1.811,0.000,0.508,0.000,1795998,0,0,171262
8601,20.6742,1.840,1.747,1.739,0.000,0.331,0.000,1833212,0,0,171262
8602,20.6761,1.969,1.745,1.737,0.000,0.292,0.000,1961060,0,0,171262
8603,20.6779,1.845,1.803,1.795,0.000,0.372,0.000,1836990,0,0,171262
8604,20.6797,1.786,1.842,1.832,0.000,0.357,0.000,1779166,0,0,171262
8605,20.6816,1.828,1.969,1.960,0.000,0.728,0.000,1820935,0,0,171262
8606,20.6834,1.867,1.844,1.836,0.000,1.024,0.000,1860302,0,0,171262
8607,20.6851,1.727,1.786,1.778,0.000,0.586,0.000,1719081,0,0,171262
8608,20.6868,1.725,1.828,1.820,0.000,0.306,0.000,1718014,0,0,171262
8609,20.6897,1.765,1.868,1.859,0.000,0.290,0.000,1757447,0,0,171262
8610,20.6916,3.001,1.726,1.718,0.000,0.297,0.000,2993067,0,0,171262
8611,20.6935,1.819,1.725,1.717,0.000,0.454,0.000,1811721,0,0,171262
8612,20.6953,1.853,1.765,1.756,0.000,0.324,0.000,1845264,0,0,171358
8613,20.6970,1.791,3.001,2.992,0.000,0.285,0.000,1784160,0,0,171262
8614,20.6988,1.709,1.820,1.811,0.000,0.714,0.000,1702220,0,0,171262
8615,20.7006,1.709,1.852,1.844,0.000,0.364,0.000,1702887,0,0,171262
8616,20.7023,1.848,1.791,1.783,0.000,0.338,0.000,1840336,0,0,171262
8617,20.7041,1.719,1.709,1.701,0.000,0.335,0.000,1711942,0,0,171262
8618,20.7058,1.737,1.710,1.702,0.000,0.288,0.000,1729548,0,0,171262
8619,20.7075,1.699,1.848,1.839,0.000,0.330,0.000,1692625,0,0,171262
8620,20.7093,1.795,1.719,1.711,0.000,0.314,0.000,1788064,0,0,171262
8621,20.7110,1.767,1.736,1.728,0.000,0.685,0.000,1760695,0,0,171262
8622,20.7128,1.759,1.700,1.691,0.000,0.404,0.000,1751688,0,0,171262
8623,20.7156,1.736,1.795,1.787,0.000,0.660,0.000,1729635,0,0,171262
8624,20.7174,2.822,1.768,1.759,0.000,0.386,0.000,2815480,0,0,171262
8625,20.7192,1.780,1.758,1.751,0.000,0.285,0.000,1771551,0,0,171262
8626,20.7210,1.746,1.736,1.729,0.000,0.341,0.000,1738490,0,0,171262
8627,20.7228,1.938,2.823,2.814,0.000,0.651,0.000,1931333,0,0,171262
8628,20.7246,1.802,1.779,1.770,0.000,0.362,0.000,1794515,0,0,171262
8629,20.7264,1.768,1.745,1.737,0.000,0.311,0.000,1761510,0,0,171262
8630,20.7282,1.744,1.939,1.930,0.000,0.662,0.000,1737499,0,0,171262
8631,20.7299,1.751,1.801,1.793,0.000,0.710,0.000,1744549,0,0,171262
8632,20.7317,1.780,1.769,1.760,0.000,0.649,0.000,1773694,0,0,171262
8633,20.7334,1.744,1.744,1.736,0.000,0.421,0.000,1737831,0,0,171262
8634,20.7351,1.719,1.751,1.743,0.000,0.284,0.000,1711836,0,0,171262
8635,20.7369,1.737,1.780,1.773,0.000,0.261,0.000,1730090,0,0,171262
8636,20.7386,1.723,1.745,1.737,0.000,0.259,0.000,1716359,0,0,171262
8637,20.7434,1.722,1.719,1.711,0.000,0.265,0.000,1714752,0,0,171262
8638,20.7460,5.130,1.737,1.729,0.000,0.242,0.000,5123871,0,0,171262
8639,20.7493,3.645,1.724,1.715,0.000,0.268,0.000,3635167,0,0,171262
8640,20.7513,2.080,1.722,1.714,0.000,0.333,0.000,2068998,0,0,171262
8641,20.7534,2.056,5.135,5.122,0.000,0.406,0.000,2048116,0,0,190353
8642,20.7555,2.161,3.646,3.633,0.000,0.382,0.000,2152325,0,0,171358
8643,20.7577,2.096,2.076,2.067,0.000,0.355,0.000,2087673,0,0,171262
8644,20.7598,2.142,2.056,2.047,0.000,0.349,0.000,2132247,0,0,171262
8645,20.7619,2.012,2.161,2.151,0.000,0.344,0.000,2002504,0,0,171262
8646,20.7639,2.116,2.097,2.086,0.000,0.384,0.000,2108162,0,0,171262
8647,20.7658,1.945,2.142,2.131,0.000,0.318,0.000,1937158,0,0,171262
8648,20.7679,1.958,2.010,2.001,0.000,0.347,0.000,1949841,0,0,171262
8649,20.7706,2.596,2.116,2.107,0.000,0.448,0.000,2588845,0,0,171262
8650,20.7728,2.351,1.945,1.936,0.000,0.369,0.000,2337726,0,0,171262
8651,20.7750,2.203,1.958,1.948,0.000,0.429,0.000,2194304,0,0,171262
8652,20.7798,2.151,2.602,2.588,0.000,0.364,0.000,2142701,0,0,171262
8653,20.7823,4.977,2.347,2.336,0.000,0.426,0.000,4968383,0,0,171262
8654,20.7843,2.222,2.203,2.193,0.000,0.469,0.000,2211248,0,0,171262
8655,20.7862,1.963,2.151,2.141,0.000,1.500,0.000,1954133,0,0,171262
8656,20.7882,1.897,4.979,4.967,0.000,0.375,0.000,1889218,0,0,171262
8657,20.7900,1.949,2.220,2.210,0.000,0.367,0.000,1939986,0,0,171262
8658,20.7918,1.835,1.962,1.953,0.000,0.735,0.000,1827818,0,0,171262
8659,20.7936,1.765,1.898,1.888,0.000,0.334,0.000,1757048,0,0,171262
8660,20.7954,1.800,1.947,1.939,0.000,0.707,0.000,1792721,0,0,171262
8661,20.7972,1.788,1.835,1.827,0.000,0.703,0.000,1780719,0,0,171262
8662,20.7990,1.848,1.764,1.756,0.000,0.380,0.000,1840822,0,0,171262
8663,20.8009,1.777,1.800,1.792,0.000,0.304,0.000,1769914,0,0,171262
8664,20.8027,1.902,1.788,1.780,0.000,0.296,0.000,1894505,0,0,171262
8665,20.8045,1.754,1.848,1.840,0.000,0.296,0.000,1745817,0,0,171262
8666,20.8073,1.775,1.777,1.769,0.000,0.289,0.000,1768040,0,0,171262
8667,20.8095,3.042,1.903,1.893,0.000,0.298,0.000,3035431,0,0,171262
8668,20.8116,2.181,1.753,1.745,0.000,0.277,0.000,2171659,0,0,171262
8669,20.8137,2.050,1.775,1.767,0.000,0.423,0.000,2040793,0,0,171262
8670,20.8159,2.230,3.045,3.034,0.000,0.395,0.000,2221501,0,0,171262
8671,20.8180,2.068,2.180,2.170,0.000,0.373,0.000,2060007,0,0,171262
8672,20.8200,2.128,2.049,2.039,0.000,0.408,0.000,2119938,0,0,171358
8673,20.8227,2.053,2.229,2.220,0.000,0.850,0.000,2044533,0,0,171262
8674,20.8248,2.680,2.068,2.059,0.000,0.787,0.000,2671562,0,0,1082314
8675,20.8276,1.912,2.128,2.119,0.000,0.441,0.000,1902721,0,0,171262
8676,20.8297,2.915,2.053,2.043,0.000,0.386,0.000,2907178,0,0,171262
8677,20.8316,2.063,2.681,2.670,0.000,0.469,0.000,2054076,0,0,171262
8678,20.8335,1.939,1.911,1.901,0.000,0.441,0.000,1931198,0,0,171262
8679,20.8354,1.892,2.916,2.906,0.000,0.458,0.000,1883924,0,0,171262
8680,20.8373,1.855,2.062,2.053,0.000,0.387,0.000,1848358,0,0,171262
8681,20.8392,1.894,1.939,1.930,0.000,0.322,0.000,1886526,0,0,171262
8682,20.8412,1.925,1.891,1.883,0.000,0.567,0.000,1917837,0,0,171262
8683,20.8431,1.961,1.856,1.847,0.000,0.521,0.000,1953470,0,0,171262
8684,20.8449,1.856,1.894,1.885,0.000,0.479,0.000,1849064,0,0,171262
8685,20.8467,1.795,1.925,1.917,0.000,0.360,0.000,1788383,0,0,171262
8686,20.8485,1.848,1.961,1.952,0.000,0.350,0.000,1841333,0,0,171262
8687,20.8503,1.761,1.856,1.848,0.000,0.307,0.000,1754134,0,0,171262
8688,20.8520,1.769,1.795,1.787,0.000,0.285,0.000,1761750,0,0,171262
8689,20.8549,1.733,1.848,1.840,0.000,0.359,0.000,1725418,0,0,171262
8690,20.8568,2.916,1.761,1.753,0.000,0.282,0.000,2908948,0,0,171262
8691,20.8586,1.887,1.769,1.760,0.000,0.720,0.000,1879996,0,0,171262
8692,20.8603,1.760,1.733,1.724,0.000,0.714,0.000,1752563,0,0,171262
8693,20.8621,1.712,2.916,2.908,0.000,0.685,0.000,1705230,0,0,171262
8694,20.8639,1.838,1.887,1.879,0.000,0.446,0.000,1831019,0,0,171262
8695,20.8657,1.789,1.759,1.751,0.000,0.282,0.000,1782024,0,0,171262
8696,20.8675,1.842,1.712,1.704,0.000,0.727,0.000,1835419,0,0,171262
8697,20.8693,1.786,1.838,1.830,0.000,0.699,0.000,1779240,0,0,171262
8698,20.8711,1.775,1.789,1.781,0.000,0.678,0.000,1767993,0,0,171262
8699,20.8730,1.747,1.842,1.834,0.000,0.664,0.000,1740017,0,0,171262
8700,20.8748,1.956,1.786,1.778,0.000,0.642,0.000,1949292,0,0,171262
8701,20.8767,1.844,1.775,1.767,0.000,0.422,0.000,1836480,0,0,171262
8702,20.8786,1.946,1.747,1.739,0.000,0.358,0.000,1938860,0,0,171358
8703,20.8832,2.227,1.957,1.948,0.000,0.328,0.000,2219966,0,0,171262
8704,20.8856,4.643,1.844,1.835,0.000,0.364,0.000,4631522,0,0,171262
8705,20.8878,2.153,1.946,1.938,0.000,0.345,0.000,2143302,0,0,171262
8706,20.8899,2.115,2.232,2.219,0.000,0.429,0.000,2105429,0,0,171262
8707,20.8920,2.087,4.642,4.630,0.000,0.437,0.000,2078876,0,0,171262
8708,20.8941,2.144,2.152,2.142,0.000,0.398,0.000,2135089,0,0,171262
8709,20.8962,2.127,2.114,2.104,0.000,0.380,0.000,2118255,0,0,171262
8710,20.8983,2.019,2.088,2.078,0.000,0.406,0.000,2011249,0,0,171262
8711,20.9001,2.010,2.144,2.134,0.000,0.398,0.000,2001745,0,0,171262
8712,20.9021,1.830,2.126,2.117,0.000,0.340,0.000,1822065,0,0,171262
8713,20.9039,1.951,2.019,2.010,0.000,0.380,0.000,1944418,0,0,171262
8714,20.9057,1.837,2.009,2.000,0.000,0.440,0.000,1829553,0,0,171262
8715,20.9075,1.766,1.829,1.821,0.000,0.441,0.000,1758615,0,0,171262
8716,20.9093,1.799,1.952,1.943,0.000,0.387,0.000,1791495,0,0,171262
8717,20.9121,1.741,1.837,1.828,0.000,0.292,0.000,1733963,0,0,171262
8718,20.9141,2.967,1.766,1.757,0.000,0.306,0.000,2960912,0,0,171822
8719,20.9160,1.970,1.798,1.790,0.000,0.338,0.000,1961308,0,0,171318
8720,20.9179,1.888,1.741,1.733,0.000,0.397,0.000,1880256,0,0,171262
8721,20.9196,1.782,2.969,2.960,0.000,0.418,0.000,1775130,0,0,171262
8722,20.9216,1.824,1.969,1.960,0.000,0.368,0.000,1817061,0,0,171262
8723,20.9236,2.035,1.887,1.879,0.000,0.302,0.000,2026573,0,0,171262
8724,20.9254,1.890,1.782,1.774,0.000,0.479,0.000,1880739,0,0,171262
8725,20.9271,1.725,1.826,1.816,0.000,0.466,0.000,1718706,0,0,171262
8726,20.9293,1.714,2.036,2.025,0.000,0.294,0.000,1706037,0,0,171262
8727,20.9321,2.768,1.888,1.879,0.000,0.377,0.000,2760588,0,0,171262
8728,20.9349,2.802,1.726,1.718,0.000,0.357,0.000,2791139,0,0,171262
8729,20.9370,2.536,1.713,1.705,0.000,0.313,0.000,2525262,0,0,171262
8730,20.9390,1.916,2.772,2.759,0.000,0.291,0.000,1908689,0,0,171262
8731,20.9409,1.940,2.802,2.789,0.000,0.779,0.000,1933804,0,0,171262
8732,20.9439,3.036,2.533,2.524,0.000,0.358,0.000,3029207,0,0,171358
8733,20.9456,1.800,1.915,1.907,0.000,0.346,0.000,1792185,0,0,171262
8734,20.9473,1.745,1.941,1.933,0.000,0.382,0.000,1737978,0,0,171262
8735,20.9490,1.699,3.037,3.028,0.000,0.740,0.000,1692298,0,0,171262
8736,20.9508,1.726,1.799,1.791,0.000,0.691,0.000,1719409,0,0,171262
8737,20.9525,1.755,1.745,1.737,0.000,0.664,0.000,1747613,0,0,171262
8738,20.9543,1.780,1.699,1.691,0.000,0.373,0.000,1773376,0,0,171262
8739,20.9560,1.751,1.727,1.718,0.000,0.335,0.000,1744028,0,0,171262
8740,20.9579,1.762,1.755,1.746,0.000,0.328,0.000,1755529,0,0,171262
8741,20.9597,1.859,1.780,1.772,0.000,0.271,0.000,1848856,0,0,171262
8742,20.9615,1.736,1.751,1.743,0.000,0.488,0.000,1728357,0,0,171262
8743,20.9633,1.874,1.765,1.754,0.000,0.302,0.000,1867032,0,0,171822
8744,20.9650,1.711,1.856,1.848,0.000,0.768,0.000,1703565,0,0,171318
8745,20.9669,1.787,1.735,1.727,0.000,0.364,0.000,1780541,0,0,171262
8746,20.9699,3.002,1.874,1.866,0.000,0.286,0.000,2992209,0,0,171262
8747,20.9717,1.879,1.710,1.702,0.000,0.490,0.000,1871266,0,0,171262
8748,20.9734,1.728,1.790,1.779,0.000,0.406,0.000,1721159,0,0,171262
8749,20.9751,1.723,3.000,2.991,0.000,0.317,0.000,1716626,0,0,171262
8750,20.9768,1.710,1.878,1.870,0.000,0.293,0.000,1702463,0,0,171262
8751,20.9785,1.692,1.728,1.720,0.000,0.287,0.000,1685368,0,0,171262
8752,20.9802,1.697,1.724,1.715,0.000,0.260,0.000,1689706,0,0,171262
8753,20.9821,1.740,1.709,1.701,0.000,0.599,0.000,1732004,0,0,171262
8754,20.9838,1.866,1.693,1.684,0.000,0.344,0.000,1859134,0,0,171262
8755,20.9856,1.779,1.697,1.689,0.000,0.357,0.000,1771286,0,0,171262
8756,20.9874,1.785,1.739,1.731,0.000,0.349,0.000,1777657,0,0,171262
8757,20.9893,1.872,1.866,1.858,0.000,0.567,0.000,1865464,0,0,171262
8758,20.9913,1.904,1.779,1.770,0.000,0.358,0.000,1896117,0,0,171262
8759,20.9931,1.964,1.785,1.776,0.000,0.353,0.000,1953665,0,0,171262
8760,20.9962,1.962,1.873,1.864,0.000,0.518,0.000,1952214,0,0,171262
8761,20.9984,3.172,1.906,1.895,0.000,0.711,0.000,3163842,0,0,190353
8762,21.0002,1.913,1.963,1.952,0.000,0.784,0.000,1904520,0,0,171358
8763,21.0020,1.762,1.961,1.951,0.000,0.749,0.000,1755236,0,0,171262
8764,21.0038,1.858,3.172,3.162,0.000,0.393,0.000,1850961,0,0,171262
8765,21.0055,1.721,1.911,1.903,0.000,0.334,0.000,1713872,0,0,171262
8766,21.0072,1.728,1.762,1.754,0.000,0.353,0.000,1719805,0,0,171262
8767,21.0089,1.734,1.858,1.850,0.000,0.331,0.000,1726772,0,0,171262
8768,21.0107,1.717,1.722,1.713,0.000,0.293,0.000,1710448,0,0,171262
8769,21.0124,1.705,1.727,1.719,0.000,0.374,0.000,1697628,0,0,171262
8770,21.0142,1.773,1.734,1.726,0.000,0.360,0.000,1765446,0,0,171262
8771,21.0159,1.771,1.718,1.709,0.000,0.713,0.000,1763393,0,0,171262
8772,21.0176,1.701,1.705,1.696,0.000,0.673,0.000,1693793,0,0,171262
8773,21.0193,1.663,1.773,1.764,0.000,0.683,0.000,1655377,0,0,171262
8774,21.0223,1.704,1.771,1.762,0.000,0.527,0.000,1697712,0,0,171262
8775,21.0241,3.070,1.701,1.693,0.000,0.290,0.000,3062339,0,0,171262
8776,21.0258,1.768,1.662,1.654,0.000,0.358,0.000,1760191,0,0,171262
8777,21.0276,1.709,1.705,1.697,0.000,0.704,0.000,1701502,0,0,171262
8778,21.0294,1.799,3.070,3.061,0.000,0.369,0.000,1791199,0,0,171262
8779,21.0314,1.882,1.767,1.759,0.000,0.674,0.000,1875487,0,0,171262
8780,21.0336,2.119,1.709,1.700,0.000,0.340,0.000,2111950,0,0,171262
8781,21.0357,2.210,1.798,1.790,0.000,0.326,0.000,2200292,0,0,171262
8782,21.0377,2.032,1.883,1.874,0.000,0.880,0.000,2024097,0,0,171262
8783,21.0395,1.891,2.122,2.111,0.000,0.415,0.000,1883152,0,0,171262
8784,21.0416,1.882,2.208,2.199,0.000,0.318,0.000,1873865,0,0,171262
8785,21.0436,2.088,2.032,2.023,0.000,0.399,0.000,2079706,0,0,171262
8786,21.0458,2.143,1.892,1.882,0.000,0.357,0.000,2134854,0,0,171262
8787,21.0479,2.152,1.882,1.873,0.000,0.406,0.000,2141439,0,0,171262
8788,21.0512,2.095,2.088,2.078,0.000,0.408,0.000,2086764,0,0,171262
8789,21.0537,3.541,2.145,2.134,0.000,0.369,0.000,3531496,0,0,171262
8790,21.0560,2.402,2.150,2.140,0.000,0.408,0.000,2391007,0,0,171262
8791,21.0583,2.286,2.096,2.085,0.000,0.463,0.000,2277059,0,0,171262
8792,21.0605,2.189,3.543,3.530,0.000,0.394,0.000,2180326,0,0,171358
8793,21.0630,2.267,2.400,2.389,0.000,0.795,0.000,2258060,0,0,171262
8794,21.0652,2.437,2.286,2.276,0.000,0.851,0.000,2427595,0,0,171262
8795,21.0674,2.171,2.189,2.179,0.000,0.432,0.000,2160967,0,0,171262
8796,21.0695,2.167,2.268,2.257,0.000,0.429,0.000,2158955,0,0,171262
8797,21.0715,2.046,2.437,2.426,0.000,0.792,0.000,2037569,0,0,171262
8798,21.0734,1.931,2.169,2.160,0.000,0.745,0.000,1921989,0,0,171262
8799,21.0752,1.870,2.167,2.158,0.000,0.411,0.000,1862029,0,0,171262
8800,21.0771,1.852,2.046,2.036,0.000,0.313,0.000,1843987,0,0,171262
8801,21.0789,1.843,1.930,1.921,0.000,0.320,0.000,1834226,0,0,171262
8802,21.0822,1.903,1.870,1.861,0.000,0.362,0.000,1895109,0,0,171262
8803,21.0842,3.316,1.852,1.843,0.000,0.448,0.000,3309362,0,0,171262
8804,21.0861,1.946,1.842,1.833,0.000,0.354,0.000,1936232,0,0,171262
8805,21.0879,1.858,1.902,1.894,0.000,0.375,0.000,1850048,0,0,171262
8806,21.0897,1.804,3.319,3.308,0.000,0.734,0.000,1795753,0,0,171262
8807,21.0915,1.794,1.944,1.935,0.000,0.682,0.000,1786661,0,0,171262
8808,21.0933,1.819,1.858,1.849,0.000,0.389,0.000,1810033,0,0,171262
8809,21.0951,1.771,1.803,1.794,0.000,0.342,0.000,1764043,0,0,171262
8810,21.0968,1.765,1.796,1.785,0.000,0.714,0.000,1757400,0,0,171262
8811,21.0986,1.732,1.817,1.809,0.000,0.648,0.000,1725147,0,0,171262
8812,21.1004,1.793,1.771,1.763,0.000,0.354,0.000,1785742,0,0,171262
8813,21.1023,1.792,1.765,1.756,0.000,0.578,0.000,1784267,0,0,171262
8814,21.1044,2.070,1.732,1.724,0.000,0.326,0.000,2062731,0,0,171262
8815,21.1064,2.037,1.793,1.785,0.000,0.389,0.000,2025677,0,0,171262
8816,21.1096,1.997,1.792,1.783,0.000,0.400,0.000,1988894,0,0,171262
8817,21.1120,3.406,2.074,2.061,0.000,0.765,0.000,3397774,0,0,171262
8818,21.1141,2.296,2.034,2.024,0.000,0.766,0.000,2285740,0,0,171262
8819,21.1163,2.146,1.997,1.987,0.000,0.798,0.000,2137517,0,0,171262
8820,21.1183,2.082,3.409,3.397,0.000,0.797,0.000,2074056,0,0,171262
8821,21.1203,1.980,2.294,2.284,0.000,0.748,0.000,1971740,0,0,171262
8822,21.1224,1.980,2.145,2.136,0.000,0.673,0.000,1971486,0,0,171358
8823,21.1243,2.037,2.082,2.073,0.000,0.651,0.000,2028822,0,0,171262
8824,21.1260,1.834,1.980,1.971,0.000,0.679,0.000,1825696,0,0,171262
8825,21.1279,1.788,1.980,1.970,0.000,0.413,0.000,1780420,0,0,171262
8826,21.1298,1.862,2.037,2.028,0.000,0.370,0.000,1853942,0,0,171262
8827,21.1318,1.963,1.833,1.824,0.000,0.400,0.000,1955502,0,0,171262
8828,21.1337,2.014,1.789,1.779,0.000,0.377,0.000,2006346,0,0,171262
8829,21.1357,1.953,1.861,1.853,0.000,0.413,0.000,1944342,0,0,171262
8830,21.1388,1.954,1.963,1.954,0.000,0.446,0.000,1945858,0,0,171262
8831,21.1410,3.156,2.015,2.005,0.000,0.378,0.000,3148673,0,0,171262
8832,21.1431,2.271,1.952,1.943,0.000,0.330,0.000,2262011,0,0,171262
8833,21.1453,2.121,1.954,1.945,0.000,0.363,0.000,2111919,0,0,171262
8834,21.1476,2.236,3.157,3.147,0.000,0.553,0.000,2227098,0,0,171262
8835,21.1498,2.245,2.271,2.261,0.000,0.351,0.000,2235778,0,0,171262
8836,21.1519,2.198,2.121,2.111,0.000,0.390,0.000,2188769,0,0,171262
8837,21.1541,2.129,2.236,2.226,0.000,0.404,0.000,2119940,0,0,171262
8838,21.1563,2.165,2.245,2.234,0.000,0.502,0.000,2155894,0,0,171262
8839,21.1585,2.199,2.197,2.187,0.000,0.825,0.000,2190718,0,0,171262
8840,21.1608,2.208,2.129,2.119,0.000,0.418,0.000,2197405,0,0,171262
8841,21.1632,2.423,2.164,2.155,0.000,0.398,0.000,2414523,0,0,171262
8842,21.1656,2.356,2.201,2.189,0.000,0.451,0.000,2346738,0,0,171262
8843,21.1678,2.327,2.206,2.196,0.000,0.615,0.000,2318147,0,0,171262
8844,21.1711,2.129,2.424,2.413,0.000,0.416,0.000,2118847,0,0,171262
8845,21.1733,3.370,2.355,2.345,0.000,0.405,0.000,3361069,0,0,171262
8846,21.1754,2.195,2.328,2.317,0.000,0.359,0.000,2185504,0,0,171262
8847,21.1775,2.055,2.128,2.117,0.000,0.430,0.000,2046573,0,0,171262
8848,21.1794,1.962,3.370,3.360,0.000,0.404,0.000,1953195,0,0,171262
8849,21.1816,2.009,2.194,2.184,0.000,0.397,0.000,2000455,0,0,171262
8850,21.1836,2.194,2.055,2.045,0.000,0.395,0.000,2185043,0,0,171262
8851,21.1856,1.964,1.962,1.952,0.000,0.338,0.000,1955386,0,0,171262
8852,21.1876,2.044,2.009,1.999,0.000,0.834,0.000,2035139,0,0,171358
8853,21.1898,2.071,2.194,2.184,0.000,0.369,0.000,2062853,0,0,171262
8854,21.1918,2.089,1.964,1.954,0.000,0.343,0.000,2080660,0,0,171262
8855,21.1939,1.996,2.044,2.034,0.000,0.365,0.000,1988176,0,0,171262
8856,21.1958,2.076,2.072,2.062,0.000,0.409,0.000,2067993,0,0,171262
8857,21.1980,2.055,2.089,2.079,0.000,0.644,0.000,2041082,0,0,171262
8858,21.1999,1.980,1.997,1.987,0.000,0.749,0.000,1972100,0,0,171262
8859,21.2033,3.070,2.082,2.067,0.000,0.467,0.000,3062781,0,0,171262
8860,21.2053,2.368,2.049,2.040,0.000,0.352,0.000,2359597,0,0,171262
8861,21.2072,1.971,1.979,1.970,0.000,0.403,0.000,1962844,0,0,171262
8862,21.2091,1.853,3.071,3.061,0.000,0.431,0.000,1845193,0,0,171262
8863,21.2109,1.828,2.368,2.358,0.000,0.316,0.000,1819756,0,0,171262
8864,21.2128,1.875,1.970,1.962,0.000,0.340,0.000,1867607,0,0,171262
8865,21.2147,1.851,1.853,1.844,0.000,0.392,0.000,1837565,0,0,171262
8866,21.2165,1.886,1.827,1.819,0.000,0.330,0.000,1878827,0,0,171262
8867,21.2184,1.847,1.881,1.866,0.000,0.316,0.000,1840026,0,0,171262
8868,21.2201,1.782,1.845,1.836,0.000,0.385,0.000,1774475,0,0,171262
8869,21.2221,1.869,1.886,1.878,0.000,0.322,0.000,1861093,0,0,171262
8870,21.2239,1.903,1.847,1.839,0.000,0.728,0.000,1895905,0,0,171262
8871,21.2256,1.723,1.782,1.773,0.000,0.369,0.000,1715850,0,0,171262
8872,21.2275,1.857,1.869,1.860,0.000,0.439,0.000,1850343,0,0,171262
8873,21.2303,1.783,1.903,1.894,0.000,0.321,0.000,1775930,0,0,171262
8874,21.2321,2.834,1.723,1.715,0.000,0.585,0.000,2826871,0,0,171262
8875,21.2339,1.814,1.857,1.849,0.000,0.394,0.000,1806905,0,0,171262
8876,21.2357,1.773,1.783,1.775,0.000,0.710,0.000,1766006,0,0,171262
8877,21.2375,1.799,2.834,2.826,0.000,0.347,0.000,1792131,0,0,171262
8878,21.2392,1.753,1.814,1.806,0.000,0.698,0.000,1745888,0,0,171262
8879,21.2411,1.728,1.773,1.765,0.000,0.702,0.000,1721161,0,0,171262
8880,21.2429,1.980,1.799,1.791,0.000,0.664,0.000,1973195,0,0,171262
8881,21.2449,1.863,1.753,1.745,0.000,0.344,0.000,1855181,0,0,190353
8882,21.2466,1.824,1.728,1.720,0.000,0.342,0.000,1816132,0,0,171358
8883,21.2483,1.735,1.980,1.972,0.000,0.744,0.000,1728607,0,0,171262
8884,21.2501,1.797,1.863,1.854,0.000,0.327,0.000,1789489,0,0,171262
8885,21.2519,1.773,1.822,1.815,0.000,0.323,0.000,1765160,0,0,171262
8886,21.2536,1.750,1.736,1.727,0.000,0.304,0.000,1742681,0,0,171262
8887,21.2566,1.830,1.797,1.788,0.000,0.383,0.000,1822752,0,0,171262
8888,21.2585,2.995,1.772,1.764,0.000,0.292,0.000,2987823,0,0,171262
8889,21.2604,1.847,1.750,1.742,0.000,0.352,0.000,1839398,0,0,171262
8890,21.2622,1.777,1.830,1.822,0.000,0.409,0.000,1769072,0,0,171262
8891,21.2640,1.847,2.995,2.987,0.000,0.323,0.000,1840226,0,0,171262
8892,21.2657,1.743,1.847,1.838,0.000,0.330,0.000,1735301,0,0,171262
8893,21.2675,1.734,1.776,1.768,0.000,0.296,0.000,1726708,0,0,171262
8894,21.2699,1.899,1.847,1.839,0.000,0.714,0.000,1892173,0,0,171262
8895,21.2724,2.834,1.742,1.734,0.000,0.747,0.000,2826336,0,0,171262
8896,21.2747,2.337,1.734,1.726,0.000,0.459,0.000,2327084,0,0,171262
8897,21.2769,2.196,1.900,1.891,0.000,0.814,0.000,2185476,0,0,171262
8898,21.2789,2.072,2.837,2.825,0.000,0.783,0.000,2064031,0,0,171262
8899,21.2810,2.042,2.337,2.326,0.000,0.742,0.000,2032263,0,0,171262
8900,21.2830,2.061,2.194,2.184,0.000,0.527,0.000,2053238,0,0,171262
8901,21.2862,2.019,2.074,2.063,0.000,0.660,0.000,2010125,0,0,171262
8902,21.2885,3.303,2.041,2.031,0.000,0.732,0.000,3294774,0,0,171262
8903,21.2906,2.255,2.061,2.052,0.000,0.477,0.000,2244687,0,0,171262
8904,21.2926,2.028,2.018,2.009,0.000,0.456,0.000,2019005,0,0,171262
8905,21.2945,1.951,3.305,3.294,0.000,0.379,0.000,1942914,0,0,171262
8906,21.2965,1.948,2.254,2.243,0.000,0.394,0.000,1939608,0,0,171262
8907,21.2991,2.076,2.027,2.018,0.000,0.312,0.000,2068173,0,0,171262
8908,21.3013,2.640,1.951,1.942,0.000,0.328,0.000,2627843,0,0,171262
8909,21.3031,2.007,1.948,1.938,0.000,0.424,0.000,1998673,0,0,171262
8910,21.3050,1.850,2.080,2.067,0.000,0.326,0.000,1842088,0,0,171262
8911,21.3073,1.850,2.636,2.626,0.000,0.296,0.000,1843125,0,0,171262
8912,21.3094,2.516,2.006,1.997,0.000,0.344,0.000,2508315,0,0,171358
8913,21.3112,1.842,1.849,1.841,0.000,0.368,0.000,1834774,0,0,171262
8914,21.3130,1.818,1.851,1.842,0.000,0.688,0.000,1811236,0,0,171262
8915,21.3179,1.808,2.516,2.507,0.000,0.400,0.000,1800349,0,0,171822
8916,21.3206,5.279,1.842,1.834,0.000,0.326,0.000,5272306,0,0,171318
8917,21.3238,3.387,1.818,1.810,0.000,0.336,0.000,3376846,0,0,171262
8918,21.3258,2.260,1.808,1.799,0.000,0.781,0.000,2250888,0,0,171262
8919,21.3278,1.992,5.283,5.271,0.000,0.373,0.000,1982552,0,0,171262
8920,21.3296,1.886,3.386,3.375,0.000,0.404,0.000,1878042,0,0,171262
8921,21.3316,1.887,2.259,2.249,0.000,0.338,0.000,1878444,0,0,171262
8922,21.3335,1.918,1.990,1.981,0.000,0.313,0.000,1910860,0,0,171262
8923,21.3357,2.095,1.886,1.877,0.000,0.660,0.000,2087293,0,0,171262
8924,21.3379,2.214,1.886,1.877,0.000,0.752,0.000,2204383,0,0,171262
8925,21.3401,2.189,1.919,1.910,0.000,0.453,0.000,2180698,0,0,171262
8926,21.3423,2.084,2.097,2.086,0.000,0.428,0.000,2074967,0,0,171262
8927,21.3444,2.254,2.213,2.203,0.000,0.768,0.000,2246728,0,0,171262
8928,21.3465,2.151,2.190,2.179,0.000,0.823,0.000,2142233,0,0,171262
8929,21.3486,2.069,2.083,2.074,0.000,0.438,0.000,2059886,0,0,171262
8930,21.3510,2.204,2.256,2.245,0.000,0.783,0.000,2196489,0,0,171262
8931,21.3547,3.648,2.151,2.141,0.000,0.418,0.000,3638736,0,0,171262
8932,21.3570,2.441,2.068,2.059,0.000,0.495,0.000,2429807,0,0,171262
8933,21.3591,2.174,2.206,2.195,0.000,0.753,0.000,2157313,0,0,171262
8934,21.3619,2.036,3.649,3.637,0.000,0.863,0.000,2028492,0,0,171262
8935,21.3652,3.508,2.446,2.428,0.000,0.792,0.000,3500310,0,0,171262
8936,21.3676,2.938,2.165,2.156,0.000,0.752,0.000,2923998,0,0,171262
8937,21.3696,2.046,2.037,2.027,0.000,0.869,0.000,2036780,0,0,171262
8938,21.3714,1.934,3.514,3.499,0.000,0.747,0.000,1926312,0,0,171262
8939,21.3734,1.902,2.933,2.922,0.000,0.683,0.000,1893779,0,0,171262
8940,21.3755,2.007,2.045,2.035,0.000,0.659,0.000,1999733,0,0,171262
8941,21.3778,2.242,1.934,1.925,0.000,0.416,0.000,2233339,0,0,171262
8942,21.3801,2.379,1.902,1.892,0.000,0.404,0.000,2369530,0,0,171358
8943,21.3825,2.194,2.008,1.998,0.000,0.429,0.000,2184123,0,0,171262
8944,21.3857,2.310,2.243,2.232,0.000,0.486,0.000,2302059,0,0,171262
8945,21.3883,3.421,2.379,2.368,0.000,0.369,0.000,3412088,0,0,171262
8946,21.3907,2.497,2.192,2.183,0.000,0.395,0.000,2484776,0,0,171262
8947,21.3928,2.305,2.311,2.301,0.000,0.582,0.000,2292379,0,0,171262
8948,21.3948,2.066,3.425,3.411,0.000,0.552,0.000,2056919,0,0,171262
8949,21.3968,1.989,2.497,2.483,0.000,0.401,0.000,1980762,0,0,171262
8950,21.3989,2.062,2.301,2.291,0.000,0.404,0.000,2054110,0,0,171262
8951,21.4010,1.952,2.065,2.056,0.000,0.379,0.000,1943370,0,0,171262
8952,21.4031,2.164,1.989,1.979,0.000,0.345,0.000,2156165,0,0,171262
8953,21.4052,2.193,2.063,2.053,0.000,0.353,0.000,2183735,0,0,171262
8954,21.4074,2.138,1.952,1.942,0.000,0.380,0.000,2129522,0,0,171262
8955,21.4099,2.147,2.165,2.155,0.000,0.617,0.000,2138747,0,0,171262
8956,21.4124,2.690,2.192,2.182,0.000,0.922,0.000,2679908,0,0,171262
8957,21.4145,2.277,2.139,2.128,0.000,0.379,0.000,2267791,0,0,171262
8958,21.4176,2.114,2.149,2.137,0.000,0.401,0.000,2105795,0,0,171262
8959,21.4197,3.104,2.689,2.678,0.000,0.388,0.000,3093285,0,0,171262
8960,21.4218,1.993,2.276,2.266,0.000,0.492,0.000,1984345,0,0,171262
8961,21.4237,2.049,2.116,2.104,0.000,0.395,0.000,2040804,0,0,171262
8962,21.4256,1.922,3.102,3.092,0.000,0.515,0.000,1913962,0,0,171262
8963,21.4276,1.945,1.993,1.983,0.000,0.757,0.000,1936028,0,0,171262
8964,21.4296,2.021,2.049,2.039,0.000,0.736,0.000,2012408,0,0,171262
8965,21.4316,2.025,1.923,1.913,0.000,0.729,0.000,2016647,0,0,171262
8966,21.4337,2.026,1.944,1.935,0.000,0.378,0.000,2017369,0,0,171262
8967,21.4358,2.079,2.021,2.011,0.000,0.462,0.000,2069158,0,0,171262
8968,21.4377,2.039,2.025,2.015,0.000,0.519,0.000,2029665,0,0,171262
8969,21.4395,1.805,2.027,2.016,0.000,0.502,0.000,1796729,0,0,171262
8970,21.4414,1.803,2.079,2.068,0.000,0.784,0.000,1795505,0,0,171262
8971,21.4432,1.947,2.037,2.028,0.000,0.402,0.000,1938737,0,0,171262
8972,21.4461,1.807,1.804,1.795,0.000,0.732,0.000,1799732,0,0,171358
8973,21.4479,2.880,1.804,1.794,0.000,0.348,0.000,2872992,0,0,171262
8974,21.4498,1.848,1.947,1.937,0.000,0.649,0.000,1840496,0,0,171262
8975,21.4516,1.851,1.807,1.798,0.000,0.386,0.000,1843148,0,0,171262
8976,21.4534,1.834,2.881,2.872,0.000,0.341,0.000,1825941,0,0,171262
8977,21.4552,1.743,1.848,1.839,0.000,0.680,0.000,1735333,0,0,171262
8978,21.4569,1.756,1.851,1.842,0.000,0.312,0.000,1749008,0,0,171262
8979,21.4586,1.714,1.834,1.825,0.000,0.277,0.000,1707341,0,0,171262
8980,21.4603,1.721,1.742,1.734,0.000,0.696,0.000,1713781,0,0,171262
8981,21.4622,1.740,1.756,1.748,0.000,0.536,0.000,1732456,0,0,171262
8982,21.4639,1.842,1.715,1.706,0.000,0.303,0.000,1834957,0,0,171262
8983,21.4660,1.972,1.721,1.713,0.000,0.332,0.000,1965001,0,0,171262
8984,21.4677,1.817,1.739,1.731,0.000,0.316,0.000,1809469,0,0,171262
8985,21.4695,1.767,1.842,1.834,0.000,0.723,0.000,1760096,0,0,171262
8986,21.4723,1.794,1.972,1.964,0.000,0.352,0.000,1787445,0,0,171262
8987,21.4747,3.152,1.816,1.808,0.000,0.676,0.000,3145161,0,0,171262
8988,21.4765,2.035,1.767,1.759,0.000,0.347,0.000,2023539,0,0,171262
8989,21.4783,1.811,1.795,1.786,0.000,0.301,0.000,1803986,0,0,171262
8990,21.4800,1.773,3.157,3.144,0.000,0.609,0.000,1766053,0,0,171262
8991,21.4819,1.710,2.031,2.022,0.000,0.696,0.000,1702718,0,0,171262
8992,21.4836,1.838,1.810,1.802,0.000,0.350,0.000,1831372,0,0,171262
8993,21.4854,1.757,1.773,1.765,0.000,0.290,0.000,1749363,0,0,171262
8994,21.4871,1.786,1.709,1.702,0.000,0.721,0.000,1778956,0,0,171262
8995,21.4889,1.777,1.839,1.830,0.000,0.347,0.000,1769571,0,0,171262
8996,21.4908,1.755,1.756,1.748,0.000,0.309,0.000,1747819,0,0,171262
8997,21.4926,1.905,1.786,1.778,0.000,0.724,0.000,1895506,0,0,171262
8998,21.4945,1.865,1.777,1.768,0.000,0.483,0.000,1856073,0,0,171262
8999,21.4964,1.904,1.757,1.747,0.000,0.454,0.000,1894545,0,0,171262
9000,21.4993,1.898,1.904,1.894,0.000,0.449,0.000,1888842,0,0,171262
9001,21.5014,2.938,1.866,1.855,0.000,0.451,0.000,2930416,0,0,190353
9002,21.5032,2.036,1.904,1.893,0.000,0.426,0.000,2027692,0,0,171922
9003,21.5050,1.752,1.896,1.887,0.000,0.361,0.000,1744376,0,0,171326
9004,21.5067,1.763,2.939,2.929,0.000,0.377,0.000,1756131,0,0,171270
9005,21.5084,1.729,2.035,2.026,0.000,0.285,0.000,1722347,0,0,171270
9006,21.5101,1.689,1.752,1.743,0.000,0.359,0.000,1682062,0,0,171270
9007,21.5118,1.711,1.763,1.755,0.000,0.351,0.000,1704190,0,0,171270
9008,21.5137,1.749,1.729,1.721,0.000,0.319,0.000,1741767,0,0,171270
9009,21.5156,1.889,1.689,1.681,0.000,0.296,0.000,1879268,0,0,171270
9010,21.5174,1.878,1.712,1.703,0.000,0.479,0.000,1868060,0,0,171270
9011,21.5191,1.796,1.751,1.741,0.000,0.445,0.000,1787583,0,0,171270
9012,21.5211,1.724,1.889,1.878,0.000,0.457,0.000,1717505,0,0,171270
9013,21.5230,2.006,1.877,1.867,0.000,0.663,0.000,1996861,0,0,171270
9014,21.5258,1.821,1.795,1.786,0.000,0.463,0.000,1810323,0,0,171270
9015,21.5277,2.916,1.727,1.716,0.000,0.463,0.000,2908549,0,0,171830
9016,21.5294,1.786,2.007,1.995,0.000,0.336,0.000,1778220,0,0,171326
9017,21.5311,1.689,1.817,1.809,0.000,0.686,0.000,1681985,0,0,171270
9018,21.5327,1.677,2.916,2.907,0.000,0.375,0.000,1670233,0,0,171270
9019,21.5344,1.675,1.785,1.777,0.000,0.293,0.000,1668436,0,0,171270
9020,21.5362,1.722,1.689,1.681,0.000,0.328,0.000,1715252,0,0,171270
9021,21.5379,1.702,1.677,1.669,0.000,0.313,0.000,1694496,0,0,171270
9022,21.5395,1.688,1.675,1.667,0.000,0.268,0.000,1681608,0,0,171270
9023,21.5414,1.692,1.722,1.714,0.000,0.484,0.000,1685061,0,0,171270
9024,21.5432,1.941,1.701,1.693,0.000,0.277,0.000,1933747,0,0,171270
9025,21.5452,1.860,1.689,1.680,0.000,0.672,0.000,1852557,0,0,171270
9026,21.5470,1.873,1.692,1.684,0.000,0.382,0.000,1864926,0,0,171270
9027,21.5488,1.821,1.941,1.933,0.000,0.333,0.000,1814189,0,0,171270
9028,21.5516,1.780,1.860,1.851,0.000,0.297,0.000,1772449,0,0,171270
9029,21.5535,2.912,1.872,1.864,0.000,0.362,0.000,2905060,0,0,171270
9030,21.5553,1.821,1.822,1.813,0.000,0.307,0.000,1813216,0,0,171270
9031,21.5570,1.724,1.780,1.771,0.000,0.716,0.000,1716667,0,0,171270
9032,21.5589,1.857,2.913,2.904,0.000,0.371,0.000,1850125,0,0,171366
9033,21.5607,1.758,1.821,1.812,0.000,0.302,0.000,1751054,0,0,171270
9034,21.5625,1.875,1.724,1.715,0.000,0.349,0.000,1867879,0,0,171270
9035,21.5642,1.746,1.857,1.849,0.000,0.286,0.000,1738077,0,0,171270
9036,21.5660,1.740,1.758,1.750,0.000,0.285,0.000,1732783,0,0,171270
9037,21.5677,1.699,1.876,1.867,0.000,0.286,0.000,1692192,0,0,171270
9038,21.5695,1.756,1.746,1.737,0.000,0.258,0.000,1748651,0,0,171270
9039,21.5712,1.753,1.740,1.732,0.000,0.482,0.000,1745742,0,0,171270
9040,21.5729,1.705,1.700,1.691,0.000,0.513,0.000,1698774,0,0,171270
9041,21.5747,1.713,1.756,1.748,0.000,0.343,0.000,1706701,0,0,171270
9042,21.5774,1.799,1.752,1.744,0.000,0.301,0.000,1792131,0,0,171270
9043,21.5793,2.829,1.705,1.698,0.000,0.381,0.000,2822008,0,0,171270
9044,21.5812,1.839,1.714,1.706,0.000,0.291,0.000,1831495,0,0,171270
9045,21.5829,1.861,1.799,1.791,0.000,0.365,0.000,1853617,0,0,171270
9046,21.5846,1.740,2.830,2.821,0.000,0.344,0.000,1732920,0,0,171270
9047,21.5863,1.715,1.839,1.830,0.000,0.687,0.000,1708033,0,0,171270
9048,21.5882,1.720,1.861,1.852,0.000,0.655,0.000,1713278,0,0,171270
9049,21.5902,1.974,1.740,1.732,0.000,0.658,0.000,1966891,0,0,171270
9050,21.5921,1.982,1.715,1.707,0.000,0.714,0.000,1974570,0,0,171270
9051,21.5940,1.907,1.721,1.712,0.000,0.663,0.000,1898916,0,0,171270
9052,21.5958,1.806,1.974,1.966,0.000,0.509,0.000,1798641,0,0,171270
9053,21.5975,1.768,1.983,1.973,0.000,0.375,0.000,1761281,0,0,171270
9054,21.5994,1.770,1.906,1.898,0.000,0.328,0.000,1763048,0,0,171270
9055,21.6013,1.833,1.806,1.797,0.000,0.474,0.000,1825274,0,0,171270
9056,21.6042,1.938,1.769,1.760,0.000,0.336,0.000,1930695,0,0,171270
9057,21.6063,3.025,1.771,1.762,0.000,0.375,0.000,3017200,0,0,171270
9058,21.6081,1.965,1.833,1.824,0.000,0.654,0.000,1956872,0,0,171270
9059,21.6100,1.858,1.938,1.929,0.000,0.698,0.000,1850719,0,0,171270
9060,21.6118,1.882,3.025,3.016,0.000,0.358,0.000,1874315,0,0,171270
9061,21.6137,1.829,1.964,1.956,0.000,0.294,0.000,1821589,0,0,171270
9062,21.6157,1.863,1.858,1.850,0.000,0.307,0.000,1855769,0,0,171366
9063,21.6176,2.060,1.882,1.873,0.000,0.326,0.000,2052000,0,0,171270
9064,21.6195,1.886,1.829,1.820,0.000,0.715,0.000,1878717,0,0,171270
9065,21.6216,1.896,1.863,1.855,0.000,0.681,0.000,1887750,0,0,171270
9066,21.6235,2.101,2.060,2.051,0.000,0.687,0.000,2093978,0,0,171270
9067,21.6254,1.879,1.887,1.877,0.000,0.558,0.000,1870568,0,0,171270
9068,21.6272,1.851,1.895,1.886,0.000,0.321,0.000,1842571,0,0,171270
9069,21.6291,1.838,2.102,2.093,0.000,0.724,0.000,1830953,0,0,171270
9070,21.6320,1.842,1.879,1.869,0.000,0.674,0.000,1834569,0,0,171270
9071,21.6340,3.022,1.850,1.841,0.000,0.639,0.000,3014412,0,0,171270
9072,21.6359,1.933,1.839,1.830,0.000,0.398,0.000,1925732,0,0,171270
9073,21.6379,1.909,1.842,1.833,0.000,0.383,0.000,1900830,0,0,171270
9074,21.6397,1.948,3.022,3.013,0.000,0.350,0.000,1938502,0,0,171270
9075,21.6417,1.867,1.934,1.924,0.000,0.345,0.000,1859392,0,0,171270
9076,21.6438,2.157,1.910,1.899,0.000,0.350,0.000,2149432,0,0,171270
9077,21.6456,1.836,1.946,1.937,0.000,0.292,0.000,1828036,0,0,171270
9078,21.6474,1.807,1.867,1.858,0.000,0.679,0.000,1799679,0,0,171270
9079,21.6496,2.124,2.158,2.148,0.000,0.685,0.000,2117594,0,0,171270
9080,21.6515,1.928,1.835,1.827,0.000,0.666,0.000,1917941,0,0,171270
9081,21.6533,1.861,1.807,1.799,0.000,0.360,0.000,1853343,0,0,171270
9082,21.6552,1.906,2.128,2.116,0.000,0.693,0.000,1898536,0,0,171270
9083,21.6571,1.849,1.925,1.916,0.000,0.548,0.000,1841916,0,0,171270
9084,21.6599,1.815,1.860,1.852,0.000,0.308,0.000,1807081,0,0,171270
9085,21.6618,2.852,1.906,1.897,0.000,0.366,0.000,2845425,0,0,171270
9086,21.6636,1.908,1.849,1.841,0.000,0.336,0.000,1900880,0,0,171270
9087,21.6653,1.738,1.814,1.806,0.000,0.338,0.000,1731089,0,0,171270
9088,21.6670,1.722,2.853,2.844,0.000,0.684,0.000,1715051,0,0,171270
9089,21.6688,1.715,1.908,1.900,0.000,0.693,0.000,1708210,0,0,171270
9090,21.6707,1.881,1.738,1.730,0.000,0.640,0.000,1874050,0,0,171270
9091,21.6725,1.831,1.722,1.714,0.000,0.673,0.000,1823284,0,0,171270
9092,21.6743,1.763,1.715,1.707,0.000,0.716,0.000,1755940,0,0,171366
9093,21.6760,1.817,1.881,1.873,0.000,0.376,0.000,1810047,0,0,171270
9094,21.6778,1.730,1.830,1.822,0.000,0.671,0.000,1723360,0,0,171270
9095,21.6795,1.758,1.763,1.755,0.000,0.652,0.000,1750669,0,0,171270
9096,21.6813,1.711,1.817,1.809,0.000,0.316,0.000,1703943,0,0,171270
9097,21.6831,1.841,1.730,1.722,0.000,0.303,0.000,1833621,0,0,171270
9098,21.6860,1.803,1.758,1.749,0.000,0.267,0.000,1795991,0,0,171270
9099,21.6879,2.953,1.711,1.703,0.000,0.268,0.000,2945825,0,0,171270
9100,21.6898,1.929,1.841,1.832,0.000,0.297,0.000,1920885,0,0,171270
9101,21.6917,1.859,1.803,1.795,0.000,0.302,0.000,1851347,0,0,171270
9102,21.6935,1.816,2.954,2.945,0.000,0.391,0.000,1808954,0,0,171270
9103,21.6954,1.821,1.929,1.920,0.000,0.363,0.000,1814097,0,0,171270
9104,21.6973,1.949,1.859,1.850,0.000,0.411,0.000,1941800,0,0,171270
9105,21.6993,1.946,1.816,1.808,0.000,0.306,0.000,1936888,0,0,171270
9106,21.7014,1.952,1.821,1.813,0.000,0.730,0.000,1944795,0,0,171270
9107,21.7034,2.134,1.951,1.941,0.000,0.585,0.000,2127005,0,0,171270
9108,21.7052,1.935,1.944,1.935,0.000,0.387,0.000,1926119,0,0,171270
9109,21.7071,1.867,1.952,1.944,0.000,0.380,0.000,1858700,0,0,171270
9110,21.7089,1.823,2.136,2.126,0.000,0.336,0.000,1815471,0,0,171270
9111,21.7107,1.814,1.934,1.925,0.000,0.350,0.000,1806388,0,0,171270
9112,21.7136,1.810,1.867,1.858,0.000,0.313,0.000,1802535,0,0,171270
9113,21.7155,2.882,1.823,1.814,0.000,0.711,0.000,2874991,0,0,171270
9114,21.7173,1.871,1.814,1.805,0.000,0.363,0.000,1863103,0,0,171270
9115,21.7191,1.863,1.810,1.801,0.000,0.739,0.000,1855225,0,0,171270
9116,21.7213,1.742,2.883,2.874,0.000,0.383,0.000,1734777,0,0,171270
9117,21.7231,2.250,1.871,1.862,0.000,0.666,0.000,2243415,0,0,171270
9118,21.7248,1.743,1.862,1.854,0.000,0.480,0.000,1735676,0,0,171270
9119,21.7265,1.677,1.742,1.734,0.000,0.321,0.000,1670484,0,0,171270
9120,21.7282,1.675,2.251,2.242,0.000,0.268,0.000,1667900,0,0,171270
9121,21.7301,1.803,1.742,1.734,0.000,0.670,0.000,1795845,0,0,190361
9122,21.7320,1.904,1.678,1.669,0.000,0.709,0.000,1895902,0,0,171366
9123,21.7337,1.819,1.675,1.667,0.000,0.381,0.000,1810676,0,0,171270
9124,21.7355,1.759,1.804,1.795,0.000,0.687,0.000,1751294,0,0,171270
9125,21.7373,1.782,1.904,1.895,0.000,0.372,0.000,1774808,0,0,171270
9126,21.7404,1.832,1.818,1.810,0.000,0.296,0.000,1825197,0,0,171270
9127,21.7424,3.122,1.759,1.750,0.000,0.278,0.000,3113408,0,0,171270
9128,21.7443,1.960,1.782,1.774,0.000,0.475,0.000,1952080,0,0,171270
9129,21.7461,1.869,1.834,1.824,0.000,0.401,0.000,1860815,0,0,171270
9130,21.7479,1.813,3.121,3.112,0.000,0.391,0.000,1804990,0,0,171270
9131,21.7497,1.770,1.960,1.951,0.000,0.366,0.000,1763434,0,0,171270
9132,21.7515,1.899,1.868,1.859,0.000,0.710,0.000,1892036,0,0,171270
9133,21.7534,1.802,1.812,1.804,0.000,0.704,0.000,1795088,0,0,171270
9134,21.7552,1.820,1.770,1.762,0.000,0.383,0.000,1812578,0,0,171270
9135,21.7570,1.844,1.900,1.891,0.000,0.472,0.000,1836970,0,0,171270
9136,21.7588,1.804,1.803,1.794,0.000,0.671,0.000,1796713,0,0,171270
9137,21.7609,1.797,1.820,1.811,0.000,0.383,0.000,1789190,0,0,171270
9138,21.7627,2.024,1.844,1.836,0.000,0.308,0.000,2017277,0,0,171270
9139,21.7645,1.881,1.804,1.795,0.000,0.329,0.000,1872972,0,0,171270
9140,21.7675,1.847,1.796,1.788,0.000,0.682,0.000,1839947,0,0,171270
9141,21.7696,3.053,2.025,2.016,0.000,0.663,0.000,3045805,0,0,171270
9142,21.7715,2.026,1.880,1.872,0.000,0.682,0.000,2017583,0,0,171270
9143,21.7734,1.910,1.848,1.839,0.000,0.425,0.000,1897438,0,0,171270
9144,21.7752,1.808,3.054,3.044,0.000,0.714,0.000,1800290,0,0,171270
9145,21.7771,1.819,2.030,2.016,0.000,0.528,0.000,1812105,0,0,171270
9146,21.7789,1.862,1.904,1.896,0.000,0.317,0.000,1854671,0,0,171270
9147,21.7809,1.832,1.808,1.799,0.000,0.303,0.000,1823718,0,0,171270
9148,21.7829,2.056,1.819,1.811,0.000,0.705,0.000,2048642,0,0,171270
9149,21.7851,2.140,1.862,1.853,0.000,0.521,0.000,2132317,0,0,171270
9150,21.7875,2.226,1.831,1.823,0.000,0.514,0.000,2216934,0,0,171270
9151,21.7896,2.298,2.057,2.048,0.000,0.549,0.000,2288168,0,0,171270
9152,21.7917,2.145,2.141,2.131,0.000,0.769,0.000,2135405,0,0,171366
9153,21.7939,2.141,2.227,2.216,0.000,0.748,0.000,2133003,0,0,171270
9154,21.7963,2.262,2.298,2.287,0.000,0.660,0.000,2253751,0,0,171270
9155,21.7999,3.574,2.144,2.134,0.000,0.357,0.000,3565534,0,0,171270
9156,21.8023,2.406,2.141,2.132,0.000,0.454,0.000,2395782,0,0,171270
9157,21.8044,2.305,2.263,2.252,0.000,0.446,0.000,2293033,0,0,171270
9158,21.8065,2.056,3.576,3.564,0.000,0.480,0.000,2046386,0,0,171270
9159,21.8085,2.047,2.408,2.394,0.000,0.397,0.000,2038886,0,0,171270
9160,21.8105,2.009,2.302,2.291,0.000,0.560,0.000,2000474,0,0,171270
9161,21.8128,2.184,2.055,2.045,0.000,0.400,0.000,2173527,0,0,171270
9162,21.8150,2.244,2.048,2.038,0.000,0.319,0.000,2234894,0,0,171270
9163,21.8171,2.196,2.011,1.999,0.000,0.701,0.000,2186021,0,0,172382
9164,21.8193,2.155,2.182,2.172,0.000,0.377,0.000,2146009,0,0,171366
9165,21.8216,2.115,2.244,2.233,0.000,0.684,0.000,2106314,0,0,171254
9166,21.8238,2.274,2.195,2.185,0.000,0.623,0.000,2265067,0,0,171254
9167,21.8259,2.195,2.155,2.145,0.000,0.401,0.000,2186269,0,0,171254
9168,21.8281,2.199,2.115,2.105,0.000,0.386,0.000,2190300,0,0,171254
9169,21.8316,2.164,2.274,2.264,0.000,0.827,0.000,2154914,0,0,171254
9170,21.8338,3.553,2.195,2.185,0.000,0.385,0.000,3544564,0,0,171254
9171,21.8359,2.105,2.199,2.189,0.000,0.610,0.000,2095233,0,0,171254
9172,21.8381,2.260,2.163,2.153,0.000,0.704,0.000,2250812,0,0,171254
9173,21.8407,2.039,3.554,3.543,0.000,0.377,0.000,2031044,0,0,171254
9174,21.8428,2.570,2.104,2.093,0.000,0.305,0.000,2560758,0,0,171254
9175,21.8447,2.052,2.259,2.249,0.000,0.804,0.000,2044340,0,0,171254
9176,21.8470,2.347,2.040,2.030,0.000,0.708,0.000,2339345,0,0,171254
9177,21.8488,1.797,2.568,2.559,0.000,0.661,0.000,1789622,0,0,171254
9178,21.8507,1.812,2.052,2.043,0.000,0.644,0.000,1804286,0,0,171254
9179,21.8525,1.866,2.347,2.338,0.000,0.372,0.000,1858368,0,0,171254
9180,21.8543,1.804,1.797,1.788,0.000,0.300,0.000,1796732,0,0,171254
9181,21.8561,1.783,1.812,1.803,0.000,0.283,0.000,1776251,0,0,171254
9182,21.8578,1.784,1.866,1.857,0.000,0.282,0.000,1777367,0,0,171350
9183,21.8608,1.779,1.804,1.795,0.000,0.325,0.000,1771744,0,0,171254
9184,21.8630,3.084,1.783,1.775,0.000,0.719,0.000,3076824,0,0,171254
9185,21.8655,2.425,1.784,1.776,0.000,0.653,0.000,2416683,0,0,171254
9186,21.8674,2.231,1.779,1.771,0.000,0.702,0.000,2219145,0,0,171254
9187,21.8692,1.831,3.085,3.076,0.000,0.678,0.000,1823898,0,0,171254
9188,21.8710,1.812,2.428,2.415,0.000,0.745,0.000,1804815,0,0,171254
9189,21.8729,1.836,2.226,2.217,0.000,0.664,0.000,1828368,0,0,171254
9190,21.8748,1.869,1.831,1.823,0.000,0.656,0.000,1862667,0,0,171254
9191,21.8767,1.953,1.812,1.804,0.000,0.393,0.000,1945980,0,0,171254
9192,21.8786,1.915,1.835,1.827,0.000,0.562,0.000,1907539,0,0,171254
9193,21.8807,1.885,1.870,1.861,0.000,0.319,0.000,1878090,0,0,171254
9194,21.8827,2.167,1.953,1.945,0.000,0.320,0.000,2158699,0,0,171254
9195,21.8847,1.978,1.915,1.906,0.000,0.313,0.000,1969030,0,0,171254
9196,21.8867,1.987,1.886,1.877,0.000,0.300,0.000,1978202,0,0,171254
9197,21.8918,1.934,2.168,2.157,0.000,0.286,0.000,1925747,0,0,171254
9198,21.8947,5.481,1.978,1.968,0.000,0.606,0.000,5473907,0,0,171254
9199,21.8978,3.647,1.987,1.977,0.000,0.322,0.000,3636600,0,0,171254
9200,21.8998,2.078,1.933,1.925,0.000,0.823,0.000,2066680,0,0,171254
9201,21.9021,2.009,5.485,5.473,0.000,0.595,0.000,2000772,0,0,171254
9202,21.9041,2.271,3.648,3.635,0.000,0.345,0.000,2262704,0,0,171254
9203,21.9061,1.952,2.074,2.064,0.000,0.341,0.000,1943858,0,0,171254
9204,21.9080,1.948,2.009,1.999,0.000,0.600,0.000,1939977,0,0,171254
9205,21.9100,1.961,2.270,2.261,0.000,0.328,0.000,1953390,0,0,171254
9206,21.9122,2.145,1.952,1.943,0.000,0.311,0.000,2137313,0,0,171254
9207,21.9143,2.084,1.948,1.939,0.000,0.690,0.000,2076458,0,0,171254
9208,21.9163,2.086,1.961,1.952,0.000,0.723,0.000,2074457,0,0,171254
9209,21.9182,1.921,2.145,2.136,0.000,0.521,0.000,1911328,0,0,171254
9210,21.9200,1.842,2.087,2.075,0.000,0.454,0.000,1833432,0,0,171254
9211,21.9220,1.782,2.084,2.073,0.000,0.480,0.000,1774660,0,0,171254
9212,21.9239,2.045,1.920,1.910,0.000,0.348,0.000,2037478,0,0,171350
9213,21.9272,3.244,1.840,1.832,0.000,0.296,0.000,3236078,0,0,171254
9214,21.9297,2.146,1.782,1.773,0.000,0.419,0.000,2136619,0,0,171254
9215,21.9316,2.321,2.046,2.036,0.000,0.411,0.000,2312620,0,0,171254
9216,21.9334,1.864,3.246,3.235,0.000,0.730,0.000,1856679,0,0,171254
9217,21.9352,1.783,2.145,2.135,0.000,0.638,0.000,1775799,0,0,171254
9218,21.9370,1.814,2.320,2.311,0.000,0.701,0.000,1806875,0,0,171254
9219,21.9388,1.831,1.864,1.855,0.000,0.689,0.000,1823668,0,0,171254
9220,21.9407,1.795,1.783,1.775,0.000,0.682,0.000,1787380,0,0,171254
9221,21.9424,1.856,1.814,1.806,0.000,0.409,0.000,1848112,0,0,171254
9222,21.9441,1.715,1.832,1.823,0.000,0.512,0.000,1707408,0,0,171254
9223,21.9459,1.717,1.795,1.786,0.000,0.639,0.000,1709915,0,0,171254
9224,21.9476,1.729,1.855,1.847,0.000,0.626,0.000,1721561,0,0,171254
9225,21.9493,1.704,1.714,1.706,0.000,0.373,0.000,1696652,0,0,171254
9226,21.9521,1.788,1.717,1.709,0.000,0.285,0.000,1781109,0,0,171254
9227,21.9540,2.855,1.729,1.720,0.000,0.258,0.000,2847214,0,0,171254
9228,21.9558,1.871,1.704,1.696,0.000,0.366,0.000,1862776,0,0,171254
9229,21.9577,1.832,1.789,1.780,0.000,0.365,0.000,1824855,0,0,171254
9230,21.9595,1.823,2.855,2.846,0.000,0.348,0.000,1815765,0,0,171254
9231,21.9619,1.877,1.870,1.861,0.000,0.293,0.000,1868950,0,0,171254
9232,21.9639,2.434,1.832,1.824,0.000,0.751,0.000,2426353,0,0,171254
9233,21.9662,1.927,1.823,1.815,0.000,0.565,0.000,1918258,0,0,171254
9234,21.9688,2.623,1.876,1.868,0.000,0.694,0.000,2615462,0,0,171254
9235,21.9710,2.468,2.435,2.425,0.000,0.708,0.000,2458308,0,0,171254
9236,21.9732,2.214,1.926,1.917,0.000,0.753,0.000,2205027,0,0,171254
9237,21.9755,2.247,2.625,2.614,0.000,0.425,0.000,2237906,0,0,171254
9238,21.9774,2.074,2.468,2.457,0.000,0.732,0.000,2066056,0,0,171254
9239,21.9794,1.950,2.214,2.203,0.000,0.394,0.000,1942409,0,0,171254
9240,21.9826,1.926,2.246,2.236,0.000,0.388,0.000,1918023,0,0,171254
9241,21.9849,3.422,2.074,2.065,0.000,0.700,0.000,3414322,0,0,190345
9242,21.9869,2.166,1.950,1.941,0.000,0.505,0.000,2156723,0,0,171350
9243,21.9887,1.899,1.926,1.917,0.000,0.541,0.000,1890592,0,0,171254
9244,21.9906,1.834,3.423,3.413,0.000,0.384,0.000,1825830,0,0,171254
9245,21.9925,1.860,2.165,2.155,0.000,0.316,0.000,1852296,0,0,171254
9246,21.9944,1.908,1.898,1.889,0.000,0.313,0.000,1900756,0,0,171254
9247,21.9962,1.904,1.833,1.825,0.000,0.294,0.000,1895773,0,0,171254
9248,21.9981,1.834,1.860,1.851,0.000,0.444,0.000,1826198,0,0,171254
9249,22.0000,1.881,1.909,1.900,0.000,0.328,0.000,1873504,0,0,171254
9250,22.0020,1.912,1.903,1.894,0.000,0.286,0.000,1903827,0,0,171254
9251,22.0039,1.988,1.834,1.825,0.000,0.678,0.000,1981148,0,0,171254
9252,22.0057,1.849,1.882,1.872,0.000,0.714,0.000,1841639,0,0,171254
9253,22.0077,1.982,1.911,1.903,0.000,0.331,0.000,1974483,0,0,171254
9254,22.0107,1.923,1.989,1.980,0.000,0.758,0.000,1915618,0,0,171254
9255,22.0128,3.076,1.849,1.840,0.000,0.434,0.000,3068288,0,0,171254
9256,22.0146,1.935,1.982,1.973,0.000,0.375,0.000,1927206,0,0,171254
9257,22.0165,1.845,1.923,1.914,0.000,0.373,0.000,1837750,0,0,171254
9258,22.0184,1.895,3.076,3.067,0.000,0.300,0.000,1886994,0,0,171254
9259,22.0202,1.840,1.935,1.926,0.000,0.310,0.000,1831801,0,0,171254
9260,22.0221,1.824,1.845,1.837,0.000,0.328,0.000,1816497,0,0,171254
9261,22.0239,1.950,1.895,1.886,0.000,0.744,0.000,1943091,0,0,171254
9262,22.0258,1.811,1.840,1.831,0.000,0.702,0.000,1802982,0,0,171254
9263,22.0276,1.778,1.824,1.815,0.000,0.707,0.000,1769981,0,0,171254
9264,22.0294,1.840,1.951,1.942,0.000,0.715,0.000,1832903,0,0,171254
9265,22.0312,1.801,1.811,1.802,0.000,0.419,0.000,1793302,0,0,171254
9266,22.0330,1.836,1.778,1.769,0.000,0.717,0.000,1828850,0,0,171254
9267,22.0349,1.875,1.840,1.832,0.000,0.336,0.000,1867949,0,0,171254
9268,22.0381,1.911,1.801,1.792,0.000,0.337,0.000,1903492,0,0,171254
9269,22.0401,3.220,1.836,1.828,0.000,0.353,0.000,3212085,0,0,171254
9270,22.0424,1.985,1.876,1.867,0.000,0.738,0.000,1976632,0,0,171254
9271,22.0444,2.261,1.911,1.902,0.000,0.428,0.000,2252407,0,0,171254
9272,22.0463,1.990,3.220,3.211,0.000,0.783,0.000,1981367,0,0,171350
9273,22.0482,1.878,1.985,1.975,0.000,0.688,0.000,1870481,0,0,171254
9274,22.0501,1.906,2.261,2.251,0.000,0.518,0.000,1898689,0,0,171254
9275,22.0523,1.871,1.989,1.980,0.000,0.438,0.000,1863350,0,0,171254
9276,22.0542,2.244,1.878,1.869,0.000,0.417,0.000,2236588,0,0,171254
9277,22.0567,1.989,1.907,1.897,0.000,0.388,0.000,1982224,0,0,171254
9278,22.0588,2.496,1.871,1.862,0.000,0.362,0.000,2488241,0,0,171254
9279,22.0610,2.052,2.244,2.235,0.000,0.350,0.000,2043073,0,0,171254
9280,22.0631,2.234,1.990,1.981,0.000,0.516,0.000,2225555,0,0,171254
9281,22.0652,2.159,2.497,2.487,0.000,0.406,0.000,2149686,0,0,171254
9282,22.0684,2.124,2.051,2.042,0.000,0.431,0.000,2114826,0,0,171254
9283,22.0705,3.179,2.235,2.224,0.000,0.427,0.000,3170847,0,0,171254
9284,22.0728,2.141,2.158,2.148,0.000,0.493,0.000,2132453,0,0,171254
9285,22.0750,2.232,2.123,2.113,0.000,0.380,0.000,2223188,0,0,171254
9286,22.0771,2.213,3.180,3.169,0.000,0.434,0.000,2203275,0,0,171254
9287,22.0792,2.082,2.141,2.131,0.000,0.508,0.000,2073157,0,0,171254
9288,22.0814,2.004,2.233,2.222,0.000,0.406,0.000,1995292,0,0,171254
9289,22.0837,2.347,2.212,2.202,0.000,0.381,0.000,2338187,0,0,171254
9290,22.0857,2.227,2.082,2.072,0.000,0.631,0.000,2217456,0,0,171254
9291,22.0878,2.016,2.004,1.994,0.000,0.392,0.000,2007582,0,0,171254
9292,22.0897,1.972,2.348,2.337,0.000,0.780,0.000,1964280,0,0,171254
9293,22.0917,1.947,2.226,2.216,0.000,0.736,0.000,1939642,0,0,171254
9294,22.0937,2.032,2.015,2.006,0.000,0.393,0.000,2024229,0,0,171254
9295,22.0960,2.082,1.972,1.963,0.000,0.844,0.000,2074327,0,0,171254
9296,22.0995,2.475,1.947,1.938,0.000,0.412,0.000,2466569,0,0,171254
9297,22.1019,3.402,2.032,2.023,0.000,0.344,0.000,3391551,0,0,171254
9298,22.1038,2.170,2.083,2.073,0.000,0.498,0.000,2161521,0,0,171254
9299,22.1057,1.926,2.477,2.465,0.000,0.354,0.000,1917222,0,0,171254
9300,22.1075,1.840,3.400,3.390,0.000,0.418,0.000,1831849,0,0,171254
9301,22.1094,1.854,2.170,2.160,0.000,0.365,0.000,1846243,0,0,171254
9302,22.1112,1.843,1.925,1.916,0.000,0.288,0.000,1835737,0,0,171350
9303,22.1131,1.868,1.839,1.831,0.000,0.310,0.000,1859750,0,0,171254
9304,22.1149,1.856,1.853,1.845,0.000,0.605,0.000,1848418,0,0,171254
9305,22.1169,1.853,1.844,1.834,0.000,0.680,0.000,1845097,0,0,171254
9306,22.1188,1.954,1.867,1.859,0.000,0.603,0.000,1947089,0,0,171254
9307,22.1208,1.889,1.856,1.847,0.000,0.707,0.000,1881501,0,0,171254
9308,22.1226,1.968,1.852,1.844,0.000,0.751,0.000,1960116,0,0,171254
9309,22.1244,1.777,1.955,1.946,0.000,0.350,0.000,1768962,0,0,171254
9310,22.1272,1.797,1.889,1.880,0.000,0.295,0.000,1789246,0,0,171254
9311,22.1291,2.879,1.968,1.959,0.000,0.281,0.000,2871663,0,0,171254
9312,22.1309,1.842,1.776,1.768,0.000,0.257,0.000,1834259,0,0,171814
9313,22.1326,1.747,1.797,1.788,0.000,0.270,0.000,1739963,0,0,171310
9314,22.1343,1.732,2.879,2.870,0.000,0.448,0.000,1724461,0,0,171254
9315,22.1362,1.701,1.842,1.833,0.000,0.456,0.000,1693758,0,0,171254
9316,22.1380,2.020,1.747,1.739,0.000,0.396,0.000,2013636,0,0,171254
9317,22.1397,1.716,1.732,1.723,0.000,0.393,0.000,1708633,0,0,171254
9318,22.1421,1.695,1.701,1.692,0.000,0.341,0.000,1688315,0,0,171254
9319,22.1444,2.830,2.021,2.012,0.000,0.294,0.000,2823376,0,0,171254
9320,22.1463,1.929,1.715,1.707,0.000,0.304,0.000,1920337,0,0,171254
9321,22.1482,1.865,1.695,1.687,0.000,0.391,0.000,1856953,0,0,171254
9322,22.1500,1.867,2.832,2.822,0.000,0.368,0.000,1859797,0,0,171254
9323,22.1518,1.789,1.929,1.919,0.000,0.328,0.000,1781038,0,0,171254
9324,22.1547,1.834,1.865,1.856,0.000,0.322,0.000,1827057,0,0,171254
9325,22.1569,3.154,1.868,1.859,0.000,0.346,0.000,3146703,0,0,171254
9326,22.1590,2.111,1.788,1.780,0.000,0.374,0.000,2102370,0,0,171254
9327,22.1611,2.014,1.835,1.826,0.000,0.424,0.000,2006116,0,0,171254
9328,22.1633,2.316,3.155,3.145,0.000,0.729,0.000,2307913,0,0,171254
9329,22.1655,2.080,2.110,2.101,0.000,0.489,0.000,2072236,0,0,171254
9330,22.1675,2.063,2.014,2.005,0.000,0.310,0.000,2054685,0,0,171254
9331,22.1696,2.057,2.316,2.307,0.000,0.329,0.000,2048900,0,0,171254
9332,22.1716,2.037,2.080,2.071,0.000,0.398,0.000,2028471,0,0,171350
9333,22.1736,2.019,2.063,2.053,0.000,0.351,0.000,2010753,0,0,171254
9334,22.1756,2.024,2.058,2.047,0.000,0.458,0.000,2015540,0,0,171254
9335,22.1776,1.998,2.037,2.027,0.000,0.319,0.000,1989846,0,0,171254
9336,22.1795,1.974,2.019,2.009,0.000,0.375,0.000,1966161,0,0,171254
9337,22.1817,1.968,2.023,2.014,0.000,0.390,0.000,1960437,0,0,171254
9338,22.1852,2.145,1.997,1.988,0.000,0.377,0.000,2137182,0,0,171254
9339,22.1874,3.635,1.974,1.965,0.000,0.737,0.000,3627278,0,0,171254
9340,22.1894,2.109,1.968,1.959,0.000,0.349,0.000,2099809,0,0,171254
9341,22.1914,2.024,2.145,2.136,0.000,0.428,0.000,2015287,0,0,171254
9342,22.1933,1.956,3.636,3.626,0.000,0.376,0.000,1947497,0,0,171254
9343,22.1953,1.918,2.108,2.098,0.000,0.756,0.000,1909895,0,0,171254
9344,22.1973,1.981,2.024,2.014,0.000,0.337,0.000,1972236,0,0,171254
9345,22.1993,1.985,1.955,1.946,0.000,0.353,0.000,1976972,0,0,171254
9346,22.2013,1.975,1.919,1.909,0.000,0.339,0.000,1967018,0,0,171254
9347,22.2032,2.008,1.980,1.971,0.000,0.314,0.000,1999588,0,0,171254
9348,22.2051,1.911,1.985,1.976,0.000,0.307,0.000,1903372,0,0,171254
9349,22.2069,1.837,1.975,1.966,0.000,0.283,0.000,1829232,0,0,171254
9350,22.2088,1.812,2.007,1.998,0.000,0.718,0.000,1804754,0,0,171254
9351,22.2107,1.915,1.911,1.902,0.000,0.672,0.000,1907611,0,0,171254
9352,22.2138,2.006,1.837,1.828,0.000,0.413,0.000,1998328,0,0,171254
9353,22.2159,3.118,1.812,1.803,0.000,0.681,0.000,3109519,0,0,171254
9354,22.2187,2.372,1.916,1.906,0.000,0.590,0.000,2363785,0,0,171254
9355,22.2209,2.631,2.007,1.997,0.000,0.697,0.000,2620179,0,0,171254
9356,22.2227,1.928,3.118,3.108,0.000,0.392,0.000,1921110,0,0,171254
9357,22.2244,1.758,2.374,2.362,0.000,0.736,0.000,1750752,0,0,171254
9358,22.2262,1.729,2.627,2.618,0.000,0.357,0.000,1721851,0,0,171254
9359,22.2280,1.837,1.929,1.920,0.000,0.685,0.000,1830103,0,0,171254
9360,22.2301,1.942,1.758,1.750,0.000,0.646,0.000,1935247,0,0,171254
9361,22.2323,2.085,1.729,1.721,0.000,0.676,0.000,2077963,0,0,190345
9362,22.2343,2.207,1.837,1.829,0.000,0.669,0.000,2198724,0,0,171350
9363,22.2364,1.996,1.943,1.934,0.000,0.696,0.000,1986740,0,0,171254
9364,22.2384,2.031,2.086,2.077,0.000,0.375,0.000,2021925,0,0,171254
9365,22.2404,2.059,2.208,2.197,0.000,0.355,0.000,2051299,0,0,171254
9366,22.2440,1.926,1.996,1.985,0.000,0.314,0.000,1917894,0,0,171254
9367,22.2464,3.990,2.029,2.020,0.000,0.362,0.000,3983463,0,0,171254
9368,22.2483,1.998,2.059,2.050,0.000,0.352,0.000,1988519,0,0,171254
9369,22.2502,1.901,1.925,1.917,0.000,0.595,0.000,1893119,0,0,171254
9370,22.2520,1.856,3.993,3.982,0.000,0.564,0.000,1848246,0,0,171254
9371,22.2538,1.834,1.997,1.987,0.000,0.314,0.000,1826509,0,0,171254
9372,22.2555,1.724,1.901,1.892,0.000,0.306,0.000,1716330,0,0,171254
9373,22.2573,1.763,1.856,1.847,0.000,0.327,0.000,1755388,0,0,171254
9374,22.2591,1.783,1.833,1.825,0.000,0.375,0.000,1775867,0,0,171254
9375,22.2609,1.743,1.724,1.715,0.000,0.326,0.000,1736220,0,0,171254
9376,22.2627,1.853,1.763,1.754,0.000,0.724,0.000,1845531,0,0,171254
9377,22.2644,1.717,1.783,1.775,0.000,0.370,0.000,1709822,0,0,171254
9378,22.2661,1.752,1.744,1.735,0.000,0.290,0.000,1744890,0,0,171254
9379,22.2679,1.740,1.853,1.844,0.000,0.269,0.000,1732257,0,0,171254
9380,22.2708,1.751,1.717,1.709,0.000,0.254,0.000,1743828,0,0,171254
9381,22.2729,3.070,1.752,1.744,0.000,0.283,0.000,3062344,0,0,171254
9382,22.2753,1.987,1.739,1.731,0.000,0.296,0.000,1978091,0,0,171254
9383,22.2773,2.621,1.752,1.743,0.000,0.336,0.000,2612911,0,0,171254
9384,22.2791,1.787,3.071,3.061,0.000,0.286,0.000,1779292,0,0,171254
9385,22.2810,1.768,1.986,1.977,0.000,0.434,0.000,1760908,0,0,171254
9386,22.2827,1.890,2.621,2.612,0.000,0.710,0.000,1882486,0,0,171254
9387,22.2845,1.719,1.786,1.778,0.000,0.695,0.000,1706098,0,0,171254
9388,22.2863,1.733,1.768,1.760,0.000,0.692,0.000,1725815,0,0,171254
9389,22.2880,1.806,1.895,1.881,0.000,0.411,0.000,1799017,0,0,171254
9390,22.2897,1.739,1.713,1.705,0.000,0.330,0.000,1731767,0,0,171254
9391,22.2915,1.702,1.733,1.725,0.000,0.290,0.000,1689886,0,0,171254
9392,22.2932,1.775,1.806,1.798,0.000,0.290,0.000,1768545,0,0,171350
9393,22.2950,1.741,1.744,1.731,0.000,0.271,0.000,1734010,0,0,171254
9394,22.2979,1.783,1.696,1.688,0.000,0.611,0.000,1776549,0,0,171254
9395,22.3003,3.343,1.775,1.767,0.000,0.386,0.000,3328578,0,0,171254
9396,22.3024,2.070,1.741,1.733,0.000,0.309,0.000,2061230,0,0,171254
9397,22.3047,2.118,1.791,1.775,0.000,0.814,0.000,2109720,0,0,171254
9398,22.3074,2.769,3.338,3.327,0.000,0.385,0.000,2761403,0,0,171254
9399,22.3093,2.140,2.069,2.059,0.000,0.342,0.000,2128291,0,0,171254
9400,22.3112,1.936,2.118,2.108,0.000,0.344,0.000,1928440,0,0,171254
9401,22.3132,1.895,2.773,2.760,0.000,0.305,0.000,1887219,0,0,171254
9402,22.3152,2.049,2.135,2.126,0.000,0.322,0.000,2041329,0,0,171254
9403,22.3171,1.981,1.936,1.927,0.000,0.314,0.000,1972612,0,0,171254
9404,22.3189,1.843,1.895,1.886,0.000,0.503,0.000,1835966,0,0,171254
9405,22.3212,1.800,2.050,2.040,0.000,0.680,0.000,1793556,0,0,171254
9406,22.3233,2.472,1.980,1.971,0.000,0.405,0.000,2464449,0,0,171254
9407,22.3251,1.898,1.843,1.835,0.000,0.658,0.000,1888722,0,0,171254
9408,22.3278,1.726,1.801,1.792,0.000,0.482,0.000,1719063,0,0,171254
9409,22.3297,2.797,2.474,2.463,0.000,0.698,0.000,2788281,0,0,171254
9410,22.3315,1.848,1.896,1.887,0.000,0.363,0.000,1841136,0,0,171254
9411,22.3332,1.757,1.727,1.718,0.000,0.360,0.000,1749995,0,0,171254
9412,22.3349,1.694,2.795,2.787,0.000,0.304,0.000,1686367,0,0,171254
9413,22.3366,1.712,1.848,1.840,0.000,0.619,0.000,1705310,0,0,171254
9414,22.3384,1.777,1.757,1.749,0.000,0.643,0.000,1770595,0,0,171254
9415,22.3402,1.801,1.693,1.685,0.000,0.681,0.000,1793883,0,0,171254
9416,22.3421,1.807,1.712,1.704,0.000,0.718,0.000,1800372,0,0,171254
9417,22.3438,1.852,1.778,1.769,0.000,0.681,0.000,1844801,0,0,171254
9418,22.3456,1.738,1.801,1.793,0.000,0.724,0.000,1730787,0,0,171254
9419,22.3473,1.746,1.807,1.799,0.000,0.639,0.000,1739973,0,0,171254
9420,22.3492,1.806,1.852,1.844,0.000,0.636,0.000,1798710,0,0,171254
9421,22.3512,1.924,1.737,1.730,0.000,0.638,0.000,1914679,0,0,171254
9422,22.3540,1.912,1.747,1.739,0.000,0.474,0.000,1902382,0,0,171350
9423,22.3558,2.783,1.808,1.798,0.000,0.448,0.000,2775013,0,0,171254
9424,22.3577,1.860,1.924,1.913,0.000,0.352,0.000,1851702,0,0,171254
9425,22.3595,1.880,1.910,1.901,0.000,0.677,0.000,1873155,0,0,171254
9426,22.3615,1.780,2.783,2.774,0.000,0.422,0.000,1773149,0,0,171254
9427,22.3633,2.057,1.859,1.851,0.000,0.661,0.000,2049503,0,0,171254
9428,22.3650,1.734,1.881,1.872,0.000,0.353,0.000,1726276,0,0,171254
9429,22.3667,1.673,1.780,1.772,0.000,0.337,0.000,1665293,0,0,171254
9430,22.3684,1.723,2.057,2.048,0.000,0.277,0.000,1716482,0,0,171254
9431,22.3701,1.719,1.734,1.725,0.000,0.957,0.000,1712041,0,0,171254
9432,22.3719,1.706,1.672,1.664,0.000,0.262,0.000,1699281,0,0,171254
9433,22.3736,1.667,1.724,1.715,0.000,0.249,0.000,1659205,0,0,171254
9434,22.3752,1.725,1.719,1.711,0.000,0.328,0.000,1717811,0,0,171254
9435,22.3769,1.679,1.707,1.698,0.000,0.331,0.000,1672129,0,0,171254
9436,22.3787,1.702,1.666,1.658,0.000,0.275,0.000,1695207,0,0,171254
9437,22.3818,2.942,1.725,1.717,0.000,1.001,0.000,2934874,0,0,171254
9438,22.3836,1.993,1.679,1.671,0.000,0.344,0.000,1984879,0,0,171254
9439,22.3853,1.753,1.702,1.694,0.000,0.375,0.000,1745495,0,0,171254
9440,22.3871,1.737,2.943,2.934,0.000,0.316,0.000,1730253,0,0,171254
9441,22.3889,1.781,1.992,1.983,0.000,0.300,0.000,1773748,0,0,171254
9442,22.3906,1.788,1.753,1.744,0.000,0.363,0.000,1780795,0,0,171254
9443,22.3924,1.737,1.737,1.729,0.000,0.342,0.000,1729460,0,0,171254
9444,22.3942,1.788,1.781,1.773,0.000,0.308,0.000,1781093,0,0,171254
9445,22.3959,1.773,1.788,1.780,0.000,0.336,0.000,1765437,0,0,171254
9446,22.3977,1.736,1.737,1.728,0.000,0.335,0.000,1728853,0,0,171254
9447,22.3995,1.783,1.789,1.780,0.000,0.278,0.000,1774935,0,0,171254
9448,22.4013,1.757,1.773,1.764,0.000,0.358,0.000,1750028,0,0,171254
9449,22.4031,1.907,1.736,1.728,0.000,0.514,0.000,1899578,0,0,171254
9450,22.4048,1.752,1.782,1.774,0.000,0.353,0.000,1744505,0,0,171254
9451,22.4078,1.743,1.757,1.749,0.000,0.475,0.000,1735948,0,0,171254
9452,22.4097,3.033,1.907,1.898,0.000,0.307,0.000,3026428,0,0,171350
9453,22.4115,1.819,1.751,1.743,0.000,0.341,0.000,1810870,0,0,171254
9454,22.4133,1.800,1.743,1.735,0.000,0.376,0.000,1792555,0,0,171254
9455,22.4151,1.845,3.035,3.025,0.000,0.354,0.000,1836490,0,0,171254
9456,22.4173,2.153,1.818,1.810,0.000,0.304,0.000,2145998,0,0,171254
9457,22.4192,1.837,1.801,1.791,0.000,0.637,0.000,1829497,0,0,171254
9458,22.4210,1.804,1.844,1.835,0.000,0.543,0.000,1797244,0,0,171254
9459,22.4227,1.833,2.153,2.145,0.000,0.316,0.000,1825374,0,0,171254
9460,22.4245,1.680,1.837,1.828,0.000,0.667,0.000,1673488,0,0,171254
9461,22.4262,1.786,1.805,1.796,0.000,0.632,0.000,1780103,0,0,171254
9462,22.4279,1.699,1.832,1.824,0.000,0.469,0.000,1690619,0,0,171254
9463,22.4296,1.686,1.679,1.672,0.000,0.333,0.000,1679309,0,0,171254
9464,22.4313,1.692,1.788,1.779,0.000,0.409,0.000,1685602,0,0,171254
9465,22.4340,1.688,1.697,1.689,0.000,0.404,0.000,1681590,0,0,171254
9466,22.4359,2.859,1.686,1.678,0.000,0.395,0.000,2851935,0,0,171254
9467,22.4378,1.850,1.692,1.684,0.000,0.335,0.000,1842623,0,0,171254
9468,22.4395,1.854,1.689,1.681,0.000,0.329,0.000,1844804,0,0,171254
9469,22.4414,1.714,2.860,2.851,0.000,0.481,0.000,1706595,0,0,171254
9470,22.4432,1.925,1.852,1.841,0.000,0.360,0.000,1918317,0,0,171254
9471,22.4450,1.794,1.852,1.844,0.000,0.440,0.000,1786772,0,0,171254
9472,22.4468,1.781,1.714,1.705,0.000,0.407,0.000,1773975,0,0,171254
9473,22.4487,1.886,1.926,1.917,0.000,0.364,0.000,1873404,0,0,171254
9474,22.4506,1.866,1.794,1.786,0.000,0.326,0.000,1858594,0,0,171254
9475,22.4525,1.892,1.787,1.773,0.000,0.712,0.000,1884792,0,0,171254
9476,22.4544,1.928,1.881,1.872,0.000,0.337,0.000,1919267,0,0,171254
9477,22.4565,1.900,1.866,1.857,0.000,0.484,0.000,1890896,0,0,171254
9478,22.4586,2.208,1.893,1.883,0.000,0.465,0.000,2200253,0,0,171254
9479,22.4636,1.982,1.928,1.918,0.000,0.351,0.000,1974438,0,0,171254
9480,22.4665,5.336,1.899,1.889,0.000,0.440,0.000,5328539,0,0,171254
9481,22.4700,3.913,2.208,2.199,0.000,0.355,0.000,3897649,0,0,190345
9482,22.4722,2.383,1.982,1.973,0.000,0.416,0.000,2370811,0,0,171350
9483,22.4743,2.117,5.345,5.327,0.000,0.320,0.000,2108034,0,0,171254
9484,22.4763,2.038,3.910,3.896,0.000,0.359,0.000,2029438,0,0,171254
9485,22.4783,1.915,2.379,2.368,0.000,0.370,0.000,1906968,0,0,171254
9486,22.4803,2.070,2.117,2.107,0.000,0.381,0.000,2062091,0,0,171254
9487,22.4824,2.013,2.037,2.028,0.000,0.710,0.000,2003652,0,0,171254
9488,22.4843,2.056,1.915,1.906,0.000,0.673,0.000,2047878,0,0,171254
9489,22.4862,1.863,2.071,2.061,0.000,0.671,0.000,1854594,0,0,171254
9490,22.4880,1.803,2.012,2.002,0.000,0.617,0.000,1796020,0,0,171254
9491,22.4898,1.862,2.056,2.047,0.000,0.349,0.000,1854127,0,0,171254
9492,22.4916,1.813,1.862,1.853,0.000,0.404,0.000,1805985,0,0,171254
9493,22.4935,1.852,1.803,1.795,0.000,0.400,0.000,1844815,0,0,171254
9494,22.4953,1.832,1.861,1.853,0.000,0.298,0.000,1823646,0,0,171254
9495,22.4984,2.973,1.814,1.805,0.000,0.421,0.000,2965632,0,0,171254
9496,22.5003,1.993,1.853,1.844,0.000,0.372,0.000,1984909,0,0,171254
9497,22.5024,1.902,1.831,1.822,0.000,0.366,0.000,1894101,0,0,171254
9498,22.5043,2.087,2.974,2.964,0.000,0.313,0.000,2078348,0,0,171254
9499,22.5062,1.888,1.993,1.984,0.000,0.363,0.000,1879329,0,0,171254
9500,22.5080,1.830,1.902,1.893,0.000,0.686,0.000,1822662,0,0,171254
9501,22.5099,1.869,2.086,2.077,0.000,0.344,0.000,1861507,0,0,171254
9502,22.5118,1.889,1.887,1.878,0.000,0.307,0.000,1881333,0,0,171254
9503,22.5137,1.917,1.830,1.822,0.000,0.735,0.000,1909135,0,0,171254
9504,22.5155,1.858,1.869,1.860,0.000,0.713,0.000,1849503,0,0,171254
9505,22.5174,1.830,1.889,1.880,0.000,0.575,0.000,1822292,0,0,171254
9506,22.5194,1.981,1.917,1.908,0.000,0.358,0.000,1973317,0,0,171254
9507,22.5215,1.955,1.857,1.848,0.000,0.293,0.000,1946745,0,0,171254
9508,22.5245,2.078,1.830,1.821,0.000,0.394,0.000,2069761,0,0,171254
9509,22.5265,3.042,1.982,1.972,0.000,0.683,0.000,3033606,0,0,171254
9510,22.5284,1.958,1.954,1.945,0.000,0.401,0.000,1950043,0,0,171254
9511,22.5304,1.936,2.078,2.069,0.000,0.332,0.000,1928266,0,0,171254
9512,22.5324,1.967,3.041,3.032,0.000,0.319,0.000,1959225,0,0,171350
9513,22.5342,1.888,1.958,1.949,0.000,0.649,0.000,1880081,0,0,171254
9514,22.5359,1.770,1.936,1.927,0.000,0.378,0.000,1762559,0,0,171254
9515,22.5376,1.726,1.967,1.958,0.000,0.452,0.000,1718780,0,0,171254
9516,22.5393,1.695,1.887,1.879,0.000,0.312,0.000,1688188,0,0,171254
9517,22.5412,1.745,1.770,1.761,0.000,0.670,0.000,1737963,0,0,171254
9518,22.5429,1.859,1.726,1.718,0.000,0.635,0.000,1851585,0,0,171254
9519,22.5449,1.674,1.695,1.687,0.000,0.387,0.000,1666405,0,0,171254
9520,22.5470,2.347,1.745,1.737,0.000,0.301,0.000,2339917,0,0,171254
9521,22.5488,1.819,1.859,1.850,0.000,0.290,0.000,1810931,0,0,171254
9522,22.5516,1.866,1.673,1.665,0.000,0.348,0.000,1859463,0,0,171254
9523,22.5537,2.848,2.348,2.339,0.000,0.345,0.000,2840235,0,0,171254
9524,22.5556,2.083,1.828,1.809,0.000,0.360,0.000,2075311,0,0,171254
9525,22.5574,1.866,1.856,1.848,0.000,0.685,0.000,1857794,0,0,171254
9526,22.5591,1.742,2.848,2.839,0.000,0.604,0.000,1734590,0,0,171254
9527,22.5610,1.721,2.083,2.074,0.000,0.704,0.000,1713836,0,0,171254
9528,22.5626,1.782,1.865,1.856,0.000,0.677,0.000,1775375,0,0,171254
9529,22.5643,1.664,1.742,1.733,0.000,0.647,0.000,1657699,0,0,171254
9530,22.5661,1.735,1.721,1.713,0.000,0.656,0.000,1728815,0,0,171254
9531,22.5677,1.690,1.782,1.774,0.000,0.601,0.000,1683049,0,0,171254
9532,22.5695,1.760,1.664,1.657,0.000,0.327,0.000,1753330,0,0,171254
9533,22.5714,1.818,1.736,1.728,0.000,0.326,0.000,1811282,0,0,171254
9534,22.5732,1.866,1.690,1.682,0.000,0.620,0.000,1858930,0,0,171254
9535,22.5750,1.812,1.761,1.752,0.000,0.318,0.000,1804016,0,0,171254
9536,22.5778,1.737,1.818,1.810,0.000,0.340,0.000,1729115,0,0,171254
9537,22.5797,2.852,1.867,1.858,0.000,0.439,0.000,2845426,0,0,171254
9538,22.5816,1.874,1.812,1.803,0.000,0.361,0.000,1866121,0,0,171254
9539,22.5835,1.950,1.736,1.728,0.000,0.481,0.000,1942501,0,0,171254
9540,22.5853,1.806,2.853,2.844,0.000,0.438,0.000,1798412,0,0,171254
9541,22.5871,1.809,1.874,1.865,0.000,0.662,0.000,1801208,0,0,171254
9542,22.5889,1.842,1.951,1.941,0.000,0.637,0.000,1834316,0,0,171350
9543,22.5906,1.730,1.806,1.797,0.000,0.347,0.000,1722835,0,0,171254
9544,22.5924,1.757,1.809,1.800,0.000,0.275,0.000,1750043,0,0,171254
9545,22.5942,1.744,1.841,1.833,0.000,0.331,0.000,1736121,0,0,171254
9546,22.5961,1.855,1.730,1.721,0.000,0.267,0.000,1847347,0,0,171254
9547,22.5979,1.860,1.757,1.749,0.000,0.299,0.000,1852548,0,0,171254
9548,22.5997,1.795,1.743,1.735,0.000,0.315,0.000,1788042,0,0,171254
9549,22.6018,1.868,1.855,1.846,0.000,0.378,0.000,1860112,0,0,171254
9550,22.6046,2.091,1.860,1.851,0.000,0.444,0.000,2083762,0,0,171254
9551,22.6066,2.908,1.796,1.787,0.000,0.455,0.000,2900560,0,0,171254
9552,22.6083,1.797,1.868,1.859,0.000,0.665,0.000,1789212,0,0,171254
9553,22.6100,1.737,2.091,2.082,0.000,0.659,0.000,1729959,0,0,171254
9554,22.6117,1.716,2.908,2.899,0.000,0.307,0.000,1708843,0,0,171254
9555,22.6134,1.693,1.796,1.788,0.000,0.635,0.000,1685964,0,0,171254
9556,22.6153,1.782,1.737,1.729,0.000,0.599,0.000,1775278,0,0,171254
9557,22.6173,1.948,1.716,1.708,0.000,0.392,0.000,1940306,0,0,171254
9558,22.6192,1.959,1.693,1.685,0.000,0.673,0.000,1948853,0,0,171254
9559,22.6212,1.860,1.783,1.774,0.000,0.488,0.000,1852535,0,0,171254
9560,22.6231,2.067,1.951,1.939,0.000,0.292,0.000,2059883,0,0,171254
9561,22.6252,1.966,1.956,1.947,0.000,0.289,0.000,1957769,0,0,171254
9562,22.6270,1.982,1.860,1.851,0.000,0.673,0.000,1971492,0,0,171254
9563,22.6289,1.825,2.069,2.059,0.000,0.508,0.000,1816071,0,0,171254
9564,22.6326,1.933,1.968,1.956,0.000,0.449,0.000,1926226,0,0,171254
9565,22.6347,3.796,1.981,1.970,0.000,0.329,0.000,3768947,0,0,171254
9566,22.6366,2.053,1.823,1.814,0.000,0.325,0.000,2043626,0,0,171254
9567,22.6385,1.819,1.953,1.925,0.000,0.345,0.000,1811970,0,0,171254
9568,22.6403,1.824,3.777,3.767,0.000,0.286,0.000,1815527,0,0,171254
9569,22.6424,1.849,2.051,2.042,0.000,0.684,0.000,1842117,0,0,171254
9570,22.6444,2.157,1.820,1.811,0.000,0.327,0.000,2149824,0,0,171254
9571,22.6463,1.941,1.823,1.814,0.000,0.341,0.000,1931749,0,0,171254
9572,22.6482,1.900,1.850,1.841,0.000,0.472,0.000,1890506,0,0,171350
9573,22.6501,1.880,2.159,2.148,0.000,0.453,0.000,1870509,0,0,171254
9574,22.6520,1.908,1.941,1.930,0.000,0.424,0.000,1898613,0,0,171254
9575,22.6539,1.919,1.899,1.889,0.000,0.447,0.000,1909343,0,0,171254
9576,22.6557,1.842,1.880,1.869,0.000,0.432,0.000,1831658,0,0,171254
9577,22.6576,1.837,1.908,1.897,0.000,0.447,0.000,1830569,0,0,171254
9578,22.6606,1.928,1.919,1.908,0.000,0.473,0.000,1919635,0,0,171254
9579,22.6626,2.999,1.838,1.830,0.000,0.645,0.000,2991222,0,0,171254
9580,22.6643,1.917,1.839,1.829,0.000,0.304,0.000,1908986,0,0,171254
9581,22.6660,1.711,1.928,1.919,0.000,0.671,0.000,1703164,0,0,171254
9582,22.6677,1.704,2.999,2.990,0.000,0.637,0.000,1697166,0,0,171254
9583,22.6694,1.706,1.917,1.908,0.000,0.632,0.000,1698661,0,0,171254
9584,22.6711,1.698,1.710,1.702,0.000,0.642,0.000,1690991,0,0,171254
9585,22.6729,1.726,1.704,1.696,0.000,0.617,0.000,1718387,0,0,171254
9586,22.6746,1.706,1.706,1.698,0.000,0.511,0.000,1698808,0,0,171254
9587,22.6763,1.733,1.698,1.690,0.000,0.286,0.000,1726041,0,0,171254
9588,22.6781,1.644,1.725,1.717,0.000,0.256,0.000,1636720,0,0,171254
9589,22.6799,1.945,1.706,1.698,0.000,0.328,0.000,1938498,0,0,171254
9590,22.6817,1.723,1.733,1.725,0.000,0.260,0.000,1715620,0,0,171254
9591,22.6835,1.889,1.644,1.636,0.000,0.294,0.000,1882063,0,0,171254
9592,22.6863,1.799,1.946,1.937,0.000,0.270,0.000,1791573,0,0,171254
9593,22.6882,2.857,1.723,1.714,0.000,0.299,0.000,2849902,0,0,171254
9594,22.6900,1.834,1.890,1.881,0.000,0.277,0.000,1826375,0,0,171254
9595,22.6918,1.762,1.799,1.790,0.000,0.288,0.000,1754385,0,0,171254
9596,22.6936,1.765,2.857,2.849,0.000,0.667,0.000,1751202,0,0,171254
9597,22.6954,1.813,1.834,1.825,0.000,0.634,0.000,1805727,0,0,171254
9598,22.6971,1.796,1.769,1.753,0.000,0.451,0.000,1788494,0,0,171254
9599,22.6988,1.725,1.759,1.750,0.000,0.342,0.000,1717623,0,0,171254
9600,22.7006,1.686,1.814,1.804,0.000,0.642,0.000,1678417,0,0,171254
9601,22.7025,1.909,1.796,1.787,0.000,0.312,0.000,1901409,0,0,190345
9602,22.7042,1.741,1.725,1.716,0.000,0.262,0.000,1733837,0,0,171350
9603,22.7058,1.654,1.685,1.677,0.000,0.324,0.000,1647454,0,0,171254
9604,22.7075,1.667,1.909,1.900,0.000,0.255,0.000,1659529,0,0,171254
9605,22.7097,2.002,1.741,1.733,0.000,0.240,0.000,1995438,0,0,171254
9606,22.7126,1.964,1.654,1.646,0.000,0.264,0.000,1953573,0,0,171254
9607,22.7146,3.017,1.666,1.658,0.000,0.249,0.000,3009574,0,0,171254
9608,22.7167,2.059,2.007,1.994,0.000,0.671,0.000,2050632,0,0,171254
9609,22.7189,2.173,1.960,1.951,0.000,0.333,0.000,2164408,0,0,171814
9610,22.7211,2.120,3.018,3.008,0.000,0.563,0.000,2110459,0,0,171310
9611,22.7233,2.249,2.059,2.049,0.000,0.388,0.000,2240978,0,0,171254
9612,22.7254,2.126,2.174,2.163,0.000,0.496,0.000,2117014,0,0,171254
9613,22.7276,2.140,2.119,2.109,0.000,0.378,0.000,2131659,0,0,171254
9614,22.7297,2.185,2.250,2.240,0.000,0.381,0.000,2175992,0,0,171254
9615,22.7325,2.615,2.126,2.115,0.000,0.342,0.000,2605734,0,0,171254
9616,22.7349,2.385,2.141,2.130,0.000,0.382,0.000,2374533,0,0,171254
9617,22.7372,2.408,2.185,2.175,0.000,0.435,0.000,2398916,0,0,171254
9618,22.7396,2.301,2.616,2.605,0.000,0.778,0.000,2292289,0,0,171254
9619,22.7424,2.494,2.384,2.373,0.000,0.358,0.000,2484829,0,0,171254
9620,22.7460,2.776,2.408,2.397,0.000,0.714,0.000,2747764,0,0,171254
9621,22.7486,3.702,2.302,2.291,0.000,0.415,0.000,3691875,0,0,171254
9622,22.7512,2.577,2.514,2.483,0.000,0.433,0.000,2565525,0,0,171254
9623,22.7537,2.489,2.758,2.746,0.000,0.434,0.000,2477564,0,0,171254
9624,22.7561,2.494,3.703,3.690,0.000,0.365,0.000,2483608,0,0,171254
9625,22.7587,2.491,2.576,2.564,0.000,0.387,0.000,2480951,0,0,171254
9626,22.7613,2.504,2.488,2.476,0.000,0.399,0.000,2493810,0,0,171254
9627,22.7639,2.703,2.493,2.482,0.000,0.779,0.000,2694080,0,0,171254
9628,22.7664,2.550,2.491,2.480,0.000,0.668,0.000,2540075,0,0,171254
9629,22.7688,2.455,2.503,2.492,0.000,0.820,0.000,2445034,0,0,171254
9630,22.7710,2.331,2.704,2.692,0.000,0.871,0.000,2321394,0,0,171254
9631,22.7732,2.137,2.549,2.539,0.000,0.756,0.000,2128234,0,0,171254
9632,22.7753,2.155,2.455,2.444,0.000,0.567,0.000,2146248,0,0,171350
9633,22.7774,2.064,2.330,2.320,0.000,0.776,0.000,2054947,0,0,171254
9634,22.7805,2.070,2.136,2.127,0.000,0.708,0.000,2060454,0,0,171254
9635,22.7828,3.211,2.155,2.145,0.000,0.354,0.000,3202960,0,0,171254
9636,22.7849,2.247,2.064,2.053,0.000,0.371,0.000,2237720,0,0,171254
9637,22.7868,1.991,2.069,2.059,0.000,0.763,0.000,1982331,0,0,171254
9638,22.7887,1.900,3.212,3.201,0.000,0.398,0.000,1892453,0,0,171254
9639,22.7905,1.823,2.247,2.236,0.000,0.408,0.000,1815037,0,0,171254
9640,22.7923,1.818,1.990,1.981,0.000,0.289,0.000,1809636,0,0,171254
9641,22.7942,1.858,1.900,1.891,0.000,0.660,0.000,1850368,0,0,171254
9642,22.7960,1.871,1.823,1.814,0.000,0.650,0.000,1864207,0,0,171254
9643,22.7979,1.832,1.817,1.808,0.000,0.352,0.000,1824777,0,0,171254
9644,22.7997,1.810,1.858,1.849,0.000,0.651,0.000,1802824,0,0,171254
9645,22.8017,1.850,1.871,1.863,0.000,0.320,0.000,1842113,0,0,171254
9646,22.8036,1.987,1.832,1.824,0.000,0.262,0.000,1979730,0,0,171254
9647,22.8054,1.939,1.810,1.802,0.000,0.262,0.000,1931361,0,0,171254
9648,22.8087,1.816,1.849,1.841,0.000,0.264,0.000,1808450,0,0,171254
9649,22.8109,3.436,1.988,1.979,0.000,0.640,0.000,3426920,0,0,171254
9650,22.8129,2.104,1.939,1.930,0.000,0.608,0.000,2095300,0,0,171254
9651,22.8149,1.973,1.817,1.807,0.000,0.704,0.000,1964951,0,0,171254
9652,22.8169,2.077,3.436,3.425,0.000,0.406,0.000,2069309,0,0,171254
9653,22.8188,1.931,2.103,2.094,0.000,0.677,0.000,1923115,0,0,171254
9654,22.8211,2.072,1.973,1.964,0.000,0.378,0.000,2064257,0,0,171254
9655,22.8232,2.282,2.077,2.068,0.000,0.714,0.000,2273649,0,0,171254
9656,22.8251,1.980,1.931,1.922,0.000,0.692,0.000,1972136,0,0,171254
9657,22.8275,2.097,2.072,2.063,0.000,0.374,0.000,2088234,0,0,171254
9658,22.8295,2.275,2.282,2.272,0.000,0.288,0.000,2267167,0,0,171254
9659,22.8314,1.943,1.981,1.971,0.000,0.484,0.000,1934293,0,0,171254
9660,22.8332,1.827,2.096,2.087,0.000,0.368,0.000,1818824,0,0,171254
9661,22.8350,1.756,2.276,2.266,0.000,0.702,0.000,1748219,0,0,171254
9662,22.8378,1.796,1.942,1.933,0.000,0.349,0.000,1788940,0,0,171350
9663,22.8397,2.852,1.826,1.818,0.000,0.278,0.000,2845375,0,0,171254
9664,22.8416,1.844,1.755,1.747,0.000,0.266,0.000,1836298,0,0,171254
9665,22.8436,1.979,1.796,1.788,0.000,0.666,0.000,1971481,0,0,171254
9666,22.8455,1.950,2.853,2.844,0.000,0.529,0.000,1942294,0,0,171254
9667,22.8472,1.857,1.843,1.835,0.000,0.323,0.000,1848999,0,0,171254
9668,22.8490,1.750,1.980,1.970,0.000,0.307,0.000,1743050,0,0,171254
9669,22.8510,1.900,1.950,1.941,0.000,0.652,0.000,1892489,0,0,171254
9670,22.8527,1.831,1.856,1.848,0.000,0.327,0.000,1823334,0,0,171254
9671,22.8545,1.769,1.750,1.742,0.000,0.346,0.000,1762055,0,0,171254
9672,22.8563,1.758,1.900,1.891,0.000,0.635,0.000,1750663,0,0,171254
9673,22.8580,1.737,1.830,1.822,0.000,0.642,0.000,1729646,0,0,171254
9674,22.8598,1.784,1.769,1.761,0.000,0.609,0.000,1777382,0,0,171254
9675,22.8616,1.714,1.758,1.749,0.000,0.616,0.000,1700955,0,0,171254
9676,22.8646,1.931,1.736,1.728,0.000,0.625,0.000,1924035,0,0,171254
9677,22.8666,3.090,1.790,1.776,0.000,0.619,0.000,3082549,0,0,171254
9678,22.8685,1.927,1.708,1.700,0.000,0.426,0.000,1917947,0,0,171254
9679,22.8703,1.829,1.932,1.923,0.000,0.328,0.000,1821320,0,0,171254
9680,22.8721,1.781,3.091,3.081,0.000,0.638,0.000,1774428,0,0,171254
9681,22.8738,1.752,1.926,1.916,0.000,0.562,0.000,1745456,0,0,171254
9682,22.8755,1.748,1.828,1.820,0.000,0.584,0.000,1741138,0,0,171254
9683,22.8773,1.724,1.782,1.773,0.000,0.604,0.000,1716539,0,0,171254
9684,22.8790,1.734,1.752,1.744,0.000,0.587,0.000,1726280,0,0,171254
9685,22.8809,1.702,1.748,1.740,0.000,0.522,0.000,1695141,0,0,171254
9686,22.8827,1.958,1.724,1.715,0.000,0.282,0.000,1950510,0,0,171254
9687,22.8845,1.798,1.733,1.725,0.000,0.343,0.000,1789223,0,0,171254
9688,22.8862,1.764,1.703,1.694,0.000,0.366,0.000,1756446,0,0,171254
9689,22.8880,1.754,1.959,1.949,0.000,0.599,0.000,1746989,0,0,171254
9690,22.8907,1.739,1.797,1.788,0.000,0.584,0.000,1731740,0,0,171254
9691,22.8927,2.831,1.764,1.755,0.000,0.625,0.000,2823854,0,0,171254
9692,22.8944,1.892,1.754,1.746,0.000,0.588,0.000,1884088,0,0,171350
9693,22.8962,1.732,1.739,1.730,0.000,0.632,0.000,1725635,0,0,171254
9694,22.8978,1.731,2.831,2.822,0.000,0.330,0.000,1723646,0,0,171254
9695,22.8996,1.667,1.891,1.883,0.000,0.263,0.000,1660129,0,0,171254
9696,22.9014,1.697,1.733,1.725,0.000,0.584,0.000,1690665,0,0,171254
9697,22.9033,1.932,1.730,1.723,0.000,0.338,0.000,1925622,0,0,171254
9698,22.9050,1.834,1.667,1.659,0.000,0.268,0.000,1827181,0,0,171254
9699,22.9067,1.719,1.697,1.690,0.000,0.267,0.000,1711750,0,0,171254
9700,22.9085,1.746,1.933,1.924,0.000,0.634,0.000,1739812,0,0,171254
9701,22.9102,1.775,1.834,1.826,0.000,0.621,0.000,1768397,0,0,171254
9702,22.9120,1.750,1.719,1.711,0.000,0.615,0.000,1743098,0,0,171254
9703,22.9137,1.724,1.747,1.739,0.000,0.617,0.000,1717653,0,0,171254
9704,22.9155,1.765,1.775,1.767,0.000,0.627,0.000,1758306,0,0,171254
9705,22.9184,2.743,1.750,1.742,0.000,0.632,0.000,2736078,0,0,171254
9706,22.9202,1.870,1.724,1.717,0.000,0.605,0.000,1862787,0,0,171254
9707,22.9221,1.852,1.765,1.757,0.000,0.420,0.000,1845367,0,0,171254
9708,22.9240,1.987,2.743,2.735,0.000,0.593,0.000,1980483,0,0,171254
9709,22.9258,1.863,1.870,1.862,0.000,0.343,0.000,1855456,0,0,171254
9710,22.9274,1.663,1.852,1.844,0.000,0.353,0.000,1655964,0,0,171254
9711,22.9291,1.643,1.988,1.979,0.000,0.377,0.000,1636264,0,0,171254
9712,22.9307,1.629,1.862,1.854,0.000,0.585,0.000,1622093,0,0,171254
9713,22.9324,1.663,1.663,1.655,0.000,0.574,0.000,1656419,0,0,171254
9714,22.9341,1.713,1.643,1.635,0.000,0.365,0.000,1705965,0,0,171254
9715,22.9358,1.700,1.628,1.621,0.000,0.561,0.000,1693740,0,0,171254
9716,22.9377,1.825,1.663,1.655,0.000,0.279,0.000,1818209,0,0,171254
9717,22.9394,1.759,1.713,1.705,0.000,0.436,0.000,1752452,0,0,171254
9718,22.9413,1.793,1.700,1.693,0.000,0.521,0.000,1785853,0,0,171254
9719,22.9441,1.846,1.825,1.817,0.000,0.377,0.000,1838585,0,0,171254
9720,22.9459,2.850,1.760,1.751,0.000,0.588,0.000,2842630,0,0,171254
9721,22.9482,2.071,1.793,1.785,0.000,0.584,0.000,2063569,0,0,190345
9722,22.9500,1.988,1.846,1.837,0.000,0.320,0.000,1980281,0,0,171350
9723,22.9520,1.861,2.850,2.842,0.000,0.320,0.000,1853850,0,0,171254
9724,22.9540,2.003,2.072,2.062,0.000,0.354,0.000,1995526,0,0,171254
9725,22.9559,2.030,1.988,1.979,0.000,0.345,0.000,2022021,0,0,171254
9726,22.9579,1.927,1.862,1.852,0.000,0.659,0.000,1919354,0,0,171254
9727,22.9598,1.949,2.004,1.994,0.000,0.402,0.000,1939616,0,0,171254
9728,22.9619,1.971,2.030,2.020,0.000,0.320,0.000,1963386,0,0,171254
9729,22.9639,2.046,1.929,1.918,0.000,0.297,0.000,2038027,0,0,171254
9730,22.9659,2.068,1.947,1.938,0.000,1.530,0.000,2060162,0,0,171254
9731,22.9679,1.948,1.972,1.962,0.000,0.340,0.000,1945215,0,0,171254
9732,22.9698,1.913,2.046,2.037,0.000,0.395,0.000,1897616,0,0,171254
9733,22.9727,1.863,2.069,2.059,0.000,0.368,0.000,1854542,0,0,171254
9734,22.9745,2.933,1.953,1.944,0.000,0.301,0.000,2925565,0,0,171254
9735,22.9763,1.810,1.906,1.896,0.000,0.317,0.000,1802240,0,0,171254
9736,22.9780,1.762,1.862,1.853,0.000,0.281,0.000,1755185,0,0,171254
9737,22.9797,1.693,2.933,2.924,0.000,0.256,0.000,1685451,0,0,171254
9738,22.9815,1.710,1.809,1.801,0.000,0.251,0.000,1703430,0,0,171254
9739,22.9833,1.831,1.763,1.754,0.000,0.280,0.000,1823961,0,0,171254
9740,22.9850,1.680,1.692,1.684,0.000,0.262,0.000,1672934,0,0,171254
9741,22.9867,1.723,1.711,1.702,0.000,0.295,0.000,1715486,0,0,171254
9742,22.9884,1.748,1.831,1.823,0.000,0.251,0.000,1740370,0,0,171254
9743,22.9902,1.747,1.680,1.672,0.000,0.457,0.000,1739876,0,0,171254
9744,22.9919,1.737,1.723,1.714,0.000,0.326,0.000,1729466,0,0,171254
9745,22.9936,1.664,1.747,1.739,0.000,0.524,0.000,1656892,0,0,171254
9746,22.9952,1.700,1.748,1.739,0.000,0.318,0.000,1692761,0,0,171254
9747,22.9980,1.668,1.737,1.728,0.000,0.275,0.000,1661213,0,0,171254
9748,22.9998,2.796,1.664,1.656,0.000,0.266,0.000,2789358,0,0,171254
9749,23.0017,1.815,1.700,1.692,0.000,0.305,0.000,1806731,0,0,171254
9750,23.0044,2.242,1.668,1.660,0.000,0.310,0.000,2234702,0,0,171254
9751,23.0066,2.656,2.797,2.788,0.000,0.286,0.000,2643082,0,0,171254
9752,23.0084,1.967,1.814,1.805,0.000,0.451,0.000,1959016,0,0,171350
9753,23.0101,1.712,2.247,2.233,0.000,0.701,0.000,1704157,0,0,171254
9754,23.0118,1.670,2.651,2.641,0.000,0.334,0.000,1663177,0,0,171254
9755,23.0135,1.672,1.966,1.958,0.000,0.617,0.000,1664931,0,0,171254
9756,23.0152,1.724,1.711,1.703,0.000,0.386,0.000,1716641,0,0,171254
9757,23.0169,1.727,1.670,1.662,0.000,0.267,0.000,1720166,0,0,171254
9758,23.0187,1.734,1.672,1.664,0.000,0.354,0.000,1727133,0,0,171254
9759,23.0205,1.781,1.724,1.715,0.000,0.303,0.000,1773905,0,0,171254
9760,23.0230,1.827,1.727,1.719,0.000,0.255,0.000,1819087,0,0,171254
9761,23.0284,2.891,1.734,1.726,0.000,0.586,0.000,2883748,0,0,171254
9762,23.0310,5.329,1.782,1.773,0.000,0.326,0.000,5319774,0,0,171254
9763,23.0341,3.364,1.826,1.818,0.000,0.367,0.000,3355175,0,0,171254
9764,23.0363,2.234,2.893,2.883,0.000,0.385,0.000,2221842,0,0,171254
9765,23.0386,2.168,5.330,5.318,0.000,0.453,0.000,2159017,0,0,171254
9766,23.0409,2.251,3.367,3.354,0.000,0.433,0.000,2242218,0,0,171254
9767,23.0432,2.408,2.230,2.220,0.000,0.333,0.000,2398974,0,0,171254
9768,23.0454,2.258,2.168,2.158,0.000,0.727,0.000,2249369,0,0,171254
9769,23.0475,2.137,2.251,2.241,0.000,0.380,0.000,2128048,0,0,171254
9770,23.0498,2.191,2.408,2.398,0.000,0.346,0.000,2182014,0,0,171254
9771,23.0519,2.198,2.258,2.248,0.000,0.389,0.000,2189889,0,0,171254
9772,23.0538,2.006,2.137,2.127,0.000,0.451,0.000,1997122,0,0,171254
9773,23.0558,1.960,2.190,2.181,0.000,0.358,0.000,1951875,0,0,171254
9774,23.0578,2.022,2.198,2.188,0.000,0.692,0.000,2012723,0,0,171254
9775,23.0598,1.992,2.005,1.996,0.000,0.497,0.000,1982592,0,0,171254
9776,23.0619,1.948,1.962,1.951,0.000,0.458,0.000,1938999,0,0,171254
9777,23.0652,3.301,2.022,2.011,0.000,0.452,0.000,3290451,0,0,171254
9778,23.0671,2.081,1.992,1.981,0.000,0.444,0.000,2071209,0,0,171254
9779,23.0689,1.857,1.949,1.937,0.000,0.742,0.000,1849288,0,0,171254
9780,23.0708,1.874,3.300,3.289,0.000,0.620,0.000,1866747,0,0,171254
9781,23.0728,1.950,2.079,2.070,0.000,0.655,0.000,1941021,0,0,171254
9782,23.0748,1.955,1.857,1.848,0.000,0.381,0.000,1947416,0,0,171350
9783,23.0767,1.953,1.875,1.865,0.000,0.344,0.000,1945175,0,0,171254
9784,23.0790,2.021,1.949,1.940,0.000,0.503,0.000,2012869,0,0,171254
9785,23.0816,2.447,1.956,1.946,0.000,0.512,0.000,2438724,0,0,171254
9786,23.0842,2.717,1.953,1.944,0.000,0.535,0.000,2707433,0,0,171254
9787,23.0867,2.613,2.021,2.012,0.000,0.468,0.000,2601841,0,0,171254
9788,23.0888,2.222,2.448,2.437,0.000,0.539,0.000,2212894,0,0,171254
9789,23.0918,2.147,2.719,2.706,0.000,0.404,0.000,2138173,0,0,171254
9790,23.1020,3.973,2.611,2.600,0.000,0.331,0.000,3955746,0,0,171254
9791,23.1099,10.722,2.222,2.211,0.000,0.784,0.000,10710006,0,0,171254
9792,23.1144,7.628,2.157,2.137,0.000,0.837,0.000,7605501,0,0,171256
9793,23.1182,4.207,3.969,3.954,0.000,1.189,0.000,4187624,0,0,171254
9794,23.1216,3.455,10.733,10.707,0.000,0.628,0.000,3441151,0,0,171254
9795,23.1255,3.324,7.624,7.602,0.000,0.676,0.000,3308543,0,0,171254
9796,23.1299,4.602,4.202,4.185,0.000,0.628,0.000,4589446,0,0,171254
9797,23.1333,3.853,3.457,3.439,0.000,0.681,0.000,3835541,0,0,171254
9798,23.1360,2.917,3.321,3.306,0.000,0.591,0.000,2906398,0,0,171254
9799,23.1392,3.007,4.607,4.588,0.000,0.492,0.000,2995886,0,0,171254
9800,23.1422,3.088,3.846,3.833,0.000,0.480,0.000,3074456,0,0,171254
9801,23.1452,3.059,2.917,2.905,0.000,1.087,0.000,3047911,0,0,171254
9802,23.1476,2.656,3.010,2.994,0.000,0.710,0.000,2640682,0,0,171254
9803,23.1499,2.318,3.085,3.072,0.000,0.487,0.000,2308676,0,0,171254
9804,23.1533,2.253,3.063,3.046,0.000,0.436,0.000,2244121,0,0,171254
9805,23.1560,3.671,2.649,2.638,0.000,0.366,0.000,3662423,0,0,171254
9806,23.1590,2.805,2.318,2.307,0.000,0.455,0.000,2794416,0,0,171254
9807,23.1627,3.307,2.253,2.243,0.000,0.425,0.000,3294970,0,0,171254
9808,23.1657,3.538,3.673,3.661,0.000,0.490,0.000,3518970,0,0,171254
9809,23.1689,2.995,2.807,2.793,0.000,0.714,0.000,2982477,0,0,171254
9810,23.1717,3.036,3.313,3.293,0.000,0.554,0.000,3022232,0,0,171254
9811,23.1742,2.630,3.531,3.517,0.000,0.629,0.000,2617126,0,0,171254
9812,23.1766,2.499,2.997,2.981,0.000,0.485,0.000,2488986,0,0,171350
9813,23.1790,2.342,3.035,3.020,0.000,0.480,0.000,2331444,0,0,171254
9814,23.1817,2.473,2.627,2.615,0.000,0.415,0.000,2461871,0,0,171254
9815,23.1843,2.778,2.499,2.487,0.000,0.372,0.000,2766986,0,0,171254
9816,23.1867,2.446,2.343,2.330,0.000,0.538,0.000,2433842,0,0,171254
9817,23.1892,2.545,2.473,2.460,0.000,0.640,0.000,2533668,0,0,171254
9818,23.1929,2.398,2.779,2.765,0.000,0.811,0.000,2386650,0,0,171254
9819,23.1954,3.756,2.444,2.432,0.000,0.460,0.000,3747027,0,0,171254
9820,23.1977,2.400,2.545,2.532,0.000,0.442,0.000,2389593,0,0,171254
9821,23.1999,2.202,2.396,2.385,0.000,0.738,0.000,2192748,0,0,171254
9822,23.2021,2.123,3.758,3.745,0.000,0.354,0.000,2113975,0,0,171254
9823,23.2040,2.136,2.399,2.388,0.000,0.413,0.000,2117150,0,0,171254
9824,23.2060,1.959,2.202,2.191,0.000,0.697,0.000,1950450,0,0,171254
9825,23.2079,1.899,2.133,2.113,0.000,0.379,0.000,1891105,0,0,171254
9826,23.2099,1.986,2.125,2.115,0.000,0.710,0.000,1971130,0,0,171254
9827,23.2118,2.002,1.958,1.949,0.000,0.380,0.000,1993980,0,0,171254
9828,23.2137,1.903,1.906,1.890,0.000,0.815,0.000,1895079,0,0,171254
9829,23.2156,1.883,1.979,1.969,0.000,0.377,0.000,1875005,0,0,171254
9830,23.2175,1.839,2.002,1.992,0.000,0.336,0.000,1831088,0,0,171254
9831,23.2195,2.051,1.903,1.894,0.000,0.305,0.000,2043794,0,0,171254
9832,23.2225,1.868,1.882,1.874,0.000,0.286,0.000,1859856,0,0,171254
9833,23.2245,3.111,1.838,1.830,0.000,0.381,0.000,3102974,0,0,171254
9834,23.2262,1.846,2.052,2.043,0.000,0.282,0.000,1837443,0,0,171254
9835,23.2279,1.676,1.868,1.859,0.000,0.310,0.000,1668200,0,0,171254
9836,23.2295,1.598,3.112,3.102,0.000,0.255,0.000,1591453,0,0,171254
9837,23.2311,1.615,1.845,1.836,0.000,0.245,0.000,1608286,0,0,171254
9838,23.2327,1.630,1.675,1.667,0.000,0.234,0.000,1622777,0,0,171254
9839,23.2343,1.612,1.598,1.590,0.000,0.242,0.000,1598018,0,0,171254
9840,23.2360,1.646,1.616,1.607,0.000,0.235,0.000,1638868,0,0,171254
9841,23.2377,1.732,1.637,1.622,0.000,0.235,0.000,1724915,0,0,190347
9842,23.2394,1.671,1.605,1.597,0.000,0.245,0.000,1663830,0,0,171350
9843,23.2411,1.621,1.646,1.638,0.000,0.244,0.000,1613772,0,0,171254
9844,23.2428,1.765,1.732,1.724,0.000,0.229,0.000,1757681,0,0,171254
9845,23.2444,1.641,1.671,1.663,0.000,0.492,0.000,1634314,0,0,171254
9846,23.2470,1.629,1.621,1.613,0.000,0.275,0.000,1622341,0,0,171254
9847,23.2488,2.712,1.764,1.757,0.000,0.630,0.000,2704740,0,0,171254
9848,23.2504,1.667,1.641,1.633,0.000,0.617,0.000,1659725,0,0,171254
9849,23.2520,1.613,1.629,1.621,0.000,0.703,0.000,1606200,0,0,171254
9850,23.2536,1.603,2.712,2.704,0.000,0.529,0.000,1596871,0,0,171254
9851,23.2552,1.574,1.667,1.659,0.000,0.279,0.000,1567848,0,0,171254
9852,23.2568,1.636,1.613,1.605,0.000,0.625,0.000,1629852,0,0,171254
9853,23.2586,1.661,1.603,1.596,0.000,0.391,0.000,1654918,0,0,171254
9854,23.2602,1.691,1.574,1.567,0.000,0.337,0.000,1681912,0,0,171254
9855,23.2619,1.607,1.636,1.629,0.000,0.440,0.000,1599639,0,0,171254
9856,23.2635,1.707,1.664,1.654,0.000,0.297,0.000,1700272,0,0,171254
9857,23.2652,1.647,1.689,1.681,0.000,0.259,0.000,1640014,0,0,171254
9858,23.2669,1.670,1.606,1.599,0.000,0.262,0.000,1663447,0,0,171254
9859,23.2687,1.736,1.707,1.699,0.000,0.247,0.000,1729873,0,0,171254
9860,23.2717,1.884,1.647,1.639,0.000,0.271,0.000,1876661,0,0,171254
9861,23.2736,2.986,1.670,1.662,0.000,0.552,0.000,2978879,0,0,171254
9862,23.2753,1.789,1.737,1.729,0.000,0.299,0.000,1781139,0,0,171254
9863,23.2770,1.708,1.884,1.875,0.000,0.277,0.000,1701115,0,0,171254
9864,23.2788,1.769,2.987,2.978,0.000,0.250,0.000,1762188,0,0,171254
9865,23.2806,1.714,1.788,1.780,0.000,0.247,0.000,1707336,0,0,171254
9866,23.2823,1.872,1.708,1.700,0.000,0.271,0.000,1865480,0,0,171254
9867,23.2841,1.739,1.769,1.761,0.000,0.243,0.000,1731250,0,0,171254
9868,23.2857,1.720,1.714,1.706,0.000,0.598,0.000,1713645,0,0,171254
9869,23.2873,1.590,1.873,1.864,0.000,0.615,0.000,1583455,0,0,171254
9870,23.2888,1.550,1.738,1.730,0.000,0.366,0.000,1543671,0,0,171254
9871,23.2904,1.546,1.720,1.712,0.000,0.379,0.000,1539618,0,0,171254
9872,23.2922,1.710,1.589,1.582,0.000,0.262,0.000,1704006,0,0,171350
9873,23.2939,1.707,1.550,1.543,0.000,0.483,0.000,1699048,0,0,171254
9874,23.2966,1.732,1.546,1.538,0.000,0.433,0.000,1724863,0,0,171254
9875,23.2983,2.643,1.712,1.703,0.000,0.681,0.000,2636824,0,0,171254
9876,23.2998,1.662,1.706,1.698,0.000,0.321,0.000,1655005,0,0,171254
9877,23.3015,1.552,1.732,1.724,0.000,0.265,0.000,1545472,0,0,171254
9878,23.3033,1.707,2.644,2.635,0.000,0.307,0.000,1700205,0,0,171254
9879,23.3051,1.839,1.661,1.654,0.000,0.265,0.000,1830289,0,0,171254
9880,23.3070,1.946,1.552,1.544,0.000,0.438,0.000,1939096,0,0,171254
9881,23.3091,1.898,1.709,1.699,0.000,0.344,0.000,1889841,0,0,171254
9882,23.3110,2.066,1.837,1.829,0.000,0.354,0.000,2059127,0,0,171254
9883,23.3130,2.018,1.947,1.938,0.000,0.397,0.000,2010032,0,0,171254
9884,23.3150,1.941,1.897,1.889,0.000,0.361,0.000,1931440,0,0,171254
9885,23.3169,1.897,2.067,2.058,0.000,0.716,0.000,1888471,0,0,171254
9886,23.3190,2.060,2.020,2.009,0.000,0.427,0.000,2051706,0,0,171254
9887,23.3211,2.010,1.940,1.930,0.000,0.372,0.000,2002741,0,0,171254
9888,23.3242,2.124,1.896,1.887,0.000,0.432,0.000,2116379,0,0,171254
9889,23.3265,3.292,2.059,2.050,0.000,0.366,0.000,3283338,0,0,171254
9890,23.3285,2.090,2.011,2.002,0.000,0.372,0.000,2080394,0,0,171254
9891,23.3305,1.981,2.125,2.115,0.000,0.452,0.000,1973489,0,0,171254
9892,23.3324,2.017,3.293,3.282,0.000,0.323,0.000,2009437,0,0,171254
9893,23.3343,1.875,2.088,2.079,0.000,0.299,0.000,1866555,0,0,171254
9894,23.3362,1.848,1.982,1.972,0.000,0.767,0.000,1841187,0,0,171254
9895,23.3381,1.914,2.018,2.008,0.000,0.686,0.000,1906954,0,0,171254
9896,23.3401,1.931,1.874,1.865,0.000,0.308,0.000,1922013,0,0,171254
9897,23.3423,2.051,1.849,1.840,0.000,0.693,0.000,2043663,0,0,171254
9898,23.3441,2.070,1.915,1.906,0.000,0.403,0.000,2062655,0,0,171254
9899,23.3458,1.757,1.929,1.921,0.000,0.562,0.000,1749239,0,0,171254
9900,23.3478,2.000,2.051,2.042,0.000,0.666,0.000,1992563,0,0,171254
9901,23.3495,1.693,2.070,2.061,0.000,0.639,0.000,1685903,0,0,171254
9902,23.3522,1.727,1.756,1.748,0.000,0.437,0.000,1720053,0,0,171350
9903,23.3540,2.708,2.000,1.991,0.000,0.266,0.000,2701955,0,0,171254
9904,23.3557,1.743,1.693,1.685,0.000,0.282,0.000,1735618,0,0,171254
9905,23.3574,1.673,1.727,1.719,0.000,0.426,0.000,1665849,0,0,171254
9906,23.3590,1.715,2.709,2.701,0.000,0.300,0.000,1707712,0,0,171814
9907,23.3608,1.608,1.743,1.734,0.000,0.599,0.000,1601843,0,0,171310
9908,23.3624,1.793,1.673,1.665,0.000,0.661,0.000,1785887,0,0,171254
9909,23.3641,1.665,1.714,1.706,0.000,0.643,0.000,1657674,0,0,171254
9910,23.3657,1.620,1.609,1.601,0.000,0.329,0.000,1612937,0,0,171254
9911,23.3673,1.603,1.793,1.785,0.000,0.274,0.000,1596504,0,0,171254
9912,23.3689,1.625,1.664,1.657,0.000,0.369,0.000,1618311,0,0,171254
9913,23.3705,1.602,1.619,1.612,0.000,0.279,0.000,1594905,0,0,171254
9914,23.3723,1.660,1.603,1.595,0.000,0.272,0.000,1653562,0,0,171254
9915,23.3740,1.802,1.625,1.617,0.000,0.255,0.000,1794145,0,0,171254
9916,23.3769,1.884,1.602,1.594,0.000,0.464,0.000,1874646,0,0,171254
9917,23.3787,2.717,1.662,1.652,0.000,0.433,0.000,2710538,0,0,171254
9918,23.3804,1.764,1.803,1.793,0.000,0.271,0.000,1756505,0,0,171254
9919,23.3822,1.686,1.881,1.873,0.000,0.347,0.000,1679022,0,0,171254
9920,23.3839,1.814,2.718,2.709,0.000,0.307,0.000,1807430,0,0,171254
9921,23.3856,1.697,1.764,1.755,0.000,0.266,0.000,1689831,0,0,171254
9922,23.3872,1.700,1.685,1.678,0.000,0.330,0.000,1693259,0,0,171254
9923,23.3893,1.593,1.814,1.806,0.000,0.273,0.000,1586001,0,0,171254
9924,23.3914,2.467,1.697,1.689,0.000,0.254,0.000,2460566,0,0,171254
9925,23.3930,1.665,1.700,1.692,0.000,0.315,0.000,1658713,0,0,171254
9926,23.3952,1.703,1.593,1.585,0.000,0.405,0.000,1696891,0,0,171254
9927,23.3976,2.510,2.467,2.459,0.000,0.611,0.000,2501187,0,0,171254
9928,23.3994,2.241,1.665,1.658,0.000,0.494,0.000,2231853,0,0,171254
9929,23.4012,1.648,1.705,1.696,0.000,0.273,0.000,1641189,0,0,171254
9930,23.4038,1.745,2.511,2.499,0.000,0.270,0.000,1738768,0,0,171254
9931,23.4056,2.665,2.238,2.230,0.000,0.273,0.000,2658248,0,0,171254
9932,23.4074,1.841,1.648,1.640,0.000,0.271,0.000,1833134,0,0,171350
9933,23.4092,1.731,1.745,1.738,0.000,0.308,0.000,1723898,0,0,171254
9934,23.4110,1.821,2.666,2.657,0.000,0.622,0.000,1812790,0,0,171254
9935,23.4133,2.011,1.840,1.832,0.000,0.363,0.000,2003817,0,0,171254
9936,23.4153,2.273,1.733,1.723,0.000,0.340,0.000,2261804,0,0,171254
9937,23.4173,1.930,1.820,1.811,0.000,0.320,0.000,1921568,0,0,171254
9938,23.4191,1.913,2.016,2.003,0.000,0.529,0.000,1904110,0,0,171254
9939,23.4210,1.833,2.269,2.259,0.000,0.395,0.000,1826190,0,0,171254
9940,23.4228,1.897,1.930,1.920,0.000,0.406,0.000,1889964,0,0,171254
9941,23.4245,1.731,1.911,1.903,0.000,0.333,0.000,1724062,0,0,171254
9942,23.4262,1.708,1.833,1.825,0.000,0.319,0.000,1701061,0,0,171254
9943,23.4278,1.638,1.897,1.889,0.000,0.269,0.000,1631656,0,0,171254
9944,23.4306,1.727,1.731,1.723,0.000,0.663,0.000,1720181,0,0,171254
9945,23.4325,2.889,1.708,1.700,0.000,0.339,0.000,2881937,0,0,171254
9946,23.4343,1.797,1.638,1.631,0.000,0.579,0.000,1789810,0,0,171254
9947,23.4359,1.682,1.728,1.719,0.000,0.317,0.000,1674309,0,0,171254
9948,23.4375,1.617,2.889,2.881,0.000,0.356,0.000,1610647,0,0,171254
9949,23.4392,1.624,1.798,1.789,0.000,0.658,0.000,1617158,0,0,171254
9950,23.4409,1.661,1.681,1.673,0.000,0.346,0.000,1654266,0,0,171254
9951,23.4432,1.915,1.617,1.610,0.000,0.346,0.000,1908296,0,0,171254
9952,23.4451,2.221,1.624,1.616,0.000,0.305,0.000,2209675,0,0,171254
9953,23.4470,1.925,1.661,1.653,0.000,0.306,0.000,1917146,0,0,171254
9954,23.4487,1.830,1.921,1.907,0.000,0.333,0.000,1822684,0,0,171254
9955,23.4504,1.695,2.216,2.207,0.000,0.353,0.000,1682008,0,0,171254
9956,23.4522,1.730,1.925,1.916,0.000,0.686,0.000,1722493,0,0,171254
9957,23.4539,1.700,1.836,1.821,0.000,0.519,0.000,1693518,0,0,171254
9958,23.4569,1.707,1.689,1.681,0.000,0.635,0.000,1700137,0,0,171254
9959,23.4590,3.189,1.730,1.721,0.000,0.669,0.000,3182525,0,0,171254
9960,23.4621,2.455,1.700,1.692,0.000,0.369,0.000,2445859,0,0,171254
9961,23.4653,3.316,1.707,1.699,0.000,0.576,0.000,3303677,0,0,190345
9962,23.4673,2.720,3.192,3.181,0.000,0.743,0.000,2707230,0,0,171350
9963,23.4692,1.863,2.458,2.444,0.000,0.749,0.000,1855304,0,0,171254
9964,23.4711,1.915,3.316,3.302,0.000,0.690,0.000,1907585,0,0,171254
9965,23.4728,1.774,2.714,2.706,0.000,0.665,0.000,1766094,0,0,171254
9966,23.4745,1.692,1.863,1.854,0.000,0.651,0.000,1684727,0,0,171254
9967,23.4762,1.728,1.915,1.906,0.000,0.454,0.000,1720151,0,0,171254
9968,23.4778,1.648,1.773,1.765,0.000,0.411,0.000,1641585,0,0,171254
9969,23.4795,1.644,1.692,1.684,0.000,0.303,0.000,1637282,0,0,171254
9970,23.4813,1.696,1.727,1.719,0.000,0.289,0.000,1688919,0,0,171254
9971,23.4829,1.742,1.648,1.641,0.000,0.278,0.000,1739770,0,0,171254
9972,23.4855,1.573,1.644,1.636,0.000,0.638,0.000,1561672,0,0,171254
9973,23.4872,2.687,1.696,1.688,0.000,0.341,0.000,2680258,0,0,171254
9974,23.4890,1.757,1.746,1.734,0.000,0.618,0.000,1749135,0,0,171254
9975,23.4906,1.700,1.568,1.561,0.000,0.640,0.000,1692267,0,0,171254
9976,23.4923,1.595,2.688,2.679,0.000,0.620,0.000,1588904,0,0,171254
9977,23.4939,1.680,1.756,1.748,0.000,0.588,0.000,1673110,0,0,171254
9978,23.4956,1.662,1.698,1.691,0.000,0.588,0.000,1655135,0,0,171254
9979,23.4972,1.642,1.596,1.588,0.000,0.320,0.000,1635585,0,0,171254
9980,23.4988,1.607,1.680,1.672,0.000,0.611,0.000,1600307,0,0,171254
9981,23.5005,1.581,1.662,1.654,0.000,0.359,0.000,1574221,0,0,171254
9982,23.5021,1.710,1.642,1.635,0.000,0.622,0.000,1704474,0,0,171254
9983,23.5038,1.640,1.607,1.599,0.000,0.334,0.000,1633340,0,0,171254
9984,23.5054,1.684,1.580,1.573,0.000,0.283,0.000,1676959,0,0,171254
9985,23.5072,1.667,1.711,1.703,0.000,0.499,0.000,1660536,0,0,171254
9986,23.5098,1.740,1.640,1.632,0.000,0.274,0.000,1733494,0,0,171254
9987,23.5116,2.669,1.683,1.676,0.000,0.612,0.000,2662469,0,0,171254
9988,23.5132,1.656,1.667,1.659,0.000,0.299,0.000,1648927,0,0,171254
9989,23.5147,1.580,1.740,1.732,0.000,0.281,0.000,1573058,0,0,171254
9990,23.5162,1.538,2.669,2.661,0.000,0.438,0.000,1531417,0,0,171254
9991,23.5178,1.536,1.656,1.648,0.000,0.436,0.000,1529176,0,0,171254
9992,23.5193,1.545,1.579,1.572,0.000,0.407,0.000,1538805,0,0,171350
9993,23.5212,1.633,1.539,1.530,0.000,0.587,0.000,1622516,0,0,171254
9994,23.5228,1.784,1.535,1.528,0.000,0.599,0.000,1777701,0,0,171254
9995,23.5244,1.579,1.549,1.538,0.000,0.338,0.000,1572178,0,0,171254
9996,23.5259,1.592,1.629,1.621,0.000,0.277,0.000,1584740,0,0,171254
9997,23.5275,1.563,1.785,1.777,0.000,0.370,0.000,1556078,0,0,171254
9998,23.5295,1.575,1.579,1.571,0.000,0.261,0.000,1568475,0,0,171254
9999,23.5313,2.160,1.591,1.584,0.000,0.242,0.000,2154022,0,0,171254
10000,23.5329,1.666,1.563,1.555,0.000,0.464,0.000,1659620,0,0,171254
10001,23.5357,2.626,1.575,1.567,0.000,0.267,0.000,2619894,0,0,171256
10002,23.5374,1.827,2.160,2.153,0.000,0.270,0.000,1819899,0,0,171256
10003,23.5391,1.721,1.666,1.658,0.000,0.370,0.000,1713825,0,0,171256
10004,23.5408,1.656,2.627,2.619,0.000,0.292,0.000,1648697,0,0,171256
10005,23.5426,1.792,1.826,1.818,0.000,0.618,0.000,1786023,0,0,171256
10006,23.5443,1.709,1.721,1.713,0.000,0.613,0.000,1700283,0,0,171256
10007,23.5460,1.707,1.655,1.648,0.000,0.424,0.000,1700826,0,0,171256
10008,23.5476,1.636,1.795,1.785,0.000,0.326,0.000,1629241,0,0,171256
10009,23.5493,1.657,1.707,1.699,0.000,0.291,0.000,1649840,0,0,171256
10010,23.5509,1.658,1.708,1.700,0.000,0.268,0.000,1651025,0,0,171256
10011,23.5525,1.592,1.636,1.628,0.000,0.236,0.000,1585377,0,0,171256
10012,23.5542,1.644,1.657,1.649,0.000,0.241,0.000,1637257,0,0,171256
10013,23.5558,1.612,1.658,1.650,0.000,0.234,0.000,1605064,0,0,171256
10014,23.5574,1.628,1.592,1.584,0.000,0.257,0.000,1621206,0,0,171256
10015,23.5601,1.661,1.644,1.636,0.000,0.243,0.000,1653377,0,0,171256
10016,23.5619,2.681,1.612,1.604,0.000,0.233,0.000,2673903,0,0,171256
10017,23.5637,1.877,1.628,1.620,0.000,0.321,0.000,1869530,0,0,171256
10018,23.5654,1.727,1.661,1.652,0.000,0.289,0.000,1719522,0,0,171256
10019,23.5671,1.735,2.681,2.672,0.000,0.486,0.000,1728241,0,0,171256
10020,23.5689,1.831,1.877,1.868,0.000,0.615,0.000,1823746,0,0,171256
10021,23.5707,1.678,1.726,1.718,0.000,0.341,0.000,1670199,0,0,171256
10022,23.5724,1.788,1.735,1.727,0.000,0.301,0.000,1781686,0,0,171352
10023,23.5740,1.630,1.831,1.823,0.000,0.264,0.000,1622990,0,0,171256
10024,23.5758,1.670,1.677,1.669,0.000,0.320,0.000,1664086,0,0,171256
10025,23.5776,1.809,1.789,1.781,0.000,0.324,0.000,1802794,0,0,171256
10026,23.5794,1.855,1.629,1.622,0.000,0.295,0.000,1847091,0,0,171256
10027,23.5814,1.794,1.671,1.663,0.000,0.383,0.000,1786893,0,0,171256
10028,23.5834,2.085,1.810,1.801,0.000,0.337,0.000,2078251,0,0,171256
10029,23.5863,1.911,1.854,1.846,0.000,0.676,0.000,1902940,0,0,171256
10030,23.5882,2.988,1.794,1.786,0.000,0.683,0.000,2980932,0,0,171256
10031,23.5899,1.789,2.086,2.077,0.000,0.371,0.000,1780133,0,0,171256
10032,23.5916,1.701,1.910,1.902,0.000,0.661,0.000,1693787,0,0,171256
10033,23.5934,1.711,2.989,2.980,0.000,0.484,0.000,1704446,0,0,171256
10034,23.5952,1.770,1.788,1.779,0.000,0.357,0.000,1763525,0,0,171256
10035,23.5972,1.890,1.700,1.692,0.000,0.313,0.000,1882473,0,0,171256
10036,23.5992,2.057,1.711,1.703,0.000,0.301,0.000,2049138,0,0,171256
10037,23.6014,2.045,1.771,1.762,0.000,0.492,0.000,2036800,0,0,171256
10038,23.6033,2.093,1.890,1.881,0.000,0.378,0.000,2083714,0,0,171256
10039,23.6051,1.855,2.057,2.048,0.000,0.352,0.000,1847185,0,0,171256
10040,23.6070,1.880,2.046,2.036,0.000,0.292,0.000,1872961,0,0,171256
10041,23.6088,1.843,2.092,2.082,0.000,0.278,0.000,1834779,0,0,171256
10042,23.6107,1.824,1.855,1.846,0.000,0.402,0.000,1817030,0,0,171256
10043,23.6158,1.899,1.881,1.872,0.000,0.290,0.000,1891155,0,0,171256
10044,23.6187,5.480,1.842,1.834,0.000,0.385,0.000,5472633,0,0,171256
10045,23.6219,3.556,1.825,1.816,0.000,0.691,0.000,3546539,0,0,171256
10046,23.6237,2.145,1.899,1.890,0.000,0.627,0.000,2134031,0,0,171256
10047,23.6255,1.825,5.483,5.471,0.000,0.779,0.000,1817399,0,0,171256
10048,23.6272,1.707,3.557,3.545,0.000,0.679,0.000,1699503,0,0,171256
10049,23.6291,1.759,2.141,2.132,0.000,0.337,0.000,1752037,0,0,171256
10050,23.6309,1.842,1.825,1.816,0.000,0.330,0.000,1835009,0,0,171256
10051,23.6328,1.858,1.707,1.698,0.000,0.292,0.000,1851374,0,0,171256
10052,23.6345,1.811,1.759,1.751,0.000,0.644,0.000,1803936,0,0,171352
10053,23.6362,1.732,1.842,1.834,0.000,0.528,0.000,1724331,0,0,171256
10054,23.6379,1.633,1.858,1.850,0.000,0.279,0.000,1626522,0,0,171256
10055,23.6395,1.672,1.811,1.803,0.000,0.282,0.000,1665757,0,0,171256
10056,23.6412,1.618,1.731,1.723,0.000,0.239,0.000,1611254,0,0,171256
10057,23.6429,1.791,1.633,1.625,0.000,0.251,0.000,1784623,0,0,171256
10058,23.6446,1.707,1.672,1.665,0.000,0.265,0.000,1700112,0,0,171256
10059,23.6474,2.714,1.617,1.610,0.000,0.257,0.000,2706663,0,0,171256
10060,23.6491,1.766,1.792,1.784,0.000,0.679,0.000,1759085,0,0,171256
10061,23.6507,1.626,1.707,1.699,0.000,0.657,0.000,1619952,0,0,171256
10062,23.6523,1.609,2.714,2.706,0.000,0.600,0.000,1601826,0,0,171256
10063,23.6539,1.616,1.766,1.758,0.000,0.597,0.000,1609695,0,0,171256
10064,23.6556,1.642,1.627,1.619,0.000,0.357,0.000,1635496,0,0,171256
10065,23.6572,1.591,1.608,1.601,0.000,0.324,0.000,1583845,0,0,171256
10066,23.6588,1.662,1.617,1.609,0.000,0.293,0.000,1656391,0,0,171256
10067,23.6606,1.621,1.642,1.634,0.000,0.257,0.000,1613602,0,0,171256
10068,23.6622,1.719,1.590,1.583,0.000,0.261,0.000,1712499,0,0,171256
10069,23.6637,1.602,1.663,1.655,0.000,0.322,0.000,1594476,0,0,171256
10070,23.6654,1.579,1.620,1.613,0.000,0.466,0.000,1573121,0,0,171256
10071,23.6670,1.634,1.720,1.711,0.000,0.386,0.000,1627290,0,0,171256
10072,23.6695,1.559,1.601,1.593,0.000,0.256,0.000,1552164,0,0,171256
10073,23.6713,2.647,1.580,1.572,0.000,0.252,0.000,2640852,0,0,171256
10074,23.6730,1.764,1.634,1.626,0.000,0.631,0.000,1756598,0,0,171256
10075,23.6747,1.626,1.559,1.551,0.000,0.640,0.000,1619142,0,0,171256
10076,23.6763,1.758,2.648,2.640,0.000,0.349,0.000,1751219,0,0,171256
10077,23.6779,1.624,1.764,1.756,0.000,0.264,0.000,1616702,0,0,171256
10078,23.6796,1.636,1.626,1.618,0.000,0.668,0.000,1633619,0,0,171256
10079,23.6814,1.677,1.758,1.750,0.000,0.341,0.000,1666036,0,0,171256
10080,23.6830,1.702,1.624,1.616,0.000,0.529,0.000,1695187,0,0,171256
10081,23.6847,1.654,1.640,1.632,0.000,0.311,0.000,1647107,0,0,190509
10082,23.6864,1.739,1.673,1.665,0.000,0.255,0.000,1732511,0,0,171352
10083,23.6889,1.933,1.702,1.694,0.000,0.307,0.000,1926788,0,0,171256
10084,23.6907,2.388,1.654,1.646,0.000,0.278,0.000,2378074,0,0,171256
10085,23.6924,1.670,1.739,1.731,0.000,0.267,0.000,1662451,0,0,171256
10086,23.6949,1.612,1.938,1.925,0.000,0.298,0.000,1605605,0,0,171256
10087,23.6966,2.604,2.384,2.375,0.000,0.240,0.000,2597979,0,0,171256
10088,23.6983,1.693,1.669,1.661,0.000,0.267,0.000,1685396,0,0,171256
10089,23.6998,1.578,1.612,1.604,0.000,0.264,0.000,1571084,0,0,171256
10090,23.7015,1.583,2.605,2.597,0.000,0.243,0.000,1576356,0,0,171256
10091,23.7032,1.738,1.692,1.684,0.000,0.244,0.000,1730822,0,0,171256
10092,23.7048,1.624,1.578,1.570,0.000,0.239,0.000,1617429,0,0,171256
10093,23.7064,1.589,1.584,1.575,0.000,0.251,0.000,1582399,0,0,171256
10094,23.7079,1.587,1.738,1.730,0.000,0.247,0.000,1580257,0,0,171256
10095,23.7095,1.538,1.624,1.616,0.000,0.229,0.000,1531476,0,0,171256
10096,23.7112,1.613,1.589,1.581,0.000,0.237,0.000,1606005,0,0,171256
10097,23.7128,1.693,1.587,1.579,0.000,0.257,0.000,1686741,0,0,171256
10098,23.7144,1.649,1.538,1.530,0.000,0.381,0.000,1642744,0,0,171256
10099,23.7160,1.567,1.613,1.605,0.000,0.569,0.000,1560319,0,0,171256
10100,23.7185,1.568,1.693,1.685,0.000,0.305,0.000,1561936,0,0,171256
10101,23.7203,2.613,1.649,1.642,0.000,0.250,0.000,2606383,0,0,171256
10102,23.7219,1.674,1.567,1.559,0.000,0.295,0.000,1666748,0,0,171256
10103,23.7235,1.672,1.568,1.561,0.000,0.277,0.000,1665791,0,0,171256
10104,23.7252,1.619,2.613,2.605,0.000,0.251,0.000,1611264,0,0,171256
10105,23.7267,1.570,1.673,1.666,0.000,0.247,0.000,1564114,0,0,171256
10106,23.7286,1.749,1.673,1.665,0.000,0.235,0.000,1743112,0,0,171256
10107,23.7301,1.664,1.618,1.610,0.000,0.247,0.000,1653936,0,0,171256
10108,23.7317,1.608,1.570,1.563,0.000,0.227,0.000,1600860,0,0,171256
10109,23.7333,1.594,1.754,1.742,0.000,0.311,0.000,1587267,0,0,171256
10110,23.7349,1.597,1.659,1.651,0.000,0.530,0.000,1590853,0,0,171256
10111,23.7366,1.621,1.607,1.600,0.000,0.562,0.000,1615289,0,0,171256
10112,23.7382,1.652,1.593,1.586,0.000,0.485,0.000,1645275,0,0,171352
10113,23.7398,1.562,1.597,1.590,0.000,0.616,0.000,1555385,0,0,171256
10114,23.7424,1.580,1.622,1.614,0.000,0.467,0.000,1574145,0,0,171256
10115,23.7441,2.668,1.652,1.644,0.000,0.272,0.000,2662420,0,0,171256
10116,23.7456,1.609,1.562,1.554,0.000,0.254,0.000,1602324,0,0,171256
10117,23.7472,1.595,1.580,1.573,0.000,0.269,0.000,1588874,0,0,171256
10118,23.7489,1.644,2.670,2.661,0.000,0.255,0.000,1637604,0,0,171256
10119,23.7507,1.754,1.609,1.601,0.000,0.335,0.000,1747696,0,0,171256
10120,23.7523,1.649,1.595,1.588,0.000,0.317,0.000,1641375,0,0,171256
10121,23.7539,1.628,1.644,1.636,0.000,0.295,0.000,1621687,0,0,171256
10122,23.7554,1.561,1.755,1.747,0.000,0.250,0.000,1554228,0,0,171256
10123,23.7570,1.526,1.648,1.640,0.000,0.553,0.000,1520149,0,0,171256
10124,23.7586,1.560,1.628,1.621,0.000,0.590,0.000,1554382,0,0,171256
10125,23.7602,1.647,1.560,1.553,0.000,0.312,0.000,1640944,0,0,171256
10126,23.7619,1.623,1.526,1.519,0.000,0.291,0.000,1616613,0,0,171256
10127,23.7636,1.744,1.561,1.553,0.000,0.291,0.000,1737478,0,0,171256
10128,23.7661,1.596,1.648,1.640,0.000,0.244,0.000,1589419,0,0,171256
10129,23.7680,2.671,1.623,1.615,0.000,0.254,0.000,2665256,0,0,171256
10130,23.7697,1.785,1.744,1.736,0.000,0.239,0.000,1777771,0,0,171256
10131,23.7713,1.653,1.596,1.588,0.000,0.354,0.000,1645730,0,0,171256
10132,23.7728,1.586,2.673,2.664,0.000,0.366,0.000,1578908,0,0,171256
10133,23.7744,1.554,1.785,1.777,0.000,0.258,0.000,1547282,0,0,171256
10134,23.7763,1.624,1.652,1.645,0.000,0.248,0.000,1617173,0,0,171256
10135,23.7779,1.862,1.585,1.578,0.000,0.234,0.000,1854368,0,0,171256
10136,23.7795,1.599,1.554,1.546,0.000,0.490,0.000,1592455,0,0,171256
10137,23.7812,1.608,1.625,1.616,0.000,0.278,0.000,1600182,0,0,171256
10138,23.7828,1.702,1.861,1.853,0.000,0.289,0.000,1695157,0,0,171256
10139,23.7844,1.573,1.600,1.591,0.000,0.255,0.000,1566480,0,0,171256
10140,23.7860,1.596,1.607,1.599,0.000,0.250,0.000,1589416,0,0,171256
10141,23.7876,1.567,1.702,1.694,0.000,0.242,0.000,1560378,0,0,171256
10142,23.7902,1.589,1.573,1.565,0.000,0.583,0.000,1582135,0,0,171352
10143,23.7919,2.720,1.596,1.588,0.000,0.581,0.000,2713464,0,0,171256
10144,23.7935,1.686,1.567,1.559,0.000,0.619,0.000,1678243,0,0,171256
10145,23.7952,1.615,1.589,1.581,0.000,0.622,0.000,1608570,0,0,171256
10146,23.7967,1.612,2.721,2.712,0.000,0.639,0.000,1604978,0,0,171256
10147,23.7983,1.571,1.685,1.677,0.000,0.611,0.000,1564069,0,0,171256
10148,23.7999,1.561,1.615,1.608,0.000,0.584,0.000,1555002,0,0,171256
10149,23.8016,1.568,1.611,1.604,0.000,0.571,0.000,1561497,0,0,171256
10150,23.8031,1.690,1.570,1.563,0.000,0.554,0.000,1682674,0,0,171256
10151,23.8047,1.542,1.561,1.554,0.000,0.549,0.000,1535286,0,0,171256
10152,23.8063,1.618,1.568,1.560,0.000,0.297,0.000,1611214,0,0,171256
10153,23.8082,1.783,1.689,1.682,0.000,0.253,0.000,1776347,0,0,171256
10154,23.8109,2.178,1.542,1.534,0.000,0.246,0.000,2169647,0,0,171256
10155,23.8130,2.553,1.618,1.610,0.000,0.320,0.000,2545389,0,0,171256
10156,23.8160,1.861,1.784,1.775,0.000,0.392,0.000,1853301,0,0,171256
10157,23.8182,3.260,2.177,2.168,0.000,0.394,0.000,3252230,0,0,171256
10158,23.8201,2.034,2.553,2.544,0.000,0.355,0.000,2024916,0,0,171256
10159,23.8221,1.872,1.861,1.852,0.000,0.460,0.000,1864350,0,0,171256
10160,23.8238,1.917,3.262,3.251,0.000,0.681,0.000,1909647,0,0,171256
10161,23.8256,1.713,2.032,2.024,0.000,0.388,0.000,1705947,0,0,171256
10162,23.8272,1.707,1.872,1.863,0.000,0.306,0.000,1699367,0,0,171256
10163,23.8289,1.672,1.917,1.909,0.000,0.517,0.000,1665272,0,0,171256
10164,23.8306,1.648,1.713,1.705,0.000,0.621,0.000,1640773,0,0,171256
10165,23.8322,1.676,1.706,1.698,0.000,0.673,0.000,1669678,0,0,171256
10166,23.8339,1.644,1.672,1.664,0.000,0.609,0.000,1637566,0,0,171256
10167,23.8355,1.642,1.648,1.640,0.000,0.444,0.000,1635108,0,0,171256
10168,23.8371,1.613,1.676,1.668,0.000,0.548,0.000,1606858,0,0,171256
10169,23.8387,1.578,1.645,1.636,0.000,0.592,0.000,1571948,0,0,171256
10170,23.8415,1.670,1.642,1.634,0.000,0.547,0.000,1663611,0,0,171256
10171,23.8435,2.850,1.613,1.606,0.000,0.578,0.000,2842860,0,0,171256
10172,23.8453,1.991,1.578,1.571,0.000,0.623,0.000,1982832,0,0,171352
10173,23.8471,1.858,1.671,1.663,0.000,0.363,0.000,1850620,0,0,171256
10174,23.8489,1.822,2.851,2.842,0.000,0.318,0.000,1814361,0,0,171256
10175,23.8507,1.728,1.990,1.982,0.000,0.613,0.000,1720750,0,0,171256
10176,23.8525,1.810,1.858,1.849,0.000,0.635,0.000,1803792,0,0,171256
10177,23.8544,1.869,1.821,1.813,0.000,0.630,0.000,1862564,0,0,171256
10178,23.8562,1.876,1.728,1.720,0.000,0.371,0.000,1868392,0,0,171256
10179,23.8580,1.741,1.811,1.803,0.000,0.377,0.000,1733421,0,0,171256
10180,23.8600,2.031,1.870,1.861,0.000,0.337,0.000,2023361,0,0,171256
10181,23.8619,1.680,1.875,1.867,0.000,0.307,0.000,1673285,0,0,171256
10182,23.8635,1.910,1.741,1.732,0.000,0.328,0.000,1903394,0,0,171256
10183,23.8652,1.646,2.030,2.022,0.000,0.344,0.000,1638950,0,0,171256
10184,23.8677,1.630,1.680,1.672,0.000,0.333,0.000,1623882,0,0,171256
10185,23.8695,2.632,1.910,1.902,0.000,0.288,0.000,2625885,0,0,171256
10186,23.8711,1.684,1.645,1.638,0.000,0.274,0.000,1677505,0,0,171256
10187,23.8728,1.629,1.630,1.623,0.000,0.272,0.000,1622367,0,0,171256
10188,23.8744,1.682,2.632,2.625,0.000,0.250,0.000,1675278,0,0,171256
10189,23.8761,1.670,1.684,1.676,0.000,0.264,0.000,1663353,0,0,171256
10190,23.8778,1.688,1.629,1.621,0.000,0.265,0.000,1680999,0,0,171256
10191,23.8795,1.668,1.682,1.674,0.000,0.246,0.000,1661439,0,0,171256
10192,23.8813,1.640,1.670,1.662,0.000,0.259,0.000,1633288,0,0,171256
10193,23.8831,1.931,1.688,1.680,0.000,0.248,0.000,1924170,0,0,171256
10194,23.8849,1.839,1.668,1.660,0.000,0.270,0.000,1830747,0,0,171256
10195,23.8867,1.753,1.640,1.632,0.000,0.342,0.000,1745464,0,0,171256
10196,23.8885,1.786,1.933,1.923,0.000,0.310,0.000,1779079,0,0,171256
10197,23.8905,1.933,1.838,1.829,0.000,0.273,0.000,1925353,0,0,171256
10198,23.8934,1.875,1.752,1.744,0.000,0.348,0.000,1866618,0,0,171256
10199,23.8957,3.222,1.787,1.778,0.000,0.314,0.000,3213732,0,0,171256
10200,23.8978,2.197,1.933,1.924,0.000,0.342,0.000,2186311,0,0,171256
10201,23.9000,2.149,1.874,1.865,0.000,0.489,0.000,2139222,0,0,190587
10202,23.9022,2.106,3.224,3.212,0.000,0.717,0.000,2098238,0,0,171352
10203,23.9040,2.040,2.196,2.185,0.000,0.689,0.000,2031726,0,0,171816
10204,23.9058,1.826,2.147,2.138,0.000,0.386,0.000,1818107,0,0,171312
10205,23.9076,1.813,2.106,2.097,0.000,0.411,0.000,1804934,0,0,171256
10206,23.9094,1.743,2.040,2.030,0.000,0.447,0.000,1735591,0,0,171256
10207,23.9112,1.840,1.826,1.817,0.000,0.278,0.000,1832620,0,0,171256
10208,23.9131,1.821,1.812,1.804,0.000,0.273,0.000,1813807,0,0,171256
10209,23.9150,1.832,1.743,1.734,0.000,0.363,0.000,1824575,0,0,171256
10210,23.9169,1.956,1.840,1.831,0.000,0.693,0.000,1948046,0,0,171256
10211,23.9189,2.002,1.821,1.813,0.000,0.660,0.000,1994751,0,0,171256
10212,23.9222,1.997,1.832,1.823,0.000,0.615,0.000,1988836,0,0,171256
10213,23.9242,3.296,1.955,1.947,0.000,0.360,0.000,3287998,0,0,171256
10214,23.9261,1.966,2.003,1.993,0.000,0.395,0.000,1956665,0,0,171256
10215,23.9281,1.927,1.997,1.988,0.000,0.345,0.000,1920240,0,0,171256
10216,23.9299,1.909,3.297,3.287,0.000,0.712,0.000,1900024,0,0,171256
10217,23.9318,1.827,1.964,1.955,0.000,0.448,0.000,1819566,0,0,171256
10218,23.9335,1.780,1.929,1.919,0.000,0.374,0.000,1772427,0,0,171256
10219,23.9354,1.825,1.907,1.899,0.000,0.296,0.000,1817334,0,0,171256
10220,23.9372,1.861,1.827,1.818,0.000,0.652,0.000,1853632,0,0,171256
10221,23.9390,1.804,1.780,1.771,0.000,0.306,0.000,1796907,0,0,171256
10222,23.9409,1.768,1.824,1.816,0.000,0.446,0.000,1761144,0,0,171256
10223,23.9427,1.903,1.861,1.852,0.000,0.262,0.000,1895603,0,0,171256
10224,23.9446,1.839,1.804,1.795,0.000,0.373,0.000,1832067,0,0,171256
10225,23.9464,1.829,1.768,1.760,0.000,0.641,0.000,1821770,0,0,171256
10226,23.9495,1.961,1.903,1.894,0.000,0.335,0.000,1953094,0,0,171256
10227,23.9518,3.160,1.839,1.831,0.000,0.476,0.000,3152952,0,0,171256
10228,23.9538,2.291,1.830,1.821,0.000,0.492,0.000,2281252,0,0,171256
10229,23.9556,1.851,1.961,1.952,0.000,0.667,0.000,1842797,0,0,171256
10230,23.9574,1.806,3.162,3.152,0.000,0.321,0.000,1798322,0,0,171256
10231,23.9592,1.765,2.289,2.280,0.000,0.591,0.000,1757676,0,0,171256
10232,23.9613,1.822,1.851,1.842,0.000,0.484,0.000,1815464,0,0,171352
10233,23.9632,2.132,1.806,1.797,0.000,0.363,0.000,2124347,0,0,171256
10234,23.9651,1.924,1.765,1.756,0.000,0.318,0.000,1915787,0,0,171256
10235,23.9669,1.843,1.823,1.814,0.000,0.686,0.000,1835153,0,0,171256
10236,23.9688,1.836,2.133,2.123,0.000,0.476,0.000,1828707,0,0,171256
10237,23.9708,1.932,1.923,1.914,0.000,0.634,0.000,1925066,0,0,171256
10238,23.9725,1.870,1.843,1.834,0.000,0.372,0.000,1861547,0,0,171256
10239,23.9742,1.722,1.836,1.827,0.000,0.326,0.000,1714645,0,0,171256
10240,23.9769,1.670,1.933,1.924,0.000,0.274,0.000,1663333,0,0,171256
10241,23.9787,2.752,1.869,1.860,0.000,0.270,0.000,2744043,0,0,171256
10242,23.9804,1.756,1.721,1.714,0.000,0.482,0.000,1749036,0,0,171256
10243,23.9822,1.679,1.671,1.662,0.000,0.307,0.000,1671614,0,0,171256
10244,23.9838,1.761,2.751,2.743,0.000,0.670,0.000,1753998,0,0,171256
10245,23.9855,1.597,1.756,1.748,0.000,0.328,0.000,1589446,0,0,171256
10246,23.9873,1.721,1.679,1.671,0.000,0.280,0.000,1714924,0,0,171256
10247,23.9889,1.785,1.761,1.753,0.000,0.297,0.000,1778631,0,0,171256
10248,23.9905,1.612,1.596,1.588,0.000,0.235,0.000,1605684,0,0,171256
10249,23.9922,1.620,1.721,1.714,0.000,0.242,0.000,1614245,0,0,171256
10250,23.9938,1.647,1.785,1.778,0.000,0.233,0.000,1640353,0,0,171256
10251,23.9954,1.589,1.612,1.605,0.000,0.587,0.000,1582318,0,0,171256
10252,23.9969,1.595,1.621,1.613,0.000,0.588,0.000,1589221,0,0,171256
10253,23.9986,1.584,1.647,1.639,0.000,0.596,0.000,1578095,0,0,171256
10254,24.0011,1.594,1.589,1.581,0.000,0.541,0.000,1587234,0,0,171256
10255,24.0029,2.649,1.595,1.588,0.000,0.328,0.000,2642709,0,0,171256
10256,24.0045,1.765,1.584,1.577,0.000,0.309,0.000,1757548,0,0,171256
10257,24.0061,1.575,1.594,1.586,0.000,0.297,0.000,1568401,0,0,171256
10258,24.0078,1.623,2.650,2.642,0.000,0.246,0.000,1616108,0,0,171256
10259,24.0093,1.585,1.764,1.756,0.000,0.251,0.000,1578182,0,0,171256
10260,24.0109,1.589,1.575,1.567,0.000,0.246,0.000,1582401,0,0,171256
10261,24.0126,1.620,1.623,1.615,0.000,0.607,0.000,1613720,0,0,171256
10262,24.0141,1.615,1.585,1.577,0.000,0.278,0.000,1608865,0,0,171352
10263,24.0157,1.548,1.589,1.581,0.000,0.288,0.000,1546488,0,0,171256
10264,24.0173,1.596,1.620,1.612,0.000,0.290,0.000,1584389,0,0,171256
10265,24.0189,1.588,1.615,1.608,0.000,0.323,0.000,1581104,0,0,171256
10266,24.0206,1.578,1.553,1.545,0.000,0.557,0.000,1571565,0,0,171256
10267,24.0222,1.720,1.591,1.583,0.000,0.560,0.000,1713507,0,0,171256
10268,24.0247,1.584,1.587,1.580,0.000,0.307,0.000,1576837,0,0,171256
10269,24.0264,2.574,1.578,1.570,0.000,0.266,0.000,2567346,0,0,171256
10270,24.0280,1.617,1.720,1.712,0.000,0.308,0.000,1609790,0,0,171256
10271,24.0299,1.879,1.583,1.576,0.000,0.273,0.000,1872612,0,0,171256
10272,24.0315,1.639,2.574,2.566,0.000,0.615,0.000,1633356,0,0,171256
10273,24.0331,1.579,1.617,1.609,0.000,0.344,0.000,1572429,0,0,171256
10274,24.0347,1.611,1.879,1.872,0.000,0.288,0.000,1604427,0,0,171256
10275,24.0362,1.567,1.640,1.632,0.000,0.602,0.000,1559969,0,0,171256
10276,24.0378,1.594,1.579,1.571,0.000,0.340,0.000,1587805,0,0,171256
10277,24.0394,1.590,1.611,1.603,0.000,0.314,0.000,1583775,0,0,171256
10278,24.0412,1.601,1.566,1.559,0.000,0.268,0.000,1594475,0,0,171256
10279,24.0427,1.743,1.594,1.587,0.000,0.252,0.000,1736735,0,0,171256
10280,24.0443,1.538,1.590,1.583,0.000,0.245,0.000,1532145,0,0,171256
10281,24.0459,1.543,1.601,1.593,0.000,0.329,0.000,1537494,0,0,171256
10282,24.0474,1.564,1.743,1.736,0.000,0.245,0.000,1558054,0,0,171256
10283,24.0500,2.551,1.538,1.531,0.000,0.242,0.000,2544510,0,0,171256
10284,24.0517,1.735,1.544,1.536,0.000,0.221,0.000,1727761,0,0,171256
10285,24.0533,1.616,1.565,1.557,0.000,0.254,0.000,1608285,0,0,171256
10286,24.0548,1.526,2.551,2.543,0.000,0.232,0.000,1520027,0,0,171256
10287,24.0564,1.530,1.735,1.726,0.000,0.216,0.000,1523749,0,0,171256
10288,24.0579,1.572,1.615,1.607,0.000,0.222,0.000,1565023,0,0,171256
10289,24.0596,1.579,1.526,1.519,0.000,0.224,0.000,1572199,0,0,171256
10290,24.0613,1.657,1.531,1.523,0.000,0.302,0.000,1650965,0,0,171256
10291,24.0629,1.737,1.572,1.564,0.000,0.259,0.000,1730440,0,0,171256
10292,24.0645,1.578,1.578,1.571,0.000,0.284,0.000,1571546,0,0,171352
10293,24.0661,1.607,1.658,1.650,0.000,0.248,0.000,1600536,0,0,171256
10294,24.0677,1.566,1.737,1.729,0.000,0.226,0.000,1558969,0,0,171256
10295,24.0692,1.557,1.578,1.570,0.000,0.238,0.000,1550637,0,0,171256
10296,24.0708,1.571,1.607,1.599,0.000,0.595,0.000,1565365,0,0,171256
10297,24.0734,1.572,1.566,1.558,0.000,0.599,0.000,1565834,0,0,171256
10298,24.0750,2.604,1.556,1.549,0.000,0.372,0.000,2598053,0,0,171256
10299,24.0765,1.594,1.572,1.564,0.000,0.258,0.000,1586682,0,0,171256
10300,24.0781,1.532,1.572,1.565,0.000,0.265,0.000,1526088,0,0,171256
10301,24.0796,1.522,2.605,2.597,0.000,0.235,0.000,1515711,0,0,171256
10302,24.0813,1.569,1.593,1.585,0.000,0.218,0.000,1562390,0,0,171256
10303,24.0830,1.703,1.532,1.525,0.000,0.221,0.000,1696604,0,0,171256
10304,24.0846,1.727,1.522,1.515,0.000,0.591,0.000,1721166,0,0,171256
10305,24.0863,1.632,1.569,1.561,0.000,0.493,0.000,1625765,0,0,171256
10306,24.0879,1.652,1.703,1.696,0.000,0.569,0.000,1645377,0,0,171256
10307,24.0896,1.615,1.728,1.720,0.000,0.619,0.000,1609245,0,0,171256
10308,24.0912,1.646,1.632,1.625,0.000,0.605,0.000,1639325,0,0,171256
10309,24.0928,1.607,1.652,1.644,0.000,0.530,0.000,1601117,0,0,171256
10310,24.0943,1.591,1.615,1.608,0.000,0.543,0.000,1585021,0,0,171256
10311,24.0970,1.572,1.646,1.638,0.000,0.399,0.000,1566240,0,0,171256
10312,24.0989,2.809,1.607,1.600,0.000,0.555,0.000,2803316,0,0,171256
10313,24.1007,1.800,1.591,1.584,0.000,0.579,0.000,1791993,0,0,171256
10314,24.1024,1.826,1.573,1.565,0.000,0.352,0.000,1819172,0,0,171256
10315,24.1040,1.632,2.812,2.802,0.000,0.328,0.000,1624662,0,0,171256
10316,24.1056,1.565,1.799,1.791,0.000,0.266,0.000,1558371,0,0,171256
10317,24.1074,1.759,1.826,1.818,0.000,0.243,0.000,1753144,0,0,171256
10318,24.1094,1.895,1.631,1.624,0.000,0.244,0.000,1887815,0,0,171256
10319,24.1113,1.915,1.565,1.557,0.000,0.664,0.000,1907687,0,0,171256
10320,24.1131,1.860,1.760,1.752,0.000,0.636,0.000,1853343,0,0,171256
10321,24.1150,1.857,1.895,1.886,0.000,0.337,0.000,1850700,0,0,190587
10322,24.1167,1.794,1.915,1.907,0.000,0.637,0.000,1787222,0,0,171352
10323,24.1185,1.727,1.860,1.852,0.000,0.379,0.000,1719516,0,0,171256
10324,24.1202,1.769,1.858,1.850,0.000,0.591,0.000,1762127,0,0,171256
10325,24.1254,1.763,1.795,1.786,0.000,0.343,0.000,1755057,0,0,171256
10326,24.1277,5.353,1.726,1.718,0.000,0.297,0.000,5346695,0,0,171256
10327,24.1305,2.971,1.770,1.761,0.000,0.410,0.000,2962789,0,0,171256
10328,24.1325,2.161,1.762,1.754,0.000,0.469,0.000,2149791,0,0,171256
10329,24.1343,1.837,5.356,5.346,0.000,0.663,0.000,1828589,0,0,171256
10330,24.1359,1.668,2.974,2.961,0.000,0.370,0.000,1660754,0,0,171256
10331,24.1375,1.583,2.157,2.148,0.000,0.321,0.000,1575997,0,0,171256
10332,24.1392,1.568,1.836,1.827,0.000,0.259,0.000,1560841,0,0,171256
10333,24.1413,1.925,1.667,1.660,0.000,0.243,0.000,1918629,0,0,171256
10334,24.1431,2.068,1.583,1.575,0.000,0.309,0.000,2059320,0,0,171256
10335,24.1449,1.775,1.567,1.560,0.000,0.692,0.000,1767739,0,0,171256
10336,24.1466,1.697,1.927,1.917,0.000,0.327,0.000,1690131,0,0,171256
10337,24.1483,1.707,2.067,2.058,0.000,0.261,0.000,1700340,0,0,171256
10338,24.1502,1.819,1.775,1.767,0.000,0.316,0.000,1812041,0,0,171256
10339,24.1523,1.908,1.697,1.689,0.000,0.323,0.000,1900495,0,0,171256
10340,24.1545,2.288,1.707,1.699,0.000,0.299,0.000,2279864,0,0,171256
10341,24.1586,3.980,1.820,1.811,0.000,0.757,0.000,3970953,0,0,171256
10342,24.1608,2.209,1.909,1.899,0.000,0.414,0.000,2199320,0,0,171256
10343,24.1628,2.199,2.290,2.279,0.000,0.765,0.000,2190379,0,0,171256
10344,24.1654,2.062,3.981,3.969,0.000,0.369,0.000,2052854,0,0,171256
10345,24.1680,2.908,2.208,2.198,0.000,0.666,0.000,2899964,0,0,171256
10346,24.1703,2.400,2.199,2.189,0.000,0.347,0.000,2389165,0,0,171256
10347,24.1724,2.171,2.061,2.051,0.000,0.494,0.000,2161274,0,0,171256
10348,24.1744,2.056,2.911,2.899,0.000,0.349,0.000,2046827,0,0,171256
10349,24.1763,1.941,2.401,2.387,0.000,0.385,0.000,1932767,0,0,171256
10350,24.1783,1.947,2.168,2.157,0.000,0.307,0.000,1938464,0,0,171256
10351,24.1803,1.989,2.055,2.045,0.000,0.333,0.000,1981099,0,0,171256
10352,24.1827,1.981,1.941,1.931,0.000,0.304,0.000,1972522,0,0,171352
10353,24.1846,2.347,1.946,1.937,0.000,0.760,0.000,2340024,0,0,171256
10354,24.1874,1.858,1.989,1.980,0.000,0.553,0.000,1850377,0,0,171256
10355,24.1893,2.857,1.980,1.971,0.000,0.343,0.000,2849785,0,0,171256
10356,24.1912,1.937,2.348,2.339,0.000,0.653,0.000,1929996,0,0,171256
10357,24.1929,1.766,1.858,1.849,0.000,0.393,0.000,1758513,0,0,171256
10358,24.1946,1.695,2.857,2.849,0.000,0.324,0.000,1687992,0,0,171256
10359,24.1963,1.667,1.938,1.929,0.000,0.550,0.000,1660344,0,0,171256
10360,24.1979,1.686,1.765,1.757,0.000,0.283,0.000,1678390,0,0,171256
10361,24.1996,1.621,1.695,1.687,0.000,0.355,0.000,1614857,0,0,171256
10362,24.2013,1.637,1.668,1.659,0.000,0.271,0.000,1630392,0,0,171256
10363,24.2029,1.739,1.685,1.677,0.000,0.243,0.000,1732539,0,0,171256
10364,24.2045,1.563,1.622,1.614,0.000,0.254,0.000,1555831,0,0,171256
10365,24.2061,1.601,1.637,1.629,0.000,0.231,0.000,1593640,0,0,171256
10366,24.2077,1.605,1.740,1.731,0.000,0.221,0.000,1598484,0,0,171256
10367,24.2092,1.577,1.563,1.555,0.000,0.256,0.000,1569660,0,0,171256
10368,24.2117,1.543,1.601,1.592,0.000,0.260,0.000,1536747,0,0,171256
10369,24.2134,2.558,1.605,1.597,0.000,0.238,0.000,2551621,0,0,171256
10370,24.2150,1.640,1.576,1.568,0.000,0.240,0.000,1632820,0,0,171256
10371,24.2165,1.581,1.543,1.536,0.000,0.236,0.000,1573705,0,0,171256
10372,24.2182,1.603,2.558,2.551,0.000,0.235,0.000,1596176,0,0,171256
10373,24.2197,1.577,1.640,1.632,0.000,0.306,0.000,1570022,0,0,171256
10374,24.2214,1.561,1.581,1.572,0.000,0.267,0.000,1554900,0,0,171256
10375,24.2230,1.691,1.603,1.595,0.000,0.253,0.000,1684392,0,0,171256
10376,24.2246,1.602,1.576,1.569,0.000,0.259,0.000,1594624,0,0,171256
10377,24.2262,1.572,1.561,1.554,0.000,0.311,0.000,1565396,0,0,171256
10378,24.2286,1.955,1.692,1.683,0.000,0.267,0.000,1948427,0,0,171256
10379,24.2304,2.295,1.601,1.593,0.000,0.310,0.000,2284791,0,0,171256
10380,24.2321,1.641,1.572,1.564,0.000,0.259,0.000,1633019,0,0,171256
10381,24.2337,1.578,1.960,1.947,0.000,0.281,0.000,1571233,0,0,171256
10382,24.2362,1.593,2.291,2.282,0.000,0.238,0.000,1586851,0,0,171352
10383,24.2379,2.607,1.640,1.632,0.000,0.252,0.000,2600531,0,0,171256
10384,24.2395,1.671,1.578,1.570,0.000,0.255,0.000,1663639,0,0,171256
10385,24.2412,1.577,1.593,1.586,0.000,0.327,0.000,1570410,0,0,171256
10386,24.2429,1.776,2.608,2.599,0.000,0.253,0.000,1769798,0,0,171256
10387,24.2445,1.619,1.670,1.662,0.000,0.251,0.000,1612005,0,0,171256
10388,24.2460,1.577,1.577,1.569,0.000,0.297,0.000,1570744,0,0,171256
10389,24.2476,1.546,1.777,1.769,0.000,0.232,0.000,1539753,0,0,171256
10390,24.2492,1.537,1.619,1.611,0.000,0.234,0.000,1529971,0,0,171256
10391,24.2508,1.646,1.577,1.570,0.000,0.222,0.000,1638787,0,0,171256
10392,24.2523,1.546,1.546,1.539,0.000,0.321,0.000,1539563,0,0,171256
10393,24.2539,1.567,1.537,1.529,0.000,0.276,0.000,1561515,0,0,171256
10394,24.2554,1.573,1.645,1.638,0.000,0.244,0.000,1565941,0,0,171256
10395,24.2571,1.578,1.545,1.538,0.000,0.249,0.000,1571413,0,0,171256
10396,24.2597,1.651,1.568,1.561,0.000,0.220,0.000,1644031,0,0,171256
10397,24.2615,2.646,1.573,1.565,0.000,0.308,0.000,2640155,0,0,171256
10398,24.2633,1.862,1.578,1.570,0.000,0.268,0.000,1854701,0,0,171256
10399,24.2652,1.677,1.650,1.643,0.000,0.631,0.000,1669417,0,0,171256
10400,24.2669,1.937,2.647,2.639,0.000,0.432,0.000,1930393,0,0,171256
10401,24.2687,1.780,1.862,1.854,0.000,0.616,0.000,1773112,0,0,171256
10402,24.2705,1.840,1.676,1.668,0.000,0.353,0.000,1832474,0,0,171256
10403,24.2722,1.702,1.937,1.929,0.000,0.363,0.000,1694638,0,0,171256
10404,24.2743,1.603,1.781,1.772,0.000,0.283,0.000,1596464,0,0,171256
10405,24.2761,2.354,1.840,1.831,0.000,0.318,0.000,2347366,0,0,171256
10406,24.2777,1.629,1.701,1.693,0.000,0.301,0.000,1622525,0,0,171256
10407,24.2794,1.635,1.604,1.595,0.000,0.259,0.000,1628979,0,0,171256
10408,24.2812,1.649,2.354,2.346,0.000,0.263,0.000,1641743,0,0,171256
10409,24.2828,1.762,1.629,1.621,0.000,0.326,0.000,1755610,0,0,171256
10410,24.2854,1.629,1.636,1.628,0.000,0.614,0.000,1622553,0,0,171256
10411,24.2871,2.632,1.648,1.641,0.000,0.631,0.000,2625345,0,0,171256
10412,24.2888,1.704,1.762,1.754,0.000,0.326,0.000,1696790,0,0,171352
10413,24.2904,1.623,1.629,1.622,0.000,0.312,0.000,1615682,0,0,171256
10414,24.2919,1.592,2.632,2.624,0.000,0.264,0.000,1585096,0,0,171256
10415,24.2935,1.548,1.704,1.696,0.000,0.254,0.000,1541883,0,0,171256
10416,24.2951,1.605,1.622,1.615,0.000,0.322,0.000,1598572,0,0,171256
10417,24.2968,1.630,1.592,1.584,0.000,0.278,0.000,1623044,0,0,171256
10418,24.2984,1.688,1.548,1.541,0.000,0.269,0.000,1681093,0,0,171256
10419,24.3000,1.627,1.605,1.597,0.000,0.370,0.000,1619970,0,0,171256
10420,24.3017,1.575,1.630,1.622,0.000,0.256,0.000,1568427,0,0,171256
10421,24.3033,1.689,1.688,1.680,0.000,0.598,0.000,1682763,0,0,171256
10422,24.3050,1.641,1.627,1.619,0.000,0.626,0.000,1633944,0,0,171256
10423,24.3065,1.566,1.575,1.567,0.000,0.304,0.000,1559034,0,0,171256
10424,24.3091,1.589,1.689,1.682,0.000,0.294,0.000,1582872,0,0,171256
10425,24.3109,2.684,1.641,1.633,0.000,0.240,0.000,2677312,0,0,171256
10426,24.3127,1.790,1.566,1.558,0.000,0.289,0.000,1782241,0,0,171256
10427,24.3145,1.858,1.589,1.582,0.000,0.393,0.000,1850608,0,0,171256
10428,24.3162,1.675,2.686,2.676,0.000,0.520,0.000,1667945,0,0,171256
10429,24.3178,1.650,1.790,1.781,0.000,0.271,0.000,1642924,0,0,171256
10430,24.3194,1.610,1.858,1.849,0.000,0.255,0.000,1602998,0,0,171256
10431,24.3211,1.606,1.675,1.667,0.000,0.252,0.000,1598974,0,0,171256
10432,24.3228,1.766,1.650,1.642,0.000,0.246,0.000,1759030,0,0,171256
10433,24.3246,1.693,1.610,1.602,0.000,0.236,0.000,1686202,0,0,171256
10434,24.3264,1.892,1.606,1.598,0.000,0.349,0.000,1885052,0,0,171256
10435,24.3283,1.838,1.766,1.758,0.000,0.529,0.000,1828341,0,0,171256
10436,24.3300,1.816,1.693,1.685,0.000,0.485,0.000,1807020,0,0,171256
10437,24.3316,1.621,1.895,1.884,0.000,0.429,0.000,1614528,0,0,171256
10438,24.3342,1.598,1.837,1.827,0.000,0.309,0.000,1591347,0,0,171256
10439,24.3359,2.622,1.813,1.806,0.000,0.262,0.000,2615814,0,0,171256
10440,24.3376,1.693,1.621,1.613,0.000,0.291,0.000,1686904,0,0,171256
10441,24.3394,1.737,1.597,1.590,0.000,0.312,0.000,1729694,0,0,190587
10442,24.3411,1.709,2.622,2.615,0.000,0.651,0.000,1702303,0,0,171352
10443,24.3426,1.680,1.694,1.686,0.000,0.293,0.000,1673317,0,0,171256
10444,24.3443,1.580,1.736,1.729,0.000,0.292,0.000,1573481,0,0,171256
10445,24.3458,1.584,1.709,1.701,0.000,0.293,0.000,1577150,0,0,171256
10446,24.3474,1.542,1.680,1.672,0.000,0.276,0.000,1535786,0,0,171256
10447,24.3489,1.573,1.580,1.572,0.000,0.259,0.000,1566858,0,0,171256
10448,24.3505,1.577,1.583,1.576,0.000,0.252,0.000,1569883,0,0,171256
10449,24.3521,1.607,1.542,1.535,0.000,0.308,0.000,1600234,0,0,171256
10450,24.3537,1.612,1.574,1.566,0.000,0.299,0.000,1605717,0,0,171256
10451,24.3553,1.585,1.576,1.569,0.000,0.298,0.000,1578640,0,0,171256
10452,24.3579,1.613,1.606,1.599,0.000,0.371,0.000,1606508,0,0,171256
10453,24.3597,2.701,1.612,1.605,0.000,0.640,0.000,2694537,0,0,171256
10454,24.3615,1.723,1.585,1.578,0.000,0.327,0.000,1715594,0,0,171256
10455,24.3632,1.800,1.613,1.605,0.000,0.284,0.000,1792736,0,0,171256
10456,24.3650,1.770,2.702,2.693,0.000,0.637,0.000,1763615,0,0,171256
10457,24.3669,1.821,1.722,1.715,0.000,0.486,0.000,1813341,0,0,171256
10458,24.3686,1.810,1.800,1.792,0.000,0.353,0.000,1803087,0,0,171256
10459,24.3704,1.778,1.771,1.762,0.000,0.727,0.000,1770613,0,0,171256
10460,24.3721,1.734,1.821,1.812,0.000,0.341,0.000,1727032,0,0,171256
10461,24.3738,1.706,1.810,1.802,0.000,0.638,0.000,1698586,0,0,171256
10462,24.3755,1.717,1.777,1.769,0.000,0.638,0.000,1710399,0,0,171256
10463,24.3773,1.772,1.734,1.726,0.000,0.684,0.000,1766119,0,0,171256
10464,24.3791,1.756,1.705,1.697,0.000,0.640,0.000,1749599,0,0,171256
10465,24.3811,1.791,1.717,1.709,0.000,0.620,0.000,1784643,0,0,171256
10466,24.3838,1.936,1.773,1.765,0.000,0.327,0.000,1929086,0,0,171256
10467,24.3857,2.867,1.756,1.748,0.000,0.325,0.000,2859869,0,0,171256
10468,24.3876,1.854,1.792,1.784,0.000,0.645,0.000,1846202,0,0,171256
10469,24.3892,1.751,1.936,1.928,0.000,0.669,0.000,1743492,0,0,171256
10470,24.3909,1.653,2.867,2.859,0.000,0.448,0.000,1645464,0,0,171256
10471,24.3925,1.623,1.854,1.845,0.000,0.307,0.000,1616036,0,0,171256
10472,24.3942,1.652,1.751,1.742,0.000,0.293,0.000,1645468,0,0,171352
10473,24.3958,1.627,1.652,1.644,0.000,0.282,0.000,1620349,0,0,171256
10474,24.3975,1.662,1.623,1.615,0.000,0.318,0.000,1655202,0,0,171256
10475,24.3991,1.620,1.652,1.644,0.000,0.261,0.000,1613027,0,0,171256
10476,24.4008,1.607,1.628,1.619,0.000,0.623,0.000,1600734,0,0,171256
10477,24.4024,1.723,1.662,1.654,0.000,0.462,0.000,1716855,0,0,171256
10478,24.4041,1.691,1.620,1.612,0.000,0.288,0.000,1683951,0,0,171256
10479,24.4058,1.665,1.607,1.600,0.000,0.347,0.000,1658720,0,0,171256
10480,24.4084,1.646,1.724,1.716,0.000,0.302,0.000,1638912,0,0,171256
10481,24.4102,2.784,1.691,1.683,0.000,0.304,0.000,2777262,0,0,171256
10482,24.4119,1.683,1.665,1.658,0.000,0.302,0.000,1675830,0,0,171256
10483,24.4134,1.594,1.646,1.638,0.000,0.289,0.000,1587449,0,0,171256
10484,24.4150,1.600,2.784,2.776,0.000,0.304,0.000,1593967,0,0,171256
10485,24.4167,1.597,1.683,1.675,0.000,0.268,0.000,1589727,0,0,171256
10486,24.4183,1.626,1.594,1.586,0.000,0.267,0.000,1619321,0,0,171256
10487,24.4203,1.599,1.601,1.593,0.000,0.284,0.000,1592831,0,0,171256
10488,24.4223,2.311,1.597,1.589,0.000,0.269,0.000,2304561,0,0,171256
10489,24.4240,1.786,1.626,1.618,0.000,0.348,0.000,1778354,0,0,171256
10490,24.4257,1.701,1.599,1.592,0.000,0.623,0.000,1694049,0,0,171256
10491,24.4273,1.666,2.312,2.303,0.000,0.621,0.000,1659730,0,0,171256
10492,24.4289,1.591,1.785,1.777,0.000,0.346,0.000,1583770,0,0,171256
10493,24.4306,1.637,1.701,1.693,0.000,0.611,0.000,1630312,0,0,171256
10494,24.4341,1.647,1.667,1.659,0.000,0.524,0.000,1640227,0,0,171256
10495,24.4360,3.748,1.590,1.583,0.000,0.299,0.000,3741076,0,0,171256
10496,24.4376,1.660,1.637,1.629,0.000,0.481,0.000,1652948,0,0,171256
10497,24.4392,1.592,1.647,1.639,0.000,0.514,0.000,1584729,0,0,171256
10498,24.4410,1.668,3.748,3.740,0.000,0.486,0.000,1660799,0,0,171256
10499,24.4428,1.845,1.660,1.652,0.000,0.260,0.000,1838660,0,0,171256
10500,24.4445,1.749,1.591,1.584,0.000,0.342,0.000,1736367,0,0,171816
10501,24.4463,1.715,1.668,1.660,0.000,0.382,0.000,1707661,0,0,171312
10502,24.4480,1.737,1.852,1.838,0.000,0.326,0.000,1729913,0,0,171352
10503,24.4498,1.817,1.743,1.735,0.000,0.331,0.000,1809360,0,0,171256
10504,24.4516,1.781,1.714,1.706,0.000,0.687,0.000,1774543,0,0,171256
10505,24.4534,1.761,1.737,1.729,0.000,0.657,0.000,1754453,0,0,171256
10506,24.4552,1.811,1.816,1.808,0.000,0.318,0.000,1803673,0,0,171256
10507,24.4569,1.740,1.782,1.773,0.000,0.638,0.000,1733218,0,0,171256
10508,24.4597,1.764,1.762,1.753,0.000,0.630,0.000,1756763,0,0,171256
10509,24.4620,2.868,1.811,1.803,0.000,0.676,0.000,2860680,0,0,171256
10510,24.4639,2.331,1.740,1.732,0.000,0.638,0.000,2323045,0,0,171256
10511,24.4657,1.812,1.764,1.756,0.000,0.533,0.000,1804446,0,0,171256
10512,24.4675,1.779,2.868,2.860,0.000,0.652,0.000,1771204,0,0,171256
10513,24.4693,1.814,2.331,2.322,0.000,0.546,0.000,1807192,0,0,171256
10514,24.4711,1.793,1.812,1.803,0.000,0.330,0.000,1785094,0,0,171256
10515,24.4728,1.739,1.778,1.770,0.000,0.670,0.000,1731557,0,0,171256
10516,24.4745,1.679,1.815,1.806,0.000,0.336,0.000,1672596,0,0,171256
10517,24.4761,1.674,1.792,1.784,0.000,0.288,0.000,1666964,0,0,171256
10518,24.4777,1.637,1.739,1.730,0.000,0.656,0.000,1630135,0,0,171256
10519,24.4794,1.645,1.679,1.671,0.000,0.613,0.000,1632514,0,0,171256
10520,24.4812,1.665,1.674,1.666,0.000,0.625,0.000,1658195,0,0,171256
10521,24.4829,1.798,1.642,1.629,0.000,0.633,0.000,1790781,0,0,171256
10522,24.4857,1.715,1.639,1.631,0.000,0.344,0.000,1707667,0,0,171256
10523,24.4875,2.914,1.665,1.657,0.000,0.357,0.000,2907393,0,0,171256
10524,24.4891,1.688,1.798,1.790,0.000,0.341,0.000,1681015,0,0,171256
10525,24.4916,1.913,1.714,1.707,0.000,0.623,0.000,1906671,0,0,171256
10526,24.4933,2.241,2.914,2.906,0.000,0.580,0.000,2231433,0,0,171256
10527,24.4950,1.649,1.687,1.680,0.000,0.607,0.000,1642387,0,0,171256
10528,24.4966,1.635,1.916,1.906,0.000,0.648,0.000,1628621,0,0,171256
10529,24.4986,1.918,2.238,2.230,0.000,0.588,0.000,1910787,0,0,171256
10530,24.5004,1.797,1.649,1.641,0.000,0.527,0.000,1790239,0,0,171256
10531,24.5024,1.815,1.635,1.628,0.000,0.303,0.000,1806380,0,0,171256
10532,24.5041,1.955,1.918,1.910,0.000,0.426,0.000,1947556,0,0,171352
10533,24.5057,1.638,1.799,1.789,0.000,0.408,0.000,1631220,0,0,171256
10534,24.5074,1.658,1.814,1.805,0.000,0.307,0.000,1651093,0,0,171256
10535,24.5090,1.656,1.954,1.946,0.000,0.287,0.000,1649175,0,0,171256
10536,24.5117,1.618,1.638,1.630,0.000,0.323,0.000,1610961,0,0,171256
10537,24.5135,2.742,1.658,1.650,0.000,0.273,0.000,2735637,0,0,171256
10538,24.5152,1.780,1.656,1.648,0.000,0.316,0.000,1772195,0,0,171256
10539,24.5168,1.640,1.618,1.610,0.000,0.346,0.000,1632885,0,0,171256
10540,24.5185,1.650,2.743,2.734,0.000,0.322,0.000,1642782,0,0,171256
10541,24.5201,1.636,1.779,1.771,0.000,0.270,0.000,1629244,0,0,171256
10542,24.5218,1.566,1.640,1.632,0.000,0.261,0.000,1559061,0,0,171256
10543,24.5234,1.724,1.650,1.642,0.000,0.235,0.000,1717527,0,0,171256
10544,24.5250,1.592,1.636,1.628,0.000,0.249,0.000,1585374,0,0,171256
10545,24.5266,1.640,1.566,1.558,0.000,0.295,0.000,1633090,0,0,171256
10546,24.5282,1.627,1.724,1.716,0.000,0.242,0.000,1620560,0,0,171256
10547,24.5298,1.561,1.592,1.584,0.000,0.633,0.000,1555126,0,0,171256
10548,24.5314,1.579,1.640,1.632,0.000,0.611,0.000,1573294,0,0,171256
10549,24.5329,1.572,1.627,1.620,0.000,0.634,0.000,1566141,0,0,171256
10550,24.5345,1.569,1.561,1.554,0.000,0.575,0.000,1562476,0,0,171256
10551,24.5371,2.577,1.579,1.572,0.000,0.242,0.000,2570434,0,0,171256
10552,24.5388,1.668,1.572,1.565,0.000,0.590,0.000,1661175,0,0,171256
10553,24.5404,1.585,1.569,1.561,0.000,0.349,0.000,1578474,0,0,171256
10554,24.5421,1.630,2.577,2.569,0.000,0.294,0.000,1623555,0,0,171256
10555,24.5438,1.805,1.668,1.660,0.000,0.270,0.000,1798317,0,0,171256
10556,24.5455,1.665,1.585,1.577,0.000,0.267,0.000,1657132,0,0,171256
10557,24.5471,1.659,1.630,1.622,0.000,0.382,0.000,1652044,0,0,171256
10558,24.5487,1.576,1.806,1.797,0.000,0.307,0.000,1569311,0,0,171256
10559,24.5502,1.569,1.664,1.656,0.000,0.260,0.000,1562792,0,0,171256
10560,24.5518,1.588,1.658,1.651,0.000,0.249,0.000,1581432,0,0,171256
10561,24.5539,1.846,1.576,1.568,0.000,0.242,0.000,1839680,0,0,190587
10562,24.5556,1.887,1.569,1.562,0.000,0.262,0.000,1875423,0,0,171352
10563,24.5573,1.700,1.588,1.580,0.000,0.567,0.000,1693051,0,0,171256
10564,24.5590,1.694,1.851,1.839,0.000,0.290,0.000,1687275,0,0,171256
10565,24.5618,2.650,1.882,1.874,0.000,0.339,0.000,2643450,0,0,171256
10566,24.5635,1.842,1.700,1.692,0.000,0.294,0.000,1834940,0,0,171256
10567,24.5651,1.650,1.694,1.686,0.000,0.325,0.000,1643160,0,0,171256
10568,24.5668,1.655,2.651,2.642,0.000,0.351,0.000,1648404,0,0,171256
10569,24.5684,1.617,1.844,1.834,0.000,0.609,0.000,1610954,0,0,171256
10570,24.5701,1.699,1.647,1.638,0.000,0.433,0.000,1692625,0,0,171256
10571,24.5716,1.575,1.655,1.647,0.000,0.254,0.000,1568602,0,0,171256
10572,24.5732,1.565,1.617,1.610,0.000,0.272,0.000,1558336,0,0,171256
10573,24.5747,1.561,1.699,1.691,0.000,0.569,0.000,1555194,0,0,171256
10574,24.5763,1.550,1.575,1.568,0.000,0.237,0.000,1543159,0,0,171256
10575,24.5779,1.561,1.564,1.557,0.000,0.233,0.000,1555157,0,0,171256
10576,24.5795,1.605,1.562,1.554,0.000,0.226,0.000,1598712,0,0,171256
10577,24.5812,1.554,1.549,1.542,0.000,0.336,0.000,1547610,0,0,171256
10578,24.5828,1.717,1.562,1.554,0.000,0.272,0.000,1710700,0,0,171256
10579,24.5853,1.589,1.605,1.598,0.000,0.276,0.000,1582674,0,0,171256
10580,24.5871,2.667,1.554,1.547,0.000,0.267,0.000,2660565,0,0,171256
10581,24.5887,1.668,1.717,1.710,0.000,0.622,0.000,1661100,0,0,171256
10582,24.5903,1.615,1.589,1.582,0.000,0.652,0.000,1608065,0,0,171256
10583,24.5924,1.793,2.667,2.659,0.000,0.350,0.000,1786883,0,0,171256
10584,24.5945,2.225,1.668,1.660,0.000,0.281,0.000,2217207,0,0,171256
10585,24.5967,2.006,1.615,1.607,0.000,0.349,0.000,1997457,0,0,171256
10586,24.5987,2.211,1.795,1.786,0.000,0.702,0.000,2202493,0,0,171256
10587,24.6009,2.013,2.226,2.216,0.000,0.692,0.000,2004421,0,0,171256
10588,24.6028,2.142,2.006,1.996,0.000,0.719,0.000,2134427,0,0,171256
10589,24.6053,2.027,2.211,2.201,0.000,0.379,0.000,2019304,0,0,171256
10590,24.6081,2.794,2.012,2.003,0.000,0.631,0.000,2776242,0,0,171256
10591,24.6106,2.828,2.142,2.133,0.000,0.369,0.000,2817076,0,0,171256
10592,24.6125,2.018,2.037,2.018,0.000,0.398,0.000,2010067,0,0,171352
10593,24.6153,1.802,2.787,2.775,0.000,0.703,0.000,1794289,0,0,171256
10594,24.6172,2.891,2.825,2.816,0.000,0.443,0.000,2884883,0,0,171256
10595,24.6192,1.962,2.017,2.009,0.000,0.300,0.000,1954714,0,0,171256
10596,24.6217,1.996,1.801,1.793,0.000,0.350,0.000,1988051,0,0,171256
10597,24.6237,2.553,2.892,2.884,0.000,0.737,0.000,2545319,0,0,171256
10598,24.6256,1.896,1.963,1.954,0.000,0.585,0.000,1887547,0,0,171256
10599,24.6274,1.826,1.996,1.987,0.000,0.374,0.000,1818091,0,0,171256
10600,24.6291,1.780,2.554,2.544,0.000,0.298,0.000,1772881,0,0,171256
10601,24.6309,1.754,1.895,1.886,0.000,0.356,0.000,1746908,0,0,171256
10602,24.6327,1.755,1.826,1.817,0.000,0.280,0.000,1747251,0,0,171256
10603,24.6346,1.915,1.780,1.772,0.000,0.288,0.000,1907452,0,0,171256
10604,24.6365,1.861,1.754,1.746,0.000,0.323,0.000,1852464,0,0,171256
10605,24.6385,1.939,1.755,1.746,0.000,0.305,0.000,1931361,0,0,171256
10606,24.6404,1.958,1.916,1.906,0.000,0.754,0.000,1949988,0,0,171256
10607,24.6457,2.006,1.860,1.851,0.000,0.474,0.000,1997813,0,0,171256
10608,24.6489,5.784,1.939,1.930,0.000,0.376,0.000,5776791,0,0,171256
10609,24.6524,3.943,1.958,1.949,0.000,0.716,0.000,3931950,0,0,171256
10610,24.6547,2.403,2.006,1.997,0.000,0.712,0.000,2391679,0,0,171256
10611,24.6567,2.091,5.789,5.775,0.000,0.437,0.000,2081923,0,0,171256
10612,24.6586,2.022,3.944,3.930,0.000,0.441,0.000,2013457,0,0,171256
10613,24.6607,1.921,2.400,2.389,0.000,0.361,0.000,1912648,0,0,171256
10614,24.6628,2.117,2.090,2.080,0.000,0.330,0.000,2109047,0,0,171256
10615,24.6649,2.165,2.022,2.012,0.000,0.453,0.000,2156720,0,0,171256
10616,24.6670,2.047,1.921,1.911,0.000,0.336,0.000,2034968,0,0,171256
10617,24.6690,2.054,2.118,2.108,0.000,0.396,0.000,2045952,0,0,171256
10618,24.6709,1.907,2.169,2.155,0.000,0.371,0.000,1899221,0,0,171256
10619,24.6728,1.913,2.043,2.033,0.000,0.313,0.000,1905073,0,0,171256
10620,24.6747,1.963,2.054,2.044,0.000,0.384,0.000,1954933,0,0,171256
10621,24.6767,1.880,1.907,1.898,0.000,0.703,0.000,1872367,0,0,171256
10622,24.6785,1.938,1.913,1.904,0.000,0.392,0.000,1930118,0,0,171352
10623,24.6815,2.817,1.963,1.954,0.000,0.365,0.000,2809655,0,0,171256
10624,24.6833,1.975,1.880,1.871,0.000,0.304,0.000,1967073,0,0,171256
10625,24.6851,1.808,1.938,1.929,0.000,0.724,0.000,1800124,0,0,171256
10626,24.6868,1.713,2.818,2.808,0.000,0.689,0.000,1705138,0,0,171256
10627,24.6885,1.715,1.975,1.966,0.000,0.631,0.000,1701891,0,0,171256
10628,24.6901,1.676,1.808,1.799,0.000,0.643,0.000,1668885,0,0,171256
10629,24.6919,1.710,1.718,1.704,0.000,0.614,0.000,1703726,0,0,171256
10630,24.6937,1.802,1.709,1.701,0.000,0.312,0.000,1794770,0,0,171256
10631,24.6954,1.733,1.676,1.668,0.000,0.291,0.000,1723433,0,0,171256
10632,24.6970,1.676,1.711,1.703,0.000,0.267,0.000,1669280,0,0,171256
10633,24.6987,1.642,1.804,1.794,0.000,0.257,0.000,1635055,0,0,171256
10634,24.7005,1.711,1.730,1.722,0.000,0.248,0.000,1704006,0,0,171256
10635,24.7022,1.768,1.676,1.668,0.000,0.333,0.000,1761001,0,0,171256
10636,24.7110,1.673,1.642,1.634,0.000,0.277,0.000,1665433,0,0,171256
10637,24.7131,9.086,1.711,1.703,0.000,0.339,0.000,9078858,0,0,171256
10638,24.7148,1.848,1.768,1.760,0.000,0.276,0.000,1837918,0,0,171256
10639,24.7165,1.701,1.672,1.664,0.000,0.647,0.000,1693471,0,0,171256
10640,24.7181,1.612,9.088,9.078,0.000,0.409,0.000,1605490,0,0,171256
10641,24.7197,1.603,1.845,1.837,0.000,0.267,0.000,1596759,0,0,171256
10642,24.7217,1.656,1.700,1.692,0.000,0.664,0.000,1650256,0,0,171256
10643,24.7234,2.048,1.612,1.604,0.000,0.600,0.000,2041464,0,0,171256
10644,24.7251,1.692,1.603,1.596,0.000,0.413,0.000,1684405,0,0,171256
10645,24.7269,1.743,1.657,1.649,0.000,0.274,0.000,1735731,0,0,171256
10646,24.7286,1.739,2.049,2.040,0.000,0.333,0.000,1731206,0,0,171256
10647,24.7304,1.746,1.692,1.683,0.000,0.343,0.000,1738525,0,0,171256
10648,24.7321,1.759,1.743,1.735,0.000,0.369,0.000,1752223,0,0,171256
10649,24.7339,1.753,1.738,1.730,0.000,0.316,0.000,1746320,0,0,171256
10650,24.7367,1.779,1.745,1.737,0.000,0.331,0.000,1772663,0,0,171256
10651,24.7388,2.977,1.759,1.751,0.000,0.291,0.000,2969846,0,0,171256
10652,24.7408,1.965,1.753,1.745,0.000,0.317,0.000,1957288,0,0,171352
10653,24.7426,1.951,1.780,1.772,0.000,0.380,0.000,1943464,0,0,171256
10654,24.7443,1.773,2.978,2.969,0.000,0.312,0.000,1765564,0,0,171256
10655,24.7461,1.759,1.964,1.956,0.000,0.706,0.000,1751572,0,0,171256
10656,24.7478,1.711,1.951,1.942,0.000,0.666,0.000,1710096,0,0,171256
10657,24.7495,1.708,1.773,1.764,0.000,0.634,0.000,1694683,0,0,171256
10658,24.7512,1.698,1.758,1.750,0.000,0.421,0.000,1690726,0,0,171256
10659,24.7529,1.686,1.718,1.709,0.000,0.276,0.000,1679196,0,0,171256
10660,24.7545,1.663,1.702,1.694,0.000,0.662,0.000,1655762,0,0,171256
10661,24.7561,1.596,1.698,1.690,0.000,0.600,0.000,1589718,0,0,171256
10662,24.7577,1.638,1.686,1.678,0.000,0.572,0.000,1631982,0,0,171256
10663,24.7593,1.627,1.662,1.655,0.000,0.285,0.000,1620412,0,0,171256
10664,24.7622,1.760,1.596,1.589,0.000,0.294,0.000,1752734,0,0,171256
10665,24.7640,2.773,1.639,1.631,0.000,0.244,0.000,2766351,0,0,171256
10666,24.7656,1.714,1.627,1.619,0.000,0.284,0.000,1706510,0,0,171256
10667,24.7673,1.671,1.759,1.752,0.000,0.275,0.000,1663615,0,0,171256
10668,24.7690,1.733,2.774,2.765,0.000,0.247,0.000,1726451,0,0,171256
10669,24.7707,1.698,1.714,1.705,0.000,0.454,0.000,1690932,0,0,171256
10670,24.7725,1.725,1.670,1.663,0.000,0.619,0.000,1718181,0,0,171256
10671,24.7742,1.755,1.733,1.725,0.000,0.610,0.000,1748922,0,0,171256
10672,24.7759,1.685,1.698,1.690,0.000,0.341,0.000,1678384,0,0,171256
10673,24.7775,1.621,1.725,1.717,0.000,0.337,0.000,1614422,0,0,171256
10674,24.7791,1.639,1.756,1.748,0.000,0.278,0.000,1632577,0,0,171256
10675,24.7809,1.649,1.685,1.677,0.000,0.264,0.000,1642766,0,0,171256
10676,24.7825,1.739,1.621,1.613,0.000,0.271,0.000,1732655,0,0,171256
10677,24.7841,1.641,1.639,1.631,0.000,0.277,0.000,1634478,0,0,171256
10678,24.7867,1.582,1.649,1.642,0.000,0.289,0.000,1581373,0,0,171256
10679,24.7884,2.620,1.739,1.732,0.000,0.267,0.000,2608272,0,0,171256
10680,24.7900,1.643,1.641,1.633,0.000,0.269,0.000,1636046,0,0,171256
10681,24.7917,1.675,1.588,1.580,0.000,0.300,0.000,1669462,0,0,190587
10682,24.7933,1.637,2.615,2.607,0.000,0.606,0.000,1629754,0,0,171352
10683,24.7948,1.540,1.642,1.635,0.000,0.311,0.000,1533331,0,0,171256
10684,24.7964,1.544,1.676,1.668,0.000,0.237,0.000,1537259,0,0,171256
10685,24.7982,1.613,1.636,1.629,0.000,0.252,0.000,1606330,0,0,171256
10686,24.7998,1.807,1.540,1.532,0.000,0.240,0.000,1800722,0,0,171256
10687,24.8016,1.595,1.544,1.536,0.000,0.245,0.000,1588596,0,0,171256
10688,24.8032,1.786,1.613,1.605,0.000,0.248,0.000,1778732,0,0,171256
10689,24.8048,1.584,1.807,1.800,0.000,0.475,0.000,1576816,0,0,171256
10690,24.8063,1.590,1.596,1.587,0.000,0.259,0.000,1583208,0,0,171256
10691,24.8080,1.586,1.785,1.778,0.000,0.312,0.000,1578988,0,0,171256
10692,24.8107,1.679,1.583,1.576,0.000,0.316,0.000,1672428,0,0,171256
10693,24.8127,2.860,1.590,1.582,0.000,0.549,0.000,2853544,0,0,171256
10694,24.8151,2.037,1.585,1.578,0.000,0.615,0.000,2028490,0,0,171256
10695,24.8172,2.472,1.680,1.671,0.000,0.473,0.000,2462941,0,0,171256
10696,24.8192,2.050,2.862,2.852,0.000,0.793,0.000,2041368,0,0,171256
10697,24.8215,1.953,2.037,2.027,0.000,0.411,0.000,1943919,0,0,171256
10698,24.8233,2.223,2.471,2.462,0.000,0.385,0.000,2214578,0,0,171256
10699,24.8251,1.803,2.050,2.040,0.000,0.331,0.000,1795765,0,0,171256
10700,24.8268,1.704,1.952,1.943,0.000,0.331,0.000,1696240,0,0,171256
10701,24.8286,1.674,2.222,2.213,0.000,0.483,0.000,1660904,0,0,171256
10702,24.8303,1.873,1.803,1.795,0.000,0.452,0.000,1866408,0,0,171256
10703,24.8319,1.658,1.710,1.695,0.000,0.439,0.000,1651302,0,0,171256
10704,24.8336,1.647,1.668,1.660,0.000,0.438,0.000,1639774,0,0,171256
10705,24.8352,1.639,1.873,1.865,0.000,0.426,0.000,1631864,0,0,171256
10706,24.8378,1.609,1.658,1.650,0.000,0.449,0.000,1601497,0,0,171256
10707,24.8396,2.700,1.647,1.639,0.000,0.424,0.000,2693699,0,0,171256
10708,24.8413,1.689,1.639,1.631,0.000,0.375,0.000,1681963,0,0,171256
10709,24.8430,1.817,1.608,1.600,0.000,0.318,0.000,1810598,0,0,171256
10710,24.8446,1.598,2.701,2.693,0.000,0.271,0.000,1591081,0,0,171256
10711,24.8462,1.572,1.689,1.681,0.000,0.259,0.000,1565902,0,0,171256
10712,24.8478,1.607,1.818,1.810,0.000,0.244,0.000,1599808,0,0,171352
10713,24.8494,1.539,1.598,1.590,0.000,0.241,0.000,1532439,0,0,171256
10714,24.8518,1.912,1.573,1.565,0.000,0.239,0.000,1906173,0,0,171256
10715,24.8544,2.617,1.606,1.599,0.000,0.264,0.000,2607671,0,0,171256
10716,24.8561,2.237,1.539,1.531,0.000,0.245,0.000,2226566,0,0,171256
10717,24.8576,1.528,1.917,1.905,0.000,0.296,0.000,1520310,0,0,171256
10718,24.8592,1.577,2.618,2.605,0.000,0.607,0.000,1570562,0,0,171256
10719,24.8612,1.572,2.233,2.225,0.000,0.570,0.000,1565351,0,0,171256
10720,24.8638,2.024,1.526,1.519,0.000,0.625,0.000,2017942,0,0,171256
10721,24.8656,2.674,1.577,1.570,0.000,0.476,0.000,2666550,0,0,171256
10722,24.8672,1.714,1.572,1.564,0.000,0.313,0.000,1706603,0,0,171256
10723,24.8687,1.571,2.025,2.017,0.000,0.311,0.000,1564253,0,0,171256
10724,24.8703,1.563,2.674,2.665,0.000,0.606,0.000,1556307,0,0,171256
10725,24.8719,1.588,1.713,1.705,0.000,0.417,0.000,1581535,0,0,171256
10726,24.8735,1.624,1.570,1.563,0.000,0.271,0.000,1616586,0,0,171256
10727,24.8752,1.605,1.563,1.555,0.000,0.285,0.000,1598279,0,0,171256
10728,24.8769,1.708,1.589,1.580,0.000,0.344,0.000,1702074,0,0,171256
10729,24.8788,1.811,1.623,1.615,0.000,0.366,0.000,1804556,0,0,171256
10730,24.8807,1.824,1.605,1.597,0.000,0.317,0.000,1817226,0,0,171256
10731,24.8823,1.813,1.709,1.701,0.000,0.309,0.000,1806136,0,0,171256
10732,24.8840,1.642,1.811,1.803,0.000,0.315,0.000,1634834,0,0,171256
10733,24.8856,1.653,1.824,1.816,0.000,0.580,0.000,1646277,0,0,171256
10734,24.8882,1.606,1.813,1.805,0.000,0.302,0.000,1599312,0,0,171256
10735,24.8900,2.696,1.642,1.634,0.000,0.295,0.000,2689668,0,0,171256
10736,24.8916,1.685,1.653,1.645,0.000,0.334,0.000,1677826,0,0,171256
10737,24.8932,1.580,1.606,1.598,0.000,0.676,0.000,1573925,0,0,171256
10738,24.8947,1.592,2.696,2.689,0.000,0.619,0.000,1585960,0,0,171256
10739,24.8963,1.597,1.684,1.677,0.000,0.334,0.000,1590433,0,0,171256
10740,24.8979,1.559,1.580,1.573,0.000,0.291,0.000,1552181,0,0,171256
10741,24.8996,1.584,1.592,1.585,0.000,0.592,0.000,1577856,0,0,171256
10742,24.9013,1.655,1.597,1.589,0.000,0.440,0.000,1648232,0,0,171352
10743,24.9029,1.736,1.559,1.551,0.000,0.253,0.000,1730068,0,0,171256
10744,24.9045,1.621,1.584,1.577,0.000,0.292,0.000,1613615,0,0,171256
10745,24.9062,1.608,1.655,1.647,0.000,0.327,0.000,1601394,0,0,171256
10746,24.9078,1.685,1.737,1.729,0.000,0.290,0.000,1678673,0,0,171256
10747,24.9096,1.704,1.620,1.612,0.000,0.281,0.000,1697356,0,0,171256
10748,24.9123,1.714,1.608,1.600,0.000,0.642,0.000,1707128,0,0,171256
10749,24.9141,2.737,1.685,1.677,0.000,0.584,0.000,2730051,0,0,171256
10750,24.9158,1.823,1.704,1.696,0.000,0.327,0.000,1815655,0,0,171256
10751,24.9180,2.002,1.714,1.706,0.000,0.325,0.000,1995697,0,0,171256
10752,24.9199,1.954,2.738,2.729,0.000,0.336,0.000,1947283,0,0,171256
10753,24.9220,1.977,1.822,1.814,0.000,0.373,0.000,1968492,0,0,171256
10754,24.9238,1.976,2.003,1.995,0.000,0.563,0.000,1968429,0,0,171256
10755,24.9255,1.709,1.956,1.946,0.000,0.519,0.000,1700484,0,0,171256
10756,24.9272,1.740,1.983,1.967,0.000,0.613,0.000,1733669,0,0,171256
10757,24.9290,1.790,1.969,1.960,0.000,0.492,0.000,1782397,0,0,171256
10758,24.9306,1.655,1.707,1.699,0.000,0.580,0.000,1648248,0,0,171256
10759,24.9323,1.627,1.741,1.733,0.000,0.655,0.000,1621076,0,0,171256
10760,24.9342,1.873,1.789,1.781,0.000,0.602,0.000,1866733,0,0,171256
10761,24.9358,1.704,1.654,1.647,0.000,0.330,0.000,1693904,0,0,171256
10762,24.9384,1.622,1.628,1.620,0.000,0.299,0.000,1615115,0,0,171256
10763,24.9401,2.599,1.878,1.866,0.000,0.253,0.000,2592793,0,0,171256
10764,24.9418,1.644,1.699,1.691,0.000,0.230,0.000,1637214,0,0,171256
10765,24.9434,1.723,1.622,1.614,0.000,0.325,0.000,1716016,0,0,171256
10766,24.9450,1.614,2.600,2.592,0.000,0.255,0.000,1607373,0,0,171256
10767,24.9465,1.548,1.644,1.636,0.000,0.248,0.000,1541008,0,0,171256
10768,24.9482,1.675,1.723,1.715,0.000,0.247,0.000,1668574,0,0,171256
10769,24.9499,1.672,1.614,1.606,0.000,0.232,0.000,1665269,0,0,171256
10770,24.9515,1.655,1.547,1.540,0.000,0.348,0.000,1648193,0,0,171256
10771,24.9531,1.581,1.676,1.667,0.000,0.277,0.000,1574019,0,0,171256
10772,24.9547,1.617,1.672,1.664,0.000,0.246,0.000,1610328,0,0,171352
10773,24.9563,1.576,1.655,1.647,0.000,0.254,0.000,1570054,0,0,171256
10774,24.9579,1.564,1.581,1.573,0.000,0.254,0.000,1557506,0,0,171256
10775,24.9594,1.560,1.617,1.609,0.000,0.234,0.000,1553486,0,0,171256
10776,24.9621,1.567,1.577,1.569,0.000,0.231,0.000,1560057,0,0,171256
10777,24.9639,2.820,1.564,1.556,0.000,0.242,0.000,2812976,0,0,171256
10778,24.9656,1.735,1.560,1.552,0.000,0.415,0.000,1727888,0,0,171256
10779,24.9672,1.629,1.567,1.559,0.000,0.313,0.000,1621680,0,0,171256
10780,24.9688,1.581,2.820,2.812,0.000,0.256,0.000,1574616,0,0,171256
10781,24.9703,1.594,1.735,1.727,0.000,0.603,0.000,1587242,0,0,171256
10782,24.9719,1.555,1.628,1.621,0.000,0.355,0.000,1547981,0,0,171256
10783,24.9734,1.528,1.581,1.573,0.000,0.251,0.000,1521585,0,0,171256
10784,24.9750,1.548,1.594,1.586,0.000,0.254,0.000,1542084,0,0,171256
10785,24.9766,1.578,1.555,1.547,0.000,0.221,0.000,1571060,0,0,171256
10786,24.9781,1.600,1.528,1.520,0.000,0.593,0.000,1593398,0,0,171256
10787,24.9796,1.512,1.549,1.541,0.000,0.570,0.000,1505565,0,0,171256
10788,24.9813,1.526,1.578,1.570,0.000,0.433,0.000,1520489,0,0,171256
10789,24.9829,1.735,1.600,1.592,0.000,0.281,0.000,1728602,0,0,171256
10790,24.9855,1.563,1.512,1.505,0.000,0.256,0.000,1556753,0,0,171256
10791,24.9871,2.568,1.527,1.519,0.000,0.256,0.000,2561876,0,0,171256
10792,24.9887,1.613,1.735,1.727,0.000,0.251,0.000,1605586,0,0,171256
10793,24.9903,1.581,1.563,1.556,0.000,0.595,0.000,1574418,0,0,171256
10794,24.9918,1.576,2.569,2.561,0.000,0.324,0.000,1569289,0,0,171256
10795,24.9933,1.526,1.612,1.604,0.000,0.251,0.000,1519043,0,0,171256
10796,24.9949,1.528,1.581,1.573,0.000,0.238,0.000,1521624,0,0,171256
10797,24.9964,1.538,1.576,1.568,0.000,0.221,0.000,1532382,0,0,171816
10798,24.9981,1.632,1.525,1.518,0.000,0.244,0.000,1625972,0,0,171312
10799,24.9997,1.614,1.528,1.521,0.000,0.396,0.000,1607427,0,0,171256
10800,25.0015,1.637,1.539,1.531,0.000,0.373,0.000,1629722,0,0,171256
10801,25.0033,1.867,1.633,1.625,0.000,0.351,0.000,1860619,0,0,190587
10802,25.0050,1.733,1.614,1.606,0.000,0.244,0.000,1724954,0,0,171352
10803,25.0067,1.670,1.637,1.629,0.000,0.325,0.000,1663942,0,0,171256
10804,25.0095,1.779,1.869,1.859,0.000,0.316,0.000,1771424,0,0,171256
10805,25.0114,2.871,1.732,1.724,0.000,0.305,0.000,2863811,0,0,171256
10806,25.0132,1.844,1.672,1.663,0.000,0.294,0.000,1835762,0,0,171256
10807,25.0150,1.783,1.779,1.770,0.000,0.335,0.000,1775406,0,0,171256
10808,25.0167,1.786,2.872,2.863,0.000,0.278,0.000,1777309,0,0,171256
10809,25.0185,1.763,1.843,1.835,0.000,0.289,0.000,1755192,0,0,171256
10810,25.0202,1.732,1.784,1.774,0.000,0.252,0.000,1725066,0,0,171256
10811,25.0221,1.716,1.785,1.776,0.000,0.250,0.000,1708802,0,0,171256
10812,25.0238,1.853,1.762,1.754,0.000,0.265,0.000,1845964,0,0,171256
10813,25.0255,1.752,1.732,1.724,0.000,0.284,0.000,1737623,0,0,171256
10814,25.0272,1.660,1.716,1.708,0.000,0.691,0.000,1653445,0,0,171256
10815,25.0288,1.645,1.861,1.845,0.000,0.638,0.000,1638054,0,0,171256
10816,25.0304,1.630,1.744,1.736,0.000,0.598,0.000,1623039,0,0,171256
10817,25.0320,1.595,1.660,1.652,0.000,0.606,0.000,1588689,0,0,171256
10818,25.0346,1.614,1.645,1.637,0.000,0.596,0.000,1607261,0,0,171256
10819,25.0363,2.636,1.629,1.622,0.000,0.323,0.000,2628879,0,0,171256
10820,25.0379,1.644,1.596,1.588,0.000,0.242,0.000,1636780,0,0,171256
10821,25.0395,1.586,1.614,1.606,0.000,0.258,0.000,1579113,0,0,171256
10822,25.0412,1.585,2.636,2.628,0.000,0.234,0.000,1578858,0,0,171256
10823,25.0428,1.743,1.644,1.636,0.000,0.218,0.000,1736340,0,0,171256
10824,25.0444,1.585,1.586,1.578,0.000,0.255,0.000,1577800,0,0,171256
10825,25.0460,1.580,1.585,1.578,0.000,0.251,0.000,1573167,0,0,171256
10826,25.0475,1.577,1.743,1.735,0.000,0.237,0.000,1570833,0,0,171256
10827,25.0491,1.570,1.585,1.577,0.000,0.217,0.000,1563697,0,0,171256
10828,25.0506,1.539,1.580,1.572,0.000,0.618,0.000,1532904,0,0,171256
10829,25.0522,1.540,1.578,1.570,0.000,0.570,0.000,1534193,0,0,171256
10830,25.0537,1.570,1.570,1.563,0.000,0.551,0.000,1563209,0,0,171256
10831,25.0553,1.551,1.539,1.532,0.000,0.613,0.000,1544877,0,0,171256
10832,25.0579,1.586,1.541,1.533,0.000,0.438,0.000,1579784,0,0,171352
10833,25.0596,2.607,1.570,1.562,0.000,0.286,0.000,2600613,0,0,171256
10834,25.0613,1.696,1.551,1.544,0.000,0.255,0.000,1688799,0,0,171256
10835,25.0629,1.712,1.586,1.579,0.000,0.262,0.000,1705200,0,0,171256
10836,25.0644,1.560,2.608,2.599,0.000,0.246,0.000,1552339,0,0,171256
10837,25.0660,1.551,1.696,1.688,0.000,0.587,0.000,1544148,0,0,171256
10838,25.0676,1.573,1.712,1.704,0.000,0.303,0.000,1566646,0,0,171256
10839,25.0692,1.605,1.559,1.551,0.000,0.305,0.000,1597797,0,0,171256
10840,25.0708,1.617,1.550,1.543,0.000,0.379,0.000,1610518,0,0,171256
10841,25.0724,1.549,1.574,1.566,0.000,0.583,0.000,1542639,0,0,171256
10842,25.0739,1.597,1.604,1.597,0.000,0.559,0.000,1590410,0,0,171256
10843,25.0755,1.541,1.617,1.609,0.000,0.263,0.000,1534335,0,0,171256
10844,25.0770,1.545,1.549,1.542,0.000,0.240,0.000,1537532,0,0,171256
10845,25.0786,1.550,1.597,1.589,0.000,0.281,0.000,1543023,0,0,171256
10846,25.0805,1.695,1.542,1.533,0.000,0.262,0.000,1688630,0,0,171256
10847,25.0833,2.765,1.544,1.536,0.000,0.247,0.000,2754515,0,0,171256
10848,25.0849,1.849,1.549,1.542,0.000,0.256,0.000,1841586,0,0,171256
10849,25.0865,1.596,1.700,1.688,0.000,0.292,0.000,1588747,0,0,171256
10850,25.0881,1.585,2.760,2.752,0.000,0.269,0.000,1579255,0,0,171256
10851,25.0897,1.608,1.848,1.840,0.000,0.246,0.000,1601744,0,0,171256
10852,25.0913,1.595,1.595,1.588,0.000,0.224,0.000,1588824,0,0,171256
10853,25.0930,1.649,1.585,1.578,0.000,0.249,0.000,1642538,0,0,171256
10854,25.0946,1.691,1.608,1.601,0.000,0.228,0.000,1684801,0,0,171256
10855,25.0963,1.607,1.595,1.588,0.000,0.281,0.000,1600712,0,0,171256
10856,25.0980,1.692,1.649,1.641,0.000,0.266,0.000,1685161,0,0,171256
10857,25.0996,1.628,1.691,1.684,0.000,0.247,0.000,1621439,0,0,171256
10858,25.1013,1.648,1.608,1.600,0.000,0.283,0.000,1641174,0,0,171256
10859,25.1030,1.707,1.692,1.684,0.000,0.539,0.000,1700638,0,0,171256
10860,25.1045,1.612,1.628,1.620,0.000,0.271,0.000,1604567,0,0,171256
10861,25.1071,1.568,1.648,1.640,0.000,0.247,0.000,1561183,0,0,171256
10862,25.1088,2.653,1.708,1.700,0.000,0.225,0.000,2646540,0,0,171352
10863,25.1103,1.579,1.611,1.603,0.000,0.225,0.000,1572174,0,0,171256
10864,25.1119,1.582,1.568,1.560,0.000,0.266,0.000,1575180,0,0,171256
10865,25.1135,1.591,2.653,2.645,0.000,0.302,0.000,1583827,0,0,171256
10866,25.1151,1.617,1.579,1.571,0.000,0.623,0.000,1610530,0,0,171256
10867,25.1167,1.561,1.582,1.574,0.000,0.289,0.000,1554318,0,0,171256
10868,25.1182,1.557,1.590,1.583,0.000,0.242,0.000,1550795,0,0,171256
10869,25.1198,1.543,1.617,1.609,0.000,0.246,0.000,1536689,0,0,171256
10870,25.1214,1.541,1.561,1.553,0.000,0.240,0.000,1534177,0,0,171256
10871,25.1230,1.660,1.557,1.550,0.000,0.241,0.000,1653405,0,0,171256
10872,25.1245,1.554,1.543,1.536,0.000,0.308,0.000,1547485,0,0,171256
10873,25.1260,1.518,1.541,1.533,0.000,0.255,0.000,1511497,0,0,171256
10874,25.1276,1.543,1.660,1.652,0.000,0.238,0.000,1537286,0,0,171256
10875,25.1301,1.532,1.554,1.546,0.000,0.223,0.000,1525407,0,0,171256
10876,25.1320,2.709,1.518,1.510,0.000,0.226,0.000,2701916,0,0,171256
10877,25.1338,1.875,1.544,1.536,0.000,0.228,0.000,1866366,0,0,171256
10878,25.1356,1.781,1.532,1.524,0.000,0.678,0.000,1773512,0,0,171256
10879,25.1373,1.755,2.710,2.701,0.000,0.669,0.000,1747570,0,0,171256
10880,25.1390,1.700,1.887,1.865,0.000,0.662,0.000,1693162,0,0,171256
10881,25.1408,1.646,1.768,1.759,0.000,0.520,0.000,1639105,0,0,171256
10882,25.1425,1.884,1.754,1.746,0.000,0.280,0.000,1877221,0,0,171256
10883,25.1442,1.680,1.700,1.692,0.000,0.310,0.000,1672182,0,0,171256
10884,25.1458,1.642,1.646,1.638,0.000,0.273,0.000,1634987,0,0,171256
10885,25.1474,1.633,1.885,1.876,0.000,0.273,0.000,1626218,0,0,171256
10886,25.1490,1.585,1.679,1.671,0.000,0.252,0.000,1578986,0,0,171256
10887,25.1507,1.629,1.642,1.634,0.000,0.317,0.000,1623130,0,0,171256
10888,25.1523,1.650,1.633,1.625,0.000,0.249,0.000,1642470,0,0,171256
10889,25.1571,1.589,1.585,1.578,0.000,0.632,0.000,1582857,0,0,171256
10890,25.1596,5.242,1.630,1.622,0.000,0.583,0.000,5236328,0,0,171256
10891,25.1623,2.956,1.649,1.641,0.000,0.370,0.000,2945997,0,0,171256
10892,25.1640,1.906,1.589,1.582,0.000,0.370,0.000,1896432,0,0,171352
10893,25.1656,1.634,5.247,5.235,0.000,0.279,0.000,1626195,0,0,171256
10894,25.1672,1.596,2.955,2.945,0.000,0.250,0.000,1588846,0,0,171256
10895,25.1689,1.641,1.903,1.894,0.000,0.240,0.000,1634751,0,0,171256
10896,25.1707,1.771,1.634,1.625,0.000,0.269,0.000,1764115,0,0,171256
10897,25.1724,1.700,1.596,1.588,0.000,0.323,0.000,1693123,0,0,171256
10898,25.1743,1.804,1.642,1.634,0.000,0.513,0.000,1797478,0,0,171256
10899,25.1761,1.862,1.771,1.763,0.000,0.431,0.000,1854048,0,0,171256
10900,25.1780,1.851,1.700,1.692,0.000,0.657,0.000,1843779,0,0,171256
10901,25.1799,1.907,1.805,1.796,0.000,0.661,0.000,1899024,0,0,171256
10902,25.1817,1.771,1.861,1.853,0.000,0.668,0.000,1764318,0,0,171256
10903,25.1836,1.901,1.851,1.843,0.000,0.501,0.000,1893880,0,0,171256
10904,25.1855,1.884,1.906,1.898,0.000,0.674,0.000,1876649,0,0,171256
10905,25.1888,3.112,1.771,1.763,0.000,0.332,0.000,3104548,0,0,171256
10906,25.1909,2.239,1.902,1.893,0.000,0.320,0.000,2229357,0,0,171256
10907,25.1930,2.128,1.884,1.875,0.000,0.784,0.000,2117394,0,0,171256
10908,25.1951,2.066,3.114,3.103,0.000,0.397,0.000,2057398,0,0,171256
10909,25.1970,1.954,2.240,2.228,0.000,0.702,0.000,1945776,0,0,171256
10910,25.1988,1.843,2.126,2.116,0.000,0.746,0.000,1835505,0,0,171256
10911,25.2006,1.759,2.065,2.056,0.000,0.471,0.000,1751224,0,0,171256
10912,25.2023,1.805,1.954,1.945,0.000,0.275,0.000,1796948,0,0,171256
10913,25.2040,1.703,1.843,1.834,0.000,0.255,0.000,1695166,0,0,171256
10914,25.2057,1.771,1.759,1.750,0.000,0.240,0.000,1763034,0,0,171256
10915,25.2075,1.720,1.805,1.796,0.000,0.505,0.000,1713639,0,0,171256
10916,25.2092,1.754,1.703,1.694,0.000,0.335,0.000,1746099,0,0,171256
10917,25.2109,1.693,1.770,1.762,0.000,0.315,0.000,1686215,0,0,171256
10918,25.2135,1.624,1.721,1.712,0.000,0.301,0.000,1617946,0,0,171256
10919,25.2153,2.733,1.753,1.745,0.000,0.282,0.000,2726858,0,0,171256
10920,25.2170,1.786,1.693,1.685,0.000,0.257,0.000,1778048,0,0,171256
10921,25.2188,1.719,1.625,1.617,0.000,0.298,0.000,1709264,0,0,190587
10922,25.2206,1.731,2.734,2.726,0.000,0.670,0.000,1718276,0,0,171352
10923,25.2222,1.759,1.788,1.777,0.000,0.308,0.000,1751916,0,0,171256
10924,25.2238,1.581,1.722,1.708,0.000,0.239,0.000,1573748,0,0,171256
10925,25.2254,1.632,1.725,1.717,0.000,0.251,0.000,1625408,0,0,171256
10926,25.2270,1.588,1.759,1.751,0.000,0.257,0.000,1580655,0,0,171256
10927,25.2286,1.561,1.581,1.573,0.000,0.633,0.000,1554692,0,0,171256
10928,25.2301,1.556,1.632,1.624,0.000,0.293,0.000,1549912,0,0,171256
10929,25.2318,1.569,1.587,1.579,0.000,0.234,0.000,1563135,0,0,171256
10930,25.2334,1.662,1.561,1.554,0.000,0.237,0.000,1655202,0,0,171256
10931,25.2350,1.649,1.556,1.549,0.000,0.630,0.000,1642435,0,0,171256
10932,25.2378,1.623,1.570,1.562,0.000,0.623,0.000,1615881,0,0,171256
10933,25.2397,2.916,1.662,1.654,0.000,0.376,0.000,2910062,0,0,171256
10934,25.2416,1.871,1.649,1.641,0.000,0.254,0.000,1863105,0,0,171256
10935,25.2433,1.850,1.622,1.615,0.000,0.303,0.000,1842245,0,0,171256
10936,25.2449,1.637,2.918,2.909,0.000,0.608,0.000,1629507,0,0,171256
10937,25.2465,1.581,1.871,1.862,0.000,0.592,0.000,1573726,0,0,171256
10938,25.2481,1.610,1.849,1.841,0.000,0.615,0.000,1602876,0,0,171256
10939,25.2497,1.563,1.636,1.628,0.000,0.335,0.000,1557007,0,0,171256
10940,25.2513,1.585,1.580,1.573,0.000,0.233,0.000,1578075,0,0,171256
10941,25.2529,1.581,1.609,1.602,0.000,0.239,0.000,1574481,0,0,171256
10942,25.2545,1.639,1.564,1.556,0.000,0.305,0.000,1632146,0,0,171256
10943,25.2561,1.643,1.585,1.577,0.000,0.256,0.000,1635787,0,0,171256
10944,25.2579,1.660,1.581,1.573,0.000,0.261,0.000,1653319,0,0,171256
10945,25.2598,1.926,1.639,1.631,0.000,0.261,0.000,1918688,0,0,171256
10946,25.2629,1.801,1.643,1.635,0.000,0.652,0.000,1790676,0,0,171256
10947,25.2647,3.116,1.661,1.652,0.000,0.677,0.000,3109696,0,0,171256
10948,25.2664,1.703,1.929,1.917,0.000,0.498,0.000,1695182,0,0,171256
10949,25.2682,1.742,1.797,1.789,0.000,0.514,0.000,1734661,0,0,171256
10950,25.2700,1.821,3.117,3.109,0.000,0.590,0.000,1814218,0,0,171256
10951,25.2717,1.756,1.702,1.694,0.000,0.609,0.000,1748861,0,0,171256
10952,25.2734,1.769,1.742,1.734,0.000,0.373,0.000,1761430,0,0,171352
10953,25.2751,1.645,1.821,1.813,0.000,0.326,0.000,1638554,0,0,171256
10954,25.2767,1.636,1.756,1.748,0.000,0.604,0.000,1629682,0,0,171256
10955,25.2783,1.626,1.768,1.760,0.000,0.576,0.000,1619012,0,0,171256
10956,25.2799,1.612,1.645,1.638,0.000,0.579,0.000,1605505,0,0,171256
10957,25.2818,1.658,1.636,1.628,0.000,0.331,0.000,1651933,0,0,171256
10958,25.2835,1.845,1.626,1.618,0.000,0.249,0.000,1837592,0,0,171256
10959,25.2852,1.710,1.612,1.604,0.000,0.306,0.000,1702440,0,0,171256
10960,25.2880,1.774,1.659,1.651,0.000,0.320,0.000,1767536,0,0,171256
10961,25.2899,2.772,1.845,1.836,0.000,0.638,0.000,2765818,0,0,171256
10962,25.2916,1.820,1.709,1.701,0.000,0.571,0.000,1812936,0,0,171256
10963,25.2933,1.701,1.774,1.766,0.000,0.578,0.000,1693817,0,0,171256
10964,25.2950,1.697,2.773,2.765,0.000,0.570,0.000,1690333,0,0,171256
10965,25.2967,1.716,1.820,1.812,0.000,0.621,0.000,1708724,0,0,171256
10966,25.2984,1.712,1.701,1.693,0.000,0.607,0.000,1704757,0,0,171256
10967,25.3001,1.683,1.697,1.689,0.000,0.523,0.000,1675896,0,0,171256
10968,25.3019,1.694,1.716,1.708,0.000,0.286,0.000,1687716,0,0,171256
10969,25.3036,1.831,1.712,1.704,0.000,0.266,0.000,1824113,0,0,171256
10970,25.3054,1.750,1.683,1.675,0.000,0.618,0.000,1742633,0,0,171256
10971,25.3071,1.715,1.695,1.687,0.000,0.576,0.000,1708110,0,0,171256
10972,25.3088,1.720,1.831,1.823,0.000,0.286,0.000,1712559,0,0,171256
10973,25.3105,1.693,1.750,1.742,0.000,0.456,0.000,1680890,0,0,171256
10974,25.3130,1.628,1.715,1.707,0.000,0.659,0.000,1621152,0,0,171256
10975,25.3148,2.649,1.725,1.711,0.000,0.601,0.000,2642305,0,0,171256
10976,25.3166,1.804,1.687,1.680,0.000,0.581,0.000,1797195,0,0,171256
10977,25.3184,1.762,1.628,1.620,0.000,0.640,0.000,1754034,0,0,171256
10978,25.3200,1.744,2.649,2.641,0.000,0.349,0.000,1736826,0,0,171256
10979,25.3218,1.667,1.805,1.796,0.000,0.270,0.000,1659365,0,0,171256
10980,25.3235,1.763,1.761,1.753,0.000,0.250,0.000,1756742,0,0,171256
10981,25.3252,1.677,1.744,1.736,0.000,0.265,0.000,1670283,0,0,171256
10982,25.3268,1.708,1.666,1.658,0.000,0.260,0.000,1700571,0,0,171352
10983,25.3285,1.633,1.764,1.756,0.000,0.246,0.000,1626291,0,0,171256
10984,25.3302,1.688,1.677,1.669,0.000,0.248,0.000,1681357,0,0,171256
10985,25.3318,1.602,1.708,1.699,0.000,0.252,0.000,1595089,0,0,171256
10986,25.3334,1.660,1.633,1.625,0.000,0.263,0.000,1654020,0,0,171256
10987,25.3352,1.737,1.688,1.680,0.000,0.248,0.000,1729954,0,0,171256
10988,25.3378,1.661,1.601,1.594,0.000,0.234,0.000,1653861,0,0,171256
10989,25.3398,2.961,1.661,1.653,0.000,0.245,0.000,2954002,0,0,171256
10990,25.3418,1.640,1.737,1.729,0.000,0.241,0.000,1633333,0,0,171256
10991,25.3434,2.020,1.661,1.653,0.000,0.267,0.000,2013134,0,0,171256
10992,25.3451,1.682,2.961,2.953,0.000,0.475,0.000,1675068,0,0,171256
10993,25.3468,1.612,1.640,1.632,0.000,0.593,0.000,1602764,0,0,171256
10994,25.3484,1.702,2.020,2.012,0.000,0.611,0.000,1695692,0,0,171256
10995,25.3500,1.557,1.684,1.674,0.000,0.386,0.000,1550635,0,0,171256
10996,25.3516,1.617,1.609,1.602,0.000,0.587,0.000,1611211,0,0,171256
10997,25.3534,1.668,1.702,1.695,0.000,0.346,0.000,1662129,0,0,171256
10998,25.3552,1.875,1.557,1.550,0.000,0.262,0.000,1868521,0,0,171256
10999,25.3570,1.772,1.617,1.610,0.000,0.589,0.000,1765123,0,0,171256
11000,25.3586,1.683,1.669,1.661,0.000,0.618,0.000,1675721,0,0,171256
11001,25.3603,1.689,1.876,1.867,0.000,0.630,0.000,1682103,0,0,171256
11002,25.3634,1.699,1.772,1.764,0.000,0.345,0.000,1691730,0,0,171256
11003,25.3652,3.106,1.683,1.675,0.000,0.275,0.000,3099021,0,0,171256
11004,25.3669,1.774,1.689,1.681,0.000,0.488,0.000,1766503,0,0,171256
11005,25.3685,1.634,1.699,1.691,0.000,0.322,0.000,1627562,0,0,171256
11006,25.3701,1.585,3.107,3.098,0.000,0.320,0.000,1577940,0,0,171256
11007,25.3716,1.553,1.773,1.765,0.000,0.250,0.000,1546560,0,0,171256
11008,25.3732,1.592,1.635,1.626,0.000,0.241,0.000,1585295,0,0,171256
11009,25.3749,1.599,1.585,1.577,0.000,0.230,0.000,1592169,0,0,171256
11010,25.3765,1.617,1.553,1.545,0.000,0.600,0.000,1610200,0,0,171256
11011,25.3781,1.633,1.592,1.584,0.000,0.397,0.000,1626170,0,0,171256
11012,25.3797,1.612,1.599,1.591,0.000,0.289,0.000,1605811,0,0,171352
11013,25.3814,1.569,1.617,1.609,0.000,0.258,0.000,1562339,0,0,171256
11014,25.3830,1.759,1.633,1.625,0.000,0.248,0.000,1752276,0,0,171256
11015,25.3846,1.613,1.612,1.605,0.000,0.240,0.000,1605702,0,0,171256
11016,25.3872,1.577,1.569,1.561,0.000,0.280,0.000,1571044,0,0,171256
11017,25.3892,2.843,1.759,1.751,0.000,0.242,0.000,2837101,0,0,171256
11018,25.3911,1.938,1.612,1.604,0.000,0.322,0.000,1930124,0,0,171256
11019,25.3928,1.770,1.577,1.570,0.000,0.312,0.000,1762452,0,0,171256
11020,25.3945,1.705,2.845,2.836,0.000,0.308,0.000,1697909,0,0,171256
11021,25.3961,1.661,1.937,1.929,0.000,0.339,0.000,1654087,0,0,171256
11022,25.3978,1.661,1.770,1.761,0.000,0.262,0.000,1654573,0,0,171256
11023,25.3994,1.634,1.705,1.697,0.000,0.309,0.000,1627144,0,0,171256
11024,25.4012,1.653,1.661,1.653,0.000,0.263,0.000,1643151,0,0,171256
11025,25.4028,1.689,1.661,1.653,0.000,0.309,0.000,1682321,0,0,171256
11026,25.4044,1.633,1.637,1.626,0.000,0.267,0.000,1626182,0,0,171256
11027,25.4060,1.590,1.649,1.642,0.000,0.253,0.000,1583513,0,0,171256
11028,25.4076,1.622,1.689,1.681,0.000,0.286,0.000,1615242,0,0,171256
11029,25.4092,1.611,1.632,1.625,0.000,0.608,0.000,1604319,0,0,171256
11030,25.4118,1.639,1.590,1.582,0.000,0.321,0.000,1633015,0,0,171256
11031,25.4136,2.620,1.622,1.614,0.000,0.299,0.000,2612898,0,0,171256
11032,25.4153,1.765,1.611,1.603,0.000,0.336,0.000,1758146,0,0,171256
11033,25.4172,1.771,1.640,1.632,0.000,0.646,0.000,1764058,0,0,171256
11034,25.4190,1.858,2.620,2.612,0.000,0.330,0.000,1849068,0,0,171256
11035,25.4208,1.770,1.765,1.757,0.000,0.447,0.000,1761111,0,0,171256
11036,25.4224,1.805,1.773,1.763,0.000,0.427,0.000,1796723,0,0,171256
11037,25.4241,1.624,1.858,1.848,0.000,0.425,0.000,1617117,0,0,171256
11038,25.4257,1.599,1.769,1.760,0.000,0.610,0.000,1592391,0,0,171256
11039,25.4272,1.584,1.804,1.795,0.000,0.370,0.000,1577584,0,0,171256
11040,25.4288,1.579,1.624,1.616,0.000,0.284,0.000,1572288,0,0,171256
11041,25.4306,1.672,1.599,1.591,0.000,0.264,0.000,1665686,0,0,190587
11042,25.4322,1.674,1.584,1.577,0.000,0.261,0.000,1666670,0,0,171352
11043,25.4338,1.625,1.579,1.571,0.000,0.291,0.000,1618769,0,0,171256
11044,25.4364,1.566,1.673,1.665,0.000,0.256,0.000,1558649,0,0,171256
11045,25.4380,2.626,1.673,1.666,0.000,0.236,0.000,2618870,0,0,171256
11046,25.4396,1.611,1.626,1.618,0.000,0.225,0.000,1604204,0,0,171256
11047,25.4414,1.603,1.566,1.558,0.000,0.252,0.000,1596512,0,0,171256
11048,25.4431,1.815,2.626,2.618,0.000,0.227,0.000,1808223,0,0,171256
11049,25.4448,1.703,1.611,1.603,0.000,0.249,0.000,1695663,0,0,171256
11050,25.4466,1.763,1.603,1.595,0.000,0.571,0.000,1756243,0,0,171256
11051,25.4483,1.786,1.815,1.807,0.000,0.601,0.000,1779143,0,0,171256
11052,25.4502,1.800,1.703,1.695,0.000,0.369,0.000,1793430,0,0,171256
11053,25.4520,1.815,1.763,1.755,0.000,0.326,0.000,1808057,0,0,171256
11054,25.4538,1.773,1.786,1.778,0.000,0.300,0.000,1765282,0,0,171256
11055,25.4555,1.795,1.800,1.792,0.000,0.645,0.000,1787558,0,0,171256
11056,25.4572,1.688,1.815,1.807,0.000,0.352,0.000,1681379,0,0,171256
11057,25.4589,1.688,1.773,1.764,0.000,0.617,0.000,1680893,0,0,171256
11058,25.4616,1.671,1.795,1.786,0.000,0.609,0.000,1663647,0,0,171256
11059,25.4634,2.861,1.688,1.680,0.000,0.635,0.000,2854763,0,0,171256
11060,25.4651,1.733,1.688,1.680,0.000,0.609,0.000,1725466,0,0,171256
11061,25.4667,1.621,1.671,1.663,0.000,0.637,0.000,1614713,0,0,171256
11062,25.4686,1.710,2.862,2.854,0.000,0.652,0.000,1703478,0,0,171256
11063,25.4702,1.764,1.732,1.724,0.000,0.359,0.000,1756389,0,0,171256
11064,25.4719,1.681,1.622,1.614,0.000,0.254,0.000,1673853,0,0,171256
11065,25.4737,1.707,1.711,1.702,0.000,0.285,0.000,1700266,0,0,171256
11066,25.4754,1.758,1.763,1.755,0.000,0.324,0.000,1750186,0,0,171256
11067,25.4771,1.671,1.681,1.673,0.000,0.271,0.000,1664039,0,0,171256
11068,25.4789,1.759,1.708,1.699,0.000,0.672,0.000,1752478,0,0,171256
11069,25.4808,1.795,1.757,1.749,0.000,0.631,0.000,1788115,0,0,171256
11070,25.4825,1.867,1.671,1.663,0.000,0.363,0.000,1860428,0,0,171256
11071,25.4842,1.680,1.760,1.751,0.000,0.293,0.000,1672315,0,0,171256
11072,25.4868,1.649,1.795,1.787,0.000,0.269,0.000,1642128,0,0,171352
11073,25.4890,2.881,1.868,1.859,0.000,0.359,0.000,2874688,0,0,171256
11074,25.4906,1.980,1.679,1.671,0.000,0.622,0.000,1971916,0,0,171256
11075,25.4922,1.611,1.648,1.641,0.000,0.550,0.000,1603594,0,0,171256
11076,25.4939,1.598,2.883,2.874,0.000,0.620,0.000,1591681,0,0,171256
11077,25.4956,1.754,1.979,1.971,0.000,0.328,0.000,1747393,0,0,171256
11078,25.4974,1.765,1.610,1.602,0.000,0.299,0.000,1757706,0,0,171256
11079,25.4991,1.701,1.598,1.591,0.000,0.338,0.000,1694354,0,0,171256
11080,25.5028,1.677,1.755,1.746,0.000,0.657,0.000,1669800,0,0,171256
11081,25.5046,3.803,1.765,1.757,0.000,0.626,0.000,3796345,0,0,171256
11082,25.5062,1.660,1.701,1.693,0.000,0.497,0.000,1652788,0,0,171256
11083,25.5078,1.618,1.676,1.669,0.000,0.279,0.000,1611657,0,0,171256
11084,25.5096,1.707,3.804,3.795,0.000,0.251,0.000,1700262,0,0,171256
11085,25.5114,1.806,1.659,1.652,0.000,0.272,0.000,1798060,0,0,171256
11086,25.5141,1.728,1.619,1.610,0.000,0.355,0.000,1720670,0,0,171256
11087,25.5159,2.788,1.708,1.699,0.000,0.320,0.000,2781040,0,0,171256
11088,25.5177,1.788,1.806,1.797,0.000,0.269,0.000,1779458,0,0,171256
11089,25.5195,1.765,1.728,1.719,0.000,0.449,0.000,1757593,0,0,171256
11090,25.5214,1.757,2.789,2.780,0.000,0.287,0.000,1750653,0,0,171256
11091,25.5233,2.012,1.787,1.778,0.000,0.283,0.000,2002185,0,0,171256
11092,25.5252,1.916,1.765,1.756,0.000,0.472,0.000,1906090,0,0,171256
11093,25.5271,1.862,1.761,1.749,0.000,0.460,0.000,1852029,0,0,171256
11094,25.5288,1.797,2.013,2.001,0.000,0.457,0.000,1787807,0,0,171816
11095,25.5305,1.760,1.916,1.905,0.000,0.501,0.000,1746295,0,0,171312
11096,25.5323,1.718,1.861,1.851,0.000,0.651,0.000,1710694,0,0,171256
11097,25.5342,1.847,1.801,1.786,0.000,0.367,0.000,1840459,0,0,171256
11098,25.5360,1.867,1.754,1.745,0.000,0.336,0.000,1858945,0,0,171256
11099,25.5377,1.709,1.718,1.709,0.000,0.463,0.000,1701515,0,0,171256
11100,25.5404,1.713,1.848,1.839,0.000,0.343,0.000,1706307,0,0,171256
11101,25.5424,2.767,1.866,1.858,0.000,0.348,0.000,2759360,0,0,171256
11102,25.5441,1.951,1.708,1.700,0.000,0.279,0.000,1942726,0,0,171352
11103,25.5458,1.691,1.714,1.705,0.000,0.322,0.000,1683978,0,0,171256
11104,25.5474,1.641,2.767,2.758,0.000,0.280,0.000,1633758,0,0,171256
11105,25.5491,1.658,1.950,1.941,0.000,0.351,0.000,1651317,0,0,171256
11106,25.5507,1.631,1.691,1.683,0.000,0.497,0.000,1624243,0,0,171256
11107,25.5523,1.583,1.641,1.633,0.000,0.436,0.000,1576510,0,0,171256
11108,25.5539,1.594,1.658,1.650,0.000,0.422,0.000,1587468,0,0,171256
11109,25.5556,1.660,1.631,1.623,0.000,0.343,0.000,1653618,0,0,171256
11110,25.5572,1.667,1.583,1.575,0.000,0.262,0.000,1659984,0,0,171256
11111,25.5589,1.688,1.594,1.586,0.000,0.337,0.000,1681919,0,0,171256
11112,25.5607,1.685,1.660,1.652,0.000,0.276,0.000,1678392,0,0,171256
11113,25.5625,1.841,1.667,1.659,0.000,0.328,0.000,1832303,0,0,171256
11114,25.5652,1.716,1.689,1.681,0.000,0.278,0.000,1708417,0,0,171256
11115,25.5670,2.777,1.687,1.677,0.000,0.265,0.000,2770124,0,0,171256
11116,25.5688,1.791,1.840,1.831,0.000,0.338,0.000,1783578,0,0,171256
11117,25.5705,1.750,1.716,1.707,0.000,0.334,0.000,1742419,0,0,171256
11118,25.5722,1.692,2.778,2.769,0.000,0.325,0.000,1684814,0,0,171256
11119,25.5739,1.734,1.791,1.782,0.000,0.286,0.000,1726930,0,0,171256
11120,25.5757,1.749,1.749,1.741,0.000,0.334,0.000,1742075,0,0,171256
11121,25.5775,1.764,1.692,1.684,0.000,0.315,0.000,1756122,0,0,171256
11122,25.5792,1.767,1.734,1.726,0.000,0.379,0.000,1760385,0,0,171256
11123,25.5811,1.731,1.750,1.741,0.000,0.337,0.000,1723738,0,0,171256
11124,25.5828,1.827,1.763,1.755,0.000,0.304,0.000,1819587,0,0,171256
11125,25.5844,1.687,1.768,1.759,0.000,0.683,0.000,1679216,0,0,171256
11126,25.5862,1.713,1.731,1.723,0.000,0.649,0.000,1705799,0,0,171256
11127,25.5878,1.670,1.827,1.818,0.000,0.614,0.000,1663411,0,0,171256
11128,25.5895,1.680,1.687,1.678,0.000,0.380,0.000,1672455,0,0,171256
11129,25.5923,2.752,1.713,1.705,0.000,0.297,0.000,2744834,0,0,171256
11130,25.5940,1.787,1.671,1.662,0.000,0.282,0.000,1779315,0,0,171256
11131,25.5957,1.661,1.680,1.671,0.000,0.318,0.000,1654203,0,0,171256
11132,25.5973,1.658,2.753,2.744,0.000,0.665,0.000,1650897,0,0,171352
11133,25.5990,1.656,1.786,1.778,0.000,0.491,0.000,1649389,0,0,171256
11134,25.6007,1.618,1.661,1.653,0.000,0.279,0.000,1611157,0,0,171256
11135,25.6024,1.762,1.658,1.650,0.000,0.330,0.000,1755464,0,0,171256
11136,25.6040,1.672,1.657,1.648,0.000,0.270,0.000,1665153,0,0,171256
11137,25.6056,1.589,1.618,1.610,0.000,0.646,0.000,1582791,0,0,171256
11138,25.6073,1.651,1.763,1.754,0.000,0.591,0.000,1643582,0,0,171256
11139,25.6089,1.659,1.672,1.664,0.000,0.326,0.000,1652127,0,0,171256
11140,25.6105,1.609,1.590,1.582,0.000,0.263,0.000,1602009,0,0,171256
11141,25.6121,1.584,1.650,1.642,0.000,0.666,0.000,1577356,0,0,171256
11142,25.6137,1.554,1.659,1.651,0.000,0.604,0.000,1547547,0,0,171256
11143,25.6163,1.638,1.609,1.601,0.000,0.577,0.000,1631587,0,0,171256
11144,25.6180,2.670,1.583,1.576,0.000,0.645,0.000,2664046,0,0,171256
11145,25.6196,1.625,1.554,1.546,0.000,0.602,0.000,1618127,0,0,171256
11146,25.6214,1.629,1.638,1.631,0.000,0.322,0.000,1622480,0,0,171256
11147,25.6231,1.831,2.671,2.663,0.000,0.307,0.000,1824563,0,0,171256
11148,25.6248,1.691,1.625,1.617,0.000,0.295,0.000,1683799,0,0,171256
11149,25.6264,1.607,1.629,1.621,0.000,0.611,0.000,1600012,0,0,171256
11150,25.6279,1.600,1.832,1.824,0.000,0.315,0.000,1593806,0,0,171256
11151,25.6295,1.563,1.690,1.683,0.000,0.326,0.000,1556957,0,0,171256
11152,25.6311,1.607,1.606,1.599,0.000,0.330,0.000,1600530,0,0,171256
11153,25.6328,1.661,1.600,1.593,0.000,0.616,0.000,1653956,0,0,171256
11154,25.6344,1.629,1.563,1.556,0.000,0.344,0.000,1622379,0,0,171256
11155,25.6360,1.635,1.607,1.599,0.000,0.304,0.000,1628124,0,0,171256
11156,25.6376,1.574,1.660,1.653,0.000,0.313,0.000,1567017,0,0,171256
11157,25.6402,1.578,1.629,1.621,0.000,0.298,0.000,1571322,0,0,171256
11158,25.6420,2.637,1.635,1.627,0.000,0.610,0.000,2630465,0,0,171256
11159,25.6438,1.818,1.574,1.566,0.000,0.301,0.000,1810827,0,0,171256
11160,25.6459,1.922,1.578,1.570,0.000,0.339,0.000,1913981,0,0,171256
11161,25.6479,2.203,2.637,2.629,0.000,0.409,0.000,2195139,0,0,190587
11162,25.6496,1.793,1.819,1.810,0.000,0.628,0.000,1786406,0,0,171352
11163,25.6514,1.737,1.921,1.913,0.000,0.439,0.000,1729617,0,0,171256
11164,25.6530,1.658,2.202,2.194,0.000,0.542,0.000,1651338,0,0,171256
11165,25.6546,1.644,1.793,1.785,0.000,0.339,0.000,1636924,0,0,171256
11166,25.6562,1.631,1.736,1.729,0.000,0.608,0.000,1624459,0,0,171256
11167,25.6586,1.742,1.658,1.650,0.000,0.621,0.000,1736161,0,0,171256
11168,25.6605,2.382,1.644,1.636,0.000,0.606,0.000,2371365,0,0,171256
11169,25.6621,1.705,1.631,1.623,0.000,0.651,0.000,1698767,0,0,171256
11170,25.6637,1.627,1.746,1.735,0.000,0.363,0.000,1619926,0,0,171256
11171,25.6683,1.573,2.378,2.370,0.000,0.325,0.000,1565692,0,0,171256
11172,25.6704,4.900,1.706,1.698,0.000,0.266,0.000,4893079,0,0,171256
11173,25.6728,2.605,1.627,1.619,0.000,0.249,0.000,2596848,0,0,171256
11174,25.6746,1.754,1.572,1.565,0.000,0.270,0.000,1745694,0,0,171256
11175,25.6761,1.634,4.902,4.892,0.000,0.626,0.000,1625773,0,0,171256
11176,25.6778,1.572,2.605,2.595,0.000,0.325,0.000,1565437,0,0,171256
11177,25.6795,1.715,1.753,1.744,0.000,0.594,0.000,1703889,0,0,171256
11178,25.6812,1.673,1.632,1.625,0.000,0.607,0.000,1665490,0,0,171256
11179,25.6828,1.707,1.577,1.564,0.000,0.618,0.000,1700407,0,0,171256
11180,25.6844,1.605,1.711,1.703,0.000,0.588,0.000,1598393,0,0,171256
11181,25.6861,1.608,1.672,1.664,0.000,0.585,0.000,1601424,0,0,171256
11182,25.6878,1.684,1.707,1.699,0.000,0.615,0.000,1677853,0,0,171256
11183,25.6895,1.761,1.605,1.597,0.000,0.326,0.000,1753114,0,0,171256
11184,25.6912,1.672,1.608,1.600,0.000,0.658,0.000,1665787,0,0,171256
11185,25.6928,1.639,1.685,1.677,0.000,0.642,0.000,1631850,0,0,171256
11186,25.6944,1.612,1.760,1.752,0.000,0.315,0.000,1605496,0,0,171256
11187,25.6971,2.581,1.672,1.665,0.000,0.332,0.000,2574608,0,0,171256
11188,25.6987,1.689,1.639,1.631,0.000,0.256,0.000,1681659,0,0,171256
11189,25.7003,1.598,1.612,1.604,0.000,0.302,0.000,1590728,0,0,171256
11190,25.7020,1.577,2.582,2.574,0.000,0.623,0.000,1570802,0,0,171256
11191,25.7037,1.749,1.688,1.680,0.000,0.349,0.000,1742669,0,0,171256
11192,25.7053,1.695,1.597,1.590,0.000,0.609,0.000,1687265,0,0,171352
11193,25.7069,1.580,1.577,1.570,0.000,0.338,0.000,1573065,0,0,171256
11194,25.7086,1.657,1.750,1.742,0.000,0.292,0.000,1650770,0,0,171256
11195,25.7102,1.685,1.694,1.686,0.000,0.294,0.000,1678698,0,0,171256
11196,25.7119,1.647,1.579,1.572,0.000,0.347,0.000,1640061,0,0,171256
11197,25.7136,1.672,1.658,1.650,0.000,0.309,0.000,1664994,0,0,171256
11198,25.7153,1.698,1.685,1.677,0.000,0.311,0.000,1691167,0,0,171256
11199,25.7170,1.719,1.647,1.639,0.000,0.278,0.000,1712107,0,0,171256
11200,25.7198,1.683,1.672,1.664,0.000,0.276,0.000,1676326,0,0,171256
11201,25.7219,2.973,1.698,1.690,0.000,0.363,0.000,2965651,0,0,171256
11202,25.7236,1.975,1.719,1.711,0.000,0.538,0.000,1967340,0,0,171256
11203,25.7253,1.712,1.684,1.675,0.000,0.336,0.000,1703895,0,0,171256
11204,25.7270,1.656,2.974,2.965,0.000,0.674,0.000,1649161,0,0,171256
11205,25.7286,1.605,1.975,1.966,0.000,0.353,0.000,1599197,0,0,171256
11206,25.7310,1.969,1.711,1.703,0.000,0.288,0.000,1962055,0,0,171256
11207,25.7327,2.156,1.656,1.648,0.000,0.640,0.000,2146316,0,0,171256
11208,25.7343,1.644,1.606,1.598,0.000,0.655,0.000,1637280,0,0,171256
11209,25.7360,1.639,1.972,1.961,0.000,0.583,0.000,1632584,0,0,171256
11210,25.7376,1.633,2.153,2.145,0.000,0.327,0.000,1626756,0,0,171256
11211,25.7392,1.596,1.643,1.636,0.000,0.615,0.000,1589731,0,0,171256
11212,25.7409,1.639,1.639,1.632,0.000,0.547,0.000,1632582,0,0,171256
11213,25.7425,1.703,1.633,1.625,0.000,0.306,0.000,1696273,0,0,171256
11214,25.7450,1.594,1.596,1.589,0.000,0.254,0.000,1586663,0,0,171256
11215,25.7466,2.492,1.639,1.631,0.000,0.251,0.000,2486053,0,0,171256
11216,25.7482,1.609,1.703,1.695,0.000,0.238,0.000,1601995,0,0,171256
11217,25.7498,1.571,1.593,1.586,0.000,0.621,0.000,1564575,0,0,171256
11218,25.7514,1.608,2.493,2.485,0.000,0.590,0.000,1601073,0,0,171256
11219,25.7530,1.582,1.608,1.601,0.000,0.591,0.000,1575126,0,0,171256
11220,25.7546,1.598,1.571,1.564,0.000,0.325,0.000,1591801,0,0,171256
11221,25.7562,1.598,1.608,1.600,0.000,0.284,0.000,1591183,0,0,171256
11222,25.7578,1.614,1.581,1.574,0.000,0.266,0.000,1606959,0,0,171352
11223,25.7593,1.553,1.598,1.591,0.000,0.247,0.000,1546234,0,0,171256
11224,25.7611,1.562,1.598,1.590,0.000,0.243,0.000,1555283,0,0,171256
11225,25.7629,1.855,1.613,1.606,0.000,0.243,0.000,1849126,0,0,171256
11226,25.7645,1.729,1.552,1.545,0.000,0.332,0.000,1722516,0,0,171256
11227,25.7661,1.640,1.562,1.554,0.000,0.333,0.000,1632894,0,0,171256
11228,25.7687,1.589,1.856,1.848,0.000,0.308,0.000,1583100,0,0,171256
11229,25.7706,2.765,1.729,1.721,0.000,0.290,0.000,2748067,0,0,171256
11230,25.7724,1.806,1.639,1.632,0.000,0.306,0.000,1797958,0,0,171256
11231,25.7741,1.725,1.600,1.582,0.000,0.361,0.000,1717180,0,0,171256
11232,25.7757,1.622,2.756,2.747,0.000,0.627,0.000,1614808,0,0,171256
11233,25.7774,1.685,1.805,1.797,0.000,0.596,0.000,1678008,0,0,171256
11234,25.7791,1.701,1.724,1.716,0.000,0.497,0.000,1694369,0,0,171256
11235,25.7809,1.662,1.622,1.613,0.000,0.302,0.000,1654746,0,0,171256
11236,25.7825,1.784,1.685,1.677,0.000,0.303,0.000,1776654,0,0,171256
11237,25.7842,1.650,1.701,1.693,0.000,0.269,0.000,1642777,0,0,171256
11238,25.7860,1.779,1.662,1.653,0.000,0.253,0.000,1772803,0,0,171256
11239,25.7879,1.872,1.784,1.775,0.000,0.251,0.000,1863404,0,0,171256
11240,25.7895,1.687,1.650,1.641,0.000,0.460,0.000,1677137,0,0,171256
11241,25.7911,1.595,1.781,1.772,0.000,0.321,0.000,1588343,0,0,171256
11242,25.7938,1.652,1.873,1.862,0.000,0.263,0.000,1645915,0,0,171256
11243,25.7955,2.772,1.683,1.676,0.000,0.238,0.000,2765399,0,0,171256
11244,25.7972,1.660,1.595,1.587,0.000,0.244,0.000,1652656,0,0,171256
11245,25.7988,1.612,1.653,1.645,0.000,0.256,0.000,1605367,0,0,171256
11246,25.8008,1.618,2.773,2.764,0.000,0.245,0.000,1610580,0,0,171256
11247,25.8024,2.036,1.659,1.651,0.000,0.236,0.000,2028644,0,0,171256
11248,25.8040,1.590,1.612,1.604,0.000,0.406,0.000,1582880,0,0,171256
11249,25.8056,1.568,1.618,1.609,0.000,0.245,0.000,1561172,0,0,171256
11250,25.8072,1.620,2.036,2.027,0.000,0.226,0.000,1613015,0,0,171256
11251,25.8090,1.617,1.590,1.582,0.000,0.230,0.000,1610082,0,0,171256
11252,25.8108,1.954,1.568,1.560,0.000,0.232,0.000,1947202,0,0,171352
11253,25.8127,1.797,1.620,1.612,0.000,0.383,0.000,1789292,0,0,171256
11254,25.8145,1.826,1.617,1.609,0.000,0.691,0.000,1818537,0,0,171256
11255,25.8164,1.840,1.954,1.945,0.000,0.397,0.000,1832877,0,0,171256
11256,25.8192,1.867,1.796,1.788,0.000,0.345,0.000,1859910,0,0,171256
11257,25.8215,2.991,1.826,1.817,0.000,0.346,0.000,2983928,0,0,171256
11258,25.8234,2.161,1.840,1.831,0.000,0.641,0.000,2152230,0,0,171256
11259,25.8251,1.805,1.868,1.859,0.000,0.444,0.000,1796752,0,0,171256
11260,25.8268,1.722,2.992,2.983,0.000,0.683,0.000,1714542,0,0,171256
11261,25.8284,1.634,2.160,2.151,0.000,0.322,0.000,1626488,0,0,171256
11262,25.8301,1.632,1.804,1.796,0.000,0.271,0.000,1624735,0,0,171256
11263,25.8318,1.637,1.722,1.713,0.000,0.248,0.000,1630538,0,0,171256
11264,25.8335,1.747,1.633,1.625,0.000,0.248,0.000,1740376,0,0,171256
11265,25.8352,1.660,1.631,1.624,0.000,0.272,0.000,1653361,0,0,171256
11266,25.8370,1.760,1.638,1.629,0.000,0.240,0.000,1752816,0,0,171256
11267,25.8391,1.847,1.747,1.739,0.000,0.271,0.000,1839128,0,0,171256
11268,25.8410,2.099,1.660,1.652,0.000,0.370,0.000,2091656,0,0,171256
11269,25.8427,1.872,1.760,1.752,0.000,0.688,0.000,1865120,0,0,171256
11270,25.8454,1.668,1.847,1.838,0.000,0.533,0.000,1660829,0,0,171256
11271,25.8473,2.808,2.099,2.090,0.000,0.292,0.000,2801252,0,0,171256
11272,25.8491,1.881,1.873,1.864,0.000,0.274,0.000,1873267,0,0,171256
11273,25.8510,1.842,1.667,1.659,0.000,0.345,0.000,1835011,0,0,171256
11274,25.8527,1.814,2.809,2.800,0.000,0.316,0.000,1806004,0,0,171256
11275,25.8545,1.756,1.881,1.872,0.000,0.361,0.000,1748651,0,0,171256
11276,25.8563,1.757,1.843,1.834,0.000,0.283,0.000,1749799,0,0,171256
11277,25.8581,1.816,1.813,1.805,0.000,0.325,0.000,1809176,0,0,171256
11278,25.8599,1.809,1.756,1.747,0.000,0.276,0.000,1801697,0,0,171256
11279,25.8623,1.902,1.757,1.749,0.000,0.283,0.000,1895080,0,0,171256
11280,25.8641,2.276,1.817,1.808,0.000,0.265,0.000,2264601,0,0,171256
11281,25.8659,1.817,1.809,1.800,0.000,0.385,0.000,1809896,0,0,190587
11282,25.8685,2.090,1.907,1.894,0.000,0.347,0.000,2083062,0,0,171352
11283,25.8704,2.411,2.272,2.263,0.000,0.305,0.000,2400810,0,0,171256
11284,25.8731,1.723,1.817,1.809,0.000,0.305,0.000,1715649,0,0,171256
11285,25.8748,2.684,2.093,2.082,0.000,0.296,0.000,2677026,0,0,171256
11286,25.8764,1.678,2.408,2.399,0.000,0.624,0.000,1671264,0,0,171256
11287,25.8782,1.696,1.722,1.714,0.000,0.500,0.000,1688951,0,0,171256
11288,25.8799,1.759,2.684,2.676,0.000,0.267,0.000,1752377,0,0,171256
11289,25.8816,1.599,1.678,1.670,0.000,0.368,0.000,1592350,0,0,171256
11290,25.8833,1.790,1.696,1.688,0.000,0.325,0.000,1783321,0,0,171256
11291,25.8849,1.625,1.759,1.751,0.000,0.324,0.000,1617318,0,0,171256
11292,25.8865,1.586,1.600,1.591,0.000,0.291,0.000,1578981,0,0,171256
11293,25.8881,1.623,1.791,1.782,0.000,0.327,0.000,1616931,0,0,171256
11294,25.8896,1.549,1.624,1.616,0.000,0.253,0.000,1542063,0,0,171256
11295,25.8912,1.562,1.586,1.578,0.000,0.271,0.000,1556386,0,0,171256
11296,25.8928,1.580,1.623,1.616,0.000,0.234,0.000,1573853,0,0,171256
11297,25.8944,1.578,1.548,1.541,0.000,0.253,0.000,1571936,0,0,171256
11298,25.8970,1.670,1.563,1.555,0.000,0.335,0.000,1663458,0,0,171256
11299,25.8986,2.591,1.580,1.573,0.000,0.288,0.000,2584047,0,0,171256
11300,25.9003,1.679,1.578,1.571,0.000,0.257,0.000,1672245,0,0,171256
11301,25.9021,1.700,1.670,1.662,0.000,0.249,0.000,1693280,0,0,171256
11302,25.9039,1.840,2.590,2.583,0.000,0.336,0.000,1833643,0,0,171256
11303,25.9055,1.692,1.679,1.671,0.000,0.674,0.000,1685360,0,0,171256
11304,25.9071,1.612,1.700,1.692,0.000,0.642,0.000,1604070,0,0,171256
11305,25.9087,1.596,1.840,1.833,0.000,0.414,0.000,1588695,0,0,171256
11306,25.9103,1.586,1.693,1.684,0.000,0.297,0.000,1579256,0,0,171256
11307,25.9119,1.567,1.611,1.603,0.000,0.262,0.000,1560972,0,0,171256
11308,25.9135,1.590,1.595,1.588,0.000,0.233,0.000,1582855,0,0,171256
11309,25.9151,1.604,1.586,1.578,0.000,0.246,0.000,1597043,0,0,171256
11310,25.9167,1.635,1.568,1.560,0.000,0.237,0.000,1629141,0,0,171256
11311,25.9186,1.836,1.589,1.582,0.000,0.250,0.000,1828934,0,0,171256
11312,25.9213,1.704,1.603,1.596,0.000,0.227,0.000,1696810,0,0,171352
11313,25.9232,2.716,1.636,1.628,0.000,0.326,0.000,2709123,0,0,171256
11314,25.9249,1.906,1.836,1.828,0.000,0.261,0.000,1898507,0,0,171256
11315,25.9265,1.630,1.704,1.696,0.000,0.347,0.000,1622928,0,0,171256
11316,25.9282,1.638,2.717,2.708,0.000,0.269,0.000,1631190,0,0,171256
11317,25.9298,1.708,1.906,1.897,0.000,0.234,0.000,1701677,0,0,171256
11318,25.9314,1.594,1.629,1.622,0.000,0.246,0.000,1587401,0,0,171256
11319,25.9330,1.583,1.638,1.630,0.000,0.252,0.000,1576428,0,0,171256
11320,25.9346,1.590,1.709,1.701,0.000,0.225,0.000,1583950,0,0,171256
11321,25.9362,1.603,1.594,1.586,0.000,0.221,0.000,1595829,0,0,171256
11322,25.9379,1.682,1.583,1.575,0.000,0.623,0.000,1675595,0,0,171256
11323,25.9395,1.646,1.591,1.583,0.000,0.579,0.000,1639906,0,0,171256
11324,25.9412,1.592,1.602,1.595,0.000,0.331,0.000,1585537,0,0,171256
11325,25.9428,1.691,1.682,1.675,0.000,0.545,0.000,1684340,0,0,171256
11326,25.9455,1.650,1.646,1.639,0.000,0.280,0.000,1642844,0,0,171256
11327,25.9473,2.748,1.592,1.584,0.000,0.322,0.000,2741970,0,0,171256
11328,25.9490,1.751,1.691,1.683,0.000,0.265,0.000,1743820,0,0,171256
11329,25.9506,1.620,1.649,1.642,0.000,0.658,0.000,1613239,0,0,171256
11330,25.9522,1.632,2.749,2.741,0.000,0.595,0.000,1626229,0,0,171256
11331,25.9538,1.579,1.751,1.743,0.000,0.596,0.000,1572339,0,0,171256
11332,25.9553,1.546,1.619,1.612,0.000,0.582,0.000,1539593,0,0,171256
11333,25.9569,1.576,1.633,1.625,0.000,0.584,0.000,1569990,0,0,171256
11334,25.9585,1.594,1.579,1.571,0.000,0.305,0.000,1587841,0,0,171256
11335,25.9601,1.619,1.546,1.539,0.000,0.290,0.000,1611666,0,0,171256
11336,25.9619,1.568,1.576,1.569,0.000,0.260,0.000,1561043,0,0,171256
11337,25.9635,1.765,1.595,1.587,0.000,0.231,0.000,1758613,0,0,171256
11338,25.9651,1.630,1.618,1.611,0.000,0.283,0.000,1622847,0,0,171256
11339,25.9667,1.605,1.567,1.560,0.000,0.338,0.000,1598157,0,0,171256
11340,25.9692,1.576,1.766,1.758,0.000,0.253,0.000,1569819,0,0,171256
11341,25.9714,2.603,1.629,1.622,0.000,0.253,0.000,2596346,0,0,171256
11342,25.9732,2.236,1.605,1.597,0.000,0.323,0.000,2230025,0,0,171352
11343,25.9749,1.725,1.576,1.569,0.000,0.273,0.000,1717823,0,0,171256
11344,25.9765,1.646,2.602,2.595,0.000,0.635,0.000,1639913,0,0,171256
11345,25.9782,1.669,2.237,2.229,0.000,0.341,0.000,1662883,0,0,171256
11346,25.9798,1.661,1.724,1.717,0.000,0.274,0.000,1654523,0,0,171256
11347,25.9816,1.607,1.646,1.639,0.000,0.271,0.000,1600296,0,0,171256
11348,25.9834,1.854,1.670,1.662,0.000,0.319,0.000,1847477,0,0,171256
11349,25.9851,1.757,1.661,1.653,0.000,0.307,0.000,1749130,0,0,171256
11350,25.9868,1.701,1.607,1.599,0.000,0.648,0.000,1694092,0,0,171256
11351,25.9885,1.717,1.855,1.846,0.000,0.645,0.000,1700459,0,0,171256
11352,25.9902,1.706,1.756,1.748,0.000,0.317,0.000,1699798,0,0,171256
11353,25.9919,1.659,1.710,1.693,0.000,0.251,0.000,1653051,0,0,171256
11354,25.9945,1.664,1.707,1.699,0.000,0.249,0.000,1657539,0,0,171256
11355,25.9963,2.766,1.706,1.698,0.000,0.248,0.000,2759448,0,0,171256
11356,25.9979,1.675,1.659,1.652,0.000,0.243,0.000,1667406,0,0,171256
11357,25.9995,1.570,1.664,1.656,0.000,0.339,0.000,1564128,0,0,171256
11358,26.0012,1.577,2.767,2.758,0.000,0.251,0.000,1569629,0,0,171256
11359,26.0028,1.736,1.674,1.666,0.000,0.240,0.000,1729845,0,0,171256
11360,26.0044,1.595,1.571,1.563,0.000,0.234,0.000,1588614,0,0,171256
11361,26.0060,1.593,1.576,1.569,0.000,0.244,0.000,1587015,0,0,171256
11362,26.0076,1.631,1.736,1.729,0.000,0.237,0.000,1624040,0,0,171256
11363,26.0093,1.655,1.595,1.588,0.000,0.222,0.000,1648628,0,0,171256
11364,26.0110,1.714,1.594,1.586,0.000,0.241,0.000,1706824,0,0,171256
11365,26.0127,1.651,1.630,1.623,0.000,0.618,0.000,1644818,0,0,171256
11366,26.0143,1.633,1.655,1.648,0.000,0.572,0.000,1626304,0,0,171256
11367,26.0159,1.600,1.713,1.706,0.000,0.579,0.000,1593738,0,0,171256
11368,26.0185,1.644,1.652,1.644,0.000,0.315,0.000,1638052,0,0,171256
11369,26.0203,2.640,1.633,1.625,0.000,0.247,0.000,2633465,0,0,171256
11370,26.0220,1.759,1.600,1.592,0.000,0.245,0.000,1751770,0,0,171256
11371,26.0237,1.707,1.645,1.637,0.000,0.646,0.000,1700255,0,0,171256
11372,26.0252,1.616,2.641,2.632,0.000,0.627,0.000,1609488,0,0,171352
11373,26.0268,1.552,1.758,1.751,0.000,0.625,0.000,1545663,0,0,171256
11374,26.0284,1.582,1.707,1.699,0.000,0.259,0.000,1575355,0,0,171256
11375,26.0299,1.552,1.616,1.608,0.000,0.226,0.000,1545857,0,0,171256
11376,26.0315,1.596,1.552,1.545,0.000,0.296,0.000,1589256,0,0,171256
11377,26.0332,1.596,1.582,1.574,0.000,0.355,0.000,1589577,0,0,171256
11378,26.0348,1.648,1.553,1.545,0.000,0.252,0.000,1641404,0,0,171256
11379,26.0364,1.599,1.595,1.588,0.000,0.246,0.000,1592343,0,0,171256
11380,26.0380,1.605,1.596,1.588,0.000,0.243,0.000,1598798,0,0,171256
11381,26.0396,1.628,1.648,1.640,0.000,0.223,0.000,1620794,0,0,171256
11382,26.0422,1.575,1.599,1.591,0.000,0.236,0.000,1568369,0,0,171256
11383,26.0439,2.697,1.606,1.598,0.000,0.220,0.000,2691011,0,0,171256
11384,26.0456,1.663,1.627,1.619,0.000,0.224,0.000,1655718,0,0,171256
11385,26.0472,1.632,1.575,1.567,0.000,0.249,0.000,1624469,0,0,171256
11386,26.0490,1.725,2.699,2.690,0.000,0.493,0.000,1718689,0,0,171256
11387,26.0507,1.791,1.663,1.655,0.000,0.241,0.000,1783330,0,0,171256
11388,26.0524,1.662,1.631,1.623,0.000,0.362,0.000,1654993,0,0,171256
11389,26.0542,1.712,1.726,1.718,0.000,0.275,0.000,1706084,0,0,171256
11390,26.0560,1.811,1.790,1.782,0.000,0.634,0.000,1802932,0,0,171256
11391,26.0577,1.759,1.661,1.654,0.000,0.435,0.000,1752621,0,0,171816
11392,26.0595,1.773,1.714,1.705,0.000,0.338,0.000,1765164,0,0,171312
11393,26.0615,1.823,1.810,1.802,0.000,0.356,0.000,1816124,0,0,171256
11394,26.0635,2.170,1.760,1.751,0.000,0.339,0.000,2162474,0,0,171256
11395,26.0651,1.672,1.772,1.764,0.000,0.319,0.000,1663803,0,0,171256
11396,26.0667,1.593,1.823,1.815,0.000,0.304,0.000,1585607,0,0,171256
11397,26.0693,2.587,2.170,2.161,0.000,0.269,0.000,2580139,0,0,171256
11398,26.0709,1.641,1.671,1.663,0.000,0.639,0.000,1634253,0,0,171256
11399,26.0725,1.620,1.592,1.584,0.000,0.591,0.000,1612376,0,0,171256
11400,26.0741,1.598,2.587,2.579,0.000,0.621,0.000,1591388,0,0,171256
11401,26.0758,1.677,1.641,1.633,0.000,0.653,0.000,1670441,0,0,190587
11402,26.0774,1.600,1.619,1.611,0.000,0.316,0.000,1592953,0,0,171352
11403,26.0790,1.576,1.598,1.590,0.000,0.623,0.000,1570117,0,0,171256
11404,26.0806,1.591,1.678,1.669,0.000,0.586,0.000,1584797,0,0,171256
11405,26.0823,1.730,1.599,1.592,0.000,0.474,0.000,1723984,0,0,171256
11406,26.0839,1.648,1.577,1.569,0.000,0.592,0.000,1641421,0,0,171256
11407,26.0855,1.596,1.591,1.584,0.000,0.598,0.000,1589391,0,0,171256
11408,26.0871,1.564,1.731,1.723,0.000,0.562,0.000,1557135,0,0,171256
11409,26.0888,1.615,1.648,1.640,0.000,0.577,0.000,1608082,0,0,171256
11410,26.0904,1.684,1.596,1.588,0.000,0.331,0.000,1677842,0,0,171256
11411,26.0931,2.669,1.564,1.556,0.000,0.251,0.000,2661850,0,0,171256
11412,26.0948,1.723,1.615,1.607,0.000,0.267,0.000,1715982,0,0,171256
11413,26.0964,1.633,1.685,1.677,0.000,0.282,0.000,1625527,0,0,171256
11414,26.0980,1.595,2.669,2.661,0.000,0.635,0.000,1588071,0,0,171256
11415,26.0995,1.544,1.723,1.715,0.000,0.576,0.000,1537439,0,0,171256
11416,26.1012,1.584,1.632,1.624,0.000,0.569,0.000,1577786,0,0,171256
11417,26.1028,1.658,1.595,1.587,0.000,0.584,0.000,1651563,0,0,171256
11418,26.1045,1.561,1.544,1.536,0.000,0.379,0.000,1554844,0,0,171256
11419,26.1062,1.761,1.584,1.577,0.000,0.541,0.000,1754124,0,0,171256
11420,26.1078,1.696,1.658,1.651,0.000,0.575,0.000,1689522,0,0,171256
11421,26.1094,1.606,1.561,1.554,0.000,0.508,0.000,1600081,0,0,171256
11422,26.1110,1.581,1.761,1.753,0.000,0.310,0.000,1573766,0,0,171256
11423,26.1125,1.553,1.696,1.688,0.000,0.259,0.000,1546520,0,0,171256
11424,26.1141,1.558,1.607,1.599,0.000,0.235,0.000,1551587,0,0,171256
11425,26.1168,1.652,1.580,1.573,0.000,0.223,0.000,1646118,0,0,171256
11426,26.1186,2.774,1.553,1.545,0.000,0.310,0.000,2766493,0,0,171256
11427,26.1202,1.668,1.558,1.550,0.000,0.277,0.000,1660615,0,0,171256
11428,26.1220,1.658,1.653,1.645,0.000,0.267,0.000,1651197,0,0,171256
11429,26.1237,1.805,2.774,2.765,0.000,0.244,0.000,1798794,0,0,171256
11430,26.1254,1.722,1.667,1.659,0.000,0.324,0.000,1714299,0,0,171256
11431,26.1272,1.713,1.658,1.650,0.000,0.265,0.000,1705924,0,0,171256
11432,26.1288,1.692,1.806,1.798,0.000,0.280,0.000,1685090,0,0,171352
11433,26.1305,1.634,1.721,1.713,0.000,0.264,0.000,1627114,0,0,171256
11434,26.1322,1.702,1.713,1.705,0.000,0.270,0.000,1695333,0,0,171256
11435,26.1339,1.674,1.692,1.684,0.000,0.248,0.000,1667449,0,0,171256
11436,26.1357,1.773,1.634,1.626,0.000,0.244,0.000,1766002,0,0,171256
11437,26.1374,1.763,1.702,1.694,0.000,0.329,0.000,1754873,0,0,171256
11438,26.1391,1.721,1.674,1.666,0.000,0.274,0.000,1713950,0,0,171256
11439,26.1421,1.723,1.774,1.765,0.000,0.343,0.000,1715890,0,0,171256
11440,26.1439,3.028,1.762,1.754,0.000,0.325,0.000,3021091,0,0,171256
11441,26.1457,1.805,1.721,1.713,0.000,0.275,0.000,1796677,0,0,171256
11442,26.1474,1.733,1.723,1.715,0.000,0.375,0.000,1726010,0,0,171256
11443,26.1490,1.647,3.029,3.020,0.000,0.292,0.000,1640268,0,0,171256
11444,26.1507,1.637,1.804,1.795,0.000,0.274,0.000,1630070,0,0,171256
11445,26.1523,1.674,1.733,1.725,0.000,0.650,0.000,1666444,0,0,171256
11446,26.1539,1.606,1.647,1.639,0.000,0.625,0.000,1598322,0,0,171256
11447,26.1556,1.622,1.637,1.629,0.000,0.320,0.000,1615787,0,0,171256
11448,26.1574,1.699,1.674,1.665,0.000,0.252,0.000,1691225,0,0,171256
11449,26.1593,1.919,1.605,1.597,0.000,0.271,0.000,1912494,0,0,171256
11450,26.1612,1.885,1.623,1.615,0.000,0.327,0.000,1877129,0,0,171256
11451,26.1629,1.805,1.698,1.690,0.000,0.680,0.000,1797786,0,0,171256
11452,26.1645,1.661,1.920,1.911,0.000,0.334,0.000,1653708,0,0,171256
11453,26.1693,1.621,1.884,1.876,0.000,0.283,0.000,1614565,0,0,171256
11454,26.1717,5.130,1.805,1.797,0.000,0.254,0.000,5123871,0,0,171256
11455,26.1744,2.917,1.660,1.653,0.000,0.233,0.000,2907578,0,0,171256
