Unity Editor version:    6000.0.75f1 (26349cd2a5c8)
Branch:                  6000.0/staging
Build type:              Release
Batch mode:              YES
System name:             Linux
Distro version:          #31~24.04.1-Ubuntu SMP PREEMPT_DYNAMIC Mon Aug 10 09:38:02 UTC 2
Kernel version:          7.0.0-31-generic
Architecture:            x86_64
Available memory:        31897 MB
[Licensing::Module] Trying to connect to existing licensing client channel...
Initialize udev device monitor.
[Licensing::IpcConnector] Successfully connected to: "LicenseClient-worlesenric" at "2026-09-26T09:39:04.689273Z"
[SignatureVerifier] Application signature verification not supported on this platform.

COMMAND LINE ARGUMENTS:
/home/worlesenric/Unity/Hub/Editor/6000.0.75f1/Editor/Unity
-batchmode
-nographics
-quit
-projectPath
/home/worlesenric/wkspace/gc-wt/gc-025/unity/GameCore.NegativeCheck
-executeMethod
GameCore.Validation.Editor.ProbeCatalogGenerator.GenerateCatalog
-logFile
/home/worlesenric/wkspace/gc-wt/gc-025/artifacts/gc-025/negative/codegen.log
Successfully changed project path to: /home/worlesenric/wkspace/gc-wt/gc-025/unity/GameCore.NegativeCheck

(process:921188): Gtk-CRITICAL **: 17:39:04.694: gtk_label_set_text: assertion 'GTK_IS_LABEL (label)' failed

(process:921188): Gtk-CRITICAL **: 17:39:04.694: gtk_label_set_text: assertion 'GTK_IS_LABEL (label)' failed
/home/worlesenric/wkspace/gc-wt/gc-025/unity/GameCore.NegativeCheck
[UnityMemory] Configuration Parameters - Can be set up in boot.config
    "memorysetup-bucket-allocator-granularity=16"
    "memorysetup-bucket-allocator-bucket-count=8"
    "memorysetup-bucket-allocator-block-size=33554432"
    "memorysetup-bucket-allocator-block-count=8"
    "memorysetup-main-allocator-block-size=16777216"
    "memorysetup-thread-allocator-block-size=16777216"
    "memorysetup-gfx-main-allocator-block-size=16777216"
    "memorysetup-gfx-thread-allocator-block-size=16777216"
    "memorysetup-cache-allocator-block-size=4194304"
    "memorysetup-typetree-allocator-block-size=2097152"
    "memorysetup-profiler-bucket-allocator-granularity=16"
    "memorysetup-profiler-bucket-allocator-bucket-count=8"
    "memorysetup-profiler-bucket-allocator-block-size=33554432"
    "memorysetup-profiler-bucket-allocator-block-count=8"
    "memorysetup-profiler-allocator-block-size=16777216"
    "memorysetup-profiler-editor-allocator-block-size=1048576"
    "memorysetup-temp-allocator-size-main=16777216"
    "memorysetup-job-temp-allocator-block-size=2097152"
    "memorysetup-job-temp-allocator-block-size-background=1048576"
    "memorysetup-job-temp-allocator-reduction-small-platforms=262144"
    "memorysetup-allocator-temp-initial-block-size-main=262144"
    "memorysetup-allocator-temp-initial-block-size-worker=262144"
    "memorysetup-temp-allocator-size-background-worker=32768"
    "memorysetup-temp-allocator-size-job-worker=262144"
    "memorysetup-temp-allocator-size-preload-manager=33554432"
    "memorysetup-temp-allocator-size-nav-mesh-worker=65536"
    "memorysetup-temp-allocator-size-audio-worker=65536"
    "memorysetup-temp-allocator-size-cloud-worker=32768"
    "memorysetup-temp-allocator-size-gi-baking-worker=262144"
    "memorysetup-temp-allocator-size-gi-baking-worker=262144"
    "memorysetup-temp-allocator-size-gi-baking-worker=262144"
    "memorysetup-temp-allocator-size-gi-baking-worker=262144"
    "memorysetup-temp-allocator-size-gi-baking-worker=262144"
    "memorysetup-temp-allocator-size-gfx=262144"
[Licensing::Client] Handshaking with LicensingClient:
  Version:                 1.18.3+d7ffd15
  Session Id:              3314f98cd22c43e6bab1933e7d9356f8
  Correlation Id:          a4aac8f8da2bbfc2169791db8bc4c264
  External correlation Id: 7987778170306375192
  Machine Id:              jd93gYTNlAg1qIhTY9iII/nAhSo=
[Licensing::Module] Successfully connected to LicensingClient on channel: "LicenseClient-worlesenric" (connect: 0.00s, validation: 0.01s, handshake: 0.00s)
[Licensing::IpcConnector] Successfully connected to: "LicenseClient-worlesenric-notifications" at "2026-09-26T09:39:04.695888Z"
[Licensing::Module] Error: Access token is unavailable; failed to update
Player connection [136858008274240]  Target information:

Player connection [136858008274240]  * "[IP] 192.168.0.21 [Port] 55504 [Flags] 2 [Guid] 3773939904 [EditorId] 3773939904 [Version] 1048832 [Id] LinuxEditor(16,192.168.0.21) [Debug] 1 [PackageName] LinuxEditor [ProjectName] Editor" 

Player connection [136858008274240]  * "[IP] 100.66.195.58 [Port] 55504 [Flags] 2 [Guid] 3773939904 [EditorId] 3773939904 [Version] 1048832 [Id] LinuxEditor(16,192.168.0.21) [Debug] 1 [PackageName] LinuxEditor [ProjectName] Editor" 

Player connection [136858008274240]  * "[IP] 172.18.0.1 [Port] 55504 [Flags] 2 [Guid] 3773939904 [EditorId] 3773939904 [Version] 1048832 [Id] LinuxEditor(16,192.168.0.21) [Debug] 1 [PackageName] LinuxEditor [ProjectName] Editor" 

Player connection [136858008274240]  * "[IP] 172.17.0.1 [Port] 55504 [Flags] 2 [Guid] 3773939904 [EditorId] 3773939904 [Version] 1048832 [Id] LinuxEditor(16,192.168.0.21) [Debug] 1 [PackageName] LinuxEditor [ProjectName] Editor" 

Player connection [136858008274240]  * "[IP] 10.42.0.0 [Port] 55504 [Flags] 2 [Guid] 3773939904 [EditorId] 3773939904 [Version] 1048832 [Id] LinuxEditor(16,192.168.0.21) [Debug] 1 [PackageName] LinuxEditor [ProjectName] Editor" 

Player connection [136858008274240]  * "[IP] 10.42.0.1 [Port] 55504 [Flags] 2 [Guid] 3773939904 [EditorId] 3773939904 [Version] 1048832 [Id] LinuxEditor(16,192.168.0.21) [Debug] 1 [PackageName] LinuxEditor [ProjectName] Editor" 

Player connection [136858008274240] Host joined multi-casting on [225.0.0.222:54997]...
Player connection [136858008274240] Host joined alternative multi-casting on [225.0.0.222:34997]...
[Licensing::Client] Successfully resolved entitlement details
[Licensing::Module] License group:
  Id: 1375999166540-UnityPersXXXX
  Product: Unity Personal
  Type: Assigned
  Expiration: Unlimited
Input System module state changed to: Initialized.
[Licensing::Client] Successfully updated license, isAsync: True, time: 0.00
[Physics::Module] Initialized fallback backend.
[Physics::Module] Id: 0xdecafbad
[Licensing::Client] Successfully resolved entitlement details
[Licensing::Module] Licensing Background thread has ended after 0.02s
[Package Manager] Connected to IPC stream "Upm-921188" after 0.3 seconds.
Library Redirect Path: Library/
Rebuilding Library because the asset database could not be found!
[Physics::Module] Selected backend.
[Physics::Module] Name: PhysX
[Physics::Module] Id: 0xf2b8ea05
[Physics::Module] SDK Version: 4.1.2
[Physics::Module] Integration Version: 1.0.0
[Physics::Module] Threading Mode: Multi-Threaded
Refreshing native plugins compatible for Editor in 0.00 ms, found 0 plugins.
Preloading 0 native plugins for Editor in 0.00 ms.
Initialize engine version: 6000.0.75f1 (26349cd2a5c8)
[Subsystems] Discovering subsystems at path /home/worlesenric/Unity/Hub/Editor/6000.0.75f1/Editor/Data/Resources/UnitySubsystems
[Subsystems] Discovering subsystems at path /home/worlesenric/wkspace/gc-wt/gc-025/unity/GameCore.NegativeCheck/Assets
Forcing GfxDevice: Null
GfxDevice: creating device client; kGfxThreadingModeNonThreaded
NullGfxDevice:
    Version:  NULL 1.0 [1.0]
    Renderer: Null Device
    Vendor:   Unity Technologies
Initialize mono
Mono path[0] = '/home/worlesenric/Unity/Hub/Editor/6000.0.75f1/Editor/Data/Managed'
Mono path[1] = '/home/worlesenric/Unity/Hub/Editor/6000.0.75f1/Editor/Data/MonoBleedingEdge/lib/mono/unityjit-linux'
Mono config path = '/home/worlesenric/Unity/Hub/Editor/6000.0.75f1/Editor/Data/MonoBleedingEdge/etc'
Using monoOptions --debugger-agent=transport=dt_socket,embedding=1,server=y,suspend=n,address=127.0.0.1:56188
Using cacheserver namespaces - metadata:defaultmetadata, artifacts:defaultartifacts
Using cacheserver namespaces - metadata:defaultmetadata, artifacts:defaultartifacts
ImportWorker Server TCP listen port: 0
AcceleratorClientConnectionCallback - disconnected - :0
Begin MonoManager ReloadAssembly
Registering precompiled unity dll's ...
Register platform support module: /home/worlesenric/Unity/Hub/Editor/6000.0.75f1/Editor/Data/PlaybackEngines/MacStandaloneSupport/UnityEditor.OSXStandalone.Extensions.dll
Register platform support module: /home/worlesenric/Unity/Hub/Editor/6000.0.75f1/Editor/Data/PlaybackEngines/LinuxStandaloneSupport/UnityEditor.LinuxStandalone.Extensions.dll
Registered in 0.012924 seconds.
- Loaded All Assemblies, in  0.462 seconds
Native extension for LinuxStandalone target not found
Package Manager log level set to [2]
[Licensing::Client] Successfully resolved entitlement details
Native extension for OSXStandalone target not found
Mono: successfully reloaded assembly
- Finished resetting the current domain, in 13.682 seconds
Domain Reload Profiling: 14145ms
	BeginReloadAssembly (241ms)
		ExecutionOrderSort (0ms)
		DisableScriptedObjects (0ms)
		BackupInstance (0ms)
		ReleaseScriptingObjects (0ms)
		CreateAndSetChildDomain (0ms)
	RebuildCommonClasses (34ms)
	RebuildNativeTypeToScriptingClass (5ms)
	initialDomainReloadingComplete (57ms)
	LoadAllAssembliesAndSetupDomain (125ms)
		LoadAssemblies (243ms)
		RebuildTransferFunctionScriptingTraits (0ms)
		AnalyzeDomain (118ms)
			TypeCache.Refresh (116ms)
				TypeCache.ScanAssembly (105ms)
			BuildScriptInfoCaches (0ms)
			ResolveRequiredComponents (2ms)
	FinalizeReload (13683ms)
		ReleaseScriptCaches (0ms)
		RebuildScriptCaches (0ms)
		SetupLoadedEditorAssemblies (13659ms)
			LogAssemblyErrors (0ms)
			InitializePlatformSupportModulesInManaged (13478ms)
			SetLoadedEditorAssemblies (5ms)
			BeforeProcessingInitializeOnLoad (41ms)
			ProcessInitializeOnLoadAttributes (100ms)
			ProcessInitializeOnLoadMethodAttributes (35ms)
			AfterProcessingInitializeOnLoad (0ms)
			EditorAssembliesLoaded (0ms)
		ExecutionOrderSort2 (0ms)
		AwakeInstancesAfterBackupRestoration (0ms)
[Licensing::Client] Successfully resolved entitlement details
Application.AssetDatabase Initial Refresh Start
[Package Manager] Done resolving packages in 0.92 seconds
[Licensing::Client] Successfully resolved entitlement details
[Package Manager] Registered 39 packages:
  Packages from [https://packages.unity.com]:
    com.unity.burst@1.8.28 (location: /home/worlesenric/wkspace/gc-wt/gc-025/unity/GameCore.NegativeCheck/Library/PackageCache/com.unity.burst@07790c2d06d9)
    com.unity.collections@2.6.6 (location: /home/worlesenric/wkspace/gc-wt/gc-025/unity/GameCore.NegativeCheck/Library/PackageCache/com.unity.collections@9796e5ee0d9e)
    com.unity.entities@1.4.6 (location: /home/worlesenric/wkspace/gc-wt/gc-025/unity/GameCore.NegativeCheck/Library/PackageCache/com.unity.entities@e90944159b94)
    com.unity.mathematics@1.3.2 (location: /home/worlesenric/wkspace/gc-wt/gc-025/unity/GameCore.NegativeCheck/Library/PackageCache/com.unity.mathematics@8017b507cc74)
    com.unity.toolchain.linux-x86_64@2.0.11 (location: /home/worlesenric/wkspace/gc-wt/gc-025/unity/GameCore.NegativeCheck/Library/PackageCache/com.unity.toolchain.linux-x86_64@53b88ff74b51)
    com.unity.sysroot@2.0.10 (location: /home/worlesenric/wkspace/gc-wt/gc-025/unity/GameCore.NegativeCheck/Library/PackageCache/com.unity.sysroot@7bbbb9339c14)
    com.unity.sysroot.linux-x86_64@2.0.9 (location: /home/worlesenric/wkspace/gc-wt/gc-025/unity/GameCore.NegativeCheck/Library/PackageCache/com.unity.sysroot.linux-x86_64@1998d1c7730e)
    com.unity.serialization@3.1.5 (location: /home/worlesenric/wkspace/gc-wt/gc-025/unity/GameCore.NegativeCheck/Library/PackageCache/com.unity.serialization@c463b52e88d7)
    com.unity.profiling.core@1.0.3 (location: /home/worlesenric/wkspace/gc-wt/gc-025/unity/GameCore.NegativeCheck/Library/PackageCache/com.unity.profiling.core@8a49f7027d06)
    com.unity.nuget.mono-cecil@1.11.6 (location: /home/worlesenric/wkspace/gc-wt/gc-025/unity/GameCore.NegativeCheck/Library/PackageCache/com.unity.nuget.mono-cecil@ecb9724e46ff)
    com.unity.scriptablebuildpipeline@2.6.1 (location: /home/worlesenric/wkspace/gc-wt/gc-025/unity/GameCore.NegativeCheck/Library/PackageCache/com.unity.scriptablebuildpipeline@36e3b5898ee2)
    com.unity.test-framework.performance@3.4.0 (location: /home/worlesenric/wkspace/gc-wt/gc-025/unity/GameCore.NegativeCheck/Library/PackageCache/com.unity.test-framework.performance@aa81a99c4a75)
  Built-in packages:
    com.unity.modules.assetbundle@1.0.0 (location: /home/worlesenric/wkspace/gc-wt/gc-025/unity/GameCore.NegativeCheck/Library/PackageCache/com.unity.modules.assetbundle)
    com.unity.modules.audio@1.0.0 (location: /home/worlesenric/wkspace/gc-wt/gc-025/unity/GameCore.NegativeCheck/Library/PackageCache/com.unity.modules.audio)
    com.unity.modules.imageconversion@1.0.0 (location: /home/worlesenric/wkspace/gc-wt/gc-025/unity/GameCore.NegativeCheck/Library/PackageCache/com.unity.modules.imageconversion)
    com.unity.modules.imgui@1.0.0 (location: /home/worlesenric/wkspace/gc-wt/gc-025/unity/GameCore.NegativeCheck/Library/PackageCache/com.unity.modules.imgui)
    com.unity.modules.jsonserialize@1.0.0 (location: /home/worlesenric/wkspace/gc-wt/gc-025/unity/GameCore.NegativeCheck/Library/PackageCache/com.unity.modules.jsonserialize)
    com.unity.modules.physics@1.0.0 (location: /home/worlesenric/wkspace/gc-wt/gc-025/unity/GameCore.NegativeCheck/Library/PackageCache/com.unity.modules.physics)
    com.unity.modules.ui@1.0.0 (location: /home/worlesenric/wkspace/gc-wt/gc-025/unity/GameCore.NegativeCheck/Library/PackageCache/com.unity.modules.ui)
    com.unity.modules.uielements@1.0.0 (location: /home/worlesenric/wkspace/gc-wt/gc-025/unity/GameCore.NegativeCheck/Library/PackageCache/com.unity.modules.uielements)
    com.unity.modules.unityanalytics@1.0.0 (location: /home/worlesenric/wkspace/gc-wt/gc-025/unity/GameCore.NegativeCheck/Library/PackageCache/com.unity.modules.unityanalytics)
    com.unity.modules.unitywebrequest@1.0.0 (location: /home/worlesenric/wkspace/gc-wt/gc-025/unity/GameCore.NegativeCheck/Library/PackageCache/com.unity.modules.unitywebrequest)
    com.unity.modules.hierarchycore@1.0.0 (location: /home/worlesenric/wkspace/gc-wt/gc-025/unity/GameCore.NegativeCheck/Library/PackageCache/com.unity.modules.hierarchycore)
    com.unity.test-framework@1.6.0 (location: /home/worlesenric/wkspace/gc-wt/gc-025/unity/GameCore.NegativeCheck/Library/PackageCache/com.unity.test-framework@bd52b1c23814)
    com.unity.ext.nunit@2.0.5 (location: /home/worlesenric/wkspace/gc-wt/gc-025/unity/GameCore.NegativeCheck/Library/PackageCache/com.unity.ext.nunit@b16e6d09cd93)
  Local packages:
    com.gamecore.composition@file:/home/worlesenric/wkspace/gc-wt/gc-025/Packages/com.gamecore.composition (location: /home/worlesenric/wkspace/gc-wt/gc-025/Packages/com.gamecore.composition)
    com.gamecore.contracts@file:/home/worlesenric/wkspace/gc-wt/gc-025/Packages/com.gamecore.contracts (location: /home/worlesenric/wkspace/gc-wt/gc-025/Packages/com.gamecore.contracts)
    com.gamecore.content.compiler@file:/home/worlesenric/wkspace/gc-wt/gc-025/Packages/com.gamecore.content.compiler (location: /home/worlesenric/wkspace/gc-wt/gc-025/Packages/com.gamecore.content.compiler)
    com.gamecore.derivation@file:/home/worlesenric/wkspace/gc-wt/gc-025/Packages/com.gamecore.derivation (location: /home/worlesenric/wkspace/gc-wt/gc-025/Packages/com.gamecore.derivation)
    com.gamecore.gameplay.cards@file:/home/worlesenric/wkspace/gc-wt/gc-025/Packages/com.gamecore.gameplay.cards (location: /home/worlesenric/wkspace/gc-wt/gc-025/Packages/com.gamecore.gameplay.cards)
    com.gamecore.gameplay.integration@file:/home/worlesenric/wkspace/gc-wt/gc-025/Packages/com.gamecore.gameplay.integration (location: /home/worlesenric/wkspace/gc-wt/gc-025/Packages/com.gamecore.gameplay.integration)
    com.gamecore.gameplay.narrative@file:/home/worlesenric/wkspace/gc-wt/gc-025/Packages/com.gamecore.gameplay.narrative (location: /home/worlesenric/wkspace/gc-wt/gc-025/Packages/com.gamecore.gameplay.narrative)
    com.gamecore.gameplay.traversal@file:/home/worlesenric/wkspace/gc-wt/gc-025/Packages/com.gamecore.gameplay.traversal (location: /home/worlesenric/wkspace/gc-wt/gc-025/Packages/com.gamecore.gameplay.traversal)
    com.gamecore.planning@file:/home/worlesenric/wkspace/gc-wt/gc-025/Packages/com.gamecore.planning (location: /home/worlesenric/wkspace/gc-wt/gc-025/Packages/com.gamecore.planning)
    com.gamecore.rules.cards@file:/home/worlesenric/wkspace/gc-wt/gc-025/Packages/com.gamecore.rules.cards (location: /home/worlesenric/wkspace/gc-wt/gc-025/Packages/com.gamecore.rules.cards)
    com.gamecore.rules.narrative@file:/home/worlesenric/wkspace/gc-wt/gc-025/Packages/com.gamecore.rules.narrative (location: /home/worlesenric/wkspace/gc-wt/gc-025/Packages/com.gamecore.rules.narrative)
    com.gamecore.rules.traversal@file:/home/worlesenric/wkspace/gc-wt/gc-025/Packages/com.gamecore.rules.traversal (location: /home/worlesenric/wkspace/gc-wt/gc-025/Packages/com.gamecore.rules.traversal)
    com.gamecore.unity.adapters@file:/home/worlesenric/wkspace/gc-wt/gc-025/Packages/com.gamecore.unity.adapters (location: /home/worlesenric/wkspace/gc-wt/gc-025/Packages/com.gamecore.unity.adapters)
    com.gamecore.unity.runtime@file:/home/worlesenric/wkspace/gc-wt/gc-025/Packages/com.gamecore.unity.runtime (location: /home/worlesenric/wkspace/gc-wt/gc-025/Packages/com.gamecore.unity.runtime)
[Subsystems] No new subsystems found in resolved package list.
[Package Manager] Done registering packages in 0.00 seconds
Assembly reference Packages/com.unity.entities/Unity.Scenes.Editor/Internals/Properties/Unity.Properties.Internals.asmref has no target assembly definition
Assembly reference Packages/com.unity.entities/Unity.Scenes.Editor/Internals/Properties/Unity.Properties.Internals.asmref has no target assembly definition
[API Updater] Processing imported assemblies took 40 ms (0/0 assembly(ies)).
Assembly Updater Post Process Assets time: 0.041905s
[ScriptCompilation] Requested script compilation because: Assembly Definition File(s) changed
[ScriptCompilation] Requested script compilation because: Assetdatabase observed changes in script compilation related files
[40m[32minfo[39m[22m[49m: Microsoft.Hosting.Lifetime[14]
      Now listening on: http://unix:/tmp/ilpp.sock-6cf08c99a04fd5175615adbb27e4c665
[40m[32minfo[39m[22m[49m: Microsoft.Hosting.Lifetime[0]
      Application started. Press Ctrl+C to shut down.
[40m[32minfo[39m[22m[49m: Microsoft.Hosting.Lifetime[0]
      Hosting environment: Production
[40m[32minfo[39m[22m[49m: Microsoft.Hosting.Lifetime[0]
      Content root path: /home/worlesenric/wkspace/gc-wt/gc-025/unity/GameCore.NegativeCheck/
[40m[32minfo[39m[22m[49m: Microsoft.AspNetCore.Hosting.Diagnostics[1]
      Request starting HTTP/2 POST http://ilpp/UnityILPP.PostProcessing/Ping application/grpc -
[40m[32minfo[39m[22m[49m: Microsoft.AspNetCore.Routing.EndpointMiddleware[0]
      Executing endpoint 'gRPC - /UnityILPP.PostProcessing/Ping'
[40m[32minfo[39m[22m[49m: Microsoft.AspNetCore.Routing.EndpointMiddleware[1]
      Executed endpoint 'gRPC - /UnityILPP.PostProcessing/Ping'
[40m[32minfo[39m[22m[49m: Microsoft.AspNetCore.Hosting.Diagnostics[2]
      Request finished HTTP/2 POST http://ilpp/UnityILPP.PostProcessing/Ping application/grpc - - 200 - application/grpc 70.8156ms
Starting: /home/worlesenric/Unity/Hub/Editor/6000.0.75f1/Editor/Data/bee_backend --ipc --defer-dag-verification --dagfile="Library/Bee/2400b0aE.dag" --continue-on-failure --profile="Library/Bee/backend1.traceevents" ScriptAssemblies
WorkingDir: /home/worlesenric/wkspace/gc-wt/gc-025/unity/GameCore.NegativeCheck
ExitCode: 4 Duration: 0s20ms
[             ] Require frontend run.  Library/Bee/2400b0aE.dag couldn't be loaded
DisplayProgressbar: Compiling Scripts
Starting: /home/worlesenric/Unity/Hub/Editor/6000.0.75f1/Editor/Data/Tools/netcorerun/netcorerun "/home/worlesenric/Unity/Hub/Editor/6000.0.75f1/Editor/Data/Tools/BuildPipeline/ScriptCompilationBuildProgram.exe" "Library/Bee/2400b0aE.dag.json" "Library/Bee/2400b0aE-inputdata.json" "Library/Bee/buildprogram0.traceevents"
WorkingDir: /home/worlesenric/wkspace/gc-wt/gc-025/unity/GameCore.NegativeCheck
ExitCode: 0 Duration: 0s758ms
Starting: /home/worlesenric/Unity/Hub/Editor/6000.0.75f1/Editor/Data/bee_backend --ipc --defer-dag-verification --dagfile="Library/Bee/2400b0aE.dag" --continue-on-failure --dagfilejson="Library/Bee/2400b0aE.dag.json" --profile="Library/Bee/backend2.traceevents" ScriptAssemblies
WorkingDir: /home/worlesenric/wkspace/gc-wt/gc-025/unity/GameCore.NegativeCheck
[40m[32minfo[39m[22m[49m: Microsoft.AspNetCore.Hosting.Diagnostics[1]
      Request starting HTTP/2 POST http://ilpp/UnityILPP.PostProcessing/ConfigurePostProcessors application/grpc -
[40m[32minfo[39m[22m[49m: Microsoft.AspNetCore.Routing.EndpointMiddleware[0]
      Executing endpoint 'gRPC - /UnityILPP.PostProcessing/ConfigurePostProcessors'
[40m[1m[33mwarn[39m[22m[49m: Unity.ILPP.Runner.PostProcessingAssemblyLoadContext[0]
      Assembly system.runtime.interopservices.windowsruntime has duplicate hint path. Ignoring "/home/worlesenric/Unity/Hub/Editor/6000.0.75f1/Editor/Data/UnityReferenceAssemblies/unity-4.8-api/Facades/System.Runtime.InteropServices.WindowsRuntime.dll" in favor of "/home/worlesenric/Unity/Hub/Editor/6000.0.75f1/Editor/Data/NetStandard/Extensions/2.0.0/System.Runtime.InteropServices.WindowsRuntime.dll"
[40m[1m[33mwarn[39m[22m[49m: Unity.ILPP.Runner.PostProcessingAssemblyLoadContext[0]
      Assembly system.componentmodel.composition has duplicate hint path. Ignoring "/home/worlesenric/Unity/Hub/Editor/6000.0.75f1/Editor/Data/UnityReferenceAssemblies/unity-4.8-api/System.ComponentModel.Composition.dll" in favor of "/home/worlesenric/Unity/Hub/Editor/6000.0.75f1/Editor/Data/NetStandard/compat/2.1.0/shims/netfx/System.ComponentModel.Composition.dll"
[40m[32minfo[39m[22m[49m: Unity.ILPP.Runner.PostProcessingAssemblyLoadContext[0]
      Resolved Unity.Burst.Cecil, Version=0.11.4.0, Culture=neutral, PublicKeyToken=50cebf1cceb9d05e with Library/PackageCache/com.unity.burst@07790c2d06d9/Unity.Burst.CodeGen/Unity.Burst.Cecil.dll
[40m[32minfo[39m[22m[49m: Unity.ILPP.Runner.PostProcessingAssemblyLoadContext[0]
      Resolved Mono.Cecil, Version=0.11.5.0, Culture=neutral, PublicKeyToken=50cebf1cceb9d05e with Library/PackageCache/com.unity.nuget.mono-cecil@ecb9724e46ff/Mono.Cecil.dll
[40m[32minfo[39m[22m[49m: Unity.ILPP.Runner.PostProcessingAssemblyLoadContext[0]
      Resolved Unity.Entities, Version=0.0.0.0, Culture=neutral, PublicKeyToken=null with Library/Bee/artifacts/2400b0aE.dag/Unity.Entities.dll
[40m[32minfo[39m[22m[49m: Microsoft.AspNetCore.Routing.EndpointMiddleware[1]
      Executed endpoint 'gRPC - /UnityILPP.PostProcessing/ConfigurePostProcessors'
[40m[32minfo[39m[22m[49m: Microsoft.AspNetCore.Hosting.Diagnostics[2]
      Request finished HTTP/2 POST http://ilpp/UnityILPP.PostProcessing/ConfigurePostProcessors application/grpc - - 200 - application/grpc 28.7758ms
[40m[32minfo[39m[22m[49m: Microsoft.AspNetCore.Hosting.Diagnostics[1]
      Request starting HTTP/2 POST http://ilpp/UnityILPP.PostProcessing/PostProcessAssembly application/grpc -
[40m[32minfo[39m[22m[49m: Microsoft.AspNetCore.Routing.EndpointMiddleware[0]
      Executing endpoint 'gRPC - /UnityILPP.PostProcessing/PostProcessAssembly'
[40m[32minfo[39m[22m[49m: Microsoft.AspNetCore.Hosting.Diagnostics[1]
      Request starting HTTP/2 POST http://ilpp/UnityILPP.PostProcessing/PostProcessAssembly application/grpc -
[40m[32minfo[39m[22m[49m: Microsoft.AspNetCore.Routing.EndpointMiddleware[0]
      Executing endpoint 'gRPC - /UnityILPP.PostProcessing/PostProcessAssembly'
[40m[32minfo[39m[22m[49m: Microsoft.AspNetCore.Hosting.Diagnostics[1]
      Request starting HTTP/2 POST http://ilpp/UnityILPP.PostProcessing/PostProcessAssembly application/grpc -
[40m[32minfo[39m[22m[49m: Microsoft.AspNetCore.Routing.EndpointMiddleware[0]
      Executing endpoint 'gRPC - /UnityILPP.PostProcessing/PostProcessAssembly'
[40m[32minfo[39m[22m[49m: Unity.ILPP.Runner.PostProcessingPipeline[0]
      Processing assembly Library/Bee/artifacts/2400b0aE.dag/Unity.ScriptableBuildPipeline.dll, with 124 defines and 227 references
[40m[32minfo[39m[22m[49m: Unity.ILPP.Runner.PostProcessingPipeline[0]
      Processing assembly Library/Bee/artifacts/2400b0aE.dag/Unity.Burst.dll, with 124 defines and 222 references
[40m[32minfo[39m[22m[49m: Unity.ILPP.Runner.PostProcessingPipeline[0]
      Processing assembly Library/Bee/artifacts/2400b0aE.dag/GameCore.Derivation.Fixtures.dll, with 124 defines and 131 references
[40m[32minfo[39m[22m[49m: Microsoft.AspNetCore.Hosting.Diagnostics[1]
      Request starting HTTP/2 POST http://ilpp/UnityILPP.PostProcessing/PostProcessAssembly application/grpc -
[40m[32minfo[39m[22m[49m: Microsoft.AspNetCore.Hosting.Diagnostics[1]
      Request starting HTTP/2 POST http://ilpp/UnityILPP.PostProcessing/PostProcessAssembly application/grpc -
[40m[32minfo[39m[22m[49m: Microsoft.AspNetCore.Routing.EndpointMiddleware[0]
      Executing endpoint 'gRPC - /UnityILPP.PostProcessing/PostProcessAssembly'
[40m[32minfo[39m[22m[49m: Microsoft.AspNetCore.Routing.EndpointMiddleware[0]
      Executing endpoint 'gRPC - /UnityILPP.PostProcessing/PostProcessAssembly'
[40m[32minfo[39m[22m[49m: Unity.ILPP.Runner.PostProcessingPipeline[0]
      Processing assembly Library/Bee/artifacts/2400b0aE.dag/GameCore.Contracts.dll, with 124 defines and 129 references
[40m[32minfo[39m[22m[49m: Microsoft.AspNetCore.Hosting.Diagnostics[1]
      Request starting HTTP/2 POST http://ilpp/UnityILPP.PostProcessing/PostProcessAssembly application/grpc -
[40m[32minfo[39m[22m[49m: Microsoft.AspNetCore.Routing.EndpointMiddleware[0]
      Executing endpoint 'gRPC - /UnityILPP.PostProcessing/PostProcessAssembly'
[40m[32minfo[39m[22m[49m: Unity.ILPP.Runner.PostProcessingPipeline[0]
      Processing assembly Library/Bee/artifacts/2400b0aE.dag/GameCore.Derivation.dll, with 124 defines and 130 references
[40m[32minfo[39m[22m[49m: Unity.ILPP.Runner.PostProcessingPipeline[0]
      processors: Unity.Entities.CodeGen.EntitiesILPostProcessors, Unity.Jobs.CodeGen.JobsILPostProcessor, zzzUnity.Burst.CodeGen.BurstILPostProcessor
[40m[32minfo[39m[22m[49m: Unity.ILPP.Runner.PostProcessingPipeline[0]
      processors: Unity.Entities.CodeGen.EntitiesILPostProcessors, Unity.Jobs.CodeGen.JobsILPostProcessor, zzzUnity.Burst.CodeGen.BurstILPostProcessor
[40m[32minfo[39m[22m[49m: Unity.ILPP.Runner.PostProcessingPipeline[0]
      Processing assembly Library/Bee/artifacts/2400b0aE.dag/GameCore.Composition.dll, with 124 defines and 130 references
[40m[32minfo[39m[22m[49m: Unity.ILPP.Runner.PostProcessingPipeline[0]
      processors: Unity.Entities.CodeGen.EntitiesILPostProcessors, Unity.Jobs.CodeGen.JobsILPostProcessor, zzzUnity.Burst.CodeGen.BurstILPostProcessor
[40m[32minfo[39m[22m[49m: Microsoft.AspNetCore.Hosting.Diagnostics[1]
      Request starting HTTP/2 POST http://ilpp/UnityILPP.PostProcessing/PostProcessAssembly application/grpc -
[40m[32minfo[39m[22m[49m: Microsoft.AspNetCore.Hosting.Diagnostics[1]
      Request starting HTTP/2 POST http://ilpp/UnityILPP.PostProcessing/PostProcessAssembly application/grpc -
[40m[32minfo[39m[22m[49m: Unity.ILPP.Runner.PostProcessingPipeline[0]
      processors: Unity.Entities.CodeGen.EntitiesILPostProcessors, Unity.Jobs.CodeGen.JobsILPostProcessor, zzzUnity.Burst.CodeGen.BurstILPostProcessor
[40m[32minfo[39m[22m[49m: Microsoft.AspNetCore.Routing.EndpointMiddleware[0]
      Executing endpoint 'gRPC - /UnityILPP.PostProcessing/PostProcessAssembly'
[40m[32minfo[39m[22m[49m: Microsoft.AspNetCore.Routing.EndpointMiddleware[0]
      Executing endpoint 'gRPC - /UnityILPP.PostProcessing/PostProcessAssembly'
[40m[32minfo[39m[22m[49m: Microsoft.AspNetCore.Hosting.Diagnostics[1]
      Request starting HTTP/2 POST http://ilpp/UnityILPP.PostProcessing/PostProcessAssembly application/grpc -
[40m[32minfo[39m[22m[49m: Microsoft.AspNetCore.Routing.EndpointMiddleware[0]
      Executing endpoint 'gRPC - /UnityILPP.PostProcessing/PostProcessAssembly'
[40m[32minfo[39m[22m[49m: Unity.ILPP.Runner.PostProcessingPipeline[0]
      Processing assembly Library/Bee/artifacts/2400b0aE.dag/GameCore.Gameplay.Cards.Fixtures.dll, with 124 defines and 236 references
[40m[32minfo[39m[22m[49m: Unity.ILPP.Runner.PostProcessingPipeline[0]
      Processing assembly Library/Bee/artifacts/2400b0aE.dag/Unity.PerformanceTesting.dll, with 125 defines and 220 references
[40m[32minfo[39m[22m[49m: Unity.ILPP.Runner.PostProcessingPipeline[0]
      processors: Unity.Entities.CodeGen.EntitiesILPostProcessors, Unity.Jobs.CodeGen.JobsILPostProcessor, zzzUnity.Burst.CodeGen.BurstILPostProcessor
[40m[32minfo[39m[22m[49m: Unity.ILPP.Runner.PostProcessingPipeline[0]
      processors: Unity.Entities.CodeGen.EntitiesILPostProcessors, Unity.Jobs.CodeGen.JobsILPostProcessor, zzzUnity.Burst.CodeGen.BurstILPostProcessor
[40m[32minfo[39m[22m[49m: Unity.ILPP.Runner.PostProcessingPipeline[0]
      processors: Unity.Entities.CodeGen.EntitiesILPostProcessors, Unity.Jobs.CodeGen.JobsILPostProcessor, zzzUnity.Burst.CodeGen.BurstILPostProcessor
[40m[32minfo[39m[22m[49m: Unity.ILPP.Runner.PostProcessingPipeline[0]
      processors: Unity.Entities.CodeGen.EntitiesILPostProcessors, Unity.Jobs.CodeGen.JobsILPostProcessor, zzzUnity.Burst.CodeGen.BurstILPostProcessor
[40m[32minfo[39m[22m[49m: Unity.ILPP.Runner.PostProcessingPipeline[0]
      Processing assembly Library/Bee/artifacts/2400b0aE.dag/Unity.Profiling.Core.dll, with 124 defines and 227 references
[40m[32minfo[39m[22m[49m: Unity.ILPP.Runner.PostProcessingPipeline[0]
      processors: Unity.Entities.CodeGen.EntitiesILPostProcessors, Unity.Jobs.CodeGen.JobsILPostProcessor, zzzUnity.Burst.CodeGen.BurstILPostProcessor
[40m[32minfo[39m[22m[49m: Unity.ILPP.Runner.PostProcessingPipeline[0]
      running Unity.Entities.CodeGen.EntitiesILPostProcessors
[40m[32minfo[39m[22m[49m: Unity.ILPP.Runner.PostProcessingPipeline[0]
      running Unity.Jobs.CodeGen.JobsILPostProcessor
[40m[32minfo[39m[22m[49m: Unity.ILPP.Runner.PostProcessingPipeline[0]
      running zzzUnity.Burst.CodeGen.BurstILPostProcessor
[40m[32minfo[39m[22m[49m: Microsoft.AspNetCore.Hosting.Diagnostics[1]
      Request starting HTTP/2 POST http://ilpp/UnityILPP.PostProcessing/PostProcessAssembly application/grpc -
[40m[32minfo[39m[22m[49m: Microsoft.AspNetCore.Routing.EndpointMiddleware[0]
      Executing endpoint 'gRPC - /UnityILPP.PostProcessing/PostProcessAssembly'
[40m[32minfo[39m[22m[49m: Unity.ILPP.Runner.PostProcessingPipeline[0]
      Processing assembly Library/Bee/artifacts/2400b0aE.dag/GameCore.Unity.Adapters.dll, with 124 defines and 232 references
[40m[32minfo[39m[22m[49m: Unity.ILPP.Runner.PostProcessingPipeline[0]
      processors: Unity.Entities.CodeGen.EntitiesILPostProcessors, Unity.Jobs.CodeGen.JobsILPostProcessor, zzzUnity.Burst.CodeGen.BurstILPostProcessor
[40m[32minfo[39m[22m[49m: Microsoft.AspNetCore.Hosting.Diagnostics[1]
      Request starting HTTP/2 POST http://ilpp/UnityILPP.PostProcessing/PostProcessAssembly application/grpc -
[40m[32minfo[39m[22m[49m: Microsoft.AspNetCore.Routing.EndpointMiddleware[0]
      Executing endpoint 'gRPC - /UnityILPP.PostProcessing/PostProcessAssembly'
[40m[32minfo[39m[22m[49m: Unity.ILPP.Runner.PostProcessingPipeline[0]
      Processing assembly Library/Bee/artifacts/2400b0aE.dag/Unity.Mathematics.Extensions.Hybrid.dll, with 124 defines and 231 references
[40m[32minfo[39m[22m[49m: Unity.ILPP.Runner.PostProcessingPipeline[0]
      processors: Unity.Entities.CodeGen.EntitiesILPostProcessors, Unity.Jobs.CodeGen.JobsILPostProcessor, zzzUnity.Burst.CodeGen.BurstILPostProcessor
[40m[32minfo[39m[22m[49m: Unity.ILPP.Runner.PostProcessingPipeline[0]
      running Unity.Entities.CodeGen.EntitiesILPostProcessors
[40m[32minfo[39m[22m[49m: Unity.ILPP.Runner.PostProcessingPipeline[0]
      running Unity.Jobs.CodeGen.JobsILPostProcessor
[40m[32minfo[39m[22m[49m: Unity.ILPP.Runner.PostProcessingPipeline[0]
      running Unity.Entities.CodeGen.EntitiesILPostProcessors
[40m[32minfo[39m[22m[49m: Unity.ILPP.Runner.PostProcessingPipeline[0]
      running Unity.Jobs.CodeGen.JobsILPostProcessor
[40m[32minfo[39m[22m[49m: Unity.ILPP.Runner.PostProcessingPipeline[0]
      running zzzUnity.Burst.CodeGen.BurstILPostProcessor
[40m[32minfo[39m[22m[49m: Unity.ILPP.Runner.PostProcessingPipeline[0]
      running Unity.Entities.CodeGen.EntitiesILPostProcessors
[40m[32minfo[39m[22m[49m: Unity.ILPP.Runner.PostProcessingPipeline[0]
      running Unity.Entities.CodeGen.EntitiesILPostProcessors
[40m[32minfo[39m[22m[49m: Unity.ILPP.Runner.PostProcessingPipeline[0]
      running Unity.Jobs.CodeGen.JobsILPostProcessor
[40m[32minfo[39m[22m[49m: Unity.ILPP.Runner.PostProcessingPipeline[0]
      running zzzUnity.Burst.CodeGen.BurstILPostProcessor
[40m[32minfo[39m[22m[49m: Unity.ILPP.Runner.PostProcessingPipeline[0]
      running Unity.Entities.CodeGen.EntitiesILPostProcessors
[40m[32minfo[39m[22m[49m: Microsoft.AspNetCore.Hosting.Diagnostics[1]
      Request starting HTTP/2 POST http://ilpp/UnityILPP.PostProcessing/PostProcessAssembly application/grpc -
[40m[32minfo[39m[22m[49m: Microsoft.AspNetCore.Routing.EndpointMiddleware[0]
      Executing endpoint 'gRPC - /UnityILPP.PostProcessing/PostProcessAssembly'
[40m[32minfo[39m[22m[49m: Unity.ILPP.Runner.PostProcessingPipeline[0]
      Processing assembly Library/Bee/artifacts/2400b0aE.dag/Unity.Entities.dll, with 128 defines and 233 references
[40m[32minfo[39m[22m[49m: Unity.ILPP.Runner.PostProcessingPipeline[0]
      processors: Unity.Entities.CodeGen.EntitiesILPostProcessors, Unity.Jobs.CodeGen.JobsILPostProcessor, zzzUnity.Burst.CodeGen.BurstILPostProcessor
[40m[32minfo[39m[22m[49m: Unity.ILPP.Runner.PostProcessingAssemblyLoadContext[0]
      Resolved Unity.Collections, Version=0.0.0.0, Culture=neutral, PublicKeyToken=null with Library/Bee/artifacts/2400b0aE.dag/Unity.Collections.dll
[40m[32minfo[39m[22m[49m: Microsoft.AspNetCore.Routing.EndpointMiddleware[1]
      Executed endpoint 'gRPC - /UnityILPP.PostProcessing/PostProcessAssembly'
[40m[32minfo[39m[22m[49m: Microsoft.AspNetCore.Routing.EndpointMiddleware[1]
      Executed endpoint 'gRPC - /UnityILPP.PostProcessing/PostProcessAssembly'
[40m[32minfo[39m[22m[49m: Unity.ILPP.Runner.PostProcessingAssemblyLoadContext[0]
      Resolved Mono.Cecil.Rocks, Version=0.11.5.0, Culture=neutral, PublicKeyToken=50cebf1cceb9d05e with Library/PackageCache/com.unity.nuget.mono-cecil@ecb9724e46ff/Mono.Cecil.Rocks.dll
[40m[32minfo[39m[22m[49m: Microsoft.AspNetCore.Hosting.Diagnostics[2]
      Request finished HTTP/2 POST http://ilpp/UnityILPP.PostProcessing/PostProcessAssembly application/grpc - - 200 - application/grpc 33.0003ms
[40m[32minfo[39m[22m[49m: Microsoft.AspNetCore.Hosting.Diagnostics[2]
      Request finished HTTP/2 POST http://ilpp/UnityILPP.PostProcessing/PostProcessAssembly application/grpc - - 200 - application/grpc 30.8782ms
[40m[32minfo[39m[22m[49m: Unity.ILPP.Runner.PostProcessingPipeline[0]
      running Unity.Entities.CodeGen.EntitiesILPostProcessors
[40m[32minfo[39m[22m[49m: Unity.ILPP.Runner.PostProcessingPipeline[0]
      running Unity.Entities.CodeGen.EntitiesILPostProcessors
[40m[32minfo[39m[22m[49m: Unity.ILPP.Runner.PostProcessingPipeline[0]
      running Unity.Jobs.CodeGen.JobsILPostProcessor
[40m[32minfo[39m[22m[49m: Unity.ILPP.Runner.PostProcessingPipeline[0]
      running zzzUnity.Burst.CodeGen.BurstILPostProcessor
[40m[32minfo[39m[22m[49m: Unity.ILPP.Runner.PostProcessingPipeline[0]
      running Unity.Entities.CodeGen.EntitiesILPostProcessors
[40m[32minfo[39m[22m[49m: Unity.ILPP.Runner.PostProcessingPipeline[0]
      running Unity.Jobs.CodeGen.JobsILPostProcessor
[40m[32minfo[39m[22m[49m: Unity.ILPP.Runner.PostProcessingPipeline[0]
      running Unity.Entities.CodeGen.EntitiesILPostProcessors
[40m[32minfo[39m[22m[49m: Unity.ILPP.Runner.PostProcessingPipeline[0]
      running Unity.Entities.CodeGen.EntitiesILPostProcessors
[40m[32minfo[39m[22m[49m: Unity.ILPP.Runner.PostProcessingPipeline[0]
      running zzzUnity.Burst.CodeGen.BurstILPostProcessor
[40m[32minfo[39m[22m[49m: Unity.ILPP.Runner.PostProcessingPipeline[0]
      running Unity.Jobs.CodeGen.JobsILPostProcessor
[40m[32minfo[39m[22m[49m: Unity.ILPP.Runner.PostProcessingPipeline[0]
      running zzzUnity.Burst.CodeGen.BurstILPostProcessor
[40m[32minfo[39m[22m[49m: Unity.ILPP.Runner.PostProcessingPipeline[0]
      running Unity.Jobs.CodeGen.JobsILPostProcessor
[40m[32minfo[39m[22m[49m: Unity.ILPP.Runner.PostProcessingPipeline[0]
      running zzzUnity.Burst.CodeGen.BurstILPostProcessor
[40m[32minfo[39m[22m[49m: Unity.ILPP.Runner.PostProcessingPipeline[0]
      running Unity.Entities.CodeGen.EntitiesILPostProcessors
[40m[32minfo[39m[22m[49m: Unity.ILPP.Runner.PostProcessingPipeline[0]
      running Unity.Jobs.CodeGen.JobsILPostProcessor
[40m[32minfo[39m[22m[49m: Unity.ILPP.Runner.PostProcessingPipeline[0]
      running zzzUnity.Burst.CodeGen.BurstILPostProcessor
[40m[32minfo[39m[22m[49m: Microsoft.AspNetCore.Routing.EndpointMiddleware[1]
      Executed endpoint 'gRPC - /UnityILPP.PostProcessing/PostProcessAssembly'
[40m[32minfo[39m[22m[49m: Microsoft.AspNetCore.Hosting.Diagnostics[2]
      Request finished HTTP/2 POST http://ilpp/UnityILPP.PostProcessing/PostProcessAssembly application/grpc - - 200 - application/grpc 32.4951ms
[40m[32minfo[39m[22m[49m: Microsoft.AspNetCore.Routing.EndpointMiddleware[1]
      Executed endpoint 'gRPC - /UnityILPP.PostProcessing/PostProcessAssembly'
[40m[32minfo[39m[22m[49m: Microsoft.AspNetCore.Hosting.Diagnostics[2]
      Request finished HTTP/2 POST http://ilpp/UnityILPP.PostProcessing/PostProcessAssembly application/grpc - - 200 - application/grpc 33.1645ms
[40m[32minfo[39m[22m[49m: Microsoft.AspNetCore.Routing.EndpointMiddleware[1]
      Executed endpoint 'gRPC - /UnityILPP.PostProcessing/PostProcessAssembly'
[40m[32minfo[39m[22m[49m: Microsoft.AspNetCore.Routing.EndpointMiddleware[1]
      Executed endpoint 'gRPC - /UnityILPP.PostProcessing/PostProcessAssembly'
[40m[32minfo[39m[22m[49m: Microsoft.AspNetCore.Hosting.Diagnostics[2]
      Request finished HTTP/2 POST http://ilpp/UnityILPP.PostProcessing/PostProcessAssembly application/grpc - - 200 - application/grpc 33.4405ms
[40m[32minfo[39m[22m[49m: Microsoft.AspNetCore.Hosting.Diagnostics[2]
      Request finished HTTP/2 POST http://ilpp/UnityILPP.PostProcessing/PostProcessAssembly application/grpc - - 200 - application/grpc 36.1911ms
[40m[32minfo[39m[22m[49m: Microsoft.AspNetCore.Routing.EndpointMiddleware[1]
      Executed endpoint 'gRPC - /UnityILPP.PostProcessing/PostProcessAssembly'
[40m[32minfo[39m[22m[49m: Microsoft.AspNetCore.Hosting.Diagnostics[2]
      Request finished HTTP/2 POST http://ilpp/UnityILPP.PostProcessing/PostProcessAssembly application/grpc - - 200 - application/grpc 33.9736ms
[40m[32minfo[39m[22m[49m: Microsoft.AspNetCore.Hosting.Diagnostics[1]
      Request starting HTTP/2 POST http://ilpp/UnityILPP.PostProcessing/PostProcessAssembly application/grpc -
[40m[32minfo[39m[22m[49m: Microsoft.AspNetCore.Routing.EndpointMiddleware[0]
      Executing endpoint 'gRPC - /UnityILPP.PostProcessing/PostProcessAssembly'
[40m[32minfo[39m[22m[49m: Unity.ILPP.Runner.PostProcessingPipeline[0]
      Processing assembly Library/Bee/artifacts/2400b0aE.dag/GameCore.Unity.Fixtures.dll, with 124 defines and 236 references
[40m[32minfo[39m[22m[49m: Unity.ILPP.Runner.PostProcessingPipeline[0]
      processors: Unity.Entities.CodeGen.EntitiesILPostProcessors, Unity.Jobs.CodeGen.JobsILPostProcessor, zzzUnity.Burst.CodeGen.BurstILPostProcessor
[40m[32minfo[39m[22m[49m: Unity.ILPP.Runner.PostProcessingPipeline[0]
      running Unity.Entities.CodeGen.EntitiesILPostProcessors
[40m[32minfo[39m[22m[49m: Unity.ILPP.Runner.PostProcessingAssemblyLoadContext[0]
      Resolved UnityEngine.CoreModule, Version=0.0.0.0, Culture=neutral, PublicKeyToken=null with /home/worlesenric/Unity/Hub/Editor/6000.0.75f1/Editor/Data/Managed/UnityEngine/UnityEngine.CoreModule.dll
[40m[32minfo[39m[22m[49m: Unity.ILPP.Runner.PostProcessingAssemblyLoadContext[0]
      Resolved Unity.Burst, Version=0.0.0.0, Culture=neutral, PublicKeyToken=null with Library/Bee/artifacts/2400b0aE.dag/Unity.Burst.dll
[40m[32minfo[39m[22m[49m: Microsoft.AspNetCore.Hosting.Diagnostics[1]
      Request starting HTTP/2 POST http://ilpp/UnityILPP.PostProcessing/PostProcessAssembly application/grpc -
[40m[32minfo[39m[22m[49m: Microsoft.AspNetCore.Routing.EndpointMiddleware[0]
      Executing endpoint 'gRPC - /UnityILPP.PostProcessing/PostProcessAssembly'
[40m[32minfo[39m[22m[49m: Unity.ILPP.Runner.PostProcessingPipeline[0]
      Processing assembly Library/Bee/artifacts/2400b0aE.dag/Unity.Collections.dll, with 126 defines and 229 references
[40m[32minfo[39m[22m[49m: Unity.ILPP.Runner.PostProcessingPipeline[0]
      processors: Unity.Entities.CodeGen.EntitiesILPostProcessors, Unity.Jobs.CodeGen.JobsILPostProcessor, zzzUnity.Burst.CodeGen.BurstILPostProcessor
[40m[32minfo[39m[22m[49m: Unity.ILPP.Runner.PostProcessingPipeline[0]
      running Unity.Entities.CodeGen.EntitiesILPostProcessors
[40m[32minfo[39m[22m[49m: Unity.ILPP.Runner.PostProcessingPipeline[0]
      running Unity.Jobs.CodeGen.JobsILPostProcessor
[40m[32minfo[39m[22m[49m: Unity.ILPP.Runner.PostProcessingAssemblyLoadContext[0]
      Resolved UnityEditor.CoreModule, Version=0.0.0.0, Culture=neutral, PublicKeyToken=null with /home/worlesenric/Unity/Hub/Editor/6000.0.75f1/Editor/Data/Managed/UnityEngine/UnityEditor.CoreModule.dll
[40m[32minfo[39m[22m[49m: Unity.ILPP.Runner.PostProcessingAssemblyLoadContext[0]
      Resolved Unity.Cecil.Awesome, Version=1.0.0.0, Culture=neutral, PublicKeyToken=null with Library/PackageCache/com.unity.entities@e90944159b94/Unity.Entities.CodeGen/Unity.Cecil.Awesome.dll
[40m[32minfo[39m[22m[49m: Unity.ILPP.Runner.PostProcessingPipeline[0]
      running zzzUnity.Burst.CodeGen.BurstILPostProcessor
[40m[32minfo[39m[22m[49m: Unity.ILPP.Runner.PostProcessingAssemblyLoadContext[0]
      Resolved Unity.Burst.Cecil.Rocks, Version=0.11.4.0, Culture=neutral, PublicKeyToken=50cebf1cceb9d05e with Library/PackageCache/com.unity.burst@07790c2d06d9/Unity.Burst.CodeGen/Unity.Burst.Cecil.Rocks.dll
[40m[32minfo[39m[22m[49m: Microsoft.AspNetCore.Hosting.Diagnostics[1]
      Request starting HTTP/2 POST http://ilpp/UnityILPP.PostProcessing/PostProcessAssembly application/grpc -
[40m[32minfo[39m[22m[49m: Microsoft.AspNetCore.Routing.EndpointMiddleware[0]
      Executing endpoint 'gRPC - /UnityILPP.PostProcessing/PostProcessAssembly'
[40m[32minfo[39m[22m[49m: Microsoft.AspNetCore.Hosting.Diagnostics[1]
      Request starting HTTP/2 POST http://ilpp/UnityILPP.PostProcessing/PostProcessAssembly application/grpc -
[40m[32minfo[39m[22m[49m: Microsoft.AspNetCore.Routing.EndpointMiddleware[0]
      Executing endpoint 'gRPC - /UnityILPP.PostProcessing/PostProcessAssembly'
[40m[32minfo[39m[22m[49m: Unity.ILPP.Runner.PostProcessingPipeline[0]
      Processing assembly Library/Bee/artifacts/2400b0aE.dag/GameCore.Validation.GeneratedTraversal.dll, with 124 defines and 230 references
[40m[32minfo[39m[22m[49m: Unity.ILPP.Runner.PostProcessingPipeline[0]
      processors: Unity.Entities.CodeGen.EntitiesILPostProcessors, Unity.Jobs.CodeGen.JobsILPostProcessor, zzzUnity.Burst.CodeGen.BurstILPostProcessor
[40m[32minfo[39m[22m[49m: Unity.ILPP.Runner.PostProcessingPipeline[0]
      Processing assembly Library/Bee/artifacts/2400b0aE.dag/GameCore.Validation.FamilyEntries.dll, with 124 defines and 233 references
[40m[32minfo[39m[22m[49m: Unity.ILPP.Runner.PostProcessingPipeline[0]
      processors: Unity.Entities.CodeGen.EntitiesILPostProcessors, Unity.Jobs.CodeGen.JobsILPostProcessor, zzzUnity.Burst.CodeGen.BurstILPostProcessor
[40m[32minfo[39m[22m[49m: Unity.ILPP.Runner.PostProcessingPipeline[0]
      running Unity.Entities.CodeGen.EntitiesILPostProcessors
[40m[32minfo[39m[22m[49m: Unity.ILPP.Runner.PostProcessingPipeline[0]
      running Unity.Jobs.CodeGen.JobsILPostProcessor
[40m[32minfo[39m[22m[49m: Unity.ILPP.Runner.PostProcessingPipeline[0]
      running zzzUnity.Burst.CodeGen.BurstILPostProcessor
[40m[32minfo[39m[22m[49m: Unity.ILPP.Runner.PostProcessingPipeline[0]
      running Unity.Entities.CodeGen.EntitiesILPostProcessors
[40m[32minfo[39m[22m[49m: Unity.ILPP.Runner.PostProcessingPipeline[0]
      running Unity.Jobs.CodeGen.JobsILPostProcessor
[40m[32minfo[39m[22m[49m: Unity.ILPP.Runner.PostProcessingPipeline[0]
      running zzzUnity.Burst.CodeGen.BurstILPostProcessor
[40m[32minfo[39m[22m[49m: Microsoft.AspNetCore.Routing.EndpointMiddleware[1]
      Executed endpoint 'gRPC - /UnityILPP.PostProcessing/PostProcessAssembly'
[40m[32minfo[39m[22m[49m: Microsoft.AspNetCore.Routing.EndpointMiddleware[1]
      Executed endpoint 'gRPC - /UnityILPP.PostProcessing/PostProcessAssembly'
[40m[32minfo[39m[22m[49m: Microsoft.AspNetCore.Hosting.Diagnostics[2]
      Request finished HTTP/2 POST http://ilpp/UnityILPP.PostProcessing/PostProcessAssembly application/grpc - - 200 - application/grpc 0.6958ms
[40m[32minfo[39m[22m[49m: Microsoft.AspNetCore.Hosting.Diagnostics[2]
      Request finished HTTP/2 POST http://ilpp/UnityILPP.PostProcessing/PostProcessAssembly application/grpc - - 200 - application/grpc 0.5815ms
[40m[32minfo[39m[22m[49m: Microsoft.AspNetCore.Hosting.Diagnostics[1]
      Request starting HTTP/2 POST http://ilpp/UnityILPP.PostProcessing/PostProcessAssembly application/grpc -
[40m[32minfo[39m[22m[49m: Microsoft.AspNetCore.Routing.EndpointMiddleware[0]
      Executing endpoint 'gRPC - /UnityILPP.PostProcessing/PostProcessAssembly'
[40m[32minfo[39m[22m[49m: Unity.ILPP.Runner.PostProcessingPipeline[0]
      Processing assembly Library/Bee/artifacts/2400b0aE.dag/GameCore.Gameplay.Traversal.Fixtures.dll, with 124 defines and 237 references
[40m[32minfo[39m[22m[49m: Unity.ILPP.Runner.PostProcessingPipeline[0]
      processors: Unity.Entities.CodeGen.EntitiesILPostProcessors, Unity.Jobs.CodeGen.JobsILPostProcessor, zzzUnity.Burst.CodeGen.BurstILPostProcessor
[40m[32minfo[39m[22m[49m: Unity.ILPP.Runner.PostProcessingPipeline[0]
      running Unity.Entities.CodeGen.EntitiesILPostProcessors
  - EILPP : GameCore.Unity.Adapters : : 236ms (~209ms)
  - EILPP : GameCore.Gameplay.Traversal.Fixtures : : 13ms (~13ms)
    - EILPP : GameCore.Unity.Adapters : GetAllComponentTypes: 1ms 
    - EILPP : GameCore.Unity.Adapters : Cloner: 1ms 
    - EILPP : GameCore.Unity.Adapters : ComponentDataPP: 17ms 
    - EILPP : GameCore.Unity.Adapters : StaticTypeRegistryPostProcessor: 8ms 
  - EILPP : GameCore.Gameplay.Cards.Fixtures : : 238ms (~210ms)
    - EILPP : GameCore.Gameplay.Cards.Fixtures : GetAllComponentTypes: 20ms 
    - EILPP : GameCore.Gameplay.Cards.Fixtures : ComponentDataPP: 7ms 
    - EILPP : GameCore.Gameplay.Cards.Fixtures : StaticTypeRegistryPostProcessor: 1ms 
[40m[32minfo[39m[22m[49m: Unity.ILPP.Runner.PostProcessingPipeline[0]
      running Unity.Jobs.CodeGen.JobsILPostProcessor
[40m[32minfo[39m[22m[49m: Unity.ILPP.Runner.PostProcessingPipeline[0]
      running Unity.Jobs.CodeGen.JobsILPostProcessor
[40m[32minfo[39m[22m[49m: Unity.ILPP.Runner.PostProcessingPipeline[0]
      running Unity.Jobs.CodeGen.JobsILPostProcessor
[40m[32minfo[39m[22m[49m: Unity.ILPP.Runner.PostProcessingPipeline[0]
      running zzzUnity.Burst.CodeGen.BurstILPostProcessor
[40m[32minfo[39m[22m[49m: Microsoft.AspNetCore.Routing.EndpointMiddleware[1]
      Executed endpoint 'gRPC - /UnityILPP.PostProcessing/PostProcessAssembly'
[40m[32minfo[39m[22m[49m: Microsoft.AspNetCore.Hosting.Diagnostics[2]
      Request finished HTTP/2 POST http://ilpp/UnityILPP.PostProcessing/PostProcessAssembly application/grpc - - 200 - application/grpc 75.6168ms
[40m[32minfo[39m[22m[49m: Unity.ILPP.Runner.PostProcessingPipeline[0]
      running zzzUnity.Burst.CodeGen.BurstILPostProcessor
[40m[32minfo[39m[22m[49m: Microsoft.AspNetCore.Routing.EndpointMiddleware[1]
      Executed endpoint 'gRPC - /UnityILPP.PostProcessing/PostProcessAssembly'
[40m[32minfo[39m[22m[49m: Microsoft.AspNetCore.Hosting.Diagnostics[2]
      Request finished HTTP/2 POST http://ilpp/UnityILPP.PostProcessing/PostProcessAssembly application/grpc - - 200 - application/grpc 342.5652ms
[40m[32minfo[39m[22m[49m: Unity.ILPP.Runner.PostProcessingPipeline[0]
      running zzzUnity.Burst.CodeGen.BurstILPostProcessor
[40m[32minfo[39m[22m[49m: Microsoft.AspNetCore.Routing.EndpointMiddleware[1]
      Executed endpoint 'gRPC - /UnityILPP.PostProcessing/PostProcessAssembly'
[40m[32minfo[39m[22m[49m: Microsoft.AspNetCore.Hosting.Diagnostics[2]
      Request finished HTTP/2 POST http://ilpp/UnityILPP.PostProcessing/PostProcessAssembly application/grpc - - 200 - application/grpc 350.0284ms
[40m[32minfo[39m[22m[49m: Microsoft.AspNetCore.Routing.EndpointMiddleware[1]
      Executed endpoint 'gRPC - /UnityILPP.PostProcessing/PostProcessAssembly'
[40m[32minfo[39m[22m[49m: Microsoft.AspNetCore.Hosting.Diagnostics[2]
      Request finished HTTP/2 POST http://ilpp/UnityILPP.PostProcessing/PostProcessAssembly application/grpc - - 200 - application/grpc 327.3818ms
[40m[32minfo[39m[22m[49m: Microsoft.AspNetCore.Hosting.Diagnostics[1]
      Request starting HTTP/2 POST http://ilpp/UnityILPP.PostProcessing/PostProcessAssembly application/grpc -
[40m[32minfo[39m[22m[49m: Microsoft.AspNetCore.Routing.EndpointMiddleware[0]
      Executing endpoint 'gRPC - /UnityILPP.PostProcessing/PostProcessAssembly'
[40m[32minfo[39m[22m[49m: Unity.ILPP.Runner.PostProcessingPipeline[0]
      Processing assembly Library/Bee/artifacts/2400b0aE.dag/Unity.Mathematics.Extensions.dll, with 124 defines and 230 references
[40m[32minfo[39m[22m[49m: Unity.ILPP.Runner.PostProcessingPipeline[0]
      processors: Unity.Entities.CodeGen.EntitiesILPostProcessors, Unity.Jobs.CodeGen.JobsILPostProcessor, zzzUnity.Burst.CodeGen.BurstILPostProcessor
[40m[32minfo[39m[22m[49m: Unity.ILPP.Runner.PostProcessingPipeline[0]
      running Unity.Entities.CodeGen.EntitiesILPostProcessors
[40m[32minfo[39m[22m[49m: Unity.ILPP.Runner.PostProcessingPipeline[0]
      running Unity.Jobs.CodeGen.JobsILPostProcessor
[40m[32minfo[39m[22m[49m: Microsoft.AspNetCore.Hosting.Diagnostics[1]
      Request starting HTTP/2 POST http://ilpp/UnityILPP.PostProcessing/PostProcessAssembly application/grpc -
[40m[32minfo[39m[22m[49m: Microsoft.AspNetCore.Routing.EndpointMiddleware[0]
      Executing endpoint 'gRPC - /UnityILPP.PostProcessing/PostProcessAssembly'
[40m[32minfo[39m[22m[49m: Unity.ILPP.Runner.PostProcessingPipeline[0]
      Processing assembly Library/Bee/artifacts/2400b0aE.dag/GameCore.Planning.dll, with 124 defines and 130 references
[40m[32minfo[39m[22m[49m: Unity.ILPP.Runner.PostProcessingPipeline[0]
      processors: Unity.Entities.CodeGen.EntitiesILPostProcessors, Unity.Jobs.CodeGen.JobsILPostProcessor, zzzUnity.Burst.CodeGen.BurstILPostProcessor
[40m[32minfo[39m[22m[49m: Unity.ILPP.Runner.PostProcessingPipeline[0]
      running Unity.Entities.CodeGen.EntitiesILPostProcessors
[40m[32minfo[39m[22m[49m: Unity.ILPP.Runner.PostProcessingPipeline[0]
      running Unity.Jobs.CodeGen.JobsILPostProcessor
[40m[32minfo[39m[22m[49m: Unity.ILPP.Runner.PostProcessingPipeline[0]
      running zzzUnity.Burst.CodeGen.BurstILPostProcessor
[40m[32minfo[39m[22m[49m: Microsoft.AspNetCore.Routing.EndpointMiddleware[1]
      Executed endpoint 'gRPC - /UnityILPP.PostProcessing/PostProcessAssembly'
[40m[32minfo[39m[22m[49m: Microsoft.AspNetCore.Hosting.Diagnostics[2]
      Request finished HTTP/2 POST http://ilpp/UnityILPP.PostProcessing/PostProcessAssembly application/grpc - - 200 - application/grpc 0.8507ms
[40m[32minfo[39m[22m[49m: Microsoft.AspNetCore.Hosting.Diagnostics[1]
      Request starting HTTP/2 POST http://ilpp/UnityILPP.PostProcessing/PostProcessAssembly application/grpc -
[40m[32minfo[39m[22m[49m: Microsoft.AspNetCore.Routing.EndpointMiddleware[0]
      Executing endpoint 'gRPC - /UnityILPP.PostProcessing/PostProcessAssembly'
[40m[32minfo[39m[22m[49m: Unity.ILPP.Runner.PostProcessingPipeline[0]
      Processing assembly Library/Bee/artifacts/2400b0aE.dag/GameCore.Rules.Traversal.dll, with 124 defines and 130 references
[40m[32minfo[39m[22m[49m: Unity.ILPP.Runner.PostProcessingPipeline[0]
      processors: Unity.Entities.CodeGen.EntitiesILPostProcessors, Unity.Jobs.CodeGen.JobsILPostProcessor, zzzUnity.Burst.CodeGen.BurstILPostProcessor
[40m[32minfo[39m[22m[49m: Unity.ILPP.Runner.PostProcessingPipeline[0]
      running Unity.Entities.CodeGen.EntitiesILPostProcessors
[40m[32minfo[39m[22m[49m: Unity.ILPP.Runner.PostProcessingPipeline[0]
      running Unity.Jobs.CodeGen.JobsILPostProcessor
[40m[32minfo[39m[22m[49m: Unity.ILPP.Runner.PostProcessingPipeline[0]
      running zzzUnity.Burst.CodeGen.BurstILPostProcessor
[40m[32minfo[39m[22m[49m: Microsoft.AspNetCore.Routing.EndpointMiddleware[1]
      Executed endpoint 'gRPC - /UnityILPP.PostProcessing/PostProcessAssembly'
[40m[32minfo[39m[22m[49m: Microsoft.AspNetCore.Hosting.Diagnostics[2]
      Request finished HTTP/2 POST http://ilpp/UnityILPP.PostProcessing/PostProcessAssembly application/grpc - - 200 - application/grpc 0.6298ms
[40m[32minfo[39m[22m[49m: Microsoft.AspNetCore.Hosting.Diagnostics[1]
      Request starting HTTP/2 POST http://ilpp/UnityILPP.PostProcessing/PostProcessAssembly application/grpc -
[40m[32minfo[39m[22m[49m: Microsoft.AspNetCore.Routing.EndpointMiddleware[0]
      Executing endpoint 'gRPC - /UnityILPP.PostProcessing/PostProcessAssembly'
[40m[32minfo[39m[22m[49m: Microsoft.AspNetCore.Hosting.Diagnostics[1]
      Request starting HTTP/2 POST http://ilpp/UnityILPP.PostProcessing/PostProcessAssembly application/grpc -
[40m[32minfo[39m[22m[49m: Microsoft.AspNetCore.Routing.EndpointMiddleware[0]
      Executing endpoint 'gRPC - /UnityILPP.PostProcessing/PostProcessAssembly'
[40m[32minfo[39m[22m[49m: Unity.ILPP.Runner.PostProcessingPipeline[0]
      Processing assembly Library/Bee/artifacts/2400b0aE.dag/GameCore.Rules.Cards.dll, with 124 defines and 130 references
[40m[32minfo[39m[22m[49m: Unity.ILPP.Runner.PostProcessingPipeline[0]
      processors: Unity.Entities.CodeGen.EntitiesILPostProcessors, Unity.Jobs.CodeGen.JobsILPostProcessor, zzzUnity.Burst.CodeGen.BurstILPostProcessor
[40m[32minfo[39m[22m[49m: Unity.ILPP.Runner.PostProcessingPipeline[0]
      running Unity.Entities.CodeGen.EntitiesILPostProcessors
[40m[32minfo[39m[22m[49m: Unity.ILPP.Runner.PostProcessingPipeline[0]
      running Unity.Jobs.CodeGen.JobsILPostProcessor
[40m[32minfo[39m[22m[49m: Unity.ILPP.Runner.PostProcessingPipeline[0]
      running zzzUnity.Burst.CodeGen.BurstILPostProcessor
[40m[32minfo[39m[22m[49m: Microsoft.AspNetCore.Routing.EndpointMiddleware[1]
      Executed endpoint 'gRPC - /UnityILPP.PostProcessing/PostProcessAssembly'
[40m[32minfo[39m[22m[49m: Microsoft.AspNetCore.Hosting.Diagnostics[2]
      Request finished HTTP/2 POST http://ilpp/UnityILPP.PostProcessing/PostProcessAssembly application/grpc - - 200 - application/grpc 0.8909ms
[40m[32minfo[39m[22m[49m: Microsoft.AspNetCore.Hosting.Diagnostics[1]
      Request starting HTTP/2 POST http://ilpp/UnityILPP.PostProcessing/PostProcessAssembly application/grpc -
[40m[32minfo[39m[22m[49m: Microsoft.AspNetCore.Routing.EndpointMiddleware[0]
      Executing endpoint 'gRPC - /UnityILPP.PostProcessing/PostProcessAssembly'
[40m[32minfo[39m[22m[49m: Unity.ILPP.Runner.PostProcessingPipeline[0]
      Processing assembly Library/Bee/artifacts/2400b0aE.dag/GameCore.Gameplay.Integration.dll, with 124 defines and 235 references
[40m[32minfo[39m[22m[49m: Unity.ILPP.Runner.PostProcessingPipeline[0]
      processors: Unity.Entities.CodeGen.EntitiesILPostProcessors, Unity.Jobs.CodeGen.JobsILPostProcessor, zzzUnity.Burst.CodeGen.BurstILPostProcessor
[40m[32minfo[39m[22m[49m: Unity.ILPP.Runner.PostProcessingPipeline[0]
      running Unity.Entities.CodeGen.EntitiesILPostProcessors
[40m[32minfo[39m[22m[49m: Unity.ILPP.Runner.PostProcessingPipeline[0]
      Processing assembly Library/Bee/artifacts/2400b0aE.dag/GameCore.Gameplay.Cards.dll, with 124 defines and 235 references
[40m[32minfo[39m[22m[49m: Unity.ILPP.Runner.PostProcessingPipeline[0]
      processors: Unity.Entities.CodeGen.EntitiesILPostProcessors, Unity.Jobs.CodeGen.JobsILPostProcessor, zzzUnity.Burst.CodeGen.BurstILPostProcessor
[40m[32minfo[39m[22m[49m: Unity.ILPP.Runner.PostProcessingPipeline[0]
      running Unity.Entities.CodeGen.EntitiesILPostProcessors
[40m[32minfo[39m[22m[49m: Microsoft.AspNetCore.Hosting.Diagnostics[1]
      Request starting HTTP/2 POST http://ilpp/UnityILPP.PostProcessing/PostProcessAssembly application/grpc -
[40m[32minfo[39m[22m[49m: Microsoft.AspNetCore.Routing.EndpointMiddleware[0]
      Executing endpoint 'gRPC - /UnityILPP.PostProcessing/PostProcessAssembly'
[40m[32minfo[39m[22m[49m: Unity.ILPP.Runner.PostProcessingPipeline[0]
      Processing assembly Library/Bee/artifacts/2400b0aE.dag/GameCore.Gameplay.Traversal.dll, with 124 defines and 236 references
[40m[32minfo[39m[22m[49m: Unity.ILPP.Runner.PostProcessingPipeline[0]
      processors: Unity.Entities.CodeGen.EntitiesILPostProcessors, Unity.Jobs.CodeGen.JobsILPostProcessor, zzzUnity.Burst.CodeGen.BurstILPostProcessor
[40m[32minfo[39m[22m[49m: Unity.ILPP.Runner.PostProcessingPipeline[0]
      running Unity.Entities.CodeGen.EntitiesILPostProcessors
[40m[32minfo[39m[22m[49m: Microsoft.AspNetCore.Hosting.Diagnostics[1]
      Request starting HTTP/2 POST http://ilpp/UnityILPP.PostProcessing/PostProcessAssembly application/grpc -
[40m[32minfo[39m[22m[49m: Microsoft.AspNetCore.Hosting.Diagnostics[1]
      Request starting HTTP/2 POST http://ilpp/UnityILPP.PostProcessing/PostProcessAssembly application/grpc -
[40m[32minfo[39m[22m[49m: Microsoft.AspNetCore.Hosting.Diagnostics[1]
      Request starting HTTP/2 POST http://ilpp/UnityILPP.PostProcessing/PostProcessAssembly application/grpc -
[40m[32minfo[39m[22m[49m: Microsoft.AspNetCore.Routing.EndpointMiddleware[0]
      Executing endpoint 'gRPC - /UnityILPP.PostProcessing/PostProcessAssembly'
[40m[32minfo[39m[22m[49m: Microsoft.AspNetCore.Routing.EndpointMiddleware[0]
      Executing endpoint 'gRPC - /UnityILPP.PostProcessing/PostProcessAssembly'
[40m[32minfo[39m[22m[49m: Microsoft.AspNetCore.Routing.EndpointMiddleware[0]
      Executing endpoint 'gRPC - /UnityILPP.PostProcessing/PostProcessAssembly'
[40m[32minfo[39m[22m[49m: Microsoft.AspNetCore.Hosting.Diagnostics[1]
      Request starting HTTP/2 POST http://ilpp/UnityILPP.PostProcessing/PostProcessAssembly application/grpc -
[40m[32minfo[39m[22m[49m: Microsoft.AspNetCore.Routing.EndpointMiddleware[0]
      Executing endpoint 'gRPC - /UnityILPP.PostProcessing/PostProcessAssembly'
[40m[32minfo[39m[22m[49m: Unity.ILPP.Runner.PostProcessingPipeline[0]
      Processing assembly Library/Bee/artifacts/2400b0aE.dag/Unity.Transforms.dll, with 124 defines and 231 references
[40m[32minfo[39m[22m[49m: Unity.ILPP.Runner.PostProcessingPipeline[0]
      processors: Unity.Entities.CodeGen.EntitiesILPostProcessors, Unity.Jobs.CodeGen.JobsILPostProcessor, zzzUnity.Burst.CodeGen.BurstILPostProcessor
[40m[32minfo[39m[22m[49m: Unity.ILPP.Runner.PostProcessingPipeline[0]
      Processing assembly Library/Bee/artifacts/2400b0aE.dag/GameCore.Validation.GeneratedCards.dll, with 124 defines and 231 references
[40m[32minfo[39m[22m[49m: Unity.ILPP.Runner.PostProcessingPipeline[0]
      processors: Unity.Entities.CodeGen.EntitiesILPostProcessors, Unity.Jobs.CodeGen.JobsILPostProcessor, zzzUnity.Burst.CodeGen.BurstILPostProcessor
[40m[32minfo[39m[22m[49m: Unity.ILPP.Runner.PostProcessingPipeline[0]
      running Unity.Entities.CodeGen.EntitiesILPostProcessors
[40m[32minfo[39m[22m[49m: Unity.ILPP.Runner.PostProcessingPipeline[0]
      running Unity.Jobs.CodeGen.JobsILPostProcessor
[40m[32minfo[39m[22m[49m: Unity.ILPP.Runner.PostProcessingPipeline[0]
      running zzzUnity.Burst.CodeGen.BurstILPostProcessor
[40m[32minfo[39m[22m[49m: Microsoft.AspNetCore.Routing.EndpointMiddleware[1]
      Executed endpoint 'gRPC - /UnityILPP.PostProcessing/PostProcessAssembly'
[40m[32minfo[39m[22m[49m: Unity.ILPP.Runner.PostProcessingPipeline[0]
      running Unity.Entities.CodeGen.EntitiesILPostProcessors
[40m[32minfo[39m[22m[49m: Microsoft.AspNetCore.Hosting.Diagnostics[2]
      Request finished HTTP/2 POST http://ilpp/UnityILPP.PostProcessing/PostProcessAssembly application/grpc - - 200 - application/grpc 2.3062ms
[40m[32minfo[39m[22m[49m: Unity.ILPP.Runner.PostProcessingPipeline[0]
      Processing assembly Library/Bee/artifacts/2400b0aE.dag/GameCore.Unity.Runtime.dll, with 124 defines and 234 references
[40m[32minfo[39m[22m[49m: Unity.ILPP.Runner.PostProcessingPipeline[0]
      processors: Unity.Entities.CodeGen.EntitiesILPostProcessors, Unity.Jobs.CodeGen.JobsILPostProcessor, zzzUnity.Burst.CodeGen.BurstILPostProcessor
[40m[32minfo[39m[22m[49m: Unity.ILPP.Runner.PostProcessingPipeline[0]
      Processing assembly Library/Bee/artifacts/2400b0aE.dag/Unity.InternalAPIEngineBridge.002.dll, with 124 defines and 227 references
[40m[32minfo[39m[22m[49m: Unity.ILPP.Runner.PostProcessingPipeline[0]
      processors: Unity.Entities.CodeGen.EntitiesILPostProcessors, Unity.Jobs.CodeGen.JobsILPostProcessor, zzzUnity.Burst.CodeGen.BurstILPostProcessor
[40m[32minfo[39m[22m[49m: Unity.ILPP.Runner.PostProcessingPipeline[0]
      running Unity.Entities.CodeGen.EntitiesILPostProcessors
[40m[32minfo[39m[22m[49m: Unity.ILPP.Runner.PostProcessingPipeline[0]
      running Unity.Entities.CodeGen.EntitiesILPostProcessors
[40m[32minfo[39m[22m[49m: Unity.ILPP.Runner.PostProcessingPipeline[0]
      running Unity.Jobs.CodeGen.JobsILPostProcessor
[40m[32minfo[39m[22m[49m: Unity.ILPP.Runner.PostProcessingPipeline[0]
      running zzzUnity.Burst.CodeGen.BurstILPostProcessor
[40m[32minfo[39m[22m[49m: Microsoft.AspNetCore.Routing.EndpointMiddleware[1]
      Executed endpoint 'gRPC - /UnityILPP.PostProcessing/PostProcessAssembly'
[40m[32minfo[39m[22m[49m: Microsoft.AspNetCore.Hosting.Diagnostics[2]
      Request finished HTTP/2 POST http://ilpp/UnityILPP.PostProcessing/PostProcessAssembly application/grpc - - 200 - application/grpc 9.2903ms
  - EILPP : GameCore.Gameplay.Integration : : 26ms (~26ms)
[40m[32minfo[39m[22m[49m: Unity.ILPP.Runner.PostProcessingPipeline[0]
      running Unity.Jobs.CodeGen.JobsILPostProcessor
[40m[32minfo[39m[22m[49m: Unity.ILPP.Runner.PostProcessingPipeline[0]
      running zzzUnity.Burst.CodeGen.BurstILPostProcessor
[40m[32minfo[39m[22m[49m: Microsoft.AspNetCore.Routing.EndpointMiddleware[1]
      Executed endpoint 'gRPC - /UnityILPP.PostProcessing/PostProcessAssembly'
[40m[32minfo[39m[22m[49m: Microsoft.AspNetCore.Hosting.Diagnostics[2]
      Request finished HTTP/2 POST http://ilpp/UnityILPP.PostProcessing/PostProcessAssembly application/grpc - - 200 - application/grpc 37.6012ms
[40m[32minfo[39m[22m[49m: Microsoft.AspNetCore.Hosting.Diagnostics[1]
      Request starting HTTP/2 POST http://ilpp/UnityILPP.PostProcessing/PostProcessAssembly application/grpc -
[40m[32minfo[39m[22m[49m: Microsoft.AspNetCore.Hosting.Diagnostics[1]
      Request starting HTTP/2 POST http://ilpp/UnityILPP.PostProcessing/PostProcessAssembly application/grpc -
[40m[32minfo[39m[22m[49m: Microsoft.AspNetCore.Routing.EndpointMiddleware[0]
      Executing endpoint 'gRPC - /UnityILPP.PostProcessing/PostProcessAssembly'
[40m[32minfo[39m[22m[49m: Microsoft.AspNetCore.Routing.EndpointMiddleware[0]
      Executing endpoint 'gRPC - /UnityILPP.PostProcessing/PostProcessAssembly'
[40m[32minfo[39m[22m[49m: Unity.ILPP.Runner.PostProcessingPipeline[0]
      Processing assembly Library/Bee/artifacts/2400b0aE.dag/GameCore.Gameplay.Narrative.Fixtures.dll, with 124 defines and 238 references
[40m[32minfo[39m[22m[49m: Unity.ILPP.Runner.PostProcessingPipeline[0]
      processors: Unity.Entities.CodeGen.EntitiesILPostProcessors, Unity.Jobs.CodeGen.JobsILPostProcessor, zzzUnity.Burst.CodeGen.BurstILPostProcessor
[40m[32minfo[39m[22m[49m: Unity.ILPP.Runner.PostProcessingPipeline[0]
      Processing assembly Library/Bee/artifacts/2400b0aE.dag/GameCore.Rules.Narrative.dll, with 124 defines and 130 references
[40m[32minfo[39m[22m[49m: Unity.ILPP.Runner.PostProcessingPipeline[0]
      processors: Unity.Entities.CodeGen.EntitiesILPostProcessors, Unity.Jobs.CodeGen.JobsILPostProcessor, zzzUnity.Burst.CodeGen.BurstILPostProcessor
[40m[32minfo[39m[22m[49m: Unity.ILPP.Runner.PostProcessingPipeline[0]
      running Unity.Entities.CodeGen.EntitiesILPostProcessors
[40m[32minfo[39m[22m[49m: Unity.ILPP.Runner.PostProcessingPipeline[0]
      running Unity.Jobs.CodeGen.JobsILPostProcessor
[40m[32minfo[39m[22m[49m: Unity.ILPP.Runner.PostProcessingPipeline[0]
      running zzzUnity.Burst.CodeGen.BurstILPostProcessor
[40m[32minfo[39m[22m[49m: Unity.ILPP.Runner.PostProcessingPipeline[0]
      running Unity.Entities.CodeGen.EntitiesILPostProcessors
[40m[32minfo[39m[22m[49m: Microsoft.AspNetCore.Routing.EndpointMiddleware[1]
      Executed endpoint 'gRPC - /UnityILPP.PostProcessing/PostProcessAssembly'
[40m[32minfo[39m[22m[49m: Microsoft.AspNetCore.Hosting.Diagnostics[2]
      Request finished HTTP/2 POST http://ilpp/UnityILPP.PostProcessing/PostProcessAssembly application/grpc - - 200 - application/grpc 0.7927ms
  - EILPP : GameCore.Gameplay.Traversal : : 175ms (~30ms)
[40m[32minfo[39m[22m[49m: Unity.ILPP.Runner.PostProcessingPipeline[0]
      running zzzUnity.Burst.CodeGen.BurstILPostProcessor
    - EILPP : GameCore.Gameplay.Traversal : ComponentDataPP: 9ms 
  - EILPP : GameCore.Gameplay.Cards : : 177ms (~20ms)
    - EILPP : GameCore.Gameplay.Traversal : StaticTypeRegistryPostProcessor: 116ms 
    - EILPP : GameCore.Gameplay.Cards : ComponentDataPP: 2ms 
  - EILPP : GameCore.Unity.Fixtures : : 495ms (~210ms)
  - EILPP : Unity.Transforms : : 159ms (~30ms)
    - EILPP : GameCore.Unity.Fixtures : GetAllComponentTypes: 20ms 
    - EILPP : Unity.Transforms : StaticTypeRegistryPostProcessor: 119ms 
    - EILPP : GameCore.Unity.Fixtures : ComponentDataPP: 3ms 
  - EILPP : GameCore.Gameplay.Narrative.Fixtures : : 139ms (~14ms)
    - EILPP : Unity.Transforms : WriteAssembly: 10ms 
    - EILPP : GameCore.Gameplay.Narrative.Fixtures : ComponentDataPP: 104ms 
    - EILPP : GameCore.Unity.Fixtures : StaticTypeRegistryPostProcessor: 252ms 
    - EILPP : GameCore.Gameplay.Narrative.Fixtures : StaticTypeRegistryPostProcessor: 3ms 
    - EILPP : GameCore.Unity.Fixtures : WriteAssembly: 10ms 
    - EILPP : GameCore.Gameplay.Narrative.Fixtures : WriteAssembly: 18ms 
    - EILPP : GameCore.Gameplay.Traversal : WriteAssembly: 20ms 
[40m[32minfo[39m[22m[49m: Unity.ILPP.Runner.PostProcessingPipeline[0]
      running Unity.Jobs.CodeGen.JobsILPostProcessor
    - EILPP : GameCore.Gameplay.Cards : StaticTypeRegistryPostProcessor: 135ms 
[40m[32minfo[39m[22m[49m: Unity.ILPP.Runner.PostProcessingPipeline[0]
      running Unity.Jobs.CodeGen.JobsILPostProcessor
    - EILPP : GameCore.Gameplay.Cards : WriteAssembly: 20ms 
[40m[32minfo[39m[22m[49m: Unity.ILPP.Runner.PostProcessingPipeline[0]
      running Unity.Jobs.CodeGen.JobsILPostProcessor
[40m[32minfo[39m[22m[49m: Unity.ILPP.Runner.PostProcessingPipeline[0]
      running Unity.Jobs.CodeGen.JobsILPostProcessor
[40m[32minfo[39m[22m[49m: Unity.ILPP.Runner.PostProcessingPipeline[0]
      running Unity.Jobs.CodeGen.JobsILPostProcessor
[40m[32minfo[39m[22m[49m: Microsoft.AspNetCore.Routing.EndpointMiddleware[1]
      Executed endpoint 'gRPC - /UnityILPP.PostProcessing/PostProcessAssembly'
[40m[32minfo[39m[22m[49m: Microsoft.AspNetCore.Hosting.Diagnostics[2]
      Request finished HTTP/2 POST http://ilpp/UnityILPP.PostProcessing/PostProcessAssembly application/grpc - - 200 - application/grpc 196.2106ms
[40m[32minfo[39m[22m[49m: Unity.ILPP.Runner.PostProcessingPipeline[0]
      running zzzUnity.Burst.CodeGen.BurstILPostProcessor
[40m[32minfo[39m[22m[49m: Microsoft.AspNetCore.Routing.EndpointMiddleware[1]
      Executed endpoint 'gRPC - /UnityILPP.PostProcessing/PostProcessAssembly'
[40m[32minfo[39m[22m[49m: Microsoft.AspNetCore.Hosting.Diagnostics[2]
      Request finished HTTP/2 POST http://ilpp/UnityILPP.PostProcessing/PostProcessAssembly application/grpc - - 200 - application/grpc 190.1476ms
[40m[32minfo[39m[22m[49m: Microsoft.AspNetCore.Hosting.Diagnostics[1]
      Request starting HTTP/2 POST http://ilpp/UnityILPP.PostProcessing/PostProcessAssembly application/grpc -
[40m[32minfo[39m[22m[49m: Microsoft.AspNetCore.Hosting.Diagnostics[1]
      Request starting HTTP/2 POST http://ilpp/UnityILPP.PostProcessing/PostProcessAssembly application/grpc -
[40m[32minfo[39m[22m[49m: Microsoft.AspNetCore.Hosting.Diagnostics[1]
      Request starting HTTP/2 POST http://ilpp/UnityILPP.PostProcessing/PostProcessAssembly application/grpc -
[40m[32minfo[39m[22m[49m: Microsoft.AspNetCore.Routing.EndpointMiddleware[0]
      Executing endpoint 'gRPC - /UnityILPP.PostProcessing/PostProcessAssembly'
[40m[32minfo[39m[22m[49m: Microsoft.AspNetCore.Routing.EndpointMiddleware[0]
      Executing endpoint 'gRPC - /UnityILPP.PostProcessing/PostProcessAssembly'
[40m[32minfo[39m[22m[49m: Microsoft.AspNetCore.Routing.EndpointMiddleware[0]
      Executing endpoint 'gRPC - /UnityILPP.PostProcessing/PostProcessAssembly'
[40m[32minfo[39m[22m[49m: Unity.ILPP.Runner.PostProcessingPipeline[0]
      Processing assembly Library/Bee/artifacts/2400b0aE.dag/GameCore.Gameplay.Narrative.dll, with 124 defines and 234 references
[40m[32minfo[39m[22m[49m: Unity.ILPP.Runner.PostProcessingPipeline[0]
      Processing assembly Library/Bee/artifacts/2400b0aE.dag/Unity.Mathematics.dll, with 124 defines and 227 references
[40m[32minfo[39m[22m[49m: Unity.ILPP.Runner.PostProcessingPipeline[0]
      processors: Unity.Entities.CodeGen.EntitiesILPostProcessors, Unity.Jobs.CodeGen.JobsILPostProcessor, zzzUnity.Burst.CodeGen.BurstILPostProcessor
[40m[32minfo[39m[22m[49m: Unity.ILPP.Runner.PostProcessingPipeline[0]
      Processing assembly Library/Bee/artifacts/2400b0aE.dag/GameCore.Validation.GeneratedCheckpoint.dll, with 124 defines and 228 references
[40m[32minfo[39m[22m[49m: Unity.ILPP.Runner.PostProcessingPipeline[0]
      processors: Unity.Entities.CodeGen.EntitiesILPostProcessors, Unity.Jobs.CodeGen.JobsILPostProcessor, zzzUnity.Burst.CodeGen.BurstILPostProcessor
[40m[32minfo[39m[22m[49m: Unity.ILPP.Runner.PostProcessingPipeline[0]
      processors: Unity.Entities.CodeGen.EntitiesILPostProcessors, Unity.Jobs.CodeGen.JobsILPostProcessor, zzzUnity.Burst.CodeGen.BurstILPostProcessor
[40m[32minfo[39m[22m[49m: Unity.ILPP.Runner.PostProcessingPipeline[0]
      running Unity.Entities.CodeGen.EntitiesILPostProcessors
[40m[32minfo[39m[22m[49m: Unity.ILPP.Runner.PostProcessingPipeline[0]
      running Unity.Entities.CodeGen.EntitiesILPostProcessors
[40m[32minfo[39m[22m[49m: Unity.ILPP.Runner.PostProcessingPipeline[0]
      running Unity.Jobs.CodeGen.JobsILPostProcessor
[40m[32minfo[39m[22m[49m: Unity.ILPP.Runner.PostProcessingPipeline[0]
      running zzzUnity.Burst.CodeGen.BurstILPostProcessor
[40m[32minfo[39m[22m[49m: Unity.ILPP.Runner.PostProcessingPipeline[0]
      running Unity.Entities.CodeGen.EntitiesILPostProcessors
[40m[32minfo[39m[22m[49m: Unity.ILPP.Runner.PostProcessingPipeline[0]
      running Unity.Jobs.CodeGen.JobsILPostProcessor
[40m[32minfo[39m[22m[49m: Unity.ILPP.Runner.PostProcessingPipeline[0]
      running zzzUnity.Burst.CodeGen.BurstILPostProcessor
[40m[32minfo[39m[22m[49m: Unity.ILPP.Runner.PostProcessingPipeline[0]
      running zzzUnity.Burst.CodeGen.BurstILPostProcessor
[40m[32minfo[39m[22m[49m: Microsoft.AspNetCore.Routing.EndpointMiddleware[1]
      Executed endpoint 'gRPC - /UnityILPP.PostProcessing/PostProcessAssembly'
[40m[32minfo[39m[22m[49m: Microsoft.AspNetCore.Hosting.Diagnostics[2]
      Request finished HTTP/2 POST http://ilpp/UnityILPP.PostProcessing/PostProcessAssembly application/grpc - - 200 - application/grpc 1.3306ms
[40m[32minfo[39m[22m[49m: Microsoft.AspNetCore.Routing.EndpointMiddleware[1]
      Executed endpoint 'gRPC - /UnityILPP.PostProcessing/PostProcessAssembly'
[40m[32minfo[39m[22m[49m: Microsoft.AspNetCore.Hosting.Diagnostics[2]
      Request finished HTTP/2 POST http://ilpp/UnityILPP.PostProcessing/PostProcessAssembly application/grpc - - 200 - application/grpc 65.2289ms
[40m[32minfo[39m[22m[49m: Unity.ILPP.Runner.PostProcessingPipeline[0]
      running zzzUnity.Burst.CodeGen.BurstILPostProcessor
[40m[32minfo[39m[22m[49m: Microsoft.AspNetCore.Routing.EndpointMiddleware[1]
      Executed endpoint 'gRPC - /UnityILPP.PostProcessing/PostProcessAssembly'
[40m[32minfo[39m[22m[49m: Microsoft.AspNetCore.Hosting.Diagnostics[2]
      Request finished HTTP/2 POST http://ilpp/UnityILPP.PostProcessing/PostProcessAssembly application/grpc - - 200 - application/grpc 251.5629ms
[40m[32minfo[39m[22m[49m: Microsoft.AspNetCore.Hosting.Diagnostics[1]
      Request starting HTTP/2 POST http://ilpp/UnityILPP.PostProcessing/PostProcessAssembly application/grpc -
[40m[32minfo[39m[22m[49m: Microsoft.AspNetCore.Routing.EndpointMiddleware[0]
      Executing endpoint 'gRPC - /UnityILPP.PostProcessing/PostProcessAssembly'
[40m[32minfo[39m[22m[49m: Unity.ILPP.Runner.PostProcessingPipeline[0]
      Processing assembly Library/Bee/artifacts/2400b0aE.dag/GameCore.Unity.Adapters.Fixtures.dll, with 124 defines and 133 references
[40m[32minfo[39m[22m[49m: Unity.ILPP.Runner.PostProcessingPipeline[0]
      processors: Unity.Entities.CodeGen.EntitiesILPostProcessors, Unity.Jobs.CodeGen.JobsILPostProcessor, zzzUnity.Burst.CodeGen.BurstILPostProcessor
[40m[32minfo[39m[22m[49m: Unity.ILPP.Runner.PostProcessingPipeline[0]
      running Unity.Entities.CodeGen.EntitiesILPostProcessors
[40m[32minfo[39m[22m[49m: Unity.ILPP.Runner.PostProcessingPipeline[0]
      running Unity.Jobs.CodeGen.JobsILPostProcessor
[40m[32minfo[39m[22m[49m: Unity.ILPP.Runner.PostProcessingPipeline[0]
      running zzzUnity.Burst.CodeGen.BurstILPostProcessor
[40m[32minfo[39m[22m[49m: Microsoft.AspNetCore.Routing.EndpointMiddleware[1]
      Executed endpoint 'gRPC - /UnityILPP.PostProcessing/PostProcessAssembly'
[40m[32minfo[39m[22m[49m: Microsoft.AspNetCore.Hosting.Diagnostics[2]
      Request finished HTTP/2 POST http://ilpp/UnityILPP.PostProcessing/PostProcessAssembly application/grpc - - 200 - application/grpc 0.4979ms
[40m[32minfo[39m[22m[49m: Microsoft.AspNetCore.Hosting.Diagnostics[1]
      Request starting HTTP/2 POST http://ilpp/UnityILPP.PostProcessing/PostProcessAssembly application/grpc -
[40m[32minfo[39m[22m[49m: Microsoft.AspNetCore.Routing.EndpointMiddleware[0]
      Executing endpoint 'gRPC - /UnityILPP.PostProcessing/PostProcessAssembly'
[40m[32minfo[39m[22m[49m: Unity.ILPP.Runner.PostProcessingPipeline[0]
      Processing assembly Library/Bee/artifacts/2400b0aE.dag/Unity.Scenes.dll, with 124 defines and 234 references
[40m[32minfo[39m[22m[49m: Unity.ILPP.Runner.PostProcessingPipeline[0]
      processors: Unity.Entities.CodeGen.EntitiesILPostProcessors, Unity.Jobs.CodeGen.JobsILPostProcessor, zzzUnity.Burst.CodeGen.BurstILPostProcessor
[40m[32minfo[39m[22m[49m: Microsoft.AspNetCore.Hosting.Diagnostics[1]
      Request starting HTTP/2 POST http://ilpp/UnityILPP.PostProcessing/PostProcessAssembly application/grpc -
[40m[32minfo[39m[22m[49m: Microsoft.AspNetCore.Routing.EndpointMiddleware[0]
      Executing endpoint 'gRPC - /UnityILPP.PostProcessing/PostProcessAssembly'
[40m[32minfo[39m[22m[49m: Unity.ILPP.Runner.PostProcessingPipeline[0]
      Processing assembly Library/Bee/artifacts/2400b0aE.dag/Unity.Serialization.dll, with 124 defines and 230 references
[40m[32minfo[39m[22m[49m: Unity.ILPP.Runner.PostProcessingPipeline[0]
      processors: Unity.Entities.CodeGen.EntitiesILPostProcessors, Unity.Jobs.CodeGen.JobsILPostProcessor, zzzUnity.Burst.CodeGen.BurstILPostProcessor
[40m[32minfo[39m[22m[49m: Unity.ILPP.Runner.PostProcessingPipeline[0]
      running Unity.Entities.CodeGen.EntitiesILPostProcessors
[40m[32minfo[39m[22m[49m: Unity.ILPP.Runner.PostProcessingPipeline[0]
      running Unity.Entities.CodeGen.EntitiesILPostProcessors
[40m[32minfo[39m[22m[49m: Unity.ILPP.Runner.PostProcessingPipeline[0]
      running Unity.Jobs.CodeGen.JobsILPostProcessor
[40m[32minfo[39m[22m[49m: Unity.ILPP.Runner.PostProcessingPipeline[0]
      running zzzUnity.Burst.CodeGen.BurstILPostProcessor
  - EILPP : GameCore.Gameplay.Narrative : : 113ms (~112ms)
    - EILPP : GameCore.Gameplay.Narrative : WriteAssembly: 1ms 
[40m[32minfo[39m[22m[49m: Unity.ILPP.Runner.PostProcessingPipeline[0]
      running Unity.Jobs.CodeGen.JobsILPostProcessor
[40m[32minfo[39m[22m[49m: Microsoft.AspNetCore.Routing.EndpointMiddleware[1]
      Executed endpoint 'gRPC - /UnityILPP.PostProcessing/PostProcessAssembly'
[40m[32minfo[39m[22m[49m: Microsoft.AspNetCore.Hosting.Diagnostics[2]
      Request finished HTTP/2 POST http://ilpp/UnityILPP.PostProcessing/PostProcessAssembly application/grpc - - 200 - application/grpc 265.3959ms
[40m[32minfo[39m[22m[49m: Microsoft.AspNetCore.Hosting.Diagnostics[1]
      Request starting HTTP/2 POST http://ilpp/UnityILPP.PostProcessing/PostProcessAssembly application/grpc -
[40m[32minfo[39m[22m[49m: Microsoft.AspNetCore.Routing.EndpointMiddleware[0]
      Executing endpoint 'gRPC - /UnityILPP.PostProcessing/PostProcessAssembly'
[40m[32minfo[39m[22m[49m: Unity.ILPP.Runner.PostProcessingPipeline[0]
      Processing assembly Library/Bee/artifacts/2400b0aE.dag/Unity.Entities.Hybrid.dll, with 125 defines and 236 references
[40m[32minfo[39m[22m[49m: Unity.ILPP.Runner.PostProcessingPipeline[0]
      processors: Unity.Entities.CodeGen.EntitiesILPostProcessors, Unity.Jobs.CodeGen.JobsILPostProcessor, zzzUnity.Burst.CodeGen.BurstILPostProcessor
[40m[32minfo[39m[22m[49m: Unity.ILPP.Runner.PostProcessingPipeline[0]
      running Unity.Entities.CodeGen.EntitiesILPostProcessors
[40m[32minfo[39m[22m[49m: Unity.ILPP.Runner.PostProcessingPipeline[0]
      running zzzUnity.Burst.CodeGen.BurstILPostProcessor
[40m[32minfo[39m[22m[49m: Unity.ILPP.Runner.PostProcessingPipeline[0]
      running zzzUnity.Burst.CodeGen.BurstILPostProcessor
[40m[32minfo[39m[22m[49m: Unity.ILPP.Runner.PostProcessingPipeline[0]
      running zzzUnity.Burst.CodeGen.BurstILPostProcessor
[40m[32minfo[39m[22m[49m: Microsoft.AspNetCore.Routing.EndpointMiddleware[1]
      Executed endpoint 'gRPC - /UnityILPP.PostProcessing/PostProcessAssembly'
[40m[32minfo[39m[22m[49m: Microsoft.AspNetCore.Hosting.Diagnostics[2]
      Request finished HTTP/2 POST http://ilpp/UnityILPP.PostProcessing/PostProcessAssembly application/grpc - - 200 - application/grpc 124.5262ms
[40m[32minfo[39m[22m[49m: Microsoft.AspNetCore.Hosting.Diagnostics[1]
      Request starting HTTP/2 POST http://ilpp/UnityILPP.PostProcessing/PostProcessAssembly application/grpc -
[40m[32minfo[39m[22m[49m: Microsoft.AspNetCore.Routing.EndpointMiddleware[0]
      Executing endpoint 'gRPC - /UnityILPP.PostProcessing/PostProcessAssembly'
[40m[32minfo[39m[22m[49m: Unity.ILPP.Runner.PostProcessingPipeline[0]
      Processing assembly Library/Bee/artifacts/2400b0aE.dag/Unity.Entities.UI.dll, with 124 defines and 227 references
[40m[32minfo[39m[22m[49m: Unity.ILPP.Runner.PostProcessingPipeline[0]
      processors: Unity.Entities.CodeGen.EntitiesILPostProcessors, Unity.Jobs.CodeGen.JobsILPostProcessor, zzzUnity.Burst.CodeGen.BurstILPostProcessor
[40m[32minfo[39m[22m[49m: Unity.ILPP.Runner.PostProcessingPipeline[0]
      running Unity.Entities.CodeGen.EntitiesILPostProcessors
[40m[32minfo[39m[22m[49m: Unity.ILPP.Runner.PostProcessingPipeline[0]
      running Unity.Jobs.CodeGen.JobsILPostProcessor
[40m[32minfo[39m[22m[49m: Unity.ILPP.Runner.PostProcessingPipeline[0]
      running zzzUnity.Burst.CodeGen.BurstILPostProcessor
[40m[32minfo[39m[22m[49m: Microsoft.AspNetCore.Routing.EndpointMiddleware[1]
      Executed endpoint 'gRPC - /UnityILPP.PostProcessing/PostProcessAssembly'
[40m[32minfo[39m[22m[49m: Microsoft.AspNetCore.Hosting.Diagnostics[2]
      Request finished HTTP/2 POST http://ilpp/UnityILPP.PostProcessing/PostProcessAssembly application/grpc - - 200 - application/grpc 1.9813ms
  - EILPP : GameCore.Unity.Runtime : : 299ms (~33ms)
    - EILPP : GameCore.Unity.Runtime : GetAllComponentTypes: 103ms 
    - EILPP : GameCore.Unity.Runtime : ComponentDataPP: 4ms 
    - EILPP : GameCore.Unity.Runtime : StaticTypeRegistryPostProcessor: 5ms 
    - EILPP : GameCore.Unity.Runtime : WriteAssembly: 154ms 
[40m[32minfo[39m[22m[49m: Unity.ILPP.Runner.PostProcessingPipeline[0]
      running Unity.Jobs.CodeGen.JobsILPostProcessor
[40m[32minfo[39m[22m[49m: Microsoft.AspNetCore.Hosting.Diagnostics[1]
      Request starting HTTP/2 POST http://ilpp/UnityILPP.PostProcessing/PostProcessAssembly application/grpc -
[40m[32minfo[39m[22m[49m: Microsoft.AspNetCore.Routing.EndpointMiddleware[0]
      Executing endpoint 'gRPC - /UnityILPP.PostProcessing/PostProcessAssembly'
[40m[32minfo[39m[22m[49m: Unity.ILPP.Runner.PostProcessingPipeline[0]
      Processing assembly Library/Bee/artifacts/2400b0aE.dag/Unity.Entities.Hybrid.HybridComponents.dll, with 124 defines and 229 references
[40m[32minfo[39m[22m[49m: Unity.ILPP.Runner.PostProcessingPipeline[0]
      processors: Unity.Entities.CodeGen.EntitiesILPostProcessors, Unity.Jobs.CodeGen.JobsILPostProcessor, zzzUnity.Burst.CodeGen.BurstILPostProcessor
[40m[32minfo[39m[22m[49m: Unity.ILPP.Runner.PostProcessingPipeline[0]
      running Unity.Entities.CodeGen.EntitiesILPostProcessors
[40m[32minfo[39m[22m[49m: Microsoft.AspNetCore.Hosting.Diagnostics[1]
      Request starting HTTP/2 POST http://ilpp/UnityILPP.PostProcessing/PostProcessAssembly application/grpc -
[40m[32minfo[39m[22m[49m: Microsoft.AspNetCore.Routing.EndpointMiddleware[0]
      Executing endpoint 'gRPC - /UnityILPP.PostProcessing/PostProcessAssembly'
[40m[32minfo[39m[22m[49m: Unity.ILPP.Runner.PostProcessingPipeline[0]
      Processing assembly Library/Bee/artifacts/2400b0aE.dag/Unity.Transforms.Hybrid.dll, with 124 defines and 233 references
[40m[32minfo[39m[22m[49m: Unity.ILPP.Runner.PostProcessingPipeline[0]
      processors: Unity.Entities.CodeGen.EntitiesILPostProcessors, Unity.Jobs.CodeGen.JobsILPostProcessor, zzzUnity.Burst.CodeGen.BurstILPostProcessor
[40m[32minfo[39m[22m[49m: Unity.ILPP.Runner.PostProcessingPipeline[0]
      running Unity.Entities.CodeGen.EntitiesILPostProcessors
[40m[32minfo[39m[22m[49m: Microsoft.AspNetCore.Hosting.Diagnostics[1]
      Request starting HTTP/2 POST http://ilpp/UnityILPP.PostProcessing/PostProcessAssembly application/grpc -
[40m[32minfo[39m[22m[49m: Microsoft.AspNetCore.Routing.EndpointMiddleware[0]
      Executing endpoint 'gRPC - /UnityILPP.PostProcessing/PostProcessAssembly'
[40m[32minfo[39m[22m[49m: Unity.ILPP.Runner.PostProcessingPipeline[0]
      Processing assembly Library/Bee/artifacts/2400b0aE.dag/GameCore.Validation.Probe.dll, with 124 defines and 231 references
[40m[32minfo[39m[22m[49m: Unity.ILPP.Runner.PostProcessingPipeline[0]
      processors: Unity.Entities.CodeGen.EntitiesILPostProcessors, Unity.Jobs.CodeGen.JobsILPostProcessor, zzzUnity.Burst.CodeGen.BurstILPostProcessor
[40m[32minfo[39m[22m[49m: Unity.ILPP.Runner.PostProcessingPipeline[0]
      running Unity.Entities.CodeGen.EntitiesILPostProcessors
[40m[32minfo[39m[22m[49m: Microsoft.AspNetCore.Routing.EndpointMiddleware[1]
      Executed endpoint 'gRPC - /UnityILPP.PostProcessing/PostProcessAssembly'
[40m[32minfo[39m[22m[49m: Microsoft.AspNetCore.Hosting.Diagnostics[2]
      Request finished HTTP/2 POST http://ilpp/UnityILPP.PostProcessing/PostProcessAssembly application/grpc - - 200 - application/grpc 776.7908ms
[40m[32minfo[39m[22m[49m: Unity.ILPP.Runner.PostProcessingPipeline[0]
      running zzzUnity.Burst.CodeGen.BurstILPostProcessor
  - EILPP : Unity.Entities.Hybrid.HybridComponents : : 24ms (~21ms)
    - EILPP : Unity.Entities.Hybrid.HybridComponents : StaticTypeRegistryPostProcessor: 2ms 
    - EILPP : Unity.Entities.Hybrid.HybridComponents : WriteAssembly: 1ms 
[40m[32minfo[39m[22m[49m: Unity.ILPP.Runner.PostProcessingPipeline[0]
      running Unity.Jobs.CodeGen.JobsILPostProcessor
  - EILPP : GameCore.Validation.Probe : : 27ms (~23ms)
    - EILPP : GameCore.Validation.Probe : WriteAssembly: 4ms 
[40m[32minfo[39m[22m[49m: Unity.ILPP.Runner.PostProcessingPipeline[0]
      running Unity.Jobs.CodeGen.JobsILPostProcessor
[40m[32minfo[39m[22m[49m: Unity.ILPP.Runner.PostProcessingPipeline[0]
      running zzzUnity.Burst.CodeGen.BurstILPostProcessor
[40m[32minfo[39m[22m[49m: Microsoft.AspNetCore.Routing.EndpointMiddleware[1]
      Executed endpoint 'gRPC - /UnityILPP.PostProcessing/PostProcessAssembly'
[40m[32minfo[39m[22m[49m: Microsoft.AspNetCore.Hosting.Diagnostics[2]
      Request finished HTTP/2 POST http://ilpp/UnityILPP.PostProcessing/PostProcessAssembly application/grpc - - 200 - application/grpc 36.1660ms
[40m[32minfo[39m[22m[49m: Microsoft.AspNetCore.Hosting.Diagnostics[1]
      Request starting HTTP/2 POST http://ilpp/UnityILPP.PostProcessing/PostProcessAssembly application/grpc -
[40m[32minfo[39m[22m[49m: Microsoft.AspNetCore.Routing.EndpointMiddleware[0]
      Executing endpoint 'gRPC - /UnityILPP.PostProcessing/PostProcessAssembly'
[40m[32minfo[39m[22m[49m: Unity.ILPP.Runner.PostProcessingPipeline[0]
      Processing assembly Library/Bee/artifacts/2400b0aE.dag/GameCore.Validation.Generated.dll, with 124 defines and 232 references
[40m[32minfo[39m[22m[49m: Unity.ILPP.Runner.PostProcessingPipeline[0]
      processors: Unity.Entities.CodeGen.EntitiesILPostProcessors, Unity.Jobs.CodeGen.JobsILPostProcessor, zzzUnity.Burst.CodeGen.BurstILPostProcessor
[40m[32minfo[39m[22m[49m: Unity.ILPP.Runner.PostProcessingPipeline[0]
      running Unity.Entities.CodeGen.EntitiesILPostProcessors
[40m[32minfo[39m[22m[49m: Unity.ILPP.Runner.PostProcessingPipeline[0]
      running Unity.Jobs.CodeGen.JobsILPostProcessor
  - EILPP : Unity.Scenes : : 228ms (~12ms)
    - EILPP : Unity.Scenes : Cloner: 1ms 
    - EILPP : Unity.Scenes : StaticTypeRegistryPostProcessor: 167ms 
    - EILPP : Unity.Scenes : WriteAssembly: 48ms 
[40m[32minfo[39m[22m[49m: Unity.ILPP.Runner.PostProcessingPipeline[0]
      running Unity.Jobs.CodeGen.JobsILPostProcessor
[40m[32minfo[39m[22m[49m: Unity.ILPP.Runner.PostProcessingPipeline[0]
      running zzzUnity.Burst.CodeGen.BurstILPostProcessor
  - EILPP : Unity.Transforms.Hybrid : : 194ms (~190ms)
    - EILPP : Unity.Transforms.Hybrid : StaticTypeRegistryPostProcessor: 1ms 
    - EILPP : Unity.Transforms.Hybrid : WriteAssembly: 3ms 
[40m[32minfo[39m[22m[49m: Unity.ILPP.Runner.PostProcessingPipeline[0]
      running Unity.Jobs.CodeGen.JobsILPostProcessor
[40m[32minfo[39m[22m[49m: Unity.ILPP.Runner.PostProcessingPipeline[0]
      running zzzUnity.Burst.CodeGen.BurstILPostProcessor
[40m[32minfo[39m[22m[49m: Unity.ILPP.Runner.PostProcessingPipeline[0]
      running zzzUnity.Burst.CodeGen.BurstILPostProcessor
  - EILPP : Unity.Entities.Hybrid : : 347ms (~151ms)
    - EILPP : Unity.Entities.Hybrid : Cloner: 2ms 
    - EILPP : Unity.Entities.Hybrid : StaticTypeRegistryPostProcessor: 18ms 
    - EILPP : Unity.Entities.Hybrid : WriteAssembly: 176ms 
[40m[32minfo[39m[22m[49m: Unity.ILPP.Runner.PostProcessingPipeline[0]
      running Unity.Jobs.CodeGen.JobsILPostProcessor
[40m[32minfo[39m[22m[49m: Microsoft.AspNetCore.Routing.EndpointMiddleware[1]
      Executed endpoint 'gRPC - /UnityILPP.PostProcessing/PostProcessAssembly'
[40m[32minfo[39m[22m[49m: Microsoft.AspNetCore.Hosting.Diagnostics[2]
      Request finished HTTP/2 POST http://ilpp/UnityILPP.PostProcessing/PostProcessAssembly application/grpc - - 200 - application/grpc 165.5389ms
[40m[32minfo[39m[22m[49m: Microsoft.AspNetCore.Routing.EndpointMiddleware[1]
      Executed endpoint 'gRPC - /UnityILPP.PostProcessing/PostProcessAssembly'
[40m[32minfo[39m[22m[49m: Microsoft.AspNetCore.Hosting.Diagnostics[1]
      Request starting HTTP/2 POST http://ilpp/UnityILPP.PostProcessing/PostProcessAssembly application/grpc -
[40m[32minfo[39m[22m[49m: Microsoft.AspNetCore.Hosting.Diagnostics[1]
      Request starting HTTP/2 POST http://ilpp/UnityILPP.PostProcessing/PostProcessAssembly application/grpc -
[40m[32minfo[39m[22m[49m: Microsoft.AspNetCore.Hosting.Diagnostics[2]
      Request finished HTTP/2 POST http://ilpp/UnityILPP.PostProcessing/PostProcessAssembly application/grpc - - 200 - application/grpc 200.5135ms
[40m[32minfo[39m[22m[49m: Microsoft.AspNetCore.Routing.EndpointMiddleware[0]
      Executing endpoint 'gRPC - /UnityILPP.PostProcessing/PostProcessAssembly'
[40m[32minfo[39m[22m[49m: Microsoft.AspNetCore.Routing.EndpointMiddleware[0]
      Executing endpoint 'gRPC - /UnityILPP.PostProcessing/PostProcessAssembly'
[40m[32minfo[39m[22m[49m: Microsoft.AspNetCore.Hosting.Diagnostics[1]
      Request starting HTTP/2 POST http://ilpp/UnityILPP.PostProcessing/PostProcessAssembly application/grpc -
[40m[32minfo[39m[22m[49m: Microsoft.AspNetCore.Routing.EndpointMiddleware[0]
      Executing endpoint 'gRPC - /UnityILPP.PostProcessing/PostProcessAssembly'
[40m[32minfo[39m[22m[49m: Unity.ILPP.Runner.PostProcessingPipeline[0]
      Processing assembly Library/Bee/artifacts/2400b0aE.dag/GameCore.Validation.Fixture.dll, with 124 defines and 229 references
[40m[32minfo[39m[22m[49m: Unity.ILPP.Runner.PostProcessingPipeline[0]
      Processing assembly Library/Bee/artifacts/2400b0aE.dag/Unity.Deformations.dll, with 124 defines and 230 references
[40m[32minfo[39m[22m[49m: Unity.ILPP.Runner.PostProcessingPipeline[0]
      Processing assembly Library/Bee/artifacts/2400b0aE.dag/Unity.Entities.Editor.dll, with 122 defines and 272 references
[40m[32minfo[39m[22m[49m: Unity.ILPP.Runner.PostProcessingPipeline[0]
      processors: Unity.Entities.CodeGen.EntitiesILPostProcessors, Unity.Jobs.CodeGen.JobsILPostProcessor, zzzUnity.Burst.CodeGen.BurstILPostProcessor
[40m[32minfo[39m[22m[49m: Unity.ILPP.Runner.PostProcessingPipeline[0]
      processors: Unity.Entities.CodeGen.EntitiesILPostProcessors, Unity.Jobs.CodeGen.JobsILPostProcessor, zzzUnity.Burst.CodeGen.BurstILPostProcessor
[40m[32minfo[39m[22m[49m: Unity.ILPP.Runner.PostProcessingPipeline[0]
      processors: Unity.Entities.CodeGen.EntitiesILPostProcessors, Unity.Jobs.CodeGen.JobsILPostProcessor, zzzUnity.Burst.CodeGen.BurstILPostProcessor
[40m[32minfo[39m[22m[49m: Unity.ILPP.Runner.PostProcessingPipeline[0]
      running Unity.Entities.CodeGen.EntitiesILPostProcessors
[40m[32minfo[39m[22m[49m: Unity.ILPP.Runner.PostProcessingPipeline[0]
      running Unity.Entities.CodeGen.EntitiesILPostProcessors
[40m[32minfo[39m[22m[49m: Unity.ILPP.Runner.PostProcessingPipeline[0]
      running Unity.Jobs.CodeGen.JobsILPostProcessor
[40m[32minfo[39m[22m[49m: Unity.ILPP.Runner.PostProcessingPipeline[0]
      running zzzUnity.Burst.CodeGen.BurstILPostProcessor
[40m[32minfo[39m[22m[49m: Microsoft.AspNetCore.Routing.EndpointMiddleware[1]
      Executed endpoint 'gRPC - /UnityILPP.PostProcessing/PostProcessAssembly'
[40m[32minfo[39m[22m[49m: Microsoft.AspNetCore.Hosting.Diagnostics[2]
      Request finished HTTP/2 POST http://ilpp/UnityILPP.PostProcessing/PostProcessAssembly application/grpc - - 200 - application/grpc 0.4706ms
[40m[32minfo[39m[22m[49m: Unity.ILPP.Runner.PostProcessingPipeline[0]
      running Unity.Entities.CodeGen.EntitiesILPostProcessors
[40m[32minfo[39m[22m[49m: Microsoft.AspNetCore.Routing.EndpointMiddleware[1]
      Executed endpoint 'gRPC - /UnityILPP.PostProcessing/PostProcessAssembly'
[40m[32minfo[39m[22m[49m: Microsoft.AspNetCore.Hosting.Diagnostics[2]
      Request finished HTTP/2 POST http://ilpp/UnityILPP.PostProcessing/PostProcessAssembly application/grpc - - 200 - application/grpc 643.8479ms
  - EILPP : Unity.Deformations : : 5ms (~5ms)
[40m[32minfo[39m[22m[49m: Unity.ILPP.Runner.PostProcessingPipeline[0]
      running Unity.Jobs.CodeGen.JobsILPostProcessor
[40m[32minfo[39m[22m[49m: Unity.ILPP.Runner.PostProcessingPipeline[0]
      running zzzUnity.Burst.CodeGen.BurstILPostProcessor
[40m[32minfo[39m[22m[49m: Microsoft.AspNetCore.Routing.EndpointMiddleware[1]
      Executed endpoint 'gRPC - /UnityILPP.PostProcessing/PostProcessAssembly'
[40m[32minfo[39m[22m[49m: Microsoft.AspNetCore.Hosting.Diagnostics[2]
      Request finished HTTP/2 POST http://ilpp/UnityILPP.PostProcessing/PostProcessAssembly application/grpc - - 200 - application/grpc 1038.3606ms
[40m[32minfo[39m[22m[49m: Microsoft.AspNetCore.Hosting.Diagnostics[1]
      Request starting HTTP/2 POST http://ilpp/UnityILPP.PostProcessing/PostProcessAssembly application/grpc -
[40m[32minfo[39m[22m[49m: Microsoft.AspNetCore.Routing.EndpointMiddleware[0]
      Executing endpoint 'gRPC - /UnityILPP.PostProcessing/PostProcessAssembly'
[40m[32minfo[39m[22m[49m: Microsoft.AspNetCore.Hosting.Diagnostics[1]
      Request starting HTTP/2 POST http://ilpp/UnityILPP.PostProcessing/PostProcessAssembly application/grpc -
[40m[32minfo[39m[22m[49m: Microsoft.AspNetCore.Routing.EndpointMiddleware[0]
      Executing endpoint 'gRPC - /UnityILPP.PostProcessing/PostProcessAssembly'
[40m[32minfo[39m[22m[49m: Unity.ILPP.Runner.PostProcessingPipeline[0]
      Processing assembly Library/Bee/artifacts/2400b0aE.dag/Unity.Toolchain.Linux-x86_64.dll, with 122 defines and 262 references
[40m[32minfo[39m[22m[49m: Unity.ILPP.Runner.PostProcessingPipeline[0]
      processors: Unity.Entities.CodeGen.EntitiesILPostProcessors, Unity.Jobs.CodeGen.JobsILPostProcessor, zzzUnity.Burst.CodeGen.BurstILPostProcessor
[40m[32minfo[39m[22m[49m: Microsoft.AspNetCore.Hosting.Diagnostics[1]
      Request starting HTTP/2 POST http://ilpp/UnityILPP.PostProcessing/PostProcessAssembly application/grpc -
[40m[32minfo[39m[22m[49m: Unity.ILPP.Runner.PostProcessingPipeline[0]
      Processing assembly Library/Bee/artifacts/2400b0aE.dag/Unity.Sysroot.Linux_x86_64.dll, with 122 defines and 261 references
[40m[32minfo[39m[22m[49m: Microsoft.AspNetCore.Routing.EndpointMiddleware[0]
      Executing endpoint 'gRPC - /UnityILPP.PostProcessing/PostProcessAssembly'
[40m[32minfo[39m[22m[49m: Unity.ILPP.Runner.PostProcessingPipeline[0]
      processors: Unity.Entities.CodeGen.EntitiesILPostProcessors, Unity.Jobs.CodeGen.JobsILPostProcessor, zzzUnity.Burst.CodeGen.BurstILPostProcessor
[40m[32minfo[39m[22m[49m: Unity.ILPP.Runner.PostProcessingPipeline[0]
      running Unity.Entities.CodeGen.EntitiesILPostProcessors
[40m[32minfo[39m[22m[49m: Unity.ILPP.Runner.PostProcessingPipeline[0]
      Processing assembly Library/Bee/artifacts/2400b0aE.dag/Unity.Collections.Editor.dll, with 123 defines and 261 references
[40m[32minfo[39m[22m[49m: Unity.ILPP.Runner.PostProcessingPipeline[0]
      processors: Unity.Entities.CodeGen.EntitiesILPostProcessors, Unity.Jobs.CodeGen.JobsILPostProcessor, zzzUnity.Burst.CodeGen.BurstILPostProcessor
[40m[32minfo[39m[22m[49m: Unity.ILPP.Runner.PostProcessingPipeline[0]
      running Unity.Jobs.CodeGen.JobsILPostProcessor
[40m[32minfo[39m[22m[49m: Unity.ILPP.Runner.PostProcessingPipeline[0]
      running Unity.Entities.CodeGen.EntitiesILPostProcessors
[40m[32minfo[39m[22m[49m: Unity.ILPP.Runner.PostProcessingPipeline[0]
      running zzzUnity.Burst.CodeGen.BurstILPostProcessor
[40m[32minfo[39m[22m[49m: Unity.ILPP.Runner.PostProcessingPipeline[0]
      running Unity.Jobs.CodeGen.JobsILPostProcessor
[40m[32minfo[39m[22m[49m: Unity.ILPP.Runner.PostProcessingPipeline[0]
      running Unity.Entities.CodeGen.EntitiesILPostProcessors
[40m[32minfo[39m[22m[49m: Unity.ILPP.Runner.PostProcessingPipeline[0]
      running zzzUnity.Burst.CodeGen.BurstILPostProcessor
[40m[32minfo[39m[22m[49m: Unity.ILPP.Runner.PostProcessingPipeline[0]
      running Unity.Jobs.CodeGen.JobsILPostProcessor
[40m[32minfo[39m[22m[49m: Microsoft.AspNetCore.Routing.EndpointMiddleware[1]
      Executed endpoint 'gRPC - /UnityILPP.PostProcessing/PostProcessAssembly'
[40m[32minfo[39m[22m[49m: Microsoft.AspNetCore.Hosting.Diagnostics[2]
      Request finished HTTP/2 POST http://ilpp/UnityILPP.PostProcessing/PostProcessAssembly application/grpc - - 200 - application/grpc 513.0146ms
[40m[32minfo[39m[22m[49m: Microsoft.AspNetCore.Hosting.Diagnostics[1]
      Request starting HTTP/2 POST http://ilpp/UnityILPP.PostProcessing/PostProcessAssembly application/grpc -
[40m[32minfo[39m[22m[49m: Microsoft.AspNetCore.Hosting.Diagnostics[1]
      Request starting HTTP/2 POST http://ilpp/UnityILPP.PostProcessing/PostProcessAssembly application/grpc -
[40m[32minfo[39m[22m[49m: Microsoft.AspNetCore.Routing.EndpointMiddleware[0]
      Executing endpoint 'gRPC - /UnityILPP.PostProcessing/PostProcessAssembly'
[40m[32minfo[39m[22m[49m: Microsoft.AspNetCore.Routing.EndpointMiddleware[0]
      Executing endpoint 'gRPC - /UnityILPP.PostProcessing/PostProcessAssembly'
[40m[32minfo[39m[22m[49m: Unity.ILPP.Runner.PostProcessingPipeline[0]
      Processing assembly Library/Bee/artifacts/2400b0aE.dag/Unity.Serialization.Editor.dll, with 122 defines and 261 references
[40m[32minfo[39m[22m[49m: Unity.ILPP.Runner.PostProcessingPipeline[0]
      processors: Unity.Entities.CodeGen.EntitiesILPostProcessors, Unity.Jobs.CodeGen.JobsILPostProcessor, zzzUnity.Burst.CodeGen.BurstILPostProcessor
[40m[32minfo[39m[22m[49m: Unity.ILPP.Runner.PostProcessingPipeline[0]
      Processing assembly Library/Bee/artifacts/2400b0aE.dag/Unity.Burst.Editor.dll, with 122 defines and 261 references
[40m[32minfo[39m[22m[49m: Unity.ILPP.Runner.PostProcessingPipeline[0]
      processors: Unity.Entities.CodeGen.EntitiesILPostProcessors, Unity.Jobs.CodeGen.JobsILPostProcessor, zzzUnity.Burst.CodeGen.BurstILPostProcessor
[40m[32minfo[39m[22m[49m: Unity.ILPP.Runner.PostProcessingPipeline[0]
      running Unity.Entities.CodeGen.EntitiesILPostProcessors
[40m[32minfo[39m[22m[49m: Unity.ILPP.Runner.PostProcessingPipeline[0]
      running Unity.Jobs.CodeGen.JobsILPostProcessor
[40m[32minfo[39m[22m[49m: Unity.ILPP.Runner.PostProcessingPipeline[0]
      running zzzUnity.Burst.CodeGen.BurstILPostProcessor
[40m[32minfo[39m[22m[49m: Microsoft.AspNetCore.Routing.EndpointMiddleware[1]
      Executed endpoint 'gRPC - /UnityILPP.PostProcessing/PostProcessAssembly'
[40m[32minfo[39m[22m[49m: Microsoft.AspNetCore.Routing.EndpointMiddleware[1]
      Executed endpoint 'gRPC - /UnityILPP.PostProcessing/PostProcessAssembly'
[40m[32minfo[39m[22m[49m: Unity.ILPP.Runner.PostProcessingPipeline[0]
      running Unity.Entities.CodeGen.EntitiesILPostProcessors
[40m[32minfo[39m[22m[49m: Microsoft.AspNetCore.Hosting.Diagnostics[2]
      Request finished HTTP/2 POST http://ilpp/UnityILPP.PostProcessing/PostProcessAssembly application/grpc - - 200 - application/grpc 1.2715ms
[40m[32minfo[39m[22m[49m: Microsoft.AspNetCore.Hosting.Diagnostics[2]
      Request finished HTTP/2 POST http://ilpp/UnityILPP.PostProcessing/PostProcessAssembly application/grpc - - 200 - application/grpc 1.1859ms
[40m[32minfo[39m[22m[49m: Unity.ILPP.Runner.PostProcessingPipeline[0]
      running Unity.Jobs.CodeGen.JobsILPostProcessor
[40m[32minfo[39m[22m[49m: Unity.ILPP.Runner.PostProcessingPipeline[0]
      running zzzUnity.Burst.CodeGen.BurstILPostProcessor
[40m[32minfo[39m[22m[49m: Microsoft.AspNetCore.Hosting.Diagnostics[1]
      Request starting HTTP/2 POST http://ilpp/UnityILPP.PostProcessing/PostProcessAssembly application/grpc -
[40m[32minfo[39m[22m[49m: Microsoft.AspNetCore.Routing.EndpointMiddleware[0]
      Executing endpoint 'gRPC - /UnityILPP.PostProcessing/PostProcessAssembly'
[40m[32minfo[39m[22m[49m: Microsoft.AspNetCore.Hosting.Diagnostics[1]
      Request starting HTTP/2 POST http://ilpp/UnityILPP.PostProcessing/PostProcessAssembly application/grpc -
[40m[32minfo[39m[22m[49m: Microsoft.AspNetCore.Routing.EndpointMiddleware[0]
      Executing endpoint 'gRPC - /UnityILPP.PostProcessing/PostProcessAssembly'
[40m[32minfo[39m[22m[49m: Microsoft.AspNetCore.Routing.EndpointMiddleware[1]
      Executed endpoint 'gRPC - /UnityILPP.PostProcessing/PostProcessAssembly'
[40m[32minfo[39m[22m[49m: Unity.ILPP.Runner.PostProcessingPipeline[0]
      Processing assembly Library/Bee/artifacts/2400b0aE.dag/GameCore.Content.Compiler.dll, with 122 defines and 136 references
[40m[32minfo[39m[22m[49m: Microsoft.AspNetCore.Hosting.Diagnostics[2]
      Request finished HTTP/2 POST http://ilpp/UnityILPP.PostProcessing/PostProcessAssembly application/grpc - - 200 - application/grpc 0.8591ms
[40m[32minfo[39m[22m[49m: Unity.ILPP.Runner.PostProcessingPipeline[0]
      processors: Unity.Entities.CodeGen.EntitiesILPostProcessors, Unity.Jobs.CodeGen.JobsILPostProcessor, zzzUnity.Burst.CodeGen.BurstILPostProcessor
[40m[32minfo[39m[22m[49m: Unity.ILPP.Runner.PostProcessingPipeline[0]
      running zzzUnity.Burst.CodeGen.BurstILPostProcessor
[40m[32minfo[39m[22m[49m: Unity.ILPP.Runner.PostProcessingPipeline[0]
      Processing assembly Library/Bee/artifacts/2400b0aE.dag/Unity.Scenes.Editor.dll, with 123 defines and 270 references
[40m[32minfo[39m[22m[49m: Unity.ILPP.Runner.PostProcessingPipeline[0]
      processors: Unity.Entities.CodeGen.EntitiesILPostProcessors, Unity.Jobs.CodeGen.JobsILPostProcessor, zzzUnity.Burst.CodeGen.BurstILPostProcessor
[40m[32minfo[39m[22m[49m: Microsoft.AspNetCore.Routing.EndpointMiddleware[1]
      Executed endpoint 'gRPC - /UnityILPP.PostProcessing/PostProcessAssembly'
[40m[32minfo[39m[22m[49m: Microsoft.AspNetCore.Hosting.Diagnostics[2]
      Request finished HTTP/2 POST http://ilpp/UnityILPP.PostProcessing/PostProcessAssembly application/grpc - - 200 - application/grpc 134.1479ms
[40m[32minfo[39m[22m[49m: Unity.ILPP.Runner.PostProcessingPipeline[0]
      running Unity.Entities.CodeGen.EntitiesILPostProcessors
[40m[32minfo[39m[22m[49m: Unity.ILPP.Runner.PostProcessingPipeline[0]
      running Unity.Jobs.CodeGen.JobsILPostProcessor
[40m[32minfo[39m[22m[49m: Unity.ILPP.Runner.PostProcessingPipeline[0]
      running zzzUnity.Burst.CodeGen.BurstILPostProcessor
[40m[32minfo[39m[22m[49m: Unity.ILPP.Runner.PostProcessingPipeline[0]
      running Unity.Entities.CodeGen.EntitiesILPostProcessors
[40m[32minfo[39m[22m[49m: Microsoft.AspNetCore.Routing.EndpointMiddleware[1]
      Executed endpoint 'gRPC - /UnityILPP.PostProcessing/PostProcessAssembly'
[40m[32minfo[39m[22m[49m: Microsoft.AspNetCore.Hosting.Diagnostics[2]
      Request finished HTTP/2 POST http://ilpp/UnityILPP.PostProcessing/PostProcessAssembly application/grpc - - 200 - application/grpc 1.4260ms
[40m[32minfo[39m[22m[49m: Unity.ILPP.Runner.PostProcessingPipeline[0]
      running zzzUnity.Burst.CodeGen.BurstILPostProcessor
[40m[32minfo[39m[22m[49m: Unity.ILPP.Runner.PostProcessingPipeline[0]
      running zzzUnity.Burst.CodeGen.BurstILPostProcessor
[40m[32minfo[39m[22m[49m: Microsoft.AspNetCore.Routing.EndpointMiddleware[1]
      Executed endpoint 'gRPC - /UnityILPP.PostProcessing/PostProcessAssembly'
[40m[32minfo[39m[22m[49m: Microsoft.AspNetCore.Routing.EndpointMiddleware[1]
      Executed endpoint 'gRPC - /UnityILPP.PostProcessing/PostProcessAssembly'
[40m[32minfo[39m[22m[49m: Microsoft.AspNetCore.Hosting.Diagnostics[2]
      Request finished HTTP/2 POST http://ilpp/UnityILPP.PostProcessing/PostProcessAssembly application/grpc - - 200 - application/grpc 5.5961ms
[40m[32minfo[39m[22m[49m: Microsoft.AspNetCore.Hosting.Diagnostics[2]
      Request finished HTTP/2 POST http://ilpp/UnityILPP.PostProcessing/PostProcessAssembly application/grpc - - 200 - application/grpc 777.4709ms
[40m[32minfo[39m[22m[49m: Unity.ILPP.Runner.PostProcessingPipeline[0]
      running zzzUnity.Burst.CodeGen.BurstILPostProcessor
[40m[32minfo[39m[22m[49m: Microsoft.AspNetCore.Hosting.Diagnostics[1]
      Request starting HTTP/2 POST http://ilpp/UnityILPP.PostProcessing/PostProcessAssembly application/grpc -
[40m[32minfo[39m[22m[49m: Microsoft.AspNetCore.Routing.EndpointMiddleware[0]
      Executing endpoint 'gRPC - /UnityILPP.PostProcessing/PostProcessAssembly'
[40m[32minfo[39m[22m[49m: Unity.ILPP.Runner.PostProcessingPipeline[0]
      Processing assembly Library/Bee/artifacts/2400b0aE.dag/GameCore.Content.Compiler.Editor.dll, with 122 defines and 262 references
[40m[32minfo[39m[22m[49m: Microsoft.AspNetCore.Routing.EndpointMiddleware[1]
      Executed endpoint 'gRPC - /UnityILPP.PostProcessing/PostProcessAssembly'
[40m[32minfo[39m[22m[49m: Unity.ILPP.Runner.PostProcessingPipeline[0]
      processors: Unity.Entities.CodeGen.EntitiesILPostProcessors, Unity.Jobs.CodeGen.JobsILPostProcessor, zzzUnity.Burst.CodeGen.BurstILPostProcessor
[40m[32minfo[39m[22m[49m: Microsoft.AspNetCore.Hosting.Diagnostics[2]
      Request finished HTTP/2 POST http://ilpp/UnityILPP.PostProcessing/PostProcessAssembly application/grpc - - 200 - application/grpc 353.0757ms
[40m[32minfo[39m[22m[49m: Unity.ILPP.Runner.PostProcessingPipeline[0]
      running Unity.Entities.CodeGen.EntitiesILPostProcessors
[40m[32minfo[39m[22m[49m: Unity.ILPP.Runner.PostProcessingPipeline[0]
      running Unity.Jobs.CodeGen.JobsILPostProcessor
[40m[32minfo[39m[22m[49m: Unity.ILPP.Runner.PostProcessingPipeline[0]
      running zzzUnity.Burst.CodeGen.BurstILPostProcessor
[40m[32minfo[39m[22m[49m: Microsoft.AspNetCore.Routing.EndpointMiddleware[1]
      Executed endpoint 'gRPC - /UnityILPP.PostProcessing/PostProcessAssembly'
[40m[32minfo[39m[22m[49m: Microsoft.AspNetCore.Hosting.Diagnostics[2]
      Request finished HTTP/2 POST http://ilpp/UnityILPP.PostProcessing/PostProcessAssembly application/grpc - - 200 - application/grpc 2.1967ms
[40m[32minfo[39m[22m[49m: Microsoft.AspNetCore.Hosting.Diagnostics[1]
      Request starting HTTP/2 POST http://ilpp/UnityILPP.PostProcessing/PostProcessAssembly application/grpc -
[40m[32minfo[39m[22m[49m: Microsoft.AspNetCore.Routing.EndpointMiddleware[0]
      Executing endpoint 'gRPC - /UnityILPP.PostProcessing/PostProcessAssembly'
[40m[32minfo[39m[22m[49m: Unity.ILPP.Runner.PostProcessingPipeline[0]
      Processing assembly Library/Bee/artifacts/2400b0aE.dag/GameCore.Validation.ProbeHost.dll, with 124 defines and 255 references
[40m[32minfo[39m[22m[49m: Unity.ILPP.Runner.PostProcessingPipeline[0]
      processors: Unity.Entities.CodeGen.EntitiesILPostProcessors, Unity.Jobs.CodeGen.JobsILPostProcessor, zzzUnity.Burst.CodeGen.BurstILPostProcessor
[40m[32minfo[39m[22m[49m: Unity.ILPP.Runner.PostProcessingPipeline[0]
      running Unity.Entities.CodeGen.EntitiesILPostProcessors
[40m[32minfo[39m[22m[49m: Microsoft.AspNetCore.Hosting.Diagnostics[1]
      Request starting HTTP/2 POST http://ilpp/UnityILPP.PostProcessing/PostProcessAssembly application/grpc -
[40m[32minfo[39m[22m[49m: Microsoft.AspNetCore.Routing.EndpointMiddleware[0]
      Executing endpoint 'gRPC - /UnityILPP.PostProcessing/PostProcessAssembly'
[40m[32minfo[39m[22m[49m: Unity.ILPP.Runner.PostProcessingPipeline[0]
      Processing assembly Library/Bee/artifacts/2400b0aE.dag/Unity.Core.Editor.dll, with 122 defines and 254 references
[40m[32minfo[39m[22m[49m: Unity.ILPP.Runner.PostProcessingPipeline[0]
      processors: Unity.Entities.CodeGen.EntitiesILPostProcessors, Unity.Jobs.CodeGen.JobsILPostProcessor, zzzUnity.Burst.CodeGen.BurstILPostProcessor
[40m[32minfo[39m[22m[49m: Unity.ILPP.Runner.PostProcessingPipeline[0]
      running Unity.Entities.CodeGen.EntitiesILPostProcessors
[40m[32minfo[39m[22m[49m: Unity.ILPP.Runner.PostProcessingPipeline[0]
      running Unity.Jobs.CodeGen.JobsILPostProcessor
[40m[32minfo[39m[22m[49m: Unity.ILPP.Runner.PostProcessingPipeline[0]
      running zzzUnity.Burst.CodeGen.BurstILPostProcessor
[40m[32minfo[39m[22m[49m: Microsoft.AspNetCore.Routing.EndpointMiddleware[1]
      Executed endpoint 'gRPC - /UnityILPP.PostProcessing/PostProcessAssembly'
[40m[32minfo[39m[22m[49m: Microsoft.AspNetCore.Hosting.Diagnostics[2]
      Request finished HTTP/2 POST http://ilpp/UnityILPP.PostProcessing/PostProcessAssembly application/grpc - - 200 - application/grpc 0.5221ms
[40m[32minfo[39m[22m[49m: Microsoft.AspNetCore.Routing.EndpointMiddleware[1]
      Executed endpoint 'gRPC - /UnityILPP.PostProcessing/PostProcessAssembly'
[40m[32minfo[39m[22m[49m: Microsoft.AspNetCore.Hosting.Diagnostics[2]
      Request finished HTTP/2 POST http://ilpp/UnityILPP.PostProcessing/PostProcessAssembly application/grpc - - 200 - application/grpc 21.0723ms
[40m[32minfo[39m[22m[49m: Microsoft.AspNetCore.Hosting.Diagnostics[1]
      Request starting HTTP/2 POST http://ilpp/UnityILPP.PostProcessing/PostProcessAssembly application/grpc -
[40m[32minfo[39m[22m[49m: Microsoft.AspNetCore.Routing.EndpointMiddleware[0]
      Executing endpoint 'gRPC - /UnityILPP.PostProcessing/PostProcessAssembly'
[40m[32minfo[39m[22m[49m: Unity.ILPP.Runner.PostProcessingPipeline[0]
      Processing assembly Library/Bee/artifacts/2400b0aE.dag/Unity.Mathematics.Editor.dll, with 122 defines and 261 references
[40m[32minfo[39m[22m[49m: Unity.ILPP.Runner.PostProcessingPipeline[0]
      processors: Unity.Entities.CodeGen.EntitiesILPostProcessors, Unity.Jobs.CodeGen.JobsILPostProcessor, zzzUnity.Burst.CodeGen.BurstILPostProcessor
[40m[32minfo[39m[22m[49m: Unity.ILPP.Runner.PostProcessingPipeline[0]
      running Unity.Entities.CodeGen.EntitiesILPostProcessors
[40m[32minfo[39m[22m[49m: Unity.ILPP.Runner.PostProcessingPipeline[0]
      running Unity.Jobs.CodeGen.JobsILPostProcessor
[40m[32minfo[39m[22m[49m: Unity.ILPP.Runner.PostProcessingPipeline[0]
      running zzzUnity.Burst.CodeGen.BurstILPostProcessor
[40m[32minfo[39m[22m[49m: Microsoft.AspNetCore.Hosting.Diagnostics[1]
      Request starting HTTP/2 POST http://ilpp/UnityILPP.PostProcessing/PostProcessAssembly application/grpc -
[40m[32minfo[39m[22m[49m: Microsoft.AspNetCore.Routing.EndpointMiddleware[1]
      Executed endpoint 'gRPC - /UnityILPP.PostProcessing/PostProcessAssembly'
[40m[32minfo[39m[22m[49m: Microsoft.AspNetCore.Routing.EndpointMiddleware[0]
      Executing endpoint 'gRPC - /UnityILPP.PostProcessing/PostProcessAssembly'
[40m[32minfo[39m[22m[49m: Microsoft.AspNetCore.Hosting.Diagnostics[2]
      Request finished HTTP/2 POST http://ilpp/UnityILPP.PostProcessing/PostProcessAssembly application/grpc - - 200 - application/grpc 0.7089ms
[40m[32minfo[39m[22m[49m: Unity.ILPP.Runner.PostProcessingPipeline[0]
      Processing assembly Library/Bee/artifacts/2400b0aE.dag/Unity.ScriptableBuildPipeline.Editor.dll, with 125 defines and 261 references
[40m[32minfo[39m[22m[49m: Unity.ILPP.Runner.PostProcessingPipeline[0]
      processors: Unity.Entities.CodeGen.EntitiesILPostProcessors, Unity.Jobs.CodeGen.JobsILPostProcessor, zzzUnity.Burst.CodeGen.BurstILPostProcessor
[40m[32minfo[39m[22m[49m: Unity.ILPP.Runner.PostProcessingPipeline[0]
      running Unity.Entities.CodeGen.EntitiesILPostProcessors
[40m[32minfo[39m[22m[49m: Unity.ILPP.Runner.PostProcessingPipeline[0]
      running Unity.Jobs.CodeGen.JobsILPostProcessor
[40m[32minfo[39m[22m[49m: Unity.ILPP.Runner.PostProcessingPipeline[0]
      running zzzUnity.Burst.CodeGen.BurstILPostProcessor
[40m[32minfo[39m[22m[49m: Microsoft.AspNetCore.Hosting.Diagnostics[1]
      Request starting HTTP/2 POST http://ilpp/UnityILPP.PostProcessing/PostProcessAssembly application/grpc -
[40m[32minfo[39m[22m[49m: Microsoft.AspNetCore.Routing.EndpointMiddleware[0]
      Executing endpoint 'gRPC - /UnityILPP.PostProcessing/PostProcessAssembly'
[40m[32minfo[39m[22m[49m: Microsoft.AspNetCore.Hosting.Diagnostics[1]
      Request starting HTTP/2 POST http://ilpp/UnityILPP.PostProcessing/PostProcessAssembly application/grpc -
[40m[32minfo[39m[22m[49m: Microsoft.AspNetCore.Routing.EndpointMiddleware[0]
      Executing endpoint 'gRPC - /UnityILPP.PostProcessing/PostProcessAssembly'
[40m[32minfo[39m[22m[49m: Microsoft.AspNetCore.Hosting.Diagnostics[1]
      Request starting HTTP/2 POST http://ilpp/UnityILPP.PostProcessing/PostProcessAssembly application/grpc -
[40m[32minfo[39m[22m[49m: Microsoft.AspNetCore.Routing.EndpointMiddleware[1]
      Executed endpoint 'gRPC - /UnityILPP.PostProcessing/PostProcessAssembly'
[40m[32minfo[39m[22m[49m: Microsoft.AspNetCore.Routing.EndpointMiddleware[0]
      Executing endpoint 'gRPC - /UnityILPP.PostProcessing/PostProcessAssembly'
[40m[32minfo[39m[22m[49m: Microsoft.AspNetCore.Hosting.Diagnostics[2]
      Request finished HTTP/2 POST http://ilpp/UnityILPP.PostProcessing/PostProcessAssembly application/grpc - - 200 - application/grpc 129.1076ms
[40m[32minfo[39m[22m[49m: Unity.ILPP.Runner.PostProcessingPipeline[0]
      Processing assembly Library/Bee/artifacts/2400b0aE.dag/Unity.PerformanceTesting.Editor.dll, with 123 defines and 255 references
[40m[32minfo[39m[22m[49m: Unity.ILPP.Runner.PostProcessingPipeline[0]
      processors: Unity.Entities.CodeGen.EntitiesILPostProcessors, Unity.Jobs.CodeGen.JobsILPostProcessor, zzzUnity.Burst.CodeGen.BurstILPostProcessor
[40m[32minfo[39m[22m[49m: Unity.ILPP.Runner.PostProcessingPipeline[0]
      Processing assembly Library/Bee/artifacts/2400b0aE.dag/Unity.InternalAPIEditorBridge.002.dll, with 122 defines and 261 references
[40m[32minfo[39m[22m[49m: Unity.ILPP.Runner.PostProcessingPipeline[0]
      processors: Unity.Entities.CodeGen.EntitiesILPostProcessors, Unity.Jobs.CodeGen.JobsILPostProcessor, zzzUnity.Burst.CodeGen.BurstILPostProcessor
[40m[32minfo[39m[22m[49m: Microsoft.AspNetCore.Hosting.Diagnostics[1]
      Request starting HTTP/2 POST http://ilpp/UnityILPP.PostProcessing/PostProcessAssembly application/grpc -
[40m[32minfo[39m[22m[49m: Unity.ILPP.Runner.PostProcessingPipeline[0]
      Processing assembly Library/Bee/artifacts/2400b0aE.dag/Unity.Entities.Build.dll, with 122 defines and 263 references
[40m[32minfo[39m[22m[49m: Microsoft.AspNetCore.Routing.EndpointMiddleware[0]
      Executing endpoint 'gRPC - /UnityILPP.PostProcessing/PostProcessAssembly'
[40m[32minfo[39m[22m[49m: Unity.ILPP.Runner.PostProcessingPipeline[0]
      processors: Unity.Entities.CodeGen.EntitiesILPostProcessors, Unity.Jobs.CodeGen.JobsILPostProcessor, zzzUnity.Burst.CodeGen.BurstILPostProcessor
[40m[32minfo[39m[22m[49m: Unity.ILPP.Runner.PostProcessingPipeline[0]
      running Unity.Entities.CodeGen.EntitiesILPostProcessors
[40m[32minfo[39m[22m[49m: Microsoft.AspNetCore.Hosting.Diagnostics[1]
      Request starting HTTP/2 POST http://ilpp/UnityILPP.PostProcessing/PostProcessAssembly application/grpc -
[40m[32minfo[39m[22m[49m: Microsoft.AspNetCore.Hosting.Diagnostics[1]
      Request starting HTTP/2 POST http://ilpp/UnityILPP.PostProcessing/PostProcessAssembly application/grpc -
[40m[32minfo[39m[22m[49m: Unity.ILPP.Runner.PostProcessingPipeline[0]
      running Unity.Entities.CodeGen.EntitiesILPostProcessors
[40m[32minfo[39m[22m[49m: Unity.ILPP.Runner.PostProcessingPipeline[0]
      running Unity.Jobs.CodeGen.JobsILPostProcessor
[40m[32minfo[39m[22m[49m: Microsoft.AspNetCore.Routing.EndpointMiddleware[0]
      Executing endpoint 'gRPC - /UnityILPP.PostProcessing/PostProcessAssembly'
[40m[32minfo[39m[22m[49m: Microsoft.AspNetCore.Routing.EndpointMiddleware[0]
      Executing endpoint 'gRPC - /UnityILPP.PostProcessing/PostProcessAssembly'
[40m[32minfo[39m[22m[49m: Unity.ILPP.Runner.PostProcessingPipeline[0]
      running zzzUnity.Burst.CodeGen.BurstILPostProcessor
[40m[32minfo[39m[22m[49m: Unity.ILPP.Runner.PostProcessingPipeline[0]
      running Unity.Jobs.CodeGen.JobsILPostProcessor
[40m[32minfo[39m[22m[49m: Unity.ILPP.Runner.PostProcessingPipeline[0]
      Processing assembly Library/Bee/artifacts/2400b0aE.dag/Unity.Entities.UI.Editor.dll, with 122 defines and 263 references
[40m[32minfo[39m[22m[49m: Unity.ILPP.Runner.PostProcessingPipeline[0]
      processors: Unity.Entities.CodeGen.EntitiesILPostProcessors, Unity.Jobs.CodeGen.JobsILPostProcessor, zzzUnity.Burst.CodeGen.BurstILPostProcessor
[40m[32minfo[39m[22m[49m: Unity.ILPP.Runner.PostProcessingPipeline[0]
      running zzzUnity.Burst.CodeGen.BurstILPostProcessor
[40m[32minfo[39m[22m[49m: Unity.ILPP.Runner.PostProcessingPipeline[0]
      Processing assembly Library/Bee/artifacts/2400b0aE.dag/Unity.Entities.Editor.Properties.dll, with 122 defines and 262 references
[40m[32minfo[39m[22m[49m: Unity.ILPP.Runner.PostProcessingPipeline[0]
      processors: Unity.Entities.CodeGen.EntitiesILPostProcessors, Unity.Jobs.CodeGen.JobsILPostProcessor, zzzUnity.Burst.CodeGen.BurstILPostProcessor
[40m[32minfo[39m[22m[49m: Unity.ILPP.Runner.PostProcessingPipeline[0]
      Processing assembly Library/Bee/artifacts/2400b0aE.dag/Unity.SysrootPackage.Editor.dll, with 122 defines and 260 references
[40m[32minfo[39m[22m[49m: Unity.ILPP.Runner.PostProcessingPipeline[0]
      running Unity.Entities.CodeGen.EntitiesILPostProcessors
[40m[32minfo[39m[22m[49m: Unity.ILPP.Runner.PostProcessingPipeline[0]
      processors: Unity.Entities.CodeGen.EntitiesILPostProcessors, Unity.Jobs.CodeGen.JobsILPostProcessor, zzzUnity.Burst.CodeGen.BurstILPostProcessor
[40m[32minfo[39m[22m[49m: Unity.ILPP.Runner.PostProcessingPipeline[0]
      running Unity.Entities.CodeGen.EntitiesILPostProcessors
[40m[32minfo[39m[22m[49m: Unity.ILPP.Runner.PostProcessingPipeline[0]
      running Unity.Jobs.CodeGen.JobsILPostProcessor
[40m[32minfo[39m[22m[49m: Unity.ILPP.Runner.PostProcessingPipeline[0]
      running zzzUnity.Burst.CodeGen.BurstILPostProcessor
[40m[32minfo[39m[22m[49m: Unity.ILPP.Runner.PostProcessingPipeline[0]
      running Unity.Entities.CodeGen.EntitiesILPostProcessors
[40m[32minfo[39m[22m[49m: Unity.ILPP.Runner.PostProcessingPipeline[0]
      running Unity.Entities.CodeGen.EntitiesILPostProcessors
[40m[32minfo[39m[22m[49m: Unity.ILPP.Runner.PostProcessingPipeline[0]
      running Unity.Jobs.CodeGen.JobsILPostProcessor
[40m[32minfo[39m[22m[49m: Unity.ILPP.Runner.PostProcessingPipeline[0]
      running Unity.Jobs.CodeGen.JobsILPostProcessor
[40m[32minfo[39m[22m[49m: Microsoft.AspNetCore.Routing.EndpointMiddleware[1]
      Executed endpoint 'gRPC - /UnityILPP.PostProcessing/PostProcessAssembly'
[40m[32minfo[39m[22m[49m: Unity.ILPP.Runner.PostProcessingPipeline[0]
      running zzzUnity.Burst.CodeGen.BurstILPostProcessor
[40m[32minfo[39m[22m[49m: Unity.ILPP.Runner.PostProcessingPipeline[0]
      running zzzUnity.Burst.CodeGen.BurstILPostProcessor
[40m[32minfo[39m[22m[49m: Microsoft.AspNetCore.Hosting.Diagnostics[2]
      Request finished HTTP/2 POST http://ilpp/UnityILPP.PostProcessing/PostProcessAssembly application/grpc - - 200 - application/grpc 0.5406ms
[40m[32minfo[39m[22m[49m: Microsoft.AspNetCore.Hosting.Diagnostics[1]
      Request starting HTTP/2 POST http://ilpp/UnityILPP.PostProcessing/PostProcessAssembly application/grpc -
[40m[32minfo[39m[22m[49m: Microsoft.AspNetCore.Routing.EndpointMiddleware[0]
      Executing endpoint 'gRPC - /UnityILPP.PostProcessing/PostProcessAssembly'
[40m[32minfo[39m[22m[49m: Microsoft.AspNetCore.Routing.EndpointMiddleware[1]
      Executed endpoint 'gRPC - /UnityILPP.PostProcessing/PostProcessAssembly'
[40m[32minfo[39m[22m[49m: Microsoft.AspNetCore.Hosting.Diagnostics[2]
      Request finished HTTP/2 POST http://ilpp/UnityILPP.PostProcessing/PostProcessAssembly application/grpc - - 200 - application/grpc 0.5516ms
[40m[32minfo[39m[22m[49m: Unity.ILPP.Runner.PostProcessingPipeline[0]
      Processing assembly Library/Bee/artifacts/2400b0aE.dag/GameCore.Validation.Editor.dll, with 122 defines and 271 references
[40m[32minfo[39m[22m[49m: Unity.ILPP.Runner.PostProcessingPipeline[0]
      processors: Unity.Entities.CodeGen.EntitiesILPostProcessors, Unity.Jobs.CodeGen.JobsILPostProcessor, zzzUnity.Burst.CodeGen.BurstILPostProcessor
[40m[32minfo[39m[22m[49m: Microsoft.AspNetCore.Routing.EndpointMiddleware[1]
      Executed endpoint 'gRPC - /UnityILPP.PostProcessing/PostProcessAssembly'
[40m[32minfo[39m[22m[49m: Microsoft.AspNetCore.Hosting.Diagnostics[2]
      Request finished HTTP/2 POST http://ilpp/UnityILPP.PostProcessing/PostProcessAssembly application/grpc - - 200 - application/grpc 0.4109ms
[40m[32minfo[39m[22m[49m: Unity.ILPP.Runner.PostProcessingPipeline[0]
      running Unity.Entities.CodeGen.EntitiesILPostProcessors
[40m[32minfo[39m[22m[49m: Microsoft.AspNetCore.Routing.EndpointMiddleware[1]
      Executed endpoint 'gRPC - /UnityILPP.PostProcessing/PostProcessAssembly'
[40m[32minfo[39m[22m[49m: Microsoft.AspNetCore.Hosting.Diagnostics[2]
      Request finished HTTP/2 POST http://ilpp/UnityILPP.PostProcessing/PostProcessAssembly application/grpc - - 200 - application/grpc 0.5170ms
[40m[32minfo[39m[22m[49m: Microsoft.AspNetCore.Routing.EndpointMiddleware[1]
      Executed endpoint 'gRPC - /UnityILPP.PostProcessing/PostProcessAssembly'
[40m[32minfo[39m[22m[49m: Microsoft.AspNetCore.Hosting.Diagnostics[2]
      Request finished HTTP/2 POST http://ilpp/UnityILPP.PostProcessing/PostProcessAssembly application/grpc - - 200 - application/grpc 0.5939ms
[40m[32minfo[39m[22m[49m: Microsoft.AspNetCore.Routing.EndpointMiddleware[1]
      Executed endpoint 'gRPC - /UnityILPP.PostProcessing/PostProcessAssembly'
[40m[32minfo[39m[22m[49m: Microsoft.AspNetCore.Hosting.Diagnostics[2]
      Request finished HTTP/2 POST http://ilpp/UnityILPP.PostProcessing/PostProcessAssembly application/grpc - - 200 - application/grpc 675.7066ms
  - EILPP : GameCore.Validation.Editor : : 9ms (~9ms)
[40m[32minfo[39m[22m[49m: Unity.ILPP.Runner.PostProcessingPipeline[0]
      running Unity.Jobs.CodeGen.JobsILPostProcessor
  - EILPP : GameCore.Validation.ProbeHost : : 144ms (~143ms)
    - EILPP : GameCore.Validation.ProbeHost : ComponentDataPP: 1ms 
[40m[32minfo[39m[22m[49m: Unity.ILPP.Runner.PostProcessingPipeline[0]
      running Unity.Jobs.CodeGen.JobsILPostProcessor
[40m[32minfo[39m[22m[49m: Unity.ILPP.Runner.PostProcessingPipeline[0]
      running zzzUnity.Burst.CodeGen.BurstILPostProcessor
  - EILPP : Unity.Entities : : 1275ms (~211ms)
    - EILPP : Unity.Entities : GetAllComponentTypes: 1ms 
    - EILPP : Unity.Entities : Cloner: 27ms 
    - EILPP : Unity.Entities : ComponentDataPP: 67ms 
    - EILPP : Unity.Entities : StaticTypeRegistryPostProcessor: 182ms 
    - EILPP : Unity.Entities : WriteAssembly: 787ms 
  - EILPP : Unity.Scenes.Editor : : 169ms (~159ms)
[40m[32minfo[39m[22m[49m: Unity.ILPP.Runner.PostProcessingPipeline[0]
      running Unity.Jobs.CodeGen.JobsILPostProcessor
    - EILPP : Unity.Scenes.Editor : StaticTypeRegistryPostProcessor: 2ms 
    - EILPP : Unity.Scenes.Editor : WriteAssembly: 8ms 
[40m[32minfo[39m[22m[49m: Unity.ILPP.Runner.PostProcessingPipeline[0]
      running Unity.Jobs.CodeGen.JobsILPostProcessor
[40m[32minfo[39m[22m[49m: Microsoft.AspNetCore.Routing.EndpointMiddleware[1]
      Executed endpoint 'gRPC - /UnityILPP.PostProcessing/PostProcessAssembly'
[40m[32minfo[39m[22m[49m: Microsoft.AspNetCore.Hosting.Diagnostics[2]
      Request finished HTTP/2 POST http://ilpp/UnityILPP.PostProcessing/PostProcessAssembly application/grpc - - 200 - application/grpc 17.5022ms
[40m[32minfo[39m[22m[49m: Microsoft.AspNetCore.Routing.EndpointMiddleware[1]
      Executed endpoint 'gRPC - /UnityILPP.PostProcessing/PostProcessAssembly'
[40m[32minfo[39m[22m[49m: Microsoft.AspNetCore.Hosting.Diagnostics[2]
      Request finished HTTP/2 POST http://ilpp/UnityILPP.PostProcessing/PostProcessAssembly application/grpc - - 200 - application/grpc 1337.4345ms
  - EILPP : Unity.Entities.Build : : 97ms (~91ms)
    - EILPP : Unity.Entities.Build : GetAllComponentTypes: 2ms 
    - EILPP : Unity.Entities.Build : WriteAssembly: 4ms 
[40m[32minfo[39m[22m[49m: Unity.ILPP.Runner.PostProcessingPipeline[0]
      running Unity.Jobs.CodeGen.JobsILPostProcessor
[40m[32minfo[39m[22m[49m: Microsoft.AspNetCore.Routing.EndpointMiddleware[1]
      Executed endpoint 'gRPC - /UnityILPP.PostProcessing/PostProcessAssembly'
[40m[32minfo[39m[22m[49m: Microsoft.AspNetCore.Hosting.Diagnostics[2]
      Request finished HTTP/2 POST http://ilpp/UnityILPP.PostProcessing/PostProcessAssembly application/grpc - - 200 - application/grpc 751.1131ms
[40m[32minfo[39m[22m[49m: Unity.ILPP.Runner.PostProcessingPipeline[0]
      running zzzUnity.Burst.CodeGen.BurstILPostProcessor
[40m[32minfo[39m[22m[49m: Microsoft.AspNetCore.Routing.EndpointMiddleware[1]
      Executed endpoint 'gRPC - /UnityILPP.PostProcessing/PostProcessAssembly'
[40m[32minfo[39m[22m[49m: Microsoft.AspNetCore.Hosting.Diagnostics[2]
      Request finished HTTP/2 POST http://ilpp/UnityILPP.PostProcessing/PostProcessAssembly application/grpc - - 200 - application/grpc 296.3347ms
[40m[32minfo[39m[22m[49m: Unity.ILPP.Runner.PostProcessingPipeline[0]
      running zzzUnity.Burst.CodeGen.BurstILPostProcessor
[40m[32minfo[39m[22m[49m: Microsoft.AspNetCore.Routing.EndpointMiddleware[1]
      Executed endpoint 'gRPC - /UnityILPP.PostProcessing/PostProcessAssembly'
[40m[32minfo[39m[22m[49m: Microsoft.AspNetCore.Hosting.Diagnostics[2]
      Request finished HTTP/2 POST http://ilpp/UnityILPP.PostProcessing/PostProcessAssembly application/grpc - - 200 - application/grpc 148.7430ms
[40m[32minfo[39m[22m[49m: Unity.ILPP.Runner.PostProcessingPipeline[0]
      running zzzUnity.Burst.CodeGen.BurstILPostProcessor
[40m[32minfo[39m[22m[49m: Microsoft.AspNetCore.Routing.EndpointMiddleware[1]
      Executed endpoint 'gRPC - /UnityILPP.PostProcessing/PostProcessAssembly'
[40m[32minfo[39m[22m[49m: Microsoft.AspNetCore.Hosting.Diagnostics[2]
      Request finished HTTP/2 POST http://ilpp/UnityILPP.PostProcessing/PostProcessAssembly application/grpc - - 200 - application/grpc 392.4417ms
  - EILPP : Unity.Entities.Editor : : 557ms (~151ms)
    - EILPP : Unity.Entities.Editor : GetAllComponentTypes: 147ms 
    - EILPP : Unity.Entities.Editor : ComponentDataPP: 4ms 
    - EILPP : Unity.Entities.Editor : StaticTypeRegistryPostProcessor: 76ms 
    - EILPP : Unity.Entities.Editor : WriteAssembly: 179ms 
[40m[32minfo[39m[22m[49m: Unity.ILPP.Runner.PostProcessingPipeline[0]
      running Unity.Jobs.CodeGen.JobsILPostProcessor
[40m[32minfo[39m[22m[49m: Unity.ILPP.Runner.PostProcessingPipeline[0]
      running zzzUnity.Burst.CodeGen.BurstILPostProcessor
[40m[32minfo[39m[22m[49m: Unity.ILPP.Runner.PostProcessingPipeline[0]
      running zzzUnity.Burst.CodeGen.BurstILPostProcessor
[40m[32minfo[39m[22m[49m: Microsoft.AspNetCore.Routing.EndpointMiddleware[1]
      Executed endpoint 'gRPC - /UnityILPP.PostProcessing/PostProcessAssembly'
[40m[32minfo[39m[22m[49m: Microsoft.AspNetCore.Hosting.Diagnostics[2]
      Request finished HTTP/2 POST http://ilpp/UnityILPP.PostProcessing/PostProcessAssembly application/grpc - - 200 - application/grpc 894.3421ms
[40m[32minfo[39m[22m[49m: Microsoft.AspNetCore.Routing.EndpointMiddleware[1]
      Executed endpoint 'gRPC - /UnityILPP.PostProcessing/PostProcessAssembly'
[40m[32minfo[39m[22m[49m: Microsoft.AspNetCore.Hosting.Diagnostics[2]
      Request finished HTTP/2 POST http://ilpp/UnityILPP.PostProcessing/PostProcessAssembly application/grpc - - 200 - application/grpc 1920.0414ms
ExitCode: 0 Duration: 3s993ms
Finished compiling graph: 781 nodes, 12361 flattened edges (9721 ToBuild, 138 ToUse), maximum node priority 672
[  1/778    0s] WriteText Library/Bee/artifacts/2400b0aE.dag/Unity.Burst.rsp2
[  2/778    0s] WriteText Library/Bee/artifacts/2400b0aE.dag/Unity.Burst.UnityAdditionalFile.txt
[  3/778    0s] WriteText Library/Bee/artifacts/2400b0aE.dag/Unity.Mathematics.rsp2
[  4/778    0s] WriteText Library/Bee/artifacts/2400b0aE.dag/Unity.Mathematics.UnityAdditionalFile.txt
[  5/778    0s] MovedFromExtractor Library/Bee/artifacts/mvdfrm/UnityEngine.HotReloadModule.dll_AF0CC9CD23ED6C61.mvfrm
[  6/778    0s] MovedFromExtractor Library/Bee/artifacts/mvdfrm/UnityEngine.GraphicsStateCollectionSerializerModule.dll_D14BC501892CC9E1.mvfrm
[  7/778    0s] MovedFromExtractor Library/Bee/artifacts/mvdfrm/UnityEngine.PropertiesModule.dll_16388095E018C21C.mvfrm
[  8/778    0s] MovedFromExtractor Library/Bee/artifacts/mvdfrm/UnityEngine.DSPGraphModule.dll_004C95330BEC7266.mvfrm
[  9/778    0s] MovedFromExtractor Library/Bee/artifacts/mvdfrm/UnityEngine.GridModule.dll_9B92EAFEDDC8DF1F.mvfrm
[ 10/778    0s] MovedFromExtractor Library/Bee/artifacts/mvdfrm/UnityEngine.InputForUIModule.dll_EBAF9B70CD4DFA9C.mvfrm
[ 11/778    0s] MovedFromExtractor Library/Bee/artifacts/mvdfrm/UnityEngine.ImageConversionModule.dll_8956ADC2AA4AA0CC.mvfrm
[ 12/778    0s] MovedFromExtractor Library/Bee/artifacts/mvdfrm/UnityEngine.HierarchyCoreModule.dll_BFC5533CFBF7116F.mvfrm
[ 13/778    0s] MovedFromExtractor Library/Bee/artifacts/mvdfrm/UnityEngine.InputModule.dll_829BB4C1F21A06B5.mvfrm
[ 14/778    0s] MovedFromExtractor Library/Bee/artifacts/mvdfrm/UnityEngine.IdentifiersModule.dll_2D95043976BC9805.mvfrm
[ 15/778    0s] MovedFromExtractor Library/Bee/artifacts/mvdfrm/UnityEngine.MultiplayerModule.dll_D4B398D06D0B5765.mvfrm
[ 16/778    0s] MovedFromExtractor Library/Bee/artifacts/mvdfrm/UnityEngine.IMGUIModule.dll_54858C78421375F2.mvfrm
[ 17/778    0s] MovedFromExtractor Library/Bee/artifacts/mvdfrm/UnityEngine.InputLegacyModule.dll_E65097624C357FDE.mvfrm
[ 18/778    0s] MovedFromExtractor Library/Bee/artifacts/mvdfrm/UnityEngine.GIModule.dll_987ADB05F05E36CB.mvfrm
[ 19/778    0s] MovedFromExtractor Library/Bee/artifacts/mvdfrm/UnityEngine.MarshallingModule.dll_FD741AD8986BF73F.mvfrm
[ 20/778    0s] MovedFromExtractor Library/Bee/artifacts/mvdfrm/UnityEngine.GameCenterModule.dll_E8FD41576D2D5DE0.mvfrm
[ 21/778    0s] MovedFromExtractor Library/Bee/artifacts/mvdfrm/UnityEngine.LocalizationModule.dll_23D2E6289A7150F2.mvfrm
[ 22/778    0s] MovedFromExtractor Library/Bee/artifacts/mvdfrm/UnityEngine.PerformanceReportingModule.dll_B93E2D0F340F05E7.mvfrm
[ 23/778    0s] MovedFromExtractor Library/Bee/artifacts/mvdfrm/UnityEditor.iOS.Extensions.Xcode.dll_079938CCBB81E871.mvfrm
[ 24/778    0s] MovedFromExtractor Library/Bee/artifacts/mvdfrm/UnityEngine.JSONSerializeModule.dll_A8C23F9E8C851903.mvfrm
[ 25/778    0s] MovedFromExtractor Library/Bee/artifacts/mvdfrm/UnityEngine.dll_935898B92EF717ED.mvfrm
[ 26/778    0s] MovedFromExtractor Library/Bee/artifacts/mvdfrm/UnityEngine.TextCoreTextEngineModule.dll_172566D7CC9EE6C4.mvfrm
[ 27/778    0s] MovedFromExtractor Library/Bee/artifacts/mvdfrm/UnityEngine.UnityConsentModule.dll_24EEC1FB5900222E.mvfrm
[ 28/778    0s] MovedFromExtractor Library/Bee/artifacts/mvdfrm/UnityEngine.CoreModule.dll_BE21CF10C5744928.mvfrm
[ 29/778    0s] MovedFromExtractor Library/Bee/artifacts/mvdfrm/UnityEngine.UnityAnalyticsModule.dll_E169A475284D034A.mvfrm
[ 30/778    0s] MovedFromExtractor Library/Bee/artifacts/mvdfrm/UnityEngine.UnityWebRequestModule.dll_9AF5B56CB53F3B4B.mvfrm
[ 31/778    0s] MovedFromExtractor Library/Bee/artifacts/mvdfrm/UnityEngine.ClusterRendererModule.dll_1D64B0122825E8D8.mvfrm
[ 32/778    0s] MovedFromExtractor Library/Bee/artifacts/mvdfrm/UnityEngine.UnityTestProtocolModule.dll_E49E11336A27BD3A.mvfrm
[ 33/778    0s] MovedFromExtractor Library/Bee/artifacts/mvdfrm/UnityEngine.UnityCurlModule.dll_60E0ACF8B8CE42CC.mvfrm
[ 34/778    0s] MovedFromExtractor Library/Bee/artifacts/mvdfrm/UnityEngine.VirtualTexturingModule.dll_A4E80ABC7DE7B1C6.mvfrm
[ 35/778    0s] MovedFromExtractor Library/Bee/artifacts/mvdfrm/UnityEngine.CrashReportingModule.dll_6EB7EA5F0E1425C0.mvfrm
[ 36/778    0s] MovedFromExtractor Library/Bee/artifacts/mvdfrm/UnityEngine.UnityConnectModule.dll_53492ACF4BF58BDE.mvfrm
[ 37/778    0s] MovedFromExtractor Library/Bee/artifacts/mvdfrm/UnityEngine.UnityAnalyticsCommonModule.dll_547CEA534DF7A445.mvfrm
[ 38/778    0s] MovedFromExtractor Library/Bee/artifacts/mvdfrm/UnityEngine.PhysicsModule.dll_D9CD50A42D2AE902.mvfrm
[ 39/778    0s] MovedFromExtractor Library/Bee/artifacts/mvdfrm/UnityEngine.SubstanceModule.dll_BF040D60E395062B.mvfrm
[ 40/778    0s] MovedFromExtractor Library/Bee/artifacts/mvdfrm/UnityEngine.TextRenderingModule.dll_EBE95F2E5828C55A.mvfrm
[ 41/778    0s] MovedFromExtractor Library/Bee/artifacts/mvdfrm/UnityEngine.TLSModule.dll_11B250C764C82956.mvfrm
[ 42/778    0s] MovedFromExtractor Library/Bee/artifacts/mvdfrm/UnityEngine.UIModule.dll_FBB23025B0F6545D.mvfrm
[ 43/778    0s] MovedFromExtractor Library/Bee/artifacts/mvdfrm/UnityEngine.TextCoreFontEngineModule.dll_CF3D30663D1B2DA6.mvfrm
[ 44/778    0s] MovedFromExtractor Library/Bee/artifacts/mvdfrm/UnityEngine.ContentLoadModule.dll_EE21D58482C671DA.mvfrm
[ 45/778    0s] MovedFromExtractor Library/Bee/artifacts/mvdfrm/UnityEngine.StreamingModule.dll_E258F9179842081D.mvfrm
[ 46/778    0s] MovedFromExtractor Library/Bee/artifacts/mvdfrm/UnityEngine.SpriteShapeModule.dll_6E6CA99E69E601F7.mvfrm
[ 47/778    0s] MovedFromExtractor Library/Bee/artifacts/mvdfrm/UnityEngine.SharedInternalsModule.dll_0D67EC9821789C1C.mvfrm
[ 48/778    0s] MovedFromExtractor Library/Bee/artifacts/mvdfrm/UnityEngine.SpriteMaskModule.dll_D229B3E78E9CF35A.mvfrm
[ 49/778    0s] MovedFromExtractor Library/Bee/artifacts/mvdfrm/UnityEditor.QuickInstallModule.dll_498EE7896E10144C.mvfrm
[ 50/778    0s] MovedFromExtractor Library/Bee/artifacts/mvdfrm/UnityEditor.PresetsUIModule.dll_1AA4C88070B5D43E.mvfrm
[ 51/778    0s] MovedFromExtractor Library/Bee/artifacts/mvdfrm/UnityEditor.SceneTemplateModule.dll_16054ACB8CD390DC.mvfrm
[ 52/778    0s] MovedFromExtractor Library/Bee/artifacts/mvdfrm/UnityEditor.PhysicsModule.dll_E75297F9C81C01BD.mvfrm
[ 53/778    0s] MovedFromExtractor Library/Bee/artifacts/mvdfrm/UnityEditor.SafeModeModule.dll_FFE4714915C0C9BE.mvfrm
[ 54/778    0s] MovedFromExtractor Library/Bee/artifacts/mvdfrm/UnityEngine.RuntimeInitializeOnLoadManagerInitializerModule.dll_868C1458E0FBA13D.mvfrm
[ 55/778    0s] MovedFromExtractor Library/Bee/artifacts/mvdfrm/UnityEditor.PropertiesModule.dll_158A134DDDD4A8D1.mvfrm
[ 56/778    0s] MovedFromExtractor Library/Bee/artifacts/mvdfrm/UnityEngine.ShaderVariantAnalyticsModule.dll_563F283CFAC637AF.mvfrm
[ 57/778    0s] MovedFromExtractor Library/Bee/artifacts/mvdfrm/UnityEngine.UIElementsModule.dll_41157BB160111764.mvfrm
[ 58/778    0s] MovedFromExtractor Library/Bee/artifacts/mvdfrm/UnityEditor.QuickSearchModule.dll_1122495251DD14FB.mvfrm
[ 59/778    0s] MovedFromExtractor Library/Bee/artifacts/mvdfrm/UnityEditor.Physics2DModule.dll_C4840ACF0437968F.mvfrm
[ 60/778    0s] MovedFromExtractor Library/Bee/artifacts/mvdfrm/UnityEditor.GridModule.dll_787217AC35C373F4.mvfrm
[ 61/778    0s] MovedFromExtractor Library/Bee/artifacts/mvdfrm/UnityEditor.GridAndSnapModule.dll_8FCBAEC67C6AD591.mvfrm
[ 62/778    0s] MovedFromExtractor Library/Bee/artifacts/mvdfrm/UnityEditor.MultiplayerModule.dll_CEEDC9415AD146E0.mvfrm
[ 63/778    0s] MovedFromExtractor Library/Bee/artifacts/mvdfrm/UnityEngine.VFXModule.dll_9290E9363B3592C3.mvfrm
[ 64/778    0s] MovedFromExtractor Library/Bee/artifacts/mvdfrm/UnityEditor.GraphViewModule.dll_5F3E8F9E6E5D7C39.mvfrm
[ 65/778    0s] MovedFromExtractor Library/Bee/artifacts/mvdfrm/UnityEditor.EmbreeModule.dll_3B598D150C3497E6.mvfrm
[ 66/778    0s] MovedFromExtractor Library/Bee/artifacts/mvdfrm/UnityEditor.GIModule.dll_5A0C497684E10300.mvfrm
[ 67/778    0s] MovedFromExtractor Library/Bee/artifacts/mvdfrm/UnityEngine.ClusterInputModule.dll_E5861BD602F55DF9.mvfrm
[ 68/778    0s] MovedFromExtractor Library/Bee/artifacts/mvdfrm/UnityEditor.DiagnosticsModule.dll_8612C844F90618A2.mvfrm
[ 69/778    0s] MovedFromExtractor Library/Bee/artifacts/mvdfrm/UnityEditor.EditorToolbarModule.dll_F265DA0D8DE6E6A4.mvfrm
[ 70/778    0s] MovedFromExtractor Library/Bee/artifacts/mvdfrm/UnityEditor.DeviceSimulatorModule.dll_17B7EDA0B86ADB54.mvfrm
[ 71/778    0s] MovedFromExtractor Library/Bee/artifacts/mvdfrm/UnityEditor.CoreModule.dll_9B00FBBE1D6EDDFD.mvfrm
[ 72/778    0s] MovedFromExtractor Library/Bee/artifacts/mvdfrm/UnityEditor.BuildProfileModule.dll_6AAF994A2C89A619.mvfrm
[ 73/778    0s] MovedFromExtractor Library/Bee/artifacts/mvdfrm/UnityEditor.AdaptivePerformanceModule.dll_A8C5DF2AEEBB5BA0.mvfrm
[ 74/778    0s] MovedFromExtractor Library/Bee/artifacts/mvdfrm/UnityEditor.GraphicsStateCollectionSerializerModule.dll_C857F811BC2D807C.mvfrm
[ 75/778    0s] MovedFromExtractor Library/Bee/artifacts/mvdfrm/UnityEditor.CoreBusinessMetricsModule.dll_28B0D8A515028A9A.mvfrm
[ 76/778    0s] MovedFromExtractor Library/Bee/artifacts/mvdfrm/UnityEditor.AccessibilityModule.dll_BC69C43B14513554.mvfrm
[ 77/778    0s] MovedFromExtractor Library/Bee/artifacts/mvdfrm/UnityEngine.AudioModule.dll_1C25ED117BE1E211.mvfrm
[ 78/778    0s] MovedFromExtractor Library/Bee/artifacts/mvdfrm/UnityEditor.VFXModule.dll_866F46E2CB8584BE.mvfrm
[ 79/778    0s] MovedFromExtractor Library/Bee/artifacts/mvdfrm/UnityEngine.AssetBundleModule.dll_550B7C43B443C9ED.mvfrm
[ 80/778    0s] MovedFromExtractor Library/Bee/artifacts/mvdfrm/UnityEditor.dll_60B451E0D0838B08.mvfrm
[ 81/778    0s] MovedFromExtractor Library/Bee/artifacts/mvdfrm/UnityEditor.XRModule.dll_42D48820706DF368.mvfrm
[ 82/778    0s] MovedFromExtractor Library/Bee/artifacts/mvdfrm/UnityEditor.VideoModule.dll_7B02B5180CF6CD11.mvfrm
[ 83/778    0s] MovedFromExtractor Library/Bee/artifacts/mvdfrm/UnityEditor.UmbraModule.dll_D0CDDCC5D78B5CDF.mvfrm
[ 84/778    0s] MovedFromExtractor Library/Bee/artifacts/mvdfrm/UnityEditor.UnityConnectModule.dll_65E9A6C0516D8B33.mvfrm
[ 85/778    0s] MovedFromExtractor Library/Bee/artifacts/mvdfrm/UnityEditor.UIElementsModule.dll_40670E695DCCFE19.mvfrm
[ 86/778    0s] MovedFromExtractor Library/Bee/artifacts/mvdfrm/UnityEditor.UIElementsSamplesModule.dll_28DB5B41102C67E4.mvfrm
[ 87/778    0s] MovedFromExtractor Library/Bee/artifacts/mvdfrm/UnityEditor.UIAutomationModule.dll_1B50883AC8FD6ED9.mvfrm
[ 88/778    0s] WriteText Library/Bee/artifacts/2400b0aE.dag/Unity.Burst.dll.mvfrm.rsp
[ 89/778    0s] WriteText Library/Bee/artifacts/2400b0aE.dag/Unity.Burst.rsp
[ 90/778    0s] WriteText Library/Bee/artifacts/2400b0aE.dag/Unity.Mathematics.dll.mvfrm.rsp
[ 91/778    0s] WriteText Library/Bee/artifacts/2400b0aE.dag/Unity.Mathematics.rsp
[ 92/778    0s] WriteText Library/Bee/artifacts/2400b0aE.dag/Unity.Collections.rsp2
[ 93/778    0s] WriteText Library/Bee/artifacts/2400b0aE.dag/Unity.Collections.UnityAdditionalFile.txt
[ 94/778    0s] WriteText Library/Bee/artifacts/2400b0aE.dag/Unity.Collections.dll.mvfrm.rsp
[ 95/778    0s] WriteText Library/Bee/artifacts/2400b0aE.dag/Unity.Collections.rsp
[ 96/778    0s] WriteText Library/Bee/artifacts/2400b0aE.dag/Unity.Serialization.rsp2
[ 97/778    0s] WriteText Library/Bee/artifacts/2400b0aE.dag/Unity.Serialization.UnityAdditionalFile.txt
[ 98/778    0s] WriteText Library/Bee/artifacts/2400b0aE.dag/Unity.Mathematics.Extensions.UnityAdditionalFile.txt
[ 99/778    0s] WriteText Library/Bee/artifacts/2400b0aE.dag/Unity.Mathematics.Extensions.rsp2
[100/778    0s] WriteText Library/Bee/artifacts/2400b0aE.dag/Unity.Profiling.Core.rsp2
[101/778    0s] WriteText Library/Bee/artifacts/2400b0aE.dag/Unity.Profiling.Core.UnityAdditionalFile.txt
[102/778    0s] WriteText Library/Bee/artifacts/2400b0aE.dag/Unity.Entities.rsp2
[103/778    0s] WriteText Library/Bee/artifacts/2400b0aE.dag/Unity.Entities.UnityAdditionalFile.txt
[104/778    0s] WriteText Library/Bee/artifacts/2400b0aE.dag/Unity.Serialization.dll.mvfrm.rsp
[105/778    0s] WriteText Library/Bee/artifacts/2400b0aE.dag/Unity.Mathematics.Extensions.dll.mvfrm.rsp
[106/778    0s] WriteText Library/Bee/artifacts/2400b0aE.dag/Unity.Serialization.rsp
[107/778    0s] WriteText Library/Bee/artifacts/2400b0aE.dag/Unity.Mathematics.Extensions.rsp
[108/778    0s] WriteText Library/Bee/artifacts/2400b0aE.dag/Unity.Profiling.Core.dll.mvfrm.rsp
[109/778    0s] WriteText Library/Bee/artifacts/2400b0aE.dag/Unity.Profiling.Core.rsp
[110/778    0s] WriteText Library/Bee/artifacts/2400b0aE.dag/UnityEngine.TestRunner.UnityAdditionalFile.txt
[111/778    0s] WriteText Library/Bee/artifacts/2400b0aE.dag/UnityEngine.TestRunner.rsp2
[112/778    0s] WriteText Library/Bee/artifacts/2400b0aE.dag/Unity.Entities.dll.mvfrm.rsp
[113/778    0s] WriteText Library/Bee/artifacts/2400b0aE.dag/Unity.Entities.rsp
[114/778    0s] WriteText Library/Bee/artifacts/2400b0aE.dag/GameCore.Contracts.rsp2
[115/778    0s] WriteText Library/Bee/artifacts/2400b0aE.dag/GameCore.Contracts.UnityAdditionalFile.txt
[116/778    0s] WriteText Library/Bee/artifacts/2400b0aE.dag/UnityEngine.TestRunner.dll.mvfrm.rsp
[117/778    0s] WriteText Library/Bee/artifacts/2400b0aE.dag/UnityEngine.TestRunner.rsp
[118/778    0s] WriteText Library/Bee/artifacts/2400b0aE.dag/Unity.Entities.CodeGen.rsp2
[119/778    0s] WriteText Library/Bee/artifacts/2400b0aE.dag/Unity.Entities.CodeGen.UnityAdditionalFile.txt
[120/778    0s] WriteText Library/Bee/artifacts/2400b0aE.dag/Unity.Collections.CodeGen.rsp2
[121/778    0s] WriteText Library/Bee/artifacts/2400b0aE.dag/Unity.Collections.CodeGen.UnityAdditionalFile.txt
[122/778    0s] WriteText Library/Bee/artifacts/2400b0aE.dag/Unity.Burst.CodeGen.rsp2
[123/778    0s] WriteText Library/Bee/artifacts/2400b0aE.dag/Unity.Burst.CodeGen.UnityAdditionalFile.txt
[124/778    0s] WriteText Library/Bee/artifacts/2400b0aE.dag/UnityEditor.TestRunner.rsp2
[125/778    0s] WriteText Library/Bee/artifacts/2400b0aE.dag/UnityEditor.TestRunner.UnityAdditionalFile.txt
[126/778    0s] WriteText Library/Bee/artifacts/2400b0aE.dag/GameCore.Contracts.dll.mvfrm.rsp
[127/778    0s] WriteText Library/Bee/artifacts/2400b0aE.dag/GameCore.Contracts.rsp
[128/778    0s] MovedFromExtractor Library/Bee/artifacts/mvdfrm/UnityEditor.TilemapModule.dll_A0957AE9B5972BB4.mvfrm
[129/778    0s] MovedFromExtractor Library/Bee/artifacts/mvdfrm/UnityEditor.SceneViewModule.dll_9DEE72A663804947.mvfrm
[130/778    0s] MovedFromExtractor Library/Bee/artifacts/mvdfrm/UnityEditor.TreeModule.dll_F8ACF0CCA534733C.mvfrm
[131/778    0s] MovedFromExtractor Library/Bee/artifacts/mvdfrm/UnityEditor.TextRenderingModule.dll_5FA86D06DF304235.mvfrm
[132/778    0s] MovedFromExtractor Library/Bee/artifacts/mvdfrm/UnityEditor.SpriteShapeModule.dll_68A6DA0F57ABF172.mvfrm
[133/778    0s] MovedFromExtractor Library/Bee/artifacts/mvdfrm/UnityEditor.TextCoreFontEngineModule.dll_50DDB5132A1D6EDB.mvfrm
[134/778    0s] MovedFromExtractor Library/Bee/artifacts/mvdfrm/UnityEditor.SubstanceModule.dll_091E1C77FE155446.mvfrm
[135/778    0s] MovedFromExtractor Library/Bee/artifacts/mvdfrm/UnityEditor.TerrainModule.dll_019913689DDA4AAB.mvfrm
[136/778    0s] MovedFromExtractor Library/Bee/artifacts/mvdfrm/UnityEditor.TextCoreTextEngineModule.dll_98C5EB84B9A127F9.mvfrm
[137/778    0s] MovedFromExtractor Library/Bee/artifacts/mvdfrm/UnityEditor.SketchUpModule.dll_E7F9569960F265D5.mvfrm
[138/778    0s] MovedFromExtractor Library/Bee/artifacts/mvdfrm/UnityEditor.UIBuilderModule.dll_B3C73CBAE115F56D.mvfrm
[139/778    0s] MovedFromExtractor Library/Bee/artifacts/mvdfrm/UnityEditor.SpriteMaskModule.dll_D17B469F8C58DA0F.mvfrm
[140/778    0s] MovedFromExtractor Library/Bee/artifacts/mvdfrm/UnityEditor.ShaderFoundryModule.dll_54E51B0EAF830D6A.mvfrm
[141/778    0s] MovedFromExtractor Library/Bee/artifacts/mvdfrm/UnityEditor.LinuxStandalone.Extensions.dll_3001C136CAC07CE3.mvfrm
[142/778    0s] MovedFromExtractor Library/Bee/artifacts/mvdfrm/UnityEditor.OSXStandalone.Extensions.dll_731827909371649E.mvfrm
[143/778    0s] MovedFromExtractor Library/Bee/artifacts/mvdfrm/UnityEditor.Graphs.dll_E878351FB4332B2F.mvfrm
[144/778    0s] MovedFromExtractor Library/Bee/artifacts/mvdfrm/Unity.Collections.LowLevel.ILSupport.dll_A0511C3BF487B301.mvfrm
[145/778    0s] MovedFromExtractor Library/Bee/artifacts/mvdfrm/Unity.Cecil.Awesome.dll_698C0D33779537A6.mvfrm
[146/778    0s] MovedFromExtractor Library/Bee/artifacts/mvdfrm/Unity.Burst.Unsafe.dll_D6A22AC808BC75F4.mvfrm
[147/778    0s] MovedFromExtractor Library/Bee/artifacts/mvdfrm/UnityEngine.AIModule.dll_003E91F854AF4EB1.mvfrm
[148/778    0s] MovedFromExtractor Library/Bee/artifacts/mvdfrm/UnityEngine.InsightsModule.dll_94C1FC5A2408F0C4.mvfrm
[149/778    0s] MovedFromExtractor Library/Bee/artifacts/mvdfrm/UnityEngine.ClothModule.dll_830E4A0C55FEC0F5.mvfrm
[150/778    0s] MovedFromExtractor Library/Bee/artifacts/mvdfrm/UnityEngine.ARModule.dll_B9B156FBB1CCAD7A.mvfrm
[151/778    0s] MovedFromExtractor Library/Bee/artifacts/mvdfrm/UnityEngine.AndroidJNIModule.dll_BEAFF73CA6EC6CEF.mvfrm
[152/778    0s] MovedFromExtractor Library/Bee/artifacts/mvdfrm/UnityEngine.AnimationModule.dll_2DC40BC748BA50DF.mvfrm
[153/778    0s] MovedFromExtractor Library/Bee/artifacts/mvdfrm/UnityEngine.VideoModule.dll_412F717C3E73FDB6.mvfrm
[154/778    0s] MovedFromExtractor Library/Bee/artifacts/mvdfrm/UnityEngine.XRModule.dll_814319AFDBEB2733.mvfrm
[155/778    0s] MovedFromExtractor Library/Bee/artifacts/mvdfrm/UnityEngine.WindModule.dll_3470AA3956AAC791.mvfrm
[156/778    0s] MovedFromExtractor Library/Bee/artifacts/mvdfrm/UnityEngine.VehiclesModule.dll_72BE2D4913B570E0.mvfrm
[157/778    0s] MovedFromExtractor Library/Bee/artifacts/mvdfrm/UnityEngine.VRModule.dll_4E8456AB52B0D9D5.mvfrm
[158/778    0s] MovedFromExtractor Library/Bee/artifacts/mvdfrm/UnityEngine.DirectorModule.dll_FAFB33C9998BA145.mvfrm
[159/778    0s] MovedFromExtractor Library/Bee/artifacts/mvdfrm/UnityEngine.AccessibilityModule.dll_48AAB6628D49B879.mvfrm
[160/778    0s] MovedFromExtractor-Combine Library/Bee/artifacts/2400b0aE.dag/Unity.Mathematics.dll.mvfrm
[161/778    0s] MovedFromExtractor Library/Bee/artifacts/mvdfrm/UnityEngine.UnityWebRequestAudioModule.dll_313A80EDBA79D07F.mvfrm
[162/778    0s] MovedFromExtractor-Combine Library/Bee/artifacts/2400b0aE.dag/Unity.Burst.dll.mvfrm
[163/778    0s] MovedFromExtractor Library/Bee/artifacts/mvdfrm/UnityEngine.UnityWebRequestWWWModule.dll_E1E7AC33BC5EA330.mvfrm
[164/778    0s] WriteText Library/Bee/artifacts/2400b0aE.dag/UnityEditor.TestRunner.dll.mvfrm.rsp
[165/778    0s] MovedFromExtractor-Combine Library/Bee/artifacts/2400b0aE.dag/UnityEngine.TestRunner.dll.mvfrm
[166/778    0s] MovedFromExtractor Library/Bee/artifacts/mvdfrm/UnityEngine.UnityWebRequestTextureModule.dll_95850A8C4EF9FC34.mvfrm
[167/778    0s] MovedFromExtractor Library/Bee/artifacts/mvdfrm/UnityEngine.AMDModule.dll_13228D623D97AE03.mvfrm
[168/778    0s] MovedFromExtractor-Combine Library/Bee/artifacts/2400b0aE.dag/Unity.Profiling.Core.dll.mvfrm
[169/778    0s] MovedFromExtractor-Combine Library/Bee/artifacts/2400b0aE.dag/GameCore.Contracts.dll.mvfrm
[170/778    0s] MovedFromExtractor Library/Bee/artifacts/mvdfrm/UnityEngine.UmbraModule.dll_96FA992A09088D84.mvfrm
[171/778    0s] WriteText Library/Bee/artifacts/2400b0aE.dag/Unity.Collections.CodeGen.dll.mvfrm.rsp
[172/778    0s] WriteText Library/Bee/artifacts/2400b0aE.dag/Unity.Entities.CodeGen.dll.mvfrm.rsp
[173/778    0s] WriteText Library/Bee/artifacts/2400b0aE.dag/Unity.Burst.CodeGen.dll.mvfrm.rsp
[174/778    0s] WriteText Library/Bee/artifacts/2400b0aE.dag/UnityEditor.TestRunner.rsp
[175/778    0s] WriteText Library/Bee/artifacts/2400b0aE.dag/Unity.Entities.CodeGen.rsp
[176/778    0s] WriteText Library/Bee/artifacts/2400b0aE.dag/Unity.Collections.CodeGen.rsp
[177/778    0s] WriteText Library/Bee/artifacts/2400b0aE.dag/Unity.Burst.CodeGen.rsp
[178/778    0s] WriteText Library/Bee/artifacts/2400b0aE.dag/GameCore.Derivation.rsp2
[179/778    0s] WriteText Library/Bee/artifacts/2400b0aE.dag/GameCore.Composition.rsp2
[180/778    0s] WriteText Library/Bee/artifacts/2400b0aE.dag/GameCore.Composition.UnityAdditionalFile.txt
[181/778    0s] WriteText Library/Bee/artifacts/2400b0aE.dag/GameCore.Planning.UnityAdditionalFile.txt
[182/778    0s] WriteText Library/Bee/artifacts/2400b0aE.dag/GameCore.Derivation.UnityAdditionalFile.txt
[183/778    0s] WriteText Library/Bee/artifacts/2400b0aE.dag/GameCore.Planning.rsp2
[184/778    0s] WriteText Library/Bee/artifacts/2400b0aE.dag/GameCore.Composition.dll.mvfrm.rsp
[185/778    0s] WriteText Library/Bee/artifacts/2400b0aE.dag/GameCore.Derivation.dll.mvfrm.rsp
[186/778    0s] WriteText Library/Bee/artifacts/2400b0aE.dag/GameCore.Planning.dll.mvfrm.rsp
[187/778    0s] WriteText Library/Bee/artifacts/2400b0aE.dag/GameCore.Unity.Runtime.rsp2
[188/778    0s] WriteText Library/Bee/artifacts/2400b0aE.dag/GameCore.Unity.Runtime.UnityAdditionalFile.txt
[189/778    0s] MovedFromExtractor Library/Bee/artifacts/mvdfrm/UnityEngine.TerrainModule.dll_F413CC1302E931F0.mvfrm
[190/778    0s] MovedFromExtractor Library/Bee/artifacts/mvdfrm/UnityEngine.TilemapModule.dll_931033941AA612F9.mvfrm
[191/778    0s] MovedFromExtractor Library/Bee/artifacts/mvdfrm/UnityEngine.ScreenCaptureModule.dll_C2A9ED23A0F14565.mvfrm
[192/778    0s] WriteText Library/Bee/artifacts/2400b0aE.dag/GameCore.Derivation.rsp
[193/778    0s] WriteText Library/Bee/artifacts/2400b0aE.dag/GameCore.Composition.rsp
[194/778    0s] WriteText Library/Bee/artifacts/2400b0aE.dag/GameCore.Planning.rsp
[195/778    0s] WriteText Library/Bee/artifacts/2400b0aE.dag/Unity.Transforms.rsp2
[196/778    0s] WriteText Library/Bee/artifacts/2400b0aE.dag/Unity.Transforms.UnityAdditionalFile.txt
[197/778    0s] WriteText Library/Bee/artifacts/2400b0aE.dag/Unity.Entities.Build.UnityAdditionalFile.txt
[198/778    0s] WriteText Library/Bee/artifacts/2400b0aE.dag/Unity.Entities.Build.rsp2
[199/778    0s] WriteText Library/Bee/artifacts/2400b0aE.dag/GameCore.Unity.Runtime.dll.mvfrm.rsp
[200/778    0s] WriteText Library/Bee/artifacts/2400b0aE.dag/GameCore.Unity.Runtime.rsp
[201/778    0s] WriteText Library/Bee/artifacts/2400b0aE.dag/Unity.Transforms.dll.mvfrm.rsp
[202/778    0s] MovedFromExtractor Library/Bee/artifacts/mvdfrm/UnityEngine.SubsystemsModule.dll_3CD71A495CE4DB6D.mvfrm
[203/778    0s] WriteText Library/Bee/artifacts/2400b0aE.dag/GameCore.Rules.Narrative.rsp2
[204/778    0s] WriteText Library/Bee/artifacts/2400b0aE.dag/GameCore.Rules.Narrative.UnityAdditionalFile.txt
[205/778    0s] WriteText Library/Bee/artifacts/2400b0aE.dag/Unity.Entities.Build.dll.mvfrm.rsp
[206/778    0s] WriteText Library/Bee/artifacts/2400b0aE.dag/Unity.Transforms.rsp
[207/778    0s] WriteText Library/Bee/artifacts/2400b0aE.dag/Unity.Entities.Build.rsp
[208/778    0s] WriteText Library/Bee/artifacts/2400b0aE.dag/GameCore.Rules.Cards.UnityAdditionalFile.txt
[209/778    0s] WriteText Library/Bee/artifacts/2400b0aE.dag/GameCore.Rules.Cards.rsp2
[210/778    0s] WriteText Library/Bee/artifacts/2400b0aE.dag/Unity.Scenes.rsp2
[211/778    0s] WriteText Library/Bee/artifacts/2400b0aE.dag/Unity.Scenes.UnityAdditionalFile.txt
[212/778    0s] WriteText Library/Bee/artifacts/2400b0aE.dag/GameCore.Rules.Narrative.dll.mvfrm.rsp
[213/778    0s] WriteText Library/Bee/artifacts/2400b0aE.dag/GameCore.Rules.Narrative.rsp
[214/778    0s] WriteText Library/Bee/artifacts/2400b0aE.dag/GameCore.Derivation.Fixtures.UnityAdditionalFile.txt
[215/778    0s] WriteText Library/Bee/artifacts/2400b0aE.dag/GameCore.Gameplay.Narrative.rsp2
[216/778    0s] WriteText Library/Bee/artifacts/2400b0aE.dag/GameCore.Rules.Cards.dll.mvfrm.rsp
[217/778    0s] WriteText Library/Bee/artifacts/2400b0aE.dag/GameCore.Gameplay.Narrative.UnityAdditionalFile.txt
[218/778    0s] WriteText Library/Bee/artifacts/2400b0aE.dag/GameCore.Derivation.Fixtures.rsp2
[219/778    0s] MovedFromExtractor Library/Bee/artifacts/mvdfrm/UnityEngine.TerrainPhysicsModule.dll_C244DC7E9568ABDB.mvfrm
[220/778    0s] WriteText Library/Bee/artifacts/2400b0aE.dag/GameCore.Rules.Cards.rsp
[221/778    0s] WriteText Library/Bee/artifacts/2400b0aE.dag/Unity.Scenes.dll.mvfrm.rsp
[222/778    0s] WriteText Library/Bee/artifacts/2400b0aE.dag/Unity.Entities.Hybrid.HybridComponents.UnityAdditionalFile.txt
[223/778    0s] WriteText Library/Bee/artifacts/2400b0aE.dag/Unity.Scenes.rsp
[224/778    0s] WriteText Library/Bee/artifacts/2400b0aE.dag/Unity.Entities.Hybrid.HybridComponents.rsp2
[225/778    0s] WriteText Library/Bee/artifacts/2400b0aE.dag/GameCore.Gameplay.Cards.rsp2
[226/778    0s] WriteText Library/Bee/artifacts/2400b0aE.dag/GameCore.Gameplay.Cards.UnityAdditionalFile.txt
[227/778    0s] WriteText Library/Bee/artifacts/2400b0aE.dag/Unity.Serialization.Editor.UnityAdditionalFile.txt
[228/778    0s] WriteText Library/Bee/artifacts/2400b0aE.dag/Unity.Entities.UI.rsp2
[229/778    0s] WriteText Library/Bee/artifacts/2400b0aE.dag/Unity.Serialization.Editor.rsp2
[230/778    0s] WriteText Library/Bee/artifacts/2400b0aE.dag/Unity.Entities.UI.UnityAdditionalFile.txt
[231/778    0s] WriteText Library/Bee/artifacts/2400b0aE.dag/GameCore.Unity.Adapters.UnityAdditionalFile.txt
[232/778    0s] WriteText Library/Bee/artifacts/2400b0aE.dag/GameCore.Unity.Adapters.rsp2
[233/778    0s] WriteText Library/Bee/artifacts/2400b0aE.dag/Unity.ScriptableBuildPipeline.rsp2
[234/778    0s] MovedFromExtractor Library/Bee/artifacts/mvdfrm/Unity.CompilationPipeline.Common.dll_A55FD2A522F73D0B.mvfrm
[235/778    0s] MovedFromExtractor Library/Bee/artifacts/mvdfrm/UnityEngine.NVIDIAModule.dll_936AA4FC69D1B294.mvfrm
[236/778    0s] MovedFromExtractor Library/Bee/artifacts/mvdfrm/UnityEngine.UnityWebRequestAssetBundleModule.dll_CEDDE87D2BDD8D9B.mvfrm
[237/778    0s] MovedFromExtractor Library/Bee/artifacts/mvdfrm/UnityEngine.Physics2DModule.dll_7A69FBB7E9B74874.mvfrm
[238/778    0s] WriteText Library/Bee/artifacts/2400b0aE.dag/GameCore.Rules.Traversal.rsp2
[239/778    0s] WriteText Library/Bee/artifacts/2400b0aE.dag/GameCore.Rules.Traversal.UnityAdditionalFile.txt
[240/778    0s] WriteText Library/Bee/artifacts/2400b0aE.dag/GameCore.Derivation.Fixtures.dll.mvfrm.rsp
[241/778    0s] WriteText Library/Bee/artifacts/2400b0aE.dag/GameCore.Gameplay.Narrative.dll.mvfrm.rsp
[242/778    0s] WriteText Library/Bee/artifacts/2400b0aE.dag/Unity.Entities.Hybrid.HybridComponents.dll.mvfrm.rsp
[243/778    0s] WriteText Library/Bee/artifacts/2400b0aE.dag/GameCore.Derivation.Fixtures.rsp
[244/778    0s] WriteText Library/Bee/artifacts/2400b0aE.dag/GameCore.Gameplay.Narrative.rsp
[245/778    0s] WriteText Library/Bee/artifacts/2400b0aE.dag/Unity.Entities.UI.dll.mvfrm.rsp
[246/778    0s] WriteText Library/Bee/artifacts/2400b0aE.dag/Unity.Entities.Hybrid.HybridComponents.rsp
[247/778    0s] WriteText Library/Bee/artifacts/2400b0aE.dag/Unity.Serialization.Editor.dll.mvfrm.rsp
[248/778    0s] WriteText Library/Bee/artifacts/2400b0aE.dag/Unity.ScriptableBuildPipeline.dll.mvfrm.rsp
[249/778    0s] WriteText Library/Bee/artifacts/2400b0aE.dag/Unity.Serialization.Editor.rsp
[250/778    0s] WriteText Library/Bee/artifacts/2400b0aE.dag/Unity.Entities.UI.rsp
[251/778    0s] WriteText Library/Bee/artifacts/2400b0aE.dag/GameCore.Gameplay.Narrative.Fixtures.UnityAdditionalFile.txt
[252/778    0s] WriteText Library/Bee/artifacts/2400b0aE.dag/Unity.ScriptableBuildPipeline.rsp
[253/778    0s] WriteText Library/Bee/artifacts/2400b0aE.dag/GameCore.Gameplay.Narrative.Fixtures.rsp2
[254/778    0s] WriteText Library/Bee/artifacts/2400b0aE.dag/GameCore.Validation.Probe.UnityAdditionalFile.txt
[255/778    0s] WriteText Library/Bee/artifacts/2400b0aE.dag/GameCore.Validation.Probe.rsp2
[256/778    0s] WriteText Library/Bee/artifacts/2400b0aE.dag/Unity.Entities.Hybrid.UnityAdditionalFile.txt
[257/778    0s] WriteText Library/Bee/artifacts/2400b0aE.dag/GameCore.Gameplay.Cards.dll.mvfrm.rsp
[258/778    0s] WriteText Library/Bee/artifacts/2400b0aE.dag/Unity.Entities.Hybrid.rsp2
[259/778    0s] WriteText Library/Bee/artifacts/2400b0aE.dag/GameCore.Unity.Adapters.dll.mvfrm.rsp
[260/778    0s] WriteText Library/Bee/artifacts/2400b0aE.dag/GameCore.Gameplay.Cards.rsp
[261/778    0s] WriteText Library/Bee/artifacts/2400b0aE.dag/GameCore.Rules.Traversal.dll.mvfrm.rsp
[262/778    0s] WriteText Library/Bee/artifacts/2400b0aE.dag/Unity.ScriptableBuildPipeline.UnityAdditionalFile.txt
[263/778    0s] WriteText Library/Bee/artifacts/2400b0aE.dag/GameCore.Unity.Adapters.rsp
[264/778    0s] WriteText Library/Bee/artifacts/2400b0aE.dag/GameCore.Rules.Traversal.rsp
[265/778    0s] WriteText Library/Bee/artifacts/2400b0aE.dag/Unity.SysrootPackage.Editor.rsp2
[266/778    0s] WriteText Library/Bee/artifacts/2400b0aE.dag/GameCore.Gameplay.Narrative.Fixtures.dll.mvfrm.rsp
[267/778    0s] WriteText Library/Bee/artifacts/2400b0aE.dag/Unity.Entities.UI.Editor.rsp2
[268/778    0s] WriteText Library/Bee/artifacts/2400b0aE.dag/Unity.Entities.UI.Editor.UnityAdditionalFile.txt
[269/778    0s] WriteText Library/Bee/artifacts/2400b0aE.dag/Unity.SysrootPackage.Editor.UnityAdditionalFile.txt
[270/778    0s] WriteText Library/Bee/artifacts/2400b0aE.dag/Unity.Entities.Hybrid.dll.mvfrm.rsp
[271/778    0s] WriteText Library/Bee/artifacts/2400b0aE.dag/GameCore.Validation.Probe.dll.mvfrm.rsp
[272/778    0s] WriteText Library/Bee/artifacts/2400b0aE.dag/GameCore.Gameplay.Narrative.Fixtures.rsp
[273/778    0s] WriteText Library/Bee/artifacts/2400b0aE.dag/GameCore.Validation.FamilyEntries.rsp2
[274/778    0s] WriteText Library/Bee/artifacts/2400b0aE.dag/GameCore.Gameplay.Traversal.UnityAdditionalFile.txt
[275/778    0s] WriteText Library/Bee/artifacts/2400b0aE.dag/Unity.ScriptableBuildPipeline.Editor.UnityAdditionalFile.txt
[276/778    0s] WriteText Library/Bee/artifacts/2400b0aE.dag/Unity.Entities.Hybrid.rsp
[277/778    0s] WriteText Library/Bee/artifacts/2400b0aE.dag/GameCore.Gameplay.Traversal.rsp2
[278/778    0s] WriteText Library/Bee/artifacts/2400b0aE.dag/Unity.ScriptableBuildPipeline.Editor.rsp2
[279/778    0s] MovedFromExtractor Library/Bee/artifacts/mvdfrm/Unity.Burst.Cecil.Mdb.dll_6CD8765DD31BEFEC.mvfrm
[280/778    0s] WriteText Library/Bee/artifacts/2400b0aE.dag/GameCore.Validation.FamilyEntries.UnityAdditionalFile.txt
[281/778    0s] WriteText Library/Bee/artifacts/2400b0aE.dag/Unity.SysrootPackage.Editor.dll.mvfrm.rsp
[282/778    0s] WriteText Library/Bee/artifacts/2400b0aE.dag/Unity.Entities.UI.Editor.dll.mvfrm.rsp
[283/778    0s] WriteText Library/Bee/artifacts/2400b0aE.dag/GameCore.Validation.Probe.rsp
[284/778    0s] WriteText Library/Bee/artifacts/2400b0aE.dag/Unity.ScriptableBuildPipeline.Editor.dll.mvfrm.rsp
[285/778    0s] WriteText Library/Bee/artifacts/2400b0aE.dag/Unity.SysrootPackage.Editor.rsp
[286/778    0s] WriteText Library/Bee/artifacts/2400b0aE.dag/Unity.Entities.UI.Editor.rsp
[287/778    0s] WriteText Library/Bee/artifacts/2400b0aE.dag/Unity.ScriptableBuildPipeline.Editor.rsp
[288/778    0s] WriteText Library/Bee/artifacts/2400b0aE.dag/GameCore.Gameplay.Traversal.dll.mvfrm.rsp
[289/778    0s] WriteText Library/Bee/artifacts/2400b0aE.dag/GameCore.Validation.FamilyEntries.dll.mvfrm.rsp
[290/778    0s] WriteText Library/Bee/artifacts/2400b0aE.dag/GameCore.Validation.Fixture.rsp2
[291/778    0s] WriteText Library/Bee/artifacts/2400b0aE.dag/GameCore.Validation.Fixture.UnityAdditionalFile.txt
[292/778    0s] WriteText Library/Bee/artifacts/2400b0aE.dag/GameCore.Gameplay.Traversal.rsp
[293/778    0s] WriteText Library/Bee/artifacts/2400b0aE.dag/GameCore.Validation.FamilyEntries.rsp
[294/778    0s] WriteText Library/Bee/artifacts/2400b0aE.dag/GameCore.Validation.Fixture.dll.mvfrm.rsp
[295/778    0s] MovedFromExtractor Library/Bee/artifacts/mvdfrm/UnityEngine.ParticleSystemModule.dll_C1CA33AB7C25B14E.mvfrm
[296/778    0s] WriteText Library/Bee/artifacts/2400b0aE.dag/GameCore.Validation.Fixture.rsp
[297/778    0s] WriteText Library/Bee/artifacts/2400b0aE.dag/GameCore.Unity.Fixtures.rsp2
[298/778    0s] WriteText Library/Bee/artifacts/2400b0aE.dag/GameCore.Unity.Fixtures.UnityAdditionalFile.txt
[299/778    0s] WriteText Library/Bee/artifacts/2400b0aE.dag/Unity.PerformanceTesting.rsp2
[300/778    0s] WriteText Library/Bee/artifacts/2400b0aE.dag/Unity.PerformanceTesting.UnityAdditionalFile.txt
[301/778    0s] WriteText Library/Bee/artifacts/2400b0aE.dag/Unity.Entities.Editor.Properties.rsp2
[302/778    0s] WriteText Library/Bee/artifacts/2400b0aE.dag/Unity.InternalAPIEditorBridge.002.UnityAdditionalFile.txt
[303/778    0s] WriteText Library/Bee/artifacts/2400b0aE.dag/Unity.Sysroot.Linux_x86_64.UnityAdditionalFile.txt
[304/778    0s] WriteText Library/Bee/artifacts/2400b0aE.dag/Unity.Scenes.Editor.rsp2
[305/778    0s] WriteText Library/Bee/artifacts/2400b0aE.dag/Unity.Sysroot.Linux_x86_64.rsp2
[306/778    0s] WriteText Library/Bee/artifacts/2400b0aE.dag/Unity.InternalAPIEngineBridge.002.UnityAdditionalFile.txt
[307/778    0s] WriteText Library/Bee/artifacts/2400b0aE.dag/Unity.InternalAPIEditorBridge.002.rsp2
[308/778    0s] WriteText Library/Bee/artifacts/2400b0aE.dag/Unity.Entities.Editor.Properties.UnityAdditionalFile.txt
[309/778    0s] WriteText Library/Bee/artifacts/2400b0aE.dag/Unity.InternalAPIEngineBridge.002.rsp2
[310/778    0s] WriteText Library/Bee/artifacts/2400b0aE.dag/Unity.Scenes.Editor.UnityAdditionalFile.txt
[311/778    0s] WriteText Library/Bee/artifacts/2400b0aE.dag/GameCore.Validation.Generated.rsp2
[312/778    0s] WriteText Library/Bee/artifacts/2400b0aE.dag/GameCore.Gameplay.Traversal.Fixtures.rsp2
[313/778    0s] WriteText Library/Bee/artifacts/2400b0aE.dag/GameCore.Validation.Generated.UnityAdditionalFile.txt
[314/778    0s] WriteText Library/Bee/artifacts/2400b0aE.dag/GameCore.Unity.Adapters.Fixtures.rsp2
[315/778    0s] WriteText Library/Bee/artifacts/2400b0aE.dag/GameCore.Gameplay.Integration.UnityAdditionalFile.txt
[316/778    0s] WriteText Library/Bee/artifacts/2400b0aE.dag/GameCore.Validation.GeneratedCheckpoint.rsp2
[317/778    0s] WriteText Library/Bee/artifacts/2400b0aE.dag/GameCore.Validation.GeneratedTraversal.rsp2
[318/778    0s] WriteText Library/Bee/artifacts/2400b0aE.dag/GameCore.Gameplay.Cards.Fixtures.UnityAdditionalFile.txt
[319/778    0s] WriteText Library/Bee/artifacts/2400b0aE.dag/GameCore.Validation.GeneratedCards.rsp2
[320/778    0s] WriteText Library/Bee/artifacts/2400b0aE.dag/GameCore.Gameplay.Cards.Fixtures.rsp2
[321/778    0s] WriteText Library/Bee/artifacts/2400b0aE.dag/GameCore.Gameplay.Integration.rsp2
[322/778    0s] WriteText Library/Bee/artifacts/2400b0aE.dag/GameCore.Validation.GeneratedTraversal.UnityAdditionalFile.txt
[323/778    0s] WriteText Library/Bee/artifacts/2400b0aE.dag/GameCore.Validation.GeneratedCheckpoint.UnityAdditionalFile.txt
[324/778    0s] WriteText Library/Bee/artifacts/2400b0aE.dag/GameCore.Unity.Adapters.Fixtures.UnityAdditionalFile.txt
[325/778    0s] WriteText Library/Bee/artifacts/2400b0aE.dag/GameCore.Gameplay.Traversal.Fixtures.UnityAdditionalFile.txt
[326/778    0s] WriteText Library/Bee/artifacts/2400b0aE.dag/GameCore.Validation.GeneratedCards.UnityAdditionalFile.txt
[327/778    0s] WriteText Library/Bee/artifacts/2400b0aE.dag/Unity.PerformanceTesting.dll.mvfrm.rsp
[328/778    0s] WriteText Library/Bee/artifacts/2400b0aE.dag/Unity.Entities.Editor.Properties.dll.mvfrm.rsp
[329/778    0s] WriteText Library/Bee/artifacts/2400b0aE.dag/GameCore.Unity.Fixtures.dll.mvfrm.rsp
[330/778    0s] WriteText Library/Bee/artifacts/2400b0aE.dag/Unity.InternalAPIEditorBridge.002.dll.mvfrm.rsp
[331/778    0s] WriteText Library/Bee/artifacts/2400b0aE.dag/Unity.Sysroot.Linux_x86_64.dll.mvfrm.rsp
[332/778    0s] WriteText Library/Bee/artifacts/2400b0aE.dag/Unity.InternalAPIEngineBridge.002.dll.mvfrm.rsp
[333/778    0s] WriteText Library/Bee/artifacts/2400b0aE.dag/Unity.Scenes.Editor.dll.mvfrm.rsp
[334/778    0s] WriteText Library/Bee/artifacts/2400b0aE.dag/GameCore.Validation.GeneratedTraversal.dll.mvfrm.rsp
[335/778    0s] WriteText Library/Bee/artifacts/2400b0aE.dag/GameCore.Content.Compiler.UnityAdditionalFile.txt
[336/778    0s] WriteText Library/Bee/artifacts/2400b0aE.dag/GameCore.Gameplay.Traversal.Fixtures.dll.mvfrm.rsp
[337/778    0s] WriteText Library/Bee/artifacts/2400b0aE.dag/GameCore.Validation.GeneratedCheckpoint.dll.mvfrm.rsp
[338/778    0s] WriteText Library/Bee/artifacts/2400b0aE.dag/GameCore.Gameplay.Cards.Fixtures.dll.mvfrm.rsp
[339/778    0s] WriteText Library/Bee/artifacts/2400b0aE.dag/GameCore.Validation.Generated.dll.mvfrm.rsp
[340/778    0s] WriteText Library/Bee/artifacts/2400b0aE.dag/GameCore.Content.Compiler.rsp2
[341/778    0s] WriteText Library/Bee/artifacts/2400b0aE.dag/GameCore.Gameplay.Integration.dll.mvfrm.rsp
[342/778    0s] WriteText Library/Bee/artifacts/2400b0aE.dag/GameCore.Unity.Adapters.Fixtures.dll.mvfrm.rsp
[343/778    0s] WriteText Library/Bee/artifacts/2400b0aE.dag/GameCore.Validation.GeneratedCards.dll.mvfrm.rsp
[344/778    0s] WriteText Library/Bee/artifacts/2400b0aE.dag/Unity.InternalAPIEditorBridge.002.rsp
[345/778    0s] WriteText Library/Bee/artifacts/2400b0aE.dag/Unity.Scenes.Editor.rsp
[346/778    0s] WriteText Library/Bee/artifacts/2400b0aE.dag/Unity.InternalAPIEngineBridge.002.rsp
[347/778    0s] WriteText Library/Bee/artifacts/2400b0aE.dag/Unity.Entities.Editor.Properties.rsp
[348/778    0s] WriteText Library/Bee/artifacts/2400b0aE.dag/Unity.Sysroot.Linux_x86_64.rsp
[349/778    0s] WriteText Library/Bee/artifacts/2400b0aE.dag/GameCore.Unity.Fixtures.rsp
[350/778    0s] WriteText Library/Bee/artifacts/2400b0aE.dag/Unity.PerformanceTesting.rsp
[351/778    0s] MovedFromExtractor Library/Bee/artifacts/mvdfrm/Unity.Burst.Cecil.dll_33E0CC4E308768EF.mvfrm
[352/778    0s] MovedFromExtractor-Combine Library/Bee/artifacts/2400b0aE.dag/GameCore.Planning.dll.mvfrm
[353/778    0s] WriteText Library/Bee/artifacts/2400b0aE.dag/GameCore.Unity.Adapters.Fixtures.rsp
[354/778    0s] WriteText Library/Bee/artifacts/2400b0aE.dag/GameCore.Gameplay.Cards.Fixtures.rsp
[355/778    0s] WriteText Library/Bee/artifacts/2400b0aE.dag/GameCore.Gameplay.Integration.rsp
[356/778    0s] MovedFromExtractor Library/Bee/artifacts/mvdfrm/Unity.Burst.Cecil.Pdb.dll_842AEECD51D0F16F.mvfrm
[357/778    0s] MovedFromExtractor Library/Bee/artifacts/mvdfrm/Unity.Burst.Cecil.Rocks.dll_4C2808B8211B856F.mvfrm
[358/778    0s] WriteText Library/Bee/artifacts/2400b0aE.dag/GameCore.Validation.GeneratedCheckpoint.rsp
[359/778    0s] WriteText Library/Bee/artifacts/2400b0aE.dag/GameCore.Gameplay.Traversal.Fixtures.rsp
[360/778    0s] WriteText Library/Bee/artifacts/2400b0aE.dag/GameCore.Validation.GeneratedCards.rsp
[361/778    0s] WriteText Library/Bee/artifacts/2400b0aE.dag/GameCore.Validation.GeneratedTraversal.rsp
[362/778    0s] WriteText Library/Bee/artifacts/2400b0aE.dag/GameCore.Validation.Generated.rsp
[363/778    0s] MovedFromExtractor-Combine Library/Bee/artifacts/2400b0aE.dag/GameCore.Derivation.dll.mvfrm
[364/778    0s] WriteText Library/Bee/artifacts/2400b0aE.dag/GameCore.Content.Compiler.dll.mvfrm.rsp
[365/778    0s] WriteText Library/Bee/artifacts/2400b0aE.dag/GameCore.Validation.ProbeHost.UnityAdditionalFile.txt
[366/778    0s] WriteText Library/Bee/artifacts/2400b0aE.dag/GameCore.Validation.ProbeHost.rsp2
[367/778    0s] WriteText Library/Bee/artifacts/2400b0aE.dag/GameCore.Validation.ProbeHost.dll.mvfrm.rsp
[368/778    0s] WriteText Library/Bee/artifacts/2400b0aE.dag/GameCore.Content.Compiler.rsp
[369/778    0s] WriteText Library/Bee/artifacts/2400b0aE.dag/GameCore.Validation.ProbeHost.rsp
[370/778    0s] WriteText Library/Bee/artifacts/2400b0aE.dag/Unity.Transforms.Hybrid.dll.mvfrm.rsp
[371/778    0s] WriteText Library/Bee/artifacts/2400b0aE.dag/Unity.Deformations.dll.mvfrm.rsp
[372/778    0s] WriteText Library/Bee/artifacts/2400b0aE.dag/Unity.Mathematics.Extensions.Hybrid.dll.mvfrm.rsp
[373/778    0s] WriteText Library/Bee/artifacts/2400b0aE.dag/Unity.Transforms.Hybrid.UnityAdditionalFile.txt
[374/778    0s] WriteText Library/Bee/artifacts/2400b0aE.dag/Unity.Deformations.rsp2
[375/778    0s] WriteText Library/Bee/artifacts/2400b0aE.dag/Unity.Toolchain.Linux-x86_64.dll.mvfrm.rsp
[376/778    0s] WriteText Library/Bee/artifacts/2400b0aE.dag/Unity.Deformations.UnityAdditionalFile.txt
[377/778    0s] WriteText Library/Bee/artifacts/2400b0aE.dag/Unity.Transforms.Hybrid.rsp2
[378/778    0s] WriteText Library/Bee/artifacts/2400b0aE.dag/Unity.Collections.Editor.dll.mvfrm.rsp
[379/778    0s] WriteText Library/Bee/artifacts/2400b0aE.dag/GameCore.Validation.Editor.dll.mvfrm.rsp
[380/778    0s] WriteText Library/Bee/artifacts/2400b0aE.dag/Unity.Mathematics.Extensions.Hybrid.rsp2
[381/778    0s] WriteText Library/Bee/artifacts/2400b0aE.dag/Unity.Core.Editor.dll.mvfrm.rsp
[382/778    0s] WriteText Library/Bee/artifacts/2400b0aE.dag/Unity.Mathematics.Editor.dll.mvfrm.rsp
[383/778    0s] WriteText Library/Bee/artifacts/2400b0aE.dag/GameCore.Content.Compiler.Editor.dll.mvfrm.rsp
[384/778    0s] WriteText Library/Bee/artifacts/2400b0aE.dag/Unity.Burst.Editor.dll.mvfrm.rsp
[385/778    0s] WriteText Library/Bee/artifacts/2400b0aE.dag/Unity.Entities.Editor.dll.mvfrm.rsp
[386/778    0s] WriteText Library/Bee/artifacts/2400b0aE.dag/Unity.Mathematics.Extensions.Hybrid.UnityAdditionalFile.txt
[387/778    0s] WriteText Library/Bee/artifacts/2400b0aE.dag/Unity.PerformanceTesting.Editor.dll.mvfrm.rsp
[388/778    0s] WriteText Library/Bee/artifacts/2400b0aE.dag/Unity.PerformanceTesting.Editor.UnityAdditionalFile.txt
[389/778    0s] WriteText Library/Bee/artifacts/2400b0aE.dag/Unity.Collections.Editor.UnityAdditionalFile.txt
[390/778    0s] WriteText Library/Bee/artifacts/2400b0aE.dag/Unity.Entities.Editor.rsp2
[391/778    0s] WriteText Library/Bee/artifacts/2400b0aE.dag/Unity.Entities.Editor.UnityAdditionalFile.txt
[392/778    0s] WriteText Library/Bee/artifacts/2400b0aE.dag/Unity.Mathematics.Editor.rsp2
[393/778    0s] WriteText Library/Bee/artifacts/2400b0aE.dag/Unity.Core.Editor.UnityAdditionalFile.txt
[394/778    0s] WriteText Library/Bee/artifacts/2400b0aE.dag/Unity.Transforms.Hybrid.rsp
[395/778    0s] WriteText Library/Bee/artifacts/2400b0aE.dag/GameCore.Validation.Editor.rsp2
[396/778    0s] WriteText Library/Bee/artifacts/2400b0aE.dag/Unity.Mathematics.Extensions.Hybrid.rsp
[397/778    0s] WriteText Library/Bee/artifacts/2400b0aE.dag/Unity.Burst.Editor.rsp2
[398/778    0s] WriteText Library/Bee/artifacts/2400b0aE.dag/GameCore.Validation.Editor.UnityAdditionalFile.txt
[399/778    0s] WriteText Library/Bee/artifacts/2400b0aE.dag/Unity.Core.Editor.rsp2
[400/778    0s] WriteText Library/Bee/artifacts/2400b0aE.dag/Unity.Toolchain.Linux-x86_64.rsp2
[401/778    0s] WriteText Library/Bee/artifacts/2400b0aE.dag/Unity.Collections.Editor.rsp2
[402/778    0s] WriteText Library/Bee/artifacts/2400b0aE.dag/Unity.PerformanceTesting.Editor.rsp2
[403/778    0s] WriteText Library/Bee/artifacts/2400b0aE.dag/GameCore.Content.Compiler.Editor.UnityAdditionalFile.txt
[404/778    0s] WriteText Library/Bee/artifacts/2400b0aE.dag/Unity.Burst.Editor.UnityAdditionalFile.txt
[405/778    0s] WriteText Library/Bee/artifacts/2400b0aE.dag/GameCore.Content.Compiler.Editor.rsp2
[406/778    0s] WriteText Library/Bee/artifacts/2400b0aE.dag/Unity.Toolchain.Linux-x86_64.UnityAdditionalFile.txt
[407/778    0s] WriteText Library/Bee/artifacts/2400b0aE.dag/Unity.Mathematics.Editor.UnityAdditionalFile.txt
[408/778    0s] WriteText Library/Bee/artifacts/2400b0aE.dag/Unity.Deformations.rsp
[409/778    0s] WriteText Library/Bee/artifacts/2400b0aE.dag/Unity.Collections.Editor.rsp
[410/778    0s] WriteText Library/Bee/artifacts/2400b0aE.dag/Unity.Toolchain.Linux-x86_64.rsp
[411/778    0s] WriteText Library/Bee/artifacts/2400b0aE.dag/Unity.Core.Editor.rsp
[412/778    0s] WriteText Library/Bee/artifacts/2400b0aE.dag/Unity.Entities.Editor.rsp
[413/778    0s] WriteText Library/Bee/artifacts/2400b0aE.dag/Unity.PerformanceTesting.Editor.rsp
[414/778    0s] WriteText Library/Bee/artifacts/2400b0aE.dag/Unity.Mathematics.Editor.rsp
[415/778    0s] WriteText Library/Bee/artifacts/2400b0aE.dag/Unity.Burst.Editor.rsp
[416/778    0s] WriteText Library/Bee/artifacts/2400b0aE.dag/GameCore.Content.Compiler.Editor.rsp
[417/778    0s] WriteText Library/Bee/artifacts/2400b0aE.dag/GameCore.Validation.Editor.rsp
[418/778    0s] MovedFromExtractor-Combine Library/Bee/artifacts/2400b0aE.dag/GameCore.Rules.Narrative.dll.mvfrm
[419/778    0s] MovedFromExtractor-Combine Library/Bee/artifacts/2400b0aE.dag/GameCore.Derivation.Fixtures.dll.mvfrm
[420/778    0s] MovedFromExtractor-Combine Library/Bee/artifacts/2400b0aE.dag/GameCore.Rules.Traversal.dll.mvfrm
[421/778    0s] MovedFromExtractor-Combine Library/Bee/artifacts/2400b0aE.dag/GameCore.Composition.dll.mvfrm
[422/778    0s] MovedFromExtractor-Combine Library/Bee/artifacts/2400b0aE.dag/GameCore.Validation.FamilyEntries.dll.mvfrm
[423/778    0s] MovedFromExtractor-Combine Library/Bee/artifacts/2400b0aE.dag/GameCore.Validation.Fixture.dll.mvfrm
[424/778    0s] MovedFromExtractor-Combine Library/Bee/artifacts/2400b0aE.dag/Unity.InternalAPIEngineBridge.002.dll.mvfrm
[425/778    0s] MovedFromExtractor-Combine Library/Bee/artifacts/2400b0aE.dag/GameCore.Rules.Cards.dll.mvfrm
[426/778    0s] MovedFromExtractor-Combine Library/Bee/artifacts/2400b0aE.dag/Unity.ScriptableBuildPipeline.dll.mvfrm
[427/778    0s] MovedFromExtractor-Combine Library/Bee/artifacts/2400b0aE.dag/Unity.Entities.UI.dll.mvfrm
[428/778    0s] MovedFromExtractor-Combine Library/Bee/artifacts/2400b0aE.dag/GameCore.Unity.Adapters.Fixtures.dll.mvfrm
[429/778    0s] MovedFromExtractor-Combine Library/Bee/artifacts/2400b0aE.dag/GameCore.Validation.GeneratedCards.dll.mvfrm
[430/778    0s] MovedFromExtractor-Combine Library/Bee/artifacts/2400b0aE.dag/GameCore.Validation.GeneratedTraversal.dll.mvfrm
[430/778    0s] Csc Library/Bee/artifacts/2400b0aE.dag/Unity.InternalAPIEngineBridge.002.dll (+2 others) [CacheHit ad9a3ab320ae26022bcc72634c83d84100000000000000000000000000000004]
[431/778   1790415563s] Csc Library/Bee/artifacts/2400b0aE.dag/Unity.InternalAPIEngineBridge.002.dll (+2 others)
[431/778    0s] Csc Library/Bee/artifacts/2400b0aE.dag/Unity.Entities.UI.dll (+2 others) [CacheHit d87d52af29faa8a3d7b92433c6e9b89600000000000000000000000000000004]
[433/778   1790415563s] Csc Library/Bee/artifacts/2400b0aE.dag/Unity.Entities.UI.dll (+2 others)
[435/778    0s] MovedFromExtractor-Combine Library/Bee/artifacts/2400b0aE.dag/GameCore.Validation.GeneratedCheckpoint.dll.mvfrm
[433/778    0s] Csc Library/Bee/artifacts/2400b0aE.dag/Unity.ScriptableBuildPipeline.dll (+2 others) [CacheHit f98b8991237edd94c2e670c2d79ece6000000000000000000000000000000004]
[436/778   1790415563s] Csc Library/Bee/artifacts/2400b0aE.dag/Unity.ScriptableBuildPipeline.dll (+2 others)
[434/778    0s] Csc Library/Bee/artifacts/2400b0aE.dag/Unity.Profiling.Core.dll (+2 others) [CacheHit db7c97e79da66f145a077d9a4ba649d200000000000000000000000000000004]
[434/778    0s] Csc Library/Bee/artifacts/2400b0aE.dag/UnityEngine.TestRunner.dll (+2 others) [CacheHit 685e8301bb46dbda2d4c24b1922e2d7400000000000000000000000000000004]
[434/778    0s] Csc Library/Bee/artifacts/2400b0aE.dag/Unity.Burst.dll (+2 others) [CacheHit 2db94d8a516c9bfcf77d9c4df0edeb3700000000000000000000000000000004]
[434/778    0s] Csc Library/Bee/artifacts/2400b0aE.dag/Unity.Mathematics.dll (+2 others) [CacheHit 8343115852151bad8419dd1b604378d100000000000000000000000000000004]
[438/778   1790415563s] Csc Library/Bee/artifacts/2400b0aE.dag/Unity.Profiling.Core.dll (+2 others)
[440/778   1790415563s] Csc Library/Bee/artifacts/2400b0aE.dag/UnityEngine.TestRunner.dll (+2 others)
[434/778    0s] Csc Library/Bee/artifacts/2400b0aE.dag/GameCore.Contracts.dll (+2 others) [CacheHit db09a40326b751b3f52deeb8a82d934f00000000000000000000000000000004]
[442/778   1790415563s] Csc Library/Bee/artifacts/2400b0aE.dag/Unity.Mathematics.dll (+2 others)
[444/778   1790415563s] Csc Library/Bee/artifacts/2400b0aE.dag/GameCore.Contracts.dll (+2 others)
[446/778   1790415563s] Csc Library/Bee/artifacts/2400b0aE.dag/Unity.Burst.dll (+2 others)
[448/778    0s] CopyFiles Library/ScriptAssemblies/UnityEngine.TestRunner.pdb
[449/778    0s] CopyFiles Library/ScriptAssemblies/UnityEngine.TestRunner.dll
[441/778    0s] Csc Library/Bee/artifacts/2400b0aE.dag/GameCore.Rules.Traversal.dll (+2 others) [CacheHit fd74cb52c8fd95f846f605fe49f40e4a00000000000000000000000000000004]
[450/778   1790415563s] Csc Library/Bee/artifacts/2400b0aE.dag/GameCore.Rules.Traversal.dll (+2 others)
[442/778    0s] Csc Library/Bee/artifacts/2400b0aE.dag/GameCore.Rules.Cards.dll (+2 others) [CacheHit 820beb554251d80e6a8c49d868a5858300000000000000000000000000000004]
[442/778    0s] Csc Library/Bee/artifacts/2400b0aE.dag/GameCore.Composition.dll (+2 others) [CacheHit e35e188caeca0621639483723926063800000000000000000000000000000004]
[442/778    0s] Csc Library/Bee/artifacts/2400b0aE.dag/GameCore.Derivation.dll (+2 others) [CacheHit 781b2c5050e6ddbfc93e25e141373bd500000000000000000000000000000004]
[442/778    0s] Csc Library/Bee/artifacts/2400b0aE.dag/GameCore.Rules.Narrative.dll (+2 others) [CacheHit a5d1e3d441ee8412e967e0428a1f291200000000000000000000000000000004]
[442/778    0s] Csc Library/Bee/artifacts/2400b0aE.dag/GameCore.Planning.dll (+2 others) [CacheHit cfb641cccce3a5b944b69c19accaa43200000000000000000000000000000004]
[452/778   1790415563s] Csc Library/Bee/artifacts/2400b0aE.dag/GameCore.Rules.Cards.dll (+2 others)
[454/778   1790415563s] Csc Library/Bee/artifacts/2400b0aE.dag/GameCore.Derivation.dll (+2 others)
[456/778   1790415563s] Csc Library/Bee/artifacts/2400b0aE.dag/GameCore.Composition.dll (+2 others)
[458/778   1790415563s] Csc Library/Bee/artifacts/2400b0aE.dag/GameCore.Rules.Narrative.dll (+2 others)
[460/778   1790415563s] Csc Library/Bee/artifacts/2400b0aE.dag/GameCore.Planning.dll (+2 others)
[447/778    0s] Csc Library/Bee/artifacts/2400b0aE.dag/GameCore.Derivation.Fixtures.dll (+2 others) [CacheHit 4f725cac1b1cc4920ef95d1f30fe353100000000000000000000000000000004]
[462/778   1790415563s] Csc Library/Bee/artifacts/2400b0aE.dag/GameCore.Derivation.Fixtures.dll (+2 others)
[464/778    0s] MovedFromExtractor Library/Bee/artifacts/mvdfrm/Unity.InternalAPIEngineBridge.002.ref.dll_AC18A109DA116E0E.mvfrm
[465/778    0s] MovedFromExtractor Library/Bee/artifacts/mvdfrm/Unity.Entities.UI.ref.dll_9EC0A1AB0EAD6453.mvfrm
[466/778    0s] MovedFromExtractor Library/Bee/artifacts/mvdfrm/Unity.ScriptableBuildPipeline.ref.dll_17CEFD00006B1BBD.mvfrm
[467/778    0s] MovedFromExtractor Library/Bee/artifacts/mvdfrm/Unity.Burst.ref.dll_9CE15340CD9598D2.mvfrm
[468/778    0s] MovedFromExtractor Library/Bee/artifacts/mvdfrm/UnityEngine.TestRunner.ref.dll_F1B32A9E2F71E054.mvfrm
[469/778    0s] MovedFromExtractor Library/Bee/artifacts/mvdfrm/Unity.Mathematics.ref.dll_F20355C132B4E278.mvfrm
[470/778    0s] MovedFromExtractor Library/Bee/artifacts/mvdfrm/Unity.Profiling.Core.ref.dll_BB57BE87EB72E14B.mvfrm
[471/778    0s] MovedFromExtractor-Combine Library/Bee/artifacts/2400b0aE.dag/Unity.Burst.CodeGen.dll.mvfrm
[472/778    0s] MovedFromExtractor-Combine Library/Bee/artifacts/2400b0aE.dag/Unity.PerformanceTesting.dll.mvfrm
[473/778    0s] MovedFromExtractor-Combine Library/Bee/artifacts/2400b0aE.dag/UnityEditor.TestRunner.dll.mvfrm
[474/778    0s] MovedFromExtractor-Combine Library/Bee/artifacts/2400b0aE.dag/Unity.Collections.dll.mvfrm
[459/778    0s] Csc Library/Bee/artifacts/2400b0aE.dag/Unity.PerformanceTesting.dll (+2 others) [CacheHit d7302c86eb578c6d864182043c0dfb2700000000000000000000000000000004]
[475/778   1790415563s] Csc Library/Bee/artifacts/2400b0aE.dag/Unity.PerformanceTesting.dll (+2 others)
[460/778    0s] Csc Library/Bee/artifacts/2400b0aE.dag/Unity.Collections.dll (+2 others) [CacheHit 86500ac9b823720e3eeec93d3a7952e500000000000000000000000000000004]
[477/778   1790415563s] Csc Library/Bee/artifacts/2400b0aE.dag/Unity.Collections.dll (+2 others)
[479/778    0s] MovedFromExtractor Library/Bee/artifacts/mvdfrm/Unity.PerformanceTesting.ref.dll_9CA924C712E203D4.mvfrm
[480/778    0s] MovedFromExtractor Library/Bee/artifacts/mvdfrm/Unity.Collections.ref.dll_6E80EEB68CD969F7.mvfrm
[463/778    0s] Csc Library/Bee/artifacts/2400b0aE.dag/Unity.Burst.CodeGen.dll (+2 others) [CacheHit 3471a14e8ee1532aecfb39bed5a239e800000000000000000000000000000004]
[481/778   1790415563s] Csc Library/Bee/artifacts/2400b0aE.dag/Unity.Burst.CodeGen.dll (+2 others)
[483/778    0s] CopyFiles Library/ScriptAssemblies/Unity.Burst.CodeGen.dll
[484/778    0s] CopyFiles Library/ScriptAssemblies/Unity.Burst.CodeGen.pdb
[466/778    0s] Csc Library/Bee/artifacts/2400b0aE.dag/UnityEditor.TestRunner.dll (+2 others) [CacheHit 9e9b3a0f1cc44a0efccafaa3b287129700000000000000000000000000000004]
[485/778   1790415563s] Csc Library/Bee/artifacts/2400b0aE.dag/UnityEditor.TestRunner.dll (+2 others)
[487/778    0s] CopyFiles Library/ScriptAssemblies/UnityEditor.TestRunner.pdb
[488/778    0s] CopyFiles Library/ScriptAssemblies/UnityEditor.TestRunner.dll
[489/778    0s] MovedFromExtractor-Combine Library/Bee/artifacts/2400b0aE.dag/Unity.Collections.CodeGen.dll.mvfrm
[470/778    0s] Csc Library/Bee/artifacts/2400b0aE.dag/Unity.Collections.CodeGen.dll (+2 others) [CacheHit 7624d783acaba15bae3e96210d27091b00000000000000000000000000000004]
[490/778   1790415563s] Csc Library/Bee/artifacts/2400b0aE.dag/Unity.Collections.CodeGen.dll (+2 others)
[492/778    0s] CopyFiles Library/ScriptAssemblies/Unity.Collections.CodeGen.pdb
[493/778    0s] CopyFiles Library/ScriptAssemblies/Unity.Collections.CodeGen.dll
[494/778    0s] MovedFromExtractor-Combine Library/Bee/artifacts/2400b0aE.dag/Unity.Serialization.dll.mvfrm
[495/778    0s] MovedFromExtractor-Combine Library/Bee/artifacts/2400b0aE.dag/GameCore.Validation.Generated.dll.mvfrm
[496/778    0s] MovedFromExtractor-Combine Library/Bee/artifacts/2400b0aE.dag/Unity.Mathematics.Extensions.dll.mvfrm
[476/778    0s] Csc Library/Bee/artifacts/2400b0aE.dag/Unity.Mathematics.Extensions.dll (+2 others) [CacheHit f8a948d497343a9731a2066d6cea30e000000000000000000000000000000004]
[497/778   1790415563s] Csc Library/Bee/artifacts/2400b0aE.dag/Unity.Mathematics.Extensions.dll (+2 others)
[477/778    0s] Csc Library/Bee/artifacts/2400b0aE.dag/Unity.Serialization.dll (+2 others) [CacheHit 9680cdf988a986cf81b7923041213b9200000000000000000000000000000004]
[499/778   1790415563s] Csc Library/Bee/artifacts/2400b0aE.dag/Unity.Serialization.dll (+2 others)
[501/778    0s] MovedFromExtractor Library/Bee/artifacts/mvdfrm/UnityEditor.TestRunner.ref.dll_2594DFF003AE8269.mvfrm
[502/778    0s] MovedFromExtractor Library/Bee/artifacts/mvdfrm/Unity.Serialization.ref.dll_5D8324FA38F53352.mvfrm
[503/778    0s] MovedFromExtractor Library/Bee/artifacts/mvdfrm/Unity.Mathematics.Extensions.ref.dll_17807253969AF790.mvfrm
[504/778    0s] MovedFromExtractor-Combine Library/Bee/artifacts/2400b0aE.dag/Unity.Burst.Editor.dll.mvfrm
[505/778    0s] MovedFromExtractor-Combine Library/Bee/artifacts/2400b0aE.dag/Unity.Core.Editor.dll.mvfrm
[506/778    0s] MovedFromExtractor-Combine Library/Bee/artifacts/2400b0aE.dag/Unity.Mathematics.Editor.dll.mvfrm
[507/778    0s] MovedFromExtractor-Combine Library/Bee/artifacts/2400b0aE.dag/Unity.Collections.Editor.dll.mvfrm
[508/778    0s] MovedFromExtractor-Combine Library/Bee/artifacts/2400b0aE.dag/GameCore.Content.Compiler.Editor.dll.mvfrm
[509/778    0s] MovedFromExtractor-Combine Library/Bee/artifacts/2400b0aE.dag/Unity.SysrootPackage.Editor.dll.mvfrm
[510/778    0s] MovedFromExtractor-Combine Library/Bee/artifacts/2400b0aE.dag/Unity.PerformanceTesting.Editor.dll.mvfrm
[511/778    0s] MovedFromExtractor-Combine Library/Bee/artifacts/2400b0aE.dag/Unity.ScriptableBuildPipeline.Editor.dll.mvfrm
[512/778    0s] MovedFromExtractor-Combine Library/Bee/artifacts/2400b0aE.dag/GameCore.Content.Compiler.dll.mvfrm
[490/778    0s] Csc Library/Bee/artifacts/2400b0aE.dag/Unity.Burst.Editor.dll (+2 others) [CacheHit 43518fb274ee3d05221126aabb2e2fd700000000000000000000000000000004]
[513/778   1790415563s] Csc Library/Bee/artifacts/2400b0aE.dag/Unity.Burst.Editor.dll (+2 others)
[491/778    0s] Csc Library/Bee/artifacts/2400b0aE.dag/Unity.Mathematics.Editor.dll (+2 others) [CacheHit 599378379f221bcd2046639aa3c7916700000000000000000000000000000004]
[491/778    0s] Csc Library/Bee/artifacts/2400b0aE.dag/Unity.Collections.Editor.dll (+2 others) [CacheHit c69cf6f0e2da9650ed7653509ca6170400000000000000000000000000000004]
[491/778    0s] Csc Library/Bee/artifacts/2400b0aE.dag/Unity.Core.Editor.dll (+2 others) [CacheHit 39856a4f2d243e77ab5c2be8a45a799d00000000000000000000000000000004]
[515/778   1790415563s] Csc Library/Bee/artifacts/2400b0aE.dag/Unity.Mathematics.Editor.dll (+2 others)
[517/778   1790415563s] Csc Library/Bee/artifacts/2400b0aE.dag/Unity.Collections.Editor.dll (+2 others)
[519/778   1790415563s] Csc Library/Bee/artifacts/2400b0aE.dag/Unity.Core.Editor.dll (+2 others)
[494/778    0s] Csc Library/Bee/artifacts/2400b0aE.dag/GameCore.Content.Compiler.dll (+2 others) [CacheHit a01179bc97d752710b63751e101fe21e00000000000000000000000000000004]
[521/778   1790415563s] Csc Library/Bee/artifacts/2400b0aE.dag/GameCore.Content.Compiler.dll (+2 others)
[495/778    0s] Csc Library/Bee/artifacts/2400b0aE.dag/Unity.SysrootPackage.Editor.dll (+2 others) [CacheHit edec7fa029b9711b729a38a810fc4c9000000000000000000000000000000004]
[523/778   1790415563s] Csc Library/Bee/artifacts/2400b0aE.dag/Unity.SysrootPackage.Editor.dll (+2 others)
[495/778    0s] Csc Library/Bee/artifacts/2400b0aE.dag/Unity.PerformanceTesting.Editor.dll (+2 others) [CacheHit 0bd9a6a7c67200394fcd8a1b2bcb386600000000000000000000000000000004]
[525/778   1790415563s] Csc Library/Bee/artifacts/2400b0aE.dag/Unity.PerformanceTesting.Editor.dll (+2 others)
[497/778    0s] Csc Library/Bee/artifacts/2400b0aE.dag/Unity.ScriptableBuildPipeline.Editor.dll (+2 others) [CacheHit b3b3b6729d4bb314941facdd02bf161800000000000000000000000000000004]
[527/778   1790415563s] Csc Library/Bee/artifacts/2400b0aE.dag/Unity.ScriptableBuildPipeline.Editor.dll (+2 others)
[498/778    0s] Csc Library/Bee/artifacts/2400b0aE.dag/GameCore.Content.Compiler.Editor.dll (+2 others) [CacheHit 420f664b7484a4347b281994a74c016200000000000000000000000000000004]
[529/778   1790415563s] Csc Library/Bee/artifacts/2400b0aE.dag/GameCore.Content.Compiler.Editor.dll (+2 others)
[531/778    0s] MovedFromExtractor-Combine Library/Bee/artifacts/2400b0aE.dag/Unity.Serialization.Editor.dll.mvfrm
[532/778    0s] MovedFromExtractor-Combine Library/Bee/artifacts/2400b0aE.dag/Unity.Mathematics.Extensions.Hybrid.dll.mvfrm
[533/778    0s] MovedFromExtractor-Combine Library/Bee/artifacts/2400b0aE.dag/Unity.Entities.dll.mvfrm
[502/778    0s] Csc Library/Bee/artifacts/2400b0aE.dag/Unity.Serialization.Editor.dll (+2 others) [CacheHit ef2d96453666b93b46814ea513df157900000000000000000000000000000004]
[534/778   1790415563s] Csc Library/Bee/artifacts/2400b0aE.dag/Unity.Serialization.Editor.dll (+2 others)
[503/778    0s] Csc Library/Bee/artifacts/2400b0aE.dag/Unity.Mathematics.Extensions.Hybrid.dll (+2 others) [CacheHit e3c3b08d82efe9f2fa895c0720e2e44100000000000000000000000000000004]
[536/778   1790415563s] Csc Library/Bee/artifacts/2400b0aE.dag/Unity.Mathematics.Extensions.Hybrid.dll (+2 others)
[504/778    0s] Csc Library/Bee/artifacts/2400b0aE.dag/Unity.Entities.dll (+2 others) [CacheHit 0063b10f133a8c10ddc0b7d4b6b24c3100000000000000000000000000000004]
[538/778   1790415563s] Csc Library/Bee/artifacts/2400b0aE.dag/Unity.Entities.dll (+2 others)
[540/778    0s] MovedFromExtractor Library/Bee/artifacts/mvdfrm/Unity.SysrootPackage.Editor.ref.dll_795E971823712576.mvfrm
[541/778    0s] MovedFromExtractor Library/Bee/artifacts/mvdfrm/Unity.ScriptableBuildPipeline.Editor.ref.dll_BA537E85FFAC56C4.mvfrm
[542/778    0s] MovedFromExtractor Library/Bee/artifacts/mvdfrm/Unity.Serialization.Editor.ref.dll_203D376FE1752F7F.mvfrm
[543/778    0s] MovedFromExtractor Library/Bee/artifacts/mvdfrm/Unity.Entities.ref.dll_D004BA08B8128A35.mvfrm
[544/778    0s] MovedFromExtractor-Combine Library/Bee/artifacts/2400b0aE.dag/Unity.Sysroot.Linux_x86_64.dll.mvfrm
[510/778    0s] Csc Library/Bee/artifacts/2400b0aE.dag/Unity.Sysroot.Linux_x86_64.dll (+2 others) [CacheHit 7082f9fc91fade59be2f7219c096acd300000000000000000000000000000004]
[545/778   1790415563s] Csc Library/Bee/artifacts/2400b0aE.dag/Unity.Sysroot.Linux_x86_64.dll (+2 others)
[547/778    0s] MovedFromExtractor-Combine Library/Bee/artifacts/2400b0aE.dag/Unity.Entities.UI.Editor.dll.mvfrm
[512/778    0s] Csc Library/Bee/artifacts/2400b0aE.dag/Unity.Entities.UI.Editor.dll (+2 others) [CacheHit 34c703566973ebafbe9b091b1f792d5700000000000000000000000000000004]
[548/778   1790415563s] Csc Library/Bee/artifacts/2400b0aE.dag/Unity.Entities.UI.Editor.dll (+2 others)
[550/778    0s] MovedFromExtractor-Combine Library/Bee/artifacts/2400b0aE.dag/GameCore.Gameplay.Traversal.Fixtures.dll.mvfrm
[551/778    0s] MovedFromExtractor-Combine Library/Bee/artifacts/2400b0aE.dag/GameCore.Gameplay.Cards.Fixtures.dll.mvfrm
[552/778    0s] MovedFromExtractor-Combine Library/Bee/artifacts/2400b0aE.dag/Unity.Transforms.dll.mvfrm
[553/778    0s] MovedFromExtractor-Combine Library/Bee/artifacts/2400b0aE.dag/GameCore.Validation.Probe.dll.mvfrm
[554/778    0s] MovedFromExtractor-Combine Library/Bee/artifacts/2400b0aE.dag/Unity.Entities.Hybrid.HybridComponents.dll.mvfrm
[555/778    0s] MovedFromExtractor-Combine Library/Bee/artifacts/2400b0aE.dag/Unity.Deformations.dll.mvfrm
[556/778    0s] MovedFromExtractor-Combine Library/Bee/artifacts/2400b0aE.dag/GameCore.Gameplay.Narrative.Fixtures.dll.mvfrm
[557/778    0s] MovedFromExtractor-Combine Library/Bee/artifacts/2400b0aE.dag/Unity.Entities.Build.dll.mvfrm
[558/778    0s] MovedFromExtractor-Combine Library/Bee/artifacts/2400b0aE.dag/GameCore.Validation.ProbeHost.dll.mvfrm
[522/778    0s] Csc Library/Bee/artifacts/2400b0aE.dag/Unity.Entities.Build.dll (+2 others) [CacheHit 8b67f98f7512026c8ec007b41bb0885e00000000000000000000000000000004]
[559/778   1790415563s] Csc Library/Bee/artifacts/2400b0aE.dag/Unity.Entities.Build.dll (+2 others)
[561/778    0s] MovedFromExtractor-Combine Library/Bee/artifacts/2400b0aE.dag/GameCore.Gameplay.Narrative.dll.mvfrm
[562/778    0s] MovedFromExtractor-Combine Library/Bee/artifacts/2400b0aE.dag/Unity.Entities.CodeGen.dll.mvfrm
[563/778    0s] MovedFromExtractor-Combine Library/Bee/artifacts/2400b0aE.dag/GameCore.Gameplay.Cards.dll.mvfrm
[564/778    0s] MovedFromExtractor-Combine Library/Bee/artifacts/2400b0aE.dag/GameCore.Unity.Adapters.dll.mvfrm
[565/778    0s] MovedFromExtractor-Combine Library/Bee/artifacts/2400b0aE.dag/GameCore.Unity.Fixtures.dll.mvfrm
[566/778    0s] MovedFromExtractor-Combine Library/Bee/artifacts/2400b0aE.dag/GameCore.Unity.Runtime.dll.mvfrm
[567/778    0s] MovedFromExtractor-Combine Library/Bee/artifacts/2400b0aE.dag/GameCore.Gameplay.Traversal.dll.mvfrm
[568/778    0s] MovedFromExtractor-Combine Library/Bee/artifacts/2400b0aE.dag/GameCore.Gameplay.Integration.dll.mvfrm
[569/778    0s] MovedFromExtractor Library/Bee/artifacts/mvdfrm/Unity.Sysroot.Linux_x86_64.ref.dll_47C0B0C1257E42B5.mvfrm
[532/778    0s] Csc Library/Bee/artifacts/2400b0aE.dag/Unity.Entities.CodeGen.dll (+2 others) [CacheHit 28a3fc7458ac27be4f09bc45d75e95bd00000000000000000000000000000004]
[570/778   1790415563s] Csc Library/Bee/artifacts/2400b0aE.dag/Unity.Entities.CodeGen.dll (+2 others)
[572/778    0s] CopyFiles Library/ScriptAssemblies/Unity.Entities.CodeGen.pdb
[573/778    0s] CopyFiles Library/ScriptAssemblies/Unity.Entities.CodeGen.dll
[535/778    0s] Csc Library/Bee/artifacts/2400b0aE.dag/GameCore.Unity.Runtime.dll (+2 others) [CacheHit da2f75e25b8df394dc7c223de62d137900000000000000000000000000000004]
[574/778   1790415563s] Csc Library/Bee/artifacts/2400b0aE.dag/GameCore.Unity.Runtime.dll (+2 others)
/home/worlesenric/wkspace/gc-wt/gc-025/Packages/com.gamecore.unity.runtime/Runtime/Integration/DerivationModeSwitchValidator.cs(119,19): warning CS0618: 'Enum.ToString(IFormatProvider)' is obsolete: 'The provider argument is not used. Please use ToString().'
/home/worlesenric/wkspace/gc-wt/gc-025/Packages/com.gamecore.unity.runtime/Runtime/Integration/DerivationModeSwitchValidator.cs(119,19): warning CS0618: 'Enum.ToString(IFormatProvider)' is obsolete: 'The provider argument is not used. Please use ToString().'
[576/778    0s] MovedFromExtractor Library/Bee/artifacts/mvdfrm/Unity.Entities.UI.Editor.ref.dll_A9A23157965CE98E.mvfrm
[577/778    0s] MovedFromExtractor-Combine Library/Bee/artifacts/2400b0aE.dag/GameCore.Validation.Editor.dll.mvfrm
[538/778    0s] Csc Library/Bee/artifacts/2400b0aE.dag/GameCore.Unity.Adapters.dll (+2 others) [CacheHit e1c67b13255ebfe80fedb639bea0032200000000000000000000000000000004]
[578/778   1790415563s] Csc Library/Bee/artifacts/2400b0aE.dag/GameCore.Unity.Adapters.dll (+2 others)
[539/778    0s] Csc Library/Bee/artifacts/2400b0aE.dag/GameCore.Gameplay.Cards.dll (+2 others) [CacheHit 6b9fd48ae9df253448e7ffaf15c62d8c00000000000000000000000000000004]
[539/778    0s] Csc Library/Bee/artifacts/2400b0aE.dag/GameCore.Gameplay.Narrative.dll (+2 others) [CacheHit b37fabb3711815444552b65fa4525c5400000000000000000000000000000004]
[539/778    0s] Csc Library/Bee/artifacts/2400b0aE.dag/GameCore.Unity.Fixtures.dll (+2 others) [CacheHit 0066a9d7c34b895c5e3dc06b7420646700000000000000000000000000000004]
[580/778   1790415563s] Csc Library/Bee/artifacts/2400b0aE.dag/GameCore.Gameplay.Cards.dll (+2 others)
[582/778   1790415563s] Csc Library/Bee/artifacts/2400b0aE.dag/GameCore.Unity.Fixtures.dll (+2 others)
[584/778   1790415563s] Csc Library/Bee/artifacts/2400b0aE.dag/GameCore.Gameplay.Narrative.dll (+2 others)
[542/778    0s] Csc Library/Bee/artifacts/2400b0aE.dag/GameCore.Gameplay.Traversal.dll (+2 others) [CacheHit 8fa1d7d5b0f3fafb69fb023d58b8357f00000000000000000000000000000004]
[586/778   1790415563s] Csc Library/Bee/artifacts/2400b0aE.dag/GameCore.Gameplay.Traversal.dll (+2 others)
[543/778    0s] Csc Library/Bee/artifacts/2400b0aE.dag/GameCore.Unity.Adapters.Fixtures.dll (+2 others) [CacheHit d33c9602f85deb0f21f53208f8dbcff800000000000000000000000000000004]
[588/778   1790415563s] Csc Library/Bee/artifacts/2400b0aE.dag/GameCore.Unity.Adapters.Fixtures.dll (+2 others)
[544/778    0s] Csc Library/Bee/artifacts/2400b0aE.dag/GameCore.Gameplay.Integration.dll (+2 others) [CacheHit 3d291962193fd5a10082124810fce61d00000000000000000000000000000004]
[590/778   1790415563s] Csc Library/Bee/artifacts/2400b0aE.dag/GameCore.Gameplay.Integration.dll (+2 others)
[545/778    0s] Csc Library/Bee/artifacts/2400b0aE.dag/GameCore.Gameplay.Cards.Fixtures.dll (+2 others) [CacheHit 713b47288728fe702b4724d17b5c902300000000000000000000000000000004]
[545/778    0s] Csc Library/Bee/artifacts/2400b0aE.dag/GameCore.Gameplay.Narrative.Fixtures.dll (+2 others) [CacheHit 9d14457c980eb8672fae6b7da434135d00000000000000000000000000000004]
[592/778   1790415563s] Csc Library/Bee/artifacts/2400b0aE.dag/GameCore.Gameplay.Cards.Fixtures.dll (+2 others)
[594/778   1790415563s] Csc Library/Bee/artifacts/2400b0aE.dag/GameCore.Gameplay.Narrative.Fixtures.dll (+2 others)
/home/worlesenric/wkspace/gc-wt/gc-025/Packages/com.gamecore.gameplay.narrative/Fixtures/Runtime/NarrativeLifecycleScenario.cs(733,46): warning CS8602: Dereference of a possibly null reference.
/home/worlesenric/wkspace/gc-wt/gc-025/Packages/com.gamecore.gameplay.narrative/Fixtures/Runtime/NarrativeLifecycleScenario.cs(733,46): warning CS8602: Dereference of a possibly null reference.
[596/778    0s] ILPP-Configuration Library/ilpp-configuration.nevergeneratedoutput
[597/778    0s] MovedFromExtractor-Combine Library/Bee/artifacts/2400b0aE.dag/Unity.Toolchain.Linux-x86_64.dll.mvfrm
[549/778    0s] Csc Library/Bee/artifacts/2400b0aE.dag/Unity.Toolchain.Linux-x86_64.dll (+2 others) [CacheHit a6fb44dfc09f9541e8c9a26acc24ae5200000000000000000000000000000004]
[598/778   1790415563s] Csc Library/Bee/artifacts/2400b0aE.dag/Unity.Toolchain.Linux-x86_64.dll (+2 others)
[600/778    0s] MovedFromExtractor Library/Bee/artifacts/mvdfrm/Unity.Entities.Build.ref.dll_79D03716CAE45D05.mvfrm
[601/778    0s] MovedFromExtractor-Combine Library/Bee/artifacts/2400b0aE.dag/Unity.Entities.Editor.Properties.dll.mvfrm
[552/778    0s] Csc Library/Bee/artifacts/2400b0aE.dag/Unity.Entities.Editor.Properties.dll (+2 others) [CacheHit e454813def39a42751428650538124e800000000000000000000000000000004]
[602/778   1790415563s] Csc Library/Bee/artifacts/2400b0aE.dag/Unity.Entities.Editor.Properties.dll (+2 others)
[604/778    0s] MovedFromExtractor Library/Bee/artifacts/mvdfrm/Unity.Entities.Editor.Properties.ref.dll_14F6F7C358FE45CB.mvfrm
[605/778    0s] ILPostProcess Library/Bee/artifacts/2400b0aE.dag/post-processed/GameCore.Derivation.Fixtures.dll (+pdb)
Processing assembly Library/Bee/artifacts/2400b0aE.dag/GameCore.Derivation.Fixtures.dll, with 124 defines and 131 references
processors: Unity.Entities.CodeGen.EntitiesILPostProcessors, Unity.Jobs.CodeGen.JobsILPostProcessor, zzzUnity.Burst.CodeGen.BurstILPostProcessor
running Unity.Entities.CodeGen.EntitiesILPostProcessors
running Unity.Jobs.CodeGen.JobsILPostProcessor
running zzzUnity.Burst.CodeGen.BurstILPostProcessor
[606/778    0s] ILPostProcess Library/Bee/artifacts/2400b0aE.dag/post-processed/GameCore.Composition.dll (+pdb)
Processing assembly Library/Bee/artifacts/2400b0aE.dag/GameCore.Composition.dll, with 124 defines and 130 references
processors: Unity.Entities.CodeGen.EntitiesILPostProcessors, Unity.Jobs.CodeGen.JobsILPostProcessor, zzzUnity.Burst.CodeGen.BurstILPostProcessor
running Unity.Entities.CodeGen.EntitiesILPostProcessors
running Unity.Jobs.CodeGen.JobsILPostProcessor
running zzzUnity.Burst.CodeGen.BurstILPostProcessor
[607/778    0s] Csc Library/Bee/artifacts/2400b0aE.dag/GameCore.Validation.FamilyEntries.dll (+2 others)
[608/778    0s] Csc Library/Bee/artifacts/2400b0aE.dag/GameCore.Validation.GeneratedTraversal.dll (+2 others)
[557/778    0s] Csc Library/Bee/artifacts/2400b0aE.dag/GameCore.Gameplay.Traversal.Fixtures.dll (+2 others) [CacheHit 6ad3f4ef2be1cf874a43d50f5ea5170600000000000000000000000000000004]
[609/778    1s] Csc Library/Bee/artifacts/2400b0aE.dag/GameCore.Validation.GeneratedCheckpoint.dll (+2 others)
[610/778   1790415564s] Csc Library/Bee/artifacts/2400b0aE.dag/GameCore.Gameplay.Traversal.Fixtures.dll (+2 others)
[612/778    0s] ILPostProcess Library/Bee/artifacts/2400b0aE.dag/post-processed/GameCore.Validation.FamilyEntries.dll (+pdb)
Processing assembly Library/Bee/artifacts/2400b0aE.dag/GameCore.Validation.FamilyEntries.dll, with 124 defines and 233 references
processors: Unity.Entities.CodeGen.EntitiesILPostProcessors, Unity.Jobs.CodeGen.JobsILPostProcessor, zzzUnity.Burst.CodeGen.BurstILPostProcessor
running Unity.Entities.CodeGen.EntitiesILPostProcessors
running Unity.Jobs.CodeGen.JobsILPostProcessor
running zzzUnity.Burst.CodeGen.BurstILPostProcessor
[613/778    0s] ILPostProcess Library/Bee/artifacts/2400b0aE.dag/post-processed/GameCore.Validation.GeneratedTraversal.dll (+pdb)
Processing assembly Library/Bee/artifacts/2400b0aE.dag/GameCore.Validation.GeneratedTraversal.dll, with 124 defines and 230 references
processors: Unity.Entities.CodeGen.EntitiesILPostProcessors, Unity.Jobs.CodeGen.JobsILPostProcessor, zzzUnity.Burst.CodeGen.BurstILPostProcessor
running Unity.Entities.CodeGen.EntitiesILPostProcessors
running Unity.Jobs.CodeGen.JobsILPostProcessor
running zzzUnity.Burst.CodeGen.BurstILPostProcessor
[614/778    0s] ILPostProcess Library/Bee/artifacts/2400b0aE.dag/post-processed/GameCore.Gameplay.Traversal.Fixtures.dll (+pdb)
Processing assembly Library/Bee/artifacts/2400b0aE.dag/GameCore.Gameplay.Traversal.Fixtures.dll, with 124 defines and 237 references
processors: Unity.Entities.CodeGen.EntitiesILPostProcessors, Unity.Jobs.CodeGen.JobsILPostProcessor, zzzUnity.Burst.CodeGen.BurstILPostProcessor
running Unity.Entities.CodeGen.EntitiesILPostProcessors
running Unity.Jobs.CodeGen.JobsILPostProcessor
running zzzUnity.Burst.CodeGen.BurstILPostProcessor
[615/778    0s] ILPostProcess Library/Bee/artifacts/2400b0aE.dag/post-processed/Unity.Mathematics.Extensions.Hybrid.dll (+pdb)
Processing assembly Library/Bee/artifacts/2400b0aE.dag/Unity.Mathematics.Extensions.Hybrid.dll, with 124 defines and 231 references
processors: Unity.Entities.CodeGen.EntitiesILPostProcessors, Unity.Jobs.CodeGen.JobsILPostProcessor, zzzUnity.Burst.CodeGen.BurstILPostProcessor
running Unity.Entities.CodeGen.EntitiesILPostProcessors
running Unity.Jobs.CodeGen.JobsILPostProcessor
running zzzUnity.Burst.CodeGen.BurstILPostProcessor
[616/778    0s] ILPostProcess Library/Bee/artifacts/2400b0aE.dag/post-processed/Unity.ScriptableBuildPipeline.dll (+pdb)
Processing assembly Library/Bee/artifacts/2400b0aE.dag/Unity.ScriptableBuildPipeline.dll, with 124 defines and 227 references
processors: Unity.Entities.CodeGen.EntitiesILPostProcessors, Unity.Jobs.CodeGen.JobsILPostProcessor, zzzUnity.Burst.CodeGen.BurstILPostProcessor
running Unity.Entities.CodeGen.EntitiesILPostProcessors
running Unity.Jobs.CodeGen.JobsILPostProcessor
running zzzUnity.Burst.CodeGen.BurstILPostProcessor
[617/778    0s] ILPostProcess Library/Bee/artifacts/2400b0aE.dag/post-processed/Unity.PerformanceTesting.dll (+pdb)
Processing assembly Library/Bee/artifacts/2400b0aE.dag/Unity.PerformanceTesting.dll, with 125 defines and 220 references
processors: Unity.Entities.CodeGen.EntitiesILPostProcessors, Unity.Jobs.CodeGen.JobsILPostProcessor, zzzUnity.Burst.CodeGen.BurstILPostProcessor
running Unity.Entities.CodeGen.EntitiesILPostProcessors
running Unity.Jobs.CodeGen.JobsILPostProcessor
running zzzUnity.Burst.CodeGen.BurstILPostProcessor
[618/778    1s] Csc Library/Bee/artifacts/2400b0aE.dag/GameCore.Validation.Probe.dll (+2 others)
[563/778    1s] Csc Library/Bee/artifacts/2400b0aE.dag/Unity.Deformations.dll (+2 others) [CacheHit 502113f57a2107aa900c9bac0d9ea12100000000000000000000000000000004]
[619/778   1790415564s] Csc Library/Bee/artifacts/2400b0aE.dag/Unity.Deformations.dll (+2 others)
[564/778    1s] Csc Library/Bee/artifacts/2400b0aE.dag/Unity.Entities.Hybrid.HybridComponents.dll (+2 others) [CacheHit 4019af3b145f288775ea9f423a2c618c00000000000000000000000000000004]
[621/778   1790415564s] Csc Library/Bee/artifacts/2400b0aE.dag/Unity.Entities.Hybrid.HybridComponents.dll (+2 others)
[565/778    1s] Csc Library/Bee/artifacts/2400b0aE.dag/Unity.Transforms.dll (+2 others) [CacheHit c7ab458d2ac95002417379d3df39411300000000000000000000000000000004]
[623/778   1790415564s] Csc Library/Bee/artifacts/2400b0aE.dag/Unity.Transforms.dll (+2 others)
[625/778    0s] Csc Library/Bee/artifacts/2400b0aE.dag/GameCore.Validation.GeneratedCards.dll (+2 others)
[626/778    0s] ILPostProcess Library/Bee/artifacts/2400b0aE.dag/post-processed/GameCore.Planning.dll (+pdb)
Processing assembly Library/Bee/artifacts/2400b0aE.dag/GameCore.Planning.dll, with 124 defines and 130 references
processors: Unity.Entities.CodeGen.EntitiesILPostProcessors, Unity.Jobs.CodeGen.JobsILPostProcessor, zzzUnity.Burst.CodeGen.BurstILPostProcessor
running Unity.Entities.CodeGen.EntitiesILPostProcessors
running Unity.Jobs.CodeGen.JobsILPostProcessor
running zzzUnity.Burst.CodeGen.BurstILPostProcessor
[627/778    0s] ILPostProcess Library/Bee/artifacts/2400b0aE.dag/post-processed/GameCore.Rules.Traversal.dll (+pdb)
Processing assembly Library/Bee/artifacts/2400b0aE.dag/GameCore.Rules.Traversal.dll, with 124 defines and 130 references
processors: Unity.Entities.CodeGen.EntitiesILPostProcessors, Unity.Jobs.CodeGen.JobsILPostProcessor, zzzUnity.Burst.CodeGen.BurstILPostProcessor
running Unity.Entities.CodeGen.EntitiesILPostProcessors
running Unity.Jobs.CodeGen.JobsILPostProcessor
running zzzUnity.Burst.CodeGen.BurstILPostProcessor
[628/778    0s] ILPostProcess Library/Bee/artifacts/2400b0aE.dag/post-processed/GameCore.Rules.Cards.dll (+pdb)
Processing assembly Library/Bee/artifacts/2400b0aE.dag/GameCore.Rules.Cards.dll, with 124 defines and 130 references
processors: Unity.Entities.CodeGen.EntitiesILPostProcessors, Unity.Jobs.CodeGen.JobsILPostProcessor, zzzUnity.Burst.CodeGen.BurstILPostProcessor
running Unity.Entities.CodeGen.EntitiesILPostProcessors
running Unity.Jobs.CodeGen.JobsILPostProcessor
running zzzUnity.Burst.CodeGen.BurstILPostProcessor
[629/778    0s] ILPostProcess Library/Bee/artifacts/2400b0aE.dag/post-processed/GameCore.Validation.GeneratedCards.dll (+pdb)
Processing assembly Library/Bee/artifacts/2400b0aE.dag/GameCore.Validation.GeneratedCards.dll, with 124 defines and 231 references
processors: Unity.Entities.CodeGen.EntitiesILPostProcessors, Unity.Jobs.CodeGen.JobsILPostProcessor, zzzUnity.Burst.CodeGen.BurstILPostProcessor
running Unity.Entities.CodeGen.EntitiesILPostProcessors
running Unity.Jobs.CodeGen.JobsILPostProcessor
running zzzUnity.Burst.CodeGen.BurstILPostProcessor
[630/778    0s] ILPostProcess Library/Bee/artifacts/2400b0aE.dag/post-processed/Unity.InternalAPIEngineBridge.002.dll (+pdb)
Processing assembly Library/Bee/artifacts/2400b0aE.dag/Unity.InternalAPIEngineBridge.002.dll, with 124 defines and 227 references
processors: Unity.Entities.CodeGen.EntitiesILPostProcessors, Unity.Jobs.CodeGen.JobsILPostProcessor, zzzUnity.Burst.CodeGen.BurstILPostProcessor
running Unity.Entities.CodeGen.EntitiesILPostProcessors
running Unity.Jobs.CodeGen.JobsILPostProcessor
running zzzUnity.Burst.CodeGen.BurstILPostProcessor
[631/778    0s] ILPostProcess Library/Bee/artifacts/2400b0aE.dag/post-processed/GameCore.Gameplay.Integration.dll (+pdb)
Processing assembly Library/Bee/artifacts/2400b0aE.dag/GameCore.Gameplay.Integration.dll, with 124 defines and 235 references
processors: Unity.Entities.CodeGen.EntitiesILPostProcessors, Unity.Jobs.CodeGen.JobsILPostProcessor, zzzUnity.Burst.CodeGen.BurstILPostProcessor
running Unity.Entities.CodeGen.EntitiesILPostProcessors
running Unity.Jobs.CodeGen.JobsILPostProcessor
running zzzUnity.Burst.CodeGen.BurstILPostProcessor
[632/778    0s] ILPostProcess Library/Bee/artifacts/2400b0aE.dag/post-processed/GameCore.Rules.Narrative.dll (+pdb)
Processing assembly Library/Bee/artifacts/2400b0aE.dag/GameCore.Rules.Narrative.dll, with 124 defines and 130 references
processors: Unity.Entities.CodeGen.EntitiesILPostProcessors, Unity.Jobs.CodeGen.JobsILPostProcessor, zzzUnity.Burst.CodeGen.BurstILPostProcessor
running Unity.Entities.CodeGen.EntitiesILPostProcessors
running Unity.Jobs.CodeGen.JobsILPostProcessor
running zzzUnity.Burst.CodeGen.BurstILPostProcessor
[633/778    0s] MovedFromExtractor Library/Bee/artifacts/mvdfrm/Unity.Entities.Hybrid.HybridComponents.ref.dll_FE457B9B192B214B.mvfrm
[634/778    0s] MovedFromExtractor Library/Bee/artifacts/mvdfrm/Unity.Transforms.ref.dll_BC66C2C3D45A18BB.mvfrm
[635/778    0s] Csc Library/Bee/artifacts/2400b0aE.dag/GameCore.Validation.Fixture.dll (+2 others)
[636/778    0s] MovedFromExtractor-Combine Library/Bee/artifacts/2400b0aE.dag/Unity.Scenes.dll.mvfrm
[582/778    0s] Csc Library/Bee/artifacts/2400b0aE.dag/Unity.Scenes.dll (+2 others) [CacheHit e3dbb6d8b1c648dc0246e72b86e1c3cd00000000000000000000000000000004]
[637/778   1790415564s] Csc Library/Bee/artifacts/2400b0aE.dag/Unity.Scenes.dll (+2 others)
[639/778    0s] MovedFromExtractor Library/Bee/artifacts/mvdfrm/Unity.Scenes.ref.dll_2F79D98C0303EE8B.mvfrm
[640/778    0s] ILPostProcess Library/Bee/artifacts/2400b0aE.dag/post-processed/Unity.Mathematics.Extensions.dll (+pdb)
Processing assembly Library/Bee/artifacts/2400b0aE.dag/Unity.Mathematics.Extensions.dll, with 124 defines and 230 references
processors: Unity.Entities.CodeGen.EntitiesILPostProcessors, Unity.Jobs.CodeGen.JobsILPostProcessor, zzzUnity.Burst.CodeGen.BurstILPostProcessor
running Unity.Entities.CodeGen.EntitiesILPostProcessors
running Unity.Jobs.CodeGen.JobsILPostProcessor
running zzzUnity.Burst.CodeGen.BurstILPostProcessor
[641/778    0s] Csc Library/Bee/artifacts/2400b0aE.dag/GameCore.Validation.Generated.dll (+2 others)
[642/778    0s] MovedFromExtractor-Combine Library/Bee/artifacts/2400b0aE.dag/Unity.Entities.Hybrid.dll.mvfrm
[587/778    0s] Csc Library/Bee/artifacts/2400b0aE.dag/Unity.Entities.Hybrid.dll (+2 others) [CacheHit 0c49559c75fb6e3491332628257ddfdf00000000000000000000000000000004]
[643/778   1790415565s] Csc Library/Bee/artifacts/2400b0aE.dag/Unity.Entities.Hybrid.dll (+2 others)
[645/778    0s] MovedFromExtractor-Combine Library/Bee/artifacts/2400b0aE.dag/Unity.InternalAPIEditorBridge.002.dll.mvfrm
[589/778    0s] Csc Library/Bee/artifacts/2400b0aE.dag/Unity.InternalAPIEditorBridge.002.dll (+2 others) [CacheHit 84c2d1ffea4f900c6ed0fb772663327b00000000000000000000000000000004]
[646/778   1790415565s] Csc Library/Bee/artifacts/2400b0aE.dag/Unity.InternalAPIEditorBridge.002.dll (+2 others)
[648/778    0s] ILPostProcess Library/Bee/artifacts/2400b0aE.dag/post-processed/GameCore.Validation.GeneratedCheckpoint.dll (+pdb)
Processing assembly Library/Bee/artifacts/2400b0aE.dag/GameCore.Validation.GeneratedCheckpoint.dll, with 124 defines and 228 references
processors: Unity.Entities.CodeGen.EntitiesILPostProcessors, Unity.Jobs.CodeGen.JobsILPostProcessor, zzzUnity.Burst.CodeGen.BurstILPostProcessor
running Unity.Entities.CodeGen.EntitiesILPostProcessors
running Unity.Jobs.CodeGen.JobsILPostProcessor
running zzzUnity.Burst.CodeGen.BurstILPostProcessor
[649/778    0s] ILPostProcess Library/Bee/artifacts/2400b0aE.dag/post-processed/Unity.Mathematics.dll (+pdb)
Processing assembly Library/Bee/artifacts/2400b0aE.dag/Unity.Mathematics.dll, with 124 defines and 227 references
processors: Unity.Entities.CodeGen.EntitiesILPostProcessors, Unity.Jobs.CodeGen.JobsILPostProcessor, zzzUnity.Burst.CodeGen.BurstILPostProcessor
running Unity.Entities.CodeGen.EntitiesILPostProcessors
running Unity.Jobs.CodeGen.JobsILPostProcessor
running zzzUnity.Burst.CodeGen.BurstILPostProcessor
[650/778    0s] ILPostProcess Library/Bee/artifacts/2400b0aE.dag/post-processed/GameCore.Gameplay.Cards.dll (+pdb)
Processing assembly Library/Bee/artifacts/2400b0aE.dag/GameCore.Gameplay.Cards.dll, with 124 defines and 235 references
processors: Unity.Entities.CodeGen.EntitiesILPostProcessors, Unity.Jobs.CodeGen.JobsILPostProcessor, zzzUnity.Burst.CodeGen.BurstILPostProcessor
running Unity.Entities.CodeGen.EntitiesILPostProcessors
running Unity.Jobs.CodeGen.JobsILPostProcessor
running zzzUnity.Burst.CodeGen.BurstILPostProcessor
[651/778    0s] ILPostProcess Library/Bee/artifacts/2400b0aE.dag/post-processed/GameCore.Gameplay.Traversal.dll (+pdb)
Processing assembly Library/Bee/artifacts/2400b0aE.dag/GameCore.Gameplay.Traversal.dll, with 124 defines and 236 references
processors: Unity.Entities.CodeGen.EntitiesILPostProcessors, Unity.Jobs.CodeGen.JobsILPostProcessor, zzzUnity.Burst.CodeGen.BurstILPostProcessor
running Unity.Entities.CodeGen.EntitiesILPostProcessors
running Unity.Jobs.CodeGen.JobsILPostProcessor
running zzzUnity.Burst.CodeGen.BurstILPostProcessor
[652/778    0s] MovedFromExtractor Library/Bee/artifacts/mvdfrm/Unity.InternalAPIEditorBridge.002.ref.dll_B99DE85F750286C9.mvfrm
[653/778    0s] MovedFromExtractor Library/Bee/artifacts/mvdfrm/Unity.Entities.Hybrid.ref.dll_7708604A5D60E5FB.mvfrm
[654/778    0s] ILPostProcess Library/Bee/artifacts/2400b0aE.dag/post-processed/GameCore.Gameplay.Narrative.Fixtures.dll (+pdb)
Processing assembly Library/Bee/artifacts/2400b0aE.dag/GameCore.Gameplay.Narrative.Fixtures.dll, with 124 defines and 238 references
processors: Unity.Entities.CodeGen.EntitiesILPostProcessors, Unity.Jobs.CodeGen.JobsILPostProcessor, zzzUnity.Burst.CodeGen.BurstILPostProcessor
running Unity.Entities.CodeGen.EntitiesILPostProcessors
running Unity.Jobs.CodeGen.JobsILPostProcessor
running zzzUnity.Burst.CodeGen.BurstILPostProcessor
[655/778    0s] ILPostProcess Library/Bee/artifacts/2400b0aE.dag/post-processed/Unity.Entities.UI.dll (+pdb)
Processing assembly Library/Bee/artifacts/2400b0aE.dag/Unity.Entities.UI.dll, with 124 defines and 227 references
processors: Unity.Entities.CodeGen.EntitiesILPostProcessors, Unity.Jobs.CodeGen.JobsILPostProcessor, zzzUnity.Burst.CodeGen.BurstILPostProcessor
running Unity.Entities.CodeGen.EntitiesILPostProcessors
running Unity.Jobs.CodeGen.JobsILPostProcessor
running zzzUnity.Burst.CodeGen.BurstILPostProcessor
[656/778    0s] ILPostProcess Library/Bee/artifacts/2400b0aE.dag/post-processed/GameCore.Gameplay.Narrative.dll (+pdb)
Processing assembly Library/Bee/artifacts/2400b0aE.dag/GameCore.Gameplay.Narrative.dll, with 124 defines and 234 references
processors: Unity.Entities.CodeGen.EntitiesILPostProcessors, Unity.Jobs.CodeGen.JobsILPostProcessor, zzzUnity.Burst.CodeGen.BurstILPostProcessor
running Unity.Entities.CodeGen.EntitiesILPostProcessors
running Unity.Jobs.CodeGen.JobsILPostProcessor
running zzzUnity.Burst.CodeGen.BurstILPostProcessor
[657/778    0s] MovedFromExtractor-Combine Library/Bee/artifacts/2400b0aE.dag/Unity.Scenes.Editor.dll.mvfrm
[658/778    0s] MovedFromExtractor-Combine Library/Bee/artifacts/2400b0aE.dag/Unity.Transforms.Hybrid.dll.mvfrm
[601/778    0s] Csc Library/Bee/artifacts/2400b0aE.dag/Unity.Scenes.Editor.dll (+2 others) [CacheHit 1536dc9dca37d4f5fa7f79df33dabb2300000000000000000000000000000004]
[659/778   1790415565s] Csc Library/Bee/artifacts/2400b0aE.dag/Unity.Scenes.Editor.dll (+2 others)
[602/778    0s] Csc Library/Bee/artifacts/2400b0aE.dag/Unity.Transforms.Hybrid.dll (+2 others) [CacheHit 96863444b7d847e0b47a464d9f326a3700000000000000000000000000000004]
[661/778   1790415565s] Csc Library/Bee/artifacts/2400b0aE.dag/Unity.Transforms.Hybrid.dll (+2 others)
[663/778    0s] MovedFromExtractor Library/Bee/artifacts/mvdfrm/Unity.Scenes.Editor.ref.dll_5A73EDF98464EAD6.mvfrm
[664/778    0s] ILPostProcess Library/Bee/artifacts/2400b0aE.dag/post-processed/GameCore.Unity.Fixtures.dll (+pdb)
Processing assembly Library/Bee/artifacts/2400b0aE.dag/GameCore.Unity.Fixtures.dll, with 124 defines and 236 references
processors: Unity.Entities.CodeGen.EntitiesILPostProcessors, Unity.Jobs.CodeGen.JobsILPostProcessor, zzzUnity.Burst.CodeGen.BurstILPostProcessor
running Unity.Entities.CodeGen.EntitiesILPostProcessors
running Unity.Jobs.CodeGen.JobsILPostProcessor
running zzzUnity.Burst.CodeGen.BurstILPostProcessor
[665/778    0s] ILPostProcess Library/Bee/artifacts/2400b0aE.dag/post-processed/Unity.Entities.Hybrid.HybridComponents.dll (+pdb)
Processing assembly Library/Bee/artifacts/2400b0aE.dag/Unity.Entities.Hybrid.HybridComponents.dll, with 124 defines and 229 references
processors: Unity.Entities.CodeGen.EntitiesILPostProcessors, Unity.Jobs.CodeGen.JobsILPostProcessor, zzzUnity.Burst.CodeGen.BurstILPostProcessor
running Unity.Entities.CodeGen.EntitiesILPostProcessors
running Unity.Jobs.CodeGen.JobsILPostProcessor
running zzzUnity.Burst.CodeGen.BurstILPostProcessor
[666/778    0s] MovedFromExtractor-Combine Library/Bee/artifacts/2400b0aE.dag/Unity.Entities.Editor.dll.mvfrm
[607/778    0s] Csc Library/Bee/artifacts/2400b0aE.dag/Unity.Entities.Editor.dll (+2 others) [CacheHit 7baac962be2415c592ee5e52de0aefc900000000000000000000000000000004]
[667/778   1790415565s] Csc Library/Bee/artifacts/2400b0aE.dag/Unity.Entities.Editor.dll (+2 others)
[669/778    1s] ILPostProcess Library/Bee/artifacts/2400b0aE.dag/post-processed/GameCore.Contracts.dll (+pdb)
Processing assembly Library/Bee/artifacts/2400b0aE.dag/GameCore.Contracts.dll, with 124 defines and 129 references
processors: Unity.Entities.CodeGen.EntitiesILPostProcessors, Unity.Jobs.CodeGen.JobsILPostProcessor, zzzUnity.Burst.CodeGen.BurstILPostProcessor
running Unity.Entities.CodeGen.EntitiesILPostProcessors
running Unity.Jobs.CodeGen.JobsILPostProcessor
running zzzUnity.Burst.CodeGen.BurstILPostProcessor
[670/778    0s] ILPostProcess Library/Bee/artifacts/2400b0aE.dag/post-processed/GameCore.Validation.Probe.dll (+pdb)
Processing assembly Library/Bee/artifacts/2400b0aE.dag/GameCore.Validation.Probe.dll, with 124 defines and 231 references
processors: Unity.Entities.CodeGen.EntitiesILPostProcessors, Unity.Jobs.CodeGen.JobsILPostProcessor, zzzUnity.Burst.CodeGen.BurstILPostProcessor
running Unity.Entities.CodeGen.EntitiesILPostProcessors
running Unity.Jobs.CodeGen.JobsILPostProcessor
running zzzUnity.Burst.CodeGen.BurstILPostProcessor
[671/778    0s] ILPostProcess Library/Bee/artifacts/2400b0aE.dag/post-processed/GameCore.Validation.Fixture.dll (+pdb)
Processing assembly Library/Bee/artifacts/2400b0aE.dag/GameCore.Validation.Fixture.dll, with 124 defines and 229 references
processors: Unity.Entities.CodeGen.EntitiesILPostProcessors, Unity.Jobs.CodeGen.JobsILPostProcessor, zzzUnity.Burst.CodeGen.BurstILPostProcessor
running Unity.Entities.CodeGen.EntitiesILPostProcessors
running Unity.Jobs.CodeGen.JobsILPostProcessor
running zzzUnity.Burst.CodeGen.BurstILPostProcessor
[672/778    0s] ILPostProcess Library/Bee/artifacts/2400b0aE.dag/post-processed/GameCore.Validation.Generated.dll (+pdb)
Processing assembly Library/Bee/artifacts/2400b0aE.dag/GameCore.Validation.Generated.dll, with 124 defines and 232 references
processors: Unity.Entities.CodeGen.EntitiesILPostProcessors, Unity.Jobs.CodeGen.JobsILPostProcessor, zzzUnity.Burst.CodeGen.BurstILPostProcessor
running Unity.Entities.CodeGen.EntitiesILPostProcessors
running Unity.Jobs.CodeGen.JobsILPostProcessor
running zzzUnity.Burst.CodeGen.BurstILPostProcessor
[673/778    1s] ILPostProcess Library/Bee/artifacts/2400b0aE.dag/post-processed/GameCore.Derivation.dll (+pdb)
Processing assembly Library/Bee/artifacts/2400b0aE.dag/GameCore.Derivation.dll, with 124 defines and 130 references
processors: Unity.Entities.CodeGen.EntitiesILPostProcessors, Unity.Jobs.CodeGen.JobsILPostProcessor, zzzUnity.Burst.CodeGen.BurstILPostProcessor
running Unity.Entities.CodeGen.EntitiesILPostProcessors
running Unity.Jobs.CodeGen.JobsILPostProcessor
running zzzUnity.Burst.CodeGen.BurstILPostProcessor
[674/778    0s] ILPostProcess Library/Bee/artifacts/2400b0aE.dag/post-processed/Unity.Transforms.dll (+pdb)
Processing assembly Library/Bee/artifacts/2400b0aE.dag/Unity.Transforms.dll, with 124 defines and 231 references
processors: Unity.Entities.CodeGen.EntitiesILPostProcessors, Unity.Jobs.CodeGen.JobsILPostProcessor, zzzUnity.Burst.CodeGen.BurstILPostProcessor
running Unity.Entities.CodeGen.EntitiesILPostProcessors
running Unity.Jobs.CodeGen.JobsILPostProcessor
running zzzUnity.Burst.CodeGen.BurstILPostProcessor
[675/778    1s] ILPostProcess Library/Bee/artifacts/2400b0aE.dag/post-processed/Unity.Burst.dll (+pdb)
Processing assembly Library/Bee/artifacts/2400b0aE.dag/Unity.Burst.dll, with 124 defines and 222 references
processors: Unity.Entities.CodeGen.EntitiesILPostProcessors, Unity.Jobs.CodeGen.JobsILPostProcessor, zzzUnity.Burst.CodeGen.BurstILPostProcessor
running Unity.Entities.CodeGen.EntitiesILPostProcessors
running Unity.Jobs.CodeGen.JobsILPostProcessor
running zzzUnity.Burst.CodeGen.BurstILPostProcessor
[676/778    1s] ILPostProcess Library/Bee/artifacts/2400b0aE.dag/post-processed/Unity.Profiling.Core.dll (+pdb)
Processing assembly Library/Bee/artifacts/2400b0aE.dag/Unity.Profiling.Core.dll, with 124 defines and 227 references
processors: Unity.Entities.CodeGen.EntitiesILPostProcessors, Unity.Jobs.CodeGen.JobsILPostProcessor, zzzUnity.Burst.CodeGen.BurstILPostProcessor
running Unity.Entities.CodeGen.EntitiesILPostProcessors
running Unity.Jobs.CodeGen.JobsILPostProcessor
running zzzUnity.Burst.CodeGen.BurstILPostProcessor
[677/778    0s] Csc Library/Bee/artifacts/2400b0aE.dag/GameCore.Validation.ProbeHost.dll (+2 others)
Assets/GameCore.Validation/Runtime/Gc020Family.cs(293,53): warning CS8604: Possible null reference argument for parameter 'audio' in 'Gc020StageRuntime.Gc020StageRuntime(string kind, TraversalModule module, TraversalTraceRecorder trace, UnityPhysicsSceneBackend? physics, PhysicsAuthorityGate? physicsGate, CommittedAudioStage audio, RecordingAudioSink audioSink, CommittedAnimationStage animation, RecordingAnimationSink animationSink, RecordingPoseSource poseSource, int descriptorStageCount)'.
Assets/GameCore.Validation/Runtime/Gc018Scenario.cs(1560,20): warning CS8618: Non-nullable field 'sourceRequest' must contain a non-null value when exiting constructor. Consider declaring the field as nullable.
Assets/GameCore.Validation/Runtime/ProbeWorldDispatch.cs(201,30): warning CS8604: Possible null reference argument for parameter 'host' in 'void ProbeWorldDispatch.ReleaseWorld(UnityWorldHost host, ulong operationSequence)'.
Assets/GameCore.Validation/Runtime/ProbeWorldDispatch.cs(202,30): warning CS8604: Possible null reference argument for parameter 'host' in 'void ProbeWorldDispatch.ReleaseWorld(UnityWorldHost host, ulong operationSequence)'.
Assets/GameCore.Validation/Runtime/ProbeWorldDispatch.cs(252,30): warning CS8604: Possible null reference argument for parameter 'host' in 'void ProbeWorldDispatch.ReleaseWorld(UnityWorldHost host, ulong operationSequence)'.
Assets/GameCore.Validation/Runtime/ProbeWorldDispatch.cs(310,30): warning CS8604: Possible null reference argument for parameter 'host' in 'void ProbeWorldDispatch.ReleaseWorld(UnityWorldHost host, ulong operationSequence)'.
Assets/GameCore.Validation/Runtime/ProbeWorldDispatch.cs(355,30): warning CS8604: Possible null reference argument for parameter 'host' in 'void ProbeWorldDispatch.ReleaseWorld(UnityWorldHost host, ulong operationSequence)'.
Assets/GameCore.Validation/Runtime/ProbeWorldDispatch.cs(451,30): warning CS8604: Possible null reference argument for parameter 'host' in 'void ProbeWorldDispatch.ReleaseWorld(UnityWorldHost host, ulong operationSequence)'.
[678/778    0s] ILPostProcess Library/Bee/artifacts/2400b0aE.dag/post-processed/Unity.Sysroot.Linux_x86_64.dll (+pdb)
Processing assembly Library/Bee/artifacts/2400b0aE.dag/Unity.Sysroot.Linux_x86_64.dll, with 122 defines and 261 references
processors: Unity.Entities.CodeGen.EntitiesILPostProcessors, Unity.Jobs.CodeGen.JobsILPostProcessor, zzzUnity.Burst.CodeGen.BurstILPostProcessor
running Unity.Entities.CodeGen.EntitiesILPostProcessors
running Unity.Jobs.CodeGen.JobsILPostProcessor
running zzzUnity.Burst.CodeGen.BurstILPostProcessor
[679/778    0s] ILPostProcess Library/Bee/artifacts/2400b0aE.dag/post-processed/Unity.Deformations.dll (+pdb)
Processing assembly Library/Bee/artifacts/2400b0aE.dag/Unity.Deformations.dll, with 124 defines and 230 references
processors: Unity.Entities.CodeGen.EntitiesILPostProcessors, Unity.Jobs.CodeGen.JobsILPostProcessor, zzzUnity.Burst.CodeGen.BurstILPostProcessor
running Unity.Entities.CodeGen.EntitiesILPostProcessors
running Unity.Jobs.CodeGen.JobsILPostProcessor
running zzzUnity.Burst.CodeGen.BurstILPostProcessor
[680/778    0s] ILPostProcess Library/Bee/artifacts/2400b0aE.dag/post-processed/Unity.Serialization.Editor.dll (+pdb)
Processing assembly Library/Bee/artifacts/2400b0aE.dag/Unity.Serialization.Editor.dll, with 122 defines and 261 references
processors: Unity.Entities.CodeGen.EntitiesILPostProcessors, Unity.Jobs.CodeGen.JobsILPostProcessor, zzzUnity.Burst.CodeGen.BurstILPostProcessor
running Unity.Entities.CodeGen.EntitiesILPostProcessors
running Unity.Jobs.CodeGen.JobsILPostProcessor
running zzzUnity.Burst.CodeGen.BurstILPostProcessor
[681/778    0s] ILPostProcess Library/Bee/artifacts/2400b0aE.dag/post-processed/Unity.Collections.Editor.dll (+pdb)
Processing assembly Library/Bee/artifacts/2400b0aE.dag/Unity.Collections.Editor.dll, with 123 defines and 261 references
processors: Unity.Entities.CodeGen.EntitiesILPostProcessors, Unity.Jobs.CodeGen.JobsILPostProcessor, zzzUnity.Burst.CodeGen.BurstILPostProcessor
running Unity.Entities.CodeGen.EntitiesILPostProcessors
running Unity.Jobs.CodeGen.JobsILPostProcessor
running zzzUnity.Burst.CodeGen.BurstILPostProcessor
[682/778    0s] ILPostProcess Library/Bee/artifacts/2400b0aE.dag/post-processed/GameCore.Unity.Runtime.dll (+pdb)
Processing assembly Library/Bee/artifacts/2400b0aE.dag/GameCore.Unity.Runtime.dll, with 124 defines and 234 references
processors: Unity.Entities.CodeGen.EntitiesILPostProcessors, Unity.Jobs.CodeGen.JobsILPostProcessor, zzzUnity.Burst.CodeGen.BurstILPostProcessor
running Unity.Entities.CodeGen.EntitiesILPostProcessors
running Unity.Jobs.CodeGen.JobsILPostProcessor
running zzzUnity.Burst.CodeGen.BurstILPostProcessor
[683/778    0s] ILPostProcess Library/Bee/artifacts/2400b0aE.dag/post-processed/Unity.Transforms.Hybrid.dll (+pdb)
Processing assembly Library/Bee/artifacts/2400b0aE.dag/Unity.Transforms.Hybrid.dll, with 124 defines and 233 references
processors: Unity.Entities.CodeGen.EntitiesILPostProcessors, Unity.Jobs.CodeGen.JobsILPostProcessor, zzzUnity.Burst.CodeGen.BurstILPostProcessor
running Unity.Entities.CodeGen.EntitiesILPostProcessors
running Unity.Jobs.CodeGen.JobsILPostProcessor
running zzzUnity.Burst.CodeGen.BurstILPostProcessor
[684/778    0s] ILPostProcess Library/Bee/artifacts/2400b0aE.dag/post-processed/GameCore.Content.Compiler.Editor.dll (+pdb)
Processing assembly Library/Bee/artifacts/2400b0aE.dag/GameCore.Content.Compiler.Editor.dll, with 122 defines and 262 references
processors: Unity.Entities.CodeGen.EntitiesILPostProcessors, Unity.Jobs.CodeGen.JobsILPostProcessor, zzzUnity.Burst.CodeGen.BurstILPostProcessor
running Unity.Entities.CodeGen.EntitiesILPostProcessors
running Unity.Jobs.CodeGen.JobsILPostProcessor
running zzzUnity.Burst.CodeGen.BurstILPostProcessor
[685/778    0s] ILPostProcess Library/Bee/artifacts/2400b0aE.dag/post-processed/Unity.Burst.Editor.dll (+pdb)
Processing assembly Library/Bee/artifacts/2400b0aE.dag/Unity.Burst.Editor.dll, with 122 defines and 261 references
processors: Unity.Entities.CodeGen.EntitiesILPostProcessors, Unity.Jobs.CodeGen.JobsILPostProcessor, zzzUnity.Burst.CodeGen.BurstILPostProcessor
running Unity.Entities.CodeGen.EntitiesILPostProcessors
running Unity.Jobs.CodeGen.JobsILPostProcessor
running zzzUnity.Burst.CodeGen.BurstILPostProcessor
[686/778    0s] ILPostProcess Library/Bee/artifacts/2400b0aE.dag/post-processed/Unity.Toolchain.Linux-x86_64.dll (+pdb)
Processing assembly Library/Bee/artifacts/2400b0aE.dag/Unity.Toolchain.Linux-x86_64.dll, with 122 defines and 262 references
processors: Unity.Entities.CodeGen.EntitiesILPostProcessors, Unity.Jobs.CodeGen.JobsILPostProcessor, zzzUnity.Burst.CodeGen.BurstILPostProcessor
running Unity.Entities.CodeGen.EntitiesILPostProcessors
running Unity.Jobs.CodeGen.JobsILPostProcessor
running zzzUnity.Burst.CodeGen.BurstILPostProcessor
[687/778    0s] ILPostProcess Library/Bee/artifacts/2400b0aE.dag/post-processed/Unity.Mathematics.Editor.dll (+pdb)
Processing assembly Library/Bee/artifacts/2400b0aE.dag/Unity.Mathematics.Editor.dll, with 122 defines and 261 references
processors: Unity.Entities.CodeGen.EntitiesILPostProcessors, Unity.Jobs.CodeGen.JobsILPostProcessor, zzzUnity.Burst.CodeGen.BurstILPostProcessor
running Unity.Entities.CodeGen.EntitiesILPostProcessors
running Unity.Jobs.CodeGen.JobsILPostProcessor
running zzzUnity.Burst.CodeGen.BurstILPostProcessor
[688/778    0s] ILPostProcess Library/Bee/artifacts/2400b0aE.dag/post-processed/Unity.Core.Editor.dll (+pdb)
Processing assembly Library/Bee/artifacts/2400b0aE.dag/Unity.Core.Editor.dll, with 122 defines and 254 references
processors: Unity.Entities.CodeGen.EntitiesILPostProcessors, Unity.Jobs.CodeGen.JobsILPostProcessor, zzzUnity.Burst.CodeGen.BurstILPostProcessor
running Unity.Entities.CodeGen.EntitiesILPostProcessors
running Unity.Jobs.CodeGen.JobsILPostProcessor
running zzzUnity.Burst.CodeGen.BurstILPostProcessor
[689/778    0s] Csc Library/Bee/artifacts/2400b0aE.dag/GameCore.Validation.Editor.dll (+2 others)
[690/778    0s] ILPostProcess Library/Bee/artifacts/2400b0aE.dag/post-processed/Unity.PerformanceTesting.Editor.dll (+pdb)
Processing assembly Library/Bee/artifacts/2400b0aE.dag/Unity.PerformanceTesting.Editor.dll, with 123 defines and 255 references
processors: Unity.Entities.CodeGen.EntitiesILPostProcessors, Unity.Jobs.CodeGen.JobsILPostProcessor, zzzUnity.Burst.CodeGen.BurstILPostProcessor
running Unity.Entities.CodeGen.EntitiesILPostProcessors
running Unity.Jobs.CodeGen.JobsILPostProcessor
running zzzUnity.Burst.CodeGen.BurstILPostProcessor
[691/778    0s] ILPostProcess Library/Bee/artifacts/2400b0aE.dag/post-processed/Unity.Entities.UI.Editor.dll (+pdb)
Processing assembly Library/Bee/artifacts/2400b0aE.dag/Unity.Entities.UI.Editor.dll, with 122 defines and 263 references
processors: Unity.Entities.CodeGen.EntitiesILPostProcessors, Unity.Jobs.CodeGen.JobsILPostProcessor, zzzUnity.Burst.CodeGen.BurstILPostProcessor
running Unity.Entities.CodeGen.EntitiesILPostProcessors
running Unity.Jobs.CodeGen.JobsILPostProcessor
running zzzUnity.Burst.CodeGen.BurstILPostProcessor
[692/778    0s] ILPostProcess Library/Bee/artifacts/2400b0aE.dag/post-processed/Unity.SysrootPackage.Editor.dll (+pdb)
Processing assembly Library/Bee/artifacts/2400b0aE.dag/Unity.SysrootPackage.Editor.dll, with 122 defines and 260 references
processors: Unity.Entities.CodeGen.EntitiesILPostProcessors, Unity.Jobs.CodeGen.JobsILPostProcessor, zzzUnity.Burst.CodeGen.BurstILPostProcessor
running Unity.Entities.CodeGen.EntitiesILPostProcessors
running Unity.Jobs.CodeGen.JobsILPostProcessor
running zzzUnity.Burst.CodeGen.BurstILPostProcessor
[693/778    0s] ILPostProcess Library/Bee/artifacts/2400b0aE.dag/post-processed/Unity.InternalAPIEditorBridge.002.dll (+pdb)
Processing assembly Library/Bee/artifacts/2400b0aE.dag/Unity.InternalAPIEditorBridge.002.dll, with 122 defines and 261 references
processors: Unity.Entities.CodeGen.EntitiesILPostProcessors, Unity.Jobs.CodeGen.JobsILPostProcessor, zzzUnity.Burst.CodeGen.BurstILPostProcessor
running Unity.Entities.CodeGen.EntitiesILPostProcessors
running Unity.Jobs.CodeGen.JobsILPostProcessor
running zzzUnity.Burst.CodeGen.BurstILPostProcessor
[694/778    0s] ILPostProcess Library/Bee/artifacts/2400b0aE.dag/post-processed/Unity.Entities.Editor.Properties.dll (+pdb)
Processing assembly Library/Bee/artifacts/2400b0aE.dag/Unity.Entities.Editor.Properties.dll, with 122 defines and 262 references
processors: Unity.Entities.CodeGen.EntitiesILPostProcessors, Unity.Jobs.CodeGen.JobsILPostProcessor, zzzUnity.Burst.CodeGen.BurstILPostProcessor
running Unity.Entities.CodeGen.EntitiesILPostProcessors
running Unity.Jobs.CodeGen.JobsILPostProcessor
running zzzUnity.Burst.CodeGen.BurstILPostProcessor
[695/778    0s] ILPostProcess Library/Bee/artifacts/2400b0aE.dag/post-processed/Unity.ScriptableBuildPipeline.Editor.dll (+pdb)
Processing assembly Library/Bee/artifacts/2400b0aE.dag/Unity.ScriptableBuildPipeline.Editor.dll, with 125 defines and 261 references
processors: Unity.Entities.CodeGen.EntitiesILPostProcessors, Unity.Jobs.CodeGen.JobsILPostProcessor, zzzUnity.Burst.CodeGen.BurstILPostProcessor
running Unity.Entities.CodeGen.EntitiesILPostProcessors
running Unity.Jobs.CodeGen.JobsILPostProcessor
running zzzUnity.Burst.CodeGen.BurstILPostProcessor
[696/778    0s] CopyFiles Library/ScriptAssemblies/Unity.Entities.UI.dll
[697/778    0s] CopyFiles Library/ScriptAssemblies/GameCore.Contracts.dll
[698/778    0s] CopyFiles Library/ScriptAssemblies/Unity.Mathematics.Extensions.Hybrid.dll
[699/778    0s] CopyFiles Library/ScriptAssemblies/Unity.PerformanceTesting.dll
[700/778    0s] CopyFiles Library/ScriptAssemblies/Unity.Mathematics.dll
[701/778    0s] CopyFiles Library/ScriptAssemblies/GameCore.Gameplay.Narrative.dll
[702/778    0s] CopyFiles Library/ScriptAssemblies/GameCore.Unity.Runtime.dll
[703/778    0s] CopyFiles Library/ScriptAssemblies/GameCore.Rules.Narrative.dll
[704/778    0s] CopyFiles Library/ScriptAssemblies/GameCore.Gameplay.Traversal.Fixtures.dll
[705/778    0s] CopyFiles Library/ScriptAssemblies/Unity.Burst.dll
[706/778    0s] CopyFiles Library/ScriptAssemblies/GameCore.Composition.dll
[707/778    0s] CopyFiles Library/ScriptAssemblies/GameCore.Planning.dll
[708/778    0s] CopyFiles Library/ScriptAssemblies/GameCore.Unity.Fixtures.dll
[709/778    0s] CopyFiles Library/ScriptAssemblies/Unity.Entities.Hybrid.HybridComponents.dll
[710/778    0s] CopyFiles Library/ScriptAssemblies/GameCore.Derivation.Fixtures.dll
[711/778    0s] ILPostProcess Library/Bee/artifacts/2400b0aE.dag/post-processed/GameCore.Validation.Editor.dll (+pdb)
Processing assembly Library/Bee/artifacts/2400b0aE.dag/GameCore.Validation.Editor.dll, with 122 defines and 271 references
processors: Unity.Entities.CodeGen.EntitiesILPostProcessors, Unity.Jobs.CodeGen.JobsILPostProcessor, zzzUnity.Burst.CodeGen.BurstILPostProcessor
running Unity.Entities.CodeGen.EntitiesILPostProcessors
running Unity.Jobs.CodeGen.JobsILPostProcessor
running zzzUnity.Burst.CodeGen.BurstILPostProcessor
[712/778    0s] CopyFiles Library/ScriptAssemblies/GameCore.Validation.GeneratedTraversal.dll
[713/778    0s] CopyFiles Library/ScriptAssemblies/Unity.InternalAPIEngineBridge.002.dll
[714/778    0s] CopyFiles Library/ScriptAssemblies/GameCore.Validation.FamilyEntries.dll
[715/778    0s] CopyFiles Library/ScriptAssemblies/GameCore.Validation.Generated.dll
[716/778    0s] CopyFiles Library/ScriptAssemblies/Unity.Profiling.Core.dll
[717/778    0s] CopyFiles Library/ScriptAssemblies/GameCore.Validation.Fixture.dll
[718/778    0s] CopyFiles Library/ScriptAssemblies/GameCore.Rules.Traversal.dll
[719/778    0s] CopyFiles Library/ScriptAssemblies/GameCore.Validation.Probe.dll
[720/778    0s] CopyFiles Library/ScriptAssemblies/GameCore.Validation.GeneratedCards.dll
[721/778    0s] CopyFiles Library/ScriptAssemblies/GameCore.Gameplay.Traversal.dll
[722/778    0s] CopyFiles Library/ScriptAssemblies/GameCore.Rules.Cards.dll
[723/778    0s] CopyFiles Library/ScriptAssemblies/GameCore.Derivation.dll
[724/778    0s] CopyFiles Library/ScriptAssemblies/Unity.ScriptableBuildPipeline.dll
[725/778    0s] CopyFiles Library/ScriptAssemblies/Unity.Mathematics.Extensions.dll
[726/778    0s] CopyFiles Library/ScriptAssemblies/GameCore.Gameplay.Narrative.Fixtures.dll
[727/778    0s] CopyFiles Library/ScriptAssemblies/GameCore.Gameplay.Integration.dll
[728/778    0s] CopyFiles Library/ScriptAssemblies/Unity.Transforms.Hybrid.dll
[729/778    0s] CopyFiles Library/ScriptAssemblies/Unity.Transforms.dll
[730/778    0s] CopyFiles Library/ScriptAssemblies/Unity.Deformations.dll
[731/778    0s] CopyFiles Library/ScriptAssemblies/GameCore.Validation.GeneratedCheckpoint.dll
[732/778    0s] CopyFiles Library/ScriptAssemblies/GameCore.Validation.GeneratedCheckpoint.pdb
[733/778    0s] CopyFiles Library/ScriptAssemblies/Unity.Collections.Editor.dll
[734/778    0s] CopyFiles Library/ScriptAssemblies/GameCore.Gameplay.Cards.dll
[735/778    0s] CopyFiles Library/ScriptAssemblies/GameCore.Validation.GeneratedCards.pdb
[736/778    0s] CopyFiles Library/ScriptAssemblies/Unity.Core.Editor.dll
[737/778    0s] CopyFiles Library/ScriptAssemblies/GameCore.Validation.Fixture.pdb
[738/778    0s] CopyFiles Library/ScriptAssemblies/Unity.Entities.UI.pdb
[739/778    0s] CopyFiles Library/ScriptAssemblies/Unity.SysrootPackage.Editor.dll
[740/778    0s] CopyFiles Library/ScriptAssemblies/GameCore.Validation.Generated.pdb
[741/778    0s] CopyFiles Library/ScriptAssemblies/GameCore.Gameplay.Traversal.Fixtures.pdb
[742/778    0s] CopyFiles Library/ScriptAssemblies/GameCore.Derivation.pdb
[743/778    0s] CopyFiles Library/ScriptAssemblies/Unity.Entities.UI.Editor.dll
[744/778    0s] CopyFiles Library/ScriptAssemblies/GameCore.Derivation.Fixtures.pdb
[745/778    0s] CopyFiles Library/ScriptAssemblies/Unity.ScriptableBuildPipeline.Editor.pdb
[746/778    1s] ILPostProcess Library/Bee/artifacts/2400b0aE.dag/post-processed/GameCore.Unity.Adapters.dll (+pdb)
Processing assembly Library/Bee/artifacts/2400b0aE.dag/GameCore.Unity.Adapters.dll, with 124 defines and 232 references
processors: Unity.Entities.CodeGen.EntitiesILPostProcessors, Unity.Jobs.CodeGen.JobsILPostProcessor, zzzUnity.Burst.CodeGen.BurstILPostProcessor
running Unity.Entities.CodeGen.EntitiesILPostProcessors
running Unity.Jobs.CodeGen.JobsILPostProcessor
running zzzUnity.Burst.CodeGen.BurstILPostProcessor
[747/778    1s] ILPostProcess Library/Bee/artifacts/2400b0aE.dag/post-processed/GameCore.Gameplay.Cards.Fixtures.dll (+pdb)
Processing assembly Library/Bee/artifacts/2400b0aE.dag/GameCore.Gameplay.Cards.Fixtures.dll, with 124 defines and 236 references
processors: Unity.Entities.CodeGen.EntitiesILPostProcessors, Unity.Jobs.CodeGen.JobsILPostProcessor, zzzUnity.Burst.CodeGen.BurstILPostProcessor
running Unity.Entities.CodeGen.EntitiesILPostProcessors
running Unity.Jobs.CodeGen.JobsILPostProcessor
running zzzUnity.Burst.CodeGen.BurstILPostProcessor
[748/778    0s] CopyFiles Library/ScriptAssemblies/Unity.Mathematics.Editor.dll
[749/778    0s] CopyFiles Library/ScriptAssemblies/Unity.ScriptableBuildPipeline.Editor.dll
[750/778    0s] CopyFiles Library/ScriptAssemblies/Unity.SysrootPackage.Editor.pdb
[751/778    0s] CopyFiles Library/ScriptAssemblies/Unity.Transforms.pdb
[752/778    0s] CopyFiles Library/ScriptAssemblies/Unity.Mathematics.Extensions.pdb
[753/778    0s] CopyFiles Library/ScriptAssemblies/GameCore.Gameplay.Cards.pdb
[754/778    0s] CopyFiles Library/ScriptAssemblies/GameCore.Unity.Adapters.dll
[755/778    0s] CopyFiles Library/ScriptAssemblies/GameCore.Gameplay.Cards.Fixtures.dll
[756/778    0s] CopyFiles Library/ScriptAssemblies/Unity.Collections.Editor.pdb
[757/778    0s] CopyFiles Library/ScriptAssemblies/GameCore.Unity.Adapters.pdb
[758/778    0s] CopyFiles Library/ScriptAssemblies/GameCore.Planning.pdb
[759/778    0s] CopyFiles Library/ScriptAssemblies/GameCore.Validation.Probe.pdb
[760/778    0s] CopyFiles Library/ScriptAssemblies/GameCore.Composition.pdb
[761/778    0s] CopyFiles Library/ScriptAssemblies/Unity.Profiling.Core.pdb
[762/778    0s] CopyFiles Library/ScriptAssemblies/GameCore.Rules.Traversal.pdb
[763/778    0s] CopyFiles Library/ScriptAssemblies/Unity.Core.Editor.pdb
[764/778    0s] CopyFiles Library/ScriptAssemblies/GameCore.Gameplay.Traversal.pdb
[765/778    0s] CopyFiles Library/ScriptAssemblies/Unity.Deformations.pdb
[766/778    0s] CopyFiles Library/ScriptAssemblies/Unity.Entities.Editor.Properties.dll
[767/778    0s] CopyFiles Library/ScriptAssemblies/GameCore.Unity.Fixtures.pdb
[768/778    0s] CopyFiles Library/ScriptAssemblies/Unity.Entities.Editor.Properties.pdb
[769/778    0s] CopyFiles Library/ScriptAssemblies/GameCore.Gameplay.Integration.pdb
[770/778    0s] CopyFiles Library/ScriptAssemblies/GameCore.Contracts.pdb
[771/778    0s] CopyFiles Library/ScriptAssemblies/Unity.Mathematics.Extensions.Hybrid.pdb
[772/778    0s] CopyFiles Library/ScriptAssemblies/Unity.Toolchain.Linux-x86_64.pdb
[773/778    0s] CopyFiles Library/ScriptAssemblies/GameCore.Validation.Editor.pdb
[774/778    0s] CopyFiles Library/ScriptAssemblies/Unity.Toolchain.Linux-x86_64.dll
[775/778    0s] CopyFiles Library/ScriptAssemblies/Unity.Transforms.Hybrid.pdb
[776/778    0s] CopyFiles Library/ScriptAssemblies/GameCore.Validation.Editor.dll
[777/778    0s] CopyFiles Library/ScriptAssemblies/GameCore.Unity.Runtime.pdb
[778/778    0s] CopyFiles Library/ScriptAssemblies/Unity.Burst.pdb
[779/778    0s] CopyFiles Library/ScriptAssemblies/Unity.Mathematics.pdb
[780/778    0s] CopyFiles Library/ScriptAssemblies/Unity.PerformanceTesting.Editor.dll
[781/778    0s] CopyFiles Library/ScriptAssemblies/Unity.Sysroot.Linux_x86_64.dll
[782/778    0s] CopyFiles Library/ScriptAssemblies/GameCore.Gameplay.Cards.Fixtures.pdb
[783/778    0s] CopyFiles Library/ScriptAssemblies/GameCore.Gameplay.Narrative.Fixtures.pdb
[784/778    0s] CopyFiles Library/ScriptAssemblies/Unity.Sysroot.Linux_x86_64.pdb
[785/778    0s] CopyFiles Library/ScriptAssemblies/GameCore.Gameplay.Narrative.pdb
[786/778    0s] CopyFiles Library/ScriptAssemblies/GameCore.Content.Compiler.Editor.dll
[787/778    0s] CopyFiles Library/ScriptAssemblies/Unity.Entities.Hybrid.HybridComponents.pdb
[788/778    0s] CopyFiles Library/ScriptAssemblies/Unity.Serialization.Editor.pdb
[789/778    0s] CopyFiles Library/ScriptAssemblies/GameCore.Validation.FamilyEntries.pdb
[790/778    0s] CopyFiles Library/ScriptAssemblies/Unity.ScriptableBuildPipeline.pdb
[791/778    0s] CopyFiles Library/ScriptAssemblies/GameCore.Content.Compiler.Editor.pdb
[792/778    0s] CopyFiles Library/ScriptAssemblies/Unity.PerformanceTesting.pdb
[793/778    0s] CopyFiles Library/ScriptAssemblies/Unity.InternalAPIEditorBridge.002.dll
[794/778    0s] CopyFiles Library/ScriptAssemblies/Unity.InternalAPIEngineBridge.002.pdb
[795/778    0s] CopyFiles Library/ScriptAssemblies/Unity.Burst.Editor.dll
[796/778    0s] CopyFiles Library/ScriptAssemblies/GameCore.Rules.Cards.pdb
[797/778    0s] CopyFiles Library/ScriptAssemblies/Unity.Entities.UI.Editor.pdb
[798/778    0s] CopyFiles Library/ScriptAssemblies/Unity.Mathematics.Editor.pdb
[799/778    0s] CopyFiles Library/ScriptAssemblies/Unity.InternalAPIEditorBridge.002.pdb
[800/778    0s] CopyFiles Library/ScriptAssemblies/Unity.Serialization.Editor.dll
[801/778    0s] CopyFiles Library/ScriptAssemblies/GameCore.Rules.Narrative.pdb
[802/778    0s] CopyFiles Library/ScriptAssemblies/Unity.PerformanceTesting.Editor.pdb
[803/778    0s] CopyFiles Library/ScriptAssemblies/Unity.Burst.Editor.pdb
[804/778    0s] CopyFiles Library/ScriptAssemblies/GameCore.Validation.GeneratedTraversal.pdb
[805/778    1s] ILPostProcess Library/Bee/artifacts/2400b0aE.dag/post-processed/Unity.Collections.dll (+pdb)
Processing assembly Library/Bee/artifacts/2400b0aE.dag/Unity.Collections.dll, with 126 defines and 229 references
processors: Unity.Entities.CodeGen.EntitiesILPostProcessors, Unity.Jobs.CodeGen.JobsILPostProcessor, zzzUnity.Burst.CodeGen.BurstILPostProcessor
running Unity.Entities.CodeGen.EntitiesILPostProcessors
running Unity.Jobs.CodeGen.JobsILPostProcessor
running zzzUnity.Burst.CodeGen.BurstILPostProcessor
[806/778    0s] CopyFiles Library/ScriptAssemblies/Unity.Collections.pdb
[807/778    0s] CopyFiles Library/ScriptAssemblies/Unity.Collections.dll
[808/778    0s] ILPostProcess Library/Bee/artifacts/2400b0aE.dag/post-processed/Unity.Serialization.dll (+pdb)
Processing assembly Library/Bee/artifacts/2400b0aE.dag/Unity.Serialization.dll, with 124 defines and 230 references
processors: Unity.Entities.CodeGen.EntitiesILPostProcessors, Unity.Jobs.CodeGen.JobsILPostProcessor, zzzUnity.Burst.CodeGen.BurstILPostProcessor
running Unity.Entities.CodeGen.EntitiesILPostProcessors
running Unity.Jobs.CodeGen.JobsILPostProcessor
running zzzUnity.Burst.CodeGen.BurstILPostProcessor
[809/778    0s] ILPostProcess Library/Bee/artifacts/2400b0aE.dag/post-processed/GameCore.Unity.Adapters.Fixtures.dll (+pdb)
Processing assembly Library/Bee/artifacts/2400b0aE.dag/GameCore.Unity.Adapters.Fixtures.dll, with 124 defines and 133 references
processors: Unity.Entities.CodeGen.EntitiesILPostProcessors, Unity.Jobs.CodeGen.JobsILPostProcessor, zzzUnity.Burst.CodeGen.BurstILPostProcessor
running Unity.Entities.CodeGen.EntitiesILPostProcessors
running Unity.Jobs.CodeGen.JobsILPostProcessor
running zzzUnity.Burst.CodeGen.BurstILPostProcessor
[810/778    0s] ILPostProcess Library/Bee/artifacts/2400b0aE.dag/post-processed/Unity.Scenes.dll (+pdb)
Processing assembly Library/Bee/artifacts/2400b0aE.dag/Unity.Scenes.dll, with 124 defines and 234 references
processors: Unity.Entities.CodeGen.EntitiesILPostProcessors, Unity.Jobs.CodeGen.JobsILPostProcessor, zzzUnity.Burst.CodeGen.BurstILPostProcessor
running Unity.Entities.CodeGen.EntitiesILPostProcessors
running Unity.Jobs.CodeGen.JobsILPostProcessor
running zzzUnity.Burst.CodeGen.BurstILPostProcessor
[811/778    0s] ILPostProcess Library/Bee/artifacts/2400b0aE.dag/post-processed/Unity.Entities.Hybrid.dll (+pdb)
Processing assembly Library/Bee/artifacts/2400b0aE.dag/Unity.Entities.Hybrid.dll, with 125 defines and 236 references
processors: Unity.Entities.CodeGen.EntitiesILPostProcessors, Unity.Jobs.CodeGen.JobsILPostProcessor, zzzUnity.Burst.CodeGen.BurstILPostProcessor
running Unity.Entities.CodeGen.EntitiesILPostProcessors
running Unity.Jobs.CodeGen.JobsILPostProcessor
running zzzUnity.Burst.CodeGen.BurstILPostProcessor
[812/778    0s] CopyFiles Library/ScriptAssemblies/Unity.Entities.Hybrid.dll
[813/778    0s] CopyFiles Library/ScriptAssemblies/Unity.Serialization.pdb
[814/778    0s] CopyFiles Library/ScriptAssemblies/Unity.Scenes.dll
[815/778    0s] CopyFiles Library/ScriptAssemblies/Unity.Scenes.pdb
[816/778    0s] CopyFiles Library/ScriptAssemblies/GameCore.Unity.Adapters.Fixtures.dll
[817/778    0s] CopyFiles Library/ScriptAssemblies/GameCore.Unity.Adapters.Fixtures.pdb
[818/778    0s] CopyFiles Library/ScriptAssemblies/Unity.Entities.Hybrid.pdb
[819/778    0s] CopyFiles Library/ScriptAssemblies/Unity.Serialization.dll
[820/778    0s] ILPostProcess Library/Bee/artifacts/2400b0aE.dag/post-processed/Unity.Scenes.Editor.dll (+pdb)
Processing assembly Library/Bee/artifacts/2400b0aE.dag/Unity.Scenes.Editor.dll, with 123 defines and 270 references
processors: Unity.Entities.CodeGen.EntitiesILPostProcessors, Unity.Jobs.CodeGen.JobsILPostProcessor, zzzUnity.Burst.CodeGen.BurstILPostProcessor
running Unity.Entities.CodeGen.EntitiesILPostProcessors
running Unity.Jobs.CodeGen.JobsILPostProcessor
running zzzUnity.Burst.CodeGen.BurstILPostProcessor
[821/778    0s] ILPostProcess Library/Bee/artifacts/2400b0aE.dag/post-processed/GameCore.Content.Compiler.dll (+pdb)
Processing assembly Library/Bee/artifacts/2400b0aE.dag/GameCore.Content.Compiler.dll, with 122 defines and 136 references
processors: Unity.Entities.CodeGen.EntitiesILPostProcessors, Unity.Jobs.CodeGen.JobsILPostProcessor, zzzUnity.Burst.CodeGen.BurstILPostProcessor
running Unity.Entities.CodeGen.EntitiesILPostProcessors
running Unity.Jobs.CodeGen.JobsILPostProcessor
running zzzUnity.Burst.CodeGen.BurstILPostProcessor
[822/778    0s] CopyFiles Library/ScriptAssemblies/Unity.Scenes.Editor.pdb
[823/778    0s] CopyFiles Library/ScriptAssemblies/Unity.Scenes.Editor.dll
[824/778    0s] CopyFiles Library/ScriptAssemblies/GameCore.Content.Compiler.pdb
[825/778    0s] CopyFiles Library/ScriptAssemblies/GameCore.Content.Compiler.dll
[826/778    0s] ILPostProcess Library/Bee/artifacts/2400b0aE.dag/post-processed/Unity.Entities.Build.dll (+pdb)
Processing assembly Library/Bee/artifacts/2400b0aE.dag/Unity.Entities.Build.dll, with 122 defines and 263 references
processors: Unity.Entities.CodeGen.EntitiesILPostProcessors, Unity.Jobs.CodeGen.JobsILPostProcessor, zzzUnity.Burst.CodeGen.BurstILPostProcessor
running Unity.Entities.CodeGen.EntitiesILPostProcessors
running Unity.Jobs.CodeGen.JobsILPostProcessor
running zzzUnity.Burst.CodeGen.BurstILPostProcessor
[827/778    0s] CopyFiles Library/ScriptAssemblies/Unity.Entities.Build.pdb
[828/778    0s] CopyFiles Library/ScriptAssemblies/Unity.Entities.Build.dll
[829/778    0s] ILPostProcess Library/Bee/artifacts/2400b0aE.dag/post-processed/GameCore.Validation.ProbeHost.dll (+pdb)
Processing assembly Library/Bee/artifacts/2400b0aE.dag/GameCore.Validation.ProbeHost.dll, with 124 defines and 255 references
processors: Unity.Entities.CodeGen.EntitiesILPostProcessors, Unity.Jobs.CodeGen.JobsILPostProcessor, zzzUnity.Burst.CodeGen.BurstILPostProcessor
running Unity.Entities.CodeGen.EntitiesILPostProcessors
running Unity.Jobs.CodeGen.JobsILPostProcessor
running zzzUnity.Burst.CodeGen.BurstILPostProcessor
[830/778    0s] CopyFiles Library/ScriptAssemblies/GameCore.Validation.ProbeHost.pdb
[831/778    0s] CopyFiles Library/ScriptAssemblies/GameCore.Validation.ProbeHost.dll
[832/778    0s] ILPostProcess Library/Bee/artifacts/2400b0aE.dag/post-processed/Unity.Entities.Editor.dll (+pdb)
Processing assembly Library/Bee/artifacts/2400b0aE.dag/Unity.Entities.Editor.dll, with 122 defines and 272 references
processors: Unity.Entities.CodeGen.EntitiesILPostProcessors, Unity.Jobs.CodeGen.JobsILPostProcessor, zzzUnity.Burst.CodeGen.BurstILPostProcessor
running Unity.Entities.CodeGen.EntitiesILPostProcessors
running Unity.Jobs.CodeGen.JobsILPostProcessor
running zzzUnity.Burst.CodeGen.BurstILPostProcessor
[833/778    0s] CopyFiles Library/ScriptAssemblies/Unity.Entities.Editor.pdb
[834/778    0s] CopyFiles Library/ScriptAssemblies/Unity.Entities.Editor.dll
[835/778    1s] ILPostProcess Library/Bee/artifacts/2400b0aE.dag/post-processed/Unity.Entities.dll (+pdb)
Processing assembly Library/Bee/artifacts/2400b0aE.dag/Unity.Entities.dll, with 128 defines and 233 references
processors: Unity.Entities.CodeGen.EntitiesILPostProcessors, Unity.Jobs.CodeGen.JobsILPostProcessor, zzzUnity.Burst.CodeGen.BurstILPostProcessor
running Unity.Entities.CodeGen.EntitiesILPostProcessors
running Unity.Jobs.CodeGen.JobsILPostProcessor
running zzzUnity.Burst.CodeGen.BurstILPostProcessor
[836/778    0s] CopyFiles Library/ScriptAssemblies/Unity.Entities.pdb
[837/778    0s] CopyFiles Library/ScriptAssemblies/Unity.Entities.dll
*** Tundra build success (3.98 seconds), 717 items updated, 778 evaluated
/home/worlesenric/wkspace/gc-wt/gc-025/Packages/com.gamecore.unity.runtime/Runtime/Integration/DerivationModeSwitchValidator.cs(119,19): warning CS0618: 'Enum.ToString(IFormatProvider)' is obsolete: 'The provider argument is not used. Please use ToString().'
/home/worlesenric/wkspace/gc-wt/gc-025/Packages/com.gamecore.gameplay.narrative/Fixtures/Runtime/NarrativeLifecycleScenario.cs(733,46): warning CS8602: Dereference of a possibly null reference.
Assets/GameCore.Validation/Runtime/Gc020Family.cs(293,53): warning CS8604: Possible null reference argument for parameter 'audio' in 'Gc020StageRuntime.Gc020StageRuntime(string kind, TraversalModule module, TraversalTraceRecorder trace, UnityPhysicsSceneBackend? physics, PhysicsAuthorityGate? physicsGate, CommittedAudioStage audio, RecordingAudioSink audioSink, CommittedAnimationStage animation, RecordingAnimationSink animationSink, RecordingPoseSource poseSource, int descriptorStageCount)'.
Assets/GameCore.Validation/Runtime/Gc018Scenario.cs(1560,20): warning CS8618: Non-nullable field 'sourceRequest' must contain a non-null value when exiting constructor. Consider declaring the field as nullable.
Assets/GameCore.Validation/Runtime/ProbeWorldDispatch.cs(201,30): warning CS8604: Possible null reference argument for parameter 'host' in 'void ProbeWorldDispatch.ReleaseWorld(UnityWorldHost host, ulong operationSequence)'.
Assets/GameCore.Validation/Runtime/ProbeWorldDispatch.cs(202,30): warning CS8604: Possible null reference argument for parameter 'host' in 'void ProbeWorldDispatch.ReleaseWorld(UnityWorldHost host, ulong operationSequence)'.
Assets/GameCore.Validation/Runtime/ProbeWorldDispatch.cs(252,30): warning CS8604: Possible null reference argument for parameter 'host' in 'void ProbeWorldDispatch.ReleaseWorld(UnityWorldHost host, ulong operationSequence)'.
Assets/GameCore.Validation/Runtime/ProbeWorldDispatch.cs(310,30): warning CS8604: Possible null reference argument for parameter 'host' in 'void ProbeWorldDispatch.ReleaseWorld(UnityWorldHost host, ulong operationSequence)'.
Assets/GameCore.Validation/Runtime/ProbeWorldDispatch.cs(355,30): warning CS8604: Possible null reference argument for parameter 'host' in 'void ProbeWorldDispatch.ReleaseWorld(UnityWorldHost host, ulong operationSequence)'.
Assets/GameCore.Validation/Runtime/ProbeWorldDispatch.cs(451,30): warning CS8604: Possible null reference argument for parameter 'host' in 'void ProbeWorldDispatch.ReleaseWorld(UnityWorldHost host, ulong operationSequence)'.
Assets/GameCore.Validation/Runtime/Gc018Scenario.cs(1560,20): warning CS8618: Non-nullable field 'sourceRequest' must contain a non-null value when exiting constructor. Consider declaring the field as nullable.
Assets/GameCore.Validation/Runtime/ProbeWorldDispatch.cs(201,30): warning CS8604: Possible null reference argument for parameter 'host' in 'void ProbeWorldDispatch.ReleaseWorld(UnityWorldHost host, ulong operationSequence)'.
Assets/GameCore.Validation/Runtime/ProbeWorldDispatch.cs(202,30): warning CS8604: Possible null reference argument for parameter 'host' in 'void ProbeWorldDispatch.ReleaseWorld(UnityWorldHost host, ulong operationSequence)'.
Assets/GameCore.Validation/Runtime/ProbeWorldDispatch.cs(252,30): warning CS8604: Possible null reference argument for parameter 'host' in 'void ProbeWorldDispatch.ReleaseWorld(UnityWorldHost host, ulong operationSequence)'.
Assets/GameCore.Validation/Runtime/ProbeWorldDispatch.cs(310,30): warning CS8604: Possible null reference argument for parameter 'host' in 'void ProbeWorldDispatch.ReleaseWorld(UnityWorldHost host, ulong operationSequence)'.
Assets/GameCore.Validation/Runtime/ProbeWorldDispatch.cs(355,30): warning CS8604: Possible null reference argument for parameter 'host' in 'void ProbeWorldDispatch.ReleaseWorld(UnityWorldHost host, ulong operationSequence)'.
Assets/GameCore.Validation/Runtime/ProbeWorldDispatch.cs(451,30): warning CS8604: Possible null reference argument for parameter 'host' in 'void ProbeWorldDispatch.ReleaseWorld(UnityWorldHost host, ulong operationSequence)'.
AssetDatabase: script compilation time: 5.629876s
Begin MonoManager ReloadAssembly
Total cache size 268365731
Total cache size after purge 268365731, took 00:00:00.0941025
- Loaded All Assemblies, in  0.405 seconds
Start importing Assets using Guid(00000000000000001000000000000000) (DefaultImporter) -> (artifact id: '4b55c7cb15071bfc086d0e52a7664a41') in 0.014234197 seconds
Start importing ProjectSettings/InputManager.asset using Guid(00000000000000002000000000000000) (LibraryAssetImporter) -> (artifact id: '3d278bdfa729973ecf92c670ca181c88') in 0.000603134 seconds
Start importing ProjectSettings/TagManager.asset using Guid(00000000000000003000000000000000) (LibraryAssetImporter) -> (artifact id: '4aa03ef27a83f311e598313a3ec2fbc3') in 0.00040305 seconds
Start importing ProjectSettings/ProjectSettings.asset using Guid(00000000000000004000000000000000) (LibraryAssetImporter) -> (artifact id: '178bf7067d38e3e04409e2d58fbbdb59') in 0.000904769 seconds
Start importing ProjectSettings/AudioManager.asset using Guid(00000000000000006000000000000000) (LibraryAssetImporter) -> (artifact id: 'a619e7b440d09a824cdbe5b2cca6939c') in 0.000355862 seconds
Start importing ProjectSettings/TimeManager.asset using Guid(00000000000000007000000000000000) (LibraryAssetImporter) -> (artifact id: '52c307e924e96ceef905bcc2cea85a00') in 0.000338321 seconds
Start importing ProjectSettings/DynamicsManager.asset using Guid(00000000000000008000000000000000) (LibraryAssetImporter) -> (artifact id: 'be5c3cc4d9346f9e8fa2ddaee90dd709') in 0.000358568 seconds
Start importing ProjectSettings/QualitySettings.asset using Guid(00000000000000009000000000000000) (LibraryAssetImporter) -> (artifact id: 'f44ba1262e818bbe4262433f49247514') in 0.000433287 seconds
Start importing ProjectSettings/EditorBuildSettings.asset using Guid(0000000000000000b000000000000000) (LibraryAssetImporter) -> (artifact id: '1923232d45cb936aef47cec131f33975') in 0.000328469 seconds
Start importing ProjectSettings/EditorSettings.asset using Guid(0000000000000000c000000000000000) (LibraryAssetImporter) -> (artifact id: '88a81b0cd41f2e6791b296dbea0c2761') in 0.000342155 seconds
Start importing ProjectSettings/NavMeshAreas.asset using Guid(00000000000000004100000000000000) (LibraryAssetImporter) -> (artifact id: '4ba0a6bb5cc18b1619eb3b3f4ce570d1') in 0.000534242 seconds
Start importing ProjectSettings/Physics2DSettings.asset using Guid(00000000000000005100000000000000) (LibraryAssetImporter) -> (artifact id: 'b9a798d8579cfd14a9d003bd527e0b64') in 0.000341604 seconds
Start importing ProjectSettings/GraphicsSettings.asset using Guid(00000000000000006100000000000000) (LibraryAssetImporter) -> (artifact id: 'bc15d2ccd22db3dcba29dadf7cf84e25') in 0.000349597 seconds
Start importing ProjectSettings/ClusterInputManager.asset using Guid(00000000000000007100000000000000) (LibraryAssetImporter) -> (artifact id: '5a028a71a6163b7bc9a46219c48662ec') in 0.000308548 seconds
Start importing ProjectSettings/UnityConnectSettings.asset using Guid(0000000000000000a100000000000000) (LibraryAssetImporter) -> (artifact id: '5a6e69f8200d884ded3f19f546ea756a') in 0.000505785 seconds
Start importing ProjectSettings/PresetManager.asset using Guid(0000000000000000b100000000000000) (LibraryAssetImporter) -> (artifact id: '669bd2cb5cdf99ef516d1350fa42393e') in 0.000324407 seconds
Start importing ProjectSettings/VFXManager.asset using Guid(0000000000000000c100000000000000) (LibraryAssetImporter) -> (artifact id: 'd96b989647555359bde1f89c35e57424') in 0.000314579 seconds
Start importing ProjectSettings/VersionControlSettings.asset using Guid(0000000000000000d100000000000000) (LibraryAssetImporter) -> (artifact id: 'b89f810c452b248c014f182ae5caa680') in 0.000313703 seconds
Start importing ProjectSettings/MemorySettings.asset using Guid(0000000000000000f100000000000000) (LibraryAssetImporter) -> (artifact id: '19f032dc933bd79e61da5c81f7ddd1ac') in 0.000317143 seconds
Start importing ProjectSettings/MultiplayerManager.asset using Guid(00000000000000000200000000000000) (LibraryAssetImporter) -> (artifact id: '2f864bba7a58beddb6fbf79980c9a838') in 0.0003493 seconds
Start importing Library/BuildInstructions using Guid(00000000000000002300000000000000) (DefaultImporter) -> (artifact id: 'ade3aeda13ad9960ede0e143cb33502a') in 0.000248153 seconds
Start importing Packages/com.unity.nuget.mono-cecil using Guid(90ed072269172012fcebb3cd57b5a869) (DefaultImporter) -> (artifact id: '0d539c5c27d9466d76fd1fba9c65233b') in 0.000229281 seconds
Start importing Packages/com.gamecore.gameplay.integration using Guid(a0522e54a9c9fdd4822c3fff07a464f0) (DefaultImporter) -> (artifact id: 'a5da418198468dda8c6898488b131c7a') in 0.000216839 seconds
Start importing Packages/com.gamecore.rules.cards using Guid(b08183e3f15c475376dc4d88e3203321) (DefaultImporter) -> (artifact id: 'c34d782967b9ded400b48ddac02a8e0c') in 0.000210973 seconds
Start importing Packages/com.unity.modules.imgui using Guid(c060426bfd6e82575228df6656368eaa) (DefaultImporter) -> (artifact id: '7d484ab5933192f91b6a2fb9f7498a1e') in 0.000216484 seconds
Start importing Packages/com.gamecore.gameplay.traversal using Guid(d0ec2bfbbde0090f707c8fdcbc9e3da2) (DefaultImporter) -> (artifact id: '6efb34934268fc078642f8f32ad319ab') in 0.000221376 seconds
Start importing Packages/com.unity.serialization using Guid(021ae7b3109431dbaead12b29040e051) (DefaultImporter) -> (artifact id: '2c74f826f3d58d6c3ec1749807048b13') in 0.000215398 seconds
Start importing Packages/com.unity.ext.nunit using Guid(8299e369f6ca47302529a03cb8e9d33d) (DefaultImporter) -> (artifact id: '59c53b5d6898515f0ff5ef291852c086') in 0.000218861 seconds
Start importing Packages/com.unity.modules.assetbundle using Guid(b219c86ce508e478367c0a46e1aa9fe4) (DefaultImporter) -> (artifact id: 'bc1ccff54e0e81e719a299f618cbc700') in 0.000211265 seconds
Start importing Packages/com.gamecore.gameplay.cards using Guid(33dc43dc05669df955bce65bd74c7111) (DefaultImporter) -> (artifact id: '586c76f8c1425015e87fb6fc7cfd286d') in 0.000205439 seconds
Start importing Packages/com.unity.test-framework using Guid(53f0efc47b5bdb651a4ae779f4342c8e) (DefaultImporter) -> (artifact id: '2dd5bfa2f3fe6b12cdf41c955a3e60a9') in 0.000222043 seconds
Start importing Packages/com.unity.profiling.core using Guid(837e0ae31bb38cc435d7a6275b768dc8) (DefaultImporter) -> (artifact id: '8b8ac9c3fb772a94dfb915bf5cefbace') in 0.000222224 seconds
Start importing Packages/com.gamecore.content.compiler using Guid(b3ada16a832376f8d50550a24b5535d0) (DefaultImporter) -> (artifact id: 'b31a790abbe0dbd66b894f5dd344b16a') in 0.000210012 seconds
Start importing Packages/com.unity.sysroot using Guid(0513eb739d871a8969c8bc182c574140) (DefaultImporter) -> (artifact id: '174064be914462ca67def7c6b28ef65a') in 0.000210739 seconds
Start importing Packages/com.unity.modules.imageconversion using Guid(850c54ee0b9e1aa740b1c67792eb1f26) (DefaultImporter) -> (artifact id: '77f78b27bd9bac81a00a007ef6f28867') in 0.00021288 seconds
Start importing Packages/com.unity.modules.unitywebrequest using Guid(c522a644a29fcab2eaf63298c118a65b) (DefaultImporter) -> (artifact id: 'd98f38a0b0a3a6ad84b730beb63727de') in 0.000214378 seconds
Start importing Packages/com.unity.sysroot.linux-x86_64 using Guid(46b9c0cad0feb0477ff8dd4c486a9855) (DefaultImporter) -> (artifact id: '44cf6b72f441d9a80484501b342d2b6e') in 0.000208313 seconds
Start importing Packages/com.unity.modules.unityanalytics using Guid(d6c6a000a805f00649b36b542e8426c2) (DefaultImporter) -> (artifact id: '50e342d51c4bbc49e9992c96072b1439') in 0.000199186 seconds
Start importing Packages/com.unity.modules.physics using Guid(d6db7caf2e852b75ebb9c6098418179c) (DefaultImporter) -> (artifact id: 'b562405fb5bd1c9305c356f8cfe7a672') in 0.000207642 seconds
Start importing Packages/com.gamecore.gameplay.narrative using Guid(f67863d3961e9a2d4b24cfe77089355f) (DefaultImporter) -> (artifact id: 'aa8b3522264a04fff9df49361cb15980') in 0.000218655 seconds
Start importing Assets/Scenes using Guid(770c88a890471f948abe99a99d6a618d) (DefaultImporter) -> (artifact id: 'bd6b568ae61f6558a16d8179403f3bf9') in 0.000206237 seconds
Start importing Packages/com.unity.modules.uielements using Guid(2808ba6bccb2478ec9c7209d8bf1f3cc) (DefaultImporter) -> (artifact id: '49f971d306aab8cb20ddbc00ca94734a') in 0.000213142 seconds
Start importing Packages/com.unity.scriptablebuildpipeline using Guid(29c624825455f0180c0321aff771cfde) (DefaultImporter) -> (artifact id: '52128f5a3956d238e397155002a24f6c') in 0.00024163 seconds
Start importing Packages/com.unity.modules.ui using Guid(39728903e57c60021f80449a8bbc0096) (DefaultImporter) -> (artifact id: '9ba448b29b75a8a1f5c4c31201266424') in 0.000270201 seconds
Start importing Packages/com.gamecore.contracts using Guid(6a32d7c4af88ca9d00a318503cd80da9) (DefaultImporter) -> (artifact id: '6acd077fae68e999c3648f2a7ed18ec6') in 0.000224898 seconds
Start importing Packages/com.unity.collections using Guid(ea3a722ea4f1a7a701da305c0a861d88) (DefaultImporter) -> (artifact id: 'b8519e40327c16538977251ad37c5e2c') in 0.000205061 seconds
Start importing Packages/com.unity.modules.hierarchycore using Guid(6b81377a4453ba7362eb3322f9bcc6c6) (DefaultImporter) -> (artifact id: 'b5ba94375de312bec58cfc03230046fb') in 0.00020566 seconds
Start importing Packages/com.unity.toolchain.linux-x86_64 using Guid(9bd9bcb62ec8c2335e8c5b8564f5c89e) (DefaultImporter) -> (artifact id: 'e78639e1b8c09ce5da583ac1f8c2112d') in 0.000203508 seconds
Start importing Packages/com.unity.test-framework.performance using Guid(bbc2259d9b7d31b744d0a893586d3e77) (DefaultImporter) -> (artifact id: 'ee643e378c0723a0fcbca614e3cf6b03') in 0.000201085 seconds
Start importing Assets/GameCore.Validation using Guid(eb9077c9d43d5f170917d6fd161b12b0) (DefaultImporter) -> (artifact id: 'f1df40619387d3789ed34718f38f4e5b') in 0.000201067 seconds
Start importing Packages/com.unity.burst using Guid(3c8113ecb1226340344464cb9c835723) (DefaultImporter) -> (artifact id: '9c2985dea7b4600ff2e11f1f3358516d') in 0.000252031 seconds
Start importing Packages/com.gamecore.derivation using Guid(5c584f3de2ac37961cc069ffe52d27b1) (DefaultImporter) -> (artifact id: 'ae0e55ea16d4a31a9f8dd2d32007b2ff') in 0.000254333 seconds
Start importing Packages/com.unity.entities using Guid(ac3cd4e9fa4678517fbd0b22899429fe) (DefaultImporter) -> (artifact id: '8e36a8163f23012564acdf8530d6c148') in 0.000240861 seconds
Start importing Packages/com.gamecore.rules.narrative using Guid(ecdd1d831f2d584d48d0db5121f4ea50) (DefaultImporter) -> (artifact id: 'dee22ffcdae7e587eafa1ca202b1c8b7') in 0.000207306 seconds
Start importing Packages/com.unity.modules.jsonserialize using Guid(fc3a810351931f5e6183e16b9beb5563) (DefaultImporter) -> (artifact id: 'ae149b8f46567b37c6b77b16bb572fe8') in 0.000222008 seconds
Start importing Packages/com.unity.mathematics using Guid(1d4cfc07e8b81a929e21c7a84fecef20) (DefaultImporter) -> (artifact id: '597aac1c25025fd36f3464c696a75de5') in 0.00020313 seconds
Start importing Packages/com.unity.modules.audio using Guid(2d6ba5cbe47e6ad3c87474c56174d4e0) (DefaultImporter) -> (artifact id: '2ad5535b0c9fde796c0a268a703c42c8') in 0.000197079 seconds
Start importing Packages/com.gamecore.composition using Guid(7df469a445881d3bd4330b3f37745104) (DefaultImporter) -> (artifact id: '2ddc254d429a441ca4057880dbe08421') in 0.000232874 seconds
Start importing Packages/com.gamecore.unity.adapters using Guid(0e1445e277cfa7974c90acc78b967ef6) (DefaultImporter) -> (artifact id: 'ab7a4abe310163d9f936abafef8c75f5') in 0.00024925 seconds
Start importing Packages/com.gamecore.rules.traversal using Guid(0e1c886cd14c1437d2be05ab426ac8fc) (DefaultImporter) -> (artifact id: '6261a5dc58eafe81fbc35fa0780c08db') in 0.000244695 seconds
Start importing Packages/com.gamecore.unity.runtime using Guid(3f48e866f9e31240455d67f924136788) (DefaultImporter) -> (artifact id: '687576682e90b7f61933e5dd1f696d09') in 0.00021304 seconds
Start importing Packages/com.gamecore.planning using Guid(ff90bbcc544ab017ce77d0f2b3fe6151) (DefaultImporter) -> (artifact id: 'fc89c9ca1ad2ec681096165afa80ef8e') in 0.000215057 seconds
Start importing Packages/com.unity.burst/Unity.Burst.CodeGen using Guid(0025085fa936303aa05b328e44651f9c) (DefaultImporter) -> (artifact id: 'da87d48daf8566acca1fe2c6c85e70c9') in 0.000214383 seconds
Start importing Packages/com.unity.collections/Unity.Collections.BurstCompatibilityGen using Guid(00a9bcd29d03e5043aad0c9a7e6185f3) (DefaultImporter) -> (artifact id: '3dd9924ad498f25718ce4d4d035f87b7') in 0.000253102 seconds
Start importing Packages/com.gamecore.gameplay.cards/Runtime using Guid(103692cd9c7f54e80b40636ffdc8b2e2) (DefaultImporter) -> (artifact id: 'fa9ab0a289d788f9a0c550e1f60dc980') in 0.000242949 seconds
Start importing Packages/com.gamecore.unity.runtime/Runtime using Guid(1067226e46f428f27b5add0d60b4dce3) (DefaultImporter) -> (artifact id: '523006957b6ab48f55c9d72f5acc5a2f') in 0.000214107 seconds
Start importing Packages/com.unity.entities/Unity.Deformations using Guid(106a8fc9c33eb9a4daf9f62e6cff1ca6) (DefaultImporter) -> (artifact id: 'e6088b5361df734ffa769a0664616595') in 0.000208194 seconds
Start importing Packages/com.unity.entities/Unity.Core.Editor using Guid(208f13a18c0b10f4d83bb0cfaf44ed60) (DefaultImporter) -> (artifact id: '331cae9e1bcf64cc7aa7c007f816587d') in 0.000200083 seconds
Start importing Packages/com.gamecore.content.compiler/Runtime using Guid(305768eea75e5e0cb8670644f1bb3db4) (DefaultImporter) -> (artifact id: 'a64160e06b188da7f60f7c7a37fb81b0') in 0.000206824 seconds
Start importing Packages/com.unity.serialization/Tests using Guid(50f444c45f7f8604492d70b58d62a996) (DefaultImporter) -> (artifact id: '0fc091decb3e9e1b3920d4600c62d5eb') in 0.000244277 seconds
Start importing Packages/com.gamecore.planning/Tests using Guid(a05e824851c3a7fdab29e7539836efc3) (DefaultImporter) -> (artifact id: '85541e7e37543f276bb36398e34237ae') in 0.000248217 seconds
Start importing Packages/com.gamecore.composition/Runtime using Guid(d01fb42793f56345f9a823449fe88bca) (DefaultImporter) -> (artifact id: '964590b732d413441e973293cc5add66') in 0.00021536 seconds
Start importing Assets/GameCore.Validation/Runtime using Guid(f040b7473ad66b299b8343a56cb8cd16) (DefaultImporter) -> (artifact id: 'f08474310fe709270459f66602a09867') in 0.00020717 seconds
Start importing Assets/GameCore.Validation/Generated using Guid(f00a976cc791ee97aa592164f9dfe7a3) (DefaultImporter) -> (artifact id: '18aca60b811ba0b8439655e326e58d8c') in 0.00019702 seconds
Start importing Packages/com.unity.sysroot/Tests using Guid(21355b98f3d94d714ad8c543adb3c7ef) (DefaultImporter) -> (artifact id: '054e8ed07779d8f5227569c2d81c3b25') in 0.000219219 seconds
Start importing Packages/com.gamecore.content.compiler/Editor using Guid(21cfe0b4c073d6736b296c3a0a611b9d) (DefaultImporter) -> (artifact id: '7c27ad90aada6989fc6e64b80a93cc70') in 0.000204444 seconds
Start importing Packages/com.unity.entities/Unity.Core using Guid(c127976b3a8c6dc43a6a2e965ec3f0c0) (DefaultImporter) -> (artifact id: '6552c7d8bd508a879802b248eaadd0cd') in 0.000251907 seconds
Start importing Packages/com.unity.collections/Unity.Collections.Editor using Guid(d1e9e4c1f536d9246ac795d9abc62342) (DefaultImporter) -> (artifact id: '7eaed701002a9747ad365e4801cbfde1') in 0.000208987 seconds
Start importing Packages/com.unity.burst/Runtime using Guid(e1700f0d2aa03c568eaedb3efe6720f0) (DefaultImporter) -> (artifact id: '8b92d21c9a23dbc0f6bf20116309d43e') in 0.00020587 seconds
Start importing Packages/com.unity.serialization/Runtime using Guid(e178b0fc3a9b6864b8cb7db4a7e0b1f6) (DefaultImporter) -> (artifact id: 'cfba1480ae288b6826fd92cf6923d08f') in 0.000207044 seconds
Start importing Packages/com.gamecore.rules.narrative/Runtime using Guid(52fe8ee99387dcaeea26ee9f7055d930) (DefaultImporter) -> (artifact id: '501ae5415a6b7ed3b7a8cddf30ff514d') in 0.000202683 seconds
Start importing Packages/com.unity.entities/Unity.Transforms.Hybrid.Tests using Guid(724fc5995220313418def68769f254af) (DefaultImporter) -> (artifact id: '1675cc23408e61ec1c2e086cd736c1bc') in 0.000199919 seconds
Start importing Packages/com.unity.entities/Unity.Entities.UI.Editor using Guid(82d43e3d9ab7033409ed83d3f67a826c) (DefaultImporter) -> (artifact id: '6bba051ef7490b7b13b2ba1d7b604630') in 0.000201365 seconds
Start importing Packages/com.gamecore.gameplay.cards/Fixtures using Guid(a2fdf27a06ea5358a89827a6ba7b671d) (DefaultImporter) -> (artifact id: '2114503641eb9b53ced330b7d1303685') in 0.000202618 seconds
Start importing Packages/com.unity.entities/Unity.Scenes.Editor.Tests using Guid(f2e2e0097fee03e4c96445e68eaffd01) (DefaultImporter) -> (artifact id: '747b23f1badf51392c63b11a6e7abf61') in 0.000194157 seconds
Start importing Packages/com.unity.collections/Unity.Collections.LowLevel.ILSupport using Guid(6353acf8df7d746d98d65f640d39ea47) (DefaultImporter) -> (artifact id: '3bfe95cb61b3a0d592374497b51a9e59') in 0.0002017 seconds
Start importing Packages/com.unity.mathematics/Unity.Mathematics using Guid(b3be5912975a74cc0b42e9039d91daf1) (DefaultImporter) -> (artifact id: 'db7e4658d6f4167db080f5d152bddf79') in 0.000199397 seconds
Start importing Packages/com.unity.mathematics/Tests using Guid(e3503cbca3a6645cb8298d5cecf03cec) (DefaultImporter) -> (artifact id: '7a7efa4be2c2bba6f2efc8aff051210e') in 0.00020216 seconds
Start importing Assets/GameCore.Validation/Abstractions using Guid(2437f3f2352af80f3aea8d44025b4724) (DefaultImporter) -> (artifact id: '9819fdcf1da779ece7341f9fd0ad51e1') in 0.000191451 seconds
Start importing Packages/com.unity.entities/Unity.Entities.Editor.PerformanceTests using Guid(44f574762cc89e94daa167c8a468fffc) (DefaultImporter) -> (artifact id: '06dc2189f6921b41dea7088d893cf054') in 0.000198718 seconds
Start importing Packages/com.unity.entities/Unity.Entities.Hybrid.HybridComponents using Guid(a496c331cc635ed80a206fc7f80d9645) (DefaultImporter) -> (artifact id: '233185fe0da4a0111667e7cd1f220b49') in 0.000193629 seconds
Start importing Packages/com.unity.collections/Unity.Collections.CodeGen using Guid(d44454e6d25878e46a8495f8a720d7c0) (DefaultImporter) -> (artifact id: 'dc5b6330d6bcd6bbb34157022b1e02b9') in 0.000189302 seconds
Start importing Packages/com.unity.serialization/Editor using Guid(55c93e3d7d0bfbf47847595f09350e6c) (DefaultImporter) -> (artifact id: '18921b83ca14744c949f071267af5c13') in 0.000195214 seconds
Start importing Packages/com.unity.test-framework/UnityEngine.TestRunner using Guid(950890083f4907541a6ed06d70959e49) (DefaultImporter) -> (artifact id: 'b2380b0eb08023ce063c7b7396ba8e5e') in 0.000190522 seconds
Start importing Packages/com.unity.test-framework/UnityEditor.TestRunner using Guid(95cdf27b47eb82747ba9e51f41e72a35) (DefaultImporter) -> (artifact id: '77f76be7513a4e9a3b3e2eeeb0b13cad') in 0.000195313 seconds
Start importing Packages/com.gamecore.planning/Runtime using Guid(95ef41e8d4feb1871a3ae0ae85efad40) (DefaultImporter) -> (artifact id: '1b782645845836f9da831810eecf313b') in 0.000190649 seconds
Start importing Packages/com.unity.collections/Unity.Collections using Guid(b5713c21e3bf34803880e60596ab7e69) (DefaultImporter) -> (artifact id: 'cfed2240ead5e584460a4650f86e225a') in 0.000195688 seconds
Start importing Packages/com.unity.nuget.mono-cecil/Tests using Guid(0600146fb26ea4138a2f66b89faa9e86) (DefaultImporter) -> (artifact id: '471bb5efc522ca1d3dc593d9c7594c0a') in 0.000184985 seconds
Start importing Packages/com.unity.entities/Unity.Entities.PerformanceTests using Guid(06762215dfa0e3e4f93d28131dd12c80) (DefaultImporter) -> (artifact id: '3e617a95af681f04d5f96d4485fc3f78') in 0.000196837 seconds
Start importing Packages/com.unity.sysroot/Editor using Guid(169765632ffb0f87cb8b3c23abe48007) (DefaultImporter) -> (artifact id: '2bcf5a40e96ba251d6e2564f1c6a5019') in 0.000202503 seconds
Start importing Packages/com.gamecore.rules.narrative/Tests using Guid(36c300b4c84c360ecad704f90b90f826) (DefaultImporter) -> (artifact id: '8843c116fc2476cda5dc66808ad74bfc') in 0.0001977 seconds
Start importing Packages/com.unity.entities/Editor Default Resources using Guid(76330906372a30d4791efb24639424e1) (DefaultImporter) -> (artifact id: '881f8f7987b001655a54f3193853fc2f') in 0.000194171 seconds
Start importing Packages/com.unity.burst/Editor using Guid(a6ca3ceb44ad3b13ad15d2de0caf14d0) (DefaultImporter) -> (artifact id: 'b77eb78338e9f974f17eb7df60d7cd81') in 0.000196379 seconds
Start importing Packages/com.unity.entities/Unity.Entities.CodeGen.Tests using Guid(a6ed173e746bcdc46be55800be2bf18e) (DefaultImporter) -> (artifact id: '7609419d8765affb32913c446a20a5cc') in 0.000193115 seconds
Start importing Packages/com.unity.scriptablebuildpipeline/Tests using Guid(d62ab3f6f7d317849b5f962b9d036f08) (DefaultImporter) -> (artifact id: 'f209c32f7a9ef9bfcf9aeffadac75037') in 0.000198882 seconds
Start importing Packages/com.unity.entities/Unity.Mathematics.Extensions.Tests using Guid(e6673dc6132eb73488e7bd8600f2d301) (DefaultImporter) -> (artifact id: '927082f6669565ea1cf3075e30a0267a') in 0.000195697 seconds
Start importing Packages/com.unity.profiling.core/Runtime using Guid(0728d61b12f4b1e4fa9299f79f0c3948) (DefaultImporter) -> (artifact id: '11bb0a67369d474a8d9ff341242938c2') in 0.000192152 seconds
Start importing Packages/com.unity.entities/Unity.Entities.Build using Guid(2751583af04a4ca49a7e6883ecc2a801) (DefaultImporter) -> (artifact id: 'eb0ae8d8257617a0d5d19b4ef4eefd24') in 0.000185809 seconds
Start importing Packages/com.unity.sysroot.linux-x86_64/Tests using Guid(27987f7a31ce040af97591e628278304) (DefaultImporter) -> (artifact id: '893a13eee328a7e4d90289e266905aa4') in 0.000193085 seconds
Start importing Packages/com.gamecore.contracts/Runtime using Guid(573b0e431ad207bd48a716b7f4643fd8) (DefaultImporter) -> (artifact id: '0cd54e38f0ca5c4fdbe90191c16b82b4') in 0.00083772 seconds
Start importing Packages/com.unity.test-framework/Tests using Guid(b70e28337c9001e4390442151ea5542c) (DefaultImporter) -> (artifact id: '88dd20ad2c23d64332e901fda31c7692') in 0.00027939 seconds
Start importing Packages/com.gamecore.derivation/Tests using Guid(d711b680eb22de46e0fdda4712a277e1) (DefaultImporter) -> (artifact id: 'e5652e8a1307f5a1a81f48265840f46e') in 0.000224735 seconds
Start importing Packages/com.gamecore.unity.adapters/Runtime using Guid(e7d0a2393e48e3d118beba66da6df638) (DefaultImporter) -> (artifact id: '96ea5efabbe363d8aae00e5e68bdc911') in 0.000219885 seconds
Start importing Packages/com.gamecore.derivation/Runtime using Guid(08a4a1dcd57233417e83cc20014b5e75) (DefaultImporter) -> (artifact id: '1f7202a218e8520bca59a075ad2261cd') in 0.00022499 seconds
Start importing Packages/com.unity.test-framework.performance/Editor using Guid(0855336f89ed65c45a15c56d2269fffd) (DefaultImporter) -> (artifact id: 'e2a496ca2a54bc21997c75cf10ea96b9') in 0.000212744 seconds
Start importing Packages/com.unity.entities/Unity.Transforms.PerformanceTests using Guid(1832dc29da75c4578bae08fb21838096) (DefaultImporter) -> (artifact id: '2e78ff6d19eef76d610975c0bfa305e0') in 0.000206917 seconds
Start importing Packages/com.gamecore.derivation/Fixtures using Guid(38f3ec78d069f885ad73bda692ef34d7) (DefaultImporter) -> (artifact id: 'b157645f4cf5d1f6d79d785452367b60') in 0.000200209 seconds
Start importing Packages/com.unity.entities/Unity.Scenes.Editor using Guid(581b2b625716b4bf1807281e6749d5a8) (DefaultImporter) -> (artifact id: 'b36ad1a672a6931ef23312779d720f74') in 0.000232883 seconds
Start importing Packages/com.unity.entities/Unity.Entities.Hybrid using Guid(78757c525e72c431ca28f37d9173a932) (DefaultImporter) -> (artifact id: '0e2e78c504951eb624eda44bf72c4ff2') in 0.000228334 seconds
Start importing Packages/com.unity.entities/Unity.Transforms.Tests using Guid(b873a17ad18c84f60b073703a90e56b0) (DefaultImporter) -> (artifact id: '25fdb582558085c81b52d111719dba9b') in 0.000209279 seconds
Start importing Packages/com.gamecore.gameplay.traversal/Fixtures using Guid(d80da68692894a08bfce492672df4e3f) (DefaultImporter) -> (artifact id: '1cae1631dfd358f52594a45bbae02867') in 0.000201381 seconds
Start importing Packages/com.gamecore.unity.runtime/Fixtures using Guid(491cbf67b9d1f6524b8e7b59a4ce421a) (DefaultImporter) -> (artifact id: '3ee503cb0d095dcac5fcdd8d6d1be4d1') in 0.000212072 seconds
Start importing Packages/com.unity.entities/Unity.Entities.Tests using Guid(6921edad958614db88329a480a08b941) (DefaultImporter) -> (artifact id: '7e152ac41a1f16d3b02644c4298b1736') in 0.000239939 seconds
Start importing Packages/com.unity.entities/Unity.Entities.Hybrid.Tests using Guid(69f456f402843436686020360b28d97a) (DefaultImporter) -> (artifact id: 'e3c2613773b3846e3e39fed94285442f') in 0.000207785 seconds
Start importing Packages/com.unity.entities/Unity.Entities.Editor using Guid(c9c0d268c3171433e946229b2097a361) (DefaultImporter) -> (artifact id: '370199453c9bc37f5c3571a300bb78b1') in 0.000204147 seconds
Start importing Packages/com.unity.scriptablebuildpipeline/Editor using Guid(d90bb9eec8948a94991952bcad49c572) (DefaultImporter) -> (artifact id: 'e20a5b27a552a3fad0672cced4baefc6') in 0.000211412 seconds
Start importing Packages/com.unity.entities/Unity.Entities.TestComponents using Guid(0af84385b3937034298e6597487cadff) (DefaultImporter) -> (artifact id: '84abd29c67a005c7d92bc5a3621e1897') in 0.000229322 seconds
Start importing Assets/GameCore.Validation/GeneratedTraversal using Guid(3aa126595f2f4d4ba590e27d4b5632a8) (DefaultImporter) -> (artifact id: '5fb2abd956291aad4259477baa6b8752') in 0.000212132 seconds
Start importing Packages/com.unity.toolchain.linux-x86_64/Tests using Guid(5a0086b2cca8070de884733169bbf04e) (DefaultImporter) -> (artifact id: '9585ec7deb44b0754e02a80890270695') in 0.000224579 seconds
Start importing Packages/com.unity.sysroot.linux-x86_64/Editor using Guid(9a994b3ee6d83415a9fd8831f7791f85) (DefaultImporter) -> (artifact id: 'cf6c60179e93fdd2ec449973fd1a8b38') in 0.000297523 seconds
Start importing Packages/com.gamecore.unity.runtime/Tests using Guid(ba64df92a92014264be536fcd5e19323) (DefaultImporter) -> (artifact id: '8e04148fdc62e928109bb65cc4c765e5') in 0.00023167 seconds
Start importing Packages/com.gamecore.unity.adapters/Tests using Guid(eadc56d1ee6b8cb0b8cb8245469a6ef6) (DefaultImporter) -> (artifact id: '56e8882b0363a1764e51051a64d029b7') in 0.000219871 seconds
Start importing Packages/com.gamecore.composition/Tests using Guid(fa8b8ad2db92e1a668c6167ded21e1c4) (DefaultImporter) -> (artifact id: '4202aac628bc8396433d14108d751fc9') in 0.00021816 seconds
Start importing Packages/com.unity.collections/Unity.Collections.Tests.Playmode using Guid(1bc474d6c48563e48bf377774df23cb1) (DefaultImporter) -> (artifact id: '00df3bec1f22919a9dfe00e1760c2354') in 0.000214332 seconds
Start importing Packages/com.unity.toolchain.linux-x86_64/Editor using Guid(3bf5adcbe74ea0cf9b97900b9f6dfaac) (DefaultImporter) -> (artifact id: 'e2217ae5c102b6fb716c3e9ebf0c9a51') in 0.000208035 seconds
Start importing Packages/com.gamecore.gameplay.narrative/Fixtures using Guid(5bf520d3189f26a75b8d846b2c7b3a48) (DefaultImporter) -> (artifact id: '3434e53a47daf14223fe9dd818a55d8a') in 0.000259266 seconds
Start importing Packages/com.unity.entities/Unity.Mathematics.Extensions using Guid(abf19183bd1134fd6a255db507e42d11) (DefaultImporter) -> (artifact id: '63cec49ee0bd70d818520dd25963f5f6') in 0.000223807 seconds
Start importing Packages/com.gamecore.gameplay.integration/Runtime using Guid(fb879015b9cd49e3b5b4bf6c4c7de4a4) (DefaultImporter) -> (artifact id: 'c12cd90989d83ea46853662780821335') in 0.000210472 seconds
Start importing Packages/com.unity.entities/Unity.Entities using Guid(2cbb1448436b043dd864cf585740d0b4) (DefaultImporter) -> (artifact id: '545b785a81238a6ddab728912ba9fe2e') in 0.000211648 seconds
Start importing Assets/GameCore.Validation/GeneratedCards using Guid(4c2213c6cff3cd2e5aa3eaf908ad79a8) (DefaultImporter) -> (artifact id: '8d94ab293ba87d2854a02e1d3a49aa69') in 0.000202115 seconds
Start importing Packages/com.unity.collections/Unity.Collections.PerformanceTests using Guid(4c3b5584c2c4c483b9816878d89d3793) (DefaultImporter) -> (artifact id: '1ec40f0db75de92f464c23a2e6f73533') in 0.000202783 seconds
Start importing Packages/com.unity.collections/Unity.Collections.Tests using Guid(5c67b9b0b7cb745ff9944601a5b65149) (DefaultImporter) -> (artifact id: '74fa25095f66dc387ef11e14b714dc4d') in 0.000204822 seconds
Start importing Packages/com.unity.entities/Unity.Entities.UI using Guid(5ce97b5bd9fb2ce40bcafc6e12b69f90) (DefaultImporter) -> (artifact id: '7dade07c3d22f854a29662747cb29881') in 0.000207548 seconds
Start importing Assets/GameCore.Validation/GeneratedCheckpoint using Guid(6c4a209946e78608ad1eb7068ce0ee8e) (DefaultImporter) -> (artifact id: '2e5100a84e5877e16201e02f9b87e968') in 0.000202638 seconds
Start importing Packages/com.gamecore.gameplay.narrative/Runtime using Guid(acdd75f51bc1e2edc848751c5eba6cdb) (DefaultImporter) -> (artifact id: '8235cdd947b19bea8fa89c8b2ef4f5cd') in 0.000195897 seconds
Start importing Assets/GameCore.Validation/Plugin using Guid(0d9d9d39f875fc8c8a186775ba962cdf) (DefaultImporter) -> (artifact id: 'e8c7db1deb63e91709d075d40d2b4ed2') in 0.000190041 seconds
Start importing Packages/com.unity.entities/Unity.Entities.Hybrid.EndToEnd.Tests using Guid(2d02ec5f2e8d3ae43b7d816b56ab2b14) (DefaultImporter) -> (artifact id: '189f13031de30dcd08ba304e3ef8fd61') in 0.000261542 seconds
Start importing Packages/com.unity.entities/Unity.Entities.Editor.Tests using Guid(2da84dd03325e49b99e575e89a0cb61d) (DefaultImporter) -> (artifact id: '1d6f2435c9ae91b46bd134b3362269d5') in 0.000222091 seconds
Start importing Assets/GameCore.Validation/Editor using Guid(5dd31d9e44377c2d2a294211b110faf3) (DefaultImporter) -> (artifact id: '808d12c7c5e3d6c3a4b4dbc935fe4c68') in 0.000226154 seconds
Start importing Packages/com.unity.entities/Unity.Transforms using Guid(8de9de567eae64aeca9cc9b8281009c0) (DefaultImporter) -> (artifact id: '5301fd8744cbb6b7d321f73cb3ce424d') in 0.000208794 seconds
Start importing Packages/com.unity.entities/Unity.Entities.CodeGen using Guid(8d7fafbd54510014bb5322c9feea4357) (DefaultImporter) -> (artifact id: '834449317e784f299d80c5bcd78b7118') in 0.000205052 seconds
Start importing Packages/com.unity.entities/Unity.Mathematics.Extensions.Hybrid using Guid(ed608e65099fa47cd9de8b5c6c532d27) (DefaultImporter) -> (artifact id: 'b7d583c58afe7ef3298ecaf85618d4cc') in 0.000203124 seconds
Start importing Packages/com.gamecore.rules.cards/Runtime using Guid(ede77a694d35b101ba7571d73b26c7f2) (DefaultImporter) -> (artifact id: '9d32fcbb3212e5dcd5884a5ae88966c7') in 0.000200095 seconds
Start importing Packages/com.unity.entities/Unity.Scenes.Editor.PerformanceTests using Guid(edf96ae0c909fc84a90a0f6d006a6127) (DefaultImporter) -> (artifact id: 'e509ab65754de31c83e8cac7c230dfa5') in 0.000261945 seconds
Start importing Packages/com.unity.collections/DocCodeSamples.Tests using Guid(ed2c1c145cb193d4d8987d3886bc12b4) (DefaultImporter) -> (artifact id: '26636d22e55ca5da8c3e23d89b25fa92') in 0.000223845 seconds
Start importing Packages/com.unity.mathematics/Unity.Mathematics.Editor using Guid(ed3cf288b647446a1a4040049eb363d7) (DefaultImporter) -> (artifact id: 'd3eca6a996482eb62a5232eb96f5fb32') in 0.000224502 seconds
Start importing Packages/com.gamecore.unity.adapters/Fixtures using Guid(fd174cab69f24a2a93d6ff7313172184) (DefaultImporter) -> (artifact id: '7cf407e318584d51e9a7e6318c5d8998') in 0.00020928 seconds
Start importing Packages/com.unity.entities/DocCodeSamples.Tests using Guid(2e32a04cf2814421a9c3a8b6caf49261) (DefaultImporter) -> (artifact id: '926799e1e7031d235c80206c6cb8b54d') in 0.000201015 seconds
Start importing Packages/com.unity.entities/Unity.Burst.Tests using Guid(5ed49115bdcb3394f844c380b8625b72) (DefaultImporter) -> (artifact id: 'ad21df75634614ff5025d02c2b013f31') in 0.000205233 seconds
Start importing Packages/com.unity.entities/Unity.Entities.Hybrid.PerformanceTests using Guid(5ea6eeb257f75e844be1bddc3be351c0) (DefaultImporter) -> (artifact id: '3dd43e1ce987c9e0de2f3f1b4a5f82d2') in 0.000209562 seconds
Start importing Packages/com.unity.test-framework.performance/Runtime using Guid(6edbafb3b8c712640ae66bb69eabb0a8) (DefaultImporter) -> (artifact id: 'e87c74f33b2b99dd5ff05c90cdbea71a') in 0.000208347 seconds
Start importing Packages/com.unity.entities/Unity.Scenes.Hybrid.Tests using Guid(8e253acceebd14ad39d7825a08260aee) (DefaultImporter) -> (artifact id: 'dd21d28cbabff99a078f90036f0f5527') in 0.000199729 seconds
Start importing Packages/com.unity.entities/Unity.Scenes.PerformanceTests using Guid(ce890e38b125e894d82206e190ae89ce) (DefaultImporter) -> (artifact id: 'dbb58b705d4f6b9cb35644b2cac70a3f') in 0.000200443 seconds
Start importing Packages/com.unity.entities/Unity.Transforms.Hybrid using Guid(eeb8550e905444989e968ee284969334) (DefaultImporter) -> (artifact id: 'b362b409cb0e33e9bd86a7368d90ba62') in 0.000202678 seconds
Start importing Packages/com.unity.collections/Unity.Collections.PerformanceTests.Internal using Guid(ee3c6001d6f4bbf409631328fb4cd463) (DefaultImporter) -> (artifact id: 'c249378977d3bb66d7182029bc57efbf') in 0.000210199 seconds
Start importing Packages/com.unity.entities/Unity.Scenes using Guid(1fe34ff40445151419d8223e85f78e2e) (DefaultImporter) -> (artifact id: '174e453cbdb1b02cf51dd891f77d15f2') in 0.000203461 seconds
Start importing Packages/com.unity.entities/Unity.Scenes.Tests using Guid(1f4b035e37c8b344a89fcfff6cad4c30) (DefaultImporter) -> (artifact id: '011e12d271df36856828df7929d7596f') in 0.000197127 seconds
Start importing Packages/com.gamecore.rules.traversal/Tests using Guid(3fee1a6d721845aba2d8aaab5a142d6b) (DefaultImporter) -> (artifact id: '1bb619e036f072f08880a03a591633ac') in 0.000200593 seconds
Start importing Packages/com.gamecore.gameplay.traversal/Runtime using Guid(4f43fdd6b3bd4c569e53a9ff76cc2ef4) (DefaultImporter) -> (artifact id: 'ed06dd5f57493e00f1008ea337ae4560') in 0.000210877 seconds
Start importing Assets/GameCore.Validation/FamilyEntries using Guid(8fb065e847e94ab29a584e900f348c3d) (DefaultImporter) -> (artifact id: '21faff145f8717cfbf6b48262e11d83a') in 0.000203441 seconds
Start importing Packages/com.unity.ext.nunit/net40 using Guid(af19581c6078849139e0671f575e4b7c) (DefaultImporter) -> (artifact id: '7cfa80f12945c74956f086b3610c7a51') in 0.000212181 seconds
Start importing Packages/com.gamecore.rules.cards/Tests using Guid(bff82a866ea6692ba9bac9d1ca834e86) (DefaultImporter) -> (artifact id: 'b3b14a2991458d66281aa5b578e02143') in 0.00020668 seconds
Start importing Packages/com.unity.scriptablebuildpipeline/Runtime using Guid(dfb88b91599701840970930f261b8843) (DefaultImporter) -> (artifact id: 'd4fc8efb15f2aec96d471d773d2f1c10') in 0.000204933 seconds
Start importing Packages/com.gamecore.rules.traversal/Runtime using Guid(ef690d4fdff0460fae2ae8661b8f3359) (DefaultImporter) -> (artifact id: '8fdab4d8c7624e3674cd1c55d30a22ff') in 0.000194635 seconds
Start importing Packages/com.unity.entities/Unity.Entities.Tests/SystemAPI using Guid(00bf13e1833846368111ce40415c6af3) (DefaultImporter) -> (artifact id: '9bc509ed5a4bfe6ba9a224c59d91f52a') in 0.000199363 seconds
Start importing Packages/com.gamecore.planning/Tests/Scheduling using Guid(20ac0026d13649fc09b1b0bc350731f4) (DefaultImporter) -> (artifact id: '7c707e24f217a26b5582fbe20a78e95a') in 0.000191033 seconds
Start importing Packages/com.gamecore.unity.runtime/Runtime/Time using Guid(30d4202df31260c6bb5e65f18bd517b4) (DefaultImporter) -> (artifact id: '8fe060775fb82e49b27a04520223277a') in 0.000206866 seconds
Start importing Packages/com.unity.test-framework.performance/Editor/TestReportGraph using Guid(30bb01dc09cb89b4faf344490fee76a7) (DefaultImporter) -> (artifact id: 'c056d2cc8d67d2551a8b28858fc6c1f5') in 0.000206091 seconds
Start importing Packages/com.unity.entities/Unity.Entities.Editor.Tests/Inspector using Guid(50830200f8a641759518fb32f2a2328c) (DefaultImporter) -> (artifact id: '2c8c7aa706121535908b3dd40012e6ad') in 0.000198401 seconds
Start importing Packages/com.unity.entities/Unity.Entities/ProfilerModules using Guid(602a9fb6a6936c14283bba18340976c0) (DefaultImporter) -> (artifact id: 'b697edd6b5ac2d77c363b9f51c089859') in 0.000195164 seconds
Start importing Packages/com.unity.entities/Unity.Entities.Editor/SystemSchedule using Guid(70925a2c49ee0c94ca29768b9d195815) (DefaultImporter) -> (artifact id: '4e4ff57c60e23e111abf4dfa3dd53658') in 0.000207377 seconds
Start importing Packages/com.gamecore.composition/Runtime/Services using Guid(90c0c859de2a92ad0ab9a3d7b073feed) (DefaultImporter) -> (artifact id: '2c8017ae05ee369257c9b12d0d2a061f') in 0.000196683 seconds
Start importing Packages/com.unity.entities/Unity.Entities.UI/Extensions using Guid(90cd5b5796466eb4f8688b7481a59d69) (DefaultImporter) -> (artifact id: 'a752a1f34e58d6c0305535d8f7f14fa9') in 0.00019353 seconds
Start importing Packages/com.gamecore.content.compiler/Runtime/Description using Guid(b01f02690881109758fe09e3bc0ad48e) (DefaultImporter) -> (artifact id: 'e9c5a71b921712d2ddfb0a2ec5f43cb9') in 0.00020632 seconds
Start importing Packages/com.unity.test-framework.performance/Runtime/Measurements using Guid(c0c170ab616b34944bcd5e75cfcb9d06) (DefaultImporter) -> (artifact id: '1d464c796009f8842937b83aa02f7d7a') in 0.000203725 seconds
Start importing Packages/com.unity.entities/Unity.Entities.Editor/PropertyDrawers using Guid(c002814d7fc374e5a9839d148f1deccf) (DefaultImporter) -> (artifact id: '21f22bda529af261c6c076e72baadb44') in 0.000197784 seconds
Start importing Packages/com.unity.ext.nunit/net40/unity-custom using Guid(c0673f99c7a5d42e081a6f88c5a37862) (DefaultImporter) -> (artifact id: 'f4fcd55258eeff1a5f459a9ca176b6e0') in 0.000197083 seconds
Start importing Packages/com.unity.entities/Unity.Entities.Editor.PerformanceTests/Utilities using Guid(e09c2da3eb3af0a479a1d2bcad95a435) (DefaultImporter) -> (artifact id: '3c4d67baad5b6fd8833c1e11ebafe62b') in 0.000202434 seconds
Start importing Packages/com.unity.entities/Unity.Entities.Editor.Tests/Utilities using Guid(f002a6e25c592d94b9b778cfca7fe37f) (DefaultImporter) -> (artifact id: 'b6a7a5a0de4f5d0be4265329b2a38b0e') in 0.000198419 seconds
Start importing Packages/com.unity.entities/Unity.Core/Hashes using Guid(2145fc3b12f2cd14993846b60f997be6) (DefaultImporter) -> (artifact id: '83078f99cdc4a613468b37124b201202') in 0.00020159 seconds
Start importing Packages/com.gamecore.derivation/Runtime/Explain using Guid(4183d59a0d77206bd7a80356204ea66d) (DefaultImporter) -> (artifact id: 'fb7d2a887999f2bb74e5d3c6fce26d9b') in 0.000198659 seconds
Start importing Packages/com.unity.entities/Unity.Scenes/Hybrid using Guid(41d6268cf6920884f9befdb6440814ba) (DefaultImporter) -> (artifact id: '0a3ad431dc87efa4b19347237cd6879b') in 0.000198435 seconds
Start importing Packages/com.gamecore.gameplay.narrative/Fixtures/Runtime using Guid(41fa37baa05e0b6c9900dc635acb94fa) (DefaultImporter) -> (artifact id: '4d0fa78406ca9a7a61aee357d43748cd') in 0.000191798 seconds
Start importing Packages/com.gamecore.derivation/Runtime/Budget using Guid(410badb68140e9950ce97c0fdd62e18b) (DefaultImporter) -> (artifact id: '0a531ff61ea98bd5891391aedb5c2149') in 0.000196185 seconds
Start importing Packages/com.unity.entities/Unity.Scenes/LiveConversion using Guid(6126c7f66f997d44fb2a17591bf6d992) (DefaultImporter) -> (artifact id: 'f8166650640bf3a3af9fd936ae8e772d') in 0.000196636 seconds
Start importing Packages/com.gamecore.contracts/Runtime/Catalog using Guid(61edf94f17283b2eba86d9bbfbf68a24) (DefaultImporter) -> (artifact id: 'd47aef59be8d6eaaefed642f93db3621') in 0.000194612 seconds
Start importing Packages/com.unity.entities/Unity.Entities.Editor/Inspector using Guid(71f044f3031649a459cfe9d8b33b1064) (DefaultImporter) -> (artifact id: '366e04c165453219a179319965f00f1b') in 0.000187102 seconds
Start importing Packages/com.gamecore.unity.runtime/Tests/Messages using Guid(71277c5167f1005448060baa239d4922) (DefaultImporter) -> (artifact id: '8adc0884439707e5d75de9737ab874d2') in 0.000198181 seconds
Start importing Packages/com.unity.mathematics/Unity.Mathematics/Geometry using Guid(8179f9b7bb3904f5ba86140bea0a128b) (DefaultImporter) -> (artifact id: 'c49907dbfdabccf49117d4ea50ab372d') in 0.000198713 seconds
Start importing Packages/com.gamecore.unity.runtime/Tests/Delivery using Guid(a105964d16d14109a205cb38f3f57186) (DefaultImporter) -> (artifact id: '070fb57f65c79a50ad42c3979ce725ba') in 0.000200874 seconds
Start importing Packages/com.gamecore.unity.runtime/Tests/Recovery using Guid(b1947edb74e54187bba211b3568eff9f) (DefaultImporter) -> (artifact id: 'e2d9bbdde75210b7c6dd0434dd050e48') in 0.000192477 seconds
Start importing Packages/com.unity.entities/Unity.Entities.Editor/ScriptTemplates using Guid(d13264fbd680a41518f9575e5d954992) (DefaultImporter) -> (artifact id: '6440b8c61710924002620b8896511543') in 0.000198228 seconds
Start importing Packages/com.gamecore.gameplay.traversal/Fixtures/Runtime using Guid(e1c0cc81a3a046e58361a1176ca16e87) (DefaultImporter) -> (artifact id: 'e2afa5b87d1c812e27b5a347927fdce4') in 0.000213586 seconds
Start importing Packages/com.gamecore.gameplay.integration/Runtime/RewardOutbox using Guid(e198cd46549f4618807dd4e836487716) (DefaultImporter) -> (artifact id: '481b494885c086c8318f14085c2f4e89') in 0.00019521 seconds
Start importing Packages/com.gamecore.derivation/Tests/ModeAndReach using Guid(f11aae2bfdcafec0f622e8e6a26e7f3c) (DefaultImporter) -> (artifact id: '6c446cd47c625be334dfd49573df55d4') in 0.000189155 seconds
Start importing Packages/com.unity.entities/Unity.Core.Editor/Compression using Guid(f12ad5b96d84555459b789070f0055c9) (DefaultImporter) -> (artifact id: 'fcb71a66578045cd0bf763eb5446160a') in 0.000202742 seconds
Start importing Packages/com.gamecore.gameplay.cards/Fixtures/Runtime using Guid(024f97801ed171020b8f1dedee7ce7ab) (DefaultImporter) -> (artifact id: '8ed2f3e80ba179a5a2305fe7d0e9506b') in 0.000192695 seconds
Start importing Packages/com.unity.entities/Unity.Entities.Hybrid.Tests/Prefabs using Guid(32f5c0840aaf221448fe8b98d4a8c3aa) (DefaultImporter) -> (artifact id: '2abd7c37aa0f77a614c313ac57d41187') in 0.000196645 seconds
Start importing Packages/com.unity.entities/Unity.Entities.Editor/ContentProvider using Guid(324bc92b36144e768002952ffbd764cb) (DefaultImporter) -> (artifact id: '90b62a50c5e6433f4311847d816ea286') in 0.000195166 seconds
Start importing Packages/com.unity.entities/Unity.Entities.Editor/Unity.InternalAPIEngineBridge.002 using Guid(52c037a3a6a9a4140819bc21efd2ea91) (DefaultImporter) -> (artifact id: '4005c6974c9a1221036ce755b391bfe1') in 0.00020779 seconds
Start importing Packages/com.unity.entities/Unity.Scenes.Editor.PerformanceTests/Assets using Guid(82ad3db7f7f820941b0f906a8890c75f) (DefaultImporter) -> (artifact id: 'e9ce3a607aac07cb40c665360e1e51fc') in 0.000297974 seconds
Start importing Packages/com.gamecore.composition/Tests/Lifecycle using Guid(c27a561120bfb7db533f7ddfd6e53cb2) (DefaultImporter) -> (artifact id: '7b4d611127faa9350f00672496e27174') in 0.000228662 seconds
Start importing Packages/com.unity.scriptablebuildpipeline/Editor/Shared using Guid(d2753eab703276041afb1d58301a291c) (DefaultImporter) -> (artifact id: 'f0801406c352b2927542355afb38e04e') in 0.000237338 seconds
Start importing Packages/com.unity.serialization/Tests/Unity.Serialization.Editor.Tests using Guid(d2a800ffb230e4810bbe4edf60e43cba) (DefaultImporter) -> (artifact id: 'a45e792f57f01ab0d318981333ef8c3c') in 0.000216594 seconds
Start importing Packages/com.unity.test-framework.performance/Runtime/Attributes using Guid(d2bd35c14da30b94c81ec15c7db30136) (DefaultImporter) -> (artifact id: '2686fafd4fe31f00916d69115d66d98c') in 0.000213893 seconds
Start importing Packages/com.unity.entities/Unity.Entities.UI/Attributes using Guid(f229f2ee37952c042860f82da0fc71d8) (DefaultImporter) -> (artifact id: '413d7bd41cefb1064dd47129a3f9810a') in 0.000228472 seconds
Start importing Packages/com.gamecore.contracts/Runtime/Contracts using Guid(032839dc9dcca3f0486ccf4b43fa5072) (DefaultImporter) -> (artifact id: '3170b4f7762da9371175b2ec6a258672') in 0.000223842 seconds
Start importing Packages/com.unity.test-framework.performance/Runtime/Data using Guid(0369bc643b4a11246a869e582c0f275a) (DefaultImporter) -> (artifact id: '92fd8c6c39ee2a0b810ba93c1dbcf93d') in 0.000211032 seconds
Start importing Packages/com.unity.entities/DocCodeSamples.Tests/content-management using Guid(137561984df69514f9fd0d449b69e03d) (DefaultImporter) -> (artifact id: '30ff6c0d35089f8a8ed0fa5478b14a9e') in 0.000204836 seconds
Start importing Packages/com.unity.entities/Unity.Entities.Editor/Elements using Guid(131a9ef1280eaed45b3f69475125b3c0) (DefaultImporter) -> (artifact id: 'bbca1dd08a6ade5fd1c7fe54d0fedb4a') in 0.000218436 seconds
Start importing Packages/com.gamecore.rules.narrative/Tests/Dialogue using Guid(13fdc1d7d13a08e68bcb2a145e75070e) (DefaultImporter) -> (artifact id: '8b692463f6811687f3714a685c98be03') in 0.000228279 seconds
Start importing Packages/com.unity.entities/Unity.Entities.Editor.Tests/SystemSchedule using Guid(235b25c74a8248fd91ca71e25e219ab0) (DefaultImporter) -> (artifact id: 'f801787b3c78e93dc15441960f754ef9') in 0.000213692 seconds
Start importing Packages/com.unity.entities/Unity.Entities.Tests/ForEachCodegen using Guid(33d692272fe38c24d850ca1c4f8b5f3d) (DefaultImporter) -> (artifact id: 'ffcfda05dae69fabc5740b8903b486e1') in 0.000208717 seconds
Start importing Packages/com.gamecore.unity.runtime/Runtime/Recovery using Guid(33494b6bd03644b3b4daa26ee26614ed) (DefaultImporter) -> (artifact id: 'cfeaffb75ea4ddfbd53d14073dd64d16') in 0.000209426 seconds
Start importing Packages/com.unity.collections/Unity.Collections.PerformanceTests/Unity.PerformanceTesting.Benchmark using Guid(336c58ff186c3f245a1e3353bd539093) (DefaultImporter) -> (artifact id: '568ca3ef0c7f2999c4ad967636184c1d') in 0.000224134 seconds
Start importing Packages/com.gamecore.derivation/Runtime/Invalidation using Guid(43a6c4341fb844c0ba1964b3184da9e5) (DefaultImporter) -> (artifact id: 'b5ab6766f1caa507fd395ba656935498') in 0.000208453 seconds
Start importing Packages/com.gamecore.derivation/Tests/Support using Guid(43f8ef1fee989cbadfca245f4654d94d) (DefaultImporter) -> (artifact id: '2d6adac346a5fc31f8f41995b89ef815') in 0.000204088 seconds
Start importing Packages/com.gamecore.rules.narrative/Tests/Derivation using Guid(637f939028f3a020c806726c7626f45e) (DefaultImporter) -> (artifact id: 'd13980b3dcbbf4512f0363ebdf851788') in 0.000214843 seconds
Start importing Packages/com.gamecore.unity.adapters/Runtime/Assets using Guid(73f6d4474aed46d78f7aa7cc36e7ddb4) (DefaultImporter) -> (artifact id: 'de32273e39db996015d911ea20938553') in 0.000220738 seconds
Start importing Packages/com.unity.scriptablebuildpipeline/Editor/Injector using Guid(83be1c14cfbe90c4288847f2b01c1884) (DefaultImporter) -> (artifact id: 'c5058064ede26c4466bfc91e062c8a83') in 0.000222464 seconds
Start importing Packages/com.unity.entities/Unity.Entities.Editor/Styles using Guid(934984215545149acaa747df37dde4df) (DefaultImporter) -> (artifact id: '0e6f4fd67ab1ff47ccf5989586d6a5df') in 0.000205644 seconds
Start importing Packages/com.unity.test-framework/UnityEditor.TestRunner/UnityTestProtocol using Guid(936c6340f3468444ebb1785b4c311126) (DefaultImporter) -> (artifact id: '483d26fa6f42e15acd6790bf9c72ba8c') in 0.000214233 seconds
Start importing Packages/com.gamecore.unity.runtime/Runtime/Delivery using Guid(a34a0252e79b4aa59d0d5610bbc533a6) (DefaultImporter) -> (artifact id: '28586b41bf54e93120c57bf1f62406d5') in 0.000203813 seconds
Start importing Packages/com.gamecore.planning/Tests/StatePolicies using Guid(b3d5bfff5405a049970709d3161f37f8) (DefaultImporter) -> (artifact id: '355e67cb9b2de9244c1b234298158fe4') in 0.000201852 seconds
Start importing Packages/com.gamecore.composition/Runtime/Lifecycle using Guid(c3884121494aadff4bd59838cd4878e8) (DefaultImporter) -> (artifact id: 'd0c2635b424d26fbad5839819f2c6d83') in 0.000192439 seconds
Start importing Packages/com.unity.mathematics/Unity.Mathematics/Properties using Guid(d3e017d9ad3f00a4c9e234b0236911b7) (DefaultImporter) -> (artifact id: 'b01fd5d2b1f671ec0cf32c26fb4e248e') in 0.0002063 seconds
Start importing Packages/com.unity.scriptablebuildpipeline/Editor/Tasks using Guid(d3f1cef9a16d4a21826a13742ee5ea01) (DefaultImporter) -> (artifact id: 'e487b15b9dc85b3818961a4a1767004f') in 0.000211098 seconds
Start importing Packages/com.unity.entities/Unity.Entities.Editor/Common using Guid(d34461ad0f3b54deda59d55062bbd54a) (DefaultImporter) -> (artifact id: 'ba89993823eaabc7773a411e6430e745') in 0.0002053 seconds
Start importing Packages/com.unity.serialization/Tests/Unity.Serialization.Tests using Guid(d309f1580b878134bb8c81cc39b3ea1e) (DefaultImporter) -> (artifact id: 'e4a880aa216506d676c5b7aef1cff513') in 0.00019989 seconds
Start importing Packages/com.unity.entities/Unity.Entities.Editor/Settings using Guid(e3b1c096dea1e234ca2b9f564962bdf4) (DefaultImporter) -> (artifact id: '84ae829d8f0fa7e0f6629a82416863a7') in 0.000198997 seconds
Start importing Packages/com.unity.entities/Unity.Entities.Tests/Content using Guid(e397fe2ef33317147b9d96ad8e456907) (DefaultImporter) -> (artifact id: '51d94e9feafde70d18e3e915d0ce5502') in 0.000211839 seconds
Start importing Packages/com.gamecore.derivation/Runtime/Oracle using Guid(04f8a1bf77af6656625c31890f1edbd0) (DefaultImporter) -> (artifact id: '36d9b8d1a5863acb90ed8c920930482b') in 0.000204585 seconds
Start importing Packages/com.unity.scriptablebuildpipeline/Editor/Profiler using Guid(24de8307d973e7541803ec7b592a5361) (DefaultImporter) -> (artifact id: 'a410f5116c0d282b71a49ac3b2a2ee4f') in 0.000207685 seconds
Start importing Packages/com.gamecore.rules.narrative/Tests/Facts using Guid(54a150e9b2bc81a0da1f9ba8583484e6) (DefaultImporter) -> (artifact id: '24d55deb2fda2259875c4af3583b40b7') in 0.000210499 seconds
Start importing Packages/com.unity.entities/Unity.Entities/Properties using Guid(545633badaf48d74ab75c43c2cd88908) (DefaultImporter) -> (artifact id: 'cf376496af095869c712eb36aaeabf64') in 0.000207318 seconds
Start importing Packages/com.unity.mathematics/Tests/Properties using Guid(749a3b666b115be46b00490e7232fb1b) (DefaultImporter) -> (artifact id: '09da078a34e113d21562f7936e5f2473') in 0.000209498 seconds
Start importing Packages/com.unity.entities/Unity.Entities/Types using Guid(94c1ff0cd06e944388c16ac3e891e402) (DefaultImporter) -> (artifact id: 'b8e0f574505975aca173f8d05cf94311') in 0.000204761 seconds
Start importing Packages/com.unity.sysroot.linux-x86_64/Tests/Editor using Guid(a4ba451dcf348469cb1fd6802655fd98) (DefaultImporter) -> (artifact id: 'f00b8449f9474a315e906e44e53d9c57') in 0.000275095 seconds
Start importing Packages/com.unity.test-framework/UnityEditor.TestRunner/CommandLineTest using Guid(b477d1f29b65a674e9d5cdab4eb72b01) (DefaultImporter) -> (artifact id: 'd7abe359a1b05afd93dcd5b5d76cf33e') in 0.000256086 seconds
Start importing Packages/com.unity.entities/Unity.Scenes.Editor.Tests/Content using Guid(c400f8c17c00d1043a202fa6f1770d9b) (DefaultImporter) -> (artifact id: '36597fe9b3ee8c58107d1cd051f050b9') in 0.000234366 seconds
Start importing Packages/com.unity.burst/Runtime/Editor using Guid(c433e85ffb033bc99961d95aba84d010) (DefaultImporter) -> (artifact id: '5eb0c2ed7bac43c0b79310451cd8e81e') in 0.000230719 seconds
Start importing Packages/com.unity.serialization/Editor/Unity.Serialization.Editor using Guid(d4efc4c4f359eeb48baa8998a9eb6dc5) (DefaultImporter) -> (artifact id: '81764459e695ef5c831e0234c51c1a67') in 0.000217552 seconds
Start importing Packages/com.gamecore.contracts/Runtime/Telemetry using Guid(e4bfdadba3ec4fa38f99c2bda2011049) (DefaultImporter) -> (artifact id: '520907ead5ea2f5f60efc1844751b63e') in 0.000206287 seconds
Start importing Packages/com.gamecore.planning/Tests/Ownership using Guid(056cd01709e687bff89f6717d4a73616) (DefaultImporter) -> (artifact id: '58e7487ad46630cfc8528a9f7cbe9b02') in 0.000198406 seconds
Start importing Packages/com.unity.collections/Unity.Collections.Tests/Jobs using Guid(15816ede41b819e439cb53115efc62b0) (DefaultImporter) -> (artifact id: '1a08485c28cefb119264fdd980af9c78') in 0.000269507 seconds
Start importing Packages/com.unity.entities/Unity.Entities/QueryEnumerable using Guid(251a96e5ff504ae8b3857790926c103c) (DefaultImporter) -> (artifact id: '0c1405aa17105569ab9ebc4dcd2111b5') in 0.000225381 seconds
Start importing Packages/com.unity.entities/Unity.Entities/Diff using Guid(251e001cd35bb4745bb07050594744f4) (DefaultImporter) -> (artifact id: 'ba3b1d76ae21607b67863972d0b220fd') in 0.000211651 seconds
Start importing Packages/com.gamecore.unity.runtime/Runtime/Lifecycle using Guid(455b29e401af20a0faa6d64e5ee1233b) (DefaultImporter) -> (artifact id: 'd043203299d3a138efeff6f62203d599') in 0.000212159 seconds
Start importing Packages/com.unity.nuget.mono-cecil/Tests/Editor using Guid(45ad7246e4741472187b3dbd3cfff518) (DefaultImporter) -> (artifact id: '801dfbd8c224532ed73112e7c1e41051') in 0.000212707 seconds
Start importing Packages/com.unity.scriptablebuildpipeline/Runtime/Shared using Guid(5585298bf0833b040b458ff94f911fd9) (DefaultImporter) -> (artifact id: 'c22f6c127029ae606b941d76f7e09a96') in 0.000195884 seconds
Start importing Packages/com.gamecore.composition/Runtime/Diagnostics using Guid(75c8e42e5aaa4b29b73a5d262db3e5ee) (DefaultImporter) -> (artifact id: 'b5e1197dba734e26c53cd1b470dc894b') in 0.000203708 seconds
Start importing Packages/com.gamecore.unity.adapters/Runtime/Pure using Guid(85db84199a4e4d11a882747355c8a74f) (DefaultImporter) -> (artifact id: '78c7d62f40445ad7a22bd6f5a5ab22b5') in 0.000216637 seconds
Start importing Packages/com.unity.entities/Unity.Entities.Tests/Journaling using Guid(958405b878f043142ab4c0eaaa886422) (DefaultImporter) -> (artifact id: '203de61a87cfe60d75f614a2ea36cb2c') in 0.000264655 seconds
Start importing Packages/com.unity.test-framework/UnityEditor.TestRunner/TestSettings using Guid(95b719082a664ea45bb56759eed1f271) (DefaultImporter) -> (artifact id: '4d0b04fada6b6a6a34a84bcd27e10c97') in 0.000232288 seconds
Start importing Packages/com.unity.entities/Unity.Entities.Tests/ProfilerModules using Guid(d5e29cb3416890c499600ca31dbdc9ec) (DefaultImporter) -> (artifact id: '401c8d08c4ce3ea6e3ae246986bda832') in 0.000208628 seconds
Start importing Packages/com.unity.burst/Runtime/CompilerServices using Guid(d549366794d73f618193482d7f40ae75) (DefaultImporter) -> (artifact id: '464ae15b57cadd431d480396f133d94a') in 0.000208477 seconds
Start importing Packages/com.gamecore.unity.runtime/Runtime/Observation using Guid(d5ee11b27a734b93aee79163903cf128) (DefaultImporter) -> (artifact id: '87feb1d87fd94bef6cb2e53f6ebd1ede') in 0.000207309 seconds
Start importing Packages/com.unity.scriptablebuildpipeline/Editor/Interfaces using Guid(e501e91b337adda41bd6c22cf8cae83e) (DefaultImporter) -> (artifact id: '36143ecc005d0baac58f6455273c9e4d') in 0.00019739 seconds
Start importing Packages/com.unity.serialization/Runtime/Unity.Serialization using Guid(e5ab883de6fb1494b8ecfaaf106a3b24) (DefaultImporter) -> (artifact id: 'c7a92e665a4550c08b16fa13eeff865a') in 0.000208069 seconds
Start importing Packages/com.unity.entities/Unity.Entities.Tests/Types using Guid(f521dcfb85f9f4e479fac091b507204e) (DefaultImporter) -> (artifact id: '4a3198be4407c8cf8507e05490cc48e8') in 0.000204834 seconds
Start importing Packages/com.unity.scriptablebuildpipeline/Editor/WriteTypes using Guid(560595c1147a03c47af5bcc7410963c0) (DefaultImporter) -> (artifact id: 'a7d0097a99dd94aebff86bce1b4b087b') in 0.000198541 seconds
Start importing Packages/com.unity.entities/Editor Default Resources/icons using Guid(56c67086a91e2a64183f5fc42f40d2fa) (DefaultImporter) -> (artifact id: 'c31bebefb6f0b3930d5634837cbd3713') in 0.000191672 seconds
Start importing Packages/com.unity.entities/Unity.Entities.Hybrid.Tests/Conversion using Guid(668903964c7fa6340a45293c8d8fc183) (DefaultImporter) -> (artifact id: 'd3b239cbc9314049193f8be76c431e3c') in 0.000196018 seconds
Start importing Packages/com.unity.test-framework/UnityEditor.TestRunner/CommandLineParser using Guid(7602252bdb82b8d45ae3483c3a00d3e1) (DefaultImporter) -> (artifact id: '7f4042be8b266d41f83337d8fd3e2897') in 0.000209132 seconds
Start importing Packages/com.unity.entities/Unity.Entities.UI.Editor/Inspector using Guid(76978b8f69e710f4286bbbdce2410d11) (DefaultImporter) -> (artifact id: '8fec1cbdd70469b5858cf9c8dc826c7e') in 0.000201684 seconds
Start importing Packages/com.gamecore.derivation/Runtime/Validation using Guid(86c511d0fc6892c208ec4a95b74776e2) (DefaultImporter) -> (artifact id: '349be4b3ce5807b24b69d1962f885639') in 0.000192784 seconds
Start importing Packages/com.gamecore.derivation/Runtime/Index using Guid(96e9a5017dfa4ce6a504de83845e6e46) (DefaultImporter) -> (artifact id: 'a84f7f68cf4ad797120799a4f2bf89e3') in 0.000205474 seconds
Start importing Packages/com.unity.entities/Unity.Entities/SourceGenerators using Guid(96cf031de4c681a4fbe66b4fc5bc65f2) (DefaultImporter) -> (artifact id: '3fbf84142254e434129129fc116be93c') in 0.000201205 seconds
Start importing Packages/com.unity.test-framework.performance/Editor/UIElements using Guid(b6a3ada20a8c4030907eb96c0cb331bc) (DefaultImporter) -> (artifact id: 'c46ea75de8e5e013900ef621f2aac268') in 0.000203798 seconds
Start importing Packages/com.unity.scriptablebuildpipeline/Editor/Utilities using Guid(b6a4a5214fe67cf46ab0e4e1770ef275) (DefaultImporter) -> (artifact id: 'f16cdf3294200304ea9c1d007e774a70') in 0.000197162 seconds
Start importing Packages/com.gamecore.derivation/Runtime/Snapshot using Guid(b66a8f16b72b0885e9908792f7fff60f) (DefaultImporter) -> (artifact id: '280fd3bfe9bc18a45009231c3c7a7020') in 0.000188229 seconds
Start importing Packages/com.gamecore.unity.runtime/Tests/Faults using Guid(b6cd566fec7c49cebdcaacc1835dbae9) (DefaultImporter) -> (artifact id: '438b8a856d2f2416202b7224f4d13ff0') in 0.000205402 seconds
Start importing Packages/com.gamecore.contracts/Runtime/Plans using Guid(c678b48f5b0460b9babba3c07e94e7e6) (DefaultImporter) -> (artifact id: '95150e4b95c90cd7610c201f16cfe865') in 0.000194246 seconds
Start importing Packages/com.unity.test-framework/UnityEditor.TestRunner/TestLaunchers using Guid(d64d92e4f04a13e4b99ea8d48e9e8ae9) (DefaultImporter) -> (artifact id: '3292843884b5f7b4874453a902cfa1e0') in 0.000204079 seconds
Start importing Packages/com.gamecore.derivation/Tests/Provenance using Guid(e65ed9587da19af80dd950539b20139d) (DefaultImporter) -> (artifact id: '5c37f8ee8b02096adf9c802fa790dde9') in 0.000191042 seconds
Start importing Packages/com.gamecore.unity.adapters/Runtime/Physics using Guid(f62091e26d924a04a6f729d1092d1387) (DefaultImporter) -> (artifact id: '16a083d04dca582cc36c411db70a7ce1') in 0.000187029 seconds
Start importing Packages/com.gamecore.planning/Runtime/Plans using Guid(f6640424e0e19e6538bac78bd622fbd5) (DefaultImporter) -> (artifact id: '493e543fea82bd72cade03591a2f1674') in 0.000198334 seconds
Start importing Packages/com.gamecore.rules.narrative/Tests/Content using Guid(f6e8b2f0c72f4f038a5771824f038c05) (DefaultImporter) -> (artifact id: '2e50ae182af335630e27a4aec0ac3d17') in 0.000198742 seconds
Start importing Packages/com.unity.entities/Unity.Entities.Hybrid.Tests/Runtime using Guid(177784199dc2f414e8c27dd1602dc3ba) (DefaultImporter) -> (artifact id: '1c6638c9f2631d6b240aec5bbbe89ebd') in 0.000195043 seconds
Start importing Packages/com.gamecore.planning/Runtime/Ownership using Guid(276365cab9649b9a5634a5a3358722d9) (DefaultImporter) -> (artifact id: '3cd5f488454ffc9d8658684ef75071a1') in 0.000186611 seconds
Start importing Packages/com.unity.entities/Unity.Entities.Editor/Search using Guid(479d993e54fc44c719d88905439495e4) (DefaultImporter) -> (artifact id: '4d1a2e94dd221c2b718d368bd93ebead') in 0.00019731 seconds
Start importing Packages/com.gamecore.unity.runtime/Runtime/Messages using Guid(5717c1cf33d53ffd0b33e85385c19602) (DefaultImporter) -> (artifact id: '9e0d7447ee9fe6704d863ec65372ec9b') in 0.000192355 seconds
Start importing Packages/com.gamecore.planning/Tests/Plans using Guid(57e8f0ee3c48f115582df0a7c4e8ee0f) (DefaultImporter) -> (artifact id: 'fbc7b1fa223c7683a7d3384796d3f6b5') in 0.00018707 seconds
Start importing Packages/com.gamecore.derivation/Runtime/Engine using Guid(67861c5b08b8caaa0346aa03858739ac) (DefaultImporter) -> (artifact id: '962addd716d5b1dcb2bf09738072d71d') in 0.000197996 seconds
Start importing Packages/com.unity.entities/Unity.Entities.Editor.Tests/Extensions using Guid(677f7e84d3da5fc409882e994d36de05) (DefaultImporter) -> (artifact id: '9dcb85fc70276a057a07b50f9c4ff923') in 0.000199025 seconds
Start importing Packages/com.unity.test-framework/UnityEditor.TestRunner/TestRun using Guid(8721cb2237d4a564a94a51f56243bdac) (DefaultImporter) -> (artifact id: '878b6064979e1990108a77cb392d64d1') in 0.000269196 seconds
Start importing Packages/com.unity.entities/Unity.Entities/Internal using Guid(87264a69ed524c448a0f6c9f9f8108ee) (DefaultImporter) -> (artifact id: '7adc481f35ef1b81b2659e9580f3cdc9') in 0.000219777 seconds
Start importing Packages/com.unity.entities/Unity.Entities.Hybrid/GameObjectConversion using Guid(9757fe2bf62c94e2a854c6e6041e223e) (DefaultImporter) -> (artifact id: '5a59a31b0b461a3d4260a86a4f7e1eb4') in 0.000217076 seconds
Start importing Packages/com.gamecore.unity.runtime/Runtime/Persistence using Guid(a74dfaf9956d865c4a78e314c1ccf0bc) (DefaultImporter) -> (artifact id: '731cccc535984a7edef778416b886629') in 0.000210666 seconds
Start importing Packages/com.unity.entities/Unity.Entities/Content using Guid(b788fd2067455844d95cd0372ea65f06) (DefaultImporter) -> (artifact id: '1adc860d7520f85ff9f83b429c306647') in 0.000204578 seconds
Start importing Packages/com.unity.scriptablebuildpipeline/Tests/Editor using Guid(d759189bc3e47411985027b7cb98f986) (DefaultImporter) -> (artifact id: '99f5580a3a4ccb46bf61fb11fbe2eeb0') in 0.000202232 seconds
Start importing Packages/com.unity.entities/Unity.Scenes.Editor/Internals using Guid(e7fd1e7ab65547538b1f4e1f85016e24) (DefaultImporter) -> (artifact id: 'ce28adac90919a505d49a49e3819cfe5') in 0.000198943 seconds
Start importing Packages/com.unity.entities/Unity.Entities.Hybrid/Iterators using Guid(e72e4b442466f429db62ca098867d5b2) (DefaultImporter) -> (artifact id: 'b13bc85b4f32877b3ed7d7167c26813c') in 0.000206798 seconds
Start importing Packages/com.unity.collections/Unity.Collections/Jobs using Guid(f778b3b3948af5542847d94f90157bd6) (DefaultImporter) -> (artifact id: '1e680dfe29ba0556259bdc36ca1fb87d') in 0.000205439 seconds
Start importing Packages/com.unity.entities/Unity.Entities.Editor/Journaling using Guid(f76f156af17dec246829844bec912936) (DefaultImporter) -> (artifact id: 'bd518fe9ea619e8695923ce74766ff13') in 0.000198846 seconds
Start importing Packages/com.unity.entities/Unity.Entities.Tests/SystemAPIQueryBuilderCodeGen using Guid(1882355c2b7246e48db2561cce01348b) (DefaultImporter) -> (artifact id: 'cad8e74a9e49ec9b4131ac61043eca92') in 0.000196881 seconds
Start importing Packages/com.unity.entities/Unity.Entities.Editor/Extensions using Guid(1874738ef620b774ea363812a9540511) (DefaultImporter) -> (artifact id: '1aaa342493d5e65a6d5ec824a7436ccc') in 0.000189013 seconds
Start importing Packages/com.unity.test-framework.performance/Runtime/Statistics using Guid(18966f2a7fc5d4073a425a1a3d564494) (DefaultImporter) -> (artifact id: '27acf056631915be7ed5699c314826ed') in 0.00021049 seconds
Start importing Packages/com.gamecore.rules.narrative/Tests/Identity using Guid(28c8a65c063fbb3a59ce4c358b9ac56a) (DefaultImporter) -> (artifact id: '41cdfe220cd18139a98510f70c539b68') in 0.000201254 seconds
Start importing Packages/com.gamecore.composition/Runtime/Operations using Guid(48509d58b10b2eb0ab05b45462cb5307) (DefaultImporter) -> (artifact id: 'aca9db738cdc3c4902241c75b80d107e') in 0.000190643 seconds
Start importing Packages/com.unity.entities/Unity.Entities.UI.Editor/Elements using Guid(483edae3f0edcbb418fe34f2c8a45aa2) (DefaultImporter) -> (artifact id: '49d0f7e770898c8835159e276959199e') in 0.000207141 seconds
Start importing Packages/com.gamecore.unity.adapters/Fixtures/Runtime using Guid(68fa5c31cac5416a887a0e9cad8a22de) (DefaultImporter) -> (artifact id: 'f8ff616f4eb5e9b22dca905cfe13c3b6') in 0.000208968 seconds
Start importing Packages/com.unity.entities/Unity.Entities.Editor.Tests/Search using Guid(98a3151db5ef45779f15c679697ab627) (DefaultImporter) -> (artifact id: '8155b5341c59dae059b805923188835e') in 0.000206486 seconds
Start importing Packages/com.gamecore.unity.runtime/Runtime/Integration using Guid(a8c980a33571a7a4d3c1f7f6f6706514) (DefaultImporter) -> (artifact id: '1e1d604d888df100cda9de14fd7fc492') in 0.000195152 seconds
Start importing Packages/com.gamecore.unity.adapters/Tests/Runtime using Guid(b811ddc5833ace21a8f8733014ba0c95) (DefaultImporter) -> (artifact id: 'a42c03acb4a2d947b919d83dbf9ffc46') in 0.00019576 seconds
Start importing Packages/com.gamecore.planning/Runtime/Scheduling using Guid(b846c8d1a501b830b9386fe52ee6efaf) (DefaultImporter) -> (artifact id: '65433b54ca20d0a6f9307e3fbffdbd6f') in 0.000211777 seconds
Start importing Packages/com.unity.scriptablebuildpipeline/Tests/Runtime using Guid(b8bbf1ba7b840684694954b3680a4b91) (DefaultImporter) -> (artifact id: '1e9de65b3fbb98d305b057dc2a16353a') in 0.000219988 seconds
Start importing Packages/com.unity.entities/Unity.Entities.Hybrid/Components using Guid(c84782d7b945a4481809a3a26487e776) (DefaultImporter) -> (artifact id: '5575e0f1c2563128ea1f93975d507f67') in 0.000213059 seconds
Start importing Packages/com.gamecore.contracts/Runtime/Manifest using Guid(d809d3bca685a689bad315764649ee9a) (DefaultImporter) -> (artifact id: '1813f2d235d8b5af3ac3378527bd5509') in 0.000195872 seconds
Start importing Packages/com.unity.entities/Unity.Entities.Editor/Content using Guid(f85339b9e9b6418baa620be88fbdbfa4) (DefaultImporter) -> (artifact id: '74c4695f300dd10461a7b5759ccab578') in 0.000208522 seconds
Start importing Packages/com.unity.entities/Unity.Entities.Hybrid/Injection using Guid(f82ba39c4ae7b431fa30dcbccf259f9d) (DefaultImporter) -> (artifact id: 'c3a15968223f911a35ebcbc41c981868') in 0.000203165 seconds
Start importing Packages/com.unity.test-framework/UnityEngine.TestRunner/UnityTestProtocol using Guid(19e1940646874613a076c6b01d1f3404) (DefaultImporter) -> (artifact id: 'e62a4d5776733de3dd284c7bda3e08bd') in 0.000205035 seconds
Start importing Packages/com.gamecore.composition/Tests/Fixtures using Guid(194b1a910fc907cca95f7c3a098c80af) (DefaultImporter) -> (artifact id: '54baaf5b0535df1fb6f8101963f19e20') in 0.000197011 seconds
Start importing Packages/com.unity.test-framework.performance/Runtime/Meters using Guid(29eafdd9eaae4d7995048ee61cd0b7d2) (DefaultImporter) -> (artifact id: '2f89c701976b193e80308ee4400360c3') in 0.000217775 seconds
Start importing Packages/com.unity.entities/Unity.Entities.Hybrid/Baking using Guid(4911ff723db670360a884c252ce2d0b0) (DefaultImporter) -> (artifact id: 'ad646426f5013a381a76a7a5b4e3a172') in 0.00020417 seconds
Start importing Packages/com.unity.test-framework/UnityEditor.TestRunner/TestRunner using Guid(49d4c2ab7ff0f4442af256bad7c9d57c) (DefaultImporter) -> (artifact id: '2c2a8c762103d2c2092be30ecefdc9a7') in 0.000201011 seconds
Start importing Packages/com.unity.entities/Unity.Entities.Editor/Hierarchy using Guid(791a6fab5663cac4cbf2fd3048b07538) (DefaultImporter) -> (artifact id: '96f66ea07ecebb854f04863e0c11c1ab') in 0.000203169 seconds
Start importing Packages/com.unity.entities/Unity.Entities.Editor.Tests/Controls using Guid(79be151bcb2646b889f47911d08fcaaf) (DefaultImporter) -> (artifact id: 'e48205dd80c3ce6c0bd48a82d71f4865') in 0.000208367 seconds
Start importing Packages/com.unity.entities/Unity.Entities.Tests/InAnotherEmptyAssembly using Guid(994baec657434b869a1df142c8b3e31b) (DefaultImporter) -> (artifact id: '9a437c2a0d4d7aa653081ed37e62f86a') in 0.000202448 seconds
Start importing Packages/com.unity.entities/Unity.Entities/Stubs using Guid(994e918d4e98f4be2876dbefadd6045f) (DefaultImporter) -> (artifact id: 'ae319233e3882a2a7083b8bc6c0680b3') in 0.000196997 seconds
Start importing Packages/com.unity.entities/Unity.Entities.Editor.Tests/ScriptTemplates using Guid(a90c825eb28b34ec1886dd34b7d2c32e) (DefaultImporter) -> (artifact id: '6d1cd444788d6b7e05124373caa9baf1') in 0.000192807 seconds
Start importing Packages/com.unity.toolchain.linux-x86_64/Tests/Editor using Guid(a92e90f8d5f3b7bd48967a27d8fbdebe) (DefaultImporter) -> (artifact id: '1d2ff726bffae10ac439465f9348af55') in 0.000205062 seconds
Start importing Packages/com.gamecore.unity.runtime/Fixtures/Runtime using Guid(b9e6b790ae925a452899d7e7bbc6db8f) (DefaultImporter) -> (artifact id: 'df00850e7c7f1cb826eddcf0fe19adb2') in 0.000199832 seconds
Start importing Packages/com.unity.entities/Unity.Entities/Serialization using Guid(b9f6e59e7e6cb0749854cca3483d2fb8) (DefaultImporter) -> (artifact id: 'aff078ab858dd85d2c950e6267b7de5b') in 0.000194046 seconds
Start importing Packages/com.gamecore.rules.narrative/Tests/Encounters using Guid(b91af1722f1c9a8828a1f50ddf5ef3b3) (DefaultImporter) -> (artifact id: '20cbf008bdfbc99b72bfc93ca6891d78') in 0.000186383 seconds
Start importing Packages/com.unity.entities/Unity.Entities.Editor.Tests/Conversion using Guid(d90894d4d62807c4ead892f627e44ff3) (DefaultImporter) -> (artifact id: '5200ee44c4f92fd181e9ea2693c6958d') in 0.00021827 seconds
Start importing Packages/com.gamecore.rules.narrative/Tests/Gates using Guid(0a305bda99a238a3ea9754972f6baa9d) (DefaultImporter) -> (artifact id: '4c3d3a75208e4af4396b1858fcde89bc') in 0.000202185 seconds
Start importing Packages/com.gamecore.unity.runtime/Runtime/Execution using Guid(0a0aaabcedf2e66f9b8d7abc03f266f9) (DefaultImporter) -> (artifact id: 'ba0c57abb81b64185df8f0dd5e6ed73a') in 0.000193895 seconds
Start importing Packages/com.unity.test-framework/UnityEngine.TestRunner/Assertions using Guid(1ad55f5ad04d1d045a1f287409c650dd) (DefaultImporter) -> (artifact id: '6bdaa59d84691a380c3ba7c1d8bfa849') in 0.00019307 seconds
Start importing Packages/com.unity.entities/Unity.Entities.Editor/Archetypes using Guid(1a3d7817aaf99b5448dd179d11d29ffd) (DefaultImporter) -> (artifact id: 'dcd41c78c9d29bb342e34a76f48c4411') in 0.000198072 seconds
Start importing Packages/com.unity.entities/Unity.Entities.Editor/ProfilerModules using Guid(1a8d3e32b57d9e440a2adda84426d395) (DefaultImporter) -> (artifact id: '66315a563169dbe977167f6bfafd3b21') in 0.000198274 seconds
Start importing Packages/com.unity.entities/Unity.Entities.Hybrid.Tests/Baking using Guid(3a9b5f0b9ae849a68a87c263eaa724f9) (DefaultImporter) -> (artifact id: '0e1c3b98e686133ed8d4a593ec5f8dd6') in 0.000206911 seconds
Start importing Packages/com.gamecore.unity.runtime/Tests/Assembly using Guid(3a4c6b2e1b7c5f1eab8a4f52b1c2d3e4) (DefaultImporter) -> (artifact id: '0eea961bdcce1361cc60c3d1f55a249b') in 0.000202423 seconds
Start importing Packages/com.unity.entities/Unity.Scenes.Editor/ClearEntitiesCacheWindow using Guid(4a7c14b8b473bf84995bbba75be69592) (DefaultImporter) -> (artifact id: 'ff670e94b8994ddeb5641fb25622c39d') in 0.000208412 seconds
Start importing Packages/com.gamecore.unity.runtime/Runtime/Faults using Guid(4a7f44b804e14edcaf4982d390d3a234) (DefaultImporter) -> (artifact id: '65333435b252a56566bb5b2e48111d58') in 0.000193383 seconds
Start importing Packages/com.gamecore.derivation/Tests/Invalidation using Guid(6ae5e98025ed46008db83bd883aec772) (DefaultImporter) -> (artifact id: '475445c9dd31a3736e1071c959687986') in 0.000207564 seconds
Start importing Packages/com.gamecore.rules.narrative/Tests/Audit using Guid(6a2c6282a842f96d8aa8aaa4408c2705) (DefaultImporter) -> (artifact id: '8be04e2b16a797de54cca0fde1cbec55') in 0.000201514 seconds
Start importing Packages/com.unity.entities/Unity.Entities.Editor.Tests/Hierarchy using Guid(7a0f259fc5f50e9438f17edaa7b11e5e) (DefaultImporter) -> (artifact id: 'fc0c7b4d112bc004d2b6ee4259fee4bb') in 0.000201347 seconds
Start importing Packages/com.gamecore.derivation/Runtime/Policy using Guid(bac491548c8137d6102256eb4b69a51a) (DefaultImporter) -> (artifact id: '19c0fe08fefce69c7a8f2cbf7ee1d4df') in 0.000194628 seconds
Start importing Packages/com.unity.test-framework/Tests/TestNewCustomAssembly using Guid(ca0e5e7973267894ca8e1dceb2210ee5) (DefaultImporter) -> (artifact id: 'ec9729808b7dd6604b68694c1a94e68b') in 0.000202183 seconds
Start importing Packages/com.unity.test-framework/UnityEditor.TestRunner/Api using Guid(fa423365b1ce06a4dbdc6fb4a8597bfa) (DefaultImporter) -> (artifact id: '4f9583793d5edc94661340236f21f4e3') in 0.000199352 seconds
Start importing Packages/com.gamecore.unity.runtime/Tests/Runtime using Guid(faec231f1c75d0b9aae2c4e48ca1d74b) (DefaultImporter) -> (artifact id: 'f9676a960c5d71571d9f1d48e3f63fe4') in 0.000202594 seconds
Start importing Packages/com.unity.entities/Unity.Entities.Editor/Baking using Guid(0b569880325c16245916347374014863) (DefaultImporter) -> (artifact id: '0078cc357aa622fb95f3c0d025e24676') in 0.000193394 seconds
Start importing Packages/com.gamecore.unity.adapters/Tests/PlayMode using Guid(1be8de0db43f4087a8e7f873b9f2f580) (DefaultImporter) -> (artifact id: '12d5b8c30dec27547800035dfca299b2') in 0.000192181 seconds
Start importing Packages/com.gamecore.unity.adapters/Runtime/Views using Guid(3b78799b071745778a0911a5cdc6faf3) (DefaultImporter) -> (artifact id: '45661bf08af0aa1af4eba43b6428c410') in 0.000205577 seconds
Start importing Packages/com.unity.entities/Unity.Entities/LambdaJobConstruction using Guid(3b7ef0e4a6b71eb4da0b68fcc6b2e5d0) (DefaultImporter) -> (artifact id: 'b4179ea64f408d467ad698a8e2a11e06') in 0.000199742 seconds
Start importing Packages/com.unity.entities/Unity.Entities.CodeGen/StaticTypeRegistry using Guid(5b8655ed8524e344990304ec2a6cbed3) (DefaultImporter) -> (artifact id: 'f0b7f19f9acd19e7c8cbc01c78a24ebd') in 0.000191676 seconds
Start importing Packages/com.gamecore.rules.narrative/Tests/Support using Guid(5bc9b8258231076e1bae1e1ad5f0b063) (DefaultImporter) -> (artifact id: '98fd96321569ca44b5fe7e2baf7402b5') in 0.000205036 seconds
Start importing Packages/com.gamecore.derivation/Tests/Differential using Guid(6b27e5871c5bd117c66cb36534ffe96f) (DefaultImporter) -> (artifact id: '42ac03b3bda37986d7515820a4b06a0c') in 0.00019499 seconds
Start importing Packages/com.unity.entities/Unity.Scenes.Editor.Tests/TypeDependencyCacheTestAssembly using Guid(6b39f5e6bda5144c5871f06ef68c4e50) (DefaultImporter) -> (artifact id: 'fa16f28c4b2cd800f01558b43deba344') in 0.000202832 seconds
Start importing Packages/com.gamecore.unity.adapters/Runtime/PlayerLoop using Guid(6b2d2e644b1800000a50f6f1e6b2156c) (DefaultImporter) -> (artifact id: '9b8b251378d9f4a6a318b6065f3c486e') in 0.000188041 seconds
Start importing Packages/com.gamecore.unity.adapters/Tests/Adapters using Guid(8b60c38239bd4c16bfb0ead1cf6008df) (DefaultImporter) -> (artifact id: '3fb426765290befd5f830af5ce1558df') in 0.000191424 seconds
Start importing Packages/com.unity.entities/Unity.Entities.Tests/Aspects using Guid(8bd314d64ba94de2b9fbc78a42039d60) (DefaultImporter) -> (artifact id: 'ea8370bdbf4c24fdb243338d101a2a01') in 0.000199444 seconds
Start importing Packages/com.unity.mathematics/Unity.Mathematics/Noise using Guid(abc6c021d7cd541b3956a3969c8c3ccb) (DefaultImporter) -> (artifact id: '003a8a6c85eb7df80ed47a48cbdb725f') in 0.000198194 seconds
Start importing Packages/com.unity.test-framework/UnityEngine.TestRunner/Utils using Guid(bb32bccaf32a6db448d1c0cc99c78688) (DefaultImporter) -> (artifact id: 'b9ac2eaa7c139997734a4cfd1edbf73e') in 0.000200404 seconds
Start importing Packages/com.unity.entities/Unity.Scenes.Editor/Build using Guid(bb2feae355c849e438506351dcc51ddc) (DefaultImporter) -> (artifact id: 'a9aee99d01e742f0ef44b60a5d05c6a7') in 0.000200574 seconds
Start importing Packages/com.unity.entities/Unity.Scenes.Hybrid.Tests/TestSceneWithSubScene using Guid(bbaff308cd00bcc6fa837ea665e28770) (DefaultImporter) -> (artifact id: '0faa65f6d221be3402aa179b744b8e71') in 0.000208264 seconds
Start importing Packages/com.unity.entities/Unity.Entities.Editor/LiveProperties using Guid(eb80af7f4ad849569dced548f9887a94) (DefaultImporter) -> (artifact id: 'f7f32b4927e2ae2cfeed6c0e5a3714bb') in 0.000201037 seconds
Start importing Packages/com.unity.entities/Unity.Entities.Hybrid/Bindings using Guid(0ca525fb2741464428bca945ba1c9cc4) (DefaultImporter) -> (artifact id: '461ccb2b2299b7e3132414a99c581c1c') in 0.00021186 seconds
Start importing Packages/com.unity.entities/Unity.Scenes.Editor.Tests/Assets using Guid(0cd503d8b93a4ecd9edb39b86de0d84b) (DefaultImporter) -> (artifact id: '5b5a4f9713e7ef9f7d912bb5cbc63dd7') in 0.000200066 seconds
Start importing Packages/com.unity.entities/Unity.Entities.UI.Editor/Utility using Guid(4cba6e9e68e1aaf489463f2d85cd346f) (DefaultImporter) -> (artifact id: '119f91372dd8a784995dd39289fec13f') in 0.000198688 seconds
Start importing Packages/com.unity.sysroot/Tests/Editor using Guid(4cac27dd0398cfe66aa1f1eb45442a1a) (DefaultImporter) -> (artifact id: 'db7908cf7f80885aa72dec172125ef95') in 0.00021463 seconds
Start importing Packages/com.gamecore.content.compiler/Runtime/Json using Guid(5cf23cf375c331661ab710e51859deb4) (DefaultImporter) -> (artifact id: '9f0b44616d8afe5d5cc7f0e3543d2e95') in 0.000197083 seconds
Start importing Packages/com.unity.entities/Unity.Entities.Tests/InAnotherAssembly using Guid(5c2951a80cee25b4d8f720ef28b1821c) (DefaultImporter) -> (artifact id: 'a125717380f83487686711da45e429da') in 0.000195608 seconds
Start importing Packages/com.unity.entities/Unity.Entities/Iterators using Guid(5c4be65db207545baa99a7c052845069) (DefaultImporter) -> (artifact id: '29d515aaa05242a261f048a73cdae4ed') in 0.000204488 seconds
Start importing Packages/com.gamecore.derivation/Tests/Policies using Guid(6c12d77d6cd170d70562c41b4b81a3e2) (DefaultImporter) -> (artifact id: '348d4a5b9bf0985c49b43a86c8c0f8ed') in 0.00020251 seconds
Start importing Packages/com.unity.entities/Unity.Entities.Tests/EntityQuerySourceGen using Guid(6c88dec35ea64f54b2063dd9ef0f6486) (DefaultImporter) -> (artifact id: '4e9ac5ddb25febb9a27d9082836e6a01') in 0.00020415 seconds
Start importing Packages/com.unity.entities/Unity.Entities.Tests/TestData using Guid(7c8e2840d0acc1445b28ec1c8c7ad828) (DefaultImporter) -> (artifact id: '4aeeebd50a6b221090586f4ad1d1e14d') in 0.000201349 seconds
Start importing Packages/com.unity.mathematics/Tests/Tests using Guid(bccfda2dc5ad3b84eb3a644147ea0010) (DefaultImporter) -> (artifact id: '8cce2a408292c161b8aead17cb931b57') in 0.000208021 seconds
Start importing Packages/com.unity.entities/Unity.Entities.Editor/GUI using Guid(cc00b88b9e71240f3bc6f68c24a8f53e) (DefaultImporter) -> (artifact id: 'f47e7093ac0591467ac0f10336d665f6') in 0.000206015 seconds
Start importing Packages/com.unity.entities/Editor Default Resources/uxml using Guid(dc09189a090906848b2d808aea0a4df2) (DefaultImporter) -> (artifact id: '25fbff6a3fee9095f29da389a71f977f') in 0.000194615 seconds
Start importing Packages/com.unity.entities/Unity.Entities.Editor/Component using Guid(fc18bbd666f740d1a297fac30527ba26) (DefaultImporter) -> (artifact id: 'cf9543a1349eb820e487446be2792d2f') in 0.000193886 seconds
Start importing Packages/com.gamecore.contracts/Runtime/Identity using Guid(1da36382781d288adac66b3f275d545a) (DefaultImporter) -> (artifact id: '274eff9627e6e65e3deaa246f0cdc879') in 0.000202463 seconds
Start importing Packages/com.unity.test-framework/UnityEngine.TestRunner/TestRunner using Guid(1ddb9e1c877ea80479d1eab4ddaa5d0d) (DefaultImporter) -> (artifact id: '6a7e2bf038898dc9a9d8427c931ca44c') in 0.000205993 seconds
Start importing Packages/com.gamecore.unity.adapters/Runtime/Presentation using Guid(1d9e16c8deda4dc18a024c1ea45860fb) (DefaultImporter) -> (artifact id: 'cebb142944c70d8e96595fbfe164b212') in 0.000198614 seconds
Start importing Packages/com.gamecore.derivation/Tests/Termination using Guid(1dce75b13b57893dd72499e2fef1c3a2) (DefaultImporter) -> (artifact id: '33d2c7c87846337899b716eb73ba22cc') in 0.000196118 seconds
Start importing Packages/com.gamecore.unity.runtime/Runtime/Assembly using Guid(2d2b5a1f0a6b4e0d9c7f3e41a0b1c2d3) (DefaultImporter) -> (artifact id: '3ab2977204c579f08d08b96780602f8e') in 0.000201502 seconds
Start importing Packages/com.unity.entities/Unity.Scenes.Hybrid.Tests/Playmode using Guid(3de397d474c012bdc88bc3fe8e58adab) (DefaultImporter) -> (artifact id: '33efd0a33e9c5717338533b521c6e8e8') in 0.000191973 seconds
Start importing Packages/com.unity.entities/Editor Default Resources/uss using Guid(3d99163b6ed9aa043bcd2622f1d9660d) (DefaultImporter) -> (artifact id: '7da9122c0a7b0fd7581afc311966387d') in 0.000210582 seconds
Start importing Packages/com.gamecore.contracts/Runtime/Validation using Guid(4d693e5a7416b18f8b5a9deffeef2be5) (DefaultImporter) -> (artifact id: 'c9afc9afca2ca153ece498d8386fc848') in 0.000210693 seconds
Start importing Packages/com.gamecore.contracts/Runtime/Serialization using Guid(6db97b2b543d18209ae3263472eecd87) (DefaultImporter) -> (artifact id: 'cfa349de17d34ef133f9e83fd2457792') in 0.000204824 seconds
Start importing Packages/com.unity.entities/Unity.Entities.Tests/Serialization using Guid(6d2eac1262139d4419cf72050333e472) (DefaultImporter) -> (artifact id: 'c9c924eb8410868d8e3515f415682180') in 0.000215795 seconds
Start importing Packages/com.unity.entities/Unity.Scenes.Hybrid.Tests/Editmode using Guid(7d97e08a1e5b38c648688d5b7c93254b) (DefaultImporter) -> (artifact id: '8ddb3fe9e0f211bdc2a7bf0700a74c8c') in 0.000204786 seconds
Start importing Packages/com.unity.entities/Editor Default Resources/Unity.Entities.UI using Guid(bdb8b15667ba4b1ca4f73bf5ef8a5e94) (DefaultImporter) -> (artifact id: '2b06fabc7a640836c79c0ab6518f3409') in 0.000206785 seconds
Start importing Packages/com.gamecore.derivation/Fixtures/Runtime using Guid(bdcbf9ccfb97be36742687762a634867) (DefaultImporter) -> (artifact id: '66c6c2b5377de01128ebca76d9a63037') in 0.00019694 seconds
Start importing Packages/com.unity.entities/DocCodeSamples.Tests/getting-started using Guid(cd95ef1fb6e5f2843b25a072caf45fae) (DefaultImporter) -> (artifact id: 'c40f58370d0b94d058aff17cc279a060') in 0.00019786 seconds
Start importing Packages/com.gamecore.unity.runtime/Runtime/Pure using Guid(cdfbfe5696b2e45f0b34601b0a9c05ad) (DefaultImporter) -> (artifact id: '5c5efbf67b3198b12eb070a4844484c1') in 0.000194865 seconds
Start importing Packages/com.unity.entities/Unity.Entities.CodeGen/Cloner using Guid(dd14f38c45ec34b44a40a2e64424561f) (DefaultImporter) -> (artifact id: '54734c065c4bc8313af21d7ee112be6f') in 0.000206866 seconds
Start importing Packages/com.unity.entities/Unity.Entities.Editor/Unity.InternalAPIEditorBridge.002 using Guid(ed51ba64d08dc87439829f99732f48ad) (DefaultImporter) -> (artifact id: '1c526733e89f69820a9d301e5e582b43') in 0.000200622 seconds
Start importing Packages/com.unity.entities/Unity.Entities.Editor.PerformanceTests/Hierarchy using Guid(1e7a5cf55a4e2a5478ab7f885ff9074f) (DefaultImporter) -> (artifact id: '57074e05324b8410ef40ca80313e9a54') in 0.000204352 seconds
Start importing Packages/com.unity.entities/Unity.Entities.PerformanceTests/Diff using Guid(3e1b6430c3ac3094890f38731a787908) (DefaultImporter) -> (artifact id: '09f309ea094b4fc3d759cf2cc33da2f5') in 0.000194363 seconds
Start importing Packages/com.unity.test-framework/UnityEngine.TestRunner/NUnitExtensions using Guid(3e8d6af343b383544ba5743d119f4062) (DefaultImporter) -> (artifact id: '3f6e2ec14976a9de8c44a24fd5a1df3a') in 0.0002101 seconds
Start importing Packages/com.unity.entities/Unity.Entities.Editor.Tests/GUI using Guid(4e92c15283ec2c54ca65c7636df43764) (DefaultImporter) -> (artifact id: 'bdf674249c198d9d800177c0679cf9ab') in 0.0002003 seconds
Start importing Packages/com.unity.test-framework/UnityEditor.TestRunner/GUI using Guid(7e609b27ad2caa14c83dd9951b6c13c6) (DefaultImporter) -> (artifact id: '112f12c0c6681ccaea11688622ebb526') in 0.000202292 seconds
Start importing Packages/com.gamecore.composition/Runtime/Scopes using Guid(7e717050b4b0b7a529ca364036cacb22) (DefaultImporter) -> (artifact id: 'e939e6aecc3ca4a43f8c5878b308c335') in 0.000196107 seconds
Start importing Packages/com.gamecore.rules.narrative/Tests/Digest using Guid(7e24199888bcd5c6494eec56913b0389) (DefaultImporter) -> (artifact id: '81080962654fbaf284634e9117b32f30') in 0.000207546 seconds
Start importing Packages/com.unity.entities/Unity.Entities.Editor/EntityInspector using Guid(7e8500f0e9244a3489245cbab39375cd) (DefaultImporter) -> (artifact id: '5f2367975992010f4b710312438af76c') in 0.000213046 seconds
Start importing Packages/com.unity.entities/Unity.Entities.Editor/Utilities using Guid(8edad442336142a4a8cf21cf056791dc) (DefaultImporter) -> (artifact id: '6779b6f6da1e605cad615dfcf9823ace') in 0.000202833 seconds
Start importing Packages/com.gamecore.derivation/Runtime/Model using Guid(9e40fe9267fc488e01cea51ee9fe7dd3) (DefaultImporter) -> (artifact id: '59228adc94bb150331679cdc5873152e') in 0.000198224 seconds
Start importing Packages/com.unity.entities/Unity.Scenes.Editor/LiveConversion using Guid(9e115f83a256f42548abb45f430ddcd9) (DefaultImporter) -> (artifact id: '49dda3b87c4df9a65510c9f2f51f76bc') in 0.000208357 seconds
Start importing Packages/com.gamecore.unity.runtime/Tests/Observation using Guid(9e9e729a1ad949e5ada0322df3a54b82) (DefaultImporter) -> (artifact id: '484e22565b2a11253ec594fe9ce0574c') in 0.000209967 seconds
Start importing Packages/com.unity.entities/Unity.Entities.Editor.Tests/Component using Guid(cefb71ba9ca54adcaf6b9fef0ec2b81a) (DefaultImporter) -> (artifact id: 'fd8cf26ae8419899bac5150edd9adf7f') in 0.000203893 seconds
Start importing Packages/com.gamecore.contracts/Runtime/Results using Guid(cece3c0548798d73fa48eb1dc8ca3be6) (DefaultImporter) -> (artifact id: '85f94a58534b545ed7b7dd53f3bd14d2') in 0.000208368 seconds
Start importing Packages/com.unity.entities/Unity.Core/Compression using Guid(de0955e4d0e29584781fb75781e05f01) (DefaultImporter) -> (artifact id: '291d7e0ae59c592035cee90a8bbe3221') in 0.000203077 seconds
Start importing Packages/com.unity.entities/Unity.Entities.Tests/EntitiesAssert using Guid(0fe156b753140394bbcbe2f82f311614) (DefaultImporter) -> (artifact id: '3378c85c2cdf18d5f37847fd24b3e562') in 0.000203686 seconds
Start importing Packages/com.unity.entities/Unity.Scenes.Hybrid.Tests/TestSceneWithSubSceneUnityObjectRef using Guid(2fdd8a38ee7a04dde88633e264ea728e) (DefaultImporter) -> (artifact id: 'd0182c42124c7417f4c90fdc5d60919e') in 0.000198296 seconds
Start importing Packages/com.unity.test-framework/UnityEditor.TestRunner/NUnitExtension using Guid(3f9202a39620f51418046c7754f215f0) (DefaultImporter) -> (artifact id: 'ab112e9ad4c0d836ad3545dea28bc266') in 0.000216834 seconds
Start importing Packages/com.gamecore.unity.adapters/Runtime/Input using Guid(4f7c87d4b30945168427bb3493ed3b21) (DefaultImporter) -> (artifact id: 'b091abb971b11172082cf77a6dfc22ad') in 0.000198233 seconds
Start importing Packages/com.unity.entities/Unity.Entities.Build/StyleSheets using Guid(6fd4c25586934491a8c114925199346c) (DefaultImporter) -> (artifact id: '1d4202b32a856c4498c6c5ccbe9652bc') in 0.000206943 seconds
Start importing Packages/com.unity.burst/Runtime/Intrinsics using Guid(6fbd9c5e397237e28650cb957742c782) (DefaultImporter) -> (artifact id: 'dc5081b0ab226f1cc403e8e01bf95e97') in 0.000201457 seconds
Start importing Packages/com.gamecore.planning/Runtime/StatePolicies using Guid(7f4bda2b370311eaf8fb0257d3fcc32b) (DefaultImporter) -> (artifact id: '7954b7f24e866be1306f18dd6ebdfca6') in 0.000196352 seconds
Start importing Packages/com.unity.collections/Unity.Collections.Tests/System.Runtime.CompilerServices.Unsafe using Guid(7f0e7d56e0ec1b540811a03605b8cc76) (DefaultImporter) -> (artifact id: '1e7ba72f3c588b1aadbeddfe4e172b63') in 0.000198517 seconds
Start importing Packages/com.unity.entities/Unity.Entities.Editor.Tests/LiveProperties using Guid(8f52f8a83a4f44d6a64ece36a678aa4a) (DefaultImporter) -> (artifact id: '37a0185fe723d061b0f17a20efa4c49a') in 0.000198264 seconds
Start importing Packages/com.unity.entities/Unity.Entities.Editor/Toolbar using Guid(af328d99b161b104d999668ca7ab8666) (DefaultImporter) -> (artifact id: '2444b4f426eb2532e8daf36cc1fef9fd') in 0.000203442 seconds
Start importing Packages/com.gamecore.composition/Tests/Diagnostics using Guid(af5b5f57fee145219ad5ed942c3153f1) (DefaultImporter) -> (artifact id: 'fe20d8c52b4b3ae6fdd15bdf2c141eb8') in 0.000192064 seconds
Start importing Packages/com.gamecore.unity.runtime/Runtime/StateMigration using Guid(bff364e93edf702d62054f75b961cd84) (DefaultImporter) -> (artifact id: 'a715ba1c57393f3456eb74783b449f46') in 0.000196138 seconds
Start importing Packages/com.gamecore.rules.narrative/Tests/Trace using Guid(bf2e27cf8acdc958ea8a8f4918424571) (DefaultImporter) -> (artifact id: '8c1d5b8e314f4005501a5a5d025037d3') in 0.000196025 seconds
Start importing Packages/com.unity.entities/Unity.Entities.Tests/Diff using Guid(ef163aa6275ddba4fa603073fea079ca) (DefaultImporter) -> (artifact id: 'f3072b9a985f854588d110962eff90fd') in 0.000206364 seconds
Start importing Packages/com.unity.collections/Unity.Collections.Tests/System.IO.Hashing using Guid(efadfdd89554dbd4d810656af54fce63) (DefaultImporter) -> (artifact id: 'ce1cced6a10ce193bd6dbed793f2eee1') in 0.000214464 seconds
Start importing Packages/com.unity.entities/Unity.Entities/Journaling using Guid(ef4f75b57c054824a9169819bafca257) (DefaultImporter) -> (artifact id: '4d4f2b5c4665cf0687f0b2f96f374296') in 0.000199312 seconds
Start importing Packages/com.gamecore.derivation/Tests/Reference using Guid(ffb03f6018b6aa65077615f80736895d) (DefaultImporter) -> (artifact id: 'e4fa67cad7b9defcdc56b38e05560d62') in 0.000192724 seconds
Start importing Packages/com.unity.entities/Unity.Entities.Editor/Hierarchy/Model using Guid(20dbb2e044a240bda0872de41ae6a1b5) (DefaultImporter) -> (artifact id: '4b9b5685e06ab0832ce5a26eb9c92bb8') in 0.000199309 seconds
Start importing Packages/com.unity.entities/Unity.Entities.Editor/Hierarchy/Utility using Guid(6023d8bae1f939d47b55a14fbd622ab6) (DefaultImporter) -> (artifact id: '2096c9da3544e9d07a72719d97a73c47') in 0.000199673 seconds
Start importing Packages/com.unity.entities/Unity.Entities.Tests/Diff/Fuzzer using Guid(606f5b01132445cbba6896dfb97fdee6) (DefaultImporter) -> (artifact id: '6c29b6901ae31652cef0b8cf20cb310d') in 0.00019757 seconds
Start importing Packages/com.unity.entities/Editor Default Resources/uss/Search using Guid(805d483225ed43fd91204e9655118e86) (DefaultImporter) -> (artifact id: '4358d689e1c45bfeb404d57cbd19a56b') in 0.000188148 seconds
Start importing Packages/com.unity.entities/Editor Default Resources/uxml/ActiveBuildConfiguration using Guid(b074f6b9add4a064994b98358ab8b830) (DefaultImporter) -> (artifact id: '80022ebc6a783f2d94f5ad8e8ec27f5a') in 0.000195254 seconds
Start importing Packages/com.unity.entities/Unity.Scenes.Editor.Tests/Assets/SceneWithMaterialDependency using Guid(b07b61baf114cfe449492339604f61d5) (DefaultImporter) -> (artifact id: 'f4ae57228fcb180ad0da331601d1d665') in 0.000193196 seconds
Start importing Packages/com.unity.entities/Editor Default Resources/uxml/ProfilerModules using Guid(c0c2e94a15c8f0e4bbbb2cb3ea4c09d8) (DefaultImporter) -> (artifact id: '28ccf35fc876dfabc72e593763c31a05') in 0.000199485 seconds
Start importing Packages/com.unity.entities/Editor Default Resources/Unity.Entities.UI/icons using Guid(c05c3407ce5f10942bbfd5f8ffe158ae) (DefaultImporter) -> (artifact id: 'f1df8ad3086f6ed1a3c8d49a1bb01076') in 0.000197957 seconds
Start importing Packages/com.unity.entities/Unity.Entities.Tests/Content/ContentDeliveryTests using Guid(d00b5bac9b236b0469fc766b61ff7435) (DefaultImporter) -> (artifact id: '06754c5a068516717797ab315af341fa') in 0.000199347 seconds
Start importing Packages/com.unity.test-framework/UnityEngine.TestRunner/Utils/AssemblyProvider using Guid(51557afa652635743b264a309f0a5c60) (DefaultImporter) -> (artifact id: '8a639915519a692529fdf384c74138af') in 0.000203331 seconds
Start importing Packages/com.unity.test-framework/UnityEngine.TestRunner/TestRunner/Callbacks using Guid(61e236e8570a95e4eb754fb291e102e0) (DefaultImporter) -> (artifact id: 'd55b575d8e5d473cc2e43dbbdeaeff7c') in 0.000199626 seconds
Start importing Packages/com.unity.test-framework/UnityEngine.TestRunner/TestRunner/RemoteHelpers using Guid(91c20d2c22b8b3a4cb6c816bd225591a) (DefaultImporter) -> (artifact id: '30fb2d9dd2eecdb696675b50955e4ebc') in 0.000202917 seconds
Start importing Packages/com.unity.entities/Unity.Entities/Stubs/Unity using Guid(91a44c865deb94d78ab9c8dcb9cad8a2) (DefaultImporter) -> (artifact id: 'ff921abdbd9d6cecde24428b2e66c550') in 0.000199649 seconds
Start importing Packages/com.unity.entities/Unity.Entities/Stubs/Unity.Assertions using Guid(a140e7ef2d2cf436ab7a53116944ee99) (DefaultImporter) -> (artifact id: '4d0c153492e92ef718384d695ac1330e') in 0.000196668 seconds
Start importing Packages/com.unity.test-framework/UnityEngine.TestRunner/Assertions/LogScope using Guid(b1d8465ba1376b148bdab58965101f47) (DefaultImporter) -> (artifact id: 'aac2509859303379c698e7a61b119125') in 0.000206356 seconds
Start importing Packages/com.unity.entities/Editor Default Resources/uss/Controls using Guid(02ae2c08135ad0742b2feb3397ca4a4b) (DefaultImporter) -> (artifact id: 'fe1c05b570ee7e5a0ad94e3e3ecca803') in 0.000197613 seconds
Start importing Packages/com.unity.entities/Editor Default Resources/uss/Content using Guid(12db5e656dac4394d94100ba2484a6ec) (DefaultImporter) -> (artifact id: 'a6f90bc0a2eb8c17796552bc5a87793f') in 0.000201334 seconds
Start importing Packages/com.unity.entities/Unity.Entities.Editor/SystemSchedule/Utilities using Guid(12ef78646cab45738d48380ef6dff32e) (DefaultImporter) -> (artifact id: '9a72cb153d64f50848f3ac38688d6c04') in 0.000207999 seconds
Start importing Packages/com.unity.entities/Unity.Entities.Editor/Hierarchy/Controls using Guid(429517fb2e9543268430007d9fff88af) (DefaultImporter) -> (artifact id: '7d4be58a36711db96981a48985ea5a51') in 0.000199519 seconds
Start importing Packages/com.unity.entities/Unity.Entities.Editor/Unity.InternalAPIEngineBridge.002/TreeView using Guid(42f7b03e7e5341848818749cc47c29c2) (DefaultImporter) -> (artifact id: 'f026fa068911d578c10e24783427bd4e') in 0.000204738 seconds
Start importing Packages/com.gamecore.unity.runtime/Runtime/Pure/Time using Guid(426e9742fa3bb8cc98a1913e40784abd) (DefaultImporter) -> (artifact id: 'bdc5cbe800442646c8e9918e93183899') in 0.00020015 seconds
Start importing Packages/com.unity.entities/Editor Default Resources/uss/Journaling using Guid(62d9693d96038e3478c5ea6cd6e97c0b) (DefaultImporter) -> (artifact id: 'be72e6a1d48e48a48092a4e646b37e3d') in 0.000194942 seconds
Start importing Packages/com.unity.entities/Unity.Entities.Editor/Content/SystemInspector using Guid(726fb6cfe7a648d28a1716ef730e295e) (DefaultImporter) -> (artifact id: '4ca0f28da1d6250fd14d8bd3806266bd') in 0.000205782 seconds
Start importing Packages/com.unity.test-framework/UnityEditor.TestRunner/GUI/TestAssets using Guid(92e3104769da143888a712cdea27d950) (DefaultImporter) -> (artifact id: '1c339984e4f7b537284cfc59f8240800') in 0.000196837 seconds
Start importing Packages/com.unity.entities/Editor Default Resources/uss/Spinner using Guid(039fa231151d26243b8772538bd2a9ea) (DefaultImporter) -> (artifact id: '58a2d5894379e648dcae9a08b36b5bdc') in 0.00019807 seconds
Start importing Packages/com.unity.scriptablebuildpipeline/Tests/Runtime/TestAssets using Guid(43ed56232a7649647a25c24e3047a8dd) (DefaultImporter) -> (artifact id: 'ea3fd8b949eaff9ff07aa94f11177540') in 0.000202428 seconds
Start importing Packages/com.unity.entities/Unity.Entities.Editor/Content/Component using Guid(63fc072611bd40a19b870b9592e6d888) (DefaultImporter) -> (artifact id: '96d4ff04b50e91fc4255673a0b8a75a0') in 0.000266425 seconds
Start importing Packages/com.unity.scriptablebuildpipeline/Editor/Utilities/USerializeTools using Guid(736c37b44570af14e8f8e8e26f0ed941) (DefaultImporter) -> (artifact id: '5aa025e36a4d24d309ed2563c4fa01dd') in 0.000244918 seconds
Start importing Packages/com.unity.test-framework/UnityEditor.TestRunner/TestLaunchers/Helpers using Guid(a3cb89150b8a4060b89a32725a8e267e) (DefaultImporter) -> (artifact id: '1c6550e824ea391f5fd50f57247dd2be') in 0.000217297 seconds
Start importing Packages/com.gamecore.unity.adapters/Runtime/Pure/Audio using Guid(a35cd670e1084a94875890df00149fd8) (DefaultImporter) -> (artifact id: 'c92c217328b376c423cbee6617156c1f') in 0.00020958 seconds
Start importing Packages/com.unity.entities/Editor Default Resources/uxml/Content using Guid(a3cc30a6f20907d4c96443bcec4b522b) (DefaultImporter) -> (artifact id: '10cf88e37253062af79c0485b8207146') in 0.000204441 seconds
Start importing Packages/com.unity.entities/Editor Default Resources/uss/Inspector using Guid(b314b67816b1afc46bf54555323b0123) (DefaultImporter) -> (artifact id: '840130df72123bd486786dee022f0259') in 0.000197391 seconds
Start importing Packages/com.unity.entities/Editor Default Resources/uxml/SystemSchedule using Guid(c3fc5f01ec677ac46b841be10308f3a2) (DefaultImporter) -> (artifact id: '8dbacb712d65a6e7a4cea61cd87529dc') in 0.00020427 seconds
Start importing Packages/com.unity.test-framework/UnityEngine.TestRunner/NUnitExtensions/Filters using Guid(c3de99f9efc582a48995bc8e8c2df418) (DefaultImporter) -> (artifact id: '6a3e6215aa297c9a4e3c7159efb1015c') in 0.000212521 seconds
Start importing Packages/com.unity.entities/Unity.Entities.Hybrid.Tests/Baking/ExcludedAssemblyTest using Guid(d37570f8add64e39a8f63a43a44e1316) (DefaultImporter) -> (artifact id: '2e08c91d4a1fd96d280abc137dc73c71') in 0.000203507 seconds
Start importing Packages/com.unity.entities/Editor Default Resources/uxml/Journaling using Guid(f311412447766fd47892a92f9adfdc91) (DefaultImporter) -> (artifact id: '47af51b6f5b641db694fe03773399797') in 0.000196791 seconds
Start importing Packages/com.unity.entities/Editor Default Resources/icons/dark using Guid(f3090ffb84b708c4ebded3b075b7d654) (DefaultImporter) -> (artifact id: '68884c28799fe8afa5f262805acc8b76') in 0.000197957 seconds
Start importing Packages/com.gamecore.unity.adapters/Runtime/Pure/Views using Guid(24d2bf56d6a54e7caedbdc868b70a49d) (DefaultImporter) -> (artifact id: 'd4ac50aa7c6ded5f59f3aabaeb994d4c') in 0.000202995 seconds
Start importing Packages/com.unity.entities/Unity.Entities.Editor/Inspector/Bindings using Guid(2484d3daa49043a9b1ac8ea243469cb0) (DefaultImporter) -> (artifact id: '5314fee5916e55072086cd6f60b7fb05') in 0.000201758 seconds
Start importing Packages/com.unity.burst/Runtime/Intrinsics/x86 using Guid(3413d06997203e50844bbf4eca32fce8) (DefaultImporter) -> (artifact id: '080781ea9cc8ae422dd286982a3187b7') in 0.000203655 seconds
Start importing Packages/com.unity.entities/Editor Default Resources/uss/Components using Guid(34fd396587874954b92e8efa24aee0a4) (DefaultImporter) -> (artifact id: '9c4e31580bc90a97e9ee853734c39a07') in 0.000196409 seconds
Start importing Packages/com.unity.entities/Editor Default Resources/uss/StyleSheets using Guid(446d50e0ff382da4fa328d2067f85eb2) (DefaultImporter) -> (artifact id: '8686591e2f0920970188b041056e6ac9') in 0.000200161 seconds
Start importing Packages/com.unity.entities/Editor Default Resources/uss/SystemSchedule using Guid(64ca210276a979f44bac4369e41c9e86) (DefaultImporter) -> (artifact id: '920390d659999f25932905f8dafd224b') in 0.000198069 seconds
Start importing Packages/com.unity.entities/Unity.Entities/Content/Delivery using Guid(643ee89517bf3a145a197a4daaa903e6) (DefaultImporter) -> (artifact id: '9e73228c8775140bd66ad687c532d201') in 0.000200641 seconds
Start importing Packages/com.gamecore.unity.adapters/Runtime/Pure/Animation using Guid(74839d4cb6214bbcacb5e2956936c664) (DefaultImporter) -> (artifact id: '5404cca6464dcb0f8515d6d1287a567a') in 0.00019752 seconds
Start importing Packages/com.unity.serialization/Runtime/Unity.Serialization/Json using Guid(84b8c437453d68b4ab013c574aff2233) (DefaultImporter) -> (artifact id: 'e18a34e8f68c7141c2abc7d46f0aeacb') in 0.000204709 seconds
Start importing Packages/com.unity.entities/Editor Default Resources/uss/Hierarchy using Guid(a48ab867bc097c245a094e1523317436) (DefaultImporter) -> (artifact id: '17fadf162c8ba2442beb6cf5240a8714') in 0.00019708 seconds
Start importing Packages/com.gamecore.unity.runtime/Runtime/Pure/Delivery using Guid(b43c8042777f49f7aa9685920a16cc54) (DefaultImporter) -> (artifact id: '9d89af840a27c661e95a1482b5365e3b') in 0.000195699 seconds
Start importing Packages/com.unity.test-framework/UnityEngine.TestRunner/TestRunner/Messages using Guid(256a0ca37fa972840bce7fca446e75e7) (DefaultImporter) -> (artifact id: '49c9fa09840fad3e17b412376a8dcf2a') in 0.000198522 seconds
Start importing Packages/com.unity.entities/Unity.Entities.Editor/Common/Controls using Guid(357a5ead99b54dd5b971d4d331622f44) (DefaultImporter) -> (artifact id: '4f26478eb16f874dab09720c48da0316') in 0.000195896 seconds
Start importing Packages/com.unity.entities/Editor Default Resources/uxml/Preferences using Guid(350ed7b5fb3d2784fb9c0b7046d5b132) (DefaultImporter) -> (artifact id: '326651bbc079fdcf8e1ffa8534b68c8e') in 0.000196137 seconds
Start importing Packages/com.unity.entities/Editor Default Resources/Unity.Entities.UI/uss using Guid(45074dbe4688e8541ae3843f1db93ca8) (DefaultImporter) -> (artifact id: '979a2aea7cfd34d9266b5399cd7c5aff') in 0.000203532 seconds
Start importing Packages/com.gamecore.unity.runtime/Runtime/Pure/Messages using Guid(959c349bb954d824779ab443f65c42ae) (DefaultImporter) -> (artifact id: '0a86d10024907cdf6292cc53614d346d') in 0.000187634 seconds
Start importing Packages/com.unity.entities/Unity.Entities.Hybrid.Tests/Conversion/Incremental using Guid(c501c884e5bc4c8e830529695c1efa09) (DefaultImporter) -> (artifact id: '7617f7eb18e8a0dd7125530d2b147ce5') in 0.000216021 seconds
Start importing Packages/com.unity.test-framework/UnityEditor.TestRunner/GUI/Views using Guid(c5535d742ea2e4941850b421f9c70a1f) (DefaultImporter) -> (artifact id: 'd8974548c2c7ab5d5ad7599c432a1bc7') in 0.000265079 seconds
Start importing Packages/com.unity.entities/Editor Default Resources/uss/DebugWindows using Guid(c5b7ffb9d0b62284db062bf3eaa812e6) (DefaultImporter) -> (artifact id: '1cd94f486714e9676303fab89bac3f99') in 0.000306653 seconds
Start importing Packages/com.unity.test-framework/UnityEditor.TestRunner/UnityTestProtocol/Data using Guid(3610673068254436ac90019f46e09f01) (DefaultImporter) -> (artifact id: 'edf71b33f3965ea27aa0f561aefe6dce') in 0.000306525 seconds
Start importing Packages/com.unity.entities/Editor Default Resources/uxml/Common using Guid(46f8dadc7bbf2f14b94992bbb73ba3b0) (DefaultImporter) -> (artifact id: '57fc11bad85560cba3eb3c830088ade0') in 0.00023248 seconds
Start importing Packages/com.unity.entities/Editor Default Resources/uss/ActiveBuildConfiguration using Guid(767f8a40a5f49ea40859e549afb234ef) (DefaultImporter) -> (artifact id: '39030841982cf21f0a768be4fb047f75') in 0.000216157 seconds
Start importing Packages/com.unity.entities/Unity.Entities.Editor.PerformanceTests/Hierarchy/DataDiffers using Guid(86e425207f0b3f146a2c0e1cdbb2650b) (DefaultImporter) -> (artifact id: '50f7f679924e5b3f933c9f55afba4c71') in 0.000219713 seconds
Start importing Packages/com.unity.test-framework/UnityEditor.TestRunner/NUnitExtension/Attributes using Guid(96c503bf059df984c86eecf572370347) (DefaultImporter) -> (artifact id: '2e346665254194df03f2d47ad0a2e81b') in 0.000211767 seconds
Start importing Packages/com.gamecore.unity.runtime/Runtime/Pure/Execution using Guid(96c9952c822f8c642802255c10ce3199) (DefaultImporter) -> (artifact id: 'cf6e291c52fac06e46b8efe871fbb1ec') in 0.000206256 seconds
Start importing Packages/com.unity.entities/Unity.Entities.Editor/Content/EntityQuery using Guid(a63baea81f5c48c4b9e30ace73b5c6b7) (DefaultImporter) -> (artifact id: '2c465af33a7edfa25ec8fce2d412a684') in 0.000202137 seconds
Start importing Packages/com.unity.entities/Unity.Entities.UI.Editor/Utility/Internal using Guid(b627036353fc2cf44a537253606f3226) (DefaultImporter) -> (artifact id: '70b5a0744eda37a51b200bdbe1e53283') in 0.000192544 seconds
Start importing Packages/com.unity.entities/Editor Default Resources/uxml/Controls using Guid(c64e3cadec62c23418e185989542ba79) (DefaultImporter) -> (artifact id: '3d6b8b673916a1182a0bf73444c6c887') in 0.000189052 seconds
Start importing Packages/com.unity.entities/Unity.Entities.Hybrid.Tests/Baking/SeparateAssembly using Guid(c65ef28a30948954da2605efdacbf309) (DefaultImporter) -> (artifact id: '749b3ca1e24026a2d82a20426bd3ac0d') in 0.000264617 seconds
Start importing Packages/com.unity.test-framework/UnityEditor.TestRunner/GUI/TestListBuilder using Guid(07ea0326ed848fb4489187cb58f96113) (DefaultImporter) -> (artifact id: 'c9ef4e1b8c0b54cbe4a5a11c696e4b78') in 0.000226615 seconds
Start importing Packages/com.unity.entities/Unity.Entities.UI.Editor/Elements/Internal using Guid(172d11879dd0f2049b0a4f608b125026) (DefaultImporter) -> (artifact id: '39bfd585b4cf72e4c172f0614ce58538') in 0.000216815 seconds
Start importing Packages/com.gamecore.unity.runtime/Tests/Runtime/Time using Guid(27dc87fde3bee59f407c626f1dd615e6) (DefaultImporter) -> (artifact id: 'bd15d6c0ea81dfb4684a1020ab56b56b') in 0.000217191 seconds
Start importing Packages/com.unity.test-framework/UnityEngine.TestRunner/NUnitExtensions/Runner using Guid(37888acc09d9ee848bf9559f06645c45) (DefaultImporter) -> (artifact id: 'ee1e527b3560111b8f9aa3c43ad7e9a9') in 0.000266606 seconds
Start importing Packages/com.unity.entities/Unity.Entities.Editor/Inspector/Elements using Guid(471216f40d0a4843bbb0b8635fd7aee3) (DefaultImporter) -> (artifact id: '8f137f4b770bcc36cf777fa4edf335bd') in 0.000220125 seconds
Start importing Packages/com.unity.entities/Unity.Entities.Editor.Tests/Hierarchy/Model using Guid(8700df393fedf024aaa52851d758f15b) (DefaultImporter) -> (artifact id: 'ce2795cdede7f547cf43ba6411bee301') in 0.000222704 seconds
Start importing Packages/com.unity.entities/Unity.Entities.Editor/Utilities/Pooling using Guid(8704ccfbface02b4291a04eb1f1b20f6) (DefaultImporter) -> (artifact id: 'c25f4b14689e490acef1a5a4a402d841') in 0.000205706 seconds
Start importing Packages/com.unity.serialization/Runtime/Unity.Serialization/Binary using Guid(18a4fda77adbda5429cfe05e58e9c2d2) (DefaultImporter) -> (artifact id: '8423637e14eb1b7c134e05f70b25fd3e') in 0.00020315 seconds
Start importing Packages/com.unity.burst/Runtime/Intrinsics/Arm using Guid(2893f6d998ac3104919ec7e11aa597cd) (DefaultImporter) -> (artifact id: '20456fafa43f13a05b05b1d9591955d2') in 0.000201903 seconds
Start importing Packages/com.unity.entities/Unity.Entities.Editor/Inspector/Aspects using Guid(285d50de713490a49ae4963d8b794334) (DefaultImporter) -> (artifact id: 'f5afb4525bebb4aba013323c1bca1294') in 0.000220222 seconds
Start importing Packages/com.unity.entities/Editor Default Resources/uxml/Components using Guid(589a9ac10d1c1e142a2170dff423f01f) (DefaultImporter) -> (artifact id: '5a7c107f99a9c0bf940aa7b5a00acd6f') in 0.000204067 seconds
Start importing Packages/com.unity.test-framework/UnityEditor.TestRunner/GUI/TestListTreeView using Guid(68cb547af0187634aad591a09c01cd5b) (DefaultImporter) -> (artifact id: 'bcc7fabbc19415c35b0572cf2f2337a5') in 0.000201796 seconds
Start importing Packages/com.unity.scriptablebuildpipeline/Tests/Editor/OptionalPackages using Guid(a81ba0727251458f9b4b29171e9a1c57) (DefaultImporter) -> (artifact id: 'e9b6529d445c9da84ef54f9cc0ae0e4c') in 0.000195966 seconds
Start importing Packages/com.unity.entities/Unity.Entities.Editor/SystemSchedule/PlayerLoop using Guid(c8f52fb79612494a99aa430fc941b552) (DefaultImporter) -> (artifact id: 'c7d6bb17909c01b02a53161a39654a9e') in 0.000220914 seconds
Start importing Packages/com.unity.test-framework/UnityEditor.TestRunner/GUI/Controls using Guid(e88eef57957d4440c8a7ff2ef9dd3d97) (DefaultImporter) -> (artifact id: 'c4f64d42392877fbc9299e30e3929089') in 0.000205314 seconds
Start importing Packages/com.unity.entities/Unity.Scenes.Editor/Internals/Properties using Guid(1948f5e4e69150b429164c856e2c9533) (DefaultImporter) -> (artifact id: 'b1a24be93a830da8ca504170675aa795') in 0.00020147 seconds
Start importing Packages/com.unity.entities/Unity.Entities.Editor/GUI/Legacy using Guid(195f0b220334871449e2559054c563ed) (DefaultImporter) -> (artifact id: '73b5b4192f7fe64db65865b88deafb45') in 0.00020339 seconds
Start importing Packages/com.gamecore.unity.runtime/Runtime/Pure/Persistence using Guid(294664621f33944adb053b3c5eefba1c) (DefaultImporter) -> (artifact id: '1994190131449c3db5e4433bf87db69b') in 0.000205263 seconds
Start importing Packages/com.unity.entities/Editor Default Resources/uss/ProfilerModules using Guid(396fe2c0e3fdcb04c81b32e0269124a9) (DefaultImporter) -> (artifact id: '0b5b1c94e78d64fd01f5afe34c0f54fa') in 0.00019642 seconds
Start importing Packages/com.unity.test-framework/UnityEditor.TestRunner/TestRun/Data using Guid(4926c06156894939ba0a2680f1b0aa7a) (DefaultImporter) -> (artifact id: 'e85e5880a8fb926656c64ebb007116bd') in 0.000196805 seconds
Start importing Packages/com.unity.entities/Unity.Entities.UI.Editor/Inspector/Internal using Guid(59b372607dc550346b51ac72e32543d7) (DefaultImporter) -> (artifact id: '4f8b195596c9005785c992f59716096b') in 0.000205996 seconds
Start importing Packages/com.unity.serialization/Tests/Unity.Serialization.Tests/Binary using Guid(59e7c25ea8edb7a4caaf32e4a688dd3b) (DefaultImporter) -> (artifact id: 'd884b5a240816dcdb58bf9bd0c26ad2f') in 0.000209631 seconds
Start importing Packages/com.unity.entities/Unity.Entities.Editor/Inspector/Visitors using Guid(7961e14db29a4a049541a92bb6068a3f) (DefaultImporter) -> (artifact id: '3a06f4873aed1f8ded80175d3bc1071c') in 0.000193939 seconds
Start importing Packages/com.unity.test-framework/UnityEditor.TestRunner/Api/Analytics using Guid(891bb6b9f5094c36b59c3788e21c8213) (DefaultImporter) -> (artifact id: '7afc1f32db95c3782cc44b8be1b1fdd2') in 0.000271955 seconds
Start importing Packages/com.gamecore.unity.adapters/Runtime/Pure/Physics using Guid(99e4999e13a54d52a2a3f119de7e480a) (DefaultImporter) -> (artifact id: '939b182a321fe09d64093dff2a62b7c0') in 0.0002354 seconds
Start importing Packages/com.unity.test-framework/UnityEditor.TestRunner/TestRunner/Messages using Guid(d9682e749d3efc642af54d789d9090a6) (DefaultImporter) -> (artifact id: '34a2da094325aea95250bbc91b3bacfc') in 0.000222256 seconds
Start importing Packages/com.unity.scriptablebuildpipeline/Editor/Utilities/USerialize using Guid(e94656a08861c174c9f786affcfd15a7) (DefaultImporter) -> (artifact id: '60b45aaca5e9dae2b133cffcf376eb61') in 0.000260836 seconds
Start importing Packages/com.gamecore.unity.adapters/Runtime/Pure/Assets using Guid(f9705f7af9874d2ba7e4e6b261460116) (DefaultImporter) -> (artifact id: '9561d6919d35163898d41937eb9b41f0') in 0.000230824 seconds
Start importing Packages/com.unity.entities/Editor Default Resources/uss/Preferences using Guid(0ab3ed8e30b80184ea810d06a180ccc1) (DefaultImporter) -> (artifact id: '782a92d202ece818dca15fb564bd20bf') in 0.000212751 seconds
Start importing Packages/com.unity.scriptablebuildpipeline/Tests/Editor/Build using Guid(0a8559748a5223a4a945940cd90048e0) (DefaultImporter) -> (artifact id: '8db016b3af5d1eaf7a58136d125b9072') in 0.000203565 seconds
Start importing Packages/com.unity.entities/Unity.Entities.Tests/Aspects/FunctionalTests using Guid(3a44fdc83e1321f46a8a31523ce13af4) (DefaultImporter) -> (artifact id: 'dc56ef28947e67060b1d9dd28722beb2') in 0.000272137 seconds
Start importing Packages/com.unity.entities/Unity.Entities.Editor.Tests/Utilities/CustomVisualElement using Guid(bac8341226024b9a91f8bdf7f5d98b86) (DefaultImporter) -> (artifact id: '7717cea4371ebc7b9c33d7d641a2d562') in 0.000230914 seconds
Start importing Packages/com.unity.entities/Editor Default Resources/uss/Common using Guid(0bb7452284a763e44906dcedb3bc7333) (DefaultImporter) -> (artifact id: '06a8d210afbf13b1cd9369b8d57cb5bf') in 0.000219571 seconds
Start importing Packages/com.unity.entities/Unity.Entities.Editor.PerformanceTests/Hierarchy/WorldGenerator using Guid(3b82bcec12edaf844b2fe4cba053fabd) (DefaultImporter) -> (artifact id: '5bb6af0f6b131ea957306fd9ce6cfc7b') in 0.000204795 seconds
Start importing Packages/com.unity.entities/Unity.Entities.Editor.Tests/Utilities/Bindings using Guid(5b0424a1809346eaa8955753acca921f) (DefaultImporter) -> (artifact id: '76e566407234f912f6b2045628cd41b1') in 0.000202734 seconds
Start importing Packages/com.unity.test-framework/UnityEngine.TestRunner/NUnitExtensions/Commands using Guid(6b72875690e0f7343911e06af3145bd5) (DefaultImporter) -> (artifact id: 'f36e7cf57d57bd868768c4d06537389c') in 0.000203329 seconds
Start importing Packages/com.unity.entities/Unity.Entities.Editor/Inspector/Utilities using Guid(ab2896415d8244d982d9628b907a5ed1) (DefaultImporter) -> (artifact id: '235d47fae85be71085f5c26fc0b0505d') in 0.00019682 seconds
Start importing Packages/com.unity.entities/Unity.Entities.Editor/ContentProvider/Selection using Guid(bbc36b725298c844ba84c6fe82e18d8b) (DefaultImporter) -> (artifact id: '1e88f73cff82ec2a640a1c9bfbda0095') in 0.00020307 seconds
Start importing Packages/com.unity.test-framework/UnityEditor.TestRunner/TestLaunchers/PlatformSetup using Guid(ebc4d20cc106cea49b1df1153f0b3b5e) (DefaultImporter) -> (artifact id: 'b557b5aa3ee3c1d394dd361be2918e20') in 0.000202798 seconds
Start importing Packages/com.unity.test-framework/UnityEngine.TestRunner/NUnitExtensions/Attributes using Guid(0cb14878543cf3d4f8472b15f7ecf0e3) (DefaultImporter) -> (artifact id: '75903ed02331572f0967609c7b7f1e1c') in 0.000202154 seconds
Start importing Packages/com.unity.entities/Editor Default Resources/icons/selected using Guid(0caafe759e4cd694c9062b73cfac7fe7) (DefaultImporter) -> (artifact id: 'dc797adfe3da335a71c52665728c58bf') in 0.000210228 seconds
Start importing Packages/com.unity.entities/Unity.Entities.Editor/Inspector/CustomInspectors using Guid(2c211782cd06479992f2ee572aa473dd) (DefaultImporter) -> (artifact id: '12235a6e4ed1b9fe2fd34e3527e781b9') in 0.000212312 seconds
Start importing Packages/com.unity.entities/Editor Default Resources/icons/light using Guid(2c6a926d868f555409d76abfa06c4c69) (DefaultImporter) -> (artifact id: 'aeb1997be91d8a4ed471de5dd9a1a4d9') in 0.000202536 seconds
Start importing Packages/com.unity.entities/Unity.Entities.Editor/SystemSchedule/TreeView using Guid(2cbe40f1e6b645278280953e4aa03d43) (DefaultImporter) -> (artifact id: '34f29441dc8d217e55a4ca7b197df617') in 0.000265261 seconds
Start importing Packages/com.unity.serialization/Tests/Unity.Serialization.Tests/Utility using Guid(3c37d9a3f4854450ab05013758669cdc) (DefaultImporter) -> (artifact id: '45e37d7ac9364d4729d036393d812fc1') in 0.000223183 seconds
Start importing Packages/com.unity.entities/Editor Default Resources/uxml/Hierarchy using Guid(cc3a3a38b2d9fbd40b2e000184aa8f08) (DefaultImporter) -> (artifact id: 'ff0812812f36867a4ae8f0534025d97d') in 0.000230556 seconds
Start importing Packages/com.unity.mathematics/Tests/Tests/Shared using Guid(1d6d62c94d82bf748b95682fa88ef3b9) (DefaultImporter) -> (artifact id: '5089b55838d26600dfb09310e1a12a53') in 0.000209256 seconds
Start importing Packages/com.unity.serialization/Tests/Unity.Serialization.Tests/Json using Guid(2d6efb766640d1f47a267c6b67fef605) (DefaultImporter) -> (artifact id: '7c180f44feb15b1b5025f0a5dd80b815') in 0.000218953 seconds
Start importing Packages/com.gamecore.unity.adapters/Runtime/Pure/Authority using Guid(3db0a23753ac4129b3914f7d587fc70d) (DefaultImporter) -> (artifact id: '96dcf1642b307e9e90f3f77c5fbdffa5') in 0.000226876 seconds
Start importing Packages/com.unity.test-framework/UnityEditor.TestRunner/TestRunner/Callbacks using Guid(5d7f0d6acfced954682a89e7002c04d9) (DefaultImporter) -> (artifact id: '0dec5c1fe4d62597a6f06205aa5984cd') in 0.000218549 seconds
Start importing Packages/com.unity.test-framework/UnityEditor.TestRunner/TestRun/Tasks using Guid(6dba53789da15814387fa5b1445e81e0) (DefaultImporter) -> (artifact id: '72f33cfefcd167ac88b3efeb6da24af6') in 0.000202456 seconds
Start importing Packages/com.unity.entities/Unity.Scenes.Hybrid.Tests/Playmode/Monobehaviours using Guid(9dabe0ad8e234c499e6ba4a04fca4263) (DefaultImporter) -> (artifact id: '03a7d2e88b3768622f2ff9056daebf64') in 0.0001994 seconds
Start importing Packages/com.unity.entities/Unity.Scenes.Hybrid.Tests/Editmode/Content using Guid(ad1a525f10a10cf42aa3df4705bad2a0) (DefaultImporter) -> (artifact id: '55577af834290d6152be56fc95189a1d') in 0.000219087 seconds
Start importing Packages/com.unity.entities/Editor Default Resources/Unity.Entities.UI/uxml using Guid(dd61570e073c7974aa4d2bf018199856) (DefaultImporter) -> (artifact id: '8e901933fc0fad3d67ae9c7fd0bd8bf3') in 0.000209162 seconds
Start importing Packages/com.unity.entities/Unity.Entities.Editor/Content/Controls using Guid(ed0029da1f614110abfeb04ab0a4e559) (DefaultImporter) -> (artifact id: 'b73de189d415c104c9fa3c05c863e840') in 0.000197325 seconds
Start importing Packages/com.unity.entities/Editor Default Resources/uxml/Inspector using Guid(edc10690c2f28964786ad3343f4ae0ff) (DefaultImporter) -> (artifact id: '8617ca321771e189e502a340bd5554a5') in 0.000193684 seconds
Start importing Packages/com.unity.entities/Unity.Entities.Editor/Utilities/Bindings using Guid(edcd688983c14668b47d58c07c70b3dc) (DefaultImporter) -> (artifact id: '7ce1d9e0ddd4f69a6fb3c99c137f2d81') in 0.000204608 seconds
Start importing Packages/com.unity.serialization/Runtime/Unity.Serialization/Utility using Guid(0e016b4278a543088cc51bfe35015310) (DefaultImporter) -> (artifact id: '28f0bc9188bb7799a072c6c553773e49') in 0.000207037 seconds
Start importing Packages/com.gamecore.unity.adapters/Runtime/Pure/Input using Guid(3e517873122947e48621a3c963580e8a) (DefaultImporter) -> (artifact id: 'df783dd5814e9bb7ce1502b6c46f586b') in 0.000201056 seconds
Start importing Packages/com.unity.entities/Unity.Scenes.Editor.Tests/Assets/SceneWithTextureDependency using Guid(3ebd67d7490912d4493d05123321b12a) (DefaultImporter) -> (artifact id: '3d7e5ec500607a30ce61aec8b29b28df') in 0.000201352 seconds
Start importing Packages/com.unity.serialization/Tests/Unity.Serialization.Tests/Types using Guid(5e0167735f2543a88348b49795ae1d09) (DefaultImporter) -> (artifact id: '7d341926528f4ebf2513bcc7301a4c99') in 0.000209096 seconds
Start importing Packages/com.unity.entities/Unity.Entities.Hybrid/GameObjectConversion/Incremental using Guid(8e03233e098645fe95f7a9d410b764b7) (DefaultImporter) -> (artifact id: 'e4f0da46a58f8016b9d182000170858c') in 0.000211747 seconds
Start importing Packages/com.unity.test-framework/UnityEditor.TestRunner/UnityTestProtocol/Messages using Guid(9ea154c33fd8466f973f004e5c962df7) (DefaultImporter) -> (artifact id: 'd8ce3e034bebd7e36b2b6ecc121483da') in 0.00020595 seconds
Start importing Packages/com.unity.entities/Unity.Entities.Editor/Utilities/CustomVisualElement using Guid(9ef993068c974e5f9449fd0d2fe79d8a) (DefaultImporter) -> (artifact id: 'dd8e7abc133c759b8867213e3dcc53ed') in 0.000200756 seconds
Start importing Packages/com.unity.entities/Unity.Scenes.Hybrid.Tests/TestSceneWithSubScene/Subscene using Guid(be9fd564321d3dc46a9e2c9004d395b7) (DefaultImporter) -> (artifact id: '77f58bc430ae3d8e9908119852343630') in 0.000216882 seconds
Start importing Packages/com.unity.test-framework/UnityEngine.TestRunner/Utils/MonoBehaviourTest using Guid(ce8da628f68c7594b8b9a597fa52db7b) (DefaultImporter) -> (artifact id: '2d38e1309f0ea79159d19d1fe0eb6c3d') in 0.000206546 seconds
Start importing Packages/com.unity.test-framework/UnityEditor.TestRunner/TestRunner/Utils using Guid(1f5bbb88ca730434483440cbc0278ef6) (DefaultImporter) -> (artifact id: 'd5d79cd3d4288070e6bddcbfc9c58d29') in 0.000242323 seconds
Start importing Packages/com.unity.entities/Editor Default Resources/uxml/Search using Guid(1ffbbe8faccb451fbe935fc63936cd60) (DefaultImporter) -> (artifact id: 'ed8828455fa12921d89641bace348588') in 0.000225215 seconds
Start importing Packages/com.unity.entities/Unity.Core.Editor/Compression/lz4-1.9.1 using Guid(cfb87206ab8b32c47957e035fec25d47) (DefaultImporter) -> (artifact id: 'd6c7ec74df24926165374ac7730cc79e') in 0.000214846 seconds
Start importing Packages/com.unity.entities/Editor Default Resources/uxml/DebugWindows using Guid(ffeac9248e4c5084e9ba4611e629d87a) (DefaultImporter) -> (artifact id: '3c9f56febe8477f45d8a8adee1de0b58') in 0.000218655 seconds
Start importing Packages/com.unity.entities/Editor Default Resources/icons/light/World using Guid(105a32eddc2b27441a863fb172888450) (DefaultImporter) -> (artifact id: '12274abf3379d421f5ba1558c7019572') in 0.000209707 seconds
Start importing Packages/com.unity.entities/Unity.Entities.Editor/Content/SystemInspector/TabContents using Guid(203da2a92f7745dfb4285050edfaf69e) (DefaultImporter) -> (artifact id: '5dcda2829eef6fc0b819378b70cbb732') in 0.000213944 seconds
Start importing Packages/com.unity.entities/Editor Default Resources/icons/dark/ActiveBuildConfiguration using Guid(30c7d297ee3d9464686698a711227847) (DefaultImporter) -> (artifact id: 'c90e4c7e7338aecdbb5788c79b968535') in 0.000208925 seconds
Start importing Packages/com.unity.entities/Editor Default Resources/icons/dark/SystemMixed using Guid(507bd45c52674e147a6339912c188de3) (DefaultImporter) -> (artifact id: '1ae250c895fb3a604e1bac3ccec6d159') in 0.000207677 seconds
Start importing Packages/com.unity.entities/Editor Default Resources/icons/light/WindowInstance using Guid(7042812c7dc610244a2e8282d9182ffc) (DefaultImporter) -> (artifact id: '4a0ab06134bcc7429053069e72e2b751') in 0.000197438 seconds
Start importing Packages/com.unity.entities/Editor Default Resources/icons/light/EndCommandBuffer using Guid(709cb5f56b526d449ab20aa2e190c641) (DefaultImporter) -> (artifact id: 'bcb7588c7a70a53d7e115dc1c1ec132c') in 0.000205813 seconds
Start importing Packages/com.unity.entities/Unity.Entities.Editor/Inspector/Visitors/Components using Guid(80dbf32f3db84df3be553e82d39468e9) (DefaultImporter) -> (artifact id: 'b3ad7a68360e204948d21162ca6a0de4') in 0.000218623 seconds
Start importing Packages/com.unity.entities/Editor Default Resources/icons/light/Spinner using Guid(805f5b9f2bf4b8c48993424f2fa0cc7e) (DefaultImporter) -> (artifact id: '256a66fbe36966d0d7b2d69ffa98fa42') in 0.000207211 seconds
Start importing Packages/com.unity.serialization/Tests/Unity.Serialization.Tests/Json/Adapters using Guid(902d1b51e2ad404a8a078043075475ab) (DefaultImporter) -> (artifact id: '535b91fc57e322370e4b3ab4e89fa683') in 0.000200434 seconds
Start importing Packages/com.unity.entities/Editor Default Resources/icons/light/System using Guid(a00641446137ae5448afb73550a41987) (DefaultImporter) -> (artifact id: 'ef54df1aa64740a6ced7d957920f0b8b') in 0.000217037 seconds
Start importing Packages/com.unity.entities/Editor Default Resources/icons/dark/ConvertActive using Guid(c051ef7c47691d84aa2f0bdb2630a05c) (DefaultImporter) -> (artifact id: 'ecbbc216cc3ccfd1fc4b924fb821be46') in 0.000207373 seconds
Start importing Packages/com.unity.entities/Editor Default Resources/icons/dark/Archetype using Guid(0121299aaff82244dbdf457088b76b73) (DefaultImporter) -> (artifact id: 'fd35530e19317133237908d5d931a1d5') in 0.00019906 seconds
Start importing Packages/com.unity.serialization/Runtime/Unity.Serialization/Binary/Properties using Guid(01edfd260057bab4d8292410b5fc68b0) (DefaultImporter) -> (artifact id: '0b5545223f5f64ace7df47f981379a2d') in 0.00021045 seconds
Start importing Packages/com.unity.entities/Unity.Entities.Editor/ContentProvider/Selection/Internal using Guid(01dfbf77439edae4992257990a8af2e3) (DefaultImporter) -> (artifact id: 'b4fb0adea02c6fabedb0cec4ea3b87bf') in 0.000311051 seconds
Start importing Packages/com.unity.entities/Editor Default Resources/icons/light/Go To Entities using Guid(51b9ef4793cd1414983190e090870c39) (DefaultImporter) -> (artifact id: '282b77e611d64e7f927c9632a76906e1') in 0.000232782 seconds
Start importing Packages/com.unity.serialization/Runtime/Unity.Serialization/Utility/Internal using Guid(616bba4640b748329ea46249f079e169) (DefaultImporter) -> (artifact id: 'e99ace1ab109f570ebd712025a7aa75f') in 0.000215347 seconds
Start importing Packages/com.unity.entities/Editor Default Resources/icons/light/Query using Guid(9157411ff27e8144f95fa3f18fc4a136) (DefaultImporter) -> (artifact id: 'd67daa56cfb5187e68cf6103a3d85774') in 0.00027236 seconds
Start importing Packages/com.unity.entities/Editor Default Resources/icons/light/RuntimeComponent using Guid(f1d012f9da4145b41bb2041de18b6bd5) (DefaultImporter) -> (artifact id: 'e68526bae7965617eefea7946a422dda') in 0.000279148 seconds
Start importing Packages/com.unity.entities/Editor Default Resources/icons/dark/RoundedCorners using Guid(0267af87e27565748a96a49e87109bde) (DefaultImporter) -> (artifact id: 'f2f8dda860e1f4ee2d3d12fd2db863cd') in 0.000233472 seconds
Start importing Packages/com.unity.entities/Editor Default Resources/icons/light/Settings using Guid(12de1d3aedef6834e9ffeef48a5ce6c4) (DefaultImporter) -> (artifact id: 'e0c73e8033294e21d8f37e5d9f628def') in 0.000270426 seconds
Start importing Packages/com.unity.entities/Editor Default Resources/icons/selected/Go To Systems using Guid(42de0cd38abc245a8882b4f170d2bd28) (DefaultImporter) -> (artifact id: '13ceedbc5d3c94bd695635c67c42f111') in 0.000217358 seconds
Start importing Packages/com.unity.entities/Editor Default Resources/icons/dark/Component using Guid(527c84d1d6cab104bb4fec629d1b3d73) (DefaultImporter) -> (artifact id: '235da7406c364d0a78ace486111f2bee') in 0.000209095 seconds
Start importing Packages/com.unity.entities/Editor Default Resources/icons/light/Go To Systems using Guid(623368e09185a43eca39548fb3bb86f4) (DefaultImporter) -> (artifact id: '60b7fdc66f6914b0b3bda25403b6df27') in 0.000212648 seconds
Start importing Packages/com.unity.entities/Unity.Entities.UI.Editor/Inspector/Internal/Adapters using Guid(823a82b5fa5a7c64d8beac5d719f3d4f) (DefaultImporter) -> (artifact id: '97d18d309744ffaa1f96e8b52d078518') in 0.000209799 seconds
Start importing Packages/com.unity.entities/Editor Default Resources/icons/dark/Prefab using Guid(82ffa7a32bba420e99fe3a1319b51a81) (DefaultImporter) -> (artifact id: 'e5414c1f1b75e738045da0cd35d17935') in 0.000201094 seconds
Start importing Packages/com.unity.entities/Editor Default Resources/icons/selected/UnmanagedSystem using Guid(92191345a4e326445a06154b7537bcd6) (DefaultImporter) -> (artifact id: '73d828535d1340cc40665bf625bd1f48') in 0.000200384 seconds
Start importing Packages/com.unity.entities/Editor Default Resources/icons/light/ActiveBuildConfiguration using Guid(929ca3d20ac521b49b5c2d1e93586780) (DefaultImporter) -> (artifact id: '1acbaee57c83995dc6143f61ad94f41d') in 0.000202162 seconds
Start importing Packages/com.unity.entities/Editor Default Resources/Unity.Entities.UI/icons/light using Guid(a282c66e9a9319c40bc6a0f2602b0932) (DefaultImporter) -> (artifact id: '5cf71f3c3386be8a72e77c5a29bd2e30') in 0.000197149 seconds
Start importing Packages/com.unity.entities/Editor Default Resources/icons/selected/Go To Entities using Guid(a21827e18d002482c90adf396e356fc2) (DefaultImporter) -> (artifact id: '1a0f7b41d8d07d573b89e4eb7cac5647') in 0.000219667 seconds
Start importing Packages/com.unity.entities/Editor Default Resources/icons/selected/Search using Guid(a2fa2ca725b201a45a70f42e623754fb) (DefaultImporter) -> (artifact id: 'f8db08c43c89e1ee1edc4160419b7f75') in 0.00023745 seconds
Start importing Packages/com.unity.entities/Unity.Entities.Editor/ContentProvider/Selection/uss using Guid(1328c02581aa034468e00a4b5eea7976) (DefaultImporter) -> (artifact id: '4f2d4de8974a86eba946f65893927fef') in 0.000262036 seconds
Start importing Packages/com.unity.entities/Editor Default Resources/icons/dark/Spinner using Guid(233ac2f95e64b34438a2553bf2e12c2a) (DefaultImporter) -> (artifact id: '68f3889783a3baa7e50376263e3e5f52') in 0.000221387 seconds
Start importing Packages/com.unity.entities/Editor Default Resources/Unity.Entities.UI/icons/selected using Guid(43c75b2943980bf4b9262b235d5d3504) (DefaultImporter) -> (artifact id: 'cc4541711ac755b73883b1fd7ef179c3') in 0.000273359 seconds
Start importing Packages/com.unity.entities/Editor Default Resources/uss/StyleSheets/Extensions using Guid(43bc8492aa4fa214a8f8920c2b3b0943) (DefaultImporter) -> (artifact id: '554da09d8401157a0b7887d7c9741224') in 0.000284204 seconds
Start importing Packages/com.unity.entities/Editor Default Resources/icons/light/SystemEnabled using Guid(63f5a542cb6ee8945849859817048c33) (DefaultImporter) -> (artifact id: 'a53d95116c57e62e552bd8dec7269027') in 0.00023034 seconds
Start importing Packages/com.unity.entities/Editor Default Resources/uss/Controls/TabView using Guid(63c727330d9e9294ba4343126635f92b) (DefaultImporter) -> (artifact id: '155d0676903e1045f745998ced213836') in 0.000237469 seconds
Start importing Packages/com.unity.entities/Editor Default Resources/icons/dark/SystemDisabled using Guid(b31a6539599a4584da44918f75e9f43c) (DefaultImporter) -> (artifact id: 'c79828f48c382fd10c6fcc9986b11e52') in 0.000257088 seconds
Start importing Packages/com.unity.entities/Unity.Entities.Editor/ContentProvider/Selection/uxml using Guid(c338124e0e0cf574dbcab2ea249ec43e) (DefaultImporter) -> (artifact id: '8beae43740e2e1315e5f0f669e4276da') in 0.000226239 seconds
Start importing Packages/com.unity.entities/Unity.Entities.Editor/Common/Controls/TabView using Guid(f351824e5e1b4cdc800e66fb31a7298f) (DefaultImporter) -> (artifact id: '0a05f031681eeb2a43ec56b80f23a289') in 0.000263738 seconds
Start importing Packages/com.unity.entities/Editor Default Resources/icons/dark/Settings using Guid(0485912ca9e67104a8b5ae6b87b0c784) (DefaultImporter) -> (artifact id: 'f9a630d34faaaa4737f5ebdf1c2ec0c8') in 0.000289055 seconds
Start importing Packages/com.unity.entities/Editor Default Resources/icons/dark/EntityGroup using Guid(047df68b1776a0349b5580a5eddc36a7) (DefaultImporter) -> (artifact id: '0a1224d2cdbeb5c6c745b5af3c9a27eb') in 0.000244277 seconds
Start importing Packages/com.unity.entities/Editor Default Resources/icons/dark/System using Guid(54381b3e5b643db44a0d6c7fd8e2f8bd) (DefaultImporter) -> (artifact id: '08c04a274c2636d025d0636919d99eb4') in 0.000214752 seconds
Start importing Packages/com.unity.entities/Editor Default Resources/icons/dark/Group using Guid(542bd46ba1bda344b8c6f1e64e0e4da5) (DefaultImporter) -> (artifact id: '8a42e434206e176143981f7a2e9957f5') in 0.000218188 seconds
Start importing Packages/com.unity.entities/Editor Default Resources/icons/light/Journaling using Guid(9426483ac9badc744aa96e44707fb32a) (DefaultImporter) -> (artifact id: 'e180cb2ca2f5a9c887fdcf5a140d5e68') in 0.00020525 seconds
Start importing Packages/com.unity.test-framework/UnityEditor.TestRunner/TestRun/Tasks/Player using Guid(94a6220ee1a442249702c9df66e0fe1b) (DefaultImporter) -> (artifact id: 'f827ae25f95ca0b2387aab13d0de9e87') in 0.000201285 seconds
Start importing Packages/com.unity.serialization/Runtime/Unity.Serialization/Json/Views using Guid(a4e0d78ee52623349a1a6f0cadc1e6c2) (DefaultImporter) -> (artifact id: '652e912b99584c74a9f1bacf287605e8') in 0.000210947 seconds
Start importing Packages/com.unity.serialization/Runtime/Unity.Serialization/Json/Validation using Guid(a40a354e4e4e541458947d9fc58128b6) (DefaultImporter) -> (artifact id: '65db1bc80353b946da11b7450bf87a6f') in 0.000253359 seconds
Start importing Packages/com.unity.entities/Unity.Entities.Editor/GUI/Legacy/Controls using Guid(a42bf616a50f8084a8c3c9bc4ce805b2) (DefaultImporter) -> (artifact id: 'c43350e8c4cf781894e12c64741332f3') in 0.000241947 seconds
Start importing Packages/com.unity.entities/Editor Default Resources/icons/dark/Remove using Guid(a40dae39cdca92c408fd1fc0ca505684) (DefaultImporter) -> (artifact id: '41534e36819dad7116045b4467dcaf59') in 0.000213581 seconds
Start importing Packages/com.unity.entities/Editor Default Resources/icons/selected/Group using Guid(b4ebc8be591963b4880a2ecdffad6091) (DefaultImporter) -> (artifact id: '635430b1b72eb31f2fd380f3b02a5854') in 0.000201463 seconds
Start importing Packages/com.unity.entities/Editor Default Resources/icons/dark/EndCommandBuffer using Guid(b42d35b75b0c26445bb1ab3f3dabe952) (DefaultImporter) -> (artifact id: '671208b8ab8bb949c87e532aec8ed2fc') in 0.000323584 seconds
Start importing Packages/com.unity.entities/Editor Default Resources/icons/dark/Convert using Guid(d434b04336e423f4f83bc2e8fc42eeb5) (DefaultImporter) -> (artifact id: '033de116a1793b4d5d3e88ea56f6732c') in 0.000236205 seconds
Start importing Packages/com.unity.entities/Editor Default Resources/icons/light/ConvertActive using Guid(e462f089f25b9524c91d98137a6492e3) (DefaultImporter) -> (artifact id: '45d6358b537d561551a29d2c058170fd') in 0.000220373 seconds
Start importing Packages/com.unity.entities/Unity.Entities.Editor/ContentProvider/Selection/icons using Guid(05c3638de7ef3894898059a2fcf62ce5) (DefaultImporter) -> (artifact id: '3a16dcc53d9cfa4f422e676e8b20e4e4') in 0.000220875 seconds
Start importing Packages/com.unity.serialization/Tests/Unity.Serialization.Tests/Json/Migration using Guid(259c8478779e4bbd91571a4b49d8eda3) (DefaultImporter) -> (artifact id: 'f8b777fcee7426775eb09d08b71b4c02') in 0.000216644 seconds
Start importing Packages/com.unity.entities/Editor Default Resources/icons/selected/BeginCommandBuffer using Guid(65c225df83cc30440bd49d8a4a2369e7) (DefaultImporter) -> (artifact id: '8afd38ee2cd8955303bb8c60c27ece5e') in 0.00019953 seconds
Start importing Packages/com.unity.entities/Editor Default Resources/icons/dark/Components using Guid(6536f479e27ba2246b23ebb9f607c436) (DefaultImporter) -> (artifact id: 'c0e14beb67c9b781ff5bccabe151bc3f') in 0.000206524 seconds
Start importing Packages/com.unity.entities/Editor Default Resources/icons/dark/UnmanagedSystem using Guid(d500a48b216b1fb4fa5afdc1f41992f0) (DefaultImporter) -> (artifact id: '37fe4e81701f6fea66139c29b6bc38f9') in 0.000215147 seconds
Start importing Packages/com.unity.entities/Unity.Entities.Editor/Hierarchy/Model/ChangeTracking using Guid(e51d9b9ee1994b4b87a5587fabe1dc7a) (DefaultImporter) -> (artifact id: '2638fe6da6e0dc2a02252e22543e84db') in 0.000206854 seconds
Start importing Packages/com.unity.entities/Editor Default Resources/Unity.Entities.UI/icons/dark using Guid(f5af613dba8e61843806525a2ea6d53b) (DefaultImporter) -> (artifact id: 'b0cdb5ebdf0ca09cc69f7936675aea3d') in 0.000196849 seconds
Start importing Packages/com.unity.serialization/Tests/Unity.Serialization.Tests/Json/Validation using Guid(162430ee55793544698812cb7b006788) (DefaultImporter) -> (artifact id: 'faa6ee45f30257d755c7e546eddef8fb') in 0.000205798 seconds
Start importing Packages/com.unity.entities/Editor Default Resources/icons/light/Component using Guid(26253e1066037db45a2cfffda0d04ec3) (DefaultImporter) -> (artifact id: '0ecdd8a6656745e7ebb04044d76ae65d') in 0.000210438 seconds
Start importing Packages/com.unity.serialization/Runtime/Unity.Serialization/Json/Properties using Guid(46506eb81f3ea904cb2d48774a1af12b) (DefaultImporter) -> (artifact id: '694f2055d3db25933f33eb39cdd99f22') in 0.000202598 seconds
Start importing Packages/com.unity.entities/Editor Default Resources/icons/light/Aspect using Guid(6622a540b9cc4d5439b187879e5704d1) (DefaultImporter) -> (artifact id: 'f6928a0c512557a77369ab490d90aced') in 0.00019684 seconds
Start importing Packages/com.unity.entities/Editor Default Resources/icons/dark/Go To Entities using Guid(a6a6590ceb41641f4b2f76e1385f32de) (DefaultImporter) -> (artifact id: '68b4d635e1e9f549bbc152ddd26b5ead') in 0.000201909 seconds
Start importing Packages/com.unity.entities/Unity.Entities.Editor.Tests/Hierarchy/Model/ChangeTracking using Guid(c67be7fe761e2d442984f0575ace8bcc) (DefaultImporter) -> (artifact id: 'e4ac1dcf4a823f1a9a668c7c9e187e85') in 0.000208731 seconds
Start importing Packages/com.unity.entities/Editor Default Resources/icons/dark/Aspect using Guid(178687b92f8f6124cac2be3036b5b3f6) (DefaultImporter) -> (artifact id: 'e21a2aae2b9d1809740d51d3e858c1dd') in 0.000198963 seconds
Start importing Packages/com.unity.entities/Editor Default Resources/icons/light/RoundedCorners using Guid(47a97dc0a1d83f6409dd339637656877) (DefaultImporter) -> (artifact id: 'a0cf5acd98eeb05815476a7b55011089') in 0.000201078 seconds
Start importing Packages/com.unity.entities/Editor Default Resources/icons/dark/Journaling using Guid(5770681611b3fb44b982d4e1ccada573) (DefaultImporter) -> (artifact id: '553f4f82160f57f86aee2e9d27b87b13') in 0.000193541 seconds
Start importing Packages/com.unity.entities/Editor Default Resources/icons/light/Archetype using Guid(7763d53c0eae77043984d98fd182e616) (DefaultImporter) -> (artifact id: 'e43b86a9c05e69cd7496071f159a846d') in 0.000211089 seconds
Start importing Packages/com.unity.entities/Editor Default Resources/icons/dark/Segment using Guid(87685d14d73d64c499dab1b7bcd45754) (DefaultImporter) -> (artifact id: 'd3dcc65e3459b32d3f09adb07d8d1500') in 0.000201487 seconds
Start importing Packages/com.unity.entities/Unity.Entities.Editor/Inspector/Visitors/Aspects using Guid(e722c7105da4405e9c7a55818b74853d) (DefaultImporter) -> (artifact id: 'c8b78e8ab0063b4629e2c2be5dc160e4') in 0.000202852 seconds
Start importing Packages/com.unity.entities/Unity.Entities.Editor/Content/SystemInspector/System using Guid(38f0d612b4044e389242095c245b2a0a) (DefaultImporter) -> (artifact id: '3384cd90715ec72e02ffc960a468f1eb') in 0.000194369 seconds
Start importing Packages/com.unity.entities/Editor Default Resources/icons/dark/RuntimeComponent using Guid(687eeacc4e5b2ec4580e6471180eef25) (DefaultImporter) -> (artifact id: 'd6b2006db661d5f9d26e99ebd0814204') in 0.000197621 seconds
Start importing Packages/com.unity.entities/Editor Default Resources/icons/selected/Query using Guid(78d6ab345adf8f4468ad183b120b60e0) (DefaultImporter) -> (artifact id: '5ce737e22390b502028945cbb6adbf6d') in 0.000201896 seconds
Start importing Packages/com.unity.entities/Unity.Entities.UI.Editor/Inspector/Internal/Visitors using Guid(b8cd298832af3274084aa73ee7d75aac) (DefaultImporter) -> (artifact id: '2cb0face7171bfd934c3318d7dab72e9') in 0.000202238 seconds
Start importing Packages/com.unity.serialization/Runtime/Unity.Serialization/Json/Utility using Guid(09427e1a7fb049f7a115f1909e4873f5) (DefaultImporter) -> (artifact id: '20148628e51bfe3358b63ffcfcce6dd7') in 0.000194308 seconds
Start importing Packages/com.unity.entities/Editor Default Resources/icons/light/Search using Guid(098a1d74e621c614d8c4b772b26d8852) (DefaultImporter) -> (artifact id: 'a7c02f5310695e555310a5a7a8deab40') in 0.000191814 seconds
Start importing Packages/com.unity.entities/Editor Default Resources/icons/light/EntityGroup using Guid(393bd3e33cafcc543a7f229231836d4d) (DefaultImporter) -> (artifact id: 'a12e75b30a485f4f10612cda22932d43') in 0.00020154 seconds
Start importing Packages/com.unity.test-framework/UnityEditor.TestRunner/TestRun/Tasks/Scene using Guid(692476ac695e7b74a8d9eabd48862009) (DefaultImporter) -> (artifact id: 'c93fad50921024025a405a0a862090ff') in 0.000210483 seconds
Start importing Packages/com.unity.serialization/Tests/Unity.Serialization.Tests/Json/Parsing using Guid(69a9e587c04d4d148bc1c171cf7ca41b) (DefaultImporter) -> (artifact id: 'b459bd0766b5e07680a7e5f47f04cdc3') in 0.000193456 seconds
Start importing Packages/com.unity.entities/Editor Default Resources/icons/dark/Go To Systems using Guid(79c6a1d56cc30411e9766629e66ff1ff) (DefaultImporter) -> (artifact id: 'f972d8badc0c6eddf082823ec427c3b5') in 0.000198301 seconds
Start importing Packages/com.unity.serialization/Runtime/Unity.Serialization/Binary/Adapters using Guid(992aca1326e869049896cdc25c332f7a) (DefaultImporter) -> (artifact id: 'f503d7cc7135a638b75971f664194d4c') in 0.000207024 seconds
Start importing Packages/com.unity.test-framework/UnityEditor.TestRunner/TestRun/Tasks/Platform using Guid(d973b7805df545bdae3986ab72a6c2e8) (DefaultImporter) -> (artifact id: '20a6de28fd8aedef407457a6ca2d05cd') in 0.000201208 seconds
Start importing Packages/com.unity.entities/Editor Default Resources/icons/light/Components using Guid(2a323b46a2cde5f43a5c9316b3678548) (DefaultImporter) -> (artifact id: '5d77bdb45db13ebad7d7b03de3feb982') in 0.000195966 seconds
Start importing Packages/com.unity.entities/Editor Default Resources/icons/selected/Settings using Guid(6aa1819c535cc6249b9e83acbb4d8e61) (DefaultImporter) -> (artifact id: '09d9ee1b52e8e94a950c989b0843468c') in 0.000204102 seconds
Start importing Packages/com.unity.serialization/Tests/Unity.Serialization.Tests/Binary/Adapters using Guid(8a0e12c6e5bb4b1e80286b09f34649e4) (DefaultImporter) -> (artifact id: 'd7929f6f6afc7291841429bd5128f2f7') in 0.000203574 seconds
Start importing Packages/com.unity.serialization/Runtime/Unity.Serialization/Json/Parser using Guid(aa476bf8fa9bded44a9377acc9a5401f) (DefaultImporter) -> (artifact id: '14e08a8f6f6d5f88eb2d76c55af6537b') in 0.000190622 seconds
Start importing Packages/com.unity.entities/Editor Default Resources/icons/dark/World using Guid(dadd7cd7ae2ad0542acd390d90a241ba) (DefaultImporter) -> (artifact id: '252f36f760b7389b85b6cc8c981945b6') in 0.000188417 seconds
Start importing Packages/com.unity.entities/Unity.Entities.Tests/Aspects/FunctionalTests/Types using Guid(3b29a841e2307af459d68f1cf1acf5f2) (DefaultImporter) -> (artifact id: '8bb2554f244007fc54bfc2454a9c3c74') in 0.000224565 seconds
Start importing Packages/com.unity.serialization/Runtime/Unity.Serialization/Json/Adapters using Guid(7b8760b7b7f85564f8301f7c2b39f1ea) (DefaultImporter) -> (artifact id: 'c088e3d9e6aa8db8f46a3eba36744533') in 0.000212803 seconds
Start importing Packages/com.unity.entities/Editor Default Resources/icons/dark/WindowInstance using Guid(bbc48af2711748f40954e7d6f30726d4) (DefaultImporter) -> (artifact id: '037eb4cb036b721977a7e42f762c1560') in 0.000201874 seconds
Start importing Packages/com.unity.entities/Editor Default Resources/icons/light/Go To using Guid(bb883b32e63ab8d40bd1c2f1c79cb83b) (DefaultImporter) -> (artifact id: '7fddd527ec6d9ad79ccda1fc7c71fa40') in 0.000194935 seconds
Start importing Packages/com.unity.entities/Editor Default Resources/icons/dark/Query using Guid(eb37ce0d34c8d2243adda445b9c830f4) (DefaultImporter) -> (artifact id: '9cc99a1629e57552c007fe28820b26a2') in 0.000193267 seconds
Start importing Packages/com.unity.entities/Editor Default Resources/icons/light/UnmanagedSystem using Guid(fb8a505893793bf45a4cc72832f41cfd) (DefaultImporter) -> (artifact id: '08969e105c05bd12d00011d954d9e9df') in 0.000190077 seconds
Start importing Packages/com.unity.entities/Editor Default Resources/icons/light/Remove using Guid(1cf6b8eecccf0ec46ab49b690913a210) (DefaultImporter) -> (artifact id: '9deff26d8fa81cd2aa2d230f42d0ceba') in 0.000207882 seconds
Start importing Packages/com.unity.entities/Editor Default Resources/icons/dark/Entity using Guid(2c1ba695d4d87b64587cc1c556344836) (DefaultImporter) -> (artifact id: '00e3d2096f29baec6f0d199fdb36d65f') in 0.000199648 seconds
Start importing Packages/com.unity.entities/Editor Default Resources/icons/light/Entity using Guid(4c3bccfa7e208a74cbdbf8d5a3e61843) (DefaultImporter) -> (artifact id: '514594196cce39515c2aa3a4522f00c4') in 0.000193409 seconds
Start importing Packages/com.unity.entities/Editor Default Resources/icons/selected/System using Guid(7c15922e37d8f3a44b96683dc9398b6d) (DefaultImporter) -> (artifact id: 'bd5adc9f30805d7b2f0f92a1a3385111') in 0.000193959 seconds
Start importing Packages/com.unity.entities/Editor Default Resources/icons/light/Convert using Guid(8cc67a8f9ff3ea54ca9ee842b7513530) (DefaultImporter) -> (artifact id: '4841f0730a6a38d99fa372774c9fd2ed') in 0.000211763 seconds
Start importing Packages/com.unity.entities/Editor Default Resources/icons/dark/Search using Guid(9c1e5d72beb5d3c4db16cdf10d93623b) (DefaultImporter) -> (artifact id: '40011cba72231ee7bc6147d2645cb261') in 0.000197218 seconds
Start importing Packages/com.unity.test-framework/UnityEditor.TestRunner/TestRun/Tasks/Events using Guid(cca5935142d6c754f9ecdce1294f7079) (DefaultImporter) -> (artifact id: '1f81049cc8c4f238fec5f2b1ea887709') in 0.000235974 seconds
Start importing Packages/com.unity.entities/Editor Default Resources/icons/dark/SystemEnabled using Guid(ecbc6ad7e057b7345b24b9a9191ddfda) (DefaultImporter) -> (artifact id: '44c63d15e6be8f6b7e3d16b4f5160cfd') in 0.000215506 seconds
Start importing Packages/com.unity.entities/Editor Default Resources/icons/light/Segment using Guid(3dfd5770b495b9f45a7f3f7f430cc025) (DefaultImporter) -> (artifact id: 'a25a33872a7835a9ac0d7aae0b26853b') in 0.000203945 seconds
Start importing Packages/com.unity.entities/Editor Default Resources/icons/light/Group using Guid(4dbcea1510e7579458c162f919cd23c9) (DefaultImporter) -> (artifact id: '1853e93adad5ea0148eb79c3d4c986b3') in 0.000203903 seconds
Start importing Packages/com.unity.entities/Editor Default Resources/icons/light/BeginCommandBuffer using Guid(8da05fb9fc9614e4caa347380f6eea98) (DefaultImporter) -> (artifact id: 'e1ff1ccd0251a9b6bff20aad7d3c7f78') in 0.000196853 seconds
Start importing Packages/com.unity.entities/Unity.Entities.UI.Editor/Inspector/Internal/BuiltinPropertyInspectors using Guid(9de9a3ac3892e664f966bfa988b388a8) (DefaultImporter) -> (artifact id: 'ed51ce86076580ddb027856b57540275') in 0.0002057 seconds
Start importing Packages/com.unity.entities/Editor Default Resources/icons/selected/EndCommandBuffer using Guid(cd1ad0f971195e345a4cd22902d7b711) (DefaultImporter) -> (artifact id: 'e61d9928639886e52593d3af72a067ca') in 0.000202407 seconds
Start importing Packages/com.unity.serialization/Runtime/Unity.Serialization/Json/Migration using Guid(ddb1a032313e4db69aed6d2ae6aa803c) (DefaultImporter) -> (artifact id: '7485d56ca5058bc999de3d52e6dc32ac') in 0.000203383 seconds
Start importing Packages/com.unity.entities/Editor Default Resources/icons/selected/Entity using Guid(edeb96f514c083749ac5717e2a7393f2) (DefaultImporter) -> (artifact id: '907b8057fef4645f9613137422943519') in 0.000216793 seconds
Start importing Packages/com.unity.entities/Editor Default Resources/icons/selected/WindowInstance using Guid(4e81645317d569342a9b1272e26ddc57) (DefaultImporter) -> (artifact id: '545c5165f9b26d9457227e3982599be8') in 0.000208498 seconds
Start importing Packages/com.unity.entities/Editor Default Resources/icons/light/SystemMixed using Guid(eeea15329798b9d4ba6e0c6c7187f4c6) (DefaultImporter) -> (artifact id: 'a33bb1583ba970f49456b1d180f26f2f') in 0.000197188 seconds
Start importing Packages/com.unity.entities/Editor Default Resources/icons/light/Prefab using Guid(fe9b37f9737d4b8faf945ddfa8a6a1cf) (DefaultImporter) -> (artifact id: '293b08ef394aa102b849bee8a0211c2b') in 0.0002058 seconds
Start importing Packages/com.unity.entities/Editor Default Resources/icons/dark/BeginCommandBuffer using Guid(1f380c89bb018f14a870276a41782bc1) (DefaultImporter) -> (artifact id: '36c53eca59e3e628b7bf474edb641a0e') in 0.000203395 seconds
Start importing Packages/com.unity.entities/Editor Default Resources/icons/dark/Go To using Guid(bf2046df135454a4ea172f0854ef223e) (DefaultImporter) -> (artifact id: '0fd144955ca83a6042942f6bc917c743') in 0.000196665 seconds
Start importing Packages/com.unity.entities/Editor Default Resources/icons/light/SystemDisabled using Guid(ef2ea919a39dab443b36f504e574368b) (DefaultImporter) -> (artifact id: '857c2a6dc36d463b35db96d3bf30f1fb') in 0.000214082 seconds
Start importing Packages/com.unity.serialization/Runtime/Unity.Serialization/Json/Properties/Internal using Guid(31f76612250b498e8ba8ad166309ae9b) (DefaultImporter) -> (artifact id: '34e601c28bf8fed0d170fd51250d3af7') in 0.000220468 seconds
Start importing Packages/com.unity.serialization/Runtime/Unity.Serialization/Json/Utility/Internal using Guid(81099cecc8874ae39c52f3e13a0d34d9) (DefaultImporter) -> (artifact id: 'c744f78e7496152e5d8aef9c192b7e9d') in 0.000210653 seconds
Start importing Packages/com.unity.entities/Unity.Entities.Editor/ContentProvider/Selection/icons/light using Guid(d2dba0277f38a8b4e87b7f70983817a9) (DefaultImporter) -> (artifact id: '8a40864ce650a22d9eebed94780d97d9') in 0.000204356 seconds
Start importing Packages/com.unity.serialization/Runtime/Unity.Serialization/Json/Validation/Internal using Guid(6307ab10dec548f09359d78682e6e7e2) (DefaultImporter) -> (artifact id: 'bf58f158a328dc5bc9ec5142bf631aaf') in 0.000191752 seconds
Start importing Packages/com.unity.serialization/Runtime/Unity.Serialization/Binary/Properties/Internal using Guid(88737d58f88a486c8a6e12907e6d4124) (DefaultImporter) -> (artifact id: '5286e48c0bf8a814590c21f094d0df4b') in 0.000197149 seconds
Start importing Packages/com.unity.serialization/Runtime/Unity.Serialization/Json/Migration/Internal using Guid(3ad32b4e30394f809a160d3d45433566) (DefaultImporter) -> (artifact id: '4f22d7786a9e0718b29168d50ceefe24') in 0.000202132 seconds
Start importing Packages/com.unity.entities/Unity.Entities.Editor/ContentProvider/Selection/icons/dark using Guid(caf792c44853a5c429d861f85ec4ba27) (DefaultImporter) -> (artifact id: '4934c3e0fbf1569a3dae04689c2f2827') in 0.000198184 seconds
Start importing Packages/com.unity.serialization/Runtime/Unity.Serialization/Json/Adapters/Internal using Guid(7b0f33cf1ef24bd8983b743788e74465) (DefaultImporter) -> (artifact id: '6c2b4179679967938016eb8cbf1b67a4') in 0.000194033 seconds
Start importing Packages/com.unity.entities/Unity.Entities.Editor/GUI/Legacy/Controls/RuntimeComponents using Guid(0e8c5ff069f93924c943450aba4fc0e0) (DefaultImporter) -> (artifact id: '8f4dfe2ea54f73b5a08e7eb06fa4b9af') in 0.000205115 seconds
Start importing Packages/com.unity.serialization/Runtime/Unity.Serialization/Json/Views/Internal using Guid(be081d8dae1f4feab00b4436f7673096) (DefaultImporter) -> (artifact id: '67b5680c50ed4a2b8a4ad57a10819f55') in 0.000206954 seconds
Start importing Packages/com.unity.serialization/Runtime/Unity.Serialization/Binary/Adapters/Internal using Guid(2f3170f68e1f486ba8be63152dad1996) (DefaultImporter) -> (artifact id: 'fa628b7de2390c502e3e3e022b6c95f4') in 0.000201537 seconds
Start importing Packages/com.unity.serialization/Runtime/Unity.Serialization/Json/Parser/Internal using Guid(afbd63584e454f8483791c8f8ec89f9a) (DefaultImporter) -> (artifact id: '39fd6ddb35c0fb8be79223164f0f1e4b') in 0.000193019 seconds
Start importing Packages/com.unity.entities/Unity.Entities.Editor/GUI/Legacy/Controls/RuntimeComponents/Adapters using Guid(a6ef5b2a48c427542baefb3dcd67ab52) (DefaultImporter) -> (artifact id: '2c1d8d0c59c89b417a1acbe6299ce4e1') in 0.000201689 seconds
Start importing Packages/com.unity.entities/Unity.Entities.Editor/ContentProvider/Selection/icons/dark/WaitSpin using Guid(391640d75d3af784cb90c2ccec5c9abe) (DefaultImporter) -> (artifact id: '74d45454395d5f4c389532c10090f107') in 0.000207403 seconds
Start importing Packages/com.unity.entities/Unity.Entities.Editor/GUI/Legacy/Controls/RuntimeComponents/Utility using Guid(9a38f1e985334a9fba2179a7a5013169) (DefaultImporter) -> (artifact id: '1b165f8c2f857eda2f421e45b8c80a9d') in 0.000202404 seconds
Start importing Packages/com.unity.entities/Unity.Entities.Editor/ContentProvider/Selection/icons/light/WaitSpin using Guid(aa7cc5bef935b2d409f838a6049c152b) (DefaultImporter) -> (artifact id: '0e37e03707036f06607480547f1f03f2') in 0.000197467 seconds
Start importing Packages/com.unity.test-framework/Tests/TestNewCustomAssembly/TestNewCustomAssembly.asmdef using Guid(005d90528beb64e71b011a6207806ed5) (AssemblyDefinitionImporter) -> (artifact id: 'fdab9d5d4dfc6a2d471dd347f8a4173e') in 0.000463814 seconds
Start importing Packages/com.unity.entities/Unity.Entities.Editor/Unity.InternalAPIEditorBridge.002/Unity.InternalAPIEditorBridge.002.asmdef using Guid(40600413a4000ea4186b6ed87e6148df) (AssemblyDefinitionImporter) -> (artifact id: '60d20d23c1007ffd29230e33af71f0c0') in 0.000302411 seconds
Start importing Assets/GameCore.Validation/Generated/GameCore.Validation.Generated.asmdef using Guid(70b5c0133a18028388afb4aebd074172) (AssemblyDefinitionImporter) -> (artifact id: '803cfeefd218c1ed1c7d3ee1e496aedc') in 0.000285126 seconds
Start importing Packages/com.unity.entities/Unity.Entities.Hybrid.Tests/Baking/ExcludedAssemblyTest/Unity.Entities.Hybrid.Tests.ExcludedAssembly.asmdef using Guid(8057ed6d5d444fea9a12fe971a174f2c) (AssemblyDefinitionImporter) -> (artifact id: '866d694050fa22acb5646e45650ceae1') in 0.000284513 seconds
Start importing Packages/com.unity.mathematics/Tests/Unity.Mathematics.Tests.asmdef using Guid(904d80dccad704a3f95e42bd0ad5d960) (AssemblyDefinitionImporter) -> (artifact id: '83da058a45d0931d86d85312db6af234') in 0.000288417 seconds
Start importing Packages/com.unity.test-framework.performance/Runtime/Unity.PerformanceTesting.asmdef using Guid(c0dd0d10738d4ad4a9de57c559d0ca1b) (AssemblyDefinitionImporter) -> (artifact id: 'c2f2dd64096bf6690291e63e9be8d050') in 0.000300049 seconds
Start importing Packages/com.unity.collections/Unity.Collections/Unity.Collections.asmdef using Guid(e0cd26848372d4e5c891c569017e11f1) (AssemblyDefinitionImporter) -> (artifact id: '7f0a8b2f27dfe32928c382e08c6aaf28') in 0.000279212 seconds
Start importing Packages/com.unity.entities/Unity.Mathematics.Extensions/Unity.Mathematics.Extensions.asmdef using Guid(e04e6c86a9f3947eb95fded39f9e60cc) (AssemblyDefinitionImporter) -> (artifact id: 'a4aada110f35e4a18433dbb8a5222619') in 0.000271473 seconds
Start importing Packages/com.gamecore.unity.runtime/Tests/Faults/GameCore.Unity.Faults.Tests.asmdef using Guid(410ef0242a3b444da77417484e49978f) (AssemblyDefinitionImporter) -> (artifact id: '36ca453da6859055f71c6644650f4c22') in 0.000295907 seconds
Start importing Packages/com.gamecore.content.compiler/Runtime/GameCore.Content.Compiler.asmdef using Guid(5174c1f17f526a86599c46e1c7cfa12c) (AssemblyDefinitionImporter) -> (artifact id: '8e2b122dc677eabe37a93e6e77c79a60') in 0.000308319 seconds
Start importing Packages/com.unity.entities/Unity.Entities.PerformanceTests/Unity.Entities.PerformanceTests.asmdef using Guid(51dc02c04d39a9b46ab6005ac84f4a4d) (AssemblyDefinitionImporter) -> (artifact id: '8c5f8bce76a277e40bc0f677bd638aee') in 0.000279643 seconds
Start importing Packages/com.unity.entities/Unity.Scenes.Editor/Unity.Scenes.Editor.asmdef using Guid(61431be5104c24137b41fcf2264ef434) (AssemblyDefinitionImporter) -> (artifact id: '67bf5d4461881b0174e8a5e4e0ac4484') in 0.000275218 seconds
Start importing Packages/com.unity.entities/Unity.Entities.Tests/InAnotherEmptyAssembly/Unity.Entities.Tests.InAnotherEmptyAssembly.asmdef using Guid(7169e189ba9d4907b5d5ddeede103c18) (AssemblyDefinitionImporter) -> (artifact id: 'a140df3f9daa8bf89d2d16039e30898c') in 0.000292113 seconds
Start importing Packages/com.gamecore.gameplay.narrative/Runtime/GameCore.Gameplay.Narrative.asmdef using Guid(a188e9c5cacdbf2fb9757ff834c56e70) (AssemblyDefinitionImporter) -> (artifact id: '1ec29412d519b92a5aebacfdfaa5c170') in 0.000278575 seconds
Start importing Packages/com.unity.entities/Unity.Entities.Editor/ContentProvider/Selection/Unity.Entities.Editor.Properties.asmdef using Guid(b1a2d754dc4ccc6468a4ae7bd24c4071) (AssemblyDefinitionImporter) -> (artifact id: '8a782aeca177d55da67743323bc3e18c') in 0.000280234 seconds
Start importing Assets/GameCore.Validation/GeneratedTraversal/GameCore.Validation.GeneratedTraversal.asmdef using Guid(b158b942bec14465ab1e20f67e6b9d69) (AssemblyDefinitionImporter) -> (artifact id: 'db81f8804ddc41075b95109e5c6fcb13') in 0.000270851 seconds
Start importing Packages/com.unity.entities/Unity.Transforms.PerformanceTests/Unity.Transforms.PerformanceTests.asmdef using Guid(c1825663e7e094b6ca750434732f57c0) (AssemblyDefinitionImporter) -> (artifact id: '595dec16c6bdc64532f50d7dacb27559') in 0.000280362 seconds
Start importing Packages/com.unity.entities/Unity.Transforms.Tests/Unity.Transforms.Tests.asmdef using Guid(c1baa1484221840fa99c34120fb36ae0) (AssemblyDefinitionImporter) -> (artifact id: '5998be4e82ba4b0167a20af01a41b3f7') in 0.000285272 seconds
Start importing Packages/com.unity.collections/DocCodeSamples.Tests/DocCodeSamples.Tests.asmdef using Guid(d1fecb7e41996c7468b18df518b721d9) (AssemblyDefinitionImporter) -> (artifact id: '1a8619bbc01a5900ee57a31b93035af9') in 0.0002771 seconds
Start importing Packages/com.unity.scriptablebuildpipeline/Tests/Editor/Unity.ScriptableBuildPipeline.Editor.Tests.asmdef using Guid(0244ca4987514734a84f74195d54113d) (AssemblyDefinitionImporter) -> (artifact id: 'bf840cb7bd8684d13406de1f5a54f4f2') in 0.000287509 seconds
Start importing Packages/com.unity.entities/Unity.Entities.Editor.PerformanceTests/Unity.Entities.Editor.PerformanceTests.asmdef using Guid(221b8f40a8937394c82cce92935de37b) (AssemblyDefinitionImporter) -> (artifact id: '7a741841e8cbd75ea91fc2772ac22ce2') in 0.000289565 seconds
Start importing Packages/com.unity.mathematics/Unity.Mathematics.Editor/Unity.Mathematics.Editor.asmdef using Guid(329b4ccd385744985bf3f83cfd77dfe7) (AssemblyDefinitionImporter) -> (artifact id: '1973905c62ef572f27533f2f433032d1') in 0.000717648 seconds
Start importing Packages/com.unity.entities/Unity.Scenes.Hybrid.Tests/Playmode/Unity.Scenes.Hybrid.Tests.Playmode.asmdef using Guid(62a02badfc2c3ab56bfd1dff0228458c) (AssemblyDefinitionImporter) -> (artifact id: '82caadb7d0883101ec4ba6ce4aeaddbb') in 0.000323464 seconds
Start importing Packages/com.unity.entities/Unity.Scenes.Tests/Unity.Scenes.Tests.asmdef using Guid(720091d644ab2934188e406a40916015) (AssemblyDefinitionImporter) -> (artifact id: 'ce8025cb2e2b2e568c7ee936d88c9cea') in 0.000303157 seconds
Start importing Packages/com.unity.toolchain.linux-x86_64/Tests/Editor/Unity.Toolchain.Linux-x86_64.EditorTests.asmdef using Guid(138e8122bb82938fe9a6eee7a4985427) (AssemblyDefinitionImporter) -> (artifact id: '7a7b3e46b3289357a9ed6aac425ed531') in 0.000301107 seconds
Start importing Packages/com.unity.sysroot/Editor/Unity.SysrootPackage.Editor.asmdef using Guid(435a4e0ece4e23c4882730a295bbd8cd) (AssemblyDefinitionImporter) -> (artifact id: 'b36985a53ad91c94e488985541c0cafc') in 0.000408356 seconds
Start importing Packages/com.unity.entities/Unity.Scenes.Editor.Tests/TypeDependencyCacheTestAssembly/TypeDependencyCacheTestAssembly.asmdef using Guid(53acedc748492427689f2a12bee520cc) (AssemblyDefinitionImporter) -> (artifact id: '5a8ed8eb01e43bca83828d6b2e76cdc6') in 0.000451183 seconds
Start importing Packages/com.unity.entities/Unity.Entities/Unity.Entities.asmdef using Guid(734d92eba21c94caba915361bd5ac177) (AssemblyDefinitionImporter) -> (artifact id: '33a5013930c8bb43e2f6af8b07bb4606') in 0.000525271 seconds
Start importing Packages/com.unity.serialization/Tests/Unity.Serialization.Tests/Unity.Serialization.Tests.asmdef using Guid(a3422aa30a0dbf340bd78626a0c8b44a) (AssemblyDefinitionImporter) -> (artifact id: '58fc0a13c8e0ddeaba0299747443b443') in 0.000356344 seconds
Start importing Packages/com.unity.scriptablebuildpipeline/Tests/Runtime/TestAssets/Unity.ScriptableBuildPipelineTests.Runtime.Tests.asmdef using Guid(b3d0096afb8b48f4c88de2672cc76462) (AssemblyDefinitionImporter) -> (artifact id: 'd3e507e5d84a1493d3e61ca362ec0601') in 0.000317787 seconds
Start importing Packages/com.unity.entities/Unity.Entities.Editor/Unity.Entities.Editor.asmdef using Guid(c38fb62397af04c51b143415e1db6d90) (AssemblyDefinitionImporter) -> (artifact id: '93dbb92deabe91cf1b5498fd749f046c') in 0.000317682 seconds
Start importing Packages/com.gamecore.unity.runtime/Tests/Messages/GameCore.Unity.Messages.Tests.asmdef using Guid(24b38d6573e4f526c5176089fb311815) (AssemblyDefinitionImporter) -> (artifact id: 'f0e7f2bff10b6b2743906a27f07d3c5a') in 0.00029357 seconds
Start importing Packages/com.gamecore.unity.adapters/Runtime/GameCore.Unity.Adapters.asmdef using Guid(34a7de04127fd19a0a4f1d0992286fd6) (AssemblyDefinitionImporter) -> (artifact id: '2bdb795f5604ab985f18ab6b48ae9139') in 0.000281112 seconds
Start importing Packages/com.unity.entities/Unity.Deformations/Unity.Deformations.asmdef using Guid(442911fa060b2d148b430623121a113c) (AssemblyDefinitionImporter) -> (artifact id: 'b51ce7733a22841f83d529860a3f15e4') in 0.000287408 seconds
Start importing Packages/com.unity.entities/Unity.Transforms.Hybrid/Unity.Transforms.Hybrid.asmdef using Guid(44dcb2bf5b9be4b5aa76674c8edcd1d5) (AssemblyDefinitionImporter) -> (artifact id: 'a3b776d4814950682dba1beecbea8a28') in 0.000647508 seconds
Start importing Packages/com.unity.collections/Unity.Collections.PerformanceTests/Unity.Collections.PerformanceTests.asmdef using Guid(64222b0d0713a412f92762e2fccd795a) (AssemblyDefinitionImporter) -> (artifact id: '85687e5429e2e22bffc7a464564f3a88') in 0.000321108 seconds
Start importing Packages/com.unity.entities/Unity.Mathematics.Extensions.Hybrid/Unity.Mathematics.Extensions.Hybrid.asmdef using Guid(64dd21a71f05646a89405b0ade11289b) (AssemblyDefinitionImporter) -> (artifact id: '56ab90d0f7f2b5cda26961f5307f97f5') in 0.000303583 seconds
Start importing Packages/com.gamecore.unity.adapters/Tests/Adapters/GameCore.Unity.Adapters.Contract.Tests.asmdef using Guid(94dad5f8a24a4b2eab667452a8ec81cc) (AssemblyDefinitionImporter) -> (artifact id: '591645fdb484fcee02df1964b9ea12e9') in 0.000293321 seconds
Start importing Packages/com.unity.profiling.core/Runtime/Unity.Profiling.Core.asmdef using Guid(b46779583a009f04ba9f5f31d0e7e6ac) (AssemblyDefinitionImporter) -> (artifact id: '3c400833b9d3b0f906d8d90a820ffc1c') in 0.000289649 seconds
Start importing Packages/com.gamecore.content.compiler/Editor/GameCore.Content.Compiler.Editor.asmdef using Guid(d4cbc948825270f79be7bd03f6f42168) (AssemblyDefinitionImporter) -> (artifact id: '1df230717e2a5e8c33fbc8f01cc9284e') in 0.000275399 seconds
Start importing Packages/com.gamecore.derivation/Fixtures/Runtime/GameCore.Derivation.Fixtures.asmdef using Guid(f4b1b2aef3bfc0b2eab014d7fbee788d) (AssemblyDefinitionImporter) -> (artifact id: '29bdc12c74516f95cbf3f6079c5460c6') in 0.000289378 seconds
Start importing Assets/GameCore.Validation/Abstractions/GameCore.Validation.Probe.asmdef using Guid(f4b750696eec51b1190df3a938ba50d7) (AssemblyDefinitionImporter) -> (artifact id: 'a211d9f3bf43a5c79a561a8fdd4c889e') in 0.000289217 seconds
Start importing Packages/com.gamecore.unity.runtime/Fixtures/Runtime/GameCore.Unity.Fixtures.asmdef using Guid(155256e8ca2f08afbbbe67902d55e42e) (AssemblyDefinitionImporter) -> (artifact id: 'ab78ff48d5270ebb24965eadb972b0ae') in 0.000275683 seconds
Start importing Packages/com.unity.entities/Unity.Entities.UI/Unity.Entities.UI.asmdef using Guid(159aca2f335330348af7565091f798af) (AssemblyDefinitionImporter) -> (artifact id: '8e86644663080b742c08a003e466c94f') in 0.00027264 seconds
Start importing Packages/com.gamecore.gameplay.cards/Runtime/GameCore.Gameplay.Cards.asmdef using Guid(45fd94b3470315bc78c3867ce7d3a808) (AssemblyDefinitionImporter) -> (artifact id: '707480cc672cc7191cd415306cd3a471') in 0.000289503 seconds
Start importing Packages/com.gamecore.gameplay.narrative/Fixtures/Runtime/GameCore.Gameplay.Narrative.Fixtures.asmdef using Guid(75da47996c39da8d28d8e3684f5a0746) (AssemblyDefinitionImporter) -> (artifact id: '6a2228ad6191ce1ba8f7e7746107c19b') in 0.000283846 seconds
Start importing Packages/com.unity.entities/Unity.Transforms/Unity.Transforms.asmdef using Guid(a5baed0c9693541a5bd947d336ec7659) (AssemblyDefinitionImporter) -> (artifact id: '52d039e24bf33f194367f9fa7a44afed') in 0.000279873 seconds
Start importing Packages/com.gamecore.rules.traversal/Tests/GameCore.Rules.Traversal.Tests.asmdef using Guid(a5addcb1766d4b37af43d56e367c749d) (AssemblyDefinitionImporter) -> (artifact id: '531217eb1667e001805cb4c23b1f59fc') in 0.000283932 seconds
Start importing Packages/com.unity.scriptablebuildpipeline/Editor/Unity.ScriptableBuildPipeline.Editor.asmdef using Guid(c5ecc461727906345a35491a0440694f) (AssemblyDefinitionImporter) -> (artifact id: 'a57b999264f73fc13a97115e92604155') in 0.000291492 seconds
Start importing Packages/com.unity.entities/Unity.Entities.UI.Editor/Unity.Entities.UI.Editor.asmdef using Guid(d5b6d673878904c4e86229129b6086a2) (AssemblyDefinitionImporter) -> (artifact id: 'b5db98e8bd71c337701235a42f84f7cf') in 0.000280071 seconds
Start importing Packages/com.gamecore.unity.runtime/Tests/Runtime/GameCore.Unity.Runtime.Tests.asmdef using Guid(e5dfd53dbab0f122cb8490d0f08bef15) (AssemblyDefinitionImporter) -> (artifact id: 'a2b4266b75eba8e9136275507babfce6') in 0.000277966 seconds
Start importing Packages/com.unity.burst/Runtime/Unity.Burst.asmdef using Guid(2665a8d13d1b3f18800f46e256720795) (AssemblyDefinitionImporter) -> (artifact id: '85eefb398227b4dd1c2deef7bd0db3fa') in 0.000277705 seconds
Start importing Packages/com.unity.entities/Unity.Entities.Hybrid.EndToEnd.Tests/Unity.Entities.Hybrid.EndToEnd.Tests.asmdef using Guid(36e5f33a4fc113a46aa097b1f6c10b5a) (AssemblyDefinitionImporter) -> (artifact id: 'c71859848452709db135bf202b8ce028') in 0.000277926 seconds
Start importing Packages/com.gamecore.unity.adapters/Fixtures/Runtime/GameCore.Unity.Adapters.Fixtures.asmdef using Guid(7636e7e6e5ab4edfb48fa557f4230fe7) (AssemblyDefinitionImporter) -> (artifact id: '5f57097c928bff89539721248dc49eaf') in 0.000275459 seconds
Start importing Packages/com.unity.collections/Unity.Collections.Editor/Unity.Collections.Editor.asmdef using Guid(c668b7a00ffe56a498ddb1fc9f96f4e6) (AssemblyDefinitionImporter) -> (artifact id: '6bc15c8fa61aa95b440c3e8be43f6378') in 0.000273022 seconds
Start importing Packages/com.gamecore.gameplay.traversal/Runtime/GameCore.Gameplay.Traversal.asmdef using Guid(d635b99ee389423aac8a3b3200fa254f) (AssemblyDefinitionImporter) -> (artifact id: '94d5154460c0297f03a7cfb8083848a5') in 0.000283269 seconds
Start importing Packages/com.unity.serialization/Editor/Unity.Serialization.Editor/Unity.Serialization.Editor.asmdef using Guid(e6fd7f05e305677498be9a778f5ad209) (AssemblyDefinitionImporter) -> (artifact id: '51f5e05f3171a4987f9036f390fdffd1') in 0.00028268 seconds
Start importing Packages/com.unity.entities/Unity.Scenes.Hybrid.Tests/Editmode/Content/Unity.Scenes.Hybrid.Tests.Editmode.Content.asmdef using Guid(f681a7ee484f24444be78ac3f1bd93c7) (AssemblyDefinitionImporter) -> (artifact id: '1da4c0bb8a75a949218c0bdea6b429fa') in 0.00028324 seconds
Start importing Packages/com.unity.entities/Unity.Entities.Hybrid.HybridComponents/Unity.Entities.Hybrid.HybridComponents.asmdef using Guid(1759fe4a67488100793613cc6bf36c6d) (AssemblyDefinitionImporter) -> (artifact id: '53071e942dd980d8ac6aef5a9459d65c') in 0.000276203 seconds
Start importing Packages/com.unity.test-framework/UnityEngine.TestRunner/UnityEngine.TestRunner.asmdef using Guid(27619889b8ba8c24980f49ee34dbb44a) (AssemblyDefinitionImporter) -> (artifact id: '4e99211f6fa79279dcc82bfb5cb90702') in 0.000308495 seconds
Start importing Packages/com.unity.serialization/Runtime/Unity.Serialization/Unity.Serialization.asmdef using Guid(2765e68924a08a94ea0ea66b31c0168f) (AssemblyDefinitionImporter) -> (artifact id: 'f8aeff607cd44c1db6c6d79087756077') in 0.000286902 seconds
Start importing Packages/com.unity.entities/Unity.Entities.Tests/Content/ContentDeliveryTests/Unity.Entities.ContentDeliveryGlobalState.Tests.asmdef using Guid(276dc10101b3aee4384b9dbebe564203) (AssemblyDefinitionImporter) -> (artifact id: '7913530386bca126500785447325b052') in 0.00028413 seconds
Start importing Packages/com.unity.entities/Unity.Entities.Hybrid.Tests/Baking/SeparateAssembly/Unity.Entities.Hybrid.Tests.SeparateAssembly.asmdef using Guid(276d4b9c3a7a4cb41b9ac3c04d19b24d) (AssemblyDefinitionImporter) -> (artifact id: 'd441866240ae1c58edee677913df3c89') in 0.000295177 seconds
Start importing Packages/com.gamecore.unity.runtime/Tests/Assembly/GameCore.Unity.Assembly.Tests.asmdef using Guid(87509cd38aed3abd7fcd5dd832c2e8f3) (AssemblyDefinitionImporter) -> (artifact id: 'd0ba55bd1f1c6ad0d1aa30ecd77eaf35') in 0.000726713 seconds
Start importing Packages/com.unity.burst/Editor/Unity.Burst.Editor.asmdef using Guid(b75d3cd3037d383a8d1e2f9a26d73d8a) (AssemblyDefinitionImporter) -> (artifact id: 'e46244b77da178d6ef504f177967ff9d') in 0.0002848 seconds
Start importing Packages/com.unity.entities/Unity.Core.Editor/Unity.Core.Editor.asmdef using Guid(c789cb8ae7a594a46974120ba85fcf1b) (AssemblyDefinitionImporter) -> (artifact id: '9738bab1b7af592cfb723901166a1901') in 0.000272351 seconds
Start importing Packages/com.gamecore.unity.runtime/Tests/Observation/GameCore.Unity.Observation.Tests.asmdef using Guid(4894dec469f447e0a3388bf44e8e8d4b) (AssemblyDefinitionImporter) -> (artifact id: 'abb0f960e365e4c119f95e58a48b4594') in 0.000279305 seconds
Start importing Packages/com.unity.entities/Unity.Entities.Build/Unity.Entities.Build.asmdef using Guid(586c26a6ab8923842bcb0848f39b6cf7) (AssemblyDefinitionImporter) -> (artifact id: 'c7597279984d7f3e7c2dde83c0686790') in 0.000287284 seconds
Start importing Packages/com.gamecore.rules.traversal/Runtime/GameCore.Rules.Traversal.asmdef using Guid(78333a8ecf214a3084e3b3e55f2a574a) (AssemblyDefinitionImporter) -> (artifact id: '318f04a93e8ce94c20ae4480013aa423') in 0.000276087 seconds
Start importing Packages/com.unity.entities/Unity.Entities.Hybrid/Unity.Entities.Hybrid.asmdef using Guid(8819f35a0fc84499b990e90a4ca1911f) (AssemblyDefinitionImporter) -> (artifact id: 'fba01346c5664f3d4fb10ce8758d9d47') in 0.000269642 seconds
Start importing Packages/com.unity.entities/DocCodeSamples.Tests/DocCodeSamples.asmdef using Guid(b8bd0640a304b40c29d635a23f8f4b5e) (AssemblyDefinitionImporter) -> (artifact id: 'aa60e63ae72b60da5131875d28526da1') in 0.000278205 seconds
Start importing Packages/com.unity.mathematics/Unity.Mathematics/Unity.Mathematics.asmdef using Guid(d8b63aba1907145bea998dd612889d6b) (AssemblyDefinitionImporter) -> (artifact id: '6e50b0b6076b0521e9640933c3861a6b') in 0.000277809 seconds
Start importing Assets/GameCore.Validation/Runtime/GameCore.Validation.ProbeHost.asmdef using Guid(e80ab2dcdf711dceead0dd718663ad29) (AssemblyDefinitionImporter) -> (artifact id: 'acc48e9950b690a3042bd4dd5316dee0') in 0.000270441 seconds
Start importing Packages/com.unity.toolchain.linux-x86_64/Editor/Unity.Toolchain.Linux-x86_64.asmdef using Guid(f851af5d86c208af09cd265d08e3b3e2) (AssemblyDefinitionImporter) -> (artifact id: '5743b8e02569ca5b855321131136bc2d') in 0.00027306 seconds
Start importing Packages/com.gamecore.derivation/Runtime/GameCore.Derivation.asmdef using Guid(49431dd132d5bb3a2bcd5ea1b0b79e51) (AssemblyDefinitionImporter) -> (artifact id: 'c052f186be1d6801ba9e192c3efe91eb') in 0.00028244 seconds
Start importing Packages/com.gamecore.contracts/Runtime/GameCore.Contracts.asmdef using Guid(4904a9e0a8a80648dbf241afb2a5474f) (AssemblyDefinitionImporter) -> (artifact id: '71be52c28c712455ca1b1674af7c7b0e') in 0.000268729 seconds
Start importing Packages/com.gamecore.rules.cards/Tests/GameCore.Rules.Cards.Tests.asmdef using Guid(594c2beb0be9461d79b04e7814829c3e) (AssemblyDefinitionImporter) -> (artifact id: '3d51dd6854e67716bf743fc1167b3f17') in 0.000806624 seconds
Start importing Packages/com.gamecore.rules.narrative/Runtime/GameCore.Rules.Narrative.asmdef using Guid(69305dad544a85b52944b21dd9607f83) (AssemblyDefinitionImporter) -> (artifact id: 'e40b34a3f34d4d59681da7746f4f8a41') in 0.000292531 seconds
Start importing Packages/com.unity.test-framework/UnityEditor.TestRunner/UnityEditor.TestRunner.asmdef using Guid(0acc523941302664db1f4e527237feb3) (AssemblyDefinitionImporter) -> (artifact id: 'a37885b78cc3bc346b8ba1ba7dd76b0c') in 0.000313914 seconds
Start importing Packages/com.unity.sysroot.linux-x86_64/Tests/Editor/Unity.Sysroot.Linux-x86_64.EditorTests.asmdef using Guid(1ac444c25ae4642a2b37c1c9156d384f) (AssemblyDefinitionImporter) -> (artifact id: '6b38dc05b8e624468fb51ae076273d31') in 0.000290932 seconds
Start importing Packages/com.unity.entities/Unity.Transforms.Hybrid.Tests/Unity.Transforms.Hybrid.Tests.asmdef using Guid(4ae057a2f9b0e774e996f4b10bb2b4de) (AssemblyDefinitionImporter) -> (artifact id: '59cdc5bad4944935f8c09945dca72303') in 0.000279855 seconds
Start importing Packages/com.gamecore.planning/Tests/GameCore.Planning.Tests.asmdef using Guid(9a1dd3fffc0c9a1f287738030b8beaff) (AssemblyDefinitionImporter) -> (artifact id: 'c4a2a5b952286c8724bd9ba452315078') in 0.000296059 seconds
Start importing Assets/GameCore.Validation/FamilyEntries/GameCore.Validation.FamilyEntries.asmdef using Guid(9a1eccd427ca4cc3a63b600d943151bd) (AssemblyDefinitionImporter) -> (artifact id: '1ecb8fadc57b6cd0ef5e3e1a662d27e3') in 0.000287432 seconds
Start importing Packages/com.unity.nuget.mono-cecil/Tests/Editor/Unity.Nuget.Mono-Cecil.Editor.Tests.asmdef using Guid(aaf6804a66b394e9b8c133f80fc0c3e3) (AssemblyDefinitionImporter) -> (artifact id: 'da68f2703bc1ca23075f378c49f2fbf2') in 0.000284998 seconds
Start importing Packages/com.gamecore.planning/Runtime/GameCore.Planning.asmdef using Guid(cae251d24cdc3da84946f55195074a6c) (AssemblyDefinitionImporter) -> (artifact id: 'bbfc01e55df751e1b0207a65aaf6cf68') in 0.000282503 seconds
Start importing Packages/com.gamecore.gameplay.cards/Fixtures/Runtime/GameCore.Gameplay.Cards.Fixtures.asmdef using Guid(da1dd69c3550f9bfebcfc8efec4304c7) (AssemblyDefinitionImporter) -> (artifact id: '038408673a7dcd8943bfe56170132746') in 0.000298357 seconds
Start importing Packages/com.unity.serialization/Tests/Unity.Serialization.Editor.Tests/Unity.Serialization.Editor.Tests.asmdef using Guid(ea2d3fbb20a644c428ea4f19986203e4) (AssemblyDefinitionImporter) -> (artifact id: '6e6ffc0caf7f2101aef67a259f23c64a') in 0.000349258 seconds
Start importing Assets/GameCore.Validation/Plugin/GameCore.Validation.Fixture.asmdef using Guid(fabc91eff643887a1850668f29bff044) (AssemblyDefinitionImporter) -> (artifact id: '092b5bb8767a4c034ab274f4cbae51bd') in 0.000656631 seconds
Start importing Packages/com.unity.entities/Unity.Entities.Hybrid.PerformanceTests/Unity.Entities.Hybrid.PerformanceTests.asmdef using Guid(1b4a711f52262b745b1efc2def2997dd) (AssemblyDefinitionImporter) -> (artifact id: '6831f5b1241a07fa8a54c5e946e0995e') in 0.000329163 seconds
Start importing Packages/com.unity.sysroot/Tests/Editor/Unity.Sysroot.EditorTests.asmdef using Guid(4b746f9393832b79384ac03cddf8eb94) (AssemblyDefinitionImporter) -> (artifact id: 'efef6c46ca41291844504e29698a7e33') in 0.000295997 seconds
Start importing Packages/com.gamecore.gameplay.traversal/Fixtures/Runtime/GameCore.Gameplay.Traversal.Fixtures.asmdef using Guid(5b22de793dd049998ddc565f564d0d6b) (AssemblyDefinitionImporter) -> (artifact id: '080d3be27e19a98e1a3f346ce30919be') in 0.000304467 seconds
Start importing Packages/com.gamecore.rules.cards/Runtime/GameCore.Rules.Cards.asmdef using Guid(6b91dbfdf0e7e192c929733181d55ef5) (AssemblyDefinitionImporter) -> (artifact id: 'e1d137fcd2309ac6f008ea99e4188f4b') in 0.000282244 seconds
Start importing Packages/com.gamecore.unity.adapters/Tests/PlayMode/GameCore.Unity.Adapters.PlayMode.Tests.asmdef using Guid(6b6f9143d35a496c86bb1466ca580cbd) (AssemblyDefinitionImporter) -> (artifact id: 'ab77b108804545652d3558ea701b4314') in 0.000280584 seconds
Start importing Packages/com.unity.entities/Unity.Scenes.Hybrid.Tests/Editmode/Unity.Scenes.Hybrid.Tests.asmdef using Guid(7b74512478bbe4299b637646187de3f0) (AssemblyDefinitionImporter) -> (artifact id: '7d10d4765201b3e8d6cfcb0b43157c90') in 0.000287768 seconds
Start importing Packages/com.unity.sysroot.linux-x86_64/Editor/Unity.Sysroot.Linux-x86_64.asmdef using Guid(7bb4ea1d3f6d64e25ac0b0dd565b23aa) (AssemblyDefinitionImporter) -> (artifact id: '7292d3fc90152c959cc3cc2848ac714a') in 0.000288589 seconds
Start importing Packages/com.gamecore.composition/Runtime/GameCore.Composition.asmdef using Guid(7b253bf37e53c8c829955e653925797b) (AssemblyDefinitionImporter) -> (artifact id: '54954dba704e1043e1f918bb0fa45a61') in 0.000272935 seconds
Start importing Packages/com.unity.entities/Unity.Burst.Tests/Unity.Burst.Tests.asmdef using Guid(7b78590e8aa944971a230c4bf6c7ccb2) (AssemblyDefinitionImporter) -> (artifact id: 'd263c466e9c091ce4f61d853dcde8de9') in 0.000273525 seconds
Start importing Packages/com.unity.collections/Unity.Collections.CodeGen/Unity.Collections.CodeGen.asmdef using Guid(8baa6eabecd47164e94a1eb92b18f394) (AssemblyDefinitionImporter) -> (artifact id: '846177d53e146c4c5e8e8f20dc245d31') in 0.000269276 seconds
Start importing Packages/com.gamecore.unity.adapters/Tests/Runtime/GameCore.Unity.Adapters.Tests.asmdef using Guid(bb8b52de44337aa9586b1552d4b87997) (AssemblyDefinitionImporter) -> (artifact id: 'a20117c83f56677b429cab7b3ade79d5') in 0.000292912 seconds
Start importing Packages/com.unity.collections/Unity.Collections.Tests/Unity.Collections.Tests.asmdef using Guid(ebbea1c70c20149eea64c53647a70872) (AssemblyDefinitionImporter) -> (artifact id: '5ff74937366aafbae7a71de78dc8b309') in 0.000284552 seconds
Start importing Packages/com.gamecore.unity.runtime/Runtime/GameCore.Unity.Runtime.asmdef using Guid(0c3851b31a1ac357a8a2e55b1d92372f) (AssemblyDefinitionImporter) -> (artifact id: 'f26e1e2da29204a94d8107f00ef8f0d9') in 0.000274929 seconds
Start importing Packages/com.gamecore.unity.runtime/Tests/Recovery/GameCore.Unity.Recovery.Tests.asmdef using Guid(1c6197e69227430d91dbaa79310a044e) (AssemblyDefinitionImporter) -> (artifact id: '15aaffcd4cfeddb41ed0f06f8b938b38') in 0.00029927 seconds
Start importing Packages/com.unity.scriptablebuildpipeline/Runtime/Unity.ScriptableBuildPipeline.asmdef using Guid(5c1ff9bd975acec488150743d53a93ca) (AssemblyDefinitionImporter) -> (artifact id: '3a48344f41b2a369df9db6c448e7e8f2') in 0.000284653 seconds
Start importing Packages/com.gamecore.derivation/Tests/GameCore.Derivation.Tests.asmdef using Guid(6cd8816a9e8b45b671f83a3092501ef2) (AssemblyDefinitionImporter) -> (artifact id: '0b08b9056cd3426c7ac8de67dcc0ab2d') in 0.000274077 seconds
Start importing Packages/com.unity.burst/Unity.Burst.CodeGen/Unity.Burst.CodeGen.asmdef using Guid(9c6dda6c7922c624cb7ea9a7f1c7d54a) (AssemblyDefinitionImporter) -> (artifact id: 'eb3bc11260a8fcd65d70d890e37dcb3e') in 0.000278963 seconds
Start importing Packages/com.gamecore.rules.narrative/Tests/GameCore.Rules.Narrative.Tests.asmdef using Guid(fc2fe48e21d09cfd6b16a801bb752f23) (AssemblyDefinitionImporter) -> (artifact id: '036b3106501d56d9e392f05ea10e066a') in 0.000272884 seconds
Start importing Packages/com.unity.entities/Unity.Entities.Tests/InAnotherAssembly/Unity.Entities.Tests.InAnotherAssembly.asmdef using Guid(1dc06b9dbbfd1a747b310a0db8deb39c) (AssemblyDefinitionImporter) -> (artifact id: '302d3a0c29e6a0f80708eddcd492d073') in 0.000293698 seconds
Start importing Packages/com.gamecore.composition/Tests/GameCore.Composition.Tests.asmdef using Guid(1dadc1bf54142c4139f7685da788c768) (AssemblyDefinitionImporter) -> (artifact id: 'bb76fa2f3a1da80ebcc514e5a57eb1e4') in 0.000292413 seconds
Start importing Packages/com.unity.entities/Unity.Entities.CodeGen/Unity.Entities.CodeGen.asmdef using Guid(3d9288551f5f1b14b9fcbd11fd97a391) (AssemblyDefinitionImporter) -> (artifact id: '41687ce73c5ebebd5eb286de987a40d0') in 0.00027969 seconds
Start importing Packages/com.unity.entities/Unity.Mathematics.Extensions.Tests/Unity.Mathematics.Extensions.Tests.asmdef using Guid(8d6bdb9f2b99e594eb6905e206cdeae1) (AssemblyDefinitionImporter) -> (artifact id: '7dcbf0f9bff0d7ba3488a1eef8ac193e') in 0.000283028 seconds
Start importing Packages/com.unity.scriptablebuildpipeline/Tests/Runtime/Unity.ScriptableBuildPipeline.Tests.asmdef using Guid(adbcba91892774149bea528141373ca2) (AssemblyDefinitionImporter) -> (artifact id: '53d5a56abacebd9a07cd63480cb853d2') in 0.000289854 seconds
Start importing Packages/com.unity.entities/Unity.Entities.Hybrid.Tests/Unity.Entities.Hybrid.Tests.asmdef using Guid(bd9484a338da1458bb1d27afe56e6f90) (AssemblyDefinitionImporter) -> (artifact id: 'e033be4422a5ccc583ff95213540f8a8') in 0.000276795 seconds
Start importing Packages/com.gamecore.unity.runtime/Tests/Delivery/GameCore.Unity.Delivery.Tests.asmdef using Guid(1e6c991622e642ed99f09ab584602139) (AssemblyDefinitionImporter) -> (artifact id: 'f66c498a277a57a89c1f87752143bee5') in 0.000274031 seconds
Start importing Assets/GameCore.Validation/Editor/GameCore.Validation.Editor.asmdef using Guid(3e3bf6e18ff22fd8d9f60da08141329c) (AssemblyDefinitionImporter) -> (artifact id: 'c4fce966adeb8ca481ee31fa08f9bbe7') in 0.000284411 seconds
Start importing Packages/com.unity.collections/Unity.Collections.Tests.Playmode/Unity.Collections.Tests.Playmode.asmdef using Guid(5e96082520aa86a458e400b89afe93a4) (AssemblyDefinitionImporter) -> (artifact id: '65c569c38afdbfab5216345d05358d3d') in 0.000689843 seconds
Start importing Packages/com.unity.entities/Unity.Entities.Tests/Unity.Entities.Tests.asmdef using Guid(8e2f79f713f5a47dcb69903037d4bc0e) (AssemblyDefinitionImporter) -> (artifact id: '5660ff6b4544c80151d4ace32dddcf1b') in 0.00029733 seconds
Start importing Packages/com.unity.entities/Unity.Scenes.Editor.Tests/Unity.Scenes.Editor.Tests.asmdef using Guid(9e81cfb9cf9924348981d668b1329087) (AssemblyDefinitionImporter) -> (artifact id: 'eb20f51ea1eaef985e49d41e356aae0e') in 0.000282433 seconds
Start importing Packages/com.unity.entities/Unity.Entities.TestComponents/Unity.TestComponents.asmdef using Guid(9e1bffeba10bc496884a3f718c95ffd7) (AssemblyDefinitionImporter) -> (artifact id: '2f3a82fd61eeeb3f40968a82731de4b0') in 0.000279998 seconds
Start importing Assets/GameCore.Validation/GeneratedCards/GameCore.Validation.GeneratedCards.asmdef using Guid(aeb86767e09f932b2bfa783168b6e8a3) (AssemblyDefinitionImporter) -> (artifact id: 'ce5672304603ac6f855ef35757140195') in 0.000275984 seconds
Start importing Packages/com.unity.entities/Unity.Scenes.Editor.PerformanceTests/Unity.Scenes.Editor.PerformanceTests.asmdef using Guid(ce205370fea9ea7409c0e03c47e9e025) (AssemblyDefinitionImporter) -> (artifact id: '1e6319be749ded999f757abf74e2213c') in 0.000288347 seconds
Start importing Assets/GameCore.Validation/GeneratedCheckpoint/GameCore.Validation.GeneratedCheckpoint.asmdef using Guid(fe3df773be2b3b3a662fd8cec46f74f9) (AssemblyDefinitionImporter) -> (artifact id: '0ffc87ce1aaef2a2e0e47669f59dade7') in 0.000284941 seconds
Start importing Packages/com.unity.entities/Unity.Entities.Editor/Unity.InternalAPIEngineBridge.002/Unity.InternalAPIEngineBridge.002.asmdef using Guid(0f14985c7cd188246a215cae5e2919a6) (AssemblyDefinitionImporter) -> (artifact id: 'e9416b64d7683f02e6b50641331d8edd') in 0.000294511 seconds
Start importing Packages/com.unity.entities/Unity.Entities.CodeGen.Tests/Unity.Entities.CodeGen.Tests.asmdef using Guid(4fd5a72e5d614014db4a5bc43956b6a2) (AssemblyDefinitionImporter) -> (artifact id: '409cf891052e424afddd01ab0a8a8c5e') in 0.000282221 seconds
Start importing Packages/com.unity.collections/Unity.Collections.BurstCompatibilityGen/Unity.Collections.BurstCompatibilityGen.asmdef using Guid(4f5c0c83dfd6a0743834baba2b4de79e) (AssemblyDefinitionImporter) -> (artifact id: '505feba69963f786b63bdb543f411c0d') in 0.000289368 seconds
Start importing Packages/com.unity.entities/Unity.Scenes/Unity.Scenes.asmdef using Guid(5f3cf485eb0554709a8abbeace890c86) (AssemblyDefinitionImporter) -> (artifact id: 'ba3d5653b9814a188f34aa1e9511e63e') in 0.00028798 seconds
Start importing Packages/com.unity.entities/Unity.Entities.Editor.Tests/Unity.Entities.Editor.Tests.asmdef using Guid(8fe01134beaec4b108c4c1a154e71dc2) (AssemblyDefinitionImporter) -> (artifact id: '4c59f99d7927432a847dc422f0c46fd9') in 0.000617401 seconds
Start importing Packages/com.unity.test-framework.performance/Editor/Unity.PerformanceTesting.Editor.asmdef using Guid(9f843d4b38153f04b9cee0502d568525) (AssemblyDefinitionImporter) -> (artifact id: '6d2e8d0f852b16c97ddef5690b9603f2') in 0.000314686 seconds
Start importing Packages/com.gamecore.gameplay.integration/Runtime/GameCore.Gameplay.Integration.asmdef using Guid(9f578ccb9a0941f69e93c950bbd6be13) (AssemblyDefinitionImporter) -> (artifact id: 'c4a3bb64bd965e1e698a27b5d9de9fd3') in 0.00028317 seconds
Start importing Packages/com.unity.entities/Unity.Scenes.PerformanceTests/Unity.Scenes.PerformanceTests.asmdef using Guid(dfb0558c4cfdca64eaab4a64b0e3dbe3) (AssemblyDefinitionImporter) -> (artifact id: '69a55808413afea271b0a2c6dc307973') in 0.000280722 seconds
Start importing Packages/com.unity.entities/Unity.Scenes.Editor/Internals/Properties/Unity.Properties.Internals.asmref using Guid(4043efcf8535bff4b96552e2ebf3e0f0) (AssemblyDefinitionReferenceImporter) -> (artifact id: '314a46d512ad1f1752c9a5789f2f31e8') in 0.000383996 seconds
Start importing Packages/com.unity.collections/Unity.Collections.PerformanceTests.Internal/Unity.Collections.PerformanceTests.Internal.asmref using Guid(e064d25778ff3b249a575bb25f2eaf3e) (AssemblyDefinitionReferenceImporter) -> (artifact id: 'e570bbcc5979b1f9c0df80f9aef6e44f') in 0.000297714 seconds
Start importing Packages/com.unity.burst/Runtime/Editor/Unity.Burst.ForEditor.asmref using Guid(268a64be2367b3248a24f317d458861a) (AssemblyDefinitionReferenceImporter) -> (artifact id: '591b7b5414723d61248373c21d2cf837') in 0.00028996 seconds
Start importing Packages/com.unity.entities/Unity.Core/Unity.Core.asmref using Guid(1fcc4311a0ca88c4badfb93d49f0b1ba) (AssemblyDefinitionReferenceImporter) -> (artifact id: 'cd473ab15abee22551ee975a2cb1f337') in 0.000552003 seconds
Start importing Packages/com.unity.modules.ui/package.ModuleCompilationTrigger using Guid(51fa60bb2bd1e5bc74e8cc95a7bfd5b7) (DefaultImporter) -> (artifact id: '237e32f9541121b786ca4b06eace0dfe') in 0.000239605 seconds
Start importing Packages/com.unity.modules.unityanalytics/package.ModuleCompilationTrigger using Guid(71136fc5cf34f2cc10be0e33c0b08019) (DefaultImporter) -> (artifact id: '9b0cf4eb7c767f90f530cd263ba24ee4') in 0.000239415 seconds
Start importing Packages/com.unity.modules.hierarchycore/package.ModuleCompilationTrigger using Guid(d104359075a97392b803d3d5aebc77f7) (DefaultImporter) -> (artifact id: '5f087c93c58d9b1c35f89c539ed3a98d') in 0.000220648 seconds
Start importing Packages/com.unity.modules.assetbundle/package.ModuleCompilationTrigger using Guid(222fc39b0c85d800342910da2cd64781) (DefaultImporter) -> (artifact id: '9a6a8c4ae725acd0e4d082b2f7469352') in 0.000216645 seconds
Start importing Packages/com.unity.modules.unitywebrequest/package.ModuleCompilationTrigger using Guid(d2ec2d1228c8e67cdd913cb5609176a2) (DefaultImporter) -> (artifact id: '8af4f3e306c0241d03204a437a8fc5e0') in 0.000210202 seconds
Start importing Packages/com.unity.modules.imageconversion/package.ModuleCompilationTrigger using Guid(830a36a23cf3ab1e61fa47940a6dc35e) (DefaultImporter) -> (artifact id: 'ee0f0c801f95c19382d8b454dc7586e1') in 0.000209717 seconds
Start importing Packages/com.unity.modules.audio/package.ModuleCompilationTrigger using Guid(042dc296246916648e55a43d0eeb2036) (DefaultImporter) -> (artifact id: '93cfeb7be8bf6df4dc4fc167223dc2d5') in 0.000218013 seconds
Start importing Packages/com.unity.modules.jsonserialize/package.ModuleCompilationTrigger using Guid(e6a135e3ea9cb46795d1b0e05ac3e1e5) (DefaultImporter) -> (artifact id: '8d26f1c211bce77f7cf17eccccd57b0d') in 0.000216814 seconds
Start importing Packages/com.unity.modules.uielements/package.ModuleCompilationTrigger using Guid(8a752aaaadd2410dd9a84e01c1bace9f) (DefaultImporter) -> (artifact id: 'ae37e7f0f1483578fc0d8d28fd17e0e2') in 0.000215196 seconds
Start importing Packages/com.unity.modules.physics/package.ModuleCompilationTrigger using Guid(5c1ee4056d0ac7ad3c5a16597fcaa38a) (DefaultImporter) -> (artifact id: '288b7a03d6481d4e92cee0ae908758ad') in 0.000204113 seconds
Start importing Packages/com.unity.modules.imgui/package.ModuleCompilationTrigger using Guid(be13c398521e3c1ad21fb9da30ab2ab6) (DefaultImporter) -> (artifact id: 'ea0574aa05344c7e80357502346d73fc') in 0.000201349 seconds
Refreshing native plugins compatible for Editor in 0.12 ms, found 1 plugins.
Native extension for LinuxStandalone target not found
Native extension for OSXStandalone target not found
Assembly reference Packages/com.unity.entities/Unity.Scenes.Editor/Internals/Properties/Unity.Properties.Internals.asmref has no target assembly definition
TypeManager.Initialize took: 102ms
Mono: successfully reloaded assembly
- Finished resetting the current domain, in  0.819 seconds
Domain Reload Profiling: 1223ms
	BeginReloadAssembly (113ms)
		ExecutionOrderSort (0ms)
		DisableScriptedObjects (8ms)
		BackupInstance (0ms)
		ReleaseScriptingObjects (0ms)
		CreateAndSetChildDomain (30ms)
	RebuildCommonClasses (31ms)
	RebuildNativeTypeToScriptingClass (6ms)
	initialDomainReloadingComplete (20ms)
	LoadAllAssembliesAndSetupDomain (233ms)
		LoadAssemblies (185ms)
		RebuildTransferFunctionScriptingTraits (0ms)
		AnalyzeDomain (89ms)
			TypeCache.Refresh (69ms)
				TypeCache.ScanAssembly (63ms)
			BuildScriptInfoCaches (18ms)
			ResolveRequiredComponents (0ms)
	FinalizeReload (820ms)
		ReleaseScriptCaches (0ms)
		RebuildScriptCaches (0ms)
		SetupLoadedEditorAssemblies (745ms)
			LogAssemblyErrors (0ms)
			InitializePlatformSupportModulesInManaged (34ms)
			SetLoadedEditorAssemblies (2ms)
			BeforeProcessingInitializeOnLoad (99ms)
			ProcessInitializeOnLoadAttributes (460ms)
			ProcessInitializeOnLoadMethodAttributes (147ms)
			AfterProcessingInitializeOnLoad (2ms)
			EditorAssembliesLoaded (0ms)
		ExecutionOrderSort2 (0ms)
		AwakeInstancesAfterBackupRestoration (4ms)
Start importing Library/BuildPlayer.prefs using Guid(00000000000000005000000000000000) (DefaultImporter) -> (artifact id: '083d37eb6b0e82b8f5c1ec86344d848d') in 0.025046704 seconds
Start importing Assets/InitTestSceneba4e68a2-78ea-4b5d-bde5-5c76504c5069.unity using Guid(29f1050ebfe81b34586553be549245de) (DefaultImporter) -> (artifact id: '026d348a4bd6d2bbb5122c234dd68569') in 0.001169474 seconds
Start importing Assets/Scenes/GameCoreProbe.unity using Guid(34dd17ac2510f2ef1b19cebd89049189) (DefaultImporter) -> (artifact id: 'a5d3f48fe5f5c929378697195be806d5') in 0.000751618 seconds
Start importing Packages/com.unity.collections/Unity.Collections/NativeText.tt using Guid(50504580bca9eb0409fcceea1af68eb5) (DefaultImporter) -> (artifact id: 'a5109bcf497466eced9f00ce7e1e162b') in 0.000963573 seconds
Start importing Packages/com.unity.entities/Unity.Entities.CodeGen/Unity.Cecil.Awesome.pdb using Guid(a0180a6de0668584faa775c8c47ad0b4) (DefaultImporter) -> (artifact id: '16f5cd3ef7c866a7667465a2a9b10dea') in 0.000534671 seconds
Start importing Packages/com.unity.collections/Unity.Collections/FixedList.tt using Guid(f16da17e34bf5f149a196c3f6b32e37f) (DefaultImporter) -> (artifact id: 'b0d35de269c5038227fa7d1e35e21ec0') in 0.001313476 seconds
Start importing Packages/com.unity.entities/Unity.Entities.PerformanceTests/SystemOverheadPerformanceTests.tt using Guid(b2d08cddb1e724987a10cd61292be2a0) (DefaultImporter) -> (artifact id: '5d080465917d0bbe20c33818696079e8') in 0.000950797 seconds
Start importing Packages/com.unity.entities/Unity.Scenes.Hybrid.Tests/TestSceneWithSubSceneAutoLoadFalse.unity using Guid(a3c96399288878fd69b4275ec677df13) (DefaultImporter) -> (artifact id: 'c4aa3a2d74888fe9ca4c00ba1b01647d') in 0.00050494 seconds
Start importing Packages/com.unity.collections/Unity.Collections/FixedStringFormat.tt using Guid(059659011adc4f67a43b9d9bcc5dfd01) (DefaultImporter) -> (artifact id: 'c2bf2f25fd87d9e9e655855a1a78df75') in 0.00166765 seconds
Start importing Packages/com.unity.entities/Unity.Scenes.Hybrid.Tests/TestSceneWithSubScene.unity using Guid(26a97aa66a01e3cfebb4cb953e9168eb) (DefaultImporter) -> (artifact id: '869446e39e9e64ebe688f49e0d2590ed') in 0.00087917 seconds
Start importing Packages/com.unity.collections/Unity.Collections.Tests/NativeSortTests.tt using Guid(175a9e4a17bf01748b02c5c1c653d091) (DefaultImporter) -> (artifact id: '1bf6db908fce13d5a372d3f82daa34e9') in 0.000820074 seconds
Start importing Packages/com.unity.collections/Unity.Collections.Tests/FixedListTests.tt using Guid(775a8d1badc640e45a6030c3822a83d7) (DefaultImporter) -> (artifact id: 'b6f53d34cbfd07c22ecf5258a312e45f') in 0.017900924 seconds
Start importing Packages/com.unity.collections/Unity.Collections/FixedString.tt using Guid(0a845769eb1dc4f459f64e5c840d07de) (DefaultImporter) -> (artifact id: '90f88b549fef6887d60185cb9ee8b627') in 0.063212024 seconds
Start importing Packages/com.unity.collections/Unity.Collections.Tests.Playmode/FixedListPlayModeTests.tt using Guid(6a88e2cd1798bb445bc5517141684031) (DefaultImporter) -> (artifact id: '6864a3673eab7794683583d65b588122') in 0.000467605 seconds
Start importing Packages/com.unity.collections/Unity.Collections.Tests/FixedStringSizedTests.tt using Guid(0be05385fc513c143a5b5249b7ad6211) (DefaultImporter) -> (artifact id: 'a06b9c84b7d3325c563d6da495050ce2') in 0.000329152 seconds
Start importing Packages/com.unity.collections/Unity.Collections/UnsafeParallelHashSetExtensions.tt using Guid(dbd3ca1753e44d04dbf3e27c3cfa4a1b) (DefaultImporter) -> (artifact id: '2450845c49fc2915713c347301baf1c3') in 0.000351356 seconds
Start importing Packages/com.unity.collections/Unity.Collections/FixedStringFormatMethods.tt using Guid(0cdef7b1946241588e9a3b52426940e4) (DefaultImporter) -> (artifact id: '4aaec8cf46a2ac790c1ffb0424c948f1') in 0.000478502 seconds
Start importing Packages/com.unity.collections/Unity.Collections.Tests/NativeParallelHashSetTests.tt using Guid(edf89c00aa475ae48a7726b87fc0f00c) (DefaultImporter) -> (artifact id: '80855216be0f0b58845ccbe35203f4dc') in 0.000340789 seconds
Start importing Packages/com.unity.collections/Unity.Collections.Tests/NativeHashSetTests.tt using Guid(bead43d474a87b742a2b136a8b41e26b) (DefaultImporter) -> (artifact id: 'd77850a3bcfba80d2c1d63a52b83c311') in 0.0003187 seconds
Start importing Packages/com.unity.collections/Unity.Collections/NativeParallelHashSetExtensions.tt using Guid(6f9fa81af98728e4f8a0db3762124ff9) (DefaultImporter) -> (artifact id: '72a334b9489f4089aca6e542c7265419') in 0.00033211 seconds
Start importing Packages/com.unity.entities/Unity.Entities/SourceGenerators/SystemGenerator.SystemAPI.QueryBuilder.pdb using Guid(40e17846cbc76d14b91b98b677ffd8fc) (DefaultImporter) -> (artifact id: 'd317d1ec71fa4fa5d8f57dc4f3b83fec') in 0.000465729 seconds
Start importing Packages/com.unity.entities/Unity.Entities/SourceGenerators/JobEntityGenerator.pdb using Guid(c0bdbaa822ed8f446bfda9c39cfb74a8) (DefaultImporter) -> (artifact id: '1e94041307c0260b1927c9b50f169fc0') in 0.000430009 seconds
Start importing Packages/com.unity.entities/Unity.Entities.Tests/TestData/BlobAssetReferenceIOTestData.blob using Guid(51878182e4ea9f94b8bf272e15977add) (DefaultImporter) -> (artifact id: 'bb8efbd2cdd2e30a3ed6c56678bfbaf1') in 0.000869094 seconds
Start importing Packages/com.unity.entities/Unity.Scenes.Hybrid.Tests/TestSceneWithSubSceneUnityObjectRef/SubSceneUnityObjectRef.unity using Guid(51692308fedb8d7428b3beb091f12d89) (DefaultImporter) -> (artifact id: 'f8184d4dff41acd9218c279e9ec8faa0') in 0.000408202 seconds
Start importing Packages/com.unity.entities/Unity.Entities/QueryEnumerable/QueryEnumerable.tt using Guid(d12f84f154054163aeaa532ef3ddfeb6) (DefaultImporter) -> (artifact id: 'a388f65b09cf143e50eca5d97d81b205') in 0.000508318 seconds
Start importing Packages/com.unity.entities/Unity.Scenes.Hybrid.Tests/TestSceneWithSubScene/NestedSubSceneSectionTestSubScene1.unity using Guid(12e718edc62c42a4ba1446036945c3ec) (DefaultImporter) -> (artifact id: '100feb67e3d4466ccd2e6ed9808326dc') in 0.003014786 seconds
Start importing Packages/com.unity.entities/Unity.Scenes.Hybrid.Tests/TestSceneWithSubScene/SubSceneSectionTestScene.unity using Guid(f2398b3823cb9154293a14109ce12fd2) (DefaultImporter) -> (artifact id: '9df770a624fc5ccb6170d2ab847c7ce7') in 0.000445107 seconds
Start importing Packages/com.unity.entities/Unity.Core/Hashes/LICENSE-XXHASH using Guid(f2ac68dd01f7d86498e63cb097d7b31b) (DefaultImporter) -> (artifact id: '3cb61d5ace3897d60cca5af5606a7d47') in 0.000538787 seconds
Start importing Packages/com.unity.entities/Unity.Entities/SourceGenerators/SystemGenerator.LambdaJobs.pdb using Guid(535661459c1103e4c80052969e339b0c) (DefaultImporter) -> (artifact id: '8eb918d0cfa39caf8d186217b986cf07') in 0.001059377 seconds
Start importing Packages/com.unity.entities/Unity.Scenes.Hybrid.Tests/TestSceneWithSubScene/TestSubSceneWithSectionMetadata.unity using Guid(a30ba3287dddf974fb59d78ce3cc8357) (DefaultImporter) -> (artifact id: '6f4b2da4b94a3cf402b8ef2b6140579b') in 0.005519728 seconds
Start importing Packages/com.unity.entities/Unity.Scenes.Editor.Tests/Assets/SceneWithTextureDependency.unity using Guid(e32501a17089cb24688b3c71428a88bf) (DefaultImporter) -> (artifact id: 'f02bb8992e0411f405a650ac11d38c0f') in 0.001891278 seconds
Start importing Packages/com.unity.entities/Unity.Entities/SourceGenerators/Unity.Entities.Analyzer.CodeFixes.pdb using Guid(15e57a372839c7a44948aa981f13ca48) (DefaultImporter) -> (artifact id: '7a73a9c8533baf1c12cfb90ff5c9c069') in 0.017454356 seconds
Start importing Packages/com.unity.entities/Unity.Scenes.Hybrid.Tests/TestSceneWithSubScene/NestedSubSceneSectionTestScene.unity using Guid(550e4afc12de38840aaf229b72fcaed6) (DefaultImporter) -> (artifact id: 'c10132e9a21af472a77c24b3d117d79c') in 0.000385681 seconds
Start importing Packages/com.unity.entities/Unity.Entities/SourceGenerators/Common.pdb using Guid(954d14590798c804f80641fc6b0e1312) (DefaultImporter) -> (artifact id: 'f4698a1cb37bc7a9df9be575bc9780d7') in 0.000280332 seconds
Start importing Packages/com.unity.entities/Unity.Scenes.Hybrid.Tests/TestSceneWithSubScene/TestSceneWithPrefabReferenced.unity using Guid(a5232dce8a1c97e44848456eac68070e) (DefaultImporter) -> (artifact id: '61ebd92fd8f930106c072bf97c623fac') in 0.000247046 seconds
Start importing Packages/com.unity.mathematics/Unity.Mathematics/Noise/README using Guid(16687ba1ea1804a9fb7cb7c2410eab23) (DefaultImporter) -> (artifact id: '2929125107863164c206a89898b66aa5') in 0.000252779 seconds
Start importing Packages/com.unity.entities/Unity.Entities/LambdaJobConstruction/UniversalDelegates.tt using Guid(66bd15de3488dbc48a65463d0f9d27a8) (DefaultImporter) -> (artifact id: '8c0973cba07c98189f6f054a2bd2a488') in 0.000249402 seconds
Start importing Packages/com.unity.entities/Unity.Entities/SourceGenerators/SystemGenerator.EntityQueryBulkOperations.pdb using Guid(d6c4c305da0f9094ea9f8e713e3723e6) (DefaultImporter) -> (artifact id: '8696af31f086808063c334384495d005') in 0.000236748 seconds
Start importing Packages/com.unity.entities/Unity.Entities/SourceGenerators/SystemGenerator.Common.pdb using Guid(d63e11d9988c7934a843c433049524c3) (DefaultImporter) -> (artifact id: '1a16e124e951bd639b395b174d72bc32') in 0.000243153 seconds
Start importing Packages/com.unity.entities/Unity.Entities/SourceGenerators/SystemGenerator.pdb using Guid(e6878e6d2c6635e459db4df5940b2863) (DefaultImporter) -> (artifact id: '716e6f1d9eb64d8e9467ef9a71d61d84') in 0.00023364 seconds
Start importing Packages/com.unity.entities/Unity.Entities/SourceGenerators/AspectGenerator.pdb using Guid(f602b4e649d3bbc439d7f2beda943f42) (DefaultImporter) -> (artifact id: '24e210adf347b747c84782ac78f4d94b') in 0.00023074 seconds
Start importing Packages/com.unity.entities/Unity.Scenes.Hybrid.Tests/TestSceneWithSubSceneUnityObjectRef/TestSceneWithSubSceneUnityObjectRef.unity using Guid(7864e98b9ce8a594a99303cc492e710f) (DefaultImporter) -> (artifact id: '242cf86dbb5aa817d6c0ef9b1bd8c30f') in 0.000240904 seconds
Start importing Packages/com.unity.entities/Unity.Entities/SourceGenerators/SystemGenerator.SystemAPI.Query.pdb using Guid(8880bd9481ee004448f5a55e01ae8a45) (DefaultImporter) -> (artifact id: 'f01f8343b4e266df7f32798e830856de') in 0.000242679 seconds
Start importing Packages/com.unity.mathematics/Unity.Mathematics/Noise/LICENSE using Guid(e8895079ca68e498482a3075d7e34508) (DefaultImporter) -> (artifact id: '2ccf915d0b12a895d154feb6c9e1bfa4') in 0.000237332 seconds
Start importing Packages/com.unity.entities/Unity.Scenes.Editor.Tests/Assets/SceneWithMaterialDependency.unity using Guid(9a26aff756197214d96063c9d1df1f6e) (DefaultImporter) -> (artifact id: '9f8319784757dd84db3a952bc15ad9e7') in 0.000222864 seconds
Start importing Packages/com.unity.entities/Unity.Entities/SourceGenerators/Unity.Entities.Analyzer.pdb using Guid(0be26ce838cf46844a8f31d4d9b2f09b) (DefaultImporter) -> (artifact id: '9372b84031c95d4eee9facf9fc1c79ce') in 0.000230202 seconds
Start importing Packages/com.unity.entities/Unity.Scenes.Hybrid.Tests/TestSceneWithSubScene/TestScene.unity using Guid(1c8b9d4f46cf7664d9c4592c8a6826eb) (DefaultImporter) -> (artifact id: '233026b3702e7018f8ed16498f770fa0') in 0.000226761 seconds
Start importing Packages/com.unity.entities/Unity.Scenes.Hybrid.Tests/TestSceneWithSubScene/NestedSubSceneSectionTestSubScene0.unity using Guid(3d0313709af50724eb50dc4013b33a97) (DefaultImporter) -> (artifact id: '933b9f8ea393b2a0b027bdbcca729b1b') in 0.000224011 seconds
Start importing Packages/com.unity.entities/Unity.Entities/SourceGenerators/SystemGenerator.SystemAPI.pdb using Guid(9f501f0ea4bf0b74bbcc71f036525121) (DefaultImporter) -> (artifact id: '732977ecb36f5cb4e1bfb25364719a44') in 0.000435643 seconds
Start importing Packages/com.unity.entities/Unity.Scenes.Editor.Tests/Assets/SceneWithMaterialDependency/SubScene.unity using Guid(a7f32394d89d8fc4195bad666bf0013a) (DefaultImporter) -> (artifact id: '2e073c3625e86fc875e1b041d620a112') in 0.000240207 seconds
Start importing Packages/com.unity.entities/Unity.Scenes.Hybrid.Tests/TestSceneWithSubScene/Subscene/TestSubScene.unity using Guid(785a8fb7f3d8213b9b65da9d2c45c22b) (DefaultImporter) -> (artifact id: '76c498ab6da80d5744e0c95e7ba103c8') in 0.000231408 seconds
Start importing Packages/com.unity.entities/Unity.Core.Editor/Compression/lz4-1.9.1/LICENSE using Guid(1cc5b1e51f3dabd4492394b3dd843ca8) (DefaultImporter) -> (artifact id: '0428d1c6ce46e061ab03e601c8d83d44') in 0.000237403 seconds
Start importing Packages/com.unity.entities/Unity.Scenes.Hybrid.Tests/TestSceneWithSubScene/Subscene/TestSubSceneWithPrefabReferenced.unity using Guid(7cd006e3eb08a624a8fc5c1b782924eb) (DefaultImporter) -> (artifact id: '42f511b6dd1c84693f6f5d314f99327b') in 0.000240496 seconds
Start importing Packages/com.unity.entities/Unity.Scenes.Editor.Tests/Assets/SceneWithTextureDependency/SubScene.unity using Guid(1ec173226c7ee0e4085fc9711573c207) (DefaultImporter) -> (artifact id: 'd4c5fd38126975991c63cd7fa214df05') in 0.000240188 seconds
Start importing Packages/com.unity.entities/Editor Default Resources/icons/light/System/System-32.png using Guid(004109d67cdb8194191e305e373ca3cb) (TextureImporter) -> (artifact id: '309b37347bd4b6a71d81fec39754a93e') in 0.012347367 seconds
Start importing Packages/com.unity.entities/Editor Default Resources/icons/dark/Spinner/Spinner04.png using Guid(002b51c26ffc402418035912034bbf92) (TextureImporter) -> (artifact id: '241ce0b3903f0e96d635ab7af88242fc') in 0.002244284 seconds
Start importing Packages/com.unity.entities/Unity.Entities.Editor/Styles/Subtractive@2x.png using Guid(100faf8bf1af24fd58b397cfbe76bacb) (TextureImporter) -> (artifact id: '620a632db58c53864e436a36b8494413') in 0.000746727 seconds
Start importing Packages/com.unity.entities/Editor Default Resources/icons/light/ConvertActive/ConvertActive@2x.png using Guid(30270826b3f95cd418ad6fc9147973df) (TextureImporter) -> (artifact id: '7f3c5f5f4db2f955d053feea20b5f683') in 0.000655782 seconds
Start importing Packages/com.unity.entities/Editor Default Resources/icons/dark/Segment/Segment.png using Guid(30ab2e2beeb18e24a98d63aeb10d97b6) (TextureImporter) -> (artifact id: '83443c93c9630c4e4f3180f82370e665') in 0.000790475 seconds
Start importing Packages/com.unity.entities/Editor Default Resources/icons/light/Query/Query.png using Guid(40214c268ec08304d98d284083c3b431) (TextureImporter) -> (artifact id: '522f7ffb691e390eb5ed6d68dd3155d1') in 0.00067079 seconds
Start importing Packages/com.unity.entities/Editor Default Resources/icons/light/Journaling/Journaling.png using Guid(60091a8de0c122849bd71019d1ab499d) (TextureImporter) -> (artifact id: 'ea728fe09979b87632df141c51f28fc1') in 0.000853431 seconds
Start importing Packages/com.unity.entities/Editor Default Resources/icons/dark/Query/Query-32.png using Guid(603bd2c1193ab514ead5e730a615db6a) (TextureImporter) -> (artifact id: 'c20c6eb3d01073668810ffb03a3caedc') in 0.000626403 seconds
Start importing Packages/com.unity.entities/Unity.Entities.Editor/ContentProvider/Selection/icons/light/WaitSpin/WaitSpin01.png using Guid(70e5e65ab90981345b54adccfae0eae3) (TextureImporter) -> (artifact id: '21319166f5d4cf2dd385a2ad22232f55') in 0.003457505 seconds
Start importing Packages/com.unity.entities/Editor Default Resources/icons/dark/Aspect/Aspect.png using Guid(70073c467237ac44e8bd8e846f5a4524) (TextureImporter) -> (artifact id: 'a21bfcd7a883c53eb15f132e58d43636') in 0.000663562 seconds
Start importing Packages/com.unity.entities/Editor Default Resources/icons/light/SystemEnabled/SystemEnabled.png using Guid(809bfdb4b6039464d9f6168e9011237f) (TextureImporter) -> (artifact id: '3dac5e9725d6742fb1f5864c2ffa4508') in 0.000604412 seconds
Start importing Packages/com.unity.entities/Editor Default Resources/Unity.Entities.UI/icons/selected/NextButton.png using Guid(9023d75cd6f13e04ea7b4788d6b8ec7c) (TextureImporter) -> (artifact id: '2fb3b33e26ff3d2592016f84f28d72bd') in 0.000622765 seconds
Start importing Packages/com.unity.entities/Editor Default Resources/icons/light/Segment/Segment.png using Guid(90345bdcb4bf666409611507535f33f9) (TextureImporter) -> (artifact id: '0a8df2f315083cc1a8a01d35662e51a5') in 0.00061894 seconds
Start importing Packages/com.unity.entities/Editor Default Resources/icons/dark/Component/Component@2x.png using Guid(b0b3a6572f7053344b2dec07dc77b9cf) (TextureImporter) -> (artifact id: '5edeaa3fd898c23de0ccf29c65adab68') in 0.000837261 seconds
Start importing Packages/com.unity.entities/Editor Default Resources/Unity.Entities.UI/icons/selected/Add@2x.png using Guid(c0fb7dd4e4c3c684ebacfe77285c9f57) (TextureImporter) -> (artifact id: '1dd748a3047f3206754a49068a6da6a2') in 0.000880442 seconds
Start importing Packages/com.unity.entities/Editor Default Resources/icons/light/Query/Query-32@2x.png using Guid(d083ec928e079df4582f615db577211b) (TextureImporter) -> (artifact id: '8f93960f239554c08b58901c9f8f7fce') in 0.000850346 seconds
Start importing Packages/com.unity.entities/Editor Default Resources/icons/dark/SystemMixed/SystemMixed.png using Guid(d07b815e3d7eefd43aeac901ac9cc15a) (TextureImporter) -> (artifact id: '66f3bde9bd2c1518124c6f83f9cd0a59') in 0.000766859 seconds
Start importing Packages/com.unity.entities/Editor Default Resources/icons/light/Components/Shared Component@2x.png using Guid(d0cfc077258e2874ba8367d9e9cc1f23) (TextureImporter) -> (artifact id: '9ed1968b9df5a78befb59d9c2d5dfc28') in 0.000924982 seconds
Start importing Packages/com.unity.entities/Editor Default Resources/icons/light/RuntimeComponent/RuntimeComponent@2x.png using Guid(f00feee2ac6e55b409cbe8b5e0324ba8) (TextureImporter) -> (artifact id: '88f0f4cd2307a8a4bacdd816ab238ce8') in 0.000765814 seconds
Start importing Packages/com.unity.entities/Editor Default Resources/icons/dark/Spinner/Spinner06.png using Guid(01e10a5bf72d41145ab16930d810282e) (TextureImporter) -> (artifact id: 'd22cb1a64a10deaa7de9548fd849e20b') in 0.000595949 seconds
Start importing Packages/com.unity.collections/Unity.Collections.PerformanceTests/Unity.PerformanceTesting.Benchmark/PerformanceTestFrameworkOutput.png using Guid(0175a7523f9f1754ca406f92afcfcbc6) (TextureImporter) -> (artifact id: 'e9fd62de6dd824435dbb3a98c5d9ba83') in 0.008277365 seconds
Start importing Packages/com.unity.entities/Editor Default Resources/icons/selected/UnmanagedSystem/UnmanagedSystem@2x.png using Guid(11cceddbd6ecc2b4389a79942e93e496) (TextureImporter) -> (artifact id: 'ec454d02371bdc8f5c72cbeb5c2ea28f') in 0.000888826 seconds
Start importing Packages/com.unity.entities/Editor Default Resources/icons/dark/Components/Shared Component@2x.png using Guid(216daea2593789948aa993438798181c) (TextureImporter) -> (artifact id: '6ee75c927d3bae1f79da872fef898715') in 0.000701532 seconds
Start importing Packages/com.unity.entities/Editor Default Resources/Unity.Entities.UI/icons/dark/NextButton@2x.png using Guid(41aeac8c5cd4a3943972179ad763f4ef) (TextureImporter) -> (artifact id: '9116166ffe7b089da8cce3109bf18bf0') in 0.000875791 seconds
Start importing Packages/com.unity.entities/Editor Default Resources/icons/selected/Entity/EntityPrefab.png using Guid(51007c0c8813eeb4bbbc539d9be7f30f) (TextureImporter) -> (artifact id: 'c67e478b34bd8ea5d12a3b74ffbeeba0') in 0.000633463 seconds
Start importing Packages/com.unity.entities/Editor Default Resources/icons/light/System/System@2x.png using Guid(512f8b6f59ef3f049a70c4e24dd6f18b) (TextureImporter) -> (artifact id: '9e6a089f9dea3a42948ebc206ae9c396') in 0.000715953 seconds
Start importing Packages/com.unity.entities/Editor Default Resources/icons/selected/EndCommandBuffer/EndCommandBuffer@2x.png using Guid(6127fad6ec883064d92b34419df25b4f) (TextureImporter) -> (artifact id: '4fb3dd3043874e83e74308dd87f5c696') in 0.000695835 seconds
Start importing Packages/com.unity.entities/Editor Default Resources/icons/light/Entity/EntityPrefab@2x.png using Guid(71e0410f5e3863041972a7b1a0956995) (TextureImporter) -> (artifact id: '2c35991226d11da4635c7ec5cbe6a67e') in 0.00084539 seconds
Start importing Packages/com.unity.entities/Editor Default Resources/icons/light/SystemMixed/SystemMixed.png using Guid(71b5b5ad093f5604fa90673121370337) (TextureImporter) -> (artifact id: '02e67c3fd925aa1c232e8e103ad08dfc') in 0.000609993 seconds
Start importing Packages/com.unity.entities/Editor Default Resources/Unity.Entities.UI/icons/d_component.png using Guid(811b13ebd19ff4e4f839619ec8d19721) (TextureImporter) -> (artifact id: '4bfea594d41211f925db2841799dfd3e') in 0.001203355 seconds
Start importing Packages/com.unity.entities/Editor Default Resources/icons/light/Spinner/Spinner01.png using Guid(811fd1a03d7e91c44adcad06672a0aae) (TextureImporter) -> (artifact id: 'b1e977a7434b0838948c3f37e8fefa28') in 0.000680862 seconds
Start importing Packages/com.unity.entities/Unity.Entities.Editor/Styles/ReadOnly.png using Guid(b1f7cc32bff7e473f88f927d7c4b02ec) (TextureImporter) -> (artifact id: '020efab5372254ab7f59bd9e27baa30a') in 0.001035822 seconds
Start importing Packages/com.unity.entities/Editor Default Resources/icons/dark/SystemDisabled/SystemDisabled@2x.png using Guid(c1091bce21624fc48ac2b0329a01ae71) (TextureImporter) -> (artifact id: '45ae6065bb1f9323e04125561f13f122') in 0.001158035 seconds
Start importing Packages/com.unity.entities/Editor Default Resources/icons/dark/Search/Close S@2x.png using Guid(d165cf23e2a1b44658c539dcc4c229cf) (TextureImporter) -> (artifact id: '9afa3c526172fe8d7c0bdbabeaa193a0') in 0.00079449 seconds
Start importing Packages/com.unity.entities/Editor Default Resources/icons/light/World/World@2x.png using Guid(e1aaea8f2de0925489bf451cb0fd451e) (TextureImporter) -> (artifact id: '408a240b0e043b4116e7e9c63b2d7ab0') in 0.00099328 seconds
Start importing Packages/com.unity.entities/Editor Default Resources/icons/dark/Components/Component-32@2x.png using Guid(f113879b480d0d64cae379b39847047b) (TextureImporter) -> (artifact id: '487f86e6c0cb2312a712ccee73148f4e') in 0.001061364 seconds
Start importing Packages/com.unity.entities/Editor Default Resources/icons/light/Components/Tag Component@2x.png using Guid(126aedefe2200ec46b80180c25a7cf69) (TextureImporter) -> (artifact id: '5ae74e5af061aab70bc15e1f2c5b6332') in 0.00340113 seconds
Start importing Packages/com.unity.entities/Editor Default Resources/icons/light/Spinner/Spinner10.png using Guid(129f63735842aba4899f3d393df58b5f) (TextureImporter) -> (artifact id: 'db797f6eb5361f9d4eaae11065ca0449') in 0.000681092 seconds
Start importing Packages/com.unity.entities/Editor Default Resources/Unity.Entities.UI/icons/component@2x.png using Guid(228b82aeeda5c994fbb519be6cb1b808) (TextureImporter) -> (artifact id: '2706950a538461f5db4c9f0b874b7ea7') in 0.000882547 seconds
Start importing Packages/com.unity.entities/Editor Default Resources/icons/light/Components/Managed Component@2x.png using Guid(42d83acee83e71249abe7824a1f1b9e5) (TextureImporter) -> (artifact id: '5bff66b1bfe5dddee56a5636b2b88c7b') in 0.000770991 seconds
Start importing Packages/com.unity.entities/Editor Default Resources/icons/light/BeginCommandBuffer/BeginCommandBuffer-32@2x.png using Guid(427e918708cc3da4892aba161ac7270e) (TextureImporter) -> (artifact id: '41ae45fd39dec823ffa7eb2e263a32a5') in 0.00167063 seconds
Start importing Packages/com.unity.entities/Editor Default Resources/icons/dark/Entity/Entity.png using Guid(527361901388a2a4dae9dcfa831e78ee) (TextureImporter) -> (artifact id: '00229345a0f885dbd673d286ac93b5dc') in 0.002339848 seconds
Start importing Packages/com.unity.entities/Editor Default Resources/icons/dark/System/System-32.png using Guid(5278f4769f569974497f56f1086a3a25) (TextureImporter) -> (artifact id: 'c71cdb3cca87208d38d2b5d787edb4c9') in 0.035489309 seconds
Start importing Packages/com.unity.entities/Editor Default Resources/Unity.Entities.UI/icons/light/Add@2x.png using Guid(6283f7a19f350884bae17ff518e14079) (TextureImporter) -> (artifact id: '4e21678056d2893987fb65e0662520f8') in 0.000920205 seconds
Start importing Packages/com.unity.entities/Editor Default Resources/icons/dark/BeginCommandBuffer/BeginCommandBuffer-32.png using Guid(621d0630ce798de4abab076ee405c2a2) (TextureImporter) -> (artifact id: 'cdf05ffcac6ba67e3b48343f7fbe15ca') in 0.00072257 seconds
Start importing Packages/com.unity.entities/Editor Default Resources/icons/dark/Group/Group@2x.png using Guid(726fe1f41e6b1214d827d3e6894f95a9) (TextureImporter) -> (artifact id: 'dac29fd61f749408aeba4907f8004874') in 0.000687265 seconds
Start importing Packages/com.unity.entities/Editor Default Resources/icons/selected/Query/Query.png using Guid(82115576523ee584d92e33530de1564b) (TextureImporter) -> (artifact id: 'b12b6bd2859a8310e26e7a8d97190dc8') in 0.000623665 seconds
Start importing Packages/com.unity.entities/Editor Default Resources/icons/dark/ActiveBuildConfiguration/search_icon.png using Guid(82759f7c3f0b400da40d2013d2ff8a65) (TextureImporter) -> (artifact id: 'a27c720048a2fc8472b7310a279fcd6a') in 0.000545663 seconds
Start importing Packages/com.unity.entities/Editor Default Resources/Unity.Entities.UI/icons/dark/Error.png using Guid(82b779158b75b0246ba5ad570a5a8a20) (TextureImporter) -> (artifact id: '4d65568cb94714a3fcd4b9d03d4802cc') in 0.000598674 seconds
Start importing Packages/com.unity.entities/Editor Default Resources/icons/dark/Search/Add.png using Guid(92605341e952242b397f6859a56fe99f) (TextureImporter) -> (artifact id: '6f4e40007c14c0b24ac328ba94d8dbd4') in 0.000571065 seconds
Start importing Packages/com.unity.entities/Editor Default Resources/Unity.Entities.UI/icons/light/Error.png using Guid(92604465125d8c34dbf476747e0cd7be) (TextureImporter) -> (artifact id: '058aaa55a71c4f1d39ec24a5c8ae796e') in 0.000559026 seconds
Start importing Packages/com.unity.entities/Editor Default Resources/icons/dark/Components/Component.png using Guid(92cbfab6cd4976d498a133609b912265) (TextureImporter) -> (artifact id: 'c8e548006bcbda6bfd401ce7c98243fa') in 0.000590417 seconds
Start importing Packages/com.unity.entities/Editor Default Resources/icons/dark/Go To Systems/Go to Systems.png using Guid(b208a6c9678114eaf90ee886929560d6) (TextureImporter) -> (artifact id: 'ada86f8117c3c1a67179396efccd17ba') in 0.000571496 seconds
Start importing Packages/com.unity.entities/Editor Default Resources/icons/light/Aspect/Aspect@2x.png using Guid(0386243676e723f4d899d2d8bbe9bddd) (TextureImporter) -> (artifact id: '77505f4830368e5b3c708fd1660c4446') in 0.000693238 seconds
Start importing Packages/com.unity.entities/Editor Default Resources/icons/light/Spinner/Spinner06.png using Guid(037a9bf895cf8b84686172c20369ab9a) (TextureImporter) -> (artifact id: '89eae0ba6b55aeba29c2c8bbd5c42e7f') in 0.000569875 seconds
Start importing Packages/com.unity.entities/Editor Default Resources/icons/light/EndCommandBuffer/EndCommandBuffer.png using Guid(13fdb93e3f8163140af4948779f28301) (TextureImporter) -> (artifact id: '4bd44fac5e30816ab0ee0331545dd96c') in 0.000596625 seconds
Start importing Packages/com.unity.entities/Editor Default Resources/icons/light/EntityGroup/EntityGroup.png using Guid(43531c6da9cb65141be15dca55584cfa) (TextureImporter) -> (artifact id: '5a4552ce71ade358944a698edd134aaf') in 0.000603759 seconds
Start importing Packages/com.unity.entities/Editor Default Resources/icons/selected/Go To Systems/Go to Systems.png using Guid(43567a79ffc1849c6b1ba55e0de983c4) (TextureImporter) -> (artifact id: 'a9a71dec6973c2f1e82a00b7ba0bf50f') in 0.00106168 seconds
Start importing Packages/com.unity.entities/Editor Default Resources/Unity.Entities.UI/icons/dark/Error@2x.png using Guid(5310e9cab6f92eb4bb2e4aae623ae7b5) (TextureImporter) -> (artifact id: '8fb85ed1066c69746636a9010e8a5362') in 0.00065771 seconds
Start importing Packages/com.unity.entities/Editor Default Resources/Unity.Entities.UI/icons/selected/PreviousButton.png using Guid(5388b9b8a08fbe644b1232a8491e07d0) (TextureImporter) -> (artifact id: 'a6779573ef8db25a7f0c6c78e21162cf') in 0.000606236 seconds
Start importing Packages/com.unity.entities/Editor Default Resources/icons/light/Remove/Remove@2x.png using Guid(53a8f7c33ac71ee4889378ff548c966d) (TextureImporter) -> (artifact id: '731b5d443435deee1491c6b8514fe504') in 0.001508088 seconds
Start importing Packages/com.unity.entities/Editor Default Resources/Unity.Entities.UI/icons/light/Add.png using Guid(6375f9da03adc1c41b9b7bb2bfcab1d8) (TextureImporter) -> (artifact id: '57f8b73c50af6a77e67c6325e283ebc7') in 0.000775536 seconds
Start importing Packages/com.unity.entities/Editor Default Resources/icons/light/Query/Query-32.png using Guid(6387218cd244c8e4fa902b4b5ce32aad) (TextureImporter) -> (artifact id: '69ba6df2c6e510f680545eddec2b6f8e') in 0.000665244 seconds
Start importing Packages/com.unity.entities/Editor Default Resources/icons/light/Components/Component.png using Guid(63fc664e59f65944d865ed201112cc49) (TextureImporter) -> (artifact id: 'baaf4e9d668b4c86ada3bcdc94c0be6a') in 0.000635 seconds
Start importing Packages/com.unity.entities/Editor Default Resources/icons/light/Spinner/Spinner02.png using Guid(73b0e3a418f32684a8edb3238a84da6d) (TextureImporter) -> (artifact id: '0ac389efc242d47e5a1311e4649a3152') in 0.000597543 seconds
Start importing Packages/com.unity.entities/Editor Default Resources/icons/dark/UnmanagedSystem/UnmanagedSystem.png using Guid(7351085b77d0efb478fb83e4c2b6bb47) (TextureImporter) -> (artifact id: '73e71aaede2d79d7daef98231b371df0') in 0.000615151 seconds
Start importing Packages/com.unity.entities/Editor Default Resources/icons/dark/Prefab/ArrowNavigationLeft.png using Guid(7395d8669e3304939bb67fc7d7d3f7d7) (TextureImporter) -> (artifact id: '16f66edfef4fce228d6ff738930dae1e') in 0.00058805 seconds
Start importing Packages/com.unity.entities/Editor Default Resources/icons/light/World/World.png using Guid(a395a08589d3d9c4c8f33797ba7ca56e) (TextureImporter) -> (artifact id: '08514f9dd34d30d1bf652f1d1c2d8576') in 0.000628406 seconds
Start importing Packages/com.unity.entities/Editor Default Resources/icons/light/Prefab/ArrowNavigationLeft.png using Guid(a3f721eb92b3c4c939a6d88e9dc83661) (TextureImporter) -> (artifact id: '7a62a79f59117b9a0624b0ff9dfc08d7') in 0.000578144 seconds
Start importing Packages/com.unity.entities/Editor Default Resources/icons/dark/Spinner/Spinner05.png using Guid(b3f98042fc746614b907231b7889dd60) (TextureImporter) -> (artifact id: '105941db6c58dcaf359a8338159d717a') in 0.000581718 seconds
Start importing Packages/com.unity.entities/Editor Default Resources/icons/light/Search/Close S.png using Guid(c3b8f6e5cda9e40d28fce23f7921ebb0) (TextureImporter) -> (artifact id: 'be4fba201d0dde86be4db3d839f803df') in 0.000591834 seconds
Start importing Packages/com.unity.entities/Editor Default Resources/icons/dark/Components/Tag Component@2x.png using Guid(f33df7761a0710444857e481741f8399) (TextureImporter) -> (artifact id: 'ab45800df570998dc41798c0b97f79b4') in 0.000829236 seconds
Start importing Packages/com.unity.entities/Editor Default Resources/icons/light/Prefab/ArrowNavigationRight.png using Guid(f37fcd3e832e7472fb322046baa4d485) (TextureImporter) -> (artifact id: 'f378e4929cc18d2dce44496003788665') in 0.000754089 seconds
Start importing Packages/com.unity.entities/Editor Default Resources/icons/dark/Go To Entities/Go to Entities.png using Guid(f3dfe23449b9f4fad9c967e3af8a0203) (TextureImporter) -> (artifact id: '7e656c7fa168792c25e0bee559dd4af5') in 0.000753307 seconds
Start importing Packages/com.unity.entities/Editor Default Resources/icons/selected/Go To Entities/Go to Entities.png using Guid(0425c6ea9959e469f890652362ae3b78) (TextureImporter) -> (artifact id: '20c3c865471c75b9b09da0c501cd09b6') in 0.000993164 seconds
Start importing Packages/com.unity.entities/Unity.Entities.Editor/ContentProvider/Selection/icons/light/WaitSpin/WaitSpin02.png using Guid(14a970f622f6dc14fa40867d91d1b7ef) (TextureImporter) -> (artifact id: 'c33e4355aebf3523e67f36a5c22b15e1') in 0.000637856 seconds
Start importing Packages/com.unity.entities/Editor Default Resources/icons/light/Spinner/Spinner09.png using Guid(244e4cddbc8093c4ead623cba5393aa5) (TextureImporter) -> (artifact id: '8f66ac73593353147fa6bb80ba33ede8') in 0.000878259 seconds
Start importing Packages/com.unity.entities/Editor Default Resources/icons/light/ActiveBuildConfiguration/search_icon@2x.png using Guid(342638c57294489bb3d263a890479e70) (TextureImporter) -> (artifact id: '1bd1d845b30145ece3e06b481ae5659a') in 0.000573764 seconds
Start importing Packages/com.unity.entities/Editor Default Resources/icons/light/Search/Search@2x.png using Guid(44800699ac521de48860a302dddf2b3d) (TextureImporter) -> (artifact id: '17cecba97e4a9a8d6f04e5a352ade2c7') in 0.000668751 seconds
Start importing Packages/com.unity.entities/Editor Default Resources/icons/light/Prefab/ArrowNavigationLeft@2x.png using Guid(443c29b7ca83f4638b90a78cd726c5d2) (TextureImporter) -> (artifact id: 'b32fbcfffa2d6fccdb39dc0dded17b5a') in 0.002262095 seconds
Start importing Packages/com.unity.entities/Editor Default Resources/icons/light/Components/Component@2x.png using Guid(54ffcf3ba8d7e654ebad7c24108d6a78) (TextureImporter) -> (artifact id: '8166bfed254f4644cf75f9107c441f50') in 0.000790233 seconds
Start importing Packages/com.unity.entities/Editor Default Resources/icons/dark/EndCommandBuffer/EndCommandBuffer-32@2x.png using Guid(84d26a6be69c9a1489c561c83e51c11b) (TextureImporter) -> (artifact id: '003b1b4a40f5079564265333c8eeb558') in 0.000815586 seconds
Start importing Packages/com.unity.entities/Editor Default Resources/icons/light/EndCommandBuffer/EndCommandBuffer-32@2x.png using Guid(8424c48de5ad04f428fc5f07917d42a4) (TextureImporter) -> (artifact id: 'fba1020c926bfb297a618f09f3f71486') in 0.000858195 seconds
Start importing Packages/com.unity.entities/Editor Default Resources/icons/dark/Archetype/Archetype@2x.png using Guid(84ea9d5414135e7428961d0e3609c7e7) (TextureImporter) -> (artifact id: 'e8b869db63eec985058e0edf7fcb20bc') in 0.000785294 seconds
Start importing Packages/com.unity.entities/Unity.Entities.Editor/ContentProvider/Selection/icons/light/WaitSpin/WaitSpin00.png using Guid(942bcdaa60241c84d974e3b31a01dd67) (TextureImporter) -> (artifact id: '5a40ef35934119686a76e0315c162eb1') in 0.000630845 seconds
Start importing Packages/com.unity.entities/Editor Default Resources/Unity.Entities.UI/icons/dark/CircularReference@2x.png using Guid(942c7fbe6188cc14887faf74954a09d4) (TextureImporter) -> (artifact id: 'fa4dec7087515940b995f19078959f15') in 0.000676129 seconds
Start importing Packages/com.unity.entities/Unity.Entities.Editor/ContentProvider/Selection/icons/dark/WaitSpin/WaitSpin09.png using Guid(94dd065d24604fc4b86a7cca4eefdd29) (TextureImporter) -> (artifact id: '8e23bec4f1879d6952c6ab1cd26d256c') in 0.00059109 seconds
Start importing Packages/com.unity.entities/Editor Default Resources/icons/dark/System/System-32@2x.png using Guid(c42016015f0796d4f93a107b18eff5a2) (TextureImporter) -> (artifact id: 'a359439b0087df93112a57643f3927ec') in 0.001247692 seconds
Start importing Packages/com.unity.entities/Editor Default Resources/icons/light/System/System-32@2x.png using Guid(d4a580e616c33244286b8564185e54a1) (TextureImporter) -> (artifact id: 'af3e69f32487cd779d12b977bb1eaf75') in 0.000793137 seconds
Start importing Packages/com.unity.entities/Editor Default Resources/icons/dark/Journaling/Journaling.png using Guid(e4f54958e046d014f8b3b4500f00ea08) (TextureImporter) -> (artifact id: '33edb06ca44dd5a037b7e0bce80d08f2') in 0.00073125 seconds
Start importing Packages/com.unity.entities/Editor Default Resources/icons/selected/System/System.png using Guid(e409c5a50e4d7cf4b8a209427da89e13) (TextureImporter) -> (artifact id: '9dad1bed8fe6921a94e3739a1e0e76c0') in 0.000840633 seconds
Start importing Packages/com.unity.entities/Editor Default Resources/icons/light/Components/Tag Component.png using Guid(e4ec3b3bd3551a24c9249148f21847b3) (TextureImporter) -> (artifact id: 'c83075582244698970b1c9a03b44c75b') in 0.000600518 seconds
Start importing Packages/com.unity.entities/Editor Default Resources/icons/selected/WindowInstance/WindowInstance@2x.png using Guid(f47e3bd881dc0b14aa6bf6dba0993ce0) (TextureImporter) -> (artifact id: '25c7752a4de7a2c5892daa19eea9e455') in 0.000637047 seconds
Start importing Packages/com.unity.entities/Editor Default Resources/icons/dark/Entity/EntityPrefab.png using Guid(053908148b1d83c4e87d67af5ceae553) (TextureImporter) -> (artifact id: '03ebd574e8ae79d6b7eefa6409f356df') in 0.000935637 seconds
Start importing Packages/com.unity.entities/Editor Default Resources/icons/light/Go To Entities/Go to Entities.png using Guid(2568abaa1de514ced8401ab11fbe72e3) (TextureImporter) -> (artifact id: 'b28e03080ec2c873701050838cc5343a') in 0.003154054 seconds
Start importing Packages/com.unity.entities/Editor Default Resources/icons/dark/Components/Chunk Component.png using Guid(250fb8565a215144085021760fac1246) (TextureImporter) -> (artifact id: '5fec135f224e64e8d5d107d65c627713') in 0.000925809 seconds
Start importing Packages/com.unity.entities/Editor Default Resources/icons/light/Components/Chunk Component.png using Guid(35450f6a2d0725f42a34286cc29b464a) (TextureImporter) -> (artifact id: 'b518f4a9c54e33636164ee8a2fd9c4a5') in 0.000574698 seconds
Start importing Packages/com.unity.entities/Editor Default Resources/icons/light/UnmanagedSystem/UnmanagedSystem@2x.png using Guid(3576dfcc233210b4aa713b2fef145c70) (TextureImporter) -> (artifact id: '1a4b44b9bbc17ee40b888aa517d4fbe4') in 0.001285317 seconds
Start importing Packages/com.unity.entities/Editor Default Resources/Unity.Entities.UI/icons/dark/PreviousButton@2x.png using Guid(45743d06ba2e2c94886c188e71b9fa52) (TextureImporter) -> (artifact id: '9c5e56a081d83172b3b7ac512ac916ec') in 0.001340811 seconds
Start importing Packages/com.unity.entities/Editor Default Resources/icons/dark/Entity/Entity@2x.png using Guid(45fd341d1a828d94291541ec58fa2f17) (TextureImporter) -> (artifact id: '8bc1c2c48100d98f243cc836f044744a') in 0.052217754 seconds
Start importing Packages/com.unity.entities/Editor Default Resources/icons/light/Spinner/Spinner05.png using Guid(5525f6af21ce0e644ab3add9ad530d19) (TextureImporter) -> (artifact id: '27d5bebf6386ba878d20f6da7a98a381') in 0.001258573 seconds
Start importing Packages/com.unity.entities/Editor Default Resources/icons/dark/Settings/Settings.png using Guid(65a7a5e590faec04199b4495f94e4aa9) (TextureImporter) -> (artifact id: '0c9d7d04fd24c6e0547ddf95aba3cffd') in 0.001107968 seconds
Start importing Packages/com.unity.entities/Editor Default Resources/icons/dark/Components/Buffer Component.png using Guid(65ff6c1ca77acfa409d6eeb64326aa80) (TextureImporter) -> (artifact id: 'aa88660bcb3a27925a2bfe2362d90925') in 0.001059689 seconds
Start importing Packages/com.unity.entities/Editor Default Resources/icons/light/Entity/Entity.png using Guid(753b177db136c424c9a67b02e6f6f467) (TextureImporter) -> (artifact id: '9e0de1ef49c1382427c57437bfb0154c') in 0.001008649 seconds
Start importing Packages/com.unity.entities/Editor Default Resources/Unity.Entities.UI/icons/selected/Add.png using Guid(85b5dddf495ed064286e6d8e0ce94a9c) (TextureImporter) -> (artifact id: 'a6e05a760f01c5f308be1091a642c2ff') in 0.000805381 seconds
Start importing Packages/com.unity.entities/Editor Default Resources/icons/light/ActiveBuildConfiguration/search_icon.png using Guid(a526e6cd2a7c484480f5a3bffd9af3f0) (TextureImporter) -> (artifact id: '4f474ac19214377fb22af15dd06c6df8') in 0.000687647 seconds
Start importing Packages/com.unity.entities/Editor Default Resources/icons/selected/Go To Entities/Go to Entities@2x.png using Guid(a5fc5805f2bf34dfd810c8a6ab49f22e) (TextureImporter) -> (artifact id: '3d39305cd29b54e8346086b75442da74') in 0.000787059 seconds
Start importing Packages/com.unity.entities/Editor Default Resources/icons/light/Query/Query@2x.png using Guid(b52050c33d3f23e44aff8b5e22a213f4) (TextureImporter) -> (artifact id: '32cd1120214b8223b068db8b91d0ebba') in 0.000809575 seconds
Start importing Packages/com.unity.entities/Editor Default Resources/icons/dark/BeginCommandBuffer/BeginCommandBuffer-32@2x.png using Guid(c53044b5398cd92499d9f7deb49b9d8e) (TextureImporter) -> (artifact id: 'c93a147449183c19d37f283b508f1995') in 0.000991635 seconds
Start importing Packages/com.unity.entities/Editor Default Resources/icons/light/Settings/Settings@2x.png using Guid(c5dd1a9003b161e4fb4590dcb313fe1e) (TextureImporter) -> (artifact id: 'e0751c881fc21cc2307983eb80c273f8') in 0.000796471 seconds
Start importing Packages/com.unity.entities/Editor Default Resources/icons/dark/RoundedCorners/RoundedCorners.png using Guid(d5ddfdce01afa204dac7fbcd2c3fb9eb) (TextureImporter) -> (artifact id: 'fc6785729273720fa96380d11c57fb3f') in 0.00079868 seconds
Start importing Packages/com.unity.entities/Editor Default Resources/icons/dark/Spinner/Spinner08.png using Guid(e5445b82e9d8f1745aa8a3448036b72f) (TextureImporter) -> (artifact id: 'c3b2fcca65a9eeac3e68a8a7a973be31') in 0.001167946 seconds
Start importing Packages/com.unity.entities/Editor Default Resources/icons/dark/BeginCommandBuffer/BeginCommandBuffer@2x.png using Guid(e50c96eedbdb8de42a7acf5a15444e33) (TextureImporter) -> (artifact id: '72a4a182a9aead4798ed99c4007b5f34') in 0.000835085 seconds
Start importing Packages/com.unity.entities/Editor Default Resources/icons/selected/Group/Group.png using Guid(e51eedeb112f250429d894e28676acfb) (TextureImporter) -> (artifact id: 'd3c4c612ff4af9f3b2a164e5d44722d8') in 0.000732831 seconds
Start importing Packages/com.unity.entities/Editor Default Resources/icons/light/Go To Entities/Go to Entities@2x.png using Guid(1609d4e21b6d544aa84f33f5f1f4d0ec) (TextureImporter) -> (artifact id: '7ce4c3adbfcbed6b2c38c46f349dabb8') in 0.001048302 seconds
Start importing Packages/com.unity.entities/Editor Default Resources/icons/light/Archetype/Archetype@2x.png using Guid(168d11da975c3cf4e9a2ee3580066aaf) (TextureImporter) -> (artifact id: 'df458e05ac2159d97e11d5e10bfa3351') in 0.000762404 seconds
Start importing Packages/com.unity.entities/Editor Default Resources/icons/dark/Go To/Go to.png using Guid(26392130dde725a499fdfc0c561c9e7d) (TextureImporter) -> (artifact id: '6e78eac28b4e713ba6ff8615d1adad0f') in 0.000609353 seconds
Start importing Packages/com.unity.entities/Editor Default Resources/Unity.Entities.UI/icons/dark/Close S.png using Guid(36e36970a7f847b4c883abb31bee44d9) (TextureImporter) -> (artifact id: 'f19da082eb75bdb46f20228ca0c16f84') in 0.000635386 seconds
Start importing Packages/com.unity.entities/Editor Default Resources/icons/dark/Remove/Remove.png using Guid(3628e0cf40334eb4f81901176948921a) (TextureImporter) -> (artifact id: '479c2a61c731c6e8b0910e1caa389db4') in 0.001091414 seconds
Start importing Packages/com.unity.entities/Editor Default Resources/icons/dark/Group/Group-32.png using Guid(5624d6171ef03fb4d8d9c4032855ac11) (TextureImporter) -> (artifact id: 'b69e6306e5be9613e118b3835fd95e55') in 0.000902026 seconds
Start importing Packages/com.unity.entities/Editor Default Resources/icons/light/Search/Add.png using Guid(569ff80dd9553429dbdcfcaeea986571) (TextureImporter) -> (artifact id: '0181f34c6d6d6391e34d06a36f447825') in 0.000793348 seconds
Start importing Packages/com.unity.entities/Editor Default Resources/Unity.Entities.UI/icons/light/Close S@2x.png using Guid(66b6a518574c3264897b0d4a933ad338) (TextureImporter) -> (artifact id: '388abcab585b841a2972950f38d28952') in 0.000777369 seconds
Start importing Packages/com.unity.entities/Editor Default Resources/icons/dark/Spinner/Spinner03.png using Guid(6609eececa7caae428b93d1c17f3b09c) (TextureImporter) -> (artifact id: 'cf1abf8ee5225253d4b8c393879a36e1') in 0.000611337 seconds
Start importing Packages/com.unity.entities/Editor Default Resources/Unity.Entities.UI/icons/light/PreviousButton.png using Guid(667d7cadd1f6c864ca6842323f64e6fd) (TextureImporter) -> (artifact id: '6b3952e16d7c483526919f568adc8b4d') in 0.000622767 seconds
Start importing Packages/com.unity.entities/Unity.Entities.Editor/ContentProvider/Selection/icons/dark/WaitSpin/WaitSpin07.png using Guid(663f7b252634f844591d2a72ef03c9d3) (TextureImporter) -> (artifact id: '580a8d39f5d91120e60a44073bc0e250') in 0.000596277 seconds
Start importing Packages/com.unity.entities/Editor Default Resources/icons/dark/Prefab/ArrowNavigationRight@2x.png using Guid(76bb2a83a4d4e423d9b17fc8c319664f) (TextureImporter) -> (artifact id: 'dcba0faefee5854d278b93ca5eb70d83') in 0.000766557 seconds
Start importing Packages/com.unity.entities/Editor Default Resources/icons/light/RoundedCorners/RoundedCorners@2x.png using Guid(967b8e21f8588ed469ee7c5a59ae223b) (TextureImporter) -> (artifact id: '4355d3f986886343bbdc2994b1fafcd3') in 0.000736798 seconds
Start importing Packages/com.unity.entities/Unity.Entities.Editor/ContentProvider/Selection/icons/dark/WaitSpin/WaitSpin03.png using Guid(96afbe38da0aa4545ad449b279a3cbba) (TextureImporter) -> (artifact id: 'e173e0014c56311578c748348bf45fbb') in 0.00063917 seconds
Start importing Packages/com.unity.collections/Unity.Collections.PerformanceTests/PerformanceTestFrameworkOutputListAdd.png using Guid(a6ecd2aa79759e64ba59ab5f51d661ac) (TextureImporter) -> (artifact id: '1b9c40bffdfc12be90a93c48bfca6c94') in 0.006982259 seconds
Start importing Packages/com.unity.entities/Editor Default Resources/Unity.Entities.UI/icons/light/Error@2x.png using Guid(e684fb3fc9b59554aab01cce49b4a766) (TextureImporter) -> (artifact id: '3aefc0ac18c32bbe9c934eb0ac4d71ad') in 0.000796903 seconds
Start importing Packages/com.unity.collections/Unity.Collections.PerformanceTests/PerformanceTestFrameworkOutputFixedSize.png using Guid(079c3d43b74823a41bb33198b8221c23) (TextureImporter) -> (artifact id: 'f6a1102e2d92228d38b817eee526998c') in 0.011152722 seconds
Start importing Packages/com.unity.entities/Editor Default Resources/icons/dark/Components/Chunk Component@2x.png using Guid(278de12c712f4ca44b299f88c2aec400) (TextureImporter) -> (artifact id: 'd0a5cd5b839f8358b6c0b125a052a6ba') in 0.000875031 seconds
Start importing Packages/com.unity.entities/Unity.Entities.Editor/ContentProvider/Selection/icons/dark/WaitSpin/WaitSpin08.png using Guid(47824a19f47106247a8fd859bb55dc81) (TextureImporter) -> (artifact id: '243bd6206db5afbdbfd7bdd12ee77f64') in 0.000842636 seconds
Start importing Packages/com.unity.entities/Unity.Entities.Editor/ContentProvider/Selection/icons/light/WaitSpin/WaitSpin08.png using Guid(77b4b882f9e6d4d489e50aa33bb016d9) (TextureImporter) -> (artifact id: '400fada5570981a3863a00432ae6e980') in 0.000593226 seconds
Start importing Packages/com.unity.entities/Editor Default Resources/icons/dark/EndCommandBuffer/EndCommandBuffer-32.png using Guid(87f2fd7b143ba48488d52ebc6e036ee3) (TextureImporter) -> (artifact id: '3b3341410c483471167d59cadbca133c') in 0.000672394 seconds
Start importing Packages/com.unity.entities/Unity.Entities.Editor/ContentProvider/Selection/icons/light/WaitSpin/WaitSpin11.png using Guid(8759c55af02193c438b51d955e5f7c41) (TextureImporter) -> (artifact id: 'a4027cd866026fb974677a5bc6d0be65') in 0.000604751 seconds
Start importing Packages/com.unity.entities/Editor Default Resources/icons/selected/WindowInstance/WindowInstance.png using Guid(a77795055ad14364a874f8284fc8878e) (TextureImporter) -> (artifact id: '7f8b977cd612074218991d89be4ca9ac') in 0.000582672 seconds
Start importing Packages/com.unity.entities/Editor Default Resources/icons/dark/Component/Component.png using Guid(c7e71086b1e2c0d49815898335929e83) (TextureImporter) -> (artifact id: 'c2b4dcaad46ce06afb403bed50877baf') in 0.000621567 seconds
Start importing Packages/com.unity.entities/Editor Default Resources/icons/dark/Go To Systems/Go to Systems@2x.png using Guid(f7044982513ce46f48e153eade5d77ab) (TextureImporter) -> (artifact id: 'c48aa43d1f108c6b44532989afcb52f8') in 0.000674956 seconds
Start importing Packages/com.unity.entities/Editor Default Resources/icons/selected/Entity/EntityPrefab@2x.png using Guid(486bbc31cc36e0645be9b9c58dca27ee) (TextureImporter) -> (artifact id: '2bec56fbddc82220da9f6bf8a237ec1c') in 0.0007116 seconds
Start importing Packages/com.unity.entities/Editor Default Resources/icons/light/Components/Buffer Component@2x.png using Guid(58afd47434cd76b4ca2e8e493b35a5fa) (TextureImporter) -> (artifact id: '4db13a341dde794773acd2b71905a5e0') in 0.00062379 seconds
Start importing Packages/com.unity.entities/Editor Default Resources/icons/dark/Spinner/Spinner00.png using Guid(68613bf10ee5b7046b40d9782a1aa105) (TextureImporter) -> (artifact id: '38b08ec7d7eab890989da1623e8801a4') in 0.000573881 seconds
Start importing Packages/com.unity.entities/Editor Default Resources/icons/dark/Search/Close S.png using Guid(681d20680fbb44fc186b6562581b313e) (TextureImporter) -> (artifact id: '536a225dfc64902d6cba395c4f26f865') in 0.000572261 seconds
Start importing Packages/com.unity.entities/Editor Default Resources/icons/light/ConvertActive/ConvertActive.png using Guid(7802081c81eb0cb408f45297a84e1ed3) (TextureImporter) -> (artifact id: '0f95eb3a938495b1d3f2afc3bb9109ea') in 0.000559325 seconds
Start importing Packages/com.unity.entities/Editor Default Resources/icons/light/Spinner/Spinner11.png using Guid(7817590e38924df4abe66b33afa041bf) (TextureImporter) -> (artifact id: '8fa592438ed5ddf0530b09e0a66a88aa') in 0.000893933 seconds
Start importing Packages/com.unity.entities/Unity.Entities.Editor/ContentProvider/Selection/icons/light/WaitSpin/WaitSpin05.png using Guid(98607a0695da6be44b70cb25dbc4747c) (TextureImporter) -> (artifact id: '81220147ffbad93245a82405392a9ac9') in 0.000609749 seconds
Start importing Packages/com.unity.entities/Editor Default Resources/Unity.Entities.UI/icons/light/CircularReference.png using Guid(98317da76358dbf41bbe384fd8150100) (TextureImporter) -> (artifact id: 'b9e6874fdb940ed389374bb9c8c7250a') in 0.000592406 seconds
Start importing Packages/com.unity.entities/Unity.Entities.Editor/ContentProvider/Selection/icons/light/WaitSpin/WaitSpin03.png using Guid(98f9613056fcc27449f9eb96e95ba61e) (TextureImporter) -> (artifact id: 'e3f1a7c77357a7d35e0b1888d037802c') in 0.000549563 seconds
Start importing Packages/com.unity.entities/Editor Default Resources/icons/light/System/System.png using Guid(982c7790ddc925b43b3c06838f818a0d) (TextureImporter) -> (artifact id: 'cdde6f031b208f1e718f8bd6ac6ea282') in 0.000588408 seconds
Start importing Packages/com.unity.entities/Editor Default Resources/icons/selected/System/System@2x.png using Guid(a88f03d1f080c3a4b8d7358d8a4a29f6) (TextureImporter) -> (artifact id: 'f9ed8e3c6d73b583875ca5d3ef17c273') in 0.004184058 seconds
Start importing Packages/com.unity.entities/Unity.Entities.Editor/ContentProvider/Selection/icons/dark/WaitSpin/WaitSpin01.png using Guid(b8210d8b354c9784082bb102a5d4ce25) (TextureImporter) -> (artifact id: 'a2bd2e66a770695c803a9ab29d1503c3') in 0.001185034 seconds
Start importing Packages/com.unity.entities/Editor Default Resources/Unity.Entities.UI/icons/selected/PreviousButton@2x.png using Guid(b8b9214945fab6243854476a012b4843) (TextureImporter) -> (artifact id: '234ec7b0fb0eabf6174104625b1c9e5a') in 0.001136728 seconds
Start importing Packages/com.unity.entities/Editor Default Resources/icons/light/SystemMixed/SystemMixed@2x.png using Guid(e8c2b48ec3b038042a01bf30aa0ea2e5) (TextureImporter) -> (artifact id: 'e1784900da4aa03536cd17dc8d13c59c') in 0.00113696 seconds
Start importing Packages/com.unity.entities/Editor Default Resources/Unity.Entities.UI/icons/light/CircularReference@2x.png using Guid(e85620a0f9104fb458a98c946f085e12) (TextureImporter) -> (artifact id: 'bde6ac26ffac6e7f8814f658b11f897f') in 0.001739871 seconds
Start importing Packages/com.unity.entities/Editor Default Resources/icons/light/EndCommandBuffer/EndCommandBuffer@2x.png using Guid(e8d8b97c97c4ac844b378bdd6394646b) (TextureImporter) -> (artifact id: 'ff4b0b1ec574586795ace29e414be5a1') in 0.001138841 seconds
Start importing Packages/com.unity.entities/Editor Default Resources/icons/light/Archetype/Archetype.png using Guid(f8bc451974a14814ea0731f3b30bf8fe) (TextureImporter) -> (artifact id: '07a896e799c51f29d44d79f6f5d73e52') in 0.001441436 seconds
Start importing Packages/com.unity.entities/Editor Default Resources/icons/light/SystemDisabled/SystemDisabled@2x.png using Guid(f88e64ee7d3f5c240999df3a5c5ad58b) (TextureImporter) -> (artifact id: '232f33a5059beb182ac037650b32e9b7') in 0.001951943 seconds
Start importing Packages/com.unity.entities/Unity.Entities.Editor/ContentProvider/Selection/icons/light/WaitSpin/WaitSpin04.png using Guid(19b78a6b0e23d1c42a02e683ab11f8a7) (TextureImporter) -> (artifact id: '406ca026f12d26034ca40d2d9d1d2ed9') in 0.001334618 seconds
Start importing Packages/com.unity.entities/Editor Default Resources/icons/light/Remove/Remove.png using Guid(2944aabaf9755d041b139349df3878b9) (TextureImporter) -> (artifact id: '5a858f514f2a3ede7cbdebda54a6269d') in 0.001139756 seconds
Start importing Packages/com.unity.entities/Editor Default Resources/icons/dark/System/System.png using Guid(290ec3726cd9fb947b6106c3232f5b5c) (TextureImporter) -> (artifact id: 'a90fea12fa25adcbf0fe76b6e784abeb') in 0.000925613 seconds
Start importing Packages/com.unity.entities/Editor Default Resources/icons/selected/EndCommandBuffer/EndCommandBuffer.png using Guid(39b358d507e65474f933369a7fc91391) (TextureImporter) -> (artifact id: 'c6740673792c9b7eb73da95395e9efd1') in 0.001903137 seconds
Start importing Packages/com.unity.entities/Editor Default Resources/icons/dark/ConvertActive/ConvertActive@2x.png using Guid(39d6b7265688e0a4b8e567b36263b1a2) (TextureImporter) -> (artifact id: '962a36477b4bf71e7ef03d1a36be8fd7') in 0.001354905 seconds
Start importing Packages/com.unity.entities/Editor Default Resources/icons/light/Spinner/Spinner03.png using Guid(39c70686311a1be4786aa7e86e34ea19) (TextureImporter) -> (artifact id: '16d4e3b26b55313ea499b1d35955f7e0') in 0.001899281 seconds
Start importing Packages/com.unity.entities/Editor Default Resources/icons/dark/SystemEnabled/SystemEnabled.png using Guid(397c710623c6cda47bf80289a5835c57) (TextureImporter) -> (artifact id: 'd2f4f1b84920557069f6b7bc0d8810d6') in 0.001221249 seconds
Start importing Packages/com.unity.entities/Editor Default Resources/icons/dark/Entity/EntityPrefab@2x.png using Guid(397f181b87e41b74ba38bdcda3729bf7) (TextureImporter) -> (artifact id: 'd61fa3038af0d8ab879da008ef9b1224') in 0.001148738 seconds
Start importing Packages/com.unity.entities/Editor Default Resources/icons/dark/System/System@2x.png using Guid(599c162c20976004d9e42bec9f5b0251) (TextureImporter) -> (artifact id: '9d1b67453190fa69e392688ca198d22e') in 0.002268323 seconds
Start importing Packages/com.unity.entities/Editor Default Resources/Unity.Entities.UI/icons/light/NextButton.png using Guid(6901da4f184e2a6408d4243b94d80278) (TextureImporter) -> (artifact id: '1826b1883aa74bb01c7d576c7da63225') in 0.001087048 seconds
Start importing Packages/com.unity.entities/Editor Default Resources/icons/light/Components/Component-32.png using Guid(6995bd1a0de5f484d921e4ee6a0669e0) (TextureImporter) -> (artifact id: '4f3c09fc0353daf940884a559af8f7f2') in 0.001385227 seconds
Start importing Packages/com.unity.entities/Editor Default Resources/icons/light/Component/Component@2x.png using Guid(698996061d8a21444a28fe68b8bcda0a) (TextureImporter) -> (artifact id: '82add6d0cc9d5bb6b8a24076b18781bb') in 0.001025707 seconds
Start importing Packages/com.unity.entities/Editor Default Resources/icons/dark/Spinner/Spinner02.png using Guid(79072ea4ce1ecbe4d8dfcf81c0296cb3) (TextureImporter) -> (artifact id: 'be19ebec8ecd0c3042ae5b0b69d449f2') in 0.006468665 seconds
Start importing Packages/com.unity.entities/Editor Default Resources/icons/dark/Components/Buffer Component@2x.png using Guid(795d55829b01141478fb8163d9a19762) (TextureImporter) -> (artifact id: 'eb62cbf59007e4e61939094bddcaa36e') in 0.001659118 seconds
Start importing Packages/com.unity.entities/Unity.Entities.Editor/ContentProvider/Selection/icons/dark/WaitSpin/WaitSpin10.png using Guid(798e4e4ffc5b59745ba48821db43b0de) (TextureImporter) -> (artifact id: '8bc7797d081e69c26c7e472d1eadcba9') in 0.004057077 seconds
Start importing Packages/com.unity.entities/Editor Default Resources/icons/selected/Group/Group@2x.png using Guid(89c52489dfd6810458ffede3d1c38dab) (TextureImporter) -> (artifact id: 'de93d95e67840aa69cc72d2038f5bb48') in 0.001934369 seconds
Start importing Packages/com.unity.entities/Editor Default Resources/Unity.Entities.UI/icons/dark/CircularReference.png using Guid(89f58fc84f320ed42969a4731b677d99) (TextureImporter) -> (artifact id: 'bb923889673431a4f53fa11629bb4e87') in 0.006268126 seconds
Start importing Packages/com.unity.entities/Editor Default Resources/icons/light/Search/Search.png using Guid(995ac580a0f81bc46913daa16593da83) (TextureImporter) -> (artifact id: 'b02d92a7c779882f29715a6d596ad8c5') in 0.000892856 seconds
Start importing Packages/com.unity.entities/Editor Default Resources/Unity.Entities.UI/icons/dark/Close S@2x.png using Guid(b973a918ceb1aa9499f8de0b1bff96b3) (TextureImporter) -> (artifact id: 'e5e30e7289a67ee4da550e5b37e39a98') in 0.00293695 seconds
Start importing Packages/com.unity.entities/Editor Default Resources/icons/selected/Search/Search.png using Guid(c931dd0c35f348a49ab496cab1ec932a) (TextureImporter) -> (artifact id: 'f4e2e62771c41d477384ea9f98d75ecc') in 0.000829962 seconds
Start importing Packages/com.unity.entities/Editor Default Resources/icons/light/Components/Buffer Component.png using Guid(c94651a0c70c7e04ebb17fed20270fe5) (TextureImporter) -> (artifact id: '69250c956fc4798284616c56f67855e1') in 0.001556988 seconds
Start importing Packages/com.unity.entities/Editor Default Resources/icons/dark/Components/Component-32.png using Guid(e9cc648ee43917d43aee90852eb39f75) (TextureImporter) -> (artifact id: 'cee4bee5bb2dbcfd29748f82b5b6c7cd') in 0.002640778 seconds
Start importing Packages/com.unity.entities/Editor Default Resources/icons/selected/Query/Query@2x.png using Guid(e9fedf052d254d14997441c0a2241d27) (TextureImporter) -> (artifact id: '5e24dd893ab5668ef8b3e473ca205e74') in 0.001251417 seconds
Start importing Packages/com.unity.entities/Editor Default Resources/icons/dark/World/World.png using Guid(f9429a63ed19a594ebb5f369b3600e64) (TextureImporter) -> (artifact id: 'f41bba0605553c6e263c940f6e6e6cc9') in 0.001275616 seconds
Start importing Packages/com.unity.entities/Unity.Entities.Editor/ContentProvider/Selection/icons/dark/WaitSpin/WaitSpin05.png using Guid(f9e628b05240e7647a67fd5389010b9d) (TextureImporter) -> (artifact id: '3882202e92b5e7ac5e3291770428b862') in 0.002915577 seconds
Start importing Packages/com.unity.entities/Editor Default Resources/icons/selected/Settings/Settings@2x.png using Guid(0ab64e39cfbe10642b39fa41f29a6f84) (TextureImporter) -> (artifact id: '345533e7a14f572e62099db8c2e1ce07') in 0.002781113 seconds
Start importing Packages/com.unity.entities/Editor Default Resources/icons/selected/BeginCommandBuffer/BeginCommandBuffer.png using Guid(0a4c175bc5f26c948850da2e7358a365) (TextureImporter) -> (artifact id: '2bcdaa11ac13d3c1d53183a95f0ac49d') in 0.00079798 seconds
Start importing Packages/com.unity.entities/Editor Default Resources/icons/light/BeginCommandBuffer/BeginCommandBuffer@2x.png using Guid(0a2dafd09280f3c4da9a55a6fb71a282) (TextureImporter) -> (artifact id: '87dc887b2bb8580ec533571c527e0409') in 0.004289972 seconds
Start importing Packages/com.unity.entities/Editor Default Resources/icons/dark/Components/Component@2x.png using Guid(1a52ce846770dbd4b8fd743f9c9b161b) (TextureImporter) -> (artifact id: 'e10dae2f97d18cc36790b4bb45ba3fa9') in 0.001744491 seconds
Start importing Packages/com.unity.entities/Editor Default Resources/Unity.Entities.UI/icons/dark/Add@2x.png using Guid(2ac44b2abf8cc4e41929744aa5e53b7a) (TextureImporter) -> (artifact id: '7f8165bc01330f4c1a5da29656dd728d') in 0.004297232 seconds
Start importing Packages/com.unity.entities/Editor Default Resources/icons/light/Segment/Segment@2x.png using Guid(2a4628ec0f652524ab89c8cf8bde71cb) (TextureImporter) -> (artifact id: '13d014d7f6e2f3a31659e6f29beb1cb8') in 0.000941575 seconds
Start importing Packages/com.unity.entities/Editor Default Resources/icons/light/Convert/Convert.png using Guid(4ad4a8794fc815c4f953dd0dd2a2a692) (TextureImporter) -> (artifact id: 'cb7e9ba5b06dbe87e71d2f209f08a5a5') in 0.002036312 seconds
Start importing Packages/com.unity.entities/Editor Default Resources/icons/light/Group/Group@2x.png using Guid(4a6d806e61b91014bb5510c3065ae615) (TextureImporter) -> (artifact id: 'd2fa639d233f81556d5ede673401f5b1') in 0.00143234 seconds
Start importing Packages/com.unity.entities/Unity.Entities.Editor/ContentProvider/Selection/icons/light/WaitSpin/WaitSpin07.png using Guid(5a2610dc748953846805a2397d54f6d3) (TextureImporter) -> (artifact id: 'ef205cee308bee2e1de64e1b60e1b17e') in 0.001476244 seconds
Start importing Packages/com.unity.entities/Editor Default Resources/icons/dark/Query/Query.png using Guid(5a6aae43868241445989753877c9333e) (TextureImporter) -> (artifact id: '36f929cfef969d95b03eaccecbd9b9d4') in 0.000810644 seconds
Start importing Packages/com.unity.entities/Editor Default Resources/icons/dark/Group/Group.png using Guid(5aac2bff92b0cfe49b11078869ba2893) (TextureImporter) -> (artifact id: 'f39baad3773e98fec22662e8d3137fa9') in 0.000987815 seconds
Start importing Packages/com.unity.entities/Editor Default Resources/icons/dark/Spinner/Spinner09.png using Guid(7a8105c92f4b8ae4aaeec5ee99dd6050) (TextureImporter) -> (artifact id: '5e0c2ddfc6ad84802c52097e0bfcf063') in 0.001017816 seconds
Start importing Packages/com.unity.entities/Unity.Entities.Editor/ContentProvider/Selection/icons/light/WaitSpin/WaitSpin06.png using Guid(7a462c9785c8d7a49ae01bcafe6e3bac) (TextureImporter) -> (artifact id: '5e998291579c3953de04e6870687486d') in 0.001085645 seconds
Start importing Packages/com.unity.entities/Editor Default Resources/icons/dark/RoundedCorners/RoundedCorners@2x.png using Guid(7aba483c22f82ff429d781081e3ccfb7) (TextureImporter) -> (artifact id: '860cd46f79f7806e371ab003e3c97232') in 0.00094526 seconds
Start importing Packages/com.unity.entities/Editor Default Resources/icons/selected/UnmanagedSystem/UnmanagedSystem.png using Guid(9a24c5850f6bb2d44b6833afb2cf11ad) (TextureImporter) -> (artifact id: '6806e3f5a4b34242769746217b485d94') in 0.002063788 seconds
Start importing Packages/com.unity.entities/Editor Default Resources/Unity.Entities.UI/icons/dark/PreviousButton.png using Guid(9a58060899d93ee4786f004162c3cf45) (TextureImporter) -> (artifact id: '7d4ee70c3f671c7287e2055b497bc958') in 0.002253989 seconds
Start importing Packages/com.unity.entities/Editor Default Resources/icons/dark/World/World@2x.png using Guid(ba455e8f02955324c8b269a36bc19cdf) (TextureImporter) -> (artifact id: 'e2dcec9e43ff00ed3bfae23225fe79ff') in 0.002872328 seconds
Start importing Packages/com.unity.entities/Editor Default Resources/Unity.Entities.UI/icons/light/PreviousButton@2x.png using Guid(da80ad6f5c59a59478507c1873e164c3) (TextureImporter) -> (artifact id: '383e5b8ab26faafd5e12503ab39db5d4') in 0.016495623 seconds
Start importing Packages/com.unity.entities/Editor Default Resources/icons/light/Spinner/Spinner08.png using Guid(eae7b9100b5ef5742bebe449c4cb79ec) (TextureImporter) -> (artifact id: '18e00c3b122a50c762b57c606b035529') in 0.001097907 seconds
Start importing Packages/com.unity.entities/Editor Default Resources/icons/dark/Convert/Convert@2x.png using Guid(ea9c557c74b53264581ad1fe647a6f85) (TextureImporter) -> (artifact id: 'f45b75276c0b1d7577dc7bab92406a59') in 0.006076821 seconds
Start importing Packages/com.unity.entities/Editor Default Resources/icons/dark/Spinner/Spinner01.png using Guid(fae7133ed472ba24395e13fc2c464cf3) (TextureImporter) -> (artifact id: 'c77169d01680af0e3c450c94dcb5bf0f') in 0.000778905 seconds
Start importing Packages/com.unity.entities/Editor Default Resources/icons/dark/Spinner/Spinner10.png using Guid(0b75136bc73757f4787b8d7354563f50) (TextureImporter) -> (artifact id: 'a49fae1ca820aa9df59c1f39abe31be8') in 0.000617544 seconds
Start importing Packages/com.unity.entities/Editor Default Resources/icons/light/WindowInstance/WindowInstance.png using Guid(2bc21fe39192c8e41b688137f71ae261) (TextureImporter) -> (artifact id: 'd9e1b0c77c409086fe6803a851021e54') in 0.000600258 seconds
Start importing Packages/com.unity.entities/Editor Default Resources/icons/dark/Prefab/ArrowNavigationLeft@2x.png using Guid(2bd995929c62545af986ca76ba19a483) (TextureImporter) -> (artifact id: '131f3bf8330a601d7613c5262cb8f730') in 0.000656762 seconds
Start importing Packages/com.unity.entities/Editor Default Resources/icons/dark/Components/Shared Component.png using Guid(5b701d2220b990945a027fc727b72b93) (TextureImporter) -> (artifact id: '7ef459a233b9a50e3087603c2349c6b4') in 0.000585408 seconds
Start importing Packages/com.unity.entities/Editor Default Resources/icons/dark/Search/Search@2x.png using Guid(5b68d6f9376a7f54691a3e1fbef1dd9f) (TextureImporter) -> (artifact id: '10289cc8e21d97b64476e0dd21ff8894') in 0.000641128 seconds
Start importing Packages/com.unity.entities/Editor Default Resources/icons/dark/EntityGroup/EntityGroup@2x.png using Guid(6bb0993b66f1e4f4d907a96c0ff2dee0) (TextureImporter) -> (artifact id: '288ea3ca9510a7d380a0ab5da1ce7fda') in 0.00064545 seconds
Start importing Packages/com.unity.entities/Editor Default Resources/icons/light/Go To/Go to.png using Guid(9b0532b4a0273a645a7539f12fbdf9da) (TextureImporter) -> (artifact id: 'adb58bfe6f2f6f4011fa99dc07fa728e') in 0.000900849 seconds
Start importing Packages/com.unity.entities/Editor Default Resources/icons/dark/WindowInstance/WindowInstance@2x.png using Guid(bbbf4bbef8453bc4a9ffdc6c062debb7) (TextureImporter) -> (artifact id: '7dcf7687af51e61dbab767a0e0cebeee') in 0.000640717 seconds
Start importing Packages/com.unity.entities/Editor Default Resources/icons/light/Group/Group-32.png using Guid(cb74053e69258914fb6fabbe5b04481d) (TextureImporter) -> (artifact id: '899078240c8261c8c638fb0d076f4a7f') in 0.000636658 seconds
Start importing Packages/com.unity.entities/Editor Default Resources/Unity.Entities.UI/icons/light/Close S.png using Guid(cb09eb5f7e0ced04388510e7a8b71af5) (TextureImporter) -> (artifact id: '3ef2c3fdd99be34add3c71b60a45b6b0') in 0.000604093 seconds
Start importing Packages/com.unity.entities/Editor Default Resources/icons/dark/UnmanagedSystem/UnmanagedSystem@2x.png using Guid(cbfd67b5802cb4549877683c35cd5299) (TextureImporter) -> (artifact id: 'ad403fdf1839323a5be136a2b993bf34') in 0.000680489 seconds
Start importing Packages/com.unity.entities/Editor Default Resources/icons/dark/RuntimeComponent/RuntimeComponent.png using Guid(ebdc84adf617c2a4dac2ca3a2559b131) (TextureImporter) -> (artifact id: 'f26efc60f480ca40db02384739b6172d') in 0.000642425 seconds
Start importing Packages/com.unity.entities/Editor Default Resources/icons/light/Settings/Settings.png using Guid(fb970d11cf41ecb4188ee1305cae7b0a) (TextureImporter) -> (artifact id: '11609bec304bf72b8352abaf5b5055aa') in 0.000579047 seconds
Start importing Packages/com.unity.entities/Editor Default Resources/icons/dark/Search/Search.png using Guid(1c6b4fe8923d9744292af7fc6e32aae3) (TextureImporter) -> (artifact id: '1cb848f55eff3f1db46ade2c9c2a2629') in 0.000574063 seconds
Start importing Packages/com.unity.entities/Unity.Entities.Editor/ContentProvider/Selection/icons/dark/WaitSpin/WaitSpin04.png using Guid(2ce301a5fde5ec645ba58e1875de905f) (TextureImporter) -> (artifact id: '0fd343cf2380aed2068e4e327760464b') in 0.000620911 seconds
Start importing Packages/com.unity.entities/Editor Default Resources/icons/dark/Convert/Convert.png using Guid(2c8fd13e93ac9424599cbebab2f01cc2) (TextureImporter) -> (artifact id: '69923e5ed7525fe412e7b98259b89aac') in 0.000828109 seconds
Start importing Packages/com.unity.entities/Editor Default Resources/icons/dark/Aspect/Aspect@2x.png using Guid(3cb72ea5cd118b24ba611be440a3269a) (TextureImporter) -> (artifact id: '3b470902b5ea394f74436182f59775cb') in 0.000740914 seconds
Start importing Packages/com.unity.entities/Editor Default Resources/icons/dark/Journaling/Journaling@2x.png using Guid(4c43b7a1fa3793649a77d387162fe11d) (TextureImporter) -> (artifact id: '0fdca7cdc695fd329b63181b3090f14c') in 0.000798205 seconds
Start importing Packages/com.unity.entities/Editor Default Resources/icons/light/SystemDisabled/SystemDisabled.png using Guid(4c6491b3aae8c744eb0f3b5a73eec5d7) (TextureImporter) -> (artifact id: 'a2aeca5db6b6601c4b412587d2315e51') in 0.000572279 seconds
Start importing Packages/com.unity.entities/Unity.Entities.Editor/ContentProvider/Selection/icons/dark/WaitSpin/WaitSpin00.png using Guid(4caa441edeab3234c87e684150576782) (TextureImporter) -> (artifact id: 'd11d2c9a80eb9b0dbb3375d0f7a5ebb6') in 0.000581194 seconds
Start importing Packages/com.unity.entities/Unity.Entities.Editor/Styles/Subtractive.png using Guid(5c5dc94ec202146e38ac04453eb79c99) (TextureImporter) -> (artifact id: 'bf42d32c46957bade6e32eb4f09da92c') in 0.000694016 seconds
Start importing Packages/com.unity.entities/Unity.Entities.Editor/Styles/ReadWrite.png using Guid(6c23fd4be92a44866992f209c8bb4ccc) (TextureImporter) -> (artifact id: 'ebef6523502c4d54a13d72c6a83cbffc') in 0.000689654 seconds
Start importing Packages/com.unity.entities/Editor Default Resources/icons/dark/Prefab/ArrowNavigationRight.png using Guid(7ce01de770e854ae99dbb8094c0a9054) (TextureImporter) -> (artifact id: 'b36e7c3c55efe662be08d6a9d06bbf6e') in 0.000608106 seconds
Start importing Packages/com.unity.entities/Editor Default Resources/icons/light/Group/Group-32@2x.png using Guid(8c4e9de258f8aea4ea1fd688cac09f36) (TextureImporter) -> (artifact id: '338d0880a3a20530475c8b5518794bf2') in 0.000712089 seconds
Start importing Packages/com.unity.entities/Editor Default Resources/icons/light/Group/Group.png using Guid(8c8e61546ccdf8943ae996f1fb6d26e7) (TextureImporter) -> (artifact id: '580b26fc4bd36d1d1dda4a22553d1ff8') in 0.000589206 seconds
Start importing Packages/com.unity.entities/Unity.Entities.Editor/Styles/Required@2x.png using Guid(9ccb57e130aff40b6ab8de7e07dae017) (TextureImporter) -> (artifact id: 'c4fc943228b56aad478738fea6d5b3f9') in 0.001079764 seconds
Start importing Packages/com.unity.entities/Editor Default Resources/icons/light/Components/Chunk Component@2x.png using Guid(bc43f2c2ee54c324a9e2b4bddf37d382) (TextureImporter) -> (artifact id: '51c8759ddd5e5ebd921a56f26e40181b') in 0.000651145 seconds
Start importing Packages/com.unity.entities/Editor Default Resources/icons/light/WindowInstance/WindowInstance@2x.png using Guid(bc1468359140b7e4e8ac31a1cffae101) (TextureImporter) -> (artifact id: '24731049b909f618f9ddb69ea27d3638') in 0.000653911 seconds
Start importing Packages/com.unity.entities/Editor Default Resources/icons/light/Aspect/Aspect.png using Guid(bc34f0076045b8b4cb15625d7ad375f8) (TextureImporter) -> (artifact id: 'd5a4687884c7609a6103ec5d51536db6') in 0.000626875 seconds
Start importing Packages/com.unity.entities/Editor Default Resources/icons/dark/Settings/Settings@2x.png using Guid(bc4d0a9216410974dbbba48f1bb478d7) (TextureImporter) -> (artifact id: '34e22bae1ac5d5fa329b9c3ef1e0a0bf') in 0.000677212 seconds
Start importing Packages/com.unity.entities/Editor Default Resources/icons/light/EntityGroup/EntityGroup@2x.png using Guid(ccc67f988ad7b104cb1a2212f0193157) (TextureImporter) -> (artifact id: '9125d5a5712d951ed376e95e7a4d7f9e') in 0.000681079 seconds
Start importing Packages/com.unity.entities/Editor Default Resources/Unity.Entities.UI/icons/component.png using Guid(0d160fc4d4bda154d8d151b875e893d2) (TextureImporter) -> (artifact id: '601742231207714d14e6e5c3aeb0ef7e') in 0.00061386 seconds
Start importing Packages/com.unity.entities/Editor Default Resources/icons/selected/Go To Systems/Go to Systems@2x.png using Guid(0daf4421f4ca646e1abc4d2977bf1813) (TextureImporter) -> (artifact id: 'df08c2a0ce9f1779bfbcd482533d6dca') in 0.000692716 seconds
Start importing Packages/com.unity.entities/Editor Default Resources/icons/dark/BeginCommandBuffer/BeginCommandBuffer.png using Guid(1d89376b193a58c4199963e03af21c6f) (TextureImporter) -> (artifact id: '0f1456b62c8942ea4953fc1330ef7f1c') in 0.000583946 seconds
Start importing Packages/com.unity.entities/Editor Default Resources/icons/light/Convert/Convert@2x.png using Guid(1d6c671cdd020ac4092ebc914779c1b1) (TextureImporter) -> (artifact id: '8a085a62d30a1b0030a29b03cd8c72f5') in 0.000889323 seconds
Start importing Packages/com.unity.entities/Editor Default Resources/icons/dark/Query/Query-32@2x.png using Guid(1ddfca0d1c31bae47979cd4e9237396e) (TextureImporter) -> (artifact id: 'd918e358a764e8dec2d069a3c6c71868') in 0.000906776 seconds
Start importing Packages/com.unity.entities/Editor Default Resources/icons/light/Components/Component-32@2x.png using Guid(2dbcdc2e38fbf4e4ea496e2c3af61f13) (TextureImporter) -> (artifact id: '9fe6dd511c2518994298b6f176c0ad33') in 0.000758527 seconds
Start importing Packages/com.unity.entities/Editor Default Resources/icons/light/Entity/EntityPrefab.png using Guid(3d58b747d55f81342bc067d7457806c8) (TextureImporter) -> (artifact id: '2e47a0edf142bea7bcea21489baaeb69') in 0.000674236 seconds
Start importing Packages/com.unity.entities/Editor Default Resources/icons/dark/Spinner/Spinner07.png using Guid(3d0bec388dd915f48bdfa68107fe8eeb) (TextureImporter) -> (artifact id: '2618d67b9453771f4a897f402a5c9dd5') in 0.000603047 seconds
Start importing Packages/com.unity.entities/Editor Default Resources/icons/dark/Archetype/Archetype.png using Guid(3dabe7749c67ee0478a5be94aa27b953) (TextureImporter) -> (artifact id: 'cbec0e0de6071b8ab75af4f116559034') in 0.00060883 seconds
Start importing Packages/com.unity.entities/Editor Default Resources/icons/dark/SystemDisabled/SystemDisabled.png using Guid(4db2f82ab7491dd4885a123a22af90cd) (TextureImporter) -> (artifact id: '7385eee5b5719790324c834ca3ff7505') in 0.000618971 seconds
Start importing Packages/com.unity.entities/Editor Default Resources/Unity.Entities.UI/icons/dark/Add.png using Guid(4d243d32f3ba9644e8eaade6d61d569d) (TextureImporter) -> (artifact id: '4a1860badafb9624326f0e98c64fe4af') in 0.000653159 seconds
Start importing Packages/com.unity.entities/Editor Default Resources/icons/dark/ConvertActive/ConvertActive.png using Guid(4d76c677d2cc74341971b9ac78d48ed8) (TextureImporter) -> (artifact id: '32e479d8625c232b7b3473452c05d58b') in 0.000571003 seconds
Start importing Packages/com.unity.entities/Editor Default Resources/icons/dark/Search/Add@2x.png using Guid(4dc792722f44e468d96a019e556adeb3) (TextureImporter) -> (artifact id: '8b425396924c003569c8115adab6d4ab') in 0.000701476 seconds
Start importing Packages/com.unity.entities/Editor Default Resources/icons/light/UnmanagedSystem/UnmanagedSystem.png using Guid(4d0bdc5e50bca8146b7e51a96552d36f) (TextureImporter) -> (artifact id: '987a8261332c5eff92ec0c3e3ba8eb21') in 0.000829286 seconds
Start importing Packages/com.unity.entities/Editor Default Resources/icons/dark/EntityGroup/EntityGroup.png using Guid(5d1b07a7ca97f05448f751a48ede9120) (TextureImporter) -> (artifact id: '8fb55e8059fafefb09b905edfbd993b4') in 0.000569726 seconds
Start importing Packages/com.unity.entities/Unity.Entities.Editor/ContentProvider/Selection/icons/light/WaitSpin/WaitSpin09.png using Guid(5d6f7ced89a6ee748b631ef5332df620) (TextureImporter) -> (artifact id: '42265fab498f6ad3af058abfac615ef6') in 0.000596477 seconds
Start importing Packages/com.unity.entities/Editor Default Resources/icons/light/Go To Systems/Go to Systems@2x.png using Guid(6d50eb5b466404d8ebb4f98142122748) (TextureImporter) -> (artifact id: 'e5d8461d61bc772396bb4aded9815060') in 0.000614399 seconds
Start importing Packages/com.unity.entities/Editor Default Resources/icons/light/Component/Component.png using Guid(7d90aceab0e0f5e47bc22def6b3da0e4) (TextureImporter) -> (artifact id: 'fc600f054a7c6ff20b96c366df206ce7') in 0.000603803 seconds
Start importing Packages/com.unity.entities/Editor Default Resources/icons/light/Prefab/ArrowNavigationRight@2x.png using Guid(7d1161f7b1789489ca04b466bb71bd36) (TextureImporter) -> (artifact id: '1d4ba740cb4dd7b5acc8cc4594163296') in 0.000877945 seconds
Start importing Packages/com.unity.entities/Editor Default Resources/icons/light/EndCommandBuffer/EndCommandBuffer-32.png using Guid(7d4dd6695e1796842b8cfafd5228f327) (TextureImporter) -> (artifact id: '3ede942df90bd9d39d594391e29b6ac4') in 0.000662667 seconds
Start importing Packages/com.unity.entities/Editor Default Resources/icons/light/Search/Add@2x.png using Guid(8de3bde79b577414a8d67d38214f4be8) (TextureImporter) -> (artifact id: 'cadbb75cb9fbb73c5b97d4ec9992b879') in 0.000661103 seconds
Start importing Packages/com.unity.entities/Editor Default Resources/icons/dark/WindowInstance/WindowInstance.png using Guid(8d2bcde976aeb924bb4ca0c5747f70fa) (TextureImporter) -> (artifact id: '6817b36a2620bacc5c41681fd3e50868') in 0.00060002 seconds
Start importing Packages/com.unity.entities/Editor Default Resources/icons/light/Go To/Go to@2x.png using Guid(9d54ef63594cafc418c1e732e60ab8f0) (TextureImporter) -> (artifact id: '494670fcca34c03ae452a6972cc83eb4') in 0.000888663 seconds
Start importing Packages/com.unity.entities/Unity.Entities.Editor/Styles/ReadWrite@2x.png using Guid(9dd49e167124549df8b8b5024530ea42) (TextureImporter) -> (artifact id: '1bd096c951735e4928fd12fb84b15bfc') in 0.000730382 seconds
Start importing Packages/com.unity.entities/Editor Default Resources/icons/dark/Components/Managed Component.png using Guid(cd61ad9da503d4748a8ed83ce8263f68) (TextureImporter) -> (artifact id: 'd04dea59c3b8c4d57003e93ad89d5d63') in 0.000576414 seconds
Start importing Packages/com.unity.entities/Editor Default Resources/icons/dark/SystemEnabled/SystemEnabled@2x.png using Guid(dd77fd24cca2de448baeabd0a6b388e3) (TextureImporter) -> (artifact id: '39bb9cf454462281b1fbf436a9c7fabc') in 0.000652173 seconds
Start importing Packages/com.unity.entities/Editor Default Resources/icons/light/Search/Close S@2x.png using Guid(dd8ec2055beb849bea04b794d9bd2f22) (TextureImporter) -> (artifact id: 'aab29dae1b62e6dd79736d892c87a773') in 0.000623919 seconds
Start importing Packages/com.unity.entities/Editor Default Resources/icons/dark/SystemMixed/SystemMixed@2x.png using Guid(fd202c07691386a499e55361feffa426) (TextureImporter) -> (artifact id: '077a13a85654f4e5658daa7cc86a4577') in 0.000623949 seconds
Start importing Packages/com.unity.entities/Editor Default Resources/icons/light/Spinner/Spinner00.png using Guid(0ed271356d81ebf4cb7bd7a800bb816d) (TextureImporter) -> (artifact id: '45b64f3e129d5587a3dbbf831a8727b4') in 0.000590851 seconds
Start importing Packages/com.unity.entities/Unity.Entities.Editor/ContentProvider/Selection/icons/dark/WaitSpin/WaitSpin02.png using Guid(0ebb90269bce3204c9be179b890ad2f0) (TextureImporter) -> (artifact id: '8dec12bdc571186ee8cac7f8e165793f') in 0.000625194 seconds
Start importing Packages/com.unity.entities/Editor Default Resources/icons/dark/Go To/Go to@2x.png using Guid(1e083a475e002a7469effa77b3d18520) (TextureImporter) -> (artifact id: '3d85d0134d6c3ad73c778f0957eaa8c8') in 0.000611282 seconds
Start importing Packages/com.unity.entities/Editor Default Resources/icons/dark/Go To Entities/Go to Entities@2x.png using Guid(2e185880c9e48480693364c8410dcc0f) (TextureImporter) -> (artifact id: '28248d922347b36331f758e560905de3') in 0.000644159 seconds
Start importing Packages/com.unity.entities/Editor Default Resources/icons/dark/ActiveBuildConfiguration/search_icon@2x.png using Guid(2edf880d913c4200acc3ca4ef9c730e0) (TextureImporter) -> (artifact id: 'e8b0281bd4617fb0364b0d0175d7b7b1') in 0.00055469 seconds
Start importing Packages/com.unity.entities/Editor Default Resources/Unity.Entities.UI/icons/dark/NextButton.png using Guid(5e82922d47fddd84fac9a578a407fc8f) (TextureImporter) -> (artifact id: '0dea94942fcbab69b62cc7837c227bb1') in 0.000584995 seconds
Start importing Packages/com.unity.entities/Editor Default Resources/icons/dark/Remove/Remove@2x.png using Guid(6e1ab5131d6d92541b3bf9c945b496ef) (TextureImporter) -> (artifact id: '895792df3d38978733bcc5be306c75ef') in 0.000621862 seconds
Start importing Packages/com.unity.entities/Editor Default Resources/icons/light/RuntimeComponent/RuntimeComponent.png using Guid(6e4e10de20eb62044b08a6dbfc9f46bd) (TextureImporter) -> (artifact id: 'a211b4243f7895a6e903af993064d165') in 0.000612318 seconds
Start importing Packages/com.unity.entities/Editor Default Resources/icons/dark/Query/Query@2x.png using Guid(7efeaf443c07929418b75042a70dff6b) (TextureImporter) -> (artifact id: 'a8c20c94653dead81910849e1bda42a0') in 0.000639231 seconds
Start importing Packages/com.unity.entities/Editor Default Resources/icons/dark/EndCommandBuffer/EndCommandBuffer@2x.png using Guid(7ebf1235b3cf43a4a8e606e96f35bbb4) (TextureImporter) -> (artifact id: '5d7c82dd7350629034f7462912448a3b') in 0.000658914 seconds
Start importing Packages/com.unity.entities/Editor Default Resources/Unity.Entities.UI/icons/light/NextButton@2x.png using Guid(8e6f048a26c894244a31da692d0f00aa) (TextureImporter) -> (artifact id: 'd473ed1493241c832714ce728b9785a0') in 0.000615003 seconds
Start importing Packages/com.unity.entities/Editor Default Resources/icons/dark/Components/Tag Component.png using Guid(ae03b2016459af94197c9788a9e3a17a) (TextureImporter) -> (artifact id: 'b47cbc5ca798ca81c99bd57d887c5891') in 0.000570361 seconds
Start importing Packages/com.unity.entities/Editor Default Resources/icons/selected/BeginCommandBuffer/BeginCommandBuffer@2x.png using Guid(ae4ced33ef2520a41ab97c5a0956b8af) (TextureImporter) -> (artifact id: '3afe1e5567d0b06804694b258f71b95d') in 0.000635517 seconds
Start importing Packages/com.unity.entities/Unity.Entities.Editor/Styles/Required.png using Guid(be6cd60ffab6b474287e370c70dc025e) (TextureImporter) -> (artifact id: 'dd40c9964b48f5d32bbc15d0a58f5dec') in 0.000899259 seconds
Start importing Packages/com.unity.entities/Editor Default Resources/icons/light/BeginCommandBuffer/BeginCommandBuffer.png using Guid(beaf45d83290e7f41aacf4ac4f241348) (TextureImporter) -> (artifact id: 'f7822d595eb5c3a57f56ad59e4944100') in 0.000595106 seconds
Start importing Packages/com.unity.entities/Editor Default Resources/icons/light/Components/Shared Component.png using Guid(ce1b0d4abdde30f49adf40b3d360ebfc) (TextureImporter) -> (artifact id: 'ae8bd6de2d6fbc98afd83495ffa451b3') in 0.000562097 seconds
Start importing Packages/com.unity.entities/Editor Default Resources/icons/light/Journaling/Journaling@2x.png using Guid(ce2e2234cb2888a42b1f2b9b26dfb14e) (TextureImporter) -> (artifact id: '7dfec35d94846b2de19e39a5789d64de') in 0.000784764 seconds
Start importing Packages/com.unity.entities/Editor Default Resources/icons/selected/Search/Search@2x.png using Guid(de08be4913a001f42b7c968cad540829) (TextureImporter) -> (artifact id: '4751a0ac57ad65de4ec71128cbfbc7c6') in 0.000636554 seconds
Start importing Packages/com.unity.entities/Editor Default Resources/icons/light/Spinner/Spinner07.png using Guid(eefe9b01bb920b543b9128d405d62943) (TextureImporter) -> (artifact id: 'c90286a82e8b59c6e57aac2bbaa1c328') in 0.000582369 seconds
Start importing Packages/com.unity.entities/Editor Default Resources/Unity.Entities.UI/icons/selected/NextButton@2x.png using Guid(fe05ae8db76a46a478d717bba699330e) (TextureImporter) -> (artifact id: '3623c0186aaaa9a41b5cef548040be23') in 0.00062043 seconds
Start importing Packages/com.unity.entities/Editor Default Resources/icons/dark/Group/Group-32@2x.png using Guid(fe867951d00605240a5cb5f92e97d09f) (TextureImporter) -> (artifact id: 'bb1af25b1eefb205eca1234c4118f53b') in 0.00081956 seconds
Start importing Packages/com.unity.entities/Editor Default Resources/icons/light/Spinner/Spinner04.png using Guid(fed82dc757b4e2142b1c5ceb3e71f7d5) (TextureImporter) -> (artifact id: '5be0b1135bcb964f78fe27ca4347156d') in 0.000566717 seconds
Start importing Packages/com.unity.entities/Unity.Entities.Editor/ContentProvider/Selection/icons/dark/WaitSpin/WaitSpin11.png using Guid(fe9c52aabcc903446a6c6d070beb04ee) (TextureImporter) -> (artifact id: '40f7b2093903716f2de073b6f36fe2f9') in 0.000562479 seconds
Start importing Packages/com.unity.entities/Editor Default Resources/icons/light/Go To Systems/Go to Systems.png using Guid(1fcd0880a377a4fa38c5a202c3b9d57d) (TextureImporter) -> (artifact id: 'e117bd18be2eeda12da84d4a3d353cbd') in 0.000560064 seconds
Start importing Packages/com.unity.entities/Editor Default Resources/icons/light/Entity/Entity@2x.png using Guid(5faae03a06c89f24784a2f85f70031d6) (TextureImporter) -> (artifact id: 'd5f704441d05bfad0650ff992a825b99') in 0.000711138 seconds
Start importing Packages/com.unity.entities/Editor Default Resources/icons/dark/RuntimeComponent/RuntimeComponent@2x.png using Guid(7fa2316dad230aa49a7fabef73e667a2) (TextureImporter) -> (artifact id: '9685d0336595db103e685f73a8bb88da') in 0.000774825 seconds
Start importing Packages/com.unity.entities/Editor Default Resources/icons/dark/Spinner/Spinner11.png using Guid(7f7987e2d1af45d4381a036500a60637) (TextureImporter) -> (artifact id: 'e68c2775c829d50fe8bf25173dae47a6') in 0.000579388 seconds
Start importing Packages/com.unity.entities/Editor Default Resources/icons/light/SystemEnabled/SystemEnabled@2x.png using Guid(7fe935a776c94494eb911c1479e669d8) (TextureImporter) -> (artifact id: 'adaa05477747ca1a2690d5c634a7ed8e') in 0.000603733 seconds
Start importing Packages/com.unity.entities/Unity.Entities.Editor/ContentProvider/Selection/icons/light/WaitSpin/WaitSpin10.png using Guid(8fde6867af529ea47ac25f7ddd5117da) (TextureImporter) -> (artifact id: 'db36bac0a5982d696779654520a56dc6') in 0.00060245 seconds
Start importing Packages/com.unity.entities/Editor Default Resources/icons/light/Components/Managed Component.png using Guid(9f5335be21bddea4db8085c8f6f437c5) (TextureImporter) -> (artifact id: 'c19155a002e5f9829775b6f36d94304c') in 0.000815815 seconds
Start importing Packages/com.unity.entities/Editor Default Resources/icons/dark/Components/Managed Component@2x.png using Guid(9fa9fe76f5bf71c46b34ce6940f2a344) (TextureImporter) -> (artifact id: '22cc1c3a898574e131bdbadb2cb50163') in 0.000636874 seconds
Start importing Packages/com.unity.entities/Unity.Entities.Editor/ContentProvider/Selection/icons/dark/WaitSpin/WaitSpin06.png using Guid(af394f715906d7b4b902dbeb9cc0f09d) (TextureImporter) -> (artifact id: '24dc1be038efb37f905f863131a4f8b2') in 0.000571246 seconds
Start importing Packages/com.unity.entities/Editor Default Resources/Unity.Entities.UI/icons/d_component@2x.png using Guid(afedaffbcfd075d4e9b9bb1fac53ed87) (TextureImporter) -> (artifact id: 'd7eb4d4965eb3110b87a1dd30b0b40f4') in 0.000660844 seconds
Start importing Packages/com.unity.entities/Unity.Entities.Editor/Styles/ReadOnly@2x.png using Guid(cf443572d2e634592851ed589ebe05ea) (TextureImporter) -> (artifact id: 'cb5a550a4bc93a3d9928585c70cd0641') in 0.000865926 seconds
Start importing Packages/com.unity.entities/Editor Default Resources/icons/dark/EndCommandBuffer/EndCommandBuffer.png using Guid(cfac14a449cc65d49ab3750b9b740e64) (TextureImporter) -> (artifact id: '6768bf682ece1f52c49d45cb77a1de8a') in 0.000577506 seconds
Start importing Packages/com.unity.entities/Editor Default Resources/icons/light/BeginCommandBuffer/BeginCommandBuffer-32.png using Guid(df5cae2bccce8a340aee879a872f510c) (TextureImporter) -> (artifact id: '83446b3d7634d0b5c5b661c9967885ca') in 0.000657021 seconds
Start importing Packages/com.unity.entities/Editor Default Resources/icons/light/RoundedCorners/RoundedCorners.png using Guid(df0fe8eefc74e0842bee1fbdaf812ecb) (TextureImporter) -> (artifact id: '657eff6f4f450a57de4885b1871b3f97') in 0.00060325 seconds
Start importing Packages/com.unity.entities/Editor Default Resources/icons/selected/Settings/Settings.png using Guid(ef0d599aae0d7734d91254af2e7dda0f) (TextureImporter) -> (artifact id: '7dae74cf27ff3c0e435c1033b4817977') in 0.00056235 seconds
Start importing Packages/com.unity.entities/Editor Default Resources/icons/dark/Segment/Segment@2x.png using Guid(ff8d2b126307a7a44971b892f881717a) (TextureImporter) -> (artifact id: 'e13c1f25e6c26fd455a9ef61db7acfb1') in 0.000682773 seconds
Start importing Packages/com.unity.test-framework.performance/Editor/TestReportGraph/TestReportShader.shader using Guid(c7715b638c6f5c849a6ec12234ae264c) (ShaderImporter)Launched and connected shader compiler UnityShaderCompiler after 0.10 seconds
 -> (artifact id: 'ba37e854aa0c55a75092dd6719388191') in 0.143100235 seconds
Start importing Packages/com.unity.entities/Unity.Scenes.Hybrid.Tests/TestSceneWithSubScene/TestModel.fbx using Guid(2756e572851f246979414816874a8ab3) (FBXImporter) -> (artifact id: '0159eaf66e57581af52dc8253f51e484') in 0.052366126 seconds
Start importing Packages/com.unity.entities/Unity.Scenes.Editor.Tests/Assets/Smoke.fbx using Guid(7d3bef85fe093454186f2a061b3a13df) (FBXImporter) -> (artifact id: '58e08f4df9840e89a4c58ad4c9456b59') in 0.011547668 seconds
Start importing Packages/com.unity.entities/Unity.Scenes.Editor.Tests/Assets/TestTexture.asset using Guid(d52bd2787bc5f5d408f93a562e50feed) (NativeFormatImporter) -> (artifact id: '2383146bd78c0d8ecec0837e93ec6176') in 0.00069671 seconds
Start importing Packages/com.unity.modules.jsonserialize/package.json using Guid(40bf3cec17fa0b49fe04443c8332d638) (PackageManifestImporter) -> (artifact id: '4bbe75e7d3a83ee7597a3bcba3a1e7c4') in 0.000578781 seconds
Start importing Packages/com.unity.burst/package.json using Guid(60714b3a36613ab2918a1439869a826f) (PackageManifestImporter) -> (artifact id: '876b9606d0072b06722ec3569a9c9002') in 0.000571914 seconds
Start importing Packages/com.unity.entities/Unity.Entities.Tests/Journaling/entities-journaling-export-no-debug-names.csv using Guid(70d07c0312c8f294f9d7b4b105d164ef) (TextScriptImporter) -> (artifact id: '74ae95f1b53ff26254472d1f465e7f89') in 0.000513308 seconds
Start importing Packages/com.unity.test-framework.performance/package.json using Guid(b030b7e8a4c531241b496403efc884ab) (PackageManifestImporter) -> (artifact id: '4c647e9128a7b677aca0de6f93e61bb6') in 0.000348244 seconds
Start importing Packages/com.unity.sysroot.linux-x86_64/CHANGELOG.md using Guid(d079a46bd2b13441ebad731de9b00dbe) (TextScriptImporter) -> (artifact id: '57ce7193d96ac7cb884973f5dc96cc1b') in 0.000349776 seconds
Start importing Packages/com.unity.collections/Unity.Collections.LowLevel.ILSupport/README.txt using Guid(11246cfa909f81542b920bd109592bf5) (TextScriptImporter) -> (artifact id: '1b58fb7926fe33e24c66b8ab16c29834') in 0.00034573 seconds
Start importing Packages/com.unity.profiling.core/LICENSE.md using Guid(112bbb75cb8d0f34587b23aeb83ad6d8) (TextScriptImporter) -> (artifact id: 'ec3b0a6f31d0887159d0863f30b0d109') in 0.000324875 seconds
Start importing Packages/com.unity.collections/Unity.Collections.Tests/System.Runtime.CompilerServices.Unsafe/System.Runtime.CompilerServices.Unsafe.xml using Guid(41f2013e3220e784d9de8f4ba5c67d9b) (TextScriptImporter) -> (artifact id: '00a425f930eeb7d9e93c3e80945df806') in 0.000368527 seconds
Start importing Packages/com.unity.sysroot/README.md using Guid(51f3a1b7b38fe39689977681fe22df32) (TextScriptImporter) -> (artifact id: '741f6247cd2243e151c583a3bf0e1439') in 0.000326046 seconds
Start importing Packages/com.unity.ext.nunit/package.json using Guid(8143d3a8390f2c64685e3bc272bd9e90) (PackageManifestImporter) -> (artifact id: '462b1cd9bddbf6ad259135b02db2c38a') in 0.000318739 seconds
Start importing Packages/com.unity.profiling.core/README.md using Guid(818f5671ae3a433488eaec387a0032e1) (TextScriptImporter) -> (artifact id: '0d554363a59fcf0cef7211d456e35f57') in 0.000335638 seconds
Start importing Packages/com.unity.profiling.core/CHANGELOG.md using Guid(d171e58a276f671498761bef2a559e96) (TextScriptImporter) -> (artifact id: 'bd7bff53b71aaa2e80a95498ee949220') in 0.00031636 seconds
Start importing Packages/com.unity.modules.assetbundle/package.json using Guid(e1ef8466c8fd01a549f10baa4d51fa17) (PackageManifestImporter) -> (artifact id: 'cd88d489b2c05aaf2e6b6d7c29c7056c') in 0.000322901 seconds
Start importing Packages/com.unity.serialization/package.json using Guid(22d8815cf55959b43a6072a67f4b9687) (PackageManifestImporter) -> (artifact id: '1636500ff3ee664b0ff91d2f675648ec') in 0.0003112 seconds
Start importing Packages/com.unity.modules.imgui/package.json using Guid(42fe78c8fe682715a2cb531422e6ccb3) (PackageManifestImporter) -> (artifact id: '258497c2a57bcde162ae716914ae3ed9') in 0.000312144 seconds
Start importing Packages/com.unity.sysroot.linux-x86_64/package.json using Guid(82b3e10190ae04847a3432984fd63265) (PackageManifestImporter) -> (artifact id: '4094a568cd5cd3cfeb4c917c630408bc') in 0.000309125 seconds
Start importing Packages/com.unity.test-framework.performance/ValidationExceptions.json using Guid(a23a55c69f9544b56a85639e7258ea1d) (TextScriptImporter) -> (artifact id: '1024791765b0e8e84823210b022d1eb8') in 0.000339346 seconds
Start importing Packages/com.gamecore.content.compiler/package.json using Guid(435fd07e892a561abbc22aa47fb7fde5) (PackageManifestImporter) -> (artifact id: 'cbe346203bb132f7a62de56ee181446d') in 0.000365672 seconds
Start importing Packages/com.unity.scriptablebuildpipeline/LICENSE.md using Guid(93c1484372a5f5448ab6371fdb212c20) (TextScriptImporter) -> (artifact id: 'd0aad387836b2896b5db4156b1d55847') in 0.000341847 seconds
Start importing Packages/com.unity.entities/ValidationExceptions.json using Guid(c3f46d24e7580284f8fad4399034dd34) (TextScriptImporter) -> (artifact id: 'db00e9c3802d730260862ccbb0951b1e') in 0.001156323 seconds
Start importing Packages/com.unity.mathematics/package.json using Guid(d34d0af25c21141a98c0cf3c0066444f) (PackageManifestImporter) -> (artifact id: '44bf611c9ecbcc7700c10339777b7077') in 0.000412683 seconds
Start importing Packages/com.unity.scriptablebuildpipeline/package.json using Guid(d38d5a5256466c349a81338d02621916) (PackageManifestImporter) -> (artifact id: 'd9e0304624936a96e375807ea22feb9c') in 0.00039167 seconds
Start importing Packages/com.unity.burst/ValidationExceptions.json using Guid(f383c015504b380698ba4a8681b1223e) (TextScriptImporter) -> (artifact id: '9d234e9aaed826c4623358ed285e294c') in 0.000389214 seconds
Start importing Packages/com.unity.sysroot/package.json using Guid(0445a7983a983d97f848d19d5eeebf7b) (PackageManifestImporter) -> (artifact id: '7f1dd2edd35db95076b342361c26c918') in 0.000347927 seconds
Start importing Packages/com.gamecore.rules.cards/package.json using Guid(441ec45f90dbcd7b1b326d138f98660e) (PackageManifestImporter) -> (artifact id: '7e6eac67db3043b5b4d97e6cb1ea277d') in 0.000321052 seconds
Start importing Packages/com.unity.burst/CHANGELOG.md using Guid(544e4fbf839e39e1b693958db86e8cc8) (TextScriptImporter) -> (artifact id: 'f8317c231bcace3a786c0d6b3d9f7a60') in 0.000480873 seconds
Start importing Packages/com.gamecore.contracts/package.json using Guid(64ea80c32c562dc6190b57400edf28d7) (PackageManifestImporter) -> (artifact id: '8674a27305bbef364279ba80961e3fe5') in 0.000338077 seconds
Start importing Packages/com.gamecore.content.compiler/README.md using Guid(d4183f6d9688e0a57a2b09101217534a) (TextScriptImporter) -> (artifact id: '29a54f5e40686d6c1dbd780dffdedba1') in 0.000351781 seconds
Start importing Packages/com.unity.toolchain.linux-x86_64/README.md using Guid(e476833ad0eb3d6afa792f32246c42d2) (TextScriptImporter) -> (artifact id: '21f55eb396a552c7f8bac32a390811cf') in 0.00033669 seconds
Start importing Packages/com.unity.ext.nunit/CHANGELOG.md using Guid(f49bbe06ffa5ae24abe32abdab430c24) (TextScriptImporter) -> (artifact id: 'fceecea86d3291d57dee7acd6734d35a') in 0.00034625 seconds
Start importing Packages/com.gamecore.gameplay.cards/package.json using Guid(252670bdcf151b8d89927414a338cdc3) (PackageManifestImporter) -> (artifact id: '3d01a123cbfb798eef827c3da6d97864') in 0.000423788 seconds
Start importing Packages/com.unity.toolchain.linux-x86_64/LICENSE.md using Guid(25c7823ec1068a4d49626b816b321aab) (TextScriptImporter) -> (artifact id: '1bf07f43fff9386dc7e95e7eccf8ba7e') in 0.000356115 seconds
Start importing Packages/com.unity.entities/LICENSE.md using Guid(559b8f3d8bc388f4584b463e878e6576) (TextScriptImporter) -> (artifact id: '86be43f2ce76dd278fe04990f47fae7f') in 0.000369068 seconds
Start importing Packages/com.unity.test-framework/QAReport.md using Guid(9502b683c0a226140ac8c8b914715526) (TextScriptImporter) -> (artifact id: '7b682f0c3ed89c05383ba94aafd7ec0e') in 0.000359786 seconds
Start importing Packages/com.unity.modules.imageconversion/package.json using Guid(953fab16d15d5885b3600fcd6388b2ad) (PackageManifestImporter) -> (artifact id: 'd651f3116efc8d77593dc240100f8748') in 0.000329859 seconds
Start importing Packages/com.unity.collections/CHANGELOG.md using Guid(a5d815866ec304e56b03ec5cfc5f8b0a) (TextScriptImporter) -> (artifact id: 'd681d9e6ba24be674779bf36b23059d4') in 0.000376196 seconds
Start importing Packages/com.unity.sysroot.linux-x86_64/README.md using Guid(169a1eb50937145adaa82ac869cadee2) (TextScriptImporter) -> (artifact id: 'b332939361d9146fe489ad078f14c787') in 0.000413891 seconds
Start importing Packages/com.unity.modules.unityanalytics/package.json using Guid(26a4f29db434fd79025c91f6126382cc) (PackageManifestImporter) -> (artifact id: 'f71dabdd22578fc74bf18cccd1ee4467') in 0.000343057 seconds
Start importing Packages/com.unity.entities/Unity.Entities.Editor/ScriptTemplates/ISystemTemplate.txt using Guid(56b01d1475af04a7d833469519d8aa63) (TextScriptImporter) -> (artifact id: '994629b7564d21064927faa2e6708ccc') in 0.000356465 seconds
Start importing Packages/com.unity.mathematics/CHANGELOG.md using Guid(56de866d5032f461baa43decd9ce3bd8) (TextScriptImporter) -> (artifact id: 'c915c18a00b5a08c993883945607100d') in 0.000946207 seconds
Start importing Packages/com.unity.collections/LICENSE.md using Guid(568f02fe7676e4d659782d6038df91de) (TextScriptImporter) -> (artifact id: 'd65e4ff8f611b581202afa9dfb67221e') in 0.00039615 seconds
Start importing Packages/com.gamecore.unity.runtime/package.json using Guid(76ba6a54de42e48bcaf2fd6002a0fa69) (PackageManifestImporter) -> (artifact id: '8a1d1d8f26f9a0224c697b417b4d3959') in 0.000357093 seconds
Start importing Packages/com.unity.serialization/CHANGELOG.md using Guid(860bb8b6eaea869419bb1c623cceb272) (TextScriptImporter) -> (artifact id: 'f8142c191b79c3563c4515e4597c01ed') in 0.000444713 seconds
Start importing Packages/com.unity.collections/Unity.Collections.PerformanceTests/README.md using Guid(86abcf43c46cd3743bb775a4682f2d1d) (TextScriptImporter) -> (artifact id: '313554527ad309fd74494e9fa26f1882') in 0.00038445 seconds
Start importing Packages/com.unity.test-framework/CHANGELOG.md using Guid(d691174143fd3774ba63d7c493633b99) (TextScriptImporter) -> (artifact id: '424e7d45ee605b9aa3b478f0af160277') in 0.00038665 seconds
Start importing Packages/com.unity.test-framework/package.json using Guid(d6a2e6e4803de7b43baacdc355fc144d) (PackageManifestImporter) -> (artifact id: '94484ae9233617517a8d4a8ae2fe935d') in 0.000358445 seconds
Start importing Packages/com.unity.scriptablebuildpipeline/README.md using Guid(d683a20b1b4bb4b409b2d642100e0f6c) (TextScriptImporter) -> (artifact id: '912dd7605431f656130dca680c68e302') in 0.000606031 seconds
Start importing Packages/com.gamecore.rules.cards/README.md using Guid(17212b27bddd4d02b9fb990a9bbc4647) (TextScriptImporter) -> (artifact id: '9073cdba62f1de1937293f27360ff08c') in 0.000347015 seconds
Start importing Packages/com.unity.nuget.mono-cecil/package.json using Guid(17a4fd582bf2d47479cf5c1508ca82c6) (PackageManifestImporter) -> (artifact id: '7d8277172f9172650445d26e2efb1263') in 0.000327973 seconds
Start importing Packages/com.gamecore.composition/package.json using Guid(273ba5fc68bc7081ba39d8c7e4e10986) (PackageManifestImporter) -> (artifact id: '4dc5007fe2b275ab2d45a697a526248e') in 0.000343629 seconds
Start importing Packages/com.unity.sysroot/Third Party Notices.md using Guid(77480111a80ad46e7b0d10da3fd3a092) (TextScriptImporter) -> (artifact id: '33805c2bba0dba0746d6a85a888020d7') in 0.000385275 seconds
Start importing Packages/com.unity.entities/CHANGELOG.md using Guid(77ec343c3667943c189e1bceeff600ce) (TextScriptImporter) -> (artifact id: 'e62b6a4b2d9bfaa06b2cc0a561ca38a5') in 0.000626571 seconds
Start importing Packages/com.unity.mathematics/LICENSE.md using Guid(a7f87992cd1d44040ae42b05e5fbdaa5) (TextScriptImporter) -> (artifact id: 'dcb480f55b9e03877084c202f58984ab') in 0.000355584 seconds
Start importing Packages/com.unity.toolchain.linux-x86_64/package.json using Guid(b75d9a0470b1635b1a19f29fe9d743da) (PackageManifestImporter) -> (artifact id: '981fbf2bfd73b90175aa90fe3fedb2a6') in 0.000363202 seconds
Start importing Packages/com.unity.sysroot/LICENSE.md using Guid(e76167c495d53ba6abcbb8df07973457) (TextScriptImporter) -> (artifact id: 'ebca5aabf661e3ccc2603fde66d31286') in 0.000490701 seconds
Start importing Packages/com.unity.burst/Third Party Notices.md using Guid(28c762070e0d3359b18a59f9402d5013) (TextScriptImporter) -> (artifact id: '0594e0b44a72c47bdccb3985fe019f76') in 0.000365642 seconds
Start importing Packages/com.unity.test-framework.performance/Third Party Notices.md using Guid(682cbcd3b2e7545e2bbc6306016e7bb7) (TextScriptImporter) -> (artifact id: '56427e1b4ac5622fb901fa78006ce993') in 0.000340325 seconds
Start importing Packages/com.gamecore.contracts/README.md using Guid(88611840faf928bf6bd4ed250b7d9d83) (TextScriptImporter) -> (artifact id: '426de55be7a310765e224603ebb54ec8') in 0.000344272 seconds
Start importing Packages/com.unity.serialization/README.md using Guid(882fdfa30f964e509796c48750e595a4) (TextScriptImporter) -> (artifact id: 'a950dc7a140dc248a9a3394a035e0af9') in 0.000409666 seconds
Start importing Packages/com.unity.collections/Unity.Collections.Tests/System.IO.Hashing/System.IO.Hashing.xml using Guid(b8e3d14e41c60bf44bafafc1c6cbbb2d) (TextScriptImporter) -> (artifact id: '11582e6707301f0c098ef99a26dcaf1c') in 0.000352971 seconds
Start importing Packages/com.gamecore.gameplay.narrative/package.json using Guid(09c83b763aa2da8ed9d0c0f79d21b74a) (PackageManifestImporter) -> (artifact id: '80c407cbfc2c1df6d1fa38cd125ea779') in 0.000323748 seconds
Start importing Packages/com.unity.nuget.mono-cecil/Third Party Notices.md using Guid(192a998b912484856a34120268cfbfc9) (TextScriptImporter) -> (artifact id: 'e07d49955e23fcc39e799189a37025ad') in 0.0003241 seconds
Start importing Packages/com.unity.toolchain.linux-x86_64/ValidationConfig.json using Guid(19ec794be6c353ba2a3ca871b1793808) (TextScriptImporter) -> (artifact id: '0de4dea32159aaaeccb132b172fc06b9') in 0.000331355 seconds
Start importing Packages/com.unity.entities/README.md using Guid(492710457ef2d4866853b8cc49e0bc68) (TextScriptImporter) -> (artifact id: '3d0e356cd5aee421bb38ad5c867cdeab') in 0.000322584 seconds
Start importing Packages/com.unity.entities/Unity.Entities.Editor/ScriptTemplates/BakerTemplate.txt using Guid(5946feff03bb145759961484ac25fa90) (TextScriptImporter) -> (artifact id: '4d4f7d8ce5a294bffc0b390fe6e962be') in 0.000340743 seconds
Start importing Packages/com.unity.sysroot/CHANGELOG.md using Guid(6903637d170abe311a972b9d76142805) (TextScriptImporter) -> (artifact id: '55e969f3ab6baf63ae71ad6e78823962') in 0.000350501 seconds
Start importing Packages/com.unity.modules.audio/package.json using Guid(e9df95f53f1c1d0c9199e235d6c42b50) (PackageManifestImporter) -> (artifact id: 'c1383535ca51134cf99f71392e8eeead') in 0.000323697 seconds
Start importing Packages/com.unity.ext.nunit/LICENSE.md using Guid(f91a00d2dca52b843b2d50ccf750737d) (TextScriptImporter) -> (artifact id: '55298590a2352299e08e2ff1f27aa1b0') in 0.000309669 seconds
Start importing Packages/com.unity.modules.physics/package.json using Guid(1a4266815e998967becf686f9c71f0a6) (PackageManifestImporter) -> (artifact id: '1cb3c922b1dde68060b01eaebbe11061') in 0.000335426 seconds
Start importing Packages/com.unity.burst/LICENSE.md using Guid(3adebabc9c53348aab08029333dba930) (TextScriptImporter) -> (artifact id: 'd264b669ea15005bcef2308f8066e86e') in 0.000334498 seconds
Start importing Packages/com.unity.serialization/LICENSE.md using Guid(7a7581273d1259a4d9faf1baa372f661) (TextScriptImporter) -> (artifact id: '31fc43380d1653e8dd42203c098073b7') in 0.000363227 seconds
Start importing Packages/com.gamecore.gameplay.integration/package.json using Guid(aad4cbe5c5b44bdd84f7ebe974a82d72) (PackageManifestImporter) -> (artifact id: 'd60edf8a3309b515eb17247049bf5358') in 0.000317609 seconds
Start importing Packages/com.gamecore.rules.traversal/package.json using Guid(ca9cf4b0dbaf42a69afd9a929da61a66) (PackageManifestImporter) -> (artifact id: 'a3d2e48f0187a3b162ced3c16742809c') in 0.000324333 seconds
Start importing Packages/com.gamecore.rules.narrative/package.json using Guid(dadc33ae41579ffb9bffdcc757902cae) (PackageManifestImporter) -> (artifact id: '5a11620013b27f6afe9db9a16564936e') in 0.001131877 seconds
Start importing Packages/com.gamecore.gameplay.traversal/package.json using Guid(fa44a8894efa46638ae3e9dcbecc643b) (PackageManifestImporter) -> (artifact id: '60c7fc3a34c0cdd31131a88dc6a12944') in 0.000323049 seconds
Start importing Packages/com.gamecore.derivation/package.json using Guid(1b09bb01177e9ccd256e35947bd900b5) (PackageManifestImporter) -> (artifact id: '8e090390b229604d3aaa5cee9d79988f') in 0.000307042 seconds
Start importing Packages/com.unity.entities/pvpExceptions.json using Guid(4b010cf8ebfedd6408b2ef7cd035cda2) (TextScriptImporter) -> (artifact id: '435b78eb5389cc648110705bfd724dc4') in 0.000449288 seconds
Start importing Packages/com.unity.modules.hierarchycore/package.json using Guid(9b1a5759726ef9d39a0ab82047b615f1) (PackageManifestImporter) -> (artifact id: 'f8312a43334a232c6dcc461c88a0f84c') in 0.00032672 seconds
Start importing Packages/com.unity.entities/Unity.Entities.Tests/Journaling/entities-journaling-export.csv using Guid(bb0679feca2822346a3b5868cec153aa) (TextScriptImporter) -> (artifact id: '1def0f67ea811dcfdcf004a2d4432107') in 0.000338413 seconds
Start importing Packages/com.unity.scriptablebuildpipeline/CHANGELOG.md using Guid(eb7f165f4002c4f4bb7cf6eb7f1166d9) (TextScriptImporter) -> (artifact id: '10f66f025fdf1145a78c170c5ce0bd91') in 0.000338266 seconds
Start importing Packages/com.unity.toolchain.linux-x86_64/Third Party Notices.md using Guid(fb6d64d4cca2e56778082a1c7685fbac) (TextScriptImporter) -> (artifact id: '4143ea85c7b1e05d8d47eea64edaa883') in 0.000346683 seconds
Start importing Assets/link.xml using Guid(1c214616e2a19627581df64aaebc3e05) (TextScriptImporter) -> (artifact id: '6dedf0fa6e196bffca9c2bf7f9d2a00f') in 0.000640597 seconds
Start importing Packages/com.unity.profiling.core/package.json using Guid(2c9e05a58e554a940ae0417d8ce7384a) (PackageManifestImporter) -> (artifact id: 'c364a7809a88a435ffc35302623cc437') in 0.000322545 seconds
Start importing Packages/com.unity.test-framework.performance/CHANGELOG.md using Guid(5cb0d418e2eda6f4a8ebfe6910c17dd4) (TextScriptImporter) -> (artifact id: '9f6f2b50bb776bb6301066bee692a579') in 0.000361106 seconds
Start importing Packages/com.gamecore.planning/package.json using Guid(8cebd8e6f2180f27bac9666a2ca6c6d8) (PackageManifestImporter) -> (artifact id: 'd3d2c5959266b7242b56289cbfc66ecf') in 0.00263788 seconds
Start importing Packages/com.unity.test-framework.performance/LICENSE.md using Guid(9c8887056eaaa7e4888ca0131e2892da) (TextScriptImporter) -> (artifact id: '94c44230087ad053bedd3bffe6bba333') in 0.000371472 seconds
Start importing Packages/com.unity.toolchain.linux-x86_64/CHANGELOG.md using Guid(ac31dd48a6c63fbdb8593e0542545f0d) (TextScriptImporter) -> (artifact id: '83e2fa1f565a5e1ab5a1df883c0aca94') in 0.000344926 seconds
Start importing Packages/com.unity.ext.nunit/README.md using Guid(5da62a0c1c5218c4aa16b74546a7822d) (TextScriptImporter) -> (artifact id: 'ebd2415c4602e9e8df3bcf5433f75a5e') in 0.000414778 seconds
Start importing Packages/com.unity.collections/package.json using Guid(bd605698a338c4de88bb5b3c4632af68) (PackageManifestImporter) -> (artifact id: '29210e161b08ed726f9a0174b78cebba') in 0.000423323 seconds
Start importing Packages/com.unity.nuget.mono-cecil/CHANGELOG.md using Guid(1eb7e6f92b1d7d64ba0a48ea751728f3) (TextScriptImporter) -> (artifact id: '4c1390cdc63d6dac699fcaaee8295b96') in 0.00049542 seconds
Start importing Packages/com.unity.test-framework/CONTRIBUTING.md using Guid(1e4cd6e3f4761c24fa9fdd4c97b3970b) (TextScriptImporter) -> (artifact id: '5749ac22bf637f7176613393f42b1e4c') in 0.000456742 seconds
Start importing Packages/com.unity.collections/Unity.Collections.PerformanceTests/Unity.PerformanceTesting.Benchmark/README.md using Guid(2e3a7e16dc0bd2346a2514dd143105a9) (TextScriptImporter) -> (artifact id: '2d8ec273cd61e627d91d5aab903147f7') in 0.000408036 seconds
Start importing Packages/com.unity.test-framework/LICENSE.md using Guid(3ec7596410385054a9e0bc90377fbe63) (TextScriptImporter) -> (artifact id: '0186e104071661cdf600f060f6e90c25') in 0.000466553 seconds
Start importing Packages/com.unity.entities/package.json using Guid(3eaa0563fc0ba44faae08db3e076afd4) (PackageManifestImporter) -> (artifact id: '6bc95bd76c76c01267e7d35b0657932f') in 0.000340923 seconds
Start importing Packages/com.unity.entities/Unity.Entities.Editor/ScriptTemplates/IJobEntityTemplate.txt using Guid(5e14c4b71fb0947499421084fdc58180) (TextScriptImporter) -> (artifact id: '119dec844cc7f6c592eb6852ff3aece5') in 0.000457497 seconds
Start importing Packages/com.unity.mathematics/ValidationExceptions.json using Guid(5ed727127196a4ecc90e24e2cd7af338) (TextScriptImporter) -> (artifact id: '4cc76c19a2de3daa0998756408ae203b') in 0.000405408 seconds
Start importing Packages/com.unity.sysroot.linux-x86_64/LICENSE.md using Guid(6e81a17100c6f4c2a9256fd0e4e3915c) (TextScriptImporter) -> (artifact id: '547779d1c2685e2aee2ebc98bbabff85') in 0.009270517 seconds
Start importing Packages/com.unity.entities/Unity.Entities.Editor/ScriptTemplates/IComponentDataTemplate.txt using Guid(9e576bb04a045447d97e9540fe32b38d) (TextScriptImporter) -> (artifact id: 'a7804cd44e4aa5f64ad2db4c16fc7d1b') in 0.000665971 seconds
Start importing Packages/com.unity.nuget.mono-cecil/README.md using Guid(beaa90bac8bb70d439d582bca35465cb) (TextScriptImporter) -> (artifact id: 'ff3829100b7fb7af99a5e40096540b02') in 0.000458752 seconds
Start importing Packages/com.unity.collections/pvpExceptions.json using Guid(fee59c2b2318a7e4fa7a2c2af28d9553) (TextScriptImporter) -> (artifact id: 'e7d6d9de6fef388fbd1e6dba877bd237') in 0.000473604 seconds
Start importing Packages/com.unity.burst/Unity.Burst.Unsafe.xml using Guid(1f35a383fc36434aaf9e13a75fba3b24) (TextScriptImporter) -> (artifact id: 'ff3d38efe50ba85b8e613e8b40a302c6') in 0.00035778 seconds
Start importing Packages/com.unity.modules.unitywebrequest/package.json using Guid(3fdd83b151eb8d25c5e2f82fc39dcb04) (PackageManifestImporter) -> (artifact id: 'a6e7722c122643716a8f177ff1b191bb') in 0.000629417 seconds
Start importing Packages/com.unity.modules.uielements/package.json using Guid(4f0f9b9f3ed97ad2b9ba8f1a8e4666c2) (PackageManifestImporter) -> (artifact id: 'ca9d50303d5bd8f93654306a000cf8a3') in 0.000623128 seconds
Start importing Packages/com.unity.collections/ValidationExceptions.json using Guid(6fe576033d6a2424c888d599967457a2) (TextScriptImporter) -> (artifact id: '62bf574c377ea0f4f30efe3348c7943f') in 0.000470692 seconds
Start importing Packages/com.unity.nuget.mono-cecil/LICENSE.md using Guid(9fc87c3ee46f3b34e97e18e4fcac8151) (TextScriptImporter) -> (artifact id: '13db5c1c52a2323cebee3d982604db8f') in 0.000403882 seconds
Start importing Packages/com.unity.collections/README.md using Guid(af5aad29a2c56fd449428c9041fc68bb) (TextScriptImporter) -> (artifact id: 'abc237ae162c991a85f60885f7f75ab1') in 0.000787324 seconds
Start importing Packages/com.unity.modules.ui/package.json using Guid(bfd567a3d1631a761bca9e99fa53d86d) (PackageManifestImporter) -> (artifact id: '279189e7cd82f2da7fbbe656319204cf') in 0.000350693 seconds
Start importing Packages/com.unity.ext.nunit/Third Party Notices.md using Guid(bfcb3ba499f7d452b92d9a9cc3378788) (TextScriptImporter) -> (artifact id: 'a0ad95160bf24b81a3492900b4dce76e') in 0.000317364 seconds
Start importing Packages/com.gamecore.unity.adapters/package.json using Guid(cf7352d79f9c5d0278abe3e89a854e7c) (PackageManifestImporter) -> (artifact id: '8e97594679d1693728965eee14f30528') in 0.000490125 seconds
Start importing Packages/com.unity.entities/Unity.Entities.Tests/Serialization/WorldTest.yaml using Guid(cf3faa29dedf0f549a3363b87b456d44) (TextScriptImporter) -> (artifact id: 'c0151be271b5fd1a02e050146768464c') in 0.002037973 seconds
Start importing Packages/com.unity.entities/Unity.Entities.Hybrid.Tests/Prefabs/Prefab_AbstractMB.prefab using Guid(0091c08a6daec4522a9279c0f5987a58) (PrefabImporter) -> (artifact id: '232fad30907e5d173c8a95e5e9090c2a') in 0.05013642 seconds
Start importing Packages/com.unity.entities/Unity.Entities.Hybrid.Tests/Prefabs/Prefab.prefab using Guid(40ac66a62ee141c4eb80b1fc54d6761f) (PrefabImporter) -> (artifact id: '8513160136a90c5155eda316ff1aaa32') in 0.001146561 seconds
Start importing Packages/com.unity.entities/Unity.Entities.Hybrid.Tests/Prefabs/Prefab_Hierarchy_With_StaticOptimizeEntity.prefab using Guid(a177e7183feb3f34d9df03e1b53321f6) (PrefabImporter) -> (artifact id: '7ec3e1250deeeda65141fbf70f1d012b') in 0.001358461 seconds
Start importing Packages/com.unity.entities/Unity.Scenes.Hybrid.Tests/Playmode/Monobehaviours/ObjectRefPrefab.prefab using Guid(220ad30328e67f248993e135462c3bc1) (PrefabImporter) -> (artifact id: 'e87e88e5aefdff679cec3bff02b615b5') in 0.001039647 seconds
Start importing Packages/com.unity.entities/Unity.Scenes.Editor.PerformanceTests/Assets/Tagged.prefab using Guid(445e1dd0a72e1024aaa77d594a3419f7) (PrefabImporter) -> (artifact id: '844b5733ea3ac3fa59c5cfbc1b275e20') in 0.000924083 seconds
Start importing Packages/com.unity.entities/Unity.Entities.Hybrid.Tests/Prefabs/Prefab_MissingMB.prefab using Guid(354b85a68f992134d9db037099e41c25) (PrefabImporter) -> (artifact id: '80236e83aca55f207bf5653a3fc977f7') in 0.000913946 seconds
Start importing Packages/com.unity.entities/Unity.Entities.Hybrid.Tests/Prefabs/Prefab_Reference_Prefab.prefab using Guid(09b1f1eddafb12849bff8b0da87c78f0) (PrefabImporter) -> (artifact id: 'dc35bfc966d11553230ee8175e12973a') in 0.001020416 seconds
Start importing Packages/com.unity.entities/Unity.Scenes.Editor.PerformanceTests/Assets/Empty.prefab using Guid(49cb77be2b9bdfa42ac1a0cfd55dd7f3) (PrefabImporter) -> (artifact id: '3d8eec7a11d5441601a101073e89f37d') in 0.00080469 seconds
Start importing Packages/com.unity.entities/Unity.Entities.Hybrid.Tests/Prefabs/Prefab_Hierarchy.prefab using Guid(89ee37a9ee5f7c94cbb0f67649c33f56) (PrefabImporter) -> (artifact id: '283f07aeb69e123fe752700c99a7b3ee') in 0.001179747 seconds
Start importing Packages/com.unity.entities/Unity.Entities.Hybrid.Tests/Prefabs/Prefab_Reference_Self.prefab using Guid(a9de45f391d304d438c772da9c605c79) (PrefabImporter) -> (artifact id: '35ae077c06b8e232fa240b3fb11085f0') in 0.001167694 seconds
Start importing Packages/com.unity.entities/Unity.Scenes.Editor.PerformanceTests/Assets/Sphere.prefab using Guid(8b8b2306a76110642a3d9d1b79fc7cdc) (PrefabImporter) -> (artifact id: '596969d6a35c78a43d93e147b91f3f53') in 0.004639581 seconds
Start importing Packages/com.unity.entities/Unity.Scenes.Hybrid.Tests/TestSceneWithSubScene/TestPrefab.prefab using Guid(bd8aa253eb3d6174c813ccfbff525b48) (PrefabImporter) -> (artifact id: 'af85e633f61ef87eb196043813abc873') in 0.001458776 seconds
Start importing Packages/com.unity.entities/Editor Default Resources/uss/Journaling/entities-journaling-content_dark.uss using Guid(20c67d273ea5bff41869f1dd152fb857) (ScriptedImporter) -> (artifact id: 'cc64b3a7804d30ce796f15c19eaf36fa') in 0.025342045 seconds
Start importing Packages/com.unity.entities/Editor Default Resources/uss/Hierarchy/hierarchy-item.uss using Guid(20be7680c0110664b96fab07455fcbb0) (ScriptedImporter) -> (artifact id: 'a78e69bf12efad91e380f3dfded49b2b') in 0.031418064 seconds
Start importing Packages/com.unity.entities/Editor Default Resources/uss/Common/foldout-with-action-button.uss using Guid(30127f53bc2e911439ca84aeea96ab2e) (ScriptedImporter) -> (artifact id: '2e2daaf14326979f2abe57bf0f1607ee') in 0.06109192 seconds
Start importing Packages/com.unity.entities/Editor Default Resources/uss/ActiveBuildConfiguration/active-build-config-window-item.uss using Guid(7073274637714d7418377a737e9c1f6c) (ScriptedImporter) -> (artifact id: '9772d6816a8f12f5d4410b12453d2a58') in 0.003132018 seconds
Start importing Packages/com.unity.entities/Editor Default Resources/uss/Controls/TabView/tab-view_light.uss using Guid(902e817ad9615f741bc63c39dcae4e30) (ScriptedImporter) -> (artifact id: '884e6e2a616dc449f7ed03fc646f38e0') in 0.001478614 seconds
Start importing Packages/com.unity.entities/Editor Default Resources/uss/Journaling/search-and-goto-buttons_dark.uss using Guid(d0ba21270cbf0fc448d420b809058427) (ScriptedImporter) -> (artifact id: '86892c23e0eac30b282d496588b1353b') in 0.023897911 seconds
Start importing Packages/com.unity.entities/Editor Default Resources/Unity.Entities.UI/uss/common_light.uss using Guid(d09c2148428d24d49bf4d3e89848bf4a) (ScriptedImporter) -> (artifact id: '73df330ec0f65ec39b0bd4e99ca5297b') in 0.003041262 seconds
Start importing Packages/com.unity.entities/Editor Default Resources/uss/Journaling/entities-journaling-details-entity_light.uss using Guid(01e4f0658f88ef341af7d931204f0620) (ScriptedImporter) -> (artifact id: 'fc5be654fb2eb13323dcbe0670d462fd') in 0.003125094 seconds
Start importing Packages/com.unity.entities/Editor Default Resources/uss/PieChart.uss using Guid(012b709a2b0c046f7925f173a44dd165) (ScriptedImporter) -> (artifact id: 'a6723f41a2cae8740156800097235a34') in 0.001948276 seconds
Start importing Packages/com.unity.entities/Editor Default Resources/uss/ProfilerModules/memory-profiler-component_light.uss using Guid(41658340632143e40805230e0a6ec051) (ScriptedImporter) -> (artifact id: '4ac2756b9b1a26b8c994b6b5e993dfe5') in 0.003641468 seconds
Start importing Packages/com.unity.entities/Editor Default Resources/uss/Common/autocomplete.uss using Guid(411941b66bb9dc147addcf44883bb030) (ScriptedImporter) -> (artifact id: '39f5f50c9f9ff2b36a6bb33f84e658cd') in 0.001497593 seconds
Start importing Packages/com.unity.entities/Editor Default Resources/Unity.Entities.UI/uss/common_dark.uss using Guid(51c35d0ee8576d14b937dc9df8b05e80) (ScriptedImporter) -> (artifact id: 'f7c47fcf97c0789c6e772450a6ffdf6a') in 0.002297054 seconds
Start importing Packages/com.unity.entities/Editor Default Resources/uss/Preferences/preferences-setting.uss using Guid(611a835f3155e1a40a99b6bdd832e8eb) (ScriptedImporter) -> (artifact id: '6357c2fe233762d3bc982c2f43c8272c') in 0.003613762 seconds
Start importing Packages/com.unity.entities/Editor Default Resources/Unity.Entities.UI/uss/two-pane-split-view.uss using Guid(916c8779552ad754f9f21c4235a2101e) (ScriptedImporter) -> (artifact id: 'd14f2f7e54cc4b654c80f42da7cde306') in 0.009503831 seconds
Start importing Packages/com.unity.entities/Editor Default Resources/Unity.Entities.UI/uss/add-collection-item.uss using Guid(d1e87fe7e57a81345a3fcea2a7a4c14a) (ScriptedImporter) -> (artifact id: 'c623bbc92b6883751ba4c5efabeedd47') in 0.006363995 seconds
Start importing Packages/com.unity.entities/Editor Default Resources/uss/Hierarchy/hierarchy-loading.uss using Guid(e1bcd2a219086744b95d26c4ca6bef9f) (ScriptedImporter) -> (artifact id: 'fd1b75d8ce61caf7dc734eb9a2061432') in 0.007569833 seconds
Start importing Packages/com.unity.entities/Editor Default Resources/uss/Components/component-type-view.uss using Guid(f156b619677a5f646b959925c6af110c) (ScriptedImporter) -> (artifact id: '657fed054e3c0206f6bd816f54e85c53') in 0.004537489 seconds
Start importing Packages/com.unity.entities/Editor Default Resources/uss/Common/system-dependency-view.uss using Guid(02e13a11616b4354b8ce672db0f9ff9f) (ScriptedImporter) -> (artifact id: 'edddd565aad53b78ed7f5ed46027a410') in 0.004299662 seconds
Start importing Packages/com.unity.entities/Editor Default Resources/uss/Preferences/preferences-value.uss using Guid(02d5da325d1bfb14d85e46964ce017d9) (ScriptedImporter) -> (artifact id: 'f1ea4d5e2888bb45be25a981165f1fd7') in 0.003695052 seconds
Start importing Packages/com.unity.entities/Editor Default Resources/uss/Inspector/entity-inspector-components-tab.uss using Guid(3218308db1c3ce246b4eb93b23d7350d) (ScriptedImporter) -> (artifact id: '4b61f1e3902fe9fe9fdee7179e54c038') in 0.00251437 seconds
Start importing Packages/com.unity.entities/Editor Default Resources/uss/Spinner/spinner_light.uss using Guid(62e01bb374e968e458606b5d90aea6e8) (ScriptedImporter) -> (artifact id: '128afbfe26b6c0847ad9ebefc48de33a') in 0.003025102 seconds
Start importing Packages/com.unity.entities/Editor Default Resources/uss/ActiveBuildConfiguration/active-build-config-dropdown_dark.uss using Guid(8264ea2c542e0e241adaba95fbfbe1dd) (ScriptedImporter) -> (artifact id: 'c10d65ad13e02575554886b2907de23e') in 0.002331579 seconds
Start importing Packages/com.unity.entities/Editor Default Resources/uss/SystemSchedule/system-schedule-item.uss using Guid(82270f3f01f539a488203989f817aa71) (ScriptedImporter) -> (artifact id: '1e3e26a4e779609e71b5f9bb3fcbfd84') in 0.028768755 seconds
Start importing Packages/com.unity.entities/Editor Default Resources/uss/Content/entity-info.uss using Guid(92ad3a5ab945a3849b0da6ee42960e41) (ScriptedImporter) -> (artifact id: '49663823bcae508dac71ee8ac76ebc3e') in 0.004868795 seconds
Start importing Packages/com.unity.entities/Editor Default Resources/uss/Journaling/entities-journaling-details-component_light.uss using Guid(c24788d5231931a41a70414b8fd9d512) (ScriptedImporter) -> (artifact id: 'e27b48ecdd851f5e6d9b6c1cb8d75621') in 0.003151198 seconds
Start importing Packages/com.unity.entities/Editor Default Resources/uss/Journaling/search-and-goto-buttons.uss using Guid(c2b7841f777e050469a60b2c943c6e8c) (ScriptedImporter) -> (artifact id: '36332ffc29acd36d47fbd3c9d9c10464') in 0.00324923 seconds
Start importing Packages/com.unity.entities/Editor Default Resources/uss/Journaling/entities-journaling-content_light.uss using Guid(d235819d2a497814787d33656f12ef78) (ScriptedImporter) -> (artifact id: 'a69544cc1c1e2c3d0b77e552ff6df9a8') in 0.001974543 seconds
Start importing Packages/com.unity.entities/Editor Default Resources/uss/Components/components-window_light.uss using Guid(03127dd370ce826479a1aeeab9d646e0) (ScriptedImporter) -> (artifact id: 'f5dd8a84f864fc8e7a19e30cc044b564') in 0.001402432 seconds
Start importing Packages/com.unity.entities/Editor Default Resources/uss/Inspector/tag-component-element.uss using Guid(1381a3f8a295d064cb333eb13cf629c4) (ScriptedImporter) -> (artifact id: '5582fbd65f1fe33cd1485c0eab35995b') in 0.008079124 seconds
Start importing Packages/com.unity.entities/Editor Default Resources/Unity.Entities.UI/uss/lazy-load-reference.uss using Guid(433e17cb71d2e1e4c8370e94ce5d05af) (ScriptedImporter) -> (artifact id: 'f29d2b28e5dea259c28d46936c1743c8') in 0.056197374 seconds
Start importing Packages/com.unity.entities/Editor Default Resources/uss/Journaling/entities-journaling-details_dark.uss using Guid(43deda06caa40d04ab77828bf311ddc3) (ScriptedImporter) -> (artifact id: '36183913dac7491ceb78c8f9ad7308ec') in 0.002886994 seconds
Start importing Packages/com.unity.entities/Editor Default Resources/uss/ProfilerModules/memory-profiler-right-pane_dark.uss using Guid(6357d0586ecca704ca627ea73bd76d8c) (ScriptedImporter) -> (artifact id: '14bbd704a3eecad6f43b162bb5c02d04') in 0.00339069 seconds
Start importing Packages/com.unity.entities/Editor Default Resources/uss/StyleSheets/Extensions/common.uss using Guid(93488387164280342a9e292cdc777dd4) (ScriptedImporter) -> (artifact id: '4274315c4f5c844566c8c54106f2ed8a') in 0.004176105 seconds
Start importing Packages/com.unity.entities/Unity.Entities.Editor/ContentProvider/Selection/uss/content-not-ready.uss using Guid(b37077129a23f414e82574f53470acf3) (ScriptedImporter) -> (artifact id: 'b5e58e1334fddb61eac3d71df7b4d697') in 0.003097514 seconds
Start importing Packages/com.unity.entities/Editor Default Resources/Unity.Entities.UI/uss/list-element-default.uss using Guid(d3f118fe343260145803cc21672b829d) (ScriptedImporter) -> (artifact id: 'c071d54ff01e9cf1d056c2e1e4fdad12') in 0.004473378 seconds
Start importing Packages/com.unity.entities/Editor Default Resources/uss/Common/query-view.uss using Guid(d3f4c48d761c8ca4098b8aee71e78033) (ScriptedImporter) -> (artifact id: '563e5654504cdaa3cabce03cb21ec60c') in 0.006651532 seconds
Start importing Packages/com.unity.entities/Editor Default Resources/uss/Journaling/entities-journaling-window.uss using Guid(14fae58bb20342843b282ab7d6cb31c5) (ScriptedImporter) -> (artifact id: '6179a78735034a5dbf0e164c7b2eceb5') in 0.004562322 seconds
Start importing Packages/com.unity.entities/Editor Default Resources/uss/Hierarchy/hierarchy-prefab-stage.uss using Guid(34651e64f54646d29f155ec984b568a5) (ScriptedImporter) -> (artifact id: '7ef7e47092dd95195c33f594f15c514f') in 0.035901026 seconds
Start importing Packages/com.unity.entities/Editor Default Resources/uss/Common/foldout-without-action-button.uss using Guid(44b8da52eaaa2fc4785b2c4c51b89489) (ScriptedImporter) -> (artifact id: 'e9198d702257a1d9fdcdd3788da8c97a') in 0.00635413 seconds
Start importing Packages/com.unity.entities/Editor Default Resources/Unity.Entities.UI/uss/build-configuration.uss using Guid(5405049c7fddbc54fa6e65a2ec151a7d) (ScriptedImporter) -> (artifact id: 'a48e24d4a67502f6478e3eca50c4cc85') in 0.003208145 seconds
Start importing Packages/com.unity.entities/Editor Default Resources/Unity.Entities.UI/uss/null-string-field.uss using Guid(54e560af463a3154293765b75207ffc0) (ScriptedImporter) -> (artifact id: 'ecbbd5cadf5cccf667c655ea47501020') in 0.001231623 seconds
Start importing Packages/com.unity.entities/Editor Default Resources/uss/Components/components-window_dark.uss using Guid(54ebf326a87cdd44da00c3584dcbd1db) (ScriptedImporter) -> (artifact id: 'dac79737b28ba9a09d837ab9d05f2dee') in 0.001153867 seconds
Start importing Packages/com.unity.entities/Editor Default Resources/uss/Inspector/entity-inspector-relationships-tab.uss using Guid(54ccb561a575e834d84af3280df3847d) (ScriptedImporter) -> (artifact id: '88811c34df0d7c0a692ba67c5be98514') in 0.001284523 seconds
Start importing Packages/com.unity.entities/Editor Default Resources/uss/Journaling/entities-journaling-details-entity_dark.uss using Guid(64430018b5a92b04599c1bda0cb51284) (ScriptedImporter) -> (artifact id: 'e13d23e03215ee47bc661af3c4abd9a8') in 0.001662666 seconds
Start importing Packages/com.unity.entities/Editor Default Resources/Unity.Entities.UI/uss/build-configuration-dependency_dark.uss using Guid(a477c1a606b92264ca4be45319cfc247) (ScriptedImporter) -> (artifact id: '6105bb1a334689ed21e52244ad6d4576') in 0.001444784 seconds
Start importing Packages/com.unity.entities/Editor Default Resources/uss/Common/component-view.uss using Guid(a4bf23801ecfc234c8357e21ead9c971) (ScriptedImporter) -> (artifact id: 'eb4a845c8289063e52fbbe7705f54668') in 0.002821098 seconds
Start importing Packages/com.unity.entities/Editor Default Resources/uss/ProfilerModules/memory-profiler-left-pane_light.uss using Guid(152996d2a07a6fb49869acb17e2552c6) (ScriptedImporter) -> (artifact id: '823e82efb36c698a12ddbf67d619f794') in 0.00163451 seconds
Start importing Packages/com.unity.entities/Editor Default Resources/uss/Common/system-queries-view.uss using Guid(3553fbf0426ca5048b4610e22fc84fbc) (ScriptedImporter) -> (artifact id: 'e7fe0972c07d50dab2c4123994c4ad28') in 0.00154579 seconds
Start importing Packages/com.unity.entities/Editor Default Resources/uss/ProfilerModules/memory-profiler-right-pane.uss using Guid(453e059144efd9547a9ec2e72b9233e3) (ScriptedImporter) -> (artifact id: '4aabfc2b9aec335e8b2109f9fd8ec545') in 0.001990002 seconds
Start importing Packages/com.unity.entities/Editor Default Resources/uss/Inspector/unsupported-inspector.uss using Guid(6586ddbe77e9c4fd88e0bc5295c77978) (ScriptedImporter) -> (artifact id: 'd3674d88c1db82d4431915adc7c14489') in 0.002156863 seconds
Start importing Packages/com.unity.entities/Editor Default Resources/uss/SystemSchedule/system-schedule_light.uss using Guid(85e0797299719ba418a656ea1356c917) (ScriptedImporter) -> (artifact id: 'f8377b06dfcd0bd9559bed5aef97219d') in 0.001246259 seconds
Start importing Packages/com.unity.entities/Editor Default Resources/uss/Common/autocomplete_dark.uss using Guid(d595ab0cf391f3845a7cc4f301dec530) (ScriptedImporter) -> (artifact id: '864728626c7c4c0d9dbc83b6fd0c965a') in 0.001014453 seconds
Start importing Packages/com.unity.entities/Editor Default Resources/Unity.Entities.UI/uss/common.uss using Guid(d52e75456734e484d925164b62e7c3a1) (ScriptedImporter) -> (artifact id: '0607875da685febd608d83dc2976fa63') in 0.001681766 seconds
Start importing Packages/com.unity.entities/Editor Default Resources/uss/Content/section.uss using Guid(e54bd7677a18a8e45ae37e9094da218c) (ScriptedImporter) -> (artifact id: '8ecd9f03040c59715691c0294110e7c5') in 0.002479939 seconds
Start importing Packages/com.unity.entities/Editor Default Resources/Unity.Entities.UI/uss/pagination-element.uss using Guid(36b0acd2d2dffe34783268aae0368215) (ScriptedImporter) -> (artifact id: '67af2dbf23dd8ccc8134aa9120f0180b') in 0.002923066 seconds
Start importing Packages/com.unity.entities/Editor Default Resources/uss/ActiveBuildConfiguration/active-build-config-dropdown.uss using Guid(4668d4d693a86f6498b9039262408eac) (ScriptedImporter) -> (artifact id: 'b28092696d1311d138393ed5a648be29') in 0.002281817 seconds
Start importing Packages/com.unity.entities/Editor Default Resources/uss/ActiveBuildConfiguration/active-build-config-popup_light.uss using Guid(a641c63a9ca8f50468415985cc8c4f9a) (ScriptedImporter) -> (artifact id: '94b03134e9df384fff00e5ff759fecb5') in 0.002961912 seconds
Start importing Packages/com.unity.entities/Editor Default Resources/uss/Content/entity-query-header.uss using Guid(d6b92f6ef53f0004d8e12d505db7303b) (ScriptedImporter) -> (artifact id: 'a76f10ac4662a630632a9826e287145f') in 0.004404857 seconds
Start importing Packages/com.unity.entities/Editor Default Resources/uss/Controls/TabView/tab-view.uss using Guid(e68ef33ce663ff145a6499e8ba08133d) (ScriptedImporter) -> (artifact id: 'a314ed03199a059265ed7e598af3f46b') in 0.002463651 seconds
Start importing Packages/com.unity.entities/Editor Default Resources/uss/ActiveBuildConfiguration/active-build-config-popup.uss using Guid(07156037b6225bc4abe1b3c2285b5a4e) (ScriptedImporter) -> (artifact id: '9c6910f37c3c2427cd50b5315fa25d08') in 0.0064129 seconds
Start importing Packages/com.unity.entities/Editor Default Resources/Unity.Entities.UI/uss/list-element.uss using Guid(0787e00706a54a44aaae919c9e6cc267) (ScriptedImporter) -> (artifact id: '544bd7baf7764b20bfb87b852ad61786') in 0.010328825 seconds
Start importing Packages/com.unity.entities/Editor Default Resources/uss/Inspector/entity-inspector.uss using Guid(07f9f4a30454cb6468651a36cb1cece3) (ScriptedImporter) -> (artifact id: 'a54aa568974c91549d8af4982caa46a3') in 0.019892101 seconds
Start importing Packages/com.unity.entities/Editor Default Resources/uss/Preferences/preferences-window.uss using Guid(17122775bf34c3143af1f3275a8778e0) (ScriptedImporter) -> (artifact id: '8044c47d475b8314223934ede9d1ed4a') in 0.001501639 seconds
Start importing Packages/com.unity.entities/Editor Default Resources/uss/Journaling/entities-journaling-details-component.uss using Guid(2701bd7b33e659648b7242babb587805) (ScriptedImporter) -> (artifact id: '6bb3194d21b502268b6bedddcf7e4dc0') in 0.002008149 seconds
Start importing Packages/com.unity.entities/Editor Default Resources/Unity.Entities.UI/uss/build-component.uss using Guid(27856cf839b417d49a97febe170cbf8d) (ScriptedImporter) -> (artifact id: '9b65b33730b072c1f547e2c3e73af4dd') in 0.002995502 seconds
Start importing Packages/com.unity.entities/Editor Default Resources/uss/ActiveBuildConfiguration/search-field_dark.uss using Guid(37d7360f5603385478bf01f6fe419841) (ScriptedImporter) -> (artifact id: 'e6e792062cf380080c0ae45aaa5d87b1') in 0.001373892 seconds
Start importing Packages/com.unity.entities/Editor Default Resources/Unity.Entities.UI/uss/classic-build-profile_light.uss using Guid(37385eff77132b34ea611b2bcfac166e) (ScriptedImporter) -> (artifact id: 'e714866686406d55984273541b895c70') in 0.001239048 seconds
Start importing Packages/com.unity.entities/Editor Default Resources/uss/Controls/foldout-field_light.uss using Guid(470c268d7c09c8843afbdb2709c83a6b) (ScriptedImporter) -> (artifact id: '73ec87a4981097f5cc9ad19d4aa25771') in 0.001138966 seconds
Start importing Packages/com.unity.entities/Editor Default Resources/uss/ProfilerModules/structural-changes-profiler-window_dark.uss using Guid(475ebeaf4046674498927c291a5b27bb) (ScriptedImporter) -> (artifact id: 'a86f69962d54cca59e3f9a3aa7280f04') in 0.00256349 seconds
Start importing Packages/com.unity.entities/Unity.Entities.Editor/ContentProvider/Selection/uss/content-not-ready_light.uss using Guid(a79b512b745df384f9d5a653adc65863) (ScriptedImporter) -> (artifact id: '3f2fe2b412bcc701462a171787df9579') in 0.001731589 seconds
Start importing Packages/com.unity.entities/Editor Default Resources/uss/Journaling/entities-journaling-window_dark.uss using Guid(b7eda5f8a00d42c4bb5737e50770b92c) (ScriptedImporter) -> (artifact id: '78fee2ec3c9e5f61886ecab2cc864852') in 0.003862936 seconds
Start importing Packages/com.unity.entities/Editor Default Resources/uss/Inspector/entity-field.uss using Guid(4805676c899e44545b40a50c1d17ce12) (ScriptedImporter) -> (artifact id: '2a87b0973da7bce7ce5155c6f0e492bb') in 0.002822811 seconds
Start importing Packages/com.unity.entities/Editor Default Resources/uss/Inspector/entity-inspector-aspects-tab_light.uss using Guid(5827488857908be49b7dd8ea89f15239) (ScriptedImporter) -> (artifact id: '1dbb190d3b69589723302f1f3ede9cae') in 0.001231255 seconds
Start importing Packages/com.unity.entities/Editor Default Resources/uss/Journaling/entities-journaling-details_light.uss using Guid(6851231afc70bb643adb830bc70a1f18) (ScriptedImporter) -> (artifact id: '7f7906efc5a9e31a6a5c926f3076200c') in 0.003324084 seconds
Start importing Packages/com.unity.entities/Editor Default Resources/uss/Content/header.uss using Guid(78d733d2e0721804a84b86a7103fa469) (ScriptedImporter) -> (artifact id: '37324a64a4cee990168d51f9ab0fd7b8') in 0.001738644 seconds
Start importing Packages/com.unity.entities/Editor Default Resources/uss/Journaling/entities-journaling-window_light.uss using Guid(b89df067670920a45b5bf16f0c47f93d) (ScriptedImporter) -> (artifact id: 'a7815438fedf754dba2014e8ccfb857a') in 0.002813669 seconds
Start importing Packages/com.unity.entities/Editor Default Resources/uss/ProfilerModules/structural-changes-profiler-window_light.uss using Guid(c8d1195f1888e294a9dec41756116e87) (ScriptedImporter) -> (artifact id: '92cc304a6ac544a03ed4199b46ed2370') in 0.002177347 seconds
Start importing Packages/com.unity.entities/Editor Default Resources/uss/Journaling/entities-journaling-details.uss using Guid(d8867d276bc11314eacdfa9c909a317a) (ScriptedImporter) -> (artifact id: '3853f8ca6049981068e5a828679ffeb5') in 0.010161968 seconds
Start importing Packages/com.unity.entities/Editor Default Resources/uss/ProfilerModules/memory-profiler-tree-view-item.uss using Guid(5920aed470f9b1542866184d732fa405) (ScriptedImporter) -> (artifact id: '382f5cf0c1dbcd0d29ee3d4960d714c7') in 0.003111003 seconds
Start importing Packages/com.unity.entities/Unity.Scenes.Editor/ClearEntitiesCacheWindow/ClearEntitiesCacheWindow.uss using Guid(893506d1a73aec94d83cf0805016fe77) (ScriptedImporter) -> (artifact id: '5dff3519369ef1da0b00f84852cc68d6') in 0.004949437 seconds
Start importing Packages/com.unity.entities/Editor Default Resources/uss/ProfilerModules/memory-profiler-left-pane_dark.uss using Guid(89c89efe4bc899149af74edc6fd3a34e) (ScriptedImporter) -> (artifact id: '6e04aa7b77f362b518e9ea42174c73b7') in 0.002677402 seconds
Start importing Packages/com.unity.entities/Editor Default Resources/uss/Search/search-element-filter-popup.uss using Guid(9956b54219ee54028a47527161197e5c) (ScriptedImporter) -> (artifact id: '06a828b2504da54bb0538a5d2a8af861') in 0.002592122 seconds
Start importing Packages/com.unity.entities/Editor Default Resources/uss/Common/variables_light.uss using Guid(c9f61edea73066a4085d44644b116a5b) (ScriptedImporter) -> (artifact id: 'f50bb5d62905f08ad8ff575111ce9a2c') in 0.003578857 seconds
Start importing Packages/com.unity.entities/Editor Default Resources/Unity.Entities.UI/uss/classic-build-profile.uss using Guid(f96a5e118205e0249897a6891ee7686d) (ScriptedImporter) -> (artifact id: 'b666f2a6dcb04d8a998e9bc7fe1c9309') in 0.001935094 seconds
Start importing Packages/com.unity.entities/Editor Default Resources/Unity.Entities.UI/uss/build-component_dark.uss using Guid(f95ef1d2cd5b5504fb5495eef61e2843) (ScriptedImporter) -> (artifact id: '0360d92aa0a43c0506567ae03b6538ab') in 0.002129593 seconds
Start importing Packages/com.unity.entities/Editor Default Resources/uss/Common/query-with-entities.uss using Guid(0a82736d571451441821df76d4ee2d23) (ScriptedImporter) -> (artifact id: '6bf499bfb2410e0ac4f6b6f1b05fc2a2') in 0.001798332 seconds
Start importing Packages/com.unity.entities/Editor Default Resources/uss/ProfilerModules/memory-profiler-left-pane.uss using Guid(1adcaa0e42848784196f1b1294a69cb4) (ScriptedImporter) -> (artifact id: '4c5055ea9cb19459b73c2bcc0c92a555') in 0.002209745 seconds
Start importing Packages/com.unity.entities/Editor Default Resources/uss/Inspector/entity-field_light.uss using Guid(2a59f9080af981b4faa361702eefc6c7) (ScriptedImporter) -> (artifact id: 'c349dcc2b35d7a88e6d91a102b72f15a') in 0.001222235 seconds
Start importing Packages/com.unity.entities/Editor Default Resources/Unity.Entities.UI/uss/nullable-foldout.uss using Guid(4a25b818efc49a547ae2c3c20df43be1) (ScriptedImporter) -> (artifact id: '558421dc0b2d1670c80221213ee33c80') in 0.000911013 seconds
Start importing Packages/com.unity.entities/Editor Default Resources/uss/Content/component.uss using Guid(5a55e14bcf0b3c64bbc7661dcdb92fb0) (ScriptedImporter) -> (artifact id: '7fde7e2c5b1cdcecc301116173b75ef7') in 0.000966586 seconds
Start importing Packages/com.unity.entities/Editor Default Resources/Unity.Entities.UI/uss/search-element-filter-popup.uss using Guid(5a1776eab9579364ca297f5100c6d590) (ScriptedImporter) -> (artifact id: '75848a4bcbfd715fdb6edbf7688ad831') in 0.001317428 seconds
Start importing Packages/com.unity.entities/Editor Default Resources/uss/ActiveBuildConfiguration/active-build-config-popup_dark.uss using Guid(5a6fd76cf352e2a42b7fcc03b2491233) (ScriptedImporter) -> (artifact id: '6c5f4aaca7e86b85b5eb10a15b7699ec') in 0.001548109 seconds
Start importing Packages/com.unity.entities/Editor Default Resources/Unity.Entities.UI/uss/build-configuration_dark.uss using Guid(6a88ab429b28700428b9cdc6d72f9d5f) (ScriptedImporter) -> (artifact id: '6054748689f831ef8010a76c02ae9dbf') in 0.001187278 seconds
Start importing Packages/com.unity.entities/Editor Default Resources/uss/Controls/foldout-field.uss using Guid(7a42053e7b35182428852563b7a08cc3) (ScriptedImporter) -> (artifact id: '331076879a3ea666ae61adc8715b1f12') in 0.001353318 seconds
Start importing Packages/com.unity.entities/Editor Default Resources/uss/ProfilerModules/memory-profiler-window.uss using Guid(8a76ba5eddd227841a8ab3158c94e62a) (ScriptedImporter) -> (artifact id: '69b7aff5bf7b6367de4b5a11df6897f3') in 0.001091798 seconds
Start importing Packages/com.unity.entities/Editor Default Resources/uss/Content/system.uss using Guid(8aeeaaef64448804c87a039f45ed7e98) (ScriptedImporter) -> (artifact id: '1391c6c2bd54fcb4750d482bfde736c4') in 0.001389637 seconds
Start importing Packages/com.unity.entities/Editor Default Resources/uss/Content/display-list.uss using Guid(9af1088b2caaa264fbc412c29887619c) (ScriptedImporter) -> (artifact id: 'c00072317267e3e4b17dfe34a833db29') in 0.001082004 seconds
Start importing Packages/com.unity.entities/Editor Default Resources/Unity.Entities.UI/uss/build-configuration-dependency_light.uss using Guid(aadc6888783662a48bb576202ff20462) (ScriptedImporter) -> (artifact id: '1e7a9dc284406980e51c921288f99b07') in 0.001396551 seconds
Start importing Packages/com.unity.entities/Editor Default Resources/uss/Inspector/entity-field_dark.uss using Guid(bac5a17632449894abe1e8109f415084) (ScriptedImporter) -> (artifact id: '038234c13c3ead912688f9c10774222e') in 0.001374666 seconds
Start importing Packages/com.unity.entities/Editor Default Resources/uss/Hierarchy/hierarchy-toolbar.uss using Guid(cadf7c98ecb141a439f7be93f5e9961e) (ScriptedImporter) -> (artifact id: '54468374231efd9a3b3da5aa18c559b8') in 0.001156128 seconds
Start importing Packages/com.unity.entities/Editor Default Resources/uss/Content/component-attribute.uss using Guid(fa50d2800cc8f3744b5d064ed0f7cd17) (ScriptedImporter) -> (artifact id: '29740032f5c20610efddadabc0fbf0c0') in 0.001248876 seconds
Start importing Packages/com.unity.entities/Editor Default Resources/Unity.Entities.UI/uss/search-element.uss using Guid(faf4a0687853e5847822c6fa023c8659) (ScriptedImporter) -> (artifact id: '64be5a9c6c176701ac78931e55bc9220') in 0.003641597 seconds
Start importing Packages/com.unity.entities/Editor Default Resources/Unity.Entities.UI/uss/set-element-default.uss using Guid(fa4ac5c04c519cb4e922fe081378bdf3) (ScriptedImporter) -> (artifact id: '27d147209c52ae70efa2c17f3f31493c') in 0.002150839 seconds
Start importing Packages/com.unity.entities/Editor Default Resources/uss/Inspector/entity-header.uss using Guid(fa6f1e51facd1bb4abe73e0444304e94) (ScriptedImporter) -> (artifact id: 'cec4e56d493c1a27628f10069ee5f805') in 0.002378362 seconds
Start importing Packages/com.unity.entities/Editor Default Resources/uss/Common/variables.uss using Guid(1b1ab9431a0e4d84783d7961e3ffe596) (ScriptedImporter) -> (artifact id: 'c8981eaf67c23530ac4daeab9b1c4b34') in 0.001431128 seconds
Start importing Packages/com.unity.entities/Editor Default Resources/uss/ActiveBuildConfiguration/active-build-config-popup-item.uss using Guid(4b756089e2ff4fd4cbe31fa6ce83da70) (ScriptedImporter) -> (artifact id: 'bb74d7bbb3023856e073032097986f66') in 0.001605544 seconds
Start importing Packages/com.unity.entities/Editor Default Resources/uss/Journaling/entities-journaling-details-component_dark.uss using Guid(4b4c97ba82761744294a08e81be8ecf8) (ScriptedImporter) -> (artifact id: '3a14ce6d5ef7c9f85bfb9722c83937df') in 0.001595511 seconds
Start importing Packages/com.unity.entities/Editor Default Resources/uss/Common/autocomplete_light.uss using Guid(5b5adf578eccc434cb23eff9953f8cb2) (ScriptedImporter) -> (artifact id: '5a5bce289d480d145b2fca0a82534fdf') in 0.00096582 seconds
Start importing Packages/com.unity.entities/Editor Default Resources/uss/Controls/foldout-field_dark.uss using Guid(6b66515ecc3502b40b3ce7c73d3e81b1) (ScriptedImporter) -> (artifact id: 'e98095d3f811be8bbf4539aaf182e31d') in 0.00098926 seconds
Start importing Packages/com.unity.entities/Editor Default Resources/Unity.Entities.UI/uss/circular-reference.uss using Guid(7b74c6039e021904386574d772e55bde) (ScriptedImporter) -> (artifact id: '966211b88a7553f636c20e71887b8a93') in 0.001187438 seconds
Start importing Packages/com.unity.entities/Unity.Entities.Editor/ContentProvider/Selection/uss/content-not-ready_dark.uss using Guid(7b695be4229afa04ebef1356fc4f9df2) (ScriptedImporter) -> (artifact id: 'cd3b640c0e468c0934600ccd87b4837c') in 0.001203824 seconds
Start importing Packages/com.unity.entities/Editor Default Resources/uss/ActiveBuildConfiguration/active-build-config-window-item_dark.uss using Guid(9b6111e1474a98f41996f925c8b0c033) (ScriptedImporter) -> (artifact id: 'fd4402cd840e48fb817c64197ed42297') in 0.000904827 seconds
Start importing Packages/com.unity.entities/Editor Default Resources/uss/Common/dots-editor-common_light.uss using Guid(ab456db8ce6789f4f87db55342d0381c) (ScriptedImporter) -> (artifact id: '299fcbeee651022230b7121a9e86f01a') in 0.001366226 seconds
Start importing Packages/com.unity.entities/Editor Default Resources/uss/ProfilerModules/memory-profiler-component_dark.uss using Guid(bb4107b50d6d2684990d1580786d6cf4) (ScriptedImporter) -> (artifact id: '174307ed003d26db86b6b80fc47b4e1c') in 0.002553104 seconds
Start importing Packages/com.unity.entities/Editor Default Resources/Unity.Entities.UI/uss/key-value-pair.uss using Guid(cb74784643b787a468ec0f7419ca884c) (ScriptedImporter) -> (artifact id: '3355def3a4e2afc2df91b856087f2fb4') in 0.001474097 seconds
Start importing Packages/com.unity.entities/Editor Default Resources/uss/Inspector/component-header.uss using Guid(cb179af7f15a77f49b3bca7ba978819f) (ScriptedImporter) -> (artifact id: '5f58148ed72afbe1e6544461e4c98616') in 0.002633031 seconds
Start importing Packages/com.unity.entities/Editor Default Resources/uss/Controls/TabView/tab-view_dark.uss using Guid(ebf6a2296a5f9364382ecc1eebe1c2f5) (ScriptedImporter) -> (artifact id: '467604f1515f7961ea519d7f06ef4c6c') in 0.000877685 seconds
Start importing Packages/com.unity.entities/Editor Default Resources/uss/Common/entity-view.uss using Guid(fb6ae9621826ced4a95ca6c546a81781) (ScriptedImporter) -> (artifact id: '59857c282800c3c6e23237ad546db845') in 0.002003598 seconds
Start importing Packages/com.unity.entities/Editor Default Resources/uss/Hierarchy/hierarchy.uss using Guid(fb0f4225d9a05a24ea92d82294809d4c) (ScriptedImporter) -> (artifact id: '3958a3ac04a5ba0d8b8acc9a60fa3493') in 0.00277802 seconds
Start importing Packages/com.unity.entities/Editor Default Resources/uss/SystemSchedule/system-schedule_dark.uss using Guid(6c380e57506b7b543b44c4c4f0696b52) (ScriptedImporter) -> (artifact id: '975a2f53d8e7e7d50cc59dc4237a2450') in 0.001148387 seconds
Start importing Packages/com.unity.entities/Editor Default Resources/uss/Common/dots-editor-common_dark.uss using Guid(ec8a6ed9315b49b49b3a0837d7b5c60e) (ScriptedImporter) -> (artifact id: 'b5015670bde9b907795668a83424818a') in 0.001690215 seconds
Start importing Packages/com.unity.entities/Editor Default Resources/uss/ActiveBuildConfiguration/active-build-config-dropdown_light.uss using Guid(0d32c43c677a7b949a7aeaeaf4d6a74b) (ScriptedImporter) -> (artifact id: '9f335dc64882b5772ff3bbb876bd7a4a') in 0.001017945 seconds
Start importing Packages/com.unity.entities/Editor Default Resources/uss/ProfilerModules/structural-changes-profiler-tree-view-item.uss using Guid(1d7ecb6d321d0434ab9dc0489ca38e7e) (ScriptedImporter) -> (artifact id: '08568618eaf120907af72c8a19d862fe') in 0.001334886 seconds
Start importing Packages/com.unity.entities/Editor Default Resources/uss/Search/search-element.uss using Guid(1def64e41b27246dd88ac310309ee2c2) (ScriptedImporter) -> (artifact id: '0ccf88f449101206bf79c3f3f2eb67c4') in 0.002858043 seconds
Start importing Packages/com.unity.entities/Unity.Entities.Build/StyleSheets/dots-settings-window.uss using Guid(3ddd7cf3fb5e4309888c6d8c5363ffd8) (ScriptedImporter) -> (artifact id: '2f756b1d88a437b1668a04bafb0cccd3') in 0.0015023 seconds
Start importing Packages/com.unity.entities/Editor Default Resources/uss/Content/entity-query.uss using Guid(5d07fd1ab66d6ba458f967827343fa6e) (ScriptedImporter) -> (artifact id: '4d0a0dfbbdff8e155c2d2fa50d0d98b0') in 0.00174776 seconds
Start importing Packages/com.unity.entities/Editor Default Resources/uss/ProfilerModules/memory-profiler-right-pane_light.uss using Guid(6d196ab0565f50a48929ba17fb086e2e) (ScriptedImporter) -> (artifact id: '70d5d9bd47cc99d98274a701a6911d78') in 0.001110061 seconds
Start importing Packages/com.unity.entities/Editor Default Resources/uss/ProfilerModules/memory-profiler-component.uss using Guid(8d9f0ebe6bc0a7e48834f127a776c8fa) (ScriptedImporter) -> (artifact id: '098ce7d0a2698a045d505a4831970c2d') in 0.001030599 seconds
Start importing Packages/com.unity.entities/Editor Default Resources/uss/Common/variables_dark.uss using Guid(9d4d8813ae423764382a63651f200bf6) (ScriptedImporter) -> (artifact id: 'a11c62b45f0ec9ee01eceb1500fa87ab') in 0.00195088 seconds
Start importing Packages/com.unity.entities/Editor Default Resources/uss/ActiveBuildConfiguration/active-build-config-window.uss using Guid(ad455d64049dd424bbd347e43fd3a775) (ScriptedImporter) -> (artifact id: 'ba731b94ea8082463be0ade1ee09a51b') in 0.001000965 seconds
Start importing Packages/com.unity.entities/Editor Default Resources/uss/ActiveBuildConfiguration/search-field_light.uss using Guid(ad29f586cc1cf2a4cac3427f4b889ab9) (ScriptedImporter) -> (artifact id: 'c238a3efde778bef4945e1019ed74f27') in 0.00101028 seconds
Start importing Packages/com.unity.entities/Editor Default Resources/uss/Inspector/entity-inspector-aspects-tab.uss using Guid(bd6d94244d5058241815175dc757a4d3) (ScriptedImporter) -> (artifact id: 'abcf501568b143595a4726f06bd394db') in 0.000944618 seconds
Start importing Packages/com.unity.entities/Editor Default Resources/uss/Spinner/spinner_dark.uss using Guid(dd517ceef00529a498a4d7b0090e6de8) (ScriptedImporter) -> (artifact id: '43c812617109fb521d32486e049b9fbb') in 0.003890259 seconds
Start importing Packages/com.unity.entities/Editor Default Resources/uss/Components/components-window.uss using Guid(0e5010aa99faaa2439b04bc7fb7b424f) (ScriptedImporter) -> (artifact id: '29dceb897ab021f8509587524e75c0a5') in 0.001387476 seconds
Start importing Packages/com.unity.entities/Editor Default Resources/uss/StyleSheets/Extensions/dark.uss using Guid(1e038f987753eee408c2ee41f2cb2fbe) (ScriptedImporter) -> (artifact id: '317d396263060e29e2bd4112639be10e') in 0.001232708 seconds
Start importing Packages/com.unity.entities/Editor Default Resources/uss/Journaling/entities-journaling-details-entity.uss using Guid(2e1c20bedd3ba3f41a09bf51f4353fda) (ScriptedImporter) -> (artifact id: 'ad55b7fa6725078c9c3661b380805df1') in 0.001334829 seconds
Start importing Packages/com.unity.entities/Editor Default Resources/uss/ProfilerModules/structural-changes-profiler-window.uss using Guid(3e6c1f1f46703844e8243d6ee3bb7a51) (ScriptedImporter) -> (artifact id: '0aaf045d20bf8c7cc8242705b437095c') in 0.001401007 seconds
Start importing Packages/com.unity.entities/Editor Default Resources/Unity.Entities.UI/uss/build-component_light.uss using Guid(6e1680a566fadb44696d9c8e6d4764c5) (ScriptedImporter) -> (artifact id: '64bf11dddfa50ea83fb3c8d007e75781') in 0.001731196 seconds
Start importing Packages/com.unity.entities/Editor Default Resources/uss/SystemSchedule/system-schedule.uss using Guid(6ed7c6794a538a84abd2b2fa49d3e3b7) (ScriptedImporter) -> (artifact id: '7633a03f81334c0ff55d2c48fe4da20b') in 0.002729773 seconds
Start importing Packages/com.unity.entities/Editor Default Resources/uss/Journaling/search-and-goto-buttons_light.uss using Guid(7e9458a5589b55843a276a6ea8cb101d) (ScriptedImporter) -> (artifact id: '43459f6853adbb37379fdfa33ebeb851') in 0.001997499 seconds
Start importing Packages/com.unity.entities/Editor Default Resources/Unity.Entities.UI/uss/classic-build-profile_dark.uss using Guid(9e02ac82c6f1d6d4197fccd597376c70) (ScriptedImporter) -> (artifact id: 'c81bf9bd97d8a4c8eb39cc472f859149') in 0.001230757 seconds
Start importing Packages/com.unity.entities/Editor Default Resources/Unity.Entities.UI/uss/build-configuration-dependency.uss using Guid(9e56d884c374fa943a7a855cf3d82038) (ScriptedImporter) -> (artifact id: '2bedc09553c3938c8671b2317090463e') in 0.001703173 seconds
Start importing Packages/com.unity.entities/Editor Default Resources/uss/Spinner/spinner.uss using Guid(9ec6aca16be3e6042a0afd9325118ee0) (ScriptedImporter) -> (artifact id: '76f3295dfe4d27fd85a41c716d5f64f3') in 0.002196348 seconds
Start importing Packages/com.unity.entities/Editor Default Resources/Unity.Entities.UI/uss/build-configuration_light.uss using Guid(beaa3ce82375de143a4c3e0c4bb864a1) (ScriptedImporter) -> (artifact id: '8016c572ca19b58c381f3922c09a6118') in 0.00157116 seconds
Start importing Packages/com.unity.entities/Editor Default Resources/uss/StyleSheets/Extensions/light.uss using Guid(ce35b45632b4a8e46badb98554bdb185) (ScriptedImporter) -> (artifact id: '10e5cc334a7634102876c4f6f63b3883') in 0.002254422 seconds
Start importing Packages/com.unity.entities/Editor Default Resources/uss/SystemSchedule/system-schedule-toolbar.uss using Guid(dee62a63ee487b847a01471067868f82) (ScriptedImporter) -> (artifact id: '035849fdb517226f697c69b74533357d') in 0.001473342 seconds
Start importing Packages/com.unity.entities/Editor Default Resources/Unity.Entities.UI/uss/install-quick-search-popup.uss using Guid(2f00a1064b81d2342be6a5d55eee673e) (ScriptedImporter) -> (artifact id: '05159c1077e741aa48f821264ae7e336') in 0.00160633 seconds
Start importing Packages/com.unity.entities/Editor Default Resources/uss/Inspector/entity-inspector-aspects-tab_dark.uss using Guid(2f613d3cb95a5f64c80fc3982b2292b5) (ScriptedImporter) -> (artifact id: '088b43e8d8487001dfe3c7f868d01302') in 0.001164617 seconds
Start importing Packages/com.unity.entities/Editor Default Resources/uss/SystemSchedule/system-schedule-header.uss using Guid(3fe93618575659040bc90078a39001bd) (ScriptedImporter) -> (artifact id: 'd295ee9ecbaf7b05b9b88f4e7cc11110') in 0.002502214 seconds
Start importing Packages/com.unity.entities/Editor Default Resources/uss/Journaling/entities-journaling-content.uss using Guid(3f3d1b4e73dde4547b53766f4dcf1dfb) (ScriptedImporter) -> (artifact id: 'ad87ca81f7a6bac26166359b500eebef') in 0.003041809 seconds
Start importing Packages/com.unity.entities/Editor Default Resources/uss/Common/dots-editor-common.uss using Guid(4f75daa9032958d40bdb57d61400c3e3) (ScriptedImporter) -> (artifact id: 'ac61a25a077f6a2e24f21eaa5c3ae48d') in 0.003804033 seconds
Start importing Packages/com.unity.entities/Editor Default Resources/uss/ActiveBuildConfiguration/search-field.uss using Guid(4f6f5981d012086458dfec13c8b48ab7) (ScriptedImporter) -> (artifact id: 'bef578ae23fe662f036c9fb4545c7b7b') in 0.001976844 seconds
Start importing Packages/com.unity.entities/Editor Default Resources/uss/Inspector/inspector.uss using Guid(5fe01a2b80746434293b9a8abb0270f2) (ScriptedImporter) -> (artifact id: '1cbfcd832e0387330183a41077d29fce') in 0.002256253 seconds
Start importing Packages/com.unity.entities/Editor Default Resources/uss/ActiveBuildConfiguration/active-build-config-window-item_light.uss using Guid(cf0200936dce1394bb87dbc8b7ea0b87) (ScriptedImporter) -> (artifact id: 'ddcfc0bfbac3b8cbaa0c0c1555680bba') in 0.001889632 seconds
Start importing Packages/com.unity.entities/Editor Default Resources/uss/Common/centered-message-element.uss using Guid(cf86dab030a253a48982b7323ffab131) (ScriptedImporter) -> (artifact id: '118eaff913cab273316cd18df417e146') in 0.004321132 seconds
Start importing Packages/com.unity.entities/Editor Default Resources/Unity.Entities.UI/uss/set-element.uss using Guid(cfcc099badafd6648a531bba6ed12f9f) (ScriptedImporter) -> (artifact id: '747f4f2563195f59c40847172261ecfc') in 0.00273601 seconds
Start importing Packages/com.unity.entities/Editor Default Resources/uss/DebugWindows/debug-window.uss using Guid(ef00e93edc6df854b9ead9ba17ec8ffc) (ScriptedImporter) -> (artifact id: '44f92a5c201df09b249b61db2c55b19a') in 0.003468107 seconds
Start importing Packages/com.unity.entities/Editor Default Resources/uss/Common/system-list-view.uss using Guid(ffa6c676bcedf4a4fb2741c4409f9ab0) (ScriptedImporter) -> (artifact id: '111e30284a1844f3ca82edaec3c67134') in 0.002433965 seconds
Start importing Packages/com.unity.entities/Editor Default Resources/uxml/ProfilerModules/memory-profiler-window.uxml using Guid(002f0a5984c36ff4087620bbe09f6e9f) (ScriptedImporter) -> (artifact id: '6338d2e4a2861da133abe29ad0104839') in 0.036703563 seconds
Start importing Packages/com.unity.entities/Editor Default Resources/uxml/Inspector/component-header.uxml using Guid(7053bd64e67cd7940bac4371fa879944) (ScriptedImporter) -> (artifact id: 'e177f848140f926bfb8e37f20ebe9cf6') in 0.001627939 seconds
Start importing Packages/com.unity.entities/Editor Default Resources/Unity.Entities.UI/uxml/key-value-pair.uxml using Guid(612578fae72245b468ee5a1de798247c) (ScriptedImporter) -> (artifact id: 'f429863e6afad0688b3caf28bfa77ecc') in 0.002996857 seconds
Start importing Packages/com.unity.entities/Editor Default Resources/uxml/Content/entity-query-header.uxml using Guid(715d6444faf7bc147b32dac7f89e0a89) (ScriptedImporter) -> (artifact id: '4c52a9291ec11af75ed8ac7e945aff9c') in 0.003407272 seconds
Start importing Packages/com.unity.entities/Editor Default Resources/uxml/ProfilerModules/memory-profiler-left-pane.uxml using Guid(91ad9f19a65c12d48b42ae13f572beb2) (ScriptedImporter) -> (artifact id: 'b59b7a7de0432cc38467856fc7aa9082') in 0.003473954 seconds
Start importing Packages/com.unity.entities/Editor Default Resources/uxml/Preferences/preferences-value.uxml using Guid(e1dce15f1e253654ea8f8038735c2887) (ScriptedImporter) -> (artifact id: '554b7e95a36f45b25736d12ce24cd89c') in 0.001091672 seconds
Start importing Packages/com.unity.entities/Unity.Scenes.Editor/ClearEntitiesCacheWindow/ClearEntitiesCacheWindow.uxml using Guid(727f7442d06b3bf4ebc57e9e4e85ca35) (ScriptedImporter) -> (artifact id: 'be30bf036480f1c77b373dc35578ea79') in 0.002025356 seconds
Start importing Packages/com.unity.entities/Editor Default Resources/uxml/Journaling/entities-journaling-details-component.uxml using Guid(a2c46eda94918c84aa5f9346e863ac1e) (ScriptedImporter) -> (artifact id: 'f0019901d8ee5e09dbae91163e2e8aeb') in 0.001920709 seconds
Start importing Packages/com.unity.entities/Editor Default Resources/uxml/ActiveBuildConfiguration/active-build-config-popup.uxml using Guid(a256f935985ba4244bb7e61b54f80886) (ScriptedImporter) -> (artifact id: 'f9cac7f3074c987d854039d8df40d7d8') in 0.004257766 seconds
Start importing Packages/com.unity.entities/Editor Default Resources/uxml/Inspector/entity-inspector-relationships-tab.uxml using Guid(d2a58434d47e03f4f9c4404a950ab972) (ScriptedImporter) -> (artifact id: '65bcedda0ac3086bfffa8135371f5f34') in 0.001483538 seconds
Start importing Packages/com.unity.entities/Editor Default Resources/uxml/Hierarchy/hierarchy-item.uxml using Guid(d2cc86688abc2674094ef5bdf49bab39) (ScriptedImporter) -> (artifact id: '0cc2162da6637d6c35a8548c47f6524d') in 0.002572387 seconds
Start importing Packages/com.unity.entities/Editor Default Resources/uxml/Preferences/preferences-setting.uxml using Guid(133783250ca3922488edf24b4373295f) (ScriptedImporter) -> (artifact id: '59fc0b9ec0f58f083489a7019485553d') in 0.001310399 seconds
Start importing Packages/com.unity.entities/Editor Default Resources/uxml/Inspector/entity-inspector-aspects-tab.uxml using Guid(431cdb2845ac371498eae54e83e5c090) (ScriptedImporter) -> (artifact id: '89a8ad36c05ce9813199f98b8a859a50') in 0.002657198 seconds
Start importing Packages/com.unity.entities/Editor Default Resources/uxml/Hierarchy/hierarchy-loading.uxml using Guid(832a2d066e4130a488aa14d5c53f3bf0) (ScriptedImporter) -> (artifact id: '0df86171830693c5479ad15245055964') in 0.002072776 seconds
Start importing Packages/com.unity.entities/Editor Default Resources/uxml/Components/component-type-view.uxml using Guid(14ebda7d703f18146a748aafa720b642) (ScriptedImporter) -> (artifact id: '98806c14a7073714e02c67b0476b93df') in 0.001737818 seconds
Start importing Packages/com.unity.entities/Editor Default Resources/uxml/Content/component-attribute.uxml using Guid(34f502b0111edaa44a67ff2ec882547a) (ScriptedImporter) -> (artifact id: '5d409d09aa2896101cf19ac094d94147') in 0.001921536 seconds
Start importing Packages/com.unity.entities/Editor Default Resources/uxml/ActiveBuildConfiguration/search-field.uxml using Guid(94c6f87504b414e4686e08b80677b316) (ScriptedImporter) -> (artifact id: '38f511e42dcb6f39964f05123d42ce4e') in 0.001610154 seconds
Start importing Packages/com.unity.entities/Editor Default Resources/uxml/Controls/foldout-field.uxml using Guid(b4bfee0042b42774d9beb8ca6be700f2) (ScriptedImporter) -> (artifact id: '90c0476fd9871e07826683dd9b3dc6de') in 0.001543577 seconds
Start importing Packages/com.unity.entities/Editor Default Resources/uxml/Preferences/preferences-window.uxml using Guid(c48fb466d94d23e41bed137e8c7afa61) (ScriptedImporter) -> (artifact id: '76d569586cd31f72c8d6005a92d1fa2f') in 0.002218457 seconds
Start importing Packages/com.unity.entities/Editor Default Resources/uxml/ProfilerModules/memory-profiler-right-pane.uxml using Guid(e4f61c5c08ed0a64abf1c82540395b6b) (ScriptedImporter) -> (artifact id: '76fcd29a9e270f454fef47f32d7fe5de') in 0.004346928 seconds
Start importing Packages/com.unity.entities/Editor Default Resources/uxml/Journaling/entities-journaling-content.uxml using Guid(35fc4834e737315489072081aa13b1f0) (ScriptedImporter) -> (artifact id: '502a5438782fb9eabd9daad92334c1d2') in 0.007448746 seconds
Start importing Packages/com.unity.entities/Editor Default Resources/uxml/Journaling/entities-journaling-window.uxml using Guid(356dbc3ec7bbaaa49aa5504112db4275) (ScriptedImporter) -> (artifact id: '2ddc176bc111a725566e08f67a244c7e') in 0.003843742 seconds
Start importing Packages/com.unity.entities/Editor Default Resources/uxml/Inspector/unsupported-inspector.uxml using Guid(754e95f09b5194d458bbc3e78cdb1753) (ScriptedImporter) -> (artifact id: '1329d7be41c151fc8e446e950999884a') in 0.001795603 seconds
Start importing Packages/com.unity.entities/Editor Default Resources/Unity.Entities.UI/uxml/classic-build-profile.uxml using Guid(95c7148174c252e4fbd7cb69edbda92d) (ScriptedImporter) -> (artifact id: '2609ce1ef697837bc8aefa1b91d22db9') in 0.002582822 seconds
Start importing Packages/com.unity.entities/Editor Default Resources/uxml/Common/foldout-with-action-button.uxml using Guid(d56caba5b986c91468be3eb0718810f0) (ScriptedImporter) -> (artifact id: '4e5b25c9dc67b8f201da659fc4bec1ff') in 0.005743825 seconds
Start importing Packages/com.unity.entities/Editor Default Resources/uxml/SystemSchedule/system-schedule-item.uxml using Guid(e5977a6cc6b5b4c4bbd21eb12804a729) (ScriptedImporter) -> (artifact id: '24ac67633edb4d42316c6f9556874021') in 0.003077255 seconds
Start importing Packages/com.unity.entities/Editor Default Resources/uxml/Common/entity-view.uxml using Guid(f55339b34a745864f819827392d76cf9) (ScriptedImporter) -> (artifact id: '6a0b2a8dd30c006d4213c46969ea4352') in 0.001819398 seconds
Start importing Packages/com.unity.entities/Editor Default Resources/Unity.Entities.UI/uxml/add-collection-item.uxml using Guid(f508fe45f8d68a24b92fa8b58d143dbd) (ScriptedImporter) -> (artifact id: 'b25c202fed0a2b8cce9eb7e667408e9f') in 0.002094415 seconds
Start importing Packages/com.unity.entities/Editor Default Resources/uxml/Inspector/entity-field.uxml using Guid(161622b1f0032aa42b050b2b3c2444aa) (ScriptedImporter) -> (artifact id: '4ffe21e8feb6c07bfabbcb528b3e935b') in 0.001751433 seconds
Start importing Packages/com.unity.entities/Editor Default Resources/Unity.Entities.UI/uxml/build-configuration-dependency.uxml using Guid(26eeb080afb4c61439e86ae36ac251e5) (ScriptedImporter) -> (artifact id: 'a65cf3c5a82b93bb42a096a6bc106158') in 0.002451037 seconds
Start importing Packages/com.unity.entities/Editor Default Resources/uxml/Common/system-list-view.uxml using Guid(765b23db7bca95e4a946ee9b40a0b5e3) (ScriptedImporter) -> (artifact id: '4347ac3133efe244a43723a760c722ae') in 0.001747633 seconds
Start importing Packages/com.unity.entities/Editor Default Resources/uxml/Inspector/tag-component-element.uxml using Guid(076117f3174c68647b52834de6c1db9c) (ScriptedImporter) -> (artifact id: 'c5d1f72861e43fb951a38cd91a87ae2e') in 0.001724383 seconds
Start importing Packages/com.unity.entities/Editor Default Resources/uxml/Inspector/entity-header.uxml using Guid(676a4a070e5060443b5bba60647d799f) (ScriptedImporter) -> (artifact id: '7fe584851b6ef47dfaf56cc38d0c03b1') in 0.00391751 seconds
Start importing Packages/com.unity.entities/Editor Default Resources/Unity.Entities.UI/uxml/null-string-field.uxml using Guid(a7aec91e309c7f04888967959f3fb253) (ScriptedImporter) -> (artifact id: 'ae8f4652a070819f0dfcdd2e2b6590b3') in 0.001780284 seconds
Start importing Packages/com.unity.entities/Editor Default Resources/uxml/Journaling/entities-journaling-details.uxml using Guid(c7410309e16e4e8449cebdfdc1f6f7d9) (ScriptedImporter) -> (artifact id: 'e2bca9670d6acca2551cd96cb79b14c0') in 0.010973638 seconds
Start importing Packages/com.unity.entities/Editor Default Resources/Unity.Entities.UI/uxml/circular-reference.uxml using Guid(f7d39d0f3d3c72242ae6461bd3d82b91) (ScriptedImporter) -> (artifact id: '3a8ca088f17b552d62fdeacad14450a5') in 0.002160745 seconds
Start importing Packages/com.unity.entities/Editor Default Resources/uxml/Common/centered-message-element.uxml using Guid(28abd7fca35dc9649ba32503ab3d7de0) (ScriptedImporter) -> (artifact id: 'a1e59e49687dd13cfac04330e0feccba') in 0.001616426 seconds
Start importing Packages/com.unity.entities/Editor Default Resources/uxml/Components/components-window.uxml using Guid(58c2254808dd3294996f2326ef9922bd) (ScriptedImporter) -> (artifact id: '0abe357fdd64171d918ba93ed3de2aec') in 0.002070309 seconds
Start importing Packages/com.unity.entities/Editor Default Resources/Unity.Entities.UI/uxml/type-inspector.uxml using Guid(681f7718b96a6134488144add897af1b) (ScriptedImporter) -> (artifact id: 'edf96970bc45eaab7bf0fe7e8bb82f72') in 0.00191178 seconds
Start importing Packages/com.unity.entities/Editor Default Resources/uxml/ProfilerModules/memory-profiler-tree-view-item.uxml using Guid(9824d616b890aa14d9676ba302f09494) (ScriptedImporter) -> (artifact id: '159700684816b59615ffc8c832141ab9') in 0.00155824 seconds
Start importing Packages/com.unity.entities/Editor Default Resources/Unity.Entities.UI/uxml/complicated-type-test.uxml using Guid(98e40935c5528424da513b39dc83917b) (ScriptedImporter) -> (artifact id: 'b2685a71113b13d17077f6f76587e231') in 0.003602387 seconds
Start importing Packages/com.unity.entities/Editor Default Resources/uxml/ActiveBuildConfiguration/active-build-config-window-item.uxml using Guid(89eeeaf40706c90439db691799acbf32) (ScriptedImporter) -> (artifact id: '2bcc7d5b307a023dafa08b35c5a63d36') in 0.001606442 seconds
Start importing Packages/com.unity.entities/Editor Default Resources/uxml/Journaling/entities-journaling-details-entity.uxml using Guid(c93e6949131ccc54392693a162588d3a) (ScriptedImporter) -> (artifact id: '73f77cb10f4e070dda038edd2e5da6f5') in 0.001489281 seconds
Start importing Packages/com.unity.entities/Editor Default Resources/uxml/Search/search-element.uxml using Guid(d98ebc488c5d547e98fb17d68249296b) (ScriptedImporter) -> (artifact id: 'a9f33062821428a707f2c6610ffe518d') in 0.001979869 seconds
Start importing Packages/com.unity.entities/Unity.Entities.Editor/ContentProvider/Selection/uxml/content-not-ready.uxml using Guid(0aae23974f2848c43b09ef055de1ae1c) (ScriptedImporter) -> (artifact id: '7e5c87175004cb52f1c6fe8e0a87c941') in 0.001247041 seconds
Start importing Packages/com.unity.entities/Editor Default Resources/uxml/ActiveBuildConfiguration/active-build-config-dropdown.uxml using Guid(2aee882fa464e354c8c4bb781c352734) (ScriptedImporter) -> (artifact id: '3a06d99b884a6e153311538881d88cea') in 0.001355669 seconds
Start importing Packages/com.unity.entities/Editor Default Resources/uxml/ProfilerModules/structural-changes-profiler-tree-view-item.uxml using Guid(7a1dffa10293acb40a91226662cbd9c1) (ScriptedImporter) -> (artifact id: '110a36b710bb7bd23ebf6f9538817d07') in 0.001208793 seconds
Start importing Packages/com.unity.entities/Editor Default Resources/uxml/SystemSchedule/system-schedule-header.uxml using Guid(9ab2c777e00be3e4c96541b1fd7d6648) (ScriptedImporter) -> (artifact id: 'bb5e2119b0d773200134959d3086c95d') in 0.001349123 seconds
Start importing Packages/com.unity.entities/Editor Default Resources/uxml/ActiveBuildConfiguration/active-build-config-popup-item.uxml using Guid(3b842a7698993f44696a1fed88f8a6e8) (ScriptedImporter) -> (artifact id: '47feeadf40cb7ab1335f5e74922686d0') in 0.001049408 seconds
Start importing Packages/com.unity.entities/Editor Default Resources/uxml/Common/system-dependency-view.uxml using Guid(5b75c41fd0a85e145808ae042992c430) (ScriptedImporter) -> (artifact id: 'cb5415596b1f2cc72840ba2fe25e601a') in 0.001150163 seconds
Start importing Packages/com.unity.entities/Editor Default Resources/Unity.Entities.UI/uxml/build-configuration.uxml using Guid(5ccee95a96751684eb41e3f1c16ab075) (ScriptedImporter) -> (artifact id: '76d2f13e361d8298bde697b967150ce4') in 0.002849866 seconds
Start importing Packages/com.unity.entities/Editor Default Resources/uxml/Inspector/entity-inspector-components-tab.uxml using Guid(9c60efcd8dd305d42ac62bc63a3eedd3) (ScriptedImporter) -> (artifact id: 'e9cebc4180d6ec5faf9867178cd91883') in 0.001229685 seconds
Start importing Packages/com.unity.entities/Editor Default Resources/uxml/ProfilerModules/structural-changes-profiler-window.uxml using Guid(ac753f79dc7a7b74289f1b8d9f017489) (ScriptedImporter) -> (artifact id: '96004a2df43eb743fccbb4fe14ba0f87') in 0.001941208 seconds
Start importing Packages/com.unity.entities/Editor Default Resources/uxml/ProfilerModules/memory-profiler-component.uxml using Guid(bce0c4a219a59fd4eaa230c2827bccf7) (ScriptedImporter) -> (artifact id: 'bff06c73a83ad021f87bec1f64d2b690') in 0.001345015 seconds
Start importing Packages/com.unity.entities/Editor Default Resources/uxml/Journaling/search-and-goto-buttons.uxml using Guid(ec9df4b6e98765f4890163614e54c7c5) (ScriptedImporter) -> (artifact id: '7a8cf12b4f878031c0eb62d2486fb622') in 0.001314452 seconds
Start importing Packages/com.unity.entities/Editor Default Resources/uxml/ActiveBuildConfiguration/active-build-config-window.uxml using Guid(0dfc372e08d9df24f904a30fc0737ca7) (ScriptedImporter) -> (artifact id: '3b4fa821637b6c214d697f2ea16e7327') in 0.001416587 seconds
Start importing Packages/com.unity.entities/Editor Default Resources/uxml/Hierarchy/hierarchy-toolbar.uxml using Guid(6d18dda165e754a4db5c73c3aaa6abd1) (ScriptedImporter) -> (artifact id: '992199d4e0d862668c64194c2c441b89') in 0.001254705 seconds
Start importing Packages/com.unity.entities/Editor Default Resources/uxml/Search/search-element-filter-popup.uxml using Guid(7d859cb5124b04934bdaf787dad0c4aa) (ScriptedImporter) -> (artifact id: 'af1d0601cc4a6e4dfd5ad78c33c9d523') in 0.001294832 seconds
Start importing Packages/com.unity.entities/Editor Default Resources/Unity.Entities.UI/uxml/install-quick-search-popup.uxml using Guid(bdd9c3d6a9e60e748bdbabf679a5cab8) (ScriptedImporter) -> (artifact id: '6461b772e13a359d4e16c234a4bf8da5') in 0.001403077 seconds
Start importing Packages/com.unity.entities/Editor Default Resources/uxml/Hierarchy/hierarchy-prefab-stage.uxml using Guid(bdf9e0a026904203a8200dee350e991b) (ScriptedImporter) -> (artifact id: 'de7d30b15cf386c6dd82d392d5bfa217') in 0.001500954 seconds
Start importing Packages/com.unity.entities/Editor Default Resources/uxml/SystemSchedule/system-schedule-toolbar.uxml using Guid(4e54ea1415d54174689bd05d729bee16) (ScriptedImporter) -> (artifact id: '4bbaa0e5865cd1657c395403aa4f6cb8') in 0.001616868 seconds
Start importing Packages/com.unity.entities/Editor Default Resources/Unity.Entities.UI/uxml/pagination-element.uxml using Guid(4e69a50ddae71b04291b30faa5cd4060) (ScriptedImporter) -> (artifact id: '07d83d97fe14519303835721560acd65') in 0.003087746 seconds
Start importing Packages/com.unity.entities/Editor Default Resources/Unity.Entities.UI/uxml/lazy-load-reference.uxml using Guid(5e11d8941300a4e45afc85edd2b9838c) (ScriptedImporter) -> (artifact id: '506aee167ffa2ade60b7a14df04cd76c') in 0.001626104 seconds
Start importing Packages/com.unity.entities/Editor Default Resources/uxml/DebugWindows/system-debug-window.uxml using Guid(9e2243c1c62fe0c40a2e79f6321550a7) (ScriptedImporter) -> (artifact id: '0066ba16636e090b437931d851786c7e') in 0.006511112 seconds
Start importing Packages/com.unity.entities/Editor Default Resources/Unity.Entities.UI/uxml/build-component.uxml using Guid(6f3eb4eba4d5ff945bafc0980ca00e6c) (ScriptedImporter) -> (artifact id: 'f68b0c892026255654db01084e4b350c') in 0.003976263 seconds
Start importing Packages/com.unity.entities/Editor Default Resources/uxml/Common/foldout-without-action-button.uxml using Guid(9f27b10bb0c8bec40bdb50ac27f13fec) (ScriptedImporter) -> (artifact id: '19d238d734e9d003cb6d0cbf24891517') in 0.001879905 seconds
Start importing Packages/com.unity.entities/Editor Default Resources/uxml/Common/component-view.uxml using Guid(df52dd2d928bbe9478dd70f1fe97708b) (ScriptedImporter) -> (artifact id: 'dd908f3817ae013cecaa675a326aae90') in 0.001783992 seconds
Launched and connected shader compiler UnityShaderCompiler after 0.02 seconds
Launched and connected shader compiler UnityShaderCompiler after 0.02 seconds
Loading style catalogs (8)
	StyleSheets/Extensions/base/common.uss
	UIPackageResources/StyleSheets/Default/Variables/Public/common.uss
	StyleSheets/Northstar/common.uss
	StyleSheets/Extensions/fonts/inter.uss
	StyleSheets/Extensions/base/dark.uss
	UIPackageResources/StyleSheets/Default/Northstar/Palette/dark.uss
	Packages/com.unity.entities/Editor Default Resources/uss/StyleSheets/Extensions/common.uss
	Packages/com.unity.entities/Editor Default Resources/uss/StyleSheets/Extensions/dark.uss
Refreshing native plugins compatible for Editor in 0.16 ms, found 1 plugins.
Preloading 0 native plugins for Editor in 0.00 ms.
Asset Pipeline Refresh (id=922ba90cf1bb11d7cbc59b52957af0c5): Total: 11.445 seconds - Initiated by InitialRefreshV2(ForceSynchronousImport)
	Summary:
		Imports: total=1549 (actual=1549, local cache=0, cache server=0)
		Asset DB Process Time: managed=213 ms, native=3506 ms
		Asset DB Callback time: managed=369 ms, native=1193 ms
		Scripting: domain reloads=1, domain reload time=405 ms, compile time=5737 ms, other=20 ms
		Project Asset Count: scripts=843, non-scripts=706
		Asset File Changes: new=4491, changed=4491, moved=0, deleted=0
		Scan Filter Count: 1
	InvokeCustomDependenciesCallbacks: 0.002ms
	InvokePackagesCallback: 932.132ms
	ApplyChangesToAssetFolders: 0.306ms
	Scan: 502.726ms
	OnSourceAssetsModified: 8.501ms
	CategorizeAssetsWithTransientArtifact: 14.534ms
	ProcessAssetsWithTransientArtifactChanges: 15.478ms
	CategorizeAssets: 7.580ms
	ImportOutOfDateAssets: 3083.450ms (-4896.439ms without children)
		ImportManagerImport: 2237.351ms (163.247ms without children)
			ImportInProcess: 2070.126ms
			UpdateCategorizedAssets: 3.978ms
		CompileScripts: 5736.603ms
		ReloadNativeAssets: 0.000ms
		UnloadImportedAssets: 0.188ms
		ReloadImportedAssets: 0.121ms
		EnsureUptoDateAssetsAreRegisteredWithGuidPM: 0.116ms
		InitializingProgressBar: 0.004ms
		PostProcessAllAssetNotificationsAddChangedAssets: 0.000ms
		OnDemandSchedulerStart: 5.505ms
	PostProcessAllAssets: 627.462ms
	Hotreload: 1.211ms
	GatherAllCurrentPrimaryArtifactRevisions: 0.000ms
	UnloadStreamsBegin: 0.265ms
	PersistCurrentRevisions: 1.062ms
	UnloadStreamsEnd: 0.019ms
	GenerateScriptTypeHashes: 0.664ms
	Untracked: 6250.122ms

Application.AssetDatabase Initial Refresh End
Scanning for USB devices : 0.747ms
Initializing Unity extensions:
UpdateMenuTitleForLanguage: 10
[MODES] ModeService[none].Initialize
[MODES] ModeService[none].LoadModes
[MODES] Loading mode Default (0) for mode-current-id-GameCoreProbe
Unloading 75 Unused Serialized files (Serialized files now loaded: 0)
Unloading 3095 unused Assets / (8.8 MB). Loaded Objects now: 3443.
Memory consumption went from 136.1 MB to 127.3 MB.
Total: 9.263032 ms (FindLiveObjects: 0.225910 ms CreateObjectMapping: 0.168969 ms MarkObjects: 7.140968 ms  DeleteObjects: 1.726576 ms)

[GC003] unchanged /home/worlesenric/wkspace/gc-wt/gc-025/unity/GameCore.NegativeCheck/Assets/GameCore.Validation/Generated/ProbeCatalog.g.cs; bytes=25321; catalogFingerprint=02bb94ab81353a2063fb1cb92d77ce3b9889885b02a95de515193e45178f37ff; coverage=unchanged; bytes=25321; catalogFileHash=03bdcd23fd8ec0515d93d7c54d7f7c695f3860a850a7280b82316aaacd14c5c1; catalogFingerprint=02bb94ab81353a2063fb1cb92d77ce3b9889885b02a95de515193e45178f37ff
UnityEngine.Debug:ExtractStackTraceNoAlloc (byte*,int,string)
UnityEngine.StackTraceUtility:ExtractStackTrace () (at /home/bokken/build/output/unity/unity/Runtime/Export/Scripting/StackTrace.cs:35)
UnityEngine.DebugLogHandler:Internal_Log (UnityEngine.LogType,UnityEngine.LogOption,string,UnityEngine.Object)
UnityEngine.DebugLogHandler:LogFormat (UnityEngine.LogType,UnityEngine.Object,string,object[])
UnityEngine.Logger:Log (UnityEngine.LogType,object)
UnityEngine.Debug:Log (object)
GameCore.Validation.Editor.ProbeCatalogGenerator:GenerateCatalog () (at Assets/GameCore.Validation/Editor/ProbeCatalogGenerator.cs:66)

(Filename: Assets/GameCore.Validation/Editor/ProbeCatalogGenerator.cs Line: 66)

Asset Pipeline Refresh (id=26c77b8f14936cb66ab0d460c5f124d6): Total: 0.070 seconds - Initiated by RefreshV2(NoUpdateAssetOptions)
Batchmode quit successfully invoked - shutting down!
Curl error 42: Callback aborted
Unloading 0 Unused Serialized files (Serialized files now loaded: 0)
Unloading 1 unused Assets / (0.8 KB). Loaded Objects now: 3447.
Memory consumption went from 117.8 MB to 117.8 MB.
Total: 5.186979 ms (FindLiveObjects: 0.110876 ms CreateObjectMapping: 0.044040 ms MarkObjects: 5.013408 ms  DeleteObjects: 0.018107 ms)

[Physics::Module] Cleanup current backned.
[Physics::Module] Id: 0xf2b8ea05
Input System module state changed to: ShutdownInProgress.
Input System polling thread exited.
Input System module state changed to: Shutdown.
[Licensing::IpcConnector] LicenseClient-worlesenric-notifications channel disconnected successfully.
[Licensing::IpcConnector] LicenseClient-worlesenric channel disconnected successfully.
AcceleratorClientConnectionCallback - disconnected - :0
[40m[32minfo[39m[22m[49m: Microsoft.Hosting.Lifetime[0]
      Application is shutting down...
[40m[32minfo[39m[22m[49m: Unity.ILPP.Runner.PostProcessingAssemblyLoadContext[0]
      ALC ILPP context 1 is unloading
Cleanup mono
debugger-agent: Unable to listen on 33
Exiting batchmode successfully now!
