Unity Editor version:    6000.0.75f1 (26349cd2a5c8)
Branch:                  6000.0/staging
Build type:              Release
Batch mode:              NO
System name:             Linux
Distro version:          #31~24.04.1-Ubuntu SMP PREEMPT_DYNAMIC Mon Aug 10 09:38:02 UTC 2
Kernel version:          7.0.0-31-generic
Architecture:            x86_64
Available memory:        31897 MB
[Licensing::Module] Trying to connect to existing licensing client channel...
[Licensing::IpcConnector] Successfully connected to: "LicenseClient-worlesenric" at "2026-10-07T18:27:24.135608Z"
[SignatureVerifier] Application signature verification not supported on this platform.
[Licensing::Client] Handshaking with LicensingClient:
  Version:                 1.17.4+4293ba1
  Session Id:              5d7e2fa38d5f48938020e248810d0c45
  Correlation Id:          70dec6492dd8776ac9455dd9efce7e71
  External correlation Id: 1576775595731893389
  Machine Id:              jd93gYTNlAg1qIhTY9iII/nAhSo=
[Licensing::Module] Successfully connected to LicensingClient on channel: "LicenseClient-worlesenric" (connect: 0.00s, validation: 0.00s, handshake: 0.00s)
[Licensing::IpcConnector] Successfully connected to: "LicenseClient-worlesenric-notifications" at "2026-10-07T18:27:24.136222Z"
[Licensing::Module] Error: Access token is unavailable; failed to update
[Licensing::Client] Successfully resolved entitlement details
[Licensing::Module] License group:
  Id: 1375999166540-UnityPersXXXX
  Product: Unity Personal
  Type: Assigned
  Expiration: Unlimited
[Licensing::Client] Successfully updated license, isAsync: True, time: 0.00
[Licensing::Module] Licensing Background thread has ended after 0.00s
The selected window backend is (null)
Desktop is 1920 x 1080 @ 60 Hz
Initialize udev device monitor.

COMMAND LINE ARGUMENTS:
~/Unity/Hub/Editor/6000.0.75f1/Editor/Unity
-projectPath
~/wkspace/gc-studio/p4.2k/games/hollowmere
-logFile
-
-runTests
-testPlatform
EditMode
-testFilter
R2_38_W_UI_04_W_GAME_08_TenCyclesWithSnapshotsAndOnePump
-testResults
~/wkspace/gc-studio/p4.2k/artifacts/studio/verification/W-GAME-08/native-memory-and-pumps-20261007T182723.901674Z/results.xml
Successfully changed project path to: ~/wkspace/gc-studio/p4.2k/games/hollowmere
~/wkspace/gc-studio/p4.2k/games/hollowmere
[UnityMemory] Configuration Parameters - Can be set up in boot.config
"memorysetup-bucket-allocator-granularity=16"
"memorysetup-bucket-allocator-bucket-count=8"
"memorysetup-bucket-allocator-block-size=33554432"
"memorysetup-bucket-allocator-block-count=8"
"memorysetup-main-allocator-block-size=16777216"
"memorysetup-thread-allocator-block-size=16777216"
"memorysetup-gfx-main-allocator-block-size=16777216"
"memorysetup-gfx-thread-allocator-block-size=16777216"
"memorysetup-cache-allocator-block-size=4194304"
"memorysetup-typetree-allocator-block-size=2097152"
"memorysetup-profiler-bucket-allocator-granularity=16"
"memorysetup-profiler-bucket-allocator-bucket-count=8"
"memorysetup-profiler-bucket-allocator-block-size=33554432"
"memorysetup-profiler-bucket-allocator-block-count=8"
"memorysetup-profiler-allocator-block-size=16777216"
"memorysetup-profiler-editor-allocator-block-size=1048576"
"memorysetup-temp-allocator-size-main=16777216"
"memorysetup-job-temp-allocator-block-size=2097152"
"memorysetup-job-temp-allocator-block-size-background=1048576"
"memorysetup-job-temp-allocator-reduction-small-platforms=262144"
"memorysetup-allocator-temp-initial-block-size-main=262144"
"memorysetup-allocator-temp-initial-block-size-worker=262144"
"memorysetup-temp-allocator-size-background-worker=32768"
"memorysetup-temp-allocator-size-job-worker=262144"
"memorysetup-temp-allocator-size-preload-manager=33554432"
"memorysetup-temp-allocator-size-nav-mesh-worker=65536"
"memorysetup-temp-allocator-size-audio-worker=65536"
"memorysetup-temp-allocator-size-cloud-worker=32768"
"memorysetup-temp-allocator-size-gi-baking-worker=262144"
"memorysetup-temp-allocator-size-gi-baking-worker=262144"
"memorysetup-temp-allocator-size-gi-baking-worker=262144"
"memorysetup-temp-allocator-size-gi-baking-worker=262144"
"memorysetup-temp-allocator-size-gi-baking-worker=262144"
"memorysetup-temp-allocator-size-gfx=262144"
Player connection [132367163155776]  Target information:

Player connection [132367163155776]  * "[IP] 192.168.0.21 [Port] 55504 [Flags] 2 [Guid] 812476164 [EditorId] 812476164 [Version] 1048832 [Id] LinuxEditor(16,192.168.0.21) [Debug] 1 [PackageName] LinuxEditor [ProjectName] Editor"

Player connection [132367163155776]  * "[IP] 172.18.0.1 [Port] 55504 [Flags] 2 [Guid] 812476164 [EditorId] 812476164 [Version] 1048832 [Id] LinuxEditor(16,192.168.0.21) [Debug] 1 [PackageName] LinuxEditor [ProjectName] Editor"

Player connection [132367163155776]  * "[IP] 172.17.0.1 [Port] 55504 [Flags] 2 [Guid] 812476164 [EditorId] 812476164 [Version] 1048832 [Id] LinuxEditor(16,192.168.0.21) [Debug] 1 [PackageName] LinuxEditor [ProjectName] Editor"

Player connection [132367163155776]  * "[IP] 10.42.0.0 [Port] 55504 [Flags] 2 [Guid] 812476164 [EditorId] 812476164 [Version] 1048832 [Id] LinuxEditor(16,192.168.0.21) [Debug] 1 [PackageName] LinuxEditor [ProjectName] Editor"

Player connection [132367163155776]  * "[IP] 10.42.0.1 [Port] 55504 [Flags] 2 [Guid] 812476164 [EditorId] 812476164 [Version] 1048832 [Id] LinuxEditor(16,192.168.0.21) [Debug] 1 [PackageName] LinuxEditor [ProjectName] Editor"

Player connection [132367163155776]  * "[IP] 100.66.195.58 [Port] 55504 [Flags] 2 [Guid] 812476164 [EditorId] 812476164 [Version] 1048832 [Id] LinuxEditor(16,192.168.0.21) [Debug] 1 [PackageName] LinuxEditor [ProjectName] Editor"

Player connection [132367163155776]  * "[IP] 172.19.0.1 [Port] 55504 [Flags] 2 [Guid] 812476164 [EditorId] 812476164 [Version] 1048832 [Id] LinuxEditor(16,192.168.0.21) [Debug] 1 [PackageName] LinuxEditor [ProjectName] Editor"

Player connection [132367163155776]  * "[IP] 172.20.0.1 [Port] 55504 [Flags] 2 [Guid] 812476164 [EditorId] 812476164 [Version] 1048832 [Id] LinuxEditor(16,192.168.0.21) [Debug] 1 [PackageName] LinuxEditor [ProjectName] Editor"

Player connection [132367163155776] Host joined multi-casting on [225.0.0.222:54997]...
Player connection [132367163155776] Host joined alternative multi-casting on [225.0.0.222:34997]...
Input System module state changed to: Initialized.
[Physics::Module] Initialized fallback backend.
[Physics::Module] Id: 0xdecafbad
[Package Manager] Connected to IPC stream "Upm-3769417" after 0.2 seconds.
Library Redirect Path: Library/
[Physics::Module] Selected backend.
[Physics::Module] Name: PhysX
[Physics::Module] Id: 0xf2b8ea05
[Physics::Module] SDK Version: 4.1.2
[Physics::Module] Integration Version: 1.0.0
[Physics::Module] Threading Mode: Multi-Threaded
Refreshing native plugins compatible for Editor in 0.19 ms, found 0 plugins.
Preloading 0 native plugins for Editor in 0.00 ms.
Initialize engine version: 6000.0.75f1 (26349cd2a5c8)
[Subsystems] Discovering subsystems at path ~/Unity/Hub/Editor/6000.0.75f1/Editor/Data/Resources/UnitySubsystems
[Subsystems] Discovering subsystems at path ~/wkspace/gc-studio/p4.2k/games/hollowmere/Assets
kGfxThreadingModeNonThreaded is not supported on OpenGL Core. Reverting to kGfxThreadingModeDirect instead.
GfxDevice: creating device client; kGfxThreadingModeDirect
GLX Extensions: GLX_ARB_get_proc_address GLX_ARB_multisample GLX_EXT_visual_info GLX_EXT_visual_rating GLX_EXT_import_context GLX_SGI_video_sync GLX_SGIX_fbconfig GLX_SGIX_pbuffer GLX_SGI_swap_control GLX_EXT_swap_control GLX_EXT_swap_control_tear GLX_EXT_buffer_age GLX_ARB_create_context GLX_ARB_create_context_profile GLX_NV_float_buffer GLX_ARB_fbconfig_float GLX_EXT_texture_from_pixmap GLX_EXT_framebuffer_sRGB GLX_NV_copy_image GLX_EXT_create_context_es_profile GLX_EXT_create_context_es2_profile GLX_ARB_create_context_no_error GLX_ARB_create_context_robustness GLX_NV_delay_before_swap GLX_EXT_stereo_tree GLX_ARB_context_flush_control GLX_NV_robustness_video_memory_purge GLX_NV_multigpu_context
Renderer: NVIDIA GeForce RTX 4060 Ti/PCIe/SSE2
Vendor:   NVIDIA Corporation
Version:  4.5.0 NVIDIA 595.84
GLES:     0
 GL_AMD_multi_draw_indirect GL_AMD_seamless_cubemap_per_texture GL_AMD_vertex_shader_viewport_index GL_AMD_vertex_shader_layer GL_ARB_arrays_of_arrays GL_ARB_base_instance GL_ARB_bindless_texture GL_ARB_blend_func_extended GL_ARB_buffer_storage GL_ARB_clear_buffer_object GL_ARB_clear_texture GL_ARB_clip_control GL_ARB_color_buffer_float GL_ARB_compressed_texture_pixel_storage GL_ARB_conservative_depth GL_ARB_compute_shader GL_ARB_compute_variable_group_size GL_ARB_conditional_render_inverted GL_ARB_copy_buffer GL_ARB_copy_image GL_ARB_cull_distance GL_ARB_debug_output GL_ARB_depth_buffer_float GL_ARB_depth_clamp GL_ARB_depth_texture GL_ARB_derivative_control GL_ARB_direct_state_access GL_ARB_draw_buffers GL_ARB_draw_buffers_blend GL_ARB_draw_indirect GL_ARB_draw_elements_base_vertex GL_ARB_draw_instanced GL_ARB_enhanced_layouts GL_ARB_ES2_compatibility GL_ARB_ES3_compatibility GL_ARB_ES3_1_compatibility GL_ARB_ES3_2_compatibility GL_ARB_explicit_attrib_location GL_ARB_explicit_uniform_location GL_ARB_fragmen
t_coord_conventions GL_ARB_fragment_layer_viewport GL_ARB_fragment_program GL_ARB_fragment_program_shadow GL_ARB_fragment_shader GL_ARB_fragment_shader_interlock GL_ARB_framebuffer_no_attachments GL_ARB_framebuffer_object GL_ARB_framebuffer_sRGB GL_ARB_geometry_shader4 GL_ARB_get_program_binary GL_ARB_get_texture_sub_image GL_ARB_gl_spirv GL_ARB_gpu_shader5 GL_ARB_gpu_shader_fp64 GL_ARB_gpu_shader_int64 GL_ARB_half_float_pixel GL_ARB_half_float_vertex GL_ARB_imaging GL_ARB_indirect_parameters GL_ARB_instanced_arrays GL_ARB_internalformat_query GL_ARB_internalformat_query2 GL_ARB_invalidate_subdata GL_ARB_map_buffer_alignment GL_ARB_map_buffer_range GL_ARB_multi_bind GL_ARB_multi_draw_indirect GL_ARB_multisample GL_ARB_multitexture GL_ARB_occlusion_query GL_ARB_occlusion_query2 GL_ARB_parallel_shader_compile GL_ARB_pipeline_statistics_query GL_ARB_pixel_buffer_object GL_ARB_point_parameters GL_ARB_point_sprite GL_ARB_polygon_offset_clamp GL_ARB_post_depth_coverage GL_ARB_program_interface_query GL_ARB_provoki
ng_vertex GL_ARB_query_buffer_object GL_ARB_robust_buffer_access_behavior GL_ARB_robustness GL_ARB_sample_locations GL_ARB_sample_shading GL_ARB_sampler_objects GL_ARB_seamless_cube_map GL_ARB_seamless_cubemap_per_texture GL_ARB_separate_shader_objects GL_ARB_shader_atomic_counter_ops GL_ARB_shader_atomic_counters GL_ARB_shader_ballot GL_ARB_shader_bit_encoding GL_ARB_shader_clock GL_ARB_shader_draw_parameters GL_ARB_shader_group_vote GL_ARB_shader_image_load_store GL_ARB_shader_image_size GL_ARB_shader_objects GL_ARB_shader_precision GL_ARB_shader_storage_buffer_object GL_ARB_shader_subroutine GL_ARB_shader_texture_image_samples GL_ARB_shader_texture_lod GL_ARB_shading_language_100 GL_ARB_shader_viewport_layer_array GL_ARB_shading_language_420pack GL_ARB_shading_language_include GL_ARB_shading_language_packing GL_ARB_shadow GL_ARB_sparse_buffer GL_ARB_sparse_texture GL_ARB_sparse_texture2 GL_ARB_sparse_texture_clamp GL_ARB_spirv_extensions GL_ARB_stencil_texturing GL_ARB_sync GL_ARB_tessellation_shader GL_A
RB_texture_barrier GL_ARB_texture_border_clamp GL_ARB_texture_buffer_object GL_ARB_texture_buffer_object_rgb32 GL_ARB_texture_buffer_range GL_ARB_texture_compression GL_ARB_texture_compression_bptc GL_ARB_texture_compression_rgtc GL_ARB_texture_cube_map GL_ARB_texture_cube_map_array GL_ARB_texture_env_add GL_ARB_texture_env_combine GL_ARB_texture_env_crossbar GL_ARB_texture_env_dot3 GL_ARB_texture_filter_anisotropic GL_ARB_texture_filter_minmax GL_ARB_texture_float GL_ARB_texture_gather GL_ARB_texture_mirror_clamp_to_edge GL_ARB_texture_mirrored_repeat GL_ARB_texture_multisample GL_ARB_texture_non_power_of_two GL_ARB_texture_query_levels GL_ARB_texture_query_lod GL_ARB_texture_rectangle GL_ARB_texture_rg GL_ARB_texture_rgb10_a2ui GL_ARB_texture_stencil8 GL_ARB_texture_storage GL_ARB_texture_storage_multisample GL_ARB_texture_swizzle GL_ARB_texture_view GL_ARB_timer_query GL_ARB_transform_feedback2 GL_ARB_transform_feedback3 GL_ARB_transform_feedback_instanced GL_ARB_transform_feedback_overflow_query GL_ARB_t
ranspose_matrix GL_ARB_uniform_buffer_object GL_ARB_vertex_array_bgra GL_ARB_vertex_array_object GL_ARB_vertex_attrib_64bit GL_ARB_vertex_attrib_binding GL_ARB_vertex_buffer_object GL_ARB_vertex_program GL_ARB_vertex_shader GL_ARB_vertex_type_10f_11f_11f_rev GL_ARB_vertex_type_2_10_10_10_rev GL_ARB_viewport_array GL_ARB_window_pos GL_ATI_draw_buffers GL_ATI_texture_float GL_ATI_texture_mirror_once GL_S3_s3tc GL_EXT_texture_env_add GL_EXT_abgr GL_EXT_bgra GL_EXT_bindable_uniform GL_EXT_blend_color GL_EXT_blend_equation_separate GL_EXT_blend_func_separate GL_EXT_blend_minmax GL_EXT_blend_subtract GL_EXT_compiled_vertex_array GL_EXT_Cg_shader GL_EXT_depth_bounds_test GL_EXT_direct_state_access GL_EXT_draw_buffers2 GL_EXT_draw_instanced GL_EXT_draw_range_elements GL_EXT_fog_coord GL_EXT_framebuffer_blit GL_EXT_framebuffer_multisample GL_EXTX_framebuffer_mixed_formats GL_EXT_framebuffer_multisample_blit_scaled GL_EXT_framebuffer_object GL_EXT_framebuffer_sRGB GL_EXT_geometry_shader4 GL_EXT_gpu_program_parameters
GL_EXT_gpu_shader4 GL_EXT_multi_draw_arrays GL_EXT_multiview_texture_multisample GL_EXT_multiview_timer_query GL_EXT_packed_depth_stencil GL_EXT_packed_float GL_EXT_packed_pixels GL_EXT_pixel_buffer_object GL_EXT_point_parameters GL_EXT_polygon_offset_clamp GL_EXT_post_depth_coverage GL_EXT_provoking_vertex GL_EXT_raster_multisample GL_EXT_rescale_normal GL_EXT_secondary_color GL_EXT_separate_shader_objects GL_EXT_separate_specular_color GL_EXT_shader_image_load_formatted GL_EXT_shader_image_load_store GL_EXT_shader_integer_mix GL_EXT_shadow_funcs GL_EXT_sparse_texture2 GL_EXT_stencil_two_side GL_EXT_stencil_wrap GL_EXT_texture3D GL_EXT_texture_array GL_EXT_texture_buffer_object GL_EXT_texture_compression_dxt1 GL_EXT_texture_compression_latc GL_EXT_texture_compression_rgtc GL_EXT_texture_compression_s3tc GL_EXT_texture_cube_map GL_EXT_texture_edge_clamp GL_EXT_texture_env_combine GL_EXT_texture_env_dot3 GL_EXT_texture_filter_anisotropic GL_EXT_texture_filter_minmax GL_EXT_texture_integer GL_EXT_texture_lod G
L_EXT_texture_lod_bias GL_EXT_texture_mirror_clamp GL_EXT_texture_object GL_EXT_texture_shadow_lod GL_EXT_texture_shared_exponent GL_EXT_texture_sRGB GL_EXT_texture_sRGB_R8 GL_EXT_texture_sRGB_decode GL_EXT_texture_storage GL_EXT_texture_swizzle GL_EXT_timer_query GL_EXT_transform_feedback2 GL_EXT_vertex_array GL_EXT_vertex_array_bgra GL_EXT_vertex_attrib_64bit GL_EXT_window_rectangles GL_EXT_x11_sync_object GL_EXT_import_sync_object GL_NV_robustness_video_memory_purge GL_IBM_rasterpos_clip GL_IBM_texture_mirrored_repeat GL_KHR_context_flush_control GL_KHR_debug GL_EXT_memory_object GL_EXT_memory_object_fd GL_NV_memory_object_sparse GL_KHR_parallel_shader_compile GL_KHR_no_error GL_KHR_robust_buffer_access_behavior GL_KHR_robustness GL_EXT_semaphore GL_EXT_semaphore_fd GL_NV_timeline_semaphore GL_KHR_shader_subgroup GL_KTX_buffer_region GL_NV_alpha_to_coverage_dither_control GL_NV_bindless_multi_draw_indirect GL_NV_bindless_multi_draw_indirect_count GL_NV_bindless_texture GL_NV_blend_equation_advanced GL_NV_
blend_equation_advanced_coherent GL_NVX_blend_equation_advanced_multi_draw_buffers GL_NV_blend_minmax_factor GL_NV_blend_square GL_NV_clip_space_w_scaling GL_NV_command_list GL_NV_compute_program5 GL_NV_compute_shader_derivatives GL_NV_conditional_render GL_NV_conservative_raster GL_NV_conservative_raster_dilate GL_NV_conservative_raster_pre_snap GL_NV_conservative_raster_pre_snap_triangles GL_NV_conservative_raster_underestimation GL_NV_copy_depth_to_color GL_NV_copy_image GL_NV_depth_buffer_float GL_NV_depth_clamp GL_NV_draw_texture GL_NV_draw_vulkan_image GL_NV_ES1_1_compatibility GL_NV_ES3_1_compatibility GL_NV_explicit_multisample GL_NV_feature_query GL_NV_fence GL_NV_fill_rectangle GL_NV_float_buffer GL_NV_fog_distance GL_NV_fragment_coverage_to_color GL_NV_fragment_program GL_NV_fragment_program_option GL_NV_fragment_program2 GL_NV_fragment_shader_barycentric GL_NV_fragment_shader_interlock GL_NV_framebuffer_mixed_samples GL_NV_framebuffer_multisample_coverage GL_NV_geometry_shader4 GL_NV_geometry_sha
der_passthrough GL_NV_gpu_program4 GL_NV_internalformat_sample_query GL_NV_gpu_program4_1 GL_NV_gpu_program5 GL_NV_gpu_program5_mem_extended GL_NV_gpu_program_fp64 GL_NV_gpu_program_multiview GL_NV_gpu_shader5 GL_NV_half_float GL_NV_light_max_exponent GL_NV_memory_attachment GL_NV_mesh_shader GL_NV_multisample_coverage GL_NV_multisample_filter_hint GL_NV_occlusion_query GL_NV_packed_depth_stencil GL_NV_parameter_buffer_object GL_NV_parameter_buffer_object2 GL_NV_path_rendering GL_NV_path_rendering_shared_edge GL_NV_pixel_data_range GL_NV_point_sprite GL_NV_primitive_restart GL_NV_primitive_shading_rate GL_NV_query_resource GL_NV_query_resource_tag GL_NV_register_combiners GL_NV_register_combiners2 GL_NV_representative_fragment_test GL_NV_sample_locations GL_NV_sample_mask_override_coverage GL_NV_scissor_exclusive GL_NV_shader_atomic_counters GL_NV_shader_atomic_float GL_NV_shader_atomic_float64 GL_NV_shader_atomic_fp16_vector GL_NV_shader_atomic_int64 GL_NV_shader_buffer_load GL_NV_shader_storage_buffer_obje
ct GL_NV_shader_subgroup_partitioned GL_NV_shader_texture_footprint GL_NV_shading_rate_image GL_NV_stereo_view_rendering GL_NV_texgen_reflection GL_NV_texture_barrier GL_NV_texture_compression_vtc GL_NV_texture_dirty_tile_map GL_NV_texture_env_combine4 GL_NV_texture_multisample GL_NV_texture_rectangle GL_NV_texture_rectangle_compressed GL_NV_texture_shader GL_NV_texture_shader2 GL_NV_texture_shader3 GL_NV_transform_feedback GL_NV_transform_feedback2 GL_NV_uniform_buffer_unified_memory GL_NV_uniform_buffer_std430_layout GL_NV_vdpau_interop GL_NV_vdpau_interop2 GL_NV_vertex_array_range GL_NV_vertex_array_range2 GL_NV_vertex_attrib_integer_64bit GL_NV_vertex_buffer_unified_memory GL_NV_vertex_program GL_NV_vertex_program1_1 GL_NV_vertex_program2 GL_NV_vertex_program2_option GL_NV_vertex_program3 GL_NV_viewport_array2 GL_NV_viewport_swizzle GL_NVX_conditional_render GL_NV_gpu_multicast GL_NVX_progress_fence GL_NVX_gpu_memory_info GL_NVX_nvenc_interop GL_NV_shader_thread_group GL_NV_shader_thread_shuffle GL_KHR_b
lend_equation_advanced GL_KHR_blend_equation_advanced_coherent GL_OVR_multiview GL_OVR_multiview2 GL_SGIS_generate_mipmap GL_SGIS_texture_lod GL_SGIX_depth_texture GL_SGIX_shadow GL_SUN_slice_accum
OPENGL LOG: Creating OpenGL 4.5 graphics device ; Context level  <OpenGL 4.5> ; Context handle -2057400216
Initialize mono
Mono path[0] = '~/Unity/Hub/Editor/6000.0.75f1/Editor/Data/Managed'
Mono path[1] = '~/Unity/Hub/Editor/6000.0.75f1/Editor/Data/MonoBleedingEdge/lib/mono/unityjit-linux'
Mono config path = '~/Unity/Hub/Editor/6000.0.75f1/Editor/Data/MonoBleedingEdge/etc'
Using monoOptions --debugger-agent=transport=dt_socket,embedding=1,server=y,suspend=n,address=127.0.0.1:56417
Using cacheserver namespaces - metadata:defaultmetadata, artifacts:defaultartifacts
Using cacheserver namespaces - metadata:defaultmetadata, artifacts:defaultartifacts
ImportWorker Server TCP listen port: 0
AcceleratorClientConnectionCallback - disconnected - :0
Begin MonoManager ReloadAssembly
Registering precompiled unity dll's ...
Register platform support module: ~/Unity/Hub/Editor/6000.0.75f1/Editor/Data/PlaybackEngines/MacStandaloneSupport/UnityEditor.OSXStandalone.Extensions.dll
Register platform support module: ~/Unity/Hub/Editor/6000.0.75f1/Editor/Data/PlaybackEngines/LinuxStandaloneSupport/UnityEditor.LinuxStandalone.Extensions.dll
Registered in 0.001214 seconds.
- Loaded All Assemblies, in  0.281 seconds
Native extension for LinuxStandalone target not found
Package Manager log level set to [2]
[Licensing::Client] Successfully resolved entitlement details
Native extension for OSXStandalone target not found
Mono: successfully reloaded assembly
- Finished resetting the current domain, in 21.150 seconds
Domain Reload Profiling: 21431ms
	BeginReloadAssembly (71ms)
		ExecutionOrderSort (0ms)
		DisableScriptedObjects (0ms)
		BackupInstance (0ms)
		ReleaseScriptingObjects (0ms)
		CreateAndSetChildDomain (1ms)
	RebuildCommonClasses (31ms)
	RebuildNativeTypeToScriptingClass (7ms)
	initialDomainReloadingComplete (46ms)
	LoadAllAssembliesAndSetupDomain (126ms)
		LoadAssemblies (71ms)
		RebuildTransferFunctionScriptingTraits (0ms)
		AnalyzeDomain (124ms)
			TypeCache.Refresh (122ms)
				TypeCache.ScanAssembly (111ms)
			BuildScriptInfoCaches (0ms)
			ResolveRequiredComponents (0ms)
	FinalizeReload (21150ms)
		ReleaseScriptCaches (0ms)
		RebuildScriptCaches (0ms)
		SetupLoadedEditorAssemblies (21108ms)
			LogAssemblyErrors (0ms)
			InitializePlatformSupportModulesInManaged (20876ms)
			SetLoadedEditorAssemblies (4ms)
			BeforeProcessingInitializeOnLoad (44ms)
			ProcessInitializeOnLoadAttributes (104ms)
			ProcessInitializeOnLoadMethodAttributes (80ms)
			AfterProcessingInitializeOnLoad (0ms)
			EditorAssembliesLoaded (0ms)
		ExecutionOrderSort2 (0ms)
		AwakeInstancesAfterBackupRestoration (0ms)
[Licensing::Client] Successfully resolved entitlement details
Application.AssetDatabase Initial Refresh Start
[Package Manager] Restoring resolved packages state from cache
[Licensing::Client] Successfully resolved entitlement details
[Package Manager] Registered 76 packages:
  Packages from [https://packages.unity.com]:
    com.unity.ai.navigation@2.0.12 (location: ~/wkspace/gc-studio/p4.2k/games/hollowmere/Library/PackageCache/com.unity.ai.navigation@734c2c4c5591)
    com.unity.burst@1.8.28 (location: ~/wkspace/gc-studio/p4.2k/games/hollowmere/Library/PackageCache/com.unity.burst@07790c2d06d9)
    com.unity.collections@2.6.6 (location: ~/wkspace/gc-studio/p4.2k/games/hollowmere/Library/PackageCache/com.unity.collections@9796e5ee0d9e)
    com.unity.entities@1.4.6 (location: ~/wkspace/gc-studio/p4.2k/games/hollowmere/Library/PackageCache/com.unity.entities@e90944159b94)
    com.unity.inputsystem@1.19.0 (location: ~/wkspace/gc-studio/p4.2k/games/hollowmere/Library/PackageCache/com.unity.inputsystem@21a28c3a6c83)
    com.unity.mathematics@1.3.2 (location: ~/wkspace/gc-studio/p4.2k/games/hollowmere/Library/PackageCache/com.unity.mathematics@8017b507cc74)
    com.unity.nuget.newtonsoft-json@3.2.1 (location: ~/wkspace/gc-studio/p4.2k/games/hollowmere/Library/PackageCache/com.unity.nuget.newtonsoft-json@74deb55db2a0)
    com.unity.toolchain.linux-x86_64@2.0.11 (location: ~/wkspace/gc-studio/p4.2k/games/hollowmere/Library/PackageCache/com.unity.toolchain.linux-x86_64@53b88ff74b51)
    com.unity.sysroot@2.0.10 (location: ~/wkspace/gc-studio/p4.2k/games/hollowmere/Library/PackageCache/com.unity.sysroot@7bbbb9339c14)
    com.unity.sysroot.linux-x86_64@2.0.9 (location: ~/wkspace/gc-studio/p4.2k/games/hollowmere/Library/PackageCache/com.unity.sysroot.linux-x86_64@1998d1c7730e)
    com.unity.serialization@3.1.5 (location: ~/wkspace/gc-studio/p4.2k/games/hollowmere/Library/PackageCache/com.unity.serialization@c463b52e88d7)
    com.unity.profiling.core@1.0.3 (location: ~/wkspace/gc-studio/p4.2k/games/hollowmere/Library/PackageCache/com.unity.profiling.core@8a49f7027d06)
    com.unity.nuget.mono-cecil@1.11.6 (location: ~/wkspace/gc-studio/p4.2k/games/hollowmere/Library/PackageCache/com.unity.nuget.mono-cecil@ecb9724e46ff)
    com.unity.scriptablebuildpipeline@2.6.1 (location: ~/wkspace/gc-studio/p4.2k/games/hollowmere/Library/PackageCache/com.unity.scriptablebuildpipeline@36e3b5898ee2)
    com.unity.test-framework.performance@3.4.0 (location: ~/wkspace/gc-studio/p4.2k/games/hollowmere/Library/PackageCache/com.unity.test-framework.performance@aa81a99c4a75)
    com.unity.searcher@4.9.3 (location: ~/wkspace/gc-studio/p4.2k/games/hollowmere/Library/PackageCache/com.unity.searcher@1e17ce91558d)
  Built-in packages:
    com.unity.modules.ai@1.0.0 (location: ~/wkspace/gc-studio/p4.2k/games/hollowmere/Library/PackageCache/com.unity.modules.ai)
    com.unity.modules.animation@1.0.0 (location: ~/wkspace/gc-studio/p4.2k/games/hollowmere/Library/PackageCache/com.unity.modules.animation)
    com.unity.modules.audio@1.0.0 (location: ~/wkspace/gc-studio/p4.2k/games/hollowmere/Library/PackageCache/com.unity.modules.audio)
    com.unity.modules.imageconversion@1.0.0 (location: ~/wkspace/gc-studio/p4.2k/games/hollowmere/Library/PackageCache/com.unity.modules.imageconversion)
    com.unity.modules.imgui@1.0.0 (location: ~/wkspace/gc-studio/p4.2k/games/hollowmere/Library/PackageCache/com.unity.modules.imgui)
    com.unity.modules.jsonserialize@1.0.0 (location: ~/wkspace/gc-studio/p4.2k/games/hollowmere/Library/PackageCache/com.unity.modules.jsonserialize)
    com.unity.modules.physics@1.0.0 (location: ~/wkspace/gc-studio/p4.2k/games/hollowmere/Library/PackageCache/com.unity.modules.physics)
    com.unity.modules.screencapture@1.0.0 (location: ~/wkspace/gc-studio/p4.2k/games/hollowmere/Library/PackageCache/com.unity.modules.screencapture)
    com.unity.modules.ui@1.0.0 (location: ~/wkspace/gc-studio/p4.2k/games/hollowmere/Library/PackageCache/com.unity.modules.ui)
    com.unity.modules.uielements@1.0.0 (location: ~/wkspace/gc-studio/p4.2k/games/hollowmere/Library/PackageCache/com.unity.modules.uielements)
    com.unity.modules.unitywebrequest@1.0.0 (location: ~/wkspace/gc-studio/p4.2k/games/hollowmere/Library/PackageCache/com.unity.modules.unitywebrequest)
    com.unity.modules.video@1.0.0 (location: ~/wkspace/gc-studio/p4.2k/games/hollowmere/Library/PackageCache/com.unity.modules.video)
    com.unity.render-pipelines.universal@17.0.4 (location: ~/wkspace/gc-studio/p4.2k/games/hollowmere/Library/PackageCache/com.unity.render-pipelines.universal@a1a2df1d8dcb)
    com.unity.test-framework@1.6.0 (location: ~/wkspace/gc-studio/p4.2k/games/hollowmere/Library/PackageCache/com.unity.test-framework@bd52b1c23814)
    com.unity.ext.nunit@2.0.5 (location: ~/wkspace/gc-studio/p4.2k/games/hollowmere/Library/PackageCache/com.unity.ext.nunit@b16e6d09cd93)
    com.unity.render-pipelines.core@17.0.4 (location: ~/wkspace/gc-studio/p4.2k/games/hollowmere/Library/PackageCache/com.unity.render-pipelines.core@2fecbe5ecc80)
    com.unity.shadergraph@17.0.4 (location: ~/wkspace/gc-studio/p4.2k/games/hollowmere/Library/PackageCache/com.unity.shadergraph@029994c473dc)
    com.unity.render-pipelines.universal-config@17.0.3 (location: ~/wkspace/gc-studio/p4.2k/games/hollowmere/Library/PackageCache/com.unity.render-pipelines.universal-config@e48fefd716b5)
    com.unity.modules.hierarchycore@1.0.0 (location: ~/wkspace/gc-studio/p4.2k/games/hollowmere/Library/PackageCache/com.unity.modules.hierarchycore)
    com.unity.modules.assetbundle@1.0.0 (location: ~/wkspace/gc-studio/p4.2k/games/hollowmere/Library/PackageCache/com.unity.modules.assetbundle)
    com.unity.modules.unityanalytics@1.0.0 (location: ~/wkspace/gc-studio/p4.2k/games/hollowmere/Library/PackageCache/com.unity.modules.unityanalytics)
    com.unity.ugui@2.0.0 (location: ~/wkspace/gc-studio/p4.2k/games/hollowmere/Library/PackageCache/com.unity.ugui@a477a4a18974)
    com.unity.modules.terrain@1.0.0 (location: ~/wkspace/gc-studio/p4.2k/games/hollowmere/Library/PackageCache/com.unity.modules.terrain)
    com.unity.rendering.light-transport@1.0.1 (location: ~/wkspace/gc-studio/p4.2k/games/hollowmere/Library/PackageCache/com.unity.rendering.light-transport@fd597d1a9e15)
  Local packages:
    com.gamecore.composition@file:~/wkspace/gc-studio/p4.2k/Packages/com.gamecore.composition (location: ~/wkspace/gc-studio/p4.2k/Packages/com.gamecore.composition)
    com.gamecore.content.compiler@file:~/wkspace/gc-studio/p4.2k/Packages/com.gamecore.content.compiler (location: ~/wkspace/gc-studio/p4.2k/Packages/com.gamecore.content.compiler)
    com.gamecore.contracts@file:~/wkspace/gc-studio/p4.2k/Packages/com.gamecore.contracts (location: ~/wkspace/gc-studio/p4.2k/Packages/com.gamecore.contracts)
    com.gamecore.derivation@file:~/wkspace/gc-studio/p4.2k/Packages/com.gamecore.derivation (location: ~/wkspace/gc-studio/p4.2k/Packages/com.gamecore.derivation)
    com.gamecore.gameplay.audio@file:~/wkspace/gc-studio/p4.2k/Packages/com.gamecore.gameplay.audio (location: ~/wkspace/gc-studio/p4.2k/Packages/com.gamecore.gameplay.audio)
    com.gamecore.gameplay.cards@file:~/wkspace/gc-studio/p4.2k/Packages/com.gamecore.gameplay.cards (location: ~/wkspace/gc-studio/p4.2k/Packages/com.gamecore.gameplay.cards)
    com.gamecore.gameplay.compile@file:~/wkspace/gc-studio/p4.2k/Packages/com.gamecore.gameplay.compile (location: ~/wkspace/gc-studio/p4.2k/Packages/com.gamecore.gameplay.compile)
    com.gamecore.gameplay.contracts@file:~/wkspace/gc-studio/p4.2k/Packages/com.gamecore.gameplay.contracts (location: ~/wkspace/gc-studio/p4.2k/Packages/com.gamecore.gameplay.contracts)
    com.gamecore.gameplay.dialogue@file:~/wkspace/gc-studio/p4.2k/Packages/com.gamecore.gameplay.dialogue (location: ~/wkspace/gc-studio/p4.2k/Packages/com.gamecore.gameplay.dialogue)
    com.gamecore.gameplay.entities@file:~/wkspace/gc-studio/p4.2k/Packages/com.gamecore.gameplay.entities (location: ~/wkspace/gc-studio/p4.2k/Packages/com.gamecore.gameplay.entities)
    com.gamecore.gameplay.integration@file:~/wkspace/gc-studio/p4.2k/Packages/com.gamecore.gameplay.integration (location: ~/wkspace/gc-studio/p4.2k/Packages/com.gamecore.gameplay.integration)
    com.gamecore.gameplay.interaction@file:~/wkspace/gc-studio/p4.2k/Packages/com.gamecore.gameplay.interaction (location: ~/wkspace/gc-studio/p4.2k/Packages/com.gamecore.gameplay.interaction)
    com.gamecore.gameplay.inventory@file:~/wkspace/gc-studio/p4.2k/Packages/com.gamecore.gameplay.inventory (location: ~/wkspace/gc-studio/p4.2k/Packages/com.gamecore.gameplay.inventory)
    com.gamecore.gameplay.logic@file:~/wkspace/gc-studio/p4.2k/Packages/com.gamecore.gameplay.logic (location: ~/wkspace/gc-studio/p4.2k/Packages/com.gamecore.gameplay.logic)
    com.gamecore.gameplay.narrative@file:~/wkspace/gc-studio/p4.2k/Packages/com.gamecore.gameplay.narrative (location: ~/wkspace/gc-studio/p4.2k/Packages/com.gamecore.gameplay.narrative)
    com.gamecore.gameplay.npc@file:~/wkspace/gc-studio/p4.2k/Packages/com.gamecore.gameplay.npc (location: ~/wkspace/gc-studio/p4.2k/Packages/com.gamecore.gameplay.npc)
    com.gamecore.gameplay.player@file:~/wkspace/gc-studio/p4.2k/Packages/com.gamecore.gameplay.player (location: ~/wkspace/gc-studio/p4.2k/Packages/com.gamecore.gameplay.player)
    com.gamecore.gameplay.quest@file:~/wkspace/gc-studio/p4.2k/Packages/com.gamecore.gameplay.quest (location: ~/wkspace/gc-studio/p4.2k/Packages/com.gamecore.gameplay.quest)
    com.gamecore.gameplay.rewards@file:~/wkspace/gc-studio/p4.2k/Packages/com.gamecore.gameplay.rewards (location: ~/wkspace/gc-studio/p4.2k/Packages/com.gamecore.gameplay.rewards)
    com.gamecore.gameplay.save@file:~/wkspace/gc-studio/p4.2k/Packages/com.gamecore.gameplay.save (location: ~/wkspace/gc-studio/p4.2k/Packages/com.gamecore.gameplay.save)
    com.gamecore.gameplay.traversal@file:~/wkspace/gc-studio/p4.2k/Packages/com.gamecore.gameplay.traversal (location: ~/wkspace/gc-studio/p4.2k/Packages/com.gamecore.gameplay.traversal)
    com.gamecore.gameplay.ui@file:~/wkspace/gc-studio/p4.2k/Packages/com.gamecore.gameplay.ui (location: ~/wkspace/gc-studio/p4.2k/Packages/com.gamecore.gameplay.ui)
    com.gamecore.gameplay.world@file:~/wkspace/gc-studio/p4.2k/Packages/com.gamecore.gameplay.world (location: ~/wkspace/gc-studio/p4.2k/Packages/com.gamecore.gameplay.world)
    com.gamecore.planning@file:~/wkspace/gc-studio/p4.2k/Packages/com.gamecore.planning (location: ~/wkspace/gc-studio/p4.2k/Packages/com.gamecore.planning)
    com.gamecore.rules.cards@file:~/wkspace/gc-studio/p4.2k/Packages/com.gamecore.rules.cards (location: ~/wkspace/gc-studio/p4.2k/Packages/com.gamecore.rules.cards)
    com.gamecore.rules.gameplay@file:~/wkspace/gc-studio/p4.2k/Packages/com.gamecore.rules.gameplay (location: ~/wkspace/gc-studio/p4.2k/Packages/com.gamecore.rules.gameplay)
    com.gamecore.rules.narrative@file:~/wkspace/gc-studio/p4.2k/Packages/com.gamecore.rules.narrative (location: ~/wkspace/gc-studio/p4.2k/Packages/com.gamecore.rules.narrative)
    com.gamecore.rules.traversal@file:~/wkspace/gc-studio/p4.2k/Packages/com.gamecore.rules.traversal (location: ~/wkspace/gc-studio/p4.2k/Packages/com.gamecore.rules.traversal)
    com.gamecore.studio.core@file:~/wkspace/gc-studio/p4.2k/Packages/com.gamecore.studio.core (location: ~/wkspace/gc-studio/p4.2k/Packages/com.gamecore.studio.core)
    com.gamecore.studio.etos@file:~/wkspace/gc-studio/p4.2k/Packages/com.gamecore.studio.etos (location: ~/wkspace/gc-studio/p4.2k/Packages/com.gamecore.studio.etos)
    com.gamecore.studio.gameplay@file:~/wkspace/gc-studio/p4.2k/Packages/com.gamecore.studio.gameplay (location: ~/wkspace/gc-studio/p4.2k/Packages/com.gamecore.studio.gameplay)
    com.gamecore.studio.ui@file:~/wkspace/gc-studio/p4.2k/Packages/com.gamecore.studio.ui (location: ~/wkspace/gc-studio/p4.2k/Packages/com.gamecore.studio.ui)
    com.gamecore.studio.views@file:~/wkspace/gc-studio/p4.2k/Packages/com.gamecore.studio.views (location: ~/wkspace/gc-studio/p4.2k/Packages/com.gamecore.studio.views)
    com.gamecore.unity.adapters@file:~/wkspace/gc-studio/p4.2k/Packages/com.gamecore.unity.adapters (location: ~/wkspace/gc-studio/p4.2k/Packages/com.gamecore.unity.adapters)
    com.gamecore.unity.app@file:~/wkspace/gc-studio/p4.2k/Packages/com.gamecore.unity.app (location: ~/wkspace/gc-studio/p4.2k/Packages/com.gamecore.unity.app)
    com.gamecore.unity.runtime@file:~/wkspace/gc-studio/p4.2k/Packages/com.gamecore.unity.runtime (location: ~/wkspace/gc-studio/p4.2k/Packages/com.gamecore.unity.runtime)
[Subsystems] No new subsystems found in resolved package list.
[Package Manager] Done registering packages in 0.01 seconds
A meta data file (.meta) exists but its folder 'Packages/com.gamecore.studio.gameplay/Tests~' can't be found, and has been created. Empty directories cannot be stored in version control, so it's assumed that the meta data file is for an empty directory in version control. When moving or deleting folders outside of Unity, please ensure that the corresponding .meta file is moved or deleted along with it.
Assembly reference Packages/com.unity.entities/Unity.Scenes.Editor/Internals/Properties/Unity.Properties.Internals.asmref has no target assembly definition
Assembly reference Packages/com.unity.entities/Unity.Scenes.Editor/Internals/Properties/Unity.Properties.Internals.asmref has no target assembly definition
[40m[32minfo[39m[22m[49m: Microsoft.Hosting.Lifetime[14]
      Now listening on: http://unix:/tmp/ilpp.sock-c000b5a258c79717074bacdf4e532ab0
[40m[32minfo[39m[22m[49m: Microsoft.Hosting.Lifetime[0]
      Application started. Press Ctrl+C to shut down.
[40m[32minfo[39m[22m[49m: Microsoft.Hosting.Lifetime[0]
      Hosting environment: Production
[40m[32minfo[39m[22m[49m: Microsoft.Hosting.Lifetime[0]
      Content root path: ~/wkspace/gc-studio/p4.2k/games/hollowmere/
[40m[32minfo[39m[22m[49m: Microsoft.AspNetCore.Hosting.Diagnostics[1]
      Request starting HTTP/2 POST http://ilpp/UnityILPP.PostProcessing/Ping application/grpc -
[40m[32minfo[39m[22m[49m: Microsoft.AspNetCore.Routing.EndpointMiddleware[0]
      Executing endpoint 'gRPC - /UnityILPP.PostProcessing/Ping'
[40m[32minfo[39m[22m[49m: Microsoft.AspNetCore.Routing.EndpointMiddleware[1]
      Executed endpoint 'gRPC - /UnityILPP.PostProcessing/Ping'
[40m[32minfo[39m[22m[49m: Microsoft.AspNetCore.Hosting.Diagnostics[2]
      Request finished HTTP/2 POST http://ilpp/UnityILPP.PostProcessing/Ping application/grpc - - 200 - application/grpc 53.4338ms
Starting: ~/Unity/Hub/Editor/6000.0.75f1/Editor/Data/bee_backend --ipc --defer-dag-verification --dagfile="Library/Bee/2400b0aE.dag" --continue-on-failure --profile="Library/Bee/backend1.traceevents" ScriptAssemblies
WorkingDir: ~/wkspace/gc-studio/p4.2k/games/hollowmere
[40m[32minfo[39m[22m[49m: Microsoft.AspNetCore.Hosting.Diagnostics[1]
      Request starting HTTP/2 POST http://ilpp/UnityILPP.PostProcessing/ConfigurePostProcessors application/grpc -
[40m[32minfo[39m[22m[49m: Microsoft.AspNetCore.Routing.EndpointMiddleware[0]
      Executing endpoint 'gRPC - /UnityILPP.PostProcessing/ConfigurePostProcessors'
[40m[1m[33mwarn[39m[22m[49m: Unity.ILPP.Runner.PostProcessingAssemblyLoadContext[0]
      Assembly system.runtime.interopservices.windowsruntime has duplicate hint path. Ignoring "~/Unity/Hub/Editor/6000.0.75f1/Editor/Data/UnityReferenceAssemblies/unity-4.8-api/Facades/System.Runtime.InteropServices.WindowsRuntime.dll" in favor of "~/Unity/Hub/Editor/6000.0.75f1/Editor/Data/NetStandard/Extensions/2.0.0/System.Runtime.InteropServices.WindowsRuntime.dll"
[40m[1m[33mwarn[39m[22m[49m: Unity.ILPP.Runner.PostProcessingAssemblyLoadContext[0]
      Assembly system.componentmodel.composition has duplicate hint path. Ignoring "~/Unity/Hub/Editor/6000.0.75f1/Editor/Data/UnityReferenceAssemblies/unity-4.8-api/System.ComponentModel.Composition.dll" in favor of "~/Unity/Hub/Editor/6000.0.75f1/Editor/Data/NetStandard/compat/2.1.0/shims/netfx/System.ComponentModel.Composition.dll"
[40m[32minfo[39m[22m[49m: Unity.ILPP.Runner.PostProcessingAssemblyLoadContext[0]
      Resolved Unity.Burst.Cecil, Version=0.11.4.0, Culture=neutral, PublicKeyToken=50cebf1cceb9d05e with Library/PackageCache/com.unity.burst@07790c2d06d9/Unity.Burst.CodeGen/Unity.Burst.Cecil.dll
[40m[32minfo[39m[22m[49m: Unity.ILPP.Runner.PostProcessingAssemblyLoadContext[0]
      Resolved Mono.Cecil, Version=0.11.5.0, Culture=neutral, PublicKeyToken=50cebf1cceb9d05e with Library/PackageCache/com.unity.nuget.mono-cecil@ecb9724e46ff/Mono.Cecil.dll
[40m[32minfo[39m[22m[49m: Unity.ILPP.Runner.PostProcessingAssemblyLoadContext[0]
      Resolved Unity.Entities, Version=0.0.0.0, Culture=neutral, PublicKeyToken=null with Library/Bee/artifacts/2400b0aE.dag/Unity.Entities.dll
[40m[32minfo[39m[22m[49m: Microsoft.AspNetCore.Routing.EndpointMiddleware[1]
      Executed endpoint 'gRPC - /UnityILPP.PostProcessing/ConfigurePostProcessors'
[40m[32minfo[39m[22m[49m: Microsoft.AspNetCore.Hosting.Diagnostics[2]
      Request finished HTTP/2 POST http://ilpp/UnityILPP.PostProcessing/ConfigurePostProcessors application/grpc - - 200 - application/grpc 41.8197ms
ExitCode: 4 Duration: 0s438ms
[1460/2079  0s] ILPP-Configuration Library/ilpp-configuration.nevergeneratedoutput
Rebuilding DAG because FileSignature timestamp changed: Library/Bee/2400b0aE-inputdata.json
*** Tundra requires additional run (0.41 seconds), 1 items updated, 2079 evaluated
Starting: ~/Unity/Hub/Editor/6000.0.75f1/Editor/Data/Tools/netcorerun/netcorerun "~/Unity/Hub/Editor/6000.0.75f1/Editor/Data/Tools/BuildPipeline/ScriptCompilationBuildProgram.exe" "Library/Bee/2400b0aE.dag.json" "Library/Bee/2400b0aE-inputdata.json" "Library/Bee/buildprogram0.traceevents"
WorkingDir: ~/wkspace/gc-studio/p4.2k/games/hollowmere
ExitCode: 0 Duration: 2s502ms
Starting: ~/Unity/Hub/Editor/6000.0.75f1/Editor/Data/bee_backend --ipc --defer-dag-verification --dagfile="Library/Bee/2400b0aE.dag" --continue-on-failure --dagfilejson="Library/Bee/2400b0aE.dag.json" --profile="Library/Bee/backend2.traceevents" ScriptAssemblies
WorkingDir: ~/wkspace/gc-studio/p4.2k/games/hollowmere
[40m[32minfo[39m[22m[49m: Microsoft.AspNetCore.Hosting.Diagnostics[1]
      Request starting HTTP/2 POST http://ilpp/UnityILPP.PostProcessing/ConfigurePostProcessors application/grpc -
[40m[32minfo[39m[22m[49m: Microsoft.AspNetCore.Routing.EndpointMiddleware[0]
      Executing endpoint 'gRPC - /UnityILPP.PostProcessing/ConfigurePostProcessors'
[40m[32minfo[39m[22m[49m: Unity.ILPP.Runner.PostProcessingAssemblyLoadContext[0]
      Current configuration matches the requested one, skipping
[40m[32minfo[39m[22m[49m: Microsoft.AspNetCore.Routing.EndpointMiddleware[1]
      Executed endpoint 'gRPC - /UnityILPP.PostProcessing/ConfigurePostProcessors'
[40m[32minfo[39m[22m[49m: Microsoft.AspNetCore.Hosting.Diagnostics[2]
      Request finished HTTP/2 POST http://ilpp/UnityILPP.PostProcessing/ConfigurePostProcessors application/grpc - - 200 - application/grpc 2.1065ms
ExitCode: 0 Duration: 2s41ms
Finished compiling graph: 2082 nodes, 52163 flattened edges (36353 ToBuild, 422 ToUse), maximum node priority 3951
[1460/2079  0s] ILPP-Configuration Library/ilpp-configuration.nevergeneratedoutput
*** Tundra build success (2.01 seconds), 1 items updated, 2079 evaluated
AssetDatabase: script compilation time: 5.592901s
Total cache size 268249197
Total cache size after purge 268249197, took 00:00:00.2006334
A meta data file (.meta) exists but its folder 'Packages/com.gamecore.studio.gameplay/Tests~' can't be found, and has been created. Empty directories cannot be stored in version control, so it's assumed that the meta data file is for an empty directory in version control. When moving or deleting folders outside of Unity, please ensure that the corresponding .meta file is moved or deleted along with it.
Begin MonoManager ReloadAssembly
Symbol file LoadedFromMemory is not a mono symbol file
- Loaded All Assemblies, in  0.795 seconds
A meta data file (.meta) exists but its folder 'Packages/com.gamecore.studio.gameplay/Tests~' can't be found, and has been created. Empty directories cannot be stored in version control, so it's assumed that the meta data file is for an empty directory in version control. When moving or deleting folders outside of Unity, please ensure that the corresponding .meta file is moved or deleted along with it.
Refreshing native plugins compatible for Editor in 0.28 ms, found 1 plugins.
Native extension for LinuxStandalone target not found
Native extension for OSXStandalone target not found
Assembly reference Packages/com.unity.entities/Unity.Scenes.Editor/Internals/Properties/Unity.Properties.Internals.asmref has no target assembly definition
TypeManager.Initialize took: 192ms
Mono: successfully reloaded assembly
- Finished resetting the current domain, in  4.137 seconds
Domain Reload Profiling: 4924ms
	BeginReloadAssembly (148ms)
		ExecutionOrderSort (0ms)
		DisableScriptedObjects (8ms)
		BackupInstance (0ms)
		ReleaseScriptingObjects (0ms)
		CreateAndSetChildDomain (43ms)
	RebuildCommonClasses (42ms)
	RebuildNativeTypeToScriptingClass (9ms)
	initialDomainReloadingComplete (32ms)
	LoadAllAssembliesAndSetupDomain (555ms)
		LoadAssemblies (309ms)
		RebuildTransferFunctionScriptingTraits (0ms)
		AnalyzeDomain (308ms)
			TypeCache.Refresh (207ms)
				TypeCache.ScanAssembly (186ms)
			BuildScriptInfoCaches (90ms)
			ResolveRequiredComponents (10ms)
	FinalizeReload (4137ms)
		ReleaseScriptCaches (0ms)
		RebuildScriptCaches (0ms)
		SetupLoadedEditorAssemblies (3867ms)
			LogAssemblyErrors (0ms)
			InitializePlatformSupportModulesInManaged (60ms)
			SetLoadedEditorAssemblies (7ms)
			BeforeProcessingInitializeOnLoad (165ms)
			ProcessInitializeOnLoadAttributes (3491ms)
			ProcessInitializeOnLoadMethodAttributes (141ms)
			AfterProcessingInitializeOnLoad (3ms)
			EditorAssembliesLoaded (0ms)
		ExecutionOrderSort2 (0ms)
		AwakeInstancesAfterBackupRestoration (7ms)
A meta data file (.meta) exists but its folder 'Packages/com.gamecore.studio.gameplay/Tests~' can't be found, and has been created. Empty directories cannot be stored in version control, so it's assumed that the meta data file is for an empty directory in version control. When moving or deleting folders outside of Unity, please ensure that the corresponding .meta file is moved or deleted along with it.
Asset Pipeline Refresh (id=3647f3de34979560f9f034f7708a9d56): Total: 11.938 seconds - Initiated by InitialRefreshV2(ForceSynchronousImport)
	Summary:
		Imports: total=0 (actual=0, local cache=0, cache server=0)
		Asset DB Process Time: managed=0 ms, native=5285 ms
		Asset DB Callback time: managed=52 ms, native=10 ms
		Scripting: domain reloads=1, domain reload time=801 ms, compile time=5716 ms, other=72 ms
		Project Asset Count: scripts=1849, non-scripts=2661
		Asset File Changes: new=0, changed=0, moved=0, deleted=0
		Scan Filter Count: 1
	InvokeCustomDependenciesCallbacks: 0.005ms
	InvokePackagesCallback: 12.593ms
	ApplyChangesToAssetFolders: 0.614ms
	Scan: 775.108ms
	OnSourceAssetsModified: 0.004ms
	CategorizeAssetsWithTransientArtifact: 48.526ms
	ProcessAssetsWithTransientArtifactChanges: 84.276ms
	CategorizeAssets: 65.646ms
	ImportOutOfDateAssets: 4148.148ms (-1571.854ms without children)
		CompileScripts: 5715.768ms
		ReloadNativeAssets: 0.027ms
		UnloadImportedAssets: 2.313ms
		EnsureUptoDateAssetsAreRegisteredWithGuidPM: 1.041ms
		InitializingProgressBar: 0.001ms
		PostProcessAllAssetNotificationsAddChangedAssets: 0.001ms
		OnDemandSchedulerStart: 0.850ms
	PostProcessAllAssets: 52.304ms
	GatherAllCurrentPrimaryArtifactRevisions: 0.000ms
	UnloadStreamsBegin: 0.351ms
	PersistCurrentRevisions: 0.211ms
	UnloadStreamsEnd: 0.001ms
	GenerateScriptTypeHashes: 6.467ms
	Untracked: 6749.803ms

Application.AssetDatabase Initial Refresh End
Scanning for USB devices : 1.453ms
Initializing Unity extensions:
UpdateMenuTitleForLanguage: 10
[MODES] ModeService[none].Initialize
[MODES] ModeService[none].LoadModes
[MODES] Loading mode Default (0) for mode-current-id-Hollowmere
Unloading 48 Unused Serialized files (Serialized files now loaded: 0)
Unloading 6181 unused Assets / (10.1 MB). Loaded Objects now: 6800.
Memory consumption went from 187.3 MB to 177.2 MB.
Total: 23.113949 ms (FindLiveObjects: 0.875685 ms CreateObjectMapping: 0.624195 ms MarkObjects: 11.210359 ms  DeleteObjects: 10.401745 ms)

[LAYOUT] About to load ~/.config/unity3d/Preferences/Editor-5.x/Layouts/current/default-6000.dwlt, keepMainWindow=False

(Unity:3769417): GLib-GObject-CRITICAL **: 02:28:00.352: invalid (NULL) pointer instance

(Unity:3769417): GLib-GObject-CRITICAL **: 02:28:00.352: g_signal_handlers_disconnect_matched: assertion 'G_TYPE_CHECK_INSTANCE (instance)' failed
[LAYOUT] Removed un-parented EditorWindow while reading window layout window #14, type=UnityEditor.FallbackEditorWindow instanceID=43656
GLX Extensions: GLX_ARB_get_proc_address GLX_ARB_multisample GLX_EXT_visual_info GLX_EXT_visual_rating GLX_EXT_import_context GLX_SGI_video_sync GLX_SGIX_fbconfig GLX_SGIX_pbuffer GLX_SGI_swap_control GLX_EXT_swap_control GLX_EXT_swap_control_tear GLX_EXT_buffer_age GLX_ARB_create_context GLX_ARB_create_context_profile GLX_NV_float_buffer GLX_ARB_fbconfig_float GLX_EXT_texture_from_pixmap GLX_EXT_framebuffer_sRGB GLX_NV_copy_image GLX_EXT_create_context_es_profile GLX_EXT_create_context_es2_profile GLX_ARB_create_context_no_error GLX_ARB_create_context_robustness GLX_NV_delay_before_swap GLX_EXT_stereo_tree GLX_ARB_context_flush_control GLX_NV_robustness_video_memory_purge GLX_NV_multigpu_context
GLX Extensions: GLX_ARB_get_proc_address GLX_ARB_multisample GLX_EXT_visual_info GLX_EXT_visual_rating GLX_EXT_import_context GLX_SGI_video_sync GLX_SGIX_fbconfig GLX_SGIX_pbuffer GLX_SGI_swap_control GLX_EXT_swap_control GLX_EXT_swap_control_tear GLX_EXT_buffer_age GLX_ARB_create_context GLX_ARB_create_context_profile GLX_NV_float_buffer GLX_ARB_fbconfig_float GLX_EXT_texture_from_pixmap GLX_EXT_framebuffer_sRGB GLX_NV_copy_image GLX_EXT_create_context_es_profile GLX_EXT_create_context_es2_profile GLX_ARB_create_context_no_error GLX_ARB_create_context_robustness GLX_NV_delay_before_swap GLX_EXT_stereo_tree GLX_ARB_context_flush_control GLX_NV_robustness_video_memory_purge GLX_NV_multigpu_context
GLX Extensions: GLX_ARB_get_proc_address GLX_ARB_multisample GLX_EXT_visual_info GLX_EXT_visual_rating GLX_EXT_import_context GLX_SGI_video_sync GLX_SGIX_fbconfig GLX_SGIX_pbuffer GLX_SGI_swap_control GLX_EXT_swap_control GLX_EXT_swap_control_tear GLX_EXT_buffer_age GLX_ARB_create_context GLX_ARB_create_context_profile GLX_NV_float_buffer GLX_ARB_fbconfig_float GLX_EXT_texture_from_pixmap GLX_EXT_framebuffer_sRGB GLX_NV_copy_image GLX_EXT_create_context_es_profile GLX_EXT_create_context_es2_profile GLX_ARB_create_context_no_error GLX_ARB_create_context_robustness GLX_NV_delay_before_swap GLX_EXT_stereo_tree GLX_ARB_context_flush_control GLX_NV_robustness_video_memory_purge GLX_NV_multigpu_context
GLX Extensions: GLX_ARB_get_proc_address GLX_ARB_multisample GLX_EXT_visual_info GLX_EXT_visual_rating GLX_EXT_import_context GLX_SGI_video_sync GLX_SGIX_fbconfig GLX_SGIX_pbuffer GLX_SGI_swap_control GLX_EXT_swap_control GLX_EXT_swap_control_tear GLX_EXT_buffer_age GLX_ARB_create_context GLX_ARB_create_context_profile GLX_NV_float_buffer GLX_ARB_fbconfig_float GLX_EXT_texture_from_pixmap GLX_EXT_framebuffer_sRGB GLX_NV_copy_image GLX_EXT_create_context_es_profile GLX_EXT_create_context_es2_profile GLX_ARB_create_context_no_error GLX_ARB_create_context_robustness GLX_NV_delay_before_swap GLX_EXT_stereo_tree GLX_ARB_context_flush_control GLX_NV_robustness_video_memory_purge GLX_NV_multigpu_context
GLX Extensions: GLX_ARB_get_proc_address GLX_ARB_multisample GLX_EXT_visual_info GLX_EXT_visual_rating GLX_EXT_import_context GLX_SGI_video_sync GLX_SGIX_fbconfig GLX_SGIX_pbuffer GLX_SGI_swap_control GLX_EXT_swap_control GLX_EXT_swap_control_tear GLX_EXT_buffer_age GLX_ARB_create_context GLX_ARB_create_context_profile GLX_NV_float_buffer GLX_ARB_fbconfig_float GLX_EXT_texture_from_pixmap GLX_EXT_framebuffer_sRGB GLX_NV_copy_image GLX_EXT_create_context_es_profile GLX_EXT_create_context_es2_profile GLX_ARB_create_context_no_error GLX_ARB_create_context_robustness GLX_NV_delay_before_swap GLX_EXT_stereo_tree GLX_ARB_context_flush_control GLX_NV_robustness_video_memory_purge GLX_NV_multigpu_context
GLX Extensions: GLX_ARB_get_proc_address GLX_ARB_multisample GLX_EXT_visual_info GLX_EXT_visual_rating GLX_EXT_import_context GLX_SGI_video_sync GLX_SGIX_fbconfig GLX_SGIX_pbuffer GLX_SGI_swap_control GLX_EXT_swap_control GLX_EXT_swap_control_tear GLX_EXT_buffer_age GLX_ARB_create_context GLX_ARB_create_context_profile GLX_NV_float_buffer GLX_ARB_fbconfig_float GLX_EXT_texture_from_pixmap GLX_EXT_framebuffer_sRGB GLX_NV_copy_image GLX_EXT_create_context_es_profile GLX_EXT_create_context_es2_profile GLX_ARB_create_context_no_error GLX_ARB_create_context_robustness GLX_NV_delay_before_swap GLX_EXT_stereo_tree GLX_ARB_context_flush_control GLX_NV_robustness_video_memory_purge GLX_NV_multigpu_context
[MODES] ModeService[default].InitializeCurrentMode
[MODES] ModeService[default].RaiseModeChanged(default, default)
Disable old input system
[Project] Loading completed in 36.498 seconds
	Project init time: 				34.206 seconds
		Template init time: 		0.000 seconds
		Package Manager init time: 		0.162 seconds
		Asset Database init time: 		0.071 seconds
		Global illumination init time: 	0.003 seconds
		Assemblies load time: 			21.448 seconds
		Unity extensions init time: 	0.040 seconds
		Asset Database refresh time: 	11.944 seconds
	Scene opening time: 			1.963 seconds
##utp:{"type": "ProjectInfo", "version": 2, "phase": "Immediate", "time": 1791397680620, "processId": 3769417, "projectLoad": 36.497516325, "projectInit": 34.205775717, "templateInit": 0.0, "packageManagerInit": 0.161682424, "assetDatabaseInit": 0.071271734, "globalIlluminationInit": 0.002800771, "assembliesLoad": 21.448195556, "unityExtensionsInit": 0.040151175, "assetDatabaseRefresh": 11.943909507, "sceneOpening": 1.9630149}
##utp:{"type": "EditorInfo", "version": 2, "phase": "Immediate", "time": 1791397680620, "processId": 3769417, "editorVersion": "6000.0.75f1 (26349cd2a5c8)", "branch": "6000.0/staging", "buildType": "Release", "platform": "Linux"}
A meta data file (.meta) exists but its folder 'Packages/com.gamecore.studio.gameplay/Tests~' can't be found, and has been created. Empty directories cannot be stored in version control, so it's assumed that the meta data file is for an empty directory in version control. When moving or deleting folders outside of Unity, please ensure that the corresponding .meta file is moved or deleted along with it.
A meta data file (.meta) exists but its folder 'Packages/com.gamecore.studio.gameplay/Tests~' can't be found, and has been created. Empty directories cannot be stored in version control, so it's assumed that the meta data file is for an empty directory in version control. When moving or deleting folders outside of Unity, please ensure that the corresponding .meta file is moved or deleted along with it.
Asset Pipeline Refresh (id=c9ab422cc4d380b05b25152588ab6c07): Total: 0.423 seconds - Initiated by RefreshV2(ForceSynchronousImport)
	Summary:
		Imports: total=0 (actual=0, local cache=0, cache server=0)
		Asset DB Process Time: managed=0 ms, native=422 ms
		Asset DB Callback time: managed=0 ms, native=0 ms
		Scripting: domain reloads=0, domain reload time=0 ms, compile time=0 ms, other=0 ms
		Project Asset Count: scripts=1849, non-scripts=2661
		Asset File Changes: new=0, changed=0, moved=0, deleted=0
		Scan Filter Count: 1
	InvokeCustomDependenciesCallbacks: 0.001ms
	InvokePackagesCallback: 2.099ms
	ApplyChangesToAssetFolders: 0.272ms
	Scan: 372.764ms
	OnSourceAssetsModified: 0.001ms
	CategorizeAssetsWithTransientArtifact: 0.002ms
	ProcessAssetsWithTransientArtifactChanges: 0.140ms
	CategorizeAssets: 37.435ms
	ImportOutOfDateAssets: 1.587ms (0.318ms without children)
		CompileScripts: 0.041ms
		ReloadNativeAssets: 0.028ms
		UnloadImportedAssets: 0.110ms
		EnsureUptoDateAssetsAreRegisteredWithGuidPM: 0.576ms
		InitializingProgressBar: 0.000ms
		PostProcessAllAssetNotificationsAddChangedAssets: 0.000ms
		OnDemandSchedulerStart: 0.513ms
	GatherAllCurrentPrimaryArtifactRevisions: 0.324ms
	UnloadStreamsBegin: 1.559ms
	PersistCurrentRevisions: 0.217ms
	UnloadStreamsEnd: 0.001ms
	Untracked: 6.898ms

A meta data file (.meta) exists but its folder 'Packages/com.gamecore.studio.gameplay/Tests~' can't be found, and has been created. Empty directories cannot be stored in version control, so it's assumed that the meta data file is for an empty directory in version control. When moving or deleting folders outside of Unity, please ensure that the corresponding .meta file is moved or deleted along with it.
Asset Pipeline Refresh (id=f565544b3cf2baccab97cef4e08bf480): Total: 0.206 seconds - Initiated by RefreshV2(NoUpdateAssetOptions)
AutoLocale: current locale expects 'C' but got 'en_US.UTF-8'Launched and connected shader compiler UnityShaderCompiler after 0.04 seconds
Running tests for ExecutionSettings with details:
targetPlatform =
playerHeartbeatTimeout = 600
filters[0] =
   Filter with settings:
   testMode = EditMode
   targetPlatform =
   testNames = null
   groupNames = R2_38_W_UI_04_W_GAME_08_TenCyclesWithSnapshotsAndOnePump
   categoryNames = null
   assemblyNames = null
ignoreTests = {}
featureFlags = null

UnityEngine.Debug:ExtractStackTraceNoAlloc (byte*,int,string)
UnityEngine.StackTraceUtility:ExtractStackTrace () (at ~/build/output/unity/unity/Runtime/Export/Scripting/StackTrace.cs:35)
UnityEngine.DebugLogHandler:Internal_Log (UnityEngine.LogType,UnityEngine.LogOption,string,UnityEngine.Object)
UnityEngine.DebugLogHandler:LogFormat (UnityEngine.LogType,UnityEngine.Object,string,object[])
UnityEngine.Logger:Log (UnityEngine.LogType,object)
UnityEngine.Debug:Log (object)
UnityEditor.TestTools.TestRunner.CommandLineTest.Executer:InitializeAndExecuteRun (string[]) (at ./Library/PackageCache/com.unity.test-framework@bd52b1c23814/UnityEditor.TestRunner/CommandLineTest/Executer.cs:53)
UnityEditor.TestTools.TestRunner.CommandLineTest.TestStarter:InitializeAndExecuteRun () (at ./Library/PackageCache/com.unity.test-framework@bd52b1c23814/UnityEditor.TestRunner/CommandLineTest/TestStarter.cs:64)
UnityEditor.EditorApplication:Internal_CallUpdateFunctions () (at ~/build/output/unity/unity/Editor/Mono/EditorApplication.cs:384)

(Filename: ./Library/PackageCache/com.unity.test-framework@bd52b1c23814/UnityEditor.TestRunner/CommandLineTest/Executer.cs Line: 53)

Start importing Packages/com.unity.render-pipelines.universal/Runtime/Materials/Decal.mat using Guid(31d0dcc6f2dd4e4408d18036a2c93862) (NativeFormatImporter) -> (artifact id: '8f3d32c29394a79b41f28a25b53defe8') in 0.008504042 seconds
Start importing Packages/com.unity.render-pipelines.universal/Runtime/Materials/Lit.mat using Guid(31321ba15b8f8eb4c954353edc038b1d) (NativeFormatImporter) -> (artifact id: '960643f9fe6857c5d72b0d2fd2085c0e') in 0.000934768 seconds
Start importing Assets/Hollowmere/Scenery/Materials/GroundVillage.mat using Guid(713e4a8c856d6875c9df6859f6a4f960) (NativeFormatImporter) -> (artifact id: '8e8a8a3575acbe896ce8b57cf9ab38cd') in 0.000822977 seconds
Start importing Assets/Hollowmere/World/Prefabs/Lantern.mat using Guid(911842b1b2bff39c88a5577d4380b74c) (NativeFormatImporter) -> (artifact id: '1189a75c8e8613e1fd25f0baffdf7c87') in 0.001673147 seconds
Start importing Assets/Hollowmere/Interactables/Prefabs/CausewayGate.mat using Guid(e1273d4abee0663cdb97dec74f5ff31d) (NativeFormatImporter) -> (artifact id: 'd38245b469119e5904a38e035a221d4d') in 0.000839804 seconds
Start importing Assets/Hollowmere/Scenery/Materials/Reed.mat using Guid(2209f72f758962a97822bc22c61ba1d2) (NativeFormatImporter) -> (artifact id: '750f6e096e6cfa91e4be05da2390118f') in 0.000755967 seconds
Start importing Packages/com.unity.render-pipelines.universal/Editor/SceneTemplates/Standard/Materials/Gold.mat using Guid(c2e40fa84d53ccd428f640eac126b1fb) (NativeFormatImporter) -> (artifact id: '9a75d51d1e747d94c5fd36e74b0d88c1') in 0.000804422 seconds
Start importing Assets/Hollowmere/Scenery/Materials/MossStone.mat using Guid(63bdb57a54a47419d8773aa27705ac1d) (NativeFormatImporter) -> (artifact id: '7dff20719302b067f182e280b595e5df') in 0.000809064 seconds
Start importing Assets/Hollowmere/Interactables/Prefabs/WellBucket.mat using Guid(837be9b6dcc2c8e65aab00060bded8fc) (NativeFormatImporter) -> (artifact id: '423d739197c6a127b57bbf3079523e67') in 0.000774687 seconds
Start importing Assets/Hollowmere/Scenery/Materials/Thatch.mat using Guid(e3dcd598da5abcf9fbf9fb1fe11dd238) (NativeFormatImporter) -> (artifact id: '8d7d382d63fef3b824386e654c884ec0') in 0.000742978 seconds
Start importing Packages/com.unity.render-pipelines.universal/Runtime/Materials/SpriteMask-Default.mat using Guid(15d0c3709176029428a0da2f8cecf0b5) (NativeFormatImporter) -> (artifact id: '9b9123c1145efbdb38e316f85cad951e') in 0.000608481 seconds
Start importing Assets/Hollowmere/Scenery/Materials/ShrineGlow.mat using Guid(554bce7dabc8d758e8fff4f11d9fe04d) (NativeFormatImporter) -> (artifact id: '9bcf4f36fcfd4edc66aed7aac3393662') in 0.00077332 seconds
Start importing Assets/Hollowmere/Scenery/Materials/BlackWater.mat using Guid(a50f9ee368d97c86fb2dbc0f180491e6) (NativeFormatImporter) -> (artifact id: '9908b7eb58864d6e48c7525f9a48c218') in 0.000775096 seconds
Start importing Packages/com.unity.render-pipelines.universal/Runtime/Materials/SpatialMappingOcclusion.mat using Guid(b51db210fe78df745a372851b3db949e) (NativeFormatImporter) -> (artifact id: 'e725b235a682e6bf286c10ab07552b74') in 0.001492976 seconds
Start importing Assets/Hollowmere/Scenery/Materials/Bark.mat using Guid(c5881decd396e19dc85d4745df923580) (NativeFormatImporter) -> (artifact id: '4ca0c3913b740a495c4839533aa55e18') in 0.000768539 seconds
Start importing Packages/com.unity.render-pipelines.universal/Editor/SceneTemplates/Standard/Materials/Ground.mat using Guid(761d8e1f988ed2345a28312145c79c6e) (NativeFormatImporter) -> (artifact id: '97be10e07c1f855859a62635d45b8539') in 0.000824718 seconds
Start importing Assets/Hollowmere/World/Prefabs/Crate.mat using Guid(28346a61812b63be2b91a3f072f4ac60) (NativeFormatImporter) -> (artifact id: '9d74e66a6f26e5e612fb92c405a7463b') in 0.000703071 seconds
Start importing Packages/com.unity.render-pipelines.universal/Runtime/Materials/FullscreenInvertColors.mat using Guid(78a08787ca30045abb69f6f7dd878e09) (NativeFormatImporter) -> (artifact id: 'ee24d1240c4d3093a35a8ce9cd6a6123') in 0.001264626 seconds
Start importing Packages/com.unity.render-pipelines.universal/Runtime/Materials/SpatialMappingWireframe.mat using Guid(9875a245ac49007498213638a307faa1) (NativeFormatImporter) -> (artifact id: '40a3a03ad30c23572795ee7951b74454') in 0.001207137 seconds
Start importing Packages/com.unity.render-pipelines.universal/Runtime/Materials/ParticlesUnlit.mat using Guid(e823cd5b5d27c0f4b8256e7c12ee3e6d) (NativeFormatImporter) -> (artifact id: 'aa862bff269d59d834f13819255630e6') in 0.000660624 seconds
Start importing Assets/Hollowmere/Scenery/Materials/Cloth.mat using Guid(59d591d89c6969fb8ac5ae64a174d032) (NativeFormatImporter) -> (artifact id: 'ce2a7ffa3d789f66f6b8125cad84313f') in 0.000753355 seconds
Start importing Packages/com.unity.render-pipelines.universal/Runtime/Materials/TerrainLit.mat using Guid(594ea882c5a793440b60ff72d896021e) (NativeFormatImporter) -> (artifact id: '32c0756065a4c99773d8b19abfdb7370') in 0.000681046 seconds
Start importing Assets/Hollowmere/World/Prefabs/Traveller.mat using Guid(695cafc4cebe0be4683c45c1e428a8d1) (NativeFormatImporter) -> (artifact id: '9b7da67280074084b8dbe69179ae9e08') in 0.000699074 seconds
Start importing Packages/com.unity.render-pipelines.universal/Runtime/Materials/Sprite-Lit-Default.mat using Guid(a97c105638bdf8b4a8650670310a4cd3) (NativeFormatImporter) -> (artifact id: 'b2cd4e4a5173cb188e255112e4a6b285') in 0.000539275 seconds
Start importing Assets/Hollowmere/Scenery/Materials/Bronze.mat using Guid(f9267e7c7f3858a14b2cfa7d1290c7b4) (NativeFormatImporter) -> (artifact id: '9ba1f274c1e4be21a68c24f3f5ca63da') in 0.000720682 seconds
Start importing Packages/com.unity.render-pipelines.universal/Editor/SceneTemplates/Standard/Materials/White.mat using Guid(f96821bbefeea864b9b418af4b8615ac) (NativeFormatImporter) -> (artifact id: 'b0a10ce88eba78cadb227317064359ad') in 0.000694239 seconds
Start importing Packages/com.unity.render-pipelines.universal/Runtime/Materials/SimpleLit.mat using Guid(6a1143ee683302f4aa628c052723efc1) (NativeFormatImporter) -> (artifact id: '4e947c4ad6c49ec8c3dbccd89f2ba9c5') in 0.001641581 seconds
Start importing Assets/Hollowmere/Scenery/Materials/Leaves.mat using Guid(9a635606b8e14ca43b0f5d8d8420903f) (NativeFormatImporter) -> (artifact id: '369124a2a052d970839d238b15d313ae') in 0.000879443 seconds
Start importing Assets/Hollowmere/Scenery/Materials/LanternGlow.mat using Guid(9ad989929e3f6abf0939545b2ac6d29c) (NativeFormatImporter) -> (artifact id: 'aa797f76b84657e8986ea776daec4c35') in 0.000700847 seconds
Start importing Assets/Hollowmere/World/Prefabs/Reed.mat using Guid(ea9ec61735f711a46a411ddbf2fb0835) (NativeFormatImporter) -> (artifact id: '05ffedc826e5082cba6374b28117dceb') in 0.000666528 seconds
Start importing Assets/Hollowmere/World/Prefabs/Stone.mat using Guid(0bbb6a2ec62dbd6ed99c9b2d5e8fda27) (NativeFormatImporter) -> (artifact id: '0a7c37d53cf442810a25da33197eeb4b') in 0.000652382 seconds
Start importing Assets/Hollowmere/Scenery/Materials/GroundBelfry.mat using Guid(8bb53dd8bab3b475bbda1320015ea2f0) (NativeFormatImporter) -> (artifact id: '7b76881adca40df080d4d1fefc820c14') in 0.000651319 seconds
Start importing Assets/Hollowmere/Scenery/Materials/Cobble.mat using Guid(cbeca43ae13579776b757e82404e62ec) (NativeFormatImporter) -> (artifact id: '98a4fd518a5e8f1a29dae894b6a9fa48') in 0.00063384 seconds
Start importing Assets/Hollowmere/Scenery/Materials/GroundMarsh.mat using Guid(eb73391a1a25ca478a6a0195766dd3d3) (NativeFormatImporter) -> (artifact id: '1ada639a8dc4ed1028f377fb942505ab') in 0.000768793 seconds
Start importing Assets/Hollowmere/Scenery/Materials/Plaster.mat using Guid(2ce0e9a342a4df461b3ef8fc8f5c687b) (NativeFormatImporter) -> (artifact id: 'ecf084c9fe40c85ebf17681d77f570bc') in 0.000706328 seconds
Start importing Assets/Hollowmere/Scenery/Materials/Water.mat using Guid(4c360173c4bb7adc3b7daa94c2cf5a70) (NativeFormatImporter) -> (artifact id: 'b61ba6cdc9e8abf7717c4165aaa72bc1') in 0.000716052 seconds
Start importing Assets/Hollowmere/Scenery/Materials/Timber.mat using Guid(3d3223d30e9f476bebc6b5a69364b197) (NativeFormatImporter) -> (artifact id: '667f4c1c8011f2140e175fd42f6c4458') in 0.000706428 seconds
Start importing Assets/Hollowmere/Npcs/Prefabs/NpcCapsule.mat using Guid(6db5381322a108024b1b8a91e0405e12) (NativeFormatImporter) -> (artifact id: 'ea77e7c2fe06713b0c0706a8a9af1cba') in 0.000678807 seconds
Start importing Packages/com.unity.render-pipelines.universal/Runtime/Materials/Sprite-Unlit-Default.mat using Guid(9dfc825aed78fcd4ba02077103263b40) (NativeFormatImporter) -> (artifact id: '3535407266e63a704ebed07394e8e29d') in 0.000580259 seconds
Start importing Assets/Hollowmere/World/Prefabs/Signpost.mat using Guid(ad46b0c010e025b1ba7850de65835bb8) (NativeFormatImporter) -> (artifact id: '9a629eeaf2b1aa04aafd0c2a63d91dc4') in 0.000665402 seconds
Start importing Assets/Hollowmere/Scenery/Materials/Planks.mat using Guid(4f16c6b7dc318c98c84ac4ee8b4c7941) (NativeFormatImporter) -> (artifact id: '32a698a0560c6e385b28d7b08a583061') in 0.000627319 seconds
Start importing Packages/com.unity.render-pipelines.universal/Editor/SceneTemplates/Standard/Materials/Black.mat using Guid(4f1ef37ae953c484bbc5d5e4049147e5) (NativeFormatImporter) -> (artifact id: 'c073248664ba5268b69bc9cf80293393') in 0.000663337 seconds
Start importing Assets/Hollowmere/World/Prefabs/Bell.mat using Guid(5f4092027bf0baedaa554561a3810e7c) (NativeFormatImporter) -> (artifact id: '6297ada650afc4aed2fcdc63d4528fb6') in 0.000650858 seconds
Start importing Assets/Hollowmere/Scenery/Materials/Stone.mat using Guid(9fa5037e7fefc39bfaa0b68144e64ef4) (NativeFormatImporter) -> (artifact id: 'a38a9a417d67ab6163981f3d2fb24b66') in 0.000681288 seconds
Start importing Packages/com.unity.searcher/Editor/Resources/FlatSkin/Font/Roboto-Black.ttf using Guid(1062c701058745940ae5dca6219c64c8) (TrueTypeFontImporter) -> (artifact id: '3d2ca9ae18e896f9e515bb462bac0909') in 0.002473113 seconds
Start importing Packages/com.unity.searcher/Editor/Resources/FlatSkin/Font/Roboto-Regular.ttf using Guid(30dc370b164eefc43b95744fc796dad0) (TrueTypeFontImporter) -> (artifact id: '7832638d633eff303fcf3ed8f8c85e78') in 0.001191471 seconds
Start importing Packages/com.unity.searcher/Editor/Resources/FlatSkin/Font/Roboto-ThinItalic.ttf using Guid(b2ea3b3f1765e544b9eb5bd1a93a91ce) (TrueTypeFontImporter) -> (artifact id: '4f6c2aa7215fb21f189270f0bbe3b50e') in 0.001088484 seconds
Start importing Packages/com.unity.render-pipelines.core/Runtime/Debugging/Prefabs/Fonts/PerfectDOSVGA437.ttf using Guid(74a5091d8707f334b9a5c31ef71a64ba) (TrueTypeFontImporter) -> (artifact id: 'b1e2b4726236af250e8a9e0edefa19ad') in 0.000958061 seconds
Start importing Packages/com.unity.searcher/Editor/Resources/FlatSkin/Font/Roboto-Medium.ttf using Guid(a51a3aebb43ac044989270407476b208) (TrueTypeFontImporter) -> (artifact id: 'e7322fcc653770ceff992dbaffdc342c') in 0.001053746 seconds
Start importing Packages/com.unity.searcher/Editor/Resources/FlatSkin/Font/Roboto-Bold.ttf using Guid(3750c318f40cab44a97d3a81beaefeb3) (TrueTypeFontImporter) -> (artifact id: '111caa903ed7225ec6078e61ef9fb671') in 0.001023003 seconds
Start importing Packages/com.unity.searcher/Editor/Resources/FlatSkin/Font/Roboto-Italic.ttf using Guid(c839255fc8f6b4b4d90bf8c1af9f9bd1) (TrueTypeFontImporter) -> (artifact id: '8fb74d7c7a155d1ca255c69a209f86ab') in 0.001153714 seconds
Start importing Packages/com.unity.searcher/Editor/Resources/FlatSkin/Font/Roboto-Thin.ttf using Guid(19a9abb883540be48b75b951a927ae03) (TrueTypeFontImporter) -> (artifact id: 'b0f726bd0974874e2c0598b808b85eed') in 0.00106707 seconds
Start importing Packages/com.unity.searcher/Editor/Resources/FlatSkin/Font/Roboto-MediumItalic.ttf using Guid(d93c1bc57fdf1ac4dad1bf04fac05464) (TrueTypeFontImporter) -> (artifact id: 'e37e57e9981fdfe39977ebf001f95a35') in 0.001215999 seconds
Start importing Packages/com.unity.searcher/Editor/Resources/FlatSkin/Font/Roboto-BlackItalic.ttf using Guid(f95147a9bab9fe649b8070170fa7ebd2) (TrueTypeFontImporter) -> (artifact id: '7352c0e7207c5b52e94f2677e4fad37a') in 0.00110512 seconds
Start importing Packages/com.unity.searcher/Editor/Resources/FlatSkin/Font/Roboto-Light.ttf using Guid(2a29e27936eb547458f646f71125b264) (TrueTypeFontImporter) -> (artifact id: '030c3049eebc0c442f157756287951d7') in 0.001149147 seconds
Start importing Packages/com.unity.searcher/Editor/Resources/FlatSkin/Font/Roboto-LightItalic.ttf using Guid(5e63515167650a541b309ba3bfd4db3d) (TrueTypeFontImporter) -> (artifact id: '2acb95d6e05d7756b0e095214c4bf8e6') in 0.001149076 seconds
Start importing Packages/com.unity.searcher/Editor/Resources/FlatSkin/Font/Roboto-BoldItalic.ttf using Guid(dfb97a9307a577a41bcacba34b9a7e32) (TrueTypeFontImporter) -> (artifact id: '51a36f17beac0bd54da540106340b9d8') in 0.001141041 seconds
Start importing Packages/com.unity.render-pipelines.universal/Runtime/Materials/ArnoldStandardSurface/ArnoldStandardSurfaceTransparent.shadergraph using Guid(30fa68ce467463643a86b839ca0eb195) (ScriptedImporter) -> (artifact id: '8fc0ff3f85a90c5130bf3270e7243190') in 0.514283422 seconds
Start importing Packages/com.unity.render-pipelines.universal/Shaders/AutodeskInteractive/AutodeskInteractiveMasked.shadergraph using Guid(80aa867ac363ac043847b06ad71604cd) (ScriptedImporter) -> (artifact id: '1710ad3feff674f0fdd404dca67d30af') in 0.197109929 seconds
Start importing Packages/com.unity.render-pipelines.universal/Shaders/2D/VFXSpriteLit.shadergraph using Guid(24a73dccd7b6fad4798be282f96a21f4) (ScriptedImporter) -> (artifact id: '5c800554f4918d2481e16be201c8c76e') in 0.072899708 seconds
Start importing Packages/com.unity.render-pipelines.universal/Runtime/Materials/PhysicalMaterial3DsMax/PhysicalMaterial3DsMax.shadergraph using Guid(44245ab89240f51459a5077d7145c452) (ScriptedImporter) -> (artifact id: '07436cb67b88c78c816edac04e26a215') in 0.111136398 seconds
Start importing Packages/com.unity.render-pipelines.universal/Runtime/Materials/ArnoldStandardSurface/ArnoldStandardSurface.shadergraph using Guid(3739e562a03fc0b4982d8aa66cc50865) (ScriptedImporter) -> (artifact id: '2da4cada6b181800187a91f1f3d6c72a') in 0.109230131 seconds
Start importing Packages/com.unity.render-pipelines.universal/Shaders/2D/VFXSpriteUnlit.shadergraph using Guid(d7288f66e4fb0634c9afef98c31b722a) (ScriptedImporter) -> (artifact id: 'f857dd8b113cb04ea68882fc5378ac39') in 0.060939723 seconds
Start importing Packages/com.unity.render-pipelines.universal/Shaders/Nature/SpeedTree8_PBRLit.shadergraph using Guid(9920c1f1781549a46ba081a2a15a16ec) (ScriptedImporter) -> (artifact id: '0e262520feb8c53edda491304a51ecd9') in 0.966413745 seconds
Start importing Packages/com.unity.render-pipelines.universal/Runtime/Materials/PhysicalMaterial3DsMax/PhysicalMaterial3DsMaxTransparent.shadergraph using Guid(1a207e3bee00db44b940e6f362a8e148) (ScriptedImporter) -> (artifact id: '324b0866b974ffc32393ff8c001a69ec') in 0.098150976 seconds
Start importing Packages/com.unity.render-pipelines.universal/Shaders/Decal.shadergraph using Guid(9b4e681081e2b4c469111bb649e2f7ee) (ScriptedImporter) -> (artifact id: '6acad91e000775ea9efb37a2bfba7973') in 0.090221055 seconds
Start importing Packages/com.unity.render-pipelines.universal/Shaders/Nature/SpeedTree9_URP.shadergraph using Guid(cbd3e1cc4ae141c42a30e33b4d666a61) (ScriptedImporter) -> (artifact id: 'b7b91e002f57a0067e0e06cdcce3ba6e') in 0.680290497 seconds
Start importing Packages/com.unity.render-pipelines.universal/Shaders/FullscreenInvertColors.shadergraph using Guid(fb6390f650ca44a5ba3246d8dda47927) (ScriptedImporter) -> (artifact id: '7a53917a475e82f1e66f413fdc68f9d8') in 0.039419104 seconds
Start importing Packages/com.unity.render-pipelines.universal/Shaders/AutodeskInteractive/AutodeskInteractiveTransparent.shadergraph using Guid(5c81372d981403744adbdda4433c9c11) (ScriptedImporter) -> (artifact id: '96d27a6638f6898a0494ad4dd56ac7b8') in 0.079619065 seconds
Start importing Packages/com.unity.render-pipelines.universal/Shaders/AutodeskInteractive/AutodeskInteractive.shadergraph using Guid(0e9d5a909a1f7e84882a534d0d11e49f) (ScriptedImporter) -> (artifact id: 'bb1d157d4f06a2a75f92ef82e7b2fd4c') in 0.085873223 seconds
Start importing Assets/Hollowmere/UI/Theme/HollowmereTheme.tss using Guid(90e0f2de55b54915a87cde66f14e0b4a) (ScriptedImporter) -> (artifact id: 'f580981d8f0316befd780a9e709ed224') in 0.030791453 seconds
Refreshing native plugins compatible for Editor in 0.22 ms, found 1 plugins.
Preloading 0 native plugins for Editor in 0.00 ms.
Asset Pipeline Refresh (id=a08b6e81faa95df9cbf4bf3071a46eb9): Total: 3.408 seconds - Initiated by StopAssetImportingV2(NoUpdateAssetOptions)
	Summary:
		Imports: total=71 (actual=71, local cache=0, cache server=0)
		Asset DB Process Time: managed=6 ms, native=3317 ms
		Asset DB Callback time: managed=54 ms, native=29 ms
		Scripting: domain reloads=0, domain reload time=0 ms, compile time=0 ms, other=0 ms
		Project Asset Count: scripts=1849, non-scripts=2661
		Asset File Changes: new=0, changed=0, moved=0, deleted=0
		Scan Filter Count: 106
	InvokeCustomDependenciesCallbacks: 0.001ms
	InvokePackagesCallback: 0.000ms
	ApplyChangesToAssetFolders: 0.180ms
	Scan: 7.707ms
	OnSourceAssetsModified: 0.001ms
	CategorizeAssetsWithTransientArtifact: 0.060ms
	ProcessAssetsWithTransientArtifactChanges: 0.271ms
	CategorizeAssets: 1.506ms
	ImportOutOfDateAssets: 3307.273ms (-6.012ms without children)
		ImportManagerImport: 3304.858ms (97.134ms without children)
			ImportInProcess: 3205.442ms
			UpdateCategorizedAssets: 2.282ms
		ReloadNativeAssets: 0.025ms
		UnloadImportedAssets: 1.145ms
		ReloadImportedAssets: 6.285ms
		EnsureUptoDateAssetsAreRegisteredWithGuidPM: 0.582ms
		InitializingProgressBar: 0.001ms
		PostProcessAllAssetNotificationsAddChangedAssets: 0.000ms
		OnDemandSchedulerStart: 0.390ms
	PostProcessAllAssets: 82.413ms
	Hotreload: 1.374ms
	GatherAllCurrentPrimaryArtifactRevisions: 0.241ms
	UnloadStreamsBegin: 0.050ms
	PersistCurrentRevisions: 0.165ms
	UnloadStreamsEnd: 0.042ms
	Untracked: 6.956ms

Launched and connected shader compiler UnityShaderCompiler after 0.03 seconds
Launched and connected shader compiler UnityShaderCompiler after 0.04 seconds
Launched and connected shader compiler UnityShaderCompiler after 0.04 seconds
Launched and connected shader compiler UnityShaderCompiler after 0.04 seconds
Created GICache directory at ~/.cache/unity3d/GiCache. Took: 0.002s, timestamps: [36.512 - 36.514]
[Licensing::Client] Successfully updated the access token
[Licensing::Module] Successfully updated access token: "_8HUAScT"... (expires: 2027-10-07T18:28:07Z)
[Licensing::Client] Successfully updated the access token
[Licensing::Module] Successfully updated access token: "_8HUAScT"... (expires: 2027-10-07T18:28:08Z)
Unloading 119 Unused Serialized files (Serialized files now loaded: 0)
Unloading 247 unused Assets / (17.5 MB). Loaded Objects now: 8052.
Memory consumption went from 389.4 MB to 371.8 MB.
Total: 33.136970 ms (FindLiveObjects: 0.394894 ms CreateObjectMapping: 0.279330 ms MarkObjects: 25.805879 ms  DeleteObjects: 6.655480 ms)

Executing IPrebuildSetup for: Unity.PerformanceTesting.Editor.TestRunBuilder.
UnityEngine.Debug:ExtractStackTraceNoAlloc (byte*,int,string)
UnityEngine.StackTraceUtility:ExtractStackTrace () (at ~/build/output/unity/unity/Runtime/Export/Scripting/StackTrace.cs:35)
UnityEngine.DebugLogHandler:Internal_Log (UnityEngine.LogType,UnityEngine.LogOption,string,UnityEngine.Object)
UnityEngine.DebugLogHandler:LogFormat (UnityEngine.LogType,UnityEngine.Object,string,object[])
UnityEngine.Logger:Log (UnityEngine.LogType,object)
UnityEngine.Debug:Log (object)
UnityEditor.TestTools.TestRunner.TestRun.Tasks.BuildActionTaskBase`1/<ExecuteMethods>d__8<UnityEngine.TestTools.IPrebuildSetup>:MoveNext () (at ./Library/PackageCache/com.unity.test-framework@bd52b1c23814/UnityEditor.TestRunner/TestRun/Tasks/BuildActionTaskBase.cs:48)
UnityEditor.TestTools.TestRunner.TestRun.Tasks.BuildActionTaskBase`1/<Execute>d__7<UnityEngine.TestTools.IPrebuildSetup>:MoveNext () (at ./Library/PackageCache/com.unity.test-framework@bd52b1c23814/UnityEditor.TestRunner/TestRun/Tasks/BuildActionTaskBase.cs:34)
UnityEditor.TestTools.TestRunner.TestRun.TestJobRunner:ExecuteStep () (at ./Library/PackageCache/com.unity.test-framework@bd52b1c23814/UnityEditor.TestRunner/TestRun/TestJobRunner.cs:173)
UnityEditor.TestTools.TestRunner.TestRun.TestJobRunner:ExecuteCallback () (at ./Library/PackageCache/com.unity.test-framework@bd52b1c23814/UnityEditor.TestRunner/TestRun/TestJobRunner.cs:108)
UnityEditor.EditorApplication:Internal_CallUpdateFunctions () (at ~/build/output/unity/unity/Editor/Mono/EditorApplication.cs:384)

(Filename: ./Library/PackageCache/com.unity.test-framework@bd52b1c23814/UnityEditor.TestRunner/TestRun/Tasks/BuildActionTaskBase.cs Line: 48)

[Licensing::Client] Successfully resolved entitlement details
Opening scene 'Assets/Hollowmere/Boot/Boot.unity'
Unloading 225 Unused Serialized files (Serialized files now loaded: 0)
Loaded scene 'Assets/Hollowmere/Boot/Boot.unity'
	Deserialize:            46.908 ms
	Integration:            260.436 ms
	Integration of assets:  2.281 ms
	Thread Wait Time:       0.013 ms
	Total Operation Time:   309.638 ms
Unloading 1 unused Assets / (5.5 KB). Loaded Objects now: 8310.
Memory consumption went from 361.0 MB to 361.0 MB.
Total: 21.699451 ms (FindLiveObjects: 0.389772 ms CreateObjectMapping: 0.242656 ms MarkObjects: 21.010644 ms  DeleteObjects: 0.055178 ms)

GLX Extensions: GLX_ARB_get_proc_address GLX_ARB_multisample GLX_EXT_visual_info GLX_EXT_visual_rating GLX_EXT_import_context GLX_SGI_video_sync GLX_SGIX_fbconfig GLX_SGIX_pbuffer GLX_SGI_swap_control GLX_EXT_swap_control GLX_EXT_swap_control_tear GLX_EXT_buffer_age GLX_ARB_create_context GLX_ARB_create_context_profile GLX_NV_float_buffer GLX_ARB_fbconfig_float GLX_EXT_texture_from_pixmap GLX_EXT_framebuffer_sRGB GLX_NV_copy_image GLX_EXT_create_context_es_profile GLX_EXT_create_context_es2_profile GLX_ARB_create_context_no_error GLX_ARB_create_context_robustness GLX_NV_delay_before_swap GLX_EXT_stereo_tree GLX_ARB_context_flush_control GLX_NV_robustness_video_memory_purge GLX_NV_multigpu_context
Warning: X server took longer than 302 milliseconds to respond to ShowGtkWidget
Launched and connected shader compiler UnityShaderCompiler after 0.05 seconds
Reloading assemblies for play mode.
Reloading assemblies after forced synchronous recompile.
Begin MonoManager ReloadAssembly
Symbol file LoadedFromMemory is not a mono symbol file
- Loaded All Assemblies, in  1.001 seconds
Refreshing native plugins compatible for Editor in 0.27 ms, found 1 plugins.
Native extension for LinuxStandalone target not found
Native extension for OSXStandalone target not found
Assembly reference Packages/com.unity.entities/Unity.Scenes.Editor/Internals/Properties/Unity.Properties.Internals.asmref has no target assembly definition
TypeManager.Initialize took: 121ms
[MODES] ModeService[none].Initialize
[MODES] ModeService[none].LoadModes
Mono: successfully reloaded assembly
- Finished resetting the current domain, in  2.172 seconds
Domain Reload Profiling: 3168ms
	BeginReloadAssembly (678ms)
		ExecutionOrderSort (0ms)
		DisableScriptedObjects (56ms)
		BackupInstance (0ms)
		ReleaseScriptingObjects (1ms)
		CreateAndSetChildDomain (355ms)
	RebuildCommonClasses (35ms)
	RebuildNativeTypeToScriptingClass (9ms)
	initialDomainReloadingComplete (28ms)
	LoadAllAssembliesAndSetupDomain (245ms)
		LoadAssemblies (98ms)
		RebuildTransferFunctionScriptingTraits (0ms)
		AnalyzeDomain (195ms)
			TypeCache.Refresh (8ms)
				TypeCache.ScanAssembly (0ms)
			BuildScriptInfoCaches (174ms)
			ResolveRequiredComponents (11ms)
	FinalizeReload (2173ms)
		ReleaseScriptCaches (0ms)
		RebuildScriptCaches (0ms)
		SetupLoadedEditorAssemblies (1026ms)
			LogAssemblyErrors (0ms)
			InitializePlatformSupportModulesInManaged (91ms)
			SetLoadedEditorAssemblies (8ms)
			BeforeProcessingInitializeOnLoad (166ms)
			ProcessInitializeOnLoadAttributes (523ms)
			ProcessInitializeOnLoadMethodAttributes (235ms)
			AfterProcessingInitializeOnLoad (3ms)
			EditorAssembliesLoaded (0ms)
		ExecutionOrderSort2 (0ms)
		AwakeInstancesAfterBackupRestoration (597ms)
Asset Pipeline Refresh (id=dced4b2ffbebe0ff389a1ad1acc88bed): Total: 3.334 seconds - Initiated by StopAssetImportingV2(ForceSynchronousImport | ForceDomainReload)
	Summary:
		Imports: total=0 (actual=0, local cache=0, cache server=0)
		Asset DB Process Time: managed=0 ms, native=2295 ms
		Asset DB Callback time: managed=22 ms, native=0 ms
		Scripting: domain reloads=1, domain reload time=1013 ms, compile time=1 ms, other=0 ms
		Project Asset Count: scripts=1849, non-scripts=2661
		Asset File Changes: new=0, changed=0, moved=0, deleted=0
		Scan Filter Count: 0
	InvokeCustomDependenciesCallbacks: 0.003ms
	InvokePackagesCallback: 2.726ms
	ApplyChangesToAssetFolders: 0.442ms
	Scan: 0.001ms
	OnSourceAssetsModified: 0.002ms
	CategorizeAssetsWithTransientArtifact: 0.005ms
	ProcessAssetsWithTransientArtifactChanges: 3.890ms
	CategorizeAssets: 55.379ms
	ImportOutOfDateAssets: 2181.230ms (2173.612ms without children)
		CompileScripts: 1.397ms
		CollectScriptTypesHashes: 2.124ms
		ReloadNativeAssets: 1.513ms
		UnloadImportedAssets: 1.284ms
		EnsureUptoDateAssetsAreRegisteredWithGuidPM: 0.890ms
		InitializingProgressBar: 0.000ms
		PostProcessAllAssetNotificationsAddChangedAssets: 0.000ms
		OnDemandSchedulerStart: 0.410ms
	PostProcessAllAssets: 22.980ms
	GatherAllCurrentPrimaryArtifactRevisions: 0.187ms
	UnloadStreamsBegin: 1.847ms
	PersistCurrentRevisions: 0.192ms
	UnloadStreamsEnd: 0.001ms
	GenerateScriptTypeHashes: 5.039ms
	Untracked: 1065.072ms

Loaded scene 'Temp/__Backupscenes/0.backup'
	Deserialize:            0.979 ms
	Integration:            430.115 ms
	Integration of assets:  0.002 ms
	Thread Wait Time:       0.004 ms
	Total Operation Time:   431.100 ms
Refreshing native plugins compatible for Editor in 0.21 ms, found 1 plugins.
Preloading 0 native plugins for Editor in 0.00 ms.
[Hollowmere] menu presented frame=3 input=True focus=menu-new
UnityEngine.Debug:ExtractStackTraceNoAlloc (byte*,int,string)
UnityEngine.StackTraceUtility:ExtractStackTrace () (at ~/build/output/unity/unity/Runtime/Export/Scripting/StackTrace.cs:35)
UnityEngine.DebugLogHandler:Internal_Log (UnityEngine.LogType,UnityEngine.LogOption,string,UnityEngine.Object)
UnityEngine.DebugLogHandler:LogFormat (UnityEngine.LogType,UnityEngine.Object,string,object[])
UnityEngine.Logger:Log (UnityEngine.LogType,object)
UnityEngine.Debug:Log (object)
Hollowmere.UiAudio.MenuPresentationWarmup/<Warm>d__11:MoveNext () (at Assets/Hollowmere/UI/Runtime/MenuPresentationWarmup.cs:57)
UnityEngine.SetupCoroutine:InvokeMoveNext (System.Collections.IEnumerator,intptr) (at ~/build/output/unity/unity/Runtime/Export/Scripting/Coroutines.cs:17)

(Filename: Assets/Hollowmere/UI/Runtime/MenuPresentationWarmup.cs Line: 57)

Loaded scene 'Assets/Hollowmere/Regions/ThornwickVillage.unity'
	Deserialize:            15.713 ms
	Integration:            44.481 ms
	Integration of assets:  0.903 ms
	Thread Wait Time:       22.365 ms
	Total Operation Time:   83.462 ms
Unloading 119 Unused Serialized files (Serialized files now loaded: 0)
Loaded scene 'Temp/__Backupscenes/0.backup'
	Deserialize:            0.823 ms
	Integration:            187.734 ms
	Integration of assets:  0.001 ms
	Thread Wait Time:       0.005 ms
	Total Operation Time:   188.562 ms
Unloading 43 unused Assets / (368.5 KB). Loaded Objects now: 8465.
Memory consumption went from 380.1 MB to 379.8 MB.
Total: 21.480674 ms (FindLiveObjects: 0.334720 ms CreateObjectMapping: 0.208700 ms MarkObjects: 20.391649 ms  DeleteObjects: 0.544638 ms)

Unloading 3 Unused Serialized files (Serialized files now loaded: 0)
Unloading 3 unused Assets / (54.4 KB). Loaded Objects now: 8643.
Memory consumption went from 374.5 MB to 374.4 MB.
Total: 31.177175 ms (FindLiveObjects: 0.410201 ms CreateObjectMapping: 0.233854 ms MarkObjects: 30.377793 ms  DeleteObjects: 0.153943 ms)

MemoryCapture: Header Serialization : 0 ms
MemoryCapture: Waiting for current load operation to finish : 0 ms
MemoryCapture: Metadata Serialization : 0 ms
MemoryCapture: Capture flags Serialization : 54 ms
MemoryCapture: Managed Heaps : 485 ms
MemoryCapture: Managed Stacks : 8 ms
MemoryCapture: Managed Metadata : 74 ms
MemoryCapture: GC Handles : 0 ms
MemoryCapture: Native Types : 1 ms
MemoryCapture: Native Objects : 13 ms
MemoryCapture: Scene Objects : 8 ms
MemoryCapture: Runtime Information Serialization : 0 ms
MemoryCapture: Native Allocation Header : 0 ms
MemoryCapture: Native Allocation Labels : 0 ms
MemoryCapture: Native Root References : 1 ms
MemoryCapture: Native Gfx Resource References : 0 ms
MemoryCapture: Native Allocators : 0 ms
MemoryCapture: Native Memory Region : 27 ms
MemoryCapture: Native Allocation Footer : 0 ms
MemoryCapture: Process Profile Target Info : 0 ms
MemoryCapture: Process Profile Target Memory Stats : 0 ms
MemoryCapture: System Memory Regions : 1 ms
MemoryCapture: System Memory Resident Pages : 0 ms
MemoryCapture took: 672 ms
Reloading assemblies for play mode.
Reloading assemblies after forced synchronous recompile.
Begin MonoManager ReloadAssembly
Symbol file LoadedFromMemory is not a mono symbol file
- Loaded All Assemblies, in  0.859 seconds
Refreshing native plugins compatible for Editor in 0.21 ms, found 1 plugins.
Native extension for LinuxStandalone target not found
Native extension for OSXStandalone target not found
Assembly reference Packages/com.unity.entities/Unity.Scenes.Editor/Internals/Properties/Unity.Properties.Internals.asmref has no target assembly definition
TypeManager.Initialize took: 112ms
[MODES] ModeService[none].Initialize
[MODES] ModeService[none].LoadModes
Mono: successfully reloaded assembly
- Finished resetting the current domain, in  1.908 seconds
Domain Reload Profiling: 2762ms
	BeginReloadAssembly (576ms)
		ExecutionOrderSort (0ms)
		DisableScriptedObjects (44ms)
		BackupInstance (0ms)
		ReleaseScriptingObjects (0ms)
		CreateAndSetChildDomain (330ms)
	RebuildCommonClasses (33ms)
	RebuildNativeTypeToScriptingClass (9ms)
	initialDomainReloadingComplete (28ms)
	LoadAllAssembliesAndSetupDomain (207ms)
		LoadAssemblies (89ms)
		RebuildTransferFunctionScriptingTraits (0ms)
		AnalyzeDomain (161ms)
			TypeCache.Refresh (7ms)
				TypeCache.ScanAssembly (0ms)
			BuildScriptInfoCaches (143ms)
			ResolveRequiredComponents (10ms)
	FinalizeReload (1909ms)
		ReleaseScriptCaches (0ms)
		RebuildScriptCaches (0ms)
		SetupLoadedEditorAssemblies (871ms)
			LogAssemblyErrors (0ms)
			InitializePlatformSupportModulesInManaged (78ms)
			SetLoadedEditorAssemblies (7ms)
			BeforeProcessingInitializeOnLoad (134ms)
			ProcessInitializeOnLoadAttributes (455ms)
			ProcessInitializeOnLoadMethodAttributes (194ms)
			AfterProcessingInitializeOnLoad (3ms)
			EditorAssembliesLoaded (0ms)
		ExecutionOrderSort2 (0ms)
		AwakeInstancesAfterBackupRestoration (506ms)
Asset Pipeline Refresh (id=d4d7fc8727b626c839337581b4c068ed): Total: 2.894 seconds - Initiated by StopAssetImportingV2(ForceSynchronousImport | ForceDomainReload)
	Summary:
		Imports: total=0 (actual=0, local cache=0, cache server=0)
		Asset DB Process Time: managed=0 ms, native=2001 ms
		Asset DB Callback time: managed=19 ms, native=0 ms
		Scripting: domain reloads=1, domain reload time=870 ms, compile time=1 ms, other=0 ms
		Project Asset Count: scripts=1849, non-scripts=2661
		Asset File Changes: new=0, changed=0, moved=0, deleted=0
		Scan Filter Count: 0
	InvokeCustomDependenciesCallbacks: 0.002ms
	InvokePackagesCallback: 2.359ms
	ApplyChangesToAssetFolders: 0.388ms
	Scan: 0.000ms
	OnSourceAssetsModified: 0.002ms
	CategorizeAssetsWithTransientArtifact: 0.003ms
	ProcessAssetsWithTransientArtifactChanges: 3.465ms
	CategorizeAssets: 45.946ms
	ImportOutOfDateAssets: 1914.847ms (1910.210ms without children)
		CompileScripts: 1.116ms
		CollectScriptTypesHashes: 1.037ms
		ReloadNativeAssets: 1.434ms
		UnloadImportedAssets: 0.045ms
		EnsureUptoDateAssetsAreRegisteredWithGuidPM: 0.644ms
		InitializingProgressBar: 0.000ms
		PostProcessAllAssetNotificationsAddChangedAssets: 0.000ms
		OnDemandSchedulerStart: 0.361ms
	PostProcessAllAssets: 19.543ms
	GatherAllCurrentPrimaryArtifactRevisions: 0.173ms
	UnloadStreamsBegin: 0.013ms
	PersistCurrentRevisions: 0.163ms
	UnloadStreamsEnd: 0.001ms
	GenerateScriptTypeHashes: 3.388ms
	Untracked: 906.747ms

Loaded scene 'Temp/__Backupscenes/0.backup'
	Deserialize:            1.007 ms
	Integration:            350.544 ms
	Integration of assets:  0.001 ms
	Thread Wait Time:       0.004 ms
	Total Operation Time:   351.557 ms
[Hollowmere] menu presented frame=3 input=True focus=menu-new
UnityEngine.Debug:ExtractStackTraceNoAlloc (byte*,int,string)
UnityEngine.StackTraceUtility:ExtractStackTrace () (at ~/build/output/unity/unity/Runtime/Export/Scripting/StackTrace.cs:35)
UnityEngine.DebugLogHandler:Internal_Log (UnityEngine.LogType,UnityEngine.LogOption,string,UnityEngine.Object)
UnityEngine.DebugLogHandler:LogFormat (UnityEngine.LogType,UnityEngine.Object,string,object[])
UnityEngine.Logger:Log (UnityEngine.LogType,object)
UnityEngine.Debug:Log (object)
Hollowmere.UiAudio.MenuPresentationWarmup/<Warm>d__11:MoveNext () (at Assets/Hollowmere/UI/Runtime/MenuPresentationWarmup.cs:57)
UnityEngine.SetupCoroutine:InvokeMoveNext (System.Collections.IEnumerator,intptr) (at ~/build/output/unity/unity/Runtime/Export/Scripting/Coroutines.cs:17)

(Filename: Assets/Hollowmere/UI/Runtime/MenuPresentationWarmup.cs Line: 57)

Loaded scene 'Assets/Hollowmere/Regions/ThornwickVillage.unity'
	Deserialize:            9.226 ms
	Integration:            10.831 ms
	Integration of assets:  0.364 ms
	Thread Wait Time:       18.061 ms
	Total Operation Time:   38.483 ms
Unloading 36 Unused Serialized files (Serialized files now loaded: 0)
Loaded scene 'Temp/__Backupscenes/0.backup'
	Deserialize:            0.999 ms
	Integration:            194.378 ms
	Integration of assets:  0.001 ms
	Thread Wait Time:       0.005 ms
	Total Operation Time:   195.383 ms
Unloading 43 unused Assets / (350.6 KB). Loaded Objects now: 8519.
Memory consumption went from 376.5 MB to 376.2 MB.
Total: 22.133211 ms (FindLiveObjects: 0.364519 ms CreateObjectMapping: 0.211635 ms MarkObjects: 20.997953 ms  DeleteObjects: 0.558218 ms)

Unloading 3 Unused Serialized files (Serialized files now loaded: 0)
Unloading 3 unused Assets / (61.2 KB). Loaded Objects now: 8698.
Memory consumption went from 376.4 MB to 376.3 MB.
Total: 21.776436 ms (FindLiveObjects: 0.360703 ms CreateObjectMapping: 0.204421 ms MarkObjects: 21.070799 ms  DeleteObjects: 0.139485 ms)

Reloading assemblies for play mode.
Reloading assemblies after forced synchronous recompile.
Begin MonoManager ReloadAssembly
Symbol file LoadedFromMemory is not a mono symbol file
- Loaded All Assemblies, in  0.943 seconds
Refreshing native plugins compatible for Editor in 0.26 ms, found 1 plugins.
Native extension for LinuxStandalone target not found
Native extension for OSXStandalone target not found
Assembly reference Packages/com.unity.entities/Unity.Scenes.Editor/Internals/Properties/Unity.Properties.Internals.asmref has no target assembly definition
TypeManager.Initialize took: 135ms
[MODES] ModeService[none].Initialize
[MODES] ModeService[none].LoadModes
Mono: successfully reloaded assembly
- Finished resetting the current domain, in  2.118 seconds
Domain Reload Profiling: 3057ms
	BeginReloadAssembly (620ms)
		ExecutionOrderSort (0ms)
		DisableScriptedObjects (87ms)
		BackupInstance (0ms)
		ReleaseScriptingObjects (0ms)
		CreateAndSetChildDomain (322ms)
	RebuildCommonClasses (40ms)
	RebuildNativeTypeToScriptingClass (11ms)
	initialDomainReloadingComplete (29ms)
	LoadAllAssembliesAndSetupDomain (240ms)
		LoadAssemblies (96ms)
		RebuildTransferFunctionScriptingTraits (0ms)
		AnalyzeDomain (194ms)
			TypeCache.Refresh (7ms)
				TypeCache.ScanAssembly (0ms)
			BuildScriptInfoCaches (170ms)
			ResolveRequiredComponents (14ms)
	FinalizeReload (2118ms)
		ReleaseScriptCaches (0ms)
		RebuildScriptCaches (0ms)
		SetupLoadedEditorAssemblies (1021ms)
			LogAssemblyErrors (0ms)
			InitializePlatformSupportModulesInManaged (89ms)
			SetLoadedEditorAssemblies (10ms)
			BeforeProcessingInitializeOnLoad (160ms)
			ProcessInitializeOnLoadAttributes (534ms)
			ProcessInitializeOnLoadMethodAttributes (225ms)
			AfterProcessingInitializeOnLoad (3ms)
			EditorAssembliesLoaded (0ms)
		ExecutionOrderSort2 (0ms)
		AwakeInstancesAfterBackupRestoration (514ms)
Asset Pipeline Refresh (id=c4f7fabf5536ba46d87b00d5e3917fb1): Total: 3.193 seconds - Initiated by StopAssetImportingV2(ForceSynchronousImport | ForceDomainReload)
	Summary:
		Imports: total=0 (actual=0, local cache=0, cache server=0)
		Asset DB Process Time: managed=0 ms, native=2217 ms
		Asset DB Callback time: managed=18 ms, native=0 ms
		Scripting: domain reloads=1, domain reload time=955 ms, compile time=1 ms, other=0 ms
		Project Asset Count: scripts=1849, non-scripts=2661
		Asset File Changes: new=0, changed=0, moved=0, deleted=0
		Scan Filter Count: 0
	InvokeCustomDependenciesCallbacks: 0.002ms
	InvokePackagesCallback: 2.537ms
	ApplyChangesToAssetFolders: 0.403ms
	Scan: 0.001ms
	OnSourceAssetsModified: 0.002ms
	CategorizeAssetsWithTransientArtifact: 0.004ms
	ProcessAssetsWithTransientArtifactChanges: 4.054ms
	CategorizeAssets: 47.619ms
	ImportOutOfDateAssets: 2124.396ms (2119.946ms without children)
		CompileScripts: 1.193ms
		CollectScriptTypesHashes: 0.829ms
		ReloadNativeAssets: 1.332ms
		UnloadImportedAssets: 0.053ms
		EnsureUptoDateAssetsAreRegisteredWithGuidPM: 0.670ms
		InitializingProgressBar: 0.000ms
		PostProcessAllAssetNotificationsAddChangedAssets: 0.000ms
		OnDemandSchedulerStart: 0.371ms
	PostProcessAllAssets: 18.410ms
	GatherAllCurrentPrimaryArtifactRevisions: 0.182ms
	UnloadStreamsBegin: 0.015ms
	PersistCurrentRevisions: 0.157ms
	UnloadStreamsEnd: 0.001ms
	GenerateScriptTypeHashes: 3.177ms
	Untracked: 995.623ms

Loaded scene 'Temp/__Backupscenes/0.backup'
	Deserialize:            1.214 ms
	Integration:            347.322 ms
	Integration of assets:  0.001 ms
	Thread Wait Time:       0.003 ms
	Total Operation Time:   348.541 ms
[Hollowmere] menu presented frame=3 input=True focus=menu-new
UnityEngine.Debug:ExtractStackTraceNoAlloc (byte*,int,string)
UnityEngine.StackTraceUtility:ExtractStackTrace () (at ~/build/output/unity/unity/Runtime/Export/Scripting/StackTrace.cs:35)
UnityEngine.DebugLogHandler:Internal_Log (UnityEngine.LogType,UnityEngine.LogOption,string,UnityEngine.Object)
UnityEngine.DebugLogHandler:LogFormat (UnityEngine.LogType,UnityEngine.Object,string,object[])
UnityEngine.Logger:Log (UnityEngine.LogType,object)
UnityEngine.Debug:Log (object)
Hollowmere.UiAudio.MenuPresentationWarmup/<Warm>d__11:MoveNext () (at Assets/Hollowmere/UI/Runtime/MenuPresentationWarmup.cs:57)
UnityEngine.SetupCoroutine:InvokeMoveNext (System.Collections.IEnumerator,intptr) (at ~/build/output/unity/unity/Runtime/Export/Scripting/Coroutines.cs:17)

(Filename: Assets/Hollowmere/UI/Runtime/MenuPresentationWarmup.cs Line: 57)

Loaded scene 'Assets/Hollowmere/Regions/ThornwickVillage.unity'
	Deserialize:            9.481 ms
	Integration:            11.240 ms
	Integration of assets:  0.429 ms
	Thread Wait Time:       19.524 ms
	Total Operation Time:   40.674 ms
Unloading 36 Unused Serialized files (Serialized files now loaded: 0)
Loaded scene 'Temp/__Backupscenes/0.backup'
	Deserialize:            0.955 ms
	Integration:            183.412 ms
	Integration of assets:  0.001 ms
	Thread Wait Time:       0.007 ms
	Total Operation Time:   184.376 ms
Unloading 43 unused Assets / (351.5 KB). Loaded Objects now: 8573.
Memory consumption went from 377.2 MB to 376.8 MB.
Total: 21.119568 ms (FindLiveObjects: 0.357647 ms CreateObjectMapping: 0.214019 ms MarkObjects: 19.943077 ms  DeleteObjects: 0.603849 ms)

Unloading 3 Unused Serialized files (Serialized files now loaded: 0)
Unloading 3 unused Assets / (61.1 KB). Loaded Objects now: 8751.
Memory consumption went from 377.0 MB to 377.0 MB.
Total: 21.045040 ms (FindLiveObjects: 0.382688 ms CreateObjectMapping: 0.203967 ms MarkObjects: 20.321500 ms  DeleteObjects: 0.135729 ms)

TrimDiskCacheJob: Current cache size 0mb
Reloading assemblies for play mode.
Reloading assemblies after forced synchronous recompile.
Begin MonoManager ReloadAssembly
Symbol file LoadedFromMemory is not a mono symbol file
- Loaded All Assemblies, in  1.059 seconds
Refreshing native plugins compatible for Editor in 0.24 ms, found 1 plugins.
Native extension for LinuxStandalone target not found
Native extension for OSXStandalone target not found
Assembly reference Packages/com.unity.entities/Unity.Scenes.Editor/Internals/Properties/Unity.Properties.Internals.asmref has no target assembly definition
TypeManager.Initialize took: 124ms
[MODES] ModeService[none].Initialize
[MODES] ModeService[none].LoadModes
Mono: successfully reloaded assembly
- Finished resetting the current domain, in  2.303 seconds
Domain Reload Profiling: 3355ms
	BeginReloadAssembly (729ms)
		ExecutionOrderSort (0ms)
		DisableScriptedObjects (91ms)
		BackupInstance (0ms)
		ReleaseScriptingObjects (0ms)
		CreateAndSetChildDomain (346ms)
	RebuildCommonClasses (43ms)
	RebuildNativeTypeToScriptingClass (10ms)
	initialDomainReloadingComplete (31ms)
	LoadAllAssembliesAndSetupDomain (239ms)
		LoadAssemblies (109ms)
		RebuildTransferFunctionScriptingTraits (0ms)
		AnalyzeDomain (187ms)
			TypeCache.Refresh (7ms)
				TypeCache.ScanAssembly (0ms)
			BuildScriptInfoCaches (165ms)
			ResolveRequiredComponents (12ms)
	FinalizeReload (2303ms)
		ReleaseScriptCaches (0ms)
		RebuildScriptCaches (0ms)
		SetupLoadedEditorAssemblies (1129ms)
			LogAssemblyErrors (0ms)
			InitializePlatformSupportModulesInManaged (90ms)
			SetLoadedEditorAssemblies (9ms)
			BeforeProcessingInitializeOnLoad (188ms)
			ProcessInitializeOnLoadAttributes (581ms)
			ProcessInitializeOnLoadMethodAttributes (257ms)
			AfterProcessingInitializeOnLoad (3ms)
			EditorAssembliesLoaded (0ms)
		ExecutionOrderSort2 (0ms)
		AwakeInstancesAfterBackupRestoration (571ms)
Asset Pipeline Refresh (id=b4102ef66ee39e882894fcd8ff011121): Total: 3.498 seconds - Initiated by StopAssetImportingV2(ForceSynchronousImport | ForceDomainReload)
	Summary:
		Imports: total=0 (actual=0, local cache=0, cache server=0)
		Asset DB Process Time: managed=0 ms, native=2404 ms
		Asset DB Callback time: managed=21 ms, native=0 ms
		Scripting: domain reloads=1, domain reload time=1070 ms, compile time=1 ms, other=0 ms
		Project Asset Count: scripts=1849, non-scripts=2661
		Asset File Changes: new=0, changed=0, moved=0, deleted=0
		Scan Filter Count: 0
	InvokeCustomDependenciesCallbacks: 0.002ms
	InvokePackagesCallback: 2.616ms
	ApplyChangesToAssetFolders: 0.394ms
	Scan: 0.001ms
	OnSourceAssetsModified: 0.002ms
	CategorizeAssetsWithTransientArtifact: 0.004ms
	ProcessAssetsWithTransientArtifactChanges: 4.078ms
	CategorizeAssets: 50.016ms
	ImportOutOfDateAssets: 2310.228ms (2305.361ms without children)
		CompileScripts: 1.343ms
		CollectScriptTypesHashes: 0.724ms
		ReloadNativeAssets: 1.605ms
		UnloadImportedAssets: 0.050ms
		EnsureUptoDateAssetsAreRegisteredWithGuidPM: 0.755ms
		InitializingProgressBar: 0.000ms
		PostProcessAllAssetNotificationsAddChangedAssets: 0.000ms
		OnDemandSchedulerStart: 0.391ms
	PostProcessAllAssets: 21.659ms
	GatherAllCurrentPrimaryArtifactRevisions: 0.178ms
	UnloadStreamsBegin: 0.014ms
	PersistCurrentRevisions: 0.200ms
	UnloadStreamsEnd: 0.001ms
	GenerateScriptTypeHashes: 3.554ms
	Untracked: 1109.075ms

Loaded scene 'Temp/__Backupscenes/0.backup'
	Deserialize:            0.931 ms
	Integration:            386.912 ms
	Integration of assets:  0.001 ms
	Thread Wait Time:       0.007 ms
	Total Operation Time:   387.852 ms
[Hollowmere] menu presented frame=3 input=True focus=menu-new
UnityEngine.Debug:ExtractStackTraceNoAlloc (byte*,int,string)
UnityEngine.StackTraceUtility:ExtractStackTrace () (at ~/build/output/unity/unity/Runtime/Export/Scripting/StackTrace.cs:35)
UnityEngine.DebugLogHandler:Internal_Log (UnityEngine.LogType,UnityEngine.LogOption,string,UnityEngine.Object)
UnityEngine.DebugLogHandler:LogFormat (UnityEngine.LogType,UnityEngine.Object,string,object[])
UnityEngine.Logger:Log (UnityEngine.LogType,object)
UnityEngine.Debug:Log (object)
Hollowmere.UiAudio.MenuPresentationWarmup/<Warm>d__11:MoveNext () (at Assets/Hollowmere/UI/Runtime/MenuPresentationWarmup.cs:57)
UnityEngine.SetupCoroutine:InvokeMoveNext (System.Collections.IEnumerator,intptr) (at ~/build/output/unity/unity/Runtime/Export/Scripting/Coroutines.cs:17)

(Filename: Assets/Hollowmere/UI/Runtime/MenuPresentationWarmup.cs Line: 57)

Loaded scene 'Assets/Hollowmere/Regions/ThornwickVillage.unity'
	Deserialize:            9.157 ms
	Integration:            10.150 ms
	Integration of assets:  0.366 ms
	Thread Wait Time:       16.777 ms
	Total Operation Time:   36.450 ms
Unloading 36 Unused Serialized files (Serialized files now loaded: 0)
Loaded scene 'Temp/__Backupscenes/0.backup'
	Deserialize:            0.848 ms
	Integration:            188.023 ms
	Integration of assets:  0.002 ms
	Thread Wait Time:       0.012 ms
	Total Operation Time:   188.885 ms
Unloading 43 unused Assets / (350.5 KB). Loaded Objects now: 8627.
Memory consumption went from 378.3 MB to 378.0 MB.
Total: 25.653937 ms (FindLiveObjects: 0.432205 ms CreateObjectMapping: 0.276521 ms MarkObjects: 24.246749 ms  DeleteObjects: 0.697178 ms)

[Licensing::Client] Successfully resolved entitlement details
Unloading 3 Unused Serialized files (Serialized files now loaded: 0)
Unloading 3 unused Assets / (61.0 KB). Loaded Objects now: 8805.
Memory consumption went from 378.2 MB to 378.1 MB.
Total: 20.089856 ms (FindLiveObjects: 0.361777 ms CreateObjectMapping: 0.200418 ms MarkObjects: 19.398010 ms  DeleteObjects: 0.128644 ms)

Reloading assemblies for play mode.
Reloading assemblies after forced synchronous recompile.
Begin MonoManager ReloadAssembly
Symbol file LoadedFromMemory is not a mono symbol file
- Loaded All Assemblies, in  0.903 seconds
Refreshing native plugins compatible for Editor in 0.27 ms, found 1 plugins.
Native extension for LinuxStandalone target not found
Native extension for OSXStandalone target not found
Assembly reference Packages/com.unity.entities/Unity.Scenes.Editor/Internals/Properties/Unity.Properties.Internals.asmref has no target assembly definition
TypeManager.Initialize took: 132ms
[MODES] ModeService[none].Initialize
[MODES] ModeService[none].LoadModes
Mono: successfully reloaded assembly
- Finished resetting the current domain, in  2.165 seconds
Domain Reload Profiling: 3062ms
	BeginReloadAssembly (617ms)
		ExecutionOrderSort (0ms)
		DisableScriptedObjects (86ms)
		BackupInstance (0ms)
		ReleaseScriptingObjects (0ms)
		CreateAndSetChildDomain (340ms)
	RebuildCommonClasses (33ms)
	RebuildNativeTypeToScriptingClass (9ms)
	initialDomainReloadingComplete (27ms)
	LoadAllAssembliesAndSetupDomain (211ms)
		LoadAssemblies (95ms)
		RebuildTransferFunctionScriptingTraits (0ms)
		AnalyzeDomain (165ms)
			TypeCache.Refresh (7ms)
				TypeCache.ScanAssembly (0ms)
			BuildScriptInfoCaches (145ms)
			ResolveRequiredComponents (11ms)
	FinalizeReload (2165ms)
		ReleaseScriptCaches (0ms)
		RebuildScriptCaches (0ms)
		SetupLoadedEditorAssemblies (1037ms)
			LogAssemblyErrors (0ms)
			InitializePlatformSupportModulesInManaged (94ms)
			SetLoadedEditorAssemblies (10ms)
			BeforeProcessingInitializeOnLoad (154ms)
			ProcessInitializeOnLoadAttributes (541ms)
			ProcessInitializeOnLoadMethodAttributes (235ms)
			AfterProcessingInitializeOnLoad (3ms)
			EditorAssembliesLoaded (0ms)
		ExecutionOrderSort2 (0ms)
		AwakeInstancesAfterBackupRestoration (545ms)
Asset Pipeline Refresh (id=1df8ea28f9134ec89b92ac70e179b34a): Total: 3.205 seconds - Initiated by StopAssetImportingV2(ForceSynchronousImport | ForceDomainReload)
	Summary:
		Imports: total=0 (actual=0, local cache=0, cache server=0)
		Asset DB Process Time: managed=0 ms, native=2268 ms
		Asset DB Callback time: managed=20 ms, native=0 ms
		Scripting: domain reloads=1, domain reload time=914 ms, compile time=2 ms, other=0 ms
		Project Asset Count: scripts=1849, non-scripts=2661
		Asset File Changes: new=0, changed=0, moved=0, deleted=0
		Scan Filter Count: 0
	InvokeCustomDependenciesCallbacks: 0.002ms
	InvokePackagesCallback: 2.549ms
	ApplyChangesToAssetFolders: 0.400ms
	Scan: 0.001ms
	OnSourceAssetsModified: 0.001ms
	CategorizeAssetsWithTransientArtifact: 0.004ms
	ProcessAssetsWithTransientArtifactChanges: 3.935ms
	CategorizeAssets: 52.252ms
	ImportOutOfDateAssets: 2172.810ms (2167.942ms without children)
		CompileScripts: 1.524ms
		CollectScriptTypesHashes: 0.713ms
		ReloadNativeAssets: 1.470ms
		UnloadImportedAssets: 0.066ms
		EnsureUptoDateAssetsAreRegisteredWithGuidPM: 0.726ms
		InitializingProgressBar: 0.000ms
		PostProcessAllAssetNotificationsAddChangedAssets: 0.000ms
		OnDemandSchedulerStart: 0.370ms
	PostProcessAllAssets: 20.514ms
	GatherAllCurrentPrimaryArtifactRevisions: 0.176ms
	UnloadStreamsBegin: 0.014ms
	PersistCurrentRevisions: 0.171ms
	UnloadStreamsEnd: 0.001ms
	GenerateScriptTypeHashes: 3.673ms
	Untracked: 952.230ms

Loaded scene 'Temp/__Backupscenes/0.backup'
	Deserialize:            0.918 ms
	Integration:            396.846 ms
	Integration of assets:  0.001 ms
	Thread Wait Time:       0.010 ms
	Total Operation Time:   397.776 ms
[Licensing::Client] Successfully resolved entitlement details
[Hollowmere] menu presented frame=3 input=True focus=menu-new
UnityEngine.Debug:ExtractStackTraceNoAlloc (byte*,int,string)
UnityEngine.StackTraceUtility:ExtractStackTrace () (at ~/build/output/unity/unity/Runtime/Export/Scripting/StackTrace.cs:35)
UnityEngine.DebugLogHandler:Internal_Log (UnityEngine.LogType,UnityEngine.LogOption,string,UnityEngine.Object)
UnityEngine.DebugLogHandler:LogFormat (UnityEngine.LogType,UnityEngine.Object,string,object[])
UnityEngine.Logger:Log (UnityEngine.LogType,object)
UnityEngine.Debug:Log (object)
Hollowmere.UiAudio.MenuPresentationWarmup/<Warm>d__11:MoveNext () (at Assets/Hollowmere/UI/Runtime/MenuPresentationWarmup.cs:57)
UnityEngine.SetupCoroutine:InvokeMoveNext (System.Collections.IEnumerator,intptr) (at ~/build/output/unity/unity/Runtime/Export/Scripting/Coroutines.cs:17)

(Filename: Assets/Hollowmere/UI/Runtime/MenuPresentationWarmup.cs Line: 57)

Loaded scene 'Assets/Hollowmere/Regions/ThornwickVillage.unity'
	Deserialize:            10.390 ms
	Integration:            11.536 ms
	Integration of assets:  0.408 ms
	Thread Wait Time:       18.827 ms
	Total Operation Time:   41.161 ms
Unloading 36 Unused Serialized files (Serialized files now loaded: 0)
Loaded scene 'Temp/__Backupscenes/0.backup'
	Deserialize:            0.897 ms
	Integration:            178.518 ms
	Integration of assets:  0.001 ms
	Thread Wait Time:       0.006 ms
	Total Operation Time:   179.421 ms
Unloading 43 unused Assets / (350.4 KB). Loaded Objects now: 8681.
Memory consumption went from 379.6 MB to 379.2 MB.
Total: 19.619409 ms (FindLiveObjects: 0.361232 ms CreateObjectMapping: 0.197909 ms MarkObjects: 18.511244 ms  DeleteObjects: 0.548244 ms)

Unloading 3 Unused Serialized files (Serialized files now loaded: 0)
Unloading 3 unused Assets / (61.1 KB). Loaded Objects now: 8859.
Memory consumption went from 379.4 MB to 379.4 MB.
Total: 19.868819 ms (FindLiveObjects: 0.359367 ms CreateObjectMapping: 0.191227 ms MarkObjects: 19.192741 ms  DeleteObjects: 0.124342 ms)

Reloading assemblies for play mode.
Reloading assemblies after forced synchronous recompile.
Begin MonoManager ReloadAssembly
Symbol file LoadedFromMemory is not a mono symbol file
- Loaded All Assemblies, in  0.863 seconds
Refreshing native plugins compatible for Editor in 0.22 ms, found 1 plugins.
Native extension for LinuxStandalone target not found
Native extension for OSXStandalone target not found
Assembly reference Packages/com.unity.entities/Unity.Scenes.Editor/Internals/Properties/Unity.Properties.Internals.asmref has no target assembly definition
TypeManager.Initialize took: 115ms
[MODES] ModeService[none].Initialize
[MODES] ModeService[none].LoadModes
Mono: successfully reloaded assembly
- Finished resetting the current domain, in  2.074 seconds
Domain Reload Profiling: 2931ms
	BeginReloadAssembly (563ms)
		ExecutionOrderSort (0ms)
		DisableScriptedObjects (37ms)
		BackupInstance (0ms)
		ReleaseScriptingObjects (0ms)
		CreateAndSetChildDomain (329ms)
	RebuildCommonClasses (36ms)
	RebuildNativeTypeToScriptingClass (10ms)
	initialDomainReloadingComplete (30ms)
	LoadAllAssembliesAndSetupDomain (219ms)
		LoadAssemblies (96ms)
		RebuildTransferFunctionScriptingTraits (0ms)
		AnalyzeDomain (170ms)
			TypeCache.Refresh (7ms)
				TypeCache.ScanAssembly (0ms)
			BuildScriptInfoCaches (151ms)
			ResolveRequiredComponents (10ms)
	FinalizeReload (2074ms)
		ReleaseScriptCaches (0ms)
		RebuildScriptCaches (0ms)
		SetupLoadedEditorAssemblies (984ms)
			LogAssemblyErrors (0ms)
			InitializePlatformSupportModulesInManaged (108ms)
			SetLoadedEditorAssemblies (8ms)
			BeforeProcessingInitializeOnLoad (141ms)
			ProcessInitializeOnLoadAttributes (485ms)
			ProcessInitializeOnLoadMethodAttributes (239ms)
			AfterProcessingInitializeOnLoad (3ms)
			EditorAssembliesLoaded (0ms)
		ExecutionOrderSort2 (0ms)
		AwakeInstancesAfterBackupRestoration (516ms)
Asset Pipeline Refresh (id=c726600d6e551825a9e3757f47bce55a): Total: 3.070 seconds - Initiated by StopAssetImportingV2(ForceSynchronousImport | ForceDomainReload)
	Summary:
		Imports: total=0 (actual=0, local cache=0, cache server=0)
		Asset DB Process Time: managed=0 ms, native=2170 ms
		Asset DB Callback time: managed=23 ms, native=0 ms
		Scripting: domain reloads=1, domain reload time=873 ms, compile time=1 ms, other=0 ms
		Project Asset Count: scripts=1849, non-scripts=2661
		Asset File Changes: new=0, changed=0, moved=0, deleted=0
		Scan Filter Count: 0
	InvokeCustomDependenciesCallbacks: 0.002ms
	InvokePackagesCallback: 2.466ms
	ApplyChangesToAssetFolders: 0.406ms
	Scan: 0.001ms
	OnSourceAssetsModified: 0.002ms
	CategorizeAssetsWithTransientArtifact: 0.003ms
	ProcessAssetsWithTransientArtifactChanges: 3.547ms
	CategorizeAssets: 50.103ms
	ImportOutOfDateAssets: 2081.370ms (2076.422ms without children)
		CompileScripts: 1.490ms
		CollectScriptTypesHashes: 0.662ms
		ReloadNativeAssets: 1.607ms
		UnloadImportedAssets: 0.042ms
		EnsureUptoDateAssetsAreRegisteredWithGuidPM: 0.728ms
		InitializingProgressBar: 0.000ms
		PostProcessAllAssetNotificationsAddChangedAssets: 0.000ms
		OnDemandSchedulerStart: 0.419ms
	PostProcessAllAssets: 23.086ms
	GatherAllCurrentPrimaryArtifactRevisions: 0.155ms
	UnloadStreamsBegin: 0.013ms
	PersistCurrentRevisions: 0.183ms
	UnloadStreamsEnd: 0.001ms
	GenerateScriptTypeHashes: 3.758ms
	Untracked: 908.647ms

Loaded scene 'Temp/__Backupscenes/0.backup'
	Deserialize:            1.259 ms
	Integration:            376.746 ms
	Integration of assets:  0.001 ms
	Thread Wait Time:       0.005 ms
	Total Operation Time:   378.012 ms
[Hollowmere] menu presented frame=3 input=True focus=menu-new
UnityEngine.Debug:ExtractStackTraceNoAlloc (byte*,int,string)
UnityEngine.StackTraceUtility:ExtractStackTrace () (at ~/build/output/unity/unity/Runtime/Export/Scripting/StackTrace.cs:35)
UnityEngine.DebugLogHandler:Internal_Log (UnityEngine.LogType,UnityEngine.LogOption,string,UnityEngine.Object)
UnityEngine.DebugLogHandler:LogFormat (UnityEngine.LogType,UnityEngine.Object,string,object[])
UnityEngine.Logger:Log (UnityEngine.LogType,object)
UnityEngine.Debug:Log (object)
Hollowmere.UiAudio.MenuPresentationWarmup/<Warm>d__11:MoveNext () (at Assets/Hollowmere/UI/Runtime/MenuPresentationWarmup.cs:57)
UnityEngine.SetupCoroutine:InvokeMoveNext (System.Collections.IEnumerator,intptr) (at ~/build/output/unity/unity/Runtime/Export/Scripting/Coroutines.cs:17)

(Filename: Assets/Hollowmere/UI/Runtime/MenuPresentationWarmup.cs Line: 57)

Loaded scene 'Assets/Hollowmere/Regions/ThornwickVillage.unity'
	Deserialize:            10.283 ms
	Integration:            11.954 ms
	Integration of assets:  0.397 ms
	Thread Wait Time:       18.525 ms
	Total Operation Time:   41.159 ms
Unloading 36 Unused Serialized files (Serialized files now loaded: 0)
Loaded scene 'Temp/__Backupscenes/0.backup'
	Deserialize:            0.851 ms
	Integration:            186.058 ms
	Integration of assets:  0.002 ms
	Thread Wait Time:       0.009 ms
	Total Operation Time:   186.919 ms
Unloading 43 unused Assets / (350.4 KB). Loaded Objects now: 8735.
Memory consumption went from 380.7 MB to 380.3 MB.
Total: 22.569637 ms (FindLiveObjects: 0.379596 ms CreateObjectMapping: 0.223595 ms MarkObjects: 21.066627 ms  DeleteObjects: 0.898745 ms)

Unloading 3 Unused Serialized files (Serialized files now loaded: 0)
Unloading 3 unused Assets / (54.5 KB). Loaded Objects now: 8913.
Memory consumption went from 380.6 MB to 380.5 MB.
Total: 21.716980 ms (FindLiveObjects: 0.389033 ms CreateObjectMapping: 0.210484 ms MarkObjects: 20.980752 ms  DeleteObjects: 0.135502 ms)

Reloading assemblies for play mode.
Reloading assemblies after forced synchronous recompile.
Begin MonoManager ReloadAssembly
Symbol file LoadedFromMemory is not a mono symbol file
- Loaded All Assemblies, in  0.854 seconds
Refreshing native plugins compatible for Editor in 0.21 ms, found 1 plugins.
Native extension for LinuxStandalone target not found
Native extension for OSXStandalone target not found
Assembly reference Packages/com.unity.entities/Unity.Scenes.Editor/Internals/Properties/Unity.Properties.Internals.asmref has no target assembly definition
TypeManager.Initialize took: 118ms
[MODES] ModeService[none].Initialize
[MODES] ModeService[none].LoadModes
Mono: successfully reloaded assembly
- Finished resetting the current domain, in  1.964 seconds
Domain Reload Profiling: 2813ms
	BeginReloadAssembly (562ms)
		ExecutionOrderSort (0ms)
		DisableScriptedObjects (34ms)
		BackupInstance (0ms)
		ReleaseScriptingObjects (0ms)
		CreateAndSetChildDomain (313ms)
	RebuildCommonClasses (33ms)
	RebuildNativeTypeToScriptingClass (8ms)
	initialDomainReloadingComplete (25ms)
	LoadAllAssembliesAndSetupDomain (222ms)
		LoadAssemblies (91ms)
		RebuildTransferFunctionScriptingTraits (0ms)
		AnalyzeDomain (176ms)
			TypeCache.Refresh (7ms)
				TypeCache.ScanAssembly (0ms)
			BuildScriptInfoCaches (157ms)
			ResolveRequiredComponents (10ms)
	FinalizeReload (1964ms)
		ReleaseScriptCaches (0ms)
		RebuildScriptCaches (0ms)
		SetupLoadedEditorAssemblies (914ms)
			LogAssemblyErrors (0ms)
			InitializePlatformSupportModulesInManaged (88ms)
			SetLoadedEditorAssemblies (9ms)
			BeforeProcessingInitializeOnLoad (138ms)
			ProcessInitializeOnLoadAttributes (470ms)
			ProcessInitializeOnLoadMethodAttributes (206ms)
			AfterProcessingInitializeOnLoad (3ms)
			EditorAssembliesLoaded (0ms)
		ExecutionOrderSort2 (0ms)
		AwakeInstancesAfterBackupRestoration (509ms)
Asset Pipeline Refresh (id=b2be7a88b2bc8e30e9e892405a352558): Total: 2.937 seconds - Initiated by StopAssetImportingV2(ForceSynchronousImport | ForceDomainReload)
	Summary:
		Imports: total=0 (actual=0, local cache=0, cache server=0)
		Asset DB Process Time: managed=0 ms, native=2052 ms
		Asset DB Callback time: managed=18 ms, native=0 ms
		Scripting: domain reloads=1, domain reload time=863 ms, compile time=1 ms, other=0 ms
		Project Asset Count: scripts=1849, non-scripts=2661
		Asset File Changes: new=0, changed=0, moved=0, deleted=0
		Scan Filter Count: 0
	InvokeCustomDependenciesCallbacks: 0.002ms
	InvokePackagesCallback: 2.771ms
	ApplyChangesToAssetFolders: 0.383ms
	Scan: 0.001ms
	OnSourceAssetsModified: 0.001ms
	CategorizeAssetsWithTransientArtifact: 0.003ms
	ProcessAssetsWithTransientArtifactChanges: 3.392ms
	CategorizeAssets: 43.534ms
	ImportOutOfDateAssets: 1970.408ms (1966.281ms without children)
		CompileScripts: 1.178ms
		CollectScriptTypesHashes: 0.633ms
		ReloadNativeAssets: 1.304ms
		UnloadImportedAssets: 0.049ms
		EnsureUptoDateAssetsAreRegisteredWithGuidPM: 0.624ms
		InitializingProgressBar: 0.000ms
		PostProcessAllAssetNotificationsAddChangedAssets: 0.000ms
		OnDemandSchedulerStart: 0.339ms
	PostProcessAllAssets: 18.669ms
	GatherAllCurrentPrimaryArtifactRevisions: 0.176ms
	UnloadStreamsBegin: 0.015ms
	PersistCurrentRevisions: 0.158ms
	UnloadStreamsEnd: 0.001ms
	GenerateScriptTypeHashes: 3.076ms
	Untracked: 897.166ms

Loaded scene 'Temp/__Backupscenes/0.backup'
	Deserialize:            1.182 ms
	Integration:            386.442 ms
	Integration of assets:  0.001 ms
	Thread Wait Time:       0.004 ms
	Total Operation Time:   387.630 ms
[Hollowmere] menu presented frame=3 input=True focus=menu-new
UnityEngine.Debug:ExtractStackTraceNoAlloc (byte*,int,string)
UnityEngine.StackTraceUtility:ExtractStackTrace () (at ~/build/output/unity/unity/Runtime/Export/Scripting/StackTrace.cs:35)
UnityEngine.DebugLogHandler:Internal_Log (UnityEngine.LogType,UnityEngine.LogOption,string,UnityEngine.Object)
UnityEngine.DebugLogHandler:LogFormat (UnityEngine.LogType,UnityEngine.Object,string,object[])
UnityEngine.Logger:Log (UnityEngine.LogType,object)
UnityEngine.Debug:Log (object)
Hollowmere.UiAudio.MenuPresentationWarmup/<Warm>d__11:MoveNext () (at Assets/Hollowmere/UI/Runtime/MenuPresentationWarmup.cs:57)
UnityEngine.SetupCoroutine:InvokeMoveNext (System.Collections.IEnumerator,intptr) (at ~/build/output/unity/unity/Runtime/Export/Scripting/Coroutines.cs:17)

(Filename: Assets/Hollowmere/UI/Runtime/MenuPresentationWarmup.cs Line: 57)

Loaded scene 'Assets/Hollowmere/Regions/ThornwickVillage.unity'
	Deserialize:            13.404 ms
	Integration:            11.711 ms
	Integration of assets:  0.420 ms
	Thread Wait Time:       19.912 ms
	Total Operation Time:   45.447 ms
Unloading 36 Unused Serialized files (Serialized files now loaded: 0)
Loaded scene 'Temp/__Backupscenes/0.backup'
	Deserialize:            1.027 ms
	Integration:            197.501 ms
	Integration of assets:  0.002 ms
	Thread Wait Time:       0.004 ms
	Total Operation Time:   198.534 ms
Unloading 43 unused Assets / (345.2 KB). Loaded Objects now: 8789.
Memory consumption went from 381.8 MB to 381.5 MB.
Total: 21.766524 ms (FindLiveObjects: 0.403926 ms CreateObjectMapping: 0.221971 ms MarkObjects: 20.531714 ms  DeleteObjects: 0.608033 ms)

Unloading 3 Unused Serialized files (Serialized files now loaded: 0)
Unloading 3 unused Assets / (54.5 KB). Loaded Objects now: 8967.
Memory consumption went from 381.7 MB to 381.6 MB.
Total: 22.884371 ms (FindLiveObjects: 0.417816 ms CreateObjectMapping: 0.226632 ms MarkObjects: 22.103344 ms  DeleteObjects: 0.135545 ms)

Reloading assemblies for play mode.
Reloading assemblies after forced synchronous recompile.
Begin MonoManager ReloadAssembly
Symbol file LoadedFromMemory is not a mono symbol file
- Loaded All Assemblies, in  0.991 seconds
Refreshing native plugins compatible for Editor in 0.24 ms, found 1 plugins.
Native extension for LinuxStandalone target not found
Native extension for OSXStandalone target not found
Assembly reference Packages/com.unity.entities/Unity.Scenes.Editor/Internals/Properties/Unity.Properties.Internals.asmref has no target assembly definition
TypeManager.Initialize took: 122ms
[MODES] ModeService[none].Initialize
[MODES] ModeService[none].LoadModes
Mono: successfully reloaded assembly
- Finished resetting the current domain, in  2.036 seconds
Domain Reload Profiling: 3023ms
	BeginReloadAssembly (677ms)
		ExecutionOrderSort (0ms)
		DisableScriptedObjects (42ms)
		BackupInstance (0ms)
		ReleaseScriptingObjects (0ms)
		CreateAndSetChildDomain (380ms)
	RebuildCommonClasses (36ms)
	RebuildNativeTypeToScriptingClass (9ms)
	initialDomainReloadingComplete (26ms)
	LoadAllAssembliesAndSetupDomain (238ms)
		LoadAssemblies (103ms)
		RebuildTransferFunctionScriptingTraits (0ms)
		AnalyzeDomain (187ms)
			TypeCache.Refresh (8ms)
				TypeCache.ScanAssembly (0ms)
			BuildScriptInfoCaches (167ms)
			ResolveRequiredComponents (10ms)
	FinalizeReload (2037ms)
		ReleaseScriptCaches (0ms)
		RebuildScriptCaches (0ms)
		SetupLoadedEditorAssemblies (959ms)
			LogAssemblyErrors (0ms)
			InitializePlatformSupportModulesInManaged (89ms)
			SetLoadedEditorAssemblies (8ms)
			BeforeProcessingInitializeOnLoad (148ms)
			ProcessInitializeOnLoadAttributes (496ms)
			ProcessInitializeOnLoadMethodAttributes (215ms)
			AfterProcessingInitializeOnLoad (3ms)
			EditorAssembliesLoaded (0ms)
		ExecutionOrderSort2 (0ms)
		AwakeInstancesAfterBackupRestoration (525ms)
Asset Pipeline Refresh (id=7f0bbf83e64b6798081d4ceafb832e55): Total: 3.149 seconds - Initiated by StopAssetImportingV2(ForceSynchronousImport | ForceDomainReload)
	Summary:
		Imports: total=0 (actual=0, local cache=0, cache server=0)
		Asset DB Process Time: managed=0 ms, native=2126 ms
		Asset DB Callback time: managed=19 ms, native=0 ms
		Scripting: domain reloads=1, domain reload time=1002 ms, compile time=1 ms, other=0 ms
		Project Asset Count: scripts=1849, non-scripts=2661
		Asset File Changes: new=0, changed=0, moved=0, deleted=0
		Scan Filter Count: 0
	InvokeCustomDependenciesCallbacks: 0.002ms
	InvokePackagesCallback: 2.359ms
	ApplyChangesToAssetFolders: 0.381ms
	Scan: 0.000ms
	OnSourceAssetsModified: 0.001ms
	CategorizeAssetsWithTransientArtifact: 0.003ms
	ProcessAssetsWithTransientArtifactChanges: 3.433ms
	CategorizeAssets: 43.613ms
	ImportOutOfDateAssets: 2043.213ms (2038.992ms without children)
		CompileScripts: 1.143ms
		CollectScriptTypesHashes: 0.730ms
		ReloadNativeAssets: 1.323ms
		UnloadImportedAssets: 0.049ms
		EnsureUptoDateAssetsAreRegisteredWithGuidPM: 0.638ms
		InitializingProgressBar: 0.000ms
		PostProcessAllAssetNotificationsAddChangedAssets: 0.000ms
		OnDemandSchedulerStart: 0.337ms
	PostProcessAllAssets: 19.160ms
	GatherAllCurrentPrimaryArtifactRevisions: 0.173ms
	UnloadStreamsBegin: 0.014ms
	PersistCurrentRevisions: 0.148ms
	UnloadStreamsEnd: 0.001ms
	GenerateScriptTypeHashes: 3.051ms
	Untracked: 1036.711ms

Loaded scene 'Temp/__Backupscenes/0.backup'
	Deserialize:            1.167 ms
	Integration:            371.885 ms
	Integration of assets:  0.001 ms
	Thread Wait Time:       0.005 ms
	Total Operation Time:   373.058 ms
[Hollowmere] menu presented frame=3 input=True focus=menu-new
UnityEngine.Debug:ExtractStackTraceNoAlloc (byte*,int,string)
UnityEngine.StackTraceUtility:ExtractStackTrace () (at ~/build/output/unity/unity/Runtime/Export/Scripting/StackTrace.cs:35)
UnityEngine.DebugLogHandler:Internal_Log (UnityEngine.LogType,UnityEngine.LogOption,string,UnityEngine.Object)
UnityEngine.DebugLogHandler:LogFormat (UnityEngine.LogType,UnityEngine.Object,string,object[])
UnityEngine.Logger:Log (UnityEngine.LogType,object)
UnityEngine.Debug:Log (object)
Hollowmere.UiAudio.MenuPresentationWarmup/<Warm>d__11:MoveNext () (at Assets/Hollowmere/UI/Runtime/MenuPresentationWarmup.cs:57)
UnityEngine.SetupCoroutine:InvokeMoveNext (System.Collections.IEnumerator,intptr) (at ~/build/output/unity/unity/Runtime/Export/Scripting/Coroutines.cs:17)

(Filename: Assets/Hollowmere/UI/Runtime/MenuPresentationWarmup.cs Line: 57)

Loaded scene 'Assets/Hollowmere/Regions/ThornwickVillage.unity'
	Deserialize:            10.797 ms
	Integration:            10.756 ms
	Integration of assets:  0.440 ms
	Thread Wait Time:       18.529 ms
	Total Operation Time:   40.521 ms
Curl error 42: Callback aborted
Unloading 36 Unused Serialized files (Serialized files now loaded: 0)
Loaded scene 'Temp/__Backupscenes/0.backup'
	Deserialize:            1.083 ms
	Integration:            202.830 ms
	Integration of assets:  0.001 ms
	Thread Wait Time:       0.005 ms
	Total Operation Time:   203.920 ms
Unloading 43 unused Assets / (351.3 KB). Loaded Objects now: 8843.
Memory consumption went from 382.9 MB to 382.6 MB.
Total: 21.569712 ms (FindLiveObjects: 0.388111 ms CreateObjectMapping: 0.216640 ms MarkObjects: 20.343651 ms  DeleteObjects: 0.620324 ms)

Unloading 3 Unused Serialized files (Serialized files now loaded: 0)
Unloading 3 unused Assets / (54.5 KB). Loaded Objects now: 9021.
Memory consumption went from 382.8 MB to 382.7 MB.
Total: 20.080222 ms (FindLiveObjects: 0.386572 ms CreateObjectMapping: 0.216261 ms MarkObjects: 19.337785 ms  DeleteObjects: 0.138481 ms)

Reloading assemblies for play mode.
Reloading assemblies after forced synchronous recompile.
Begin MonoManager ReloadAssembly
Symbol file LoadedFromMemory is not a mono symbol file
- Loaded All Assemblies, in  0.983 seconds
Refreshing native plugins compatible for Editor in 0.24 ms, found 1 plugins.
Native extension for LinuxStandalone target not found
Native extension for OSXStandalone target not found
Assembly reference Packages/com.unity.entities/Unity.Scenes.Editor/Internals/Properties/Unity.Properties.Internals.asmref has no target assembly definition
TypeManager.Initialize took: 128ms
[MODES] ModeService[none].Initialize
[MODES] ModeService[none].LoadModes
Mono: successfully reloaded assembly
- Finished resetting the current domain, in  2.212 seconds
Domain Reload Profiling: 3190ms
	BeginReloadAssembly (640ms)
		ExecutionOrderSort (0ms)
		DisableScriptedObjects (44ms)
		BackupInstance (0ms)
		ReleaseScriptingObjects (0ms)
		CreateAndSetChildDomain (373ms)
	RebuildCommonClasses (39ms)
	RebuildNativeTypeToScriptingClass (10ms)
	initialDomainReloadingComplete (29ms)
	LoadAllAssembliesAndSetupDomain (259ms)
		LoadAssemblies (106ms)
		RebuildTransferFunctionScriptingTraits (0ms)
		AnalyzeDomain (206ms)
			TypeCache.Refresh (7ms)
				TypeCache.ScanAssembly (0ms)
			BuildScriptInfoCaches (184ms)
			ResolveRequiredComponents (12ms)
	FinalizeReload (2212ms)
		ReleaseScriptCaches (0ms)
		RebuildScriptCaches (0ms)
		SetupLoadedEditorAssemblies (1048ms)
			LogAssemblyErrors (0ms)
			InitializePlatformSupportModulesInManaged (93ms)
			SetLoadedEditorAssemblies (9ms)
			BeforeProcessingInitializeOnLoad (152ms)
			ProcessInitializeOnLoadAttributes (529ms)
			ProcessInitializeOnLoadMethodAttributes (262ms)
			AfterProcessingInitializeOnLoad (3ms)
			EditorAssembliesLoaded (0ms)
		ExecutionOrderSort2 (0ms)
		AwakeInstancesAfterBackupRestoration (555ms)
Asset Pipeline Refresh (id=d033bda7d9e379afab0ae062b9647039): Total: 3.330 seconds - Initiated by StopAssetImportingV2(ForceSynchronousImport | ForceDomainReload)
	Summary:
		Imports: total=0 (actual=0, local cache=0, cache server=0)
		Asset DB Process Time: managed=0 ms, native=2311 ms
		Asset DB Callback time: managed=21 ms, native=0 ms
		Scripting: domain reloads=1, domain reload time=994 ms, compile time=1 ms, other=0 ms
		Project Asset Count: scripts=1849, non-scripts=2661
		Asset File Changes: new=0, changed=0, moved=0, deleted=0
		Scan Filter Count: 0
	InvokeCustomDependenciesCallbacks: 0.002ms
	InvokePackagesCallback: 2.573ms
	ApplyChangesToAssetFolders: 0.410ms
	Scan: 0.001ms
	OnSourceAssetsModified: 0.001ms
	CategorizeAssetsWithTransientArtifact: 0.003ms
	ProcessAssetsWithTransientArtifactChanges: 3.801ms
	CategorizeAssets: 48.798ms
	ImportOutOfDateAssets: 2219.397ms (2214.539ms without children)
		CompileScripts: 1.408ms
		CollectScriptTypesHashes: 0.836ms
		ReloadNativeAssets: 1.510ms
		UnloadImportedAssets: 0.054ms
		EnsureUptoDateAssetsAreRegisteredWithGuidPM: 0.678ms
		InitializingProgressBar: 0.000ms
		PostProcessAllAssetNotificationsAddChangedAssets: 0.000ms
		OnDemandSchedulerStart: 0.371ms
	PostProcessAllAssets: 21.493ms
	GatherAllCurrentPrimaryArtifactRevisions: 0.179ms
	UnloadStreamsBegin: 0.014ms
	PersistCurrentRevisions: 0.166ms
	UnloadStreamsEnd: 0.001ms
	GenerateScriptTypeHashes: 3.555ms
	Untracked: 1032.808ms

Loaded scene 'Temp/__Backupscenes/0.backup'
	Deserialize:            1.160 ms
	Integration:            359.478 ms
	Integration of assets:  0.002 ms
	Thread Wait Time:       0.050 ms
	Total Operation Time:   360.689 ms
[Hollowmere] menu presented frame=3 input=True focus=menu-new
UnityEngine.Debug:ExtractStackTraceNoAlloc (byte*,int,string)
UnityEngine.StackTraceUtility:ExtractStackTrace () (at ~/build/output/unity/unity/Runtime/Export/Scripting/StackTrace.cs:35)
UnityEngine.DebugLogHandler:Internal_Log (UnityEngine.LogType,UnityEngine.LogOption,string,UnityEngine.Object)
UnityEngine.DebugLogHandler:LogFormat (UnityEngine.LogType,UnityEngine.Object,string,object[])
UnityEngine.Logger:Log (UnityEngine.LogType,object)
UnityEngine.Debug:Log (object)
Hollowmere.UiAudio.MenuPresentationWarmup/<Warm>d__11:MoveNext () (at Assets/Hollowmere/UI/Runtime/MenuPresentationWarmup.cs:57)
UnityEngine.SetupCoroutine:InvokeMoveNext (System.Collections.IEnumerator,intptr) (at ~/build/output/unity/unity/Runtime/Export/Scripting/Coroutines.cs:17)

(Filename: Assets/Hollowmere/UI/Runtime/MenuPresentationWarmup.cs Line: 57)

Loaded scene 'Assets/Hollowmere/Regions/ThornwickVillage.unity'
	Deserialize:            9.533 ms
	Integration:            11.402 ms
	Integration of assets:  0.365 ms
	Thread Wait Time:       16.592 ms
	Total Operation Time:   37.892 ms
Unloading 36 Unused Serialized files (Serialized files now loaded: 0)
Loaded scene 'Temp/__Backupscenes/0.backup'
	Deserialize:            0.857 ms
	Integration:            196.102 ms
	Integration of assets:  0.001 ms
	Thread Wait Time:       0.011 ms
	Total Operation Time:   196.971 ms
Unloading 43 unused Assets / (350.2 KB). Loaded Objects now: 8897.
Memory consumption went from 384.0 MB to 383.7 MB.
Total: 23.403229 ms (FindLiveObjects: 0.451170 ms CreateObjectMapping: 0.255992 ms MarkObjects: 22.064934 ms  DeleteObjects: 0.630070 ms)

Unloading 3 Unused Serialized files (Serialized files now loaded: 0)
Unloading 3 unused Assets / (61.1 KB). Loaded Objects now: 9075.
Memory consumption went from 383.9 MB to 383.8 MB.
Total: 19.573676 ms (FindLiveObjects: 0.397284 ms CreateObjectMapping: 0.206531 ms MarkObjects: 18.839387 ms  DeleteObjects: 0.129371 ms)

Reloading assemblies for play mode.
Reloading assemblies after forced synchronous recompile.
Begin MonoManager ReloadAssembly
Symbol file LoadedFromMemory is not a mono symbol file
- Loaded All Assemblies, in  1.021 seconds
Refreshing native plugins compatible for Editor in 0.24 ms, found 1 plugins.
Native extension for LinuxStandalone target not found
Native extension for OSXStandalone target not found
Assembly reference Packages/com.unity.entities/Unity.Scenes.Editor/Internals/Properties/Unity.Properties.Internals.asmref has no target assembly definition
TypeManager.Initialize took: 123ms
[MODES] ModeService[none].Initialize
[MODES] ModeService[none].LoadModes
Mono: successfully reloaded assembly
- Finished resetting the current domain, in  2.197 seconds
Domain Reload Profiling: 3213ms
	BeginReloadAssembly (696ms)
		ExecutionOrderSort (0ms)
		DisableScriptedObjects (43ms)
		BackupInstance (0ms)
		ReleaseScriptingObjects (0ms)
		CreateAndSetChildDomain (366ms)
	RebuildCommonClasses (42ms)
	RebuildNativeTypeToScriptingClass (11ms)
	initialDomainReloadingComplete (27ms)
	LoadAllAssembliesAndSetupDomain (240ms)
		LoadAssemblies (101ms)
		RebuildTransferFunctionScriptingTraits (0ms)
		AnalyzeDomain (192ms)
			TypeCache.Refresh (7ms)
				TypeCache.ScanAssembly (0ms)
			BuildScriptInfoCaches (171ms)
			ResolveRequiredComponents (11ms)
	FinalizeReload (2198ms)
		ReleaseScriptCaches (0ms)
		RebuildScriptCaches (0ms)
		SetupLoadedEditorAssemblies (1023ms)
			LogAssemblyErrors (0ms)
			InitializePlatformSupportModulesInManaged (90ms)
			SetLoadedEditorAssemblies (8ms)
			BeforeProcessingInitializeOnLoad (166ms)
			ProcessInitializeOnLoadAttributes (518ms)
			ProcessInitializeOnLoadMethodAttributes (239ms)
			AfterProcessingInitializeOnLoad (3ms)
			EditorAssembliesLoaded (0ms)
		ExecutionOrderSort2 (0ms)
		AwakeInstancesAfterBackupRestoration (559ms)
Asset Pipeline Refresh (id=e7d6a41f0f91e4f9fb0ebdd7dc2a3f79): Total: 3.360 seconds - Initiated by StopAssetImportingV2(ForceSynchronousImport | ForceDomainReload)
	Summary:
		Imports: total=0 (actual=0, local cache=0, cache server=0)
		Asset DB Process Time: managed=0 ms, native=2303 ms
		Asset DB Callback time: managed=21 ms, native=0 ms
		Scripting: domain reloads=1, domain reload time=1033 ms, compile time=2 ms, other=0 ms
		Project Asset Count: scripts=1849, non-scripts=2661
		Asset File Changes: new=0, changed=0, moved=0, deleted=0
		Scan Filter Count: 0
	InvokeCustomDependenciesCallbacks: 0.002ms
	InvokePackagesCallback: 2.560ms
	ApplyChangesToAssetFolders: 0.420ms
	Scan: 0.001ms
	OnSourceAssetsModified: 0.002ms
	CategorizeAssetsWithTransientArtifact: 0.003ms
	ProcessAssetsWithTransientArtifactChanges: 3.985ms
	CategorizeAssets: 52.218ms
	ImportOutOfDateAssets: 2204.800ms (2199.480ms without children)
		CompileScripts: 1.545ms
		CollectScriptTypesHashes: 1.166ms
		ReloadNativeAssets: 1.474ms
		UnloadImportedAssets: 0.054ms
		EnsureUptoDateAssetsAreRegisteredWithGuidPM: 0.701ms
		InitializingProgressBar: 0.000ms
		PostProcessAllAssetNotificationsAddChangedAssets: 0.000ms
		OnDemandSchedulerStart: 0.381ms
	PostProcessAllAssets: 21.245ms
	GatherAllCurrentPrimaryArtifactRevisions: 0.171ms
	UnloadStreamsBegin: 0.015ms
	PersistCurrentRevisions: 0.171ms
	UnloadStreamsEnd: 0.000ms
	GenerateScriptTypeHashes: 3.743ms
	Untracked: 1074.237ms

Loaded scene 'Temp/__Backupscenes/0.backup'
	Deserialize:            1.235 ms
	Integration:            375.846 ms
	Integration of assets:  0.001 ms
	Thread Wait Time:       0.005 ms
	Total Operation Time:   377.087 ms
[Hollowmere] menu presented frame=3 input=True focus=menu-new
UnityEngine.Debug:ExtractStackTraceNoAlloc (byte*,int,string)
UnityEngine.StackTraceUtility:ExtractStackTrace () (at ~/build/output/unity/unity/Runtime/Export/Scripting/StackTrace.cs:35)
UnityEngine.DebugLogHandler:Internal_Log (UnityEngine.LogType,UnityEngine.LogOption,string,UnityEngine.Object)
UnityEngine.DebugLogHandler:LogFormat (UnityEngine.LogType,UnityEngine.Object,string,object[])
UnityEngine.Logger:Log (UnityEngine.LogType,object)
UnityEngine.Debug:Log (object)
Hollowmere.UiAudio.MenuPresentationWarmup/<Warm>d__11:MoveNext () (at Assets/Hollowmere/UI/Runtime/MenuPresentationWarmup.cs:57)
UnityEngine.SetupCoroutine:InvokeMoveNext (System.Collections.IEnumerator,intptr) (at ~/build/output/unity/unity/Runtime/Export/Scripting/Coroutines.cs:17)

(Filename: Assets/Hollowmere/UI/Runtime/MenuPresentationWarmup.cs Line: 57)

Loaded scene 'Assets/Hollowmere/Regions/ThornwickVillage.unity'
	Deserialize:            8.887 ms
	Integration:            10.565 ms
	Integration of assets:  0.357 ms
	Thread Wait Time:       16.351 ms
	Total Operation Time:   36.160 ms
Unloading 36 Unused Serialized files (Serialized files now loaded: 0)
Loaded scene 'Temp/__Backupscenes/0.backup'
	Deserialize:            0.636 ms
	Integration:            171.687 ms
	Integration of assets:  0.001 ms
	Thread Wait Time:       0.009 ms
	Total Operation Time:   172.333 ms
Unloading 43 unused Assets / (348.3 KB). Loaded Objects now: 8951.
Memory consumption went from 385.1 MB to 384.8 MB.
Total: 21.670860 ms (FindLiveObjects: 0.393929 ms CreateObjectMapping: 0.238449 ms MarkObjects: 20.424939 ms  DeleteObjects: 0.612709 ms)

Unloading 3 Unused Serialized files (Serialized files now loaded: 0)
Unloading 3 unused Assets / (61.1 KB). Loaded Objects now: 9129.
Memory consumption went from 385.0 MB to 384.9 MB.
Total: 19.870892 ms (FindLiveObjects: 0.400328 ms CreateObjectMapping: 0.207863 ms MarkObjects: 19.127978 ms  DeleteObjects: 0.133544 ms)

MemoryCapture: Header Serialization : 0 ms
MemoryCapture: Waiting for current load operation to finish : 0 ms
MemoryCapture: Metadata Serialization : 0 ms
MemoryCapture: Capture flags Serialization : 52 ms
MemoryCapture: Managed Heaps : 434 ms
MemoryCapture: Managed Stacks : 7 ms
MemoryCapture: Managed Metadata : 62 ms
MemoryCapture: GC Handles : 0 ms
MemoryCapture: Native Types : 1 ms
MemoryCapture: Native Objects : 5 ms
MemoryCapture: Scene Objects : 0 ms
MemoryCapture: Runtime Information Serialization : 0 ms
MemoryCapture: Native Allocation Header : 0 ms
MemoryCapture: Native Allocation Labels : 0 ms
MemoryCapture: Native Root References : 1 ms
MemoryCapture: Native Gfx Resource References : 0 ms
MemoryCapture: Native Allocators : 0 ms
MemoryCapture: Native Memory Region : 26 ms
MemoryCapture: Native Allocation Footer : 0 ms
MemoryCapture: Process Profile Target Info : 0 ms
MemoryCapture: Process Profile Target Memory Stats : 0 ms
MemoryCapture: System Memory Regions : 1 ms
MemoryCapture: System Memory Resident Pages : 0 ms
MemoryCapture took: 589 ms
Saving results to: ~/.config/unity3d/GameCore/Hollowmere/TestResults.xml
Saving results to: ~/wkspace/gc-studio/p4.2k/artifacts/studio/verification/W-GAME-08/native-memory-and-pumps-20261007T182723.901674Z/results.xml
Executing IPostBuildCleanup for: Unity.PerformanceTesting.Editor.TestRunBuilder.
UnityEngine.Debug:ExtractStackTraceNoAlloc (byte*,int,string)
UnityEngine.StackTraceUtility:ExtractStackTrace () (at ~/build/output/unity/unity/Runtime/Export/Scripting/StackTrace.cs:35)
UnityEngine.DebugLogHandler:Internal_Log (UnityEngine.LogType,UnityEngine.LogOption,string,UnityEngine.Object)
UnityEngine.DebugLogHandler:LogFormat (UnityEngine.LogType,UnityEngine.Object,string,object[])
UnityEngine.Logger:Log (UnityEngine.LogType,object)
UnityEngine.Debug:Log (object)
UnityEditor.TestTools.TestRunner.TestRun.Tasks.BuildActionTaskBase`1/<ExecuteMethods>d__8<UnityEngine.TestTools.IPostBuildCleanup>:MoveNext () (at ./Library/PackageCache/com.unity.test-framework@bd52b1c23814/UnityEditor.TestRunner/TestRun/Tasks/BuildActionTaskBase.cs:48)
UnityEditor.TestTools.TestRunner.TestRun.Tasks.BuildActionTaskBase`1/<Execute>d__7<UnityEngine.TestTools.IPostBuildCleanup>:MoveNext () (at ./Library/PackageCache/com.unity.test-framework@bd52b1c23814/UnityEditor.TestRunner/TestRun/Tasks/BuildActionTaskBase.cs:34)
UnityEditor.TestTools.TestRunner.TestRun.TestJobRunner:ExecuteStep () (at ./Library/PackageCache/com.unity.test-framework@bd52b1c23814/UnityEditor.TestRunner/TestRun/TestJobRunner.cs:173)
UnityEditor.TestTools.TestRunner.TestRun.TestJobRunner:ExecuteCallback () (at ./Library/PackageCache/com.unity.test-framework@bd52b1c23814/UnityEditor.TestRunner/TestRun/TestJobRunner.cs:108)
UnityEditor.EditorApplication:Internal_CallUpdateFunctions () (at ~/build/output/unity/unity/Editor/Mono/EditorApplication.cs:384)

(Filename: ./Library/PackageCache/com.unity.test-framework@bd52b1c23814/UnityEditor.TestRunner/TestRun/Tasks/BuildActionTaskBase.cs Line: 48)

Unloading 1 Unused Serialized files (Serialized files now loaded: 0)
Unloading 7 unused Assets / (2.6 KB). Loaded Objects now: 9128.
Memory consumption went from 383.3 MB to 383.3 MB.
Total: 20.261323 ms (FindLiveObjects: 0.396639 ms CreateObjectMapping: 0.226691 ms MarkObjects: 19.376237 ms  DeleteObjects: 0.260816 ms)

Test run completed. Exiting with code 0 (Ok). Run completed.
UnityEngine.Debug:ExtractStackTraceNoAlloc (byte*,int,string)
UnityEngine.StackTraceUtility:ExtractStackTrace () (at ~/build/output/unity/unity/Runtime/Export/Scripting/StackTrace.cs:35)
UnityEngine.DebugLogHandler:Internal_Log (UnityEngine.LogType,UnityEngine.LogOption,string,UnityEngine.Object)
UnityEngine.DebugLogHandler:LogFormat (UnityEngine.LogType,UnityEngine.Object,string,object[])
UnityEngine.Logger:Log (UnityEngine.LogType,object)
UnityEngine.Debug:Log (object)
UnityEditor.TestTools.TestRunner.CommandLineTest.Executer:ExitApplication (UnityEditor.TestTools.TestRunner.CommandLineTest.Executer/ReturnCodes,string) (at ./Library/PackageCache/com.unity.test-framework@bd52b1c23814/UnityEditor.TestRunner/CommandLineTest/Executer.cs:81)
UnityEditor.TestTools.TestRunner.CommandLineTest.Executer:ExitIfRunIsCompleted () (at ./Library/PackageCache/com.unity.test-framework@bd52b1c23814/UnityEditor.TestRunner/CommandLineTest/Executer.cs:74)
UnityEditor.EditorApplication:Internal_CallUpdateFunctions () (at ~/build/output/unity/unity/Editor/Mono/EditorApplication.cs:384)

(Filename: ./Library/PackageCache/com.unity.test-framework@bd52b1c23814/UnityEditor.TestRunner/CommandLineTest/Executer.cs Line: 81)

Unloading 0 Unused Serialized files (Serialized files now loaded: 0)
Start importing ProjectSettings/QualitySettings.asset using Guid(00000000000000009000000000000000) (LibraryAssetImporter) -> (artifact id: 'ba198a38eb13d5cf0a01d4c658627d4f') in 0.004302771 seconds
Start importing ProjectSettings/GraphicsSettings.asset using Guid(00000000000000006100000000000000) (LibraryAssetImporter) -> (artifact id: '77b76e47a9d2b3869f21b935cef50a25') in 0.000759481 seconds
Start importing Assets/Hollowmere/UI/Theme/HollowmerePanelSettings.asset using Guid(b90fff993fc6f94c49bc2b03d2512844) (NativeFormatImporter) -> (artifact id: '0a210f3fc6608e91f5427242957f9fce') in 0.000717872 seconds
Refreshing native plugins compatible for Editor in 0.25 ms, found 1 plugins.
Preloading 0 native plugins for Editor in 0.00 ms.
Asset Pipeline Refresh (id=56c2c8f155e2b3dba9a342f08e34223d): Total: 0.073 seconds - Initiated by StopAssetImportingV2(NoUpdateAssetOptions)
Unloading 4 unused Assets / (0 B). Loaded Objects now: 9006.
Memory consumption went from 397.8 MB to 397.8 MB.
Total: 21.084537 ms (FindLiveObjects: 0.383781 ms CreateObjectMapping: 0.211351 ms MarkObjects: 20.462289 ms  DeleteObjects: 0.025898 ms)

[Physics::Module] Cleanup current backned.
[Physics::Module] Id: 0xf2b8ea05
Input System module state changed to: ShutdownInProgress.
Input System polling thread exited.
Input System module state changed to: Shutdown.
[Licensing::IpcConnector] LicenseClient-worlesenric-notifications channel disconnected successfully.
[Licensing::IpcConnector] LicenseClient-worlesenric channel disconnected successfully.
AcceleratorClientConnectionCallback - disconnected - :0
[40m[32minfo[39m[22m[49m: Microsoft.Hosting.Lifetime[0]
      Application is shutting down...
[40m[32minfo[39m[22m[49m: Unity.ILPP.Runner.PostProcessingAssemblyLoadContext[0]
      ALC ILPP context 1 is unloading
Cleanup mono
debugger-agent: Unable to listen on 68
[Package Manager] Server process was shutdown
Checking for leaked weakptr:
  Found no leaked weakptrs.
##utp:{"type": "MemoryLeaks", "version": 2, "phase": "Immediate", "time": 1791397787748, "processId": 3769417, "allocatedMemory": 16619933, "memoryLabels": [{"Default": 13965}, {"Permanent": 16147}, {"Thread": 1084616}, {"Manager": 3081585}, {"VertexData": 8}, {"Geometry": 408}, {"VFX": -104}, {"Texture": 3152}, {"Shader": 79299}, {"Material": 24}, {"GfxDevice": 36624}, {"Animation": 456}, {"Audio": 4032}, {"Font": 1782565}, {"FreeType": 63500}, {"FontEngine": 320}, {"Physics": 2081}, {"Serialization": 376}, {"Input": 26752}, {"JobScheduler": 33024}, {"TextLib": 160}, {"Mono": 32}, {"MonoCode": 96}, {"ScriptingNativeRuntime": 155096}, {"BaseObject": 1622832}, {"Resource": 1032}, {"Renderer": 2928}, {"Transform": 4678}, {"File": 6674}, {"WebCam": 80}, {"Culling": 32}, {"Terrain": 11298}, {"Wind": 24}, {"String": 37344}, {"DynamicArray": 109733}, {"HashMap": 137330}, {"Utility": 2665104}, {"PoolAlloc": 4160}, {"AI": 72}, {"TypeTree": 5005}, {"ScriptManager": 512}, {"RuntimeInitializeOnLoadManager": 64}, {"SpriteAtlas": 112}, {"GI": 7448}, {"Director": 8208}, {"WebRequest": 16152}, {"VR": 45689}, {"SceneManager": 528}, {"Video": 64}, {"LazyScriptCache": 32}, {"NativeArray": 5940}, {"Camera": 17}, {"Secure": 265}, {"SerializationCache": 1576}, {"APIUpdating": 10320}, {"Subsystems": 336}, {"VirtualTexturing": 57552}, {"StaticSafetyDebugInfo": 278528}, {"Analytics": 256}, {"Hierarchy": 832}, {"CoreStats": 12456}, {"Identifiers": 12384}, {"Gui": 268285}, {"EditorUtility": 106075}, {"VersionControl": 4}, {"Undo": 979}, {"AssetDatabase": 4745546}, {"EditorGi": 328}, {"UnityConnect": 25736}, {"Upm": 1852}, {"DrivenProperties": 72}, {"HubClient": 6115}, {"LocalIPC": 266}, {"ProfilerEditor": 9746}, {"CoreBusinessMetrics": 2366}, {"Licensing": 688}, {"AssetReference": 32}, {"IPCStream": 32}]}
