Unity Editor version:    6000.0.75f1 (26349cd2a5c8)
Branch:                  6000.0/staging
Build type:              Release
Batch mode:              YES
System name:             Linux
Distro version:          #31~24.04.1-Ubuntu SMP PREEMPT_DYNAMIC Mon Aug 10 09:38:02 UTC 2
Kernel version:          7.0.0-31-generic
Architecture:            x86_64
Available memory:        31897 MB
[Licensing::Module] Trying to connect to existing licensing client channel...
Initialize udev device monitor.
[Licensing::IpcConnector] Successfully connected to: "LicenseClient-worlesenric" at "2026-10-07T06:33:40.466884Z"
[SignatureVerifier] Application signature verification not supported on this platform.

COMMAND LINE ARGUMENTS:
~/Unity/Hub/Editor/6000.0.75f1/Editor/Unity
-batchmode
-nographics
-projectPath
~/wkspace/gc-studio/p4.2i/games/hollowmere
-logFile
-
-executeMethod
Hollowmere.Build.BuildLinuxPlayer
-buildOutput
~/wkspace/gc-studio/p4.2i/.evidence/P42iPlayer/player
-buildRevision
cb5e2aa20263209df2dea4ee17aa23c50daec0e0
[Licensing::Client] Handshaking with LicensingClient:
  Version:                 1.17.4+4293ba1
  Session Id:              88e8c01959034ea3af20737de08389f9
  Correlation Id:          70dec6492dd8776ac9455dd9efce7e71
  External correlation Id: 3757811711612171237
  Machine Id:              jd93gYTNlAg1qIhTY9iII/nAhSo=
Successfully changed project path to: ~/wkspace/gc-studio/p4.2i/games/hollowmere
[Licensing::Module] Successfully connected to LicensingClient on channel: "LicenseClient-worlesenric" (connect: 0.00s, validation: 0.00s, handshake: 0.00s)
[Licensing::IpcConnector] Successfully connected to: "LicenseClient-worlesenric-notifications" at "2026-10-07T06:33:40.468771Z"
[Licensing::Module] Error: Access token is unavailable; failed to update
[Licensing::Client] Successfully resolved entitlement details
[Licensing::Module] License group:
  Id: 1375999166540-UnityPersXXXX
  Product: Unity Personal
  Type: Assigned
  Expiration: Unlimited

(process:1602504): Gtk-CRITICAL **: 14:33:40.469: gtk_label_set_text: assertion 'GTK_IS_LABEL (label)' failed
[Licensing::Client] Successfully updated license, isAsync: True, time: 0.00
[Licensing::Client] Successfully resolved entitlement details

(process:1602504): Gtk-CRITICAL **: 14:33:40.470: gtk_label_set_text: assertion 'GTK_IS_LABEL (label)' failed
[Licensing::Module] Licensing Background thread has ended after 0.00s
~/wkspace/gc-studio/p4.2i/games/hollowmere
[UnityMemory] Configuration Parameters - Can be set up in boot.config
"memorysetup-bucket-allocator-granularity=16"
"memorysetup-bucket-allocator-bucket-count=8"
"memorysetup-bucket-allocator-block-size=33554432"
"memorysetup-bucket-allocator-block-count=8"
"memorysetup-main-allocator-block-size=16777216"
"memorysetup-thread-allocator-block-size=16777216"
"memorysetup-gfx-main-allocator-block-size=16777216"
"memorysetup-gfx-thread-allocator-block-size=16777216"
"memorysetup-cache-allocator-block-size=4194304"
"memorysetup-typetree-allocator-block-size=2097152"
"memorysetup-profiler-bucket-allocator-granularity=16"
"memorysetup-profiler-bucket-allocator-bucket-count=8"
"memorysetup-profiler-bucket-allocator-block-size=33554432"
"memorysetup-profiler-bucket-allocator-block-count=8"
"memorysetup-profiler-allocator-block-size=16777216"
"memorysetup-profiler-editor-allocator-block-size=1048576"
"memorysetup-temp-allocator-size-main=16777216"
"memorysetup-job-temp-allocator-block-size=2097152"
"memorysetup-job-temp-allocator-block-size-background=1048576"
"memorysetup-job-temp-allocator-reduction-small-platforms=262144"
"memorysetup-allocator-temp-initial-block-size-main=262144"
"memorysetup-allocator-temp-initial-block-size-worker=262144"
"memorysetup-temp-allocator-size-background-worker=32768"
"memorysetup-temp-allocator-size-job-worker=262144"
"memorysetup-temp-allocator-size-preload-manager=33554432"
"memorysetup-temp-allocator-size-nav-mesh-worker=65536"
"memorysetup-temp-allocator-size-audio-worker=65536"
"memorysetup-temp-allocator-size-cloud-worker=32768"
"memorysetup-temp-allocator-size-gi-baking-worker=262144"
"memorysetup-temp-allocator-size-gi-baking-worker=262144"
"memorysetup-temp-allocator-size-gi-baking-worker=262144"
"memorysetup-temp-allocator-size-gi-baking-worker=262144"
"memorysetup-temp-allocator-size-gi-baking-worker=262144"
"memorysetup-temp-allocator-size-gfx=262144"
Player connection [124108516681024]  Target information:

Player connection [124108516681024]  * "[IP] 192.168.0.21 [Port] 55504 [Flags] 2 [Guid] 2669884845 [EditorId] 2669884845 [Version] 1048832 [Id] LinuxEditor(16,192.168.0.21) [Debug] 1 [PackageName] LinuxEditor [ProjectName] Editor" 

Player connection [124108516681024]  * "[IP] 172.18.0.1 [Port] 55504 [Flags] 2 [Guid] 2669884845 [EditorId] 2669884845 [Version] 1048832 [Id] LinuxEditor(16,192.168.0.21) [Debug] 1 [PackageName] LinuxEditor [ProjectName] Editor" 

Player connection [124108516681024]  * "[IP] 172.17.0.1 [Port] 55504 [Flags] 2 [Guid] 2669884845 [EditorId] 2669884845 [Version] 1048832 [Id] LinuxEditor(16,192.168.0.21) [Debug] 1 [PackageName] LinuxEditor [ProjectName] Editor" 

Player connection [124108516681024]  * "[IP] 10.42.0.0 [Port] 55504 [Flags] 2 [Guid] 2669884845 [EditorId] 2669884845 [Version] 1048832 [Id] LinuxEditor(16,192.168.0.21) [Debug] 1 [PackageName] LinuxEditor [ProjectName] Editor" 

Player connection [124108516681024]  * "[IP] 10.42.0.1 [Port] 55504 [Flags] 2 [Guid] 2669884845 [EditorId] 2669884845 [Version] 1048832 [Id] LinuxEditor(16,192.168.0.21) [Debug] 1 [PackageName] LinuxEditor [ProjectName] Editor" 

Player connection [124108516681024]  * "[IP] 100.66.195.58 [Port] 55504 [Flags] 2 [Guid] 2669884845 [EditorId] 2669884845 [Version] 1048832 [Id] LinuxEditor(16,192.168.0.21) [Debug] 1 [PackageName] LinuxEditor [ProjectName] Editor" 

Player connection [124108516681024]  * "[IP] 172.19.0.1 [Port] 55504 [Flags] 2 [Guid] 2669884845 [EditorId] 2669884845 [Version] 1048832 [Id] LinuxEditor(16,192.168.0.21) [Debug] 1 [PackageName] LinuxEditor [ProjectName] Editor" 

Player connection [124108516681024]  * "[IP] 172.20.0.1 [Port] 55504 [Flags] 2 [Guid] 2669884845 [EditorId] 2669884845 [Version] 1048832 [Id] LinuxEditor(16,192.168.0.21) [Debug] 1 [PackageName] LinuxEditor [ProjectName] Editor" 

Player connection [124108516681024] Host joined multi-casting on [225.0.0.222:54997]...
Player connection [124108516681024] Host joined alternative multi-casting on [225.0.0.222:34997]...
Input System module state changed to: Initialized.
[Physics::Module] Initialized fallback backend.
[Physics::Module] Id: 0xdecafbad
[Package Manager] Connected to IPC stream "Upm-1602504" after 0.3 seconds.
Library Redirect Path: Library/
[Physics::Module] Selected backend.
[Physics::Module] Name: PhysX
[Physics::Module] Id: 0xf2b8ea05
[Physics::Module] SDK Version: 4.1.2
[Physics::Module] Integration Version: 1.0.0
[Physics::Module] Threading Mode: Multi-Threaded
Refreshing native plugins compatible for Editor in 0.14 ms, found 0 plugins.
Preloading 0 native plugins for Editor in 0.00 ms.
Initialize engine version: 6000.0.75f1 (26349cd2a5c8)
[Subsystems] Discovering subsystems at path ~/Unity/Hub/Editor/6000.0.75f1/Editor/Data/Resources/UnitySubsystems
[Subsystems] Discovering subsystems at path ~/wkspace/gc-studio/p4.2i/games/hollowmere/Assets
Forcing GfxDevice: Null
GfxDevice: creating device client; kGfxThreadingModeNonThreaded
NullGfxDevice:
    Version:  NULL 1.0 [1.0]
    Renderer: Null Device
    Vendor:   Unity Technologies
Initialize mono
Mono path[0] = '~/Unity/Hub/Editor/6000.0.75f1/Editor/Data/Managed'
Mono path[1] = '~/Unity/Hub/Editor/6000.0.75f1/Editor/Data/MonoBleedingEdge/lib/mono/unityjit-linux'
Mono config path = '~/Unity/Hub/Editor/6000.0.75f1/Editor/Data/MonoBleedingEdge/etc'
Using monoOptions --debugger-agent=transport=dt_socket,embedding=1,server=y,suspend=n,address=127.0.0.1:56504
Using cacheserver namespaces - metadata:defaultmetadata, artifacts:defaultartifacts
Using cacheserver namespaces - metadata:defaultmetadata, artifacts:defaultartifacts
ImportWorker Server TCP listen port: 0
AcceleratorClientConnectionCallback - disconnected - :0
Begin MonoManager ReloadAssembly
Registering precompiled unity dll's ...
Register platform support module: ~/Unity/Hub/Editor/6000.0.75f1/Editor/Data/PlaybackEngines/MacStandaloneSupport/UnityEditor.OSXStandalone.Extensions.dll
Register platform support module: ~/Unity/Hub/Editor/6000.0.75f1/Editor/Data/PlaybackEngines/LinuxStandaloneSupport/UnityEditor.LinuxStandalone.Extensions.dll
Registered in 0.002043 seconds.
- Loaded All Assemblies, in  0.401 seconds
Native extension for LinuxStandalone target not found
Package Manager log level set to [2]
[Licensing::Client] Successfully resolved entitlement details
Native extension for OSXStandalone target not found
Mono: successfully reloaded assembly
- Finished resetting the current domain, in 33.731 seconds
Domain Reload Profiling: 34132ms
	BeginReloadAssembly (90ms)
		ExecutionOrderSort (0ms)
		DisableScriptedObjects (0ms)
		BackupInstance (0ms)
		ReleaseScriptingObjects (0ms)
		CreateAndSetChildDomain (1ms)
	RebuildCommonClasses (44ms)
	RebuildNativeTypeToScriptingClass (10ms)
	initialDomainReloadingComplete (70ms)
	LoadAllAssembliesAndSetupDomain (186ms)
		LoadAssemblies (89ms)
		RebuildTransferFunctionScriptingTraits (0ms)
		AnalyzeDomain (183ms)
			TypeCache.Refresh (181ms)
				TypeCache.ScanAssembly (162ms)
			BuildScriptInfoCaches (0ms)
			ResolveRequiredComponents (1ms)
	FinalizeReload (33732ms)
		ReleaseScriptCaches (0ms)
		RebuildScriptCaches (0ms)
		SetupLoadedEditorAssemblies (33694ms)
			LogAssemblyErrors (0ms)
			InitializePlatformSupportModulesInManaged (33487ms)
			SetLoadedEditorAssemblies (4ms)
			BeforeProcessingInitializeOnLoad (42ms)
			ProcessInitializeOnLoadAttributes (120ms)
			ProcessInitializeOnLoadMethodAttributes (40ms)
			AfterProcessingInitializeOnLoad (0ms)
			EditorAssembliesLoaded (0ms)
		ExecutionOrderSort2 (0ms)
		AwakeInstancesAfterBackupRestoration (0ms)
[Licensing::Client] Successfully resolved entitlement details
Application.AssetDatabase Initial Refresh Start
[Package Manager] Restoring resolved packages state from cache
[Licensing::Client] Successfully resolved entitlement details
[Package Manager] Registered 76 packages:
  Packages from [https://packages.unity.com]:
    com.unity.ai.navigation@2.0.12 (location: ~/wkspace/gc-studio/p4.2i/games/hollowmere/Library/PackageCache/com.unity.ai.navigation@734c2c4c5591)
    com.unity.burst@1.8.28 (location: ~/wkspace/gc-studio/p4.2i/games/hollowmere/Library/PackageCache/com.unity.burst@07790c2d06d9)
    com.unity.collections@2.6.6 (location: ~/wkspace/gc-studio/p4.2i/games/hollowmere/Library/PackageCache/com.unity.collections@9796e5ee0d9e)
    com.unity.entities@1.4.6 (location: ~/wkspace/gc-studio/p4.2i/games/hollowmere/Library/PackageCache/com.unity.entities@e90944159b94)
    com.unity.inputsystem@1.19.0 (location: ~/wkspace/gc-studio/p4.2i/games/hollowmere/Library/PackageCache/com.unity.inputsystem@21a28c3a6c83)
    com.unity.mathematics@1.3.2 (location: ~/wkspace/gc-studio/p4.2i/games/hollowmere/Library/PackageCache/com.unity.mathematics@8017b507cc74)
    com.unity.nuget.newtonsoft-json@3.2.1 (location: ~/wkspace/gc-studio/p4.2i/games/hollowmere/Library/PackageCache/com.unity.nuget.newtonsoft-json@74deb55db2a0)
    com.unity.toolchain.linux-x86_64@2.0.11 (location: ~/wkspace/gc-studio/p4.2i/games/hollowmere/Library/PackageCache/com.unity.toolchain.linux-x86_64@53b88ff74b51)
    com.unity.sysroot@2.0.10 (location: ~/wkspace/gc-studio/p4.2i/games/hollowmere/Library/PackageCache/com.unity.sysroot@7bbbb9339c14)
    com.unity.sysroot.linux-x86_64@2.0.9 (location: ~/wkspace/gc-studio/p4.2i/games/hollowmere/Library/PackageCache/com.unity.sysroot.linux-x86_64@1998d1c7730e)
    com.unity.serialization@3.1.5 (location: ~/wkspace/gc-studio/p4.2i/games/hollowmere/Library/PackageCache/com.unity.serialization@c463b52e88d7)
    com.unity.profiling.core@1.0.3 (location: ~/wkspace/gc-studio/p4.2i/games/hollowmere/Library/PackageCache/com.unity.profiling.core@8a49f7027d06)
    com.unity.nuget.mono-cecil@1.11.6 (location: ~/wkspace/gc-studio/p4.2i/games/hollowmere/Library/PackageCache/com.unity.nuget.mono-cecil@ecb9724e46ff)
    com.unity.scriptablebuildpipeline@2.6.1 (location: ~/wkspace/gc-studio/p4.2i/games/hollowmere/Library/PackageCache/com.unity.scriptablebuildpipeline@36e3b5898ee2)
    com.unity.test-framework.performance@3.4.0 (location: ~/wkspace/gc-studio/p4.2i/games/hollowmere/Library/PackageCache/com.unity.test-framework.performance@aa81a99c4a75)
    com.unity.searcher@4.9.3 (location: ~/wkspace/gc-studio/p4.2i/games/hollowmere/Library/PackageCache/com.unity.searcher@1e17ce91558d)
  Built-in packages:
    com.unity.modules.ai@1.0.0 (location: ~/wkspace/gc-studio/p4.2i/games/hollowmere/Library/PackageCache/com.unity.modules.ai)
    com.unity.modules.animation@1.0.0 (location: ~/wkspace/gc-studio/p4.2i/games/hollowmere/Library/PackageCache/com.unity.modules.animation)
    com.unity.modules.audio@1.0.0 (location: ~/wkspace/gc-studio/p4.2i/games/hollowmere/Library/PackageCache/com.unity.modules.audio)
    com.unity.modules.imageconversion@1.0.0 (location: ~/wkspace/gc-studio/p4.2i/games/hollowmere/Library/PackageCache/com.unity.modules.imageconversion)
    com.unity.modules.imgui@1.0.0 (location: ~/wkspace/gc-studio/p4.2i/games/hollowmere/Library/PackageCache/com.unity.modules.imgui)
    com.unity.modules.jsonserialize@1.0.0 (location: ~/wkspace/gc-studio/p4.2i/games/hollowmere/Library/PackageCache/com.unity.modules.jsonserialize)
    com.unity.modules.physics@1.0.0 (location: ~/wkspace/gc-studio/p4.2i/games/hollowmere/Library/PackageCache/com.unity.modules.physics)
    com.unity.modules.screencapture@1.0.0 (location: ~/wkspace/gc-studio/p4.2i/games/hollowmere/Library/PackageCache/com.unity.modules.screencapture)
    com.unity.modules.ui@1.0.0 (location: ~/wkspace/gc-studio/p4.2i/games/hollowmere/Library/PackageCache/com.unity.modules.ui)
    com.unity.modules.uielements@1.0.0 (location: ~/wkspace/gc-studio/p4.2i/games/hollowmere/Library/PackageCache/com.unity.modules.uielements)
    com.unity.modules.unitywebrequest@1.0.0 (location: ~/wkspace/gc-studio/p4.2i/games/hollowmere/Library/PackageCache/com.unity.modules.unitywebrequest)
    com.unity.modules.video@1.0.0 (location: ~/wkspace/gc-studio/p4.2i/games/hollowmere/Library/PackageCache/com.unity.modules.video)
    com.unity.render-pipelines.universal@17.0.4 (location: ~/wkspace/gc-studio/p4.2i/games/hollowmere/Library/PackageCache/com.unity.render-pipelines.universal@a1a2df1d8dcb)
    com.unity.test-framework@1.6.0 (location: ~/wkspace/gc-studio/p4.2i/games/hollowmere/Library/PackageCache/com.unity.test-framework@bd52b1c23814)
    com.unity.ext.nunit@2.0.5 (location: ~/wkspace/gc-studio/p4.2i/games/hollowmere/Library/PackageCache/com.unity.ext.nunit@b16e6d09cd93)
    com.unity.render-pipelines.core@17.0.4 (location: ~/wkspace/gc-studio/p4.2i/games/hollowmere/Library/PackageCache/com.unity.render-pipelines.core@2fecbe5ecc80)
    com.unity.shadergraph@17.0.4 (location: ~/wkspace/gc-studio/p4.2i/games/hollowmere/Library/PackageCache/com.unity.shadergraph@029994c473dc)
    com.unity.render-pipelines.universal-config@17.0.3 (location: ~/wkspace/gc-studio/p4.2i/games/hollowmere/Library/PackageCache/com.unity.render-pipelines.universal-config@e48fefd716b5)
    com.unity.modules.hierarchycore@1.0.0 (location: ~/wkspace/gc-studio/p4.2i/games/hollowmere/Library/PackageCache/com.unity.modules.hierarchycore)
    com.unity.modules.assetbundle@1.0.0 (location: ~/wkspace/gc-studio/p4.2i/games/hollowmere/Library/PackageCache/com.unity.modules.assetbundle)
    com.unity.modules.unityanalytics@1.0.0 (location: ~/wkspace/gc-studio/p4.2i/games/hollowmere/Library/PackageCache/com.unity.modules.unityanalytics)
    com.unity.ugui@2.0.0 (location: ~/wkspace/gc-studio/p4.2i/games/hollowmere/Library/PackageCache/com.unity.ugui@a477a4a18974)
    com.unity.modules.terrain@1.0.0 (location: ~/wkspace/gc-studio/p4.2i/games/hollowmere/Library/PackageCache/com.unity.modules.terrain)
    com.unity.rendering.light-transport@1.0.1 (location: ~/wkspace/gc-studio/p4.2i/games/hollowmere/Library/PackageCache/com.unity.rendering.light-transport@fd597d1a9e15)
  Local packages:
    com.gamecore.composition@file:~/wkspace/gc-studio/p4.2i/Packages/com.gamecore.composition (location: ~/wkspace/gc-studio/p4.2i/Packages/com.gamecore.composition)
    com.gamecore.content.compiler@file:~/wkspace/gc-studio/p4.2i/Packages/com.gamecore.content.compiler (location: ~/wkspace/gc-studio/p4.2i/Packages/com.gamecore.content.compiler)
    com.gamecore.contracts@file:~/wkspace/gc-studio/p4.2i/Packages/com.gamecore.contracts (location: ~/wkspace/gc-studio/p4.2i/Packages/com.gamecore.contracts)
    com.gamecore.derivation@file:~/wkspace/gc-studio/p4.2i/Packages/com.gamecore.derivation (location: ~/wkspace/gc-studio/p4.2i/Packages/com.gamecore.derivation)
    com.gamecore.gameplay.audio@file:~/wkspace/gc-studio/p4.2i/Packages/com.gamecore.gameplay.audio (location: ~/wkspace/gc-studio/p4.2i/Packages/com.gamecore.gameplay.audio)
    com.gamecore.gameplay.cards@file:~/wkspace/gc-studio/p4.2i/Packages/com.gamecore.gameplay.cards (location: ~/wkspace/gc-studio/p4.2i/Packages/com.gamecore.gameplay.cards)
    com.gamecore.gameplay.compile@file:~/wkspace/gc-studio/p4.2i/Packages/com.gamecore.gameplay.compile (location: ~/wkspace/gc-studio/p4.2i/Packages/com.gamecore.gameplay.compile)
    com.gamecore.gameplay.contracts@file:~/wkspace/gc-studio/p4.2i/Packages/com.gamecore.gameplay.contracts (location: ~/wkspace/gc-studio/p4.2i/Packages/com.gamecore.gameplay.contracts)
    com.gamecore.gameplay.dialogue@file:~/wkspace/gc-studio/p4.2i/Packages/com.gamecore.gameplay.dialogue (location: ~/wkspace/gc-studio/p4.2i/Packages/com.gamecore.gameplay.dialogue)
    com.gamecore.gameplay.entities@file:~/wkspace/gc-studio/p4.2i/Packages/com.gamecore.gameplay.entities (location: ~/wkspace/gc-studio/p4.2i/Packages/com.gamecore.gameplay.entities)
    com.gamecore.gameplay.integration@file:~/wkspace/gc-studio/p4.2i/Packages/com.gamecore.gameplay.integration (location: ~/wkspace/gc-studio/p4.2i/Packages/com.gamecore.gameplay.integration)
    com.gamecore.gameplay.interaction@file:~/wkspace/gc-studio/p4.2i/Packages/com.gamecore.gameplay.interaction (location: ~/wkspace/gc-studio/p4.2i/Packages/com.gamecore.gameplay.interaction)
    com.gamecore.gameplay.inventory@file:~/wkspace/gc-studio/p4.2i/Packages/com.gamecore.gameplay.inventory (location: ~/wkspace/gc-studio/p4.2i/Packages/com.gamecore.gameplay.inventory)
    com.gamecore.gameplay.logic@file:~/wkspace/gc-studio/p4.2i/Packages/com.gamecore.gameplay.logic (location: ~/wkspace/gc-studio/p4.2i/Packages/com.gamecore.gameplay.logic)
    com.gamecore.gameplay.narrative@file:~/wkspace/gc-studio/p4.2i/Packages/com.gamecore.gameplay.narrative (location: ~/wkspace/gc-studio/p4.2i/Packages/com.gamecore.gameplay.narrative)
    com.gamecore.gameplay.npc@file:~/wkspace/gc-studio/p4.2i/Packages/com.gamecore.gameplay.npc (location: ~/wkspace/gc-studio/p4.2i/Packages/com.gamecore.gameplay.npc)
    com.gamecore.gameplay.player@file:~/wkspace/gc-studio/p4.2i/Packages/com.gamecore.gameplay.player (location: ~/wkspace/gc-studio/p4.2i/Packages/com.gamecore.gameplay.player)
    com.gamecore.gameplay.quest@file:~/wkspace/gc-studio/p4.2i/Packages/com.gamecore.gameplay.quest (location: ~/wkspace/gc-studio/p4.2i/Packages/com.gamecore.gameplay.quest)
    com.gamecore.gameplay.rewards@file:~/wkspace/gc-studio/p4.2i/Packages/com.gamecore.gameplay.rewards (location: ~/wkspace/gc-studio/p4.2i/Packages/com.gamecore.gameplay.rewards)
    com.gamecore.gameplay.save@file:~/wkspace/gc-studio/p4.2i/Packages/com.gamecore.gameplay.save (location: ~/wkspace/gc-studio/p4.2i/Packages/com.gamecore.gameplay.save)
    com.gamecore.gameplay.traversal@file:~/wkspace/gc-studio/p4.2i/Packages/com.gamecore.gameplay.traversal (location: ~/wkspace/gc-studio/p4.2i/Packages/com.gamecore.gameplay.traversal)
    com.gamecore.gameplay.ui@file:~/wkspace/gc-studio/p4.2i/Packages/com.gamecore.gameplay.ui (location: ~/wkspace/gc-studio/p4.2i/Packages/com.gamecore.gameplay.ui)
    com.gamecore.gameplay.world@file:~/wkspace/gc-studio/p4.2i/Packages/com.gamecore.gameplay.world (location: ~/wkspace/gc-studio/p4.2i/Packages/com.gamecore.gameplay.world)
    com.gamecore.planning@file:~/wkspace/gc-studio/p4.2i/Packages/com.gamecore.planning (location: ~/wkspace/gc-studio/p4.2i/Packages/com.gamecore.planning)
    com.gamecore.rules.cards@file:~/wkspace/gc-studio/p4.2i/Packages/com.gamecore.rules.cards (location: ~/wkspace/gc-studio/p4.2i/Packages/com.gamecore.rules.cards)
    com.gamecore.rules.gameplay@file:~/wkspace/gc-studio/p4.2i/Packages/com.gamecore.rules.gameplay (location: ~/wkspace/gc-studio/p4.2i/Packages/com.gamecore.rules.gameplay)
    com.gamecore.rules.narrative@file:~/wkspace/gc-studio/p4.2i/Packages/com.gamecore.rules.narrative (location: ~/wkspace/gc-studio/p4.2i/Packages/com.gamecore.rules.narrative)
    com.gamecore.rules.traversal@file:~/wkspace/gc-studio/p4.2i/Packages/com.gamecore.rules.traversal (location: ~/wkspace/gc-studio/p4.2i/Packages/com.gamecore.rules.traversal)
    com.gamecore.studio.core@file:~/wkspace/gc-studio/p4.2i/Packages/com.gamecore.studio.core (location: ~/wkspace/gc-studio/p4.2i/Packages/com.gamecore.studio.core)
    com.gamecore.studio.etos@file:~/wkspace/gc-studio/p4.2i/Packages/com.gamecore.studio.etos (location: ~/wkspace/gc-studio/p4.2i/Packages/com.gamecore.studio.etos)
    com.gamecore.studio.gameplay@file:~/wkspace/gc-studio/p4.2i/Packages/com.gamecore.studio.gameplay (location: ~/wkspace/gc-studio/p4.2i/Packages/com.gamecore.studio.gameplay)
    com.gamecore.studio.ui@file:~/wkspace/gc-studio/p4.2i/Packages/com.gamecore.studio.ui (location: ~/wkspace/gc-studio/p4.2i/Packages/com.gamecore.studio.ui)
    com.gamecore.studio.views@file:~/wkspace/gc-studio/p4.2i/Packages/com.gamecore.studio.views (location: ~/wkspace/gc-studio/p4.2i/Packages/com.gamecore.studio.views)
    com.gamecore.unity.adapters@file:~/wkspace/gc-studio/p4.2i/Packages/com.gamecore.unity.adapters (location: ~/wkspace/gc-studio/p4.2i/Packages/com.gamecore.unity.adapters)
    com.gamecore.unity.app@file:~/wkspace/gc-studio/p4.2i/Packages/com.gamecore.unity.app (location: ~/wkspace/gc-studio/p4.2i/Packages/com.gamecore.unity.app)
    com.gamecore.unity.runtime@file:~/wkspace/gc-studio/p4.2i/Packages/com.gamecore.unity.runtime (location: ~/wkspace/gc-studio/p4.2i/Packages/com.gamecore.unity.runtime)
[Subsystems] No new subsystems found in resolved package list.
[Package Manager] Done registering packages in 0.00 seconds
A meta data file (.meta) exists but its folder 'Packages/com.gamecore.studio.gameplay/Tests~' can't be found, and has been created. Empty directories cannot be stored in version control, so it's assumed that the meta data file is for an empty directory in version control. When moving or deleting folders outside of Unity, please ensure that the corresponding .meta file is moved or deleted along with it.
Assembly reference Packages/com.unity.entities/Unity.Scenes.Editor/Internals/Properties/Unity.Properties.Internals.asmref has no target assembly definition
Assembly reference Packages/com.unity.entities/Unity.Scenes.Editor/Internals/Properties/Unity.Properties.Internals.asmref has no target assembly definition
[40m[32minfo[39m[22m[49m: Microsoft.Hosting.Lifetime[14]
      Now listening on: http://unix:/tmp/ilpp.sock-964a2442f0f4fb0660d993928e17f323
[40m[32minfo[39m[22m[49m: Microsoft.Hosting.Lifetime[0]
      Application started. Press Ctrl+C to shut down.
[40m[32minfo[39m[22m[49m: Microsoft.Hosting.Lifetime[0]
      Hosting environment: Production
[40m[32minfo[39m[22m[49m: Microsoft.Hosting.Lifetime[0]
      Content root path: ~/wkspace/gc-studio/p4.2i/games/hollowmere/
[40m[32minfo[39m[22m[49m: Microsoft.AspNetCore.Hosting.Diagnostics[1]
      Request starting HTTP/2 POST http://ilpp/UnityILPP.PostProcessing/Ping application/grpc -
[40m[32minfo[39m[22m[49m: Microsoft.AspNetCore.Routing.EndpointMiddleware[0]
      Executing endpoint 'gRPC - /UnityILPP.PostProcessing/Ping'
[40m[32minfo[39m[22m[49m: Microsoft.AspNetCore.Routing.EndpointMiddleware[1]
      Executed endpoint 'gRPC - /UnityILPP.PostProcessing/Ping'
[40m[32minfo[39m[22m[49m: Microsoft.AspNetCore.Hosting.Diagnostics[2]
      Request finished HTTP/2 POST http://ilpp/UnityILPP.PostProcessing/Ping application/grpc - - 200 - application/grpc 34.7316ms
Starting: ~/Unity/Hub/Editor/6000.0.75f1/Editor/Data/bee_backend --ipc --defer-dag-verification --dagfile="Library/Bee/2400b0aE.dag" --continue-on-failure --profile="Library/Bee/backend1.traceevents" ScriptAssemblies
WorkingDir: ~/wkspace/gc-studio/p4.2i/games/hollowmere
[40m[32minfo[39m[22m[49m: Microsoft.AspNetCore.Hosting.Diagnostics[1]
      Request starting HTTP/2 POST http://ilpp/UnityILPP.PostProcessing/ConfigurePostProcessors application/grpc -
[40m[32minfo[39m[22m[49m: Microsoft.AspNetCore.Routing.EndpointMiddleware[0]
      Executing endpoint 'gRPC - /UnityILPP.PostProcessing/ConfigurePostProcessors'
[40m[1m[33mwarn[39m[22m[49m: Unity.ILPP.Runner.PostProcessingAssemblyLoadContext[0]
      Assembly system.runtime.interopservices.windowsruntime has duplicate hint path. Ignoring "~/Unity/Hub/Editor/6000.0.75f1/Editor/Data/UnityReferenceAssemblies/unity-4.8-api/Facades/System.Runtime.InteropServices.WindowsRuntime.dll" in favor of "~/Unity/Hub/Editor/6000.0.75f1/Editor/Data/NetStandard/Extensions/2.0.0/System.Runtime.InteropServices.WindowsRuntime.dll"
[40m[1m[33mwarn[39m[22m[49m: Unity.ILPP.Runner.PostProcessingAssemblyLoadContext[0]
      Assembly system.componentmodel.composition has duplicate hint path. Ignoring "~/Unity/Hub/Editor/6000.0.75f1/Editor/Data/UnityReferenceAssemblies/unity-4.8-api/System.ComponentModel.Composition.dll" in favor of "~/Unity/Hub/Editor/6000.0.75f1/Editor/Data/NetStandard/compat/2.1.0/shims/netfx/System.ComponentModel.Composition.dll"
[40m[32minfo[39m[22m[49m: Unity.ILPP.Runner.PostProcessingAssemblyLoadContext[0]
      Resolved Unity.Burst.Cecil, Version=0.11.4.0, Culture=neutral, PublicKeyToken=50cebf1cceb9d05e with Library/PackageCache/com.unity.burst@07790c2d06d9/Unity.Burst.CodeGen/Unity.Burst.Cecil.dll
[40m[32minfo[39m[22m[49m: Unity.ILPP.Runner.PostProcessingAssemblyLoadContext[0]
      Resolved Mono.Cecil, Version=0.11.5.0, Culture=neutral, PublicKeyToken=50cebf1cceb9d05e with Library/PackageCache/com.unity.nuget.mono-cecil@ecb9724e46ff/Mono.Cecil.dll
[40m[32minfo[39m[22m[49m: Unity.ILPP.Runner.PostProcessingAssemblyLoadContext[0]
      Resolved Unity.Entities, Version=0.0.0.0, Culture=neutral, PublicKeyToken=null with Library/Bee/artifacts/2400b0aE.dag/Unity.Entities.dll
[40m[32minfo[39m[22m[49m: Microsoft.AspNetCore.Routing.EndpointMiddleware[1]
      Executed endpoint 'gRPC - /UnityILPP.PostProcessing/ConfigurePostProcessors'
[40m[32minfo[39m[22m[49m: Microsoft.AspNetCore.Hosting.Diagnostics[2]
      Request finished HTTP/2 POST http://ilpp/UnityILPP.PostProcessing/ConfigurePostProcessors application/grpc - - 200 - application/grpc 38.6636ms
DisplayProgressbar: Compiling Scripts
ExitCode: 4 Duration: 0s261ms
[1460/2079  0s] ILPP-Configuration Library/ilpp-configuration.nevergeneratedoutput
Rebuilding DAG because FileSignature timestamp changed: Library/Bee/2400b0aE-inputdata.json
*** Tundra requires additional run (0.25 seconds), 1 items updated, 2079 evaluated
Starting: ~/Unity/Hub/Editor/6000.0.75f1/Editor/Data/Tools/netcorerun/netcorerun "~/Unity/Hub/Editor/6000.0.75f1/Editor/Data/Tools/BuildPipeline/ScriptCompilationBuildProgram.exe" "Library/Bee/2400b0aE.dag.json" "Library/Bee/2400b0aE-inputdata.json" "Library/Bee/buildprogram0.traceevents"
WorkingDir: ~/wkspace/gc-studio/p4.2i/games/hollowmere
ExitCode: 0 Duration: 1s996ms
Starting: ~/Unity/Hub/Editor/6000.0.75f1/Editor/Data/bee_backend --ipc --defer-dag-verification --dagfile="Library/Bee/2400b0aE.dag" --continue-on-failure --dagfilejson="Library/Bee/2400b0aE.dag.json" --profile="Library/Bee/backend2.traceevents" ScriptAssemblies
WorkingDir: ~/wkspace/gc-studio/p4.2i/games/hollowmere
[40m[32minfo[39m[22m[49m: Microsoft.AspNetCore.Hosting.Diagnostics[1]
      Request starting HTTP/2 POST http://ilpp/UnityILPP.PostProcessing/ConfigurePostProcessors application/grpc -
[40m[32minfo[39m[22m[49m: Microsoft.AspNetCore.Routing.EndpointMiddleware[0]
      Executing endpoint 'gRPC - /UnityILPP.PostProcessing/ConfigurePostProcessors'
[40m[32minfo[39m[22m[49m: Unity.ILPP.Runner.PostProcessingAssemblyLoadContext[0]
      Current configuration matches the requested one, skipping
[40m[32minfo[39m[22m[49m: Microsoft.AspNetCore.Routing.EndpointMiddleware[1]
      Executed endpoint 'gRPC - /UnityILPP.PostProcessing/ConfigurePostProcessors'
[40m[32minfo[39m[22m[49m: Microsoft.AspNetCore.Hosting.Diagnostics[2]
      Request finished HTTP/2 POST http://ilpp/UnityILPP.PostProcessing/ConfigurePostProcessors application/grpc - - 200 - application/grpc 0.8598ms
ExitCode: 0 Duration: 0s625ms
Finished compiling graph: 2082 nodes, 52673 flattened edges (36523 ToBuild, 422 ToUse), maximum node priority 3996
[1460/2079  0s] ILPP-Configuration Library/ilpp-configuration.nevergeneratedoutput
*** Tundra build success (0.60 seconds), 1 items updated, 2079 evaluated
AssetDatabase: script compilation time: 3.291875s
A meta data file (.meta) exists but its folder 'Packages/com.gamecore.studio.gameplay/Tests~' can't be found, and has been created. Empty directories cannot be stored in version control, so it's assumed that the meta data file is for an empty directory in version control. When moving or deleting folders outside of Unity, please ensure that the corresponding .meta file is moved or deleted along with it.
Begin MonoManager ReloadAssembly
Symbol file LoadedFromMemory is not a mono symbol file
- Loaded All Assemblies, in  0.782 seconds
A meta data file (.meta) exists but its folder 'Packages/com.gamecore.studio.gameplay/Tests~' can't be found, and has been created. Empty directories cannot be stored in version control, so it's assumed that the meta data file is for an empty directory in version control. When moving or deleting folders outside of Unity, please ensure that the corresponding .meta file is moved or deleted along with it.
Refreshing native plugins compatible for Editor in 0.21 ms, found 1 plugins.
Shader Hidden/ProbeVolume/VoxelizeScene is not supported: GPU does not support conservative rasterization
Native extension for LinuxStandalone target not found
Native extension for OSXStandalone target not found
Assembly reference Packages/com.unity.entities/Unity.Scenes.Editor/Internals/Properties/Unity.Properties.Internals.asmref has no target assembly definition
TypeManager.Initialize took: 372ms
Mono: successfully reloaded assembly
- Finished resetting the current domain, in  3.370 seconds
Domain Reload Profiling: 4144ms
	BeginReloadAssembly (253ms)
		ExecutionOrderSort (0ms)
		DisableScriptedObjects (28ms)
		BackupInstance (0ms)
		ReleaseScriptingObjects (0ms)
		CreateAndSetChildDomain (140ms)
	RebuildCommonClasses (33ms)
	RebuildNativeTypeToScriptingClass (8ms)
	initialDomainReloadingComplete (29ms)
	LoadAllAssembliesAndSetupDomain (451ms)
		LoadAssemblies (258ms)
		RebuildTransferFunctionScriptingTraits (0ms)
		AnalyzeDomain (247ms)
			TypeCache.Refresh (166ms)
				TypeCache.ScanAssembly (149ms)
			BuildScriptInfoCaches (71ms)
			ResolveRequiredComponents (8ms)
	FinalizeReload (3371ms)
		ReleaseScriptCaches (0ms)
		RebuildScriptCaches (0ms)
		SetupLoadedEditorAssemblies (3161ms)
			LogAssemblyErrors (0ms)
			InitializePlatformSupportModulesInManaged (52ms)
			SetLoadedEditorAssemblies (7ms)
			BeforeProcessingInitializeOnLoad (179ms)
			ProcessInitializeOnLoadAttributes (2760ms)
			ProcessInitializeOnLoadMethodAttributes (159ms)
			AfterProcessingInitializeOnLoad (3ms)
			EditorAssembliesLoaded (0ms)
		ExecutionOrderSort2 (0ms)
		AwakeInstancesAfterBackupRestoration (6ms)
A meta data file (.meta) exists but its folder 'Packages/com.gamecore.studio.gameplay/Tests~' can't be found, and has been created. Empty directories cannot be stored in version control, so it's assumed that the meta data file is for an empty directory in version control. When moving or deleting folders outside of Unity, please ensure that the corresponding .meta file is moved or deleted along with it.
Asset Pipeline Refresh (id=00906c5597b3ef8de953e68a17f86c7e): Total: 8.271 seconds - Initiated by InitialRefreshV2(ForceSynchronousImport)
	Summary:
		Imports: total=0 (actual=0, local cache=0, cache server=0)
		Asset DB Process Time: managed=0 ms, native=4111 ms
		Asset DB Callback time: managed=28 ms, native=4 ms
		Scripting: domain reloads=1, domain reload time=782 ms, compile time=3293 ms, other=50 ms
		Project Asset Count: scripts=1846, non-scripts=2657
		Asset File Changes: new=0, changed=0, moved=0, deleted=0
		Scan Filter Count: 1
	InvokeCustomDependenciesCallbacks: 0.003ms
	InvokePackagesCallback: 6.549ms
	ApplyChangesToAssetFolders: 0.391ms
	Scan: 497.818ms
	OnSourceAssetsModified: 0.003ms
	CategorizeAssetsWithTransientArtifact: 30.374ms
	ProcessAssetsWithTransientArtifactChanges: 56.401ms
	CategorizeAssets: 40.096ms
	ImportOutOfDateAssets: 3378.623ms (82.738ms without children)
		CompileScripts: 3293.193ms
		ReloadNativeAssets: 0.015ms
		UnloadImportedAssets: 1.484ms
		EnsureUptoDateAssetsAreRegisteredWithGuidPM: 0.684ms
		InitializingProgressBar: 0.000ms
		PostProcessAllAssetNotificationsAddChangedAssets: 0.000ms
		OnDemandSchedulerStart: 0.508ms
	PostProcessAllAssets: 28.476ms
	GatherAllCurrentPrimaryArtifactRevisions: 0.001ms
	UnloadStreamsBegin: 0.288ms
	PersistCurrentRevisions: 0.148ms
	UnloadStreamsEnd: 0.001ms
	GenerateScriptTypeHashes: 1.982ms
	Untracked: 4232.154ms

Application.AssetDatabase Initial Refresh End
Scanning for USB devices : 1.016ms
Initializing Unity extensions:
UpdateMenuTitleForLanguage: 10
[MODES] ModeService[none].Initialize
[MODES] ModeService[none].LoadModes
[MODES] Loading mode Default (0) for mode-current-id-Hollowmere
Unloading 47 Unused Serialized files (Serialized files now loaded: 0)
Unloading 6177 unused Assets / (8.3 MB). Loaded Objects now: 6801.
Memory consumption went from 193.7 MB to 185.4 MB.
Total: 15.249330 ms (FindLiveObjects: 0.449295 ms CreateObjectMapping: 0.449822 ms MarkObjects: 8.924010 ms  DeleteObjects: 5.425229 ms)

[Hollowmere.Build] building Assets/Hollowmere/Boot/Boot.unity, Assets/Hollowmere/Regions/ThornwickVillage.unity, Assets/Hollowmere/Regions/BlackmereMarsh.unity, Assets/Hollowmere/Regions/DrownedBelfry.unity -> ~/wkspace/gc-studio/p4.2i/.evidence/P42iPlayer/player/Hollowmere.x86_64 (revision cb5e2aa20263209df2dea4ee17aa23c50daec0e0, IL2CPP, stripping Low, development=False)
UnityEngine.Debug:ExtractStackTraceNoAlloc (byte*,int,string)
UnityEngine.StackTraceUtility:ExtractStackTrace () (at ~/build/output/unity/unity/Runtime/Export/Scripting/StackTrace.cs:35)
UnityEngine.DebugLogHandler:Internal_Log (UnityEngine.LogType,UnityEngine.LogOption,string,UnityEngine.Object)
UnityEngine.DebugLogHandler:LogFormat (UnityEngine.LogType,UnityEngine.Object,string,object[])
UnityEngine.Logger:Log (UnityEngine.LogType,object)
UnityEngine.Debug:Log (object)
Hollowmere.Build:Run (System.Collections.Generic.IReadOnlyList`1<string>) (at Assets/Hollowmere/Build/Editor/Build.cs:109)
Hollowmere.Build:BuildLinuxPlayer () (at Assets/Hollowmere/Build/Editor/Build.cs:40)

(Filename: Assets/Hollowmere/Build/Editor/Build.cs Line: 109)

Starting new worker id: 0 with log in ~/wkspace/gc-studio/p4.2i/games/hollowmere/Logs/AssetImportWorker0.log
Starting new worker id: 1 with log in ~/wkspace/gc-studio/p4.2i/games/hollowmere/Logs/AssetImportWorker1.log
Worker ready: AssetImportWorker0 0
Worker ready: AssetImportWorker1 1
[Worker0] Start importing Assets/Hollowmere/Boot/Boot.unity using Guid(cf82d8712b916763a82cdd5a8a1cdb90) Importer(2089858483,b4928d63cba0eb686c52b1d693c2cc83) 
[Worker0] (ScriptedImporter)
[Worker0] Opening scene 'Assets/Hollowmere/Boot/Boot.unity additively'
[Worker0] Loaded scene 'Assets/Hollowmere/Boot/Boot.unity'
	Deserialize:            30.430 ms
	Integration:            2.690 ms
	Integration of assets:  1.492 ms
	Thread Wait Time:       -0.001 ms
	Total Operation Time:   34.611 ms
[Worker0]  -> (artifact id: 'f8948b6f0e40f0110bfc5a97938891c5') in 0.073962142 seconds
[Worker0] Start importing Assets/Hollowmere/Regions/ThornwickVillage.unity using Guid(6cba302899c45bb919b097ade959283c) Importer(2089858483,b4928d63cba0eb686c52b1d693c2cc83) 
[Worker0] (ScriptedImporter)
[Worker0] Opening scene 'Assets/Hollowmere/Regions/ThornwickVillage.unity additively'
[Worker0] Loaded scene 'Assets/Hollowmere/Regions/ThornwickVillage.unity'
	Deserialize:            7.475 ms
	Integration:            61.938 ms
	Integration of assets:  0.160 ms
	Thread Wait Time:       0.002 ms
	Total Operation Time:   69.574 ms
[Worker0]  -> (artifact id: '70b60be8916ec45333f0a086a30d83f4') in 0.078677201 seconds
[Worker0] Start importing Assets/Hollowmere/Regions/BlackmereMarsh.unity using Guid(b257f6aa8330ff40e817274b932b2dd1) Importer(2089858483,b4928d63cba0eb686c52b1d693c2cc83) 
[Worker0] (ScriptedImporter)
[Worker0] Opening scene 'Assets/Hollowmere/Regions/BlackmereMarsh.unity additively'
[Worker0] Loaded scene 'Assets/Hollowmere/Regions/BlackmereMarsh.unity'
	Deserialize:            6.411 ms
	Integration:            5.233 ms
	Integration of assets:  0.125 ms
	Thread Wait Time:       0.001 ms
	Total Operation Time:   11.770 ms
[Worker0]  -> (artifact id: 'a91b7e31fc6df5208992ec383511bb87') in 0.020360625 seconds
[Worker0] Start importing Assets/Hollowmere/Regions/DrownedBelfry.unity using Guid(eacc91cb6333a388b939e0971f0cb7dd) Importer(2089858483,b4928d63cba0eb686c52b1d693c2cc83) 
[Worker0] (ScriptedImporter)
[Worker0] Opening scene 'Assets/Hollowmere/Regions/DrownedBelfry.unity additively'
[Worker0] Loaded scene 'Assets/Hollowmere/Regions/DrownedBelfry.unity'
	Deserialize:            3.469 ms
	Integration:            4.551 ms
	Integration of assets:  0.084 ms
	Thread Wait Time:       0.004 ms
	Total Operation Time:   8.108 ms
[Worker0]  -> (artifact id: '8dd1d742c357aff0631fce61a81744e5') in 0.015143814 seconds
1 URP assets included in build
- Hollowmere_URP - Assets/Settings/Hollowmere_URP.asset
	 - Hollowmere_UniversalRenderer - Assets/Settings/Hollowmere_UniversalRenderer.asset - UnityEngine.Rendering.Universal.UniversalRendererData
UnityEngine.Debug:ExtractStackTraceNoAlloc (byte*,int,string)
UnityEngine.StackTraceUtility:ExtractStackTrace () (at ~/build/output/unity/unity/Runtime/Export/Scripting/StackTrace.cs:35)
UnityEngine.DebugLogHandler:Internal_Log (UnityEngine.LogType,UnityEngine.LogOption,string,UnityEngine.Object)
UnityEngine.DebugLogHandler:LogFormat (UnityEngine.LogType,UnityEngine.Object,string,object[])
UnityEngine.Logger:Log (UnityEngine.LogType,object)
UnityEngine.Debug:Log (object)
UnityEditor.Rendering.Universal.URPPreprocessBuild:LogIncludedAssets (System.Collections.Generic.List`1<UnityEngine.Rendering.Universal.UniversalRenderPipelineAsset>) (at ./Library/PackageCache/com.unity.render-pipelines.universal@a1a2df1d8dcb/Editor/BuildProcessors/URPPreprocessBuild.cs:52)
UnityEditor.Rendering.Universal.URPPreprocessBuild:OnPreprocessBuild (UnityEditor.Build.Reporting.BuildReport) (at ./Library/PackageCache/com.unity.render-pipelines.universal@a1a2df1d8dcb/Editor/BuildProcessors/URPPreprocessBuild.cs:30)
UnityEditor.Build.BuildPipelineInterfaces/<>c__DisplayClass17_0:<OnBuildPreProcess>b__1 (UnityEditor.Build.IPreprocessBuildWithReport) (at ~/build/output/unity/unity/Editor/Mono/BuildPipeline/BuildPipelineInterfaces.cs:509)
UnityEditor.Build.BuildPipelineInterfaces:InvokeCallbackInterfacesPair<UnityEditor.Build.IPreprocessBuild, UnityEditor.Build.IPreprocessBuildWithReport> (System.Collections.Generic.List`1<UnityEditor.Build.IPreprocessBuild>,System.Action`1<UnityEditor.Build.IPreprocessBuild>,System.Collections.Generic.List`1<UnityEditor.Build.IPreprocessBuildWithReport>,System.Action`1<UnityEditor.Build.IPreprocessBuildWithReport>,bool) (at ~/build/output/unity/unity/Editor/Mono/BuildPipeline/BuildPipelineInterfaces.cs:475)
UnityEditor.Build.BuildPipelineInterfaces:OnBuildPreProcess (UnityEditor.Build.Reporting.BuildReport) (at ~/build/output/unity/unity/Editor/Mono/BuildPipeline/BuildPipelineInterfaces.cs:507)
UnityEditor.BuildPipeline:BuildPlayerInternalNoCheck (string[],string,string,UnityEditor.BuildTargetGroup,UnityEditor.BuildTarget,int,UnityEditor.BuildOptions,string[],bool)
UnityEditor.BuildPipeline:BuildPlayerInternal (string[],string,string,UnityEditor.BuildTargetGroup,UnityEditor.BuildTarget,int,UnityEditor.BuildOptions,string[]) (at ~/build/output/unity/unity/Editor/Mono/BuildPipeline.bindings.cs:534)
UnityEditor.BuildPipeline:BuildPlayer (string[],string,string,UnityEditor.BuildTargetGroup,UnityEditor.BuildTarget,int,UnityEditor.BuildOptions,string[]) (at ~/build/output/unity/unity/Editor/Mono/BuildPipeline.bindings.cs:418)
UnityEditor.BuildPipeline:BuildPlayer (UnityEditor.BuildPlayerOptions) (at ~/build/output/unity/unity/Editor/Mono/BuildPipeline.bindings.cs:364)
Hollowmere.Build:Run (System.Collections.Generic.IReadOnlyList`1<string>) (at Assets/Hollowmere/Build/Editor/Build.cs:114)
Hollowmere.Build:BuildLinuxPlayer () (at Assets/Hollowmere/Build/Editor/Build.cs:40)

(Filename: ./Library/PackageCache/com.unity.render-pipelines.universal@a1a2df1d8dcb/Editor/BuildProcessors/URPPreprocessBuild.cs Line: 52)

Start importing Assets/Resources using Guid(a7ae266d4efd3b5da8137713c4d31e81) (DefaultImporter) -> (artifact id: '5434ec0e387eff2ea8b23ab5d66a1a06') in 0.005260132 seconds
Refreshing native plugins compatible for Editor in 0.23 ms, found 1 plugins.
Preloading 0 native plugins for Editor in 0.00 ms.
Asset Pipeline Refresh (id=0153119d92d96129085156a1dd04f7b0): Total: 0.171 seconds - Initiated by StopAssetImportingV2(NoUpdateAssetOptions)
Start importing ProjectSettings/ProjectSettings.asset using Guid(00000000000000004000000000000000) (LibraryAssetImporter) -> (artifact id: '477b09bd29aeb6abcc40861f07ad7dcd') in 0.001301432 seconds
Start importing ProjectSettings/GraphicsSettings.asset using Guid(00000000000000006100000000000000) (LibraryAssetImporter) -> (artifact id: '77b76e47a9d2b3869f21b935cef50a25') in 0.000517136 seconds
Start importing Assets/Settings/UniversalRenderPipelineGlobalSettings.asset using Guid(7673ede96ed794ac7aa16917c829f021) (NativeFormatImporter) -> (artifact id: 'a03abb1754294f58be139c36a65828f6') in 0.000713801 seconds
Start importing Assets/Settings/Hollowmere_URP.asset using Guid(87fe596942dc671d485c0370dca26473) (NativeFormatImporter) -> (artifact id: '6cf665e33345beac0ba5bcb168843a27') in 0.000462654 seconds
A meta data file (.meta) exists but its folder 'Packages/com.gamecore.studio.gameplay/Tests~' can't be found, and has been created. Empty directories cannot be stored in version control, so it's assumed that the meta data file is for an empty directory in version control. When moving or deleting folders outside of Unity, please ensure that the corresponding .meta file is moved or deleted along with it.
UnityEngine.Debug:ExtractStackTraceNoAlloc (byte*,int,string)
UnityEngine.StackTraceUtility:ExtractStackTrace () (at ~/build/output/unity/unity/Runtime/Export/Scripting/StackTrace.cs:35)
UnityEditor.BuildPipeline:BuildPlayerInternalNoCheck (string[],string,string,UnityEditor.BuildTargetGroup,UnityEditor.BuildTarget,int,UnityEditor.BuildOptions,string[],bool)
UnityEditor.BuildPipeline:BuildPlayerInternal (string[],string,string,UnityEditor.BuildTargetGroup,UnityEditor.BuildTarget,int,UnityEditor.BuildOptions,string[]) (at ~/build/output/unity/unity/Editor/Mono/BuildPipeline.bindings.cs:534)
UnityEditor.BuildPipeline:BuildPlayer (string[],string,string,UnityEditor.BuildTargetGroup,UnityEditor.BuildTarget,int,UnityEditor.BuildOptions,string[]) (at ~/build/output/unity/unity/Editor/Mono/BuildPipeline.bindings.cs:418)
UnityEditor.BuildPipeline:BuildPlayer (UnityEditor.BuildPlayerOptions) (at ~/build/output/unity/unity/Editor/Mono/BuildPipeline.bindings.cs:364)
Hollowmere.Build:Run (System.Collections.Generic.IReadOnlyList`1<string>) (at Assets/Hollowmere/Build/Editor/Build.cs:114)
Hollowmere.Build:BuildLinuxPlayer () (at Assets/Hollowmere/Build/Editor/Build.cs:40)

[~/build/output/unity/unity/Editor/Mono/BuildPipeline.bindings.cs line 534]

Start importing Assets/Resources/PerformanceTestRunInfo.json using Guid(0e41eb24fd8e70daaa75e5b7a149fb0d) (TextScriptImporter) -> (artifact id: '8ab4af2a7cf6bfb9f46334a74239345c') in 0.001128834 seconds
Start importing Assets/Resources/PerformanceTestRunSettings.json using Guid(9f38412647ed7c0f1822ba97a6678955) (TextScriptImporter) -> (artifact id: '7262469a7b3f4356f78877470eb27780') in 0.000719194 seconds
Shader Hidden/ProbeVolume/VoxelizeScene is not supported: GPU does not support conservative rasterization
Refreshing native plugins compatible for Editor in 0.22 ms, found 1 plugins.
Preloading 0 native plugins for Editor in 0.00 ms.
Asset Pipeline Refresh (id=40972e3e0dd4c4ea782efd458fbc64d9): Total: 0.160 seconds - Initiated by StopAssetImportingV2(NoUpdateAssetOptions)
Launched and connected shader compiler UnityShaderCompiler after 0.03 seconds
[40m[32minfo[39m[22m[49m: Microsoft.AspNetCore.Hosting.Diagnostics[1]
      Request starting HTTP/2 POST http://ilpp/UnityILPP.PostProcessing/Ping application/grpc -
[40m[32minfo[39m[22m[49m: Microsoft.AspNetCore.Routing.EndpointMiddleware[0]
      Executing endpoint 'gRPC - /UnityILPP.PostProcessing/Ping'
[40m[32minfo[39m[22m[49m: Microsoft.AspNetCore.Routing.EndpointMiddleware[1]
      Executed endpoint 'gRPC - /UnityILPP.PostProcessing/Ping'
[40m[32minfo[39m[22m[49m: Microsoft.AspNetCore.Hosting.Diagnostics[2]
      Request finished HTTP/2 POST http://ilpp/UnityILPP.PostProcessing/Ping application/grpc - - 200 - application/grpc 0.2755ms
Starting: ~/Unity/Hub/Editor/6000.0.75f1/Editor/Data/bee_backend --ipc --defer-dag-verification --dagfile="Library/Bee/2400b0aESkipCompile.dag" --continue-on-failure --profile="Library/Bee/backend1.traceevents" ScriptAssembliesAndTypeDB
WorkingDir: ~/wkspace/gc-studio/p4.2i/games/hollowmere
ExitCode: 4 Duration: 0s47ms
[             ] Require frontend run.  Library/Bee/2400b0aESkipCompile.dag couldn't be loaded
Starting: ~/Unity/Hub/Editor/6000.0.75f1/Editor/Data/Tools/netcorerun/netcorerun "~/Unity/Hub/Editor/6000.0.75f1/Editor/Data/Tools/BuildPipeline/ScriptCompilationBuildProgram.exe" "Library/Bee/2400b0aESkipCompile.dag.json" "Library/Bee/2400b0aESkipCompile-inputdata.json" "Library/Bee/buildprogram0.traceevents"
WorkingDir: ~/wkspace/gc-studio/p4.2i/games/hollowmere
ExitCode: 0 Duration: 0s328ms
Starting: ~/Unity/Hub/Editor/6000.0.75f1/Editor/Data/bee_backend --ipc --defer-dag-verification --dagfile="Library/Bee/2400b0aESkipCompile.dag" --continue-on-failure --dagfilejson="Library/Bee/2400b0aESkipCompile.dag.json" --profile="Library/Bee/backend2.traceevents" ScriptAssembliesAndTypeDB
WorkingDir: ~/wkspace/gc-studio/p4.2i/games/hollowmere
ExitCode: 0 Duration: 1s723ms
Finished compiling graph: 4 nodes, 5 flattened edges (5 ToBuild, 0 ToUse), maximum node priority 3
[2/3        1s] BuildPlayerDataGenerator Library/BuildPlayerData/Editor/TypeDb-All.json
*** Tundra build success (1.68 seconds), 1 items updated, 3 evaluated
A meta data file (.meta) exists but its folder 'Packages/com.gamecore.studio.gameplay/Tests~' can't be found, and has been created. Empty directories cannot be stored in version control, so it's assumed that the meta data file is for an empty directory in version control. When moving or deleting folders outside of Unity, please ensure that the corresponding .meta file is moved or deleted along with it.
UnityEngine.Debug:ExtractStackTraceNoAlloc (byte*,int,string)
UnityEngine.StackTraceUtility:ExtractStackTrace () (at ~/build/output/unity/unity/Runtime/Export/Scripting/StackTrace.cs:35)
UnityEditor.BuildPipeline:BuildPlayerInternalNoCheck (string[],string,string,UnityEditor.BuildTargetGroup,UnityEditor.BuildTarget,int,UnityEditor.BuildOptions,string[],bool)
UnityEditor.BuildPipeline:BuildPlayerInternal (string[],string,string,UnityEditor.BuildTargetGroup,UnityEditor.BuildTarget,int,UnityEditor.BuildOptions,string[]) (at ~/build/output/unity/unity/Editor/Mono/BuildPipeline.bindings.cs:534)
UnityEditor.BuildPipeline:BuildPlayer (string[],string,string,UnityEditor.BuildTargetGroup,UnityEditor.BuildTarget,int,UnityEditor.BuildOptions,string[]) (at ~/build/output/unity/unity/Editor/Mono/BuildPipeline.bindings.cs:418)
UnityEditor.BuildPipeline:BuildPlayer (UnityEditor.BuildPlayerOptions) (at ~/build/output/unity/unity/Editor/Mono/BuildPipeline.bindings.cs:364)
Hollowmere.Build:Run (System.Collections.Generic.IReadOnlyList`1<string>) (at Assets/Hollowmere/Build/Editor/Build.cs:114)
Hollowmere.Build:BuildLinuxPlayer () (at Assets/Hollowmere/Build/Editor/Build.cs:40)

[~/build/output/unity/unity/Editor/Mono/BuildPipeline.bindings.cs line 534]

Asset Pipeline Refresh (id=aa83b584cd980128993433669149efa0): Total: 0.171 seconds - Initiated by RefreshV2(NoUpdateAssetOptions)
[ScriptCompilation] Requested script compilation because: Recompiling scripts for player build.
BuildPlayer: start building target 24
Total cache size 268311454
Total cache size after purge 268311454, took 00:00:00.2628772
[40m[32minfo[39m[22m[49m: Microsoft.AspNetCore.Hosting.Diagnostics[1]
      Request starting HTTP/2 POST http://ilpp/UnityILPP.PostProcessing/Ping application/grpc -
[40m[32minfo[39m[22m[49m: Microsoft.AspNetCore.Routing.EndpointMiddleware[0]
      Executing endpoint 'gRPC - /UnityILPP.PostProcessing/Ping'
[40m[32minfo[39m[22m[49m: Microsoft.AspNetCore.Routing.EndpointMiddleware[1]
      Executed endpoint 'gRPC - /UnityILPP.PostProcessing/Ping'
[40m[32minfo[39m[22m[49m: Microsoft.AspNetCore.Hosting.Diagnostics[2]
      Request finished HTTP/2 POST http://ilpp/UnityILPP.PostProcessing/Ping application/grpc - - 200 - application/grpc 0.1662ms
Starting: ~/Unity/Hub/Editor/6000.0.75f1/Editor/Data/bee_backend --ipc --defer-dag-verification --dagfile="Library/Bee/2400b0aP.dag" --continue-on-failure --profile="Library/Bee/backend1.traceevents" ScriptAssembliesAndTypeDB
WorkingDir: ~/wkspace/gc-studio/p4.2i/games/hollowmere
Starting: ~/Unity/Hub/Editor/6000.0.75f1/Editor/Data/Tools/netcorerun/netcorerun "~/Unity/Hub/Editor/6000.0.75f1/Editor/Data/Tools/BuildPipeline/ScriptCompilationBuildProgram.exe" "Library/Bee/2400b0aP.dag.json" "Library/Bee/2400b0aP-inputdata.json" "Library/Bee/buildprogram0.traceevents"
WorkingDir: ~/wkspace/gc-studio/p4.2i/games/hollowmere
ExitCode: 4 Duration: 0s155ms
[             ] Require frontend run.  Library/Bee/2400b0aP.dag couldn't be loaded
ExitCode: 0 Duration: 0s647ms
Starting: ~/Unity/Hub/Editor/6000.0.75f1/Editor/Data/bee_backend --ipc --defer-dag-verification --dagfile="Library/Bee/2400b0aP.dag" --continue-on-failure --dagfilejson="Library/Bee/2400b0aP.dag.json" --profile="Library/Bee/backend2.traceevents" ScriptAssembliesAndTypeDB
WorkingDir: ~/wkspace/gc-studio/p4.2i/games/hollowmere
[40m[32minfo[39m[22m[49m: Microsoft.AspNetCore.Hosting.Diagnostics[1]
      Request starting HTTP/2 POST http://ilpp/UnityILPP.PostProcessing/ConfigurePostProcessors application/grpc -
[40m[32minfo[39m[22m[49m: Microsoft.AspNetCore.Routing.EndpointMiddleware[0]
      Executing endpoint 'gRPC - /UnityILPP.PostProcessing/ConfigurePostProcessors'
[40m[32minfo[39m[22m[49m: Unity.ILPP.Runner.PostProcessingAssemblyLoadContext[0]
      ALC ILPP context 1 is unloading
[40m[1m[33mwarn[39m[22m[49m: Unity.ILPP.Runner.PostProcessingAssemblyLoadContext[0]
      Assembly system.runtime.interopservices.windowsruntime has duplicate hint path. Ignoring "~/Unity/Hub/Editor/6000.0.75f1/Editor/Data/UnityReferenceAssemblies/unity-4.8-api/Facades/System.Runtime.InteropServices.WindowsRuntime.dll" in favor of "~/Unity/Hub/Editor/6000.0.75f1/Editor/Data/NetStandard/Extensions/2.0.0/System.Runtime.InteropServices.WindowsRuntime.dll"
[40m[1m[33mwarn[39m[22m[49m: Unity.ILPP.Runner.PostProcessingAssemblyLoadContext[0]
      Assembly system.componentmodel.composition has duplicate hint path. Ignoring "~/Unity/Hub/Editor/6000.0.75f1/Editor/Data/UnityReferenceAssemblies/unity-4.8-api/System.ComponentModel.Composition.dll" in favor of "~/Unity/Hub/Editor/6000.0.75f1/Editor/Data/NetStandard/compat/2.1.0/shims/netfx/System.ComponentModel.Composition.dll"
[40m[32minfo[39m[22m[49m: Unity.ILPP.Runner.PostProcessingAssemblyLoadContext[0]
      Resolved Unity.Burst.Cecil, Version=0.11.4.0, Culture=neutral, PublicKeyToken=50cebf1cceb9d05e with Library/PackageCache/com.unity.burst@07790c2d06d9/Unity.Burst.CodeGen/Unity.Burst.Cecil.dll
[40m[32minfo[39m[22m[49m: Unity.ILPP.Runner.PostProcessingAssemblyLoadContext[0]
      Resolved Mono.Cecil, Version=0.11.5.0, Culture=neutral, PublicKeyToken=50cebf1cceb9d05e with Library/PackageCache/com.unity.nuget.mono-cecil@ecb9724e46ff/Mono.Cecil.dll
[40m[32minfo[39m[22m[49m: Unity.ILPP.Runner.PostProcessingAssemblyLoadContext[0]
      Resolved Unity.Entities, Version=0.0.0.0, Culture=neutral, PublicKeyToken=null with Library/Bee/artifacts/StandaloneLinux64_CodeGen/Unity.Entities.dll
[40m[32minfo[39m[22m[49m: Microsoft.AspNetCore.Routing.EndpointMiddleware[1]
      Executed endpoint 'gRPC - /UnityILPP.PostProcessing/ConfigurePostProcessors'
[40m[32minfo[39m[22m[49m: Microsoft.AspNetCore.Hosting.Diagnostics[2]
      Request finished HTTP/2 POST http://ilpp/UnityILPP.PostProcessing/ConfigurePostProcessors application/grpc - - 200 - application/grpc 18.8764ms
[40m[32minfo[39m[22m[49m: Microsoft.AspNetCore.Hosting.Diagnostics[1]
      Request starting HTTP/2 POST http://ilpp/UnityILPP.PostProcessing/PostProcessAssembly application/grpc -
[40m[32minfo[39m[22m[49m: Microsoft.AspNetCore.Hosting.Diagnostics[1]
      Request starting HTTP/2 POST http://ilpp/UnityILPP.PostProcessing/PostProcessAssembly application/grpc -
[40m[32minfo[39m[22m[49m: Microsoft.AspNetCore.Routing.EndpointMiddleware[0]
      Executing endpoint 'gRPC - /UnityILPP.PostProcessing/PostProcessAssembly'
[40m[32minfo[39m[22m[49m: Microsoft.AspNetCore.Routing.EndpointMiddleware[0]
      Executing endpoint 'gRPC - /UnityILPP.PostProcessing/PostProcessAssembly'
[40m[32minfo[39m[22m[49m: Microsoft.AspNetCore.Hosting.Diagnostics[1]
      Request starting HTTP/2 POST http://ilpp/UnityILPP.PostProcessing/PostProcessAssembly application/grpc -
[40m[32minfo[39m[22m[49m: Microsoft.AspNetCore.Routing.EndpointMiddleware[0]
      Executing endpoint 'gRPC - /UnityILPP.PostProcessing/PostProcessAssembly'
[40m[32minfo[39m[22m[49m: Microsoft.AspNetCore.Hosting.Diagnostics[1]
      Request starting HTTP/2 POST http://ilpp/UnityILPP.PostProcessing/PostProcessAssembly application/grpc -
[40m[32minfo[39m[22m[49m: Microsoft.AspNetCore.Routing.EndpointMiddleware[0]
      Executing endpoint 'gRPC - /UnityILPP.PostProcessing/PostProcessAssembly'
[40m[32minfo[39m[22m[49m: Microsoft.AspNetCore.Hosting.Diagnostics[1]
      Request starting HTTP/2 POST http://ilpp/UnityILPP.PostProcessing/PostProcessAssembly application/grpc -
[40m[32minfo[39m[22m[49m: Microsoft.AspNetCore.Routing.EndpointMiddleware[0]
      Executing endpoint 'gRPC - /UnityILPP.PostProcessing/PostProcessAssembly'
[40m[32minfo[39m[22m[49m: Microsoft.AspNetCore.Hosting.Diagnostics[1]
      Request starting HTTP/2 POST http://ilpp/UnityILPP.PostProcessing/PostProcessAssembly application/grpc -
[40m[32minfo[39m[22m[49m: Unity.ILPP.Runner.PostProcessingPipeline[0]
      Processing assembly Library/Bee/artifacts/2400b0aP.dag/Unity.RenderPipeline.Universal.ShaderLibrary.dll, with 113 defines and 184 references
[40m[32minfo[39m[22m[49m: Microsoft.AspNetCore.Routing.EndpointMiddleware[0]
      Executing endpoint 'gRPC - /UnityILPP.PostProcessing/PostProcessAssembly'
[40m[32minfo[39m[22m[49m: Unity.ILPP.Runner.PostProcessingPipeline[0]
      Processing assembly Library/Bee/artifacts/2400b0aP.dag/Unity.RenderPipelines.Universal.Config.Runtime.dll, with 113 defines and 184 references
[40m[32minfo[39m[22m[49m: Microsoft.AspNetCore.Hosting.Diagnostics[1]
      Request starting HTTP/2 POST http://ilpp/UnityILPP.PostProcessing/PostProcessAssembly application/grpc -
[40m[32minfo[39m[22m[49m: Microsoft.AspNetCore.Routing.EndpointMiddleware[0]
      Executing endpoint 'gRPC - /UnityILPP.PostProcessing/PostProcessAssembly'
[40m[32minfo[39m[22m[49m: Microsoft.AspNetCore.Hosting.Diagnostics[1]
      Request starting HTTP/2 POST http://ilpp/UnityILPP.PostProcessing/PostProcessAssembly application/grpc -
[40m[32minfo[39m[22m[49m: Microsoft.AspNetCore.Routing.EndpointMiddleware[0]
      Executing endpoint 'gRPC - /UnityILPP.PostProcessing/PostProcessAssembly'
[40m[32minfo[39m[22m[49m: Unity.ILPP.Runner.PostProcessingPipeline[0]
      Processing assembly Library/Bee/artifacts/2400b0aP.dag/Unity.RenderPipelines.Core.Runtime.Shared.dll, with 113 defines and 184 references
[40m[32minfo[39m[22m[49m: Unity.ILPP.Runner.PostProcessingPipeline[0]
      Processing assembly Library/Bee/artifacts/2400b0aP.dag/Unity.ScriptableBuildPipeline.dll, with 113 defines and 183 references
[40m[32minfo[39m[22m[49m: Unity.ILPP.Runner.PostProcessingPipeline[0]
      Processing assembly Library/Bee/artifacts/2400b0aP.dag/Unity.RenderPipelines.Universal.2D.Runtime.dll, with 113 defines and 188 references
[40m[32minfo[39m[22m[49m: Unity.ILPP.Runner.PostProcessingPipeline[0]
      Processing assembly Library/Bee/artifacts/2400b0aP.dag/Unity.InternalAPIEngineBridge.002.dll, with 113 defines and 183 references
[40m[32minfo[39m[22m[49m: Unity.ILPP.Runner.PostProcessingPipeline[0]
      Processing assembly Library/Bee/artifacts/2400b0aP.dag/Unity.RenderPipelines.Core.Runtime.dll, with 114 defines and 187 references
[40m[32minfo[39m[22m[49m: Unity.ILPP.Runner.PostProcessingPipeline[0]
      Processing assembly Library/Bee/artifacts/2400b0aP.dag/Unity.Rendering.LightTransport.Runtime.dll, with 113 defines and 186 references
[40m[32minfo[39m[22m[49m: Microsoft.AspNetCore.Hosting.Diagnostics[1]
      Request starting HTTP/2 POST http://ilpp/UnityILPP.PostProcessing/PostProcessAssembly application/grpc -
[40m[32minfo[39m[22m[49m: Microsoft.AspNetCore.Routing.EndpointMiddleware[0]
      Executing endpoint 'gRPC - /UnityILPP.PostProcessing/PostProcessAssembly'
[40m[32minfo[39m[22m[49m: Microsoft.AspNetCore.Hosting.Diagnostics[1]
      Request starting HTTP/2 POST http://ilpp/UnityILPP.PostProcessing/PostProcessAssembly application/grpc -
[40m[32minfo[39m[22m[49m: Unity.ILPP.Runner.PostProcessingPipeline[0]
      Processing assembly Library/Bee/artifacts/2400b0aP.dag/Unity.Deformations.dll, with 113 defines and 186 references
[40m[32minfo[39m[22m[49m: Microsoft.AspNetCore.Routing.EndpointMiddleware[0]
      Executing endpoint 'gRPC - /UnityILPP.PostProcessing/PostProcessAssembly'
[40m[32minfo[39m[22m[49m: Microsoft.AspNetCore.Hosting.Diagnostics[1]
      Request starting HTTP/2 POST http://ilpp/UnityILPP.PostProcessing/PostProcessAssembly application/grpc -
[40m[32minfo[39m[22m[49m: Unity.ILPP.Runner.PostProcessingPipeline[0]
      Processing assembly Library/Bee/artifacts/2400b0aP.dag/Unity.Burst.dll, with 113 defines and 179 references
[40m[32minfo[39m[22m[49m: Microsoft.AspNetCore.Routing.EndpointMiddleware[0]
      Executing endpoint 'gRPC - /UnityILPP.PostProcessing/PostProcessAssembly'
[40m[32minfo[39m[22m[49m: Unity.ILPP.Runner.PostProcessingPipeline[0]
      Processing assembly Library/Bee/artifacts/2400b0aP.dag/UnityEngine.UI.dll, with 117 defines and 182 references
[40m[32minfo[39m[22m[49m: Microsoft.AspNetCore.Hosting.Diagnostics[1]
      Request starting HTTP/2 POST http://ilpp/UnityILPP.PostProcessing/PostProcessAssembly application/grpc -
[40m[32minfo[39m[22m[49m: Microsoft.AspNetCore.Hosting.Diagnostics[1]
      Request starting HTTP/2 POST http://ilpp/UnityILPP.PostProcessing/PostProcessAssembly application/grpc -
[40m[32minfo[39m[22m[49m: Microsoft.AspNetCore.Hosting.Diagnostics[1]
      Request starting HTTP/2 POST http://ilpp/UnityILPP.PostProcessing/PostProcessAssembly application/grpc -
[40m[32minfo[39m[22m[49m: Microsoft.AspNetCore.Routing.EndpointMiddleware[0]
      Executing endpoint 'gRPC - /UnityILPP.PostProcessing/PostProcessAssembly'
[40m[32minfo[39m[22m[49m: Microsoft.AspNetCore.Routing.EndpointMiddleware[0]
      Executing endpoint 'gRPC - /UnityILPP.PostProcessing/PostProcessAssembly'
[40m[32minfo[39m[22m[49m: Microsoft.AspNetCore.Routing.EndpointMiddleware[0]
      Executing endpoint 'gRPC - /UnityILPP.PostProcessing/PostProcessAssembly'
[40m[32minfo[39m[22m[49m: Unity.ILPP.Runner.PostProcessingPipeline[0]
      Processing assembly Library/Bee/artifacts/2400b0aP.dag/Unity.RenderPipelines.Universal.Runtime.dll, with 116 defines and 190 references
[40m[32minfo[39m[22m[49m: Unity.ILPP.Runner.PostProcessingPipeline[0]
      Processing assembly Library/Bee/artifacts/2400b0aP.dag/Unity.Entities.dll, with 117 defines and 189 references
[40m[32minfo[39m[22m[49m: Microsoft.AspNetCore.Hosting.Diagnostics[1]
      Request starting HTTP/2 POST http://ilpp/UnityILPP.PostProcessing/PostProcessAssembly application/grpc -
[40m[32minfo[39m[22m[49m: Unity.ILPP.Runner.PostProcessingPipeline[0]
      Processing assembly Library/Bee/artifacts/2400b0aP.dag/Unity.RenderPipelines.GPUDriven.Runtime.dll, with 113 defines and 187 references
[40m[32minfo[39m[22m[49m: Microsoft.AspNetCore.Routing.EndpointMiddleware[0]
      Executing endpoint 'gRPC - /UnityILPP.PostProcessing/PostProcessAssembly'
[40m[32minfo[39m[22m[49m: Unity.ILPP.Runner.PostProcessingPipeline[0]
      Processing assembly Library/Bee/artifacts/2400b0aP.dag/Unity.Transforms.dll, with 113 defines and 187 references
[40m[32minfo[39m[22m[49m: Microsoft.AspNetCore.Hosting.Diagnostics[1]
      Request starting HTTP/2 POST http://ilpp/UnityILPP.PostProcessing/PostProcessAssembly application/grpc -
[40m[32minfo[39m[22m[49m: Microsoft.AspNetCore.Routing.EndpointMiddleware[0]
      Executing endpoint 'gRPC - /UnityILPP.PostProcessing/PostProcessAssembly'
[40m[32minfo[39m[22m[49m: Unity.ILPP.Runner.PostProcessingPipeline[0]
      Processing assembly Library/Bee/artifacts/2400b0aP.dag/Unity.Serialization.dll, with 113 defines and 186 references
[40m[32minfo[39m[22m[49m: Microsoft.AspNetCore.Hosting.Diagnostics[1]
      Request starting HTTP/2 POST http://ilpp/UnityILPP.PostProcessing/PostProcessAssembly application/grpc -
[40m[32minfo[39m[22m[49m: Microsoft.AspNetCore.Routing.EndpointMiddleware[0]
      Executing endpoint 'gRPC - /UnityILPP.PostProcessing/PostProcessAssembly'
[40m[32minfo[39m[22m[49m: Unity.ILPP.Runner.PostProcessingPipeline[0]
      Processing assembly Library/Bee/artifacts/2400b0aP.dag/Unity.AI.Navigation.dll, with 114 defines and 183 references
[40m[32minfo[39m[22m[49m: Unity.ILPP.Runner.PostProcessingPipeline[0]
      processors: Unity.Entities.CodeGen.EntitiesILPostProcessors, Unity.Jobs.CodeGen.JobsILPostProcessor, zzzUnity.Burst.CodeGen.BurstILPostProcessor
[40m[32minfo[39m[22m[49m: Unity.ILPP.Runner.PostProcessingPipeline[0]
      processors: Unity.Entities.CodeGen.EntitiesILPostProcessors, Unity.Jobs.CodeGen.JobsILPostProcessor, zzzUnity.Burst.CodeGen.BurstILPostProcessor
[40m[32minfo[39m[22m[49m: Unity.ILPP.Runner.PostProcessingPipeline[0]
      processors: Unity.Entities.CodeGen.EntitiesILPostProcessors, Unity.Jobs.CodeGen.JobsILPostProcessor, zzzUnity.Burst.CodeGen.BurstILPostProcessor
[40m[32minfo[39m[22m[49m: Unity.ILPP.Runner.PostProcessingPipeline[0]
      processors: Unity.Entities.CodeGen.EntitiesILPostProcessors, Unity.Jobs.CodeGen.JobsILPostProcessor, zzzUnity.Burst.CodeGen.BurstILPostProcessor
[40m[32minfo[39m[22m[49m: Unity.ILPP.Runner.PostProcessingPipeline[0]
      processors: Unity.Entities.CodeGen.EntitiesILPostProcessors, Unity.Jobs.CodeGen.JobsILPostProcessor, zzzUnity.Burst.CodeGen.BurstILPostProcessor
[40m[32minfo[39m[22m[49m: Unity.ILPP.Runner.PostProcessingPipeline[0]
      processors: Unity.Entities.CodeGen.EntitiesILPostProcessors, Unity.Jobs.CodeGen.JobsILPostProcessor, zzzUnity.Burst.CodeGen.BurstILPostProcessor
[40m[32minfo[39m[22m[49m: Unity.ILPP.Runner.PostProcessingPipeline[0]
      processors: Unity.Entities.CodeGen.EntitiesILPostProcessors, Unity.Jobs.CodeGen.JobsILPostProcessor, zzzUnity.Burst.CodeGen.BurstILPostProcessor
[40m[32minfo[39m[22m[49m: Unity.ILPP.Runner.PostProcessingPipeline[0]
      processors: Unity.Entities.CodeGen.EntitiesILPostProcessors, Unity.Jobs.CodeGen.JobsILPostProcessor, zzzUnity.Burst.CodeGen.BurstILPostProcessor
[40m[32minfo[39m[22m[49m: Unity.ILPP.Runner.PostProcessingPipeline[0]
      processors: Unity.Entities.CodeGen.EntitiesILPostProcessors, Unity.Jobs.CodeGen.JobsILPostProcessor, zzzUnity.Burst.CodeGen.BurstILPostProcessor
[40m[32minfo[39m[22m[49m: Unity.ILPP.Runner.PostProcessingPipeline[0]
      processors: Unity.Entities.CodeGen.EntitiesILPostProcessors, Unity.Jobs.CodeGen.JobsILPostProcessor, zzzUnity.Burst.CodeGen.BurstILPostProcessor
[40m[32minfo[39m[22m[49m: Unity.ILPP.Runner.PostProcessingPipeline[0]
      processors: Unity.Entities.CodeGen.EntitiesILPostProcessors, Unity.Jobs.CodeGen.JobsILPostProcessor, zzzUnity.Burst.CodeGen.BurstILPostProcessor
[40m[32minfo[39m[22m[49m: Unity.ILPP.Runner.PostProcessingPipeline[0]
      processors: Unity.Entities.CodeGen.EntitiesILPostProcessors, Unity.Jobs.CodeGen.JobsILPostProcessor, zzzUnity.Burst.CodeGen.BurstILPostProcessor
[40m[32minfo[39m[22m[49m: Unity.ILPP.Runner.PostProcessingPipeline[0]
      processors: Unity.Entities.CodeGen.EntitiesILPostProcessors, Unity.Jobs.CodeGen.JobsILPostProcessor, zzzUnity.Burst.CodeGen.BurstILPostProcessor
[40m[32minfo[39m[22m[49m: Unity.ILPP.Runner.PostProcessingPipeline[0]
      processors: Unity.Entities.CodeGen.EntitiesILPostProcessors, Unity.Jobs.CodeGen.JobsILPostProcessor, zzzUnity.Burst.CodeGen.BurstILPostProcessor
[40m[32minfo[39m[22m[49m: Unity.ILPP.Runner.PostProcessingPipeline[0]
      processors: Unity.Entities.CodeGen.EntitiesILPostProcessors, Unity.Jobs.CodeGen.JobsILPostProcessor, zzzUnity.Burst.CodeGen.BurstILPostProcessor
[40m[32minfo[39m[22m[49m: Unity.ILPP.Runner.PostProcessingPipeline[0]
      processors: Unity.Entities.CodeGen.EntitiesILPostProcessors, Unity.Jobs.CodeGen.JobsILPostProcessor, zzzUnity.Burst.CodeGen.BurstILPostProcessor
[40m[32minfo[39m[22m[49m: Unity.ILPP.Runner.PostProcessingPipeline[0]
      processors: Unity.Entities.CodeGen.EntitiesILPostProcessors, Unity.Jobs.CodeGen.JobsILPostProcessor, zzzUnity.Burst.CodeGen.BurstILPostProcessor
[40m[32minfo[39m[22m[49m: Unity.ILPP.Runner.PostProcessingPipeline[0]
      running Unity.Entities.CodeGen.EntitiesILPostProcessors
[40m[32minfo[39m[22m[49m: Unity.ILPP.Runner.PostProcessingPipeline[0]
      running Unity.Entities.CodeGen.EntitiesILPostProcessors
[40m[32minfo[39m[22m[49m: Unity.ILPP.Runner.PostProcessingPipeline[0]
      running Unity.Entities.CodeGen.EntitiesILPostProcessors
[40m[32minfo[39m[22m[49m: Unity.ILPP.Runner.PostProcessingPipeline[0]
      running Unity.Entities.CodeGen.EntitiesILPostProcessors
[40m[32minfo[39m[22m[49m: Unity.ILPP.Runner.PostProcessingPipeline[0]
      running Unity.Entities.CodeGen.EntitiesILPostProcessors
[40m[32minfo[39m[22m[49m: Unity.ILPP.Runner.PostProcessingPipeline[0]
      running Unity.Entities.CodeGen.EntitiesILPostProcessors
[40m[32minfo[39m[22m[49m: Unity.ILPP.Runner.PostProcessingPipeline[0]
      running Unity.Entities.CodeGen.EntitiesILPostProcessors
[40m[32minfo[39m[22m[49m: Unity.ILPP.Runner.PostProcessingPipeline[0]
      running Unity.Entities.CodeGen.EntitiesILPostProcessors
[40m[32minfo[39m[22m[49m: Unity.ILPP.Runner.PostProcessingPipeline[0]
      running Unity.Entities.CodeGen.EntitiesILPostProcessors
[40m[32minfo[39m[22m[49m: Unity.ILPP.Runner.PostProcessingPipeline[0]
      running Unity.Entities.CodeGen.EntitiesILPostProcessors
[40m[32minfo[39m[22m[49m: Unity.ILPP.Runner.PostProcessingPipeline[0]
      running Unity.Entities.CodeGen.EntitiesILPostProcessors
[40m[32minfo[39m[22m[49m: Unity.ILPP.Runner.PostProcessingPipeline[0]
      running Unity.Entities.CodeGen.EntitiesILPostProcessors
[40m[32minfo[39m[22m[49m: Unity.ILPP.Runner.PostProcessingPipeline[0]
      running Unity.Entities.CodeGen.EntitiesILPostProcessors
[40m[32minfo[39m[22m[49m: Unity.ILPP.Runner.PostProcessingPipeline[0]
      running Unity.Entities.CodeGen.EntitiesILPostProcessors
[40m[32minfo[39m[22m[49m: Unity.ILPP.Runner.PostProcessingPipeline[0]
      running Unity.Entities.CodeGen.EntitiesILPostProcessors
[40m[32minfo[39m[22m[49m: Unity.ILPP.Runner.PostProcessingPipeline[0]
      running Unity.Entities.CodeGen.EntitiesILPostProcessors
[40m[32minfo[39m[22m[49m: Unity.ILPP.Runner.PostProcessingPipeline[0]
      running Unity.Entities.CodeGen.EntitiesILPostProcessors
[40m[32minfo[39m[22m[49m: Unity.ILPP.Runner.PostProcessingPipeline[0]
      running Unity.Jobs.CodeGen.JobsILPostProcessor
[40m[32minfo[39m[22m[49m: Unity.ILPP.Runner.PostProcessingPipeline[0]
      running Unity.Jobs.CodeGen.JobsILPostProcessor
[40m[32minfo[39m[22m[49m: Unity.ILPP.Runner.PostProcessingPipeline[0]
      running Unity.Jobs.CodeGen.JobsILPostProcessor
[40m[32minfo[39m[22m[49m: Unity.ILPP.Runner.PostProcessingPipeline[0]
      running Unity.Jobs.CodeGen.JobsILPostProcessor
[40m[32minfo[39m[22m[49m: Unity.ILPP.Runner.PostProcessingPipeline[0]
      running Unity.Jobs.CodeGen.JobsILPostProcessor
[40m[32minfo[39m[22m[49m: Unity.ILPP.Runner.PostProcessingPipeline[0]
      running Unity.Jobs.CodeGen.JobsILPostProcessor
[40m[32minfo[39m[22m[49m: Unity.ILPP.Runner.PostProcessingPipeline[0]
      running Unity.Jobs.CodeGen.JobsILPostProcessor
[40m[32minfo[39m[22m[49m: Unity.ILPP.Runner.PostProcessingPipeline[0]
      running Unity.Jobs.CodeGen.JobsILPostProcessor
[40m[32minfo[39m[22m[49m: Unity.ILPP.Runner.PostProcessingPipeline[0]
      running Unity.Jobs.CodeGen.JobsILPostProcessor
[40m[32minfo[39m[22m[49m: Unity.ILPP.Runner.PostProcessingPipeline[0]
      running Unity.Jobs.CodeGen.JobsILPostProcessor
[40m[32minfo[39m[22m[49m: Unity.ILPP.Runner.PostProcessingPipeline[0]
      running Unity.Jobs.CodeGen.JobsILPostProcessor
[40m[32minfo[39m[22m[49m: Unity.ILPP.Runner.PostProcessingPipeline[0]
      running Unity.Jobs.CodeGen.JobsILPostProcessor
[40m[32minfo[39m[22m[49m: Unity.ILPP.Runner.PostProcessingPipeline[0]
      running Unity.Jobs.CodeGen.JobsILPostProcessor
[40m[32minfo[39m[22m[49m: Unity.ILPP.Runner.PostProcessingPipeline[0]
      running Unity.Jobs.CodeGen.JobsILPostProcessor
[40m[32minfo[39m[22m[49m: Unity.ILPP.Runner.PostProcessingPipeline[0]
      running zzzUnity.Burst.CodeGen.BurstILPostProcessor
[40m[32minfo[39m[22m[49m: Unity.ILPP.Runner.PostProcessingPipeline[0]
      running zzzUnity.Burst.CodeGen.BurstILPostProcessor
[40m[32minfo[39m[22m[49m: Unity.ILPP.Runner.PostProcessingPipeline[0]
      running zzzUnity.Burst.CodeGen.BurstILPostProcessor
[40m[32minfo[39m[22m[49m: Unity.ILPP.Runner.PostProcessingPipeline[0]
      running zzzUnity.Burst.CodeGen.BurstILPostProcessor
[40m[32minfo[39m[22m[49m: Unity.ILPP.Runner.PostProcessingPipeline[0]
      running zzzUnity.Burst.CodeGen.BurstILPostProcessor
[40m[32minfo[39m[22m[49m: Unity.ILPP.Runner.PostProcessingPipeline[0]
      running zzzUnity.Burst.CodeGen.BurstILPostProcessor
[40m[32minfo[39m[22m[49m: Unity.ILPP.Runner.PostProcessingPipeline[0]
      running zzzUnity.Burst.CodeGen.BurstILPostProcessor
[40m[32minfo[39m[22m[49m: Unity.ILPP.Runner.PostProcessingAssemblyLoadContext[0]
      Resolved Mono.Cecil.Rocks, Version=0.11.5.0, Culture=neutral, PublicKeyToken=50cebf1cceb9d05e with Library/PackageCache/com.unity.nuget.mono-cecil@ecb9724e46ff/Mono.Cecil.Rocks.dll
[40m[32minfo[39m[22m[49m: Unity.ILPP.Runner.PostProcessingPipeline[0]
      running zzzUnity.Burst.CodeGen.BurstILPostProcessor
[40m[32minfo[39m[22m[49m: Unity.ILPP.Runner.PostProcessingPipeline[0]
      running zzzUnity.Burst.CodeGen.BurstILPostProcessor
[40m[32minfo[39m[22m[49m: Unity.ILPP.Runner.PostProcessingPipeline[0]
      running zzzUnity.Burst.CodeGen.BurstILPostProcessor
[40m[32minfo[39m[22m[49m: Unity.ILPP.Runner.PostProcessingAssemblyLoadContext[0]
      Resolved Unity.Collections, Version=0.0.0.0, Culture=neutral, PublicKeyToken=null with Library/Bee/artifacts/StandaloneLinux64_CodeGen/Unity.Collections.dll
[40m[32minfo[39m[22m[49m: Microsoft.AspNetCore.Routing.EndpointMiddleware[1]
      Executed endpoint 'gRPC - /UnityILPP.PostProcessing/PostProcessAssembly'
[40m[32minfo[39m[22m[49m: Microsoft.AspNetCore.Routing.EndpointMiddleware[1]
      Executed endpoint 'gRPC - /UnityILPP.PostProcessing/PostProcessAssembly'
[40m[32minfo[39m[22m[49m: Microsoft.AspNetCore.Routing.EndpointMiddleware[1]
      Executed endpoint 'gRPC - /UnityILPP.PostProcessing/PostProcessAssembly'
[40m[32minfo[39m[22m[49m: Microsoft.AspNetCore.Routing.EndpointMiddleware[1]
      Executed endpoint 'gRPC - /UnityILPP.PostProcessing/PostProcessAssembly'
[40m[32minfo[39m[22m[49m: Microsoft.AspNetCore.Routing.EndpointMiddleware[1]
      Executed endpoint 'gRPC - /UnityILPP.PostProcessing/PostProcessAssembly'
[40m[32minfo[39m[22m[49m: Microsoft.AspNetCore.Routing.EndpointMiddleware[1]
      Executed endpoint 'gRPC - /UnityILPP.PostProcessing/PostProcessAssembly'
[40m[32minfo[39m[22m[49m: Microsoft.AspNetCore.Routing.EndpointMiddleware[1]
      Executed endpoint 'gRPC - /UnityILPP.PostProcessing/PostProcessAssembly'
[40m[32minfo[39m[22m[49m: Microsoft.AspNetCore.Hosting.Diagnostics[2]
      Request finished HTTP/2 POST http://ilpp/UnityILPP.PostProcessing/PostProcessAssembly application/grpc - - 200 - application/grpc 34.1763ms
[40m[32minfo[39m[22m[49m: Microsoft.AspNetCore.Hosting.Diagnostics[2]
      Request finished HTTP/2 POST http://ilpp/UnityILPP.PostProcessing/PostProcessAssembly application/grpc - - 200 - application/grpc 28.8976ms
[40m[32minfo[39m[22m[49m: Microsoft.AspNetCore.Hosting.Diagnostics[2]
      Request finished HTTP/2 POST http://ilpp/UnityILPP.PostProcessing/PostProcessAssembly application/grpc - - 200 - application/grpc 29.0239ms
[40m[32minfo[39m[22m[49m: Microsoft.AspNetCore.Hosting.Diagnostics[2]
      Request finished HTTP/2 POST http://ilpp/UnityILPP.PostProcessing/PostProcessAssembly application/grpc - - 200 - application/grpc 28.9534ms
[40m[32minfo[39m[22m[49m: Microsoft.AspNetCore.Hosting.Diagnostics[2]
      Request finished HTTP/2 POST http://ilpp/UnityILPP.PostProcessing/PostProcessAssembly application/grpc - - 200 - application/grpc 27.8222ms
[40m[32minfo[39m[22m[49m: Microsoft.AspNetCore.Hosting.Diagnostics[2]
      Request finished HTTP/2 POST http://ilpp/UnityILPP.PostProcessing/PostProcessAssembly application/grpc - - 200 - application/grpc 34.1884ms
[40m[32minfo[39m[22m[49m: Microsoft.AspNetCore.Hosting.Diagnostics[2]
      Request finished HTTP/2 POST http://ilpp/UnityILPP.PostProcessing/PostProcessAssembly application/grpc - - 200 - application/grpc 28.6187ms
[40m[32minfo[39m[22m[49m: Unity.ILPP.Runner.PostProcessingAssemblyLoadContext[0]
      Resolved UnityEngine.CoreModule, Version=0.0.0.0, Culture=neutral, PublicKeyToken=null with ~/Unity/Hub/Editor/6000.0.75f1/Editor/Data/Managed/UnityEngine/UnityEngine.CoreModule.dll
[40m[32minfo[39m[22m[49m: Unity.ILPP.Runner.PostProcessingAssemblyLoadContext[0]
      Resolved Unity.Burst, Version=0.0.0.0, Culture=neutral, PublicKeyToken=null with Library/Bee/artifacts/StandaloneLinux64_CodeGen/Unity.Burst.dll
[40m[32minfo[39m[22m[49m: Microsoft.AspNetCore.Hosting.Diagnostics[1]
      Request starting HTTP/2 POST http://ilpp/UnityILPP.PostProcessing/PostProcessAssembly application/grpc -
[40m[32minfo[39m[22m[49m: Microsoft.AspNetCore.Routing.EndpointMiddleware[0]
      Executing endpoint 'gRPC - /UnityILPP.PostProcessing/PostProcessAssembly'
[40m[32minfo[39m[22m[49m: Unity.ILPP.Runner.PostProcessingPipeline[0]
      Processing assembly Library/Bee/artifacts/2400b0aP.dag/Unity.Profiling.Core.dll, with 113 defines and 183 references
[40m[32minfo[39m[22m[49m: Unity.ILPP.Runner.PostProcessingPipeline[0]
      processors: Unity.Entities.CodeGen.EntitiesILPostProcessors, Unity.Jobs.CodeGen.JobsILPostProcessor, zzzUnity.Burst.CodeGen.BurstILPostProcessor
[40m[32minfo[39m[22m[49m: Unity.ILPP.Runner.PostProcessingPipeline[0]
      running Unity.Entities.CodeGen.EntitiesILPostProcessors
[40m[32minfo[39m[22m[49m: Unity.ILPP.Runner.PostProcessingPipeline[0]
      running Unity.Jobs.CodeGen.JobsILPostProcessor
[40m[32minfo[39m[22m[49m: Unity.ILPP.Runner.PostProcessingPipeline[0]
      running zzzUnity.Burst.CodeGen.BurstILPostProcessor
[40m[32minfo[39m[22m[49m: Microsoft.AspNetCore.Routing.EndpointMiddleware[1]
      Executed endpoint 'gRPC - /UnityILPP.PostProcessing/PostProcessAssembly'
[40m[32minfo[39m[22m[49m: Microsoft.AspNetCore.Hosting.Diagnostics[2]
      Request finished HTTP/2 POST http://ilpp/UnityILPP.PostProcessing/PostProcessAssembly application/grpc - - 200 - application/grpc 1.2081ms
[40m[32minfo[39m[22m[49m: Microsoft.AspNetCore.Hosting.Diagnostics[1]
      Request starting HTTP/2 POST http://ilpp/UnityILPP.PostProcessing/PostProcessAssembly application/grpc -
[40m[32minfo[39m[22m[49m: Microsoft.AspNetCore.Routing.EndpointMiddleware[0]
      Executing endpoint 'gRPC - /UnityILPP.PostProcessing/PostProcessAssembly'
[40m[32minfo[39m[22m[49m: Unity.ILPP.Runner.PostProcessingPipeline[0]
      Processing assembly Library/Bee/artifacts/2400b0aP.dag/Unity.Scenes.dll, with 113 defines and 189 references
[40m[32minfo[39m[22m[49m: Unity.ILPP.Runner.PostProcessingPipeline[0]
      processors: Unity.Entities.CodeGen.EntitiesILPostProcessors, Unity.Jobs.CodeGen.JobsILPostProcessor, zzzUnity.Burst.CodeGen.BurstILPostProcessor
[40m[32minfo[39m[22m[49m: Unity.ILPP.Runner.PostProcessingPipeline[0]
      running Unity.Entities.CodeGen.EntitiesILPostProcessors
[40m[32minfo[39m[22m[49m: Unity.ILPP.Runner.PostProcessingAssemblyLoadContext[0]
      Resolved Unity.Burst.Cecil.Rocks, Version=0.11.4.0, Culture=neutral, PublicKeyToken=50cebf1cceb9d05e with Library/PackageCache/com.unity.burst@07790c2d06d9/Unity.Burst.CodeGen/Unity.Burst.Cecil.Rocks.dll
[40m[32minfo[39m[22m[49m: Unity.ILPP.Runner.PostProcessingAssemblyLoadContext[0]
      Resolved UnityEditor.CoreModule, Version=0.0.0.0, Culture=neutral, PublicKeyToken=null with ~/Unity/Hub/Editor/6000.0.75f1/Editor/Data/Managed/UnityEngine/UnityEditor.CoreModule.dll
[40m[32minfo[39m[22m[49m: Unity.ILPP.Runner.PostProcessingAssemblyLoadContext[0]
      Resolved Unity.Cecil.Awesome, Version=1.0.0.0, Culture=neutral, PublicKeyToken=null with Library/PackageCache/com.unity.entities@e90944159b94/Unity.Entities.CodeGen/Unity.Cecil.Awesome.dll
[40m[32minfo[39m[22m[49m: Unity.ILPP.Runner.PostProcessingPipeline[0]
      running zzzUnity.Burst.CodeGen.BurstILPostProcessor
[40m[32minfo[39m[22m[49m: Microsoft.AspNetCore.Routing.EndpointMiddleware[1]
      Executed endpoint 'gRPC - /UnityILPP.PostProcessing/PostProcessAssembly'
[40m[32minfo[39m[22m[49m: Microsoft.AspNetCore.Hosting.Diagnostics[2]
      Request finished HTTP/2 POST http://ilpp/UnityILPP.PostProcessing/PostProcessAssembly application/grpc - - 200 - application/grpc 375.9447ms
[40m[32minfo[39m[22m[49m: Microsoft.AspNetCore.Routing.EndpointMiddleware[1]
      Executed endpoint 'gRPC - /UnityILPP.PostProcessing/PostProcessAssembly'
[40m[32minfo[39m[22m[49m: Microsoft.AspNetCore.Hosting.Diagnostics[2]
      Request finished HTTP/2 POST http://ilpp/UnityILPP.PostProcessing/PostProcessAssembly application/grpc - - 200 - application/grpc 375.9499ms
[40m[32minfo[39m[22m[49m: Microsoft.AspNetCore.Hosting.Diagnostics[1]
      Request starting HTTP/2 POST http://ilpp/UnityILPP.PostProcessing/PostProcessAssembly application/grpc -
[40m[32minfo[39m[22m[49m: Microsoft.AspNetCore.Routing.EndpointMiddleware[0]
      Executing endpoint 'gRPC - /UnityILPP.PostProcessing/PostProcessAssembly'
[40m[32minfo[39m[22m[49m: Unity.ILPP.Runner.PostProcessingPipeline[0]
      Processing assembly Library/Bee/artifacts/2400b0aP.dag/Unity.TextMeshPro.dll, with 114 defines and 183 references
[40m[32minfo[39m[22m[49m: Unity.ILPP.Runner.PostProcessingPipeline[0]
      processors: Unity.Entities.CodeGen.EntitiesILPostProcessors, Unity.Jobs.CodeGen.JobsILPostProcessor, zzzUnity.Burst.CodeGen.BurstILPostProcessor
[40m[32minfo[39m[22m[49m: Unity.ILPP.Runner.PostProcessingPipeline[0]
      running Unity.Entities.CodeGen.EntitiesILPostProcessors
[40m[32minfo[39m[22m[49m: Unity.ILPP.Runner.PostProcessingPipeline[0]
      running Unity.Jobs.CodeGen.JobsILPostProcessor
[40m[32minfo[39m[22m[49m: Unity.ILPP.Runner.PostProcessingPipeline[0]
      running zzzUnity.Burst.CodeGen.BurstILPostProcessor
[40m[32minfo[39m[22m[49m: Microsoft.AspNetCore.Hosting.Diagnostics[1]
      Request starting HTTP/2 POST http://ilpp/UnityILPP.PostProcessing/PostProcessAssembly application/grpc -
[40m[32minfo[39m[22m[49m: Microsoft.AspNetCore.Routing.EndpointMiddleware[0]
      Executing endpoint 'gRPC - /UnityILPP.PostProcessing/PostProcessAssembly'
[40m[32minfo[39m[22m[49m: Unity.ILPP.Runner.PostProcessingPipeline[0]
      Processing assembly Library/Bee/artifacts/2400b0aP.dag/Unity.InputSystem.dll, with 119 defines and 183 references
[40m[32minfo[39m[22m[49m: Unity.ILPP.Runner.PostProcessingPipeline[0]
      processors: Unity.Entities.CodeGen.EntitiesILPostProcessors, Unity.Jobs.CodeGen.JobsILPostProcessor, zzzUnity.Burst.CodeGen.BurstILPostProcessor
[40m[32minfo[39m[22m[49m: Microsoft.AspNetCore.Routing.EndpointMiddleware[1]
      Executed endpoint 'gRPC - /UnityILPP.PostProcessing/PostProcessAssembly'
[40m[32minfo[39m[22m[49m: Microsoft.AspNetCore.Hosting.Diagnostics[2]
      Request finished HTTP/2 POST http://ilpp/UnityILPP.PostProcessing/PostProcessAssembly application/grpc - - 200 - application/grpc 2.1342ms
[40m[32minfo[39m[22m[49m: Unity.ILPP.Runner.PostProcessingPipeline[0]
      running Unity.Entities.CodeGen.EntitiesILPostProcessors
[40m[32minfo[39m[22m[49m: Unity.ILPP.Runner.PostProcessingPipeline[0]
      running Unity.Jobs.CodeGen.JobsILPostProcessor
[40m[32minfo[39m[22m[49m: Unity.ILPP.Runner.PostProcessingPipeline[0]
      running zzzUnity.Burst.CodeGen.BurstILPostProcessor
[40m[32minfo[39m[22m[49m: Microsoft.AspNetCore.Routing.EndpointMiddleware[1]
      Executed endpoint 'gRPC - /UnityILPP.PostProcessing/PostProcessAssembly'
[40m[32minfo[39m[22m[49m: Microsoft.AspNetCore.Hosting.Diagnostics[2]
      Request finished HTTP/2 POST http://ilpp/UnityILPP.PostProcessing/PostProcessAssembly application/grpc - - 200 - application/grpc 8.3831ms
[40m[32minfo[39m[22m[49m: Unity.ILPP.Runner.PostProcessingPipeline[0]
      running zzzUnity.Burst.CodeGen.BurstILPostProcessor
[40m[32minfo[39m[22m[49m: Unity.ILPP.Runner.PostProcessingPipeline[0]
      running zzzUnity.Burst.CodeGen.BurstILPostProcessor
[40m[32minfo[39m[22m[49m: Unity.ILPP.Runner.PostProcessingPipeline[0]
      running zzzUnity.Burst.CodeGen.BurstILPostProcessor
  - EILPP : Unity.Transforms : : 657ms (~335ms)
    - EILPP : Unity.Transforms : GetAllComponentTypes: 1ms 
    - EILPP : Unity.Transforms : Cloner: 6ms 
    - EILPP : Unity.Transforms : ComponentDataPP: 11ms 
    - EILPP : Unity.Transforms : StaticTypeRegistryPostProcessor: 286ms 
    - EILPP : Unity.Transforms : WriteAssembly: 18ms 
  - EILPP : Unity.Deformations : : 657ms (~311ms)
    - EILPP : Unity.Deformations : GetAllComponentTypes: 1ms 
    - EILPP : Unity.Deformations : Cloner: 2ms 
    - EILPP : Unity.Deformations : ComponentDataPP: 14ms 
    - EILPP : Unity.Deformations : StaticTypeRegistryPostProcessor: 287ms 
    - EILPP : Unity.Deformations : WriteAssembly: 42ms 
[40m[32minfo[39m[22m[49m: Unity.ILPP.Runner.PostProcessingPipeline[0]
      running Unity.Jobs.CodeGen.JobsILPostProcessor
[40m[32minfo[39m[22m[49m: Unity.ILPP.Runner.PostProcessingPipeline[0]
      running Unity.Jobs.CodeGen.JobsILPostProcessor
  - EILPP : Unity.Scenes : : 637ms (~311ms)
    - EILPP : Unity.Scenes : GetAllComponentTypes: 1ms 
    - EILPP : Unity.Scenes : Cloner: 28ms 
    - EILPP : Unity.Scenes : ComponentDataPP: 3ms 
    - EILPP : Unity.Scenes : StaticTypeRegistryPostProcessor: 272ms 
    - EILPP : Unity.Scenes : WriteAssembly: 22ms 
[40m[32minfo[39m[22m[49m: Unity.ILPP.Runner.PostProcessingPipeline[0]
      running Unity.Jobs.CodeGen.JobsILPostProcessor
[40m[32minfo[39m[22m[49m: Unity.ILPP.Runner.PostProcessingPipeline[0]
      running zzzUnity.Burst.CodeGen.BurstILPostProcessor
[40m[32minfo[39m[22m[49m: Microsoft.AspNetCore.Routing.EndpointMiddleware[1]
      Executed endpoint 'gRPC - /UnityILPP.PostProcessing/PostProcessAssembly'
[40m[32minfo[39m[22m[49m: Microsoft.AspNetCore.Hosting.Diagnostics[2]
      Request finished HTTP/2 POST http://ilpp/UnityILPP.PostProcessing/PostProcessAssembly application/grpc - - 200 - application/grpc 707.7223ms
[40m[32minfo[39m[22m[49m: Microsoft.AspNetCore.Routing.EndpointMiddleware[1]
      Executed endpoint 'gRPC - /UnityILPP.PostProcessing/PostProcessAssembly'
[40m[32minfo[39m[22m[49m: Microsoft.AspNetCore.Hosting.Diagnostics[2]
      Request finished HTTP/2 POST http://ilpp/UnityILPP.PostProcessing/PostProcessAssembly application/grpc - - 200 - application/grpc 713.3521ms
[40m[32minfo[39m[22m[49m: Unity.ILPP.Runner.PostProcessingPipeline[0]
      running zzzUnity.Burst.CodeGen.BurstILPostProcessor
[40m[32minfo[39m[22m[49m: Unity.ILPP.Runner.PostProcessingPipeline[0]
      running zzzUnity.Burst.CodeGen.BurstILPostProcessor
[40m[32minfo[39m[22m[49m: Microsoft.AspNetCore.Routing.EndpointMiddleware[1]
      Executed endpoint 'gRPC - /UnityILPP.PostProcessing/PostProcessAssembly'
[40m[32minfo[39m[22m[49m: Microsoft.AspNetCore.Routing.EndpointMiddleware[1]
      Executed endpoint 'gRPC - /UnityILPP.PostProcessing/PostProcessAssembly'
[40m[32minfo[39m[22m[49m: Microsoft.AspNetCore.Hosting.Diagnostics[2]
      Request finished HTTP/2 POST http://ilpp/UnityILPP.PostProcessing/PostProcessAssembly application/grpc - - 200 - application/grpc 880.9491ms
[40m[32minfo[39m[22m[49m: Microsoft.AspNetCore.Hosting.Diagnostics[2]
      Request finished HTTP/2 POST http://ilpp/UnityILPP.PostProcessing/PostProcessAssembly application/grpc - - 200 - application/grpc 881.1532ms
[40m[32minfo[39m[22m[49m: Microsoft.AspNetCore.Routing.EndpointMiddleware[1]
      Executed endpoint 'gRPC - /UnityILPP.PostProcessing/PostProcessAssembly'
[40m[32minfo[39m[22m[49m: Microsoft.AspNetCore.Hosting.Diagnostics[2]
      Request finished HTTP/2 POST http://ilpp/UnityILPP.PostProcessing/PostProcessAssembly application/grpc - - 200 - application/grpc 895.7858ms
[40m[32minfo[39m[22m[49m: Microsoft.AspNetCore.Routing.EndpointMiddleware[1]
      Executed endpoint 'gRPC - /UnityILPP.PostProcessing/PostProcessAssembly'
[40m[32minfo[39m[22m[49m: Microsoft.AspNetCore.Hosting.Diagnostics[2]
      Request finished HTTP/2 POST http://ilpp/UnityILPP.PostProcessing/PostProcessAssembly application/grpc - - 200 - application/grpc 906.4257ms
[40m[32minfo[39m[22m[49m: Microsoft.AspNetCore.Hosting.Diagnostics[1]
      Request starting HTTP/2 POST http://ilpp/UnityILPP.PostProcessing/PostProcessAssembly application/grpc -
[40m[32minfo[39m[22m[49m: Microsoft.AspNetCore.Routing.EndpointMiddleware[0]
      Executing endpoint 'gRPC - /UnityILPP.PostProcessing/PostProcessAssembly'
[40m[32minfo[39m[22m[49m: Unity.ILPP.Runner.PostProcessingPipeline[0]
      Processing assembly Library/Bee/artifacts/2400b0aP.dag/Unity.Entities.Hybrid.dll, with 114 defines and 191 references
[40m[32minfo[39m[22m[49m: Unity.ILPP.Runner.PostProcessingPipeline[0]
      processors: Unity.Entities.CodeGen.EntitiesILPostProcessors, Unity.Jobs.CodeGen.JobsILPostProcessor, zzzUnity.Burst.CodeGen.BurstILPostProcessor
[40m[32minfo[39m[22m[49m: Unity.ILPP.Runner.PostProcessingPipeline[0]
      running Unity.Entities.CodeGen.EntitiesILPostProcessors
[40m[32minfo[39m[22m[49m: Microsoft.AspNetCore.Hosting.Diagnostics[1]
      Request starting HTTP/2 POST http://ilpp/UnityILPP.PostProcessing/PostProcessAssembly application/grpc -
[40m[32minfo[39m[22m[49m: Microsoft.AspNetCore.Routing.EndpointMiddleware[0]
      Executing endpoint 'gRPC - /UnityILPP.PostProcessing/PostProcessAssembly'
[40m[32minfo[39m[22m[49m: Microsoft.AspNetCore.Hosting.Diagnostics[1]
      Request starting HTTP/2 POST http://ilpp/UnityILPP.PostProcessing/PostProcessAssembly application/grpc -
[40m[32minfo[39m[22m[49m: Microsoft.AspNetCore.Routing.EndpointMiddleware[0]
      Executing endpoint 'gRPC - /UnityILPP.PostProcessing/PostProcessAssembly'
[40m[32minfo[39m[22m[49m: Unity.ILPP.Runner.PostProcessingPipeline[0]
      Processing assembly Library/Bee/artifacts/2400b0aP.dag/Unity.Collections.dll, with 115 defines and 185 references
[40m[32minfo[39m[22m[49m: Unity.ILPP.Runner.PostProcessingPipeline[0]
      processors: Unity.Entities.CodeGen.EntitiesILPostProcessors, Unity.Jobs.CodeGen.JobsILPostProcessor, zzzUnity.Burst.CodeGen.BurstILPostProcessor
[40m[32minfo[39m[22m[49m: Unity.ILPP.Runner.PostProcessingPipeline[0]
      running Unity.Entities.CodeGen.EntitiesILPostProcessors
[40m[32minfo[39m[22m[49m: Unity.ILPP.Runner.PostProcessingPipeline[0]
      running Unity.Jobs.CodeGen.JobsILPostProcessor
[40m[32minfo[39m[22m[49m: Microsoft.AspNetCore.Hosting.Diagnostics[1]
      Request starting HTTP/2 POST http://ilpp/UnityILPP.PostProcessing/PostProcessAssembly application/grpc -
[40m[32minfo[39m[22m[49m: Microsoft.AspNetCore.Routing.EndpointMiddleware[0]
      Executing endpoint 'gRPC - /UnityILPP.PostProcessing/PostProcessAssembly'
[40m[32minfo[39m[22m[49m: Unity.ILPP.Runner.PostProcessingPipeline[0]
      Processing assembly Library/Bee/artifacts/2400b0aP.dag/Unity.InputSystem.ForUI.dll, with 113 defines and 184 references
[40m[32minfo[39m[22m[49m: Unity.ILPP.Runner.PostProcessingPipeline[0]
      processors: Unity.Entities.CodeGen.EntitiesILPostProcessors, Unity.Jobs.CodeGen.JobsILPostProcessor, zzzUnity.Burst.CodeGen.BurstILPostProcessor
[40m[32minfo[39m[22m[49m: Unity.ILPP.Runner.PostProcessingPipeline[0]
      running Unity.Entities.CodeGen.EntitiesILPostProcessors
[40m[32minfo[39m[22m[49m: Unity.ILPP.Runner.PostProcessingPipeline[0]
      running Unity.Jobs.CodeGen.JobsILPostProcessor
[40m[32minfo[39m[22m[49m: Unity.ILPP.Runner.PostProcessingPipeline[0]
      running zzzUnity.Burst.CodeGen.BurstILPostProcessor
[40m[32minfo[39m[22m[49m: Microsoft.AspNetCore.Routing.EndpointMiddleware[1]
      Executed endpoint 'gRPC - /UnityILPP.PostProcessing/PostProcessAssembly'
[40m[32minfo[39m[22m[49m: Microsoft.AspNetCore.Hosting.Diagnostics[2]
      Request finished HTTP/2 POST http://ilpp/UnityILPP.PostProcessing/PostProcessAssembly application/grpc - - 200 - application/grpc 1.1193ms
[40m[32minfo[39m[22m[49m: Unity.ILPP.Runner.PostProcessingPipeline[0]
      Processing assembly Library/Bee/artifacts/2400b0aP.dag/Unity.RenderPipelines.ShaderGraph.ShaderGraphLibrary.dll, with 113 defines and 183 references
[40m[32minfo[39m[22m[49m: Unity.ILPP.Runner.PostProcessingPipeline[0]
      processors: Unity.Entities.CodeGen.EntitiesILPostProcessors, Unity.Jobs.CodeGen.JobsILPostProcessor, zzzUnity.Burst.CodeGen.BurstILPostProcessor
[40m[32minfo[39m[22m[49m: Unity.ILPP.Runner.PostProcessingPipeline[0]
      running Unity.Entities.CodeGen.EntitiesILPostProcessors
[40m[32minfo[39m[22m[49m: Unity.ILPP.Runner.PostProcessingPipeline[0]
      running Unity.Jobs.CodeGen.JobsILPostProcessor
[40m[32minfo[39m[22m[49m: Unity.ILPP.Runner.PostProcessingPipeline[0]
      running zzzUnity.Burst.CodeGen.BurstILPostProcessor
[40m[32minfo[39m[22m[49m: Microsoft.AspNetCore.Routing.EndpointMiddleware[1]
      Executed endpoint 'gRPC - /UnityILPP.PostProcessing/PostProcessAssembly'
[40m[32minfo[39m[22m[49m: Microsoft.AspNetCore.Hosting.Diagnostics[2]
      Request finished HTTP/2 POST http://ilpp/UnityILPP.PostProcessing/PostProcessAssembly application/grpc - - 200 - application/grpc 8.0852ms
[40m[32minfo[39m[22m[49m: Microsoft.AspNetCore.Hosting.Diagnostics[1]
      Request starting HTTP/2 POST http://ilpp/UnityILPP.PostProcessing/PostProcessAssembly application/grpc -
[40m[32minfo[39m[22m[49m: Microsoft.AspNetCore.Routing.EndpointMiddleware[0]
      Executing endpoint 'gRPC - /UnityILPP.PostProcessing/PostProcessAssembly'
[40m[32minfo[39m[22m[49m: Unity.ILPP.Runner.PostProcessingPipeline[0]
      Processing assembly Library/Bee/artifacts/2400b0aP.dag/Unity.Mathematics.Extensions.dll, with 113 defines and 186 references
[40m[32minfo[39m[22m[49m: Unity.ILPP.Runner.PostProcessingPipeline[0]
      processors: Unity.Entities.CodeGen.EntitiesILPostProcessors, Unity.Jobs.CodeGen.JobsILPostProcessor, zzzUnity.Burst.CodeGen.BurstILPostProcessor
[40m[32minfo[39m[22m[49m: Unity.ILPP.Runner.PostProcessingPipeline[0]
      running Unity.Entities.CodeGen.EntitiesILPostProcessors
[40m[32minfo[39m[22m[49m: Unity.ILPP.Runner.PostProcessingPipeline[0]
      running Unity.Jobs.CodeGen.JobsILPostProcessor
[40m[32minfo[39m[22m[49m: Microsoft.AspNetCore.Routing.EndpointMiddleware[1]
      Executed endpoint 'gRPC - /UnityILPP.PostProcessing/PostProcessAssembly'
[40m[32minfo[39m[22m[49m: Microsoft.AspNetCore.Hosting.Diagnostics[2]
      Request finished HTTP/2 POST http://ilpp/UnityILPP.PostProcessing/PostProcessAssembly application/grpc - - 200 - application/grpc 921.6578ms
[40m[32minfo[39m[22m[49m: Unity.ILPP.Runner.PostProcessingPipeline[0]
      running zzzUnity.Burst.CodeGen.BurstILPostProcessor
[40m[32minfo[39m[22m[49m: Microsoft.AspNetCore.Hosting.Diagnostics[1]
      Request starting HTTP/2 POST http://ilpp/UnityILPP.PostProcessing/PostProcessAssembly application/grpc -
[40m[32minfo[39m[22m[49m: Microsoft.AspNetCore.Routing.EndpointMiddleware[0]
      Executing endpoint 'gRPC - /UnityILPP.PostProcessing/PostProcessAssembly'
[40m[32minfo[39m[22m[49m: Unity.ILPP.Runner.PostProcessingPipeline[0]
      Processing assembly Library/Bee/artifacts/2400b0aP.dag/Unity.Mathematics.dll, with 113 defines and 183 references
[40m[32minfo[39m[22m[49m: Unity.ILPP.Runner.PostProcessingPipeline[0]
      processors: Unity.Entities.CodeGen.EntitiesILPostProcessors, Unity.Jobs.CodeGen.JobsILPostProcessor, zzzUnity.Burst.CodeGen.BurstILPostProcessor
[40m[32minfo[39m[22m[49m: Unity.ILPP.Runner.PostProcessingPipeline[0]
      running Unity.Entities.CodeGen.EntitiesILPostProcessors
[40m[32minfo[39m[22m[49m: Microsoft.AspNetCore.Routing.EndpointMiddleware[1]
      Executed endpoint 'gRPC - /UnityILPP.PostProcessing/PostProcessAssembly'
[40m[32minfo[39m[22m[49m: Unity.ILPP.Runner.PostProcessingPipeline[0]
      running Unity.Jobs.CodeGen.JobsILPostProcessor
[40m[32minfo[39m[22m[49m: Microsoft.AspNetCore.Hosting.Diagnostics[2]
      Request finished HTTP/2 POST http://ilpp/UnityILPP.PostProcessing/PostProcessAssembly application/grpc - - 200 - application/grpc 992.2988ms
[40m[32minfo[39m[22m[49m: Unity.ILPP.Runner.PostProcessingPipeline[0]
      running zzzUnity.Burst.CodeGen.BurstILPostProcessor
[40m[32minfo[39m[22m[49m: Microsoft.AspNetCore.Routing.EndpointMiddleware[1]
      Executed endpoint 'gRPC - /UnityILPP.PostProcessing/PostProcessAssembly'
[40m[32minfo[39m[22m[49m: Microsoft.AspNetCore.Hosting.Diagnostics[2]
      Request finished HTTP/2 POST http://ilpp/UnityILPP.PostProcessing/PostProcessAssembly application/grpc - - 200 - application/grpc 3.6466ms
[40m[32minfo[39m[22m[49m: Microsoft.AspNetCore.Routing.EndpointMiddleware[1]
      Executed endpoint 'gRPC - /UnityILPP.PostProcessing/PostProcessAssembly'
[40m[32minfo[39m[22m[49m: Microsoft.AspNetCore.Hosting.Diagnostics[2]
      Request finished HTTP/2 POST http://ilpp/UnityILPP.PostProcessing/PostProcessAssembly application/grpc - - 200 - application/grpc 29.4631ms
[40m[32minfo[39m[22m[49m: Microsoft.AspNetCore.Hosting.Diagnostics[1]
      Request starting HTTP/2 POST http://ilpp/UnityILPP.PostProcessing/PostProcessAssembly application/grpc -
[40m[32minfo[39m[22m[49m: Microsoft.AspNetCore.Routing.EndpointMiddleware[0]
      Executing endpoint 'gRPC - /UnityILPP.PostProcessing/PostProcessAssembly'
[40m[32minfo[39m[22m[49m: Unity.ILPP.Runner.PostProcessingPipeline[0]
      Processing assembly Library/Bee/artifacts/2400b0aP.dag/Unity.Mathematics.Extensions.Hybrid.dll, with 113 defines and 187 references
[40m[32minfo[39m[22m[49m: Unity.ILPP.Runner.PostProcessingPipeline[0]
      processors: Unity.Entities.CodeGen.EntitiesILPostProcessors, Unity.Jobs.CodeGen.JobsILPostProcessor, zzzUnity.Burst.CodeGen.BurstILPostProcessor
[40m[32minfo[39m[22m[49m: Unity.ILPP.Runner.PostProcessingPipeline[0]
      running Unity.Entities.CodeGen.EntitiesILPostProcessors
[40m[32minfo[39m[22m[49m: Unity.ILPP.Runner.PostProcessingPipeline[0]
      running Unity.Jobs.CodeGen.JobsILPostProcessor
[40m[32minfo[39m[22m[49m: Unity.ILPP.Runner.PostProcessingPipeline[0]
      running zzzUnity.Burst.CodeGen.BurstILPostProcessor
[40m[32minfo[39m[22m[49m: Microsoft.AspNetCore.Hosting.Diagnostics[1]
      Request starting HTTP/2 POST http://ilpp/UnityILPP.PostProcessing/PostProcessAssembly application/grpc -
[40m[32minfo[39m[22m[49m: Microsoft.AspNetCore.Routing.EndpointMiddleware[0]
      Executing endpoint 'gRPC - /UnityILPP.PostProcessing/PostProcessAssembly'
[40m[32minfo[39m[22m[49m: Unity.ILPP.Runner.PostProcessingPipeline[0]
      Processing assembly Library/Bee/artifacts/2400b0aP.dag/Unity.RenderPipelines.Universal.Shaders.dll, with 113 defines and 183 references
[40m[32minfo[39m[22m[49m: Unity.ILPP.Runner.PostProcessingPipeline[0]
      processors: Unity.Entities.CodeGen.EntitiesILPostProcessors, Unity.Jobs.CodeGen.JobsILPostProcessor, zzzUnity.Burst.CodeGen.BurstILPostProcessor
[40m[32minfo[39m[22m[49m: Unity.ILPP.Runner.PostProcessingPipeline[0]
      running Unity.Entities.CodeGen.EntitiesILPostProcessors
[40m[32minfo[39m[22m[49m: Unity.ILPP.Runner.PostProcessingPipeline[0]
      running Unity.Jobs.CodeGen.JobsILPostProcessor
[40m[32minfo[39m[22m[49m: Unity.ILPP.Runner.PostProcessingPipeline[0]
      running zzzUnity.Burst.CodeGen.BurstILPostProcessor
[40m[32minfo[39m[22m[49m: Microsoft.AspNetCore.Routing.EndpointMiddleware[1]
      Executed endpoint 'gRPC - /UnityILPP.PostProcessing/PostProcessAssembly'
[40m[32minfo[39m[22m[49m: Microsoft.AspNetCore.Routing.EndpointMiddleware[1]
      Executed endpoint 'gRPC - /UnityILPP.PostProcessing/PostProcessAssembly'
[40m[32minfo[39m[22m[49m: Microsoft.AspNetCore.Hosting.Diagnostics[2]
      Request finished HTTP/2 POST http://ilpp/UnityILPP.PostProcessing/PostProcessAssembly application/grpc - - 200 - application/grpc 231.5494ms
[40m[32minfo[39m[22m[49m: Microsoft.AspNetCore.Hosting.Diagnostics[1]
      Request starting HTTP/2 POST http://ilpp/UnityILPP.PostProcessing/PostProcessAssembly application/grpc -
[40m[32minfo[39m[22m[49m: Microsoft.AspNetCore.Hosting.Diagnostics[1]
      Request starting HTTP/2 POST http://ilpp/UnityILPP.PostProcessing/PostProcessAssembly application/grpc -
[40m[32minfo[39m[22m[49m: Microsoft.AspNetCore.Hosting.Diagnostics[1]
      Request starting HTTP/2 POST http://ilpp/UnityILPP.PostProcessing/PostProcessAssembly application/grpc -
[40m[32minfo[39m[22m[49m: Microsoft.AspNetCore.Routing.EndpointMiddleware[0]
      Executing endpoint 'gRPC - /UnityILPP.PostProcessing/PostProcessAssembly'
[40m[32minfo[39m[22m[49m: Microsoft.AspNetCore.Routing.EndpointMiddleware[0]
      Executing endpoint 'gRPC - /UnityILPP.PostProcessing/PostProcessAssembly'
[40m[32minfo[39m[22m[49m: Microsoft.AspNetCore.Routing.EndpointMiddleware[0]
      Executing endpoint 'gRPC - /UnityILPP.PostProcessing/PostProcessAssembly'
[40m[32minfo[39m[22m[49m: Unity.ILPP.Runner.PostProcessingPipeline[0]
      Processing assembly Library/Bee/artifacts/2400b0aP.dag/Unity.Transforms.Hybrid.dll, with 113 defines and 189 references
[40m[32minfo[39m[22m[49m: Unity.ILPP.Runner.PostProcessingPipeline[0]
      processors: Unity.Entities.CodeGen.EntitiesILPostProcessors, Unity.Jobs.CodeGen.JobsILPostProcessor, zzzUnity.Burst.CodeGen.BurstILPostProcessor
[40m[32minfo[39m[22m[49m: Unity.ILPP.Runner.PostProcessingPipeline[0]
      running Unity.Entities.CodeGen.EntitiesILPostProcessors
[40m[32minfo[39m[22m[49m: Microsoft.AspNetCore.Hosting.Diagnostics[2]
      Request finished HTTP/2 POST http://ilpp/UnityILPP.PostProcessing/PostProcessAssembly application/grpc - - 200 - application/grpc 2.6779ms
[40m[32minfo[39m[22m[49m: Unity.ILPP.Runner.PostProcessingPipeline[0]
      Processing assembly Library/Bee/artifacts/2400b0aP.dag/GameCore.Rules.Gameplay.dll, with 113 defines and 127 references
[40m[32minfo[39m[22m[49m: Unity.ILPP.Runner.PostProcessingPipeline[0]
      processors: Unity.Entities.CodeGen.EntitiesILPostProcessors, Unity.Jobs.CodeGen.JobsILPostProcessor, zzzUnity.Burst.CodeGen.BurstILPostProcessor
[40m[32minfo[39m[22m[49m: Unity.ILPP.Runner.PostProcessingPipeline[0]
      running Unity.Entities.CodeGen.EntitiesILPostProcessors
[40m[32minfo[39m[22m[49m: Unity.ILPP.Runner.PostProcessingPipeline[0]
      running Unity.Jobs.CodeGen.JobsILPostProcessor
[40m[32minfo[39m[22m[49m: Unity.ILPP.Runner.PostProcessingPipeline[0]
      running zzzUnity.Burst.CodeGen.BurstILPostProcessor
[40m[32minfo[39m[22m[49m: Unity.ILPP.Runner.PostProcessingPipeline[0]
      Processing assembly Library/Bee/artifacts/2400b0aP.dag/GameCore.Contracts.dll, with 113 defines and 127 references
[40m[32minfo[39m[22m[49m: Unity.ILPP.Runner.PostProcessingPipeline[0]
      processors: Unity.Entities.CodeGen.EntitiesILPostProcessors, Unity.Jobs.CodeGen.JobsILPostProcessor, zzzUnity.Burst.CodeGen.BurstILPostProcessor
[40m[32minfo[39m[22m[49m: Unity.ILPP.Runner.PostProcessingPipeline[0]
      running Unity.Entities.CodeGen.EntitiesILPostProcessors
[40m[32minfo[39m[22m[49m: Unity.ILPP.Runner.PostProcessingPipeline[0]
      running Unity.Jobs.CodeGen.JobsILPostProcessor
[40m[32minfo[39m[22m[49m: Unity.ILPP.Runner.PostProcessingPipeline[0]
      running zzzUnity.Burst.CodeGen.BurstILPostProcessor
[40m[32minfo[39m[22m[49m: Microsoft.AspNetCore.Routing.EndpointMiddleware[1]
      Executed endpoint 'gRPC - /UnityILPP.PostProcessing/PostProcessAssembly'
[40m[32minfo[39m[22m[49m: Microsoft.AspNetCore.Hosting.Diagnostics[2]
      Request finished HTTP/2 POST http://ilpp/UnityILPP.PostProcessing/PostProcessAssembly application/grpc - - 200 - application/grpc 3.9178ms
[40m[32minfo[39m[22m[49m: Microsoft.AspNetCore.Routing.EndpointMiddleware[1]
      Executed endpoint 'gRPC - /UnityILPP.PostProcessing/PostProcessAssembly'
[40m[32minfo[39m[22m[49m: Microsoft.AspNetCore.Hosting.Diagnostics[2]
      Request finished HTTP/2 POST http://ilpp/UnityILPP.PostProcessing/PostProcessAssembly application/grpc - - 200 - application/grpc 5.9948ms
  - EILPP : Unity.Entities.Hybrid : : 303ms (~20ms)
    - EILPP : Unity.Entities.Hybrid : ComponentDataPP: 1ms 
    - EILPP : Unity.Entities.Hybrid : StaticTypeRegistryPostProcessor: 26ms 
    - EILPP : Unity.Entities.Hybrid : WriteAssembly: 256ms 
[40m[32minfo[39m[22m[49m: Unity.ILPP.Runner.PostProcessingPipeline[0]
      running Unity.Jobs.CodeGen.JobsILPostProcessor
  - EILPP : Unity.Transforms.Hybrid : : 22ms (~16ms)
    - EILPP : Unity.Transforms.Hybrid : ComponentDataPP: 1ms 
    - EILPP : Unity.Transforms.Hybrid : StaticTypeRegistryPostProcessor: 3ms 
    - EILPP : Unity.Transforms.Hybrid : WriteAssembly: 2ms 
[40m[32minfo[39m[22m[49m: Unity.ILPP.Runner.PostProcessingPipeline[0]
      running Unity.Jobs.CodeGen.JobsILPostProcessor
[40m[32minfo[39m[22m[49m: Microsoft.AspNetCore.Hosting.Diagnostics[1]
      Request starting HTTP/2 POST http://ilpp/UnityILPP.PostProcessing/PostProcessAssembly application/grpc -
[40m[32minfo[39m[22m[49m: Microsoft.AspNetCore.Routing.EndpointMiddleware[0]
      Executing endpoint 'gRPC - /UnityILPP.PostProcessing/PostProcessAssembly'
[40m[32minfo[39m[22m[49m: Unity.ILPP.Runner.PostProcessingPipeline[0]
      Processing assembly Library/Bee/artifacts/2400b0aP.dag/GameCore.Gameplay.Contracts.dll, with 113 defines and 128 references
[40m[32minfo[39m[22m[49m: Unity.ILPP.Runner.PostProcessingPipeline[0]
      processors: Unity.Entities.CodeGen.EntitiesILPostProcessors, Unity.Jobs.CodeGen.JobsILPostProcessor, zzzUnity.Burst.CodeGen.BurstILPostProcessor
[40m[32minfo[39m[22m[49m: Unity.ILPP.Runner.PostProcessingPipeline[0]
      running Unity.Entities.CodeGen.EntitiesILPostProcessors
[40m[32minfo[39m[22m[49m: Unity.ILPP.Runner.PostProcessingPipeline[0]
      running Unity.Jobs.CodeGen.JobsILPostProcessor
[40m[32minfo[39m[22m[49m: Unity.ILPP.Runner.PostProcessingPipeline[0]
      running zzzUnity.Burst.CodeGen.BurstILPostProcessor
[40m[32minfo[39m[22m[49m: Microsoft.AspNetCore.Routing.EndpointMiddleware[1]
      Executed endpoint 'gRPC - /UnityILPP.PostProcessing/PostProcessAssembly'
[40m[32minfo[39m[22m[49m: Microsoft.AspNetCore.Hosting.Diagnostics[2]
      Request finished HTTP/2 POST http://ilpp/UnityILPP.PostProcessing/PostProcessAssembly application/grpc - - 200 - application/grpc 2.1994ms
[40m[32minfo[39m[22m[49m: Unity.ILPP.Runner.PostProcessingPipeline[0]
      running zzzUnity.Burst.CodeGen.BurstILPostProcessor
  - EILPP : Unity.Entities : : 1278ms (~333ms)
    - EILPP : Unity.Entities : GetAllComponentTypes: 1ms 
    - EILPP : Unity.Entities : Cloner: 26ms 
    - EILPP : Unity.Entities : ComponentDataPP: 20ms 
    - EILPP : Unity.Entities : StaticTypeRegistryPostProcessor: 258ms 
    - EILPP : Unity.Entities : WriteAssembly: 640ms 
[40m[32minfo[39m[22m[49m: Microsoft.AspNetCore.Routing.EndpointMiddleware[1]
      Executed endpoint 'gRPC - /UnityILPP.PostProcessing/PostProcessAssembly'
[40m[32minfo[39m[22m[49m: Microsoft.AspNetCore.Hosting.Diagnostics[2]
      Request finished HTTP/2 POST http://ilpp/UnityILPP.PostProcessing/PostProcessAssembly application/grpc - - 200 - application/grpc 58.0485ms
[40m[32minfo[39m[22m[49m: Unity.ILPP.Runner.PostProcessingPipeline[0]
      running Unity.Jobs.CodeGen.JobsILPostProcessor
[40m[32minfo[39m[22m[49m: Microsoft.AspNetCore.Hosting.Diagnostics[1]
      Request starting HTTP/2 POST http://ilpp/UnityILPP.PostProcessing/PostProcessAssembly application/grpc -
[40m[32minfo[39m[22m[49m: Microsoft.AspNetCore.Routing.EndpointMiddleware[0]
      Executing endpoint 'gRPC - /UnityILPP.PostProcessing/PostProcessAssembly'
[40m[32minfo[39m[22m[49m: Unity.ILPP.Runner.PostProcessingPipeline[0]
      Processing assembly Library/Bee/artifacts/2400b0aP.dag/Unity.RenderPipelines.Core.ShaderLibrary.dll, with 113 defines and 183 references
[40m[32minfo[39m[22m[49m: Unity.ILPP.Runner.PostProcessingPipeline[0]
      processors: Unity.Entities.CodeGen.EntitiesILPostProcessors, Unity.Jobs.CodeGen.JobsILPostProcessor, zzzUnity.Burst.CodeGen.BurstILPostProcessor
[40m[32minfo[39m[22m[49m: Unity.ILPP.Runner.PostProcessingPipeline[0]
      running Unity.Entities.CodeGen.EntitiesILPostProcessors
[40m[32minfo[39m[22m[49m: Unity.ILPP.Runner.PostProcessingPipeline[0]
      running Unity.Jobs.CodeGen.JobsILPostProcessor
[40m[32minfo[39m[22m[49m: Unity.ILPP.Runner.PostProcessingPipeline[0]
      running zzzUnity.Burst.CodeGen.BurstILPostProcessor
[40m[32minfo[39m[22m[49m: Microsoft.AspNetCore.Routing.EndpointMiddleware[1]
      Executed endpoint 'gRPC - /UnityILPP.PostProcessing/PostProcessAssembly'
[40m[32minfo[39m[22m[49m: Microsoft.AspNetCore.Hosting.Diagnostics[2]
      Request finished HTTP/2 POST http://ilpp/UnityILPP.PostProcessing/PostProcessAssembly application/grpc - - 200 - application/grpc 1.0231ms
[40m[32minfo[39m[22m[49m: Microsoft.AspNetCore.Hosting.Diagnostics[1]
      Request starting HTTP/2 POST http://ilpp/UnityILPP.PostProcessing/PostProcessAssembly application/grpc -
[40m[32minfo[39m[22m[49m: Microsoft.AspNetCore.Routing.EndpointMiddleware[0]
      Executing endpoint 'gRPC - /UnityILPP.PostProcessing/PostProcessAssembly'
[40m[32minfo[39m[22m[49m: Microsoft.AspNetCore.Hosting.Diagnostics[1]
      Request starting HTTP/2 POST http://ilpp/UnityILPP.PostProcessing/PostProcessAssembly application/grpc -
[40m[32minfo[39m[22m[49m: Microsoft.AspNetCore.Routing.EndpointMiddleware[0]
      Executing endpoint 'gRPC - /UnityILPP.PostProcessing/PostProcessAssembly'
[40m[32minfo[39m[22m[49m: Unity.ILPP.Runner.PostProcessingPipeline[0]
      Processing assembly Library/Bee/artifacts/2400b0aP.dag/Unity.Entities.Hybrid.HybridComponents.dll, with 120 defines and 187 references
[40m[32minfo[39m[22m[49m: Unity.ILPP.Runner.PostProcessingPipeline[0]
      processors: Unity.Entities.CodeGen.EntitiesILPostProcessors, Unity.Jobs.CodeGen.JobsILPostProcessor, zzzUnity.Burst.CodeGen.BurstILPostProcessor
[40m[32minfo[39m[22m[49m: Unity.ILPP.Runner.PostProcessingPipeline[0]
      Processing assembly Library/Bee/artifacts/2400b0aP.dag/Unity.Entities.UI.dll, with 113 defines and 183 references
[40m[32minfo[39m[22m[49m: Unity.ILPP.Runner.PostProcessingPipeline[0]
      processors: Unity.Entities.CodeGen.EntitiesILPostProcessors, Unity.Jobs.CodeGen.JobsILPostProcessor, zzzUnity.Burst.CodeGen.BurstILPostProcessor
[40m[32minfo[39m[22m[49m: Unity.ILPP.Runner.PostProcessingPipeline[0]
      running Unity.Entities.CodeGen.EntitiesILPostProcessors
[40m[32minfo[39m[22m[49m: Unity.ILPP.Runner.PostProcessingPipeline[0]
      running Unity.Entities.CodeGen.EntitiesILPostProcessors
[40m[32minfo[39m[22m[49m: Unity.ILPP.Runner.PostProcessingPipeline[0]
      running Unity.Jobs.CodeGen.JobsILPostProcessor
[40m[32minfo[39m[22m[49m: Unity.ILPP.Runner.PostProcessingPipeline[0]
      running zzzUnity.Burst.CodeGen.BurstILPostProcessor
[40m[32minfo[39m[22m[49m: Unity.ILPP.Runner.PostProcessingPipeline[0]
      running zzzUnity.Burst.CodeGen.BurstILPostProcessor
[40m[32minfo[39m[22m[49m: Microsoft.AspNetCore.Routing.EndpointMiddleware[1]
      Executed endpoint 'gRPC - /UnityILPP.PostProcessing/PostProcessAssembly'
[40m[32minfo[39m[22m[49m: Microsoft.AspNetCore.Hosting.Diagnostics[2]
      Request finished HTTP/2 POST http://ilpp/UnityILPP.PostProcessing/PostProcessAssembly application/grpc - - 200 - application/grpc 6.7700ms
[40m[32minfo[39m[22m[49m: Unity.ILPP.Runner.PostProcessingPipeline[0]
      running zzzUnity.Burst.CodeGen.BurstILPostProcessor
  - EILPP : Unity.Entities.Hybrid.HybridComponents : : 220ms (~57ms)
    - EILPP : Unity.Entities.Hybrid.HybridComponents : StaticTypeRegistryPostProcessor: 8ms 
    - EILPP : Unity.Entities.Hybrid.HybridComponents : WriteAssembly: 155ms 
[40m[32minfo[39m[22m[49m: Unity.ILPP.Runner.PostProcessingPipeline[0]
      running Unity.Jobs.CodeGen.JobsILPostProcessor
[40m[32minfo[39m[22m[49m: Microsoft.AspNetCore.Hosting.Diagnostics[1]
      Request starting HTTP/2 POST http://ilpp/UnityILPP.PostProcessing/PostProcessAssembly application/grpc -
[40m[32minfo[39m[22m[49m: Microsoft.AspNetCore.Routing.EndpointMiddleware[0]
      Executing endpoint 'gRPC - /UnityILPP.PostProcessing/PostProcessAssembly'
[40m[32minfo[39m[22m[49m: Unity.ILPP.Runner.PostProcessingPipeline[0]
      Processing assembly Library/Bee/artifacts/2400b0aP.dag/GameCore.Rules.Narrative.dll, with 113 defines and 128 references
[40m[32minfo[39m[22m[49m: Unity.ILPP.Runner.PostProcessingPipeline[0]
      processors: Unity.Entities.CodeGen.EntitiesILPostProcessors, Unity.Jobs.CodeGen.JobsILPostProcessor, zzzUnity.Burst.CodeGen.BurstILPostProcessor
[40m[32minfo[39m[22m[49m: Unity.ILPP.Runner.PostProcessingPipeline[0]
      running Unity.Entities.CodeGen.EntitiesILPostProcessors
[40m[32minfo[39m[22m[49m: Unity.ILPP.Runner.PostProcessingPipeline[0]
      running Unity.Jobs.CodeGen.JobsILPostProcessor
[40m[32minfo[39m[22m[49m: Unity.ILPP.Runner.PostProcessingPipeline[0]
      running zzzUnity.Burst.CodeGen.BurstILPostProcessor
[40m[32minfo[39m[22m[49m: Microsoft.AspNetCore.Routing.EndpointMiddleware[1]
      Executed endpoint 'gRPC - /UnityILPP.PostProcessing/PostProcessAssembly'
[40m[32minfo[39m[22m[49m: Microsoft.AspNetCore.Hosting.Diagnostics[2]
      Request finished HTTP/2 POST http://ilpp/UnityILPP.PostProcessing/PostProcessAssembly application/grpc - - 200 - application/grpc 1.1451ms
[40m[32minfo[39m[22m[49m: Unity.ILPP.Runner.PostProcessingPipeline[0]
      running zzzUnity.Burst.CodeGen.BurstILPostProcessor
[40m[32minfo[39m[22m[49m: Microsoft.AspNetCore.Routing.EndpointMiddleware[1]
      Executed endpoint 'gRPC - /UnityILPP.PostProcessing/PostProcessAssembly'
[40m[32minfo[39m[22m[49m: Microsoft.AspNetCore.Hosting.Diagnostics[2]
      Request finished HTTP/2 POST http://ilpp/UnityILPP.PostProcessing/PostProcessAssembly application/grpc - - 200 - application/grpc 231.1708ms
[40m[32minfo[39m[22m[49m: Microsoft.AspNetCore.Routing.EndpointMiddleware[1]
      Executed endpoint 'gRPC - /UnityILPP.PostProcessing/PostProcessAssembly'
[40m[32minfo[39m[22m[49m: Microsoft.AspNetCore.Hosting.Diagnostics[2]
      Request finished HTTP/2 POST http://ilpp/UnityILPP.PostProcessing/PostProcessAssembly application/grpc - - 200 - application/grpc 613.0758ms
[40m[32minfo[39m[22m[49m: Microsoft.AspNetCore.Hosting.Diagnostics[1]
      Request starting HTTP/2 POST http://ilpp/UnityILPP.PostProcessing/PostProcessAssembly application/grpc -
[40m[32minfo[39m[22m[49m: Microsoft.AspNetCore.Routing.EndpointMiddleware[0]
      Executing endpoint 'gRPC - /UnityILPP.PostProcessing/PostProcessAssembly'
[40m[32minfo[39m[22m[49m: Unity.ILPP.Runner.PostProcessingPipeline[0]
      Processing assembly Library/Bee/artifacts/2400b0aP.dag/GameCore.Derivation.dll, with 113 defines and 128 references
[40m[32minfo[39m[22m[49m: Unity.ILPP.Runner.PostProcessingPipeline[0]
      processors: Unity.Entities.CodeGen.EntitiesILPostProcessors, Unity.Jobs.CodeGen.JobsILPostProcessor, zzzUnity.Burst.CodeGen.BurstILPostProcessor
[40m[32minfo[39m[22m[49m: Unity.ILPP.Runner.PostProcessingPipeline[0]
      running Unity.Entities.CodeGen.EntitiesILPostProcessors
[40m[32minfo[39m[22m[49m: Unity.ILPP.Runner.PostProcessingPipeline[0]
      running Unity.Jobs.CodeGen.JobsILPostProcessor
[40m[32minfo[39m[22m[49m: Unity.ILPP.Runner.PostProcessingPipeline[0]
      running zzzUnity.Burst.CodeGen.BurstILPostProcessor
[40m[32minfo[39m[22m[49m: Microsoft.AspNetCore.Routing.EndpointMiddleware[1]
      Executed endpoint 'gRPC - /UnityILPP.PostProcessing/PostProcessAssembly'
[40m[32minfo[39m[22m[49m: Microsoft.AspNetCore.Hosting.Diagnostics[2]
      Request finished HTTP/2 POST http://ilpp/UnityILPP.PostProcessing/PostProcessAssembly application/grpc - - 200 - application/grpc 1.3538ms
[40m[32minfo[39m[22m[49m: Microsoft.AspNetCore.Hosting.Diagnostics[1]
      Request starting HTTP/2 POST http://ilpp/UnityILPP.PostProcessing/PostProcessAssembly application/grpc -
[40m[32minfo[39m[22m[49m: Microsoft.AspNetCore.Routing.EndpointMiddleware[0]
      Executing endpoint 'gRPC - /UnityILPP.PostProcessing/PostProcessAssembly'
[40m[32minfo[39m[22m[49m: Unity.ILPP.Runner.PostProcessingPipeline[0]
      Processing assembly Library/Bee/artifacts/2400b0aP.dag/Hollowmere.World.Generated.dll, with 113 defines and 185 references
[40m[32minfo[39m[22m[49m: Unity.ILPP.Runner.PostProcessingPipeline[0]
      processors: Unity.Entities.CodeGen.EntitiesILPostProcessors, Unity.Jobs.CodeGen.JobsILPostProcessor, zzzUnity.Burst.CodeGen.BurstILPostProcessor
[40m[32minfo[39m[22m[49m: Unity.ILPP.Runner.PostProcessingPipeline[0]
      running Unity.Entities.CodeGen.EntitiesILPostProcessors
[40m[32minfo[39m[22m[49m: Unity.ILPP.Runner.PostProcessingPipeline[0]
      running Unity.Jobs.CodeGen.JobsILPostProcessor
[40m[32minfo[39m[22m[49m: Unity.ILPP.Runner.PostProcessingPipeline[0]
      running zzzUnity.Burst.CodeGen.BurstILPostProcessor
[40m[32minfo[39m[22m[49m: Microsoft.AspNetCore.Routing.EndpointMiddleware[1]
      Executed endpoint 'gRPC - /UnityILPP.PostProcessing/PostProcessAssembly'
[40m[32minfo[39m[22m[49m: Microsoft.AspNetCore.Hosting.Diagnostics[2]
      Request finished HTTP/2 POST http://ilpp/UnityILPP.PostProcessing/PostProcessAssembly application/grpc - - 200 - application/grpc 1.1006ms
[40m[32minfo[39m[22m[49m: Microsoft.AspNetCore.Hosting.Diagnostics[1]
      Request starting HTTP/2 POST http://ilpp/UnityILPP.PostProcessing/PostProcessAssembly application/grpc -
[40m[32minfo[39m[22m[49m: Microsoft.AspNetCore.Routing.EndpointMiddleware[0]
      Executing endpoint 'gRPC - /UnityILPP.PostProcessing/PostProcessAssembly'
[40m[32minfo[39m[22m[49m: Unity.ILPP.Runner.PostProcessingPipeline[0]
      Processing assembly Library/Bee/artifacts/2400b0aP.dag/GameCore.Planning.dll, with 113 defines and 128 references
[40m[32minfo[39m[22m[49m: Unity.ILPP.Runner.PostProcessingPipeline[0]
      processors: Unity.Entities.CodeGen.EntitiesILPostProcessors, Unity.Jobs.CodeGen.JobsILPostProcessor, zzzUnity.Burst.CodeGen.BurstILPostProcessor
[40m[32minfo[39m[22m[49m: Unity.ILPP.Runner.PostProcessingPipeline[0]
      running Unity.Entities.CodeGen.EntitiesILPostProcessors
[40m[32minfo[39m[22m[49m: Unity.ILPP.Runner.PostProcessingPipeline[0]
      running Unity.Jobs.CodeGen.JobsILPostProcessor
[40m[32minfo[39m[22m[49m: Unity.ILPP.Runner.PostProcessingPipeline[0]
      running zzzUnity.Burst.CodeGen.BurstILPostProcessor
[40m[32minfo[39m[22m[49m: Microsoft.AspNetCore.Routing.EndpointMiddleware[1]
      Executed endpoint 'gRPC - /UnityILPP.PostProcessing/PostProcessAssembly'
[40m[32minfo[39m[22m[49m: Microsoft.AspNetCore.Hosting.Diagnostics[2]
      Request finished HTTP/2 POST http://ilpp/UnityILPP.PostProcessing/PostProcessAssembly application/grpc - - 200 - application/grpc 1.1460ms
[40m[32minfo[39m[22m[49m: Microsoft.AspNetCore.Routing.EndpointMiddleware[1]
      Executed endpoint 'gRPC - /UnityILPP.PostProcessing/PostProcessAssembly'
[40m[32minfo[39m[22m[49m: Microsoft.AspNetCore.Hosting.Diagnostics[2]
      Request finished HTTP/2 POST http://ilpp/UnityILPP.PostProcessing/PostProcessAssembly application/grpc - - 200 - application/grpc 673.8515ms
[40m[32minfo[39m[22m[49m: Microsoft.AspNetCore.Hosting.Diagnostics[1]
      Request starting HTTP/2 POST http://ilpp/UnityILPP.PostProcessing/PostProcessAssembly application/grpc -
[40m[32minfo[39m[22m[49m: Microsoft.AspNetCore.Hosting.Diagnostics[1]
      Request starting HTTP/2 POST http://ilpp/UnityILPP.PostProcessing/PostProcessAssembly application/grpc -
[40m[32minfo[39m[22m[49m: Microsoft.AspNetCore.Routing.EndpointMiddleware[0]
      Executing endpoint 'gRPC - /UnityILPP.PostProcessing/PostProcessAssembly'
[40m[32minfo[39m[22m[49m: Microsoft.AspNetCore.Routing.EndpointMiddleware[0]
      Executing endpoint 'gRPC - /UnityILPP.PostProcessing/PostProcessAssembly'
[40m[32minfo[39m[22m[49m: Unity.ILPP.Runner.PostProcessingPipeline[0]
      Processing assembly Library/Bee/artifacts/2400b0aP.dag/GameCore.Rules.Cards.dll, with 113 defines and 128 references
[40m[32minfo[39m[22m[49m: Unity.ILPP.Runner.PostProcessingPipeline[0]
      Processing assembly Library/Bee/artifacts/2400b0aP.dag/GameCore.Composition.dll, with 113 defines and 128 references
[40m[32minfo[39m[22m[49m: Unity.ILPP.Runner.PostProcessingPipeline[0]
      processors: Unity.Entities.CodeGen.EntitiesILPostProcessors, Unity.Jobs.CodeGen.JobsILPostProcessor, zzzUnity.Burst.CodeGen.BurstILPostProcessor
[40m[32minfo[39m[22m[49m: Unity.ILPP.Runner.PostProcessingPipeline[0]
      processors: Unity.Entities.CodeGen.EntitiesILPostProcessors, Unity.Jobs.CodeGen.JobsILPostProcessor, zzzUnity.Burst.CodeGen.BurstILPostProcessor
[40m[32minfo[39m[22m[49m: Unity.ILPP.Runner.PostProcessingPipeline[0]
      running Unity.Entities.CodeGen.EntitiesILPostProcessors
[40m[32minfo[39m[22m[49m: Unity.ILPP.Runner.PostProcessingPipeline[0]
      running Unity.Jobs.CodeGen.JobsILPostProcessor
[40m[32minfo[39m[22m[49m: Unity.ILPP.Runner.PostProcessingPipeline[0]
      running zzzUnity.Burst.CodeGen.BurstILPostProcessor
[40m[32minfo[39m[22m[49m: Unity.ILPP.Runner.PostProcessingPipeline[0]
      running Unity.Entities.CodeGen.EntitiesILPostProcessors
[40m[32minfo[39m[22m[49m: Unity.ILPP.Runner.PostProcessingPipeline[0]
      running Unity.Jobs.CodeGen.JobsILPostProcessor
[40m[32minfo[39m[22m[49m: Unity.ILPP.Runner.PostProcessingPipeline[0]
      running zzzUnity.Burst.CodeGen.BurstILPostProcessor
[40m[32minfo[39m[22m[49m: Microsoft.AspNetCore.Routing.EndpointMiddleware[1]
      Executed endpoint 'gRPC - /UnityILPP.PostProcessing/PostProcessAssembly'
[40m[32minfo[39m[22m[49m: Microsoft.AspNetCore.Hosting.Diagnostics[2]
      Request finished HTTP/2 POST http://ilpp/UnityILPP.PostProcessing/PostProcessAssembly application/grpc - - 200 - application/grpc 0.9575ms
[40m[32minfo[39m[22m[49m: Microsoft.AspNetCore.Routing.EndpointMiddleware[1]
      Executed endpoint 'gRPC - /UnityILPP.PostProcessing/PostProcessAssembly'
[40m[32minfo[39m[22m[49m: Microsoft.AspNetCore.Hosting.Diagnostics[2]
      Request finished HTTP/2 POST http://ilpp/UnityILPP.PostProcessing/PostProcessAssembly application/grpc - - 200 - application/grpc 3.7457ms
[40m[32minfo[39m[22m[49m: Microsoft.AspNetCore.Hosting.Diagnostics[1]
      Request starting HTTP/2 POST http://ilpp/UnityILPP.PostProcessing/PostProcessAssembly application/grpc -
[40m[32minfo[39m[22m[49m: Microsoft.AspNetCore.Routing.EndpointMiddleware[0]
      Executing endpoint 'gRPC - /UnityILPP.PostProcessing/PostProcessAssembly'
[40m[32minfo[39m[22m[49m: Unity.ILPP.Runner.PostProcessingPipeline[0]
      Processing assembly Library/Bee/artifacts/2400b0aP.dag/GameCore.Rules.Traversal.dll, with 113 defines and 128 references
[40m[32minfo[39m[22m[49m: Unity.ILPP.Runner.PostProcessingPipeline[0]
      processors: Unity.Entities.CodeGen.EntitiesILPostProcessors, Unity.Jobs.CodeGen.JobsILPostProcessor, zzzUnity.Burst.CodeGen.BurstILPostProcessor
[40m[32minfo[39m[22m[49m: Unity.ILPP.Runner.PostProcessingPipeline[0]
      running Unity.Entities.CodeGen.EntitiesILPostProcessors
[40m[32minfo[39m[22m[49m: Unity.ILPP.Runner.PostProcessingPipeline[0]
      running Unity.Jobs.CodeGen.JobsILPostProcessor
[40m[32minfo[39m[22m[49m: Unity.ILPP.Runner.PostProcessingPipeline[0]
      running zzzUnity.Burst.CodeGen.BurstILPostProcessor
[40m[32minfo[39m[22m[49m: Microsoft.AspNetCore.Routing.EndpointMiddleware[1]
      Executed endpoint 'gRPC - /UnityILPP.PostProcessing/PostProcessAssembly'
[40m[32minfo[39m[22m[49m: Microsoft.AspNetCore.Hosting.Diagnostics[2]
      Request finished HTTP/2 POST http://ilpp/UnityILPP.PostProcessing/PostProcessAssembly application/grpc - - 200 - application/grpc 1.0229ms
[40m[32minfo[39m[22m[49m: Unity.ILPP.Runner.PostProcessingPipeline[0]
      running zzzUnity.Burst.CodeGen.BurstILPostProcessor
[40m[32minfo[39m[22m[49m: Microsoft.AspNetCore.Hosting.Diagnostics[1]
      Request starting HTTP/2 POST http://ilpp/UnityILPP.PostProcessing/PostProcessAssembly application/grpc -
[40m[32minfo[39m[22m[49m: Microsoft.AspNetCore.Routing.EndpointMiddleware[0]
      Executing endpoint 'gRPC - /UnityILPP.PostProcessing/PostProcessAssembly'
[40m[32minfo[39m[22m[49m: Unity.ILPP.Runner.PostProcessingPipeline[0]
      Processing assembly Library/Bee/artifacts/2400b0aP.dag/GameCore.Derivation.Fixtures.dll, with 113 defines and 129 references
[40m[32minfo[39m[22m[49m: Unity.ILPP.Runner.PostProcessingPipeline[0]
      processors: Unity.Entities.CodeGen.EntitiesILPostProcessors, Unity.Jobs.CodeGen.JobsILPostProcessor, zzzUnity.Burst.CodeGen.BurstILPostProcessor
[40m[32minfo[39m[22m[49m: Unity.ILPP.Runner.PostProcessingPipeline[0]
      running Unity.Entities.CodeGen.EntitiesILPostProcessors
[40m[32minfo[39m[22m[49m: Unity.ILPP.Runner.PostProcessingPipeline[0]
      running Unity.Jobs.CodeGen.JobsILPostProcessor
[40m[32minfo[39m[22m[49m: Unity.ILPP.Runner.PostProcessingPipeline[0]
      running zzzUnity.Burst.CodeGen.BurstILPostProcessor
[40m[32minfo[39m[22m[49m: Microsoft.AspNetCore.Routing.EndpointMiddleware[1]
      Executed endpoint 'gRPC - /UnityILPP.PostProcessing/PostProcessAssembly'
[40m[32minfo[39m[22m[49m: Microsoft.AspNetCore.Hosting.Diagnostics[2]
      Request finished HTTP/2 POST http://ilpp/UnityILPP.PostProcessing/PostProcessAssembly application/grpc - - 200 - application/grpc 0.7017ms
[40m[32minfo[39m[22m[49m: Microsoft.AspNetCore.Routing.EndpointMiddleware[1]
      Executed endpoint 'gRPC - /UnityILPP.PostProcessing/PostProcessAssembly'
[40m[32minfo[39m[22m[49m: Microsoft.AspNetCore.Hosting.Diagnostics[2]
      Request finished HTTP/2 POST http://ilpp/UnityILPP.PostProcessing/PostProcessAssembly application/grpc - - 200 - application/grpc 2014.9195ms
[40m[32minfo[39m[22m[49m: Microsoft.AspNetCore.Hosting.Diagnostics[1]
      Request starting HTTP/2 POST http://ilpp/UnityILPP.PostProcessing/PostProcessAssembly application/grpc -
[40m[32minfo[39m[22m[49m: Microsoft.AspNetCore.Routing.EndpointMiddleware[0]
      Executing endpoint 'gRPC - /UnityILPP.PostProcessing/PostProcessAssembly'
[40m[32minfo[39m[22m[49m: Unity.ILPP.Runner.PostProcessingPipeline[0]
      Processing assembly Library/Bee/artifacts/2400b0aP.dag/GameCore.Unity.Runtime.dll, with 113 defines and 190 references
[40m[32minfo[39m[22m[49m: Unity.ILPP.Runner.PostProcessingPipeline[0]
      processors: Unity.Entities.CodeGen.EntitiesILPostProcessors, Unity.Jobs.CodeGen.JobsILPostProcessor, zzzUnity.Burst.CodeGen.BurstILPostProcessor
[40m[32minfo[39m[22m[49m: Unity.ILPP.Runner.PostProcessingPipeline[0]
      running Unity.Entities.CodeGen.EntitiesILPostProcessors
  - EILPP : GameCore.Unity.Runtime : : 151ms (~36ms)
    - EILPP : GameCore.Unity.Runtime : ComponentDataPP: 6ms 
    - EILPP : GameCore.Unity.Runtime : StaticTypeRegistryPostProcessor: 2ms 
    - EILPP : GameCore.Unity.Runtime : WriteAssembly: 107ms 
[40m[32minfo[39m[22m[49m: Unity.ILPP.Runner.PostProcessingPipeline[0]
      running Unity.Jobs.CodeGen.JobsILPostProcessor
[40m[32minfo[39m[22m[49m: Unity.ILPP.Runner.PostProcessingPipeline[0]
      running zzzUnity.Burst.CodeGen.BurstILPostProcessor
[40m[32minfo[39m[22m[49m: Microsoft.AspNetCore.Routing.EndpointMiddleware[1]
      Executed endpoint 'gRPC - /UnityILPP.PostProcessing/PostProcessAssembly'
[40m[32minfo[39m[22m[49m: Microsoft.AspNetCore.Hosting.Diagnostics[2]
      Request finished HTTP/2 POST http://ilpp/UnityILPP.PostProcessing/PostProcessAssembly application/grpc - - 200 - application/grpc 195.4089ms
[40m[32minfo[39m[22m[49m: Microsoft.AspNetCore.Hosting.Diagnostics[1]
      Request starting HTTP/2 POST http://ilpp/UnityILPP.PostProcessing/PostProcessAssembly application/grpc -
[40m[32minfo[39m[22m[49m: Microsoft.AspNetCore.Routing.EndpointMiddleware[0]
      Executing endpoint 'gRPC - /UnityILPP.PostProcessing/PostProcessAssembly'
[40m[32minfo[39m[22m[49m: Unity.ILPP.Runner.PostProcessingPipeline[0]
      Processing assembly Library/Bee/artifacts/2400b0aP.dag/Hollowmere.Checkpoint.dll, with 113 defines and 185 references
[40m[32minfo[39m[22m[49m: Unity.ILPP.Runner.PostProcessingPipeline[0]
      processors: Unity.Entities.CodeGen.EntitiesILPostProcessors, Unity.Jobs.CodeGen.JobsILPostProcessor, zzzUnity.Burst.CodeGen.BurstILPostProcessor
[40m[32minfo[39m[22m[49m: Unity.ILPP.Runner.PostProcessingPipeline[0]
      running Unity.Entities.CodeGen.EntitiesILPostProcessors
[40m[32minfo[39m[22m[49m: Unity.ILPP.Runner.PostProcessingPipeline[0]
      running Unity.Jobs.CodeGen.JobsILPostProcessor
[40m[32minfo[39m[22m[49m: Unity.ILPP.Runner.PostProcessingPipeline[0]
      running zzzUnity.Burst.CodeGen.BurstILPostProcessor
[40m[32minfo[39m[22m[49m: Microsoft.AspNetCore.Routing.EndpointMiddleware[1]
      Executed endpoint 'gRPC - /UnityILPP.PostProcessing/PostProcessAssembly'
[40m[32minfo[39m[22m[49m: Microsoft.AspNetCore.Hosting.Diagnostics[2]
      Request finished HTTP/2 POST http://ilpp/UnityILPP.PostProcessing/PostProcessAssembly application/grpc - - 200 - application/grpc 0.9113ms
[40m[32minfo[39m[22m[49m: Microsoft.AspNetCore.Hosting.Diagnostics[1]
      Request starting HTTP/2 POST http://ilpp/UnityILPP.PostProcessing/PostProcessAssembly application/grpc -
[40m[32minfo[39m[22m[49m: Microsoft.AspNetCore.Routing.EndpointMiddleware[0]
      Executing endpoint 'gRPC - /UnityILPP.PostProcessing/PostProcessAssembly'
[40m[32minfo[39m[22m[49m: Unity.ILPP.Runner.PostProcessingPipeline[0]
      Processing assembly Library/Bee/artifacts/2400b0aP.dag/GameCore.Gameplay.Narrative.dll, with 113 defines and 190 references
[40m[32minfo[39m[22m[49m: Unity.ILPP.Runner.PostProcessingPipeline[0]
      processors: Unity.Entities.CodeGen.EntitiesILPostProcessors, Unity.Jobs.CodeGen.JobsILPostProcessor, zzzUnity.Burst.CodeGen.BurstILPostProcessor
[40m[32minfo[39m[22m[49m: Unity.ILPP.Runner.PostProcessingPipeline[0]
      running Unity.Entities.CodeGen.EntitiesILPostProcessors
[40m[32minfo[39m[22m[49m: Microsoft.AspNetCore.Hosting.Diagnostics[1]
      Request starting HTTP/2 POST http://ilpp/UnityILPP.PostProcessing/PostProcessAssembly application/grpc -
[40m[32minfo[39m[22m[49m: Microsoft.AspNetCore.Routing.EndpointMiddleware[0]
      Executing endpoint 'gRPC - /UnityILPP.PostProcessing/PostProcessAssembly'
[40m[32minfo[39m[22m[49m: Unity.ILPP.Runner.PostProcessingPipeline[0]
      Processing assembly Library/Bee/artifacts/2400b0aP.dag/GameCore.Gameplay.Cards.dll, with 113 defines and 191 references
[40m[32minfo[39m[22m[49m: Unity.ILPP.Runner.PostProcessingPipeline[0]
      processors: Unity.Entities.CodeGen.EntitiesILPostProcessors, Unity.Jobs.CodeGen.JobsILPostProcessor, zzzUnity.Burst.CodeGen.BurstILPostProcessor
[40m[32minfo[39m[22m[49m: Unity.ILPP.Runner.PostProcessingPipeline[0]
      running Unity.Entities.CodeGen.EntitiesILPostProcessors
[40m[32minfo[39m[22m[49m: Microsoft.AspNetCore.Hosting.Diagnostics[1]
      Request starting HTTP/2 POST http://ilpp/UnityILPP.PostProcessing/PostProcessAssembly application/grpc -
[40m[32minfo[39m[22m[49m: Microsoft.AspNetCore.Routing.EndpointMiddleware[0]
      Executing endpoint 'gRPC - /UnityILPP.PostProcessing/PostProcessAssembly'
[40m[32minfo[39m[22m[49m: Unity.ILPP.Runner.PostProcessingPipeline[0]
      Processing assembly Library/Bee/artifacts/2400b0aP.dag/GameCore.Unity.Adapters.dll, with 113 defines and 188 references
[40m[32minfo[39m[22m[49m: Unity.ILPP.Runner.PostProcessingPipeline[0]
      processors: Unity.Entities.CodeGen.EntitiesILPostProcessors, Unity.Jobs.CodeGen.JobsILPostProcessor, zzzUnity.Burst.CodeGen.BurstILPostProcessor
[40m[32minfo[39m[22m[49m: Unity.ILPP.Runner.PostProcessingPipeline[0]
      running Unity.Entities.CodeGen.EntitiesILPostProcessors
  - EILPP : GameCore.Gameplay.Narrative : : 8ms (~7ms)
    - EILPP : GameCore.Gameplay.Narrative : WriteAssembly: 1ms 
[40m[32minfo[39m[22m[49m: Unity.ILPP.Runner.PostProcessingPipeline[0]
      running Unity.Jobs.CodeGen.JobsILPostProcessor
  - EILPP : GameCore.Unity.Adapters : : 8ms (~8ms)
[40m[32minfo[39m[22m[49m: Unity.ILPP.Runner.PostProcessingPipeline[0]
      running Unity.Jobs.CodeGen.JobsILPostProcessor
[40m[32minfo[39m[22m[49m: Unity.ILPP.Runner.PostProcessingPipeline[0]
      running zzzUnity.Burst.CodeGen.BurstILPostProcessor
[40m[32minfo[39m[22m[49m: Microsoft.AspNetCore.Routing.EndpointMiddleware[1]
      Executed endpoint 'gRPC - /UnityILPP.PostProcessing/PostProcessAssembly'
[40m[32minfo[39m[22m[49m: Microsoft.AspNetCore.Hosting.Diagnostics[2]
      Request finished HTTP/2 POST http://ilpp/UnityILPP.PostProcessing/PostProcessAssembly application/grpc - - 200 - application/grpc 23.7095ms
[40m[32minfo[39m[22m[49m: Unity.ILPP.Runner.PostProcessingPipeline[0]
      running zzzUnity.Burst.CodeGen.BurstILPostProcessor
[40m[32minfo[39m[22m[49m: Microsoft.AspNetCore.Routing.EndpointMiddleware[1]
      Executed endpoint 'gRPC - /UnityILPP.PostProcessing/PostProcessAssembly'
[40m[32minfo[39m[22m[49m: Microsoft.AspNetCore.Hosting.Diagnostics[2]
      Request finished HTTP/2 POST http://ilpp/UnityILPP.PostProcessing/PostProcessAssembly application/grpc - - 200 - application/grpc 30.5348ms
  - EILPP : GameCore.Gameplay.Cards : : 36ms (~8ms)
    - EILPP : GameCore.Gameplay.Cards : ComponentDataPP: 1ms 
    - EILPP : GameCore.Gameplay.Cards : StaticTypeRegistryPostProcessor: 20ms 
    - EILPP : GameCore.Gameplay.Cards : WriteAssembly: 7ms 
[40m[32minfo[39m[22m[49m: Unity.ILPP.Runner.PostProcessingPipeline[0]
      running Unity.Jobs.CodeGen.JobsILPostProcessor
[40m[32minfo[39m[22m[49m: Unity.ILPP.Runner.PostProcessingPipeline[0]
      running zzzUnity.Burst.CodeGen.BurstILPostProcessor
[40m[32minfo[39m[22m[49m: Microsoft.AspNetCore.Routing.EndpointMiddleware[1]
      Executed endpoint 'gRPC - /UnityILPP.PostProcessing/PostProcessAssembly'
[40m[32minfo[39m[22m[49m: Microsoft.AspNetCore.Hosting.Diagnostics[2]
      Request finished HTTP/2 POST http://ilpp/UnityILPP.PostProcessing/PostProcessAssembly application/grpc - - 200 - application/grpc 43.2813ms
[40m[32minfo[39m[22m[49m: Microsoft.AspNetCore.Hosting.Diagnostics[1]
      Request starting HTTP/2 POST http://ilpp/UnityILPP.PostProcessing/PostProcessAssembly application/grpc -
[40m[32minfo[39m[22m[49m: Microsoft.AspNetCore.Routing.EndpointMiddleware[0]
      Executing endpoint 'gRPC - /UnityILPP.PostProcessing/PostProcessAssembly'
[40m[32minfo[39m[22m[49m: Unity.ILPP.Runner.PostProcessingPipeline[0]
      Processing assembly Library/Bee/artifacts/2400b0aP.dag/GameCore.Unity.Adapters.Fixtures.dll, with 113 defines and 131 references
[40m[32minfo[39m[22m[49m: Unity.ILPP.Runner.PostProcessingPipeline[0]
      processors: Unity.Entities.CodeGen.EntitiesILPostProcessors, Unity.Jobs.CodeGen.JobsILPostProcessor, zzzUnity.Burst.CodeGen.BurstILPostProcessor
[40m[32minfo[39m[22m[49m: Unity.ILPP.Runner.PostProcessingPipeline[0]
      running Unity.Entities.CodeGen.EntitiesILPostProcessors
[40m[32minfo[39m[22m[49m: Unity.ILPP.Runner.PostProcessingPipeline[0]
      running Unity.Jobs.CodeGen.JobsILPostProcessor
[40m[32minfo[39m[22m[49m: Unity.ILPP.Runner.PostProcessingPipeline[0]
      running zzzUnity.Burst.CodeGen.BurstILPostProcessor
[40m[32minfo[39m[22m[49m: Microsoft.AspNetCore.Routing.EndpointMiddleware[1]
      Executed endpoint 'gRPC - /UnityILPP.PostProcessing/PostProcessAssembly'
[40m[32minfo[39m[22m[49m: Microsoft.AspNetCore.Hosting.Diagnostics[2]
      Request finished HTTP/2 POST http://ilpp/UnityILPP.PostProcessing/PostProcessAssembly application/grpc - - 200 - application/grpc 0.6735ms
[40m[32minfo[39m[22m[49m: Microsoft.AspNetCore.Hosting.Diagnostics[1]
      Request starting HTTP/2 POST http://ilpp/UnityILPP.PostProcessing/PostProcessAssembly application/grpc -
[40m[32minfo[39m[22m[49m: Microsoft.AspNetCore.Routing.EndpointMiddleware[0]
      Executing endpoint 'gRPC - /UnityILPP.PostProcessing/PostProcessAssembly'
[40m[32minfo[39m[22m[49m: Unity.ILPP.Runner.PostProcessingPipeline[0]
      Processing assembly Library/Bee/artifacts/2400b0aP.dag/GameCore.Gameplay.Integration.dll, with 113 defines and 191 references
[40m[32minfo[39m[22m[49m: Unity.ILPP.Runner.PostProcessingPipeline[0]
      processors: Unity.Entities.CodeGen.EntitiesILPostProcessors, Unity.Jobs.CodeGen.JobsILPostProcessor, zzzUnity.Burst.CodeGen.BurstILPostProcessor
[40m[32minfo[39m[22m[49m: Unity.ILPP.Runner.PostProcessingPipeline[0]
      running Unity.Entities.CodeGen.EntitiesILPostProcessors
  - EILPP : GameCore.Gameplay.Integration : : 25ms (~22ms)
    - EILPP : GameCore.Gameplay.Integration : ComponentDataPP: 3ms 
[40m[32minfo[39m[22m[49m: Unity.ILPP.Runner.PostProcessingPipeline[0]
      running Unity.Jobs.CodeGen.JobsILPostProcessor
[40m[32minfo[39m[22m[49m: Unity.ILPP.Runner.PostProcessingPipeline[0]
      running zzzUnity.Burst.CodeGen.BurstILPostProcessor
[40m[32minfo[39m[22m[49m: Microsoft.AspNetCore.Routing.EndpointMiddleware[1]
      Executed endpoint 'gRPC - /UnityILPP.PostProcessing/PostProcessAssembly'
[40m[32minfo[39m[22m[49m: Microsoft.AspNetCore.Hosting.Diagnostics[2]
      Request finished HTTP/2 POST http://ilpp/UnityILPP.PostProcessing/PostProcessAssembly application/grpc - - 200 - application/grpc 33.2007ms
[40m[32minfo[39m[22m[49m: Microsoft.AspNetCore.Hosting.Diagnostics[1]
      Request starting HTTP/2 POST http://ilpp/UnityILPP.PostProcessing/PostProcessAssembly application/grpc -
[40m[32minfo[39m[22m[49m: Microsoft.AspNetCore.Routing.EndpointMiddleware[0]
      Executing endpoint 'gRPC - /UnityILPP.PostProcessing/PostProcessAssembly'
[40m[32minfo[39m[22m[49m: Unity.ILPP.Runner.PostProcessingPipeline[0]
      Processing assembly Library/Bee/artifacts/2400b0aP.dag/GameCore.Gameplay.Entities.dll, with 113 defines and 189 references
[40m[32minfo[39m[22m[49m: Unity.ILPP.Runner.PostProcessingPipeline[0]
      processors: Unity.Entities.CodeGen.EntitiesILPostProcessors, Unity.Jobs.CodeGen.JobsILPostProcessor, zzzUnity.Burst.CodeGen.BurstILPostProcessor
[40m[32minfo[39m[22m[49m: Unity.ILPP.Runner.PostProcessingPipeline[0]
      running Unity.Entities.CodeGen.EntitiesILPostProcessors
  - EILPP : GameCore.Gameplay.Entities : : 22ms (~11ms)
    - EILPP : GameCore.Gameplay.Entities : ComponentDataPP: 1ms 
    - EILPP : GameCore.Gameplay.Entities : StaticTypeRegistryPostProcessor: 2ms 
    - EILPP : GameCore.Gameplay.Entities : WriteAssembly: 8ms 
[40m[32minfo[39m[22m[49m: Unity.ILPP.Runner.PostProcessingPipeline[0]
      running Unity.Jobs.CodeGen.JobsILPostProcessor
[40m[32minfo[39m[22m[49m: Unity.ILPP.Runner.PostProcessingPipeline[0]
      running zzzUnity.Burst.CodeGen.BurstILPostProcessor
[40m[32minfo[39m[22m[49m: Microsoft.AspNetCore.Routing.EndpointMiddleware[1]
      Executed endpoint 'gRPC - /UnityILPP.PostProcessing/PostProcessAssembly'
[40m[32minfo[39m[22m[49m: Microsoft.AspNetCore.Hosting.Diagnostics[2]
      Request finished HTTP/2 POST http://ilpp/UnityILPP.PostProcessing/PostProcessAssembly application/grpc - - 200 - application/grpc 31.6913ms
[40m[32minfo[39m[22m[49m: Microsoft.AspNetCore.Hosting.Diagnostics[1]
      Request starting HTTP/2 POST http://ilpp/UnityILPP.PostProcessing/PostProcessAssembly application/grpc -
[40m[32minfo[39m[22m[49m: Microsoft.AspNetCore.Routing.EndpointMiddleware[0]
      Executing endpoint 'gRPC - /UnityILPP.PostProcessing/PostProcessAssembly'
[40m[32minfo[39m[22m[49m: Unity.ILPP.Runner.PostProcessingPipeline[0]
      Processing assembly Library/Bee/artifacts/2400b0aP.dag/GameCore.Gameplay.Traversal.dll, with 113 defines and 192 references
[40m[32minfo[39m[22m[49m: Unity.ILPP.Runner.PostProcessingPipeline[0]
      processors: Unity.Entities.CodeGen.EntitiesILPostProcessors, Unity.Jobs.CodeGen.JobsILPostProcessor, zzzUnity.Burst.CodeGen.BurstILPostProcessor
[40m[32minfo[39m[22m[49m: Unity.ILPP.Runner.PostProcessingPipeline[0]
      running Unity.Entities.CodeGen.EntitiesILPostProcessors
[40m[32minfo[39m[22m[49m: Microsoft.AspNetCore.Hosting.Diagnostics[1]
      Request starting HTTP/2 POST http://ilpp/UnityILPP.PostProcessing/PostProcessAssembly application/grpc -
[40m[32minfo[39m[22m[49m: Microsoft.AspNetCore.Routing.EndpointMiddleware[0]
      Executing endpoint 'gRPC - /UnityILPP.PostProcessing/PostProcessAssembly'
[40m[32minfo[39m[22m[49m: Unity.ILPP.Runner.PostProcessingPipeline[0]
      Processing assembly Library/Bee/artifacts/2400b0aP.dag/GameCore.Unity.App.dll, with 113 defines and 191 references
[40m[32minfo[39m[22m[49m: Unity.ILPP.Runner.PostProcessingPipeline[0]
      processors: Unity.Entities.CodeGen.EntitiesILPostProcessors, Unity.Jobs.CodeGen.JobsILPostProcessor, zzzUnity.Burst.CodeGen.BurstILPostProcessor
[40m[32minfo[39m[22m[49m: Unity.ILPP.Runner.PostProcessingPipeline[0]
      running Unity.Entities.CodeGen.EntitiesILPostProcessors
[40m[32minfo[39m[22m[49m: Microsoft.AspNetCore.Hosting.Diagnostics[1]
      Request starting HTTP/2 POST http://ilpp/UnityILPP.PostProcessing/PostProcessAssembly application/grpc -
[40m[32minfo[39m[22m[49m: Microsoft.AspNetCore.Routing.EndpointMiddleware[0]
      Executing endpoint 'gRPC - /UnityILPP.PostProcessing/PostProcessAssembly'
[40m[32minfo[39m[22m[49m: Unity.ILPP.Runner.PostProcessingPipeline[0]
      Processing assembly Library/Bee/artifacts/2400b0aP.dag/GameCore.Gameplay.Rewards.dll, with 113 defines and 192 references
[40m[32minfo[39m[22m[49m: Unity.ILPP.Runner.PostProcessingPipeline[0]
      processors: Unity.Entities.CodeGen.EntitiesILPostProcessors, Unity.Jobs.CodeGen.JobsILPostProcessor, zzzUnity.Burst.CodeGen.BurstILPostProcessor
[40m[32minfo[39m[22m[49m: Unity.ILPP.Runner.PostProcessingPipeline[0]
      running Unity.Entities.CodeGen.EntitiesILPostProcessors
  - EILPP : GameCore.Unity.App : : 24ms (~23ms)
    - EILPP : GameCore.Unity.App : ComponentDataPP: 1ms 
[40m[32minfo[39m[22m[49m: Unity.ILPP.Runner.PostProcessingPipeline[0]
      running Unity.Jobs.CodeGen.JobsILPostProcessor
  - EILPP : GameCore.Gameplay.Rewards : : 13ms (~13ms)
[40m[32minfo[39m[22m[49m: Unity.ILPP.Runner.PostProcessingPipeline[0]
      running Unity.Jobs.CodeGen.JobsILPostProcessor
  - EILPP : GameCore.Gameplay.Traversal : : 36ms (~9ms)
    - EILPP : GameCore.Gameplay.Traversal : ComponentDataPP: 1ms 
    - EILPP : GameCore.Gameplay.Traversal : StaticTypeRegistryPostProcessor: 13ms 
    - EILPP : GameCore.Gameplay.Traversal : WriteAssembly: 13ms 
[40m[32minfo[39m[22m[49m: Unity.ILPP.Runner.PostProcessingPipeline[0]
      running Unity.Jobs.CodeGen.JobsILPostProcessor
[40m[32minfo[39m[22m[49m: Unity.ILPP.Runner.PostProcessingPipeline[0]
      running zzzUnity.Burst.CodeGen.BurstILPostProcessor
[40m[32minfo[39m[22m[49m: Microsoft.AspNetCore.Routing.EndpointMiddleware[1]
      Executed endpoint 'gRPC - /UnityILPP.PostProcessing/PostProcessAssembly'
[40m[32minfo[39m[22m[49m: Microsoft.AspNetCore.Hosting.Diagnostics[2]
      Request finished HTTP/2 POST http://ilpp/UnityILPP.PostProcessing/PostProcessAssembly application/grpc - - 200 - application/grpc 41.6763ms
[40m[32minfo[39m[22m[49m: Unity.ILPP.Runner.PostProcessingPipeline[0]
      running zzzUnity.Burst.CodeGen.BurstILPostProcessor
[40m[32minfo[39m[22m[49m: Microsoft.AspNetCore.Routing.EndpointMiddleware[1]
      Executed endpoint 'gRPC - /UnityILPP.PostProcessing/PostProcessAssembly'
[40m[32minfo[39m[22m[49m: Microsoft.AspNetCore.Hosting.Diagnostics[2]
      Request finished HTTP/2 POST http://ilpp/UnityILPP.PostProcessing/PostProcessAssembly application/grpc - - 200 - application/grpc 47.0637ms
[40m[32minfo[39m[22m[49m: Unity.ILPP.Runner.PostProcessingPipeline[0]
      running zzzUnity.Burst.CodeGen.BurstILPostProcessor
[40m[32minfo[39m[22m[49m: Microsoft.AspNetCore.Routing.EndpointMiddleware[1]
      Executed endpoint 'gRPC - /UnityILPP.PostProcessing/PostProcessAssembly'
[40m[32minfo[39m[22m[49m: Microsoft.AspNetCore.Hosting.Diagnostics[2]
      Request finished HTTP/2 POST http://ilpp/UnityILPP.PostProcessing/PostProcessAssembly application/grpc - - 200 - application/grpc 25.2097ms
[40m[32minfo[39m[22m[49m: Microsoft.AspNetCore.Hosting.Diagnostics[1]
      Request starting HTTP/2 POST http://ilpp/UnityILPP.PostProcessing/PostProcessAssembly application/grpc -
[40m[32minfo[39m[22m[49m: Microsoft.AspNetCore.Routing.EndpointMiddleware[0]
      Executing endpoint 'gRPC - /UnityILPP.PostProcessing/PostProcessAssembly'
[40m[32minfo[39m[22m[49m: Unity.ILPP.Runner.PostProcessingPipeline[0]
      Processing assembly Library/Bee/artifacts/2400b0aP.dag/GameCore.Gameplay.Traversal.Fixtures.dll, with 113 defines and 193 references
[40m[32minfo[39m[22m[49m: Unity.ILPP.Runner.PostProcessingPipeline[0]
      processors: Unity.Entities.CodeGen.EntitiesILPostProcessors, Unity.Jobs.CodeGen.JobsILPostProcessor, zzzUnity.Burst.CodeGen.BurstILPostProcessor
[40m[32minfo[39m[22m[49m: Unity.ILPP.Runner.PostProcessingPipeline[0]
      running Unity.Entities.CodeGen.EntitiesILPostProcessors
  - EILPP : GameCore.Gameplay.Traversal.Fixtures : : 9ms (~9ms)
[40m[32minfo[39m[22m[49m: Unity.ILPP.Runner.PostProcessingPipeline[0]
      running Unity.Jobs.CodeGen.JobsILPostProcessor
[40m[32minfo[39m[22m[49m: Unity.ILPP.Runner.PostProcessingPipeline[0]
      running zzzUnity.Burst.CodeGen.BurstILPostProcessor
[40m[32minfo[39m[22m[49m: Microsoft.AspNetCore.Routing.EndpointMiddleware[1]
      Executed endpoint 'gRPC - /UnityILPP.PostProcessing/PostProcessAssembly'
[40m[32minfo[39m[22m[49m: Microsoft.AspNetCore.Hosting.Diagnostics[2]
      Request finished HTTP/2 POST http://ilpp/UnityILPP.PostProcessing/PostProcessAssembly application/grpc - - 200 - application/grpc 15.5857ms
[40m[32minfo[39m[22m[49m: Microsoft.AspNetCore.Hosting.Diagnostics[1]
      Request starting HTTP/2 POST http://ilpp/UnityILPP.PostProcessing/PostProcessAssembly application/grpc -
[40m[32minfo[39m[22m[49m: Microsoft.AspNetCore.Routing.EndpointMiddleware[0]
      Executing endpoint 'gRPC - /UnityILPP.PostProcessing/PostProcessAssembly'
[40m[32minfo[39m[22m[49m: Unity.ILPP.Runner.PostProcessingPipeline[0]
      Processing assembly Library/Bee/artifacts/2400b0aP.dag/GameCore.Unity.Fixtures.dll, with 113 defines and 192 references
[40m[32minfo[39m[22m[49m: Unity.ILPP.Runner.PostProcessingPipeline[0]
      processors: Unity.Entities.CodeGen.EntitiesILPostProcessors, Unity.Jobs.CodeGen.JobsILPostProcessor, zzzUnity.Burst.CodeGen.BurstILPostProcessor
[40m[32minfo[39m[22m[49m: Unity.ILPP.Runner.PostProcessingPipeline[0]
      running Unity.Entities.CodeGen.EntitiesILPostProcessors
  - EILPP : GameCore.Unity.Fixtures : : 26ms (~10ms)
    - EILPP : GameCore.Unity.Fixtures : ComponentDataPP: 1ms 
    - EILPP : GameCore.Unity.Fixtures : StaticTypeRegistryPostProcessor: 3ms 
    - EILPP : GameCore.Unity.Fixtures : WriteAssembly: 12ms 
[40m[32minfo[39m[22m[49m: Unity.ILPP.Runner.PostProcessingPipeline[0]
      running Unity.Jobs.CodeGen.JobsILPostProcessor
[40m[32minfo[39m[22m[49m: Unity.ILPP.Runner.PostProcessingPipeline[0]
      running zzzUnity.Burst.CodeGen.BurstILPostProcessor
[40m[32minfo[39m[22m[49m: Microsoft.AspNetCore.Routing.EndpointMiddleware[1]
      Executed endpoint 'gRPC - /UnityILPP.PostProcessing/PostProcessAssembly'
[40m[32minfo[39m[22m[49m: Microsoft.AspNetCore.Hosting.Diagnostics[2]
      Request finished HTTP/2 POST http://ilpp/UnityILPP.PostProcessing/PostProcessAssembly application/grpc - - 200 - application/grpc 83.8398ms
[40m[32minfo[39m[22m[49m: Microsoft.AspNetCore.Hosting.Diagnostics[1]
      Request starting HTTP/2 POST http://ilpp/UnityILPP.PostProcessing/PostProcessAssembly application/grpc -
[40m[32minfo[39m[22m[49m: Microsoft.AspNetCore.Routing.EndpointMiddleware[0]
      Executing endpoint 'gRPC - /UnityILPP.PostProcessing/PostProcessAssembly'
[40m[32minfo[39m[22m[49m: Unity.ILPP.Runner.PostProcessingPipeline[0]
      Processing assembly Library/Bee/artifacts/2400b0aP.dag/GameCore.Gameplay.Narrative.Fixtures.dll, with 113 defines and 194 references
[40m[32minfo[39m[22m[49m: Unity.ILPP.Runner.PostProcessingPipeline[0]
      processors: Unity.Entities.CodeGen.EntitiesILPostProcessors, Unity.Jobs.CodeGen.JobsILPostProcessor, zzzUnity.Burst.CodeGen.BurstILPostProcessor
[40m[32minfo[39m[22m[49m: Unity.ILPP.Runner.PostProcessingPipeline[0]
      running Unity.Entities.CodeGen.EntitiesILPostProcessors
[40m[32minfo[39m[22m[49m: Microsoft.AspNetCore.Hosting.Diagnostics[1]
      Request starting HTTP/2 POST http://ilpp/UnityILPP.PostProcessing/PostProcessAssembly application/grpc -
[40m[32minfo[39m[22m[49m: Microsoft.AspNetCore.Routing.EndpointMiddleware[0]
      Executing endpoint 'gRPC - /UnityILPP.PostProcessing/PostProcessAssembly'
[40m[32minfo[39m[22m[49m: Unity.ILPP.Runner.PostProcessingPipeline[0]
      Processing assembly Library/Bee/artifacts/2400b0aP.dag/GameCore.Gameplay.Cards.Fixtures.dll, with 113 defines and 192 references
[40m[32minfo[39m[22m[49m: Unity.ILPP.Runner.PostProcessingPipeline[0]
      processors: Unity.Entities.CodeGen.EntitiesILPostProcessors, Unity.Jobs.CodeGen.JobsILPostProcessor, zzzUnity.Burst.CodeGen.BurstILPostProcessor
[40m[32minfo[39m[22m[49m: Unity.ILPP.Runner.PostProcessingPipeline[0]
      running Unity.Entities.CodeGen.EntitiesILPostProcessors
  - EILPP : GameCore.Gameplay.Cards.Fixtures : : 5ms (~5ms)
[40m[32minfo[39m[22m[49m: Unity.ILPP.Runner.PostProcessingPipeline[0]
      running Unity.Jobs.CodeGen.JobsILPostProcessor
[40m[32minfo[39m[22m[49m: Unity.ILPP.Runner.PostProcessingPipeline[0]
      running zzzUnity.Burst.CodeGen.BurstILPostProcessor
  - EILPP : GameCore.Gameplay.Narrative.Fixtures : : 16ms (~8ms)
    - EILPP : GameCore.Gameplay.Narrative.Fixtures : StaticTypeRegistryPostProcessor: 1ms 
    - EILPP : GameCore.Gameplay.Narrative.Fixtures : WriteAssembly: 7ms 
[40m[32minfo[39m[22m[49m: Unity.ILPP.Runner.PostProcessingPipeline[0]
      running Unity.Jobs.CodeGen.JobsILPostProcessor
[40m[32minfo[39m[22m[49m: Microsoft.AspNetCore.Routing.EndpointMiddleware[1]
      Executed endpoint 'gRPC - /UnityILPP.PostProcessing/PostProcessAssembly'
[40m[32minfo[39m[22m[49m: Microsoft.AspNetCore.Hosting.Diagnostics[2]
      Request finished HTTP/2 POST http://ilpp/UnityILPP.PostProcessing/PostProcessAssembly application/grpc - - 200 - application/grpc 11.3141ms
[40m[32minfo[39m[22m[49m: Unity.ILPP.Runner.PostProcessingPipeline[0]
      running zzzUnity.Burst.CodeGen.BurstILPostProcessor
[40m[32minfo[39m[22m[49m: Microsoft.AspNetCore.Routing.EndpointMiddleware[1]
      Executed endpoint 'gRPC - /UnityILPP.PostProcessing/PostProcessAssembly'
[40m[32minfo[39m[22m[49m: Microsoft.AspNetCore.Hosting.Diagnostics[2]
      Request finished HTTP/2 POST http://ilpp/UnityILPP.PostProcessing/PostProcessAssembly application/grpc - - 200 - application/grpc 27.9428ms
[40m[32minfo[39m[22m[49m: Microsoft.AspNetCore.Hosting.Diagnostics[1]
      Request starting HTTP/2 POST http://ilpp/UnityILPP.PostProcessing/PostProcessAssembly application/grpc -
[40m[32minfo[39m[22m[49m: Microsoft.AspNetCore.Routing.EndpointMiddleware[0]
      Executing endpoint 'gRPC - /UnityILPP.PostProcessing/PostProcessAssembly'
[40m[32minfo[39m[22m[49m: Unity.ILPP.Runner.PostProcessingPipeline[0]
      Processing assembly Library/Bee/artifacts/2400b0aP.dag/GameCore.Gameplay.World.dll, with 113 defines and 195 references
[40m[32minfo[39m[22m[49m: Unity.ILPP.Runner.PostProcessingPipeline[0]
      processors: Unity.Entities.CodeGen.EntitiesILPostProcessors, Unity.Jobs.CodeGen.JobsILPostProcessor, zzzUnity.Burst.CodeGen.BurstILPostProcessor
[40m[32minfo[39m[22m[49m: Unity.ILPP.Runner.PostProcessingPipeline[0]
      running Unity.Entities.CodeGen.EntitiesILPostProcessors
[40m[32minfo[39m[22m[49m: Microsoft.AspNetCore.Hosting.Diagnostics[1]
      Request starting HTTP/2 POST http://ilpp/UnityILPP.PostProcessing/PostProcessAssembly application/grpc -
[40m[32minfo[39m[22m[49m: Microsoft.AspNetCore.Routing.EndpointMiddleware[0]
      Executing endpoint 'gRPC - /UnityILPP.PostProcessing/PostProcessAssembly'
[40m[32minfo[39m[22m[49m: Unity.ILPP.Runner.PostProcessingPipeline[0]
      Processing assembly Library/Bee/artifacts/2400b0aP.dag/GameCore.Gameplay.Save.dll, with 113 defines and 187 references
[40m[32minfo[39m[22m[49m: Unity.ILPP.Runner.PostProcessingPipeline[0]
      processors: Unity.Entities.CodeGen.EntitiesILPostProcessors, Unity.Jobs.CodeGen.JobsILPostProcessor, zzzUnity.Burst.CodeGen.BurstILPostProcessor
[40m[32minfo[39m[22m[49m: Unity.ILPP.Runner.PostProcessingPipeline[0]
      running Unity.Entities.CodeGen.EntitiesILPostProcessors
[40m[32minfo[39m[22m[49m: Unity.ILPP.Runner.PostProcessingPipeline[0]
      running Unity.Jobs.CodeGen.JobsILPostProcessor
[40m[32minfo[39m[22m[49m: Unity.ILPP.Runner.PostProcessingPipeline[0]
      running zzzUnity.Burst.CodeGen.BurstILPostProcessor
[40m[32minfo[39m[22m[49m: Microsoft.AspNetCore.Routing.EndpointMiddleware[1]
      Executed endpoint 'gRPC - /UnityILPP.PostProcessing/PostProcessAssembly'
[40m[32minfo[39m[22m[49m: Microsoft.AspNetCore.Hosting.Diagnostics[2]
      Request finished HTTP/2 POST http://ilpp/UnityILPP.PostProcessing/PostProcessAssembly application/grpc - - 200 - application/grpc 1.8458ms
  - EILPP : GameCore.Gameplay.World : : 25ms (~11ms)
    - EILPP : GameCore.Gameplay.World : ComponentDataPP: 1ms 
    - EILPP : GameCore.Gameplay.World : StaticTypeRegistryPostProcessor: 2ms 
    - EILPP : GameCore.Gameplay.World : WriteAssembly: 11ms 
[40m[32minfo[39m[22m[49m: Unity.ILPP.Runner.PostProcessingPipeline[0]
      running Unity.Jobs.CodeGen.JobsILPostProcessor
[40m[32minfo[39m[22m[49m: Unity.ILPP.Runner.PostProcessingPipeline[0]
      running zzzUnity.Burst.CodeGen.BurstILPostProcessor
[40m[32minfo[39m[22m[49m: Microsoft.AspNetCore.Routing.EndpointMiddleware[1]
      Executed endpoint 'gRPC - /UnityILPP.PostProcessing/PostProcessAssembly'
[40m[32minfo[39m[22m[49m: Microsoft.AspNetCore.Hosting.Diagnostics[2]
      Request finished HTTP/2 POST http://ilpp/UnityILPP.PostProcessing/PostProcessAssembly application/grpc - - 200 - application/grpc 37.8613ms
[40m[32minfo[39m[22m[49m: Microsoft.AspNetCore.Hosting.Diagnostics[1]
      Request starting HTTP/2 POST http://ilpp/UnityILPP.PostProcessing/PostProcessAssembly application/grpc -
[40m[32minfo[39m[22m[49m: Microsoft.AspNetCore.Routing.EndpointMiddleware[0]
      Executing endpoint 'gRPC - /UnityILPP.PostProcessing/PostProcessAssembly'
[40m[32minfo[39m[22m[49m: Unity.ILPP.Runner.PostProcessingPipeline[0]
      Processing assembly Library/Bee/artifacts/2400b0aP.dag/GameCore.Gameplay.Audio.dll, with 113 defines and 193 references
[40m[32minfo[39m[22m[49m: Unity.ILPP.Runner.PostProcessingPipeline[0]
      processors: Unity.Entities.CodeGen.EntitiesILPostProcessors, Unity.Jobs.CodeGen.JobsILPostProcessor, zzzUnity.Burst.CodeGen.BurstILPostProcessor
[40m[32minfo[39m[22m[49m: Unity.ILPP.Runner.PostProcessingPipeline[0]
      running Unity.Entities.CodeGen.EntitiesILPostProcessors
[40m[32minfo[39m[22m[49m: Microsoft.AspNetCore.Hosting.Diagnostics[1]
      Request starting HTTP/2 POST http://ilpp/UnityILPP.PostProcessing/PostProcessAssembly application/grpc -
[40m[32minfo[39m[22m[49m: Microsoft.AspNetCore.Hosting.Diagnostics[1]
      Request starting HTTP/2 POST http://ilpp/UnityILPP.PostProcessing/PostProcessAssembly application/grpc -
[40m[32minfo[39m[22m[49m: Microsoft.AspNetCore.Routing.EndpointMiddleware[0]
      Executing endpoint 'gRPC - /UnityILPP.PostProcessing/PostProcessAssembly'
[40m[32minfo[39m[22m[49m: Microsoft.AspNetCore.Routing.EndpointMiddleware[0]
      Executing endpoint 'gRPC - /UnityILPP.PostProcessing/PostProcessAssembly'
  - EILPP : GameCore.Gameplay.Audio : : 43ms (~24ms)
    - EILPP : GameCore.Gameplay.Audio : ComponentDataPP: 5ms 
    - EILPP : GameCore.Gameplay.Audio : StaticTypeRegistryPostProcessor: 5ms 
    - EILPP : GameCore.Gameplay.Audio : WriteAssembly: 9ms 
[40m[32minfo[39m[22m[49m: Unity.ILPP.Runner.PostProcessingPipeline[0]
      running Unity.Jobs.CodeGen.JobsILPostProcessor
[40m[32minfo[39m[22m[49m: Unity.ILPP.Runner.PostProcessingPipeline[0]
      Processing assembly Library/Bee/artifacts/2400b0aP.dag/GameCore.Gameplay.Npc.dll, with 113 defines and 193 references
[40m[32minfo[39m[22m[49m: Unity.ILPP.Runner.PostProcessingPipeline[0]
      processors: Unity.Entities.CodeGen.EntitiesILPostProcessors, Unity.Jobs.CodeGen.JobsILPostProcessor, zzzUnity.Burst.CodeGen.BurstILPostProcessor
[40m[32minfo[39m[22m[49m: Unity.ILPP.Runner.PostProcessingPipeline[0]
      Processing assembly Library/Bee/artifacts/2400b0aP.dag/GameCore.Gameplay.Player.dll, with 113 defines and 194 references
[40m[32minfo[39m[22m[49m: Unity.ILPP.Runner.PostProcessingPipeline[0]
      processors: Unity.Entities.CodeGen.EntitiesILPostProcessors, Unity.Jobs.CodeGen.JobsILPostProcessor, zzzUnity.Burst.CodeGen.BurstILPostProcessor
[40m[32minfo[39m[22m[49m: Unity.ILPP.Runner.PostProcessingPipeline[0]
      running Unity.Entities.CodeGen.EntitiesILPostProcessors
[40m[32minfo[39m[22m[49m: Unity.ILPP.Runner.PostProcessingPipeline[0]
      running Unity.Entities.CodeGen.EntitiesILPostProcessors
[40m[32minfo[39m[22m[49m: Unity.ILPP.Runner.PostProcessingPipeline[0]
      running zzzUnity.Burst.CodeGen.BurstILPostProcessor
[40m[32minfo[39m[22m[49m: Microsoft.AspNetCore.Routing.EndpointMiddleware[1]
      Executed endpoint 'gRPC - /UnityILPP.PostProcessing/PostProcessAssembly'
[40m[32minfo[39m[22m[49m: Microsoft.AspNetCore.Hosting.Diagnostics[2]
      Request finished HTTP/2 POST http://ilpp/UnityILPP.PostProcessing/PostProcessAssembly application/grpc - - 200 - application/grpc 58.2059ms
  - EILPP : GameCore.Gameplay.Player : : 20ms (~15ms)
    - EILPP : GameCore.Gameplay.Player : ComponentDataPP: 1ms 
    - EILPP : GameCore.Gameplay.Player : StaticTypeRegistryPostProcessor: 1ms 
    - EILPP : GameCore.Gameplay.Player : WriteAssembly: 3ms 
[40m[32minfo[39m[22m[49m: Unity.ILPP.Runner.PostProcessingPipeline[0]
      running Unity.Jobs.CodeGen.JobsILPostProcessor
  - EILPP : GameCore.Gameplay.Npc : : 21ms (~15ms)
    - EILPP : GameCore.Gameplay.Npc : ComponentDataPP: 1ms 
    - EILPP : GameCore.Gameplay.Npc : StaticTypeRegistryPostProcessor: 1ms 
    - EILPP : GameCore.Gameplay.Npc : WriteAssembly: 4ms 
[40m[32minfo[39m[22m[49m: Unity.ILPP.Runner.PostProcessingPipeline[0]
      running Unity.Jobs.CodeGen.JobsILPostProcessor
[40m[32minfo[39m[22m[49m: Microsoft.AspNetCore.Hosting.Diagnostics[1]
      Request starting HTTP/2 POST http://ilpp/UnityILPP.PostProcessing/PostProcessAssembly application/grpc -
[40m[32minfo[39m[22m[49m: Microsoft.AspNetCore.Routing.EndpointMiddleware[0]
      Executing endpoint 'gRPC - /UnityILPP.PostProcessing/PostProcessAssembly'
[40m[32minfo[39m[22m[49m: Microsoft.AspNetCore.Hosting.Diagnostics[1]
      Request starting HTTP/2 POST http://ilpp/UnityILPP.PostProcessing/PostProcessAssembly application/grpc -
[40m[32minfo[39m[22m[49m: Microsoft.AspNetCore.Routing.EndpointMiddleware[0]
      Executing endpoint 'gRPC - /UnityILPP.PostProcessing/PostProcessAssembly'
[40m[32minfo[39m[22m[49m: Unity.ILPP.Runner.PostProcessingPipeline[0]
      Processing assembly Library/Bee/artifacts/2400b0aP.dag/GameCore.Gameplay.Logic.dll, with 113 defines and 196 references
[40m[32minfo[39m[22m[49m: Unity.ILPP.Runner.PostProcessingPipeline[0]
      processors: Unity.Entities.CodeGen.EntitiesILPostProcessors, Unity.Jobs.CodeGen.JobsILPostProcessor, zzzUnity.Burst.CodeGen.BurstILPostProcessor
[40m[32minfo[39m[22m[49m: Unity.ILPP.Runner.PostProcessingPipeline[0]
      Processing assembly Library/Bee/artifacts/2400b0aP.dag/GameCore.Gameplay.Interaction.dll, with 113 defines and 193 references
[40m[32minfo[39m[22m[49m: Unity.ILPP.Runner.PostProcessingPipeline[0]
      processors: Unity.Entities.CodeGen.EntitiesILPostProcessors, Unity.Jobs.CodeGen.JobsILPostProcessor, zzzUnity.Burst.CodeGen.BurstILPostProcessor
[40m[32minfo[39m[22m[49m: Unity.ILPP.Runner.PostProcessingPipeline[0]
      running Unity.Entities.CodeGen.EntitiesILPostProcessors
[40m[32minfo[39m[22m[49m: Unity.ILPP.Runner.PostProcessingPipeline[0]
      running Unity.Entities.CodeGen.EntitiesILPostProcessors
[40m[32minfo[39m[22m[49m: Unity.ILPP.Runner.PostProcessingPipeline[0]
      running zzzUnity.Burst.CodeGen.BurstILPostProcessor
[40m[32minfo[39m[22m[49m: Microsoft.AspNetCore.Routing.EndpointMiddleware[1]
      Executed endpoint 'gRPC - /UnityILPP.PostProcessing/PostProcessAssembly'
[40m[32minfo[39m[22m[49m: Microsoft.AspNetCore.Hosting.Diagnostics[2]
      Request finished HTTP/2 POST http://ilpp/UnityILPP.PostProcessing/PostProcessAssembly application/grpc - - 200 - application/grpc 55.4716ms
[40m[32minfo[39m[22m[49m: Unity.ILPP.Runner.PostProcessingPipeline[0]
      running zzzUnity.Burst.CodeGen.BurstILPostProcessor
[40m[32minfo[39m[22m[49m: Microsoft.AspNetCore.Routing.EndpointMiddleware[1]
      Executed endpoint 'gRPC - /UnityILPP.PostProcessing/PostProcessAssembly'
[40m[32minfo[39m[22m[49m: Microsoft.AspNetCore.Hosting.Diagnostics[2]
      Request finished HTTP/2 POST http://ilpp/UnityILPP.PostProcessing/PostProcessAssembly application/grpc - - 200 - application/grpc 55.9911ms
  - EILPP : GameCore.Gameplay.Interaction : : 25ms (~14ms)
    - EILPP : GameCore.Gameplay.Interaction : ComponentDataPP: 6ms 
    - EILPP : GameCore.Gameplay.Interaction : StaticTypeRegistryPostProcessor: 2ms 
    - EILPP : GameCore.Gameplay.Interaction : WriteAssembly: 3ms 
[40m[32minfo[39m[22m[49m: Unity.ILPP.Runner.PostProcessingPipeline[0]
      running Unity.Jobs.CodeGen.JobsILPostProcessor
  - EILPP : GameCore.Gameplay.Logic : : 30ms (~20ms)
    - EILPP : GameCore.Gameplay.Logic : ComponentDataPP: 1ms 
    - EILPP : GameCore.Gameplay.Logic : StaticTypeRegistryPostProcessor: 1ms 
    - EILPP : GameCore.Gameplay.Logic : WriteAssembly: 8ms 
[40m[32minfo[39m[22m[49m: Unity.ILPP.Runner.PostProcessingPipeline[0]
      running Unity.Jobs.CodeGen.JobsILPostProcessor
[40m[32minfo[39m[22m[49m: Unity.ILPP.Runner.PostProcessingPipeline[0]
      running zzzUnity.Burst.CodeGen.BurstILPostProcessor
[40m[32minfo[39m[22m[49m: Microsoft.AspNetCore.Routing.EndpointMiddleware[1]
      Executed endpoint 'gRPC - /UnityILPP.PostProcessing/PostProcessAssembly'
[40m[32minfo[39m[22m[49m: Microsoft.AspNetCore.Hosting.Diagnostics[2]
      Request finished HTTP/2 POST http://ilpp/UnityILPP.PostProcessing/PostProcessAssembly application/grpc - - 200 - application/grpc 31.5209ms
[40m[32minfo[39m[22m[49m: Unity.ILPP.Runner.PostProcessingPipeline[0]
      running zzzUnity.Burst.CodeGen.BurstILPostProcessor
[40m[32minfo[39m[22m[49m: Microsoft.AspNetCore.Routing.EndpointMiddleware[1]
      Executed endpoint 'gRPC - /UnityILPP.PostProcessing/PostProcessAssembly'
[40m[32minfo[39m[22m[49m: Microsoft.AspNetCore.Hosting.Diagnostics[2]
      Request finished HTTP/2 POST http://ilpp/UnityILPP.PostProcessing/PostProcessAssembly application/grpc - - 200 - application/grpc 37.2265ms
[40m[32minfo[39m[22m[49m: Microsoft.AspNetCore.Hosting.Diagnostics[1]
      Request starting HTTP/2 POST http://ilpp/UnityILPP.PostProcessing/PostProcessAssembly application/grpc -
[40m[32minfo[39m[22m[49m: Microsoft.AspNetCore.Routing.EndpointMiddleware[0]
      Executing endpoint 'gRPC - /UnityILPP.PostProcessing/PostProcessAssembly'
[40m[32minfo[39m[22m[49m: Unity.ILPP.Runner.PostProcessingPipeline[0]
      Processing assembly Library/Bee/artifacts/2400b0aP.dag/GameCore.Gameplay.Ui.dll, with 113 defines and 195 references
[40m[32minfo[39m[22m[49m: Unity.ILPP.Runner.PostProcessingPipeline[0]
      processors: Unity.Entities.CodeGen.EntitiesILPostProcessors, Unity.Jobs.CodeGen.JobsILPostProcessor, zzzUnity.Burst.CodeGen.BurstILPostProcessor
[40m[32minfo[39m[22m[49m: Unity.ILPP.Runner.PostProcessingPipeline[0]
      running Unity.Entities.CodeGen.EntitiesILPostProcessors
  - EILPP : GameCore.Gameplay.Ui : : 19ms (~9ms)
    - EILPP : GameCore.Gameplay.Ui : ComponentDataPP: 2ms 
    - EILPP : GameCore.Gameplay.Ui : StaticTypeRegistryPostProcessor: 1ms 
    - EILPP : GameCore.Gameplay.Ui : WriteAssembly: 7ms 
[40m[32minfo[39m[22m[49m: Unity.ILPP.Runner.PostProcessingPipeline[0]
      running Unity.Jobs.CodeGen.JobsILPostProcessor
[40m[32minfo[39m[22m[49m: Unity.ILPP.Runner.PostProcessingPipeline[0]
      running zzzUnity.Burst.CodeGen.BurstILPostProcessor
[40m[32minfo[39m[22m[49m: Microsoft.AspNetCore.Routing.EndpointMiddleware[1]
      Executed endpoint 'gRPC - /UnityILPP.PostProcessing/PostProcessAssembly'
[40m[32minfo[39m[22m[49m: Microsoft.AspNetCore.Hosting.Diagnostics[2]
      Request finished HTTP/2 POST http://ilpp/UnityILPP.PostProcessing/PostProcessAssembly application/grpc - - 200 - application/grpc 28.2515ms
[40m[32minfo[39m[22m[49m: Microsoft.AspNetCore.Hosting.Diagnostics[1]
      Request starting HTTP/2 POST http://ilpp/UnityILPP.PostProcessing/PostProcessAssembly application/grpc -
[40m[32minfo[39m[22m[49m: Microsoft.AspNetCore.Routing.EndpointMiddleware[0]
      Executing endpoint 'gRPC - /UnityILPP.PostProcessing/PostProcessAssembly'
[40m[32minfo[39m[22m[49m: Unity.ILPP.Runner.PostProcessingPipeline[0]
      Processing assembly Library/Bee/artifacts/2400b0aP.dag/GameCore.Gameplay.Dialogue.dll, with 113 defines and 194 references
[40m[32minfo[39m[22m[49m: Unity.ILPP.Runner.PostProcessingPipeline[0]
      processors: Unity.Entities.CodeGen.EntitiesILPostProcessors, Unity.Jobs.CodeGen.JobsILPostProcessor, zzzUnity.Burst.CodeGen.BurstILPostProcessor
[40m[32minfo[39m[22m[49m: Unity.ILPP.Runner.PostProcessingPipeline[0]
      running Unity.Entities.CodeGen.EntitiesILPostProcessors
  - EILPP : GameCore.Gameplay.Dialogue : : 9ms (~6ms)
    - EILPP : GameCore.Gameplay.Dialogue : StaticTypeRegistryPostProcessor: 1ms 
    - EILPP : GameCore.Gameplay.Dialogue : WriteAssembly: 2ms 
[40m[32minfo[39m[22m[49m: Unity.ILPP.Runner.PostProcessingPipeline[0]
      running Unity.Jobs.CodeGen.JobsILPostProcessor
[40m[32minfo[39m[22m[49m: Microsoft.AspNetCore.Hosting.Diagnostics[1]
      Request starting HTTP/2 POST http://ilpp/UnityILPP.PostProcessing/PostProcessAssembly application/grpc -
[40m[32minfo[39m[22m[49m: Microsoft.AspNetCore.Routing.EndpointMiddleware[0]
      Executing endpoint 'gRPC - /UnityILPP.PostProcessing/PostProcessAssembly'
[40m[32minfo[39m[22m[49m: Microsoft.AspNetCore.Hosting.Diagnostics[1]
      Request starting HTTP/2 POST http://ilpp/UnityILPP.PostProcessing/PostProcessAssembly application/grpc -
[40m[32minfo[39m[22m[49m: Unity.ILPP.Runner.PostProcessingPipeline[0]
      running zzzUnity.Burst.CodeGen.BurstILPostProcessor
[40m[32minfo[39m[22m[49m: Microsoft.AspNetCore.Routing.EndpointMiddleware[0]
      Executing endpoint 'gRPC - /UnityILPP.PostProcessing/PostProcessAssembly'
[40m[32minfo[39m[22m[49m: Unity.ILPP.Runner.PostProcessingPipeline[0]
      Processing assembly Library/Bee/artifacts/2400b0aP.dag/GameCore.Gameplay.Inventory.dll, with 113 defines and 194 references
[40m[32minfo[39m[22m[49m: Unity.ILPP.Runner.PostProcessingPipeline[0]
      processors: Unity.Entities.CodeGen.EntitiesILPostProcessors, Unity.Jobs.CodeGen.JobsILPostProcessor, zzzUnity.Burst.CodeGen.BurstILPostProcessor
[40m[32minfo[39m[22m[49m: Unity.ILPP.Runner.PostProcessingPipeline[0]
      Processing assembly Library/Bee/artifacts/2400b0aP.dag/GameCore.Gameplay.Quest.dll, with 113 defines and 194 references
[40m[32minfo[39m[22m[49m: Unity.ILPP.Runner.PostProcessingPipeline[0]
      processors: Unity.Entities.CodeGen.EntitiesILPostProcessors, Unity.Jobs.CodeGen.JobsILPostProcessor, zzzUnity.Burst.CodeGen.BurstILPostProcessor
[40m[32minfo[39m[22m[49m: Unity.ILPP.Runner.PostProcessingPipeline[0]
      running Unity.Entities.CodeGen.EntitiesILPostProcessors
[40m[32minfo[39m[22m[49m: Unity.ILPP.Runner.PostProcessingPipeline[0]
      running Unity.Entities.CodeGen.EntitiesILPostProcessors
[40m[32minfo[39m[22m[49m: Microsoft.AspNetCore.Routing.EndpointMiddleware[1]
      Executed endpoint 'gRPC - /UnityILPP.PostProcessing/PostProcessAssembly'
[40m[32minfo[39m[22m[49m: Microsoft.AspNetCore.Hosting.Diagnostics[2]
      Request finished HTTP/2 POST http://ilpp/UnityILPP.PostProcessing/PostProcessAssembly application/grpc - - 200 - application/grpc 19.8265ms
  - EILPP : GameCore.Gameplay.Quest : : 9ms (~6ms)
    - EILPP : GameCore.Gameplay.Quest : StaticTypeRegistryPostProcessor: 1ms 
    - EILPP : GameCore.Gameplay.Quest : WriteAssembly: 2ms 
[40m[32minfo[39m[22m[49m: Unity.ILPP.Runner.PostProcessingPipeline[0]
      running Unity.Jobs.CodeGen.JobsILPostProcessor
[40m[32minfo[39m[22m[49m: Microsoft.AspNetCore.Hosting.Diagnostics[1]
      Request starting HTTP/2 POST http://ilpp/UnityILPP.PostProcessing/PostProcessAssembly application/grpc -
[40m[32minfo[39m[22m[49m: Microsoft.AspNetCore.Routing.EndpointMiddleware[0]
      Executing endpoint 'gRPC - /UnityILPP.PostProcessing/PostProcessAssembly'
[40m[32minfo[39m[22m[49m: Unity.ILPP.Runner.PostProcessingPipeline[0]
      Processing assembly Library/Bee/artifacts/2400b0aP.dag/Hollowmere.UiAudio.dll, with 113 defines and 191 references
[40m[32minfo[39m[22m[49m: Unity.ILPP.Runner.PostProcessingPipeline[0]
      processors: Unity.Entities.CodeGen.EntitiesILPostProcessors, Unity.Jobs.CodeGen.JobsILPostProcessor, zzzUnity.Burst.CodeGen.BurstILPostProcessor
[40m[32minfo[39m[22m[49m: Unity.ILPP.Runner.PostProcessingPipeline[0]
      running Unity.Entities.CodeGen.EntitiesILPostProcessors
[40m[32minfo[39m[22m[49m: Unity.ILPP.Runner.PostProcessingPipeline[0]
      running Unity.Jobs.CodeGen.JobsILPostProcessor
[40m[32minfo[39m[22m[49m: Unity.ILPP.Runner.PostProcessingPipeline[0]
      running zzzUnity.Burst.CodeGen.BurstILPostProcessor
  - EILPP : GameCore.Gameplay.Inventory : : 37ms (~6ms)
    - EILPP : GameCore.Gameplay.Inventory : StaticTypeRegistryPostProcessor: 1ms 
    - EILPP : GameCore.Gameplay.Inventory : WriteAssembly: 30ms 
[40m[32minfo[39m[22m[49m: Unity.ILPP.Runner.PostProcessingPipeline[0]
      running Unity.Jobs.CodeGen.JobsILPostProcessor
[40m[32minfo[39m[22m[49m: Unity.ILPP.Runner.PostProcessingPipeline[0]
      running zzzUnity.Burst.CodeGen.BurstILPostProcessor
[40m[32minfo[39m[22m[49m: Unity.ILPP.Runner.PostProcessingPipeline[0]
      running zzzUnity.Burst.CodeGen.BurstILPostProcessor
[40m[32minfo[39m[22m[49m: Microsoft.AspNetCore.Routing.EndpointMiddleware[1]
      Executed endpoint 'gRPC - /UnityILPP.PostProcessing/PostProcessAssembly'
[40m[32minfo[39m[22m[49m: Microsoft.AspNetCore.Hosting.Diagnostics[2]
      Request finished HTTP/2 POST http://ilpp/UnityILPP.PostProcessing/PostProcessAssembly application/grpc - - 200 - application/grpc 6.2371ms
[40m[32minfo[39m[22m[49m: Microsoft.AspNetCore.Routing.EndpointMiddleware[1]
      Executed endpoint 'gRPC - /UnityILPP.PostProcessing/PostProcessAssembly'
[40m[32minfo[39m[22m[49m: Microsoft.AspNetCore.Routing.EndpointMiddleware[1]
      Executed endpoint 'gRPC - /UnityILPP.PostProcessing/PostProcessAssembly'
[40m[32minfo[39m[22m[49m: Microsoft.AspNetCore.Hosting.Diagnostics[2]
      Request finished HTTP/2 POST http://ilpp/UnityILPP.PostProcessing/PostProcessAssembly application/grpc - - 200 - application/grpc 42.9720ms
[40m[32minfo[39m[22m[49m: Microsoft.AspNetCore.Hosting.Diagnostics[2]
      Request finished HTTP/2 POST http://ilpp/UnityILPP.PostProcessing/PostProcessAssembly application/grpc - - 200 - application/grpc 42.7721ms
[40m[32minfo[39m[22m[49m: Microsoft.AspNetCore.Hosting.Diagnostics[1]
      Request starting HTTP/2 POST http://ilpp/UnityILPP.PostProcessing/PostProcessAssembly application/grpc -
[40m[32minfo[39m[22m[49m: Microsoft.AspNetCore.Routing.EndpointMiddleware[0]
      Executing endpoint 'gRPC - /UnityILPP.PostProcessing/PostProcessAssembly'
[40m[32minfo[39m[22m[49m: Unity.ILPP.Runner.PostProcessingPipeline[0]
      Processing assembly Library/Bee/artifacts/2400b0aP.dag/Hollowmere.Narrative.dll, with 113 defines and 198 references
[40m[32minfo[39m[22m[49m: Unity.ILPP.Runner.PostProcessingPipeline[0]
      processors: Unity.Entities.CodeGen.EntitiesILPostProcessors, Unity.Jobs.CodeGen.JobsILPostProcessor, zzzUnity.Burst.CodeGen.BurstILPostProcessor
[40m[32minfo[39m[22m[49m: Unity.ILPP.Runner.PostProcessingPipeline[0]
      running Unity.Entities.CodeGen.EntitiesILPostProcessors
  - EILPP : Hollowmere.Narrative : : 15ms (~15ms)
[40m[32minfo[39m[22m[49m: Unity.ILPP.Runner.PostProcessingPipeline[0]
      running Unity.Jobs.CodeGen.JobsILPostProcessor
[40m[32minfo[39m[22m[49m: Unity.ILPP.Runner.PostProcessingPipeline[0]
      running zzzUnity.Burst.CodeGen.BurstILPostProcessor
[40m[32minfo[39m[22m[49m: Microsoft.AspNetCore.Routing.EndpointMiddleware[1]
      Executed endpoint 'gRPC - /UnityILPP.PostProcessing/PostProcessAssembly'
[40m[32minfo[39m[22m[49m: Microsoft.AspNetCore.Hosting.Diagnostics[2]
      Request finished HTTP/2 POST http://ilpp/UnityILPP.PostProcessing/PostProcessAssembly application/grpc - - 200 - application/grpc 21.9471ms
[40m[32minfo[39m[22m[49m: Microsoft.AspNetCore.Hosting.Diagnostics[1]
      Request starting HTTP/2 POST http://ilpp/UnityILPP.PostProcessing/PostProcessAssembly application/grpc -
[40m[32minfo[39m[22m[49m: Microsoft.AspNetCore.Routing.EndpointMiddleware[0]
      Executing endpoint 'gRPC - /UnityILPP.PostProcessing/PostProcessAssembly'
[40m[32minfo[39m[22m[49m: Unity.ILPP.Runner.PostProcessingPipeline[0]
      Processing assembly Library/Bee/artifacts/2400b0aP.dag/Hollowmere.Boot.dll, with 113 defines and 204 references
[40m[32minfo[39m[22m[49m: Unity.ILPP.Runner.PostProcessingPipeline[0]
      processors: Unity.Entities.CodeGen.EntitiesILPostProcessors, Unity.Jobs.CodeGen.JobsILPostProcessor, zzzUnity.Burst.CodeGen.BurstILPostProcessor
[40m[32minfo[39m[22m[49m: Unity.ILPP.Runner.PostProcessingPipeline[0]
      running Unity.Entities.CodeGen.EntitiesILPostProcessors
  - EILPP : Hollowmere.Boot : : 10ms (~9ms)
    - EILPP : Hollowmere.Boot : WriteAssembly: 1ms 
[40m[32minfo[39m[22m[49m: Unity.ILPP.Runner.PostProcessingPipeline[0]
      running Unity.Jobs.CodeGen.JobsILPostProcessor
[40m[32minfo[39m[22m[49m: Unity.ILPP.Runner.PostProcessingPipeline[0]
      running zzzUnity.Burst.CodeGen.BurstILPostProcessor
[40m[32minfo[39m[22m[49m: Microsoft.AspNetCore.Routing.EndpointMiddleware[1]
      Executed endpoint 'gRPC - /UnityILPP.PostProcessing/PostProcessAssembly'
[40m[32minfo[39m[22m[49m: Microsoft.AspNetCore.Hosting.Diagnostics[2]
      Request finished HTTP/2 POST http://ilpp/UnityILPP.PostProcessing/PostProcessAssembly application/grpc - - 200 - application/grpc 14.3641ms
[40m[32minfo[39m[22m[49m: Microsoft.AspNetCore.Hosting.Diagnostics[1]
      Request starting HTTP/2 POST http://ilpp/UnityILPP.PostProcessing/PostProcessAssembly application/grpc -
[40m[32minfo[39m[22m[49m: Microsoft.AspNetCore.Routing.EndpointMiddleware[0]
      Executing endpoint 'gRPC - /UnityILPP.PostProcessing/PostProcessAssembly'
[40m[32minfo[39m[22m[49m: Unity.ILPP.Runner.PostProcessingPipeline[0]
      Processing assembly Library/Bee/artifacts/2400b0aP.dag/Hollowmere.Game.dll, with 113 defines and 211 references
[40m[32minfo[39m[22m[49m: Unity.ILPP.Runner.PostProcessingPipeline[0]
      processors: Unity.Entities.CodeGen.EntitiesILPostProcessors, Unity.Jobs.CodeGen.JobsILPostProcessor, zzzUnity.Burst.CodeGen.BurstILPostProcessor
[40m[32minfo[39m[22m[49m: Unity.ILPP.Runner.PostProcessingPipeline[0]
      running Unity.Entities.CodeGen.EntitiesILPostProcessors
  - EILPP : Hollowmere.Game : : 12ms (~6ms)
    - EILPP : Hollowmere.Game : WriteAssembly: 6ms 
[40m[32minfo[39m[22m[49m: Unity.ILPP.Runner.PostProcessingPipeline[0]
      running Unity.Jobs.CodeGen.JobsILPostProcessor
[40m[32minfo[39m[22m[49m: Unity.ILPP.Runner.PostProcessingPipeline[0]
      running zzzUnity.Burst.CodeGen.BurstILPostProcessor
[40m[32minfo[39m[22m[49m: Microsoft.AspNetCore.Routing.EndpointMiddleware[1]
      Executed endpoint 'gRPC - /UnityILPP.PostProcessing/PostProcessAssembly'
[40m[32minfo[39m[22m[49m: Microsoft.AspNetCore.Hosting.Diagnostics[2]
      Request finished HTTP/2 POST http://ilpp/UnityILPP.PostProcessing/PostProcessAssembly application/grpc - - 200 - application/grpc 18.2672ms
ExitCode: 0 Duration: 9s412ms
Finished compiling graph: 974 nodes, 14554 flattened edges (9812 ToBuild, 176 ToUse), maximum node priority 897
[  1/973    0s] WriteText Library/Bee/artifacts/2400b0aP.dag/UnityEngine.UI.rsp2
[  3/973    0s] WriteText Library/Bee/artifacts/2400b0aP.dag/UnityEngine.UI.UnityAdditionalFile.txt
[  4/973    0s] WriteText Library/Bee/artifacts/StandaloneLinux64_CodeGen/UnityEngine.TestRunner.UnityAdditionalFile.txt
[  5/973    0s] WriteText Library/Bee/artifacts/StandaloneLinux64_CodeGen/UnityEngine.TestRunner.rsp2
[  6/973    0s] MovedFromExtractor Library/Bee/artifacts/mvdfrm/UnityEngine.UnityTestProtocolModule.dll_EE06CF743EC0AE46.mvfrm
[  7/973    0s] MovedFromExtractor Library/Bee/artifacts/mvdfrm/UnityEngine.UnityConnectModule.dll_B99DF55943448892.mvfrm
[  8/973    0s] MovedFromExtractor Library/Bee/artifacts/mvdfrm/UnityEngine.TLSModule.dll_86FBA5AFE58167E2.mvfrm
[  9/973    0s] MovedFromExtractor Library/Bee/artifacts/mvdfrm/UnityEngine.UnityCurlModule.dll_75AF21937DDDADD8.mvfrm
[ 10/973    0s] MovedFromExtractor Library/Bee/artifacts/mvdfrm/UnityEngine.SpriteMaskModule.dll_1C7FCBEF5AC5618E.mvfrm
[ 11/973    0s] MovedFromExtractor Library/Bee/artifacts/mvdfrm/UnityEngine.ScreenCaptureModule.dll_E85BECF2F6851371.mvfrm
[ 12/973    0s] MovedFromExtractor Library/Bee/artifacts/mvdfrm/UnityEngine.SubstanceModule.dll_D3D281FBA8A47137.mvfrm
[ 13/973    0s] MovedFromExtractor Library/Bee/artifacts/mvdfrm/UnityEngine.UnityConsentModule.dll_8B438C85504F1EE2.mvfrm
[ 14/973    0s] MovedFromExtractor Library/Bee/artifacts/mvdfrm/UnityEngine.StreamingModule.dll_F7276DB25D517329.mvfrm
[ 15/973    0s] MovedFromExtractor Library/Bee/artifacts/mvdfrm/UnityEngine.UnityAnalyticsModule.dll_74ECD477C9FD5E7E.mvfrm
[ 16/973    0s] MovedFromExtractor Library/Bee/artifacts/mvdfrm/UnityEngine.UnityAnalyticsCommonModule.dll_636C88F00330FAF9.mvfrm
[ 17/973    0s] MovedFromExtractor Library/Bee/artifacts/mvdfrm/UnityEngine.UIModule.dll_71A516806908A891.mvfrm
[ 18/973    0s] MovedFromExtractor Library/Bee/artifacts/mvdfrm/UnityEngine.SpriteShapeModule.dll_711E6CEEA7928683.mvfrm
[ 19/973    0s] MovedFromExtractor Library/Bee/artifacts/mvdfrm/UnityEngine.UnityWebRequestModule.dll_673CDCC6B62A82D7.mvfrm
[ 20/973    0s] MovedFromExtractor Library/Bee/artifacts/mvdfrm/UnityEngine.TextRenderingModule.dll_119B5EFDADBC9366.mvfrm
[ 21/973    0s] MovedFromExtractor Library/Bee/artifacts/mvdfrm/UnityEngine.SharedInternalsModule.dll_D9AF13F22263E3A8.mvfrm
[ 22/973    0s] MovedFromExtractor Library/Bee/artifacts/mvdfrm/UnityEngine.TerrainModule.dll_8F974262033FB37C.mvfrm
[ 23/973    0s] MovedFromExtractor Library/Bee/artifacts/mvdfrm/UnityEngine.TextCoreFontEngineModule.dll_0691C41E9E66B5DA.mvfrm
[ 24/973    0s] MovedFromExtractor Library/Bee/artifacts/mvdfrm/UnityEngine.TextCoreTextEngineModule.dll_4E79FA902DEA6EF8.mvfrm
[ 25/973    0s] MovedFromExtractor Library/Bee/artifacts/mvdfrm/UnityEngine.UIElementsModule.dll_8B6B93B92C398598.mvfrm
[ 26/973    0s] MovedFromExtractor Library/Bee/artifacts/mvdfrm/UnityEngine.VideoModule.dll_B0DEB0E1B34FC5C2.mvfrm
[ 27/973    0s] MovedFromExtractor Library/Bee/artifacts/mvdfrm/UnityEngine.VFXModule.dll_07DA3E1EBBEED14F.mvfrm
[ 28/973    0s] MovedFromExtractor Library/Bee/artifacts/mvdfrm/UnityEngine.ShaderVariantAnalyticsModule.dll_A2CAB245D0902CE3.mvfrm
[ 29/973    0s] MovedFromExtractor Library/Bee/artifacts/mvdfrm/UnityEngine.ClusterInputModule.dll_4BDAE65FFA445AAD.mvfrm
[ 30/973    0s] MovedFromExtractor Library/Bee/artifacts/mvdfrm/UnityEngine.AssetBundleModule.dll_57BD3F93F1F04E79.mvfrm
[ 31/973    0s] MovedFromExtractor Library/Bee/artifacts/mvdfrm/UnityEngine.ClusterRendererModule.dll_E9ABD76C29113064.mvfrm
[ 32/973    0s] MovedFromExtractor Library/Bee/artifacts/mvdfrm/UnityEngine.AudioModule.dll_8BD52C76F0BDAA1D.mvfrm
[ 33/973    0s] MovedFromExtractor Library/Bee/artifacts/mvdfrm/UnityEngine.VirtualTexturingModule.dll_FA248E1887AE3B7A.mvfrm
[ 34/973    0s] MovedFromExtractor Library/Bee/artifacts/mvdfrm/UnityEngine.AIModule.dll_763178530CC1A2E5.mvfrm
[ 35/973    0s] MovedFromExtractor Library/Bee/artifacts/mvdfrm/UnityEngine.ContentLoadModule.dll_F0D398D4C072F666.mvfrm
[ 36/973    0s] MovedFromExtractor Library/Bee/artifacts/mvdfrm/UnityEngine.dll_5AE7F3511B3C76F9.mvfrm
[ 37/973    0s] MovedFromExtractor Library/Bee/artifacts/mvdfrm/UnityEngine.AnimationModule.dll_429280620DC9BBEB.mvfrm
[ 38/973    0s] MovedFromExtractor Library/Bee/artifacts/mvdfrm/UnityEngine.CrashReportingModule.dll_023B1A61AFC480F4.mvfrm
[ 39/973    0s] MovedFromExtractor Library/Bee/artifacts/mvdfrm/UnityEngine.GIModule.dll_0E6DC160A8708AFF.mvfrm
[ 40/973    0s] MovedFromExtractor Library/Bee/artifacts/mvdfrm/UnityEngine.GameCenterModule.dll_3353595F3955CC14.mvfrm
[ 41/973    0s] MovedFromExtractor Library/Bee/artifacts/mvdfrm/UnityEngine.GraphicsStateCollectionSerializerModule.dll_00A70FA1EAA1C6ED.mvfrm
[ 84/973    0s] MovedFromExtractor Library/Bee/artifacts/mvdfrm/UnityEngine.DSPGraphModule.dll_EF74511EF8EF221A.mvfrm
[144/973    0s] WriteText Library/Bee/artifacts/StandaloneLinux64_CodeGen/UnityEngine.UI.rsp2
[145/973    0s] WriteText Library/Bee/artifacts/StandaloneLinux64_CodeGen/UnityEngine.TestRunner.dll.mvfrm.rsp
[146/973    0s] WriteText Library/Bee/artifacts/StandaloneLinux64_CodeGen/UnityEngine.UI.UnityAdditionalFile.txt
[147/973    0s] WriteText Library/Bee/artifacts/StandaloneLinux64_CodeGen/UnityEngine.TestRunner.rsp
[148/973    0s] WriteText Library/Bee/artifacts/2400b0aP.dag/UnityEngine.UI.dll.mvfrm.rsp
[149/973    0s] WriteText Library/Bee/artifacts/2400b0aP.dag/UnityEngine.UI.rsp
[150/973    0s] WriteText Library/Bee/artifacts/StandaloneLinux64_CodeGen/UnityEditor.TestRunner.rsp2
[151/973    0s] WriteText Library/Bee/artifacts/StandaloneLinux64_CodeGen/UnityEditor.TestRunner.UnityAdditionalFile.txt
[156/973    0s] WriteText Library/Bee/artifacts/StandaloneLinux64_CodeGen/UnityEngine.UI.dll.mvfrm.rsp
[157/973    0s] MovedFromExtractor Library/Bee/artifacts/mvdfrm/UnityEngine.CoreModule.dll_5C09ED60D385EBDC.mvfrm
[158/973    0s] WriteText Library/Bee/artifacts/StandaloneLinux64_CodeGen/UnityEngine.UI.rsp
[181/973    0s] WriteText Library/Bee/artifacts/StandaloneLinux64_CodeGen/UnityEditor.TestRunner.dll.mvfrm.rsp
[182/973    0s] WriteText Library/Bee/artifacts/StandaloneLinux64_CodeGen/UnityEditor.TestRunner.rsp
[183/973    0s] WriteText Library/Bee/artifacts/StandaloneLinux64_CodeGen/UnityEditor.UI.UnityAdditionalFile.txt
[184/973    0s] WriteText Library/Bee/artifacts/StandaloneLinux64_CodeGen/UnityEditor.UI.rsp2
[185/973    0s] WriteText Library/Bee/artifacts/2400b0aP.dag/Unity.Burst.rsp2
[186/973    0s] WriteText Library/Bee/artifacts/2400b0aP.dag/Unity.Burst.UnityAdditionalFile.txt
[187/973    0s] WriteText Library/Bee/artifacts/2400b0aP.dag/Unity.Mathematics.UnityAdditionalFile.txt
[188/973    0s] WriteText Library/Bee/artifacts/2400b0aP.dag/Unity.Mathematics.rsp2
[189/973    0s] WriteText Library/Bee/artifacts/StandaloneLinux64_CodeGen/UnityEditor.UI.dll.mvfrm.rsp
[190/973    0s] WriteText Library/Bee/artifacts/StandaloneLinux64_CodeGen/UnityEditor.UI.rsp
[191/973    0s] WriteText Library/Bee/artifacts/StandaloneLinux64_CodeGen/Unity.Burst.rsp2
[192/973    0s] WriteText Library/Bee/artifacts/StandaloneLinux64_CodeGen/Unity.Burst.UnityAdditionalFile.txt
[193/973    0s] WriteText Library/Bee/artifacts/StandaloneLinux64_CodeGen/Unity.Mathematics.UnityAdditionalFile.txt
[194/973    0s] WriteText Library/Bee/artifacts/StandaloneLinux64_CodeGen/Unity.Mathematics.rsp2
[196/973    0s] WriteText Library/Bee/artifacts/2400b0aP.dag/Unity.Burst.dll.mvfrm.rsp
[197/973    0s] WriteText Library/Bee/artifacts/2400b0aP.dag/Unity.Burst.rsp
[198/973    0s] WriteText Library/Bee/artifacts/2400b0aP.dag/Unity.Collections.rsp2
[199/973    0s] WriteText Library/Bee/artifacts/2400b0aP.dag/Unity.Collections.UnityAdditionalFile.txt
[200/973    0s] WriteText Library/Bee/artifacts/2400b0aP.dag/Unity.Mathematics.dll.mvfrm.rsp
[201/973    0s] WriteText Library/Bee/artifacts/2400b0aP.dag/Unity.Mathematics.rsp
[202/973    0s] WriteText Library/Bee/artifacts/StandaloneLinux64_CodeGen/Unity.Burst.dll.mvfrm.rsp
[203/973    0s] WriteText Library/Bee/artifacts/StandaloneLinux64_CodeGen/Unity.Burst.rsp
[204/973    0s] WriteText Library/Bee/artifacts/StandaloneLinux64_CodeGen/Unity.Mathematics.dll.mvfrm.rsp
[205/973    0s] WriteText Library/Bee/artifacts/StandaloneLinux64_CodeGen/Unity.Mathematics.rsp
[206/973    0s] WriteText Library/Bee/artifacts/StandaloneLinux64_CodeGen/Unity.Collections.UnityAdditionalFile.txt
[207/973    0s] WriteText Library/Bee/artifacts/StandaloneLinux64_CodeGen/Unity.Collections.rsp2
[208/973    0s] WriteText Library/Bee/artifacts/2400b0aP.dag/Unity.Collections.dll.mvfrm.rsp
[209/973    0s] WriteText Library/Bee/artifacts/2400b0aP.dag/Unity.Collections.rsp
[210/973    0s] WriteText Library/Bee/artifacts/StandaloneLinux64_CodeGen/Unity.Collections.dll.mvfrm.rsp
[211/973    0s] WriteText Library/Bee/artifacts/StandaloneLinux64_CodeGen/Unity.Collections.rsp
[212/973    0s] WriteText Library/Bee/artifacts/2400b0aP.dag/GameCore.Contracts.UnityAdditionalFile.txt
[213/973    0s] WriteText Library/Bee/artifacts/2400b0aP.dag/GameCore.Contracts.rsp2
[214/973    0s] WriteText Library/Bee/artifacts/StandaloneLinux64_CodeGen/Unity.Profiling.Core.UnityAdditionalFile.txt
[215/973    0s] WriteText Library/Bee/artifacts/StandaloneLinux64_CodeGen/Unity.Mathematics.Extensions.rsp2
[216/973    0s] WriteText Library/Bee/artifacts/StandaloneLinux64_CodeGen/Unity.Mathematics.Extensions.UnityAdditionalFile.txt
[217/973    0s] WriteText Library/Bee/artifacts/StandaloneLinux64_CodeGen/Unity.Profiling.Core.rsp2
[218/973    0s] WriteText Library/Bee/artifacts/StandaloneLinux64_CodeGen/Unity.Serialization.UnityAdditionalFile.txt
[219/973    0s] WriteText Library/Bee/artifacts/StandaloneLinux64_CodeGen/Unity.Serialization.rsp2
[220/973    0s] WriteText Library/Bee/artifacts/2400b0aP.dag/Unity.Mathematics.Extensions.rsp2
[221/973    0s] WriteText Library/Bee/artifacts/2400b0aP.dag/Unity.Mathematics.Extensions.UnityAdditionalFile.txt
[222/973    0s] WriteText Library/Bee/artifacts/2400b0aP.dag/Unity.Serialization.UnityAdditionalFile.txt
[223/973    0s] WriteText Library/Bee/artifacts/2400b0aP.dag/Unity.Profiling.Core.UnityAdditionalFile.txt
[224/973    0s] WriteText Library/Bee/artifacts/2400b0aP.dag/Unity.Profiling.Core.rsp2
[225/973    0s] WriteText Library/Bee/artifacts/2400b0aP.dag/Unity.Serialization.rsp2
[226/973    0s] WriteText Library/Bee/artifacts/2400b0aP.dag/Unity.Entities.UnityAdditionalFile.txt
[227/973    0s] WriteText Library/Bee/artifacts/2400b0aP.dag/Unity.Entities.rsp2
[228/973    0s] WriteText Library/Bee/artifacts/2400b0aP.dag/Unity.Mathematics.Extensions.dll.mvfrm.rsp
[229/973    0s] WriteText Library/Bee/artifacts/2400b0aP.dag/Unity.Mathematics.Extensions.rsp
[230/973    0s] WriteText Library/Bee/artifacts/2400b0aP.dag/Unity.Profiling.Core.dll.mvfrm.rsp
[231/973    0s] WriteText Library/Bee/artifacts/2400b0aP.dag/Unity.Serialization.dll.mvfrm.rsp
[232/973    0s] WriteText Library/Bee/artifacts/2400b0aP.dag/Unity.Profiling.Core.rsp
[233/973    0s] WriteText Library/Bee/artifacts/2400b0aP.dag/Unity.Serialization.rsp
[234/973    0s] WriteText Library/Bee/artifacts/StandaloneLinux64_CodeGen/Unity.Profiling.Core.dll.mvfrm.rsp
[235/973    0s] WriteText Library/Bee/artifacts/StandaloneLinux64_CodeGen/Unity.Mathematics.Extensions.dll.mvfrm.rsp
[236/973    0s] WriteText Library/Bee/artifacts/2400b0aP.dag/GameCore.Contracts.dll.mvfrm.rsp
[237/973    0s] WriteText Library/Bee/artifacts/StandaloneLinux64_CodeGen/Unity.Serialization.dll.mvfrm.rsp
[238/973    0s] MovedFromExtractor Library/Bee/artifacts/mvdfrm/UnityEngine.GridModule.dll_397B094EEBDA81D3.mvfrm
[239/973    0s] WriteText Library/Bee/artifacts/StandaloneLinux64_CodeGen/Unity.Serialization.rsp
[240/973    0s] WriteText Library/Bee/artifacts/StandaloneLinux64_CodeGen/Unity.Mathematics.Extensions.rsp
[241/973    0s] WriteText Library/Bee/artifacts/StandaloneLinux64_CodeGen/Unity.Profiling.Core.rsp
[242/973    0s] WriteText Library/Bee/artifacts/2400b0aP.dag/GameCore.Contracts.rsp
[243/973    0s] WriteText Library/Bee/artifacts/StandaloneLinux64_CodeGen/Unity.Entities.rsp2
[244/973    0s] WriteText Library/Bee/artifacts/StandaloneLinux64_CodeGen/Unity.Entities.UnityAdditionalFile.txt
[245/973    0s] WriteText Library/Bee/artifacts/2400b0aP.dag/GameCore.Composition.UnityAdditionalFile.txt
[246/973    0s] WriteText Library/Bee/artifacts/2400b0aP.dag/GameCore.Composition.rsp2
[247/973    0s] WriteText Library/Bee/artifacts/2400b0aP.dag/Unity.Entities.dll.mvfrm.rsp
[248/973    0s] WriteText Library/Bee/artifacts/2400b0aP.dag/Unity.Entities.rsp
[249/973    0s] WriteText Library/Bee/artifacts/2400b0aP.dag/GameCore.Planning.UnityAdditionalFile.txt
[250/973    0s] WriteText Library/Bee/artifacts/2400b0aP.dag/GameCore.Planning.rsp2
[251/973    0s] WriteText Library/Bee/artifacts/2400b0aP.dag/GameCore.Derivation.rsp2
[252/973    0s] WriteText Library/Bee/artifacts/2400b0aP.dag/GameCore.Derivation.UnityAdditionalFile.txt
[253/973    0s] WriteText Library/Bee/artifacts/2400b0aP.dag/GameCore.Unity.Runtime.UnityAdditionalFile.txt
[254/973    0s] WriteText Library/Bee/artifacts/2400b0aP.dag/GameCore.Unity.Runtime.rsp2
[255/973    0s] WriteText Library/Bee/artifacts/2400b0aP.dag/GameCore.Composition.dll.mvfrm.rsp
[256/973    0s] MovedFromExtractor Library/Bee/artifacts/mvdfrm/UnityEngine.PerformanceReportingModule.dll_C82DCBABE9485C9B.mvfrm
[257/973    0s] WriteText Library/Bee/artifacts/2400b0aP.dag/GameCore.Composition.rsp
[258/973    0s] WriteText Library/Bee/artifacts/StandaloneLinux64_CodeGen/Unity.Entities.dll.mvfrm.rsp
[259/973    0s] WriteText Library/Bee/artifacts/StandaloneLinux64_CodeGen/Unity.Entities.rsp
[260/973    0s] WriteText Library/Bee/artifacts/2400b0aP.dag/GameCore.Planning.dll.mvfrm.rsp
[261/973    0s] WriteText Library/Bee/artifacts/2400b0aP.dag/GameCore.Derivation.dll.mvfrm.rsp
[262/973    0s] MovedFromExtractor Library/Bee/artifacts/mvdfrm/UnityEngine.HierarchyCoreModule.dll_E577530C518ADF7B.mvfrm
[263/973    0s] WriteText Library/Bee/artifacts/2400b0aP.dag/GameCore.Planning.rsp
[264/973    0s] WriteText Library/Bee/artifacts/StandaloneLinux64_CodeGen/Unity.Entities.CodeGen.UnityAdditionalFile.txt
[265/973    0s] WriteText Library/Bee/artifacts/StandaloneLinux64_CodeGen/Unity.Burst.CodeGen.UnityAdditionalFile.txt
[266/973    0s] WriteText Library/Bee/artifacts/2400b0aP.dag/GameCore.Derivation.rsp
[267/973    0s] WriteText Library/Bee/artifacts/StandaloneLinux64_CodeGen/Unity.Burst.CodeGen.rsp2
[268/973    0s] WriteText Library/Bee/artifacts/StandaloneLinux64_CodeGen/Unity.Collections.CodeGen.UnityAdditionalFile.txt
[269/973    0s] WriteText Library/Bee/artifacts/StandaloneLinux64_CodeGen/Unity.Collections.CodeGen.rsp2
[270/973    0s] WriteText Library/Bee/artifacts/StandaloneLinux64_CodeGen/Unity.Entities.CodeGen.rsp2
[271/973    0s] MovedFromExtractor Library/Bee/artifacts/mvdfrm/UnityEngine.RuntimeInitializeOnLoadManagerInitializerModule.dll_5D65F5FC42C32449.mvfrm
[272/973    0s] WriteText Library/Bee/artifacts/2400b0aP.dag/GameCore.Unity.Runtime.dll.mvfrm.rsp
[273/973    0s] WriteText Library/Bee/artifacts/2400b0aP.dag/GameCore.Unity.Runtime.rsp
[274/973    0s] WriteText Library/Bee/artifacts/2400b0aP.dag/GameCore.Gameplay.Contracts.UnityAdditionalFile.txt
[275/973    0s] WriteText Library/Bee/artifacts/2400b0aP.dag/GameCore.Gameplay.Contracts.rsp2
[281/973    0s] WriteText Library/Bee/artifacts/StandaloneLinux64_CodeGen/Unity.Burst.CodeGen.dll.mvfrm.rsp
[282/973    0s] WriteText Library/Bee/artifacts/2400b0aP.dag/GameCore.Rules.Gameplay.UnityAdditionalFile.txt
[283/973    0s] WriteText Library/Bee/artifacts/StandaloneLinux64_CodeGen/Unity.Entities.CodeGen.dll.mvfrm.rsp
[284/973    0s] WriteText Library/Bee/artifacts/2400b0aP.dag/GameCore.Rules.Gameplay.rsp2
[285/973    0s] WriteText Library/Bee/artifacts/StandaloneLinux64_CodeGen/Unity.Collections.CodeGen.dll.mvfrm.rsp
[286/973    0s] WriteText Library/Bee/artifacts/StandaloneLinux64_CodeGen/Unity.Entities.CodeGen.rsp
[287/973    0s] WriteText Library/Bee/artifacts/StandaloneLinux64_CodeGen/Unity.Burst.CodeGen.rsp
[288/973    0s] WriteText Library/Bee/artifacts/StandaloneLinux64_CodeGen/Unity.Collections.CodeGen.rsp
[289/973    0s] WriteText Library/Bee/artifacts/2400b0aP.dag/GameCore.Unity.Adapters.rsp2
[290/973    0s] WriteText Library/Bee/artifacts/2400b0aP.dag/GameCore.Unity.Adapters.UnityAdditionalFile.txt
[291/973    0s] WriteText Library/Bee/artifacts/2400b0aP.dag/Unity.InputSystem.rsp2
[292/973    0s] WriteText Library/Bee/artifacts/2400b0aP.dag/Unity.InputSystem.UnityAdditionalFile.txt
[293/973    0s] WriteText Library/Bee/artifacts/2400b0aP.dag/GameCore.Gameplay.Contracts.dll.mvfrm.rsp
[294/973    0s] MovedFromExtractor Library/Bee/artifacts/mvdfrm/UnityEngine.LocalizationModule.dll_8A27B0B291C04DA6.mvfrm
[295/973    0s] WriteText Library/Bee/artifacts/2400b0aP.dag/Unity.InputSystem.dll.mvfrm.rsp
[296/973    0s] WriteText Library/Bee/artifacts/2400b0aP.dag/GameCore.Gameplay.Contracts.rsp
[297/973    0s] WriteText Library/Bee/artifacts/2400b0aP.dag/GameCore.Unity.Adapters.dll.mvfrm.rsp
[298/973    0s] WriteText Library/Bee/artifacts/2400b0aP.dag/GameCore.Unity.App.rsp2
[299/973    0s] WriteText Library/Bee/artifacts/2400b0aP.dag/GameCore.Unity.App.UnityAdditionalFile.txt
[300/973    0s] WriteText Library/Bee/artifacts/2400b0aP.dag/GameCore.Rules.Gameplay.dll.mvfrm.rsp
[301/973    0s] WriteText Library/Bee/artifacts/2400b0aP.dag/Unity.InputSystem.rsp
[302/973    0s] WriteText Library/Bee/artifacts/2400b0aP.dag/GameCore.Unity.Adapters.rsp
[303/973    0s] MovedFromExtractor Library/Bee/artifacts/mvdfrm/UnityEngine.JSONSerializeModule.dll_CE743F6DE218E70F.mvfrm
[304/973    0s] WriteText Library/Bee/artifacts/2400b0aP.dag/GameCore.Rules.Gameplay.rsp
[305/973    0s] WriteText Library/Bee/artifacts/2400b0aP.dag/GameCore.Gameplay.Entities.UnityAdditionalFile.txt
[306/973    0s] WriteText Library/Bee/artifacts/2400b0aP.dag/GameCore.Gameplay.Entities.rsp2
[307/973    0s] WriteText Library/Bee/artifacts/2400b0aP.dag/Unity.RenderPipelines.Core.Runtime.rsp2
[308/973    0s] WriteText Library/Bee/artifacts/2400b0aP.dag/Unity.RenderPipelines.Core.Runtime.UnityAdditionalFile.txt
[309/973    0s] WriteText Library/Bee/artifacts/2400b0aP.dag/GameCore.Unity.App.dll.mvfrm.rsp
[310/973    0s] WriteText Library/Bee/artifacts/2400b0aP.dag/GameCore.Unity.App.rsp
[311/973    0s] WriteText Library/Bee/artifacts/2400b0aP.dag/Unity.RenderPipelines.Core.Runtime.dll.mvfrm.rsp
[312/973    0s] WriteText Library/Bee/artifacts/2400b0aP.dag/GameCore.Gameplay.Entities.dll.mvfrm.rsp
[313/973    0s] WriteText Library/Bee/artifacts/2400b0aP.dag/Unity.RenderPipelines.Core.Runtime.rsp
[314/973    0s] WriteText Library/Bee/artifacts/2400b0aP.dag/GameCore.Gameplay.Entities.rsp
[315/973    0s] WriteText Library/Bee/artifacts/2400b0aP.dag/GameCore.Gameplay.World.UnityAdditionalFile.txt
[316/973    0s] WriteText Library/Bee/artifacts/2400b0aP.dag/GameCore.Gameplay.World.rsp2
[317/973    0s] WriteText Library/Bee/artifacts/2400b0aP.dag/Unity.RenderPipeline.Universal.ShaderLibrary.rsp2
[318/973    0s] WriteText Library/Bee/artifacts/2400b0aP.dag/Unity.RenderPipeline.Universal.ShaderLibrary.UnityAdditionalFile.txt
[319/973    0s] WriteText Library/Bee/artifacts/2400b0aP.dag/Unity.RenderPipelines.GPUDriven.Runtime.rsp2
[320/973    0s] WriteText Library/Bee/artifacts/2400b0aP.dag/Unity.RenderPipelines.Universal.Config.Runtime.UnityAdditionalFile.txt
[321/973    0s] WriteText Library/Bee/artifacts/2400b0aP.dag/Unity.RenderPipelines.Core.Runtime.Shared.rsp2
[322/973    0s] WriteText Library/Bee/artifacts/2400b0aP.dag/Unity.RenderPipelines.Universal.Config.Runtime.rsp2
[323/973    0s] WriteText Library/Bee/artifacts/2400b0aP.dag/Unity.RenderPipelines.GPUDriven.Runtime.UnityAdditionalFile.txt
[324/973    0s] WriteText Library/Bee/artifacts/2400b0aP.dag/Unity.RenderPipelines.Core.Runtime.Shared.UnityAdditionalFile.txt
[325/973    0s] WriteText Library/Bee/artifacts/2400b0aP.dag/GameCore.Gameplay.World.dll.mvfrm.rsp
[326/973    0s] WriteText Library/Bee/artifacts/2400b0aP.dag/GameCore.Gameplay.World.rsp
[327/973    0s] WriteText Library/Bee/artifacts/2400b0aP.dag/Unity.RenderPipeline.Universal.ShaderLibrary.dll.mvfrm.rsp
[328/973    0s] WriteText Library/Bee/artifacts/2400b0aP.dag/Unity.RenderPipelines.Universal.Config.Runtime.dll.mvfrm.rsp
[329/973    0s] WriteText Library/Bee/artifacts/2400b0aP.dag/Unity.RenderPipelines.Core.Runtime.Shared.dll.mvfrm.rsp
[330/973    0s] WriteText Library/Bee/artifacts/2400b0aP.dag/Unity.RenderPipelines.GPUDriven.Runtime.dll.mvfrm.rsp
[331/973    0s] WriteText Library/Bee/artifacts/2400b0aP.dag/Unity.RenderPipeline.Universal.ShaderLibrary.rsp
[332/973    0s] WriteText Library/Bee/artifacts/2400b0aP.dag/Unity.RenderPipelines.Core.Runtime.Shared.rsp
[333/973    0s] WriteText Library/Bee/artifacts/2400b0aP.dag/Unity.RenderPipelines.GPUDriven.Runtime.rsp
[334/973    0s] WriteText Library/Bee/artifacts/2400b0aP.dag/Unity.RenderPipelines.Universal.Config.Runtime.rsp
[335/973    0s] WriteText Library/Bee/artifacts/2400b0aP.dag/Unity.RenderPipelines.Universal.Runtime.rsp2
[336/973    0s] WriteText Library/Bee/artifacts/2400b0aP.dag/Unity.RenderPipelines.Universal.Runtime.UnityAdditionalFile.txt
[337/973    0s] WriteText Library/Bee/artifacts/2400b0aP.dag/Unity.Transforms.UnityAdditionalFile.txt
[338/973    0s] WriteText Library/Bee/artifacts/2400b0aP.dag/Unity.Transforms.rsp2
[339/973    0s] WriteText Library/Bee/artifacts/2400b0aP.dag/GameCore.Gameplay.Logic.UnityAdditionalFile.txt
[340/973    0s] WriteText Library/Bee/artifacts/2400b0aP.dag/GameCore.Gameplay.Logic.rsp2
[341/973    0s] WriteText Library/Bee/artifacts/2400b0aP.dag/Unity.RenderPipelines.Universal.Runtime.dll.mvfrm.rsp
[342/973    0s] WriteText Library/Bee/artifacts/2400b0aP.dag/Unity.RenderPipelines.Universal.Runtime.rsp
[343/973    0s] WriteText Library/Bee/artifacts/2400b0aP.dag/Unity.Transforms.dll.mvfrm.rsp
[344/973    0s] WriteText Library/Bee/artifacts/2400b0aP.dag/Unity.Transforms.rsp
[345/973    0s] WriteText Library/Bee/artifacts/2400b0aP.dag/GameCore.Gameplay.Save.rsp2
[346/973    0s] WriteText Library/Bee/artifacts/2400b0aP.dag/GameCore.Gameplay.Save.UnityAdditionalFile.txt
[347/973    0s] WriteText Library/Bee/artifacts/2400b0aP.dag/GameCore.Gameplay.Logic.dll.mvfrm.rsp
[348/973    0s] WriteText Library/Bee/artifacts/2400b0aP.dag/GameCore.Gameplay.Logic.rsp
[349/973    0s] WriteText Library/Bee/artifacts/2400b0aP.dag/GameCore.Rules.Cards.rsp2
[350/973    0s] WriteText Library/Bee/artifacts/2400b0aP.dag/GameCore.Rules.Narrative.UnityAdditionalFile.txt
[351/973    0s] WriteText Library/Bee/artifacts/2400b0aP.dag/GameCore.Rules.Cards.UnityAdditionalFile.txt
[352/973    0s] WriteText Library/Bee/artifacts/2400b0aP.dag/GameCore.Rules.Narrative.rsp2
[353/973    0s] WriteText Library/Bee/artifacts/2400b0aP.dag/GameCore.Gameplay.Save.dll.mvfrm.rsp
[354/973    0s] WriteText Library/Bee/artifacts/2400b0aP.dag/GameCore.Gameplay.Save.rsp
[355/973    0s] WriteText Library/Bee/artifacts/2400b0aP.dag/Unity.Scenes.rsp2
[356/973    0s] WriteText Library/Bee/artifacts/2400b0aP.dag/Unity.Entities.Hybrid.HybridComponents.UnityAdditionalFile.txt
[357/973    0s] WriteText Library/Bee/artifacts/2400b0aP.dag/Unity.Entities.Hybrid.HybridComponents.rsp2
[358/973    0s] WriteText Library/Bee/artifacts/2400b0aP.dag/Unity.Scenes.UnityAdditionalFile.txt
[359/973    0s] WriteText Library/Bee/artifacts/2400b0aP.dag/GameCore.Gameplay.Audio.UnityAdditionalFile.txt
[360/973    0s] WriteText Library/Bee/artifacts/2400b0aP.dag/GameCore.Gameplay.Dialogue.UnityAdditionalFile.txt
[361/973    0s] WriteText Library/Bee/artifacts/2400b0aP.dag/GameCore.Gameplay.Dialogue.rsp2
[362/973    0s] WriteText Library/Bee/artifacts/2400b0aP.dag/GameCore.Gameplay.Ui.rsp2
[363/973    0s] WriteText Library/Bee/artifacts/2400b0aP.dag/GameCore.Gameplay.Ui.UnityAdditionalFile.txt
[364/973    0s] WriteText Library/Bee/artifacts/2400b0aP.dag/GameCore.Gameplay.Npc.rsp2
[365/973    0s] WriteText Library/Bee/artifacts/2400b0aP.dag/GameCore.Gameplay.Npc.UnityAdditionalFile.txt
[366/973    0s] WriteText Library/Bee/artifacts/2400b0aP.dag/GameCore.Gameplay.Quest.UnityAdditionalFile.txt
[367/973    0s] WriteText Library/Bee/artifacts/2400b0aP.dag/GameCore.Gameplay.Quest.rsp2
[368/973    0s] WriteText Library/Bee/artifacts/2400b0aP.dag/GameCore.Gameplay.Audio.rsp2
[369/973    0s] WriteText Library/Bee/artifacts/2400b0aP.dag/GameCore.Gameplay.Inventory.rsp2
[370/973    0s] WriteText Library/Bee/artifacts/2400b0aP.dag/GameCore.Gameplay.Inventory.UnityAdditionalFile.txt
[371/973    0s] WriteText Library/Bee/artifacts/2400b0aP.dag/GameCore.Gameplay.Interaction.UnityAdditionalFile.txt
[372/973    0s] WriteText Library/Bee/artifacts/2400b0aP.dag/GameCore.Gameplay.Interaction.rsp2
[373/973    0s] WriteText Library/Bee/artifacts/2400b0aP.dag/GameCore.Rules.Cards.dll.mvfrm.rsp
[374/973    0s] WriteText Library/Bee/artifacts/2400b0aP.dag/GameCore.Rules.Narrative.dll.mvfrm.rsp
[375/973    0s] WriteText Library/Bee/artifacts/2400b0aP.dag/Unity.Scenes.dll.mvfrm.rsp
[376/973    0s] WriteText Library/Bee/artifacts/2400b0aP.dag/Unity.Entities.Hybrid.HybridComponents.dll.mvfrm.rsp
[377/973    0s] MovedFromExtractor Library/Bee/artifacts/mvdfrm/UnityEngine.MultiplayerModule.dll_D7655C20AAB7DBF1.mvfrm
[378/973    0s] MovedFromExtractor Library/Bee/artifacts/mvdfrm/UnityEngine.PhysicsModule.dll_7550C6F32D816A8E.mvfrm
[379/973    0s] WriteText Library/Bee/artifacts/2400b0aP.dag/GameCore.Rules.Cards.rsp
[380/973    0s] WriteText Library/Bee/artifacts/2400b0aP.dag/Unity.Scenes.rsp
[381/973    0s] WriteText Library/Bee/artifacts/2400b0aP.dag/Unity.Entities.Hybrid.HybridComponents.rsp
[382/973    0s] WriteText Library/Bee/artifacts/2400b0aP.dag/GameCore.Rules.Narrative.rsp
[383/973    0s] WriteText Library/Bee/artifacts/2400b0aP.dag/GameCore.Gameplay.Ui.dll.mvfrm.rsp
[384/973    0s] WriteText Library/Bee/artifacts/2400b0aP.dag/GameCore.Gameplay.Audio.dll.mvfrm.rsp
[385/973    0s] WriteText Library/Bee/artifacts/2400b0aP.dag/GameCore.Gameplay.Inventory.dll.mvfrm.rsp
[386/973    0s] WriteText Library/Bee/artifacts/2400b0aP.dag/GameCore.Gameplay.Interaction.dll.mvfrm.rsp
[387/973    0s] WriteText Library/Bee/artifacts/2400b0aP.dag/GameCore.Gameplay.Dialogue.dll.mvfrm.rsp
[388/973    0s] WriteText Library/Bee/artifacts/2400b0aP.dag/GameCore.Gameplay.Npc.dll.mvfrm.rsp
[389/973    0s] WriteText Library/Bee/artifacts/2400b0aP.dag/GameCore.Gameplay.Quest.dll.mvfrm.rsp
[390/973    0s] WriteText Library/Bee/artifacts/2400b0aP.dag/GameCore.Gameplay.Cards.rsp2
[391/973    0s] WriteText Library/Bee/artifacts/2400b0aP.dag/GameCore.Gameplay.Cards.UnityAdditionalFile.txt
[392/973    0s] WriteText Library/Bee/artifacts/2400b0aP.dag/GameCore.Gameplay.Narrative.UnityAdditionalFile.txt
[393/973    0s] WriteText Library/Bee/artifacts/2400b0aP.dag/GameCore.Gameplay.Narrative.rsp2
[394/973    0s] WriteText Library/Bee/artifacts/2400b0aP.dag/GameCore.Gameplay.Ui.rsp
[395/973    0s] WriteText Library/Bee/artifacts/2400b0aP.dag/GameCore.Gameplay.Dialogue.rsp
[396/973    0s] WriteText Library/Bee/artifacts/2400b0aP.dag/GameCore.Gameplay.Npc.rsp
[397/973    0s] WriteText Library/Bee/artifacts/2400b0aP.dag/GameCore.Gameplay.Inventory.rsp
[398/973    0s] WriteText Library/Bee/artifacts/2400b0aP.dag/GameCore.Gameplay.Quest.rsp
[399/973    0s] WriteText Library/Bee/artifacts/2400b0aP.dag/GameCore.Gameplay.Interaction.rsp
[400/973    0s] WriteText Library/Bee/artifacts/2400b0aP.dag/GameCore.Gameplay.Audio.rsp
[401/973    0s] WriteText Library/Bee/artifacts/2400b0aP.dag/GameCore.Rules.Traversal.rsp2
[402/973    0s] WriteText Library/Bee/artifacts/2400b0aP.dag/Hollowmere.UiAudio.UnityAdditionalFile.txt
[403/973    0s] WriteText Library/Bee/artifacts/2400b0aP.dag/GameCore.Gameplay.Player.rsp2
[404/973    0s] WriteText Library/Bee/artifacts/2400b0aP.dag/Hollowmere.Narrative.UnityAdditionalFile.txt
[405/973    0s] WriteText Library/Bee/artifacts/2400b0aP.dag/Hollowmere.UiAudio.rsp2
[406/973    0s] WriteText Library/Bee/artifacts/2400b0aP.dag/GameCore.Rules.Traversal.UnityAdditionalFile.txt
[407/973    0s] WriteText Library/Bee/artifacts/2400b0aP.dag/Hollowmere.Narrative.rsp2
[408/973    0s] WriteText Library/Bee/artifacts/2400b0aP.dag/GameCore.Gameplay.Player.UnityAdditionalFile.txt
[409/973    0s] WriteText Library/Bee/artifacts/2400b0aP.dag/GameCore.Gameplay.Cards.dll.mvfrm.rsp
[410/973    0s] WriteText Library/Bee/artifacts/2400b0aP.dag/Unity.Entities.Hybrid.UnityAdditionalFile.txt
[411/973    0s] WriteText Library/Bee/artifacts/2400b0aP.dag/GameCore.Gameplay.Narrative.dll.mvfrm.rsp
[412/973    0s] WriteText Library/Bee/artifacts/2400b0aP.dag/Unity.Entities.Hybrid.rsp2
[413/973    0s] WriteText Library/Bee/artifacts/2400b0aP.dag/GameCore.Gameplay.Player.dll.mvfrm.rsp
[414/973    0s] WriteText Library/Bee/artifacts/2400b0aP.dag/Hollowmere.UiAudio.dll.mvfrm.rsp
[415/973    0s] WriteText Library/Bee/artifacts/2400b0aP.dag/GameCore.Rules.Traversal.dll.mvfrm.rsp
[416/973    0s] WriteText Library/Bee/artifacts/2400b0aP.dag/Unity.Entities.Hybrid.dll.mvfrm.rsp
[417/973    0s] WriteText Library/Bee/artifacts/2400b0aP.dag/GameCore.Gameplay.Narrative.rsp
[418/973    0s] WriteText Library/Bee/artifacts/2400b0aP.dag/GameCore.Gameplay.Cards.rsp
[419/973    0s] WriteText Library/Bee/artifacts/2400b0aP.dag/Hollowmere.Narrative.dll.mvfrm.rsp
[420/973    0s] WriteText Library/Bee/artifacts/2400b0aP.dag/GameCore.Derivation.Fixtures.rsp2
[421/973    0s] WriteText Library/Bee/artifacts/2400b0aP.dag/GameCore.Derivation.Fixtures.UnityAdditionalFile.txt
[422/973    0s] WriteText Library/Bee/artifacts/2400b0aP.dag/Unity.Entities.Hybrid.rsp
[423/973    0s] WriteText Library/Bee/artifacts/2400b0aP.dag/GameCore.Gameplay.Player.rsp
[424/973    0s] WriteText Library/Bee/artifacts/2400b0aP.dag/GameCore.Rules.Traversal.rsp
[425/973    0s] WriteText Library/Bee/artifacts/2400b0aP.dag/Hollowmere.UiAudio.rsp
[426/973    0s] WriteText Library/Bee/artifacts/2400b0aP.dag/Hollowmere.Narrative.rsp
[427/973    0s] MovedFromExtractor Library/Bee/artifacts/mvdfrm/UnityEngine.InputLegacyModule.dll_E9025AB289E2046A.mvfrm
[428/973    0s] WriteText Library/Bee/artifacts/2400b0aP.dag/GameCore.Derivation.Fixtures.dll.mvfrm.rsp
[429/973    0s] WriteText Library/Bee/artifacts/2400b0aP.dag/GameCore.Gameplay.Integration.rsp2
[430/973    0s] WriteText Library/Bee/artifacts/2400b0aP.dag/Hollowmere.Checkpoint.UnityAdditionalFile.txt
[431/973    0s] WriteText Library/Bee/artifacts/2400b0aP.dag/Hollowmere.Checkpoint.rsp2
[432/973    0s] WriteText Library/Bee/artifacts/2400b0aP.dag/Hollowmere.Boot.UnityAdditionalFile.txt
[433/973    0s] WriteText Library/Bee/artifacts/2400b0aP.dag/GameCore.Gameplay.Integration.UnityAdditionalFile.txt
[434/973    0s] WriteText Library/Bee/artifacts/2400b0aP.dag/Hollowmere.Boot.rsp2
[435/973    0s] WriteText Library/Bee/artifacts/2400b0aP.dag/GameCore.Gameplay.Traversal.rsp2
[436/973    0s] WriteText Library/Bee/artifacts/2400b0aP.dag/GameCore.Gameplay.Traversal.UnityAdditionalFile.txt
[437/973    0s] MovedFromExtractor Library/Bee/artifacts/mvdfrm/UnityEngine.PropertiesModule.dll_608E989DAC413050.mvfrm
[438/973    0s] WriteText Library/Bee/artifacts/2400b0aP.dag/GameCore.Derivation.Fixtures.rsp
[439/973    0s] WriteText Library/Bee/artifacts/2400b0aP.dag/Hollowmere.Boot.dll.mvfrm.rsp
[440/973    0s] WriteText Library/Bee/artifacts/2400b0aP.dag/Hollowmere.Checkpoint.dll.mvfrm.rsp
[441/973    0s] WriteText Library/Bee/artifacts/2400b0aP.dag/GameCore.Gameplay.Integration.dll.mvfrm.rsp
[442/973    0s] WriteText Library/Bee/artifacts/2400b0aP.dag/GameCore.Gameplay.Traversal.dll.mvfrm.rsp
[443/973    0s] WriteText Library/Bee/artifacts/2400b0aP.dag/Hollowmere.Boot.rsp
[444/973    0s] WriteText Library/Bee/artifacts/2400b0aP.dag/Hollowmere.Checkpoint.rsp
[445/973    0s] WriteText Library/Bee/artifacts/2400b0aP.dag/GameCore.Gameplay.Integration.rsp
[446/973    0s] WriteText Library/Bee/artifacts/2400b0aP.dag/GameCore.Gameplay.Traversal.rsp
[447/973    0s] WriteText Library/Bee/artifacts/2400b0aP.dag/Hollowmere.Game.dll.mvfrm.rsp
[448/973    0s] WriteText Library/Bee/artifacts/2400b0aP.dag/GameCore.Gameplay.Narrative.Fixtures.dll.mvfrm.rsp
[449/973    0s] WriteText Library/Bee/artifacts/2400b0aP.dag/Unity.TextMeshPro.dll.mvfrm.rsp
[450/973    0s] WriteText Library/Bee/artifacts/2400b0aP.dag/Unity.Rendering.LightTransport.Runtime.dll.mvfrm.rsp
[451/973    0s] WriteText Library/Bee/artifacts/2400b0aP.dag/Hollowmere.World.Generated.dll.mvfrm.rsp
[452/973    0s] WriteText Library/Bee/artifacts/2400b0aP.dag/Unity.ScriptableBuildPipeline.dll.mvfrm.rsp
[453/973    0s] WriteText Library/Bee/artifacts/2400b0aP.dag/Unity.RenderPipelines.Universal.Shaders.dll.mvfrm.rsp
[454/973    0s] WriteText Library/Bee/artifacts/2400b0aP.dag/Unity.InternalAPIEngineBridge.002.dll.mvfrm.rsp
[455/973    0s] WriteText Library/Bee/artifacts/2400b0aP.dag/Unity.RenderPipelines.Core.ShaderLibrary.dll.mvfrm.rsp
[456/973    0s] WriteText Library/Bee/artifacts/2400b0aP.dag/GameCore.Unity.Adapters.Fixtures.dll.mvfrm.rsp
[457/973    0s] MovedFromExtractor Library/Bee/artifacts/mvdfrm/UnityEngine.IdentifiersModule.dll_3046C789B4691C91.mvfrm
[458/973    0s] WriteText Library/Bee/artifacts/2400b0aP.dag/Unity.RenderPipelines.Universal.2D.Runtime.dll.mvfrm.rsp
[459/973    0s] WriteText Library/Bee/artifacts/2400b0aP.dag/GameCore.Unity.Fixtures.dll.mvfrm.rsp
[460/973    0s] WriteText Library/Bee/artifacts/2400b0aP.dag/Unity.Transforms.Hybrid.dll.mvfrm.rsp
[461/973    0s] WriteText Library/Bee/artifacts/2400b0aP.dag/Unity.Deformations.dll.mvfrm.rsp
[462/973    0s] WriteText Library/Bee/artifacts/2400b0aP.dag/Unity.RenderPipelines.ShaderGraph.ShaderGraphLibrary.dll.mvfrm.rsp
[463/973    0s] WriteText Library/Bee/artifacts/2400b0aP.dag/GameCore.Gameplay.Traversal.Fixtures.dll.mvfrm.rsp
[464/973    0s] WriteText Library/Bee/artifacts/2400b0aP.dag/Unity.AI.Navigation.dll.mvfrm.rsp
[465/973    0s] WriteText Library/Bee/artifacts/2400b0aP.dag/Unity.Mathematics.Extensions.Hybrid.dll.mvfrm.rsp
[466/973    0s] WriteText Library/Bee/artifacts/2400b0aP.dag/GameCore.Gameplay.Rewards.dll.mvfrm.rsp
[467/973    0s] WriteText Library/Bee/artifacts/2400b0aP.dag/Unity.Entities.UI.dll.mvfrm.rsp
[468/973    0s] WriteText Library/Bee/artifacts/2400b0aP.dag/GameCore.Gameplay.Cards.Fixtures.dll.mvfrm.rsp
[469/973    0s] WriteText Library/Bee/artifacts/2400b0aP.dag/Unity.Rendering.LightTransport.Runtime.rsp2
[470/973    0s] WriteText Library/Bee/artifacts/2400b0aP.dag/GameCore.Gameplay.Narrative.Fixtures.rsp2
[471/973    0s] WriteText Library/Bee/artifacts/2400b0aP.dag/Unity.Transforms.Hybrid.UnityAdditionalFile.txt
[472/973    0s] WriteText Library/Bee/artifacts/2400b0aP.dag/Unity.InputSystem.ForUI.dll.mvfrm.rsp
[473/973    0s] WriteText Library/Bee/artifacts/2400b0aP.dag/Unity.RenderPipelines.Universal.Shaders.UnityAdditionalFile.txt
[474/973    0s] WriteText Library/Bee/artifacts/2400b0aP.dag/GameCore.Gameplay.Narrative.Fixtures.UnityAdditionalFile.txt
[475/973    0s] WriteText Library/Bee/artifacts/2400b0aP.dag/GameCore.Unity.Fixtures.rsp2
[476/973    0s] WriteText Library/Bee/artifacts/2400b0aP.dag/Hollowmere.Game.rsp2
[477/973    0s] WriteText Library/Bee/artifacts/2400b0aP.dag/Hollowmere.World.Generated.rsp2
[478/973    0s] WriteText Library/Bee/artifacts/2400b0aP.dag/GameCore.Gameplay.Cards.Fixtures.UnityAdditionalFile.txt
[479/973    0s] WriteText Library/Bee/artifacts/2400b0aP.dag/Unity.Rendering.LightTransport.Runtime.UnityAdditionalFile.txt
[480/973    0s] WriteText Library/Bee/artifacts/2400b0aP.dag/GameCore.Unity.Adapters.Fixtures.UnityAdditionalFile.txt
[481/973    0s] WriteText Library/Bee/artifacts/2400b0aP.dag/GameCore.Unity.Adapters.Fixtures.rsp2
[482/973    0s] WriteText Library/Bee/artifacts/2400b0aP.dag/GameCore.Gameplay.Rewards.UnityAdditionalFile.txt
[483/973    0s] WriteText Library/Bee/artifacts/2400b0aP.dag/Unity.TextMeshPro.rsp2
[484/973    0s] WriteText Library/Bee/artifacts/2400b0aP.dag/Unity.Mathematics.Extensions.Hybrid.UnityAdditionalFile.txt
[485/973    0s] WriteText Library/Bee/artifacts/2400b0aP.dag/Unity.Deformations.UnityAdditionalFile.txt
[486/973    0s] MovedFromExtractor Library/Bee/artifacts/mvdfrm/UnityEngine.InputModule.dll_F24AF42766F5CEC1.mvfrm
[487/973    0s] WriteText Library/Bee/artifacts/2400b0aP.dag/Unity.Entities.UI.rsp2
[488/973    0s] WriteText Library/Bee/artifacts/2400b0aP.dag/Unity.Mathematics.Extensions.Hybrid.rsp2
[489/973    0s] WriteText Library/Bee/artifacts/2400b0aP.dag/Unity.InputSystem.ForUI.rsp2
[490/973    0s] WriteText Library/Bee/artifacts/2400b0aP.dag/Unity.RenderPipelines.ShaderGraph.ShaderGraphLibrary.rsp2
[491/973    0s] WriteText Library/Bee/artifacts/2400b0aP.dag/Unity.AI.Navigation.UnityAdditionalFile.txt
[492/973    0s] WriteText Library/Bee/artifacts/2400b0aP.dag/Unity.RenderPipelines.Universal.2D.Runtime.UnityAdditionalFile.txt
[493/973    0s] WriteText Library/Bee/artifacts/2400b0aP.dag/Hollowmere.World.Generated.UnityAdditionalFile.txt
[494/973    0s] WriteText Library/Bee/artifacts/2400b0aP.dag/GameCore.Gameplay.Rewards.rsp2
[495/973    0s] WriteText Library/Bee/artifacts/2400b0aP.dag/Unity.ScriptableBuildPipeline.UnityAdditionalFile.txt
[496/973    0s] MovedFromExtractor-Combine Library/Bee/artifacts/StandaloneLinux64_CodeGen/UnityEngine.TestRunner.dll.mvfrm
[497/973    0s] WriteText Library/Bee/artifacts/2400b0aP.dag/Unity.RenderPipelines.ShaderGraph.ShaderGraphLibrary.UnityAdditionalFile.txt
[498/973    0s] WriteText Library/Bee/artifacts/2400b0aP.dag/Unity.Transforms.Hybrid.rsp2
[499/973    0s] WriteText Library/Bee/artifacts/2400b0aP.dag/Unity.Deformations.rsp2
[500/973    0s] WriteText Library/Bee/artifacts/2400b0aP.dag/GameCore.Unity.Fixtures.UnityAdditionalFile.txt
[501/973    0s] WriteText Library/Bee/artifacts/2400b0aP.dag/Unity.InternalAPIEngineBridge.002.rsp2
[502/973    0s] WriteText Library/Bee/artifacts/2400b0aP.dag/Unity.RenderPipelines.Core.ShaderLibrary.UnityAdditionalFile.txt
[503/973    0s] WriteText Library/Bee/artifacts/2400b0aP.dag/Unity.RenderPipelines.Core.ShaderLibrary.rsp2
[504/973    0s] WriteText Library/Bee/artifacts/2400b0aP.dag/GameCore.Gameplay.Traversal.Fixtures.rsp2
[505/973    0s] WriteText Library/Bee/artifacts/2400b0aP.dag/Unity.ScriptableBuildPipeline.rsp2
[506/973    0s] WriteText Library/Bee/artifacts/2400b0aP.dag/Unity.InputSystem.ForUI.UnityAdditionalFile.txt
[507/973    0s] WriteText Library/Bee/artifacts/2400b0aP.dag/GameCore.Gameplay.Cards.Fixtures.rsp2
[508/973    0s] WriteText Library/Bee/artifacts/2400b0aP.dag/Unity.AI.Navigation.rsp2
[509/973    0s] WriteText Library/Bee/artifacts/2400b0aP.dag/Unity.TextMeshPro.UnityAdditionalFile.txt
[510/973    0s] WriteText Library/Bee/artifacts/2400b0aP.dag/GameCore.Gameplay.Traversal.Fixtures.UnityAdditionalFile.txt
[511/973    0s] WriteText Library/Bee/artifacts/2400b0aP.dag/Unity.RenderPipelines.Universal.Shaders.rsp2
[512/973    0s] WriteText Library/Bee/artifacts/2400b0aP.dag/Unity.RenderPipelines.Universal.2D.Runtime.rsp2
[513/973    0s] WriteText Library/Bee/artifacts/2400b0aP.dag/Unity.Entities.UI.UnityAdditionalFile.txt
[514/973    0s] WriteText Library/Bee/artifacts/2400b0aP.dag/GameCore.Gameplay.Traversal.Fixtures.rsp
[515/973    0s] WriteText Library/Bee/artifacts/2400b0aP.dag/GameCore.Gameplay.Narrative.Fixtures.rsp
[516/973    0s] WriteText Library/Bee/artifacts/2400b0aP.dag/Unity.RenderPipelines.Universal.2D.Runtime.rsp
[517/973    0s] WriteText Library/Bee/artifacts/2400b0aP.dag/GameCore.Gameplay.Cards.Fixtures.rsp
[518/973    0s] WriteText Library/Bee/artifacts/2400b0aP.dag/Hollowmere.Game.rsp
[519/973    0s] WriteText Library/Bee/artifacts/2400b0aP.dag/Unity.RenderPipelines.Core.ShaderLibrary.rsp
[520/973    0s] WriteText Library/Bee/artifacts/2400b0aP.dag/Unity.RenderPipelines.Universal.Shaders.rsp
[521/973    0s] WriteText Library/Bee/artifacts/2400b0aP.dag/GameCore.Unity.Fixtures.rsp
[522/973    0s] WriteText Library/Bee/artifacts/2400b0aP.dag/Unity.InputSystem.ForUI.rsp
[523/973    0s] WriteText Library/Bee/artifacts/2400b0aP.dag/Unity.InternalAPIEngineBridge.002.rsp
[524/973    0s] WriteText Library/Bee/artifacts/2400b0aP.dag/Unity.RenderPipelines.ShaderGraph.ShaderGraphLibrary.rsp
[525/973    0s] WriteText Library/Bee/artifacts/2400b0aP.dag/Hollowmere.World.Generated.rsp
[526/973    0s] WriteText Library/Bee/artifacts/2400b0aP.dag/Unity.Entities.UI.rsp
[527/973    0s] WriteText Library/Bee/artifacts/2400b0aP.dag/Unity.Deformations.rsp
[528/973    0s] WriteText Library/Bee/artifacts/2400b0aP.dag/Hollowmere.Game.UnityAdditionalFile.txt
[529/973    0s] WriteText Library/Bee/artifacts/2400b0aP.dag/Unity.InternalAPIEngineBridge.002.UnityAdditionalFile.txt
[530/973    0s] WriteText Library/Bee/artifacts/2400b0aP.dag/Unity.AI.Navigation.rsp
[531/973    0s] WriteText Library/Bee/artifacts/2400b0aP.dag/Unity.Mathematics.Extensions.Hybrid.rsp
[532/973    0s] WriteText Library/Bee/artifacts/2400b0aP.dag/Unity.Transforms.Hybrid.rsp
[533/973    0s] WriteText Library/Bee/artifacts/2400b0aP.dag/Unity.Rendering.LightTransport.Runtime.rsp
[534/973    0s] WriteText Library/Bee/artifacts/2400b0aP.dag/Unity.ScriptableBuildPipeline.rsp
[535/973    0s] WriteText Library/Bee/artifacts/2400b0aP.dag/Unity.TextMeshPro.rsp
[536/973    0s] WriteText Library/Bee/artifacts/2400b0aP.dag/GameCore.Gameplay.Rewards.rsp
[537/973    0s] WriteText Library/Bee/artifacts/2400b0aP.dag/GameCore.Unity.Adapters.Fixtures.rsp
[538/973    0s] MovedFromExtractor Library/Bee/artifacts/mvdfrm/UnityEngine.MarshallingModule.dll_0025DE28D6187BCB.mvfrm
[538/973    0s] Csc Library/Bee/artifacts/StandaloneLinux64_CodeGen/UnityEngine.TestRunner.dll (+2 others) [CacheHit 251c20dacfee5a0b810c9b6043e5a8ca00000000000000000000000000000004]
[539/973   1791354872s] Csc Library/Bee/artifacts/StandaloneLinux64_CodeGen/UnityEngine.TestRunner.dll (+2 others)
[541/973    0s] MovedFromExtractor-Combine Library/Bee/artifacts/StandaloneLinux64_CodeGen/UnityEngine.UI.dll.mvfrm
[542/973    0s] MovedFromExtractor Library/Bee/artifacts/mvdfrm/UnityEngine.ImageConversionModule.dll_559DD51CAB35E858.mvfrm
[543/973    0s] MovedFromExtractor Library/Bee/artifacts/mvdfrm/UnityEngine.InputForUIModule.dll_3605B378997668D0.mvfrm
[544/973    0s] MovedFromExtractor Library/Bee/artifacts/mvdfrm/UnityEngine.IMGUIModule.dll_C434CBDDB6EF3DFE.mvfrm
[545/973    0s] MovedFromExtractor Library/Bee/artifacts/mvdfrm/UnityEngine.HotReloadModule.dll_C3DB3E67E8FCD76D.mvfrm
[544/973    0s] Csc Library/Bee/artifacts/StandaloneLinux64_CodeGen/UnityEngine.UI.dll (+2 others) [CacheHit 5343ff9d6f6d66d0911639a3d710c00400000000000000000000000000000004]
[546/973   1791354872s] Csc Library/Bee/artifacts/StandaloneLinux64_CodeGen/UnityEngine.UI.dll (+2 others)
[548/973    0s] MovedFromExtractor-Combine Library/Bee/artifacts/2400b0aP.dag/GameCore.Contracts.dll.mvfrm
[549/973    0s] MovedFromExtractor-Combine Library/Bee/artifacts/2400b0aP.dag/GameCore.Rules.Gameplay.dll.mvfrm
[550/973    0s] MovedFromExtractor-Combine Library/Bee/artifacts/2400b0aP.dag/GameCore.Gameplay.Contracts.dll.mvfrm
[551/973    0s] MovedFromExtractor-Combine Library/Bee/artifacts/2400b0aP.dag/GameCore.Composition.dll.mvfrm
[552/973    0s] MovedFromExtractor-Combine Library/Bee/artifacts/2400b0aP.dag/GameCore.Derivation.dll.mvfrm
[553/973    0s] MovedFromExtractor-Combine Library/Bee/artifacts/2400b0aP.dag/GameCore.Planning.dll.mvfrm
[554/973    0s] MovedFromExtractor-Combine Library/Bee/artifacts/2400b0aP.dag/GameCore.Rules.Cards.dll.mvfrm
[555/973    0s] MovedFromExtractor-Combine Library/Bee/artifacts/2400b0aP.dag/GameCore.Rules.Traversal.dll.mvfrm
[556/973    0s] MovedFromExtractor-Combine Library/Bee/artifacts/2400b0aP.dag/GameCore.Rules.Narrative.dll.mvfrm
[557/973    0s] MovedFromExtractor-Combine Library/Bee/artifacts/2400b0aP.dag/GameCore.Derivation.Fixtures.dll.mvfrm
[558/973    0s] MovedFromExtractor-Combine Library/Bee/artifacts/2400b0aP.dag/GameCore.Unity.Adapters.Fixtures.dll.mvfrm
[559/973    0s] MovedFromExtractor-Combine Library/Bee/artifacts/2400b0aP.dag/UnityEngine.UI.dll.mvfrm
[557/973    0s] Csc Library/Bee/artifacts/2400b0aP.dag/UnityEngine.UI.dll (+2 others) [CacheHit 820c7c7896291b8f89f8943407a9c55400000000000000000000000000000004]
[560/973   1791354872s] Csc Library/Bee/artifacts/2400b0aP.dag/UnityEngine.UI.dll (+2 others)
[562/973    0s] MovedFromExtractor Library/Bee/artifacts/mvdfrm/UnityEngine.TestRunner.ref.dll_CCAAB49E1C77AE61.mvfrm
[563/973    0s] MovedFromExtractor Library/Bee/artifacts/mvdfrm/UnityEngine.UI.ref.dll_121D8A1093C9ECA3.mvfrm
[564/973    0s] MovedFromExtractor Library/Bee/artifacts/mvdfrm/UnityEngine.UI.ref.dll_F37DC0DEF554539B.mvfrm
[565/973    0s] MovedFromExtractor-Combine Library/Bee/artifacts/StandaloneLinux64_CodeGen/UnityEditor.TestRunner.dll.mvfrm
[562/973    0s] Csc Library/Bee/artifacts/StandaloneLinux64_CodeGen/UnityEditor.TestRunner.dll (+2 others) [CacheHit e7ee26b3bee281b2003c1fc30cf39a2400000000000000000000000000000004]
[566/973   1791354872s] Csc Library/Bee/artifacts/StandaloneLinux64_CodeGen/UnityEditor.TestRunner.dll (+2 others)
[568/973    0s] MovedFromExtractor-Combine Library/Bee/artifacts/2400b0aP.dag/Hollowmere.World.Generated.dll.mvfrm
[569/973    0s] MovedFromExtractor-Combine Library/Bee/artifacts/2400b0aP.dag/Unity.RenderPipelines.ShaderGraph.ShaderGraphLibrary.dll.mvfrm
[565/973    0s] Csc Library/Bee/artifacts/2400b0aP.dag/Unity.RenderPipelines.ShaderGraph.ShaderGraphLibrary.dll (+2 others) [CacheHit 437cda29075db88515e8fd2b74533fbb00000000000000000000000000000004]
[570/973   1791354872s] Csc Library/Bee/artifacts/2400b0aP.dag/Unity.RenderPipelines.ShaderGraph.ShaderGraphLibrary.dll (+2 others)
[572/973    0s] MovedFromExtractor-Combine Library/Bee/artifacts/2400b0aP.dag/Unity.RenderPipelines.Core.ShaderLibrary.dll.mvfrm
[573/973    0s] MovedFromExtractor-Combine Library/Bee/artifacts/2400b0aP.dag/Unity.InternalAPIEngineBridge.002.dll.mvfrm
[574/973    0s] MovedFromExtractor-Combine Library/Bee/artifacts/2400b0aP.dag/Unity.Profiling.Core.dll.mvfrm
[575/973    0s] MovedFromExtractor-Combine Library/Bee/artifacts/2400b0aP.dag/Unity.ScriptableBuildPipeline.dll.mvfrm
[576/973    0s] MovedFromExtractor-Combine Library/Bee/artifacts/2400b0aP.dag/Hollowmere.UiAudio.dll.mvfrm
[577/973    0s] MovedFromExtractor-Combine Library/Bee/artifacts/2400b0aP.dag/Unity.Burst.dll.mvfrm
[578/973    0s] MovedFromExtractor-Combine Library/Bee/artifacts/2400b0aP.dag/Unity.RenderPipelines.Universal.Shaders.dll.mvfrm
[579/973    0s] MovedFromExtractor-Combine Library/Bee/artifacts/2400b0aP.dag/Hollowmere.Checkpoint.dll.mvfrm
[580/973    0s] MovedFromExtractor-Combine Library/Bee/artifacts/2400b0aP.dag/Unity.TextMeshPro.dll.mvfrm
[581/973    0s] MovedFromExtractor-Combine Library/Bee/artifacts/2400b0aP.dag/GameCore.Gameplay.Save.dll.mvfrm
[582/973    0s] MovedFromExtractor-Combine Library/Bee/artifacts/2400b0aP.dag/Unity.Entities.UI.dll.mvfrm
[583/973    0s] MovedFromExtractor-Combine Library/Bee/artifacts/2400b0aP.dag/Unity.Mathematics.dll.mvfrm
[584/973    0s] MovedFromExtractor-Combine Library/Bee/artifacts/2400b0aP.dag/Unity.InputSystem.dll.mvfrm
[585/973    0s] MovedFromExtractor-Combine Library/Bee/artifacts/2400b0aP.dag/Unity.AI.Navigation.dll.mvfrm
[580/973    0s] Csc Library/Bee/artifacts/2400b0aP.dag/Unity.ScriptableBuildPipeline.dll (+2 others) [CacheHit 03c7d0409447200535aaa11b47de552300000000000000000000000000000004]
[586/973   1791354872s] Csc Library/Bee/artifacts/2400b0aP.dag/Unity.ScriptableBuildPipeline.dll (+2 others)
[581/973    0s] Csc Library/Bee/artifacts/2400b0aP.dag/Unity.AI.Navigation.dll (+2 others) [CacheHit 7c51f2d8cec072d60d5ba8bd63a6699200000000000000000000000000000004]
[588/973   1791354872s] Csc Library/Bee/artifacts/2400b0aP.dag/Unity.AI.Navigation.dll (+2 others)
[582/973    0s] Csc Library/Bee/artifacts/2400b0aP.dag/Unity.Profiling.Core.dll (+2 others) [CacheHit 0a66ba2b7fa374093417b3e18c572d3900000000000000000000000000000004]
[582/973    0s] Csc Library/Bee/artifacts/2400b0aP.dag/Unity.Burst.dll (+2 others) [CacheHit c7fd0a8215601a1830be6d7e9e6bb2e400000000000000000000000000000004]
[582/973    0s] Csc Library/Bee/artifacts/2400b0aP.dag/Unity.RenderPipelines.Core.ShaderLibrary.dll (+2 others) [CacheHit ed0ba72b0dc82c398f37c7301e69414a00000000000000000000000000000004]
[590/973   1791354872s] Csc Library/Bee/artifacts/2400b0aP.dag/Unity.Profiling.Core.dll (+2 others)
[582/973    0s] Csc Library/Bee/artifacts/2400b0aP.dag/Unity.InternalAPIEngineBridge.002.dll (+2 others) [CacheHit e422d64b12e7f4e9a442b991abaf44cc00000000000000000000000000000004]
[582/973    0s] Csc Library/Bee/artifacts/2400b0aP.dag/Unity.RenderPipelines.Universal.Shaders.dll (+2 others) [CacheHit 835c7dac1ca263e42896efd5dd1ef0c900000000000000000000000000000004]
[592/973   1791354872s] Csc Library/Bee/artifacts/2400b0aP.dag/Unity.Burst.dll (+2 others)
[594/973   1791354872s] Csc Library/Bee/artifacts/2400b0aP.dag/Unity.RenderPipelines.Core.ShaderLibrary.dll (+2 others)
[596/973   1791354872s] Csc Library/Bee/artifacts/2400b0aP.dag/Unity.InternalAPIEngineBridge.002.dll (+2 others)
[598/973   1791354872s] Csc Library/Bee/artifacts/2400b0aP.dag/Unity.RenderPipelines.Universal.Shaders.dll (+2 others)
[587/973    0s] Csc Library/Bee/artifacts/2400b0aP.dag/Unity.TextMeshPro.dll (+2 others) [CacheHit 68bb5e133defb3a841f37395498c567b00000000000000000000000000000004]
[600/973   1791354872s] Csc Library/Bee/artifacts/2400b0aP.dag/Unity.TextMeshPro.dll (+2 others)
[588/973    0s] Csc Library/Bee/artifacts/2400b0aP.dag/Unity.InputSystem.dll (+2 others) [CacheHit 98ebaa10d0f524185cc4a88d71e9aceb00000000000000000000000000000004]
[588/973    0s] Csc Library/Bee/artifacts/2400b0aP.dag/Unity.Mathematics.dll (+2 others) [CacheHit fd56f821c84bcb95c8b804fa222b87b700000000000000000000000000000004]
[602/973   1791354872s] Csc Library/Bee/artifacts/2400b0aP.dag/Unity.InputSystem.dll (+2 others)
[588/973    0s] Csc Library/Bee/artifacts/2400b0aP.dag/Unity.Entities.UI.dll (+2 others) [CacheHit c5f82b514fe3ea47d8fef424978af4cf00000000000000000000000000000004]
[604/973   1791354872s] Csc Library/Bee/artifacts/2400b0aP.dag/Unity.Mathematics.dll (+2 others)
[606/973   1791354872s] Csc Library/Bee/artifacts/2400b0aP.dag/Unity.Entities.UI.dll (+2 others)
[608/973    0s] MovedFromExtractor Library/Bee/artifacts/mvdfrm/UnityEditor.TestRunner.ref.dll_008C69EFF0B45076.mvfrm
[609/973    0s] MovedFromExtractor-Combine Library/Bee/artifacts/StandaloneLinux64_CodeGen/UnityEditor.UI.dll.mvfrm
[593/973    0s] Csc Library/Bee/artifacts/StandaloneLinux64_CodeGen/UnityEditor.UI.dll (+2 others) [CacheHit 328459eda0c24aeca41e0f025299796700000000000000000000000000000004]
[610/973   1791354872s] Csc Library/Bee/artifacts/StandaloneLinux64_CodeGen/UnityEditor.UI.dll (+2 others)
[612/973    0s] MovedFromExtractor Library/Bee/artifacts/mvdfrm/Unity.Burst.ref.dll_BE04C790A30438BD.mvfrm
[613/973    0s] MovedFromExtractor Library/Bee/artifacts/mvdfrm/Unity.Profiling.Core.ref.dll_EFC45262429523B0.mvfrm
[614/973    0s] MovedFromExtractor Library/Bee/artifacts/mvdfrm/Unity.Mathematics.ref.dll_1DE51DC70DF97883.mvfrm
[615/973    0s] MovedFromExtractor Library/Bee/artifacts/mvdfrm/Unity.InputSystem.ref.dll_32240B27958941B6.mvfrm
[616/973    0s] MovedFromExtractor-Combine Library/Bee/artifacts/2400b0aP.dag/Unity.Collections.dll.mvfrm
[617/973    0s] MovedFromExtractor Library/Bee/artifacts/mvdfrm/UnityEditor.UI.ref.dll_55B7B3B58DA7C438.mvfrm
[618/973    0s] MovedFromExtractor-Combine Library/Bee/artifacts/2400b0aP.dag/Unity.InputSystem.ForUI.dll.mvfrm
[601/973    0s] Csc Library/Bee/artifacts/2400b0aP.dag/Unity.InputSystem.ForUI.dll (+2 others) [CacheHit 75148d793226f1cf7b029a2656a5032400000000000000000000000000000004]
[619/973   1791354872s] Csc Library/Bee/artifacts/2400b0aP.dag/Unity.InputSystem.ForUI.dll (+2 others)
[602/973    0s] Csc Library/Bee/artifacts/2400b0aP.dag/Unity.Collections.dll (+2 others) [CacheHit 51c5aa1d33b0eb68bde940981298a7b200000000000000000000000000000004]
[621/973   1791354872s] Csc Library/Bee/artifacts/2400b0aP.dag/Unity.Collections.dll (+2 others)
[623/973    0s] MovedFromExtractor-Combine Library/Bee/artifacts/StandaloneLinux64_CodeGen/Unity.Profiling.Core.dll.mvfrm
[624/973    0s] MovedFromExtractor-Combine Library/Bee/artifacts/StandaloneLinux64_CodeGen/Unity.Mathematics.dll.mvfrm
[625/973    0s] MovedFromExtractor-Combine Library/Bee/artifacts/StandaloneLinux64_CodeGen/Unity.Burst.dll.mvfrm
[606/973    0s] Csc Library/Bee/artifacts/StandaloneLinux64_CodeGen/Unity.Burst.dll (+2 others) [CacheHit 115efe978236a87f61d8eaacc427c44300000000000000000000000000000004]
[606/973    0s] Csc Library/Bee/artifacts/StandaloneLinux64_CodeGen/Unity.Profiling.Core.dll (+2 others) [CacheHit 577b15580be3f6f371ea66a1198b847600000000000000000000000000000004]
[626/973   1791354872s] Csc Library/Bee/artifacts/StandaloneLinux64_CodeGen/Unity.Burst.dll (+2 others)
[628/973   1791354872s] Csc Library/Bee/artifacts/StandaloneLinux64_CodeGen/Unity.Profiling.Core.dll (+2 others)
[608/973    0s] Csc Library/Bee/artifacts/StandaloneLinux64_CodeGen/Unity.Mathematics.dll (+2 others) [CacheHit 6997682f320e0cf0d7c69987927e3b5f00000000000000000000000000000004]
[630/973   1791354872s] Csc Library/Bee/artifacts/StandaloneLinux64_CodeGen/Unity.Mathematics.dll (+2 others)
[632/973    0s] MovedFromExtractor Library/Bee/artifacts/mvdfrm/Unity.Collections.ref.dll_9A62B6BC681E0002.mvfrm
[633/973    0s] MovedFromExtractor Library/Bee/artifacts/mvdfrm/Unity.Mathematics.ref.dll_F5F3025573FAA9FB.mvfrm
[634/973    0s] MovedFromExtractor Library/Bee/artifacts/mvdfrm/Unity.Burst.ref.dll_1A2075C3D6048D35.mvfrm
[635/973    0s] MovedFromExtractor Library/Bee/artifacts/mvdfrm/Unity.Profiling.Core.ref.dll_19F3E7481F71EFB8.mvfrm
[636/973    0s] MovedFromExtractor-Combine Library/Bee/artifacts/2400b0aP.dag/Unity.Serialization.dll.mvfrm
[637/973    0s] MovedFromExtractor-Combine Library/Bee/artifacts/2400b0aP.dag/Unity.RenderPipelines.Core.Runtime.dll.mvfrm
[638/973    0s] MovedFromExtractor-Combine Library/Bee/artifacts/2400b0aP.dag/Unity.Rendering.LightTransport.Runtime.dll.mvfrm
[639/973    0s] MovedFromExtractor-Combine Library/Bee/artifacts/2400b0aP.dag/Unity.Mathematics.Extensions.dll.mvfrm
[617/973    0s] Csc Library/Bee/artifacts/2400b0aP.dag/Unity.Rendering.LightTransport.Runtime.dll (+2 others) [CacheHit ff13fc30573fbdfb93d44475b2a40ae200000000000000000000000000000004]
[617/973    0s] Csc Library/Bee/artifacts/2400b0aP.dag/Unity.Serialization.dll (+2 others) [CacheHit 8819affed19a0b670c0d158f326a583c00000000000000000000000000000004]
[640/973   1791354872s] Csc Library/Bee/artifacts/2400b0aP.dag/Unity.Rendering.LightTransport.Runtime.dll (+2 others)
[642/973   1791354872s] Csc Library/Bee/artifacts/2400b0aP.dag/Unity.Serialization.dll (+2 others)
[619/973    0s] Csc Library/Bee/artifacts/2400b0aP.dag/Unity.Mathematics.Extensions.dll (+2 others) [CacheHit f308df282d9fdb75ce911cddbc75e68300000000000000000000000000000004]
[619/973    0s] Csc Library/Bee/artifacts/2400b0aP.dag/Unity.RenderPipelines.Core.Runtime.dll (+2 others) [CacheHit 574b76057855d4c5c385e4b5131ca63b00000000000000000000000000000004]
[644/973   1791354872s] Csc Library/Bee/artifacts/2400b0aP.dag/Unity.Mathematics.Extensions.dll (+2 others)
[646/973   1791354872s] Csc Library/Bee/artifacts/2400b0aP.dag/Unity.RenderPipelines.Core.Runtime.dll (+2 others)
[648/973    0s] MovedFromExtractor-Combine Library/Bee/artifacts/StandaloneLinux64_CodeGen/Unity.Collections.dll.mvfrm
[649/973    0s] MovedFromExtractor-Combine Library/Bee/artifacts/StandaloneLinux64_CodeGen/Unity.Burst.CodeGen.dll.mvfrm
[623/973    0s] Csc Library/Bee/artifacts/StandaloneLinux64_CodeGen/Unity.Collections.dll (+2 others) [CacheHit 296c42c219c47d2c1551acb30f093dbf00000000000000000000000000000004]
[623/973    0s] Csc Library/Bee/artifacts/StandaloneLinux64_CodeGen/Unity.Burst.CodeGen.dll (+2 others) [CacheHit e3c260b0ab6e893797a0fa1759fe39e100000000000000000000000000000004]
[650/973   1791354873s] Csc Library/Bee/artifacts/StandaloneLinux64_CodeGen/Unity.Collections.dll (+2 others)
[652/973   1791354873s] Csc Library/Bee/artifacts/StandaloneLinux64_CodeGen/Unity.Burst.CodeGen.dll (+2 others)
[654/973    0s] MovedFromExtractor Library/Bee/artifacts/mvdfrm/Unity.Mathematics.Extensions.ref.dll_91BE7BEA0C016C75.mvfrm
[655/973    0s] MovedFromExtractor Library/Bee/artifacts/mvdfrm/Unity.Serialization.ref.dll_D19C097AAEC0C8BD.mvfrm
[656/973    0s] MovedFromExtractor Library/Bee/artifacts/mvdfrm/Unity.RenderPipelines.Core.Runtime.ref.dll_CE20B4E783BA3305.mvfrm
[657/973    0s] MovedFromExtractor-Combine Library/Bee/artifacts/2400b0aP.dag/Unity.Mathematics.Extensions.Hybrid.dll.mvfrm
[629/973    0s] Csc Library/Bee/artifacts/2400b0aP.dag/Unity.Mathematics.Extensions.Hybrid.dll (+2 others) [CacheHit b392003590055438adb6c8116a2a5e2300000000000000000000000000000004]
[658/973   1791354873s] Csc Library/Bee/artifacts/2400b0aP.dag/Unity.Mathematics.Extensions.Hybrid.dll (+2 others)
[660/973    0s] MovedFromExtractor Library/Bee/artifacts/mvdfrm/Unity.Collections.ref.dll_72709B4ACE1F317A.mvfrm
[661/973    0s] MovedFromExtractor-Combine Library/Bee/artifacts/2400b0aP.dag/Unity.Entities.dll.mvfrm
[632/973    0s] Csc Library/Bee/artifacts/2400b0aP.dag/Unity.Entities.dll (+2 others) [CacheHit 78f2b3d2b04a7d7f4dd608a1b7c8433800000000000000000000000000000004]
[662/973   1791354873s] Csc Library/Bee/artifacts/2400b0aP.dag/Unity.Entities.dll (+2 others)
[664/973    0s] MovedFromExtractor-Combine Library/Bee/artifacts/2400b0aP.dag/Unity.RenderPipelines.GPUDriven.Runtime.dll.mvfrm
[665/973    0s] MovedFromExtractor-Combine Library/Bee/artifacts/2400b0aP.dag/Unity.RenderPipelines.Universal.Config.Runtime.dll.mvfrm
[666/973    0s] MovedFromExtractor-Combine Library/Bee/artifacts/2400b0aP.dag/Unity.RenderPipeline.Universal.ShaderLibrary.dll.mvfrm
[667/973    0s] MovedFromExtractor-Combine Library/Bee/artifacts/2400b0aP.dag/Unity.RenderPipelines.Core.Runtime.Shared.dll.mvfrm
[637/973    0s] Csc Library/Bee/artifacts/2400b0aP.dag/Unity.RenderPipelines.Core.Runtime.Shared.dll (+2 others) [CacheHit e59f016230d38817f07f9ab104283ad700000000000000000000000000000004]
[668/973   1791354873s] Csc Library/Bee/artifacts/2400b0aP.dag/Unity.RenderPipelines.Core.Runtime.Shared.dll (+2 others)
[638/973    0s] Csc Library/Bee/artifacts/2400b0aP.dag/Unity.RenderPipelines.Universal.Config.Runtime.dll (+2 others) [CacheHit 568d38dc7a5a1861a7709980d351cbe800000000000000000000000000000004]
[638/973    0s] Csc Library/Bee/artifacts/2400b0aP.dag/Unity.RenderPipeline.Universal.ShaderLibrary.dll (+2 others) [CacheHit d903927542f918dbffca24ac95e6404b00000000000000000000000000000004]
[670/973   1791354873s] Csc Library/Bee/artifacts/2400b0aP.dag/Unity.RenderPipelines.Universal.Config.Runtime.dll (+2 others)
[672/973   1791354873s] Csc Library/Bee/artifacts/2400b0aP.dag/Unity.RenderPipeline.Universal.ShaderLibrary.dll (+2 others)
[640/973    0s] Csc Library/Bee/artifacts/2400b0aP.dag/Unity.RenderPipelines.GPUDriven.Runtime.dll (+2 others) [CacheHit 042b3ce431c1f130a37ab37e99badb4800000000000000000000000000000004]
[674/973   1791354873s] Csc Library/Bee/artifacts/2400b0aP.dag/Unity.RenderPipelines.GPUDriven.Runtime.dll (+2 others)
[676/973    0s] MovedFromExtractor-Combine Library/Bee/artifacts/StandaloneLinux64_CodeGen/Unity.Collections.CodeGen.dll.mvfrm
[677/973    0s] MovedFromExtractor-Combine Library/Bee/artifacts/StandaloneLinux64_CodeGen/Unity.Serialization.dll.mvfrm
[678/973    0s] MovedFromExtractor-Combine Library/Bee/artifacts/StandaloneLinux64_CodeGen/Unity.Mathematics.Extensions.dll.mvfrm
[644/973    0s] Csc Library/Bee/artifacts/StandaloneLinux64_CodeGen/Unity.Mathematics.Extensions.dll (+2 others) [CacheHit af18848f85db041332b0d5b380db362c00000000000000000000000000000004]
[679/973   1791354873s] Csc Library/Bee/artifacts/StandaloneLinux64_CodeGen/Unity.Mathematics.Extensions.dll (+2 others)
[645/973    0s] Csc Library/Bee/artifacts/StandaloneLinux64_CodeGen/Unity.Collections.CodeGen.dll (+2 others) [CacheHit 11da69c21e99fd31fa052acaa5f81c8000000000000000000000000000000004]
[645/973    0s] Csc Library/Bee/artifacts/StandaloneLinux64_CodeGen/Unity.Serialization.dll (+2 others) [CacheHit 1634f11fb8b3151bd1596f4d67d1e12b00000000000000000000000000000004]
[681/973   1791354873s] Csc Library/Bee/artifacts/StandaloneLinux64_CodeGen/Unity.Collections.CodeGen.dll (+2 others)
[683/973   1791354873s] Csc Library/Bee/artifacts/StandaloneLinux64_CodeGen/Unity.Serialization.dll (+2 others)
[685/973    0s] MovedFromExtractor Library/Bee/artifacts/mvdfrm/Unity.RenderPipelines.Core.Runtime.Shared.ref.dll_37F0E82F4006DB74.mvfrm
[686/973    0s] MovedFromExtractor Library/Bee/artifacts/mvdfrm/Unity.RenderPipelines.GPUDriven.Runtime.ref.dll_4C8375CC3D6855B4.mvfrm
[687/973    0s] MovedFromExtractor Library/Bee/artifacts/mvdfrm/Unity.Entities.ref.dll_C1ECEBA0CEE3F8BA.mvfrm
[688/973    0s] MovedFromExtractor Library/Bee/artifacts/mvdfrm/Unity.RenderPipeline.Universal.ShaderLibrary.ref.dll_CB3B8C2997298066.mvfrm
[689/973    0s] MovedFromExtractor Library/Bee/artifacts/mvdfrm/Unity.RenderPipelines.Universal.Config.Runtime.ref.dll_817FCAEB32CB947B.mvfrm
[690/973    0s] MovedFromExtractor Library/Bee/artifacts/mvdfrm/Unity.Serialization.ref.dll_B90CD98EFA335935.mvfrm
[691/973    0s] MovedFromExtractor-Combine Library/Bee/artifacts/2400b0aP.dag/GameCore.Unity.Adapters.dll.mvfrm
[692/973    0s] MovedFromExtractor-Combine Library/Bee/artifacts/2400b0aP.dag/GameCore.Unity.Runtime.dll.mvfrm
[693/973    0s] MovedFromExtractor-Combine Library/Bee/artifacts/2400b0aP.dag/GameCore.Gameplay.Ui.dll.mvfrm
[694/973    0s] MovedFromExtractor-Combine Library/Bee/artifacts/2400b0aP.dag/GameCore.Gameplay.Npc.dll.mvfrm
[695/973    0s] MovedFromExtractor-Combine Library/Bee/artifacts/2400b0aP.dag/Unity.RenderPipelines.Universal.Runtime.dll.mvfrm
[658/973    0s] Csc Library/Bee/artifacts/2400b0aP.dag/Unity.RenderPipelines.Universal.Runtime.dll (+2 others) [CacheHit bca424520e890061e58fd5a6701212d000000000000000000000000000000004]
[696/973   1791354873s] Csc Library/Bee/artifacts/2400b0aP.dag/Unity.RenderPipelines.Universal.Runtime.dll (+2 others)
[698/973    0s] MovedFromExtractor-Combine Library/Bee/artifacts/2400b0aP.dag/GameCore.Gameplay.Cards.dll.mvfrm
[699/973    0s] MovedFromExtractor Library/Bee/artifacts/mvdfrm/Unity.Mathematics.Extensions.ref.dll_13713269127C3C7D.mvfrm
[700/973    0s] MovedFromExtractor-Combine Library/Bee/artifacts/2400b0aP.dag/GameCore.Unity.App.dll.mvfrm
[701/973    0s] MovedFromExtractor-Combine Library/Bee/artifacts/2400b0aP.dag/GameCore.Gameplay.Logic.dll.mvfrm
[702/973    0s] MovedFromExtractor-Combine Library/Bee/artifacts/2400b0aP.dag/GameCore.Gameplay.Narrative.dll.mvfrm
[703/973    0s] MovedFromExtractor-Combine Library/Bee/artifacts/2400b0aP.dag/GameCore.Gameplay.Player.dll.mvfrm
[704/973    0s] MovedFromExtractor-Combine Library/Bee/artifacts/2400b0aP.dag/Hollowmere.Narrative.dll.mvfrm
[705/973    0s] MovedFromExtractor-Combine Library/Bee/artifacts/2400b0aP.dag/GameCore.Gameplay.Dialogue.dll.mvfrm
[706/973    0s] MovedFromExtractor-Combine Library/Bee/artifacts/2400b0aP.dag/GameCore.Gameplay.Audio.dll.mvfrm
[707/973    0s] MovedFromExtractor-Combine Library/Bee/artifacts/2400b0aP.dag/GameCore.Gameplay.Interaction.dll.mvfrm
[708/973    0s] MovedFromExtractor-Combine Library/Bee/artifacts/2400b0aP.dag/GameCore.Gameplay.World.dll.mvfrm
[709/973    0s] MovedFromExtractor-Combine Library/Bee/artifacts/2400b0aP.dag/GameCore.Gameplay.Inventory.dll.mvfrm
[710/973    0s] MovedFromExtractor-Combine Library/Bee/artifacts/2400b0aP.dag/Unity.Transforms.dll.mvfrm
[711/973    0s] MovedFromExtractor-Combine Library/Bee/artifacts/2400b0aP.dag/GameCore.Gameplay.Entities.dll.mvfrm
[712/973    0s] MovedFromExtractor-Combine Library/Bee/artifacts/2400b0aP.dag/GameCore.Gameplay.Quest.dll.mvfrm
[713/973    0s] MovedFromExtractor-Combine Library/Bee/artifacts/2400b0aP.dag/Hollowmere.Boot.dll.mvfrm
[714/973    0s] MovedFromExtractor-Combine Library/Bee/artifacts/2400b0aP.dag/GameCore.Gameplay.Integration.dll.mvfrm
[715/973    0s] MovedFromExtractor-Combine Library/Bee/artifacts/StandaloneLinux64_CodeGen/Unity.Entities.dll.mvfrm
[716/973    0s] MovedFromExtractor-Combine Library/Bee/artifacts/2400b0aP.dag/GameCore.Gameplay.Traversal.Fixtures.dll.mvfrm
[678/973    0s] Csc Library/Bee/artifacts/StandaloneLinux64_CodeGen/Unity.Entities.dll (+2 others) [CacheHit c79fb4c885b29b5151f98bab68475b4f00000000000000000000000000000004]
[717/973   1791354873s] Csc Library/Bee/artifacts/StandaloneLinux64_CodeGen/Unity.Entities.dll (+2 others)
[719/973    0s] MovedFromExtractor-Combine Library/Bee/artifacts/2400b0aP.dag/Unity.Deformations.dll.mvfrm
[680/973    0s] Csc Library/Bee/artifacts/2400b0aP.dag/Unity.Deformations.dll (+2 others) [CacheHit fef567372349d75b8f5637c0dcff4eac00000000000000000000000000000004]
[720/973   1791354873s] Csc Library/Bee/artifacts/2400b0aP.dag/Unity.Deformations.dll (+2 others)
[722/973    0s] MovedFromExtractor Library/Bee/artifacts/mvdfrm/Unity.RenderPipelines.Universal.Runtime.ref.dll_0B8ED149C2DFD7FF.mvfrm
[723/973    0s] MovedFromExtractor-Combine Library/Bee/artifacts/2400b0aP.dag/GameCore.Gameplay.Narrative.Fixtures.dll.mvfrm
[724/973    0s] MovedFromExtractor-Combine Library/Bee/artifacts/2400b0aP.dag/GameCore.Gameplay.Traversal.dll.mvfrm
[725/97~/wkspace/gc-studio/p4.2i/Packages/com.gamecore.unity.runtime/Runtime/Integration/DerivationModeSwitchValidator.cs(123,19): warning CS0618: 'Enum.ToString(IFormatProvider)' is obsolete: 'The provider argument is not used. Please use ToString().'
~/wkspace/gc-studio/p4.2i/Packages/com.gamecore.gameplay.narrative/Fixtures/Runtime/NarrativeLifecycleScenario.cs(733,46): warning CS8602: Dereference of a possibly null reference.
~/wkspace/gc-studio/p4.2i/Packages/com.gamecore.gameplay.npc/Runtime/NpcBinders.cs(142,17): warning CS8602: Dereference of a possibly null reference.
Total cache size 274549360
Total cache size after purge 268319571, took 00:00:00.1249331
Opening scene 'Assets/Hollowmere/Boot/Boot.unity'
[Licensing::Client] Successfully resolved entitlement details
Unloading 226 Unused Serialized files (Serialized files now loaded: 0)
Loaded scene 'Assets/Hollowmere/Boot/Boot.unity'
	Deserialize:            39.217 ms
	Integration:            211.954 ms
	Integration of assets:  3.195 ms
	Thread Wait Time:       -0.012 ms
	Total Operation Time:   254.354 ms
Unloading 52 unused Assets / (445.9 KB). Loaded Objects now: 7158.
Memory consumption went from 184.4 MB to 184.0 MB.
Total: 10.886893 ms (FindLiveObjects: 0.272484 ms CreateObjectMapping: 0.212433 ms MarkObjects: 10.130448 ms  DeleteObjects: 0.270638 ms)

Created GICache directory at ~/.cache/unity3d/GiCache. Took: 0.002s, timestamps: [60.945 - 60.947]
Refreshing native plugins compatible for Editor in 0.27 ms, found 1 plugins.
Preloading 0 native plugins for Editor in 0.00 ms.
Opening scene 'Assets/Hollowmere/Regions/ThornwickVillage.unity'
Unloading 116 Unused Serialized files (Serialized files now loaded: 0)
Loaded scene 'Assets/Hollowmere/Regions/ThornwickVillage.unity'
	Deserialize:            6.347 ms
	Integration:            232.804 ms
	Integration of assets:  0.095 ms
	Thread Wait Time:       0.008 ms
	Total Operation Time:   239.254 ms
Unloading 2331 unused Assets / (1.9 MB). Loaded Objects now: 7410.
Memory consumption went from 177.8 MB to 175.9 MB.
Total: 11.162482 ms (FindLiveObjects: 0.377946 ms CreateObjectMapping: 0.306685 ms MarkObjects: 8.510370 ms  DeleteObjects: 1.966555 ms)

Opening scene 'Assets/Hollowmere/Regions/BlackmereMarsh.unity'
Unloading 58 Unused Serialized files (Serialized files now loaded: 0)
Loaded scene 'Assets/Hollowmere/Regions/BlackmereMarsh.unity'
	Deserialize:            8.485 ms
	Integration:            183.945 ms
	Integration of assets:  0.088 ms
	Thread Wait Time:       0.002 ms
	Total Operation Time:   192.519 ms
Unloading 44 unused Assets / (32.0 KB). Loaded Objects now: 7471.
Memory consumption went from 174.5 MB to 174.5 MB.
Total: 8.170326 ms (FindLiveObjects: 0.292597 ms CreateObjectMapping: 0.201625 ms MarkObjects: 7.561509 ms  DeleteObjects: 0.113754 ms)

Opening scene 'Assets/Hollowmere/Regions/DrownedBelfry.unity'
Unloading 30 Unused Serialized files (Serialized files now loaded: 0)
Loaded scene 'Assets/Hollowmere/Regions/DrownedBelfry.unity'
	Deserialize:            2.773 ms
	Integration:            193.130 ms
	Integration of assets:  0.029 ms
	Thread Wait Time:       0.052 ms
	Total Operation Time:   195.984 ms
Unloading 70 unused Assets / (36.2 KB). Loaded Objects now: 7171.
Memory consumption went from 174.3 MB to 174.3 MB.
Total: 8.533231 ms (FindLiveObjects: 0.280099 ms CreateObjectMapping: 0.200810 ms MarkObjects: 7.914895 ms  DeleteObjects: 0.136652 ms)



Mono dependencies included in the build
Dependency assembly - System.Diagnostics.TraceEvent.dll
Dependency assembly - System.Runtime.DurableInstancing.dll
Dependency assembly - Hollowmere.World.Generated.dll
Dependency assembly - System.ComponentModel.Primitives.dll
Dependency assembly - System.Globalization.Calendars.dll
Dependency assembly - System.Net.Primitives.dll
Dependency assembly - Unity.Entities.Hybrid.HybridComponents.dll
Dependency assembly - System.Threading.Timer.dll
Dependency assembly - System.Windows.Forms.DataVisualization.dll
Dependency assembly - System.Text.RegularExpressions.dll
Dependency assembly - System.Threading.dll
Dependency assembly - System.Globalization.Extensions.dll
Dependency assembly - Microsoft.Win32.Primitives.dll
Dependency assembly - mscorlib.dll
Dependency assembly - Unity.RenderPipelines.Core.ShaderLibrary.dll
Dependency assembly - System.Diagnostics.Tools.dll
Dependency assembly - GameCore.Gameplay.Traversal.dll
Dependency assembly - System.IO.IsolatedStorage.dll
Dependency assembly - Unity.RenderPipeline.Universal.ShaderLibrary.dll
Dependency assembly - System.Windows.Forms.dll
Dependency assembly - System.Text.Encoding.CodePages.dll
Dependency assembly - System.Threading.Thread.dll
Dependency assembly - System.DirectoryServices.dll
Dependency assembly - System.IdentityModel.dll
Dependency assembly - System.Net.Utilities.dll
Dependency assembly - System.ComponentModel.EventBasedAsync.dll
Dependency assembly - System.Runtime.CompilerServices.Unsafe.dll
Dependency assembly - System.Security.Cryptography.Algorithms.dll
Dependency assembly - System.ServiceModel.Discovery.dll
Dependency assembly - Unity.RenderPipelines.GPUDriven.Runtime.dll
Dependency assembly - System.AppContext.dll
Dependency assembly - netstandard.dll
Dependency assembly - System.ComponentModel.DataAnnotations.dll
Dependency assembly - System.IO.FileSystem.DriveInfo.dll
Dependency assembly - System.Runtime.Serialization.Primitives.dll
Dependency assembly - System.Xml.Serialization.dll
Dependency assembly - System.Configuration.dll
Dependency assembly - GameCore.Rules.Gameplay.dll
Dependency assembly - System.Net.Ping.dll
Dependency assembly - System.Xaml.dll
Dependency assembly - System.IO.Hashing.dll
Dependency assembly - System.Design.dll
Dependency assembly - System.Core.dll
Dependency assembly - GameCore.Gameplay.Narrative.dll
Dependency assembly - System.ServiceModel.Web.dll
Dependency assembly - Microsoft.Win32.Registry.dll
Dependency assembly - GameCore.Gameplay.Contracts.dll
Dependency assembly - System.Security.Cryptography.RandomNumberGenerator.dll
Dependency assembly - System.Data.Services.dll
Dependency assembly - System.Collections.Specialized.dll
Dependency assembly - System.ServiceModel.Routing.dll
Dependency assembly - System.Runtime.Loader.dll
Dependency assembly - System.IO.Compression.ZipFile.dll
Dependency assembly - Unity.Transforms.dll
Dependency assembly - System.Net.Security.dll
Dependency assembly - System.Security.Cryptography.Primitives.dll
Dependency assembly - Unity.Deformations.dll
Dependency assembly - System.Diagnostics.StackTrace.dll
Dependency assembly - System.Xml.dll
Dependency assembly - I18N.dll
Dependency assembly - Hollowmere.Game.dll
Dependency assembly - System.IdentityModel.Selectors.dll
Dependency assembly - System.Reflection.Emit.ILGeneration.dll
Dependency assembly - System.Diagnostics.TextWriterTraceListener.dll
Dependency assembly - System.Security.Principal.dll
Dependency assembly - System.Security.Cryptography.OpenSsl.dll
Dependency assembly - System.Security.Cryptography.ProtectedData.dll
Dependency assembly - System.Threading.Tasks.Parallel.dll
Dependency assembly - GameCore.Unity.Runtime.dll
Dependency assembly - GameCore.Unity.App.dll
Dependency assembly - System.IO.Pipes.dll
Dependency assembly - System.Security.Principal.Windows.dll
Dependency assembly - System.Reflection.Emit.dll
Dependency assembly - System.Threading.Overlapped.dll
Dependency assembly - Mono.Data.Sqlite.dll
Dependency assembly - System.Runtime.Serialization.Formatters.Soap.dll
Dependency assembly - System.Runtime.Extensions.dll
Dependency assembly - GameCore.Gameplay.Npc.dll
Dependency assembly - System.Net.Sockets.dll
Dependency assembly - System.Reflection.Context.dll
Dependency assembly - System.IO.FileSystem.AccessControl.dll
Dependency assembly - System.Runtime.InteropServices.dll
Dependency assembly - System.Security.Cryptography.Csp.dll
Dependency assembly - System.IO.dll
Dependency assembly - System.Runtime.Serialization.Json.dll
Dependency assembly - System.DirectoryServices.Protocols.dll
Dependency assembly - Unity.Mathematics.Extensions.dll
Dependency assembly - System.Security.Cryptography.Hashing.dll
Dependency assembly - System.Reflection.TypeExtensions.dll
Dependency assembly - System.Reflection.Extensions.dll
Dependency assembly - System.Net.ServicePoint.dll
Dependency assembly - GameCore.Gameplay.Ui.dll
Dependency assembly - System.ServiceProcess.ServiceController.dll
Dependency assembly - System.Data.Entity.dll
Dependency assembly - GameCore.Gameplay.Cards.dll
Dependency assembly - GameCore.Gameplay.Entities.dll
Dependency assembly - System.Reflection.Emit.Lightweight.dll
Dependency assembly - Unity.Serialization.dll
Dependency assembly - System.Buffers.dll
Dependency assembly - System.Text.Encoding.dll
Dependency assembly - GameCore.Rules.Traversal.dll
Dependency assembly - GameCore.Derivation.dll
Dependency assembly - System.EnterpriseServices.dll
Dependency assembly - System.Security.Claims.dll
Dependency assembly - System.Text.Encoding.Extensions.dll
Dependency assembly - System.Configuration.Install.dll
Dependency assembly - System.Linq.dll
Dependency assembly - System.ServiceModel.Activation.dll
Dependency assembly - Unity.RenderPipelines.Core.Runtime.Shared.dll
Dependency assembly - Unity.RenderPipelines.Universal.Runtime.dll
Dependency assembly - GameCore.Unity.Adapters.dll
Dependency assembly - Microsoft.Win32.Registry.AccessControl.dll
Dependency assembly - GameCore.Rules.Cards.dll
Dependency assembly - System.Transactions.dll
Dependency assembly - System.Net.Mail.dll
Dependency assembly - System.ComponentModel.TypeConverter.dll
Dependency assembly - Unity.RenderPipelines.Universal.Shaders.dll
Dependency assembly - System.Net.dll
Dependency assembly - System.Xml.ReaderWriter.dll
Dependency assembly - GameCore.Gameplay.Narrative.Fixtures.dll
Dependency assembly - System.Net.HttpListener.dll
Dependency assembly - Unity.RenderPipelines.ShaderGraph.ShaderGraphLibrary.dll
Dependency assembly - System.IO.Compression.FileSystem.dll
Dependency assembly - System.Runtime.Serialization.dll
Dependency assembly - I18N.MidEast.dll
Dependency assembly - System.Security.dll
Dependency assembly - Unity.Burst.Unsafe.dll
Dependency assembly - System.ServiceProcess.dll
Dependency assembly - Unity.Rendering.LightTransport.Runtime.dll
Dependency assembly - Microsoft.CSharp.dll
Dependency assembly - System.Web.Extensions.dll
Dependency assembly - System.Security.Cryptography.X509Certificates.dll
Dependency assembly - System.Net.Requests.dll
Dependency assembly - GameCore.Gameplay.Integration.dll
Dependency assembly - System.Runtime.Serialization.Xml.dll
Dependency assembly - Unity.Profiling.Core.dll
Dependency assembly - System.Collections.dll
Dependency assembly - System.Console.dll
Dependency assembly - GameCore.Composition.dll
Dependency assembly - GameCore.Gameplay.Rewards.dll
Dependency assembly - System.Net.Cache.dll
Dependency assembly - System.Threading.Tasks.dll
Dependency assembly - System.Net.AuthenticationManager.dll
Dependency assembly - System.Reflection.Primitives.dll
Dependency assembly - System.Security.Cryptography.Encoding.dll
Dependency assembly - System.Security.Cryptography.Encryption.ECDiffieHellman.dll
Dependency assembly - System.Security.SecureString.dll
Dependency assembly - System.ComponentModel.Composition.dll
Dependency assembly - GameCore.Contracts.dll
Dependency assembly - System.ServiceModel.Primitives.dll
Dependency assembly - Unity.Transforms.Hybrid.dll
Dependency assembly - System.Web.Extensions.Design.dll
Dependency assembly - System.ServiceModel.Security.dll
Dependency assembly - System.Resources.Reader.dll
Dependency assembly - System.Xml.XmlSerializer.dll
Dependency assembly - GameCore.Rules.Narrative.dll
Dependency assembly - System.Security.Cryptography.Pkcs.dll
Dependency assembly - System.Runtime.InteropServices.RuntimeInformation.dll
Dependency assembly - System.Xml.XDocument.dll
Dependency assembly - System.Threading.ThreadPool.dll
Dependency assembly - System.Diagnostics.Tracing.dll
Dependency assembly - System.Globalization.dll
Dependency assembly - GameCore.Gameplay.Audio.dll
Dependency assembly - System.Security.AccessControl.dll
Dependency assembly - System.Security.Cryptography.Encryption.Aes.dll
Dependency assembly - System.Json.dll
Dependency assembly - System.Xml.Linq.dll
Dependency assembly - System.ValueTuple.dll
Dependency assembly - System.Data.dll
Dependency assembly - System.Runtime.Numerics.dll
Dependency assembly - System.Security.Cryptography.Cng.dll
Dependency assembly - System.dll
Dependency assembly - GameCore.Unity.Fixtures.dll
Dependency assembly - Hollowmere.UiAudio.dll
Dependency assembly - System.Resources.ResourceManager.dll
Dependency assembly - System.ServiceModel.Internals.dll
Dependency assembly - System.Data.DataSetExtensions.dll
Dependency assembly - GameCore.Gameplay.Cards.Fixtures.dll
Dependency assembly - System.Security.Cryptography.Hashing.Algorithms.dll
Dependency assembly - GameCore.Gameplay.Inventory.dll
Dependency assembly - GameCore.Gameplay.World.dll
Dependency assembly - GameCore.Derivation.Fixtures.dll
Dependency assembly - System.Net.Http.WebRequest.dll
Dependency assembly - Unity.Entities.UI.dll
Dependency assembly - System.IO.FileSystem.dll
Dependency assembly - UnityEngine.UI.dll
Dependency assembly - System.Net.WebSockets.Client.dll
Dependency assembly - System.Diagnostics.FileVersionInfo.dll
Dependency assembly - I18N.Other.dll
Dependency assembly - System.Runtime.dll
Dependency assembly - System.ServiceModel.NetTcp.dll
Dependency assembly - System.Runtime.Caching.dll
Dependency assembly - System.Threading.Tasks.Extensions.dll
Dependency assembly - Unity.Collections.dll
Dependency assembly - System.Drawing.Primitives.dll
Dependency assembly - System.Security.Cryptography.DeriveBytes.dll
Dependency assembly - Accessibility.dll
Dependency assembly - System.Diagnostics.Debug.dll
Dependency assembly - System.IO.Compression.dll
Dependency assembly - System.ComponentModel.dll
Dependency assembly - System.Xml.XPath.XDocument.dll
Dependency assembly - System.Linq.Expressions.dll
Dependency assembly - Unity.RenderPipelines.Universal.Config.Runtime.dll
Dependency assembly - System.Linq.Queryable.dll
Dependency assembly - System.Data.Common.dll
Dependency assembly - System.Xml.XPath.XmlDocument.dll
Dependency assembly - GameCore.Gameplay.Save.dll
Dependency assembly - Unity.ScriptableBuildPipeline.dll
Dependency assembly - Unity.TextMeshPro.dll
Dependency assembly - System.Diagnostics.Contracts.dll
Dependency assembly - System.IO.FileSystem.Watcher.dll
Dependency assembly - System.Resources.ReaderWriter.dll
Dependency assembly - System.Collections.NonGeneric.dll
Dependency assembly - System.Web.Services.dll
Dependency assembly - System.Linq.Parallel.dll
Dependency assembly - Unity.InputSystem.ForUI.dll
Dependency assembly - System.Security.Cryptography.RSA.dll
Dependency assembly - System.Memory.dll
Dependency assembly - Hollowmere.Narrative.dll
Dependency assembly - System.Data.SqlClient.dll
Dependency assembly - System.Data.Services.Client.dll
Dependency assembly - System.Xml.XPath.dll
Dependency assembly - System.Numerics.dll
Dependency assembly - GameCore.Unity.Adapters.Fixtures.dll
Dependency assembly - Unity.AI.Navigation.dll
Dependency assembly - System.Reflection.dll
Dependency assembly - I18N.Rare.dll
Dependency assembly - System.Messaging.dll
Dependency assembly - System.Reflection.DispatchProxy.dll
Dependency assembly - Unity.Burst.dll
Dependency assembly - System.IO.FileSystem.Primitives.dll
Dependency assembly - System.Runtime.Remoting.dll
Dependency assembly - System.Web.ApplicationServices.dll
Dependency assembly - GameCore.Planning.dll
Dependency assembly - System.Xml.Xsl.Primitives.dll
Dependency assembly - Unity.RenderPipelines.Universal.2D.Runtime.dll
Dependency assembly - System.Web.dll
Dependency assembly - System.Resources.Writer.dll
Dependency assembly - System.IO.MemoryMappedFiles.dll
Dependency assembly - System.Diagnostics.TraceSource.dll
Dependency assembly - System.Net.WebHeaderCollection.dll
Dependency assembly - System.Runtime.Serialization.Formatters.dll
Dependency assembly - GameCore.Gameplay.Quest.dll
Dependency assembly - System.Windows.dll
Dependency assembly - System.Collections.Concurrent.dll
Dependency assembly - GameCore.Gameplay.Player.dll
Dependency assembly - System.Drawing.Design.dll
Dependency assembly - Unity.Collections.LowLevel.ILSupport.dll
Dependency assembly - System.Security.Cryptography.Encryption.dll
Dependency assembly - Unity.Scenes.dll
Dependency assembly - System.Xml.XmlDocument.dll
Dependency assembly - System.ServiceModel.dll
Dependency assembly - System.Data.OracleClient.dll
Dependency assembly - GameCore.Gameplay.Traversal.Fixtures.dll
Dependency assembly - GameCore.Gameplay.Dialogue.dll
Dependency assembly - System.ComponentModel.Annotations.dll
Dependency assembly - GameCore.Gameplay.Interaction.dll
Dependency assembly - Hollowmere.Checkpoint.dll
Dependency assembly - System.Web.DynamicData.dll
Dependency assembly - System.Runtime.CompilerServices.VisualC.dll
Dependency assembly - System.Net.NameResolution.dll
Dependency assembly - Unity.RenderPipelines.Core.Runtime.dll
Dependency assembly - Unity.InternalAPIEngineBridge.002.dll
Dependency assembly - Unity.Mathematics.dll
Dependency assembly - Unity.Mathematics.Extensions.Hybrid.dll
Dependency assembly - Hollowmere.Boot.dll
Dependency assembly - System.Drawing.dll
Dependency assembly - I18N.CJK.dll
Dependency assembly - System.IO.UnmanagedMemoryStream.dll
Dependency assembly - System.Runtime.InteropServices.WindowsRuntime.dll
Dependency assembly - Mono.Security.dll
Dependency assembly - Newtonsoft.Json.dll
Dependency assembly - I18N.West.dll
Dependency assembly - System.Management.dll
Dependency assembly - System.Net.NetworkInformation.dll
Dependency assembly - System.ServiceModel.Http.dll
Dependency assembly - System.Net.Http.dll
Dependency assembly - Mono.Data.Tds.dll
Dependency assembly - System.Security.Cryptography.Encryption.ECDsa.dll
Dependency assembly - System.ServiceModel.Duplex.dll
Dependency assembly - System.Threading.AccessControl.dll
Dependency assembly - System.Runtime.Handles.dll
Dependency assembly - Unity.Entities.Hybrid.dll
Dependency assembly - Unity.InputSystem.dll
Dependency assembly - System.Net.WebSockets.dll
Dependency assembly - System.ObjectModel.dll
Dependency assembly - System.Web.RegularExpressions.dll
Dependency assembly - System.Dynamic.Runtime.dll
Dependency assembly - GameCore.Gameplay.Logic.dll
Dependency assembly - System.Data.Linq.dll
Dependency assembly - System.Numerics.Vectors.dll
Dependency assembly - Unity.Entities.dll
Dependency assembly - System.Diagnostics.Process.dll

Unloading 11 Unused Serialized files (Serialized files now loaded: 0)
Unloading 131 unused Assets / (60.4 KB). Loaded Objects now: 6863.
Memory consumption went from 175.8 MB to 175.8 MB.
Total: 8.174844 ms (FindLiveObjects: 0.220181 ms CreateObjectMapping: 0.212491 ms MarkObjects: 7.541317 ms  DeleteObjects: 0.200089 ms)

Unloading 0 Unused Serialized files (Serialized files now loaded: 0)
Unloading 0 unused Assets / (115.9 KB). Loaded Objects now: 6863.
Memory consumption went from 175.7 MB to 175.6 MB.
Total: 7.693871 ms (FindLiveObjects: 0.234424 ms CreateObjectMapping: 0.171025 ms MarkObjects: 7.277209 ms  DeleteObjects: 0.010499 ms)

Unloading 1 Unused Serialized files (Serialized files now loaded: 0)
Unloading 164 unused Assets / (136.4 MB). Loaded Objects now: 6863.
Memory consumption went from 313.0 MB to 176.6 MB.
Total: 18.061668 ms (FindLiveObjects: 0.232248 ms CreateObjectMapping: 0.175195 ms MarkObjects: 8.033502 ms  DeleteObjects: 9.619512 ms)

Compiling shader "Hidden/Universal Render Pipeline/Sampling" pass "BoxDownsample" (vp)
    Full variant space:         2
    After settings filtering:   2
    After built-in stripping:   2
    After scriptable stripping: 2
    Processed in 0.74 seconds
    starting compilation...
Launched and connected shader compiler UnityShaderCompiler after 0.03 seconds
    finished in 0.17 seconds. Local cache hits 0 (0.00s CPU time), remote cache hits 0 (0.00s CPU time), compiled 2 variants (0.24s CPU time), skipped 0 variants
    Prepared data for serialisation in 0.00s
Serialized binary data for shader Hidden/Universal Render Pipeline/Sampling in 0.00s
    glcore (total internal programs: 1, unique: 1)
    vulkan (total internal programs: 1, unique: 1)
Compiling shader "Hidden/Universal Render Pipeline/Stop NaN" pass "Stop NaN" (vp)
    Full variant space:         2
    After settings filtering:   2
    After built-in stripping:   2
    After scriptable stripping: 2
    Processed in 0.00 seconds
    starting compilation...
Launched and connected shader compiler UnityShaderCompiler after 0.04 seconds
    finished in 0.17 seconds. Local cache hits 0 (0.00s CPU time), remote cache hits 0 (0.00s CPU time), compiled 2 variants (0.23s CPU time), skipped 0 variants
    Prepared data for serialisation in 0.00s
Serialized binary data for shader Hidden/Universal Render Pipeline/Stop NaN in 0.00s
    glcore (total internal programs: 1, unique: 1)
    vulkan (total internal programs: 1, unique: 1)
Compiling shader "Hidden/CoreSRP/CoreCopy" pass "Copy" (vp)
    Full variant space:         4
    After settings filtering:   4
    After built-in stripping:   4
    After scriptable stripping: 4
    Processed in 0.00 seconds
    starting compilation...
Launched and connected shader compiler UnityShaderCompiler after 0.03 seconds
    finished in 0.11 seconds. Local cache hits 0 (0.00s CPU time), remote cache hits 0 (0.00s CPU time), compiled 4 variants (0.20s CPU time), skipped 0 variants
    Prepared data for serialisation in 0.00s
Compiling shader "Hidden/CoreSRP/CoreCopy" pass "CopyMS" (vp)
    Full variant space:         4
    After settings filtering:   4
    After built-in stripping:   4
    After scriptable stripping: 4
    Processed in 0.00 seconds
    starting compilation...
    finished in 0.03 seconds. Local cache hits 0 (0.00s CPU time), remote cache hits 0 (0.00s CPU time), compiled 4 variants (0.10s CPU time), skipped 0 variants
    Prepared data for serialisation in 0.00s
Serialized binary data for shader Hidden/CoreSRP/CoreCopy in 0.00s
    glcore (total internal programs: 4, unique: 4)
    vulkan (total internal programs: 4, unique: 4)
Compiling shader "Hidden/Universal Render Pipeline/CameraMotionBlur" pass "Camera Motion Blur - Low Quality" (vp)
    Full variant space:         4
    After settings filtering:   2
    After built-in stripping:   2
    After scriptable stripping: 2
    Processed in 0.00 seconds
    starting compilation...
    finished in 0.08 seconds. Local cache hits 0 (0.00s CPU time), remote cache hits 0 (0.00s CPU time), compiled 2 variants (0.15s CPU time), skipped 0 variants
    Prepared data for serialisation in 0.00s
Compiling shader "Hidden/Universal Render Pipeline/CameraMotionBlur" pass "Camera Motion Blur - Medium Quality" (vp)
    Full variant space:         4
    After settings filtering:   2
    After built-in stripping:   2
    After scriptable stripping: 2
    Processed in 0.00 seconds
    starting compilation...
    finished in 0.08 seconds. Local cache hits 0 (0.00s CPU time), remote cache hits 0 (0.00s CPU time), compiled 2 variants (0.16s CPU time), skipped 0 variants
    Prepared data for serialisation in 0.00s
Compiling shader "Hidden/Universal Render Pipeline/CameraMotionBlur" pass "Camera Motion Blur - High Quality" (vp)
    Full variant space:         4
    After settings filtering:   2
    After built-in stripping:   2
    After scriptable stripping: 2
    Processed in 0.00 seconds
    starting compilation...
    finished in 0.09 seconds. Local cache hits 0 (0.00s CPU time), remote cache hits 0 (0.00s CPU time), compiled 2 variants (0.16s CPU time), skipped 0 variants
    Prepared data for serialisation in 0.00s
Compiling shader "Hidden/Universal Render Pipeline/CameraMotionBlur" pass "Camera And Object Motion Blur - Low Quality" (vp)
    Full variant space:         4
    After settings filtering:   2
    After built-in stripping:   2
    After scriptable stripping: 2
    Processed in 0.00 seconds
    starting compilation...
    finished in 0.07 seconds. Local cache hits 0 (0.00s CPU time), remote cache hits 0 (0.00s CPU time), compiled 2 variants (0.14s CPU time), skipped 0 variants
    Prepared data for serialisation in 0.00s
Compiling shader "Hidden/Universal Render Pipeline/CameraMotionBlur" pass "Camera And Object Motion Blur - Medium Quality" (vp)
    Full variant space:         4
    After settings filtering:   2
    After built-in stripping:   2
    After scriptable stripping: 2
    Processed in 0.00 seconds
    starting compilation...
    finished in 0.08 seconds. Local cache hits 0 (0.00s CPU time), remote cache hits 0 (0.00s CPU time), compiled 2 variants (0.14s CPU time), skipped 0 variants
    Prepared data for serialisation in 0.00s
Compiling shader "Hidden/Universal Render Pipeline/CameraMotionBlur" pass "Camera And Object Motion Blur - High Quality" (vp)
    Full variant space:         4
    After settings filtering:   2
    After built-in stripping:   2
    After scriptable stripping: 2
    Processed in 0.00 seconds
    starting compilation...
    finished in 0.08 seconds. Local cache hits 0 (0.00s CPU time), remote cache hits 0 (0.00s CPU time), compiled 2 variants (0.15s CPU time), skipped 0 variants
    Prepared data for serialisation in 0.00s
Serialized binary data for shader Hidden/Universal Render Pipeline/CameraMotionBlur in 0.00s
    glcore (total internal programs: 6, unique: 6)
    vulkan (total internal programs: 6, unique: 6)
Compiling shader "Hidden/TerrainEngine/Details/UniversalPipeline/BillboardWavingDoublePass" pass "ForwardLit" (vp)
    Full variant space:         122880
    After settings filtering:   512
    After built-in stripping:   4
    After scriptable stripping: 4
    Processed in 0.00 seconds
    starting compilation...
    finished in 0.39 seconds. Local cache hits 0 (0.00s CPU time), remote cache hits 0 (0.00s CPU time), compiled 4 variants (1.27s CPU time), skipped 0 variants
    Prepared data for serialisation in 0.00s
Compiling shader "Hidden/TerrainEngine/Details/UniversalPipeline/BillboardWavingDoublePass" pass "GBuffer" (vp)
    Full variant space:         640
    After settings filtering:   16
    After built-in stripping:   2
    After scriptable stripping: 0
    Processed in 0.00 seconds
    Prepared data for serialisation in 0.00s
Compiling shader "Hidden/TerrainEngine/Details/UniversalPipeline/BillboardWavingDoublePass" pass "DepthOnly" (vp)
    Full variant space:         4
    After settings filtering:   4
    After built-in stripping:   2
    After scriptable stripping: 2
    Processed in 0.00 seconds
    starting compilation...
    finished in 0.16 seconds. Local cache hits 0 (0.00s CPU time), remote cache hits 0 (0.00s CPU time), compiled 2 variants (0.30s CPU time), skipped 0 variants
    Prepared data for serialisation in 0.00s
Compiling shader "Hidden/TerrainEngine/Details/UniversalPipeline/BillboardWavingDoublePass" pass "DepthNormals" (vp)
    Full variant space:         4
    After settings filtering:   4
    After built-in stripping:   2
    After scriptable stripping: 2
    Processed in 0.00 seconds
    starting compilation...
    finished in 0.07 seconds. Local cache hits 0 (0.00s CPU time), remote cache hits 0 (0.00s CPU time), compiled 2 variants (0.14s CPU time), skipped 0 variants
    Prepared data for serialisation in 0.00s
Serialized binary data for shader Hidden/TerrainEngine/Details/UniversalPipeline/BillboardWavingDoublePass in 0.00s
    glcore (total internal programs: 4, unique: 4)
    vulkan (total internal programs: 4, unique: 4)
Compiling shader "Hidden/Universal Render Pipeline/BokehDepthOfField" pass "Bokeh Depth Of Field CoC" (vp)
    Full variant space:         4
    After settings filtering:   2
    After built-in stripping:   2
    After scriptable stripping: 2
    Processed in 0.00 seconds
    starting compilation...
    finished in 0.07 seconds. Local cache hits 0 (0.00s CPU time), remote cache hits 0 (0.00s CPU time), compiled 2 variants (0.14s CPU time), skipped 0 variants
    Prepared data for serialisation in 0.00s
Compiling shader "Hidden/Universal Render Pipeline/BokehDepthOfField" pass "Bokeh Depth Of Field Prefilter" (vp)
    Full variant space:         4
    After settings filtering:   2
    After built-in stripping:   2
    After scriptable stripping: 2
    Processed in 0.00 seconds
    starting compilation...
    finished in 0.08 seconds. Local cache hits 0 (0.00s CPU time), remote cache hits 0 (0.00s CPU time), compiled 2 variants (0.15s CPU time), skipped 0 variants
    Prepared data for serialisation in 0.00s
Compiling shader "Hidden/Universal Render Pipeline/BokehDepthOfField" pass "Bokeh Depth Of Field Blur" (vp)
    Full variant space:         4
    After settings filtering:   2
    After built-in stripping:   2
    After scriptable stripping: 2
    Processed in 0.00 seconds
    starting compilation...
    finished in 0.10 seconds. Local cache hits 0 (0.00s CPU time), remote cache hits 0 (0.00s CPU time), compiled 2 variants (0.19s CPU time), skipped 0 variants
    Prepared data for serialisation in 0.00s
Compiling shader "Hidden/Universal Render Pipeline/BokehDepthOfField" pass "Bokeh Depth Of Field Post Blur" (vp)
    Full variant space:         4
    After settings filtering:   2
    After built-in stripping:   2
    After scriptable stripping: 2
    Processed in 0.00 seconds
    starting compilation...
    finished in 0.07 seconds. Local cache hits 0 (0.00s CPU time), remote cache hits 0 (0.00s CPU time), compiled 2 variants (0.14s CPU time), skipped 0 variants
    Prepared data for serialisation in 0.00s
Compiling shader "Hidden/Universal Render Pipeline/BokehDepthOfField" pass "Bokeh Depth Of Field Composite" (vp)
    Full variant space:         8
    After settings filtering:   2
    After built-in stripping:   2
    After scriptable stripping: 2
    Processed in 0.00 seconds
    starting compilation...
    finished in 0.08 seconds. Local cache hits 0 (0.00s CPU time), remote cache hits 0 (0.00s CPU time), compiled 2 variants (0.15s CPU time), skipped 0 variants
    Prepared data for serialisation in 0.00s
Compiling shader "Hidden/Universal Render Pipeline/BokehDepthOfField" pass "Bokeh Depth Of Field CoC" (vp)
    Full variant space:         4
    After settings filtering:   2
    After built-in stripping:   2
    After scriptable stripping: 2
    Processed in 0.00 seconds
    starting compilation...
    finished in 0.07 seconds. Local cache hits 0 (0.00s CPU time), remote cache hits 0 (0.00s CPU time), compiled 2 variants (0.13s CPU time), skipped 0 variants
    Prepared data for serialisation in 0.00s
Compiling shader "Hidden/Universal Render Pipeline/BokehDepthOfField" pass "Bokeh Depth Of Field Prefilter" (vp)
    Full variant space:         4
    After settings filtering:   2
    After built-in stripping:   2
    After scriptable stripping: 2
    Processed in 0.00 seconds
    starting compilation...
    finished in 0.07 seconds. Local cache hits 0 (0.00s CPU time), remote cache hits 0 (0.00s CPU time), compiled 2 variants (0.14s CPU time), skipped 0 variants
    Prepared data for serialisation in 0.00s
Compiling shader "Hidden/Universal Render Pipeline/BokehDepthOfField" pass "Bokeh Depth Of Field Blur" (vp)
    Full variant space:         4
    After settings filtering:   2
    After built-in stripping:   2
    After scriptable stripping: 2
    Processed in 0.00 seconds
    starting compilation...
    finished in 0.11 seconds. Local cache hits 0 (0.00s CPU time), remote cache hits 0 (0.00s CPU time), compiled 2 variants (0.19s CPU time), skipped 0 variants
    Prepared data for serialisation in 0.00s
Compiling shader "Hidden/Universal Render Pipeline/BokehDepthOfField" pass "Bokeh Depth Of Field Post Blur" (vp)
    Full variant space:         4
    After settings filtering:   2
    After built-in stripping:   2
    After scriptable stripping: 2
    Processed in 0.00 seconds
    starting compilation...
    finished in 0.07 seconds. Local cache hits 0 (0.00s CPU time), remote cache hits 0 (0.00s CPU time), compiled 2 variants (0.14s CPU time), skipped 0 variants
    Prepared data for serialisation in 0.00s
Compiling shader "Hidden/Universal Render Pipeline/BokehDepthOfField" pass "Bokeh Depth Of Field Composite" (vp)
    Full variant space:         8
    After settings filtering:   2
    After built-in stripping:   2
    After scriptable stripping: 2
    Processed in 0.00 seconds
    starting compilation...
    finished in 0.07 seconds. Local cache hits 0 (0.00s CPU time), remote cache hits 0 (0.00s CPU time), compiled 2 variants (0.13s CPU time), skipped 0 variants
    Prepared data for serialisation in 0.00s
Serialized binary data for shader Hidden/Universal Render Pipeline/BokehDepthOfField in 0.00s
    glcore (total internal programs: 10, unique: 10)
    vulkan (total internal programs: 10, unique: 6)
Compiling shader "Hidden/Core/FallbackError" pass "" (vp)
    Full variant space:         6
    After settings filtering:   6
    After built-in stripping:   2
    After scriptable stripping: 2
    Processed in 0.00 seconds
    starting compilation...
    finished in 0.02 seconds. Local cache hits 0 (0.00s CPU time), remote cache hits 0 (0.00s CPU time), compiled 2 variants (0.04s CPU time), skipped 0 variants
    Prepared data for serialisation in 0.00s
Serialized binary data for shader Hidden/Core/FallbackError in 0.00s
    glcore (total internal programs: 1, unique: 1)
    vulkan (total internal programs: 1, unique: 1)
Compiling shader "Hidden/Universal Render Pipeline/XR/XROcclusionMesh" pass "" (vp)
    Full variant space:         4
    After settings filtering:   2
    After built-in stripping:   2
    After scriptable stripping: 0
    Processed in 0.00 seconds
    Prepared data for serialisation in 0.00s
Serialized binary data for shader Hidden/Universal Render Pipeline/XR/XROcclusionMesh in 0.00s
    glcore (total internal programs: 0, unique: 0)
    vulkan (total internal programs: 0, unique: 0)
Compiling shader "Hidden/Universal Render Pipeline/Edge Adaptive Spatial Upsampling" pass "EASU" (vp)
    Full variant space:         4
    After settings filtering:   2
    After built-in stripping:   2
    After scriptable stripping: 2
    Processed in 0.00 seconds
    starting compilation...
    finished in 0.22 seconds. Local cache hits 0 (0.00s CPU time), remote cache hits 0 (0.00s CPU time), compiled 2 variants (0.42s CPU time), skipped 0 variants
    Prepared data for serialisation in 0.00s
Serialized binary data for shader Hidden/Universal Render Pipeline/Edge Adaptive Spatial Upsampling in 0.00s
    glcore (total internal programs: 1, unique: 1)
    vulkan (total internal programs: 1, unique: 1)
Compiling shader "Hidden/Universal/HDRDebugView" pass "" (vp)
    Full variant space:         8
    After settings filtering:   2
    After built-in stripping:   2
    After scriptable stripping: 2
    Processed in 0.00 seconds
    starting compilation...
    finished in 0.08 seconds. Local cache hits 0 (0.00s CPU time), remote cache hits 0 (0.00s CPU time), compiled 2 variants (0.16s CPU time), skipped 0 variants
    Prepared data for serialisation in 0.00s
Compiling shader "Hidden/Universal/HDRDebugView" pass "" (vp)
    Full variant space:         8
    After settings filtering:   2
    After built-in stripping:   2
    After scriptable stripping: 2
    Processed in 0.00 seconds
    starting compilation...
    finished in 0.22 seconds. Local cache hits 0 (0.00s CPU time), remote cache hits 0 (0.00s CPU time), compiled 2 variants (0.42s CPU time), skipped 0 variants
    Prepared data for serialisation in 0.00s
Serialized binary data for shader Hidden/Universal/HDRDebugView in 0.00s
    glcore (total internal programs: 2, unique: 2)
    vulkan (total internal programs: 2, unique: 2)
Compiling shader "Hidden/Universal Render Pipeline/GaussianDepthOfField" pass "Gaussian Depth Of Field CoC" (vp)
    Full variant space:         2
    After settings filtering:   2
    After built-in stripping:   2
    After scriptable stripping: 2
    Processed in 0.00 seconds
    starting compilation...
    finished in 0.07 seconds. Local cache hits 0 (0.00s CPU time), remote cache hits 0 (0.00s CPU time), compiled 2 variants (0.14s CPU time), skipped 0 variants
    Prepared data for serialisation in 0.00s
Compiling shader "Hidden/Universal Render Pipeline/GaussianDepthOfField" pass "Gaussian Depth Of Field Prefilter" (vp)
    Full variant space:         8
    After settings filtering:   4
    After built-in stripping:   4
    After scriptable stripping: 4
    Processed in 0.00 seconds
    starting compilation...
    finished in 0.09 seconds. Local cache hits 0 (0.00s CPU time), remote cache hits 0 (0.00s CPU time), compiled 4 variants (0.32s CPU time), skipped 0 variants
    Prepared data for serialisation in 0.00s
Compiling shader "Hidden/Universal Render Pipeline/GaussianDepthOfField" pass "Gaussian Depth Of Field Blur Horizontal" (vp)
    Full variant space:         4
    After settings filtering:   2
    After built-in stripping:   2
    After scriptable stripping: 2
    Processed in 0.00 seconds
    starting compilation...
    finished in 0.09 seconds. Local cache hits 0 (0.00s CPU time), remote cache hits 0 (0.00s CPU time), compiled 2 variants (0.17s CPU time), skipped 0 variants
    Prepared data for serialisation in 0.00s
Compiling shader "Hidden/Universal Render Pipeline/GaussianDepthOfField" pass "Gaussian Depth Of Field Blur Vertical" (vp)
    Full variant space:         4
    After settings filtering:   2
    After built-in stripping:   2
    After scriptable stripping: 2
    Processed in 0.00 seconds
    starting compilation...
    finished in 0.08 seconds. Local cache hits 0 (0.00s CPU time), remote cache hits 0 (0.00s CPU time), compiled 2 variants (0.16s CPU time), skipped 0 variants
    Prepared data for serialisation in 0.00s
Compiling shader "Hidden/Universal Render Pipeline/GaussianDepthOfField" pass "Gaussian Depth Of Field Composite" (vp)
    Full variant space:         8
    After settings filtering:   4
    After built-in stripping:   4
    After scriptable stripping: 4
    Processed in 0.00 seconds
    starting compilation...
    finished in 0.09 seconds. Local cache hits 0 (0.00s CPU time), remote cache hits 0 (0.00s CPU time), compiled 4 variants (0.31s CPU time), skipped 0 variants
    Prepared data for serialisation in 0.00s
Serialized binary data for shader Hidden/Universal Render Pipeline/GaussianDepthOfField in 0.00s
    glcore (total internal programs: 7, unique: 7)
    vulkan (total internal programs: 7, unique: 7)
Compiling shader "Hidden/Universal Render Pipeline/Bloom" pass "Bloom Prefilter" (vp)
    Full variant space:         8
    After settings filtering:   4
    After built-in stripping:   4
    After scriptable stripping: 4
    Processed in 0.00 seconds
    starting compilation...
Launched and connected shader compiler UnityShaderCompiler after 0.03 seconds
    finished in 0.18 seconds. Local cache hits 1 (0.00s CPU time), remote cache hits 0 (0.00s CPU time), compiled 3 variants (0.34s CPU time), skipped 0 variants
    Prepared data for serialisation in 0.00s
Compiling shader "Hidden/Universal Render Pipeline/Bloom" pass "Bloom Blur Horizontal" (vp)
    Full variant space:         2
    After settings filtering:   2
    After built-in stripping:   2
    After scriptable stripping: 2
    Processed in 0.00 seconds
    starting compilation...
    finished in 0.07 seconds. Local cache hits 1 (0.00s CPU time), remote cache hits 0 (0.00s CPU time), compiled 1 variants (0.07s CPU time), skipped 0 variants
    Prepared data for serialisation in 0.00s
Compiling shader "Hidden/Universal Render Pipeline/Bloom" pass "Bloom Blur Vertical" (vp)
    Full variant space:         2
    After settings filtering:   2
    After built-in stripping:   2
    After scriptable stripping: 2
    Processed in 0.00 seconds
    starting compilation...
    finished in 0.07 seconds. Local cache hits 1 (0.00s CPU time), remote cache hits 0 (0.00s CPU time), compiled 1 variants (0.07s CPU time), skipped 0 variants
    Prepared data for serialisation in 0.00s
Compiling shader "Hidden/Universal Render Pipeline/Bloom" pass "Bloom Upsample" (vp)
    Full variant space:         4
    After settings filtering:   4
    After built-in stripping:   4
    After scriptable stripping: 4
    Processed in 0.00 seconds
    starting compilation...
    finished in 0.09 seconds. Local cache hits 1 (0.00s CPU time), remote cache hits 0 (0.00s CPU time), compiled 3 variants (0.24s CPU time), skipped 0 variants
    Prepared data for serialisation in 0.00s
Serialized binary data for shader Hidden/Universal Render Pipeline/Bloom in 0.00s
    glcore (total internal programs: 6, unique: 6)
    vulkan (total internal programs: 6, unique: 6)
Compiling shader "Hidden/Universal Render Pipeline/SubpixelMorphologicalAntialiasing" pass "" (vp)
    Full variant space:         6
    After settings filtering:   6
    After built-in stripping:   6
    After scriptable stripping: 6
    Processed in 0.00 seconds
    starting compilation...
Launched and connected shader compiler UnityShaderCompiler after 0.04 seconds
    finished in 0.19 seconds. Local cache hits 0 (0.00s CPU time), remote cache hits 0 (0.00s CPU time), compiled 6 variants (0.67s CPU time), skipped 0 variants
    Prepared data for serialisation in 0.00s
Compiling shader "Hidden/Universal Render Pipeline/SubpixelMorphologicalAntialiasing" pass "" (vp)
    Full variant space:         6
    After settings filtering:   6
    After built-in stripping:   6
    After scriptable stripping: 6
    Processed in 0.00 seconds
    starting compilation...
Launched and connected shader compiler UnityShaderCompiler after 0.04 seconds
Launched and connected shader compiler UnityShaderCompiler after 0.04 seconds
Launched and connected shader compiler UnityShaderCompiler after 0.04 seconds
    finished in 0.35 seconds. Local cache hits 0 (0.00s CPU time), remote cache hits 0 (0.00s CPU time), compiled 6 variants (1.33s CPU time), skipped 0 variants
    Prepared data for serialisation in 0.00s
Compiling shader "Hidden/Universal Render Pipeline/SubpixelMorphologicalAntialiasing" pass "" (vp)
    Full variant space:         6
    After settings filtering:   6
    After built-in stripping:   6
    After scriptable stripping: 6
    Processed in 0.00 seconds
    starting compilation...
    finished in 0.09 seconds. Local cache hits 0 (0.00s CPU time), remote cache hits 0 (0.00s CPU time), compiled 6 variants (0.51s CPU time), skipped 0 variants
    Prepared data for serialisation in 0.00s
Serialized binary data for shader Hidden/Universal Render Pipeline/SubpixelMorphologicalAntialiasing in 0.00s
    glcore (total internal programs: 9, unique: 9)
    vulkan (total internal programs: 9, unique: 9)
Compiling shader "Hidden/Universal Render Pipeline/LutBuilderLdr" pass "LutBuilderLdr" (vp)
    Full variant space:         2
    After settings filtering:   2
    After built-in stripping:   2
    After scriptable stripping: 2
    Processed in 0.00 seconds
    starting compilation...
    finished in 0.10 seconds. Local cache hits 1 (0.00s CPU time), remote cache hits 0 (0.00s CPU time), compiled 1 variants (0.10s CPU time), skipped 0 variants
    Prepared data for serialisation in 0.00s
Serialized binary data for shader Hidden/Universal Render Pipeline/LutBuilderLdr in 0.00s
    glcore (total internal programs: 1, unique: 1)
    vulkan (total internal programs: 1, unique: 1)
Compiling shader "Hidden/Universal Render Pipeline/LensFlareDataDriven" pass "LensFlareAdditive" (vp)
    Full variant space:         16
    After settings filtering:   16
    After built-in stripping:   16
    After scriptable stripping: 16
    Processed in 0.00 seconds
    starting compilation...
Launched and connected shader compiler UnityShaderCompiler after 0.04 seconds
Launched and connected shader compiler UnityShaderCompiler after 0.06 seconds
Launched and connected shader compiler UnityShaderCompiler after 0.04 seconds
Launched and connected shader compiler UnityShaderCompiler after 0.04 seconds
Launched and connected shader compiler UnityShaderCompiler after 0.04 seconds
Launched and connected shader compiler UnityShaderCompiler after 0.03 seconds
Launched and connected shader compiler UnityShaderCompiler after 0.03 seconds
Launched and connected shader compiler UnityShaderCompiler after 0.04 seconds
Launched and connected shader compiler UnityShaderCompiler after 0.04 seconds
    finished in 0.90 seconds. Local cache hits 0 (0.00s CPU time), remote cache hits 0 (0.00s CPU time), compiled 16 variants (7.25s CPU time), skipped 0 variants
    Prepared data for serialisation in 0.00s
Compiling shader "Hidden/Universal Render Pipeline/LensFlareDataDriven" pass "LensFlareScreen" (vp)
    Full variant space:         16
    After settings filtering:   16
    After built-in stripping:   16
    After scriptable stripping: 16
    Processed in 0.00 seconds
    starting compilation...
Launched and connected shader compiler UnityShaderCompiler after 0.05 seconds
    finished in 0.47 seconds. Local cache hits 0 (0.00s CPU time), remote cache hits 0 (0.00s CPU time), compiled 16 variants (6.33s CPU time), skipped 0 variants
    Prepared data for serialisation in 0.00s
Compiling shader "Hidden/Universal Render Pipeline/LensFlareDataDriven" pass "LensFlarePremultiply" (vp)
    Full variant space:         16
    After settings filtering:   16
    After built-in stripping:   16
    After scriptable stripping: 16
    Processed in 0.00 seconds
    starting compilation...
    finished in 0.41 seconds. Local cache hits 0 (0.00s CPU time), remote cache hits 0 (0.00s CPU time), compiled 16 variants (5.71s CPU time), skipped 0 variants
    Prepared data for serialisation in 0.00s
Compiling shader "Hidden/Universal Render Pipeline/LensFlareDataDriven" pass "LensFlareLerp" (vp)
    Full variant space:         16
    After settings filtering:   16
    After built-in stripping:   16
    After scriptable stripping: 16
    Processed in 0.00 seconds
    starting compilation...
    finished in 0.41 seconds. Local cache hits 0 (0.00s CPU time), remote cache hits 0 (0.00s CPU time), compiled 16 variants (5.71s CPU time), skipped 0 variants
    Prepared data for serialisation in 0.00s
Compiling shader "Hidden/Universal Render Pipeline/LensFlareDataDriven" pass "LensFlareOcclusion" (vp)
    Full variant space:         2
    After settings filtering:   2
    After built-in stripping:   2
    After scriptable stripping: 2
    Processed in 0.00 seconds
    starting compilation...
    finished in 0.10 seconds. Local cache hits 0 (0.00s CPU time), remote cache hits 0 (0.00s CPU time), compiled 2 variants (0.18s CPU time), skipped 0 variants
    Prepared data for serialisation in 0.00s
Serialized binary data for shader Hidden/Universal Render Pipeline/LensFlareDataDriven in 0.00s
    glcore (total internal programs: 33, unique: 17)
    vulkan (total internal programs: 33, unique: 17)
Compiling shader "Hidden/Universal Render Pipeline/LensFlareScreenSpace" pass "LensFlareScreenSpac Prefilter" (vp)
    Full variant space:         2
    After settings filtering:   2
    After built-in stripping:   2
    After scriptable stripping: 2
    Processed in 0.00 seconds
    starting compilation...
    finished in 0.10 seconds. Local cache hits 0 (0.00s CPU time), remote cache hits 0 (0.00s CPU time), compiled 2 variants (0.20s CPU time), skipped 0 variants
    Prepared data for serialisation in 0.00s
Compiling shader "Hidden/Universal Render Pipeline/LensFlareScreenSpace" pass "LensFlareScreenSpace Downsample" (vp)
    Full variant space:         2
    After settings filtering:   2
    After built-in stripping:   2
    After scriptable stripping: 2
    Processed in 0.00 seconds
    starting compilation...
    finished in 0.11 seconds. Local cache hits 0 (0.00s CPU time), remote cache hits 0 (0.00s CPU time), compiled 2 variants (0.21s CPU time), skipped 0 variants
    Prepared data for serialisation in 0.00s
Compiling shader "Hidden/Universal Render Pipeline/LensFlareScreenSpace" pass "LensFlareScreenSpace Upsample" (vp)
    Full variant space:         2
    After settings filtering:   2
    After built-in stripping:   2
    After scriptable stripping: 2
    Processed in 0.00 seconds
    starting compilation...
    finished in 0.11 seconds. Local cache hits 0 (0.00s CPU time), remote cache hits 0 (0.00s CPU time), compiled 2 variants (0.20s CPU time), skipped 0 variants
    Prepared data for serialisation in 0.00s
Compiling shader "Hidden/Universal Render Pipeline/LensFlareScreenSpace" pass "LensFlareScreenSpace Composition" (vp)
    Full variant space:         2
    After settings filtering:   2
    After built-in stripping:   2
    After scriptable stripping: 2
    Processed in 0.00 seconds
    starting compilation...
    finished in 0.21 seconds. Local cache hits 0 (0.00s CPU time), remote cache hits 0 (0.00s CPU time), compiled 2 variants (0.39s CPU time), skipped 0 variants
    Prepared data for serialisation in 0.00s
Compiling shader "Hidden/Universal Render Pipeline/LensFlareScreenSpace" pass "LensFlareScreenSpace Write to BloomTexture" (vp)
    Full variant space:         2
    After settings filtering:   2
    After built-in stripping:   2
    After scriptable stripping: 2
    Processed in 0.00 seconds
    starting compilation...
    finished in 0.10 seconds. Local cache hits 0 (0.00s CPU time), remote cache hits 0 (0.00s CPU time), compiled 2 variants (0.18s CPU time), skipped 0 variants
    Prepared data for serialisation in 0.00s
Serialized binary data for shader Hidden/Universal Render Pipeline/LensFlareScreenSpace in 0.00s
    glcore (total internal programs: 5, unique: 5)
    vulkan (total internal programs: 5, unique: 5)
Compiling shader "Hidden/Universal/CoreBlit" pass "Nearest" (vp)
    Full variant space:         2
    After settings filtering:   2
    After built-in stripping:   2
    After scriptable stripping: 2
    Processed in 0.00 seconds
    starting compilation...
    finished in 0.07 seconds. Local cache hits 0 (0.00s CPU time), remote cache hits 0 (0.00s CPU time), compiled 2 variants (0.13s CPU time), skipped 0 variants
    Prepared data for serialisation in 0.00s
Compiling shader "Hidden/Universal/CoreBlit" pass "Bilinear" (vp)
    Full variant space:         2
    After settings filtering:   2
    After built-in stripping:   2
    After scriptable stripping: 2
    Processed in 0.00 seconds
    starting compilation...
    finished in 0.08 seconds. Local cache hits 0 (0.00s CPU time), remote cache hits 0 (0.00s CPU time), compiled 2 variants (0.14s CPU time), skipped 0 variants
    Prepared data for serialisation in 0.00s
Compiling shader "Hidden/Universal/CoreBlit" pass "NearestQuad" (vp)
    Full variant space:         2
    After settings filtering:   2
    After built-in stripping:   2
    After scriptable stripping: 2
    Processed in 0.00 seconds
    starting compilation...
    finished in 0.07 seconds. Local cache hits 0 (0.00s CPU time), remote cache hits 0 (0.00s CPU time), compiled 2 variants (0.13s CPU time), skipped 0 variants
    Prepared data for serialisation in 0.00s
Compiling shader "Hidden/Universal/CoreBlit" pass "BilinearQuad" (vp)
    Full variant space:         2
    After settings filtering:   2
    After built-in stripping:   2
    After scriptable stripping: 2
    Processed in 0.00 seconds
    starting compilation...
    finished in 0.07 seconds. Local cache hits 0 (0.00s CPU time), remote cache hits 0 (0.00s CPU time), compiled 2 variants (0.14s CPU time), skipped 0 variants
    Prepared data for serialisation in 0.00s
Compiling shader "Hidden/Universal/CoreBlit" pass "NearestQuadPadding" (vp)
    Full variant space:         2
    After settings filtering:   2
    After built-in stripping:   2
    After scriptable stripping: 2
    Processed in 0.00 seconds
    starting compilation...
    finished in 0.07 seconds. Local cache hits 0 (0.00s CPU time), remote cache hits 0 (0.00s CPU time), compiled 2 variants (0.14s CPU time), skipped 0 variants
    Prepared data for serialisation in 0.00s
Compiling shader "Hidden/Universal/CoreBlit" pass "BilinearQuadPadding" (vp)
    Full variant space:         2
    After settings filtering:   2
    After built-in stripping:   2
    After scriptable stripping: 2
    Processed in 0.00 seconds
    starting compilation...
    finished in 0.08 seconds. Local cache hits 0 (0.00s CPU time), remote cache hits 0 (0.00s CPU time), compiled 2 variants (0.15s CPU time), skipped 0 variants
    Prepared data for serialisation in 0.00s
Compiling shader "Hidden/Universal/CoreBlit" pass "NearestQuadPaddingRepeat" (vp)
    Full variant space:         2
    After settings filtering:   2
    After built-in stripping:   2
    After scriptable stripping: 2
    Processed in 0.00 seconds
    starting compilation...
    finished in 0.07 seconds. Local cache hits 0 (0.00s CPU time), remote cache hits 0 (0.00s CPU time), compiled 2 variants (0.13s CPU time), skipped 0 variants
    Prepared data for serialisation in 0.00s
Compiling shader "Hidden/Universal/CoreBlit" pass "BilinearQuadPaddingRepeat" (vp)
    Full variant space:         2
    After settings filtering:   2
    After built-in stripping:   2
    After scriptable stripping: 2
    Processed in 0.00 seconds
    starting compilation...
    finished in 0.07 seconds. Local cache hits 0 (0.00s CPU time), remote cache hits 0 (0.00s CPU time), compiled 2 variants (0.13s CPU time), skipped 0 variants
    Prepared data for serialisation in 0.00s
Compiling shader "Hidden/Universal/CoreBlit" pass "BilinearQuadPaddingOctahedral" (vp)
    Full variant space:         2
    After settings filtering:   2
    After built-in stripping:   2
    After scriptable stripping: 2
    Processed in 0.00 seconds
    starting compilation...
    finished in 0.08 seconds. Local cache hits 0 (0.00s CPU time), remote cache hits 0 (0.00s CPU time), compiled 2 variants (0.14s CPU time), skipped 0 variants
    Prepared data for serialisation in 0.00s
Compiling shader "Hidden/Universal/CoreBlit" pass "NearestQuadPaddingAlphaBlend" (vp)
    Full variant space:         2
    After settings filtering:   2
    After built-in stripping:   2
    After scriptable stripping: 2
    Processed in 0.00 seconds
    starting compilation...
    finished in 0.07 seconds. Local cache hits 0 (0.00s CPU time), remote cache hits 0 (0.00s CPU time), compiled 2 variants (0.14s CPU time), skipped 0 variants
    Prepared data for serialisation in 0.00s
Compiling shader "Hidden/Universal/CoreBlit" pass "BilinearQuadPaddingAlphaBlend" (vp)
    Full variant space:         2
    After settings filtering:   2
    After built-in stripping:   2
    After scriptable stripping: 2
    Processed in 0.00 seconds
    starting compilation...
    finished in 0.07 seconds. Local cache hits 0 (0.00s CPU time), remote cache hits 0 (0.00s CPU time), compiled 2 variants (0.14s CPU time), skipped 0 variants
    Prepared data for serialisation in 0.00s
Compiling shader "Hidden/Universal/CoreBlit" pass "NearestQuadPaddingAlphaBlendRepeat" (vp)
    Full variant space:         2
    After settings filtering:   2
    After built-in stripping:   2
    After scriptable stripping: 2
    Processed in 0.00 seconds
    starting compilation...
    finished in 0.07 seconds. Local cache hits 0 (0.00s CPU time), remote cache hits 0 (0.00s CPU time), compiled 2 variants (0.13s CPU time), skipped 0 variants
    Prepared data for serialisation in 0.00s
Compiling shader "Hidden/Universal/CoreBlit" pass "BilinearQuadPaddingAlphaBlendRepeat" (vp)
    Full variant space:         2
    After settings filtering:   2
    After built-in stripping:   2
    After scriptable stripping: 2
    Processed in 0.00 seconds
    starting compilation...
    finished in 0.07 seconds. Local cache hits 0 (0.00s CPU time), remote cache hits 0 (0.00s CPU time), compiled 2 variants (0.14s CPU time), skipped 0 variants
    Prepared data for serialisation in 0.00s
Compiling shader "Hidden/Universal/CoreBlit" pass "BilinearQuadPaddingAlphaBlendOctahedral" (vp)
    Full variant space:         2
    After settings filtering:   2
    After built-in stripping:   2
    After scriptable stripping: 2
    Processed in 0.00 seconds
    starting compilation...
    finished in 0.10 seconds. Local cache hits 0 (0.00s CPU time), remote cache hits 0 (0.00s CPU time), compiled 2 variants (0.18s CPU time), skipped 0 variants
    Prepared data for serialisation in 0.00s
Compiling shader "Hidden/Universal/CoreBlit" pass "CubeToOctahedral" (vp)
    Full variant space:         2
    After settings filtering:   2
    After built-in stripping:   2
    After scriptable stripping: 2
    Processed in 0.00 seconds
    starting compilation...
    finished in 0.09 seconds. Local cache hits 0 (0.00s CPU time), remote cache hits 0 (0.00s CPU time), compiled 2 variants (0.18s CPU time), skipped 0 variants
    Prepared data for serialisation in 0.00s
Compiling shader "Hidden/Universal/CoreBlit" pass "CubeToOctahedralLuminance" (vp)
    Full variant space:         2
    After settings filtering:   2
    After built-in stripping:   2
    After scriptable stripping: 2
    Processed in 0.00 seconds
    starting compilation...
    finished in 0.08 seconds. Local cache hits 0 (0.00s CPU time), remote cache hits 0 (0.00s CPU time), compiled 2 variants (0.15s CPU time), skipped 0 variants
    Prepared data for serialisation in 0.00s
Compiling shader "Hidden/Universal/CoreBlit" pass "CubeToOctahedralAlpha" (vp)
    Full variant space:         2
    After settings filtering:   2
    After built-in stripping:   2
    After scriptable stripping: 2
    Processed in 0.00 seconds
    starting compilation...
    finished in 0.08 seconds. Local cache hits 0 (0.00s CPU time), remote cache hits 0 (0.00s CPU time), compiled 2 variants (0.15s CPU time), skipped 0 variants
    Prepared data for serialisation in 0.00s
Compiling shader "Hidden/Universal/CoreBlit" pass "CubeToOctahedralRed" (vp)
    Full variant space:         2
    After settings filtering:   2
    After built-in stripping:   2
    After scriptable stripping: 2
    Processed in 0.00 seconds
    starting compilation...
    finished in 0.07 seconds. Local cache hits 0 (0.00s CPU time), remote cache hits 0 (0.00s CPU time), compiled 2 variants (0.14s CPU time), skipped 0 variants
    Prepared data for serialisation in 0.00s
Compiling shader "Hidden/Universal/CoreBlit" pass "BilinearQuadLuminance" (vp)
    Full variant space:         2
    After settings filtering:   2
    After built-in stripping:   2
    After scriptable stripping: 2
    Processed in 0.00 seconds
    starting compilation...
    finished in 0.07 seconds. Local cache hits 0 (0.00s CPU time), remote cache hits 0 (0.00s CPU time), compiled 2 variants (0.13s CPU time), skipped 0 variants
    Prepared data for serialisation in 0.00s
Compiling shader "Hidden/Universal/CoreBlit" pass "BilinearQuadAlpha" (vp)
    Full variant space:         2
    After settings filtering:   2
    After built-in stripping:   2
    After scriptable stripping: 2
    Processed in 0.00 seconds
    starting compilation...
    finished in 0.07 seconds. Local cache hits 0 (0.00s CPU time), remote cache hits 0 (0.00s CPU time), compiled 2 variants (0.13s CPU time), skipped 0 variants
    Prepared data for serialisation in 0.00s
Compiling shader "Hidden/Universal/CoreBlit" pass "BilinearQuadRed" (vp)
    Full variant space:         2
    After settings filtering:   2
    After built-in stripping:   2
    After scriptable stripping: 2
    Processed in 0.00 seconds
    starting compilation...
    finished in 0.07 seconds. Local cache hits 0 (0.00s CPU time), remote cache hits 0 (0.00s CPU time), compiled 2 variants (0.13s CPU time), skipped 0 variants
    Prepared data for serialisation in 0.00s
Compiling shader "Hidden/Universal/CoreBlit" pass "NearestCubeToOctahedralPadding" (vp)
    Full variant space:         4
    After settings filtering:   4
    After built-in stripping:   4
    After scriptable stripping: 4
    Processed in 0.00 seconds
    starting compilation...
    finished in 0.09 seconds. Local cache hits 0 (0.00s CPU time), remote cache hits 0 (0.00s CPU time), compiled 4 variants (0.34s CPU time), skipped 0 variants
    Prepared data for serialisation in 0.00s
Compiling shader "Hidden/Universal/CoreBlit" pass "BilinearCubeToOctahedralPadding" (vp)
    Full variant space:         4
    After settings filtering:   4
    After built-in stripping:   4
    After scriptable stripping: 4
    Processed in 0.00 seconds
    starting compilation...
    finished in 0.10 seconds. Local cache hits 0 (0.00s CPU time), remote cache hits 0 (0.00s CPU time), compiled 4 variants (0.35s CPU time), skipped 0 variants
    Prepared data for serialisation in 0.00s
Compiling shader "Hidden/Universal/CoreBlit" pass "BilinearDebugDraw" (vp)
    Full variant space:         8
    After settings filtering:   4
    After built-in stripping:   4
    After scriptable stripping: 4
    Processed in 0.00 seconds
    starting compilation...
    finished in 0.09 seconds. Local cache hits 0 (0.00s CPU time), remote cache hits 0 (0.00s CPU time), compiled 4 variants (0.32s CPU time), skipped 0 variants
    Prepared data for serialisation in 0.00s
Compiling shader "Hidden/Universal/CoreBlit" pass "NearestDebugDraw" (vp)
    Full variant space:         8
    After settings filtering:   4
    After built-in stripping:   4
    After scriptable stripping: 4
    Processed in 0.00 seconds
    starting compilation...
    finished in 0.09 seconds. Local cache hits 0 (0.00s CPU time), remote cache hits 0 (0.00s CPU time), compiled 4 variants (0.32s CPU time), skipped 0 variants
    Prepared data for serialisation in 0.00s
Serialized binary data for shader Hidden/Universal/CoreBlit in 0.00s
    glcore (total internal programs: 29, unique: 14)
    vulkan (total internal programs: 29, unique: 22)
Compiling shader "Hidden/Universal Render Pipeline/TemporalAA" pass "TemporalAA - Accumulate - Quality Very Low" (vp)
    Full variant space:         4
    After settings filtering:   2
    After built-in stripping:   2
    After scriptable stripping: 2
    Processed in 0.00 seconds
    starting compilation...
    finished in 0.08 seconds. Local cache hits 0 (0.00s CPU time), remote cache hits 0 (0.00s CPU time), compiled 2 variants (0.15s CPU time), skipped 0 variants
    Prepared data for serialisation in 0.00s
Compiling shader "Hidden/Universal Render Pipeline/TemporalAA" pass "TemporalAA - Accumulate - Quality Low" (vp)
    Full variant space:         4
    After settings filtering:   2
    After built-in stripping:   2
    After scriptable stripping: 2
    Processed in 0.00 seconds
    starting compilation...
    finished in 0.09 seconds. Local cache hits 0 (0.00s CPU time), remote cache hits 0 (0.00s CPU time), compiled 2 variants (0.16s CPU time), skipped 0 variants
    Prepared data for serialisation in 0.00s
Compiling shader "Hidden/Universal Render Pipeline/TemporalAA" pass "TemporalAA - Accumulate - Quality Medium" (vp)
    Full variant space:         4
    After settings filtering:   2
    After built-in stripping:   2
    After scriptable stripping: 2
    Processed in 0.00 seconds
    starting compilation...
    finished in 0.12 seconds. Local cache hits 0 (0.00s CPU time), remote cache hits 0 (0.00s CPU time), compiled 2 variants (0.22s CPU time), skipped 0 variants
    Prepared data for serialisation in 0.00s
Compiling shader "Hidden/Universal Render Pipeline/TemporalAA" pass "TemporalAA - Accumulate - Quality High" (vp)
    Full variant space:         4
    After settings filtering:   2
    After built-in stripping:   2
    After scriptable stripping: 2
    Processed in 0.00 seconds
    starting compilation...
    finished in 0.14 seconds. Local cache hits 0 (0.00s CPU time), remote cache hits 0 (0.00s CPU time), compiled 2 variants (0.26s CPU time), skipped 0 variants
    Prepared data for serialisation in 0.00s
Compiling shader "Hidden/Universal Render Pipeline/TemporalAA" pass "TemporalAA - Accumulate - Quality Very High" (vp)
    Full variant space:         8
    After settings filtering:   4
    After built-in stripping:   4
    After scriptable stripping: 4
    Processed in 0.00 seconds
    starting compilation...
    finished in 0.17 seconds. Local cache hits 0 (0.00s CPU time), remote cache hits 0 (0.00s CPU time), compiled 4 variants (0.63s CPU time), skipped 0 variants
    Prepared data for serialisation in 0.00s
Compiling shader "Hidden/Universal Render Pipeline/TemporalAA" pass "TemporalAA - Copy History" (vp)
    Full variant space:         4
    After settings filtering:   2
    After built-in stripping:   2
    After scriptable stripping: 2
    Processed in 0.00 seconds
    starting compilation...
    finished in 0.07 seconds. Local cache hits 0 (0.00s CPU time), remote cache hits 0 (0.00s CPU time), compiled 2 variants (0.13s CPU time), skipped 0 variants
    Prepared data for serialisation in 0.00s
Serialized binary data for shader Hidden/Universal Render Pipeline/TemporalAA in 0.00s
    glcore (total internal programs: 7, unique: 7)
    vulkan (total internal programs: 7, unique: 7)
Compiling shader "Hidden/Universal Render Pipeline/PaniniProjection" pass "Panini Projection" (vp)
    Full variant space:         4
    After settings filtering:   4
    After built-in stripping:   4
    After scriptable stripping: 4
    Processed in 0.00 seconds
    starting compilation...
    finished in 0.08 seconds. Local cache hits 0 (0.00s CPU time), remote cache hits 0 (0.00s CPU time), compiled 4 variants (0.29s CPU time), skipped 0 variants
    Prepared data for serialisation in 0.00s
Serialized binary data for shader Hidden/Universal Render Pipeline/PaniniProjection in 0.00s
    glcore (total internal programs: 2, unique: 2)
    vulkan (total internal programs: 2, unique: 2)
Compiling shader "Hidden/Universal/BlitHDROverlay" pass "BilinearDebugDraw" (vp)
    Full variant space:         16
    After settings filtering:   2
    After built-in stripping:   2
    After scriptable stripping: 0
    Processed in 0.00 seconds
    Prepared data for serialisation in 0.00s
Compiling shader "Hidden/Universal/BlitHDROverlay" pass "NearestDebugDraw" (vp)
    Full variant space:         16
    After settings filtering:   2
    After built-in stripping:   2
    After scriptable stripping: 0
    Processed in 0.00 seconds
    Prepared data for serialisation in 0.00s
Serialized binary data for shader Hidden/Universal/BlitHDROverlay in 0.00s
    glcore (total internal programs: 0, unique: 0)
    vulkan (total internal programs: 0, unique: 0)
Compiling shader "Hidden/Universal Render Pipeline/FinalPost" pass "FinalPost" (vp)
    Full variant space:         5120
    After settings filtering:   128
    After built-in stripping:   128
    After scriptable stripping: 96
    Processed in 0.00 seconds
    starting compilation...
Launched and connected shader compiler UnityShaderCompiler after 0.08 seconds
    finished in 1.85 seconds. Local cache hits 1 (0.00s CPU time), remote cache hits 0 (0.00s CPU time), compiled 95 variants (34.80s CPU time), skipped 0 variants
    Prepared data for serialisation in 0.00s
Compiling shader "Hidden/Universal Render Pipeline/FinalPost" pass "FinalPost" (vp)
    Full variant space:         5120
    After settings filtering:   128
    After built-in stripping:   128
    After scriptable stripping: 96
    Processed in 0.00 seconds
    starting compilation...
    finished in 1.37 seconds. Local cache hits 0 (0.00s CPU time), remote cache hits 0 (0.00s CPU time), compiled 96 variants (25.83s CPU time), skipped 0 variants
    Prepared data for serialisation in 0.00s
Serialized binary data for shader Hidden/Universal Render Pipeline/FinalPost in 0.00s
    glcore (total internal programs: 96, unique: 96)
    vulkan (total internal programs: 96, unique: 64)
Compiling shader "Hidden/Universal Render Pipeline/CameraMotionVectors" pass "Camera Motion Vectors" (vp)
    Full variant space:         2
    After settings filtering:   2
    After built-in stripping:   2
    After scriptable stripping: 2
    Processed in 0.00 seconds
    starting compilation...
    finished in 0.04 seconds. Local cache hits 0 (0.00s CPU time), remote cache hits 0 (0.00s CPU time), compiled 2 variants (0.08s CPU time), skipped 0 variants
    Prepared data for serialisation in 0.00s
Serialized binary data for shader Hidden/Universal Render Pipeline/CameraMotionVectors in 0.00s
    glcore (total internal programs: 1, unique: 1)
    vulkan (total internal programs: 1, unique: 1)
Compiling shader "Hidden/Universal Render Pipeline/Debug/DebugReplacement" pass "Vertex Attributes" (vp)
    Full variant space:         4
    After settings filtering:   4
    After built-in stripping:   2
    After scriptable stripping: 2
    Processed in 0.00 seconds
    starting compilation...
    finished in 0.15 seconds. Local cache hits 0 (0.00s CPU time), remote cache hits 0 (0.00s CPU time), compiled 2 variants (0.28s CPU time), skipped 0 variants
    Prepared data for serialisation in 0.00s
Serialized binary data for shader Hidden/Universal Render Pipeline/Debug/DebugReplacement in 0.00s
    glcore (total internal programs: 1, unique: 1)
    vulkan (total internal programs: 1, unique: 1)
Compiling shader "Hidden/Universal/CoreBlitColorAndDepth" pass "ColorOnly" (vp)
    Full variant space:         2
    After settings filtering:   2
    After built-in stripping:   2
    After scriptable stripping: 2
    Processed in 0.00 seconds
    starting compilation...
    finished in 0.04 seconds. Local cache hits 0 (0.00s CPU time), remote cache hits 0 (0.00s CPU time), compiled 2 variants (0.07s CPU time), skipped 0 variants
    Prepared data for serialisation in 0.00s
Compiling shader "Hidden/Universal/CoreBlitColorAndDepth" pass "ColorAndDepth" (vp)
    Full variant space:         2
    After settings filtering:   2
    After built-in stripping:   2
    After scriptable stripping: 2
    Processed in 0.00 seconds
    starting compilation...
    finished in 0.05 seconds. Local cache hits 0 (0.00s CPU time), remote cache hits 0 (0.00s CPU time), compiled 2 variants (0.08s CPU time), skipped 0 variants
    Prepared data for serialisation in 0.00s
Serialized binary data for shader Hidden/Universal/CoreBlitColorAndDepth in 0.00s
    glcore (total internal programs: 2, unique: 2)
    vulkan (total internal programs: 2, unique: 2)
Compiling shader "Hidden/Universal Render Pipeline/XR/XRMirrorView" pass "" (vp)
    Full variant space:         8
    After settings filtering:   4
    After built-in stripping:   4
    After scriptable stripping: 0
    Processed in 0.00 seconds
    Prepared data for serialisation in 0.00s
Serialized binary data for shader Hidden/Universal Render Pipeline/XR/XRMirrorView in 0.00s
    glcore (total internal programs: 0, unique: 0)
    vulkan (total internal programs: 0, unique: 0)
Compiling shader "Hidden/Universal Render Pipeline/CopyDepth" pass "CopyDepth" (vp)
    Full variant space:         16
    After settings filtering:   16
    After built-in stripping:   16
    After scriptable stripping: 16
    Processed in 0.00 seconds
    starting compilation...
    finished in 0.18 seconds. Local cache hits 1 (0.00s CPU time), remote cache hits 0 (0.00s CPU time), compiled 15 variants (2.09s CPU time), skipped 0 variants
    Prepared data for serialisation in 0.00s
Serialized binary data for shader Hidden/Universal Render Pipeline/CopyDepth in 0.00s
    glcore (total internal programs: 8, unique: 8)
    vulkan (total internal programs: 8, unique: 8)
Compiling shader "Hidden/TerrainEngine/Details/UniversalPipeline/WavingDoublePass" pass "ForwardLit" (vp)
    Full variant space:         8847360
    After settings filtering:   3072
    After built-in stripping:   24
    After scriptable stripping: 8
    Processed in 0.00 seconds
    starting compilation...
    finished in 0.84 seconds. Local cache hits 0 (0.00s CPU time), remote cache hits 0 (0.00s CPU time), compiled 8 variants (4.04s CPU time), skipped 0 variants
    Prepared data for serialisation in 0.00s
Compiling shader "Hidden/TerrainEngine/Details/UniversalPipeline/WavingDoublePass" pass "GBuffer" (vp)
    Full variant space:         92160
    After settings filtering:   384
    After built-in stripping:   12
    After scriptable stripping: 0
    Processed in 0.00 seconds
    Prepared data for serialisation in 0.00s
Compiling shader "Hidden/TerrainEngine/Details/UniversalPipeline/WavingDoublePass" pass "DepthOnly" (vp)
    Full variant space:         4
    After settings filtering:   4
    After built-in stripping:   2
    After scriptable stripping: 2
    Processed in 0.00 seconds
    starting compilation...
    finished in 0.16 seconds. Local cache hits 0 (0.00s CPU time), remote cache hits 0 (0.00s CPU time), compiled 2 variants (0.30s CPU time), skipped 0 variants
    Prepared data for serialisation in 0.00s
Compiling shader "Hidden/TerrainEngine/Details/UniversalPipeline/WavingDoublePass" pass "DepthNormalsOnly" (vp)
    Full variant space:         16
    After settings filtering:   4
    After built-in stripping:   2
    After scriptable stripping: 2
    Processed in 0.00 seconds
    starting compilation...
    finished in 0.07 seconds. Local cache hits 0 (0.00s CPU time), remote cache hits 0 (0.00s CPU time), compiled 2 variants (0.13s CPU time), skipped 0 variants
    Prepared data for serialisation in 0.00s
Serialized binary data for shader Hidden/TerrainEngine/Details/UniversalPipeline/WavingDoublePass in 0.00s
    glcore (total internal programs: 6, unique: 6)
    vulkan (total internal programs: 6, unique: 6)
Compiling shader "Hidden/Universal Render Pipeline/FallbackError" pass "" (vp)
    Full variant space:         12
    After settings filtering:   12
    After built-in stripping:   2
    After scriptable stripping: 2
    Processed in 0.00 seconds
    starting compilation...
    finished in 0.03 seconds. Local cache hits 0 (0.00s CPU time), remote cache hits 0 (0.00s CPU time), compiled 2 variants (0.06s CPU time), skipped 0 variants
    Prepared data for serialisation in 0.00s
Serialized binary data for shader Hidden/Universal Render Pipeline/FallbackError in 0.00s
    glcore (total internal programs: 1, unique: 1)
    vulkan (total internal programs: 1, unique: 1)
Compiling shader "Hidden/Universal Render Pipeline/UberPost" pass "UberPost" (vp)
    Full variant space:         92160
    After settings filtering:   1920
    After built-in stripping:   1920
    After scriptable stripping: 1440
    Processed in 0.01 seconds
    starting compilation...
    finished in 27.62 seconds. Local cache hits 2 (0.00s CPU time), remote cache hits 0 (0.00s CPU time), compiled 1438 variants (549.98s CPU time), skipped 0 variants
    Prepared data for serialisation in 0.03s
Serialized binary data for shader Hidden/Universal Render Pipeline/UberPost in 0.01s
    glcore (total internal programs: 720, unique: 720)
    vulkan (total internal programs: 720, unique: 720)
Compressed shader 'Hidden/Universal Render Pipeline/UberPost' on glcore from 9.39MB to 0.14MB
Compressed shader 'Hidden/Universal Render Pipeline/UberPost' on vulkan from 7.00MB to 0.55MB
Compressed shader 'Hidden/Universal Render Pipeline/UberPost' in 0.05s
Compiling shader "Hidden/Universal Render Pipeline/Scaling Setup" pass "ScalingSetup" (vp)
    Full variant space:         24
    After settings filtering:   12
    After built-in stripping:   12
    After scriptable stripping: 8
    Processed in 0.00 seconds
    starting compilation...
    finished in 0.14 seconds. Local cache hits 0 (0.00s CPU time), remote cache hits 0 (0.00s CPU time), compiled 8 variants (0.86s CPU time), skipped 0 variants
    Prepared data for serialisation in 0.00s
Serialized binary data for shader Hidden/Universal Render Pipeline/Scaling Setup in 0.00s
    glcore (total internal programs: 4, unique: 4)
    vulkan (total internal programs: 4, unique: 4)
Compiling shader "Hidden/Universal Render Pipeline/StencilDeferred" pass "Stencil Volume" (vp)
    Full variant space:         2
    After settings filtering:   2
    After built-in stripping:   2
    After scriptable stripping: 0
    Processed in 0.00 seconds
    Prepared data for serialisation in 0.00s
Compiling shader "Hidden/Universal Render Pipeline/StencilDeferred" pass "Deferred Punctual Light (Lit)" (vp)
    Full variant space:         5120
    After settings filtering:   16
    After built-in stripping:   4
    After scriptable stripping: 0
    Processed in 0.00 seconds
    Prepared data for serialisation in 0.00s
Compiling shader "Hidden/Universal Render Pipeline/StencilDeferred" pass "Deferred Punctual Light (SimpleLit)" (vp)
    Full variant space:         5120
    After settings filtering:   16
    After built-in stripping:   4
    After scriptable stripping: 0
    Processed in 0.00 seconds
    Prepared data for serialisation in 0.00s
Compiling shader "Hidden/Universal Render Pipeline/StencilDeferred" pass "Deferred Directional Light (Lit)" (vp)
    Full variant space:         40960
    After settings filtering:   16
    After built-in stripping:   4
    After scriptable stripping: 0
    Processed in 0.00 seconds
    Prepared data for serialisation in 0.00s
Compiling shader "Hidden/Universal Render Pipeline/StencilDeferred" pass "Deferred Directional Light (SimpleLit)" (vp)
    Full variant space:         40960
    After settings filtering:   16
    After built-in stripping:   4
    After scriptable stripping: 0
    Processed in 0.00 seconds
    Prepared data for serialisation in 0.00s
Compiling shader "Hidden/Universal Render Pipeline/StencilDeferred" pass "Fog" (vp)
    Full variant space:         6
    After settings filtering:   3
    After built-in stripping:   0
    After scriptable stripping: 0
    Processed in 0.00 seconds
    Prepared data for serialisation in 0.00s
Compiling shader "Hidden/Universal Render Pipeline/StencilDeferred" pass "ClearStencilPartial" (vp)
    Full variant space:         1
    After settings filtering:   1
    After built-in stripping:   1
    After scriptable stripping: 0
    Processed in 0.00 seconds
    Prepared data for serialisation in 0.00s
Compiling shader "Hidden/Universal Render Pipeline/StencilDeferred" pass "SSAOOnly" (vp)
    Full variant space:         4
    After settings filtering:   1
    After built-in stripping:   1
    After scriptable stripping: 0
    Processed in 0.00 seconds
    Prepared data for serialisation in 0.00s
Serialized binary data for shader Hidden/Universal Render Pipeline/StencilDeferred in 0.00s
    glcore (total internal programs: 0, unique: 0)
    vulkan (total internal programs: 0, unique: 0)
Compiling shader "Hidden/Universal Render Pipeline/LutBuilderHdr" pass "LutBuilderHdr" (vp)
    Full variant space:         12
    After settings filtering:   6
    After built-in stripping:   6
    After scriptable stripping: 6
    Processed in 0.00 seconds
    starting compilation...
    finished in 0.20 seconds. Local cache hits 0 (0.00s CPU time), remote cache hits 0 (0.00s CPU time), compiled 6 variants (0.96s CPU time), skipped 0 variants
    Prepared data for serialisation in 0.00s
Serialized binary data for shader Hidden/Universal Render Pipeline/LutBuilderHdr in 0.00s
    glcore (total internal programs: 3, unique: 3)
    vulkan (total internal programs: 3, unique: 3)
Compiling shader "Hidden/Universal Render Pipeline/DBufferClear" pass "DBufferClear" (vp)
    Full variant space:         6
    After settings filtering:   2
    After built-in stripping:   2
    After scriptable stripping: 0
    Processed in 0.00 seconds
    Prepared data for serialisation in 0.00s
Serialized binary data for shader Hidden/Universal Render Pipeline/DBufferClear in 0.00s
    glcore (total internal programs: 0, unique: 0)
    vulkan (total internal programs: 0, unique: 0)
Compiling shader "Hidden/TerrainEngine/Details/UniversalPipeline/Vertexlit" pass "TerrainDetailVertex" (vp)
    Full variant space:         368640
    After settings filtering:   512
    After built-in stripping:   8
    After scriptable stripping: 8
    Processed in 0.00 seconds
    starting compilation...
    finished in 0.36 seconds. Local cache hits 0 (0.00s CPU time), remote cache hits 0 (0.00s CPU time), compiled 8 variants (2.32s CPU time), skipped 0 variants
    Prepared data for serialisation in 0.00s
Compiling shader "Hidden/TerrainEngine/Details/UniversalPipeline/Vertexlit" pass "TerrainDetailVertex - GBuffer" (vp)
    Full variant space:         7680
    After settings filtering:   64
    After built-in stripping:   16
    After scriptable stripping: 8
    Processed in 0.00 seconds
    starting compilation...
    finished in 0.24 seconds. Local cache hits 0 (0.00s CPU time), remote cache hits 0 (0.00s CPU time), compiled 8 variants (1.70s CPU time), skipped 0 variants
    Prepared data for serialisation in 0.00s
Compiling shader "Hidden/TerrainEngine/Details/UniversalPipeline/Vertexlit" pass "DepthOnly" (vp)
    Full variant space:         4
    After settings filtering:   4
    After built-in stripping:   2
    After scriptable stripping: 2
    Processed in 0.00 seconds
    starting compilation...
    finished in 0.04 seconds. Local cache hits 0 (0.00s CPU time), remote cache hits 0 (0.00s CPU time), compiled 2 variants (0.07s CPU time), skipped 0 variants
    Prepared data for serialisation in 0.00s
Compiling shader "Hidden/TerrainEngine/Details/UniversalPipeline/Vertexlit" pass "DepthNormals" (vp)
    Full variant space:         4
    After settings filtering:   4
    After built-in stripping:   2
    After scriptable stripping: 2
    Processed in 0.00 seconds
    starting compilation...
    finished in 0.14 seconds. Local cache hits 0 (0.00s CPU time), remote cache hits 0 (0.00s CPU time), compiled 2 variants (0.26s CPU time), skipped 0 variants
    Prepared data for serialisation in 0.00s
Serialized binary data for shader Hidden/TerrainEngine/Details/UniversalPipeline/Vertexlit in 0.00s
    glcore (total internal programs: 10, unique: 10)
    vulkan (total internal programs: 10, unique: 10)
Compiling shader "Hidden/Universal Render Pipeline/XR/XRMotionVector" pass "XR Camera MotionVectors" (vp)
    Full variant space:         2
    After settings filtering:   2
    After built-in stripping:   2
    After scriptable stripping: 0
    Processed in 0.00 seconds
    Prepared data for serialisation in 0.00s
Serialized binary data for shader Hidden/Universal Render Pipeline/XR/XRMotionVector in 0.00s
    glcore (total internal programs: 0, unique: 0)
    vulkan (total internal programs: 0, unique: 0)
Compiling compute shader "ProbeVolumeSamplingDebugPositionNormal"
    starting stripping...
    finished in 0.00 seconds. 2 of 2 variants left
    2 variants, starting compilation...
    finished in 0.09 seconds. Local cache hits 0, remote cache hits 0, compiled 2 variants
Refreshing native plugins compatible for Editor in 0.27 ms, found 1 plugins.
Preloading 0 native plugins for Editor in 0.00 ms.
Compiling shader "Hidden/TextCore/Sprite" pass "" (vp)
    Full variant space:         2
    After settings filtering:   2
    After built-in stripping:   2
    After scriptable stripping: 2
    Processed in 0.00 seconds
    starting compilation...
    finished in 0.02 seconds. Local cache hits 0 (0.00s CPU time), remote cache hits 0 (0.00s CPU time), compiled 2 variants (0.05s CPU time), skipped 0 variants
    Prepared data for serialisation in 0.00s
Serialized binary data for shader Hidden/TextCore/Sprite in 0.00s
    glcore (total internal programs: 1, unique: 1)
    vulkan (total internal programs: 1, unique: 1)
Compiling shader "Skybox/Procedural" pass "" (vp)
    Full variant space:         6
    After settings filtering:   6
    After built-in stripping:   6
    After scriptable stripping: 6
    Processed in 0.00 seconds
    starting compilation...
    finished in 0.10 seconds. Local cache hits 1 (0.00s CPU time), remote cache hits 0 (0.00s CPU time), compiled 5 variants (0.44s CPU time), skipped 0 variants
    Prepared data for serialisation in 0.00s
Serialized binary data for shader Skybox/Procedural in 0.00s
    glcore (total internal programs: 3, unique: 3)
    vulkan (total internal programs: 3, unique: 3)
Compiling shader "Universal Render Pipeline/Lit" pass "ForwardLit" (vp)
    Full variant space:         13589544960
    After settings filtering:   73728
    After built-in stripping:   144
    After scriptable stripping: 48
    Processed in 0.01 seconds
    starting compilation...
    finished in 3.40 seconds. Local cache hits 3 (0.00s CPU time), remote cache hits 0 (0.00s CPU time), compiled 45 variants (57.52s CPU time), skipped 0 variants
    Prepared data for serialisation in 0.00s
Compiling shader "Universal Render Pipeline/Lit" pass "ShadowCaster" (vp)
    Full variant space:         32
    After settings filtering:   32
    After built-in stripping:   8
    After scriptable stripping: 4
    Processed in 0.00 seconds
    starting compilation...
    finished in 0.08 seconds. Local cache hits 1 (0.00s CPU time), remote cache hits 0 (0.00s CPU time), compiled 3 variants (0.23s CPU time), skipped 0 variants
    Prepared data for serialisation in 0.00s
Compiling shader "Universal Render Pipeline/Lit" pass "GBuffer" (vp)
    Full variant space:         23592960
    After settings filtering:   3072
    After built-in stripping:   24
    After scriptable stripping: 0
    Processed in 0.00 seconds
    Prepared data for serialisation in 0.00s
Compiling shader "Universal Render Pipeline/Lit" pass "DepthOnly" (vp)
    Full variant space:         16
    After settings filtering:   16
    After built-in stripping:   4
    After scriptable stripping: 4
    Processed in 0.00 seconds
    starting compilation...
    finished in 0.06 seconds. Local cache hits 0 (0.00s CPU time), remote cache hits 0 (0.00s CPU time), compiled 4 variants (0.20s CPU time), skipped 0 variants
    Prepared data for serialisation in 0.00s
Compiling shader "Universal Render Pipeline/Lit" pass "DepthNormals" (vp)
    Full variant space:         32
    After settings filtering:   16
    After built-in stripping:   4
    After scriptable stripping: 4
    Processed in 0.00 seconds
    starting compilation...
    finished in 0.17 seconds. Local cache hits 0 (0.00s CPU time), remote cache hits 0 (0.00s CPU time), compiled 4 variants (0.59s CPU time), skipped 0 variants
    Prepared data for serialisation in 0.00s
Compiling shader "Universal Render Pipeline/Lit" pass "Universal2D" (vp)
    Full variant space:         8
    After settings filtering:   8
    After built-in stripping:   4
    After scriptable stripping: 0
    Processed in 0.00 seconds
    Prepared data for serialisation in 0.00s
Compiling shader "Universal Render Pipeline/Lit" pass "MotionVectors" (vp)
    Full variant space:         16
    After settings filtering:   16
    After built-in stripping:   4
    After scriptable stripping: 4
    Processed in 0.00 seconds
    starting compilation...
    finished in 0.07 seconds. Local cache hits 0 (0.00s CPU time), remote cache hits 0 (0.00s CPU time), compiled 4 variants (0.24s CPU time), skipped 0 variants
    Prepared data for serialisation in 0.00s
Compiling shader "Universal Render Pipeline/Lit" pass "XRMotionVectors" (vp)
    Full variant space:         16
    After settings filtering:   16
    After built-in stripping:   4
    After scriptable stripping: 0
    Processed in 0.00 seconds
    Prepared data for serialisation in 0.00s
Serialized binary data for shader Universal Render Pipeline/Lit in 0.00s
    glcore (total internal programs: 32, unique: 32)
    vulkan (total internal programs: 32, unique: 32)
Compiling shader "Legacy Shaders/VertexLit" pass "" (vp)
    Full variant space:         24
    After settings filtering:   24
    After built-in stripping:   6
    After scriptable stripping: 6
    Processed in 0.00 seconds
    starting compilation...
    finished in 0.06 seconds. Local cache hits 0 (0.00s CPU time), remote cache hits 0 (0.00s CPU time), compiled 6 variants (0.33s CPU time), skipped 0 variants
    Prepared data for serialisation in 0.00s
Compiling shader "Legacy Shaders/VertexLit" pass "" (vp)
    Full variant space:         8
    After settings filtering:   8
    After built-in stripping:   2
    After scriptable stripping: 2
    Processed in 0.00 seconds
    starting compilation...
    finished in 0.03 seconds. Local cache hits 0 (0.00s CPU time), remote cache hits 0 (0.00s CPU time), compiled 2 variants (0.05s CPU time), skipped 0 variants
    Prepared data for serialisation in 0.00s
Compiling shader "Legacy Shaders/VertexLit" pass "ShadowCaster" (vp)
    Full variant space:         8
    After settings filtering:   8
    After built-in stripping:   4
    After scriptable stripping: 4
    Processed in 0.00 seconds
    starting compilation...
    finished in 0.03 seconds. Local cache hits 0 (0.00s CPU time), remote cache hits 0 (0.00s CPU time), compiled 4 variants (0.09s CPU time), skipped 0 variants
    Prepared data for serialisation in 0.00s
Serialized binary data for shader Legacy Shaders/VertexLit in 0.00s
    glcore (total internal programs: 6, unique: 6)
    vulkan (total internal programs: 6, unique: 6)
Compiling shader "Legacy Shaders/Diffuse" pass "FORWARD" (vp)
    Full variant space:         1328
    After settings filtering:   1328
    After built-in stripping:   16
    After scriptable stripping: 16
    Processed in 0.00 seconds
    starting compilation...
    finished in 0.14 seconds. Local cache hits 0 (0.00s CPU time), remote cache hits 0 (0.00s CPU time), compiled 16 variants (1.69s CPU time), skipped 0 variants
    Prepared data for serialisation in 0.00s
Compiling shader "Legacy Shaders/Diffuse" pass "FORWARD" (vp)
    Full variant space:         40
    After settings filtering:   40
    After built-in stripping:   10
    After scriptable stripping: 10
    Processed in 0.00 seconds
    starting compilation...
    finished in 0.09 seconds. Local cache hits 0 (0.00s CPU time), remote cache hits 0 (0.00s CPU time), compiled 10 variants (0.68s CPU time), skipped 0 variants
    Prepared data for serialisation in 0.00s
Compiling shader "Legacy Shaders/Diffuse" pass "DEFERRED" (vp)
    Full variant space:         152
    After settings filtering:   152
    After built-in stripping:   8
    After scriptable stripping: 8
    Processed in 0.00 seconds
    starting compilation...
    finished in 0.06 seconds. Local cache hits 0 (0.00s CPU time), remote cache hits 0 (0.00s CPU time), compiled 8 variants (0.40s CPU time), skipped 0 variants
    Prepared data for serialisation in 0.00s
Serialized binary data for shader Legacy Shaders/Diffuse in 0.00s
    glcore (total internal programs: 17, unique: 17)
    vulkan (total internal programs: 17, unique: 17)
Compiling shader "Hidden/Internal-StencilWrite" pass "" (vp)
    Full variant space:         2
    After settings filtering:   2
    After built-in stripping:   2
    After scriptable stripping: 2
    Processed in 0.00 seconds
    starting compilation...
    finished in 0.02 seconds. Local cache hits 0 (0.00s CPU time), remote cache hits 0 (0.00s CPU time), compiled 2 variants (0.04s CPU time), skipped 0 variants
    Prepared data for serialisation in 0.00s
Serialized binary data for shader Hidden/Internal-StencilWrite in 0.00s
    glcore (total internal programs: 1, unique: 1)
    vulkan (total internal programs: 1, unique: 1)
Compiling shader "Hidden/Internal-DepthNormalsTexture" pass "" (vp)
    Full variant space:         2
    After settings filtering:   2
    After built-in stripping:   2
    After scriptable stripping: 2
    Processed in 0.00 seconds
    starting compilation...
    finished in 0.02 seconds. Local cache hits 0 (0.00s CPU time), remote cache hits 0 (0.00s CPU time), compiled 2 variants (0.05s CPU time), skipped 0 variants
    Prepared data for serialisation in 0.00s
Compiling shader "Hidden/Internal-DepthNormalsTexture" pass "" (vp)
    Full variant space:         2
    After settings filtering:   2
    After built-in stripping:   2
    After scriptable stripping: 2
    Processed in 0.00 seconds
    starting compilation...
    finished in 0.03 seconds. Local cache hits 0 (0.00s CPU time), remote cache hits 0 (0.00s CPU time), compiled 2 variants (0.06s CPU time), skipped 0 variants
    Prepared data for serialisation in 0.00s
Compiling shader "Hidden/Internal-DepthNormalsTexture" pass "" (vp)
    Full variant space:         2
    After settings filtering:   2
    After built-in stripping:   2
    After scriptable stripping: 2
    Processed in 0.00 seconds
    starting compilation...
    finished in 0.05 seconds. Local cache hits 0 (0.00s CPU time), remote cache hits 0 (0.00s CPU time), compiled 2 variants (0.10s CPU time), skipped 0 variants
    Prepared data for serialisation in 0.00s
Compiling shader "Hidden/Internal-DepthNormalsTexture" pass "" (vp)
    Full variant space:         2
    After settings filtering:   2
    After built-in stripping:   2
    After scriptable stripping: 2
    Processed in 0.00 seconds
    starting compilation...
    finished in 0.06 seconds. Local cache hits 0 (0.00s CPU time), remote cache hits 0 (0.00s CPU time), compiled 2 variants (0.12s CPU time), skipped 0 variants
    Prepared data for serialisation in 0.00s
Compiling shader "Hidden/Internal-DepthNormalsTexture" pass "" (vp)
    Full variant space:         2
    After settings filtering:   2
    After built-in stripping:   2
    After scriptable stripping: 2
    Processed in 0.00 seconds
    starting compilation...
    finished in 0.04 seconds. Local cache hits 0 (0.00s CPU time), remote cache hits 0 (0.00s CPU time), compiled 2 variants (0.07s CPU time), skipped 0 variants
    Prepared data for serialisation in 0.00s
Compiling shader "Hidden/Internal-DepthNormalsTexture" pass "" (vp)
    Full variant space:         2
    After settings filtering:   2
    After built-in stripping:   2
    After scriptable stripping: 2
    Processed in 0.00 seconds
    starting compilation...
    finished in 0.04 seconds. Local cache hits 0 (0.00s CPU time), remote cache hits 0 (0.00s CPU time), compiled 2 variants (0.07s CPU time), skipped 0 variants
    Prepared data for serialisation in 0.00s
Compiling shader "Hidden/Internal-DepthNormalsTexture" pass "" (vp)
    Full variant space:         2
    After settings filtering:   2
    After built-in stripping:   2
    After scriptable stripping: 2
    Processed in 0.00 seconds
    starting compilation...
    finished in 0.04 seconds. Local cache hits 0 (0.00s CPU time), remote cache hits 0 (0.00s CPU time), compiled 2 variants (0.07s CPU time), skipped 0 variants
    Prepared data for serialisation in 0.00s
Compiling shader "Hidden/Internal-DepthNormalsTexture" pass "" (vp)
    Full variant space:         2
    After settings filtering:   2
    After built-in stripping:   2
    After scriptable stripping: 2
    Processed in 0.00 seconds
    starting compilation...
    finished in 0.03 seconds. Local cache hits 0 (0.00s CPU time), remote cache hits 0 (0.00s CPU time), compiled 2 variants (0.06s CPU time), skipped 0 variants
    Prepared data for serialisation in 0.00s
Compiling shader "Hidden/Internal-DepthNormalsTexture" pass "" (vp)
    Full variant space:         2
    After settings filtering:   2
    After built-in stripping:   2
    After scriptable stripping: 2
    Processed in 0.00 seconds
    starting compilation...
    finished in 0.05 seconds. Local cache hits 0 (0.00s CPU time), remote cache hits 0 (0.00s CPU time), compiled 2 variants (0.10s CPU time), skipped 0 variants
    Prepared data for serialisation in 0.00s
Compiling shader "Hidden/Internal-DepthNormalsTexture" pass "" (vp)
    Full variant space:         2
    After settings filtering:   2
    After built-in stripping:   2
    After scriptable stripping: 2
    Processed in 0.00 seconds
    starting compilation...
    finished in 0.05 seconds. Local cache hits 0 (0.00s CPU time), remote cache hits 0 (0.00s CPU time), compiled 2 variants (0.11s CPU time), skipped 0 variants
    Prepared data for serialisation in 0.00s
Serialized binary data for shader Hidden/Internal-DepthNormalsTexture in 0.00s
    glcore (total internal programs: 10, unique: 10)
    vulkan (total internal programs: 10, unique: 10)
Compiling shader "Hidden/Internal-ScreenSpaceShadows" pass "" (vp)
    Full variant space:         8
    After settings filtering:   8
    After built-in stripping:   8
    After scriptable stripping: 8
    Processed in 0.00 seconds
    starting compilation...
    finished in 0.07 seconds. Local cache hits 0 (0.00s CPU time), remote cache hits 0 (0.00s CPU time), compiled 8 variants (0.50s CPU time), skipped 0 variants
    Prepared data for serialisation in 0.00s
Compiling shader "Hidden/Internal-ScreenSpaceShadows" pass "" (vp)
    Full variant space:         8
    After settings filtering:   8
    After built-in stripping:   8
    After scriptable stripping: 8
    Processed in 0.00 seconds
    starting compilation...
    finished in 0.08 seconds. Local cache hits 0 (0.00s CPU time), remote cache hits 0 (0.00s CPU time), compiled 8 variants (0.50s CPU time), skipped 0 variants
    Prepared data for serialisation in 0.00s
Compiling shader "Hidden/Internal-ScreenSpaceShadows" pass "" (vp)
    Full variant space:         8
    After settings filtering:   8
    After built-in stripping:   8
    After scriptable stripping: 8
    Processed in 0.00 seconds
    starting compilation...
    finished in 0.11 seconds. Local cache hits 0 (0.00s CPU time), remote cache hits 0 (0.00s CPU time), compiled 8 variants (0.78s CPU time), skipped 0 variants
    Prepared data for serialisation in 0.00s
Compiling shader "Hidden/Internal-ScreenSpaceShadows" pass "" (vp)
    Full variant space:         8
    After settings filtering:   8
    After built-in stripping:   8
    After scriptable stripping: 8
    Processed in 0.00 seconds
    starting compilation...
    finished in 0.12 seconds. Local cache hits 0 (0.00s CPU time), remote cache hits 0 (0.00s CPU time), compiled 8 variants (0.83s CPU time), skipped 0 variants
    Prepared data for serialisation in 0.00s
Serialized binary data for shader Hidden/Internal-ScreenSpaceShadows in 0.00s
    glcore (total internal programs: 16, unique: 16)
    vulkan (total internal programs: 16, unique: 16)
Compiling shader "Hidden/Internal-CombineDepthNormals" pass "" (vp)
    Full variant space:         2
    After settings filtering:   2
    After built-in stripping:   2
    After scriptable stripping: 2
    Processed in 0.00 seconds
    starting compilation...
    finished in 0.03 seconds. Local cache hits 0 (0.00s CPU time), remote cache hits 0 (0.00s CPU time), compiled 2 variants (0.06s CPU time), skipped 0 variants
    Prepared data for serialisation in 0.00s
Serialized binary data for shader Hidden/Internal-CombineDepthNormals in 0.00s
    glcore (total internal programs: 1, unique: 1)
    vulkan (total internal programs: 1, unique: 1)
Compiling shader "Hidden/BlitCopy" pass "" (vp)
    Full variant space:         2
    After settings filtering:   2
    After built-in stripping:   2
    After scriptable stripping: 2
    Processed in 0.00 seconds
    starting compilation...
    finished in 0.02 seconds. Local cache hits 1 (0.00s CPU time), remote cache hits 0 (0.00s CPU time), compiled 1 variants (0.02s CPU time), skipped 0 variants
    Prepared data for serialisation in 0.00s
Serialized binary data for shader Hidden/BlitCopy in 0.00s
    glcore (total internal programs: 1, unique: 1)
    vulkan (total internal programs: 1, unique: 1)
Compiling shader "Hidden/BlitCopyDepth" pass "" (vp)
    Full variant space:         2
    After settings filtering:   2
    After built-in stripping:   2
    After scriptable stripping: 2
    Processed in 0.00 seconds
    starting compilation...
    finished in 0.02 seconds. Local cache hits 0 (0.00s CPU time), remote cache hits 0 (0.00s CPU time), compiled 2 variants (0.04s CPU time), skipped 0 variants
    Prepared data for serialisation in 0.00s
Serialized binary data for shader Hidden/BlitCopyDepth in 0.00s
    glcore (total internal programs: 1, unique: 1)
    vulkan (total internal programs: 1, unique: 1)
Compiling shader "Hidden/ConvertTexture" pass "" (vp)
    Full variant space:         2
    After settings filtering:   2
    After built-in stripping:   2
    After scriptable stripping: 2
    Processed in 0.00 seconds
    starting compilation...
    finished in 0.03 seconds. Local cache hits 0 (0.00s CPU time), remote cache hits 0 (0.00s CPU time), compiled 2 variants (0.05s CPU time), skipped 0 variants
    Prepared data for serialisation in 0.00s
Serialized binary data for shader Hidden/ConvertTexture in 0.00s
    glcore (total internal programs: 1, unique: 1)
    vulkan (total internal programs: 1, unique: 1)
Compiling shader "Hidden/Internal-DeferredShading" pass "" (vp)
    Full variant space:         188
    After settings filtering:   188
    After built-in stripping:   52
    After scriptable stripping: 52
    Processed in 0.00 seconds
    starting compilation...
    finished in 0.50 seconds. Local cache hits 0 (0.00s CPU time), remote cache hits 0 (0.00s CPU time), compiled 52 variants (8.71s CPU time), skipped 0 variants
    Prepared data for serialisation in 0.00s
Compiling shader "Hidden/Internal-DeferredShading" pass "" (vp)
    Full variant space:         2
    After settings filtering:   2
    After built-in stripping:   2
    After scriptable stripping: 2
    Processed in 0.00 seconds
    starting compilation...
    finished in 0.02 seconds. Local cache hits 0 (0.00s CPU time), remote cache hits 0 (0.00s CPU time), compiled 2 variants (0.04s CPU time), skipped 0 variants
    Prepared data for serialisation in 0.00s
Serialized binary data for shader Hidden/Internal-DeferredShading in 0.00s
    glcore (total internal programs: 27, unique: 27)
    vulkan (total internal programs: 27, unique: 27)
Compiling shader "Hidden/Internal-DeferredReflections" pass "" (vp)
    Full variant space:         2
    After settings filtering:   2
    After built-in stripping:   2
    After scriptable stripping: 2
    Processed in 0.00 seconds
    starting compilation...
    finished in 0.06 seconds. Local cache hits 0 (0.00s CPU time), remote cache hits 0 (0.00s CPU time), compiled 2 variants (0.12s CPU time), skipped 0 variants
    Prepared data for serialisation in 0.00s
Compiling shader "Hidden/Internal-DeferredReflections" pass "" (vp)
    Full variant space:         4
    After settings filtering:   4
    After built-in stripping:   4
    After scriptable stripping: 4
    Processed in 0.00 seconds
    starting compilation...
    finished in 0.02 seconds. Local cache hits 0 (0.00s CPU time), remote cache hits 0 (0.00s CPU time), compiled 4 variants (0.08s CPU time), skipped 0 variants
    Prepared data for serialisation in 0.00s
Serialized binary data for shader Hidden/Internal-DeferredReflections in 0.00s
    glcore (total internal programs: 3, unique: 3)
    vulkan (total internal programs: 3, unique: 3)
Compiling shader "Hidden/Internal-MotionVectors" pass "" (vp)
    Full variant space:         2
    After settings filtering:   2
    After built-in stripping:   2
    After scriptable stripping: 2
    Processed in 0.00 seconds
    starting compilation...
    finished in 0.03 seconds. Local cache hits 0 (0.00s CPU time), remote cache hits 0 (0.00s CPU time), compiled 2 variants (0.06s CPU time), skipped 0 variants
    Prepared data for serialisation in 0.00s
Compiling shader "Hidden/Internal-MotionVectors" pass "" (vp)
    Full variant space:         2
    After settings filtering:   2
    After built-in stripping:   2
    After scriptable stripping: 2
    Processed in 0.00 seconds
    starting compilation...
    finished in 0.03 seconds. Local cache hits 0 (0.00s CPU time), remote cache hits 0 (0.00s CPU time), compiled 2 variants (0.05s CPU time), skipped 0 variants
    Prepared data for serialisation in 0.00s
Compiling shader "Hidden/Internal-MotionVectors" pass "" (vp)
    Full variant space:         2
    After settings filtering:   2
    After built-in stripping:   2
    After scriptable stripping: 2
    Processed in 0.00 seconds
    starting compilation...
    finished in 0.03 seconds. Local cache hits 0 (0.00s CPU time), remote cache hits 0 (0.00s CPU time), compiled 2 variants (0.05s CPU time), skipped 0 variants
    Prepared data for serialisation in 0.00s
Serialized binary data for shader Hidden/Internal-MotionVectors in 0.00s
    glcore (total internal programs: 3, unique: 3)
    vulkan (total internal programs: 3, unique: 3)
Compiling shader "Hidden/Internal-Flare" pass "" (vp)
    Full variant space:         2
    After settings filtering:   2
    After built-in stripping:   2
    After scriptable stripping: 2
    Processed in 0.00 seconds
    starting compilation...
    finished in 0.02 seconds. Local cache hits 0 (0.00s CPU time), remote cache hits 0 (0.00s CPU time), compiled 2 variants (0.04s CPU time), skipped 0 variants
    Prepared data for serialisation in 0.00s
Serialized binary data for shader Hidden/Internal-Flare in 0.00s
    glcore (total internal programs: 1, unique: 1)
    vulkan (total internal programs: 1, unique: 1)
Compiling shader "Hidden/Internal-Halo" pass "" (vp)
    Full variant space:         8
    After settings filtering:   8
    After built-in stripping:   2
    After scriptable stripping: 2
    Processed in 0.00 seconds
    starting compilation...
    finished in 0.02 seconds. Local cache hits 0 (0.00s CPU time), remote cache hits 0 (0.00s CPU time), compiled 2 variants (0.04s CPU time), skipped 0 variants
    Prepared data for serialisation in 0.00s
Serialized binary data for shader Hidden/Internal-Halo in 0.00s
    glcore (total internal programs: 1, unique: 1)
    vulkan (total internal programs: 1, unique: 1)
Compiling shader "Hidden/BlitCopyWithDepth" pass "" (vp)
    Full variant space:         2
    After settings filtering:   2
    After built-in stripping:   2
    After scriptable stripping: 2
    Processed in 0.00 seconds
    starting compilation...
    finished in 0.02 seconds. Local cache hits 0 (0.00s CPU time), remote cache hits 0 (0.00s CPU time), compiled 2 variants (0.04s CPU time), skipped 0 variants
    Prepared data for serialisation in 0.00s
Serialized binary data for shader Hidden/BlitCopyWithDepth in 0.00s
    glcore (total internal programs: 1, unique: 1)
    vulkan (total internal programs: 1, unique: 1)
Compiling shader "Hidden/BlitToDepth" pass "" (vp)
    Full variant space:         2
    After settings filtering:   2
    After built-in stripping:   2
    After scriptable stripping: 2
    Processed in 0.00 seconds
    starting compilation...
    finished in 0.02 seconds. Local cache hits 0 (0.00s CPU time), remote cache hits 0 (0.00s CPU time), compiled 2 variants (0.04s CPU time), skipped 0 variants
    Prepared data for serialisation in 0.00s
Serialized binary data for shader Hidden/BlitToDepth in 0.00s
    glcore (total internal programs: 1, unique: 1)
    vulkan (total internal programs: 1, unique: 1)
Compiling shader "Hidden/BlitToDepth_MSAA" pass "" (vp)
    Full variant space:         2
    After settings filtering:   2
    After built-in stripping:   2
    After scriptable stripping: 2
    Processed in 0.00 seconds
    starting compilation...
    finished in 0.02 seconds. Local cache hits 0 (0.00s CPU time), remote cache hits 0 (0.00s CPU time), compiled 2 variants (0.05s CPU time), skipped 0 variants
    Prepared data for serialisation in 0.00s
Serialized binary data for shader Hidden/BlitToDepth_MSAA in 0.00s
    glcore (total internal programs: 1, unique: 1)
    vulkan (total internal programs: 1, unique: 1)
Compiling shader "Hidden/BlitCopyHDRTonemap" pass "" (vp)
    Full variant space:         2
    After settings filtering:   2
    After built-in stripping:   2
    After scriptable stripping: 2
    Processed in 0.00 seconds
    starting compilation...
    finished in 0.04 seconds. Local cache hits 0 (0.00s CPU time), remote cache hits 0 (0.00s CPU time), compiled 2 variants (0.07s CPU time), skipped 0 variants
    Prepared data for serialisation in 0.00s
Serialized binary data for shader Hidden/BlitCopyHDRTonemap in 0.00s
    glcore (total internal programs: 1, unique: 1)
    vulkan (total internal programs: 1, unique: 1)
Compiling shader "Hidden/Internal-DebugPattern" pass "Target Color and DepthStencil" (vp)
    Full variant space:         2
    After settings filtering:   2
    After built-in stripping:   2
    After scriptable stripping: 2
    Processed in 0.00 seconds
    starting compilation...
    finished in 0.02 seconds. Local cache hits 0 (0.00s CPU time), remote cache hits 0 (0.00s CPU time), compiled 2 variants (0.04s CPU time), skipped 0 variants
    Prepared data for serialisation in 0.00s
Compiling shader "Hidden/Internal-DebugPattern" pass "Target only Color" (vp)
    Full variant space:         2
    After settings filtering:   2
    After built-in stripping:   2
    After scriptable stripping: 2
    Processed in 0.00 seconds
    starting compilation...
    finished in 0.02 seconds. Local cache hits 0 (0.00s CPU time), remote cache hits 0 (0.00s CPU time), compiled 2 variants (0.04s CPU time), skipped 0 variants
    Prepared data for serialisation in 0.00s
Compiling shader "Hidden/Internal-DebugPattern" pass "Target only DepthStencil" (vp)
    Full variant space:         2
    After settings filtering:   2
    After built-in stripping:   2
    After scriptable stripping: 2
    Processed in 0.00 seconds
    starting compilation...
    finished in 0.02 seconds. Local cache hits 0 (0.00s CPU time), remote cache hits 0 (0.00s CPU time), compiled 2 variants (0.04s CPU time), skipped 0 variants
    Prepared data for serialisation in 0.00s
Serialized binary data for shader Hidden/Internal-DebugPattern in 0.00s
    glcore (total internal programs: 3, unique: 3)
    vulkan (total internal programs: 3, unique: 3)
Compiling shader "Hidden/Internal-GUITextureClip" pass "" (vp)
    Full variant space:         2
    After settings filtering:   2
    After built-in stripping:   2
    After scriptable stripping: 2
    Processed in 0.00 seconds
    starting compilation...
    finished in 0.03 seconds. Local cache hits 1 (0.00s CPU time), remote cache hits 0 (0.00s CPU time), compiled 1 variants (0.03s CPU time), skipped 0 variants
    Prepared data for serialisation in 0.00s
Compiling shader "Hidden/Internal-GUITextureClip" pass "" (vp)
    Full variant space:         2
    After settings filtering:   2
    After built-in stripping:   2
    After scriptable stripping: 2
    Processed in 0.00 seconds
    starting compilation...
    finished in 0.03 seconds. Local cache hits 1 (0.00s CPU time), remote cache hits 0 (0.00s CPU time), compiled 1 variants (0.03s CPU time), skipped 0 variants
    Prepared data for serialisation in 0.00s
Serialized binary data for shader Hidden/Internal-GUITextureClip in 0.00s
    glcore (total internal programs: 2, unique: 1)
    vulkan (total internal programs: 2, unique: 1)
Compiling shader "Hidden/Internal-GUITextureClipText" pass "" (vp)
    Full variant space:         2
    After settings filtering:   2
    After built-in stripping:   2
    After scriptable stripping: 2
    Processed in 0.00 seconds
    starting compilation...
    finished in 0.02 seconds. Local cache hits 1 (0.00s CPU time), remote cache hits 0 (0.00s CPU time), compiled 1 variants (0.02s CPU time), skipped 0 variants
    Prepared data for serialisation in 0.00s
Compiling shader "Hidden/Internal-GUITextureClipText" pass "" (vp)
    Full variant space:         2
    After settings filtering:   2
    After built-in stripping:   2
    After scriptable stripping: 2
    Processed in 0.00 seconds
    starting compilation...
    finished in 0.02 seconds. Local cache hits 1 (0.00s CPU time), remote cache hits 0 (0.00s CPU time), compiled 1 variants (0.02s CPU time), skipped 0 variants
    Prepared data for serialisation in 0.00s
Serialized binary data for shader Hidden/Internal-GUITextureClipText in 0.00s
    glcore (total internal programs: 2, unique: 1)
    vulkan (total internal programs: 2, unique: 1)
Compiling shader "Hidden/Internal-GUITexture" pass "" (vp)
    Full variant space:         2
    After settings filtering:   2
    After built-in stripping:   2
    After scriptable stripping: 2
    Processed in 0.00 seconds
    starting compilation...
    finished in 0.02 seconds. Local cache hits 1 (0.00s CPU time), remote cache hits 0 (0.00s CPU time), compiled 1 variants (0.02s CPU time), skipped 0 variants
    Prepared data for serialisation in 0.00s
Compiling shader "Hidden/Internal-GUITexture" pass "" (vp)
    Full variant space:         2
    After settings filtering:   2
    After built-in stripping:   2
    After scriptable stripping: 2
    Processed in 0.00 seconds
    starting compilation...
    finished in 0.02 seconds. Local cache hits 1 (0.00s CPU time), remote cache hits 0 (0.00s CPU time), compiled 1 variants (0.02s CPU time), skipped 0 variants
    Prepared data for serialisation in 0.00s
Serialized binary data for shader Hidden/Internal-GUITexture in 0.00s
    glcore (total internal programs: 2, unique: 1)
    vulkan (total internal programs: 2, unique: 1)
Compiling shader "Hidden/Internal-GUITextureBlit" pass "" (vp)
    Full variant space:         2
    After settings filtering:   2
    After built-in stripping:   2
    After scriptable stripping: 2
    Processed in 0.00 seconds
    starting compilation...
    finished in 0.03 seconds. Local cache hits 1 (0.00s CPU time), remote cache hits 0 (0.00s CPU time), compiled 1 variants (0.03s CPU time), skipped 0 variants
    Prepared data for serialisation in 0.00s
Compiling shader "Hidden/Internal-GUITextureBlit" pass "" (vp)
    Full variant space:         2
    After settings filtering:   2
    After built-in stripping:   2
    After scriptable stripping: 2
    Processed in 0.00 seconds
    starting compilation...
    finished in 0.03 seconds. Local cache hits 1 (0.00s CPU time), remote cache hits 0 (0.00s CPU time), compiled 1 variants (0.03s CPU time), skipped 0 variants
    Prepared data for serialisation in 0.00s
Serialized binary data for shader Hidden/Internal-GUITextureBlit in 0.00s
    glcore (total internal programs: 2, unique: 1)
    vulkan (total internal programs: 2, unique: 1)
Compiling shader "Hidden/Internal-GUIRoundedRect" pass "" (vp)
    Full variant space:         2
    After settings filtering:   2
    After built-in stripping:   2
    After scriptable stripping: 2
    Processed in 0.00 seconds
    starting compilation...
    finished in 0.04 seconds. Local cache hits 1 (0.00s CPU time), remote cache hits 0 (0.00s CPU time), compiled 1 variants (0.04s CPU time), skipped 0 variants
    Prepared data for serialisation in 0.00s
Compiling shader "Hidden/Internal-GUIRoundedRect" pass "" (vp)
    Full variant space:         2
    After settings filtering:   2
    After built-in stripping:   2
    After scriptable stripping: 2
    Processed in 0.00 seconds
    starting compilation...
    finished in 0.04 seconds. Local cache hits 1 (0.00s CPU time), remote cache hits 0 (0.00s CPU time), compiled 1 variants (0.04s CPU time), skipped 0 variants
    Prepared data for serialisation in 0.00s
Serialized binary data for shader Hidden/Internal-GUIRoundedRect in 0.00s
    glcore (total internal programs: 2, unique: 1)
    vulkan (total internal programs: 2, unique: 1)
Compiling shader "Hidden/Internal-GUIRoundedRectWithColorPerBorder" pass "" (vp)
    Full variant space:         2
    After settings filtering:   2
    After built-in stripping:   2
    After scriptable stripping: 2
    Processed in 0.00 seconds
    starting compilation...
    finished in 0.05 seconds. Local cache hits 1 (0.00s CPU time), remote cache hits 0 (0.00s CPU time), compiled 1 variants (0.05s CPU time), skipped 0 variants
    Prepared data for serialisation in 0.00s
Compiling shader "Hidden/Internal-GUIRoundedRectWithColorPerBorder" pass "" (vp)
    Full variant space:         2
    After settings filtering:   2
    After built-in stripping:   2
    After scriptable stripping: 2
    Processed in 0.00 seconds
    starting compilation...
    finished in 0.05 seconds. Local cache hits 1 (0.00s CPU time), remote cache hits 0 (0.00s CPU time), compiled 1 variants (0.05s CPU time), skipped 0 variants
    Prepared data for serialisation in 0.00s
Serialized binary data for shader Hidden/Internal-GUIRoundedRectWithColorPerBorder in 0.00s
    glcore (total internal programs: 2, unique: 1)
    vulkan (total internal programs: 2, unique: 1)
Compiling shader "Hidden/Internal-UIRDefault" pass "" (vp)
    Full variant space:         4
    After settings filtering:   4
    After built-in stripping:   4
    After scriptable stripping: 4
    Processed in 0.00 seconds
    starting compilation...
    finished in 0.17 seconds. Local cache hits 1 (0.00s CPU time), remote cache hits 0 (0.00s CPU time), compiled 3 variants (0.49s CPU time), skipped 0 variants
    Prepared data for serialisation in 0.00s
Serialized binary data for shader Hidden/Internal-UIRDefault in 0.00s
    glcore (total internal programs: 2, unique: 2)
    vulkan (total internal programs: 2, unique: 2)
Compiling shader "Hidden/Internal-UIRAtlasBlitCopy" pass "" (vp)
    Full variant space:         2
    After settings filtering:   2
    After built-in stripping:   2
    After scriptable stripping: 2
    Processed in 0.00 seconds
    starting compilation...
    finished in 0.03 seconds. Local cache hits 1 (0.00s CPU time), remote cache hits 0 (0.00s CPU time), compiled 1 variants (0.03s CPU time), skipped 0 variants
    Prepared data for serialisation in 0.00s
Serialized binary data for shader Hidden/Internal-UIRAtlasBlitCopy in 0.00s
    glcore (total internal programs: 1, unique: 1)
    vulkan (total internal programs: 1, unique: 1)
Compiling shader "Hidden/Internal-UIRDefaultWorld" pass "" (vp)
    Full variant space:         2
    After settings filtering:   2
    After built-in stripping:   2
    After scriptable stripping: 2
    Processed in 0.00 seconds
    starting compilation...
    finished in 0.16 seconds. Local cache hits 0 (0.00s CPU time), remote cache hits 0 (0.00s CPU time), compiled 2 variants (0.31s CPU time), skipped 0 variants
    Prepared data for serialisation in 0.00s
Serialized binary data for shader Hidden/Internal-UIRDefaultWorld in 0.00s
    glcore (total internal programs: 1, unique: 1)
    vulkan (total internal programs: 1, unique: 1)
Compiling shader "Sprites/Default" pass "" (vp)
    Full variant space:         16
    After settings filtering:   16
    After built-in stripping:   8
    After scriptable stripping: 8
    Processed in 0.00 seconds
    starting compilation...
    finished in 0.04 seconds. Local cache hits 0 (0.00s CPU time), remote cache hits 0 (0.00s CPU time), compiled 8 variants (0.23s CPU time), skipped 0 variants
    Prepared data for serialisation in 0.00s
Serialized binary data for shader Sprites/Default in 0.00s
    glcore (total internal programs: 4, unique: 4)
    vulkan (total internal programs: 4, unique: 4)
Compiling shader "Sprites/Mask" pass "" (vp)
    Full variant space:         8
    After settings filtering:   8
    After built-in stripping:   8
    After scriptable stripping: 8
    Processed in 0.00 seconds
    starting compilation...
    finished in 0.04 seconds. Local cache hits 0 (0.00s CPU time), remote cache hits 0 (0.00s CPU time), compiled 8 variants (0.26s CPU time), skipped 0 variants
    Prepared data for serialisation in 0.00s
Serialized binary data for shader Sprites/Mask in 0.00s
    glcore (total internal programs: 4, unique: 4)
    vulkan (total internal programs: 4, unique: 4)
Compiling shader "UI/Default" pass "Default" (vp)
    Full variant space:         8
    After settings filtering:   8
    After built-in stripping:   8
    After scriptable stripping: 8
    Processed in 0.00 seconds
    starting compilation...
    finished in 0.06 seconds. Local cache hits 0 (0.00s CPU time), remote cache hits 0 (0.00s CPU time), compiled 8 variants (0.37s CPU time), skipped 0 variants
    Prepared data for serialisation in 0.00s
Serialized binary data for shader UI/Default in 0.00s
    glcore (total internal programs: 4, unique: 4)
    vulkan (total internal programs: 4, unique: 4)
Compiling shader "UI/DefaultETC1" pass "Default" (vp)
    Full variant space:         8
    After settings filtering:   8
    After built-in stripping:   8
    After scriptable stripping: 8
    Processed in 0.00 seconds
    starting compilation...
    finished in 0.06 seconds. Local cache hits 0 (0.00s CPU time), remote cache hits 0 (0.00s CPU time), compiled 8 variants (0.36s CPU time), skipped 0 variants
    Prepared data for serialisation in 0.00s
Serialized binary data for shader UI/DefaultETC1 in 0.00s
    glcore (total internal programs: 4, unique: 4)
    vulkan (total internal programs: 4, unique: 4)
Compiling shader "Hidden/CubeBlur" pass "" (vp)
    Full variant space:         2
    After settings filtering:   2
    After built-in stripping:   2
    After scriptable stripping: 2
    Processed in 0.00 seconds
    starting compilation...
    finished in 0.13 seconds. Local cache hits 0 (0.00s CPU time), remote cache hits 0 (0.00s CPU time), compiled 2 variants (0.26s CPU time), skipped 0 variants
    Prepared data for serialisation in 0.00s
Compiling shader "Hidden/CubeBlur" pass "" (vp)
    Full variant space:         2
    After settings filtering:   2
    After built-in stripping:   2
    After scriptable stripping: 2
    Processed in 0.00 seconds
    starting compilation...
    finished in 0.02 seconds. Local cache hits 0 (0.00s CPU time), remote cache hits 0 (0.00s CPU time), compiled 2 variants (0.05s CPU time), skipped 0 variants
    Prepared data for serialisation in 0.00s
Serialized binary data for shader Hidden/CubeBlur in 0.00s
    glcore (total internal programs: 2, unique: 2)
    vulkan (total internal programs: 2, unique: 2)
Compiling shader "Hidden/CubeCopy" pass "" (vp)
    Full variant space:         2
    After settings filtering:   2
    After built-in stripping:   2
    After scriptable stripping: 2
    Processed in 0.00 seconds
    starting compilation...
    finished in 0.02 seconds. Local cache hits 0 (0.00s CPU time), remote cache hits 0 (0.00s CPU time), compiled 2 variants (0.04s CPU time), skipped 0 variants
    Prepared data for serialisation in 0.00s
Compiling shader "Hidden/CubeCopy" pass "" (vp)
    Full variant space:         2
    After settings filtering:   2
    After built-in stripping:   2
    After scriptable stripping: 2
    Processed in 0.00 seconds
    starting compilation...
    finished in 0.02 seconds. Local cache hits 0 (0.00s CPU time), remote cache hits 0 (0.00s CPU time), compiled 2 variants (0.04s CPU time), skipped 0 variants
    Prepared data for serialisation in 0.00s
Serialized binary data for shader Hidden/CubeCopy in 0.00s
    glcore (total internal programs: 2, unique: 1)
    vulkan (total internal programs: 2, unique: 1)
Compiling shader "Hidden/CubeBlend" pass "" (vp)
    Full variant space:         2
    After settings filtering:   2
    After built-in stripping:   2
    After scriptable stripping: 2
    Processed in 0.00 seconds
    starting compilation...
    finished in 0.03 seconds. Local cache hits 0 (0.00s CPU time), remote cache hits 0 (0.00s CPU time), compiled 2 variants (0.05s CPU time), skipped 0 variants
    Prepared data for serialisation in 0.00s
Compiling shader "Hidden/CubeBlend" pass "" (vp)
    Full variant space:         2
    After settings filtering:   2
    After built-in stripping:   2
    After scriptable stripping: 2
    Processed in 0.00 seconds
    starting compilation...
    finished in 0.02 seconds. Local cache hits 0 (0.00s CPU time), remote cache hits 0 (0.00s CPU time), compiled 2 variants (0.04s CPU time), skipped 0 variants
    Prepared data for serialisation in 0.00s
Serialized binary data for shader Hidden/CubeBlend in 0.00s
    glcore (total internal programs: 2, unique: 1)
    vulkan (total internal programs: 2, unique: 1)
Compiling shader "Hidden/VR/BlitTexArraySlice" pass "" (vp)
    Full variant space:         2
    After settings filtering:   2
    After built-in stripping:   2
    After scriptable stripping: 2
    Processed in 0.00 seconds
    starting compilation...
    finished in 0.02 seconds. Local cache hits 0 (0.00s CPU time), remote cache hits 0 (0.00s CPU time), compiled 2 variants (0.04s CPU time), skipped 0 variants
    Prepared data for serialisation in 0.00s
Serialized binary data for shader Hidden/VR/BlitTexArraySlice in 0.00s
    glcore (total internal programs: 1, unique: 1)
    vulkan (total internal programs: 1, unique: 1)
Compiling shader "Hidden/Internal-ODSWorldTexture" pass "" (vp)
    Full variant space:         2
    After settings filtering:   2
    After built-in stripping:   2
    After scriptable stripping: 2
    Processed in 0.00 seconds
    starting compilation...
    finished in 0.02 seconds. Local cache hits 0 (0.00s CPU time), remote cache hits 0 (0.00s CPU time), compiled 2 variants (0.04s CPU time), skipped 0 variants
    Prepared data for serialisation in 0.00s
Compiling shader "Hidden/Internal-ODSWorldTexture" pass "" (vp)
    Full variant space:         2
    After settings filtering:   2
    After built-in stripping:   2
    After scriptable stripping: 2
    Processed in 0.00 seconds
    starting compilation...
    finished in 0.03 seconds. Local cache hits 0 (0.00s CPU time), remote cache hits 0 (0.00s CPU time), compiled 2 variants (0.05s CPU time), skipped 0 variants
    Prepared data for serialisation in 0.00s
Compiling shader "Hidden/Internal-ODSWorldTexture" pass "" (vp)
    Full variant space:         2
    After settings filtering:   2
    After built-in stripping:   2
    After scriptable stripping: 2
    Processed in 0.00 seconds
    starting compilation...
    finished in 0.04 seconds. Local cache hits 0 (0.00s CPU time), remote cache hits 0 (0.00s CPU time), compiled 2 variants (0.08s CPU time), skipped 0 variants
    Prepared data for serialisation in 0.00s
Compiling shader "Hidden/Internal-ODSWorldTexture" pass "" (vp)
    Full variant space:         2
    After settings filtering:   2
    After built-in stripping:   2
    After scriptable stripping: 2
    Processed in 0.00 seconds
    starting compilation...
    finished in 0.06 seconds. Local cache hits 0 (0.00s CPU time), remote cache hits 0 (0.00s CPU time), compiled 2 variants (0.11s CPU time), skipped 0 variants
    Prepared data for serialisation in 0.00s
Compiling shader "Hidden/Internal-ODSWorldTexture" pass "" (vp)
    Full variant space:         2
    After settings filtering:   2
    After built-in stripping:   2
    After scriptable stripping: 2
    Processed in 0.00 seconds
    starting compilation...
    finished in 0.02 seconds. Local cache hits 0 (0.00s CPU time), remote cache hits 0 (0.00s CPU time), compiled 2 variants (0.04s CPU time), skipped 0 variants
    Prepared data for serialisation in 0.00s
Compiling shader "Hidden/Internal-ODSWorldTexture" pass "" (vp)
    Full variant space:         2
    After settings filtering:   2
    After built-in stripping:   2
    After scriptable stripping: 2
    Processed in 0.00 seconds
    starting compilation...
    finished in 0.03 seconds. Local cache hits 0 (0.00s CPU time), remote cache hits 0 (0.00s CPU time), compiled 2 variants (0.06s CPU time), skipped 0 variants
    Prepared data for serialisation in 0.00s
Compiling shader "Hidden/Internal-ODSWorldTexture" pass "" (vp)
    Full variant space:         2
    After settings filtering:   2
    After built-in stripping:   2
    After scriptable stripping: 2
    Processed in 0.00 seconds
    starting compilation...
    finished in 0.03 seconds. Local cache hits 0 (0.00s CPU time), remote cache hits 0 (0.00s CPU time), compiled 2 variants (0.06s CPU time), skipped 0 variants
    Prepared data for serialisation in 0.00s
Compiling shader "Hidden/Internal-ODSWorldTexture" pass "" (vp)
    Full variant space:         2
    After settings filtering:   2
    After built-in stripping:   2
    After scriptable stripping: 2
    Processed in 0.00 seconds
    starting compilation...
    finished in 0.03 seconds. Local cache hits 0 (0.00s CPU time), remote cache hits 0 (0.00s CPU time), compiled 2 variants (0.05s CPU time), skipped 0 variants
    Prepared data for serialisation in 0.00s
Compiling shader "Hidden/Internal-ODSWorldTexture" pass "" (vp)
    Full variant space:         2
    After settings filtering:   2
    After built-in stripping:   2
    After scriptable stripping: 2
    Processed in 0.00 seconds
    starting compilation...
    finished in 0.04 seconds. Local cache hits 0 (0.00s CPU time), remote cache hits 0 (0.00s CPU time), compiled 2 variants (0.09s CPU time), skipped 0 variants
    Prepared data for serialisation in 0.00s
Compiling shader "Hidden/Internal-ODSWorldTexture" pass "" (vp)
    Full variant space:         2
    After settings filtering:   2
    After built-in stripping:   2
    After scriptable stripping: 2
    Processed in 0.00 seconds
    starting compilation...
    finished in 0.04 seconds. Local cache hits 0 (0.00s CPU time), remote cache hits 0 (0.00s CPU time), compiled 2 variants (0.08s CPU time), skipped 0 variants
    Prepared data for serialisation in 0.00s
Serialized binary data for shader Hidden/Internal-ODSWorldTexture in 0.00s
    glcore (total internal programs: 10, unique: 9)
    vulkan (total internal programs: 10, unique: 9)
Compiling shader "Hidden/Internal-CubemapToEquirect" pass "" (vp)
    Full variant space:         2
    After settings filtering:   2
    After built-in stripping:   2
    After scriptable stripping: 2
    Processed in 0.00 seconds
    starting compilation...
    finished in 0.02 seconds. Local cache hits 0 (0.00s CPU time), remote cache hits 0 (0.00s CPU time), compiled 2 variants (0.04s CPU time), skipped 0 variants
    Prepared data for serialisation in 0.00s
Serialized binary data for shader Hidden/Internal-CubemapToEquirect in 0.00s
    glcore (total internal programs: 1, unique: 1)
    vulkan (total internal programs: 1, unique: 1)
Compiling shader "Hidden/VR/BlitFromTex2DToTexArraySlice" pass "" (vp)
    Full variant space:         1
    After settings filtering:   1
    After built-in stripping:   1
    After scriptable stripping: 1
    Processed in 0.00 seconds
    starting compilation...
    finished in 0.02 seconds. Local cache hits 0 (0.00s CPU time), remote cache hits 0 (0.00s CPU time), compiled 1 variants (0.02s CPU time), skipped 0 variants
    Prepared data for serialisation in 0.00s
Compiling shader "Hidden/VR/BlitFromTex2DToTexArraySlice" pass "" (vp)
    Full variant space:         2
    After settings filtering:   2
    After built-in stripping:   2
    After scriptable stripping: 2
    Processed in 0.00 seconds
    starting compilation...
    finished in 0.03 seconds. Local cache hits 0 (0.00s CPU time), remote cache hits 0 (0.00s CPU time), compiled 2 variants (0.05s CPU time), skipped 0 variants
    Prepared data for serialisation in 0.00s
Serialized binary data for shader Hidden/VR/BlitFromTex2DToTexArraySlice in 0.00s
    glcore (total internal programs: 2, unique: 2)
    vulkan (total internal programs: 1, unique: 1)
Compiling shader "Hidden/VideoComposite" pass "Default" (vp)
    Full variant space:         2
    After settings filtering:   2
    After built-in stripping:   2
    After scriptable stripping: 2
    Processed in 0.00 seconds
    starting compilation...
    finished in 0.02 seconds. Local cache hits 0 (0.00s CPU time), remote cache hits 0 (0.00s CPU time), compiled 2 variants (0.04s CPU time), skipped 0 variants
    Prepared data for serialisation in 0.00s
Serialized binary data for shader Hidden/VideoComposite in 0.00s
    glcore (total internal programs: 1, unique: 1)
    vulkan (total internal programs: 1, unique: 1)
Compiling shader "Hidden/VideoDecode" pass "YCbCr_To_RGB1" (vp)
    Full variant space:         4
    After settings filtering:   4
    After built-in stripping:   4
    After scriptable stripping: 4
    Processed in 0.00 seconds
    starting compilation...
    finished in 0.02 seconds. Local cache hits 0 (0.00s CPU time), remote cache hits 0 (0.00s CPU time), compiled 4 variants (0.09s CPU time), skipped 0 variants
    Prepared data for serialisation in 0.00s
Compiling shader "Hidden/VideoDecode" pass "YCbCrA_To_RGBAFull" (vp)
    Full variant space:         4
    After settings filtering:   4
    After built-in stripping:   4
    After scriptable stripping: 4
    Processed in 0.00 seconds
    starting compilation...
    finished in 0.03 seconds. Local cache hits 0 (0.00s CPU time), remote cache hits 0 (0.00s CPU time), compiled 4 variants (0.10s CPU time), skipped 0 variants
    Prepared data for serialisation in 0.00s
Compiling shader "Hidden/VideoDecode" pass "YCbCrA_To_RGBA" (vp)
    Full variant space:         4
    After settings filtering:   4
    After built-in stripping:   4
    After scriptable stripping: 4
    Processed in 0.00 seconds
    starting compilation...
    finished in 0.02 seconds. Local cache hits 0 (0.00s CPU time), remote cache hits 0 (0.00s CPU time), compiled 4 variants (0.09s CPU time), skipped 0 variants
    Prepared data for serialisation in 0.00s
Compiling shader "Hidden/VideoDecode" pass "Flip_RGBA_To_RGBA" (vp)
    Full variant space:         4
    After settings filtering:   4
    After built-in stripping:   4
    After scriptable stripping: 4
    Processed in 0.00 seconds
    starting compilation...
    finished in 0.03 seconds. Local cache hits 0 (0.00s CPU time), remote cache hits 0 (0.00s CPU time), compiled 4 variants (0.09s CPU time), skipped 0 variants
    Prepared data for serialisation in 0.00s
Compiling shader "Hidden/VideoDecode" pass "Flip_RGBASplit_To_RGBA" (vp)
    Full variant space:         4
    After settings filtering:   4
    After built-in stripping:   4
    After scriptable stripping: 4
    Processed in 0.00 seconds
    starting compilation...
    finished in 0.02 seconds. Local cache hits 0 (0.00s CPU time), remote cache hits 0 (0.00s CPU time), compiled 4 variants (0.09s CPU time), skipped 0 variants
    Prepared data for serialisation in 0.00s
Compiling shader "Hidden/VideoDecode" pass "Flip_NV12_To_RGB1" (vp)
    Full variant space:         4
    After settings filtering:   4
    After built-in stripping:   4
    After scriptable stripping: 4
    Processed in 0.00 seconds
    starting compilation...
    finished in 0.03 seconds. Local cache hits 0 (0.00s CPU time), remote cache hits 0 (0.00s CPU time), compiled 4 variants (0.10s CPU time), skipped 0 variants
    Prepared data for serialisation in 0.00s
Compiling shader "Hidden/VideoDecode" pass "Flip_NV12_To_RGBA" (vp)
    Full variant space:         4
    After settings filtering:   4
    After built-in stripping:   4
    After scriptable stripping: 4
    Processed in 0.00 seconds
    starting compilation...
    finished in 0.03 seconds. Local cache hits 0 (0.00s CPU time), remote cache hits 0 (0.00s CPU time), compiled 4 variants (0.11s CPU time), skipped 0 variants
    Prepared data for serialisation in 0.00s
Compiling shader "Hidden/VideoDecode" pass "Flip_P010_To_RGB1" (vp)
    Full variant space:         2
    After settings filtering:   2
    After built-in stripping:   2
    After scriptable stripping: 2
    Processed in 0.00 seconds
    starting compilation...
    finished in 0.02 seconds. Local cache hits 0 (0.00s CPU time), remote cache hits 0 (0.00s CPU time), compiled 2 variants (0.04s CPU time), skipped 0 variants
    Prepared data for serialisation in 0.00s
Serialized binary data for shader Hidden/VideoDecode in 0.00s
    glcore (total internal programs: 15, unique: 15)
    vulkan (total internal programs: 15, unique: 15)
Compiling shader "Hidden/TextCore/Distance Field SSD" pass "" (vp)
    Full variant space:         2
    After settings filtering:   2
    After built-in stripping:   2
    After scriptable stripping: 2
    Processed in 0.00 seconds
    starting compilation...
    finished in 0.03 seconds. Local cache hits 1 (0.00s CPU time), remote cache hits 0 (0.00s CPU time), compiled 1 variants (0.03s CPU time), skipped 0 variants
    Prepared data for serialisation in 0.00s
Serialized binary data for shader Hidden/TextCore/Distance Field SSD in 0.00s
    glcore (total internal programs: 1, unique: 1)
    vulkan (total internal programs: 1, unique: 1)
[40m[32minfo[39m[22m[49m: Microsoft.AspNetCore.Hosting.Diagnostics[1]
      Request starting HTTP/2 POST http://ilpp/UnityILPP.PostProcessing/Ping application/grpc -
[40m[32minfo[39m[22m[49m: Microsoft.AspNetCore.Routing.EndpointMiddleware[0]
      Executing endpoint 'gRPC - /UnityILPP.PostProcessing/Ping'
[40m[32minfo[39m[22m[49m: Microsoft.AspNetCore.Routing.EndpointMiddleware[1]
      Executed endpoint 'gRPC - /UnityILPP.PostProcessing/Ping'
[40m[32minfo[39m[22m[49m: Microsoft.AspNetCore.Hosting.Diagnostics[2]
      Request finished HTTP/2 POST http://ilpp/UnityILPP.PostProcessing/Ping application/grpc - - 200 - application/grpc 0.1592ms
Starting: ~/Unity/Hub/Editor/6000.0.75f1/Editor/Data/bee_backend --ipc --dagfile="Library/Bee/Playerb5e48780.dag" --profile="Library/Bee/backend1.traceevents" Player
WorkingDir: ~/wkspace/gc-studio/p4.2i/games/hollowmere
[             ] Require frontend run.  Library/Bee/Playerb5e48780.dag couldn't be loaded
Starting: ~/Unity/Hub/Editor/6000.0.75f1/Editor/Data/Tools/netcorerun/netcorerun "~/Unity/Hub/Editor/6000.0.75f1/Editor/Data/PlaybackEngines/LinuxStandaloneSupport/LinuxPlayerBuildProgram.exe" "~/Unity/Hub/Editor/6000.0.75f1/Editor/Data/PlaybackEngines/LinuxStandaloneSupport/Bee:~/Unity/Hub/Editor/6000.0.75f1/Editor/Data/Tools/BuildPipeline" "Library/Bee/Playerb5e48780.dag.json" "Library/Bee/Playerb5e48780-inputdata.json" "Library/Bee/buildprogram0.traceevents"
WorkingDir: ~/wkspace/gc-studio/p4.2i/games/hollowmere
ExitCode: 4 Duration: 0s120ms
DisplayProgressbar: Incremental Player Build
ExitCode: 0 Duration: 0s639ms
Starting: ~/Unity/Hub/Editor/6000.0.75f1/Editor/Data/bee_backend --ipc --dagfile="Library/Bee/Playerb5e48780.dag" --dagfilejson="Library/Bee/Playerb5e48780.dag.json" --profile="Library/Bee/backend2.traceevents" Player
WorkingDir: ~/wkspace/gc-studio/p4.2i/games/hollowmere
Finished compiling graph: 242 nodes, 487 flattened edges (487 ToBuild, 0 ToUse), maximum node priority 22
[ 1/53      0s] WriteResponseFile Library/Bee/artifacts/rsp/8219746636988738590.rsp
[ 2/53      0s] CopyFiles ~/wkspace/gc-studio/p4.2i/.evidence/P42iPlayer/player/Hollowmere_Data/RuntimeInitializeOnLoads.json
[ 3/53      0s] WriteText Library/Bee/artifacts/LinuxPlayerBuildProgram/Data/app.info
[ 4/53      0s] CopyFiles ~/wkspace/gc-studio/p4.2i/.evidence/P42iPlayer/player/Hollowmere_Data/ScriptingAssemblies.json
[ 5/53      0s] CopyFiles ~/wkspace/gc-studio/p4.2i/.evidence/P42iPlayer/player/Hollowmere_Data/app.info
[ 6/53      0s] CopyFiles ~/wkspace/gc-studio/p4.2i/.evidence/P42iPlayer/player/Hollowmere_Data/sharedassets1.assets.resS
[ 7/53      0s] CopyFiles ~/wkspace/gc-studio/p4.2i/.evidence/P42iPlayer/player/Hollowmere_Data/sharedassets0.assets.resS
[ 8/53      0s] CopyFiles ~/wkspace/gc-studio/p4.2i/.evidence/P42iPlayer/player/Hollowmere_Data/sharedassets1.assets
[ 9/53      0s] WriteText Library/Bee/artifacts/csharpactions/boot.config_16d3.info
[10/53      0s] CopyFiles ~/wkspace/gc-studio/p4.2i/.evidence/P42iPlayer/player/Hollowmere_Data/sharedassets2.assets.resS
[11/53      0s] CopyFiles ~/wkspace/gc-studio/p4.2i/.evidence/P42iPlayer/player/Hollowmere_Data/sharedassets3.assets
[12/53      0s] CopyFiles ~/wkspace/gc-studio/p4.2i/.evidence/P42iPlayer/player/Hollowmere.x86_64
[13/53      0s] CopyFiles ~/wkspace/gc-studio/p4.2i/.evidence/P42iPlayer/player/Hollowmere_Data/StreamingAssets/EntityScenes/scene_info.bin
[14/53      0s] CopyFiles ~/wkspace/gc-studio/p4.2i/.evidence/P42iPlayer/player/libdecor-0.so.0
[15/53      0s] CopyFiles ~/wkspace/gc-studio/p4.2i/.evidence/P42iPlayer/player/Hollowmere_Data/Resources/unity_builtin_extra
[16/53      0s] CopyFiles ~/wkspace/gc-studio/p4.2i/.evidence/P42iPlayer/player/Hollowmere_Data/sharedassets0.assets
[17/53      0s] CopyFiles ~/wkspace/gc-studio/p4.2i/.evidence/P42iPlayer/player/Hollowmere_Data/resources.resource
[18/53      0s] CopyFiles ~/wkspace/gc-studio/p4.2i/.evidence/P42iPlayer/player/libdecor-cairo.so
[19/53      0s] CopyFiles ~/wkspace/gc-studio/p4.2i/.evidence/P42iPlayer/player/Hollowmere_Data/sharedassets2.assets
[20/53      0s] CopyFiles ~/wkspace/gc-studio/p4.2i/.evidence/P42iPlayer/player/Hollowmere_Data/Resources/UnityPlayer.png
[21/53      0s] CopyFiles ~/wkspace/gc-studio/p4.2i/.evidence/P42iPlayer/player/Hollowmere_BackUpThisFolder_ButDontShipItWithYourGame/Hollowmere_s.debug
[22/53      0s] WriteText Library/Bee/artifacts/LinuxPlayerBuildProgram/zbz95/_dummy_for_header_discovery
[23/53      0s] CopyFiles ~/wkspace/gc-studio/p4.2i/.evidence/P42iPlayer/player/Hollowmere_Data/sharedassets0.resource
[24/53      0s] CopyFiles ~/wkspace/gc-studio/p4.2i/.evidence/P42iPlayer/player/Hollowmere_Data/resources.assets.resS
[25/53      0s] CopyFiles ~/wkspace/gc-studio/p4.2i/.evidence/P42iPlayer/player/Hollowmere_Data/Resources/unity default resources
[26/53      0s] CopyFiles ~/wkspace/gc-studio/p4.2i/.evidence/P42iPlayer/player/Hollowmere_Data/level2
[27/53      0s] CopyFiles ~/wkspace/gc-studio/p4.2i/.evidence/P42iPlayer/player/Hollowmere_Data/level1
[28/53      0s] CopyFiles ~/wkspace/gc-studio/p4.2i/.evidence/P42iPlayer/player/Hollowmere_Data/globalgamemanagers.assets.resS
[29/53      0s] CopyFiles ~/wkspace/gc-studio/p4.2i/.evidence/P42iPlayer/player/Hollowmere_Data/level3
[30/53      0s] CopyFiles ~/wkspace/gc-studio/p4.2i/.evidence/P42iPlayer/player/Hollowmere_Data/globalgamemanagers.assets
[31/53      0s] CopyFiles ~/wkspace/gc-studio/p4.2i/.evidence/P42iPlayer/player/Hollowmere_Data/level0
[32/53      0s] CopyFiles ~/wkspace/gc-studio/p4.2i/.evidence/P42iPlayer/player/Hollowmere_Data/resources.assets
[33/53      0s] CopyFiles ~/wkspace/gc-studio/p4.2i/.evidence/P42iPlayer/player/Hollowmere_Data/globalgamemanagers
[34/53      0s] CopyFiles ~/wkspace/gc-studio/p4.2i/.evidence/P42iPlayer/player/UnityPlayer.so
[35/53      0s] CopyFiles ~/wkspace/gc-studio/p4.2i/.evidence/P42iPlayer/player/Hollowmere_BackUpThisFolder_ButDontShipItWithYourGame/UnityPlayer_s.debug
[36/53      0s] AddBootConfigGUID Library/Bee/artifacts/LinuxPlayerBuildProgram/boot.config
[37/53      0s] CopyFiles ~/wkspace/gc-studio/p4.2i/.evidence/P42iPlayer/player/Hollowmere_Data/boot.config
[37/53      0s] Lib_Linux_x64_Clang Library/Bee/artifacts/LinuxPlayerBuildProgram/fregp/il2cpp.a [CacheHit 2ceb5cc558e222d2a398afab68129bda00000000000000000000000000000004]
[38/53     1791354938s] Lib_Linux_x64_Clang Library/Bee/artifacts/LinuxPlayerBuildProgram/fregp/il2cpp.a
[40/53      5s] UnityLinker ~/wkspace/gc-studio/p4.2i/games/hollowmere/Library/Bee/artifacts/unitylinker_1ofc.traceevents
~/Unity/Hub/Editor/6000.0.75f1/Editor/Data/il2cpp/build/deploy/UnityLinker --allowed-assembly=~/Unity/Hub/Editor/6000.0.75f1/Editor/Data/PlaybackEngines/LinuxStandaloneSupport/Variations/il2cpp/Managed/UnityEngine.AIModule.dll --allowed-assembly=~/Unity/Hub/Editor/6000.0.75f1/Editor/Data/PlaybackEngines/LinuxStandaloneSupport/Variations/il2cpp/Managed/UnityEngine.AccessibilityModule.dll --allowed-assembly=~/Unity/Hub/Editor/6000.0.75f1/Editor/Data/PlaybackEngines/LinuxStandaloneSupport/Variations/il2cpp/Managed/UnityEngine.AndroidJNIModule.dll --allowed-assembly=~/Unity/Hub/Editor/6000.0.75f1/Editor/Data/PlaybackEngines/LinuxStandaloneSupport/Variations/il2cpp/Managed/UnityEngine.AnimationModule.dll --allowed-assembly=~/Unity/Hub/Editor/6000.0.75f1/Editor/Data/PlaybackEngines/LinuxStandaloneSupport/Variations/il2cpp/Managed/UnityEngine.AssetBundleModule.dll --allowed-assembly=~/Unity/Hub/Editor/6000.0.75f1/Editor/Data/PlaybackEngines/LinuxStandaloneSupport/Variations/il2cpp/Managed/UnityEngine.AudioModule.dll --allowed-assembly=~/Unity/Hub/Editor/6000.0.75f1/Editor/Data/PlaybackEngines/LinuxStandaloneSupport/Variations/il2cpp/Managed/UnityEngine.ClothModule.dll --allowed-assembly=~/Unity/Hub/Editor/6000.0.75f1/Editor/Data/PlaybackEngines/LinuxStandaloneSupport/Variations/il2cpp/Managed/UnityEngine.ClusterInputModule.dll --allowed-assembly=~/Unity/Hub/Editor/6000.0.75f1/Editor/Data/PlaybackEngines/LinuxStandaloneSupport/Variations/il2cpp/Managed/UnityEngine.ClusterRendererModule.dll --allowed-assembly=~/Unity/Hub/Editor/6000.0.75f1/Editor/Data/PlaybackEngines/LinuxStandaloneSupport/Variations/il2cpp/Managed/UnityEngine.ContentLoadModule.dll --allowed-assembly=~/Unity/Hub/Editor/6000.0.75f1/Editor/Data/PlaybackEngines/LinuxStandaloneSupport/Variations/il2cpp/Managed/UnityEngine.CoreModule.dll --allowed-assembly=~/Unity/Hub/Editor/6000.0.75f1/Editor/Data/PlaybackEngines/LinuxStandaloneSupport/Variations/il2cpp/Managed/UnityEngine.CrashReportingModule.dll --allowed-assembly=~/Unity/Hub/Editor/6000.0.75f1/Editor/Data/PlaybackEngines/LinuxStandaloneSupport/Variations/il2cpp/Managed/UnityEngine.DSPGraphModule.dll --allowed-assembly=~/Unity/Hub/Editor/6000.0.75f1/Editor/Data/PlaybackEngines/LinuxStandaloneSupport/Variations/il2cpp/Managed/UnityEngine.DirectorModule.dll --allowed-assembly=~/Unity/Hub/Editor/6000.0.75f1/Editor/Data/PlaybackEngines/LinuxStandaloneSupport/Variations/il2cpp/Managed/UnityEngine.GIModule.dll --allowed-assembly=~/Unity/Hub/Editor/6000.0.75f1/Editor/Data/PlaybackEngines/LinuxStandaloneSupport/Variations/il2cpp/Managed/UnityEngine.GameCenterModule.dll --allowed-assembly=~/Unity/Hub/Editor/6000.0.75f1/Editor/Data/PlaybackEngines/LinuxStandaloneSupport/Variations/il2cpp/Managed/UnityEngine.GraphicsStateCollectionSerializerModule.dll --allowed-assembly=~/Unity/Hub/Editor/6000.0.75f1/Editor/Data/PlaybackEngines/LinuxStandaloneSupport/Variations/il2cpp/Managed/UnityEngine.GridModule.dll --allowed-assembly=~/Unity/Hub/Editor/6000.0.75f1/Editor/Data/PlaybackEngines/LinuxStandaloneSupport/Variations/il2cpp/Managed/UnityEngine.HierarchyCoreModule.dll --allowed-assembly=~/Unity/Hub/Editor/6000.0.75f1/Editor/Data/PlaybackEngines/LinuxStandaloneSupport/Variations/il2cpp/Managed/UnityEngine.HotReloadModule.dll --allowed-assembly=~/Unity/Hub/Editor/6000.0.75f1/Editor/Data/PlaybackEngines/LinuxStandaloneSupport/Variations/il2cpp/Managed/UnityEngine.IMGUIModule.dll --allowed-assembly=~/Unity/Hub/Editor/6000.0.75f1/Editor/Data/PlaybackEngines/LinuxStandaloneSupport/Variations/il2cpp/Managed/UnityEngine.IdentifiersModule.dll --allowed-assembly=~/Unity/Hub/Editor/6000.0.75f1/Editor/Data/PlaybackEngines/LinuxStandaloneSupport/Variations/il2cpp/Managed/UnityEngine.ImageConversionModule.dll --allowed-assembly=~/Unity/Hub/Editor/6000.0.75f1/Editor/Data/PlaybackEngines/LinuxStandaloneSupport/Variations/il2cpp/Managed/UnityEngine.InputForUIModule.dll --allowed-assembly=~/Unity/Hub/Editor/6000.0.75f1/Editor/Data/PlaybackEngines/LinuxStandaloneSupport/Variations/il2cpp/Managed/UnityEngine.InputLegacyModule.dll --allowed-assembly=~/Unity/Hub/Editor/6000.0.75f1/Editor/Data/PlaybackEngines/LinuxStandaloneSupport/Variations/il2cpp/Managed/UnityEngine.InputModule.dll --allowed-assembly=~/Unity/Hub/Editor/6000.0.75f1/Editor/Data/PlaybackEngines/LinuxStandaloneSupport/Variations/il2cpp/Managed/UnityEngine.JSONSerializeModule.dll --allowed-assembly=~/Unity/Hub/Editor/6000.0.75f1/Editor/Data/PlaybackEngines/LinuxStandaloneSupport/Variations/il2cpp/Managed/UnityEngine.LocalizationModule.dll --allowed-assembly=~/Unity/Hub/Editor/6000.0.75f1/Editor/Data/PlaybackEngines/LinuxStandaloneSupport/Variations/il2cpp/Managed/UnityEngine.MarshallingModule.dll --allowed-assembly=~/Unity/Hub/Editor/6000.0.75f1/Editor/Data/PlaybackEngines/LinuxStandaloneSupport/Variations/il2cpp/Managed/UnityEngine.MultiplayerModule.dll --allowed-assembly=~/Unity/Hub/Editor/6000.0.75f1/Editor/Data/PlaybackEngines/LinuxStandaloneSupport/Variations/il2cpp/Managed/UnityEngine.ParticleSystemModule.dll --allowed-assembly=~/Unity/Hub/Editor/6000.0.75f1/Editor/Data/PlaybackEngines/LinuxStandaloneSupport/Variations/il2cpp/Managed/UnityEngine.PerformanceReportingModule.dll --allowed-assembly=~/Unity/Hub/Editor/6000.0.75f1/Editor/Data/PlaybackEngines/LinuxStandaloneSupport/Variations/il2cpp/Managed/UnityEngine.Physics2DModule.dll --allowed-assembly=~/Unity/Hub/Editor/6000.0.75f1/Editor/Data/PlaybackEngines/LinuxStandaloneSupport/Variations/il2cpp/Managed/UnityEngine.PhysicsModule.dll --allowed-assembly=~/Unity/Hub/Editor/6000.0.75f1/Editor/Data/PlaybackEngines/LinuxStandaloneSupport/Variations/il2cpp/Managed/UnityEngine.PropertiesModule.dll --allowed-assembly=~/Unity/Hub/Editor/6000.0.75f1/Editor/Data/PlaybackEngines/LinuxStandaloneSupport/Variations/il2cpp/Managed/UnityEngine.RuntimeInitializeOnLoadManagerInitializerModule.dll --allowed-assembly=~/Unity/Hub/Editor/6000.0.75f1/Editor/Data/PlaybackEngines/LinuxStandaloneSupport/Variations/il2cpp/Managed/UnityEngine.ScreenCaptureModule.dll --allowed-assembly=~/Unity/Hub/Editor/6000.0.75f1/Editor/Data/PlaybackEngines/LinuxStandaloneSupport/Variations/il2cpp/Managed/UnityEngine.ShaderVariantAnalyticsModule.dll --allowed-assembly=~/Unity/Hub/Editor/6000.0.75f1/Editor/Data/PlaybackEngines/LinuxStandaloneSupport/Variations/il2cpp/Managed/UnityEngine.SharedInternalsModule.dll --allowed-assembly=~/Unity/Hub/Editor/6000.0.75f1/Editor/Data/PlaybackEngines/LinuxStandaloneSupport/Variations/il2cpp/Managed/UnityEngine.SpriteMaskModule.dll --allowed-assembly=~/Unity/Hub/Editor/6000.0.75f1/Editor/Data/PlaybackEngines/LinuxStandaloneSupport/Variations/il2cpp/Managed/UnityEngine.SpriteShapeModule.dll --allowed-assembly=~/Unity/Hub/Editor/6000.0.75f1/Editor/Data/PlaybackEngines/LinuxStandaloneSupport/Variations/il2cpp/Managed/UnityEngine.StreamingModule.dll --allowed-assembly=~/Unity/Hub/Editor/6000.0.75f1/Editor/Data/PlaybackEngines/LinuxStandaloneSupport/Variations/il2cpp/Managed/UnityEngine.SubstanceModule.dll --allowed-assembly=~/Unity/Hub/Editor/6000.0.75f1/Editor/Data/PlaybackEngines/LinuxStandaloneSupport/Variations/il2cpp/Managed/UnityEngine.SubsystemsModule.dll --allowed-assembly=~/Unity/Hub/Editor/6000.0.75f1/Editor/Data/PlaybackEngines/LinuxStandaloneSupport/Variations/il2cpp/Managed/UnityEngine.TLSModule.dll --allowed-assembly=~/Unity/Hub/Editor/6000.0.75f1/Editor/Data/PlaybackEngines/LinuxStandaloneSupport/Variations/il2cpp/Managed/UnityEngine.TerrainModule.dll --allowed-assembly=~/Unity/Hub/Editor/6000.0.75f1/Editor/Data/PlaybackEngines/LinuxStandaloneSupport/Variations/il2cpp/Managed/UnityEngine.TerrainPhysicsModule.dll --allowed-assembly=~/Unity/Hub/Editor/6000.0.75f1/Editor/Data/PlaybackEngines/LinuxStandaloneSupport/Variations/il2cpp/Managed/UnityEngine.TextCoreFontEngineModule.dll --allowed-assembly=~/Unity/Hub/Editor/6000.0.75f1/Editor/Data/PlaybackEngines/LinuxStandaloneSupport/Variations/il2cpp/Managed/UnityEngine.TextCoreTextEngineModule.dll --allowed-assembly=~/Unity/Hub/Editor/6000.0.75f1/Editor/Data/PlaybackEngines/LinuxStandaloneSupport/Variations/il2cpp/Managed/UnityEngine.TextRenderingModule.dll --allowed-assembly=~/Unity/Hub/Editor/6000.0.75f1/Editor/Data/PlaybackEngines/LinuxStandaloneSupport/Variations/il2cpp/Managed/UnityEngine.TilemapModule.dll --allowed-assembly=~/Unity/Hub/Editor/6000.0.75f1/Editor/Data/PlaybackEngines/LinuxStandaloneSupport/Variations/il2cpp/Managed/UnityEngine.UIElementsModule.dll --allowed-assembly=~/Unity/Hub/Editor/6000.0.75f1/Editor/Data/PlaybackEngines/LinuxStandaloneSupport/Variations/il2cpp/Managed/UnityEngine.UIModule.dll --allowed-assembly=~/Unity/Hub/Editor/6000.0.75f1/Editor/Data/PlaybackEngines/LinuxStandaloneSupport/Variations/il2cpp/Managed/UnityEngine.UmbraModule.dll --allowed-assembly=~/Unity/Hub/Editor/6000.0.75f1/Editor/Data/PlaybackEngines/LinuxStandaloneSupport/Variations/il2cpp/Managed/UnityEngine.UnityAnalyticsCommonModule.dll --allowed-assembly=~/Unity/Hub/Editor/6000.0.75f1/Editor/Data/PlaybackEngines/LinuxStandaloneSupport/Variations/il2cpp/Managed/UnityEngine.UnityAnalyticsModule.dll --allowed-assembly=~/Unity/Hub/Editor/6000.0.75f1/Editor/Data/PlaybackEngines/LinuxStandaloneSupport/Variations/il2cpp/Managed/UnityEngine.UnityConnectModule.dll --allowed-assembly=~/Unity/Hub/Editor/6000.0.75f1/Editor/Data/PlaybackEngines/LinuxStandaloneSupport/Variations/il2cpp/Managed/UnityEngine.UnityConsentModule.dll --allowed-assembly=~/Unity/Hub/Editor/6000.0.75f1/Editor/Data/PlaybackEngines/LinuxStandaloneSupport/Variations/il2cpp/Managed/UnityEngine.UnityCurlModule.dll --allowed-assembly=~/Unity/Hub/Editor/6000.0.75f1/Editor/Data/PlaybackEngines/LinuxStandaloneSupport/Variations/il2cpp/Managed/UnityEngine.UnityTestProtocolModule.dll --allowed-assembly=~/Unity/Hub/Editor/6000.0.75f1/Editor/Data/PlaybackEngines/LinuxStandaloneSupport/Variations/il2cpp/Managed/UnityEngine.UnityWebRequestAssetBundleModule.dll --allowed-assembly=~/Unity/Hub/Editor/6000.0.75f1/Editor/Data/PlaybackEngines/LinuxStandaloneSupport/Variations/il2cpp/Managed/UnityEngine.UnityWebRequestAudioModule.dll --allowed-assembly=~/Unity/Hub/Editor/6000.0.75f1/Editor/Data/PlaybackEngines/LinuxStandaloneSupport/Variations/il2cpp/Managed/UnityEngine.UnityWebRequestModule.dll --allowed-assembly=~/Unity/Hub/Editor/6000.0.75f1/Editor/Data/PlaybackEngines/LinuxStandaloneSupport/Variations/il2cpp/Managed/UnityEngine.UnityWebRequestTextureModule.dll --allowed-assembly=~/Unity/Hub/Editor/6000.0.75f1/Editor/Data/PlaybackEngines/LinuxStandaloneSupport/Variations/il2cpp/Managed/UnityEngine.UnityWebRequestWWWModule.dll --allowed-assembly=~/Unity/Hub/Editor/6000.0.75f1/Editor/Data/PlaybackEngines/LinuxStandaloneSupport/Variations/il2cpp/Managed/UnityEngine.VFXModule.dll --allowed-assembly=~/Unity/Hub/Editor/6000.0.75f1/Editor/Data/PlaybackEngines/LinuxStandaloneSupport/Variations/il2cpp/Managed/UnityEngine.VRModule.dll --allowed-assembly=~/Unity/Hub/Editor/6000.0.75f1/Editor/Data/PlaybackEngines/LinuxStandaloneSupport/Variations/il2cpp/Managed/UnityEngine.VehiclesModule.dll --allowed-assembly=~/Unity/Hub/Editor/6000.0.75f1/Editor/Data/PlaybackEngines/LinuxStandaloneSupport/Variations/il2cpp/Managed/UnityEngine.VideoModule.dll --allowed-assembly=~/Unity/Hub/Editor/6000.0.75f1/Editor/Data/PlaybackEngines/LinuxStandaloneSupport/Variations/il2cpp/Managed/UnityEngine.VirtualTexturingModule.dll --allowed-assembly=~/Unity/Hub/Editor/6000.0.75f1/Editor/Data/PlaybackEngines/LinuxStandaloneSupport/Variations/il2cpp/Managed/UnityEngine.WindModule.dll --allowed-assembly=~/Unity/Hub/Editor/6000.0.75f1/Editor/Data/PlaybackEngines/LinuxStandaloneSupport/Variations/il2cpp/Managed/UnityEngine.XRModule.dll --allowed-assembly=~/Unity/Hub/Editor/6000.0.75f1/Editor/Data/PlaybackEngines/LinuxStandaloneSupport/Variations/il2cpp/Managed/UnityEngine.dll --allowed-assembly=~/wkspace/gc-studio/p4.2i/games/hollowmere/Library/Bee/PlayerScriptAssemblies/GameCore.Composition.dll --allowed-assembly=~/wkspace/gc-studio/p4.2i/games/hollowmere/Library/Bee/PlayerScriptAssemblies/GameCore.Contracts.dll --allowed-assembly=~/wkspace/gc-studio/p4.2i/games/hollowmere/Library/Bee/PlayerScriptAssemblies/GameCore.Derivation.dll --allowed-assembly=~/wkspace/gc-studio/p4.2i/games/hollowmere/Library/Bee/PlayerScriptAssemblies/GameCore.Derivation.Fixtures.dll --allowed-assembly=~/wkspace/gc-studio/p4.2i/games/hollowmere/Library/Bee/PlayerScriptAssemblies/GameCore.Gameplay.Audio.dll --allowed-assembly=~/wkspace/gc-studio/p4.2i/games/hollowmere/Library/Bee/PlayerScriptAssemblies/GameCore.Gameplay.Cards.dll --allowed-assembly=~/wkspace/gc-studio/p4.2i/games/hollowmere/Library/Bee/PlayerScriptAssemblies/GameCore.Gameplay.Cards.Fixtures.dll --allowed-assembly=~/wkspace/gc-studio/p4.2i/games/hollowmere/Library/Bee/PlayerScriptAssemblies/GameCore.Gameplay.Contracts.dll --allowed-assembly=~/wkspace/gc-studio/p4.2i/games/hollowmere/Library/Bee/PlayerScriptAssemblies/GameCore.Gameplay.Dialogue.dll --allowed-assembly=~/wkspace/gc-studio/p4.2i/games/hollowmere/Library/Bee/PlayerScriptAssemblies/GameCore.Gameplay.Entities.dll --allowed-assembly=~/wkspace/gc-studio/p4.2i/games/hollowmere/Library/Bee/PlayerScriptAssemblies/GameCore.Gameplay.Integration.dll --allowed-assembly=~/wkspace/gc-studio/p4.2i/games/hollowmere/Library/Bee/PlayerScriptAssemblies/GameCore.Gameplay.Interaction.dll --allowed-assembly=~/wkspace/gc-studio/p4.2i/games/hollowmere/Library/Bee/PlayerScriptAssemblies/GameCore.Gameplay.Inventory.dll --allowed-assembly=~/wkspace/gc-studio/p4.2i/games/hollowmere/Library/Bee/PlayerScriptAssemblies/GameCore.Gameplay.Logic.dll --allowed-assembly=~/wkspace/gc-studio/p4.2i/games/hollowmere/Library/Bee/PlayerScriptAssemblies/GameCore.Gameplay.Narrative.dll --allowed-assembly=~/wkspace/gc-studio/p4.2i/games/hollowmere/Library/Bee/PlayerScriptAssemblies/GameCore.Gameplay.Narrative.Fixtures.dll --allowed-assembly=~/wkspace/gc-studio/p4.2i/games/hollowmere/Library/Bee/PlayerScriptAssemblies/GameCore.Gameplay.Npc.dll --allowed-assembly=~/wkspace/gc-studio/p4.2i/games/hollowmere/Library/Bee/PlayerScriptAssemblies/GameCore.Gameplay.Player.dll --allowed-assembly=~/wkspace/gc-studio/p4.2i/games/hollowmere/Library/Bee/PlayerScriptAssemblies/GameCore.Gameplay.Quest.dll --allowed-assembly=~/wkspace/gc-studio/p4.2i/games/hollowmere/Library/Bee/PlayerScriptAssemblies/GameCore.Gameplay.Rewards.dll --allowed-assembly=~/wkspace/gc-studio/p4.2i/games/hollowmere/Library/Bee/PlayerScriptAssemblies/GameCore.Gameplay.Save.dll --allowed-assembly=~/wkspace/gc-studio/p4.2i/games/hollowmere/Library/Bee/PlayerScriptAssemblies/GameCore.Gameplay.Traversal.dll --allowed-assembly=~/wkspace/gc-studio/p4.2i/games/hollowmere/Library/Bee/PlayerScriptAssemblies/GameCore.Gameplay.Traversal.Fixtures.dll --allowed-assembly=~/wkspace/gc-studio/p4.2i/games/hollowmere/Library/Bee/PlayerScriptAssemblies/GameCore.Gameplay.Ui.dll --allowed-assembly=~/wkspace/gc-studio/p4.2i/games/hollowmere/Library/Bee/PlayerScriptAssemblies/GameCore.Gameplay.World.dll --allowed-assembly=~/wkspace/gc-studio/p4.2i/games/hollowmere/Library/Bee/PlayerScriptAssemblies/GameCore.Planning.dll --allowed-assembly=~/wkspace/gc-studio/p4.2i/games/hollowmere/Library/Bee/PlayerScriptAssemblies/GameCore.Rules.Cards.dll --allowed-assembly=~/wkspace/gc-studio/p4.2i/games/hollowmere/Library/Bee/PlayerScriptAssemblies/GameCore.Rules.Gameplay.dll --allowed-assembly=~/wkspace/gc-studio/p4.2i/games/hollowmere/Library/Bee/PlayerScriptAssemblies/GameCore.Rules.Narrative.dll --allowed-assembly=~/wkspace/gc-studio/p4.2i/games/hollowmere/Library/Bee/PlayerScriptAssemblies/GameCore.Rules.Traversal.dll --allowed-assembly=~/wkspace/gc-studio/p4.2i/games/hollowmere/Library/Bee/PlayerScriptAssemblies/GameCore.Unity.Adapters.dll --allowed-assembly=~/wkspace/gc-studio/p4.2i/games/hollowmere/Library/Bee/PlayerScriptAssemblies/GameCore.Unity.Adapters.Fixtures.dll --allowed-assembly=~/wkspace/gc-studio/p4.2i/games/hollowmere/Library/Bee/PlayerScriptAssemblies/GameCore.Unity.App.dll --allowed-assembly=~/wkspace/gc-studio/p4.2i/games/hollowmere/Library/Bee/PlayerScriptAssemblies/GameCore.Unity.Fixtures.dll --allowed-assembly=~/wkspace/gc-studio/p4.2i/games/hollowmere/Library/Bee/PlayerScriptAssemblies/GameCore.Unity.Runtime.dll --allowed-assembly=~/wkspace/gc-studio/p4.2i/games/hollowmere/Library/Bee/PlayerScriptAssemblies/Hollowmere.Boot.dll --allowed-assembly=~/wkspace/gc-studio/p4.2i/games/hollowmere/Library/Bee/PlayerScriptAssemblies/Hollowmere.Checkpoint.dll --allowed-assembly=~/wkspace/gc-studio/p4.2i/games/hollowmere/Library/Bee/PlayerScriptAssemblies/Hollowmere.Game.dll --allowed-assembly=~/wkspace/gc-studio/p4.2i/games/hollowmere/Library/Bee/PlayerScriptAssemblies/Hollowmere.Narrative.dll --allowed-assembly=~/wkspace/gc-studio/p4.2i/games/hollowmere/Library/Bee/PlayerScriptAssemblies/Hollowmere.UiAudio.dll --allowed-assembly=~/wkspace/gc-studio/p4.2i/games/hollowmere/Library/Bee/PlayerScriptAssemblies/Hollowmere.World.Generated.dll --allowed-assembly=~/wkspace/gc-studio/p4.2i/games/hollowmere/Library/Bee/PlayerScriptAssemblies/Unity.AI.Navigation.dll --allowed-assembly=~/wkspace/gc-studio/p4.2i/games/hollowmere/Library/Bee/PlayerScriptAssemblies/Unity.Burst.dll --allowed-assembly=~/wkspace/gc-studio/p4.2i/games/hollowmere/Library/Bee/PlayerScriptAssemblies/Unity.Collections.dll --allowed-assembly=~/wkspace/gc-studio/p4.2i/games/hollowmere/Library/Bee/PlayerScriptAssemblies/Unity.Deformations.dll --allowed-assembly=~/wkspace/gc-studio/p4.2i/games/hollowmere/Library/Bee/PlayerScriptAssemblies/Unity.Entities.dll --allowed-assembly=~/wkspace/gc-studio/p4.2i/games/hollowmere/Library/Bee/PlayerScriptAssemblies/Unity.Entities.Hybrid.dll --allowed-assembly=~/wkspace/gc-studio/p4.2i/games/hollowmere/Library/Bee/PlayerScriptAssemblies/Unity.Entities.Hybrid.HybridComponents.dll --allowed-assembly=~/wkspace/gc-studio/p4.2i/games/hollowmere/Library/Bee/PlayerScriptAssemblies/Unity.Entities.UI.dll --allowed-assembly=~/wkspace/gc-studio/p4.2i/games/hollowmere/Library/Bee/PlayerScriptAssemblies/Unity.InputSystem.dll --allowed-assembly=~/wkspace/gc-studio/p4.2i/games/hollowmere/Library/Bee/PlayerScriptAssemblies/Unity.InputSystem.ForUI.dll --allowed-assembly=~/wkspace/gc-studio/p4.2i/games/hollowmere/Library/Bee/PlayerScriptAssemblies/Unity.InternalAPIEngineBridge.002.dll --allowed-assembly=~/wkspace/gc-studio/p4.2i/games/hollowmere/Library/Bee/PlayerScriptAssemblies/Unity.Mathematics.dll --allowed-assembly=~/wkspace/gc-studio/p4.2i/games/hollowmere/Library/Bee/PlayerScriptAssemblies/Unity.Mathematics.Extensions.dll --allowed-assembly=~/wkspace/gc-studio/p4.2i/games/hollowmere/Library/Bee/PlayerScriptAssemblies/Unity.Mathematics.Extensions.Hybrid.dll --allowed-assembly=~/wkspace/gc-studio/p4.2i/games/hollowmere/Library/Bee/PlayerScriptAssemblies/Unity.Profiling.Core.dll --allowed-assembly=~/wkspace/gc-studio/p4.2i/games/hollowmere/Library/Bee/PlayerScriptAssemblies/Unity.Rendering.LightTransport.Runtime.dll --allowed-assembly=~/wkspace/gc-studio/p4.2i/games/hollowmere/Library/Bee/PlayerScriptAssemblies/Unity.RenderPipeline.Universal.ShaderLibrary.dll --allowed-assembly=~/wkspace/gc-studio/p4.2i/games/hollowmere/Library/Bee/PlayerScriptAssemblies/Unity.RenderPipelines.Core.Runtime.dll --allowed-assembly=~/wkspace/gc-studio/p4.2i/games/hollowmere/Library/Bee/PlayerScriptAssemblies/Unity.RenderPipelines.Core.Runtime.Shared.dll --allowed-assembly=~/wkspace/gc-studio/p4.2i/games/hollowmere/Library/Bee/PlayerScriptAssemblies/Unity.RenderPipelines.Core.ShaderLibrary.dll --allowed-assembly=~/wkspace/gc-studio/p4.2i/games/hollowmere/Library/Bee/PlayerScriptAssemblies/Unity.RenderPipelines.GPUDriven.Runtime.dll --allowed-assembly=~/wkspace/gc-studio/p4.2i/games/hollowmere/Library/Bee/PlayerScriptAssemblies/Unity.RenderPipelines.ShaderGraph.ShaderGraphLibrary.dll --allowed-assembly=~/wkspace/gc-studio/p4.2i/games/hollowmere/Library/Bee/PlayerScriptAssemblies/Unity.RenderPipelines.Universal.2D.Runtime.dll --allowed-assembly=~/wkspace/gc-studio/p4.2i/games/hollowmere/Library/Bee/PlayerScriptAssemblies/Unity.RenderPipelines.Universal.Config.Runtime.dll --allowed-assembly=~/wkspace/gc-studio/p4.2i/games/hollowmere/Library/Bee/PlayerScriptAssemblies/Unity.RenderPipelines.Universal.Runtime.dll --allowed-assembly=~/wkspace/gc-studio/p4.2i/games/hollowmere/Library/Bee/PlayerScriptAssemblies/Unity.RenderPipelines.Universal.Shaders.dll --allowed-assembly=~/wkspace/gc-studio/p4.2i/games/hollowmere/Library/Bee/PlayerScriptAssemblies/Unity.Scenes.dll --allowed-assembly=~/wkspace/gc-studio/p4.2i/games/hollowmere/Library/Bee/PlayerScriptAssemblies/Unity.ScriptableBuildPipeline.dll --allowed-assembly=~/wkspace/gc-studio/p4.2i/games/hollowmere/Library/Bee/PlayerScriptAssemblies/Unity.Serialization.dll --allowed-assembly=~/wkspace/gc-studio/p4.2i/games/hollowmere/Library/Bee/PlayerScriptAssemblies/Unity.TextMeshPro.dll --allowed-assembly=~/wkspace/gc-studio/p4.2i/games/hollowmere/Library/Bee/PlayerScriptAssemblies/Unity.Transforms.dll --allowed-assembly=~/wkspace/gc-studio/p4.2i/games/hollowmere/Library/Bee/PlayerScriptAssemblies/Unity.Transforms.Hybrid.dll --allowed-assembly=~/wkspace/gc-studio/p4.2i/games/hollowmere/Library/Bee/PlayerScriptAssemblies/UnityEngine.UI.dll --allowed-assembly=~/wkspace/gc-studio/p4.2i/games/hollowmere/Library/PackageCache/com.unity.collections@9796e5ee0d9e/Unity.Collections.LowLevel.ILSupport/Unity.Collections.LowLevel.ILSupport.dll --allowed-assembly=~/wkspace/gc-studio/p4.2i/games/hollowmere/Library/PackageCache/com.unity.collections@9796e5ee0d9e/Unity.Collections.Tests/System.IO.Hashing/System.IO.Hashing.dll --allowed-assembly=~/wkspace/gc-studio/p4.2i/games/hollowmere/Library/PackageCache/com.unity.burst@07790c2d06d9/Unity.Burst.Unsafe.dll --allowed-assembly=~/wkspace/gc-studio/p4.2i/games/hollowmere/Library/PackageCache/com.unity.nuget.newtonsoft-json@74deb55db2a0/Runtime/AOT/Newtonsoft.Json.dll --allowed-assembly=~/wkspace/gc-studio/p4.2i/games/hollowmere/Library/PackageCache/com.unity.collections@9796e5ee0d9e/Unity.Collections.Tests/System.Runtime.CompilerServices.Unsafe/System.Runtime.CompilerServices.Unsafe.dll --allowed-assembly=~/Unity/Hub/Editor/6000.0.75f1/Editor/Data/MonoBleedingEdge/lib/mono/unityaot-linux/Accessibility.dll --allowed-assembly=~/Unity/Hub/Editor/6000.0.75f1/Editor/Data/MonoBleedingEdge/lib/mono/unityaot-linux/Facades/Microsoft.Win32.Primitives.dll --allowed-assembly=~/Unity/Hub/Editor/6000.0.75f1/Editor/Data/MonoBleedingEdge/lib/mono/unityaot-linux/Facades/Microsoft.Win32.Registry.AccessControl.dll --allowed-assembly=~/Unity/Hub/Editor/6000.0.75f1/Editor/Data/MonoBleedingEdge/lib/mono/unityaot-linux/Facades/Microsoft.Win32.Registry.dll --allowed-assembly=~/Unity/Hub/Editor/6000.0.75f1/Editor/Data/MonoBleedingEdge/lib/mono/unityaot-linux/Facades/System.AppContext.dll --allowed-assembly=~/Unity/Hub/Editor/6000.0.75f1/Editor/Data/MonoBleedingEdge/lib/mono/unityaot-linux/Facades/System.Buffers.dll --allowed-assembly=~/Unity/Hub/Editor/6000.0.75f1/Editor/Data/MonoBleedingEdge/lib/mono/unityaot-linux/Facades/System.Collections.Concurrent.dll --allowed-assembly=~/Unity/Hub/Editor/6000.0.75f1/Editor/Data/MonoBleedingEdge/lib/mono/unityaot-linux/Facades/System.Collections.NonGeneric.dll --allowed-assembly=~/Unity/Hub/Editor/6000.0.75f1/Editor/Data/MonoBleedingEdge/lib/mono/unityaot-linux/Facades/System.Collections.Specialized.dll --allowed-assembly=~/Unity/Hub/Editor/6000.0.75f1/Editor/Data/MonoBleedingEdge/lib/mono/unityaot-linux/Facades/System.Collections.dll --allowed-assembly=~/Unity/Hub/Editor/6000.0.75f1/Editor/Data/MonoBleedingEdge/lib/mono/unityaot-linux/Facades/System.ComponentModel.Annotations.dll --allowed-assembly=~/Unity/Hub/Editor/6000.0.75f1/Editor/Data/MonoBleedingEdge/lib/mono/unityaot-linux/Facades/System.ComponentModel.EventBasedAsync.dll --allowed-assembly=~/Unity/Hub/Editor/6000.0.75f1/Editor/Data/MonoBleedingEdge/lib/mono/unityaot-linux/Facades/System.ComponentModel.Primitives.dll --allowed-assembly=~/Unity/Hub/Editor/6000.0.75f1/Editor/Data/MonoBleedingEdge/lib/mono/unityaot-linux/Facades/System.ComponentModel.TypeConverter.dll --allowed-assembly=~/Unity/Hub/Editor/6000.0.75f1/Editor/Data/MonoBleedingEdge/lib/mono/unityaot-linux/Facades/System.ComponentModel.dll --allowed-assembly=~/Unity/Hub/Editor/6000.0.75f1/Editor/Data/MonoBleedingEdge/lib/mono/unityaot-linux/Facades/System.Console.dll --allowed-assembly=~/Unity/Hub/Editor/6000.0.75f1/Editor/Data/MonoBleedingEdge/lib/mono/unityaot-linux/Facades/System.Data.Common.dll --allowed-assembly=~/Unity/Hub/Editor/6000.0.75f1/Editor/Data/MonoBleedingEdge/lib/mono/unityaot-linux/Facades/System.Data.SqlClient.dll --allowed-assembly=~/Unity/Hub/Editor/6000.0.75f1/Editor/Data/MonoBleedingEdge/lib/mono/unityaot-linux/Facades/System.Diagnostics.Contracts.dll --allowed-assembly=~/Unity/Hub/Editor/6000.0.75f1/Editor/Data/MonoBleedingEdge/lib/mono/unityaot-linux/Facades/System.Diagnostics.Debug.dll --allowed-assembly=~/Unity/Hub/Editor/6000.0.75f1/Editor/Data/MonoBleedingEdge/lib/mono/unityaot-linux/Facades/System.Diagnostics.FileVersionInfo.dll --allowed-assembly=~/Unity/Hub/Editor/6000.0.75f1/Editor/Data/MonoBleedingEdge/lib/mono/unityaot-linux/Facades/System.Diagnostics.Process.dll --allowed-assembly=~/Unity/Hub/Editor/6000.0.75f1/Editor/Data/MonoBleedingEdge/lib/mono/unityaot-linux/Facades/System.Diagnostics.StackTrace.dll --allowed-assembly=~/Unity/Hub/Editor/6000.0.75f1/Editor/Data/MonoBleedingEdge/lib/mono/unityaot-linux/Facades/System.Diagnostics.TextWriterTraceListener.dll --allowed-assembly=~/Unity/Hub/Editor/6000.0.75f1/Editor/Data/MonoBleedingEdge/lib/mono/unityaot-linux/Facades/System.Diagnostics.Tools.dll --allowed-assembly=~/Unity/Hub/Editor/6000.0.75f1/Editor/Data/MonoBleedingEdge/lib/mono/unityaot-linux/Facades/System.Diagnostics.TraceEvent.dll --allowed-assembly=~/Unity/Hub/Editor/6000.0.75f1/Editor/Data/MonoBleedingEdge/lib/mono/unityaot-linux/Facades/System.Diagnostics.TraceSource.dll --allowed-assembly=~/Unity/Hub/Editor/6000.0.75f1/Editor/Data/MonoBleedingEdge/lib/mono/unityaot-linux/Facades/System.Diagnostics.Tracing.dll --allowed-assembly=~/Unity/Hub/Editor/6000.0.75f1/Editor/Data/MonoBleedingEdge/lib/mono/unityaot-linux/Facades/System.Drawing.Primitives.dll --allowed-assembly=~/Unity/Hub/Editor/6000.0.75f1/Editor/Data/MonoBleedingEdge/lib/mono/unityaot-linux/Facades/System.Dynamic.Runtime.dll --allowed-assembly=~/Unity/Hub/Editor/6000.0.75f1/Editor/Data/MonoBleedingEdge/lib/mono/unityaot-linux/Facades/System.Globalization.Calendars.dll --allowed-assembly=~/Unity/Hub/Editor/6000.0.75f1/Editor/Data/MonoBleedingEdge/lib/mono/unityaot-linux/Facades/System.Globalization.Extensions.dll --allowed-assembly=~/Unity/Hub/Editor/6000.0.75f1/Editor/Data/MonoBleedingEdge/lib/mono/unityaot-linux/Facades/System.Globalization.dll --allowed-assembly=~/Unity/Hub/Editor/6000.0.75f1/Editor/Data/MonoBleedingEdge/lib/mono/unityaot-linux/Facades/System.IO.Compression.ZipFile.dll --allowed-assembly=~/Unity/Hub/Editor/6000.0.75f1/Editor/Data/MonoBleedingEdge/lib/mono/unityaot-linux/Facades/System.IO.FileSystem.AccessControl.dll --allowed-assembly=~/Unity/Hub/Editor/6000.0.75f1/Editor/Data/MonoBleedingEdge/lib/mono/unityaot-linux/Facades/System.IO.FileSystem.DriveInfo.dll --allowed-assembly=~/Unity/Hub/Editor/6000.0.75f1/Editor/Data/MonoBleedingEdge/lib/mono/unityaot-linux/Facades/System.IO.FileSystem.Primitives.dll --allowed-assembly=~/Unity/Hub/Editor/6000.0.75f1/Editor/Data/MonoBleedingEdge/lib/mono/unityaot-linux/Facades/System.IO.FileSystem.Watcher.dll --allowed-assembly=~/Unity/Hub/Editor/6000.0.75f1/Editor/Data/MonoBleedingEdge/lib/mono/unityaot-linux/Facades/System.IO.FileSystem.dll --allowed-assembly=~/Unity/Hub/Editor/6000.0.75f1/Editor/Data/MonoBleedingEdge/lib/mono/unityaot-linux/Facades/System.IO.IsolatedStorage.dll --allowed-assembly=~/Unity/Hub/Editor/6000.0.75f1/Editor/Data/MonoBleedingEdge/lib/mono/unityaot-linux/Facades/System.IO.MemoryMappedFiles.dll --allowed-assembly=~/Unity/Hub/Editor/6000.0.75f1/Editor/Data/MonoBleedingEdge/lib/mono/unityaot-linux/Facades/System.IO.Pipes.dll --allowed-assembly=~/Unity/Hub/Editor/6000.0.75f1/Editor/Data/MonoBleedingEdge/lib/mono/unityaot-linux/Facades/System.IO.UnmanagedMemoryStream.dll --allowed-assembly=~/Unity/Hub/Editor/6000.0.75f1/Editor/Data/MonoBleedingEdge/lib/mono/unityaot-linux/Facades/System.IO.dll --allowed-assembly=~/Unity/Hub/Editor/6000.0.75f1/Editor/Data/MonoBleedingEdge/lib/mono/unityaot-linux/Facades/System.Linq.Expressions.dll --allowed-assembly=~/Unity/Hub/Editor/6000.0.75f1/Editor/Data/MonoBleedingEdge/lib/mono/unityaot-linux/Facades/System.Linq.Parallel.dll --allowed-assembly=~/Unity/Hub/Editor/6000.0.75f1/Editor/Data/MonoBleedingEdge/lib/mono/unityaot-linux/Facades/System.Linq.Queryable.dll --allowed-assembly=~/Unity/Hub/Editor/6000.0.75f1/Editor/Data/MonoBleedingEdge/lib/mono/unityaot-linux/Facades/System.Linq.dll --allowed-assembly=~/Unity/Hub/Editor/6000.0.75f1/Editor/Data/MonoBleedingEdge/lib/mono/unityaot-linux/Facades/System.Memory.dll --allowed-assembly=~/Unity/Hub/Editor/6000.0.75f1/Editor/Data/MonoBleedingEdge/lib/mono/unityaot-linux/Facades/System.Net.AuthenticationManager.dll --allowed-assembly=~/Unity/Hub/Editor/6000.0.75f1/Editor/Data/MonoBleedingEdge/lib/mono/unityaot-linux/Facades/System.Net.Cache.dll --allowed-assembly=~/Unity/Hub/Editor/6000.0.75f1/Editor/Data/MonoBleedingEdge/lib/mono/unityaot-linux/Facades/System.Net.HttpListener.dll --allowed-assembly=~/Unity/Hub/Editor/6000.0.75f1/Editor/Data/MonoBleedingEdge/lib/mono/unityaot-linux/Facades/System.Net.Mail.dll --allowed-assembly=~/Unity/Hub/Editor/6000.0.75f1/Editor/Data/MonoBleedingEdge/lib/mono/unityaot-linux/Facades/System.Net.NameResolution.dll --allowed-assembly=~/Unity/Hub/Editor/6000.0.75f1/Editor/Data/MonoBleedingEdge/lib/mono/unityaot-linux/Facades/System.Net.NetworkInformation.dll --allowed-assembly=~/Unity/Hub/Editor/6000.0.75f1/Editor/Data/MonoBleedingEdge/lib/mono/unityaot-linux/Facades/System.Net.Ping.dll --allowed-assembly=~/Unity/Hub/Editor/6000.0.75f1/Editor/Data/MonoBleedingEdge/lib/mono/unityaot-linux/Facades/System.Net.Primitives.dll --allowed-assembly=~/Unity/Hub/Editor/6000.0.75f1/Editor/Data/MonoBleedingEdge/lib/mono/unityaot-linux/Facades/System.Net.Requests.dll --allowed-assembly=~/Unity/Hub/Editor/6000.0.75f1/Editor/Data/MonoBleedingEdge/lib/mono/unityaot-linux/Facades/System.Net.Security.dll --allowed-assembly=~/Unity/Hub/Editor/6000.0.75f1/Editor/Data/MonoBleedingEdge/lib/mono/unityaot-linux/Facades/System.Net.ServicePoint.dll --allowed-assembly=~/Unity/Hub/Editor/6000.0.75f1/Editor/Data/MonoBleedingEdge/lib/mono/unityaot-linux/Facades/System.Net.Sockets.dll --allowed-assembly=~/Unity/Hub/Editor/6000.0.75f1/Editor/Data/MonoBleedingEdge/lib/mono/unityaot-linux/Facades/System.Net.Utilities.dll --allowed-assembly=~/Unity/Hub/Editor/6000.0.75f1/Editor/Data/MonoBleedingEdge/lib/mono/unityaot-linux/Facades/System.Net.WebHeaderCollection.dll --allowed-assembly=~/Unity/Hub/Editor/6000.0.75f1/Editor/Data/MonoBleedingEdge/lib/mono/unityaot-linux/Facades/System.Net.WebSockets.Client.dll --allowed-assembly=~/Unity/Hub/Editor/6000.0.75f1/Editor/Data/MonoBleedingEdge/lib/mono/unityaot-linux/Facades/System.Net.WebSockets.dll --allowed-assembly=~/Unity/Hub/Editor/6000.0.75f1/Editor/Data/MonoBleedingEdge/lib/mono/unityaot-linux/Facades/System.ObjectModel.dll --allowed-assembly=~/Unity/Hub/Editor/6000.0.75f1/Editor/Data/MonoBleedingEdge/lib/mono/unityaot-linux/Facades/System.Reflection.DispatchProxy.dll --allowed-assembly=~/Unity/Hub/Editor/6000.0.75f1/Editor/Data/MonoBleedingEdge/lib/mono/unityaot-linux/Facades/System.Reflection.Emit.ILGeneration.dll --allowed-assembly=~/Unity/Hub/Editor/6000.0.75f1/Editor/Data/MonoBleedingEdge/lib/mono/unityaot-linux/Facades/System.Reflection.Emit.Lightweight.dll --allowed-assembly=~/Unity/Hub/Editor/6000.0.75f1/Editor/Data/MonoBleedingEdge/lib/mono/unityaot-linux/Facades/System.Reflection.Emit.dll --allowed-assembly=~/Unity/Hub/Editor/6000.0.75f1/Editor/Data/MonoBleedingEdge/lib/mono/unityaot-linux/Facades/System.Reflection.Extensions.dll --allowed-assembly=~/Unity/Hub/Editor/6000.0.75f1/Editor/Data/MonoBleedingEdge/lib/mono/unityaot-linux/Facades/System.Reflection.Primitives.dll --allowed-assembly=~/Unity/Hub/Editor/6000.0.75f1/Editor/Data/MonoBleedingEdge/lib/mono/unityaot-linux/Facades/System.Reflection.TypeExtensions.dll --allowed-assembly=~/Unity/Hub/Editor/6000.0.75f1/Editor/Data/MonoBleedingEdge/lib/mono/unityaot-linux/Facades/System.Reflection.dll --allowed-assembly=~/Unity/Hub/Editor/6000.0.75f1/Editor/Data/MonoBleedingEdge/lib/mono/unityaot-linux/Facades/System.Resources.Reader.dll --allowed-assembly=~/Unity/Hub/Editor/6000.0.75f1/Editor/Data/MonoBleedingEdge/lib/mono/unityaot-linux/Facades/System.Resources.ReaderWriter.dll --allowed-assembly=~/Unity/Hub/Editor/6000.0.75f1/Editor/Data/MonoBleedingEdge/lib/mono/unityaot-linux/Facades/System.Resources.ResourceManager.dll --allowed-assembly=~/Unity/Hub/Editor/6000.0.75f1/Editor/Data/MonoBleedingEdge/lib/mono/unityaot-linux/Facades/System.Resources.Writer.dll --allowed-assembly=~/Unity/Hub/Editor/6000.0.75f1/Editor/Data/MonoBleedingEdge/lib/mono/unityaot-linux/Facades/System.Runtime.CompilerServices.VisualC.dll --allowed-assembly=~/Unity/Hub/Editor/6000.0.75f1/Editor/Data/MonoBleedingEdge/lib/mono/unityaot-linux/Facades/System.Runtime.Extensions.dll --allowed-assembly=~/Unity/Hub/Editor/6000.0.75f1/Editor/Data/MonoBleedingEdge/lib/mono/unityaot-linux/Facades/System.Runtime.Handles.dll --allowed-assembly=~/Unity/Hub/Editor/6000.0.75f1/Editor/Data/MonoBleedingEdge/lib/mono/unityaot-linux/Facades/System.Runtime.InteropServices.RuntimeInformation.dll --allowed-assembly=~/Unity/Hub/Editor/6000.0.75f1/Editor/Data/MonoBleedingEdge/lib/mono/unityaot-linux/Facades/System.Runtime.InteropServices.WindowsRuntime.dll --allowed-assembly=~/Unity/Hub/Editor/6000.0.75f1/Editor/Data/MonoBleedingEdge/lib/mono/unityaot-linux/Facades/System.Runtime.InteropServices.dll --allowed-assembly=~/Unity/Hub/Editor/6000.0.75f1/Editor/Data/MonoBleedingEdge/lib/mono/unityaot-linux/Facades/System.Runtime.Loader.dll --allowed-assembly=~/Unity/Hub/Editor/6000.0.75f1/Editor/Data/MonoBleedingEdge/lib/mono/unityaot-linux/Facades/System.Runtime.Numerics.dll --allowed-assembly=~/Unity/Hub/Editor/6000.0.75f1/Editor/Data/MonoBleedingEdge/lib/mono/unityaot-linux/Facades/System.Runtime.Serialization.Formatters.dll --allowed-assembly=~/Unity/Hub/Editor/6000.0.75f1/Editor/Data/MonoBleedingEdge/lib/mono/unityaot-linux/Facades/System.Runtime.Serialization.Json.dll --allowed-assembly=~/Unity/Hub/Editor/6000.0.75f1/Editor/Data/MonoBleedingEdge/lib/mono/unityaot-linux/Facades/System.Runtime.Serialization.Primitives.dll --allowed-assembly=~/Unity/Hub/Editor/6000.0.75f1/Editor/Data/MonoBleedingEdge/lib/mono/unityaot-linux/Facades/System.Runtime.Serialization.Xml.dll --allowed-assembly=~/Unity/Hub/Editor/6000.0.75f1/Editor/Data/MonoBleedingEdge/lib/mono/unityaot-linux/Facades/System.Runtime.dll --allowed-assembly=~/Unity/Hub/Editor/6000.0.75f1/Editor/Data/MonoBleedingEdge/lib/mono/unityaot-linux/Facades/System.Security.AccessControl.dll --allowed-assembly=~/Unity/Hub/Editor/6000.0.75f1/Editor/Data/MonoBleedingEdge/lib/mono/unityaot-linux/Facades/System.Security.Claims.dll --allowed-assembly=~/Unity/Hub/Editor/6000.0.75f1/Editor/Data/MonoBleedingEdge/lib/mono/unityaot-linux/Facades/System.Security.Cryptography.Algorithms.dll --allowed-assembly=~/Unity/Hub/Editor/6000.0.75f1/Editor/Data/MonoBleedingEdge/lib/mono/unityaot-linux/Facades/System.Security.Cryptography.Cng.dll --allowed-assembly=~/Unity/Hub/Editor/6000.0.75f1/Editor/Data/MonoBleedingEdge/lib/mono/unityaot-linux/Facades/System.Security.Cryptography.Csp.dll --allowed-assembly=~/Unity/Hub/Editor/6000.0.75f1/Editor/Data/MonoBleedingEdge/lib/mono/unityaot-linux/Facades/System.Security.Cryptography.DeriveBytes.dll --allowed-assembly=~/Unity/Hub/Editor/6000.0.75f1/Editor/Data/MonoBleedingEdge/lib/mono/unityaot-linux/Facades/System.Security.Cryptography.Encoding.dll --allowed-assembly=~/Unity/Hub/Editor/6000.0.75f1/Editor/Data/MonoBleedingEdge/lib/mono/unityaot-linux/Facades/System.Security.Cryptography.Encryption.Aes.dll --allowed-assembly=~/Unity/Hub/Editor/6000.0.75f1/Editor/Data/MonoBleedingEdge/lib/mono/unityaot-linux/Facades/System.Security.Cryptography.Encryption.ECDiffieHellman.dll --allowed-assembly=~/Unity/Hub/Editor/6000.0.75f1/Editor/Data/MonoBleedingEdge/lib/mono/unityaot-linux/Facades/System.Security.Cryptography.Encryption.ECDsa.dll --allowed-assembly=~/Unity/Hub/Editor/6000.0.75f1/Editor/Data/MonoBleedingEdge/lib/mono/unityaot-linux/Facades/System.Security.Cryptography.Encryption.dll --allowed-assembly=~/Unity/Hub/Editor/6000.0.75f1/Editor/Data/MonoBleedingEdge/lib/mono/unityaot-linux/Facades/System.Security.Cryptography.Hashing.Algorithms.dll --allowed-assembly=~/Unity/Hub/Editor/6000.0.75f1/Editor/Data/MonoBleedingEdge/lib/mono/unityaot-linux/Facades/System.Security.Cryptography.Hashing.dll --allowed-assembly=~/Unity/Hub/Editor/6000.0.75f1/Editor/Data/MonoBleedingEdge/lib/mono/unityaot-linux/Facades/System.Security.Cryptography.OpenSsl.dll --allowed-assembly=~/Unity/Hub/Editor/6000.0.75f1/Editor/Data/MonoBleedingEdge/lib/mono/unityaot-linux/Facades/System.Security.Cryptography.Pkcs.dll --allowed-assembly=~/Unity/Hub/Editor/6000.0.75f1/Editor/Data/MonoBleedingEdge/lib/mono/unityaot-linux/Facades/System.Security.Cryptography.Primitives.dll --allowed-assembly=~/Unity/Hub/Editor/6000.0.75f1/Editor/Data/MonoBleedingEdge/lib/mono/unityaot-linux/Facades/System.Security.Cryptography.ProtectedData.dll --allowed-assembly=~/Unity/Hub/Editor/6000.0.75f1/Editor/Data/MonoBleedingEdge/lib/mono/unityaot-linux/Facades/System.Security.Cryptography.RSA.dll --allowed-assembly=~/Unity/Hub/Editor/6000.0.75f1/Editor/Data/MonoBleedingEdge/lib/mono/unityaot-linux/Facades/System.Security.Cryptography.RandomNumberGenerator.dll --allowed-assembly=~/Unity/Hub/Editor/6000.0.75f1/Editor/Data/MonoBleedingEdge/lib/mono/unityaot-linux/Facades/System.Security.Cryptography.X509Certificates.dll --allowed-assembly=~/Unity/Hub/Editor/6000.0.75f1/Editor/Data/MonoBleedingEdge/lib/mono/unityaot-linux/Facades/System.Security.Principal.Windows.dll --allowed-assembly=~/Unity/Hub/Editor/6000.0.75f1/Editor/Data/MonoBleedingEdge/lib/mono/unityaot-linux/Facades/System.Security.Principal.dll --allowed-assembly=~/Unity/Hub/Editor/6000.0.75f1/Editor/Data/MonoBleedingEdge/lib/mono/unityaot-linux/Facades/System.Security.SecureString.dll --allowed-assembly=~/Unity/Hub/Editor/6000.0.75f1/Editor/Data/MonoBleedingEdge/lib/mono/unityaot-linux/Facades/System.ServiceModel.Duplex.dll --allowed-assembly=~/Unity/Hub/Editor/6000.0.75f1/Editor/Data/MonoBleedingEdge/lib/mono/unityaot-linux/Facades/System.ServiceModel.Http.dll --allowed-assembly=~/Unity/Hub/Editor/6000.0.75f1/Editor/Data/MonoBleedingEdge/lib/mono/unityaot-linux/Facades/System.ServiceModel.NetTcp.dll --allowed-assembly=~/Unity/Hub/Editor/6000.0.75f1/Editor/Data/MonoBleedingEdge/lib/mono/unityaot-linux/Facades/System.ServiceModel.Primitives.dll --allowed-assembly=~/Unity/Hub/Editor/6000.0.75f1/Editor/Data/MonoBleedingEdge/lib/mono/unityaot-linux/Facades/System.ServiceModel.Security.dll --allowed-assembly=~/Unity/Hub/Editor/6000.0.75f1/Editor/Data/MonoBleedingEdge/lib/mono/unityaot-linux/Facades/System.ServiceProcess.ServiceController.dll --allowed-assembly=~/Unity/Hub/Editor/6000.0.75f1/Editor/Data/MonoBleedingEdge/lib/mono/unityaot-linux/Facades/System.Text.Encoding.CodePages.dll --allowed-assembly=~/Unity/Hub/Editor/6000.0.75f1/Editor/Data/MonoBleedingEdge/lib/mono/unityaot-linux/Facades/System.Text.Encoding.Extensions.dll --allowed-assembly=~/Unity/Hub/Editor/6000.0.75f1/Editor/Data/MonoBleedingEdge/lib/mono/unityaot-linux/Facades/System.Text.Encoding.dll --allowed-assembly=~/Unity/Hub/Editor/6000.0.75f1/Editor/Data/MonoBleedingEdge/lib/mono/unityaot-linux/Facades/System.Text.RegularExpressions.dll --allowed-assembly=~/Unity/Hub/Editor/6000.0.75f1/Editor/Data/MonoBleedingEdge/lib/mono/unityaot-linux/Facades/System.Threading.AccessControl.dll --allowed-assembly=~/Unity/Hub/Editor/6000.0.75f1/Editor/Data/MonoBleedingEdge/lib/mono/unityaot-linux/Facades/System.Threading.Overlapped.dll --allowed-assembly=~/Unity/Hub/Editor/6000.0.75f1/Editor/Data/MonoBleedingEdge/lib/mono/unityaot-linux/Facades/System.Threading.Tasks.Extensions.dll --allowed-assembly=~/Unity/Hub/Editor/6000.0.75f1/Editor/Data/MonoBleedingEdge/lib/mono/unityaot-linux/Facades/System.Threading.Tasks.Parallel.dll --allowed-assembly=~/Unity/Hub/Editor/6000.0.75f1/Editor/Data/MonoBleedingEdge/lib/mono/unityaot-linux/Facades/System.Threading.Tasks.dll --allowed-assembly=~/Unity/Hub/Editor/6000.0.75f1/Editor/Data/MonoBleedingEdge/lib/mono/unityaot-linux/Facades/System.Threading.Thread.dll --allowed-assembly=~/Unity/Hub/Editor/6000.0.75f1/Editor/Data/MonoBleedingEdge/lib/mono/unityaot-linux/Facades/System.Threading.ThreadPool.dll --allowed-assembly=~/Unity/Hub/Editor/6000.0.75f1/Editor/Data/MonoBleedingEdge/lib/mono/unityaot-linux/Facades/System.Threading.Timer.dll --allowed-assembly=~/Unity/Hub/Editor/6000.0.75f1/Editor/Data/MonoBleedingEdge/lib/mono/unityaot-linux/Facades/System.Threading.dll --allowed-assembly=~/Unity/Hub/Editor/6000.0.75f1/Editor/Data/MonoBleedingEdge/lib/mono/unityaot-linux/Facades/System.ValueTuple.dll --allowed-assembly=~/Unity/Hub/Editor/6000.0.75f1/Editor/Data/MonoBleedingEdge/lib/mono/unityaot-linux/Facades/System.Xml.ReaderWriter.dll --allowed-assembly=~/Unity/Hub/Editor/6000.0.75f1/Editor/Data/MonoBleedingEdge/lib/mono/unityaot-linux/Facades/System.Xml.XDocument.dll --allowed-assembly=~/Unity/Hub/Editor/6000.0.75f1/Editor/Data/MonoBleedingEdge/lib/mono/unityaot-linux/Facades/System.Xml.XPath.XDocument.dll --allowed-assembly=~/Unity/Hub/Editor/6000.0.75f1/Editor/Data/MonoBleedingEdge/lib/mono/unityaot-linux/Facades/System.Xml.XPath.XmlDocument.dll --allowed-assembly=~/Unity/Hub/Editor/6000.0.75f1/Editor/Data/MonoBleedingEdge/lib/mono/unityaot-linux/Facades/System.Xml.XPath.dll --allowed-assembly=~/Unity/Hub/Editor/6000.0.75f1/Editor/Data/MonoBleedingEdge/lib/mono/unityaot-linux/Facades/System.Xml.XmlDocument.dll --allowed-assembly=~/Unity/Hub/Editor/6000.0.75f1/Editor/Data/MonoBleedingEdge/lib/mono/unityaot-linux/Facades/System.Xml.XmlSerializer.dll --allowed-assembly=~/Unity/Hub/Editor/6000.0.75f1/Editor/Data/MonoBleedingEdge/lib/mono/unityaot-linux/Facades/System.Xml.Xsl.Primitives.dll --allowed-assembly=~/Unity/Hub/Editor/6000.0.75f1/Editor/Data/MonoBleedingEdge/lib/mono/unityaot-linux/Facades/netstandard.dll --allowed-assembly=~/Unity/Hub/Editor/6000.0.75f1/Editor/Data/MonoBleedingEdge/lib/mono/unityaot-linux/I18N.CJK.dll --allowed-assembly=~/Unity/Hub/Editor/6000.0.75f1/Editor/Data/MonoBleedingEdge/lib/mono/unityaot-linux/I18N.MidEast.dll --allowed-assembly=~/Unity/Hub/Editor/6000.0.75f1/Editor/Data/MonoBleedingEdge/lib/mono/unityaot-linux/I18N.Other.dll --allowed-assembly=~/Unity/Hub/Editor/6000.0.75f1/Editor/Data/MonoBleedingEdge/lib/mono/unityaot-linux/I18N.Rare.dll --allowed-assembly=~/Unity/Hub/Editor/6000.0.75f1/Editor/Data/MonoBleedingEdge/lib/mono/unityaot-linux/I18N.West.dll --allowed-assembly=~/Unity/Hub/Editor/6000.0.75f1/Editor/Data/MonoBleedingEdge/lib/mono/unityaot-linux/I18N.dll --allowed-assembly=~/Unity/Hub/Editor/6000.0.75f1/Editor/Data/MonoBleedingEdge/lib/mono/unityaot-linux/Microsoft.CSharp.dll --allowed-assembly=~/Unity/Hub/Editor/6000.0.75f1/Editor/Data/MonoBleedingEdge/lib/mono/unityaot-linux/Mono.Data.Sqlite.dll --allowed-assembly=~/Unity/Hub/Editor/6000.0.75f1/Editor/Data/MonoBleedingEdge/lib/mono/unityaot-linux/Mono.Data.Tds.dll --allowed-assembly=~/Unity/Hub/Editor/6000.0.75f1/Editor/Data/MonoBleedingEdge/lib/mono/unityaot-linux/Mono.Security.dll --allowed-assembly=~/Unity/Hub/Editor/6000.0.75f1/Editor/Data/MonoBleedingEdge/lib/mono/unityaot-linux/System.ComponentModel.Composition.dll --allowed-assembly=~/Unity/Hub/Editor/6000.0.75f1/Editor/Data/MonoBleedingEdge/lib/mono/unityaot-linux/System.ComponentModel.DataAnnotations.dll --allowed-assembly=~/Unity/Hub/Editor/6000.0.75f1/Editor/Data/MonoBleedingEdge/lib/mono/unityaot-linux/System.Configuration.Install.dll --allowed-assembly=~/Unity/Hub/Editor/6000.0.75f1/Editor/Data/MonoBleedingEdge/lib/mono/unityaot-linux/System.Configuration.dll --allowed-assembly=~/Unity/Hub/Editor/6000.0.75f1/Editor/Data/MonoBleedingEdge/lib/mono/unityaot-linux/System.Core.dll --allowed-assembly=~/Unity/Hub/Editor/6000.0.75f1/Editor/Data/MonoBleedingEdge/lib/mono/unityaot-linux/System.Data.DataSetExtensions.dll --allowed-assembly=~/Unity/Hub/Editor/6000.0.75f1/Editor/Data/MonoBleedingEdge/lib/mono/unityaot-linux/System.Data.Entity.dll --allowed-assembly=~/Unity/Hub/Editor/6000.0.75f1/Editor/Data/MonoBleedingEdge/lib/mono/unityaot-linux/System.Data.Linq.dll --allowed-assembly=~/Unity/Hub/Editor/6000.0.75f1/Editor/Data/MonoBleedingEdge/lib/mono/unityaot-linux/System.Data.OracleClient.dll --allowed-assembly=~/Unity/Hub/Editor/6000.0.75f1/Editor/Data/MonoBleedingEdge/lib/mono/unityaot-linux/System.Data.Services.Client.dll --allowed-assembly=~/Unity/Hub/Editor/6000.0.75f1/Editor/Data/MonoBleedingEdge/lib/mono/unityaot-linux/System.Data.Services.dll --allowed-assembly=~/Unity/Hub/Editor/6000.0.75f1/Editor/Data/MonoBleedingEdge/lib/mono/unityaot-linux/System.Data.dll --allowed-assembly=~/Unity/Hub/Editor/6000.0.75f1/Editor/Data/MonoBleedingEdge/lib/mono/unityaot-linux/System.Design.dll --allowed-assembly=~/Unity/Hub/Editor/6000.0.75f1/Editor/Data/MonoBleedingEdge/lib/mono/unityaot-linux/System.DirectoryServices.Protocols.dll --allowed-assembly=~/Unity/Hub/Editor/6000.0.75f1/Editor/Data/MonoBleedingEdge/lib/mono/unityaot-linux/System.DirectoryServices.dll --allowed-assembly=~/Unity/Hub/Editor/6000.0.75f1/Editor/Data/MonoBleedingEdge/lib/mono/unityaot-linux/System.Drawing.Design.dll --allowed-assembly=~/Unity/Hub/Editor/6000.0.75f1/Editor/Data/MonoBleedingEdge/lib/mono/unityaot-linux/System.Drawing.dll --allowed-assembly=~/Unity/Hub/Editor/6000.0.75f1/Editor/Data/MonoBleedingEdge/lib/mono/unityaot-linux/System.EnterpriseServices.dll --allowed-assembly=~/Unity/Hub/Editor/6000.0.75f1/Editor/Data/MonoBleedingEdge/lib/mono/unityaot-linux/System.IO.Compression.FileSystem.dll --allowed-assembly=~/Unity/Hub/Editor/6000.0.75f1/Editor/Data/MonoBleedingEdge/lib/mono/unityaot-linux/System.IO.Compression.dll --allowed-assembly=~/Unity/Hub/Editor/6000.0.75f1/Editor/Data/MonoBleedingEdge/lib/mono/unityaot-linux/System.IdentityModel.Selectors.dll --allowed-assembly=~/Unity/Hub/Editor/6000.0.75f1/Editor/Data/MonoBleedingEdge/lib/mono/unityaot-linux/System.IdentityModel.dll --allowed-assembly=~/Unity/Hub/Editor/6000.0.75f1/Editor/Data/MonoBleedingEdge/lib/mono/unityaot-linux/System.Json.dll --allowed-assembly=~/Unity/Hub/Editor/6000.0.75f1/Editor/Data/MonoBleedingEdge/lib/mono/unityaot-linux/System.Management.dll --allowed-assembly=~/Unity/Hub/Editor/6000.0.75f1/Editor/Data/MonoBleedingEdge/lib/mono/unityaot-linux/System.Messaging.dll --allowed-assembly=~/Unity/Hub/Editor/6000.0.75f1/Editor/Data/MonoBleedingEdge/lib/mono/unityaot-linux/System.Net.Http.WebRequest.dll --allowed-assembly=~/Unity/Hub/Editor/6000.0.75f1/Editor/Data/MonoBleedingEdge/lib/mono/unityaot-linux/System.Net.Http.dll --allowed-assembly=~/Unity/Hub/Editor/6000.0.75f1/Editor/Data/MonoBleedingEdge/lib/mono/unityaot-linux/System.Net.dll --allowed-assembly=~/Unity/Hub/Editor/6000.0.75f1/Editor/Data/MonoBleedingEdge/lib/mono/unityaot-linux/System.Numerics.Vectors.dll --allowed-assembly=~/Unity/Hub/Editor/6000.0.75f1/Editor/Data/MonoBleedingEdge/lib/mono/unityaot-linux/System.Numerics.dll --allowed-assembly=~/Unity/Hub/Editor/6000.0.75f1/Editor/Data/MonoBleedingEdge/lib/mono/unityaot-linux/System.Reflection.Context.dll --allowed-assembly=~/Unity/Hub/Editor/6000.0.75f1/Editor/Data/MonoBleedingEdge/lib/mono/unityaot-linux/System.Runtime.Caching.dll --allowed-assembly=~/Unity/Hub/Editor/6000.0.75f1/Editor/Data/MonoBleedingEdge/lib/mono/unityaot-linux/System.Runtime.DurableInstancing.dll --allowed-assembly=~/Unity/Hub/Editor/6000.0.75f1/Editor/Data/MonoBleedingEdge/lib/mono/unityaot-linux/System.Runtime.Remoting.dll --allowed-assembly=~/Unity/Hub/Editor/6000.0.75f1/Editor/Data/MonoBleedingEdge/lib/mono/unityaot-linux/System.Runtime.Serialization.Formatters.Soap.dll --allowed-assembly=~/Unity/Hub/Editor/6000.0.75f1/Editor/Data/MonoBleedingEdge/lib/mono/unityaot-linux/System.Runtime.Serialization.dll --allowed-assembly=~/Unity/Hub/Editor/6000.0.75f1/Editor/Data/MonoBleedingEdge/lib/mono/unityaot-linux/System.Security.dll --allowed-assembly=~/Unity/Hub/Editor/6000.0.75f1/Editor/Data/MonoBleedingEdge/lib/mono/unityaot-linux/System.ServiceModel.Activation.dll --allowed-assembly=~/Unity/Hub/Editor/6000.0.75f1/Editor/Data/MonoBleedingEdge/lib/mono/unityaot-linux/System.ServiceModel.Discovery.dll --allowed-assembly=~/Unity/Hub/Editor/6000.0.75f1/Editor/Data/MonoBleedingEdge/lib/mono/unityaot-linux/System.ServiceModel.Internals.dll --allowed-assembly=~/Unity/Hub/Editor/6000.0.75f1/Editor/Data/MonoBleedingEdge/lib/mono/unityaot-linux/System.ServiceModel.Routing.dll --allowed-assembly=~/Unity/Hub/Editor/6000.0.75f1/Editor/Data/MonoBleedingEdge/lib/mono/unityaot-linux/System.ServiceModel.Web.dll --allowed-assembly=~/Unity/Hub/Editor/6000.0.75f1/Editor/Data/MonoBleedingEdge/lib/mono/unityaot-linux/System.ServiceModel.dll --allowed-assembly=~/Unity/Hub/Editor/6000.0.75f1/Editor/Data/MonoBleedingEdge/lib/mono/unityaot-linux/System.ServiceProcess.dll --allowed-assembly=~/Unity/Hub/Editor/6000.0.75f1/Editor/Data/MonoBleedingEdge/lib/mono/unityaot-linux/System.Transactions.dll --allowed-assembly=~/Unity/Hub/Editor/6000.0.75f1/Editor/Data/MonoBleedingEdge/lib/mono/unityaot-linux/System.Web.ApplicationServices.dll --allowed-assembly=~/Unity/Hub/Editor/6000.0.75f1/Editor/Data/MonoBleedingEdge/lib/mono/unityaot-linux/System.Web.DynamicData.dll --allowed-assembly=~/Unity/Hub/Editor/6000.0.75f1/Editor/Data/MonoBleedingEdge/lib/mono/unityaot-linux/System.Web.Extensions.Design.dll --allowed-assembly=~/Unity/Hub/Editor/6000.0.75f1/Editor/Data/MonoBleedingEdge/lib/mono/unityaot-linux/System.Web.Extensions.dll --allowed-assembly=~/Unity/Hub/Editor/6000.0.75f1/Editor/Data/MonoBleedingEdge/lib/mono/unityaot-linux/System.Web.RegularExpressions.dll --allowed-assembly=~/Unity/Hub/Editor/6000.0.75f1/Editor/Data/MonoBleedingEdge/lib/mono/unityaot-linux/System.Web.Services.dll --allowed-assembly=~/Unity/Hub/Editor/6000.0.75f1/Editor/Data/MonoBleedingEdge/lib/mono/unityaot-linux/System.Web.dll --allowed-assembly=~/Unity/Hub/Editor/6000.0.75f1/Editor/Data/MonoBleedingEdge/lib/mono/unityaot-linux/System.Windows.Forms.DataVisualization.dll --allowed-assembly=~/Unity/Hub/Editor/6000.0.75f1/Editor/Data/MonoBleedingEdge/lib/mono/unityaot-linux/System.Windows.Forms.dll --allowed-assembly=~/Unity/Hub/Editor/6000.0.75f1/Editor/Data/MonoBleedingEdge/lib/mono/unityaot-linux/System.Windows.dll --allowed-assembly=~/Unity/Hub/Editor/6000.0.75f1/Editor/Data/MonoBleedingEdge/lib/mono/unityaot-linux/System.Xaml.dll --allowed-assembly=~/Unity/Hub/Editor/6000.0.75f1/Editor/Data/MonoBleedingEdge/lib/mono/unityaot-linux/System.Xml.Linq.dll --allowed-assembly=~/Unity/Hub/Editor/6000.0.75f1/Editor/Data/MonoBleedingEdge/lib/mono/unityaot-linux/System.Xml.Serialization.dll --allowed-assembly=~/Unity/Hub/Editor/6000.0.75f1/Editor/Data/MonoBleedingEdge/lib/mono/unityaot-linux/System.Xml.dll --allowed-assembly=~/Unity/Hub/Editor/6000.0.75f1/Editor/Data/MonoBleedingEdge/lib/mono/unityaot-linux/System.dll --allowed-assembly=~/Unity/Hub/Editor/6000.0.75f1/Editor/Data/MonoBleedingEdge/lib/mono/unityaot-linux/mscorlib.dll --out=Library/Bee/artifacts/LinuxPlayerBuildProgram/ManagedStripped --include-link-xml=~/wkspace/gc-studio/p4.2i/games/hollowmere/Library/Bee/artifacts/UnityLinkerInputs/MethodsToPreserve.xml --include-link-xml=~/wkspace/gc-studio/p4.2i/games/hollowmere/Library/Bee/artifacts/UnityLinkerInputs/TypesInScenes.xml --include-link-xml=~/wkspace/gc-studio/p4.2i/games/hollowmere/Library/Bee/artifacts/UnityLinkerInputs/SerializedTypes.xml --include-link-xml=~/wkspace/gc-studio/p4.2i/games/hollowmere/Library/InputSystem/StandaloneLinux64Link.xml --include-link-xml=~/wkspace/gc-studio/p4.2i/games/hollowmere/Assets/Hollowmere/link.xml --include-directory=~/wkspace/gc-studio/p4.2i/games/hollowmere/Library/Bee/PlayerScriptAssemblies --include-directory=~/Unity/Hub/Editor/6000.0.75f1/Editor/Data/PlaybackEngines/LinuxStandaloneSupport/Variations/il2cpp/Managed --include-directory=~/wkspace/gc-studio/p4.2i/games/hollowmere/Library/PackageCache/com.unity.collections@9796e5ee0d9e/Unity.Collections.LowLevel.ILSupport --include-directory=~/wkspace/gc-studio/p4.2i/games/hollowmere/Library/PackageCache/com.unity.collections@9796e5ee0d9e/Unity.Collections.Tests/System.IO.Hashing --include-directory=~/wkspace/gc-studio/p4.2i/games/hollowmere/Library/PackageCache/com.unity.burst@07790c2d06d9 --include-directory=~/wkspace/gc-studio/p4.2i/games/hollowmere/Library/PackageCache/com.unity.nuget.newtonsoft-json@74deb55db2a0/Runtime/AOT --include-directory=~/wkspace/gc-studio/p4.2i/games/hollowmere/Library/PackageCache/com.unity.collections@9796e5ee0d9e/Unity.Collections.Tests/System.Runtime.CompilerServices.Unsafe --include-directory=~/Unity/Hub/Editor/6000.0.75f1/Editor/Data/MonoBleedingEdge/lib/mono/unityaot-linux --include-directory=~/Unity/Hub/Editor/6000.0.75f1/Editor/Data/MonoBleedingEdge/lib/mono/unityaot-linux/Facades --rule-set=Conservative --profiler-report --profiler-output-file=~/wkspace/gc-studio/p4.2i/games/hollowmere/Library/Bee/artifacts/unitylinker_1ofc.traceevents --dotnetprofile=unityaot-linux --dotnetruntime=Il2Cpp --architecture=x64 --platform=Linux --use-editor-options --engine-modules-asset-file=~/Unity/Hub/Editor/6000.0.75f1/Editor/Data/PlaybackEngines/LinuxStandaloneSupport/modules.asset --editor-data-file=~/wkspace/gc-studio/p4.2i/games/hollowmere/Library/Bee/artifacts/UnityLinkerInputs/EditorToUnityLinkerData.json --include-unity-root-assembly=~/wkspace/gc-studio/p4.2i/games/hollowmere/Library/Bee/PlayerScriptAssemblies/GameCore.Gameplay.Audio.dll --include-unity-root-assembly=~/wkspace/gc-studio/p4.2i/games/hollowmere/Library/Bee/PlayerScriptAssemblies/GameCore.Gameplay.Dialogue.dll --include-unity-root-assembly=~/wkspace/gc-studio/p4.2i/games/hollowmere/Library/Bee/PlayerScriptAssemblies/GameCore.Gameplay.Entities.dll --include-unity-root-assembly=~/wkspace/gc-studio/p4.2i/games/hollowmere/Library/Bee/PlayerScriptAssemblies/GameCore.Gameplay.Interaction.dll --include-unity-root-assembly=~/wkspace/gc-studio/p4.2i/games/hollowmere/Library/Bee/PlayerScriptAssemblies/GameCore.Gameplay.Inventory.dll --include-unity-root-assembly=~/wkspace/gc-studio/p4.2i/games/hollowmere/Library/Bee/PlayerScriptAssemblies/GameCore.Gameplay.Logic.dll --include-unity-root-assembly=~/wkspace/gc-studio/p4.2i/games/hollowmere/Library/Bee/PlayerScriptAssemblies/GameCore.Gameplay.Npc.dll --include-unity-root-assembly=~/wkspace/gc-studio/p4.2i/games/hollowmere/Library/Bee/PlayerScriptAssemblies/GameCore.Gameplay.Player.dll --include-unity-root-assembly=~/wkspace/gc-studio/p4.2i/games/hollowmere/Library/Bee/PlayerScriptAssemblies/GameCore.Gameplay.Quest.dll --include-unity-root-assembly=~/wkspace/gc-studio/p4.2i/games/hollowmere/Library/Bee/PlayerScriptAssemblies/GameCore.Gameplay.Ui.dll --include-unity-root-assembly=~/wkspace/gc-studio/p4.2i/games/hollowmere/Library/Bee/PlayerScriptAssemblies/GameCore.Gameplay.World.dll --include-unity-root-assembly=~/wkspace/gc-studio/p4.2i/games/hollowmere/Library/Bee/PlayerScriptAssemblies/Hollowmere.Boot.dll --include-unity-root-assembly=~/wkspace/gc-studio/p4.2i/games/hollowmere/Library/Bee/PlayerScriptAssemblies/Hollowmere.Checkpoint.dll --include-unity-root-assembly=~/wkspace/gc-studio/p4.2i/games/hollowmere/Library/Bee/PlayerScriptAssemblies/Hollowmere.Game.dll --include-unity-root-assembly=~/wkspace/gc-studio/p4.2i/games/hollowmere/Library/Bee/PlayerScriptAssemblies/Hollowmere.Narrative.dll --include-unity-root-assembly=~/wkspace/gc-studio/p4.2i/games/hollowmere/Library/Bee/PlayerScriptAssemblies/Hollowmere.UiAudio.dll --include-unity-root-assembly=~/wkspace/gc-studio/p4.2i/games/hollowmere/Library/Bee/PlayerScriptAssemblies/Hollowmere.World.Generated.dll --include-unity-root-assembly=~/wkspace/gc-studio/p4.2i/games/hollowmere/Library/Bee/PlayerScriptAssemblies/Unity.AI.Navigation.dll --include-unity-root-assembly=~/wkspace/gc-studio/p4.2i/games/hollowmere/Library/Bee/PlayerScriptAssemblies/Unity.InputSystem.dll --include-unity-root-assembly=~/wkspace/gc-studio/p4.2i/games/hollowmere/Library/Bee/PlayerScriptAssemblies/Unity.RenderPipelines.Core.Runtime.dll --include-unity-root-assembly=~/wkspace/gc-studio/p4.2i/games/hollowmere/Library/Bee/PlayerScriptAssemblies/Unity.RenderPipelines.Universal.Runtime.dll --include-unity-root-assembly=~/wkspace/gc-studio/p4.2i/games/hollowmere/Library/Bee/PlayerScriptAssemblies/UnityEngine.UI.dll --print-command-line --enable-analytics
*** Tundra requires additional run (6.93 seconds), 38 items updated, 53 evaluated
*** Additional run caused by: contents change of Library/Bee/artifacts/LinuxPlayerBuildProgram/ManagedStripped
Starting: ~/Unity/Hub/Editor/6000.0.75f1/Editor/Data/Tools/netcorerun/netcorerun "~/Unity/Hub/Editor/6000.0.75f1/Editor/Data/PlaybackEngines/LinuxStandaloneSupport/LinuxPlayerBuildProgram.exe" "~/Unity/Hub/Editor/6000.0.75f1/Editor/Data/PlaybackEngines/LinuxStandaloneSupport/Bee:~/Unity/Hub/Editor/6000.0.75f1/Editor/Data/Tools/BuildPipeline" "Library/Bee/Playerb5e48780.dag.json" "Library/Bee/Playerb5e48780-inputdata.json" "Library/Bee/buildprogram1.traceevents"
WorkingDir: ~/wkspace/gc-studio/p4.2i/games/hollowmere
ExitCode: 4 Duration: 7s29ms
ExitCode: 0 Duration: 0s558ms
Starting: ~/Unity/Hub/Editor/6000.0.75f1/Editor/Data/bee_backend --ipc --dagfile="Library/Bee/Playerb5e48780.dag" --dagfilejson="Library/Bee/Playerb5e48780.dag.json" --profile="Library/Bee/backend3.traceevents" Player
WorkingDir: ~/wkspace/gc-studio/p4.2i/games/hollowmere
Finished compiling graph: 440 nodes, 1081 flattened edges (1081 ToBuild, 0 ToUse), maximum node priority 220
[ 39/251    0s] CopyFiles ~/wkspace/gc-studio/p4.2i/.evidence/P42iPlayer/player/Hollowmere_BackUpThisFolder_ButDontShipItWithYourGame/Managed/UnityEngine.AssetBundleModule.pdb
[ 40/251    0s] CopyFiles ~/wkspace/gc-studio/p4.2i/.evidence/P42iPlayer/player/Hollowmere_BackUpThisFolder_ButDontShipItWithYourGame/Managed/GameCore.Rules.Narrative.pdb
[ 41/251    0s] CopyFiles ~/wkspace/gc-studio/p4.2i/.evidence/P42iPlayer/player/Hollowmere_BackUpThisFolder_ButDontShipItWithYourGame/Managed/Unity.Transforms.dll
[ 42/251    0s] CopyFiles ~/wkspace/gc-studio/p4.2i/.evidence/P42iPlayer/player/Hollowmere_BackUpThisFolder_ButDontShipItWithYourGame/Managed/UnityEngine.SubsystemsModule.dll
[ 43/251    0s] CopyFiles ~/wkspace/gc-studio/p4.2i/.evidence/P42iPlayer/player/Hollowmere_BackUpThisFolder_ButDontShipItWithYourGame/Managed/GameCore.Unity.App.dll
[ 44/251    0s] CopyFiles ~/wkspace/gc-studio/p4.2i/.evidence/P42iPlayer/player/Hollowmere_BackUpThisFolder_ButDontShipItWithYourGame/Managed/UnityEngine.TerrainModule.dll
[ 45/251    0s] CopyFiles ~/wkspace/gc-studio/p4.2i/.evidence/P42iPlayer/player/Hollowmere_BackUpThisFolder_ButDontShipItWithYourGame/Managed/Hollowmere.Narrative.pdb
[ 46/251    0s] CopyFiles ~/wkspace/gc-studio/p4.2i/.evidence/P42iPlayer/player/Hollowmere_BackUpThisFolder_ButDontShipItWithYourGame/Managed/Unity.Scenes.dll
[ 47/251    0s] CopyFiles ~/wkspace/gc-studio/p4.2i/.evidence/P42iPlayer/player/Hollowmere_BackUpThisFolder_ButDontShipItWithYourGame/Managed/Unity.Serialization.pdb
[ 48/251    0s] CopyFiles ~/wkspace/gc-studio/p4.2i/.evidence/P42iPlayer/player/Hollowmere_BackUpThisFolder_ButDontShipItWithYourGame/Managed/GameCore.Gameplay.Quest.pdb
[ 49/251    0s] CopyFiles ~/wkspace/gc-studio/p4.2i/.evidence/P42iPlayer/player/Hollowmere_BackUpThisFolder_ButDontShipItWithYourGame/Managed/UnityEngine.AssetBundleModule.dll
[ 50/251    0s] CopyFiles ~/wkspace/gc-studio/p4.2i/.evidence/P42iPlayer/player/Hollowmere_BackUpThisFolder_ButDontShipItWithYourGame/Managed/Unity.AI.Navigation.pdb
[ 51/251    0s] CopyFiles ~/wkspace/gc-studio/p4.2i/.evidence/P42iPlayer/player/Hollowmere_BackUpThisFolder_ButDontShipItWithYourGame/Managed/GameCore.Gameplay.Entities.dll
[ 52/251    0s] CopyFiles ~/wkspace/gc-studio/p4.2i/.evidence/P42iPlayer/player/Hollowmere_BackUpThisFolder_ButDontShipItWithYourGame/Managed/GameCore.Unity.Adapters.pdb
[ 53/251    0s] CopyFiles ~/wkspace/gc-studio/p4.2i/.evidence/P42iPlayer/player/Hollowmere_BackUpThisFolder_ButDontShipItWithYourGame/Managed/Unity.RenderPipelines.GPUDriven.Runtime.dll
[ 54/251    0s] CopyFiles ~/wkspace/gc-studio/p4.2i/.evidence/P42iPlayer/player/Hollowmere_BackUpThisFolder_ButDontShipItWithYourGame/Managed/Hollowmere.UiAudio.dll
[ 55/251    0s] CopyFiles ~/wkspace/gc-studio/p4.2i/.evidence/P42iPlayer/player/Hollowmere_BackUpThisFolder_ButDontShipItWithYourGame/Managed/Unity.RenderPipelines.GPUDriven.Runtime.pdb
[ 56/251    0s] CopyFiles ~/wkspace/gc-studio/p4.2i/.evidence/P42iPlayer/player/Hollowmere_BackUpThisFolder_ButDontShipItWithYourGame/Managed/GameCore.Gameplay.Save.pdb
[ 57/251    0s] CopyFiles ~/wkspace/gc-studio/p4.2i/.evidence/P42iPlayer/player/Hollowmere_BackUpThisFolder_ButDontShipItWithYourGame/Managed/Unity.Entities.Hybrid.HybridComponents.dll
[ 58/251    0s] CopyFiles ~/wkspace/gc-studio/p4.2i/.evidence/P42iPlayer/player/Hollowmere_BackUpThisFolder_ButDontShipItWithYourGame/Managed/UnityEngine.InputLegacyModule.dll
[ 59/251    0s] CopyFiles ~/wkspace/gc-studio/p4.2i/.evidence/P42iPlayer/player/Hollowmere_BackUpThisFolder_ButDontShipItWithYourGame/Managed/UnityEngine.SubsystemsModule.pdb
[ 60/251    0s] CopyFiles ~/wkspace/gc-studio/p4.2i/.evidence/P42iPlayer/player/Hollowmere_BackUpThisFolder_ButDontShipItWithYourGame/Managed/Unity.Entities.Hybrid.HybridComponents.pdb
[ 61/251    0s] CopyFiles ~/wkspace/gc-studio/p4.2i/.evidence/P42iPlayer/player/Hollowmere_BackUpThisFolder_ButDontShipItWithYourGame/Managed/UnityEngine.HierarchyCoreModule.dll
[ 62/251    0s] CopyFiles ~/wkspace/gc-studio/p4.2i/.evidence/P42iPlayer/player/Hollowmere_BackUpThisFolder_ButDontShipItWithYourGame/Managed/GameCore.Rules.Gameplay.dll
[ 63/251    0s] CopyFiles ~/wkspace/gc-studio/p4.2i/.evidence/P42iPlayer/player/Hollowmere_BackUpThisFolder_ButDontShipItWithYourGame/Managed/UnityEngine.InputLegacyModule.pdb
[ 64/251    0s] CopyFiles ~/wkspace/gc-studio/p4.2i/.evidence/P42iPlayer/player/Hollowmere_BackUpThisFolder_ButDontShipItWithYourGame/Managed/UnityEngine.AnimationModule.dll
[ 65/251    0s] CopyFiles ~/wkspace/gc-studio/p4.2i/.evidence/P42iPlayer/player/Hollowmere_BackUpThisFolder_ButDontShipItWithYourGame/Managed/UnityEngine.HierarchyCoreModule.pdb
[ 66/251    0s] CopyFiles ~/wkspace/gc-studio/p4.2i/.evidence/P42iPlayer/player/Hollowmere_BackUpThisFolder_ButDontShipItWithYourGame/Managed/Unity.RenderPipeline.Universal.ShaderLibrary.dll
[ 67/251    0s] CopyFiles ~/wkspace/gc-studio/p4.2i/.evidence/P42iPlayer/player/Hollowmere_BackUpThisFolder_ButDontShipItWithYourGame/Managed/UnityEngine.AudioModule.pdb
[ 68/251    0s] CopyFiles ~/wkspace/gc-studio/p4.2i/.evidence/P42iPlayer/player/Hollowmere_BackUpThisFolder_ButDontShipItWithYourGame/Managed/GameCore.Unity.Fixtures.pdb
[ 69/251    0s] CopyFiles ~/wkspace/gc-studio/p4.2i/.evidence/P42iPlayer/player/Hollowmere_BackUpThisFolder_ButDontShipItWithYourGame/Managed/GameCore.Unity.App.pdb
[ 70/251    0s] CopyFiles ~/wkspace/gc-studio/p4.2i/.evidence/P42iPlayer/player/Hollowmere_BackUpThisFolder_ButDontShipItWithYourGame/Managed/UnityEngine.VFXModule.dll
[ 71/251    0s] CopyFiles ~/wkspace/gc-studio/p4.2i/.evidence/P42iPlayer/player/Hollowmere_BackUpThisFolder_ButDontShipItWithYourGame/Managed/GameCore.Gameplay.Inventory.dll
[ 72/251    0s] CopyFiles ~/wkspace/gc-studio/p4.2i/.evidence/P42iPlayer/player/Hollowmere_BackUpThisFolder_ButDontShipItWithYourGame/Managed/UnityEngine.InputModule.pdb
[ 73/251    0s] CopyFiles ~/wkspace/gc-studio/p4.2i/.evidence/P42iPlayer/player/Hollowmere_BackUpThisFolder_ButDontShipItWithYourGame/Managed/GameCore.Gameplay.Interaction.dll
[ 74/251    0s] CopyFiles ~/wkspace/gc-studio/p4.2i/.evidence/P42iPlayer/player/Hollowmere_BackUpThisFolder_ButDontShipItWithYourGame/Managed/UnityEngine.PhysicsModule.pdb
[ 75/251    0s] CopyFiles ~/wkspace/gc-studio/p4.2i/.evidence/P42iPlayer/player/Hollowmere_BackUpThisFolder_ButDontShipItWithYourGame/Managed/UnityEngine.UnityAnalyticsCommonModule.dll
[ 76/251    0s] CopyFiles ~/wkspace/gc-studio/p4.2i/.evidence/P42iPlayer/player/Hollowmere_BackUpThisFolder_ButDontShipItWithYourGame/Managed/GameCore.Rules.Cards.dll
[ 77/251    0s] CopyFiles ~/wkspace/gc-studio/p4.2i/.evidence/P42iPlayer/player/Hollowmere_BackUpThisFolder_ButDontShipItWithYourGame/Managed/GameCore.Gameplay.Npc.pdb
[ 78/251    0s] CopyFiles ~/wkspace/gc-studio/p4.2i/.evidence/P42iPlayer/player/Hollowmere_BackUpThisFolder_ButDontShipItWithYourGame/Managed/UnityEngine.UnityAnalyticsCommonModule.pdb
[ 79/251    0s] CopyFiles ~/wkspace/gc-studio/p4.2i/.evidence/P42iPlayer/player/Hollowmere_BackUpThisFolder_ButDontShipItWithYourGame/Managed/GameCore.Unity.Adapters.dll
[ 80/251    0s] CopyFiles ~/wkspace/gc-studio/p4.2i/.evidence/P42iPlayer/player/Hollowmere_BackUpThisFolder_ButDontShipItWithYourGame/Managed/Hollowmere.Boot.dll
[ 81/251    0s] CopyFiles ~/wkspace/gc-studio/p4.2i/.evidence/P42iPlayer/player/Hollowmere_BackUpThisFolder_ButDontShipItWithYourGame/Managed/GameCore.Gameplay.Interaction.pdb
[ 82/251    0s] CopyFiles ~/wkspace/gc-studio/p4.2i/.evidence/P42iPlayer/player/Hollowmere_BackUpThisFolder_ButDontShipItWithYourGame/Managed/Unity.Scenes.pdb
[ 83/251    0s] CopyFiles ~/wkspace/gc-studio/p4.2i/.evidence/P42iPlayer/player/Hollowmere_BackUpThisFolder_ButDontShipItWithYourGame/Managed/Unity.RenderPipeline.Universal.ShaderLibrary.pdb
[ 84/251    0s] CopyFiles ~/wkspace/gc-studio/p4.2i/.evidence/P42iPlayer/player/Hollowmere_BackUpThisFolder_ButDontShipItWithYourGame/Managed/GameCore.Gameplay.Audio.pdb
[ 85/251    0s] CopyFiles ~/wkspace/gc-studio/p4.2i/.evidence/P42iPlayer/player/Hollowmere_BackUpThisFolder_ButDontShipItWithYourGame/Managed/GameCore.Gameplay.Inventory.pdb
[ 86/251    0s] CopyFiles ~/wkspace/gc-studio/p4.2i/.evidence/P42iPlayer/player/Hollowmere_BackUpThisFolder_ButDontShipItWithYourGame/Managed/GameCore.Composition.pdb
[ 87/251    0s] CopyFiles ~/wkspace/gc-studio/p4.2i/.evidence/P42iPlayer/player/Hollowmere_BackUpThisFolder_ButDontShipItWithYourGame/Managed/UnityEngine.VideoModule.pdb
[ 88/251    0s] CopyFiles ~/wkspace/gc-studio/p4.2i/.evidence/P42iPlayer/player/Hollowmere_BackUpThisFolder_ButDontShipItWithYourGame/Managed/UnityEngine.TextCoreFontEngineModule.dll
[ 89/251    0s] CopyFiles ~/wkspace/gc-studio/p4.2i/.evidence/P42iPlayer/player/Hollowmere_BackUpThisFolder_ButDontShipItWithYourGame/Managed/UnityEngine.XRModule.pdb
[ 90/251    0s] CopyFiles ~/wkspace/gc-studio/p4.2i/.evidence/P42iPlayer/player/Hollowmere_BackUpThisFolder_ButDontShipItWithYourGame/Managed/UnityEngine.TextCoreFontEngineModule.pdb
[ 91/251    0s] CopyFiles ~/wkspace/gc-studio/p4.2i/.evidence/P42iPlayer/player/Hollowmere_BackUpThisFolder_ButDontShipItWithYourGame/Managed/analytics.json
[ 92/251    0s] CopyFiles ~/wkspace/gc-studio/p4.2i/.evidence/P42iPlayer/player/Hollowmere_BackUpThisFolder_ButDontShipItWithYourGame/Managed/System.Configuration.dll
[ 93/251    0s] CopyFiles ~/wkspace/gc-studio/p4.2i/.evidence/P42iPlayer/player/Hollowmere_BackUpThisFolder_ButDontShipItWithYourGame/Managed/GameCore.Unity.Fixtures.dll
[ 94/251    0s] CopyFiles ~/wkspace/gc-studio/p4.2i/.evidence/P42iPlayer/player/Hollowmere_BackUpThisFolder_ButDontShipItWithYourGame/Managed/UnityEngine.GridModule.dll
[ 95/251    0s] CopyFiles ~/wkspace/gc-studio/p4.2i/.evidence/P42iPlayer/player/Hollowmere_BackUpThisFolder_ButDontShipItWithYourGame/Managed/GameCore.Gameplay.Logic.pdb
[ 96/251    0s] CopyFiles ~/wkspace/gc-studio/p4.2i/.evidence/P42iPlayer/player/Hollowmere_BackUpThisFolder_ButDontShipItWithYourGame/Managed/UnityEngine.Physics2DModule.dll
[ 97/251    0s] CopyFiles ~/wkspace/gc-studio/p4.2i/.evidence/P42iPlayer/player/Hollowmere_BackUpThisFolder_ButDontShipItWithYourGame/Managed/GameCore.Gameplay.Player.pdb
[ 98/251    0s] CopyFiles ~/wkspace/gc-studio/p4.2i/.evidence/P42iPlayer/player/Hollowmere_BackUpThisFolder_ButDontShipItWithYourGame/Managed/Unity.Burst.dll
[ 99/251    0s] CopyFiles ~/wkspace/gc-studio/p4.2i/.evidence/P42iPlayer/player/Hollowmere_BackUpThisFolder_ButDontShipItWithYourGame/Managed/GameCore.Derivation.dll
[100/251    0s] CopyFiles ~/wkspace/gc-studio/p4.2i/.evidence/P42iPlayer/player/Hollowmere_BackUpThisFolder_ButDontShipItWithYourGame/Managed/UnityEngine.UIModule.dll
[101/251    0s] CopyFiles ~/wkspace/gc-studio/p4.2i/.evidence/P42iPlayer/player/Hollowmere_BackUpThisFolder_ButDontShipItWithYourGame/Managed/System.Core.dll
[102/251    0s] CopyFiles ~/wkspace/gc-studio/p4.2i/.evidence/P42iPlayer/player/Hollowmere_BackUpThisFolder_ButDontShipItWithYourGame/Managed/System.dll
[103/251    0s] CopyFiles ~/wkspace/gc-studio/p4.2i/.evidence/P42iPlayer/player/Hollowmere_BackUpThisFolder_ButDontShipItWithYourGame/Managed/UnityEngine.GridModule.pdb
[104/251    0s] CopyFiles ~/wkspace/gc-studio/p4.2i/.evidence/P42iPlayer/player/Hollowmere_BackUpThisFolder_ButDontShipItWithYourGame/Managed/Hollowmere.World.Generated.pdb
[105/251    0s] CopyFiles ~/wkspace/gc-studio/p4.2i/.evidence/P42iPlayer/player/Hollowmere_BackUpThisFolder_ButDontShipItWithYourGame/Managed/UnityEngine.VRModule.dll
[106/251    0s] CopyFiles ~/wkspace/gc-studio/p4.2i/.evidence/P42iPlayer/player/Hollowmere_BackUpThisFolder_ButDontShipItWithYourGame/Managed/UnityEngine.UIElementsModule.pdb
[107/251    0s] CopyFiles ~/wkspace/gc-studio/p4.2i/.evidence/P42iPlayer/player/Hollowmere_BackUpThisFolder_ButDontShipItWithYourGame/Managed/Unity.Entities.Hybrid.dll
[108/251    0s] CopyFiles ~/wkspace/gc-studio/p4.2i/.evidence/P42iPlayer/player/Hollowmere_BackUpThisFolder_ButDontShipItWithYourGame/Managed/Unity.RenderPipelines.Universal.Runtime.pdb
[109/251    0s] CopyFiles ~/wkspace/gc-studio/p4.2i/.evidence/P42iPlayer/player/Hollowmere_BackUpThisFolder_ButDontShipItWithYourGame/Managed/UnityEngine.dll
[110/251    0s] CopyFiles ~/wkspace/gc-studio/p4.2i/.evidence/P42iPlayer/player/Hollowmere_BackUpThisFolder_ButDontShipItWithYourGame/Managed/Unity.Collections.LowLevel.ILSupport.dll
[111/251    0s] CopyFiles ~/wkspace/gc-studio/p4.2i/.evidence/P42iPlayer/player/Hollowmere_BackUpThisFolder_ButDontShipItWithYourGame/Managed/UnityEngine.UIModule.pdb
[112/251    0s] CopyFiles ~/wkspace/gc-studio/p4.2i/.evidence/P42iPlayer/player/Hollowmere_BackUpThisFolder_ButDontShipItWithYourGame/Managed/UnityEngine.UIElementsModule.dll
[113/251    0s] CopyFiles ~/wkspace/gc-studio/p4.2i/.evidence/P42iPlayer/player/Hollowmere_BackUpThisFolder_ButDontShipItWithYourGame/Managed/Unity.RenderPipelines.Universal.Runtime.dll
[114/251    0s] CopyFiles ~/wkspace/gc-studio/p4.2i/.evidence/P42iPlayer/player/Hollowmere_BackUpThisFolder_ButDontShipItWithYourGame/Managed/GameCore.Gameplay.World.dll
[115/251    0s] CopyFiles ~/wkspace/gc-studio/p4.2i/.evidence/P42iPlayer/player/Hollowmere_BackUpThisFolder_ButDontShipItWithYourGame/Managed/GameCore.Gameplay.Entities.pdb
[116/251    0s] CopyFiles ~/wkspace/gc-studio/p4.2i/.evidence/P42iPlayer/player/Hollowmere_BackUpThisFolder_ButDontShipItWithYourGame/Managed/Unity.InputSystem.pdb
[117/251    0s] CopyFiles ~/wkspace/gc-studio/p4.2i/.evidence/P42iPlayer/player/Hollowmere_BackUpThisFolder_ButDontShipItWithYourGame/Managed/UnityEngine.TilemapModule.dll
[118/251    0s] CopyFiles ~/wkspace/gc-studio/p4.2i/.evidence/P42iPlayer/player/Hollowmere_BackUpThisFolder_ButDontShipItWithYourGame/Managed/GameCore.Derivation.pdb
[119/251    0s] CopyFiles ~/wkspace/gc-studio/p4.2i/.evidence/P42iPlayer/player/Hollowmere_BackUpThisFolder_ButDontShipItWithYourGame/Managed/UnityEngine.Physics2DModule.pdb
[120/251    0s] CopyFiles ~/wkspace/gc-studio/p4.2i/.evidence/P42iPlayer/player/Hollowmere_BackUpThisFolder_ButDontShipItWithYourGame/Managed/GameCore.Gameplay.Logic.dll
[121/251    0s] CopyFiles ~/wkspace/gc-studio/p4.2i/.evidence/P42iPlayer/player/Hollowmere_BackUpThisFolder_ButDontShipItWithYourGame/Managed/UnityEngine.PropertiesModule.pdb
[122/251    0s] CopyFiles ~/wkspace/gc-studio/p4.2i/.evidence/P42iPlayer/player/Hollowmere_BackUpThisFolder_ButDontShipItWithYourGame/Managed/GameCore.Planning.pdb
[123/251    0s] CopyFiles ~/wkspace/gc-studio/p4.2i/.evidence/P42iPlayer/player/Hollowmere_BackUpThisFolder_ButDontShipItWithYourGame/Managed/Unity.Burst.pdb
[124/251    0s] CopyFiles ~/wkspace/gc-studio/p4.2i/.evidence/P42iPlayer/player/Hollowmere_BackUpThisFolder_ButDontShipItWithYourGame/Managed/UnityEngine.pdb
[125/251    0s] CopyFiles ~/wkspace/gc-studio/p4.2i/.evidence/P42iPlayer/player/Hollowmere_BackUpThisFolder_ButDontShipItWithYourGame/Managed/GameCore.Rules.Gameplay.pdb
[126/251    0s] CopyFiles ~/wkspace/gc-studio/p4.2i/.evidence/P42iPlayer/player/Hollowmere_BackUpThisFolder_ButDontShipItWithYourGame/Managed/UnityEngine.TextCoreTextEngineModule.dll
[127/251    0s] CopyFiles ~/wkspace/gc-studio/p4.2i/.evidence/P42iPlayer/player/Hollowmere_BackUpThisFolder_ButDontShipItWithYourGame/Managed/GameCore.Gameplay.Ui.dll
[128/251    0s] CopyFiles ~/wkspace/gc-studio/p4.2i/.evidence/P42iPlayer/player/Hollowmere_BackUpThisFolder_ButDontShipItWithYourGame/Managed/UnityEngine.TextCoreTextEngineModule.pdb
[129/251    0s] CopyFiles ~/wkspace/gc-studio/p4.2i/.evidence/P42iPlayer/player/Hollowmere_BackUpThisFolder_ButDontShipItWithYourGame/Managed/GameCore.Contracts.pdb
[130/251    0s] CopyFiles ~/wkspace/gc-studio/p4.2i/.evidence/P42iPlayer/player/Hollowmere_BackUpThisFolder_ButDontShipItWithYourGame/Managed/UnityEngine.UnityConsentModule.dll
[131/251    0s] CopyFiles ~/wkspace/gc-studio/p4.2i/.evidence/P42iPlayer/player/Hollowmere_BackUpThisFolder_ButDontShipItWithYourGame/Managed/Unity.Entities.Hybrid.pdb
[132/251    0s] CopyFiles ~/wkspace/gc-studio/p4.2i/.evidence/P42iPlayer/player/Hollowmere_BackUpThisFolder_ButDontShipItWithYourGame/Managed/UnityEngine.UnityConsentModule.pdb
[133/251    0s] CopyFiles ~/wkspace/gc-studio/p4.2i/.evidence/P42iPlayer/player/Hollowmere_BackUpThisFolder_ButDontShipItWithYourGame/Managed/UnityEngine.CoreModule.dll
[134/251    0s] CopyFiles ~/wkspace/gc-studio/p4.2i/.evidence/P42iPlayer/player/Hollowmere_BackUpThisFolder_ButDontShipItWithYourGame/Managed/Unity.Collections.pdb
[135/251    0s] CopyFiles ~/wkspace/gc-studio/p4.2i/.evidence/P42iPlayer/player/Hollowmere_BackUpThisFolder_ButDontShipItWithYourGame/Managed/GameCore.Composition.dll
[136/251    0s] CopyFiles ~/wkspace/gc-studio/p4.2i/.evidence/P42iPlayer/player/Hollowmere_BackUpThisFolder_ButDontShipItWithYourGame/Managed/Unity.Mathematics.Extensions.dll
[137/251    0s] CopyFiles ~/wkspace/gc-studio/p4.2i/.evidence/P42iPlayer/player/Hollowmere_BackUpThisFolder_ButDontShipItWithYourGame/Managed/GameCore.Gameplay.Narrative.Fixtures.dll
[138/251    0s] CopyFiles ~/wkspace/gc-studio/p4.2i/.evidence/P42iPlayer/player/Hollowmere_BackUpThisFolder_ButDontShipItWithYourGame/Managed/UnityEngine.PropertiesModule.dll
[139/251    0s] CopyFiles ~/wkspace/gc-studio/p4.2i/.evidence/P42iPlayer/player/Hollowmere_BackUpThisFolder_ButDontShipItWithYourGame/Managed/Hollowmere.Game.dll
[140/251    0s] CopyFiles ~/wkspace/gc-studio/p4.2i/.evidence/P42iPlayer/player/Hollowmere_BackUpThisFolder_ButDontShipItWithYourGame/Managed/Unity.Mathematics.Extensions.pdb
[141/251    0s] CopyFiles ~/wkspace/gc-studio/p4.2i/.evidence/P42iPlayer/player/Hollowmere_BackUpThisFolder_ButDontShipItWithYourGame/Managed/GameCore.Gameplay.Narrative.Fixtures.pdb
[142/251    0s] CopyFiles ~/wkspace/gc-studio/p4.2i/.evidence/P42iPlayer/player/Hollowmere_BackUpThisFolder_ButDontShipItWithYourGame/Managed/Unity.AI.Navigation.dll
[143/251    0s] CopyFiles ~/wkspace/gc-studio/p4.2i/.evidence/P42iPlayer/player/Hollowmere_BackUpThisFolder_ButDontShipItWithYourGame/Managed/GameCore.Rules.Traversal.pdb
[144/251    0s] CopyFiles ~/wkspace/gc-studio/p4.2i/.evidence/P42iPlayer/player/Hollowmere_BackUpThisFolder_ButDontShipItWithYourGame/Managed/GameCore.Gameplay.Cards.dll
[145/251    0s] CopyFiles ~/wkspace/gc-studio/p4.2i/.evidence/P42iPlayer/player/Hollowmere_BackUpThisFolder_ButDontShipItWithYourGame/Managed/UnityEngine.AudioModule.dll
[146/251    0s] CopyFiles ~/wkspace/gc-studio/p4.2i/.evidence/P42iPlayer/player/Hollowmere_BackUpThisFolder_ButDontShipItWithYourGame/Managed/GameCore.Gameplay.Cards.pdb
[147/251    0s] CopyFiles ~/wkspace/gc-studio/p4.2i/.evidence/P42iPlayer/player/Hollowmere_BackUpThisFolder_ButDontShipItWithYourGame/Managed/UnityEngine.AnimationModule.pdb
[148/251    0s] CopyFiles ~/wkspace/gc-studio/p4.2i/.evidence/P42iPlayer/player/Hollowmere_BackUpThisFolder_ButDontShipItWithYourGame/Managed/Unity.Burst.Unsafe.dll
[149/251    0s] CopyFiles ~/wkspace/gc-studio/p4.2i/.evidence/P42iPlayer/player/Hollowmere_BackUpThisFolder_ButDontShipItWithYourGame/Managed/UnityEngine.UnityAnalyticsModule.dll
[150/251    0s] CopyFiles ~/wkspace/gc-studio/p4.2i/.evidence/P42iPlayer/player/Hollowmere_BackUpThisFolder_ButDontShipItWithYourGame/Managed/GameCore.Rules.Cards.pdb
[151/251    0s] CopyFiles ~/wkspace/gc-studio/p4.2i/.evidence/P42iPlayer/player/Hollowmere_BackUpThisFolder_ButDontShipItWithYourGame/Managed/Unity.Transforms.Hybrid.dll
[152/251    0s] CopyFiles ~/wkspace/gc-studio/p4.2i/.evidence/P42iPlayer/player/Hollowmere_BackUpThisFolder_ButDontShipItWithYourGame/Managed/UnityEngine.UnityAnalyticsModule.pdb
[153/251    0s] CopyFiles ~/wkspace/gc-studio/p4.2i/.evidence/P42iPlayer/player/Hollowmere_BackUpThisFolder_ButDontShipItWithYourGame/Managed/Unity.RenderPipelines.Core.Runtime.Shared.dll
[154/251    0s] CopyFiles ~/wkspace/gc-studio/p4.2i/.evidence/P42iPlayer/player/Hollowmere_BackUpThisFolder_ButDontShipItWithYourGame/Managed/Unity.RenderPipelines.Core.Runtime.dll
[155/251    0s] CopyFiles ~/wkspace/gc-studio/p4.2i/.evidence/P42iPlayer/player/Hollowmere_BackUpThisFolder_ButDontShipItWithYourGame/Managed/UnityEngine.TilemapModule.pdb
[156/251    0s] CopyFiles ~/wkspace/gc-studio/p4.2i/.evidence/P42iPlayer/player/Hollowmere_BackUpThisFolder_ButDontShipItWithYourGame/Managed/Unity.RenderPipelines.Core.Runtime.pdb
[157/251    0s] CopyFiles ~/wkspace/gc-studio/p4.2i/.evidence/P42iPlayer/player/Hollowmere_BackUpThisFolder_ButDontShipItWithYourGame/Managed/Unity.RenderPipelines.Core.Runtime.Shared.pdb
[158/251    0s] CopyFiles ~/wkspace/gc-studio/p4.2i/.evidence/P42iPlayer/player/Hollowmere_BackUpThisFolder_ButDontShipItWithYourGame/Managed/GameCore.Planning.dll
[159/251    0s] CopyFiles ~/wkspace/gc-studio/p4.2i/.evidence/P42iPlayer/player/Hollowmere_BackUpThisFolder_ButDontShipItWithYourGame/Managed/Unity.InputSystem.ForUI.dll
[160/251    0s] CopyFiles ~/wkspace/gc-studio/p4.2i/.evidence/P42iPlayer/player/Hollowmere_BackUpThisFolder_ButDontShipItWithYourGame/Managed/GameCore.Rules.Narrative.dll
[161/251    0s] CopyFiles ~/wkspace/gc-studio/p4.2i/.evidence/P42iPlayer/player/Hollowmere_BackUpThisFolder_ButDontShipItWithYourGame/Managed/UnityEngine.JSONSerializeModule.dll
[162/251    0s] CopyFiles ~/wkspace/gc-studio/p4.2i/.evidence/P42iPlayer/player/Hollowmere_BackUpThisFolder_ButDontShipItWithYourGame/Managed/GameCore.Gameplay.Dialogue.dll
[163/251    0s] CopyFiles ~/wkspace/gc-studio/p4.2i/.evidence/P42iPlayer/player/Hollowmere_BackUpThisFolder_ButDontShipItWithYourGame/Managed/Unity.InputSystem.ForUI.pdb
[164/251    0s] CopyFiles ~/wkspace/gc-studio/p4.2i/.evidence/P42iPlayer/player/Hollowmere_BackUpThisFolder_ButDontShipItWithYourGame/Managed/UnityEngine.VideoModule.dll
[165/251    0s] CopyFiles ~/wkspace/gc-studio/p4.2i/.evidence/P42iPlayer/player/Hollowmere_BackUpThisFolder_ButDontShipItWithYourGame/Managed/UnityEngine.InputModule.dll
[166/251    0s] CopyFiles ~/wkspace/gc-studio/p4.2i/.evidence/P42iPlayer/player/Hollowmere_BackUpThisFolder_ButDontShipItWithYourGame/Managed/UnityEngine.DirectorModule.dll
[167/251    0s] CopyFiles ~/wkspace/gc-studio/p4.2i/.evidence/P42iPlayer/player/Hollowmere_BackUpThisFolder_ButDontShipItWithYourGame/Managed/UnityEngine.InputForUIModule.dll
[168/251    0s] CopyFiles ~/wkspace/gc-studio/p4.2i/.evidence/P42iPlayer/player/Hollowmere_BackUpThisFolder_ButDontShipItWithYourGame/Managed/UnityEngine.AccessibilityModule.dll
[169/251    0s] CopyFiles ~/wkspace/gc-studio/p4.2i/.evidence/P42iPlayer/player/Hollowmere_BackUpThisFolder_ButDontShipItWithYourGame/Managed/UnityEngine.JSONSerializeModule.pdb
[170/251    0s] CopyFiles ~/wkspace/gc-studio/p4.2i/.evidence/P42iPlayer/player/Hollowmere_BackUpThisFolder_ButDontShipItWithYourGame/Managed/UnityEngine.AccessibilityModule.pdb
[171/251    0s] CopyFiles ~/wkspace/gc-studio/p4.2i/.evidence/P42iPlayer/player/Hollowmere_BackUpThisFolder_ButDontShipItWithYourGame/Managed/UnityEngine.InputForUIModule.pdb
[172/251    0s] CopyFiles ~/wkspace/gc-studio/p4.2i/.evidence/P42iPlayer/player/Hollowmere_BackUpThisFolder_ButDontShipItWithYourGame/Managed/GameCore.Gameplay.Traversal.dll
[173/251    0s] CopyFiles ~/wkspace/gc-studio/p4.2i/.evidence/P42iPlayer/player/Hollowmere_BackUpThisFolder_ButDontShipItWithYourGame/Managed/GameCore.Gameplay.Narrative.pdb
[174/251    0s] CopyFiles ~/wkspace/gc-studio/p4.2i/.evidence/P42iPlayer/player/Hollowmere_BackUpThisFolder_ButDontShipItWithYourGame/Managed/GameCore.Gameplay.Traversal.pdb
[175/251    0s] CopyFiles ~/wkspace/gc-studio/p4.2i/.evidence/P42iPlayer/player/Hollowmere_BackUpThisFolder_ButDontShipItWithYourGame/Managed/UnityEngine.PhysicsModule.dll
[176/251    0s] CopyFiles ~/wkspace/gc-studio/p4.2i/.evidence/P42iPlayer/player/Hollowmere_BackUpThisFolder_ButDontShipItWithYourGame/Managed/GameCore.Gameplay.Save.dll
[177/251    0s] CopyFiles ~/wkspace/gc-studio/p4.2i/.evidence/P42iPlayer/player/Hollowmere_BackUpThisFolder_ButDontShipItWithYourGame/Managed/Hollowmere.World.Generated.dll
[178/251    0s] CopyFiles ~/wkspace/gc-studio/p4.2i/.evidence/P42iPlayer/player/Hollowmere_BackUpThisFolder_ButDontShipItWithYourGame/Managed/GameCore.Gameplay.Ui.pdb
[179/251    0s] CopyFiles ~/wkspace/gc-studio/p4.2i/.evidence/P42iPlayer/player/Hollowmere_BackUpThisFolder_ButDontShipItWithYourGame/Managed/Unity.Transforms.Hybrid.pdb
[180/251    0s] CopyFiles ~/wkspace/gc-studio/p4.2i/.evidence/P42iPlayer/player/Hollowmere_BackUpThisFolder_ButDontShipItWithYourGame/Managed/GameCore.Gameplay.Audio.dll
[181/251    0s] CopyFiles ~/wkspace/gc-studio/p4.2i/.evidence/P42iPlayer/player/Hollowmere_BackUpThisFolder_ButDontShipItWithYourGame/Managed/Hollowmere.Checkpoint.dll
[182/251    0s] CopyFiles ~/wkspace/gc-studio/p4.2i/.evidence/P42iPlayer/player/Hollowmere_BackUpThisFolder_ButDontShipItWithYourGame/Managed/GameCore.Gameplay.Npc.dll
[183/251    0s] CopyFiles ~/wkspace/gc-studio/p4.2i/.evidence/P42iPlayer/player/Hollowmere_BackUpThisFolder_ButDontShipItWithYourGame/Managed/GameCore.Gameplay.Narrative.dll
[184/251    0s] CopyFiles ~/wkspace/gc-studio/p4.2i/.evidence/P42iPlayer/player/Hollowmere_BackUpThisFolder_ButDontShipItWithYourGame/Managed/UnityEngine.TextRenderingModule.dll
[185/251    0s] CopyFiles ~/wkspace/gc-studio/p4.2i/.evidence/P42iPlayer/player/Hollowmere_BackUpThisFolder_ButDontShipItWithYourGame/Managed/UnityEngine.XRModule.dll
[186/251    0s] CopyFiles ~/wkspace/gc-studio/p4.2i/.evidence/P42iPlayer/player/Hollowmere_BackUpThisFolder_ButDontShipItWithYourGame/Managed/UnityEngine.IMGUIModule.dll
[187/251    0s] CopyFiles ~/wkspace/gc-studio/p4.2i/.evidence/P42iPlayer/player/Hollowmere_BackUpThisFolder_ButDontShipItWithYourGame/Managed/UnityEngine.TextRenderingModule.pdb
[188/251    0s] CopyFiles ~/wkspace/gc-studio/p4.2i/.evidence/P42iPlayer/player/Hollowmere_BackUpThisFolder_ButDontShipItWithYourGame/Managed/Hollowmere.Boot.pdb
[189/251    0s] CopyFiles ~/wkspace/gc-studio/p4.2i/.evidence/P42iPlayer/player/Hollowmere_BackUpThisFolder_ButDontShipItWithYourGame/Managed/Unity.Entities.dll
[190/251    0s] CopyFiles ~/wkspace/gc-studio/p4.2i/.evidence/P42iPlayer/player/Hollowmere_BackUpThisFolder_ButDontShipItWithYourGame/Managed/Unity.Mathematics.pdb
[191/251    0s] CopyFiles ~/wkspace/gc-studio/p4.2i/.evidence/P42iPlayer/player/Hollowmere_BackUpThisFolder_ButDontShipItWithYourGame/Managed/UnityLinkerToEditorData.json
[192/251    0s] CopyFiles ~/wkspace/gc-studio/p4.2i/.evidence/P42iPlayer/player/Hollowmere_BackUpThisFolder_ButDontShipItWithYourGame/Managed/GameCore.Gameplay.Contracts.pdb
[193/251    0s] CopyFiles ~/wkspace/gc-studio/p4.2i/.evidence/P42iPlayer/player/Hollowmere_BackUpThisFolder_ButDontShipItWithYourGame/Managed/GameCore.Rules.Traversal.dll
[194/251    0s] CopyFiles ~/wkspace/gc-studio/p4.2i/.evidence/P42iPlayer/player/Hollowmere_BackUpThisFolder_ButDontShipItWithYourGame/Managed/UnityEngine.VFXModule.pdb
[195/251    0s] CopyFiles ~/wkspace/gc-studio/p4.2i/.evidence/P42iPlayer/player/Hollowmere_BackUpThisFolder_ButDontShipItWithYourGame/Managed/Hollowmere.Game.pdb
[196/251    0s] CopyFiles ~/wkspace/gc-studio/p4.2i/.evidence/P42iPlayer/player/Hollowmere_BackUpThisFolder_ButDontShipItWithYourGame/Managed/Unity.Collections.dll
[197/251    0s] CopyFiles ~/wkspace/gc-studio/p4.2i/.evidence/P42iPlayer/player/Hollowmere_BackUpThisFolder_ButDontShipItWithYourGame/Managed/Unity.Transforms.pdb
[198/251    0s] CopyFiles ~/wkspace/gc-studio/p4.2i/.evidence/P42iPlayer/player/Hollowmere_BackUpThisFolder_ButDontShipItWithYourGame/Managed/Hollowmere.UiAudio.pdb
[199/251    0s] CopyFiles ~/wkspace/gc-studio/p4.2i/.evidence/P42iPlayer/player/Hollowmere_BackUpThisFolder_ButDontShipItWithYourGame/Managed/GameCore.Unity.Runtime.dll
[200/251    0s] CopyFiles ~/wkspace/gc-studio/p4.2i/.evidence/P42iPlayer/player/Hollowmere_BackUpThisFolder_ButDontShipItWithYourGame/Managed/Unity.InputSystem.dll
[201/251    0s] CopyFiles ~/wkspace/gc-studio/p4.2i/.evidence/P42iPlayer/player/Hollowmere_BackUpThisFolder_ButDontShipItWithYourGame/Managed/GameCore.Gameplay.Quest.dll
[202/251    0s] CopyFiles ~/wkspace/gc-studio/p4.2i/.evidence/P42iPlayer/player/Hollowmere_BackUpThisFolder_ButDontShipItWithYourGame/Managed/GameCore.Contracts.dll
[203/251    0s] CopyFiles ~/wkspace/gc-studio/p4.2i/.evidence/P42iPlayer/player/Hollowmere_BackUpThisFolder_ButDontShipItWithYourGame/Managed/UnityEngine.UnityWebRequestModule.pdb
[204/251    0s] CopyFiles ~/wkspace/gc-studio/p4.2i/.evidence/P42iPlayer/player/Hollowmere_BackUpThisFolder_ButDontShipItWithYourGame/Managed/GameCore.Unity.Runtime.pdb
[205/251    0s] CopyFiles ~/wkspace/gc-studio/p4.2i/.evidence/P42iPlayer/player/Hollowmere_BackUpThisFolder_ButDontShipItWithYourGame/Managed/UnityEngine.UI.dll
[206/251    0s] CopyFiles ~/wkspace/gc-studio/p4.2i/.evidence/P42iPlayer/player/Hollowmere_BackUpThisFolder_ButDontShipItWithYourGame/Managed/UnityEngine.IMGUIModule.pdb
[207/251    0s] CopyFiles ~/wkspace/gc-studio/p4.2i/.evidence/P42iPlayer/player/Hollowmere_BackUpThisFolder_ButDontShipItWithYourGame/Managed/Unity.Mathematics.dll
[208/251    0s] CopyFiles ~/wkspace/gc-studio/p4.2i/.evidence/P42iPlayer/player/Hollowmere_BackUpThisFolder_ButDontShipItWithYourGame/Managed/Unity.Serialization.dll
[209/251    0s] CopyFiles ~/wkspace/gc-studio/p4.2i/.evidence/P42iPlayer/player/Hollowmere_BackUpThisFolder_ButDontShipItWithYourGame/Managed/UnityEngine.UnityWebRequestModule.dll
[210/251    0s] CopyFiles ~/wkspace/gc-studio/p4.2i/.evidence/P42iPlayer/player/Hollowmere_BackUpThisFolder_ButDontShipItWithYourGame/Managed/UnityEngine.UI.pdb
[211/251    0s] CopyFiles ~/wkspace/gc-studio/p4.2i/.evidence/P42iPlayer/player/Hollowmere_BackUpThisFolder_ButDontShipItWithYourGame/Managed/Hollowmere.Narrative.dll
[212/251    0s] CopyFiles ~/wkspace/gc-studio/p4.2i/.evidence/P42iPlayer/player/Hollowmere_BackUpThisFolder_ButDontShipItWithYourGame/Managed/GameCore.Gameplay.Contracts.dll
[213/251    0s] CopyFiles ~/wkspace/gc-studio/p4.2i/.evidence/P42iPlayer/player/Hollowmere_BackUpThisFolder_ButDontShipItWithYourGame/Managed/UnityEngine.SharedInternalsModule.dll
[214/251    0s] CopyFiles ~/wkspace/gc-studio/p4.2i/.evidence/P42iPlayer/player/Hollowmere_BackUpThisFolder_ButDontShipItWithYourGame/Managed/Mono.Security.dll
[215/251    0s] CopyFiles ~/wkspace/gc-studio/p4.2i/.evidence/P42iPlayer/player/Hollowmere_BackUpThisFolder_ButDontShipItWithYourGame/Managed/mscorlib.dll
[216/251    0s] CopyFiles ~/wkspace/gc-studio/p4.2i/.evidence/P42iPlayer/player/Hollowmere_BackUpThisFolder_ButDontShipItWithYourGame/Managed/UnityEngine.AIModule.dll
[217/251    0s] CopyFiles ~/wkspace/gc-studio/p4.2i/.evidence/P42iPlayer/player/Hollowmere_BackUpThisFolder_ButDontShipItWithYourGame/Managed/UnityEngine.VRModule.pdb
[218/251    0s] CopyFiles ~/wkspace/gc-studio/p4.2i/.evidence/P42iPlayer/player/Hollowmere_BackUpThisFolder_ButDontShipItWithYourGame/Managed/UnityEngine.SharedInternalsModule.pdb
[219/251    0s] CopyFiles ~/wkspace/gc-studio/p4.2i/.evidence/P42iPlayer/player/Hollowmere_BackUpThisFolder_ButDontShipItWithYourGame/Managed/Hollowmere.Checkpoint.pdb
[220/251    0s] CopyFiles ~/wkspace/gc-studio/p4.2i/.evidence/P42iPlayer/player/Hollowmere_BackUpThisFolder_ButDontShipItWithYourGame/Managed/UnityEngine.TerrainModule.pdb
[221/251    0s] CopyFiles ~/wkspace/gc-studio/p4.2i/.evidence/P42iPlayer/player/Hollowmere_BackUpThisFolder_ButDontShipItWithYourGame/Managed/UnityEngine.AndroidJNIModule.dll
[222/251    0s] CopyFiles ~/wkspace/gc-studio/p4.2i/.evidence/P42iPlayer/player/Hollowmere_BackUpThisFolder_ButDontShipItWithYourGame/Managed/UnityEngine.AndroidJNIModule.pdb
[223/251    0s] CopyFiles ~/wkspace/gc-studio/p4.2i/.evidence/P42iPlayer/player/Hollowmere_BackUpThisFolder_ButDontShipItWithYourGame/Managed/GameCore.Gameplay.Dialogue.pdb
[224/251    0s] CopyFiles ~/wkspace/gc-studio/p4.2i/.evidence/P42iPlayer/player/Hollowmere_BackUpThisFolder_ButDontShipItWithYourGame/Managed/Unity.Entities.pdb
[225/251    0s] CopyFiles ~/wkspace/gc-studio/p4.2i/.evidence/P42iPlayer/player/Hollowmere_BackUpThisFolder_ButDontShipItWithYourGame/Managed/UnityEngine.DirectorModule.pdb
[226/251    0s] CopyFiles ~/wkspace/gc-studio/p4.2i/.evidence/P42iPlayer/player/Hollowmere_BackUpThisFolder_ButDontShipItWithYourGame/Managed/GameCore.Gameplay.World.pdb
[227/251    0s] CopyFiles ~/wkspace/gc-studio/p4.2i/.evidence/P42iPlayer/player/Hollowmere_BackUpThisFolder_ButDontShipItWithYourGame/Managed/UnityEngine.CoreModule.pdb
[228/251    0s] CopyFiles ~/wkspace/gc-studio/p4.2i/.evidence/P42iPlayer/player/Hollowmere_BackUpThisFolder_ButDontShipItWithYourGame/Managed/UnityEngine.ContentLoadModule.dll
[229/251    0s] CopyFiles ~/wkspace/gc-studio/p4.2i/.evidence/P42iPlayer/player/Hollowmere_BackUpThisFolder_ButDontShipItWithYourGame/Managed/System.Xml.dll
[230/251    0s] CopyFiles ~/wkspace/gc-studio/p4.2i/.evidence/P42iPlayer/player/Hollowmere_BackUpThisFolder_ButDontShipItWithYourGame/Managed/UnityEngine.ContentLoadModule.pdb
[231/251    0s] CopyFiles ~/wkspace/gc-studio/p4.2i/.evidence/P42iPlayer/player/Hollowmere_BackUpThisFolder_ButDontShipItWithYourGame/Managed/GameCore.Gameplay.Player.dll
[232/251    0s] CopyFiles ~/wkspace/gc-studio/p4.2i/.evidence/P42iPlayer/player/Hollowmere_BackUpThisFolder_ButDontShipItWithYourGame/Managed/UnityEngine.ParticleSystemModule.dll
[233/251    0s] CopyFiles ~/wkspace/gc-studio/p4.2i/.evidence/P42iPlayer/player/Hollowmere_BackUpThisFolder_ButDontShipItWithYourGame/Managed/UnityEngine.AIModule.pdb
[234/251    0s] CopyFiles ~/wkspace/gc-studio/p4.2i/.evidence/P42iPlayer/player/Hollowmere_BackUpThisFolder_ButDontShipItWithYourGame/Managed/GameCore.Derivation.Fixtures.dll
[235/251    0s] CopyFiles ~/wkspace/gc-studio/p4.2i/.evidence/P42iPlayer/player/Hollowmere_BackUpThisFolder_ButDontShipItWithYourGame/Managed/GameCore.Derivation.Fixtures.pdb
[236/251    0s] CopyFiles ~/wkspace/gc-studio/p4.2i/.evidence/P42iPlayer/player/Hollowmere_BackUpThisFolder_ButDontShipItWithYourGame/Managed/UnityEngine.ParticleSystemModule.pdb
[BUSY       6s] IL2CPP_CodeGen ~/wkspace/gc-studio/p4.2i/games/hollowmere/Library/Bee/artifacts/il2cpp_conv_1kcj.traceevents
[W] opendir() failed: ~/wkspace/gc-studio/p4.2i/games/hollowmere/Library/Bee/artifacts/LinuxPlayerBuildProgram/il2cppOutput/cpp/Symbols
[238/251   11s] IL2CPP_CodeGen ~/wkspace/gc-studio/p4.2i/games/hollowmere/Library/Bee/artifacts/il2cpp_conv_1kcj.traceevents
~/Unity/Hub/Editor/6000.0.75f1/Editor/Data/il2cpp/build/deploy/il2cpp --convert-to-cpp --assembly=Library/Bee/artifacts/LinuxPlayerBuildProgram/ManagedStripped/GameCore.Composition.dll --assembly=Library/Bee/artifacts/LinuxPlayerBuildProgram/ManagedStripped/GameCore.Contracts.dll --assembly=Library/Bee/artifacts/LinuxPlayerBuildProgram/ManagedStripped/GameCore.Derivation.Fixtures.dll --assembly=Library/Bee/artifacts/LinuxPlayerBuildProgram/ManagedStripped/GameCore.Derivation.dll --assembly=Library/Bee/artifacts/LinuxPlayerBuildProgram/ManagedStripped/GameCore.Gameplay.Audio.dll --assembly=Library/Bee/artifacts/LinuxPlayerBuildProgram/ManagedStripped/GameCore.Gameplay.Cards.dll --assembly=Library/Bee/artifacts/LinuxPlayerBuildProgram/ManagedStripped/GameCore.Gameplay.Contracts.dll --assembly=Library/Bee/artifacts/LinuxPlayerBuildProgram/ManagedStripped/GameCore.Gameplay.Dialogue.dll --assembly=Library/Bee/artifacts/LinuxPlayerBuildProgram/ManagedStripped/GameCore.Gameplay.Entities.dll --assembly=Library/Bee/artifacts/LinuxPlayerBuildProgram/ManagedStripped/GameCore.Gameplay.Interaction.dll --assembly=Library/Bee/artifacts/LinuxPlayerBuildProgram/ManagedStripped/GameCore.Gameplay.Inventory.dll --assembly=Library/Bee/artifacts/LinuxPlayerBuildProgram/ManagedStripped/GameCore.Gameplay.Logic.dll --assembly=Library/Bee/artifacts/LinuxPlayerBuildProgram/ManagedStripped/GameCore.Gameplay.Narrative.Fixtures.dll --assembly=Library/Bee/artifacts/LinuxPlayerBuildProgram/ManagedStripped/GameCore.Gameplay.Narrative.dll --assembly=Library/Bee/artifacts/LinuxPlayerBuildProgram/ManagedStripped/GameCore.Gameplay.Npc.dll --assembly=Library/Bee/artifacts/LinuxPlayerBuildProgram/ManagedStripped/GameCore.Gameplay.Player.dll --assembly=Library/Bee/artifacts/LinuxPlayerBuildProgram/ManagedStripped/GameCore.Gameplay.Quest.dll --assembly=Library/Bee/artifacts/LinuxPlayerBuildProgram/ManagedStripped/GameCore.Gameplay.Save.dll --assembly=Library/Bee/artifacts/LinuxPlayerBuildProgram/ManagedStripped/GameCore.Gameplay.Traversal.dll --assembly=Library/Bee/artifacts/LinuxPlayerBuildProgram/ManagedStripped/GameCore.Gameplay.Ui.dll --assembly=Library/Bee/artifacts/LinuxPlayerBuildProgram/ManagedStripped/GameCore.Gameplay.World.dll --assembly=Library/Bee/artifacts/LinuxPlayerBuildProgram/ManagedStripped/GameCore.Planning.dll --assembly=Library/Bee/artifacts/LinuxPlayerBuildProgram/ManagedStripped/GameCore.Rules.Cards.dll --assembly=Library/Bee/artifacts/LinuxPlayerBuildProgram/ManagedStripped/GameCore.Rules.Gameplay.dll --assembly=Library/Bee/artifacts/LinuxPlayerBuildProgram/ManagedStripped/GameCore.Rules.Narrative.dll --assembly=Library/Bee/artifacts/LinuxPlayerBuildProgram/ManagedStripped/GameCore.Rules.Traversal.dll --assembly=Library/Bee/artifacts/LinuxPlayerBuildProgram/ManagedStripped/GameCore.Unity.Adapters.dll --assembly=Library/Bee/artifacts/LinuxPlayerBuildProgram/ManagedStripped/GameCore.Unity.App.dll --assembly=Library/Bee/artifacts/LinuxPlayerBuildProgram/ManagedStripped/GameCore.Unity.Fixtures.dll --assembly=Library/Bee/artifacts/LinuxPlayerBuildProgram/ManagedStripped/GameCore.Unity.Runtime.dll --assembly=Library/Bee/artifacts/LinuxPlayerBuildProgram/ManagedStripped/Hollowmere.Boot.dll --assembly=Library/Bee/artifacts/LinuxPlayerBuildProgram/ManagedStripped/Hollowmere.Checkpoint.dll --assembly=Library/Bee/artifacts/LinuxPlayerBuildProgram/ManagedStripped/Hollowmere.Game.dll --assembly=Library/Bee/artifacts/LinuxPlayerBuildProgram/ManagedStripped/Hollowmere.Narrative.dll --assembly=Library/Bee/artifacts/LinuxPlayerBuildProgram/ManagedStripped/Hollowmere.UiAudio.dll --assembly=Library/Bee/artifacts/LinuxPlayerBuildProgram/ManagedStripped/Hollowmere.World.Generated.dll --assembly=Library/Bee/artifacts/LinuxPlayerBuildProgram/ManagedStripped/Mono.Security.dll --assembly=Library/Bee/artifacts/LinuxPlayerBuildProgram/ManagedStripped/System.Configuration.dll --assembly=Library/Bee/artifacts/LinuxPlayerBuildProgram/ManagedStripped/System.Core.dll --assembly=Library/Bee/artifacts/LinuxPlayerBuildProgram/ManagedStripped/System.Xml.dll --assembly=Library/Bee/artifacts/LinuxPlayerBuildProgram/ManagedStripped/System.dll --assembly=Library/Bee/artifacts/LinuxPlayerBuildProgram/ManagedStripped/Unity.AI.Navigation.dll --assembly=Library/Bee/artifacts/LinuxPlayerBuildProgram/ManagedStripped/Unity.Burst.Unsafe.dll --assembly=Library/Bee/artifacts/LinuxPlayerBuildProgram/ManagedStripped/Unity.Burst.dll --assembly=Library/Bee/artifacts/LinuxPlayerBuildProgram/ManagedStripped/Unity.Collections.LowLevel.ILSupport.dll --assembly=Library/Bee/artifacts/LinuxPlayerBuildProgram/ManagedStripped/Unity.Collections.dll --assembly=Library/Bee/artifacts/LinuxPlayerBuildProgram/ManagedStripped/Unity.Entities.Hybrid.HybridComponents.dll --assembly=Library/Bee/artifacts/LinuxPlayerBuildProgram/ManagedStripped/Unity.Entities.Hybrid.dll --assembly=Library/Bee/artifacts/LinuxPlayerBuildProgram/ManagedStripped/Unity.Entities.dll --assembly=Library/Bee/artifacts/LinuxPlayerBuildProgram/ManagedStripped/Unity.InputSystem.ForUI.dll --assembly=Library/Bee/artifacts/LinuxPlayerBuildProgram/ManagedStripped/Unity.InputSystem.dll --assembly=Library/Bee/artifacts/LinuxPlayerBuildProgram/ManagedStripped/Unity.Mathematics.Extensions.dll --assembly=Library/Bee/artifacts/LinuxPlayerBuildProgram/ManagedStripped/Unity.Mathematics.dll --assembly=Library/Bee/artifacts/LinuxPlayerBuildProgram/ManagedStripped/Unity.RenderPipeline.Universal.ShaderLibrary.dll --assembly=Library/Bee/artifacts/LinuxPlayerBuildProgram/ManagedStripped/Unity.RenderPipelines.Core.Runtime.Shared.dll --assembly=Library/Bee/artifacts/LinuxPlayerBuildProgram/ManagedStripped/Unity.RenderPipelines.Core.Runtime.dll --assembly=Library/Bee/artifacts/LinuxPlayerBuildProgram/ManagedStripped/Unity.RenderPipelines.GPUDriven.Runtime.dll --assembly=Library/Bee/artifacts/LinuxPlayerBuildProgram/ManagedStripped/Unity.RenderPipelines.Universal.Runtime.dll --assembly=Library/Bee/artifacts/LinuxPlayerBuildProgram/ManagedStripped/Unity.Scenes.dll --assembly=Library/Bee/artifacts/LinuxPlayerBuildProgram/ManagedStripped/Unity.Serialization.dll --assembly=Library/Bee/artifacts/LinuxPlayerBuildProgram/ManagedStripped/Unity.Transforms.Hybrid.dll --assembly=Library/Bee/artifacts/LinuxPlayerBuildProgram/ManagedStripped/Unity.Transforms.dll --assembly=Library/Bee/artifacts/LinuxPlayerBuildProgram/ManagedStripped/UnityEngine.AIModule.dll --assembly=Library/Bee/artifacts/LinuxPlayerBuildProgram/ManagedStripped/UnityEngine.AccessibilityModule.dll --assembly=Library/Bee/artifacts/LinuxPlayerBuildProgram/ManagedStripped/UnityEngine.AndroidJNIModule.dll --assembly=Library/Bee/artifacts/LinuxPlayerBuildProgram/ManagedStripped/UnityEngine.AnimationModule.dll --assembly=Library/Bee/artifacts/LinuxPlayerBuildProgram/ManagedStripped/UnityEngine.AssetBundleModule.dll --assembly=Library/Bee/artifacts/LinuxPlayerBuildProgram/ManagedStripped/UnityEngine.AudioModule.dll --assembly=Library/Bee/artifacts/LinuxPlayerBuildProgram/ManagedStripped/UnityEngine.ContentLoadModule.dll --assembly=Library/Bee/artifacts/LinuxPlayerBuildProgram/ManagedStripped/UnityEngine.CoreModule.dll --assembly=Library/Bee/artifacts/LinuxPlayerBuildProgram/ManagedStripped/UnityEngine.DirectorModule.dll --assembly=Library/Bee/artifacts/LinuxPlayerBuildProgram/ManagedStripped/UnityEngine.GridModule.dll --assembly=Library/Bee/artifacts/LinuxPlayerBuildProgram/ManagedStripped/UnityEngine.HierarchyCoreModule.dll --assembly=Library/Bee/artifacts/LinuxPlayerBuildProgram/ManagedStripped/UnityEngine.IMGUIModule.dll --assembly=Library/Bee/artifacts/LinuxPlayerBuildProgram/ManagedStripped/UnityEngine.InputForUIModule.dll --assembly=Library/Bee/artifacts/LinuxPlayerBuildProgram/ManagedStripped/UnityEngine.InputLegacyModule.dll --assembly=Library/Bee/artifacts/LinuxPlayerBuildProgram/ManagedStripped/UnityEngine.InputModule.dll --assembly=Library/Bee/artifacts/LinuxPlayerBuildProgram/ManagedStripped/UnityEngine.JSONSerializeModule.dll --assembly=Library/Bee/artifacts/Li~/wkspace/gc-studio/p4.2i/games/hollowmere/Library/PackageCache/com.unity.burst@07790c2d06d9/.Runtime/bcl.exe exited after 36296 ms.
stdout:
Starting 1 library requests
Done
stderr:

nuxPlayerBuildProgram/ManagedStripped/UnityEngine.ParticleSystemModule.dll --assembly=Library/Bee/artifacts/LinuxPlayerBuildProgram/ManagedStripped/UnityEngine.Physics2DModule.dll --assembly=Library/Bee/artifacts/LinuxPlayerBuildProgram/ManagedStripped/UnityEngine.PhysicsModule.dll --assembly=Library/Bee/artifacts/LinuxPlayerBuildProgram/ManagedStripped/UnityEngine.PropertiesModule.dll --assembly=Library/Bee/artifacts/LinuxPlayerBuildProgram/ManagedStripped/UnityEngine.SharedInternalsModule.dll --assembly=Library/Bee/artifacts/LinuxPlayerBuildProgram/ManagedStripped/UnityEngine.SubsystemsModule.dll --assembly=Library/Bee/artifacts/LinuxPlayerBuildProgram/ManagedStripped/UnityEngine.TerrainModule.dll --assembly=Library/Bee/artifacts/LinuxPlayerBuildProgram/ManagedStripped/UnityEngine.TextCoreFontEngineModule.dll --assembly=Library/Bee/artifacts/LinuxPlayerBuildProgram/ManagedStripped/UnityEngine.TextCoreTextEngineModule.dll --assembly=Library/Bee/artifacts/LinuxPlayerBuildProgram/ManagedStripped/UnityEngine.TextRenderingModule.dll --assembly=Library/Bee/artifacts/LinuxPlayerBuildProgram/ManagedStripped/UnityEngine.TilemapModule.dll --assembly=Library/Bee/artifacts/LinuxPlayerBuildProgram/ManagedStripped/UnityEngine.UI.dll --assembly=Library/Bee/artifacts/LinuxPlayerBuildProgram/ManagedStripped/UnityEngine.UIElementsModule.dll --assembly=Library/Bee/artifacts/LinuxPlayerBuildProgram/ManagedStripped/UnityEngine.UIModule.dll --assembly=Library/Bee/artifacts/LinuxPlayerBuildProgram/ManagedStripped/UnityEngine.UnityAnalyticsCommonModule.dll --assembly=Library/Bee/artifacts/LinuxPlayerBuildProgram/ManagedStripped/UnityEngine.UnityAnalyticsModule.dll --assembly=Library/Bee/artifacts/LinuxPlayerBuildProgram/ManagedStripped/UnityEngine.UnityConsentModule.dll --assembly=Library/Bee/artifacts/LinuxPlayerBuildProgram/ManagedStripped/UnityEngine.UnityWebRequestModule.dll --assembly=Library/Bee/artifacts/LinuxPlayerBuildProgram/ManagedStripped/UnityEngine.VFXModule.dll --assembly=Library/Bee/artifacts/LinuxPlayerBuildProgram/ManagedStripped/UnityEngine.VRModule.dll --assembly=Library/Bee/artifacts/LinuxPlayerBuildProgram/ManagedStripped/UnityEngine.VideoModule.dll --assembly=Library/Bee/artifacts/LinuxPlayerBuildProgram/ManagedStripped/UnityEngine.XRModule.dll --assembly=Library/Bee/artifacts/LinuxPlayerBuildProgram/ManagedStripped/UnityEngine.dll --assembly=Library/Bee/artifacts/LinuxPlayerBuildProgram/ManagedStripped/mscorlib.dll --extra-types-file=Temp/extra-types.txt --generatedcppdir=~/wkspace/gc-studio/p4.2i/games/hollowmere/Library/Bee/artifacts/LinuxPlayerBuildProgram/il2cppOutput/cpp --symbols-folder=~/wkspace/gc-studio/p4.2i/games/hollowmere/Library/Bee/artifacts/LinuxPlayerBuildProgram/il2cppOutput/cpp/Symbols --enable-analytics --emit-null-checks --enable-array-bounds-check --dotnetprofile=unityaot-linux --usymtool-path=~/Unity/Hub/Editor/6000.0.75f1/Editor/Data/Tools/usymtool --profiler-report --profiler-output-file=~/wkspace/gc-studio/p4.2i/games/hollowmere/Library/Bee/artifacts/il2cpp_conv_1kcj.traceevents --print-command-line --static-lib-il2-cpp --data-folder=~/wkspace/gc-studio/p4.2i/games/hollowmere/Library/Bee/artifacts/LinuxPlayerBuildProgram/il2cppOutput/data
WARNING: Cannot add extra type Unity.Entities.FastEquality+ManagedGetHashCodeImpl`1[Unity.Entities.Editor.EntitySelectionProxy]. Skipping.
[239/251   36s] GenerateNativePluginsForAssemblies Library/Bee/artifacts/LinuxPlayerBuildProgram/AsyncPluginsFromLinker
*** Tundra requires additional run (36.43 seconds), 200 items updated, 251 evaluated
*** Additional run caused by: contents change of ~/wkspace/gc-studio/p4.2i/games/hollowmere/Library/Bee/artifacts/LinuxPlayerBuildProgram/il2cppOutput/cpp
Starting: ~/Unity/Hub/Editor/6000.0.75f1/Editor/Data/Tools/netcorerun/netcorerun "~/Unity/Hub/Editor/6000.0.75f1/Editor/Data/PlaybackEngines/LinuxStandaloneSupport/LinuxPlayerBuildProgram.exe" "~/Unity/Hub/Editor/6000.0.75f1/Editor/Data/PlaybackEngines/LinuxStandaloneSupport/Bee:~/Unity/Hub/Editor/6000.0.75f1/Editor/Data/Tools/BuildPipeline" "Library/Bee/Playerb5e48780.dag.json" "Library/Bee/Playerb5e48780-inputdata.json" "Library/Bee/buildprogram2.traceevents"
WorkingDir: ~/wkspace/gc-studio/p4.2i/games/hollowmere
ExitCode: 4 Duration: 36s
ExitCode: 0 Duration: 0s738ms
Starting: ~/Unity/Hub/Editor/6000.0.75f1/Editor/Data/bee_backend --ipc --dagfile="Library/Bee/Playerb5e48780.dag" --dagfilejson="Library/Bee/Playerb5e48780.dag.json" --profile="Library/Bee/backend4.traceevents" Player
WorkingDir: ~/wkspace/gc-studio/p4.2i/games/hollowmere
Finished compiling graph: 1702 nodes, 4867 flattened edges (4865 ToBuild, 2 ToUse), maximum node priority 1482
[  37/1513  0s] WriteResponseFile Library/Bee/artifacts/rsp/8219746636988738590.rsp
[ 239/1513  0s] CopyFiles ~/wkspace/gc-studio/p4.2i/.evidence/P42iPlayer/player/Hollowmere_Data/Plugins/lib_burst_generated.so
[ 241/1513  0s] C_Linux_x64_Clang Library/Bee/artifacts/LinuxPlayerBuildProgram/zbz95/jdkqktqy35a1.o
[ 242/1513  0s] C_Linux_x64_Clang Library/Bee/artifacts/LinuxPlayerBuildProgram/zbz95/auwxwqpgqv68.o
[ 243/1513  0s] C_Linux_x64_Clang Library/Bee/artifacts/LinuxPlayerBuildProgram/zbz95/1hze6hxeflct.o
[ 244/1513  0s] C_Linux_x64_Clang Library/Bee/artifacts/LinuxPlayerBuildProgram/zbz95/qtnghub7cxyy.o
[ 245/1513  0s] C_Linux_x64_Clang Library/Bee/artifacts/LinuxPlayerBuildProgram/zbz95/jm619pt87jri.o
[ 246/1513  0s] C_Linux_x64_Clang Library/Bee/artifacts/LinuxPlayerBuildProgram/zbz95/k5t938a6d2rx.o
[ 247/1513  0s] C_Linux_x64_Clang Library/Bee/artifacts/LinuxPlayerBuildProgram/zbz95/yh7m7pbysatd.o
[ 248/1513  0s] C_Linux_x64_Clang Library/Bee/artifacts/LinuxPlayerBuildProgram/zbz95/muspm9k7jw4k.o
[ 249/1513  2s] C_Linux_x64_Clang Library/Bee/artifacts/LinuxPlayerBuildProgram/zbz95/6yleom5ueham.o
[ 250/1513  2s] C_Linux_x64_Clang Library/Bee/artifacts/LinuxPlayerBuildProgram/zbz95/12hfr0cv71wd.o
[ 251/1513  1s] C_Linux_x64_Clang Library/Bee/artifacts/LinuxPlayerBuildProgram/zbz95/alzppmvzwsul.o
[ 252/1513  3s] C_Linux_x64_Clang Library/Bee/artifacts/LinuxPlayerBuildProgram/zbz95/kr1uoj75hsm5.o
[ 253/1513  1s] C_Linux_x64_Clang Library/Bee/artifacts/LinuxPlayerBuildProgram/zbz95/64yysv99wlma.o
[ 254/1513  1s] C_Linux_x64_Clang Library/Bee/artifacts/LinuxPlayerBuildProgram/zbz95/tzirs1wnejfe.o
[ 255/1513  5s] C_Linux_x64_Clang Library/Bee/artifacts/LinuxPlayerBuildProgram/zbz95/vmy81drmjbf7.o
[ 256/1513  1s] C_Linux_x64_Clang Library/Bee/artifacts/LinuxPlayerBuildProgram/zbz95/g2ybchb5bcfk.o
[ 257/1513  8s] C_Linux_x64_Clang Library/Bee/artifacts/LinuxPlayerBuildProgram/zbz95/qm7eo5br3r0c.o
[ 258/1513 10s] C_Linux_x64_Clang Library/Bee/artifacts/LinuxPlayerBuildProgram/zbz95/vk4pwlis2usl.o
[ 259/1513 10s] C_Linux_x64_Clang Library/Bee/artifacts/LinuxPlayerBuildProgram/zbz95/awycomlng11t.o
[ 260/1513 10s] C_Linux_x64_Clang Library/Bee/artifacts/LinuxPlayerBuildProgram/zbz95/v7n01lcaa6xo.o
[ 261/1513  0s] C_Linux_x64_Clang Library/Bee/artifacts/LinuxPlayerBuildProgram/zbz95/0pa23plhhgo9.o
[ 262/1513  0s] C_Linux_x64_Clang Library/Bee/artifacts/LinuxPlayerBuildProgram/zbz95/isw04covw6nq.o
[ 263/1513 11s] C_Linux_x64_Clang Library/Bee/artifacts/LinuxPlayerBuildProgram/zbz95/gbs41wwrdt05.o
[ 264/1513 12s] C_Linux_x64_Clang Library/Bee/artifacts/LinuxPlayerBuildProgram/zbz95/wsyqu8jjgn9c.o
[ 265/1513  0s] C_Linux_x64_Clang Library/Bee/artifacts/LinuxPlayerBuildProgram/zbz95/vf8g1gsurdaw.o
[ 266/1513 15s] C_Linux_x64_Clang Library/Bee/artifacts/LinuxPlayerBuildProgram/zbz95/eqa9r18uol3n.o
[ 267/1513 13s] C_Linux_x64_Clang Library/Bee/artifacts/LinuxPlayerBuildProgram/zbz95/pbqezr02wk5y.o
[ 268/1513 15s] C_Linux_x64_Clang Library/Bee/artifacts/LinuxPlayerBuildProgram/zbz95/e04lpo1qr3m9.o
[ 269/1513  0s] C_Linux_x64_Clang Library/Bee/artifacts/LinuxPlayerBuildProgram/zbz95/mchw25njr3ql.o
[ 270/1513 17s] C_Linux_x64_Clang Library/Bee/artifacts/LinuxPlayerBuildProgram/zbz95/1rm2ohu1nqhc.o
[ 271/1513 12s] C_Linux_x64_Clang Library/Bee/artifacts/LinuxPlayerBuildProgram/zbz95/do8oquejvkff.o
[ 272/1513 18s] C_Linux_x64_Clang Library/Bee/artifacts/LinuxPlayerBuildProgram/zbz95/24aflwqbwhkd.o
[ 273/1513 18s] C_Linux_x64_Clang Library/Bee/artifacts/LinuxPlayerBuildProgram/zbz95/d2ei2vdoqjpf.o
[ 274/1513 19s] C_Linux_x64_Clang Library/Bee/artifacts/LinuxPlayerBuildProgram/zbz95/ezdcidiekuhm.o
[ 275/1513  0s] C_Linux_x64_Clang Library/Bee/artifacts/LinuxPlayerBuildProgram/zbz95/41qq5t33se4p.o
[ 276/1513 20s] C_Linux_x64_Clang Library/Bee/artifacts/LinuxPlayerBuildProgram/zbz95/3s7j8ncu6mxb.o
[ 277/1513  3s] C_Linux_x64_Clang Library/Bee/artifacts/LinuxPlayerBuildProgram/zbz95/g0kkyysxfrhn.o
[ 278/1513 19s] C_Linux_x64_Clang Library/Bee/artifacts/LinuxPlayerBuildProgram/zbz95/1liuc6jpzdd2.o
[ 279/1513  0s] C_Linux_x64_Clang Library/Bee/artifacts/LinuxPlayerBuildProgram/zbz95/lmo8trppi4i4.o
[ 280/1513  1s] C_Linux_x64_Clang Library/Bee/artifacts/LinuxPlayerBuildProgram/zbz95/c74ld7oawmu7.o
[ 281/1513 21s] C_Linux_x64_Clang Library/Bee/artifacts/LinuxPlayerBuildProgram/zbz95/2ug2n9xftz0r.o
[ 282/1513 16s] C_Linux_x64_Clang Library/Bee/artifacts/LinuxPlayerBuildProgram/zbz95/po63tr6kp9zv.o
[ 283/1513 12s] C_Linux_x64_Clang Library/Bee/artifacts/LinuxPlayerBuildProgram/zbz95/1p7loakboabp.o
[ 284/1513  8s] C_Linux_x64_Clang Library/Bee/artifacts/LinuxPlayerBuildProgram/zbz95/2rupqwkt3spg.o
[ 285/1513 20s] C_Linux_x64_Clang Library/Bee/artifacts/LinuxPlayerBuildProgram/zbz95/vgr3rxlt5ecn.o
[ 286/1513  8s] C_Linux_x64_Clang Library/Bee/artifacts/LinuxPlayerBuildProgram/zbz95/blldkkjljerq.o
[ 287/1513 25s] C_Linux_x64_Clang Library/Bee/artifacts/LinuxPlayerBuildProgram/zbz95/3h8zuoipgdez.o
[ 288/1513 11s] C_Linux_x64_Clang Library/Bee/artifacts/LinuxPlayerBuildProgram/zbz95/tahjkphs0sxd.o
[ 289/1513  0s] C_Linux_x64_Clang Library/Bee/artifacts/LinuxPlayerBuildProgram/zbz95/vy13vi362wye.o
[ 290/1513 17s] C_Linux_x64_Clang Library/Bee/artifacts/LinuxPlayerBuildProgram/zbz95/sxj4u99tfnhb.o
[ 291/1513 19s] C_Linux_x64_Clang Library/Bee/artifacts/LinuxPlayerBuildProgram/zbz95/1v1vso7sxr9p.o
[ 292/1513  1s] C_Linux_x64_Clang Library/Bee/artifacts/LinuxPlayerBuildProgram/zbz95/vz3tttrwg6i7.o
[ 293/1513 19s] C_Linux_x64_Clang Library/Bee/artifacts/LinuxPlayerBuildProgram/zbz95/ieur23qxy4rp.o
[ 294/1513  2s] C_Linux_x64_Clang Library/Bee/artifacts/LinuxPlayerBuildProgram/zbz95/aaydyjjjw7dd.o
[ 295/1513  0s] C_Linux_x64_Clang Library/Bee/artifacts/LinuxPlayerBuildProgram/zbz95/2n3bpobl4awa.o
[ 296/1513 19s] C_Linux_x64_Clang Library/Bee/artifacts/LinuxPlayerBuildProgram/zbz95/jxluxe6iwvci.o
[ 297/1513 11s] C_Linux_x64_Clang Library/Bee/artifacts/LinuxPlayerBuildProgram/zbz95/e43xbd5q00rr.o
[ 298/1513 16s] C_Linux_x64_Clang Library/Bee/artifacts/LinuxPlayerBuildProgram/zbz95/n663yufez7vc.o
[ 299/1513 12s] C_Linux_x64_Clang Library/Bee/artifacts/LinuxPlayerBuildProgram/zbz95/2qkrg2vln94c.o
[ 300/1513 21s] C_Linux_x64_Clang Library/Bee/artifacts/LinuxPlayerBuildProgram/zbz95/8svbqt05imbk.o
[ 301/1513 10s] C_Linux_x64_Clang Library/Bee/artifacts/LinuxPlayerBuildProgram/zbz95/a6rbonn76fmp.o
[ 302/1513 13s] C_Linux_x64_Clang Library/Bee/artifacts/LinuxPlayerBuildProgram/zbz95/qezh4orhhwdt.o
[ 303/1513 16s] C_Linux_x64_Clang Library/Bee/artifacts/LinuxPlayerBuildProgram/zbz95/izr55ber3l6e.o
[ 304/1513  2s] C_Linux_x64_Clang Library/Bee/artifacts/LinuxPlayerBuildProgram/zbz95/6zgxlp8c6ki7.o
[ 305/1513  9s] C_Linux_x64_Clang Library/Bee/artifacts/LinuxPlayerBuildProgram/zbz95/wso6g1yq6w90.o
[ 306/1513  0s] C_Linux_x64_Clang Library/Bee/artifacts/LinuxPlayerBuildProgram/zbz95/wyhtz1m5znon.o
[ 307/1513 14s] C_Linux_x64_Clang Library/Bee/artifacts/LinuxPlayerBuildProgram/zbz95/6wdqlpbrsom0.o
[ 308/1513 16s] C_Linux_x64_Clang Library/Bee/artifacts/LinuxPlayerBuildProgram/zbz95/tjao233gh652.o
[ 309/1513 14s] C_Linux_x64_Clang Library/Bee/artifacts/LinuxPlayerBuildProgram/zbz95/dgmqn98oeksv.o
[ 310/1513 15s] C_Linux_x64_Clang Library/Bee/artifacts/LinuxPlayerBuildProgram/zbz95/q5h5x3rw5391.o
[ 311/1513 11s] C_Linux_x64_Clang Library/Bee/artifacts/LinuxPlayerBuildProgram/zbz95/ap22exue9yne.o
[ 312/1513  0s] C_Linux_x64_Clang Library/Bee/artifacts/LinuxPlayerBuildProgram/zbz95/5kvw8k9x138o.o
[ 313/1513  0s] C_Linux_x64_Clang Library/Bee/artifacts/LinuxPlayerBuildProgram/zbz95/uug7iprlui39.o
[ 314/1513  9s] C_Linux_x64_Clang Library/Bee/artifacts/LinuxPlayerBuildProgram/zbz95/a501gc4uz6g2.o
[ 315/1513 18s] C_Linux_x64_Clang Library/Bee/artifacts/LinuxPlayerBuildProgram/zbz95/zh6n3jgbxg1a.o
[ 316/1513 18s] C_Linux_x64_Clang Library/Bee/artifacts/LinuxPlayerBuildProgram/zbz95/fau372ytsyfm.o
[ 317/1513 25s] C_Linux_x64_Clang Library/Bee/artifacts/LinuxPlayerBuildProgram/zbz95/kb0km89y9esy.o
[ 318/1513 17s] C_Linux_x64_Clang Library/Bee/artifacts/LinuxPlayerBuildProgram/zbz95/bdv2ez5ldzxt.o
[ 319/1513 11s] C_Linux_x64_Clang Library/Bee/artifacts/LinuxPlayerBuildProgram/zbz95/znk3ny5uir73.o
[ 320/1513 12s] C_Linux_x64_Clang Library/Bee/artifacts/LinuxPlayerBuildProgram/zbz95/5jipqsh2vc0t.o
[ 321/1513  1s] C_Linux_x64_Clang Library/Bee/artifacts/LinuxPlayerBuildProgram/zbz95/9enp0gdebwe2.o
[ 322/1513  0s] C_Linux_x64_Clang Library/Bee/artifacts/LinuxPlayerBuildProgram/zbz95/qing0fgah9g9.o
[ 323/1513 14s] C_Linux_x64_Clang Library/Bee/artifacts/LinuxPlayerBuildProgram/zbz95/n4sj235r2r6c.o
[ 324/1513  0s] C_Linux_x64_Clang Library/Bee/artifacts/LinuxPlayerBuildProgram/zbz95/hzxezk6f6idj.o
[ 325/1513 15s] C_Linux_x64_Clang Library/Bee/artifacts/LinuxPlayerBuildProgram/zbz95/duij3ulfqq8b.o
[ 326/1513  0s] C_Linux_x64_Clang Library/Bee/artifacts/LinuxPlayerBuildProgram/zbz95/i505yy46vjkm.o
[ 327/1513  0s] C_Linux_x64_Clang Library/Bee/artifacts/LinuxPlayerBuildProgram/zbz95/hm1vkydptooz.o
[ 328/1513  4s] C_Linux_x64_Clang Library/Bee/artifacts/LinuxPlayerBuildProgram/zbz95/a5c36rylws8q.o
[ 329/1513 18s] C_Linux_x64_Clang Library/Bee/artifacts/LinuxPlayerBuildProgram/zbz95/fzlzjs85zwpq.o
[ 330/1513 16s] C_Linux_x64_Clang Library/Bee/artifacts/LinuxPlayerBuildProgram/zbz95/pgvo8c7pddqa.o
[ 331/1513 15s] C_Linux_x64_Clang Library/Bee/artifacts/LinuxPlayerBuildProgram/zbz95/6ynpmx4ug5kx.o
[ 332/1513 14s] C_Linux_x64_Clang Library/Bee/artifacts/LinuxPlayerBuildProgram/zbz95/fm2xabm4ijyp.o
[ 333/1513 18s] C_Linux_x64_Clang Library/Bee/artifacts/LinuxPlayerBuildProgram/zbz95/7ps9x0l30ye3.o
[ 334/1513 12s] C_Linux_x64_Clang Library/Bee/artifacts/LinuxPlayerBuildProgram/zbz95/ga4x805dlmz5.o
[ 335/1513  0s] C_Linux_x64_Clang Library/Bee/artifacts/LinuxPlayerBuildProgram/zbz95/pdokz5zr6d43.o
[ 336/1513 16s] C_Linux_x64_Clang Library/Bee/artifacts/LinuxPlayerBuildProgram/zbz95/hyn5y9qpsuqx.o
[ 337/1513  0s] C_Linux_x64_Clang Library/Bee/artifacts/LinuxPlayerBuildProgram/zbz95/ytas3c4va80g.o
[ 338/1513 20s] C_Linux_x64_Clang Library/Bee/artifacts/LinuxPlayerBuildProgram/zbz95/wq6m2ew1rezq.o
[ 339/1513 19s] C_Linux_x64_Clang Library/Bee/artifacts/LinuxPlayerBuildProgram/zbz95/3txfid5u1s38.o
[ 340/1513 17s] C_Linux_x64_Clang Library/Bee/artifacts/LinuxPlayerBuildProgram/zbz95/od0aczc0v074.o
[ 341/1513  2s] C_Linux_x64_Clang Library/Bee/artifacts/LinuxPlayerBuildProgram/zbz95/6xwq413yvju0.o
[ 342/1513  5s] C_Linux_x64_Clang Library/Bee/artifacts/LinuxPlayerBuildProgram/zbz95/05gwnvkz00rb.o
[ 343/1513 12s] C_Linux_x64_Clang Library/Bee/artifacts/LinuxPlayerBuildProgram/zbz95/ve9jdbj4qw1c.o
[ 344/1513 17s] C_Linux_x64_Clang Library/Bee/artifacts/LinuxPlayerBuildProgram/zbz95/gieksifsw0w1.o
[ 345/1513 29s] C_Linux_x64_Clang Library/Bee/artifacts/LinuxPlayerBuildProgram/zbz95/g8j7uvmwtidg.o
[ 346/1513 21s] C_Linux_x64_Clang Library/Bee/artifacts/LinuxPlayerBuildProgram/zbz95/1vzot5q0k6xa.o
[ 347/1513 10s] C_Linux_x64_Clang Library/Bee/artifacts/LinuxPlayerBuildProgram/zbz95/bktmwnhffpnn.o
[ 348/1513 17s] C_Linux_x64_Clang Library/Bee/artifacts/LinuxPlayerBuildProgram/zbz95/6h8sdl54wwxn.o
[ 349/1513 12s] C_Linux_x64_Clang Library/Bee/artifacts/LinuxPlayerBuildProgram/zbz95/nfa7o6oxugab.o
[ 350/1513  2s] C_Linux_x64_Clang Library/Bee/artifacts/LinuxPlayerBuildProgram/zbz95/bdhxvsoax7cn.o
[ 351/1513 15s] C_Linux_x64_Clang Library/Bee/artifacts/LinuxPlayerBuildProgram/zbz95/ixtyzwe8tytu.o
[ 352/1513  3s] C_Linux_x64_Clang Library/Bee/artifacts/LinuxPlayerBuildProgram/zbz95/2z8k98o8pt7l.o
[ 353/1513  0s] C_Linux_x64_Clang Library/Bee/artifacts/LinuxPlayerBuildProgram/zbz95/wln3hwnev1lo.o
[ 354/1513  0s] C_Linux_x64_Clang Library/Bee/artifacts/LinuxPlayerBuildProgram/zbz95/556yoyp7d1ht.o
[ 355/1513 12s] C_Linux_x64_Clang Library/Bee/artifacts/LinuxPlayerBuildProgram/zbz95/n7xd65yq6g1z.o
[ 356/1513  3s] C_Linux_x64_Clang Library/Bee/artifacts/LinuxPlayerBuildProgram/zbz95/tt23jotfwcjc.o
[ 357/1513 12s] C_Linux_x64_Clang Library/Bee/artifacts/LinuxPlayerBuildProgram/zbz95/yej805dnrjf9.o
[ 358/1513 18s] C_Linux_x64_Clang Library/Bee/artifacts/LinuxPlayerBuildProgram/zbz95/8o9ms4si9rhk.o
[ 359/1513 18s] C_Linux_x64_Clang Library/Bee/artifacts/LinuxPlayerBuildProgram/zbz95/i787qek3heo1.o
[ 360/1513 24s] C_Linux_x64_Clang Library/Bee/artifacts/LinuxPlayerBuildProgram/zbz95/6pkmwlvblw6y.o
[ 361/1513 17s] C_Linux_x64_Clang Library/Bee/artifacts/LinuxPlayerBuildProgram/zbz95/rche1ypovcyj.o
[ 362/1513  0s] C_Linux_x64_Clang Library/Bee/artifacts/LinuxPlayerBuildProgram/zbz95/uwuj96rk1bjz.o
[ 363/1513  7s] C_Linux_x64_Clang Library/Bee/artifacts/LinuxPlayerBuildProgram/zbz95/y8y22ys28k15.o
[ 364/1513 17s] C_Linux_x64_Clang Library/Bee/artifacts/LinuxPlayerBuildProgram/zbz95/ae446ndevfv0.o
[ 365/1513 18s] C_Linux_x64_Clang Library/Bee/artifacts/LinuxPlayerBuildProgram/zbz95/1xh87rtpzo8k.o
[ 366/1513  0s] C_Linux_x64_Clang Library/Bee/artifacts/LinuxPlayerBuildProgram/zbz95/jpg38af10f6u.o
[ 367/1513 20s] C_Linux_x64_Clang Library/Bee/artifacts/LinuxPlayerBuildProgram/zbz95/ggw0dwc3himr.o
[ 368/1513 17s] C_Linux_x64_Clang Library/Bee/artifacts/LinuxPlayerBuildProgram/zbz95/13bic6g7856l.o
[ 369/1513 19s] C_Linux_x64_Clang Library/Bee/artifacts/LinuxPlayerBuildProgram/zbz95/er1izcs7vu8a.o
[ 370/1513 26s] C_Linux_x64_Clang Library/Bee/artifacts/LinuxPlayerBuildProgram/zbz95/yncgmjf32ozz.o
[ 371/1513 17s] C_Linux_x64_Clang Library/Bee/artifacts/LinuxPlayerBuildProgram/zbz95/kvbyk7tlxfac.o
[ 372/1513 12s] C_Linux_x64_Clang Library/Bee/artifacts/LinuxPlayerBuildProgram/zbz95/ygrwau88lyvb.o
[ 373/1513 21s] C_Linux_x64_Clang Library/Bee/artifacts/LinuxPlayerBuildProgram/zbz95/sk1ule6mzefz.o
[ 374/1513 13s] C_Linux_x64_Clang Library/Bee/artifacts/LinuxPlayerBuildProgram/zbz95/ute5t0tb06jc.o
[ 375/1513 16s] C_Linux_x64_Clang Library/Bee/artifacts/LinuxPlayerBuildProgram/zbz95/xswtigpimzh5.o
[ 376/1513 13s] C_Linux_x64_Clang Library/Bee/artifacts/LinuxPlayerBuildProgram/zbz95/g9ah26580ri3.o
[ 377/1513 19s] C_Linux_x64_Clang Library/Bee/artifacts/LinuxPlayerBuildProgram/zbz95/zdkwuvusalec.o
[ 378/1513  0s] C_Linux_x64_Clang Library/Bee/artifacts/LinuxPlayerBuildProgram/zbz95/n7dhw1nafp83.o
[ 379/1513  2s] C_Linux_x64_Clang Library/Bee/artifacts/LinuxPlayerBuildProgram/zbz95/acscwpbsa4th.o
[ 380/1513  4s] C_Linux_x64_Clang Library/Bee/artifacts/LinuxPlayerBuildProgram/zbz95/jru1kyvyxgpm.o
[ 381/1513  0s] C_Linux_x64_Clang Library/Bee/artifacts/LinuxPlayerBuildProgram/zbz95/lh0x4xu654xf.o
[ 382/1513 19s] C_Linux_x64_Clang Library/Bee/artifacts/LinuxPlayerBuildProgram/zbz95/2jiw7vumftg5.o
[ 383/1513 12s] C_Linux_x64_Clang Library/Bee/artifacts/LinuxPlayerBuildProgram/zbz95/ui1z44xq4uet.o
[ 384/1513 27s] C_Linux_x64_Clang Library/Bee/artifacts/LinuxPlayerBuildProgram/zbz95/k8lhykutufm0.o
[ 385/1513 18s] C_Linux_x64_Clang Library/Bee/artifacts/LinuxPlayerBuildProgram/zbz95/vncn3msnm5fb.o
[ 386/1513 14s] C_Linux_x64_Clang Library/Bee/artifacts/LinuxPlayerBuildProgram/zbz95/cqm2dx036p77.o
[ 387/1513  0s] C_Linux_x64_Clang Library/Bee/artifacts/LinuxPlayerBuildProgram/zbz95/lkhh0avffjxb.o
[ 388/1513 12s] C_Linux_x64_Clang Library/Bee/artifacts/LinuxPlayerBuildProgram/zbz95/5qa9hnxg63yo.o
[ 389/1513  1s] C_Linux_x64_Clang Library/Bee/artifacts/LinuxPlayerBuildProgram/zbz95/ttwpivcp1mll.o
[ 390/1513  0s] C_Linux_x64_Clang Library/Bee/artifacts/LinuxPlayerBuildProgram/zbz95/wn4oywc96j11.o
[ 391/1513 14s] C_Linux_x64_Clang Library/Bee/artifacts/LinuxPlayerBuildProgram/zbz95/g46kq7pxw2wh.o
[ 392/1513  9s] C_Linux_x64_Clang Library/Bee/artifacts/LinuxPlayerBuildProgram/zbz95/fxded3sb09kp.o
[ 393/1513  1s] C_Linux_x64_Clang Library/Bee/artifacts/LinuxPlayerBuildProgram/zbz95/i6ld3sqzau6e.o
[ 394/1513  1s] C_Linux_x64_Clang Library/Bee/artifacts/LinuxPlayerBuildProgram/zbz95/zt69lmd3rv1l.o
[ 395/1513 19s] C_Linux_x64_Clang Library/Bee/artifacts/LinuxPlayerBuildProgram/zbz95/nq8c5jsq8mux.o
[ 396/1513 23s] C_Linux_x64_Clang Library/Bee/artifacts/LinuxPlayerBuildProgram/zbz95/vgnqkpr58by3.o
[ 397/1513  0s] C_Linux_x64_Clang Library/Bee/artifacts/LinuxPlayerBuildProgram/zbz95/xuort4zimqu5.o
[ 398/1513 14s] C_Linux_x64_Clang Library/Bee/artifacts/LinuxPlayerBuildProgram/zbz95/ct3ra5ddf82c.o
[ 399/1513  0s] C_Linux_x64_Clang Library/Bee/artifacts/LinuxPlayerBuildProgram/zbz95/s1bze452ezgd.o
[ 400/1513  0s] C_Linux_x64_Clang Library/Bee/artifacts/LinuxPlayerBuildProgram/zbz95/eacnouudt3nv.o
[ 401/1513  3s] C_Linux_x64_Clang Library/Bee/artifacts/LinuxPlayerBuildProgram/zbz95/e8ozl30i647x.o
[ 402/1513 10s] C_Linux_x64_Clang Library/Bee/artifacts/LinuxPlayerBuildProgram/zbz95/h8ruwado9klk.o
[ 403/1513 17s] C_Linux_x64_Clang Library/Bee/artifacts/LinuxPlayerBuildProgram/zbz95/tqo769zmname.o
[ 404/1513 18s] C_Linux_x64_Clang Library/Bee/artifacts/LinuxPlayerBuildProgram/zbz95/zeh0xmwbnit5.o
[ 405/1513 24s] C_Linux_x64_Clang Library/Bee/artifacts/LinuxPlayerBuildProgram/zbz95/wkcdy08jix0p.o
[ 406/1513 19s] C_Linux_x64_Clang Library/Bee/artifacts/LinuxPlayerBuildProgram/zbz95/6xwffmli9vfa.o
[ 407/1513  0s] C_Linux_x64_Clang Library/Bee/artifacts/LinuxPlayerBuildProgram/zbz95/ro8rp0hypgl5.o
[ 408/1513 33s] C_Linux_x64_Clang Library/Bee/artifacts/LinuxPlayerBuildProgram/zbz95/oqg06yiiop21.o
[ 409/1513  9s] C_Linux_x64_Clang Library/Bee/artifacts/LinuxPlayerBuildProgram/zbz95/gez6zawkcmtp.o
[ 410/1513 17s] C_Linux_x64_Clang Library/Bee/artifacts/LinuxPlayerBuildProgram/zbz95/k9j5esgtx7lc.o
[ 411/1513 20s] C_Linux_x64_Clang Library/Bee/artifacts/LinuxPlayerBuildProgram/zbz95/yhi6h5rlt70y.o
[ 412/1513 16s] C_Linux_x64_Clang Library/Bee/artifacts/LinuxPlayerBuildProgram/zbz95/8tmlx4jiqvg7.o
[ 413/1513  0s] C_Linux_x64_Clang Library/Bee/artifacts/LinuxPlayerBuildProgram/zbz95/9ynsft7fpk9n.o
[ 414/1513 19s] C_Linux_x64_Clang Library/Bee/artifacts/LinuxPlayerBuildProgram/zbz95/7hggf0vwcz5r.o
[ 415/1513 19s] C_Linux_x64_Clang Library/Bee/artifacts/LinuxPlayerBuildProgram/zbz95/ersodcg6hxwa.o
[ 416/1513  0s] C_Linux_x64_Clang Library/Bee/artifacts/LinuxPlayerBuildProgram/zbz95/dit2e29c2gam.o
[ 417/1513  4s] C_Linux_x64_Clang Library/Bee/artifacts/LinuxPlayerBuildProgram/zbz95/yll9efwvmr0w.o
[ 418/1513 10s] C_Linux_x64_Clang Library/Bee/artifacts/LinuxPlayerBuildProgram/zbz95/weh7eq9v6y9g.o
[ 419/1513  4s] C_Linux_x64_Clang Library/Bee/artifacts/LinuxPlayerBuildProgram/zbz95/8fo7jmkchvcb.o
[ 420/1513  8s] C_Linux_x64_Clang Library/Bee/artifacts/LinuxPlayerBuildProgram/zbz95/7pacbdqqxicb.o
[ 421/1513  3s] C_Linux_x64_Clang Library/Bee/artifacts/LinuxPlayerBuildProgram/zbz95/0r5rwwlrxzjq.o
[ 422/1513 12s] C_Linux_x64_Clang Library/Bee/artifacts/LinuxPlayerBuildProgram/zbz95/pqon8d993ra6.o
[ 423/1513  8s] C_Linux_x64_Clang Library/Bee/artifacts/LinuxPlayerBuildProgram/zbz95/soegfj9v45g1.o
[ 424/1513 15s] C_Linux_x64_Clang Library/Bee/artifacts/LinuxPlayerBuildProgram/zbz95/xwdwc4vw7q5j.o
[ 425/1513  0s] C_Linux_x64_Clang Library/Bee/artifacts/LinuxPlayerBuildProgram/zbz95/r8tgqq8t04re.o
[ 426/1513 37s] C_Linux_x64_Clang Library/Bee/artifacts/LinuxPlayerBuildProgram/zbz95/picupdj3fs1u.o
[ 427/1513 12s] C_Linux_x64_Clang Library/Bee/artifacts/LinuxPlayerBuildProgram/zbz95/gq3oeuaros9h.o
[ 428/1513 23s] C_Linux_x64_Clang Library/Bee/artifacts/LinuxPlayerBuildProgram/zbz95/8pqhmr76exgx.o
[ 429/1513 14s] C_Linux_x64_Clang Library/Bee/artifacts/LinuxPlayerBuildProgram/zbz95/4939y0ws3ktb.o
[ 430/1513 13s] C_Linux_x64_Clang Library/Bee/artifacts/LinuxPlayerBuildProgram/zbz95/m7pq4q8yqetv.o
[ 431/1513 11s] C_Linux_x64_Clang Library/Bee/artifacts/LinuxPlayerBuildProgram/zbz95/o4w7ln3g0rt6.o
[ 432/1513 14s] C_Linux_x64_Clang Library/Bee/artifacts/LinuxPlayerBuildProgram/zbz95/x0i7eo0hkpqs.o
[ 433/1513 38s] C_Linux_x64_Clang Library/Bee/artifacts/LinuxPlayerBuildProgram/zbz95/u9xweto78l0u.o
[ 434/1513 13s] C_Linux_x64_Clang Library/Bee/artifacts/LinuxPlayerBuildProgram/zbz95/6yup22dfa6f4.o
[ 435/1513 17s] C_Linux_x64_Clang Library/Bee/artifacts/LinuxPlayerBuildProgram/zbz95/art2e1e0z8gi.o
[ 436/1513  5s] C_Linux_x64_Clang Library/Bee/artifacts/LinuxPlayerBuildProgram/zbz95/hexldx03xv2k.o
[ 437/1513  0s] C_Linux_x64_Clang Library/Bee/artifacts/LinuxPlayerBuildProgram/zbz95/ddjxrxhg4tce.o
[ 438/1513 19s] C_Linux_x64_Clang Library/Bee/artifacts/LinuxPlayerBuildProgram/zbz95/0m1gi2carkal.o
[ 439/1513 12s] C_Linux_x64_Clang Library/Bee/artifacts/LinuxPlayerBuildProgram/zbz95/wpgrsp30w8st.o
[ 440/1513 10s] C_Linux_x64_Clang Library/Bee/artifacts/LinuxPlayerBuildProgram/zbz95/igcbhqtmdn2z.o
[ 441/1513  0s] C_Linux_x64_Clang Library/Bee/artifacts/LinuxPlayerBuildProgram/zbz95/c2jp2wakpkc0.o
[ 442/1513 26s] C_Linux_x64_Clang Library/Bee/artifacts/LinuxPlayerBuildProgram/zbz95/0fgx6c6fau6w.o
[ 443/1513 17s] C_Linux_x64_Clang Library/Bee/artifacts/LinuxPlayerBuildProgram/zbz95/oasd5x24bqkf.o
[ 444/1513  8s] C_Linux_x64_Clang Library/Bee/artifacts/LinuxPlayerBuildProgram/zbz95/9rgo2s0n9hzb.o
[ 445/1513 17s] C_Linux_x64_Clang Library/Bee/artifacts/LinuxPlayerBuildProgram/zbz95/2q3fjl1gwjkt.o
[ 446/1513  3s] C_Linux_x64_Clang Library/Bee/artifacts/LinuxPlayerBuildProgram/zbz95/whbei4wqey96.o
[ 447/1513 22s] C_Linux_x64_Clang Library/Bee/artifacts/LinuxPlayerBuildProgram/zbz95/njp0sd2o4h2o.o
[ 448/1513 17s] C_Linux_x64_Clang Library/Bee/artifacts/LinuxPlayerBuildProgram/zbz95/3s65a2liujyl.o
[ 449/1513 15s] C_Linux_x64_Clang Library/Bee/artifacts/LinuxPlayerBuildProgram/zbz95/b4hfbgba8zjj.o
[ 450/1513 11s] C_Linux_x64_Clang Library/Bee/artifacts/LinuxPlayerBuildProgram/zbz95/axo8xbeob77q.o
[ 451/1513  1s] C_Linux_x64_Clang Library/Bee/artifacts/LinuxPlayerBuildProgram/zbz95/5yo7kvfewuvg.o
[ 452/1513 18s] C_Linux_x64_Clang Library/Bee/artifacts/LinuxPlayerBuildProgram/zbz95/sefvnl7hn2ws.o
[ 453/1513  3s] C_Linux_x64_Clang Library/Bee/artifacts/LinuxPlayerBuildProgram/zbz95/509xcyqpv62g.o
[ 454/1513  0s] C_Linux_x64_Clang Library/Bee/artifacts/LinuxPlayerBuildProgram/zbz95/3usv1hpe9qxz.o
[ 455/1513 18s] C_Linux_x64_Clang Library/Bee/artifacts/LinuxPlayerBuildProgram/zbz95/m1lisfym21ol.o
[ 456/1513 18s] C_Linux_x64_Clang Library/Bee/artifacts/LinuxPlayerBuildProgram/zbz95/va00ykwtl4xy.o
[ 457/1513 19s] C_Linux_x64_Clang Library/Bee/artifacts/LinuxPlayerBuildProgram/zbz95/ftha2pg0oblf.o
[ 458/1513  5s] C_Linux_x64_Clang Library/Bee/artifacts/LinuxPlayerBuildProgram/zbz95/bt4qo3yhatv3.o
[ 459/1513 19s] C_Linux_x64_Clang Library/Bee/artifacts/LinuxPlayerBuildProgram/zbz95/9enrck6ymmsj.o
[ 460/1513 18s] C_Linux_x64_Clang Library/Bee/artifacts/LinuxPlayerBuildProgram/zbz95/0egtd1a2onp9.o
[ 461/1513 26s] C_Linux_x64_Clang Library/Bee/artifacts/LinuxPlayerBuildProgram/zbz95/ugjgqiv1pc4i.o
[ 462/1513 24s] C_Linux_x64_Clang Library/Bee/artifacts/LinuxPlayerBuildProgram/zbz95/ndsnakm8fyz0.o
[ 463/1513  1s] C_Linux_x64_Clang Library/Bee/artifacts/LinuxPlayerBuildProgram/zbz95/g4tu8n79skke.o
[ 464/1513 26s] C_Linux_x64_Clang Library/Bee/artifacts/LinuxPlayerBuildProgram/zbz95/ucxfy9x180oo.o
[ 465/1513  3s] C_Linux_x64_Clang Library/Bee/artifacts/LinuxPlayerBuildProgram/zbz95/lqn93564afqh.o
[ 466/1513  0s] C_Linux_x64_Clang Library/Bee/artifacts/LinuxPlayerBuildProgram/zbz95/vzj6uz1k8xa9.o
[ 467/1513 11s] C_Linux_x64_Clang Library/Bee/artifacts/LinuxPlayerBuildProgram/zbz95/hvb51a75gwqn.o
[ 468/1513 16s] C_Linux_x64_Clang Library/Bee/artifacts/LinuxPlayerBuildProgram/zbz95/4qbd4zwla6ku.o
[ 469/1513  8s] C_Linux_x64_Clang Library/Bee/artifacts/LinuxPlayerBuildProgram/zbz95/a7gewwskyj5w.o
[ 470/1513 26s] C_Linux_x64_Clang Library/Bee/artifacts/LinuxPlayerBuildProgram/zbz95/vsgjfm8yqu1w.o
[ 471/1513  1s] C_Linux_x64_Clang Library/Bee/artifacts/LinuxPlayerBuildProgram/zbz95/ccmrgx81zow4.o
[ 472/1513  0s] C_Linux_x64_Clang Library/Bee/artifacts/LinuxPlayerBuildProgram/zbz95/o9hd4nczhf9d.o
[ 473/1513 21s] C_Linux_x64_Clang Library/Bee/artifacts/LinuxPlayerBuildProgram/zbz95/2pc6bai4oaf6.o
[ 474/1513 17s] C_Linux_x64_Clang Library/Bee/artifacts/LinuxPlayerBuildProgram/zbz95/l3ve5mak1hrr.o
[ 475/1513 29s] C_Linux_x64_Clang Library/Bee/artifacts/LinuxPlayerBuildProgram/zbz95/sjxqyyjl8v7x.o
[ 476/1513 16s] C_Linux_x64_Clang Library/Bee/artifacts/LinuxPlayerBuildProgram/zbz95/ml9gg5h0nybq.o
[ 477/1513  7s] C_Linux_x64_Clang Library/Bee/artifacts/LinuxPlayerBuildProgram/zbz95/4uwcr3ezo4g0.o
[ 478/1513 20s] C_Linux_x64_Clang Library/Bee/artifacts/LinuxPlayerBuildProgram/zbz95/rerd26isjtwg.o
[ 479/1513 29s] C_Linux_x64_Clang Library/Bee/artifacts/LinuxPlayerBuildProgram/zbz95/33rsf0xq4anu.o
[ 480/1513 12s] C_Linux_x64_Clang Library/Bee/artifacts/LinuxPlayerBuildProgram/zbz95/abhtj5kc83lh.o
[ 481/1513 14s] C_Linux_x64_Clang Library/Bee/artifacts/LinuxPlayerBuildProgram/zbz95/o1eye8zi28uf.o
[ 482/1513 28s] C_Linux_x64_Clang Library/Bee/artifacts/LinuxPlayerBuildProgram/zbz95/ykycyvzxnpt1.o
[ 483/1513 16s] C_Linux_x64_Clang Library/Bee/artifacts/LinuxPlayerBuildProgram/zbz95/l1mmbnxogdus.o
[ 484/1513  0s] C_Linux_x64_Clang Library/Bee/artifacts/LinuxPlayerBuildProgram/zbz95/m89anqn5qkqw.o
[ 485/1513 11s] C_Linux_x64_Clang Library/Bee/artifacts/LinuxPlayerBuildProgram/zbz95/jumwgfsku7qs.o
[ 486/1513 19s] C_Linux_x64_Clang Library/Bee/artifacts/LinuxPlayerBuildProgram/zbz95/2bwywlx5c8n1.o
[ 487/1513 10s] C_Linux_x64_Clang Library/Bee/artifacts/LinuxPlayerBuildProgram/zbz95/lujhtapzrb1s.o
[ 488/1513 16s] C_Linux_x64_Clang Library/Bee/artifacts/LinuxPlayerBuildProgram/zbz95/h5jf8yhyzw4c.o
[ 489/1513 17s] C_Linux_x64_Clang Library/Bee/artifacts/LinuxPlayerBuildProgram/zbz95/zy0cris9bax5.o
[ 490/1513 11s] C_Linux_x64_Clang Library/Bee/artifacts/LinuxPlayerBuildProgram/zbz95/reydicscdurn.o
[ 491/1513  3s] C_Linux_x64_Clang Library/Bee/artifacts/LinuxPlayerBuildProgram/zbz95/dntpyygmuy8r.o
[ 492/1513 19s] C_Linux_x64_Clang Library/Bee/artifacts/LinuxPlayerBuildProgram/zbz95/9rcpkx7krfe1.o
[ 493/1513 12s] C_Linux_x64_Clang Library/Bee/artifacts/LinuxPlayerBuildProgram/zbz95/p6e1j9ajduwd.o
[ 494/1513 30s] C_Linux_x64_Clang Library/Bee/artifacts/LinuxPlayerBuildProgram/zbz95/vrp97apmjlw9.o
[ 495/1513  0s] C_Linux_x64_Clang Library/Bee/artifacts/LinuxPlayerBuildProgram/zbz95/nbra03wpki3r.o
[ 496/1513  0s] C_Linux_x64_Clang Library/Bee/artifacts/LinuxPlayerBuildProgram/zbz95/ayp333fyt4it.o
[ 497/1513 13s] C_Linux_x64_Clang Library/Bee/artifacts/LinuxPlayerBuildProgram/zbz95/udemmg22ln9v.o
[ 498/1513 21s] C_Linux_x64_Clang Library/Bee/artifacts/LinuxPlayerBuildProgram/zbz95/d5uoiml0k1hi.o
[ 499/1513 15s] C_Linux_x64_Clang Library/Bee/artifacts/LinuxPlayerBuildProgram/zbz95/1qvsh6apghcp.o
[ 500/1513  6s] C_Linux_x64_Clang Library/Bee/artifacts/LinuxPlayerBuildProgram/zbz95/kx9bjtu8z4cu.o
[ 501/1513  3s] C_Linux_x64_Clang Library/Bee/artifacts/LinuxPlayerBuildProgram/zbz95/je3cvjj4ir8w.o
[ 502/1513 10s] C_Linux_x64_Clang Library/Bee/artifacts/LinuxPlayerBuildProgram/zbz95/wtfgoci3d6eo.o
[ 503/1513 13s] C_Linux_x64_Clang Library/Bee/artifacts/LinuxPlayerBuildProgram/zbz95/8udv4f3ux4lu.o
[ 504/1513  1s] C_Linux_x64_Clang Library/Bee/artifacts/LinuxPlayerBuildProgram/zbz95/u1rh9iquahp7.o
[ 505/1513 18s] C_Linux_x64_Clang Library/Bee/artifacts/LinuxPlayerBuildProgram/zbz95/i3vlmqn4ky72.o
[ 506/1513 15s] C_Linux_x64_Clang Library/Bee/artifacts/LinuxPlayerBuildProgram/zbz95/to09v3qtxcg8.o
[ 507/1513 19s] C_Linux_x64_Clang Library/Bee/artifacts/LinuxPlayerBuildProgram/zbz95/oppqznz5ggxe.o
[ 508/1513 29s] C_Linux_x64_Clang Library/Bee/artifacts/LinuxPlayerBuildProgram/zbz95/6v9ly9op15ez.o
[ 509/1513 14s] C_Linux_x64_Clang Library/Bee/artifacts/LinuxPlayerBuildProgram/zbz95/o5nhtymt70yt.o
[ 510/1513 15s] C_Linux_x64_Clang Library/Bee/artifacts/LinuxPlayerBuildProgram/zbz95/90fsa9g4mosz.o
[ 511/1513 16s] C_Linux_x64_Clang Library/Bee/artifacts/LinuxPlayerBuildProgram/zbz95/d9jh38ofp1jj.o
[ 512/1513 20s] C_Linux_x64_Clang Library/Bee/artifacts/LinuxPlayerBuildProgram/zbz95/fzc5xrw4lzdq.o
[ 513/1513  0s] C_Linux_x64_Clang Library/Bee/artifacts/LinuxPlayerBuildProgram/zbz95/ab8drr8bodsi.o
[ 514/1513  1s] C_Linux_x64_Clang Library/Bee/artifacts/LinuxPlayerBuildProgram/zbz95/rizwer6oyzsz.o
[ 515/1513 16s] C_Linux_x64_Clang Library/Bee/artifacts/LinuxPlayerBuildProgram/zbz95/krqtp0bqbu1n.o
[ 516/1513 41s] C_Linux_x64_Clang Library/Bee/artifacts/LinuxPlayerBuildProgram/zbz95/rlhg469uccpx.o
[ 517/1513 12s] C_Linux_x64_Clang Library/Bee/artifacts/LinuxPlayerBuildProgram/zbz95/7o1zqp2qtp9f.o
[ 518/1513  0s] C_Linux_x64_Clang Library/Bee/artifacts/LinuxPlayerBuildProgram/zbz95/xjhadq1uju1q.o
[ 519/1513  2s] C_Linux_x64_Clang Library/Bee/artifacts/LinuxPlayerBuildProgram/zbz95/zgu62dzor7co.o
[ 520/1513 11s] C_Linux_x64_Clang Library/Bee/artifacts/LinuxPlayerBuildProgram/zbz95/vqkhzez9asx0.o
[ 521/1513  0s] C_Linux_x64_Clang Library/Bee/artifacts/LinuxPlayerBuildProgram/zbz95/ks209rtlolwq.o
[ 522/1513 13s] C_Linux_x64_Clang Library/Bee/artifacts/LinuxPlayerBuildProgram/zbz95/6r25a8x0zeh9.o
[ 523/1513  3s] C_Linux_x64_Clang Library/Bee/artifacts/LinuxPlayerBuildProgram/zbz95/b15ii31nl3ne.o
[ 524/1513 21s] C_Linux_x64_Clang Library/Bee/artifacts/LinuxPlayerBuildProgram/zbz95/s3deznxbp4fc.o
[ 525/1513 12s] C_Linux_x64_Clang Library/Bee/artifacts/LinuxPlayerBuildProgram/zbz95/mr31rioys5sv.o
[ 526/1513 12s] C_Linux_x64_Clang Library/Bee/artifacts/LinuxPlayerBuildProgram/zbz95/alka4nij6qeo.o
[ 527/1513  0s] C_Linux_x64_Clang Library/Bee/artifacts/LinuxPlayerBuildProgram/zbz95/0ocfy50a2mpo.o
[ 528/1513  3s] C_Linux_x64_Clang Library/Bee/artifacts/LinuxPlayerBuildProgram/zbz95/7xuqyq0vbqgc.o
[ 529/1513  4s] C_Linux_x64_Clang Library/Bee/artifacts/LinuxPlayerBuildProgram/zbz95/k2xf1wfbi0gf.o
[ 530/1513 17s] C_Linux_x64_Clang Library/Bee/artifacts/LinuxPlayerBuildProgram/zbz95/giyjir88x54p.o
[ 531/1513 15s] C_Linux_x64_Clang Library/Bee/artifacts/LinuxPlayerBuildProgram/zbz95/2wyl2v047hb2.o
[ 532/1513  0s] C_Linux_x64_Clang Library/Bee/artifacts/LinuxPlayerBuildProgram/zbz95/1g3ow9lzukoe.o
[ 533/1513 20s] C_Linux_x64_Clang Library/Bee/artifacts/LinuxPlayerBuildProgram/zbz95/lusbfb1058ct.o
[ 534/1513  2s] C_Linux_x64_Clang Library/Bee/artifacts/LinuxPlayerBuildProgram/zbz95/osthfh0e9crl.o
[ 535/1513 16s] C_Linux_x64_Clang Library/Bee/artifacts/LinuxPlayerBuildProgram/zbz95/hukvuznt9ml0.o
[ 536/1513 14s] C_Linux_x64_Clang Library/Bee/artifacts/LinuxPlayerBuildProgram/zbz95/k4e1aj34sooa.o
[ 537/1513  1s] C_Linux_x64_Clang Library/Bee/artifacts/LinuxPlayerBuildProgram/zbz95/yfm4a8ako773.o
[ 538/1513 27s] C_Linux_x64_Clang Library/Bee/artifacts/LinuxPlayerBuildProgram/zbz95/qoerv6wc5b8z.o
[ 539/1513 30s] C_Linux_x64_Clang Library/Bee/artifacts/LinuxPlayerBuildProgram/zbz95/rbdaej3m4tqi.o
[ 540/1513  3s] C_Linux_x64_Clang Library/Bee/artifacts/LinuxPlayerBuildProgram/zbz95/elvlh21lkrgj.o
[ 541/1513 12s] C_Linux_x64_Clang Library/Bee/artifacts/LinuxPlayerBuildProgram/zbz95/pcho62jf4tam.o
[ 542/1513 17s] C_Linux_x64_Clang Library/Bee/artifacts/LinuxPlayerBuildProgram/zbz95/k26c1u8iy977.o
[ 543/1513 19s] C_Linux_x64_Clang Library/Bee/artifacts/LinuxPlayerBuildProgram/zbz95/vhidz845coha.o
[ 544/1513 13s] C_Linux_x64_Clang Library/Bee/artifacts/LinuxPlayerBuildProgram/zbz95/atbmtnhperrs.o
[ 545/1513 18s] C_Linux_x64_Clang Library/Bee/artifacts/LinuxPlayerBuildProgram/zbz95/9xay66n5izxc.o
[ 546/1513 18s] C_Linux_x64_Clang Library/Bee/artifacts/LinuxPlayerBuildProgram/zbz95/z7vgmxph6rph.o
[ 547/1513 14s] C_Linux_x64_Clang Library/Bee/artifacts/LinuxPlayerBuildProgram/zbz95/lb87nn0qph02.o
[ 548/1513 13s] C_Linux_x64_Clang Library/Bee/artifacts/LinuxPlayerBuildProgram/zbz95/v8ea9wvmhf3b.o
[ 549/1513 18s] C_Linux_x64_Clang Library/Bee/artifacts/LinuxPlayerBuildProgram/zbz95/0la7artxjb5x.o
[ 550/1513 24s] C_Linux_x64_Clang Library/Bee/artifacts/LinuxPlayerBuildProgram/zbz95/bcu8tg1gwzsu.o
[ 551/1513 42s] C_Linux_x64_Clang Library/Bee/artifacts/LinuxPlayerBuildProgram/zbz95/2v7bvkhs085e.o
[ 552/1513 30s] C_Linux_x64_Clang Library/Bee/artifacts/LinuxPlayerBuildProgram/zbz95/ojvgv9bo7yyd.o
[ 553/1513 16s] C_Linux_x64_Clang Library/Bee/artifacts/LinuxPlayerBuildProgram/zbz95/9kr5870qapad.o
[ 554/1513 17s] C_Linux_x64_Clang Library/Bee/artifacts/LinuxPlayerBuildProgram/zbz95/ifl19eaa6dxc.o
[ 555/1513 13s] C_Linux_x64_Clang Library/Bee/artifacts/LinuxPlayerBuildProgram/zbz95/f4yxosz5g0od.o
[ 556/1513  0s] C_Linux_x64_Clang Library/Bee/artifacts/LinuxPlayerBuildProgram/zbz95/zbjz9ud75810.o
[ 557/1513 30s] C_Linux_x64_Clang Library/Bee/artifacts/LinuxPlayerBuildProgram/zbz95/9yy4ajqlanax.o
[ 558/1513 33s] C_Linux_x64_Clang Library/Bee/artifacts/LinuxPlayerBuildProgram/zbz95/9tu8yjaa6xob.o
[ 559/1513 19s] C_Linux_x64_Clang Library/Bee/artifacts/LinuxPlayerBuildProgram/zbz95/6qrqnwcmgc4t.o
[ 560/1513  0s] C_Linux_x64_Clang Library/Bee/artifacts/LinuxPlayerBuildProgram/zbz95/btpdshhnbqeq.o
[ 561/1513 11s] C_Linux_x64_Clang Library/Bee/artifacts/LinuxPlayerBuildProgram/zbz95/3vfzwz7jgbej.o
[ 562/1513 19s] C_Linux_x64_Clang Library/Bee/artifacts/LinuxPlayerBuildProgram/zbz95/5q381howc33h.o
[ 563/1513 14s] C_Linux_x64_Clang Library/Bee/artifacts/LinuxPlayerBuildProgram/zbz95/gv3h0vge1tij.o
[ 564/1513 13s] C_Linux_x64_Clang Library/Bee/artifacts/LinuxPlayerBuildProgram/zbz95/t5zfu3on8vbt.o
[ 565/1513 22s] C_Linux_x64_Clang Library/Bee/artifacts/LinuxPlayerBuildProgram/zbz95/96aytjgsymj8.o
[ 566/1513 14s] C_Linux_x64_Clang Library/Bee/artifacts/LinuxPlayerBuildProgram/zbz95/crv30gjrktma.o
[ 567/1513  0s] C_Linux_x64_Clang Library/Bee/artifacts/LinuxPlayerBuildProgram/zbz95/vno0yf6dhezx.o
[ 568/1513 22s] C_Linux_x64_Clang Library/Bee/artifacts/LinuxPlayerBuildProgram/zbz95/umem9sup1avr.o
[ 569/1513 19s] C_Linux_x64_Clang Library/Bee/artifacts/LinuxPlayerBuildProgram/zbz95/9gimuheg5w6y.o
[ 570/1513 19s] C_Linux_x64_Clang Library/Bee/artifacts/LinuxPlayerBuildProgram/zbz95/1wqy0gadsf3x.o
[ 571/1513 13s] C_Linux_x64_Clang Library/Bee/artifacts/LinuxPlayerBuildProgram/zbz95/i9pvq4amuf63.o
[ 572/1513 10s] C_Linux_x64_Clang Library/Bee/artifacts/LinuxPlayerBuildProgram/zbz95/ppxd12pxwi5i.o
[ 573/1513 14s] C_Linux_x64_Clang Library/Bee/artifacts/LinuxPlayerBuildProgram/zbz95/zmttgnmibi2g.o
[ 574/1513 15s] C_Linux_x64_Clang Library/Bee/artifacts/LinuxPlayerBuildProgram/zbz95/27g8x1ijl25k.o
[ 575/1513 13s] C_Linux_x64_Clang Library/Bee/artifacts/LinuxPlayerBuildProgram/zbz95/wmt0xqz2uyis.o
[ 576/1513  5s] C_Linux_x64_Clang Library/Bee/artifacts/LinuxPlayerBuildProgram/zbz95/nbx0tql91u6f.o
[ 577/1513 23s] C_Linux_x64_Clang Library/Bee/artifacts/LinuxPlayerBuildProgram/zbz95/dimn4fod827a.o
[ 578/1513 13s] C_Linux_x64_Clang Library/Bee/artifacts/LinuxPlayerBuildProgram/zbz95/du2ojvnh2jg4.o
[ 579/1513 16s] C_Linux_x64_Clang Library/Bee/artifacts/LinuxPlayerBuildProgram/zbz95/pjtq5cmo1y0y.o
[ 580/1513 18s] C_Linux_x64_Clang Library/Bee/artifacts/LinuxPlayerBuildProgram/zbz95/5ha1g4mg1xjr.o
[ 581/1513 26s] C_Linux_x64_Clang Library/Bee/artifacts/LinuxPlayerBuildProgram/zbz95/95jom8wfrdel.o
[ 582/1513 11s] C_Linux_x64_Clang Library/Bee/artifacts/LinuxPlayerBuildProgram/zbz95/askcmcyc7hm5.o
[ 583/1513 15s] C_Linux_x64_Clang Library/Bee/artifacts/LinuxPlayerBuildProgram/zbz95/70c5vewxqmn9.o
[ 584/1513  7s] C_Linux_x64_Clang Library/Bee/artifacts/LinuxPlayerBuildProgram/zbz95/lf8iqumwsgfe.o
[ 585/1513 14s] C_Linux_x64_Clang Library/Bee/artifacts/LinuxPlayerBuildProgram/zbz95/b4it811lk3i9.o
[ 586/1513  9s] C_Linux_x64_Clang Library/Bee/artifacts/LinuxPlayerBuildProgram/zbz95/9d7jruadnlxp.o
[ 587/1513  0s] C_Linux_x64_Clang Library/Bee/artifacts/LinuxPlayerBuildProgram/zbz95/ltnfn6ha1vm5.o
[ 588/1513  2s] C_Linux_x64_Clang Library/Bee/artifacts/LinuxPlayerBuildProgram/zbz95/wc1urvtemg3q.o
[ 589/1513  5s] C_Linux_x64_Clang Library/Bee/artifacts/LinuxPlayerBuildProgram/zbz95/yelcedp9qlfp.o
[ 590/1513 13s] C_Linux_x64_Clang Library/Bee/artifacts/LinuxPlayerBuildProgram/zbz95/3qb3k0r8bmsx.o
[ 591/1513  5s] C_Linux_x64_Clang Library/Bee/artifacts/LinuxPlayerBuildProgram/zbz95/fpud7abciraa.o
[ 592/1513  6s] C_Linux_x64_Clang Library/Bee/artifacts/LinuxPlayerBuildProgram/zbz95/jso14q34qrym.o
[ 593/1513  3s] C_Linux_x64_Clang Library/Bee/artifacts/LinuxPlayerBuildProgram/zbz95/yltkxk0f2h3u.o
[ 594/1513 20s] C_Linux_x64_Clang Library/Bee/artifacts/LinuxPlayerBuildProgram/zbz95/h4e8rmgpc54l.o
[ 595/1513  2s] C_Linux_x64_Clang Library/Bee/artifacts/LinuxPlayerBuildProgram/zbz95/c9pz2iimp54t.o
[ 596/1513 20s] C_Linux_x64_Clang Library/Bee/artifacts/LinuxPlayerBuildProgram/zbz95/oc904ntnor2h.o
[ 597/1513 19s] C_Linux_x64_Clang Library/Bee/artifacts/LinuxPlayerBuildProgram/zbz95/uuqfstkwpa42.o
[ 598/1513 25s] C_Linux_x64_Clang Library/Bee/artifacts/LinuxPlayerBuildProgram/zbz95/cuu1hgxpmh8z.o
[ 599/1513 14s] C_Linux_x64_Clang Library/Bee/artifacts/LinuxPlayerBuildProgram/zbz95/q4pyge3hc1b4.o
[ 600/1513  0s] C_Linux_x64_Clang Library/Bee/artifacts/LinuxPlayerBuildProgram/zbz95/arx9phbgwewl.o
[ 601/1513 17s] C_Linux_x64_Clang Library/Bee/artifacts/LinuxPlayerBuildProgram/zbz95/addvzcu1n6pd.o
[ 602/1513 11s] C_Linux_x64_Clang Library/Bee/artifacts/LinuxPlayerBuildProgram/zbz95/ldp0vp11jwua.o
[ 603/1513 15s] C_Linux_x64_Clang Library/Bee/artifacts/LinuxPlayerBuildProgram/zbz95/q2uji5cplfng.o
[ 604/1513 15s] C_Linux_x64_Clang Library/Bee/artifacts/LinuxPlayerBuildProgram/zbz95/rd03uvzfckrt.o
[ 605/1513  3s] C_Linux_x64_Clang Library/Bee/artifacts/LinuxPlayerBuildProgram/zbz95/wlp79m4ciacz.o
[ 606/1513 14s] C_Linux_x64_Clang Library/Bee/artifacts/LinuxPlayerBuildProgram/zbz95/s44n6ygowdlz.o
[ 607/1513  0s] C_Linux_x64_Clang Library/Bee/artifacts/LinuxPlayerBuildProgram/zbz95/fmgr124vlopj.o
[ 608/1513  1s] C_Linux_x64_Clang Library/Bee/artifacts/LinuxPlayerBuildProgram/zbz95/as33guhw6nzv.o
[ 609/1513 15s] C_Linux_x64_Clang Library/Bee/artifacts/LinuxPlayerBuildProgram/zbz95/3lbazyllzkjw.o
[ 610/1513 25s] C_Linux_x64_Clang Library/Bee/artifacts/LinuxPlayerBuildProgram/zbz95/tibg1jziucn2.o
[ 611/1513  9s] C_Linux_x64_Clang Library/Bee/artifacts/LinuxPlayerBuildProgram/zbz95/skp29d5zu7wg.o
[ 612/1513  3s] C_Linux_x64_Clang Library/Bee/artifacts/LinuxPlayerBuildProgram/zbz95/y8gankvi4ea6.o
[ 613/1513  9s] C_Linux_x64_Clang Library/Bee/artifacts/LinuxPlayerBuildProgram/zbz95/qme5j8gwr01a.o
[ 614/1513 19s] C_Linux_x64_Clang Library/Bee/artifacts/LinuxPlayerBuildProgram/zbz95/ghnal7vfprre.o
[ 615/1513 11s] C_Linux_x64_Clang Library/Bee/artifacts/LinuxPlayerBuildProgram/zbz95/skta8zw18c3l.o
[ 616/1513  2s] C_Linux_x64_Clang Library/Bee/artifacts/LinuxPlayerBuildProgram/zbz95/03eozwuco4n6.o
[ 617/1513 22s] C_Linux_x64_Clang Library/Bee/artifacts/LinuxPlayerBuildProgram/zbz95/23j5dl7yo8eq.o
[ 618/1513  0s] C_Linux_x64_Clang Library/Bee/artifacts/LinuxPlayerBuildProgram/zbz95/4eccq6n991hz.o
[ 619/1513  8s] C_Linux_x64_Clang Library/Bee/artifacts/LinuxPlayerBuildProgram/zbz95/1ja95g4uzq80.o
[ 620/1513  0s] C_Linux_x64_Clang Library/Bee/artifacts/LinuxPlayerBuildProgram/zbz95/1beidhwey3pg.o
[ 621/1513 13s] C_Linux_x64_Clang Library/Bee/artifacts/LinuxPlayerBuildProgram/zbz95/sez03l9jzv4k.o
[ 622/1513 18s] C_Linux_x64_Clang Library/Bee/artifacts/LinuxPlayerBuildProgram/zbz95/94sefxd3j48x.o
[ 623/1513 20s] C_Linux_x64_Clang Library/Bee/artifacts/LinuxPlayerBuildProgram/zbz95/pguabrge19qk.o
[ 624/1513 13s] C_Linux_x64_Clang Library/Bee/artifacts/LinuxPlayerBuildProgram/zbz95/vt7smxrby36j.o
[ 625/1513  1s] C_Linux_x64_Clang Library/Bee/artifacts/LinuxPlayerBuildProgram/zbz95/8kzuotzsxzas.o
[ 626/1513 17s] C_Linux_x64_Clang Library/Bee/artifacts/LinuxPlayerBuildProgram/zbz95/zf894xfourys.o
[ 627/1513 21s] C_Linux_x64_Clang Library/Bee/artifacts/LinuxPlayerBuildProgram/zbz95/or79da2uvy7o.o
[ 628/1513 26s] C_Linux_x64_Clang Library/Bee/artifacts/LinuxPlayerBuildProgram/zbz95/zsitibgwrrah.o
[ 629/1513  0s] C_Linux_x64_Clang Library/Bee/artifacts/LinuxPlayerBuildProgram/zbz95/uep8wfbs3763.o
[ 630/1513 12s] C_Linux_x64_Clang Library/Bee/artifacts/LinuxPlayerBuildProgram/zbz95/oi46nysb0ptq.o
[ 631/1513  0s] C_Linux_x64_Clang Library/Bee/artifacts/LinuxPlayerBuildProgram/zbz95/aljgeawygw6t.o
[ 632/1513 18s] C_Linux_x64_Clang Library/Bee/artifacts/LinuxPlayerBuildProgram/zbz95/b58oirumf9o6.o
[ 633/1513 18s] C_Linux_x64_Clang Library/Bee/artifacts/LinuxPlayerBuildProgram/zbz95/us8vd7h7asts.o
[ 634/1513  0s] C_Linux_x64_Clang Library/Bee/artifacts/LinuxPlayerBuildProgram/zbz95/qiv4825nafl8.o
[ 635/1513 22s] C_Linux_x64_Clang Library/Bee/artifacts/LinuxPlayerBuildProgram/zbz95/njnttulwrwq9.o
[ 636/1513 21s] C_Linux_x64_Clang Library/Bee/artifacts/LinuxPlayerBuildProgram/zbz95/h69aioazu2aa.o
[ 637/1513  0s] C_Linux_x64_Clang Library/Bee/artifacts/LinuxPlayerBuildProgram/zbz95/j3rd4ptmihtr.o
[ 638/1513 16s] C_Linux_x64_Clang Library/Bee/artifacts/LinuxPlayerBuildProgram/zbz95/3irwjkgn633e.o
[ 639/1513 22s] C_Linux_x64_Clang Library/Bee/artifacts/LinuxPlayerBuildProgram/zbz95/8yso8mgm75d8.o
[ 640/1513 28s] C_Linux_x64_Clang Library/Bee/artifacts/LinuxPlayerBuildProgram/zbz95/5np5du8qx3xj.o
[ 641/1513 15s] C_Linux_x64_Clang Library/Bee/artifacts/LinuxPlayerBuildProgram/zbz95/spr02c72hd6y.o
[ 642/1513 11s] C_Linux_x64_Clang Library/Bee/artifacts/LinuxPlayerBuildProgram/zbz95/fcoewslp4286.o
[ 643/1513 23s] C_Linux_x64_Clang Library/Bee/artifacts/LinuxPlayerBuildProgram/zbz95/gcje97f4k25s.o
[ 644/1513 22s] C_Linux_x64_Clang Library/Bee/artifacts/LinuxPlayerBuildProgram/zbz95/4mo345u3q2qk.o
[ 645/1513  1s] C_Linux_x64_Clang Library/Bee/artifacts/LinuxPlayerBuildProgram/zbz95/xydxcnoa89qu.o
[ 646/1513 21s] C_Linux_x64_Clang Library/Bee/artifacts/LinuxPlayerBuildProgram/zbz95/e1vvwzk3ycsw.o
[ 647/1513 18s] C_Linux_x64_Clang Library/Bee/artifacts/LinuxPlayerBuildProgram/zbz95/3iz91z11nmjm.o
[ 648/1513  0s] C_Linux_x64_Clang Library/Bee/artifacts/LinuxPlayerBuildProgram/zbz95/yqxz8g5dfsx4.o
[ 649/1513  0s] C_Linux_x64_Clang Library/Bee/artifacts/LinuxPlayerBuildProgram/zbz95/ax4kuyby162v.o
[ 650/1513 16s] C_Linux_x64_Clang Library/Bee/artifacts/LinuxPlayerBuildProgram/zbz95/a49r90kisxbf.o
[ 651/1513 19s] C_Linux_x64_Clang Library/Bee/artifacts/LinuxPlayerBuildProgram/zbz95/i24bff4rdp2f.o
[ 652/1513 26s] C_Linux_x64_Clang Library/Bee/artifacts/LinuxPlayerBuildProgram/zbz95/3mcw6ny0k2zk.o
[ 653/1513 13s] C_Linux_x64_Clang Library/Bee/artifacts/LinuxPlayerBuildProgram/zbz95/k2whww0fe6d0.o
[ 654/1513 20s] C_Linux_x64_Clang Library/Bee/artifacts/LinuxPlayerBuildProgram/zbz95/m2cszqhz9au8.o
[ 655/1513  0s] C_Linux_x64_Clang Library/Bee/artifacts/LinuxPlayerBuildProgram/zbz95/y9ldcp1c5ctc.o
[ 656/1513  1s] C_Linux_x64_Clang Library/Bee/artifacts/LinuxPlayerBuildProgram/zbz95/m9b75571g25g.o
[ 657/1513 16s] C_Linux_x64_Clang Library/Bee/artifacts/LinuxPlayerBuildProgram/zbz95/ha9hw036lm3m.o
[ 658/1513  7s] C_Linux_x64_Clang Library/Bee/artifacts/LinuxPlayerBuildProgram/zbz95/exe6x5snb0ye.o
[ 659/1513 11s] C_Linux_x64_Clang Library/Bee/artifacts/LinuxPlayerBuildProgram/zbz95/uhaqxteexl95.o
[ 660/1513 23s] C_Linux_x64_Clang Library/Bee/artifacts/LinuxPlayerBuildProgram/zbz95/schhpz6ukdua.o
[ 661/1513 16s] C_Linux_x64_Clang Library/Bee/artifacts/LinuxPlayerBuildProgram/zbz95/vuiciumtj0qs.o
[ 662/1513 19s] C_Linux_x64_Clang Library/Bee/artifacts/LinuxPlayerBuildProgram/zbz95/esss6nbk33dy.o
[ 663/1513  0s] C_Linux_x64_Clang Library/Bee/artifacts/LinuxPlayerBuildProgram/zbz95/dywog09q853t.o
[ 664/1513 22s] C_Linux_x64_Clang Library/Bee/artifacts/LinuxPlayerBuildProgram/zbz95/hnp7q09oebyj.o
[ 665/1513 10s] C_Linux_x64_Clang Library/Bee/artifacts/LinuxPlayerBuildProgram/zbz95/vlvz3w1493x8.o
[ 666/1513  2s] C_Linux_x64_Clang Library/Bee/artifacts/LinuxPlayerBuildProgram/zbz95/nps4wyn3o4gh.o
[ 667/1513 12s] C_Linux_x64_Clang Library/Bee/artifacts/LinuxPlayerBuildProgram/zbz95/nceb2y6k713a.o
[ 668/1513 16s] C_Linux_x64_Clang Library/Bee/artifacts/LinuxPlayerBuildProgram/zbz95/pp7xeabq684u.o
[ 669/1513 20s] C_Linux_x64_Clang Library/Bee/artifacts/LinuxPlayerBuildProgram/zbz95/fyupchptsnk3.o
[ 670/1513 14s] C_Linux_x64_Clang Library/Bee/artifacts/LinuxPlayerBuildProgram/zbz95/a1nfco7v2q03.o
[ 671/1513  0s] C_Linux_x64_Clang Library/Bee/artifacts/LinuxPlayerBuildProgram/zbz95/wogg2cx3r4pr.o
[ 672/1513 18s] C_Linux_x64_Clang Library/Bee/artifacts/LinuxPlayerBuildProgram/zbz95/40qmvh2gylf1.o
[ 673/1513 19s] C_Linux_x64_Clang Library/Bee/artifacts/LinuxPlayerBuildProgram/zbz95/fs0f821bj6l2.o
[ 674/1513  0s] C_Linux_x64_Clang Library/Bee/artifacts/LinuxPlayerBuildProgram/zbz95/y6igitekmse1.o
[ 675/1513 12s] C_Linux_x64_Clang Library/Bee/artifacts/LinuxPlayerBuildProgram/zbz95/qxdpwd1d4lva.o
[ 676/1513 15s] C_Linux_x64_Clang Library/Bee/artifacts/LinuxPlayerBuildProgram/zbz95/qxrezproabma.o
[ 677/1513 18s] C_Linux_x64_Clang Library/Bee/artifacts/LinuxPlayerBuildProgram/zbz95/v1jm5xhim3fv.o
[ 678/1513 22s] C_Linux_x64_Clang Library/Bee/artifacts/LinuxPlayerBuildProgram/zbz95/c9bnov5vh1o5.o
[ 679/1513 17s] C_Linux_x64_Clang Library/Bee/artifacts/LinuxPlayerBuildProgram/zbz95/n5furjw1ryqp.o
[ 680/1513 20s] C_Linux_x64_Clang Library/Bee/artifacts/LinuxPlayerBuildProgram/zbz95/ju0ljriv0whs.o
[ 681/1513 30s] C_Linux_x64_Clang Library/Bee/artifacts/LinuxPlayerBuildProgram/zbz95/wz9psq5knndp.o
[ 682/1513 19s] C_Linux_x64_Clang Library/Bee/artifacts/LinuxPlayerBuildProgram/zbz95/7wdt9psxhpir.o
[ 683/1513  1s] C_Linux_x64_Clang Library/Bee/artifacts/LinuxPlayerBuildProgram/zbz95/wqiwkd2hs23d.o
[ 684/1513 21s] C_Linux_x64_Clang Library/Bee/artifacts/LinuxPlayerBuildProgram/zbz95/1k1idsn76zdo.o
[ 685/1513 18s] C_Linux_x64_Clang Library/Bee/artifacts/LinuxPlayerBuildProgram/zbz95/9s3yr8qxyojo.o
[ 686/1513  6s] C_Linux_x64_Clang Library/Bee/artifacts/LinuxPlayerBuildProgram/zbz95/xs36xmv8u7xj.o
[ 687/1513  0s] C_Linux_x64_Clang Library/Bee/artifacts/LinuxPlayerBuildProgram/zbz95/33mtqy1yx3r5.o
[ 688/1513 27s] C_Linux_x64_Clang Library/Bee/artifacts/LinuxPlayerBuildProgram/zbz95/7pxreqmmrq4g.o
[ 689/1513  1s] C_Linux_x64_Clang Library/Bee/artifacts/LinuxPlayerBuildProgram/zbz95/7k0e88i308pa.o
[ 690/1513 14s] C_Linux_x64_Clang Library/Bee/artifacts/LinuxPlayerBuildProgram/zbz95/v45qu68bcnzx.o
[ 691/1513  5s] C_Linux_x64_Clang Library/Bee/artifacts/LinuxPlayerBuildProgram/zbz95/147woo22oaa0.o
[ 692/1513 19s] C_Linux_x64_Clang Library/Bee/artifacts/LinuxPlayerBuildProgram/zbz95/bu25jy5ekkpc.o
[ 693/1513  3s] C_Linux_x64_Clang Library/Bee/artifacts/LinuxPlayerBuildProgram/zbz95/e80dy11yu8wr.o
[ 694/1513 11s] C_Linux_x64_Clang Library/Bee/artifacts/LinuxPlayerBuildProgram/zbz95/8ftouf7zfyix.o
[ 695/1513 20s] C_Linux_x64_Clang Library/Bee/artifacts/LinuxPlayerBuildProgram/zbz95/m9xbbgotq1xw.o
[ 696/1513 12s] C_Linux_x64_Clang Library/Bee/artifacts/LinuxPlayerBuildProgram/zbz95/6qbw3weos5bm.o
[ 697/1513 33s] C_Linux_x64_Clang Library/Bee/artifacts/LinuxPlayerBuildProgram/zbz95/r5nacv98nkii.o
[ 698/1513 18s] C_Linux_x64_Clang Library/Bee/artifacts/LinuxPlayerBuildProgram/zbz95/vo3wayb0tely.o
[ 699/1513 14s] C_Linux_x64_Clang Library/Bee/artifacts/LinuxPlayerBuildProgram/zbz95/vwf7e6zrxsfl.o
[ 700/1513 14s] C_Linux_x64_Clang Library/Bee/artifacts/LinuxPlayerBuildProgram/zbz95/6iz2kwoh452a.o
[ 701/1513 14s] C_Linux_x64_Clang Library/Bee/artifacts/LinuxPlayerBuildProgram/zbz95/g11qm5wysd2u.o
[ 702/1513 17s] C_Linux_x64_Clang Library/Bee/artifacts/LinuxPlayerBuildProgram/zbz95/v0scymy5eua8.o
[ 703/1513 23s] C_Linux_x64_Clang Library/Bee/artifacts/LinuxPlayerBuildProgram/zbz95/0dydsq3qvbwm.o
[ 704/1513  1s] C_Linux_x64_Clang Library/Bee/artifacts/LinuxPlayerBuildProgram/zbz95/vj0yu9uk8fdf.o
[ 705/1513 16s] C_Linux_x64_Clang Library/Bee/artifacts/LinuxPlayerBuildProgram/zbz95/i3n83a2p3fsv.o
[ 706/1513 28s] C_Linux_x64_Clang Library/Bee/artifacts/LinuxPlayerBuildProgram/zbz95/umgt8bbiew66.o
[ 707/1513 19s] C_Linux_x64_Clang Library/Bee/artifacts/LinuxPlayerBuildProgram/zbz95/tcp4qexm0f2e.o
[ 708/1513  1s] C_Linux_x64_Clang Library/Bee/artifacts/LinuxPlayerBuildProgram/zbz95/2zlmqjxbuvry.o
[ 709/1513 11s] C_Linux_x64_Clang Library/Bee/artifacts/LinuxPlayerBuildProgram/zbz95/wf8gm1s8d8e4.o
[ 710/1513 18s] C_Linux_x64_Clang Library/Bee/artifacts/LinuxPlayerBuildProgram/zbz95/7gp67ock5p04.o
[ 711/1513 24s] C_Linux_x64_Clang Library/Bee/artifacts/LinuxPlayerBuildProgram/zbz95/vuy2t8ao5cc7.o
[ 712/1513 11s] C_Linux_x64_Clang Library/Bee/artifacts/LinuxPlayerBuildProgram/zbz95/phlki2zq8iw7.o
[ 713/1513  7s] C_Linux_x64_Clang Library/Bee/artifacts/LinuxPlayerBuildProgram/zbz95/cq5w6ott35fk.o
[ 714/1513 17s] C_Linux_x64_Clang Library/Bee/artifacts/LinuxPlayerBuildProgram/zbz95/0xlcggn4g8ir.o
[ 715/1513  0s] C_Linux_x64_Clang Library/Bee/artifacts/LinuxPlayerBuildProgram/zbz95/h7imhdtzz9zz.o
[ 716/1513 14s] C_Linux_x64_Clang Library/Bee/artifacts/LinuxPlayerBuildProgram/zbz95/2irm0kba8jbi.o
[ 717/1513 14s] C_Linux_x64_Clang Library/Bee/artifacts/LinuxPlayerBuildProgram/zbz95/h3nykbxc5vzy.o
[ 718/1513 30s] C_Linux_x64_Clang Library/Bee/artifacts/LinuxPlayerBuildProgram/zbz95/hfde8zjiqbp8.o
[ 719/1513 14s] C_Linux_x64_Clang Library/Bee/artifacts/LinuxPlayerBuildProgram/zbz95/3otj6dpjx3hn.o
[ 720/1513 13s] C_Linux_x64_Clang Library/Bee/artifacts/LinuxPlayerBuildProgram/zbz95/hhvxmmm74tzi.o
[ 721/1513  0s] C_Linux_x64_Clang Library/Bee/artifacts/LinuxPlayerBuildProgram/zbz95/3mjtp6zh9gkg.o
[ 722/1513 15s] C_Linux_x64_Clang Library/Bee/artifacts/LinuxPlayerBuildProgram/zbz95/f2jholpfhkiq.o
[ 723/1513 20s] C_Linux_x64_Clang Library/Bee/artifacts/LinuxPlayerBuildProgram/zbz95/s5vxda003mqm.o
[ 724/1513  3s] C_Linux_x64_Clang Library/Bee/artifacts/LinuxPlayerBuildProgram/zbz95/ejqxw84qhswh.o
[ 725/1513  8s] C_Linux_x64_Clang Library/Bee/artifacts/LinuxPlayerBuildProgram/zbz95/tbk7ebb2p2j5.o
[ 726/1513 18s] C_Linux_x64_Clang Library/Bee/artifacts/LinuxPlayerBuildProgram/zbz95/r6ue35qjj0fd.o
[ 727/1513 13s] C_Linux_x64_Clang Library/Bee/artifacts/LinuxPlayerBuildProgram/zbz95/bql6m4sjn0yj.o
[ 728/1513 13s] C_Linux_x64_Clang Library/Bee/artifacts/LinuxPlayerBuildProgram/zbz95/1g5e2ebwv1de.o
[ 729/1513  5s] C_Linux_x64_Clang Library/Bee/artifacts/LinuxPlayerBuildProgram/zbz95/tecmer5zzdhw.o
[ 730/1513 14s] C_Linux_x64_Clang Library/Bee/artifacts/LinuxPlayerBuildProgram/zbz95/h2wod0d0xmub.o
[ 731/1513  2s] C_Linux_x64_Clang Library/Bee/artifacts/LinuxPlayerBuildProgram/zbz95/xotniswjstgd.o
[ 732/1513 18s] C_Linux_x64_Clang Library/Bee/artifacts/LinuxPlayerBuildProgram/zbz95/5pczu64j5tyu.o
[ 733/1513  0s] C_Linux_x64_Clang Library/Bee/artifacts/LinuxPlayerBuildProgram/zbz95/3uv40w0jh4f9.o
[ 734/1513  0s] C_Linux_x64_Clang Library/Bee/artifacts/LinuxPlayerBuildProgram/zbz95/ggibujt3bfpi.o
[ 735/1513 15s] C_Linux_x64_Clang Library/Bee/artifacts/LinuxPlayerBuildProgram/zbz95/vf0tkm2gy56z.o
[ 736/1513  0s] C_Linux_x64_Clang Library/Bee/artifacts/LinuxPlayerBuildProgram/zbz95/m12aya145xwv.o
[ 737/1513 13s] C_Linux_x64_Clang Library/Bee/artifacts/LinuxPlayerBuildProgram/zbz95/yf0m3ipwepqo.o
[ 738/1513 15s] C_Linux_x64_Clang Library/Bee/artifacts/LinuxPlayerBuildProgram/zbz95/wjl3qpp7aov2.o
[ 739/1513 19s] C_Linux_x64_Clang Library/Bee/artifacts/LinuxPlayerBuildProgram/zbz95/tbyuj3dat6wr.o
[ 740/1513 17s] C_Linux_x64_Clang Library/Bee/artifacts/LinuxPlayerBuildProgram/zbz95/dzfklwzpov3p.o
[ 741/1513 32s] C_Linux_x64_Clang Library/Bee/artifacts/LinuxPlayerBuildProgram/zbz95/sd8qwaq7rmzx.o
[ 742/1513 16s] C_Linux_x64_Clang Library/Bee/artifacts/LinuxPlayerBuildProgram/zbz95/w95tz7jcn80v.o
[ 743/1513 14s] C_Linux_x64_Clang Library/Bee/artifacts/LinuxPlayerBuildProgram/zbz95/d3kd69vqozc7.o
[ 744/1513 11s] C_Linux_x64_Clang Library/Bee/artifacts/LinuxPlayerBuildProgram/zbz95/igmvuxefnd2b.o
[ 745/1513 14s] C_Linux_x64_Clang Library/Bee/artifacts/LinuxPlayerBuildProgram/zbz95/zobdv9o7p0cr.o
[ 746/1513  0s] C_Linux_x64_Clang Library/Bee/artifacts/LinuxPlayerBuildProgram/zbz95/psyom3gqy14x.o
[ 747/1513 13s] C_Linux_x64_Clang Library/Bee/artifacts/LinuxPlayerBuildProgram/zbz95/e3xrlof4klev.o
[ 748/1513 21s] C_Linux_x64_Clang Library/Bee/artifacts/LinuxPlayerBuildProgram/zbz95/gwur76zq82n6.o
[ 749/1513  0s] C_Linux_x64_Clang Library/Bee/artifacts/LinuxPlayerBuildProgram/zbz95/u6wmmdv7dhyh.o
[ 750/1513  0s] C_Linux_x64_Clang Library/Bee/artifacts/LinuxPlayerBuildProgram/zbz95/5r2x51d61tbk.o
[ 751/1513 18s] C_Linux_x64_Clang Library/Bee/artifacts/LinuxPlayerBuildProgram/zbz95/862as4p0ikb4.o
[ 752/1513 19s] C_Linux_x64_Clang Library/Bee/artifacts/LinuxPlayerBuildProgram/zbz95/t4cb8d7fcgt3.o
[ 753/1513  0s] C_Linux_x64_Clang Library/Bee/artifacts/LinuxPlayerBuildProgram/zbz95/zbria14wnyr0.o
[ 754/1513 18s] C_Linux_x64_Clang Library/Bee/artifacts/LinuxPlayerBuildProgram/zbz95/8zhrgfj61t7f.o
[ 755/1513 21s] C_Linux_x64_Clang Library/Bee/artifacts/LinuxPlayerBuildProgram/zbz95/dsk548ksn15t.o
[ 756/1513 12s] C_Linux_x64_Clang Library/Bee/artifacts/LinuxPlayerBuildProgram/zbz95/3pktdp8v4cna.o
[ 757/1513 20s] C_Linux_x64_Clang Library/Bee/artifacts/LinuxPlayerBuildProgram/zbz95/l244xbr7t8l4.o
[ 758/1513 16s] C_Linux_x64_Clang Library/Bee/artifacts/LinuxPlayerBuildProgram/zbz95/oerkjawc39cs.o
[ 759/1513 11s] C_Linux_x64_Clang Library/Bee/artifacts/LinuxPlayerBuildProgram/zbz95/41hw2slt5uko.o
[ 760/1513  0s] C_Linux_x64_Clang Library/Bee/artifacts/LinuxPlayerBuildProgram/zbz95/naqad7q474av.o
[ 761/1513 13s] C_Linux_x64_Clang Library/Bee/artifacts/LinuxPlayerBuildProgram/zbz95/2h0ct9rx0a6u.o
[ 762/1513  4s] C_Linux_x64_Clang Library/Bee/artifacts/LinuxPlayerBuildProgram/zbz95/yy02wkj9po9z.o
[ 763/1513 12s] C_Linux_x64_Clang Library/Bee/artifacts/LinuxPlayerBuildProgram/zbz95/im6kl4g4m400.o
[ 764/1513  4s] C_Linux_x64_Clang Library/Bee/artifacts/LinuxPlayerBuildProgram/zbz95/h8kkifdb837n.o
[ 765/1513 19s] C_Linux_x64_Clang Library/Bee/artifacts/LinuxPlayerBuildProgram/zbz95/85b1kt6nbb6g.o
[ 766/1513 16s] C_Linux_x64_Clang Library/Bee/artifacts/LinuxPlayerBuildProgram/zbz95/9161hk0guxxm.o
[ 767/1513  0s] C_Linux_x64_Clang Library/Bee/artifacts/LinuxPlayerBuildProgram/zbz95/7mlxhednlzi2.o
[ 768/1513 203s] C_Linux_x64_Clang Library/Bee/artifacts/LinuxPlayerBuildProgram/zbz95/3drteongc1vo.o
[ 769/1513 19s] C_Linux_x64_Clang Library/Bee/artifacts/LinuxPlayerBuildProgram/zbz95/kw27ridy4ofz.o
[ 770/1513  0s] C_Linux_x64_Clang Library/Bee/artifacts/LinuxPlayerBuildProgram/zbz95/c74qqf3rzaca.o
[ 771/1513 13s] C_Linux_x64_Clang Library/Bee/artifacts/LinuxPlayerBuildProgram/zbz95/wgzqtccllhkr.o
[ 772/1513 29s] C_Linux_x64_Clang Library/Bee/artifacts/LinuxPlayerBuildProgram/zbz95/j3f41st05cbj.o
[ 773/1513 15s] C_Linux_x64_Clang Library/Bee/artifacts/LinuxPlayerBuildProgram/zbz95/p5gmoe4l3224.o
[ 774/1513 14s] C_Linux_x64_Clang Library/Bee/artifacts/LinuxPlayerBuildProgram/zbz95/vkhwipe0c353.o
[ 775/1513 20s] C_Linux_x64_Clang Library/Bee/artifacts/LinuxPlayerBuildProgram/zbz95/tdgeypgz7o71.o
[ 776/1513 22s] C_Linux_x64_Clang Library/Bee/artifacts/LinuxPlayerBuildProgram/zbz95/xr5jb555eqci.o
[ 777/1513 18s] C_Linux_x64_Clang Library/Bee/artifacts/LinuxPlayerBuildProgram/zbz95/h70kpztb2bgx.o
[ 778/1513 21s] C_Linux_x64_Clang Library/Bee/artifacts/LinuxPlayerBuildProgram/zbz95/y9l7i4zctekv.o
[ 779/1513  0s] C_Linux_x64_Clang Library/Bee/artifacts/LinuxPlayerBuildProgram/zbz95/2h5745tmb2rs.o
[ 780/1513  0s] C_Linux_x64_Clang Library/Bee/artifacts/LinuxPlayerBuildProgram/zbz95/mvchf5p9mycs.o
[ 781/1513 22s] C_Linux_x64_Clang Library/Bee/artifacts/LinuxPlayerBuildProgram/zbz95/0epnz1m32k19.o
[ 782/1513 22s] C_Linux_x64_Clang Library/Bee/artifacts/LinuxPlayerBuildProgram/zbz95/ufs6i7bpi3yv.o
[ 783/1513  0s] C_Linux_x64_Clang Library/Bee/artifacts/LinuxPlayerBuildProgram/zbz95/x1dlhsya1xsr.o
[ 784/1513 12s] C_Linux_x64_Clang Library/Bee/artifacts/LinuxPlayerBuildProgram/zbz95/b4l2nx9jz2k2.o
[ 785/1513 17s] C_Linux_x64_Clang Library/Bee/artifacts/LinuxPlayerBuildProgram/zbz95/7qjj5b5f87jq.o
[ 786/1513  0s] C_Linux_x64_Clang Library/Bee/artifacts/LinuxPlayerBuildProgram/zbz95/pjzhej062h48.o
[ 787/1513  3s] C_Linux_x64_Clang Library/Bee/artifacts/LinuxPlayerBuildProgram/zbz95/vptn9ca7f52i.o
[ 788/1513  0s] C_Linux_x64_Clang Library/Bee/artifacts/LinuxPlayerBuildProgram/zbz95/mc98nqcqat7x.o
[ 789/1513 24s] C_Linux_x64_Clang Library/Bee/artifacts/LinuxPlayerBuildProgram/zbz95/ayfi5mx0igde.o
[ 790/1513  0s] C_Linux_x64_Clang Library/Bee/artifacts/LinuxPlayerBuildProgram/zbz95/x7qi0hboeefi.o
[ 791/1513  3s] C_Linux_x64_Clang Library/Bee/artifacts/LinuxPlayerBuildProgram/zbz95/6kzwr8qtoa14.o
[ 792/1513  0s] C_Linux_x64_Clang Library/Bee/artifacts/LinuxPlayerBuildProgram/zbz95/arsyt86ljzaj.o
[ 793/1513  4s] C_Linux_x64_Clang Library/Bee/artifacts/LinuxPlayerBuildProgram/zbz95/9jjnwe1x2lig.o
[ 794/1513  0s] C_Linux_x64_Clang Library/Bee/artifacts/LinuxPlayerBuildProgram/zbz95/so9oolhijejw.o
[ 795/1513  1s] C_Linux_x64_Clang Library/Bee/artifacts/LinuxPlayerBuildProgram/zbz95/5u8jplb2u47z.o
[ 796/1513  2s] C_Linux_x64_Clang Library/Bee/artifacts/LinuxPlayerBuildProgram/zbz95/h02a9m5l778o.o
[ 797/1513 12s] C_Linux_x64_Clang Library/Bee/artifacts/LinuxPlayerBuildProgram/zbz95/8jw7hdkp5fiw.o
[ 798/1513 21s] C_Linux_x64_Clang Library/Bee/artifacts/LinuxPlayerBuildProgram/zbz95/7naqjejemg4s.o
[ 799/1513  0s] C_Linux_x64_Clang Library/Bee/artifacts/LinuxPlayerBuildProgram/zbz95/fy0na51nzeal.o
[ 800/1513 13s] C_Linux_x64_Clang Library/Bee/artifacts/LinuxPlayerBuildProgram/zbz95/tgbto34999ve.o
[ 801/1513  3s] C_Linux_x64_Clang Library/Bee/artifacts/LinuxPlayerBuildProgram/zbz95/d8j57nza7nf8.o
[ 802/1513 21s] C_Linux_x64_Clang Library/Bee/artifacts/LinuxPlayerBuildProgram/zbz95/nrzmcvb3fwzk.o
[ 803/1513 16s] C_Linux_x64_Clang Library/Bee/artifacts/LinuxPlayerBuildProgram/zbz95/tewcowujaupr.o
[ 804/1513  0s] C_Linux_x64_Clang Library/Bee/artifacts/LinuxPlayerBuildProgram/zbz95/zut9cpp2wazk.o
[ 805/1513  0s] C_Linux_x64_Clang Library/Bee/artifacts/LinuxPlayerBuildProgram/zbz95/34e1k3mrgv53.o
[ 806/1513 48s] C_Linux_x64_Clang Library/Bee/artifacts/LinuxPlayerBuildProgram/zbz95/niwjmj2jknlm.o
[ 807/1513 13s] C_Linux_x64_Clang Library/Bee/artifacts/LinuxPlayerBuildProgram/zbz95/g5xuxi993b24.o
[ 808/1513 13s] C_Linux_x64_Clang Library/Bee/artifacts/LinuxPlayerBuildProgram/zbz95/k3nr37jslfjn.o
[ 809/1513  0s] C_Linux_x64_Clang Library/Bee/artifacts/LinuxPlayerBuildProgram/zbz95/onloshyjzwgz.o
[ 810/1513 12s] C_Linux_x64_Clang Library/Bee/artifacts/LinuxPlayerBuildProgram/zbz95/ohdxgn9ysgo3.o
[ 811/1513  1s] C_Linux_x64_Clang Library/Bee/artifacts/LinuxPlayerBuildProgram/zbz95/ztux7c21bdsy.o
[ 812/1513 20s] C_Linux_x64_Clang Library/Bee/artifacts/LinuxPlayerBuildProgram/zbz95/lvjlmmkddiig.o
[ 813/1513 10s] C_Linux_x64_Clang Library/Bee/artifacts/LinuxPlayerBuildProgram/zbz95/i51no20t2prb.o
[ 814/1513 18s] C_Linux_x64_Clang Library/Bee/artifacts/LinuxPlayerBuildProgram/zbz95/nke30548y5vw.o
[ 815/1513 17s] C_Linux_x64_Clang Library/Bee/artifacts/LinuxPlayerBuildProgram/zbz95/8m11lfdo94cj.o
[ 816/1513  0s] C_Linux_x64_Clang Library/Bee/artifacts/LinuxPlayerBuildProgram/zbz95/v6dgoto1zszo.o
[ 817/1513 20s] C_Linux_x64_Clang Library/Bee/artifacts/LinuxPlayerBuildProgram/zbz95/zgzjc9y0103f.o
[ 818/1513 18s] C_Linux_x64_Clang Library/Bee/artifacts/LinuxPlayerBuildProgram/zbz95/9dwh58mmfdnw.o
[ 819/1513  0s] C_Linux_x64_Clang Library/Bee/artifacts/LinuxPlayerBuildProgram/zbz95/2on41dl17b6b.o
[ 820/1513 17s] C_Linux_x64_Clang Library/Bee/artifacts/LinuxPlayerBuildProgram/zbz95/bzdjzgvy3ayx.o
[ 821/1513  3s] C_Linux_x64_Clang Library/Bee/artifacts/LinuxPlayerBuildProgram/zbz95/tqk1caid35sl.o
[ 822/1513 21s] C_Linux_x64_Clang Library/Bee/artifacts/LinuxPlayerBuildProgram/zbz95/31980dv1psck.o
[ 823/1513  0s] C_Linux_x64_Clang Library/Bee/artifacts/LinuxPlayerBuildProgram/zbz95/f00qfv3n3wlv.o
[ 824/1513 21s] C_Linux_x64_Clang Library/Bee/artifacts/LinuxPlayerBuildProgram/zbz95/go8tww295hv2.o
[ 825/1513  6s] C_Linux_x64_Clang Library/Bee/artifacts/LinuxPlayerBuildProgram/zbz95/6ptj4rqrt0oe.o
[ 826/1513 15s] C_Linux_x64_Clang Library/Bee/artifacts/LinuxPlayerBuildProgram/zbz95/nejxhv5kn74n.o
[ 827/1513 30s] C_Linux_x64_Clang Library/Bee/artifacts/LinuxPlayerBuildProgram/zbz95/22sv69nmhz92.o
[ 828/1513 17s] C_Linux_x64_Clang Library/Bee/artifacts/LinuxPlayerBuildProgram/zbz95/40r0s3ssaper.o
[ 829/1513 13s] C_Linux_x64_Clang Library/Bee/artifacts/LinuxPlayerBuildProgram/zbz95/uov98il8dcdu.o
[ 830/1513 14s] C_Linux_x64_Clang Library/Bee/artifacts/LinuxPlayerBuildProgram/zbz95/2yf91lrnkjt4.o
[ 831/1513 20s] C_Linux_x64_Clang Library/Bee/artifacts/LinuxPlayerBuildProgram/zbz95/wrxw9pfezn4d.o
[ 832/1513  2s] C_Linux_x64_Clang Library/Bee/artifacts/LinuxPlayerBuildProgram/zbz95/500x1e8bem6a.o
[ 833/1513 19s] C_Linux_x64_Clang Library/Bee/artifacts/LinuxPlayerBuildProgram/zbz95/g3fbjw6kptru.o
[ 834/1513  0s] C_Linux_x64_Clang Library/Bee/artifacts/LinuxPlayerBuildProgram/zbz95/yjx6ubc3okyr.o
[ 835/1513  0s] C_Linux_x64_Clang Library/Bee/artifacts/LinuxPlayerBuildProgram/zbz95/1sssbt9ygjzo.o
[ 836/1513 13s] C_Linux_x64_Clang Library/Bee/artifacts/LinuxPlayerBuildProgram/zbz95/d1n8ukubjaks.o
[ 837/1513 14s] C_Linux_x64_Clang Library/Bee/artifacts/LinuxPlayerBuildProgram/zbz95/a0w54cojvhvg.o
[ 838/1513 21s] C_Linux_x64_Clang Library/Bee/artifacts/LinuxPlayerBuildProgram/zbz95/dtbfck44uabh.o
[ 839/1513  0s] C_Linux_x64_Clang Library/Bee/artifacts/LinuxPlayerBuildProgram/zbz95/g7o6rdhqsj3g.o
[ 840/1513 26s] C_Linux_x64_Clang Library/Bee/artifacts/LinuxPlayerBuildProgram/zbz95/mb5j8xlq0fl9.o
[ 841/1513 12s] C_Linux_x64_Clang Library/Bee/artifacts/LinuxPlayerBuildProgram/zbz95/2opvmuruz3ut.o
[ 842/1513  2s] C_Linux_x64_Clang Library/Bee/artifacts/LinuxPlayerBuildProgram/zbz95/9zjond60bmkb.o
[ 843/1513 14s] C_Linux_x64_Clang Library/Bee/artifacts/LinuxPlayerBuildProgram/zbz95/wjmhobgjnrus.o
[ 844/1513  0s] C_Linux_x64_Clang Library/Bee/artifacts/LinuxPlayerBuildProgram/zbz95/v9wm2p3bfnmw.o
[ 845/1513 14s] C_Linux_x64_Clang Library/Bee/artifacts/LinuxPlayerBuildProgram/zbz95/d0wyn9azb1e5.o
[ 846/1513  0s] C_Linux_x64_Clang Library/Bee/artifacts/LinuxPlayerBuildProgram/zbz95/nrh027gjppu4.o
[ 847/1513  4s] C_Linux_x64_Clang Library/Bee/artifacts/LinuxPlayerBuildProgram/zbz95/vn6ffi906xdg.o
[ 848/1513 13s] C_Linux_x64_Clang Library/Bee/artifacts/LinuxPlayerBuildProgram/zbz95/ec6ygi332vez.o
[ 849/1513 12s] C_Linux_x64_Clang Library/Bee/artifacts/LinuxPlayerBuildProgram/zbz95/320i8oeex1h7.o
[ 850/1513 14s] C_Linux_x64_Clang Library/Bee/artifacts/LinuxPlayerBuildProgram/zbz95/88wlgucwuo4o.o
[ 851/1513  0s] CopyFiles ~/wkspace/gc-studio/p4.2i/.evidence/P42iPlayer/player/Hollowmere_BackUpThisFolder_ButDontShipItWithYourGame/il2cppOutput/Generics__161.cpp
[ 852/1513  0s] CopyFiles ~/wkspace/gc-studio/p4.2i/.evidence/P42iPlayer/player/Hollowmere_BackUpThisFolder_ButDontShipItWithYourGame/il2cppOutput/Generics__45.cpp
[ 853/1513  0s] CopyFiles ~/wkspace/gc-studio/p4.2i/.evidence/P42iPlayer/player/Hollowmere_BackUpThisFolder_ButDontShipItWithYourGame/il2cppOutput/Generics__159.cpp
[ 854/1513  0s] CopyFiles ~/wkspace/gc-studio/p4.2i/.evidence/P42iPlayer/player/Hollowmere_BackUpThisFolder_ButDontShipItWithYourGame/il2cppOutput/UnityEngine.UIModule_CodeGen.c
[ 855/1513  0s] CopyFiles ~/wkspace/gc-studio/p4.2i/.evidence/P42iPlayer/player/Hollowmere_BackUpThisFolder_ButDontShipItWithYourGame/il2cppOutput/GameCore.Unity.Runtime_CodeGen.c
[ 856/1513  0s] CopyFiles ~/wkspace/gc-studio/p4.2i/.evidence/P42iPlayer/player/Hollowmere_BackUpThisFolder_ButDontShipItWithYourGame/il2cppOutput/GameCore.Rules.Gameplay__1.cpp
[ 857/1513  0s] CopyFiles ~/wkspace/gc-studio/p4.2i/.evidence/P42iPlayer/player/Hollowmere_BackUpThisFolder_ButDontShipItWithYourGame/il2cppOutput/GameCore.Rules.Gameplay_CodeGen.c
[ 858/1513  0s] CopyFiles ~/wkspace/gc-studio/p4.2i/.evidence/P42iPlayer/player/Hollowmere_BackUpThisFolder_ButDontShipItWithYourGame/il2cppOutput/Generics__90.cpp
[ 859/1513  0s] CopyFiles ~/wkspace/gc-studio/p4.2i/.evidence/P42iPlayer/player/Hollowmere_BackUpThisFolder_ButDontShipItWithYourGame/il2cppOutput/Unity.InputSystem__8.cpp
[ 860/1513  0s] CopyFiles ~/wkspace/gc-studio/p4.2i/.evidence/P42iPlayer/player/Hollowmere_BackUpThisFolder_ButDontShipItWithYourGame/il2cppOutput/UnityEngine.UI__1.cpp
[ 861/1513  0s] CopyFiles ~/wkspace/gc-studio/p4.2i/.evidence/P42iPlayer/player/Hollowmere_BackUpThisFolder_ButDontShipItWithYourGame/il2cppOutput/UnityEngine.AIModule_CodeGen.c
[ 862/1513  0s] CopyFiles ~/wkspace/gc-studio/p4.2i/.evidence/P42iPlayer/player/Hollowmere_BackUpThisFolder_ButDontShipItWithYourGame/il2cppOutput/Il2CppCCTypeValuesTable.cpp
[ 863/1513  0s] CopyFiles ~/wkspace/gc-studio/p4.2i/.evidence/P42iPlayer/player/Hollowmere_BackUpThisFolder_ButDontShipItWithYourGame/il2cppOutput/Unity.InputSystem__7.cpp
[ 864/1513  0s] CopyFiles ~/wkspace/gc-studio/p4.2i/.evidence/P42iPlayer/player/Hollowmere_BackUpThisFolder_ButDontShipItWithYourGame/il2cppOutput/GenericMethods__25.cpp
[ 865/1513  0s] CopyFiles ~/wkspace/gc-studio/p4.2i/.evidence/P42iPlayer/player/Hollowmere_BackUpThisFolder_ButDontShipItWithYourGame/il2cppOutput/Unity.InputSystem.ForUI.cpp
[ 866/1513  0s] CopyFiles ~/wkspace/gc-studio/p4.2i/.evidence/P42iPlayer/player/Hollowmere_BackUpThisFolder_ButDontShipItWithYourGame/il2cppOutput/Generics__41.cpp
[ 867/1513  0s] CopyFiles ~/wkspace/gc-studio/p4.2i/.evidence/P42iPlayer/player/Hollowmere_BackUpThisFolder_ButDontShipItWithYourGame/il2cppOutput/GameCore.Contracts.cpp
[ 868/1513  0s] CopyFiles ~/wkspace/gc-studio/p4.2i/.evidence/P42iPlayer/player/Hollowmere_BackUpThisFolder_ButDontShipItWithYourGame/il2cppOutput/GenericMethods__2.cpp
[ 869/1513  0s] CopyFiles ~/wkspace/gc-studio/p4.2i/.evidence/P42iPlayer/player/Hollowmere_BackUpThisFolder_ButDontShipItWithYourGame/il2cppOutput/Generics__28.cpp
[ 870/1513  0s] CopyFiles ~/wkspace/gc-studio/p4.2i/.evidence/P42iPlayer/player/Hollowmere_BackUpThisFolder_ButDontShipItWithYourGame/il2cppOutput/Unity.RenderPipelines.GPUDriven.Runtime_CodeGen.c
[ 871/1513  0s] CopyFiles ~/wkspace/gc-studio/p4.2i/.evidence/P42iPlayer/player/Hollowmere_BackUpThisFolder_ButDontShipItWithYourGame/il2cppOutput/Unity.RenderPipelines.GPUDriven.Runtime__2.cpp
[ 872/1513  0s] CopyFiles ~/wkspace/gc-studio/p4.2i/.evidence/P42iPlayer/player/Hollowmere_BackUpThisFolder_ButDontShipItWithYourGame/il2cppOutput/Unity.RenderPipelines.GPUDriven.Runtime__1.cpp
[ 873/1513  0s] CopyFiles ~/wkspace/gc-studio/p4.2i/.evidence/P42iPlayer/player/Hollowmere_BackUpThisFolder_ButDontShipItWithYourGame/il2cppOutput/Generics__173.cpp
[ 874/1513  0s] CopyFiles ~/wkspace/gc-studio/p4.2i/.evidence/P42iPlayer/player/Hollowmere_BackUpThisFolder_ButDontShipItWithYourGame/il2cppOutput/Generics__14.cpp
[ 875/1513  0s] CopyFiles ~/wkspace/gc-studio/p4.2i/.evidence/P42iPlayer/player/Hollowmere_BackUpThisFolder_ButDontShipItWithYourGame/il2cppOutput/GenericMethods__3.cpp
[ 876/1513  0s] CopyFiles ~/wkspace/gc-studio/p4.2i/.evidence/P42iPlayer/player/Hollowmere_BackUpThisFolder_ButDontShipItWithYourGame/il2cppOutput/Generics__27.cpp
[ 877/1513  0s] CopyFiles ~/wkspace/gc-studio/p4.2i/.evidence/P42iPlayer/player/Hollowmere_BackUpThisFolder_ButDontShipItWithYourGame/il2cppOutput/Generics__135.cpp
[ 878/1513  0s] CopyFiles ~/wkspace/gc-studio/p4.2i/.evidence/P42iPlayer/player/Hollowmere_BackUpThisFolder_ButDontShipItWithYourGame/il2cppOutput/GameCore.Composition_CodeGen.c
[ 879/1513  0s] CopyFiles ~/wkspace/gc-studio/p4.2i/.evidence/P42iPlayer/player/Hollowmere_BackUpThisFolder_ButDontShipItWithYourGame/il2cppOutput/Generics__130.cpp
[ 880/1513  0s] CopyFiles ~/wkspace/gc-studio/p4.2i/.evidence/P42iPlayer/player/Hollowmere_BackUpThisFolder_ButDontShipItWithYourGame/il2cppOutput/UnityEngine.UI.cpp
[ 881/1513  0s] CopyFiles ~/wkspace/gc-studio/p4.2i/.evidence/P42iPlayer/player/Hollowmere_BackUpThisFolder_ButDontShipItWithYourGame/il2cppOutput/Generics__127.cpp
[ 882/1513  0s] CopyFiles ~/wkspace/gc-studio/p4.2i/.evidence/P42iPlayer/player/Hollowmere_BackUpThisFolder_ButDontShipItWithYourGame/il2cppOutput/Generics__154.cpp
[ 883/1513  0s] CopyFiles ~/wkspace/gc-studio/p4.2i/.evidence/P42iPlayer/player/Hollowmere_BackUpThisFolder_ButDontShipItWithYourGame/il2cppOutput/GameCore.Unity.Adapters_CodeGen.c
[ 884/1513  0s] CopyFiles ~/wkspace/gc-studio/p4.2i/.evidence/P42iPlayer/player/Hollowmere_BackUpThisFolder_ButDontShipItWithYourGame/il2cppOutput/GenericMethods__90.cpp
[ 885/1513  0s] CopyFiles ~/wkspace/gc-studio/p4.2i/.evidence/P42iPlayer/player/Hollowmere_BackUpThisFolder_ButDontShipItWithYourGame/il2cppOutput/Generics__134.cpp
[ 886/1513  0s] CopyFiles ~/wkspace/gc-studio/p4.2i/.evidence/P42iPlayer/player/Hollowmere_BackUpThisFolder_ButDontShipItWithYourGame/il2cppOutput/GenericMethods__75.cpp
[ 887/1513  0s] CopyFiles ~/wkspace/gc-studio/p4.2i/.evidence/P42iPlayer/player/Hollowmere_BackUpThisFolder_ButDontShipItWithYourGame/il2cppOutput/GenericMethods__11.cpp
[ 888/1513  0s] CopyFiles ~/wkspace/gc-studio/p4.2i/.evidence/P42iPlayer/player/Hollowmere_BackUpThisFolder_ButDontShipItWithYourGame/il2cppOutput/Unity.Entities__7.cpp
[ 889/1513  0s] CopyFiles ~/wkspace/gc-studio/p4.2i/.evidence/P42iPlayer/player/Hollowmere_BackUpThisFolder_ButDontShipItWithYourGame/il2cppOutput/mscorlib__7.cpp
[ 890/1513  0s] CopyFiles ~/wkspace/gc-studio/p4.2i/.evidence/P42iPlayer/player/Hollowmere_BackUpThisFolder_ButDontShipItWithYourGame/il2cppOutput/Generics__182.cpp
[ 891/1513  0s] CopyFiles ~/wkspace/gc-studio/p4.2i/.evidence/P42iPlayer/player/Hollowmere_BackUpThisFolder_ButDontShipItWithYourGame/il2cppOutput/GenericMethods__32.cpp
[ 892/1513  0s] CopyFiles ~/wkspace/gc-studio/p4.2i/.evidence/P42iPlayer/player/Hollowmere_BackUpThisFolder_ButDontShipItWithYourGame/il2cppOutput/GameCore.Gameplay.Quest_CodeGen.c
[ 893/1513  0s] CopyFiles ~/wkspace/gc-studio/p4.2i/.evidence/P42iPlayer/player/Hollowmere_BackUpThisFolder_ButDontShipItWithYourGame/il2cppOutput/Hollowmere.Checkpoint.cpp
[ 894/1513  0s] CopyFiles ~/wkspace/gc-studio/p4.2i/.evidence/P42iPlayer/player/Hollowmere_BackUpThisFolder_ButDontShipItWithYourGame/il2cppOutput/Generics__54.cpp
[ 895/1513  0s] CopyFiles ~/wkspace/gc-studio/p4.2i/.evidence/P42iPlayer/player/Hollowmere_BackUpThisFolder_ButDontShipItWithYourGame/il2cppOutput/Generics__85.cpp
[ 896/1513  0s] CopyFiles ~/wkspace/gc-studio/p4.2i/.evidence/P42iPlayer/player/Hollowmere_BackUpThisFolder_ButDontShipItWithYourGame/il2cppOutput/Generics__166.cpp
[ 897/1513  0s] CopyFiles ~/wkspace/gc-studio/p4.2i/.evidence/P42iPlayer/player/Hollowmere_BackUpThisFolder_ButDontShipItWithYourGame/il2cppOutput/Il2CppCCalculateTypeValues1.cpp
[ 898/1513  0s] CopyFiles ~/wkspace/gc-studio/p4.2i/.evidence/P42iPlayer/player/Hollowmere_BackUpThisFolder_ButDontShipItWithYourGame/il2cppOutput/Il2CppCCalculateTypeValues.cpp
[ 899/1513  0s] CopyFiles ~/wkspace/gc-studio/p4.2i/.evidence/P42iPlayer/player/Hollowmere_BackUpThisFolder_ButDontShipItWithYourGame/il2cppOutput/UnityEngine.TextCoreFontEngineModule_CodeGen.c
[ 900/1513  0s] CopyFiles ~/wkspace/gc-studio/p4.2i/.evidence/P42iPlayer/player/Hollowmere_BackUpThisFolder_ButDontShipItWithYourGame/il2cppOutput/UnityEngine.TextCoreFontEngineModule.cpp
[ 901/1513  0s] CopyFiles ~/wkspace/gc-studio/p4.2i/.evidence/P42iPlayer/player/Hollowmere_BackUpThisFolder_ButDontShipItWithYourGame/il2cppOutput/Generics__100.cpp
[ 902/1513  0s] CopyFiles ~/wkspace/gc-studio/p4.2i/.evidence/P42iPlayer/player/Hollowmere_BackUpThisFolder_ButDontShipItWithYourGame/il2cppOutput/Il2CppMetadataRegistration.c
[ 903/1513  0s] CopyFiles ~/wkspace/gc-studio/p4.2i/.evidence/P42iPlayer/player/Hollowmere_BackUpThisFolder_ButDontShipItWithYourGame/il2cppOutput/Generics__167.cpp
[ 904/1513  0s] CopyFiles ~/wkspace/gc-studio/p4.2i/.evidence/P42iPlayer/player/Hollowmere_BackUpThisFolder_ButDontShipItWithYourGame/il2cppOutput/Generics__26.cpp
[ 905/1513  0s] CopyFiles ~/wkspace/gc-studio/p4.2i/.evidence/P42iPlayer/player/Hollowmere_BackUpThisFolder_ButDontShipItWithYourGame/il2cppOutput/Generics__71.cpp
[ 906/1513  0s] CopyFiles ~/wkspace/gc-studio/p4.2i/.evidence/P42iPlayer/player/Hollowmere_BackUpThisFolder_ButDontShipItWithYourGame/il2cppOutput/Il2CppCCalculateTypeValues2.cpp
[ 907/1513  0s] CopyFiles ~/wkspace/gc-studio/p4.2i/.evidence/P42iPlayer/player/Hollowmere_BackUpThisFolder_ButDontShipItWithYourGame/il2cppOutput/Generics__69.cpp
[ 908/1513  0s] CopyFiles ~/wkspace/gc-studio/p4.2i/.evidence/P42iPlayer/player/Hollowmere_BackUpThisFolder_ButDontShipItWithYourGame/il2cppOutput/GameCore.Unity.Runtime__2.cpp
[ 909/1513  0s] CopyFiles ~/wkspace/gc-studio/p4.2i/.evidence/P42iPlayer/player/Hollowmere_BackUpThisFolder_ButDontShipItWithYourGame/il2cppOutput/GameCore.Unity.Runtime__4.cpp
[ 910/1513  0s] CopyFiles ~/wkspace/gc-studio/p4.2i/.evidence/P42iPlayer/player/Hollowmere_BackUpThisFolder_ButDontShipItWithYourGame/il2cppOutput/GameCore.Unity.Runtime__1.cpp
[ 911/1513  0s] CopyFiles ~/wkspace/gc-studio/p4.2i/.evidence/P42iPlayer/player/Hollowmere_BackUpThisFolder_ButDontShipItWithYourGame/il2cppOutput/GameCore.Unity.Runtime__3.cpp
[ 912/1513  0s] CopyFiles ~/wkspace/gc-studio/p4.2i/.evidence/P42iPlayer/player/Hollowmere_BackUpThisFolder_ButDontShipItWithYourGame/il2cppOutput/Mono.Security_CodeGen.c
[ 913/1513  0s] CopyFiles ~/wkspace/gc-studio/p4.2i/.evidence/P42iPlayer/player/Hollowmere_BackUpThisFolder_ButDontShipItWithYourGame/il2cppOutput/Generics__172.cpp
[ 914/1513  0s] CopyFiles ~/wkspace/gc-studio/p4.2i/.evidence/P42iPlayer/player/Hollowmere_BackUpThisFolder_ButDontShipItWithYourGame/il2cppOutput/Generics__10.cpp
[ 915/1513  0s] CopyFiles ~/wkspace/gc-studio/p4.2i/.evidence/P42iPlayer/player/Hollowmere_BackUpThisFolder_ButDontShipItWithYourGame/il2cppOutput/UnityEngine.TilemapModule.cpp
[ 916/1513  0s] CopyFiles ~/wkspace/gc-studio/p4.2i/.evidence/P42iPlayer/player/Hollowmere_BackUpThisFolder_ButDontShipItWithYourGame/il2cppOutput/GameCore.Unity.Adapters.cpp
[ 917/1513  0s] CopyFiles ~/wkspace/gc-studio/p4.2i/.evidence/P42iPlayer/player/Hollowmere_BackUpThisFolder_ButDontShipItWithYourGame/il2cppOutput/GenericMethods__88.cpp
[ 918/1513  0s] CopyFiles ~/wkspace/gc-studio/p4.2i/.evidence/P42iPlayer/player/Hollowmere_BackUpThisFolder_ButDontShipItWithYourGame/il2cppOutput/System.Configuration_CodeGen.c
[ 919/1513  0s] CopyFiles ~/wkspace/gc-studio/p4.2i/.evidence/P42iPlayer/player/Hollowmere_BackUpThisFolder_ButDontShipItWithYourGame/il2cppOutput/Generics__53.cpp
[ 920/1513  0s] CopyFiles ~/wkspace/gc-studio/p4.2i/.evidence/P42iPlayer/player/Hollowmere_BackUpThisFolder_ButDontShipItWithYourGame/il2cppOutput/UnityEngine.UI__2.cpp
[ 921/1513  0s] CopyFiles ~/wkspace/gc-studio/p4.2i/.evidence/P42iPlayer/player/Hollowmere_BackUpThisFolder_ButDontShipItWithYourGame/il2cppOutput/Generics__101.cpp
[ 922/1513  0s] CopyFiles ~/wkspace/gc-studio/p4.2i/.evidence/P42iPlayer/player/Hollowmere_BackUpThisFolder_ButDontShipItWithYourGame/il2cppOutput/Generics__37.cpp
[ 923/1513  0s] CopyFiles ~/wkspace/gc-studio/p4.2i/.evidence/P42iPlayer/player/Hollowmere_BackUpThisFolder_ButDontShipItWithYourGame/il2cppOutput/Generics__121.cpp
[ 924/1513  0s] CopyFiles ~/wkspace/gc-studio/p4.2i/.evidence/P42iPlayer/player/Hollowmere_BackUpThisFolder_ButDontShipItWithYourGame/il2cppOutput/Generics__6.cpp
[ 925/1513  0s] CopyFiles ~/wkspace/gc-studio/p4.2i/.evidence/P42iPlayer/player/Hollowmere_BackUpThisFolder_ButDontShipItWithYourGame/il2cppOutput/Generics__153.cpp
[ 926/1513  0s] CopyFiles ~/wkspace/gc-studio/p4.2i/.evidence/P42iPlayer/player/Hollowmere_BackUpThisFolder_ButDontShipItWithYourGame/il2cppOutput/System__1.cpp
[ 927/1513  0s] CopyFiles ~/wkspace/gc-studio/p4.2i/.evidence/P42iPlayer/player/Hollowmere_BackUpThisFolder_ButDontShipItWithYourGame/il2cppOutput/Generics__112.cpp
[ 928/1513  0s] CopyFiles ~/wkspace/gc-studio/p4.2i/.evidence/P42iPlayer/player/Hollowmere_BackUpThisFolder_ButDontShipItWithYourGame/il2cppOutput/Unity.RenderPipelines.Universal.Runtime.cpp
[ 929/1513  0s] CopyFiles ~/wkspace/gc-studio/p4.2i/.evidence/P42iPlayer/player/Hollowmere_BackUpThisFolder_ButDontShipItWithYourGame/il2cppOutput/Unity.RenderPipelines.Universal.Runtime_CodeGen.c
[ 930/1513  0s] CopyFiles ~/wkspace/gc-studio/p4.2i/.evidence/P42iPlayer/player/Hollowmere_BackUpThisFolder_ButDontShipItWithYourGame/il2cppOutput/Unity.RenderPipelines.Universal.Runtime__2.cpp
[ 931/1513  0s] CopyFiles ~/wkspace/gc-studio/p4.2i/.evidence/P42iPlayer/player/Hollowmere_BackUpThisFolder_ButDontShipItWithYourGame/il2cppOutput/Unity.RenderPipelines.Universal.Runtime__6.cpp
[ 932/1513  0s] CopyFiles ~/wkspace/gc-studio/p4.2i/.evidence/P42iPlayer/player/Hollowmere_BackUpThisFolder_ButDontShipItWithYourGame/il2cppOutput/Unity.RenderPipelines.Universal.Runtime__3.cpp
[ 933/1513  0s] CopyFiles ~/wkspace/gc-studio/p4.2i/.evidence/P42iPlayer/player/Hollowmere_BackUpThisFolder_ButDontShipItWithYourGame/il2cppOutput/Unity.RenderPipelines.Universal.Runtime__7.cpp
[ 934/1513  0s] CopyFiles ~/wkspace/gc-studio/p4.2i/.evidence/P42iPlayer/player/Hollowmere_BackUpThisFolder_ButDontShipItWithYourGame/il2cppOutput/Unity.RenderPipelines.Universal.Runtime__8.cpp
[ 935/1513  0s] CopyFiles ~/wkspace/gc-studio/p4.2i/.evidence/P42iPlayer/player/Hollowmere_BackUpThisFolder_ButDontShipItWithYourGame/il2cppOutput/Unity.RenderPipelines.Universal.Runtime__4.cpp
[ 936/1513  0s] CopyFiles ~/wkspace/gc-studio/p4.2i/.evidence/P42iPlayer/player/Hollowmere_BackUpThisFolder_ButDontShipItWithYourGame/il2cppOutput/Unity.RenderPipelines.Universal.Runtime__5.cpp
[ 937/1513  0s] CopyFiles ~/wkspace/gc-studio/p4.2i/.evidence/P42iPlayer/player/Hollowmere_BackUpThisFolder_ButDontShipItWithYourGame/il2cppOutput/Unity.RenderPipelines.Universal.Runtime__1.cpp
[ 938/1513  0s] CopyFiles ~/wkspace/gc-studio/p4.2i/.evidence/P42iPlayer/player/Hollowmere_BackUpThisFolder_ButDontShipItWithYourGame/il2cppOutput/GenericMethods__55.cpp
[ 939/1513  0s] CopyFiles ~/wkspace/gc-studio/p4.2i/.evidence/P42iPlayer/player/Hollowmere_BackUpThisFolder_ButDontShipItWithYourGame/il2cppOutput/UnityEngine.InputForUIModule.cpp
[ 940/1513  0s] CopyFiles ~/wkspace/gc-studio/p4.2i/.evidence/P42iPlayer/player/Hollowmere_BackUpThisFolder_ButDontShipItWithYourGame/il2cppOutput/UnityEngine.InputForUIModule_CodeGen.c
[ 941/1513  0s] CopyFiles ~/wkspace/gc-studio/p4.2i/.evidence/P42iPlayer/player/Hollowmere_BackUpThisFolder_ButDontShipItWithYourGame/il2cppOutput/Unity.RenderPipelines.GPUDriven.Runtime.cpp
[ 942/1513  0s] CopyFiles ~/wkspace/gc-studio/p4.2i/.evidence/P42iPlayer/player/Hollowmere_BackUpThisFolder_ButDontShipItWithYourGame/il2cppOutput/Unity.Collections_CodeGen.c
[ 943/1513  0s] CopyFiles ~/wkspace/gc-studio/p4.2i/.evidence/P42iPlayer/player/Hollowmere_BackUpThisFolder_ButDontShipItWithYourGame/il2cppOutput/Generics__77.cpp
[ 944/1513  0s] CopyFiles ~/wkspace/gc-studio/p4.2i/.evidence/P42iPlayer/player/Hollowmere_BackUpThisFolder_ButDontShipItWithYourGame/il2cppOutput/UnityEngine.UIModule.cpp
[ 945/1513  0s] CopyFiles ~/wkspace/gc-studio/p4.2i/.evidence/P42iPlayer/player/Hollowmere_BackUpThisFolder_ButDontShipItWithYourGame/il2cppOutput/Unity.Burst.Unsafe_CodeGen.c
[ 946/1513  0s] CopyFiles ~/wkspace/gc-studio/p4.2i/.evidence/P42iPlayer/player/Hollowmere_BackUpThisFolder_ButDontShipItWithYourGame/il2cppOutput/Generics__147.cpp
[ 947/1513  0s] CopyFiles ~/wkspace/gc-studio/p4.2i/.evidence/P42iPlayer/player/Hollowmere_Data/il2cpp_data/Resources/mscorlib.dll-resources.dat
[ 948/1513  0s] CopyFiles ~/wkspace/gc-studio/p4.2i/.evidence/P42iPlayer/player/Hollowmere_BackUpThisFolder_ButDontShipItWithYourGame/il2cppOutput/Generics__122.cpp
[ 949/1513  0s] CopyFiles ~/wkspace/gc-studio/p4.2i/.evidence/P42iPlayer/player/Hollowmere_BackUpThisFolder_ButDontShipItWithYourGame/il2cppOutput/Unity.Entities.Hybrid.cpp
[ 950/1513  0s] CopyFiles ~/wkspace/gc-studio/p4.2i/.evidence/P42iPlayer/player/Hollowmere_BackUpThisFolder_ButDontShipItWithYourGame/il2cppOutput/GenericMethods__95.cpp
[ 951/1513  0s] CopyFiles ~/wkspace/gc-studio/p4.2i/.evidence/P42iPlayer/player/Hollowmere_BackUpThisFolder_ButDontShipItWithYourGame/il2cppOutput/GameCore.Gameplay.Inventory.cpp
[ 952/1513  0s] CopyFiles ~/wkspace/gc-studio/p4.2i/.evidence/P42iPlayer/player/Hollowmere_BackUpThisFolder_ButDontShipItWithYourGame/il2cppOutput/GameCore.Gameplay.Inventory_CodeGen.c
[ 953/1513  0s] CopyFiles ~/wkspace/gc-studio/p4.2i/.evidence/P42iPlayer/player/Hollowmere_BackUpThisFolder_ButDontShipItWithYourGame/il2cppOutput/UnityEngine.TextCoreTextEngineModule__1.cpp
[ 954/1513  0s] CopyFiles ~/wkspace/gc-studio/p4.2i/.evidence/P42iPlayer/player/Hollowmere_BackUpThisFolder_ButDontShipItWithYourGame/il2cppOutput/UnityEngine.TextCoreTextEngineModule__2.cpp
[ 955/1513  0s] CopyFiles ~/wkspace/gc-studio/p4.2i/.evidence/P42iPlayer/player/Hollowmere_BackUpThisFolder_ButDontShipItWithYourGame/il2cppOutput/UnityEngine.TextCoreTextEngineModule__3.cpp
[ 956/1513  0s] CopyFiles ~/wkspace/gc-studio/p4.2i/.evidence/P42iPlayer/player/Hollowmere_BackUpThisFolder_ButDontShipItWithYourGame/il2cppOutput/GenericMethods__13.cpp
[ 957/1513  0s] CopyFiles ~/wkspace/gc-studio/p4.2i/.evidence/P42iPlayer/player/Hollowmere_BackUpThisFolder_ButDontShipItWithYourGame/il2cppOutput/UnityEngine.UIElementsModule__13.cpp
[ 958/1513  0s] CopyFiles ~/wkspace/gc-studio/p4.2i/.evidence/P42iPlayer/player/Hollowmere_BackUpThisFolder_ButDontShipItWithYourGame/il2cppOutput/UnityEngine.UIElementsModule__19.cpp
[ 959/1513  0s] CopyFiles ~/wkspace/gc-studio/p4.2i/.evidence/P42iPlayer/player/Hollowmere_BackUpThisFolder_ButDontShipItWithYourGame/il2cppOutput/UnityEngine.UIElementsModule__18.cpp
[ 960/1513  0s] CopyFiles ~/wkspace/gc-studio/p4.2i/.evidence/P42iPlayer/player/Hollowmere_BackUpThisFolder_ButDontShipItWithYourGame/il2cppOutput/UnityEngine.UIElementsModule__14.cpp
[ 961/1513  0s] CopyFiles ~/wkspace/gc-studio/p4.2i/.evidence/P42iPlayer/player/Hollowmere_BackUpThisFolder_ButDontShipItWithYourGame/il2cppOutput/UnityEngine.UIElementsModule__15.cpp
[ 962/1513  0s] CopyFiles ~/wkspace/gc-studio/p4.2i/.evidence/P42iPlayer/player/Hollowmere_BackUpThisFolder_ButDontShipItWithYourGame/il2cppOutput/UnityEngine.UIElementsModule__10.cpp
[ 963/1513  0s] CopyFiles ~/wkspace/gc-studio/p4.2i/.evidence/P42iPlayer/player/Hollowmere_BackUpThisFolder_ButDontShipItWithYourGame/il2cppOutput/UnityEngine.UIElementsModule__16.cpp
[ 964/1513  0s] CopyFiles ~/wkspace/gc-studio/p4.2i/.evidence/P42iPlayer/player/Hollowmere_BackUpThisFolder_ButDontShipItWithYourGame/il2cppOutput/UnityEngine.UIElementsModule__11.cpp
[ 965/1513  0s] CopyFiles ~/wkspace/gc-studio/p4.2i/.evidence/P42iPlayer/player/Hollowmere_BackUpThisFolder_ButDontShipItWithYourGame/il2cppOutput/UnityEngine.UIElementsModule__12.cpp
[ 966/1513  0s] CopyFiles ~/wkspace/gc-studio/p4.2i/.evidence/P42iPlayer/player/Hollowmere_BackUpThisFolder_ButDontShipItWithYourGame/il2cppOutput/GameCore.Gameplay.Interaction.cpp
[ 967/1513  0s] CopyFiles ~/wkspace/gc-studio/p4.2i/.evidence/P42iPlayer/player/Hollowmere_BackUpThisFolder_ButDontShipItWithYourGame/il2cppOutput/GameCore.Gameplay.Interaction_CodeGen.c
[ 968/1513  0s] CopyFiles ~/wkspace/gc-studio/p4.2i/.evidence/P42iPlayer/player/Hollowmere_BackUpThisFolder_ButDontShipItWithYourGame/il2cppOutput/Generics__128.cpp
[ 969/1513  0s] CopyFiles ~/wkspace/gc-studio/p4.2i/.evidence/P42iPlayer/player/Hollowmere_BackUpThisFolder_ButDontShipItWithYourGame/il2cppOutput/GenericMethods__57.cpp
[ 970/1513  0s] CopyFiles ~/wkspace/gc-studio/p4.2i/.evidence/P42iPlayer/player/Hollowmere_BackUpThisFolder_ButDontShipItWithYourGame/il2cppOutput/Generics__145.cpp
[ 971/1513  0s] CopyFiles ~/wkspace/gc-studio/p4.2i/.evidence/P42iPlayer/player/Hollowmere_BackUpThisFolder_ButDontShipItWithYourGame/il2cppOutput/GameCore.Derivation__1.cpp
[ 972/1513  0s] CopyFiles ~/wkspace/gc-studio/p4.2i/.evidence/P42iPlayer/player/Hollowmere_BackUpThisFolder_ButDontShipItWithYourGame/il2cppOutput/Generics__1.cpp
[ 973/1513  0s] CopyFiles ~/wkspace/gc-studio/p4.2i/.evidence/P42iPlayer/player/Hollowmere_BackUpThisFolder_ButDontShipItWithYourGame/il2cppOutput/UnityEngine.ContentLoadModule_CodeGen.c
[ 974/1513  0s] CopyFiles ~/wkspace/gc-studio/p4.2i/.evidence/P42iPlayer/player/Hollowmere_BackUpThisFolder_ButDontShipItWithYourGame/il2cppOutput/UnityEngine.ContentLoadModule.cpp
[ 975/1513  0s] CopyFiles ~/wkspace/gc-studio/p4.2i/.evidence/P42iPlayer/player/Hollowmere_Data/il2cpp_data/Metadata/global-metadata.dat
[ 976/1513  0s] CopyFiles ~/wkspace/gc-studio/p4.2i/.evidence/P42iPlayer/player/Hollowmere_BackUpThisFolder_ButDontShipItWithYourGame/il2cppOutput/Generics__107.cpp
[ 977/1513  0s] CopyFiles ~/wkspace/gc-studio/p4.2i/.evidence/P42iPlayer/player/Hollowmere_BackUpThisFolder_ButDontShipItWithYourGame/il2cppOutput/Generics__158.cpp
[ 978/1513  0s] CopyFiles ~/wkspace/gc-studio/p4.2i/.evidence/P42iPlayer/player/Hollowmere_BackUpThisFolder_ButDontShipItWithYourGame/il2cppOutput/GenericMethods__47.cpp
[ 979/1513  0s] CopyFiles ~/wkspace/gc-studio/p4.2i/.evidence/P42iPlayer/player/Hollowmere_BackUpThisFolder_ButDontShipItWithYourGame/il2cppOutput/GenericMethods__29.cpp
[ 980/1513  0s] CopyFiles ~/wkspace/gc-studio/p4.2i/.evidence/P42iPlayer/player/Hollowmere_BackUpThisFolder_ButDontShipItWithYourGame/il2cppOutput/Generics__132.cpp
[ 981/1513  0s] CopyFiles ~/wkspace/gc-studio/p4.2i/.evidence/P42iPlayer/player/Hollowmere_BackUpThisFolder_ButDontShipItWithYourGame/il2cppOutput/Generics__138.cpp
[ 982/1513  0s] CopyFiles ~/wkspace/gc-studio/p4.2i/.evidence/P42iPlayer/player/Hollowmere_BackUpThisFolder_ButDontShipItWithYourGame/il2cppOutput/UnityEngine.TerrainModule.cpp
[ 983/1513  0s] CopyFiles ~/wkspace/gc-studio/p4.2i/.evidence/P42iPlayer/player/Hollowmere_BackUpThisFolder_ButDontShipItWithYourGame/il2cppOutput/Generics__104.cpp
[ 984/1513  0s] CopyFiles ~/wkspace/gc-studio/p4.2i/.evidence/P42iPlayer/player/Hollowmere_BackUpThisFolder_ButDontShipItWithYourGame/il2cppOutput/Generics__199.cpp
[ 985/1513  0s] CopyFiles ~/wkspace/gc-studio/p4.2i/.evidence/P42iPlayer/player/Hollowmere_BackUpThisFolder_ButDontShipItWithYourGame/il2cppOutput/__Generated_CodeGen.c
[ 986/1513  0s] CopyFiles ~/wkspace/gc-studio/p4.2i/.evidence/P42iPlayer/player/Hollowmere_BackUpThisFolder_ButDontShipItWithYourGame/il2cppOutput/Il2CppMetadataUsage.c
[ 987/1513  0s] CopyFiles ~/wkspace/gc-studio/p4.2i/.evidence/P42iPlayer/player/Hollowmere_BackUpThisFolder_ButDontShipItWithYourGame/il2cppOutput/Unity.Mathematics_CodeGen.c
[ 988/1513  0s] CopyFiles ~/wkspace/gc-studio/p4.2i/.evidence/P42iPlayer/player/Hollowmere_BackUpThisFolder_ButDontShipItWithYourGame/il2cppOutput/Unity.Mathematics.cpp
[ 989/1513  0s] CopyFiles ~/wkspace/gc-studio/p4.2i/.evidence/P42iPlayer/player/Hollowmere_BackUpThisFolder_ButDontShipItWithYourGame/il2cppOutput/Unity.InputSystem__2.cpp
[ 990/1513  0s] CopyFiles ~/wkspace/gc-studio/p4.2i/.evidence/P42iPlayer/player/Hollowmere_BackUpThisFolder_ButDontShipItWithYourGame/il2cppOutput/Generics__118.cpp
[ 991/1513  0s] CopyFiles ~/wkspace/gc-studio/p4.2i/.evidence/P42iPlayer/player/Hollowmere_BackUpThisFolder_ButDontShipItWithYourGame/il2cppOutput/Unity.InputSystem__1.cpp
[ 992/1513  0s] CopyFiles ~/wkspace/gc-studio/p4.2i/.evidence/P42iPlayer/player/Hollowmere_BackUpThisFolder_ButDontShipItWithYourGame/il2cppOutput/GameCore.Rules.Narrative_CodeGen.c
[ 993/1513  0s] CopyFiles ~/wkspace/gc-studio/p4.2i/.evidence/P42iPlayer/player/Hollowmere_BackUpThisFolder_ButDontShipItWithYourGame/il2cppOutput/GameCore.Rules.Narrative.cpp
[ 994/1513  0s] CopyFiles ~/wkspace/gc-studio/p4.2i/.evidence/P42iPlayer/player/Hollowmere_BackUpThisFolder_ButDontShipItWithYourGame/il2cppOutput/Generics__142.cpp
[ 995/1513  0s] CopyFiles ~/wkspace/gc-studio/p4.2i/.evidence/P42iPlayer/player/Hollowmere_BackUpThisFolder_ButDontShipItWithYourGame/il2cppOutput/Unity.InputSystem__6.cpp
[ 996/1513  0s] CopyFiles ~/wkspace/gc-studio/p4.2i/.evidence/P42iPlayer/player/Hollowmere_BackUpThisFolder_ButDontShipItWithYourGame/il2cppOutput/Generics__106.cpp
[ 997/1513  0s] CopyFiles ~/wkspace/gc-studio/p4.2i/.evidence/P42iPlayer/player/Hollowmere_BackUpThisFolder_ButDontShipItWithYourGame/il2cppOutput/GameCore.Unity.App_CodeGen.c
[ 998/1513  0s] CopyFiles ~/wkspace/gc-studio/p4.2i/.evidence/P42iPlayer/player/Hollowmere_BackUpThisFolder_ButDontShipItWithYourGame/il2cppOutput/mscorlib.cpp
[ 999/1513  0s] CopyFiles ~/wkspace/gc-studio/p4.2i/.evidence/P42iPlayer/player/Hollowmere_BackUpThisFolder_ButDontShipItWithYourGame/il2cppOutput/GenericMethods__9.cpp
[1000/1513  0s] CopyFiles ~/wkspace/gc-studio/p4.2i/.evidence/P42iPlayer/player/Hollowmere_BackUpThisFolder_ButDontShipItWithYourGame/il2cppOutput/Generics__197.cpp
[1001/1513  0s] CopyFiles ~/wkspace/gc-studio/p4.2i/.evidence/P42iPlayer/player/Hollowmere_BackUpThisFolder_ButDontShipItWithYourGame/il2cppOutput/UnityEngine.TextCoreTextEngineModule_CodeGen.c
[1002/1513  0s] CopyFiles ~/wkspace/gc-studio/p4.2i/.evidence/P42iPlayer/player/Hollowmere_BackUpThisFolder_ButDontShipItWithYourGame/il2cppOutput/Unity.Burst.Unsafe.cpp
[1003/1513  0s] CopyFiles ~/wkspace/gc-studio/p4.2i/.evidence/P42iPlayer/player/Hollowmere_BackUpThisFolder_ButDontShipItWithYourGame/il2cppOutput/Generics__75.cpp
[1004/1513  0s] CopyFiles ~/wkspace/gc-studio/p4.2i/.evidence/P42iPlayer/player/Hollowmere_BackUpThisFolder_ButDontShipItWithYourGame/il2cppOutput/GenericMethods__51.cpp
[1005/1513  0s] CopyFiles ~/wkspace/gc-studio/p4.2i/.evidence/P42iPlayer/player/Hollowmere_BackUpThisFolder_ButDontShipItWithYourGame/il2cppOutput/Generics__177.cpp
[1006/1513  0s] CopyFiles ~/wkspace/gc-studio/p4.2i/.evidence/P42iPlayer/player/Hollowmere_BackUpThisFolder_ButDontShipItWithYourGame/il2cppOutput/GameCore.Rules.Cards_CodeGen.c
[1007/1513  0s] CopyFiles ~/wkspace/gc-studio/p4.2i/.evidence/P42iPlayer/player/Hollowmere_BackUpThisFolder_ButDontShipItWithYourGame/il2cppOutput/Generics__34.cpp
[1008/1513  0s] CopyFiles ~/wkspace/gc-studio/p4.2i/.evidence/P42iPlayer/player/Hollowmere_BackUpThisFolder_ButDontShipItWithYourGame/il2cppOutput/UnityEngine.UI_CodeGen.c
[1009/1513  0s] CopyFiles ~/wkspace/gc-studio/p4.2i/.evidence/P42iPlayer/player/Hollowmere_BackUpThisFolder_ButDontShipItWithYourGame/il2cppOutput/GenericMethods__52.cpp
[1010/1513  0s] CopyFiles ~/wkspace/gc-studio/p4.2i/.evidence/P42iPlayer/player/Hollowmere_BackUpThisFolder_ButDontShipItWithYourGame/il2cppOutput/mscorlib__11.cpp
[1011/1513  0s] CopyFiles ~/wkspace/gc-studio/p4.2i/.evidence/P42iPlayer/player/Hollowmere_BackUpThisFolder_ButDontShipItWithYourGame/Data/Resources/mscorlib.dll-resources.dat
[1012/1513  0s] CopyFiles ~/wkspace/gc-studio/p4.2i/.evidence/P42iPlayer/player/Hollowmere_BackUpThisFolder_ButDontShipItWithYourGame/il2cppOutput/Generics__170.cpp
[1013/1513  0s] CopyFiles ~/wkspace/gc-studio/p4.2i/.evidence/P42iPlayer/player/Hollowmere_BackUpThisFolder_ButDontShipItWithYourGame/il2cppOutput/GenericMethods__21.cpp
[1014/1513  0s] CopyFiles ~/wkspace/gc-studio/p4.2i/.evidence/P42iPlayer/player/Hollowmere_BackUpThisFolder_ButDontShipItWithYourGame/il2cppOutput/Generics__131.cpp
[1015/1513  0s] CopyFiles ~/wkspace/gc-studio/p4.2i/.evidence/P42iPlayer/player/Hollowmere_BackUpThisFolder_ButDontShipItWithYourGame/il2cppOutput/GenericMethods__28.cpp
[1016/1513  0s] CopyFiles ~/wkspace/gc-studio/p4.2i/.evidence/P42iPlayer/player/Hollowmere_BackUpThisFolder_ButDontShipItWithYourGame/il2cppOutput/Generics__155.cpp
[1017/1513  0s] CopyFiles ~/wkspace/gc-studio/p4.2i/.evidence/P42iPlayer/player/Hollowmere_BackUpThisFolder_ButDontShipItWithYourGame/il2cppOutput/UnityEngine.TextCoreTextEngineModule.cpp
[1018/1513  0s] CopyFiles ~/wkspace/gc-studio/p4.2i/.evidence/P42iPlayer/player/Hollowmere_BackUpThisFolder_ButDontShipItWithYourGame/il2cppOutput/GenericMethods__18.cpp
[1019/1513  0s] CopyFiles ~/wkspace/gc-studio/p4.2i/.evidence/P42iPlayer/player/Hollowmere_BackUpThisFolder_ButDontShipItWithYourGame/il2cppOutput/UnityEngine.VideoModule_CodeGen.c
[1020/1513  0s] CopyFiles ~/wkspace/gc-studio/p4.2i/.evidence/P42iPlayer/player/Hollowmere_BackUpThisFolder_ButDontShipItWithYourGame/il2cppOutput/Il2CppGenericInstDefinitions.c
[1021/1513  0s] CopyFiles ~/wkspace/gc-studio/p4.2i/.evidence/P42iPlayer/player/Hollowmere_BackUpThisFolder_ButDontShipItWithYourGame/il2cppOutput/mscorlib__18.cpp
[1022/1513  0s] CopyFiles ~/wkspace/gc-studio/p4.2i/.evidence/P42iPlayer/player/Hollowmere_BackUpThisFolder_ButDontShipItWithYourGame/il2cppOutput/Generics__152.cpp
[1023/1513  0s] CopyFiles ~/wkspace/gc-studio/p4.2i/.evidence/P42iPlayer/player/Hollowmere_BackUpThisFolder_ButDontShipItWithYourGame/il2cppOutput/GenericMethods__34.cpp
[1024/1513  0s] CopyFiles ~/wkspace/gc-studio/p4.2i/.evidence/P42iPlayer/player/Hollowmere_BackUpThisFolder_ButDontShipItWithYourGame/il2cppOutput/Hollowmere.World.Generated.cpp
[1025/1513  0s] CopyFiles ~/wkspace/gc-studio/p4.2i/.evidence/P42iPlayer/player/Hollowmere_BackUpThisFolder_ButDontShipItWithYourGame/il2cppOutput/Hollowmere.World.Generated_CodeGen.c
[1026/1513  0s] CopyFiles ~/wkspace/gc-studio/p4.2i/.evidence/P42iPlayer/player/Hollowmere_BackUpThisFolder_ButDontShipItWithYourGame/il2cppOutput/GameCore.Rules.Cards.cpp
[1027/1513  0s] CopyFiles ~/wkspace/gc-studio/p4.2i/.evidence/P42iPlayer/player/Hollowmere_BackUpThisFolder_ButDontShipItWithYourGame/il2cppOutput/UnityEngine.IMGUIModule__1.cpp
[1028/1513  0s] CopyFiles ~/wkspace/gc-studio/p4.2i/.evidence/P42iPlayer/player/Hollowmere_BackUpThisFolder_ButDontShipItWithYourGame/il2cppOutput/UnityEngine.IMGUIModule_CodeGen.c
[1029/1513  0s] CopyFiles ~/wkspace/gc-studio/p4.2i/.evidence/P42iPlayer/player/Hollowmere_BackUpThisFolder_ButDontShipItWithYourGame/il2cppOutput/Generics__7.cpp
[1030/1513  0s] CopyFiles ~/wkspace/gc-studio/p4.2i/.evidence/P42iPlayer/player/Hollowmere_BackUpThisFolder_ButDontShipItWithYourGame/il2cppOutput/Generics__133.cpp
[1031/1513  0s] CopyFiles ~/wkspace/gc-studio/p4.2i/.evidence/P42iPlayer/player/Hollowmere_BackUpThisFolder_ButDontShipItWithYourGame/il2cppOutput/UnityEngine.IMGUIModule.cpp
[1032/1513  0s] CopyFiles ~/wkspace/gc-studio/p4.2i/.evidence/P42iPlayer/player/Hollowmere_BackUpThisFolder_ButDontShipItWithYourGame/il2cppOutput/Hollowmere.Game__1.cpp
[1033/1513  0s] CopyFiles ~/wkspace/gc-studio/p4.2i/.evidence/P42iPlayer/player/Hollowmere_BackUpThisFolder_ButDontShipItWithYourGame/il2cppOutput/GenericMethods__85.cpp
[1034/1513  0s] CopyFiles ~/wkspace/gc-studio/p4.2i/.evidence/P42iPlayer/player/Hollowmere_BackUpThisFolder_ButDontShipItWithYourGame/il2cppOutput/GenericMethods__4.cpp
[1035/1513  0s] CopyFiles ~/wkspace/gc-studio/p4.2i/.evidence/P42iPlayer/player/Hollowmere_BackUpThisFolder_ButDontShipItWithYourGame/il2cppOutput/Unity.Collections.LowLevel.ILSupport.cpp
[1036/1513  0s] CopyFiles ~/wkspace/gc-studio/p4.2i/.evidence/P42iPlayer/player/Hollowmere_BackUpThisFolder_ButDontShipItWithYourGame/il2cppOutput/Unity.Collections.LowLevel.ILSupport_CodeGen.c
[1037/1513  0s] CopyFiles ~/wkspace/gc-studio/p4.2i/.evidence/P42iPlayer/player/Hollowmere_BackUpThisFolder_ButDontShipItWithYourGame/il2cppOutput/Generics__42.cpp
[1038/1513  0s] CopyFiles ~/wkspace/gc-studio/p4.2i/.evidence/P42iPlayer/player/Hollowmere_BackUpThisFolder_ButDontShipItWithYourGame/il2cppOutput/Generics__94.cpp
[1039/1513  0s] CopyFiles ~/wkspace/gc-studio/p4.2i/.evidence/P42iPlayer/player/Hollowmere_BackUpThisFolder_ButDontShipItWithYourGame/il2cppOutput/GameCore.Gameplay.World_CodeGen.c
[1040/1513  0s] CopyFiles ~/wkspace/gc-studio/p4.2i/.evidence/P42iPlayer/player/Hollowmere_BackUpThisFolder_ButDontShipItWithYourGame/il2cppOutput/UnityEngine.TerrainModule_CodeGen.c
[1041/1513  0s] CopyFiles ~/wkspace/gc-studio/p4.2i/.evidence/P42iPlayer/player/Hollowmere_BackUpThisFolder_ButDontShipItWithYourGame/il2cppOutput/GenericMethods__56.cpp
[1042/1513  0s] CopyFiles ~/wkspace/gc-studio/p4.2i/.evidence/P42iPlayer/player/Hollowmere_BackUpThisFolder_ButDontShipItWithYourGame/il2cppOutput/Generics__129.cpp
[1043/1513  0s] CopyFiles ~/wkspace/gc-studio/p4.2i/.evidence/P42iPlayer/player/Hollowmere_BackUpThisFolder_ButDontShipItWithYourGame/il2cppOutput/Generics__51.cpp
[1044/1513  0s] CopyFiles ~/wkspace/gc-studio/p4.2i/.evidence/P42iPlayer/player/Hollowmere_BackUpThisFolder_ButDontShipItWithYourGame/il2cppOutput/GameCore.Gameplay.Save.cpp
[1045/1513  0s] CopyFiles ~/wkspace/gc-studio/p4.2i/.evidence/P42iPlayer/player/Hollowmere_BackUpThisFolder_ButDontShipItWithYourGame/il2cppOutput/GameCore.Gameplay.Logic.cpp
[1046/1513  0s] CopyFiles ~/wkspace/gc-studio/p4.2i/.evidence/P42iPlayer/player/Hollowmere_BackUpThisFolder_ButDontShipItWithYourGame/il2cppOutput/GenericMethods__91.cpp
[1047/1513  0s] CopyFiles ~/wkspace/gc-studio/p4.2i/.evidence/P42iPlayer/player/Hollowmere_BackUpThisFolder_ButDontShipItWithYourGame/il2cppOutput/Unity.InputSystem__3.cpp
[1048/1513  0s] CopyFiles ~/wkspace/gc-studio/p4.2i/.evidence/P42iPlayer/player/Hollowmere_BackUpThisFolder_ButDontShipItWithYourGame/il2cppOutput/System.Xml_CodeGen.c
[1049/1513  0s] CopyFiles ~/wkspace/gc-studio/p4.2i/.evidence/P42iPlayer/player/Hollowmere_BackUpThisFolder_ButDontShipItWithYourGame/il2cppOutput/UnityEngine.UnityAnalyticsCommonModule_CodeGen.c
[1050/1513  0s] CopyFiles ~/wkspace/gc-studio/p4.2i/.evidence/P42iPlayer/player/Hollowmere_BackUpThisFolder_ButDontShipItWithYourGame/il2cppOutput/UnityEngine.UnityAnalyticsModule.cpp
[1051/1513  0s] CopyFiles ~/wkspace/gc-studio/p4.2i/.evidence/P42iPlayer/player/Hollowmere_BackUpThisFolder_ButDontShipItWithYourGame/il2cppOutput/UnityEngine.UnityAnalyticsCommonModule.cpp
[1052/1513  0s] CopyFiles ~/wkspace/gc-studio/p4.2i/.evidence/P42iPlayer/player/Hollowmere_BackUpThisFolder_ButDontShipItWithYourGame/il2cppOutput/UnityEngine.UnityAnalyticsModule_CodeGen.c
[1053/1513  0s] CopyFiles ~/wkspace/gc-studio/p4.2i/.evidence/P42iPlayer/player/Hollowmere_BackUpThisFolder_ButDontShipItWithYourGame/il2cppOutput/Generics__120.cpp
[1054/1513  0s] CopyFiles ~/wkspace/gc-studio/p4.2i/.evidence/P42iPlayer/player/Hollowmere_BackUpThisFolder_ButDontShipItWithYourGame/il2cppOutput/Generics__3.cpp
[1055/1513  0s] CopyFiles ~/wkspace/gc-studio/p4.2i/.evidence/P42iPlayer/player/Hollowmere_BackUpThisFolder_ButDontShipItWithYourGame/il2cppOutput/Il2CppGenericClassTable.c
[1056/1513  0s] CopyFiles ~/wkspace/gc-studio/p4.2i/.evidence/P42iPlayer/player/Hollowmere_BackUpThisFolder_ButDontShipItWithYourGame/il2cppOutput/UnityEngine.AudioModule_CodeGen.c
[1057/1513  0s] CopyFiles ~/wkspace/gc-studio/p4.2i/.evidence/P42iPlayer/player/Hollowmere_BackUpThisFolder_ButDontShipItWithYourGame/il2cppOutput/Generics__179.cpp
[1058/1513  0s] CopyFiles ~/wkspace/gc-studio/p4.2i/.evidence/P42iPlayer/player/Hollowmere_BackUpThisFolder_ButDontShipItWithYourGame/il2cppOutput/GenericMethods__68.cpp
[1059/1513  0s] CopyFiles ~/wkspace/gc-studio/p4.2i/.evidence/P42iPlayer/player/Hollowmere_BackUpThisFolder_ButDontShipItWithYourGame/il2cppOutput/Unity.Serialization_CodeGen.c
[1060/1513  0s] CopyFiles ~/wkspace/gc-studio/p4.2i/.evidence/P42iPlayer/player/Hollowmere_BackUpThisFolder_ButDontShipItWithYourGame/il2cppOutput/mscorlib__4.cpp
[1061/1513  0s] CopyFiles ~/wkspace/gc-studio/p4.2i/.evidence/P42iPlayer/player/Hollowmere_BackUpThisFolder_ButDontShipItWithYourGame/il2cppOutput/UnityEngine.UIElementsModule__17.cpp
[1062/1513  0s] CopyFiles ~/wkspace/gc-studio/p4.2i/.evidence/P42iPlayer/player/Hollowmere_BackUpThisFolder_ButDontShipItWithYourGame/il2cppOutput/Unity.AI.Navigation_CodeGen.c
[1063/1513  0s] CopyFiles ~/wkspace/gc-studio/p4.2i/.evidence/P42iPlayer/player/Hollowmere_BackUpThisFolder_ButDontShipItWithYourGame/il2cppOutput/Unity.InputSystem__4.cpp
[1064/1513  0s] CopyFiles ~/wkspace/gc-studio/p4.2i/.evidence/P42iPlayer/player/Hollowmere_BackUpThisFolder_ButDontShipItWithYourGame/il2cppOutput/GenericMethods__71.cpp
[1065/1513  0s] CopyFiles ~/wkspace/gc-studio/p4.2i/.evidence/P42iPlayer/player/Hollowmere_BackUpThisFolder_ButDontShipItWithYourGame/il2cppOutput/GenericMethods__5.cpp
[1066/1513  0s] CopyFiles ~/wkspace/gc-studio/p4.2i/.evidence/P42iPlayer/player/Hollowmere_BackUpThisFolder_ButDontShipItWithYourGame/il2cppOutput/Generics__46.cpp
[1067/1513  0s] CopyFiles ~/wkspace/gc-studio/p4.2i/.evidence/P42iPlayer/player/Hollowmere_BackUpThisFolder_ButDontShipItWithYourGame/il2cppOutput/Generics__187.cpp
[1068/1513  0s] CopyFiles ~/wkspace/gc-studio/p4.2i/.evidence/P42iPlayer/player/Hollowmere_BackUpThisFolder_ButDontShipItWithYourGame/il2cppOutput/mscorlib__2.cpp
[1069/1513  0s] CopyFiles ~/wkspace/gc-studio/p4.2i/.evidence/P42iPlayer/player/Hollowmere_BackUpThisFolder_ButDontShipItWithYourGame/il2cppOutput/UnityEngine.InputModule_CodeGen.c
[1070/1513  0s] CopyFiles ~/wkspace/gc-studio/p4.2i/.evidence/P42iPlayer/player/Hollowmere_BackUpThisFolder_ButDontShipItWithYourGame/il2cppOutput/Generics__174.cpp
[1071/1513  0s] CopyFiles ~/wkspace/gc-studio/p4.2i/.evidence/P42iPlayer/player/Hollowmere_BackUpThisFolder_ButDontShipItWithYourGame/il2cppOutput/Generics__73.cpp
[1072/1513  0s] CopyFiles ~/wkspace/gc-studio/p4.2i/.evidence/P42iPlayer/player/Hollowmere_BackUpThisFolder_ButDontShipItWithYourGame/il2cppOutput/Il2CppGenericMethodTable.c
[1073/1513  0s] CopyFiles ~/wkspace/gc-studio/p4.2i/.evidence/P42iPlayer/player/Hollowmere_BackUpThisFolder_ButDontShipItWithYourGame/il2cppOutput/Generics__36.cpp
[1074/1513  0s] CopyFiles ~/wkspace/gc-studio/p4.2i/.evidence/P42iPlayer/player/Hollowmere_BackUpThisFolder_ButDontShipItWithYourGame/il2cppOutput/GenericMethods__14.cpp
[1075/1513  0s] CopyFiles ~/wkspace/gc-studio/p4.2i/.evidence/P42iPlayer/player/Hollowmere_BackUpThisFolder_ButDontShipItWithYourGame/il2cppOutput/GameCore.Gameplay.Audio.cpp
[1076/1513  0s] CopyFiles ~/wkspace/gc-studio/p4.2i/.evidence/P42iPlayer/player/Hollowmere_BackUpThisFolder_ButDontShipItWithYourGame/il2cppOutput/UnityEngine.AudioModule.cpp
[1077/1513  0s] CopyFiles ~/wkspace/gc-studio/p4.2i/.evidence/P42iPlayer/player/Hollowmere_BackUpThisFolder_ButDontShipItWithYourGame/il2cppOutput/Generics__25.cpp
[1078/1513  0s] CopyFiles ~/wkspace/gc-studio/p4.2i/.evidence/P42iPlayer/player/Hollowmere_BackUpThisFolder_ButDontShipItWithYourGame/il2cppOutput/System.Core_CodeGen.c
[1079/1513  0s] CopyFiles ~/wkspace/gc-studio/p4.2i/.evidence/P42iPlayer/player/Hollowmere_BackUpThisFolder_ButDontShipItWithYourGame/il2cppOutput/Generics__30.cpp
[1080/1513  0s] CopyFiles ~/wkspace/gc-studio/p4.2i/.evidence/P42iPlayer/player/Hollowmere_BackUpThisFolder_ButDontShipItWithYourGame/il2cppOutput/analytics.json
[1081/1513  0s] CopyFiles ~/wkspace/gc-studio/p4.2i/.evidence/P42iPlayer/player/Hollowmere_BackUpThisFolder_ButDontShipItWithYourGame/il2cppOutput/Hollowmere.UiAudio_CodeGen.c
[1082/1513  0s] CopyFiles ~/wkspace/gc-studio/p4.2i/.evidence/P42iPlayer/player/Hollowmere_BackUpThisFolder_ButDontShipItWithYourGame/il2cppOutput/Unity.Serialization.cpp
[1083/1513  0s] CopyFiles ~/wkspace/gc-studio/p4.2i/.evidence/P42iPlayer/player/Hollowmere_BackUpThisFolder_ButDontShipItWithYourGame/il2cppOutput/Generics__57.cpp
[1084/1513  0s] CopyFiles ~/wkspace/gc-studio/p4.2i/.evidence/P42iPlayer/player/Hollowmere_BackUpThisFolder_ButDontShipItWithYourGame/il2cppOutput/mscorlib__10.cpp
[1085/1513  0s] CopyFiles ~/wkspace/gc-studio/p4.2i/.evidence/P42iPlayer/player/Hollowmere_BackUpThisFolder_ButDontShipItWithYourGame/il2cppOutput/Generics__139.cpp
[1086/1513  0s] CopyFiles ~/wkspace/gc-studio/p4.2i/.evidence/P42iPlayer/player/Hollowmere_BackUpThisFolder_ButDontShipItWithYourGame/il2cppOutput/mscorlib__12.cpp
[1087/1513  0s] CopyFiles ~/wkspace/gc-studio/p4.2i/.evidence/P42iPlayer/player/Hollowmere_BackUpThisFolder_ButDontShipItWithYourGame/il2cppOutput/GenericMethods__66.cpp
[1088/1513  0s] CopyFiles ~/wkspace/gc-studio/p4.2i/.evidence/P42iPlayer/player/Hollowmere_BackUpThisFolder_ButDontShipItWithYourGame/il2cppOutput/GameCore.Gameplay.Ui__1.cpp
[1089/1513  0s] CopyFiles ~/wkspace/gc-studio/p4.2i/.evidence/P42iPlayer/player/Hollowmere_BackUpThisFolder_ButDontShipItWithYourGame/il2cppOutput/GenericMethods__93.cpp
[1090/1513  0s] CopyFiles ~/wkspace/gc-studio/p4.2i/.evidence/P42iPlayer/player/Hollowmere_BackUpThisFolder_ButDontShipItWithYourGame/il2cppOutput/Generics__63.cpp
[1091/1513  0s] CopyFiles ~/wkspace/gc-studio/p4.2i/.evidence/P42iPlayer/player/Hollowmere_BackUpThisFolder_ButDontShipItWithYourGame/il2cppOutput/mscorlib__15.cpp
[1092/1513  0s] CopyFiles ~/wkspace/gc-studio/p4.2i/.evidence/P42iPlayer/player/Hollowmere_BackUpThisFolder_ButDontShipItWithYourGame/il2cppOutput/UnityEngine.VFXModule_CodeGen.c
[1093/1513  0s] CopyFiles ~/wkspace/gc-studio/p4.2i/.evidence/P42iPlayer/player/Hollowmere_BackUpThisFolder_ButDontShipItWithYourGame/il2cppOutput/Il2CppCCalculateFieldValues.cpp
[1094/1513  0s] CopyFiles ~/wkspace/gc-studio/p4.2i/.evidence/P42iPlayer/player/Hollowmere_BackUpThisFolder_ButDontShipItWithYourGame/il2cppOutput/Il2CppCCalculateFieldValues3.cpp
[1095/1513  0s] CopyFiles ~/wkspace/gc-studio/p4.2i/.evidence/P42iPlayer/player/Hollowmere_BackUpThisFolder_ButDontShipItWithYourGame/il2cppOutput/Il2CppCCalculateFieldValues2.cpp
[1096/1513  0s] CopyFiles ~/wkspace/gc-studio/p4.2i/.evidence/P42iPlayer/player/Hollowmere_BackUpThisFolder_ButDontShipItWithYourGame/il2cppOutput/Il2CppCCalculateFieldValues1.cpp
[1097/1513  0s] CopyFiles ~/wkspace/gc-studio/p4.2i/.evidence/P42iPlayer/player/Hollowmere_BackUpThisFolder_ButDontShipItWithYourGame/il2cppOutput/mscorlib__6.cpp
[1098/1513  0s] CopyFiles ~/wkspace/gc-studio/p4.2i/.evidence/P42iPlayer/player/Hollowmere_BackUpThisFolder_ButDontShipItWithYourGame/il2cppOutput/UnityEngine.UnityConsentModule.cpp
[1099/1513  0s] CopyFiles ~/wkspace/gc-studio/p4.2i/.evidence/P42iPlayer/player/Hollowmere_BackUpThisFolder_ButDontShipItWithYourGame/il2cppOutput/UnityEngine.UnityConsentModule_CodeGen.c
[1100/1513  0s] CopyFiles ~/wkspace/gc-studio/p4.2i/.evidence/P42iPlayer/player/Hollowmere_BackUpThisFolder_ButDontShipItWithYourGame/il2cppOutput/Unity.Entities_CodeGen.c
[1101/1513  0s] CopyFiles ~/wkspace/gc-studio/p4.2i/.evidence/P42iPlayer/player/Hollowmere_BackUpThisFolder_ButDontShipItWithYourGame/il2cppOutput/UnityEngine.PhysicsModule_CodeGen.c
[1102/1513  0s] CopyFiles ~/wkspace/gc-studio/p4.2i/.evidence/P42iPlayer/player/Hollowmere_BackUpThisFolder_ButDontShipItWithYourGame/il2cppOutput/GameCore.Gameplay.Player.cpp
[1103/1513  0s] CopyFiles ~/wkspace/gc-studio/p4.2i/.evidence/P42iPlayer/player/Hollowmere_BackUpThisFolder_ButDontShipItWithYourGame/il2cppOutput/GenericMethods__74.cpp
[1104/1513  0s] CopyFiles ~/wkspace/gc-studio/p4.2i/.evidence/P42iPlayer/player/Hollowmere_BackUpThisFolder_ButDontShipItWithYourGame/il2cppOutput/GameCore.Planning_CodeGen.c
[1105/1513  0s] CopyFiles ~/wkspace/gc-studio/p4.2i/.evidence/P42iPlayer/player/Hollowmere_BackUpThisFolder_ButDontShipItWithYourGame/il2cppOutput/GenericMethods__38.cpp
[1106/1513  0s] CopyFiles ~/wkspace/gc-studio/p4.2i/.evidence/P42iPlayer/player/Hollowmere_BackUpThisFolder_ButDontShipItWithYourGame/il2cppOutput/GenericMethods__53.cpp
[1107/1513  0s] CopyFiles ~/wkspace/gc-studio/p4.2i/.evidence/P42iPlayer/player/Hollowmere_BackUpThisFolder_ButDontShipItWithYourGame/il2cppOutput/Generics__12.cpp
[1108/1513  0s] CopyFiles ~/wkspace/gc-studio/p4.2i/.evidence/P42iPlayer/player/Hollowmere_BackUpThisFolder_ButDontShipItWithYourGame/il2cppOutput/Unity.Transforms_CodeGen.c
[1109/1513  0s] CopyFiles ~/wkspace/gc-studio/p4.2i/.evidence/P42iPlayer/player/Hollowmere_BackUpThisFolder_ButDontShipItWithYourGame/il2cppOutput/Generics__32.cpp
[1110/1513  0s] CopyFiles ~/wkspace/gc-studio/p4.2i/.evidence/P42iPlayer/player/Hollowmere_BackUpThisFolder_ButDontShipItWithYourGame/il2cppOutput/Generics__144.cpp
[1111/1513  0s] CopyFiles ~/wkspace/gc-studio/p4.2i/.evidence/P42iPlayer/player/Hollowmere_BackUpThisFolder_ButDontShipItWithYourGame/il2cppOutput/Generics__55.cpp
[1112/1513  0s] CopyFiles ~/wkspace/gc-studio/p4.2i/.evidence/P42iPlayer/player/Hollowmere_BackUpThisFolder_ButDontShipItWithYourGame/il2cppOutput/Unity.InputSystem__5.cpp
[1113/1513  0s] CopyFiles ~/wkspace/gc-studio/p4.2i/.evidence/P42iPlayer/player/Hollowmere_BackUpThisFolder_ButDontShipItWithYourGame/il2cppOutput/Generics__162.cpp
[1114/1513  0s] CopyFiles ~/wkspace/gc-studio/p4.2i/.evidence/P42iPlayer/player/Hollowmere_BackUpThisFolder_ButDontShipItWithYourGame/il2cppOutput/Il2CppInteropDataTable.cpp
[1115/1513  0s] CopyFiles ~/wkspace/gc-studio/p4.2i/.evidence/P42iPlayer/player/Hollowmere_BackUpThisFolder_ButDontShipItWithYourGame/il2cppOutput/UnityEngine.CoreModule_CodeGen.c
[1116/1513  0s] CopyFiles ~/wkspace/gc-studio/p4.2i/.evidence/P42iPlayer/player/Hollowmere_BackUpThisFolder_ButDontShipItWithYourGame/il2cppOutput/UnityEngine.UnityWebRequestModule_CodeGen.c
[1117/1513  0s] CopyFiles ~/wkspace/gc-studio/p4.2i/.evidence/P42iPlayer/player/Hollowmere_BackUpThisFolder_ButDontShipItWithYourGame/il2cppOutput/UnityEngine.UnityWebRequestModule.cpp
[1118/1513  0s] CopyFiles ~/wkspace/gc-studio/p4.2i/.evidence/P42iPlayer/player/Hollowmere_BackUpThisFolder_ButDontShipItWithYourGame/il2cppOutput/GenericMethods__31.cpp
[1119/1513  0s] CopyFiles ~/wkspace/gc-studio/p4.2i/.evidence/P42iPlayer/player/Hollowmere_BackUpThisFolder_ButDontShipItWithYourGame/il2cppOutput/GenericMethods__39.cpp
[1120/1513  0s] CopyFiles ~/wkspace/gc-studio/p4.2i/.evidence/P42iPlayer/player/Hollowmere_BackUpThisFolder_ButDontShipItWithYourGame/il2cppOutput/GenericMethods__65.cpp
[1121/1513  0s] CopyFiles ~/wkspace/gc-studio/p4.2i/.evidence/P42iPlayer/player/Hollowmere_BackUpThisFolder_ButDontShipItWithYourGame/il2cppOutput/Unity.AI.Navigation.cpp
[1122/1513  0s] CopyFiles ~/wkspace/gc-studio/p4.2i/.evidence/P42iPlayer/player/Hollowmere_BackUpThisFolder_ButDontShipItWithYourGame/il2cppOutput/UnityEngine.VRModule_CodeGen.c
[1123/1513  0s] CopyFiles ~/wkspace/gc-studio/p4.2i/.evidence/P42iPlayer/player/Hollowmere_BackUpThisFolder_ButDontShipItWithYourGame/il2cppOutput/GenericMethods__7.cpp
[1124/1513  0s] CopyFiles ~/wkspace/gc-studio/p4.2i/.evidence/P42iPlayer/player/Hollowmere_BackUpThisFolder_ButDontShipItWithYourGame/il2cppOutput/Generics__19.cpp
[1125/1513  0s] CopyFiles ~/wkspace/gc-studio/p4.2i/.evidence/P42iPlayer/player/Hollowmere_BackUpThisFolder_ButDontShipItWithYourGame/il2cppOutput/UnityEngine.UIElementsModule__6.cpp
[1126/1513  0s] CopyFiles ~/wkspace/gc-studio/p4.2i/.evidence/P42iPlayer/player/Hollowmere_BackUpThisFolder_ButDontShipItWithYourGame/il2cppOutput/UnityEngine.UIElementsModule__4.cpp
[1127/1513  0s] CopyFiles ~/wkspace/gc-studio/p4.2i/.evidence/P42iPlayer/player/Hollowmere_BackUpThisFolder_ButDontShipItWithYourGame/il2cppOutput/UnityEngine.UIElementsModule__7.cpp
[1128/1513  0s] CopyFiles ~/wkspace/gc-studio/p4.2i/.evidence/P42iPlayer/player/Hollowmere_BackUpThisFolder_ButDontShipItWithYourGame/il2cppOutput/UnityEngine.UIElementsModule__3.cpp
[1129/1513  0s] CopyFiles ~/wkspace/gc-studio/p4.2i/.evidence/P42iPlayer/player/Hollowmere_BackUpThisFolder_ButDontShipItWithYourGame/il2cppOutput/UnityEngine.UIElementsModule__9.cpp
[1130/1513  0s] CopyFiles ~/wkspace/gc-studio/p4.2i/.evidence/P42iPlayer/player/Hollowmere_BackUpThisFolder_ButDontShipItWithYourGame/il2cppOutput/UnityEngine.UIElementsModule__8.cpp
[1131/1513  0s] CopyFiles ~/wkspace/gc-studio/p4.2i/.evidence/P42iPlayer/player/Hollowmere_BackUpThisFolder_ButDontShipItWithYourGame/il2cppOutput/UnityEngine.UIElementsModule__2.cpp
[1132/1513  0s] CopyFiles ~/wkspace/gc-studio/p4.2i/.evidence/P42iPlayer/player/Hollowmere_BackUpThisFolder_ButDontShipItWithYourGame/il2cppOutput/UnityEngine.UIElementsModule__1.cpp
[1133/1513  0s] CopyFiles ~/wkspace/gc-studio/p4.2i/.evidence/P42iPlayer/player/Hollowmere_BackUpThisFolder_ButDontShipItWithYourGame/il2cppOutput/UnityEngine.UIElementsModule__5.cpp
[1134/1513  0s] CopyFiles ~/wkspace/gc-studio/p4.2i/.evidence/P42iPlayer/player/Hollowmere_BackUpThisFolder_ButDontShipItWithYourGame/il2cppOutput/UnityEngine.UIElementsModule.cpp
[1135/1513  0s] CopyFiles ~/wkspace/gc-studio/p4.2i/.evidence/P42iPlayer/player/Hollowmere_BackUpThisFolder_ButDontShipItWithYourGame/il2cppOutput/UnityEngine.UIElementsModule_CodeGen.c
[1136/1513  0s] CopyFiles ~/wkspace/gc-studio/p4.2i/.evidence/P42iPlayer/player/Hollowmere_BackUpThisFolder_ButDontShipItWithYourGame/il2cppOutput/Generics__21.cpp
[1137/1513  0s] CopyFiles ~/wkspace/gc-studio/p4.2i/.evidence/P42iPlayer/player/Hollowmere_BackUpThisFolder_ButDontShipItWithYourGame/il2cppOutput/GenericMethods__70.cpp
[1138/1513  0s] CopyFiles ~/wkspace/gc-studio/p4.2i/.evidence/P42iPlayer/player/Hollowmere_BackUpThisFolder_ButDontShipItWithYourGame/il2cppOutput/GenericMethods__81.cpp
[1139/1513  0s] CopyFiles ~/wkspace/gc-studio/p4.2i/.evidence/P42iPlayer/player/Hollowmere_BackUpThisFolder_ButDontShipItWithYourGame/il2cppOutput/Generics__70.cpp
[1140/1513  0s] CopyFiles ~/wkspace/gc-studio/p4.2i/.evidence/P42iPlayer/player/Hollowmere_BackUpThisFolder_ButDontShipItWithYourGame/il2cppOutput/Generics__146.cpp
[1141/1513  0s] CopyFiles ~/wkspace/gc-studio/p4.2i/.evidence/P42iPlayer/player/Hollowmere_BackUpThisFolder_ButDontShipItWithYourGame/il2cppOutput/Generics__22.cpp
[1142/1513  0s] CopyFiles ~/wkspace/gc-studio/p4.2i/.evidence/P42iPlayer/player/Hollowmere_BackUpThisFolder_ButDontShipItWithYourGame/il2cppOutput/GameCore.Derivation.cpp
[1143/1513  0s] CopyFiles ~/wkspace/gc-studio/p4.2i/.evidence/P42iPlayer/player/Hollowmere_BackUpThisFolder_ButDontShipItWithYourGame/il2cppOutput/Generics__102.cpp
[1144/1513  0s] CopyFiles ~/wkspace/gc-studio/p4.2i/.evidence/P42iPlayer/player/Hollowmere_BackUpThisFolder_ButDontShipItWithYourGame/il2cppOutput/Generics__50.cpp
[1145/1513  0s] CopyFiles ~/wkspace/gc-studio/p4.2i/.evidence/P42iPlayer/player/Hollowmere_BackUpThisFolder_ButDontShipItWithYourGame/il2cppOutput/Generics__72.cpp
[1146/1513  0s] CopyFiles ~/wkspace/gc-studio/p4.2i/.evidence/P42iPlayer/player/Hollowmere_BackUpThisFolder_ButDontShipItWithYourGame/il2cppOutput/GenericMethods__73.cpp
[1147/1513  0s] CopyFiles ~/wkspace/gc-studio/p4.2i/.evidence/P42iPlayer/player/Hollowmere_BackUpThisFolder_ButDontShipItWithYourGame/il2cppOutput/GenericMethods__24.cpp
[1148/1513  0s] CopyFiles ~/wkspace/gc-studio/p4.2i/.evidence/P42iPlayer/player/Hollowmere_BackUpThisFolder_ButDontShipItWithYourGame/il2cppOutput/Generics__164.cpp
[1149/1513  0s] CopyFiles ~/wkspace/gc-studio/p4.2i/.evidence/P42iPlayer/player/Hollowmere_BackUpThisFolder_ButDontShipItWithYourGame/il2cppOutput/UnityEngine.AndroidJNIModule.cpp
[1150/1513  0s] CopyFiles ~/wkspace/gc-studio/p4.2i/.evidence/P42iPlayer/player/Hollowmere_BackUpThisFolder_ButDontShipItWithYourGame/il2cppOutput/UnityEngine.AndroidJNIModule_CodeGen.c
[1151/1513  0s] CopyFiles ~/wkspace/gc-studio/p4.2i/.evidence/P42iPlayer/player/Hollowmere_BackUpThisFolder_ButDontShipItWithYourGame/il2cppOutput/Generics__87.cpp
[1152/1513  0s] CopyFiles ~/wkspace/gc-studio/p4.2i/.evidence/P42iPlayer/player/Hollowmere_BackUpThisFolder_ButDontShipItWithYourGame/il2cppOutput/UnityEngine.PropertiesModule.cpp
[1153/1513  0s] CopyFiles ~/wkspace/gc-studio/p4.2i/.evidence/P42iPlayer/player/Hollowmere_BackUpThisFolder_ButDontShipItWithYourGame/il2cppOutput/UnityEngine.PropertiesModule_CodeGen.c
[1154/1513  0s] CopyFiles ~/wkspace/gc-studio/p4.2i/.evidence/P42iPlayer/player/Hollowmere_BackUpThisFolder_ButDontShipItWithYourGame/il2cppOutput/GenericMethods__78.cpp
[1155/1513  0s] CopyFiles ~/wkspace/gc-studio/p4.2i/.evidence/P42iPlayer/player/Hollowmere_BackUpThisFolder_ButDontShipItWithYourGame/il2cppOutput/Il2CppCCFieldValuesTable.cpp
[1156/1513  0s] CopyFiles ~/wkspace/gc-studio/p4.2i/.evidence/P42iPlayer/player/Hollowmere_BackUpThisFolder_ButDontShipItWithYourGame/il2cppOutput/Generics__4.cpp
[1157/1513  0s] CopyFiles ~/wkspace/gc-studio/p4.2i/.evidence/P42iPlayer/player/Hollowmere_BackUpThisFolder_ButDontShipItWithYourGame/il2cppOutput/Generics__150.cpp
[1158/1513  0s] CopyFiles ~/wkspace/gc-studio/p4.2i/.evidence/P42iPlayer/player/Hollowmere_BackUpThisFolder_ButDontShipItWithYourGame/il2cppOutput/Hollowmere.Checkpoint_CodeGen.c
[1159/1513  0s] CopyFiles ~/wkspace/gc-studio/p4.2i/.evidence/P42iPlayer/player/Hollowmere_BackUpThisFolder_ButDontShipItWithYourGame/il2cppOutput/System.Configuration.cpp
[1160/1513  0s] CopyFiles ~/wkspace/gc-studio/p4.2i/.evidence/P42iPlayer/player/Hollowmere_BackUpThisFolder_ButDontShipItWithYourGame/il2cppOutput/GenericMethods__61.cpp
[1161/1513  0s] CopyFiles ~/wkspace/gc-studio/p4.2i/.evidence/P42iPlayer/player/Hollowmere_BackUpThisFolder_ButDontShipItWithYourGame/il2cppOutput/Generics__178.cpp
[1162/1513  0s] CopyFiles ~/wkspace/gc-studio/p4.2i/.evidence/P42iPlayer/player/Hollowmere_BackUpThisFolder_ButDontShipItWithYourGame/il2cppOutput/Generics__188.cpp
[1163/1513  0s] CopyFiles ~/wkspace/gc-studio/p4.2i/.evidence/P42iPlayer/player/Hollowmere_BackUpThisFolder_ButDontShipItWithYourGame/il2cppOutput/Generics__56.cpp
[1164/1513  0s] CopyFiles ~/wkspace/gc-studio/p4.2i/.evidence/P42iPlayer/player/Hollowmere_BackUpThisFolder_ButDontShipItWithYourGame/il2cppOutput/Generics__186.cpp
[1165/1513  0s] CopyFiles ~/wkspace/gc-studio/p4.2i/.evidence/P42iPlayer/player/Hollowmere_BackUpThisFolder_ButDontShipItWithYourGame/il2cppOutput/Unity.InputSystem__11.cpp
[1166/1513  0s] CopyFiles ~/wkspace/gc-studio/p4.2i/.evidence/P42iPlayer/player/Hollowmere_BackUpThisFolder_ButDontShipItWithYourGame/il2cppOutput/Generics__190.cpp
[1167/1513  0s] CopyFiles ~/wkspace/gc-studio/p4.2i/.evidence/P42iPlayer/player/Hollowmere_BackUpThisFolder_ButDontShipItWithYourGame/il2cppOutput/GenericMethods__10.cpp
[1168/1513  0s] CopyFiles ~/wkspace/gc-studio/p4.2i/.evidence/P42iPlayer/player/Hollowmere_BackUpThisFolder_ButDontShipItWithYourGame/il2cppOutput/Generics__81.cpp
[1169/1513  0s] CopyFiles ~/wkspace/gc-studio/p4.2i/.evidence/P42iPlayer/player/Hollowmere_BackUpThisFolder_ButDontShipItWithYourGame/il2cppOutput/Generics__20.cpp
[1170/1513  0s] CopyFiles ~/wkspace/gc-studio/p4.2i/.evidence/P42iPlayer/player/Hollowmere_BackUpThisFolder_ButDontShipItWithYourGame/il2cppOutput/UnityEngine.InputModule.cpp
[1171/1513  0s] CopyFiles ~/wkspace/gc-studio/p4.2i/.evidence/P42iPlayer/player/Hollowmere_BackUpThisFolder_ButDontShipItWithYourGame/il2cppOutput/Generics__192.cpp
[1172/1513  0s] CopyFiles ~/wkspace/gc-studio/p4.2i/.evidence/P42iPlayer/player/Hollowmere_BackUpThisFolder_ButDontShipItWithYourGame/il2cppOutput/UnityEngine.cpp
[1173/1513  0s] CopyFiles ~/wkspace/gc-studio/p4.2i/.evidence/P42iPlayer/player/Hollowmere_BackUpThisFolder_ButDontShipItWithYourGame/il2cppOutput/UnityEngine.AccessibilityModule.cpp
[1174/1513  0s] CopyFiles ~/wkspace/gc-studio/p4.2i/.evidence/P42iPlayer/player/Hollowmere_BackUpThisFolder_ButDontShipItWithYourGame/il2cppOutput/UnityEngine.AccessibilityModule_CodeGen.c
[1175/1513  0s] CopyFiles ~/wkspace/gc-studio/p4.2i/.evidence/P42iPlayer/player/Hollowmere_BackUpThisFolder_ButDontShipItWithYourGame/il2cppOutput/Generics__95.cpp
[1176/1513  0s] CopyFiles ~/wkspace/gc-studio/p4.2i/.evidence/P42iPlayer/player/Hollowmere_BackUpThisFolder_ButDontShipItWithYourGame/il2cppOutput/Generics__18.cpp
[1177/1513  0s] CopyFiles ~/wkspace/gc-studio/p4.2i/.evidence/P42iPlayer/player/Hollowmere_BackUpThisFolder_ButDontShipItWithYourGame/il2cppOutput/mscorlib__3.cpp
[1178/1513  0s] CopyFiles ~/wkspace/gc-studio/p4.2i/.evidence/P42iPlayer/player/Hollowmere_BackUpThisFolder_ButDontShipItWithYourGame/il2cppOutput/GameCore.Rules.Traversal_CodeGen.c
[1179/1513  0s] CopyFiles ~/wkspace/gc-studio/p4.2i/.evidence/P42iPlayer/player/Hollowmere_BackUpThisFolder_ButDontShipItWithYourGame/il2cppOutput/Generics__105.cpp
[1180/1513  0s] CopyFiles ~/wkspace/gc-studio/p4.2i/.evidence/P42iPlayer/player/Hollowmere_BackUpThisFolder_ButDontShipItWithYourGame/il2cppOutput/UnityEngine.XRModule_CodeGen.c
[1181/1513  0s] CopyFiles ~/wkspace/gc-studio/p4.2i/.evidence/P42iPlayer/player/Hollowmere_BackUpThisFolder_ButDontShipItWithYourGame/il2cppOutput/UnityEngine.GridModule.cpp
[1182/1513  0s] CopyFiles ~/wkspace/gc-studio/p4.2i/.evidence/P42iPlayer/player/Hollowmere_BackUpThisFolder_ButDontShipItWithYourGame/il2cppOutput/Generics__96.cpp
[1183/1513  0s] CopyFiles ~/wkspace/gc-studio/p4.2i/.evidence/P42iPlayer/player/Hollowmere_BackUpThisFolder_ButDontShipItWithYourGame/il2cppOutput/Generics__39.cpp
[1184/1513  0s] CopyFiles ~/wkspace/gc-studio/p4.2i/.evidence/P42iPlayer/player/Hollowmere_BackUpThisFolder_ButDontShipItWithYourGame/il2cppOutput/Unity.Burst_CodeGen.c
[1185/1513  0s] CopyFiles ~/wkspace/gc-studio/p4.2i/.evidence/P42iPlayer/player/Hollowmere_BackUpThisFolder_ButDontShipItWithYourGame/il2cppOutput/GameCore.Derivation_CodeGen.c
[1186/1513  0s] CopyFiles ~/wkspace/gc-studio/p4.2i/.evidence/P42iPlayer/player/Hollowmere_BackUpThisFolder_ButDontShipItWithYourGame/il2cppOutput/Generics__114.cpp
[1187/1513  0s] CopyFiles ~/wkspace/gc-studio/p4.2i/.evidence/P42iPlayer/player/Hollowmere_BackUpThisFolder_ButDontShipItWithYourGame/il2cppOutput/Unity.Scenes_CodeGen.c
[1188/1513  0s] CopyFiles ~/wkspace/gc-studio/p4.2i/.evidence/P42iPlayer/player/Hollowmere_BackUpThisFolder_ButDontShipItWithYourGame/il2cppOutput/GenericMethods__63.cpp
[1189/1513  0s] CopyFiles ~/wkspace/gc-studio/p4.2i/.evidence/P42iPlayer/player/Hollowmere_BackUpThisFolder_ButDontShipItWithYourGame/il2cppOutput/GameCore.Gameplay.Audio_CodeGen.c
[1190/1513  0s] CopyFiles ~/wkspace/gc-studio/p4.2i/.evidence/P42iPlayer/player/Hollowmere_BackUpThisFolder_ButDontShipItWithYourGame/il2cppOutput/GenericMethods__43.cpp
[1191/1513  0s] CopyFiles ~/wkspace/gc-studio/p4.2i/.evidence/P42iPlayer/player/Hollowmere_BackUpThisFolder_ButDontShipItWithYourGame/il2cppOutput/Generics__97.cpp
[1192/1513  0s] CopyFiles ~/wkspace/gc-studio/p4.2i/.evidence/P42iPlayer/player/Hollowmere_BackUpThisFolder_ButDontShipItWithYourGame/il2cppOutput/GameCore.Gameplay.World.cpp
[1193/1513  0s] CopyFiles ~/wkspace/gc-studio/p4.2i/.evidence/P42iPlayer/player/Hollowmere_BackUpThisFolder_ButDontShipItWithYourGame/il2cppOutput/Unity.Entities.Hybrid.HybridComponents_CodeGen.c
[1194/1513  0s] CopyFiles ~/wkspace/gc-studio/p4.2i/.evidence/P42iPlayer/player/Hollowmere_BackUpThisFolder_ButDontShipItWithYourGame/il2cppOutput/Unity.Entities.Hybrid.HybridComponents.cpp
[1195/1513  0s] CopyFiles ~/wkspace/gc-studio/p4.2i/.evidence/P42iPlayer/player/Hollowmere_BackUpThisFolder_ButDontShipItWithYourGame/il2cppOutput/GenericMethods__77.cpp
[1196/1513  0s] CopyFiles ~/wkspace/gc-studio/p4.2i/.evidence/P42iPlayer/player/Hollowmere_BackUpThisFolder_ButDontShipItWithYourGame/il2cppOutput/GenericMethods__8.cpp
[1197/1513  0s] CopyFiles ~/wkspace/gc-studio/p4.2i/.evidence/P42iPlayer/player/Hollowmere_BackUpThisFolder_ButDontShipItWithYourGame/il2cppOutput/Generics__5.cpp
[1198/1513  0s] CopyFiles ~/wkspace/gc-studio/p4.2i/.evidence/P42iPlayer/player/Hollowmere_BackUpThisFolder_ButDontShipItWithYourGame/il2cppOutput/GameCore.Gameplay.Npc.cpp
[1199/1513  0s] CopyFiles ~/wkspace/gc-studio/p4.2i/.evidence/P42iPlayer/player/Hollowmere_BackUpThisFolder_ButDontShipItWithYourGame/il2cppOutput/GameCore.Gameplay.Entities.cpp
[1200/1513  0s] CopyFiles ~/wkspace/gc-studio/p4.2i/.evidence/P42iPlayer/player/Hollowmere_BackUpThisFolder_ButDontShipItWithYourGame/il2cppOutput/GameCore.Gameplay.Entities_CodeGen.c
[1201/1513  0s] CopyFiles ~/wkspace/gc-studio/p4.2i/.evidence/P42iPlayer/player/Hollowmere_BackUpThisFolder_ButDontShipItWithYourGame/il2cppOutput/Generics__15.cpp
[1202/1513  0s] CopyFiles ~/wkspace/gc-studio/p4.2i/.evidence/P42iPlayer/player/Hollowmere_BackUpThisFolder_ButDontShipItWithYourGame/il2cppOutput/Generics__43.cpp
[1203/1513  0s] CopyFiles ~/wkspace/gc-studio/p4.2i/.evidence/P42iPlayer/player/Hollowmere_BackUpThisFolder_ButDontShipItWithYourGame/il2cppOutput/Unity.Mathematics.Extensions.cpp
[1204/1513  0s] CopyFiles ~/wkspace/gc-studio/p4.2i/.evidence/P42iPlayer/player/Hollowmere_BackUpThisFolder_ButDontShipItWithYourGame/il2cppOutput/Unity.Mathematics.Extensions_CodeGen.c
[1205/1513  0s] CopyFiles ~/wkspace/gc-studio/p4.2i/.evidence/P42iPlayer/player/Hollowmere_BackUpThisFolder_ButDontShipItWithYourGame/il2cppOutput/Generics__80.cpp
[1206/1513  0s] CopyFiles ~/wkspace/gc-studio/p4.2i/.evidence/P42iPlayer/player/Hollowmere_BackUpThisFolder_ButDontShipItWithYourGame/il2cppOutput/GenericMethods__84.cpp
[1207/1513  0s] CopyFiles ~/wkspace/gc-studio/p4.2i/.evidence/P42iPlayer/player/Hollowmere_BackUpThisFolder_ButDontShipItWithYourGame/il2cppOutput/Generics__109.cpp
[1208/1513  0s] CopyFiles ~/wkspace/gc-studio/p4.2i/.evidence/P42iPlayer/player/Hollowmere_BackUpThisFolder_ButDontShipItWithYourGame/il2cppOutput/Generics__123.cpp
[1209/1513  0s] CopyFiles ~/wkspace/gc-studio/p4.2i/.evidence/P42iPlayer/player/Hollowmere_BackUpThisFolder_ButDontShipItWithYourGame/il2cppOutput/Generics__113.cpp
[1210/1513  0s] CopyFiles ~/wkspace/gc-studio/p4.2i/.evidence/P42iPlayer/player/Hollowmere_BackUpThisFolder_ButDontShipItWithYourGame/il2cppOutput/Il2CppGenericMethodDefinitions.c
[1211/1513  0s] CopyFiles ~/wkspace/gc-studio/p4.2i/.evidence/P42iPlayer/player/Hollowmere_BackUpThisFolder_ButDontShipItWithYourGame/il2cppOutput/GenericMethods__20.cpp
[1212/1513  0s] CopyFiles ~/wkspace/gc-studio/p4.2i/.evidence/P42iPlayer/player/Hollowmere_BackUpThisFolder_ButDontShipItWithYourGame/il2cppOutput/Unity.Transforms.cpp
[1213/1513  0s] CopyFiles ~/wkspace/gc-studio/p4.2i/.evidence/P42iPlayer/player/Hollowmere_BackUpThisFolder_ButDontShipItWithYourGame/il2cppOutput/Generics__31.cpp
[1214/1513  0s] CopyFiles ~/wkspace/gc-studio/p4.2i/.evidence/P42iPlayer/player/Hollowmere_BackUpThisFolder_ButDontShipItWithYourGame/il2cppOutput/GameCore.Gameplay.Cards.cpp
[1215/1513  0s] CopyFiles ~/wkspace/gc-studio/p4.2i/.evidence/P42iPlayer/player/Hollowmere_BackUpThisFolder_ButDontShipItWithYourGame/il2cppOutput/Generics__149.cpp
[1216/1513  0s] CopyFiles ~/wkspace/gc-studio/p4.2i/.evidence/P42iPlayer/player/Hollowmere_BackUpThisFolder_ButDontShipItWithYourGame/il2cppOutput/Il2CppUnresolvedIndirectCallStubs.cpp
[1217/1513  0s] CopyFiles ~/wkspace/gc-studio/p4.2i/.evidence/P42iPlayer/player/Hollowmere_BackUpThisFolder_ButDontShipItWithYourGame/il2cppOutput/UnityEngine.CoreModule.cpp
[1218/1513  0s] CopyFiles ~/wkspace/gc-studio/p4.2i/.evidence/P42iPlayer/player/Hollowmere_BackUpThisFolder_ButDontShipItWithYourGame/il2cppOutput/System__2.cpp
[1219/1513  0s] CopyFiles ~/wkspace/gc-studio/p4.2i/.evidence/P42iPlayer/player/Hollowmere_BackUpThisFolder_ButDontShipItWithYourGame/il2cppOutput/Generics__40.cpp
[1220/1513  0s] CopyFiles ~/wkspace/gc-studio/p4.2i/.evidence/P42iPlayer/player/Hollowmere_BackUpThisFolder_ButDontShipItWithYourGame/il2cppOutput/GameCore.Gameplay.Save_CodeGen.c
[1221/1513  0s] CopyFiles ~/wkspace/gc-studio/p4.2i/.evidence/P42iPlayer/player/Hollowmere_BackUpThisFolder_ButDontShipItWithYourGame/il2cppOutput/GameCore.Unity.Fixtures_CodeGen.c
[1222/1513  0s] CopyFiles ~/wkspace/gc-studio/p4.2i/.evidence/P42iPlayer/player/Hollowmere_BackUpThisFolder_ButDontShipItWithYourGame/il2cppOutput/Generics__82.cpp
[1223/1513  0s] CopyFiles ~/wkspace/gc-studio/p4.2i/.evidence/P42iPlayer/player/Hollowmere_BackUpThisFolder_ButDontShipItWithYourGame/il2cppOutput/Generics__160.cpp
[1224/1513  0s] CopyFiles ~/wkspace/gc-studio/p4.2i/.evidence/P42iPlayer/player/Hollowmere_BackUpThisFolder_ButDontShipItWithYourGame/il2cppOutput/UnityEngine.SubsystemsModule.cpp
[1225/1513  0s] CopyFiles ~/wkspace/gc-studio/p4.2i/.evidence/P42iPlayer/player/Hollowmere_BackUpThisFolder_ButDontShipItWithYourGame/il2cppOutput/UnityEngine.SubsystemsModule_CodeGen.c
[1226/1513  0s] CopyFiles ~/wkspace/gc-studio/p4.2i/.evidence/P42iPlayer/player/Hollowmere_BackUpThisFolder_ButDontShipItWithYourGame/il2cppOutput/Generics__60.cpp
[1227/1513  0s] CopyFiles ~/wkspace/gc-studio/p4.2i/.evidence/P42iPlayer/player/Hollowmere_BackUpThisFolder_ButDontShipItWithYourGame/il2cppOutput/Generics__23.cpp
[1228/1513  0s] CopyFiles ~/wkspace/gc-studio/p4.2i/.evidence/P42iPlayer/player/Hollowmere_BackUpThisFolder_ButDontShipItWithYourGame/il2cppOutput/UnityEngine.UI__3.cpp
[1229/1513  0s] CopyFiles ~/wkspace/gc-studio/p4.2i/.evidence/P42iPlayer/player/Hollowmere_BackUpThisFolder_ButDontShipItWithYourGame/il2cppOutput/GenericMethods__19.cpp
[1230/1513  0s] CopyFiles ~/wkspace/gc-studio/p4.2i/.evidence/P42iPlayer/player/Hollowmere_BackUpThisFolder_ButDontShipItWithYourGame/il2cppOutput/Generics__126.cpp
[1231/1513  0s] CopyFiles ~/wkspace/gc-studio/p4.2i/.evidence/P42iPlayer/player/Hollowmere_BackUpThisFolder_ButDontShipItWithYourGame/il2cppOutput/Generics__151.cpp
[1232/1513  0s] CopyFiles ~/wkspace/gc-studio/p4.2i/.evidence/P42iPlayer/player/Hollowmere_BackUpThisFolder_ButDontShipItWithYourGame/il2cppOutput/Generics__35.cpp
[1233/1513  0s] CopyFiles ~/wkspace/gc-studio/p4.2i/.evidence/P42iPlayer/player/Hollowmere_BackUpThisFolder_ButDontShipItWithYourGame/il2cppOutput/GameCore.Gameplay.Contracts.cpp
[1234/1513  0s] CopyFiles ~/wkspace/gc-studio/p4.2i/.evidence/P42iPlayer/player/Hollowmere_BackUpThisFolder_ButDontShipItWithYourGame/il2cppOutput/GameCore.Gameplay.Contracts_CodeGen.c
[1235/1513  0s] CopyFiles ~/wkspace/gc-studio/p4.2i/.evidence/P42iPlayer/player/Hollowmere_BackUpThisFolder_ButDontShipItWithYourGame/il2cppOutput/Generics__99.cpp
[1236/1513  0s] CopyFiles ~/wkspace/gc-studio/p4.2i/.evidence/P42iPlayer/player/Hollowmere_BackUpThisFolder_ButDontShipItWithYourGame/il2cppOutput/Generics__61.cpp
[1237/1513  0s] CopyFiles ~/wkspace/gc-studio/p4.2i/.evidence/P42iPlayer/player/Hollowmere_BackUpThisFolder_ButDontShipItWithYourGame/il2cppOutput/Generics__88.cpp
[1238/1513  0s] CopyFiles ~/wkspace/gc-studio/p4.2i/.evidence/P42iPlayer/player/Hollowmere_BackUpThisFolder_ButDontShipItWithYourGame/il2cppOutput/Generics__68.cpp
[1239/1513  0s] CopyFiles ~/wkspace/gc-studio/p4.2i/.evidence/P42iPlayer/player/Hollowmere_BackUpThisFolder_ButDontShipItWithYourGame/il2cppOutput/Generics__183.cpp
[1240/1513  0s] CopyFiles ~/wkspace/gc-studio/p4.2i/.evidence/P42iPlayer/player/Hollowmere_BackUpThisFolder_ButDontShipItWithYourGame/il2cppOutput/Generics__157.cpp
[1241/1513  0s] CopyFiles ~/wkspace/gc-studio/p4.2i/.evidence/P42iPlayer/player/Hollowmere_BackUpThisFolder_ButDontShipItWithYourGame/il2cppOutput/Generics__66.cpp
[1242/1513  0s] CopyFiles ~/wkspace/gc-studio/p4.2i/.evidence/P42iPlayer/player/Hollowmere_BackUpThisFolder_ButDontShipItWithYourGame/il2cppOutput/Hollowmere.Boot_CodeGen.c
[1243/1513  0s] CopyFiles ~/wkspace/gc-studio/p4.2i/.evidence/P42iPlayer/player/Hollowmere_BackUpThisFolder_ButDontShipItWithYourGame/il2cppOutput/Generics__184.cpp
[1244/1513  0s] CopyFiles ~/wkspace/gc-studio/p4.2i/.evidence/P42iPlayer/player/Hollowmere_BackUpThisFolder_ButDontShipItWithYourGame/il2cppOutput/Generics__33.cpp
[1245/1513  0s] CopyFiles ~/wkspace/gc-studio/p4.2i/.evidence/P42iPlayer/player/Hollowmere_BackUpThisFolder_ButDontShipItWithYourGame/il2cppOutput/Unity.Entities__2.cpp
[1246/1513  0s] CopyFiles ~/wkspace/gc-studio/p4.2i/.evidence/P42iPlayer/player/Hollowmere_BackUpThisFolder_ButDontShipItWithYourGame/il2cppOutput/Generics__92.cpp
[1247/1513  0s] CopyFiles ~/wkspace/gc-studio/p4.2i/.evidence/P42iPlayer/player/Hollowmere_BackUpThisFolder_ButDontShipItWithYourGame/il2cppOutput/Unity.Transforms.Hybrid_CodeGen.c
[1248/1513  0s] CopyFiles ~/wkspace/gc-studio/p4.2i/.evidence/P42iPlayer/player/Hollowmere_BackUpThisFolder_ButDontShipItWithYourGame/il2cppOutput/Generics__165.cpp
[1249/1513  0s] CopyFiles ~/wkspace/gc-studio/p4.2i/.evidence/P42iPlayer/player/Hollowmere_BackUpThisFolder_ButDontShipItWithYourGame/il2cppOutput/Generics__125.cpp
[1250/1513  0s] CopyFiles ~/wkspace/gc-studio/p4.2i/.evidence/P42iPlayer/player/Hollowmere_BackUpThisFolder_ButDontShipItWithYourGame/il2cppOutput/UnityEngine.VFXModule.cpp
[1251/1513  0s] CopyFiles ~/wkspace/gc-studio/p4.2i/.evidence/P42iPlayer/player/Hollowmere_BackUpThisFolder_ButDontShipItWithYourGame/il2cppOutput/GenericMethods__60.cpp
[1252/1513  0s] CopyFiles ~/wkspace/gc-studio/p4.2i/.evidence/P42iPlayer/player/Hollowmere_BackUpThisFolder_ButDontShipItWithYourGame/il2cppOutput/Unity.Entities__6.cpp
[1253/1513  0s] CopyFiles ~/wkspace/gc-studio/p4.2i/.evidence/P42iPlayer/player/Hollowmere_BackUpThisFolder_ButDontShipItWithYourGame/il2cppOutput/Unity.RenderPipeline.Universal.ShaderLibrary.cpp
[1254/1513  0s] CopyFiles ~/wkspace/gc-studio/p4.2i/.evidence/P42iPlayer/player/Hollowmere_BackUpThisFolder_ButDontShipItWithYourGame/il2cppOutput/Unity.RenderPipeline.Universal.ShaderLibrary_CodeGen.c
[1255/1513  0s] CopyFiles ~/wkspace/gc-studio/p4.2i/.evidence/P42iPlayer/player/Hollowmere_BackUpThisFolder_ButDontShipItWithYourGame/il2cppOutput/GenericMethods__27.cpp
[1256/1513  0s] CopyFiles ~/wkspace/gc-studio/p4.2i/.evidence/P42iPlayer/player/Hollowmere_BackUpThisFolder_ButDontShipItWithYourGame/il2cppOutput/GenericMethods__6.cpp
[1257/1513  0s] CopyFiles ~/wkspace/gc-studio/p4.2i/.evidence/P42iPlayer/player/Hollowmere_BackUpThisFolder_ButDontShipItWithYourGame/il2cppOutput/GenericMethods__12.cpp
[1258/1513  0s] CopyFiles ~/wkspace/gc-studio/p4.2i/.evidence/P42iPlayer/player/Hollowmere_BackUpThisFolder_ButDontShipItWithYourGame/il2cppOutput/GameCore.Gameplay.Dialogue.cpp
[1259/1513  0s] CopyFiles ~/wkspace/gc-studio/p4.2i/.evidence/P42iPlayer/player/Hollowmere_BackUpThisFolder_ButDontShipItWithYourGame/il2cppOutput/GameCore.Gameplay.Dialogue_CodeGen.c
[1260/1513  0s] CopyFiles ~/wkspace/gc-studio/p4.2i/.evidence/P42iPlayer/player/Hollowmere_BackUpThisFolder_ButDontShipItWithYourGame/il2cppOutput/Generics__143.cpp
[1261/1513  0s] CopyFiles ~/wkspace/gc-studio/p4.2i/.evidence/P42iPlayer/player/Hollowmere_BackUpThisFolder_ButDontShipItWithYourGame/il2cppOutput/__Generated.cpp
[1262/1513  0s] CopyFiles ~/wkspace/gc-studio/p4.2i/.evidence/P42iPlayer/player/Hollowmere_BackUpThisFolder_ButDontShipItWithYourGame/il2cppOutput/UnityEngine.AIModule.cpp
[1263/1513 14s] C_Linux_x64_Clang Library/Bee/artifacts/LinuxPlayerBuildProgram/zbz95/r6ekj6slvtn5.o
[1264/1513  0s] CopyFiles ~/wkspace/gc-studio/p4.2i/.evidence/P42iPlayer/player/Hollowmere_BackUpThisFolder_ButDontShipItWithYourGame/il2cppOutput/Generics__38.cpp
[1265/1513  0s] CopyFiles ~/wkspace/gc-studio/p4.2i/.evidence/P42iPlayer/player/Hollowmere_BackUpThisFolder_ButDontShipItWithYourGame/il2cppOutput/GenericMethods__17.cpp
[1266/1513  0s] CopyFiles ~/wkspace/gc-studio/p4.2i/.evidence/P42iPlayer/player/Hollowmere_BackUpThisFolder_ButDontShipItWithYourGame/il2cppOutput/Generics__47.cpp
[1267/1513  0s] CopyFiles ~/wkspace/gc-studio/p4.2i/.evidence/P42iPlayer/player/Hollowmere_BackUpThisFolder_ButDontShipItWithYourGame/il2cppOutput/System.cpp
[1268/1513  0s] CopyFiles ~/wkspace/gc-studio/p4.2i/.evidence/P42iPlayer/player/Hollowmere_BackUpThisFolder_ButDontShipItWithYourGame/il2cppOutput/Generics__116.cpp
[1269/1513  0s] CopyFiles ~/wkspace/gc-studio/p4.2i/.evidence/P42iPlayer/player/Hollowmere_BackUpThisFolder_ButDontShipItWithYourGame/il2cppOutput/Generics__119.cpp
[1270/1513  0s] CopyFiles ~/wkspace/gc-studio/p4.2i/.evidence/P42iPlayer/player/Hollowmere_BackUpThisFolder_ButDontShipItWithYourGame/il2cppOutput/GenericMethods__96.cpp
[1271/1513  0s] CopyFiles ~/wkspace/gc-studio/p4.2i/.evidence/P42iPlayer/player/Hollowmere_BackUpThisFolder_ButDontShipItWithYourGame/il2cppOutput/Generics__83.cpp
[1272/1513  0s] CopyFiles ~/wkspace/gc-studio/p4.2i/.evidence/P42iPlayer/player/Hollowmere_BackUpThisFolder_ButDontShipItWithYourGame/il2cppOutput/Hollowmere.Checkpoint__1.cpp
[1273/1513  0s] CopyFiles ~/wkspace/gc-studio/p4.2i/.evidence/P42iPlayer/player/Hollowmere_BackUpThisFolder_ButDontShipItWithYourGame/il2cppOutput/Unity.Entities.Hybrid_CodeGen.c
[1274/1513  0s] CopyFiles ~/wkspace/gc-studio/p4.2i/.evidence/P42iPlayer/player/Hollowmere_BackUpThisFolder_ButDontShipItWithYourGame/il2cppOutput/Generics__196.cpp
[1275/1513  0s] CopyFiles ~/wkspace/gc-studio/p4.2i/.evidence/P42iPlayer/player/Hollowmere_BackUpThisFolder_ButDontShipItWithYourGame/il2cppOutput/GenericMethods__94.cpp
[1276/1513  0s] CopyFiles ~/wkspace/gc-studio/p4.2i/.evidence/P42iPlayer/player/Hollowmere_BackUpThisFolder_ButDontShipItWithYourGame/il2cppOutput/UnityEngine.CoreModule__5.cpp
[1277/1513  0s] CopyFiles ~/wkspace/gc-studio/p4.2i/.evidence/P42iPlayer/player/Hollowmere_BackUpThisFolder_ButDontShipItWithYourGame/il2cppOutput/GameCore.Planning__1.cpp
[1278/1513  0s] CopyFiles ~/wkspace/gc-studio/p4.2i/.evidence/P42iPlayer/player/Hollowmere_BackUpThisFolder_ButDontShipItWithYourGame/il2cppOutput/UnityEngine.CoreModule__2.cpp
[1279/1513  0s] CopyFiles ~/wkspace/gc-studio/p4.2i/.evidence/P42iPlayer/player/Hollowmere_BackUpThisFolder_ButDontShipItWithYourGame/il2cppOutput/UnityEngine.CoreModule__4.cpp
[1280/1513  0s] CopyFiles ~/wkspace/gc-studio/p4.2i/.evidence/P42iPlayer/player/Hollowmere_BackUpThisFolder_ButDontShipItWithYourGame/il2cppOutput/UnityEngine.CoreModule__1.cpp
[1281/1513  0s] CopyFiles ~/wkspace/gc-studio/p4.2i/.evidence/P42iPlayer/player/Hollowmere_BackUpThisFolder_ButDontShipItWithYourGame/il2cppOutput/GenericMethods__23.cpp
[1282/1513  0s] CopyFiles ~/wkspace/gc-studio/p4.2i/.evidence/P42iPlayer/player/Hollowmere_BackUpThisFolder_ButDontShipItWithYourGame/il2cppOutput/GenericMethods__92.cpp
[1283/1513  0s] CopyFiles ~/wkspace/gc-studio/p4.2i/.evidence/P42iPlayer/player/Hollowmere_BackUpThisFolder_ButDontShipItWithYourGame/il2cppOutput/mscorlib__17.cpp
[1284/1513  0s] CopyFiles ~/wkspace/gc-studio/p4.2i/.evidence/P42iPlayer/player/Hollowmere_BackUpThisFolder_ButDontShipItWithYourGame/il2cppOutput/UnityEngine.CoreModule__3.cpp
[1285/1513  0s] CopyFiles ~/wkspace/gc-studio/p4.2i/.evidence/P42iPlayer/player/Hollowmere_BackUpThisFolder_ButDontShipItWithYourGame/il2cppOutput/Generics__67.cpp
[1286/1513  0s] CopyFiles ~/wkspace/gc-studio/p4.2i/.evidence/P42iPlayer/player/Hollowmere_BackUpThisFolder_ButDontShipItWithYourGame/il2cppOutput/UnityEngine.DirectorModule_CodeGen.c
[1287/1513 17s] C_Linux_x64_Clang Library/Bee/artifacts/LinuxPlayerBuildProgram/zbz95/d04i1nkk22qi.o
[1288/1513  0s] CopyFiles ~/wkspace/gc-studio/p4.2i/.evidence/P42iPlayer/player/Hollowmere_BackUpThisFolder_ButDontShipItWithYourGame/il2cppOutput/Generics__108.cpp
[1289/1513  0s] CopyFiles ~/wkspace/gc-studio/p4.2i/.evidence/P42iPlayer/player/Hollowmere_BackUpThisFolder_ButDontShipItWithYourGame/il2cppOutput/UnityEngine.TilemapModule_CodeGen.c
[1290/1513  0s] CopyFiles ~/wkspace/gc-studio/p4.2i/.evidence/P42iPlayer/player/Hollowmere_BackUpThisFolder_ButDontShipItWithYourGame/il2cppOutput/GenericMethods__46.cpp
[1291/1513  0s] CopyFiles ~/wkspace/gc-studio/p4.2i/.evidence/P42iPlayer/player/Hollowmere_BackUpThisFolder_ButDontShipItWithYourGame/il2cppOutput/Generics__98.cpp
[1292/1513  0s] CopyFiles ~/wkspace/gc-studio/p4.2i/.evidence/P42iPlayer/player/Hollowmere_BackUpThisFolder_ButDontShipItWithYourGame/il2cppOutput/GenericMethods__41.cpp
[1293/1513  0s] CopyFiles ~/wkspace/gc-studio/p4.2i/.evidence/P42iPlayer/player/Hollowmere_BackUpThisFolder_ButDontShipItWithYourGame/il2cppOutput/Hollowmere.Narrative.cpp
[1294/1513  0s] CopyFiles ~/wkspace/gc-studio/p4.2i/.evidence/P42iPlayer/player/Hollowmere_BackUpThisFolder_ButDontShipItWithYourGame/il2cppOutput/mscorlib__14.cpp
[1295/1513  0s] CopyFiles ~/wkspace/gc-studio/p4.2i/.evidence/P42iPlayer/player/Hollowmere_BackUpThisFolder_ButDontShipItWithYourGame/il2cppOutput/Generics__76.cpp
[1296/1513  0s] CopyFiles ~/wkspace/gc-studio/p4.2i/.evidence/P42iPlayer/player/Hollowmere_BackUpThisFolder_ButDontShipItWithYourGame/il2cppOutput/Mono.Security.cpp
[1297/1513  0s] CopyFiles ~/wkspace/gc-studio/p4.2i/.evidence/P42iPlayer/player/Hollowmere_BackUpThisFolder_ButDontShipItWithYourGame/il2cppOutput/Unity.InputSystem__10.cpp
[1298/1513  0s] CopyFiles ~/wkspace/gc-studio/p4.2i/.evidence/P42iPlayer/player/Hollowmere_BackUpThisFolder_ButDontShipItWithYourGame/il2cppOutput/mscorlib__1.cpp
[1299/1513  0s] CopyFiles ~/wkspace/gc-studio/p4.2i/.evidence/P42iPlayer/player/Hollowmere_BackUpThisFolder_ButDontShipItWithYourGame/il2cppOutput/Generics__141.cpp
[1300/1513  0s] CopyFiles ~/wkspace/gc-studio/p4.2i/.evidence/P42iPlayer/player/Hollowmere_BackUpThisFolder_ButDontShipItWithYourGame/il2cppOutput/GenericMethods__76.cpp
[1301/1513  0s] CopyFiles ~/wkspace/gc-studio/p4.2i/.evidence/P42iPlayer/player/Hollowmere_BackUpThisFolder_ButDontShipItWithYourGame/il2cppOutput/GameCore.Rules.Traversal.cpp
[1302/1513  0s] CopyFiles ~/wkspace/gc-studio/p4.2i/.evidence/P42iPlayer/player/Hollowmere_BackUpThisFolder_ButDontShipItWithYourGame/il2cppOutput/GenericMethods__44.cpp
[1303/1513  0s] CopyFiles ~/wkspace/gc-studio/p4.2i/.evidence/P42iPlayer/player/Hollowmere_BackUpThisFolder_ButDontShipItWithYourGame/il2cppOutput/Generics__195.cpp
[1304/1513  0s] CopyFiles ~/wkspace/gc-studio/p4.2i/.evidence/P42iPlayer/player/Hollowmere_BackUpThisFolder_ButDontShipItWithYourGame/il2cppOutput/Il2CppGenericAdjustorThunkTable.c
[1305/1513  0s] CopyFiles ~/wkspace/gc-studio/p4.2i/.evidence/P42iPlayer/player/Hollowmere_BackUpThisFolder_ButDontShipItWithYourGame/il2cppOutput/System.Core.cpp
[1306/1513  0s] CopyFiles ~/wkspace/gc-studio/p4.2i/.evidence/P42iPlayer/player/Hollowmere_BackUpThisFolder_ButDontShipItWithYourGame/il2cppOutput/GameCore.Gameplay.Ui_CodeGen.c
[1307/1513  0s] CopyFiles ~/wkspace/gc-studio/p4.2i/.evidence/P42iPlayer/player/Hollowmere_BackUpThisFolder_ButDontShipItWithYourGame/il2cppOutput/GenericMethods__49.cpp
[1308/1513  0s] CopyFiles ~/wkspace/gc-studio/p4.2i/.evidence/P42iPlayer/player/Hollowmere_BackUpThisFolder_ButDontShipItWithYourGame/il2cppOutput/Il2CppTypeDefinitions.c
[1309/1513  0s] CopyFiles ~/wkspace/gc-studio/p4.2i/.evidence/P42iPlayer/player/Hollowmere_BackUpThisFolder_ButDontShipItWithYourGame/il2cppOutput/GenericMethods__37.cpp
[1310/1513  0s] CopyFiles ~/wkspace/gc-studio/p4.2i/.evidence/P42iPlayer/player/Hollowmere_BackUpThisFolder_ButDontShipItWithYourGame/il2cppOutput/Generics__52.cpp
[1311/1513  0s] CopyFiles ~/wkspace/gc-studio/p4.2i/.evidence/P42iPlayer/player/Hollowmere_BackUpThisFolder_ButDontShipItWithYourGame/il2cppOutput/GenericMethods__54.cpp
[1312/1513  0s] CopyFiles ~/wkspace/gc-studio/p4.2i/.evidence/P42iPlayer/player/Hollowmere_BackUpThisFolder_ButDontShipItWithYourGame/il2cppOutput/Generics__59.cpp
[1313/1513  0s] CopyFiles ~/wkspace/gc-studio/p4.2i/.evidence/P42iPlayer/player/Hollowmere_BackUpThisFolder_ButDontShipItWithYourGame/il2cppOutput/UnityEngine.AssetBundleModule_CodeGen.c
[1314/1513  0s] CopyFiles ~/wkspace/gc-studio/p4.2i/.evidence/P42iPlayer/player/Hollowmere_BackUpThisFolder_ButDontShipItWithYourGame/il2cppOutput/UnityEngine.AssetBundleModule.cpp
[1315/1513  0s] CopyFiles ~/wkspace/gc-studio/p4.2i/.evidence/P42iPlayer/player/Hollowmere_BackUpThisFolder_ButDontShipItWithYourGame/il2cppOutput/Unity.Transforms.Hybrid.cpp
[1316/1513  0s] CopyFiles ~/wkspace/gc-studio/p4.2i/.evidence/P42iPlayer/player/Hollowmere_BackUpThisFolder_ButDontShipItWithYourGame/il2cppOutput/GenericMethods__48.cpp
[1317/1513  0s] CopyFiles ~/wkspace/gc-studio/p4.2i/.evidence/P42iPlayer/player/Hollowmere_BackUpThisFolder_ButDontShipItWithYourGame/il2cppOutput/UnityEngine.DirectorModule.cpp
[1318/1513  0s] CopyFiles ~/wkspace/gc-studio/p4.2i/.evidence/P42iPlayer/player/Hollowmere_BackUpThisFolder_ButDontShipItWithYourGame/il2cppOutput/Generics__17.cpp
[1319/1513  0s] CopyFiles ~/wkspace/gc-studio/p4.2i/.evidence/P42iPlayer/player/Hollowmere_BackUpThisFolder_ButDontShipItWithYourGame/il2cppOutput/Generics.cpp
[1320/1513  0s] CopyFiles ~/wkspace/gc-studio/p4.2i/.evidence/P42iPlayer/player/Hollowmere_BackUpThisFolder_ButDontShipItWithYourGame/il2cppOutput/GameCore.Planning.cpp
[1321/1513  0s] CopyFiles ~/wkspace/gc-studio/p4.2i/.evidence/P42iPlayer/player/Hollowmere_BackUpThisFolder_ButDontShipItWithYourGame/il2cppOutput/Unity.Entities__3.cpp
[1322/1513  0s] CopyFiles ~/wkspace/gc-studio/p4.2i/.evidence/P42iPlayer/player/Hollowmere_BackUpThisFolder_ButDontShipItWithYourGame/il2cppOutput/Generics__176.cpp
[1323/1513  0s] CopyFiles ~/wkspace/gc-studio/p4.2i/.evidence/P42iPlayer/player/Hollowmere_BackUpThisFolder_ButDontShipItWithYourGame/il2cppOutput/UnityEngine_CodeGen.c
[1324/1513  0s] CopyFiles ~/wkspace/gc-studio/p4.2i/.evidence/P42iPlayer/player/Hollowmere_BackUpThisFolder_ButDontShipItWithYourGame/il2cppOutput/Generics__169.cpp
[1325/1513  0s] CopyFiles ~/wkspace/gc-studio/p4.2i/.evidence/P42iPlayer/player/Hollowmere_BackUpThisFolder_ButDontShipItWithYourGame/il2cppOutput/GameCore.Composition__1.cpp
[1326/1513  0s] CopyFiles ~/wkspace/gc-studio/p4.2i/.evidence/P42iPlayer/player/Hollowmere_BackUpThisFolder_ButDontShipItWithYourGame/il2cppOutput/Generics__194.cpp
[1327/1513  0s] CopyFiles ~/wkspace/gc-studio/p4.2i/.evidence/P42iPlayer/player/Hollowmere_BackUpThisFolder_ButDontShipItWithYourGame/il2cppOutput/Hollowmere.UiAudio.cpp
[1328/1513  0s] CopyFiles ~/wkspace/gc-studio/p4.2i/.evidence/P42iPlayer/player/Hollowmere_BackUpThisFolder_ButDontShipItWithYourGame/il2cppOutput/GenericMethods__58.cpp
[1329/1513  0s] CopyFiles ~/wkspace/gc-studio/p4.2i/.evidence/P42iPlayer/player/Hollowmere_BackUpThisFolder_ButDontShipItWithYourGame/il2cppOutput/Generics__78.cpp
[1330/1513  0s] CopyFiles ~/wkspace/gc-studio/p4.2i/.evidence/P42iPlayer/player/Hollowmere_BackUpThisFolder_ButDontShipItWithYourGame/il2cppOutput/Generics__2.cpp
[1331/1513  0s] CopyFiles ~/wkspace/gc-studio/p4.2i/.evidence/P42iPlayer/player/Hollowmere_BackUpThisFolder_ButDontShipItWithYourGame/il2cppOutput/UnityEngine.PhysicsModule.cpp
[1332/1513  0s] CopyFiles ~/wkspace/gc-studio/p4.2i/.evidence/P42iPlayer/player/Hollowmere_BackUpThisFolder_ButDontShipItWithYourGame/il2cppOutput/Generics__148.cpp
[1333/1513  0s] CopyFiles ~/wkspace/gc-studio/p4.2i/.evidence/P42iPlayer/player/Hollowmere_BackUpThisFolder_ButDontShipItWithYourGame/il2cppOutput/GameCore.Gameplay.Traversal.cpp
[1334/1513  0s] CopyFiles ~/wkspace/gc-studio/p4.2i/.evidence/P42iPlayer/player/Hollowmere_BackUpThisFolder_ButDontShipItWithYourGame/il2cppOutput/GameCore.Gameplay.Traversal_CodeGen.c
[1335/1513  0s] CopyFiles ~/wkspace/gc-studio/p4.2i/.evidence/P42iPlayer/player/Hollowmere_BackUpThisFolder_ButDontShipItWithYourGame/il2cppOutput/Unity.RenderPipelines.Core.Runtime.cpp
[1336/1513  0s] CopyFiles ~/wkspace/gc-studio/p4.2i/.evidence/P42iPlayer/player/Hollowmere_BackUpThisFolder_ButDontShipItWithYourGame/il2cppOutput/Generics__103.cpp
[1337/1513  0s] CopyFiles ~/wkspace/gc-studio/p4.2i/.evidence/P42iPlayer/player/Hollowmere_BackUpThisFolder_ButDontShipItWithYourGame/il2cppOutput/Unity.RenderPipelines.Core.Runtime__6.cpp
[1338/1513  0s] CopyFiles ~/wkspace/gc-studio/p4.2i/.evidence/P42iPlayer/player/Hollowmere_BackUpThisFolder_ButDontShipItWithYourGame/il2cppOutput/Unity.RenderPipelines.Core.Runtime__7.cpp
[1339/1513  0s] CopyFiles ~/wkspace/gc-studio/p4.2i/.evidence/P42iPlayer/player/Hollowmere_BackUpThisFolder_ButDontShipItWithYourGame/il2cppOutput/Unity.RenderPipelines.Core.Runtime__2.cpp
[1340/1513  0s] CopyFiles ~/wkspace/gc-studio/p4.2i/.evidence/P42iPlayer/player/Hollowmere_BackUpThisFolder_ButDontShipItWithYourGame/il2cppOutput/Unity.RenderPipelines.Core.Runtime__5.cpp
[1341/1513  0s] CopyFiles ~/wkspace/gc-studio/p4.2i/.evidence/P42iPlayer/player/Hollowmere_BackUpThisFolder_ButDontShipItWithYourGame/il2cppOutput/Unity.RenderPipelines.Core.Runtime__1.cpp
[1342/1513  0s] CopyFiles ~/wkspace/gc-studio/p4.2i/.evidence/P42iPlayer/player/Hollowmere_BackUpThisFolder_ButDontShipItWithYourGame/il2cppOutput/Unity.RenderPipelines.Core.Runtime__3.cpp
[1343/1513  0s] CopyFiles ~/wkspace/gc-studio/p4.2i/.evidence/P42iPlayer/player/Hollowmere_BackUpThisFolder_ButDontShipItWithYourGame/il2cppOutput/Unity.RenderPipelines.Core.Runtime__8.cpp
[1344/1513  0s] CopyFiles ~/wkspace/gc-studio/p4.2i/.evidence/P42iPlayer/player/Hollowmere_BackUpThisFolder_ButDontShipItWithYourGame/il2cppOutput/Unity.RenderPipelines.Core.Runtime.Shared_CodeGen.c
[1345/1513  0s] CopyFiles ~/wkspace/gc-studio/p4.2i/.evidence/P42iPlayer/player/Hollowmere_BackUpThisFolder_ButDontShipItWithYourGame/il2cppOutput/Unity.RenderPipelines.Core.Runtime_CodeGen.c
[1346/1513  0s] CopyFiles ~/wkspace/gc-studio/p4.2i/.evidence/P42iPlayer/player/Hollowmere_BackUpThisFolder_ButDontShipItWithYourGame/il2cppOutput/Unity.RenderPipelines.Core.Runtime__4.cpp
[1347/1513  0s] CopyFiles ~/wkspace/gc-studio/p4.2i/.evidence/P42iPlayer/player/Hollowmere_BackUpThisFolder_ButDontShipItWithYourGame/il2cppOutput/UnityEngine.SharedInternalsModule.cpp
[1348/1513  0s] CopyFiles ~/wkspace/gc-studio/p4.2i/.evidence/P42iPlayer/player/Hollowmere_BackUpThisFolder_ButDontShipItWithYourGame/il2cppOutput/Generics__58.cpp
[1349/1513  0s] CopyFiles ~/wkspace/gc-studio/p4.2i/.evidence/P42iPlayer/player/Hollowmere_BackUpThisFolder_ButDontShipItWithYourGame/il2cppOutput/Generics__117.cpp
[1350/1513  0s] CopyFiles ~/wkspace/gc-studio/p4.2i/.evidence/P42iPlayer/player/Hollowmere_BackUpThisFolder_ButDontShipItWithYourGame/il2cppOutput/Il2CppCodeRegistration.cpp
[1351/1513  0s] CopyFiles ~/wkspace/gc-studio/p4.2i/.evidence/P42iPlayer/player/Hollowmere_BackUpThisFolder_ButDontShipItWithYourGame/il2cppOutput/Unity.Entities__4.cpp
[1352/1513  0s] CopyFiles ~/wkspace/gc-studio/p4.2i/.evidence/P42iPlayer/player/Hollowmere_BackUpThisFolder_ButDontShipItWithYourGame/il2cppOutput/GenericMethods__64.cpp
[1353/1513  0s] CopyFiles ~/wkspace/gc-studio/p4.2i/.evidence/P42iPlayer/player/Hollowmere_BackUpThisFolder_ButDontShipItWithYourGame/il2cppOutput/GameCore.Gameplay.Quest.cpp
[1354/1513  0s] CopyFiles ~/wkspace/gc-studio/p4.2i/.evidence/P42iPlayer/player/Hollowmere_BackUpThisFolder_ButDontShipItWithYourGame/il2cppOutput/mscorlib__5.cpp
[1355/1513  0s] CopyFiles ~/wkspace/gc-studio/p4.2i/.evidence/P42iPlayer/player/Hollowmere_BackUpThisFolder_ButDontShipItWithYourGame/il2cppOutput/UnityEngine.InputLegacyModule.cpp
[1356/1513  0s] CopyFiles ~/wkspace/gc-studio/p4.2i/.evidence/P42iPlayer/player/Hollowmere_BackUpThisFolder_ButDontShipItWithYourGame/il2cppOutput/Generics__48.cpp
[1357/1513  0s] CopyFiles ~/wkspace/gc-studio/p4.2i/.evidence/P42iPlayer/player/Hollowmere_BackUpThisFolder_ButDontShipItWithYourGame/il2cppOutput/UnityEngine.GridModule_CodeGen.c
[1358/1513  0s] CopyFiles ~/wkspace/gc-studio/p4.2i/.evidence/P42iPlayer/player/Hollowmere_BackUpThisFolder_ButDontShipItWithYourGame/il2cppOutput/GenericMethods__86.cpp
[1359/1513  0s] CopyFiles ~/wkspace/gc-studio/p4.2i/.evidence/P42iPlayer/player/Hollowmere_BackUpThisFolder_ButDontShipItWithYourGame/il2cppOutput/Generics__89.cpp
[1360/1513  0s] CopyFiles ~/wkspace/gc-studio/p4.2i/.evidence/P42iPlayer/player/Hollowmere_BackUpThisFolder_ButDontShipItWithYourGame/il2cppOutput/GenericMethods__89.cpp
[1361/1513  0s] CopyFiles ~/wkspace/gc-studio/p4.2i/.evidence/P42iPlayer/player/Hollowmere_BackUpThisFolder_ButDontShipItWithYourGame/il2cppOutput/Generics__124.cpp
[1362/1513  0s] CopyFiles ~/wkspace/gc-studio/p4.2i/.evidence/P42iPlayer/player/Hollowmere_BackUpThisFolder_ButDontShipItWithYourGame/il2cppOutput/UnityEngine.VideoModule.cpp
[1363/1513  0s] CopyFiles ~/wkspace/gc-studio/p4.2i/.evidence/P42iPlayer/player/Hollowmere_BackUpThisFolder_ButDontShipItWithYourGame/il2cppOutput/Generics__16.cpp
[1364/1513  0s] CopyFiles ~/wkspace/gc-studio/p4.2i/.evidence/P42iPlayer/player/Hollowmere_BackUpThisFolder_ButDontShipItWithYourGame/il2cppOutput/Generics__65.cpp
[1365/1513  0s] CopyFiles ~/wkspace/gc-studio/p4.2i/.evidence/P42iPlayer/player/Hollowmere_BackUpThisFolder_ButDontShipItWithYourGame/il2cppOutput/UnityEngine.InputLegacyModule_CodeGen.c
[1366/1513  0s] CopyFiles ~/wkspace/gc-studio/p4.2i/.evidence/P42iPlayer/player/Hollowmere_BackUpThisFolder_ButDontShipItWithYourGame/il2cppOutput/GenericMethods__79.cpp
[1367/1513  0s] CopyFiles ~/wkspace/gc-studio/p4.2i/.evidence/P42iPlayer/player/Hollowmere_BackUpThisFolder_ButDontShipItWithYourGame/il2cppOutput/UnityEngine.Physics2DModule_CodeGen.c
[1368/1513  0s] CopyFiles ~/wkspace/gc-studio/p4.2i/.evidence/P42iPlayer/player/Hollowmere_BackUpThisFolder_ButDontShipItWithYourGame/Data/Metadata/global-metadata.dat
[1369/1513  0s] CopyFiles ~/wkspace/gc-studio/p4.2i/.evidence/P42iPlayer/player/Hollowmere_BackUpThisFolder_ButDontShipItWithYourGame/il2cppOutput/UnityEngine.Physics2DModule.cpp
[1370/1513  0s] CopyFiles ~/wkspace/gc-studio/p4.2i/.evidence/P42iPlayer/player/Hollowmere_BackUpThisFolder_ButDontShipItWithYourGame/il2cppOutput/System__3.cpp
[1371/1513  0s] CopyFiles ~/wkspace/gc-studio/p4.2i/.evidence/P42iPlayer/player/Hollowmere_BackUpThisFolder_ButDontShipItWithYourGame/il2cppOutput/Generics__175.cpp
[1372/1513  0s] CopyFiles ~/wkspace/gc-studio/p4.2i/.evidence/P42iPlayer/player/Hollowmere_BackUpThisFolder_ButDontShipItWithYourGame/il2cppOutput/Generics__79.cpp
[1373/1513  0s] CopyFiles ~/wkspace/gc-studio/p4.2i/.evidence/P42iPlayer/player/Hollowmere_BackUpThisFolder_ButDontShipItWithYourGame/il2cppOutput/Il2CppReversePInvokeWrapperTable.cpp
[1374/1513  0s] CopyFiles ~/wkspace/gc-studio/p4.2i/.evidence/P42iPlayer/player/Hollowmere_BackUpThisFolder_ButDontShipItWithYourGame/il2cppOutput/GenericMethods__83.cpp
[1375/1513  0s] CopyFiles ~/wkspace/gc-studio/p4.2i/.evidence/P42iPlayer/player/Hollowmere_BackUpThisFolder_ButDontShipItWithYourGame/il2cppOutput/Generics__9.cpp
[1376/1513  0s] CopyFiles ~/wkspace/gc-studio/p4.2i/.evidence/P42iPlayer/player/Hollowmere_BackUpThisFolder_ButDontShipItWithYourGame/il2cppOutput/Unity.RenderPipelines.Core.Runtime.Shared.cpp
[1377/1513  0s] CopyFiles ~/wkspace/gc-studio/p4.2i/.evidence/P42iPlayer/player/Hollowmere_BackUpThisFolder_ButDontShipItWithYourGame/il2cppOutput/Generics__115.cpp
[1378/1513  0s] CopyFiles ~/wkspace/gc-studio/p4.2i/.evidence/P42iPlayer/player/Hollowmere_BackUpThisFolder_ButDontShipItWithYourGame/il2cppOutput/UnityEngine.HierarchyCoreModule_CodeGen.c
[1379/1513  0s] CopyFiles ~/wkspace/gc-studio/p4.2i/.evidence/P42iPlayer/player/Hollowmere_BackUpThisFolder_ButDontShipItWithYourGame/il2cppOutput/GenericMethods__35.cpp
[1380/1513  0s] CopyFiles ~/wkspace/gc-studio/p4.2i/.evidence/P42iPlayer/player/Hollowmere_BackUpThisFolder_ButDontShipItWithYourGame/il2cppOutput/GenericMethods__87.cpp
[1381/1513  0s] CopyFiles ~/wkspace/gc-studio/p4.2i/.evidence/P42iPlayer/player/Hollowmere_BackUpThisFolder_ButDontShipItWithYourGame/il2cppOutput/GenericMethods__67.cpp
[1382/1513  0s] CopyFiles ~/wkspace/gc-studio/p4.2i/.evidence/P42iPlayer/player/Hollowmere_BackUpThisFolder_ButDontShipItWithYourGame/il2cppOutput/GenericMethods__22.cpp
[1383/1513  0s] CopyFiles ~/wkspace/gc-studio/p4.2i/.evidence/P42iPlayer/player/Hollowmere_BackUpThisFolder_ButDontShipItWithYourGame/il2cppOutput/Generics__168.cpp
[1384/1513  0s] CopyFiles ~/wkspace/gc-studio/p4.2i/.evidence/P42iPlayer/player/Hollowmere_BackUpThisFolder_ButDontShipItWithYourGame/il2cppOutput/Unity.Collections.cpp
[1385/1513  0s] CopyFiles ~/wkspace/gc-studio/p4.2i/.evidence/P42iPlayer/player/Hollowmere_BackUpThisFolder_ButDontShipItWithYourGame/il2cppOutput/UnityEngine.HierarchyCoreModule.cpp
[1386/1513  0s] CopyFiles ~/wkspace/gc-studio/p4.2i/.evidence/P42iPlayer/player/Hollowmere_BackUpThisFolder_ButDontShipItWithYourGame/il2cppOutput/Hollowmere.Boot.cpp
[1387/1513  0s] CopyFiles ~/wkspace/gc-studio/p4.2i/.evidence/P42iPlayer/player/Hollowmere_BackUpThisFolder_ButDontShipItWithYourGame/il2cppOutput/GameCore.Gameplay.Cards_CodeGen.c
[1388/1513  0s] CopyFiles ~/wkspace/gc-studio/p4.2i/.evidence/P42iPlayer/player/Hollowmere_BackUpThisFolder_ButDontShipItWithYourGame/il2cppOutput/Generics__44.cpp
[1389/1513  0s] CopyFiles ~/wkspace/gc-studio/p4.2i/.evidence/P42iPlayer/player/Hollowmere_BackUpThisFolder_ButDontShipItWithYourGame/il2cppOutput/Generics__140.cpp
[1390/1513  0s] CopyFiles ~/wkspace/gc-studio/p4.2i/.evidence/P42iPlayer/player/Hollowmere_BackUpThisFolder_ButDontShipItWithYourGame/il2cppOutput/Generics__62.cpp
[1391/1513  0s] CopyFiles ~/wkspace/gc-studio/p4.2i/.evidence/P42iPlayer/player/Hollowmere_BackUpThisFolder_ButDontShipItWithYourGame/il2cppOutput/Generics__93.cpp
[1392/1513  0s] CopyFiles ~/wkspace/gc-studio/p4.2i/.evidence/P42iPlayer/player/Hollowmere_BackUpThisFolder_ButDontShipItWithYourGame/il2cppOutput/Hollowmere.Game.cpp
[1393/1513  0s] CopyFiles ~/wkspace/gc-studio/p4.2i/.evidence/P42iPlayer/player/Hollowmere_BackUpThisFolder_ButDontShipItWithYourGame/il2cppOutput/Generics__11.cpp
[1394/1513  0s] CopyFiles ~/wkspace/gc-studio/p4.2i/.evidence/P42iPlayer/player/Hollowmere_BackUpThisFolder_ButDontShipItWithYourGame/il2cppOutput/Generics__86.cpp
[1395/1513  0s] CopyFiles ~/wkspace/gc-studio/p4.2i/.evidence/P42iPlayer/player/Hollowmere_BackUpThisFolder_ButDontShipItWithYourGame/il2cppOutput/GenericMethods__40.cpp
[1396/1513  0s] CopyFiles ~/wkspace/gc-studio/p4.2i/.evidence/P42iPlayer/player/Hollowmere_BackUpThisFolder_ButDontShipItWithYourGame/il2cppOutput/GenericMethods__15.cpp
[1397/1513  0s] CopyFiles ~/wkspace/gc-studio/p4.2i/.evidence/P42iPlayer/player/Hollowmere_BackUpThisFolder_ButDontShipItWithYourGame/il2cppOutput/mscorlib__16.cpp
[1398/1513  0s] CopyFiles ~/wkspace/gc-studio/p4.2i/.evidence/P42iPlayer/player/Hollowmere_BackUpThisFolder_ButDontShipItWithYourGame/il2cppOutput/GameCore.Unity.Runtime.cpp
[1399/1513  0s] CopyFiles ~/wkspace/gc-studio/p4.2i/.evidence/P42iPlayer/player/Hollowmere_BackUpThisFolder_ButDontShipItWithYourGame/il2cppOutput/Unity.Burst.cpp
[1400/1513  0s] CopyFiles ~/wkspace/gc-studio/p4.2i/.evidence/P42iPlayer/player/Hollowmere_BackUpThisFolder_ButDontShipItWithYourGame/il2cppOutput/Generics__191.cpp
[1401/1513  0s] CopyFiles ~/wkspace/gc-studio/p4.2i/.evidence/P42iPlayer/player/Hollowmere_BackUpThisFolder_ButDontShipItWithYourGame/il2cppOutput/Unity.Entities__1.cpp
[1402/1513  0s] CopyFiles ~/wkspace/gc-studio/p4.2i/.evidence/P42iPlayer/player/Hollowmere_BackUpThisFolder_ButDontShipItWithYourGame/il2cppOutput/Generics__91.cpp
[1403/1513  0s] CopyFiles ~/wkspace/gc-studio/p4.2i/.evidence/P42iPlayer/player/Hollowmere_BackUpThisFolder_ButDontShipItWithYourGame/il2cppOutput/Hollowmere.Narrative_CodeGen.c
[1404/1513  0s] CopyFiles ~/wkspace/gc-studio/p4.2i/.evidence/P42iPlayer/player/Hollowmere_BackUpThisFolder_ButDontShipItWithYourGame/il2cppOutput/Generics__13.cpp
[1405/1513  0s] CopyFiles ~/wkspace/gc-studio/p4.2i/.evidence/P42iPlayer/player/Hollowmere_BackUpThisFolder_ButDontShipItWithYourGame/il2cppOutput/GameCore.Gameplay.Npc_CodeGen.c
[1406/1513  0s] CopyFiles ~/wkspace/gc-studio/p4.2i/.evidence/P42iPlayer/player/Hollowmere_BackUpThisFolder_ButDontShipItWithYourGame/il2cppOutput/mscorlib__8.cpp
[1407/1513  0s] CopyFiles ~/wkspace/gc-studio/p4.2i/.evidence/P42iPlayer/player/Hollowmere_BackUpThisFolder_ButDontShipItWithYourGame/il2cppOutput/Generics__8.cpp
[1408/1513  0s] CopyFiles ~/wkspace/gc-studio/p4.2i/.evidence/P42iPlayer/player/Hollowmere_BackUpThisFolder_ButDontShipItWithYourGame/il2cppOutput/GameCore.Gameplay.Logic__1.cpp
[1409/1513  0s] CopyFiles ~/wkspace/gc-studio/p4.2i/.evidence/P42iPlayer/player/Hollowmere_BackUpThisFolder_ButDontShipItWithYourGame/il2cppOutput/Il2CppRgctxTable.c
[1410/1513  0s] CopyFiles ~/wkspace/gc-studio/p4.2i/.evidence/P42iPlayer/player/Hollowmere_BackUpThisFolder_ButDontShipItWithYourGame/il2cppOutput/Hollowmere.Game_CodeGen.c
[1411/1513  0s] CopyFiles ~/wkspace/gc-studio/p4.2i/.evidence/P42iPlayer/player/Hollowmere_BackUpThisFolder_ButDontShipItWithYourGame/il2cppOutput/Unity.InputSystem__9.cpp
[1412/1513  0s] CopyFiles ~/wkspace/gc-studio/p4.2i/.evidence/P42iPlayer/player/Hollowmere_BackUpThisFolder_ButDontShipItWithYourGame/il2cppOutput/GameCore.Gameplay.Logic_CodeGen.c
[1413/1513  0s] CopyFiles ~/wkspace/gc-studio/p4.2i/.evidence/P42iPlayer/player/Hollowmere_BackUpThisFolder_ButDontShipItWithYourGame/il2cppOutput/GenericMethods__26.cpp
[1414/1513  0s] CopyFiles ~/wkspace/gc-studio/p4.2i/.evidence/P42iPlayer/player/Hollowmere_BackUpThisFolder_ButDontShipItWithYourGame/il2cppOutput/UnityEngine.SharedInternalsModule_CodeGen.c
[1415/1513  0s] CopyFiles ~/wkspace/gc-studio/p4.2i/.evidence/P42iPlayer/player/Hollowmere_BackUpThisFolder_ButDontShipItWithYourGame/il2cppOutput/Unity.InputSystem_CodeGen.c
[1416/1513  0s] CopyFiles ~/wkspace/gc-studio/p4.2i/.evidence/P42iPlayer/player/Hollowmere_BackUpThisFolder_ButDontShipItWithYourGame/il2cppOutput/UnityEngine.AnimationModule.cpp
[1417/1513  0s] CopyFiles ~/wkspace/gc-studio/p4.2i/.evidence/P42iPlayer/player/Hollowmere_BackUpThisFolder_ButDontShipItWithYourGame/il2cppOutput/Generics__163.cpp
[1418/1513  0s] CopyFiles ~/wkspace/gc-studio/p4.2i/.evidence/P42iPlayer/player/Hollowmere_BackUpThisFolder_ButDontShipItWithYourGame/il2cppOutput/UnityEngine.AnimationModule_CodeGen.c
[1419/1513  0s] CopyFiles ~/wkspace/gc-studio/p4.2i/.evidence/P42iPlayer/player/Hollowmere_BackUpThisFolder_ButDontShipItWithYourGame/il2cppOutput/Generics__29.cpp
[1420/1513  0s] CopyFiles ~/wkspace/gc-studio/p4.2i/.evidence/P42iPlayer/player/Hollowmere_BackUpThisFolder_ButDontShipItWithYourGame/il2cppOutput/UnityEngine.ParticleSystemModule.cpp
[1421/1513  0s] CopyFiles ~/wkspace/gc-studio/p4.2i/.evidence/P42iPlayer/player/Hollowmere_BackUpThisFolder_ButDontShipItWithYourGame/il2cppOutput/UnityEngine.ParticleSystemModule_CodeGen.c
[1422/1513  0s] CopyFiles ~/wkspace/gc-studio/p4.2i/.evidence/P42iPlayer/player/Hollowmere_BackUpThisFolder_ButDontShipItWithYourGame/il2cppOutput/Il2CppInvokerTable.cpp
[1423/1513  0s] CopyFiles ~/wkspace/gc-studio/p4.2i/.evidence/P42iPlayer/player/Hollowmere_BackUpThisFolder_ButDontShipItWithYourGame/il2cppOutput/GameCore.Derivation.Fixtures_CodeGen.c
[1424/1513  0s] CopyFiles ~/wkspace/gc-studio/p4.2i/.evidence/P42iPlayer/player/Hollowmere_BackUpThisFolder_ButDontShipItWithYourGame/il2cppOutput/GameCore.Derivation.Fixtures.cpp
[1425/1513  0s] CopyFiles ~/wkspace/gc-studio/p4.2i/.evidence/P42iPlayer/player/Hollowmere_BackUpThisFolder_ButDontShipItWithYourGame/il2cppOutput/GenericMethods__36.cpp
[1426/1513  0s] CopyFiles ~/wkspace/gc-studio/p4.2i/.evidence/P42iPlayer/player/Hollowmere_BackUpThisFolder_ButDontShipItWithYourGame/il2cppOutput/GenericMethods__80.cpp
[1427/1513  0s] CopyFiles ~/wkspace/gc-studio/p4.2i/.evidence/P42iPlayer/player/Hollowmere_BackUpThisFolder_ButDontShipItWithYourGame/il2cppOutput/Unity.Entities.cpp
[1428/1513  0s] CopyFiles ~/wkspace/gc-studio/p4.2i/.evidence/P42iPlayer/player/Hollowmere_BackUpThisFolder_ButDontShipItWithYourGame/il2cppOutput/Generics__171.cpp
[1429/1513  0s] CopyFiles ~/wkspace/gc-studio/p4.2i/.evidence/P42iPlayer/player/Hollowmere_BackUpThisFolder_ButDontShipItWithYourGame/il2cppOutput/Generics__64.cpp
[1430/1513  0s] CopyFiles ~/wkspace/gc-studio/p4.2i/.evidence/P42iPlayer/player/Hollowmere_BackUpThisFolder_ButDontShipItWithYourGame/il2cppOutput/Generics__185.cpp
[1431/1513  0s] CopyFiles ~/wkspace/gc-studio/p4.2i/.evidence/P42iPlayer/player/Hollowmere_BackUpThisFolder_ButDontShipItWithYourGame/il2cppOutput/Generics__24.cpp
[1432/1513  0s] CopyFiles ~/wkspace/gc-studio/p4.2i/.evidence/P42iPlayer/player/Hollowmere_BackUpThisFolder_ButDontShipItWithYourGame/il2cppOutput/mscorlib__9.cpp
[1433/1513  0s] CopyFiles ~/wkspace/gc-studio/p4.2i/.evidence/P42iPlayer/player/Hollowmere_BackUpThisFolder_ButDontShipItWithYourGame/il2cppOutput/UnityEngine.VRModule.cpp
[1434/1513  0s] CopyFiles ~/wkspace/gc-studio/p4.2i/.evidence/P42iPlayer/player/Hollowmere_BackUpThisFolder_ButDontShipItWithYourGame/il2cppOutput/UnityEngine.TextRenderingModule.cpp
[1435/1513  0s] CopyFiles ~/wkspace/gc-studio/p4.2i/.evidence/P42iPlayer/player/Hollowmere_BackUpThisFolder_ButDontShipItWithYourGame/il2cppOutput/UnityEngine.TextRenderingModule_CodeGen.c
[1436/1513  0s] CopyFiles ~/wkspace/gc-studio/p4.2i/.evidence/P42iPlayer/player/Hollowmere_BackUpThisFolder_ButDontShipItWithYourGame/il2cppOutput/Generics__156.cpp
[1437/1513  0s] CopyFiles ~/wkspace/gc-studio/p4.2i/.evidence/P42iPlayer/player/Hollowmere_BackUpThisFolder_ButDontShipItWithYourGame/il2cppOutput/GameCore.Rules.Gameplay.cpp
[1438/1513  0s] CopyFiles ~/wkspace/gc-studio/p4.2i/.evidence/P42iPlayer/player/Hollowmere_BackUpThisFolder_ButDontShipItWithYourGame/il2cppOutput/Unity.Entities__5.cpp
[1439/1513  0s] CopyFiles ~/wkspace/gc-studio/p4.2i/.evidence/P42iPlayer/player/Hollowmere_BackUpThisFolder_ButDontShipItWithYourGame/il2cppOutput/Generics__84.cpp
[1440/1513  0s] CopyFiles ~/wkspace/gc-studio/p4.2i/.evidence/P42iPlayer/player/Hollowmere_BackUpThisFolder_ButDontShipItWithYourGame/il2cppOutput/GameCore.Gameplay.Narrative.Fixtures_CodeGen.c
[1441/1513  0s] CopyFiles ~/wkspace/gc-studio/p4.2i/.evidence/P42iPlayer/player/Hollowmere_BackUpThisFolder_ButDontShipItWithYourGame/il2cppOutput/GameCore.Gameplay.Narrative.Fixtures.cpp
[1442/1513  0s] CopyFiles ~/wkspace/gc-studio/p4.2i/.evidence/P42iPlayer/player/Hollowmere_BackUpThisFolder_ButDontShipItWithYourGame/il2cppOutput/Generics__198.cpp
[1443/1513  0s] CopyFiles ~/wkspace/gc-studio/p4.2i/.evidence/P42iPlayer/player/Hollowmere_BackUpThisFolder_ButDontShipItWithYourGame/il2cppOutput/mscorlib__13.cpp
[1444/1513  0s] CopyFiles ~/wkspace/gc-studio/p4.2i/.evidence/P42iPlayer/player/Hollowmere_BackUpThisFolder_ButDontShipItWithYourGame/il2cppOutput/GameCore.Gameplay.Narrative_CodeGen.c
[1445/1513  0s] CopyFiles ~/wkspace/gc-studio/p4.2i/.evidence/P42iPlayer/player/Hollowmere_BackUpThisFolder_ButDontShipItWithYourGame/il2cppOutput/GameCore.Gameplay.Narrative.cpp
[1446/1513  0s] CopyFiles ~/wkspace/gc-studio/p4.2i/.evidence/P42iPlayer/player/Hollowmere_BackUpThisFolder_ButDontShipItWithYourGame/il2cppOutput/UnityEngine.JSONSerializeModule_CodeGen.c
[1447/1513  0s] CopyFiles ~/wkspace/gc-studio/p4.2i/.evidence/P42iPlayer/player/Hollowmere_BackUpThisFolder_ButDontShipItWithYourGame/il2cppOutput/GenericMethods__50.cpp
[1448/1513  0s] CopyFiles ~/wkspace/gc-studio/p4.2i/.evidence/P42iPlayer/player/Hollowmere_BackUpThisFolder_ButDontShipItWithYourGame/il2cppOutput/Unity.InputSystem.ForUI_CodeGen.c
[1449/1513  0s] CopyFiles ~/wkspace/gc-studio/p4.2i/.evidence/P42iPlayer/player/Hollowmere_BackUpThisFolder_ButDontShipItWithYourGame/il2cppOutput/System_CodeGen.c
[1450/1513  0s] CopyFiles ~/wkspace/gc-studio/p4.2i/.evidence/P42iPlayer/player/Hollowmere_BackUpThisFolder_ButDontShipItWithYourGame/il2cppOutput/Generics__110.cpp
[1451/1513  0s] CopyFiles ~/wkspace/gc-studio/p4.2i/.evidence/P42iPlayer/player/Hollowmere_BackUpThisFolder_ButDontShipItWithYourGame/il2cppOutput/GenericMethods__16.cpp
[1452/1513  0s] CopyFiles ~/wkspace/gc-studio/p4.2i/.evidence/P42iPlayer/player/Hollowmere_BackUpThisFolder_ButDontShipItWithYourGame/il2cppOutput/System.Xml.cpp
[1453/1513  0s] CopyFiles ~/wkspace/gc-studio/p4.2i/.evidence/P42iPlayer/player/Hollowmere_BackUpThisFolder_ButDontShipItWithYourGame/il2cppOutput/Generics__136.cpp
[1454/1513  0s] CopyFiles ~/wkspace/gc-studio/p4.2i/.evidence/P42iPlayer/player/Hollowmere_BackUpThisFolder_ButDontShipItWithYourGame/il2cppOutput/Generics__111.cpp
[1455/1513  0s] CopyFiles ~/wkspace/gc-studio/p4.2i/.evidence/P42iPlayer/player/Hollowmere_BackUpThisFolder_ButDontShipItWithYourGame/il2cppOutput/GenericMethods.cpp
[1456/1513  0s] CopyFiles ~/wkspace/gc-studio/p4.2i/.evidence/P42iPlayer/player/Hollowmere_BackUpThisFolder_ButDontShipItWithYourGame/il2cppOutput/Generics__74.cpp
[1457/1513  0s] CopyFiles ~/wkspace/gc-studio/p4.2i/.evidence/P42iPlayer/player/Hollowmere_BackUpThisFolder_ButDontShipItWithYourGame/il2cppOutput/UnityEngine.XRModule.cpp
[1458/1513  0s] CopyFiles ~/wkspace/gc-studio/p4.2i/.evidence/P42iPlayer/player/Hollowmere_BackUpThisFolder_ButDontShipItWithYourGame/il2cppOutput/Generics__189.cpp
[1459/1513  0s] CopyFiles ~/wkspace/gc-studio/p4.2i/.evidence/P42iPlayer/player/Hollowmere_BackUpThisFolder_ButDontShipItWithYourGame/il2cppOutput/Unity.Scenes.cpp
[1460/1513  0s] CopyFiles ~/wkspace/gc-studio/p4.2i/.evidence/P42iPlayer/player/Hollowmere_BackUpThisFolder_ButDontShipItWithYourGame/il2cppOutput/mscorlib_CodeGen.c
[1461/1513  0s] CopyFiles ~/wkspace/gc-studio/p4.2i/.evidence/P42iPlayer/player/Hollowmere_BackUpThisFolder_ButDontShipItWithYourGame/il2cppOutput/GameCore.Contracts_CodeGen.c
[1462/1513  0s] CopyFiles ~/wkspace/gc-studio/p4.2i/.evidence/P42iPlayer/player/Hollowmere_BackUpThisFolder_ButDontShipItWithYourGame/il2cppOutput/GenericMethods__62.cpp
[1463/1513  0s] CopyFiles ~/wkspace/gc-studio/p4.2i/.evidence/P42iPlayer/player/Hollowmere_BackUpThisFolder_ButDontShipItWithYourGame/il2cppOutput/GameCore.Derivation__2.cpp
[1464/1513  0s] CopyFiles ~/wkspace/gc-studio/p4.2i/.evidence/P42iPlayer/player/Hollowmere_BackUpThisFolder_ButDontShipItWithYourGame/il2cppOutput/GameCore.Composition.cpp
[1465/1513  0s] CopyFiles ~/wkspace/gc-studio/p4.2i/.evidence/P42iPlayer/player/Hollowmere_BackUpThisFolder_ButDontShipItWithYourGame/il2cppOutput/Generics__137.cpp
[1466/1513  0s] CopyFiles ~/wkspace/gc-studio/p4.2i/.evidence/P42iPlayer/player/Hollowmere_BackUpThisFolder_ButDontShipItWithYourGame/il2cppOutput/Generics__180.cpp
[1467/1513  0s] CopyFiles ~/wkspace/gc-studio/p4.2i/.evidence/P42iPlayer/player/Hollowmere_BackUpThisFolder_ButDontShipItWithYourGame/il2cppOutput/GameCore.Gameplay.Ui.cpp
[1468/1513  0s] CopyFiles ~/wkspace/gc-studio/p4.2i/.evidence/P42iPlayer/player/Hollowmere_BackUpThisFolder_ButDontShipItWithYourGame/il2cppOutput/GameCore.Unity.App.cpp
[1469/1513  0s] CopyFiles ~/wkspace/gc-studio/p4.2i/.evidence/P42iPlayer/player/Hollowmere_BackUpThisFolder_ButDontShipItWithYourGame/il2cppOutput/GenericMethods__69.cpp
[1470/1513  0s] CopyFiles ~/wkspace/gc-studio/p4.2i/.evidence/P42iPlayer/player/Hollowmere_BackUpThisFolder_ButDontShipItWithYourGame/il2cppOutput/GenericMethods__45.cpp
[1471/1513  0s] CopyFiles ~/wkspace/gc-studio/p4.2i/.evidence/P42iPlayer/player/Hollowmere_BackUpThisFolder_ButDontShipItWithYourGame/il2cppOutput/GenericMethods__33.cpp
[1472/1513  0s] CopyFiles ~/wkspace/gc-studio/p4.2i/.evidence/P42iPlayer/player/Hollowmere_BackUpThisFolder_ButDontShipItWithYourGame/il2cppOutput/GenericMethods__30.cpp
[1473/1513  0s] CopyFiles ~/wkspace/gc-studio/p4.2i/.evidence/P42iPlayer/player/Hollowmere_BackUpThisFolder_ButDontShipItWithYourGame/il2cppOutput/GenericMethods__1.cpp
[1474/1513  0s] CopyFiles ~/wkspace/gc-studio/p4.2i/.evidence/P42iPlayer/player/Hollowmere_BackUpThisFolder_ButDontShipItWithYourGame/il2cppOutput/UnityEngine.JSONSerializeModule.cpp
[1475/1513  0s] CopyFiles ~/wkspace/gc-studio/p4.2i/.evidence/P42iPlayer/player/Hollowmere_BackUpThisFolder_ButDontShipItWithYourGame/il2cppOutput/GenericMethods__82.cpp
[1476/1513  0s] CopyFiles ~/wkspace/gc-studio/p4.2i/.evidence/P42iPlayer/player/Hollowmere_BackUpThisFolder_ButDontShipItWithYourGame/il2cppOutput/Generics__181.cpp
[1477/1513  0s] CopyFiles ~/wkspace/gc-studio/p4.2i/.evidence/P42iPlayer/player/Hollowmere_BackUpThisFolder_ButDontShipItWithYourGame/il2cppOutput/GenericMethods__72.cpp
[1478/1513  0s] CopyFiles ~/wkspace/gc-studio/p4.2i/.evidence/P42iPlayer/player/Hollowmere_BackUpThisFolder_ButDontShipItWithYourGame/il2cppOutput/Generics__49.cpp
[1479/1513  0s] CopyFiles ~/wkspace/gc-studio/p4.2i/.evidence/P42iPlayer/player/Hollowmere_BackUpThisFolder_ButDontShipItWithYourGame/il2cppOutput/Il2CppGenericMethodPointerTable.c
[1480/1513  0s] CopyFiles ~/wkspace/gc-studio/p4.2i/.evidence/P42iPlayer/player/Hollowmere_BackUpThisFolder_ButDontShipItWithYourGame/il2cppOutput/GameCore.Gameplay.Player_CodeGen.c
[1481/1513  0s] CopyFiles ~/wkspace/gc-studio/p4.2i/.evidence/P42iPlayer/player/Hollowmere_BackUpThisFolder_ButDontShipItWithYourGame/il2cppOutput/Unity.InputSystem.cpp
[1482/1513  0s] CopyFiles ~/wkspace/gc-studio/p4.2i/.evidence/P42iPlayer/player/Hollowmere_BackUpThisFolder_ButDontShipItWithYourGame/il2cppOutput/GameCore.Contracts__1.cpp
[1483/1513  0s] CopyFiles ~/wkspace/gc-studio/p4.2i/.evidence/P42iPlayer/player/Hollowmere_BackUpThisFolder_ButDontShipItWithYourGame/il2cppOutput/GenericMethods__42.cpp
[1484/1513  0s] CopyFiles ~/wkspace/gc-studio/p4.2i/.evidence/P42iPlayer/player/Hollowmere_BackUpThisFolder_ButDontShipItWithYourGame/il2cppOutput/GenericMethods__59.cpp
[1485/1513  0s] CopyFiles ~/wkspace/gc-studio/p4.2i/.evidence/P42iPlayer/player/Hollowmere_BackUpThisFolder_ButDontShipItWithYourGame/il2cppOutput/Generics__193.cpp
[1486/1513  0s] CopyFiles ~/wkspace/gc-studio/p4.2i/.evidence/P42iPlayer/player/Hollowmere_BackUpThisFolder_ButDontShipItWithYourGame/il2cppOutput/GameCore.Unity.Fixtures.cpp
[1487/1513 16s] C_Linux_x64_Clang Library/Bee/artifacts/LinuxPlayerBuildProgram/zbz95/rbsfl74th5ar.o
[1488/1513 30s] C_Linux_x64_Clang Library/Bee/artifacts/LinuxPlayerBuildProgram/zbz95/hg4nfb3uxkuv.o
[1489/1513 20s] C_Linux_x64_Clang Library/Bee/artifacts/LinuxPlayerBuildProgram/zbz95/etj2dzuwadjl.o
[1490/1513  7s] C_Linux_x64_Clang Library/Bee/artifacts/LinuxPlayerBuildProgram/zbz95/dcc1nx2qf1io.o
[1491/1513 12s] C_Linux_x64_Clang Library/Bee/artifacts/LinuxPlayerBuildProgram/zbz95/id4vseyw3yls.o
[1492/1513 15s] C_Linux_x64_Clang Library/Bee/artifacts/LinuxPlayerBuildProgram/zbz95/xhqakn0araib.o
[1493/1513 11s] C_Linux_x64_Clang Library/Bee/artifacts/LinuxPlayerBuildProgram/zbz95/9lifgjk3hyf0.o
[1494/1513 18s] C_Linux_x64_Clang Library/Bee/artifacts/LinuxPlayerBuildProgram/zbz95/6otcpaczdn1b.o
[1495/1513 17s] C_Linux_x64_Clang Library/Bee/artifacts/LinuxPlayerBuildProgram/zbz95/ekgznnldf44m.o
[1496/1513 18s] C_Linux_x64_Clang Library/Bee/artifacts/LinuxPlayerBuildProgram/zbz95/fiio0686dk77.o
[1497/1513 11s] C_Linux_x64_Clang Library/Bee/artifacts/LinuxPlayerBuildProgram/zbz95/o6er0955ea4g.o
[1498/1513 18s] C_Linux_x64_Clang Library/Bee/artifacts/LinuxPlayerBuildProgram/zbz95/2drtej5mvi2g.o
[1499/1513 23s] C_Linux_x64_Clang Library/Bee/artifacts/LinuxPlayerBuildProgram/zbz95/1ijzy5kish3d.o
[1500/1513 16s] C_Linux_x64_Clang Library/Bee/artifacts/LinuxPlayerBuildProgram/zbz95/utz5ki1ji1yf.o
[1501/1513 11s] C_Linux_x64_Clang Library/Bee/artifacts/LinuxPlayerBuildProgram/zbz95/3uoppoo7818v.o
[1502/1513 13s] C_Linux_x64_Clang Library/Bee/artifacts/LinuxPlayerBuildProgram/zbz95/lahygchei8uf.o
[1503/1513 18s] C_Linux_x64_Clang Library/Bee/artifacts/LinuxPlayerBuildProgram/zbz95/l1dvq07umzgh.o
[1504/1513  3s] Link_Linux_x64_Clang Library/Bee/artifacts/LinuxPlayerBuildProgram/zbz95/linker-output/GameAssembly.so
[1505/1513  0s] StripFullDebugSymbolsFromBuiltProgram Library/Bee/artifacts/LinuxPlayerBuildProgram/zbz95/strip-output-without-debug/GameAssembly.so
[1506/1513  1s] SeparateFullDebugSymbols Library/Bee/artifacts/LinuxPlayerBuildProgram/zbz95/GameAssembly.debug
[1507/1513  0s] CopyFiles ~/wkspace/gc-studio/p4.2i/.evidence/P42iPlayer/player/Hollowmere_BackUpThisFolder_ButDontShipItWithYourGame/GameAssembly.debug
[1508/1513  1s] StripSymbolNamesFromBuiltProgram Library/Bee/artifacts/LinuxPlayerBuildProgram/zbz95/strip-output-without-symbols/GameAssembly.so
[1509/1513  1s] SeparateStrippedDebugSymbols Library/Bee/artifacts/LinuxPlayerBuildProgram/zbz95/GameAssembly_s.debug
[1510/1513  2s] AssociateBuiltProgramWithDebugSymbols Library/Bee/artifacts/LinuxPlayerBuildProgram/zbz95/GameAssembly.so
[1511/1513  0s] CopyFiles ~/wkspace/gc-studio/p4.2i/.evidence/P42iPlayer/player/GameAssembly.so
[1512/1513  0s] CopyFiles ~/wkspace/gc-studio/p4.2i/games/hollowmere/Library/Bee/artifacts/LinuxPlayerBuildProgram/il2cppOutput/build/GameAssembly.so
*** Tundra build success (420.75 seconds - 0:07:00), 1274 items updated, 1513 evaluated
ExitCode: 0 Duration: 7m:00s
A meta data file (.meta) exists but its folder 'Packages/com.gamecore.studio.gameplay/Tests~' can't be found, and has been created. Empty directories cannot be stored in version control, so it's assumed that the meta data file is for an empty directory in version control. When moving or deleting folders outside of Unity, please ensure that the corresponding .meta file is moved or deleted along with it.
UnityEngine.Debug:ExtractStackTraceNoAlloc (byte*,int,string)
UnityEngine.StackTraceUtility:ExtractStackTrace () (at ~/build/output/unity/unity/Runtime/Export/Scripting/StackTrace.cs:35)
UnityEditor.AssetDatabase:Refresh () (at ~/build/output/unity/unity/Modules/AssetDatabase/Editor/ScriptBindings/AssetDatabase.bindings.cs:393)
Unity.PerformanceTesting.Editor.TestRunBuilder:Cleanup () (at ./Library/PackageCache/com.unity.test-framework.performance@aa81a99c4a75/Editor/TestRunBuilder.cs:108)
Unity.PerformanceTesting.Editor.TestRunBuilder:OnPostprocessBuild (UnityEditor.Build.Reporting.BuildReport) (at ./Library/PackageCache/com.unity.test-framework.performance@aa81a99c4a75/Editor/TestRunBuilder.cs:42)
UnityEditor.Build.BuildPipelineInterfaces/<>c__DisplayClass20_0:<OnBuildPostProcess>b__1 (UnityEditor.Build.IPostprocessBuildWithReport) (at ~/build/output/unity/unity/Editor/Mono/BuildPipeline/BuildPipelineInterfaces.cs:581)
UnityEditor.Build.BuildPipelineInterfaces:InvokeCallbackInterfacesPair<UnityEditor.Build.IPostprocessBuild, UnityEditor.Build.IPostprocessBuildWithReport> (System.Collections.Generic.List`1<UnityEditor.Build.IPostprocessBuild>,System.Action`1<UnityEditor.Build.IPostprocessBuild>,System.Collections.Generic.List`1<UnityEditor.Build.IPostprocessBuildWithReport>,System.Action`1<UnityEditor.Build.IPostprocessBuildWithReport>,bool) (at ~/build/output/unity/unity/Editor/Mono/BuildPipeline/BuildPipelineInterfaces.cs:475)
UnityEditor.Build.BuildPipelineInterfaces:OnBuildPostProcess (UnityEditor.Build.Reporting.BuildReport) (at ~/build/output/unity/unity/Editor/Mono/BuildPipeline/BuildPipelineInterfaces.cs:579)
UnityEditor.BuildPipeline:BuildPlayerInternalNoCheck (string[],string,string,UnityEditor.BuildTargetGroup,UnityEditor.BuildTarget,int,UnityEditor.BuildOptions,string[],bool)
UnityEditor.BuildPipeline:BuildPlayerInternal (string[],string,string,UnityEditor.BuildTargetGroup,UnityEditor.BuildTarget,int,UnityEditor.BuildOptions,string[]) (at ~/build/output/unity/unity/Editor/Mono/BuildPipeline.bindings.cs:534)
UnityEditor.BuildPipeline:BuildPlayer (string[],string,string,UnityEditor.BuildTargetGroup,UnityEditor.BuildTarget,int,UnityEditor.BuildOptions,string[]) (at ~/build/output/unity/unity/Editor/Mono/BuildPipeline.bindings.cs:418)
UnityEditor.BuildPipeline:BuildPlayer (UnityEditor.BuildPlayerOptions) (at ~/build/output/unity/unity/Editor/Mono/BuildPipeline.bindings.cs:364)
Hollowmere.Build:Run (System.Collections.Generic.IReadOnlyList`1<string>) (at Assets/Hollowmere/Build/Editor/Build.cs:114)
Hollowmere.Build:BuildLinuxPlayer () (at Assets/Hollowmere/Build/Editor/Build.cs:40)

[~/build/output/unity/unity/Modules/AssetDatabase/Editor/ScriptBindings/AssetDatabase.bindings.cs line 393]

A meta data file (.meta) exists but its folder 'Packages/com.gamecore.studio.gameplay/Tests~' can't be found, and has been created. Empty directories cannot be stored in version control, so it's assumed that the meta data file is for an empty directory in version control. When moving or deleting folders outside of Unity, please ensure that the corresponding .meta file is moved or deleted along with it.
UnityEngine.Debug:ExtractStackTraceNoAlloc (byte*,int,string)
UnityEngine.StackTraceUtility:ExtractStackTrace () (at ~/build/output/unity/unity/Runtime/Export/Scripting/StackTrace.cs:35)
UnityEditor.AssetDatabase:Refresh () (at ~/build/output/unity/unity/Modules/AssetDatabase/Editor/ScriptBindings/AssetDatabase.bindings.cs:393)
Unity.PerformanceTesting.Editor.TestRunBuilder:Cleanup () (at ./Library/PackageCache/com.unity.test-framework.performance@aa81a99c4a75/Editor/TestRunBuilder.cs:108)
Unity.PerformanceTesting.Editor.TestRunBuilder:OnPostprocessBuild (UnityEditor.Build.Reporting.BuildReport) (at ./Library/PackageCache/com.unity.test-framework.performance@aa81a99c4a75/Editor/TestRunBuilder.cs:42)
UnityEditor.Build.BuildPipelineInterfaces/<>c__DisplayClass20_0:<OnBuildPostProcess>b__1 (UnityEditor.Build.IPostprocessBuildWithReport) (at ~/build/output/unity/unity/Editor/Mono/BuildPipeline/BuildPipelineInterfaces.cs:581)
UnityEditor.Build.BuildPipelineInterfaces:InvokeCallbackInterfacesPair<UnityEditor.Build.IPostprocessBuild, UnityEditor.Build.IPostprocessBuildWithReport> (System.Collections.Generic.List`1<UnityEditor.Build.IPostprocessBuild>,System.Action`1<UnityEditor.Build.IPostprocessBuild>,System.Collections.Generic.List`1<UnityEditor.Build.IPostprocessBuildWithReport>,System.Action`1<UnityEditor.Build.IPostprocessBuildWithReport>,bool) (at ~/build/output/unity/unity/Editor/Mono/BuildPipeline/BuildPipelineInterfaces.cs:475)
UnityEditor.Build.BuildPipelineInterfaces:OnBuildPostProcess (UnityEditor.Build.Reporting.BuildReport) (at ~/build/output/unity/unity/Editor/Mono/BuildPipeline/BuildPipelineInterfaces.cs:579)
UnityEditor.BuildPipeline:BuildPlayerInternalNoCheck (string[],string,string,UnityEditor.BuildTargetGroup,UnityEditor.BuildTarget,int,UnityEditor.BuildOptions,string[],bool)
UnityEditor.BuildPipeline:BuildPlayerInternal (string[],string,string,UnityEditor.BuildTargetGroup,UnityEditor.BuildTarget,int,UnityEditor.BuildOptions,string[]) (at ~/build/output/unity/unity/Editor/Mono/BuildPipeline.bindings.cs:534)
UnityEditor.BuildPipeline:BuildPlayer (string[],string,string,UnityEditor.BuildTargetGroup,UnityEditor.BuildTarget,int,UnityEditor.BuildOptions,string[]) (at ~/build/output/unity/unity/Editor/Mono/BuildPipeline.bindings.cs:418)
UnityEditor.BuildPipeline:BuildPlayer (UnityEditor.BuildPlayerOptions) (at ~/build/output/unity/unity/Editor/Mono/BuildPipeline.bindings.cs:364)
Hollowmere.Build:Run (System.Collections.Generic.IReadOnlyList`1<string>) (at Assets/Hollowmere/Build/Editor/Build.cs:114)
Hollowmere.Build:BuildLinuxPlayer () (at Assets/Hollowmere/Build/Editor/Build.cs:40)

[~/build/output/unity/unity/Modules/AssetDatabase/Editor/ScriptBindings/AssetDatabase.bindings.cs line 393]

Total cache size 268319571
Total cache size after purge 268319571, took 00:00:01.6018591
Refreshing native plugins compatible for Editor in 1.12 ms, found 1 plugins.
Preloading 0 native plugins for Editor in 0.00 ms.
Asset Pipeline Refresh (id=935120c23217682628501d3961f54fd5): Total: 1.252 seconds - Initiated by RefreshV2(NoUpdateAssetOptions)
	Summary:
		Imports: total=0 (actual=0, local cache=0, cache server=0)
		Asset DB Process Time: managed=0 ms, native=1218 ms
		Asset DB Callback time: managed=16 ms, native=15 ms
		Scripting: domain reloads=0, domain reload time=0 ms, compile time=0 ms, other=0 ms
		Project Asset Count: scripts=1846, non-scripts=2657
		Asset File Changes: new=0, changed=0, moved=0, deleted=3
		Scan Filter Count: 1
	InvokeCustomDependenciesCallbacks: 0.001ms
	InvokePackagesCallback: 0.002ms
	ApplyChangesToAssetFolders: 2.229ms
	Scan: 918.296ms
	OnSourceAssetsModified: 0.367ms
	CategorizeAssetsWithTransientArtifact: 0.012ms
	ProcessAssetsWithTransientArtifactChanges: 3.209ms
	UnregisterDeletedAssets: 0.337ms
	CategorizeAssets: 12.693ms
	ImportOutOfDateAssets: 1.780ms (0.309ms without children)
		ReloadNativeAssets: 0.297ms
		UnloadImportedAssets: 0.103ms
		EnsureUptoDateAssetsAreRegisteredWithGuidPM: 0.590ms
		InitializingProgressBar: 0.000ms
		PostProcessAllAssetNotificationsAddChangedAssets: 0.000ms
		OnDemandSchedulerStart: 0.481ms
	PostProcessAllAssets: 16.592ms
	Hotreload: 14.923ms
	GatherAllCurrentPrimaryArtifactRevisions: 0.533ms
	UnloadStreamsBegin: 86.429ms
	PersistCurrentRevisions: 0.567ms
	UnloadStreamsEnd: 0.001ms
	Untracked: 193.609ms

Refreshing native plugins compatible for Editor in 0.19 ms, found 1 plugins.
Preloading 0 native plugins for Editor in 0.00 ms.

-------------------------------------------------------------------------------
Build Report
Uncompressed usage by category (Percentages based on user generated assets only):
Textures               7.0 mb	 60.2% 
Meshes                 281.5 kb	 2.4% 
Animations             15.6 kb	 0.1% 
Sounds                 1.5 mb	 12.5% 
Shaders                1.5 mb	 12.7% 
Other Assets           1.0 mb	 8.7% 
Levels                 0.0 kb	 0.0% 
File headers           144.7 kb	 1.2% 
Total User Assets      11.7 mb	 100.0% 
Complete build size    1.8 gb
Used Assets and files from the Resources folder, sorted by uncompressed size:
 2.7 mb	 0.1% Built-in Texture2D: Splash Screen Unity Logo
 760.1 kb	 0.0% Packages/com.unity.render-pipelines.universal/Shaders/PostProcessing/UberPost.shader
 663.3 kb	 0.0% Assets/Hollowmere/UI/Theme/HollowmereTheme.tss
 537.1 kb	 0.0% Resources/unity_builtin_extra
 262.6 kb	 0.0% Packages/com.unity.render-pipelines.universal/Textures/SMAA/AreaTex.tga
 256.1 kb	 0.0% Packages/com.unity.render-pipelines.universal/Textures/FilmGrain/Thin02.png
 256.1 kb	 0.0% Packages/com.unity.render-pipelines.universal/Textures/FilmGrain/Thin01.png
 256.1 kb	 0.0% Packages/com.unity.render-pipelines.universal/Textures/FilmGrain/Medium06.png
 256.1 kb	 0.0% Packages/com.unity.render-pipelines.universal/Textures/FilmGrain/Medium05.png
 256.1 kb	 0.0% Packages/com.unity.render-pipelines.universal/Textures/FilmGrain/Medium04.png
 256.1 kb	 0.0% Packages/com.unity.render-pipelines.universal/Textures/FilmGrain/Medium03.png
 256.1 kb	 0.0% Packages/com.unity.render-pipelines.universal/Textures/FilmGrain/Medium02.png
 256.1 kb	 0.0% Packages/com.unity.render-pipelines.universal/Textures/FilmGrain/Medium01.png
 256.1 kb	 0.0% Packages/com.unity.render-pipelines.universal/Textures/FilmGrain/Large02.png
 256.1 kb	 0.0% Packages/com.unity.render-pipelines.universal/Textures/FilmGrain/Large01.png
 125.1 kb	 0.0% Packages/com.unity.render-pipelines.universal/Shaders/Lit.shader
 97.6 kb	 0.0% Assets/Hollowmere/Media/Voices/Odd_refuse.wav
 83.5 kb	 0.0% Packages/com.unity.render-pipelines.universal/Shaders/PostProcessing/FinalPost.shader
 83.3 kb	 0.0% Assets/Hollowmere/Media/Voices/Maren_lantern.wav
 79.7 kb	 0.0% Packages/com.unity.render-pipelines.core/Runtime/Debugging/Prefabs/Fonts/PerfectDOSVGA437.ttf
 69.5 kb	 0.0% Assets/Hollowmere/Audio/Generated/music_explore.wav
 67.5 kb	 0.0% Assets/Hollowmere/Media/Voices/Maren_cross.wav
 66.7 kb	 0.0% Packages/com.unity.render-pipelines.universal/Shaders/Utils/CoreBlit.shader
 63.0 kb	 0.0% Assets/Hollowmere/Audio/Generated/ambience_belfry.wav
 61.8 kb	 0.0% Assets/Hollowmere/Audio/Generated/ambience_village.wav
 61.6 kb	 0.0% Assets/Hollowmere/Audio/Generated/P3_1/ambience_shrine.wav
 60.0 kb	 0.0% Assets/Hollowmere/Audio/Generated/ambience_marsh.wav
 59.1 kb	 0.0% Packages/com.unity.render-pipelines.core/Runtime/Debugging/Prefabs/Widgets/DebugUIHandlerRenderingLayerField.prefab
 59.1 kb	 0.0% Packages/com.unity.render-pipelines.core/Runtime/Debugging/Prefabs/Widgets/DebugUIBitField.prefab
 58.7 kb	 0.0% Assets/Hollowmere/Media/Voices/Pip_shrine.wav
 53.4 kb	 0.0% Assets/Hollowmere/Media/Voices/Hale_halt.wav
 51.9 kb	 0.0% Assets/Hollowmere/Media/Voices/Hale_pass.wav
 49.4 kb	 0.0% Assets/Hollowmere/Media/Voices/Maren_greet.wav
 48.8 kb	 0.0% Packages/com.unity.render-pipelines.universal/Shaders/PostProcessing/LensFlareDataDriven.shader
 48.5 kb	 0.0% Assets/Hollowmere/Media/Voices/Odd_thanks.wav
 47.2 kb	 0.0% Assets/Hollowmere/Media/Voices/Maren_rumour.wav
 42.8 kb	 0.0% Assets/Hollowmere/Scenery/Textures/mossStone.png
 42.8 kb	 0.0% Assets/Hollowmere/Media/Portraits/BelfryEcho.png
 42.8 kb	 0.0% Assets/Hollowmere/Scenery/Textures/water.png
 42.8 kb	 0.0% Assets/Hollowmere/Scenery/Textures/timber.png
 42.8 kb	 0.0% Assets/Hollowmere/Scenery/Textures/thatch.png
 42.8 kb	 0.0% Assets/Hollowmere/Scenery/Textures/stone.png
 42.8 kb	 0.0% Assets/Hollowmere/Scenery/Textures/plaster.png
 42.8 kb	 0.0% Assets/Hollowmere/Scenery/Textures/planks.png
 42.8 kb	 0.0% Assets/Hollowmere/Scenery/Textures/leaves.png
 42.8 kb	 0.0% Assets/Hollowmere/Scenery/Textures/grass.png
 42.8 kb	 0.0% Assets/Hollowmere/Scenery/Textures/cobble.png
 42.8 kb	 0.0% Assets/Hollowmere/Scenery/Textures/cloth.png
 42.8 kb	 0.0% Assets/Hollowmere/Scenery/Textures/bronze.png
 42.8 kb	 0.0% Assets/Hollowmere/Media/Portraits/Maren.png
 42.8 kb	 0.0% Assets/Hollowmere/Scenery/Textures/reed.png
 42.8 kb	 0.0% Assets/Hollowmere/Scenery/Textures/mud.png
 42.8 kb	 0.0% Assets/Hollowmere/Scenery/Textures/glow.png
 42.8 kb	 0.0% Assets/Hollowmere/Scenery/Textures/bark.png
 42.8 kb	 0.0% Assets/Hollowmere/Media/Portraits/Pip.png
 42.8 kb	 0.0% Assets/Hollowmere/Media/Portraits/Odd.png
 42.8 kb	 0.0% Assets/Hollowmere/Media/Portraits/Hale.png
 42.8 kb	 0.0% Assets/Hollowmere/Media/Portraits/Bram.png
 38.7 kb	 0.0% Assets/Hollowmere/Media/Voices/Hale_lit.wav
 38.7 kb	 0.0% Assets/Hollowmere/Media/Voices/Hale_open.wav
 38.3 kb	 0.0% Packages/com.unity.render-pipelines.universal/Shaders/PostProcessing/TemporalAA.shader
 35.6 kb	 0.0% Assets/Hollowmere/Media/Voices/BelfryEcho_stay.wav
 35.0 kb	 0.0% Packages/com.unity.render-pipelines.universal/Shaders/Terrain/WavingGrass.shader
 34.7 kb	 0.0% Assets/Hollowmere/Media/Voices/Maren_lit.wav
 34.0 kb	 0.0% Assets/Hollowmere/Media/Voices/BelfryEcho_free.wav
 33.9 kb	 0.0% Assets/Hollowmere/Media/Voices/Pip_hello.wav
 33.0 kb	 0.0% Packages/com.unity.render-pipelines.universal/Shaders/PostProcessing/BokehDepthOfField.shader
 32.3 kb	 0.0% Assets/Hollowmere/Media/Voices/BelfryEcho_sleep.wav
 31.0 kb	 0.0% Assets/Hollowmere/Media/Voices/Maren_rung.wav
 30.8 kb	 0.0% Assets/Hollowmere/Audio/Generated/music_tense.wav
 30.7 kb	 0.0% Assets/Hollowmere/Media/Voices/Maren_again.wav
 29.4 kb	 0.0% Assets/Hollowmere/Media/Voices/Pip_clapper.wav
 28.4 kb	 0.0% Packages/com.unity.render-pipelines.universal/Shaders/Terrain/TerrainDetailLit.shader
 28.2 kb	 0.0% Assets/Hollowmere/Media/Voices/Bram_hello.wav
 28.0 kb	 0.0% Packages/com.unity.render-pipelines.universal/Shaders/Terrain/WavingGrassBillboard.shader
 27.6 kb	 0.0% Assets/Hollowmere/Media/Voices/Odd_wait.wav
 25.2 kb	 0.0% Assets/Hollowmere/Media/Voices/BelfryEcho_ring.wav
 24.9 kb	 0.0% Packages/com.unity.render-pipelines.universal/Shaders/PostProcessing/SubpixelMorphologicalAntialiasing.shader
 24.9 kb	 0.0% Packages/com.unity.render-pipelines.universal/Shaders/PostProcessing/LensFlareScreenSpace.shader
 24.5 kb	 0.0% Assets/Hollowmere/Scenery/Meshes/well_2400x2800x2400.asset
 23.8 kb	 0.0% Assets/Hollowmere/Media/Voices/Maren_go.wav
 23.8 kb	 0.0% Packages/com.unity.render-pipelines.universal/Shaders/PostProcessing/CameraMotionBlur.shader
 21.5 kb	 0.0% Packages/com.unity.render-pipelines.universal/Shaders/PostProcessing/GaussianDepthOfField.shader
 21.3 kb	 0.0% Packages/com.unity.render-pipelines.universal/Shaders/PostProcessing/LutBuilderHdr.shader
 19.8 kb	 0.0% Assets/Hollowmere/Audio/Generated/music_ending.wav
 19.5 kb	 0.0% Packages/com.unity.render-pipelines.universal/Shaders/Debug/HDRDebugView.shader
 19.2 kb	 0.0% Packages/com.unity.render-pipelines.universal/Shaders/PostProcessing/Bloom.shader
 19.2 kb	 0.0% Assets/Hollowmere/Media/Voices/BelfryEcho_rest.wav
 19.0 kb	 0.0% Assets/Hollowmere/Rules/HollowmereContent.content.asset
 16.3 kb	 0.0% Assets/Hollowmere/Scenery/Meshes/tower_8000x16000x8000.asset
 16.2 kb	 0.0% Packages/com.unity.render-pipelines.universal/Textures/DebugFont.tga
 15.9 kb	 0.0% Assets/Hollowmere/World/Hollowmere.manifest.asset
 15.8 kb	 0.0% Assets/Hollowmere/Media/Voices/BelfryEcho_who.wav
 15.7 kb	 0.0% Assets/Hollowmere/Scenery/Meshes/inn_10000x7000x8000.asset
 14.7 kb	 0.0% Assets/Hollowmere/Audio/Generated/P3_1/sfx_bell_toll.wav
 14.5 kb	 0.0% Assets/Hollowmere/Scenery/Meshes/ruinWall_6000x3500x800.asset
 14.3 kb	 0.0% Assets/Hollowmere/Media/Voices/Bram_herbs.wav
 12.8 kb	 0.0% Packages/com.unity.render-pipelines.universal/Shaders/PostProcessing/EdgeAdaptiveSpatialUpsampling.shader
 12.7 kb	 0.0% Assets/Hollowmere/Scenery/Meshes/ruinWall_5200x3200x800.asset
 12.7 kb	 0.0% Assets/Hollowmere/Scenery/Meshes/ruinWall_5000x4000x800.asset
 12.7 kb	 0.0% Assets/Hollowmere/Scenery/Meshes/ruinWall_5000x2400x800.asset
 12.7 kb	 0.0% Assets/Hollowmere/Scenery/Meshes/ruinWall_5000x2000x800.asset
 12.7 kb	 0.0% Assets/Hollowmere/Scenery/Meshes/bellFrame_4000x5000x2500.asset
 12.7 kb	 0.0% Assets/Hollowmere/Scenery/Meshes/fence_8000x1100x150.asset
 12.6 kb	 0.0% Assets/Hollowmere/Audio/Generated/stinger_bell.wav
 12.3 kb	 0.0% Assets/Hollowmere/Media/Voices/Bram_thanks.wav
 12.1 kb	 0.0% Assets/Hollowmere/Scenery/Meshes/rock_1500x1000x1200.asset
 11.9 kb	 0.0% Packages/com.unity.render-pipelines.universal/Shaders/PostProcessing/LutBuilderLdr.shader
 11.9 kb	 0.0% Assets/Hollowmere/Scenery/Meshes/shrine_3000x3500x3000.asset
 11.6 kb	 0.0% Packages/com.unity.render-pipelines.universal/Shaders/PostProcessing/ScalingSetup.shader
 11.0 kb	 0.0% Assets/Hollowmere/Scenery/Meshes/fence_6000x1400x200.asset
 9.5 kb	 0.0% Assets/Hollowmere/Scenery/Meshes/tree_4000x7000x4000.asset
 9.5 kb	 0.0% Assets/Hollowmere/Audio/Generated/P3_1/sting_quest_complete.wav
 9.3 kb	 0.0% Packages/com.unity.render-pipelines.core/Runtime/Debugging/Prefabs/Widgets/DebugUIPanel.prefab
 9.2 kb	 0.0% Assets/Hollowmere/Scenery/Meshes/hut_5000x4500x5000.asset
 9.2 kb	 0.0% Assets/Hollowmere/Scenery/Meshes/ruinWall_3600x3200x800.asset
 9.2 kb	 0.0% Assets/Hollowmere/Scenery/Meshes/fence_4000x1100x150.asset
 9.2 kb	 0.0% Assets/Hollowmere/Scenery/Meshes/barrel_700x1000x700.asset
 8.7 kb	 0.0% Assets/Hollowmere/Scenery/Meshes/house_10000x6000x8000.asset
 8.7 kb	 0.0% Assets/Hollowmere/Scenery/Meshes/house_8000x5000x6000.asset
 8.7 kb	 0.0% Assets/Hollowmere/Scenery/Meshes/house_6000x5000x5000.asset
 8.6 kb	 0.0% Packages/com.unity.render-pipelines.universal/Shaders/Debug/ProbeVolumeSamplingDebugPositionNormal.compute
 7.7 kb	 0.0% Assets/Hollowmere/UI/Screens/Settings.uxml
 7.7 kb	 0.0% Assets/Hollowmere/Audio/Generated/P3_1/sfx_shrine_light.wav
 7.5 kb	 0.0% Assets/Hollowmere/Scenery/Meshes/stall_3000x2600x1600.asset
 7.2 kb	 0.0% Assets/Hollowmere/Media/Voices/Bram_bye.wav
 7.1 kb	 0.0% Packages/com.unity.render-pipelines.universal/Shaders/Utils/CoreBlitColorAndDepth.shader
 6.9 kb	 0.0% Packages/com.unity.render-pipelines.universal/Shaders/Utils/CopyDepth.shader
 6.8 kb	 0.0% Packages/com.unity.render-pipelines.core/Shaders/CoreCopy.shader
 6.6 kb	 0.0% Assets/Hollowmere/Scenery/Meshes/deadTree_2400x7000x2400.asset
 6.6 kb	 0.0% Assets/Hollowmere/Scenery/Meshes/deadTree_2000x6000x2000.asset
 6.5 kb	 0.0% Packages/com.unity.render-pipelines.core/Runtime/Debugging/Prefabs/Widgets/DebugUIColor.prefab
 6.4 kb	 0.0% Assets/Hollowmere/UI/Screens/Pause.uxml
 6.3 kb	 0.0% Assets/Hollowmere/Scenery/Meshes/lanternPost_400x2600x400.asset
 6.2 kb	 0.0% Assets/Hollowmere/UI/Screens/Inventory.uxml
 6.1 kb	 0.0% Packages/com.unity.render-pipelines.core/Runtime/Debugging/Prefabs/Widgets/DebugUIVector4.prefab
 6.1 kb	 0.0% Packages/com.unity.render-pipelines.universal/Shaders/PostProcessing/PaniniProjection.shader
 5.9 kb	 0.0% Assets/Hollowmere/Audio/Generated/P3_1/sfx_gate_creak.wav
 5.9 kb	 0.0% Assets/Hollowmere/UI/Theme/Hollowmere.uss
 5.8 kb	 0.0% Packages/com.unity.render-pipelines.universal/Shaders/CameraMotionVectors.shader
 5.7 kb	 0.0% Packages/com.unity.render-pipelines.universal/Shaders/Debug/DebugReplacement.shader
 5.5 kb	 0.0% Assets/Hollowmere/Npcs/Animators/Npc_Talk.anim
 5.5 kb	 0.0% Assets/Hollowmere/Npcs/Animators/Npc_Idle.anim
 5.3 kb	 0.0% Assets/Hollowmere/UI/Screens/Journal.uxml
 5.2 kb	 0.0% Assets/Hollowmere/UI/Screens/SaveLoad.uxml
 5.2 kb	 0.0% Packages/com.unity.render-pipelines.core/Runtime/Debugging/Prefabs/Widgets/DebugUIVector3.prefab
 5.0 kb	 0.0% Packages/com.unity.render-pipelines.universal/Shaders/Utils/Sampling.shader
 4.9 kb	 0.0% Packages/com.unity.render-pipelines.universal/Shaders/Utils/FallbackError.shader
 4.9 kb	 0.0% Assets/Hollowmere/UI/Screens/MainMenu.uxml
 4.9 kb	 0.0% Packages/com.unity.render-pipelines.universal/Shaders/PostProcessing/StopNaN.shader
 4.8 kb	 0.0% Assets/Hollowmere/Audio/Generated/P3_1/sfx_splash.wav
 4.8 kb	 0.0% Assets/Hollowmere/UI/Screens/Hud.uxml
 4.5 kb	 0.0% Assets/Hollowmere/Npcs/Animators/Npc_Walk.anim
 4.5 kb	 0.0% Packages/com.unity.render-pipelines.core/Runtime/Debugging/Prefabs/Resources/DebugUICanvas.prefab
 4.4 kb	 0.0% Assets/Hollowmere/Npcs/NavMesh/ThornwickVillage.asset
 4.4 kb	 0.0% Packages/com.unity.render-pipelines.core/Runtime/Debugging/Prefabs/Widgets/DebugUIUIntField.prefab
 4.4 kb	 0.0% Packages/com.unity.render-pipelines.core/Runtime/Debugging/Prefabs/Widgets/DebugUIIntField.prefab
 4.3 kb	 0.0% Packages/com.unity.render-pipelines.core/Runtime/Debugging/Prefabs/Widgets/DebugUIVector2.prefab
 4.2 kb	 0.0% Packages/com.unity.render-pipelines.universal/Textures/BlueNoise64/L/LDR_LLL1_0.png
 4.1 kb	 0.0% Packages/com.unity.render-pipelines.core/Runtime/Debugging/Prefabs/Widgets/DebugUIFloatField.prefab
 4.0 kb	 0.0% Packages/com.unity.render-pipelines.core/Runtime/RenderPipelineResources/FallbackShader.shader
 3.6 kb	 0.0% Assets/Hollowmere/Input/Player.inputactions
 3.5 kb	 0.0% Assets/Resources/PerformanceTestRunInfo.json
 3.3 kb	 0.0% Assets/Hollowmere/UI/Screens/Ending.uxml
 3.3 kb	 0.0% Assets/Hollowmere/UI/Screens/Dialogue.uxml
 2.9 kb	 0.0% Assets/Hollowmere/Npcs/NavMesh/BlackmereMarsh.asset
 2.8 kb	 0.0% Packages/com.unity.render-pipelines.core/Runtime/Debugging/Prefabs/Widgets/DebugUIObjectPopupField.prefab
 2.7 kb	 0.0% Packages/com.unity.render-pipelines.universal/Shaders/Utils/StencilDeferred.shader
 2.6 kb	 0.0% Packages/com.unity.render-pipelines.core/Runtime/Debugging/Prefabs/Widgets/DebugUIObjectList.prefab
 2.6 kb	 0.0% Packages/com.unity.render-pipelines.core/Runtime/Debugging/Prefabs/Widgets/DebugUIEnumField.prefab
 2.5 kb	 0.0% Assets/Hollowmere/Audio/Definitions/HollowmereAudioBank.asset
 2.4 kb	 0.0% Assets/Hollowmere/Npcs/NavMesh/DrownedBelfry.asset
 2.4 kb	 0.0% Packages/com.unity.render-pipelines.core/Runtime/Debugging/Prefabs/Widgets/DebugUIFoldout.prefab
 2.4 kb	 0.0% Packages/com.unity.render-pipelines.core/Runtime/Debugging/Prefabs/Widgets/DebugUIRow.prefab
 2.1 kb	 0.0% Assets/Hollowmere/Dialogue/Graphs/Maren.asset
 1.8 kb	 0.0% Assets/Settings/UniversalRenderPipelineGlobalSettings.asset
 1.7 kb	 0.0% Packages/com.unity.render-pipelines.core/Runtime/Debugging/Prefabs/Widgets/DebugUIToggleHistory.prefab
 1.7 kb	 0.0% Packages/com.unity.render-pipelines.core/Runtime/Debugging/Prefabs/Widgets/DebugUIToggle.prefab
 1.7 kb	 0.0% Assets/Hollowmere/World/Prefabs/Traveller.mat
 1.7 kb	 0.0% Assets/Hollowmere/Interactables/Prefabs/WellBucket.mat
 1.7 kb	 0.0% Assets/Hollowmere/Interactables/Prefabs/CausewayGate.mat
 1.7 kb	 0.0% Packages/com.unity.render-pipelines.universal/Runtime/Materials/Lit.mat
 1.7 kb	 0.0% Assets/Hollowmere/Scenery/Materials/BlackWater.mat
 1.7 kb	 0.0% Assets/Hollowmere/Scenery/Materials/Water.mat
 1.6 kb	 0.0% Assets/Hollowmere/UI/Definitions/HollowmereScreenFlow.asset
 1.6 kb	 0.0% Assets/Hollowmere/Scenery/Materials/LanternGlow.mat
 1.6 kb	 0.0% Assets/Hollowmere/Scenery/Materials/GroundVillage.mat
 1.6 kb	 0.0% Assets/Hollowmere/Scenery/Materials/MossStone.mat
 1.6 kb	 0.0% Assets/Hollowmere/Scenery/Materials/GroundMarsh.mat
 1.6 kb	 0.0% Assets/Hollowmere/Scenery/Materials/GroundBelfry.mat
 1.6 kb	 0.0% Assets/Hollowmere/Scenery/Materials/Timber.mat
 1.6 kb	 0.0% Assets/Hollowmere/Scenery/Materials/Thatch.mat
 1.6 kb	 0.0% Assets/Hollowmere/Scenery/Materials/Stone.mat
 1.6 kb	 0.0% Assets/Hollowmere/Scenery/Materials/Plaster.mat
 1.6 kb	 0.0% Assets/Hollowmere/Scenery/Materials/Planks.mat
 1.6 kb	 0.0% Assets/Hollowmere/Scenery/Materials/Leaves.mat
 1.6 kb	 0.0% Assets/Hollowmere/Scenery/Materials/Cobble.mat
 1.6 kb	 0.0% Assets/Hollowmere/Scenery/Materials/Cloth.mat
 1.6 kb	 0.0% Assets/Hollowmere/Scenery/Materials/Bronze.mat
 1.6 kb	 0.0% Assets/Hollowmere/Scenery/Materials/Reed.mat
 1.6 kb	 0.0% Assets/Hollowmere/Scenery/Materials/Bark.mat
 1.6 kb	 0.0% Assets/Hollowmere/Dialogue/Graphs/BelfryEcho.asset
 1.5 kb	 0.0% Assets/Hollowmere/Quests/DrownedBell.asset
 1.5 kb	 0.0% Assets/Hollowmere/Audio/Generated/sfx_footstep.wav
 1.5 kb	 0.0% Assets/Hollowmere/Audio/Generated/sfx_footstep_stone.wav
 1.4 kb	 0.0% Packages/com.unity.render-pipelines.core/Runtime/Debugging/Prefabs/Widgets/DebugUIProgressBar.prefab
 1.4 kb	 0.0% Packages/com.unity.render-pipelines.core/Runtime/Debugging/Prefabs/Widgets/DebugUIGroup.prefab
 1.3 kb	 0.0% Assets/Hollowmere/UI/Definitions/Doc_Settings.asset
 1.3 kb	 0.0% Assets/Hollowmere/Game/HollowmereDirector.asset
 1.2 kb	 0.0% Assets/Hollowmere/Dialogue/Graphs/Odd.asset
 1.2 kb	 0.0% Packages/com.unity.render-pipelines.core/Runtime/Debugging/Prefabs/Widgets/DebugUIButton.prefab
 1.2 kb	 0.0% Assets/Hollowmere/Rules/SinkholeTakesLantern.asset
 1.2 kb	 0.0% Assets/Hollowmere/Rules/CraftLantern.asset
 1.2 kb	 0.0% Assets/Hollowmere/Rules/PuntRepair.asset
 1.2 kb	 0.0% Assets/Hollowmere/Dialogue/Graphs/Hale.asset
 1.2 kb	 0.0% Assets/Hollowmere/Npcs/Animators/NpcAnimator.controller
 1.2 kb	 0.0% Assets/Hollowmere/Dialogue/Graphs/Bram.asset
 1.2 kb	 0.0% Packages/com.unity.render-pipelines.universal/Textures/SMAA/SearchTex.tga
 1.1 kb	 0.0% Packages/com.unity.render-pipelines.core/Runtime/Debugging/Prefabs/Textures/UIFoldoutOpened.png
 1.1 kb	 0.0% Packages/com.unity.render-pipelines.core/Runtime/Debugging/Prefabs/Textures/UIFoldoutClosed.png
 1.1 kb	 0.0% Packages/com.unity.render-pipelines.core/Runtime/Debugging/Prefabs/Textures/UICheckMark.png
 1.1 kb	 0.0% Assets/Hollowmere/Rules/ShrineLit.asset
 1.0 kb	 0.0% Assets/Hollowmere/Dialogue/Graphs/Pip.asset
 1.0 kb	 0.0% Assets/Hollowmere/Npcs/Prefabs/NpcCapsule.prefab
 0.9 kb	 0.0% Packages/com.unity.render-pipelines.core/Runtime/Debugging/Prefabs/Widgets/DebugUIEnumHistory.prefab
 0.9 kb	 0.0% Packages/com.unity.render-pipelines.core/Runtime/Debugging/Prefabs/Widgets/DebugUIValuePersistent.prefab
 0.9 kb	 0.0% Packages/com.unity.render-pipelines.core/Runtime/Debugging/Prefabs/Widgets/DebugUIValueTuple.prefab
 0.9 kb	 0.0% Packages/com.unity.render-pipelines.core/Runtime/Debugging/Prefabs/Resources/DebugUIPersistentCanvas.prefab
 0.9 kb	 0.0% Packages/com.unity.render-pipelines.core/Runtime/Debugging/Prefabs/Widgets/DebugUIObject.prefab
 0.9 kb	 0.0% Packages/com.unity.render-pipelines.core/Runtime/Debugging/Prefabs/Widgets/DebugUIValue.prefab
 0.9 kb	 0.0% Assets/Hollowmere/Rules/PuntNeedsLight.asset
 0.9 kb	 0.0% Packages/com.unity.render-pipelines.core/Runtime/Debugging/Prefabs/Widgets/DebugUIMessageBox.prefab
 0.9 kb	 0.0% Packages/com.unity.render-pipelines.core/Runtime/Debugging/Prefabs/Textures/UIElement8px.png
 0.8 kb	 0.0% Assets/Hollowmere/Rules/SearchSatchel.asset
 0.8 kb	 0.0% Assets/Hollowmere/Rules/Take_OldCoins_Village.asset
 0.8 kb	 0.0% Assets/Hollowmere/Rules/Take_MarshHerbs_Marsh.asset
 0.8 kb	 0.0% Assets/Hollowmere/Rules/Take_MarshHerbs_Garden.asset
 0.8 kb	 0.0% Assets/Hollowmere/Rules/Take_BellClapper_Marsh.asset
 0.8 kb	 0.0% Assets/Hollowmere/Rules/Take_OilFlask_Marsh.asset
 0.8 kb	 0.0% Assets/Hollowmere/Rules/Take_Lantern_Barn.asset
 0.8 kb	 0.0% Assets/Hollowmere/Rules/PuntLeaks.asset
 0.8 kb	 0.0% Assets/Hollowmere/Rules/PuntCross.asset
 0.8 kb	 0.0% Assets/Hollowmere/Rules/BenchNeedsHerbs.asset
 0.8 kb	 0.0% Packages/com.unity.render-pipelines.universal/Runtime/Data/PostProcessData.asset
 0.7 kb	 0.0% Assets/Hollowmere/Rules/EndingRing.asset
 0.7 kb	 0.0% Assets/Hollowmere/Audio/Generated/sfx_ui_click.wav
 0.7 kb	 0.0% Assets/Hollowmere/UI/Definitions/Doc_Hud.asset
 0.7 kb	 0.0% Assets/Hollowmere/Audio/HollowmereMixer.mixer
 0.7 kb	 0.0% Assets/Hollowmere/UI/Definitions/Doc_Save.asset
 0.7 kb	 0.0% Assets/Hollowmere/UI/Definitions/Doc_Load.asset
 0.7 kb	 0.0% Assets/Hollowmere/Rules/EndingFree.asset
 0.7 kb	 0.0% Assets/Hollowmere/UI/Definitions/Doc_Inventory.asset
 0.7 kb	 0.0% Assets/Hollowmere/Rules/BenchNeedsOil.asset
 0.7 kb	 0.0% Assets/Hollowmere/Rules/EchoFreedAmbience.asset
 0.7 kb	 0.0% Assets/Hollowmere/Rules/BellNoClapper.asset
 0.6 kb	 0.0% Assets/Hollowmere/Rules/SinkholeDark.asset
 0.6 kb	 0.0% Assets/Hollowmere/Rules/ShrinePost3.asset
 0.6 kb	 0.0% Assets/Hollowmere/Rules/ShrinePost2.asset
 0.6 kb	 0.0% Assets/Hollowmere/Rules/ShrinePost1.asset
 0.6 kb	 0.0% Assets/Hollowmere/Audio/Generated/sfx_ui_confirm.wav
 0.6 kb	 0.0% Assets/Hollowmere/Rules/LanternLost.asset
 0.6 kb	 0.0% Assets/Hollowmere/Rules/HerbsRestore.asset
 0.6 kb	 0.0% Assets/Hollowmere/Scenery/HollowmerePostProcessing.asset
 0.6 kb	 0.0% Packages/com.unity.render-pipelines.core/Runtime/Debugging/Prefabs/Textures/White1px.png
 0.5 kb	 0.0% Assets/Hollowmere/UI/Definitions/Doc_MainMenu.asset
 0.5 kb	 0.0% Assets/Hollowmere/Rules/Conditions/EndingReached.asset
 0.5 kb	 0.0% Assets/Hollowmere/UI/Definitions/Doc_Dialogue.asset
 0.5 kb	 0.0% Assets/Hollowmere/UI/Definitions/Doc_Pause.asset
 0.5 kb	 0.0% Packages/com.unity.render-pipelines.universal/Shaders/XR/XRMirrorView.shader
 0.5 kb	 0.0% Assets/Hollowmere/Audio/Generated/P3_1/sfx_pickup.wav
 0.5 kb	 0.0% Assets/Hollowmere/World/Prefabs/Traveller.prefab
 0.5 kb	 0.0% Assets/Hollowmere/Interactables/Prefabs/WellBucket.prefab
 0.5 kb	 0.0% Assets/Hollowmere/Interactables/Prefabs/CausewayGate.prefab
 0.5 kb	 0.0% Packages/com.unity.render-pipelines.universal/Shaders/Utils/BlitHDROverlay.shader
 0.5 kb	 0.0% Assets/Hollowmere/World/Prefabs/Signpost.prefab
 0.5 kb	 0.0% Assets/Hollowmere/World/Prefabs/Lantern.prefab
 0.5 kb	 0.0% Assets/Hollowmere/World/Prefabs/Crate.prefab
 0.5 kb	 0.0% Assets/Hollowmere/World/Prefabs/Reed.prefab
 0.5 kb	 0.0% Assets/Hollowmere/World/Prefabs/Bell.prefab
 0.5 kb	 0.0% Assets/Hollowmere/UI/Definitions/Doc_Journal.asset
 0.5 kb	 0.0% Assets/Hollowmere/World/Prefabs/Stone.prefab
 0.5 kb	 0.0% Assets/Hollowmere/Rules/Actions/FerryCrossing.asset
 0.5 kb	 0.0% Assets/Hollowmere/Rules/ReturnToMaren.asset
 0.5 kb	 0.0% Packages/com.unity.render-pipelines.universal/Runtime/Decal/DBuffer/DBufferClear.shader
 0.5 kb	 0.0% Assets/Hollowmere/Rules/BellKeepsGateOpen.asset
 0.5 kb	 0.0% Assets/Hollowmere/Rules/OddPaidOnTrade.asset
 0.4 kb	 0.0% Assets/Settings/Hollowmere_URP.asset
 0.4 kb	 0.0% Assets/Hollowmere/Rules/Actions/OddGrantsFavour.asset
 0.4 kb	 0.0% Assets/Hollowmere/Rules/Actions/RingBell.asset
 0.4 kb	 0.0% Assets/Hollowmere/Rules/Actions/OpenGate.asset
 0.4 kb	 0.0% Assets/Hollowmere/Rules/Actions/SilenceBell.asset
 0.4 kb	 0.0% Assets/Hollowmere/Rules/Actions/OddPersuaded.asset
 0.4 kb	 0.0% Assets/Hollowmere/Rules/Actions/MarenIntro.asset
 0.4 kb	 0.0% Packages/com.unity.render-pipelines.core/Runtime/Debugging/Prefabs/Widgets/DebugUIVBox.prefab
 0.4 kb	 0.0% Packages/com.unity.render-pipelines.core/Runtime/Debugging/Prefabs/Widgets/DebugUIHBox.prefab
 0.4 kb	 0.0% Packages/com.unity.render-pipelines.universal/Shaders/XR/XROcclusionMesh.shader
 0.4 kb	 0.0% Assets/Hollowmere/Rules/Conditions/LanternLostNoSpare.asset
 0.4 kb	 0.0% Built-in Sprite: 
 0.4 kb	 0.0% Assets/Hollowmere/Rules/Conditions/ShrinePost2Lit.asset
 0.4 kb	 0.0% Assets/Hollowmere/Rules/Conditions/ShrinePost1Lit.asset
 0.4 kb	 0.0% Packages/com.unity.render-pipelines.universal/Textures/BlueNoise16/L/LDR_LLL1_9.png
 0.4 kb	 0.0% Packages/com.unity.render-pipelines.universal/Textures/BlueNoise16/L/LDR_LLL1_8.png
 0.4 kb	 0.0% Packages/com.unity.render-pipelines.universal/Textures/BlueNoise16/L/LDR_LLL1_7.png
 0.4 kb	 0.0% Packages/com.unity.render-pipelines.universal/Textures/BlueNoise16/L/LDR_LLL1_6.png
 0.4 kb	 0.0% Packages/com.unity.render-pipelines.universal/Textures/BlueNoise16/L/LDR_LLL1_5.png
 0.4 kb	 0.0% Packages/com.unity.render-pipelines.universal/Textures/BlueNoise16/L/LDR_LLL1_4.png
 0.4 kb	 0.0% Packages/com.unity.render-pipelines.universal/Textures/BlueNoise16/L/LDR_LLL1_31.png
 0.4 kb	 0.0% Packages/com.unity.render-pipelines.universal/Textures/BlueNoise16/L/LDR_LLL1_30.png
 0.4 kb	 0.0% Packages/com.unity.render-pipelines.universal/Textures/BlueNoise16/L/LDR_LLL1_3.png
 0.4 kb	 0.0% Packages/com.unity.render-pipelines.universal/Textures/BlueNoise16/L/LDR_LLL1_29.png
 0.4 kb	 0.0% Packages/com.unity.render-pipelines.universal/Textures/BlueNoise16/L/LDR_LLL1_28.png
 0.4 kb	 0.0% Packages/com.unity.render-pipelines.universal/Textures/BlueNoise16/L/LDR_LLL1_27.png
 0.4 kb	 0.0% Packages/com.unity.render-pipelines.universal/Textures/BlueNoise16/L/LDR_LLL1_26.png
 0.4 kb	 0.0% Packages/com.unity.render-pipelines.universal/Textures/BlueNoise16/L/LDR_LLL1_25.png
 0.4 kb	 0.0% Packages/com.unity.render-pipelines.universal/Textures/BlueNoise16/L/LDR_LLL1_24.png
 0.4 kb	 0.0% Packages/com.unity.render-pipelines.universal/Textures/BlueNoise16/L/LDR_LLL1_23.png
 0.4 kb	 0.0% Packages/com.unity.render-pipelines.universal/Textures/BlueNoise16/L/LDR_LLL1_22.png
 0.4 kb	 0.0% Packages/com.unity.render-pipelines.universal/Textures/BlueNoise16/L/LDR_LLL1_21.png
 0.4 kb	 0.0% Packages/com.unity.render-pipelines.universal/Textures/BlueNoise16/L/LDR_LLL1_20.png
 0.4 kb	 0.0% Packages/com.unity.render-pipelines.universal/Textures/BlueNoise16/L/LDR_LLL1_2.png
 0.4 kb	 0.0% Packages/com.unity.render-pipelines.universal/Textures/BlueNoise16/L/LDR_LLL1_19.png
 0.4 kb	 0.0% Packages/com.unity.render-pipelines.universal/Textures/BlueNoise16/L/LDR_LLL1_18.png
 0.4 kb	 0.0% Packages/com.unity.render-pipelines.universal/Textures/BlueNoise16/L/LDR_LLL1_17.png
 0.4 kb	 0.0% Packages/com.unity.render-pipelines.universal/Textures/BlueNoise16/L/LDR_LLL1_16.png
 0.4 kb	 0.0% Packages/com.unity.render-pipelines.universal/Textures/BlueNoise16/L/LDR_LLL1_15.png
 0.4 kb	 0.0% Packages/com.unity.render-pipelines.universal/Textures/BlueNoise16/L/LDR_LLL1_14.png
 0.4 kb	 0.0% Packages/com.unity.render-pipelines.universal/Textures/BlueNoise16/L/LDR_LLL1_13.png
 0.4 kb	 0.0% Packages/com.unity.render-pipelines.universal/Textures/BlueNoise16/L/LDR_LLL1_12.png
 0.4 kb	 0.0% Packages/com.unity.render-pipelines.universal/Textures/BlueNoise16/L/LDR_LLL1_11.png
 0.4 kb	 0.0% Packages/com.unity.render-pipelines.universal/Textures/BlueNoise16/L/LDR_LLL1_10.png
 0.4 kb	 0.0% Packages/com.unity.render-pipelines.universal/Textures/BlueNoise16/L/LDR_LLL1_1.png
 0.4 kb	 0.0% Packages/com.unity.render-pipelines.universal/Textures/BlueNoise16/L/LDR_LLL1_0.png
 0.4 kb	 0.0% Packages/com.unity.render-pipelines.universal/Shaders/XR/XRMotionVector.shader
 0.4 kb	 0.0% Assets/Hollowmere/Rules/RingBellOnUse.asset
 0.3 kb	 0.0% Assets/Hollowmere/Rules/GateKeyOpensGate.asset
 0.3 kb	 0.0% Assets/Hollowmere/UI/Definitions/Doc_Ending.asset
 0.3 kb	 0.0% Assets/Hollowmere/Player/Player.prefab
 0.3 kb	 0.0% Assets/Hollowmere/Interactables/InteractionRoster.asset
 0.3 kb	 0.0% Assets/Hollowmere/Rules/Conditions/MarenTrustsPlayer.asset
 0.3 kb	 0.0% Assets/Hollowmere/Interactables/Definitions/CausewayGate.asset
 0.3 kb	 0.0% Assets/Hollowmere/Rules/Conditions/HasThreeOldCoins.asset
 0.3 kb	 0.0% Assets/Hollowmere/Rules/Conditions/HasBellClapper.asset
 0.3 kb	 0.0% Assets/Hollowmere/Rules/Actions/MarenTrust.asset
 0.3 kb	 0.0% Assets/Hollowmere/Rules/Actions/EchoFreed.asset
 0.3 kb	 0.0% Assets/Hollowmere/Rules/Actions/BuyLantern.asset
 0.3 kb	 0.0% Assets/Hollowmere/Interactables/Definitions/ShrinePostWest.asset
 0.3 kb	 0.0% Assets/Hollowmere/Interactables/Definitions/ShrinePostMiddle.asset
 0.3 kb	 0.0% Assets/Hollowmere/Interactables/Definitions/ShrinePostEast.asset
 0.3 kb	 0.0% Assets/Hollowmere/UI/Theme/HollowmerePanelSettings.asset
 0.3 kb	 0.0% Assets/Hollowmere/Rules/Conditions/ShrineLit.asset
 0.3 kb	 0.0% Assets/Hollowmere/Rules/Conditions/OddFavour.asset
 0.3 kb	 0.0% Assets/Hollowmere/Rules/Conditions/HeardRumour.asset
 0.3 kb	 0.0% Assets/Hollowmere/Rules/Conditions/HasLantern.asset
 0.3 kb	 0.0% Assets/Hollowmere/Rules/Conditions/HasGateKey.asset
 0.3 kb	 0.0% Assets/Hollowmere/Rules/Conditions/HasCoins4.asset
 0.3 kb	 0.0% Assets/Hollowmere/Rules/Conditions/HasCoins2.asset
 0.3 kb	 0.0% Assets/Hollowmere/Rules/Conditions/HasCoins1.asset
 0.3 kb	 0.0% Assets/Hollowmere/Rules/Actions/PipAsked.asset
 0.3 kb	 0.0% Assets/Hollowmere/Rules/Actions/BuyOil.asset
 0.3 kb	 0.0% Assets/Hollowmere/Rules/Actions/BuyHerbs.asset
 0.3 kb	 0.0% Assets/Hollowmere/Rules/Conditions/GateOpen.asset
 0.3 kb	 0.0% Assets/Hollowmere/Rules/Conditions/BellRung.asset
 0.3 kb	 0.0% Assets/Hollowmere/Items/InnStock.asset
 0.3 kb	 0.0% Assets/Settings/Hollowmere_UniversalRenderer.asset
 0.2 kb	 0.0% Assets/Hollowmere/Interactables/Definitions/SinkholeGlint.asset
 0.2 kb	 0.0% Assets/Hollowmere/Interactables/Definitions/ShrinePostMiddleEntity.asset
 0.2 kb	 0.0% Assets/Hollowmere/Interactables/Definitions/PickupMarshHerbsEntity.asset
 0.2 kb	 0.0% Assets/Hollowmere/Interactables/Definitions/TinkersBenchEntity.asset
 0.2 kb	 0.0% Assets/Hollowmere/Interactables/Definitions/SinkholeGlintEntity.asset
 0.2 kb	 0.0% Assets/Hollowmere/Interactables/Definitions/ShrinePostWestEntity.asset
 0.2 kb	 0.0% Assets/Hollowmere/Interactables/Definitions/ShrinePostEastEntity.asset
 0.2 kb	 0.0% Assets/Hollowmere/Interactables/Definitions/PickupLanternEntity.asset
 0.2 kb	 0.0% Assets/Hollowmere/Interactables/Definitions/PickupHerbsEntity.asset
 0.2 kb	 0.0% Assets/Hollowmere/Interactables/Definitions/PickupCoinsEntity.asset
 0.2 kb	 0.0% Assets/Hollowmere/Interactables/Definitions/PickupClapperEntity.asset
 0.2 kb	 0.0% Assets/Hollowmere/Interactables/Definitions/DrownedSatchelEntity.asset
 0.2 kb	 0.0% Assets/Hollowmere/Interactables/Definitions/DrownedSatchel.asset
 0.2 kb	 0.0% Assets/Hollowmere/Interactables/Definitions/DrownedBell.asset
 0.2 kb	 0.0% Assets/Hollowmere/Interactables/Definitions/PickupOilEntity.asset
 0.2 kb	 0.0% Assets/Hollowmere/Interactables/Definitions/PickupMarshHerbs.asset
 0.2 kb	 0.0% Assets/Hollowmere/Interactables/Definitions/PickupClapper.asset
 0.2 kb	 0.0% Assets/Hollowmere/Interactables/Definitions/OldPuntEntity.asset
 0.2 kb	 0.0% Assets/Hollowmere/Interactables/Definitions/TinkersBench.asset
 0.2 kb	 0.0% Assets/Hollowmere/Interactables/Definitions/PickupOil.asset
 0.2 kb	 0.0% Assets/Hollowmere/Interactables/Definitions/PickupLantern.asset
 0.2 kb	 0.0% Assets/Hollowmere/Interactables/Definitions/PickupHerbs.asset
 0.2 kb	 0.0% Assets/Hollowmere/World/Definitions/Lantern.asset
 0.2 kb	 0.0% Assets/Hollowmere/World/Definitions/Crate.asset
 0.2 kb	 0.0% Assets/Hollowmere/Items/MarshHerbs_Garden.asset
 0.2 kb	 0.0% Assets/Hollowmere/Items/BellClapper_Marsh.asset
 0.2 kb	 0.0% Assets/Hollowmere/Interactables/Definitions/PickupCoins.asset
 0.2 kb	 0.0% Assets/Hollowmere/Interactables/Definitions/CausewayGateEntity.asset
 0.2 kb	 0.0% Assets/Hollowmere/World/Definitions/Bell.asset
 0.2 kb	 0.0% Assets/Hollowmere/Npcs/Definitions/BelfryEchoEntity.asset
 0.2 kb	 0.0% Assets/Hollowmere/Items/OldCoins_Village.asset
 0.2 kb	 0.0% Assets/Hollowmere/Items/OilFlask_Marsh.asset
 0.2 kb	 0.0% Assets/Hollowmere/Items/MarshHerbs_Marsh.asset
 0.2 kb	 0.0% Assets/Hollowmere/Interactables/Definitions/WellBucketEntity.asset
 0.2 kb	 0.0% Assets/Hollowmere/World/Definitions/Signpost.asset
 0.2 kb	 0.0% Assets/Hollowmere/Npcs/Definitions/PipEntity.asset
 0.2 kb	 0.0% Assets/Hollowmere/Npcs/Definitions/OddEntity.asset
 0.2 kb	 0.0% Assets/Hollowmere/Npcs/Definitions/MarenEntity.asset
 0.2 kb	 0.0% Assets/Hollowmere/Npcs/Definitions/HaleEntity.asset
 0.2 kb	 0.0% Assets/Hollowmere/Npcs/Definitions/BramEntity.asset
 0.2 kb	 0.0% Assets/Hollowmere/Items/OilFlask.asset
 0.2 kb	 0.0% Assets/Hollowmere/Items/MarshLoot.asset
 0.2 kb	 0.0% Assets/Hollowmere/Items/Lantern_Barn.asset
 0.2 kb	 0.0% Assets/Hollowmere/Interactables/Definitions/OldPunt.asset
 0.2 kb	 0.0% Assets/Hollowmere/World/Definitions/Stone.asset
 0.2 kb	 0.0% Assets/Hollowmere/World/Definitions/Traveller.asset
 0.2 kb	 0.0% Assets/Hollowmere/World/Definitions/Reed.asset
 0.2 kb	 0.0% Assets/Hollowmere/Items/MarshHerbs.asset
 0.2 kb	 0.0% Assets/Hollowmere/Interactables/Definitions/VillageWell.asset
 0.2 kb	 0.0% Assets/Hollowmere/Player/PlayerDefinition.asset
 0.2 kb	 0.0% Assets/Hollowmere/Items/OddsStall.asset
 0.2 kb	 0.0% Assets/Hollowmere/Items/BellClapper.asset
 0.2 kb	 0.0% Assets/Hollowmere/World/Regions/ThornwickVillage.asset
 0.2 kb	 0.0% Packages/com.unity.render-pipelines.universal/Runtime/Debug/UniversalRenderPipelineVolumeDebugSettings.deprecated.cs
 0.2 kb	 0.0% Assets/Hollowmere/World/Regions/DrownedBelfry.asset
 0.2 kb	 0.0% Assets/Hollowmere/World/Regions/BlackmereMarsh.asset
 0.2 kb	 0.0% Assets/Hollowmere/Npcs/Definitions/BelfryEcho.asset
 0.2 kb	 0.0% Assets/Hollowmere/Items/OldCoin.asset
 0.2 kb	 0.0% Assets/Hollowmere/Items/Lantern.asset
 0.2 kb	 0.0% Assets/Hollowmere/Items/GateKey.asset
 0.2 kb	 0.0% Assets/Hollowmere/Audio/Definitions/HollowmereAudio.asset
 0.2 kb	 0.0% Assets/Hollowmere/Npcs/Definitions/Maren.asset
 0.2 kb	 0.0% Packages/com.unity.render-pipelines.universal/Runtime/RenderPipelineResources/UniversalRenderPipelineRuntimeXRResources.cs
 0.2 kb	 0.0% Packages/com.unity.render-pipelines.universal/Runtime/Debug/UniversalRenderPipelineVolumeDebugSettings.cs
 0.2 kb	 0.0% Packages/com.unity.render-pipelines.universal/Runtime/Debug/UniversalRenderPipelineDebugDisplaySettings.cs
 0.2 kb	 0.0% Assets/Hollowmere/Items/PlayerInventory.asset
 0.2 kb	 0.0% Packages/com.unity.render-pipelines.core/Runtime/RenderGraph/RenderGraphResourceAccelerationStructure.cs
 0.2 kb	 0.0% Assets/Hollowmere/Npcs/Definitions/Pip.asset
 0.2 kb	 0.0% Assets/Hollowmere/Npcs/Definitions/Odd.asset
 0.2 kb	 0.0% Assets/Hollowmere/Npcs/Definitions/Hale.asset
 0.2 kb	 0.0% Assets/Hollowmere/Dialogue/Facts/maren_trusts_player.asset
 0.2 kb	 0.0% Assets/Hollowmere/Dialogue/Facts/belfry_echo_freed.asset
 0.2 kb	 0.0% Packages/com.unity.render-pipelines.universal/Runtime/UniversalRenderPipelineGlobalSettings.cs
 0.2 kb	 0.0% Packages/com.unity.render-pipelines.universal/Runtime/RenderPipelineResources/UniversalRenderPipelineRuntimeTextures.cs
 0.2 kb	 0.0% Packages/com.unity.render-pipelines.universal/Runtime/RenderPipelineResources/UniversalRenderPipelineRuntimeShaders.cs
 0.2 kb	 0.0% Packages/com.unity.render-pipelines.universal/Runtime/RenderPipelineResources/UniversalRenderPipelineEditorMaterials.cs
 0.2 kb	 0.0% Packages/com.unity.render-pipelines.universal/Runtime/Debug/UniversalRenderPipelineDebugDisplayStats.cs
 0.2 kb	 0.0% Packages/com.unity.render-pipelines.universal/Runtime/2D/Shadows/ShadowProvider/Providers/ShadowShape2DProvider_SpriteRenderer.cs
 0.2 kb	 0.0% Packages/com.unity.render-pipelines.core/Runtime/Stripping/RenderPipelineGraphicsSettingsStripperFetcher.cs
 0.2 kb	 0.0% Packages/com.unity.render-pipelines.core/Runtime/RenderGraph/IRenderGraphEnabledRenderPipeline.cs
 0.2 kb	 0.0% Assets/Hollowmere/Dialogue/Facts/shrine_post_3.asset
 0.2 kb	 0.0% Assets/Hollowmere/Dialogue/Facts/shrine_post_2.asset
 0.2 kb	 0.0% Assets/Hollowmere/Dialogue/Facts/shrine_post_1.asset
 0.2 kb	 0.0% Assets/Hollowmere/Dialogue/Facts/search_satchel.asset
 0.2 kb	 0.0% Assets/Hollowmere/Dialogue/Facts/punt_repaired.asset
 0.2 kb	 0.0% Assets/Hollowmere/Dialogue/Facts/odd_persuaded.asset
 0.2 kb	 0.0% Assets/Hollowmere/Dialogue/Facts/maren_grateful.asset
 0.2 kb	 0.0% Assets/Hollowmere/Dialogue/Facts/bell_silenced.asset
 0.2 kb	 0.0% Packages/com.unity.rendering.light-transport/Runtime/UnifiedRayTracing/Hardware/HardwareRayTracingAccelStruct.cs
 0.2 kb	 0.0% Packages/com.unity.render-pipelines.universal/Runtime/RenderPipelineResources/UniversalRenderPipelineEditorShaders.cs
 0.2 kb	 0.0% Packages/com.unity.render-pipelines.universal/Runtime/RenderPipelineResources/UniversalRenderPipelineEditorAssets.cs
 0.2 kb	 0.0% Packages/com.unity.render-pipelines.universal/Runtime/RenderPipelineResources/UniversalRenderPipelineDebugShaders.cs
 0.2 kb	 0.0% Packages/com.unity.render-pipelines.universal/Runtime/Passes/AdditionalLightsShadowCasterPass.cs
 0.2 kb	 0.0% Packages/com.unity.render-pipelines.universal/Runtime/Passes/AdditionalLightsShadowAtlasLayout.cs
 0.2 kb	 0.0% Packages/com.unity.render-pipelines.core/Runtime/Stripping/RenderPipelineGraphicsSettingsStripperReport.cs
 0.2 kb	 0.0% Packages/com.unity.render-pipelines.core/Runtime/RenderGraph/Compiler/NativePassCompiler.Debug.cs
 0.2 kb	 0.0% Packages/com.unity.render-pipelines.core/Runtime/GPUDriven/OcclusionCullingCommonShaderVariables.cs
 0.2 kb	 0.0% Packages/com.unity.render-pipelines.core/Runtime/GPUDriven/InstanceOcclusionCullerShaderVariables.cs
 0.2 kb	 0.0% Assets/Hollowmere/Npcs/Definitions/Bram.asset
 0.2 kb	 0.0% Packages/com.unity.render-pipelines.universal/Runtime/2D/CinemachineUniversalPixelPerfect.cs
 0.2 kb	 0.0% Packages/com.unity.render-pipelines.core/Runtime/Stripping/RenderPipelineGraphicsSettingsStripper.cs
 0.2 kb	 0.0% Packages/com.unity.render-pipelines.core/Runtime/RenderPipeline/RenderPipelineGraphicsSettingsContainer.cs
 0.2 kb	 0.0% Packages/com.unity.render-pipelines.core/Runtime/RenderGraph/Compiler/NativePassCompiler.cs
 0.2 kb	 0.0% Packages/com.unity.render-pipelines.core/Runtime/RenderGraph/Compiler/CompilerContextData.cs
 0.2 kb	 0.0% Packages/com.unity.render-pipelines.core/Runtime/Common/IVirtualTexturingEnabledRenderPipeline.cs
 0.2 kb	 0.0% Packages/com.unity.mathematics/Unity.Mathematics/Il2CppEagerStaticClassConstructionAttribute.cs
 0.2 kb	 0.0% Assets/Hollowmere/Dialogue/Facts/shrine_lit.asset
 0.2 kb	 0.0% Assets/Hollowmere/Dialogue/Facts/pip_asked.asset
 0.2 kb	 0.0% Assets/Hollowmere/Dialogue/Facts/odd_favour.asset
 0.2 kb	 0.0% Assets/Hollowmere/Dialogue/Facts/lantern_lost.asset
 0.2 kb	 0.0% Assets/Hollowmere/Dialogue/Facts/herbs_used.asset
 0.2 kb	 0.0% Assets/Hollowmere/Dialogue/Facts/heard_rumour.asset
 0.2 kb	 0.0% Assets/Hollowmere/Dialogue/Facts/gate_open.asset
 0.2 kb	 0.0% Assets/Hollowmere/Dialogue/Facts/buy_lantern.asset
 0.2 kb	 0.0% Assets/Hollowmere/Dialogue/Facts/buy_herbs.asset
 0.2 kb	 0.0% Assets/Hollowmere/Dialogue/Facts/bell_rung.asset
 0.2 kb	 0.0% Packages/com.unity.rendering.light-transport/Runtime/UnifiedRayTracing/UnifiedRayTracingException.cs
 0.2 kb	 0.0% Packages/com.unity.rendering.light-transport/Runtime/UnifiedRayTracing/Hardware/HardwareRayTracingBackend.cs
 0.2 kb	 0.0% Packages/com.unity.rendering.light-transport/Runtime/UnifiedRayTracing/Compute/ComputeRayTracingAccelStruct.cs
 0.2 kb	 0.0% Packages/com.unity.render-pipelines.universal/Textures/BayerMatrix.png
 0.2 kb	 0.0% Packages/com.unity.render-pipelines.universal/Runtime/VolumeRequiresRendererFeatures.cs
 0.2 kb	 0.0% Packages/com.unity.render-pipelines.universal/Runtime/UniversalAdditionalCameraData.cs
 0.2 kb	 0.0% Packages/com.unity.render-pipelines.universal/Runtime/Settings/URPDefaultVolumeProfileSetting.cs
 0.2 kb	 0.0% Packages/com.unity.render-pipelines.universal/Runtime/RendererFeatures/FullScreenPassRendererFeature.cs
 0.2 kb	 0.0% Packages/com.unity.render-pipelines.universal/Runtime/RendererFeatures/DisallowMultipleRendererFeature.cs
 0.2 kb	 0.0% Packages/com.unity.render-pipelines.universal/Runtime/RenderGraph/RenderGraphGraphicsAutomatedTests.cs
 0.2 kb	 0.0% Packages/com.unity.render-pipelines.universal/Runtime/Passes/ScreenSpaceAmbientOcclusionPass.cs
 0.2 kb	 0.0% Packages/com.unity.render-pipelines.universal/Runtime/Passes/MainLightShadowCasterPass.cs
 0.2 kb	 0.0% Packages/com.unity.render-pipelines.universal/Runtime/Passes/InvokeOnRenderObjectCallbackPass.cs
 0.2 kb	 0.0% Packages/com.unity.render-pipelines.universal/Runtime/Decal/Entities/DecalUpdateCullingGroupSystem.cs
 0.2 kb	 0.0% Packages/com.unity.render-pipelines.universal/Runtime/Debug/DebugDisplaySettingsRendering.cs
 0.2 kb	 0.0% Packages/com.unity.render-pipelines.core/Runtime/RenderGraph/RenderGraphUtilsResources.cs
 0.2 kb	 0.0% Packages/com.unity.render-pipelines.core/Runtime/Lighting/ProbeVolume/ProbeReferenceVolume.ReflProbeNormalization.cs
 0.2 kb	 0.0% Packages/com.unity.render-pipelines.core/Runtime/GPUDriven/OcclusionCullingDebugShaderVariables.cs
 0.2 kb	 0.0% Assets/Hollowmere/Npcs/NpcRoster.asset
 0.2 kb	 0.0% Packages/com.unity.render-pipelines.universal/Runtime/UniversalRenderPipelineRenderGraph.cs
 0.2 kb	 0.0% Packages/com.unity.render-pipelines.universal/Runtime/2D/Shadows/ShadowCasterGroup2DManager.cs
 0.2 kb	 0.0% Packages/com.unity.render-pipelines.universal/Runtime/2D/Rendergraph/CopyCameraSortingLayerPass.cs
 0.2 kb	 0.0% Packages/com.unity.render-pipelines.universal/Runtime/2D/RendererFeatures/ScriptableRenderPass2D.cs
 0.2 kb	 0.0% Packages/com.unity.render-pipelines.universal/Runtime/2D/PixelPerfectCameraInternal.cs
 0.2 kb	 0.0% Packages/com.unity.render-pipelines.universal/Runtime/2D/Passes/PixelPerfectBackgroundPass.cs
 0.2 kb	 0.0% Packages/com.unity.render-pipelines.core/Runtime/RenderPipeline/RenderPipelineGlobalSettingsUtils.cs
 0.2 kb	 0.0% Packages/com.unity.render-pipelines.core/Runtime/RenderGraph/RenderGraphResourceRegistry.cs
 0.2 kb	 0.0% Packages/com.unity.render-pipelines.core/Runtime/RenderGraph/RenderGraphDefaultResources.cs
 0.2 kb	 0.0% Packages/com.unity.render-pipelines.core/Runtime/RenderGraph/Compiler/ResourcesData.cs
 0.2 kb	 0.0% Packages/com.unity.render-pipelines.core/Runtime/Lighting/ProbeVolume/ProbeVolumeConstantRuntimeResources.cs
 0.2 kb	 0.0% Packages/com.unity.render-pipelines.core/Runtime/Lighting/ProbeVolume/ProbeVolumeBakingSetWeakReference.cs
 0.2 kb	 0.0% Packages/com.unity.render-pipelines.core/Runtime/Lighting/ProbeVolume/IProbeVolumeEnabledRenderPipeline.cs
 0.2 kb	 0.0% Packages/com.unity.render-pipelines.core/Runtime/Debugging/Prefabs/Scripts/DebugUIHandlerRenderingLayerField.cs
 0.2 kb	 0.0% Packages/com.unity.entities/Unity.Entities.Hybrid.HybridComponents/CompanionComponentSupportedTypes.cs
 0.2 kb	 0.0% Packages/com.gamecore.gameplay.integration/Runtime/RewardOutbox/NarrativeCardRewardBridge.cs
 0.2 kb	 0.0% Assets/Hollowmere/Npcs/Definitions/PipDayNight.asset
 0.2 kb	 0.0% Assets/Hollowmere/Dialogue/Facts/odd_paid.asset
 0.2 kb	 0.0% Assets/Hollowmere/Dialogue/Facts/ending_c.asset
 0.2 kb	 0.0% Assets/Hollowmere/Dialogue/Facts/ending_b.asset
 0.2 kb	 0.0% Assets/Hollowmere/Dialogue/Facts/ending_a.asset
 0.2 kb	 0.0% Assets/Hollowmere/Dialogue/Facts/buy_oil.asset
 0.2 kb	 0.0% Packages/com.unity.rendering.light-transport/Runtime/UnifiedRayTracing/IRayTracingAccelStruct.cs
 0.2 kb	 0.0% Packages/com.unity.rendering.light-transport/Runtime/UnifiedRayTracing/Hardware/HardwareRayTracingShader.cs
 0.2 kb	 0.0% Packages/com.unity.rendering.light-transport/Runtime/UnifiedRayTracing/Compute/ComputeRayTracingShader.cs
 0.2 kb	 0.0% Packages/com.unity.rendering.light-transport/Runtime/UnifiedRayTracing/Compute/ComputeRayTracingBackend.cs
 0.2 kb	 0.0% Packages/com.unity.render-pipelines.universal/Runtime/UniversalAdditionalLightData.cs
 0.2 kb	 0.0% Packages/com.unity.render-pipelines.universal/Runtime/Tiling/ReflectionProbeMinMaxZJob.cs
 0.2 kb	 0.0% Packages/com.unity.render-pipelines.universal/Runtime/Settings/URPShaderStrippingSetting.cs
 0.2 kb	 0.0% Packages/com.unity.render-pipelines.universal/Runtime/ScriptableRendererFeature.cs
 0.2 kb	 0.0% Packages/com.unity.render-pipelines.universal/Runtime/RendererFeatures/ScreenSpaceAmbientOcclusion.cs
 0.2 kb	 0.0% Packages/com.unity.render-pipelines.universal/Runtime/RenderTargetBufferSystem.cs
 0.2 kb	 0.0% Packages/com.unity.render-pipelines.universal/Runtime/RenderPipelineResources/UniversalRendererResources.cs
 0.2 kb	 0.0% Packages/com.unity.render-pipelines.universal/Runtime/Overrides/ShadowsMidtonesHighlights.cs
 0.2 kb	 0.0% Packages/com.unity.render-pipelines.universal/Runtime/FrameData/UniversalPostProcessingData.cs
 0.2 kb	 0.0% Packages/com.unity.render-pipelines.universal/Runtime/Decal/ScreenSpace/DecalScreenSpaceRenderPass.cs
 0.2 kb	 0.0% Packages/com.unity.render-pipelines.universal/Runtime/Decal/Entities/DecalCreateDrawCallSystem.cs
 0.2 kb	 0.0% Packages/com.unity.render-pipelines.universal/Runtime/Debug/DebugDisplaySettingsMaterial.cs
 0.2 kb	 0.0% Packages/com.unity.render-pipelines.universal/Runtime/Debug/DebugDisplaySettingsLighting.cs
 0.2 kb	 0.0% Packages/com.unity.render-pipelines.universal/Runtime/Debug/DebugDisplaySettingsCommon.cs
 0.2 kb	 0.0% Packages/com.unity.render-pipelines.universal/Runtime/Data/UniversalRenderPipelineAsset.cs
 0.2 kb	 0.0% Packages/com.unity.render-pipelines.core/Runtime/RenderGraph/RenderGraphResourceRendererList.cs
 0.2 kb	 0.0% Packages/com.unity.render-pipelines.core/Runtime/RenderGraph/Compiler/PassesData.cs
 0.2 kb	 0.0% Packages/com.unity.render-pipelines.core/Runtime/GPUDriven/OccluderDepthPyramidConstants.cs
 0.2 kb	 0.0% Packages/com.unity.render-pipelines.core/Runtime/GPUDriven/Debug/DebugDisplayGPUResidentDrawer.cs
 0.2 kb	 0.0% Packages/com.unity.collections/Unity.Collections/GenerateTestsForBurstCompatibilityAttribute.cs
 0.2 kb	 0.0% Packages/com.gamecore.gameplay.narrative/Fixtures/Runtime/NarrativeMigrations.cs
 0.2 kb	 0.0% Packages/com.gamecore.gameplay.narrative/Fixtures/Runtime/NarrativeLifecycleScenario.cs
 0.2 kb	 0.0% Packages/com.unity.scriptablebuildpipeline/Runtime/CompatibilityAssetBundleManifest.cs
 0.2 kb	 0.0% Packages/com.unity.render-pipelines.universal/Runtime/UniversalRenderPipelineCore.cs
 0.2 kb	 0.0% Packages/com.unity.render-pipelines.universal/Runtime/FrameData/UniversalResourceBase.cs
 0.2 kb	 0.0% Packages/com.unity.render-pipelines.universal/Runtime/2D/Shadows/ShadowProvider/ShadowShape2DProvider.cs
 0.2 kb	 0.0% Packages/com.unity.render-pipelines.universal/Runtime/2D/Shadows/CompositeShadowCaster2D.cs
 0.2 kb	 0.0% Packages/com.unity.render-pipelines.core/Runtime/Utilities/CoreRenderPipelinePreferences.cs
 0.2 kb	 0.0% Packages/com.unity.render-pipelines.core/Runtime/Settings/IDefaultVolumeProfileSettings.cs
 0.2 kb	 0.0% Packages/com.unity.render-pipelines.core/Runtime/RenderGraph/RenderGraphResourcePool.cs
 0.2 kb	 0.0% Packages/com.unity.render-pipelines.core/Runtime/RenderGraph/RenderGraphObjectPool.cs
 0.2 kb	 0.0% Packages/com.unity.render-pipelines.core/Runtime/RenderGraph/Debug/RenderGraphDebugParams.cs
 0.2 kb	 0.0% Packages/com.unity.render-pipelines.core/Runtime/RenderGraph/Debug/DebugDisplaySettingsRenderGraph.cs
 0.2 kb	 0.0% Packages/com.unity.render-pipelines.core/Runtime/Lighting/ProbeVolume/ProbeVolumeBakingProcessSettings.cs
 0.2 kb	 0.0% Packages/com.unity.render-pipelines.core/Runtime/Debugging/Prefabs/Scripts/DebugUIHandlerPersistentCanvas.cs
 0.2 kb	 0.0% Packages/com.unity.render-pipelines.core/Runtime/Debugging/Prefabs/Scripts/DebugUIHandlerObjectPopupField.cs
 0.2 kb	 0.0% Packages/com.unity.render-pipelines.core/Runtime/Debugging/Prefabs/Scripts/DebugUIHandlerIndirectFloatField.cs
 0.2 kb	 0.0% Packages/com.unity.render-pipelines.core/Runtime/Debugging/DebugDisplaySettingsHDROutput.cs
 0.2 kb	 0.0% Packages/com.unity.render-pipelines.core/Runtime/Common/GlobalDynamicResolutionSettings.cs
 0.2 kb	 0.0% Packages/com.unity.inputsystem/InputSystem/Editor/UITKAssetEditor/Views/CompositePartBindingPropertiesView.cs
 0.2 kb	 0.0% Packages/com.unity.inputsystem/InputSystem/Editor/UITKAssetEditor/Views/CollectionViewSelectionChangeFilter.cs
 0.2 kb	 0.0% Packages/com.unity.inputsystem/InputSystem/Editor/UITKAssetEditor/InputActionsEditorSettingsProvider.cs
 0.2 kb	 0.0% Packages/com.unity.inputsystem/InputSystem/Editor/PropertyDrawers/InputActionReferenceSearchProviders.cs
 0.2 kb	 0.0% Packages/com.unity.inputsystem/InputSystem/Editor/PropertyDrawers/InputActionReferencePropertyDrawer.cs
 0.2 kb	 0.0% Packages/com.unity.inputsystem/InputSystem/Editor/Analytics/InputActionsEditorSessionAnalytic.cs
 0.2 kb	 0.0% Packages/com.unity.inputsystem/InputSystem/Devices/Commands/QueryEditorWindowCoordinatesCommand.cs
 0.2 kb	 0.0% Packages/com.unity.inputsystem/InputSystem/Devices/Commands/InitiateUserAccountPairingCommand.cs
 0.2 kb	 0.0% Packages/com.gamecore.unity.runtime/Runtime/Persistence/ProductionRestoreTargetBuilder.cs
 0.2 kb	 0.0% Packages/com.gamecore.unity.runtime/Runtime/Integration/DerivationProvenancePublisher.cs
 0.2 kb	 0.0% Packages/com.gamecore.unity.runtime/Runtime/Integration/DerivationModeSwitchValidator.cs
 0.2 kb	 0.0% Packages/com.gamecore.gameplay.integration/Runtime/RewardOutbox/CardRewardDestination.cs
 0.2 kb	 0.0% Packages/com.unity.rendering.light-transport/Runtime/UnifiedRayTracing/RayTracingResources.cs
 0.2 kb	 0.0% Packages/com.unity.rendering.light-transport/Runtime/UnifiedRayTracing/RayTracingContext.cs
 0.2 kb	 0.0% Packages/com.unity.rendering.light-transport/Runtime/UnifiedRayTracing/IRayTracingShader.cs
 0.2 kb	 0.0% Packages/com.unity.rendering.light-transport/Runtime/UnifiedRayTracing/IRayTracingBackend.cs
 0.2 kb	 0.0% Packages/com.unity.rendering.light-transport/Runtime/UnifiedRayTracing/Compute/BLASPositionsPool.cs
 0.2 kb	 0.0% Packages/com.unity.rendering.light-transport/Runtime/UnifiedRayTracing/Common/GeometryPool/GeometryPoolDefs.cs
 0.2 kb	 0.0% Packages/com.unity.rendering.light-transport/Runtime/UnifiedRayTracing/Common/AccelStructInstances.cs
 0.2 kb	 0.0% Packages/com.unity.rendering.light-transport/Runtime/UnifiedRayTracing/Common/AccelStructAdapter.cs
 0.2 kb	 0.0% Packages/com.unity.render-pipelines.universal/Runtime/UniversalRendererRenderGraph.cs
 0.2 kb	 0.0% Packages/com.unity.render-pipelines.universal/Runtime/UniversalRendererData.cs
 0.2 kb	 0.0% Packages/com.unity.render-pipelines.universal/Runtime/UniversalRenderPipeline.cs
 0.2 kb	 0.0% Packages/com.unity.render-pipelines.universal/Runtime/UniversalCameraHistory.cs
 0.2 kb	 0.0% Packages/com.unity.render-pipelines.universal/Runtime/Tiling/TileRangeExpansionJob.cs
 0.2 kb	 0.0% Packages/com.unity.render-pipelines.universal/Runtime/SupportedOnRenderer.cs
 0.2 kb	 0.0% Packages/com.unity.render-pipelines.universal/Runtime/ScriptableRendererData.cs
 0.2 kb	 0.0% Packages/com.unity.render-pipelines.universal/Runtime/RendererFeatures/FullScreenPassRendererFeature_OldGUID.cs
 0.2 kb	 0.0% Packages/com.unity.render-pipelines.universal/Runtime/ReflectionProbeManager.cs
 0.2 kb	 0.0% Packages/com.unity.render-pipelines.universal/Runtime/Passes/TransparentSettingsPass.cs
 0.2 kb	 0.0% Packages/com.unity.render-pipelines.universal/Runtime/Passes/MotionVectorRenderPass.cs
 0.2 kb	 0.0% Packages/com.unity.render-pipelines.universal/Runtime/Passes/DrawScreenSpaceUIPass.cs
 0.2 kb	 0.0% Packages/com.unity.render-pipelines.universal/Runtime/Passes/DepthNormalOnlyPass.cs
 0.2 kb	 0.0% Packages/com.unity.render-pipelines.universal/Runtime/Passes/ColorGradingLutPass.cs
 0.2 kb	 0.0% Packages/com.unity.render-pipelines.universal/Runtime/NormalReconstruction.cs
 0.2 kb	 0.0% Packages/com.unity.render-pipelines.universal/Runtime/FrameData/UniversalResourceData.cs
 0.2 kb	 0.0% Packages/com.unity.render-pipelines.universal/Runtime/FrameData/UniversalRenderingData.cs
 0.2 kb	 0.0% Packages/com.unity.render-pipelines.universal/Runtime/FrameData/Universal2DResourceData.cs
 0.2 kb	 0.0% Packages/com.unity.render-pipelines.universal/Runtime/Decal/ScreenSpace/DecalGBufferRenderPass.cs
 0.2 kb	 0.0% Packages/com.unity.render-pipelines.universal/Runtime/Decal/Entities/DecalUpdateCulledSystem.cs
 0.2 kb	 0.0% Packages/com.unity.render-pipelines.universal/Runtime/Decal/Entities/DecalUpdateCachedSystem.cs
 0.2 kb	 0.0% Packages/com.unity.render-pipelines.universal/Runtime/Decal/Entities/DecalSkipCulledSystem.cs
 0.2 kb	 0.0% Packages/com.unity.render-pipelines.universal/Runtime/Decal/DBuffer/DecalForwardEmissivePass.cs
 0.2 kb	 0.0% Packages/com.unity.render-pipelines.core/Runtime/XR/XRBuiltinShaderConstants.cs
 0.2 kb	 0.0% Packages/com.unity.render-pipelines.core/Runtime/Settings/IDefaultVolumeProfileResource.cs
 0.2 kb	 0.0% Packages/com.unity.render-pipelines.core/Runtime/RenderGraph/RenderGraphResourceTexture.cs
 0.2 kb	 0.0% Packages/com.unity.render-pipelines.core/Runtime/RenderGraph/IRenderGraphBuilder.cs
 0.2 kb	 0.0% Packages/com.unity.render-pipelines.core/Runtime/GPUDriven/InstanceCullingBatcherBurst.cs
 0.2 kb	 0.0% Packages/com.unity.render-pipelines.core/Runtime/GPUDriven/IGPUResidentRenderPipeline.cs
 0.2 kb	 0.0% Packages/com.unity.render-pipelines.core/Runtime/GPUDriven/GPUResidentDrawerResources.cs
 0.2 kb	 0.0% Packages/com.unity.render-pipelines.core/Runtime/GPUDriven/Components/DisallowGPUDrivenRendering.cs
 0.2 kb	 0.0% Packages/com.unity.render-pipelines.core/Runtime-PrivateShared/AssemblyInfo.cs
 0.2 kb	 0.0% Packages/com.unity.inputsystem/InputSystem/Plugins/UI/StandaloneInputModuleEditor.cs
 0.2 kb	 0.0% Packages/com.unity.inputsystem/InputSystem/Plugins/UI/InputSystemUIInputModuleEditor.cs
 0.2 kb	 0.0% Packages/com.unity.entities/Unity.Transforms.Hybrid/CompanionGameObjectUpdateTransformSystem.cs
 0.2 kb	 0.0% Packages/com.unity.entities/Unity.Entities/Types/RegisterUnityEngineComponentTypeAttribute.cs
 0.2 kb	 0.0% Packages/com.unity.entities/Unity.Entities.Hybrid/Baking/RemoveEntityInBakeDestroyEntitiesSystem.cs
 0.2 kb	 0.0% Packages/com.unity.entities/Unity.Entities.Hybrid/Baking/ForceBakingOnDisabledComponentsAttribute.cs
 0.2 kb	 0.0% Packages/com.gamecore.gameplay.traversal/Fixtures/Runtime/TraversalCourseWorld.cs
 0.2 kb	 0.0% Packages/com.gamecore.gameplay.traversal/Fixtures/Runtime/TraversalCatalogTable.cs
 0.2 kb	 0.0% Packages/com.gamecore.gameplay.narrative/Fixtures/Runtime/NarrativeScenarioCatalog.cs
 0.2 kb	 0.0% Packages/com.gamecore.gameplay.narrative/Fixtures/Runtime/NarrativeRegistration.cs
 0.2 kb	 0.0% Packages/com.gamecore.gameplay.interaction/Runtime/InteractionWorldExtension.cs
 0.2 kb	 0.0% Assets/Hollowmere/Save/Checkpoint/CheckpointCatalogCoverage.g.cs
 0.1 kb	 0.0% Packages/com.unity.render-pipelines.universal/Runtime/UniversalRendererDebug.cs
 0.1 kb	 0.0% Packages/com.unity.render-pipelines.universal/Runtime/Passes/PostProcessPassRenderGraph.cs
 0.1 kb	 0.0% Packages/com.unity.render-pipelines.universal/Runtime/MotionVectors.cs
 0.1 kb	 0.0% Packages/com.unity.render-pipelines.universal/Runtime/Decal/DecalDrawErrorRenderPass.cs
 0.1 kb	 0.0% Packages/com.unity.render-pipelines.universal/Runtime/2D/Shadows/ShadowProvider/ShapeProviderUtility.cs
 0.1 kb	 0.0% Packages/com.unity.render-pipelines.universal/Runtime/2D/Shadows/ShadowCasterGroup2D.cs
 0.1 kb	 0.0% Packages/com.unity.render-pipelines.universal/Runtime/2D/Rendergraph/GlobalPropertiesPass.cs
 0.1 kb	 0.0% Packages/com.unity.render-pipelines.universal/Runtime/2D/Rendergraph/DrawRenderer2DPass.cs
 0.1 kb	 0.0% Packages/com.unity.render-pipelines.universal/Runtime/2D/PixelPerfectCamera.cs
 0.1 kb	 0.0% Packages/com.unity.render-pipelines.universal/Runtime/2D/Passes/Utility/Light2DLookupTexture.cs
 0.1 kb	 0.0% Packages/com.unity.render-pipelines.universal/Runtime/2D/Passes/Render2DLightingPass.cs
 0.1 kb	 0.0% Packages/com.unity.render-pipelines.universal/Runtime/2D/Light2DCullResult.cs
 0.1 kb	 0.0% Packages/com.unity.render-pipelines.universal/Runtime/2D/Light2DBlendStyle.cs
 0.1 kb	 0.0% Packages/com.unity.render-pipelines.core/Runtime/Utilities/BatchRendererGroupGlobals.cs
 0.1 kb	 0.0% Packages/com.unity.render-pipelines.core/Runtime/Settings/IncludeRenderPipelineAsset.cs
 0.1 kb	 0.0% Packages/com.unity.render-pipelines.core/Runtime/STP/ISTPEnabledRenderPipeline.cs
 0.1 kb	 0.0% Packages/com.unity.render-pipelines.core/Runtime/RenderGraph/RenderGraphUtilsBlit.cs
 0.1 kb	 0.0% Packages/com.unity.render-pipelines.core/Runtime/RenderGraph/RenderGraphResourceBuffer.cs
 0.1 kb	 0.0% Packages/com.unity.render-pipelines.core/Runtime/RenderGraph/RenderGraphLogger.cs
 0.1 kb	 0.0% Packages/com.unity.render-pipelines.core/Runtime/RenderGraph/RenderGraphGlobalSettings.cs
 0.1 kb	 0.0% Packages/com.unity.render-pipelines.core/Runtime/RenderGraph/RenderGraphBuilders.cs
 0.1 kb	 0.0% Packages/com.unity.render-pipelines.core/Runtime/RenderGraph/RenderGraphBuilder.cs
 0.1 kb	 0.0% Packages/com.unity.render-pipelines.core/Runtime/RenderGraph/IRenderGraphRecorder.cs
 0.1 kb	 0.0% Packages/com.unity.render-pipelines.core/Runtime/Lighting/ProbeVolume/ShaderVariablesProbeVolumes.cs
 0.1 kb	 0.0% Packages/com.unity.render-pipelines.core/Runtime/Lighting/ProbeVolume/ProbeVolumeStreamableAsset.cs
 0.1 kb	 0.0% Packages/com.unity.render-pipelines.core/Runtime/Lighting/ProbeVolume/ProbeVolumeScratchBufferPool.cs
 0.1 kb	 0.0% Packages/com.unity.render-pipelines.core/Runtime/Lighting/ProbeVolume/ProbeVolumeGlobalSettings.cs
 0.1 kb	 0.0% Packages/com.unity.render-pipelines.core/Runtime/GPUDriven/InstanceData/InstanceWindDataUpdateDefs.cs
 0.1 kb	 0.0% Packages/com.unity.render-pipelines.core/Runtime/GPUDriven/InstanceData/InstanceTransformUpdateDefs.cs
 0.1 kb	 0.0% Packages/com.unity.render-pipelines.core/Runtime/GPUDriven/InstanceData/GPUInstanceDataUploader.cs
 0.1 kb	 0.0% Packages/com.unity.render-pipelines.core/Runtime/GPUDriven/GPUResidentDrawerTypes.cs
 0.1 kb	 0.0% Packages/com.unity.render-pipelines.core/Runtime/Debugging/Prefabs/Scripts/DebugUIHandlerToggleHistory.cs
 0.1 kb	 0.0% Packages/com.unity.render-pipelines.core/Runtime/Debugging/Prefabs/Scripts/DebugUIHandlerProgressBar.cs
 0.1 kb	 0.0% Packages/com.unity.render-pipelines.core/Runtime/Debugging/Prefabs/Scripts/DebugUIHandlerIndirectToggle.cs
 0.1 kb	 0.0% Packages/com.unity.render-pipelines.core/Runtime/Debugging/Prefabs/Scripts/DebugUIHandlerEnumHistory.cs
 0.1 kb	 0.0% Packages/com.unity.render-pipelines.core/Runtime/Debugging/IDebugDisplaySettingsQuery.cs
 0.1 kb	 0.0% Packages/com.unity.render-pipelines.core/Runtime/Debugging/IDebugDisplaySettingsPanel.cs
 0.1 kb	 0.0% Packages/com.unity.render-pipelines.core/Runtime/Debugging/IDebugDisplaySettingsData.cs
 0.1 kb	 0.0% Packages/com.unity.render-pipelines.core/Runtime/Debugging/DebugDisplaySettingsVolumes.cs
 0.1 kb	 0.0% Packages/com.unity.render-pipelines.core/Runtime/Debugging/DebugDisplaySettingsPanel.cs
 0.1 kb	 0.0% Packages/com.unity.inputsystem/InputSystem/Plugins/InputForUI/InputActionAssetVerifier.cs
 0.1 kb	 0.0% Packages/com.unity.inputsystem/InputSystem/Editor/UITKAssetEditor/Views/CompositeBindingPropertiesView.cs
 0.1 kb	 0.0% Packages/com.unity.inputsystem/InputSystem/Editor/UITKAssetEditor/InputActionsEditorWindowUtils.cs
 0.1 kb	 0.0% Packages/com.unity.inputsystem/InputSystem/Editor/PropertyDrawers/InputActionAssetSearchProvider.cs
 0.1 kb	 0.0% Packages/com.unity.inputsystem/InputSystem/Editor/ProjectWideActions/ProjectWideActionsBuildProvider.cs
 0.1 kb	 0.0% Packages/com.unity.inputsystem/InputSystem/Editor/Internal/SerializedPropertyLinqExtensions.cs
 0.1 kb	 0.0% Packages/com.unity.inputsystem/InputSystem/Editor/Internal/InputActionSerializationHelpers.cs
 0.1 kb	 0.0% Packages/com.unity.inputsystem/InputSystem/Editor/EditorInputControlLayoutCache.cs
 0.1 kb	 0.0% Packages/com.unity.inputsystem/InputSystem/Editor/ControlPicker/Layouts/TouchscreenControlPickerLayout.cs
 0.1 kb	 0.0% Packages/com.unity.inputsystem/InputSystem/Editor/ControlPicker/Layouts/DefaultInputControlPickerLayout.cs
 0.1 kb	 0.0% Packages/com.unity.inputsystem/InputSystem/Editor/Analytics/VirtualMouseInputEditorAnalytic.cs
 0.1 kb	 0.0% Packages/com.unity.inputsystem/InputSystem/Editor/Analytics/PlayerInputManagerEditorAnalytic.cs
 0.1 kb	 0.0% Packages/com.unity.inputsystem/InputSystem/Devices/Commands/QuerySamplingFrequencyCommand.cs
 0.1 kb	 0.0% Packages/com.unity.inputsystem/InputSystem/Devices/Commands/QueryPairedUserAccountCommand.cs
 0.1 kb	 0.0% Packages/com.unity.entities/Unity.Entities.Hybrid/Baking/LinkedEntityGroupAuthoringBaker.cs
 0.1 kb	 0.0% Packages/com.unity.entities/Unity.Entities.Hybrid/Baking/BakingOnlyEntityAuthoringBaker.cs
 0.1 kb	 0.0% Packages/com.gamecore.unity.runtime/Runtime/Persistence/UnityCommittedBoundaryReader.cs
 0.1 kb	 0.0% Packages/com.gamecore.unity.runtime/Runtime/Persistence/CheckpointRestoreExecutor.cs
 0.1 kb	 0.0% Packages/com.gamecore.unity.runtime/Runtime/Integration/OwnershipSchedulePipeline.cs
 0.1 kb	 0.0% Packages/com.gamecore.planning/Runtime/StatePolicies/DeclaredSlotMigrationRegistry.cs
 0.1 kb	 0.0% Packages/com.gamecore.gameplay.integration/Runtime/RewardOutbox/RewardPayloadCodec.cs
 0.1 kb	 0.0% Packages/com.gamecore.gameplay.contracts/Runtime/Narrative/NarrativeCatalogNames.cs
 0.1 kb	 0.0% Packages/com.gamecore.gameplay.contracts/Runtime/Narrative/MediaGenerationLookup.cs
 0.1 kb	 0.0% Assets/Hollowmere/World/Portals/ThornwickVillage_BlackmereMarsh.asset
 0.1 kb	 0.0% Assets/Hollowmere/World/Portals/DrownedBelfry_ThornwickVillage.asset
 0.1 kb	 0.0% Packages/com.unity.rendering.light-transport/Runtime/UnifiedRayTracing/Compute/RadeonRays/HlbvhTopLevelBuilder.cs
 0.1 kb	 0.0% Packages/com.unity.rendering.light-transport/Runtime/UnifiedRayTracing/Common/Utilities/GraphicsHelpers.cs
 0.1 kb	 0.0% Packages/com.unity.rendering.light-transport/Runtime/UnifiedRayTracing/Common/Utilities/BlockAllocator.cs
 0.1 kb	 0.0% Packages/com.unity.rendering.light-transport/Runtime/UnifiedRayTracing/Common/Utilities/BackendHelpers.cs
 0.1 kb	 0.0% Packages/com.unity.rendering.light-transport/Runtime/UnifiedRayTracing/Common/TerrainToMesh.cs
 0.1 kb	 0.0% Packages/com.unity.rendering.light-transport/Runtime/Sampling/SamplingResources.cs
 0.1 kb	 0.0% Packages/com.unity.render-pipelines.universal/Runtime/XR/XRSystemUniversal.cs
 0.1 kb	 0.0% Packages/com.unity.render-pipelines.universal/Runtime/UniversalRenderer.cs
 0.1 kb	 0.0% Packages/com.unity.render-pipelines.universal/Runtime/SpaceFillingCurves.cs
 0.1 kb	 0.0% Packages/com.unity.render-pipelines.universal/Runtime/Settings/RenderGraphSettings.cs
 0.1 kb	 0.0% Packages/com.unity.render-pipelines.universal/Runtime/ScriptableRenderer.cs
 0.1 kb	 0.0% Packages/com.unity.render-pipelines.universal/Runtime/SceneViewDrawMode.cs
 0.1 kb	 0.0% Packages/com.unity.render-pipelines.universal/Runtime/RenderingLayerUtils.cs
 0.1 kb	 0.0% Packages/com.unity.render-pipelines.universal/Runtime/RendererFeatures/ScreenSpaceShadows.cs
 0.1 kb	 0.0% Packages/com.unity.render-pipelines.universal/Runtime/RendererFeatures/DecalRendererFeature.cs
 0.1 kb	 0.0% Packages/com.unity.render-pipelines.universal/Runtime/RenderTargetHandle.cs
 0.1 kb	 0.0% Packages/com.unity.render-pipelines.universal/Runtime/RenderPipelineResources/Renderer2DResources.cs
 0.1 kb	 0.0% Packages/com.unity.render-pipelines.universal/Runtime/PostProcessPasses.cs
 0.1 kb	 0.0% Packages/com.unity.render-pipelines.universal/Runtime/Passes/ScriptableRenderPass.cs
 0.1 kb	 0.0% Packages/com.unity.render-pipelines.universal/Runtime/Passes/RenderObjectsPass.cs
 0.1 kb	 0.0% Packages/com.unity.render-pipelines.universal/Runtime/Passes/ProbeVolumeDebugPass.cs
 0.1 kb	 0.0% Packages/com.unity.render-pipelines.universal/Runtime/Passes/FinalBlitPass.cs
 0.1 kb	 0.0% Packages/com.unity.render-pipelines.universal/Runtime/Passes/DrawObjectsPass.cs
 0.1 kb	 0.0% Packages/com.unity.render-pipelines.universal/Runtime/Passes/DepthOnlyPass.cs
 0.1 kb	 0.0% Packages/com.unity.render-pipelines.universal/Runtime/Passes/CopyDepthPass.cs
 0.1 kb	 0.0% Packages/com.unity.render-pipelines.universal/Runtime/Passes/CopyColorPass.cs
 0.1 kb	 0.0% Packages/com.unity.render-pipelines.universal/Runtime/Overrides/ScreenSpaceLensFlare.cs
 0.1 kb	 0.0% Packages/com.unity.render-pipelines.universal/Runtime/Overrides/ChromaticAberration.cs
 0.1 kb	 0.0% Packages/com.unity.render-pipelines.universal/Runtime/LightCookieManager.cs
 0.1 kb	 0.0% Packages/com.unity.render-pipelines.universal/Runtime/History/SingleHistoryBase.cs
 0.1 kb	 0.0% Packages/com.unity.render-pipelines.universal/Runtime/FrameData/UniversalShadowData.cs
 0.1 kb	 0.0% Packages/com.unity.render-pipelines.universal/Runtime/FrameData/UniversalLightData.cs
 0.1 kb	 0.0% Packages/com.unity.render-pipelines.universal/Runtime/FrameData/UniversalCameraData.cs
 0.1 kb	 0.0% Packages/com.unity.render-pipelines.universal/Runtime/ForwardRendererData.cs
 0.1 kb	 0.0% Packages/com.unity.render-pipelines.universal/Runtime/ForwardLights.cs
 0.1 kb	 0.0% Packages/com.unity.render-pipelines.universal/Runtime/DeferredLights.cs
 0.1 kb	 0.0% Packages/com.unity.render-pipelines.universal/Runtime/Decal/Entities/DecalEntityManager.cs
 0.1 kb	 0.0% Packages/com.unity.render-pipelines.universal/Runtime/Decal/DecalShaderPassNames.cs
 0.1 kb	 0.0% Packages/com.unity.render-pipelines.universal/Runtime/Decal/DBuffer/DBufferRenderPass.cs
 0.1 kb	 0.0% Packages/com.unity.render-pipelines.universal/Runtime/Decal/DBuffer/DBufferDepthCopyPass.cs
 0.1 kb	 0.0% Packages/com.unity.render-pipelines.universal/Runtime/2D/Rendergraph/Renderer2DRendergraph.cs
 0.1 kb	 0.0% Packages/com.unity.render-pipelines.core/Runtime/RenderGraph/RenderGraphResources.cs
 0.1 kb	 0.0% Packages/com.unity.render-pipelines.core/Runtime/RenderGraph/RenderGraph.DebugData.cs
 0.1 kb	 0.0% Packages/com.unity.render-pipelines.core/Runtime/Lighting/ProbeVolume/ProbeReferenceVolume.Streaming.cs
 0.1 kb	 0.0% Packages/com.unity.render-pipelines.core/Runtime/Lighting/ProbeVolume/ProbeReferenceVolume.Debug.cs
 0.1 kb	 0.0% Packages/com.unity.render-pipelines.core/Runtime/GPUDriven/Utilities/ParallelSortExtensions.cs
 0.1 kb	 0.0% Packages/com.unity.render-pipelines.core/Runtime/GPUDriven/RenderersBatchersContext.cs
 0.1 kb	 0.0% Packages/com.unity.render-pipelines.core/Runtime/GPUDriven/OcclusionCullingCommon.cs
 0.1 kb	 0.0% Packages/com.unity.render-pipelines.core/Runtime/GPUDriven/LODGroupRenderingUtils.cs
 0.1 kb	 0.0% Packages/com.unity.render-pipelines.core/Runtime/GPUDriven/LODGroupDataPoolBurst.cs
 0.1 kb	 0.0% Packages/com.unity.render-pipelines.core/Runtime/GPUDriven/InstanceData/InstanceDataSystemBurst.cs
 0.1 kb	 0.0% Packages/com.unity.render-pipelines.core/Runtime/GPUDriven/InstanceData/GPUInstanceDataBuffer.cs
 0.1 kb	 0.0% Packages/com.unity.render-pipelines.core/Runtime/GPUDriven/InstanceCullingBatcher.cs
 0.1 kb	 0.0% Packages/com.unity.render-pipelines.core/Runtime/GPUDriven/GPUResidentDrawerDebug.cs
 0.1 kb	 0.0% Packages/com.unity.render-pipelines.core/Runtime/GPUDriven/GPUResidentDrawerBurst.cs
 0.1 kb	 0.0% Packages/com.unity.render-pipelines.core/Runtime/GPUDriven/GPUResidentDrawer.Validator.cs
 0.1 kb	 0.0% Packages/com.unity.render-pipelines.core/Runtime/GPUDriven/GPUResidentBatcher.SpeedTree.cs
 0.1 kb	 0.0% Packages/com.unity.render-pipelines.core/Runtime/GPUDriven/Components/DisallowSmallMeshCulling.cs
 0.1 kb	 0.0% Packages/com.unity.inputsystem/InputSystem/Utilities/DisplayStringFormatAttribute.cs
 0.1 kb	 0.0% Packages/com.unity.inputsystem/InputSystem/Plugins/XR/Haptics/SendBufferedHapticsCommand.cs
 0.1 kb	 0.0% Packages/com.unity.inputsystem/InputSystem/Plugins/XR/Haptics/GetHapticCapabilitiesCommand.cs
 0.1 kb	 0.0% Packages/com.unity.inputsystem/InputSystem/Plugins/XR/Haptics/GetCurrentHapticStateCommand.cs
 0.1 kb	 0.0% Packages/com.unity.inputsystem/InputSystem/Plugins/UI/ExtendedSubmitCancelEventData.cs
 0.1 kb	 0.0% Packages/com.unity.inputsystem/InputSystem/Plugins/Android/AndroidGameController.cs
 0.1 kb	 0.0% Packages/com.unity.inputsystem/InputSystem/Controls/Processors/NormalizeVector3Processor.cs
 0.1 kb	 0.0% Packages/com.unity.inputsystem/InputSystem/Controls/Processors/NormalizeVector2Processor.cs
 0.1 kb	 0.0% Packages/com.unity.inputsystem/InputSystem/Controls/Processors/EditorWindowSpaceProcessor.cs
 0.1 kb	 0.0% Packages/com.unity.inputsystem/InputSystem/Controls/Processors/CompensateRotationProcessor.cs
 0.1 kb	 0.0% Packages/com.unity.inputsystem/InputSystem/Controls/Processors/CompensateDirectionProcessor.cs
 0.1 kb	 0.0% Packages/com.unity.entities/Unity.Entities/Types/RegisterGenericComponentTypeAttribute.cs
 0.1 kb	 0.0% Packages/com.unity.entities/Unity.Entities/RequireMatchingQueriesForUpdateAttribute.cs
 0.1 kb	 0.0% Packages/com.unity.entities/Unity.Entities/DisallowRefReturnCrossingThisAttribute.cs
 0.1 kb	 0.0% Packages/com.unity.entities/Unity.Entities.UI/Attributes/CreateInstanceOnInspectionAttribute.cs
 0.1 kb	 0.0% Packages/com.unity.collections/Unity.Collections/UnsafeParallelHashSetExtensions.gen.cs
 0.1 kb	 0.0% Packages/com.unity.collections/Unity.Collections/UnsafeParallelHashMap.cs
 0.1 kb	 0.0% Packages/com.gamecore.unity.runtime/Runtime/StateMigration/StateMigrationPipeline.cs
 0.1 kb	 0.0% Packages/com.gamecore.unity.runtime/Runtime/Recovery/InitialDefinitionRecovery.cs
 0.1 kb	 0.0% Packages/com.gamecore.unity.runtime/Runtime/Persistence/ProductionRestoreComposition.cs
 0.1 kb	 0.0% Packages/com.gamecore.unity.runtime/Runtime/Observation/SnapshotResynchronization.cs
 0.1 kb	 0.0% Packages/com.gamecore.unity.runtime/Runtime/Lifecycle/UnityLifecycleWorldBinding.cs
 0.1 kb	 0.0% Packages/com.gamecore.unity.adapters/Runtime/PlayerLoop/GameCoreApplicationComposition.cs
 0.1 kb	 0.0% Packages/com.gamecore.unity.adapters/Runtime/Assets/UnityResourcesAssetBackend.cs
 0.1 kb	 0.0% Packages/com.gamecore.gameplay.narrative/Fixtures/Runtime/NarrativeScenario.cs
 0.1 kb	 0.0% Packages/com.gamecore.gameplay.interaction/Runtime/InteractionDeclarations.cs
 0.1 kb	 0.0% Packages/com.gamecore.gameplay.interaction/Runtime/InteractableDefinition.cs
 0.1 kb	 0.0% Packages/com.gamecore.gameplay.contracts/Runtime/Presentation/PresentationDiagnosticCodes.cs
 0.1 kb	 0.0% Packages/com.gamecore.gameplay.contracts/Runtime/PlayerNpcInteractionCodes.cs
 0.1 kb	 0.0% Packages/com.gamecore.gameplay.cards/Fixtures/Runtime/CardLifecycleScenario.cs
Unloading 0 Unused Serialized files (Serialized files now loaded: 0)
Unloading 2497 unused Assets / (4.8 MB). Loaded Objects now: 6875.
Memory consumption went from 189.8 MB to 185.0 MB.
Total: 186.001837 ms (FindLiveObjects: 8.712881 ms CreateObjectMapping: 0.214056 ms MarkObjects: 159.984637 ms  DeleteObjects: 17.089415 ms)

Build Finished, Result: Success.
##utp:{"type": "PlayerBuildInfo", "version": 2, "phase": "Immediate", "time": 1791355405713, "processId": 1602504, "steps": [{"description": "Preprocess Player", "duration": 222}, {"description": "Prepare For Build", "duration": 1}, {"description": "ProducePlayerScriptAssemblies", "duration": 12837}, {"description": "Verify Build setup", "duration": 19}, {"description": "Prepare assets for target platform", "duration": 1}, {"description": "Prepare splash screen", "duration": 40}, {"description": "Building scenes", "duration": 1256}, {"description": "Build scripts DLLs", "duration": 27}, {"description": "Build GlobalGameManagers file", "duration": 291}, {"description": "Writing asset files", "duration": 49099}, {"description": "Building Resources/unity_builtin_extra", "duration": 4143}, {"description": "Write data build dirty tracking information", "duration": 120}, {"description": "Postprocess built player", "duration": 468948}], "duration": 537004}
Unloading 0 Unused Serialized files (Serialized files now loaded: 0)
Loaded scene 'Temp/__Backupscenes/0.backup'
	Deserialize:            1.520 ms
	Integration:            1260.066 ms
	Integration of assets:  0.003 ms
	Thread Wait Time:       0.068 ms
	Total Operation Time:   1261.657 ms
Unloading 0 unused Assets / (0 B). Loaded Objects now: 6868.
Memory consumption went from 184.0 MB to 184.0 MB.
Total: 17.452904 ms (FindLiveObjects: 0.292569 ms CreateObjectMapping: 0.265986 ms MarkObjects: 16.870060 ms  DeleteObjects: 0.023267 ms)

HOLLOWMERE-BUILD result=Succeeded size=1914676088 seconds=537.6 errors=0 warnings=7 output=~/wkspace/gc-studio/p4.2i/.evidence/P42iPlayer/player/Hollowmere.x86_64
Unloading 0 Unused Serialized files (Serialized files now loaded: 0)
Start importing ProjectSettings/ProjectSettings.asset using Guid(00000000000000004000000000000000) (LibraryAssetImporter) -> (artifact id: '677d062a4ba2cf46a503329ca58e5ed1') in 0.003341463 seconds
Refreshing native plugins compatible for Editor in 0.15 ms, found 1 plugins.
Preloading 0 native plugins for Editor in 0.00 ms.
Asset Pipeline Refresh (id=4db77e0bd003229349bf1de07507ac11): Total: 0.020 seconds - Initiated by StopAssetImportingV2(NoUpdateAssetOptions)
Unloading 22 unused Assets / (0 B). Loaded Objects now: 6850.
Memory consumption went from 195.4 MB to 195.4 MB.
Total: 6.529182 ms (FindLiveObjects: 0.243804 ms CreateObjectMapping: 0.166369 ms MarkObjects: 6.068764 ms  DeleteObjects: 0.049810 ms)

[Physics::Module] Cleanup current backned.
[Physics::Module] Id: 0xf2b8ea05
Input System module state changed to: ShutdownInProgress.
Input System polling thread exited.
Input System module state changed to: Shutdown.
[Licensing::IpcConnector] LicenseClient-worlesenric-notifications channel disconnected successfully.
[Licensing::IpcConnector] LicenseClient-worlesenric channel disconnected successfully.
AcceleratorClientConnectionCallback - disconnected - :0
[40m[32minfo[39m[22m[49m: Microsoft.Hosting.Lifetime[0]
      Application is shutting down...
[40m[32minfo[39m[22m[49m: Unity.ILPP.Runner.PostProcessingAssemblyLoadContext[0]
      ALC ILPP context 2 is unloading
Cleanup mono
debugger-agent: Unable to listen on 42
[Package Manager] Server process was shutdown
Checking for leaked weakptr:
  Found no leaked weakptrs.
##utp:{"type": "MemoryLeaks", "version": 2, "phase": "Immediate", "time": 1791355411948, "processId": 1602504, "allocatedMemory": 14100628, "memoryLabels": [{"Default": 23549}, {"Permanent": 16147}, {"Thread": 1084616}, {"Manager": 2818641}, {"VertexData": 8}, {"Geometry": 408}, {"VFX": -104}, {"Texture": 160}, {"Shader": 79299}, {"Material": 24}, {"GfxDevice": 35976}, {"Animation": 456}, {"Audio": 4032}, {"FontEngine": 320}, {"Physics": 2081}, {"Serialization": -200}, {"Input": 26752}, {"JobScheduler": 33024}, {"TextLib": 160}, {"Mono": 32}, {"MonoCode": 672}, {"ScriptingNativeRuntime": 155096}, {"BaseObject": 1623248}, {"Resource": 1032}, {"Renderer": 2928}, {"Transform": 4678}, {"File": 12532}, {"WebCam": 80}, {"Culling": 32}, {"Terrain": 11298}, {"Wind": 24}, {"String": 16405}, {"DynamicArray": 105952}, {"HashMap": 130195}, {"Utility": 2665104}, {"PoolAlloc": 3920}, {"AI": 72}, {"TypeTree": 5005}, {"ScriptManager": 512}, {"RuntimeInitializeOnLoadManager": 64}, {"SpriteAtlas": 112}, {"GI": 7448}, {"Director": 8208}, {"CloudService": 7760}, {"WebRequest": 808}, {"VR": 45689}, {"SceneManager": 528}, {"Video": 64}, {"LazyScriptCache": 32}, {"Camera": 17}, {"Secure": 8401}, {"SerializationCache": 1576}, {"APIUpdating": 10320}, {"Subsystems": 336}, {"VirtualTexturing": 57552}, {"StaticSafetyDebugInfo": 278528}, {"Analytics": 384}, {"Hierarchy": 832}, {"CoreStats": 12456}, {"Identifiers": 12384}, {"Gui": 112}, {"EditorUtility": 30654}, {"VersionControl": 4}, {"Undo": 979}, {"AssetDatabase": 4711076}, {"EditorGi": 328}, {"UnityConnect": 24792}, {"Upm": 1852}, {"DrivenProperties": 72}, {"LocalIPC": 210}, {"ProfilerEditor": 9746}, {"CoreBusinessMetrics": 2386}, {"Licensing": 688}, {"AssetReference": 32}, {"IPCStream": 32}]}
