Unity Editor version:    6000.0.75f1 (26349cd2a5c8)
Branch:                  6000.0/staging
Build type:              Release
Batch mode:              YES
System name:             Linux
Distro version:          #31~24.04.1-Ubuntu SMP PREEMPT_DYNAMIC Mon Aug 10 09:38:02 UTC 2
Kernel version:          7.0.0-31-generic
Architecture:            x86_64
Available memory:        31897 MB
[Licensing::Module] Trying to connect to existing licensing client channel...
[Licensing::IpcConnector] Successfully connected to: "LicenseClient-worlesenric" at "2026-10-06T21:53:04.586713Z"
[SignatureVerifier] Application signature verification not supported on this platform.
[Licensing::Client] Handshaking with LicensingClient:
  Version:                 1.17.4+4293ba1
  Session Id:              dcff5529ac1f493884cf3e33042b6466
  Correlation Id:          70dec6492dd8776ac9455dd9efce7e71
  External correlation Id: 2194815909649056712
  Machine Id:              jd93gYTNlAg1qIhTY9iII/nAhSo=
[Licensing::Module] Successfully connected to LicensingClient on channel: "LicenseClient-worlesenric" (connect: 0.00s, validation: 0.00s, handshake: 0.00s)
[Licensing::IpcConnector] Successfully connected to: "LicenseClient-worlesenric-notifications" at "2026-10-06T21:53:04.588309Z"
[Licensing::Module] Error: Access token is unavailable; failed to update
[Licensing::Client] Successfully resolved entitlement details
[Licensing::Module] License group:
  Id: 1375999166540-UnityPersXXXX
  Product: Unity Personal
  Type: Assigned
  Expiration: Unlimited
[Licensing::Client] Successfully updated license, isAsync: True, time: 0.00
[Licensing::Module] Licensing Background thread has ended after 0.00s
The selected window backend is (null) 
Desktop is 1920 x 1080 @ 60 Hz
Initialize udev device monitor.

COMMAND LINE ARGUMENTS:
/home/worlesenric/Unity/Hub/Editor/6000.0.75f1/Editor/Unity
-batchmode
-projectPath
/home/worlesenric/wkspace/gc-studio/r7-c/games/hollowmere
-logFile
-
-testResults
/home/worlesenric/wkspace/gc-studio/r7-c/artifacts/studio/verification/W-PLUG-11/r7-voice-fixed/results.xml
-runTests
-testPlatform
PlayMode
-testFilter
FullQuestHeadless
-force-glcore
Successfully changed project path to: /home/worlesenric/wkspace/gc-studio/r7-c/games/hollowmere

(Unity:4183437): Gtk-CRITICAL **: 05:53:04.760: gtk_label_set_text: assertion 'GTK_IS_LABEL (label)' failed

(Unity:4183437): Gtk-CRITICAL **: 05:53:04.762: gtk_label_set_text: assertion 'GTK_IS_LABEL (label)' failed
/home/worlesenric/wkspace/gc-studio/r7-c/games/hollowmere
[UnityMemory] Configuration Parameters - Can be set up in boot.config
"memorysetup-bucket-allocator-granularity=16"
"memorysetup-bucket-allocator-bucket-count=8"
"memorysetup-bucket-allocator-block-size=33554432"
"memorysetup-bucket-allocator-block-count=8"
"memorysetup-main-allocator-block-size=16777216"
"memorysetup-thread-allocator-block-size=16777216"
"memorysetup-gfx-main-allocator-block-size=16777216"
"memorysetup-gfx-thread-allocator-block-size=16777216"
"memorysetup-cache-allocator-block-size=4194304"
"memorysetup-typetree-allocator-block-size=2097152"
"memorysetup-profiler-bucket-allocator-granularity=16"
"memorysetup-profiler-bucket-allocator-bucket-count=8"
"memorysetup-profiler-bucket-allocator-block-size=33554432"
"memorysetup-profiler-bucket-allocator-block-count=8"
"memorysetup-profiler-allocator-block-size=16777216"
"memorysetup-profiler-editor-allocator-block-size=1048576"
"memorysetup-temp-allocator-size-main=16777216"
"memorysetup-job-temp-allocator-block-size=2097152"
"memorysetup-job-temp-allocator-block-size-background=1048576"
"memorysetup-job-temp-allocator-reduction-small-platforms=262144"
"memorysetup-allocator-temp-initial-block-size-main=262144"
"memorysetup-allocator-temp-initial-block-size-worker=262144"
"memorysetup-temp-allocator-size-background-worker=32768"
"memorysetup-temp-allocator-size-job-worker=262144"
"memorysetup-temp-allocator-size-preload-manager=33554432"
"memorysetup-temp-allocator-size-nav-mesh-worker=65536"
"memorysetup-temp-allocator-size-audio-worker=65536"
"memorysetup-temp-allocator-size-cloud-worker=32768"
"memorysetup-temp-allocator-size-gi-baking-worker=262144"
"memorysetup-temp-allocator-size-gi-baking-worker=262144"
"memorysetup-temp-allocator-size-gi-baking-worker=262144"
"memorysetup-temp-allocator-size-gi-baking-worker=262144"
"memorysetup-temp-allocator-size-gi-baking-worker=262144"
"memorysetup-temp-allocator-size-gfx=262144"
Player connection [127269722391872]  Target information:

Player connection [127269722391872]  * "[IP] 192.168.0.21 [Port] 55504 [Flags] 2 [Guid] 1326013694 [EditorId] 1326013694 [Version] 1048832 [Id] LinuxEditor(16,192.168.0.21) [Debug] 1 [PackageName] LinuxEditor [ProjectName] Editor" 

Player connection [127269722391872]  * "[IP] 172.18.0.1 [Port] 55504 [Flags] 2 [Guid] 1326013694 [EditorId] 1326013694 [Version] 1048832 [Id] LinuxEditor(16,192.168.0.21) [Debug] 1 [PackageName] LinuxEditor [ProjectName] Editor" 

Player connection [127269722391872]  * "[IP] 172.17.0.1 [Port] 55504 [Flags] 2 [Guid] 1326013694 [EditorId] 1326013694 [Version] 1048832 [Id] LinuxEditor(16,192.168.0.21) [Debug] 1 [PackageName] LinuxEditor [ProjectName] Editor" 

Player connection [127269722391872]  * "[IP] 10.42.0.0 [Port] 55504 [Flags] 2 [Guid] 1326013694 [EditorId] 1326013694 [Version] 1048832 [Id] LinuxEditor(16,192.168.0.21) [Debug] 1 [PackageName] LinuxEditor [ProjectName] Editor" 

Player connection [127269722391872]  * "[IP] 10.42.0.1 [Port] 55504 [Flags] 2 [Guid] 1326013694 [EditorId] 1326013694 [Version] 1048832 [Id] LinuxEditor(16,192.168.0.21) [Debug] 1 [PackageName] LinuxEditor [ProjectName] Editor" 

Player connection [127269722391872]  * "[IP] 100.66.195.58 [Port] 55504 [Flags] 2 [Guid] 1326013694 [EditorId] 1326013694 [Version] 1048832 [Id] LinuxEditor(16,192.168.0.21) [Debug] 1 [PackageName] LinuxEditor [ProjectName] Editor" 

Player connection [127269722391872]  * "[IP] 172.19.0.1 [Port] 55504 [Flags] 2 [Guid] 1326013694 [EditorId] 1326013694 [Version] 1048832 [Id] LinuxEditor(16,192.168.0.21) [Debug] 1 [PackageName] LinuxEditor [ProjectName] Editor" 

Player connection [127269722391872]  * "[IP] 172.20.0.1 [Port] 55504 [Flags] 2 [Guid] 1326013694 [EditorId] 1326013694 [Version] 1048832 [Id] LinuxEditor(16,192.168.0.21) [Debug] 1 [PackageName] LinuxEditor [ProjectName] Editor" 

Player connection [127269722391872] Host joined multi-casting on [225.0.0.222:54997]...
Player connection [127269722391872] Host joined alternative multi-casting on [225.0.0.222:34997]...
Input System module state changed to: Initialized.
[Physics::Module] Initialized fallback backend.
[Physics::Module] Id: 0xdecafbad
[Package Manager] Connected to IPC stream "Upm-4183437" after 0.1 seconds.
Library Redirect Path: Library/
[Physics::Module] Selected backend.
[Physics::Module] Name: PhysX
[Physics::Module] Id: 0xf2b8ea05
[Physics::Module] SDK Version: 4.1.2
[Physics::Module] Integration Version: 1.0.0
[Physics::Module] Threading Mode: Multi-Threaded
Artifact Garbage Collection - Removed 1 unused hashed content filesRefreshing native plugins compatible for Editor in 0.09 ms, found 0 plugins.
Preloading 0 native plugins for Editor in 0.00 ms.
Initialize engine version: 6000.0.75f1 (26349cd2a5c8)
[Subsystems] Discovering subsystems at path /home/worlesenric/Unity/Hub/Editor/6000.0.75f1/Editor/Data/Resources/UnitySubsystems
[Subsystems] Discovering subsystems at path /home/worlesenric/wkspace/gc-studio/r7-c/games/hollowmere/Assets
Forcing GfxDevice: OpenGL Core
kGfxThreadingModeNonThreaded is not supported on OpenGL Core. Reverting to kGfxThreadingModeDirect instead.
GfxDevice: creating device client; kGfxThreadingModeDirect
GLX Extensions: GLX_ARB_context_flush_control GLX_ARB_create_context GLX_ARB_create_context_no_error GLX_ARB_create_context_profile GLX_ARB_fbconfig_float GLX_ARB_framebuffer_sRGB GLX_ARB_get_proc_address GLX_ARB_multisample GLX_EXT_create_context_es2_profile GLX_EXT_create_context_es_profile GLX_EXT_fbconfig_packed_float GLX_EXT_framebuffer_sRGB GLX_EXT_no_config_context GLX_EXT_texture_from_pixmap GLX_EXT_visual_info GLX_EXT_visual_rating GLX_MESA_copy_sub_buffer GLX_MESA_gl_interop GLX_MESA_query_renderer GLX_SGIS_multisample GLX_SGIX_fbconfig GLX_SGIX_pbuffer GLX_SGIX_visual_select_group GLX_SGI_make_current_read 
Renderer: llvmpipe (LLVM 20.1.2, 256 bits)
Vendor:   Mesa
Version:  4.5 (Core Profile) Mesa 25.2.8-0ubuntu0.24.04.2
GLES:     0
 GL_3DFX_texture_compression_FXT1 GL_AMD_conservative_depth GL_AMD_draw_buffers_blend GL_AMD_gpu_shader_int64 GL_AMD_multi_draw_indirect GL_AMD_pinned_memory GL_AMD_query_buffer_object GL_AMD_seamless_cubemap_per_texture GL_AMD_shader_stencil_export GL_AMD_shader_trinary_minmax GL_AMD_texture_texture4 GL_AMD_vertex_shader_layer GL_AMD_vertex_shader_viewport_index GL_ANGLE_texture_compression_dxt3 GL_ANGLE_texture_compression_dxt5 GL_ARB_ES2_compatibility GL_ARB_ES3_1_compatibility GL_ARB_ES3_2_compatibility GL_ARB_ES3_compatibility GL_ARB_arrays_of_arrays GL_ARB_base_instance GL_ARB_blend_func_extended GL_ARB_buffer_storage GL_ARB_clear_buffer_object GL_ARB_clear_texture GL_ARB_clip_control GL_ARB_compressed_texture_pixel_storage GL_ARB_compute_shader GL_ARB_conditional_render_inverted GL_ARB_conservative_depth GL_ARB_copy_buffer GL_ARB_copy_image GL_ARB_cull_distance GL_ARB_debug_output GL_ARB_depth_buffer_float GL_ARB_depth_clamp GL_ARB_derivative_control GL_ARB_direct_state_access GL_ARB_draw_buffers GL_A
RB_draw_buffers_blend GL_ARB_draw_elements_base_vertex GL_ARB_draw_indirect GL_ARB_draw_instanced GL_ARB_enhanced_layouts GL_ARB_explicit_attrib_location GL_ARB_explicit_uniform_location GL_ARB_fragment_coord_conventions GL_ARB_fragment_layer_viewport GL_ARB_fragment_shader GL_ARB_framebuffer_no_attachments GL_ARB_framebuffer_object GL_ARB_framebuffer_sRGB GL_ARB_get_program_binary GL_ARB_get_texture_sub_image GL_ARB_gl_spirv GL_ARB_gpu_shader5 GL_ARB_gpu_shader_fp64 GL_ARB_gpu_shader_int64 GL_ARB_half_float_pixel GL_ARB_half_float_vertex GL_ARB_indirect_parameters GL_ARB_instanced_arrays GL_ARB_internalformat_query GL_ARB_internalformat_query2 GL_ARB_invalidate_subdata GL_ARB_map_buffer_alignment GL_ARB_map_buffer_range GL_ARB_multi_bind GL_ARB_multi_draw_indirect GL_ARB_occlusion_query2 GL_ARB_parallel_shader_compile GL_ARB_pipeline_statistics_query GL_ARB_pixel_buffer_object GL_ARB_point_sprite GL_ARB_polygon_offset_clamp GL_ARB_post_depth_coverage GL_ARB_program_interface_query GL_ARB_provoking_vertex GL
_ARB_query_buffer_object GL_ARB_robust_buffer_access_behavior GL_ARB_robustness GL_ARB_sample_shading GL_ARB_sampler_objects GL_ARB_seamless_cube_map GL_ARB_seamless_cubemap_per_texture GL_ARB_separate_shader_objects GL_ARB_shader_atomic_counter_ops GL_ARB_shader_atomic_counters GL_ARB_shader_ballot GL_ARB_shader_bit_encoding GL_ARB_shader_clock GL_ARB_shader_draw_parameters GL_ARB_shader_group_vote GL_ARB_shader_image_load_store GL_ARB_shader_image_size GL_ARB_shader_objects GL_ARB_shader_precision GL_ARB_shader_stencil_export GL_ARB_shader_storage_buffer_object GL_ARB_shader_subroutine GL_ARB_shader_texture_image_samples GL_ARB_shader_texture_lod GL_ARB_shader_viewport_layer_array GL_ARB_shading_language_420pack GL_ARB_shading_language_include GL_ARB_shading_language_packing GL_ARB_spirv_extensions GL_ARB_stencil_texturing GL_ARB_sync GL_ARB_tessellation_shader GL_ARB_texture_barrier GL_ARB_texture_border_clamp GL_ARB_texture_buffer_object GL_ARB_texture_buffer_object_rgb32 GL_ARB_texture_buffer_range GL_A
RB_texture_compression_bptc GL_ARB_texture_compression_rgtc GL_ARB_texture_cube_map_array GL_ARB_texture_filter_anisotropic GL_ARB_texture_filter_minmax GL_ARB_texture_float GL_ARB_texture_gather GL_ARB_texture_mirror_clamp_to_edge GL_ARB_texture_multisample GL_ARB_texture_non_power_of_two GL_ARB_texture_query_levels GL_ARB_texture_query_lod GL_ARB_texture_rectangle GL_ARB_texture_rg GL_ARB_texture_rgb10_a2ui GL_ARB_texture_stencil8 GL_ARB_texture_storage GL_ARB_texture_storage_multisample GL_ARB_texture_swizzle GL_ARB_texture_view GL_ARB_timer_query GL_ARB_transform_feedback2 GL_ARB_transform_feedback3 GL_ARB_transform_feedback_instanced GL_ARB_transform_feedback_overflow_query GL_ARB_uniform_buffer_object GL_ARB_vertex_array_bgra GL_ARB_vertex_array_object GL_ARB_vertex_attrib_64bit GL_ARB_vertex_attrib_binding GL_ARB_vertex_buffer_object GL_ARB_vertex_shader GL_ARB_vertex_type_10f_11f_11f_rev GL_ARB_vertex_type_2_10_10_10_rev GL_ARB_viewport_array GL_ARM_shader_framebuffer_fetch_depth_stencil GL_ATI_blend
_equation_separate GL_ATI_meminfo GL_ATI_texture_float GL_ATI_texture_mirror_once GL_EXT_EGL_image_storage GL_EXT_EGL_image_storage_compression GL_EXT_EGL_sync GL_EXT_abgr GL_EXT_blend_equation_separate GL_EXT_debug_label GL_EXT_draw_buffers2 GL_EXT_draw_instanced GL_EXT_framebuffer_blit GL_EXT_framebuffer_multisample GL_EXT_framebuffer_multisample_blit_scaled GL_EXT_framebuffer_object GL_EXT_framebuffer_sRGB GL_EXT_memory_object GL_EXT_memory_object_fd GL_EXT_packed_depth_stencil GL_EXT_packed_float GL_EXT_pixel_buffer_object GL_EXT_polygon_offset_clamp GL_EXT_provoking_vertex GL_EXT_shader_clock GL_EXT_shader_framebuffer_fetch GL_EXT_shader_framebuffer_fetch_non_coherent GL_EXT_shader_image_load_formatted GL_EXT_shader_integer_mix GL_EXT_texture_array GL_EXT_texture_compression_dxt1 GL_EXT_texture_compression_rgtc GL_EXT_texture_compression_s3tc GL_EXT_texture_filter_anisotropic GL_EXT_texture_filter_minmax GL_EXT_texture_integer GL_EXT_texture_mirror_clamp GL_EXT_texture_sRGB GL_EXT_texture_sRGB_R8 GL_EXT
_texture_sRGB_RG8 GL_EXT_texture_sRGB_decode GL_EXT_texture_shadow_lod GL_EXT_texture_shared_exponent GL_EXT_texture_snorm GL_EXT_texture_storage GL_EXT_texture_swizzle GL_EXT_timer_query GL_EXT_transform_feedback GL_EXT_vertex_array_bgra GL_EXT_vertex_attrib_64bit GL_IBM_multimode_draw_arrays GL_INTEL_shader_atomic_float_minmax GL_KHR_blend_equation_advanced GL_KHR_blend_equation_advanced_coherent GL_KHR_context_flush_control GL_KHR_debug GL_KHR_no_error GL_KHR_parallel_shader_compile GL_KHR_robust_buffer_access_behavior GL_KHR_robustness GL_KHR_texture_compression_astc_ldr GL_KHR_texture_compression_astc_sliced_3d GL_MESA_framebuffer_flip_y GL_MESA_pack_invert GL_MESA_shader_integer_functions GL_MESA_texture_signed_rgba GL_NVX_gpu_memory_info GL_NV_alpha_to_coverage_dither_control GL_NV_conditional_render GL_NV_copy_image GL_NV_depth_clamp GL_NV_packed_depth_stencil GL_NV_shader_atomic_float GL_NV_texture_barrier GL_OES_EGL_image GL_OVR_multiview GL_OVR_multiview2 GL_S3_s3tc
OPENGL LOG: Creating OpenGL 4.5 graphics device ; Context level  <OpenGL 4.5> ; Context handle 1496307344
Shader Hidden/ProbeVolume/VoxelizeScene is not supported: GPU does not support conservative rasterization
Initialize mono
Mono path[0] = '/home/worlesenric/Unity/Hub/Editor/6000.0.75f1/Editor/Data/Managed'
Mono path[1] = '/home/worlesenric/Unity/Hub/Editor/6000.0.75f1/Editor/Data/MonoBleedingEdge/lib/mono/unityjit-linux'
Mono config path = '/home/worlesenric/Unity/Hub/Editor/6000.0.75f1/Editor/Data/MonoBleedingEdge/etc'
Using monoOptions --debugger-agent=transport=dt_socket,embedding=1,server=y,suspend=n,address=127.0.0.1:56437
Using cacheserver namespaces - metadata:defaultmetadata, artifacts:defaultartifacts
Using cacheserver namespaces - metadata:defaultmetadata, artifacts:defaultartifacts
ImportWorker Server TCP listen port: 0
AcceleratorClientConnectionCallback - disconnected - :0
Begin MonoManager ReloadAssembly
Registering precompiled unity dll's ...
Register platform support module: /home/worlesenric/Unity/Hub/Editor/6000.0.75f1/Editor/Data/PlaybackEngines/MacStandaloneSupport/UnityEditor.OSXStandalone.Extensions.dll
Register platform support module: /home/worlesenric/Unity/Hub/Editor/6000.0.75f1/Editor/Data/PlaybackEngines/LinuxStandaloneSupport/UnityEditor.LinuxStandalone.Extensions.dll
Registered in 0.001097 seconds.
- Loaded All Assemblies, in  0.243 seconds
Native extension for LinuxStandalone target not found
Package Manager log level set to [2]
[Licensing::Client] Successfully resolved entitlement details
Native extension for OSXStandalone target not found
Mono: successfully reloaded assembly
- Finished resetting the current domain, in 19.278 seconds
Domain Reload Profiling: 19521ms
	BeginReloadAssembly (55ms)
		ExecutionOrderSort (0ms)
		DisableScriptedObjects (0ms)
		BackupInstance (0ms)
		ReleaseScriptingObjects (0ms)
		CreateAndSetChildDomain (0ms)
	RebuildCommonClasses (28ms)
	RebuildNativeTypeToScriptingClass (6ms)
	initialDomainReloadingComplete (41ms)
	LoadAllAssembliesAndSetupDomain (112ms)
		LoadAssemblies (55ms)
		RebuildTransferFunctionScriptingTraits (0ms)
		AnalyzeDomain (110ms)
			TypeCache.Refresh (109ms)
				TypeCache.ScanAssembly (99ms)
			BuildScriptInfoCaches (0ms)
			ResolveRequiredComponents (0ms)
	FinalizeReload (19278ms)
		ReleaseScriptCaches (0ms)
		RebuildScriptCaches (0ms)
		SetupLoadedEditorAssemblies (19252ms)
			LogAssemblyErrors (0ms)
			InitializePlatformSupportModulesInManaged (19063ms)
			SetLoadedEditorAssemblies (4ms)
			BeforeProcessingInitializeOnLoad (49ms)
			ProcessInitializeOnLoadAttributes (98ms)
			ProcessInitializeOnLoadMethodAttributes (39ms)
			AfterProcessingInitializeOnLoad (0ms)
			EditorAssembliesLoaded (0ms)
		ExecutionOrderSort2 (0ms)
		AwakeInstancesAfterBackupRestoration (0ms)
[Licensing::Client] Successfully resolved entitlement details
Application.AssetDatabase Initial Refresh Start
[Package Manager] Restoring resolved packages state from cache
[Licensing::Client] Successfully resolved entitlement details
[Package Manager] Registered 76 packages:
  Packages from [https://packages.unity.com]:
    com.unity.ai.navigation@2.0.12 (location: /home/worlesenric/wkspace/gc-studio/r7-c/games/hollowmere/Library/PackageCache/com.unity.ai.navigation@734c2c4c5591)
    com.unity.burst@1.8.28 (location: /home/worlesenric/wkspace/gc-studio/r7-c/games/hollowmere/Library/PackageCache/com.unity.burst@07790c2d06d9)
    com.unity.collections@2.6.6 (location: /home/worlesenric/wkspace/gc-studio/r7-c/games/hollowmere/Library/PackageCache/com.unity.collections@9796e5ee0d9e)
    com.unity.entities@1.4.6 (location: /home/worlesenric/wkspace/gc-studio/r7-c/games/hollowmere/Library/PackageCache/com.unity.entities@e90944159b94)
    com.unity.inputsystem@1.19.0 (location: /home/worlesenric/wkspace/gc-studio/r7-c/games/hollowmere/Library/PackageCache/com.unity.inputsystem@21a28c3a6c83)
    com.unity.mathematics@1.3.2 (location: /home/worlesenric/wkspace/gc-studio/r7-c/games/hollowmere/Library/PackageCache/com.unity.mathematics@8017b507cc74)
    com.unity.nuget.newtonsoft-json@3.2.1 (location: /home/worlesenric/wkspace/gc-studio/r7-c/games/hollowmere/Library/PackageCache/com.unity.nuget.newtonsoft-json@74deb55db2a0)
    com.unity.toolchain.linux-x86_64@2.0.11 (location: /home/worlesenric/wkspace/gc-studio/r7-c/games/hollowmere/Library/PackageCache/com.unity.toolchain.linux-x86_64@53b88ff74b51)
    com.unity.sysroot@2.0.10 (location: /home/worlesenric/wkspace/gc-studio/r7-c/games/hollowmere/Library/PackageCache/com.unity.sysroot@7bbbb9339c14)
    com.unity.sysroot.linux-x86_64@2.0.9 (location: /home/worlesenric/wkspace/gc-studio/r7-c/games/hollowmere/Library/PackageCache/com.unity.sysroot.linux-x86_64@1998d1c7730e)
    com.unity.serialization@3.1.5 (location: /home/worlesenric/wkspace/gc-studio/r7-c/games/hollowmere/Library/PackageCache/com.unity.serialization@c463b52e88d7)
    com.unity.profiling.core@1.0.3 (location: /home/worlesenric/wkspace/gc-studio/r7-c/games/hollowmere/Library/PackageCache/com.unity.profiling.core@8a49f7027d06)
    com.unity.nuget.mono-cecil@1.11.6 (location: /home/worlesenric/wkspace/gc-studio/r7-c/games/hollowmere/Library/PackageCache/com.unity.nuget.mono-cecil@ecb9724e46ff)
    com.unity.scriptablebuildpipeline@2.6.1 (location: /home/worlesenric/wkspace/gc-studio/r7-c/games/hollowmere/Library/PackageCache/com.unity.scriptablebuildpipeline@36e3b5898ee2)
    com.unity.test-framework.performance@3.4.0 (location: /home/worlesenric/wkspace/gc-studio/r7-c/games/hollowmere/Library/PackageCache/com.unity.test-framework.performance@aa81a99c4a75)
    com.unity.searcher@4.9.3 (location: /home/worlesenric/wkspace/gc-studio/r7-c/games/hollowmere/Library/PackageCache/com.unity.searcher@1e17ce91558d)
  Built-in packages:
    com.unity.modules.ai@1.0.0 (location: /home/worlesenric/wkspace/gc-studio/r7-c/games/hollowmere/Library/PackageCache/com.unity.modules.ai)
    com.unity.modules.animation@1.0.0 (location: /home/worlesenric/wkspace/gc-studio/r7-c/games/hollowmere/Library/PackageCache/com.unity.modules.animation)
    com.unity.modules.audio@1.0.0 (location: /home/worlesenric/wkspace/gc-studio/r7-c/games/hollowmere/Library/PackageCache/com.unity.modules.audio)
    com.unity.modules.imageconversion@1.0.0 (location: /home/worlesenric/wkspace/gc-studio/r7-c/games/hollowmere/Library/PackageCache/com.unity.modules.imageconversion)
    com.unity.modules.imgui@1.0.0 (location: /home/worlesenric/wkspace/gc-studio/r7-c/games/hollowmere/Library/PackageCache/com.unity.modules.imgui)
    com.unity.modules.jsonserialize@1.0.0 (location: /home/worlesenric/wkspace/gc-studio/r7-c/games/hollowmere/Library/PackageCache/com.unity.modules.jsonserialize)
    com.unity.modules.physics@1.0.0 (location: /home/worlesenric/wkspace/gc-studio/r7-c/games/hollowmere/Library/PackageCache/com.unity.modules.physics)
    com.unity.modules.screencapture@1.0.0 (location: /home/worlesenric/wkspace/gc-studio/r7-c/games/hollowmere/Library/PackageCache/com.unity.modules.screencapture)
    com.unity.modules.ui@1.0.0 (location: /home/worlesenric/wkspace/gc-studio/r7-c/games/hollowmere/Library/PackageCache/com.unity.modules.ui)
    com.unity.modules.uielements@1.0.0 (location: /home/worlesenric/wkspace/gc-studio/r7-c/games/hollowmere/Library/PackageCache/com.unity.modules.uielements)
    com.unity.modules.unitywebrequest@1.0.0 (location: /home/worlesenric/wkspace/gc-studio/r7-c/games/hollowmere/Library/PackageCache/com.unity.modules.unitywebrequest)
    com.unity.modules.video@1.0.0 (location: /home/worlesenric/wkspace/gc-studio/r7-c/games/hollowmere/Library/PackageCache/com.unity.modules.video)
    com.unity.render-pipelines.universal@17.0.4 (location: /home/worlesenric/wkspace/gc-studio/r7-c/games/hollowmere/Library/PackageCache/com.unity.render-pipelines.universal@a1a2df1d8dcb)
    com.unity.test-framework@1.6.0 (location: /home/worlesenric/wkspace/gc-studio/r7-c/games/hollowmere/Library/PackageCache/com.unity.test-framework@bd52b1c23814)
    com.unity.ext.nunit@2.0.5 (location: /home/worlesenric/wkspace/gc-studio/r7-c/games/hollowmere/Library/PackageCache/com.unity.ext.nunit@b16e6d09cd93)
    com.unity.render-pipelines.core@17.0.4 (location: /home/worlesenric/wkspace/gc-studio/r7-c/games/hollowmere/Library/PackageCache/com.unity.render-pipelines.core@2fecbe5ecc80)
    com.unity.shadergraph@17.0.4 (location: /home/worlesenric/wkspace/gc-studio/r7-c/games/hollowmere/Library/PackageCache/com.unity.shadergraph@029994c473dc)
    com.unity.render-pipelines.universal-config@17.0.3 (location: /home/worlesenric/wkspace/gc-studio/r7-c/games/hollowmere/Library/PackageCache/com.unity.render-pipelines.universal-config@e48fefd716b5)
    com.unity.modules.hierarchycore@1.0.0 (location: /home/worlesenric/wkspace/gc-studio/r7-c/games/hollowmere/Library/PackageCache/com.unity.modules.hierarchycore)
    com.unity.modules.assetbundle@1.0.0 (location: /home/worlesenric/wkspace/gc-studio/r7-c/games/hollowmere/Library/PackageCache/com.unity.modules.assetbundle)
    com.unity.modules.unityanalytics@1.0.0 (location: /home/worlesenric/wkspace/gc-studio/r7-c/games/hollowmere/Library/PackageCache/com.unity.modules.unityanalytics)
    com.unity.ugui@2.0.0 (location: /home/worlesenric/wkspace/gc-studio/r7-c/games/hollowmere/Library/PackageCache/com.unity.ugui@a477a4a18974)
    com.unity.modules.terrain@1.0.0 (location: /home/worlesenric/wkspace/gc-studio/r7-c/games/hollowmere/Library/PackageCache/com.unity.modules.terrain)
    com.unity.rendering.light-transport@1.0.1 (location: /home/worlesenric/wkspace/gc-studio/r7-c/games/hollowmere/Library/PackageCache/com.unity.rendering.light-transport@fd597d1a9e15)
  Local packages:
    com.gamecore.composition@file:/home/worlesenric/wkspace/gc-studio/r7-c/Packages/com.gamecore.composition (location: /home/worlesenric/wkspace/gc-studio/r7-c/Packages/com.gamecore.composition)
    com.gamecore.content.compiler@file:/home/worlesenric/wkspace/gc-studio/r7-c/Packages/com.gamecore.content.compiler (location: /home/worlesenric/wkspace/gc-studio/r7-c/Packages/com.gamecore.content.compiler)
    com.gamecore.contracts@file:/home/worlesenric/wkspace/gc-studio/r7-c/Packages/com.gamecore.contracts (location: /home/worlesenric/wkspace/gc-studio/r7-c/Packages/com.gamecore.contracts)
    com.gamecore.derivation@file:/home/worlesenric/wkspace/gc-studio/r7-c/Packages/com.gamecore.derivation (location: /home/worlesenric/wkspace/gc-studio/r7-c/Packages/com.gamecore.derivation)
    com.gamecore.gameplay.audio@file:/home/worlesenric/wkspace/gc-studio/r7-c/Packages/com.gamecore.gameplay.audio (location: /home/worlesenric/wkspace/gc-studio/r7-c/Packages/com.gamecore.gameplay.audio)
    com.gamecore.gameplay.cards@file:/home/worlesenric/wkspace/gc-studio/r7-c/Packages/com.gamecore.gameplay.cards (location: /home/worlesenric/wkspace/gc-studio/r7-c/Packages/com.gamecore.gameplay.cards)
    com.gamecore.gameplay.compile@file:/home/worlesenric/wkspace/gc-studio/r7-c/Packages/com.gamecore.gameplay.compile (location: /home/worlesenric/wkspace/gc-studio/r7-c/Packages/com.gamecore.gameplay.compile)
    com.gamecore.gameplay.contracts@file:/home/worlesenric/wkspace/gc-studio/r7-c/Packages/com.gamecore.gameplay.contracts (location: /home/worlesenric/wkspace/gc-studio/r7-c/Packages/com.gamecore.gameplay.contracts)
    com.gamecore.gameplay.dialogue@file:/home/worlesenric/wkspace/gc-studio/r7-c/Packages/com.gamecore.gameplay.dialogue (location: /home/worlesenric/wkspace/gc-studio/r7-c/Packages/com.gamecore.gameplay.dialogue)
    com.gamecore.gameplay.entities@file:/home/worlesenric/wkspace/gc-studio/r7-c/Packages/com.gamecore.gameplay.entities (location: /home/worlesenric/wkspace/gc-studio/r7-c/Packages/com.gamecore.gameplay.entities)
    com.gamecore.gameplay.integration@file:/home/worlesenric/wkspace/gc-studio/r7-c/Packages/com.gamecore.gameplay.integration (location: /home/worlesenric/wkspace/gc-studio/r7-c/Packages/com.gamecore.gameplay.integration)
    com.gamecore.gameplay.interaction@file:/home/worlesenric/wkspace/gc-studio/r7-c/Packages/com.gamecore.gameplay.interaction (location: /home/worlesenric/wkspace/gc-studio/r7-c/Packages/com.gamecore.gameplay.interaction)
    com.gamecore.gameplay.inventory@file:/home/worlesenric/wkspace/gc-studio/r7-c/Packages/com.gamecore.gameplay.inventory (location: /home/worlesenric/wkspace/gc-studio/r7-c/Packages/com.gamecore.gameplay.inventory)
    com.gamecore.gameplay.logic@file:/home/worlesenric/wkspace/gc-studio/r7-c/Packages/com.gamecore.gameplay.logic (location: /home/worlesenric/wkspace/gc-studio/r7-c/Packages/com.gamecore.gameplay.logic)
    com.gamecore.gameplay.narrative@file:/home/worlesenric/wkspace/gc-studio/r7-c/Packages/com.gamecore.gameplay.narrative (location: /home/worlesenric/wkspace/gc-studio/r7-c/Packages/com.gamecore.gameplay.narrative)
    com.gamecore.gameplay.npc@file:/home/worlesenric/wkspace/gc-studio/r7-c/Packages/com.gamecore.gameplay.npc (location: /home/worlesenric/wkspace/gc-studio/r7-c/Packages/com.gamecore.gameplay.npc)
    com.gamecore.gameplay.player@file:/home/worlesenric/wkspace/gc-studio/r7-c/Packages/com.gamecore.gameplay.player (location: /home/worlesenric/wkspace/gc-studio/r7-c/Packages/com.gamecore.gameplay.player)
    com.gamecore.gameplay.quest@file:/home/worlesenric/wkspace/gc-studio/r7-c/Packages/com.gamecore.gameplay.quest (location: /home/worlesenric/wkspace/gc-studio/r7-c/Packages/com.gamecore.gameplay.quest)
    com.gamecore.gameplay.rewards@file:/home/worlesenric/wkspace/gc-studio/r7-c/Packages/com.gamecore.gameplay.rewards (location: /home/worlesenric/wkspace/gc-studio/r7-c/Packages/com.gamecore.gameplay.rewards)
    com.gamecore.gameplay.save@file:/home/worlesenric/wkspace/gc-studio/r7-c/Packages/com.gamecore.gameplay.save (location: /home/worlesenric/wkspace/gc-studio/r7-c/Packages/com.gamecore.gameplay.save)
    com.gamecore.gameplay.traversal@file:/home/worlesenric/wkspace/gc-studio/r7-c/Packages/com.gamecore.gameplay.traversal (location: /home/worlesenric/wkspace/gc-studio/r7-c/Packages/com.gamecore.gameplay.traversal)
    com.gamecore.gameplay.ui@file:/home/worlesenric/wkspace/gc-studio/r7-c/Packages/com.gamecore.gameplay.ui (location: /home/worlesenric/wkspace/gc-studio/r7-c/Packages/com.gamecore.gameplay.ui)
    com.gamecore.gameplay.world@file:/home/worlesenric/wkspace/gc-studio/r7-c/Packages/com.gamecore.gameplay.world (location: /home/worlesenric/wkspace/gc-studio/r7-c/Packages/com.gamecore.gameplay.world)
    com.gamecore.planning@file:/home/worlesenric/wkspace/gc-studio/r7-c/Packages/com.gamecore.planning (location: /home/worlesenric/wkspace/gc-studio/r7-c/Packages/com.gamecore.planning)
    com.gamecore.rules.cards@file:/home/worlesenric/wkspace/gc-studio/r7-c/Packages/com.gamecore.rules.cards (location: /home/worlesenric/wkspace/gc-studio/r7-c/Packages/com.gamecore.rules.cards)
    com.gamecore.rules.gameplay@file:/home/worlesenric/wkspace/gc-studio/r7-c/Packages/com.gamecore.rules.gameplay (location: /home/worlesenric/wkspace/gc-studio/r7-c/Packages/com.gamecore.rules.gameplay)
    com.gamecore.rules.narrative@file:/home/worlesenric/wkspace/gc-studio/r7-c/Packages/com.gamecore.rules.narrative (location: /home/worlesenric/wkspace/gc-studio/r7-c/Packages/com.gamecore.rules.narrative)
    com.gamecore.rules.traversal@file:/home/worlesenric/wkspace/gc-studio/r7-c/Packages/com.gamecore.rules.traversal (location: /home/worlesenric/wkspace/gc-studio/r7-c/Packages/com.gamecore.rules.traversal)
    com.gamecore.studio.core@file:/home/worlesenric/wkspace/gc-studio/r7-c/Packages/com.gamecore.studio.core (location: /home/worlesenric/wkspace/gc-studio/r7-c/Packages/com.gamecore.studio.core)
    com.gamecore.studio.etos@file:/home/worlesenric/wkspace/gc-studio/r7-c/Packages/com.gamecore.studio.etos (location: /home/worlesenric/wkspace/gc-studio/r7-c/Packages/com.gamecore.studio.etos)
    com.gamecore.studio.gameplay@file:/home/worlesenric/wkspace/gc-studio/r7-c/Packages/com.gamecore.studio.gameplay (location: /home/worlesenric/wkspace/gc-studio/r7-c/Packages/com.gamecore.studio.gameplay)
    com.gamecore.studio.ui@file:/home/worlesenric/wkspace/gc-studio/r7-c/Packages/com.gamecore.studio.ui (location: /home/worlesenric/wkspace/gc-studio/r7-c/Packages/com.gamecore.studio.ui)
    com.gamecore.studio.views@file:/home/worlesenric/wkspace/gc-studio/r7-c/Packages/com.gamecore.studio.views (location: /home/worlesenric/wkspace/gc-studio/r7-c/Packages/com.gamecore.studio.views)
    com.gamecore.unity.adapters@file:/home/worlesenric/wkspace/gc-studio/r7-c/Packages/com.gamecore.unity.adapters (location: /home/worlesenric/wkspace/gc-studio/r7-c/Packages/com.gamecore.unity.adapters)
    com.gamecore.unity.app@file:/home/worlesenric/wkspace/gc-studio/r7-c/Packages/com.gamecore.unity.app (location: /home/worlesenric/wkspace/gc-studio/r7-c/Packages/com.gamecore.unity.app)
    com.gamecore.unity.runtime@file:/home/worlesenric/wkspace/gc-studio/r7-c/Packages/com.gamecore.unity.runtime (location: /home/worlesenric/wkspace/gc-studio/r7-c/Packages/com.gamecore.unity.runtime)
[Subsystems] No new subsystems found in resolved package list.
[Package Manager] Done registering packages in 0.00 seconds
A meta data file (.meta) exists but its folder 'Packages/com.gamecore.studio.gameplay/Tests~' can't be found, and has been created. Empty directories cannot be stored in version control, so it's assumed that the meta data file is for an empty directory in version control. When moving or deleting folders outside of Unity, please ensure that the corresponding .meta file is moved or deleted along with it.
Assembly reference Packages/com.unity.entities/Unity.Scenes.Editor/Internals/Properties/Unity.Properties.Internals.asmref has no target assembly definition
Assembly reference Packages/com.unity.entities/Unity.Scenes.Editor/Internals/Properties/Unity.Properties.Internals.asmref has no target assembly definition
[40m[32minfo[39m[22m[49m: Microsoft.Hosting.Lifetime[14]
      Now listening on: http://unix:/tmp/ilpp.sock-c5b418cdfdfcc398dd1272b3c4f695f6
[40m[32minfo[39m[22m[49m: Microsoft.Hosting.Lifetime[0]
      Application started. Press Ctrl+C to shut down.
[40m[32minfo[39m[22m[49m: Microsoft.Hosting.Lifetime[0]
      Hosting environment: Production
[40m[32minfo[39m[22m[49m: Microsoft.Hosting.Lifetime[0]
      Content root path: /home/worlesenric/wkspace/gc-studio/r7-c/games/hollowmere/
[40m[32minfo[39m[22m[49m: Microsoft.AspNetCore.Hosting.Diagnostics[1]
      Request starting HTTP/2 POST http://ilpp/UnityILPP.PostProcessing/Ping application/grpc -
[40m[32minfo[39m[22m[49m: Microsoft.AspNetCore.Routing.EndpointMiddleware[0]
      Executing endpoint 'gRPC - /UnityILPP.PostProcessing/Ping'
[40m[32minfo[39m[22m[49m: Microsoft.AspNetCore.Routing.EndpointMiddleware[1]
      Executed endpoint 'gRPC - /UnityILPP.PostProcessing/Ping'
[40m[32minfo[39m[22m[49m: Microsoft.AspNetCore.Hosting.Diagnostics[2]
      Request finished HTTP/2 POST http://ilpp/UnityILPP.PostProcessing/Ping application/grpc - - 200 - application/grpc 31.2818ms
Starting: /home/worlesenric/Unity/Hub/Editor/6000.0.75f1/Editor/Data/bee_backend --ipc --defer-dag-verification --dagfile="Library/Bee/2400b0aE.dag" --continue-on-failure --profile="Library/Bee/backend1.traceevents" ScriptAssemblies
WorkingDir: /home/worlesenric/wkspace/gc-studio/r7-c/games/hollowmere
[40m[32minfo[39m[22m[49m: Microsoft.AspNetCore.Hosting.Diagnostics[1]
      Request starting HTTP/2 POST http://ilpp/UnityILPP.PostProcessing/ConfigurePostProcessors application/grpc -
[40m[32minfo[39m[22m[49m: Microsoft.AspNetCore.Routing.EndpointMiddleware[0]
      Executing endpoint 'gRPC - /UnityILPP.PostProcessing/ConfigurePostProcessors'
[40m[1m[33mwarn[39m[22m[49m: Unity.ILPP.Runner.PostProcessingAssemblyLoadContext[0]
      Assembly system.runtime.interopservices.windowsruntime has duplicate hint path. Ignoring "/home/worlesenric/Unity/Hub/Editor/6000.0.75f1/Editor/Data/UnityReferenceAssemblies/unity-4.8-api/Facades/System.Runtime.InteropServices.WindowsRuntime.dll" in favor of "/home/worlesenric/Unity/Hub/Editor/6000.0.75f1/Editor/Data/NetStandard/Extensions/2.0.0/System.Runtime.InteropServices.WindowsRuntime.dll"
[40m[1m[33mwarn[39m[22m[49m: Unity.ILPP.Runner.PostProcessingAssemblyLoadContext[0]
      Assembly system.componentmodel.composition has duplicate hint path. Ignoring "/home/worlesenric/Unity/Hub/Editor/6000.0.75f1/Editor/Data/UnityReferenceAssemblies/unity-4.8-api/System.ComponentModel.Composition.dll" in favor of "/home/worlesenric/Unity/Hub/Editor/6000.0.75f1/Editor/Data/NetStandard/compat/2.1.0/shims/netfx/System.ComponentModel.Composition.dll"
[40m[32minfo[39m[22m[49m: Unity.ILPP.Runner.PostProcessingAssemblyLoadContext[0]
      Resolved Unity.Burst.Cecil, Version=0.11.4.0, Culture=neutral, PublicKeyToken=50cebf1cceb9d05e with Library/PackageCache/com.unity.burst@07790c2d06d9/Unity.Burst.CodeGen/Unity.Burst.Cecil.dll
[40m[32minfo[39m[22m[49m: Unity.ILPP.Runner.PostProcessingAssemblyLoadContext[0]
      Resolved Mono.Cecil, Version=0.11.5.0, Culture=neutral, PublicKeyToken=50cebf1cceb9d05e with Library/PackageCache/com.unity.nuget.mono-cecil@ecb9724e46ff/Mono.Cecil.dll
[40m[32minfo[39m[22m[49m: Unity.ILPP.Runner.PostProcessingAssemblyLoadContext[0]
      Resolved Unity.Entities, Version=0.0.0.0, Culture=neutral, PublicKeyToken=null with Library/Bee/artifacts/2400b0aE.dag/Unity.Entities.dll
[40m[32minfo[39m[22m[49m: Microsoft.AspNetCore.Routing.EndpointMiddleware[1]
      Executed endpoint 'gRPC - /UnityILPP.PostProcessing/ConfigurePostProcessors'
[40m[32minfo[39m[22m[49m: Microsoft.AspNetCore.Hosting.Diagnostics[2]
      Request finished HTTP/2 POST http://ilpp/UnityILPP.PostProcessing/ConfigurePostProcessors application/grpc - - 200 - application/grpc 41.8133ms
DisplayProgressbar: Compiling Scripts
ExitCode: 0 Duration: 0s310ms
[1376/1953  0s] ILPP-Configuration Library/ilpp-configuration.nevergeneratedoutput
*** Tundra build success (0.29 seconds), 1 items updated, 1953 evaluated
AssetDatabase: script compilation time: 0.727142s
A meta data file (.meta) exists but its folder 'Packages/com.gamecore.studio.gameplay/Tests~' can't be found, and has been created. Empty directories cannot be stored in version control, so it's assumed that the meta data file is for an empty directory in version control. When moving or deleting folders outside of Unity, please ensure that the corresponding .meta file is moved or deleted along with it.
Begin MonoManager ReloadAssembly
Total cache size 268434538
Total cache size after purge 268434538, took 00:00:00.1973948
Symbol file LoadedFromMemory is not a mono symbol file
- Loaded All Assemblies, in  0.664 seconds
A meta data file (.meta) exists but its folder 'Packages/com.gamecore.studio.gameplay/Tests~' can't be found, and has been created. Empty directories cannot be stored in version control, so it's assumed that the meta data file is for an empty directory in version control. When moving or deleting folders outside of Unity, please ensure that the corresponding .meta file is moved or deleted along with it.
Refreshing native plugins compatible for Editor in 0.22 ms, found 1 plugins.
Native extension for LinuxStandalone target not found
Native extension for OSXStandalone target not found
Assembly reference Packages/com.unity.entities/Unity.Scenes.Editor/Internals/Properties/Unity.Properties.Internals.asmref has no target assembly definition
TypeManager.Initialize took: 366ms
Mono: successfully reloaded assembly
- Finished resetting the current domain, in  3.634 seconds
Domain Reload Profiling: 4291ms
	BeginReloadAssembly (144ms)
		ExecutionOrderSort (0ms)
		DisableScriptedObjects (23ms)
		BackupInstance (0ms)
		ReleaseScriptingObjects (0ms)
		CreateAndSetChildDomain (35ms)
	RebuildCommonClasses (34ms)
	RebuildNativeTypeToScriptingClass (8ms)
	initialDomainReloadingComplete (27ms)
	LoadAllAssembliesAndSetupDomain (443ms)
		LoadAssemblies (247ms)
		RebuildTransferFunctionScriptingTraits (0ms)
		AnalyzeDomain (246ms)
			TypeCache.Refresh (156ms)
				TypeCache.ScanAssembly (140ms)
			BuildScriptInfoCaches (79ms)
			ResolveRequiredComponents (9ms)
	FinalizeReload (3635ms)
		ReleaseScriptCaches (0ms)
		RebuildScriptCaches (0ms)
		SetupLoadedEditorAssemblies (3400ms)
			LogAssemblyErrors (0ms)
			InitializePlatformSupportModulesInManaged (51ms)
			SetLoadedEditorAssemblies (7ms)
			BeforeProcessingInitializeOnLoad (157ms)
			ProcessInitializeOnLoadAttributes (2989ms)
			ProcessInitializeOnLoadMethodAttributes (193ms)
			AfterProcessingInitializeOnLoad (3ms)
			EditorAssembliesLoaded (0ms)
		ExecutionOrderSort2 (0ms)
		AwakeInstancesAfterBackupRestoration (7ms)
A meta data file (.meta) exists but its folder 'Packages/com.gamecore.studio.gameplay/Tests~' can't be found, and has been created. Empty directories cannot be stored in version control, so it's assumed that the meta data file is for an empty directory in version control. When moving or deleting folders outside of Unity, please ensure that the corresponding .meta file is moved or deleted along with it.
Start importing Assets/Hollowmere/Audio/Definitions/HollowmereAudioBank.asset using Guid(eaac588c23d3105748e359b0e33c5e6b) (NativeFormatImporter)Refreshing native plugins compatible for Editor in 0.27 ms, found 1 plugins.
Preloading 0 native plugins for Editor in 0.00 ms.
 -> (artifact id: 'fb0385be7e332a83f7132b32c4a5ff57') in 0.056194242 seconds
A meta data file (.meta) exists but its folder 'Packages/com.gamecore.studio.gameplay/Tests~' can't be found, and has been created. Empty directories cannot be stored in version control, so it's assumed that the meta data file is for an empty directory in version control. When moving or deleting folders outside of Unity, please ensure that the corresponding .meta file is moved or deleted along with it.
Refreshing native plugins compatible for Editor in 0.28 ms, found 1 plugins.
Preloading 0 native plugins for Editor in 0.00 ms.
Asset Pipeline Refresh (id=0c4a139380623c3ab8cdf2b98ed2cc7d): Total: 6.494 seconds - Initiated by InitialRefreshV2(ForceSynchronousImport)
	Summary:
		Imports: total=0 (actual=0, local cache=0, cache server=0)
		Asset DB Process Time: managed=2 ms, native=4686 ms
		Asset DB Callback time: managed=352 ms, native=8 ms
		Scripting: domain reloads=1, domain reload time=665 ms, compile time=729 ms, other=49 ms
		Project Asset Count: scripts=1807, non-scripts=2649
		Asset File Changes: new=0, changed=1, moved=0, deleted=0
		Scan Filter Count: 1
	InvokeCustomDependenciesCallbacks: 0.003ms
	InvokePackagesCallback: 7.026ms
	ApplyChangesToAssetFolders: 0.533ms
	Scan: 732.692ms
	OnSourceAssetsModified: 0.676ms
	CategorizeAssetsWithTransientArtifact: 29.412ms
	ProcessAssetsWithTransientArtifactChanges: 57.148ms
	CategorizeAssets: 51.026ms
	ImportOutOfDateAssets: 3707.501ms (2911.681ms without children)
		ImportManagerImport: 62.823ms (6.438ms without children)
			ImportInProcess: 56.385ms
		CompileScripts: 728.781ms
		ReloadNativeAssets: 0.050ms
		UnloadImportedAssets: 1.894ms
		ReloadImportedAssets: 0.000ms
		EnsureUptoDateAssetsAreRegisteredWithGuidPM: 1.356ms
		InitializingProgressBar: 0.007ms
		PostProcessAllAssetNotificationsAddChangedAssets: 0.000ms
		OnDemandSchedulerStart: 0.908ms
	PostProcessAllAssets: 353.280ms
	Hotreload: 1.738ms
	GatherAllCurrentPrimaryArtifactRevisions: 0.000ms
	UnloadStreamsBegin: 1.269ms
	PersistCurrentRevisions: 0.253ms
	UnloadStreamsEnd: 0.001ms
	GenerateScriptTypeHashes: 3.340ms
	Untracked: 1551.327ms

Application.AssetDatabase Initial Refresh End
Scanning for USB devices : 1.072ms
Initializing Unity extensions:
UpdateMenuTitleForLanguage: 10
[MODES] ModeService[none].Initialize
[MODES] ModeService[none].LoadModes
[MODES] Loading mode Default (0) for mode-current-id-Hollowmere
Unloading 16 Unused Serialized files (Serialized files now loaded: 0)
Unloading 6116 unused Assets / (6.8 MB). Loaded Objects now: 6801.
Memory consumption went from 190.2 MB to 183.4 MB.
Total: 16.455161 ms (FindLiveObjects: 0.508116 ms CreateObjectMapping: 0.600433 ms MarkObjects: 10.698139 ms  DeleteObjects: 4.647127 ms)


(Unity:4183437): GLib-GObject-CRITICAL **: 05:53:31.722: g_object_unref: assertion 'G_IS_OBJECT (object)' failed

(Unity:4183437): GLib-GObject-CRITICAL **: 05:53:31.722: g_object_unref: assertion 'G_IS_OBJECT (object)' failed

(Unity:4183437): GLib-GObject-CRITICAL **: 05:53:31.722: g_object_unref: assertion 'G_IS_OBJECT (object)' failed
Disable old input system
[Project] Loading completed in 27.148 seconds
	Project init time: 				26.775 seconds
		Template init time: 		0.000 seconds
		Package Manager init time: 		0.140 seconds
		Asset Database init time: 		0.278 seconds
		Global illumination init time: 	0.002 seconds
		Assemblies load time: 			19.531 seconds
		Unity extensions init time: 	0.008 seconds
		Asset Database refresh time: 	6.494 seconds
	Scene opening time: 			0.192 seconds
##utp:{"type": "ProjectInfo", "version": 2, "phase": "Immediate", "time": 1791323611724, "processId": 4183437, "projectLoad": 27.148029172, "projectInit": 26.775157847, "templateInit": 0.0, "packageManagerInit": 0.140191163, "assetDatabaseInit": 0.277627769, "globalIlluminationInit": 0.002085578, "assembliesLoad": 19.531126846, "unityExtensionsInit": 0.008053694, "assetDatabaseRefresh": 6.493934367, "sceneOpening": 0.192463014}
##utp:{"type": "EditorInfo", "version": 2, "phase": "Immediate", "time": 1791323611724, "processId": 4183437, "editorVersion": "6000.0.75f1 (26349cd2a5c8)", "branch": "6000.0/staging", "buildType": "Release", "platform": "Linux"}
A meta data file (.meta) exists but its folder 'Packages/com.gamecore.studio.gameplay/Tests~' can't be found, and has been created. Empty directories cannot be stored in version control, so it's assumed that the meta data file is for an empty directory in version control. When moving or deleting folders outside of Unity, please ensure that the corresponding .meta file is moved or deleted along with it.
A meta data file (.meta) exists but its folder 'Packages/com.gamecore.studio.gameplay/Tests~' can't be found, and has been created. Empty directories cannot be stored in version control, so it's assumed that the meta data file is for an empty directory in version control. When moving or deleting folders outside of Unity, please ensure that the corresponding .meta file is moved or deleted along with it.
Asset Pipeline Refresh (id=b70617b03f0a448f69316dbe6fec68cd): Total: 0.443 seconds - Initiated by RefreshV2(ForceSynchronousImport)
	Summary:
		Imports: total=0 (actual=0, local cache=0, cache server=0)
		Asset DB Process Time: managed=0 ms, native=442 ms
		Asset DB Callback time: managed=0 ms, native=0 ms
		Scripting: domain reloads=0, domain reload time=0 ms, compile time=0 ms, other=0 ms
		Project Asset Count: scripts=1807, non-scripts=2649
		Asset File Changes: new=0, changed=0, moved=0, deleted=0
		Scan Filter Count: 1
	InvokeCustomDependenciesCallbacks: 0.001ms
	InvokePackagesCallback: 2.235ms
	ApplyChangesToAssetFolders: 0.289ms
	Scan: 390.872ms
	OnSourceAssetsModified: 0.001ms
	CategorizeAssetsWithTransientArtifact: 0.002ms
	ProcessAssetsWithTransientArtifactChanges: 0.156ms
	CategorizeAssets: 39.854ms
	ImportOutOfDateAssets: 1.790ms (0.334ms without children)
		CompileScripts: 0.054ms
		ReloadNativeAssets: 0.035ms
		UnloadImportedAssets: 0.153ms
		EnsureUptoDateAssetsAreRegisteredWithGuidPM: 0.670ms
		InitializingProgressBar: 0.000ms
		PostProcessAllAssetNotificationsAddChangedAssets: 0.000ms
		OnDemandSchedulerStart: 0.543ms
	GatherAllCurrentPrimaryArtifactRevisions: 0.242ms
	UnloadStreamsBegin: 0.065ms
	PersistCurrentRevisions: 0.246ms
	UnloadStreamsEnd: 0.001ms
	Untracked: 7.196ms

A meta data file (.meta) exists but its folder 'Packages/com.gamecore.studio.gameplay/Tests~' can't be found, and has been created. Empty directories cannot be stored in version control, so it's assumed that the meta data file is for an empty directory in version control. When moving or deleting folders outside of Unity, please ensure that the corresponding .meta file is moved or deleted along with it.
Asset Pipeline Refresh (id=4eb7d65d3ca3cc20d9c623ab5111c771): Total: 0.195 seconds - Initiated by RefreshV2(NoUpdateAssetOptions)
Shader Hidden/ProbeVolume/VoxelizeScene is not supported: GPU does not support conservative rasterization
AutoLocale: current locale expects 'C' but got 'en_US.UTF-8'Launched and connected shader compiler UnityShaderCompiler after 0.03 seconds
Running tests for ExecutionSettings with details:
targetPlatform = 
playerHeartbeatTimeout = 600
filters[0] = 
   Filter with settings:
   testMode = PlayMode
   targetPlatform = 
   testNames = null
   groupNames = FullQuestHeadless
   categoryNames = null
   assemblyNames = null
ignoreTests = {}
featureFlags = null

UnityEngine.Debug:ExtractStackTraceNoAlloc (byte*,int,string)
UnityEngine.StackTraceUtility:ExtractStackTrace () (at /home/bokken/build/output/unity/unity/Runtime/Export/Scripting/StackTrace.cs:35)
UnityEngine.DebugLogHandler:Internal_Log (UnityEngine.LogType,UnityEngine.LogOption,string,UnityEngine.Object)
UnityEngine.DebugLogHandler:LogFormat (UnityEngine.LogType,UnityEngine.Object,string,object[])
UnityEngine.Logger:Log (UnityEngine.LogType,object)
UnityEngine.Debug:Log (object)
UnityEditor.TestTools.TestRunner.CommandLineTest.Executer:InitializeAndExecuteRun (string[]) (at ./Library/PackageCache/com.unity.test-framework@bd52b1c23814/UnityEditor.TestRunner/CommandLineTest/Executer.cs:53)
UnityEditor.TestTools.TestRunner.CommandLineTest.TestStarter:InitializeAndExecuteRun () (at ./Library/PackageCache/com.unity.test-framework@bd52b1c23814/UnityEditor.TestRunner/CommandLineTest/TestStarter.cs:64)
UnityEditor.EditorApplication:Internal_CallUpdateFunctions () (at /home/bokken/build/output/unity/unity/Editor/Mono/EditorApplication.cs:384)

(Filename: ./Library/PackageCache/com.unity.test-framework@bd52b1c23814/UnityEditor.TestRunner/CommandLineTest/Executer.cs Line: 53)

DisplayProgressbar: Material Upgrader re-import
Start importing Packages/com.unity.render-pipelines.universal/Runtime/Materials/Decal.mat using Guid(31d0dcc6f2dd4e4408d18036a2c93862) (NativeFormatImporter) -> (artifact id: '8f3d32c29394a79b41f28a25b53defe8') in 0.001114907 seconds
Start importing Packages/com.unity.render-pipelines.universal/Runtime/Materials/Lit.mat using Guid(31321ba15b8f8eb4c954353edc038b1d) (NativeFormatImporter) -> (artifact id: '960643f9fe6857c5d72b0d2fd2085c0e') in 0.000655319 seconds
Start importing Assets/Hollowmere/Scenery/Materials/GroundVillage.mat using Guid(713e4a8c856d6875c9df6859f6a4f960) (NativeFormatImporter) -> (artifact id: '8e8a8a3575acbe896ce8b57cf9ab38cd') in 0.000676583 seconds
Start importing Assets/Hollowmere/World/Prefabs/Lantern.mat using Guid(911842b1b2bff39c88a5577d4380b74c) (NativeFormatImporter) -> (artifact id: '1189a75c8e8613e1fd25f0baffdf7c87') in 0.000678222 seconds
Start importing Assets/Hollowmere/Interactables/Prefabs/CausewayGate.mat using Guid(e1273d4abee0663cdb97dec74f5ff31d) (NativeFormatImporter) -> (artifact id: 'd38245b469119e5904a38e035a221d4d') in 0.000660548 seconds
Start importing Assets/Hollowmere/Scenery/Materials/Reed.mat using Guid(2209f72f758962a97822bc22c61ba1d2) (NativeFormatImporter) -> (artifact id: '750f6e096e6cfa91e4be05da2390118f') in 0.000636235 seconds
Start importing Packages/com.unity.render-pipelines.universal/Editor/SceneTemplates/Standard/Materials/Gold.mat using Guid(c2e40fa84d53ccd428f640eac126b1fb) (NativeFormatImporter) -> (artifact id: '9a75d51d1e747d94c5fd36e74b0d88c1') in 0.000679448 seconds
Start importing Assets/Hollowmere/Scenery/Materials/MossStone.mat using Guid(63bdb57a54a47419d8773aa27705ac1d) (NativeFormatImporter) -> (artifact id: '7dff20719302b067f182e280b595e5df') in 0.000642039 seconds
Start importing Assets/Hollowmere/Interactables/Prefabs/WellBucket.mat using Guid(837be9b6dcc2c8e65aab00060bded8fc) (NativeFormatImporter) -> (artifact id: '423d739197c6a127b57bbf3079523e67') in 0.000661708 seconds
Start importing Assets/Hollowmere/Scenery/Materials/Thatch.mat using Guid(e3dcd598da5abcf9fbf9fb1fe11dd238) (NativeFormatImporter) -> (artifact id: '8d7d382d63fef3b824386e654c884ec0') in 0.000641757 seconds
Start importing Packages/com.unity.render-pipelines.universal/Runtime/Materials/SpriteMask-Default.mat using Guid(15d0c3709176029428a0da2f8cecf0b5) (NativeFormatImporter) -> (artifact id: '9b9123c1145efbdb38e316f85cad951e') in 0.000539225 seconds
Start importing Assets/Hollowmere/Scenery/Materials/ShrineGlow.mat using Guid(554bce7dabc8d758e8fff4f11d9fe04d) (NativeFormatImporter) -> (artifact id: '9bcf4f36fcfd4edc66aed7aac3393662') in 0.000674837 seconds
Start importing Assets/Hollowmere/Scenery/Materials/BlackWater.mat using Guid(a50f9ee368d97c86fb2dbc0f180491e6) (NativeFormatImporter) -> (artifact id: '9908b7eb58864d6e48c7525f9a48c218') in 0.000659193 seconds
Start importing Packages/com.unity.render-pipelines.universal/Runtime/Materials/SpatialMappingOcclusion.mat using Guid(b51db210fe78df745a372851b3db949e) (NativeFormatImporter) -> (artifact id: 'e725b235a682e6bf286c10ab07552b74') in 0.000652649 seconds
Start importing Assets/Hollowmere/Scenery/Materials/Bark.mat using Guid(c5881decd396e19dc85d4745df923580) (NativeFormatImporter) -> (artifact id: '4ca0c3913b740a495c4839533aa55e18') in 0.000631908 seconds
Start importing Packages/com.unity.render-pipelines.universal/Editor/SceneTemplates/Standard/Materials/Ground.mat using Guid(761d8e1f988ed2345a28312145c79c6e) (NativeFormatImporter) -> (artifact id: '97be10e07c1f855859a62635d45b8539') in 0.000685628 seconds
Start importing Assets/Hollowmere/World/Prefabs/Crate.mat using Guid(28346a61812b63be2b91a3f072f4ac60) (NativeFormatImporter) -> (artifact id: '9d74e66a6f26e5e612fb92c405a7463b') in 0.000653034 seconds
Start importing Packages/com.unity.render-pipelines.universal/Runtime/Materials/FullscreenInvertColors.mat using Guid(78a08787ca30045abb69f6f7dd878e09) (NativeFormatImporter) -> (artifact id: 'ee24d1240c4d3093a35a8ce9cd6a6123') in 0.001219858 seconds
Start importing Packages/com.unity.render-pipelines.universal/Runtime/Materials/SpatialMappingWireframe.mat using Guid(9875a245ac49007498213638a307faa1) (NativeFormatImporter) -> (artifact id: '40a3a03ad30c23572795ee7951b74454') in 0.000667668 seconds
Start importing Packages/com.unity.render-pipelines.universal/Runtime/Materials/ParticlesUnlit.mat using Guid(e823cd5b5d27c0f4b8256e7c12ee3e6d) (NativeFormatImporter) -> (artifact id: 'aa862bff269d59d834f13819255630e6') in 0.001650375 seconds
Start importing Assets/Hollowmere/Scenery/Materials/Cloth.mat using Guid(59d591d89c6969fb8ac5ae64a174d032) (NativeFormatImporter) -> (artifact id: 'ce2a7ffa3d789f66f6b8125cad84313f') in 0.00079875 seconds
Start importing Packages/com.unity.render-pipelines.universal/Runtime/Materials/TerrainLit.mat using Guid(594ea882c5a793440b60ff72d896021e) (NativeFormatImporter) -> (artifact id: '32c0756065a4c99773d8b19abfdb7370') in 0.000622041 seconds
Start importing Assets/Hollowmere/World/Prefabs/Traveller.mat using Guid(695cafc4cebe0be4683c45c1e428a8d1) (NativeFormatImporter) -> (artifact id: '9b7da67280074084b8dbe69179ae9e08') in 0.000732648 seconds
Start importing Packages/com.unity.render-pipelines.universal/Runtime/Materials/Sprite-Lit-Default.mat using Guid(a97c105638bdf8b4a8650670310a4cd3) (NativeFormatImporter) -> (artifact id: 'b2cd4e4a5173cb188e255112e4a6b285') in 0.00056718 seconds
Start importing Assets/Hollowmere/Scenery/Materials/Bronze.mat using Guid(f9267e7c7f3858a14b2cfa7d1290c7b4) (NativeFormatImporter) -> (artifact id: '9ba1f274c1e4be21a68c24f3f5ca63da') in 0.000727643 seconds
Start importing Packages/com.unity.render-pipelines.universal/Editor/SceneTemplates/Standard/Materials/White.mat using Guid(f96821bbefeea864b9b418af4b8615ac) (NativeFormatImporter) -> (artifact id: 'b0a10ce88eba78cadb227317064359ad') in 0.000681035 seconds
Start importing Packages/com.unity.render-pipelines.universal/Runtime/Materials/SimpleLit.mat using Guid(6a1143ee683302f4aa628c052723efc1) (NativeFormatImporter) -> (artifact id: '4e947c4ad6c49ec8c3dbccd89f2ba9c5') in 0.000669485 seconds
Start importing Assets/Hollowmere/Scenery/Materials/Leaves.mat using Guid(9a635606b8e14ca43b0f5d8d8420903f) (NativeFormatImporter) -> (artifact id: '369124a2a052d970839d238b15d313ae') in 0.000695306 seconds
Start importing Assets/Hollowmere/Scenery/Materials/LanternGlow.mat using Guid(9ad989929e3f6abf0939545b2ac6d29c) (NativeFormatImporter) -> (artifact id: 'aa797f76b84657e8986ea776daec4c35') in 0.000672043 seconds
Start importing Assets/Hollowmere/World/Prefabs/Reed.mat using Guid(ea9ec61735f711a46a411ddbf2fb0835) (NativeFormatImporter) -> (artifact id: '05ffedc826e5082cba6374b28117dceb') in 0.000681241 seconds
Start importing Assets/Hollowmere/World/Prefabs/Stone.mat using Guid(0bbb6a2ec62dbd6ed99c9b2d5e8fda27) (NativeFormatImporter) -> (artifact id: '0a7c37d53cf442810a25da33197eeb4b') in 0.000650791 seconds
Start importing Assets/Hollowmere/Scenery/Materials/GroundBelfry.mat using Guid(8bb53dd8bab3b475bbda1320015ea2f0) (NativeFormatImporter) -> (artifact id: '7b76881adca40df080d4d1fefc820c14') in 0.000640893 seconds
Start importing Assets/Hollowmere/Scenery/Materials/Cobble.mat using Guid(cbeca43ae13579776b757e82404e62ec) (NativeFormatImporter) -> (artifact id: '98a4fd518a5e8f1a29dae894b6a9fa48') in 0.0006469 seconds
Start importing Assets/Hollowmere/Scenery/Materials/GroundMarsh.mat using Guid(eb73391a1a25ca478a6a0195766dd3d3) (NativeFormatImporter) -> (artifact id: '1ada639a8dc4ed1028f377fb942505ab') in 0.000637761 seconds
Start importing Assets/Hollowmere/Scenery/Materials/Plaster.mat using Guid(2ce0e9a342a4df461b3ef8fc8f5c687b) (NativeFormatImporter) -> (artifact id: 'ecf084c9fe40c85ebf17681d77f570bc') in 0.00067287 seconds
Start importing Assets/Hollowmere/Scenery/Materials/Water.mat using Guid(4c360173c4bb7adc3b7daa94c2cf5a70) (NativeFormatImporter) -> (artifact id: 'b61ba6cdc9e8abf7717c4165aaa72bc1') in 0.00064456 seconds
Start importing Assets/Hollowmere/Scenery/Materials/Timber.mat using Guid(3d3223d30e9f476bebc6b5a69364b197) (NativeFormatImporter) -> (artifact id: '667f4c1c8011f2140e175fd42f6c4458') in 0.000647174 seconds
Start importing Assets/Hollowmere/Npcs/Prefabs/NpcCapsule.mat using Guid(6db5381322a108024b1b8a91e0405e12) (NativeFormatImporter) -> (artifact id: 'ea77e7c2fe06713b0c0706a8a9af1cba') in 0.000654184 seconds
Start importing Packages/com.unity.render-pipelines.universal/Runtime/Materials/Sprite-Unlit-Default.mat using Guid(9dfc825aed78fcd4ba02077103263b40) (NativeFormatImporter) -> (artifact id: '3535407266e63a704ebed07394e8e29d') in 0.000553357 seconds
Start importing Assets/Hollowmere/World/Prefabs/Signpost.mat using Guid(ad46b0c010e025b1ba7850de65835bb8) (NativeFormatImporter) -> (artifact id: '9a629eeaf2b1aa04aafd0c2a63d91dc4') in 0.000642127 seconds
Start importing Assets/Hollowmere/Scenery/Materials/Planks.mat using Guid(4f16c6b7dc318c98c84ac4ee8b4c7941) (NativeFormatImporter) -> (artifact id: '32a698a0560c6e385b28d7b08a583061') in 0.000629728 seconds
Start importing Packages/com.unity.render-pipelines.universal/Editor/SceneTemplates/Standard/Materials/Black.mat using Guid(4f1ef37ae953c484bbc5d5e4049147e5) (NativeFormatImporter) -> (artifact id: 'c073248664ba5268b69bc9cf80293393') in 0.000675132 seconds
Start importing Assets/Hollowmere/World/Prefabs/Bell.mat using Guid(5f4092027bf0baedaa554561a3810e7c) (NativeFormatImporter) -> (artifact id: '6297ada650afc4aed2fcdc63d4528fb6') in 0.00064068 seconds
Start importing Assets/Hollowmere/Scenery/Materials/Stone.mat using Guid(9fa5037e7fefc39bfaa0b68144e64ef4) (NativeFormatImporter) -> (artifact id: 'a38a9a417d67ab6163981f3d2fb24b66') in 0.000636783 seconds
Start importing Packages/com.unity.searcher/Editor/Resources/FlatSkin/Font/Roboto-Black.ttf using Guid(1062c701058745940ae5dca6219c64c8) (TrueTypeFontImporter) -> (artifact id: '3d2ca9ae18e896f9e515bb462bac0909') in 0.003635908 seconds
Start importing Packages/com.unity.searcher/Editor/Resources/FlatSkin/Font/Roboto-Regular.ttf using Guid(30dc370b164eefc43b95744fc796dad0) (TrueTypeFontImporter) -> (artifact id: '7832638d633eff303fcf3ed8f8c85e78') in 0.001049901 seconds
Start importing Packages/com.unity.searcher/Editor/Resources/FlatSkin/Font/Roboto-ThinItalic.ttf using Guid(b2ea3b3f1765e544b9eb5bd1a93a91ce) (TrueTypeFontImporter) -> (artifact id: '4f6c2aa7215fb21f189270f0bbe3b50e') in 0.001006302 seconds
Start importing Packages/com.unity.render-pipelines.core/Runtime/Debugging/Prefabs/Fonts/PerfectDOSVGA437.ttf using Guid(74a5091d8707f334b9a5c31ef71a64ba) (TrueTypeFontImporter) -> (artifact id: 'b1e2b4726236af250e8a9e0edefa19ad') in 0.000808184 seconds
Start importing Packages/com.unity.searcher/Editor/Resources/FlatSkin/Font/Roboto-Medium.ttf using Guid(a51a3aebb43ac044989270407476b208) (TrueTypeFontImporter) -> (artifact id: 'e7322fcc653770ceff992dbaffdc342c') in 0.000963115 seconds
Start importing Packages/com.unity.searcher/Editor/Resources/FlatSkin/Font/Roboto-Bold.ttf using Guid(3750c318f40cab44a97d3a81beaefeb3) (TrueTypeFontImporter) -> (artifact id: '111caa903ed7225ec6078e61ef9fb671') in 0.000946323 seconds
Start importing Packages/com.unity.searcher/Editor/Resources/FlatSkin/Font/Roboto-Italic.ttf using Guid(c839255fc8f6b4b4d90bf8c1af9f9bd1) (TrueTypeFontImporter) -> (artifact id: '8fb74d7c7a155d1ca255c69a209f86ab') in 0.000958101 seconds
Start importing Packages/com.unity.searcher/Editor/Resources/FlatSkin/Font/Roboto-Thin.ttf using Guid(19a9abb883540be48b75b951a927ae03) (TrueTypeFontImporter) -> (artifact id: 'b0f726bd0974874e2c0598b808b85eed') in 0.000955769 seconds
Start importing Packages/com.unity.searcher/Editor/Resources/FlatSkin/Font/Roboto-MediumItalic.ttf using Guid(d93c1bc57fdf1ac4dad1bf04fac05464) (TrueTypeFontImporter) -> (artifact id: 'e37e57e9981fdfe39977ebf001f95a35') in 0.000933245 seconds
Start importing Packages/com.unity.searcher/Editor/Resources/FlatSkin/Font/Roboto-BlackItalic.ttf using Guid(f95147a9bab9fe649b8070170fa7ebd2) (TrueTypeFontImporter) -> (artifact id: '7352c0e7207c5b52e94f2677e4fad37a') in 0.000904809 seconds
Start importing Packages/com.unity.searcher/Editor/Resources/FlatSkin/Font/Roboto-Light.ttf using Guid(2a29e27936eb547458f646f71125b264) (TrueTypeFontImporter) -> (artifact id: '030c3049eebc0c442f157756287951d7') in 0.000880915 seconds
Start importing Packages/com.unity.searcher/Editor/Resources/FlatSkin/Font/Roboto-LightItalic.ttf using Guid(5e63515167650a541b309ba3bfd4db3d) (TrueTypeFontImporter) -> (artifact id: '2acb95d6e05d7756b0e095214c4bf8e6') in 0.000869462 seconds
Start importing Packages/com.unity.searcher/Editor/Resources/FlatSkin/Font/Roboto-BoldItalic.ttf using Guid(dfb97a9307a577a41bcacba34b9a7e32) (TrueTypeFontImporter) -> (artifact id: '51a36f17beac0bd54da540106340b9d8') in 0.000905834 seconds
Start importing Packages/com.unity.render-pipelines.universal/Runtime/Materials/ArnoldStandardSurface/ArnoldStandardSurfaceTransparent.shadergraph using Guid(30fa68ce467463643a86b839ca0eb195) (ScriptedImporter) -> (artifact id: '8fc0ff3f85a90c5130bf3270e7243190') in 0.383253359 seconds
Start importing Packages/com.unity.render-pipelines.universal/Shaders/AutodeskInteractive/AutodeskInteractiveMasked.shadergraph using Guid(80aa867ac363ac043847b06ad71604cd) (ScriptedImporter) -> (artifact id: '1710ad3feff674f0fdd404dca67d30af') in 0.090473972 seconds
Start importing Packages/com.unity.render-pipelines.universal/Shaders/2D/VFXSpriteLit.shadergraph using Guid(24a73dccd7b6fad4798be282f96a21f4) (ScriptedImporter) -> (artifact id: '5c800554f4918d2481e16be201c8c76e') in 0.059917152 seconds
Start importing Packages/com.unity.render-pipelines.universal/Runtime/Materials/PhysicalMaterial3DsMax/PhysicalMaterial3DsMax.shadergraph using Guid(44245ab89240f51459a5077d7145c452) (ScriptedImporter) -> (artifact id: '07436cb67b88c78c816edac04e26a215') in 0.095644643 seconds
Start importing Packages/com.unity.render-pipelines.universal/Runtime/Materials/ArnoldStandardSurface/ArnoldStandardSurface.shadergraph using Guid(3739e562a03fc0b4982d8aa66cc50865) (ScriptedImporter) -> (artifact id: '2da4cada6b181800187a91f1f3d6c72a') in 0.089695363 seconds
Start importing Packages/com.unity.render-pipelines.universal/Shaders/2D/VFXSpriteUnlit.shadergraph using Guid(d7288f66e4fb0634c9afef98c31b722a) (ScriptedImporter) -> (artifact id: 'f857dd8b113cb04ea68882fc5378ac39') in 0.050369518 seconds
Start importing Packages/com.unity.render-pipelines.universal/Shaders/Nature/SpeedTree8_PBRLit.shadergraph using Guid(9920c1f1781549a46ba081a2a15a16ec) (ScriptedImporter) -> (artifact id: '0e262520feb8c53edda491304a51ecd9') in 0.848801643 seconds
Start importing Packages/com.unity.render-pipelines.universal/Runtime/Materials/PhysicalMaterial3DsMax/PhysicalMaterial3DsMaxTransparent.shadergraph using Guid(1a207e3bee00db44b940e6f362a8e148) (ScriptedImporter) -> (artifact id: '324b0866b974ffc32393ff8c001a69ec') in 0.082831609 seconds
Start importing Packages/com.unity.render-pipelines.universal/Shaders/Decal.shadergraph using Guid(9b4e681081e2b4c469111bb649e2f7ee) (ScriptedImporter) -> (artifact id: '6acad91e000775ea9efb37a2bfba7973') in 0.070172366 seconds
Start importing Packages/com.unity.render-pipelines.universal/Shaders/Nature/SpeedTree9_URP.shadergraph using Guid(cbd3e1cc4ae141c42a30e33b4d666a61) (ScriptedImporter) -> (artifact id: 'b7b91e002f57a0067e0e06cdcce3ba6e') in 0.609012277 seconds
Start importing Packages/com.unity.render-pipelines.universal/Shaders/FullscreenInvertColors.shadergraph using Guid(fb6390f650ca44a5ba3246d8dda47927) (ScriptedImporter) -> (artifact id: '7a53917a475e82f1e66f413fdc68f9d8') in 0.037641966 seconds
Start importing Packages/com.unity.render-pipelines.universal/Shaders/AutodeskInteractive/AutodeskInteractiveTransparent.shadergraph using Guid(5c81372d981403744adbdda4433c9c11) (ScriptedImporter) -> (artifact id: '96d27a6638f6898a0494ad4dd56ac7b8') in 0.108347524 seconds
Start importing Packages/com.unity.render-pipelines.universal/Shaders/AutodeskInteractive/AutodeskInteractive.shadergraph using Guid(0e9d5a909a1f7e84882a534d0d11e49f) (ScriptedImporter) -> (artifact id: 'bb1d157d4f06a2a75f92ef82e7b2fd4c') in 0.23653787 seconds
Start importing Assets/Hollowmere/UI/Theme/HollowmereTheme.tss using Guid(90e0f2de55b54915a87cde66f14e0b4a) (ScriptedImporter) -> (artifact id: 'f580981d8f0316befd780a9e709ed224') in 0.032836356 seconds
Shader Hidden/ProbeVolume/VoxelizeScene is not supported: GPU does not support conservative rasterization
Refreshing native plugins compatible for Editor in 0.24 ms, found 1 plugins.
Preloading 0 native plugins for Editor in 0.00 ms.
Asset Pipeline Refresh (id=ba0ba50a92cee3e53930e8beecf165ef): Total: 3.165 seconds - Initiated by StopAssetImportingV2(NoUpdateAssetOptions)
	Summary:
		Imports: total=71 (actual=71, local cache=0, cache server=0)
		Asset DB Process Time: managed=2 ms, native=2925 ms
		Asset DB Callback time: managed=20 ms, native=216 ms
		Scripting: domain reloads=0, domain reload time=0 ms, compile time=0 ms, other=0 ms
		Project Asset Count: scripts=1807, non-scripts=2649
		Asset File Changes: new=0, changed=0, moved=0, deleted=0
		Scan Filter Count: 106
	InvokeCustomDependenciesCallbacks: 0.001ms
	InvokePackagesCallback: 0.000ms
	ApplyChangesToAssetFolders: 0.162ms
	Scan: 6.843ms
	OnSourceAssetsModified: 0.000ms
	CategorizeAssetsWithTransientArtifact: 0.054ms
	ProcessAssetsWithTransientArtifactChanges: 0.233ms
	CategorizeAssets: 1.242ms
	ImportOutOfDateAssets: 2916.515ms (-5.421ms without children)
		ImportManagerImport: 2914.125ms (62.354ms without children)
			ImportInProcess: 2849.632ms
			UpdateCategorizedAssets: 2.139ms
		ReloadNativeAssets: 0.023ms
		UnloadImportedAssets: 1.135ms
		ReloadImportedAssets: 5.687ms
		EnsureUptoDateAssetsAreRegisteredWithGuidPM: 0.523ms
		InitializingProgressBar: 0.004ms
		PostProcessAllAssetNotificationsAddChangedAssets: 0.000ms
		OnDemandSchedulerStart: 0.438ms
	PostProcessAllAssets: 236.132ms
	Hotreload: 0.488ms
	GatherAllCurrentPrimaryArtifactRevisions: 0.186ms
	UnloadStreamsBegin: 0.002ms
	PersistCurrentRevisions: 0.149ms
	UnloadStreamsEnd: 0.032ms
	Untracked: 3.164ms

[UnityConnectServicesConfig] config is NOT valid, switching to default
Created GICache directory at /home/worlesenric/.cache/unity3d/GiCache. Took: 0.002s, timestamps: [27.169 - 27.171]
Unloading 114 Unused Serialized files (Serialized files now loaded: 0)
Unloading 189 unused Assets / (3.4 MB). Loaded Objects now: 6864.
Memory consumption went from 271.9 MB to 268.5 MB.
Total: 11.661373 ms (FindLiveObjects: 0.236640 ms CreateObjectMapping: 0.158958 ms MarkObjects: 10.511141 ms  DeleteObjects: 0.753952 ms)

Start importing Assets/InitTestScene7d7788c4-b6c4-4123-8184-61f583d2b16e.unity using Guid(bcd8d2be31bcefa9c8f96470a2cdfbbd) (DefaultImporter) -> (artifact id: 'd56fde46bfd5842af4b2e828ec32c8f1') in 0.000591606 seconds
Refreshing native plugins compatible for Editor in 0.18 ms, found 1 plugins.
Preloading 0 native plugins for Editor in 0.00 ms.
Asset Pipeline Refresh (id=5d65572e8d74dabdb9dd239f95acaca8): Total: 0.018 seconds - Initiated by StopAssetImportingV2(NoUpdateAssetOptions)
Executing IPrebuildSetup for: Unity.PerformanceTesting.Editor.TestRunBuilder.
UnityEngine.Debug:ExtractStackTraceNoAlloc (byte*,int,string)
UnityEngine.StackTraceUtility:ExtractStackTrace () (at /home/bokken/build/output/unity/unity/Runtime/Export/Scripting/StackTrace.cs:35)
UnityEngine.DebugLogHandler:Internal_Log (UnityEngine.LogType,UnityEngine.LogOption,string,UnityEngine.Object)
UnityEngine.DebugLogHandler:LogFormat (UnityEngine.LogType,UnityEngine.Object,string,object[])
UnityEngine.Logger:Log (UnityEngine.LogType,object)
UnityEngine.Debug:Log (object)
UnityEditor.TestTools.TestRunner.TestRun.Tasks.BuildActionTaskBase`1/<ExecuteMethods>d__8<UnityEngine.TestTools.IPrebuildSetup>:MoveNext () (at ./Library/PackageCache/com.unity.test-framework@bd52b1c23814/UnityEditor.TestRunner/TestRun/Tasks/BuildActionTaskBase.cs:48)
UnityEditor.TestTools.TestRunner.TestRun.Tasks.BuildActionTaskBase`1/<Execute>d__7<UnityEngine.TestTools.IPrebuildSetup>:MoveNext () (at ./Library/PackageCache/com.unity.test-framework@bd52b1c23814/UnityEditor.TestRunner/TestRun/Tasks/BuildActionTaskBase.cs:34)
UnityEditor.TestTools.TestRunner.TestRun.TestJobRunner:ExecuteStep () (at ./Library/PackageCache/com.unity.test-framework@bd52b1c23814/UnityEditor.TestRunner/TestRun/TestJobRunner.cs:173)
UnityEditor.TestTools.TestRunner.TestRun.TestJobRunner:ExecuteCallback () (at ./Library/PackageCache/com.unity.test-framework@bd52b1c23814/UnityEditor.TestRunner/TestRun/TestJobRunner.cs:108)
UnityEditor.EditorApplication:Internal_CallUpdateFunctions () (at /home/bokken/build/output/unity/unity/Editor/Mono/EditorApplication.cs:384)

(Filename: ./Library/PackageCache/com.unity.test-framework@bd52b1c23814/UnityEditor.TestRunner/TestRun/Tasks/BuildActionTaskBase.cs Line: 48)

Reloading assemblies for play mode.
Reloading assemblies after forced synchronous recompile.
Begin MonoManager ReloadAssembly
Symbol file LoadedFromMemory is not a mono symbol file
- Loaded All Assemblies, in  0.614 seconds
Refreshing native plugins compatible for Editor in 0.22 ms, found 1 plugins.
Native extension for LinuxStandalone target not found
Native extension for OSXStandalone target not found
Assembly reference Packages/com.unity.entities/Unity.Scenes.Editor/Internals/Properties/Unity.Properties.Internals.asmref has no target assembly definition
TypeManager.Initialize took: 119ms
Mono: successfully reloaded assembly
[MODES] ModeService[none].Initialize
[MODES] ModeService[none].LoadModes
- Finished resetting the current domain, in  1.328 seconds
Domain Reload Profiling: 1937ms
	BeginReloadAssembly (338ms)
		ExecutionOrderSort (0ms)
		DisableScriptedObjects (11ms)
		BackupInstance (0ms)
		ReleaseScriptingObjects (0ms)
		CreateAndSetChildDomain (243ms)
	RebuildCommonClasses (32ms)
	RebuildNativeTypeToScriptingClass (9ms)
	initialDomainReloadingComplete (28ms)
	LoadAllAssembliesAndSetupDomain (202ms)
		LoadAssemblies (83ms)
		RebuildTransferFunctionScriptingTraits (0ms)
		AnalyzeDomain (160ms)
			TypeCache.Refresh (7ms)
				TypeCache.ScanAssembly (0ms)
			BuildScriptInfoCaches (142ms)
			ResolveRequiredComponents (9ms)
	FinalizeReload (1328ms)
		ReleaseScriptCaches (0ms)
		RebuildScriptCaches (0ms)
		SetupLoadedEditorAssemblies (967ms)
			LogAssemblyErrors (0ms)
			InitializePlatformSupportModulesInManaged (81ms)
			SetLoadedEditorAssemblies (8ms)
			BeforeProcessingInitializeOnLoad (151ms)
			ProcessInitializeOnLoadAttributes (499ms)
			ProcessInitializeOnLoadMethodAttributes (225ms)
			AfterProcessingInitializeOnLoad (3ms)
			EditorAssembliesLoaded (0ms)
		ExecutionOrderSort2 (0ms)
		AwakeInstancesAfterBackupRestoration (27ms)
Asset Pipeline Refresh (id=20ac1a3ccc2fe349daea899f2ffaa2a7): Total: 2.064 seconds - Initiated by StopAssetImportingV2(ForceSynchronousImport | ForceDomainReload)
	Summary:
		Imports: total=0 (actual=0, local cache=0, cache server=0)
		Asset DB Process Time: managed=0 ms, native=1417 ms
		Asset DB Callback time: managed=21 ms, native=0 ms
		Scripting: domain reloads=1, domain reload time=622 ms, compile time=1 ms, other=0 ms
		Project Asset Count: scripts=1807, non-scripts=2650
		Asset File Changes: new=0, changed=0, moved=0, deleted=0
		Scan Filter Count: 0
	InvokeCustomDependenciesCallbacks: 0.002ms
	InvokePackagesCallback: 2.376ms
	ApplyChangesToAssetFolders: 0.358ms
	Scan: 0.001ms
	OnSourceAssetsModified: 0.001ms
	CategorizeAssetsWithTransientArtifact: 0.004ms
	ProcessAssetsWithTransientArtifactChanges: 3.292ms
	CategorizeAssets: 50.298ms
	ImportOutOfDateAssets: 1334.087ms (1328.642ms without children)
		CompileScripts: 1.294ms
		CollectScriptTypesHashes: 2.263ms
		ReloadNativeAssets: 0.764ms
		UnloadImportedAssets: 0.042ms
		EnsureUptoDateAssetsAreRegisteredWithGuidPM: 0.696ms
		InitializingProgressBar: 0.000ms
		PostProcessAllAssetNotificationsAddChangedAssets: 0.000ms
		OnDemandSchedulerStart: 0.385ms
	PostProcessAllAssets: 21.839ms
	GatherAllCurrentPrimaryArtifactRevisions: 0.153ms
	UnloadStreamsBegin: 0.050ms
	PersistCurrentRevisions: 0.170ms
	UnloadStreamsEnd: 0.001ms
	GenerateScriptTypeHashes: 4.020ms
	Untracked: 651.493ms

Loaded scene 'Temp/__Backupscenes/0.backup'
	Deserialize:            1.286 ms
	Integration:            362.942 ms
	Integration of assets:  0.002 ms
	Thread Wait Time:       0.006 ms
	Total Operation Time:   364.235 ms
Unloading 245 Unused Serialized files (Serialized files now loaded: 0)
UnloadTime: 0.046767 ms
Loaded scene 'Assets/Hollowmere/Boot/Boot.unity'
	Deserialize:            49.970 ms
	Integration:            176.002 ms
	Integration of assets:  3.349 ms
	Thread Wait Time:       0.226 ms
	Total Operation Time:   229.546 ms
Refreshing native plugins compatible for Editor in 0.23 ms, found 1 plugins.
Preloading 0 native plugins for Editor in 0.00 ms.
Unloading 24 unused Assets / (256.7 KB). Loaded Objects now: 7633.
Memory consumption went from 434.3 MB to 434.1 MB.
Total: 16.741456 ms (FindLiveObjects: 0.307589 ms CreateObjectMapping: 0.256186 ms MarkObjects: 15.044970 ms  DeleteObjects: 1.131687 ms)

Loaded scene 'Assets/Hollowmere/Regions/ThornwickVillage.unity'
	Deserialize:            10.946 ms
	Integration:            39.145 ms
	Integration of assets:  0.389 ms
	Thread Wait Time:       4.870 ms
	Total Operation Time:   55.349 ms
Unloading 91 Unused Serialized files (Serialized files now loaded: 0)
Unloading 36 unused Assets / (39.3 KB). Loaded Objects now: 7634.
Memory consumption went from 430.7 MB to 430.7 MB.
Total: 14.084952 ms (FindLiveObjects: 0.285426 ms CreateObjectMapping: 0.218367 ms MarkObjects: 13.438331 ms  DeleteObjects: 0.141741 ms)

Loaded scene 'Assets/Hollowmere/Regions/BlackmereMarsh.unity'
	Deserialize:            8.750 ms
	Integration:            2.468 ms
	Integration of assets:  0.347 ms
	Thread Wait Time:       8.766 ms
	Total Operation Time:   20.330 ms
Unloading 46 Unused Serialized files (Serialized files now loaded: 0)
Loaded scene 'Assets/Hollowmere/Regions/DrownedBelfry.unity'
	Deserialize:            4.233 ms
	Integration:            1.596 ms
	Integration of assets:  0.119 ms
	Thread Wait Time:       3.632 ms
	Total Operation Time:   9.580 ms
Unloading 28 unused Assets / (28.3 KB). Loaded Objects now: 7865.
Memory consumption went from 432.2 MB to 432.1 MB.
Total: 15.173276 ms (FindLiveObjects: 0.287465 ms CreateObjectMapping: 0.216384 ms MarkObjects: 14.544339 ms  DeleteObjects: 0.124346 ms)

[P3.1] ending A: boot 1555ms/1f | Maren's rumour 196ms/5f | the barn lantern 39ms/4f | Hale opens the gate 68ms/3f | the oil flask 15ms/4f | the punt sealed with pitch 14ms/4f | the punt crosses to the belfry 1015ms/3f | the Echo, left to sleep 69ms/4f
UnityEngine.Debug:ExtractStackTraceNoAlloc (byte*,int,string)
UnityEngine.StackTraceUtility:ExtractStackTrace () (at /home/bokken/build/output/unity/unity/Runtime/Export/Scripting/StackTrace.cs:35)
UnityEngine.DebugLogHandler:Internal_Log (UnityEngine.LogType,UnityEngine.LogOption,string,UnityEngine.Object)
UnityEngine.DebugLogHandler:LogFormat (UnityEngine.LogType,UnityEngine.Object,string,object[])
UnityEngine.Logger:Log (UnityEngine.LogType,object)
UnityEngine.Debug:Log (object)
Hollowmere.P3_1.PlayMode.Tests.FullQuestHeadless:Report (string) (at Assets/Hollowmere/Tests/P3_1/PlayMode/FullQuestHeadless.cs:468)
Hollowmere.P3_1.PlayMode.Tests.FullQuestHeadless/<EndingA_Silence>d__11:MoveNext () (at Assets/Hollowmere/Tests/P3_1/PlayMode/FullQuestHeadless.cs:108)
UnityEngine.TestTools.TestEnumerator/<Execute>d__7:MoveNext () (at ./Library/PackageCache/com.unity.test-framework@bd52b1c23814/UnityEngine.TestRunner/NUnitExtensions/Attributes/TestEnumerator.cs:44)
UnityEngine.TestTools.EnumerableTestMethodCommand/<ExecuteEnumerableAndRecordExceptions>d__4:MoveNext () (at ./Library/PackageCache/com.unity.test-framework@bd52b1c23814/UnityEngine.TestRunner/NUnitExtensions/Commands/EnumerableTestMethodCommand.cs:79)
UnityEngine.TestTools.EnumerableTestMethodCommand:AdvanceEnumerator (System.Collections.IEnumerator) (at ./Library/PackageCache/com.unity.test-framework@bd52b1c23814/UnityEngine.TestRunner/NUnitExtensions/Commands/EnumerableTestMethodCommand.cs:64)
UnityEngine.TestTools.EnumerableTestMethodCommand/<ExecuteEnumerable>d__2:MoveNext () (at ./Library/PackageCache/com.unity.test-framework@bd52b1c23814/UnityEngine.TestRunner/NUnitExtensions/Commands/EnumerableTestMethodCommand.cs:47)
UnityEngine.TestRunner.NUnitExtensions.Runner.UnityLogCheckDelegatingCommand/<ExecuteEnumerable>d__3:MoveNext () (at ./Library/PackageCache/com.unity.test-framework@bd52b1c23814/UnityEngine.TestRunner/NUnitExtensions/Runner/UnityLogCheckDelegatingCommand.cs:48)
UnityEngine.TestTools.BeforeAfterTestCommandBase`1/<ExecuteEnumerable>d__16<NUnit.Framework.ITestAction>:MoveNext () (at ./Library/PackageCache/com.unity.test-framework@bd52b1c23814/UnityEngine.TestRunner/NUnitExtensions/Commands/BeforeAfterTestCommandBase.cs:212)
UnityEngine.TestTools.BeforeAfterTestCommandBase`1/<ExecuteEnumerable>d__16<System.Reflection.MethodInfo>:MoveNext () (at ./Library/PackageCache/com.unity.test-framework@bd52b1c23814/UnityEngine.TestRunner/NUnitExtensions/Commands/BeforeAfterTestCommandBase.cs:212)
UnityEngine.TestTools.BeforeAfterTestCommandBase`1/<ExecuteEnumerable>d__16<System.Reflection.MethodInfo>:MoveNext () (at ./Library/PackageCache/com.unity.test-framework@bd52b1c23814/UnityEngine.TestRunner/NUnitExtensions/Commands/BeforeAfterTestCommandBase.cs:212)
UnityEngine.TestTools.BeforeAfterTestCommandBase`1/<ExecuteEnumerable>d__16<UnityEngine.TestTools.IOuterUnityTestAction>:MoveNext () (at ./Library/PackageCache/com.unity.test-framework@bd52b1c23814/UnityEngine.TestRunner/NUnitExtensions/Commands/BeforeAfterTestCommandBase.cs:212)
UnityEngine.TestTools.RetryCommand/<ExecuteEnumerable>d__2:MoveNext () (at ./Library/PackageCache/com.unity.test-framework@bd52b1c23814/UnityEngine.TestRunner/NUnitExtensions/Commands/RetryCommand.cs:37)
UnityEngine.TestTools.RepeatCommand/<ExecuteEnumerable>d__2:MoveNext () (at ./Library/PackageCache/com.unity.test-framework@bd52b1c23814/UnityEngine.TestRunner/NUnitExtensions/Commands/RepeatCommand.cs:36)
UnityEngine.TestTools.EnumerableApplyChangesToContextCommand/<ExecuteEnumerable>d__1:MoveNext () (at ./Library/PackageCache/com.unity.test-framework@bd52b1c23814/UnityEngine.TestRunner/NUnitExtensions/Commands/EnumerableApplyChangesToContextCommand.cs:23)
UnityEngine.TestTools.IgnoreTestCommand/<ExecuteEnumerable>d__3:MoveNext () (at ./Library/PackageCache/com.unity.test-framework@bd52b1c23814/UnityEngine.TestRunner/NUnitExtensions/Commands/IgnoreTestCommand.cs:42)
UnityEngine.TestTools.StrictCheckCommand/<ExecuteEnumerable>d__2:MoveNext () (at ./Library/PackageCache/com.unity.test-framework@bd52b1c23814/UnityEngine.TestRunner/NUnitExtensions/Commands/StrictCheckCommand.cs:29)
UnityEngine.TestTools.Utils.CoroutineRunner/<WrapEnumeratorForChecks>d__8:MoveNext () (at ./Library/PackageCache/com.unity.test-framework@bd52b1c23814/UnityEngine.TestRunner/Utils/CoroutineRunner.cs:58)
UnityEngine.SetupCoroutine:InvokeMoveNext (System.Collections.IEnumerator,intptr) (at /home/bokken/build/output/unity/unity/Runtime/Export/Scripting/Coroutines.cs:17)

(Filename: Assets/Hollowmere/Tests/P3_1/PlayMode/FullQuestHeadless.cs Line: 468)

Unloading 1 Unused Serialized files (Serialized files now loaded: 0)
UnloadTime: 2.243677 ms
Loaded scene 'Assets/Hollowmere/Boot/Boot.unity'
	Deserialize:            0.582 ms
	Integration:            184.023 ms
	Integration of assets:  0.002 ms
	Thread Wait Time:       0.252 ms
	Total Operation Time:   184.859 ms
Unloading 20 unused Assets / (23.6 KB). Loaded Objects now: 7637.
Memory consumption went from 435.3 MB to 435.3 MB.
Total: 14.057589 ms (FindLiveObjects: 0.276319 ms CreateObjectMapping: 0.207774 ms MarkObjects: 13.461560 ms  DeleteObjects: 0.111291 ms)

Loaded scene 'Assets/Hollowmere/Regions/ThornwickVillage.unity'
	Deserialize:            8.022 ms
	Integration:            2.453 ms
	Integration of assets:  0.312 ms
	Thread Wait Time:       1.948 ms
	Total Operation Time:   12.736 ms
Unloading 35 Unused Serialized files (Serialized files now loaded: 0)
Unloading 36 unused Assets / (39.1 KB). Loaded Objects now: 7636.
Memory consumption went from 436.7 MB to 436.7 MB.
Total: 14.227715 ms (FindLiveObjects: 0.281768 ms CreateObjectMapping: 0.202335 ms MarkObjects: 13.505862 ms  DeleteObjects: 0.237065 ms)

Loaded scene 'Assets/Hollowmere/Regions/BlackmereMarsh.unity'
	Deserialize:            8.469 ms
	Integration:            2.323 ms
	Integration of assets:  0.249 ms
	Thread Wait Time:       2.561 ms
	Total Operation Time:   13.602 ms
Loaded scene 'Assets/Hollowmere/Regions/ThornwickVillage.unity'
	Deserialize:            6.647 ms
	Integration:            2.659 ms
	Integration of assets:  0.206 ms
	Thread Wait Time:       7.157 ms
	Total Operation Time:   16.669 ms
Loaded scene 'Assets/Hollowmere/Regions/DrownedBelfry.unity'
	Deserialize:            4.796 ms
	Integration:            1.576 ms
	Integration of assets:  0.008 ms
	Thread Wait Time:       12.608 ms
	Total Operation Time:   18.988 ms
Unloading 67 Unused Serialized files (Serialized files now loaded: 0)
Unloading 51 unused Assets / (52.7 KB). Loaded Objects now: 7960.
Memory consumption went from 438.2 MB to 438.2 MB.
Total: 14.656079 ms (FindLiveObjects: 0.300324 ms CreateObjectMapping: 0.200376 ms MarkObjects: 13.965352 ms  DeleteObjects: 0.189208 ms)

Unloading 0 Unused Serialized files (Serialized files now loaded: 0)
Unloading 0 unused Assets / (0 B). Loaded Objects now: 7960.
Memory consumption went from 436.7 MB to 436.7 MB.
Total: 13.849725 ms (FindLiveObjects: 0.304342 ms CreateObjectMapping: 0.200926 ms MarkObjects: 13.332914 ms  DeleteObjects: 0.010891 ms)

[P3.1] ending B: boot 259ms/1f | Maren's rumour 41ms/5f | the square's coins (2 + 3) 15ms/4f | Bram's lantern 32ms/4f | Hale opens the gate 40ms/3f | the clapper 12ms/4f | the oil flask 24ms/4f | the punt sealed with pitch 16ms/4f | the punt crosses to the belfry 1011ms/3f | the bell rings 52ms/5f
UnityEngine.Debug:ExtractStackTraceNoAlloc (byte*,int,string)
UnityEngine.StackTraceUtility:ExtractStackTrace () (at /home/bokken/build/output/unity/unity/Runtime/Export/Scripting/StackTrace.cs:35)
UnityEngine.DebugLogHandler:Internal_Log (UnityEngine.LogType,UnityEngine.LogOption,string,UnityEngine.Object)
UnityEngine.DebugLogHandler:LogFormat (UnityEngine.LogType,UnityEngine.Object,string,object[])
UnityEngine.Logger:Log (UnityEngine.LogType,object)
UnityEngine.Debug:Log (object)
Hollowmere.P3_1.PlayMode.Tests.FullQuestHeadless:Report (string) (at Assets/Hollowmere/Tests/P3_1/PlayMode/FullQuestHeadless.cs:468)
Hollowmere.P3_1.PlayMode.Tests.FullQuestHeadless/<EndingB_Toll>d__10:MoveNext () (at Assets/Hollowmere/Tests/P3_1/PlayMode/FullQuestHeadless.cs:92)
UnityEngine.TestTools.TestEnumerator/<Execute>d__7:MoveNext () (at ./Library/PackageCache/com.unity.test-framework@bd52b1c23814/UnityEngine.TestRunner/NUnitExtensions/Attributes/TestEnumerator.cs:44)
UnityEngine.TestTools.EnumerableTestMethodCommand/<ExecuteEnumerableAndRecordExceptions>d__4:MoveNext () (at ./Library/PackageCache/com.unity.test-framework@bd52b1c23814/UnityEngine.TestRunner/NUnitExtensions/Commands/EnumerableTestMethodCommand.cs:79)
UnityEngine.TestTools.EnumerableTestMethodCommand:AdvanceEnumerator (System.Collections.IEnumerator) (at ./Library/PackageCache/com.unity.test-framework@bd52b1c23814/UnityEngine.TestRunner/NUnitExtensions/Commands/EnumerableTestMethodCommand.cs:64)
UnityEngine.TestTools.EnumerableTestMethodCommand/<ExecuteEnumerable>d__2:MoveNext () (at ./Library/PackageCache/com.unity.test-framework@bd52b1c23814/UnityEngine.TestRunner/NUnitExtensions/Commands/EnumerableTestMethodCommand.cs:47)
UnityEngine.TestRunner.NUnitExtensions.Runner.UnityLogCheckDelegatingCommand/<ExecuteEnumerable>d__3:MoveNext () (at ./Library/PackageCache/com.unity.test-framework@bd52b1c23814/UnityEngine.TestRunner/NUnitExtensions/Runner/UnityLogCheckDelegatingCommand.cs:48)
UnityEngine.TestTools.BeforeAfterTestCommandBase`1/<ExecuteEnumerable>d__16<NUnit.Framework.ITestAction>:MoveNext () (at ./Library/PackageCache/com.unity.test-framework@bd52b1c23814/UnityEngine.TestRunner/NUnitExtensions/Commands/BeforeAfterTestCommandBase.cs:212)
UnityEngine.TestTools.BeforeAfterTestCommandBase`1/<ExecuteEnumerable>d__16<System.Reflection.MethodInfo>:MoveNext () (at ./Library/PackageCache/com.unity.test-framework@bd52b1c23814/UnityEngine.TestRunner/NUnitExtensions/Commands/BeforeAfterTestCommandBase.cs:212)
UnityEngine.TestTools.BeforeAfterTestCommandBase`1/<ExecuteEnumerable>d__16<System.Reflection.MethodInfo>:MoveNext () (at ./Library/PackageCache/com.unity.test-framework@bd52b1c23814/UnityEngine.TestRunner/NUnitExtensions/Commands/BeforeAfterTestCommandBase.cs:212)
UnityEngine.TestTools.BeforeAfterTestCommandBase`1/<ExecuteEnumerable>d__16<UnityEngine.TestTools.IOuterUnityTestAction>:MoveNext () (at ./Library/PackageCache/com.unity.test-framework@bd52b1c23814/UnityEngine.TestRunner/NUnitExtensions/Commands/BeforeAfterTestCommandBase.cs:212)
UnityEngine.TestTools.RetryCommand/<ExecuteEnumerable>d__2:MoveNext () (at ./Library/PackageCache/com.unity.test-framework@bd52b1c23814/UnityEngine.TestRunner/NUnitExtensions/Commands/RetryCommand.cs:37)
UnityEngine.TestTools.RepeatCommand/<ExecuteEnumerable>d__2:MoveNext () (at ./Library/PackageCache/com.unity.test-framework@bd52b1c23814/UnityEngine.TestRunner/NUnitExtensions/Commands/RepeatCommand.cs:36)
UnityEngine.TestTools.EnumerableApplyChangesToContextCommand/<ExecuteEnumerable>d__1:MoveNext () (at ./Library/PackageCache/com.unity.test-framework@bd52b1c23814/UnityEngine.TestRunner/NUnitExtensions/Commands/EnumerableApplyChangesToContextCommand.cs:23)
UnityEngine.TestTools.IgnoreTestCommand/<ExecuteEnumerable>d__3:MoveNext () (at ./Library/PackageCache/com.unity.test-framework@bd52b1c23814/UnityEngine.TestRunner/NUnitExtensions/Commands/IgnoreTestCommand.cs:42)
UnityEngine.TestTools.StrictCheckCommand/<ExecuteEnumerable>d__2:MoveNext () (at ./Library/PackageCache/com.unity.test-framework@bd52b1c23814/UnityEngine.TestRunner/NUnitExtensions/Commands/StrictCheckCommand.cs:29)
UnityEngine.TestTools.Utils.CoroutineRunner/<WrapEnumeratorForChecks>d__8:MoveNext () (at ./Library/PackageCache/com.unity.test-framework@bd52b1c23814/UnityEngine.TestRunner/Utils/CoroutineRunner.cs:58)
UnityEngine.SetupCoroutine:InvokeMoveNext (System.Collections.IEnumerator,intptr) (at /home/bokken/build/output/unity/unity/Runtime/Export/Scripting/Coroutines.cs:17)

(Filename: Assets/Hollowmere/Tests/P3_1/PlayMode/FullQuestHeadless.cs Line: 468)

Unloading 0 Unused Serialized files (Serialized files now loaded: 0)
UnloadTime: 0.241194 ms
Loaded scene 'Assets/Hollowmere/Boot/Boot.unity'
	Deserialize:            0.827 ms
	Integration:            181.066 ms
	Integration of assets:  0.002 ms
	Thread Wait Time:       0.249 ms
	Total Operation Time:   182.145 ms
Unloading 24 unused Assets / (23.0 KB). Loaded Objects now: 7638.
Memory consumption went from 435.9 MB to 435.9 MB.
Total: 14.231076 ms (FindLiveObjects: 0.278023 ms CreateObjectMapping: 0.199342 ms MarkObjects: 13.494845 ms  DeleteObjects: 0.258010 ms)

Loaded scene 'Assets/Hollowmere/Regions/ThornwickVillage.unity'
	Deserialize:            8.540 ms
	Integration:            2.415 ms
	Integration of assets:  0.269 ms
	Thread Wait Time:       2.042 ms
	Total Operation Time:   13.266 ms
Unloading 34 Unused Serialized files (Serialized files now loaded: 0)
Unloading 38 unused Assets / (40.2 KB). Loaded Objects now: 7634.
Memory consumption went from 437.0 MB to 437.0 MB.
Total: 17.037277 ms (FindLiveObjects: 0.331522 ms CreateObjectMapping: 0.252328 ms MarkObjects: 16.252097 ms  DeleteObjects: 0.200405 ms)

Loaded scene 'Assets/Hollowmere/Regions/BlackmereMarsh.unity'
	Deserialize:            10.933 ms
	Integration:            2.760 ms
	Integration of assets:  0.452 ms
	Thread Wait Time:       3.772 ms
	Total Operation Time:   17.917 ms
Loaded scene 'Assets/Hollowmere/Regions/ThornwickVillage.unity'
	Deserialize:            9.273 ms
	Integration:            3.564 ms
	Integration of assets:  0.303 ms
	Thread Wait Time:       16.303 ms
	Total Operation Time:   29.444 ms
Loaded scene 'Assets/Hollowmere/Regions/DrownedBelfry.unity'
	Deserialize:            4.794 ms
	Integration:            2.186 ms
	Integration of assets:  0.010 ms
	Thread Wait Time:       25.810 ms
	Total Operation Time:   32.800 ms
Unloading 69 Unused Serialized files (Serialized files now loaded: 0)
Unloading 51 unused Assets / (52.2 KB). Loaded Objects now: 7960.
Memory consumption went from 439.5 MB to 439.5 MB.
Total: 18.474845 ms (FindLiveObjects: 0.363996 ms CreateObjectMapping: 0.262924 ms MarkObjects: 17.619887 ms  DeleteObjects: 0.226871 ms)

Unloading 0 Unused Serialized files (Serialized files now loaded: 0)
Unloading 0 unused Assets / (496 B). Loaded Objects now: 7960.
Memory consumption went from 437.9 MB to 437.9 MB.
Total: 17.493654 ms (FindLiveObjects: 0.366335 ms CreateObjectMapping: 0.248622 ms MarkObjects: 16.860293 ms  DeleteObjects: 0.017388 ms)

[P3.1] ending C: boot 253ms/5f | Maren's rumour 40ms/5f | the barn lantern 18ms/4f | Hale opens the gate 52ms/3f | the west shrine lantern 18ms/4f | the middle shrine lantern 13ms/4f | the shrine alight 21ms/6f | the clapper 24ms/4f | Odd ferries to the belfry 60ms/3f | ferry 0ms/0f | the bell rings 56ms/4f
UnityEngine.Debug:ExtractStackTraceNoAlloc (byte*,int,string)
UnityEngine.StackTraceUtility:ExtractStackTrace () (at /home/bokken/build/output/unity/unity/Runtime/Export/Scripting/StackTrace.cs:35)
UnityEngine.DebugLogHandler:Internal_Log (UnityEngine.LogType,UnityEngine.LogOption,string,UnityEngine.Object)
UnityEngine.DebugLogHandler:LogFormat (UnityEngine.LogType,UnityEngine.Object,string,object[])
UnityEngine.Logger:Log (UnityEngine.LogType,object)
UnityEngine.Debug:Log (object)
Hollowmere.P3_1.PlayMode.Tests.FullQuestHeadless:Report (string) (at Assets/Hollowmere/Tests/P3_1/PlayMode/FullQuestHeadless.cs:468)
Hollowmere.P3_1.PlayMode.Tests.FullQuestHeadless/<EndingC_FreedEcho>d__9:MoveNext () (at Assets/Hollowmere/Tests/P3_1/PlayMode/FullQuestHeadless.cs:73)
UnityEngine.TestTools.TestEnumerator/<Execute>d__7:MoveNext () (at ./Library/PackageCache/com.unity.test-framework@bd52b1c23814/UnityEngine.TestRunner/NUnitExtensions/Attributes/TestEnumerator.cs:44)
UnityEngine.TestTools.EnumerableTestMethodCommand/<ExecuteEnumerableAndRecordExceptions>d__4:MoveNext () (at ./Library/PackageCache/com.unity.test-framework@bd52b1c23814/UnityEngine.TestRunner/NUnitExtensions/Commands/EnumerableTestMethodCommand.cs:79)
UnityEngine.TestTools.EnumerableTestMethodCommand:AdvanceEnumerator (System.Collections.IEnumerator) (at ./Library/PackageCache/com.unity.test-framework@bd52b1c23814/UnityEngine.TestRunner/NUnitExtensions/Commands/EnumerableTestMethodCommand.cs:64)
UnityEngine.TestTools.EnumerableTestMethodCommand/<ExecuteEnumerable>d__2:MoveNext () (at ./Library/PackageCache/com.unity.test-framework@bd52b1c23814/UnityEngine.TestRunner/NUnitExtensions/Commands/EnumerableTestMethodCommand.cs:47)
UnityEngine.TestRunner.NUnitExtensions.Runner.UnityLogCheckDelegatingCommand/<ExecuteEnumerable>d__3:MoveNext () (at ./Library/PackageCache/com.unity.test-framework@bd52b1c23814/UnityEngine.TestRunner/NUnitExtensions/Runner/UnityLogCheckDelegatingCommand.cs:48)
UnityEngine.TestTools.BeforeAfterTestCommandBase`1/<ExecuteEnumerable>d__16<NUnit.Framework.ITestAction>:MoveNext () (at ./Library/PackageCache/com.unity.test-framework@bd52b1c23814/UnityEngine.TestRunner/NUnitExtensions/Commands/BeforeAfterTestCommandBase.cs:212)
UnityEngine.TestTools.BeforeAfterTestCommandBase`1/<ExecuteEnumerable>d__16<System.Reflection.MethodInfo>:MoveNext () (at ./Library/PackageCache/com.unity.test-framework@bd52b1c23814/UnityEngine.TestRunner/NUnitExtensions/Commands/BeforeAfterTestCommandBase.cs:212)
UnityEngine.TestTools.BeforeAfterTestCommandBase`1/<ExecuteEnumerable>d__16<System.Reflection.MethodInfo>:MoveNext () (at ./Library/PackageCache/com.unity.test-framework@bd52b1c23814/UnityEngine.TestRunner/NUnitExtensions/Commands/BeforeAfterTestCommandBase.cs:212)
UnityEngine.TestTools.BeforeAfterTestCommandBase`1/<ExecuteEnumerable>d__16<UnityEngine.TestTools.IOuterUnityTestAction>:MoveNext () (at ./Library/PackageCache/com.unity.test-framework@bd52b1c23814/UnityEngine.TestRunner/NUnitExtensions/Commands/BeforeAfterTestCommandBase.cs:212)
UnityEngine.TestTools.RetryCommand/<ExecuteEnumerable>d__2:MoveNext () (at ./Library/PackageCache/com.unity.test-framework@bd52b1c23814/UnityEngine.TestRunner/NUnitExtensions/Commands/RetryCommand.cs:37)
UnityEngine.TestTools.RepeatCommand/<ExecuteEnumerable>d__2:MoveNext () (at ./Library/PackageCache/com.unity.test-framework@bd52b1c23814/UnityEngine.TestRunner/NUnitExtensions/Commands/RepeatCommand.cs:36)
UnityEngine.TestTools.EnumerableApplyChangesToContextCommand/<ExecuteEnumerable>d__1:MoveNext () (at ./Library/PackageCache/com.unity.test-framework@bd52b1c23814/UnityEngine.TestRunner/NUnitExtensions/Commands/EnumerableApplyChangesToContextCommand.cs:23)
UnityEngine.TestTools.IgnoreTestCommand/<ExecuteEnumerable>d__3:MoveNext () (at ./Library/PackageCache/com.unity.test-framework@bd52b1c23814/UnityEngine.TestRunner/NUnitExtensions/Commands/IgnoreTestCommand.cs:42)
UnityEngine.TestTools.StrictCheckCommand/<ExecuteEnumerable>d__2:MoveNext () (at ./Library/PackageCache/com.unity.test-framework@bd52b1c23814/UnityEngine.TestRunner/NUnitExtensions/Commands/StrictCheckCommand.cs:29)
UnityEngine.TestTools.Utils.CoroutineRunner/<WrapEnumeratorForChecks>d__8:MoveNext () (at ./Library/PackageCache/com.unity.test-framework@bd52b1c23814/UnityEngine.TestRunner/Utils/CoroutineRunner.cs:58)
UnityEngine.SetupCoroutine:InvokeMoveNext (System.Collections.IEnumerator,intptr) (at /home/bokken/build/output/unity/unity/Runtime/Export/Scripting/Coroutines.cs:17)

(Filename: Assets/Hollowmere/Tests/P3_1/PlayMode/FullQuestHeadless.cs Line: 468)

Unloading 0 Unused Serialized files (Serialized files now loaded: 0)
UnloadTime: 0.261920 ms
Loaded scene 'Assets/Hollowmere/Boot/Boot.unity'
	Deserialize:            0.615 ms
	Integration:            172.313 ms
	Integration of assets:  0.002 ms
	Thread Wait Time:       0.298 ms
	Total Operation Time:   173.228 ms
Unloading 24 unused Assets / (22.5 KB). Loaded Objects now: 7638.
Memory consumption went from 437.0 MB to 437.0 MB.
Total: 14.163586 ms (FindLiveObjects: 0.263881 ms CreateObjectMapping: 0.191996 ms MarkObjects: 13.580785 ms  DeleteObjects: 0.126213 ms)

Loaded scene 'Assets/Hollowmere/Regions/ThornwickVillage.unity'
	Deserialize:            7.282 ms
	Integration:            2.315 ms
	Integration of assets:  0.273 ms
	Thread Wait Time:       1.915 ms
	Total Operation Time:   11.785 ms
Unloading 34 Unused Serialized files (Serialized files now loaded: 0)
Unloading 38 unused Assets / (40.2 KB). Loaded Objects now: 7634.
Memory consumption went from 438.1 MB to 438.1 MB.
Total: 15.349042 ms (FindLiveObjects: 0.281470 ms CreateObjectMapping: 0.214647 ms MarkObjects: 14.672801 ms  DeleteObjects: 0.179242 ms)

Loaded scene 'Assets/Hollowmere/Regions/BlackmereMarsh.unity'
	Deserialize:            8.554 ms
	Integration:            2.325 ms
	Integration of assets:  0.289 ms
	Thread Wait Time:       3.079 ms
	Total Operation Time:   14.247 ms
[P3.1] failure: boot 245ms/5f | Maren's rumour 37ms/5f | the barn lantern 15ms/4f | Hale opens the gate 43ms/3f | the sinkhole takes the lantern 16ms/4f
UnityEngine.Debug:ExtractStackTraceNoAlloc (byte*,int,string)
UnityEngine.StackTraceUtility:ExtractStackTrace () (at /home/bokken/build/output/unity/unity/Runtime/Export/Scripting/StackTrace.cs:35)
UnityEngine.DebugLogHandler:Internal_Log (UnityEngine.LogType,UnityEngine.LogOption,string,UnityEngine.Object)
UnityEngine.DebugLogHandler:LogFormat (UnityEngine.LogType,UnityEngine.Object,string,object[])
UnityEngine.Logger:Log (UnityEngine.LogType,object)
UnityEngine.Debug:Log (object)
Hollowmere.P3_1.PlayMode.Tests.FullQuestHeadless:Report (string) (at Assets/Hollowmere/Tests/P3_1/PlayMode/FullQuestHeadless.cs:468)
Hollowmere.P3_1.PlayMode.Tests.FullQuestHeadless/<Failure_LanternLost>d__12:MoveNext () (at Assets/Hollowmere/Tests/P3_1/PlayMode/FullQuestHeadless.cs:123)
UnityEngine.TestTools.TestEnumerator/<Execute>d__7:MoveNext () (at ./Library/PackageCache/com.unity.test-framework@bd52b1c23814/UnityEngine.TestRunner/NUnitExtensions/Attributes/TestEnumerator.cs:44)
UnityEngine.TestTools.EnumerableTestMethodCommand/<ExecuteEnumerableAndRecordExceptions>d__4:MoveNext () (at ./Library/PackageCache/com.unity.test-framework@bd52b1c23814/UnityEngine.TestRunner/NUnitExtensions/Commands/EnumerableTestMethodCommand.cs:79)
UnityEngine.TestTools.EnumerableTestMethodCommand:AdvanceEnumerator (System.Collections.IEnumerator) (at ./Library/PackageCache/com.unity.test-framework@bd52b1c23814/UnityEngine.TestRunner/NUnitExtensions/Commands/EnumerableTestMethodCommand.cs:64)
UnityEngine.TestTools.EnumerableTestMethodCommand/<ExecuteEnumerable>d__2:MoveNext () (at ./Library/PackageCache/com.unity.test-framework@bd52b1c23814/UnityEngine.TestRunner/NUnitExtensions/Commands/EnumerableTestMethodCommand.cs:47)
UnityEngine.TestRunner.NUnitExtensions.Runner.UnityLogCheckDelegatingCommand/<ExecuteEnumerable>d__3:MoveNext () (at ./Library/PackageCache/com.unity.test-framework@bd52b1c23814/UnityEngine.TestRunner/NUnitExtensions/Runner/UnityLogCheckDelegatingCommand.cs:48)
UnityEngine.TestTools.BeforeAfterTestCommandBase`1/<ExecuteEnumerable>d__16<NUnit.Framework.ITestAction>:MoveNext () (at ./Library/PackageCache/com.unity.test-framework@bd52b1c23814/UnityEngine.TestRunner/NUnitExtensions/Commands/BeforeAfterTestCommandBase.cs:212)
UnityEngine.TestTools.BeforeAfterTestCommandBase`1/<ExecuteEnumerable>d__16<System.Reflection.MethodInfo>:MoveNext () (at ./Library/PackageCache/com.unity.test-framework@bd52b1c23814/UnityEngine.TestRunner/NUnitExtensions/Commands/BeforeAfterTestCommandBase.cs:212)
UnityEngine.TestTools.BeforeAfterTestCommandBase`1/<ExecuteEnumerable>d__16<System.Reflection.MethodInfo>:MoveNext () (at ./Library/PackageCache/com.unity.test-framework@bd52b1c23814/UnityEngine.TestRunner/NUnitExtensions/Commands/BeforeAfterTestCommandBase.cs:212)
UnityEngine.TestTools.BeforeAfterTestCommandBase`1/<ExecuteEnumerable>d__16<UnityEngine.TestTools.IOuterUnityTestAction>:MoveNext () (at ./Library/PackageCache/com.unity.test-framework@bd52b1c23814/UnityEngine.TestRunner/NUnitExtensions/Commands/BeforeAfterTestCommandBase.cs:212)
UnityEngine.TestTools.RetryCommand/<ExecuteEnumerable>d__2:MoveNext () (at ./Library/PackageCache/com.unity.test-framework@bd52b1c23814/UnityEngine.TestRunner/NUnitExtensions/Commands/RetryCommand.cs:37)
UnityEngine.TestTools.RepeatCommand/<ExecuteEnumerable>d__2:MoveNext () (at ./Library/PackageCache/com.unity.test-framework@bd52b1c23814/UnityEngine.TestRunner/NUnitExtensions/Commands/RepeatCommand.cs:36)
UnityEngine.TestTools.EnumerableApplyChangesToContextCommand/<ExecuteEnumerable>d__1:MoveNext () (at ./Library/PackageCache/com.unity.test-framework@bd52b1c23814/UnityEngine.TestRunner/NUnitExtensions/Commands/EnumerableApplyChangesToContextCommand.cs:23)
UnityEngine.TestTools.IgnoreTestCommand/<ExecuteEnumerable>d__3:MoveNext () (at ./Library/PackageCache/com.unity.test-framework@bd52b1c23814/UnityEngine.TestRunner/NUnitExtensions/Commands/IgnoreTestCommand.cs:42)
UnityEngine.TestTools.StrictCheckCommand/<ExecuteEnumerable>d__2:MoveNext () (at ./Library/PackageCache/com.unity.test-framework@bd52b1c23814/UnityEngine.TestRunner/NUnitExtensions/Commands/StrictCheckCommand.cs:29)
UnityEngine.TestTools.Utils.CoroutineRunner/<WrapEnumeratorForChecks>d__8:MoveNext () (at ./Library/PackageCache/com.unity.test-framework@bd52b1c23814/UnityEngine.TestRunner/Utils/CoroutineRunner.cs:58)
UnityEngine.SetupCoroutine:InvokeMoveNext (System.Collections.IEnumerator,intptr) (at /home/bokken/build/output/unity/unity/Runtime/Export/Scripting/Coroutines.cs:17)

(Filename: Assets/Hollowmere/Tests/P3_1/PlayMode/FullQuestHeadless.cs Line: 468)

Unloading 34 Unused Serialized files (Serialized files now loaded: 0)
UnloadTime: 0.310420 ms
Loaded scene 'Assets/Hollowmere/Boot/Boot.unity'
	Deserialize:            0.538 ms
	Integration:            173.468 ms
	Integration of assets:  0.002 ms
	Thread Wait Time:       0.378 ms
	Total Operation Time:   174.386 ms
Unloading 34 unused Assets / (38.5 KB). Loaded Objects now: 7637.
Memory consumption went from 438.1 MB to 438.1 MB.
Total: 15.418031 ms (FindLiveObjects: 0.300319 ms CreateObjectMapping: 0.232177 ms MarkObjects: 14.721628 ms  DeleteObjects: 0.162904 ms)

Loaded scene 'Assets/Hollowmere/Regions/ThornwickVillage.unity'
	Deserialize:            8.135 ms
	Integration:            2.396 ms
	Integration of assets:  0.268 ms
	Thread Wait Time:       2.079 ms
	Total Operation Time:   12.878 ms
Unloading 35 Unused Serialized files (Serialized files now loaded: 0)
Unloading 38 unused Assets / (40.2 KB). Loaded Objects now: 7634.
Memory consumption went from 438.8 MB to 438.8 MB.
Total: 15.017589 ms (FindLiveObjects: 0.278290 ms CreateObjectMapping: 0.204997 ms MarkObjects: 14.379717 ms  DeleteObjects: 0.154050 ms)

Loaded scene 'Assets/Hollowmere/Regions/BlackmereMarsh.unity'
	Deserialize:            8.933 ms
	Integration:            2.216 ms
	Integration of assets:  0.286 ms
	Thread Wait Time:       2.923 ms
	Total Operation Time:   14.358 ms
Loaded scene 'Assets/Hollowmere/Regions/ThornwickVillage.unity'
	Deserialize:            6.508 ms
	Integration:            2.231 ms
	Integration of assets:  0.212 ms
	Thread Wait Time:       5.243 ms
	Total Operation Time:   14.193 ms
Loaded scene 'Assets/Hollowmere/Regions/DrownedBelfry.unity'
	Deserialize:            3.523 ms
	Integration:            1.341 ms
	Integration of assets:  0.007 ms
	Thread Wait Time:       8.902 ms
	Total Operation Time:   13.773 ms
Unloading 69 Unused Serialized files (Serialized files now loaded: 0)
Unloading 51 unused Assets / (53.2 KB). Loaded Objects now: 7960.
Memory consumption went from 440.2 MB to 440.1 MB.
Total: 14.534753 ms (FindLiveObjects: 0.292028 ms CreateObjectMapping: 0.204481 ms MarkObjects: 13.816049 ms  DeleteObjects: 0.221482 ms)

Unloading 0 Unused Serialized files (Serialized files now loaded: 0)
Unloading 0 unused Assets / (0 B). Loaded Objects now: 7960.
Memory consumption went from 438.6 MB to 438.6 MB.
Total: 14.354352 ms (FindLiveObjects: 0.322065 ms CreateObjectMapping: 0.195322 ms MarkObjects: 13.824830 ms  DeleteObjects: 0.011439 ms)

Unloading 29 Unused Serialized files (Serialized files now loaded: 0)
Loaded scene 'Assets/Hollowmere/Regions/ThornwickVillage.unity'
	Deserialize:            11.261 ms
	Integration:            2.163 ms
	Integration of assets:  0.254 ms
	Thread Wait Time:       1.682 ms
	Total Operation Time:   15.360 ms
Unloading 18 unused Assets / (18.8 KB). Loaded Objects now: 8084.
Memory consumption went from 439.5 MB to 439.5 MB.
Total: 14.050781 ms (FindLiveObjects: 0.282119 ms CreateObjectMapping: 0.222863 ms MarkObjects: 13.449388 ms  DeleteObjects: 0.095619 ms)

Unloading 1 Unused Serialized files (Serialized files now loaded: 0)
Unloading 32 unused Assets / (36.8 KB). Loaded Objects now: 7645.
Memory consumption went from 438.8 MB to 438.8 MB.
Total: 15.521723 ms (FindLiveObjects: 0.276414 ms CreateObjectMapping: 0.209618 ms MarkObjects: 14.855385 ms  DeleteObjects: 0.179303 ms)

Loaded scene 'Assets/Hollowmere/Regions/DrownedBelfry.unity'
	Deserialize:            5.756 ms
	Integration:            2.073 ms
	Integration of assets:  0.247 ms
	Thread Wait Time:       2.150 ms
	Total Operation Time:   10.226 ms
Unloading 23 Unused Serialized files (Serialized files now loaded: 0)
UnloadTime: 0.227774 ms
Loaded scene 'Assets/Hollowmere/Boot/Boot.unity'
	Deserialize:            0.579 ms
	Integration:            171.305 ms
	Integration of assets:  0.002 ms
	Thread Wait Time:       0.371 ms
	Total Operation Time:   172.257 ms
Unloading 32 unused Assets / (28.8 KB). Loaded Objects now: 7635.
Memory consumption went from 437.7 MB to 437.7 MB.
Total: 14.750616 ms (FindLiveObjects: 0.258631 ms CreateObjectMapping: 0.197768 ms MarkObjects: 14.147314 ms  DeleteObjects: 0.145983 ms)

[P3.1b] save capture slot-1 mainThreadMs=77.850
UnityEngine.Debug:ExtractStackTraceNoAlloc (byte*,int,string)
UnityEngine.StackTraceUtility:ExtractStackTrace () (at /home/bokken/build/output/unity/unity/Runtime/Export/Scripting/StackTrace.cs:35)
UnityEngine.DebugLogHandler:Internal_Log (UnityEngine.LogType,UnityEngine.LogOption,string,UnityEngine.Object)
UnityEngine.DebugLogHandler:LogFormat (UnityEngine.LogType,UnityEngine.Object,string,object[])
UnityEngine.Logger:Log (UnityEngine.LogType,object)
UnityEngine.Debug:Log (object)
Hollowmere.UiAudio.HollowmereUiAudio/<SaveAndConfirm>d__38:MoveNext () (at Assets/Hollowmere/UI/Runtime/HollowmereUiAudio.cs:124)
System.Runtime.CompilerServices.AsyncTaskMethodBuilder`1<GameCore.Unity.App.SaveResult>:Start<Hollowmere.UiAudio.HollowmereUiAudio/<SaveAndConfirm>d__38> (Hollowmere.UiAudio.HollowmereUiAudio/<SaveAndConfirm>d__38&)
Hollowmere.UiAudio.HollowmereUiAudio:SaveAndConfirm (string)
Hollowmere.UiAudio.HollowmereUiAudio:Dispatch (string,single) (at Assets/Hollowmere/UI/Runtime/HollowmereUiAudio.cs:116)
Hollowmere.P3_1.PlayMode.Tests.FullQuestHeadless/<P31b_SAVE_AsyncWriteRestoresCapturedHashAndConfirmsAfterWrite>d__38:MoveNext () (at Assets/Hollowmere/Tests/P3_1/PlayMode/P31bFrameFollowups.cs:26)
UnityEngine.TestTools.TestEnumerator/<Execute>d__7:MoveNext () (at ./Library/PackageCache/com.unity.test-framework@bd52b1c23814/UnityEngine.TestRunner/NUnitExtensions/Attributes/TestEnumerator.cs:44)
UnityEngine.TestTools.EnumerableTestMethodCommand/<ExecuteEnumerableAndRecordExceptions>d__4:MoveNext () (at ./Library/PackageCache/com.unity.test-framework@bd52b1c23814/UnityEngine.TestRunner/NUnitExtensions/Commands/EnumerableTestMethodCommand.cs:79)
UnityEngine.TestTools.EnumerableTestMethodCommand:AdvanceEnumerator (System.Collections.IEnumerator) (at ./Library/PackageCache/com.unity.test-framework@bd52b1c23814/UnityEngine.TestRunner/NUnitExtensions/Commands/EnumerableTestMethodCommand.cs:64)
UnityEngine.TestTools.EnumerableTestMethodCommand/<ExecuteEnumerable>d__2:MoveNext () (at ./Library/PackageCache/com.unity.test-framework@bd52b1c23814/UnityEngine.TestRunner/NUnitExtensions/Commands/EnumerableTestMethodCommand.cs:47)
UnityEngine.TestRunner.NUnitExtensions.Runner.UnityLogCheckDelegatingCommand/<ExecuteEnumerable>d__3:MoveNext () (at ./Library/PackageCache/com.unity.test-framework@bd52b1c23814/UnityEngine.TestRunner/NUnitExtensions/Runner/UnityLogCheckDelegatingCommand.cs:48)
UnityEngine.TestTools.BeforeAfterTestCommandBase`1/<ExecuteEnumerable>d__16<NUnit.Framework.ITestAction>:MoveNext () (at ./Library/PackageCache/com.unity.test-framework@bd52b1c23814/UnityEngine.TestRunner/NUnitExtensions/Commands/BeforeAfterTestCommandBase.cs:212)
UnityEngine.TestTools.BeforeAfterTestCommandBase`1/<ExecuteEnumerable>d__16<System.Reflection.MethodInfo>:MoveNext () (at ./Library/PackageCache/com.unity.test-framework@bd52b1c23814/UnityEngine.TestRunner/NUnitExtensions/Commands/BeforeAfterTestCommandBase.cs:212)
UnityEngine.TestTools.BeforeAfterTestCommandBase`1/<ExecuteEnumerable>d__16<System.Reflection.MethodInfo>:MoveNext () (at ./Library/PackageCache/com.unity.test-framework@bd52b1c23814/UnityEngine.TestRunner/NUnitExtensions/Commands/BeforeAfterTestCommandBase.cs:212)
UnityEngine.TestTools.BeforeAfterTestCommandBase`1/<ExecuteEnumerable>d__16<UnityEngine.TestTools.IOuterUnityTestAction>:MoveNext () (at ./Library/PackageCache/com.unity.test-framework@bd52b1c23814/UnityEngine.TestRunner/NUnitExtensions/Commands/BeforeAfterTestCommandBase.cs:212)
UnityEngine.TestTools.RetryCommand/<ExecuteEnumerable>d__2:MoveNext () (at ./Library/PackageCache/com.unity.test-framework@bd52b1c23814/UnityEngine.TestRunner/NUnitExtensions/Commands/RetryCommand.cs:37)
UnityEngine.TestTools.RepeatCommand/<ExecuteEnumerable>d__2:MoveNext () (at ./Library/PackageCache/com.unity.test-framework@bd52b1c23814/UnityEngine.TestRunner/NUnitExtensions/Commands/RepeatCommand.cs:36)
UnityEngine.TestTools.IgnoreTestCommand/<ExecuteEnumerable>d__3:MoveNext () (at ./Library/PackageCache/com.unity.test-framework@bd52b1c23814/UnityEngine.TestRunner/NUnitExtensions/Commands/IgnoreTestCommand.cs:42)
UnityEngine.TestTools.StrictCheckCommand/<ExecuteEnumerable>d__2:MoveNext () (at ./Library/PackageCache/com.unity.test-framework@bd52b1c23814/UnityEngine.TestRunner/NUnitExtensions/Commands/StrictCheckCommand.cs:29)
UnityEngine.TestTools.Utils.CoroutineRunner/<WrapEnumeratorForChecks>d__8:MoveNext () (at ./Library/PackageCache/com.unity.test-framework@bd52b1c23814/UnityEngine.TestRunner/Utils/CoroutineRunner.cs:58)
UnityEngine.SetupCoroutine:InvokeMoveNext (System.Collections.IEnumerator,intptr) (at /home/bokken/build/output/unity/unity/Runtime/Export/Scripting/Coroutines.cs:17)

(Filename: Assets/Hollowmere/UI/Runtime/HollowmereUiAudio.cs Line: 124)

Loaded scene 'Assets/Hollowmere/Regions/ThornwickVillage.unity'
	Deserialize:            9.067 ms
	Integration:            2.470 ms
	Integration of assets:  0.322 ms
	Thread Wait Time:       87.354 ms
	Total Operation Time:   99.212 ms
Unloading 36 Unused Serialized files (Serialized files now loaded: 0)
UnloadTime: 0.315956 ms
Loaded scene 'Assets/Hollowmere/Boot/Boot.unity'
	Deserialize:            0.545 ms
	Integration:            174.044 ms
	Integration of assets:  0.001 ms
	Thread Wait Time:       0.367 ms
	Total Operation Time:   174.958 ms
Unloading 38 unused Assets / (40.2 KB). Loaded Objects now: 7635.
Memory consumption went from 438.1 MB to 438.1 MB.
Total: 12.309789 ms (FindLiveObjects: 0.270053 ms CreateObjectMapping: 0.219300 ms MarkObjects: 11.654015 ms  DeleteObjects: 0.165537 ms)

Loaded scene 'Assets/Hollowmere/Regions/ThornwickVillage.unity'
	Deserialize:            8.292 ms
	Integration:            2.526 ms
	Integration of assets:  0.282 ms
	Thread Wait Time:       1.756 ms
	Total Operation Time:   12.856 ms
Unloading 36 Unused Serialized files (Serialized files now loaded: 0)
UnloadTime: 0.336409 ms
Loaded scene 'Assets/Hollowmere/Boot/Boot.unity'
	Deserialize:            0.551 ms
	Integration:            173.325 ms
	Integration of assets:  0.002 ms
	Thread Wait Time:       0.381 ms
	Total Operation Time:   174.259 ms
Unloading 38 unused Assets / (40.2 KB). Loaded Objects now: 7635.
Memory consumption went from 438.1 MB to 438.1 MB.
Total: 28.636627 ms (FindLiveObjects: 0.280802 ms CreateObjectMapping: 0.213382 ms MarkObjects: 27.906701 ms  DeleteObjects: 0.234765 ms)

Loaded scene 'Assets/Hollowmere/Regions/ThornwickVillage.unity'
	Deserialize:            11.853 ms
	Integration:            2.483 ms
	Integration of assets:  0.336 ms
	Thread Wait Time:       3.413 ms
	Total Operation Time:   18.085 ms
[R7-C lantern] interaction outcomes: succeeded=1, refused=7
UnityEngine.Debug:ExtractStackTraceNoAlloc (byte*,int,string)
UnityEngine.StackTraceUtility:ExtractStackTrace () (at /home/bokken/build/output/unity/unity/Runtime/Export/Scripting/StackTrace.cs:35)
UnityEngine.DebugLogHandler:Internal_Log (UnityEngine.LogType,UnityEngine.LogOption,string,UnityEngine.Object)
UnityEngine.DebugLogHandler:LogFormat (UnityEngine.LogType,UnityEngine.Object,string,object[])
UnityEngine.Logger:Log (UnityEngine.LogType,object)
UnityEngine.Debug:Log (object)
Hollowmere.P3_1.PlayMode.Tests.FullQuestHeadless/<LanternUseBurst>d__15:MoveNext () (at Assets/Hollowmere/Tests/P3_1/PlayMode/FullQuestHeadless.cs:250)
UnityEngine.TestTools.TestEnumerator/<Execute>d__7:MoveNext () (at ./Library/PackageCache/com.unity.test-framework@bd52b1c23814/UnityEngine.TestRunner/NUnitExtensions/Attributes/TestEnumerator.cs:44)
UnityEngine.TestTools.EnumerableTestMethodCommand/<ExecuteEnumerableAndRecordExceptions>d__4:MoveNext () (at ./Library/PackageCache/com.unity.test-framework@bd52b1c23814/UnityEngine.TestRunner/NUnitExtensions/Commands/EnumerableTestMethodCommand.cs:79)
UnityEngine.SetupCoroutine:InvokeMoveNext (System.Collections.IEnumerator,intptr) (at /home/bokken/build/output/unity/unity/Runtime/Export/Scripting/Coroutines.cs:17)

(Filename: Assets/Hollowmere/Tests/P3_1/PlayMode/FullQuestHeadless.cs Line: 250)

[R7-C lantern] interaction outcomes: succeeded=1, refused=7
UnityEngine.Debug:ExtractStackTraceNoAlloc (byte*,int,string)
UnityEngine.StackTraceUtility:ExtractStackTrace () (at /home/bokken/build/output/unity/unity/Runtime/Export/Scripting/StackTrace.cs:35)
UnityEngine.DebugLogHandler:Internal_Log (UnityEngine.LogType,UnityEngine.LogOption,string,UnityEngine.Object)
UnityEngine.DebugLogHandler:LogFormat (UnityEngine.LogType,UnityEngine.Object,string,object[])
UnityEngine.Logger:Log (UnityEngine.LogType,object)
UnityEngine.Debug:Log (object)
Hollowmere.P3_1.PlayMode.Tests.FullQuestHeadless/<LanternUseBurst>d__15:MoveNext () (at Assets/Hollowmere/Tests/P3_1/PlayMode/FullQuestHeadless.cs:250)
UnityEngine.TestTools.TestEnumerator/<Execute>d__7:MoveNext () (at ./Library/PackageCache/com.unity.test-framework@bd52b1c23814/UnityEngine.TestRunner/NUnitExtensions/Attributes/TestEnumerator.cs:44)
UnityEngine.TestTools.EnumerableTestMethodCommand/<ExecuteEnumerableAndRecordExceptions>d__4:MoveNext () (at ./Library/PackageCache/com.unity.test-framework@bd52b1c23814/UnityEngine.TestRunner/NUnitExtensions/Commands/EnumerableTestMethodCommand.cs:79)
UnityEngine.SetupCoroutine:InvokeMoveNext (System.Collections.IEnumerator,intptr) (at /home/bokken/build/output/unity/unity/Runtime/Export/Scripting/Coroutines.cs:17)

(Filename: Assets/Hollowmere/Tests/P3_1/PlayMode/FullQuestHeadless.cs Line: 250)

[R7-C lantern] interaction outcomes: succeeded=0, refused=8
UnityEngine.Debug:ExtractStackTraceNoAlloc (byte*,int,string)
UnityEngine.StackTraceUtility:ExtractStackTrace () (at /home/bokken/build/output/unity/unity/Runtime/Export/Scripting/StackTrace.cs:35)
UnityEngine.DebugLogHandler:Internal_Log (UnityEngine.LogType,UnityEngine.LogOption,string,UnityEngine.Object)
UnityEngine.DebugLogHandler:LogFormat (UnityEngine.LogType,UnityEngine.Object,string,object[])
UnityEngine.Logger:Log (UnityEngine.LogType,object)
UnityEngine.Debug:Log (object)
Hollowmere.P3_1.PlayMode.Tests.FullQuestHeadless/<LanternUseBurst>d__15:MoveNext () (at Assets/Hollowmere/Tests/P3_1/PlayMode/FullQuestHeadless.cs:250)
UnityEngine.TestTools.TestEnumerator/<Execute>d__7:MoveNext () (at ./Library/PackageCache/com.unity.test-framework@bd52b1c23814/UnityEngine.TestRunner/NUnitExtensions/Attributes/TestEnumerator.cs:44)
UnityEngine.TestTools.EnumerableTestMethodCommand/<ExecuteEnumerableAndRecordExceptions>d__4:MoveNext () (at ./Library/PackageCache/com.unity.test-framework@bd52b1c23814/UnityEngine.TestRunner/NUnitExtensions/Commands/EnumerableTestMethodCommand.cs:79)
UnityEngine.SetupCoroutine:InvokeMoveNext (System.Collections.IEnumerator,intptr) (at /home/bokken/build/output/unity/unity/Runtime/Export/Scripting/Coroutines.cs:17)

(Filename: Assets/Hollowmere/Tests/P3_1/PlayMode/FullQuestHeadless.cs Line: 250)

[R7-C lantern] interaction outcomes: succeeded=0, refused=8
UnityEngine.Debug:ExtractStackTraceNoAlloc (byte*,int,string)
UnityEngine.StackTraceUtility:ExtractStackTrace () (at /home/bokken/build/output/unity/unity/Runtime/Export/Scripting/StackTrace.cs:35)
UnityEngine.DebugLogHandler:Internal_Log (UnityEngine.LogType,UnityEngine.LogOption,string,UnityEngine.Object)
UnityEngine.DebugLogHandler:LogFormat (UnityEngine.LogType,UnityEngine.Object,string,object[])
UnityEngine.Logger:Log (UnityEngine.LogType,object)
UnityEngine.Debug:Log (object)
Hollowmere.P3_1.PlayMode.Tests.FullQuestHeadless/<LanternUseBurst>d__15:MoveNext () (at Assets/Hollowmere/Tests/P3_1/PlayMode/FullQuestHeadless.cs:250)
UnityEngine.TestTools.TestEnumerator/<Execute>d__7:MoveNext () (at ./Library/PackageCache/com.unity.test-framework@bd52b1c23814/UnityEngine.TestRunner/NUnitExtensions/Attributes/TestEnumerator.cs:44)
UnityEngine.TestTools.EnumerableTestMethodCommand/<ExecuteEnumerableAndRecordExceptions>d__4:MoveNext () (at ./Library/PackageCache/com.unity.test-framework@bd52b1c23814/UnityEngine.TestRunner/NUnitExtensions/Commands/EnumerableTestMethodCommand.cs:79)
UnityEngine.SetupCoroutine:InvokeMoveNext (System.Collections.IEnumerator,intptr) (at /home/bokken/build/output/unity/unity/Runtime/Export/Scripting/Coroutines.cs:17)

(Filename: Assets/Hollowmere/Tests/P3_1/PlayMode/FullQuestHeadless.cs Line: 250)

[P3.1] R7-C W-PLUG-08: 32 real barn uses, exactly one lantern across save/reload: boot 267ms/8f
UnityEngine.Debug:ExtractStackTraceNoAlloc (byte*,int,string)
UnityEngine.StackTraceUtility:ExtractStackTrace () (at /home/bokken/build/output/unity/unity/Runtime/Export/Scripting/StackTrace.cs:35)
UnityEngine.DebugLogHandler:Internal_Log (UnityEngine.LogType,UnityEngine.LogOption,string,UnityEngine.Object)
UnityEngine.DebugLogHandler:LogFormat (UnityEngine.LogType,UnityEngine.Object,string,object[])
UnityEngine.Logger:Log (UnityEngine.LogType,object)
UnityEngine.Debug:Log (object)
Hollowmere.P3_1.PlayMode.Tests.FullQuestHeadless:Report (string) (at Assets/Hollowmere/Tests/P3_1/PlayMode/FullQuestHeadless.cs:468)
Hollowmere.P3_1.PlayMode.Tests.FullQuestHeadless/<R7C_WPLUG08_RepeatedBarnLanternPickupAndReload_LeavesExactlyOneLantern>d__14:MoveNext () (at Assets/Hollowmere/Tests/P3_1/PlayMode/FullQuestHeadless.cs:206)
UnityEngine.TestTools.TestEnumerator/<Execute>d__7:MoveNext () (at ./Library/PackageCache/com.unity.test-framework@bd52b1c23814/UnityEngine.TestRunner/NUnitExtensions/Attributes/TestEnumerator.cs:44)
UnityEngine.TestTools.EnumerableTestMethodCommand/<ExecuteEnumerableAndRecordExceptions>d__4:MoveNext () (at ./Library/PackageCache/com.unity.test-framework@bd52b1c23814/UnityEngine.TestRunner/NUnitExtensions/Commands/EnumerableTestMethodCommand.cs:79)
UnityEngine.TestTools.EnumerableTestMethodCommand:AdvanceEnumerator (System.Collections.IEnumerator) (at ./Library/PackageCache/com.unity.test-framework@bd52b1c23814/UnityEngine.TestRunner/NUnitExtensions/Commands/EnumerableTestMethodCommand.cs:64)
UnityEngine.TestTools.EnumerableTestMethodCommand/<ExecuteEnumerable>d__2:MoveNext () (at ./Library/PackageCache/com.unity.test-framework@bd52b1c23814/UnityEngine.TestRunner/NUnitExtensions/Commands/EnumerableTestMethodCommand.cs:47)
UnityEngine.TestRunner.NUnitExtensions.Runner.UnityLogCheckDelegatingCommand/<ExecuteEnumerable>d__3:MoveNext () (at ./Library/PackageCache/com.unity.test-framework@bd52b1c23814/UnityEngine.TestRunner/NUnitExtensions/Runner/UnityLogCheckDelegatingCommand.cs:48)
UnityEngine.TestTools.BeforeAfterTestCommandBase`1/<ExecuteEnumerable>d__16<NUnit.Framework.ITestAction>:MoveNext () (at ./Library/PackageCache/com.unity.test-framework@bd52b1c23814/UnityEngine.TestRunner/NUnitExtensions/Commands/BeforeAfterTestCommandBase.cs:212)
UnityEngine.TestTools.BeforeAfterTestCommandBase`1/<ExecuteEnumerable>d__16<System.Reflection.MethodInfo>:MoveNext () (at ./Library/PackageCache/com.unity.test-framework@bd52b1c23814/UnityEngine.TestRunner/NUnitExtensions/Commands/BeforeAfterTestCommandBase.cs:212)
UnityEngine.TestTools.BeforeAfterTestCommandBase`1/<ExecuteEnumerable>d__16<System.Reflection.MethodInfo>:MoveNext () (at ./Library/PackageCache/com.unity.test-framework@bd52b1c23814/UnityEngine.TestRunner/NUnitExtensions/Commands/BeforeAfterTestCommandBase.cs:212)
UnityEngine.TestTools.BeforeAfterTestCommandBase`1/<ExecuteEnumerable>d__16<UnityEngine.TestTools.IOuterUnityTestAction>:MoveNext () (at ./Library/PackageCache/com.unity.test-framework@bd52b1c23814/UnityEngine.TestRunner/NUnitExtensions/Commands/BeforeAfterTestCommandBase.cs:212)
UnityEngine.TestTools.RetryCommand/<ExecuteEnumerable>d__2:MoveNext () (at ./Library/PackageCache/com.unity.test-framework@bd52b1c23814/UnityEngine.TestRunner/NUnitExtensions/Commands/RetryCommand.cs:37)
UnityEngine.TestTools.RepeatCommand/<ExecuteEnumerable>d__2:MoveNext () (at ./Library/PackageCache/com.unity.test-framework@bd52b1c23814/UnityEngine.TestRunner/NUnitExtensions/Commands/RepeatCommand.cs:36)
UnityEngine.TestTools.EnumerableApplyChangesToContextCommand/<ExecuteEnumerable>d__1:MoveNext () (at ./Library/PackageCache/com.unity.test-framework@bd52b1c23814/UnityEngine.TestRunner/NUnitExtensions/Commands/EnumerableApplyChangesToContextCommand.cs:23)
UnityEngine.TestTools.IgnoreTestCommand/<ExecuteEnumerable>d__3:MoveNext () (at ./Library/PackageCache/com.unity.test-framework@bd52b1c23814/UnityEngine.TestRunner/NUnitExtensions/Commands/IgnoreTestCommand.cs:42)
UnityEngine.TestTools.StrictCheckCommand/<ExecuteEnumerable>d__2:MoveNext () (at ./Library/PackageCache/com.unity.test-framework@bd52b1c23814/UnityEngine.TestRunner/NUnitExtensions/Commands/StrictCheckCommand.cs:29)
UnityEngine.TestTools.Utils.CoroutineRunner/<WrapEnumeratorForChecks>d__8:MoveNext () (at ./Library/PackageCache/com.unity.test-framework@bd52b1c23814/UnityEngine.TestRunner/Utils/CoroutineRunner.cs:58)
UnityEngine.SetupCoroutine:InvokeMoveNext (System.Collections.IEnumerator,intptr) (at /home/bokken/build/output/unity/unity/Runtime/Export/Scripting/Coroutines.cs:17)

(Filename: Assets/Hollowmere/Tests/P3_1/PlayMode/FullQuestHeadless.cs Line: 468)

Unloading 36 Unused Serialized files (Serialized files now loaded: 0)
UnloadTime: 0.344816 ms
Loaded scene 'Assets/Hollowmere/Boot/Boot.unity'
	Deserialize:            0.562 ms
	Integration:            164.406 ms
	Integration of assets:  0.002 ms
	Thread Wait Time:       0.375 ms
	Total Operation Time:   165.345 ms
Unloading 41 unused Assets / (40.3 KB). Loaded Objects now: 7637.
Memory consumption went from 438.1 MB to 438.1 MB.
Total: 17.804051 ms (FindLiveObjects: 0.309643 ms CreateObjectMapping: 0.248592 ms MarkObjects: 17.022985 ms  DeleteObjects: 0.221804 ms)

[W-PLUG-11] real Maren dialogue plays Maren_greet volume=1
UnityEngine.Debug:ExtractStackTraceNoAlloc (byte*,int,string)
UnityEngine.StackTraceUtility:ExtractStackTrace () (at /home/bokken/build/output/unity/unity/Runtime/Export/Scripting/StackTrace.cs:35)
UnityEngine.DebugLogHandler:Internal_Log (UnityEngine.LogType,UnityEngine.LogOption,string,UnityEngine.Object)
UnityEngine.DebugLogHandler:LogFormat (UnityEngine.LogType,UnityEngine.Object,string,object[])
UnityEngine.Logger:Log (UnityEngine.LogType,object)
UnityEngine.Debug:Log (object)
Hollowmere.P3_1.PlayMode.Tests.FullQuestHeadless/<R7C_WPLUG11_ActualMarenLinePlaysItsNativeVoiceClip>d__41:MoveNext () (at Assets/Hollowmere/Tests/P3_1/PlayMode/R7VoicePlayback.cs:34)
UnityEngine.TestTools.TestEnumerator/<Execute>d__7:MoveNext () (at ./Library/PackageCache/com.unity.test-framework@bd52b1c23814/UnityEngine.TestRunner/NUnitExtensions/Attributes/TestEnumerator.cs:44)
UnityEngine.TestTools.EnumerableTestMethodCommand/<ExecuteEnumerableAndRecordExceptions>d__4:MoveNext () (at ./Library/PackageCache/com.unity.test-framework@bd52b1c23814/UnityEngine.TestRunner/NUnitExtensions/Commands/EnumerableTestMethodCommand.cs:79)
UnityEngine.TestTools.EnumerableTestMethodCommand:AdvanceEnumerator (System.Collections.IEnumerator) (at ./Library/PackageCache/com.unity.test-framework@bd52b1c23814/UnityEngine.TestRunner/NUnitExtensions/Commands/EnumerableTestMethodCommand.cs:64)
UnityEngine.TestTools.EnumerableTestMethodCommand/<ExecuteEnumerable>d__2:MoveNext () (at ./Library/PackageCache/com.unity.test-framework@bd52b1c23814/UnityEngine.TestRunner/NUnitExtensions/Commands/EnumerableTestMethodCommand.cs:47)
UnityEngine.TestRunner.NUnitExtensions.Runner.UnityLogCheckDelegatingCommand/<ExecuteEnumerable>d__3:MoveNext () (at ./Library/PackageCache/com.unity.test-framework@bd52b1c23814/UnityEngine.TestRunner/NUnitExtensions/Runner/UnityLogCheckDelegatingCommand.cs:48)
UnityEngine.TestTools.BeforeAfterTestCommandBase`1/<ExecuteEnumerable>d__16<NUnit.Framework.ITestAction>:MoveNext () (at ./Library/PackageCache/com.unity.test-framework@bd52b1c23814/UnityEngine.TestRunner/NUnitExtensions/Commands/BeforeAfterTestCommandBase.cs:212)
UnityEngine.TestTools.BeforeAfterTestCommandBase`1/<ExecuteEnumerable>d__16<System.Reflection.MethodInfo>:MoveNext () (at ./Library/PackageCache/com.unity.test-framework@bd52b1c23814/UnityEngine.TestRunner/NUnitExtensions/Commands/BeforeAfterTestCommandBase.cs:212)
UnityEngine.TestTools.BeforeAfterTestCommandBase`1/<ExecuteEnumerable>d__16<System.Reflection.MethodInfo>:MoveNext () (at ./Library/PackageCache/com.unity.test-framework@bd52b1c23814/UnityEngine.TestRunner/NUnitExtensions/Commands/BeforeAfterTestCommandBase.cs:212)
UnityEngine.TestTools.BeforeAfterTestCommandBase`1/<ExecuteEnumerable>d__16<UnityEngine.TestTools.IOuterUnityTestAction>:MoveNext () (at ./Library/PackageCache/com.unity.test-framework@bd52b1c23814/UnityEngine.TestRunner/NUnitExtensions/Commands/BeforeAfterTestCommandBase.cs:212)
UnityEngine.TestTools.RetryCommand/<ExecuteEnumerable>d__2:MoveNext () (at ./Library/PackageCache/com.unity.test-framework@bd52b1c23814/UnityEngine.TestRunner/NUnitExtensions/Commands/RetryCommand.cs:37)
UnityEngine.TestTools.RepeatCommand/<ExecuteEnumerable>d__2:MoveNext () (at ./Library/PackageCache/com.unity.test-framework@bd52b1c23814/UnityEngine.TestRunner/NUnitExtensions/Commands/RepeatCommand.cs:36)
UnityEngine.TestTools.IgnoreTestCommand/<ExecuteEnumerable>d__3:MoveNext () (at ./Library/PackageCache/com.unity.test-framework@bd52b1c23814/UnityEngine.TestRunner/NUnitExtensions/Commands/IgnoreTestCommand.cs:42)
UnityEngine.TestTools.StrictCheckCommand/<ExecuteEnumerable>d__2:MoveNext () (at ./Library/PackageCache/com.unity.test-framework@bd52b1c23814/UnityEngine.TestRunner/NUnitExtensions/Commands/StrictCheckCommand.cs:29)
UnityEngine.TestTools.Utils.CoroutineRunner/<WrapEnumeratorForChecks>d__8:MoveNext () (at ./Library/PackageCache/com.unity.test-framework@bd52b1c23814/UnityEngine.TestRunner/Utils/CoroutineRunner.cs:58)
UnityEngine.SetupCoroutine:InvokeMoveNext (System.Collections.IEnumerator,intptr) (at /home/bokken/build/output/unity/unity/Runtime/Export/Scripting/Coroutines.cs:17)

(Filename: Assets/Hollowmere/Tests/P3_1/PlayMode/R7VoicePlayback.cs Line: 34)

Loaded scene 'Assets/Hollowmere/Regions/ThornwickVillage.unity'
	Deserialize:            13.158 ms
	Integration:            3.338 ms
	Integration of assets:  0.367 ms
	Thread Wait Time:       5.277 ms
	Total Operation Time:   22.140 ms
Unloading 34 Unused Serialized files (Serialized files now loaded: 0)
UnloadTime: 0.528895 ms
Loaded scene 'Assets/Hollowmere/Boot/Boot.unity'
	Deserialize:            0.703 ms
	Integration:            180.093 ms
	Integration of assets:  0.002 ms
	Thread Wait Time:       0.525 ms
	Total Operation Time:   181.323 ms
Unloading 38 unused Assets / (40.3 KB). Loaded Objects now: 7635.
Memory consumption went from 438.1 MB to 438.1 MB.
Total: 14.240835 ms (FindLiveObjects: 0.255798 ms CreateObjectMapping: 0.195338 ms MarkObjects: 13.605162 ms  DeleteObjects: 0.183621 ms)

Loaded scene 'Assets/Hollowmere/Regions/ThornwickVillage.unity'
	Deserialize:            8.508 ms
	Integration:            2.698 ms
	Integration of assets:  0.435 ms
	Thread Wait Time:       3.473 ms
	Total Operation Time:   15.115 ms
Unloading 36 Unused Serialized files (Serialized files now loaded: 0)
Unloading 37 unused Assets / (40.8 KB). Loaded Objects now: 7634.
Memory consumption went from 438.8 MB to 438.8 MB.
Total: 14.434142 ms (FindLiveObjects: 0.281864 ms CreateObjectMapping: 0.197259 ms MarkObjects: 13.790421 ms  DeleteObjects: 0.163909 ms)

Loaded scene 'Assets/Hollowmere/Regions/BlackmereMarsh.unity'
	Deserialize:            7.881 ms
	Integration:            2.294 ms
	Integration of assets:  0.287 ms
	Thread Wait Time:       2.558 ms
	Total Operation Time:   13.019 ms
[P3.1] round trip: slots 98ff46e85f63035db9e3454a200557bd9bfa84529e465285a5d25bc6f083ae29 -> 98ff46e85f63035db9e3454a200557bd9bfa84529e465285a5d25bc6f083ae29, step 40 -> 40
UnityEngine.Debug:ExtractStackTraceNoAlloc (byte*,int,string)
UnityEngine.StackTraceUtility:ExtractStackTrace () (at /home/bokken/build/output/unity/unity/Runtime/Export/Scripting/StackTrace.cs:35)
UnityEngine.DebugLogHandler:Internal_Log (UnityEngine.LogType,UnityEngine.LogOption,string,UnityEngine.Object)
UnityEngine.DebugLogHandler:LogFormat (UnityEngine.LogType,UnityEngine.Object,string,object[])
UnityEngine.Logger:Log (UnityEngine.LogType,object)
UnityEngine.Debug:Log (object)
Hollowmere.P3_1.PlayMode.Tests.FullQuestHeadless/<SaveRestoreMidQuest>d__13:MoveNext () (at Assets/Hollowmere/Tests/P3_1/PlayMode/FullQuestHeadless.cs:142)
UnityEngine.TestTools.TestEnumerator/<Execute>d__7:MoveNext () (at ./Library/PackageCache/com.unity.test-framework@bd52b1c23814/UnityEngine.TestRunner/NUnitExtensions/Attributes/TestEnumerator.cs:44)
UnityEngine.TestTools.EnumerableTestMethodCommand/<ExecuteEnumerableAndRecordExceptions>d__4:MoveNext () (at ./Library/PackageCache/com.unity.test-framework@bd52b1c23814/UnityEngine.TestRunner/NUnitExtensions/Commands/EnumerableTestMethodCommand.cs:79)
UnityEngine.TestTools.EnumerableTestMethodCommand:AdvanceEnumerator (System.Collections.IEnumerator) (at ./Library/PackageCache/com.unity.test-framework@bd52b1c23814/UnityEngine.TestRunner/NUnitExtensions/Commands/EnumerableTestMethodCommand.cs:64)
UnityEngine.TestTools.EnumerableTestMethodCommand/<ExecuteEnumerable>d__2:MoveNext () (at ./Library/PackageCache/com.unity.test-framework@bd52b1c23814/UnityEngine.TestRunner/NUnitExtensions/Commands/EnumerableTestMethodCommand.cs:47)
UnityEngine.TestRunner.NUnitExtensions.Runner.UnityLogCheckDelegatingCommand/<ExecuteEnumerable>d__3:MoveNext () (at ./Library/PackageCache/com.unity.test-framework@bd52b1c23814/UnityEngine.TestRunner/NUnitExtensions/Runner/UnityLogCheckDelegatingCommand.cs:48)
UnityEngine.TestTools.BeforeAfterTestCommandBase`1/<ExecuteEnumerable>d__16<NUnit.Framework.ITestAction>:MoveNext () (at ./Library/PackageCache/com.unity.test-framework@bd52b1c23814/UnityEngine.TestRunner/NUnitExtensions/Commands/BeforeAfterTestCommandBase.cs:212)
UnityEngine.TestTools.BeforeAfterTestCommandBase`1/<ExecuteEnumerable>d__16<System.Reflection.MethodInfo>:MoveNext () (at ./Library/PackageCache/com.unity.test-framework@bd52b1c23814/UnityEngine.TestRunner/NUnitExtensions/Commands/BeforeAfterTestCommandBase.cs:212)
UnityEngine.TestTools.BeforeAfterTestCommandBase`1/<ExecuteEnumerable>d__16<System.Reflection.MethodInfo>:MoveNext () (at ./Library/PackageCache/com.unity.test-framework@bd52b1c23814/UnityEngine.TestRunner/NUnitExtensions/Commands/BeforeAfterTestCommandBase.cs:212)
UnityEngine.TestTools.BeforeAfterTestCommandBase`1/<ExecuteEnumerable>d__16<UnityEngine.TestTools.IOuterUnityTestAction>:MoveNext () (at ./Library/PackageCache/com.unity.test-framework@bd52b1c23814/UnityEngine.TestRunner/NUnitExtensions/Commands/BeforeAfterTestCommandBase.cs:212)
UnityEngine.TestTools.RetryCommand/<ExecuteEnumerable>d__2:MoveNext () (at ./Library/PackageCache/com.unity.test-framework@bd52b1c23814/UnityEngine.TestRunner/NUnitExtensions/Commands/RetryCommand.cs:37)
UnityEngine.TestTools.RepeatCommand/<ExecuteEnumerable>d__2:MoveNext () (at ./Library/PackageCache/com.unity.test-framework@bd52b1c23814/UnityEngine.TestRunner/NUnitExtensions/Commands/RepeatCommand.cs:36)
UnityEngine.TestTools.EnumerableApplyChangesToContextCommand/<ExecuteEnumerable>d__1:MoveNext () (at ./Library/PackageCache/com.unity.test-framework@bd52b1c23814/UnityEngine.TestRunner/NUnitExtensions/Commands/EnumerableApplyChangesToContextCommand.cs:23)
UnityEngine.TestTools.IgnoreTestCommand/<ExecuteEnumerable>d__3:MoveNext () (at ./Library/PackageCache/com.unity.test-framework@bd52b1c23814/UnityEngine.TestRunner/NUnitExtensions/Commands/IgnoreTestCommand.cs:42)
UnityEngine.TestTools.StrictCheckCommand/<ExecuteEnumerable>d__2:MoveNext () (at ./Library/PackageCache/com.unity.test-framework@bd52b1c23814/UnityEngine.TestRunner/NUnitExtensions/Commands/StrictCheckCommand.cs:29)
UnityEngine.TestTools.Utils.CoroutineRunner/<WrapEnumeratorForChecks>d__8:MoveNext () (at ./Library/PackageCache/com.unity.test-framework@bd52b1c23814/UnityEngine.TestRunner/Utils/CoroutineRunner.cs:58)
UnityEngine.SetupCoroutine:InvokeMoveNext (System.Collections.IEnumerator,intptr) (at /home/bokken/build/output/unity/unity/Runtime/Export/Scripting/Coroutines.cs:17)

(Filename: Assets/Hollowmere/Tests/P3_1/PlayMode/FullQuestHeadless.cs Line: 142)

[P3.1] capture slot hash 98ff46e85f63035db9e3454a200557bd9bfa84529e465285a5d25bc6f083ae29, restore slot hash 98ff46e85f63035db9e3454a200557bd9bfa84529e465285a5d25bc6f083ae29
UnityEngine.Debug:ExtractStackTraceNoAlloc (byte*,int,string)
UnityEngine.StackTraceUtility:ExtractStackTrace () (at /home/bokken/build/output/unity/unity/Runtime/Export/Scripting/StackTrace.cs:35)
UnityEngine.DebugLogHandler:Internal_Log (UnityEngine.LogType,UnityEngine.LogOption,string,UnityEngine.Object)
UnityEngine.DebugLogHandler:LogFormat (UnityEngine.LogType,UnityEngine.Object,string,object[])
UnityEngine.Logger:Log (UnityEngine.LogType,object)
UnityEngine.Debug:Log (object)
Hollowmere.P3_1.PlayMode.Tests.FullQuestHeadless/<SaveRestoreMidQuest>d__13:MoveNext () (at Assets/Hollowmere/Tests/P3_1/PlayMode/FullQuestHeadless.cs:150)
UnityEngine.TestTools.TestEnumerator/<Execute>d__7:MoveNext () (at ./Library/PackageCache/com.unity.test-framework@bd52b1c23814/UnityEngine.TestRunner/NUnitExtensions/Attributes/TestEnumerator.cs:44)
UnityEngine.TestTools.EnumerableTestMethodCommand/<ExecuteEnumerableAndRecordExceptions>d__4:MoveNext () (at ./Library/PackageCache/com.unity.test-framework@bd52b1c23814/UnityEngine.TestRunner/NUnitExtensions/Commands/EnumerableTestMethodCommand.cs:79)
UnityEngine.TestTools.EnumerableTestMethodCommand:AdvanceEnumerator (System.Collections.IEnumerator) (at ./Library/PackageCache/com.unity.test-framework@bd52b1c23814/UnityEngine.TestRunner/NUnitExtensions/Commands/EnumerableTestMethodCommand.cs:64)
UnityEngine.TestTools.EnumerableTestMethodCommand/<ExecuteEnumerable>d__2:MoveNext () (at ./Library/PackageCache/com.unity.test-framework@bd52b1c23814/UnityEngine.TestRunner/NUnitExtensions/Commands/EnumerableTestMethodCommand.cs:47)
UnityEngine.TestRunner.NUnitExtensions.Runner.UnityLogCheckDelegatingCommand/<ExecuteEnumerable>d__3:MoveNext () (at ./Library/PackageCache/com.unity.test-framework@bd52b1c23814/UnityEngine.TestRunner/NUnitExtensions/Runner/UnityLogCheckDelegatingCommand.cs:48)
UnityEngine.TestTools.BeforeAfterTestCommandBase`1/<ExecuteEnumerable>d__16<NUnit.Framework.ITestAction>:MoveNext () (at ./Library/PackageCache/com.unity.test-framework@bd52b1c23814/UnityEngine.TestRunner/NUnitExtensions/Commands/BeforeAfterTestCommandBase.cs:212)
UnityEngine.TestTools.BeforeAfterTestCommandBase`1/<ExecuteEnumerable>d__16<System.Reflection.MethodInfo>:MoveNext () (at ./Library/PackageCache/com.unity.test-framework@bd52b1c23814/UnityEngine.TestRunner/NUnitExtensions/Commands/BeforeAfterTestCommandBase.cs:212)
UnityEngine.TestTools.BeforeAfterTestCommandBase`1/<ExecuteEnumerable>d__16<System.Reflection.MethodInfo>:MoveNext () (at ./Library/PackageCache/com.unity.test-framework@bd52b1c23814/UnityEngine.TestRunner/NUnitExtensions/Commands/BeforeAfterTestCommandBase.cs:212)
UnityEngine.TestTools.BeforeAfterTestCommandBase`1/<ExecuteEnumerable>d__16<UnityEngine.TestTools.IOuterUnityTestAction>:MoveNext () (at ./Library/PackageCache/com.unity.test-framework@bd52b1c23814/UnityEngine.TestRunner/NUnitExtensions/Commands/BeforeAfterTestCommandBase.cs:212)
UnityEngine.TestTools.RetryCommand/<ExecuteEnumerable>d__2:MoveNext () (at ./Library/PackageCache/com.unity.test-framework@bd52b1c23814/UnityEngine.TestRunner/NUnitExtensions/Commands/RetryCommand.cs:37)
UnityEngine.TestTools.RepeatCommand/<ExecuteEnumerable>d__2:MoveNext () (at ./Library/PackageCache/com.unity.test-framework@bd52b1c23814/UnityEngine.TestRunner/NUnitExtensions/Commands/RepeatCommand.cs:36)
UnityEngine.TestTools.EnumerableApplyChangesToContextCommand/<ExecuteEnumerable>d__1:MoveNext () (at ./Library/PackageCache/com.unity.test-framework@bd52b1c23814/UnityEngine.TestRunner/NUnitExtensions/Commands/EnumerableApplyChangesToContextCommand.cs:23)
UnityEngine.TestTools.IgnoreTestCommand/<ExecuteEnumerable>d__3:MoveNext () (at ./Library/PackageCache/com.unity.test-framework@bd52b1c23814/UnityEngine.TestRunner/NUnitExtensions/Commands/IgnoreTestCommand.cs:42)
UnityEngine.TestTools.StrictCheckCommand/<ExecuteEnumerable>d__2:MoveNext () (at ./Library/PackageCache/com.unity.test-framework@bd52b1c23814/UnityEngine.TestRunner/NUnitExtensions/Commands/StrictCheckCommand.cs:29)
UnityEngine.TestTools.Utils.CoroutineRunner/<WrapEnumeratorForChecks>d__8:MoveNext () (at ./Library/PackageCache/com.unity.test-framework@bd52b1c23814/UnityEngine.TestRunner/Utils/CoroutineRunner.cs:58)
UnityEngine.SetupCoroutine:InvokeMoveNext (System.Collections.IEnumerator,intptr) (at /home/bokken/build/output/unity/unity/Runtime/Export/Scripting/Coroutines.cs:17)

(Filename: Assets/Hollowmere/Tests/P3_1/PlayMode/FullQuestHeadless.cs Line: 150)

Loaded scene 'Assets/Hollowmere/Regions/ThornwickVillage.unity'
	Deserialize:            6.907 ms
	Integration:            2.666 ms
	Integration of assets:  0.414 ms
	Thread Wait Time:       4.435 ms
	Total Operation Time:   14.421 ms
Loaded scene 'Assets/Hollowmere/Regions/DrownedBelfry.unity'
	Deserialize:            3.912 ms
	Integration:            1.584 ms
	Integration of assets:  0.006 ms
	Thread Wait Time:       10.435 ms
	Total Operation Time:   15.937 ms
Unloading 69 Unused Serialized files (Serialized files now loaded: 0)
Unloading 51 unused Assets / (53.3 KB). Loaded Objects now: 7960.
Memory consumption went from 440.3 MB to 440.3 MB.
Total: 15.717721 ms (FindLiveObjects: 0.294058 ms CreateObjectMapping: 0.219306 ms MarkObjects: 15.001863 ms  DeleteObjects: 0.201607 ms)

Unloading 0 Unused Serialized files (Serialized files now loaded: 0)
Unloading 0 unused Assets / (0 B). Loaded Objects now: 7960.
Memory consumption went from 438.7 MB to 438.7 MB.
Total: 15.267802 ms (FindLiveObjects: 0.328405 ms CreateObjectMapping: 0.203520 ms MarkObjects: 14.722578 ms  DeleteObjects: 0.012625 ms)

[P3.1] save/restore: boot 252ms/2f | Maren's rumour 43ms/5f | the barn lantern 14ms/4f | Hale opens the gate 40ms/3f | the west shrine lantern 11ms/4f | the middle shrine lantern (after restore) 295ms/4f | the shrine alight (after restore) 14ms/6f | the clapper (after restore) 11ms/4f | Odd ferries to the belfry 35ms/3f | ferry 0ms/0f | the bell rings 47ms/4f
UnityEngine.Debug:ExtractStackTraceNoAlloc (byte*,int,string)
UnityEngine.StackTraceUtility:ExtractStackTrace () (at /home/bokken/build/output/unity/unity/Runtime/Export/Scripting/StackTrace.cs:35)
UnityEngine.DebugLogHandler:Internal_Log (UnityEngine.LogType,UnityEngine.LogOption,string,UnityEngine.Object)
UnityEngine.DebugLogHandler:LogFormat (UnityEngine.LogType,UnityEngine.Object,string,object[])
UnityEngine.Logger:Log (UnityEngine.LogType,object)
UnityEngine.Debug:Log (object)
Hollowmere.P3_1.PlayMode.Tests.FullQuestHeadless:Report (string) (at Assets/Hollowmere/Tests/P3_1/PlayMode/FullQuestHeadless.cs:468)
Hollowmere.P3_1.PlayMode.Tests.FullQuestHeadless/<SaveRestoreMidQuest>d__13:MoveNext () (at Assets/Hollowmere/Tests/P3_1/PlayMode/FullQuestHeadless.cs:167)
UnityEngine.TestTools.TestEnumerator/<Execute>d__7:MoveNext () (at ./Library/PackageCache/com.unity.test-framework@bd52b1c23814/UnityEngine.TestRunner/NUnitExtensions/Attributes/TestEnumerator.cs:44)
UnityEngine.TestTools.EnumerableTestMethodCommand/<ExecuteEnumerableAndRecordExceptions>d__4:MoveNext () (at ./Library/PackageCache/com.unity.test-framework@bd52b1c23814/UnityEngine.TestRunner/NUnitExtensions/Commands/EnumerableTestMethodCommand.cs:79)
UnityEngine.TestTools.EnumerableTestMethodCommand:AdvanceEnumerator (System.Collections.IEnumerator) (at ./Library/PackageCache/com.unity.test-framework@bd52b1c23814/UnityEngine.TestRunner/NUnitExtensions/Commands/EnumerableTestMethodCommand.cs:64)
UnityEngine.TestTools.EnumerableTestMethodCommand/<ExecuteEnumerable>d__2:MoveNext () (at ./Library/PackageCache/com.unity.test-framework@bd52b1c23814/UnityEngine.TestRunner/NUnitExtensions/Commands/EnumerableTestMethodCommand.cs:47)
UnityEngine.TestRunner.NUnitExtensions.Runner.UnityLogCheckDelegatingCommand/<ExecuteEnumerable>d__3:MoveNext () (at ./Library/PackageCache/com.unity.test-framework@bd52b1c23814/UnityEngine.TestRunner/NUnitExtensions/Runner/UnityLogCheckDelegatingCommand.cs:48)
UnityEngine.TestTools.BeforeAfterTestCommandBase`1/<ExecuteEnumerable>d__16<NUnit.Framework.ITestAction>:MoveNext () (at ./Library/PackageCache/com.unity.test-framework@bd52b1c23814/UnityEngine.TestRunner/NUnitExtensions/Commands/BeforeAfterTestCommandBase.cs:212)
UnityEngine.TestTools.BeforeAfterTestCommandBase`1/<ExecuteEnumerable>d__16<System.Reflection.MethodInfo>:MoveNext () (at ./Library/PackageCache/com.unity.test-framework@bd52b1c23814/UnityEngine.TestRunner/NUnitExtensions/Commands/BeforeAfterTestCommandBase.cs:212)
UnityEngine.TestTools.BeforeAfterTestCommandBase`1/<ExecuteEnumerable>d__16<System.Reflection.MethodInfo>:MoveNext () (at ./Library/PackageCache/com.unity.test-framework@bd52b1c23814/UnityEngine.TestRunner/NUnitExtensions/Commands/BeforeAfterTestCommandBase.cs:212)
UnityEngine.TestTools.BeforeAfterTestCommandBase`1/<ExecuteEnumerable>d__16<UnityEngine.TestTools.IOuterUnityTestAction>:MoveNext () (at ./Library/PackageCache/com.unity.test-framework@bd52b1c23814/UnityEngine.TestRunner/NUnitExtensions/Commands/BeforeAfterTestCommandBase.cs:212)
UnityEngine.TestTools.RetryCommand/<ExecuteEnumerable>d__2:MoveNext () (at ./Library/PackageCache/com.unity.test-framework@bd52b1c23814/UnityEngine.TestRunner/NUnitExtensions/Commands/RetryCommand.cs:37)
UnityEngine.TestTools.RepeatCommand/<ExecuteEnumerable>d__2:MoveNext () (at ./Library/PackageCache/com.unity.test-framework@bd52b1c23814/UnityEngine.TestRunner/NUnitExtensions/Commands/RepeatCommand.cs:36)
UnityEngine.TestTools.EnumerableApplyChangesToContextCommand/<ExecuteEnumerable>d__1:MoveNext () (at ./Library/PackageCache/com.unity.test-framework@bd52b1c23814/UnityEngine.TestRunner/NUnitExtensions/Commands/EnumerableApplyChangesToContextCommand.cs:23)
UnityEngine.TestTools.IgnoreTestCommand/<ExecuteEnumerable>d__3:MoveNext () (at ./Library/PackageCache/com.unity.test-framework@bd52b1c23814/UnityEngine.TestRunner/NUnitExtensions/Commands/IgnoreTestCommand.cs:42)
UnityEngine.TestTools.StrictCheckCommand/<ExecuteEnumerable>d__2:MoveNext () (at ./Library/PackageCache/com.unity.test-framework@bd52b1c23814/UnityEngine.TestRunner/NUnitExtensions/Commands/StrictCheckCommand.cs:29)
UnityEngine.TestTools.Utils.CoroutineRunner/<WrapEnumeratorForChecks>d__8:MoveNext () (at ./Library/PackageCache/com.unity.test-framework@bd52b1c23814/UnityEngine.TestRunner/Utils/CoroutineRunner.cs:58)
UnityEngine.SetupCoroutine:InvokeMoveNext (System.Collections.IEnumerator,intptr) (at /home/bokken/build/output/unity/unity/Runtime/Export/Scripting/Coroutines.cs:17)

(Filename: Assets/Hollowmere/Tests/P3_1/PlayMode/FullQuestHeadless.cs Line: 468)

Saving results to: /home/worlesenric/.config/unity3d/GameCore/Hollowmere/TestResults.xml
Saving results to: /home/worlesenric/wkspace/gc-studio/r7-c/artifacts/studio/verification/W-PLUG-11/r7-voice-fixed/results.xml
Unloading 0 Unused Serialized files (Serialized files now loaded: 0)
Loaded scene 'Temp/__Backupscenes/0.backup'
	Deserialize:            0.610 ms
	Integration:            177.476 ms
	Integration of assets:  0.001 ms
	Thread Wait Time:       0.006 ms
	Total Operation Time:   178.093 ms
Unloading 22 unused Assets / (27.0 KB). Loaded Objects now: 7538.
Memory consumption went from 360.6 MB to 360.5 MB.
Total: 20.760701 ms (FindLiveObjects: 0.303385 ms CreateObjectMapping: 0.212567 ms MarkObjects: 20.110995 ms  DeleteObjects: 0.132741 ms)

Executing IPostBuildCleanup for: Unity.PerformanceTesting.Editor.TestRunBuilder.
UnityEngine.Debug:ExtractStackTraceNoAlloc (byte*,int,string)
UnityEngine.StackTraceUtility:ExtractStackTrace () (at /home/bokken/build/output/unity/unity/Runtime/Export/Scripting/StackTrace.cs:35)
UnityEngine.DebugLogHandler:Internal_Log (UnityEngine.LogType,UnityEngine.LogOption,string,UnityEngine.Object)
UnityEngine.DebugLogHandler:LogFormat (UnityEngine.LogType,UnityEngine.Object,string,object[])
UnityEngine.Logger:Log (UnityEngine.LogType,object)
UnityEngine.Debug:Log (object)
UnityEditor.TestTools.TestRunner.TestRun.Tasks.BuildActionTaskBase`1/<ExecuteMethods>d__8<UnityEngine.TestTools.IPostBuildCleanup>:MoveNext () (at ./Library/PackageCache/com.unity.test-framework@bd52b1c23814/UnityEditor.TestRunner/TestRun/Tasks/BuildActionTaskBase.cs:48)
UnityEditor.TestTools.TestRunner.TestRun.Tasks.BuildActionTaskBase`1/<Execute>d__7<UnityEngine.TestTools.IPostBuildCleanup>:MoveNext () (at ./Library/PackageCache/com.unity.test-framework@bd52b1c23814/UnityEditor.TestRunner/TestRun/Tasks/BuildActionTaskBase.cs:34)
UnityEditor.TestTools.TestRunner.TestRun.TestJobRunner:ExecuteStep () (at ./Library/PackageCache/com.unity.test-framework@bd52b1c23814/UnityEditor.TestRunner/TestRun/TestJobRunner.cs:173)
UnityEditor.TestTools.TestRunner.TestRun.TestJobRunner:ExecuteCallback () (at ./Library/PackageCache/com.unity.test-framework@bd52b1c23814/UnityEditor.TestRunner/TestRun/TestJobRunner.cs:108)
UnityEditor.EditorApplication:Internal_CallUpdateFunctions () (at /home/bokken/build/output/unity/unity/Editor/Mono/EditorApplication.cs:384)

(Filename: ./Library/PackageCache/com.unity.test-framework@bd52b1c23814/UnityEditor.TestRunner/TestRun/Tasks/BuildActionTaskBase.cs Line: 48)

Unloading 0 Unused Serialized files (Serialized files now loaded: 0)
Unloading 0 unused Assets / (0 B). Loaded Objects now: 7543.
Memory consumption went from 354.0 MB to 354.0 MB.
Total: 21.122799 ms (FindLiveObjects: 0.260227 ms CreateObjectMapping: 0.171917 ms MarkObjects: 20.678071 ms  DeleteObjects: 0.011894 ms)

Refreshing native plugins compatible for Editor in 0.28 ms, found 1 plugins.
Preloading 0 native plugins for Editor in 0.00 ms.
Asset Pipeline Refresh (id=57c51d23e8d99719e8b72b0278203157): Total: 0.080 seconds - Initiated by StopAssetImportingV2(NoUpdateAssetOptions)
DisplayProgressbar: Undo
Test run completed. Exiting with code 0 (Ok). Run completed.
UnityEngine.Debug:ExtractStackTraceNoAlloc (byte*,int,string)
UnityEngine.StackTraceUtility:ExtractStackTrace () (at /home/bokken/build/output/unity/unity/Runtime/Export/Scripting/StackTrace.cs:35)
UnityEngine.DebugLogHandler:Internal_Log (UnityEngine.LogType,UnityEngine.LogOption,string,UnityEngine.Object)
UnityEngine.DebugLogHandler:LogFormat (UnityEngine.LogType,UnityEngine.Object,string,object[])
UnityEngine.Logger:Log (UnityEngine.LogType,object)
UnityEngine.Debug:Log (object)
UnityEditor.TestTools.TestRunner.CommandLineTest.Executer:ExitApplication (UnityEditor.TestTools.TestRunner.CommandLineTest.Executer/ReturnCodes,string) (at ./Library/PackageCache/com.unity.test-framework@bd52b1c23814/UnityEditor.TestRunner/CommandLineTest/Executer.cs:81)
UnityEditor.TestTools.TestRunner.CommandLineTest.Executer:ExitIfRunIsCompleted () (at ./Library/PackageCache/com.unity.test-framework@bd52b1c23814/UnityEditor.TestRunner/CommandLineTest/Executer.cs:74)
UnityEditor.EditorApplication:Internal_CallUpdateFunctions () (at /home/bokken/build/output/unity/unity/Editor/Mono/EditorApplication.cs:384)

(Filename: ./Library/PackageCache/com.unity.test-framework@bd52b1c23814/UnityEditor.TestRunner/CommandLineTest/Executer.cs Line: 81)

Unloading 0 Unused Serialized files (Serialized files now loaded: 0)
Unloading 4 unused Assets / (0 B). Loaded Objects now: 7544.
Memory consumption went from 373.9 MB to 373.9 MB.
Total: 22.813592 ms (FindLiveObjects: 0.276044 ms CreateObjectMapping: 0.199939 ms MarkObjects: 22.309626 ms  DeleteObjects: 0.026957 ms)

[Physics::Module] Cleanup current backned.
[Physics::Module] Id: 0xf2b8ea05
Input System module state changed to: ShutdownInProgress.
Input System polling thread exited.
Input System module state changed to: Shutdown.
[Licensing::IpcConnector] LicenseClient-worlesenric-notifications channel disconnected successfully.
[Licensing::IpcConnector] LicenseClient-worlesenric channel disconnected successfully.
AcceleratorClientConnectionCallback - disconnected - :0
[40m[32minfo[39m[22m[49m: Microsoft.Hosting.Lifetime[0]
      Application is shutting down...
[40m[32minfo[39m[22m[49m: Unity.ILPP.Runner.PostProcessingAssemblyLoadContext[0]
      ALC ILPP context 1 is unloading
Cleanup mono
debugger-agent: Unable to listen on 54
[Package Manager] Server process was shutdown
Checking for leaked weakptr:
  Found no leaked weakptrs.
##utp:{"type": "MemoryLeaks", "version": 2, "phase": "Immediate", "time": 1791323630716, "processId": 4183437, "allocatedMemory": 16198440, "memoryLabels": [{"Default": 13965}, {"Permanent": 16147}, {"Thread": 1084616}, {"Manager": 3081329}, {"VertexData": 8}, {"Geometry": 408}, {"VFX": -104}, {"Texture": 296}, {"Shader": 79875}, {"Material": 24}, {"GfxDevice": 36048}, {"Animation": 456}, {"Audio": 4032}, {"Font": 1782565}, {"FreeType": 63500}, {"FontEngine": 320}, {"Physics": 2081}, {"Serialization": 376}, {"Input": 26752}, {"JobScheduler": 33024}, {"TextLib": 160}, {"Mono": 32}, {"MonoCode": 96}, {"ScriptingNativeRuntime": 155096}, {"BaseObject": 1622832}, {"Resource": 1032}, {"Renderer": 2928}, {"Transform": 4678}, {"File": 18374}, {"WebCam": 80}, {"Culling": 32}, {"Terrain": 11298}, {"Wind": 24}, {"String": 13024}, {"DynamicArray": 108165}, {"HashMap": 126847}, {"Utility": 2665104}, {"PoolAlloc": 4112}, {"AI": 72}, {"TypeTree": 5005}, {"ScriptManager": 512}, {"RuntimeInitializeOnLoadManager": 64}, {"SpriteAtlas": 112}, {"GI": 7448}, {"Director": 8208}, {"WebRequest": 808}, {"VR": 45689}, {"SceneManager": 528}, {"Video": 64}, {"LazyScriptCache": 32}, {"NativeArray": 1080}, {"Camera": 17}, {"Secure": 265}, {"SerializationCache": 1576}, {"APIUpdating": 10320}, {"Subsystems": 336}, {"VirtualTexturing": 57552}, {"StaticSafetyDebugInfo": 278528}, {"Analytics": 256}, {"Hierarchy": 832}, {"CoreStats": 12456}, {"Identifiers": 12384}, {"Gui": 112}, {"EditorUtility": 36757}, {"VersionControl": 4}, {"Undo": 979}, {"AssetDatabase": 4716658}, {"EditorGi": 328}, {"UnityConnect": 24816}, {"Upm": 1852}, {"DrivenProperties": 72}, {"LocalIPC": 210}, {"ProfilerEditor": 9746}, {"CoreBusinessMetrics": 2378}, {"Licensing": 688}, {"AssetReference": 32}, {"IPCStream": 32}]}
